{
  "rows": [
    {
      "id": "iot-sensor-2l-1k",
      "ref": 7.5,
      "v2": 11.46,
      "v2Err": 0.5280000000000001,
      "v1": 12.45,
      "v1Err": 0.6594201036886636,
      "tol": 0.4
    },
    {
      "id": "auto-ecu-4l-150k-cn",
      "ref": 16,
      "v2": 16.97,
      "v2Err": 0.06062499999999993,
      "v1": 14.93,
      "v1Err": -0.06711496844670062,
      "tol": 0.35
    },
    {
      "id": "auto-ecu-4l-150k-de",
      "ref": 20,
      "v2": 25.91,
      "v2Err": 0.2955,
      "v1": 14.93,
      "v1Err": -0.2536919747573605,
      "tol": 0.35
    },
    {
      "id": "sbc-6l-10k",
      "ref": 27,
      "v2": 34.84,
      "v2Err": 0.2903703703703705,
      "v1": 33.47,
      "v1Err": 0.23971003599849605,
      "tol": 0.35
    }
  ],
  "v2Mape": 0.29362384259259267,
  "v1Mape": 0.3049842707228052,
  "v2Hits": 3,
  "v1Hits": 3,
  "total": 4
}