kind,id,name,current,new,change %,unit,decision,basis,source
"material","mat-dc01","DC01","5.57","3.24","-41.83","¥/kg","updated","CR coil (DC01 / DC04) — direct","https://www.mysteel.com/hot/563511.html (2026-10-09)"
"material","mat-dc04","DC04 (CR4 Deep-Drawing)","5.57","3.24","-41.83","¥/kg","updated","CR coil (DC01 / DC04) — direct","https://www.mysteel.com/hot/563511.html (2026-10-09)"
"material","mat-dc05","DC05 (Extra-Deep-Drawing)","5.57","3.24","-41.83","¥/kg","updated","CR automotive grades — ladder ×1.000 (book £0.8 ÷ base £0.84)","https://www.mysteel.com/hot/563511.html (2026-10-09) ; https://m.mysteel.com/hot/426801.html (2026-10-10)"
"material","mat-dc06","DC06 (Super-Deep-Drawing IF)","5.64","3.28","-41.84","¥/kg","updated","CR automotive grades — ladder ×1.012 (book £0.85 ÷ base £0.84)","https://www.mysteel.com/hot/563511.html (2026-10-09) ; https://m.mysteel.com/hot/426801.html (2026-10-10)"
"material","mat-if-dx56","DX56D IF (Interstitial-Free)","6.63","3.86","-41.78","¥/kg","updated","CR automotive grades — ladder ×1.190 (book £1 ÷ base £0.84)","https://www.mysteel.com/hot/563511.html (2026-10-09) ; https://m.mysteel.com/hot/426801.html (2026-10-10)"
"material","mat-if-hs260","IF-HS 260 (High-Strength IF)","7.5","4.36","-41.87","¥/kg","updated","CR automotive grades — ladder ×1.345 (book £1.13 ÷ base £0.84)","https://www.mysteel.com/hot/563511.html (2026-10-09) ; https://m.mysteel.com/hot/426801.html (2026-10-10)"
"material","mat-bh260","BH260 (Bake-Hardening)","7.3","4.24","-41.92","¥/kg","updated","CR automotive grades — ladder ×1.310 (book £1.1 ÷ base £0.84)","https://www.mysteel.com/hot/563511.html (2026-10-09) ; https://m.mysteel.com/hot/426801.html (2026-10-10)"
"material","mat-greensteel-dc01","Low-CO₂ ""Green"" Steel (H₂-DRI, DC01 equiv.)","7.3","4.24","-41.92","¥/kg","updated","CR automotive grades — ladder ×1.310 (book £1.1 ÷ base £0.84)","https://www.mysteel.com/hot/563511.html (2026-10-09) ; https://m.mysteel.com/hot/426801.html (2026-10-10)"
"material","mat-hsla340","HSLA 340","7.89","4.59","-41.83","¥/kg","updated","CR automotive grades — ladder ×1.417 (book £1.19 ÷ base £0.84)","https://www.mysteel.com/hot/563511.html (2026-10-09) ; https://m.mysteel.com/hot/426801.html (2026-10-10)"
"material","mat-hsla420","HSLA 420 Sheet","8.56","4.97","-41.94","¥/kg","updated","CR automotive grades — ladder ×1.536 (book £1.29 ÷ base £0.84)","https://www.mysteel.com/hot/563511.html (2026-10-09) ; https://m.mysteel.com/hot/426801.html (2026-10-10)"
"material","mat-hsla550","HSLA 550","9.22","5.36","-41.87","¥/kg","updated","CR automotive grades — ladder ×1.655 (book £1.39 ÷ base £0.84)","https://www.mysteel.com/hot/563511.html (2026-10-09) ; https://m.mysteel.com/hot/426801.html (2026-10-10)"
"material","mat-dp600","DP600","8.62","5.01","-41.88","¥/kg","updated","CR automotive grades — ladder ×1.548 (book £1.3 ÷ base £0.84)","https://www.mysteel.com/hot/563511.html (2026-10-09) ; https://m.mysteel.com/hot/426801.html (2026-10-10)"
"material","mat-dp780","DP780","9.09","5.28","-41.91","¥/kg","updated","CR automotive grades — ladder ×1.631 (book £1.37 ÷ base £0.84)","https://www.mysteel.com/hot/563511.html (2026-10-09) ; https://m.mysteel.com/hot/426801.html (2026-10-10)"
"material","mat-dp980","DP980","9.95","5.78","-41.91","¥/kg","updated","CR automotive grades — ladder ×1.786 (book £1.5 ÷ base £0.84)","https://www.mysteel.com/hot/563511.html (2026-10-09) ; https://m.mysteel.com/hot/426801.html (2026-10-10)"
"material","mat-dp1000","DP1000","10.41","6.05","-41.88","¥/kg","updated","CR automotive grades — ladder ×1.869 (book £1.57 ÷ base £0.84)","https://www.mysteel.com/hot/563511.html (2026-10-09) ; https://m.mysteel.com/hot/426801.html (2026-10-10)"
"material","mat-trip780","TRIP780","9.62","5.59","-41.89","¥/kg","updated","CR automotive grades — ladder ×1.726 (book £1.45 ÷ base £0.84)","https://www.mysteel.com/hot/563511.html (2026-10-09) ; https://m.mysteel.com/hot/426801.html (2026-10-10)"
"material","mat-cp800","CP800 (Complex Phase)","9.49","5.51","-41.94","¥/kg","updated","CR automotive grades — ladder ×1.702 (book £1.43 ÷ base £0.84)","https://www.mysteel.com/hot/563511.html (2026-10-09) ; https://m.mysteel.com/hot/426801.html (2026-10-10)"
"material","mat-ms1200","MS1200 (Martensitic)","10.61","6.17","-41.85","¥/kg","updated","CR automotive grades — ladder ×1.905 (book £1.6 ÷ base £0.84)","https://www.mysteel.com/hot/563511.html (2026-10-09) ; https://m.mysteel.com/hot/426801.html (2026-10-10)"
"material","mat-ms1300","MS1300 (Martensitic)","11.08","6.44","-41.88","¥/kg","updated","CR automotive grades — ladder ×1.988 (book £1.67 ÷ base £0.84)","https://www.mysteel.com/hot/563511.html (2026-10-09) ; https://m.mysteel.com/hot/426801.html (2026-10-10)"
"material","mat-ms1500","MS1500 (Martensitic)","11.74","6.83","-41.82","¥/kg","updated","CR automotive grades — ladder ×2.107 (book £1.77 ÷ base £0.84)","https://www.mysteel.com/hot/563511.html (2026-10-09) ; https://m.mysteel.com/hot/426801.html (2026-10-10)"
"material","mat-qp980","QP980 (Quench & Partition)","11.48","6.67","-41.9","¥/kg","updated","CR automotive grades — ladder ×2.060 (book £1.73 ÷ base £0.84)","https://www.mysteel.com/hot/563511.html (2026-10-09) ; https://m.mysteel.com/hot/426801.html (2026-10-10)"
"material","mat-medmn1180","Medium-Mn 1180","11.94","6.94","-41.88","¥/kg","updated","CR automotive grades — ladder ×2.143 (book £1.8 ÷ base £0.84)","https://www.mysteel.com/hot/563511.html (2026-10-09) ; https://m.mysteel.com/hot/426801.html (2026-10-10)"
"material","mat-22mnb5","22MnB5 (Hot Press Forming / Boron Steel)","11.87","6.9","-41.87","¥/kg","updated","CR automotive grades — ladder ×2.131 (book £1.79 ÷ base £0.84)","https://www.mysteel.com/hot/563511.html (2026-10-09) ; https://m.mysteel.com/hot/426801.html (2026-10-10)"
"material","mat-usibor1500","Usibor 1500 (AlSi-coated 22MnB5)","13.27","7.71","-41.9","¥/kg","updated","CR automotive grades — ladder ×2.381 (book £2 ÷ base £0.84)","https://www.mysteel.com/hot/563511.html (2026-10-09) ; https://m.mysteel.com/hot/426801.html (2026-10-10)"
"material","mat-usibor2000","Usibor 2000","15.92","9.25","-41.9","¥/kg","updated","CR automotive grades — ladder ×2.857 (book £2.4 ÷ base £0.84)","https://www.mysteel.com/hot/563511.html (2026-10-09) ; https://m.mysteel.com/hot/426801.html (2026-10-10)"
"material","mat-c67s-spring","C67S / 1.1231 (CR Spring Strip)","10.61","6.17","-41.85","¥/kg","updated","CR automotive grades — ladder ×1.905 (book £1.6 ÷ base £0.84)","https://www.mysteel.com/hot/563511.html (2026-10-09) ; https://m.mysteel.com/hot/426801.html (2026-10-10)"
"material","mat-hrpo","HRPO (Hot Rolled Pickled & Oiled)","5.68","3.14","-44.72","¥/kg","updated","HR pickled & oiled — direct","https://m.mysteel.com/hot/1478441.html (2026-09-18)"
"material","mat-s355mc","S355MC Hot-Rolled Structural (EN 10149-2) — chassis, frames","5.9","3","-49.15","¥/kg","updated","HR structural — ladder ×1.039 (book £0.8 ÷ base £0.77)","https://m.mysteel.com/hot/11675.html (2026-10-09)"
"material","mat-s420mc","S420MC Hot-Rolled Structural (EN 10149-2)","6.04","3.07","-49.17","¥/kg","updated","HR structural — ladder ×1.065 (book £0.82 ÷ base £0.77)","https://m.mysteel.com/hot/11675.html (2026-10-09)"
"material","mat-dc01-gi","DC01 GI (Hot-dip Galvanised)","5.57","3.5","-37.16","¥/kg","updated","Coated sheet — ladder ×1.000 (book £1.11 ÷ base £1.11)","https://m.mysteel.com/hot/39907.html (2026-09-29)"
"material","mat-dc03-ga","DC03 GA (Galvannealed)","5.77","3.62","-37.26","¥/kg","updated","Coated sheet — ladder ×1.036 (book £1.15 ÷ base £1.11)","https://m.mysteel.com/hot/39907.html (2026-09-29)"
"material","mat-dc01-ze","DC01+ZE (Electrogalvanised)","5.57","3.5","-37.16","¥/kg","updated","Coated sheet — ladder ×1.000 (book £0.98 ÷ base £1.11)","https://m.mysteel.com/hot/39907.html (2026-09-29)"
"material","mat-znni-eg","Zn-Ni Electrogalvanised","6.18","3.87","-37.38","¥/kg","updated","Coated sheet — ladder ×1.108 (book £1.23 ÷ base £1.11)","https://m.mysteel.com/hot/39907.html (2026-09-29)"
"material","mat-zm-coated","ZM (Zn-Mg-Al) Coated","6.02","3.78","-37.21","¥/kg","updated","Coated sheet — ladder ×1.081 (book £1.2 ÷ base £1.11)","https://m.mysteel.com/hot/39907.html (2026-09-29)"
"material","mat-tinplate-etp","Tinplate (ETP)","6.77","4.25","-37.22","¥/kg","updated","Coated sheet — ladder ×1.216 (book £1.35 ÷ base £1.11)","https://m.mysteel.com/hot/39907.html (2026-09-29)"
"material","mat-steel1045","1045 / C45 / 080M46 (Medium-Carbon Steel)","7","3.26","-53.43","¥/kg","updated","45# medium-carbon bar — direct","https://m.mysteel.com/hot/78153.html (2026-09-24)"
"material","mat-steel-c45","C45 / 1045 / CK45 (medium-carbon forging steel)","6.34","3.26","-48.58","¥/kg","updated","45# medium-carbon bar — direct","https://m.mysteel.com/hot/78153.html (2026-09-24)"
"material","mat-en8","EN8 / 080M40 (Medium Carbon)","7.22","3.26","-54.85","¥/kg","updated","45# medium-carbon bar — direct","https://m.mysteel.com/hot/78153.html (2026-09-24)"
"material","mat-steel-c35","C35 / 1035 (medium-carbon forging steel)","6.26","3.22","-48.56","¥/kg","updated","Carbon / micro-alloyed bar — ladder ×0.988 (book £0.85 ÷ base £0.86)","https://m.mysteel.com/hot/78153.html (2026-09-24)"
"material","mat-steel1020","1020 / S20C","6.04","3.11","-48.51","¥/kg","updated","Carbon / micro-alloyed bar — ladder ×0.953 (book £0.82 ÷ base £0.86)","https://m.mysteel.com/hot/78153.html (2026-09-24)"
"material","mat-steel-a105","ASTM A105 (carbon steel for flanges and valve bodies)","6.19","3.18","-48.63","¥/kg","updated","Carbon / micro-alloyed bar — ladder ×0.977 (book £0.84 ÷ base £0.86)","https://m.mysteel.com/hot/78153.html (2026-09-24)"
"material","mat-steel-c70s6","C70S6 (fracture-split con-rod steel)","6.78","3.48","-48.67","¥/kg","updated","Carbon / micro-alloyed bar — ladder ×1.070 (book £0.92 ÷ base £0.86)","https://m.mysteel.com/hot/78153.html (2026-09-24)"
"material","mat-steel1141","1141 / 1144 (Free-Machining)","7.74","3.98","-48.58","¥/kg","updated","Carbon / micro-alloyed bar — ladder ×1.221 (book £1.05 ÷ base £0.86)","https://m.mysteel.com/hot/78153.html (2026-09-24)"
"material","mat-steel-en3-bar","EN3B / 1020 / S235 Bright Mild Steel Bar","6.93","3.56","-48.63","¥/kg","updated","Carbon / micro-alloyed bar — ladder ×1.093 (book £0.94 ÷ base £0.86)","https://m.mysteel.com/hot/78153.html (2026-09-24)"
"material","mat-steel-11smnpb30","11SMnPb30 / 12L14 Free-Cutting Steel Bar","8.62","4.43","-48.61","¥/kg","updated","Carbon / micro-alloyed bar — ladder ×1.360 (book £1.17 ÷ base £0.86)","https://m.mysteel.com/hot/78153.html (2026-09-24)"
"material","mat-steel-30mnvs6","30MnVS6 / 46MnVS3 (microalloyed, controlled-cooled)","8.48","4.36","-48.58","¥/kg","updated","Carbon / micro-alloyed bar — ladder ×1.337 (book £1.15 ÷ base £0.86)","https://m.mysteel.com/hot/78153.html (2026-09-24)"
"material","mat-steel-38mnvs6","38MnVS6 (Microalloyed)","8.48","4.36","-48.58","¥/kg","updated","Carbon / micro-alloyed bar — ladder ×1.337 (book £1.15 ÷ base £0.86)","https://m.mysteel.com/hot/78153.html (2026-09-24)"
"material","mat-steel-41cr4","41Cr4 / 5140 / 1.7035 (Cr QT steel)","10.91","3.45","-68.38","¥/kg","updated","40Cr — direct","https://m.mysteel.com/hot/13617.html (2026-09-24)"
"material","mat-steel-42crmo4","42CrMo4 / 4140 / 1.7225 (Cr-Mo QT steel)","11.87","4.28","-63.94","¥/kg","updated","42CrMo — direct","https://m.mysteel.com/hot/78153.html (2026-09-24)"
"material","mat-steel4140","4140 / 42CrMo4 / EN19 (Chromoly Alloy Steel)","8.92","4.28","-52.02","¥/kg","updated","42CrMo — direct","https://m.mysteel.com/hot/78153.html (2026-09-24)"
"material","mat-steel-20mncr5","20MnCr5 (Gear Steel)","10.91","3.65","-66.54","¥/kg","updated","Case-hardening bar — direct","https://m.mysteel.com/hot/78153.html (2026-09-24)"
"material","mat-steel-16mncr5","16MnCr5 / 1.7131 (case-hardening)","10.91","3.65","-66.54","¥/kg","updated","Case-hardening bar — direct","https://m.mysteel.com/hot/78153.html (2026-09-24)"
"material","mat-steel-52100","52100 / 100Cr6 (Bearing Steel)","12.53","5.27","-57.94","¥/kg","updated","Bearing steel — direct","https://m.mysteel.com/hot/13792.html (2026-09-23)"
"material","mat-steel4340","4340 / EN24 / 817M40 (Ni-Cr-Mo Alloy Steel)","10.69","3.86","-63.89","¥/kg","updated","Ni-Cr-Mo / Cr-Mo alloy bar — ladder ×0.901 (book £1.45 ÷ base £1.61)","https://m.mysteel.com/hot/78153.html (2026-09-24)"
"material","mat-steel4130","4130 / 25CrMo4","11.79","4.26","-63.87","¥/kg","updated","Ni-Cr-Mo / Cr-Mo alloy bar — ladder ×0.994 (book £1.6 ÷ base £1.61)","https://m.mysteel.com/hot/78153.html (2026-09-24)"
"material","mat-steel8620","8620 (Case-Hardening)","11.06","3.99","-63.92","¥/kg","updated","Ni-Cr-Mo / Cr-Mo alloy bar — ladder ×0.932 (book £1.5 ÷ base £1.61)","https://m.mysteel.com/hot/78153.html (2026-09-24)"
"material","mat-steel-34crnimo6","34CrNiMo6 / 1.6582 (Ni-Cr-Mo QT steel)","13.34","4.82","-63.87","¥/kg","updated","Ni-Cr-Mo / Cr-Mo alloy bar — ladder ×1.124 (book £1.81 ÷ base £1.61)","https://m.mysteel.com/hot/78153.html (2026-09-24)"
"material","mat-steel-18crnimo7-6","18CrNiMo7-6 / 1.6587 (case-hardening, heavy gears)","13.78","4.97","-63.93","¥/kg","updated","Ni-Cr-Mo / Cr-Mo alloy bar — ladder ×1.161 (book £1.87 ÷ base £1.61)","https://m.mysteel.com/hot/78153.html (2026-09-24)"
"material","mat-steel-f22","ASTM A182 F22 (2.25Cr-1Mo, pressure forgings)","15.48","5.59","-63.89","¥/kg","updated","Ni-Cr-Mo / Cr-Mo alloy bar — ladder ×1.304 (book £2.1 ÷ base £1.61)","https://m.mysteel.com/hot/78153.html (2026-09-24)"
"material","mat-steel-300m","300M (UHS Aerospace)","28.01","10.11","-63.91","¥/kg","updated","Ni-Cr-Mo / Cr-Mo alloy bar — ladder ×2.360 (book £3.8 ÷ base £1.61)","https://m.mysteel.com/hot/78153.html (2026-09-24)"
"material","mat-ss304-bar","304 Stainless Bar","26.02","12.17","-53.23","¥/kg","updated","304 stainless bar — direct","https://m.mysteel.com/hot/567231.html (2026-09-30)"
"material","mat-ss304l-bar","304L (Austenitic Stainless Bar)","34.86","12.17","-65.09","¥/kg","updated","304 stainless bar — direct","https://m.mysteel.com/hot/567231.html (2026-09-30)"
"material","mat-ss303","303 Free-Machining Stainless Bar","28.23","13.2","-53.24","¥/kg","updated","303 free-machining bar — ladder ×1.085 (book £3.83 ÷ base £3.53)","https://m.mysteel.com/hot/567231.html (2026-09-30)"
"material","mat-ss316-sheet","AISI 316L Stainless Sheet","27.17","26.5","-2.47","¥/kg","updated","316L — direct","https://list1.m.mysteel.com/zhishi/316bxglsjg.html (2026-09-30)"
"material","mat-ss316l","316L","29.11","26.5","-8.97","¥/kg","updated","316L — direct","https://list1.m.mysteel.com/zhishi/316bxglsjg.html (2026-09-30)"
"material","mat-ss316l-bar","316L (Austenitic Stainless Bar)","46.65","26.5","-43.19","¥/kg","updated","316L — direct","https://list1.m.mysteel.com/zhishi/316bxglsjg.html (2026-09-30)"
"material","mat-ss304-sheet","304L Stainless Sheet","17.22","12.76","-25.9","¥/kg","updated","304 sheet — direct","https://list1.mysteel.com/zhishi/wx304bxgjgzxxqzs.html (2026-10-08) ; https://www.ccmn.cn/bxg/304/ (2026-09 (late; date not shown in result))"
"material","mat-ss301-spring","301 Spring-Temper Stainless Strip","33.39","16.56","-50.4","¥/kg","updated","301 spring strip — ladder ×1.298 (book £4.53 ÷ base £3.49)","https://list1.mysteel.com/zhishi/wx304bxgjgzxxqzs.html (2026-10-08)"
"material","mat-aisi430","AISI 430 Ferritic SS Sheet","9.92","6.73","-32.16","¥/kg","updated","430 ferritic sheet — direct","https://m.mysteel.com/hot/580230.html (2026-10-09)"
"material","mat-ss409l-sheet","409L / 1.4512 Ferritic Stainless Sheet (exhaust)","9.52","6.68","-29.83","¥/kg","updated","409L / 441 ferritic sheet — ladder ×1.000 (book £2.85 ÷ base £2.85)","https://hq.smm.cn/h5/sus-400sus-price (2026-06)"
"material","mat-ss441-sheet","441 / 1.4509 Ferritic Stainless Sheet (hot exhaust)","10.55","7.41","-29.76","¥/kg","updated","409L / 441 ferritic sheet — ladder ×1.109 (book £3.16 ÷ base £2.85)","https://hq.smm.cn/h5/sus-400sus-price (2026-06)"
"material","mat-ss410-bar","410 (Martensitic Stainless Bar)","26.75","8.22","-69.27","¥/kg","updated","Martensitic stainless bar (410 / 416 / 420 / 431) — ladder ×1.222 (book £3.63 ÷ base £2.97)","https://m.mysteel.com/hot/580230.html (2026-10-09)"
"material","mat-ss416-bar","416 / 1.4005 Free-Machining Martensitic Stainless Bar","28.97","8.9","-69.28","¥/kg","updated","Martensitic stainless bar (410 / 416 / 420 / 431) — ladder ×1.323 (book £3.93 ÷ base £2.97)","https://m.mysteel.com/hot/580230.html (2026-10-09)"
"material","mat-ss420-bar","420 / 1.4021 (martensitic stainless forging bar)","26.83","8.24","-69.29","¥/kg","updated","Martensitic stainless bar (410 / 416 / 420 / 431) — ladder ×1.226 (book £3.64 ÷ base £2.97)","https://m.mysteel.com/hot/580230.html (2026-10-09)"
"material","mat-ss431-bar","431 / 1.4057 (martensitic Ni stainless forging bar)","29.11","8.95","-69.25","¥/kg","updated","Martensitic stainless bar (410 / 416 / 420 / 431) — ladder ×1.330 (book £3.95 ÷ base £2.97)","https://m.mysteel.com/hot/580230.html (2026-10-09)"
"material","mat-nogo-m270-35a","M270-35A Non-Oriented Electrical (0.35mm)","11.72","5.18","-55.8","¥/kg","updated","NO electrical steel 0.35 mm — direct","https://m.mysteel.com/hot/3849.html (2026-09-20)"
"material","mat-m330-35a","M330-35A NO Electrical (0.35mm)","12.82","5.18","-59.59","¥/kg","updated","NO electrical steel 0.35 mm — direct","https://m.mysteel.com/hot/3849.html (2026-09-20)"
"material","mat-m235-35a","M235-35A NO Electrical (0.35mm, premium low-loss)","14.67","5.92","-59.65","¥/kg","updated","NO electrical steel, premium / thin / high-strength — ladder ×1.144 (book £1.99 ÷ base £1.74)","https://m.mysteel.com/hot/3849.html (2026-09-20)"
"material","mat-no27-27a","NO27 (0.27mm EV Traction)","17.98","7.26","-59.62","¥/kg","updated","NO electrical steel, premium / thin / high-strength — ladder ×1.402 (book £2.44 ÷ base £1.74)","https://m.mysteel.com/hot/3849.html (2026-09-20)"
"material","mat-no25-25a","NO25 (0.25mm EV Traction)","20.19","8.15","-59.63","¥/kg","updated","NO electrical steel, premium / thin / high-strength — ladder ×1.575 (book £2.74 ÷ base £1.74)","https://m.mysteel.com/hot/3849.html (2026-09-20)"
"material","mat-no20-20a","NO20 (0.20mm High-Speed EV/aero)","25.35","10.23","-59.64","¥/kg","updated","NO electrical steel, premium / thin / high-strength — ladder ×1.977 (book £3.44 ÷ base £1.74)","https://m.mysteel.com/hot/3849.html (2026-09-20)"
"material","mat-no15-15a","NO15 Ultra-Thin NO Electrical (0.15mm)","29.04","11.72","-59.64","¥/kg","updated","NO electrical steel, premium / thin / high-strength — ladder ×2.264 (book £3.94 ÷ base £1.74)","https://m.mysteel.com/hot/3849.html (2026-09-20)"
"material","mat-no10-10a","NO10 Ultra-Thin NO Electrical (0.10mm)","40.83","16.48","-59.64","¥/kg","updated","NO electrical steel, premium / thin / high-strength — ladder ×3.184 (book £5.54 ÷ base £1.74)","https://m.mysteel.com/hot/3849.html (2026-09-20)"
"material","mat-hsno-rotor-700","High-Strength NO Electrical (~700 MPa, 0.30mm rotor)","19.46","7.85","-59.66","¥/kg","updated","NO electrical steel, premium / thin / high-strength — ladder ×1.517 (book £2.64 ÷ base £1.74)","https://m.mysteel.com/hot/3849.html (2026-09-20)"
"material","mat-hsno-rotor-960","Ultra-High-Strength NO Electrical (~960 MPa, 0.20–0.27mm rotor)","23.88","9.64","-59.63","¥/kg","updated","NO electrical steel, premium / thin / high-strength — ladder ×1.862 (book £3.24 ÷ base £1.74)","https://m.mysteel.com/hot/3849.html (2026-09-20)"
"material","mat-uhsno-1100","Ultra-High-Strength NO Electrical (~1100 MPa, 30k-rpm rotor)","26.83","10.83","-59.63","¥/kg","updated","NO electrical steel, premium / thin / high-strength — ladder ×2.092 (book £3.64 ÷ base £1.74)","https://m.mysteel.com/hot/3849.html (2026-09-20)"
"material","mat-m700-65a","M700-65A NO Electrical (0.65mm, mains)","8.4","3.94","-53.1","¥/kg","updated","NO electrical steel 0.50 / 0.65 mm — ladder ×1.000 (book £1.14 ÷ base £1.14)","https://m.mysteel.com/hot/3849.html (2026-09-20)"
"material","mat-m600-50a","M600-50A NO Electrical (0.50mm, economy)","8.77","4.11","-53.14","¥/kg","updated","NO electrical steel 0.50 / 0.65 mm — ladder ×1.044 (book £1.19 ÷ base £1.14)","https://m.mysteel.com/hot/3849.html (2026-09-20)"
"material","mat-m470-50a","M470-50A NO Electrical (0.50mm)","9.14","4.28","-53.17","¥/kg","updated","NO electrical steel 0.50 / 0.65 mm — ladder ×1.088 (book £1.24 ÷ base £1.14)","https://m.mysteel.com/hot/3849.html (2026-09-20)"
"material","mat-nogo-m400-50a","M400-50A Non-Oriented Electrical (0.50mm)","9.51","4.46","-53.1","¥/kg","updated","NO electrical steel 0.50 / 0.65 mm — ladder ×1.132 (book £1.29 ÷ base £1.14)","https://m.mysteel.com/hot/3849.html (2026-09-20)"
"material","mat-m250-50a","M250-50A NO Electrical (0.50mm, low-loss)","10.76","5.04","-53.16","¥/kg","updated","NO electrical steel 0.50 / 0.65 mm — ladder ×1.281 (book £1.46 ÷ base £1.14)","https://m.mysteel.com/hot/3849.html (2026-09-20)"
"material","mat-no-semiproc-50","Semi-Processed NO Electrical (0.50mm)","8.03","3.94","-50.93","¥/kg","updated","NO electrical steel 0.50 / 0.65 mm — ladder ×1.000 (book £1.09 ÷ base £1.14)","https://m.mysteel.com/hot/3849.html (2026-09-20)"
"material","mat-gjs500","EN-GJS-500-7 (Ductile Iron)","2.12","2.69","26.89","¥/kg","updated","Ductile / CGI / ADI / SiMo iron (charge) — ladder +£0.000/kg (book £0.86 − base £0.86) = +¥0.00","https://m.mysteel.com/hot/1487195.html (2026-09-30) ; https://m.mysteel.com/hot/1487195.html (2026-09-30) ; https://news.mysteel.com/a/26100711/92F88C485B219078.html (2026-10-07)"
"material","mat-gjs400","EN-GJS-400-15 (Ductile Iron)","1.82","2.33","28.02","¥/kg","updated","Ductile / CGI / ADI / SiMo iron (charge) — ladder +£-0.040/kg (book £0.82 − base £0.86) = +¥-0.36","https://m.mysteel.com/hot/1487195.html (2026-09-30) ; https://m.mysteel.com/hot/1487195.html (2026-09-30) ; https://news.mysteel.com/a/26100711/92F88C485B219078.html (2026-10-07)"
"material","mat-gjs450-ssf","EN-GJS-450-10 (solution-strengthened ferritic ductile, EN 1563:2018)","1.89","2.42","28.04","¥/kg","updated","Ductile / CGI / ADI / SiMo iron (charge) — ladder +£-0.030/kg (book £0.83 − base £0.86) = +¥-0.27","https://m.mysteel.com/hot/1487195.html (2026-09-30) ; https://m.mysteel.com/hot/1487195.html (2026-09-30) ; https://news.mysteel.com/a/26100711/92F88C485B219078.html (2026-10-07)"
"material","mat-gjs500-14","EN-GJS-500-14 (solution-strengthened ferritic ductile, EN 1563:2018 — knuckles, carriers)","1.97","2.51","27.41","¥/kg","updated","Ductile / CGI / ADI / SiMo iron (charge) — ladder +£-0.020/kg (book £0.84 − base £0.86) = +¥-0.18","https://m.mysteel.com/hot/1487195.html (2026-09-30) ; https://m.mysteel.com/hot/1487195.html (2026-09-30) ; https://news.mysteel.com/a/26100711/92F88C485B219078.html (2026-10-07)"
"material","mat-gjs600","EN-GJS-600-3 (Ductile Iron Hi-Strength)","2.41","3.05","26.56","¥/kg","updated","Ductile / CGI / ADI / SiMo iron (charge) — ladder +£0.040/kg (book £0.9 − base £0.86) = +¥0.36","https://m.mysteel.com/hot/1487195.html (2026-09-30) ; https://m.mysteel.com/hot/1487195.html (2026-09-30) ; https://news.mysteel.com/a/26100711/92F88C485B219078.html (2026-10-07)"
"material","mat-gjs700","EN-GJS-700-2 (Ductile Iron Hi-Strength)","2.78","3.49","25.54","¥/kg","updated","Ductile / CGI / ADI / SiMo iron (charge) — ladder +£0.090/kg (book £0.95 − base £0.86) = +¥0.80","https://m.mysteel.com/hot/1487195.html (2026-09-30) ; https://m.mysteel.com/hot/1487195.html (2026-09-30) ; https://news.mysteel.com/a/26100711/92F88C485B219078.html (2026-10-07)"
"material","mat-gjs350-lt","EN-GJS-350-22-LT (low-temperature ferritic ductile — wind hubs, impact-tested parts)","2.19","2.78","26.94","¥/kg","updated","Ductile / CGI / ADI / SiMo iron (charge) — ladder +£0.010/kg (book £0.87 − base £0.86) = +¥0.09","https://m.mysteel.com/hot/1487195.html (2026-09-30) ; https://m.mysteel.com/hot/1487195.html (2026-09-30) ; https://news.mysteel.com/a/26100711/92F88C485B219078.html (2026-10-07)"
"material","mat-simo","EN-GJS-SiMo (Heat-Resistant Ductile)","5.73","7.04","22.86","¥/kg","updated","Ductile / CGI / ADI / SiMo iron (charge) — ladder +£0.490/kg (book £1.35 − base £0.86) = +¥4.35","https://m.mysteel.com/hot/1487195.html (2026-09-30) ; https://m.mysteel.com/hot/1487195.html (2026-09-30) ; https://news.mysteel.com/a/26100711/92F88C485B219078.html (2026-10-07)"
"material","mat-adi","EN-GJS-800 ADI (Austempered Ductile Iron)","7.42","9.08","22.37","¥/kg","updated","Ductile / CGI / ADI / SiMo iron (charge) — ladder +£0.720/kg (book £1.58 − base £0.86) = +¥6.39","https://m.mysteel.com/hot/1487195.html (2026-09-30) ; https://m.mysteel.com/hot/1487195.html (2026-09-30) ; https://news.mysteel.com/a/26100711/92F88C485B219078.html (2026-10-07)"
"material","mat-gjv450","EN-GJV-450 (Compacted Graphite Iron)","4.03","5","24.07","¥/kg","updated","Ductile / CGI / ADI / SiMo iron (charge) — ladder +£0.260/kg (book £1.12 − base £0.86) = +¥2.31","https://m.mysteel.com/hot/1487195.html (2026-09-30) ; https://m.mysteel.com/hot/1487195.html (2026-09-30) ; https://news.mysteel.com/a/26100711/92F88C485B219078.html (2026-10-07)"
"material","mat-gjv500","EN-GJV-500 (Compacted Graphite Iron, high strength — diesel blocks, heads)","4.25","5.27","24","¥/kg","updated","Ductile / CGI / ADI / SiMo iron (charge) — ladder +£0.290/kg (book £1.15 − base £0.86) = +¥2.58","https://m.mysteel.com/hot/1487195.html (2026-09-30) ; https://m.mysteel.com/hot/1487195.html (2026-09-30) ; https://news.mysteel.com/a/26100711/92F88C485B219078.html (2026-10-07)"
"material","mat-gjl250","EN-GJL-250","1.25","2.35","88","¥/kg","updated","Grey / malleable iron (charge) — ladder ×1.000 (book £0.64 ÷ base £0.64)","https://www.mysteel.com/hot/1486014.html (2026-09-30) ; https://www.mysteel.com/hot/1486014.html (2026-09-30)"
"material","mat-gjl150","EN-GJL-150 (Grey Iron, low grade — covers, counterweights, bases)","1.09","2.06","88.99","¥/kg","updated","Grey / malleable iron (charge) — ladder ×0.875 (book £0.56 ÷ base £0.64)","https://www.mysteel.com/hot/1486014.html (2026-09-30) ; https://www.mysteel.com/hot/1486014.html (2026-09-30)"
"material","mat-gjl200","EN-GJL-200 (Grey Iron)","1.16","2.2","89.66","¥/kg","updated","Grey / malleable iron (charge) — ladder ×0.938 (book £0.6 ÷ base £0.64)","https://www.mysteel.com/hot/1486014.html (2026-09-30) ; https://www.mysteel.com/hot/1486014.html (2026-09-30)"
"material","mat-gjl300","EN-GJL-300 (Grey Iron Hi-Strength)","1.36","2.57","88.97","¥/kg","updated","Grey / malleable iron (charge) — ladder ×1.094 (book £0.7 ÷ base £0.64)","https://www.mysteel.com/hot/1486014.html (2026-09-30) ; https://www.mysteel.com/hot/1486014.html (2026-09-30)"
"material","mat-gjl350","EN-GJL-350","1.44","2.72","88.89","¥/kg","updated","Grey / malleable iron (charge) — ladder ×1.156 (book £0.74 ÷ base £0.64)","https://www.mysteel.com/hot/1486014.html (2026-09-30) ; https://www.mysteel.com/hot/1486014.html (2026-09-30)"
"material","mat-gjmb350","EN-GJMB-350-10 (blackheart malleable iron)","1.28","2.42","89.06","¥/kg","updated","Grey / malleable iron (charge) — ladder ×1.031 (book £0.66 ÷ base £0.64)","https://www.mysteel.com/hot/1486014.html (2026-09-30) ; https://www.mysteel.com/hot/1486014.html (2026-09-30)"
"material","mat-gs-c25","GS-C25 (Cast Carbon Steel)","1.05","2.16","105.71","¥/kg","updated","Cast carbon / low-alloy steel (charge) — ladder +£0.000/kg (book £2.1 − base £2.1) = +¥0.00","https://news.mysteel.com/a/26100711/92F88C485B219078.html (2026-10-07) ; https://news.mysteel.com/a/26100711/92F88C485B219078.html (2026-10-07)"
"material","mat-astm-a216-wcb","ASTM A216 WCB (cast carbon steel — valve bodies, pump casings)","1.05","2.16","105.71","¥/kg","updated","Cast carbon / low-alloy steel (charge) — ladder +£0.000/kg (book £2.1 − base £2.1) = +¥0.00","https://news.mysteel.com/a/26100711/92F88C485B219078.html (2026-10-07) ; https://news.mysteel.com/a/26100711/92F88C485B219078.html (2026-10-07)"
"material","mat-g20mn5","G20Mn5 / 1.6220 (QT cast steel, automotive and structural nodes)","1.05","2.16","105.71","¥/kg","updated","Cast carbon / low-alloy steel (charge) — ladder +£0.000/kg (book £2.1 − base £2.1) = +¥0.00","https://news.mysteel.com/a/26100711/92F88C485B219078.html (2026-10-07) ; https://news.mysteel.com/a/26100711/92F88C485B219078.html (2026-10-07)"
"material","mat-g42crmo4","G42CrMo4 / 1.7231 (low-alloy QT cast steel)","2.08","3.4","63.46","¥/kg","updated","Cast carbon / low-alloy steel (charge) — ladder +£0.140/kg (book £2.24 − base £2.1) = +¥1.24","https://news.mysteel.com/a/26100711/92F88C485B219078.html (2026-10-07) ; https://news.mysteel.com/a/26100711/92F88C485B219078.html (2026-10-07)"
"material","mat-ss304-cast","CF8 / 304 Cast Stainless","13.3","8.62","-35.19","¥/kg","updated","Cast stainless (charge) — ladder +£0.000/kg (book £5.17 − base £5.17) = +¥0.00","https://list1.mysteel.com/zhishi/ntjgzst25884.html (2026-09-29) ; https://list1.mysteel.com/zhishi/ntjgzst25884.html (2026-09-29)"
"material","mat-cf8m-cast","CF8M / 1.4408 (316 cast stainless)","21.34","18.3","-14.25","¥/kg","updated","Cast stainless (charge) — ladder +£1.090/kg (book £6.26 − base £5.17) = +¥9.68","https://list1.mysteel.com/zhishi/ntjgzst25884.html (2026-09-29) ; https://list1.mysteel.com/zhishi/ntjgzst25884.html (2026-09-29)"
"material","mat-ca6nm-cast","CA6NM / 1.4317 (13Cr-4Ni martensitic cast stainless — pumps, turbines)","11.98","7.02","-41.4","¥/kg","updated","Cast stainless (charge) — ladder +£-0.180/kg (book £4.99 − base £5.17) = +¥-1.60","https://list1.mysteel.com/zhishi/ntjgzst25884.html (2026-09-29) ; https://list1.mysteel.com/zhishi/ntjgzst25884.html (2026-09-29)"
"material","mat-cd4mcun-cast","CD4MCuN / 1.4517 (duplex cast stainless)","23.18","20.52","-11.48","¥/kg","updated","Cast stainless (charge) — ladder +£1.340/kg (book £6.51 − base £5.17) = +¥11.90","https://list1.mysteel.com/zhishi/ntjgzst25884.html (2026-09-29) ; https://list1.mysteel.com/zhishi/ntjgzst25884.html (2026-09-29)"
"material","mat-gx40crnisi25-20","GX40CrNiSi25-20 / 1.4848 (heat-resistant cast steel, EN 10295 — turbo housings, manifolds)","24.21","21.76","-10.12","¥/kg","updated","Cast stainless (charge) — ladder +£1.480/kg (book £6.65 − base £5.17) = +¥13.14","https://list1.mysteel.com/zhishi/ntjgzst25884.html (2026-09-29) ; https://list1.mysteel.com/zhishi/ntjgzst25884.html (2026-09-29)"
"material","mat-17-4ph-cast","17-4PH (Investment Cast Stainless)","45.95","47.96","4.37","¥/kg","updated","Cast stainless (charge) — ladder +£4.430/kg (book £9.6 − base £5.17) = +¥39.34","https://list1.mysteel.com/zhishi/ntjgzst25884.html (2026-09-29) ; https://list1.mysteel.com/zhishi/ntjgzst25884.html (2026-09-29)"
"material","mat-ni-resist-d2","EN-GJSA-XNiCr20-2 (Ni-Resist D-2, austenitic ductile)","20.77","23.9","15.07","¥/kg","updated","Ni-Resist D-2 (charge) — direct","http://news.10jqka.com.cn/20261009/c680512152.shtml (2026-10-09) ; https://m.mysteel.com/zta/gaotangetie/ (2026-09)"
"material","mat-ni-resist-d5s","EN-GJSA-XNiSiCr35-5-2 (Ni-Resist D-5S — turbo housings, exhaust manifolds)","34.75","39.76","14.42","¥/kg","updated","Ni-Resist D-5S (charge) — direct","http://news.10jqka.com.cn/20261009/c680512152.shtml (2026-10-09)"
"material","mat-hicr-white","EN-GJN-HV600(XCr23) / ASTM A532 IIIA (high-Cr white iron, wear)","5.3","4.98","-6.04","¥/kg","updated","High-Cr white iron (charge) — direct","https://m.mysteel.com/zta/gaotangetie/ (2026-09)"
"material","mat-adc12","ADC12 / A383","18.12","21.68","19.65","¥/kg","updated","Secondary cast aluminium (ingot) — ladder ×1.000 (book £2.75 ÷ base £2.75)","https://www.smm.com.cn/price (2026-09-30) ; https://list1.m.mysteel.com/zhishi/lhjgfjg.html (2026-09-01)"
"material","mat-a380","A380 / EN AC-46000 (Al-Si Die-Cast Alloy)","18.45","22.07","19.62","¥/kg","updated","Secondary cast aluminium (ingot) — ladder ×1.018 (book £2.8 ÷ base £2.75)","https://www.smm.com.cn/price (2026-09-30) ; https://list1.m.mysteel.com/zhishi/lhjgfjg.html (2026-09-01)"
"material","mat-a413","A413 / AlSi12 (Eutectic Die Cast)","18.12","21.68","19.65","¥/kg","updated","Secondary cast aluminium (ingot) — ladder ×1.000 (book £2.75 ÷ base £2.75)","https://www.smm.com.cn/price (2026-09-30) ; https://list1.m.mysteel.com/zhishi/lhjgfjg.html (2026-09-01)"
"material","mat-a319","A319 / AlSi6Cu4","19.57","23.41","19.62","¥/kg","updated","Secondary cast aluminium (ingot) — ladder ×1.080 (book £2.97 ÷ base £2.75)","https://www.smm.com.cn/price (2026-09-30) ; https://list1.m.mysteel.com/zhishi/lhjgfjg.html (2026-09-01)"
"material","mat-lm4","LM4 / AlSi5Cu3 (secondary, sand / gravity)","19.17","22.94","19.67","¥/kg","updated","Secondary cast aluminium (ingot) — ladder ×1.058 (book £2.91 ÷ base £2.75)","https://www.smm.com.cn/price (2026-09-30) ; https://list1.m.mysteel.com/zhishi/lhjgfjg.html (2026-09-01)"
"material","mat-en-ac-46200","EN AC-46200 (AlSi8Cu3, gravity / low-pressure — cylinder heads, housings)","18.79","22.47","19.58","¥/kg","updated","Secondary cast aluminium (ingot) — ladder ×1.036 (book £2.85 ÷ base £2.75)","https://www.smm.com.cn/price (2026-09-30) ; https://list1.m.mysteel.com/zhishi/lhjgfjg.html (2026-09-01)"
"material","mat-adc12-secondary","ADC12 Secondary (recycled)","18.12","21.68","19.65","¥/kg","updated","Secondary ADC12 — direct","https://www.smm.com.cn/price (2026-09-30)"
"material","mat-lm25","LM25 / A356","25.67","21.42","-16.56","¥/kg","updated","A356 / AlSi7Mg — direct","https://www.smm.com.cn/price (2026-09-30)"
"material","mat-a365","A365 / AlSi7Mg","24.01","21.42","-10.79","¥/kg","updated","A356 / AlSi7Mg — direct","https://www.smm.com.cn/price (2026-09-30)"
"material","mat-alsi10mg","AlSi10Mg / EN AC-43000 (≈ A360)","24.89","21.42","-13.94","¥/kg","updated","Primary-based cast aluminium — ladder ×1.000 (book £2.89 ÷ base £2.98)","https://www.smm.com.cn/price (2026-09-30) ; https://finance.sina.com.cn/money/future/indu/2026-09-30/doc-initqzmc2066184.shtml (2026-09 (article 2026-09-30))"
"material","mat-a390","A390 / AlSi17Cu (Hypereutectic)","28.42","23.72","-16.54","¥/kg","updated","Primary-based cast aluminium — ladder ×1.107 (book £3.3 ÷ base £2.98)","https://www.smm.com.cn/price (2026-09-30) ; https://finance.sina.com.cn/money/future/indu/2026-09-30/doc-initqzmc2066184.shtml (2026-09 (article 2026-09-30))"
"material","mat-a357","A357 / AlSi7Mg0.6 (Premium T6)","27.56","23","-16.55","¥/kg","updated","Primary-based cast aluminium — ladder ×1.074 (book £3.2 ÷ base £2.98)","https://www.smm.com.cn/price (2026-09-30) ; https://finance.sina.com.cn/money/future/indu/2026-09-30/doc-initqzmc2066184.shtml (2026-09 (article 2026-09-30))"
"material","mat-lm6","LM6 / EN AC-44100 (AlSi12, gravity / sand)","25.15","21.42","-14.83","¥/kg","updated","Primary-based cast aluminium — ladder ×1.000 (book £2.92 ÷ base £2.98)","https://www.smm.com.cn/price (2026-09-30) ; https://finance.sina.com.cn/money/future/indu/2026-09-30/doc-initqzmc2066184.shtml (2026-09 (article 2026-09-30))"
"material","mat-almg5-cast","EN AC-51300 (AlMg5, marine sand / gravity)","26.53","22.14","-16.55","¥/kg","updated","Primary-based cast aluminium — ladder ×1.034 (book £3.08 ÷ base £2.98)","https://www.smm.com.cn/price (2026-09-30) ; https://finance.sina.com.cn/money/future/indu/2026-09-30/doc-initqzmc2066184.shtml (2026-09 (article 2026-09-30))"
"material","mat-a206","A206 / AlCu4.5MgTi (high-strength premium casting)","31.35","26.16","-16.56","¥/kg","updated","Primary-based cast aluminium — ladder ×1.221 (book £3.64 ÷ base £2.98)","https://www.smm.com.cn/price (2026-09-30) ; https://finance.sina.com.cn/money/future/indu/2026-09-30/doc-initqzmc2066184.shtml (2026-09 (article 2026-09-30))"
"material","mat-en-ac-45300","EN AC-45300 (AlSi5Cu1Mg / C355 — cylinder heads, T6)","26.79","22.35","-16.57","¥/kg","updated","Primary-based cast aluminium — ladder ×1.044 (book £3.11 ÷ base £2.98)","https://www.smm.com.cn/price (2026-09-30) ; https://finance.sina.com.cn/money/future/indu/2026-09-30/doc-initqzmc2066184.shtml (2026-09 (article 2026-09-30))"
"material","mat-lm13","LM13 / EN AC-48000 (AlSi12CuNiMg — pistons)","26.53","22.14","-16.55","¥/kg","updated","Primary-based cast aluminium — ladder ×1.034 (book £3.08 ÷ base £2.98)","https://www.smm.com.cn/price (2026-09-30) ; https://finance.sina.com.cn/money/future/indu/2026-09-30/doc-initqzmc2066184.shtml (2026-09 (article 2026-09-30))"
"material","mat-aural5","Aural-5 (AlSi9MnMg, Rheinfelden)","26.44","22.07","-16.53","¥/kg","updated","Primary-based cast aluminium — ladder ×1.030 (book £3.07 ÷ base £2.98)","https://www.smm.com.cn/price (2026-09-30) ; https://finance.sina.com.cn/money/future/indu/2026-09-30/doc-initqzmc2066184.shtml (2026-09 (article 2026-09-30))"
"material","mat-silafont36","Silafont-36 (AlSi10MnMg)","26.7","22.28","-16.55","¥/kg","updated","Primary-based cast aluminium — ladder ×1.040 (book £3.1 ÷ base £2.98)","https://www.smm.com.cn/price (2026-09-30) ; https://finance.sina.com.cn/money/future/indu/2026-09-30/doc-initqzmc2066184.shtml (2026-09 (article 2026-09-30))"
"material","mat-castasil37","Castasil-37 (AlSi9MnMoZr)","26.1","21.78","-16.55","¥/kg","updated","Primary-based cast aluminium — ladder ×1.017 (book £3.03 ÷ base £2.98)","https://www.smm.com.cn/price (2026-09-30) ; https://finance.sina.com.cn/money/future/indu/2026-09-30/doc-initqzmc2066184.shtml (2026-09 (article 2026-09-30))"
"material","mat-magsimal59","Magsimal-59 (AlMg5Si2Mn)","27.13","22.64","-16.55","¥/kg","updated","Primary-based cast aluminium — ladder ×1.057 (book £3.15 ÷ base £2.98)","https://www.smm.com.cn/price (2026-09-30) ; https://finance.sina.com.cn/money/future/indu/2026-09-30/doc-initqzmc2066184.shtml (2026-09 (article 2026-09-30))"
"material","mat-al-hpdc-lowco2","Low-CO₂ Recycled HPDC (AlSi10MnMg)","25.84","21.56","-16.56","¥/kg","updated","Primary-based cast aluminium — ladder ×1.007 (book £3 ÷ base £2.98)","https://www.smm.com.cn/price (2026-09-30) ; https://finance.sina.com.cn/money/future/indu/2026-09-30/doc-initqzmc2066184.shtml (2026-09 (article 2026-09-30))"
"material","mat-htf-gigacast","Heat-Treat-Free Giga-Casting Alloy (Xiaomi Titan / Tesla-class)","28.42","23.72","-16.54","¥/kg","updated","Primary-based cast aluminium — ladder ×1.107 (book £3.3 ÷ base £2.98)","https://www.smm.com.cn/price (2026-09-30) ; https://finance.sina.com.cn/money/future/indu/2026-09-30/doc-initqzmc2066184.shtml (2026-09 (article 2026-09-30))"
"material","mat-c101-bar","C101 / CW004A ETP Copper Bar (busbar, electrodes)","96.78","98.71","1.99","¥/kg","updated","ETP copper bar / sheet (floor) — floor (raised to metal content)","https://m.ccmn.cn/ (2026-09-30)"
"material","mat-c110-copper","C110 ETP Copper Sheet","96.78","98.71","1.99","¥/kg","updated","ETP copper bar / sheet (floor) — floor (raised to metal content)","https://m.ccmn.cn/ (2026-09-30)"
"material","mat-cu-hairpin","Rectangular Enamelled Hairpin Copper (winding)","119.73","119.73","0","¥/kg","held (evidence agrees)","ETP copper bar / sheet (floor) — held (already above the metal it contains)","https://m.ccmn.cn/ (2026-09-30)"
"material","mat-brass-cz121","CZ121 / CW614N Free-Machining Brass","73","66.19","-9.33","¥/kg","updated","Free-machining / forging brass rod — direct","https://list1.mysteel.com/zhishi/nbtbjgzxxq.html (2026-09-29)"
"material","mat-brass-cz122-forge","CZ122 / CW617N (Forging Brass)","73","66.19","-9.33","¥/kg","updated","Free-machining / forging brass rod — direct","https://list1.mysteel.com/zhishi/nbtbjgzxxq.html (2026-09-29)"
"material","mat-cz108-brass","CZ108 Brass Sheet (70/30)","72.53","74.34","2.5","¥/kg","updated","70/30 and 63/37 brass sheet — direct","https://list1.mysteel.com/zhishi/nbtbjgzxxq.html (2026-09-29)"
"material","mat-bronze-pb1","PB1 Phosphor Bronze Bar","124.24","124.24","0","¥/kg","held (evidence agrees)","Phosphor / tin bronze (floor) — held (already above the metal it contains)","https://m.ccmn.cn/ (2026-09-30) ; https://news.metal.com/newscontent/104146823 (2026-10-09)"
"material","mat-bronze-c905","C905 Phosphor Bronze","117.66","124.09","5.46","¥/kg","updated","Phosphor / tin bronze (floor) — floor (raised to metal content)","https://m.ccmn.cn/ (2026-09-30) ; https://news.metal.com/newscontent/104146823 (2026-10-09)"
"material","mat-cusn12-cast","CC483K / CuSn12-C (tin bronze — worm wheels, gear rims, bearings)","124.29","124.29","0","¥/kg","held (evidence agrees)","Phosphor / tin bronze (floor) — held (already above the metal it contains)","https://m.ccmn.cn/ (2026-09-30) ; https://news.metal.com/newscontent/104146823 (2026-10-09)"
"material","mat-zamak3","Zamak 3 (Zinc Die Cast)","27.48","24.02","-12.59","¥/kg","updated","Zamak 3 — direct","https://list1.m.mysteel.com/zhishi/2026nxhjjgylb.html (2026-09-30)"
"material","mat-zamak5","Zamak 5 (Zinc Die Cast, Hi-Strength)","27.91","24.52","-12.15","¥/kg","updated","Zamak 5 / 2 / ZA — ladder ×1.000 (book £3.24 ÷ base £3.24)","https://list1.m.mysteel.com/zhishi/2026nxhjjgylb.html (2026-09-30)"
"material","mat-zamak2","Zamak 2 / ZL0430 (ZnAl4Cu3, high strength)","29.54","25.96","-12.12","¥/kg","updated","Zamak 5 / 2 / ZA — ladder ×1.059 (book £3.43 ÷ base £3.24)","https://list1.m.mysteel.com/zhishi/2026nxhjjgylb.html (2026-09-30)"
"material","mat-za8","ZA-8 (Zinc-Aluminium Die Cast)","30.15","26.49","-12.14","¥/kg","updated","Zamak 5 / 2 / ZA — ladder ×1.080 (book £3.5 ÷ base £3.24)","https://list1.m.mysteel.com/zhishi/2026nxhjjgylb.html (2026-09-30)"
"material","mat-za27","ZA-27 (High-Strength Zinc-Aluminium)","31.27","27.47","-12.15","¥/kg","updated","Zamak 5 / 2 / ZA — ladder ×1.120 (book £3.63 ÷ base £3.24)","https://list1.m.mysteel.com/zhishi/2026nxhjjgylb.html (2026-09-30)"
"material","mat-mag-az91","AZ91D Magnesium Die Cast","32.82","16.02","-51.19","¥/kg","updated","Magnesium die-cast alloys — ladder ×1.000 (book £3.81 ÷ base £3.81)","https://hq.91jinshu.com/zd91dmeihejin/202607/52846.html (2026-07-23) ; https://www.sohu.com/a/1085524211_121123889 (2026-10-09)"
"material","mat-mag-am60","AM60B Magnesium Die Cast","31.53","15.39","-51.19","¥/kg","updated","Magnesium die-cast alloys — ladder ×0.961 (book £3.66 ÷ base £3.81)","https://hq.91jinshu.com/zd91dmeihejin/202607/52846.html (2026-07-23) ; https://www.sohu.com/a/1085524211_121123889 (2026-10-09)"
"material","mat-mag-am50","AM50A Magnesium Die Cast","31.96","15.6","-51.19","¥/kg","updated","Magnesium die-cast alloys — ladder ×0.974 (book £3.71 ÷ base £3.81)","https://hq.91jinshu.com/zd91dmeihejin/202607/52846.html (2026-07-23) ; https://www.sohu.com/a/1085524211_121123889 (2026-10-09)"
"material","mat-mag-ae44","AE44 Magnesium (Creep-Resistant)","43.24","21.11","-51.18","¥/kg","updated","Magnesium die-cast alloys — ladder ×1.318 (book £5.02 ÷ base £3.81)","https://hq.91jinshu.com/zd91dmeihejin/202607/52846.html (2026-07-23) ; https://www.sohu.com/a/1085524211_121123889 (2026-10-09)"
"material","mat-pp-homo","PP Homopolymer (MFI 12)","7.05","8.79","24.68","¥/kg","updated","PP family — ladder ×1.000 (book £0.99 ÷ base £0.99)","http://www.chemrp.com/info/detail-20261001-6294429.html (2026-10-01)"
"material","mat-pp","PP Copolymer","8.19","10.21","24.66","¥/kg","updated","PP family — ladder ×1.162 (book £1.15 ÷ base £0.99)","http://www.chemrp.com/info/detail-20261001-6294429.html (2026-10-01)"
"material","mat-pp-impact","PP Impact Copolymer (PP-B)","7.41","9.23","24.56","¥/kg","updated","PP family — ladder ×1.051 (book £1.04 ÷ base £0.99)","http://www.chemrp.com/info/detail-20261001-6294429.html (2026-10-01)"
"material","mat-pp-bm","PP Blow Grade (MFI 1.0, random co-polymer)","7.91","9.86","24.65","¥/kg","updated","PP family — ladder ×1.121 (book £1.11 ÷ base £0.99)","http://www.chemrp.com/info/detail-20261001-6294429.html (2026-10-01)"
"material","mat-pp-ext-sheet","PP Extrusion Sheet Grade","8.44","8.44","0","¥/kg","held (already a China-specific price)","PP family — the country table's China price £0.95/kg outranks the ladder",""
"material","mat-ppr-pipe","PP-R Pipe Grade (random copolymer, hot & cold water)","8.62","10.39","20.53","¥/kg","updated","PP family — ladder ×1.182 (book £1.17 ÷ base £0.99)","http://www.chemrp.com/info/detail-20261001-6294429.html (2026-10-01)"
"material","mat-pp-roto","PP Roto Powder","10.54","13.14","24.67","¥/kg","updated","PP family — ladder ×1.495 (book £1.48 ÷ base £0.99)","http://www.chemrp.com/info/detail-20261001-6294429.html (2026-10-01)"
"material","mat-pp-tf","PP Thermoforming Sheet (HMS)","9.59","9.59","0","¥/kg","held (already a China-specific price)","PP family — the country table's China price £1.08/kg outranks the ladder",""
"material","mat-hdpe","HDPE","7.48","9.27","23.93","¥/kg","updated","PE family — ladder ×1.000 (book £1.05 ÷ base £1.05)","https://hdpe.100ppi.com/ (2026-10-01)"
"material","mat-hdpe-bm","HDPE Blow Grade (jerry can / drum)","8.12","10.06","23.89","¥/kg","updated","PE family — ladder ×1.086 (book £1.14 ÷ base £1.05)","https://hdpe.100ppi.com/ (2026-10-01)"
"material","mat-hdpe-fuel-coex","HDPE Coex Fuel-Tank Grade (6-layer/EVOH)","10.97","13.6","23.97","¥/kg","updated","PE family — ladder ×1.467 (book £1.54 ÷ base £1.05)","https://hdpe.100ppi.com/ (2026-10-01)"
"material","mat-pe100-pipe","PE100 Pipe Grade (black, PE4710)","9.5","9.5","0","¥/kg","held (already a China-specific price)","PE family — the country table's China price £1.07/kg outranks the ladder",""
"material","mat-pe80-pipe","PE80 Pipe Grade","9.06","9.06","0","¥/kg","held (already a China-specific price)","PE family — the country table's China price £1.02/kg outranks the ladder",""
"material","mat-hdpe-profile","HDPE Extrusion Grade (profile / tube / conduit)","7.74","9.27","19.77","¥/kg","updated","PE family — ladder ×1.000 (book £1.05 ÷ base £1.05)","https://hdpe.100ppi.com/ (2026-10-01)"
"material","mat-hdpe-roto","HDPE Roto Powder","9.19","11.39","23.94","¥/kg","updated","PE family — ladder ×1.229 (book £1.29 ÷ base £1.05)","https://hdpe.100ppi.com/ (2026-10-01)"
"material","mat-xlpe-roto","Cross-Linked PE (XLPE) Roto","13.6","15.36","12.94","¥/kg","updated","PE family — ladder ×1.657 (book £1.74 ÷ base £1.05)","https://hdpe.100ppi.com/ (2026-10-01)"
"material","mat-fr-pe-roto","Flame-Retardant PE Roto","20.94","23.66","12.99","¥/kg","updated","PE family — ladder ×2.552 (book £2.68 ÷ base £1.05)","https://hdpe.100ppi.com/ (2026-10-01)"
"material","mat-foam-pe-roto","Foamable PE Roto (structural foam core)","15.55","17.57","12.99","¥/kg","updated","PE family — ladder ×1.895 (book £1.99 ÷ base £1.05)","https://hdpe.100ppi.com/ (2026-10-01)"
"material","mat-cond-pe-roto","Conductive/Antistatic PE Roto","19.46","21.98","12.95","¥/kg","updated","PE family — ladder ×2.371 (book £2.49 ÷ base £1.05)","https://hdpe.100ppi.com/ (2026-10-01)"
"material","mat-hdpe-tf","HDPE Thermoforming Sheet","8.79","8.79","0","¥/kg","held (already a China-specific price)","PE family — the country table's China price £0.99/kg outranks the ladder",""
"material","mat-pex-pipe","PE-Xb Crosslinkable Pipe Compound (silane, Monosil)","11.87","14.21","19.71","¥/kg","updated","PE family — ladder ×1.533 (book £1.61 ÷ base £1.05)","https://hdpe.100ppi.com/ (2026-10-01)"
"material","mat-ldpe","LDPE (2426H)","7.76","9.16","18.04","¥/kg","updated","LDPE family — ladder ×1.000 (book £1.09 ÷ base £1.09)","https://www.100ppi.com/news/detail-20260813-6060907.html (2026-08-13)"
"material","mat-ldpe-bm","LDPE Blow Grade","8.55","10.08","17.89","¥/kg","updated","LDPE family — ladder ×1.101 (book £1.2 ÷ base £1.09)","https://www.100ppi.com/news/detail-20260813-6060907.html (2026-08-13)"
"material","mat-ldpe-tube","LDPE Extrusion Grade (soft tube, cable sheath)","8.03","9.16","14.07","¥/kg","updated","LDPE family — ladder ×1.000 (book £1.09 ÷ base £1.09)","https://www.100ppi.com/news/detail-20260813-6060907.html (2026-08-13)"
"material","mat-ldpe-tf","LDPE Thermoforming Sheet","11.28","11.28","0","¥/kg","held (already a China-specific price)","LDPE family — the country table's China price £1.27/kg outranks the ladder",""
"material","mat-lldpe","LLDPE C6","7.48","8.31","11.1","¥/kg","updated","LLDPE family — ladder ×1.000 (book £1.05 ÷ base £1.05)","https://m.10jqka.com.cn/20261001/c680427759.shtml (2026-10-01)"
"material","mat-lldpe-bm","LLDPE Blow Grade","8.33","9.26","11.16","¥/kg","updated","LLDPE family — ladder ×1.114 (book £1.17 ÷ base £1.05)","https://m.10jqka.com.cn/20261001/c680427759.shtml (2026-10-01)"
"material","mat-lldpe-roto","LLDPE Roto Powder (natural)","10.47","11.63","11.08","¥/kg","updated","LLDPE family — ladder ×1.400 (book £1.47 ÷ base £1.05)","https://m.10jqka.com.cn/20261001/c680427759.shtml (2026-10-01)"
"material","mat-upvc","Rigid PVC (uPVC pipe grade)","7.93","4.31","-45.65","¥/kg","updated","PVC family — ladder ×1.000 (book £0.76 ÷ base £0.76)","https://pvc.100ppi.com/news/list---1.html (2026-10-05)"
"material","mat-fpvc","Flexible PVC (fPVC plasticised)","7.91","6.29","-20.48","¥/kg","updated","PVC family — ladder ×1.461 (book £1.11 ÷ base £0.76)","https://pvc.100ppi.com/news/list---1.html (2026-10-05)"
"material","mat-pvc-bm","PVC Rigid Blow Grade (uPVC bottle grade)","7.93","4.82","-39.22","¥/kg","updated","PVC family — ladder ×1.118 (book £0.85 ÷ base £0.76)","https://pvc.100ppi.com/news/list---1.html (2026-10-05)"
"material","mat-upvc-pipe","uPVC Pipe Compound (K67, dry-blend)","5.68","5.68","0","¥/kg","held (already a China-specific price)","PVC family — the country table's China price £0.64/kg outranks the ladder",""
"material","mat-pvc-cable","PVC Cable Compound (flexible, insulation)","9.41","9.41","0","¥/kg","held (already a China-specific price)","PVC family — the country table's China price £1.06/kg outranks the ladder",""
"material","mat-upvc-window-profile","PVC-U Window Profile Compound (impact-modified, Ca-Zn)","9.51","7.32","-23.03","¥/kg","updated","PVC family — ladder ×1.697 (book £1.29 ÷ base £0.76)","https://pvc.100ppi.com/news/list---1.html (2026-10-05)"
"material","mat-pvcp-profile","PVC-P Flexible Profile / Seal Compound (70 Shore A)","11.35","8.73","-23.08","¥/kg","updated","PVC family — ladder ×2.026 (book £1.54 ÷ base £0.76)","https://pvc.100ppi.com/news/list---1.html (2026-10-05)"
"material","mat-pvc-foam","Rigid PVC Foam (Celuka) Profile","7.73","7.73","0","¥/kg","held (already a China-specific price)","PVC family — the country table's China price £0.87/kg outranks the ladder",""
"material","mat-rpvc-tf","Rigid PVC Thermoforming Sheet","9.32","9.32","0","¥/kg","held (already a China-specific price)","PVC family — the country table's China price £1.05/kg outranks the ladder",""
"material","mat-abs","ABS","12.66","10.01","-20.93","¥/kg","updated","ABS family — ladder ×1.000 (book £1.62 ÷ base £1.62)","https://abs.100ppi.com/news/list--121311-1.html (2026-10-01)"
"material","mat-abs-ext-sheet","ABS Extrusion Sheet Grade","13.23","13.23","0","¥/kg","held (already a China-specific price)","ABS family — the country table's China price £1.49/kg outranks the ladder",""
"material","mat-abs-tf","ABS Thermoforming Sheet","14.56","14.56","0","¥/kg","held (already a China-specific price)","ABS family — the country table's China price £1.64/kg outranks the ladder",""
"material","mat-abs-fr","ABS FR (UL94 V0)","15.71","12.42","-20.94","¥/kg","updated","ABS family — ladder ×1.241 (book £2.01 ÷ base £1.62)","https://abs.100ppi.com/news/list--121311-1.html (2026-10-01)"
"material","mat-gpps","GPPS (Crystal PS)","9.76","9.85","0.92","¥/kg","updated","PS — ladder ×1.000 (book £1.37 ÷ base £1.37)","http://www.chemrp.com/info/detail-20260902-6155369.html (2026-10-05)"
"material","mat-hips","HIPS (High Impact PS)","9.76","9.85","0.92","¥/kg","updated","PS — ladder ×1.000 (book £1.37 ÷ base £1.37)","http://www.chemrp.com/info/detail-20260902-6155369.html (2026-10-05)"
"material","mat-gpps-ext","GPPS Extrusion Sheet Grade","12.96","12.96","0","¥/kg","held (already a China-specific price)","PS — the country table's China price £1.46/kg outranks the ladder",""
"material","mat-pc","PC (Lexan)","19.69","11.12","-43.52","¥/kg","updated","PC family — ladder ×1.000 (book £2.52 ÷ base £2.52)","http://www.chemrp.com/info/detail-20260709-5896771.html (2026-07-09)"
"material","mat-pc-glazing","PC Glazing Grade (Automotive)","32.82","18.53","-43.54","¥/kg","updated","PC family — ladder ×1.667 (book £4.2 ÷ base £2.52)","http://www.chemrp.com/info/detail-20260709-5896771.html (2026-07-09)"
"material","mat-pc-bm","PC Blow Grade (clear/impact)","30.48","17.21","-43.54","¥/kg","updated","PC family — ladder ×1.548 (book £3.9 ÷ base £2.52)","http://www.chemrp.com/info/detail-20260709-5896771.html (2026-07-09)"
"material","mat-pc-ext-sheet","PC Extrusion/Solid Sheet Grade","25.31","25.31","0","¥/kg","held (already a China-specific price)","PC family — the country table's China price £2.85/kg outranks the ladder",""
"material","mat-pc-tf","PC Thermoforming Sheet","27.08","27.08","0","¥/kg","held (already a China-specific price)","PC family — the country table's China price £3.05/kg outranks the ladder",""
"material","mat-pa6","PA6 Unfilled","17.11","10.47","-38.81","¥/kg","updated","PA6 family — ladder ×1.000 (book £1.68 ÷ base £1.68)","https://pa6.100ppi.com/ (2026-07-13)"
"material","mat-pa6-bm","PA6 Blow Grade (charge-air / ducts)","24.22","19.32","-20.23","¥/kg","updated","PA6 family — ladder ×1.845 (book £3.1 ÷ base £1.68)","https://pa6.100ppi.com/ (2026-07-13)"
"material","mat-pa6-ext-tube","PA6 Extrusion Grade (corrugated conduit / tube)","16.13","10.47","-35.09","¥/kg","updated","PA6 family — ladder ×1.000 (book £1.68 ÷ base £1.68)","https://pa6.100ppi.com/ (2026-07-13)"
"material","mat-pa66","PA66 Unfilled","19.93","16.9","-15.2","¥/kg","updated","PA66 — direct","http://stock.10jqka.com.cn/20260922/c680178557.shtml (2026-09-22)"
"material","mat-pom","POM / Acetal (Delrin)","16.02","11.54","-27.97","¥/kg","updated","POM — ladder ×1.000 (book £2.05 ÷ base £2.05)","https://www.100ppi.com/news/detail-20260724-5970637.html (2026-06-12)"
"material","mat-pom-rod","POM Extrusion Grade (rod / tube stock shapes)","17.1","13.06","-23.63","¥/kg","updated","POM — ladder ×1.132 (book £2.32 ÷ base £2.05)","https://www.100ppi.com/news/detail-20260724-5970637.html (2026-06-12)"
"material","mat-pbt","PBT Unfilled","21.1","8.85","-58.06","¥/kg","updated","PBT — direct","https://plas.oilchem.net/plastic/pbt.shtml (2026-Q2)"
"material","mat-pet-bg","PET Bottle Grade (1101)","8.62","7.74","-10.21","¥/kg","updated","PET family — ladder ×1.000 (book £1.21 ÷ base £1.21)","https://m.10jqka.com.cn/20261001/c680427815.shtml (2026-10-01)"
"material","mat-pet-preform","PET Stretch-Blow Bottle Grade","9.77","8","-18.12","¥/kg","updated","PET family — ladder ×1.033 (book £1.25 ÷ base £1.21)","https://m.10jqka.com.cn/20261001/c680427815.shtml (2026-10-01)"
"material","mat-apet-tf","APET Sheet (amorphous, food pack)","11.37","11.37","0","¥/kg","held (already a China-specific price)","PET family — the country table's China price £1.28/kg outranks the ladder",""
"material","mat-pmma","PMMA (Acrylic)","18.75","13.36","-28.75","¥/kg","updated","PMMA family — ladder ×1.000 (book £2.4 ÷ base £2.4)","https://m.mysteel.com/hot/1592840.html (2026-09-30)"
"material","mat-pmma-ext-sheet","PMMA Extrusion Sheet (acrylic)","20.42","20.42","0","¥/kg","held (already a China-specific price)","PMMA family — the country table's China price £2.3/kg outranks the ladder",""
"material","mat-pmma-tf","PMMA / Acrylic Sheet (cast/extruded)","23.09","23.09","0","¥/kg","held (already a China-specific price)","PMMA family — the country table's China price £2.6/kg outranks the ladder",""
"material","mat-tpu-shore85","TPU Shore 85A","19.69","15.75","-20.01","¥/kg","updated","TPU family — ladder ×1.000 (book £2.52 ÷ base £2.52)","https://rp.100ppi.com/price/plist-459-1.html (2026-09-30)"
"material","mat-tpu-ext-hose","TPU Extrusion Grade (85A, hose and tube)","18.57","15.75","-15.19","¥/kg","updated","TPU family — ladder ×1.000 (book £2.52 ÷ base £2.52)","https://rp.100ppi.com/price/plist-459-1.html (2026-09-30)"
"material","mat-peek","PEEK Unfilled","654.63","247.3","-62.22","¥/kg","updated","PEEK family — ladder ×1.000 (book £76 ÷ base £76)","https://news.qq.com/rain/a/20260429A0934U00 (2025 (FY, published 2026-04-29))"
"material","mat-peek-ext","PEEK Extrusion Grade (tube, rod, film)","560.15","247.3","-55.85","¥/kg","updated","PEEK family — ladder ×1.000 (book £76 ÷ base £76)","https://news.qq.com/rain/a/20260429A0934U00 (2025 (FY, published 2026-04-29))"
"material","mat-nr","Natural Rubber SMR20","16.41","16.9","2.99","¥/kg","updated","Natural rubber (raw) — direct","https://nr.100ppi.com/ (2026-10-06)"
"material","mat-al6061","6061-T6","30.66","30.66","0","¥/kg","held (no China evidence this round)","Aluminium",""
"material","mat-ti6al4v","Ti-6Al-4V","405.96","405.96","0","¥/kg","held (no China evidence this round)","Titanium",""
"material","mat-virtual","Virtual / Pass-through","7.37","7.37","0","¥/kg","held (no China evidence this round)","Virtual",""
"material","mat-al6082-bar","6082-T6 Aluminium Bar","30.06","30.06","0","¥/kg","held (no China evidence this round)","Aluminium",""
"material","mat-al2011","2011-T3 Free-Machining Al Bar","33.85","33.85","0","¥/kg","held (no China evidence this round)","Aluminium",""
"material","mat-pom-c","POM-C (Acetal / Delrin Stock)","24.22","24.22","0","¥/kg","held (no China evidence this round)","Engineering Plastic (Stock)",""
"material","mat-pa6-cast","Nylon 6 (Cast PA6 Stock)","32.82","32.82","0","¥/kg","held (no China evidence this round)","Engineering Plastic (Stock)",""
"material","mat-ptfe","PTFE (Virgin Stock)","97.68","97.68","0","¥/kg","held (no China evidence this round)","Engineering Plastic (Stock)",""
"material","mat-peek-stock","PEEK (Unfilled Stock)","742.37","742.37","0","¥/kg","held (no China evidence this round)","Engineering Plastic (Stock)",""
"material","mat-acrylic-cast","Cast Acrylic (PMMA Stock)","37.51","37.51","0","¥/kg","held (no China evidence this round)","Engineering Plastic (Stock)",""
"material","mat-uhmwpe","UHMW-PE (Stock)","26.57","26.57","0","¥/kg","held (no China evidence this round)","Engineering Plastic (Stock)",""
"material","mat-aa5182","AA5182","27.48","27.48","0","¥/kg","held (no China evidence this round)","Aluminium Sheet",""
"material","mat-aa5052","AA5052-H32 Sheet","27.48","27.48","0","¥/kg","held (no China evidence this round)","Aluminium Sheet",""
"material","mat-aa5083","AA5083-H111 Sheet","29.29","29.29","0","¥/kg","held (no China evidence this round)","Aluminium Sheet",""
"material","mat-aa6082-sheet","AA6082-T6 Sheet","30.66","30.66","0","¥/kg","held (no China evidence this round)","Aluminium Sheet",""
"material","mat-aa5754-sheet","AA5754-H22 Sheet","28.6","28.6","0","¥/kg","held (no China evidence this round)","Aluminium Sheet",""
"material","mat-aa6061-sheet","AA6061-T6 Sheet/Plate","31.53","31.53","0","¥/kg","held (no China evidence this round)","Aluminium Sheet",""
"material","mat-aa6063-sheet","AA6063-T5 Sheet","30.06","30.06","0","¥/kg","held (no China evidence this round)","Aluminium Sheet",""
"material","mat-aa3003-sheet","AA3003-H14 Sheet","25.75","25.75","0","¥/kg","held (no China evidence this round)","Aluminium Sheet",""
"material","mat-go-m105-30p","M105-30P Grain-Oriented Electrical (0.30mm)","21.37","21.37","0","¥/kg","held (no China evidence this round)","Electrical Steel Sheet",""
"material","mat-cgo-m120-27","M120-27S CGO (0.27mm Grain-Oriented)","18.79","18.79","0","¥/kg","held (no China evidence this round)","Electrical Steel Sheet",""
"material","mat-hgo-m090-23","M090-23P HGO Domain-Refined (0.23mm)","25.06","25.06","0","¥/kg","held (no China evidence this round)","Electrical Steel Sheet",""
"material","mat-cofe-hiperco50","Cobalt-Iron (Hiperco 50 / Vacodur 49)","427.48","427.48","0","¥/kg","held (no China evidence this round)","Electrical Steel Sheet",""
"material","mat-nife-permalloy80","Nickel-Iron Permalloy (80% Ni)","177.33","177.33","0","¥/kg","held (no China evidence this round)","Electrical Steel Sheet",""
"material","mat-amorphous-2605sa1","Amorphous Ribbon (Metglas 2605SA1)","62.65","62.65","0","¥/kg","held (no China evidence this round)","Electrical Steel Sheet",""
"material","mat-si65-jnex-10","6.5% Si High-Frequency Electrical (JNEX/Super-Core class, 0.10mm)","50.41","50.41","0","¥/kg","held (no China evidence this round)","Electrical Steel Sheet",""
"material","mat-cofe-thin-010","Cobalt-Iron Thin-Gauge (0.10mm, Vacoflux/Hiperco)","530.67","530.67","0","¥/kg","held (no China evidence this round)","Electrical Steel Sheet",""
"material","mat-al-hairpin","Rectangular Enamelled Hairpin Aluminium (winding)","40.83","40.83","0","¥/kg","held (no China evidence this round)","Winding Aluminium (Hairpin)",""
"material","mat-al-busbar","Aluminium Busbar (EV / battery)","32.21","32.21","0","¥/kg","held (no China evidence this round)","Aluminium Sheet",""
"material","mat-aa6016-t4","AA6016-T4 Sheet (Auto Skin)","30.06","30.06","0","¥/kg","held (no China evidence this round)","Aluminium Sheet",""
"material","mat-aa6111-t4","AA6111-T4 Sheet (Auto Skin)","31.35","31.35","0","¥/kg","held (no China evidence this round)","Aluminium Sheet",""
"material","mat-aa7075-t6","AA7075-T6 Sheet/Plate","58.57","58.57","0","¥/kg","held (no China evidence this round)","Aluminium Sheet",""
"material","mat-al-recycled-5xxx","Recycled-Content Al 5xxx (Secondary)","21.96","21.96","0","¥/kg","held (no China evidence this round)","Aluminium Sheet",""
"material","mat-pa66gf30","PA66 GF30","24.22","24.22","0","¥/kg","held (no China evidence this round)","Thermoplastic",""
"material","mat-pbt-gf30","PBT GF30","24.22","24.22","0","¥/kg","held (no China evidence this round)","Thermoplastic",""
"material","mat-pp-gf30","PP GF30 (Short Glass)","13.32","13.32","0","¥/kg","held (no China evidence this round)","Thermoplastic",""
"material","mat-pet-gf30","PET GF30 (Engineering)","23.83","23.83","0","¥/kg","held (no China evidence this round)","Thermoplastic",""
"material","mat-pc-abs","PC/ABS Blend (automotive grade)","15","15","0","¥/kg","held (no China evidence this round)","Thermoplastic",""
"material","mat-pa6-gf30","PA6 GF30","19.69","19.69","0","¥/kg","held (no China evidence this round)","Thermoplastic",""
"material","mat-peek-gf30","PEEK GF30","801.06","801.06","0","¥/kg","held (no China evidence this round)","High-Performance Thermoplastic",""
"material","mat-asa","ASA (Weatherable)","17.5","17.5","0","¥/kg","held (no China evidence this round)","Thermoplastic",""
"material","mat-san","SAN (Styrene-Acrylonitrile)","13.21","13.21","0","¥/kg","held (no China evidence this round)","Thermoplastic",""
"material","mat-pp-t20","PP-T20 (20% Talc-filled)","9.04","9.04","0","¥/kg","held (no China evidence this round)","Thermoplastic",""
"material","mat-pp-t30","PP-T30 (30% Mineral/Talc-filled)","9.76","9.76","0","¥/kg","held (no China evidence this round)","Thermoplastic",""
"material","mat-pp-lgf30","PP-LGF30 (Long-Glass PP)","18.66","18.66","0","¥/kg","held (no China evidence this round)","Thermoplastic",""
"material","mat-tpo","TPO (Thermoplastic Olefin)","14.61","14.61","0","¥/kg","held (no China evidence this round)","Thermoplastic",""
"material","mat-tpv","TPV (Santoprene-type)","25.08","25.08","0","¥/kg","held (no China evidence this round)","Thermoplastic Elastomer",""
"material","mat-pps-gf40","PPS GF40","47.37","47.37","0","¥/kg","held (no China evidence this round)","High-Performance Thermoplastic",""
"material","mat-ppa-gf35","PPA GF35 (High-Temp Polyamide)","58.57","58.57","0","¥/kg","held (no China evidence this round)","High-Performance Thermoplastic",""
"material","mat-pei","PEI (Ultem, Unfilled)","107.67","107.67","0","¥/kg","held (no China evidence this round)","High-Performance Thermoplastic",""
"material","mat-pei-gf30","PEI GF30","120.59","120.59","0","¥/kg","held (no China evidence this round)","High-Performance Thermoplastic",""
"material","mat-lcp-gf30","LCP GF30 (Liquid-Crystal Polymer)","94.75","94.75","0","¥/kg","held (no China evidence this round)","High-Performance Thermoplastic",""
"material","mat-pa66-gf35","PA66 GF35","25.79","25.79","0","¥/kg","held (no China evidence this round)","Thermoplastic",""
"material","mat-pa66-gf50","PA66 GF50","27.74","27.74","0","¥/kg","held (no China evidence this round)","Thermoplastic",""
"material","mat-pa66-min","PA66 Mineral-filled (Low-Warp)","23.44","23.44","0","¥/kg","held (no China evidence this round)","Thermoplastic",""
"material","mat-pa12","PA12 (Nylon 12)","66.42","66.42","0","¥/kg","held (no China evidence this round)","Thermoplastic",""
"material","mat-pc-pbt","PC/PBT Blend","25.01","25.01","0","¥/kg","held (no China evidence this round)","Thermoplastic",""
"material","mat-mppe","mPPE / PPO (Noryl-type)","26.57","26.57","0","¥/kg","held (no China evidence this round)","Thermoplastic",""
"material","mat-pc-fr","PC FR (UL94 V0)","28.13","28.13","0","¥/kg","held (no China evidence this round)","Thermoplastic",""
"material","mat-pa66-gf25-fr","PA66 GF25 FR (UL94 V0)","32.82","32.82","0","¥/kg","held (no China evidence this round)","Thermoplastic",""
"material","mat-pcr-pp","PCR PP (Post-Consumer Recycled)","6.91","6.91","0","¥/kg","held (no China evidence this round)","Thermoplastic",""
"material","mat-bio-pa610","Bio-PA610 (Castor-based)","47.37","47.37","0","¥/kg","held (no China evidence this round)","High-Performance Thermoplastic",""
"material","mat-inconel718-cast","Inconel 718 (Investment Cast Superalloy)","362.12","362.12","0","¥/kg","held (no China evidence this round)","Nickel Superalloy Casting",""
"material","mat-ss17-4ph-bar","17-4PH (PH Stainless Bar)","68.54","68.54","0","¥/kg","held (no China evidence this round)","Stainless Steel Billet",""
"material","mat-ss15-5ph-bar","15-5PH (PH Stainless Bar)","72.97","72.97","0","¥/kg","held (no China evidence this round)","Stainless Steel Billet",""
"material","mat-al6061-forge","6061 (Al Forging Stock)","28.77","28.77","0","¥/kg","held (no China evidence this round)","Aluminium Forging Billet",""
"material","mat-al-billet-1050","EN AW-1050A (99.5% Al) extrusion billet","20.15","20.15","0","¥/kg","held (no China evidence this round)","Aluminium Extrusion Billet",""
"material","mat-al-billet-1100","AA 1100 (99.0% Al) extrusion billet","20.28","20.28","0","¥/kg","held (no China evidence this round)","Aluminium Extrusion Billet",""
"material","mat-al-billet-1350","EN AW-1350 (EC, electrical conductor) extrusion billet","20.55","20.55","0","¥/kg","held (no China evidence this round)","Aluminium Extrusion Billet",""
"material","mat-al-billet-2011","EN AW-2011 (Al-Cu6BiPb, free-machining) extrusion billet","27.1","27.1","0","¥/kg","held (no China evidence this round)","Aluminium Extrusion Billet",""
"material","mat-al-billet-2014","EN AW-2014 (Al-Cu4SiMg) extrusion billet","28.43","28.43","0","¥/kg","held (no China evidence this round)","Aluminium Extrusion Billet",""
"material","mat-al-billet-2024","EN AW-2024 (Al-Cu4Mg1) extrusion billet","29.77","29.77","0","¥/kg","held (no China evidence this round)","Aluminium Extrusion Billet",""
"material","mat-al-billet-3003","EN AW-3003 (Al-Mn1Cu) extrusion billet","20.68","20.68","0","¥/kg","held (no China evidence this round)","Aluminium Extrusion Billet",""
"material","mat-al-billet-3103","EN AW-3103 (Al-Mn1) extrusion billet","20.68","20.68","0","¥/kg","held (no China evidence this round)","Aluminium Extrusion Billet",""
"material","mat-al-billet-5083","EN AW-5083 (Al-Mg4.5Mn) extrusion billet","22.42","22.42","0","¥/kg","held (no China evidence this round)","Aluminium Extrusion Billet",""
"material","mat-al-billet-5086","EN AW-5086 (Al-Mg4) extrusion billet","22.29","22.29","0","¥/kg","held (no China evidence this round)","Aluminium Extrusion Billet",""
"material","mat-al-billet-5754","EN AW-5754 (Al-Mg3) extrusion billet","21.75","21.75","0","¥/kg","held (no China evidence this round)","Aluminium Extrusion Billet",""
"material","mat-al-billet-6008","EN AW-6008 (Al-SiMgV) extrusion billet","21.22","21.22","0","¥/kg","held (no China evidence this round)","Aluminium Extrusion Billet",""
"material","mat-al-billet-6026","EN AW-6026 (free-machining, lead-free) extrusion billet","23.09","23.09","0","¥/kg","held (no China evidence this round)","Aluminium Extrusion Billet",""
"material","mat-al-billet-6060","EN AW-6060 (Al-MgSi) extrusion billet","20.28","20.28","0","¥/kg","held (no China evidence this round)","Aluminium Extrusion Billet",""
"material","mat-al-billet-6061","EN AW-6061 (Al-Mg1SiCu) extrusion billet","21.42","21.42","0","¥/kg","held (no China evidence this round)","Aluminium Extrusion Billet",""
"material","mat-al-billet-6063","EN AW-6063 (Al-Mg0.7Si) extrusion billet","20.41","20.41","0","¥/kg","held (no China evidence this round)","Aluminium Extrusion Billet",""
"material","mat-al-billet-6082","EN AW-6082 (Al-Si1MgMn) extrusion billet","21.42","21.42","0","¥/kg","held (no China evidence this round)","Aluminium Extrusion Billet",""
"material","mat-al-billet-6101","EN AW-6101B (electrical) extrusion billet","20.81","20.81","0","¥/kg","held (no China evidence this round)","Aluminium Extrusion Billet",""
"material","mat-al-billet-6106","EN AW-6106 (Al-MgSiMn) extrusion billet","20.48","20.48","0","¥/kg","held (no China evidence this round)","Aluminium Extrusion Billet",""
"material","mat-al-billet-6351","EN AW-6351 (Al-Si1Mg0.5Mn) extrusion billet","21.42","21.42","0","¥/kg","held (no China evidence this round)","Aluminium Extrusion Billet",""
"material","mat-al-billet-7003","EN AW-7003 (Al-Zn6Mg0.8Zr) extrusion billet","22.75","22.75","0","¥/kg","held (no China evidence this round)","Aluminium Extrusion Billet",""
"material","mat-al-billet-7005","EN AW-7005 (Al-Zn4.5Mg1.5Mn) extrusion billet","22.95","22.95","0","¥/kg","held (no China evidence this round)","Aluminium Extrusion Billet",""
"material","mat-al-billet-7020","EN AW-7020 (Al-Zn4.5Mg1) extrusion billet","22.95","22.95","0","¥/kg","held (no China evidence this round)","Aluminium Extrusion Billet",""
"material","mat-al-billet-7046","EN AW-7046 (Al-Zn7Mg1.2) extrusion billet","23.22","23.22","0","¥/kg","held (no China evidence this round)","Aluminium Extrusion Billet",""
"material","mat-al-billet-7075","EN AW-7075 (Al-Zn5.5MgCu) extrusion billet","28.43","28.43","0","¥/kg","held (no China evidence this round)","Aluminium Extrusion Billet",""
"material","mat-al-billet-7108","EN AW-7108 (Al-Zn5Mg1Zr) extrusion billet","22.75","22.75","0","¥/kg","held (no China evidence this round)","Aluminium Extrusion Billet",""
"material","mat-al-billet-1070a","EN AW-1070A (99.7% Al) extrusion billet","20.21","20.21","0","¥/kg","held (no China evidence this round)","Aluminium Extrusion Billet",""
"material","mat-al-billet-6063a","EN AW-6063A (Al-Mg0.7Si(A)) extrusion billet","20.55","20.55","0","¥/kg","held (no China evidence this round)","Aluminium Extrusion Billet",""
"material","mat-al-billet-6005a","EN AW-6005A (Al-SiMg(A)) extrusion billet","20.95","20.95","0","¥/kg","held (no China evidence this round)","Aluminium Extrusion Billet",""
"material","mat-al-billet-2017a","EN AW-2017A (Al-Cu4MgSi) extrusion billet","28.43","28.43","0","¥/kg","held (no China evidence this round)","Aluminium Extrusion Billet",""
"material","mat-hadfield","G-X120Mn12 / 1.3401 (Hadfield austenitic manganese wear steel)","16.21","16.21","0","¥/kg","held (no China evidence this round)","Cast Wear Steel",""
"material","mat-in713c-cast","Inconel 713C (investment-cast superalloy — turbocharger wheels)","375.47","375.47","0","¥/kg","held (no China evidence this round)","Nickel Superalloy Casting",""
"material","mat-lg2-gunmetal","LG2 / CC491K (leaded gunmetal CuSn5Zn5Pb5)","98.54","98.54","0","¥/kg","held (no China evidence this round)","Copper Alloy",""
"material","mat-ab2-cast","AB2 / CC333G (nickel-aluminium bronze CuAl10Fe5Ni5)","82.17","82.17","0","¥/kg","held (no China evidence this round)","Copper Alloy",""
"material","mat-brass-cast-cb754","CC754S / CuZn39Pb1Al-C (gravity / die-cast brass)","67.88","67.88","0","¥/kg","held (no China evidence this round)","Copper Alloy",""
"material","mat-ss2205-bar","2205 / 1.4462 / F51 (duplex stainless forging bar)","47.24","47.24","0","¥/kg","held (no China evidence this round)","Stainless Steel Billet",""
"material","mat-al2014-forge","2014 (Al-Cu forging stock — aero and automotive)","30.92","30.92","0","¥/kg","held (no China evidence this round)","Aluminium Forging Billet",""
"material","mat-ab2-forge","CW307G / CuAl10Ni5Fe4 (nickel-aluminium bronze forging bar)","86.14","86.14","0","¥/kg","held (no China evidence this round)","Copper Alloy Billet",""
"material","mat-tpe-s-im","TPE-S (SEBS) 60 Shore A — overmould grade","20.32","20.32","0","¥/kg","held (no China evidence this round)","Thermoplastic Elastomer",""
"material","mat-psu","PSU (Polysulfone)","73.22","73.22","0","¥/kg","held (no China evidence this round)","High-Performance Thermoplastic",""
"material","mat-ppsu","PPSU (Polyphenylsulfone, Radel-type)","137.82","137.82","0","¥/kg","held (no China evidence this round)","High-Performance Thermoplastic",""
"material","mat-pla","PLA (injection grade)","17.5","17.5","0","¥/kg","held (no China evidence this round)","Thermoplastic",""
"material","mat-pc-gf20","PC GF20","18.52","18.52","0","¥/kg","held (no China evidence this round)","Thermoplastic",""
"material","mat-aa1050-sheet","AA1050A-H14 Sheet (heat shields, reflectors)","25.93","25.93","0","¥/kg","held (no China evidence this round)","Aluminium Sheet",""
"material","mat-al7075-bar","7075-T6 Aluminium Bar (aerospace, tooling)","41.78","41.78","0","¥/kg","held (no China evidence this round)","Aluminium",""
"material","mat-al6082-forge","6082 (Al Forging Stock)","27.91","27.91","0","¥/kg","held (no China evidence this round)","Aluminium Forging Billet",""
"material","mat-al7075-forge","7075 (Al Forging Stock)","39.62","39.62","0","¥/kg","held (no China evidence this round)","Aluminium Forging Billet",""
"material","mat-al2618-forge","2618 (Al-Cu Piston/Aero)","44.62","44.62","0","¥/kg","held (no China evidence this round)","Aluminium Forging Billet",""
"material","mat-ti-cp-gr2","CP Titanium Grade 2 (Forging Bar)","220.42","220.42","0","¥/kg","held (no China evidence this round)","Titanium Forging Billet",""
"material","mat-ti-6al4v-forge","Ti-6Al-4V Grade 5 (Forging Bar)","324.13","324.13","0","¥/kg","held (no China evidence this round)","Titanium Forging Billet",""
"material","mat-inconel718-forge","Inconel 718 (Forging Bar)","379.34","379.34","0","¥/kg","held (no China evidence this round)","Nickel Superalloy Billet",""
"material","mat-waspaloy-forge","Waspaloy (Forging Bar)","603.3","603.3","0","¥/kg","held (no China evidence this round)","Nickel Superalloy Billet",""
"material","mat-inconel625-forge","Inconel 625 (Forging Bar)","327.75","327.75","0","¥/kg","held (no China evidence this round)","Nickel Superalloy Billet",""
"material","mat-hastelloy-c276-forge","Hastelloy C-276 (Forging Bar)","474.09","474.09","0","¥/kg","held (no China evidence this round)","Nickel Superalloy Billet",""
"material","mat-monel400-forge","Monel 400 (Forging Bar)","243.51","243.51","0","¥/kg","held (no China evidence this round)","Nickel Alloy Billet",""
"material","mat-ti-6242-forge","Ti-6Al-2Sn-4Zr-2Mo (Forging Bar)","444.89","444.89","0","¥/kg","held (no China evidence this round)","Titanium Forging Billet",""
"material","mat-al7050-forge","7050 (Al-Zn Aero Forging Stock)","73.22","73.22","0","¥/kg","held (no China evidence this round)","Aluminium Forging Billet",""
"material","mat-mg-az31-forge","AZ31B (Mg Forging Bar)","54.35","54.35","0","¥/kg","held (no China evidence this round)","Magnesium Forging Billet",""
"material","mat-paint-ecoat","E-coat (Cathodic)","27.12","27.12","0","¥/kg","held (no China evidence this round)","Paint",""
"material","mat-paint-primer","2K Primer","44.96","44.96","0","¥/kg","held (no China evidence this round)","Paint",""
"material","mat-paint-basecoat","Waterborne Basecoat","63.53","63.53","0","¥/kg","held (no China evidence this round)","Paint",""
"material","mat-paint-clearcoat","2K Clearcoat","73.56","73.56","0","¥/kg","held (no China evidence this round)","Paint",""
"material","mat-paint-powder","Powder Coat (Polyester)","24.76","24.76","0","¥/kg","held (no China evidence this round)","Paint",""
"material","mat-paint-1k-primer","1K Etch Primer","39.8","39.8","0","¥/kg","held (no China evidence this round)","Paint",""
"material","mat-paint-sb-basecoat","Solventborne Basecoat","67.81","67.81","0","¥/kg","held (no China evidence this round)","Paint",""
"material","mat-paint-uv-clear","UV-Cure Clearcoat","106.87","106.87","0","¥/kg","held (no China evidence this round)","Paint",""
"material","mat-paint-pvc-underbody","PVC Underbody / Anti-Chip Sealer","18.94","18.94","0","¥/kg","held (no China evidence this round)","Paint",""
"material","mat-petg-bm","PETG Clear Blow Grade","17.04","17.04","0","¥/kg","held (no China evidence this round)","Blow Moulding",""
"material","mat-tpe-bm","TPE Blow Grade 40 Shore A","19.38","19.38","0","¥/kg","held (no China evidence this round)","Blow Moulding",""
"material","mat-eva-bm","EVA Blow Grade (14% VA)","14.46","14.46","0","¥/kg","held (no China evidence this round)","Blow Moulding",""
"material","mat-tritan-bm","Tritan Copolyester (BPA-free clear)","50.79","50.79","0","¥/kg","held (no China evidence this round)","Blow Moulding",""
"material","mat-biope-bm","Bio-PE Blow Grade (sugarcane HDPE)","17.19","17.19","0","¥/kg","held (no China evidence this round)","Blow Moulding",""
"material","mat-rhdpe-bm","Recycled HDPE Blow Grade (PCR)","7.35","7.35","0","¥/kg","held (no China evidence this round)","Blow Moulding",""
"material","mat-rpp-bm","Recycled PP Blow Grade (PCR)","7.19","7.19","0","¥/kg","held (no China evidence this round)","Blow Moulding",""
"material","mat-xlpe-cable","XLPE Cable Insulation Compound","18.65","18.65","0","¥/kg","held (no China evidence this round)","Extrusion",""
"material","mat-pvc-medical-tube","Medical PVC Tubing Compound (DEHP-free)","14.65","14.65","0","¥/kg","held (no China evidence this round)","Extrusion",""
"material","mat-tpu-medical-tube","Medical TPU Tubing (85A)","53.28","53.28","0","¥/kg","held (no China evidence this round)","Extrusion",""
"material","mat-tpe-profile","TPE-S Extrusion Profile (60 Shore A)","18.65","18.65","0","¥/kg","held (no China evidence this round)","Extrusion",""
"material","mat-pa12-ext-tube","PA12 Extrusion (fuel/brake line tube)","51.5","51.5","0","¥/kg","held (no China evidence this round)","Extrusion",""
"material","mat-pa11-tube","PA11 Tube Grade (Rilsan-type, bio-based)","46.58","46.58","0","¥/kg","held (no China evidence this round)","Extrusion",""
"material","mat-pvdf-ext","PVDF Extrusion Grade (homopolymer)","66.55","66.55","0","¥/kg","held (no China evidence this round)","Extrusion",""
"material","mat-tpv-profile","TPV Extrusion Profile (EPDM/PP, automotive weatherseal)","23.66","23.66","0","¥/kg","held (no China evidence this round)","Extrusion",""
"material","mat-asa-capstock","ASA Capstock Grade (co-extruded weather layer)","16.51","16.51","0","¥/kg","held (no China evidence this round)","Extrusion",""
"material","mat-mb-colour","Colour Masterbatch (universal)","34.12","34.12","0","¥/kg","held (no China evidence this round)","Additive / Masterbatch",""
"material","mat-mb-white-tio2","White Masterbatch (70% TiO₂)","24.25","24.25","0","¥/kg","held (no China evidence this round)","Additive / Masterbatch",""
"material","mat-mb-black","Black Masterbatch (40% carbon)","16.44","16.44","0","¥/kg","held (no China evidence this round)","Additive / Masterbatch",""
"material","mat-add-uv","UV Stabiliser Masterbatch (HALS)","50.12","50.12","0","¥/kg","held (no China evidence this round)","Additive / Masterbatch",""
"material","mat-add-antistat","Anti-Static Additive Masterbatch","40.54","40.54","0","¥/kg","held (no China evidence this round)","Additive / Masterbatch",""
"material","mat-add-fr","Flame-Retardant Masterbatch (halogen-free)","30.96","30.96","0","¥/kg","held (no China evidence this round)","Additive / Masterbatch",""
"material","mat-add-impact","Impact Modifier (acrylic/CPE)","22.85","22.85","0","¥/kg","held (no China evidence this round)","Additive / Masterbatch",""
"material","mat-add-procaid","Processing Aid (fluoropolymer PPA)","62.65","62.65","0","¥/kg","held (no China evidence this round)","Additive / Masterbatch",""
"material","mat-hips-tf","HIPS Thermoforming Sheet","11.1","11.1","0","¥/kg","held (no China evidence this round)","Thermoforming Sheet",""
"material","mat-petg-tf","PETG Thermoforming Sheet (clear)","13.76","13.76","0","¥/kg","held (no China evidence this round)","Thermoforming Sheet",""
"material","mat-cpet-tf","CPET Sheet (crystalline, dual-ovenable)","13.14","13.14","0","¥/kg","held (no China evidence this round)","Thermoforming Sheet",""
"material","mat-ps-foam-tf","PS Foam Sheet (foamed tray stock)","15.18","15.18","0","¥/kg","held (no China evidence this round)","Thermoforming Sheet",""
"material","mat-pei-tf","PEI (Ultem) Sheet (aerospace)","235.32","235.32","0","¥/kg","held (no China evidence this round)","Thermoforming Sheet",""
"material","mat-pps-tf","PPS Sheet (high-temp)","115.44","115.44","0","¥/kg","held (no China evidence this round)","Thermoforming Sheet",""
"material","mat-abs-pmma-tf","ABS/PMMA Co-ex Sheet (capped)","19.89","19.89","0","¥/kg","held (no China evidence this round)","Thermoforming Sheet",""
"material","mat-abs-pc-tf","ABS/PC Co-ex Sheet","24.42","24.42","0","¥/kg","held (no China evidence this round)","Thermoforming Sheet",""
"material","mat-pp-tpo-tf","PP/TPO Automotive Sheet","14.39","14.39","0","¥/kg","held (no China evidence this round)","Thermoforming Sheet",""
"material","mat-petg-barrier-tf","PETG/EVOH Barrier Sheet","18.65","18.65","0","¥/kg","held (no China evidence this round)","Thermoforming Sheet",""
"material","mat-pa12-roto","PA12 Roto Powder","74.24","74.24","0","¥/kg","held (no China evidence this round)","Rotational Moulding",""
"material","mat-rpe-roto","Recycled PE Roto Powder","7.35","7.35","0","¥/kg","held (no China evidence this round)","Rotational Moulding",""
"material","mat-epdm","EPDM 70 Shore A","16.37","16.37","0","¥/kg","held (no China evidence this round)","Rubber",""
"material","mat-nbr","NBR 70 Shore A","19.98","19.98","0","¥/kg","held (no China evidence this round)","Rubber",""
"material","mat-silicone-hcr","HCR Silicone 60 Shore A","76.83","76.83","0","¥/kg","held (no China evidence this round)","Rubber",""
"material","mat-lsr","LSR 40 Shore A","135.66","135.66","0","¥/kg","held (no China evidence this round)","Rubber",""
"material","mat-viton-fkm","FKM Viton 75 Shore A","198.97","198.97","0","¥/kg","held (no China evidence this round)","Rubber",""
"material","mat-sbr","SBR 65 Shore A","12.49","12.49","0","¥/kg","held (no China evidence this round)","Rubber",""
"material","mat-cr","CR Neoprene 60 Shore A","33.33","33.33","0","¥/kg","held (no China evidence this round)","Rubber",""
"material","mat-hnbr","HNBR 70 Shore A","48.67","48.67","0","¥/kg","held (no China evidence this round)","Rubber",""
"material","mat-iir","Butyl Rubber IIR 55 Shore A","18.78","18.78","0","¥/kg","held (no China evidence this round)","Rubber",""
"material","mat-pu-elastomer","Polyurethane Elastomer 70 Shore A","36.61","36.61","0","¥/kg","held (no China evidence this round)","Rubber",""
"material","mat-fvmq","FVMQ Fluorosilicone 60 Shore A","292.86","292.86","0","¥/kg","held (no China evidence this round)","Rubber",""
"material","mat-acm","ACM Polyacrylate 70 Shore A","58.57","58.57","0","¥/kg","held (no China evidence this round)","Rubber",""
"material","mat-aem","AEM (Vamac) 60 Shore A","81.83","81.83","0","¥/kg","held (no China evidence this round)","Rubber",""
"material","mat-eco","ECO Epichlorohydrin 65 Shore A","50.82","50.82","0","¥/kg","held (no China evidence this round)","Rubber",""
"material","mat-csm","CSM Hypalon 65 Shore A","53.4","53.4","0","¥/kg","held (no China evidence this round)","Rubber",""
"material","mat-br","BR Polybutadiene (high-cis) 60 Shore A","15.07","15.07","0","¥/kg","held (no China evidence this round)","Rubber",""
"material","mat-bromobutyl","Bromobutyl (BIIR) 50 Shore A","24.55","24.55","0","¥/kg","held (no China evidence this round)","Rubber",""
"material","mat-chlorobutyl","Chlorobutyl (CIIR) 55 Shore A","23.69","23.69","0","¥/kg","held (no China evidence this round)","Rubber",""
"material","mat-ffkm","FFKM Perfluoroelastomer (Kalrez-type) 75 Shore A","2756.35","2756.35","0","¥/kg","held (no China evidence this round)","Rubber",""
"material","mat-nbr-high-acn","NBR High-ACN (fuel) 75 Shore A","21.96","21.96","0","¥/kg","held (no China evidence this round)","Rubber",""
"material","mat-epdm-peroxide","EPDM Peroxide-Cured 70 Shore A","18.52","18.52","0","¥/kg","held (no China evidence this round)","Rubber",""
"material","mat-silicone-medical","LSR Medical-Grade 30 Shore A","142.12","142.12","0","¥/kg","held (no China evidence this round)","Rubber",""
"material","mat-cfrp-prepreg-t700","T700 CF/Epoxy Prepreg (125°C cure)","247.65","247.65","0","¥/kg","held (no China evidence this round)","Composite",""
"material","mat-gfrp-prepreg-e","E-glass/Epoxy Prepreg (120°C cure)","58.08","58.08","0","¥/kg","held (no China evidence this round)","Composite",""
"material","mat-cf-dry-3k","Carbon Fibre 3K Twill Dry Fabric","185.73","185.73","0","¥/kg","held (no China evidence this round)","Composite",""
"material","mat-gf-dry-e","E-glass Woven Dry Fabric (600 g/m²)","29.41","29.41","0","¥/kg","held (no China evidence this round)","Composite",""
"material","mat-epoxy-infusion","Epoxy Infusion Resin System (LT cure)","100.61","100.61","0","¥/kg","held (no China evidence this round)","Composite",""
"material","mat-vinylester-rtm","Vinyl Ester RTM Resin","40.24","40.24","0","¥/kg","held (no China evidence this round)","Composite",""
"material","mat-aramid-k49","Aramid (Kevlar 49) Woven Fabric","232.17","232.17","0","¥/kg","held (no China evidence this round)","Composite",""
"material","mat-cf-uni-t800","T800 Unidirectional CF/Epoxy Prepreg","339.04","339.04","0","¥/kg","held (no China evidence this round)","Composite",""
"material","mat-smc-gf","SMC (Glass-Filled Sheet Moulding Compound)","21.01","21.01","0","¥/kg","held (no China evidence this round)","Composite",""
"material","mat-bmc","BMC (Bulk Moulding Compound)","22.85","22.85","0","¥/kg","held (no China evidence this round)","Composite",""
"material","mat-csm-gf","E-glass Chopped Strand Mat (450 g/m²)","23.59","23.59","0","¥/kg","held (no China evidence this round)","Composite",""
"material","mat-cf-peek-organo","CF/PEEK Organosheet (Thermoplastic)","456.96","456.96","0","¥/kg","held (no China evidence this round)","Composite",""
"material","mat-nomex-honeycomb","Nomex Honeycomb Core","309.56","309.56","0","¥/kg","held (no China evidence this round)","Composite",""
"material","mat-pet-foam-core","PET Structural Foam Core","70.02","70.02","0","¥/kg","held (no China evidence this round)","Composite",""
"labour","category:skilled","skilled","71.75","33.12","-53.84","¥/h fully loaded","updated","2×12 h model: (annual pay incl. OT & bonus 85,059 + employer SI & HPF at floor 17,932) ÷ 3,113 h","labour.skilled.monthlyGross.clusterAvg"
"labour","category:semiskilled","semiskilled","49.91","31.7","-36.49","¥/h fully loaded","updated","2×12 h model: (annual pay incl. OT & bonus 80,667 + employer SI & HPF at floor 17,932) ÷ 3,113 h","https://www.stats.gov.cn/zs/tjwh/tjkw/tjqk/zgxxb/202605/P020260519307748967261.pdf"
"labour","category:foundry","foundry","45.38","31.7","-30.15","¥/h fully loaded","updated","2×12 h model: (annual pay incl. OT & bonus 80,667 + employer SI & HPF at floor 17,932) ÷ 3,113 h","https://www.stats.gov.cn/zs/tjwh/tjkw/tjqk/zgxxb/202605/P020260519307748967261.pdf"
"labour","category:electronics","electronics","58.96","33.3","-43.52","¥/h fully loaded","updated","2×12 h model: (annual pay incl. OT & bonus 85,800 + employer SI & HPF at floor 17,932) ÷ 3,113 h","https://www.jobui.com/salary/quanguo-smttiepianjicaozuoyuan/"
"labour","category:inspector","inspector","72.64","30.81","-57.59","¥/h fully loaded","updated","2×12 h model: (annual pay incl. OT & bonus 78,000 + employer SI & HPF at floor 17,932) ÷ 3,113 h","https://www.zhaopin.com/zhaopin/00317a19a8314b26b64902b5680454d3/"
"labour","category:technician","technician","78.85","39.6","-49.78","¥/h fully loaded","updated","2×12 h model: (annual pay incl. OT & bonus 105,300 + employer SI & HPF at floor 17,932) ÷ 3,113 h","https://www.jobui.com/salary/quanguo-shebeiweixiugong/"
"labour","category:supervisor","supervisor","96.88","41.47","-57.19","¥/h fully loaded","updated","2×12 h model: (annual pay incl. OT & bonus 111,150 + employer SI & HPF at floor 17,932) ÷ 3,113 h","https://www.jobui.com/salary/quanguo-shengchanzuchang/"
"labour","category:engineer","engineer","163.39","99.1","-39.35","¥/h fully loaded","updated","Salaried, standard hours: (148,391 + 12 × (24.8% avg employer SI × 12,366 = 3,066.8 + 5% HPF 618.3)) ÷ 1,944 h = (148,391 + 44,221) ÷ 1,944. SI on actual pay (below every cluster cap).","https://www.stats.gov.cn/zs/tjwh/tjkw/tjqk/zgxxb/202605/P020260519307748967261.pdf"
"labour","lab-uk-forge (China)","forge","46.35","31.7","-31.61","¥/h fully loaded","updated","2×12 h model: (annual pay incl. OT & bonus 80,667 + employer SI & HPF at floor 17,932) ÷ 3,113 h","https://www.stats.gov.cn/zs/tjwh/tjkw/tjqk/zgxxb/202605/P020260519307748967261.pdf"
"labour","lab-uk-furnace (China)","furnace","45.38","31.7","-30.15","¥/h fully loaded","updated","2×12 h model: (annual pay incl. OT & bonus 80,667 + employer SI & HPF at floor 17,932) ÷ 3,113 h","https://www.stats.gov.cn/zs/tjwh/tjkw/tjqk/zgxxb/202605/P020260519307748967261.pdf"
"labour","lab-uk-blow (China)","blow","46.71","31.7","-32.13","¥/h fully loaded","updated","2×12 h model: (annual pay incl. OT & bonus 80,667 + employer SI & HPF at floor 17,932) ÷ 3,113 h","https://www.stats.gov.cn/zs/tjwh/tjkw/tjqk/zgxxb/202605/P020260519307748967261.pdf"
"labour","lab-uk-roto (China)","roto","46.71","31.7","-32.13","¥/h fully loaded","updated","2×12 h model: (annual pay incl. OT & bonus 80,667 + employer SI & HPF at floor 17,932) ÷ 3,113 h","https://www.stats.gov.cn/zs/tjwh/tjkw/tjqk/zgxxb/202605/P020260519307748967261.pdf"
"labour","lab-uk-thermoform (China)","thermoform","46.71","31.7","-32.13","¥/h fully loaded","updated","2×12 h model: (annual pay incl. OT & bonus 80,667 + employer SI & HPF at floor 17,932) ÷ 3,113 h","https://www.stats.gov.cn/zs/tjwh/tjkw/tjqk/zgxxb/202605/P020260519307748967261.pdf"
"labour","lab-uk-trim-router (China)","trim-router","49.91","33.12","-33.64","¥/h fully loaded","updated","2×12 h model: (annual pay incl. OT & bonus 85,059 + employer SI & HPF at floor 17,932) ÷ 3,113 h","labour.skilled.monthlyGross.clusterAvg"
"energy","electricity","industrial electricity","0.63","0.63","0","¥/kWh","held (evidence agrees)","Gas: non-residential pipeline gas, Shanghai ¥4.12 / Wuxi ¥3.86 / Guangzhou ¥4.47 (2025) / Chongqing ¥3.37 (seasonal mean) / Wuhan ¥3.71 per m³ incl. 9% VAT — cluster mean ¥3.88 ÷ 1.09 ÷ 10 kWh/m³ = ¥0.356/kWh (NDRC 36-city industrial average ¥0.328 agrees); the book had ¥0.27. Electricity HELD at ¥0.63: the national Sep 2026 1–10 kV TOU average for a 24-h two-shift load is ¥0.594 ex-VAT (¥0.672 incl.), Chongqing ¥0.724 — the book sits inside; provincial all-in averages for Shanghai, Jiangsu, Guangdong, Hubei not found","derived ; https://www.ceicdata.com/zh-hans/china/price-monitoring-center-ndrc-36-city-monthly-avg-transaction-price-production-material/cn-usage-price-36-city-avg-natural-gas-natural-gas-for-industry ; https://www.sohu.com/a/1074364039_122014422 ; https://finance.sina.com.cn/wm/2026-07-06/doc-inifwscq1812919.shtml"
"energy","gas","industrial gas","0.27","0.36","33.33","¥/kWh","updated","Gas: non-residential pipeline gas, Shanghai ¥4.12 / Wuxi ¥3.86 / Guangzhou ¥4.47 (2025) / Chongqing ¥3.37 (seasonal mean) / Wuhan ¥3.71 per m³ incl. 9% VAT — cluster mean ¥3.88 ÷ 1.09 ÷ 10 kWh/m³ = ¥0.356/kWh (NDRC 36-city industrial average ¥0.328 agrees); the book had ¥0.27. Electricity HELD at ¥0.63: the national Sep 2026 1–10 kV TOU average for a 24-h two-shift load is ¥0.594 ex-VAT (¥0.672 incl.), Chongqing ¥0.724 — the book sits inside; provincial all-in averages for Shanghai, Jiangsu, Guangdong, Hubei not found","derived ; https://www.ceicdata.com/zh-hans/china/price-monitoring-center-ndrc-36-city-monthly-avg-transaction-price-production-material/cn-usage-price-36-city-avg-natural-gas-natural-gas-for-industry ; https://www.sohu.com/a/1074364039_122014422 ; https://finance.sina.com.cn/wm/2026-07-06/doc-inifwscq1812919.shtml"
"machine","mach-lathe-cnc","CNC Lathe (2-axis)","34.95","19.07","-45.44","¥/h machine only","updated (China capex + operating model)","China book 2026-10-10: capex £24,259 (cnc-lathe-domestic: mach-lathe-cnc £24,259 — Headman 浙海德曼 2025 slant-bed CNC lathe ¥215,423 (¥609M ÷ 2,827 units produced — an approximation)), 10-yr life, maintenance 3.5% of capex, finance 3.50% on half the capex; 73 m² at £34.42/m²/yr, 60,340 kWh at £0.071/kWh, support at 0.1335 of UK wages, 6,336 h × 0.8 (two 12-h shifts × 11 h worked × 24 days/month × 12 = 6,336 h (the labour model's pattern); PRC straight-line (time-based) depreciation — no shift uplift on held capital; PBoC 5-year LPR 3.5% (20 Sep 2026; 1-year 3.0%) — the book's line build-ups use 4% on half the capex; rent ¥25.47/m²/month (JLL Shanghai logistics rent Q2 2026 ¥31.94/m²/month (a ceiling for a factory) and Dongguan factory rents ¥10–28 (midpoint ¥19; estate-agent article, 2025) — mean; Wuhan / Chongqing averages not found (Chongqing listings ¥4–12 suggest this is high for the inland clusters)); maintenance the library's own line build-up rule (3.5% of capex); no Chinese norm found)","https://finance.sina.com.cn/stock/aigc/stockfs/2026-04-27/doc-inhvyknv2104372.shtml ; units: https://basic.10jqka.com.cn/688577/operate.html"
"machine","mach-vmc3","CNC VMC 3-axis","49.79","26.71","-46.35","¥/h machine only","updated (China capex + operating model)","China book 2026-10-10: capex £32,412 (cnc-vmc-domestic: mach-vmc3 £32,412 — Haitian Precision 海天精工 2025 VMC average selling price ¥287,817 ex-VAT (¥841M ÷ 2,922 units); delivery, options and installation not in it), 10-yr life, maintenance 3.5% of capex, finance 3.50% on half the capex; 110 m² at £34.42/m²/yr, 84,474 kWh at £0.071/kWh, support at 0.1335 of UK wages, 6,336 h × 0.8 (two 12-h shifts × 11 h worked × 24 days/month × 12 = 6,336 h (the labour model's pattern); PRC straight-line (time-based) depreciation — no shift uplift on held capital; PBoC 5-year LPR 3.5% (20 Sep 2026; 1-year 3.0%) — the book's line build-ups use 4% on half the capex; rent ¥25.47/m²/month (JLL Shanghai logistics rent Q2 2026 ¥31.94/m²/month (a ceiling for a factory) and Dongguan factory rents ¥10–28 (midpoint ¥19; estate-agent article, 2025) — mean; Wuhan / Chongqing averages not found (Chongqing listings ¥4–12 suggest this is high for the inland clusters)); maintenance the library's own line build-up rule (3.5% of capex); no Chinese norm found)","https://finance.sina.cn/2026-03-23/detail-inhrynrq1147454.d.html ; units: http://dataclouds.cninfo.com.cn/shgonggao/hsomarket/2026/20260323/71ad745b243c48e79d848681d7931b2a.PDF"
"machine","mach-vmc5","CNC VMC 5-axis","91.06","98.75","8.44","¥/h machine only","updated (China capex + operating model)","China book 2026-10-10: capex £273,097 (cnc-5axis-domestic: mach-vmc5 £273,097 — KEDE 科德数控 2024 five-axis average transaction price ¥2.4251M ex-VAT (its mix runs to large machines — top of range; Nawi IPO ¥2.0M)), 10-yr life, maintenance 3.5% of capex, finance 3.50% on half the capex; 165 m² at £34.42/m²/yr, 90,088 kWh at £0.071/kWh, support at 0.1335 of UK wages, 6,336 h × 0.78 (two 12-h shifts × 11 h worked × 24 days/month × 12 = 6,336 h (the labour model's pattern); PRC straight-line (time-based) depreciation — no shift uplift on held capital; PBoC 5-year LPR 3.5% (20 Sep 2026; 1-year 3.0%) — the book's line build-ups use 4% on half the capex; rent ¥25.47/m²/month (JLL Shanghai logistics rent Q2 2026 ¥31.94/m²/month (a ceiling for a factory) and Dongguan factory rents ¥10–28 (midpoint ¥19; estate-agent article, 2025) — mean; Wuhan / Chongqing averages not found (Chongqing listings ¥4–12 suggest this is high for the inland clusters)); maintenance the library's own line build-up rule (3.5% of capex); no Chinese norm found)","https://stcn.com/article/detail/1725042.html ; https://www.stcn.com/article/detail/1413392.html"
"machine","mach-drill","CNC Drilling Centre","29.67","16.05","-45.9","¥/h machine only","updated (China capex + operating model)","China book 2026-10-10: capex £16,501 (cnc-vmc-domestic: mach-vmc3 £32,412 × book size 0.509 — Haitian Precision 海天精工 2025 VMC average selling price ¥287,817 ex-VAT (¥841M ÷ 2,922 units); delivery, options and installation not in it), 10-yr life, maintenance 3.5% of capex, finance 3.50% on half the capex; 73 m² at £34.42/m²/yr, 54,309 kWh at £0.071/kWh, support at 0.1335 of UK wages, 6,336 h × 0.8 (two 12-h shifts × 11 h worked × 24 days/month × 12 = 6,336 h (the labour model's pattern); PRC straight-line (time-based) depreciation — no shift uplift on held capital; PBoC 5-year LPR 3.5% (20 Sep 2026; 1-year 3.0%) — the book's line build-ups use 4% on half the capex; rent ¥25.47/m²/month (JLL Shanghai logistics rent Q2 2026 ¥31.94/m²/month (a ceiling for a factory) and Dongguan factory rents ¥10–28 (midpoint ¥19; estate-agent article, 2025) — mean; Wuhan / Chongqing averages not found (Chongqing listings ¥4–12 suggest this is high for the inland clusters)); maintenance the library's own line build-up rule (3.5% of capex); no Chinese norm found)","https://finance.sina.cn/2026-03-23/detail-inhrynrq1147454.d.html ; units: http://dataclouds.cninfo.com.cn/shgonggao/hsomarket/2026/20260323/71ad745b243c48e79d848681d7931b2a.PDF"
"machine","mach-grind","CNC Cylindrical Grinder","251.34","157.27","-37.43","¥/h machine only","updated (China operating model; capital held — capex not sourced)","China book 2026-10-10: capital HELD at the book's UK × 0.55 (capex not sourced for China: the book's capital (UK × 0.55) is HELD; the China operating model (2 × 12 h hours, straight-line, LPR finance, rent, tariff, support at China wages) is applied): depreciation × 1.000 (shift pattern), maintenance per running hour held, finance re-rated 4% → 3.50%; 92 m² at £34.42/m²/yr, 192,830 kWh at £0.071/kWh, support at 0.1335 of UK wages, 6,336 h × 0.78 (two 12-h shifts × 11 h worked × 24 days/month × 12 = 6,336 h (the labour model's pattern); PRC straight-line (time-based) depreciation — no shift uplift on held capital; PBoC 5-year LPR 3.5% (20 Sep 2026; 1-year 3.0%) — the book's line build-ups use 4% on half the capex; rent ¥25.47/m²/month (JLL Shanghai logistics rent Q2 2026 ¥31.94/m²/month (a ceiling for a factory) and Dongguan factory rents ¥10–28 (midpoint ¥19; estate-agent article, 2025) — mean; Wuhan / Chongqing averages not found (Chongqing listings ¥4–12 suggest this is high for the inland clusters)); maintenance the library's own line build-up rule (3.5% of capex); no Chinese norm found)",""
"machine","gear-hob-small","CNC Gear Hobber — small (≤m4, ≤Ø200)","262.46","162.9","-37.93","¥/h machine only","updated (China operating model; capital held — capex not sourced)","China book 2026-10-10: capital HELD at the book's UK × 0.55 (capex not sourced for China: the book's capital (UK × 0.55) is HELD; the China operating model (2 × 12 h hours, straight-line, LPR finance, rent, tariff, support at China wages) is applied): depreciation × 1.000 (shift pattern), maintenance per running hour held, finance re-rated 4% → 3.50%; 101 m² at £34.42/m²/yr, 179,062 kWh at £0.071/kWh, support at 0.1335 of UK wages, 6,336 h × 0.8 (two 12-h shifts × 11 h worked × 24 days/month × 12 = 6,336 h (the labour model's pattern); PRC straight-line (time-based) depreciation — no shift uplift on held capital; PBoC 5-year LPR 3.5% (20 Sep 2026; 1-year 3.0%) — the book's line build-ups use 4% on half the capex; rent ¥25.47/m²/month (JLL Shanghai logistics rent Q2 2026 ¥31.94/m²/month (a ceiling for a factory) and Dongguan factory rents ¥10–28 (midpoint ¥19; estate-agent article, 2025) — mean; Wuhan / Chongqing averages not found (Chongqing listings ¥4–12 suggest this is high for the inland clusters)); maintenance the library's own line build-up rule (3.5% of capex); no Chinese norm found)",""
"machine","gear-hob-medium","CNC Gear Hobber — medium (≤m8, ≤Ø500)","360.79","223.32","-38.1","¥/h machine only","updated (China operating model; capital held — capex not sourced)","China book 2026-10-10: capital HELD at the book's UK × 0.55 (capex not sourced for China: the book's capital (UK × 0.55) is HELD; the China operating model (2 × 12 h hours, straight-line, LPR finance, rent, tariff, support at China wages) is applied): depreciation × 1.000 (shift pattern), maintenance per running hour held, finance re-rated 4% → 3.50%; 147 m² at £34.42/m²/yr, 234,153 kWh at £0.071/kWh, support at 0.1335 of UK wages, 6,336 h × 0.78 (two 12-h shifts × 11 h worked × 24 days/month × 12 = 6,336 h (the labour model's pattern); PRC straight-line (time-based) depreciation — no shift uplift on held capital; PBoC 5-year LPR 3.5% (20 Sep 2026; 1-year 3.0%) — the book's line build-ups use 4% on half the capex; rent ¥25.47/m²/month (JLL Shanghai logistics rent Q2 2026 ¥31.94/m²/month (a ceiling for a factory) and Dongguan factory rents ¥10–28 (midpoint ¥19; estate-agent article, 2025) — mean; Wuhan / Chongqing averages not found (Chongqing listings ¥4–12 suggest this is high for the inland clusters)); maintenance the library's own line build-up rule (3.5% of capex); no Chinese norm found)",""
"machine","gear-hob-large","CNC Gear Hobber — large (≤m25, ≤Ø1600)","668.86","401.1","-40.03","¥/h machine only","updated (China operating model; capital held — capex not sourced)","China book 2026-10-10: capital HELD at the book's UK × 0.55 (capex not sourced for China: the book's capital (UK × 0.55) is HELD; the China operating model (2 × 12 h hours, straight-line, LPR finance, rent, tariff, support at China wages) is applied): depreciation × 1.000 (shift pattern), maintenance per running hour held, finance re-rated 4% → 3.50%; 275 m² at £34.42/m²/yr, 376,972 kWh at £0.071/kWh, support at 0.1335 of UK wages, 6,336 h × 0.7 (two 12-h shifts × 11 h worked × 24 days/month × 12 = 6,336 h (the labour model's pattern); PRC straight-line (time-based) depreciation — no shift uplift on held capital; PBoC 5-year LPR 3.5% (20 Sep 2026; 1-year 3.0%) — the book's line build-ups use 4% on half the capex; rent ¥25.47/m²/month (JLL Shanghai logistics rent Q2 2026 ¥31.94/m²/month (a ceiling for a factory) and Dongguan factory rents ¥10–28 (midpoint ¥19; estate-agent article, 2025) — mean; Wuhan / Chongqing averages not found (Chongqing listings ¥4–12 suggest this is high for the inland clusters)); maintenance the library's own line build-up rule (3.5% of capex); no Chinese norm found)",""
"machine","gear-shaper-small","CNC Gear Shaper — small (≤m6, ≤Ø300)","263.47","164.05","-37.73","¥/h machine only","updated (China operating model; capital held — capex not sourced)","China book 2026-10-10: capital HELD at the book's UK × 0.55 (capex not sourced for China: the book's capital (UK × 0.55) is HELD; the China operating model (2 × 12 h hours, straight-line, LPR finance, rent, tariff, support at China wages) is applied): depreciation × 1.000 (shift pattern), maintenance per running hour held, finance re-rated 4% → 3.50%; 101 m² at £34.42/m²/yr, 165,284 kWh at £0.071/kWh, support at 0.1335 of UK wages, 6,336 h × 0.78 (two 12-h shifts × 11 h worked × 24 days/month × 12 = 6,336 h (the labour model's pattern); PRC straight-line (time-based) depreciation — no shift uplift on held capital; PBoC 5-year LPR 3.5% (20 Sep 2026; 1-year 3.0%) — the book's line build-ups use 4% on half the capex; rent ¥25.47/m²/month (JLL Shanghai logistics rent Q2 2026 ¥31.94/m²/month (a ceiling for a factory) and Dongguan factory rents ¥10–28 (midpoint ¥19; estate-agent article, 2025) — mean; Wuhan / Chongqing averages not found (Chongqing listings ¥4–12 suggest this is high for the inland clusters)); maintenance the library's own line build-up rule (3.5% of capex); no Chinese norm found)",""
"machine","gear-shaper-large","CNC Gear Shaper — large (≤m12, ≤Ø800)","438.2","264.85","-39.56","¥/h machine only","updated (China operating model; capital held — capex not sourced)","China book 2026-10-10: capital HELD at the book's UK × 0.55 (capex not sourced for China: the book's capital (UK × 0.55) is HELD; the China operating model (2 × 12 h hours, straight-line, LPR finance, rent, tariff, support at China wages) is applied): depreciation × 1.000 (shift pattern), maintenance per running hour held, finance re-rated 4% → 3.50%; 184 m² at £34.42/m²/yr, 260,980 kWh at £0.071/kWh, support at 0.1335 of UK wages, 6,336 h × 0.74 (two 12-h shifts × 11 h worked × 24 days/month × 12 = 6,336 h (the labour model's pattern); PRC straight-line (time-based) depreciation — no shift uplift on held capital; PBoC 5-year LPR 3.5% (20 Sep 2026; 1-year 3.0%) — the book's line build-ups use 4% on half the capex; rent ¥25.47/m²/month (JLL Shanghai logistics rent Q2 2026 ¥31.94/m²/month (a ceiling for a factory) and Dongguan factory rents ¥10–28 (midpoint ¥19; estate-agent article, 2025) — mean; Wuhan / Chongqing averages not found (Chongqing listings ¥4–12 suggest this is high for the inland clusters)); maintenance the library's own line build-up rule (3.5% of capex); no Chinese norm found)",""
"machine","gear-skive-small","Power Skiving Machine — small (≤m4, ≤Ø250)","395.54","245.96","-37.82","¥/h machine only","updated (China operating model; capital held — capex not sourced)","China book 2026-10-10: capital HELD at the book's UK × 0.55 (capex not sourced for China: the book's capital (UK × 0.55) is HELD; the China operating model (2 × 12 h hours, straight-line, LPR finance, rent, tariff, support at China wages) is applied): depreciation × 1.000 (shift pattern), maintenance per running hour held, finance re-rated 4% → 3.50%; 129 m² at £34.42/m²/yr, 220,385 kWh at £0.071/kWh, support at 0.1335 of UK wages, 6,336 h × 0.8 (two 12-h shifts × 11 h worked × 24 days/month × 12 = 6,336 h (the labour model's pattern); PRC straight-line (time-based) depreciation — no shift uplift on held capital; PBoC 5-year LPR 3.5% (20 Sep 2026; 1-year 3.0%) — the book's line build-ups use 4% on half the capex; rent ¥25.47/m²/month (JLL Shanghai logistics rent Q2 2026 ¥31.94/m²/month (a ceiling for a factory) and Dongguan factory rents ¥10–28 (midpoint ¥19; estate-agent article, 2025) — mean; Wuhan / Chongqing averages not found (Chongqing listings ¥4–12 suggest this is high for the inland clusters)); maintenance the library's own line build-up rule (3.5% of capex); no Chinese norm found)",""
"machine","gear-skive-medium","Power Skiving Machine — medium (≤m8, ≤Ø600)","550.59","342.57","-37.78","¥/h machine only","updated (China operating model; capital held — capex not sourced)","China book 2026-10-10: capital HELD at the book's UK × 0.55 (capex not sourced for China: the book's capital (UK × 0.55) is HELD; the China operating model (2 × 12 h hours, straight-line, LPR finance, rent, tariff, support at China wages) is applied): depreciation × 1.000 (shift pattern), maintenance per running hour held, finance re-rated 4% → 3.50%; 202 m² at £34.42/m²/yr, 303,031 kWh at £0.071/kWh, support at 0.1335 of UK wages, 6,336 h × 0.78 (two 12-h shifts × 11 h worked × 24 days/month × 12 = 6,336 h (the labour model's pattern); PRC straight-line (time-based) depreciation — no shift uplift on held capital; PBoC 5-year LPR 3.5% (20 Sep 2026; 1-year 3.0%) — the book's line build-ups use 4% on half the capex; rent ¥25.47/m²/month (JLL Shanghai logistics rent Q2 2026 ¥31.94/m²/month (a ceiling for a factory) and Dongguan factory rents ¥10–28 (midpoint ¥19; estate-agent article, 2025) — mean; Wuhan / Chongqing averages not found (Chongqing listings ¥4–12 suggest this is high for the inland clusters)); maintenance the library's own line build-up rule (3.5% of capex); no Chinese norm found)",""
"machine","gear-broach","Vertical Internal Gear Broach","290.86","179.75","-38.2","¥/h machine only","updated (China operating model; capital held — capex not sourced)","China book 2026-10-10: capital HELD at the book's UK × 0.55 (capex not sourced for China: the book's capital (UK × 0.55) is HELD; the China operating model (2 × 12 h hours, straight-line, LPR finance, rent, tariff, support at China wages) is applied): depreciation × 1.000 (shift pattern), maintenance per running hour held, finance re-rated 4% → 3.50%; 165 m² at £34.42/m²/yr, 206,608 kWh at £0.071/kWh, support at 0.1335 of UK wages, 6,336 h × 0.85 (two 12-h shifts × 11 h worked × 24 days/month × 12 = 6,336 h (the labour model's pattern); PRC straight-line (time-based) depreciation — no shift uplift on held capital; PBoC 5-year LPR 3.5% (20 Sep 2026; 1-year 3.0%) — the book's line build-ups use 4% on half the capex; rent ¥25.47/m²/month (JLL Shanghai logistics rent Q2 2026 ¥31.94/m²/month (a ceiling for a factory) and Dongguan factory rents ¥10–28 (midpoint ¥19; estate-agent article, 2025) — mean; Wuhan / Chongqing averages not found (Chongqing listings ¥4–12 suggest this is high for the inland clusters)); maintenance the library's own line build-up rule (3.5% of capex); no Chinese norm found)",""
"machine","gear-grind-generating","Generating Gear Grinder (threaded wheel, ≤m6)","598.18","377.58","-36.88","¥/h machine only","updated (China operating model; capital held — capex not sourced)","China book 2026-10-10: capital HELD at the book's UK × 0.55 (capex not sourced for China: the book's capital (UK × 0.55) is HELD; the China operating model (2 × 12 h hours, straight-line, LPR finance, rent, tariff, support at China wages) is applied): depreciation × 1.000 (shift pattern), maintenance per running hour held, finance re-rated 4% → 3.50%; 202 m² at £34.42/m²/yr, 378,785 kWh at £0.071/kWh, support at 0.1335 of UK wages, 6,336 h × 0.78 (two 12-h shifts × 11 h worked × 24 days/month × 12 = 6,336 h (the labour model's pattern); PRC straight-line (time-based) depreciation — no shift uplift on held capital; PBoC 5-year LPR 3.5% (20 Sep 2026; 1-year 3.0%) — the book's line build-ups use 4% on half the capex; rent ¥25.47/m²/month (JLL Shanghai logistics rent Q2 2026 ¥31.94/m²/month (a ceiling for a factory) and Dongguan factory rents ¥10–28 (midpoint ¥19; estate-agent article, 2025) — mean; Wuhan / Chongqing averages not found (Chongqing listings ¥4–12 suggest this is high for the inland clusters)); maintenance the library's own line build-up rule (3.5% of capex); no Chinese norm found)",""
"machine","gear-grind-profile","Profile Gear Grinder (form wheel, ≤m12)","786.45","480.51","-38.9","¥/h machine only","updated (China operating model; capital held — capex not sourced)","China book 2026-10-10: capital HELD at the book's UK × 0.55 (capex not sourced for China: the book's capital (UK × 0.55) is HELD; the China operating model (2 × 12 h hours, straight-line, LPR finance, rent, tariff, support at China wages) is applied): depreciation × 1.000 (shift pattern), maintenance per running hour held, finance re-rated 4% → 3.50%; 257 m² at £34.42/m²/yr, 449,466 kWh at £0.071/kWh, support at 0.1335 of UK wages, 6,336 h × 0.72 (two 12-h shifts × 11 h worked × 24 days/month × 12 = 6,336 h (the labour model's pattern); PRC straight-line (time-based) depreciation — no shift uplift on held capital; PBoC 5-year LPR 3.5% (20 Sep 2026; 1-year 3.0%) — the book's line build-ups use 4% on half the capex; rent ¥25.47/m²/month (JLL Shanghai logistics rent Q2 2026 ¥31.94/m²/month (a ceiling for a factory) and Dongguan factory rents ¥10–28 (midpoint ¥19; estate-agent article, 2025) — mean; Wuhan / Chongqing averages not found (Chongqing listings ¥4–12 suggest this is high for the inland clusters)); maintenance the library's own line build-up rule (3.5% of capex); no Chinese norm found)",""
"machine","gear-shave","Gear Shaving Machine","214.18","130.83","-38.92","¥/h machine only","updated (China operating model; capital held — capex not sourced)","China book 2026-10-10: capital HELD at the book's UK × 0.55 (capex not sourced for China: the book's capital (UK × 0.55) is HELD; the China operating model (2 × 12 h hours, straight-line, LPR finance, rent, tariff, support at China wages) is applied): depreciation × 1.000 (shift pattern), maintenance per running hour held, finance re-rated 4% → 3.50%; 92 m² at £34.42/m²/yr, 137,738 kWh at £0.071/kWh, support at 0.1335 of UK wages, 6,336 h × 0.8 (two 12-h shifts × 11 h worked × 24 days/month × 12 = 6,336 h (the labour model's pattern); PRC straight-line (time-based) depreciation — no shift uplift on held capital; PBoC 5-year LPR 3.5% (20 Sep 2026; 1-year 3.0%) — the book's line build-ups use 4% on half the capex; rent ¥25.47/m²/month (JLL Shanghai logistics rent Q2 2026 ¥31.94/m²/month (a ceiling for a factory) and Dongguan factory rents ¥10–28 (midpoint ¥19; estate-agent article, 2025) — mean; Wuhan / Chongqing averages not found (Chongqing listings ¥4–12 suggest this is high for the inland clusters)); maintenance the library's own line build-up rule (3.5% of capex); no Chinese norm found)",""
"machine","gear-hone","Gear Honing Machine","369.15","230.65","-37.52","¥/h machine only","updated (China operating model; capital held — capex not sourced)","China book 2026-10-10: capital HELD at the book's UK × 0.55 (capex not sourced for China: the book's capital (UK × 0.55) is HELD; the China operating model (2 × 12 h hours, straight-line, LPR finance, rent, tariff, support at China wages) is applied): depreciation × 1.000 (shift pattern), maintenance per running hour held, finance re-rated 4% → 3.50%; 129 m² at £34.42/m²/yr, 206,608 kWh at £0.071/kWh, support at 0.1335 of UK wages, 6,336 h × 0.78 (two 12-h shifts × 11 h worked × 24 days/month × 12 = 6,336 h (the labour model's pattern); PRC straight-line (time-based) depreciation — no shift uplift on held capital; PBoC 5-year LPR 3.5% (20 Sep 2026; 1-year 3.0%) — the book's line build-ups use 4% on half the capex; rent ¥25.47/m²/month (JLL Shanghai logistics rent Q2 2026 ¥31.94/m²/month (a ceiling for a factory) and Dongguan factory rents ¥10–28 (midpoint ¥19; estate-agent article, 2025) — mean; Wuhan / Chongqing averages not found (Chongqing listings ¥4–12 suggest this is high for the inland clusters)); maintenance the library's own line build-up rule (3.5% of capex); no Chinese norm found)",""
"machine","gear-deburr","Gear Chamfer / Deburr Cell","122.68","71.67","-41.58","¥/h machine only","updated (China operating model; capital held — capex not sourced)","China book 2026-10-10: capital HELD at the book's UK × 0.55 (capex not sourced for China: the book's capital (UK × 0.55) is HELD; the China operating model (2 × 12 h hours, straight-line, LPR finance, rent, tariff, support at China wages) is applied): depreciation × 1.000 (shift pattern), maintenance per running hour held, finance re-rated 4% → 3.50%; 73 m² at £34.42/m²/yr, 82,647 kWh at £0.071/kWh, support at 0.1335 of UK wages, 6,336 h × 0.82 (two 12-h shifts × 11 h worked × 24 days/month × 12 = 6,336 h (the labour model's pattern); PRC straight-line (time-based) depreciation — no shift uplift on held capital; PBoC 5-year LPR 3.5% (20 Sep 2026; 1-year 3.0%) — the book's line build-ups use 4% on half the capex; rent ¥25.47/m²/month (JLL Shanghai logistics rent Q2 2026 ¥31.94/m²/month (a ceiling for a factory) and Dongguan factory rents ¥10–28 (midpoint ¥19; estate-agent article, 2025) — mean; Wuhan / Chongqing averages not found (Chongqing listings ¥4–12 suggest this is high for the inland clusters)); maintenance the library's own line build-up rule (3.5% of capex); no Chinese norm found)",""
"machine","gear-induction","Gear Induction Hardening Cell (RF + quench + temper)","239.31","158.84","-33.63","¥/h machine only","updated (China operating model; capital held — capex not sourced)","China book 2026-10-10: capital HELD at the book's UK × 0.55 (capex not sourced for China: the book's capital (UK × 0.55) is HELD; the China operating model (2 × 12 h hours, straight-line, LPR finance, rent, tariff, support at China wages) is applied): depreciation × 1.000 (shift pattern), maintenance per running hour held, finance re-rated 4% → 3.50%; 83 m² at £34.42/m²/yr, 289,254 kWh at £0.071/kWh, support at 0.1335 of UK wages, 6,336 h × 0.8 (two 12-h shifts × 11 h worked × 24 days/month × 12 = 6,336 h (the labour model's pattern); PRC straight-line (time-based) depreciation — no shift uplift on held capital; PBoC 5-year LPR 3.5% (20 Sep 2026; 1-year 3.0%) — the book's line build-ups use 4% on half the capex; rent ¥25.47/m²/month (JLL Shanghai logistics rent Q2 2026 ¥31.94/m²/month (a ceiling for a factory) and Dongguan factory rents ¥10–28 (midpoint ¥19; estate-agent article, 2025) — mean; Wuhan / Chongqing averages not found (Chongqing listings ¥4–12 suggest this is high for the inland clusters)); maintenance the library's own line build-up rule (3.5% of capex); no Chinese norm found)",""
"machine","gear-checker","CNC Gear Checker (profile / lead / pitch)","270.22","154.31","-42.89","¥/h machine only","updated (China operating model; capital held — capex not sourced)","China book 2026-10-10: capital HELD at the book's UK × 0.55 (capex not sourced for China: the book's capital (UK × 0.55) is HELD; the China operating model (2 × 12 h hours, straight-line, LPR finance, rent, tariff, support at China wages) is applied): depreciation × 1.000 (shift pattern), maintenance per running hour held, finance re-rated 4% → 3.50%; 110 m² at £34.42/m²/yr, 68,869 kWh at £0.071/kWh, support at 0.1335 of UK wages, 6,336 h × 0.65 (two 12-h shifts × 11 h worked × 24 days/month × 12 = 6,336 h (the labour model's pattern); PRC straight-line (time-based) depreciation — no shift uplift on held capital; PBoC 5-year LPR 3.5% (20 Sep 2026; 1-year 3.0%) — the book's line build-ups use 4% on half the capex; rent ¥25.47/m²/month (JLL Shanghai logistics rent Q2 2026 ¥31.94/m²/month (a ceiling for a factory) and Dongguan factory rents ¥10–28 (midpoint ¥19; estate-agent article, 2025) — mean; Wuhan / Chongqing averages not found (Chongqing listings ¥4–12 suggest this is high for the inland clusters)); maintenance the library's own line build-up rule (3.5% of capex); no Chinese norm found)",""
"machine","bench-assembly","Assembly Workbench","3.22","1.56","-51.55","¥/h machine only","updated (China operating model; capital held — capex not sourced)","China book 2026-10-10: capital HELD at the book's UK × 0.55 (capex not sourced for China: the book's capital (UK × 0.55) is HELD; the China operating model (2 × 12 h hours, straight-line, LPR finance, rent, tariff, support at China wages) is applied): depreciation × 1.000 (shift pattern), maintenance per running hour held, finance re-rated 4% → 3.50%; 7 m² at £34.42/m²/yr, 2,071 kWh at £0.071/kWh, support at 0.1335 of UK wages, 6,336 h × 0.85 (two 12-h shifts × 11 h worked × 24 days/month × 12 = 6,336 h (the labour model's pattern); PRC straight-line (time-based) depreciation — no shift uplift on held capital; PBoC 5-year LPR 3.5% (20 Sep 2026; 1-year 3.0%) — the book's line build-ups use 4% on half the capex; rent ¥25.47/m²/month (JLL Shanghai logistics rent Q2 2026 ¥31.94/m²/month (a ceiling for a factory) and Dongguan factory rents ¥10–28 (midpoint ¥19; estate-agent article, 2025) — mean; Wuhan / Chongqing averages not found (Chongqing listings ¥4–12 suggest this is high for the inland clusters)); maintenance the library's own line build-up rule (3.5% of capex); no Chinese norm found)",""
"machine","mach-haas-vf2","HAAS VF-2 (3-axis Mill)","41.62","21.3","-48.82","¥/h machine only","updated (China capex + operating model)","China book 2026-10-10: capex £22,394 (cnc-vmc-domestic: mach-vmc3 £32,412 × book size 0.691 — Haitian Precision 海天精工 2025 VMC average selling price ¥287,817 ex-VAT (¥841M ÷ 2,922 units); delivery, options and installation not in it), 10-yr life, maintenance 3.5% of capex, finance 3.50% on half the capex; 46 m² at £34.42/m²/yr, 31,680 kWh at £0.071/kWh, support at 0.1335 of UK wages, 6,336 h × 0.5 (two 12-h shifts × 11 h worked × 24 days/month × 12 = 6,336 h (the labour model's pattern); PRC straight-line (time-based) depreciation — no shift uplift on held capital; PBoC 5-year LPR 3.5% (20 Sep 2026; 1-year 3.0%) — the book's line build-ups use 4% on half the capex; rent ¥25.47/m²/month (JLL Shanghai logistics rent Q2 2026 ¥31.94/m²/month (a ceiling for a factory) and Dongguan factory rents ¥10–28 (midpoint ¥19; estate-agent article, 2025) — mean; Wuhan / Chongqing averages not found (Chongqing listings ¥4–12 suggest this is high for the inland clusters)); maintenance the library's own line build-up rule (3.5% of capex); no Chinese norm found)","https://finance.sina.cn/2026-03-23/detail-inhrynrq1147454.d.html ; units: http://dataclouds.cninfo.com.cn/shgonggao/hsomarket/2026/20260323/71ad745b243c48e79d848681d7931b2a.PDF"
"machine","mach-dmg-dmu50","DMG Mori DMU 50 (5-axis Mill)","101.31","124.86","23.25","¥/h machine only","updated (China capex + operating model)","China book 2026-10-10: capex £244,339 (cnc-5axis-domestic: mach-vmc5 £273,097 × book size 0.895 — KEDE 科德数控 2024 five-axis average transaction price ¥2.4251M ex-VAT (its mix runs to large machines — top of range; Nawi IPO ¥2.0M)), 10-yr life, maintenance 3.5% of capex, finance 3.50% on half the capex; 73 m² at £34.42/m²/yr, 51,480 kWh at £0.071/kWh, support at 0.1335 of UK wages, 6,336 h × 0.5 (two 12-h shifts × 11 h worked × 24 days/month × 12 = 6,336 h (the labour model's pattern); PRC straight-line (time-based) depreciation — no shift uplift on held capital; PBoC 5-year LPR 3.5% (20 Sep 2026; 1-year 3.0%) — the book's line build-ups use 4% on half the capex; rent ¥25.47/m²/month (JLL Shanghai logistics rent Q2 2026 ¥31.94/m²/month (a ceiling for a factory) and Dongguan factory rents ¥10–28 (midpoint ¥19; estate-agent article, 2025) — mean; Wuhan / Chongqing averages not found (Chongqing listings ¥4–12 suggest this is high for the inland clusters)); maintenance the library's own line build-up rule (3.5% of capex); no Chinese norm found)","https://stcn.com/article/detail/1725042.html ; https://www.stcn.com/article/detail/1413392.html"
"machine","mach-haas-umc500","HAAS UMC-500 (5-axis Mill)","80.01","96.62","20.76","¥/h machine only","updated (China capex + operating model)","China book 2026-10-10: capex £186,842 (cnc-5axis-domestic: mach-vmc5 £273,097 × book size 0.684 — KEDE 科德数控 2024 five-axis average transaction price ¥2.4251M ex-VAT (its mix runs to large machines — top of range; Nawi IPO ¥2.0M)), 10-yr life, maintenance 3.5% of capex, finance 3.50% on half the capex; 64 m² at £34.42/m²/yr, 41,184 kWh at £0.071/kWh, support at 0.1335 of UK wages, 6,336 h × 0.5 (two 12-h shifts × 11 h worked × 24 days/month × 12 = 6,336 h (the labour model's pattern); PRC straight-line (time-based) depreciation — no shift uplift on held capital; PBoC 5-year LPR 3.5% (20 Sep 2026; 1-year 3.0%) — the book's line build-ups use 4% on half the capex; rent ¥25.47/m²/month (JLL Shanghai logistics rent Q2 2026 ¥31.94/m²/month (a ceiling for a factory) and Dongguan factory rents ¥10–28 (midpoint ¥19; estate-agent article, 2025) — mean; Wuhan / Chongqing averages not found (Chongqing listings ¥4–12 suggest this is high for the inland clusters)); maintenance the library's own line build-up rule (3.5% of capex); no Chinese norm found)","https://stcn.com/article/detail/1725042.html ; https://www.stcn.com/article/detail/1413392.html"
"machine","mach-mazak-qt200","Mazak Quick Turn 200 (Turning)","44.34","23.02","-48.08","¥/h machine only","updated (China capex + operating model)","China book 2026-10-10: capex £25,470 (cnc-lathe-domestic: mach-lathe-cnc £24,259 × book size 1.050 — Headman 浙海德曼 2025 slant-bed CNC lathe ¥215,423 (¥609M ÷ 2,827 units produced — an approximation)), 10-yr life, maintenance 3.5% of capex, finance 3.50% on half the capex; 46 m² at £34.42/m²/yr, 33,186 kWh at £0.071/kWh, support at 0.1335 of UK wages, 6,336 h × 0.5 (two 12-h shifts × 11 h worked × 24 days/month × 12 = 6,336 h (the labour model's pattern); PRC straight-line (time-based) depreciation — no shift uplift on held capital; PBoC 5-year LPR 3.5% (20 Sep 2026; 1-year 3.0%) — the book's line build-ups use 4% on half the capex; rent ¥25.47/m²/month (JLL Shanghai logistics rent Q2 2026 ¥31.94/m²/month (a ceiling for a factory) and Dongguan factory rents ¥10–28 (midpoint ¥19; estate-agent article, 2025) — mean; Wuhan / Chongqing averages not found (Chongqing listings ¥4–12 suggest this is high for the inland clusters)); maintenance the library's own line build-up rule (3.5% of capex); no Chinese norm found)","https://finance.sina.com.cn/stock/aigc/stockfs/2026-04-27/doc-inhvyknv2104372.shtml ; units: https://basic.10jqka.com.cn/688577/operate.html"
"machine","grav-die-cast-std","Gravity Die Casting Machine","176.37","111.83","-36.59","¥/h machine only","updated (China operating model; capital held — capex not sourced)","China book 2026-10-10: capital HELD at the book's UK × 0.55 (capex not sourced for China: the book's capital (UK × 0.55) is HELD; the China operating model (2 × 12 h hours, straight-line, LPR finance, rent, tariff, support at China wages) is applied): depreciation × 1.000 (shift pattern), maintenance per running hour held, finance re-rated 4% → 3.50%; 73 m² at £34.42/m²/yr, 68,869 kWh at £0.071/kWh, support at 0.1335 of UK wages, 6,336 h × 0.5 (two 12-h shifts × 11 h worked × 24 days/month × 12 = 6,336 h (the labour model's pattern); PRC straight-line (time-based) depreciation — no shift uplift on held capital; PBoC 5-year LPR 3.5% (20 Sep 2026; 1-year 3.0%) — the book's line build-ups use 4% on half the capex; rent ¥25.47/m²/month (JLL Shanghai logistics rent Q2 2026 ¥31.94/m²/month (a ceiling for a factory) and Dongguan factory rents ¥10–28 (midpoint ¥19; estate-agent article, 2025) — mean; Wuhan / Chongqing averages not found (Chongqing listings ¥4–12 suggest this is high for the inland clusters)); maintenance the library's own line build-up rule (3.5% of capex); no Chinese norm found)",""
"machine","invest-cast-furnace","Investment Casting Furnace","189.02","123.8","-34.5","¥/h machine only","updated (China operating model; capital held — capex not sourced)","China book 2026-10-10: capital HELD at the book's UK × 0.55 (capex not sourced for China: the book's capital (UK × 0.55) is HELD; the China operating model (2 × 12 h hours, straight-line, LPR finance, rent, tariff, support at China wages) is applied): depreciation × 1.000 (shift pattern), maintenance per running hour held, finance re-rated 4% → 3.50%; 73 m² at £34.42/m²/yr, 123,970 kWh at £0.071/kWh, support at 0.1335 of UK wages, 6,336 h × 0.6 (two 12-h shifts × 11 h worked × 24 days/month × 12 = 6,336 h (the labour model's pattern); PRC straight-line (time-based) depreciation — no shift uplift on held capital; PBoC 5-year LPR 3.5% (20 Sep 2026; 1-year 3.0%) — the book's line build-ups use 4% on half the capex; rent ¥25.47/m²/month (JLL Shanghai logistics rent Q2 2026 ¥31.94/m²/month (a ceiling for a factory) and Dongguan factory rents ¥10–28 (midpoint ¥19; estate-agent article, 2025) — mean; Wuhan / Chongqing averages not found (Chongqing listings ¥4–12 suggest this is high for the inland clusters)); maintenance the library's own line build-up rule (3.5% of capex); no Chinese norm found)",""
"machine","heat-treat-furnace","Heat Treatment / Ageing Furnace","69.28","60.24","-13.05","¥/h machine only","updated (China operating model; capital held — capex not sourced)","China book 2026-10-10: capital HELD at the book's UK × 0.55 (capex not sourced for China: the book's capital (UK × 0.55) is HELD; the China operating model (2 × 12 h hours, straight-line, LPR finance, rent, tariff, support at China wages) is applied): depreciation × 1.000 (shift pattern), maintenance per running hour held, finance re-rated 4% → 3.50%; 55 m² at £34.42/m²/yr, 160,698 kWh at £0.071/kWh, support at 0.1335 of UK wages, 6,336 h × 0.75 (two 12-h shifts × 11 h worked × 24 days/month × 12 = 6,336 h (the labour model's pattern); PRC straight-line (time-based) depreciation — no shift uplift on held capital; PBoC 5-year LPR 3.5% (20 Sep 2026; 1-year 3.0%) — the book's line build-ups use 4% on half the capex; rent ¥25.47/m²/month (JLL Shanghai logistics rent Q2 2026 ¥31.94/m²/month (a ceiling for a factory) and Dongguan factory rents ¥10–28 (midpoint ¥19; estate-agent article, 2025) — mean; Wuhan / Chongqing averages not found (Chongqing listings ¥4–12 suggest this is high for the inland clusters)); maintenance the library's own line build-up rule (3.5% of capex); no Chinese norm found)",""
"machine","press-100t","100T Mechanical Press (general press shop)","72.27","43.9","-39.26","¥/h machine only","updated (China operating model; capital held — capex not sourced)","China book 2026-10-10: capital HELD at the book's UK × 0.55 (capex not sourced for China: the book's capital (UK × 0.55) is HELD; the China operating model (2 × 12 h hours, straight-line, LPR finance, rent, tariff, support at China wages) is applied): depreciation × 1.000 (shift pattern), maintenance per running hour held, finance re-rated 4% → 3.50%; 46 m² at £34.42/m²/yr, 39,349 kWh at £0.071/kWh, support at 0.1335 of UK wages, 6,336 h × 0.8 (two 12-h shifts × 11 h worked × 24 days/month × 12 = 6,336 h (the labour model's pattern); PRC straight-line (time-based) depreciation — no shift uplift on held capital; PBoC 5-year LPR 3.5% (20 Sep 2026; 1-year 3.0%) — the book's line build-ups use 4% on half the capex; rent ¥25.47/m²/month (JLL Shanghai logistics rent Q2 2026 ¥31.94/m²/month (a ceiling for a factory) and Dongguan factory rents ¥10–28 (midpoint ¥19; estate-agent article, 2025) — mean; Wuhan / Chongqing averages not found (Chongqing listings ¥4–12 suggest this is high for the inland clusters)); maintenance the library's own line build-up rule (3.5% of capex); no Chinese norm found)",""
"machine","press-200t","200T Mechanical Press (general press shop)","111.28","67.81","-39.06","¥/h machine only","updated (China operating model; capital held — capex not sourced)","China book 2026-10-10: capital HELD at the book's UK × 0.55 (capex not sourced for China: the book's capital (UK × 0.55) is HELD; the China operating model (2 × 12 h hours, straight-line, LPR finance, rent, tariff, support at China wages) is applied): depreciation × 1.000 (shift pattern), maintenance per running hour held, finance re-rated 4% → 3.50%; 69 m² at £34.42/m²/yr, 59,033 kWh at £0.071/kWh, support at 0.1335 of UK wages, 6,336 h × 0.8 (two 12-h shifts × 11 h worked × 24 days/month × 12 = 6,336 h (the labour model's pattern); PRC straight-line (time-based) depreciation — no shift uplift on held capital; PBoC 5-year LPR 3.5% (20 Sep 2026; 1-year 3.0%) — the book's line build-ups use 4% on half the capex; rent ¥25.47/m²/month (JLL Shanghai logistics rent Q2 2026 ¥31.94/m²/month (a ceiling for a factory) and Dongguan factory rents ¥10–28 (midpoint ¥19; estate-agent article, 2025) — mean; Wuhan / Chongqing averages not found (Chongqing listings ¥4–12 suggest this is high for the inland clusters)); maintenance the library's own line build-up rule (3.5% of capex); no Chinese norm found)",""
"machine","press-400t","400T Mechanical Press (general press shop)","182.1","111.19","-38.94","¥/h machine only","updated (China operating model; capital held — capex not sourced)","China book 2026-10-10: capital HELD at the book's UK × 0.55 (capex not sourced for China: the book's capital (UK × 0.55) is HELD; the China operating model (2 × 12 h hours, straight-line, LPR finance, rent, tariff, support at China wages) is applied): depreciation × 1.000 (shift pattern), maintenance per running hour held, finance re-rated 4% → 3.50%; 92 m² at £34.42/m²/yr, 86,575 kWh at £0.071/kWh, support at 0.1335 of UK wages, 6,336 h × 0.8 (two 12-h shifts × 11 h worked × 24 days/month × 12 = 6,336 h (the labour model's pattern); PRC straight-line (time-based) depreciation — no shift uplift on held capital; PBoC 5-year LPR 3.5% (20 Sep 2026; 1-year 3.0%) — the book's line build-ups use 4% on half the capex; rent ¥25.47/m²/month (JLL Shanghai logistics rent Q2 2026 ¥31.94/m²/month (a ceiling for a factory) and Dongguan factory rents ¥10–28 (midpoint ¥19; estate-agent article, 2025) — mean; Wuhan / Chongqing averages not found (Chongqing listings ¥4–12 suggest this is high for the inland clusters)); maintenance the library's own line build-up rule (3.5% of capex); no Chinese norm found)",""
"machine","press-630t","630T Mechanical Press (general press shop)","283.15","173.29","-38.8","¥/h machine only","updated (China operating model; capital held — capex not sourced)","China book 2026-10-10: capital HELD at the book's UK × 0.55 (capex not sourced for China: the book's capital (UK × 0.55) is HELD; the China operating model (2 × 12 h hours, straight-line, LPR finance, rent, tariff, support at China wages) is applied): depreciation × 1.000 (shift pattern), maintenance per running hour held, finance re-rated 4% → 3.50%; 138 m² at £34.42/m²/yr, 118,056 kWh at £0.071/kWh, support at 0.1335 of UK wages, 6,336 h × 0.78 (two 12-h shifts × 11 h worked × 24 days/month × 12 = 6,336 h (the labour model's pattern); PRC straight-line (time-based) depreciation — no shift uplift on held capital; PBoC 5-year LPR 3.5% (20 Sep 2026; 1-year 3.0%) — the book's line build-ups use 4% on half the capex; rent ¥25.47/m²/month (JLL Shanghai logistics rent Q2 2026 ¥31.94/m²/month (a ceiling for a factory) and Dongguan factory rents ¥10–28 (midpoint ¥19; estate-agent article, 2025) — mean; Wuhan / Chongqing averages not found (Chongqing listings ¥4–12 suggest this is high for the inland clusters)); maintenance the library's own line build-up rule (3.5% of capex); no Chinese norm found)",""
"machine","press-800t","800T Mechanical Press (general press shop)","338.35","207.75","-38.6","¥/h machine only","updated (China operating model; capital held — capex not sourced)","China book 2026-10-10: capital HELD at the book's UK × 0.55 (capex not sourced for China: the book's capital (UK × 0.55) is HELD; the China operating model (2 × 12 h hours, straight-line, LPR finance, rent, tariff, support at China wages) is applied): depreciation × 1.000 (shift pattern), maintenance per running hour held, finance re-rated 4% → 3.50%; 165 m² at £34.42/m²/yr, 141,680 kWh at £0.071/kWh, support at 0.1335 of UK wages, 6,336 h × 0.78 (two 12-h shifts × 11 h worked × 24 days/month × 12 = 6,336 h (the labour model's pattern); PRC straight-line (time-based) depreciation — no shift uplift on held capital; PBoC 5-year LPR 3.5% (20 Sep 2026; 1-year 3.0%) — the book's line build-ups use 4% on half the capex; rent ¥25.47/m²/month (JLL Shanghai logistics rent Q2 2026 ¥31.94/m²/month (a ceiling for a factory) and Dongguan factory rents ¥10–28 (midpoint ¥19; estate-agent article, 2025) — mean; Wuhan / Chongqing averages not found (Chongqing listings ¥4–12 suggest this is high for the inland clusters)); maintenance the library's own line build-up rule (3.5% of capex); no Chinese norm found)",""
"machine","press-1000t","1000T Mechanical Press (general press shop)","425.7","260.77","-38.74","¥/h machine only","updated (China operating model; capital held — capex not sourced)","China book 2026-10-10: capital HELD at the book's UK × 0.55 (capex not sourced for China: the book's capital (UK × 0.55) is HELD; the China operating model (2 × 12 h hours, straight-line, LPR finance, rent, tariff, support at China wages) is applied): depreciation × 1.000 (shift pattern), maintenance per running hour held, finance re-rated 4% → 3.50%; 202 m² at £34.42/m²/yr, 173,161 kWh at £0.071/kWh, support at 0.1335 of UK wages, 6,336 h × 0.78 (two 12-h shifts × 11 h worked × 24 days/month × 12 = 6,336 h (the labour model's pattern); PRC straight-line (time-based) depreciation — no shift uplift on held capital; PBoC 5-year LPR 3.5% (20 Sep 2026; 1-year 3.0%) — the book's line build-ups use 4% on half the capex; rent ¥25.47/m²/month (JLL Shanghai logistics rent Q2 2026 ¥31.94/m²/month (a ceiling for a factory) and Dongguan factory rents ¥10–28 (midpoint ¥19; estate-agent article, 2025) — mean; Wuhan / Chongqing averages not found (Chongqing listings ¥4–12 suggest this is high for the inland clusters)); maintenance the library's own line build-up rule (3.5% of capex); no Chinese norm found)",""
"machine","press-1250t","1250T Mechanical Press (general press shop)","529.66","325.76","-38.5","¥/h machine only","updated (China operating model; capital held — capex not sourced)","China book 2026-10-10: capital HELD at the book's UK × 0.55 (capex not sourced for China: the book's capital (UK × 0.55) is HELD; the China operating model (2 × 12 h hours, straight-line, LPR finance, rent, tariff, support at China wages) is applied): depreciation × 1.000 (shift pattern), maintenance per running hour held, finance re-rated 4% → 3.50%; 239 m² at £34.42/m²/yr, 212,510 kWh at £0.071/kWh, support at 0.1335 of UK wages, 6,336 h × 0.78 (two 12-h shifts × 11 h worked × 24 days/month × 12 = 6,336 h (the labour model's pattern); PRC straight-line (time-based) depreciation — no shift uplift on held capital; PBoC 5-year LPR 3.5% (20 Sep 2026; 1-year 3.0%) — the book's line build-ups use 4% on half the capex; rent ¥25.47/m²/month (JLL Shanghai logistics rent Q2 2026 ¥31.94/m²/month (a ceiling for a factory) and Dongguan factory rents ¥10–28 (midpoint ¥19; estate-agent article, 2025) — mean; Wuhan / Chongqing averages not found (Chongqing listings ¥4–12 suggest this is high for the inland clusters)); maintenance the library's own line build-up rule (3.5% of capex); no Chinese norm found)",""
"machine","press-fineblank-250t","250T Fine-Blanking Press (triple-action)","220.51","135.12","-38.72","¥/h machine only","updated (China operating model; capital held — capex not sourced)","China book 2026-10-10: capital HELD at the book's UK × 0.55 (capex not sourced for China: the book's capital (UK × 0.55) is HELD; the China operating model (2 × 12 h hours, straight-line, LPR finance, rent, tariff, support at China wages) is applied): depreciation × 1.000 (shift pattern), maintenance per running hour held, finance re-rated 4% → 3.50%; 110 m² at £34.42/m²/yr, 94,453 kWh at £0.071/kWh, support at 0.1335 of UK wages, 6,336 h × 0.8 (two 12-h shifts × 11 h worked × 24 days/month × 12 = 6,336 h (the labour model's pattern); PRC straight-line (time-based) depreciation — no shift uplift on held capital; PBoC 5-year LPR 3.5% (20 Sep 2026; 1-year 3.0%) — the book's line build-ups use 4% on half the capex; rent ¥25.47/m²/month (JLL Shanghai logistics rent Q2 2026 ¥31.94/m²/month (a ceiling for a factory) and Dongguan factory rents ¥10–28 (midpoint ¥19; estate-agent article, 2025) — mean; Wuhan / Chongqing averages not found (Chongqing listings ¥4–12 suggest this is high for the inland clusters)); maintenance the library's own line build-up rule (3.5% of capex); no Chinese norm found)",""
"machine","press-hotstamp-1000t","1000T Hot-Stamping Press (water-cooled dies)","654.32","409.84","-37.36","¥/h machine only","updated (China operating model; capital held — capex not sourced)","China book 2026-10-10: capital HELD at the book's UK × 0.55 (capex not sourced for China: the book's capital (UK × 0.55) is HELD; the China operating model (2 × 12 h hours, straight-line, LPR finance, rent, tariff, support at China wages) is applied): depreciation × 1.000 (shift pattern), maintenance per running hour held, finance re-rated 4% → 3.50%; 229 m² at £34.42/m²/yr, 236,123 kWh at £0.071/kWh, support at 0.1335 of UK wages, 6,336 h × 0.75 (two 12-h shifts × 11 h worked × 24 days/month × 12 = 6,336 h (the labour model's pattern); PRC straight-line (time-based) depreciation — no shift uplift on held capital; PBoC 5-year LPR 3.5% (20 Sep 2026; 1-year 3.0%) — the book's line build-ups use 4% on half the capex; rent ¥25.47/m²/month (JLL Shanghai logistics rent Q2 2026 ¥31.94/m²/month (a ceiling for a factory) and Dongguan factory rents ¥10–28 (midpoint ¥19; estate-agent article, 2025) — mean; Wuhan / Chongqing averages not found (Chongqing listings ¥4–12 suggest this is high for the inland clusters)); maintenance the library's own line build-up rule (3.5% of capex); no Chinese norm found)",""
"machine","furnace-roller-hearth","Roller-Hearth Austenitising Furnace (hot stamping)","235.35","193.73","-17.68","¥/h machine only","updated (China operating model; capital held — capex not sourced)","China book 2026-10-10: capital HELD at the book's UK × 0.55 (capex not sourced for China: the book's capital (UK × 0.55) is HELD; the China operating model (2 × 12 h hours, straight-line, LPR finance, rent, tariff, support at China wages) is applied): depreciation × 1.000 (shift pattern), maintenance per running hour held, finance re-rated 4% → 3.50%; 367 m² at £34.42/m²/yr, 229,564 kWh at £0.071/kWh, support at 0.1335 of UK wages, 6,336 h × 0.8 (two 12-h shifts × 11 h worked × 24 days/month × 12 = 6,336 h (the labour model's pattern); PRC straight-line (time-based) depreciation — no shift uplift on held capital; PBoC 5-year LPR 3.5% (20 Sep 2026; 1-year 3.0%) — the book's line build-ups use 4% on half the capex; rent ¥25.47/m²/month (JLL Shanghai logistics rent Q2 2026 ¥31.94/m²/month (a ceiling for a factory) and Dongguan factory rents ¥10–28 (midpoint ¥19; estate-agent article, 2025) — mean; Wuhan / Chongqing averages not found (Chongqing listings ¥4–12 suggest this is high for the inland clusters)); maintenance the library's own line build-up rule (3.5% of capex); no Chinese norm found)",""
"machine","notching-machine","CNC Notching Machine (laminations)","143.96","92.99","-35.41","¥/h machine only","updated (China operating model; capital held — capex not sourced)","China book 2026-10-10: capital HELD at the book's UK × 0.55 (capex not sourced for China: the book's capital (UK × 0.55) is HELD; the China operating model (2 × 12 h hours, straight-line, LPR finance, rent, tariff, support at China wages) is applied): depreciation × 1.000 (shift pattern), maintenance per running hour held, finance re-rated 4% → 3.50%; 92 m² at £34.42/m²/yr, 68,869 kWh at £0.071/kWh, support at 0.1335 of UK wages, 6,336 h × 0.75 (two 12-h shifts × 11 h worked × 24 days/month × 12 = 6,336 h (the labour model's pattern); PRC straight-line (time-based) depreciation — no shift uplift on held capital; PBoC 5-year LPR 3.5% (20 Sep 2026; 1-year 3.0%) — the book's line build-ups use 4% on half the capex; rent ¥25.47/m²/month (JLL Shanghai logistics rent Q2 2026 ¥31.94/m²/month (a ceiling for a factory) and Dongguan factory rents ¥10–28 (midpoint ¥19; estate-agent article, 2025) — mean; Wuhan / Chongqing averages not found (Chongqing listings ¥4–12 suggest this is high for the inland clusters)); maintenance the library's own line build-up rule (3.5% of capex); no Chinese norm found)",""
"machine","lamination-anneal-furnace","Stress-Relief Annealing Furnace (laminations)","170.56","143.9","-15.63","¥/h machine only","updated (China operating model; capital held — capex not sourced)","China book 2026-10-10: capital HELD at the book's UK × 0.55 (capex not sourced for China: the book's capital (UK × 0.55) is HELD; the China operating model (2 × 12 h hours, straight-line, LPR finance, rent, tariff, support at China wages) is applied): depreciation × 1.000 (shift pattern), maintenance per running hour held, finance re-rated 4% → 3.50%; 184 m² at £34.42/m²/yr, 183,651 kWh at £0.071/kWh, support at 0.1335 of UK wages, 6,336 h × 0.8 (two 12-h shifts × 11 h worked × 24 days/month × 12 = 6,336 h (the labour model's pattern); PRC straight-line (time-based) depreciation — no shift uplift on held capital; PBoC 5-year LPR 3.5% (20 Sep 2026; 1-year 3.0%) — the book's line build-ups use 4% on half the capex; rent ¥25.47/m²/month (JLL Shanghai logistics rent Q2 2026 ¥31.94/m²/month (a ceiling for a factory) and Dongguan factory rents ¥10–28 (midpoint ¥19; estate-agent article, 2025) — mean; Wuhan / Chongqing averages not found (Chongqing listings ¥4–12 suggest this is high for the inland clusters)); maintenance the library's own line build-up rule (3.5% of capex); no Chinese norm found)",""
"machine","backlack-bonding-oven","Backlack Bonding Oven/Press (self-bonded stacks)","168.4","112.67","-33.09","¥/h machine only","updated (China operating model; capital held — capex not sourced)","China book 2026-10-10: capital HELD at the book's UK × 0.55 (capex not sourced for China: the book's capital (UK × 0.55) is HELD; the China operating model (2 × 12 h hours, straight-line, LPR finance, rent, tariff, support at China wages) is applied): depreciation × 1.000 (shift pattern), maintenance per running hour held, finance re-rated 4% → 3.50%; 110 m² at £34.42/m²/yr, 172,169 kWh at £0.071/kWh, support at 0.1335 of UK wages, 6,336 h × 0.78 (two 12-h shifts × 11 h worked × 24 days/month × 12 = 6,336 h (the labour model's pattern); PRC straight-line (time-based) depreciation — no shift uplift on held capital; PBoC 5-year LPR 3.5% (20 Sep 2026; 1-year 3.0%) — the book's line build-ups use 4% on half the capex; rent ¥25.47/m²/month (JLL Shanghai logistics rent Q2 2026 ¥31.94/m²/month (a ceiling for a factory) and Dongguan factory rents ¥10–28 (midpoint ¥19; estate-agent article, 2025) — mean; Wuhan / Chongqing averages not found (Chongqing listings ¥4–12 suggest this is high for the inland clusters)); maintenance the library's own line build-up rule (3.5% of capex); no Chinese norm found)",""
"machine","laser-stack-welder","Laser Stack Welder (stator OD welds)","259.89","172.85","-33.49","¥/h machine only","updated (China operating model; capital held — capex not sourced)","China book 2026-10-10: capital HELD at the book's UK × 0.55 (capex not sourced for China: the book's capital (UK × 0.55) is HELD; the China operating model (2 × 12 h hours, straight-line, LPR finance, rent, tariff, support at China wages) is applied): depreciation × 1.000 (shift pattern), maintenance per running hour held, finance re-rated 4% → 3.50%; 92 m² at £34.42/m²/yr, 103,299 kWh at £0.071/kWh, support at 0.1335 of UK wages, 6,336 h × 0.8 (two 12-h shifts × 11 h worked × 24 days/month × 12 = 6,336 h (the labour model's pattern); PRC straight-line (time-based) depreciation — no shift uplift on held capital; PBoC 5-year LPR 3.5% (20 Sep 2026; 1-year 3.0%) — the book's line build-ups use 4% on half the capex; rent ¥25.47/m²/month (JLL Shanghai logistics rent Q2 2026 ¥31.94/m²/month (a ceiling for a factory) and Dongguan factory rents ¥10–28 (midpoint ¥19; estate-agent article, 2025) — mean; Wuhan / Chongqing averages not found (Chongqing listings ¥4–12 suggest this is high for the inland clusters)); maintenance the library's own line build-up rule (3.5% of capex); no Chinese norm found)",""
"machine","imm-50t","50T Injection Moulding Machine","38.9","27.93","-28.2","¥/h machine only","updated (China operating model; capital held — capex not sourced)","China book 2026-10-10: capital HELD at the book's UK × 0.55 (capex not sourced for China: the book's capital (UK × 0.55) is HELD; the China operating model (2 × 12 h hours, straight-line, LPR finance, rent, tariff, support at China wages) is applied): depreciation × 1.000 (shift pattern), maintenance per running hour held, finance re-rated 4% → 3.50%; 23 m² at £34.42/m²/yr, 75,753 kWh at £0.071/kWh, support at 0.1335 of UK wages, 6,336 h × 0.8 (two 12-h shifts × 11 h worked × 24 days/month × 12 = 6,336 h (the labour model's pattern); PRC straight-line (time-based) depreciation — no shift uplift on held capital; PBoC 5-year LPR 3.5% (20 Sep 2026; 1-year 3.0%) — the book's line build-ups use 4% on half the capex; rent ¥25.47/m²/month (JLL Shanghai logistics rent Q2 2026 ¥31.94/m²/month (a ceiling for a factory) and Dongguan factory rents ¥10–28 (midpoint ¥19; estate-agent article, 2025) — mean; Wuhan / Chongqing averages not found (Chongqing listings ¥4–12 suggest this is high for the inland clusters)); maintenance the library's own line build-up rule (3.5% of capex); no Chinese norm found)",""
"machine","imm-100t","100T Injection Moulding Machine","62.22","45.69","-26.57","¥/h machine only","updated (China operating model; capital held — capex not sourced)","China book 2026-10-10: capital HELD at the book's UK × 0.55 (capex not sourced for China: the book's capital (UK × 0.55) is HELD; the China operating model (2 × 12 h hours, straight-line, LPR finance, rent, tariff, support at China wages) is applied): depreciation × 1.000 (shift pattern), maintenance per running hour held, finance re-rated 4% → 3.50%; 32 m² at £34.42/m²/yr, 137,738 kWh at £0.071/kWh, support at 0.1335 of UK wages, 6,336 h × 0.8 (two 12-h shifts × 11 h worked × 24 days/month × 12 = 6,336 h (the labour model's pattern); PRC straight-line (time-based) depreciation — no shift uplift on held capital; PBoC 5-year LPR 3.5% (20 Sep 2026; 1-year 3.0%) — the book's line build-ups use 4% on half the capex; rent ¥25.47/m²/month (JLL Shanghai logistics rent Q2 2026 ¥31.94/m²/month (a ceiling for a factory) and Dongguan factory rents ¥10–28 (midpoint ¥19; estate-agent article, 2025) — mean; Wuhan / Chongqing averages not found (Chongqing listings ¥4–12 suggest this is high for the inland clusters)); maintenance the library's own line build-up rule (3.5% of capex); no Chinese norm found)",""
"machine","imm-200t","200T Injection Moulding Machine","99.73","74.53","-25.27","¥/h machine only","updated (China operating model; capital held — capex not sourced)","China book 2026-10-10: capital HELD at the book's UK × 0.55 (capex not sourced for China: the book's capital (UK × 0.55) is HELD; the China operating model (2 × 12 h hours, straight-line, LPR finance, rent, tariff, support at China wages) is applied): depreciation × 1.000 (shift pattern), maintenance per running hour held, finance re-rated 4% → 3.50%; 46 m² at £34.42/m²/yr, 241,047 kWh at £0.071/kWh, support at 0.1335 of UK wages, 6,336 h × 0.8 (two 12-h shifts × 11 h worked × 24 days/month × 12 = 6,336 h (the labour model's pattern); PRC straight-line (time-based) depreciation — no shift uplift on held capital; PBoC 5-year LPR 3.5% (20 Sep 2026; 1-year 3.0%) — the book's line build-ups use 4% on half the capex; rent ¥25.47/m²/month (JLL Shanghai logistics rent Q2 2026 ¥31.94/m²/month (a ceiling for a factory) and Dongguan factory rents ¥10–28 (midpoint ¥19; estate-agent article, 2025) — mean; Wuhan / Chongqing averages not found (Chongqing listings ¥4–12 suggest this is high for the inland clusters)); maintenance the library's own line build-up rule (3.5% of capex); no Chinese norm found)",""
"machine","imm-350t","350T Injection Moulding Machine","148.67","110.64","-25.58","¥/h machine only","updated (China operating model; capital held — capex not sourced)","China book 2026-10-10: capital HELD at the book's UK × 0.55 (capex not sourced for China: the book's capital (UK × 0.55) is HELD; the China operating model (2 × 12 h hours, straight-line, LPR finance, rent, tariff, support at China wages) is applied): depreciation × 1.000 (shift pattern), maintenance per running hour held, finance re-rated 4% → 3.50%; 64 m² at £34.42/m²/yr, 358,123 kWh at £0.071/kWh, support at 0.1335 of UK wages, 6,336 h × 0.8 (two 12-h shifts × 11 h worked × 24 days/month × 12 = 6,336 h (the labour model's pattern); PRC straight-line (time-based) depreciation — no shift uplift on held capital; PBoC 5-year LPR 3.5% (20 Sep 2026; 1-year 3.0%) — the book's line build-ups use 4% on half the capex; rent ¥25.47/m²/month (JLL Shanghai logistics rent Q2 2026 ¥31.94/m²/month (a ceiling for a factory) and Dongguan factory rents ¥10–28 (midpoint ¥19; estate-agent article, 2025) — mean; Wuhan / Chongqing averages not found (Chongqing listings ¥4–12 suggest this is high for the inland clusters)); maintenance the library's own line build-up rule (3.5% of capex); no Chinese norm found)",""
"machine","imm-400t","400T Injection Moulding Machine","173.17","128.66","-25.7","¥/h machine only","updated (China operating model; capital held — capex not sourced)","China book 2026-10-10: capital HELD at the book's UK × 0.55 (capex not sourced for China: the book's capital (UK × 0.55) is HELD; the China operating model (2 × 12 h hours, straight-line, LPR finance, rent, tariff, support at China wages) is applied): depreciation × 1.000 (shift pattern), maintenance per running hour held, finance re-rated 4% → 3.50%; 73 m² at £34.42/m²/yr, 413,215 kWh at £0.071/kWh, support at 0.1335 of UK wages, 6,336 h × 0.8 (two 12-h shifts × 11 h worked × 24 days/month × 12 = 6,336 h (the labour model's pattern); PRC straight-line (time-based) depreciation — no shift uplift on held capital; PBoC 5-year LPR 3.5% (20 Sep 2026; 1-year 3.0%) — the book's line build-ups use 4% on half the capex; rent ¥25.47/m²/month (JLL Shanghai logistics rent Q2 2026 ¥31.94/m²/month (a ceiling for a factory) and Dongguan factory rents ¥10–28 (midpoint ¥19; estate-agent article, 2025) — mean; Wuhan / Chongqing averages not found (Chongqing listings ¥4–12 suggest this is high for the inland clusters)); maintenance the library's own line build-up rule (3.5% of capex); no Chinese norm found)",""
"machine","imm-500t","500T Injection Moulding Machine","212.35","157.21","-25.97","¥/h machine only","updated (China operating model; capital held — capex not sourced)","China book 2026-10-10: capital HELD at the book's UK × 0.55 (capex not sourced for China: the book's capital (UK × 0.55) is HELD; the China operating model (2 × 12 h hours, straight-line, LPR finance, rent, tariff, support at China wages) is applied): depreciation × 1.000 (shift pattern), maintenance per running hour held, finance re-rated 4% → 3.50%; 87 m² at £34.42/m²/yr, 495,862 kWh at £0.071/kWh, support at 0.1335 of UK wages, 6,336 h × 0.8 (two 12-h shifts × 11 h worked × 24 days/month × 12 = 6,336 h (the labour model's pattern); PRC straight-line (time-based) depreciation — no shift uplift on held capital; PBoC 5-year LPR 3.5% (20 Sep 2026; 1-year 3.0%) — the book's line build-ups use 4% on half the capex; rent ¥25.47/m²/month (JLL Shanghai logistics rent Q2 2026 ¥31.94/m²/month (a ceiling for a factory) and Dongguan factory rents ¥10–28 (midpoint ¥19; estate-agent article, 2025) — mean; Wuhan / Chongqing averages not found (Chongqing listings ¥4–12 suggest this is high for the inland clusters)); maintenance the library's own line build-up rule (3.5% of capex); no Chinese norm found)",""
"machine","imm-800t","800T Injection Moulding Machine","311.61","231.73","-25.63","¥/h machine only","updated (China operating model; capital held — capex not sourced)","China book 2026-10-10: capital HELD at the book's UK × 0.55 (capex not sourced for China: the book's capital (UK × 0.55) is HELD; the China operating model (2 × 12 h hours, straight-line, LPR finance, rent, tariff, support at China wages) is applied): depreciation × 1.000 (shift pattern), maintenance per running hour held, finance re-rated 4% → 3.50%; 129 m² at £34.42/m²/yr, 723,131 kWh at £0.071/kWh, support at 0.1335 of UK wages, 6,336 h × 0.78 (two 12-h shifts × 11 h worked × 24 days/month × 12 = 6,336 h (the labour model's pattern); PRC straight-line (time-based) depreciation — no shift uplift on held capital; PBoC 5-year LPR 3.5% (20 Sep 2026; 1-year 3.0%) — the book's line build-ups use 4% on half the capex; rent ¥25.47/m²/month (JLL Shanghai logistics rent Q2 2026 ¥31.94/m²/month (a ceiling for a factory) and Dongguan factory rents ¥10–28 (midpoint ¥19; estate-agent article, 2025) — mean; Wuhan / Chongqing averages not found (Chongqing listings ¥4–12 suggest this is high for the inland clusters)); maintenance the library's own line build-up rule (3.5% of capex); no Chinese norm found)",""
"machine","imm-1200t","1200T Injection Moulding Machine","445.61","331.49","-25.61","¥/h machine only","updated (China operating model; capital held — capex not sourced)","China book 2026-10-10: capital HELD at the book's UK × 0.55 (capex not sourced for China: the book's capital (UK × 0.55) is HELD; the China operating model (2 × 12 h hours, straight-line, LPR finance, rent, tariff, support at China wages) is applied): depreciation × 1.000 (shift pattern), maintenance per running hour held, finance re-rated 4% → 3.50%; 184 m² at £34.42/m²/yr, 1,033,047 kWh at £0.071/kWh, support at 0.1335 of UK wages, 6,336 h × 0.78 (two 12-h shifts × 11 h worked × 24 days/month × 12 = 6,336 h (the labour model's pattern); PRC straight-line (time-based) depreciation — no shift uplift on held capital; PBoC 5-year LPR 3.5% (20 Sep 2026; 1-year 3.0%) — the book's line build-ups use 4% on half the capex; rent ¥25.47/m²/month (JLL Shanghai logistics rent Q2 2026 ¥31.94/m²/month (a ceiling for a factory) and Dongguan factory rents ¥10–28 (midpoint ¥19; estate-agent article, 2025) — mean; Wuhan / Chongqing averages not found (Chongqing listings ¥4–12 suggest this is high for the inland clusters)); maintenance the library's own line build-up rule (3.5% of capex); no Chinese norm found)",""
"machine","imm-2000t","2000T Injection Moulding Machine","713.42","530.85","-25.59","¥/h machine only","updated (China operating model; capital held — capex not sourced)","China book 2026-10-10: capital HELD at the book's UK × 0.55 (capex not sourced for China: the book's capital (UK × 0.55) is HELD; the China operating model (2 × 12 h hours, straight-line, LPR finance, rent, tariff, support at China wages) is applied): depreciation × 1.000 (shift pattern), maintenance per running hour held, finance re-rated 4% → 3.50%; 275 m² at £34.42/m²/yr, 1,597,777 kWh at £0.071/kWh, support at 0.1335 of UK wages, 6,336 h × 0.76 (two 12-h shifts × 11 h worked × 24 days/month × 12 = 6,336 h (the labour model's pattern); PRC straight-line (time-based) depreciation — no shift uplift on held capital; PBoC 5-year LPR 3.5% (20 Sep 2026; 1-year 3.0%) — the book's line build-ups use 4% on half the capex; rent ¥25.47/m²/month (JLL Shanghai logistics rent Q2 2026 ¥31.94/m²/month (a ceiling for a factory) and Dongguan factory rents ¥10–28 (midpoint ¥19; estate-agent article, 2025) — mean; Wuhan / Chongqing averages not found (Chongqing listings ¥4–12 suggest this is high for the inland clusters)); maintenance the library's own line build-up rule (3.5% of capex); no Chinese norm found)",""
"machine","imm-3500t","3500T Injection Moulding Machine","1221.28","912.07","-25.32","¥/h machine only","updated (China operating model; capital held — capex not sourced)","China book 2026-10-10: capital HELD at the book's UK × 0.55 (capex not sourced for China: the book's capital (UK × 0.55) is HELD; the China operating model (2 × 12 h hours, straight-line, LPR finance, rent, tariff, support at China wages) is applied): depreciation × 1.000 (shift pattern), maintenance per running hour held, finance re-rated 4% → 3.50%; 441 m² at £34.42/m²/yr, 2,685,924 kWh at £0.071/kWh, support at 0.1335 of UK wages, 6,336 h × 0.74 (two 12-h shifts × 11 h worked × 24 days/month × 12 = 6,336 h (the labour model's pattern); PRC straight-line (time-based) depreciation — no shift uplift on held capital; PBoC 5-year LPR 3.5% (20 Sep 2026; 1-year 3.0%) — the book's line build-ups use 4% on half the capex; rent ¥25.47/m²/month (JLL Shanghai logistics rent Q2 2026 ¥31.94/m²/month (a ceiling for a factory) and Dongguan factory rents ¥10–28 (midpoint ¥19; estate-agent article, 2025) — mean; Wuhan / Chongqing averages not found (Chongqing listings ¥4–12 suggest this is high for the inland clusters)); maintenance the library's own line build-up rule (3.5% of capex); no Chinese norm found)",""
"machine","hpdc-500t","HPDC 500T","226.72","149.96","-33.86","¥/h machine only","updated (China operating model; capital held — capex not sourced)","China book 2026-10-10: capital HELD at the book's UK × 0.55 (capex not sourced for China: the book's capital (UK × 0.55) is HELD; the China operating model (2 × 12 h hours, straight-line, LPR finance, rent, tariff, support at China wages) is applied): depreciation × 1.000 (shift pattern), maintenance per running hour held, finance re-rated 4% → 3.50%; 110 m² at £34.42/m²/yr, 314,831 kWh at £0.071/kWh, support at 0.1335 of UK wages, 6,336 h × 0.78 (two 12-h shifts × 11 h worked × 24 days/month × 12 = 6,336 h (the labour model's pattern); PRC straight-line (time-based) depreciation — no shift uplift on held capital; PBoC 5-year LPR 3.5% (20 Sep 2026; 1-year 3.0%) — the book's line build-ups use 4% on half the capex; rent ¥25.47/m²/month (JLL Shanghai logistics rent Q2 2026 ¥31.94/m²/month (a ceiling for a factory) and Dongguan factory rents ¥10–28 (midpoint ¥19; estate-agent article, 2025) — mean; Wuhan / Chongqing averages not found (Chongqing listings ¥4–12 suggest this is high for the inland clusters)); maintenance the library's own line build-up rule (3.5% of capex); no Chinese norm found)",""
"machine","hpdc-800t","HPDC 800T","346.13","226.36","-34.6","¥/h machine only","updated (China operating model; capital held — capex not sourced)","China book 2026-10-10: capital HELD at the book's UK × 0.55 (capex not sourced for China: the book's capital (UK × 0.55) is HELD; the China operating model (2 × 12 h hours, straight-line, LPR finance, rent, tariff, support at China wages) is applied): depreciation × 1.000 (shift pattern), maintenance per running hour held, finance re-rated 4% → 3.50%; 165 m² at £34.42/m²/yr, 432,897 kWh at £0.071/kWh, support at 0.1335 of UK wages, 6,336 h × 0.78 (two 12-h shifts × 11 h worked × 24 days/month × 12 = 6,336 h (the labour model's pattern); PRC straight-line (time-based) depreciation — no shift uplift on held capital; PBoC 5-year LPR 3.5% (20 Sep 2026; 1-year 3.0%) — the book's line build-ups use 4% on half the capex; rent ¥25.47/m²/month (JLL Shanghai logistics rent Q2 2026 ¥31.94/m²/month (a ceiling for a factory) and Dongguan factory rents ¥10–28 (midpoint ¥19; estate-agent article, 2025) — mean; Wuhan / Chongqing averages not found (Chongqing listings ¥4–12 suggest this is high for the inland clusters)); maintenance the library's own line build-up rule (3.5% of capex); no Chinese norm found)",""
"machine","hpdc-1600t","HPDC 1600T","598.21","394.89","-33.99","¥/h machine only","updated (China operating model; capital held — capex not sourced)","China book 2026-10-10: capital HELD at the book's UK × 0.55 (capex not sourced for China: the book's capital (UK × 0.55) is HELD; the China operating model (2 × 12 h hours, straight-line, LPR finance, rent, tariff, support at China wages) is applied): depreciation × 1.000 (shift pattern), maintenance per running hour held, finance re-rated 4% → 3.50%; 257 m² at £34.42/m²/yr, 787,086 kWh at £0.071/kWh, support at 0.1335 of UK wages, 6,336 h × 0.78 (two 12-h shifts × 11 h worked × 24 days/month × 12 = 6,336 h (the labour model's pattern); PRC straight-line (time-based) depreciation — no shift uplift on held capital; PBoC 5-year LPR 3.5% (20 Sep 2026; 1-year 3.0%) — the book's line build-ups use 4% on half the capex; rent ¥25.47/m²/month (JLL Shanghai logistics rent Q2 2026 ¥31.94/m²/month (a ceiling for a factory) and Dongguan factory rents ¥10–28 (midpoint ¥19; estate-agent article, 2025) — mean; Wuhan / Chongqing averages not found (Chongqing listings ¥4–12 suggest this is high for the inland clusters)); maintenance the library's own line build-up rule (3.5% of capex); no Chinese norm found)",""
"machine","hpdc-giga-6100t","Giga-Casting Press 6100T (megacasting)","1869.57","1293.4","-30.82","¥/h machine only","updated (China operating model; capital held — capex not sourced)","China book 2026-10-10: capital HELD at the book's UK × 0.55 (capex not sourced for China: the book's capital (UK × 0.55) is HELD; the China operating model (2 × 12 h hours, straight-line, LPR finance, rent, tariff, support at China wages) is applied): depreciation × 1.000 (shift pattern), maintenance per running hour held, finance re-rated 4% → 3.50%; 1101 m² at £34.42/m²/yr, 2,203,831 kWh at £0.071/kWh, support at 0.1335 of UK wages, 6,336 h × 0.8 (two 12-h shifts × 11 h worked × 24 days/month × 12 = 6,336 h (the labour model's pattern); PRC straight-line (time-based) depreciation — no shift uplift on held capital; PBoC 5-year LPR 3.5% (20 Sep 2026; 1-year 3.0%) — the book's line build-ups use 4% on half the capex; rent ¥25.47/m²/month (JLL Shanghai logistics rent Q2 2026 ¥31.94/m²/month (a ceiling for a factory) and Dongguan factory rents ¥10–28 (midpoint ¥19; estate-agent article, 2025) — mean; Wuhan / Chongqing averages not found (Chongqing listings ¥4–12 suggest this is high for the inland clusters)); maintenance the library's own line build-up rule (3.5% of capex); no Chinese norm found)",""
"machine","hpdc-giga-9000t","Giga-Casting Press 9000T (Xiaomi/Tesla-class)","2812.04","1941.28","-30.97","¥/h machine only","updated (China operating model; capital held — capex not sourced)","China book 2026-10-10: capital HELD at the book's UK × 0.55 (capex not sourced for China: the book's capital (UK × 0.55) is HELD; the China operating model (2 × 12 h hours, straight-line, LPR finance, rent, tariff, support at China wages) is applied): depreciation × 1.000 (shift pattern), maintenance per running hour held, finance re-rated 4% → 3.50%; 1652 m² at £34.42/m²/yr, 3,305,747 kWh at £0.071/kWh, support at 0.1335 of UK wages, 6,336 h × 0.8 (two 12-h shifts × 11 h worked × 24 days/month × 12 = 6,336 h (the labour model's pattern); PRC straight-line (time-based) depreciation — no shift uplift on held capital; PBoC 5-year LPR 3.5% (20 Sep 2026; 1-year 3.0%) — the book's line build-ups use 4% on half the capex; rent ¥25.47/m²/month (JLL Shanghai logistics rent Q2 2026 ¥31.94/m²/month (a ceiling for a factory) and Dongguan factory rents ¥10–28 (midpoint ¥19; estate-agent article, 2025) — mean; Wuhan / Chongqing averages not found (Chongqing listings ¥4–12 suggest this is high for the inland clusters)); maintenance the library's own line build-up rule (3.5% of capex); no Chinese norm found)",""
"machine","sand-cast-line","Sand Casting Moulding Line","135.31","85.37","-36.91","¥/h machine only","updated (China operating model; capital held — capex not sourced)","China book 2026-10-10: capital HELD at the book's UK × 0.55 (capex not sourced for China: the book's capital (UK × 0.55) is HELD; the China operating model (2 × 12 h hours, straight-line, LPR finance, rent, tariff, support at China wages) is applied): depreciation × 1.000 (shift pattern), maintenance per running hour held, finance re-rated 4% → 3.50%; 92 m² at £34.42/m²/yr, 196,764 kWh at £0.071/kWh, support at 0.1335 of UK wages, 6,336 h × 0.75 (two 12-h shifts × 11 h worked × 24 days/month × 12 = 6,336 h (the labour model's pattern); PRC straight-line (time-based) depreciation — no shift uplift on held capital; PBoC 5-year LPR 3.5% (20 Sep 2026; 1-year 3.0%) — the book's line build-ups use 4% on half the capex; rent ¥25.47/m²/month (JLL Shanghai logistics rent Q2 2026 ¥31.94/m²/month (a ceiling for a factory) and Dongguan factory rents ¥10–28 (midpoint ¥19; estate-agent article, 2025) — mean; Wuhan / Chongqing averages not found (Chongqing listings ¥4–12 suggest this is high for the inland clusters)); maintenance the library's own line build-up rule (3.5% of capex); no Chinese norm found)",""
"machine","hpdc-160t","HPDC 160T (Zinc/Small Al)","81.09","52.71","-35","¥/h machine only","updated (China operating model; capital held — capex not sourced)","China book 2026-10-10: capital HELD at the book's UK × 0.55 (capex not sourced for China: the book's capital (UK × 0.55) is HELD; the China operating model (2 × 12 h hours, straight-line, LPR finance, rent, tariff, support at China wages) is applied): depreciation × 1.000 (shift pattern), maintenance per running hour held, finance re-rated 4% → 3.50%; 46 m² at £34.42/m²/yr, 110,189 kWh at £0.071/kWh, support at 0.1335 of UK wages, 6,336 h × 0.8 (two 12-h shifts × 11 h worked × 24 days/month × 12 = 6,336 h (the labour model's pattern); PRC straight-line (time-based) depreciation — no shift uplift on held capital; PBoC 5-year LPR 3.5% (20 Sep 2026; 1-year 3.0%) — the book's line build-ups use 4% on half the capex; rent ¥25.47/m²/month (JLL Shanghai logistics rent Q2 2026 ¥31.94/m²/month (a ceiling for a factory) and Dongguan factory rents ¥10–28 (midpoint ¥19; estate-agent article, 2025) — mean; Wuhan / Chongqing averages not found (Chongqing listings ¥4–12 suggest this is high for the inland clusters)); maintenance the library's own line build-up rule (3.5% of capex); no Chinese norm found)",""
"machine","forge-press-500t","500T Mechanical Forge Press","226.19","154.06","-31.89","¥/h machine only","updated (China operating model; capital held — capex not sourced)","China book 2026-10-10: capital HELD at the book's UK × 0.55 (capex not sourced for China: the book's capital (UK × 0.55) is HELD; the China operating model (2 × 12 h hours, straight-line, LPR finance, rent, tariff, support at China wages) is applied): depreciation × 1.000 (shift pattern), maintenance per running hour held, finance re-rated 4% → 3.50%; 110 m² at £34.42/m²/yr, 432,897 kWh at £0.071/kWh, support at 0.1335 of UK wages, 6,336 h × 0.78 (two 12-h shifts × 11 h worked × 24 days/month × 12 = 6,336 h (the labour model's pattern); PRC straight-line (time-based) depreciation — no shift uplift on held capital; PBoC 5-year LPR 3.5% (20 Sep 2026; 1-year 3.0%) — the book's line build-ups use 4% on half the capex; rent ¥25.47/m²/month (JLL Shanghai logistics rent Q2 2026 ¥31.94/m²/month (a ceiling for a factory) and Dongguan factory rents ¥10–28 (midpoint ¥19; estate-agent article, 2025) — mean; Wuhan / Chongqing averages not found (Chongqing listings ¥4–12 suggest this is high for the inland clusters)); maintenance the library's own line build-up rule (3.5% of capex); no Chinese norm found)",""
"machine","forge-press-1600t","1600T Mechanical Forge Press","412.84","276.65","-32.99","¥/h machine only","updated (China operating model; capital held — capex not sourced)","China book 2026-10-10: capital HELD at the book's UK × 0.55 (capex not sourced for China: the book's capital (UK × 0.55) is HELD; the China operating model (2 × 12 h hours, straight-line, LPR finance, rent, tariff, support at China wages) is applied): depreciation × 1.000 (shift pattern), maintenance per running hour held, finance re-rated 4% → 3.50%; 184 m² at £34.42/m²/yr, 669,020 kWh at £0.071/kWh, support at 0.1335 of UK wages, 6,336 h × 0.78 (two 12-h shifts × 11 h worked × 24 days/month × 12 = 6,336 h (the labour model's pattern); PRC straight-line (time-based) depreciation — no shift uplift on held capital; PBoC 5-year LPR 3.5% (20 Sep 2026; 1-year 3.0%) — the book's line build-ups use 4% on half the capex; rent ¥25.47/m²/month (JLL Shanghai logistics rent Q2 2026 ¥31.94/m²/month (a ceiling for a factory) and Dongguan factory rents ¥10–28 (midpoint ¥19; estate-agent article, 2025) — mean; Wuhan / Chongqing averages not found (Chongqing listings ¥4–12 suggest this is high for the inland clusters)); maintenance the library's own line build-up rule (3.5% of capex); no Chinese norm found)",""
"machine","forge-press-2500t","2500T Mechanical Forge Press","590.72","395.1","-33.12","¥/h machine only","updated (China operating model; capital held — capex not sourced)","China book 2026-10-10: capital HELD at the book's UK × 0.55 (capex not sourced for China: the book's capital (UK × 0.55) is HELD; the China operating model (2 × 12 h hours, straight-line, LPR finance, rent, tariff, support at China wages) is applied): depreciation × 1.000 (shift pattern), maintenance per running hour held, finance re-rated 4% → 3.50%; 257 m² at £34.42/m²/yr, 944,492 kWh at £0.071/kWh, support at 0.1335 of UK wages, 6,336 h × 0.78 (two 12-h shifts × 11 h worked × 24 days/month × 12 = 6,336 h (the labour model's pattern); PRC straight-line (time-based) depreciation — no shift uplift on held capital; PBoC 5-year LPR 3.5% (20 Sep 2026; 1-year 3.0%) — the book's line build-ups use 4% on half the capex; rent ¥25.47/m²/month (JLL Shanghai logistics rent Q2 2026 ¥31.94/m²/month (a ceiling for a factory) and Dongguan factory rents ¥10–28 (midpoint ¥19; estate-agent article, 2025) — mean; Wuhan / Chongqing averages not found (Chongqing listings ¥4–12 suggest this is high for the inland clusters)); maintenance the library's own line build-up rule (3.5% of capex); no Chinese norm found)",""
"machine","forge-press-4000t","4000T Hydraulic Forge Press","889.42","592.28","-33.41","¥/h machine only","updated (China operating model; capital held — capex not sourced)","China book 2026-10-10: capital HELD at the book's UK × 0.55 (capex not sourced for China: the book's capital (UK × 0.55) is HELD; the China operating model (2 × 12 h hours, straight-line, LPR finance, rent, tariff, support at China wages) is applied): depreciation × 1.000 (shift pattern), maintenance per running hour held, finance re-rated 4% → 3.50%; 367 m² at £34.42/m²/yr, 1,377,399 kWh at £0.071/kWh, support at 0.1335 of UK wages, 6,336 h × 0.78 (two 12-h shifts × 11 h worked × 24 days/month × 12 = 6,336 h (the labour model's pattern); PRC straight-line (time-based) depreciation — no shift uplift on held capital; PBoC 5-year LPR 3.5% (20 Sep 2026; 1-year 3.0%) — the book's line build-ups use 4% on half the capex; rent ¥25.47/m²/month (JLL Shanghai logistics rent Q2 2026 ¥31.94/m²/month (a ceiling for a factory) and Dongguan factory rents ¥10–28 (midpoint ¥19; estate-agent article, 2025) — mean; Wuhan / Chongqing averages not found (Chongqing listings ¥4–12 suggest this is high for the inland clusters)); maintenance the library's own line build-up rule (3.5% of capex); no Chinese norm found)",""
"machine","forge-press-8000t","8000T Hydraulic Forge Press","1729.41","1151.62","-33.41","¥/h machine only","updated (China operating model; capital held — capex not sourced)","China book 2026-10-10: capital HELD at the book's UK × 0.55 (capex not sourced for China: the book's capital (UK × 0.55) is HELD; the China operating model (2 × 12 h hours, straight-line, LPR finance, rent, tariff, support at China wages) is applied): depreciation × 1.000 (shift pattern), maintenance per running hour held, finance re-rated 4% → 3.50%; 642 m² at £34.42/m²/yr, 2,518,664 kWh at £0.071/kWh, support at 0.1335 of UK wages, 6,336 h × 0.75 (two 12-h shifts × 11 h worked × 24 days/month × 12 = 6,336 h (the labour model's pattern); PRC straight-line (time-based) depreciation — no shift uplift on held capital; PBoC 5-year LPR 3.5% (20 Sep 2026; 1-year 3.0%) — the book's line build-ups use 4% on half the capex; rent ¥25.47/m²/month (JLL Shanghai logistics rent Q2 2026 ¥31.94/m²/month (a ceiling for a factory) and Dongguan factory rents ¥10–28 (midpoint ¥19; estate-agent article, 2025) — mean; Wuhan / Chongqing averages not found (Chongqing listings ¥4–12 suggest this is high for the inland clusters)); maintenance the library's own line build-up rule (3.5% of capex); no Chinese norm found)",""
"machine","forge-screw-1000t","1000T Screw Press","314.56","208.08","-33.85","¥/h machine only","updated (China operating model; capital held — capex not sourced)","China book 2026-10-10: capital HELD at the book's UK × 0.55 (capex not sourced for China: the book's capital (UK × 0.55) is HELD; the China operating model (2 × 12 h hours, straight-line, LPR finance, rent, tariff, support at China wages) is applied): depreciation × 1.000 (shift pattern), maintenance per running hour held, finance re-rated 4% → 3.50%; 147 m² at £34.42/m²/yr, 472,246 kWh at £0.071/kWh, support at 0.1335 of UK wages, 6,336 h × 0.78 (two 12-h shifts × 11 h worked × 24 days/month × 12 = 6,336 h (the labour model's pattern); PRC straight-line (time-based) depreciation — no shift uplift on held capital; PBoC 5-year LPR 3.5% (20 Sep 2026; 1-year 3.0%) — the book's line build-ups use 4% on half the capex; rent ¥25.47/m²/month (JLL Shanghai logistics rent Q2 2026 ¥31.94/m²/month (a ceiling for a factory) and Dongguan factory rents ¥10–28 (midpoint ¥19; estate-agent article, 2025) — mean; Wuhan / Chongqing averages not found (Chongqing listings ¥4–12 suggest this is high for the inland clusters)); maintenance the library's own line build-up rule (3.5% of capex); no Chinese norm found)",""
"machine","forge-upsetter-1000t","1000T Horizontal Upsetter","259.69","168.07","-35.28","¥/h machine only","updated (China operating model; capital held — capex not sourced)","China book 2026-10-10: capital HELD at the book's UK × 0.55 (capex not sourced for China: the book's capital (UK × 0.55) is HELD; the China operating model (2 × 12 h hours, straight-line, LPR finance, rent, tariff, support at China wages) is applied): depreciation × 1.000 (shift pattern), maintenance per running hour held, finance re-rated 4% → 3.50%; 129 m² at £34.42/m²/yr, 314,831 kWh at £0.071/kWh, support at 0.1335 of UK wages, 6,336 h × 0.78 (two 12-h shifts × 11 h worked × 24 days/month × 12 = 6,336 h (the labour model's pattern); PRC straight-line (time-based) depreciation — no shift uplift on held capital; PBoC 5-year LPR 3.5% (20 Sep 2026; 1-year 3.0%) — the book's line build-ups use 4% on half the capex; rent ¥25.47/m²/month (JLL Shanghai logistics rent Q2 2026 ¥31.94/m²/month (a ceiling for a factory) and Dongguan factory rents ¥10–28 (midpoint ¥19; estate-agent article, 2025) — mean; Wuhan / Chongqing averages not found (Chongqing listings ¥4–12 suggest this is high for the inland clusters)); maintenance the library's own line build-up rule (3.5% of capex); no Chinese norm found)",""
"machine","forge-hammer-2t","2T Pneumatic Forge Hammer","115.73","75.47","-34.79","¥/h machine only","updated (China operating model; capital held — capex not sourced)","China book 2026-10-10: capital HELD at the book's UK × 0.55 (capex not sourced for China: the book's capital (UK × 0.55) is HELD; the China operating model (2 × 12 h hours, straight-line, LPR finance, rent, tariff, support at China wages) is applied): depreciation × 1.000 (shift pattern), maintenance per running hour held, finance re-rated 4% → 3.50%; 92 m² at £34.42/m²/yr, 220,377 kWh at £0.071/kWh, support at 0.1335 of UK wages, 6,336 h × 0.78 (two 12-h shifts × 11 h worked × 24 days/month × 12 = 6,336 h (the labour model's pattern); PRC straight-line (time-based) depreciation — no shift uplift on held capital; PBoC 5-year LPR 3.5% (20 Sep 2026; 1-year 3.0%) — the book's line build-ups use 4% on half the capex; rent ¥25.47/m²/month (JLL Shanghai logistics rent Q2 2026 ¥31.94/m²/month (a ceiling for a factory) and Dongguan factory rents ¥10–28 (midpoint ¥19; estate-agent article, 2025) — mean; Wuhan / Chongqing averages not found (Chongqing listings ¥4–12 suggest this is high for the inland clusters)); maintenance the library's own line build-up rule (3.5% of capex); no Chinese norm found)",""
"machine","forge-hammer-5t","5T Pneumatic Forge Hammer","192.2","127.17","-33.83","¥/h machine only","updated (China operating model; capital held — capex not sourced)","China book 2026-10-10: capital HELD at the book's UK × 0.55 (capex not sourced for China: the book's capital (UK × 0.55) is HELD; the China operating model (2 × 12 h hours, straight-line, LPR finance, rent, tariff, support at China wages) is applied): depreciation × 1.000 (shift pattern), maintenance per running hour held, finance re-rated 4% → 3.50%; 138 m² at £34.42/m²/yr, 354,189 kWh at £0.071/kWh, support at 0.1335 of UK wages, 6,336 h × 0.78 (two 12-h shifts × 11 h worked × 24 days/month × 12 = 6,336 h (the labour model's pattern); PRC straight-line (time-based) depreciation — no shift uplift on held capital; PBoC 5-year LPR 3.5% (20 Sep 2026; 1-year 3.0%) — the book's line build-ups use 4% on half the capex; rent ¥25.47/m²/month (JLL Shanghai logistics rent Q2 2026 ¥31.94/m²/month (a ceiling for a factory) and Dongguan factory rents ¥10–28 (midpoint ¥19; estate-agent article, 2025) — mean; Wuhan / Chongqing averages not found (Chongqing listings ¥4–12 suggest this is high for the inland clusters)); maintenance the library's own line build-up rule (3.5% of capex); no Chinese norm found)",""
"machine","forge-hammer-10t","10T Counterblow Forge Hammer","313.28","207.08","-33.9","¥/h machine only","updated (China operating model; capital held — capex not sourced)","China book 2026-10-10: capital HELD at the book's UK × 0.55 (capex not sourced for China: the book's capital (UK × 0.55) is HELD; the China operating model (2 × 12 h hours, straight-line, LPR finance, rent, tariff, support at China wages) is applied): depreciation × 1.000 (shift pattern), maintenance per running hour held, finance re-rated 4% → 3.50%; 202 m² at £34.42/m²/yr, 550,953 kWh at £0.071/kWh, support at 0.1335 of UK wages, 6,336 h × 0.78 (two 12-h shifts × 11 h worked × 24 days/month × 12 = 6,336 h (the labour model's pattern); PRC straight-line (time-based) depreciation — no shift uplift on held capital; PBoC 5-year LPR 3.5% (20 Sep 2026; 1-year 3.0%) — the book's line build-ups use 4% on half the capex; rent ¥25.47/m²/month (JLL Shanghai logistics rent Q2 2026 ¥31.94/m²/month (a ceiling for a factory) and Dongguan factory rents ¥10–28 (midpoint ¥19; estate-agent article, 2025) — mean; Wuhan / Chongqing averages not found (Chongqing listings ¥4–12 suggest this is high for the inland clusters)); maintenance the library's own line build-up rule (3.5% of capex); no Chinese norm found)",""
"machine","forge-ring-mill","CNC Seamless Ring Rolling Mill","533.03","345.76","-35.13","¥/h machine only","updated (China operating model; capital held — capex not sourced)","China book 2026-10-10: capital HELD at the book's UK × 0.55 (capex not sourced for China: the book's capital (UK × 0.55) is HELD; the China operating model (2 × 12 h hours, straight-line, LPR finance, rent, tariff, support at China wages) is applied): depreciation × 1.000 (shift pattern), maintenance per running hour held, finance re-rated 4% → 3.50%; 275 m² at £34.42/m²/yr, 708,379 kWh at £0.071/kWh, support at 0.1335 of UK wages, 6,336 h × 0.78 (two 12-h shifts × 11 h worked × 24 days/month × 12 = 6,336 h (the labour model's pattern); PRC straight-line (time-based) depreciation — no shift uplift on held capital; PBoC 5-year LPR 3.5% (20 Sep 2026; 1-year 3.0%) — the book's line build-ups use 4% on half the capex; rent ¥25.47/m²/month (JLL Shanghai logistics rent Q2 2026 ¥31.94/m²/month (a ceiling for a factory) and Dongguan factory rents ¥10–28 (midpoint ¥19; estate-agent article, 2025) — mean; Wuhan / Chongqing averages not found (Chongqing listings ¥4–12 suggest this is high for the inland clusters)); maintenance the library's own line build-up rule (3.5% of capex); no Chinese norm found)",""
"machine","paint-line-std","Standard Paint Line (E-coat + Topcoat)","450.31","297.01","-34.04","¥/h machine only","updated (China operating model; capital held — capex not sourced)","China book 2026-10-10: capital HELD at the book's UK × 0.55 (capex not sourced for China: the book's capital (UK × 0.55) is HELD; the China operating model (2 × 12 h hours, straight-line, LPR finance, rent, tariff, support at China wages) is applied): depreciation × 1.000 (shift pattern), maintenance per running hour held, finance re-rated 4% → 3.50%; 367 m² at £34.42/m²/yr, 550,962 kWh at £0.071/kWh, support at 0.1335 of UK wages, 6,336 h × 0.82 (two 12-h shifts × 11 h worked × 24 days/month × 12 = 6,336 h (the labour model's pattern); PRC straight-line (time-based) depreciation — no shift uplift on held capital; PBoC 5-year LPR 3.5% (20 Sep 2026; 1-year 3.0%) — the book's line build-ups use 4% on half the capex; rent ¥25.47/m²/month (JLL Shanghai logistics rent Q2 2026 ¥31.94/m²/month (a ceiling for a factory) and Dongguan factory rents ¥10–28 (midpoint ¥19; estate-agent article, 2025) — mean; Wuhan / Chongqing averages not found (Chongqing listings ¥4–12 suggest this is high for the inland clusters)); maintenance the library's own line build-up rule (3.5% of capex); no Chinese norm found)",""
"machine","plating-line-barrel","Barrel Plating Line (zinc, high volume)","204.08","129.18","-36.7","¥/h machine only","updated (China operating model; capital held — capex not sourced)","China book 2026-10-10: capital HELD at the book's UK × 0.55 (capex not sourced for China: the book's capital (UK × 0.55) is HELD; the China operating model (2 × 12 h hours, straight-line, LPR finance, rent, tariff, support at China wages) is applied): depreciation × 1.000 (shift pattern), maintenance per running hour held, finance re-rated 4% → 3.50%; 165 m² at £34.42/m²/yr, 241,047 kWh at £0.071/kWh, support at 0.1335 of UK wages, 6,336 h × 0.8 (two 12-h shifts × 11 h worked × 24 days/month × 12 = 6,336 h (the labour model's pattern); PRC straight-line (time-based) depreciation — no shift uplift on held capital; PBoC 5-year LPR 3.5% (20 Sep 2026; 1-year 3.0%) — the book's line build-ups use 4% on half the capex; rent ¥25.47/m²/month (JLL Shanghai logistics rent Q2 2026 ¥31.94/m²/month (a ceiling for a factory) and Dongguan factory rents ¥10–28 (midpoint ¥19; estate-agent article, 2025) — mean; Wuhan / Chongqing averages not found (Chongqing listings ¥4–12 suggest this is high for the inland clusters)); maintenance the library's own line build-up rule (3.5% of capex); no Chinese norm found)",""
"machine","plating-line-rack","Rack Plating / Anodising Line","300.28","188.29","-37.3","¥/h machine only","updated (China operating model; capital held — capex not sourced)","China book 2026-10-10: capital HELD at the book's UK × 0.55 (capex not sourced for China: the book's capital (UK × 0.55) is HELD; the China operating model (2 × 12 h hours, straight-line, LPR finance, rent, tariff, support at China wages) is applied): depreciation × 1.000 (shift pattern), maintenance per running hour held, finance re-rated 4% → 3.50%; 229 m² at £34.42/m²/yr, 309,916 kWh at £0.071/kWh, support at 0.1335 of UK wages, 6,336 h × 0.78 (two 12-h shifts × 11 h worked × 24 days/month × 12 = 6,336 h (the labour model's pattern); PRC straight-line (time-based) depreciation — no shift uplift on held capital; PBoC 5-year LPR 3.5% (20 Sep 2026; 1-year 3.0%) — the book's line build-ups use 4% on half the capex; rent ¥25.47/m²/month (JLL Shanghai logistics rent Q2 2026 ¥31.94/m²/month (a ceiling for a factory) and Dongguan factory rents ¥10–28 (midpoint ¥19; estate-agent article, 2025) — mean; Wuhan / Chongqing averages not found (Chongqing listings ¥4–12 suggest this is high for the inland clusters)); maintenance the library's own line build-up rule (3.5% of capex); no Chinese norm found)",""
"machine","blast-machine","Shot Blast Machine (tumble / hanger)","117.53","76.45","-34.95","¥/h machine only","updated (China operating model; capital held — capex not sourced)","China book 2026-10-10: capital HELD at the book's UK × 0.55 (capex not sourced for China: the book's capital (UK × 0.55) is HELD; the China operating model (2 × 12 h hours, straight-line, LPR finance, rent, tariff, support at China wages) is applied): depreciation × 1.000 (shift pattern), maintenance per running hour held, finance re-rated 4% → 3.50%; 83 m² at £34.42/m²/yr, 96,415 kWh at £0.071/kWh, support at 0.1335 of UK wages, 6,336 h × 0.8 (two 12-h shifts × 11 h worked × 24 days/month × 12 = 6,336 h (the labour model's pattern); PRC straight-line (time-based) depreciation — no shift uplift on held capital; PBoC 5-year LPR 3.5% (20 Sep 2026; 1-year 3.0%) — the book's line build-ups use 4% on half the capex; rent ¥25.47/m²/month (JLL Shanghai logistics rent Q2 2026 ¥31.94/m²/month (a ceiling for a factory) and Dongguan factory rents ¥10–28 (midpoint ¥19; estate-agent article, 2025) — mean; Wuhan / Chongqing averages not found (Chongqing listings ¥4–12 suggest this is high for the inland clusters)); maintenance the library's own line build-up rule (3.5% of capex); no Chinese norm found)",""
"machine","mass-finish-bowl","Vibratory / Mass Finishing Bowl","72.78","44.05","-39.48","¥/h machine only","updated (China operating model; capital held — capex not sourced)","China book 2026-10-10: capital HELD at the book's UK × 0.55 (capex not sourced for China: the book's capital (UK × 0.55) is HELD; the China operating model (2 × 12 h hours, straight-line, LPR finance, rent, tariff, support at China wages) is applied): depreciation × 1.000 (shift pattern), maintenance per running hour held, finance re-rated 4% → 3.50%; 64 m² at £34.42/m²/yr, 48,208 kWh at £0.071/kWh, support at 0.1335 of UK wages, 6,336 h × 0.75 (two 12-h shifts × 11 h worked × 24 days/month × 12 = 6,336 h (the labour model's pattern); PRC straight-line (time-based) depreciation — no shift uplift on held capital; PBoC 5-year LPR 3.5% (20 Sep 2026; 1-year 3.0%) — the book's line build-ups use 4% on half the capex; rent ¥25.47/m²/month (JLL Shanghai logistics rent Q2 2026 ¥31.94/m²/month (a ceiling for a factory) and Dongguan factory rents ¥10–28 (midpoint ¥19; estate-agent article, 2025) — mean; Wuhan / Chongqing averages not found (Chongqing listings ¥4–12 suggest this is high for the inland clusters)); maintenance the library's own line build-up rule (3.5% of capex); no Chinese norm found)",""
"machine","galvanising-kettle","Hot Dip Galvanising Kettle (batch, EN ISO 1461)","724.15","563.75","-22.15","¥/h machine only","updated (China operating model; capital held — capex not sourced)","China book 2026-10-10: capital HELD at the book's UK × 0.55 (capex not sourced for China: the book's capital (UK × 0.55) is HELD; the China operating model (2 × 12 h hours, straight-line, LPR finance, rent, tariff, support at China wages) is applied): depreciation × 1.000 (shift pattern), maintenance per running hour held, finance re-rated 4% → 3.50%; 551 m² at £34.42/m²/yr, 1,322,302 kWh at £0.071/kWh, support at 0.1335 of UK wages, 6,336 h × 0.8 (two 12-h shifts × 11 h worked × 24 days/month × 12 = 6,336 h (the labour model's pattern); PRC straight-line (time-based) depreciation — no shift uplift on held capital; PBoC 5-year LPR 3.5% (20 Sep 2026; 1-year 3.0%) — the book's line build-ups use 4% on half the capex; rent ¥25.47/m²/month (JLL Shanghai logistics rent Q2 2026 ¥31.94/m²/month (a ceiling for a factory) and Dongguan factory rents ¥10–28 (midpoint ¥19; estate-agent article, 2025) — mean; Wuhan / Chongqing averages not found (Chongqing listings ¥4–12 suggest this is high for the inland clusters)); maintenance the library's own line build-up rule (3.5% of capex); no Chinese norm found)",""
"machine","impregnation-plant","Vacuum Resin Impregnation Plant (casting porosity)","117.45","74.83","-36.29","¥/h machine only","updated (China operating model; capital held — capex not sourced)","China book 2026-10-10: capital HELD at the book's UK × 0.55 (capex not sourced for China: the book's capital (UK × 0.55) is HELD; the China operating model (2 × 12 h hours, straight-line, LPR finance, rent, tariff, support at China wages) is applied): depreciation × 1.000 (shift pattern), maintenance per running hour held, finance re-rated 4% → 3.50%; 73 m² at £34.42/m²/yr, 75,753 kWh at £0.071/kWh, support at 0.1335 of UK wages, 6,336 h × 0.78 (two 12-h shifts × 11 h worked × 24 days/month × 12 = 6,336 h (the labour model's pattern); PRC straight-line (time-based) depreciation — no shift uplift on held capital; PBoC 5-year LPR 3.5% (20 Sep 2026; 1-year 3.0%) — the book's line build-ups use 4% on half the capex; rent ¥25.47/m²/month (JLL Shanghai logistics rent Q2 2026 ¥31.94/m²/month (a ceiling for a factory) and Dongguan factory rents ¥10–28 (midpoint ¥19; estate-agent article, 2025) — mean; Wuhan / Chongqing averages not found (Chongqing listings ¥4–12 suggest this is high for the inland clusters)); maintenance the library's own line build-up rule (3.5% of capex); no Chinese norm found)",""
"machine","robot-weld-station","Robot Welding Station","107.84","68.88","-36.13","¥/h machine only","updated (China operating model; capital held — capex not sourced)","China book 2026-10-10: capital HELD at the book's UK × 0.55 (capex not sourced for China: the book's capital (UK × 0.55) is HELD; the China operating model (2 × 12 h hours, straight-line, LPR finance, rent, tariff, support at China wages) is applied): depreciation × 1.000 (shift pattern), maintenance per running hour held, finance re-rated 4% → 3.50%; 73 m² at £34.42/m²/yr, 41,323 kWh at £0.071/kWh, support at 0.1335 of UK wages, 6,336 h × 0.82 (two 12-h shifts × 11 h worked × 24 days/month × 12 = 6,336 h (the labour model's pattern); PRC straight-line (time-based) depreciation — no shift uplift on held capital; PBoC 5-year LPR 3.5% (20 Sep 2026; 1-year 3.0%) — the book's line build-ups use 4% on half the capex; rent ¥25.47/m²/month (JLL Shanghai logistics rent Q2 2026 ¥31.94/m²/month (a ceiling for a factory) and Dongguan factory rents ¥10–28 (midpoint ¥19; estate-agent article, 2025) — mean; Wuhan / Chongqing averages not found (Chongqing listings ¥4–12 suggest this is high for the inland clusters)); maintenance the library's own line build-up rule (3.5% of capex); no Chinese norm found)",""
"machine","smt-line","SMT Pick & Place + Reflow Line","253.14","157.36","-37.84","¥/h machine only","updated (China operating model; capital held — capex not sourced)","China book 2026-10-10: capital HELD at the book's UK × 0.55 (capex not sourced for China: the book's capital (UK × 0.55) is HELD; the China operating model (2 × 12 h hours, straight-line, LPR finance, rent, tariff, support at China wages) is applied): depreciation × 1.000 (shift pattern), maintenance per running hour held, finance re-rated 4% → 3.50%; 184 m² at £34.42/m²/yr, 103,299 kWh at £0.071/kWh, support at 0.1335 of UK wages, 6,336 h × 0.82 (two 12-h shifts × 11 h worked × 24 days/month × 12 = 6,336 h (the labour model's pattern); PRC straight-line (time-based) depreciation — no shift uplift on held capital; PBoC 5-year LPR 3.5% (20 Sep 2026; 1-year 3.0%) — the book's line build-ups use 4% on half the capex; rent ¥25.47/m²/month (JLL Shanghai logistics rent Q2 2026 ¥31.94/m²/month (a ceiling for a factory) and Dongguan factory rents ¥10–28 (midpoint ¥19; estate-agent article, 2025) — mean; Wuhan / Chongqing averages not found (Chongqing listings ¥4–12 suggest this is high for the inland clusters)); maintenance the library's own line build-up rule (3.5% of capex); no Chinese norm found)",""
"machine","smt-high-speed-line","High-Speed SMT Line (Fuji/Juki/ASM)","702.52","415.31","-40.88","¥/h machine only","updated (China operating model; capital held — capex not sourced)","China book 2026-10-10: capital HELD at the book's UK × 0.55 (capex not sourced for China: the book's capital (UK × 0.55) is HELD; the China operating model (2 × 12 h hours, straight-line, LPR finance, rent, tariff, support at China wages) is applied): depreciation × 1.000 (shift pattern), maintenance per running hour held, finance re-rated 4% → 3.50%; 275 m² at £34.42/m²/yr, 378,785 kWh at £0.071/kWh, support at 0.1335 of UK wages, 6,336 h × 0.82 (two 12-h shifts × 11 h worked × 24 days/month × 12 = 6,336 h (the labour model's pattern); PRC straight-line (time-based) depreciation — no shift uplift on held capital; PBoC 5-year LPR 3.5% (20 Sep 2026; 1-year 3.0%) — the book's line build-ups use 4% on half the capex; rent ¥25.47/m²/month (JLL Shanghai logistics rent Q2 2026 ¥31.94/m²/month (a ceiling for a factory) and Dongguan factory rents ¥10–28 (midpoint ¥19; estate-agent article, 2025) — mean; Wuhan / Chongqing averages not found (Chongqing listings ¥4–12 suggest this is high for the inland clusters)); maintenance the library's own line build-up rule (3.5% of capex); no Chinese norm found)",""
"machine","laser-drill-75um","Laser Drill — 75 µm Microvia (CO₂/UV)","564.7","329.96","-41.57","¥/h machine only","updated (China operating model; capital held — capex not sourced)","China book 2026-10-10: capital HELD at the book's UK × 0.55 (capex not sourced for China: the book's capital (UK × 0.55) is HELD; the China operating model (2 × 12 h hours, straight-line, LPR finance, rent, tariff, support at China wages) is applied): depreciation × 1.000 (shift pattern), maintenance per running hour held, finance re-rated 4% → 3.50%; 229 m² at £34.42/m²/yr, 275,477 kWh at £0.071/kWh, support at 0.1335 of UK wages, 6,336 h × 0.82 (two 12-h shifts × 11 h worked × 24 days/month × 12 = 6,336 h (the labour model's pattern); PRC straight-line (time-based) depreciation — no shift uplift on held capital; PBoC 5-year LPR 3.5% (20 Sep 2026; 1-year 3.0%) — the book's line build-ups use 4% on half the capex; rent ¥25.47/m²/month (JLL Shanghai logistics rent Q2 2026 ¥31.94/m²/month (a ceiling for a factory) and Dongguan factory rents ¥10–28 (midpoint ¥19; estate-agent article, 2025) — mean; Wuhan / Chongqing averages not found (Chongqing listings ¥4–12 suggest this is high for the inland clusters)); maintenance the library's own line build-up rule (3.5% of capex); no Chinese norm found)",""
"machine","xray-bga-inspection","X-Ray BGA Inspection Cell (2D/3D AXI)","426.99","245.05","-42.61","¥/h machine only","updated (China operating model; capital held — capex not sourced)","China book 2026-10-10: capital HELD at the book's UK × 0.55 (capex not sourced for China: the book's capital (UK × 0.55) is HELD; the China operating model (2 × 12 h hours, straight-line, LPR finance, rent, tariff, support at China wages) is applied): depreciation × 1.000 (shift pattern), maintenance per running hour held, finance re-rated 4% → 3.50%; 184 m² at £34.42/m²/yr, 172,169 kWh at £0.071/kWh, support at 0.1335 of UK wages, 6,336 h × 0.82 (two 12-h shifts × 11 h worked × 24 days/month × 12 = 6,336 h (the labour model's pattern); PRC straight-line (time-based) depreciation — no shift uplift on held capital; PBoC 5-year LPR 3.5% (20 Sep 2026; 1-year 3.0%) — the book's line build-ups use 4% on half the capex; rent ¥25.47/m²/month (JLL Shanghai logistics rent Q2 2026 ¥31.94/m²/month (a ceiling for a factory) and Dongguan factory rents ¥10–28 (midpoint ¥19; estate-agent article, 2025) — mean; Wuhan / Chongqing averages not found (Chongqing listings ¥4–12 suggest this is high for the inland clusters)); maintenance the library's own line build-up rule (3.5% of capex); no Chinese norm found)",""
"machine","ict-automotive","ICT Bed-of-Nails Test System (Automotive)","523.2","294.56","-43.7","¥/h machine only","updated (China operating model; capital held — capex not sourced)","China book 2026-10-10: capital HELD at the book's UK × 0.55 (capex not sourced for China: the book's capital (UK × 0.55) is HELD; the China operating model (2 × 12 h hours, straight-line, LPR finance, rent, tariff, support at China wages) is applied): depreciation × 1.000 (shift pattern), maintenance per running hour held, finance re-rated 4% → 3.50%; 229 m² at £34.42/m²/yr, 206,608 kWh at £0.071/kWh, support at 0.1335 of UK wages, 6,336 h × 0.82 (two 12-h shifts × 11 h worked × 24 days/month × 12 = 6,336 h (the labour model's pattern); PRC straight-line (time-based) depreciation — no shift uplift on held capital; PBoC 5-year LPR 3.5% (20 Sep 2026; 1-year 3.0%) — the book's line build-ups use 4% on half the capex; rent ¥25.47/m²/month (JLL Shanghai logistics rent Q2 2026 ¥31.94/m²/month (a ceiling for a factory) and Dongguan factory rents ¥10–28 (midpoint ¥19; estate-agent article, 2025) — mean; Wuhan / Chongqing averages not found (Chongqing listings ¥4–12 suggest this is high for the inland clusters)); maintenance the library's own line build-up rule (3.5% of capex); no Chinese norm found)",""
"machine","blow-ebm-100l","EBM Blow Moulder (up to 5L)","94.23","65.42","-30.57","¥/h machine only","updated (China operating model; capital held — capex not sourced)","China book 2026-10-10: capital HELD at the book's UK × 0.55 (capex not sourced for China: the book's capital (UK × 0.55) is HELD; the China operating model (2 × 12 h hours, straight-line, LPR finance, rent, tariff, support at China wages) is applied): depreciation × 1.000 (shift pattern), maintenance per running hour held, finance re-rated 4% → 3.50%; 55 m² at £34.42/m²/yr, 123,970 kWh at £0.071/kWh, support at 0.1335 of UK wages, 6,336 h × 0.8 (two 12-h shifts × 11 h worked × 24 days/month × 12 = 6,336 h (the labour model's pattern); PRC straight-line (time-based) depreciation — no shift uplift on held capital; PBoC 5-year LPR 3.5% (20 Sep 2026; 1-year 3.0%) — the book's line build-ups use 4% on half the capex; rent ¥25.47/m²/month (JLL Shanghai logistics rent Q2 2026 ¥31.94/m²/month (a ceiling for a factory) and Dongguan factory rents ¥10–28 (midpoint ¥19; estate-agent article, 2025) — mean; Wuhan / Chongqing averages not found (Chongqing listings ¥4–12 suggest this is high for the inland clusters)); maintenance the library's own line build-up rule (3.5% of capex); no Chinese norm found)",""
"machine","blow-ebm-500l","EBM Blow Moulder (5–100L tanks/drums)","166.93","113.9","-31.77","¥/h machine only","updated (China operating model; capital held — capex not sourced)","China book 2026-10-10: capital HELD at the book's UK × 0.55 (capex not sourced for China: the book's capital (UK × 0.55) is HELD; the China operating model (2 × 12 h hours, straight-line, LPR finance, rent, tariff, support at China wages) is applied): depreciation × 1.000 (shift pattern), maintenance per running hour held, finance re-rated 4% → 3.50%; 110 m² at £34.42/m²/yr, 206,608 kWh at £0.071/kWh, support at 0.1335 of UK wages, 6,336 h × 0.8 (two 12-h shifts × 11 h worked × 24 days/month × 12 = 6,336 h (the labour model's pattern); PRC straight-line (time-based) depreciation — no shift uplift on held capital; PBoC 5-year LPR 3.5% (20 Sep 2026; 1-year 3.0%) — the book's line build-ups use 4% on half the capex; rent ¥25.47/m²/month (JLL Shanghai logistics rent Q2 2026 ¥31.94/m²/month (a ceiling for a factory) and Dongguan factory rents ¥10–28 (midpoint ¥19; estate-agent article, 2025) — mean; Wuhan / Chongqing averages not found (Chongqing listings ¥4–12 suggest this is high for the inland clusters)); maintenance the library's own line build-up rule (3.5% of capex); no Chinese norm found)",""
"machine","blow-ebm-2head","EBM 2-Head (Bottles 1–5L)","109.74","76.22","-30.54","¥/h machine only","updated (China operating model; capital held — capex not sourced)","China book 2026-10-10: capital HELD at the book's UK × 0.55 (capex not sourced for China: the book's capital (UK × 0.55) is HELD; the China operating model (2 × 12 h hours, straight-line, LPR finance, rent, tariff, support at China wages) is applied): depreciation × 1.000 (shift pattern), maintenance per running hour held, finance re-rated 4% → 3.50%; 64 m² at £34.42/m²/yr, 151,516 kWh at £0.071/kWh, support at 0.1335 of UK wages, 6,336 h × 0.82 (two 12-h shifts × 11 h worked × 24 days/month × 12 = 6,336 h (the labour model's pattern); PRC straight-line (time-based) depreciation — no shift uplift on held capital; PBoC 5-year LPR 3.5% (20 Sep 2026; 1-year 3.0%) — the book's line build-ups use 4% on half the capex; rent ¥25.47/m²/month (JLL Shanghai logistics rent Q2 2026 ¥31.94/m²/month (a ceiling for a factory) and Dongguan factory rents ¥10–28 (midpoint ¥19; estate-agent article, 2025) — mean; Wuhan / Chongqing averages not found (Chongqing listings ¥4–12 suggest this is high for the inland clusters)); maintenance the library's own line build-up rule (3.5% of capex); no Chinese norm found)",""
"machine","blow-ebm-coex3","3-Layer Co-Ex EBM","214.94","146.46","-31.86","¥/h machine only","updated (China operating model; capital held — capex not sourced)","China book 2026-10-10: capital HELD at the book's UK × 0.55 (capex not sourced for China: the book's capital (UK × 0.55) is HELD; the China operating model (2 × 12 h hours, straight-line, LPR finance, rent, tariff, support at China wages) is applied): depreciation × 1.000 (shift pattern), maintenance per running hour held, finance re-rated 4% → 3.50%; 110 m² at £34.42/m²/yr, 241,047 kWh at £0.071/kWh, support at 0.1335 of UK wages, 6,336 h × 0.78 (two 12-h shifts × 11 h worked × 24 days/month × 12 = 6,336 h (the labour model's pattern); PRC straight-line (time-based) depreciation — no shift uplift on held capital; PBoC 5-year LPR 3.5% (20 Sep 2026; 1-year 3.0%) — the book's line build-ups use 4% on half the capex; rent ¥25.47/m²/month (JLL Shanghai logistics rent Q2 2026 ¥31.94/m²/month (a ceiling for a factory) and Dongguan factory rents ¥10–28 (midpoint ¥19; estate-agent article, 2025) — mean; Wuhan / Chongqing averages not found (Chongqing listings ¥4–12 suggest this is high for the inland clusters)); maintenance the library's own line build-up rule (3.5% of capex); no Chinese norm found)",""
"machine","blow-ebm-coex5","5-Layer Co-Ex EBM (High-Barrier)","358.91","242.34","-32.48","¥/h machine only","updated (China operating model; capital held — capex not sourced)","China book 2026-10-10: capital HELD at the book's UK × 0.55 (capex not sourced for China: the book's capital (UK × 0.55) is HELD; the China operating model (2 × 12 h hours, straight-line, LPR finance, rent, tariff, support at China wages) is applied): depreciation × 1.000 (shift pattern), maintenance per running hour held, finance re-rated 4% → 3.50%; 165 m² at £34.42/m²/yr, 344,346 kWh at £0.071/kWh, support at 0.1335 of UK wages, 6,336 h × 0.75 (two 12-h shifts × 11 h worked × 24 days/month × 12 = 6,336 h (the labour model's pattern); PRC straight-line (time-based) depreciation — no shift uplift on held capital; PBoC 5-year LPR 3.5% (20 Sep 2026; 1-year 3.0%) — the book's line build-ups use 4% on half the capex; rent ¥25.47/m²/month (JLL Shanghai logistics rent Q2 2026 ¥31.94/m²/month (a ceiling for a factory) and Dongguan factory rents ¥10–28 (midpoint ¥19; estate-agent article, 2025) — mean; Wuhan / Chongqing averages not found (Chongqing listings ¥4–12 suggest this is high for the inland clusters)); maintenance the library's own line build-up rule (3.5% of capex); no Chinese norm found)",""
"machine","blow-ebm-large","Large EBM Accumulator Head (20–200L)","271.86","184.79","-32.03","¥/h machine only","updated (China operating model; capital held — capex not sourced)","China book 2026-10-10: capital HELD at the book's UK × 0.55 (capex not sourced for China: the book's capital (UK × 0.55) is HELD; the China operating model (2 × 12 h hours, straight-line, LPR finance, rent, tariff, support at China wages) is applied): depreciation × 1.000 (shift pattern), maintenance per running hour held, finance re-rated 4% → 3.50%; 184 m² at £34.42/m²/yr, 309,916 kWh at £0.071/kWh, support at 0.1335 of UK wages, 6,336 h × 0.77 (two 12-h shifts × 11 h worked × 24 days/month × 12 = 6,336 h (the labour model's pattern); PRC straight-line (time-based) depreciation — no shift uplift on held capital; PBoC 5-year LPR 3.5% (20 Sep 2026; 1-year 3.0%) — the book's line build-ups use 4% on half the capex; rent ¥25.47/m²/month (JLL Shanghai logistics rent Q2 2026 ¥31.94/m²/month (a ceiling for a factory) and Dongguan factory rents ¥10–28 (midpoint ¥19; estate-agent article, 2025) — mean; Wuhan / Chongqing averages not found (Chongqing listings ¥4–12 suggest this is high for the inland clusters)); maintenance the library's own line build-up rule (3.5% of capex); no Chinese norm found)",""
"machine","blow-ibm-rotary","IBM Rotary Machine (Pharma/Cosmetics)","182.62","136.51","-25.25","¥/h machine only","updated (China operating model; capital held — capex not sourced)","China book 2026-10-10: capital HELD at the book's UK × 0.55 (capex not sourced for China: the book's capital (UK × 0.55) is HELD; the China operating model (2 × 12 h hours, straight-line, LPR finance, rent, tariff, support at China wages) is applied): depreciation × 1.000 (shift pattern), maintenance per running hour held, finance re-rated 4% → 3.50%; 138 m² at £34.42/m²/yr, 137,735 kWh at £0.071/kWh, support at 0.1335 of UK wages, 6,336 h × 0.88 (two 12-h shifts × 11 h worked × 24 days/month × 12 = 6,336 h (the labour model's pattern); PRC straight-line (time-based) depreciation — no shift uplift on held capital; PBoC 5-year LPR 3.5% (20 Sep 2026; 1-year 3.0%) — the book's line build-ups use 4% on half the capex; rent ¥25.47/m²/month (JLL Shanghai logistics rent Q2 2026 ¥31.94/m²/month (a ceiling for a factory) and Dongguan factory rents ¥10–28 (midpoint ¥19; estate-agent article, 2025) — mean; Wuhan / Chongqing averages not found (Chongqing listings ¥4–12 suggest this is high for the inland clusters)); maintenance the library's own line build-up rule (3.5% of capex); no Chinese norm found)",""
"machine","blow-ibm-linear","IBM Linear Machine (Medium Volume)","149.58","104.74","-29.98","¥/h machine only","updated (China operating model; capital held — capex not sourced)","China book 2026-10-10: capital HELD at the book's UK × 0.55 (capex not sourced for China: the book's capital (UK × 0.55) is HELD; the China operating model (2 × 12 h hours, straight-line, LPR finance, rent, tariff, support at China wages) is applied): depreciation × 1.000 (shift pattern), maintenance per running hour held, finance re-rated 4% → 3.50%; 110 m² at £34.42/m²/yr, 122,434 kWh at £0.071/kWh, support at 0.1335 of UK wages, 6,336 h × 0.85 (two 12-h shifts × 11 h worked × 24 days/month × 12 = 6,336 h (the labour model's pattern); PRC straight-line (time-based) depreciation — no shift uplift on held capital; PBoC 5-year LPR 3.5% (20 Sep 2026; 1-year 3.0%) — the book's line build-ups use 4% on half the capex; rent ¥25.47/m²/month (JLL Shanghai logistics rent Q2 2026 ¥31.94/m²/month (a ceiling for a factory) and Dongguan factory rents ¥10–28 (midpoint ¥19; estate-agent article, 2025) — mean; Wuhan / Chongqing averages not found (Chongqing listings ¥4–12 suggest this is high for the inland clusters)); maintenance the library's own line build-up rule (3.5% of capex); no Chinese norm found)",""
"machine","blow-sbm-1stage","SBM Single-Stage (Preform + Blow)","196.73","140.57","-28.55","¥/h machine only","updated (China operating model; capital held — capex not sourced)","China book 2026-10-10: capital HELD at the book's UK × 0.55 (capex not sourced for China: the book's capital (UK × 0.55) is HELD; the China operating model (2 × 12 h hours, straight-line, LPR finance, rent, tariff, support at China wages) is applied): depreciation × 1.000 (shift pattern), maintenance per running hour held, finance re-rated 4% → 3.50%; 129 m² at £34.42/m²/yr, 214,264 kWh at £0.071/kWh, support at 0.1335 of UK wages, 6,336 h × 0.8 (two 12-h shifts × 11 h worked × 24 days/month × 12 = 6,336 h (the labour model's pattern); PRC straight-line (time-based) depreciation — no shift uplift on held capital; PBoC 5-year LPR 3.5% (20 Sep 2026; 1-year 3.0%) — the book's line build-ups use 4% on half the capex; rent ¥25.47/m²/month (JLL Shanghai logistics rent Q2 2026 ¥31.94/m²/month (a ceiling for a factory) and Dongguan factory rents ¥10–28 (midpoint ¥19; estate-agent article, 2025) — mean; Wuhan / Chongqing averages not found (Chongqing listings ¥4–12 suggest this is high for the inland clusters)); maintenance the library's own line build-up rule (3.5% of capex); no Chinese norm found)",""
"machine","blow-sbm-2stage","SBM Two-Stage Reheat (High-Speed PET)","175.82","150.34","-14.49","¥/h machine only","updated (China operating model; capital held — capex not sourced)","China book 2026-10-10: capital HELD at the book's UK × 0.55 (capex not sourced for China: the book's capital (UK × 0.55) is HELD; the China operating model (2 × 12 h hours, straight-line, LPR finance, rent, tariff, support at China wages) is applied): depreciation × 1.000 (shift pattern), maintenance per running hour held, finance re-rated 4% → 3.50%; 147 m² at £34.42/m²/yr, 183,651 kWh at £0.071/kWh, support at 0.1335 of UK wages, 6,336 h × 0.9 (two 12-h shifts × 11 h worked × 24 days/month × 12 = 6,336 h (the labour model's pattern); PRC straight-line (time-based) depreciation — no shift uplift on held capital; PBoC 5-year LPR 3.5% (20 Sep 2026; 1-year 3.0%) — the book's line build-ups use 4% on half the capex; rent ¥25.47/m²/month (JLL Shanghai logistics rent Q2 2026 ¥31.94/m²/month (a ceiling for a factory) and Dongguan factory rents ¥10–28 (midpoint ¥19; estate-agent article, 2025) — mean; Wuhan / Chongqing averages not found (Chongqing listings ¥4–12 suggest this is high for the inland clusters)); maintenance the library's own line build-up rule (3.5% of capex); no Chinese norm found)",""
"machine","blow-deflash-trimmer","Deflash Trim Robot / Station","52.69","34.2","-35.09","¥/h machine only","updated (China operating model; capital held — capex not sourced)","China book 2026-10-10: capital HELD at the book's UK × 0.55 (capex not sourced for China: the book's capital (UK × 0.55) is HELD; the China operating model (2 × 12 h hours, straight-line, LPR finance, rent, tariff, support at China wages) is applied): depreciation × 1.000 (shift pattern), maintenance per running hour held, finance re-rated 4% → 3.50%; 55 m² at £34.42/m²/yr, 55,101 kWh at £0.071/kWh, support at 0.1335 of UK wages, 6,336 h × 0.85 (two 12-h shifts × 11 h worked × 24 days/month × 12 = 6,336 h (the labour model's pattern); PRC straight-line (time-based) depreciation — no shift uplift on held capital; PBoC 5-year LPR 3.5% (20 Sep 2026; 1-year 3.0%) — the book's line build-ups use 4% on half the capex; rent ¥25.47/m²/month (JLL Shanghai logistics rent Q2 2026 ¥31.94/m²/month (a ceiling for a factory) and Dongguan factory rents ¥10–28 (midpoint ¥19; estate-agent article, 2025) — mean; Wuhan / Chongqing averages not found (Chongqing listings ¥4–12 suggest this is high for the inland clusters)); maintenance the library's own line build-up rule (3.5% of capex); no Chinese norm found)",""
"machine","extruder-75mm","Single Screw Extruder 75mm","70.92","57.72","-18.61","¥/h machine only","updated (China operating model; capital held — capex not sourced)","China book 2026-10-10: capital HELD at the book's UK × 0.55 (capex not sourced for China: the book's capital (UK × 0.55) is HELD; the China operating model (2 × 12 h hours, straight-line, LPR finance, rent, tariff, support at China wages) is applied): depreciation × 1.000 (shift pattern), maintenance per running hour held, finance re-rated 4% → 3.50%; 46 m² at £34.42/m²/yr, 192,837 kWh at £0.071/kWh, support at 0.1335 of UK wages, 6,336 h × 0.82 (two 12-h shifts × 11 h worked × 24 days/month × 12 = 6,336 h (the labour model's pattern); PRC straight-line (time-based) depreciation — no shift uplift on held capital; PBoC 5-year LPR 3.5% (20 Sep 2026; 1-year 3.0%) — the book's line build-ups use 4% on half the capex; rent ¥25.47/m²/month (JLL Shanghai logistics rent Q2 2026 ¥31.94/m²/month (a ceiling for a factory) and Dongguan factory rents ¥10–28 (midpoint ¥19; estate-agent article, 2025) — mean; Wuhan / Chongqing averages not found (Chongqing listings ¥4–12 suggest this is high for the inland clusters)); maintenance the library's own line build-up rule (3.5% of capex); no Chinese norm found)",""
"machine","extruder-150mm","Twin Screw Compounding/Extrusion Line 150mm","232.95","183.23","-21.34","¥/h machine only","updated (China operating model; capital held — capex not sourced)","China book 2026-10-10: capital HELD at the book's UK × 0.55 (capex not sourced for China: the book's capital (UK × 0.55) is HELD; the China operating model (2 × 12 h hours, straight-line, LPR finance, rent, tariff, support at China wages) is applied): depreciation × 1.000 (shift pattern), maintenance per running hour held, finance re-rated 4% → 3.50%; 138 m² at £34.42/m²/yr, 385,667 kWh at £0.071/kWh, support at 0.1335 of UK wages, 6,336 h × 0.8 (two 12-h shifts × 11 h worked × 24 days/month × 12 = 6,336 h (the labour model's pattern); PRC straight-line (time-based) depreciation — no shift uplift on held capital; PBoC 5-year LPR 3.5% (20 Sep 2026; 1-year 3.0%) — the book's line build-ups use 4% on half the capex; rent ¥25.47/m²/month (JLL Shanghai logistics rent Q2 2026 ¥31.94/m²/month (a ceiling for a factory) and Dongguan factory rents ¥10–28 (midpoint ¥19; estate-agent article, 2025) — mean; Wuhan / Chongqing averages not found (Chongqing listings ¥4–12 suggest this is high for the inland clusters)); maintenance the library's own line build-up rule (3.5% of capex); no Chinese norm found)",""
"machine","extruder-pipe-line","Pipe Extrusion Line 90mm (SSE + vacuum tank + haul-off + saw)","113.71","98.37","-13.49","¥/h machine only","updated (China operating model; capital held — capex not sourced)","China book 2026-10-10: capital HELD at the book's UK × 0.55 (capex not sourced for China: the book's capital (UK × 0.55) is HELD; the China operating model (2 × 12 h hours, straight-line, LPR finance, rent, tariff, support at China wages) is applied): depreciation × 1.000 (shift pattern), maintenance per running hour held, finance re-rated 4% → 3.50%; 110 m² at £34.42/m²/yr, 252,523 kWh at £0.071/kWh, support at 0.1335 of UK wages, 6,336 h × 0.85 (two 12-h shifts × 11 h worked × 24 days/month × 12 = 6,336 h (the labour model's pattern); PRC straight-line (time-based) depreciation — no shift uplift on held capital; PBoC 5-year LPR 3.5% (20 Sep 2026; 1-year 3.0%) — the book's line build-ups use 4% on half the capex; rent ¥25.47/m²/month (JLL Shanghai logistics rent Q2 2026 ¥31.94/m²/month (a ceiling for a factory) and Dongguan factory rents ¥10–28 (midpoint ¥19; estate-agent article, 2025) — mean; Wuhan / Chongqing averages not found (Chongqing listings ¥4–12 suggest this is high for the inland clusters)); maintenance the library's own line build-up rule (3.5% of capex); no Chinese norm found)",""
"machine","extruder-profile-line","Profile Extrusion Line 75mm (SSE + calibration table + haul-off)","93.3","77.07","-17.4","¥/h machine only","updated (China operating model; capital held — capex not sourced)","China book 2026-10-10: capital HELD at the book's UK × 0.55 (capex not sourced for China: the book's capital (UK × 0.55) is HELD; the China operating model (2 × 12 h hours, straight-line, LPR finance, rent, tariff, support at China wages) is applied): depreciation × 1.000 (shift pattern), maintenance per running hour held, finance re-rated 4% → 3.50%; 73 m² at £34.42/m²/yr, 200,347 kWh at £0.071/kWh, support at 0.1335 of UK wages, 6,336 h × 0.8 (two 12-h shifts × 11 h worked × 24 days/month × 12 = 6,336 h (the labour model's pattern); PRC straight-line (time-based) depreciation — no shift uplift on held capital; PBoC 5-year LPR 3.5% (20 Sep 2026; 1-year 3.0%) — the book's line build-ups use 4% on half the capex; rent ¥25.47/m²/month (JLL Shanghai logistics rent Q2 2026 ¥31.94/m²/month (a ceiling for a factory) and Dongguan factory rents ¥10–28 (midpoint ¥19; estate-agent article, 2025) — mean; Wuhan / Chongqing averages not found (Chongqing listings ¥4–12 suggest this is high for the inland clusters)); maintenance the library's own line build-up rule (3.5% of capex); no Chinese norm found)",""
"machine","extruder-sheet-line","Sheet Extrusion Line (die + 3-roll stack + winder)","216.8","188.57","-13.02","¥/h machine only","updated (China operating model; capital held — capex not sourced)","China book 2026-10-10: capital HELD at the book's UK × 0.55 (capex not sourced for China: the book's capital (UK × 0.55) is HELD; the China operating model (2 × 12 h hours, straight-line, LPR finance, rent, tariff, support at China wages) is applied): depreciation × 1.000 (shift pattern), maintenance per running hour held, finance re-rated 4% → 3.50%; 184 m² at £34.42/m²/yr, 390,262 kWh at £0.071/kWh, support at 0.1335 of UK wages, 6,336 h × 0.82 (two 12-h shifts × 11 h worked × 24 days/month × 12 = 6,336 h (the labour model's pattern); PRC straight-line (time-based) depreciation — no shift uplift on held capital; PBoC 5-year LPR 3.5% (20 Sep 2026; 1-year 3.0%) — the book's line build-ups use 4% on half the capex; rent ¥25.47/m²/month (JLL Shanghai logistics rent Q2 2026 ¥31.94/m²/month (a ceiling for a factory) and Dongguan factory rents ¥10–28 (midpoint ¥19; estate-agent article, 2025) — mean; Wuhan / Chongqing averages not found (Chongqing listings ¥4–12 suggest this is high for the inland clusters)); maintenance the library's own line build-up rule (3.5% of capex); no Chinese norm found)",""
"machine","extruder-cable-line","Cable/Wire Line (crosshead + CV/cooling + capstan)","91.07","82.48","-9.43","¥/h machine only","updated (China operating model; capital held — capex not sourced)","China book 2026-10-10: capital HELD at the book's UK × 0.55 (capex not sourced for China: the book's capital (UK × 0.55) is HELD; the China operating model (2 × 12 h hours, straight-line, LPR finance, rent, tariff, support at China wages) is applied): depreciation × 1.000 (shift pattern), maintenance per running hour held, finance re-rated 4% → 3.50%; 92 m² at £34.42/m²/yr, 190,717 kWh at £0.071/kWh, support at 0.1335 of UK wages, 6,336 h × 0.85 (two 12-h shifts × 11 h worked × 24 days/month × 12 = 6,336 h (the labour model's pattern); PRC straight-line (time-based) depreciation — no shift uplift on held capital; PBoC 5-year LPR 3.5% (20 Sep 2026; 1-year 3.0%) — the book's line build-ups use 4% on half the capex; rent ¥25.47/m²/month (JLL Shanghai logistics rent Q2 2026 ¥31.94/m²/month (a ceiling for a factory) and Dongguan factory rents ¥10–28 (midpoint ¥19; estate-agent article, 2025) — mean; Wuhan / Chongqing averages not found (Chongqing listings ¥4–12 suggest this is high for the inland clusters)); maintenance the library's own line build-up rule (3.5% of capex); no Chinese norm found)",""
"machine","extruder-coex-3","3-Layer Co-Extrusion Line (3 extruders + feed block/manifold die)","276.25","241.04","-12.75","¥/h machine only","updated (China operating model; capital held — capex not sourced)","China book 2026-10-10: capital HELD at the book's UK × 0.55 (capex not sourced for China: the book's capital (UK × 0.55) is HELD; the China operating model (2 × 12 h hours, straight-line, LPR finance, rent, tariff, support at China wages) is applied): depreciation × 1.000 (shift pattern), maintenance per running hour held, finance re-rated 4% → 3.50%; 202 m² at £34.42/m²/yr, 436,174 kWh at £0.071/kWh, support at 0.1335 of UK wages, 6,336 h × 0.8 (two 12-h shifts × 11 h worked × 24 days/month × 12 = 6,336 h (the labour model's pattern); PRC straight-line (time-based) depreciation — no shift uplift on held capital; PBoC 5-year LPR 3.5% (20 Sep 2026; 1-year 3.0%) — the book's line build-ups use 4% on half the capex; rent ¥25.47/m²/month (JLL Shanghai logistics rent Q2 2026 ¥31.94/m²/month (a ceiling for a factory) and Dongguan factory rents ¥10–28 (midpoint ¥19; estate-agent article, 2025) — mean; Wuhan / Chongqing averages not found (Chongqing listings ¥4–12 suggest this is high for the inland clusters)); maintenance the library's own line build-up rule (3.5% of capex); no Chinese norm found)",""
"machine","extruder-micro-tube","Medical Micro-Tubing Line (precision + laser gauge + cleanroom-ready)","160.06","122.04","-23.75","¥/h machine only","updated (China operating model; capital held — capex not sourced)","China book 2026-10-10: capital HELD at the book's UK × 0.55 (capex not sourced for China: the book's capital (UK × 0.55) is HELD; the China operating model (2 × 12 h hours, straight-line, LPR finance, rent, tariff, support at China wages) is applied): depreciation × 1.000 (shift pattern), maintenance per running hour held, finance re-rated 4% → 3.50%; 73 m² at £34.42/m²/yr, 165,286 kWh at £0.071/kWh, support at 0.1335 of UK wages, 6,336 h × 0.75 (two 12-h shifts × 11 h worked × 24 days/month × 12 = 6,336 h (the labour model's pattern); PRC straight-line (time-based) depreciation — no shift uplift on held capital; PBoC 5-year LPR 3.5% (20 Sep 2026; 1-year 3.0%) — the book's line build-ups use 4% on half the capex; rent ¥25.47/m²/month (JLL Shanghai logistics rent Q2 2026 ¥31.94/m²/month (a ceiling for a factory) and Dongguan factory rents ¥10–28 (midpoint ¥19; estate-agent article, 2025) — mean; Wuhan / Chongqing averages not found (Chongqing listings ¥4–12 suggest this is high for the inland clusters)); maintenance the library's own line build-up rule (3.5% of capex); no Chinese norm found)",""
"machine","extrusion-finish-qa","Cut-off, Coil & Inspection Station","18.75","11.55","-38.4","¥/h machine only","updated (China operating model; capital held — capex not sourced)","China book 2026-10-10: capital HELD at the book's UK × 0.55 (capex not sourced for China: the book's capital (UK × 0.55) is HELD; the China operating model (2 × 12 h hours, straight-line, LPR finance, rent, tariff, support at China wages) is applied): depreciation × 1.000 (shift pattern), maintenance per running hour held, finance re-rated 4% → 3.50%; 18 m² at £34.42/m²/yr, 20,662 kWh at £0.071/kWh, support at 0.1335 of UK wages, 6,336 h × 0.8 (two 12-h shifts × 11 h worked × 24 days/month × 12 = 6,336 h (the labour model's pattern); PRC straight-line (time-based) depreciation — no shift uplift on held capital; PBoC 5-year LPR 3.5% (20 Sep 2026; 1-year 3.0%) — the book's line build-ups use 4% on half the capex; rent ¥25.47/m²/month (JLL Shanghai logistics rent Q2 2026 ¥31.94/m²/month (a ceiling for a factory) and Dongguan factory rents ¥10–28 (midpoint ¥19; estate-agent article, 2025) — mean; Wuhan / Chongqing averages not found (Chongqing listings ¥4–12 suggest this is high for the inland clusters)); maintenance the library's own line build-up rule (3.5% of capex); no Chinese norm found)",""
"machine","extrusion-leak-test","Pipe/Tube Pressure & Leak Test Rig","26.26","15.76","-39.98","¥/h machine only","updated (China operating model; capital held — capex not sourced)","China book 2026-10-10: capital HELD at the book's UK × 0.55 (capex not sourced for China: the book's capital (UK × 0.55) is HELD; the China operating model (2 × 12 h hours, straight-line, LPR finance, rent, tariff, support at China wages) is applied): depreciation × 1.000 (shift pattern), maintenance per running hour held, finance re-rated 4% → 3.50%; 18 m² at £34.42/m²/yr, 13,769 kWh at £0.071/kWh, support at 0.1335 of UK wages, 6,336 h × 0.7 (two 12-h shifts × 11 h worked × 24 days/month × 12 = 6,336 h (the labour model's pattern); PRC straight-line (time-based) depreciation — no shift uplift on held capital; PBoC 5-year LPR 3.5% (20 Sep 2026; 1-year 3.0%) — the book's line build-ups use 4% on half the capex; rent ¥25.47/m²/month (JLL Shanghai logistics rent Q2 2026 ¥31.94/m²/month (a ceiling for a factory) and Dongguan factory rents ¥10–28 (midpoint ¥19; estate-agent article, 2025) — mean; Wuhan / Chongqing averages not found (Chongqing listings ¥4–12 suggest this is high for the inland clusters)); maintenance the library's own line build-up rule (3.5% of capex); no Chinese norm found)",""
"machine","thermoform-small","Thermoformer (Small/Single Station)","56.33","38.65","-31.39","¥/h machine only","updated (China operating model; capital held — capex not sourced)","China book 2026-10-10: capital HELD at the book's UK × 0.55 (capex not sourced for China: the book's capital (UK × 0.55) is HELD; the China operating model (2 × 12 h hours, straight-line, LPR finance, rent, tariff, support at China wages) is applied): depreciation × 1.000 (shift pattern), maintenance per running hour held, finance re-rated 4% → 3.50%; 37 m² at £34.42/m²/yr, 82,647 kWh at £0.071/kWh, support at 0.1335 of UK wages, 6,336 h × 0.8 (two 12-h shifts × 11 h worked × 24 days/month × 12 = 6,336 h (the labour model's pattern); PRC straight-line (time-based) depreciation — no shift uplift on held capital; PBoC 5-year LPR 3.5% (20 Sep 2026; 1-year 3.0%) — the book's line build-ups use 4% on half the capex; rent ¥25.47/m²/month (JLL Shanghai logistics rent Q2 2026 ¥31.94/m²/month (a ceiling for a factory) and Dongguan factory rents ¥10–28 (midpoint ¥19; estate-agent article, 2025) — mean; Wuhan / Chongqing averages not found (Chongqing listings ¥4–12 suggest this is high for the inland clusters)); maintenance the library's own line build-up rule (3.5% of capex); no Chinese norm found)",""
"machine","thermoform-large","Thermoformer (Inline/Rotary, Large)","155.18","105.36","-32.1","¥/h machine only","updated (China operating model; capital held — capex not sourced)","China book 2026-10-10: capital HELD at the book's UK × 0.55 (capex not sourced for China: the book's capital (UK × 0.55) is HELD; the China operating model (2 × 12 h hours, straight-line, LPR finance, rent, tariff, support at China wages) is applied): depreciation × 1.000 (shift pattern), maintenance per running hour held, finance re-rated 4% → 3.50%; 92 m² at £34.42/m²/yr, 192,830 kWh at £0.071/kWh, support at 0.1335 of UK wages, 6,336 h × 0.82 (two 12-h shifts × 11 h worked × 24 days/month × 12 = 6,336 h (the labour model's pattern); PRC straight-line (time-based) depreciation — no shift uplift on held capital; PBoC 5-year LPR 3.5% (20 Sep 2026; 1-year 3.0%) — the book's line build-ups use 4% on half the capex; rent ¥25.47/m²/month (JLL Shanghai logistics rent Q2 2026 ¥31.94/m²/month (a ceiling for a factory) and Dongguan factory rents ¥10–28 (midpoint ¥19; estate-agent article, 2025) — mean; Wuhan / Chongqing averages not found (Chongqing listings ¥4–12 suggest this is high for the inland clusters)); maintenance the library's own line build-up rule (3.5% of capex); no Chinese norm found)",""
"machine","thermoform-pressure","Pressure Former (3–6 bar, cut-sheet)","115.96","78.98","-31.89","¥/h machine only","updated (China operating model; capital held — capex not sourced)","China book 2026-10-10: capital HELD at the book's UK × 0.55 (capex not sourced for China: the book's capital (UK × 0.55) is HELD; the China operating model (2 × 12 h hours, straight-line, LPR finance, rent, tariff, support at China wages) is applied): depreciation × 1.000 (shift pattern), maintenance per running hour held, finance re-rated 4% → 3.50%; 64 m² at £34.42/m²/yr, 151,516 kWh at £0.071/kWh, support at 0.1335 of UK wages, 6,336 h × 0.8 (two 12-h shifts × 11 h worked × 24 days/month × 12 = 6,336 h (the labour model's pattern); PRC straight-line (time-based) depreciation — no shift uplift on held capital; PBoC 5-year LPR 3.5% (20 Sep 2026; 1-year 3.0%) — the book's line build-ups use 4% on half the capex; rent ¥25.47/m²/month (JLL Shanghai logistics rent Q2 2026 ¥31.94/m²/month (a ceiling for a factory) and Dongguan factory rents ¥10–28 (midpoint ¥19; estate-agent article, 2025) — mean; Wuhan / Chongqing averages not found (Chongqing listings ¥4–12 suggest this is high for the inland clusters)); maintenance the library's own line build-up rule (3.5% of capex); no Chinese norm found)",""
"machine","thermoform-twinsheet","Twin-Sheet Thermoformer","220.91","150.41","-31.91","¥/h machine only","updated (China operating model; capital held — capex not sourced)","China book 2026-10-10: capital HELD at the book's UK × 0.55 (capex not sourced for China: the book's capital (UK × 0.55) is HELD; the China operating model (2 × 12 h hours, straight-line, LPR finance, rent, tariff, support at China wages) is applied): depreciation × 1.000 (shift pattern), maintenance per running hour held, finance re-rated 4% → 3.50%; 129 m² at £34.42/m²/yr, 275,477 kWh at £0.071/kWh, support at 0.1335 of UK wages, 6,336 h × 0.78 (two 12-h shifts × 11 h worked × 24 days/month × 12 = 6,336 h (the labour model's pattern); PRC straight-line (time-based) depreciation — no shift uplift on held capital; PBoC 5-year LPR 3.5% (20 Sep 2026; 1-year 3.0%) — the book's line build-ups use 4% on half the capex; rent ¥25.47/m²/month (JLL Shanghai logistics rent Q2 2026 ¥31.94/m²/month (a ceiling for a factory) and Dongguan factory rents ¥10–28 (midpoint ¥19; estate-agent article, 2025) — mean; Wuhan / Chongqing averages not found (Chongqing listings ¥4–12 suggest this is high for the inland clusters)); maintenance the library's own line build-up rule (3.5% of capex); no Chinese norm found)",""
"machine","thermoform-rollfed","Roll-Fed Inline Thermoformer (packaging)","227.28","176.01","-22.56","¥/h machine only","updated (China operating model; capital held — capex not sourced)","China book 2026-10-10: capital HELD at the book's UK × 0.55 (capex not sourced for China: the book's capital (UK × 0.55) is HELD; the China operating model (2 × 12 h hours, straight-line, LPR finance, rent, tariff, support at China wages) is applied): depreciation × 1.000 (shift pattern), maintenance per running hour held, finance re-rated 4% → 3.50%; 147 m² at £34.42/m²/yr, 303,028 kWh at £0.071/kWh, support at 0.1335 of UK wages, 6,336 h × 0.85 (two 12-h shifts × 11 h worked × 24 days/month × 12 = 6,336 h (the labour model's pattern); PRC straight-line (time-based) depreciation — no shift uplift on held capital; PBoC 5-year LPR 3.5% (20 Sep 2026; 1-year 3.0%) — the book's line build-ups use 4% on half the capex; rent ¥25.47/m²/month (JLL Shanghai logistics rent Q2 2026 ¥31.94/m²/month (a ceiling for a factory) and Dongguan factory rents ¥10–28 (midpoint ¥19; estate-agent article, 2025) — mean; Wuhan / Chongqing averages not found (Chongqing listings ¥4–12 suggest this is high for the inland clusters)); maintenance the library's own line build-up rule (3.5% of capex); no Chinese norm found)",""
"machine","thermoform-oven","Standalone Sheet Pre-Heat Oven","43.18","31.73","-26.52","¥/h machine only","updated (China operating model; capital held — capex not sourced)","China book 2026-10-10: capital HELD at the book's UK × 0.55 (capex not sourced for China: the book's capital (UK × 0.55) is HELD; the China operating model (2 × 12 h hours, straight-line, LPR finance, rent, tariff, support at China wages) is applied): depreciation × 1.000 (shift pattern), maintenance per running hour held, finance re-rated 4% → 3.50%; 28 m² at £34.42/m²/yr, 110,192 kWh at £0.071/kWh, support at 0.1335 of UK wages, 6,336 h × 0.8 (two 12-h shifts × 11 h worked × 24 days/month × 12 = 6,336 h (the labour model's pattern); PRC straight-line (time-based) depreciation — no shift uplift on held capital; PBoC 5-year LPR 3.5% (20 Sep 2026; 1-year 3.0%) — the book's line build-ups use 4% on half the capex; rent ¥25.47/m²/month (JLL Shanghai logistics rent Q2 2026 ¥31.94/m²/month (a ceiling for a factory) and Dongguan factory rents ¥10–28 (midpoint ¥19; estate-agent article, 2025) — mean; Wuhan / Chongqing averages not found (Chongqing listings ¥4–12 suggest this is high for the inland clusters)); maintenance the library's own line build-up rule (3.5% of capex); no Chinese norm found)",""
"machine","thermoform-trim-router","CNC Trim Router / Trim Robot (5-axis)","74.29","48.44","-34.8","¥/h machine only","updated (China operating model; capital held — capex not sourced)","China book 2026-10-10: capital HELD at the book's UK × 0.55 (capex not sourced for China: the book's capital (UK × 0.55) is HELD; the China operating model (2 × 12 h hours, straight-line, LPR finance, rent, tariff, support at China wages) is applied): depreciation × 1.000 (shift pattern), maintenance per running hour held, finance re-rated 4% → 3.50%; 46 m² at £34.42/m²/yr, 55,101 kWh at £0.071/kWh, support at 0.1335 of UK wages, 6,336 h × 0.8 (two 12-h shifts × 11 h worked × 24 days/month × 12 = 6,336 h (the labour model's pattern); PRC straight-line (time-based) depreciation — no shift uplift on held capital; PBoC 5-year LPR 3.5% (20 Sep 2026; 1-year 3.0%) — the book's line build-ups use 4% on half the capex; rent ¥25.47/m²/month (JLL Shanghai logistics rent Q2 2026 ¥31.94/m²/month (a ceiling for a factory) and Dongguan factory rents ¥10–28 (midpoint ¥19; estate-agent article, 2025) — mean; Wuhan / Chongqing averages not found (Chongqing listings ¥4–12 suggest this is high for the inland clusters)); maintenance the library's own line build-up rule (3.5% of capex); no Chinese norm found)",""
"machine","rotomould-biaxial","Biaxial Rotational Moulder (3-arm carousel)","184.09","116.46","-36.74","¥/h machine only","updated (China operating model; capital held — capex not sourced)","China book 2026-10-10: capital HELD at the book's UK × 0.55 (capex not sourced for China: the book's capital (UK × 0.55) is HELD; the China operating model (2 × 12 h hours, straight-line, LPR finance, rent, tariff, support at China wages) is applied): depreciation × 1.000 (shift pattern), maintenance per running hour held, finance re-rated 4% → 3.50%; 184 m² at £34.42/m²/yr, 314,831 kWh at £0.071/kWh, support at 0.1335 of UK wages, 6,336 h × 0.75 (two 12-h shifts × 11 h worked × 24 days/month × 12 = 6,336 h (the labour model's pattern); PRC straight-line (time-based) depreciation — no shift uplift on held capital; PBoC 5-year LPR 3.5% (20 Sep 2026; 1-year 3.0%) — the book's line build-ups use 4% on half the capex; rent ¥25.47/m²/month (JLL Shanghai logistics rent Q2 2026 ¥31.94/m²/month (a ceiling for a factory) and Dongguan factory rents ¥10–28 (midpoint ¥19; estate-agent article, 2025) — mean; Wuhan / Chongqing averages not found (Chongqing listings ¥4–12 suggest this is high for the inland clusters)); maintenance the library's own line build-up rule (3.5% of capex); no Chinese norm found)",""
"machine","rotomould-lab-1arm","Single-Arm Rotational Moulder (small/lab)","82.03","51.19","-37.6","¥/h machine only","updated (China operating model; capital held — capex not sourced)","China book 2026-10-10: capital HELD at the book's UK × 0.55 (capex not sourced for China: the book's capital (UK × 0.55) is HELD; the China operating model (2 × 12 h hours, straight-line, LPR finance, rent, tariff, support at China wages) is applied): depreciation × 1.000 (shift pattern), maintenance per running hour held, finance re-rated 4% → 3.50%; 73 m² at £34.42/m²/yr, 118,056 kWh at £0.071/kWh, support at 0.1335 of UK wages, 6,336 h × 0.65 (two 12-h shifts × 11 h worked × 24 days/month × 12 = 6,336 h (the labour model's pattern); PRC straight-line (time-based) depreciation — no shift uplift on held capital; PBoC 5-year LPR 3.5% (20 Sep 2026; 1-year 3.0%) — the book's line build-ups use 4% on half the capex; rent ¥25.47/m²/month (JLL Shanghai logistics rent Q2 2026 ¥31.94/m²/month (a ceiling for a factory) and Dongguan factory rents ¥10–28 (midpoint ¥19; estate-agent article, 2025) — mean; Wuhan / Chongqing averages not found (Chongqing listings ¥4–12 suggest this is high for the inland clusters)); maintenance the library's own line build-up rule (3.5% of capex); no Chinese norm found)",""
"machine","rotomould-shuttle","Shuttle Rotational Moulder (1–2 station)","167.73","105.67","-37","¥/h machine only","updated (China operating model; capital held — capex not sourced)","China book 2026-10-10: capital HELD at the book's UK × 0.55 (capex not sourced for China: the book's capital (UK × 0.55) is HELD; the China operating model (2 × 12 h hours, straight-line, LPR finance, rent, tariff, support at China wages) is applied): depreciation × 1.000 (shift pattern), maintenance per running hour held, finance re-rated 4% → 3.50%; 165 m² at £34.42/m²/yr, 275,482 kWh at £0.071/kWh, support at 0.1335 of UK wages, 6,336 h × 0.72 (two 12-h shifts × 11 h worked × 24 days/month × 12 = 6,336 h (the labour model's pattern); PRC straight-line (time-based) depreciation — no shift uplift on held capital; PBoC 5-year LPR 3.5% (20 Sep 2026; 1-year 3.0%) — the book's line build-ups use 4% on half the capex; rent ¥25.47/m²/month (JLL Shanghai logistics rent Q2 2026 ¥31.94/m²/month (a ceiling for a factory) and Dongguan factory rents ¥10–28 (midpoint ¥19; estate-agent article, 2025) — mean; Wuhan / Chongqing averages not found (Chongqing listings ¥4–12 suggest this is high for the inland clusters)); maintenance the library's own line build-up rule (3.5% of capex); no Chinese norm found)",""
"machine","rotomould-rocknroll","Rock-and-Roll Rotational Moulder","141.74","89.41","-36.92","¥/h machine only","updated (China operating model; capital held — capex not sourced)","China book 2026-10-10: capital HELD at the book's UK × 0.55 (capex not sourced for China: the book's capital (UK × 0.55) is HELD; the China operating model (2 × 12 h hours, straight-line, LPR finance, rent, tariff, support at China wages) is applied): depreciation × 1.000 (shift pattern), maintenance per running hour held, finance re-rated 4% → 3.50%; 138 m² at £34.42/m²/yr, 236,123 kWh at £0.071/kWh, support at 0.1335 of UK wages, 6,336 h × 0.72 (two 12-h shifts × 11 h worked × 24 days/month × 12 = 6,336 h (the labour model's pattern); PRC straight-line (time-based) depreciation — no shift uplift on held capital; PBoC 5-year LPR 3.5% (20 Sep 2026; 1-year 3.0%) — the book's line build-ups use 4% on half the capex; rent ¥25.47/m²/month (JLL Shanghai logistics rent Q2 2026 ¥31.94/m²/month (a ceiling for a factory) and Dongguan factory rents ¥10–28 (midpoint ¥19; estate-agent article, 2025) — mean; Wuhan / Chongqing averages not found (Chongqing listings ¥4–12 suggest this is high for the inland clusters)); maintenance the library's own line build-up rule (3.5% of capex); no Chinese norm found)",""
"machine","rotomould-carousel-4arm","4-Arm Fixed Carousel Rotational Moulder","260.1","165.03","-36.55","¥/h machine only","updated (China operating model; capital held — capex not sourced)","China book 2026-10-10: capital HELD at the book's UK × 0.55 (capex not sourced for China: the book's capital (UK × 0.55) is HELD; the China operating model (2 × 12 h hours, straight-line, LPR finance, rent, tariff, support at China wages) is applied): depreciation × 1.000 (shift pattern), maintenance per running hour held, finance re-rated 4% → 3.50%; 257 m² at £34.42/m²/yr, 472,246 kWh at £0.071/kWh, support at 0.1335 of UK wages, 6,336 h × 0.78 (two 12-h shifts × 11 h worked × 24 days/month × 12 = 6,336 h (the labour model's pattern); PRC straight-line (time-based) depreciation — no shift uplift on held capital; PBoC 5-year LPR 3.5% (20 Sep 2026; 1-year 3.0%) — the book's line build-ups use 4% on half the capex; rent ¥25.47/m²/month (JLL Shanghai logistics rent Q2 2026 ¥31.94/m²/month (a ceiling for a factory) and Dongguan factory rents ¥10–28 (midpoint ¥19; estate-agent article, 2025) — mean; Wuhan / Chongqing averages not found (Chongqing listings ¥4–12 suggest this is high for the inland clusters)); maintenance the library's own line build-up rule (3.5% of capex); no Chinese norm found)",""
"machine","ultrasonic-welder","Ultrasonic Welder","25.6","16.28","-36.41","¥/h machine only","updated (China operating model; capital held — capex not sourced)","China book 2026-10-10: capital HELD at the book's UK × 0.55 (capex not sourced for China: the book's capital (UK × 0.55) is HELD; the China operating model (2 × 12 h hours, straight-line, LPR finance, rent, tariff, support at China wages) is applied): depreciation × 1.000 (shift pattern), maintenance per running hour held, finance re-rated 4% → 3.50%; 14 m² at £34.42/m²/yr, 13,769 kWh at £0.071/kWh, support at 0.1335 of UK wages, 6,336 h × 0.8 (two 12-h shifts × 11 h worked × 24 days/month × 12 = 6,336 h (the labour model's pattern); PRC straight-line (time-based) depreciation — no shift uplift on held capital; PBoC 5-year LPR 3.5% (20 Sep 2026; 1-year 3.0%) — the book's line build-ups use 4% on half the capex; rent ¥25.47/m²/month (JLL Shanghai logistics rent Q2 2026 ¥31.94/m²/month (a ceiling for a factory) and Dongguan factory rents ¥10–28 (midpoint ¥19; estate-agent article, 2025) — mean; Wuhan / Chongqing averages not found (Chongqing listings ¥4–12 suggest this is high for the inland clusters)); maintenance the library's own line build-up rule (3.5% of capex); no Chinese norm found)",""
"machine","hot-plate-welder","Hot Plate Welder","38.02","23.95","-37.01","¥/h machine only","updated (China operating model; capital held — capex not sourced)","China book 2026-10-10: capital HELD at the book's UK × 0.55 (capex not sourced for China: the book's capital (UK × 0.55) is HELD; the China operating model (2 × 12 h hours, straight-line, LPR finance, rent, tariff, support at China wages) is applied): depreciation × 1.000 (shift pattern), maintenance per running hour held, finance re-rated 4% → 3.50%; 28 m² at £34.42/m²/yr, 20,662 kWh at £0.071/kWh, support at 0.1335 of UK wages, 6,336 h × 0.8 (two 12-h shifts × 11 h worked × 24 days/month × 12 = 6,336 h (the labour model's pattern); PRC straight-line (time-based) depreciation — no shift uplift on held capital; PBoC 5-year LPR 3.5% (20 Sep 2026; 1-year 3.0%) — the book's line build-ups use 4% on half the capex; rent ¥25.47/m²/month (JLL Shanghai logistics rent Q2 2026 ¥31.94/m²/month (a ceiling for a factory) and Dongguan factory rents ¥10–28 (midpoint ¥19; estate-agent article, 2025) — mean; Wuhan / Chongqing averages not found (Chongqing listings ¥4–12 suggest this is high for the inland clusters)); maintenance the library's own line build-up rule (3.5% of capex); no Chinese norm found)",""
"machine","vibration-welder","Vibration Welder","57.76","36.82","-36.25","¥/h machine only","updated (China operating model; capital held — capex not sourced)","China book 2026-10-10: capital HELD at the book's UK × 0.55 (capex not sourced for China: the book's capital (UK × 0.55) is HELD; the China operating model (2 × 12 h hours, straight-line, LPR finance, rent, tariff, support at China wages) is applied): depreciation × 1.000 (shift pattern), maintenance per running hour held, finance re-rated 4% → 3.50%; 37 m² at £34.42/m²/yr, 27,546 kWh at £0.071/kWh, support at 0.1335 of UK wages, 6,336 h × 0.8 (two 12-h shifts × 11 h worked × 24 days/month × 12 = 6,336 h (the labour model's pattern); PRC straight-line (time-based) depreciation — no shift uplift on held capital; PBoC 5-year LPR 3.5% (20 Sep 2026; 1-year 3.0%) — the book's line build-ups use 4% on half the capex; rent ¥25.47/m²/month (JLL Shanghai logistics rent Q2 2026 ¥31.94/m²/month (a ceiling for a factory) and Dongguan factory rents ¥10–28 (midpoint ¥19; estate-agent article, 2025) — mean; Wuhan / Chongqing averages not found (Chongqing listings ¥4–12 suggest this is high for the inland clusters)); maintenance the library's own line build-up rule (3.5% of capex); no Chinese norm found)",""
"machine","laser-trumpf-3030","Trumpf TruLaser 3030 (6kW Fiber)","138.23","79.11","-42.77","¥/h machine only","updated (China operating model; capital held — capex not sourced)","China book 2026-10-10: capital HELD at the book's UK × 0.55 (capex not sourced for China: the book's capital (UK × 0.55) is HELD; the China operating model (2 × 12 h hours, straight-line, LPR finance, rent, tariff, support at China wages) is applied): depreciation × 1.000 (shift pattern), maintenance per running hour held, finance re-rated 4% → 3.50%; 92 m² at £34.42/m²/yr, 104,544 kWh at £0.071/kWh, support at 0.1335 of UK wages, 6,336 h × 0.75 (two 12-h shifts × 11 h worked × 24 days/month × 12 = 6,336 h (the labour model's pattern); PRC straight-line (time-based) depreciation — no shift uplift on held capital; PBoC 5-year LPR 3.5% (20 Sep 2026; 1-year 3.0%) — the book's line build-ups use 4% on half the capex; rent ¥25.47/m²/month (JLL Shanghai logistics rent Q2 2026 ¥31.94/m²/month (a ceiling for a factory) and Dongguan factory rents ¥10–28 (midpoint ¥19; estate-agent article, 2025) — mean; Wuhan / Chongqing averages not found (Chongqing listings ¥4–12 suggest this is high for the inland clusters)); maintenance the library's own line build-up rule (3.5% of capex); no Chinese norm found)",""
"machine","laser-bystronic-3015","Bystronic BySmart 3015 (4kW Fiber)","106.74","60.55","-43.27","¥/h machine only","updated (China operating model; capital held — capex not sourced)","China book 2026-10-10: capital HELD at the book's UK × 0.55 (capex not sourced for China: the book's capital (UK × 0.55) is HELD; the China operating model (2 × 12 h hours, straight-line, LPR finance, rent, tariff, support at China wages) is applied): depreciation × 1.000 (shift pattern), maintenance per running hour held, finance re-rated 4% → 3.50%; 83 m² at £34.42/m²/yr, 78,408 kWh at £0.071/kWh, support at 0.1335 of UK wages, 6,336 h × 0.75 (two 12-h shifts × 11 h worked × 24 days/month × 12 = 6,336 h (the labour model's pattern); PRC straight-line (time-based) depreciation — no shift uplift on held capital; PBoC 5-year LPR 3.5% (20 Sep 2026; 1-year 3.0%) — the book's line build-ups use 4% on half the capex; rent ¥25.47/m²/month (JLL Shanghai logistics rent Q2 2026 ¥31.94/m²/month (a ceiling for a factory) and Dongguan factory rents ¥10–28 (midpoint ¥19; estate-agent article, 2025) — mean; Wuhan / Chongqing averages not found (Chongqing listings ¥4–12 suggest this is high for the inland clusters)); maintenance the library's own line build-up rule (3.5% of capex); no Chinese norm found)",""
"machine","punch-amada-emz3610","Amada EMZ 3610 Turret Punch (30T)","306.87","185.28","-39.62","¥/h machine only","updated (China operating model; capital held — capex not sourced)","China book 2026-10-10: capital HELD at the book's UK × 0.55 (capex not sourced for China: the book's capital (UK × 0.55) is HELD; the China operating model (2 × 12 h hours, straight-line, LPR finance, rent, tariff, support at China wages) is applied): depreciation × 1.000 (shift pattern), maintenance per running hour held, finance re-rated 4% → 3.50%; 83 m² at £34.42/m²/yr, 141,680 kWh at £0.071/kWh, support at 0.1335 of UK wages, 6,336 h × 0.78 (two 12-h shifts × 11 h worked × 24 days/month × 12 = 6,336 h (the labour model's pattern); PRC straight-line (time-based) depreciation — no shift uplift on held capital; PBoC 5-year LPR 3.5% (20 Sep 2026; 1-year 3.0%) — the book's line build-ups use 4% on half the capex; rent ¥25.47/m²/month (JLL Shanghai logistics rent Q2 2026 ¥31.94/m²/month (a ceiling for a factory) and Dongguan factory rents ¥10–28 (midpoint ¥19; estate-agent article, 2025) — mean; Wuhan / Chongqing averages not found (Chongqing listings ¥4–12 suggest this is high for the inland clusters)); maintenance the library's own line build-up rule (3.5% of capex); no Chinese norm found)",""
"machine","punch-trumpf-5000","Trumpf TruPunch 5000 (30T)","361.42","222.11","-38.55","¥/h machine only","updated (China operating model; capital held — capex not sourced)","China book 2026-10-10: capital HELD at the book's UK × 0.55 (capex not sourced for China: the book's capital (UK × 0.55) is HELD; the China operating model (2 × 12 h hours, straight-line, LPR finance, rent, tariff, support at China wages) is applied): depreciation × 1.000 (shift pattern), maintenance per running hour held, finance re-rated 4% → 3.50%; 92 m² at £34.42/m²/yr, 173,161 kWh at £0.071/kWh, support at 0.1335 of UK wages, 6,336 h × 0.78 (two 12-h shifts × 11 h worked × 24 days/month × 12 = 6,336 h (the labour model's pattern); PRC straight-line (time-based) depreciation — no shift uplift on held capital; PBoC 5-year LPR 3.5% (20 Sep 2026; 1-year 3.0%) — the book's line build-ups use 4% on half the capex; rent ¥25.47/m²/month (JLL Shanghai logistics rent Q2 2026 ¥31.94/m²/month (a ceiling for a factory) and Dongguan factory rents ¥10–28 (midpoint ¥19; estate-agent article, 2025) — mean; Wuhan / Chongqing averages not found (Chongqing listings ¥4–12 suggest this is high for the inland clusters)); maintenance the library's own line build-up rule (3.5% of capex); no Chinese norm found)",""
"machine","brake-amada-hfe100","Amada HFE 100T Press Brake (3m)","260.56","159.35","-38.84","¥/h machine only","updated (China operating model; capital held — capex not sourced)","China book 2026-10-10: capital HELD at the book's UK × 0.55 (capex not sourced for China: the book's capital (UK × 0.55) is HELD; the China operating model (2 × 12 h hours, straight-line, LPR finance, rent, tariff, support at China wages) is applied): depreciation × 1.000 (shift pattern), maintenance per running hour held, finance re-rated 4% → 3.50%; 83 m² at £34.42/m²/yr, 110,189 kWh at £0.071/kWh, support at 0.1335 of UK wages, 6,336 h × 0.75 (two 12-h shifts × 11 h worked × 24 days/month × 12 = 6,336 h (the labour model's pattern); PRC straight-line (time-based) depreciation — no shift uplift on held capital; PBoC 5-year LPR 3.5% (20 Sep 2026; 1-year 3.0%) — the book's line build-ups use 4% on half the capex; rent ¥25.47/m²/month (JLL Shanghai logistics rent Q2 2026 ¥31.94/m²/month (a ceiling for a factory) and Dongguan factory rents ¥10–28 (midpoint ¥19; estate-agent article, 2025) — mean; Wuhan / Chongqing averages not found (Chongqing listings ¥4–12 suggest this is high for the inland clusters)); maintenance the library's own line build-up rule (3.5% of capex); no Chinese norm found)",""
"machine","brake-trumpf-5230","Trumpf TruBend 5230 (230T)","330.45","202.58","-38.7","¥/h machine only","updated (China operating model; capital held — capex not sourced)","China book 2026-10-10: capital HELD at the book's UK × 0.55 (capex not sourced for China: the book's capital (UK × 0.55) is HELD; the China operating model (2 × 12 h hours, straight-line, LPR finance, rent, tariff, support at China wages) is applied): depreciation × 1.000 (shift pattern), maintenance per running hour held, finance re-rated 4% → 3.50%; 92 m² at £34.42/m²/yr, 141,680 kWh at £0.071/kWh, support at 0.1335 of UK wages, 6,336 h × 0.75 (two 12-h shifts × 11 h worked × 24 days/month × 12 = 6,336 h (the labour model's pattern); PRC straight-line (time-based) depreciation — no shift uplift on held capital; PBoC 5-year LPR 3.5% (20 Sep 2026; 1-year 3.0%) — the book's line build-ups use 4% on half the capex; rent ¥25.47/m²/month (JLL Shanghai logistics rent Q2 2026 ¥31.94/m²/month (a ceiling for a factory) and Dongguan factory rents ¥10–28 (midpoint ¥19; estate-agent article, 2025) — mean; Wuhan / Chongqing averages not found (Chongqing listings ¥4–12 suggest this is high for the inland clusters)); maintenance the library's own line build-up rule (3.5% of capex); no Chinese norm found)",""
"machine","press-schuler-400t","Schuler 400T Stamping Press","695.17","414.51","-40.37","¥/h machine only","updated (China operating model; capital held — capex not sourced)","China book 2026-10-10: capital HELD at the book's UK × 0.55 (capex not sourced for China: the book's capital (UK × 0.55) is HELD; the China operating model (2 × 12 h hours, straight-line, LPR finance, rent, tariff, support at China wages) is applied): depreciation × 1.000 (shift pattern), maintenance per running hour held, finance re-rated 4% → 3.50%; 184 m² at £34.42/m²/yr, 432,897 kWh at £0.071/kWh, support at 0.1335 of UK wages, 6,336 h × 0.78 (two 12-h shifts × 11 h worked × 24 days/month × 12 = 6,336 h (the labour model's pattern); PRC straight-line (time-based) depreciation — no shift uplift on held capital; PBoC 5-year LPR 3.5% (20 Sep 2026; 1-year 3.0%) — the book's line build-ups use 4% on half the capex; rent ¥25.47/m²/month (JLL Shanghai logistics rent Q2 2026 ¥31.94/m²/month (a ceiling for a factory) and Dongguan factory rents ¥10–28 (midpoint ¥19; estate-agent article, 2025) — mean; Wuhan / Chongqing averages not found (Chongqing listings ¥4–12 suggest this is high for the inland clusters)); maintenance the library's own line build-up rule (3.5% of capex); no Chinese norm found)",""
"machine","press-aida-200t","AIDA 200T Stamping Press","559.98","330.38","-41","¥/h machine only","updated (China operating model; capital held — capex not sourced)","China book 2026-10-10: capital HELD at the book's UK × 0.55 (capex not sourced for China: the book's capital (UK × 0.55) is HELD; the China operating model (2 × 12 h hours, straight-line, LPR finance, rent, tariff, support at China wages) is applied): depreciation × 1.000 (shift pattern), maintenance per running hour held, finance re-rated 4% → 3.50%; 165 m² at £34.42/m²/yr, 314,831 kWh at £0.071/kWh, support at 0.1335 of UK wages, 6,336 h × 0.78 (two 12-h shifts × 11 h worked × 24 days/month × 12 = 6,336 h (the labour model's pattern); PRC straight-line (time-based) depreciation — no shift uplift on held capital; PBoC 5-year LPR 3.5% (20 Sep 2026; 1-year 3.0%) — the book's line build-ups use 4% on half the capex; rent ¥25.47/m²/month (JLL Shanghai logistics rent Q2 2026 ¥31.94/m²/month (a ceiling for a factory) and Dongguan factory rents ¥10–28 (midpoint ¥19; estate-agent article, 2025) — mean; Wuhan / Chongqing averages not found (Chongqing listings ¥4–12 suggest this is high for the inland clusters)); maintenance the library's own line build-up rule (3.5% of capex); no Chinese norm found)",""
"machine","rollform-dimeco-20st","Dimeco Roll Forming Line (20 stations)","518.22","370.65","-28.48","¥/h machine only","updated (China operating model; capital held — capex not sourced)","China book 2026-10-10: capital HELD at the book's UK × 0.55 (capex not sourced for China: the book's capital (UK × 0.55) is HELD; the China operating model (2 × 12 h hours, straight-line, LPR finance, rent, tariff, support at China wages) is applied): depreciation × 1.000 (shift pattern), maintenance per running hour held, finance re-rated 4% → 3.50%; 321 m² at £34.42/m²/yr, 303,028 kWh at £0.071/kWh, support at 0.1335 of UK wages, 6,336 h × 0.8 (two 12-h shifts × 11 h worked × 24 days/month × 12 = 6,336 h (the labour model's pattern); PRC straight-line (time-based) depreciation — no shift uplift on held capital; PBoC 5-year LPR 3.5% (20 Sep 2026; 1-year 3.0%) — the book's line build-ups use 4% on half the capex; rent ¥25.47/m²/month (JLL Shanghai logistics rent Q2 2026 ¥31.94/m²/month (a ceiling for a factory) and Dongguan factory rents ¥10–28 (midpoint ¥19; estate-agent article, 2025) — mean; Wuhan / Chongqing averages not found (Chongqing listings ¥4–12 suggest this is high for the inland clusters)); maintenance the library's own line build-up rule (3.5% of capex); no Chinese norm found)",""
"machine","robot-spotweld-kuka","KUKA Spot Welding Robot Cell","426.2","249.57","-41.44","¥/h machine only","updated (China operating model; capital held — capex not sourced)","China book 2026-10-10: capital HELD at the book's UK × 0.55 (capex not sourced for China: the book's capital (UK × 0.55) is HELD; the China operating model (2 × 12 h hours, straight-line, LPR finance, rent, tariff, support at China wages) is applied): depreciation × 1.000 (shift pattern), maintenance per running hour held, finance re-rated 4% → 3.50%; 138 m² at £34.42/m²/yr, 172,169 kWh at £0.071/kWh, support at 0.1335 of UK wages, 6,336 h × 0.8 (two 12-h shifts × 11 h worked × 24 days/month × 12 = 6,336 h (the labour model's pattern); PRC straight-line (time-based) depreciation — no shift uplift on held capital; PBoC 5-year LPR 3.5% (20 Sep 2026; 1-year 3.0%) — the book's line build-ups use 4% on half the capex; rent ¥25.47/m²/month (JLL Shanghai logistics rent Q2 2026 ¥31.94/m²/month (a ceiling for a factory) and Dongguan factory rents ¥10–28 (midpoint ¥19; estate-agent article, 2025) — mean; Wuhan / Chongqing averages not found (Chongqing listings ¥4–12 suggest this is high for the inland clusters)); maintenance the library's own line build-up rule (3.5% of capex); no Chinese norm found)",""
"machine","mig-welder-manual","Manual MIG/MAG Welder Station","20.91","13.24","-36.68","¥/h machine only","updated (China operating model; capital held — capex not sourced)","China book 2026-10-10: capital HELD at the book's UK × 0.55 (capex not sourced for China: the book's capital (UK × 0.55) is HELD; the China operating model (2 × 12 h hours, straight-line, LPR finance, rent, tariff, support at China wages) is applied): depreciation × 1.000 (shift pattern), maintenance per running hour held, finance re-rated 4% → 3.50%; 18 m² at £34.42/m²/yr, 27,546 kWh at £0.071/kWh, support at 0.1335 of UK wages, 6,336 h × 0.75 (two 12-h shifts × 11 h worked × 24 days/month × 12 = 6,336 h (the labour model's pattern); PRC straight-line (time-based) depreciation — no shift uplift on held capital; PBoC 5-year LPR 3.5% (20 Sep 2026; 1-year 3.0%) — the book's line build-ups use 4% on half the capex; rent ¥25.47/m²/month (JLL Shanghai logistics rent Q2 2026 ¥31.94/m²/month (a ceiling for a factory) and Dongguan factory rents ¥10–28 (midpoint ¥19; estate-agent article, 2025) — mean; Wuhan / Chongqing averages not found (Chongqing listings ¥4–12 suggest this is high for the inland clusters)); maintenance the library's own line build-up rule (3.5% of capex); no Chinese norm found)",""
"machine","tig-welder-manual","Manual TIG Welder Station","23.25","14.82","-36.26","¥/h machine only","updated (China operating model; capital held — capex not sourced)","China book 2026-10-10: capital HELD at the book's UK × 0.55 (capex not sourced for China: the book's capital (UK × 0.55) is HELD; the China operating model (2 × 12 h hours, straight-line, LPR finance, rent, tariff, support at China wages) is applied): depreciation × 1.000 (shift pattern), maintenance per running hour held, finance re-rated 4% → 3.50%; 18 m² at £34.42/m²/yr, 24,099 kWh at £0.071/kWh, support at 0.1335 of UK wages, 6,336 h × 0.75 (two 12-h shifts × 11 h worked × 24 days/month × 12 = 6,336 h (the labour model's pattern); PRC straight-line (time-based) depreciation — no shift uplift on held capital; PBoC 5-year LPR 3.5% (20 Sep 2026; 1-year 3.0%) — the book's line build-ups use 4% on half the capex; rent ¥25.47/m²/month (JLL Shanghai logistics rent Q2 2026 ¥31.94/m²/month (a ceiling for a factory) and Dongguan factory rents ¥10–28 (midpoint ¥19; estate-agent article, 2025) — mean; Wuhan / Chongqing averages not found (Chongqing listings ¥4–12 suggest this is high for the inland clusters)); maintenance the library's own line build-up rule (3.5% of capex); no Chinese norm found)",""
"machine","laser-trumpf-5030","Trumpf TruLaser 5030 (10kW Fiber)","198.63","114.37","-42.42","¥/h machine only","updated (China operating model; capital held — capex not sourced)","China book 2026-10-10: capital HELD at the book's UK × 0.55 (capex not sourced for China: the book's capital (UK × 0.55) is HELD; the China operating model (2 × 12 h hours, straight-line, LPR finance, rent, tariff, support at China wages) is applied): depreciation × 1.000 (shift pattern), maintenance per running hour held, finance re-rated 4% → 3.50%; 129 m² at £34.42/m²/yr, 163,352 kWh at £0.071/kWh, support at 0.1335 of UK wages, 6,336 h × 0.78 (two 12-h shifts × 11 h worked × 24 days/month × 12 = 6,336 h (the labour model's pattern); PRC straight-line (time-based) depreciation — no shift uplift on held capital; PBoC 5-year LPR 3.5% (20 Sep 2026; 1-year 3.0%) — the book's line build-ups use 4% on half the capex; rent ¥25.47/m²/month (JLL Shanghai logistics rent Q2 2026 ¥31.94/m²/month (a ceiling for a factory) and Dongguan factory rents ¥10–28 (midpoint ¥19; estate-agent article, 2025) — mean; Wuhan / Chongqing averages not found (Chongqing listings ¥4–12 suggest this is high for the inland clusters)); maintenance the library's own line build-up rule (3.5% of capex); no Chinese norm found)",""
"machine","laser-amada-ensis-3015","Amada ENSIS 3015 AJ (3kW Fiber)","109.21","61.5","-43.69","¥/h machine only","updated (China operating model; capital held — capex not sourced)","China book 2026-10-10: capital HELD at the book's UK × 0.55 (capex not sourced for China: the book's capital (UK × 0.55) is HELD; the China operating model (2 × 12 h hours, straight-line, LPR finance, rent, tariff, support at China wages) is applied): depreciation × 1.000 (shift pattern), maintenance per running hour held, finance re-rated 4% → 3.50%; 83 m² at £34.42/m²/yr, 71,872 kWh at £0.071/kWh, support at 0.1335 of UK wages, 6,336 h × 0.76 (two 12-h shifts × 11 h worked × 24 days/month × 12 = 6,336 h (the labour model's pattern); PRC straight-line (time-based) depreciation — no shift uplift on held capital; PBoC 5-year LPR 3.5% (20 Sep 2026; 1-year 3.0%) — the book's line build-ups use 4% on half the capex; rent ¥25.47/m²/month (JLL Shanghai logistics rent Q2 2026 ¥31.94/m²/month (a ceiling for a factory) and Dongguan factory rents ¥10–28 (midpoint ¥19; estate-agent article, 2025) — mean; Wuhan / Chongqing averages not found (Chongqing listings ¥4–12 suggest this is high for the inland clusters)); maintenance the library's own line build-up rule (3.5% of capex); no Chinese norm found)",""
"machine","plasma-hypertherm-xpr300","Hypertherm XPR300 Plasma Table","181.37","117.36","-35.29","¥/h machine only","updated (China operating model; capital held — capex not sourced)","China book 2026-10-10: capital HELD at the book's UK × 0.55 (capex not sourced for China: the book's capital (UK × 0.55) is HELD; the China operating model (2 × 12 h hours, straight-line, LPR finance, rent, tariff, support at China wages) is applied): depreciation × 1.000 (shift pattern), maintenance per running hour held, finance re-rated 4% → 3.50%; 129 m² at £34.42/m²/yr, 151,516 kWh at £0.071/kWh, support at 0.1335 of UK wages, 6,336 h × 0.8 (two 12-h shifts × 11 h worked × 24 days/month × 12 = 6,336 h (the labour model's pattern); PRC straight-line (time-based) depreciation — no shift uplift on held capital; PBoC 5-year LPR 3.5% (20 Sep 2026; 1-year 3.0%) — the book's line build-ups use 4% on half the capex; rent ¥25.47/m²/month (JLL Shanghai logistics rent Q2 2026 ¥31.94/m²/month (a ceiling for a factory) and Dongguan factory rents ¥10–28 (midpoint ¥19; estate-agent article, 2025) — mean; Wuhan / Chongqing averages not found (Chongqing listings ¥4–12 suggest this is high for the inland clusters)); maintenance the library's own line build-up rule (3.5% of capex); no Chinese norm found)",""
"machine","plasma-kjellberg-hifocus280","Kjellberg HiFocus 280i Plasma Table","159.63","102.31","-35.91","¥/h machine only","updated (China operating model; capital held — capex not sourced)","China book 2026-10-10: capital HELD at the book's UK × 0.55 (capex not sourced for China: the book's capital (UK × 0.55) is HELD; the China operating model (2 × 12 h hours, straight-line, LPR finance, rent, tariff, support at China wages) is applied): depreciation × 1.000 (shift pattern), maintenance per running hour held, finance re-rated 4% → 3.50%; 129 m² at £34.42/m²/yr, 137,738 kWh at £0.071/kWh, support at 0.1335 of UK wages, 6,336 h × 0.8 (two 12-h shifts × 11 h worked × 24 days/month × 12 = 6,336 h (the labour model's pattern); PRC straight-line (time-based) depreciation — no shift uplift on held capital; PBoC 5-year LPR 3.5% (20 Sep 2026; 1-year 3.0%) — the book's line build-ups use 4% on half the capex; rent ¥25.47/m²/month (JLL Shanghai logistics rent Q2 2026 ¥31.94/m²/month (a ceiling for a factory) and Dongguan factory rents ¥10–28 (midpoint ¥19; estate-agent article, 2025) — mean; Wuhan / Chongqing averages not found (Chongqing listings ¥4–12 suggest this is high for the inland clusters)); maintenance the library's own line build-up rule (3.5% of capex); no Chinese norm found)",""
"machine","waterjet-flow-mach500","Flow Mach 500 Waterjet (60K psi)","226.06","147.55","-34.73","¥/h machine only","updated (China operating model; capital held — capex not sourced)","China book 2026-10-10: capital HELD at the book's UK × 0.55 (capex not sourced for China: the book's capital (UK × 0.55) is HELD; the China operating model (2 × 12 h hours, straight-line, LPR finance, rent, tariff, support at China wages) is applied): depreciation × 1.000 (shift pattern), maintenance per running hour held, finance re-rated 4% → 3.50%; 147 m² at £34.42/m²/yr, 192,830 kWh at £0.071/kWh, support at 0.1335 of UK wages, 6,336 h × 0.75 (two 12-h shifts × 11 h worked × 24 days/month × 12 = 6,336 h (the labour model's pattern); PRC straight-line (time-based) depreciation — no shift uplift on held capital; PBoC 5-year LPR 3.5% (20 Sep 2026; 1-year 3.0%) — the book's line build-ups use 4% on half the capex; rent ¥25.47/m²/month (JLL Shanghai logistics rent Q2 2026 ¥31.94/m²/month (a ceiling for a factory) and Dongguan factory rents ¥10–28 (midpoint ¥19; estate-agent article, 2025) — mean; Wuhan / Chongqing averages not found (Chongqing listings ¥4–12 suggest this is high for the inland clusters)); maintenance the library's own line build-up rule (3.5% of capex); no Chinese norm found)",""
"machine","waterjet-omax-80x","Omax 80X Waterjet (60K psi)","195.29","127.01","-34.96","¥/h machine only","updated (China operating model; capital held — capex not sourced)","China book 2026-10-10: capital HELD at the book's UK × 0.55 (capex not sourced for China: the book's capital (UK × 0.55) is HELD; the China operating model (2 × 12 h hours, straight-line, LPR finance, rent, tariff, support at China wages) is applied): depreciation × 1.000 (shift pattern), maintenance per running hour held, finance re-rated 4% → 3.50%; 129 m² at £34.42/m²/yr, 165,284 kWh at £0.071/kWh, support at 0.1335 of UK wages, 6,336 h × 0.75 (two 12-h shifts × 11 h worked × 24 days/month × 12 = 6,336 h (the labour model's pattern); PRC straight-line (time-based) depreciation — no shift uplift on held capital; PBoC 5-year LPR 3.5% (20 Sep 2026; 1-year 3.0%) — the book's line build-ups use 4% on half the capex; rent ¥25.47/m²/month (JLL Shanghai logistics rent Q2 2026 ¥31.94/m²/month (a ceiling for a factory) and Dongguan factory rents ¥10–28 (midpoint ¥19; estate-agent article, 2025) — mean; Wuhan / Chongqing averages not found (Chongqing listings ¥4–12 suggest this is high for the inland clusters)); maintenance the library's own line build-up rule (3.5% of capex); no Chinese norm found)",""
"machine","shear-hydraulic-3m","Hydraulic Guillotine Shear (3m × 6mm)","67.41","39.24","-41.79","¥/h machine only","updated (China operating model; capital held — capex not sourced)","China book 2026-10-10: capital HELD at the book's UK × 0.55 (capex not sourced for China: the book's capital (UK × 0.55) is HELD; the China operating model (2 × 12 h hours, straight-line, LPR finance, rent, tariff, support at China wages) is applied): depreciation × 1.000 (shift pattern), maintenance per running hour held, finance re-rated 4% → 3.50%; 55 m² at £34.42/m²/yr, 39,349 kWh at £0.071/kWh, support at 0.1335 of UK wages, 6,336 h × 0.8 (two 12-h shifts × 11 h worked × 24 days/month × 12 = 6,336 h (the labour model's pattern); PRC straight-line (time-based) depreciation — no shift uplift on held capital; PBoC 5-year LPR 3.5% (20 Sep 2026; 1-year 3.0%) — the book's line build-ups use 4% on half the capex; rent ¥25.47/m²/month (JLL Shanghai logistics rent Q2 2026 ¥31.94/m²/month (a ceiling for a factory) and Dongguan factory rents ¥10–28 (midpoint ¥19; estate-agent article, 2025) — mean; Wuhan / Chongqing averages not found (Chongqing listings ¥4–12 suggest this is high for the inland clusters)); maintenance the library's own line build-up rule (3.5% of capex); no Chinese norm found)",""
"machine","shear-guillotine-6mm","Hydraulic Shear Heavy Duty (4m × 6mm)","92.26","52.99","-42.56","¥/h machine only","updated (China operating model; capital held — capex not sourced)","China book 2026-10-10: capital HELD at the book's UK × 0.55 (capex not sourced for China: the book's capital (UK × 0.55) is HELD; the China operating model (2 × 12 h hours, straight-line, LPR finance, rent, tariff, support at China wages) is applied): depreciation × 1.000 (shift pattern), maintenance per running hour held, finance re-rated 4% → 3.50%; 73 m² at £34.42/m²/yr, 55,094 kWh at £0.071/kWh, support at 0.1335 of UK wages, 6,336 h × 0.8 (two 12-h shifts × 11 h worked × 24 days/month × 12 = 6,336 h (the labour model's pattern); PRC straight-line (time-based) depreciation — no shift uplift on held capital; PBoC 5-year LPR 3.5% (20 Sep 2026; 1-year 3.0%) — the book's line build-ups use 4% on half the capex; rent ¥25.47/m²/month (JLL Shanghai logistics rent Q2 2026 ¥31.94/m²/month (a ceiling for a factory) and Dongguan factory rents ¥10–28 (midpoint ¥19; estate-agent article, 2025) — mean; Wuhan / Chongqing averages not found (Chongqing listings ¥4–12 suggest this is high for the inland clusters)); maintenance the library's own line build-up rule (3.5% of capex); no Chinese norm found)",""
"machine","brake-amada-hfe170","Amada HFE3i 170T Press Brake (4m)","322.94","196.43","-39.17","¥/h machine only","updated (China operating model; capital held — capex not sourced)","China book 2026-10-10: capital HELD at the book's UK × 0.55 (capex not sourced for China: the book's capital (UK × 0.55) is HELD; the China operating model (2 × 12 h hours, straight-line, LPR finance, rent, tariff, support at China wages) is applied): depreciation × 1.000 (shift pattern), maintenance per running hour held, finance re-rated 4% → 3.50%; 101 m² at £34.42/m²/yr, 141,680 kWh at £0.071/kWh, support at 0.1335 of UK wages, 6,336 h × 0.75 (two 12-h shifts × 11 h worked × 24 days/month × 12 = 6,336 h (the labour model's pattern); PRC straight-line (time-based) depreciation — no shift uplift on held capital; PBoC 5-year LPR 3.5% (20 Sep 2026; 1-year 3.0%) — the book's line build-ups use 4% on half the capex; rent ¥25.47/m²/month (JLL Shanghai logistics rent Q2 2026 ¥31.94/m²/month (a ceiling for a factory) and Dongguan factory rents ¥10–28 (midpoint ¥19; estate-agent article, 2025) — mean; Wuhan / Chongqing averages not found (Chongqing listings ¥4–12 suggest this is high for the inland clusters)); maintenance the library's own line build-up rule (3.5% of capex); no Chinese norm found)",""
"machine","brake-trumpf-trubend3100","Trumpf TruBend 3100 (100T)","242.62","148.15","-38.94","¥/h machine only","updated (China operating model; capital held — capex not sourced)","China book 2026-10-10: capital HELD at the book's UK × 0.55 (capex not sourced for China: the book's capital (UK × 0.55) is HELD; the China operating model (2 × 12 h hours, straight-line, LPR finance, rent, tariff, support at China wages) is applied): depreciation × 1.000 (shift pattern), maintenance per running hour held, finance re-rated 4% → 3.50%; 83 m² at £34.42/m²/yr, 102,321 kWh at £0.071/kWh, support at 0.1335 of UK wages, 6,336 h × 0.75 (two 12-h shifts × 11 h worked × 24 days/month × 12 = 6,336 h (the labour model's pattern); PRC straight-line (time-based) depreciation — no shift uplift on held capital; PBoC 5-year LPR 3.5% (20 Sep 2026; 1-year 3.0%) — the book's line build-ups use 4% on half the capex; rent ¥25.47/m²/month (JLL Shanghai logistics rent Q2 2026 ¥31.94/m²/month (a ceiling for a factory) and Dongguan factory rents ¥10–28 (midpoint ¥19; estate-agent article, 2025) — mean; Wuhan / Chongqing averages not found (Chongqing listings ¥4–12 suggest this is high for the inland clusters)); maintenance the library's own line build-up rule (3.5% of capex); no Chinese norm found)",""
"machine","brake-lvd-ppeb135","LVD PPEB 135T/30 Press Brake","280.38","170.31","-39.26","¥/h machine only","updated (China operating model; capital held — capex not sourced)","China book 2026-10-10: capital HELD at the book's UK × 0.55 (capex not sourced for China: the book's capital (UK × 0.55) is HELD; the China operating model (2 × 12 h hours, straight-line, LPR finance, rent, tariff, support at China wages) is applied): depreciation × 1.000 (shift pattern), maintenance per running hour held, finance re-rated 4% → 3.50%; 92 m² at £34.42/m²/yr, 118,056 kWh at £0.071/kWh, support at 0.1335 of UK wages, 6,336 h × 0.75 (two 12-h shifts × 11 h worked × 24 days/month × 12 = 6,336 h (the labour model's pattern); PRC straight-line (time-based) depreciation — no shift uplift on held capital; PBoC 5-year LPR 3.5% (20 Sep 2026; 1-year 3.0%) — the book's line build-ups use 4% on half the capex; rent ¥25.47/m²/month (JLL Shanghai logistics rent Q2 2026 ¥31.94/m²/month (a ceiling for a factory) and Dongguan factory rents ¥10–28 (midpoint ¥19; estate-agent article, 2025) — mean; Wuhan / Chongqing averages not found (Chongqing listings ¥4–12 suggest this is high for the inland clusters)); maintenance the library's own line build-up rule (3.5% of capex); no Chinese norm found)",""
"machine","spotweld-gun-manual","Pedestal Spot Welding Machine","30.47","18.52","-39.22","¥/h machine only","updated (China operating model; capital held — capex not sourced)","China book 2026-10-10: capital HELD at the book's UK × 0.55 (capex not sourced for China: the book's capital (UK × 0.55) is HELD; the China operating model (2 × 12 h hours, straight-line, LPR finance, rent, tariff, support at China wages) is applied): depreciation × 1.000 (shift pattern), maintenance per running hour held, finance re-rated 4% → 3.50%; 37 m² at £34.42/m²/yr, 34,430 kWh at £0.071/kWh, support at 0.1335 of UK wages, 6,336 h × 0.8 (two 12-h shifts × 11 h worked × 24 days/month × 12 = 6,336 h (the labour model's pattern); PRC straight-line (time-based) depreciation — no shift uplift on held capital; PBoC 5-year LPR 3.5% (20 Sep 2026; 1-year 3.0%) — the book's line build-ups use 4% on half the capex; rent ¥25.47/m²/month (JLL Shanghai logistics rent Q2 2026 ¥31.94/m²/month (a ceiling for a factory) and Dongguan factory rents ¥10–28 (midpoint ¥19; estate-agent article, 2025) — mean; Wuhan / Chongqing averages not found (Chongqing listings ¥4–12 suggest this is high for the inland clusters)); maintenance the library's own line build-up rule (3.5% of capex); no Chinese norm found)",""
"machine","robot-mig-cell","Robotic MIG/MAG Welding Cell","78.22","47.09","-39.8","¥/h machine only","updated (China operating model; capital held — capex not sourced)","China book 2026-10-10: capital HELD at the book's UK × 0.55 (capex not sourced for China: the book's capital (UK × 0.55) is HELD; the China operating model (2 × 12 h hours, straight-line, LPR finance, rent, tariff, support at China wages) is applied): depreciation × 1.000 (shift pattern), maintenance per running hour held, finance re-rated 4% → 3.50%; 110 m² at £34.42/m²/yr, 137,738 kWh at £0.071/kWh, support at 0.1335 of UK wages, 6,336 h × 0.82 (two 12-h shifts × 11 h worked × 24 days/month × 12 = 6,336 h (the labour model's pattern); PRC straight-line (time-based) depreciation — no shift uplift on held capital; PBoC 5-year LPR 3.5% (20 Sep 2026; 1-year 3.0%) — the book's line build-ups use 4% on half the capex; rent ¥25.47/m²/month (JLL Shanghai logistics rent Q2 2026 ¥31.94/m²/month (a ceiling for a factory) and Dongguan factory rents ¥10–28 (midpoint ¥19; estate-agent article, 2025) — mean; Wuhan / Chongqing averages not found (Chongqing listings ¥4–12 suggest this is high for the inland clusters)); maintenance the library's own line build-up rule (3.5% of capex); no Chinese norm found)",""
"machine","compression-mould-std","Compression Moulding Press 250T","75.41","47.04","-37.62","¥/h machine only","updated (China operating model; capital held — capex not sourced)","China book 2026-10-10: capital HELD at the book's UK × 0.55 (capex not sourced for China: the book's capital (UK × 0.55) is HELD; the China operating model (2 × 12 h hours, straight-line, LPR finance, rent, tariff, support at China wages) is applied): depreciation × 1.000 (shift pattern), maintenance per running hour held, finance re-rated 4% → 3.50%; 46 m² at £34.42/m²/yr, 78,708 kWh at £0.071/kWh, support at 0.1335 of UK wages, 6,336 h × 0.8 (two 12-h shifts × 11 h worked × 24 days/month × 12 = 6,336 h (the labour model's pattern); PRC straight-line (time-based) depreciation — no shift uplift on held capital; PBoC 5-year LPR 3.5% (20 Sep 2026; 1-year 3.0%) — the book's line build-ups use 4% on half the capex; rent ¥25.47/m²/month (JLL Shanghai logistics rent Q2 2026 ¥31.94/m²/month (a ceiling for a factory) and Dongguan factory rents ¥10–28 (midpoint ¥19; estate-agent article, 2025) — mean; Wuhan / Chongqing averages not found (Chongqing listings ¥4–12 suggest this is high for the inland clusters)); maintenance the library's own line build-up rule (3.5% of capex); no Chinese norm found)",""
"machine","transfer-mould-std","Transfer Moulding Press 200T","94.71","59.1","-37.6","¥/h machine only","updated (China operating model; capital held — capex not sourced)","China book 2026-10-10: capital HELD at the book's UK × 0.55 (capex not sourced for China: the book's capital (UK × 0.55) is HELD; the China operating model (2 × 12 h hours, straight-line, LPR finance, rent, tariff, support at China wages) is applied): depreciation × 1.000 (shift pattern), maintenance per running hour held, finance re-rated 4% → 3.50%; 55 m² at £34.42/m²/yr, 94,453 kWh at £0.071/kWh, support at 0.1335 of UK wages, 6,336 h × 0.78 (two 12-h shifts × 11 h worked × 24 days/month × 12 = 6,336 h (the labour model's pattern); PRC straight-line (time-based) depreciation — no shift uplift on held capital; PBoC 5-year LPR 3.5% (20 Sep 2026; 1-year 3.0%) — the book's line build-ups use 4% on half the capex; rent ¥25.47/m²/month (JLL Shanghai logistics rent Q2 2026 ¥31.94/m²/month (a ceiling for a factory) and Dongguan factory rents ¥10–28 (midpoint ¥19; estate-agent article, 2025) — mean; Wuhan / Chongqing averages not found (Chongqing listings ¥4–12 suggest this is high for the inland clusters)); maintenance the library's own line build-up rule (3.5% of capex); no Chinese norm found)",""
"machine","lsr-injection-machine","LSR Injection Moulding Machine","120.99","82.04","-32.19","¥/h machine only","updated (China operating model; capital held — capex not sourced)","China book 2026-10-10: capital HELD at the book's UK × 0.55 (capex not sourced for China: the book's capital (UK × 0.55) is HELD; the China operating model (2 × 12 h hours, straight-line, LPR finance, rent, tariff, support at China wages) is applied): depreciation × 1.000 (shift pattern), maintenance per running hour held, finance re-rated 4% → 3.50%; 64 m² at £34.42/m²/yr, 137,738 kWh at £0.071/kWh, support at 0.1335 of UK wages, 6,336 h × 0.8 (two 12-h shifts × 11 h worked × 24 days/month × 12 = 6,336 h (the labour model's pattern); PRC straight-line (time-based) depreciation — no shift uplift on held capital; PBoC 5-year LPR 3.5% (20 Sep 2026; 1-year 3.0%) — the book's line build-ups use 4% on half the capex; rent ¥25.47/m²/month (JLL Shanghai logistics rent Q2 2026 ¥31.94/m²/month (a ceiling for a factory) and Dongguan factory rents ¥10–28 (midpoint ¥19; estate-agent article, 2025) — mean; Wuhan / Chongqing averages not found (Chongqing listings ¥4–12 suggest this is high for the inland clusters)); maintenance the library's own line build-up rule (3.5% of capex); no Chinese norm found)",""
"machine","cure-oven-rubber","Rubber Cure / Vulcanisation Oven","45.88","36","-21.53","¥/h machine only","updated (China operating model; capital held — capex not sourced)","China book 2026-10-10: capital HELD at the book's UK × 0.55 (capex not sourced for China: the book's capital (UK × 0.55) is HELD; the China operating model (2 × 12 h hours, straight-line, LPR finance, rent, tariff, support at China wages) is applied): depreciation × 1.000 (shift pattern), maintenance per running hour held, finance re-rated 4% → 3.50%; 55 m² at £34.42/m²/yr, 137,735 kWh at £0.071/kWh, support at 0.1335 of UK wages, 6,336 h × 0.82 (two 12-h shifts × 11 h worked × 24 days/month × 12 = 6,336 h (the labour model's pattern); PRC straight-line (time-based) depreciation — no shift uplift on held capital; PBoC 5-year LPR 3.5% (20 Sep 2026; 1-year 3.0%) — the book's line build-ups use 4% on half the capex; rent ¥25.47/m²/month (JLL Shanghai logistics rent Q2 2026 ¥31.94/m²/month (a ceiling for a factory) and Dongguan factory rents ¥10–28 (midpoint ¥19; estate-agent article, 2025) — mean; Wuhan / Chongqing averages not found (Chongqing listings ¥4–12 suggest this is high for the inland clusters)); maintenance the library's own line build-up rule (3.5% of capex); no Chinese norm found)",""
"machine","extruder-rubber-60mm","Rubber Extruder 60mm (Cold-feed)","49.79","38.98","-21.71","¥/h machine only","updated (China operating model; capital held — capex not sourced)","China book 2026-10-10: capital HELD at the book's UK × 0.55 (capex not sourced for China: the book's capital (UK × 0.55) is HELD; the China operating model (2 × 12 h hours, straight-line, LPR finance, rent, tariff, support at China wages) is applied): depreciation × 1.000 (shift pattern), maintenance per running hour held, finance re-rated 4% → 3.50%; 37 m² at £34.42/m²/yr, 99,176 kWh at £0.071/kWh, support at 0.1335 of UK wages, 6,336 h × 0.8 (two 12-h shifts × 11 h worked × 24 days/month × 12 = 6,336 h (the labour model's pattern); PRC straight-line (time-based) depreciation — no shift uplift on held capital; PBoC 5-year LPR 3.5% (20 Sep 2026; 1-year 3.0%) — the book's line build-ups use 4% on half the capex; rent ¥25.47/m²/month (JLL Shanghai logistics rent Q2 2026 ¥31.94/m²/month (a ceiling for a factory) and Dongguan factory rents ¥10–28 (midpoint ¥19; estate-agent article, 2025) — mean; Wuhan / Chongqing averages not found (Chongqing listings ¥4–12 suggest this is high for the inland clusters)); maintenance the library's own line build-up rule (3.5% of capex); no Chinese norm found)",""
"machine","die-cut-press-rubber","Hydraulic Die-Cutting Press 20T","29.42","19.25","-34.57","¥/h machine only","updated (China operating model; capital held — capex not sourced)","China book 2026-10-10: capital HELD at the book's UK × 0.55 (capex not sourced for China: the book's capital (UK × 0.55) is HELD; the China operating model (2 × 12 h hours, straight-line, LPR finance, rent, tariff, support at China wages) is applied): depreciation × 1.000 (shift pattern), maintenance per running hour held, finance re-rated 4% → 3.50%; 28 m² at £34.42/m²/yr, 34,430 kWh at £0.071/kWh, support at 0.1335 of UK wages, 6,336 h × 0.85 (two 12-h shifts × 11 h worked × 24 days/month × 12 = 6,336 h (the labour model's pattern); PRC straight-line (time-based) depreciation — no shift uplift on held capital; PBoC 5-year LPR 3.5% (20 Sep 2026; 1-year 3.0%) — the book's line build-ups use 4% on half the capex; rent ¥25.47/m²/month (JLL Shanghai logistics rent Q2 2026 ¥31.94/m²/month (a ceiling for a factory) and Dongguan factory rents ¥10–28 (midpoint ¥19; estate-agent article, 2025) — mean; Wuhan / Chongqing averages not found (Chongqing listings ¥4–12 suggest this is high for the inland clusters)); maintenance the library's own line build-up rule (3.5% of capex); no Chinese norm found)",""
"machine","autoclave-1200mm","Production Autoclave 1200mm dia","273.54","183.75","-32.83","¥/h machine only","updated (China operating model; capital held — capex not sourced)","China book 2026-10-10: capital HELD at the book's UK × 0.55 (capex not sourced for China: the book's capital (UK × 0.55) is HELD; the China operating model (2 × 12 h hours, straight-line, LPR finance, rent, tariff, support at China wages) is applied): depreciation × 1.000 (shift pattern), maintenance per running hour held, finance re-rated 4% → 3.50%; 184 m² at £34.42/m²/yr, 344,346 kWh at £0.071/kWh, support at 0.1335 of UK wages, 6,336 h × 0.7 (two 12-h shifts × 11 h worked × 24 days/month × 12 = 6,336 h (the labour model's pattern); PRC straight-line (time-based) depreciation — no shift uplift on held capital; PBoC 5-year LPR 3.5% (20 Sep 2026; 1-year 3.0%) — the book's line build-ups use 4% on half the capex; rent ¥25.47/m²/month (JLL Shanghai logistics rent Q2 2026 ¥31.94/m²/month (a ceiling for a factory) and Dongguan factory rents ¥10–28 (midpoint ¥19; estate-agent article, 2025) — mean; Wuhan / Chongqing averages not found (Chongqing listings ¥4–12 suggest this is high for the inland clusters)); maintenance the library's own line build-up rule (3.5% of capex); no Chinese norm found)",""
"machine","oven-composite-cure","Composite Cure Oven (Fan-Assisted)","78.81","58.9","-25.26","¥/h machine only","updated (China operating model; capital held — capex not sourced)","China book 2026-10-10: capital HELD at the book's UK × 0.55 (capex not sourced for China: the book's capital (UK × 0.55) is HELD; the China operating model (2 × 12 h hours, straight-line, LPR finance, rent, tariff, support at China wages) is applied): depreciation × 1.000 (shift pattern), maintenance per running hour held, finance re-rated 4% → 3.50%; 110 m² at £34.42/m²/yr, 165,286 kWh at £0.071/kWh, support at 0.1335 of UK wages, 6,336 h × 0.75 (two 12-h shifts × 11 h worked × 24 days/month × 12 = 6,336 h (the labour model's pattern); PRC straight-line (time-based) depreciation — no shift uplift on held capital; PBoC 5-year LPR 3.5% (20 Sep 2026; 1-year 3.0%) — the book's line build-ups use 4% on half the capex; rent ¥25.47/m²/month (JLL Shanghai logistics rent Q2 2026 ¥31.94/m²/month (a ceiling for a factory) and Dongguan factory rents ¥10–28 (midpoint ¥19; estate-agent article, 2025) — mean; Wuhan / Chongqing averages not found (Chongqing listings ¥4–12 suggest this is high for the inland clusters)); maintenance the library's own line build-up rule (3.5% of capex); no Chinese norm found)",""
"machine","al-ext-press-800t","Aluminium extrusion line — 800 t direct press, 4"" container","565.49","395.48","-30.06","¥/h machine only","updated (China operating model; capital held — capex not sourced)","China book 2026-10-10: capital HELD at the book's UK × 0.55 (capex not sourced for China: the book's capital (UK × 0.55) is HELD; the China operating model (2 × 12 h hours, straight-line, LPR finance, rent, tariff, support at China wages) is applied): depreciation × 1.000 (shift pattern), maintenance per running hour held, finance re-rated 4% → 3.50%; 1680 m² at £34.42/m²/yr, 506,880 kWh at £0.071/kWh, support at 0.1335 of UK wages, 6,336 h × 0.8 (two 12-h shifts × 11 h worked × 24 days/month × 12 = 6,336 h (the labour model's pattern); PRC straight-line (time-based) depreciation — no shift uplift on held capital; PBoC 5-year LPR 3.5% (20 Sep 2026; 1-year 3.0%) — the book's line build-ups use 4% on half the capex; rent ¥25.47/m²/month (JLL Shanghai logistics rent Q2 2026 ¥31.94/m²/month (a ceiling for a factory) and Dongguan factory rents ¥10–28 (midpoint ¥19; estate-agent article, 2025) — mean; Wuhan / Chongqing averages not found (Chongqing listings ¥4–12 suggest this is high for the inland clusters)); maintenance the library's own line build-up rule (3.5% of capex); no Chinese norm found)",""
"machine","al-ext-press-1450t","Aluminium extrusion line — 1,450 t direct press, 6"" container","904.12","649.2","-28.2","¥/h machine only","updated (China operating model; capital held — capex not sourced)","China book 2026-10-10: capital HELD at the book's UK × 0.55 (capex not sourced for China: the book's capital (UK × 0.55) is HELD; the China operating model (2 × 12 h hours, straight-line, LPR finance, rent, tariff, support at China wages) is applied): depreciation × 1.000 (shift pattern), maintenance per running hour held, finance re-rated 4% → 3.50%; 2070 m² at £34.42/m²/yr, 912,384 kWh at £0.071/kWh, support at 0.1335 of UK wages, 6,336 h × 0.8 (two 12-h shifts × 11 h worked × 24 days/month × 12 = 6,336 h (the labour model's pattern); PRC straight-line (time-based) depreciation — no shift uplift on held capital; PBoC 5-year LPR 3.5% (20 Sep 2026; 1-year 3.0%) — the book's line build-ups use 4% on half the capex; rent ¥25.47/m²/month (JLL Shanghai logistics rent Q2 2026 ¥31.94/m²/month (a ceiling for a factory) and Dongguan factory rents ¥10–28 (midpoint ¥19; estate-agent article, 2025) — mean; Wuhan / Chongqing averages not found (Chongqing listings ¥4–12 suggest this is high for the inland clusters)); maintenance the library's own line build-up rule (3.5% of capex); no Chinese norm found)",""
"machine","al-ext-press-1800t","Aluminium extrusion line — 1,800 t direct press, 7"" container","1105.19","802.41","-27.4","¥/h machine only","updated (China operating model; capital held — capex not sourced)","China book 2026-10-10: capital HELD at the book's UK × 0.55 (capex not sourced for China: the book's capital (UK × 0.55) is HELD; the China operating model (2 × 12 h hours, straight-line, LPR finance, rent, tariff, support at China wages) is applied): depreciation × 1.000 (shift pattern), maintenance per running hour held, finance re-rated 4% → 3.50%; 2280 m² at £34.42/m²/yr, 1,216,512 kWh at £0.071/kWh, support at 0.1335 of UK wages, 6,336 h × 0.8 (two 12-h shifts × 11 h worked × 24 days/month × 12 = 6,336 h (the labour model's pattern); PRC straight-line (time-based) depreciation — no shift uplift on held capital; PBoC 5-year LPR 3.5% (20 Sep 2026; 1-year 3.0%) — the book's line build-ups use 4% on half the capex; rent ¥25.47/m²/month (JLL Shanghai logistics rent Q2 2026 ¥31.94/m²/month (a ceiling for a factory) and Dongguan factory rents ¥10–28 (midpoint ¥19; estate-agent article, 2025) — mean; Wuhan / Chongqing averages not found (Chongqing listings ¥4–12 suggest this is high for the inland clusters)); maintenance the library's own line build-up rule (3.5% of capex); no Chinese norm found)",""
"machine","al-ext-press-2500t","Aluminium extrusion line — 2,500 t direct press, 9"" container","1564.59","1147.6","-26.65","¥/h machine only","updated (China operating model; capital held — capex not sourced)","China book 2026-10-10: capital HELD at the book's UK × 0.55 (capex not sourced for China: the book's capital (UK × 0.55) is HELD; the China operating model (2 × 12 h hours, straight-line, LPR finance, rent, tariff, support at China wages) is applied): depreciation × 1.000 (shift pattern), maintenance per running hour held, finance re-rated 4% → 3.50%; 2700 m² at £34.42/m²/yr, 1,723,392 kWh at £0.071/kWh, support at 0.1335 of UK wages, 6,336 h × 0.8 (two 12-h shifts × 11 h worked × 24 days/month × 12 = 6,336 h (the labour model's pattern); PRC straight-line (time-based) depreciation — no shift uplift on held capital; PBoC 5-year LPR 3.5% (20 Sep 2026; 1-year 3.0%) — the book's line build-ups use 4% on half the capex; rent ¥25.47/m²/month (JLL Shanghai logistics rent Q2 2026 ¥31.94/m²/month (a ceiling for a factory) and Dongguan factory rents ¥10–28 (midpoint ¥19; estate-agent article, 2025) — mean; Wuhan / Chongqing averages not found (Chongqing listings ¥4–12 suggest this is high for the inland clusters)); maintenance the library's own line build-up rule (3.5% of capex); no Chinese norm found)",""
"machine","al-ext-press-3600t","Aluminium extrusion line — 3,600 t direct press, 10"" container","2238.13","1648.26","-26.36","¥/h machine only","updated (China operating model; capital held — capex not sourced)","China book 2026-10-10: capital HELD at the book's UK × 0.55 (capex not sourced for China: the book's capital (UK × 0.55) is HELD; the China operating model (2 × 12 h hours, straight-line, LPR finance, rent, tariff, support at China wages) is applied): depreciation × 1.000 (shift pattern), maintenance per running hour held, finance re-rated 4% → 3.50%; 3360 m² at £34.42/m²/yr, 2,331,648 kWh at £0.071/kWh, support at 0.1335 of UK wages, 6,336 h × 0.8 (two 12-h shifts × 11 h worked × 24 days/month × 12 = 6,336 h (the labour model's pattern); PRC straight-line (time-based) depreciation — no shift uplift on held capital; PBoC 5-year LPR 3.5% (20 Sep 2026; 1-year 3.0%) — the book's line build-ups use 4% on half the capex; rent ¥25.47/m²/month (JLL Shanghai logistics rent Q2 2026 ¥31.94/m²/month (a ceiling for a factory) and Dongguan factory rents ¥10–28 (midpoint ¥19; estate-agent article, 2025) — mean; Wuhan / Chongqing averages not found (Chongqing listings ¥4–12 suggest this is high for the inland clusters)); maintenance the library's own line build-up rule (3.5% of capex); no Chinese norm found)",""
"machine","al-ext-press-5500t","Aluminium extrusion line — 5,500 t direct press, 12"" container","3502.01","2575.7","-26.45","¥/h machine only","updated (China operating model; capital held — capex not sourced)","China book 2026-10-10: capital HELD at the book's UK × 0.55 (capex not sourced for China: the book's capital (UK × 0.55) is HELD; the China operating model (2 × 12 h hours, straight-line, LPR finance, rent, tariff, support at China wages) is applied): depreciation × 1.000 (shift pattern), maintenance per running hour held, finance re-rated 4% → 3.50%; 4500 m² at £34.42/m²/yr, 3,041,280 kWh at £0.071/kWh, support at 0.1335 of UK wages, 6,336 h × 0.8 (two 12-h shifts × 11 h worked × 24 days/month × 12 = 6,336 h (the labour model's pattern); PRC straight-line (time-based) depreciation — no shift uplift on held capital; PBoC 5-year LPR 3.5% (20 Sep 2026; 1-year 3.0%) — the book's line build-ups use 4% on half the capex; rent ¥25.47/m²/month (JLL Shanghai logistics rent Q2 2026 ¥31.94/m²/month (a ceiling for a factory) and Dongguan factory rents ¥10–28 (midpoint ¥19; estate-agent article, 2025) — mean; Wuhan / Chongqing averages not found (Chongqing listings ¥4–12 suggest this is high for the inland clusters)); maintenance the library's own line build-up rule (3.5% of capex); no Chinese norm found)",""
"machine","al-ext-press-8000t","Aluminium extrusion line — 8,000 t direct press, 14"" round / flat container (wide panels)","5717.38","4204.69","-26.46","¥/h machine only","updated (China operating model; capital held — capex not sourced)","China book 2026-10-10: capital HELD at the book's UK × 0.55 (capex not sourced for China: the book's capital (UK × 0.55) is HELD; the China operating model (2 × 12 h hours, straight-line, LPR finance, rent, tariff, support at China wages) is applied): depreciation × 1.000 (shift pattern), maintenance per running hour held, finance re-rated 4% → 3.50%; 6000 m² at £34.42/m²/yr, 4,055,040 kWh at £0.071/kWh, support at 0.1335 of UK wages, 6,336 h × 0.8 (two 12-h shifts × 11 h worked × 24 days/month × 12 = 6,336 h (the labour model's pattern); PRC straight-line (time-based) depreciation — no shift uplift on held capital; PBoC 5-year LPR 3.5% (20 Sep 2026; 1-year 3.0%) — the book's line build-ups use 4% on half the capex; rent ¥25.47/m²/month (JLL Shanghai logistics rent Q2 2026 ¥31.94/m²/month (a ceiling for a factory) and Dongguan factory rents ¥10–28 (midpoint ¥19; estate-agent article, 2025) — mean; Wuhan / Chongqing averages not found (Chongqing listings ¥4–12 suggest this is high for the inland clusters)); maintenance the library's own line build-up rule (3.5% of capex); no Chinese norm found)",""
"machine","al-ext-indirect-2800t","Aluminium extrusion line — 2,800 t indirect press, 9"" container (2xxx / 7xxx, seamless tube)","1958.36","1416.41","-27.67","¥/h machine only","updated (China operating model; capital held — capex not sourced)","China book 2026-10-10: capital HELD at the book's UK × 0.55 (capex not sourced for China: the book's capital (UK × 0.55) is HELD; the China operating model (2 × 12 h hours, straight-line, LPR finance, rent, tariff, support at China wages) is applied): depreciation × 1.000 (shift pattern), maintenance per running hour held, finance re-rated 4% → 3.50%; 2880 m² at £34.42/m²/yr, 1,216,512 kWh at £0.071/kWh, support at 0.1335 of UK wages, 6,336 h × 0.8 (two 12-h shifts × 11 h worked × 24 days/month × 12 = 6,336 h (the labour model's pattern); PRC straight-line (time-based) depreciation — no shift uplift on held capital; PBoC 5-year LPR 3.5% (20 Sep 2026; 1-year 3.0%) — the book's line build-ups use 4% on half the capex; rent ¥25.47/m²/month (JLL Shanghai logistics rent Q2 2026 ¥31.94/m²/month (a ceiling for a factory) and Dongguan factory rents ¥10–28 (midpoint ¥19; estate-agent article, 2025) — mean; Wuhan / Chongqing averages not found (Chongqing listings ¥4–12 suggest this is high for the inland clusters)); maintenance the library's own line build-up rule (3.5% of capex); no Chinese norm found)",""
"machine","al-ext-hydrostatic-1600t","Aluminium extrusion line — 1,600 t hydrostatic press (high ratio, clad wire / fine sections)","1976.79","1425.75","-27.88","¥/h machine only","updated (China operating model; capital held — capex not sourced)","China book 2026-10-10: capital HELD at the book's UK × 0.55 (capex not sourced for China: the book's capital (UK × 0.55) is HELD; the China operating model (2 × 12 h hours, straight-line, LPR finance, rent, tariff, support at China wages) is applied): depreciation × 1.000 (shift pattern), maintenance per running hour held, finance re-rated 4% → 3.50%; 2160 m² at £34.42/m²/yr, 608,256 kWh at £0.071/kWh, support at 0.1335 of UK wages, 6,336 h × 0.8 (two 12-h shifts × 11 h worked × 24 days/month × 12 = 6,336 h (the labour model's pattern); PRC straight-line (time-based) depreciation — no shift uplift on held capital; PBoC 5-year LPR 3.5% (20 Sep 2026; 1-year 3.0%) — the book's line build-ups use 4% on half the capex; rent ¥25.47/m²/month (JLL Shanghai logistics rent Q2 2026 ¥31.94/m²/month (a ceiling for a factory) and Dongguan factory rents ¥10–28 (midpoint ¥19; estate-agent article, 2025) — mean; Wuhan / Chongqing averages not found (Chongqing listings ¥4–12 suggest this is high for the inland clusters)); maintenance the library's own line build-up rule (3.5% of capex); no Chinese norm found)",""
"machine","al-conform-c400","Conform C400 continuous extrusion line (9.5–25 mm rod feed)","730.77","584.67","-19.99","¥/h machine only","updated (China operating model; capital held — capex not sourced)","China book 2026-10-10: capital HELD at the book's UK × 0.55 (capex not sourced for China: the book's capital (UK × 0.55) is HELD; the China operating model (2 × 12 h hours, straight-line, LPR finance, rent, tariff, support at China wages) is applied): depreciation × 1.000 (shift pattern), maintenance per running hour held, finance re-rated 4% → 3.50%; 500 m² at £34.42/m²/yr, 1,774,080 kWh at £0.071/kWh, support at 0.1335 of UK wages, 6,336 h × 0.8 (two 12-h shifts × 11 h worked × 24 days/month × 12 = 6,336 h (the labour model's pattern); PRC straight-line (time-based) depreciation — no shift uplift on held capital; PBoC 5-year LPR 3.5% (20 Sep 2026; 1-year 3.0%) — the book's line build-ups use 4% on half the capex; rent ¥25.47/m²/month (JLL Shanghai logistics rent Q2 2026 ¥31.94/m²/month (a ceiling for a factory) and Dongguan factory rents ¥10–28 (midpoint ¥19; estate-agent article, 2025) — mean; Wuhan / Chongqing averages not found (Chongqing listings ¥4–12 suggest this is high for the inland clusters)); maintenance the library's own line build-up rule (3.5% of capex); no Chinese norm found)",""
"machine","al-impact-press-800t","800 t mechanical impact-extrusion press","717.2","548.5","-23.52","¥/h machine only","updated (China operating model; capital held — capex not sourced)","China book 2026-10-10: capital HELD at the book's UK × 0.55 (capex not sourced for China: the book's capital (UK × 0.55) is HELD; the China operating model (2 × 12 h hours, straight-line, LPR finance, rent, tariff, support at China wages) is applied): depreciation × 1.000 (shift pattern), maintenance per running hour held, finance re-rated 4% → 3.50%; 400 m² at £34.42/m²/yr, 912,384 kWh at £0.071/kWh, support at 0.1335 of UK wages, 6,336 h × 0.8 (two 12-h shifts × 11 h worked × 24 days/month × 12 = 6,336 h (the labour model's pattern); PRC straight-line (time-based) depreciation — no shift uplift on held capital; PBoC 5-year LPR 3.5% (20 Sep 2026; 1-year 3.0%) — the book's line build-ups use 4% on half the capex; rent ¥25.47/m²/month (JLL Shanghai logistics rent Q2 2026 ¥31.94/m²/month (a ceiling for a factory) and Dongguan factory rents ¥10–28 (midpoint ¥19; estate-agent article, 2025) — mean; Wuhan / Chongqing averages not found (Chongqing listings ¥4–12 suggest this is high for the inland clusters)); maintenance the library's own line build-up rule (3.5% of capex); no Chinese norm found)",""
"machine","al-age-oven-batch","Batch ageing oven (T5 / T6)","150.97","107.99","-28.47","¥/h machine only","updated (China operating model; capital held — capex not sourced)","China book 2026-10-10: capital HELD at the book's UK × 0.55 (capex not sourced for China: the book's capital (UK × 0.55) is HELD; the China operating model (2 × 12 h hours, straight-line, LPR finance, rent, tariff, support at China wages) is applied): depreciation × 1.000 (shift pattern), maintenance per running hour held, finance re-rated 4% → 3.50%; 250 m² at £34.42/m²/yr, 76,032 kWh at £0.071/kWh, support at 0.1335 of UK wages, 6,336 h × 0.8 (two 12-h shifts × 11 h worked × 24 days/month × 12 = 6,336 h (the labour model's pattern); PRC straight-line (time-based) depreciation — no shift uplift on held capital; PBoC 5-year LPR 3.5% (20 Sep 2026; 1-year 3.0%) — the book's line build-ups use 4% on half the capex; rent ¥25.47/m²/month (JLL Shanghai logistics rent Q2 2026 ¥31.94/m²/month (a ceiling for a factory) and Dongguan factory rents ¥10–28 (midpoint ¥19; estate-agent article, 2025) — mean; Wuhan / Chongqing averages not found (Chongqing listings ¥4–12 suggest this is high for the inland clusters)); maintenance the library's own line build-up rule (3.5% of capex); no Chinese norm found)",""
"machine","al-sht-drop-furnace","Vertical drop-quench solution heat-treatment furnace","490.62","364.09","-25.79","¥/h machine only","updated (China operating model; capital held — capex not sourced)","China book 2026-10-10: capital HELD at the book's UK × 0.55 (capex not sourced for China: the book's capital (UK × 0.55) is HELD; the China operating model (2 × 12 h hours, straight-line, LPR finance, rent, tariff, support at China wages) is applied): depreciation × 1.000 (shift pattern), maintenance per running hour held, finance re-rated 4% → 3.50%; 300 m² at £34.42/m²/yr, 304,128 kWh at £0.071/kWh, support at 0.1335 of UK wages, 6,336 h × 0.8 (two 12-h shifts × 11 h worked × 24 days/month × 12 = 6,336 h (the labour model's pattern); PRC straight-line (time-based) depreciation — no shift uplift on held capital; PBoC 5-year LPR 3.5% (20 Sep 2026; 1-year 3.0%) — the book's line build-ups use 4% on half the capex; rent ¥25.47/m²/month (JLL Shanghai logistics rent Q2 2026 ¥31.94/m²/month (a ceiling for a factory) and Dongguan factory rents ¥10–28 (midpoint ¥19; estate-agent article, 2025) — mean; Wuhan / Chongqing averages not found (Chongqing listings ¥4–12 suggest this is high for the inland clusters)); maintenance the library's own line build-up rule (3.5% of capex); no Chinese norm found)",""
"machine","al-cnc-profile-centre","5-axis long-bed profile machining centre (7 m)","209.36","121.19","-42.11","¥/h machine only","updated (China operating model; capital held — capex not sourced)","China book 2026-10-10: capital HELD at the book's UK × 0.55 (capex not sourced for China: the book's capital (UK × 0.55) is HELD; the China operating model (2 × 12 h hours, straight-line, LPR finance, rent, tariff, support at China wages) is applied): depreciation × 1.000 (shift pattern), maintenance per running hour held, finance re-rated 4% → 3.50%; 120 m² at £34.42/m²/yr, 152,064 kWh at £0.071/kWh, support at 0.1335 of UK wages, 6,336 h × 0.8 (two 12-h shifts × 11 h worked × 24 days/month × 12 = 6,336 h (the labour model's pattern); PRC straight-line (time-based) depreciation — no shift uplift on held capital; PBoC 5-year LPR 3.5% (20 Sep 2026; 1-year 3.0%) — the book's line build-ups use 4% on half the capex; rent ¥25.47/m²/month (JLL Shanghai logistics rent Q2 2026 ¥31.94/m²/month (a ceiling for a factory) and Dongguan factory rents ¥10–28 (midpoint ¥19; estate-agent article, 2025) — mean; Wuhan / Chongqing averages not found (Chongqing listings ¥4–12 suggest this is high for the inland clusters)); maintenance the library's own line build-up rule (3.5% of capex); no Chinese norm found)",""
"machine","al-ctl-saw","Automatic precision cut-to-length saw (bundle cutting, deburr)","82.21","47.05","-42.77","¥/h machine only","updated (China operating model; capital held — capex not sourced)","China book 2026-10-10: capital HELD at the book's UK × 0.55 (capex not sourced for China: the book's capital (UK × 0.55) is HELD; the China operating model (2 × 12 h hours, straight-line, LPR finance, rent, tariff, support at China wages) is applied): depreciation × 1.000 (shift pattern), maintenance per running hour held, finance re-rated 4% → 3.50%; 90 m² at £34.42/m²/yr, 76,032 kWh at £0.071/kWh, support at 0.1335 of UK wages, 6,336 h × 0.8 (two 12-h shifts × 11 h worked × 24 days/month × 12 = 6,336 h (the labour model's pattern); PRC straight-line (time-based) depreciation — no shift uplift on held capital; PBoC 5-year LPR 3.5% (20 Sep 2026; 1-year 3.0%) — the book's line build-ups use 4% on half the capex; rent ¥25.47/m²/month (JLL Shanghai logistics rent Q2 2026 ¥31.94/m²/month (a ceiling for a factory) and Dongguan factory rents ¥10–28 (midpoint ¥19; estate-agent article, 2025) — mean; Wuhan / Chongqing averages not found (Chongqing listings ¥4–12 suggest this is high for the inland clusters)); maintenance the library's own line build-up rule (3.5% of capex); no Chinese norm found)",""
"machine","al-stretch-bender","CNC stretch-bending machine (3D, sweep)","347","198.11","-42.91","¥/h machine only","updated (China operating model; capital held — capex not sourced)","China book 2026-10-10: capital HELD at the book's UK × 0.55 (capex not sourced for China: the book's capital (UK × 0.55) is HELD; the China operating model (2 × 12 h hours, straight-line, LPR finance, rent, tariff, support at China wages) is applied): depreciation × 1.000 (shift pattern), maintenance per running hour held, finance re-rated 4% → 3.50%; 200 m² at £34.42/m²/yr, 202,752 kWh at £0.071/kWh, support at 0.1335 of UK wages, 6,336 h × 0.8 (two 12-h shifts × 11 h worked × 24 days/month × 12 = 6,336 h (the labour model's pattern); PRC straight-line (time-based) depreciation — no shift uplift on held capital; PBoC 5-year LPR 3.5% (20 Sep 2026; 1-year 3.0%) — the book's line build-ups use 4% on half the capex; rent ¥25.47/m²/month (JLL Shanghai logistics rent Q2 2026 ¥31.94/m²/month (a ceiling for a factory) and Dongguan factory rents ¥10–28 (midpoint ¥19; estate-agent article, 2025) — mean; Wuhan / Chongqing averages not found (Chongqing listings ¥4–12 suggest this is high for the inland clusters)); maintenance the library's own line build-up rule (3.5% of capex); no Chinese norm found)",""
"machine","al-anodise-line","Anodising line (sulphuric, 10–25 µm, seal)","1153.7","881.94","-23.56","¥/h machine only","updated (China operating model; capital held — capex not sourced)","China book 2026-10-10: capital HELD at the book's UK × 0.55 (capex not sourced for China: the book's capital (UK × 0.55) is HELD; the China operating model (2 × 12 h hours, straight-line, LPR finance, rent, tariff, support at China wages) is applied): depreciation × 1.000 (shift pattern), maintenance per running hour held, finance re-rated 4% → 3.50%; 1500 m² at £34.42/m²/yr, 2,027,520 kWh at £0.071/kWh, support at 0.1335 of UK wages, 6,336 h × 0.8 (two 12-h shifts × 11 h worked × 24 days/month × 12 = 6,336 h (the labour model's pattern); PRC straight-line (time-based) depreciation — no shift uplift on held capital; PBoC 5-year LPR 3.5% (20 Sep 2026; 1-year 3.0%) — the book's line build-ups use 4% on half the capex; rent ¥25.47/m²/month (JLL Shanghai logistics rent Q2 2026 ¥31.94/m²/month (a ceiling for a factory) and Dongguan factory rents ¥10–28 (midpoint ¥19; estate-agent article, 2025) — mean; Wuhan / Chongqing averages not found (Chongqing listings ¥4–12 suggest this is high for the inland clusters)); maintenance the library's own line build-up rule (3.5% of capex); no Chinese norm found)",""
"machine","al-powder-line","Vertical powder-coating line (pretreat + cure)","812.53","621.03","-23.57","¥/h machine only","updated (China operating model; capital held — capex not sourced)","China book 2026-10-10: capital HELD at the book's UK × 0.55 (capex not sourced for China: the book's capital (UK × 0.55) is HELD; the China operating model (2 × 12 h hours, straight-line, LPR finance, rent, tariff, support at China wages) is applied): depreciation × 1.000 (shift pattern), maintenance per running hour held, finance re-rated 4% → 3.50%; 1200 m² at £34.42/m²/yr, 1,520,640 kWh at £0.071/kWh, support at 0.1335 of UK wages, 6,336 h × 0.8 (two 12-h shifts × 11 h worked × 24 days/month × 12 = 6,336 h (the labour model's pattern); PRC straight-line (time-based) depreciation — no shift uplift on held capital; PBoC 5-year LPR 3.5% (20 Sep 2026; 1-year 3.0%) — the book's line build-ups use 4% on half the capex; rent ¥25.47/m²/month (JLL Shanghai logistics rent Q2 2026 ¥31.94/m²/month (a ceiling for a factory) and Dongguan factory rents ¥10–28 (midpoint ¥19; estate-agent article, 2025) — mean; Wuhan / Chongqing averages not found (Chongqing listings ¥4–12 suggest this is high for the inland clusters)); maintenance the library's own line build-up rule (3.5% of capex); no Chinese norm found)",""
"machine","al-ecoat-line","E-coat / conversion-coat line (chrome-free, for bonding)","966.33","742.44","-23.17","¥/h machine only","updated (China operating model; capital held — capex not sourced)","China book 2026-10-10: capital HELD at the book's UK × 0.55 (capex not sourced for China: the book's capital (UK × 0.55) is HELD; the China operating model (2 × 12 h hours, straight-line, LPR finance, rent, tariff, support at China wages) is applied): depreciation × 1.000 (shift pattern), maintenance per running hour held, finance re-rated 4% → 3.50%; 1200 m² at £34.42/m²/yr, 1,774,080 kWh at £0.071/kWh, support at 0.1335 of UK wages, 6,336 h × 0.8 (two 12-h shifts × 11 h worked × 24 days/month × 12 = 6,336 h (the labour model's pattern); PRC straight-line (time-based) depreciation — no shift uplift on held capital; PBoC 5-year LPR 3.5% (20 Sep 2026; 1-year 3.0%) — the book's line build-ups use 4% on half the capex; rent ¥25.47/m²/month (JLL Shanghai logistics rent Q2 2026 ¥31.94/m²/month (a ceiling for a factory) and Dongguan factory rents ¥10–28 (midpoint ¥19; estate-agent article, 2025) — mean; Wuhan / Chongqing averages not found (Chongqing listings ¥4–12 suggest this is high for the inland clusters)); maintenance the library's own line build-up rule (3.5% of capex); no Chinese norm found)",""
"machine","bat-cell-ocv-tester","Cell incoming OCV / IR test station","62.94","48.86","-22.37","¥/h machine only","updated (China operating model; capital held — capex not sourced)","China book 2026-10-10: capital HELD at the book's UK × 0.55 (capex not sourced for China: the book's capital (UK × 0.55) is HELD; the China operating model (2 × 12 h hours, straight-line, LPR finance, rent, tariff, support at China wages) is applied): depreciation × 1.000 (shift pattern), maintenance per running hour held, finance re-rated 4% → 3.50%; 40 m² at £34.42/m²/yr, 40,552 kWh at £0.071/kWh, support at 0.1335 of UK wages, 6,336 h × 0.8 (two 12-h shifts × 11 h worked × 24 days/month × 12 = 6,336 h (the labour model's pattern); PRC straight-line (time-based) depreciation — no shift uplift on held capital; PBoC 5-year LPR 3.5% (20 Sep 2026; 1-year 3.0%) — the book's line build-ups use 4% on half the capex; rent ¥25.47/m²/month (JLL Shanghai logistics rent Q2 2026 ¥31.94/m²/month (a ceiling for a factory) and Dongguan factory rents ¥10–28 (midpoint ¥19; estate-agent article, 2025) — mean; Wuhan / Chongqing averages not found (Chongqing listings ¥4–12 suggest this is high for the inland clusters)); maintenance the library's own line build-up rule (3.5% of capex); no Chinese norm found)",""
"machine","bat-module-stacking","Cell stacking + compression line","868.29","679.41","-21.75","¥/h machine only","updated (China operating model; capital held — capex not sourced)","China book 2026-10-10: capital HELD at the book's UK × 0.55 (capex not sourced for China: the book's capital (UK × 0.55) is HELD; the China operating model (2 × 12 h hours, straight-line, LPR finance, rent, tariff, support at China wages) is applied): depreciation × 1.000 (shift pattern), maintenance per running hour held, finance re-rated 4% → 3.50%; 400 m² at £34.42/m²/yr, 608,256 kWh at £0.071/kWh, support at 0.1335 of UK wages, 6,336 h × 0.8 (two 12-h shifts × 11 h worked × 24 days/month × 12 = 6,336 h (the labour model's pattern); PRC straight-line (time-based) depreciation — no shift uplift on held capital; PBoC 5-year LPR 3.5% (20 Sep 2026; 1-year 3.0%) — the book's line build-ups use 4% on half the capex; rent ¥25.47/m²/month (JLL Shanghai logistics rent Q2 2026 ¥31.94/m²/month (a ceiling for a factory) and Dongguan factory rents ¥10–28 (midpoint ¥19; estate-agent article, 2025) — mean; Wuhan / Chongqing averages not found (Chongqing listings ¥4–12 suggest this is high for the inland clusters)); maintenance the library's own line build-up rule (3.5% of capex); no Chinese norm found)",""
"machine","bat-laser-weld","Busbar laser welding cell (scanner)","303.19","241.38","-20.39","¥/h machine only","updated (China operating model; capital held — capex not sourced)","China book 2026-10-10: capital HELD at the book's UK × 0.55 (capex not sourced for China: the book's capital (UK × 0.55) is HELD; the China operating model (2 × 12 h hours, straight-line, LPR finance, rent, tariff, support at China wages) is applied): depreciation × 1.000 (shift pattern), maintenance per running hour held, finance re-rated 4% → 3.50%; 80 m² at £34.42/m²/yr, 304,128 kWh at £0.071/kWh, support at 0.1335 of UK wages, 6,336 h × 0.8 (two 12-h shifts × 11 h worked × 24 days/month × 12 = 6,336 h (the labour model's pattern); PRC straight-line (time-based) depreciation — no shift uplift on held capital; PBoC 5-year LPR 3.5% (20 Sep 2026; 1-year 3.0%) — the book's line build-ups use 4% on half the capex; rent ¥25.47/m²/month (JLL Shanghai logistics rent Q2 2026 ¥31.94/m²/month (a ceiling for a factory) and Dongguan factory rents ¥10–28 (midpoint ¥19; estate-agent article, 2025) — mean; Wuhan / Chongqing averages not found (Chongqing listings ¥4–12 suggest this is high for the inland clusters)); maintenance the library's own line build-up rule (3.5% of capex); no Chinese norm found)",""
"machine","bat-module-eol","Module end-of-line tester","99.4","78.11","-21.42","¥/h machine only","updated (China operating model; capital held — capex not sourced)","China book 2026-10-10: capital HELD at the book's UK × 0.55 (capex not sourced for China: the book's capital (UK × 0.55) is HELD; the China operating model (2 × 12 h hours, straight-line, LPR finance, rent, tariff, support at China wages) is applied): depreciation × 1.000 (shift pattern), maintenance per running hour held, finance re-rated 4% → 3.50%; 40 m² at £34.42/m²/yr, 76,032 kWh at £0.071/kWh, support at 0.1335 of UK wages, 6,336 h × 0.8 (two 12-h shifts × 11 h worked × 24 days/month × 12 = 6,336 h (the labour model's pattern); PRC straight-line (time-based) depreciation — no shift uplift on held capital; PBoC 5-year LPR 3.5% (20 Sep 2026; 1-year 3.0%) — the book's line build-ups use 4% on half the capex; rent ¥25.47/m²/month (JLL Shanghai logistics rent Q2 2026 ¥31.94/m²/month (a ceiling for a factory) and Dongguan factory rents ¥10–28 (midpoint ¥19; estate-agent article, 2025) — mean; Wuhan / Chongqing averages not found (Chongqing listings ¥4–12 suggest this is high for the inland clusters)); maintenance the library's own line build-up rule (3.5% of capex); no Chinese norm found)",""
"machine","bat-dispense","Gap-filler / adhesive dispensing cell","103.68","81.87","-21.04","¥/h machine only","updated (China operating model; capital held — capex not sourced)","China book 2026-10-10: capital HELD at the book's UK × 0.55 (capex not sourced for China: the book's capital (UK × 0.55) is HELD; the China operating model (2 × 12 h hours, straight-line, LPR finance, rent, tariff, support at China wages) is applied): depreciation × 1.000 (shift pattern), maintenance per running hour held, finance re-rated 4% → 3.50%; 50 m² at £34.42/m²/yr, 101,376 kWh at £0.071/kWh, support at 0.1335 of UK wages, 6,336 h × 0.8 (two 12-h shifts × 11 h worked × 24 days/month × 12 = 6,336 h (the labour model's pattern); PRC straight-line (time-based) depreciation — no shift uplift on held capital; PBoC 5-year LPR 3.5% (20 Sep 2026; 1-year 3.0%) — the book's line build-ups use 4% on half the capex; rent ¥25.47/m²/month (JLL Shanghai logistics rent Q2 2026 ¥31.94/m²/month (a ceiling for a factory) and Dongguan factory rents ¥10–28 (midpoint ¥19; estate-agent article, 2025) — mean; Wuhan / Chongqing averages not found (Chongqing listings ¥4–12 suggest this is high for the inland clusters)); maintenance the library's own line build-up rule (3.5% of capex); no Chinese norm found)",""
"machine","bat-pack-assembly","Pack assembly station (semi-automatic)","163.91","127.33","-22.32","¥/h machine only","updated (China operating model; capital held — capex not sourced)","China book 2026-10-10: capital HELD at the book's UK × 0.55 (capex not sourced for China: the book's capital (UK × 0.55) is HELD; the China operating model (2 × 12 h hours, straight-line, LPR finance, rent, tariff, support at China wages) is applied): depreciation × 1.000 (shift pattern), maintenance per running hour held, finance re-rated 4% → 3.50%; 150 m² at £34.42/m²/yr, 152,064 kWh at £0.071/kWh, support at 0.1335 of UK wages, 6,336 h × 0.8 (two 12-h shifts × 11 h worked × 24 days/month × 12 = 6,336 h (the labour model's pattern); PRC straight-line (time-based) depreciation — no shift uplift on held capital; PBoC 5-year LPR 3.5% (20 Sep 2026; 1-year 3.0%) — the book's line build-ups use 4% on half the capex; rent ¥25.47/m²/month (JLL Shanghai logistics rent Q2 2026 ¥31.94/m²/month (a ceiling for a factory) and Dongguan factory rents ¥10–28 (midpoint ¥19; estate-agent article, 2025) — mean; Wuhan / Chongqing averages not found (Chongqing listings ¥4–12 suggest this is high for the inland clusters)); maintenance the library's own line build-up rule (3.5% of capex); no Chinese norm found)",""
"machine","bat-leak-test","Pack / coolant-circuit leak tester (helium)","74.88","58.4","-22.01","¥/h machine only","updated (China operating model; capital held — capex not sourced)","China book 2026-10-10: capital HELD at the book's UK × 0.55 (capex not sourced for China: the book's capital (UK × 0.55) is HELD; the China operating model (2 × 12 h hours, straight-line, LPR finance, rent, tariff, support at China wages) is applied): depreciation × 1.000 (shift pattern), maintenance per running hour held, finance re-rated 4% → 3.50%; 40 m² at £34.42/m²/yr, 50,688 kWh at £0.071/kWh, support at 0.1335 of UK wages, 6,336 h × 0.8 (two 12-h shifts × 11 h worked × 24 days/month × 12 = 6,336 h (the labour model's pattern); PRC straight-line (time-based) depreciation — no shift uplift on held capital; PBoC 5-year LPR 3.5% (20 Sep 2026; 1-year 3.0%) — the book's line build-ups use 4% on half the capex; rent ¥25.47/m²/month (JLL Shanghai logistics rent Q2 2026 ¥31.94/m²/month (a ceiling for a factory) and Dongguan factory rents ¥10–28 (midpoint ¥19; estate-agent article, 2025) — mean; Wuhan / Chongqing averages not found (Chongqing listings ¥4–12 suggest this is high for the inland clusters)); maintenance the library's own line build-up rule (3.5% of capex); no Chinese norm found)",""
"machine","bat-pack-eol","Pack end-of-line tester (HiPot, isolation, BMS, charge / discharge)","251.7","204.31","-18.83","¥/h machine only","updated (China operating model; capital held — capex not sourced)","China book 2026-10-10: capital HELD at the book's UK × 0.55 (capex not sourced for China: the book's capital (UK × 0.55) is HELD; the China operating model (2 × 12 h hours, straight-line, LPR finance, rent, tariff, support at China wages) is applied): depreciation × 1.000 (shift pattern), maintenance per running hour held, finance re-rated 4% → 3.50%; 80 m² at £34.42/m²/yr, 405,504 kWh at £0.071/kWh, support at 0.1335 of UK wages, 6,336 h × 0.8 (two 12-h shifts × 11 h worked × 24 days/month × 12 = 6,336 h (the labour model's pattern); PRC straight-line (time-based) depreciation — no shift uplift on held capital; PBoC 5-year LPR 3.5% (20 Sep 2026; 1-year 3.0%) — the book's line build-ups use 4% on half the capex; rent ¥25.47/m²/month (JLL Shanghai logistics rent Q2 2026 ¥31.94/m²/month (a ceiling for a factory) and Dongguan factory rents ¥10–28 (midpoint ¥19; estate-agent article, 2025) — mean; Wuhan / Chongqing averages not found (Chongqing listings ¥4–12 suggest this is high for the inland clusters)); maintenance the library's own line build-up rule (3.5% of capex); no Chinese norm found)",""
"machine","emot-lamination-press","High-speed lamination press (progressive die, 300 spm)","656.74","523.67","-20.26","¥/h machine only","updated (China operating model; capital held — capex not sourced)","China book 2026-10-10: capital HELD at the book's UK × 0.55 (capex not sourced for China: the book's capital (UK × 0.55) is HELD; the China operating model (2 × 12 h hours, straight-line, LPR finance, rent, tariff, support at China wages) is applied): depreciation × 1.000 (shift pattern), maintenance per running hour held, finance re-rated 4% → 3.50%; 250 m² at £34.42/m²/yr, 760,320 kWh at £0.071/kWh, support at 0.1335 of UK wages, 6,336 h × 0.8 (two 12-h shifts × 11 h worked × 24 days/month × 12 = 6,336 h (the labour model's pattern); PRC straight-line (time-based) depreciation — no shift uplift on held capital; PBoC 5-year LPR 3.5% (20 Sep 2026; 1-year 3.0%) — the book's line build-ups use 4% on half the capex; rent ¥25.47/m²/month (JLL Shanghai logistics rent Q2 2026 ¥31.94/m²/month (a ceiling for a factory) and Dongguan factory rents ¥10–28 (midpoint ¥19; estate-agent article, 2025) — mean; Wuhan / Chongqing averages not found (Chongqing listings ¥4–12 suggest this is high for the inland clusters)); maintenance the library's own line build-up rule (3.5% of capex); no Chinese norm found)",""
"machine","emot-hairpin-line","Hairpin forming + insertion line","945.02","737.27","-21.98","¥/h machine only","updated (China operating model; capital held — capex not sourced)","China book 2026-10-10: capital HELD at the book's UK × 0.55 (capex not sourced for China: the book's capital (UK × 0.55) is HELD; the China operating model (2 × 12 h hours, straight-line, LPR finance, rent, tariff, support at China wages) is applied): depreciation × 1.000 (shift pattern), maintenance per running hour held, finance re-rated 4% → 3.50%; 300 m² at £34.42/m²/yr, 456,192 kWh at £0.071/kWh, support at 0.1335 of UK wages, 6,336 h × 0.8 (two 12-h shifts × 11 h worked × 24 days/month × 12 = 6,336 h (the labour model's pattern); PRC straight-line (time-based) depreciation — no shift uplift on held capital; PBoC 5-year LPR 3.5% (20 Sep 2026; 1-year 3.0%) — the book's line build-ups use 4% on half the capex; rent ¥25.47/m²/month (JLL Shanghai logistics rent Q2 2026 ¥31.94/m²/month (a ceiling for a factory) and Dongguan factory rents ¥10–28 (midpoint ¥19; estate-agent article, 2025) — mean; Wuhan / Chongqing averages not found (Chongqing listings ¥4–12 suggest this is high for the inland clusters)); maintenance the library's own line build-up rule (3.5% of capex); no Chinese norm found)",""
"machine","emot-winding-machine","Round-wire winding + insertion machine","220.18","172.79","-21.52","¥/h machine only","updated (China operating model; capital held — capex not sourced)","China book 2026-10-10: capital HELD at the book's UK × 0.55 (capex not sourced for China: the book's capital (UK × 0.55) is HELD; the China operating model (2 × 12 h hours, straight-line, LPR finance, rent, tariff, support at China wages) is applied): depreciation × 1.000 (shift pattern), maintenance per running hour held, finance re-rated 4% → 3.50%; 80 m² at £34.42/m²/yr, 152,064 kWh at £0.071/kWh, support at 0.1335 of UK wages, 6,336 h × 0.8 (two 12-h shifts × 11 h worked × 24 days/month × 12 = 6,336 h (the labour model's pattern); PRC straight-line (time-based) depreciation — no shift uplift on held capital; PBoC 5-year LPR 3.5% (20 Sep 2026; 1-year 3.0%) — the book's line build-ups use 4% on half the capex; rent ¥25.47/m²/month (JLL Shanghai logistics rent Q2 2026 ¥31.94/m²/month (a ceiling for a factory) and Dongguan factory rents ¥10–28 (midpoint ¥19; estate-agent article, 2025) — mean; Wuhan / Chongqing averages not found (Chongqing listings ¥4–12 suggest this is high for the inland clusters)); maintenance the library's own line build-up rule (3.5% of capex); no Chinese norm found)",""
"machine","emot-hairpin-weld","Hairpin twist + laser weld cell","369.53","292.28","-20.9","¥/h machine only","updated (China operating model; capital held — capex not sourced)","China book 2026-10-10: capital HELD at the book's UK × 0.55 (capex not sourced for China: the book's capital (UK × 0.55) is HELD; the China operating model (2 × 12 h hours, straight-line, LPR finance, rent, tariff, support at China wages) is applied): depreciation × 1.000 (shift pattern), maintenance per running hour held, finance re-rated 4% → 3.50%; 100 m² at £34.42/m²/yr, 304,128 kWh at £0.071/kWh, support at 0.1335 of UK wages, 6,336 h × 0.8 (two 12-h shifts × 11 h worked × 24 days/month × 12 = 6,336 h (the labour model's pattern); PRC straight-line (time-based) depreciation — no shift uplift on held capital; PBoC 5-year LPR 3.5% (20 Sep 2026; 1-year 3.0%) — the book's line build-ups use 4% on half the capex; rent ¥25.47/m²/month (JLL Shanghai logistics rent Q2 2026 ¥31.94/m²/month (a ceiling for a factory) and Dongguan factory rents ¥10–28 (midpoint ¥19; estate-agent article, 2025) — mean; Wuhan / Chongqing averages not found (Chongqing listings ¥4–12 suggest this is high for the inland clusters)); maintenance the library's own line build-up rule (3.5% of capex); no Chinese norm found)",""
"machine","emot-impregnation","Trickle / VPI impregnation + cure line","392.28","324.28","-17.33","¥/h machine only","updated (China operating model; capital held — capex not sourced)","China book 2026-10-10: capital HELD at the book's UK × 0.55 (capex not sourced for China: the book's capital (UK × 0.55) is HELD; the China operating model (2 × 12 h hours, straight-line, LPR finance, rent, tariff, support at China wages) is applied): depreciation × 1.000 (shift pattern), maintenance per running hour held, finance re-rated 4% → 3.50%; 200 m² at £34.42/m²/yr, 912,384 kWh at £0.071/kWh, support at 0.1335 of UK wages, 6,336 h × 0.8 (two 12-h shifts × 11 h worked × 24 days/month × 12 = 6,336 h (the labour model's pattern); PRC straight-line (time-based) depreciation — no shift uplift on held capital; PBoC 5-year LPR 3.5% (20 Sep 2026; 1-year 3.0%) — the book's line build-ups use 4% on half the capex; rent ¥25.47/m²/month (JLL Shanghai logistics rent Q2 2026 ¥31.94/m²/month (a ceiling for a factory) and Dongguan factory rents ¥10–28 (midpoint ¥19; estate-agent article, 2025) — mean; Wuhan / Chongqing averages not found (Chongqing listings ¥4–12 suggest this is high for the inland clusters)); maintenance the library's own line build-up rule (3.5% of capex); no Chinese norm found)",""
"machine","emot-rotor-line","Rotor magnet insertion + bonding + shaft press","368.83","288.99","-21.65","¥/h machine only","updated (China operating model; capital held — capex not sourced)","China book 2026-10-10: capital HELD at the book's UK × 0.55 (capex not sourced for China: the book's capital (UK × 0.55) is HELD; the China operating model (2 × 12 h hours, straight-line, LPR finance, rent, tariff, support at China wages) is applied): depreciation × 1.000 (shift pattern), maintenance per running hour held, finance re-rated 4% → 3.50%; 150 m² at £34.42/m²/yr, 253,440 kWh at £0.071/kWh, support at 0.1335 of UK wages, 6,336 h × 0.8 (two 12-h shifts × 11 h worked × 24 days/month × 12 = 6,336 h (the labour model's pattern); PRC straight-line (time-based) depreciation — no shift uplift on held capital; PBoC 5-year LPR 3.5% (20 Sep 2026; 1-year 3.0%) — the book's line build-ups use 4% on half the capex; rent ¥25.47/m²/month (JLL Shanghai logistics rent Q2 2026 ¥31.94/m²/month (a ceiling for a factory) and Dongguan factory rents ¥10–28 (midpoint ¥19; estate-agent article, 2025) — mean; Wuhan / Chongqing averages not found (Chongqing listings ¥4–12 suggest this is high for the inland clusters)); maintenance the library's own line build-up rule (3.5% of capex); no Chinese norm found)",""
"machine","emot-balancing","Rotor balancing machine","87.6","69.23","-20.97","¥/h machine only","updated (China operating model; capital held — capex not sourced)","China book 2026-10-10: capital HELD at the book's UK × 0.55 (capex not sourced for China: the book's capital (UK × 0.55) is HELD; the China operating model (2 × 12 h hours, straight-line, LPR finance, rent, tariff, support at China wages) is applied): depreciation × 1.000 (shift pattern), maintenance per running hour held, finance re-rated 4% → 3.50%; 30 m² at £34.42/m²/yr, 76,032 kWh at £0.071/kWh, support at 0.1335 of UK wages, 6,336 h × 0.8 (two 12-h shifts × 11 h worked × 24 days/month × 12 = 6,336 h (the labour model's pattern); PRC straight-line (time-based) depreciation — no shift uplift on held capital; PBoC 5-year LPR 3.5% (20 Sep 2026; 1-year 3.0%) — the book's line build-ups use 4% on half the capex; rent ¥25.47/m²/month (JLL Shanghai logistics rent Q2 2026 ¥31.94/m²/month (a ceiling for a factory) and Dongguan factory rents ¥10–28 (midpoint ¥19; estate-agent article, 2025) — mean; Wuhan / Chongqing averages not found (Chongqing listings ¥4–12 suggest this is high for the inland clusters)); maintenance the library's own line build-up rule (3.5% of capex); no Chinese norm found)",""
"machine","emot-assembly-line","Motor final assembly line (shrink-fit, bearings, resolver)","463.03","363.61","-21.47","¥/h machine only","updated (China operating model; capital held — capex not sourced)","China book 2026-10-10: capital HELD at the book's UK × 0.55 (capex not sourced for China: the book's capital (UK × 0.55) is HELD; the China operating model (2 × 12 h hours, straight-line, LPR finance, rent, tariff, support at China wages) is applied): depreciation × 1.000 (shift pattern), maintenance per running hour held, finance re-rated 4% → 3.50%; 250 m² at £34.42/m²/yr, 405,504 kWh at £0.071/kWh, support at 0.1335 of UK wages, 6,336 h × 0.8 (two 12-h shifts × 11 h worked × 24 days/month × 12 = 6,336 h (the labour model's pattern); PRC straight-line (time-based) depreciation — no shift uplift on held capital; PBoC 5-year LPR 3.5% (20 Sep 2026; 1-year 3.0%) — the book's line build-ups use 4% on half the capex; rent ¥25.47/m²/month (JLL Shanghai logistics rent Q2 2026 ¥31.94/m²/month (a ceiling for a factory) and Dongguan factory rents ¥10–28 (midpoint ¥19; estate-agent article, 2025) — mean; Wuhan / Chongqing averages not found (Chongqing listings ¥4–12 suggest this is high for the inland clusters)); maintenance the library's own line build-up rule (3.5% of capex); no Chinese norm found)",""
"machine","emot-eol","Motor end-of-line tester (back-EMF, HiPot, partial discharge, NVH)","276.92","229.53","-17.11","¥/h machine only","updated (China operating model; capital held — capex not sourced)","China book 2026-10-10: capital HELD at the book's UK × 0.55 (capex not sourced for China: the book's capital (UK × 0.55) is HELD; the China operating model (2 × 12 h hours, straight-line, LPR finance, rent, tariff, support at China wages) is applied): depreciation × 1.000 (shift pattern), maintenance per running hour held, finance re-rated 4% → 3.50%; 80 m² at £34.42/m²/yr, 608,256 kWh at £0.071/kWh, support at 0.1335 of UK wages, 6,336 h × 0.8 (two 12-h shifts × 11 h worked × 24 days/month × 12 = 6,336 h (the labour model's pattern); PRC straight-line (time-based) depreciation — no shift uplift on held capital; PBoC 5-year LPR 3.5% (20 Sep 2026; 1-year 3.0%) — the book's line build-ups use 4% on half the capex; rent ¥25.47/m²/month (JLL Shanghai logistics rent Q2 2026 ¥31.94/m²/month (a ceiling for a factory) and Dongguan factory rents ¥10–28 (midpoint ¥19; estate-agent article, 2025) — mean; Wuhan / Chongqing averages not found (Chongqing listings ¥4–12 suggest this is high for the inland clusters)); maintenance the library's own line build-up rule (3.5% of capex); no Chinese norm found)",""
"machine","rtm-press-std","RTM / VARTM Injection Press","98.32","58.67","-40.33","¥/h machine only","updated (China operating model; capital held — capex not sourced)","China book 2026-10-10: capital HELD at the book's UK × 0.55 (capex not sourced for China: the book's capital (UK × 0.55) is HELD; the China operating model (2 × 12 h hours, straight-line, LPR finance, rent, tariff, support at China wages) is applied): depreciation × 1.000 (shift pattern), maintenance per running hour held, finance re-rated 4% → 3.50%; 73 m² at £34.42/m²/yr, 94,453 kWh at £0.071/kWh, support at 0.1335 of UK wages, 6,336 h × 0.78 (two 12-h shifts × 11 h worked × 24 days/month × 12 = 6,336 h (the labour model's pattern); PRC straight-line (time-based) depreciation — no shift uplift on held capital; PBoC 5-year LPR 3.5% (20 Sep 2026; 1-year 3.0%) — the book's line build-ups use 4% on half the capex; rent ¥25.47/m²/month (JLL Shanghai logistics rent Q2 2026 ¥31.94/m²/month (a ceiling for a factory) and Dongguan factory rents ¥10–28 (midpoint ¥19; estate-agent article, 2025) — mean; Wuhan / Chongqing averages not found (Chongqing listings ¥4–12 suggest this is high for the inland clusters)); maintenance the library's own line build-up rule (3.5% of capex); no Chinese norm found)",""
"machine","waterjet-5ax-composite","5-Axis Waterjet Trim System","142.19","91.22","-35.85","¥/h machine only","updated (China operating model; capital held — capex not sourced)","China book 2026-10-10: capital HELD at the book's UK × 0.55 (capex not sourced for China: the book's capital (UK × 0.55) is HELD; the China operating model (2 × 12 h hours, straight-line, LPR finance, rent, tariff, support at China wages) is applied): depreciation × 1.000 (shift pattern), maintenance per running hour held, finance re-rated 4% → 3.50%; 110 m² at £34.42/m²/yr, 137,738 kWh at £0.071/kWh, support at 0.1335 of UK wages, 6,336 h × 0.75 (two 12-h shifts × 11 h worked × 24 days/month × 12 = 6,336 h (the labour model's pattern); PRC straight-line (time-based) depreciation — no shift uplift on held capital; PBoC 5-year LPR 3.5% (20 Sep 2026; 1-year 3.0%) — the book's line build-ups use 4% on half the capex; rent ¥25.47/m²/month (JLL Shanghai logistics rent Q2 2026 ¥31.94/m²/month (a ceiling for a factory) and Dongguan factory rents ¥10–28 (midpoint ¥19; estate-agent article, 2025) — mean; Wuhan / Chongqing averages not found (Chongqing listings ¥4–12 suggest this is high for the inland clusters)); maintenance the library's own line build-up rule (3.5% of capex); no Chinese norm found)",""
"machine","mach-afp-atl","AFP/ATL Composite Cell","1319.19","892.71","-32.33","¥/h machine only","updated (China operating model; capital held — capex not sourced)","China book 2026-10-10: capital HELD at the book's UK × 0.55 (capex not sourced for China: the book's capital (UK × 0.55) is HELD; the China operating model (2 × 12 h hours, straight-line, LPR finance, rent, tariff, support at China wages) is applied): depreciation × 1.000 (shift pattern), maintenance per running hour held, finance re-rated 4% → 3.50%; 367 m² at £34.42/m²/yr, 550,962 kWh at £0.071/kWh, support at 0.1335 of UK wages, 6,336 h × 0.7 (two 12-h shifts × 11 h worked × 24 days/month × 12 = 6,336 h (the labour model's pattern); PRC straight-line (time-based) depreciation — no shift uplift on held capital; PBoC 5-year LPR 3.5% (20 Sep 2026; 1-year 3.0%) — the book's line build-ups use 4% on half the capex; rent ¥25.47/m²/month (JLL Shanghai logistics rent Q2 2026 ¥31.94/m²/month (a ceiling for a factory) and Dongguan factory rents ¥10–28 (midpoint ¥19; estate-agent article, 2025) — mean; Wuhan / Chongqing averages not found (Chongqing listings ¥4–12 suggest this is high for the inland clusters)); maintenance the library's own line build-up rule (3.5% of capex); no Chinese norm found)",""
"machine","harness-test-sys","Electrical Harness Test System (Continuity + HiPot)","55.36","33.11","-40.19","¥/h machine only","updated (China operating model; capital held — capex not sourced)","China book 2026-10-10: capital HELD at the book's UK × 0.55 (capex not sourced for China: the book's capital (UK × 0.55) is HELD; the China operating model (2 × 12 h hours, straight-line, LPR finance, rent, tariff, support at China wages) is applied): depreciation × 1.000 (shift pattern), maintenance per running hour held, finance re-rated 4% → 3.50%; 37 m² at £34.42/m²/yr, 20,662 kWh at £0.071/kWh, support at 0.1335 of UK wages, 6,336 h × 0.8 (two 12-h shifts × 11 h worked × 24 days/month × 12 = 6,336 h (the labour model's pattern); PRC straight-line (time-based) depreciation — no shift uplift on held capital; PBoC 5-year LPR 3.5% (20 Sep 2026; 1-year 3.0%) — the book's line build-ups use 4% on half the capex; rent ¥25.47/m²/month (JLL Shanghai logistics rent Q2 2026 ¥31.94/m²/month (a ceiling for a factory) and Dongguan factory rents ¥10–28 (midpoint ¥19; estate-agent article, 2025) — mean; Wuhan / Chongqing averages not found (Chongqing listings ¥4–12 suggest this is high for the inland clusters)); maintenance the library's own line build-up rule (3.5% of capex); no Chinese norm found)",""
"machine","mach-vmc3-cn","VMC 3-axis CNC (China)","48.93","30.13","-38.42","¥/h machine only","updated (China operating model; capital held — capex not sourced)","China book 2026-10-10: capital HELD at the book's UK × 0.55 (capex not sourced for China: the book's capital (UK × 0.55) is HELD; the China operating model (2 × 12 h hours, straight-line, LPR finance, rent, tariff, support at China wages) is applied): depreciation × 1.000 (shift pattern), maintenance per running hour held, finance re-rated 4% → 3.50%; 5 m² at £34.42/m²/yr, 8,956 kWh at £0.071/kWh, support at 0.1335 of UK wages, 6,336 h × 0.85 (two 12-h shifts × 11 h worked × 24 days/month × 12 = 6,336 h (the labour model's pattern); PRC straight-line (time-based) depreciation — no shift uplift on held capital; PBoC 5-year LPR 3.5% (20 Sep 2026; 1-year 3.0%) — the book's line build-ups use 4% on half the capex; rent ¥25.47/m²/month (JLL Shanghai logistics rent Q2 2026 ¥31.94/m²/month (a ceiling for a factory) and Dongguan factory rents ¥10–28 (midpoint ¥19; estate-agent article, 2025) — mean; Wuhan / Chongqing averages not found (Chongqing listings ¥4–12 suggest this is high for the inland clusters)); maintenance the library's own line build-up rule (3.5% of capex); no Chinese norm found)",""
"machine","mach-vmc3-in","VMC 3-axis CNC (India)","47.37","29.66","-37.39","¥/h machine only","updated (China operating model; capital held — capex not sourced)","China book 2026-10-10: capital HELD at the book's UK × 0.55 (capex not sourced for China: the book's capital (UK × 0.55) is HELD; the China operating model (2 × 12 h hours, straight-line, LPR finance, rent, tariff, support at China wages) is applied): depreciation × 1.000 (shift pattern), maintenance per running hour held, finance re-rated 4% → 3.50%; 3 m² at £34.42/m²/yr, 12,054 kWh at £0.071/kWh, support at 0.1335 of UK wages, 6,336 h × 0.85 (two 12-h shifts × 11 h worked × 24 days/month × 12 = 6,336 h (the labour model's pattern); PRC straight-line (time-based) depreciation — no shift uplift on held capital; PBoC 5-year LPR 3.5% (20 Sep 2026; 1-year 3.0%) — the book's line build-ups use 4% on half the capex; rent ¥25.47/m²/month (JLL Shanghai logistics rent Q2 2026 ¥31.94/m²/month (a ceiling for a factory) and Dongguan factory rents ¥10–28 (midpoint ¥19; estate-agent article, 2025) — mean; Wuhan / Chongqing averages not found (Chongqing listings ¥4–12 suggest this is high for the inland clusters)); maintenance the library's own line build-up rule (3.5% of capex); no Chinese norm found)",""
"machine","mach-vmc3-de","VMC 3-axis CNC (Germany)","77.56","47.26","-39.07","¥/h machine only","updated (China operating model; capital held — capex not sourced)","China book 2026-10-10: capital HELD at the book's UK × 0.55 (capex not sourced for China: the book's capital (UK × 0.55) is HELD; the China operating model (2 × 12 h hours, straight-line, LPR finance, rent, tariff, support at China wages) is applied): depreciation × 1.000 (shift pattern), maintenance per running hour held, finance re-rated 4% → 3.50%; 26 m² at £34.42/m²/yr, 29,957 kWh at £0.071/kWh, support at 0.1335 of UK wages, 6,336 h × 0.87 (two 12-h shifts × 11 h worked × 24 days/month × 12 = 6,336 h (the labour model's pattern); PRC straight-line (time-based) depreciation — no shift uplift on held capital; PBoC 5-year LPR 3.5% (20 Sep 2026; 1-year 3.0%) — the book's line build-ups use 4% on half the capex; rent ¥25.47/m²/month (JLL Shanghai logistics rent Q2 2026 ¥31.94/m²/month (a ceiling for a factory) and Dongguan factory rents ¥10–28 (midpoint ¥19; estate-agent article, 2025) — mean; Wuhan / Chongqing averages not found (Chongqing listings ¥4–12 suggest this is high for the inland clusters)); maintenance the library's own line build-up rule (3.5% of capex); no Chinese norm found)",""
"machine","mach-vmc3-pl","VMC 3-axis CNC (Poland)","54.36","33.54","-38.3","¥/h machine only","updated (China operating model; capital held — capex not sourced)","China book 2026-10-10: capital HELD at the book's UK × 0.55 (capex not sourced for China: the book's capital (UK × 0.55) is HELD; the China operating model (2 × 12 h hours, straight-line, LPR finance, rent, tariff, support at China wages) is applied): depreciation × 1.000 (shift pattern), maintenance per running hour held, finance re-rated 4% → 3.50%; 11 m² at £34.42/m²/yr, 17,911 kWh at £0.071/kWh, support at 0.1335 of UK wages, 6,336 h × 0.85 (two 12-h shifts × 11 h worked × 24 days/month × 12 = 6,336 h (the labour model's pattern); PRC straight-line (time-based) depreciation — no shift uplift on held capital; PBoC 5-year LPR 3.5% (20 Sep 2026; 1-year 3.0%) — the book's line build-ups use 4% on half the capex; rent ¥25.47/m²/month (JLL Shanghai logistics rent Q2 2026 ¥31.94/m²/month (a ceiling for a factory) and Dongguan factory rents ¥10–28 (midpoint ¥19; estate-agent article, 2025) — mean; Wuhan / Chongqing averages not found (Chongqing listings ¥4–12 suggest this is high for the inland clusters)); maintenance the library's own line build-up rule (3.5% of capex); no Chinese norm found)",""
"machine","mach-vmc3-mx","VMC 3-axis CNC (Mexico)","49.71","30.75","-38.14","¥/h machine only","updated (China operating model; capital held — capex not sourced)","China book 2026-10-10: capital HELD at the book's UK × 0.55 (capex not sourced for China: the book's capital (UK × 0.55) is HELD; the China operating model (2 × 12 h hours, straight-line, LPR finance, rent, tariff, support at China wages) is applied): depreciation × 1.000 (shift pattern), maintenance per running hour held, finance re-rated 4% → 3.50%; 6 m² at £34.42/m²/yr, 13,429 kWh at £0.071/kWh, support at 0.1335 of UK wages, 6,336 h × 0.85 (two 12-h shifts × 11 h worked × 24 days/month × 12 = 6,336 h (the labour model's pattern); PRC straight-line (time-based) depreciation — no shift uplift on held capital; PBoC 5-year LPR 3.5% (20 Sep 2026; 1-year 3.0%) — the book's line build-ups use 4% on half the capex; rent ¥25.47/m²/month (JLL Shanghai logistics rent Q2 2026 ¥31.94/m²/month (a ceiling for a factory) and Dongguan factory rents ¥10–28 (midpoint ¥19; estate-agent article, 2025) — mean; Wuhan / Chongqing averages not found (Chongqing listings ¥4–12 suggest this is high for the inland clusters)); maintenance the library's own line build-up rule (3.5% of capex); no Chinese norm found)",""
"machine","imm-200t-cn","Injection Moulding 200T (China)","51.66","38.73","-25.03","¥/h machine only","updated (China operating model; capital held — capex not sourced)","China book 2026-10-10: capital HELD at the book's UK × 0.55 (capex not sourced for China: the book's capital (UK × 0.55) is HELD; the China operating model (2 × 12 h hours, straight-line, LPR finance, rent, tariff, support at China wages) is applied): depreciation × 1.000 (shift pattern), maintenance per running hour held, finance re-rated 4% → 3.50%; 11 m² at £34.42/m²/yr, 23,144 kWh at £0.071/kWh, support at 0.1335 of UK wages, 6,336 h × 0.85 (two 12-h shifts × 11 h worked × 24 days/month × 12 = 6,336 h (the labour model's pattern); PRC straight-line (time-based) depreciation — no shift uplift on held capital; PBoC 5-year LPR 3.5% (20 Sep 2026; 1-year 3.0%) — the book's line build-ups use 4% on half the capex; rent ¥25.47/m²/month (JLL Shanghai logistics rent Q2 2026 ¥31.94/m²/month (a ceiling for a factory) and Dongguan factory rents ¥10–28 (midpoint ¥19; estate-agent article, 2025) — mean; Wuhan / Chongqing averages not found (Chongqing listings ¥4–12 suggest this is high for the inland clusters)); maintenance the library's own line build-up rule (3.5% of capex); no Chinese norm found)",""
"machine","imm-200t-in","Injection Moulding 200T (India)","51.81","39.6","-23.57","¥/h machine only","updated (China operating model; capital held — capex not sourced)","China book 2026-10-10: capital HELD at the book's UK × 0.55 (capex not sourced for China: the book's capital (UK × 0.55) is HELD; the China operating model (2 × 12 h hours, straight-line, LPR finance, rent, tariff, support at China wages) is applied): depreciation × 1.000 (shift pattern), maintenance per running hour held, finance re-rated 4% → 3.50%; 7 m² at £34.42/m²/yr, 30,851 kWh at £0.071/kWh, support at 0.1335 of UK wages, 6,336 h × 0.83 (two 12-h shifts × 11 h worked × 24 days/month × 12 = 6,336 h (the labour model's pattern); PRC straight-line (time-based) depreciation — no shift uplift on held capital; PBoC 5-year LPR 3.5% (20 Sep 2026; 1-year 3.0%) — the book's line build-ups use 4% on half the capex; rent ¥25.47/m²/month (JLL Shanghai logistics rent Q2 2026 ¥31.94/m²/month (a ceiling for a factory) and Dongguan factory rents ¥10–28 (midpoint ¥19; estate-agent article, 2025) — mean; Wuhan / Chongqing averages not found (Chongqing listings ¥4–12 suggest this is high for the inland clusters)); maintenance the library's own line build-up rule (3.5% of capex); no Chinese norm found)",""
"machine","imm-200t-de","Injection Moulding 200T (Germany)","96.9","63.28","-34.7","¥/h machine only","updated (China operating model; capital held — capex not sourced)","China book 2026-10-10: capital HELD at the book's UK × 0.55 (capex not sourced for China: the book's capital (UK × 0.55) is HELD; the China operating model (2 × 12 h hours, straight-line, LPR finance, rent, tariff, support at China wages) is applied): depreciation × 1.000 (shift pattern), maintenance per running hour held, finance re-rated 4% → 3.50%; 59 m² at £34.42/m²/yr, 76,693 kWh at £0.071/kWh, support at 0.1335 of UK wages, 6,336 h × 0.87 (two 12-h shifts × 11 h worked × 24 days/month × 12 = 6,336 h (the labour model's pattern); PRC straight-line (time-based) depreciation — no shift uplift on held capital; PBoC 5-year LPR 3.5% (20 Sep 2026; 1-year 3.0%) — the book's line build-ups use 4% on half the capex; rent ¥25.47/m²/month (JLL Shanghai logistics rent Q2 2026 ¥31.94/m²/month (a ceiling for a factory) and Dongguan factory rents ¥10–28 (midpoint ¥19; estate-agent article, 2025) — mean; Wuhan / Chongqing averages not found (Chongqing listings ¥4–12 suggest this is high for the inland clusters)); maintenance the library's own line build-up rule (3.5% of capex); no Chinese norm found)",""
"machine","imm-200t-pl","Injection Moulding 200T (Poland)","62.78","44.89","-28.5","¥/h machine only","updated (China operating model; capital held — capex not sourced)","China book 2026-10-10: capital HELD at the book's UK × 0.55 (capex not sourced for China: the book's capital (UK × 0.55) is HELD; the China operating model (2 × 12 h hours, straight-line, LPR finance, rent, tariff, support at China wages) is applied): depreciation × 1.000 (shift pattern), maintenance per running hour held, finance re-rated 4% → 3.50%; 26 m² at £34.42/m²/yr, 45,842 kWh at £0.071/kWh, support at 0.1335 of UK wages, 6,336 h × 0.85 (two 12-h shifts × 11 h worked × 24 days/month × 12 = 6,336 h (the labour model's pattern); PRC straight-line (time-based) depreciation — no shift uplift on held capital; PBoC 5-year LPR 3.5% (20 Sep 2026; 1-year 3.0%) — the book's line build-ups use 4% on half the capex; rent ¥25.47/m²/month (JLL Shanghai logistics rent Q2 2026 ¥31.94/m²/month (a ceiling for a factory) and Dongguan factory rents ¥10–28 (midpoint ¥19; estate-agent article, 2025) — mean; Wuhan / Chongqing averages not found (Chongqing listings ¥4–12 suggest this is high for the inland clusters)); maintenance the library's own line build-up rule (3.5% of capex); no Chinese norm found)",""
"machine","imm-200t-mx","Injection Moulding 200T (Mexico)","54.08","40.73","-24.69","¥/h machine only","updated (China operating model; capital held — capex not sourced)","China book 2026-10-10: capital HELD at the book's UK × 0.55 (capex not sourced for China: the book's capital (UK × 0.55) is HELD; the China operating model (2 × 12 h hours, straight-line, LPR finance, rent, tariff, support at China wages) is applied): depreciation × 1.000 (shift pattern), maintenance per running hour held, finance re-rated 4% → 3.50%; 15 m² at £34.42/m²/yr, 34,382 kWh at £0.071/kWh, support at 0.1335 of UK wages, 6,336 h × 0.84 (two 12-h shifts × 11 h worked × 24 days/month × 12 = 6,336 h (the labour model's pattern); PRC straight-line (time-based) depreciation — no shift uplift on held capital; PBoC 5-year LPR 3.5% (20 Sep 2026; 1-year 3.0%) — the book's line build-ups use 4% on half the capex; rent ¥25.47/m²/month (JLL Shanghai logistics rent Q2 2026 ¥31.94/m²/month (a ceiling for a factory) and Dongguan factory rents ¥10–28 (midpoint ¥19; estate-agent article, 2025) — mean; Wuhan / Chongqing averages not found (Chongqing listings ¥4–12 suggest this is high for the inland clusters)); maintenance the library's own line build-up rule (3.5% of capex); no Chinese norm found)",""
"machine","hpdc-500t-cn","HPDC 500T (China)","136.86","84.16","-38.51","¥/h machine only","updated (China operating model; capital held — capex not sourced)","China book 2026-10-10: capital HELD at the book's UK × 0.55 (capex not sourced for China: the book's capital (UK × 0.55) is HELD; the China operating model (2 × 12 h hours, straight-line, LPR finance, rent, tariff, support at China wages) is applied): depreciation × 1.000 (shift pattern), maintenance per running hour held, finance re-rated 4% → 3.50%; 21 m² at £34.42/m²/yr, 53,717 kWh at £0.071/kWh, support at 0.1335 of UK wages, 6,336 h × 0.8 (two 12-h shifts × 11 h worked × 24 days/month × 12 = 6,336 h (the labour model's pattern); PRC straight-line (time-based) depreciation — no shift uplift on held capital; PBoC 5-year LPR 3.5% (20 Sep 2026; 1-year 3.0%) — the book's line build-ups use 4% on half the capex; rent ¥25.47/m²/month (JLL Shanghai logistics rent Q2 2026 ¥31.94/m²/month (a ceiling for a factory) and Dongguan factory rents ¥10–28 (midpoint ¥19; estate-agent article, 2025) — mean; Wuhan / Chongqing averages not found (Chongqing listings ¥4–12 suggest this is high for the inland clusters)); maintenance the library's own line build-up rule (3.5% of capex); no Chinese norm found)",""
"machine","hpdc-500t-in","HPDC 500T (India)","136.82","86.2","-37","¥/h machine only","updated (China operating model; capital held — capex not sourced)","China book 2026-10-10: capital HELD at the book's UK × 0.55 (capex not sourced for China: the book's capital (UK × 0.55) is HELD; the China operating model (2 × 12 h hours, straight-line, LPR finance, rent, tariff, support at China wages) is applied): depreciation × 1.000 (shift pattern), maintenance per running hour held, finance re-rated 4% → 3.50%; 14 m² at £34.42/m²/yr, 72,316 kWh at £0.071/kWh, support at 0.1335 of UK wages, 6,336 h × 0.78 (two 12-h shifts × 11 h worked × 24 days/month × 12 = 6,336 h (the labour model's pattern); PRC straight-line (time-based) depreciation — no shift uplift on held capital; PBoC 5-year LPR 3.5% (20 Sep 2026; 1-year 3.0%) — the book's line build-ups use 4% on half the capex; rent ¥25.47/m²/month (JLL Shanghai logistics rent Q2 2026 ¥31.94/m²/month (a ceiling for a factory) and Dongguan factory rents ¥10–28 (midpoint ¥19; estate-agent article, 2025) — mean; Wuhan / Chongqing averages not found (Chongqing listings ¥4–12 suggest this is high for the inland clusters)); maintenance the library's own line build-up rule (3.5% of capex); no Chinese norm found)",""
"machine","hpdc-500t-mx","HPDC 500T (Mexico)","141.36","87.92","-37.8","¥/h machine only","updated (China operating model; capital held — capex not sourced)","China book 2026-10-10: capital HELD at the book's UK × 0.55 (capex not sourced for China: the book's capital (UK × 0.55) is HELD; the China operating model (2 × 12 h hours, straight-line, LPR finance, rent, tariff, support at China wages) is applied): depreciation × 1.000 (shift pattern), maintenance per running hour held, finance re-rated 4% → 3.50%; 28 m² at £34.42/m²/yr, 80,575 kWh at £0.071/kWh, support at 0.1335 of UK wages, 6,336 h × 0.8 (two 12-h shifts × 11 h worked × 24 days/month × 12 = 6,336 h (the labour model's pattern); PRC straight-line (time-based) depreciation — no shift uplift on held capital; PBoC 5-year LPR 3.5% (20 Sep 2026; 1-year 3.0%) — the book's line build-ups use 4% on half the capex; rent ¥25.47/m²/month (JLL Shanghai logistics rent Q2 2026 ¥31.94/m²/month (a ceiling for a factory) and Dongguan factory rents ¥10–28 (midpoint ¥19; estate-agent article, 2025) — mean; Wuhan / Chongqing averages not found (Chongqing listings ¥4–12 suggest this is high for the inland clusters)); maintenance the library's own line build-up rule (3.5% of capex); no Chinese norm found)",""
"machine","press-400t-cn","Stamping Press 400T (China)","92.42","56.38","-39","¥/h machine only","updated (China operating model; capital held — capex not sourced)","China book 2026-10-10: capital HELD at the book's UK × 0.55 (capex not sourced for China: the book's capital (UK × 0.55) is HELD; the China operating model (2 × 12 h hours, straight-line, LPR finance, rent, tariff, support at China wages) is applied): depreciation × 1.000 (shift pattern), maintenance per running hour held, finance re-rated 4% → 3.50%; 28 m² at £34.42/m²/yr, 35,814 kWh at £0.071/kWh, support at 0.1335 of UK wages, 6,336 h × 0.82 (two 12-h shifts × 11 h worked × 24 days/month × 12 = 6,336 h (the labour model's pattern); PRC straight-line (time-based) depreciation — no shift uplift on held capital; PBoC 5-year LPR 3.5% (20 Sep 2026; 1-year 3.0%) — the book's line build-ups use 4% on half the capex; rent ¥25.47/m²/month (JLL Shanghai logistics rent Q2 2026 ¥31.94/m²/month (a ceiling for a factory) and Dongguan factory rents ¥10–28 (midpoint ¥19; estate-agent article, 2025) — mean; Wuhan / Chongqing averages not found (Chongqing listings ¥4–12 suggest this is high for the inland clusters)); maintenance the library's own line build-up rule (3.5% of capex); no Chinese norm found)",""
"machine","press-400t-in","Stamping Press 400T (India)","91.97","57.57","-37.4","¥/h machine only","updated (China operating model; capital held — capex not sourced)","China book 2026-10-10: capital HELD at the book's UK × 0.55 (capex not sourced for China: the book's capital (UK × 0.55) is HELD; the China operating model (2 × 12 h hours, straight-line, LPR finance, rent, tariff, support at China wages) is applied): depreciation × 1.000 (shift pattern), maintenance per running hour held, finance re-rated 4% → 3.50%; 18 m² at £34.42/m²/yr, 48,208 kWh at £0.071/kWh, support at 0.1335 of UK wages, 6,336 h × 0.8 (two 12-h shifts × 11 h worked × 24 days/month × 12 = 6,336 h (the labour model's pattern); PRC straight-line (time-based) depreciation — no shift uplift on held capital; PBoC 5-year LPR 3.5% (20 Sep 2026; 1-year 3.0%) — the book's line build-ups use 4% on half the capex; rent ¥25.47/m²/month (JLL Shanghai logistics rent Q2 2026 ¥31.94/m²/month (a ceiling for a factory) and Dongguan factory rents ¥10–28 (midpoint ¥19; estate-agent article, 2025) — mean; Wuhan / Chongqing averages not found (Chongqing listings ¥4–12 suggest this is high for the inland clusters)); maintenance the library's own line build-up rule (3.5% of capex); no Chinese norm found)",""
"machine","press-400t-pl","Stamping Press 400T (Poland)","106.23","65.16","-38.66","¥/h machine only","updated (China operating model; capital held — capex not sourced)","China book 2026-10-10: capital HELD at the book's UK × 0.55 (capex not sourced for China: the book's capital (UK × 0.55) is HELD; the China operating model (2 × 12 h hours, straight-line, LPR finance, rent, tariff, support at China wages) is applied): depreciation × 1.000 (shift pattern), maintenance per running hour held, finance re-rated 4% → 3.50%; 48 m² at £34.42/m²/yr, 71,619 kWh at £0.071/kWh, support at 0.1335 of UK wages, 6,336 h × 0.82 (two 12-h shifts × 11 h worked × 24 days/month × 12 = 6,336 h (the labour model's pattern); PRC straight-line (time-based) depreciation — no shift uplift on held capital; PBoC 5-year LPR 3.5% (20 Sep 2026; 1-year 3.0%) — the book's line build-ups use 4% on half the capex; rent ¥25.47/m²/month (JLL Shanghai logistics rent Q2 2026 ¥31.94/m²/month (a ceiling for a factory) and Dongguan factory rents ¥10–28 (midpoint ¥19; estate-agent article, 2025) — mean; Wuhan / Chongqing averages not found (Chongqing listings ¥4–12 suggest this is high for the inland clusters)); maintenance the library's own line build-up rule (3.5% of capex); no Chinese norm found)",""
"machine","press-400t-mx","Stamping Press 400T (Mexico)","96.1","59.09","-38.51","¥/h machine only","updated (China operating model; capital held — capex not sourced)","China book 2026-10-10: capital HELD at the book's UK × 0.55 (capex not sourced for China: the book's capital (UK × 0.55) is HELD; the China operating model (2 × 12 h hours, straight-line, LPR finance, rent, tariff, support at China wages) is applied): depreciation × 1.000 (shift pattern), maintenance per running hour held, finance re-rated 4% → 3.50%; 37 m² at £34.42/m²/yr, 53,717 kWh at £0.071/kWh, support at 0.1335 of UK wages, 6,336 h × 0.82 (two 12-h shifts × 11 h worked × 24 days/month × 12 = 6,336 h (the labour model's pattern); PRC straight-line (time-based) depreciation — no shift uplift on held capital; PBoC 5-year LPR 3.5% (20 Sep 2026; 1-year 3.0%) — the book's line build-ups use 4% on half the capex; rent ¥25.47/m²/month (JLL Shanghai logistics rent Q2 2026 ¥31.94/m²/month (a ceiling for a factory) and Dongguan factory rents ¥10–28 (midpoint ¥19; estate-agent article, 2025) — mean; Wuhan / Chongqing averages not found (Chongqing listings ¥4–12 suggest this is high for the inland clusters)); maintenance the library's own line build-up rule (3.5% of capex); no Chinese norm found)",""
"machine","bench-assembly-cn","Manual Assembly Bench (China)","7.05","4.21","-40.28","¥/h machine only","updated (China operating model; capital held — capex not sourced)","China book 2026-10-10: capital HELD at the book's UK × 0.55 (capex not sourced for China: the book's capital (UK × 0.55) is HELD; the China operating model (2 × 12 h hours, straight-line, LPR finance, rent, tariff, support at China wages) is applied): depreciation × 1.000 (shift pattern), maintenance per running hour held, finance re-rated 4% → 3.50%; 6 m² at £34.42/m²/yr, 1,594 kWh at £0.071/kWh, support at 0.1335 of UK wages, 6,336 h × 0.9 (two 12-h shifts × 11 h worked × 24 days/month × 12 = 6,336 h (the labour model's pattern); PRC straight-line (time-based) depreciation — no shift uplift on held capital; PBoC 5-year LPR 3.5% (20 Sep 2026; 1-year 3.0%) — the book's line build-ups use 4% on half the capex; rent ¥25.47/m²/month (JLL Shanghai logistics rent Q2 2026 ¥31.94/m²/month (a ceiling for a factory) and Dongguan factory rents ¥10–28 (midpoint ¥19; estate-agent article, 2025) — mean; Wuhan / Chongqing averages not found (Chongqing listings ¥4–12 suggest this is high for the inland clusters)); maintenance the library's own line build-up rule (3.5% of capex); no Chinese norm found)",""
"machine","bench-assembly-in","Manual Assembly Bench (India)","6.5","4.06","-37.54","¥/h machine only","updated (China operating model; capital held — capex not sourced)","China book 2026-10-10: capital HELD at the book's UK × 0.55 (capex not sourced for China: the book's capital (UK × 0.55) is HELD; the China operating model (2 × 12 h hours, straight-line, LPR finance, rent, tariff, support at China wages) is applied): depreciation × 1.000 (shift pattern), maintenance per running hour held, finance re-rated 4% → 3.50%; 4 m² at £34.42/m²/yr, 2,143 kWh at £0.071/kWh, support at 0.1335 of UK wages, 6,336 h × 0.9 (two 12-h shifts × 11 h worked × 24 days/month × 12 = 6,336 h (the labour model's pattern); PRC straight-line (time-based) depreciation — no shift uplift on held capital; PBoC 5-year LPR 3.5% (20 Sep 2026; 1-year 3.0%) — the book's line build-ups use 4% on half the capex; rent ¥25.47/m²/month (JLL Shanghai logistics rent Q2 2026 ¥31.94/m²/month (a ceiling for a factory) and Dongguan factory rents ¥10–28 (midpoint ¥19; estate-agent article, 2025) — mean; Wuhan / Chongqing averages not found (Chongqing listings ¥4–12 suggest this is high for the inland clusters)); maintenance the library's own line build-up rule (3.5% of capex); no Chinese norm found)",""
"machine","bench-assembly-mx","Manual Assembly Bench (Mexico)","7.38","4.39","-40.51","¥/h machine only","updated (China operating model; capital held — capex not sourced)","China book 2026-10-10: capital HELD at the book's UK × 0.55 (capex not sourced for China: the book's capital (UK × 0.55) is HELD; the China operating model (2 × 12 h hours, straight-line, LPR finance, rent, tariff, support at China wages) is applied): depreciation × 1.000 (shift pattern), maintenance per running hour held, finance re-rated 4% → 3.50%; 7 m² at £34.42/m²/yr, 2,383 kWh at £0.071/kWh, support at 0.1335 of UK wages, 6,336 h × 0.9 (two 12-h shifts × 11 h worked × 24 days/month × 12 = 6,336 h (the labour model's pattern); PRC straight-line (time-based) depreciation — no shift uplift on held capital; PBoC 5-year LPR 3.5% (20 Sep 2026; 1-year 3.0%) — the book's line build-ups use 4% on half the capex; rent ¥25.47/m²/month (JLL Shanghai logistics rent Q2 2026 ¥31.94/m²/month (a ceiling for a factory) and Dongguan factory rents ¥10–28 (midpoint ¥19; estate-agent article, 2025) — mean; Wuhan / Chongqing averages not found (Chongqing listings ¥4–12 suggest this is high for the inland clusters)); maintenance the library's own line build-up rule (3.5% of capex); no Chinese norm found)",""
"machine","bench-assembly-vn","Manual Assembly Bench (Vietnam)","5.61","3.78","-32.62","¥/h machine only","updated (China operating model; capital held — capex not sourced)","China book 2026-10-10: capital HELD at the book's UK × 0.55 (capex not sourced for China: the book's capital (UK × 0.55) is HELD; the China operating model (2 × 12 h hours, straight-line, LPR finance, rent, tariff, support at China wages) is applied): depreciation × 1.000 (shift pattern), maintenance per running hour held, finance re-rated 4% → 3.50%; 3 m² at £34.42/m²/yr, 1,791 kWh at £0.071/kWh, support at 0.1335 of UK wages, 6,336 h × 0.92 (two 12-h shifts × 11 h worked × 24 days/month × 12 = 6,336 h (the labour model's pattern); PRC straight-line (time-based) depreciation — no shift uplift on held capital; PBoC 5-year LPR 3.5% (20 Sep 2026; 1-year 3.0%) — the book's line build-ups use 4% on half the capex; rent ¥25.47/m²/month (JLL Shanghai logistics rent Q2 2026 ¥31.94/m²/month (a ceiling for a factory) and Dongguan factory rents ¥10–28 (midpoint ¥19; estate-agent article, 2025) — mean; Wuhan / Chongqing averages not found (Chongqing listings ¥4–12 suggest this is high for the inland clusters)); maintenance the library's own line build-up rule (3.5% of capex); no Chinese norm found)",""
"machine","bench-assembly-pl","Manual Assembly Bench (Poland)","8.45","4.93","-41.66","¥/h machine only","updated (China operating model; capital held — capex not sourced)","China book 2026-10-10: capital HELD at the book's UK × 0.55 (capex not sourced for China: the book's capital (UK × 0.55) is HELD; the China operating model (2 × 12 h hours, straight-line, LPR finance, rent, tariff, support at China wages) is applied): depreciation × 1.000 (shift pattern), maintenance per running hour held, finance re-rated 4% → 3.50%; 10 m² at £34.42/m²/yr, 3,822 kWh at £0.071/kWh, support at 0.1335 of UK wages, 6,336 h × 0.9 (two 12-h shifts × 11 h worked × 24 days/month × 12 = 6,336 h (the labour model's pattern); PRC straight-line (time-based) depreciation — no shift uplift on held capital; PBoC 5-year LPR 3.5% (20 Sep 2026; 1-year 3.0%) — the book's line build-ups use 4% on half the capex; rent ¥25.47/m²/month (JLL Shanghai logistics rent Q2 2026 ¥31.94/m²/month (a ceiling for a factory) and Dongguan factory rents ¥10–28 (midpoint ¥19; estate-agent article, 2025) — mean; Wuhan / Chongqing averages not found (Chongqing listings ¥4–12 suggest this is high for the inland clusters)); maintenance the library's own line build-up rule (3.5% of capex); no Chinese norm found)",""
"factor","machineRateMultiplier","China ÷ UK machine rate (median, the service factors read it)","0.55","0.34","-38.18","ratio","updated","median of 214 machines in the new book",""
"material","BILLET_PREMIUM_USD_PER_T.CN","China Al billet premium over LME","-186","-21","-88.71","USD/t","updated","A00 ¥21.47/kg (Changjiang Sep 2026 avg) + 6063 billet fee ¥0.045/kg (Foshan, Sep 2026), ex-VAT = $3219/t at ¥6.684/$ — over the library LME $3240","https://list1.mysteel.com/zhishi/lvdingjiagongfei.html"
