ISO-10303-21;
HEADER;
FILE_DESCRIPTION(('Open CASCADE Model'),'2;1');
FILE_NAME('Open CASCADE Shape Model','2026-10-02T20:21:21',('Author'),(
    'Open CASCADE'),'Open CASCADE STEP processor 7.9','Open CASCADE 7.9'
  ,'Unknown');
FILE_SCHEMA(('AUTOMOTIVE_DESIGN { 1 0 10303 214 1 1 1 1 }'));
ENDSEC;
DATA;
#1 = APPLICATION_PROTOCOL_DEFINITION('international standard',
  'automotive_design',2000,#2);
#2 = APPLICATION_CONTEXT(
  'core data for automotive mechanical design processes');
#3 = SHAPE_DEFINITION_REPRESENTATION(#4,#10);
#4 = PRODUCT_DEFINITION_SHAPE('','',#5);
#5 = PRODUCT_DEFINITION('design','',#6,#9);
#6 = PRODUCT_DEFINITION_FORMATION('','',#7);
#7 = PRODUCT('BIW INNER PANEL PRESSING 2','BIW INNER PANEL PRESSING 2',
  '',(#8));
#8 = PRODUCT_CONTEXT('',#2,'mechanical');
#9 = PRODUCT_DEFINITION_CONTEXT('part definition',#2,'design');
#10 = SHAPE_REPRESENTATION('',(#11,#15,#19),#23);
#11 = AXIS2_PLACEMENT_3D('',#12,#13,#14);
#12 = CARTESIAN_POINT('',(0.,0.,0.));
#13 = DIRECTION('',(0.,0.,1.));
#14 = DIRECTION('',(1.,0.,-0.));
#15 = AXIS2_PLACEMENT_3D('',#16,#17,#18);
#16 = CARTESIAN_POINT('',(0.,0.,0.));
#17 = DIRECTION('',(0.,0.,1.));
#18 = DIRECTION('',(1.,0.,-0.));
#19 = AXIS2_PLACEMENT_3D('',#20,#21,#22);
#20 = CARTESIAN_POINT('',(0.,0.,0.));
#21 = DIRECTION('',(0.,0.,1.));
#22 = DIRECTION('',(1.,0.,-0.));
#23 = ( GEOMETRIC_REPRESENTATION_CONTEXT(3) 
GLOBAL_UNCERTAINTY_ASSIGNED_CONTEXT((#27)) GLOBAL_UNIT_ASSIGNED_CONTEXT(
(#24,#25,#26)) REPRESENTATION_CONTEXT('Context #1',
  '3D Context with UNIT and UNCERTAINTY') );
#24 = ( LENGTH_UNIT() NAMED_UNIT(*) SI_UNIT(.MILLI.,.METRE.) );
#25 = ( NAMED_UNIT(*) PLANE_ANGLE_UNIT() SI_UNIT($,.RADIAN.) );
#26 = ( NAMED_UNIT(*) SI_UNIT($,.STERADIAN.) SOLID_ANGLE_UNIT() );
#27 = UNCERTAINTY_MEASURE_WITH_UNIT(LENGTH_MEASURE(2.E-04),#24,
  'distance_accuracy_value','confusion accuracy');
#28 = PRODUCT_RELATED_PRODUCT_CATEGORY('part',$,(#7));
#29 = SHAPE_DEFINITION_REPRESENTATION(#30,#36);
#30 = PRODUCT_DEFINITION_SHAPE('','',#31);
#31 = PRODUCT_DEFINITION('design','',#32,#35);
#32 = PRODUCT_DEFINITION_FORMATION('','',#33);
#33 = PRODUCT('BIW INNER PANEL PRESSING 2.1',
  'BIW INNER PANEL PRESSING 2.1','',(#34));
#34 = PRODUCT_CONTEXT('',#2,'mechanical');
#35 = PRODUCT_DEFINITION_CONTEXT('part definition',#2,'design');
#36 = ADVANCED_BREP_SHAPE_REPRESENTATION('',(#11,#37),#2773);
#37 = MANIFOLD_SOLID_BREP('',#38);
#38 = CLOSED_SHELL('',(#39,#157,#279,#405,#497,#576,#655,#781,#898,#948,
    #1017,#1086,#1229,#1264,#1299,#1334,#1369,#1376,#1633,#1709,#1798,
    #1887,#1941,#1995,#2084,#2173,#2205,#2309,#2408,#2507,#2582,#2657,
    #2696,#2759,#2766));
#39 = ADVANCED_FACE('',(#40),#54,.F.);
#40 = FACE_BOUND('',#41,.F.);
#41 = EDGE_LOOP('',(#42,#75,#103,#131));
#42 = ORIENTED_EDGE('',*,*,#43,.F.);
#43 = EDGE_CURVE('',#44,#46,#48,.T.);
#44 = VERTEX_POINT('',#45);
#45 = CARTESIAN_POINT('',(-539.5013603768,-299.6535724532,120.));
#46 = VERTEX_POINT('',#47);
#47 = CARTESIAN_POINT('',(-539.5013603768,299.65357245321,120.));
#48 = SURFACE_CURVE('',#49,(#53,#64),.PCURVE_S1.);
#49 = LINE('',#50,#51);
#50 = CARTESIAN_POINT('',(-539.5013603768,-350.,120.));
#51 = VECTOR('',#52,1.);
#52 = DIRECTION('',(-0.,1.,-0.));
#53 = PCURVE('',#54,#59);
#54 = PLANE('',#55);
#55 = AXIS2_PLACEMENT_3D('',#56,#57,#58);
#56 = CARTESIAN_POINT('',(-550.,-350.,0.));
#57 = DIRECTION('',(0.996194698092,0.,-8.715574274766E-02));
#58 = DIRECTION('',(8.715574274766E-02,0.,0.996194698092));
#59 = DEFINITIONAL_REPRESENTATION('',(#60),#63);
#60 = B_SPLINE_CURVE_WITH_KNOTS('',1,(#61,#62),.UNSPECIFIED.,.F.,.F.,(2,
    2),(10.498639623111,689.50136037688),.PIECEWISE_BEZIER_KNOTS.);
#61 = CARTESIAN_POINT('',(120.4583805052,-10.49863962311));
#62 = CARTESIAN_POINT('',(120.4583805052,-689.5013603768));
#63 = ( GEOMETRIC_REPRESENTATION_CONTEXT(2) 
PARAMETRIC_REPRESENTATION_CONTEXT() REPRESENTATION_CONTEXT('2D SPACE',''
  ) );
#64 = PCURVE('',#65,#70);
#65 = PLANE('',#66);
#66 = AXIS2_PLACEMENT_3D('',#67,#68,#69);
#67 = CARTESIAN_POINT('',(-550.,-350.,120.));
#68 = DIRECTION('',(0.,0.,1.));
#69 = DIRECTION('',(1.,0.,-0.));
#70 = DEFINITIONAL_REPRESENTATION('',(#71),#74);
#71 = B_SPLINE_CURVE_WITH_KNOTS('',1,(#72,#73),.UNSPECIFIED.,.F.,.F.,(2,
    2),(10.498639623111,689.50136037688),.PIECEWISE_BEZIER_KNOTS.);
#72 = CARTESIAN_POINT('',(10.498639623111,10.498639623111));
#73 = CARTESIAN_POINT('',(10.498639623111,689.50136037688));
#74 = ( GEOMETRIC_REPRESENTATION_CONTEXT(2) 
PARAMETRIC_REPRESENTATION_CONTEXT() REPRESENTATION_CONTEXT('2D SPACE',''
  ) );
#75 = ORIENTED_EDGE('',*,*,#76,.F.);
#76 = EDGE_CURVE('',#77,#44,#79,.T.);
#77 = VERTEX_POINT('',#78);
#78 = CARTESIAN_POINT('',(-548.5732929553,-308.7255050316,
    16.307336141215));
#79 = SURFACE_CURVE('',#80,(#84,#91),.PCURVE_S1.);
#80 = LINE('',#81,#82);
#81 = CARTESIAN_POINT('',(-550.3004067909,-310.4526188672,
    -3.433665332599));
#82 = VECTOR('',#83,1.);
#83 = DIRECTION('',(8.682659386425E-02,8.682659386425E-02,0.992432509139
    ));
#84 = PCURVE('',#54,#85);
#85 = DEFINITIONAL_REPRESENTATION('',(#86),#90);
#86 = LINE('',#87,#88);
#87 = CARTESIAN_POINT('',(-3.446781376347,-39.54738113272));
#88 = VECTOR('',#89,1.);
#89 = DIRECTION('',(0.996223440097,-8.682659386425E-02));
#90 = ( GEOMETRIC_REPRESENTATION_CONTEXT(2) 
PARAMETRIC_REPRESENTATION_CONTEXT() REPRESENTATION_CONTEXT('2D SPACE',''
  ) );
#91 = PCURVE('',#92,#97);
#92 = CYLINDRICAL_SURFACE('',#93,40.);
#93 = AXIS2_PLACEMENT_3D('',#94,#95,#96);
#94 = CARTESIAN_POINT('',(-510.4526188672,-310.4526188672,
    -6.919895042505));
#95 = DIRECTION('',(8.682659386425E-02,8.682659386425E-02,0.992432509139
    ));
#96 = DIRECTION('',(-0.996194698092,0.,8.715574274766E-02));
#97 = DEFINITIONAL_REPRESENTATION('',(#98),#102);
#98 = LINE('',#99,#100);
#99 = CARTESIAN_POINT('',(0.,0.));
#100 = VECTOR('',#101,1.);
#101 = DIRECTION('',(0.,1.));
#102 = ( GEOMETRIC_REPRESENTATION_CONTEXT(2) 
PARAMETRIC_REPRESENTATION_CONTEXT() REPRESENTATION_CONTEXT('2D SPACE',''
  ) );
#103 = ORIENTED_EDGE('',*,*,#104,.T.);
#104 = EDGE_CURVE('',#77,#105,#107,.T.);
#105 = VERTEX_POINT('',#106);
#106 = CARTESIAN_POINT('',(-548.5732929553,308.72550503166,
    16.307336141215));
#107 = SURFACE_CURVE('',#108,(#112,#119),.PCURVE_S1.);
#108 = LINE('',#109,#110);
#109 = CARTESIAN_POINT('',(-548.5732929553,-350.,16.307336141215));
#110 = VECTOR('',#111,1.);
#111 = DIRECTION('',(-0.,1.,-0.));
#112 = PCURVE('',#54,#113);
#113 = DEFINITIONAL_REPRESENTATION('',(#114),#118);
#114 = LINE('',#115,#116);
#115 = CARTESIAN_POINT('',(16.369627516039,0.));
#116 = VECTOR('',#117,1.);
#117 = DIRECTION('',(0.,-1.));
#118 = ( GEOMETRIC_REPRESENTATION_CONTEXT(2) 
PARAMETRIC_REPRESENTATION_CONTEXT() REPRESENTATION_CONTEXT('2D SPACE',''
  ) );
#119 = PCURVE('',#120,#125);
#120 = CYLINDRICAL_SURFACE('',#121,15.);
#121 = AXIS2_PLACEMENT_3D('',#122,#123,#124);
#122 = CARTESIAN_POINT('',(-533.6303724839,-350.,15.));
#123 = DIRECTION('',(-0.,1.,-0.));
#124 = DIRECTION('',(-0.996194698092,0.,8.715574274766E-02));
#125 = DEFINITIONAL_REPRESENTATION('',(#126),#130);
#126 = LINE('',#127,#128);
#127 = CARTESIAN_POINT('',(-0.,0.));
#128 = VECTOR('',#129,1.);
#129 = DIRECTION('',(-0.,1.));
#130 = ( GEOMETRIC_REPRESENTATION_CONTEXT(2) 
PARAMETRIC_REPRESENTATION_CONTEXT() REPRESENTATION_CONTEXT('2D SPACE',''
  ) );
#131 = ORIENTED_EDGE('',*,*,#132,.T.);
#132 = EDGE_CURVE('',#105,#46,#133,.T.);
#133 = SURFACE_CURVE('',#134,(#138,#145),.PCURVE_S1.);
#134 = LINE('',#135,#136);
#135 = CARTESIAN_POINT('',(-550.3004067909,310.45261886727,
    -3.433665332599));
#136 = VECTOR('',#137,1.);
#137 = DIRECTION('',(8.682659386425E-02,-8.682659386425E-02,
    0.992432509139));
#138 = PCURVE('',#54,#139);
#139 = DEFINITIONAL_REPRESENTATION('',(#140),#144);
#140 = LINE('',#141,#142);
#141 = CARTESIAN_POINT('',(-3.446781376347,-660.4526188672));
#142 = VECTOR('',#143,1.);
#143 = DIRECTION('',(0.996223440097,8.682659386425E-02));
#144 = ( GEOMETRIC_REPRESENTATION_CONTEXT(2) 
PARAMETRIC_REPRESENTATION_CONTEXT() REPRESENTATION_CONTEXT('2D SPACE',''
  ) );
#145 = PCURVE('',#146,#151);
#146 = CYLINDRICAL_SURFACE('',#147,40.);
#147 = AXIS2_PLACEMENT_3D('',#148,#149,#150);
#148 = CARTESIAN_POINT('',(-510.4526188672,310.45261886727,
    -6.919895042505));
#149 = DIRECTION('',(8.682659386425E-02,-8.682659386425E-02,
    0.992432509139));
#150 = DIRECTION('',(-0.996194698092,0.,8.715574274766E-02));
#151 = DEFINITIONAL_REPRESENTATION('',(#152),#156);
#152 = LINE('',#153,#154);
#153 = CARTESIAN_POINT('',(-0.,0.));
#154 = VECTOR('',#155,1.);
#155 = DIRECTION('',(-0.,1.));
#156 = ( GEOMETRIC_REPRESENTATION_CONTEXT(2) 
PARAMETRIC_REPRESENTATION_CONTEXT() REPRESENTATION_CONTEXT('2D SPACE',''
  ) );
#157 = ADVANCED_FACE('',(#158),#92,.T.);
#158 = FACE_BOUND('',#159,.T.);
#159 = EDGE_LOOP('',(#160,#161,#225,#253));
#160 = ORIENTED_EDGE('',*,*,#76,.F.);
#161 = ORIENTED_EDGE('',*,*,#162,.T.);
#162 = EDGE_CURVE('',#77,#163,#165,.T.);
#163 = VERTEX_POINT('',#164);
#164 = CARTESIAN_POINT('',(-508.7255050316,-348.5732929553,
    16.307336141215));
#165 = SURFACE_CURVE('',#166,(#176,#190),.PCURVE_S1.);
#166 = ( BOUNDED_CURVE() B_SPLINE_CURVE(8,(#167,#168,#169,#170,#171,#172
,#173,#174,#175),.UNSPECIFIED.,.F.,.F.) B_SPLINE_CURVE_WITH_KNOTS((9,9),
(1.428463846293E-15,1.570796326795),.PIECEWISE_BEZIER_KNOTS.) CURVE() 
GEOMETRIC_REPRESENTATION_ITEM() RATIONAL_B_SPLINE_CURVE((1.,1.,1.,1.,1.,
1.,1.,1.,1.)) REPRESENTATION_ITEM('') );
#167 = CARTESIAN_POINT('',(-548.5732929553,-308.7255050316,
    16.307336141215));
#168 = CARTESIAN_POINT('',(-548.5511109694,-316.5495998943,
    16.560877399795));
#169 = CARTESIAN_POINT('',(-546.7815302741,-324.3637597557,
    16.757311202786));
#170 = CARTESIAN_POINT('',(-543.2672193123,-331.7147205681,
    16.881993368324));
#171 = CARTESIAN_POINT('',(-538.1500048794,-338.1500048795,
    16.924819647958));
#172 = CARTESIAN_POINT('',(-531.7147205681,-343.2672193123,
    16.881993368324));
#173 = CARTESIAN_POINT('',(-524.3637597557,-346.7815302741,
    16.757311202786));
#174 = CARTESIAN_POINT('',(-516.5495998943,-348.5511109694,
    16.560877399795));
#175 = CARTESIAN_POINT('',(-508.7255050316,-348.5732929553,
    16.307336141215));
#176 = PCURVE('',#92,#177);
#177 = DEFINITIONAL_REPRESENTATION('',(#178),#189);
#178 = B_SPLINE_CURVE_WITH_KNOTS('',9,(#179,#180,#181,#182,#183,#184,
    #185,#186,#187,#188),.UNSPECIFIED.,.F.,.F.,(10,10),(
    1.428463846293E-15,1.570796326795),.PIECEWISE_BEZIER_KNOTS.);
#179 = CARTESIAN_POINT('',(-1.110223024625E-16,19.891530448696));
#180 = CARTESIAN_POINT('',(0.173703220311,19.513049619098));
#181 = CARTESIAN_POINT('',(0.347375103807,19.209163680773));
#182 = CARTESIAN_POINT('',(0.521048980442,18.996267383132));
#183 = CARTESIAN_POINT('',(0.694749601134,18.886504260115));
#184 = CARTESIAN_POINT('',(0.868450529115,18.886504260091));
#185 = CARTESIAN_POINT('',(1.042151149806,18.996267383148));
#186 = CARTESIAN_POINT('',(1.215825026441,19.209163680765));
#187 = CARTESIAN_POINT('',(1.389496909937,19.5130496191));
#188 = CARTESIAN_POINT('',(1.563200130248,19.891530448696));
#189 = ( GEOMETRIC_REPRESENTATION_CONTEXT(2) 
PARAMETRIC_REPRESENTATION_CONTEXT() REPRESENTATION_CONTEXT('2D SPACE',''
  ) );
#190 = PCURVE('',#191,#219);
#191 = ( BOUNDED_SURFACE() B_SPLINE_SURFACE(2,8,(
    (#192,#193,#194,#195,#196,#197,#198,#199,#200)
    ,(#201,#202,#203,#204,#205,#206,#207,#208,#209)
    ,(#210,#211,#212,#213,#214,#215,#216,#217,#218
)),.UNSPECIFIED.,.F.,.F.,.F.) B_SPLINE_SURFACE_WITH_KNOTS((3,3),(9,9),(
    0.,1.570796326795),(1.428463846293E-15,1.570796326795),
.PIECEWISE_BEZIER_KNOTS.) GEOMETRIC_REPRESENTATION_ITEM() 
RATIONAL_B_SPLINE_SURFACE((
    (1.,1.,1.,1.,1.,1.,1.,1.,1.)
    ,(0.675590207616,0.669335398716,0.664423223634,0.661264806405
      ,0.660167864747,0.661264806405,0.664423223634,0.669335398716
      ,0.675590207616)
,(1.,1.,1.,1.,1.,1.,1.,1.,1.))) REPRESENTATION_ITEM('') SURFACE() );
#192 = CARTESIAN_POINT('',(-533.6303724839,-308.7255050316,0.));
#193 = CARTESIAN_POINT('',(-533.6303724839,-313.6155643208,
    8.881784197001E-15));
#194 = CARTESIAN_POINT('',(-532.5413047163,-318.5056778374,
    -3.730349362741E-14));
#195 = CARTESIAN_POINT('',(-530.3569403068,-323.1146378666,
    8.171241461241E-14));
#196 = CARTESIAN_POINT('',(-527.1553169894,-327.1553169894,
    -1.225686219186E-13));
#197 = CARTESIAN_POINT('',(-523.1146378666,-330.3569403068,
    1.367794766338E-13));
#198 = CARTESIAN_POINT('',(-518.5056778374,-332.5413047163,
    -9.769962616701E-14));
#199 = CARTESIAN_POINT('',(-513.6155643208,-333.6303724839,
    3.730349362741E-14));
#200 = CARTESIAN_POINT('',(-508.7255050316,-333.6303724839,0.));
#201 = CARTESIAN_POINT('',(-550.,-308.7255050316,3.552713678801E-15));
#202 = CARTESIAN_POINT('',(-550.2814150244,-316.9054656005,
    3.19744231092E-14));
#203 = CARTESIAN_POINT('',(-548.6629015803,-325.1592293979,
    -1.190159082398E-13));
#204 = CARTESIAN_POINT('',(-545.1099225885,-332.9588019372,
    1.42108547152E-13));
#205 = CARTESIAN_POINT('',(-539.7664041983,-339.7664041983,
    -9.414691248821E-14));
#206 = CARTESIAN_POINT('',(-532.9588019372,-345.1099225885,
    5.151434834261E-14));
#207 = CARTESIAN_POINT('',(-525.1592293979,-348.6629015803,
    -4.796163466381E-14));
#208 = CARTESIAN_POINT('',(-516.9054656005,-350.2814150244,
    2.30926389122E-14));
#209 = CARTESIAN_POINT('',(-508.7255050316,-350.,3.552713678801E-15));
#210 = CARTESIAN_POINT('',(-548.5732929553,-308.7255050316,
    16.307336141215));
#211 = CARTESIAN_POINT('',(-548.5511109694,-316.5495998943,
    16.560877399795));
#212 = CARTESIAN_POINT('',(-546.7815302741,-324.3637597557,
    16.757311202786));
#213 = CARTESIAN_POINT('',(-543.2672193123,-331.7147205681,
    16.881993368324));
#214 = CARTESIAN_POINT('',(-538.1500048794,-338.1500048795,
    16.924819647958));
#215 = CARTESIAN_POINT('',(-531.7147205681,-343.2672193123,
    16.881993368324));
#216 = CARTESIAN_POINT('',(-524.3637597557,-346.7815302741,
    16.757311202786));
#217 = CARTESIAN_POINT('',(-516.5495998943,-348.5511109694,
    16.560877399795));
#218 = CARTESIAN_POINT('',(-508.7255050316,-348.5732929553,
    16.307336141215));
#219 = DEFINITIONAL_REPRESENTATION('',(#220),#224);
#220 = LINE('',#221,#222);
#221 = CARTESIAN_POINT('',(1.570796326795,0.));
#222 = VECTOR('',#223,1.);
#223 = DIRECTION('',(0.,1.));
#224 = ( GEOMETRIC_REPRESENTATION_CONTEXT(2) 
PARAMETRIC_REPRESENTATION_CONTEXT() REPRESENTATION_CONTEXT('2D SPACE',''
  ) );
#225 = ORIENTED_EDGE('',*,*,#226,.T.);
#226 = EDGE_CURVE('',#163,#227,#229,.T.);
#227 = VERTEX_POINT('',#228);
#228 = CARTESIAN_POINT('',(-499.6535724532,-339.5013603768,120.));
#229 = SURFACE_CURVE('',#230,(#234,#241),.PCURVE_S1.);
#230 = LINE('',#231,#232);
#231 = CARTESIAN_POINT('',(-510.4526188672,-350.3004067909,
    -3.433665332599));
#232 = VECTOR('',#233,1.);
#233 = DIRECTION('',(8.682659386425E-02,8.682659386425E-02,
    0.992432509139));
#234 = PCURVE('',#92,#235);
#235 = DEFINITIONAL_REPRESENTATION('',(#236),#240);
#236 = LINE('',#237,#238);
#237 = CARTESIAN_POINT('',(1.563200130248,0.));
#238 = VECTOR('',#239,1.);
#239 = DIRECTION('',(0.,1.));
#240 = ( GEOMETRIC_REPRESENTATION_CONTEXT(2) 
PARAMETRIC_REPRESENTATION_CONTEXT() REPRESENTATION_CONTEXT('2D SPACE',''
  ) );
#241 = PCURVE('',#242,#247);
#242 = PLANE('',#243);
#243 = AXIS2_PLACEMENT_3D('',#244,#245,#246);
#244 = CARTESIAN_POINT('',(-550.,-350.,0.));
#245 = DIRECTION('',(0.,0.996194698092,-8.715574274766E-02));
#246 = DIRECTION('',(0.,8.715574274766E-02,0.996194698092));
#247 = DEFINITIONAL_REPRESENTATION('',(#248),#252);
#248 = LINE('',#249,#250);
#249 = CARTESIAN_POINT('',(-3.446781376347,39.547381132725));
#250 = VECTOR('',#251,1.);
#251 = DIRECTION('',(0.996223440097,8.682659386425E-02));
#252 = ( GEOMETRIC_REPRESENTATION_CONTEXT(2) 
PARAMETRIC_REPRESENTATION_CONTEXT() REPRESENTATION_CONTEXT('2D SPACE',''
  ) );
#253 = ORIENTED_EDGE('',*,*,#254,.F.);
#254 = EDGE_CURVE('',#44,#227,#255,.T.);
#255 = SURFACE_CURVE('',#256,(#261,#272),.PCURVE_S1.);
#256 = ELLIPSE('',#257,40.305007778014,40.);
#257 = AXIS2_PLACEMENT_3D('',#258,#259,#260);
#258 = CARTESIAN_POINT('',(-499.3485668751,-299.3485668751,120.));
#259 = DIRECTION('',(0.,0.,1.));
#260 = DIRECTION('',(0.707106781187,0.707106781187,-0.));
#261 = PCURVE('',#92,#262);
#262 = DEFINITIONAL_REPRESENTATION('',(#263),#271);
#263 = B_SPLINE_CURVE_WITH_KNOTS('',6,(#264,#265,#266,#267,#268,#269,
    #270),.UNSPECIFIED.,.F.,.F.,(7,7),(2.359992588466,3.923192718714),
  .PIECEWISE_BEZIER_KNOTS.);
#264 = CARTESIAN_POINT('',(1.110223024625E-16,124.37487103247));
#265 = CARTESIAN_POINT('',(0.260533355041,123.46659190971));
#266 = CARTESIAN_POINT('',(0.52106670942,122.84445149096));
#267 = CARTESIAN_POINT('',(0.781600065124,122.6193307528));
#268 = CARTESIAN_POINT('',(1.042133420828,122.84445149096));
#269 = CARTESIAN_POINT('',(1.302666775207,123.46659190971));
#270 = CARTESIAN_POINT('',(1.563200130248,124.37487103247));
#271 = ( GEOMETRIC_REPRESENTATION_CONTEXT(2) 
PARAMETRIC_REPRESENTATION_CONTEXT() REPRESENTATION_CONTEXT('2D SPACE',''
  ) );
#272 = PCURVE('',#65,#273);
#273 = DEFINITIONAL_REPRESENTATION('',(#274),#278);
#274 = ELLIPSE('',#275,40.305007778014,40.);
#275 = AXIS2_PLACEMENT_2D('',#276,#277);
#276 = CARTESIAN_POINT('',(50.651433124845,50.651433124845));
#277 = DIRECTION('',(0.707106781187,0.707106781187));
#278 = ( GEOMETRIC_REPRESENTATION_CONTEXT(2) 
PARAMETRIC_REPRESENTATION_CONTEXT() REPRESENTATION_CONTEXT('2D SPACE',''
  ) );
#279 = ADVANCED_FACE('',(#280),#146,.T.);
#280 = FACE_BOUND('',#281,.F.);
#281 = EDGE_LOOP('',(#282,#283,#347,#375));
#282 = ORIENTED_EDGE('',*,*,#132,.F.);
#283 = ORIENTED_EDGE('',*,*,#284,.T.);
#284 = EDGE_CURVE('',#105,#285,#287,.T.);
#285 = VERTEX_POINT('',#286);
#286 = CARTESIAN_POINT('',(-508.7255050316,348.57329295533,
    16.307336141215));
#287 = SURFACE_CURVE('',#288,(#298,#312),.PCURVE_S1.);
#288 = ( BOUNDED_CURVE() B_SPLINE_CURVE(8,(#289,#290,#291,#292,#293,#294
,#295,#296,#297),.UNSPECIFIED.,.F.,.F.) B_SPLINE_CURVE_WITH_KNOTS((9,9),
(0.,1.570796326795),.PIECEWISE_BEZIER_KNOTS.) CURVE() 
GEOMETRIC_REPRESENTATION_ITEM() RATIONAL_B_SPLINE_CURVE((1.,1.,1.,1.,1.,
1.,1.,1.,1.)) REPRESENTATION_ITEM('') );
#289 = CARTESIAN_POINT('',(-548.5732929553,308.72550503166,
    16.307336141215));
#290 = CARTESIAN_POINT('',(-548.5511109694,316.54959989434,
    16.560877399795));
#291 = CARTESIAN_POINT('',(-546.7815302741,324.36375975574,
    16.757311202786));
#292 = CARTESIAN_POINT('',(-543.2672193123,331.71472056813,
    16.881993368324));
#293 = CARTESIAN_POINT('',(-538.1500048795,338.1500048795,
    16.924819647957));
#294 = CARTESIAN_POINT('',(-531.7147205681,343.26721931231,
    16.881993368324));
#295 = CARTESIAN_POINT('',(-524.3637597557,346.78153027414,
    16.757311202786));
#296 = CARTESIAN_POINT('',(-516.5495998943,348.55111096947,
    16.560877399795));
#297 = CARTESIAN_POINT('',(-508.7255050316,348.57329295533,
    16.307336141215));
#298 = PCURVE('',#146,#299);
#299 = DEFINITIONAL_REPRESENTATION('',(#300),#311);
#300 = B_SPLINE_CURVE_WITH_KNOTS('',9,(#301,#302,#303,#304,#305,#306,
    #307,#308,#309,#310),.UNSPECIFIED.,.F.,.F.,(10,10),(0.,
    1.570796326795),.PIECEWISE_BEZIER_KNOTS.);
#301 = CARTESIAN_POINT('',(1.110223024625E-16,19.891530448696));
#302 = CARTESIAN_POINT('',(-0.173703220311,19.5130496191));
#303 = CARTESIAN_POINT('',(-0.347375103807,19.209163680766));
#304 = CARTESIAN_POINT('',(-0.521048980442,18.996267383146));
#305 = CARTESIAN_POINT('',(-0.694749601133,18.886504260094));
#306 = CARTESIAN_POINT('',(-0.868450529115,18.88650426011));
#307 = CARTESIAN_POINT('',(-1.042151149806,18.996267383135));
#308 = CARTESIAN_POINT('',(-1.215825026441,19.209163680771));
#309 = CARTESIAN_POINT('',(-1.389496909937,19.513049619098));
#310 = CARTESIAN_POINT('',(-1.563200130248,19.891530448696));
#311 = ( GEOMETRIC_REPRESENTATION_CONTEXT(2) 
PARAMETRIC_REPRESENTATION_CONTEXT() REPRESENTATION_CONTEXT('2D SPACE',''
  ) );
#312 = PCURVE('',#313,#341);
#313 = ( BOUNDED_SURFACE() B_SPLINE_SURFACE(2,8,(
    (#314,#315,#316,#317,#318,#319,#320,#321,#322)
    ,(#323,#324,#325,#326,#327,#328,#329,#330,#331)
    ,(#332,#333,#334,#335,#336,#337,#338,#339,#340
)),.UNSPECIFIED.,.F.,.F.,.F.) B_SPLINE_SURFACE_WITH_KNOTS((3,3),(9,9),(
    0.,1.570796326795),(0.,1.570796326795),.PIECEWISE_BEZIER_KNOTS.) 
GEOMETRIC_REPRESENTATION_ITEM() RATIONAL_B_SPLINE_SURFACE((
    (1.,1.,1.,1.,1.,1.,1.,1.,1.)
    ,(0.675590207616,0.669335398716,0.664423223634,0.661264806405
      ,0.660167864747,0.661264806405,0.664423223634,0.669335398716
      ,0.675590207616)
,(1.,1.,1.,1.,1.,1.,1.,1.,1.))) REPRESENTATION_ITEM('') SURFACE() );
#314 = CARTESIAN_POINT('',(-533.6303724839,308.72550503166,0.));
#315 = CARTESIAN_POINT('',(-533.6303724839,313.61556432083,
    -1.24344978758E-14));
#316 = CARTESIAN_POINT('',(-532.5413047163,318.50567783746,
    3.730349362741E-14));
#317 = CARTESIAN_POINT('',(-530.3569403068,323.11463786661,
    -7.283063041541E-14));
#318 = CARTESIAN_POINT('',(-527.1553169894,327.15531698941,
    9.414691248821E-14));
#319 = CARTESIAN_POINT('',(-523.1146378666,330.35694030681,
    -7.105427357601E-14));
#320 = CARTESIAN_POINT('',(-518.5056778374,332.5413047163,
    2.6645352591E-14));
#321 = CARTESIAN_POINT('',(-513.6155643208,333.63037248396,
    1.7763568394E-15));
#322 = CARTESIAN_POINT('',(-508.7255050316,333.63037248396,0.));
#323 = CARTESIAN_POINT('',(-550.,308.72550503166,3.552713678801E-15));
#324 = CARTESIAN_POINT('',(-550.2814150244,316.90546560053,
    -2.30926389122E-14));
#325 = CARTESIAN_POINT('',(-548.6629015803,325.15922939799,
    6.394884621841E-14));
#326 = CARTESIAN_POINT('',(-545.1099225885,332.95880193723,
    -4.973799150321E-14));
#327 = CARTESIAN_POINT('',(-539.7664041983,339.76640419838,
    -5.861977570021E-14));
#328 = CARTESIAN_POINT('',(-532.9588019372,345.10992258855,
    1.030286966852E-13));
#329 = CARTESIAN_POINT('',(-525.1592293979,348.66290158031,
    -5.861977570021E-14));
#330 = CARTESIAN_POINT('',(-516.9054656005,350.28141502445,
    1.7763568394E-14));
#331 = CARTESIAN_POINT('',(-508.7255050316,350.,1.7763568394E-15));
#332 = CARTESIAN_POINT('',(-548.5732929553,308.72550503166,
    16.307336141215));
#333 = CARTESIAN_POINT('',(-548.5511109694,316.54959989434,
    16.560877399795));
#334 = CARTESIAN_POINT('',(-546.7815302741,324.36375975574,
    16.757311202786));
#335 = CARTESIAN_POINT('',(-543.2672193123,331.71472056813,
    16.881993368324));
#336 = CARTESIAN_POINT('',(-538.1500048795,338.1500048795,
    16.924819647957));
#337 = CARTESIAN_POINT('',(-531.7147205681,343.26721931231,
    16.881993368324));
#338 = CARTESIAN_POINT('',(-524.3637597557,346.78153027414,
    16.757311202786));
#339 = CARTESIAN_POINT('',(-516.5495998943,348.55111096947,
    16.560877399795));
#340 = CARTESIAN_POINT('',(-508.7255050316,348.57329295533,
    16.307336141215));
#341 = DEFINITIONAL_REPRESENTATION('',(#342),#346);
#342 = LINE('',#343,#344);
#343 = CARTESIAN_POINT('',(1.570796326795,0.));
#344 = VECTOR('',#345,1.);
#345 = DIRECTION('',(0.,1.));
#346 = ( GEOMETRIC_REPRESENTATION_CONTEXT(2) 
PARAMETRIC_REPRESENTATION_CONTEXT() REPRESENTATION_CONTEXT('2D SPACE',''
  ) );
#347 = ORIENTED_EDGE('',*,*,#348,.T.);
#348 = EDGE_CURVE('',#285,#349,#351,.T.);
#349 = VERTEX_POINT('',#350);
#350 = CARTESIAN_POINT('',(-499.6535724532,339.50136037688,120.));
#351 = SURFACE_CURVE('',#352,(#356,#363),.PCURVE_S1.);
#352 = LINE('',#353,#354);
#353 = CARTESIAN_POINT('',(-510.4526188672,350.30040679094,
    -3.433665332599));
#354 = VECTOR('',#355,1.);
#355 = DIRECTION('',(8.682659386425E-02,-8.682659386425E-02,
    0.992432509139));
#356 = PCURVE('',#146,#357);
#357 = DEFINITIONAL_REPRESENTATION('',(#358),#362);
#358 = LINE('',#359,#360);
#359 = CARTESIAN_POINT('',(-1.563200130248,0.));
#360 = VECTOR('',#361,1.);
#361 = DIRECTION('',(-0.,1.));
#362 = ( GEOMETRIC_REPRESENTATION_CONTEXT(2) 
PARAMETRIC_REPRESENTATION_CONTEXT() REPRESENTATION_CONTEXT('2D SPACE',''
  ) );
#363 = PCURVE('',#364,#369);
#364 = PLANE('',#365);
#365 = AXIS2_PLACEMENT_3D('',#366,#367,#368);
#366 = CARTESIAN_POINT('',(-550.,350.,0.));
#367 = DIRECTION('',(0.,0.996194698092,8.715574274766E-02));
#368 = DIRECTION('',(0.,-8.715574274766E-02,0.996194698092));
#369 = DEFINITIONAL_REPRESENTATION('',(#370),#374);
#370 = LINE('',#371,#372);
#371 = CARTESIAN_POINT('',(-3.446781376347,39.547381132725));
#372 = VECTOR('',#373,1.);
#373 = DIRECTION('',(0.996223440097,8.682659386425E-02));
#374 = ( GEOMETRIC_REPRESENTATION_CONTEXT(2) 
PARAMETRIC_REPRESENTATION_CONTEXT() REPRESENTATION_CONTEXT('2D SPACE',''
  ) );
#375 = ORIENTED_EDGE('',*,*,#376,.F.);
#376 = EDGE_CURVE('',#46,#349,#377,.T.);
#377 = SURFACE_CURVE('',#378,(#383,#394),.PCURVE_S1.);
#378 = ELLIPSE('',#379,40.305007778014,40.);
#379 = AXIS2_PLACEMENT_3D('',#380,#381,#382);
#380 = CARTESIAN_POINT('',(-499.3485668751,299.34856687515,120.));
#381 = DIRECTION('',(0.,-0.,-1.));
#382 = DIRECTION('',(0.707106781187,-0.707106781187,0.));
#383 = PCURVE('',#146,#384);
#384 = DEFINITIONAL_REPRESENTATION('',(#385),#393);
#385 = B_SPLINE_CURVE_WITH_KNOTS('',6,(#386,#387,#388,#389,#390,#391,
    #392),.UNSPECIFIED.,.F.,.F.,(7,7),(2.359992588466,3.923192718714),
  .PIECEWISE_BEZIER_KNOTS.);
#386 = CARTESIAN_POINT('',(0.,124.37487103247));
#387 = CARTESIAN_POINT('',(-0.260533355041,123.46659190971));
#388 = CARTESIAN_POINT('',(-0.52106670942,122.84445149095));
#389 = CARTESIAN_POINT('',(-0.781600065124,122.6193307528));
#390 = CARTESIAN_POINT('',(-1.042133420828,122.84445149095));
#391 = CARTESIAN_POINT('',(-1.302666775207,123.46659190971));
#392 = CARTESIAN_POINT('',(-1.563200130248,124.37487103247));
#393 = ( GEOMETRIC_REPRESENTATION_CONTEXT(2) 
PARAMETRIC_REPRESENTATION_CONTEXT() REPRESENTATION_CONTEXT('2D SPACE',''
  ) );
#394 = PCURVE('',#65,#395);
#395 = DEFINITIONAL_REPRESENTATION('',(#396),#404);
#396 = ( BOUNDED_CURVE() B_SPLINE_CURVE(2,(#397,#398,#399,#400,#401,#402
,#403),.UNSPECIFIED.,.T.,.F.) B_SPLINE_CURVE_WITH_KNOTS((1,2,2,2,2,1),(
    -2.094395102393,0.,2.094395102393,4.188790204786,6.28318530718,
8.377580409573),.UNSPECIFIED.) CURVE() GEOMETRIC_REPRESENTATION_ITEM() 
RATIONAL_B_SPLINE_CURVE((1.,0.5,1.,0.5,1.,0.5,1.)) REPRESENTATION_ITEM(
  '') );
#397 = CARTESIAN_POINT('',(79.151377440455,620.84862255954));
#398 = CARTESIAN_POINT('',(30.161582584791,571.85882770388));
#399 = CARTESIAN_POINT('',(11.906563539208,639.10364160512));
#400 = CARTESIAN_POINT('',(-6.348455506376,706.34845550637));
#401 = CARTESIAN_POINT('',(60.896358394871,688.09343646079));
#402 = CARTESIAN_POINT('',(128.14117229611,669.8384174152));
#403 = CARTESIAN_POINT('',(79.151377440455,620.84862255954));
#404 = ( GEOMETRIC_REPRESENTATION_CONTEXT(2) 
PARAMETRIC_REPRESENTATION_CONTEXT() REPRESENTATION_CONTEXT('2D SPACE',''
  ) );
#405 = ADVANCED_FACE('',(#406),#120,.T.);
#406 = FACE_BOUND('',#407,.F.);
#407 = EDGE_LOOP('',(#408,#439,#467,#496));
#408 = ORIENTED_EDGE('',*,*,#409,.F.);
#409 = EDGE_CURVE('',#410,#77,#412,.T.);
#410 = VERTEX_POINT('',#411);
#411 = CARTESIAN_POINT('',(-533.6303724839,-308.7255050316,0.));
#412 = SURFACE_CURVE('',#413,(#417,#433),.PCURVE_S1.);
#413 = ( BOUNDED_CURVE() B_SPLINE_CURVE(2,(#414,#415,#416),
.UNSPECIFIED.,.F.,.F.) B_SPLINE_CURVE_WITH_KNOTS((3,3),(0.,
1.570796326795),.PIECEWISE_BEZIER_KNOTS.) CURVE() 
GEOMETRIC_REPRESENTATION_ITEM() RATIONAL_B_SPLINE_CURVE((1.,
0.675590207616,1.)) REPRESENTATION_ITEM('') );
#414 = CARTESIAN_POINT('',(-533.6303724839,-308.7255050316,0.));
#415 = CARTESIAN_POINT('',(-550.,-308.7255050316,3.552713678801E-15));
#416 = CARTESIAN_POINT('',(-548.5732929553,-308.7255050316,
    16.307336141215));
#417 = PCURVE('',#120,#418);
#418 = DEFINITIONAL_REPRESENTATION('',(#419),#432);
#419 = B_SPLINE_CURVE_WITH_KNOTS('',11,(#420,#421,#422,#423,#424,#425,
    #426,#427,#428,#429,#430,#431),.UNSPECIFIED.,.F.,.F.,(12,12),(0.,
    1.570796326795),.PIECEWISE_BEZIER_KNOTS.);
#420 = CARTESIAN_POINT('',(-1.658062789395,41.274494968333));
#421 = CARTESIAN_POINT('',(-1.52401236452,41.274494968334));
#422 = CARTESIAN_POINT('',(-1.381264416966,41.274494968324));
#423 = CARTESIAN_POINT('',(-1.230498440719,41.274494968356));
#424 = CARTESIAN_POINT('',(-1.073024440253,41.274494968288));
#425 = CARTESIAN_POINT('',(-0.910949048457,41.274494968395));
#426 = CARTESIAN_POINT('',(-0.74711374119,41.274494968269));
#427 = CARTESIAN_POINT('',(-0.585038348722,41.274494968382));
#428 = CARTESIAN_POINT('',(-0.427564348904,41.274494968305));
#429 = CARTESIAN_POINT('',(-0.276798372378,41.274494968344));
#430 = CARTESIAN_POINT('',(-0.134050424875,41.27449496833));
#431 = CARTESIAN_POINT('',(-3.330669073875E-16,41.274494968333));
#432 = ( GEOMETRIC_REPRESENTATION_CONTEXT(2) 
PARAMETRIC_REPRESENTATION_CONTEXT() REPRESENTATION_CONTEXT('2D SPACE',''
  ) );
#433 = PCURVE('',#191,#434);
#434 = DEFINITIONAL_REPRESENTATION('',(#435),#438);
#435 = B_SPLINE_CURVE_WITH_KNOTS('',1,(#436,#437),.UNSPECIFIED.,.F.,.F.,
  (2,2),(0.,1.570796326795),.PIECEWISE_BEZIER_KNOTS.);
#436 = CARTESIAN_POINT('',(0.,1.428463846293E-15));
#437 = CARTESIAN_POINT('',(1.570796326795,1.428463846293E-15));
#438 = ( GEOMETRIC_REPRESENTATION_CONTEXT(2) 
PARAMETRIC_REPRESENTATION_CONTEXT() REPRESENTATION_CONTEXT('2D SPACE',''
  ) );
#439 = ORIENTED_EDGE('',*,*,#440,.T.);
#440 = EDGE_CURVE('',#410,#441,#443,.T.);
#441 = VERTEX_POINT('',#442);
#442 = CARTESIAN_POINT('',(-533.6303724839,308.72550503166,0.));
#443 = SURFACE_CURVE('',#444,(#448,#455),.PCURVE_S1.);
#444 = LINE('',#445,#446);
#445 = CARTESIAN_POINT('',(-533.6303724839,-350.,0.));
#446 = VECTOR('',#447,1.);
#447 = DIRECTION('',(-0.,1.,-0.));
#448 = PCURVE('',#120,#449);
#449 = DEFINITIONAL_REPRESENTATION('',(#450),#454);
#450 = LINE('',#451,#452);
#451 = CARTESIAN_POINT('',(-1.658062789395,0.));
#452 = VECTOR('',#453,1.);
#453 = DIRECTION('',(-0.,1.));
#454 = ( GEOMETRIC_REPRESENTATION_CONTEXT(2) 
PARAMETRIC_REPRESENTATION_CONTEXT() REPRESENTATION_CONTEXT('2D SPACE',''
  ) );
#455 = PCURVE('',#456,#461);
#456 = PLANE('',#457);
#457 = AXIS2_PLACEMENT_3D('',#458,#459,#460);
#458 = CARTESIAN_POINT('',(-550.,-350.,0.));
#459 = DIRECTION('',(0.,0.,1.));
#460 = DIRECTION('',(1.,0.,-0.));
#461 = DEFINITIONAL_REPRESENTATION('',(#462),#466);
#462 = LINE('',#463,#464);
#463 = CARTESIAN_POINT('',(16.369627516039,0.));
#464 = VECTOR('',#465,1.);
#465 = DIRECTION('',(0.,1.));
#466 = ( GEOMETRIC_REPRESENTATION_CONTEXT(2) 
PARAMETRIC_REPRESENTATION_CONTEXT() REPRESENTATION_CONTEXT('2D SPACE',''
  ) );
#467 = ORIENTED_EDGE('',*,*,#468,.T.);
#468 = EDGE_CURVE('',#441,#105,#469,.T.);
#469 = SURFACE_CURVE('',#470,(#474,#490),.PCURVE_S1.);
#470 = ( BOUNDED_CURVE() B_SPLINE_CURVE(2,(#471,#472,#473),
.UNSPECIFIED.,.F.,.F.) B_SPLINE_CURVE_WITH_KNOTS((3,3),(0.,
1.570796326795),.PIECEWISE_BEZIER_KNOTS.) CURVE() 
GEOMETRIC_REPRESENTATION_ITEM() RATIONAL_B_SPLINE_CURVE((1.,
0.675590207616,1.)) REPRESENTATION_ITEM('') );
#471 = CARTESIAN_POINT('',(-533.6303724839,308.72550503166,0.));
#472 = CARTESIAN_POINT('',(-550.,308.72550503166,3.552713678801E-15));
#473 = CARTESIAN_POINT('',(-548.5732929553,308.72550503166,
    16.307336141215));
#474 = PCURVE('',#120,#475);
#475 = DEFINITIONAL_REPRESENTATION('',(#476),#489);
#476 = B_SPLINE_CURVE_WITH_KNOTS('',11,(#477,#478,#479,#480,#481,#482,
    #483,#484,#485,#486,#487,#488),.UNSPECIFIED.,.F.,.F.,(12,12),(0.,
    1.570796326795),.PIECEWISE_BEZIER_KNOTS.);
#477 = CARTESIAN_POINT('',(-1.658062789395,658.72550503166));
#478 = CARTESIAN_POINT('',(-1.52401236452,658.72550503169));
#479 = CARTESIAN_POINT('',(-1.381264416966,658.72550503155));
#480 = CARTESIAN_POINT('',(-1.230498440718,658.72550503198));
#481 = CARTESIAN_POINT('',(-1.073024440255,658.72550503104));
#482 = CARTESIAN_POINT('',(-0.910949048455,658.72550503253));
#483 = CARTESIAN_POINT('',(-0.747113741192,658.72550503078));
#484 = CARTESIAN_POINT('',(-0.585038348721,658.72550503233));
#485 = CARTESIAN_POINT('',(-0.427564348905,658.7255050313));
#486 = CARTESIAN_POINT('',(-0.276798372378,658.7255050318));
#487 = CARTESIAN_POINT('',(-0.134050424875,658.72550503163));
#488 = CARTESIAN_POINT('',(-5.833614995285E-17,658.72550503166));
#489 = ( GEOMETRIC_REPRESENTATION_CONTEXT(2) 
PARAMETRIC_REPRESENTATION_CONTEXT() REPRESENTATION_CONTEXT('2D SPACE',''
  ) );
#490 = PCURVE('',#313,#491);
#491 = DEFINITIONAL_REPRESENTATION('',(#492),#495);
#492 = B_SPLINE_CURVE_WITH_KNOTS('',1,(#493,#494),.UNSPECIFIED.,.F.,.F.,
  (2,2),(0.,1.570796326795),.PIECEWISE_BEZIER_KNOTS.);
#493 = CARTESIAN_POINT('',(0.,0.));
#494 = CARTESIAN_POINT('',(1.570796326795,0.));
#495 = ( GEOMETRIC_REPRESENTATION_CONTEXT(2) 
PARAMETRIC_REPRESENTATION_CONTEXT() REPRESENTATION_CONTEXT('2D SPACE',''
  ) );
#496 = ORIENTED_EDGE('',*,*,#104,.F.);
#497 = ADVANCED_FACE('',(#498),#242,.F.);
#498 = FACE_BOUND('',#499,.F.);
#499 = EDGE_LOOP('',(#500,#521,#549,#575));
#500 = ORIENTED_EDGE('',*,*,#501,.T.);
#501 = EDGE_CURVE('',#227,#502,#504,.T.);
#502 = VERTEX_POINT('',#503);
#503 = CARTESIAN_POINT('',(499.65357245321,-339.5013603768,120.));
#504 = SURFACE_CURVE('',#505,(#509,#515),.PCURVE_S1.);
#505 = LINE('',#506,#507);
#506 = CARTESIAN_POINT('',(-550.,-339.5013603768,120.));
#507 = VECTOR('',#508,1.);
#508 = DIRECTION('',(1.,-0.,0.));
#509 = PCURVE('',#242,#510);
#510 = DEFINITIONAL_REPRESENTATION('',(#511),#514);
#511 = B_SPLINE_CURVE_WITH_KNOTS('',1,(#512,#513),.UNSPECIFIED.,.F.,.F.,
  (2,2),(10.498639623111,1.089501360377E+03),.PIECEWISE_BEZIER_KNOTS.);
#512 = CARTESIAN_POINT('',(120.4583805052,10.498639623111));
#513 = CARTESIAN_POINT('',(120.4583805052,1.089501360377E+03));
#514 = ( GEOMETRIC_REPRESENTATION_CONTEXT(2) 
PARAMETRIC_REPRESENTATION_CONTEXT() REPRESENTATION_CONTEXT('2D SPACE',''
  ) );
#515 = PCURVE('',#65,#516);
#516 = DEFINITIONAL_REPRESENTATION('',(#517),#520);
#517 = B_SPLINE_CURVE_WITH_KNOTS('',1,(#518,#519),.UNSPECIFIED.,.F.,.F.,
  (2,2),(10.498639623111,1.089501360377E+03),.PIECEWISE_BEZIER_KNOTS.);
#518 = CARTESIAN_POINT('',(10.498639623111,10.498639623111));
#519 = CARTESIAN_POINT('',(1.089501360377E+03,10.498639623111));
#520 = ( GEOMETRIC_REPRESENTATION_CONTEXT(2) 
PARAMETRIC_REPRESENTATION_CONTEXT() REPRESENTATION_CONTEXT('2D SPACE',''
  ) );
#521 = ORIENTED_EDGE('',*,*,#522,.F.);
#522 = EDGE_CURVE('',#523,#502,#525,.T.);
#523 = VERTEX_POINT('',#524);
#524 = CARTESIAN_POINT('',(508.72550503166,-348.5732929553,
    16.307336141215));
#525 = SURFACE_CURVE('',#526,(#530,#537),.PCURVE_S1.);
#526 = LINE('',#527,#528);
#527 = CARTESIAN_POINT('',(510.45261886727,-350.3004067909,
    -3.433665332599));
#528 = VECTOR('',#529,1.);
#529 = DIRECTION('',(-8.682659386425E-02,8.682659386425E-02,
    0.992432509139));
#530 = PCURVE('',#242,#531);
#531 = DEFINITIONAL_REPRESENTATION('',(#532),#536);
#532 = LINE('',#533,#534);
#533 = CARTESIAN_POINT('',(-3.446781376347,1.060452618867E+03));
#534 = VECTOR('',#535,1.);
#535 = DIRECTION('',(0.996223440097,-8.682659386425E-02));
#536 = ( GEOMETRIC_REPRESENTATION_CONTEXT(2) 
PARAMETRIC_REPRESENTATION_CONTEXT() REPRESENTATION_CONTEXT('2D SPACE',''
  ) );
#537 = PCURVE('',#538,#543);
#538 = CYLINDRICAL_SURFACE('',#539,40.);
#539 = AXIS2_PLACEMENT_3D('',#540,#541,#542);
#540 = CARTESIAN_POINT('',(510.45261886727,-310.4526188672,
    -6.919895042505));
#541 = DIRECTION('',(-8.682659386425E-02,8.682659386425E-02,
    0.992432509139));
#542 = DIRECTION('',(0.996194698092,0.,8.715574274766E-02));
#543 = DEFINITIONAL_REPRESENTATION('',(#544),#548);
#544 = LINE('',#545,#546);
#545 = CARTESIAN_POINT('',(-1.563200130248,0.));
#546 = VECTOR('',#547,1.);
#547 = DIRECTION('',(-0.,1.));
#548 = ( GEOMETRIC_REPRESENTATION_CONTEXT(2) 
PARAMETRIC_REPRESENTATION_CONTEXT() REPRESENTATION_CONTEXT('2D SPACE',''
  ) );
#549 = ORIENTED_EDGE('',*,*,#550,.F.);
#550 = EDGE_CURVE('',#163,#523,#551,.T.);
#551 = SURFACE_CURVE('',#552,(#556,#563),.PCURVE_S1.);
#552 = LINE('',#553,#554);
#553 = CARTESIAN_POINT('',(-550.,-348.5732929553,16.307336141215));
#554 = VECTOR('',#555,1.);
#555 = DIRECTION('',(1.,-0.,0.));
#556 = PCURVE('',#242,#557);
#557 = DEFINITIONAL_REPRESENTATION('',(#558),#562);
#558 = LINE('',#559,#560);
#559 = CARTESIAN_POINT('',(16.369627516039,0.));
#560 = VECTOR('',#561,1.);
#561 = DIRECTION('',(0.,1.));
#562 = ( GEOMETRIC_REPRESENTATION_CONTEXT(2) 
PARAMETRIC_REPRESENTATION_CONTEXT() REPRESENTATION_CONTEXT('2D SPACE',''
  ) );
#563 = PCURVE('',#564,#569);
#564 = CYLINDRICAL_SURFACE('',#565,15.);
#565 = AXIS2_PLACEMENT_3D('',#566,#567,#568);
#566 = CARTESIAN_POINT('',(-550.,-333.6303724839,15.));
#567 = DIRECTION('',(1.,-0.,0.));
#568 = DIRECTION('',(-0.,-0.996194698092,8.715574274766E-02));
#569 = DEFINITIONAL_REPRESENTATION('',(#570),#574);
#570 = LINE('',#571,#572);
#571 = CARTESIAN_POINT('',(0.,0.));
#572 = VECTOR('',#573,1.);
#573 = DIRECTION('',(0.,1.));
#574 = ( GEOMETRIC_REPRESENTATION_CONTEXT(2) 
PARAMETRIC_REPRESENTATION_CONTEXT() REPRESENTATION_CONTEXT('2D SPACE',''
  ) );
#575 = ORIENTED_EDGE('',*,*,#226,.T.);
#576 = ADVANCED_FACE('',(#577),#364,.T.);
#577 = FACE_BOUND('',#578,.T.);
#578 = EDGE_LOOP('',(#579,#600,#628,#654));
#579 = ORIENTED_EDGE('',*,*,#580,.T.);
#580 = EDGE_CURVE('',#349,#581,#583,.T.);
#581 = VERTEX_POINT('',#582);
#582 = CARTESIAN_POINT('',(499.65357245321,339.50136037688,120.));
#583 = SURFACE_CURVE('',#584,(#588,#594),.PCURVE_S1.);
#584 = LINE('',#585,#586);
#585 = CARTESIAN_POINT('',(-550.,339.50136037688,120.));
#586 = VECTOR('',#587,1.);
#587 = DIRECTION('',(1.,0.,0.));
#588 = PCURVE('',#364,#589);
#589 = DEFINITIONAL_REPRESENTATION('',(#590),#593);
#590 = B_SPLINE_CURVE_WITH_KNOTS('',1,(#591,#592),.UNSPECIFIED.,.F.,.F.,
  (2,2),(10.498639623111,1.089501360377E+03),.PIECEWISE_BEZIER_KNOTS.);
#591 = CARTESIAN_POINT('',(120.4583805052,10.498639623111));
#592 = CARTESIAN_POINT('',(120.4583805052,1.089501360377E+03));
#593 = ( GEOMETRIC_REPRESENTATION_CONTEXT(2) 
PARAMETRIC_REPRESENTATION_CONTEXT() REPRESENTATION_CONTEXT('2D SPACE',''
  ) );
#594 = PCURVE('',#65,#595);
#595 = DEFINITIONAL_REPRESENTATION('',(#596),#599);
#596 = B_SPLINE_CURVE_WITH_KNOTS('',1,(#597,#598),.UNSPECIFIED.,.F.,.F.,
  (2,2),(10.498639623111,1.089501360377E+03),.PIECEWISE_BEZIER_KNOTS.);
#597 = CARTESIAN_POINT('',(10.498639623111,689.50136037688));
#598 = CARTESIAN_POINT('',(1.089501360377E+03,689.50136037688));
#599 = ( GEOMETRIC_REPRESENTATION_CONTEXT(2) 
PARAMETRIC_REPRESENTATION_CONTEXT() REPRESENTATION_CONTEXT('2D SPACE',''
  ) );
#600 = ORIENTED_EDGE('',*,*,#601,.F.);
#601 = EDGE_CURVE('',#602,#581,#604,.T.);
#602 = VERTEX_POINT('',#603);
#603 = CARTESIAN_POINT('',(508.72550503166,348.57329295533,
    16.307336141215));
#604 = SURFACE_CURVE('',#605,(#609,#616),.PCURVE_S1.);
#605 = LINE('',#606,#607);
#606 = CARTESIAN_POINT('',(510.45261886727,350.30040679094,
    -3.433665332599));
#607 = VECTOR('',#608,1.);
#608 = DIRECTION('',(-8.682659386425E-02,-8.682659386425E-02,
    0.992432509139));
#609 = PCURVE('',#364,#610);
#610 = DEFINITIONAL_REPRESENTATION('',(#611),#615);
#611 = LINE('',#612,#613);
#612 = CARTESIAN_POINT('',(-3.446781376347,1.060452618867E+03));
#613 = VECTOR('',#614,1.);
#614 = DIRECTION('',(0.996223440097,-8.682659386425E-02));
#615 = ( GEOMETRIC_REPRESENTATION_CONTEXT(2) 
PARAMETRIC_REPRESENTATION_CONTEXT() REPRESENTATION_CONTEXT('2D SPACE',''
  ) );
#616 = PCURVE('',#617,#622);
#617 = CYLINDRICAL_SURFACE('',#618,40.);
#618 = AXIS2_PLACEMENT_3D('',#619,#620,#621);
#619 = CARTESIAN_POINT('',(510.45261886727,310.45261886727,
    -6.919895042505));
#620 = DIRECTION('',(-8.682659386425E-02,-8.682659386425E-02,
    0.992432509139));
#621 = DIRECTION('',(0.996194698092,0.,8.715574274766E-02));
#622 = DEFINITIONAL_REPRESENTATION('',(#623),#627);
#623 = LINE('',#624,#625);
#624 = CARTESIAN_POINT('',(1.563200130248,0.));
#625 = VECTOR('',#626,1.);
#626 = DIRECTION('',(0.,1.));
#627 = ( GEOMETRIC_REPRESENTATION_CONTEXT(2) 
PARAMETRIC_REPRESENTATION_CONTEXT() REPRESENTATION_CONTEXT('2D SPACE',''
  ) );
#628 = ORIENTED_EDGE('',*,*,#629,.F.);
#629 = EDGE_CURVE('',#285,#602,#630,.T.);
#630 = SURFACE_CURVE('',#631,(#635,#642),.PCURVE_S1.);
#631 = LINE('',#632,#633);
#632 = CARTESIAN_POINT('',(-550.,348.57329295533,16.307336141215));
#633 = VECTOR('',#634,1.);
#634 = DIRECTION('',(1.,0.,0.));
#635 = PCURVE('',#364,#636);
#636 = DEFINITIONAL_REPRESENTATION('',(#637),#641);
#637 = LINE('',#638,#639);
#638 = CARTESIAN_POINT('',(16.369627516039,0.));
#639 = VECTOR('',#640,1.);
#640 = DIRECTION('',(0.,1.));
#641 = ( GEOMETRIC_REPRESENTATION_CONTEXT(2) 
PARAMETRIC_REPRESENTATION_CONTEXT() REPRESENTATION_CONTEXT('2D SPACE',''
  ) );
#642 = PCURVE('',#643,#648);
#643 = CYLINDRICAL_SURFACE('',#644,15.);
#644 = AXIS2_PLACEMENT_3D('',#645,#646,#647);
#645 = CARTESIAN_POINT('',(-550.,333.63037248396,15.));
#646 = DIRECTION('',(1.,0.,0.));
#647 = DIRECTION('',(-0.,0.996194698092,8.715574274766E-02));
#648 = DEFINITIONAL_REPRESENTATION('',(#649),#653);
#649 = LINE('',#650,#651);
#650 = CARTESIAN_POINT('',(-0.,0.));
#651 = VECTOR('',#652,1.);
#652 = DIRECTION('',(-0.,1.));
#653 = ( GEOMETRIC_REPRESENTATION_CONTEXT(2) 
PARAMETRIC_REPRESENTATION_CONTEXT() REPRESENTATION_CONTEXT('2D SPACE',''
  ) );
#654 = ORIENTED_EDGE('',*,*,#348,.T.);
#655 = ADVANCED_FACE('',(#656),#538,.T.);
#656 = FACE_BOUND('',#657,.F.);
#657 = EDGE_LOOP('',(#658,#688,#750,#751));
#658 = ORIENTED_EDGE('',*,*,#659,.F.);
#659 = EDGE_CURVE('',#660,#662,#664,.T.);
#660 = VERTEX_POINT('',#661);
#661 = CARTESIAN_POINT('',(548.57329295533,-308.7255050316,
    16.307336141215));
#662 = VERTEX_POINT('',#663);
#663 = CARTESIAN_POINT('',(539.50136037688,-299.6535724532,120.));
#664 = SURFACE_CURVE('',#665,(#669,#676),.PCURVE_S1.);
#665 = LINE('',#666,#667);
#666 = CARTESIAN_POINT('',(550.30040679094,-310.4526188672,
    -3.433665332599));
#667 = VECTOR('',#668,1.);
#668 = DIRECTION('',(-8.682659386425E-02,8.682659386425E-02,
    0.992432509139));
#669 = PCURVE('',#538,#670);
#670 = DEFINITIONAL_REPRESENTATION('',(#671),#675);
#671 = LINE('',#672,#673);
#672 = CARTESIAN_POINT('',(-0.,0.));
#673 = VECTOR('',#674,1.);
#674 = DIRECTION('',(-0.,1.));
#675 = ( GEOMETRIC_REPRESENTATION_CONTEXT(2) 
PARAMETRIC_REPRESENTATION_CONTEXT() REPRESENTATION_CONTEXT('2D SPACE',''
  ) );
#676 = PCURVE('',#677,#682);
#677 = PLANE('',#678);
#678 = AXIS2_PLACEMENT_3D('',#679,#680,#681);
#679 = CARTESIAN_POINT('',(550.,-350.,0.));
#680 = DIRECTION('',(0.996194698092,0.,8.715574274766E-02));
#681 = DIRECTION('',(-8.715574274766E-02,0.,0.996194698092));
#682 = DEFINITIONAL_REPRESENTATION('',(#683),#687);
#683 = LINE('',#684,#685);
#684 = CARTESIAN_POINT('',(-3.446781376347,-39.54738113272));
#685 = VECTOR('',#686,1.);
#686 = DIRECTION('',(0.996223440097,-8.682659386425E-02));
#687 = ( GEOMETRIC_REPRESENTATION_CONTEXT(2) 
PARAMETRIC_REPRESENTATION_CONTEXT() REPRESENTATION_CONTEXT('2D SPACE',''
  ) );
#688 = ORIENTED_EDGE('',*,*,#689,.T.);
#689 = EDGE_CURVE('',#660,#523,#690,.T.);
#690 = SURFACE_CURVE('',#691,(#701,#715),.PCURVE_S1.);
#691 = ( BOUNDED_CURVE() B_SPLINE_CURVE(8,(#692,#693,#694,#695,#696,#697
,#698,#699,#700),.UNSPECIFIED.,.F.,.F.) B_SPLINE_CURVE_WITH_KNOTS((9,9),
(1.428463846293E-15,1.570796326795),.PIECEWISE_BEZIER_KNOTS.) CURVE() 
GEOMETRIC_REPRESENTATION_ITEM() RATIONAL_B_SPLINE_CURVE((1.,1.,1.,1.,1.,
1.,1.,1.,1.)) REPRESENTATION_ITEM('') );
#692 = CARTESIAN_POINT('',(548.57329295533,-308.7255050316,
    16.307336141215));
#693 = CARTESIAN_POINT('',(548.55111096947,-316.5495998943,
    16.560877399795));
#694 = CARTESIAN_POINT('',(546.78153027414,-324.3637597557,
    16.757311202786));
#695 = CARTESIAN_POINT('',(543.26721931231,-331.7147205681,
    16.881993368325));
#696 = CARTESIAN_POINT('',(538.1500048795,-338.1500048795,
    16.924819647957));
#697 = CARTESIAN_POINT('',(531.71472056813,-343.2672193123,
    16.881993368325));
#698 = CARTESIAN_POINT('',(524.36375975574,-346.7815302741,
    16.757311202786));
#699 = CARTESIAN_POINT('',(516.54959989434,-348.5511109694,
    16.560877399795));
#700 = CARTESIAN_POINT('',(508.72550503166,-348.5732929553,
    16.307336141215));
#701 = PCURVE('',#538,#702);
#702 = DEFINITIONAL_REPRESENTATION('',(#703),#714);
#703 = B_SPLINE_CURVE_WITH_KNOTS('',9,(#704,#705,#706,#707,#708,#709,
    #710,#711,#712,#713),.UNSPECIFIED.,.F.,.F.,(10,10),(
    1.428463846293E-15,1.570796326795),.PIECEWISE_BEZIER_KNOTS.);
#704 = CARTESIAN_POINT('',(1.110223024625E-16,19.891530448696));
#705 = CARTESIAN_POINT('',(-0.173703220311,19.513049619099));
#706 = CARTESIAN_POINT('',(-0.347375103807,19.209163680769));
#707 = CARTESIAN_POINT('',(-0.521048980442,18.996267383141));
#708 = CARTESIAN_POINT('',(-0.694749601134,18.886504260102));
#709 = CARTESIAN_POINT('',(-0.868450529115,18.886504260103));
#710 = CARTESIAN_POINT('',(-1.042151149806,18.99626738314));
#711 = CARTESIAN_POINT('',(-1.215825026441,19.209163680769));
#712 = CARTESIAN_POINT('',(-1.389496909937,19.513049619099));
#713 = CARTESIAN_POINT('',(-1.563200130248,19.891530448696));
#714 = ( GEOMETRIC_REPRESENTATION_CONTEXT(2) 
PARAMETRIC_REPRESENTATION_CONTEXT() REPRESENTATION_CONTEXT('2D SPACE',''
  ) );
#715 = PCURVE('',#716,#744);
#716 = ( BOUNDED_SURFACE() B_SPLINE_SURFACE(2,8,(
    (#717,#718,#719,#720,#721,#722,#723,#724,#725)
    ,(#726,#727,#728,#729,#730,#731,#732,#733,#734)
    ,(#735,#736,#737,#738,#739,#740,#741,#742,#743
)),.UNSPECIFIED.,.F.,.F.,.F.) B_SPLINE_SURFACE_WITH_KNOTS((3,3),(9,9),(
    0.,1.570796326795),(1.428463846293E-15,1.570796326795),
.PIECEWISE_BEZIER_KNOTS.) GEOMETRIC_REPRESENTATION_ITEM() 
RATIONAL_B_SPLINE_SURFACE((
    (1.,1.,1.,1.,1.,1.,1.,1.,1.)
    ,(0.675590207616,0.669335398716,0.664423223634,0.661264806405
      ,0.660167864747,0.661264806405,0.664423223634,0.669335398716
      ,0.675590207616)
,(1.,1.,1.,1.,1.,1.,1.,1.,1.))) REPRESENTATION_ITEM('') SURFACE() );
#717 = CARTESIAN_POINT('',(533.63037248396,-308.7255050316,0.));
#718 = CARTESIAN_POINT('',(533.63037248396,-313.6155643208,
    2.13162820728E-14));
#719 = CARTESIAN_POINT('',(532.5413047163,-318.5056778374,
    -4.973799150321E-14));
#720 = CARTESIAN_POINT('',(530.35694030681,-323.1146378666,
    7.993605777301E-14));
#721 = CARTESIAN_POINT('',(527.15531698941,-327.1553169894,
    -7.815970093361E-14));
#722 = CARTESIAN_POINT('',(523.11463786661,-330.3569403068,
    6.572520305781E-14));
#723 = CARTESIAN_POINT('',(518.50567783746,-332.5413047163,
    -4.440892098501E-14));
#724 = CARTESIAN_POINT('',(513.61556432083,-333.6303724839,
    1.95399252334E-14));
#725 = CARTESIAN_POINT('',(508.72550503166,-333.6303724839,0.));
#726 = CARTESIAN_POINT('',(550.,-308.7255050316,3.552713678801E-15));
#727 = CARTESIAN_POINT('',(550.28141502445,-316.9054656005,
    -8.881784197001E-15));
#728 = CARTESIAN_POINT('',(548.66290158031,-325.1592293979,
    -1.7763568394E-15));
#729 = CARTESIAN_POINT('',(545.10992258856,-332.9588019372,
    2.6645352591E-14));
#730 = CARTESIAN_POINT('',(539.76640419838,-339.7664041983,
    -5.329070518201E-15));
#731 = CARTESIAN_POINT('',(532.95880193723,-345.1099225885,
    -3.907985046681E-14));
#732 = CARTESIAN_POINT('',(525.15922939799,-348.6629015803,
    2.6645352591E-14));
#733 = CARTESIAN_POINT('',(516.90546560053,-350.2814150244,
    -7.105427357601E-15));
#734 = CARTESIAN_POINT('',(508.72550503166,-350.,1.7763568394E-15));
#735 = CARTESIAN_POINT('',(548.57329295533,-308.7255050316,
    16.307336141215));
#736 = CARTESIAN_POINT('',(548.55111096947,-316.5495998943,
    16.560877399795));
#737 = CARTESIAN_POINT('',(546.78153027414,-324.3637597557,
    16.757311202786));
#738 = CARTESIAN_POINT('',(543.26721931231,-331.7147205681,
    16.881993368325));
#739 = CARTESIAN_POINT('',(538.1500048795,-338.1500048795,
    16.924819647957));
#740 = CARTESIAN_POINT('',(531.71472056813,-343.2672193123,
    16.881993368325));
#741 = CARTESIAN_POINT('',(524.36375975574,-346.7815302741,
    16.757311202786));
#742 = CARTESIAN_POINT('',(516.54959989434,-348.5511109694,
    16.560877399795));
#743 = CARTESIAN_POINT('',(508.72550503166,-348.5732929553,
    16.307336141215));
#744 = DEFINITIONAL_REPRESENTATION('',(#745),#749);
#745 = LINE('',#746,#747);
#746 = CARTESIAN_POINT('',(1.570796326795,0.));
#747 = VECTOR('',#748,1.);
#748 = DIRECTION('',(0.,1.));
#749 = ( GEOMETRIC_REPRESENTATION_CONTEXT(2) 
PARAMETRIC_REPRESENTATION_CONTEXT() REPRESENTATION_CONTEXT('2D SPACE',''
  ) );
#750 = ORIENTED_EDGE('',*,*,#522,.T.);
#751 = ORIENTED_EDGE('',*,*,#752,.F.);
#752 = EDGE_CURVE('',#662,#502,#753,.T.);
#753 = SURFACE_CURVE('',#754,(#759,#770),.PCURVE_S1.);
#754 = ELLIPSE('',#755,40.305007778014,40.);
#755 = AXIS2_PLACEMENT_3D('',#756,#757,#758);
#756 = CARTESIAN_POINT('',(499.34856687515,-299.3485668751,120.));
#757 = DIRECTION('',(-0.,0.,-1.));
#758 = DIRECTION('',(-0.707106781187,0.707106781187,0.));
#759 = PCURVE('',#538,#760);
#760 = DEFINITIONAL_REPRESENTATION('',(#761),#769);
#761 = B_SPLINE_CURVE_WITH_KNOTS('',6,(#762,#763,#764,#765,#766,#767,
    #768),.UNSPECIFIED.,.F.,.F.,(7,7),(2.359992588466,3.923192718714),
  .PIECEWISE_BEZIER_KNOTS.);
#762 = CARTESIAN_POINT('',(1.110223024625E-16,124.37487103247));
#763 = CARTESIAN_POINT('',(-0.260533355041,123.46659190971));
#764 = CARTESIAN_POINT('',(-0.52106670942,122.84445149096));
#765 = CARTESIAN_POINT('',(-0.781600065124,122.6193307528));
#766 = CARTESIAN_POINT('',(-1.042133420828,122.84445149096));
#767 = CARTESIAN_POINT('',(-1.302666775207,123.46659190971));
#768 = CARTESIAN_POINT('',(-1.563200130248,124.37487103247));
#769 = ( GEOMETRIC_REPRESENTATION_CONTEXT(2) 
PARAMETRIC_REPRESENTATION_CONTEXT() REPRESENTATION_CONTEXT('2D SPACE',''
  ) );
#770 = PCURVE('',#65,#771);
#771 = DEFINITIONAL_REPRESENTATION('',(#772),#780);
#772 = ( BOUNDED_CURVE() B_SPLINE_CURVE(2,(#773,#774,#775,#776,#777,#778
,#779),.UNSPECIFIED.,.T.,.F.) B_SPLINE_CURVE_WITH_KNOTS((1,2,2,2,2,1),(
    -2.094395102393,0.,2.094395102393,4.188790204786,6.28318530718,
8.377580409573),.UNSPECIFIED.) CURVE() GEOMETRIC_REPRESENTATION_ITEM() 
RATIONAL_B_SPLINE_CURVE((1.,0.5,1.,0.5,1.,0.5,1.)) REPRESENTATION_ITEM(
  '') );
#773 = CARTESIAN_POINT('',(1.02084862256E+03,79.151377440455));
#774 = CARTESIAN_POINT('',(1.069838417415E+03,128.14117229611));
#775 = CARTESIAN_POINT('',(1.088093436461E+03,60.896358394871));
#776 = CARTESIAN_POINT('',(1.106348455506E+03,-6.348455506376));
#777 = CARTESIAN_POINT('',(1.039103641605E+03,11.906563539208));
#778 = CARTESIAN_POINT('',(971.85882770388,30.161582584791));
#779 = CARTESIAN_POINT('',(1.02084862256E+03,79.151377440455));
#780 = ( GEOMETRIC_REPRESENTATION_CONTEXT(2) 
PARAMETRIC_REPRESENTATION_CONTEXT() REPRESENTATION_CONTEXT('2D SPACE',''
  ) );
#781 = ADVANCED_FACE('',(#782),#617,.T.);
#782 = FACE_BOUND('',#783,.T.);
#783 = EDGE_LOOP('',(#784,#809,#871,#872));
#784 = ORIENTED_EDGE('',*,*,#785,.F.);
#785 = EDGE_CURVE('',#786,#788,#790,.T.);
#786 = VERTEX_POINT('',#787);
#787 = CARTESIAN_POINT('',(548.57329295533,308.72550503166,
    16.307336141215));
#788 = VERTEX_POINT('',#789);
#789 = CARTESIAN_POINT('',(539.50136037688,299.65357245321,120.));
#790 = SURFACE_CURVE('',#791,(#795,#802),.PCURVE_S1.);
#791 = LINE('',#792,#793);
#792 = CARTESIAN_POINT('',(550.30040679094,310.45261886727,
    -3.433665332599));
#793 = VECTOR('',#794,1.);
#794 = DIRECTION('',(-8.682659386425E-02,-8.682659386425E-02,
    0.992432509139));
#795 = PCURVE('',#617,#796);
#796 = DEFINITIONAL_REPRESENTATION('',(#797),#801);
#797 = LINE('',#798,#799);
#798 = CARTESIAN_POINT('',(0.,0.));
#799 = VECTOR('',#800,1.);
#800 = DIRECTION('',(0.,1.));
#801 = ( GEOMETRIC_REPRESENTATION_CONTEXT(2) 
PARAMETRIC_REPRESENTATION_CONTEXT() REPRESENTATION_CONTEXT('2D SPACE',''
  ) );
#802 = PCURVE('',#677,#803);
#803 = DEFINITIONAL_REPRESENTATION('',(#804),#808);
#804 = LINE('',#805,#806);
#805 = CARTESIAN_POINT('',(-3.446781376347,-660.4526188672));
#806 = VECTOR('',#807,1.);
#807 = DIRECTION('',(0.996223440097,8.682659386425E-02));
#808 = ( GEOMETRIC_REPRESENTATION_CONTEXT(2) 
PARAMETRIC_REPRESENTATION_CONTEXT() REPRESENTATION_CONTEXT('2D SPACE',''
  ) );
#809 = ORIENTED_EDGE('',*,*,#810,.T.);
#810 = EDGE_CURVE('',#786,#602,#811,.T.);
#811 = SURFACE_CURVE('',#812,(#822,#836),.PCURVE_S1.);
#812 = ( BOUNDED_CURVE() B_SPLINE_CURVE(8,(#813,#814,#815,#816,#817,#818
,#819,#820,#821),.UNSPECIFIED.,.F.,.F.) B_SPLINE_CURVE_WITH_KNOTS((9,9),
(0.,1.570796326795),.PIECEWISE_BEZIER_KNOTS.) CURVE() 
GEOMETRIC_REPRESENTATION_ITEM() RATIONAL_B_SPLINE_CURVE((1.,1.,1.,1.,1.,
1.,1.,1.,1.)) REPRESENTATION_ITEM('') );
#813 = CARTESIAN_POINT('',(548.57329295533,308.72550503166,
    16.307336141215));
#814 = CARTESIAN_POINT('',(548.55111096947,316.54959989434,
    16.560877399795));
#815 = CARTESIAN_POINT('',(546.78153027414,324.36375975574,
    16.757311202786));
#816 = CARTESIAN_POINT('',(543.26721931231,331.71472056813,
    16.881993368324));
#817 = CARTESIAN_POINT('',(538.15000487949,338.1500048795,
    16.924819647957));
#818 = CARTESIAN_POINT('',(531.71472056813,343.26721931231,
    16.881993368324));
#819 = CARTESIAN_POINT('',(524.36375975574,346.78153027414,
    16.757311202786));
#820 = CARTESIAN_POINT('',(516.54959989434,348.55111096947,
    16.560877399795));
#821 = CARTESIAN_POINT('',(508.72550503166,348.57329295533,
    16.307336141215));
#822 = PCURVE('',#617,#823);
#823 = DEFINITIONAL_REPRESENTATION('',(#824),#835);
#824 = B_SPLINE_CURVE_WITH_KNOTS('',9,(#825,#826,#827,#828,#829,#830,
    #831,#832,#833,#834),.UNSPECIFIED.,.F.,.F.,(10,10),(0.,
    1.570796326795),.PIECEWISE_BEZIER_KNOTS.);
#825 = CARTESIAN_POINT('',(-1.33226762955E-15,19.891530448696));
#826 = CARTESIAN_POINT('',(0.173703220311,19.513049619099));
#827 = CARTESIAN_POINT('',(0.347375103807,19.209163680771));
#828 = CARTESIAN_POINT('',(0.521048980442,18.996267383136));
#829 = CARTESIAN_POINT('',(0.694749601134,18.886504260109));
#830 = CARTESIAN_POINT('',(0.868450529115,18.886504260096));
#831 = CARTESIAN_POINT('',(1.042151149806,18.996267383145));
#832 = CARTESIAN_POINT('',(1.215825026441,19.209163680767));
#833 = CARTESIAN_POINT('',(1.389496909937,19.5130496191));
#834 = CARTESIAN_POINT('',(1.563200130248,19.891530448696));
#835 = ( GEOMETRIC_REPRESENTATION_CONTEXT(2) 
PARAMETRIC_REPRESENTATION_CONTEXT() REPRESENTATION_CONTEXT('2D SPACE',''
  ) );
#836 = PCURVE('',#837,#865);
#837 = ( BOUNDED_SURFACE() B_SPLINE_SURFACE(2,8,(
    (#838,#839,#840,#841,#842,#843,#844,#845,#846)
    ,(#847,#848,#849,#850,#851,#852,#853,#854,#855)
    ,(#856,#857,#858,#859,#860,#861,#862,#863,#864
)),.UNSPECIFIED.,.F.,.F.,.F.) B_SPLINE_SURFACE_WITH_KNOTS((3,3),(9,9),(
    0.,1.570796326795),(0.,1.570796326795),.PIECEWISE_BEZIER_KNOTS.) 
GEOMETRIC_REPRESENTATION_ITEM() RATIONAL_B_SPLINE_SURFACE((
    (1.,1.,1.,1.,1.,1.,1.,1.,1.)
    ,(0.675590207616,0.669335398716,0.664423223634,0.661264806405
      ,0.660167864747,0.661264806405,0.664423223634,0.669335398716
      ,0.675590207616)
,(1.,1.,1.,1.,1.,1.,1.,1.,1.))) REPRESENTATION_ITEM('') SURFACE() );
#838 = CARTESIAN_POINT('',(533.63037248396,308.72550503166,0.));
#839 = CARTESIAN_POINT('',(533.63037248396,313.61556432083,
    3.37507799486E-14));
#840 = CARTESIAN_POINT('',(532.5413047163,318.50567783746,
    -1.136868377216E-13));
#841 = CARTESIAN_POINT('',(530.35694030681,323.11463786661,
    2.273736754432E-13));
#842 = CARTESIAN_POINT('',(527.15531698941,327.15531698941,
    -2.984279490192E-13));
#843 = CARTESIAN_POINT('',(523.11463786661,330.35694030681,
    2.75335310107E-13));
#844 = CARTESIAN_POINT('',(518.50567783746,332.5413047163,
    -1.740829702612E-13));
#845 = CARTESIAN_POINT('',(513.61556432084,333.63037248396,
    6.394884621841E-14));
#846 = CARTESIAN_POINT('',(508.72550503166,333.63037248396,0.));
#847 = CARTESIAN_POINT('',(550.,308.72550503166,-1.7763568394E-15));
#848 = CARTESIAN_POINT('',(550.28141502445,316.90546560053,
    -6.039613253961E-14));
#849 = CARTESIAN_POINT('',(548.66290158031,325.15922939799,
    2.717825964282E-13));
#850 = CARTESIAN_POINT('',(545.10992258855,332.95880193723,
    -5.915268275203E-13));
#851 = CARTESIAN_POINT('',(539.76640419838,339.76640419837,
    7.460698725481E-13));
#852 = CARTESIAN_POINT('',(532.95880193723,345.10992258856,
    -5.844214001627E-13));
#853 = CARTESIAN_POINT('',(525.15922939799,348.66290158031,
    2.6645352591E-13));
#854 = CARTESIAN_POINT('',(516.90546560053,350.28141502445,
    -5.151434834261E-14));
#855 = CARTESIAN_POINT('',(508.72550503166,350.,0.));
#856 = CARTESIAN_POINT('',(548.57329295533,308.72550503166,
    16.307336141215));
#857 = CARTESIAN_POINT('',(548.55111096947,316.54959989434,
    16.560877399795));
#858 = CARTESIAN_POINT('',(546.78153027414,324.36375975574,
    16.757311202786));
#859 = CARTESIAN_POINT('',(543.26721931231,331.71472056813,
    16.881993368324));
#860 = CARTESIAN_POINT('',(538.15000487949,338.1500048795,
    16.924819647957));
#861 = CARTESIAN_POINT('',(531.71472056813,343.26721931231,
    16.881993368324));
#862 = CARTESIAN_POINT('',(524.36375975574,346.78153027414,
    16.757311202786));
#863 = CARTESIAN_POINT('',(516.54959989434,348.55111096947,
    16.560877399795));
#864 = CARTESIAN_POINT('',(508.72550503166,348.57329295533,
    16.307336141215));
#865 = DEFINITIONAL_REPRESENTATION('',(#866),#870);
#866 = LINE('',#867,#868);
#867 = CARTESIAN_POINT('',(1.570796326795,0.));
#868 = VECTOR('',#869,1.);
#869 = DIRECTION('',(0.,1.));
#870 = ( GEOMETRIC_REPRESENTATION_CONTEXT(2) 
PARAMETRIC_REPRESENTATION_CONTEXT() REPRESENTATION_CONTEXT('2D SPACE',''
  ) );
#871 = ORIENTED_EDGE('',*,*,#601,.T.);
#872 = ORIENTED_EDGE('',*,*,#873,.F.);
#873 = EDGE_CURVE('',#788,#581,#874,.T.);
#874 = SURFACE_CURVE('',#875,(#880,#891),.PCURVE_S1.);
#875 = ELLIPSE('',#876,40.305007778014,40.);
#876 = AXIS2_PLACEMENT_3D('',#877,#878,#879);
#877 = CARTESIAN_POINT('',(499.34856687515,299.34856687515,120.));
#878 = DIRECTION('',(0.,0.,1.));
#879 = DIRECTION('',(-0.707106781187,-0.707106781187,0.));
#880 = PCURVE('',#617,#881);
#881 = DEFINITIONAL_REPRESENTATION('',(#882),#890);
#882 = B_SPLINE_CURVE_WITH_KNOTS('',6,(#883,#884,#885,#886,#887,#888,
    #889),.UNSPECIFIED.,.F.,.F.,(7,7),(2.359992588466,3.923192718714),
  .PIECEWISE_BEZIER_KNOTS.);
#883 = CARTESIAN_POINT('',(-1.7763568394E-15,124.37487103247));
#884 = CARTESIAN_POINT('',(0.260533355041,123.46659190971));
#885 = CARTESIAN_POINT('',(0.52106670942,122.84445149096));
#886 = CARTESIAN_POINT('',(0.781600065124,122.6193307528));
#887 = CARTESIAN_POINT('',(1.042133420828,122.84445149096));
#888 = CARTESIAN_POINT('',(1.302666775207,123.46659190971));
#889 = CARTESIAN_POINT('',(1.563200130248,124.37487103247));
#890 = ( GEOMETRIC_REPRESENTATION_CONTEXT(2) 
PARAMETRIC_REPRESENTATION_CONTEXT() REPRESENTATION_CONTEXT('2D SPACE',''
  ) );
#891 = PCURVE('',#65,#892);
#892 = DEFINITIONAL_REPRESENTATION('',(#893),#897);
#893 = ELLIPSE('',#894,40.305007778014,40.);
#894 = AXIS2_PLACEMENT_2D('',#895,#896);
#895 = CARTESIAN_POINT('',(1.049348566875E+03,649.34856687515));
#896 = DIRECTION('',(-0.707106781187,-0.707106781187));
#897 = ( GEOMETRIC_REPRESENTATION_CONTEXT(2) 
PARAMETRIC_REPRESENTATION_CONTEXT() REPRESENTATION_CONTEXT('2D SPACE',''
  ) );
#898 = ADVANCED_FACE('',(#899),#677,.T.);
#899 = FACE_BOUND('',#900,.T.);
#900 = EDGE_LOOP('',(#901,#920,#921,#947));
#901 = ORIENTED_EDGE('',*,*,#902,.F.);
#902 = EDGE_CURVE('',#662,#788,#903,.T.);
#903 = SURFACE_CURVE('',#904,(#908,#914),.PCURVE_S1.);
#904 = LINE('',#905,#906);
#905 = CARTESIAN_POINT('',(539.50136037688,-350.,120.));
#906 = VECTOR('',#907,1.);
#907 = DIRECTION('',(-0.,1.,-0.));
#908 = PCURVE('',#677,#909);
#909 = DEFINITIONAL_REPRESENTATION('',(#910),#913);
#910 = B_SPLINE_CURVE_WITH_KNOTS('',1,(#911,#912),.UNSPECIFIED.,.F.,.F.,
  (2,2),(10.498639623111,689.50136037688),.PIECEWISE_BEZIER_KNOTS.);
#911 = CARTESIAN_POINT('',(120.4583805052,-10.49863962311));
#912 = CARTESIAN_POINT('',(120.4583805052,-689.5013603768));
#913 = ( GEOMETRIC_REPRESENTATION_CONTEXT(2) 
PARAMETRIC_REPRESENTATION_CONTEXT() REPRESENTATION_CONTEXT('2D SPACE',''
  ) );
#914 = PCURVE('',#65,#915);
#915 = DEFINITIONAL_REPRESENTATION('',(#916),#919);
#916 = B_SPLINE_CURVE_WITH_KNOTS('',1,(#917,#918),.UNSPECIFIED.,.F.,.F.,
  (2,2),(10.498639623111,689.50136037688),.PIECEWISE_BEZIER_KNOTS.);
#917 = CARTESIAN_POINT('',(1.089501360377E+03,10.498639623111));
#918 = CARTESIAN_POINT('',(1.089501360377E+03,689.50136037688));
#919 = ( GEOMETRIC_REPRESENTATION_CONTEXT(2) 
PARAMETRIC_REPRESENTATION_CONTEXT() REPRESENTATION_CONTEXT('2D SPACE',''
  ) );
#920 = ORIENTED_EDGE('',*,*,#659,.F.);
#921 = ORIENTED_EDGE('',*,*,#922,.T.);
#922 = EDGE_CURVE('',#660,#786,#923,.T.);
#923 = SURFACE_CURVE('',#924,(#928,#935),.PCURVE_S1.);
#924 = LINE('',#925,#926);
#925 = CARTESIAN_POINT('',(548.57329295533,-350.,16.307336141215));
#926 = VECTOR('',#927,1.);
#927 = DIRECTION('',(-0.,1.,-0.));
#928 = PCURVE('',#677,#929);
#929 = DEFINITIONAL_REPRESENTATION('',(#930),#934);
#930 = LINE('',#931,#932);
#931 = CARTESIAN_POINT('',(16.369627516039,0.));
#932 = VECTOR('',#933,1.);
#933 = DIRECTION('',(0.,-1.));
#934 = ( GEOMETRIC_REPRESENTATION_CONTEXT(2) 
PARAMETRIC_REPRESENTATION_CONTEXT() REPRESENTATION_CONTEXT('2D SPACE',''
  ) );
#935 = PCURVE('',#936,#941);
#936 = CYLINDRICAL_SURFACE('',#937,15.);
#937 = AXIS2_PLACEMENT_3D('',#938,#939,#940);
#938 = CARTESIAN_POINT('',(533.63037248396,-350.,15.));
#939 = DIRECTION('',(-0.,1.,-0.));
#940 = DIRECTION('',(0.996194698092,0.,8.715574274766E-02));
#941 = DEFINITIONAL_REPRESENTATION('',(#942),#946);
#942 = LINE('',#943,#944);
#943 = CARTESIAN_POINT('',(0.,0.));
#944 = VECTOR('',#945,1.);
#945 = DIRECTION('',(0.,1.));
#946 = ( GEOMETRIC_REPRESENTATION_CONTEXT(2) 
PARAMETRIC_REPRESENTATION_CONTEXT() REPRESENTATION_CONTEXT('2D SPACE',''
  ) );
#947 = ORIENTED_EDGE('',*,*,#785,.T.);
#948 = ADVANCED_FACE('',(#949),#191,.F.);
#949 = FACE_BOUND('',#950,.F.);
#950 = EDGE_LOOP('',(#951,#952,#953,#984));
#951 = ORIENTED_EDGE('',*,*,#409,.T.);
#952 = ORIENTED_EDGE('',*,*,#162,.T.);
#953 = ORIENTED_EDGE('',*,*,#954,.F.);
#954 = EDGE_CURVE('',#955,#163,#957,.T.);
#955 = VERTEX_POINT('',#956);
#956 = CARTESIAN_POINT('',(-508.7255050316,-333.6303724839,0.));
#957 = SURFACE_CURVE('',#958,(#962,#968),.PCURVE_S1.);
#958 = ( BOUNDED_CURVE() B_SPLINE_CURVE(2,(#959,#960,#961),
.UNSPECIFIED.,.F.,.F.) B_SPLINE_CURVE_WITH_KNOTS((3,3),(0.,
1.570796326795),.PIECEWISE_BEZIER_KNOTS.) CURVE() 
GEOMETRIC_REPRESENTATION_ITEM() RATIONAL_B_SPLINE_CURVE((1.,
0.675590207616,1.)) REPRESENTATION_ITEM('') );
#959 = CARTESIAN_POINT('',(-508.7255050316,-333.6303724839,0.));
#960 = CARTESIAN_POINT('',(-508.7255050316,-350.,3.552713678801E-15));
#961 = CARTESIAN_POINT('',(-508.7255050316,-348.5732929553,
    16.307336141215));
#962 = PCURVE('',#191,#963);
#963 = DEFINITIONAL_REPRESENTATION('',(#964),#967);
#964 = B_SPLINE_CURVE_WITH_KNOTS('',1,(#965,#966),.UNSPECIFIED.,.F.,.F.,
  (2,2),(0.,1.570796326795),.PIECEWISE_BEZIER_KNOTS.);
#965 = CARTESIAN_POINT('',(0.,1.570796326795));
#966 = CARTESIAN_POINT('',(1.570796326795,1.570796326795));
#967 = ( GEOMETRIC_REPRESENTATION_CONTEXT(2) 
PARAMETRIC_REPRESENTATION_CONTEXT() REPRESENTATION_CONTEXT('2D SPACE',''
  ) );
#968 = PCURVE('',#564,#969);
#969 = DEFINITIONAL_REPRESENTATION('',(#970),#983);
#970 = B_SPLINE_CURVE_WITH_KNOTS('',11,(#971,#972,#973,#974,#975,#976,
    #977,#978,#979,#980,#981,#982),.UNSPECIFIED.,.F.,.F.,(12,12),(0.,
    1.570796326795),.PIECEWISE_BEZIER_KNOTS.);
#971 = CARTESIAN_POINT('',(1.658062789395,41.274494968333));
#972 = CARTESIAN_POINT('',(1.52401236452,41.274494968334));
#973 = CARTESIAN_POINT('',(1.381264416966,41.274494968324));
#974 = CARTESIAN_POINT('',(1.230498440719,41.274494968356));
#975 = CARTESIAN_POINT('',(1.073024440253,41.274494968288));
#976 = CARTESIAN_POINT('',(0.910949048457,41.274494968395));
#977 = CARTESIAN_POINT('',(0.74711374119,41.274494968269));
#978 = CARTESIAN_POINT('',(0.585038348722,41.274494968382));
#979 = CARTESIAN_POINT('',(0.427564348904,41.274494968305));
#980 = CARTESIAN_POINT('',(0.276798372378,41.274494968344));
#981 = CARTESIAN_POINT('',(0.134050424875,41.27449496833));
#982 = CARTESIAN_POINT('',(2.22044604925E-16,41.274494968333));
#983 = ( GEOMETRIC_REPRESENTATION_CONTEXT(2) 
PARAMETRIC_REPRESENTATION_CONTEXT() REPRESENTATION_CONTEXT('2D SPACE',''
  ) );
#984 = ORIENTED_EDGE('',*,*,#985,.F.);
#985 = EDGE_CURVE('',#410,#955,#986,.T.);
#986 = SURFACE_CURVE('',#987,(#997,#1004),.PCURVE_S1.);
#987 = ( BOUNDED_CURVE() B_SPLINE_CURVE(8,(#988,#989,#990,#991,#992,#993
,#994,#995,#996),.UNSPECIFIED.,.F.,.F.) B_SPLINE_CURVE_WITH_KNOTS((9,9),
(1.428463846293E-15,1.570796326795),.PIECEWISE_BEZIER_KNOTS.) CURVE() 
GEOMETRIC_REPRESENTATION_ITEM() RATIONAL_B_SPLINE_CURVE((1.,1.,1.,1.,1.,
1.,1.,1.,1.)) REPRESENTATION_ITEM('') );
#988 = CARTESIAN_POINT('',(-533.6303724839,-308.7255050316,0.));
#989 = CARTESIAN_POINT('',(-533.6303724839,-313.6155643208,
    8.881784197001E-15));
#990 = CARTESIAN_POINT('',(-532.5413047163,-318.5056778374,
    -3.730349362741E-14));
#991 = CARTESIAN_POINT('',(-530.3569403068,-323.1146378666,
    8.171241461241E-14));
#992 = CARTESIAN_POINT('',(-527.1553169894,-327.1553169894,
    -1.225686219186E-13));
#993 = CARTESIAN_POINT('',(-523.1146378666,-330.3569403068,
    1.367794766338E-13));
#994 = CARTESIAN_POINT('',(-518.5056778374,-332.5413047163,
    -9.769962616701E-14));
#995 = CARTESIAN_POINT('',(-513.6155643208,-333.6303724839,
    3.730349362741E-14));
#996 = CARTESIAN_POINT('',(-508.7255050316,-333.6303724839,0.));
#997 = PCURVE('',#191,#998);
#998 = DEFINITIONAL_REPRESENTATION('',(#999),#1003);
#999 = LINE('',#1000,#1001);
#1000 = CARTESIAN_POINT('',(0.,0.));
#1001 = VECTOR('',#1002,1.);
#1002 = DIRECTION('',(0.,1.));
#1003 = ( GEOMETRIC_REPRESENTATION_CONTEXT(2) 
PARAMETRIC_REPRESENTATION_CONTEXT() REPRESENTATION_CONTEXT('2D SPACE',''
  ) );
#1004 = PCURVE('',#456,#1005);
#1005 = DEFINITIONAL_REPRESENTATION('',(#1006),#1016);
#1006 = B_SPLINE_CURVE_WITH_KNOTS('',8,(#1007,#1008,#1009,#1010,#1011,
    #1012,#1013,#1014,#1015),.UNSPECIFIED.,.F.,.F.,(9,9),(
    1.428463846293E-15,1.570796326795),.PIECEWISE_BEZIER_KNOTS.);
#1007 = CARTESIAN_POINT('',(16.369627516039,41.274494968333));
#1008 = CARTESIAN_POINT('',(16.369627516039,36.384435679161));
#1009 = CARTESIAN_POINT('',(17.4586952837,31.494322162531));
#1010 = CARTESIAN_POINT('',(19.643059693186,26.885362133386));
#1011 = CARTESIAN_POINT('',(22.844683010584,22.844683010581));
#1012 = CARTESIAN_POINT('',(26.885362133383,19.643059693187));
#1013 = CARTESIAN_POINT('',(31.494322162532,17.458695283699));
#1014 = CARTESIAN_POINT('',(36.38443567916,16.369627516039));
#1015 = CARTESIAN_POINT('',(41.274494968333,16.369627516039));
#1016 = ( GEOMETRIC_REPRESENTATION_CONTEXT(2) 
PARAMETRIC_REPRESENTATION_CONTEXT() REPRESENTATION_CONTEXT('2D SPACE',''
  ) );
#1017 = ADVANCED_FACE('',(#1018),#313,.T.);
#1018 = FACE_BOUND('',#1019,.T.);
#1019 = EDGE_LOOP('',(#1020,#1021,#1022,#1053));
#1020 = ORIENTED_EDGE('',*,*,#468,.T.);
#1021 = ORIENTED_EDGE('',*,*,#284,.T.);
#1022 = ORIENTED_EDGE('',*,*,#1023,.F.);
#1023 = EDGE_CURVE('',#1024,#285,#1026,.T.);
#1024 = VERTEX_POINT('',#1025);
#1025 = CARTESIAN_POINT('',(-508.7255050316,333.63037248396,0.));
#1026 = SURFACE_CURVE('',#1027,(#1031,#1037),.PCURVE_S1.);
#1027 = ( BOUNDED_CURVE() B_SPLINE_CURVE(2,(#1028,#1029,#1030),
.UNSPECIFIED.,.F.,.F.) B_SPLINE_CURVE_WITH_KNOTS((3,3),(0.,
1.570796326795),.PIECEWISE_BEZIER_KNOTS.) CURVE() 
GEOMETRIC_REPRESENTATION_ITEM() RATIONAL_B_SPLINE_CURVE((1.,
0.675590207616,1.)) REPRESENTATION_ITEM('') );
#1028 = CARTESIAN_POINT('',(-508.7255050316,333.63037248396,0.));
#1029 = CARTESIAN_POINT('',(-508.7255050316,350.,1.7763568394E-15));
#1030 = CARTESIAN_POINT('',(-508.7255050316,348.57329295533,
    16.307336141215));
#1031 = PCURVE('',#313,#1032);
#1032 = DEFINITIONAL_REPRESENTATION('',(#1033),#1036);
#1033 = B_SPLINE_CURVE_WITH_KNOTS('',1,(#1034,#1035),.UNSPECIFIED.,.F.,
  .F.,(2,2),(0.,1.570796326795),.PIECEWISE_BEZIER_KNOTS.);
#1034 = CARTESIAN_POINT('',(0.,1.570796326795));
#1035 = CARTESIAN_POINT('',(1.570796326795,1.570796326795));
#1036 = ( GEOMETRIC_REPRESENTATION_CONTEXT(2) 
PARAMETRIC_REPRESENTATION_CONTEXT() REPRESENTATION_CONTEXT('2D SPACE',''
  ) );
#1037 = PCURVE('',#643,#1038);
#1038 = DEFINITIONAL_REPRESENTATION('',(#1039),#1052);
#1039 = B_SPLINE_CURVE_WITH_KNOTS('',11,(#1040,#1041,#1042,#1043,#1044,
    #1045,#1046,#1047,#1048,#1049,#1050,#1051),.UNSPECIFIED.,.F.,.F.,(12
    ,12),(0.,1.570796326795),.PIECEWISE_BEZIER_KNOTS.);
#1040 = CARTESIAN_POINT('',(-1.658062789395,41.274494968333));
#1041 = CARTESIAN_POINT('',(-1.52401236452,41.274494968333));
#1042 = CARTESIAN_POINT('',(-1.381264416966,41.27449496833));
#1043 = CARTESIAN_POINT('',(-1.230498440719,41.274494968342));
#1044 = CARTESIAN_POINT('',(-1.073024440255,41.274494968312));
#1045 = CARTESIAN_POINT('',(-0.910949048455,41.274494968366));
#1046 = CARTESIAN_POINT('',(-0.747113741192,41.274494968296));
#1047 = CARTESIAN_POINT('',(-0.585038348721,41.274494968361));
#1048 = CARTESIAN_POINT('',(-0.427564348905,41.274494968317));
#1049 = CARTESIAN_POINT('',(-0.276798372378,41.274494968339));
#1050 = CARTESIAN_POINT('',(-0.134050424875,41.274494968331));
#1051 = CARTESIAN_POINT('',(-5.833614995287E-17,41.274494968333));
#1052 = ( GEOMETRIC_REPRESENTATION_CONTEXT(2) 
PARAMETRIC_REPRESENTATION_CONTEXT() REPRESENTATION_CONTEXT('2D SPACE',''
  ) );
#1053 = ORIENTED_EDGE('',*,*,#1054,.F.);
#1054 = EDGE_CURVE('',#441,#1024,#1055,.T.);
#1055 = SURFACE_CURVE('',#1056,(#1066,#1073),.PCURVE_S1.);
#1056 = ( BOUNDED_CURVE() B_SPLINE_CURVE(8,(#1057,#1058,#1059,#1060,
    #1061,#1062,#1063,#1064,#1065),.UNSPECIFIED.,.F.,.F.) 
B_SPLINE_CURVE_WITH_KNOTS((9,9),(0.,1.570796326795),
.PIECEWISE_BEZIER_KNOTS.) CURVE() GEOMETRIC_REPRESENTATION_ITEM() 
RATIONAL_B_SPLINE_CURVE((1.,1.,1.,1.,1.,1.,1.,1.,1.)) 
REPRESENTATION_ITEM('') );
#1057 = CARTESIAN_POINT('',(-533.6303724839,308.72550503166,0.));
#1058 = CARTESIAN_POINT('',(-533.6303724839,313.61556432083,
    -1.24344978758E-14));
#1059 = CARTESIAN_POINT('',(-532.5413047163,318.50567783746,
    3.730349362741E-14));
#1060 = CARTESIAN_POINT('',(-530.3569403068,323.11463786661,
    -7.283063041541E-14));
#1061 = CARTESIAN_POINT('',(-527.1553169894,327.15531698941,
    9.414691248821E-14));
#1062 = CARTESIAN_POINT('',(-523.1146378666,330.35694030681,
    -7.105427357601E-14));
#1063 = CARTESIAN_POINT('',(-518.5056778374,332.5413047163,
    2.6645352591E-14));
#1064 = CARTESIAN_POINT('',(-513.6155643208,333.63037248396,
    1.7763568394E-15));
#1065 = CARTESIAN_POINT('',(-508.7255050316,333.63037248396,0.));
#1066 = PCURVE('',#313,#1067);
#1067 = DEFINITIONAL_REPRESENTATION('',(#1068),#1072);
#1068 = LINE('',#1069,#1070);
#1069 = CARTESIAN_POINT('',(0.,0.));
#1070 = VECTOR('',#1071,1.);
#1071 = DIRECTION('',(0.,1.));
#1072 = ( GEOMETRIC_REPRESENTATION_CONTEXT(2) 
PARAMETRIC_REPRESENTATION_CONTEXT() REPRESENTATION_CONTEXT('2D SPACE',''
  ) );
#1073 = PCURVE('',#456,#1074);
#1074 = DEFINITIONAL_REPRESENTATION('',(#1075),#1085);
#1075 = B_SPLINE_CURVE_WITH_KNOTS('',8,(#1076,#1077,#1078,#1079,#1080,
    #1081,#1082,#1083,#1084),.UNSPECIFIED.,.F.,.F.,(9,9),(0.,
    1.570796326795),.PIECEWISE_BEZIER_KNOTS.);
#1076 = CARTESIAN_POINT('',(16.369627516039,658.72550503166));
#1077 = CARTESIAN_POINT('',(16.369627516039,663.61556432083));
#1078 = CARTESIAN_POINT('',(17.4586952837,668.50567783748));
#1079 = CARTESIAN_POINT('',(19.643059693185,673.11463786658));
#1080 = CARTESIAN_POINT('',(22.844683010583,677.15531698944));
#1081 = CARTESIAN_POINT('',(26.885362133385,680.35694030679));
#1082 = CARTESIAN_POINT('',(31.494322162531,682.5413047163));
#1083 = CARTESIAN_POINT('',(36.384435679161,683.63037248396));
#1084 = CARTESIAN_POINT('',(41.274494968333,683.63037248396));
#1085 = ( GEOMETRIC_REPRESENTATION_CONTEXT(2) 
PARAMETRIC_REPRESENTATION_CONTEXT() REPRESENTATION_CONTEXT('2D SPACE',''
  ) );
#1086 = ADVANCED_FACE('',(#1087),#456,.F.);
#1087 = FACE_BOUND('',#1088,.F.);
#1088 = EDGE_LOOP('',(#1089,#1090,#1091,#1114,#1149,#1172,#1207,#1228));
#1089 = ORIENTED_EDGE('',*,*,#440,.F.);
#1090 = ORIENTED_EDGE('',*,*,#985,.T.);
#1091 = ORIENTED_EDGE('',*,*,#1092,.T.);
#1092 = EDGE_CURVE('',#955,#1093,#1095,.T.);
#1093 = VERTEX_POINT('',#1094);
#1094 = CARTESIAN_POINT('',(508.72550503166,-333.6303724839,0.));
#1095 = SURFACE_CURVE('',#1096,(#1100,#1107),.PCURVE_S1.);
#1096 = LINE('',#1097,#1098);
#1097 = CARTESIAN_POINT('',(-550.,-333.6303724839,0.));
#1098 = VECTOR('',#1099,1.);
#1099 = DIRECTION('',(1.,-0.,0.));
#1100 = PCURVE('',#456,#1101);
#1101 = DEFINITIONAL_REPRESENTATION('',(#1102),#1106);
#1102 = LINE('',#1103,#1104);
#1103 = CARTESIAN_POINT('',(0.,16.369627516039));
#1104 = VECTOR('',#1105,1.);
#1105 = DIRECTION('',(1.,0.));
#1106 = ( GEOMETRIC_REPRESENTATION_CONTEXT(2) 
PARAMETRIC_REPRESENTATION_CONTEXT() REPRESENTATION_CONTEXT('2D SPACE',''
  ) );
#1107 = PCURVE('',#564,#1108);
#1108 = DEFINITIONAL_REPRESENTATION('',(#1109),#1113);
#1109 = LINE('',#1110,#1111);
#1110 = CARTESIAN_POINT('',(1.658062789395,0.));
#1111 = VECTOR('',#1112,1.);
#1112 = DIRECTION('',(0.,1.));
#1113 = ( GEOMETRIC_REPRESENTATION_CONTEXT(2) 
PARAMETRIC_REPRESENTATION_CONTEXT() REPRESENTATION_CONTEXT('2D SPACE',''
  ) );
#1114 = ORIENTED_EDGE('',*,*,#1115,.F.);
#1115 = EDGE_CURVE('',#1116,#1093,#1118,.T.);
#1116 = VERTEX_POINT('',#1117);
#1117 = CARTESIAN_POINT('',(533.63037248396,-308.7255050316,0.));
#1118 = SURFACE_CURVE('',#1119,(#1129,#1142),.PCURVE_S1.);
#1119 = ( BOUNDED_CURVE() B_SPLINE_CURVE(8,(#1120,#1121,#1122,#1123,
    #1124,#1125,#1126,#1127,#1128),.UNSPECIFIED.,.F.,.F.) 
B_SPLINE_CURVE_WITH_KNOTS((9,9),(1.428463846293E-15,1.570796326795),
.PIECEWISE_BEZIER_KNOTS.) CURVE() GEOMETRIC_REPRESENTATION_ITEM() 
RATIONAL_B_SPLINE_CURVE((1.,1.,1.,1.,1.,1.,1.,1.,1.)) 
REPRESENTATION_ITEM('') );
#1120 = CARTESIAN_POINT('',(533.63037248396,-308.7255050316,0.));
#1121 = CARTESIAN_POINT('',(533.63037248396,-313.6155643208,
    2.13162820728E-14));
#1122 = CARTESIAN_POINT('',(532.5413047163,-318.5056778374,
    -4.973799150321E-14));
#1123 = CARTESIAN_POINT('',(530.35694030681,-323.1146378666,
    7.993605777301E-14));
#1124 = CARTESIAN_POINT('',(527.15531698941,-327.1553169894,
    -7.815970093361E-14));
#1125 = CARTESIAN_POINT('',(523.11463786661,-330.3569403068,
    6.572520305781E-14));
#1126 = CARTESIAN_POINT('',(518.50567783746,-332.5413047163,
    -4.440892098501E-14));
#1127 = CARTESIAN_POINT('',(513.61556432083,-333.6303724839,
    1.95399252334E-14));
#1128 = CARTESIAN_POINT('',(508.72550503166,-333.6303724839,0.));
#1129 = PCURVE('',#456,#1130);
#1130 = DEFINITIONAL_REPRESENTATION('',(#1131),#1141);
#1131 = B_SPLINE_CURVE_WITH_KNOTS('',8,(#1132,#1133,#1134,#1135,#1136,
    #1137,#1138,#1139,#1140),.UNSPECIFIED.,.F.,.F.,(9,9),(
    1.428463846293E-15,1.570796326795),.PIECEWISE_BEZIER_KNOTS.);
#1132 = CARTESIAN_POINT('',(1.083630372484E+03,41.274494968333));
#1133 = CARTESIAN_POINT('',(1.083630372484E+03,36.38443567916));
#1134 = CARTESIAN_POINT('',(1.082541304716E+03,31.494322162533));
#1135 = CARTESIAN_POINT('',(1.080356940307E+03,26.885362133383));
#1136 = CARTESIAN_POINT('',(1.07715531699E+03,22.844683010585));
#1137 = CARTESIAN_POINT('',(1.073114637867E+03,19.643059693185));
#1138 = CARTESIAN_POINT('',(1.068505677838E+03,17.4586952837));
#1139 = CARTESIAN_POINT('',(1.063615564321E+03,16.369627516039));
#1140 = CARTESIAN_POINT('',(1.058725505032E+03,16.369627516039));
#1141 = ( GEOMETRIC_REPRESENTATION_CONTEXT(2) 
PARAMETRIC_REPRESENTATION_CONTEXT() REPRESENTATION_CONTEXT('2D SPACE',''
  ) );
#1142 = PCURVE('',#716,#1143);
#1143 = DEFINITIONAL_REPRESENTATION('',(#1144),#1148);
#1144 = LINE('',#1145,#1146);
#1145 = CARTESIAN_POINT('',(0.,0.));
#1146 = VECTOR('',#1147,1.);
#1147 = DIRECTION('',(0.,1.));
#1148 = ( GEOMETRIC_REPRESENTATION_CONTEXT(2) 
PARAMETRIC_REPRESENTATION_CONTEXT() REPRESENTATION_CONTEXT('2D SPACE',''
  ) );
#1149 = ORIENTED_EDGE('',*,*,#1150,.T.);
#1150 = EDGE_CURVE('',#1116,#1151,#1153,.T.);
#1151 = VERTEX_POINT('',#1152);
#1152 = CARTESIAN_POINT('',(533.63037248396,308.72550503166,0.));
#1153 = SURFACE_CURVE('',#1154,(#1158,#1165),.PCURVE_S1.);
#1154 = LINE('',#1155,#1156);
#1155 = CARTESIAN_POINT('',(533.63037248396,-350.,0.));
#1156 = VECTOR('',#1157,1.);
#1157 = DIRECTION('',(-0.,1.,-0.));
#1158 = PCURVE('',#456,#1159);
#1159 = DEFINITIONAL_REPRESENTATION('',(#1160),#1164);
#1160 = LINE('',#1161,#1162);
#1161 = CARTESIAN_POINT('',(1.083630372484E+03,0.));
#1162 = VECTOR('',#1163,1.);
#1163 = DIRECTION('',(0.,1.));
#1164 = ( GEOMETRIC_REPRESENTATION_CONTEXT(2) 
PARAMETRIC_REPRESENTATION_CONTEXT() REPRESENTATION_CONTEXT('2D SPACE',''
  ) );
#1165 = PCURVE('',#936,#1166);
#1166 = DEFINITIONAL_REPRESENTATION('',(#1167),#1171);
#1167 = LINE('',#1168,#1169);
#1168 = CARTESIAN_POINT('',(1.658062789395,0.));
#1169 = VECTOR('',#1170,1.);
#1170 = DIRECTION('',(0.,1.));
#1171 = ( GEOMETRIC_REPRESENTATION_CONTEXT(2) 
PARAMETRIC_REPRESENTATION_CONTEXT() REPRESENTATION_CONTEXT('2D SPACE',''
  ) );
#1172 = ORIENTED_EDGE('',*,*,#1173,.T.);
#1173 = EDGE_CURVE('',#1151,#1174,#1176,.T.);
#1174 = VERTEX_POINT('',#1175);
#1175 = CARTESIAN_POINT('',(508.72550503166,333.63037248396,0.));
#1176 = SURFACE_CURVE('',#1177,(#1187,#1200),.PCURVE_S1.);
#1177 = ( BOUNDED_CURVE() B_SPLINE_CURVE(8,(#1178,#1179,#1180,#1181,
    #1182,#1183,#1184,#1185,#1186),.UNSPECIFIED.,.F.,.F.) 
B_SPLINE_CURVE_WITH_KNOTS((9,9),(0.,1.570796326795),
.PIECEWISE_BEZIER_KNOTS.) CURVE() GEOMETRIC_REPRESENTATION_ITEM() 
RATIONAL_B_SPLINE_CURVE((1.,1.,1.,1.,1.,1.,1.,1.,1.)) 
REPRESENTATION_ITEM('') );
#1178 = CARTESIAN_POINT('',(533.63037248396,308.72550503166,0.));
#1179 = CARTESIAN_POINT('',(533.63037248396,313.61556432083,
    3.37507799486E-14));
#1180 = CARTESIAN_POINT('',(532.5413047163,318.50567783746,
    -1.136868377216E-13));
#1181 = CARTESIAN_POINT('',(530.35694030681,323.11463786661,
    2.273736754432E-13));
#1182 = CARTESIAN_POINT('',(527.15531698941,327.15531698941,
    -2.984279490192E-13));
#1183 = CARTESIAN_POINT('',(523.11463786661,330.35694030681,
    2.75335310107E-13));
#1184 = CARTESIAN_POINT('',(518.50567783746,332.5413047163,
    -1.740829702612E-13));
#1185 = CARTESIAN_POINT('',(513.61556432084,333.63037248396,
    6.394884621841E-14));
#1186 = CARTESIAN_POINT('',(508.72550503166,333.63037248396,0.));
#1187 = PCURVE('',#456,#1188);
#1188 = DEFINITIONAL_REPRESENTATION('',(#1189),#1199);
#1189 = B_SPLINE_CURVE_WITH_KNOTS('',8,(#1190,#1191,#1192,#1193,#1194,
    #1195,#1196,#1197,#1198),.UNSPECIFIED.,.F.,.F.,(9,9),(0.,
    1.570796326795),.PIECEWISE_BEZIER_KNOTS.);
#1190 = CARTESIAN_POINT('',(1.083630372484E+03,658.72550503166));
#1191 = CARTESIAN_POINT('',(1.083630372484E+03,663.61556432084));
#1192 = CARTESIAN_POINT('',(1.082541304716E+03,668.50567783746));
#1193 = CARTESIAN_POINT('',(1.080356940307E+03,673.11463786662));
#1194 = CARTESIAN_POINT('',(1.077155316989E+03,677.1553169894));
#1195 = CARTESIAN_POINT('',(1.073114637867E+03,680.35694030682));
#1196 = CARTESIAN_POINT('',(1.068505677837E+03,682.54130471629));
#1197 = CARTESIAN_POINT('',(1.063615564321E+03,683.63037248396));
#1198 = CARTESIAN_POINT('',(1.058725505032E+03,683.63037248396));
#1199 = ( GEOMETRIC_REPRESENTATION_CONTEXT(2) 
PARAMETRIC_REPRESENTATION_CONTEXT() REPRESENTATION_CONTEXT('2D SPACE',''
  ) );
#1200 = PCURVE('',#837,#1201);
#1201 = DEFINITIONAL_REPRESENTATION('',(#1202),#1206);
#1202 = LINE('',#1203,#1204);
#1203 = CARTESIAN_POINT('',(0.,0.));
#1204 = VECTOR('',#1205,1.);
#1205 = DIRECTION('',(0.,1.));
#1206 = ( GEOMETRIC_REPRESENTATION_CONTEXT(2) 
PARAMETRIC_REPRESENTATION_CONTEXT() REPRESENTATION_CONTEXT('2D SPACE',''
  ) );
#1207 = ORIENTED_EDGE('',*,*,#1208,.F.);
#1208 = EDGE_CURVE('',#1024,#1174,#1209,.T.);
#1209 = SURFACE_CURVE('',#1210,(#1214,#1221),.PCURVE_S1.);
#1210 = LINE('',#1211,#1212);
#1211 = CARTESIAN_POINT('',(-550.,333.63037248396,0.));
#1212 = VECTOR('',#1213,1.);
#1213 = DIRECTION('',(1.,0.,0.));
#1214 = PCURVE('',#456,#1215);
#1215 = DEFINITIONAL_REPRESENTATION('',(#1216),#1220);
#1216 = LINE('',#1217,#1218);
#1217 = CARTESIAN_POINT('',(0.,683.63037248396));
#1218 = VECTOR('',#1219,1.);
#1219 = DIRECTION('',(1.,0.));
#1220 = ( GEOMETRIC_REPRESENTATION_CONTEXT(2) 
PARAMETRIC_REPRESENTATION_CONTEXT() REPRESENTATION_CONTEXT('2D SPACE',''
  ) );
#1221 = PCURVE('',#643,#1222);
#1222 = DEFINITIONAL_REPRESENTATION('',(#1223),#1227);
#1223 = LINE('',#1224,#1225);
#1224 = CARTESIAN_POINT('',(-1.658062789395,0.));
#1225 = VECTOR('',#1226,1.);
#1226 = DIRECTION('',(-0.,1.));
#1227 = ( GEOMETRIC_REPRESENTATION_CONTEXT(2) 
PARAMETRIC_REPRESENTATION_CONTEXT() REPRESENTATION_CONTEXT('2D SPACE',''
  ) );
#1228 = ORIENTED_EDGE('',*,*,#1054,.F.);
#1229 = ADVANCED_FACE('',(#1230),#564,.T.);
#1230 = FACE_BOUND('',#1231,.T.);
#1231 = EDGE_LOOP('',(#1232,#1233,#1234,#1263));
#1232 = ORIENTED_EDGE('',*,*,#954,.F.);
#1233 = ORIENTED_EDGE('',*,*,#1092,.T.);
#1234 = ORIENTED_EDGE('',*,*,#1235,.T.);
#1235 = EDGE_CURVE('',#1093,#523,#1236,.T.);
#1236 = SURFACE_CURVE('',#1237,(#1241,#1257),.PCURVE_S1.);
#1237 = ( BOUNDED_CURVE() B_SPLINE_CURVE(2,(#1238,#1239,#1240),
.UNSPECIFIED.,.F.,.F.) B_SPLINE_CURVE_WITH_KNOTS((3,3),(0.,
1.570796326795),.PIECEWISE_BEZIER_KNOTS.) CURVE() 
GEOMETRIC_REPRESENTATION_ITEM() RATIONAL_B_SPLINE_CURVE((1.,
0.675590207616,1.)) REPRESENTATION_ITEM('') );
#1238 = CARTESIAN_POINT('',(508.72550503166,-333.6303724839,0.));
#1239 = CARTESIAN_POINT('',(508.72550503166,-350.,1.7763568394E-15));
#1240 = CARTESIAN_POINT('',(508.72550503166,-348.5732929553,
    16.307336141215));
#1241 = PCURVE('',#564,#1242);
#1242 = DEFINITIONAL_REPRESENTATION('',(#1243),#1256);
#1243 = B_SPLINE_CURVE_WITH_KNOTS('',11,(#1244,#1245,#1246,#1247,#1248,
    #1249,#1250,#1251,#1252,#1253,#1254,#1255),.UNSPECIFIED.,.F.,.F.,(12
    ,12),(0.,1.570796326795),.PIECEWISE_BEZIER_KNOTS.);
#1244 = CARTESIAN_POINT('',(1.658062789395,1.058725505032E+03));
#1245 = CARTESIAN_POINT('',(1.52401236452,1.058725505032E+03));
#1246 = CARTESIAN_POINT('',(1.381264416965,1.058725505031E+03));
#1247 = CARTESIAN_POINT('',(1.23049844072,1.058725505033E+03));
#1248 = CARTESIAN_POINT('',(1.073024440252,1.058725505029E+03));
#1249 = CARTESIAN_POINT('',(0.910949048459,1.058725505035E+03));
#1250 = CARTESIAN_POINT('',(0.747113741189,1.058725505029E+03));
#1251 = CARTESIAN_POINT('',(0.585038348723,1.058725505034E+03));
#1252 = CARTESIAN_POINT('',(0.427564348904,1.05872550503E+03));
#1253 = CARTESIAN_POINT('',(0.276798372379,1.058725505032E+03));
#1254 = CARTESIAN_POINT('',(0.134050424874,1.058725505032E+03));
#1255 = CARTESIAN_POINT('',(1.693584524155E-16,1.058725505032E+03));
#1256 = ( GEOMETRIC_REPRESENTATION_CONTEXT(2) 
PARAMETRIC_REPRESENTATION_CONTEXT() REPRESENTATION_CONTEXT('2D SPACE',''
  ) );
#1257 = PCURVE('',#716,#1258);
#1258 = DEFINITIONAL_REPRESENTATION('',(#1259),#1262);
#1259 = B_SPLINE_CURVE_WITH_KNOTS('',1,(#1260,#1261),.UNSPECIFIED.,.F.,
  .F.,(2,2),(0.,1.570796326795),.PIECEWISE_BEZIER_KNOTS.);
#1260 = CARTESIAN_POINT('',(0.,1.570796326795));
#1261 = CARTESIAN_POINT('',(1.570796326795,1.570796326795));
#1262 = ( GEOMETRIC_REPRESENTATION_CONTEXT(2) 
PARAMETRIC_REPRESENTATION_CONTEXT() REPRESENTATION_CONTEXT('2D SPACE',''
  ) );
#1263 = ORIENTED_EDGE('',*,*,#550,.F.);
#1264 = ADVANCED_FACE('',(#1265),#643,.T.);
#1265 = FACE_BOUND('',#1266,.F.);
#1266 = EDGE_LOOP('',(#1267,#1268,#1269,#1298));
#1267 = ORIENTED_EDGE('',*,*,#1023,.F.);
#1268 = ORIENTED_EDGE('',*,*,#1208,.T.);
#1269 = ORIENTED_EDGE('',*,*,#1270,.T.);
#1270 = EDGE_CURVE('',#1174,#602,#1271,.T.);
#1271 = SURFACE_CURVE('',#1272,(#1276,#1292),.PCURVE_S1.);
#1272 = ( BOUNDED_CURVE() B_SPLINE_CURVE(2,(#1273,#1274,#1275),
.UNSPECIFIED.,.F.,.F.) B_SPLINE_CURVE_WITH_KNOTS((3,3),(0.,
1.570796326795),.PIECEWISE_BEZIER_KNOTS.) CURVE() 
GEOMETRIC_REPRESENTATION_ITEM() RATIONAL_B_SPLINE_CURVE((1.,
0.675590207616,1.)) REPRESENTATION_ITEM('') );
#1273 = CARTESIAN_POINT('',(508.72550503166,333.63037248396,0.));
#1274 = CARTESIAN_POINT('',(508.72550503166,350.,0.));
#1275 = CARTESIAN_POINT('',(508.72550503166,348.57329295533,
    16.307336141215));
#1276 = PCURVE('',#643,#1277);
#1277 = DEFINITIONAL_REPRESENTATION('',(#1278),#1291);
#1278 = B_SPLINE_CURVE_WITH_KNOTS('',11,(#1279,#1280,#1281,#1282,#1283,
    #1284,#1285,#1286,#1287,#1288,#1289,#1290),.UNSPECIFIED.,.F.,.F.,(12
    ,12),(0.,1.570796326795),.PIECEWISE_BEZIER_KNOTS.);
#1279 = CARTESIAN_POINT('',(-1.658062789395,1.058725505032E+03));
#1280 = CARTESIAN_POINT('',(-1.52401236452,1.058725505032E+03));
#1281 = CARTESIAN_POINT('',(-1.381264416966,1.058725505031E+03));
#1282 = CARTESIAN_POINT('',(-1.230498440719,1.058725505033E+03));
#1283 = CARTESIAN_POINT('',(-1.073024440254,1.05872550503E+03));
#1284 = CARTESIAN_POINT('',(-0.910949048457,1.058725505034E+03));
#1285 = CARTESIAN_POINT('',(-0.747113741191,1.05872550503E+03));
#1286 = CARTESIAN_POINT('',(-0.585038348722,1.058725505033E+03));
#1287 = CARTESIAN_POINT('',(-0.427564348904,1.058725505031E+03));
#1288 = CARTESIAN_POINT('',(-0.276798372378,1.058725505032E+03));
#1289 = CARTESIAN_POINT('',(-0.134050424875,1.058725505032E+03));
#1290 = CARTESIAN_POINT('',(0.,1.058725505032E+03));
#1291 = ( GEOMETRIC_REPRESENTATION_CONTEXT(2) 
PARAMETRIC_REPRESENTATION_CONTEXT() REPRESENTATION_CONTEXT('2D SPACE',''
  ) );
#1292 = PCURVE('',#837,#1293);
#1293 = DEFINITIONAL_REPRESENTATION('',(#1294),#1297);
#1294 = B_SPLINE_CURVE_WITH_KNOTS('',1,(#1295,#1296),.UNSPECIFIED.,.F.,
  .F.,(2,2),(0.,1.570796326795),.PIECEWISE_BEZIER_KNOTS.);
#1295 = CARTESIAN_POINT('',(0.,1.570796326795));
#1296 = CARTESIAN_POINT('',(1.570796326795,1.570796326795));
#1297 = ( GEOMETRIC_REPRESENTATION_CONTEXT(2) 
PARAMETRIC_REPRESENTATION_CONTEXT() REPRESENTATION_CONTEXT('2D SPACE',''
  ) );
#1298 = ORIENTED_EDGE('',*,*,#629,.F.);
#1299 = ADVANCED_FACE('',(#1300),#716,.T.);
#1300 = FACE_BOUND('',#1301,.T.);
#1301 = EDGE_LOOP('',(#1302,#1331,#1332,#1333));
#1302 = ORIENTED_EDGE('',*,*,#1303,.T.);
#1303 = EDGE_CURVE('',#1116,#660,#1304,.T.);
#1304 = SURFACE_CURVE('',#1305,(#1309,#1315),.PCURVE_S1.);
#1305 = ( BOUNDED_CURVE() B_SPLINE_CURVE(2,(#1306,#1307,#1308),
.UNSPECIFIED.,.F.,.F.) B_SPLINE_CURVE_WITH_KNOTS((3,3),(0.,
1.570796326795),.PIECEWISE_BEZIER_KNOTS.) CURVE() 
GEOMETRIC_REPRESENTATION_ITEM() RATIONAL_B_SPLINE_CURVE((1.,
0.675590207616,1.)) REPRESENTATION_ITEM('') );
#1306 = CARTESIAN_POINT('',(533.63037248396,-308.7255050316,0.));
#1307 = CARTESIAN_POINT('',(550.,-308.7255050316,3.552713678801E-15));
#1308 = CARTESIAN_POINT('',(548.57329295533,-308.7255050316,
    16.307336141215));
#1309 = PCURVE('',#716,#1310);
#1310 = DEFINITIONAL_REPRESENTATION('',(#1311),#1314);
#1311 = B_SPLINE_CURVE_WITH_KNOTS('',1,(#1312,#1313),.UNSPECIFIED.,.F.,
  .F.,(2,2),(0.,1.570796326795),.PIECEWISE_BEZIER_KNOTS.);
#1312 = CARTESIAN_POINT('',(0.,1.428463846293E-15));
#1313 = CARTESIAN_POINT('',(1.570796326795,1.428463846293E-15));
#1314 = ( GEOMETRIC_REPRESENTATION_CONTEXT(2) 
PARAMETRIC_REPRESENTATION_CONTEXT() REPRESENTATION_CONTEXT('2D SPACE',''
  ) );
#1315 = PCURVE('',#936,#1316);
#1316 = DEFINITIONAL_REPRESENTATION('',(#1317),#1330);
#1317 = B_SPLINE_CURVE_WITH_KNOTS('',11,(#1318,#1319,#1320,#1321,#1322,
    #1323,#1324,#1325,#1326,#1327,#1328,#1329),.UNSPECIFIED.,.F.,.F.,(12
    ,12),(0.,1.570796326795),.PIECEWISE_BEZIER_KNOTS.);
#1318 = CARTESIAN_POINT('',(1.658062789395,41.274494968333));
#1319 = CARTESIAN_POINT('',(1.52401236452,41.274494968338));
#1320 = CARTESIAN_POINT('',(1.381264416966,41.274494968312));
#1321 = CARTESIAN_POINT('',(1.23049844072,41.274494968381));
#1322 = CARTESIAN_POINT('',(1.073024440253,41.274494968253));
#1323 = CARTESIAN_POINT('',(0.910949048457,41.27449496843));
#1324 = CARTESIAN_POINT('',(0.74711374119,41.274494968244));
#1325 = CARTESIAN_POINT('',(0.585038348722,41.274494968395));
#1326 = CARTESIAN_POINT('',(0.427564348904,41.2744949683));
#1327 = CARTESIAN_POINT('',(0.276798372378,41.274494968345));
#1328 = CARTESIAN_POINT('',(0.134050424874,41.27449496833));
#1329 = CARTESIAN_POINT('',(1.693584524155E-16,41.274494968333));
#1330 = ( GEOMETRIC_REPRESENTATION_CONTEXT(2) 
PARAMETRIC_REPRESENTATION_CONTEXT() REPRESENTATION_CONTEXT('2D SPACE',''
  ) );
#1331 = ORIENTED_EDGE('',*,*,#689,.T.);
#1332 = ORIENTED_EDGE('',*,*,#1235,.F.);
#1333 = ORIENTED_EDGE('',*,*,#1115,.F.);
#1334 = ADVANCED_FACE('',(#1335),#837,.F.);
#1335 = FACE_BOUND('',#1336,.F.);
#1336 = EDGE_LOOP('',(#1337,#1366,#1367,#1368));
#1337 = ORIENTED_EDGE('',*,*,#1338,.T.);
#1338 = EDGE_CURVE('',#1151,#786,#1339,.T.);
#1339 = SURFACE_CURVE('',#1340,(#1344,#1350),.PCURVE_S1.);
#1340 = ( BOUNDED_CURVE() B_SPLINE_CURVE(2,(#1341,#1342,#1343),
.UNSPECIFIED.,.F.,.F.) B_SPLINE_CURVE_WITH_KNOTS((3,3),(0.,
1.570796326795),.PIECEWISE_BEZIER_KNOTS.) CURVE() 
GEOMETRIC_REPRESENTATION_ITEM() RATIONAL_B_SPLINE_CURVE((1.,
0.675590207616,1.)) REPRESENTATION_ITEM('') );
#1341 = CARTESIAN_POINT('',(533.63037248396,308.72550503166,0.));
#1342 = CARTESIAN_POINT('',(550.,308.72550503166,-1.7763568394E-15));
#1343 = CARTESIAN_POINT('',(548.57329295533,308.72550503166,
    16.307336141215));
#1344 = PCURVE('',#837,#1345);
#1345 = DEFINITIONAL_REPRESENTATION('',(#1346),#1349);
#1346 = B_SPLINE_CURVE_WITH_KNOTS('',1,(#1347,#1348),.UNSPECIFIED.,.F.,
  .F.,(2,2),(0.,1.570796326795),.PIECEWISE_BEZIER_KNOTS.);
#1347 = CARTESIAN_POINT('',(0.,0.));
#1348 = CARTESIAN_POINT('',(1.570796326795,0.));
#1349 = ( GEOMETRIC_REPRESENTATION_CONTEXT(2) 
PARAMETRIC_REPRESENTATION_CONTEXT() REPRESENTATION_CONTEXT('2D SPACE',''
  ) );
#1350 = PCURVE('',#936,#1351);
#1351 = DEFINITIONAL_REPRESENTATION('',(#1352),#1365);
#1352 = B_SPLINE_CURVE_WITH_KNOTS('',11,(#1353,#1354,#1355,#1356,#1357,
    #1358,#1359,#1360,#1361,#1362,#1363,#1364),.UNSPECIFIED.,.F.,.F.,(12
    ,12),(0.,1.570796326795),.PIECEWISE_BEZIER_KNOTS.);
#1353 = CARTESIAN_POINT('',(1.658062789395,658.72550503166));
#1354 = CARTESIAN_POINT('',(1.52401236452,658.72550503172));
#1355 = CARTESIAN_POINT('',(1.381264416966,658.72550503142));
#1356 = CARTESIAN_POINT('',(1.230498440719,658.72550503229));
#1357 = CARTESIAN_POINT('',(1.073024440255,658.72550503056));
#1358 = CARTESIAN_POINT('',(0.910949048455,658.72550503312));
#1359 = CARTESIAN_POINT('',(0.747113741192,658.72550503022));
#1360 = CARTESIAN_POINT('',(0.585038348721,658.72550503275));
#1361 = CARTESIAN_POINT('',(0.427564348905,658.72550503105));
#1362 = CARTESIAN_POINT('',(0.276798372378,658.7255050319));
#1363 = CARTESIAN_POINT('',(0.134050424875,658.72550503161));
#1364 = CARTESIAN_POINT('',(3.330669073875E-16,658.72550503166));
#1365 = ( GEOMETRIC_REPRESENTATION_CONTEXT(2) 
PARAMETRIC_REPRESENTATION_CONTEXT() REPRESENTATION_CONTEXT('2D SPACE',''
  ) );
#1366 = ORIENTED_EDGE('',*,*,#810,.T.);
#1367 = ORIENTED_EDGE('',*,*,#1270,.F.);
#1368 = ORIENTED_EDGE('',*,*,#1173,.F.);
#1369 = ADVANCED_FACE('',(#1370),#936,.T.);
#1370 = FACE_BOUND('',#1371,.T.);
#1371 = EDGE_LOOP('',(#1372,#1373,#1374,#1375));
#1372 = ORIENTED_EDGE('',*,*,#1303,.F.);
#1373 = ORIENTED_EDGE('',*,*,#1150,.T.);
#1374 = ORIENTED_EDGE('',*,*,#1338,.T.);
#1375 = ORIENTED_EDGE('',*,*,#922,.F.);
#1376 = ADVANCED_FACE('',(#1377,#1387),#65,.T.);
#1377 = FACE_BOUND('',#1378,.T.);
#1378 = EDGE_LOOP('',(#1379,#1380,#1381,#1382,#1383,#1384,#1385,#1386));
#1379 = ORIENTED_EDGE('',*,*,#43,.F.);
#1380 = ORIENTED_EDGE('',*,*,#254,.T.);
#1381 = ORIENTED_EDGE('',*,*,#501,.T.);
#1382 = ORIENTED_EDGE('',*,*,#752,.F.);
#1383 = ORIENTED_EDGE('',*,*,#902,.T.);
#1384 = ORIENTED_EDGE('',*,*,#873,.T.);
#1385 = ORIENTED_EDGE('',*,*,#580,.F.);
#1386 = ORIENTED_EDGE('',*,*,#376,.F.);
#1387 = FACE_BOUND('',#1388,.T.);
#1388 = EDGE_LOOP('',(#1389,#1426,#1452,#1487,#1513,#1548,#1574,#1609));
#1389 = ORIENTED_EDGE('',*,*,#1390,.F.);
#1390 = EDGE_CURVE('',#1391,#1393,#1395,.T.);
#1391 = VERTEX_POINT('',#1392);
#1392 = CARTESIAN_POINT('',(538.59792251907,299.64670982369,
    120.00000004597));
#1393 = VERTEX_POINT('',#1394);
#1394 = CARTESIAN_POINT('',(499.64670982771,338.5979225231,120.));
#1395 = SURFACE_CURVE('',#1396,(#1401,#1408),.PCURVE_S1.);
#1396 = ELLIPSE('',#1397,39.398145103009,39.1);
#1397 = AXIS2_PLACEMENT_3D('',#1398,#1399,#1400);
#1398 = CARTESIAN_POINT('',(499.34856687515,299.34856687515,120.));
#1399 = DIRECTION('',(0.,0.,1.));
#1400 = DIRECTION('',(-0.707106781187,-0.707106781187,0.));
#1401 = PCURVE('',#65,#1402);
#1402 = DEFINITIONAL_REPRESENTATION('',(#1403),#1407);
#1403 = ELLIPSE('',#1404,39.398145103009,39.1);
#1404 = AXIS2_PLACEMENT_2D('',#1405,#1406);
#1405 = CARTESIAN_POINT('',(1.049348566875E+03,649.34856687515));
#1406 = DIRECTION('',(-0.707106781187,-0.707106781187));
#1407 = ( GEOMETRIC_REPRESENTATION_CONTEXT(2) 
PARAMETRIC_REPRESENTATION_CONTEXT() REPRESENTATION_CONTEXT('2D SPACE',''
  ) );
#1408 = PCURVE('',#1409,#1414);
#1409 = CYLINDRICAL_SURFACE('',#1410,39.1);
#1410 = AXIS2_PLACEMENT_3D('',#1411,#1412,#1413);
#1411 = CARTESIAN_POINT('',(510.45261886727,310.45261886727,
    -6.919895042505));
#1412 = DIRECTION('',(-8.682659386425E-02,-8.682659386425E-02,
    0.992432509139));
#1413 = DIRECTION('',(0.996194698092,0.,8.715574274766E-02));
#1414 = DEFINITIONAL_REPRESENTATION('',(#1415),#1425);
#1415 = B_SPLINE_CURVE_WITH_KNOTS('',8,(#1416,#1417,#1418,#1419,#1420,
    #1421,#1422,#1423,#1424),.UNSPECIFIED.,.F.,.F.,(9,9),(1.887994070772
    ,4.395191236407),.PIECEWISE_BEZIER_KNOTS.);
#1416 = CARTESIAN_POINT('',(-0.471998517693,126.37876351683));
#1417 = CARTESIAN_POINT('',(-0.158598871989,124.93824984627));
#1418 = CARTESIAN_POINT('',(0.154800773715,123.66711187489));
#1419 = CARTESIAN_POINT('',(0.468200419418,122.78096692089));
#1420 = CARTESIAN_POINT('',(0.781600065126,122.45980984345));
#1421 = CARTESIAN_POINT('',(1.094999710826,122.78096692101));
#1422 = CARTESIAN_POINT('',(1.408399356533,123.66711187498));
#1423 = CARTESIAN_POINT('',(1.721799002237,124.93824984627));
#1424 = CARTESIAN_POINT('',(2.035198647941,126.37876351683));
#1425 = ( GEOMETRIC_REPRESENTATION_CONTEXT(2) 
PARAMETRIC_REPRESENTATION_CONTEXT() REPRESENTATION_CONTEXT('2D SPACE',''
  ) );
#1426 = ORIENTED_EDGE('',*,*,#1427,.T.);
#1427 = EDGE_CURVE('',#1391,#1428,#1430,.T.);
#1428 = VERTEX_POINT('',#1429);
#1429 = CARTESIAN_POINT('',(538.59792251907,-299.6467098236,
    120.000000046));
#1430 = SURFACE_CURVE('',#1431,(#1435,#1441),.PCURVE_S1.);
#1431 = LINE('',#1432,#1433);
#1432 = CARTESIAN_POINT('',(538.5979225231,-350.,120.));
#1433 = VECTOR('',#1434,1.);
#1434 = DIRECTION('',(0.,-1.,0.));
#1435 = PCURVE('',#65,#1436);
#1436 = DEFINITIONAL_REPRESENTATION('',(#1437),#1440);
#1437 = B_SPLINE_CURVE_WITH_KNOTS('',1,(#1438,#1439),.UNSPECIFIED.,.F.,
  .F.,(2,2),(-1.E+07,1.E+07),.PIECEWISE_BEZIER_KNOTS.);
#1438 = CARTESIAN_POINT('',(1.088597922523E+03,1.E+07));
#1439 = CARTESIAN_POINT('',(1.088597922523E+03,-1.E+07));
#1440 = ( GEOMETRIC_REPRESENTATION_CONTEXT(2) 
PARAMETRIC_REPRESENTATION_CONTEXT() REPRESENTATION_CONTEXT('2D SPACE',''
  ) );
#1441 = PCURVE('',#1442,#1447);
#1442 = PLANE('',#1443);
#1443 = AXIS2_PLACEMENT_3D('',#1444,#1445,#1446);
#1444 = CARTESIAN_POINT('',(549.10342477171,-350.,-7.844016847289E-02));
#1445 = DIRECTION('',(0.996194698092,0.,8.715574274766E-02));
#1446 = DIRECTION('',(-8.715574274766E-02,0.,0.996194698092));
#1447 = DEFINITIONAL_REPRESENTATION('',(#1448),#1451);
#1448 = B_SPLINE_CURVE_WITH_KNOTS('',1,(#1449,#1450),.UNSPECIFIED.,.F.,
  .F.,(2,2),(-1.E+07,1.E+07),.PIECEWISE_BEZIER_KNOTS.);
#1449 = CARTESIAN_POINT('',(120.53712030237,-1.E+07));
#1450 = CARTESIAN_POINT('',(120.53712030237,1.E+07));
#1451 = ( GEOMETRIC_REPRESENTATION_CONTEXT(2) 
PARAMETRIC_REPRESENTATION_CONTEXT() REPRESENTATION_CONTEXT('2D SPACE',''
  ) );
#1452 = ORIENTED_EDGE('',*,*,#1453,.F.);
#1453 = EDGE_CURVE('',#1454,#1428,#1456,.T.);
#1454 = VERTEX_POINT('',#1455);
#1455 = CARTESIAN_POINT('',(499.64670982771,-338.5979225231,120.));
#1456 = SURFACE_CURVE('',#1457,(#1462,#1469),.PCURVE_S1.);
#1457 = ELLIPSE('',#1458,39.398145103009,39.1);
#1458 = AXIS2_PLACEMENT_3D('',#1459,#1460,#1461);
#1459 = CARTESIAN_POINT('',(499.34856687515,-299.3485668751,120.));
#1460 = DIRECTION('',(0.,0.,1.));
#1461 = DIRECTION('',(-0.707106781187,0.707106781187,0.));
#1462 = PCURVE('',#65,#1463);
#1463 = DEFINITIONAL_REPRESENTATION('',(#1464),#1468);
#1464 = ELLIPSE('',#1465,39.398145103009,39.1);
#1465 = AXIS2_PLACEMENT_2D('',#1466,#1467);
#1466 = CARTESIAN_POINT('',(1.049348566875E+03,50.651433124845));
#1467 = DIRECTION('',(-0.707106781187,0.707106781187));
#1468 = ( GEOMETRIC_REPRESENTATION_CONTEXT(2) 
PARAMETRIC_REPRESENTATION_CONTEXT() REPRESENTATION_CONTEXT('2D SPACE',''
  ) );
#1469 = PCURVE('',#1470,#1475);
#1470 = CYLINDRICAL_SURFACE('',#1471,39.1);
#1471 = AXIS2_PLACEMENT_3D('',#1472,#1473,#1474);
#1472 = CARTESIAN_POINT('',(510.45261886727,-310.4526188672,
    -6.919895042505));
#1473 = DIRECTION('',(-8.682659386425E-02,8.682659386425E-02,
    0.992432509139));
#1474 = DIRECTION('',(0.996194698092,0.,8.715574274766E-02));
#1475 = DEFINITIONAL_REPRESENTATION('',(#1476),#1486);
#1476 = B_SPLINE_CURVE_WITH_KNOTS('',8,(#1477,#1478,#1479,#1480,#1481,
    #1482,#1483,#1484,#1485),.UNSPECIFIED.,.F.,.F.,(9,9),(1.887994070773
    ,4.395191236407),.PIECEWISE_BEZIER_KNOTS.);
#1477 = CARTESIAN_POINT('',(-2.035198647941,126.37876351683));
#1478 = CARTESIAN_POINT('',(-1.721799002237,124.93824984627));
#1479 = CARTESIAN_POINT('',(-1.408399356533,123.66711187511));
#1480 = CARTESIAN_POINT('',(-1.094999710828,122.78096692031));
#1481 = CARTESIAN_POINT('',(-0.781600065126,122.45980984473));
#1482 = CARTESIAN_POINT('',(-0.468200419417,122.78096692042));
#1483 = CARTESIAN_POINT('',(-0.154800773715,123.66711187506));
#1484 = CARTESIAN_POINT('',(0.158598871989,124.93824984627));
#1485 = CARTESIAN_POINT('',(0.471998517693,126.37876351683));
#1486 = ( GEOMETRIC_REPRESENTATION_CONTEXT(2) 
PARAMETRIC_REPRESENTATION_CONTEXT() REPRESENTATION_CONTEXT('2D SPACE',''
  ) );
#1487 = ORIENTED_EDGE('',*,*,#1488,.F.);
#1488 = EDGE_CURVE('',#1489,#1454,#1491,.T.);
#1489 = VERTEX_POINT('',#1490);
#1490 = CARTESIAN_POINT('',(-499.6467098236,-338.597922519,
    120.00000004601));
#1491 = SURFACE_CURVE('',#1492,(#1496,#1502),.PCURVE_S1.);
#1492 = LINE('',#1493,#1494);
#1493 = CARTESIAN_POINT('',(-550.,-338.5979225231,120.));
#1494 = VECTOR('',#1495,1.);
#1495 = DIRECTION('',(1.,-0.,0.));
#1496 = PCURVE('',#65,#1497);
#1497 = DEFINITIONAL_REPRESENTATION('',(#1498),#1501);
#1498 = B_SPLINE_CURVE_WITH_KNOTS('',1,(#1499,#1500),.UNSPECIFIED.,.F.,
  .F.,(2,2),(-1.E+07,1.E+07),.PIECEWISE_BEZIER_KNOTS.);
#1499 = CARTESIAN_POINT('',(-1.E+07,11.4020774769));
#1500 = CARTESIAN_POINT('',(1.E+07,11.4020774769));
#1501 = ( GEOMETRIC_REPRESENTATION_CONTEXT(2) 
PARAMETRIC_REPRESENTATION_CONTEXT() REPRESENTATION_CONTEXT('2D SPACE',''
  ) );
#1502 = PCURVE('',#1503,#1508);
#1503 = PLANE('',#1504);
#1504 = AXIS2_PLACEMENT_3D('',#1505,#1506,#1507);
#1505 = CARTESIAN_POINT('',(-550.,-349.1034247717,-7.844016847289E-02));
#1506 = DIRECTION('',(0.,0.996194698092,-8.715574274766E-02));
#1507 = DIRECTION('',(0.,8.715574274766E-02,0.996194698092));
#1508 = DEFINITIONAL_REPRESENTATION('',(#1509),#1512);
#1509 = B_SPLINE_CURVE_WITH_KNOTS('',1,(#1510,#1511),.UNSPECIFIED.,.F.,
  .F.,(2,2),(-1.E+07,1.E+07),.PIECEWISE_BEZIER_KNOTS.);
#1510 = CARTESIAN_POINT('',(120.53712030237,-1.E+07));
#1511 = CARTESIAN_POINT('',(120.53712030237,1.E+07));
#1512 = ( GEOMETRIC_REPRESENTATION_CONTEXT(2) 
PARAMETRIC_REPRESENTATION_CONTEXT() REPRESENTATION_CONTEXT('2D SPACE',''
  ) );
#1513 = ORIENTED_EDGE('',*,*,#1514,.F.);
#1514 = EDGE_CURVE('',#1515,#1489,#1517,.T.);
#1515 = VERTEX_POINT('',#1516);
#1516 = CARTESIAN_POINT('',(-538.5979225231,-299.6467098277,120.));
#1517 = SURFACE_CURVE('',#1518,(#1523,#1530),.PCURVE_S1.);
#1518 = ELLIPSE('',#1519,39.398145103009,39.1);
#1519 = AXIS2_PLACEMENT_3D('',#1520,#1521,#1522);
#1520 = CARTESIAN_POINT('',(-499.3485668751,-299.3485668751,120.));
#1521 = DIRECTION('',(0.,0.,1.));
#1522 = DIRECTION('',(0.707106781187,0.707106781187,-0.));
#1523 = PCURVE('',#65,#1524);
#1524 = DEFINITIONAL_REPRESENTATION('',(#1525),#1529);
#1525 = ELLIPSE('',#1526,39.398145103009,39.1);
#1526 = AXIS2_PLACEMENT_2D('',#1527,#1528);
#1527 = CARTESIAN_POINT('',(50.651433124845,50.651433124845));
#1528 = DIRECTION('',(0.707106781187,0.707106781187));
#1529 = ( GEOMETRIC_REPRESENTATION_CONTEXT(2) 
PARAMETRIC_REPRESENTATION_CONTEXT() REPRESENTATION_CONTEXT('2D SPACE',''
  ) );
#1530 = PCURVE('',#1531,#1536);
#1531 = CYLINDRICAL_SURFACE('',#1532,39.1);
#1532 = AXIS2_PLACEMENT_3D('',#1533,#1534,#1535);
#1533 = CARTESIAN_POINT('',(-510.4526188672,-310.4526188672,
    -6.919895042505));
#1534 = DIRECTION('',(8.682659386425E-02,8.682659386425E-02,
    0.992432509139));
#1535 = DIRECTION('',(-0.996194698092,0.,8.715574274766E-02));
#1536 = DEFINITIONAL_REPRESENTATION('',(#1537),#1547);
#1537 = B_SPLINE_CURVE_WITH_KNOTS('',8,(#1538,#1539,#1540,#1541,#1542,
    #1543,#1544,#1545,#1546),.UNSPECIFIED.,.F.,.F.,(9,9),(1.887994070773
    ,4.395191236407),.PIECEWISE_BEZIER_KNOTS.);
#1538 = CARTESIAN_POINT('',(-0.471998517693,126.37876351683));
#1539 = CARTESIAN_POINT('',(-0.158598871989,124.93824984627));
#1540 = CARTESIAN_POINT('',(0.154800773716,123.66711187489));
#1541 = CARTESIAN_POINT('',(0.468200419414,122.78096692089));
#1542 = CARTESIAN_POINT('',(0.781600065128,122.45980984345));
#1543 = CARTESIAN_POINT('',(1.094999710823,122.78096692101));
#1544 = CARTESIAN_POINT('',(1.408399356533,123.66711187498));
#1545 = CARTESIAN_POINT('',(1.721799002237,124.93824984627));
#1546 = CARTESIAN_POINT('',(2.035198647941,126.37876351683));
#1547 = ( GEOMETRIC_REPRESENTATION_CONTEXT(2) 
PARAMETRIC_REPRESENTATION_CONTEXT() REPRESENTATION_CONTEXT('2D SPACE',''
  ) );
#1548 = ORIENTED_EDGE('',*,*,#1549,.F.);
#1549 = EDGE_CURVE('',#1550,#1515,#1552,.T.);
#1550 = VERTEX_POINT('',#1551);
#1551 = CARTESIAN_POINT('',(-538.5979225231,299.64670982771,120.));
#1552 = SURFACE_CURVE('',#1553,(#1557,#1563),.PCURVE_S1.);
#1553 = LINE('',#1554,#1555);
#1554 = CARTESIAN_POINT('',(-538.5979225231,-350.,120.));
#1555 = VECTOR('',#1556,1.);
#1556 = DIRECTION('',(0.,-1.,0.));
#1557 = PCURVE('',#65,#1558);
#1558 = DEFINITIONAL_REPRESENTATION('',(#1559),#1562);
#1559 = B_SPLINE_CURVE_WITH_KNOTS('',1,(#1560,#1561),.UNSPECIFIED.,.F.,
  .F.,(2,2),(-1.E+07,1.E+07),.PIECEWISE_BEZIER_KNOTS.);
#1560 = CARTESIAN_POINT('',(11.4020774769,1.E+07));
#1561 = CARTESIAN_POINT('',(11.4020774769,-1.E+07));
#1562 = ( GEOMETRIC_REPRESENTATION_CONTEXT(2) 
PARAMETRIC_REPRESENTATION_CONTEXT() REPRESENTATION_CONTEXT('2D SPACE',''
  ) );
#1563 = PCURVE('',#1564,#1569);
#1564 = PLANE('',#1565);
#1565 = AXIS2_PLACEMENT_3D('',#1566,#1567,#1568);
#1566 = CARTESIAN_POINT('',(-549.1034247717,-350.,-7.844016847289E-02));
#1567 = DIRECTION('',(0.996194698092,0.,-8.715574274766E-02));
#1568 = DIRECTION('',(8.715574274766E-02,0.,0.996194698092));
#1569 = DEFINITIONAL_REPRESENTATION('',(#1570),#1573);
#1570 = B_SPLINE_CURVE_WITH_KNOTS('',1,(#1571,#1572),.UNSPECIFIED.,.F.,
  .F.,(2,2),(-1.E+07,1.E+07),.PIECEWISE_BEZIER_KNOTS.);
#1571 = CARTESIAN_POINT('',(120.53712030237,-1.E+07));
#1572 = CARTESIAN_POINT('',(120.53712030237,1.E+07));
#1573 = ( GEOMETRIC_REPRESENTATION_CONTEXT(2) 
PARAMETRIC_REPRESENTATION_CONTEXT() REPRESENTATION_CONTEXT('2D SPACE',''
  ) );
#1574 = ORIENTED_EDGE('',*,*,#1575,.F.);
#1575 = EDGE_CURVE('',#1576,#1550,#1578,.T.);
#1576 = VERTEX_POINT('',#1577);
#1577 = CARTESIAN_POINT('',(-499.6467098236,338.59792251907,
    120.00000004595));
#1578 = SURFACE_CURVE('',#1579,(#1584,#1591),.PCURVE_S1.);
#1579 = ELLIPSE('',#1580,39.398145103009,39.1);
#1580 = AXIS2_PLACEMENT_3D('',#1581,#1582,#1583);
#1581 = CARTESIAN_POINT('',(-499.3485668751,299.34856687515,120.));
#1582 = DIRECTION('',(0.,0.,1.));
#1583 = DIRECTION('',(0.707106781187,-0.707106781187,0.));
#1584 = PCURVE('',#65,#1585);
#1585 = DEFINITIONAL_REPRESENTATION('',(#1586),#1590);
#1586 = ELLIPSE('',#1587,39.398145103009,39.1);
#1587 = AXIS2_PLACEMENT_2D('',#1588,#1589);
#1588 = CARTESIAN_POINT('',(50.651433124845,649.34856687515));
#1589 = DIRECTION('',(0.707106781187,-0.707106781187));
#1590 = ( GEOMETRIC_REPRESENTATION_CONTEXT(2) 
PARAMETRIC_REPRESENTATION_CONTEXT() REPRESENTATION_CONTEXT('2D SPACE',''
  ) );
#1591 = PCURVE('',#1592,#1597);
#1592 = CYLINDRICAL_SURFACE('',#1593,39.1);
#1593 = AXIS2_PLACEMENT_3D('',#1594,#1595,#1596);
#1594 = CARTESIAN_POINT('',(-510.4526188672,310.45261886727,
    -6.919895042505));
#1595 = DIRECTION('',(8.682659386425E-02,-8.682659386425E-02,
    0.992432509139));
#1596 = DIRECTION('',(-0.996194698092,0.,8.715574274766E-02));
#1597 = DEFINITIONAL_REPRESENTATION('',(#1598),#1608);
#1598 = B_SPLINE_CURVE_WITH_KNOTS('',8,(#1599,#1600,#1601,#1602,#1603,
    #1604,#1605,#1606,#1607),.UNSPECIFIED.,.F.,.F.,(9,9),(1.887994070773
    ,4.395191236407),.PIECEWISE_BEZIER_KNOTS.);
#1599 = CARTESIAN_POINT('',(-2.035198647941,126.37876351683));
#1600 = CARTESIAN_POINT('',(-1.721799002237,124.93824984627));
#1601 = CARTESIAN_POINT('',(-1.408399356531,123.66711187483));
#1602 = CARTESIAN_POINT('',(-1.09499971083,122.78096692112));
#1603 = CARTESIAN_POINT('',(-0.781600065117,122.45980984251));
#1604 = CARTESIAN_POINT('',(-0.468200419422,122.78096692124));
#1605 = CARTESIAN_POINT('',(-0.154800773714,123.66711187486));
#1606 = CARTESIAN_POINT('',(0.158598871989,124.93824984627));
#1607 = CARTESIAN_POINT('',(0.471998517693,126.37876351683));
#1608 = ( GEOMETRIC_REPRESENTATION_CONTEXT(2) 
PARAMETRIC_REPRESENTATION_CONTEXT() REPRESENTATION_CONTEXT('2D SPACE',''
  ) );
#1609 = ORIENTED_EDGE('',*,*,#1610,.T.);
#1610 = EDGE_CURVE('',#1576,#1393,#1611,.T.);
#1611 = SURFACE_CURVE('',#1612,(#1616,#1622),.PCURVE_S1.);
#1612 = LINE('',#1613,#1614);
#1613 = CARTESIAN_POINT('',(-550.,338.5979225231,120.));
#1614 = VECTOR('',#1615,1.);
#1615 = DIRECTION('',(1.,0.,0.));
#1616 = PCURVE('',#65,#1617);
#1617 = DEFINITIONAL_REPRESENTATION('',(#1618),#1621);
#1618 = B_SPLINE_CURVE_WITH_KNOTS('',1,(#1619,#1620),.UNSPECIFIED.,.F.,
  .F.,(2,2),(-1.E+07,1.E+07),.PIECEWISE_BEZIER_KNOTS.);
#1619 = CARTESIAN_POINT('',(-1.E+07,688.5979225231));
#1620 = CARTESIAN_POINT('',(1.E+07,688.5979225231));
#1621 = ( GEOMETRIC_REPRESENTATION_CONTEXT(2) 
PARAMETRIC_REPRESENTATION_CONTEXT() REPRESENTATION_CONTEXT('2D SPACE',''
  ) );
#1622 = PCURVE('',#1623,#1628);
#1623 = PLANE('',#1624);
#1624 = AXIS2_PLACEMENT_3D('',#1625,#1626,#1627);
#1625 = CARTESIAN_POINT('',(-550.,349.10342477171,-7.844016847289E-02));
#1626 = DIRECTION('',(0.,0.996194698092,8.715574274766E-02));
#1627 = DIRECTION('',(0.,-8.715574274766E-02,0.996194698092));
#1628 = DEFINITIONAL_REPRESENTATION('',(#1629),#1632);
#1629 = B_SPLINE_CURVE_WITH_KNOTS('',1,(#1630,#1631),.UNSPECIFIED.,.F.,
  .F.,(2,2),(-1.E+07,1.E+07),.PIECEWISE_BEZIER_KNOTS.);
#1630 = CARTESIAN_POINT('',(120.53712030237,-1.E+07));
#1631 = CARTESIAN_POINT('',(120.53712030237,1.E+07));
#1632 = ( GEOMETRIC_REPRESENTATION_CONTEXT(2) 
PARAMETRIC_REPRESENTATION_CONTEXT() REPRESENTATION_CONTEXT('2D SPACE',''
  ) );
#1633 = ADVANCED_FACE('',(#1634),#1564,.T.);
#1634 = FACE_BOUND('',#1635,.T.);
#1635 = EDGE_LOOP('',(#1636,#1637,#1660,#1688));
#1636 = ORIENTED_EDGE('',*,*,#1549,.T.);
#1637 = ORIENTED_EDGE('',*,*,#1638,.F.);
#1638 = EDGE_CURVE('',#1639,#1515,#1641,.T.);
#1639 = VERTEX_POINT('',#1640);
#1640 = CARTESIAN_POINT('',(-547.676717727,-308.7255050316,
    16.228895972742));
#1641 = SURFACE_CURVE('',#1642,(#1646,#1653),.PCURVE_S1.);
#1642 = LINE('',#1643,#1644);
#1643 = CARTESIAN_POINT('',(-549.4038315626,-310.4526188672,
    -3.512105501072));
#1644 = VECTOR('',#1645,1.);
#1645 = DIRECTION('',(8.682659386425E-02,8.682659386425E-02,
    0.992432509139));
#1646 = PCURVE('',#1564,#1647);
#1647 = DEFINITIONAL_REPRESENTATION('',(#1648),#1652);
#1648 = LINE('',#1649,#1650);
#1649 = CARTESIAN_POINT('',(-3.446781376347,-39.54738113272));
#1650 = VECTOR('',#1651,1.);
#1651 = DIRECTION('',(0.996223440097,-8.682659386425E-02));
#1652 = ( GEOMETRIC_REPRESENTATION_CONTEXT(2) 
PARAMETRIC_REPRESENTATION_CONTEXT() REPRESENTATION_CONTEXT('2D SPACE',''
  ) );
#1653 = PCURVE('',#1531,#1654);
#1654 = DEFINITIONAL_REPRESENTATION('',(#1655),#1659);
#1655 = LINE('',#1656,#1657);
#1656 = CARTESIAN_POINT('',(0.,0.));
#1657 = VECTOR('',#1658,1.);
#1658 = DIRECTION('',(0.,1.));
#1659 = ( GEOMETRIC_REPRESENTATION_CONTEXT(2) 
PARAMETRIC_REPRESENTATION_CONTEXT() REPRESENTATION_CONTEXT('2D SPACE',''
  ) );
#1660 = ORIENTED_EDGE('',*,*,#1661,.T.);
#1661 = EDGE_CURVE('',#1639,#1662,#1664,.T.);
#1662 = VERTEX_POINT('',#1663);
#1663 = CARTESIAN_POINT('',(-547.676717727,308.72550503166,
    16.228895972742));
#1664 = SURFACE_CURVE('',#1665,(#1669,#1676),.PCURVE_S1.);
#1665 = LINE('',#1666,#1667);
#1666 = CARTESIAN_POINT('',(-547.676717727,-350.,16.228895972742));
#1667 = VECTOR('',#1668,1.);
#1668 = DIRECTION('',(-0.,1.,-0.));
#1669 = PCURVE('',#1564,#1670);
#1670 = DEFINITIONAL_REPRESENTATION('',(#1671),#1675);
#1671 = LINE('',#1672,#1673);
#1672 = CARTESIAN_POINT('',(16.369627516039,0.));
#1673 = VECTOR('',#1674,1.);
#1674 = DIRECTION('',(0.,-1.));
#1675 = ( GEOMETRIC_REPRESENTATION_CONTEXT(2) 
PARAMETRIC_REPRESENTATION_CONTEXT() REPRESENTATION_CONTEXT('2D SPACE',''
  ) );
#1676 = PCURVE('',#1677,#1682);
#1677 = CYLINDRICAL_SURFACE('',#1678,14.1);
#1678 = AXIS2_PLACEMENT_3D('',#1679,#1680,#1681);
#1679 = CARTESIAN_POINT('',(-533.6303724839,-350.,15.));
#1680 = DIRECTION('',(-0.,1.,-0.));
#1681 = DIRECTION('',(-0.996194698092,0.,8.715574274766E-02));
#1682 = DEFINITIONAL_REPRESENTATION('',(#1683),#1687);
#1683 = LINE('',#1684,#1685);
#1684 = CARTESIAN_POINT('',(-0.,0.));
#1685 = VECTOR('',#1686,1.);
#1686 = DIRECTION('',(-0.,1.));
#1687 = ( GEOMETRIC_REPRESENTATION_CONTEXT(2) 
PARAMETRIC_REPRESENTATION_CONTEXT() REPRESENTATION_CONTEXT('2D SPACE',''
  ) );
#1688 = ORIENTED_EDGE('',*,*,#1689,.T.);
#1689 = EDGE_CURVE('',#1662,#1550,#1690,.T.);
#1690 = SURFACE_CURVE('',#1691,(#1695,#1702),.PCURVE_S1.);
#1691 = LINE('',#1692,#1693);
#1692 = CARTESIAN_POINT('',(-549.4038315626,310.45261886727,
    -3.512105501072));
#1693 = VECTOR('',#1694,1.);
#1694 = DIRECTION('',(8.682659386425E-02,-8.682659386425E-02,
    0.992432509139));
#1695 = PCURVE('',#1564,#1696);
#1696 = DEFINITIONAL_REPRESENTATION('',(#1697),#1701);
#1697 = LINE('',#1698,#1699);
#1698 = CARTESIAN_POINT('',(-3.446781376347,-660.4526188672));
#1699 = VECTOR('',#1700,1.);
#1700 = DIRECTION('',(0.996223440097,8.682659386425E-02));
#1701 = ( GEOMETRIC_REPRESENTATION_CONTEXT(2) 
PARAMETRIC_REPRESENTATION_CONTEXT() REPRESENTATION_CONTEXT('2D SPACE',''
  ) );
#1702 = PCURVE('',#1592,#1703);
#1703 = DEFINITIONAL_REPRESENTATION('',(#1704),#1708);
#1704 = LINE('',#1705,#1706);
#1705 = CARTESIAN_POINT('',(-0.,0.));
#1706 = VECTOR('',#1707,1.);
#1707 = DIRECTION('',(-0.,1.));
#1708 = ( GEOMETRIC_REPRESENTATION_CONTEXT(2) 
PARAMETRIC_REPRESENTATION_CONTEXT() REPRESENTATION_CONTEXT('2D SPACE',''
  ) );
#1709 = ADVANCED_FACE('',(#1710),#1531,.F.);
#1710 = FACE_BOUND('',#1711,.F.);
#1711 = EDGE_LOOP('',(#1712,#1775,#1796,#1797));
#1712 = ORIENTED_EDGE('',*,*,#1713,.T.);
#1713 = EDGE_CURVE('',#1639,#1714,#1716,.T.);
#1714 = VERTEX_POINT('',#1715);
#1715 = CARTESIAN_POINT('',(-508.7255050316,-347.676717727,
    16.228895972742));
#1716 = SURFACE_CURVE('',#1717,(#1725,#1739),.PCURVE_S1.);
#1717 = B_SPLINE_CURVE_WITH_KNOTS('',6,(#1718,#1719,#1720,#1721,#1722,
    #1723,#1724),.UNSPECIFIED.,.F.,.F.,(7,7),(1.428463846293E-15,
    1.570796326795),.PIECEWISE_BEZIER_KNOTS.);
#1718 = CARTESIAN_POINT('',(-547.676717727,-308.7255050316,
    16.228895972742));
#1719 = CARTESIAN_POINT('',(-547.6489163047,-318.9240177686,
    16.546667683494));
#1720 = CARTESIAN_POINT('',(-544.433351845,-329.1026798331,
    16.764224981617));
#1721 = CARTESIAN_POINT('',(-538.0306843859,-338.0306843859,
    16.843117129041));
#1722 = CARTESIAN_POINT('',(-529.1026798331,-344.4333518451,
    16.764224981612));
#1723 = CARTESIAN_POINT('',(-518.9240177686,-347.6489163047,
    16.546667683497));
#1724 = CARTESIAN_POINT('',(-508.7255050316,-347.676717727,
    16.228895972742));
#1725 = PCURVE('',#1531,#1726);
#1726 = DEFINITIONAL_REPRESENTATION('',(#1727),#1738);
#1727 = B_SPLINE_CURVE_WITH_KNOTS('',9,(#1728,#1729,#1730,#1731,#1732,
    #1733,#1734,#1735,#1736,#1737),.UNSPECIFIED.,.F.,.F.,(10,10),(
    1.428463846293E-15,1.570796326795),.PIECEWISE_BEZIER_KNOTS.);
#1728 = CARTESIAN_POINT('',(-1.110223024625E-16,19.891530448696));
#1729 = CARTESIAN_POINT('',(0.173703220311,19.513049619098));
#1730 = CARTESIAN_POINT('',(0.347375103807,19.209163680773));
#1731 = CARTESIAN_POINT('',(0.521048980442,18.996267383132));
#1732 = CARTESIAN_POINT('',(0.694749601134,18.886504260115));
#1733 = CARTESIAN_POINT('',(0.868450529115,18.886504260091));
#1734 = CARTESIAN_POINT('',(1.042151149806,18.996267383148));
#1735 = CARTESIAN_POINT('',(1.215825026441,19.209163680765));
#1736 = CARTESIAN_POINT('',(1.389496909937,19.5130496191));
#1737 = CARTESIAN_POINT('',(1.563200130248,19.891530448696));
#1738 = ( GEOMETRIC_REPRESENTATION_CONTEXT(2) 
PARAMETRIC_REPRESENTATION_CONTEXT() REPRESENTATION_CONTEXT('2D SPACE',''
  ) );
#1739 = PCURVE('',#1740,#1769);
#1740 = OFFSET_SURFACE('',#1741,0.9,.F.);
#1741 = ( BOUNDED_SURFACE() B_SPLINE_SURFACE(2,8,(
    (#1742,#1743,#1744,#1745,#1746,#1747,#1748,#1749,#1750)
    ,(#1751,#1752,#1753,#1754,#1755,#1756,#1757,#1758,#1759)
    ,(#1760,#1761,#1762,#1763,#1764,#1765,#1766,#1767,#1768
)),.UNSPECIFIED.,.F.,.F.,.F.) B_SPLINE_SURFACE_WITH_KNOTS((3,3),(9,9),(
    0.,1.570796326795),(1.428463846293E-15,1.570796326795),
.PIECEWISE_BEZIER_KNOTS.) GEOMETRIC_REPRESENTATION_ITEM() 
RATIONAL_B_SPLINE_SURFACE((
    (1.,1.,1.,1.,1.,1.,1.,1.,1.)
    ,(0.675590207616,0.669335398716,0.664423223634,0.661264806405
      ,0.660167864747,0.661264806405,0.664423223634,0.669335398716
      ,0.675590207616)
,(1.,1.,1.,1.,1.,1.,1.,1.,1.))) REPRESENTATION_ITEM('') SURFACE() );
#1742 = CARTESIAN_POINT('',(-533.6303724839,-308.7255050316,0.));
#1743 = CARTESIAN_POINT('',(-533.6303724839,-313.6155643208,
    8.881784197001E-15));
#1744 = CARTESIAN_POINT('',(-532.5413047163,-318.5056778374,
    -3.730349362741E-14));
#1745 = CARTESIAN_POINT('',(-530.3569403068,-323.1146378666,
    8.171241461241E-14));
#1746 = CARTESIAN_POINT('',(-527.1553169894,-327.1553169894,
    -1.225686219186E-13));
#1747 = CARTESIAN_POINT('',(-523.1146378666,-330.3569403068,
    1.367794766338E-13));
#1748 = CARTESIAN_POINT('',(-518.5056778374,-332.5413047163,
    -9.769962616701E-14));
#1749 = CARTESIAN_POINT('',(-513.6155643208,-333.6303724839,
    3.730349362741E-14));
#1750 = CARTESIAN_POINT('',(-508.7255050316,-333.6303724839,0.));
#1751 = CARTESIAN_POINT('',(-550.,-308.7255050316,3.552713678801E-15));
#1752 = CARTESIAN_POINT('',(-550.2814150244,-316.9054656005,
    3.19744231092E-14));
#1753 = CARTESIAN_POINT('',(-548.6629015803,-325.1592293979,
    -1.190159082398E-13));
#1754 = CARTESIAN_POINT('',(-545.1099225885,-332.9588019372,
    1.42108547152E-13));
#1755 = CARTESIAN_POINT('',(-539.7664041983,-339.7664041983,
    -9.414691248821E-14));
#1756 = CARTESIAN_POINT('',(-532.9588019372,-345.1099225885,
    5.151434834261E-14));
#1757 = CARTESIAN_POINT('',(-525.1592293979,-348.6629015803,
    -4.796163466381E-14));
#1758 = CARTESIAN_POINT('',(-516.9054656005,-350.2814150244,
    2.30926389122E-14));
#1759 = CARTESIAN_POINT('',(-508.7255050316,-350.,3.552713678801E-15));
#1760 = CARTESIAN_POINT('',(-548.5732929553,-308.7255050316,
    16.307336141215));
#1761 = CARTESIAN_POINT('',(-548.5511109694,-316.5495998943,
    16.560877399795));
#1762 = CARTESIAN_POINT('',(-546.7815302741,-324.3637597557,
    16.757311202786));
#1763 = CARTESIAN_POINT('',(-543.2672193123,-331.7147205681,
    16.881993368324));
#1764 = CARTESIAN_POINT('',(-538.1500048794,-338.1500048795,
    16.924819647958));
#1765 = CARTESIAN_POINT('',(-531.7147205681,-343.2672193123,
    16.881993368324));
#1766 = CARTESIAN_POINT('',(-524.3637597557,-346.7815302741,
    16.757311202786));
#1767 = CARTESIAN_POINT('',(-516.5495998943,-348.5511109694,
    16.560877399795));
#1768 = CARTESIAN_POINT('',(-508.7255050316,-348.5732929553,
    16.307336141215));
#1769 = DEFINITIONAL_REPRESENTATION('',(#1770),#1774);
#1770 = LINE('',#1771,#1772);
#1771 = CARTESIAN_POINT('',(1.570796326795,0.));
#1772 = VECTOR('',#1773,1.);
#1773 = DIRECTION('',(0.,1.));
#1774 = ( GEOMETRIC_REPRESENTATION_CONTEXT(2) 
PARAMETRIC_REPRESENTATION_CONTEXT() REPRESENTATION_CONTEXT('2D SPACE',''
  ) );
#1775 = ORIENTED_EDGE('',*,*,#1776,.T.);
#1776 = EDGE_CURVE('',#1714,#1489,#1777,.T.);
#1777 = SURFACE_CURVE('',#1778,(#1782,#1789),.PCURVE_S1.);
#1778 = LINE('',#1779,#1780);
#1779 = CARTESIAN_POINT('',(-510.4526188672,-349.4038315626,
    -3.512105501072));
#1780 = VECTOR('',#1781,1.);
#1781 = DIRECTION('',(8.682659386425E-02,8.682659386425E-02,
    0.992432509139));
#1782 = PCURVE('',#1531,#1783);
#1783 = DEFINITIONAL_REPRESENTATION('',(#1784),#1788);
#1784 = LINE('',#1785,#1786);
#1785 = CARTESIAN_POINT('',(1.563200130248,0.));
#1786 = VECTOR('',#1787,1.);
#1787 = DIRECTION('',(0.,1.));
#1788 = ( GEOMETRIC_REPRESENTATION_CONTEXT(2) 
PARAMETRIC_REPRESENTATION_CONTEXT() REPRESENTATION_CONTEXT('2D SPACE',''
  ) );
#1789 = PCURVE('',#1503,#1790);
#1790 = DEFINITIONAL_REPRESENTATION('',(#1791),#1795);
#1791 = LINE('',#1792,#1793);
#1792 = CARTESIAN_POINT('',(-3.446781376347,39.547381132725));
#1793 = VECTOR('',#1794,1.);
#1794 = DIRECTION('',(0.996223440097,8.682659386425E-02));
#1795 = ( GEOMETRIC_REPRESENTATION_CONTEXT(2) 
PARAMETRIC_REPRESENTATION_CONTEXT() REPRESENTATION_CONTEXT('2D SPACE',''
  ) );
#1796 = ORIENTED_EDGE('',*,*,#1514,.F.);
#1797 = ORIENTED_EDGE('',*,*,#1638,.F.);
#1798 = ADVANCED_FACE('',(#1799),#1592,.F.);
#1799 = FACE_BOUND('',#1800,.T.);
#1800 = EDGE_LOOP('',(#1801,#1864,#1885,#1886));
#1801 = ORIENTED_EDGE('',*,*,#1802,.T.);
#1802 = EDGE_CURVE('',#1662,#1803,#1805,.T.);
#1803 = VERTEX_POINT('',#1804);
#1804 = CARTESIAN_POINT('',(-508.7255050316,347.67671772705,
    16.228895972742));
#1805 = SURFACE_CURVE('',#1806,(#1814,#1828),.PCURVE_S1.);
#1806 = B_SPLINE_CURVE_WITH_KNOTS('',6,(#1807,#1808,#1809,#1810,#1811,
    #1812,#1813),.UNSPECIFIED.,.F.,.F.,(7,7),(0.,1.570796326795),
  .PIECEWISE_BEZIER_KNOTS.);
#1807 = CARTESIAN_POINT('',(-547.676717727,308.72550503166,
    16.228895972742));
#1808 = CARTESIAN_POINT('',(-547.6489163047,318.92401776864,
    16.546667683497));
#1809 = CARTESIAN_POINT('',(-544.4333518451,329.10267983318,
    16.764224981612));
#1810 = CARTESIAN_POINT('',(-538.0306843859,338.03068438594,
    16.843117129042));
#1811 = CARTESIAN_POINT('',(-529.1026798331,344.4333518451,
    16.764224981615));
#1812 = CARTESIAN_POINT('',(-518.9240177686,347.64891630477,
    16.546667683495));
#1813 = CARTESIAN_POINT('',(-508.7255050316,347.67671772705,
    16.228895972742));
#1814 = PCURVE('',#1592,#1815);
#1815 = DEFINITIONAL_REPRESENTATION('',(#1816),#1827);
#1816 = B_SPLINE_CURVE_WITH_KNOTS('',9,(#1817,#1818,#1819,#1820,#1821,
    #1822,#1823,#1824,#1825,#1826),.UNSPECIFIED.,.F.,.F.,(10,10),(0.,
    1.570796326795),.PIECEWISE_BEZIER_KNOTS.);
#1817 = CARTESIAN_POINT('',(1.110223024625E-16,19.891530448696));
#1818 = CARTESIAN_POINT('',(-0.173703220311,19.5130496191));
#1819 = CARTESIAN_POINT('',(-0.347375103807,19.209163680766));
#1820 = CARTESIAN_POINT('',(-0.521048980442,18.996267383146));
#1821 = CARTESIAN_POINT('',(-0.694749601133,18.886504260094));
#1822 = CARTESIAN_POINT('',(-0.868450529115,18.88650426011));
#1823 = CARTESIAN_POINT('',(-1.042151149806,18.996267383135));
#1824 = CARTESIAN_POINT('',(-1.215825026441,19.209163680771));
#1825 = CARTESIAN_POINT('',(-1.389496909937,19.513049619098));
#1826 = CARTESIAN_POINT('',(-1.563200130248,19.891530448696));
#1827 = ( GEOMETRIC_REPRESENTATION_CONTEXT(2) 
PARAMETRIC_REPRESENTATION_CONTEXT() REPRESENTATION_CONTEXT('2D SPACE',''
  ) );
#1828 = PCURVE('',#1829,#1858);
#1829 = OFFSET_SURFACE('',#1830,-0.9,.F.);
#1830 = ( BOUNDED_SURFACE() B_SPLINE_SURFACE(2,8,(
    (#1831,#1832,#1833,#1834,#1835,#1836,#1837,#1838,#1839)
    ,(#1840,#1841,#1842,#1843,#1844,#1845,#1846,#1847,#1848)
    ,(#1849,#1850,#1851,#1852,#1853,#1854,#1855,#1856,#1857
)),.UNSPECIFIED.,.F.,.F.,.F.) B_SPLINE_SURFACE_WITH_KNOTS((3,3),(9,9),(
    0.,1.570796326795),(0.,1.570796326795),.PIECEWISE_BEZIER_KNOTS.) 
GEOMETRIC_REPRESENTATION_ITEM() RATIONAL_B_SPLINE_SURFACE((
    (1.,1.,1.,1.,1.,1.,1.,1.,1.)
    ,(0.675590207616,0.669335398716,0.664423223634,0.661264806405
      ,0.660167864747,0.661264806405,0.664423223634,0.669335398716
      ,0.675590207616)
,(1.,1.,1.,1.,1.,1.,1.,1.,1.))) REPRESENTATION_ITEM('') SURFACE() );
#1831 = CARTESIAN_POINT('',(-533.6303724839,308.72550503166,0.));
#1832 = CARTESIAN_POINT('',(-533.6303724839,313.61556432083,
    -1.24344978758E-14));
#1833 = CARTESIAN_POINT('',(-532.5413047163,318.50567783746,
    3.730349362741E-14));
#1834 = CARTESIAN_POINT('',(-530.3569403068,323.11463786661,
    -7.283063041541E-14));
#1835 = CARTESIAN_POINT('',(-527.1553169894,327.15531698941,
    9.414691248821E-14));
#1836 = CARTESIAN_POINT('',(-523.1146378666,330.35694030681,
    -7.105427357601E-14));
#1837 = CARTESIAN_POINT('',(-518.5056778374,332.5413047163,
    2.6645352591E-14));
#1838 = CARTESIAN_POINT('',(-513.6155643208,333.63037248396,
    1.7763568394E-15));
#1839 = CARTESIAN_POINT('',(-508.7255050316,333.63037248396,0.));
#1840 = CARTESIAN_POINT('',(-550.,308.72550503166,3.552713678801E-15));
#1841 = CARTESIAN_POINT('',(-550.2814150244,316.90546560053,
    -2.30926389122E-14));
#1842 = CARTESIAN_POINT('',(-548.6629015803,325.15922939799,
    6.394884621841E-14));
#1843 = CARTESIAN_POINT('',(-545.1099225885,332.95880193723,
    -4.973799150321E-14));
#1844 = CARTESIAN_POINT('',(-539.7664041983,339.76640419838,
    -5.861977570021E-14));
#1845 = CARTESIAN_POINT('',(-532.9588019372,345.10992258855,
    1.030286966852E-13));
#1846 = CARTESIAN_POINT('',(-525.1592293979,348.66290158031,
    -5.861977570021E-14));
#1847 = CARTESIAN_POINT('',(-516.9054656005,350.28141502445,
    1.7763568394E-14));
#1848 = CARTESIAN_POINT('',(-508.7255050316,350.,1.7763568394E-15));
#1849 = CARTESIAN_POINT('',(-548.5732929553,308.72550503166,
    16.307336141215));
#1850 = CARTESIAN_POINT('',(-548.5511109694,316.54959989434,
    16.560877399795));
#1851 = CARTESIAN_POINT('',(-546.7815302741,324.36375975574,
    16.757311202786));
#1852 = CARTESIAN_POINT('',(-543.2672193123,331.71472056813,
    16.881993368324));
#1853 = CARTESIAN_POINT('',(-538.1500048795,338.1500048795,
    16.924819647957));
#1854 = CARTESIAN_POINT('',(-531.7147205681,343.26721931231,
    16.881993368324));
#1855 = CARTESIAN_POINT('',(-524.3637597557,346.78153027414,
    16.757311202786));
#1856 = CARTESIAN_POINT('',(-516.5495998943,348.55111096947,
    16.560877399795));
#1857 = CARTESIAN_POINT('',(-508.7255050316,348.57329295533,
    16.307336141215));
#1858 = DEFINITIONAL_REPRESENTATION('',(#1859),#1863);
#1859 = LINE('',#1860,#1861);
#1860 = CARTESIAN_POINT('',(1.570796326795,0.));
#1861 = VECTOR('',#1862,1.);
#1862 = DIRECTION('',(0.,1.));
#1863 = ( GEOMETRIC_REPRESENTATION_CONTEXT(2) 
PARAMETRIC_REPRESENTATION_CONTEXT() REPRESENTATION_CONTEXT('2D SPACE',''
  ) );
#1864 = ORIENTED_EDGE('',*,*,#1865,.T.);
#1865 = EDGE_CURVE('',#1803,#1576,#1866,.T.);
#1866 = SURFACE_CURVE('',#1867,(#1871,#1878),.PCURVE_S1.);
#1867 = LINE('',#1868,#1869);
#1868 = CARTESIAN_POINT('',(-510.4526188672,349.40383156266,
    -3.512105501072));
#1869 = VECTOR('',#1870,1.);
#1870 = DIRECTION('',(8.682659386425E-02,-8.682659386425E-02,
    0.992432509139));
#1871 = PCURVE('',#1592,#1872);
#1872 = DEFINITIONAL_REPRESENTATION('',(#1873),#1877);
#1873 = LINE('',#1874,#1875);
#1874 = CARTESIAN_POINT('',(-1.563200130248,0.));
#1875 = VECTOR('',#1876,1.);
#1876 = DIRECTION('',(-0.,1.));
#1877 = ( GEOMETRIC_REPRESENTATION_CONTEXT(2) 
PARAMETRIC_REPRESENTATION_CONTEXT() REPRESENTATION_CONTEXT('2D SPACE',''
  ) );
#1878 = PCURVE('',#1623,#1879);
#1879 = DEFINITIONAL_REPRESENTATION('',(#1880),#1884);
#1880 = LINE('',#1881,#1882);
#1881 = CARTESIAN_POINT('',(-3.446781376347,39.547381132725));
#1882 = VECTOR('',#1883,1.);
#1883 = DIRECTION('',(0.996223440097,8.682659386425E-02));
#1884 = ( GEOMETRIC_REPRESENTATION_CONTEXT(2) 
PARAMETRIC_REPRESENTATION_CONTEXT() REPRESENTATION_CONTEXT('2D SPACE',''
  ) );
#1885 = ORIENTED_EDGE('',*,*,#1575,.T.);
#1886 = ORIENTED_EDGE('',*,*,#1689,.F.);
#1887 = ADVANCED_FACE('',(#1888),#1503,.T.);
#1888 = FACE_BOUND('',#1889,.T.);
#1889 = EDGE_LOOP('',(#1890,#1891,#1914,#1940));
#1890 = ORIENTED_EDGE('',*,*,#1488,.T.);
#1891 = ORIENTED_EDGE('',*,*,#1892,.F.);
#1892 = EDGE_CURVE('',#1893,#1454,#1895,.T.);
#1893 = VERTEX_POINT('',#1894);
#1894 = CARTESIAN_POINT('',(508.72550503166,-347.676717727,
    16.228895972742));
#1895 = SURFACE_CURVE('',#1896,(#1900,#1907),.PCURVE_S1.);
#1896 = LINE('',#1897,#1898);
#1897 = CARTESIAN_POINT('',(510.45261886727,-349.4038315626,
    -3.512105501072));
#1898 = VECTOR('',#1899,1.);
#1899 = DIRECTION('',(-8.682659386425E-02,8.682659386425E-02,
    0.992432509139));
#1900 = PCURVE('',#1503,#1901);
#1901 = DEFINITIONAL_REPRESENTATION('',(#1902),#1906);
#1902 = LINE('',#1903,#1904);
#1903 = CARTESIAN_POINT('',(-3.446781376347,1.060452618867E+03));
#1904 = VECTOR('',#1905,1.);
#1905 = DIRECTION('',(0.996223440097,-8.682659386425E-02));
#1906 = ( GEOMETRIC_REPRESENTATION_CONTEXT(2) 
PARAMETRIC_REPRESENTATION_CONTEXT() REPRESENTATION_CONTEXT('2D SPACE',''
  ) );
#1907 = PCURVE('',#1470,#1908);
#1908 = DEFINITIONAL_REPRESENTATION('',(#1909),#1913);
#1909 = LINE('',#1910,#1911);
#1910 = CARTESIAN_POINT('',(-1.563200130248,0.));
#1911 = VECTOR('',#1912,1.);
#1912 = DIRECTION('',(-0.,1.));
#1913 = ( GEOMETRIC_REPRESENTATION_CONTEXT(2) 
PARAMETRIC_REPRESENTATION_CONTEXT() REPRESENTATION_CONTEXT('2D SPACE',''
  ) );
#1914 = ORIENTED_EDGE('',*,*,#1915,.F.);
#1915 = EDGE_CURVE('',#1714,#1893,#1916,.T.);
#1916 = SURFACE_CURVE('',#1917,(#1921,#1928),.PCURVE_S1.);
#1917 = LINE('',#1918,#1919);
#1918 = CARTESIAN_POINT('',(-550.,-347.676717727,16.228895972742));
#1919 = VECTOR('',#1920,1.);
#1920 = DIRECTION('',(1.,-0.,0.));
#1921 = PCURVE('',#1503,#1922);
#1922 = DEFINITIONAL_REPRESENTATION('',(#1923),#1927);
#1923 = LINE('',#1924,#1925);
#1924 = CARTESIAN_POINT('',(16.369627516039,0.));
#1925 = VECTOR('',#1926,1.);
#1926 = DIRECTION('',(0.,1.));
#1927 = ( GEOMETRIC_REPRESENTATION_CONTEXT(2) 
PARAMETRIC_REPRESENTATION_CONTEXT() REPRESENTATION_CONTEXT('2D SPACE',''
  ) );
#1928 = PCURVE('',#1929,#1934);
#1929 = CYLINDRICAL_SURFACE('',#1930,14.1);
#1930 = AXIS2_PLACEMENT_3D('',#1931,#1932,#1933);
#1931 = CARTESIAN_POINT('',(-550.,-333.6303724839,15.));
#1932 = DIRECTION('',(1.,-0.,0.));
#1933 = DIRECTION('',(-0.,-0.996194698092,8.715574274766E-02));
#1934 = DEFINITIONAL_REPRESENTATION('',(#1935),#1939);
#1935 = LINE('',#1936,#1937);
#1936 = CARTESIAN_POINT('',(0.,0.));
#1937 = VECTOR('',#1938,1.);
#1938 = DIRECTION('',(0.,1.));
#1939 = ( GEOMETRIC_REPRESENTATION_CONTEXT(2) 
PARAMETRIC_REPRESENTATION_CONTEXT() REPRESENTATION_CONTEXT('2D SPACE',''
  ) );
#1940 = ORIENTED_EDGE('',*,*,#1776,.T.);
#1941 = ADVANCED_FACE('',(#1942),#1623,.F.);
#1942 = FACE_BOUND('',#1943,.F.);
#1943 = EDGE_LOOP('',(#1944,#1945,#1968,#1994));
#1944 = ORIENTED_EDGE('',*,*,#1610,.T.);
#1945 = ORIENTED_EDGE('',*,*,#1946,.F.);
#1946 = EDGE_CURVE('',#1947,#1393,#1949,.T.);
#1947 = VERTEX_POINT('',#1948);
#1948 = CARTESIAN_POINT('',(508.72550503166,347.67671772705,
    16.228895972742));
#1949 = SURFACE_CURVE('',#1950,(#1954,#1961),.PCURVE_S1.);
#1950 = LINE('',#1951,#1952);
#1951 = CARTESIAN_POINT('',(510.45261886727,349.40383156266,
    -3.512105501072));
#1952 = VECTOR('',#1953,1.);
#1953 = DIRECTION('',(-8.682659386425E-02,-8.682659386425E-02,
    0.992432509139));
#1954 = PCURVE('',#1623,#1955);
#1955 = DEFINITIONAL_REPRESENTATION('',(#1956),#1960);
#1956 = LINE('',#1957,#1958);
#1957 = CARTESIAN_POINT('',(-3.446781376347,1.060452618867E+03));
#1958 = VECTOR('',#1959,1.);
#1959 = DIRECTION('',(0.996223440097,-8.682659386425E-02));
#1960 = ( GEOMETRIC_REPRESENTATION_CONTEXT(2) 
PARAMETRIC_REPRESENTATION_CONTEXT() REPRESENTATION_CONTEXT('2D SPACE',''
  ) );
#1961 = PCURVE('',#1409,#1962);
#1962 = DEFINITIONAL_REPRESENTATION('',(#1963),#1967);
#1963 = LINE('',#1964,#1965);
#1964 = CARTESIAN_POINT('',(1.563200130248,0.));
#1965 = VECTOR('',#1966,1.);
#1966 = DIRECTION('',(0.,1.));
#1967 = ( GEOMETRIC_REPRESENTATION_CONTEXT(2) 
PARAMETRIC_REPRESENTATION_CONTEXT() REPRESENTATION_CONTEXT('2D SPACE',''
  ) );
#1968 = ORIENTED_EDGE('',*,*,#1969,.F.);
#1969 = EDGE_CURVE('',#1803,#1947,#1970,.T.);
#1970 = SURFACE_CURVE('',#1971,(#1975,#1982),.PCURVE_S1.);
#1971 = LINE('',#1972,#1973);
#1972 = CARTESIAN_POINT('',(-550.,347.67671772705,16.228895972742));
#1973 = VECTOR('',#1974,1.);
#1974 = DIRECTION('',(1.,0.,0.));
#1975 = PCURVE('',#1623,#1976);
#1976 = DEFINITIONAL_REPRESENTATION('',(#1977),#1981);
#1977 = LINE('',#1978,#1979);
#1978 = CARTESIAN_POINT('',(16.369627516039,0.));
#1979 = VECTOR('',#1980,1.);
#1980 = DIRECTION('',(0.,1.));
#1981 = ( GEOMETRIC_REPRESENTATION_CONTEXT(2) 
PARAMETRIC_REPRESENTATION_CONTEXT() REPRESENTATION_CONTEXT('2D SPACE',''
  ) );
#1982 = PCURVE('',#1983,#1988);
#1983 = CYLINDRICAL_SURFACE('',#1984,14.1);
#1984 = AXIS2_PLACEMENT_3D('',#1985,#1986,#1987);
#1985 = CARTESIAN_POINT('',(-550.,333.63037248396,15.));
#1986 = DIRECTION('',(1.,0.,0.));
#1987 = DIRECTION('',(-0.,0.996194698092,8.715574274766E-02));
#1988 = DEFINITIONAL_REPRESENTATION('',(#1989),#1993);
#1989 = LINE('',#1990,#1991);
#1990 = CARTESIAN_POINT('',(-0.,0.));
#1991 = VECTOR('',#1992,1.);
#1992 = DIRECTION('',(-0.,1.));
#1993 = ( GEOMETRIC_REPRESENTATION_CONTEXT(2) 
PARAMETRIC_REPRESENTATION_CONTEXT() REPRESENTATION_CONTEXT('2D SPACE',''
  ) );
#1994 = ORIENTED_EDGE('',*,*,#1865,.T.);
#1995 = ADVANCED_FACE('',(#1996),#1470,.F.);
#1996 = FACE_BOUND('',#1997,.T.);
#1997 = EDGE_LOOP('',(#1998,#2021,#2082,#2083));
#1998 = ORIENTED_EDGE('',*,*,#1999,.F.);
#1999 = EDGE_CURVE('',#2000,#1428,#2002,.T.);
#2000 = VERTEX_POINT('',#2001);
#2001 = CARTESIAN_POINT('',(547.67671772705,-308.7255050316,
    16.228895972742));
#2002 = SURFACE_CURVE('',#2003,(#2007,#2014),.PCURVE_S1.);
#2003 = LINE('',#2004,#2005);
#2004 = CARTESIAN_POINT('',(549.40383156266,-310.4526188672,
    -3.512105501072));
#2005 = VECTOR('',#2006,1.);
#2006 = DIRECTION('',(-8.682659386425E-02,8.682659386425E-02,
    0.992432509139));
#2007 = PCURVE('',#1470,#2008);
#2008 = DEFINITIONAL_REPRESENTATION('',(#2009),#2013);
#2009 = LINE('',#2010,#2011);
#2010 = CARTESIAN_POINT('',(-0.,0.));
#2011 = VECTOR('',#2012,1.);
#2012 = DIRECTION('',(-0.,1.));
#2013 = ( GEOMETRIC_REPRESENTATION_CONTEXT(2) 
PARAMETRIC_REPRESENTATION_CONTEXT() REPRESENTATION_CONTEXT('2D SPACE',''
  ) );
#2014 = PCURVE('',#1442,#2015);
#2015 = DEFINITIONAL_REPRESENTATION('',(#2016),#2020);
#2016 = LINE('',#2017,#2018);
#2017 = CARTESIAN_POINT('',(-3.446781376347,-39.54738113272));
#2018 = VECTOR('',#2019,1.);
#2019 = DIRECTION('',(0.996223440097,-8.682659386425E-02));
#2020 = ( GEOMETRIC_REPRESENTATION_CONTEXT(2) 
PARAMETRIC_REPRESENTATION_CONTEXT() REPRESENTATION_CONTEXT('2D SPACE',''
  ) );
#2021 = ORIENTED_EDGE('',*,*,#2022,.T.);
#2022 = EDGE_CURVE('',#2000,#1893,#2023,.T.);
#2023 = SURFACE_CURVE('',#2024,(#2032,#2046),.PCURVE_S1.);
#2024 = B_SPLINE_CURVE_WITH_KNOTS('',6,(#2025,#2026,#2027,#2028,#2029,
    #2030,#2031),.UNSPECIFIED.,.F.,.F.,(7,7),(1.428463846293E-15,
    1.570796326795),.PIECEWISE_BEZIER_KNOTS.);
#2025 = CARTESIAN_POINT('',(547.67671772705,-308.7255050316,
    16.228895972742));
#2026 = CARTESIAN_POINT('',(547.64891630477,-318.9240177686,
    16.546667683495));
#2027 = CARTESIAN_POINT('',(544.43335184511,-329.1026798331,
    16.764224981615));
#2028 = CARTESIAN_POINT('',(538.03068438593,-338.0306843859,
    16.84311712904));
#2029 = CARTESIAN_POINT('',(529.10267983318,-344.4333518451,
    16.764224981615));
#2030 = CARTESIAN_POINT('',(518.92401776864,-347.6489163047,
    16.546667683495));
#2031 = CARTESIAN_POINT('',(508.72550503166,-347.676717727,
    16.228895972742));
#2032 = PCURVE('',#1470,#2033);
#2033 = DEFINITIONAL_REPRESENTATION('',(#2034),#2045);
#2034 = B_SPLINE_CURVE_WITH_KNOTS('',9,(#2035,#2036,#2037,#2038,#2039,
    #2040,#2041,#2042,#2043,#2044),.UNSPECIFIED.,.F.,.F.,(10,10),(
    1.428463846293E-15,1.570796326795),.PIECEWISE_BEZIER_KNOTS.);
#2035 = CARTESIAN_POINT('',(1.110223024625E-16,19.891530448696));
#2036 = CARTESIAN_POINT('',(-0.173703220311,19.513049619099));
#2037 = CARTESIAN_POINT('',(-0.347375103807,19.209163680769));
#2038 = CARTESIAN_POINT('',(-0.521048980442,18.996267383141));
#2039 = CARTESIAN_POINT('',(-0.694749601134,18.886504260102));
#2040 = CARTESIAN_POINT('',(-0.868450529115,18.886504260103));
#2041 = CARTESIAN_POINT('',(-1.042151149806,18.99626738314));
#2042 = CARTESIAN_POINT('',(-1.215825026441,19.209163680769));
#2043 = CARTESIAN_POINT('',(-1.389496909937,19.513049619099));
#2044 = CARTESIAN_POINT('',(-1.563200130248,19.891530448696));
#2045 = ( GEOMETRIC_REPRESENTATION_CONTEXT(2) 
PARAMETRIC_REPRESENTATION_CONTEXT() REPRESENTATION_CONTEXT('2D SPACE',''
  ) );
#2046 = PCURVE('',#2047,#2076);
#2047 = OFFSET_SURFACE('',#2048,-0.9,.F.);
#2048 = ( BOUNDED_SURFACE() B_SPLINE_SURFACE(2,8,(
    (#2049,#2050,#2051,#2052,#2053,#2054,#2055,#2056,#2057)
    ,(#2058,#2059,#2060,#2061,#2062,#2063,#2064,#2065,#2066)
    ,(#2067,#2068,#2069,#2070,#2071,#2072,#2073,#2074,#2075
)),.UNSPECIFIED.,.F.,.F.,.F.) B_SPLINE_SURFACE_WITH_KNOTS((3,3),(9,9),(
    0.,1.570796326795),(1.428463846293E-15,1.570796326795),
.PIECEWISE_BEZIER_KNOTS.) GEOMETRIC_REPRESENTATION_ITEM() 
RATIONAL_B_SPLINE_SURFACE((
    (1.,1.,1.,1.,1.,1.,1.,1.,1.)
    ,(0.675590207616,0.669335398716,0.664423223634,0.661264806405
      ,0.660167864747,0.661264806405,0.664423223634,0.669335398716
      ,0.675590207616)
,(1.,1.,1.,1.,1.,1.,1.,1.,1.))) REPRESENTATION_ITEM('') SURFACE() );
#2049 = CARTESIAN_POINT('',(533.63037248396,-308.7255050316,0.));
#2050 = CARTESIAN_POINT('',(533.63037248396,-313.6155643208,
    2.13162820728E-14));
#2051 = CARTESIAN_POINT('',(532.5413047163,-318.5056778374,
    -4.973799150321E-14));
#2052 = CARTESIAN_POINT('',(530.35694030681,-323.1146378666,
    7.993605777301E-14));
#2053 = CARTESIAN_POINT('',(527.15531698941,-327.1553169894,
    -7.815970093361E-14));
#2054 = CARTESIAN_POINT('',(523.11463786661,-330.3569403068,
    6.572520305781E-14));
#2055 = CARTESIAN_POINT('',(518.50567783746,-332.5413047163,
    -4.440892098501E-14));
#2056 = CARTESIAN_POINT('',(513.61556432083,-333.6303724839,
    1.95399252334E-14));
#2057 = CARTESIAN_POINT('',(508.72550503166,-333.6303724839,0.));
#2058 = CARTESIAN_POINT('',(550.,-308.7255050316,3.552713678801E-15));
#2059 = CARTESIAN_POINT('',(550.28141502445,-316.9054656005,
    -8.881784197001E-15));
#2060 = CARTESIAN_POINT('',(548.66290158031,-325.1592293979,
    -1.7763568394E-15));
#2061 = CARTESIAN_POINT('',(545.10992258856,-332.9588019372,
    2.6645352591E-14));
#2062 = CARTESIAN_POINT('',(539.76640419838,-339.7664041983,
    -5.329070518201E-15));
#2063 = CARTESIAN_POINT('',(532.95880193723,-345.1099225885,
    -3.907985046681E-14));
#2064 = CARTESIAN_POINT('',(525.15922939799,-348.6629015803,
    2.6645352591E-14));
#2065 = CARTESIAN_POINT('',(516.90546560053,-350.2814150244,
    -7.105427357601E-15));
#2066 = CARTESIAN_POINT('',(508.72550503166,-350.,1.7763568394E-15));
#2067 = CARTESIAN_POINT('',(548.57329295533,-308.7255050316,
    16.307336141215));
#2068 = CARTESIAN_POINT('',(548.55111096947,-316.5495998943,
    16.560877399795));
#2069 = CARTESIAN_POINT('',(546.78153027414,-324.3637597557,
    16.757311202786));
#2070 = CARTESIAN_POINT('',(543.26721931231,-331.7147205681,
    16.881993368325));
#2071 = CARTESIAN_POINT('',(538.1500048795,-338.1500048795,
    16.924819647957));
#2072 = CARTESIAN_POINT('',(531.71472056813,-343.2672193123,
    16.881993368325));
#2073 = CARTESIAN_POINT('',(524.36375975574,-346.7815302741,
    16.757311202786));
#2074 = CARTESIAN_POINT('',(516.54959989434,-348.5511109694,
    16.560877399795));
#2075 = CARTESIAN_POINT('',(508.72550503166,-348.5732929553,
    16.307336141215));
#2076 = DEFINITIONAL_REPRESENTATION('',(#2077),#2081);
#2077 = LINE('',#2078,#2079);
#2078 = CARTESIAN_POINT('',(1.570796326795,0.));
#2079 = VECTOR('',#2080,1.);
#2080 = DIRECTION('',(0.,1.));
#2081 = ( GEOMETRIC_REPRESENTATION_CONTEXT(2) 
PARAMETRIC_REPRESENTATION_CONTEXT() REPRESENTATION_CONTEXT('2D SPACE',''
  ) );
#2082 = ORIENTED_EDGE('',*,*,#1892,.T.);
#2083 = ORIENTED_EDGE('',*,*,#1453,.T.);
#2084 = ADVANCED_FACE('',(#2085),#1409,.F.);
#2085 = FACE_BOUND('',#2086,.F.);
#2086 = EDGE_LOOP('',(#2087,#2110,#2171,#2172));
#2087 = ORIENTED_EDGE('',*,*,#2088,.F.);
#2088 = EDGE_CURVE('',#2089,#1391,#2091,.T.);
#2089 = VERTEX_POINT('',#2090);
#2090 = CARTESIAN_POINT('',(547.67671772705,308.72550503166,
    16.228895972742));
#2091 = SURFACE_CURVE('',#2092,(#2096,#2103),.PCURVE_S1.);
#2092 = LINE('',#2093,#2094);
#2093 = CARTESIAN_POINT('',(549.40383156266,310.45261886727,
    -3.512105501072));
#2094 = VECTOR('',#2095,1.);
#2095 = DIRECTION('',(-8.682659386425E-02,-8.682659386425E-02,
    0.992432509139));
#2096 = PCURVE('',#1409,#2097);
#2097 = DEFINITIONAL_REPRESENTATION('',(#2098),#2102);
#2098 = LINE('',#2099,#2100);
#2099 = CARTESIAN_POINT('',(0.,0.));
#2100 = VECTOR('',#2101,1.);
#2101 = DIRECTION('',(0.,1.));
#2102 = ( GEOMETRIC_REPRESENTATION_CONTEXT(2) 
PARAMETRIC_REPRESENTATION_CONTEXT() REPRESENTATION_CONTEXT('2D SPACE',''
  ) );
#2103 = PCURVE('',#1442,#2104);
#2104 = DEFINITIONAL_REPRESENTATION('',(#2105),#2109);
#2105 = LINE('',#2106,#2107);
#2106 = CARTESIAN_POINT('',(-3.446781376347,-660.4526188672));
#2107 = VECTOR('',#2108,1.);
#2108 = DIRECTION('',(0.996223440097,8.682659386425E-02));
#2109 = ( GEOMETRIC_REPRESENTATION_CONTEXT(2) 
PARAMETRIC_REPRESENTATION_CONTEXT() REPRESENTATION_CONTEXT('2D SPACE',''
  ) );
#2110 = ORIENTED_EDGE('',*,*,#2111,.T.);
#2111 = EDGE_CURVE('',#2089,#1947,#2112,.T.);
#2112 = SURFACE_CURVE('',#2113,(#2121,#2135),.PCURVE_S1.);
#2113 = B_SPLINE_CURVE_WITH_KNOTS('',6,(#2114,#2115,#2116,#2117,#2118,
    #2119,#2120),.UNSPECIFIED.,.F.,.F.,(7,7),(0.,1.570796326795),
  .PIECEWISE_BEZIER_KNOTS.);
#2114 = CARTESIAN_POINT('',(547.67671772705,308.72550503166,
    16.228895972742));
#2115 = CARTESIAN_POINT('',(547.64891630477,318.92401776864,
    16.546667683495));
#2116 = CARTESIAN_POINT('',(544.43335184509,329.10267983317,
    16.764224981615));
#2117 = CARTESIAN_POINT('',(538.03068438595,338.03068438594,
    16.843117129042));
#2118 = CARTESIAN_POINT('',(529.10267983317,344.4333518451,
    16.764224981613));
#2119 = CARTESIAN_POINT('',(518.92401776864,347.64891630477,
    16.546667683496));
#2120 = CARTESIAN_POINT('',(508.72550503166,347.67671772705,
    16.228895972742));
#2121 = PCURVE('',#1409,#2122);
#2122 = DEFINITIONAL_REPRESENTATION('',(#2123),#2134);
#2123 = B_SPLINE_CURVE_WITH_KNOTS('',9,(#2124,#2125,#2126,#2127,#2128,
    #2129,#2130,#2131,#2132,#2133),.UNSPECIFIED.,.F.,.F.,(10,10),(0.,
    1.570796326795),.PIECEWISE_BEZIER_KNOTS.);
#2124 = CARTESIAN_POINT('',(-1.33226762955E-15,19.891530448696));
#2125 = CARTESIAN_POINT('',(0.173703220311,19.513049619099));
#2126 = CARTESIAN_POINT('',(0.347375103807,19.209163680771));
#2127 = CARTESIAN_POINT('',(0.521048980442,18.996267383136));
#2128 = CARTESIAN_POINT('',(0.694749601134,18.886504260109));
#2129 = CARTESIAN_POINT('',(0.868450529115,18.886504260096));
#2130 = CARTESIAN_POINT('',(1.042151149806,18.996267383145));
#2131 = CARTESIAN_POINT('',(1.215825026441,19.209163680767));
#2132 = CARTESIAN_POINT('',(1.389496909937,19.5130496191));
#2133 = CARTESIAN_POINT('',(1.563200130248,19.891530448696));
#2134 = ( GEOMETRIC_REPRESENTATION_CONTEXT(2) 
PARAMETRIC_REPRESENTATION_CONTEXT() REPRESENTATION_CONTEXT('2D SPACE',''
  ) );
#2135 = PCURVE('',#2136,#2165);
#2136 = OFFSET_SURFACE('',#2137,0.9,.F.);
#2137 = ( BOUNDED_SURFACE() B_SPLINE_SURFACE(2,8,(
    (#2138,#2139,#2140,#2141,#2142,#2143,#2144,#2145,#2146)
    ,(#2147,#2148,#2149,#2150,#2151,#2152,#2153,#2154,#2155)
    ,(#2156,#2157,#2158,#2159,#2160,#2161,#2162,#2163,#2164
)),.UNSPECIFIED.,.F.,.F.,.F.) B_SPLINE_SURFACE_WITH_KNOTS((3,3),(9,9),(
    0.,1.570796326795),(0.,1.570796326795),.PIECEWISE_BEZIER_KNOTS.) 
GEOMETRIC_REPRESENTATION_ITEM() RATIONAL_B_SPLINE_SURFACE((
    (1.,1.,1.,1.,1.,1.,1.,1.,1.)
    ,(0.675590207616,0.669335398716,0.664423223634,0.661264806405
      ,0.660167864747,0.661264806405,0.664423223634,0.669335398716
      ,0.675590207616)
,(1.,1.,1.,1.,1.,1.,1.,1.,1.))) REPRESENTATION_ITEM('') SURFACE() );
#2138 = CARTESIAN_POINT('',(533.63037248396,308.72550503166,0.));
#2139 = CARTESIAN_POINT('',(533.63037248396,313.61556432083,
    3.37507799486E-14));
#2140 = CARTESIAN_POINT('',(532.5413047163,318.50567783746,
    -1.136868377216E-13));
#2141 = CARTESIAN_POINT('',(530.35694030681,323.11463786661,
    2.273736754432E-13));
#2142 = CARTESIAN_POINT('',(527.15531698941,327.15531698941,
    -2.984279490192E-13));
#2143 = CARTESIAN_POINT('',(523.11463786661,330.35694030681,
    2.75335310107E-13));
#2144 = CARTESIAN_POINT('',(518.50567783746,332.5413047163,
    -1.740829702612E-13));
#2145 = CARTESIAN_POINT('',(513.61556432084,333.63037248396,
    6.394884621841E-14));
#2146 = CARTESIAN_POINT('',(508.72550503166,333.63037248396,0.));
#2147 = CARTESIAN_POINT('',(550.,308.72550503166,-1.7763568394E-15));
#2148 = CARTESIAN_POINT('',(550.28141502445,316.90546560053,
    -6.039613253961E-14));
#2149 = CARTESIAN_POINT('',(548.66290158031,325.15922939799,
    2.717825964282E-13));
#2150 = CARTESIAN_POINT('',(545.10992258855,332.95880193723,
    -5.915268275203E-13));
#2151 = CARTESIAN_POINT('',(539.76640419838,339.76640419837,
    7.460698725481E-13));
#2152 = CARTESIAN_POINT('',(532.95880193723,345.10992258856,
    -5.844214001627E-13));
#2153 = CARTESIAN_POINT('',(525.15922939799,348.66290158031,
    2.6645352591E-13));
#2154 = CARTESIAN_POINT('',(516.90546560053,350.28141502445,
    -5.151434834261E-14));
#2155 = CARTESIAN_POINT('',(508.72550503166,350.,0.));
#2156 = CARTESIAN_POINT('',(548.57329295533,308.72550503166,
    16.307336141215));
#2157 = CARTESIAN_POINT('',(548.55111096947,316.54959989434,
    16.560877399795));
#2158 = CARTESIAN_POINT('',(546.78153027414,324.36375975574,
    16.757311202786));
#2159 = CARTESIAN_POINT('',(543.26721931231,331.71472056813,
    16.881993368324));
#2160 = CARTESIAN_POINT('',(538.15000487949,338.1500048795,
    16.924819647957));
#2161 = CARTESIAN_POINT('',(531.71472056813,343.26721931231,
    16.881993368324));
#2162 = CARTESIAN_POINT('',(524.36375975574,346.78153027414,
    16.757311202786));
#2163 = CARTESIAN_POINT('',(516.54959989434,348.55111096947,
    16.560877399795));
#2164 = CARTESIAN_POINT('',(508.72550503166,348.57329295533,
    16.307336141215));
#2165 = DEFINITIONAL_REPRESENTATION('',(#2166),#2170);
#2166 = LINE('',#2167,#2168);
#2167 = CARTESIAN_POINT('',(1.570796326795,0.));
#2168 = VECTOR('',#2169,1.);
#2169 = DIRECTION('',(0.,1.));
#2170 = ( GEOMETRIC_REPRESENTATION_CONTEXT(2) 
PARAMETRIC_REPRESENTATION_CONTEXT() REPRESENTATION_CONTEXT('2D SPACE',''
  ) );
#2171 = ORIENTED_EDGE('',*,*,#1946,.T.);
#2172 = ORIENTED_EDGE('',*,*,#1390,.F.);
#2173 = ADVANCED_FACE('',(#2174),#1442,.F.);
#2174 = FACE_BOUND('',#2175,.F.);
#2175 = EDGE_LOOP('',(#2176,#2177,#2178,#2204));
#2176 = ORIENTED_EDGE('',*,*,#1427,.T.);
#2177 = ORIENTED_EDGE('',*,*,#1999,.F.);
#2178 = ORIENTED_EDGE('',*,*,#2179,.T.);
#2179 = EDGE_CURVE('',#2000,#2089,#2180,.T.);
#2180 = SURFACE_CURVE('',#2181,(#2185,#2192),.PCURVE_S1.);
#2181 = LINE('',#2182,#2183);
#2182 = CARTESIAN_POINT('',(547.67671772705,-350.,16.228895972742));
#2183 = VECTOR('',#2184,1.);
#2184 = DIRECTION('',(-0.,1.,-0.));
#2185 = PCURVE('',#1442,#2186);
#2186 = DEFINITIONAL_REPRESENTATION('',(#2187),#2191);
#2187 = LINE('',#2188,#2189);
#2188 = CARTESIAN_POINT('',(16.369627516039,0.));
#2189 = VECTOR('',#2190,1.);
#2190 = DIRECTION('',(0.,-1.));
#2191 = ( GEOMETRIC_REPRESENTATION_CONTEXT(2) 
PARAMETRIC_REPRESENTATION_CONTEXT() REPRESENTATION_CONTEXT('2D SPACE',''
  ) );
#2192 = PCURVE('',#2193,#2198);
#2193 = CYLINDRICAL_SURFACE('',#2194,14.1);
#2194 = AXIS2_PLACEMENT_3D('',#2195,#2196,#2197);
#2195 = CARTESIAN_POINT('',(533.63037248396,-350.,15.));
#2196 = DIRECTION('',(-0.,1.,-0.));
#2197 = DIRECTION('',(0.996194698092,0.,8.715574274766E-02));
#2198 = DEFINITIONAL_REPRESENTATION('',(#2199),#2203);
#2199 = LINE('',#2200,#2201);
#2200 = CARTESIAN_POINT('',(0.,0.));
#2201 = VECTOR('',#2202,1.);
#2202 = DIRECTION('',(0.,1.));
#2203 = ( GEOMETRIC_REPRESENTATION_CONTEXT(2) 
PARAMETRIC_REPRESENTATION_CONTEXT() REPRESENTATION_CONTEXT('2D SPACE',''
  ) );
#2204 = ORIENTED_EDGE('',*,*,#2088,.T.);
#2205 = ADVANCED_FACE('',(#2206),#2193,.F.);
#2206 = FACE_BOUND('',#2207,.F.);
#2207 = EDGE_LOOP('',(#2208,#2245,#2273,#2308));
#2208 = ORIENTED_EDGE('',*,*,#2209,.F.);
#2209 = EDGE_CURVE('',#2210,#2000,#2212,.T.);
#2210 = VERTEX_POINT('',#2211);
#2211 = CARTESIAN_POINT('',(533.63037248396,-308.7255050316,0.9));
#2212 = SURFACE_CURVE('',#2213,(#2222,#2238),.PCURVE_S1.);
#2213 = B_SPLINE_CURVE_WITH_KNOTS('',7,(#2214,#2215,#2216,#2217,#2218,
    #2219,#2220,#2221),.UNSPECIFIED.,.F.,.F.,(8,8),(0.,1.570796326795),
  .PIECEWISE_BEZIER_KNOTS.);
#2214 = CARTESIAN_POINT('',(533.63037248396,-308.7255050316,0.9));
#2215 = CARTESIAN_POINT('',(536.60054689796,-308.7255050316,0.9));
#2216 = CARTESIAN_POINT('',(539.88661552872,-308.7255050316,
    1.639317634054));
#2217 = CARTESIAN_POINT('',(543.26049896082,-308.7255050316,
    3.331058446063));
#2218 = CARTESIAN_POINT('',(546.09423101794,-308.7255050316,
    6.42353432971));
#2219 = CARTESIAN_POINT('',(547.48548092936,-308.7255050316,
    9.93202404426));
#2220 = CARTESIAN_POINT('',(547.93558548419,-308.7255050316,
    13.270023969103));
#2221 = CARTESIAN_POINT('',(547.67671772705,-308.7255050316,
    16.228895972742));
#2222 = PCURVE('',#2193,#2223);
#2223 = DEFINITIONAL_REPRESENTATION('',(#2224),#2237);
#2224 = B_SPLINE_CURVE_WITH_KNOTS('',11,(#2225,#2226,#2227,#2228,#2229,
    #2230,#2231,#2232,#2233,#2234,#2235,#2236),.UNSPECIFIED.,.F.,.F.,(12
    ,12),(0.,1.570796326795),.PIECEWISE_BEZIER_KNOTS.);
#2225 = CARTESIAN_POINT('',(1.658062789395,41.274494968333));
#2226 = CARTESIAN_POINT('',(1.52401236452,41.274494968338));
#2227 = CARTESIAN_POINT('',(1.381264416966,41.274494968312));
#2228 = CARTESIAN_POINT('',(1.23049844072,41.274494968381));
#2229 = CARTESIAN_POINT('',(1.073024440253,41.274494968253));
#2230 = CARTESIAN_POINT('',(0.910949048457,41.27449496843));
#2231 = CARTESIAN_POINT('',(0.74711374119,41.274494968244));
#2232 = CARTESIAN_POINT('',(0.585038348722,41.274494968395));
#2233 = CARTESIAN_POINT('',(0.427564348904,41.2744949683));
#2234 = CARTESIAN_POINT('',(0.276798372378,41.274494968345));
#2235 = CARTESIAN_POINT('',(0.134050424874,41.27449496833));
#2236 = CARTESIAN_POINT('',(1.693584524155E-16,41.274494968333));
#2237 = ( GEOMETRIC_REPRESENTATION_CONTEXT(2) 
PARAMETRIC_REPRESENTATION_CONTEXT() REPRESENTATION_CONTEXT('2D SPACE',''
  ) );
#2238 = PCURVE('',#2047,#2239);
#2239 = DEFINITIONAL_REPRESENTATION('',(#2240),#2244);
#2240 = LINE('',#2241,#2242);
#2241 = CARTESIAN_POINT('',(0.,1.428463846293E-15));
#2242 = VECTOR('',#2243,1.);
#2243 = DIRECTION('',(1.,0.));
#2244 = ( GEOMETRIC_REPRESENTATION_CONTEXT(2) 
PARAMETRIC_REPRESENTATION_CONTEXT() REPRESENTATION_CONTEXT('2D SPACE',''
  ) );
#2245 = ORIENTED_EDGE('',*,*,#2246,.T.);
#2246 = EDGE_CURVE('',#2210,#2247,#2249,.T.);
#2247 = VERTEX_POINT('',#2248);
#2248 = CARTESIAN_POINT('',(533.63037248396,308.72550503166,0.9));
#2249 = SURFACE_CURVE('',#2250,(#2254,#2261),.PCURVE_S1.);
#2250 = LINE('',#2251,#2252);
#2251 = CARTESIAN_POINT('',(533.63037248396,-350.,0.9));
#2252 = VECTOR('',#2253,1.);
#2253 = DIRECTION('',(-0.,1.,-0.));
#2254 = PCURVE('',#2193,#2255);
#2255 = DEFINITIONAL_REPRESENTATION('',(#2256),#2260);
#2256 = LINE('',#2257,#2258);
#2257 = CARTESIAN_POINT('',(1.658062789395,0.));
#2258 = VECTOR('',#2259,1.);
#2259 = DIRECTION('',(0.,1.));
#2260 = ( GEOMETRIC_REPRESENTATION_CONTEXT(2) 
PARAMETRIC_REPRESENTATION_CONTEXT() REPRESENTATION_CONTEXT('2D SPACE',''
  ) );
#2261 = PCURVE('',#2262,#2267);
#2262 = PLANE('',#2263);
#2263 = AXIS2_PLACEMENT_3D('',#2264,#2265,#2266);
#2264 = CARTESIAN_POINT('',(-550.,-350.,0.9));
#2265 = DIRECTION('',(0.,0.,1.));
#2266 = DIRECTION('',(1.,0.,-0.));
#2267 = DEFINITIONAL_REPRESENTATION('',(#2268),#2272);
#2268 = LINE('',#2269,#2270);
#2269 = CARTESIAN_POINT('',(1.083630372484E+03,0.));
#2270 = VECTOR('',#2271,1.);
#2271 = DIRECTION('',(0.,1.));
#2272 = ( GEOMETRIC_REPRESENTATION_CONTEXT(2) 
PARAMETRIC_REPRESENTATION_CONTEXT() REPRESENTATION_CONTEXT('2D SPACE',''
  ) );
#2273 = ORIENTED_EDGE('',*,*,#2274,.T.);
#2274 = EDGE_CURVE('',#2247,#2089,#2275,.T.);
#2275 = SURFACE_CURVE('',#2276,(#2285,#2301),.PCURVE_S1.);
#2276 = B_SPLINE_CURVE_WITH_KNOTS('',7,(#2277,#2278,#2279,#2280,#2281,
    #2282,#2283,#2284),.UNSPECIFIED.,.F.,.F.,(8,8),(0.,1.570796326795),
  .PIECEWISE_BEZIER_KNOTS.);
#2277 = CARTESIAN_POINT('',(533.63037248396,308.72550503166,0.9));
#2278 = CARTESIAN_POINT('',(536.60054689796,308.72550503175,0.9));
#2279 = CARTESIAN_POINT('',(539.88661552873,308.72550503138,
    1.639317634054));
#2280 = CARTESIAN_POINT('',(543.26049896081,308.72550503214,
    3.331058446064));
#2281 = CARTESIAN_POINT('',(546.09423101796,308.72550503119,
    6.423534329707));
#2282 = CARTESIAN_POINT('',(547.48548092935,308.72550503195,
    9.932024044262));
#2283 = CARTESIAN_POINT('',(547.93558548419,308.72550503158,
    13.270023969102));
#2284 = CARTESIAN_POINT('',(547.67671772705,308.72550503166,
    16.228895972742));
#2285 = PCURVE('',#2193,#2286);
#2286 = DEFINITIONAL_REPRESENTATION('',(#2287),#2300);
#2287 = B_SPLINE_CURVE_WITH_KNOTS('',11,(#2288,#2289,#2290,#2291,#2292,
    #2293,#2294,#2295,#2296,#2297,#2298,#2299),.UNSPECIFIED.,.F.,.F.,(12
    ,12),(0.,1.570796326795),.PIECEWISE_BEZIER_KNOTS.);
#2288 = CARTESIAN_POINT('',(1.658062789395,658.72550503166));
#2289 = CARTESIAN_POINT('',(1.52401236452,658.72550503172));
#2290 = CARTESIAN_POINT('',(1.381264416966,658.72550503142));
#2291 = CARTESIAN_POINT('',(1.230498440719,658.72550503229));
#2292 = CARTESIAN_POINT('',(1.073024440255,658.72550503056));
#2293 = CARTESIAN_POINT('',(0.910949048455,658.72550503312));
#2294 = CARTESIAN_POINT('',(0.747113741192,658.72550503022));
#2295 = CARTESIAN_POINT('',(0.585038348721,658.72550503275));
#2296 = CARTESIAN_POINT('',(0.427564348905,658.72550503105));
#2297 = CARTESIAN_POINT('',(0.276798372378,658.7255050319));
#2298 = CARTESIAN_POINT('',(0.134050424875,658.72550503161));
#2299 = CARTESIAN_POINT('',(3.330669073875E-16,658.72550503166));
#2300 = ( GEOMETRIC_REPRESENTATION_CONTEXT(2) 
PARAMETRIC_REPRESENTATION_CONTEXT() REPRESENTATION_CONTEXT('2D SPACE',''
  ) );
#2301 = PCURVE('',#2136,#2302);
#2302 = DEFINITIONAL_REPRESENTATION('',(#2303),#2307);
#2303 = LINE('',#2304,#2305);
#2304 = CARTESIAN_POINT('',(0.,0.));
#2305 = VECTOR('',#2306,1.);
#2306 = DIRECTION('',(1.,0.));
#2307 = ( GEOMETRIC_REPRESENTATION_CONTEXT(2) 
PARAMETRIC_REPRESENTATION_CONTEXT() REPRESENTATION_CONTEXT('2D SPACE',''
  ) );
#2308 = ORIENTED_EDGE('',*,*,#2179,.F.);
#2309 = ADVANCED_FACE('',(#2310),#1983,.F.);
#2310 = FACE_BOUND('',#2311,.T.);
#2311 = EDGE_LOOP('',(#2312,#2349,#2372,#2407));
#2312 = ORIENTED_EDGE('',*,*,#2313,.F.);
#2313 = EDGE_CURVE('',#2314,#1803,#2316,.T.);
#2314 = VERTEX_POINT('',#2315);
#2315 = CARTESIAN_POINT('',(-508.7255050316,333.63037248396,0.9));
#2316 = SURFACE_CURVE('',#2317,(#2326,#2342),.PCURVE_S1.);
#2317 = B_SPLINE_CURVE_WITH_KNOTS('',7,(#2318,#2319,#2320,#2321,#2322,
    #2323,#2324,#2325),.UNSPECIFIED.,.F.,.F.,(8,8),(0.,1.570796326795),
  .PIECEWISE_BEZIER_KNOTS.);
#2318 = CARTESIAN_POINT('',(-508.7255050316,333.63037248396,0.9));
#2319 = CARTESIAN_POINT('',(-508.7255050316,336.60054689796,0.9));
#2320 = CARTESIAN_POINT('',(-508.7255050316,339.88661552873,
    1.639317634054));
#2321 = CARTESIAN_POINT('',(-508.7255050316,343.26049896081,
    3.331058446066));
#2322 = CARTESIAN_POINT('',(-508.7255050316,346.09423101795,
    6.423534329705));
#2323 = CARTESIAN_POINT('',(-508.7255050316,347.48548092935,
    9.932024044264));
#2324 = CARTESIAN_POINT('',(-508.7255050316,347.93558548419,
    13.270023969101));
#2325 = CARTESIAN_POINT('',(-508.7255050316,347.67671772705,
    16.228895972742));
#2326 = PCURVE('',#1983,#2327);
#2327 = DEFINITIONAL_REPRESENTATION('',(#2328),#2341);
#2328 = B_SPLINE_CURVE_WITH_KNOTS('',11,(#2329,#2330,#2331,#2332,#2333,
    #2334,#2335,#2336,#2337,#2338,#2339,#2340),.UNSPECIFIED.,.F.,.F.,(12
    ,12),(0.,1.570796326795),.PIECEWISE_BEZIER_KNOTS.);
#2329 = CARTESIAN_POINT('',(-1.658062789395,41.274494968333));
#2330 = CARTESIAN_POINT('',(-1.52401236452,41.274494968333));
#2331 = CARTESIAN_POINT('',(-1.381264416966,41.27449496833));
#2332 = CARTESIAN_POINT('',(-1.230498440719,41.274494968342));
#2333 = CARTESIAN_POINT('',(-1.073024440255,41.274494968312));
#2334 = CARTESIAN_POINT('',(-0.910949048455,41.274494968366));
#2335 = CARTESIAN_POINT('',(-0.747113741192,41.274494968296));
#2336 = CARTESIAN_POINT('',(-0.585038348721,41.274494968361));
#2337 = CARTESIAN_POINT('',(-0.427564348905,41.274494968317));
#2338 = CARTESIAN_POINT('',(-0.276798372378,41.274494968339));
#2339 = CARTESIAN_POINT('',(-0.134050424875,41.274494968331));
#2340 = CARTESIAN_POINT('',(-5.833614995287E-17,41.274494968333));
#2341 = ( GEOMETRIC_REPRESENTATION_CONTEXT(2) 
PARAMETRIC_REPRESENTATION_CONTEXT() REPRESENTATION_CONTEXT('2D SPACE',''
  ) );
#2342 = PCURVE('',#1829,#2343);
#2343 = DEFINITIONAL_REPRESENTATION('',(#2344),#2348);
#2344 = LINE('',#2345,#2346);
#2345 = CARTESIAN_POINT('',(0.,1.570796326795));
#2346 = VECTOR('',#2347,1.);
#2347 = DIRECTION('',(1.,0.));
#2348 = ( GEOMETRIC_REPRESENTATION_CONTEXT(2) 
PARAMETRIC_REPRESENTATION_CONTEXT() REPRESENTATION_CONTEXT('2D SPACE',''
  ) );
#2349 = ORIENTED_EDGE('',*,*,#2350,.T.);
#2350 = EDGE_CURVE('',#2314,#2351,#2353,.T.);
#2351 = VERTEX_POINT('',#2352);
#2352 = CARTESIAN_POINT('',(508.72550503166,333.63037248396,0.9));
#2353 = SURFACE_CURVE('',#2354,(#2358,#2365),.PCURVE_S1.);
#2354 = LINE('',#2355,#2356);
#2355 = CARTESIAN_POINT('',(-550.,333.63037248396,0.9));
#2356 = VECTOR('',#2357,1.);
#2357 = DIRECTION('',(1.,0.,0.));
#2358 = PCURVE('',#1983,#2359);
#2359 = DEFINITIONAL_REPRESENTATION('',(#2360),#2364);
#2360 = LINE('',#2361,#2362);
#2361 = CARTESIAN_POINT('',(-1.658062789395,0.));
#2362 = VECTOR('',#2363,1.);
#2363 = DIRECTION('',(-0.,1.));
#2364 = ( GEOMETRIC_REPRESENTATION_CONTEXT(2) 
PARAMETRIC_REPRESENTATION_CONTEXT() REPRESENTATION_CONTEXT('2D SPACE',''
  ) );
#2365 = PCURVE('',#2262,#2366);
#2366 = DEFINITIONAL_REPRESENTATION('',(#2367),#2371);
#2367 = LINE('',#2368,#2369);
#2368 = CARTESIAN_POINT('',(0.,683.63037248396));
#2369 = VECTOR('',#2370,1.);
#2370 = DIRECTION('',(1.,0.));
#2371 = ( GEOMETRIC_REPRESENTATION_CONTEXT(2) 
PARAMETRIC_REPRESENTATION_CONTEXT() REPRESENTATION_CONTEXT('2D SPACE',''
  ) );
#2372 = ORIENTED_EDGE('',*,*,#2373,.T.);
#2373 = EDGE_CURVE('',#2351,#1947,#2374,.T.);
#2374 = SURFACE_CURVE('',#2375,(#2384,#2400),.PCURVE_S1.);
#2375 = B_SPLINE_CURVE_WITH_KNOTS('',7,(#2376,#2377,#2378,#2379,#2380,
    #2381,#2382,#2383),.UNSPECIFIED.,.F.,.F.,(8,8),(0.,1.570796326795),
  .PIECEWISE_BEZIER_KNOTS.);
#2376 = CARTESIAN_POINT('',(508.72550503166,333.63037248396,0.9));
#2377 = CARTESIAN_POINT('',(508.72550503179,336.60054689796,0.9));
#2378 = CARTESIAN_POINT('',(508.72550503124,339.88661552873,
    1.639317634054));
#2379 = CARTESIAN_POINT('',(508.72550503239,343.26049896081,
    3.331058446065));
#2380 = CARTESIAN_POINT('',(508.72550503093,346.09423101796,
    6.423534329707));
#2381 = CARTESIAN_POINT('',(508.72550503211,347.48548092935,
    9.932024044263));
#2382 = CARTESIAN_POINT('',(508.72550503153,347.93558548419,
    13.270023969102));
#2383 = CARTESIAN_POINT('',(508.72550503166,347.67671772705,
    16.228895972742));
#2384 = PCURVE('',#1983,#2385);
#2385 = DEFINITIONAL_REPRESENTATION('',(#2386),#2399);
#2386 = B_SPLINE_CURVE_WITH_KNOTS('',11,(#2387,#2388,#2389,#2390,#2391,
    #2392,#2393,#2394,#2395,#2396,#2397,#2398),.UNSPECIFIED.,.F.,.F.,(12
    ,12),(0.,1.570796326795),.PIECEWISE_BEZIER_KNOTS.);
#2387 = CARTESIAN_POINT('',(-1.658062789395,1.058725505032E+03));
#2388 = CARTESIAN_POINT('',(-1.52401236452,1.058725505032E+03));
#2389 = CARTESIAN_POINT('',(-1.381264416966,1.058725505031E+03));
#2390 = CARTESIAN_POINT('',(-1.230498440719,1.058725505033E+03));
#2391 = CARTESIAN_POINT('',(-1.073024440254,1.05872550503E+03));
#2392 = CARTESIAN_POINT('',(-0.910949048457,1.058725505034E+03));
#2393 = CARTESIAN_POINT('',(-0.747113741191,1.05872550503E+03));
#2394 = CARTESIAN_POINT('',(-0.585038348722,1.058725505033E+03));
#2395 = CARTESIAN_POINT('',(-0.427564348904,1.058725505031E+03));
#2396 = CARTESIAN_POINT('',(-0.276798372378,1.058725505032E+03));
#2397 = CARTESIAN_POINT('',(-0.134050424875,1.058725505032E+03));
#2398 = CARTESIAN_POINT('',(0.,1.058725505032E+03));
#2399 = ( GEOMETRIC_REPRESENTATION_CONTEXT(2) 
PARAMETRIC_REPRESENTATION_CONTEXT() REPRESENTATION_CONTEXT('2D SPACE',''
  ) );
#2400 = PCURVE('',#2136,#2401);
#2401 = DEFINITIONAL_REPRESENTATION('',(#2402),#2406);
#2402 = LINE('',#2403,#2404);
#2403 = CARTESIAN_POINT('',(0.,1.570796326795));
#2404 = VECTOR('',#2405,1.);
#2405 = DIRECTION('',(1.,0.));
#2406 = ( GEOMETRIC_REPRESENTATION_CONTEXT(2) 
PARAMETRIC_REPRESENTATION_CONTEXT() REPRESENTATION_CONTEXT('2D SPACE',''
  ) );
#2407 = ORIENTED_EDGE('',*,*,#1969,.F.);
#2408 = ADVANCED_FACE('',(#2409),#1929,.F.);
#2409 = FACE_BOUND('',#2410,.F.);
#2410 = EDGE_LOOP('',(#2411,#2448,#2471,#2506));
#2411 = ORIENTED_EDGE('',*,*,#2412,.F.);
#2412 = EDGE_CURVE('',#2413,#1714,#2415,.T.);
#2413 = VERTEX_POINT('',#2414);
#2414 = CARTESIAN_POINT('',(-508.7255050316,-333.6303724839,0.9));
#2415 = SURFACE_CURVE('',#2416,(#2425,#2441),.PCURVE_S1.);
#2416 = B_SPLINE_CURVE_WITH_KNOTS('',7,(#2417,#2418,#2419,#2420,#2421,
    #2422,#2423,#2424),.UNSPECIFIED.,.F.,.F.,(8,8),(0.,1.570796326795),
  .PIECEWISE_BEZIER_KNOTS.);
#2417 = CARTESIAN_POINT('',(-508.7255050316,-333.6303724839,0.9));
#2418 = CARTESIAN_POINT('',(-508.7255050316,-336.6005468979,0.9));
#2419 = CARTESIAN_POINT('',(-508.7255050316,-339.8866155287,
    1.639317634054));
#2420 = CARTESIAN_POINT('',(-508.7255050316,-343.2604989608,
    3.331058446065));
#2421 = CARTESIAN_POINT('',(-508.7255050316,-346.0942310179,
    6.423534329706));
#2422 = CARTESIAN_POINT('',(-508.7255050316,-347.4854809293,
    9.932024044263));
#2423 = CARTESIAN_POINT('',(-508.7255050316,-347.9355854841,
    13.270023969102));
#2424 = CARTESIAN_POINT('',(-508.7255050316,-347.676717727,
    16.228895972742));
#2425 = PCURVE('',#1929,#2426);
#2426 = DEFINITIONAL_REPRESENTATION('',(#2427),#2440);
#2427 = B_SPLINE_CURVE_WITH_KNOTS('',11,(#2428,#2429,#2430,#2431,#2432,
    #2433,#2434,#2435,#2436,#2437,#2438,#2439),.UNSPECIFIED.,.F.,.F.,(12
    ,12),(0.,1.570796326795),.PIECEWISE_BEZIER_KNOTS.);
#2428 = CARTESIAN_POINT('',(1.658062789395,41.274494968333));
#2429 = CARTESIAN_POINT('',(1.52401236452,41.274494968334));
#2430 = CARTESIAN_POINT('',(1.381264416966,41.274494968324));
#2431 = CARTESIAN_POINT('',(1.230498440719,41.274494968356));
#2432 = CARTESIAN_POINT('',(1.073024440253,41.274494968288));
#2433 = CARTESIAN_POINT('',(0.910949048457,41.274494968395));
#2434 = CARTESIAN_POINT('',(0.74711374119,41.274494968269));
#2435 = CARTESIAN_POINT('',(0.585038348722,41.274494968382));
#2436 = CARTESIAN_POINT('',(0.427564348904,41.274494968305));
#2437 = CARTESIAN_POINT('',(0.276798372378,41.274494968344));
#2438 = CARTESIAN_POINT('',(0.134050424875,41.27449496833));
#2439 = CARTESIAN_POINT('',(2.22044604925E-16,41.274494968333));
#2440 = ( GEOMETRIC_REPRESENTATION_CONTEXT(2) 
PARAMETRIC_REPRESENTATION_CONTEXT() REPRESENTATION_CONTEXT('2D SPACE',''
  ) );
#2441 = PCURVE('',#1740,#2442);
#2442 = DEFINITIONAL_REPRESENTATION('',(#2443),#2447);
#2443 = LINE('',#2444,#2445);
#2444 = CARTESIAN_POINT('',(0.,1.570796326795));
#2445 = VECTOR('',#2446,1.);
#2446 = DIRECTION('',(1.,0.));
#2447 = ( GEOMETRIC_REPRESENTATION_CONTEXT(2) 
PARAMETRIC_REPRESENTATION_CONTEXT() REPRESENTATION_CONTEXT('2D SPACE',''
  ) );
#2448 = ORIENTED_EDGE('',*,*,#2449,.T.);
#2449 = EDGE_CURVE('',#2413,#2450,#2452,.T.);
#2450 = VERTEX_POINT('',#2451);
#2451 = CARTESIAN_POINT('',(508.72550503166,-333.6303724839,0.9));
#2452 = SURFACE_CURVE('',#2453,(#2457,#2464),.PCURVE_S1.);
#2453 = LINE('',#2454,#2455);
#2454 = CARTESIAN_POINT('',(-550.,-333.6303724839,0.9));
#2455 = VECTOR('',#2456,1.);
#2456 = DIRECTION('',(1.,-0.,0.));
#2457 = PCURVE('',#1929,#2458);
#2458 = DEFINITIONAL_REPRESENTATION('',(#2459),#2463);
#2459 = LINE('',#2460,#2461);
#2460 = CARTESIAN_POINT('',(1.658062789395,0.));
#2461 = VECTOR('',#2462,1.);
#2462 = DIRECTION('',(0.,1.));
#2463 = ( GEOMETRIC_REPRESENTATION_CONTEXT(2) 
PARAMETRIC_REPRESENTATION_CONTEXT() REPRESENTATION_CONTEXT('2D SPACE',''
  ) );
#2464 = PCURVE('',#2262,#2465);
#2465 = DEFINITIONAL_REPRESENTATION('',(#2466),#2470);
#2466 = LINE('',#2467,#2468);
#2467 = CARTESIAN_POINT('',(0.,16.369627516039));
#2468 = VECTOR('',#2469,1.);
#2469 = DIRECTION('',(1.,0.));
#2470 = ( GEOMETRIC_REPRESENTATION_CONTEXT(2) 
PARAMETRIC_REPRESENTATION_CONTEXT() REPRESENTATION_CONTEXT('2D SPACE',''
  ) );
#2471 = ORIENTED_EDGE('',*,*,#2472,.T.);
#2472 = EDGE_CURVE('',#2450,#1893,#2473,.T.);
#2473 = SURFACE_CURVE('',#2474,(#2483,#2499),.PCURVE_S1.);
#2474 = B_SPLINE_CURVE_WITH_KNOTS('',7,(#2475,#2476,#2477,#2478,#2479,
    #2480,#2481,#2482),.UNSPECIFIED.,.F.,.F.,(8,8),(0.,1.570796326795),
  .PIECEWISE_BEZIER_KNOTS.);
#2475 = CARTESIAN_POINT('',(508.72550503166,-333.6303724839,0.9));
#2476 = CARTESIAN_POINT('',(508.72550503192,-336.6005468979,0.9));
#2477 = CARTESIAN_POINT('',(508.72550503086,-339.8866155287,
    1.639317634055));
#2478 = CARTESIAN_POINT('',(508.72550503292,-343.2604989608,
    3.331058446062));
#2479 = CARTESIAN_POINT('',(508.7255050305,-346.0942310179,
    6.423534329711));
#2480 = CARTESIAN_POINT('',(508.7255050323,-347.4854809293,9.93202404426
    ));
#2481 = CARTESIAN_POINT('',(508.72550503149,-347.9355854841,
    13.270023969103));
#2482 = CARTESIAN_POINT('',(508.72550503166,-347.676717727,
    16.228895972742));
#2483 = PCURVE('',#1929,#2484);
#2484 = DEFINITIONAL_REPRESENTATION('',(#2485),#2498);
#2485 = B_SPLINE_CURVE_WITH_KNOTS('',11,(#2486,#2487,#2488,#2489,#2490,
    #2491,#2492,#2493,#2494,#2495,#2496,#2497),.UNSPECIFIED.,.F.,.F.,(12
    ,12),(0.,1.570796326795),.PIECEWISE_BEZIER_KNOTS.);
#2486 = CARTESIAN_POINT('',(1.658062789395,1.058725505032E+03));
#2487 = CARTESIAN_POINT('',(1.52401236452,1.058725505032E+03));
#2488 = CARTESIAN_POINT('',(1.381264416965,1.058725505031E+03));
#2489 = CARTESIAN_POINT('',(1.23049844072,1.058725505033E+03));
#2490 = CARTESIAN_POINT('',(1.073024440252,1.058725505029E+03));
#2491 = CARTESIAN_POINT('',(0.910949048459,1.058725505035E+03));
#2492 = CARTESIAN_POINT('',(0.747113741189,1.058725505029E+03));
#2493 = CARTESIAN_POINT('',(0.585038348723,1.058725505034E+03));
#2494 = CARTESIAN_POINT('',(0.427564348904,1.05872550503E+03));
#2495 = CARTESIAN_POINT('',(0.276798372379,1.058725505032E+03));
#2496 = CARTESIAN_POINT('',(0.134050424874,1.058725505032E+03));
#2497 = CARTESIAN_POINT('',(1.693584524155E-16,1.058725505032E+03));
#2498 = ( GEOMETRIC_REPRESENTATION_CONTEXT(2) 
PARAMETRIC_REPRESENTATION_CONTEXT() REPRESENTATION_CONTEXT('2D SPACE',''
  ) );
#2499 = PCURVE('',#2047,#2500);
#2500 = DEFINITIONAL_REPRESENTATION('',(#2501),#2505);
#2501 = LINE('',#2502,#2503);
#2502 = CARTESIAN_POINT('',(0.,1.570796326795));
#2503 = VECTOR('',#2504,1.);
#2504 = DIRECTION('',(1.,0.));
#2505 = ( GEOMETRIC_REPRESENTATION_CONTEXT(2) 
PARAMETRIC_REPRESENTATION_CONTEXT() REPRESENTATION_CONTEXT('2D SPACE',''
  ) );
#2506 = ORIENTED_EDGE('',*,*,#1915,.F.);
#2507 = ADVANCED_FACE('',(#2508),#1829,.F.);
#2508 = FACE_BOUND('',#2509,.F.);
#2509 = EDGE_LOOP('',(#2510,#2547,#2548,#2549));
#2510 = ORIENTED_EDGE('',*,*,#2511,.T.);
#2511 = EDGE_CURVE('',#2512,#1662,#2514,.T.);
#2512 = VERTEX_POINT('',#2513);
#2513 = CARTESIAN_POINT('',(-533.6303724839,308.72550503166,0.9));
#2514 = SURFACE_CURVE('',#2515,(#2524,#2531),.PCURVE_S1.);
#2515 = B_SPLINE_CURVE_WITH_KNOTS('',7,(#2516,#2517,#2518,#2519,#2520,
    #2521,#2522,#2523),.UNSPECIFIED.,.F.,.F.,(8,8),(0.,1.570796326795),
  .PIECEWISE_BEZIER_KNOTS.);
#2516 = CARTESIAN_POINT('',(-533.6303724839,308.72550503166,0.9));
#2517 = CARTESIAN_POINT('',(-536.6005468979,308.7255050317,0.9));
#2518 = CARTESIAN_POINT('',(-539.8866155287,308.72550503153,
    1.639317634054));
#2519 = CARTESIAN_POINT('',(-543.2604989608,308.72550503189,
    3.331058446066));
#2520 = CARTESIAN_POINT('',(-546.0942310179,308.72550503143,
    6.423534329704));
#2521 = CARTESIAN_POINT('',(-547.4854809293,308.72550503181,
    9.932024044265));
#2522 = CARTESIAN_POINT('',(-547.9355854841,308.72550503162,
    13.270023969101));
#2523 = CARTESIAN_POINT('',(-547.676717727,308.72550503166,
    16.228895972742));
#2524 = PCURVE('',#1829,#2525);
#2525 = DEFINITIONAL_REPRESENTATION('',(#2526),#2530);
#2526 = LINE('',#2527,#2528);
#2527 = CARTESIAN_POINT('',(0.,0.));
#2528 = VECTOR('',#2529,1.);
#2529 = DIRECTION('',(1.,0.));
#2530 = ( GEOMETRIC_REPRESENTATION_CONTEXT(2) 
PARAMETRIC_REPRESENTATION_CONTEXT() REPRESENTATION_CONTEXT('2D SPACE',''
  ) );
#2531 = PCURVE('',#1677,#2532);
#2532 = DEFINITIONAL_REPRESENTATION('',(#2533),#2546);
#2533 = B_SPLINE_CURVE_WITH_KNOTS('',11,(#2534,#2535,#2536,#2537,#2538,
    #2539,#2540,#2541,#2542,#2543,#2544,#2545),.UNSPECIFIED.,.F.,.F.,(12
    ,12),(0.,1.570796326795),.PIECEWISE_BEZIER_KNOTS.);
#2534 = CARTESIAN_POINT('',(-1.658062789395,658.72550503166));
#2535 = CARTESIAN_POINT('',(-1.52401236452,658.72550503169));
#2536 = CARTESIAN_POINT('',(-1.381264416966,658.72550503155));
#2537 = CARTESIAN_POINT('',(-1.230498440718,658.72550503198));
#2538 = CARTESIAN_POINT('',(-1.073024440255,658.72550503104));
#2539 = CARTESIAN_POINT('',(-0.910949048455,658.72550503253));
#2540 = CARTESIAN_POINT('',(-0.747113741192,658.72550503078));
#2541 = CARTESIAN_POINT('',(-0.585038348721,658.72550503233));
#2542 = CARTESIAN_POINT('',(-0.427564348905,658.7255050313));
#2543 = CARTESIAN_POINT('',(-0.276798372378,658.7255050318));
#2544 = CARTESIAN_POINT('',(-0.134050424875,658.72550503163));
#2545 = CARTESIAN_POINT('',(-5.833614995285E-17,658.72550503166));
#2546 = ( GEOMETRIC_REPRESENTATION_CONTEXT(2) 
PARAMETRIC_REPRESENTATION_CONTEXT() REPRESENTATION_CONTEXT('2D SPACE',''
  ) );
#2547 = ORIENTED_EDGE('',*,*,#1802,.T.);
#2548 = ORIENTED_EDGE('',*,*,#2313,.F.);
#2549 = ORIENTED_EDGE('',*,*,#2550,.F.);
#2550 = EDGE_CURVE('',#2512,#2314,#2551,.T.);
#2551 = SURFACE_CURVE('',#2552,(#2562,#2569),.PCURVE_S1.);
#2552 = B_SPLINE_CURVE_WITH_KNOTS('',8,(#2553,#2554,#2555,#2556,#2557,
    #2558,#2559,#2560,#2561),.UNSPECIFIED.,.F.,.F.,(9,9),(0.,
    1.570796326795),.PIECEWISE_BEZIER_KNOTS.);
#2553 = CARTESIAN_POINT('',(-533.6303724839,308.72550503166,0.9));
#2554 = CARTESIAN_POINT('',(-533.6303724839,313.61556432083,0.9));
#2555 = CARTESIAN_POINT('',(-532.5413047163,318.50567783748,0.9));
#2556 = CARTESIAN_POINT('',(-530.3569403068,323.11463786658,0.9));
#2557 = CARTESIAN_POINT('',(-527.1553169894,327.15531698944,0.9));
#2558 = CARTESIAN_POINT('',(-523.1146378666,330.35694030679,0.9));
#2559 = CARTESIAN_POINT('',(-518.5056778374,332.5413047163,0.9));
#2560 = CARTESIAN_POINT('',(-513.6155643208,333.63037248396,0.9));
#2561 = CARTESIAN_POINT('',(-508.7255050316,333.63037248396,0.9));
#2562 = PCURVE('',#1829,#2563);
#2563 = DEFINITIONAL_REPRESENTATION('',(#2564),#2568);
#2564 = LINE('',#2565,#2566);
#2565 = CARTESIAN_POINT('',(0.,0.));
#2566 = VECTOR('',#2567,1.);
#2567 = DIRECTION('',(0.,1.));
#2568 = ( GEOMETRIC_REPRESENTATION_CONTEXT(2) 
PARAMETRIC_REPRESENTATION_CONTEXT() REPRESENTATION_CONTEXT('2D SPACE',''
  ) );
#2569 = PCURVE('',#2262,#2570);
#2570 = DEFINITIONAL_REPRESENTATION('',(#2571),#2581);
#2571 = B_SPLINE_CURVE_WITH_KNOTS('',8,(#2572,#2573,#2574,#2575,#2576,
    #2577,#2578,#2579,#2580),.UNSPECIFIED.,.F.,.F.,(9,9),(0.,
    1.570796326795),.PIECEWISE_BEZIER_KNOTS.);
#2572 = CARTESIAN_POINT('',(16.369627516039,658.72550503166));
#2573 = CARTESIAN_POINT('',(16.369627516039,663.61556432083));
#2574 = CARTESIAN_POINT('',(17.4586952837,668.50567783748));
#2575 = CARTESIAN_POINT('',(19.643059693185,673.11463786658));
#2576 = CARTESIAN_POINT('',(22.844683010583,677.15531698944));
#2577 = CARTESIAN_POINT('',(26.885362133385,680.35694030679));
#2578 = CARTESIAN_POINT('',(31.494322162531,682.5413047163));
#2579 = CARTESIAN_POINT('',(36.384435679161,683.63037248396));
#2580 = CARTESIAN_POINT('',(41.274494968333,683.63037248396));
#2581 = ( GEOMETRIC_REPRESENTATION_CONTEXT(2) 
PARAMETRIC_REPRESENTATION_CONTEXT() REPRESENTATION_CONTEXT('2D SPACE',''
  ) );
#2582 = ADVANCED_FACE('',(#2583),#1740,.T.);
#2583 = FACE_BOUND('',#2584,.T.);
#2584 = EDGE_LOOP('',(#2585,#2622,#2623,#2624));
#2585 = ORIENTED_EDGE('',*,*,#2586,.T.);
#2586 = EDGE_CURVE('',#2587,#1639,#2589,.T.);
#2587 = VERTEX_POINT('',#2588);
#2588 = CARTESIAN_POINT('',(-533.6303724839,-308.7255050316,0.9));
#2589 = SURFACE_CURVE('',#2590,(#2599,#2606),.PCURVE_S1.);
#2590 = B_SPLINE_CURVE_WITH_KNOTS('',7,(#2591,#2592,#2593,#2594,#2595,
    #2596,#2597,#2598),.UNSPECIFIED.,.F.,.F.,(8,8),(0.,1.570796326795),
  .PIECEWISE_BEZIER_KNOTS.);
#2591 = CARTESIAN_POINT('',(-533.6303724839,-308.7255050316,0.9));
#2592 = CARTESIAN_POINT('',(-536.6005468979,-308.7255050316,0.9));
#2593 = CARTESIAN_POINT('',(-539.8866155287,-308.7255050316,
    1.639317634054));
#2594 = CARTESIAN_POINT('',(-543.2604989608,-308.7255050316,
    3.331058446066));
#2595 = CARTESIAN_POINT('',(-546.0942310179,-308.7255050316,
    6.423534329705));
#2596 = CARTESIAN_POINT('',(-547.4854809293,-308.7255050316,
    9.932024044264));
#2597 = CARTESIAN_POINT('',(-547.9355854841,-308.7255050316,
    13.270023969101));
#2598 = CARTESIAN_POINT('',(-547.676717727,-308.7255050316,
    16.228895972742));
#2599 = PCURVE('',#1740,#2600);
#2600 = DEFINITIONAL_REPRESENTATION('',(#2601),#2605);
#2601 = LINE('',#2602,#2603);
#2602 = CARTESIAN_POINT('',(0.,1.428463846293E-15));
#2603 = VECTOR('',#2604,1.);
#2604 = DIRECTION('',(1.,0.));
#2605 = ( GEOMETRIC_REPRESENTATION_CONTEXT(2) 
PARAMETRIC_REPRESENTATION_CONTEXT() REPRESENTATION_CONTEXT('2D SPACE',''
  ) );
#2606 = PCURVE('',#1677,#2607);
#2607 = DEFINITIONAL_REPRESENTATION('',(#2608),#2621);
#2608 = B_SPLINE_CURVE_WITH_KNOTS('',11,(#2609,#2610,#2611,#2612,#2613,
    #2614,#2615,#2616,#2617,#2618,#2619,#2620),.UNSPECIFIED.,.F.,.F.,(12
    ,12),(0.,1.570796326795),.PIECEWISE_BEZIER_KNOTS.);
#2609 = CARTESIAN_POINT('',(-1.658062789395,41.274494968333));
#2610 = CARTESIAN_POINT('',(-1.52401236452,41.274494968334));
#2611 = CARTESIAN_POINT('',(-1.381264416966,41.274494968324));
#2612 = CARTESIAN_POINT('',(-1.230498440719,41.274494968356));
#2613 = CARTESIAN_POINT('',(-1.073024440253,41.274494968288));
#2614 = CARTESIAN_POINT('',(-0.910949048457,41.274494968395));
#2615 = CARTESIAN_POINT('',(-0.74711374119,41.274494968269));
#2616 = CARTESIAN_POINT('',(-0.585038348722,41.274494968382));
#2617 = CARTESIAN_POINT('',(-0.427564348904,41.274494968305));
#2618 = CARTESIAN_POINT('',(-0.276798372378,41.274494968344));
#2619 = CARTESIAN_POINT('',(-0.134050424875,41.27449496833));
#2620 = CARTESIAN_POINT('',(-3.330669073875E-16,41.274494968333));
#2621 = ( GEOMETRIC_REPRESENTATION_CONTEXT(2) 
PARAMETRIC_REPRESENTATION_CONTEXT() REPRESENTATION_CONTEXT('2D SPACE',''
  ) );
#2622 = ORIENTED_EDGE('',*,*,#1713,.T.);
#2623 = ORIENTED_EDGE('',*,*,#2412,.F.);
#2624 = ORIENTED_EDGE('',*,*,#2625,.F.);
#2625 = EDGE_CURVE('',#2587,#2413,#2626,.T.);
#2626 = SURFACE_CURVE('',#2627,(#2637,#2644),.PCURVE_S1.);
#2627 = B_SPLINE_CURVE_WITH_KNOTS('',8,(#2628,#2629,#2630,#2631,#2632,
    #2633,#2634,#2635,#2636),.UNSPECIFIED.,.F.,.F.,(9,9),(
    1.428463846293E-15,1.570796326795),.PIECEWISE_BEZIER_KNOTS.);
#2628 = CARTESIAN_POINT('',(-533.6303724839,-308.7255050316,0.9));
#2629 = CARTESIAN_POINT('',(-533.6303724839,-313.6155643208,0.9));
#2630 = CARTESIAN_POINT('',(-532.5413047163,-318.5056778374,0.9));
#2631 = CARTESIAN_POINT('',(-530.3569403068,-323.1146378666,0.9));
#2632 = CARTESIAN_POINT('',(-527.1553169894,-327.1553169894,0.9));
#2633 = CARTESIAN_POINT('',(-523.1146378666,-330.3569403068,0.9));
#2634 = CARTESIAN_POINT('',(-518.5056778374,-332.5413047163,0.9));
#2635 = CARTESIAN_POINT('',(-513.6155643208,-333.6303724839,0.9));
#2636 = CARTESIAN_POINT('',(-508.7255050316,-333.6303724839,0.9));
#2637 = PCURVE('',#1740,#2638);
#2638 = DEFINITIONAL_REPRESENTATION('',(#2639),#2643);
#2639 = LINE('',#2640,#2641);
#2640 = CARTESIAN_POINT('',(0.,0.));
#2641 = VECTOR('',#2642,1.);
#2642 = DIRECTION('',(0.,1.));
#2643 = ( GEOMETRIC_REPRESENTATION_CONTEXT(2) 
PARAMETRIC_REPRESENTATION_CONTEXT() REPRESENTATION_CONTEXT('2D SPACE',''
  ) );
#2644 = PCURVE('',#2262,#2645);
#2645 = DEFINITIONAL_REPRESENTATION('',(#2646),#2656);
#2646 = B_SPLINE_CURVE_WITH_KNOTS('',8,(#2647,#2648,#2649,#2650,#2651,
    #2652,#2653,#2654,#2655),.UNSPECIFIED.,.F.,.F.,(9,9),(
    1.428463846293E-15,1.570796326795),.PIECEWISE_BEZIER_KNOTS.);
#2647 = CARTESIAN_POINT('',(16.369627516039,41.274494968333));
#2648 = CARTESIAN_POINT('',(16.369627516039,36.384435679161));
#2649 = CARTESIAN_POINT('',(17.4586952837,31.494322162531));
#2650 = CARTESIAN_POINT('',(19.643059693186,26.885362133386));
#2651 = CARTESIAN_POINT('',(22.844683010584,22.844683010581));
#2652 = CARTESIAN_POINT('',(26.885362133383,19.643059693187));
#2653 = CARTESIAN_POINT('',(31.494322162532,17.458695283699));
#2654 = CARTESIAN_POINT('',(36.38443567916,16.369627516039));
#2655 = CARTESIAN_POINT('',(41.274494968333,16.369627516039));
#2656 = ( GEOMETRIC_REPRESENTATION_CONTEXT(2) 
PARAMETRIC_REPRESENTATION_CONTEXT() REPRESENTATION_CONTEXT('2D SPACE',''
  ) );
#2657 = ADVANCED_FACE('',(#2658),#2047,.F.);
#2658 = FACE_BOUND('',#2659,.F.);
#2659 = EDGE_LOOP('',(#2660,#2661,#2662,#2663));
#2660 = ORIENTED_EDGE('',*,*,#2209,.T.);
#2661 = ORIENTED_EDGE('',*,*,#2022,.T.);
#2662 = ORIENTED_EDGE('',*,*,#2472,.F.);
#2663 = ORIENTED_EDGE('',*,*,#2664,.F.);
#2664 = EDGE_CURVE('',#2210,#2450,#2665,.T.);
#2665 = SURFACE_CURVE('',#2666,(#2676,#2683),.PCURVE_S1.);
#2666 = B_SPLINE_CURVE_WITH_KNOTS('',8,(#2667,#2668,#2669,#2670,#2671,
    #2672,#2673,#2674,#2675),.UNSPECIFIED.,.F.,.F.,(9,9),(
    1.428463846293E-15,1.570796326795),.PIECEWISE_BEZIER_KNOTS.);
#2667 = CARTESIAN_POINT('',(533.63037248396,-308.7255050316,0.9));
#2668 = CARTESIAN_POINT('',(533.63037248394,-313.6155643208,0.9));
#2669 = CARTESIAN_POINT('',(532.54130471636,-318.5056778374,0.9));
#2670 = CARTESIAN_POINT('',(530.35694030669,-323.1146378666,0.9));
#2671 = CARTESIAN_POINT('',(527.15531698956,-327.1553169894,0.9));
#2672 = CARTESIAN_POINT('',(523.1146378665,-330.3569403068,0.9));
#2673 = CARTESIAN_POINT('',(518.50567783752,-332.5413047163,0.9));
#2674 = CARTESIAN_POINT('',(513.61556432082,-333.6303724839,0.9));
#2675 = CARTESIAN_POINT('',(508.72550503166,-333.6303724839,0.9));
#2676 = PCURVE('',#2047,#2677);
#2677 = DEFINITIONAL_REPRESENTATION('',(#2678),#2682);
#2678 = LINE('',#2679,#2680);
#2679 = CARTESIAN_POINT('',(0.,0.));
#2680 = VECTOR('',#2681,1.);
#2681 = DIRECTION('',(0.,1.));
#2682 = ( GEOMETRIC_REPRESENTATION_CONTEXT(2) 
PARAMETRIC_REPRESENTATION_CONTEXT() REPRESENTATION_CONTEXT('2D SPACE',''
  ) );
#2683 = PCURVE('',#2262,#2684);
#2684 = DEFINITIONAL_REPRESENTATION('',(#2685),#2695);
#2685 = B_SPLINE_CURVE_WITH_KNOTS('',8,(#2686,#2687,#2688,#2689,#2690,
    #2691,#2692,#2693,#2694),.UNSPECIFIED.,.F.,.F.,(9,9),(
    1.428463846293E-15,1.570796326795),.PIECEWISE_BEZIER_KNOTS.);
#2686 = CARTESIAN_POINT('',(1.083630372484E+03,41.274494968333));
#2687 = CARTESIAN_POINT('',(1.083630372484E+03,36.38443567916));
#2688 = CARTESIAN_POINT('',(1.082541304716E+03,31.494322162533));
#2689 = CARTESIAN_POINT('',(1.080356940307E+03,26.885362133383));
#2690 = CARTESIAN_POINT('',(1.07715531699E+03,22.844683010585));
#2691 = CARTESIAN_POINT('',(1.073114637867E+03,19.643059693185));
#2692 = CARTESIAN_POINT('',(1.068505677838E+03,17.4586952837));
#2693 = CARTESIAN_POINT('',(1.063615564321E+03,16.369627516039));
#2694 = CARTESIAN_POINT('',(1.058725505032E+03,16.369627516039));
#2695 = ( GEOMETRIC_REPRESENTATION_CONTEXT(2) 
PARAMETRIC_REPRESENTATION_CONTEXT() REPRESENTATION_CONTEXT('2D SPACE',''
  ) );
#2696 = ADVANCED_FACE('',(#2697),#2262,.T.);
#2697 = FACE_BOUND('',#2698,.T.);
#2698 = EDGE_LOOP('',(#2699,#2720,#2721,#2722,#2723,#2724,#2757,#2758));
#2699 = ORIENTED_EDGE('',*,*,#2700,.F.);
#2700 = EDGE_CURVE('',#2587,#2512,#2701,.T.);
#2701 = SURFACE_CURVE('',#2702,(#2706,#2713),.PCURVE_S1.);
#2702 = LINE('',#2703,#2704);
#2703 = CARTESIAN_POINT('',(-533.6303724839,-350.,0.9));
#2704 = VECTOR('',#2705,1.);
#2705 = DIRECTION('',(-0.,1.,-0.));
#2706 = PCURVE('',#2262,#2707);
#2707 = DEFINITIONAL_REPRESENTATION('',(#2708),#2712);
#2708 = LINE('',#2709,#2710);
#2709 = CARTESIAN_POINT('',(16.369627516039,0.));
#2710 = VECTOR('',#2711,1.);
#2711 = DIRECTION('',(0.,1.));
#2712 = ( GEOMETRIC_REPRESENTATION_CONTEXT(2) 
PARAMETRIC_REPRESENTATION_CONTEXT() REPRESENTATION_CONTEXT('2D SPACE',''
  ) );
#2713 = PCURVE('',#1677,#2714);
#2714 = DEFINITIONAL_REPRESENTATION('',(#2715),#2719);
#2715 = LINE('',#2716,#2717);
#2716 = CARTESIAN_POINT('',(-1.658062789395,0.));
#2717 = VECTOR('',#2718,1.);
#2718 = DIRECTION('',(-0.,1.));
#2719 = ( GEOMETRIC_REPRESENTATION_CONTEXT(2) 
PARAMETRIC_REPRESENTATION_CONTEXT() REPRESENTATION_CONTEXT('2D SPACE',''
  ) );
#2720 = ORIENTED_EDGE('',*,*,#2625,.T.);
#2721 = ORIENTED_EDGE('',*,*,#2449,.T.);
#2722 = ORIENTED_EDGE('',*,*,#2664,.F.);
#2723 = ORIENTED_EDGE('',*,*,#2246,.T.);
#2724 = ORIENTED_EDGE('',*,*,#2725,.T.);
#2725 = EDGE_CURVE('',#2247,#2351,#2726,.T.);
#2726 = SURFACE_CURVE('',#2727,(#2737,#2750),.PCURVE_S1.);
#2727 = B_SPLINE_CURVE_WITH_KNOTS('',8,(#2728,#2729,#2730,#2731,#2732,
    #2733,#2734,#2735,#2736),.UNSPECIFIED.,.F.,.F.,(9,9),(0.,
    1.570796326795),.PIECEWISE_BEZIER_KNOTS.);
#2728 = CARTESIAN_POINT('',(533.63037248396,308.72550503166,0.9));
#2729 = CARTESIAN_POINT('',(533.63037248395,313.61556432084,0.9));
#2730 = CARTESIAN_POINT('',(532.54130471631,318.50567783746,0.9));
#2731 = CARTESIAN_POINT('',(530.35694030679,323.11463786662,0.9));
#2732 = CARTESIAN_POINT('',(527.15531698944,327.1553169894,0.9));
#2733 = CARTESIAN_POINT('',(523.11463786659,330.35694030682,0.9));
#2734 = CARTESIAN_POINT('',(518.50567783748,332.54130471629,0.9));
#2735 = CARTESIAN_POINT('',(513.61556432083,333.63037248396,0.9));
#2736 = CARTESIAN_POINT('',(508.72550503166,333.63037248396,0.9));
#2737 = PCURVE('',#2262,#2738);
#2738 = DEFINITIONAL_REPRESENTATION('',(#2739),#2749);
#2739 = B_SPLINE_CURVE_WITH_KNOTS('',8,(#2740,#2741,#2742,#2743,#2744,
    #2745,#2746,#2747,#2748),.UNSPECIFIED.,.F.,.F.,(9,9),(0.,
    1.570796326795),.PIECEWISE_BEZIER_KNOTS.);
#2740 = CARTESIAN_POINT('',(1.083630372484E+03,658.72550503166));
#2741 = CARTESIAN_POINT('',(1.083630372484E+03,663.61556432084));
#2742 = CARTESIAN_POINT('',(1.082541304716E+03,668.50567783746));
#2743 = CARTESIAN_POINT('',(1.080356940307E+03,673.11463786662));
#2744 = CARTESIAN_POINT('',(1.077155316989E+03,677.1553169894));
#2745 = CARTESIAN_POINT('',(1.073114637867E+03,680.35694030682));
#2746 = CARTESIAN_POINT('',(1.068505677837E+03,682.54130471629));
#2747 = CARTESIAN_POINT('',(1.063615564321E+03,683.63037248396));
#2748 = CARTESIAN_POINT('',(1.058725505032E+03,683.63037248396));
#2749 = ( GEOMETRIC_REPRESENTATION_CONTEXT(2) 
PARAMETRIC_REPRESENTATION_CONTEXT() REPRESENTATION_CONTEXT('2D SPACE',''
  ) );
#2750 = PCURVE('',#2136,#2751);
#2751 = DEFINITIONAL_REPRESENTATION('',(#2752),#2756);
#2752 = LINE('',#2753,#2754);
#2753 = CARTESIAN_POINT('',(0.,0.));
#2754 = VECTOR('',#2755,1.);
#2755 = DIRECTION('',(0.,1.));
#2756 = ( GEOMETRIC_REPRESENTATION_CONTEXT(2) 
PARAMETRIC_REPRESENTATION_CONTEXT() REPRESENTATION_CONTEXT('2D SPACE',''
  ) );
#2757 = ORIENTED_EDGE('',*,*,#2350,.F.);
#2758 = ORIENTED_EDGE('',*,*,#2550,.F.);
#2759 = ADVANCED_FACE('',(#2760),#1677,.F.);
#2760 = FACE_BOUND('',#2761,.T.);
#2761 = EDGE_LOOP('',(#2762,#2763,#2764,#2765));
#2762 = ORIENTED_EDGE('',*,*,#2586,.F.);
#2763 = ORIENTED_EDGE('',*,*,#2700,.T.);
#2764 = ORIENTED_EDGE('',*,*,#2511,.T.);
#2765 = ORIENTED_EDGE('',*,*,#1661,.F.);
#2766 = ADVANCED_FACE('',(#2767),#2136,.T.);
#2767 = FACE_BOUND('',#2768,.T.);
#2768 = EDGE_LOOP('',(#2769,#2770,#2771,#2772));
#2769 = ORIENTED_EDGE('',*,*,#2274,.T.);
#2770 = ORIENTED_EDGE('',*,*,#2111,.T.);
#2771 = ORIENTED_EDGE('',*,*,#2373,.F.);
#2772 = ORIENTED_EDGE('',*,*,#2725,.F.);
#2773 = ( GEOMETRIC_REPRESENTATION_CONTEXT(3) 
GLOBAL_UNCERTAINTY_ASSIGNED_CONTEXT((#2777)) 
GLOBAL_UNIT_ASSIGNED_CONTEXT((#2774,#2775,#2776)) REPRESENTATION_CONTEXT
('Context #1','3D Context with UNIT and UNCERTAINTY') );
#2774 = ( LENGTH_UNIT() NAMED_UNIT(*) SI_UNIT(.MILLI.,.METRE.) );
#2775 = ( NAMED_UNIT(*) PLANE_ANGLE_UNIT() SI_UNIT($,.RADIAN.) );
#2776 = ( NAMED_UNIT(*) SI_UNIT($,.STERADIAN.) SOLID_ANGLE_UNIT() );
#2777 = UNCERTAINTY_MEASURE_WITH_UNIT(LENGTH_MEASURE(5.E-04),#2774,
  'distance_accuracy_value','confusion accuracy');
#2778 = CONTEXT_DEPENDENT_SHAPE_REPRESENTATION(#2779,#2781);
#2779 = ( REPRESENTATION_RELATIONSHIP('','',#36,#10) 
REPRESENTATION_RELATIONSHIP_WITH_TRANSFORMATION(#2780) 
SHAPE_REPRESENTATION_RELATIONSHIP() );
#2780 = ITEM_DEFINED_TRANSFORMATION('','',#11,#15);
#2781 = PRODUCT_DEFINITION_SHAPE('Placement','Placement of an item',
  #2782);
#2782 = NEXT_ASSEMBLY_USAGE_OCCURRENCE('3','','',#5,#31,$);
#2783 = PRODUCT_RELATED_PRODUCT_CATEGORY('part',$,(#33));
#2784 = SHAPE_DEFINITION_REPRESENTATION(#2785,#2791);
#2785 = PRODUCT_DEFINITION_SHAPE('','',#2786);
#2786 = PRODUCT_DEFINITION('design','',#2787,#2790);
#2787 = PRODUCT_DEFINITION_FORMATION('','',#2788);
#2788 = PRODUCT('BIW INNER PANEL PRESSING 2.2',
  'BIW INNER PANEL PRESSING 2.2','',(#2789));
#2789 = PRODUCT_CONTEXT('',#2,'mechanical');
#2790 = PRODUCT_DEFINITION_CONTEXT('part definition',#2,'design');
#2791 = ADVANCED_BREP_SHAPE_REPRESENTATION('',(#11,#2792),#3422);
#2792 = MANIFOLD_SOLID_BREP('',#2793);
#2793 = CLOSED_SHELL('',(#2794,#2914,#2990,#3145,#3194,#3307,#3314,#3361
    ,#3388,#3415));
#2794 = ADVANCED_FACE('',(#2795),#2809,.F.);
#2795 = FACE_BOUND('',#2796,.F.);
#2796 = EDGE_LOOP('',(#2797,#2832,#2860,#2888));
#2797 = ORIENTED_EDGE('',*,*,#2798,.F.);
#2798 = EDGE_CURVE('',#2799,#2801,#2803,.T.);
#2799 = VERTEX_POINT('',#2800);
#2800 = CARTESIAN_POINT('',(-580.,-380.,119.1));
#2801 = VERTEX_POINT('',#2802);
#2802 = CARTESIAN_POINT('',(-580.,-380.,120.));
#2803 = SURFACE_CURVE('',#2804,(#2808,#2820),.PCURVE_S1.);
#2804 = LINE('',#2805,#2806);
#2805 = CARTESIAN_POINT('',(-580.,-380.,119.1));
#2806 = VECTOR('',#2807,1.);
#2807 = DIRECTION('',(0.,0.,1.));
#2808 = PCURVE('',#2809,#2814);
#2809 = PLANE('',#2810);
#2810 = AXIS2_PLACEMENT_3D('',#2811,#2812,#2813);
#2811 = CARTESIAN_POINT('',(-580.,-380.,119.1));
#2812 = DIRECTION('',(1.,0.,-0.));
#2813 = DIRECTION('',(0.,0.,1.));
#2814 = DEFINITIONAL_REPRESENTATION('',(#2815),#2819);
#2815 = LINE('',#2816,#2817);
#2816 = CARTESIAN_POINT('',(0.,0.));
#2817 = VECTOR('',#2818,1.);
#2818 = DIRECTION('',(1.,0.));
#2819 = ( GEOMETRIC_REPRESENTATION_CONTEXT(2) 
PARAMETRIC_REPRESENTATION_CONTEXT() REPRESENTATION_CONTEXT('2D SPACE',''
  ) );
#2820 = PCURVE('',#2821,#2826);
#2821 = PLANE('',#2822);
#2822 = AXIS2_PLACEMENT_3D('',#2823,#2824,#2825);
#2823 = CARTESIAN_POINT('',(-580.,-380.,119.1));
#2824 = DIRECTION('',(-0.,1.,0.));
#2825 = DIRECTION('',(0.,0.,1.));
#2826 = DEFINITIONAL_REPRESENTATION('',(#2827),#2831);
#2827 = LINE('',#2828,#2829);
#2828 = CARTESIAN_POINT('',(0.,0.));
#2829 = VECTOR('',#2830,1.);
#2830 = DIRECTION('',(1.,0.));
#2831 = ( GEOMETRIC_REPRESENTATION_CONTEXT(2) 
PARAMETRIC_REPRESENTATION_CONTEXT() REPRESENTATION_CONTEXT('2D SPACE',''
  ) );
#2832 = ORIENTED_EDGE('',*,*,#2833,.T.);
#2833 = EDGE_CURVE('',#2799,#2834,#2836,.T.);
#2834 = VERTEX_POINT('',#2835);
#2835 = CARTESIAN_POINT('',(-580.,380.,119.1));
#2836 = SURFACE_CURVE('',#2837,(#2841,#2848),.PCURVE_S1.);
#2837 = LINE('',#2838,#2839);
#2838 = CARTESIAN_POINT('',(-580.,-380.,119.1));
#2839 = VECTOR('',#2840,1.);
#2840 = DIRECTION('',(-0.,1.,0.));
#2841 = PCURVE('',#2809,#2842);
#2842 = DEFINITIONAL_REPRESENTATION('',(#2843),#2847);
#2843 = LINE('',#2844,#2845);
#2844 = CARTESIAN_POINT('',(0.,0.));
#2845 = VECTOR('',#2846,1.);
#2846 = DIRECTION('',(0.,-1.));
#2847 = ( GEOMETRIC_REPRESENTATION_CONTEXT(2) 
PARAMETRIC_REPRESENTATION_CONTEXT() REPRESENTATION_CONTEXT('2D SPACE',''
  ) );
#2848 = PCURVE('',#2849,#2854);
#2849 = PLANE('',#2850);
#2850 = AXIS2_PLACEMENT_3D('',#2851,#2852,#2853);
#2851 = CARTESIAN_POINT('',(-580.,-380.,119.1));
#2852 = DIRECTION('',(0.,0.,1.));
#2853 = DIRECTION('',(1.,0.,-0.));
#2854 = DEFINITIONAL_REPRESENTATION('',(#2855),#2859);
#2855 = LINE('',#2856,#2857);
#2856 = CARTESIAN_POINT('',(0.,0.));
#2857 = VECTOR('',#2858,1.);
#2858 = DIRECTION('',(0.,1.));
#2859 = ( GEOMETRIC_REPRESENTATION_CONTEXT(2) 
PARAMETRIC_REPRESENTATION_CONTEXT() REPRESENTATION_CONTEXT('2D SPACE',''
  ) );
#2860 = ORIENTED_EDGE('',*,*,#2861,.T.);
#2861 = EDGE_CURVE('',#2834,#2862,#2864,.T.);
#2862 = VERTEX_POINT('',#2863);
#2863 = CARTESIAN_POINT('',(-580.,380.,120.));
#2864 = SURFACE_CURVE('',#2865,(#2869,#2876),.PCURVE_S1.);
#2865 = LINE('',#2866,#2867);
#2866 = CARTESIAN_POINT('',(-580.,380.,119.1));
#2867 = VECTOR('',#2868,1.);
#2868 = DIRECTION('',(0.,0.,1.));
#2869 = PCURVE('',#2809,#2870);
#2870 = DEFINITIONAL_REPRESENTATION('',(#2871),#2875);
#2871 = LINE('',#2872,#2873);
#2872 = CARTESIAN_POINT('',(0.,-760.));
#2873 = VECTOR('',#2874,1.);
#2874 = DIRECTION('',(1.,0.));
#2875 = ( GEOMETRIC_REPRESENTATION_CONTEXT(2) 
PARAMETRIC_REPRESENTATION_CONTEXT() REPRESENTATION_CONTEXT('2D SPACE',''
  ) );
#2876 = PCURVE('',#2877,#2882);
#2877 = PLANE('',#2878);
#2878 = AXIS2_PLACEMENT_3D('',#2879,#2880,#2881);
#2879 = CARTESIAN_POINT('',(-580.,380.,119.1));
#2880 = DIRECTION('',(-0.,1.,0.));
#2881 = DIRECTION('',(0.,0.,1.));
#2882 = DEFINITIONAL_REPRESENTATION('',(#2883),#2887);
#2883 = LINE('',#2884,#2885);
#2884 = CARTESIAN_POINT('',(0.,0.));
#2885 = VECTOR('',#2886,1.);
#2886 = DIRECTION('',(1.,0.));
#2887 = ( GEOMETRIC_REPRESENTATION_CONTEXT(2) 
PARAMETRIC_REPRESENTATION_CONTEXT() REPRESENTATION_CONTEXT('2D SPACE',''
  ) );
#2888 = ORIENTED_EDGE('',*,*,#2889,.F.);
#2889 = EDGE_CURVE('',#2801,#2862,#2890,.T.);
#2890 = SURFACE_CURVE('',#2891,(#2895,#2902),.PCURVE_S1.);
#2891 = LINE('',#2892,#2893);
#2892 = CARTESIAN_POINT('',(-580.,-380.,120.));
#2893 = VECTOR('',#2894,1.);
#2894 = DIRECTION('',(-0.,1.,0.));
#2895 = PCURVE('',#2809,#2896);
#2896 = DEFINITIONAL_REPRESENTATION('',(#2897),#2901);
#2897 = LINE('',#2898,#2899);
#2898 = CARTESIAN_POINT('',(0.9,0.));
#2899 = VECTOR('',#2900,1.);
#2900 = DIRECTION('',(0.,-1.));
#2901 = ( GEOMETRIC_REPRESENTATION_CONTEXT(2) 
PARAMETRIC_REPRESENTATION_CONTEXT() REPRESENTATION_CONTEXT('2D SPACE',''
  ) );
#2902 = PCURVE('',#2903,#2908);
#2903 = PLANE('',#2904);
#2904 = AXIS2_PLACEMENT_3D('',#2905,#2906,#2907);
#2905 = CARTESIAN_POINT('',(-580.,-380.,120.));
#2906 = DIRECTION('',(0.,0.,1.));
#2907 = DIRECTION('',(1.,0.,-0.));
#2908 = DEFINITIONAL_REPRESENTATION('',(#2909),#2913);
#2909 = LINE('',#2910,#2911);
#2910 = CARTESIAN_POINT('',(0.,0.));
#2911 = VECTOR('',#2912,1.);
#2912 = DIRECTION('',(0.,1.));
#2913 = ( GEOMETRIC_REPRESENTATION_CONTEXT(2) 
PARAMETRIC_REPRESENTATION_CONTEXT() REPRESENTATION_CONTEXT('2D SPACE',''
  ) );
#2914 = ADVANCED_FACE('',(#2915),#2821,.F.);
#2915 = FACE_BOUND('',#2916,.F.);
#2916 = EDGE_LOOP('',(#2917,#2940,#2941,#2964));
#2917 = ORIENTED_EDGE('',*,*,#2918,.F.);
#2918 = EDGE_CURVE('',#2799,#2919,#2921,.T.);
#2919 = VERTEX_POINT('',#2920);
#2920 = CARTESIAN_POINT('',(580.,-380.,119.1));
#2921 = SURFACE_CURVE('',#2922,(#2926,#2933),.PCURVE_S1.);
#2922 = LINE('',#2923,#2924);
#2923 = CARTESIAN_POINT('',(-580.,-380.,119.1));
#2924 = VECTOR('',#2925,1.);
#2925 = DIRECTION('',(1.,0.,-0.));
#2926 = PCURVE('',#2821,#2927);
#2927 = DEFINITIONAL_REPRESENTATION('',(#2928),#2932);
#2928 = LINE('',#2929,#2930);
#2929 = CARTESIAN_POINT('',(0.,0.));
#2930 = VECTOR('',#2931,1.);
#2931 = DIRECTION('',(0.,1.));
#2932 = ( GEOMETRIC_REPRESENTATION_CONTEXT(2) 
PARAMETRIC_REPRESENTATION_CONTEXT() REPRESENTATION_CONTEXT('2D SPACE',''
  ) );
#2933 = PCURVE('',#2849,#2934);
#2934 = DEFINITIONAL_REPRESENTATION('',(#2935),#2939);
#2935 = LINE('',#2936,#2937);
#2936 = CARTESIAN_POINT('',(0.,0.));
#2937 = VECTOR('',#2938,1.);
#2938 = DIRECTION('',(1.,0.));
#2939 = ( GEOMETRIC_REPRESENTATION_CONTEXT(2) 
PARAMETRIC_REPRESENTATION_CONTEXT() REPRESENTATION_CONTEXT('2D SPACE',''
  ) );
#2940 = ORIENTED_EDGE('',*,*,#2798,.T.);
#2941 = ORIENTED_EDGE('',*,*,#2942,.T.);
#2942 = EDGE_CURVE('',#2801,#2943,#2945,.T.);
#2943 = VERTEX_POINT('',#2944);
#2944 = CARTESIAN_POINT('',(580.,-380.,120.));
#2945 = SURFACE_CURVE('',#2946,(#2950,#2957),.PCURVE_S1.);
#2946 = LINE('',#2947,#2948);
#2947 = CARTESIAN_POINT('',(-580.,-380.,120.));
#2948 = VECTOR('',#2949,1.);
#2949 = DIRECTION('',(1.,0.,-0.));
#2950 = PCURVE('',#2821,#2951);
#2951 = DEFINITIONAL_REPRESENTATION('',(#2952),#2956);
#2952 = LINE('',#2953,#2954);
#2953 = CARTESIAN_POINT('',(0.9,0.));
#2954 = VECTOR('',#2955,1.);
#2955 = DIRECTION('',(0.,1.));
#2956 = ( GEOMETRIC_REPRESENTATION_CONTEXT(2) 
PARAMETRIC_REPRESENTATION_CONTEXT() REPRESENTATION_CONTEXT('2D SPACE',''
  ) );
#2957 = PCURVE('',#2903,#2958);
#2958 = DEFINITIONAL_REPRESENTATION('',(#2959),#2963);
#2959 = LINE('',#2960,#2961);
#2960 = CARTESIAN_POINT('',(0.,0.));
#2961 = VECTOR('',#2962,1.);
#2962 = DIRECTION('',(1.,0.));
#2963 = ( GEOMETRIC_REPRESENTATION_CONTEXT(2) 
PARAMETRIC_REPRESENTATION_CONTEXT() REPRESENTATION_CONTEXT('2D SPACE',''
  ) );
#2964 = ORIENTED_EDGE('',*,*,#2965,.F.);
#2965 = EDGE_CURVE('',#2919,#2943,#2966,.T.);
#2966 = SURFACE_CURVE('',#2967,(#2971,#2978),.PCURVE_S1.);
#2967 = LINE('',#2968,#2969);
#2968 = CARTESIAN_POINT('',(580.,-380.,119.1));
#2969 = VECTOR('',#2970,1.);
#2970 = DIRECTION('',(0.,0.,1.));
#2971 = PCURVE('',#2821,#2972);
#2972 = DEFINITIONAL_REPRESENTATION('',(#2973),#2977);
#2973 = LINE('',#2974,#2975);
#2974 = CARTESIAN_POINT('',(0.,1.16E+03));
#2975 = VECTOR('',#2976,1.);
#2976 = DIRECTION('',(1.,0.));
#2977 = ( GEOMETRIC_REPRESENTATION_CONTEXT(2) 
PARAMETRIC_REPRESENTATION_CONTEXT() REPRESENTATION_CONTEXT('2D SPACE',''
  ) );
#2978 = PCURVE('',#2979,#2984);
#2979 = PLANE('',#2980);
#2980 = AXIS2_PLACEMENT_3D('',#2981,#2982,#2983);
#2981 = CARTESIAN_POINT('',(580.,-380.,119.1));
#2982 = DIRECTION('',(1.,0.,-0.));
#2983 = DIRECTION('',(0.,0.,1.));
#2984 = DEFINITIONAL_REPRESENTATION('',(#2985),#2989);
#2985 = LINE('',#2986,#2987);
#2986 = CARTESIAN_POINT('',(0.,0.));
#2987 = VECTOR('',#2988,1.);
#2988 = DIRECTION('',(1.,0.));
#2989 = ( GEOMETRIC_REPRESENTATION_CONTEXT(2) 
PARAMETRIC_REPRESENTATION_CONTEXT() REPRESENTATION_CONTEXT('2D SPACE',''
  ) );
#2990 = ADVANCED_FACE('',(#2991,#3039),#2903,.T.);
#2991 = FACE_BOUND('',#2992,.T.);
#2992 = EDGE_LOOP('',(#2993,#2994,#2995,#3018));
#2993 = ORIENTED_EDGE('',*,*,#2889,.F.);
#2994 = ORIENTED_EDGE('',*,*,#2942,.T.);
#2995 = ORIENTED_EDGE('',*,*,#2996,.T.);
#2996 = EDGE_CURVE('',#2943,#2997,#2999,.T.);
#2997 = VERTEX_POINT('',#2998);
#2998 = CARTESIAN_POINT('',(580.,380.,120.));
#2999 = SURFACE_CURVE('',#3000,(#3004,#3011),.PCURVE_S1.);
#3000 = LINE('',#3001,#3002);
#3001 = CARTESIAN_POINT('',(580.,-380.,120.));
#3002 = VECTOR('',#3003,1.);
#3003 = DIRECTION('',(-0.,1.,0.));
#3004 = PCURVE('',#2903,#3005);
#3005 = DEFINITIONAL_REPRESENTATION('',(#3006),#3010);
#3006 = LINE('',#3007,#3008);
#3007 = CARTESIAN_POINT('',(1.16E+03,0.));
#3008 = VECTOR('',#3009,1.);
#3009 = DIRECTION('',(0.,1.));
#3010 = ( GEOMETRIC_REPRESENTATION_CONTEXT(2) 
PARAMETRIC_REPRESENTATION_CONTEXT() REPRESENTATION_CONTEXT('2D SPACE',''
  ) );
#3011 = PCURVE('',#2979,#3012);
#3012 = DEFINITIONAL_REPRESENTATION('',(#3013),#3017);
#3013 = LINE('',#3014,#3015);
#3014 = CARTESIAN_POINT('',(0.9,0.));
#3015 = VECTOR('',#3016,1.);
#3016 = DIRECTION('',(0.,-1.));
#3017 = ( GEOMETRIC_REPRESENTATION_CONTEXT(2) 
PARAMETRIC_REPRESENTATION_CONTEXT() REPRESENTATION_CONTEXT('2D SPACE',''
  ) );
#3018 = ORIENTED_EDGE('',*,*,#3019,.F.);
#3019 = EDGE_CURVE('',#2862,#2997,#3020,.T.);
#3020 = SURFACE_CURVE('',#3021,(#3025,#3032),.PCURVE_S1.);
#3021 = LINE('',#3022,#3023);
#3022 = CARTESIAN_POINT('',(-580.,380.,120.));
#3023 = VECTOR('',#3024,1.);
#3024 = DIRECTION('',(1.,0.,-0.));
#3025 = PCURVE('',#2903,#3026);
#3026 = DEFINITIONAL_REPRESENTATION('',(#3027),#3031);
#3027 = LINE('',#3028,#3029);
#3028 = CARTESIAN_POINT('',(0.,760.));
#3029 = VECTOR('',#3030,1.);
#3030 = DIRECTION('',(1.,0.));
#3031 = ( GEOMETRIC_REPRESENTATION_CONTEXT(2) 
PARAMETRIC_REPRESENTATION_CONTEXT() REPRESENTATION_CONTEXT('2D SPACE',''
  ) );
#3032 = PCURVE('',#2877,#3033);
#3033 = DEFINITIONAL_REPRESENTATION('',(#3034),#3038);
#3034 = LINE('',#3035,#3036);
#3035 = CARTESIAN_POINT('',(0.9,0.));
#3036 = VECTOR('',#3037,1.);
#3037 = DIRECTION('',(0.,1.));
#3038 = ( GEOMETRIC_REPRESENTATION_CONTEXT(2) 
PARAMETRIC_REPRESENTATION_CONTEXT() REPRESENTATION_CONTEXT('2D SPACE',''
  ) );
#3039 = FACE_BOUND('',#3040,.T.);
#3040 = EDGE_LOOP('',(#3041,#3069,#3095,#3121));
#3041 = ORIENTED_EDGE('',*,*,#3042,.T.);
#3042 = EDGE_CURVE('',#3043,#3045,#3047,.T.);
#3043 = VERTEX_POINT('',#3044);
#3044 = CARTESIAN_POINT('',(549.,-349.,120.));
#3045 = VERTEX_POINT('',#3046);
#3046 = CARTESIAN_POINT('',(-549.,-349.,120.));
#3047 = SURFACE_CURVE('',#3048,(#3052,#3058),.PCURVE_S1.);
#3048 = LINE('',#3049,#3050);
#3049 = CARTESIAN_POINT('',(-564.5,-349.,120.));
#3050 = VECTOR('',#3051,1.);
#3051 = DIRECTION('',(-1.,-0.,0.));
#3052 = PCURVE('',#2903,#3053);
#3053 = DEFINITIONAL_REPRESENTATION('',(#3054),#3057);
#3054 = B_SPLINE_CURVE_WITH_KNOTS('',1,(#3055,#3056),.UNSPECIFIED.,.F.,
  .F.,(2,2),(-1.1135E+03,-15.5),.PIECEWISE_BEZIER_KNOTS.);
#3055 = CARTESIAN_POINT('',(1.129E+03,31.));
#3056 = CARTESIAN_POINT('',(31.,31.));
#3057 = ( GEOMETRIC_REPRESENTATION_CONTEXT(2) 
PARAMETRIC_REPRESENTATION_CONTEXT() REPRESENTATION_CONTEXT('2D SPACE',''
  ) );
#3058 = PCURVE('',#3059,#3064);
#3059 = PLANE('',#3060);
#3060 = AXIS2_PLACEMENT_3D('',#3061,#3062,#3063);
#3061 = CARTESIAN_POINT('',(-549.,-349.,118.1));
#3062 = DIRECTION('',(-0.,1.,0.));
#3063 = DIRECTION('',(0.,0.,1.));
#3064 = DEFINITIONAL_REPRESENTATION('',(#3065),#3068);
#3065 = B_SPLINE_CURVE_WITH_KNOTS('',1,(#3066,#3067),.UNSPECIFIED.,.F.,
  .F.,(2,2),(-1.1135E+03,-15.5),.PIECEWISE_BEZIER_KNOTS.);
#3066 = CARTESIAN_POINT('',(1.9,1.098E+03));
#3067 = CARTESIAN_POINT('',(1.9,0.));
#3068 = ( GEOMETRIC_REPRESENTATION_CONTEXT(2) 
PARAMETRIC_REPRESENTATION_CONTEXT() REPRESENTATION_CONTEXT('2D SPACE',''
  ) );
#3069 = ORIENTED_EDGE('',*,*,#3070,.T.);
#3070 = EDGE_CURVE('',#3045,#3071,#3073,.T.);
#3071 = VERTEX_POINT('',#3072);
#3072 = CARTESIAN_POINT('',(-549.,349.,120.));
#3073 = SURFACE_CURVE('',#3074,(#3078,#3084),.PCURVE_S1.);
#3074 = LINE('',#3075,#3076);
#3075 = CARTESIAN_POINT('',(-549.,-364.5,120.));
#3076 = VECTOR('',#3077,1.);
#3077 = DIRECTION('',(-0.,1.,0.));
#3078 = PCURVE('',#2903,#3079);
#3079 = DEFINITIONAL_REPRESENTATION('',(#3080),#3083);
#3080 = B_SPLINE_CURVE_WITH_KNOTS('',1,(#3081,#3082),.UNSPECIFIED.,.F.,
  .F.,(2,2),(15.5,713.5),.PIECEWISE_BEZIER_KNOTS.);
#3081 = CARTESIAN_POINT('',(31.,31.));
#3082 = CARTESIAN_POINT('',(31.,729.));
#3083 = ( GEOMETRIC_REPRESENTATION_CONTEXT(2) 
PARAMETRIC_REPRESENTATION_CONTEXT() REPRESENTATION_CONTEXT('2D SPACE',''
  ) );
#3084 = PCURVE('',#3085,#3090);
#3085 = PLANE('',#3086);
#3086 = AXIS2_PLACEMENT_3D('',#3087,#3088,#3089);
#3087 = CARTESIAN_POINT('',(-549.,-349.,118.1));
#3088 = DIRECTION('',(1.,0.,-0.));
#3089 = DIRECTION('',(0.,0.,1.));
#3090 = DEFINITIONAL_REPRESENTATION('',(#3091),#3094);
#3091 = B_SPLINE_CURVE_WITH_KNOTS('',1,(#3092,#3093),.UNSPECIFIED.,.F.,
  .F.,(2,2),(15.5,713.5),.PIECEWISE_BEZIER_KNOTS.);
#3092 = CARTESIAN_POINT('',(1.9,0.));
#3093 = CARTESIAN_POINT('',(1.9,-698.));
#3094 = ( GEOMETRIC_REPRESENTATION_CONTEXT(2) 
PARAMETRIC_REPRESENTATION_CONTEXT() REPRESENTATION_CONTEXT('2D SPACE',''
  ) );
#3095 = ORIENTED_EDGE('',*,*,#3096,.F.);
#3096 = EDGE_CURVE('',#3097,#3071,#3099,.T.);
#3097 = VERTEX_POINT('',#3098);
#3098 = CARTESIAN_POINT('',(549.,349.,120.));
#3099 = SURFACE_CURVE('',#3100,(#3104,#3110),.PCURVE_S1.);
#3100 = LINE('',#3101,#3102);
#3101 = CARTESIAN_POINT('',(-564.5,349.,120.));
#3102 = VECTOR('',#3103,1.);
#3103 = DIRECTION('',(-1.,-0.,0.));
#3104 = PCURVE('',#2903,#3105);
#3105 = DEFINITIONAL_REPRESENTATION('',(#3106),#3109);
#3106 = B_SPLINE_CURVE_WITH_KNOTS('',1,(#3107,#3108),.UNSPECIFIED.,.F.,
  .F.,(2,2),(-1.1135E+03,-15.5),.PIECEWISE_BEZIER_KNOTS.);
#3107 = CARTESIAN_POINT('',(1.129E+03,729.));
#3108 = CARTESIAN_POINT('',(31.,729.));
#3109 = ( GEOMETRIC_REPRESENTATION_CONTEXT(2) 
PARAMETRIC_REPRESENTATION_CONTEXT() REPRESENTATION_CONTEXT('2D SPACE',''
  ) );
#3110 = PCURVE('',#3111,#3116);
#3111 = PLANE('',#3112);
#3112 = AXIS2_PLACEMENT_3D('',#3113,#3114,#3115);
#3113 = CARTESIAN_POINT('',(-549.,349.,118.1));
#3114 = DIRECTION('',(-0.,1.,0.));
#3115 = DIRECTION('',(0.,0.,1.));
#3116 = DEFINITIONAL_REPRESENTATION('',(#3117),#3120);
#3117 = B_SPLINE_CURVE_WITH_KNOTS('',1,(#3118,#3119),.UNSPECIFIED.,.F.,
  .F.,(2,2),(-1.1135E+03,-15.5),.PIECEWISE_BEZIER_KNOTS.);
#3118 = CARTESIAN_POINT('',(1.9,1.098E+03));
#3119 = CARTESIAN_POINT('',(1.9,0.));
#3120 = ( GEOMETRIC_REPRESENTATION_CONTEXT(2) 
PARAMETRIC_REPRESENTATION_CONTEXT() REPRESENTATION_CONTEXT('2D SPACE',''
  ) );
#3121 = ORIENTED_EDGE('',*,*,#3122,.F.);
#3122 = EDGE_CURVE('',#3043,#3097,#3123,.T.);
#3123 = SURFACE_CURVE('',#3124,(#3128,#3134),.PCURVE_S1.);
#3124 = LINE('',#3125,#3126);
#3125 = CARTESIAN_POINT('',(549.,-364.5,120.));
#3126 = VECTOR('',#3127,1.);
#3127 = DIRECTION('',(-0.,1.,0.));
#3128 = PCURVE('',#2903,#3129);
#3129 = DEFINITIONAL_REPRESENTATION('',(#3130),#3133);
#3130 = B_SPLINE_CURVE_WITH_KNOTS('',1,(#3131,#3132),.UNSPECIFIED.,.F.,
  .F.,(2,2),(15.5,713.5),.PIECEWISE_BEZIER_KNOTS.);
#3131 = CARTESIAN_POINT('',(1.129E+03,31.));
#3132 = CARTESIAN_POINT('',(1.129E+03,729.));
#3133 = ( GEOMETRIC_REPRESENTATION_CONTEXT(2) 
PARAMETRIC_REPRESENTATION_CONTEXT() REPRESENTATION_CONTEXT('2D SPACE',''
  ) );
#3134 = PCURVE('',#3135,#3140);
#3135 = PLANE('',#3136);
#3136 = AXIS2_PLACEMENT_3D('',#3137,#3138,#3139);
#3137 = CARTESIAN_POINT('',(549.,-349.,118.1));
#3138 = DIRECTION('',(1.,0.,-0.));
#3139 = DIRECTION('',(0.,0.,1.));
#3140 = DEFINITIONAL_REPRESENTATION('',(#3141),#3144);
#3141 = B_SPLINE_CURVE_WITH_KNOTS('',1,(#3142,#3143),.UNSPECIFIED.,.F.,
  .F.,(2,2),(15.5,713.5),.PIECEWISE_BEZIER_KNOTS.);
#3142 = CARTESIAN_POINT('',(1.9,0.));
#3143 = CARTESIAN_POINT('',(1.9,-698.));
#3144 = ( GEOMETRIC_REPRESENTATION_CONTEXT(2) 
PARAMETRIC_REPRESENTATION_CONTEXT() REPRESENTATION_CONTEXT('2D SPACE',''
  ) );
#3145 = ADVANCED_FACE('',(#3146),#2877,.T.);
#3146 = FACE_BOUND('',#3147,.T.);
#3147 = EDGE_LOOP('',(#3148,#3171,#3172,#3173));
#3148 = ORIENTED_EDGE('',*,*,#3149,.F.);
#3149 = EDGE_CURVE('',#2834,#3150,#3152,.T.);
#3150 = VERTEX_POINT('',#3151);
#3151 = CARTESIAN_POINT('',(580.,380.,119.1));
#3152 = SURFACE_CURVE('',#3153,(#3157,#3164),.PCURVE_S1.);
#3153 = LINE('',#3154,#3155);
#3154 = CARTESIAN_POINT('',(-580.,380.,119.1));
#3155 = VECTOR('',#3156,1.);
#3156 = DIRECTION('',(1.,0.,-0.));
#3157 = PCURVE('',#2877,#3158);
#3158 = DEFINITIONAL_REPRESENTATION('',(#3159),#3163);
#3159 = LINE('',#3160,#3161);
#3160 = CARTESIAN_POINT('',(0.,0.));
#3161 = VECTOR('',#3162,1.);
#3162 = DIRECTION('',(0.,1.));
#3163 = ( GEOMETRIC_REPRESENTATION_CONTEXT(2) 
PARAMETRIC_REPRESENTATION_CONTEXT() REPRESENTATION_CONTEXT('2D SPACE',''
  ) );
#3164 = PCURVE('',#2849,#3165);
#3165 = DEFINITIONAL_REPRESENTATION('',(#3166),#3170);
#3166 = LINE('',#3167,#3168);
#3167 = CARTESIAN_POINT('',(0.,760.));
#3168 = VECTOR('',#3169,1.);
#3169 = DIRECTION('',(1.,0.));
#3170 = ( GEOMETRIC_REPRESENTATION_CONTEXT(2) 
PARAMETRIC_REPRESENTATION_CONTEXT() REPRESENTATION_CONTEXT('2D SPACE',''
  ) );
#3171 = ORIENTED_EDGE('',*,*,#2861,.T.);
#3172 = ORIENTED_EDGE('',*,*,#3019,.T.);
#3173 = ORIENTED_EDGE('',*,*,#3174,.F.);
#3174 = EDGE_CURVE('',#3150,#2997,#3175,.T.);
#3175 = SURFACE_CURVE('',#3176,(#3180,#3187),.PCURVE_S1.);
#3176 = LINE('',#3177,#3178);
#3177 = CARTESIAN_POINT('',(580.,380.,119.1));
#3178 = VECTOR('',#3179,1.);
#3179 = DIRECTION('',(0.,0.,1.));
#3180 = PCURVE('',#2877,#3181);
#3181 = DEFINITIONAL_REPRESENTATION('',(#3182),#3186);
#3182 = LINE('',#3183,#3184);
#3183 = CARTESIAN_POINT('',(0.,1.16E+03));
#3184 = VECTOR('',#3185,1.);
#3185 = DIRECTION('',(1.,0.));
#3186 = ( GEOMETRIC_REPRESENTATION_CONTEXT(2) 
PARAMETRIC_REPRESENTATION_CONTEXT() REPRESENTATION_CONTEXT('2D SPACE',''
  ) );
#3187 = PCURVE('',#2979,#3188);
#3188 = DEFINITIONAL_REPRESENTATION('',(#3189),#3193);
#3189 = LINE('',#3190,#3191);
#3190 = CARTESIAN_POINT('',(0.,-760.));
#3191 = VECTOR('',#3192,1.);
#3192 = DIRECTION('',(1.,0.));
#3193 = ( GEOMETRIC_REPRESENTATION_CONTEXT(2) 
PARAMETRIC_REPRESENTATION_CONTEXT() REPRESENTATION_CONTEXT('2D SPACE',''
  ) );
#3194 = ADVANCED_FACE('',(#3195,#3221),#2849,.F.);
#3195 = FACE_BOUND('',#3196,.F.);
#3196 = EDGE_LOOP('',(#3197,#3198,#3199,#3220));
#3197 = ORIENTED_EDGE('',*,*,#2833,.F.);
#3198 = ORIENTED_EDGE('',*,*,#2918,.T.);
#3199 = ORIENTED_EDGE('',*,*,#3200,.T.);
#3200 = EDGE_CURVE('',#2919,#3150,#3201,.T.);
#3201 = SURFACE_CURVE('',#3202,(#3206,#3213),.PCURVE_S1.);
#3202 = LINE('',#3203,#3204);
#3203 = CARTESIAN_POINT('',(580.,-380.,119.1));
#3204 = VECTOR('',#3205,1.);
#3205 = DIRECTION('',(-0.,1.,0.));
#3206 = PCURVE('',#2849,#3207);
#3207 = DEFINITIONAL_REPRESENTATION('',(#3208),#3212);
#3208 = LINE('',#3209,#3210);
#3209 = CARTESIAN_POINT('',(1.16E+03,0.));
#3210 = VECTOR('',#3211,1.);
#3211 = DIRECTION('',(0.,1.));
#3212 = ( GEOMETRIC_REPRESENTATION_CONTEXT(2) 
PARAMETRIC_REPRESENTATION_CONTEXT() REPRESENTATION_CONTEXT('2D SPACE',''
  ) );
#3213 = PCURVE('',#2979,#3214);
#3214 = DEFINITIONAL_REPRESENTATION('',(#3215),#3219);
#3215 = LINE('',#3216,#3217);
#3216 = CARTESIAN_POINT('',(0.,0.));
#3217 = VECTOR('',#3218,1.);
#3218 = DIRECTION('',(0.,-1.));
#3219 = ( GEOMETRIC_REPRESENTATION_CONTEXT(2) 
PARAMETRIC_REPRESENTATION_CONTEXT() REPRESENTATION_CONTEXT('2D SPACE',''
  ) );
#3220 = ORIENTED_EDGE('',*,*,#3149,.F.);
#3221 = FACE_BOUND('',#3222,.F.);
#3222 = EDGE_LOOP('',(#3223,#3246,#3267,#3288));
#3223 = ORIENTED_EDGE('',*,*,#3224,.T.);
#3224 = EDGE_CURVE('',#3225,#3227,#3229,.T.);
#3225 = VERTEX_POINT('',#3226);
#3226 = CARTESIAN_POINT('',(549.,-349.,119.1));
#3227 = VERTEX_POINT('',#3228);
#3228 = CARTESIAN_POINT('',(-549.,-349.,119.1));
#3229 = SURFACE_CURVE('',#3230,(#3234,#3240),.PCURVE_S1.);
#3230 = LINE('',#3231,#3232);
#3231 = CARTESIAN_POINT('',(-564.5,-349.,119.1));
#3232 = VECTOR('',#3233,1.);
#3233 = DIRECTION('',(-1.,-0.,0.));
#3234 = PCURVE('',#2849,#3235);
#3235 = DEFINITIONAL_REPRESENTATION('',(#3236),#3239);
#3236 = B_SPLINE_CURVE_WITH_KNOTS('',1,(#3237,#3238),.UNSPECIFIED.,.F.,
  .F.,(2,2),(-1.1135E+03,-15.5),.PIECEWISE_BEZIER_KNOTS.);
#3237 = CARTESIAN_POINT('',(1.129E+03,31.));
#3238 = CARTESIAN_POINT('',(31.,31.));
#3239 = ( GEOMETRIC_REPRESENTATION_CONTEXT(2) 
PARAMETRIC_REPRESENTATION_CONTEXT() REPRESENTATION_CONTEXT('2D SPACE',''
  ) );
#3240 = PCURVE('',#3059,#3241);
#3241 = DEFINITIONAL_REPRESENTATION('',(#3242),#3245);
#3242 = B_SPLINE_CURVE_WITH_KNOTS('',1,(#3243,#3244),.UNSPECIFIED.,.F.,
  .F.,(2,2),(-1.1135E+03,-15.5),.PIECEWISE_BEZIER_KNOTS.);
#3243 = CARTESIAN_POINT('',(1.,1.098E+03));
#3244 = CARTESIAN_POINT('',(1.,0.));
#3245 = ( GEOMETRIC_REPRESENTATION_CONTEXT(2) 
PARAMETRIC_REPRESENTATION_CONTEXT() REPRESENTATION_CONTEXT('2D SPACE',''
  ) );
#3246 = ORIENTED_EDGE('',*,*,#3247,.T.);
#3247 = EDGE_CURVE('',#3227,#3248,#3250,.T.);
#3248 = VERTEX_POINT('',#3249);
#3249 = CARTESIAN_POINT('',(-549.,349.,119.1));
#3250 = SURFACE_CURVE('',#3251,(#3255,#3261),.PCURVE_S1.);
#3251 = LINE('',#3252,#3253);
#3252 = CARTESIAN_POINT('',(-549.,-364.5,119.1));
#3253 = VECTOR('',#3254,1.);
#3254 = DIRECTION('',(-0.,1.,0.));
#3255 = PCURVE('',#2849,#3256);
#3256 = DEFINITIONAL_REPRESENTATION('',(#3257),#3260);
#3257 = B_SPLINE_CURVE_WITH_KNOTS('',1,(#3258,#3259),.UNSPECIFIED.,.F.,
  .F.,(2,2),(15.5,713.5),.PIECEWISE_BEZIER_KNOTS.);
#3258 = CARTESIAN_POINT('',(31.,31.));
#3259 = CARTESIAN_POINT('',(31.,729.));
#3260 = ( GEOMETRIC_REPRESENTATION_CONTEXT(2) 
PARAMETRIC_REPRESENTATION_CONTEXT() REPRESENTATION_CONTEXT('2D SPACE',''
  ) );
#3261 = PCURVE('',#3085,#3262);
#3262 = DEFINITIONAL_REPRESENTATION('',(#3263),#3266);
#3263 = B_SPLINE_CURVE_WITH_KNOTS('',1,(#3264,#3265),.UNSPECIFIED.,.F.,
  .F.,(2,2),(15.5,713.5),.PIECEWISE_BEZIER_KNOTS.);
#3264 = CARTESIAN_POINT('',(1.,0.));
#3265 = CARTESIAN_POINT('',(1.,-698.));
#3266 = ( GEOMETRIC_REPRESENTATION_CONTEXT(2) 
PARAMETRIC_REPRESENTATION_CONTEXT() REPRESENTATION_CONTEXT('2D SPACE',''
  ) );
#3267 = ORIENTED_EDGE('',*,*,#3268,.F.);
#3268 = EDGE_CURVE('',#3269,#3248,#3271,.T.);
#3269 = VERTEX_POINT('',#3270);
#3270 = CARTESIAN_POINT('',(549.,349.,119.1));
#3271 = SURFACE_CURVE('',#3272,(#3276,#3282),.PCURVE_S1.);
#3272 = LINE('',#3273,#3274);
#3273 = CARTESIAN_POINT('',(-564.5,349.,119.1));
#3274 = VECTOR('',#3275,1.);
#3275 = DIRECTION('',(-1.,-0.,0.));
#3276 = PCURVE('',#2849,#3277);
#3277 = DEFINITIONAL_REPRESENTATION('',(#3278),#3281);
#3278 = B_SPLINE_CURVE_WITH_KNOTS('',1,(#3279,#3280),.UNSPECIFIED.,.F.,
  .F.,(2,2),(-1.1135E+03,-15.5),.PIECEWISE_BEZIER_KNOTS.);
#3279 = CARTESIAN_POINT('',(1.129E+03,729.));
#3280 = CARTESIAN_POINT('',(31.,729.));
#3281 = ( GEOMETRIC_REPRESENTATION_CONTEXT(2) 
PARAMETRIC_REPRESENTATION_CONTEXT() REPRESENTATION_CONTEXT('2D SPACE',''
  ) );
#3282 = PCURVE('',#3111,#3283);
#3283 = DEFINITIONAL_REPRESENTATION('',(#3284),#3287);
#3284 = B_SPLINE_CURVE_WITH_KNOTS('',1,(#3285,#3286),.UNSPECIFIED.,.F.,
  .F.,(2,2),(-1.1135E+03,-15.5),.PIECEWISE_BEZIER_KNOTS.);
#3285 = CARTESIAN_POINT('',(1.,1.098E+03));
#3286 = CARTESIAN_POINT('',(1.,0.));
#3287 = ( GEOMETRIC_REPRESENTATION_CONTEXT(2) 
PARAMETRIC_REPRESENTATION_CONTEXT() REPRESENTATION_CONTEXT('2D SPACE',''
  ) );
#3288 = ORIENTED_EDGE('',*,*,#3289,.F.);
#3289 = EDGE_CURVE('',#3225,#3269,#3290,.T.);
#3290 = SURFACE_CURVE('',#3291,(#3295,#3301),.PCURVE_S1.);
#3291 = LINE('',#3292,#3293);
#3292 = CARTESIAN_POINT('',(549.,-364.5,119.1));
#3293 = VECTOR('',#3294,1.);
#3294 = DIRECTION('',(-0.,1.,0.));
#3295 = PCURVE('',#2849,#3296);
#3296 = DEFINITIONAL_REPRESENTATION('',(#3297),#3300);
#3297 = B_SPLINE_CURVE_WITH_KNOTS('',1,(#3298,#3299),.UNSPECIFIED.,.F.,
  .F.,(2,2),(15.5,713.5),.PIECEWISE_BEZIER_KNOTS.);
#3298 = CARTESIAN_POINT('',(1.129E+03,31.));
#3299 = CARTESIAN_POINT('',(1.129E+03,729.));
#3300 = ( GEOMETRIC_REPRESENTATION_CONTEXT(2) 
PARAMETRIC_REPRESENTATION_CONTEXT() REPRESENTATION_CONTEXT('2D SPACE',''
  ) );
#3301 = PCURVE('',#3135,#3302);
#3302 = DEFINITIONAL_REPRESENTATION('',(#3303),#3306);
#3303 = B_SPLINE_CURVE_WITH_KNOTS('',1,(#3304,#3305),.UNSPECIFIED.,.F.,
  .F.,(2,2),(15.5,713.5),.PIECEWISE_BEZIER_KNOTS.);
#3304 = CARTESIAN_POINT('',(1.,0.));
#3305 = CARTESIAN_POINT('',(1.,-698.));
#3306 = ( GEOMETRIC_REPRESENTATION_CONTEXT(2) 
PARAMETRIC_REPRESENTATION_CONTEXT() REPRESENTATION_CONTEXT('2D SPACE',''
  ) );
#3307 = ADVANCED_FACE('',(#3308),#2979,.T.);
#3308 = FACE_BOUND('',#3309,.T.);
#3309 = EDGE_LOOP('',(#3310,#3311,#3312,#3313));
#3310 = ORIENTED_EDGE('',*,*,#2965,.F.);
#3311 = ORIENTED_EDGE('',*,*,#3200,.T.);
#3312 = ORIENTED_EDGE('',*,*,#3174,.T.);
#3313 = ORIENTED_EDGE('',*,*,#2996,.F.);
#3314 = ADVANCED_FACE('',(#3315),#3059,.T.);
#3315 = FACE_BOUND('',#3316,.T.);
#3316 = EDGE_LOOP('',(#3317,#3338,#3339,#3360));
#3317 = ORIENTED_EDGE('',*,*,#3318,.F.);
#3318 = EDGE_CURVE('',#3225,#3043,#3319,.T.);
#3319 = SURFACE_CURVE('',#3320,(#3324,#3331),.PCURVE_S1.);
#3320 = LINE('',#3321,#3322);
#3321 = CARTESIAN_POINT('',(549.,-349.,118.1));
#3322 = VECTOR('',#3323,1.);
#3323 = DIRECTION('',(0.,0.,1.));
#3324 = PCURVE('',#3059,#3325);
#3325 = DEFINITIONAL_REPRESENTATION('',(#3326),#3330);
#3326 = LINE('',#3327,#3328);
#3327 = CARTESIAN_POINT('',(0.,1.098E+03));
#3328 = VECTOR('',#3329,1.);
#3329 = DIRECTION('',(1.,0.));
#3330 = ( GEOMETRIC_REPRESENTATION_CONTEXT(2) 
PARAMETRIC_REPRESENTATION_CONTEXT() REPRESENTATION_CONTEXT('2D SPACE',''
  ) );
#3331 = PCURVE('',#3135,#3332);
#3332 = DEFINITIONAL_REPRESENTATION('',(#3333),#3337);
#3333 = LINE('',#3334,#3335);
#3334 = CARTESIAN_POINT('',(0.,0.));
#3335 = VECTOR('',#3336,1.);
#3336 = DIRECTION('',(1.,0.));
#3337 = ( GEOMETRIC_REPRESENTATION_CONTEXT(2) 
PARAMETRIC_REPRESENTATION_CONTEXT() REPRESENTATION_CONTEXT('2D SPACE',''
  ) );
#3338 = ORIENTED_EDGE('',*,*,#3224,.T.);
#3339 = ORIENTED_EDGE('',*,*,#3340,.T.);
#3340 = EDGE_CURVE('',#3227,#3045,#3341,.T.);
#3341 = SURFACE_CURVE('',#3342,(#3346,#3353),.PCURVE_S1.);
#3342 = LINE('',#3343,#3344);
#3343 = CARTESIAN_POINT('',(-549.,-349.,118.1));
#3344 = VECTOR('',#3345,1.);
#3345 = DIRECTION('',(0.,0.,1.));
#3346 = PCURVE('',#3059,#3347);
#3347 = DEFINITIONAL_REPRESENTATION('',(#3348),#3352);
#3348 = LINE('',#3349,#3350);
#3349 = CARTESIAN_POINT('',(0.,0.));
#3350 = VECTOR('',#3351,1.);
#3351 = DIRECTION('',(1.,0.));
#3352 = ( GEOMETRIC_REPRESENTATION_CONTEXT(2) 
PARAMETRIC_REPRESENTATION_CONTEXT() REPRESENTATION_CONTEXT('2D SPACE',''
  ) );
#3353 = PCURVE('',#3085,#3354);
#3354 = DEFINITIONAL_REPRESENTATION('',(#3355),#3359);
#3355 = LINE('',#3356,#3357);
#3356 = CARTESIAN_POINT('',(0.,0.));
#3357 = VECTOR('',#3358,1.);
#3358 = DIRECTION('',(1.,0.));
#3359 = ( GEOMETRIC_REPRESENTATION_CONTEXT(2) 
PARAMETRIC_REPRESENTATION_CONTEXT() REPRESENTATION_CONTEXT('2D SPACE',''
  ) );
#3360 = ORIENTED_EDGE('',*,*,#3042,.F.);
#3361 = ADVANCED_FACE('',(#3362),#3135,.F.);
#3362 = FACE_BOUND('',#3363,.F.);
#3363 = EDGE_LOOP('',(#3364,#3365,#3366,#3387));
#3364 = ORIENTED_EDGE('',*,*,#3318,.F.);
#3365 = ORIENTED_EDGE('',*,*,#3289,.T.);
#3366 = ORIENTED_EDGE('',*,*,#3367,.T.);
#3367 = EDGE_CURVE('',#3269,#3097,#3368,.T.);
#3368 = SURFACE_CURVE('',#3369,(#3373,#3380),.PCURVE_S1.);
#3369 = LINE('',#3370,#3371);
#3370 = CARTESIAN_POINT('',(549.,349.,118.1));
#3371 = VECTOR('',#3372,1.);
#3372 = DIRECTION('',(0.,0.,1.));
#3373 = PCURVE('',#3135,#3374);
#3374 = DEFINITIONAL_REPRESENTATION('',(#3375),#3379);
#3375 = LINE('',#3376,#3377);
#3376 = CARTESIAN_POINT('',(0.,-698.));
#3377 = VECTOR('',#3378,1.);
#3378 = DIRECTION('',(1.,0.));
#3379 = ( GEOMETRIC_REPRESENTATION_CONTEXT(2) 
PARAMETRIC_REPRESENTATION_CONTEXT() REPRESENTATION_CONTEXT('2D SPACE',''
  ) );
#3380 = PCURVE('',#3111,#3381);
#3381 = DEFINITIONAL_REPRESENTATION('',(#3382),#3386);
#3382 = LINE('',#3383,#3384);
#3383 = CARTESIAN_POINT('',(0.,1.098E+03));
#3384 = VECTOR('',#3385,1.);
#3385 = DIRECTION('',(1.,0.));
#3386 = ( GEOMETRIC_REPRESENTATION_CONTEXT(2) 
PARAMETRIC_REPRESENTATION_CONTEXT() REPRESENTATION_CONTEXT('2D SPACE',''
  ) );
#3387 = ORIENTED_EDGE('',*,*,#3122,.F.);
#3388 = ADVANCED_FACE('',(#3389),#3111,.F.);
#3389 = FACE_BOUND('',#3390,.F.);
#3390 = EDGE_LOOP('',(#3391,#3392,#3393,#3414));
#3391 = ORIENTED_EDGE('',*,*,#3367,.F.);
#3392 = ORIENTED_EDGE('',*,*,#3268,.T.);
#3393 = ORIENTED_EDGE('',*,*,#3394,.T.);
#3394 = EDGE_CURVE('',#3248,#3071,#3395,.T.);
#3395 = SURFACE_CURVE('',#3396,(#3400,#3407),.PCURVE_S1.);
#3396 = LINE('',#3397,#3398);
#3397 = CARTESIAN_POINT('',(-549.,349.,118.1));
#3398 = VECTOR('',#3399,1.);
#3399 = DIRECTION('',(0.,0.,1.));
#3400 = PCURVE('',#3111,#3401);
#3401 = DEFINITIONAL_REPRESENTATION('',(#3402),#3406);
#3402 = LINE('',#3403,#3404);
#3403 = CARTESIAN_POINT('',(0.,0.));
#3404 = VECTOR('',#3405,1.);
#3405 = DIRECTION('',(1.,0.));
#3406 = ( GEOMETRIC_REPRESENTATION_CONTEXT(2) 
PARAMETRIC_REPRESENTATION_CONTEXT() REPRESENTATION_CONTEXT('2D SPACE',''
  ) );
#3407 = PCURVE('',#3085,#3408);
#3408 = DEFINITIONAL_REPRESENTATION('',(#3409),#3413);
#3409 = LINE('',#3410,#3411);
#3410 = CARTESIAN_POINT('',(0.,-698.));
#3411 = VECTOR('',#3412,1.);
#3412 = DIRECTION('',(1.,0.));
#3413 = ( GEOMETRIC_REPRESENTATION_CONTEXT(2) 
PARAMETRIC_REPRESENTATION_CONTEXT() REPRESENTATION_CONTEXT('2D SPACE',''
  ) );
#3414 = ORIENTED_EDGE('',*,*,#3096,.F.);
#3415 = ADVANCED_FACE('',(#3416),#3085,.T.);
#3416 = FACE_BOUND('',#3417,.T.);
#3417 = EDGE_LOOP('',(#3418,#3419,#3420,#3421));
#3418 = ORIENTED_EDGE('',*,*,#3340,.F.);
#3419 = ORIENTED_EDGE('',*,*,#3247,.T.);
#3420 = ORIENTED_EDGE('',*,*,#3394,.T.);
#3421 = ORIENTED_EDGE('',*,*,#3070,.F.);
#3422 = ( GEOMETRIC_REPRESENTATION_CONTEXT(3) 
GLOBAL_UNCERTAINTY_ASSIGNED_CONTEXT((#3426)) 
GLOBAL_UNIT_ASSIGNED_CONTEXT((#3423,#3424,#3425)) REPRESENTATION_CONTEXT
('Context #1','3D Context with UNIT and UNCERTAINTY') );
#3423 = ( LENGTH_UNIT() NAMED_UNIT(*) SI_UNIT(.MILLI.,.METRE.) );
#3424 = ( NAMED_UNIT(*) PLANE_ANGLE_UNIT() SI_UNIT($,.RADIAN.) );
#3425 = ( NAMED_UNIT(*) SI_UNIT($,.STERADIAN.) SOLID_ANGLE_UNIT() );
#3426 = UNCERTAINTY_MEASURE_WITH_UNIT(LENGTH_MEASURE(1.E-07),#3423,
  'distance_accuracy_value','confusion accuracy');
#3427 = CONTEXT_DEPENDENT_SHAPE_REPRESENTATION(#3428,#3430);
#3428 = ( REPRESENTATION_RELATIONSHIP('','',#2791,#10) 
REPRESENTATION_RELATIONSHIP_WITH_TRANSFORMATION(#3429) 
SHAPE_REPRESENTATION_RELATIONSHIP() );
#3429 = ITEM_DEFINED_TRANSFORMATION('','',#11,#19);
#3430 = PRODUCT_DEFINITION_SHAPE('Placement','Placement of an item',
  #3431);
#3431 = NEXT_ASSEMBLY_USAGE_OCCURRENCE('4','','',#5,#2786,$);
#3432 = PRODUCT_RELATED_PRODUCT_CATEGORY('part',$,(#2788));
ENDSEC;
END-ISO-10303-21;
