ISO-10303-21;
HEADER;
FILE_DESCRIPTION(('Open CASCADE Model'),'2;1');
FILE_NAME('Open CASCADE Shape Model','2026-10-03T00:11:23',('Author'),(
    'Open CASCADE'),'Open CASCADE STEP processor 7.9','Open CASCADE 7.9'
  ,'Unknown');
FILE_SCHEMA(('AUTOMOTIVE_DESIGN { 1 0 10303 214 1 1 1 1 }'));
ENDSEC;
DATA;
#1 = APPLICATION_PROTOCOL_DEFINITION('international standard',
  'automotive_design',2000,#2);
#2 = APPLICATION_CONTEXT(
  'core data for automotive mechanical design processes');
#3 = SHAPE_DEFINITION_REPRESENTATION(#4,#10);
#4 = PRODUCT_DEFINITION_SHAPE('','',#5);
#5 = PRODUCT_DEFINITION('design','',#6,#9);
#6 = PRODUCT_DEFINITION_FORMATION('','',#7);
#7 = PRODUCT('Open CASCADE STEP translator 7.9 1',
  'Open CASCADE STEP translator 7.9 1','',(#8));
#8 = PRODUCT_CONTEXT('',#2,'mechanical');
#9 = PRODUCT_DEFINITION_CONTEXT('part definition',#2,'design');
#10 = ADVANCED_BREP_SHAPE_REPRESENTATION('',(#11,#15),#2999);
#11 = AXIS2_PLACEMENT_3D('',#12,#13,#14);
#12 = CARTESIAN_POINT('',(0.,0.,0.));
#13 = DIRECTION('',(0.,0.,1.));
#14 = DIRECTION('',(1.,0.,-0.));
#15 = MANIFOLD_SOLID_BREP('',#16);
#16 = CLOSED_SHELL('',(#17,#137,#225,#304,#385,#461,#491,#521,#597,#678,
    #703,#815,#840,#916,#947,#978,#1056,#1087,#1154,#1185,#1254,#1309,
    #1376,#1382,#1388,#1395,#1401,#1407,#1442,#1497,#1552,#1607,#1642,
    #1697,#1815,#1901,#1980,#2059,#2135,#2167,#2248,#2273,#2354,#2381,
    #2462,#2487,#2563,#2596,#2675,#2703,#2775,#2803,#2875,#2903,#2968,
    #2974,#2981,#2987,#2993));
#17 = ADVANCED_FACE('',(#18),#32,.F.);
#18 = FACE_BOUND('',#19,.F.);
#19 = EDGE_LOOP('',(#20,#55,#83,#111));
#20 = ORIENTED_EDGE('',*,*,#21,.F.);
#21 = EDGE_CURVE('',#22,#24,#26,.T.);
#22 = VERTEX_POINT('',#23);
#23 = CARTESIAN_POINT('',(-3.552713678801E-15,20.,20.));
#24 = VERTEX_POINT('',#25);
#25 = CARTESIAN_POINT('',(-3.552713678801E-15,20.,110.));
#26 = SURFACE_CURVE('',#27,(#31,#43),.PCURVE_S1.);
#27 = LINE('',#28,#29);
#28 = CARTESIAN_POINT('',(-3.552713678801E-15,20.,0.));
#29 = VECTOR('',#30,1.);
#30 = DIRECTION('',(0.,0.,1.));
#31 = PCURVE('',#32,#37);
#32 = PLANE('',#33);
#33 = AXIS2_PLACEMENT_3D('',#34,#35,#36);
#34 = CARTESIAN_POINT('',(0.,0.,0.));
#35 = DIRECTION('',(1.,0.,-0.));
#36 = DIRECTION('',(0.,0.,1.));
#37 = DEFINITIONAL_REPRESENTATION('',(#38),#42);
#38 = LINE('',#39,#40);
#39 = CARTESIAN_POINT('',(0.,-20.));
#40 = VECTOR('',#41,1.);
#41 = DIRECTION('',(1.,0.));
#42 = ( GEOMETRIC_REPRESENTATION_CONTEXT(2) 
PARAMETRIC_REPRESENTATION_CONTEXT() REPRESENTATION_CONTEXT('2D SPACE',''
  ) );
#43 = PCURVE('',#44,#49);
#44 = CYLINDRICAL_SURFACE('',#45,20.);
#45 = AXIS2_PLACEMENT_3D('',#46,#47,#48);
#46 = CARTESIAN_POINT('',(20.,20.,0.));
#47 = DIRECTION('',(0.,0.,1.));
#48 = DIRECTION('',(-1.,-0.,0.));
#49 = DEFINITIONAL_REPRESENTATION('',(#50),#54);
#50 = LINE('',#51,#52);
#51 = CARTESIAN_POINT('',(0.,0.));
#52 = VECTOR('',#53,1.);
#53 = DIRECTION('',(0.,1.));
#54 = ( GEOMETRIC_REPRESENTATION_CONTEXT(2) 
PARAMETRIC_REPRESENTATION_CONTEXT() REPRESENTATION_CONTEXT('2D SPACE',''
  ) );
#55 = ORIENTED_EDGE('',*,*,#56,.T.);
#56 = EDGE_CURVE('',#22,#57,#59,.T.);
#57 = VERTEX_POINT('',#58);
#58 = CARTESIAN_POINT('',(-3.552713678801E-15,140.,20.));
#59 = SURFACE_CURVE('',#60,(#64,#71),.PCURVE_S1.);
#60 = LINE('',#61,#62);
#61 = CARTESIAN_POINT('',(-3.552713678801E-15,0.,20.));
#62 = VECTOR('',#63,1.);
#63 = DIRECTION('',(-0.,1.,0.));
#64 = PCURVE('',#32,#65);
#65 = DEFINITIONAL_REPRESENTATION('',(#66),#70);
#66 = LINE('',#67,#68);
#67 = CARTESIAN_POINT('',(20.,0.));
#68 = VECTOR('',#69,1.);
#69 = DIRECTION('',(0.,-1.));
#70 = ( GEOMETRIC_REPRESENTATION_CONTEXT(2) 
PARAMETRIC_REPRESENTATION_CONTEXT() REPRESENTATION_CONTEXT('2D SPACE',''
  ) );
#71 = PCURVE('',#72,#77);
#72 = CYLINDRICAL_SURFACE('',#73,20.);
#73 = AXIS2_PLACEMENT_3D('',#74,#75,#76);
#74 = CARTESIAN_POINT('',(20.,0.,20.));
#75 = DIRECTION('',(-0.,1.,0.));
#76 = DIRECTION('',(-1.,-0.,0.));
#77 = DEFINITIONAL_REPRESENTATION('',(#78),#82);
#78 = LINE('',#79,#80);
#79 = CARTESIAN_POINT('',(-0.,0.));
#80 = VECTOR('',#81,1.);
#81 = DIRECTION('',(-0.,1.));
#82 = ( GEOMETRIC_REPRESENTATION_CONTEXT(2) 
PARAMETRIC_REPRESENTATION_CONTEXT() REPRESENTATION_CONTEXT('2D SPACE',''
  ) );
#83 = ORIENTED_EDGE('',*,*,#84,.T.);
#84 = EDGE_CURVE('',#57,#85,#87,.T.);
#85 = VERTEX_POINT('',#86);
#86 = CARTESIAN_POINT('',(-3.552713678801E-15,140.,110.));
#87 = SURFACE_CURVE('',#88,(#92,#99),.PCURVE_S1.);
#88 = LINE('',#89,#90);
#89 = CARTESIAN_POINT('',(-3.552713678801E-15,140.,0.));
#90 = VECTOR('',#91,1.);
#91 = DIRECTION('',(0.,0.,1.));
#92 = PCURVE('',#32,#93);
#93 = DEFINITIONAL_REPRESENTATION('',(#94),#98);
#94 = LINE('',#95,#96);
#95 = CARTESIAN_POINT('',(0.,-140.));
#96 = VECTOR('',#97,1.);
#97 = DIRECTION('',(1.,0.));
#98 = ( GEOMETRIC_REPRESENTATION_CONTEXT(2) 
PARAMETRIC_REPRESENTATION_CONTEXT() REPRESENTATION_CONTEXT('2D SPACE',''
  ) );
#99 = PCURVE('',#100,#105);
#100 = CYLINDRICAL_SURFACE('',#101,20.);
#101 = AXIS2_PLACEMENT_3D('',#102,#103,#104);
#102 = CARTESIAN_POINT('',(20.,140.,0.));
#103 = DIRECTION('',(0.,0.,1.));
#104 = DIRECTION('',(-1.,-0.,0.));
#105 = DEFINITIONAL_REPRESENTATION('',(#106),#110);
#106 = LINE('',#107,#108);
#107 = CARTESIAN_POINT('',(-0.,0.));
#108 = VECTOR('',#109,1.);
#109 = DIRECTION('',(-0.,1.));
#110 = ( GEOMETRIC_REPRESENTATION_CONTEXT(2) 
PARAMETRIC_REPRESENTATION_CONTEXT() REPRESENTATION_CONTEXT('2D SPACE',''
  ) );
#111 = ORIENTED_EDGE('',*,*,#112,.F.);
#112 = EDGE_CURVE('',#24,#85,#113,.T.);
#113 = SURFACE_CURVE('',#114,(#118,#125),.PCURVE_S1.);
#114 = LINE('',#115,#116);
#115 = CARTESIAN_POINT('',(-3.552713678801E-15,0.,110.));
#116 = VECTOR('',#117,1.);
#117 = DIRECTION('',(-0.,1.,0.));
#118 = PCURVE('',#32,#119);
#119 = DEFINITIONAL_REPRESENTATION('',(#120),#124);
#120 = LINE('',#121,#122);
#121 = CARTESIAN_POINT('',(110.,0.));
#122 = VECTOR('',#123,1.);
#123 = DIRECTION('',(0.,-1.));
#124 = ( GEOMETRIC_REPRESENTATION_CONTEXT(2) 
PARAMETRIC_REPRESENTATION_CONTEXT() REPRESENTATION_CONTEXT('2D SPACE',''
  ) );
#125 = PCURVE('',#126,#131);
#126 = CYLINDRICAL_SURFACE('',#127,20.);
#127 = AXIS2_PLACEMENT_3D('',#128,#129,#130);
#128 = CARTESIAN_POINT('',(20.,0.,110.));
#129 = DIRECTION('',(-0.,1.,0.));
#130 = DIRECTION('',(-1.,-0.,0.));
#131 = DEFINITIONAL_REPRESENTATION('',(#132),#136);
#132 = LINE('',#133,#134);
#133 = CARTESIAN_POINT('',(0.,0.));
#134 = VECTOR('',#135,1.);
#135 = DIRECTION('',(0.,1.));
#136 = ( GEOMETRIC_REPRESENTATION_CONTEXT(2) 
PARAMETRIC_REPRESENTATION_CONTEXT() REPRESENTATION_CONTEXT('2D SPACE',''
  ) );
#137 = ADVANCED_FACE('',(#138),#44,.T.);
#138 = FACE_BOUND('',#139,.T.);
#139 = EDGE_LOOP('',(#140,#141,#170,#198));
#140 = ORIENTED_EDGE('',*,*,#21,.F.);
#141 = ORIENTED_EDGE('',*,*,#142,.T.);
#142 = EDGE_CURVE('',#22,#143,#145,.T.);
#143 = VERTEX_POINT('',#144);
#144 = CARTESIAN_POINT('',(20.,-3.552713678801E-15,20.));
#145 = SURFACE_CURVE('',#146,(#151,#158),.PCURVE_S1.);
#146 = CIRCLE('',#147,20.);
#147 = AXIS2_PLACEMENT_3D('',#148,#149,#150);
#148 = CARTESIAN_POINT('',(20.,20.,20.));
#149 = DIRECTION('',(0.,0.,1.));
#150 = DIRECTION('',(-1.,0.,0.));
#151 = PCURVE('',#44,#152);
#152 = DEFINITIONAL_REPRESENTATION('',(#153),#157);
#153 = LINE('',#154,#155);
#154 = CARTESIAN_POINT('',(0.,20.));
#155 = VECTOR('',#156,1.);
#156 = DIRECTION('',(1.,0.));
#157 = ( GEOMETRIC_REPRESENTATION_CONTEXT(2) 
PARAMETRIC_REPRESENTATION_CONTEXT() REPRESENTATION_CONTEXT('2D SPACE',''
  ) );
#158 = PCURVE('',#159,#164);
#159 = SPHERICAL_SURFACE('',#160,20.);
#160 = AXIS2_PLACEMENT_3D('',#161,#162,#163);
#161 = CARTESIAN_POINT('',(20.,20.,20.));
#162 = DIRECTION('',(0.,0.,1.));
#163 = DIRECTION('',(-1.,0.,0.));
#164 = DEFINITIONAL_REPRESENTATION('',(#165),#169);
#165 = LINE('',#166,#167);
#166 = CARTESIAN_POINT('',(0.,0.));
#167 = VECTOR('',#168,1.);
#168 = DIRECTION('',(1.,0.));
#169 = ( GEOMETRIC_REPRESENTATION_CONTEXT(2) 
PARAMETRIC_REPRESENTATION_CONTEXT() REPRESENTATION_CONTEXT('2D SPACE',''
  ) );
#170 = ORIENTED_EDGE('',*,*,#171,.T.);
#171 = EDGE_CURVE('',#143,#172,#174,.T.);
#172 = VERTEX_POINT('',#173);
#173 = CARTESIAN_POINT('',(20.,-3.552713678801E-15,110.));
#174 = SURFACE_CURVE('',#175,(#179,#186),.PCURVE_S1.);
#175 = LINE('',#176,#177);
#176 = CARTESIAN_POINT('',(20.,-3.552713678801E-15,0.));
#177 = VECTOR('',#178,1.);
#178 = DIRECTION('',(0.,0.,1.));
#179 = PCURVE('',#44,#180);
#180 = DEFINITIONAL_REPRESENTATION('',(#181),#185);
#181 = LINE('',#182,#183);
#182 = CARTESIAN_POINT('',(1.570796326795,0.));
#183 = VECTOR('',#184,1.);
#184 = DIRECTION('',(0.,1.));
#185 = ( GEOMETRIC_REPRESENTATION_CONTEXT(2) 
PARAMETRIC_REPRESENTATION_CONTEXT() REPRESENTATION_CONTEXT('2D SPACE',''
  ) );
#186 = PCURVE('',#187,#192);
#187 = PLANE('',#188);
#188 = AXIS2_PLACEMENT_3D('',#189,#190,#191);
#189 = CARTESIAN_POINT('',(0.,0.,0.));
#190 = DIRECTION('',(-0.,1.,0.));
#191 = DIRECTION('',(0.,0.,1.));
#192 = DEFINITIONAL_REPRESENTATION('',(#193),#197);
#193 = LINE('',#194,#195);
#194 = CARTESIAN_POINT('',(0.,20.));
#195 = VECTOR('',#196,1.);
#196 = DIRECTION('',(1.,0.));
#197 = ( GEOMETRIC_REPRESENTATION_CONTEXT(2) 
PARAMETRIC_REPRESENTATION_CONTEXT() REPRESENTATION_CONTEXT('2D SPACE',''
  ) );
#198 = ORIENTED_EDGE('',*,*,#199,.F.);
#199 = EDGE_CURVE('',#24,#172,#200,.T.);
#200 = SURFACE_CURVE('',#201,(#206,#213),.PCURVE_S1.);
#201 = CIRCLE('',#202,20.);
#202 = AXIS2_PLACEMENT_3D('',#203,#204,#205);
#203 = CARTESIAN_POINT('',(20.,20.,110.));
#204 = DIRECTION('',(0.,0.,1.));
#205 = DIRECTION('',(-1.,0.,0.));
#206 = PCURVE('',#44,#207);
#207 = DEFINITIONAL_REPRESENTATION('',(#208),#212);
#208 = LINE('',#209,#210);
#209 = CARTESIAN_POINT('',(0.,110.));
#210 = VECTOR('',#211,1.);
#211 = DIRECTION('',(1.,0.));
#212 = ( GEOMETRIC_REPRESENTATION_CONTEXT(2) 
PARAMETRIC_REPRESENTATION_CONTEXT() REPRESENTATION_CONTEXT('2D SPACE',''
  ) );
#213 = PCURVE('',#214,#219);
#214 = SPHERICAL_SURFACE('',#215,20.);
#215 = AXIS2_PLACEMENT_3D('',#216,#217,#218);
#216 = CARTESIAN_POINT('',(20.,20.,110.));
#217 = DIRECTION('',(-0.,-0.,-1.));
#218 = DIRECTION('',(-1.,0.,0.));
#219 = DEFINITIONAL_REPRESENTATION('',(#220),#224);
#220 = LINE('',#221,#222);
#221 = CARTESIAN_POINT('',(-0.,0.));
#222 = VECTOR('',#223,1.);
#223 = DIRECTION('',(-1.,0.));
#224 = ( GEOMETRIC_REPRESENTATION_CONTEXT(2) 
PARAMETRIC_REPRESENTATION_CONTEXT() REPRESENTATION_CONTEXT('2D SPACE',''
  ) );
#225 = ADVANCED_FACE('',(#226),#72,.T.);
#226 = FACE_BOUND('',#227,.F.);
#227 = EDGE_LOOP('',(#228,#250,#278,#303));
#228 = ORIENTED_EDGE('',*,*,#229,.F.);
#229 = EDGE_CURVE('',#230,#22,#232,.T.);
#230 = VERTEX_POINT('',#231);
#231 = CARTESIAN_POINT('',(20.,20.,0.));
#232 = SURFACE_CURVE('',#233,(#238,#244),.PCURVE_S1.);
#233 = CIRCLE('',#234,20.);
#234 = AXIS2_PLACEMENT_3D('',#235,#236,#237);
#235 = CARTESIAN_POINT('',(20.,20.,20.));
#236 = DIRECTION('',(0.,1.,-0.));
#237 = DIRECTION('',(-1.,0.,0.));
#238 = PCURVE('',#72,#239);
#239 = DEFINITIONAL_REPRESENTATION('',(#240),#243);
#240 = B_SPLINE_CURVE_WITH_KNOTS('',1,(#241,#242),.UNSPECIFIED.,.F.,.F.,
  (2,2),(4.712388980385,6.28318530718),.PIECEWISE_BEZIER_KNOTS.);
#241 = CARTESIAN_POINT('',(-1.570796326795,20.));
#242 = CARTESIAN_POINT('',(0.,20.));
#243 = ( GEOMETRIC_REPRESENTATION_CONTEXT(2) 
PARAMETRIC_REPRESENTATION_CONTEXT() REPRESENTATION_CONTEXT('2D SPACE',''
  ) );
#244 = PCURVE('',#159,#245);
#245 = DEFINITIONAL_REPRESENTATION('',(#246),#249);
#246 = B_SPLINE_CURVE_WITH_KNOTS('',1,(#247,#248),.UNSPECIFIED.,.F.,.F.,
  (2,2),(4.712388980385,6.28318530718),.PIECEWISE_BEZIER_KNOTS.);
#247 = CARTESIAN_POINT('',(0.,-1.570796326795));
#248 = CARTESIAN_POINT('',(0.,0.));
#249 = ( GEOMETRIC_REPRESENTATION_CONTEXT(2) 
PARAMETRIC_REPRESENTATION_CONTEXT() REPRESENTATION_CONTEXT('2D SPACE',''
  ) );
#250 = ORIENTED_EDGE('',*,*,#251,.T.);
#251 = EDGE_CURVE('',#230,#252,#254,.T.);
#252 = VERTEX_POINT('',#253);
#253 = CARTESIAN_POINT('',(20.,140.,0.));
#254 = SURFACE_CURVE('',#255,(#259,#266),.PCURVE_S1.);
#255 = LINE('',#256,#257);
#256 = CARTESIAN_POINT('',(20.,0.,-3.552713678801E-15));
#257 = VECTOR('',#258,1.);
#258 = DIRECTION('',(-0.,1.,0.));
#259 = PCURVE('',#72,#260);
#260 = DEFINITIONAL_REPRESENTATION('',(#261),#265);
#261 = LINE('',#262,#263);
#262 = CARTESIAN_POINT('',(-1.570796326795,0.));
#263 = VECTOR('',#264,1.);
#264 = DIRECTION('',(-0.,1.));
#265 = ( GEOMETRIC_REPRESENTATION_CONTEXT(2) 
PARAMETRIC_REPRESENTATION_CONTEXT() REPRESENTATION_CONTEXT('2D SPACE',''
  ) );
#266 = PCURVE('',#267,#272);
#267 = PLANE('',#268);
#268 = AXIS2_PLACEMENT_3D('',#269,#270,#271);
#269 = CARTESIAN_POINT('',(0.,0.,0.));
#270 = DIRECTION('',(0.,0.,1.));
#271 = DIRECTION('',(1.,0.,-0.));
#272 = DEFINITIONAL_REPRESENTATION('',(#273),#277);
#273 = LINE('',#274,#275);
#274 = CARTESIAN_POINT('',(20.,0.));
#275 = VECTOR('',#276,1.);
#276 = DIRECTION('',(0.,1.));
#277 = ( GEOMETRIC_REPRESENTATION_CONTEXT(2) 
PARAMETRIC_REPRESENTATION_CONTEXT() REPRESENTATION_CONTEXT('2D SPACE',''
  ) );
#278 = ORIENTED_EDGE('',*,*,#279,.T.);
#279 = EDGE_CURVE('',#252,#57,#280,.T.);
#280 = SURFACE_CURVE('',#281,(#286,#292),.PCURVE_S1.);
#281 = CIRCLE('',#282,20.);
#282 = AXIS2_PLACEMENT_3D('',#283,#284,#285);
#283 = CARTESIAN_POINT('',(20.,140.,20.));
#284 = DIRECTION('',(0.,1.,-0.));
#285 = DIRECTION('',(-1.,0.,0.));
#286 = PCURVE('',#72,#287);
#287 = DEFINITIONAL_REPRESENTATION('',(#288),#291);
#288 = B_SPLINE_CURVE_WITH_KNOTS('',1,(#289,#290),.UNSPECIFIED.,.F.,.F.,
  (2,2),(4.712388980385,6.28318530718),.PIECEWISE_BEZIER_KNOTS.);
#289 = CARTESIAN_POINT('',(-1.570796326795,140.));
#290 = CARTESIAN_POINT('',(0.,140.));
#291 = ( GEOMETRIC_REPRESENTATION_CONTEXT(2) 
PARAMETRIC_REPRESENTATION_CONTEXT() REPRESENTATION_CONTEXT('2D SPACE',''
  ) );
#292 = PCURVE('',#293,#298);
#293 = SPHERICAL_SURFACE('',#294,20.);
#294 = AXIS2_PLACEMENT_3D('',#295,#296,#297);
#295 = CARTESIAN_POINT('',(20.,140.,20.));
#296 = DIRECTION('',(0.,0.,1.));
#297 = DIRECTION('',(-1.,0.,0.));
#298 = DEFINITIONAL_REPRESENTATION('',(#299),#302);
#299 = B_SPLINE_CURVE_WITH_KNOTS('',1,(#300,#301),.UNSPECIFIED.,.F.,.F.,
  (2,2),(4.712388980385,6.28318530718),.PIECEWISE_BEZIER_KNOTS.);
#300 = CARTESIAN_POINT('',(0.,-1.570796326795));
#301 = CARTESIAN_POINT('',(0.,0.));
#302 = ( GEOMETRIC_REPRESENTATION_CONTEXT(2) 
PARAMETRIC_REPRESENTATION_CONTEXT() REPRESENTATION_CONTEXT('2D SPACE',''
  ) );
#303 = ORIENTED_EDGE('',*,*,#56,.F.);
#304 = ADVANCED_FACE('',(#305),#126,.T.);
#305 = FACE_BOUND('',#306,.T.);
#306 = EDGE_LOOP('',(#307,#329,#357,#384));
#307 = ORIENTED_EDGE('',*,*,#308,.F.);
#308 = EDGE_CURVE('',#309,#24,#311,.T.);
#309 = VERTEX_POINT('',#310);
#310 = CARTESIAN_POINT('',(20.,20.,130.));
#311 = SURFACE_CURVE('',#312,(#317,#323),.PCURVE_S1.);
#312 = CIRCLE('',#313,20.);
#313 = AXIS2_PLACEMENT_3D('',#314,#315,#316);
#314 = CARTESIAN_POINT('',(20.,20.,110.));
#315 = DIRECTION('',(0.,-1.,0.));
#316 = DIRECTION('',(-1.,0.,0.));
#317 = PCURVE('',#126,#318);
#318 = DEFINITIONAL_REPRESENTATION('',(#319),#322);
#319 = B_SPLINE_CURVE_WITH_KNOTS('',1,(#320,#321),.UNSPECIFIED.,.F.,.F.,
  (2,2),(4.712388980385,6.28318530718),.PIECEWISE_BEZIER_KNOTS.);
#320 = CARTESIAN_POINT('',(1.570796326795,20.));
#321 = CARTESIAN_POINT('',(0.,20.));
#322 = ( GEOMETRIC_REPRESENTATION_CONTEXT(2) 
PARAMETRIC_REPRESENTATION_CONTEXT() REPRESENTATION_CONTEXT('2D SPACE',''
  ) );
#323 = PCURVE('',#214,#324);
#324 = DEFINITIONAL_REPRESENTATION('',(#325),#328);
#325 = B_SPLINE_CURVE_WITH_KNOTS('',1,(#326,#327),.UNSPECIFIED.,.F.,.F.,
  (2,2),(4.712388980385,6.28318530718),.PIECEWISE_BEZIER_KNOTS.);
#326 = CARTESIAN_POINT('',(0.,-1.570796326795));
#327 = CARTESIAN_POINT('',(0.,0.));
#328 = ( GEOMETRIC_REPRESENTATION_CONTEXT(2) 
PARAMETRIC_REPRESENTATION_CONTEXT() REPRESENTATION_CONTEXT('2D SPACE',''
  ) );
#329 = ORIENTED_EDGE('',*,*,#330,.T.);
#330 = EDGE_CURVE('',#309,#331,#333,.T.);
#331 = VERTEX_POINT('',#332);
#332 = CARTESIAN_POINT('',(20.,140.,130.));
#333 = SURFACE_CURVE('',#334,(#338,#345),.PCURVE_S1.);
#334 = LINE('',#335,#336);
#335 = CARTESIAN_POINT('',(20.,0.,130.));
#336 = VECTOR('',#337,1.);
#337 = DIRECTION('',(-0.,1.,0.));
#338 = PCURVE('',#126,#339);
#339 = DEFINITIONAL_REPRESENTATION('',(#340),#344);
#340 = LINE('',#341,#342);
#341 = CARTESIAN_POINT('',(1.570796326795,0.));
#342 = VECTOR('',#343,1.);
#343 = DIRECTION('',(0.,1.));
#344 = ( GEOMETRIC_REPRESENTATION_CONTEXT(2) 
PARAMETRIC_REPRESENTATION_CONTEXT() REPRESENTATION_CONTEXT('2D SPACE',''
  ) );
#345 = PCURVE('',#346,#351);
#346 = PLANE('',#347);
#347 = AXIS2_PLACEMENT_3D('',#348,#349,#350);
#348 = CARTESIAN_POINT('',(0.,0.,130.));
#349 = DIRECTION('',(0.,0.,1.));
#350 = DIRECTION('',(1.,0.,-0.));
#351 = DEFINITIONAL_REPRESENTATION('',(#352),#356);
#352 = LINE('',#353,#354);
#353 = CARTESIAN_POINT('',(20.,0.));
#354 = VECTOR('',#355,1.);
#355 = DIRECTION('',(0.,1.));
#356 = ( GEOMETRIC_REPRESENTATION_CONTEXT(2) 
PARAMETRIC_REPRESENTATION_CONTEXT() REPRESENTATION_CONTEXT('2D SPACE',''
  ) );
#357 = ORIENTED_EDGE('',*,*,#358,.F.);
#358 = EDGE_CURVE('',#85,#331,#359,.T.);
#359 = SURFACE_CURVE('',#360,(#365,#372),.PCURVE_S1.);
#360 = CIRCLE('',#361,20.);
#361 = AXIS2_PLACEMENT_3D('',#362,#363,#364);
#362 = CARTESIAN_POINT('',(20.,140.,110.));
#363 = DIRECTION('',(-0.,1.,0.));
#364 = DIRECTION('',(-1.,-0.,0.));
#365 = PCURVE('',#126,#366);
#366 = DEFINITIONAL_REPRESENTATION('',(#367),#371);
#367 = LINE('',#368,#369);
#368 = CARTESIAN_POINT('',(0.,140.));
#369 = VECTOR('',#370,1.);
#370 = DIRECTION('',(1.,0.));
#371 = ( GEOMETRIC_REPRESENTATION_CONTEXT(2) 
PARAMETRIC_REPRESENTATION_CONTEXT() REPRESENTATION_CONTEXT('2D SPACE',''
  ) );
#372 = PCURVE('',#373,#378);
#373 = SPHERICAL_SURFACE('',#374,20.);
#374 = AXIS2_PLACEMENT_3D('',#375,#376,#377);
#375 = CARTESIAN_POINT('',(20.,140.,110.));
#376 = DIRECTION('',(0.,-1.,-0.));
#377 = DIRECTION('',(-1.,-0.,0.));
#378 = DEFINITIONAL_REPRESENTATION('',(#379),#383);
#379 = LINE('',#380,#381);
#380 = CARTESIAN_POINT('',(-0.,0.));
#381 = VECTOR('',#382,1.);
#382 = DIRECTION('',(-1.,0.));
#383 = ( GEOMETRIC_REPRESENTATION_CONTEXT(2) 
PARAMETRIC_REPRESENTATION_CONTEXT() REPRESENTATION_CONTEXT('2D SPACE',''
  ) );
#384 = ORIENTED_EDGE('',*,*,#112,.F.);
#385 = ADVANCED_FACE('',(#386),#100,.T.);
#386 = FACE_BOUND('',#387,.F.);
#387 = EDGE_LOOP('',(#388,#389,#413,#441));
#388 = ORIENTED_EDGE('',*,*,#84,.F.);
#389 = ORIENTED_EDGE('',*,*,#390,.T.);
#390 = EDGE_CURVE('',#57,#391,#393,.T.);
#391 = VERTEX_POINT('',#392);
#392 = CARTESIAN_POINT('',(20.,160.,20.));
#393 = SURFACE_CURVE('',#394,(#399,#406),.PCURVE_S1.);
#394 = CIRCLE('',#395,20.);
#395 = AXIS2_PLACEMENT_3D('',#396,#397,#398);
#396 = CARTESIAN_POINT('',(20.,140.,20.));
#397 = DIRECTION('',(-0.,0.,-1.));
#398 = DIRECTION('',(-1.,0.,0.));
#399 = PCURVE('',#100,#400);
#400 = DEFINITIONAL_REPRESENTATION('',(#401),#405);
#401 = LINE('',#402,#403);
#402 = CARTESIAN_POINT('',(-0.,20.));
#403 = VECTOR('',#404,1.);
#404 = DIRECTION('',(-1.,0.));
#405 = ( GEOMETRIC_REPRESENTATION_CONTEXT(2) 
PARAMETRIC_REPRESENTATION_CONTEXT() REPRESENTATION_CONTEXT('2D SPACE',''
  ) );
#406 = PCURVE('',#293,#407);
#407 = DEFINITIONAL_REPRESENTATION('',(#408),#412);
#408 = LINE('',#409,#410);
#409 = CARTESIAN_POINT('',(-0.,0.));
#410 = VECTOR('',#411,1.);
#411 = DIRECTION('',(-1.,0.));
#412 = ( GEOMETRIC_REPRESENTATION_CONTEXT(2) 
PARAMETRIC_REPRESENTATION_CONTEXT() REPRESENTATION_CONTEXT('2D SPACE',''
  ) );
#413 = ORIENTED_EDGE('',*,*,#414,.T.);
#414 = EDGE_CURVE('',#391,#415,#417,.T.);
#415 = VERTEX_POINT('',#416);
#416 = CARTESIAN_POINT('',(20.,160.,110.));
#417 = SURFACE_CURVE('',#418,(#422,#429),.PCURVE_S1.);
#418 = LINE('',#419,#420);
#419 = CARTESIAN_POINT('',(20.,160.,0.));
#420 = VECTOR('',#421,1.);
#421 = DIRECTION('',(0.,0.,1.));
#422 = PCURVE('',#100,#423);
#423 = DEFINITIONAL_REPRESENTATION('',(#424),#428);
#424 = LINE('',#425,#426);
#425 = CARTESIAN_POINT('',(-1.570796326795,0.));
#426 = VECTOR('',#427,1.);
#427 = DIRECTION('',(-0.,1.));
#428 = ( GEOMETRIC_REPRESENTATION_CONTEXT(2) 
PARAMETRIC_REPRESENTATION_CONTEXT() REPRESENTATION_CONTEXT('2D SPACE',''
  ) );
#429 = PCURVE('',#430,#435);
#430 = PLANE('',#431);
#431 = AXIS2_PLACEMENT_3D('',#432,#433,#434);
#432 = CARTESIAN_POINT('',(0.,160.,0.));
#433 = DIRECTION('',(-0.,1.,0.));
#434 = DIRECTION('',(0.,0.,1.));
#435 = DEFINITIONAL_REPRESENTATION('',(#436),#440);
#436 = LINE('',#437,#438);
#437 = CARTESIAN_POINT('',(0.,20.));
#438 = VECTOR('',#439,1.);
#439 = DIRECTION('',(1.,0.));
#440 = ( GEOMETRIC_REPRESENTATION_CONTEXT(2) 
PARAMETRIC_REPRESENTATION_CONTEXT() REPRESENTATION_CONTEXT('2D SPACE',''
  ) );
#441 = ORIENTED_EDGE('',*,*,#442,.T.);
#442 = EDGE_CURVE('',#415,#85,#443,.T.);
#443 = SURFACE_CURVE('',#444,(#449,#455),.PCURVE_S1.);
#444 = CIRCLE('',#445,20.);
#445 = AXIS2_PLACEMENT_3D('',#446,#447,#448);
#446 = CARTESIAN_POINT('',(20.,140.,110.));
#447 = DIRECTION('',(0.,0.,1.));
#448 = DIRECTION('',(-1.,-0.,0.));
#449 = PCURVE('',#100,#450);
#450 = DEFINITIONAL_REPRESENTATION('',(#451),#454);
#451 = B_SPLINE_CURVE_WITH_KNOTS('',1,(#452,#453),.UNSPECIFIED.,.F.,.F.,
  (2,2),(4.712388980385,6.28318530718),.PIECEWISE_BEZIER_KNOTS.);
#452 = CARTESIAN_POINT('',(-1.570796326795,110.));
#453 = CARTESIAN_POINT('',(0.,110.));
#454 = ( GEOMETRIC_REPRESENTATION_CONTEXT(2) 
PARAMETRIC_REPRESENTATION_CONTEXT() REPRESENTATION_CONTEXT('2D SPACE',''
  ) );
#455 = PCURVE('',#373,#456);
#456 = DEFINITIONAL_REPRESENTATION('',(#457),#460);
#457 = B_SPLINE_CURVE_WITH_KNOTS('',1,(#458,#459),.UNSPECIFIED.,.F.,.F.,
  (2,2),(4.712388980385,6.28318530718),.PIECEWISE_BEZIER_KNOTS.);
#458 = CARTESIAN_POINT('',(0.,-1.570796326795));
#459 = CARTESIAN_POINT('',(0.,0.));
#460 = ( GEOMETRIC_REPRESENTATION_CONTEXT(2) 
PARAMETRIC_REPRESENTATION_CONTEXT() REPRESENTATION_CONTEXT('2D SPACE',''
  ) );
#461 = ADVANCED_FACE('',(#462),#159,.T.);
#462 = FACE_BOUND('',#463,.T.);
#463 = EDGE_LOOP('',(#464,#465,#490));
#464 = ORIENTED_EDGE('',*,*,#229,.F.);
#465 = ORIENTED_EDGE('',*,*,#466,.T.);
#466 = EDGE_CURVE('',#230,#143,#467,.T.);
#467 = SURFACE_CURVE('',#468,(#473,#479),.PCURVE_S1.);
#468 = CIRCLE('',#469,20.);
#469 = AXIS2_PLACEMENT_3D('',#470,#471,#472);
#470 = CARTESIAN_POINT('',(20.,20.,20.));
#471 = DIRECTION('',(-1.,6.123233995737E-17,0.));
#472 = DIRECTION('',(-6.123233995737E-17,-1.,0.));
#473 = PCURVE('',#159,#474);
#474 = DEFINITIONAL_REPRESENTATION('',(#475),#478);
#475 = B_SPLINE_CURVE_WITH_KNOTS('',1,(#476,#477),.UNSPECIFIED.,.F.,.F.,
  (2,2),(4.712388980385,6.28318530718),.PIECEWISE_BEZIER_KNOTS.);
#476 = CARTESIAN_POINT('',(1.570796326795,-1.570796326795));
#477 = CARTESIAN_POINT('',(1.570796326795,0.));
#478 = ( GEOMETRIC_REPRESENTATION_CONTEXT(2) 
PARAMETRIC_REPRESENTATION_CONTEXT() REPRESENTATION_CONTEXT('2D SPACE',''
  ) );
#479 = PCURVE('',#480,#485);
#480 = CYLINDRICAL_SURFACE('',#481,20.);
#481 = AXIS2_PLACEMENT_3D('',#482,#483,#484);
#482 = CARTESIAN_POINT('',(0.,20.,20.));
#483 = DIRECTION('',(1.,0.,-0.));
#484 = DIRECTION('',(0.,-1.,0.));
#485 = DEFINITIONAL_REPRESENTATION('',(#486),#489);
#486 = B_SPLINE_CURVE_WITH_KNOTS('',1,(#487,#488),.UNSPECIFIED.,.F.,.F.,
  (2,2),(4.712388980385,6.28318530718),.PIECEWISE_BEZIER_KNOTS.);
#487 = CARTESIAN_POINT('',(1.570796326795,20.));
#488 = CARTESIAN_POINT('',(0.,20.));
#489 = ( GEOMETRIC_REPRESENTATION_CONTEXT(2) 
PARAMETRIC_REPRESENTATION_CONTEXT() REPRESENTATION_CONTEXT('2D SPACE',''
  ) );
#490 = ORIENTED_EDGE('',*,*,#142,.F.);
#491 = ADVANCED_FACE('',(#492),#214,.T.);
#492 = FACE_BOUND('',#493,.F.);
#493 = EDGE_LOOP('',(#494,#495,#520));
#494 = ORIENTED_EDGE('',*,*,#308,.F.);
#495 = ORIENTED_EDGE('',*,*,#496,.T.);
#496 = EDGE_CURVE('',#309,#172,#497,.T.);
#497 = SURFACE_CURVE('',#498,(#503,#509),.PCURVE_S1.);
#498 = CIRCLE('',#499,20.);
#499 = AXIS2_PLACEMENT_3D('',#500,#501,#502);
#500 = CARTESIAN_POINT('',(20.,20.,110.));
#501 = DIRECTION('',(1.,-6.123233995737E-17,0.));
#502 = DIRECTION('',(-6.123233995737E-17,-1.,0.));
#503 = PCURVE('',#214,#504);
#504 = DEFINITIONAL_REPRESENTATION('',(#505),#508);
#505 = B_SPLINE_CURVE_WITH_KNOTS('',1,(#506,#507),.UNSPECIFIED.,.F.,.F.,
  (2,2),(4.712388980385,6.28318530718),.PIECEWISE_BEZIER_KNOTS.);
#506 = CARTESIAN_POINT('',(-1.570796326795,-1.570796326795));
#507 = CARTESIAN_POINT('',(-1.570796326795,0.));
#508 = ( GEOMETRIC_REPRESENTATION_CONTEXT(2) 
PARAMETRIC_REPRESENTATION_CONTEXT() REPRESENTATION_CONTEXT('2D SPACE',''
  ) );
#509 = PCURVE('',#510,#515);
#510 = CYLINDRICAL_SURFACE('',#511,20.);
#511 = AXIS2_PLACEMENT_3D('',#512,#513,#514);
#512 = CARTESIAN_POINT('',(0.,20.,110.));
#513 = DIRECTION('',(1.,0.,-0.));
#514 = DIRECTION('',(0.,-1.,0.));
#515 = DEFINITIONAL_REPRESENTATION('',(#516),#519);
#516 = B_SPLINE_CURVE_WITH_KNOTS('',1,(#517,#518),.UNSPECIFIED.,.F.,.F.,
  (2,2),(4.712388980385,6.28318530718),.PIECEWISE_BEZIER_KNOTS.);
#517 = CARTESIAN_POINT('',(-1.570796326795,20.));
#518 = CARTESIAN_POINT('',(0.,20.));
#519 = ( GEOMETRIC_REPRESENTATION_CONTEXT(2) 
PARAMETRIC_REPRESENTATION_CONTEXT() REPRESENTATION_CONTEXT('2D SPACE',''
  ) );
#520 = ORIENTED_EDGE('',*,*,#199,.F.);
#521 = ADVANCED_FACE('',(#522),#187,.F.);
#522 = FACE_BOUND('',#523,.F.);
#523 = EDGE_LOOP('',(#524,#525,#548,#576));
#524 = ORIENTED_EDGE('',*,*,#171,.T.);
#525 = ORIENTED_EDGE('',*,*,#526,.T.);
#526 = EDGE_CURVE('',#172,#527,#529,.T.);
#527 = VERTEX_POINT('',#528);
#528 = CARTESIAN_POINT('',(200.,-3.552713678801E-15,110.));
#529 = SURFACE_CURVE('',#530,(#534,#541),.PCURVE_S1.);
#530 = LINE('',#531,#532);
#531 = CARTESIAN_POINT('',(0.,-3.552713678801E-15,110.));
#532 = VECTOR('',#533,1.);
#533 = DIRECTION('',(1.,0.,-0.));
#534 = PCURVE('',#187,#535);
#535 = DEFINITIONAL_REPRESENTATION('',(#536),#540);
#536 = LINE('',#537,#538);
#537 = CARTESIAN_POINT('',(110.,0.));
#538 = VECTOR('',#539,1.);
#539 = DIRECTION('',(0.,1.));
#540 = ( GEOMETRIC_REPRESENTATION_CONTEXT(2) 
PARAMETRIC_REPRESENTATION_CONTEXT() REPRESENTATION_CONTEXT('2D SPACE',''
  ) );
#541 = PCURVE('',#510,#542);
#542 = DEFINITIONAL_REPRESENTATION('',(#543),#547);
#543 = LINE('',#544,#545);
#544 = CARTESIAN_POINT('',(-0.,0.));
#545 = VECTOR('',#546,1.);
#546 = DIRECTION('',(-0.,1.));
#547 = ( GEOMETRIC_REPRESENTATION_CONTEXT(2) 
PARAMETRIC_REPRESENTATION_CONTEXT() REPRESENTATION_CONTEXT('2D SPACE',''
  ) );
#548 = ORIENTED_EDGE('',*,*,#549,.F.);
#549 = EDGE_CURVE('',#550,#527,#552,.T.);
#550 = VERTEX_POINT('',#551);
#551 = CARTESIAN_POINT('',(200.,-3.552713678801E-15,20.));
#552 = SURFACE_CURVE('',#553,(#557,#564),.PCURVE_S1.);
#553 = LINE('',#554,#555);
#554 = CARTESIAN_POINT('',(200.,-3.552713678801E-15,0.));
#555 = VECTOR('',#556,1.);
#556 = DIRECTION('',(0.,0.,1.));
#557 = PCURVE('',#187,#558);
#558 = DEFINITIONAL_REPRESENTATION('',(#559),#563);
#559 = LINE('',#560,#561);
#560 = CARTESIAN_POINT('',(0.,200.));
#561 = VECTOR('',#562,1.);
#562 = DIRECTION('',(1.,0.));
#563 = ( GEOMETRIC_REPRESENTATION_CONTEXT(2) 
PARAMETRIC_REPRESENTATION_CONTEXT() REPRESENTATION_CONTEXT('2D SPACE',''
  ) );
#564 = PCURVE('',#565,#570);
#565 = CYLINDRICAL_SURFACE('',#566,20.);
#566 = AXIS2_PLACEMENT_3D('',#567,#568,#569);
#567 = CARTESIAN_POINT('',(200.,20.,0.));
#568 = DIRECTION('',(0.,0.,1.));
#569 = DIRECTION('',(1.,0.,-0.));
#570 = DEFINITIONAL_REPRESENTATION('',(#571),#575);
#571 = LINE('',#572,#573);
#572 = CARTESIAN_POINT('',(-1.570796326795,0.));
#573 = VECTOR('',#574,1.);
#574 = DIRECTION('',(-0.,1.));
#575 = ( GEOMETRIC_REPRESENTATION_CONTEXT(2) 
PARAMETRIC_REPRESENTATION_CONTEXT() REPRESENTATION_CONTEXT('2D SPACE',''
  ) );
#576 = ORIENTED_EDGE('',*,*,#577,.F.);
#577 = EDGE_CURVE('',#143,#550,#578,.T.);
#578 = SURFACE_CURVE('',#579,(#583,#590),.PCURVE_S1.);
#579 = LINE('',#580,#581);
#580 = CARTESIAN_POINT('',(0.,-3.552713678801E-15,20.));
#581 = VECTOR('',#582,1.);
#582 = DIRECTION('',(1.,0.,-0.));
#583 = PCURVE('',#187,#584);
#584 = DEFINITIONAL_REPRESENTATION('',(#585),#589);
#585 = LINE('',#586,#587);
#586 = CARTESIAN_POINT('',(20.,0.));
#587 = VECTOR('',#588,1.);
#588 = DIRECTION('',(0.,1.));
#589 = ( GEOMETRIC_REPRESENTATION_CONTEXT(2) 
PARAMETRIC_REPRESENTATION_CONTEXT() REPRESENTATION_CONTEXT('2D SPACE',''
  ) );
#590 = PCURVE('',#480,#591);
#591 = DEFINITIONAL_REPRESENTATION('',(#592),#596);
#592 = LINE('',#593,#594);
#593 = CARTESIAN_POINT('',(0.,0.));
#594 = VECTOR('',#595,1.);
#595 = DIRECTION('',(0.,1.));
#596 = ( GEOMETRIC_REPRESENTATION_CONTEXT(2) 
PARAMETRIC_REPRESENTATION_CONTEXT() REPRESENTATION_CONTEXT('2D SPACE',''
  ) );
#597 = ADVANCED_FACE('',(#598),#267,.F.);
#598 = FACE_BOUND('',#599,.F.);
#599 = EDGE_LOOP('',(#600,#601,#624,#652));
#600 = ORIENTED_EDGE('',*,*,#251,.F.);
#601 = ORIENTED_EDGE('',*,*,#602,.T.);
#602 = EDGE_CURVE('',#230,#603,#605,.T.);
#603 = VERTEX_POINT('',#604);
#604 = CARTESIAN_POINT('',(200.,20.,0.));
#605 = SURFACE_CURVE('',#606,(#610,#617),.PCURVE_S1.);
#606 = LINE('',#607,#608);
#607 = CARTESIAN_POINT('',(0.,20.,-3.552713678801E-15));
#608 = VECTOR('',#609,1.);
#609 = DIRECTION('',(1.,0.,-0.));
#610 = PCURVE('',#267,#611);
#611 = DEFINITIONAL_REPRESENTATION('',(#612),#616);
#612 = LINE('',#613,#614);
#613 = CARTESIAN_POINT('',(0.,20.));
#614 = VECTOR('',#615,1.);
#615 = DIRECTION('',(1.,0.));
#616 = ( GEOMETRIC_REPRESENTATION_CONTEXT(2) 
PARAMETRIC_REPRESENTATION_CONTEXT() REPRESENTATION_CONTEXT('2D SPACE',''
  ) );
#617 = PCURVE('',#480,#618);
#618 = DEFINITIONAL_REPRESENTATION('',(#619),#623);
#619 = LINE('',#620,#621);
#620 = CARTESIAN_POINT('',(1.570796326795,0.));
#621 = VECTOR('',#622,1.);
#622 = DIRECTION('',(0.,1.));
#623 = ( GEOMETRIC_REPRESENTATION_CONTEXT(2) 
PARAMETRIC_REPRESENTATION_CONTEXT() REPRESENTATION_CONTEXT('2D SPACE',''
  ) );
#624 = ORIENTED_EDGE('',*,*,#625,.T.);
#625 = EDGE_CURVE('',#603,#626,#628,.T.);
#626 = VERTEX_POINT('',#627);
#627 = CARTESIAN_POINT('',(200.,140.,0.));
#628 = SURFACE_CURVE('',#629,(#633,#640),.PCURVE_S1.);
#629 = LINE('',#630,#631);
#630 = CARTESIAN_POINT('',(200.,0.,-3.552713678801E-15));
#631 = VECTOR('',#632,1.);
#632 = DIRECTION('',(-0.,1.,0.));
#633 = PCURVE('',#267,#634);
#634 = DEFINITIONAL_REPRESENTATION('',(#635),#639);
#635 = LINE('',#636,#637);
#636 = CARTESIAN_POINT('',(200.,0.));
#637 = VECTOR('',#638,1.);
#638 = DIRECTION('',(0.,1.));
#639 = ( GEOMETRIC_REPRESENTATION_CONTEXT(2) 
PARAMETRIC_REPRESENTATION_CONTEXT() REPRESENTATION_CONTEXT('2D SPACE',''
  ) );
#640 = PCURVE('',#641,#646);
#641 = CYLINDRICAL_SURFACE('',#642,20.);
#642 = AXIS2_PLACEMENT_3D('',#643,#644,#645);
#643 = CARTESIAN_POINT('',(200.,0.,20.));
#644 = DIRECTION('',(-0.,1.,0.));
#645 = DIRECTION('',(1.,0.,-0.));
#646 = DEFINITIONAL_REPRESENTATION('',(#647),#651);
#647 = LINE('',#648,#649);
#648 = CARTESIAN_POINT('',(1.570796326795,0.));
#649 = VECTOR('',#650,1.);
#650 = DIRECTION('',(0.,1.));
#651 = ( GEOMETRIC_REPRESENTATION_CONTEXT(2) 
PARAMETRIC_REPRESENTATION_CONTEXT() REPRESENTATION_CONTEXT('2D SPACE',''
  ) );
#652 = ORIENTED_EDGE('',*,*,#653,.F.);
#653 = EDGE_CURVE('',#252,#626,#654,.T.);
#654 = SURFACE_CURVE('',#655,(#659,#666),.PCURVE_S1.);
#655 = LINE('',#656,#657);
#656 = CARTESIAN_POINT('',(0.,140.,-3.552713678801E-15));
#657 = VECTOR('',#658,1.);
#658 = DIRECTION('',(1.,0.,-0.));
#659 = PCURVE('',#267,#660);
#660 = DEFINITIONAL_REPRESENTATION('',(#661),#665);
#661 = LINE('',#662,#663);
#662 = CARTESIAN_POINT('',(0.,140.));
#663 = VECTOR('',#664,1.);
#664 = DIRECTION('',(1.,0.));
#665 = ( GEOMETRIC_REPRESENTATION_CONTEXT(2) 
PARAMETRIC_REPRESENTATION_CONTEXT() REPRESENTATION_CONTEXT('2D SPACE',''
  ) );
#666 = PCURVE('',#667,#672);
#667 = CYLINDRICAL_SURFACE('',#668,20.);
#668 = AXIS2_PLACEMENT_3D('',#669,#670,#671);
#669 = CARTESIAN_POINT('',(0.,140.,20.));
#670 = DIRECTION('',(1.,0.,-0.));
#671 = DIRECTION('',(0.,1.,0.));
#672 = DEFINITIONAL_REPRESENTATION('',(#673),#677);
#673 = LINE('',#674,#675);
#674 = CARTESIAN_POINT('',(-1.570796326795,0.));
#675 = VECTOR('',#676,1.);
#676 = DIRECTION('',(-0.,1.));
#677 = ( GEOMETRIC_REPRESENTATION_CONTEXT(2) 
PARAMETRIC_REPRESENTATION_CONTEXT() REPRESENTATION_CONTEXT('2D SPACE',''
  ) );
#678 = ADVANCED_FACE('',(#679),#293,.T.);
#679 = FACE_BOUND('',#680,.F.);
#680 = EDGE_LOOP('',(#681,#682,#702));
#681 = ORIENTED_EDGE('',*,*,#279,.F.);
#682 = ORIENTED_EDGE('',*,*,#683,.T.);
#683 = EDGE_CURVE('',#252,#391,#684,.T.);
#684 = SURFACE_CURVE('',#685,(#690,#696),.PCURVE_S1.);
#685 = CIRCLE('',#686,20.);
#686 = AXIS2_PLACEMENT_3D('',#687,#688,#689);
#687 = CARTESIAN_POINT('',(20.,140.,20.));
#688 = DIRECTION('',(1.,6.123233995737E-17,-0.));
#689 = DIRECTION('',(-6.123233995737E-17,1.,0.));
#690 = PCURVE('',#293,#691);
#691 = DEFINITIONAL_REPRESENTATION('',(#692),#695);
#692 = B_SPLINE_CURVE_WITH_KNOTS('',1,(#693,#694),.UNSPECIFIED.,.F.,.F.,
  (2,2),(4.712388980385,6.28318530718),.PIECEWISE_BEZIER_KNOTS.);
#693 = CARTESIAN_POINT('',(-1.570796326795,-1.570796326795));
#694 = CARTESIAN_POINT('',(-1.570796326795,0.));
#695 = ( GEOMETRIC_REPRESENTATION_CONTEXT(2) 
PARAMETRIC_REPRESENTATION_CONTEXT() REPRESENTATION_CONTEXT('2D SPACE',''
  ) );
#696 = PCURVE('',#667,#697);
#697 = DEFINITIONAL_REPRESENTATION('',(#698),#701);
#698 = B_SPLINE_CURVE_WITH_KNOTS('',1,(#699,#700),.UNSPECIFIED.,.F.,.F.,
  (2,2),(4.712388980385,6.28318530718),.PIECEWISE_BEZIER_KNOTS.);
#699 = CARTESIAN_POINT('',(-1.570796326795,20.));
#700 = CARTESIAN_POINT('',(0.,20.));
#701 = ( GEOMETRIC_REPRESENTATION_CONTEXT(2) 
PARAMETRIC_REPRESENTATION_CONTEXT() REPRESENTATION_CONTEXT('2D SPACE',''
  ) );
#702 = ORIENTED_EDGE('',*,*,#390,.F.);
#703 = ADVANCED_FACE('',(#704,#784),#346,.T.);
#704 = FACE_BOUND('',#705,.T.);
#705 = EDGE_LOOP('',(#706,#707,#730,#758));
#706 = ORIENTED_EDGE('',*,*,#330,.F.);
#707 = ORIENTED_EDGE('',*,*,#708,.T.);
#708 = EDGE_CURVE('',#309,#709,#711,.T.);
#709 = VERTEX_POINT('',#710);
#710 = CARTESIAN_POINT('',(200.,20.,130.));
#711 = SURFACE_CURVE('',#712,(#716,#723),.PCURVE_S1.);
#712 = LINE('',#713,#714);
#713 = CARTESIAN_POINT('',(0.,20.,130.));
#714 = VECTOR('',#715,1.);
#715 = DIRECTION('',(1.,0.,-0.));
#716 = PCURVE('',#346,#717);
#717 = DEFINITIONAL_REPRESENTATION('',(#718),#722);
#718 = LINE('',#719,#720);
#719 = CARTESIAN_POINT('',(0.,20.));
#720 = VECTOR('',#721,1.);
#721 = DIRECTION('',(1.,0.));
#722 = ( GEOMETRIC_REPRESENTATION_CONTEXT(2) 
PARAMETRIC_REPRESENTATION_CONTEXT() REPRESENTATION_CONTEXT('2D SPACE',''
  ) );
#723 = PCURVE('',#510,#724);
#724 = DEFINITIONAL_REPRESENTATION('',(#725),#729);
#725 = LINE('',#726,#727);
#726 = CARTESIAN_POINT('',(-1.570796326795,0.));
#727 = VECTOR('',#728,1.);
#728 = DIRECTION('',(-0.,1.));
#729 = ( GEOMETRIC_REPRESENTATION_CONTEXT(2) 
PARAMETRIC_REPRESENTATION_CONTEXT() REPRESENTATION_CONTEXT('2D SPACE',''
  ) );
#730 = ORIENTED_EDGE('',*,*,#731,.T.);
#731 = EDGE_CURVE('',#709,#732,#734,.T.);
#732 = VERTEX_POINT('',#733);
#733 = CARTESIAN_POINT('',(200.,140.,130.));
#734 = SURFACE_CURVE('',#735,(#739,#746),.PCURVE_S1.);
#735 = LINE('',#736,#737);
#736 = CARTESIAN_POINT('',(200.,0.,130.));
#737 = VECTOR('',#738,1.);
#738 = DIRECTION('',(-0.,1.,0.));
#739 = PCURVE('',#346,#740);
#740 = DEFINITIONAL_REPRESENTATION('',(#741),#745);
#741 = LINE('',#742,#743);
#742 = CARTESIAN_POINT('',(200.,0.));
#743 = VECTOR('',#744,1.);
#744 = DIRECTION('',(0.,1.));
#745 = ( GEOMETRIC_REPRESENTATION_CONTEXT(2) 
PARAMETRIC_REPRESENTATION_CONTEXT() REPRESENTATION_CONTEXT('2D SPACE',''
  ) );
#746 = PCURVE('',#747,#752);
#747 = CYLINDRICAL_SURFACE('',#748,20.);
#748 = AXIS2_PLACEMENT_3D('',#749,#750,#751);
#749 = CARTESIAN_POINT('',(200.,0.,110.));
#750 = DIRECTION('',(-0.,1.,0.));
#751 = DIRECTION('',(1.,0.,-0.));
#752 = DEFINITIONAL_REPRESENTATION('',(#753),#757);
#753 = LINE('',#754,#755);
#754 = CARTESIAN_POINT('',(-1.570796326795,0.));
#755 = VECTOR('',#756,1.);
#756 = DIRECTION('',(-0.,1.));
#757 = ( GEOMETRIC_REPRESENTATION_CONTEXT(2) 
PARAMETRIC_REPRESENTATION_CONTEXT() REPRESENTATION_CONTEXT('2D SPACE',''
  ) );
#758 = ORIENTED_EDGE('',*,*,#759,.F.);
#759 = EDGE_CURVE('',#331,#732,#760,.T.);
#760 = SURFACE_CURVE('',#761,(#765,#772),.PCURVE_S1.);
#761 = LINE('',#762,#763);
#762 = CARTESIAN_POINT('',(0.,140.,130.));
#763 = VECTOR('',#764,1.);
#764 = DIRECTION('',(1.,0.,-0.));
#765 = PCURVE('',#346,#766);
#766 = DEFINITIONAL_REPRESENTATION('',(#767),#771);
#767 = LINE('',#768,#769);
#768 = CARTESIAN_POINT('',(0.,140.));
#769 = VECTOR('',#770,1.);
#770 = DIRECTION('',(1.,0.));
#771 = ( GEOMETRIC_REPRESENTATION_CONTEXT(2) 
PARAMETRIC_REPRESENTATION_CONTEXT() REPRESENTATION_CONTEXT('2D SPACE',''
  ) );
#772 = PCURVE('',#773,#778);
#773 = CYLINDRICAL_SURFACE('',#774,20.);
#774 = AXIS2_PLACEMENT_3D('',#775,#776,#777);
#775 = CARTESIAN_POINT('',(0.,140.,110.));
#776 = DIRECTION('',(1.,0.,-0.));
#777 = DIRECTION('',(0.,1.,0.));
#778 = DEFINITIONAL_REPRESENTATION('',(#779),#783);
#779 = LINE('',#780,#781);
#780 = CARTESIAN_POINT('',(1.570796326795,0.));
#781 = VECTOR('',#782,1.);
#782 = DIRECTION('',(0.,1.));
#783 = ( GEOMETRIC_REPRESENTATION_CONTEXT(2) 
PARAMETRIC_REPRESENTATION_CONTEXT() REPRESENTATION_CONTEXT('2D SPACE',''
  ) );
#784 = FACE_BOUND('',#785,.T.);
#785 = EDGE_LOOP('',(#786));
#786 = ORIENTED_EDGE('',*,*,#787,.F.);
#787 = EDGE_CURVE('',#788,#788,#790,.T.);
#788 = VERTEX_POINT('',#789);
#789 = CARTESIAN_POINT('',(80.,80.,130.));
#790 = SURFACE_CURVE('',#791,(#796,#803),.PCURVE_S1.);
#791 = CIRCLE('',#792,20.);
#792 = AXIS2_PLACEMENT_3D('',#793,#794,#795);
#793 = CARTESIAN_POINT('',(60.,80.,130.));
#794 = DIRECTION('',(0.,0.,1.));
#795 = DIRECTION('',(1.,0.,-0.));
#796 = PCURVE('',#346,#797);
#797 = DEFINITIONAL_REPRESENTATION('',(#798),#802);
#798 = CIRCLE('',#799,20.);
#799 = AXIS2_PLACEMENT_2D('',#800,#801);
#800 = CARTESIAN_POINT('',(60.,80.));
#801 = DIRECTION('',(1.,0.));
#802 = ( GEOMETRIC_REPRESENTATION_CONTEXT(2) 
PARAMETRIC_REPRESENTATION_CONTEXT() REPRESENTATION_CONTEXT('2D SPACE',''
  ) );
#803 = PCURVE('',#804,#809);
#804 = CYLINDRICAL_SURFACE('',#805,20.);
#805 = AXIS2_PLACEMENT_3D('',#806,#807,#808);
#806 = CARTESIAN_POINT('',(60.,80.,125.));
#807 = DIRECTION('',(0.,0.,1.));
#808 = DIRECTION('',(1.,0.,-0.));
#809 = DEFINITIONAL_REPRESENTATION('',(#810),#814);
#810 = LINE('',#811,#812);
#811 = CARTESIAN_POINT('',(0.,5.));
#812 = VECTOR('',#813,1.);
#813 = DIRECTION('',(1.,0.));
#814 = ( GEOMETRIC_REPRESENTATION_CONTEXT(2) 
PARAMETRIC_REPRESENTATION_CONTEXT() REPRESENTATION_CONTEXT('2D SPACE',''
  ) );
#815 = ADVANCED_FACE('',(#816),#373,.T.);
#816 = FACE_BOUND('',#817,.F.);
#817 = EDGE_LOOP('',(#818,#819,#839));
#818 = ORIENTED_EDGE('',*,*,#442,.F.);
#819 = ORIENTED_EDGE('',*,*,#820,.T.);
#820 = EDGE_CURVE('',#415,#331,#821,.T.);
#821 = SURFACE_CURVE('',#822,(#827,#833),.PCURVE_S1.);
#822 = CIRCLE('',#823,20.);
#823 = AXIS2_PLACEMENT_3D('',#824,#825,#826);
#824 = CARTESIAN_POINT('',(20.,140.,110.));
#825 = DIRECTION('',(1.,0.,6.123233995737E-17));
#826 = DIRECTION('',(-6.123233995737E-17,-0.,1.));
#827 = PCURVE('',#373,#828);
#828 = DEFINITIONAL_REPRESENTATION('',(#829),#832);
#829 = B_SPLINE_CURVE_WITH_KNOTS('',1,(#830,#831),.UNSPECIFIED.,.F.,.F.,
  (2,2),(4.712388980385,6.28318530718),.PIECEWISE_BEZIER_KNOTS.);
#830 = CARTESIAN_POINT('',(-1.570796326795,-1.570796326795));
#831 = CARTESIAN_POINT('',(-1.570796326795,0.));
#832 = ( GEOMETRIC_REPRESENTATION_CONTEXT(2) 
PARAMETRIC_REPRESENTATION_CONTEXT() REPRESENTATION_CONTEXT('2D SPACE',''
  ) );
#833 = PCURVE('',#773,#834);
#834 = DEFINITIONAL_REPRESENTATION('',(#835),#838);
#835 = B_SPLINE_CURVE_WITH_KNOTS('',1,(#836,#837),.UNSPECIFIED.,.F.,.F.,
  (2,2),(4.712388980385,6.28318530718),.PIECEWISE_BEZIER_KNOTS.);
#836 = CARTESIAN_POINT('',(0.,20.));
#837 = CARTESIAN_POINT('',(1.570796326795,20.));
#838 = ( GEOMETRIC_REPRESENTATION_CONTEXT(2) 
PARAMETRIC_REPRESENTATION_CONTEXT() REPRESENTATION_CONTEXT('2D SPACE',''
  ) );
#839 = ORIENTED_EDGE('',*,*,#358,.F.);
#840 = ADVANCED_FACE('',(#841),#430,.T.);
#841 = FACE_BOUND('',#842,.T.);
#842 = EDGE_LOOP('',(#843,#844,#867,#895));
#843 = ORIENTED_EDGE('',*,*,#414,.T.);
#844 = ORIENTED_EDGE('',*,*,#845,.T.);
#845 = EDGE_CURVE('',#415,#846,#848,.T.);
#846 = VERTEX_POINT('',#847);
#847 = CARTESIAN_POINT('',(200.,160.,110.));
#848 = SURFACE_CURVE('',#849,(#853,#860),.PCURVE_S1.);
#849 = LINE('',#850,#851);
#850 = CARTESIAN_POINT('',(0.,160.,110.));
#851 = VECTOR('',#852,1.);
#852 = DIRECTION('',(1.,0.,-0.));
#853 = PCURVE('',#430,#854);
#854 = DEFINITIONAL_REPRESENTATION('',(#855),#859);
#855 = LINE('',#856,#857);
#856 = CARTESIAN_POINT('',(110.,0.));
#857 = VECTOR('',#858,1.);
#858 = DIRECTION('',(0.,1.));
#859 = ( GEOMETRIC_REPRESENTATION_CONTEXT(2) 
PARAMETRIC_REPRESENTATION_CONTEXT() REPRESENTATION_CONTEXT('2D SPACE',''
  ) );
#860 = PCURVE('',#773,#861);
#861 = DEFINITIONAL_REPRESENTATION('',(#862),#866);
#862 = LINE('',#863,#864);
#863 = CARTESIAN_POINT('',(0.,0.));
#864 = VECTOR('',#865,1.);
#865 = DIRECTION('',(0.,1.));
#866 = ( GEOMETRIC_REPRESENTATION_CONTEXT(2) 
PARAMETRIC_REPRESENTATION_CONTEXT() REPRESENTATION_CONTEXT('2D SPACE',''
  ) );
#867 = ORIENTED_EDGE('',*,*,#868,.F.);
#868 = EDGE_CURVE('',#869,#846,#871,.T.);
#869 = VERTEX_POINT('',#870);
#870 = CARTESIAN_POINT('',(200.,160.,20.));
#871 = SURFACE_CURVE('',#872,(#876,#883),.PCURVE_S1.);
#872 = LINE('',#873,#874);
#873 = CARTESIAN_POINT('',(200.,160.,0.));
#874 = VECTOR('',#875,1.);
#875 = DIRECTION('',(0.,0.,1.));
#876 = PCURVE('',#430,#877);
#877 = DEFINITIONAL_REPRESENTATION('',(#878),#882);
#878 = LINE('',#879,#880);
#879 = CARTESIAN_POINT('',(0.,200.));
#880 = VECTOR('',#881,1.);
#881 = DIRECTION('',(1.,0.));
#882 = ( GEOMETRIC_REPRESENTATION_CONTEXT(2) 
PARAMETRIC_REPRESENTATION_CONTEXT() REPRESENTATION_CONTEXT('2D SPACE',''
  ) );
#883 = PCURVE('',#884,#889);
#884 = CYLINDRICAL_SURFACE('',#885,20.);
#885 = AXIS2_PLACEMENT_3D('',#886,#887,#888);
#886 = CARTESIAN_POINT('',(200.,140.,0.));
#887 = DIRECTION('',(0.,0.,1.));
#888 = DIRECTION('',(1.,0.,-0.));
#889 = DEFINITIONAL_REPRESENTATION('',(#890),#894);
#890 = LINE('',#891,#892);
#891 = CARTESIAN_POINT('',(1.570796326795,0.));
#892 = VECTOR('',#893,1.);
#893 = DIRECTION('',(0.,1.));
#894 = ( GEOMETRIC_REPRESENTATION_CONTEXT(2) 
PARAMETRIC_REPRESENTATION_CONTEXT() REPRESENTATION_CONTEXT('2D SPACE',''
  ) );
#895 = ORIENTED_EDGE('',*,*,#896,.F.);
#896 = EDGE_CURVE('',#391,#869,#897,.T.);
#897 = SURFACE_CURVE('',#898,(#902,#909),.PCURVE_S1.);
#898 = LINE('',#899,#900);
#899 = CARTESIAN_POINT('',(0.,160.,20.));
#900 = VECTOR('',#901,1.);
#901 = DIRECTION('',(1.,0.,-0.));
#902 = PCURVE('',#430,#903);
#903 = DEFINITIONAL_REPRESENTATION('',(#904),#908);
#904 = LINE('',#905,#906);
#905 = CARTESIAN_POINT('',(20.,0.));
#906 = VECTOR('',#907,1.);
#907 = DIRECTION('',(0.,1.));
#908 = ( GEOMETRIC_REPRESENTATION_CONTEXT(2) 
PARAMETRIC_REPRESENTATION_CONTEXT() REPRESENTATION_CONTEXT('2D SPACE',''
  ) );
#909 = PCURVE('',#667,#910);
#910 = DEFINITIONAL_REPRESENTATION('',(#911),#915);
#911 = LINE('',#912,#913);
#912 = CARTESIAN_POINT('',(-0.,0.));
#913 = VECTOR('',#914,1.);
#914 = DIRECTION('',(-0.,1.));
#915 = ( GEOMETRIC_REPRESENTATION_CONTEXT(2) 
PARAMETRIC_REPRESENTATION_CONTEXT() REPRESENTATION_CONTEXT('2D SPACE',''
  ) );
#916 = ADVANCED_FACE('',(#917),#480,.T.);
#917 = FACE_BOUND('',#918,.T.);
#918 = EDGE_LOOP('',(#919,#920,#921,#946));
#919 = ORIENTED_EDGE('',*,*,#466,.F.);
#920 = ORIENTED_EDGE('',*,*,#602,.T.);
#921 = ORIENTED_EDGE('',*,*,#922,.T.);
#922 = EDGE_CURVE('',#603,#550,#923,.T.);
#923 = SURFACE_CURVE('',#924,(#929,#935),.PCURVE_S1.);
#924 = CIRCLE('',#925,20.);
#925 = AXIS2_PLACEMENT_3D('',#926,#927,#928);
#926 = CARTESIAN_POINT('',(200.,20.,20.));
#927 = DIRECTION('',(-1.,-6.123233995737E-17,0.));
#928 = DIRECTION('',(6.123233995737E-17,-1.,-0.));
#929 = PCURVE('',#480,#930);
#930 = DEFINITIONAL_REPRESENTATION('',(#931),#934);
#931 = B_SPLINE_CURVE_WITH_KNOTS('',1,(#932,#933),.UNSPECIFIED.,.F.,.F.,
  (2,2),(4.712388980385,6.28318530718),.PIECEWISE_BEZIER_KNOTS.);
#932 = CARTESIAN_POINT('',(1.570796326795,200.));
#933 = CARTESIAN_POINT('',(0.,200.));
#934 = ( GEOMETRIC_REPRESENTATION_CONTEXT(2) 
PARAMETRIC_REPRESENTATION_CONTEXT() REPRESENTATION_CONTEXT('2D SPACE',''
  ) );
#935 = PCURVE('',#936,#941);
#936 = SPHERICAL_SURFACE('',#937,20.);
#937 = AXIS2_PLACEMENT_3D('',#938,#939,#940);
#938 = CARTESIAN_POINT('',(200.,20.,20.));
#939 = DIRECTION('',(0.,0.,1.));
#940 = DIRECTION('',(1.,0.,-0.));
#941 = DEFINITIONAL_REPRESENTATION('',(#942),#945);
#942 = B_SPLINE_CURVE_WITH_KNOTS('',1,(#943,#944),.UNSPECIFIED.,.F.,.F.,
  (2,2),(4.712388980385,6.28318530718),.PIECEWISE_BEZIER_KNOTS.);
#943 = CARTESIAN_POINT('',(-1.570796326795,-1.570796326795));
#944 = CARTESIAN_POINT('',(-1.570796326795,0.));
#945 = ( GEOMETRIC_REPRESENTATION_CONTEXT(2) 
PARAMETRIC_REPRESENTATION_CONTEXT() REPRESENTATION_CONTEXT('2D SPACE',''
  ) );
#946 = ORIENTED_EDGE('',*,*,#577,.F.);
#947 = ADVANCED_FACE('',(#948),#510,.T.);
#948 = FACE_BOUND('',#949,.F.);
#949 = EDGE_LOOP('',(#950,#951,#952,#977));
#950 = ORIENTED_EDGE('',*,*,#496,.F.);
#951 = ORIENTED_EDGE('',*,*,#708,.T.);
#952 = ORIENTED_EDGE('',*,*,#953,.T.);
#953 = EDGE_CURVE('',#709,#527,#954,.T.);
#954 = SURFACE_CURVE('',#955,(#960,#966),.PCURVE_S1.);
#955 = CIRCLE('',#956,20.);
#956 = AXIS2_PLACEMENT_3D('',#957,#958,#959);
#957 = CARTESIAN_POINT('',(200.,20.,110.));
#958 = DIRECTION('',(1.,6.123233995737E-17,0.));
#959 = DIRECTION('',(6.123233995737E-17,-1.,0.));
#960 = PCURVE('',#510,#961);
#961 = DEFINITIONAL_REPRESENTATION('',(#962),#965);
#962 = B_SPLINE_CURVE_WITH_KNOTS('',1,(#963,#964),.UNSPECIFIED.,.F.,.F.,
  (2,2),(4.712388980385,6.28318530718),.PIECEWISE_BEZIER_KNOTS.);
#963 = CARTESIAN_POINT('',(-1.570796326795,200.));
#964 = CARTESIAN_POINT('',(0.,200.));
#965 = ( GEOMETRIC_REPRESENTATION_CONTEXT(2) 
PARAMETRIC_REPRESENTATION_CONTEXT() REPRESENTATION_CONTEXT('2D SPACE',''
  ) );
#966 = PCURVE('',#967,#972);
#967 = SPHERICAL_SURFACE('',#968,20.);
#968 = AXIS2_PLACEMENT_3D('',#969,#970,#971);
#969 = CARTESIAN_POINT('',(200.,20.,110.));
#970 = DIRECTION('',(-0.,-0.,-1.));
#971 = DIRECTION('',(1.,0.,0.));
#972 = DEFINITIONAL_REPRESENTATION('',(#973),#976);
#973 = B_SPLINE_CURVE_WITH_KNOTS('',1,(#974,#975),.UNSPECIFIED.,.F.,.F.,
  (2,2),(4.712388980385,6.28318530718),.PIECEWISE_BEZIER_KNOTS.);
#974 = CARTESIAN_POINT('',(1.570796326795,-1.570796326795));
#975 = CARTESIAN_POINT('',(1.570796326795,0.));
#976 = ( GEOMETRIC_REPRESENTATION_CONTEXT(2) 
PARAMETRIC_REPRESENTATION_CONTEXT() REPRESENTATION_CONTEXT('2D SPACE',''
  ) );
#977 = ORIENTED_EDGE('',*,*,#526,.F.);
#978 = ADVANCED_FACE('',(#979),#565,.T.);
#979 = FACE_BOUND('',#980,.F.);
#980 = EDGE_LOOP('',(#981,#1011,#1033,#1034));
#981 = ORIENTED_EDGE('',*,*,#982,.F.);
#982 = EDGE_CURVE('',#983,#985,#987,.T.);
#983 = VERTEX_POINT('',#984);
#984 = CARTESIAN_POINT('',(220.,20.,20.));
#985 = VERTEX_POINT('',#986);
#986 = CARTESIAN_POINT('',(220.,20.,110.));
#987 = SURFACE_CURVE('',#988,(#992,#999),.PCURVE_S1.);
#988 = LINE('',#989,#990);
#989 = CARTESIAN_POINT('',(220.,20.,0.));
#990 = VECTOR('',#991,1.);
#991 = DIRECTION('',(0.,0.,1.));
#992 = PCURVE('',#565,#993);
#993 = DEFINITIONAL_REPRESENTATION('',(#994),#998);
#994 = LINE('',#995,#996);
#995 = CARTESIAN_POINT('',(-0.,0.));
#996 = VECTOR('',#997,1.);
#997 = DIRECTION('',(-0.,1.));
#998 = ( GEOMETRIC_REPRESENTATION_CONTEXT(2) 
PARAMETRIC_REPRESENTATION_CONTEXT() REPRESENTATION_CONTEXT('2D SPACE',''
  ) );
#999 = PCURVE('',#1000,#1005);
#1000 = PLANE('',#1001);
#1001 = AXIS2_PLACEMENT_3D('',#1002,#1003,#1004);
#1002 = CARTESIAN_POINT('',(220.,0.,0.));
#1003 = DIRECTION('',(1.,0.,-0.));
#1004 = DIRECTION('',(0.,0.,1.));
#1005 = DEFINITIONAL_REPRESENTATION('',(#1006),#1010);
#1006 = LINE('',#1007,#1008);
#1007 = CARTESIAN_POINT('',(0.,-20.));
#1008 = VECTOR('',#1009,1.);
#1009 = DIRECTION('',(1.,0.));
#1010 = ( GEOMETRIC_REPRESENTATION_CONTEXT(2) 
PARAMETRIC_REPRESENTATION_CONTEXT() REPRESENTATION_CONTEXT('2D SPACE',''
  ) );
#1011 = ORIENTED_EDGE('',*,*,#1012,.T.);
#1012 = EDGE_CURVE('',#983,#550,#1013,.T.);
#1013 = SURFACE_CURVE('',#1014,(#1019,#1026),.PCURVE_S1.);
#1014 = CIRCLE('',#1015,20.);
#1015 = AXIS2_PLACEMENT_3D('',#1016,#1017,#1018);
#1016 = CARTESIAN_POINT('',(200.,20.,20.));
#1017 = DIRECTION('',(0.,-0.,-1.));
#1018 = DIRECTION('',(1.,0.,-0.));
#1019 = PCURVE('',#565,#1020);
#1020 = DEFINITIONAL_REPRESENTATION('',(#1021),#1025);
#1021 = LINE('',#1022,#1023);
#1022 = CARTESIAN_POINT('',(-0.,20.));
#1023 = VECTOR('',#1024,1.);
#1024 = DIRECTION('',(-1.,0.));
#1025 = ( GEOMETRIC_REPRESENTATION_CONTEXT(2) 
PARAMETRIC_REPRESENTATION_CONTEXT() REPRESENTATION_CONTEXT('2D SPACE',''
  ) );
#1026 = PCURVE('',#936,#1027);
#1027 = DEFINITIONAL_REPRESENTATION('',(#1028),#1032);
#1028 = LINE('',#1029,#1030);
#1029 = CARTESIAN_POINT('',(-0.,0.));
#1030 = VECTOR('',#1031,1.);
#1031 = DIRECTION('',(-1.,0.));
#1032 = ( GEOMETRIC_REPRESENTATION_CONTEXT(2) 
PARAMETRIC_REPRESENTATION_CONTEXT() REPRESENTATION_CONTEXT('2D SPACE',''
  ) );
#1033 = ORIENTED_EDGE('',*,*,#549,.T.);
#1034 = ORIENTED_EDGE('',*,*,#1035,.F.);
#1035 = EDGE_CURVE('',#985,#527,#1036,.T.);
#1036 = SURFACE_CURVE('',#1037,(#1042,#1049),.PCURVE_S1.);
#1037 = CIRCLE('',#1038,20.);
#1038 = AXIS2_PLACEMENT_3D('',#1039,#1040,#1041);
#1039 = CARTESIAN_POINT('',(200.,20.,110.));
#1040 = DIRECTION('',(0.,0.,-1.));
#1041 = DIRECTION('',(1.,0.,0.));
#1042 = PCURVE('',#565,#1043);
#1043 = DEFINITIONAL_REPRESENTATION('',(#1044),#1048);
#1044 = LINE('',#1045,#1046);
#1045 = CARTESIAN_POINT('',(-0.,110.));
#1046 = VECTOR('',#1047,1.);
#1047 = DIRECTION('',(-1.,0.));
#1048 = ( GEOMETRIC_REPRESENTATION_CONTEXT(2) 
PARAMETRIC_REPRESENTATION_CONTEXT() REPRESENTATION_CONTEXT('2D SPACE',''
  ) );
#1049 = PCURVE('',#967,#1050);
#1050 = DEFINITIONAL_REPRESENTATION('',(#1051),#1055);
#1051 = LINE('',#1052,#1053);
#1052 = CARTESIAN_POINT('',(0.,0.));
#1053 = VECTOR('',#1054,1.);
#1054 = DIRECTION('',(1.,0.));
#1055 = ( GEOMETRIC_REPRESENTATION_CONTEXT(2) 
PARAMETRIC_REPRESENTATION_CONTEXT() REPRESENTATION_CONTEXT('2D SPACE',''
  ) );
#1056 = ADVANCED_FACE('',(#1057),#667,.T.);
#1057 = FACE_BOUND('',#1058,.F.);
#1058 = EDGE_LOOP('',(#1059,#1060,#1061,#1086));
#1059 = ORIENTED_EDGE('',*,*,#683,.F.);
#1060 = ORIENTED_EDGE('',*,*,#653,.T.);
#1061 = ORIENTED_EDGE('',*,*,#1062,.T.);
#1062 = EDGE_CURVE('',#626,#869,#1063,.T.);
#1063 = SURFACE_CURVE('',#1064,(#1069,#1075),.PCURVE_S1.);
#1064 = CIRCLE('',#1065,20.);
#1065 = AXIS2_PLACEMENT_3D('',#1066,#1067,#1068);
#1066 = CARTESIAN_POINT('',(200.,140.,20.));
#1067 = DIRECTION('',(1.,-6.123233995737E-17,0.));
#1068 = DIRECTION('',(6.123233995737E-17,1.,0.));
#1069 = PCURVE('',#667,#1070);
#1070 = DEFINITIONAL_REPRESENTATION('',(#1071),#1074);
#1071 = B_SPLINE_CURVE_WITH_KNOTS('',1,(#1072,#1073),.UNSPECIFIED.,.F.,
  .F.,(2,2),(4.712388980385,6.28318530718),.PIECEWISE_BEZIER_KNOTS.);
#1072 = CARTESIAN_POINT('',(-1.570796326795,200.));
#1073 = CARTESIAN_POINT('',(0.,200.));
#1074 = ( GEOMETRIC_REPRESENTATION_CONTEXT(2) 
PARAMETRIC_REPRESENTATION_CONTEXT() REPRESENTATION_CONTEXT('2D SPACE',''
  ) );
#1075 = PCURVE('',#1076,#1081);
#1076 = SPHERICAL_SURFACE('',#1077,20.);
#1077 = AXIS2_PLACEMENT_3D('',#1078,#1079,#1080);
#1078 = CARTESIAN_POINT('',(200.,140.,20.));
#1079 = DIRECTION('',(0.,0.,1.));
#1080 = DIRECTION('',(1.,0.,-0.));
#1081 = DEFINITIONAL_REPRESENTATION('',(#1082),#1085);
#1082 = B_SPLINE_CURVE_WITH_KNOTS('',1,(#1083,#1084),.UNSPECIFIED.,.F.,
  .F.,(2,2),(4.712388980385,6.28318530718),.PIECEWISE_BEZIER_KNOTS.);
#1083 = CARTESIAN_POINT('',(1.570796326795,-1.570796326795));
#1084 = CARTESIAN_POINT('',(1.570796326795,0.));
#1085 = ( GEOMETRIC_REPRESENTATION_CONTEXT(2) 
PARAMETRIC_REPRESENTATION_CONTEXT() REPRESENTATION_CONTEXT('2D SPACE',''
  ) );
#1086 = ORIENTED_EDGE('',*,*,#896,.F.);
#1087 = ADVANCED_FACE('',(#1088),#641,.T.);
#1088 = FACE_BOUND('',#1089,.T.);
#1089 = EDGE_LOOP('',(#1090,#1110,#1111,#1133));
#1090 = ORIENTED_EDGE('',*,*,#1091,.F.);
#1091 = EDGE_CURVE('',#603,#983,#1092,.T.);
#1092 = SURFACE_CURVE('',#1093,(#1098,#1104),.PCURVE_S1.);
#1093 = CIRCLE('',#1094,20.);
#1094 = AXIS2_PLACEMENT_3D('',#1095,#1096,#1097);
#1095 = CARTESIAN_POINT('',(200.,20.,20.));
#1096 = DIRECTION('',(0.,-1.,0.));
#1097 = DIRECTION('',(1.,0.,0.));
#1098 = PCURVE('',#641,#1099);
#1099 = DEFINITIONAL_REPRESENTATION('',(#1100),#1103);
#1100 = B_SPLINE_CURVE_WITH_KNOTS('',1,(#1101,#1102),.UNSPECIFIED.,.F.,
  .F.,(2,2),(4.712388980385,6.28318530718),.PIECEWISE_BEZIER_KNOTS.);
#1101 = CARTESIAN_POINT('',(1.570796326795,20.));
#1102 = CARTESIAN_POINT('',(0.,20.));
#1103 = ( GEOMETRIC_REPRESENTATION_CONTEXT(2) 
PARAMETRIC_REPRESENTATION_CONTEXT() REPRESENTATION_CONTEXT('2D SPACE',''
  ) );
#1104 = PCURVE('',#936,#1105);
#1105 = DEFINITIONAL_REPRESENTATION('',(#1106),#1109);
#1106 = B_SPLINE_CURVE_WITH_KNOTS('',1,(#1107,#1108),.UNSPECIFIED.,.F.,
  .F.,(2,2),(4.712388980385,6.28318530718),.PIECEWISE_BEZIER_KNOTS.);
#1107 = CARTESIAN_POINT('',(0.,-1.570796326795));
#1108 = CARTESIAN_POINT('',(0.,0.));
#1109 = ( GEOMETRIC_REPRESENTATION_CONTEXT(2) 
PARAMETRIC_REPRESENTATION_CONTEXT() REPRESENTATION_CONTEXT('2D SPACE',''
  ) );
#1110 = ORIENTED_EDGE('',*,*,#625,.T.);
#1111 = ORIENTED_EDGE('',*,*,#1112,.T.);
#1112 = EDGE_CURVE('',#626,#1113,#1115,.T.);
#1113 = VERTEX_POINT('',#1114);
#1114 = CARTESIAN_POINT('',(220.,140.,20.));
#1115 = SURFACE_CURVE('',#1116,(#1121,#1127),.PCURVE_S1.);
#1116 = CIRCLE('',#1117,20.);
#1117 = AXIS2_PLACEMENT_3D('',#1118,#1119,#1120);
#1118 = CARTESIAN_POINT('',(200.,140.,20.));
#1119 = DIRECTION('',(0.,-1.,0.));
#1120 = DIRECTION('',(1.,0.,0.));
#1121 = PCURVE('',#641,#1122);
#1122 = DEFINITIONAL_REPRESENTATION('',(#1123),#1126);
#1123 = B_SPLINE_CURVE_WITH_KNOTS('',1,(#1124,#1125),.UNSPECIFIED.,.F.,
  .F.,(2,2),(4.712388980385,6.28318530718),.PIECEWISE_BEZIER_KNOTS.);
#1124 = CARTESIAN_POINT('',(1.570796326795,140.));
#1125 = CARTESIAN_POINT('',(0.,140.));
#1126 = ( GEOMETRIC_REPRESENTATION_CONTEXT(2) 
PARAMETRIC_REPRESENTATION_CONTEXT() REPRESENTATION_CONTEXT('2D SPACE',''
  ) );
#1127 = PCURVE('',#1076,#1128);
#1128 = DEFINITIONAL_REPRESENTATION('',(#1129),#1132);
#1129 = B_SPLINE_CURVE_WITH_KNOTS('',1,(#1130,#1131),.UNSPECIFIED.,.F.,
  .F.,(2,2),(4.712388980385,6.28318530718),.PIECEWISE_BEZIER_KNOTS.);
#1130 = CARTESIAN_POINT('',(0.,-1.570796326795));
#1131 = CARTESIAN_POINT('',(0.,0.));
#1132 = ( GEOMETRIC_REPRESENTATION_CONTEXT(2) 
PARAMETRIC_REPRESENTATION_CONTEXT() REPRESENTATION_CONTEXT('2D SPACE',''
  ) );
#1133 = ORIENTED_EDGE('',*,*,#1134,.F.);
#1134 = EDGE_CURVE('',#983,#1113,#1135,.T.);
#1135 = SURFACE_CURVE('',#1136,(#1140,#1147),.PCURVE_S1.);
#1136 = LINE('',#1137,#1138);
#1137 = CARTESIAN_POINT('',(220.,0.,20.));
#1138 = VECTOR('',#1139,1.);
#1139 = DIRECTION('',(-0.,1.,0.));
#1140 = PCURVE('',#641,#1141);
#1141 = DEFINITIONAL_REPRESENTATION('',(#1142),#1146);
#1142 = LINE('',#1143,#1144);
#1143 = CARTESIAN_POINT('',(0.,0.));
#1144 = VECTOR('',#1145,1.);
#1145 = DIRECTION('',(0.,1.));
#1146 = ( GEOMETRIC_REPRESENTATION_CONTEXT(2) 
PARAMETRIC_REPRESENTATION_CONTEXT() REPRESENTATION_CONTEXT('2D SPACE',''
  ) );
#1147 = PCURVE('',#1000,#1148);
#1148 = DEFINITIONAL_REPRESENTATION('',(#1149),#1153);
#1149 = LINE('',#1150,#1151);
#1150 = CARTESIAN_POINT('',(20.,0.));
#1151 = VECTOR('',#1152,1.);
#1152 = DIRECTION('',(0.,-1.));
#1153 = ( GEOMETRIC_REPRESENTATION_CONTEXT(2) 
PARAMETRIC_REPRESENTATION_CONTEXT() REPRESENTATION_CONTEXT('2D SPACE',''
  ) );
#1154 = ADVANCED_FACE('',(#1155),#773,.T.);
#1155 = FACE_BOUND('',#1156,.T.);
#1156 = EDGE_LOOP('',(#1157,#1158,#1159,#1184));
#1157 = ORIENTED_EDGE('',*,*,#820,.T.);
#1158 = ORIENTED_EDGE('',*,*,#759,.T.);
#1159 = ORIENTED_EDGE('',*,*,#1160,.F.);
#1160 = EDGE_CURVE('',#846,#732,#1161,.T.);
#1161 = SURFACE_CURVE('',#1162,(#1167,#1173),.PCURVE_S1.);
#1162 = CIRCLE('',#1163,20.);
#1163 = AXIS2_PLACEMENT_3D('',#1164,#1165,#1166);
#1164 = CARTESIAN_POINT('',(200.,140.,110.));
#1165 = DIRECTION('',(1.,0.,-6.123233995737E-17));
#1166 = DIRECTION('',(6.123233995737E-17,0.,1.));
#1167 = PCURVE('',#773,#1168);
#1168 = DEFINITIONAL_REPRESENTATION('',(#1169),#1172);
#1169 = B_SPLINE_CURVE_WITH_KNOTS('',1,(#1170,#1171),.UNSPECIFIED.,.F.,
  .F.,(2,2),(4.712388980385,6.28318530718),.PIECEWISE_BEZIER_KNOTS.);
#1170 = CARTESIAN_POINT('',(0.,200.));
#1171 = CARTESIAN_POINT('',(1.570796326795,200.));
#1172 = ( GEOMETRIC_REPRESENTATION_CONTEXT(2) 
PARAMETRIC_REPRESENTATION_CONTEXT() REPRESENTATION_CONTEXT('2D SPACE',''
  ) );
#1173 = PCURVE('',#1174,#1179);
#1174 = SPHERICAL_SURFACE('',#1175,20.);
#1175 = AXIS2_PLACEMENT_3D('',#1176,#1177,#1178);
#1176 = CARTESIAN_POINT('',(200.,140.,110.));
#1177 = DIRECTION('',(0.,-1.,-0.));
#1178 = DIRECTION('',(1.,0.,0.));
#1179 = DEFINITIONAL_REPRESENTATION('',(#1180),#1183);
#1180 = B_SPLINE_CURVE_WITH_KNOTS('',1,(#1181,#1182),.UNSPECIFIED.,.F.,
  .F.,(2,2),(4.712388980385,6.28318530718),.PIECEWISE_BEZIER_KNOTS.);
#1181 = CARTESIAN_POINT('',(1.570796326795,-1.570796326795));
#1182 = CARTESIAN_POINT('',(1.570796326795,0.));
#1183 = ( GEOMETRIC_REPRESENTATION_CONTEXT(2) 
PARAMETRIC_REPRESENTATION_CONTEXT() REPRESENTATION_CONTEXT('2D SPACE',''
  ) );
#1184 = ORIENTED_EDGE('',*,*,#845,.F.);
#1185 = ADVANCED_FACE('',(#1186),#747,.T.);
#1186 = FACE_BOUND('',#1187,.F.);
#1187 = EDGE_LOOP('',(#1188,#1208,#1209,#1233));
#1188 = ORIENTED_EDGE('',*,*,#1189,.F.);
#1189 = EDGE_CURVE('',#709,#985,#1190,.T.);
#1190 = SURFACE_CURVE('',#1191,(#1196,#1202),.PCURVE_S1.);
#1191 = CIRCLE('',#1192,20.);
#1192 = AXIS2_PLACEMENT_3D('',#1193,#1194,#1195);
#1193 = CARTESIAN_POINT('',(200.,20.,110.));
#1194 = DIRECTION('',(-0.,1.,0.));
#1195 = DIRECTION('',(1.,0.,0.));
#1196 = PCURVE('',#747,#1197);
#1197 = DEFINITIONAL_REPRESENTATION('',(#1198),#1201);
#1198 = B_SPLINE_CURVE_WITH_KNOTS('',1,(#1199,#1200),.UNSPECIFIED.,.F.,
  .F.,(2,2),(4.712388980385,6.28318530718),.PIECEWISE_BEZIER_KNOTS.);
#1199 = CARTESIAN_POINT('',(-1.570796326795,20.));
#1200 = CARTESIAN_POINT('',(0.,20.));
#1201 = ( GEOMETRIC_REPRESENTATION_CONTEXT(2) 
PARAMETRIC_REPRESENTATION_CONTEXT() REPRESENTATION_CONTEXT('2D SPACE',''
  ) );
#1202 = PCURVE('',#967,#1203);
#1203 = DEFINITIONAL_REPRESENTATION('',(#1204),#1207);
#1204 = B_SPLINE_CURVE_WITH_KNOTS('',1,(#1205,#1206),.UNSPECIFIED.,.F.,
  .F.,(2,2),(4.712388980385,6.28318530718),.PIECEWISE_BEZIER_KNOTS.);
#1205 = CARTESIAN_POINT('',(0.,-1.570796326795));
#1206 = CARTESIAN_POINT('',(0.,0.));
#1207 = ( GEOMETRIC_REPRESENTATION_CONTEXT(2) 
PARAMETRIC_REPRESENTATION_CONTEXT() REPRESENTATION_CONTEXT('2D SPACE',''
  ) );
#1208 = ORIENTED_EDGE('',*,*,#731,.T.);
#1209 = ORIENTED_EDGE('',*,*,#1210,.F.);
#1210 = EDGE_CURVE('',#1211,#732,#1213,.T.);
#1211 = VERTEX_POINT('',#1212);
#1212 = CARTESIAN_POINT('',(220.,140.,110.));
#1213 = SURFACE_CURVE('',#1214,(#1219,#1226),.PCURVE_S1.);
#1214 = CIRCLE('',#1215,20.);
#1215 = AXIS2_PLACEMENT_3D('',#1216,#1217,#1218);
#1216 = CARTESIAN_POINT('',(200.,140.,110.));
#1217 = DIRECTION('',(0.,-1.,-0.));
#1218 = DIRECTION('',(1.,0.,0.));
#1219 = PCURVE('',#747,#1220);
#1220 = DEFINITIONAL_REPRESENTATION('',(#1221),#1225);
#1221 = LINE('',#1222,#1223);
#1222 = CARTESIAN_POINT('',(-0.,140.));
#1223 = VECTOR('',#1224,1.);
#1224 = DIRECTION('',(-1.,0.));
#1225 = ( GEOMETRIC_REPRESENTATION_CONTEXT(2) 
PARAMETRIC_REPRESENTATION_CONTEXT() REPRESENTATION_CONTEXT('2D SPACE',''
  ) );
#1226 = PCURVE('',#1174,#1227);
#1227 = DEFINITIONAL_REPRESENTATION('',(#1228),#1232);
#1228 = LINE('',#1229,#1230);
#1229 = CARTESIAN_POINT('',(0.,0.));
#1230 = VECTOR('',#1231,1.);
#1231 = DIRECTION('',(1.,0.));
#1232 = ( GEOMETRIC_REPRESENTATION_CONTEXT(2) 
PARAMETRIC_REPRESENTATION_CONTEXT() REPRESENTATION_CONTEXT('2D SPACE',''
  ) );
#1233 = ORIENTED_EDGE('',*,*,#1234,.F.);
#1234 = EDGE_CURVE('',#985,#1211,#1235,.T.);
#1235 = SURFACE_CURVE('',#1236,(#1240,#1247),.PCURVE_S1.);
#1236 = LINE('',#1237,#1238);
#1237 = CARTESIAN_POINT('',(220.,0.,110.));
#1238 = VECTOR('',#1239,1.);
#1239 = DIRECTION('',(-0.,1.,0.));
#1240 = PCURVE('',#747,#1241);
#1241 = DEFINITIONAL_REPRESENTATION('',(#1242),#1246);
#1242 = LINE('',#1243,#1244);
#1243 = CARTESIAN_POINT('',(-0.,0.));
#1244 = VECTOR('',#1245,1.);
#1245 = DIRECTION('',(-0.,1.));
#1246 = ( GEOMETRIC_REPRESENTATION_CONTEXT(2) 
PARAMETRIC_REPRESENTATION_CONTEXT() REPRESENTATION_CONTEXT('2D SPACE',''
  ) );
#1247 = PCURVE('',#1000,#1248);
#1248 = DEFINITIONAL_REPRESENTATION('',(#1249),#1253);
#1249 = LINE('',#1250,#1251);
#1250 = CARTESIAN_POINT('',(110.,0.));
#1251 = VECTOR('',#1252,1.);
#1252 = DIRECTION('',(0.,-1.));
#1253 = ( GEOMETRIC_REPRESENTATION_CONTEXT(2) 
PARAMETRIC_REPRESENTATION_CONTEXT() REPRESENTATION_CONTEXT('2D SPACE',''
  ) );
#1254 = ADVANCED_FACE('',(#1255),#804,.T.);
#1255 = FACE_BOUND('',#1256,.T.);
#1256 = EDGE_LOOP('',(#1257,#1280,#1307,#1308));
#1257 = ORIENTED_EDGE('',*,*,#1258,.T.);
#1258 = EDGE_CURVE('',#788,#1259,#1261,.T.);
#1259 = VERTEX_POINT('',#1260);
#1260 = CARTESIAN_POINT('',(80.,80.,165.));
#1261 = SEAM_CURVE('',#1262,(#1266,#1273),.PCURVE_S1.);
#1262 = LINE('',#1263,#1264);
#1263 = CARTESIAN_POINT('',(80.,80.,125.));
#1264 = VECTOR('',#1265,1.);
#1265 = DIRECTION('',(0.,0.,1.));
#1266 = PCURVE('',#804,#1267);
#1267 = DEFINITIONAL_REPRESENTATION('',(#1268),#1272);
#1268 = LINE('',#1269,#1270);
#1269 = CARTESIAN_POINT('',(6.28318530718,-0.));
#1270 = VECTOR('',#1271,1.);
#1271 = DIRECTION('',(0.,1.));
#1272 = ( GEOMETRIC_REPRESENTATION_CONTEXT(2) 
PARAMETRIC_REPRESENTATION_CONTEXT() REPRESENTATION_CONTEXT('2D SPACE',''
  ) );
#1273 = PCURVE('',#804,#1274);
#1274 = DEFINITIONAL_REPRESENTATION('',(#1275),#1279);
#1275 = LINE('',#1276,#1277);
#1276 = CARTESIAN_POINT('',(0.,-0.));
#1277 = VECTOR('',#1278,1.);
#1278 = DIRECTION('',(0.,1.));
#1279 = ( GEOMETRIC_REPRESENTATION_CONTEXT(2) 
PARAMETRIC_REPRESENTATION_CONTEXT() REPRESENTATION_CONTEXT('2D SPACE',''
  ) );
#1280 = ORIENTED_EDGE('',*,*,#1281,.F.);
#1281 = EDGE_CURVE('',#1259,#1259,#1282,.T.);
#1282 = SURFACE_CURVE('',#1283,(#1288,#1295),.PCURVE_S1.);
#1283 = CIRCLE('',#1284,20.);
#1284 = AXIS2_PLACEMENT_3D('',#1285,#1286,#1287);
#1285 = CARTESIAN_POINT('',(60.,80.,165.));
#1286 = DIRECTION('',(0.,0.,1.));
#1287 = DIRECTION('',(1.,0.,-0.));
#1288 = PCURVE('',#804,#1289);
#1289 = DEFINITIONAL_REPRESENTATION('',(#1290),#1294);
#1290 = LINE('',#1291,#1292);
#1291 = CARTESIAN_POINT('',(0.,40.));
#1292 = VECTOR('',#1293,1.);
#1293 = DIRECTION('',(1.,0.));
#1294 = ( GEOMETRIC_REPRESENTATION_CONTEXT(2) 
PARAMETRIC_REPRESENTATION_CONTEXT() REPRESENTATION_CONTEXT('2D SPACE',''
  ) );
#1295 = PCURVE('',#1296,#1301);
#1296 = PLANE('',#1297);
#1297 = AXIS2_PLACEMENT_3D('',#1298,#1299,#1300);
#1298 = CARTESIAN_POINT('',(60.,80.,165.));
#1299 = DIRECTION('',(0.,0.,1.));
#1300 = DIRECTION('',(1.,0.,-0.));
#1301 = DEFINITIONAL_REPRESENTATION('',(#1302),#1306);
#1302 = CIRCLE('',#1303,20.);
#1303 = AXIS2_PLACEMENT_2D('',#1304,#1305);
#1304 = CARTESIAN_POINT('',(0.,0.));
#1305 = DIRECTION('',(1.,0.));
#1306 = ( GEOMETRIC_REPRESENTATION_CONTEXT(2) 
PARAMETRIC_REPRESENTATION_CONTEXT() REPRESENTATION_CONTEXT('2D SPACE',''
  ) );
#1307 = ORIENTED_EDGE('',*,*,#1258,.F.);
#1308 = ORIENTED_EDGE('',*,*,#787,.T.);
#1309 = ADVANCED_FACE('',(#1310),#884,.T.);
#1310 = FACE_BOUND('',#1311,.T.);
#1311 = EDGE_LOOP('',(#1312,#1333,#1355,#1356));
#1312 = ORIENTED_EDGE('',*,*,#1313,.F.);
#1313 = EDGE_CURVE('',#1113,#1211,#1314,.T.);
#1314 = SURFACE_CURVE('',#1315,(#1319,#1326),.PCURVE_S1.);
#1315 = LINE('',#1316,#1317);
#1316 = CARTESIAN_POINT('',(220.,140.,0.));
#1317 = VECTOR('',#1318,1.);
#1318 = DIRECTION('',(0.,0.,1.));
#1319 = PCURVE('',#884,#1320);
#1320 = DEFINITIONAL_REPRESENTATION('',(#1321),#1325);
#1321 = LINE('',#1322,#1323);
#1322 = CARTESIAN_POINT('',(0.,0.));
#1323 = VECTOR('',#1324,1.);
#1324 = DIRECTION('',(0.,1.));
#1325 = ( GEOMETRIC_REPRESENTATION_CONTEXT(2) 
PARAMETRIC_REPRESENTATION_CONTEXT() REPRESENTATION_CONTEXT('2D SPACE',''
  ) );
#1326 = PCURVE('',#1000,#1327);
#1327 = DEFINITIONAL_REPRESENTATION('',(#1328),#1332);
#1328 = LINE('',#1329,#1330);
#1329 = CARTESIAN_POINT('',(0.,-140.));
#1330 = VECTOR('',#1331,1.);
#1331 = DIRECTION('',(1.,0.));
#1332 = ( GEOMETRIC_REPRESENTATION_CONTEXT(2) 
PARAMETRIC_REPRESENTATION_CONTEXT() REPRESENTATION_CONTEXT('2D SPACE',''
  ) );
#1333 = ORIENTED_EDGE('',*,*,#1334,.T.);
#1334 = EDGE_CURVE('',#1113,#869,#1335,.T.);
#1335 = SURFACE_CURVE('',#1336,(#1341,#1348),.PCURVE_S1.);
#1336 = CIRCLE('',#1337,20.);
#1337 = AXIS2_PLACEMENT_3D('',#1338,#1339,#1340);
#1338 = CARTESIAN_POINT('',(200.,140.,20.));
#1339 = DIRECTION('',(0.,0.,1.));
#1340 = DIRECTION('',(1.,0.,-0.));
#1341 = PCURVE('',#884,#1342);
#1342 = DEFINITIONAL_REPRESENTATION('',(#1343),#1347);
#1343 = LINE('',#1344,#1345);
#1344 = CARTESIAN_POINT('',(0.,20.));
#1345 = VECTOR('',#1346,1.);
#1346 = DIRECTION('',(1.,0.));
#1347 = ( GEOMETRIC_REPRESENTATION_CONTEXT(2) 
PARAMETRIC_REPRESENTATION_CONTEXT() REPRESENTATION_CONTEXT('2D SPACE',''
  ) );
#1348 = PCURVE('',#1076,#1349);
#1349 = DEFINITIONAL_REPRESENTATION('',(#1350),#1354);
#1350 = LINE('',#1351,#1352);
#1351 = CARTESIAN_POINT('',(0.,0.));
#1352 = VECTOR('',#1353,1.);
#1353 = DIRECTION('',(1.,0.));
#1354 = ( GEOMETRIC_REPRESENTATION_CONTEXT(2) 
PARAMETRIC_REPRESENTATION_CONTEXT() REPRESENTATION_CONTEXT('2D SPACE',''
  ) );
#1355 = ORIENTED_EDGE('',*,*,#868,.T.);
#1356 = ORIENTED_EDGE('',*,*,#1357,.T.);
#1357 = EDGE_CURVE('',#846,#1211,#1358,.T.);
#1358 = SURFACE_CURVE('',#1359,(#1364,#1370),.PCURVE_S1.);
#1359 = CIRCLE('',#1360,20.);
#1360 = AXIS2_PLACEMENT_3D('',#1361,#1362,#1363);
#1361 = CARTESIAN_POINT('',(200.,140.,110.));
#1362 = DIRECTION('',(0.,0.,-1.));
#1363 = DIRECTION('',(1.,0.,0.));
#1364 = PCURVE('',#884,#1365);
#1365 = DEFINITIONAL_REPRESENTATION('',(#1366),#1369);
#1366 = B_SPLINE_CURVE_WITH_KNOTS('',1,(#1367,#1368),.UNSPECIFIED.,.F.,
  .F.,(2,2),(4.712388980385,6.28318530718),.PIECEWISE_BEZIER_KNOTS.);
#1367 = CARTESIAN_POINT('',(1.570796326795,110.));
#1368 = CARTESIAN_POINT('',(0.,110.));
#1369 = ( GEOMETRIC_REPRESENTATION_CONTEXT(2) 
PARAMETRIC_REPRESENTATION_CONTEXT() REPRESENTATION_CONTEXT('2D SPACE',''
  ) );
#1370 = PCURVE('',#1174,#1371);
#1371 = DEFINITIONAL_REPRESENTATION('',(#1372),#1375);
#1372 = B_SPLINE_CURVE_WITH_KNOTS('',1,(#1373,#1374),.UNSPECIFIED.,.F.,
  .F.,(2,2),(4.712388980385,6.28318530718),.PIECEWISE_BEZIER_KNOTS.);
#1373 = CARTESIAN_POINT('',(0.,-1.570796326795));
#1374 = CARTESIAN_POINT('',(0.,0.));
#1375 = ( GEOMETRIC_REPRESENTATION_CONTEXT(2) 
PARAMETRIC_REPRESENTATION_CONTEXT() REPRESENTATION_CONTEXT('2D SPACE',''
  ) );
#1376 = ADVANCED_FACE('',(#1377),#936,.T.);
#1377 = FACE_BOUND('',#1378,.F.);
#1378 = EDGE_LOOP('',(#1379,#1380,#1381));
#1379 = ORIENTED_EDGE('',*,*,#1091,.F.);
#1380 = ORIENTED_EDGE('',*,*,#922,.T.);
#1381 = ORIENTED_EDGE('',*,*,#1012,.F.);
#1382 = ADVANCED_FACE('',(#1383),#967,.T.);
#1383 = FACE_BOUND('',#1384,.T.);
#1384 = EDGE_LOOP('',(#1385,#1386,#1387));
#1385 = ORIENTED_EDGE('',*,*,#1189,.F.);
#1386 = ORIENTED_EDGE('',*,*,#953,.T.);
#1387 = ORIENTED_EDGE('',*,*,#1035,.F.);
#1388 = ADVANCED_FACE('',(#1389),#1000,.T.);
#1389 = FACE_BOUND('',#1390,.T.);
#1390 = EDGE_LOOP('',(#1391,#1392,#1393,#1394));
#1391 = ORIENTED_EDGE('',*,*,#982,.F.);
#1392 = ORIENTED_EDGE('',*,*,#1134,.T.);
#1393 = ORIENTED_EDGE('',*,*,#1313,.T.);
#1394 = ORIENTED_EDGE('',*,*,#1234,.F.);
#1395 = ADVANCED_FACE('',(#1396),#1076,.T.);
#1396 = FACE_BOUND('',#1397,.T.);
#1397 = EDGE_LOOP('',(#1398,#1399,#1400));
#1398 = ORIENTED_EDGE('',*,*,#1112,.F.);
#1399 = ORIENTED_EDGE('',*,*,#1062,.T.);
#1400 = ORIENTED_EDGE('',*,*,#1334,.F.);
#1401 = ADVANCED_FACE('',(#1402),#1174,.T.);
#1402 = FACE_BOUND('',#1403,.T.);
#1403 = EDGE_LOOP('',(#1404,#1405,#1406));
#1404 = ORIENTED_EDGE('',*,*,#1357,.F.);
#1405 = ORIENTED_EDGE('',*,*,#1160,.T.);
#1406 = ORIENTED_EDGE('',*,*,#1210,.F.);
#1407 = ADVANCED_FACE('',(#1408,#1411),#1296,.T.);
#1408 = FACE_BOUND('',#1409,.T.);
#1409 = EDGE_LOOP('',(#1410));
#1410 = ORIENTED_EDGE('',*,*,#1281,.T.);
#1411 = FACE_BOUND('',#1412,.T.);
#1412 = EDGE_LOOP('',(#1413));
#1413 = ORIENTED_EDGE('',*,*,#1414,.F.);
#1414 = EDGE_CURVE('',#1415,#1415,#1417,.T.);
#1415 = VERTEX_POINT('',#1416);
#1416 = CARTESIAN_POINT('',(77.5,80.,165.));
#1417 = SURFACE_CURVE('',#1418,(#1423,#1430),.PCURVE_S1.);
#1418 = CIRCLE('',#1419,17.5);
#1419 = AXIS2_PLACEMENT_3D('',#1420,#1421,#1422);
#1420 = CARTESIAN_POINT('',(60.,80.,165.));
#1421 = DIRECTION('',(0.,0.,1.));
#1422 = DIRECTION('',(1.,0.,-0.));
#1423 = PCURVE('',#1296,#1424);
#1424 = DEFINITIONAL_REPRESENTATION('',(#1425),#1429);
#1425 = CIRCLE('',#1426,17.5);
#1426 = AXIS2_PLACEMENT_2D('',#1427,#1428);
#1427 = CARTESIAN_POINT('',(0.,0.));
#1428 = DIRECTION('',(1.,0.));
#1429 = ( GEOMETRIC_REPRESENTATION_CONTEXT(2) 
PARAMETRIC_REPRESENTATION_CONTEXT() REPRESENTATION_CONTEXT('2D SPACE',''
  ) );
#1430 = PCURVE('',#1431,#1436);
#1431 = CYLINDRICAL_SURFACE('',#1432,17.5);
#1432 = AXIS2_PLACEMENT_3D('',#1433,#1434,#1435);
#1433 = CARTESIAN_POINT('',(60.,80.,120.));
#1434 = DIRECTION('',(0.,0.,1.));
#1435 = DIRECTION('',(1.,0.,-0.));
#1436 = DEFINITIONAL_REPRESENTATION('',(#1437),#1441);
#1437 = LINE('',#1438,#1439);
#1438 = CARTESIAN_POINT('',(0.,45.));
#1439 = VECTOR('',#1440,1.);
#1440 = DIRECTION('',(1.,0.));
#1441 = ( GEOMETRIC_REPRESENTATION_CONTEXT(2) 
PARAMETRIC_REPRESENTATION_CONTEXT() REPRESENTATION_CONTEXT('2D SPACE',''
  ) );
#1442 = ADVANCED_FACE('',(#1443),#1431,.F.);
#1443 = FACE_BOUND('',#1444,.F.);
#1444 = EDGE_LOOP('',(#1445,#1468,#1469,#1470));
#1445 = ORIENTED_EDGE('',*,*,#1446,.T.);
#1446 = EDGE_CURVE('',#1447,#1415,#1449,.T.);
#1447 = VERTEX_POINT('',#1448);
#1448 = CARTESIAN_POINT('',(77.5,80.,130.));
#1449 = SEAM_CURVE('',#1450,(#1454,#1461),.PCURVE_S1.);
#1450 = LINE('',#1451,#1452);
#1451 = CARTESIAN_POINT('',(77.5,80.,120.));
#1452 = VECTOR('',#1453,1.);
#1453 = DIRECTION('',(0.,0.,1.));
#1454 = PCURVE('',#1431,#1455);
#1455 = DEFINITIONAL_REPRESENTATION('',(#1456),#1460);
#1456 = LINE('',#1457,#1458);
#1457 = CARTESIAN_POINT('',(6.28318530718,-0.));
#1458 = VECTOR('',#1459,1.);
#1459 = DIRECTION('',(0.,1.));
#1460 = ( GEOMETRIC_REPRESENTATION_CONTEXT(2) 
PARAMETRIC_REPRESENTATION_CONTEXT() REPRESENTATION_CONTEXT('2D SPACE',''
  ) );
#1461 = PCURVE('',#1431,#1462);
#1462 = DEFINITIONAL_REPRESENTATION('',(#1463),#1467);
#1463 = LINE('',#1464,#1465);
#1464 = CARTESIAN_POINT('',(0.,-0.));
#1465 = VECTOR('',#1466,1.);
#1466 = DIRECTION('',(0.,1.));
#1467 = ( GEOMETRIC_REPRESENTATION_CONTEXT(2) 
PARAMETRIC_REPRESENTATION_CONTEXT() REPRESENTATION_CONTEXT('2D SPACE',''
  ) );
#1468 = ORIENTED_EDGE('',*,*,#1414,.F.);
#1469 = ORIENTED_EDGE('',*,*,#1446,.F.);
#1470 = ORIENTED_EDGE('',*,*,#1471,.T.);
#1471 = EDGE_CURVE('',#1447,#1447,#1472,.T.);
#1472 = SURFACE_CURVE('',#1473,(#1478,#1485),.PCURVE_S1.);
#1473 = CIRCLE('',#1474,17.5);
#1474 = AXIS2_PLACEMENT_3D('',#1475,#1476,#1477);
#1475 = CARTESIAN_POINT('',(60.,80.,130.));
#1476 = DIRECTION('',(0.,0.,1.));
#1477 = DIRECTION('',(1.,0.,-0.));
#1478 = PCURVE('',#1431,#1479);
#1479 = DEFINITIONAL_REPRESENTATION('',(#1480),#1484);
#1480 = LINE('',#1481,#1482);
#1481 = CARTESIAN_POINT('',(0.,10.));
#1482 = VECTOR('',#1483,1.);
#1483 = DIRECTION('',(1.,0.));
#1484 = ( GEOMETRIC_REPRESENTATION_CONTEXT(2) 
PARAMETRIC_REPRESENTATION_CONTEXT() REPRESENTATION_CONTEXT('2D SPACE',''
  ) );
#1485 = PCURVE('',#1486,#1491);
#1486 = CYLINDRICAL_SURFACE('',#1487,17.5);
#1487 = AXIS2_PLACEMENT_3D('',#1488,#1489,#1490);
#1488 = CARTESIAN_POINT('',(60.,80.,120.));
#1489 = DIRECTION('',(0.,0.,1.));
#1490 = DIRECTION('',(1.,0.,-0.));
#1491 = DEFINITIONAL_REPRESENTATION('',(#1492),#1496);
#1492 = LINE('',#1493,#1494);
#1493 = CARTESIAN_POINT('',(0.,10.));
#1494 = VECTOR('',#1495,1.);
#1495 = DIRECTION('',(1.,0.));
#1496 = ( GEOMETRIC_REPRESENTATION_CONTEXT(2) 
PARAMETRIC_REPRESENTATION_CONTEXT() REPRESENTATION_CONTEXT('2D SPACE',''
  ) );
#1497 = ADVANCED_FACE('',(#1498),#1486,.F.);
#1498 = FACE_BOUND('',#1499,.F.);
#1499 = EDGE_LOOP('',(#1500,#1501,#1524,#1551));
#1500 = ORIENTED_EDGE('',*,*,#1471,.F.);
#1501 = ORIENTED_EDGE('',*,*,#1502,.F.);
#1502 = EDGE_CURVE('',#1503,#1447,#1505,.T.);
#1503 = VERTEX_POINT('',#1504);
#1504 = CARTESIAN_POINT('',(77.5,80.,127.5));
#1505 = SEAM_CURVE('',#1506,(#1510,#1517),.PCURVE_S1.);
#1506 = LINE('',#1507,#1508);
#1507 = CARTESIAN_POINT('',(77.5,80.,120.));
#1508 = VECTOR('',#1509,1.);
#1509 = DIRECTION('',(0.,0.,1.));
#1510 = PCURVE('',#1486,#1511);
#1511 = DEFINITIONAL_REPRESENTATION('',(#1512),#1516);
#1512 = LINE('',#1513,#1514);
#1513 = CARTESIAN_POINT('',(6.28318530718,-0.));
#1514 = VECTOR('',#1515,1.);
#1515 = DIRECTION('',(0.,1.));
#1516 = ( GEOMETRIC_REPRESENTATION_CONTEXT(2) 
PARAMETRIC_REPRESENTATION_CONTEXT() REPRESENTATION_CONTEXT('2D SPACE',''
  ) );
#1517 = PCURVE('',#1486,#1518);
#1518 = DEFINITIONAL_REPRESENTATION('',(#1519),#1523);
#1519 = LINE('',#1520,#1521);
#1520 = CARTESIAN_POINT('',(0.,-0.));
#1521 = VECTOR('',#1522,1.);
#1522 = DIRECTION('',(0.,1.));
#1523 = ( GEOMETRIC_REPRESENTATION_CONTEXT(2) 
PARAMETRIC_REPRESENTATION_CONTEXT() REPRESENTATION_CONTEXT('2D SPACE',''
  ) );
#1524 = ORIENTED_EDGE('',*,*,#1525,.T.);
#1525 = EDGE_CURVE('',#1503,#1503,#1526,.T.);
#1526 = SURFACE_CURVE('',#1527,(#1532,#1539),.PCURVE_S1.);
#1527 = CIRCLE('',#1528,17.5);
#1528 = AXIS2_PLACEMENT_3D('',#1529,#1530,#1531);
#1529 = CARTESIAN_POINT('',(60.,80.,127.5));
#1530 = DIRECTION('',(0.,0.,1.));
#1531 = DIRECTION('',(1.,0.,-0.));
#1532 = PCURVE('',#1486,#1533);
#1533 = DEFINITIONAL_REPRESENTATION('',(#1534),#1538);
#1534 = LINE('',#1535,#1536);
#1535 = CARTESIAN_POINT('',(0.,7.5));
#1536 = VECTOR('',#1537,1.);
#1537 = DIRECTION('',(1.,0.));
#1538 = ( GEOMETRIC_REPRESENTATION_CONTEXT(2) 
PARAMETRIC_REPRESENTATION_CONTEXT() REPRESENTATION_CONTEXT('2D SPACE',''
  ) );
#1539 = PCURVE('',#1540,#1545);
#1540 = CYLINDRICAL_SURFACE('',#1541,17.5);
#1541 = AXIS2_PLACEMENT_3D('',#1542,#1543,#1544);
#1542 = CARTESIAN_POINT('',(60.,80.,120.));
#1543 = DIRECTION('',(0.,0.,1.));
#1544 = DIRECTION('',(1.,0.,-0.));
#1545 = DEFINITIONAL_REPRESENTATION('',(#1546),#1550);
#1546 = LINE('',#1547,#1548);
#1547 = CARTESIAN_POINT('',(0.,7.5));
#1548 = VECTOR('',#1549,1.);
#1549 = DIRECTION('',(1.,0.));
#1550 = ( GEOMETRIC_REPRESENTATION_CONTEXT(2) 
PARAMETRIC_REPRESENTATION_CONTEXT() REPRESENTATION_CONTEXT('2D SPACE',''
  ) );
#1551 = ORIENTED_EDGE('',*,*,#1502,.T.);
#1552 = ADVANCED_FACE('',(#1553),#1540,.F.);
#1553 = FACE_BOUND('',#1554,.F.);
#1554 = EDGE_LOOP('',(#1555,#1556,#1579,#1606));
#1555 = ORIENTED_EDGE('',*,*,#1525,.F.);
#1556 = ORIENTED_EDGE('',*,*,#1557,.F.);
#1557 = EDGE_CURVE('',#1558,#1503,#1560,.T.);
#1558 = VERTEX_POINT('',#1559);
#1559 = CARTESIAN_POINT('',(77.5,80.,125.));
#1560 = SEAM_CURVE('',#1561,(#1565,#1572),.PCURVE_S1.);
#1561 = LINE('',#1562,#1563);
#1562 = CARTESIAN_POINT('',(77.5,80.,120.));
#1563 = VECTOR('',#1564,1.);
#1564 = DIRECTION('',(0.,0.,1.));
#1565 = PCURVE('',#1540,#1566);
#1566 = DEFINITIONAL_REPRESENTATION('',(#1567),#1571);
#1567 = LINE('',#1568,#1569);
#1568 = CARTESIAN_POINT('',(6.28318530718,-0.));
#1569 = VECTOR('',#1570,1.);
#1570 = DIRECTION('',(0.,1.));
#1571 = ( GEOMETRIC_REPRESENTATION_CONTEXT(2) 
PARAMETRIC_REPRESENTATION_CONTEXT() REPRESENTATION_CONTEXT('2D SPACE',''
  ) );
#1572 = PCURVE('',#1540,#1573);
#1573 = DEFINITIONAL_REPRESENTATION('',(#1574),#1578);
#1574 = LINE('',#1575,#1576);
#1575 = CARTESIAN_POINT('',(0.,-0.));
#1576 = VECTOR('',#1577,1.);
#1577 = DIRECTION('',(0.,1.));
#1578 = ( GEOMETRIC_REPRESENTATION_CONTEXT(2) 
PARAMETRIC_REPRESENTATION_CONTEXT() REPRESENTATION_CONTEXT('2D SPACE',''
  ) );
#1579 = ORIENTED_EDGE('',*,*,#1580,.T.);
#1580 = EDGE_CURVE('',#1558,#1558,#1581,.T.);
#1581 = SURFACE_CURVE('',#1582,(#1587,#1594),.PCURVE_S1.);
#1582 = CIRCLE('',#1583,17.5);
#1583 = AXIS2_PLACEMENT_3D('',#1584,#1585,#1586);
#1584 = CARTESIAN_POINT('',(60.,80.,125.));
#1585 = DIRECTION('',(0.,0.,1.));
#1586 = DIRECTION('',(1.,0.,-0.));
#1587 = PCURVE('',#1540,#1588);
#1588 = DEFINITIONAL_REPRESENTATION('',(#1589),#1593);
#1589 = LINE('',#1590,#1591);
#1590 = CARTESIAN_POINT('',(0.,5.));
#1591 = VECTOR('',#1592,1.);
#1592 = DIRECTION('',(1.,0.));
#1593 = ( GEOMETRIC_REPRESENTATION_CONTEXT(2) 
PARAMETRIC_REPRESENTATION_CONTEXT() REPRESENTATION_CONTEXT('2D SPACE',''
  ) );
#1594 = PCURVE('',#1595,#1600);
#1595 = PLANE('',#1596);
#1596 = AXIS2_PLACEMENT_3D('',#1597,#1598,#1599);
#1597 = CARTESIAN_POINT('',(60.,80.,125.));
#1598 = DIRECTION('',(0.,0.,1.));
#1599 = DIRECTION('',(1.,0.,-0.));
#1600 = DEFINITIONAL_REPRESENTATION('',(#1601),#1605);
#1601 = CIRCLE('',#1602,17.5);
#1602 = AXIS2_PLACEMENT_2D('',#1603,#1604);
#1603 = CARTESIAN_POINT('',(0.,0.));
#1604 = DIRECTION('',(1.,0.));
#1605 = ( GEOMETRIC_REPRESENTATION_CONTEXT(2) 
PARAMETRIC_REPRESENTATION_CONTEXT() REPRESENTATION_CONTEXT('2D SPACE',''
  ) );
#1606 = ORIENTED_EDGE('',*,*,#1557,.T.);
#1607 = ADVANCED_FACE('',(#1608,#1639),#1595,.F.);
#1608 = FACE_BOUND('',#1609,.F.);
#1609 = EDGE_LOOP('',(#1610));
#1610 = ORIENTED_EDGE('',*,*,#1611,.T.);
#1611 = EDGE_CURVE('',#1612,#1612,#1614,.T.);
#1612 = VERTEX_POINT('',#1613);
#1613 = CARTESIAN_POINT('',(80.,80.,125.));
#1614 = SURFACE_CURVE('',#1615,(#1620,#1627),.PCURVE_S1.);
#1615 = CIRCLE('',#1616,20.);
#1616 = AXIS2_PLACEMENT_3D('',#1617,#1618,#1619);
#1617 = CARTESIAN_POINT('',(60.,80.,125.));
#1618 = DIRECTION('',(0.,0.,1.));
#1619 = DIRECTION('',(1.,0.,-0.));
#1620 = PCURVE('',#1595,#1621);
#1621 = DEFINITIONAL_REPRESENTATION('',(#1622),#1626);
#1622 = CIRCLE('',#1623,20.);
#1623 = AXIS2_PLACEMENT_2D('',#1624,#1625);
#1624 = CARTESIAN_POINT('',(0.,0.));
#1625 = DIRECTION('',(1.,0.));
#1626 = ( GEOMETRIC_REPRESENTATION_CONTEXT(2) 
PARAMETRIC_REPRESENTATION_CONTEXT() REPRESENTATION_CONTEXT('2D SPACE',''
  ) );
#1627 = PCURVE('',#1628,#1633);
#1628 = CYLINDRICAL_SURFACE('',#1629,20.);
#1629 = AXIS2_PLACEMENT_3D('',#1630,#1631,#1632);
#1630 = CARTESIAN_POINT('',(60.,80.,125.));
#1631 = DIRECTION('',(0.,0.,1.));
#1632 = DIRECTION('',(1.,0.,-0.));
#1633 = DEFINITIONAL_REPRESENTATION('',(#1634),#1638);
#1634 = LINE('',#1635,#1636);
#1635 = CARTESIAN_POINT('',(0.,0.));
#1636 = VECTOR('',#1637,1.);
#1637 = DIRECTION('',(1.,0.));
#1638 = ( GEOMETRIC_REPRESENTATION_CONTEXT(2) 
PARAMETRIC_REPRESENTATION_CONTEXT() REPRESENTATION_CONTEXT('2D SPACE',''
  ) );
#1639 = FACE_BOUND('',#1640,.F.);
#1640 = EDGE_LOOP('',(#1641));
#1641 = ORIENTED_EDGE('',*,*,#1580,.F.);
#1642 = ADVANCED_FACE('',(#1643),#1628,.T.);
#1643 = FACE_BOUND('',#1644,.T.);
#1644 = EDGE_LOOP('',(#1645,#1674,#1695,#1696));
#1645 = ORIENTED_EDGE('',*,*,#1646,.F.);
#1646 = EDGE_CURVE('',#1647,#1647,#1649,.T.);
#1647 = VERTEX_POINT('',#1648);
#1648 = CARTESIAN_POINT('',(80.,80.,127.5));
#1649 = SURFACE_CURVE('',#1650,(#1655,#1662),.PCURVE_S1.);
#1650 = CIRCLE('',#1651,20.);
#1651 = AXIS2_PLACEMENT_3D('',#1652,#1653,#1654);
#1652 = CARTESIAN_POINT('',(60.,80.,127.5));
#1653 = DIRECTION('',(0.,0.,1.));
#1654 = DIRECTION('',(1.,0.,-0.));
#1655 = PCURVE('',#1628,#1656);
#1656 = DEFINITIONAL_REPRESENTATION('',(#1657),#1661);
#1657 = LINE('',#1658,#1659);
#1658 = CARTESIAN_POINT('',(0.,2.5));
#1659 = VECTOR('',#1660,1.);
#1660 = DIRECTION('',(1.,0.));
#1661 = ( GEOMETRIC_REPRESENTATION_CONTEXT(2) 
PARAMETRIC_REPRESENTATION_CONTEXT() REPRESENTATION_CONTEXT('2D SPACE',''
  ) );
#1662 = PCURVE('',#1663,#1668);
#1663 = PLANE('',#1664);
#1664 = AXIS2_PLACEMENT_3D('',#1665,#1666,#1667);
#1665 = CARTESIAN_POINT('',(2.5,2.5,127.5));
#1666 = DIRECTION('',(0.,0.,1.));
#1667 = DIRECTION('',(1.,0.,-0.));
#1668 = DEFINITIONAL_REPRESENTATION('',(#1669),#1673);
#1669 = CIRCLE('',#1670,20.);
#1670 = AXIS2_PLACEMENT_2D('',#1671,#1672);
#1671 = CARTESIAN_POINT('',(57.5,77.5));
#1672 = DIRECTION('',(1.,0.));
#1673 = ( GEOMETRIC_REPRESENTATION_CONTEXT(2) 
PARAMETRIC_REPRESENTATION_CONTEXT() REPRESENTATION_CONTEXT('2D SPACE',''
  ) );
#1674 = ORIENTED_EDGE('',*,*,#1675,.F.);
#1675 = EDGE_CURVE('',#1612,#1647,#1676,.T.);
#1676 = SEAM_CURVE('',#1677,(#1681,#1688),.PCURVE_S1.);
#1677 = LINE('',#1678,#1679);
#1678 = CARTESIAN_POINT('',(80.,80.,125.));
#1679 = VECTOR('',#1680,1.);
#1680 = DIRECTION('',(0.,0.,1.));
#1681 = PCURVE('',#1628,#1682);
#1682 = DEFINITIONAL_REPRESENTATION('',(#1683),#1687);
#1683 = LINE('',#1684,#1685);
#1684 = CARTESIAN_POINT('',(6.28318530718,-0.));
#1685 = VECTOR('',#1686,1.);
#1686 = DIRECTION('',(0.,1.));
#1687 = ( GEOMETRIC_REPRESENTATION_CONTEXT(2) 
PARAMETRIC_REPRESENTATION_CONTEXT() REPRESENTATION_CONTEXT('2D SPACE',''
  ) );
#1688 = PCURVE('',#1628,#1689);
#1689 = DEFINITIONAL_REPRESENTATION('',(#1690),#1694);
#1690 = LINE('',#1691,#1692);
#1691 = CARTESIAN_POINT('',(0.,-0.));
#1692 = VECTOR('',#1693,1.);
#1693 = DIRECTION('',(0.,1.));
#1694 = ( GEOMETRIC_REPRESENTATION_CONTEXT(2) 
PARAMETRIC_REPRESENTATION_CONTEXT() REPRESENTATION_CONTEXT('2D SPACE',''
  ) );
#1695 = ORIENTED_EDGE('',*,*,#1611,.T.);
#1696 = ORIENTED_EDGE('',*,*,#1675,.T.);
#1697 = ADVANCED_FACE('',(#1698,#1812),#1663,.F.);
#1698 = FACE_BOUND('',#1699,.F.);
#1699 = EDGE_LOOP('',(#1700,#1730,#1758,#1786));
#1700 = ORIENTED_EDGE('',*,*,#1701,.F.);
#1701 = EDGE_CURVE('',#1702,#1704,#1706,.T.);
#1702 = VERTEX_POINT('',#1703);
#1703 = CARTESIAN_POINT('',(20.,20.,127.5));
#1704 = VERTEX_POINT('',#1705);
#1705 = CARTESIAN_POINT('',(20.,140.,127.5));
#1706 = SURFACE_CURVE('',#1707,(#1711,#1718),.PCURVE_S1.);
#1707 = LINE('',#1708,#1709);
#1708 = CARTESIAN_POINT('',(20.,2.5,127.5));
#1709 = VECTOR('',#1710,1.);
#1710 = DIRECTION('',(-0.,1.,0.));
#1711 = PCURVE('',#1663,#1712);
#1712 = DEFINITIONAL_REPRESENTATION('',(#1713),#1717);
#1713 = LINE('',#1714,#1715);
#1714 = CARTESIAN_POINT('',(17.5,0.));
#1715 = VECTOR('',#1716,1.);
#1716 = DIRECTION('',(0.,1.));
#1717 = ( GEOMETRIC_REPRESENTATION_CONTEXT(2) 
PARAMETRIC_REPRESENTATION_CONTEXT() REPRESENTATION_CONTEXT('2D SPACE',''
  ) );
#1718 = PCURVE('',#1719,#1724);
#1719 = CYLINDRICAL_SURFACE('',#1720,17.5);
#1720 = AXIS2_PLACEMENT_3D('',#1721,#1722,#1723);
#1721 = CARTESIAN_POINT('',(20.,2.5,110.));
#1722 = DIRECTION('',(-0.,1.,0.));
#1723 = DIRECTION('',(-1.,-0.,0.));
#1724 = DEFINITIONAL_REPRESENTATION('',(#1725),#1729);
#1725 = LINE('',#1726,#1727);
#1726 = CARTESIAN_POINT('',(1.570796326795,0.));
#1727 = VECTOR('',#1728,1.);
#1728 = DIRECTION('',(0.,1.));
#1729 = ( GEOMETRIC_REPRESENTATION_CONTEXT(2) 
PARAMETRIC_REPRESENTATION_CONTEXT() REPRESENTATION_CONTEXT('2D SPACE',''
  ) );
#1730 = ORIENTED_EDGE('',*,*,#1731,.T.);
#1731 = EDGE_CURVE('',#1702,#1732,#1734,.T.);
#1732 = VERTEX_POINT('',#1733);
#1733 = CARTESIAN_POINT('',(200.,20.,127.5));
#1734 = SURFACE_CURVE('',#1735,(#1739,#1746),.PCURVE_S1.);
#1735 = LINE('',#1736,#1737);
#1736 = CARTESIAN_POINT('',(2.5,20.,127.5));
#1737 = VECTOR('',#1738,1.);
#1738 = DIRECTION('',(1.,0.,-0.));
#1739 = PCURVE('',#1663,#1740);
#1740 = DEFINITIONAL_REPRESENTATION('',(#1741),#1745);
#1741 = LINE('',#1742,#1743);
#1742 = CARTESIAN_POINT('',(0.,17.5));
#1743 = VECTOR('',#1744,1.);
#1744 = DIRECTION('',(1.,0.));
#1745 = ( GEOMETRIC_REPRESENTATION_CONTEXT(2) 
PARAMETRIC_REPRESENTATION_CONTEXT() REPRESENTATION_CONTEXT('2D SPACE',''
  ) );
#1746 = PCURVE('',#1747,#1752);
#1747 = CYLINDRICAL_SURFACE('',#1748,17.5);
#1748 = AXIS2_PLACEMENT_3D('',#1749,#1750,#1751);
#1749 = CARTESIAN_POINT('',(2.5,20.,110.));
#1750 = DIRECTION('',(1.,0.,-0.));
#1751 = DIRECTION('',(0.,-1.,0.));
#1752 = DEFINITIONAL_REPRESENTATION('',(#1753),#1757);
#1753 = LINE('',#1754,#1755);
#1754 = CARTESIAN_POINT('',(-1.570796326795,0.));
#1755 = VECTOR('',#1756,1.);
#1756 = DIRECTION('',(-0.,1.));
#1757 = ( GEOMETRIC_REPRESENTATION_CONTEXT(2) 
PARAMETRIC_REPRESENTATION_CONTEXT() REPRESENTATION_CONTEXT('2D SPACE',''
  ) );
#1758 = ORIENTED_EDGE('',*,*,#1759,.T.);
#1759 = EDGE_CURVE('',#1732,#1760,#1762,.T.);
#1760 = VERTEX_POINT('',#1761);
#1761 = CARTESIAN_POINT('',(200.,140.,127.5));
#1762 = SURFACE_CURVE('',#1763,(#1767,#1774),.PCURVE_S1.);
#1763 = LINE('',#1764,#1765);
#1764 = CARTESIAN_POINT('',(200.,2.5,127.5));
#1765 = VECTOR('',#1766,1.);
#1766 = DIRECTION('',(-0.,1.,0.));
#1767 = PCURVE('',#1663,#1768);
#1768 = DEFINITIONAL_REPRESENTATION('',(#1769),#1773);
#1769 = LINE('',#1770,#1771);
#1770 = CARTESIAN_POINT('',(197.5,0.));
#1771 = VECTOR('',#1772,1.);
#1772 = DIRECTION('',(0.,1.));
#1773 = ( GEOMETRIC_REPRESENTATION_CONTEXT(2) 
PARAMETRIC_REPRESENTATION_CONTEXT() REPRESENTATION_CONTEXT('2D SPACE',''
  ) );
#1774 = PCURVE('',#1775,#1780);
#1775 = CYLINDRICAL_SURFACE('',#1776,17.5);
#1776 = AXIS2_PLACEMENT_3D('',#1777,#1778,#1779);
#1777 = CARTESIAN_POINT('',(200.,2.5,110.));
#1778 = DIRECTION('',(-0.,1.,0.));
#1779 = DIRECTION('',(1.,0.,-0.));
#1780 = DEFINITIONAL_REPRESENTATION('',(#1781),#1785);
#1781 = LINE('',#1782,#1783);
#1782 = CARTESIAN_POINT('',(-1.570796326795,0.));
#1783 = VECTOR('',#1784,1.);
#1784 = DIRECTION('',(-0.,1.));
#1785 = ( GEOMETRIC_REPRESENTATION_CONTEXT(2) 
PARAMETRIC_REPRESENTATION_CONTEXT() REPRESENTATION_CONTEXT('2D SPACE',''
  ) );
#1786 = ORIENTED_EDGE('',*,*,#1787,.F.);
#1787 = EDGE_CURVE('',#1704,#1760,#1788,.T.);
#1788 = SURFACE_CURVE('',#1789,(#1793,#1800),.PCURVE_S1.);
#1789 = LINE('',#1790,#1791);
#1790 = CARTESIAN_POINT('',(2.5,140.,127.5));
#1791 = VECTOR('',#1792,1.);
#1792 = DIRECTION('',(1.,0.,-0.));
#1793 = PCURVE('',#1663,#1794);
#1794 = DEFINITIONAL_REPRESENTATION('',(#1795),#1799);
#1795 = LINE('',#1796,#1797);
#1796 = CARTESIAN_POINT('',(0.,137.5));
#1797 = VECTOR('',#1798,1.);
#1798 = DIRECTION('',(1.,0.));
#1799 = ( GEOMETRIC_REPRESENTATION_CONTEXT(2) 
PARAMETRIC_REPRESENTATION_CONTEXT() REPRESENTATION_CONTEXT('2D SPACE',''
  ) );
#1800 = PCURVE('',#1801,#1806);
#1801 = CYLINDRICAL_SURFACE('',#1802,17.5);
#1802 = AXIS2_PLACEMENT_3D('',#1803,#1804,#1805);
#1803 = CARTESIAN_POINT('',(2.5,140.,110.));
#1804 = DIRECTION('',(1.,0.,-0.));
#1805 = DIRECTION('',(0.,1.,0.));
#1806 = DEFINITIONAL_REPRESENTATION('',(#1807),#1811);
#1807 = LINE('',#1808,#1809);
#1808 = CARTESIAN_POINT('',(1.570796326795,0.));
#1809 = VECTOR('',#1810,1.);
#1810 = DIRECTION('',(0.,1.));
#1811 = ( GEOMETRIC_REPRESENTATION_CONTEXT(2) 
PARAMETRIC_REPRESENTATION_CONTEXT() REPRESENTATION_CONTEXT('2D SPACE',''
  ) );
#1812 = FACE_BOUND('',#1813,.F.);
#1813 = EDGE_LOOP('',(#1814));
#1814 = ORIENTED_EDGE('',*,*,#1646,.F.);
#1815 = ADVANCED_FACE('',(#1816),#1719,.F.);
#1816 = FACE_BOUND('',#1817,.F.);
#1817 = EDGE_LOOP('',(#1818,#1845,#1846,#1875));
#1818 = ORIENTED_EDGE('',*,*,#1819,.F.);
#1819 = EDGE_CURVE('',#1702,#1820,#1822,.T.);
#1820 = VERTEX_POINT('',#1821);
#1821 = CARTESIAN_POINT('',(2.5,20.,110.));
#1822 = SURFACE_CURVE('',#1823,(#1828,#1834),.PCURVE_S1.);
#1823 = CIRCLE('',#1824,17.5);
#1824 = AXIS2_PLACEMENT_3D('',#1825,#1826,#1827);
#1825 = CARTESIAN_POINT('',(20.,20.,110.));
#1826 = DIRECTION('',(0.,-1.,0.));
#1827 = DIRECTION('',(-1.,0.,0.));
#1828 = PCURVE('',#1719,#1829);
#1829 = DEFINITIONAL_REPRESENTATION('',(#1830),#1833);
#1830 = B_SPLINE_CURVE_WITH_KNOTS('',1,(#1831,#1832),.UNSPECIFIED.,.F.,
  .F.,(2,2),(4.712388980385,6.28318530718),.PIECEWISE_BEZIER_KNOTS.);
#1831 = CARTESIAN_POINT('',(1.570796326795,17.5));
#1832 = CARTESIAN_POINT('',(0.,17.5));
#1833 = ( GEOMETRIC_REPRESENTATION_CONTEXT(2) 
PARAMETRIC_REPRESENTATION_CONTEXT() REPRESENTATION_CONTEXT('2D SPACE',''
  ) );
#1834 = PCURVE('',#1835,#1840);
#1835 = SPHERICAL_SURFACE('',#1836,17.5);
#1836 = AXIS2_PLACEMENT_3D('',#1837,#1838,#1839);
#1837 = CARTESIAN_POINT('',(20.,20.,110.));
#1838 = DIRECTION('',(-0.,-0.,-1.));
#1839 = DIRECTION('',(-1.,0.,0.));
#1840 = DEFINITIONAL_REPRESENTATION('',(#1841),#1844);
#1841 = B_SPLINE_CURVE_WITH_KNOTS('',1,(#1842,#1843),.UNSPECIFIED.,.F.,
  .F.,(2,2),(4.712388980385,6.28318530718),.PIECEWISE_BEZIER_KNOTS.);
#1842 = CARTESIAN_POINT('',(0.,-1.570796326795));
#1843 = CARTESIAN_POINT('',(0.,0.));
#1844 = ( GEOMETRIC_REPRESENTATION_CONTEXT(2) 
PARAMETRIC_REPRESENTATION_CONTEXT() REPRESENTATION_CONTEXT('2D SPACE',''
  ) );
#1845 = ORIENTED_EDGE('',*,*,#1701,.T.);
#1846 = ORIENTED_EDGE('',*,*,#1847,.F.);
#1847 = EDGE_CURVE('',#1848,#1704,#1850,.T.);
#1848 = VERTEX_POINT('',#1849);
#1849 = CARTESIAN_POINT('',(2.5,140.,110.));
#1850 = SURFACE_CURVE('',#1851,(#1856,#1863),.PCURVE_S1.);
#1851 = CIRCLE('',#1852,17.5);
#1852 = AXIS2_PLACEMENT_3D('',#1853,#1854,#1855);
#1853 = CARTESIAN_POINT('',(20.,140.,110.));
#1854 = DIRECTION('',(-0.,1.,0.));
#1855 = DIRECTION('',(-1.,-0.,0.));
#1856 = PCURVE('',#1719,#1857);
#1857 = DEFINITIONAL_REPRESENTATION('',(#1858),#1862);
#1858 = LINE('',#1859,#1860);
#1859 = CARTESIAN_POINT('',(0.,137.5));
#1860 = VECTOR('',#1861,1.);
#1861 = DIRECTION('',(1.,0.));
#1862 = ( GEOMETRIC_REPRESENTATION_CONTEXT(2) 
PARAMETRIC_REPRESENTATION_CONTEXT() REPRESENTATION_CONTEXT('2D SPACE',''
  ) );
#1863 = PCURVE('',#1864,#1869);
#1864 = SPHERICAL_SURFACE('',#1865,17.5);
#1865 = AXIS2_PLACEMENT_3D('',#1866,#1867,#1868);
#1866 = CARTESIAN_POINT('',(20.,140.,110.));
#1867 = DIRECTION('',(0.,-1.,-0.));
#1868 = DIRECTION('',(-1.,-0.,0.));
#1869 = DEFINITIONAL_REPRESENTATION('',(#1870),#1874);
#1870 = LINE('',#1871,#1872);
#1871 = CARTESIAN_POINT('',(-0.,0.));
#1872 = VECTOR('',#1873,1.);
#1873 = DIRECTION('',(-1.,0.));
#1874 = ( GEOMETRIC_REPRESENTATION_CONTEXT(2) 
PARAMETRIC_REPRESENTATION_CONTEXT() REPRESENTATION_CONTEXT('2D SPACE',''
  ) );
#1875 = ORIENTED_EDGE('',*,*,#1876,.F.);
#1876 = EDGE_CURVE('',#1820,#1848,#1877,.T.);
#1877 = SURFACE_CURVE('',#1878,(#1882,#1889),.PCURVE_S1.);
#1878 = LINE('',#1879,#1880);
#1879 = CARTESIAN_POINT('',(2.5,2.5,110.));
#1880 = VECTOR('',#1881,1.);
#1881 = DIRECTION('',(-0.,1.,0.));
#1882 = PCURVE('',#1719,#1883);
#1883 = DEFINITIONAL_REPRESENTATION('',(#1884),#1888);
#1884 = LINE('',#1885,#1886);
#1885 = CARTESIAN_POINT('',(0.,0.));
#1886 = VECTOR('',#1887,1.);
#1887 = DIRECTION('',(0.,1.));
#1888 = ( GEOMETRIC_REPRESENTATION_CONTEXT(2) 
PARAMETRIC_REPRESENTATION_CONTEXT() REPRESENTATION_CONTEXT('2D SPACE',''
  ) );
#1889 = PCURVE('',#1890,#1895);
#1890 = PLANE('',#1891);
#1891 = AXIS2_PLACEMENT_3D('',#1892,#1893,#1894);
#1892 = CARTESIAN_POINT('',(2.5,2.5,2.5));
#1893 = DIRECTION('',(1.,0.,-0.));
#1894 = DIRECTION('',(0.,0.,1.));
#1895 = DEFINITIONAL_REPRESENTATION('',(#1896),#1900);
#1896 = LINE('',#1897,#1898);
#1897 = CARTESIAN_POINT('',(107.5,0.));
#1898 = VECTOR('',#1899,1.);
#1899 = DIRECTION('',(0.,-1.));
#1900 = ( GEOMETRIC_REPRESENTATION_CONTEXT(2) 
PARAMETRIC_REPRESENTATION_CONTEXT() REPRESENTATION_CONTEXT('2D SPACE',''
  ) );
#1901 = ADVANCED_FACE('',(#1902),#1747,.F.);
#1902 = FACE_BOUND('',#1903,.T.);
#1903 = EDGE_LOOP('',(#1904,#1926,#1927,#1954));
#1904 = ORIENTED_EDGE('',*,*,#1905,.F.);
#1905 = EDGE_CURVE('',#1702,#1906,#1908,.T.);
#1906 = VERTEX_POINT('',#1907);
#1907 = CARTESIAN_POINT('',(20.,2.5,110.));
#1908 = SURFACE_CURVE('',#1909,(#1914,#1920),.PCURVE_S1.);
#1909 = CIRCLE('',#1910,17.5);
#1910 = AXIS2_PLACEMENT_3D('',#1911,#1912,#1913);
#1911 = CARTESIAN_POINT('',(20.,20.,110.));
#1912 = DIRECTION('',(1.,-6.123233995737E-17,0.));
#1913 = DIRECTION('',(-6.123233995737E-17,-1.,0.));
#1914 = PCURVE('',#1747,#1915);
#1915 = DEFINITIONAL_REPRESENTATION('',(#1916),#1919);
#1916 = B_SPLINE_CURVE_WITH_KNOTS('',1,(#1917,#1918),.UNSPECIFIED.,.F.,
  .F.,(2,2),(4.712388980385,6.28318530718),.PIECEWISE_BEZIER_KNOTS.);
#1917 = CARTESIAN_POINT('',(-1.570796326795,17.5));
#1918 = CARTESIAN_POINT('',(0.,17.5));
#1919 = ( GEOMETRIC_REPRESENTATION_CONTEXT(2) 
PARAMETRIC_REPRESENTATION_CONTEXT() REPRESENTATION_CONTEXT('2D SPACE',''
  ) );
#1920 = PCURVE('',#1835,#1921);
#1921 = DEFINITIONAL_REPRESENTATION('',(#1922),#1925);
#1922 = B_SPLINE_CURVE_WITH_KNOTS('',1,(#1923,#1924),.UNSPECIFIED.,.F.,
  .F.,(2,2),(4.712388980385,6.28318530718),.PIECEWISE_BEZIER_KNOTS.);
#1923 = CARTESIAN_POINT('',(-1.570796326795,-1.570796326795));
#1924 = CARTESIAN_POINT('',(-1.570796326795,0.));
#1925 = ( GEOMETRIC_REPRESENTATION_CONTEXT(2) 
PARAMETRIC_REPRESENTATION_CONTEXT() REPRESENTATION_CONTEXT('2D SPACE',''
  ) );
#1926 = ORIENTED_EDGE('',*,*,#1731,.T.);
#1927 = ORIENTED_EDGE('',*,*,#1928,.T.);
#1928 = EDGE_CURVE('',#1732,#1929,#1931,.T.);
#1929 = VERTEX_POINT('',#1930);
#1930 = CARTESIAN_POINT('',(200.,2.5,110.));
#1931 = SURFACE_CURVE('',#1932,(#1937,#1943),.PCURVE_S1.);
#1932 = CIRCLE('',#1933,17.5);
#1933 = AXIS2_PLACEMENT_3D('',#1934,#1935,#1936);
#1934 = CARTESIAN_POINT('',(200.,20.,110.));
#1935 = DIRECTION('',(1.,6.123233995737E-17,0.));
#1936 = DIRECTION('',(6.123233995737E-17,-1.,0.));
#1937 = PCURVE('',#1747,#1938);
#1938 = DEFINITIONAL_REPRESENTATION('',(#1939),#1942);
#1939 = B_SPLINE_CURVE_WITH_KNOTS('',1,(#1940,#1941),.UNSPECIFIED.,.F.,
  .F.,(2,2),(4.712388980385,6.28318530718),.PIECEWISE_BEZIER_KNOTS.);
#1940 = CARTESIAN_POINT('',(-1.570796326795,197.5));
#1941 = CARTESIAN_POINT('',(0.,197.5));
#1942 = ( GEOMETRIC_REPRESENTATION_CONTEXT(2) 
PARAMETRIC_REPRESENTATION_CONTEXT() REPRESENTATION_CONTEXT('2D SPACE',''
  ) );
#1943 = PCURVE('',#1944,#1949);
#1944 = SPHERICAL_SURFACE('',#1945,17.5);
#1945 = AXIS2_PLACEMENT_3D('',#1946,#1947,#1948);
#1946 = CARTESIAN_POINT('',(200.,20.,110.));
#1947 = DIRECTION('',(-0.,-0.,-1.));
#1948 = DIRECTION('',(1.,0.,0.));
#1949 = DEFINITIONAL_REPRESENTATION('',(#1950),#1953);
#1950 = B_SPLINE_CURVE_WITH_KNOTS('',1,(#1951,#1952),.UNSPECIFIED.,.F.,
  .F.,(2,2),(4.712388980385,6.28318530718),.PIECEWISE_BEZIER_KNOTS.);
#1951 = CARTESIAN_POINT('',(1.570796326795,-1.570796326795));
#1952 = CARTESIAN_POINT('',(1.570796326795,0.));
#1953 = ( GEOMETRIC_REPRESENTATION_CONTEXT(2) 
PARAMETRIC_REPRESENTATION_CONTEXT() REPRESENTATION_CONTEXT('2D SPACE',''
  ) );
#1954 = ORIENTED_EDGE('',*,*,#1955,.F.);
#1955 = EDGE_CURVE('',#1906,#1929,#1956,.T.);
#1956 = SURFACE_CURVE('',#1957,(#1961,#1968),.PCURVE_S1.);
#1957 = LINE('',#1958,#1959);
#1958 = CARTESIAN_POINT('',(2.5,2.5,110.));
#1959 = VECTOR('',#1960,1.);
#1960 = DIRECTION('',(1.,0.,-0.));
#1961 = PCURVE('',#1747,#1962);
#1962 = DEFINITIONAL_REPRESENTATION('',(#1963),#1967);
#1963 = LINE('',#1964,#1965);
#1964 = CARTESIAN_POINT('',(-0.,0.));
#1965 = VECTOR('',#1966,1.);
#1966 = DIRECTION('',(-0.,1.));
#1967 = ( GEOMETRIC_REPRESENTATION_CONTEXT(2) 
PARAMETRIC_REPRESENTATION_CONTEXT() REPRESENTATION_CONTEXT('2D SPACE',''
  ) );
#1968 = PCURVE('',#1969,#1974);
#1969 = PLANE('',#1970);
#1970 = AXIS2_PLACEMENT_3D('',#1971,#1972,#1973);
#1971 = CARTESIAN_POINT('',(2.5,2.5,2.5));
#1972 = DIRECTION('',(-0.,1.,0.));
#1973 = DIRECTION('',(0.,0.,1.));
#1974 = DEFINITIONAL_REPRESENTATION('',(#1975),#1979);
#1975 = LINE('',#1976,#1977);
#1976 = CARTESIAN_POINT('',(107.5,0.));
#1977 = VECTOR('',#1978,1.);
#1978 = DIRECTION('',(0.,1.));
#1979 = ( GEOMETRIC_REPRESENTATION_CONTEXT(2) 
PARAMETRIC_REPRESENTATION_CONTEXT() REPRESENTATION_CONTEXT('2D SPACE',''
  ) );
#1980 = ADVANCED_FACE('',(#1981),#1801,.F.);
#1981 = FACE_BOUND('',#1982,.F.);
#1982 = EDGE_LOOP('',(#1983,#2005,#2006,#2033));
#1983 = ORIENTED_EDGE('',*,*,#1984,.T.);
#1984 = EDGE_CURVE('',#1985,#1704,#1987,.T.);
#1985 = VERTEX_POINT('',#1986);
#1986 = CARTESIAN_POINT('',(20.,157.5,110.));
#1987 = SURFACE_CURVE('',#1988,(#1993,#1999),.PCURVE_S1.);
#1988 = CIRCLE('',#1989,17.5);
#1989 = AXIS2_PLACEMENT_3D('',#1990,#1991,#1992);
#1990 = CARTESIAN_POINT('',(20.,140.,110.));
#1991 = DIRECTION('',(1.,0.,6.123233995737E-17));
#1992 = DIRECTION('',(-6.123233995737E-17,-0.,1.));
#1993 = PCURVE('',#1801,#1994);
#1994 = DEFINITIONAL_REPRESENTATION('',(#1995),#1998);
#1995 = B_SPLINE_CURVE_WITH_KNOTS('',1,(#1996,#1997),.UNSPECIFIED.,.F.,
  .F.,(2,2),(4.712388980385,6.28318530718),.PIECEWISE_BEZIER_KNOTS.);
#1996 = CARTESIAN_POINT('',(0.,17.5));
#1997 = CARTESIAN_POINT('',(1.570796326795,17.5));
#1998 = ( GEOMETRIC_REPRESENTATION_CONTEXT(2) 
PARAMETRIC_REPRESENTATION_CONTEXT() REPRESENTATION_CONTEXT('2D SPACE',''
  ) );
#1999 = PCURVE('',#1864,#2000);
#2000 = DEFINITIONAL_REPRESENTATION('',(#2001),#2004);
#2001 = B_SPLINE_CURVE_WITH_KNOTS('',1,(#2002,#2003),.UNSPECIFIED.,.F.,
  .F.,(2,2),(4.712388980385,6.28318530718),.PIECEWISE_BEZIER_KNOTS.);
#2002 = CARTESIAN_POINT('',(-1.570796326795,-1.570796326795));
#2003 = CARTESIAN_POINT('',(-1.570796326795,0.));
#2004 = ( GEOMETRIC_REPRESENTATION_CONTEXT(2) 
PARAMETRIC_REPRESENTATION_CONTEXT() REPRESENTATION_CONTEXT('2D SPACE',''
  ) );
#2005 = ORIENTED_EDGE('',*,*,#1787,.T.);
#2006 = ORIENTED_EDGE('',*,*,#2007,.F.);
#2007 = EDGE_CURVE('',#2008,#1760,#2010,.T.);
#2008 = VERTEX_POINT('',#2009);
#2009 = CARTESIAN_POINT('',(200.,157.5,110.));
#2010 = SURFACE_CURVE('',#2011,(#2016,#2022),.PCURVE_S1.);
#2011 = CIRCLE('',#2012,17.5);
#2012 = AXIS2_PLACEMENT_3D('',#2013,#2014,#2015);
#2013 = CARTESIAN_POINT('',(200.,140.,110.));
#2014 = DIRECTION('',(1.,0.,-6.123233995737E-17));
#2015 = DIRECTION('',(6.123233995737E-17,0.,1.));
#2016 = PCURVE('',#1801,#2017);
#2017 = DEFINITIONAL_REPRESENTATION('',(#2018),#2021);
#2018 = B_SPLINE_CURVE_WITH_KNOTS('',1,(#2019,#2020),.UNSPECIFIED.,.F.,
  .F.,(2,2),(4.712388980385,6.28318530718),.PIECEWISE_BEZIER_KNOTS.);
#2019 = CARTESIAN_POINT('',(0.,197.5));
#2020 = CARTESIAN_POINT('',(1.570796326795,197.5));
#2021 = ( GEOMETRIC_REPRESENTATION_CONTEXT(2) 
PARAMETRIC_REPRESENTATION_CONTEXT() REPRESENTATION_CONTEXT('2D SPACE',''
  ) );
#2022 = PCURVE('',#2023,#2028);
#2023 = SPHERICAL_SURFACE('',#2024,17.5);
#2024 = AXIS2_PLACEMENT_3D('',#2025,#2026,#2027);
#2025 = CARTESIAN_POINT('',(200.,140.,110.));
#2026 = DIRECTION('',(0.,-1.,-0.));
#2027 = DIRECTION('',(1.,0.,0.));
#2028 = DEFINITIONAL_REPRESENTATION('',(#2029),#2032);
#2029 = B_SPLINE_CURVE_WITH_KNOTS('',1,(#2030,#2031),.UNSPECIFIED.,.F.,
  .F.,(2,2),(4.712388980385,6.28318530718),.PIECEWISE_BEZIER_KNOTS.);
#2030 = CARTESIAN_POINT('',(1.570796326795,-1.570796326795));
#2031 = CARTESIAN_POINT('',(1.570796326795,0.));
#2032 = ( GEOMETRIC_REPRESENTATION_CONTEXT(2) 
PARAMETRIC_REPRESENTATION_CONTEXT() REPRESENTATION_CONTEXT('2D SPACE',''
  ) );
#2033 = ORIENTED_EDGE('',*,*,#2034,.F.);
#2034 = EDGE_CURVE('',#1985,#2008,#2035,.T.);
#2035 = SURFACE_CURVE('',#2036,(#2040,#2047),.PCURVE_S1.);
#2036 = LINE('',#2037,#2038);
#2037 = CARTESIAN_POINT('',(2.5,157.5,110.));
#2038 = VECTOR('',#2039,1.);
#2039 = DIRECTION('',(1.,0.,-0.));
#2040 = PCURVE('',#1801,#2041);
#2041 = DEFINITIONAL_REPRESENTATION('',(#2042),#2046);
#2042 = LINE('',#2043,#2044);
#2043 = CARTESIAN_POINT('',(0.,0.));
#2044 = VECTOR('',#2045,1.);
#2045 = DIRECTION('',(0.,1.));
#2046 = ( GEOMETRIC_REPRESENTATION_CONTEXT(2) 
PARAMETRIC_REPRESENTATION_CONTEXT() REPRESENTATION_CONTEXT('2D SPACE',''
  ) );
#2047 = PCURVE('',#2048,#2053);
#2048 = PLANE('',#2049);
#2049 = AXIS2_PLACEMENT_3D('',#2050,#2051,#2052);
#2050 = CARTESIAN_POINT('',(2.5,157.5,2.5));
#2051 = DIRECTION('',(-0.,1.,0.));
#2052 = DIRECTION('',(0.,0.,1.));
#2053 = DEFINITIONAL_REPRESENTATION('',(#2054),#2058);
#2054 = LINE('',#2055,#2056);
#2055 = CARTESIAN_POINT('',(107.5,0.));
#2056 = VECTOR('',#2057,1.);
#2057 = DIRECTION('',(0.,1.));
#2058 = ( GEOMETRIC_REPRESENTATION_CONTEXT(2) 
PARAMETRIC_REPRESENTATION_CONTEXT() REPRESENTATION_CONTEXT('2D SPACE',''
  ) );
#2059 = ADVANCED_FACE('',(#2060),#1775,.F.);
#2060 = FACE_BOUND('',#2061,.T.);
#2061 = EDGE_LOOP('',(#2062,#2084,#2085,#2109));
#2062 = ORIENTED_EDGE('',*,*,#2063,.F.);
#2063 = EDGE_CURVE('',#1732,#2064,#2066,.T.);
#2064 = VERTEX_POINT('',#2065);
#2065 = CARTESIAN_POINT('',(217.5,20.,110.));
#2066 = SURFACE_CURVE('',#2067,(#2072,#2078),.PCURVE_S1.);
#2067 = CIRCLE('',#2068,17.5);
#2068 = AXIS2_PLACEMENT_3D('',#2069,#2070,#2071);
#2069 = CARTESIAN_POINT('',(200.,20.,110.));
#2070 = DIRECTION('',(-0.,1.,0.));
#2071 = DIRECTION('',(1.,0.,0.));
#2072 = PCURVE('',#1775,#2073);
#2073 = DEFINITIONAL_REPRESENTATION('',(#2074),#2077);
#2074 = B_SPLINE_CURVE_WITH_KNOTS('',1,(#2075,#2076),.UNSPECIFIED.,.F.,
  .F.,(2,2),(4.712388980385,6.28318530718),.PIECEWISE_BEZIER_KNOTS.);
#2075 = CARTESIAN_POINT('',(-1.570796326795,17.5));
#2076 = CARTESIAN_POINT('',(0.,17.5));
#2077 = ( GEOMETRIC_REPRESENTATION_CONTEXT(2) 
PARAMETRIC_REPRESENTATION_CONTEXT() REPRESENTATION_CONTEXT('2D SPACE',''
  ) );
#2078 = PCURVE('',#1944,#2079);
#2079 = DEFINITIONAL_REPRESENTATION('',(#2080),#2083);
#2080 = B_SPLINE_CURVE_WITH_KNOTS('',1,(#2081,#2082),.UNSPECIFIED.,.F.,
  .F.,(2,2),(4.712388980385,6.28318530718),.PIECEWISE_BEZIER_KNOTS.);
#2081 = CARTESIAN_POINT('',(0.,-1.570796326795));
#2082 = CARTESIAN_POINT('',(0.,0.));
#2083 = ( GEOMETRIC_REPRESENTATION_CONTEXT(2) 
PARAMETRIC_REPRESENTATION_CONTEXT() REPRESENTATION_CONTEXT('2D SPACE',''
  ) );
#2084 = ORIENTED_EDGE('',*,*,#1759,.T.);
#2085 = ORIENTED_EDGE('',*,*,#2086,.F.);
#2086 = EDGE_CURVE('',#2087,#1760,#2089,.T.);
#2087 = VERTEX_POINT('',#2088);
#2088 = CARTESIAN_POINT('',(217.5,140.,110.));
#2089 = SURFACE_CURVE('',#2090,(#2095,#2102),.PCURVE_S1.);
#2090 = CIRCLE('',#2091,17.5);
#2091 = AXIS2_PLACEMENT_3D('',#2092,#2093,#2094);
#2092 = CARTESIAN_POINT('',(200.,140.,110.));
#2093 = DIRECTION('',(0.,-1.,-0.));
#2094 = DIRECTION('',(1.,0.,0.));
#2095 = PCURVE('',#1775,#2096);
#2096 = DEFINITIONAL_REPRESENTATION('',(#2097),#2101);
#2097 = LINE('',#2098,#2099);
#2098 = CARTESIAN_POINT('',(-0.,137.5));
#2099 = VECTOR('',#2100,1.);
#2100 = DIRECTION('',(-1.,0.));
#2101 = ( GEOMETRIC_REPRESENTATION_CONTEXT(2) 
PARAMETRIC_REPRESENTATION_CONTEXT() REPRESENTATION_CONTEXT('2D SPACE',''
  ) );
#2102 = PCURVE('',#2023,#2103);
#2103 = DEFINITIONAL_REPRESENTATION('',(#2104),#2108);
#2104 = LINE('',#2105,#2106);
#2105 = CARTESIAN_POINT('',(0.,0.));
#2106 = VECTOR('',#2107,1.);
#2107 = DIRECTION('',(1.,0.));
#2108 = ( GEOMETRIC_REPRESENTATION_CONTEXT(2) 
PARAMETRIC_REPRESENTATION_CONTEXT() REPRESENTATION_CONTEXT('2D SPACE',''
  ) );
#2109 = ORIENTED_EDGE('',*,*,#2110,.F.);
#2110 = EDGE_CURVE('',#2064,#2087,#2111,.T.);
#2111 = SURFACE_CURVE('',#2112,(#2116,#2123),.PCURVE_S1.);
#2112 = LINE('',#2113,#2114);
#2113 = CARTESIAN_POINT('',(217.5,2.5,110.));
#2114 = VECTOR('',#2115,1.);
#2115 = DIRECTION('',(-0.,1.,0.));
#2116 = PCURVE('',#1775,#2117);
#2117 = DEFINITIONAL_REPRESENTATION('',(#2118),#2122);
#2118 = LINE('',#2119,#2120);
#2119 = CARTESIAN_POINT('',(-0.,0.));
#2120 = VECTOR('',#2121,1.);
#2121 = DIRECTION('',(-0.,1.));
#2122 = ( GEOMETRIC_REPRESENTATION_CONTEXT(2) 
PARAMETRIC_REPRESENTATION_CONTEXT() REPRESENTATION_CONTEXT('2D SPACE',''
  ) );
#2123 = PCURVE('',#2124,#2129);
#2124 = PLANE('',#2125);
#2125 = AXIS2_PLACEMENT_3D('',#2126,#2127,#2128);
#2126 = CARTESIAN_POINT('',(217.5,2.5,2.5));
#2127 = DIRECTION('',(1.,0.,-0.));
#2128 = DIRECTION('',(0.,0.,1.));
#2129 = DEFINITIONAL_REPRESENTATION('',(#2130),#2134);
#2130 = LINE('',#2131,#2132);
#2131 = CARTESIAN_POINT('',(107.5,0.));
#2132 = VECTOR('',#2133,1.);
#2133 = DIRECTION('',(0.,-1.));
#2134 = ( GEOMETRIC_REPRESENTATION_CONTEXT(2) 
PARAMETRIC_REPRESENTATION_CONTEXT() REPRESENTATION_CONTEXT('2D SPACE',''
  ) );
#2135 = ADVANCED_FACE('',(#2136),#1835,.F.);
#2136 = FACE_BOUND('',#2137,.T.);
#2137 = EDGE_LOOP('',(#2138,#2139,#2140));
#2138 = ORIENTED_EDGE('',*,*,#1819,.F.);
#2139 = ORIENTED_EDGE('',*,*,#1905,.T.);
#2140 = ORIENTED_EDGE('',*,*,#2141,.F.);
#2141 = EDGE_CURVE('',#1820,#1906,#2142,.T.);
#2142 = SURFACE_CURVE('',#2143,(#2148,#2155),.PCURVE_S1.);
#2143 = CIRCLE('',#2144,17.5);
#2144 = AXIS2_PLACEMENT_3D('',#2145,#2146,#2147);
#2145 = CARTESIAN_POINT('',(20.,20.,110.));
#2146 = DIRECTION('',(0.,0.,1.));
#2147 = DIRECTION('',(-1.,0.,0.));
#2148 = PCURVE('',#1835,#2149);
#2149 = DEFINITIONAL_REPRESENTATION('',(#2150),#2154);
#2150 = LINE('',#2151,#2152);
#2151 = CARTESIAN_POINT('',(-0.,0.));
#2152 = VECTOR('',#2153,1.);
#2153 = DIRECTION('',(-1.,0.));
#2154 = ( GEOMETRIC_REPRESENTATION_CONTEXT(2) 
PARAMETRIC_REPRESENTATION_CONTEXT() REPRESENTATION_CONTEXT('2D SPACE',''
  ) );
#2155 = PCURVE('',#2156,#2161);
#2156 = CYLINDRICAL_SURFACE('',#2157,17.5);
#2157 = AXIS2_PLACEMENT_3D('',#2158,#2159,#2160);
#2158 = CARTESIAN_POINT('',(20.,20.,2.5));
#2159 = DIRECTION('',(0.,0.,1.));
#2160 = DIRECTION('',(-1.,-0.,0.));
#2161 = DEFINITIONAL_REPRESENTATION('',(#2162),#2166);
#2162 = LINE('',#2163,#2164);
#2163 = CARTESIAN_POINT('',(0.,107.5));
#2164 = VECTOR('',#2165,1.);
#2165 = DIRECTION('',(1.,0.));
#2166 = ( GEOMETRIC_REPRESENTATION_CONTEXT(2) 
PARAMETRIC_REPRESENTATION_CONTEXT() REPRESENTATION_CONTEXT('2D SPACE',''
  ) );
#2167 = ADVANCED_FACE('',(#2168),#1890,.T.);
#2168 = FACE_BOUND('',#2169,.T.);
#2169 = EDGE_LOOP('',(#2170,#2193,#2221,#2247));
#2170 = ORIENTED_EDGE('',*,*,#2171,.F.);
#2171 = EDGE_CURVE('',#2172,#1820,#2174,.T.);
#2172 = VERTEX_POINT('',#2173);
#2173 = CARTESIAN_POINT('',(2.5,20.,20.));
#2174 = SURFACE_CURVE('',#2175,(#2179,#2186),.PCURVE_S1.);
#2175 = LINE('',#2176,#2177);
#2176 = CARTESIAN_POINT('',(2.5,20.,2.5));
#2177 = VECTOR('',#2178,1.);
#2178 = DIRECTION('',(0.,0.,1.));
#2179 = PCURVE('',#1890,#2180);
#2180 = DEFINITIONAL_REPRESENTATION('',(#2181),#2185);
#2181 = LINE('',#2182,#2183);
#2182 = CARTESIAN_POINT('',(0.,-17.5));
#2183 = VECTOR('',#2184,1.);
#2184 = DIRECTION('',(1.,0.));
#2185 = ( GEOMETRIC_REPRESENTATION_CONTEXT(2) 
PARAMETRIC_REPRESENTATION_CONTEXT() REPRESENTATION_CONTEXT('2D SPACE',''
  ) );
#2186 = PCURVE('',#2156,#2187);
#2187 = DEFINITIONAL_REPRESENTATION('',(#2188),#2192);
#2188 = LINE('',#2189,#2190);
#2189 = CARTESIAN_POINT('',(0.,0.));
#2190 = VECTOR('',#2191,1.);
#2191 = DIRECTION('',(0.,1.));
#2192 = ( GEOMETRIC_REPRESENTATION_CONTEXT(2) 
PARAMETRIC_REPRESENTATION_CONTEXT() REPRESENTATION_CONTEXT('2D SPACE',''
  ) );
#2193 = ORIENTED_EDGE('',*,*,#2194,.T.);
#2194 = EDGE_CURVE('',#2172,#2195,#2197,.T.);
#2195 = VERTEX_POINT('',#2196);
#2196 = CARTESIAN_POINT('',(2.5,140.,20.));
#2197 = SURFACE_CURVE('',#2198,(#2202,#2209),.PCURVE_S1.);
#2198 = LINE('',#2199,#2200);
#2199 = CARTESIAN_POINT('',(2.5,2.5,20.));
#2200 = VECTOR('',#2201,1.);
#2201 = DIRECTION('',(-0.,1.,0.));
#2202 = PCURVE('',#1890,#2203);
#2203 = DEFINITIONAL_REPRESENTATION('',(#2204),#2208);
#2204 = LINE('',#2205,#2206);
#2205 = CARTESIAN_POINT('',(17.5,0.));
#2206 = VECTOR('',#2207,1.);
#2207 = DIRECTION('',(0.,-1.));
#2208 = ( GEOMETRIC_REPRESENTATION_CONTEXT(2) 
PARAMETRIC_REPRESENTATION_CONTEXT() REPRESENTATION_CONTEXT('2D SPACE',''
  ) );
#2209 = PCURVE('',#2210,#2215);
#2210 = CYLINDRICAL_SURFACE('',#2211,17.5);
#2211 = AXIS2_PLACEMENT_3D('',#2212,#2213,#2214);
#2212 = CARTESIAN_POINT('',(20.,2.5,20.));
#2213 = DIRECTION('',(-0.,1.,0.));
#2214 = DIRECTION('',(-1.,-0.,0.));
#2215 = DEFINITIONAL_REPRESENTATION('',(#2216),#2220);
#2216 = LINE('',#2217,#2218);
#2217 = CARTESIAN_POINT('',(-0.,0.));
#2218 = VECTOR('',#2219,1.);
#2219 = DIRECTION('',(-0.,1.));
#2220 = ( GEOMETRIC_REPRESENTATION_CONTEXT(2) 
PARAMETRIC_REPRESENTATION_CONTEXT() REPRESENTATION_CONTEXT('2D SPACE',''
  ) );
#2221 = ORIENTED_EDGE('',*,*,#2222,.T.);
#2222 = EDGE_CURVE('',#2195,#1848,#2223,.T.);
#2223 = SURFACE_CURVE('',#2224,(#2228,#2235),.PCURVE_S1.);
#2224 = LINE('',#2225,#2226);
#2225 = CARTESIAN_POINT('',(2.5,140.,2.5));
#2226 = VECTOR('',#2227,1.);
#2227 = DIRECTION('',(0.,0.,1.));
#2228 = PCURVE('',#1890,#2229);
#2229 = DEFINITIONAL_REPRESENTATION('',(#2230),#2234);
#2230 = LINE('',#2231,#2232);
#2231 = CARTESIAN_POINT('',(0.,-137.5));
#2232 = VECTOR('',#2233,1.);
#2233 = DIRECTION('',(1.,0.));
#2234 = ( GEOMETRIC_REPRESENTATION_CONTEXT(2) 
PARAMETRIC_REPRESENTATION_CONTEXT() REPRESENTATION_CONTEXT('2D SPACE',''
  ) );
#2235 = PCURVE('',#2236,#2241);
#2236 = CYLINDRICAL_SURFACE('',#2237,17.5);
#2237 = AXIS2_PLACEMENT_3D('',#2238,#2239,#2240);
#2238 = CARTESIAN_POINT('',(20.,140.,2.5));
#2239 = DIRECTION('',(0.,0.,1.));
#2240 = DIRECTION('',(-1.,-0.,0.));
#2241 = DEFINITIONAL_REPRESENTATION('',(#2242),#2246);
#2242 = LINE('',#2243,#2244);
#2243 = CARTESIAN_POINT('',(-0.,0.));
#2244 = VECTOR('',#2245,1.);
#2245 = DIRECTION('',(-0.,1.));
#2246 = ( GEOMETRIC_REPRESENTATION_CONTEXT(2) 
PARAMETRIC_REPRESENTATION_CONTEXT() REPRESENTATION_CONTEXT('2D SPACE',''
  ) );
#2247 = ORIENTED_EDGE('',*,*,#1876,.F.);
#2248 = ADVANCED_FACE('',(#2249),#1864,.F.);
#2249 = FACE_BOUND('',#2250,.T.);
#2250 = EDGE_LOOP('',(#2251,#2271,#2272));
#2251 = ORIENTED_EDGE('',*,*,#2252,.F.);
#2252 = EDGE_CURVE('',#1985,#1848,#2253,.T.);
#2253 = SURFACE_CURVE('',#2254,(#2259,#2265),.PCURVE_S1.);
#2254 = CIRCLE('',#2255,17.5);
#2255 = AXIS2_PLACEMENT_3D('',#2256,#2257,#2258);
#2256 = CARTESIAN_POINT('',(20.,140.,110.));
#2257 = DIRECTION('',(0.,0.,1.));
#2258 = DIRECTION('',(-1.,-0.,0.));
#2259 = PCURVE('',#1864,#2260);
#2260 = DEFINITIONAL_REPRESENTATION('',(#2261),#2264);
#2261 = B_SPLINE_CURVE_WITH_KNOTS('',1,(#2262,#2263),.UNSPECIFIED.,.F.,
  .F.,(2,2),(4.712388980385,6.28318530718),.PIECEWISE_BEZIER_KNOTS.);
#2262 = CARTESIAN_POINT('',(0.,-1.570796326795));
#2263 = CARTESIAN_POINT('',(0.,0.));
#2264 = ( GEOMETRIC_REPRESENTATION_CONTEXT(2) 
PARAMETRIC_REPRESENTATION_CONTEXT() REPRESENTATION_CONTEXT('2D SPACE',''
  ) );
#2265 = PCURVE('',#2236,#2266);
#2266 = DEFINITIONAL_REPRESENTATION('',(#2267),#2270);
#2267 = B_SPLINE_CURVE_WITH_KNOTS('',1,(#2268,#2269),.UNSPECIFIED.,.F.,
  .F.,(2,2),(4.712388980385,6.28318530718),.PIECEWISE_BEZIER_KNOTS.);
#2268 = CARTESIAN_POINT('',(-1.570796326795,107.5));
#2269 = CARTESIAN_POINT('',(0.,107.5));
#2270 = ( GEOMETRIC_REPRESENTATION_CONTEXT(2) 
PARAMETRIC_REPRESENTATION_CONTEXT() REPRESENTATION_CONTEXT('2D SPACE',''
  ) );
#2271 = ORIENTED_EDGE('',*,*,#1984,.T.);
#2272 = ORIENTED_EDGE('',*,*,#1847,.F.);
#2273 = ADVANCED_FACE('',(#2274),#1969,.T.);
#2274 = FACE_BOUND('',#2275,.T.);
#2275 = EDGE_LOOP('',(#2276,#2299,#2300,#2328));
#2276 = ORIENTED_EDGE('',*,*,#2277,.T.);
#2277 = EDGE_CURVE('',#2278,#1906,#2280,.T.);
#2278 = VERTEX_POINT('',#2279);
#2279 = CARTESIAN_POINT('',(20.,2.5,20.));
#2280 = SURFACE_CURVE('',#2281,(#2285,#2292),.PCURVE_S1.);
#2281 = LINE('',#2282,#2283);
#2282 = CARTESIAN_POINT('',(20.,2.5,2.5));
#2283 = VECTOR('',#2284,1.);
#2284 = DIRECTION('',(0.,0.,1.));
#2285 = PCURVE('',#1969,#2286);
#2286 = DEFINITIONAL_REPRESENTATION('',(#2287),#2291);
#2287 = LINE('',#2288,#2289);
#2288 = CARTESIAN_POINT('',(0.,17.5));
#2289 = VECTOR('',#2290,1.);
#2290 = DIRECTION('',(1.,0.));
#2291 = ( GEOMETRIC_REPRESENTATION_CONTEXT(2) 
PARAMETRIC_REPRESENTATION_CONTEXT() REPRESENTATION_CONTEXT('2D SPACE',''
  ) );
#2292 = PCURVE('',#2156,#2293);
#2293 = DEFINITIONAL_REPRESENTATION('',(#2294),#2298);
#2294 = LINE('',#2295,#2296);
#2295 = CARTESIAN_POINT('',(1.570796326795,0.));
#2296 = VECTOR('',#2297,1.);
#2297 = DIRECTION('',(0.,1.));
#2298 = ( GEOMETRIC_REPRESENTATION_CONTEXT(2) 
PARAMETRIC_REPRESENTATION_CONTEXT() REPRESENTATION_CONTEXT('2D SPACE',''
  ) );
#2299 = ORIENTED_EDGE('',*,*,#1955,.T.);
#2300 = ORIENTED_EDGE('',*,*,#2301,.F.);
#2301 = EDGE_CURVE('',#2302,#1929,#2304,.T.);
#2302 = VERTEX_POINT('',#2303);
#2303 = CARTESIAN_POINT('',(200.,2.5,20.));
#2304 = SURFACE_CURVE('',#2305,(#2309,#2316),.PCURVE_S1.);
#2305 = LINE('',#2306,#2307);
#2306 = CARTESIAN_POINT('',(200.,2.5,2.5));
#2307 = VECTOR('',#2308,1.);
#2308 = DIRECTION('',(0.,0.,1.));
#2309 = PCURVE('',#1969,#2310);
#2310 = DEFINITIONAL_REPRESENTATION('',(#2311),#2315);
#2311 = LINE('',#2312,#2313);
#2312 = CARTESIAN_POINT('',(0.,197.5));
#2313 = VECTOR('',#2314,1.);
#2314 = DIRECTION('',(1.,0.));
#2315 = ( GEOMETRIC_REPRESENTATION_CONTEXT(2) 
PARAMETRIC_REPRESENTATION_CONTEXT() REPRESENTATION_CONTEXT('2D SPACE',''
  ) );
#2316 = PCURVE('',#2317,#2322);
#2317 = CYLINDRICAL_SURFACE('',#2318,17.5);
#2318 = AXIS2_PLACEMENT_3D('',#2319,#2320,#2321);
#2319 = CARTESIAN_POINT('',(200.,20.,2.5));
#2320 = DIRECTION('',(0.,0.,1.));
#2321 = DIRECTION('',(1.,0.,-0.));
#2322 = DEFINITIONAL_REPRESENTATION('',(#2323),#2327);
#2323 = LINE('',#2324,#2325);
#2324 = CARTESIAN_POINT('',(-1.570796326795,0.));
#2325 = VECTOR('',#2326,1.);
#2326 = DIRECTION('',(-0.,1.));
#2327 = ( GEOMETRIC_REPRESENTATION_CONTEXT(2) 
PARAMETRIC_REPRESENTATION_CONTEXT() REPRESENTATION_CONTEXT('2D SPACE',''
  ) );
#2328 = ORIENTED_EDGE('',*,*,#2329,.F.);
#2329 = EDGE_CURVE('',#2278,#2302,#2330,.T.);
#2330 = SURFACE_CURVE('',#2331,(#2335,#2342),.PCURVE_S1.);
#2331 = LINE('',#2332,#2333);
#2332 = CARTESIAN_POINT('',(2.5,2.5,20.));
#2333 = VECTOR('',#2334,1.);
#2334 = DIRECTION('',(1.,0.,-0.));
#2335 = PCURVE('',#1969,#2336);
#2336 = DEFINITIONAL_REPRESENTATION('',(#2337),#2341);
#2337 = LINE('',#2338,#2339);
#2338 = CARTESIAN_POINT('',(17.5,0.));
#2339 = VECTOR('',#2340,1.);
#2340 = DIRECTION('',(0.,1.));
#2341 = ( GEOMETRIC_REPRESENTATION_CONTEXT(2) 
PARAMETRIC_REPRESENTATION_CONTEXT() REPRESENTATION_CONTEXT('2D SPACE',''
  ) );
#2342 = PCURVE('',#2343,#2348);
#2343 = CYLINDRICAL_SURFACE('',#2344,17.5);
#2344 = AXIS2_PLACEMENT_3D('',#2345,#2346,#2347);
#2345 = CARTESIAN_POINT('',(2.5,20.,20.));
#2346 = DIRECTION('',(1.,0.,-0.));
#2347 = DIRECTION('',(0.,-1.,0.));
#2348 = DEFINITIONAL_REPRESENTATION('',(#2349),#2353);
#2349 = LINE('',#2350,#2351);
#2350 = CARTESIAN_POINT('',(0.,0.));
#2351 = VECTOR('',#2352,1.);
#2352 = DIRECTION('',(0.,1.));
#2353 = ( GEOMETRIC_REPRESENTATION_CONTEXT(2) 
PARAMETRIC_REPRESENTATION_CONTEXT() REPRESENTATION_CONTEXT('2D SPACE',''
  ) );
#2354 = ADVANCED_FACE('',(#2355),#1944,.F.);
#2355 = FACE_BOUND('',#2356,.F.);
#2356 = EDGE_LOOP('',(#2357,#2358,#2359));
#2357 = ORIENTED_EDGE('',*,*,#2063,.F.);
#2358 = ORIENTED_EDGE('',*,*,#1928,.T.);
#2359 = ORIENTED_EDGE('',*,*,#2360,.F.);
#2360 = EDGE_CURVE('',#2064,#1929,#2361,.T.);
#2361 = SURFACE_CURVE('',#2362,(#2367,#2374),.PCURVE_S1.);
#2362 = CIRCLE('',#2363,17.5);
#2363 = AXIS2_PLACEMENT_3D('',#2364,#2365,#2366);
#2364 = CARTESIAN_POINT('',(200.,20.,110.));
#2365 = DIRECTION('',(0.,0.,-1.));
#2366 = DIRECTION('',(1.,0.,0.));
#2367 = PCURVE('',#1944,#2368);
#2368 = DEFINITIONAL_REPRESENTATION('',(#2369),#2373);
#2369 = LINE('',#2370,#2371);
#2370 = CARTESIAN_POINT('',(0.,0.));
#2371 = VECTOR('',#2372,1.);
#2372 = DIRECTION('',(1.,0.));
#2373 = ( GEOMETRIC_REPRESENTATION_CONTEXT(2) 
PARAMETRIC_REPRESENTATION_CONTEXT() REPRESENTATION_CONTEXT('2D SPACE',''
  ) );
#2374 = PCURVE('',#2317,#2375);
#2375 = DEFINITIONAL_REPRESENTATION('',(#2376),#2380);
#2376 = LINE('',#2377,#2378);
#2377 = CARTESIAN_POINT('',(-0.,107.5));
#2378 = VECTOR('',#2379,1.);
#2379 = DIRECTION('',(-1.,0.));
#2380 = ( GEOMETRIC_REPRESENTATION_CONTEXT(2) 
PARAMETRIC_REPRESENTATION_CONTEXT() REPRESENTATION_CONTEXT('2D SPACE',''
  ) );
#2381 = ADVANCED_FACE('',(#2382),#2048,.F.);
#2382 = FACE_BOUND('',#2383,.F.);
#2383 = EDGE_LOOP('',(#2384,#2407,#2408,#2436));
#2384 = ORIENTED_EDGE('',*,*,#2385,.T.);
#2385 = EDGE_CURVE('',#2386,#1985,#2388,.T.);
#2386 = VERTEX_POINT('',#2387);
#2387 = CARTESIAN_POINT('',(20.,157.5,20.));
#2388 = SURFACE_CURVE('',#2389,(#2393,#2400),.PCURVE_S1.);
#2389 = LINE('',#2390,#2391);
#2390 = CARTESIAN_POINT('',(20.,157.5,2.5));
#2391 = VECTOR('',#2392,1.);
#2392 = DIRECTION('',(0.,0.,1.));
#2393 = PCURVE('',#2048,#2394);
#2394 = DEFINITIONAL_REPRESENTATION('',(#2395),#2399);
#2395 = LINE('',#2396,#2397);
#2396 = CARTESIAN_POINT('',(0.,17.5));
#2397 = VECTOR('',#2398,1.);
#2398 = DIRECTION('',(1.,0.));
#2399 = ( GEOMETRIC_REPRESENTATION_CONTEXT(2) 
PARAMETRIC_REPRESENTATION_CONTEXT() REPRESENTATION_CONTEXT('2D SPACE',''
  ) );
#2400 = PCURVE('',#2236,#2401);
#2401 = DEFINITIONAL_REPRESENTATION('',(#2402),#2406);
#2402 = LINE('',#2403,#2404);
#2403 = CARTESIAN_POINT('',(-1.570796326795,0.));
#2404 = VECTOR('',#2405,1.);
#2405 = DIRECTION('',(-0.,1.));
#2406 = ( GEOMETRIC_REPRESENTATION_CONTEXT(2) 
PARAMETRIC_REPRESENTATION_CONTEXT() REPRESENTATION_CONTEXT('2D SPACE',''
  ) );
#2407 = ORIENTED_EDGE('',*,*,#2034,.T.);
#2408 = ORIENTED_EDGE('',*,*,#2409,.F.);
#2409 = EDGE_CURVE('',#2410,#2008,#2412,.T.);
#2410 = VERTEX_POINT('',#2411);
#2411 = CARTESIAN_POINT('',(200.,157.5,20.));
#2412 = SURFACE_CURVE('',#2413,(#2417,#2424),.PCURVE_S1.);
#2413 = LINE('',#2414,#2415);
#2414 = CARTESIAN_POINT('',(200.,157.5,2.5));
#2415 = VECTOR('',#2416,1.);
#2416 = DIRECTION('',(0.,0.,1.));
#2417 = PCURVE('',#2048,#2418);
#2418 = DEFINITIONAL_REPRESENTATION('',(#2419),#2423);
#2419 = LINE('',#2420,#2421);
#2420 = CARTESIAN_POINT('',(0.,197.5));
#2421 = VECTOR('',#2422,1.);
#2422 = DIRECTION('',(1.,0.));
#2423 = ( GEOMETRIC_REPRESENTATION_CONTEXT(2) 
PARAMETRIC_REPRESENTATION_CONTEXT() REPRESENTATION_CONTEXT('2D SPACE',''
  ) );
#2424 = PCURVE('',#2425,#2430);
#2425 = CYLINDRICAL_SURFACE('',#2426,17.5);
#2426 = AXIS2_PLACEMENT_3D('',#2427,#2428,#2429);
#2427 = CARTESIAN_POINT('',(200.,140.,2.5));
#2428 = DIRECTION('',(0.,0.,1.));
#2429 = DIRECTION('',(1.,0.,-0.));
#2430 = DEFINITIONAL_REPRESENTATION('',(#2431),#2435);
#2431 = LINE('',#2432,#2433);
#2432 = CARTESIAN_POINT('',(1.570796326795,0.));
#2433 = VECTOR('',#2434,1.);
#2434 = DIRECTION('',(0.,1.));
#2435 = ( GEOMETRIC_REPRESENTATION_CONTEXT(2) 
PARAMETRIC_REPRESENTATION_CONTEXT() REPRESENTATION_CONTEXT('2D SPACE',''
  ) );
#2436 = ORIENTED_EDGE('',*,*,#2437,.F.);
#2437 = EDGE_CURVE('',#2386,#2410,#2438,.T.);
#2438 = SURFACE_CURVE('',#2439,(#2443,#2450),.PCURVE_S1.);
#2439 = LINE('',#2440,#2441);
#2440 = CARTESIAN_POINT('',(2.5,157.5,20.));
#2441 = VECTOR('',#2442,1.);
#2442 = DIRECTION('',(1.,0.,-0.));
#2443 = PCURVE('',#2048,#2444);
#2444 = DEFINITIONAL_REPRESENTATION('',(#2445),#2449);
#2445 = LINE('',#2446,#2447);
#2446 = CARTESIAN_POINT('',(17.5,0.));
#2447 = VECTOR('',#2448,1.);
#2448 = DIRECTION('',(0.,1.));
#2449 = ( GEOMETRIC_REPRESENTATION_CONTEXT(2) 
PARAMETRIC_REPRESENTATION_CONTEXT() REPRESENTATION_CONTEXT('2D SPACE',''
  ) );
#2450 = PCURVE('',#2451,#2456);
#2451 = CYLINDRICAL_SURFACE('',#2452,17.5);
#2452 = AXIS2_PLACEMENT_3D('',#2453,#2454,#2455);
#2453 = CARTESIAN_POINT('',(2.5,140.,20.));
#2454 = DIRECTION('',(1.,0.,-0.));
#2455 = DIRECTION('',(0.,1.,0.));
#2456 = DEFINITIONAL_REPRESENTATION('',(#2457),#2461);
#2457 = LINE('',#2458,#2459);
#2458 = CARTESIAN_POINT('',(-0.,0.));
#2459 = VECTOR('',#2460,1.);
#2460 = DIRECTION('',(-0.,1.));
#2461 = ( GEOMETRIC_REPRESENTATION_CONTEXT(2) 
PARAMETRIC_REPRESENTATION_CONTEXT() REPRESENTATION_CONTEXT('2D SPACE',''
  ) );
#2462 = ADVANCED_FACE('',(#2463),#2023,.F.);
#2463 = FACE_BOUND('',#2464,.F.);
#2464 = EDGE_LOOP('',(#2465,#2485,#2486));
#2465 = ORIENTED_EDGE('',*,*,#2466,.F.);
#2466 = EDGE_CURVE('',#2008,#2087,#2467,.T.);
#2467 = SURFACE_CURVE('',#2468,(#2473,#2479),.PCURVE_S1.);
#2468 = CIRCLE('',#2469,17.5);
#2469 = AXIS2_PLACEMENT_3D('',#2470,#2471,#2472);
#2470 = CARTESIAN_POINT('',(200.,140.,110.));
#2471 = DIRECTION('',(0.,0.,-1.));
#2472 = DIRECTION('',(1.,0.,0.));
#2473 = PCURVE('',#2023,#2474);
#2474 = DEFINITIONAL_REPRESENTATION('',(#2475),#2478);
#2475 = B_SPLINE_CURVE_WITH_KNOTS('',1,(#2476,#2477),.UNSPECIFIED.,.F.,
  .F.,(2,2),(4.712388980385,6.28318530718),.PIECEWISE_BEZIER_KNOTS.);
#2476 = CARTESIAN_POINT('',(0.,-1.570796326795));
#2477 = CARTESIAN_POINT('',(0.,0.));
#2478 = ( GEOMETRIC_REPRESENTATION_CONTEXT(2) 
PARAMETRIC_REPRESENTATION_CONTEXT() REPRESENTATION_CONTEXT('2D SPACE',''
  ) );
#2479 = PCURVE('',#2425,#2480);
#2480 = DEFINITIONAL_REPRESENTATION('',(#2481),#2484);
#2481 = B_SPLINE_CURVE_WITH_KNOTS('',1,(#2482,#2483),.UNSPECIFIED.,.F.,
  .F.,(2,2),(4.712388980385,6.28318530718),.PIECEWISE_BEZIER_KNOTS.);
#2482 = CARTESIAN_POINT('',(1.570796326795,107.5));
#2483 = CARTESIAN_POINT('',(0.,107.5));
#2484 = ( GEOMETRIC_REPRESENTATION_CONTEXT(2) 
PARAMETRIC_REPRESENTATION_CONTEXT() REPRESENTATION_CONTEXT('2D SPACE',''
  ) );
#2485 = ORIENTED_EDGE('',*,*,#2007,.T.);
#2486 = ORIENTED_EDGE('',*,*,#2086,.F.);
#2487 = ADVANCED_FACE('',(#2488),#2124,.F.);
#2488 = FACE_BOUND('',#2489,.F.);
#2489 = EDGE_LOOP('',(#2490,#2513,#2541,#2562));
#2490 = ORIENTED_EDGE('',*,*,#2491,.F.);
#2491 = EDGE_CURVE('',#2492,#2064,#2494,.T.);
#2492 = VERTEX_POINT('',#2493);
#2493 = CARTESIAN_POINT('',(217.5,20.,20.));
#2494 = SURFACE_CURVE('',#2495,(#2499,#2506),.PCURVE_S1.);
#2495 = LINE('',#2496,#2497);
#2496 = CARTESIAN_POINT('',(217.5,20.,2.5));
#2497 = VECTOR('',#2498,1.);
#2498 = DIRECTION('',(0.,0.,1.));
#2499 = PCURVE('',#2124,#2500);
#2500 = DEFINITIONAL_REPRESENTATION('',(#2501),#2505);
#2501 = LINE('',#2502,#2503);
#2502 = CARTESIAN_POINT('',(0.,-17.5));
#2503 = VECTOR('',#2504,1.);
#2504 = DIRECTION('',(1.,0.));
#2505 = ( GEOMETRIC_REPRESENTATION_CONTEXT(2) 
PARAMETRIC_REPRESENTATION_CONTEXT() REPRESENTATION_CONTEXT('2D SPACE',''
  ) );
#2506 = PCURVE('',#2317,#2507);
#2507 = DEFINITIONAL_REPRESENTATION('',(#2508),#2512);
#2508 = LINE('',#2509,#2510);
#2509 = CARTESIAN_POINT('',(-0.,0.));
#2510 = VECTOR('',#2511,1.);
#2511 = DIRECTION('',(-0.,1.));
#2512 = ( GEOMETRIC_REPRESENTATION_CONTEXT(2) 
PARAMETRIC_REPRESENTATION_CONTEXT() REPRESENTATION_CONTEXT('2D SPACE',''
  ) );
#2513 = ORIENTED_EDGE('',*,*,#2514,.T.);
#2514 = EDGE_CURVE('',#2492,#2515,#2517,.T.);
#2515 = VERTEX_POINT('',#2516);
#2516 = CARTESIAN_POINT('',(217.5,140.,20.));
#2517 = SURFACE_CURVE('',#2518,(#2522,#2529),.PCURVE_S1.);
#2518 = LINE('',#2519,#2520);
#2519 = CARTESIAN_POINT('',(217.5,2.5,20.));
#2520 = VECTOR('',#2521,1.);
#2521 = DIRECTION('',(-0.,1.,0.));
#2522 = PCURVE('',#2124,#2523);
#2523 = DEFINITIONAL_REPRESENTATION('',(#2524),#2528);
#2524 = LINE('',#2525,#2526);
#2525 = CARTESIAN_POINT('',(17.5,0.));
#2526 = VECTOR('',#2527,1.);
#2527 = DIRECTION('',(0.,-1.));
#2528 = ( GEOMETRIC_REPRESENTATION_CONTEXT(2) 
PARAMETRIC_REPRESENTATION_CONTEXT() REPRESENTATION_CONTEXT('2D SPACE',''
  ) );
#2529 = PCURVE('',#2530,#2535);
#2530 = CYLINDRICAL_SURFACE('',#2531,17.5);
#2531 = AXIS2_PLACEMENT_3D('',#2532,#2533,#2534);
#2532 = CARTESIAN_POINT('',(200.,2.5,20.));
#2533 = DIRECTION('',(-0.,1.,0.));
#2534 = DIRECTION('',(1.,0.,-0.));
#2535 = DEFINITIONAL_REPRESENTATION('',(#2536),#2540);
#2536 = LINE('',#2537,#2538);
#2537 = CARTESIAN_POINT('',(0.,0.));
#2538 = VECTOR('',#2539,1.);
#2539 = DIRECTION('',(0.,1.));
#2540 = ( GEOMETRIC_REPRESENTATION_CONTEXT(2) 
PARAMETRIC_REPRESENTATION_CONTEXT() REPRESENTATION_CONTEXT('2D SPACE',''
  ) );
#2541 = ORIENTED_EDGE('',*,*,#2542,.T.);
#2542 = EDGE_CURVE('',#2515,#2087,#2543,.T.);
#2543 = SURFACE_CURVE('',#2544,(#2548,#2555),.PCURVE_S1.);
#2544 = LINE('',#2545,#2546);
#2545 = CARTESIAN_POINT('',(217.5,140.,2.5));
#2546 = VECTOR('',#2547,1.);
#2547 = DIRECTION('',(0.,0.,1.));
#2548 = PCURVE('',#2124,#2549);
#2549 = DEFINITIONAL_REPRESENTATION('',(#2550),#2554);
#2550 = LINE('',#2551,#2552);
#2551 = CARTESIAN_POINT('',(0.,-137.5));
#2552 = VECTOR('',#2553,1.);
#2553 = DIRECTION('',(1.,0.));
#2554 = ( GEOMETRIC_REPRESENTATION_CONTEXT(2) 
PARAMETRIC_REPRESENTATION_CONTEXT() REPRESENTATION_CONTEXT('2D SPACE',''
  ) );
#2555 = PCURVE('',#2425,#2556);
#2556 = DEFINITIONAL_REPRESENTATION('',(#2557),#2561);
#2557 = LINE('',#2558,#2559);
#2558 = CARTESIAN_POINT('',(0.,0.));
#2559 = VECTOR('',#2560,1.);
#2560 = DIRECTION('',(0.,1.));
#2561 = ( GEOMETRIC_REPRESENTATION_CONTEXT(2) 
PARAMETRIC_REPRESENTATION_CONTEXT() REPRESENTATION_CONTEXT('2D SPACE',''
  ) );
#2562 = ORIENTED_EDGE('',*,*,#2110,.F.);
#2563 = ADVANCED_FACE('',(#2564),#2156,.F.);
#2564 = FACE_BOUND('',#2565,.F.);
#2565 = EDGE_LOOP('',(#2566,#2567,#2594,#2595));
#2566 = ORIENTED_EDGE('',*,*,#2171,.F.);
#2567 = ORIENTED_EDGE('',*,*,#2568,.T.);
#2568 = EDGE_CURVE('',#2172,#2278,#2569,.T.);
#2569 = SURFACE_CURVE('',#2570,(#2575,#2582),.PCURVE_S1.);
#2570 = CIRCLE('',#2571,17.5);
#2571 = AXIS2_PLACEMENT_3D('',#2572,#2573,#2574);
#2572 = CARTESIAN_POINT('',(20.,20.,20.));
#2573 = DIRECTION('',(0.,0.,1.));
#2574 = DIRECTION('',(-1.,0.,0.));
#2575 = PCURVE('',#2156,#2576);
#2576 = DEFINITIONAL_REPRESENTATION('',(#2577),#2581);
#2577 = LINE('',#2578,#2579);
#2578 = CARTESIAN_POINT('',(0.,17.5));
#2579 = VECTOR('',#2580,1.);
#2580 = DIRECTION('',(1.,0.));
#2581 = ( GEOMETRIC_REPRESENTATION_CONTEXT(2) 
PARAMETRIC_REPRESENTATION_CONTEXT() REPRESENTATION_CONTEXT('2D SPACE',''
  ) );
#2582 = PCURVE('',#2583,#2588);
#2583 = SPHERICAL_SURFACE('',#2584,17.5);
#2584 = AXIS2_PLACEMENT_3D('',#2585,#2586,#2587);
#2585 = CARTESIAN_POINT('',(20.,20.,20.));
#2586 = DIRECTION('',(0.,0.,1.));
#2587 = DIRECTION('',(-1.,0.,0.));
#2588 = DEFINITIONAL_REPRESENTATION('',(#2589),#2593);
#2589 = LINE('',#2590,#2591);
#2590 = CARTESIAN_POINT('',(0.,0.));
#2591 = VECTOR('',#2592,1.);
#2592 = DIRECTION('',(1.,0.));
#2593 = ( GEOMETRIC_REPRESENTATION_CONTEXT(2) 
PARAMETRIC_REPRESENTATION_CONTEXT() REPRESENTATION_CONTEXT('2D SPACE',''
  ) );
#2594 = ORIENTED_EDGE('',*,*,#2277,.T.);
#2595 = ORIENTED_EDGE('',*,*,#2141,.F.);
#2596 = ADVANCED_FACE('',(#2597),#2210,.F.);
#2597 = FACE_BOUND('',#2598,.T.);
#2598 = EDGE_LOOP('',(#2599,#2621,#2649,#2674));
#2599 = ORIENTED_EDGE('',*,*,#2600,.F.);
#2600 = EDGE_CURVE('',#2601,#2172,#2603,.T.);
#2601 = VERTEX_POINT('',#2602);
#2602 = CARTESIAN_POINT('',(20.,20.,2.5));
#2603 = SURFACE_CURVE('',#2604,(#2609,#2615),.PCURVE_S1.);
#2604 = CIRCLE('',#2605,17.5);
#2605 = AXIS2_PLACEMENT_3D('',#2606,#2607,#2608);
#2606 = CARTESIAN_POINT('',(20.,20.,20.));
#2607 = DIRECTION('',(0.,1.,-0.));
#2608 = DIRECTION('',(-1.,0.,0.));
#2609 = PCURVE('',#2210,#2610);
#2610 = DEFINITIONAL_REPRESENTATION('',(#2611),#2614);
#2611 = B_SPLINE_CURVE_WITH_KNOTS('',1,(#2612,#2613),.UNSPECIFIED.,.F.,
  .F.,(2,2),(4.712388980385,6.28318530718),.PIECEWISE_BEZIER_KNOTS.);
#2612 = CARTESIAN_POINT('',(-1.570796326795,17.5));
#2613 = CARTESIAN_POINT('',(0.,17.5));
#2614 = ( GEOMETRIC_REPRESENTATION_CONTEXT(2) 
PARAMETRIC_REPRESENTATION_CONTEXT() REPRESENTATION_CONTEXT('2D SPACE',''
  ) );
#2615 = PCURVE('',#2583,#2616);
#2616 = DEFINITIONAL_REPRESENTATION('',(#2617),#2620);
#2617 = B_SPLINE_CURVE_WITH_KNOTS('',1,(#2618,#2619),.UNSPECIFIED.,.F.,
  .F.,(2,2),(4.712388980385,6.28318530718),.PIECEWISE_BEZIER_KNOTS.);
#2618 = CARTESIAN_POINT('',(0.,-1.570796326795));
#2619 = CARTESIAN_POINT('',(0.,0.));
#2620 = ( GEOMETRIC_REPRESENTATION_CONTEXT(2) 
PARAMETRIC_REPRESENTATION_CONTEXT() REPRESENTATION_CONTEXT('2D SPACE',''
  ) );
#2621 = ORIENTED_EDGE('',*,*,#2622,.T.);
#2622 = EDGE_CURVE('',#2601,#2623,#2625,.T.);
#2623 = VERTEX_POINT('',#2624);
#2624 = CARTESIAN_POINT('',(20.,140.,2.5));
#2625 = SURFACE_CURVE('',#2626,(#2630,#2637),.PCURVE_S1.);
#2626 = LINE('',#2627,#2628);
#2627 = CARTESIAN_POINT('',(20.,2.5,2.5));
#2628 = VECTOR('',#2629,1.);
#2629 = DIRECTION('',(-0.,1.,0.));
#2630 = PCURVE('',#2210,#2631);
#2631 = DEFINITIONAL_REPRESENTATION('',(#2632),#2636);
#2632 = LINE('',#2633,#2634);
#2633 = CARTESIAN_POINT('',(-1.570796326795,0.));
#2634 = VECTOR('',#2635,1.);
#2635 = DIRECTION('',(-0.,1.));
#2636 = ( GEOMETRIC_REPRESENTATION_CONTEXT(2) 
PARAMETRIC_REPRESENTATION_CONTEXT() REPRESENTATION_CONTEXT('2D SPACE',''
  ) );
#2637 = PCURVE('',#2638,#2643);
#2638 = PLANE('',#2639);
#2639 = AXIS2_PLACEMENT_3D('',#2640,#2641,#2642);
#2640 = CARTESIAN_POINT('',(2.5,2.5,2.5));
#2641 = DIRECTION('',(0.,0.,1.));
#2642 = DIRECTION('',(1.,0.,-0.));
#2643 = DEFINITIONAL_REPRESENTATION('',(#2644),#2648);
#2644 = LINE('',#2645,#2646);
#2645 = CARTESIAN_POINT('',(17.5,0.));
#2646 = VECTOR('',#2647,1.);
#2647 = DIRECTION('',(0.,1.));
#2648 = ( GEOMETRIC_REPRESENTATION_CONTEXT(2) 
PARAMETRIC_REPRESENTATION_CONTEXT() REPRESENTATION_CONTEXT('2D SPACE',''
  ) );
#2649 = ORIENTED_EDGE('',*,*,#2650,.T.);
#2650 = EDGE_CURVE('',#2623,#2195,#2651,.T.);
#2651 = SURFACE_CURVE('',#2652,(#2657,#2663),.PCURVE_S1.);
#2652 = CIRCLE('',#2653,17.5);
#2653 = AXIS2_PLACEMENT_3D('',#2654,#2655,#2656);
#2654 = CARTESIAN_POINT('',(20.,140.,20.));
#2655 = DIRECTION('',(0.,1.,-0.));
#2656 = DIRECTION('',(-1.,0.,0.));
#2657 = PCURVE('',#2210,#2658);
#2658 = DEFINITIONAL_REPRESENTATION('',(#2659),#2662);
#2659 = B_SPLINE_CURVE_WITH_KNOTS('',1,(#2660,#2661),.UNSPECIFIED.,.F.,
  .F.,(2,2),(4.712388980385,6.28318530718),.PIECEWISE_BEZIER_KNOTS.);
#2660 = CARTESIAN_POINT('',(-1.570796326795,137.5));
#2661 = CARTESIAN_POINT('',(0.,137.5));
#2662 = ( GEOMETRIC_REPRESENTATION_CONTEXT(2) 
PARAMETRIC_REPRESENTATION_CONTEXT() REPRESENTATION_CONTEXT('2D SPACE',''
  ) );
#2663 = PCURVE('',#2664,#2669);
#2664 = SPHERICAL_SURFACE('',#2665,17.5);
#2665 = AXIS2_PLACEMENT_3D('',#2666,#2667,#2668);
#2666 = CARTESIAN_POINT('',(20.,140.,20.));
#2667 = DIRECTION('',(0.,0.,1.));
#2668 = DIRECTION('',(-1.,0.,0.));
#2669 = DEFINITIONAL_REPRESENTATION('',(#2670),#2673);
#2670 = B_SPLINE_CURVE_WITH_KNOTS('',1,(#2671,#2672),.UNSPECIFIED.,.F.,
  .F.,(2,2),(4.712388980385,6.28318530718),.PIECEWISE_BEZIER_KNOTS.);
#2671 = CARTESIAN_POINT('',(0.,-1.570796326795));
#2672 = CARTESIAN_POINT('',(0.,0.));
#2673 = ( GEOMETRIC_REPRESENTATION_CONTEXT(2) 
PARAMETRIC_REPRESENTATION_CONTEXT() REPRESENTATION_CONTEXT('2D SPACE',''
  ) );
#2674 = ORIENTED_EDGE('',*,*,#2194,.F.);
#2675 = ADVANCED_FACE('',(#2676),#2236,.F.);
#2676 = FACE_BOUND('',#2677,.T.);
#2677 = EDGE_LOOP('',(#2678,#2679,#2701,#2702));
#2678 = ORIENTED_EDGE('',*,*,#2222,.F.);
#2679 = ORIENTED_EDGE('',*,*,#2680,.T.);
#2680 = EDGE_CURVE('',#2195,#2386,#2681,.T.);
#2681 = SURFACE_CURVE('',#2682,(#2687,#2694),.PCURVE_S1.);
#2682 = CIRCLE('',#2683,17.5);
#2683 = AXIS2_PLACEMENT_3D('',#2684,#2685,#2686);
#2684 = CARTESIAN_POINT('',(20.,140.,20.));
#2685 = DIRECTION('',(-0.,0.,-1.));
#2686 = DIRECTION('',(-1.,0.,0.));
#2687 = PCURVE('',#2236,#2688);
#2688 = DEFINITIONAL_REPRESENTATION('',(#2689),#2693);
#2689 = LINE('',#2690,#2691);
#2690 = CARTESIAN_POINT('',(-0.,17.5));
#2691 = VECTOR('',#2692,1.);
#2692 = DIRECTION('',(-1.,0.));
#2693 = ( GEOMETRIC_REPRESENTATION_CONTEXT(2) 
PARAMETRIC_REPRESENTATION_CONTEXT() REPRESENTATION_CONTEXT('2D SPACE',''
  ) );
#2694 = PCURVE('',#2664,#2695);
#2695 = DEFINITIONAL_REPRESENTATION('',(#2696),#2700);
#2696 = LINE('',#2697,#2698);
#2697 = CARTESIAN_POINT('',(-0.,0.));
#2698 = VECTOR('',#2699,1.);
#2699 = DIRECTION('',(-1.,0.));
#2700 = ( GEOMETRIC_REPRESENTATION_CONTEXT(2) 
PARAMETRIC_REPRESENTATION_CONTEXT() REPRESENTATION_CONTEXT('2D SPACE',''
  ) );
#2701 = ORIENTED_EDGE('',*,*,#2385,.T.);
#2702 = ORIENTED_EDGE('',*,*,#2252,.T.);
#2703 = ADVANCED_FACE('',(#2704),#2343,.F.);
#2704 = FACE_BOUND('',#2705,.F.);
#2705 = EDGE_LOOP('',(#2706,#2726,#2749,#2774));
#2706 = ORIENTED_EDGE('',*,*,#2707,.F.);
#2707 = EDGE_CURVE('',#2601,#2278,#2708,.T.);
#2708 = SURFACE_CURVE('',#2709,(#2714,#2720),.PCURVE_S1.);
#2709 = CIRCLE('',#2710,17.5);
#2710 = AXIS2_PLACEMENT_3D('',#2711,#2712,#2713);
#2711 = CARTESIAN_POINT('',(20.,20.,20.));
#2712 = DIRECTION('',(-1.,6.123233995737E-17,0.));
#2713 = DIRECTION('',(-6.123233995737E-17,-1.,0.));
#2714 = PCURVE('',#2343,#2715);
#2715 = DEFINITIONAL_REPRESENTATION('',(#2716),#2719);
#2716 = B_SPLINE_CURVE_WITH_KNOTS('',1,(#2717,#2718),.UNSPECIFIED.,.F.,
  .F.,(2,2),(4.712388980385,6.28318530718),.PIECEWISE_BEZIER_KNOTS.);
#2717 = CARTESIAN_POINT('',(1.570796326795,17.5));
#2718 = CARTESIAN_POINT('',(0.,17.5));
#2719 = ( GEOMETRIC_REPRESENTATION_CONTEXT(2) 
PARAMETRIC_REPRESENTATION_CONTEXT() REPRESENTATION_CONTEXT('2D SPACE',''
  ) );
#2720 = PCURVE('',#2583,#2721);
#2721 = DEFINITIONAL_REPRESENTATION('',(#2722),#2725);
#2722 = B_SPLINE_CURVE_WITH_KNOTS('',1,(#2723,#2724),.UNSPECIFIED.,.F.,
  .F.,(2,2),(4.712388980385,6.28318530718),.PIECEWISE_BEZIER_KNOTS.);
#2723 = CARTESIAN_POINT('',(1.570796326795,-1.570796326795));
#2724 = CARTESIAN_POINT('',(1.570796326795,0.));
#2725 = ( GEOMETRIC_REPRESENTATION_CONTEXT(2) 
PARAMETRIC_REPRESENTATION_CONTEXT() REPRESENTATION_CONTEXT('2D SPACE',''
  ) );
#2726 = ORIENTED_EDGE('',*,*,#2727,.T.);
#2727 = EDGE_CURVE('',#2601,#2728,#2730,.T.);
#2728 = VERTEX_POINT('',#2729);
#2729 = CARTESIAN_POINT('',(200.,20.,2.5));
#2730 = SURFACE_CURVE('',#2731,(#2735,#2742),.PCURVE_S1.);
#2731 = LINE('',#2732,#2733);
#2732 = CARTESIAN_POINT('',(2.5,20.,2.5));
#2733 = VECTOR('',#2734,1.);
#2734 = DIRECTION('',(1.,0.,-0.));
#2735 = PCURVE('',#2343,#2736);
#2736 = DEFINITIONAL_REPRESENTATION('',(#2737),#2741);
#2737 = LINE('',#2738,#2739);
#2738 = CARTESIAN_POINT('',(1.570796326795,0.));
#2739 = VECTOR('',#2740,1.);
#2740 = DIRECTION('',(0.,1.));
#2741 = ( GEOMETRIC_REPRESENTATION_CONTEXT(2) 
PARAMETRIC_REPRESENTATION_CONTEXT() REPRESENTATION_CONTEXT('2D SPACE',''
  ) );
#2742 = PCURVE('',#2638,#2743);
#2743 = DEFINITIONAL_REPRESENTATION('',(#2744),#2748);
#2744 = LINE('',#2745,#2746);
#2745 = CARTESIAN_POINT('',(0.,17.5));
#2746 = VECTOR('',#2747,1.);
#2747 = DIRECTION('',(1.,0.));
#2748 = ( GEOMETRIC_REPRESENTATION_CONTEXT(2) 
PARAMETRIC_REPRESENTATION_CONTEXT() REPRESENTATION_CONTEXT('2D SPACE',''
  ) );
#2749 = ORIENTED_EDGE('',*,*,#2750,.T.);
#2750 = EDGE_CURVE('',#2728,#2302,#2751,.T.);
#2751 = SURFACE_CURVE('',#2752,(#2757,#2763),.PCURVE_S1.);
#2752 = CIRCLE('',#2753,17.5);
#2753 = AXIS2_PLACEMENT_3D('',#2754,#2755,#2756);
#2754 = CARTESIAN_POINT('',(200.,20.,20.));
#2755 = DIRECTION('',(-1.,-6.123233995737E-17,0.));
#2756 = DIRECTION('',(6.123233995737E-17,-1.,-0.));
#2757 = PCURVE('',#2343,#2758);
#2758 = DEFINITIONAL_REPRESENTATION('',(#2759),#2762);
#2759 = B_SPLINE_CURVE_WITH_KNOTS('',1,(#2760,#2761),.UNSPECIFIED.,.F.,
  .F.,(2,2),(4.712388980385,6.28318530718),.PIECEWISE_BEZIER_KNOTS.);
#2760 = CARTESIAN_POINT('',(1.570796326795,197.5));
#2761 = CARTESIAN_POINT('',(0.,197.5));
#2762 = ( GEOMETRIC_REPRESENTATION_CONTEXT(2) 
PARAMETRIC_REPRESENTATION_CONTEXT() REPRESENTATION_CONTEXT('2D SPACE',''
  ) );
#2763 = PCURVE('',#2764,#2769);
#2764 = SPHERICAL_SURFACE('',#2765,17.5);
#2765 = AXIS2_PLACEMENT_3D('',#2766,#2767,#2768);
#2766 = CARTESIAN_POINT('',(200.,20.,20.));
#2767 = DIRECTION('',(0.,0.,1.));
#2768 = DIRECTION('',(1.,0.,-0.));
#2769 = DEFINITIONAL_REPRESENTATION('',(#2770),#2773);
#2770 = B_SPLINE_CURVE_WITH_KNOTS('',1,(#2771,#2772),.UNSPECIFIED.,.F.,
  .F.,(2,2),(4.712388980385,6.28318530718),.PIECEWISE_BEZIER_KNOTS.);
#2771 = CARTESIAN_POINT('',(-1.570796326795,-1.570796326795));
#2772 = CARTESIAN_POINT('',(-1.570796326795,0.));
#2773 = ( GEOMETRIC_REPRESENTATION_CONTEXT(2) 
PARAMETRIC_REPRESENTATION_CONTEXT() REPRESENTATION_CONTEXT('2D SPACE',''
  ) );
#2774 = ORIENTED_EDGE('',*,*,#2329,.F.);
#2775 = ADVANCED_FACE('',(#2776),#2317,.F.);
#2776 = FACE_BOUND('',#2777,.T.);
#2777 = EDGE_LOOP('',(#2778,#2779,#2801,#2802));
#2778 = ORIENTED_EDGE('',*,*,#2491,.F.);
#2779 = ORIENTED_EDGE('',*,*,#2780,.T.);
#2780 = EDGE_CURVE('',#2492,#2302,#2781,.T.);
#2781 = SURFACE_CURVE('',#2782,(#2787,#2794),.PCURVE_S1.);
#2782 = CIRCLE('',#2783,17.5);
#2783 = AXIS2_PLACEMENT_3D('',#2784,#2785,#2786);
#2784 = CARTESIAN_POINT('',(200.,20.,20.));
#2785 = DIRECTION('',(0.,-0.,-1.));
#2786 = DIRECTION('',(1.,0.,-0.));
#2787 = PCURVE('',#2317,#2788);
#2788 = DEFINITIONAL_REPRESENTATION('',(#2789),#2793);
#2789 = LINE('',#2790,#2791);
#2790 = CARTESIAN_POINT('',(-0.,17.5));
#2791 = VECTOR('',#2792,1.);
#2792 = DIRECTION('',(-1.,0.));
#2793 = ( GEOMETRIC_REPRESENTATION_CONTEXT(2) 
PARAMETRIC_REPRESENTATION_CONTEXT() REPRESENTATION_CONTEXT('2D SPACE',''
  ) );
#2794 = PCURVE('',#2764,#2795);
#2795 = DEFINITIONAL_REPRESENTATION('',(#2796),#2800);
#2796 = LINE('',#2797,#2798);
#2797 = CARTESIAN_POINT('',(-0.,0.));
#2798 = VECTOR('',#2799,1.);
#2799 = DIRECTION('',(-1.,0.));
#2800 = ( GEOMETRIC_REPRESENTATION_CONTEXT(2) 
PARAMETRIC_REPRESENTATION_CONTEXT() REPRESENTATION_CONTEXT('2D SPACE',''
  ) );
#2801 = ORIENTED_EDGE('',*,*,#2301,.T.);
#2802 = ORIENTED_EDGE('',*,*,#2360,.F.);
#2803 = ADVANCED_FACE('',(#2804),#2451,.F.);
#2804 = FACE_BOUND('',#2805,.T.);
#2805 = EDGE_LOOP('',(#2806,#2826,#2849,#2874));
#2806 = ORIENTED_EDGE('',*,*,#2807,.F.);
#2807 = EDGE_CURVE('',#2623,#2386,#2808,.T.);
#2808 = SURFACE_CURVE('',#2809,(#2814,#2820),.PCURVE_S1.);
#2809 = CIRCLE('',#2810,17.5);
#2810 = AXIS2_PLACEMENT_3D('',#2811,#2812,#2813);
#2811 = CARTESIAN_POINT('',(20.,140.,20.));
#2812 = DIRECTION('',(1.,6.123233995737E-17,-0.));
#2813 = DIRECTION('',(-6.123233995737E-17,1.,0.));
#2814 = PCURVE('',#2451,#2815);
#2815 = DEFINITIONAL_REPRESENTATION('',(#2816),#2819);
#2816 = B_SPLINE_CURVE_WITH_KNOTS('',1,(#2817,#2818),.UNSPECIFIED.,.F.,
  .F.,(2,2),(4.712388980385,6.28318530718),.PIECEWISE_BEZIER_KNOTS.);
#2817 = CARTESIAN_POINT('',(-1.570796326795,17.5));
#2818 = CARTESIAN_POINT('',(0.,17.5));
#2819 = ( GEOMETRIC_REPRESENTATION_CONTEXT(2) 
PARAMETRIC_REPRESENTATION_CONTEXT() REPRESENTATION_CONTEXT('2D SPACE',''
  ) );
#2820 = PCURVE('',#2664,#2821);
#2821 = DEFINITIONAL_REPRESENTATION('',(#2822),#2825);
#2822 = B_SPLINE_CURVE_WITH_KNOTS('',1,(#2823,#2824),.UNSPECIFIED.,.F.,
  .F.,(2,2),(4.712388980385,6.28318530718),.PIECEWISE_BEZIER_KNOTS.);
#2823 = CARTESIAN_POINT('',(-1.570796326795,-1.570796326795));
#2824 = CARTESIAN_POINT('',(-1.570796326795,0.));
#2825 = ( GEOMETRIC_REPRESENTATION_CONTEXT(2) 
PARAMETRIC_REPRESENTATION_CONTEXT() REPRESENTATION_CONTEXT('2D SPACE',''
  ) );
#2826 = ORIENTED_EDGE('',*,*,#2827,.T.);
#2827 = EDGE_CURVE('',#2623,#2828,#2830,.T.);
#2828 = VERTEX_POINT('',#2829);
#2829 = CARTESIAN_POINT('',(200.,140.,2.5));
#2830 = SURFACE_CURVE('',#2831,(#2835,#2842),.PCURVE_S1.);
#2831 = LINE('',#2832,#2833);
#2832 = CARTESIAN_POINT('',(2.5,140.,2.5));
#2833 = VECTOR('',#2834,1.);
#2834 = DIRECTION('',(1.,0.,-0.));
#2835 = PCURVE('',#2451,#2836);
#2836 = DEFINITIONAL_REPRESENTATION('',(#2837),#2841);
#2837 = LINE('',#2838,#2839);
#2838 = CARTESIAN_POINT('',(-1.570796326795,0.));
#2839 = VECTOR('',#2840,1.);
#2840 = DIRECTION('',(-0.,1.));
#2841 = ( GEOMETRIC_REPRESENTATION_CONTEXT(2) 
PARAMETRIC_REPRESENTATION_CONTEXT() REPRESENTATION_CONTEXT('2D SPACE',''
  ) );
#2842 = PCURVE('',#2638,#2843);
#2843 = DEFINITIONAL_REPRESENTATION('',(#2844),#2848);
#2844 = LINE('',#2845,#2846);
#2845 = CARTESIAN_POINT('',(0.,137.5));
#2846 = VECTOR('',#2847,1.);
#2847 = DIRECTION('',(1.,0.));
#2848 = ( GEOMETRIC_REPRESENTATION_CONTEXT(2) 
PARAMETRIC_REPRESENTATION_CONTEXT() REPRESENTATION_CONTEXT('2D SPACE',''
  ) );
#2849 = ORIENTED_EDGE('',*,*,#2850,.T.);
#2850 = EDGE_CURVE('',#2828,#2410,#2851,.T.);
#2851 = SURFACE_CURVE('',#2852,(#2857,#2863),.PCURVE_S1.);
#2852 = CIRCLE('',#2853,17.5);
#2853 = AXIS2_PLACEMENT_3D('',#2854,#2855,#2856);
#2854 = CARTESIAN_POINT('',(200.,140.,20.));
#2855 = DIRECTION('',(1.,-6.123233995737E-17,0.));
#2856 = DIRECTION('',(6.123233995737E-17,1.,0.));
#2857 = PCURVE('',#2451,#2858);
#2858 = DEFINITIONAL_REPRESENTATION('',(#2859),#2862);
#2859 = B_SPLINE_CURVE_WITH_KNOTS('',1,(#2860,#2861),.UNSPECIFIED.,.F.,
  .F.,(2,2),(4.712388980385,6.28318530718),.PIECEWISE_BEZIER_KNOTS.);
#2860 = CARTESIAN_POINT('',(-1.570796326795,197.5));
#2861 = CARTESIAN_POINT('',(0.,197.5));
#2862 = ( GEOMETRIC_REPRESENTATION_CONTEXT(2) 
PARAMETRIC_REPRESENTATION_CONTEXT() REPRESENTATION_CONTEXT('2D SPACE',''
  ) );
#2863 = PCURVE('',#2864,#2869);
#2864 = SPHERICAL_SURFACE('',#2865,17.5);
#2865 = AXIS2_PLACEMENT_3D('',#2866,#2867,#2868);
#2866 = CARTESIAN_POINT('',(200.,140.,20.));
#2867 = DIRECTION('',(0.,0.,1.));
#2868 = DIRECTION('',(1.,0.,-0.));
#2869 = DEFINITIONAL_REPRESENTATION('',(#2870),#2873);
#2870 = B_SPLINE_CURVE_WITH_KNOTS('',1,(#2871,#2872),.UNSPECIFIED.,.F.,
  .F.,(2,2),(4.712388980385,6.28318530718),.PIECEWISE_BEZIER_KNOTS.);
#2871 = CARTESIAN_POINT('',(1.570796326795,-1.570796326795));
#2872 = CARTESIAN_POINT('',(1.570796326795,0.));
#2873 = ( GEOMETRIC_REPRESENTATION_CONTEXT(2) 
PARAMETRIC_REPRESENTATION_CONTEXT() REPRESENTATION_CONTEXT('2D SPACE',''
  ) );
#2874 = ORIENTED_EDGE('',*,*,#2437,.F.);
#2875 = ADVANCED_FACE('',(#2876),#2425,.F.);
#2876 = FACE_BOUND('',#2877,.F.);
#2877 = EDGE_LOOP('',(#2878,#2879,#2901,#2902));
#2878 = ORIENTED_EDGE('',*,*,#2542,.F.);
#2879 = ORIENTED_EDGE('',*,*,#2880,.T.);
#2880 = EDGE_CURVE('',#2515,#2410,#2881,.T.);
#2881 = SURFACE_CURVE('',#2882,(#2887,#2894),.PCURVE_S1.);
#2882 = CIRCLE('',#2883,17.5);
#2883 = AXIS2_PLACEMENT_3D('',#2884,#2885,#2886);
#2884 = CARTESIAN_POINT('',(200.,140.,20.));
#2885 = DIRECTION('',(0.,0.,1.));
#2886 = DIRECTION('',(1.,0.,-0.));
#2887 = PCURVE('',#2425,#2888);
#2888 = DEFINITIONAL_REPRESENTATION('',(#2889),#2893);
#2889 = LINE('',#2890,#2891);
#2890 = CARTESIAN_POINT('',(0.,17.5));
#2891 = VECTOR('',#2892,1.);
#2892 = DIRECTION('',(1.,0.));
#2893 = ( GEOMETRIC_REPRESENTATION_CONTEXT(2) 
PARAMETRIC_REPRESENTATION_CONTEXT() REPRESENTATION_CONTEXT('2D SPACE',''
  ) );
#2894 = PCURVE('',#2864,#2895);
#2895 = DEFINITIONAL_REPRESENTATION('',(#2896),#2900);
#2896 = LINE('',#2897,#2898);
#2897 = CARTESIAN_POINT('',(0.,0.));
#2898 = VECTOR('',#2899,1.);
#2899 = DIRECTION('',(1.,0.));
#2900 = ( GEOMETRIC_REPRESENTATION_CONTEXT(2) 
PARAMETRIC_REPRESENTATION_CONTEXT() REPRESENTATION_CONTEXT('2D SPACE',''
  ) );
#2901 = ORIENTED_EDGE('',*,*,#2409,.T.);
#2902 = ORIENTED_EDGE('',*,*,#2466,.T.);
#2903 = ADVANCED_FACE('',(#2904),#2530,.F.);
#2904 = FACE_BOUND('',#2905,.F.);
#2905 = EDGE_LOOP('',(#2906,#2926,#2947,#2967));
#2906 = ORIENTED_EDGE('',*,*,#2907,.F.);
#2907 = EDGE_CURVE('',#2728,#2492,#2908,.T.);
#2908 = SURFACE_CURVE('',#2909,(#2914,#2920),.PCURVE_S1.);
#2909 = CIRCLE('',#2910,17.5);
#2910 = AXIS2_PLACEMENT_3D('',#2911,#2912,#2913);
#2911 = CARTESIAN_POINT('',(200.,20.,20.));
#2912 = DIRECTION('',(0.,-1.,0.));
#2913 = DIRECTION('',(1.,0.,0.));
#2914 = PCURVE('',#2530,#2915);
#2915 = DEFINITIONAL_REPRESENTATION('',(#2916),#2919);
#2916 = B_SPLINE_CURVE_WITH_KNOTS('',1,(#2917,#2918),.UNSPECIFIED.,.F.,
  .F.,(2,2),(4.712388980385,6.28318530718),.PIECEWISE_BEZIER_KNOTS.);
#2917 = CARTESIAN_POINT('',(1.570796326795,17.5));
#2918 = CARTESIAN_POINT('',(0.,17.5));
#2919 = ( GEOMETRIC_REPRESENTATION_CONTEXT(2) 
PARAMETRIC_REPRESENTATION_CONTEXT() REPRESENTATION_CONTEXT('2D SPACE',''
  ) );
#2920 = PCURVE('',#2764,#2921);
#2921 = DEFINITIONAL_REPRESENTATION('',(#2922),#2925);
#2922 = B_SPLINE_CURVE_WITH_KNOTS('',1,(#2923,#2924),.UNSPECIFIED.,.F.,
  .F.,(2,2),(4.712388980385,6.28318530718),.PIECEWISE_BEZIER_KNOTS.);
#2923 = CARTESIAN_POINT('',(0.,-1.570796326795));
#2924 = CARTESIAN_POINT('',(0.,0.));
#2925 = ( GEOMETRIC_REPRESENTATION_CONTEXT(2) 
PARAMETRIC_REPRESENTATION_CONTEXT() REPRESENTATION_CONTEXT('2D SPACE',''
  ) );
#2926 = ORIENTED_EDGE('',*,*,#2927,.T.);
#2927 = EDGE_CURVE('',#2728,#2828,#2928,.T.);
#2928 = SURFACE_CURVE('',#2929,(#2933,#2940),.PCURVE_S1.);
#2929 = LINE('',#2930,#2931);
#2930 = CARTESIAN_POINT('',(200.,2.5,2.5));
#2931 = VECTOR('',#2932,1.);
#2932 = DIRECTION('',(-0.,1.,0.));
#2933 = PCURVE('',#2530,#2934);
#2934 = DEFINITIONAL_REPRESENTATION('',(#2935),#2939);
#2935 = LINE('',#2936,#2937);
#2936 = CARTESIAN_POINT('',(1.570796326795,0.));
#2937 = VECTOR('',#2938,1.);
#2938 = DIRECTION('',(0.,1.));
#2939 = ( GEOMETRIC_REPRESENTATION_CONTEXT(2) 
PARAMETRIC_REPRESENTATION_CONTEXT() REPRESENTATION_CONTEXT('2D SPACE',''
  ) );
#2940 = PCURVE('',#2638,#2941);
#2941 = DEFINITIONAL_REPRESENTATION('',(#2942),#2946);
#2942 = LINE('',#2943,#2944);
#2943 = CARTESIAN_POINT('',(197.5,0.));
#2944 = VECTOR('',#2945,1.);
#2945 = DIRECTION('',(0.,1.));
#2946 = ( GEOMETRIC_REPRESENTATION_CONTEXT(2) 
PARAMETRIC_REPRESENTATION_CONTEXT() REPRESENTATION_CONTEXT('2D SPACE',''
  ) );
#2947 = ORIENTED_EDGE('',*,*,#2948,.T.);
#2948 = EDGE_CURVE('',#2828,#2515,#2949,.T.);
#2949 = SURFACE_CURVE('',#2950,(#2955,#2961),.PCURVE_S1.);
#2950 = CIRCLE('',#2951,17.5);
#2951 = AXIS2_PLACEMENT_3D('',#2952,#2953,#2954);
#2952 = CARTESIAN_POINT('',(200.,140.,20.));
#2953 = DIRECTION('',(0.,-1.,0.));
#2954 = DIRECTION('',(1.,0.,0.));
#2955 = PCURVE('',#2530,#2956);
#2956 = DEFINITIONAL_REPRESENTATION('',(#2957),#2960);
#2957 = B_SPLINE_CURVE_WITH_KNOTS('',1,(#2958,#2959),.UNSPECIFIED.,.F.,
  .F.,(2,2),(4.712388980385,6.28318530718),.PIECEWISE_BEZIER_KNOTS.);
#2958 = CARTESIAN_POINT('',(1.570796326795,137.5));
#2959 = CARTESIAN_POINT('',(0.,137.5));
#2960 = ( GEOMETRIC_REPRESENTATION_CONTEXT(2) 
PARAMETRIC_REPRESENTATION_CONTEXT() REPRESENTATION_CONTEXT('2D SPACE',''
  ) );
#2961 = PCURVE('',#2864,#2962);
#2962 = DEFINITIONAL_REPRESENTATION('',(#2963),#2966);
#2963 = B_SPLINE_CURVE_WITH_KNOTS('',1,(#2964,#2965),.UNSPECIFIED.,.F.,
  .F.,(2,2),(4.712388980385,6.28318530718),.PIECEWISE_BEZIER_KNOTS.);
#2964 = CARTESIAN_POINT('',(0.,-1.570796326795));
#2965 = CARTESIAN_POINT('',(0.,0.));
#2966 = ( GEOMETRIC_REPRESENTATION_CONTEXT(2) 
PARAMETRIC_REPRESENTATION_CONTEXT() REPRESENTATION_CONTEXT('2D SPACE',''
  ) );
#2967 = ORIENTED_EDGE('',*,*,#2514,.F.);
#2968 = ADVANCED_FACE('',(#2969),#2583,.F.);
#2969 = FACE_BOUND('',#2970,.F.);
#2970 = EDGE_LOOP('',(#2971,#2972,#2973));
#2971 = ORIENTED_EDGE('',*,*,#2600,.F.);
#2972 = ORIENTED_EDGE('',*,*,#2707,.T.);
#2973 = ORIENTED_EDGE('',*,*,#2568,.F.);
#2974 = ADVANCED_FACE('',(#2975),#2638,.T.);
#2975 = FACE_BOUND('',#2976,.T.);
#2976 = EDGE_LOOP('',(#2977,#2978,#2979,#2980));
#2977 = ORIENTED_EDGE('',*,*,#2622,.F.);
#2978 = ORIENTED_EDGE('',*,*,#2727,.T.);
#2979 = ORIENTED_EDGE('',*,*,#2927,.T.);
#2980 = ORIENTED_EDGE('',*,*,#2827,.F.);
#2981 = ADVANCED_FACE('',(#2982),#2664,.F.);
#2982 = FACE_BOUND('',#2983,.T.);
#2983 = EDGE_LOOP('',(#2984,#2985,#2986));
#2984 = ORIENTED_EDGE('',*,*,#2650,.F.);
#2985 = ORIENTED_EDGE('',*,*,#2807,.T.);
#2986 = ORIENTED_EDGE('',*,*,#2680,.F.);
#2987 = ADVANCED_FACE('',(#2988),#2764,.F.);
#2988 = FACE_BOUND('',#2989,.T.);
#2989 = EDGE_LOOP('',(#2990,#2991,#2992));
#2990 = ORIENTED_EDGE('',*,*,#2907,.F.);
#2991 = ORIENTED_EDGE('',*,*,#2750,.T.);
#2992 = ORIENTED_EDGE('',*,*,#2780,.F.);
#2993 = ADVANCED_FACE('',(#2994),#2864,.F.);
#2994 = FACE_BOUND('',#2995,.F.);
#2995 = EDGE_LOOP('',(#2996,#2997,#2998));
#2996 = ORIENTED_EDGE('',*,*,#2948,.F.);
#2997 = ORIENTED_EDGE('',*,*,#2850,.T.);
#2998 = ORIENTED_EDGE('',*,*,#2880,.F.);
#2999 = ( GEOMETRIC_REPRESENTATION_CONTEXT(3) 
GLOBAL_UNCERTAINTY_ASSIGNED_CONTEXT((#3003)) 
GLOBAL_UNIT_ASSIGNED_CONTEXT((#3000,#3001,#3002)) REPRESENTATION_CONTEXT
('Context #1','3D Context with UNIT and UNCERTAINTY') );
#3000 = ( LENGTH_UNIT() NAMED_UNIT(*) SI_UNIT(.MILLI.,.METRE.) );
#3001 = ( NAMED_UNIT(*) PLANE_ANGLE_UNIT() SI_UNIT($,.RADIAN.) );
#3002 = ( NAMED_UNIT(*) SI_UNIT($,.STERADIAN.) SOLID_ANGLE_UNIT() );
#3003 = UNCERTAINTY_MEASURE_WITH_UNIT(LENGTH_MEASURE(1.E-07),#3000,
  'distance_accuracy_value','confusion accuracy');
#3004 = PRODUCT_RELATED_PRODUCT_CATEGORY('part',$,(#7));
ENDSEC;
END-ISO-10303-21;
