ISO-10303-21;
HEADER;
FILE_DESCRIPTION(('Open CASCADE Model'),'2;1');
FILE_NAME('Open CASCADE Shape Model','2026-10-03T07:35:08',('Author'),(
    'Open CASCADE'),'Open CASCADE STEP processor 7.9','Open CASCADE 7.9'
  ,'Unknown');
FILE_SCHEMA(('AUTOMOTIVE_DESIGN { 1 0 10303 214 1 1 1 1 }'));
ENDSEC;
DATA;
#1 = APPLICATION_PROTOCOL_DEFINITION('international standard',
  'automotive_design',2000,#2);
#2 = APPLICATION_CONTEXT(
  'core data for automotive mechanical design processes');
#3 = SHAPE_DEFINITION_REPRESENTATION(#4,#10);
#4 = PRODUCT_DEFINITION_SHAPE('','',#5);
#5 = PRODUCT_DEFINITION('design','',#6,#9);
#6 = PRODUCT_DEFINITION_FORMATION('','',#7);
#7 = PRODUCT('HAT STIFFENER CARBON FIBRE 3',
  'HAT STIFFENER CARBON FIBRE 3','',(#8));
#8 = PRODUCT_CONTEXT('',#2,'mechanical');
#9 = PRODUCT_DEFINITION_CONTEXT('part definition',#2,'design');
#10 = ADVANCED_BREP_SHAPE_REPRESENTATION('',(#11,#15),#2959);
#11 = AXIS2_PLACEMENT_3D('',#12,#13,#14);
#12 = CARTESIAN_POINT('',(0.,0.,0.));
#13 = DIRECTION('',(0.,0.,1.));
#14 = DIRECTION('',(1.,0.,-0.));
#15 = MANIFOLD_SOLID_BREP('',#16);
#16 = CLOSED_SHELL('',(#17,#137,#256,#376,#457,#639,#696,#805,#885,#938,
    #984,#1055,#1223,#1283,#1336,#1401,#1429,#1549,#1603,#1692,#1749,
    #1803,#1829,#1909,#1962,#2010,#2101,#2154,#2182,#2241,#2423,#2512,
    #2599,#2625,#2671,#2719,#2887,#2952));
#17 = ADVANCED_FACE('',(#18),#32,.T.);
#18 = FACE_BOUND('',#19,.T.);
#19 = EDGE_LOOP('',(#20,#53,#82,#110));
#20 = ORIENTED_EDGE('',*,*,#21,.F.);
#21 = EDGE_CURVE('',#22,#24,#26,.T.);
#22 = VERTEX_POINT('',#23);
#23 = CARTESIAN_POINT('',(0.857142857143,2.909527478174,6.));
#24 = VERTEX_POINT('',#25);
#25 = CARTESIAN_POINT('',(0.857142857143,2.909527478174,40.));
#26 = SURFACE_CURVE('',#27,(#31,#42),.PCURVE_S1.);
#27 = LINE('',#28,#29);
#28 = CARTESIAN_POINT('',(0.857142857143,2.909527478174,0.));
#29 = VECTOR('',#30,1.);
#30 = DIRECTION('',(0.,0.,1.));
#31 = PCURVE('',#32,#37);
#32 = CYLINDRICAL_SURFACE('',#33,6.);
#33 = AXIS2_PLACEMENT_3D('',#34,#35,#36);
#34 = CARTESIAN_POINT('',(6.,6.,0.));
#35 = DIRECTION('',(0.,0.,1.));
#36 = DIRECTION('',(-1.,-0.,0.));
#37 = DEFINITIONAL_REPRESENTATION('',(#38),#41);
#38 = B_SPLINE_CURVE_WITH_KNOTS('',1,(#39,#40),.UNSPECIFIED.,.F.,.F.,(2,
    2),(5.9999994,40.0000006),.PIECEWISE_BEZIER_KNOTS.);
#39 = CARTESIAN_POINT('',(0.541099525957,5.9999994));
#40 = CARTESIAN_POINT('',(0.541099525957,40.0000006));
#41 = ( GEOMETRIC_REPRESENTATION_CONTEXT(2) 
PARAMETRIC_REPRESENTATION_CONTEXT() REPRESENTATION_CONTEXT('2D SPACE',''
  ) );
#42 = PCURVE('',#43,#48);
#43 = CYLINDRICAL_SURFACE('',#44,3.5);
#44 = AXIS2_PLACEMENT_3D('',#45,#46,#47);
#45 = CARTESIAN_POINT('',(2.5,6.,-1.));
#46 = DIRECTION('',(0.,0.,1.));
#47 = DIRECTION('',(-1.,-0.,0.));
#48 = DEFINITIONAL_REPRESENTATION('',(#49),#52);
#49 = B_SPLINE_CURVE_WITH_KNOTS('',1,(#50,#51),.UNSPECIFIED.,.F.,.F.,(2,
    2),(5.9999994,40.0000006),.PIECEWISE_BEZIER_KNOTS.);
#50 = CARTESIAN_POINT('',(1.082199051914,6.9999994));
#51 = CARTESIAN_POINT('',(1.082199051914,41.0000006));
#52 = ( GEOMETRIC_REPRESENTATION_CONTEXT(2) 
PARAMETRIC_REPRESENTATION_CONTEXT() REPRESENTATION_CONTEXT('2D SPACE',''
  ) );
#53 = ORIENTED_EDGE('',*,*,#54,.T.);
#54 = EDGE_CURVE('',#22,#55,#57,.T.);
#55 = VERTEX_POINT('',#56);
#56 = CARTESIAN_POINT('',(6.,-8.881784197001E-16,6.));
#57 = SURFACE_CURVE('',#58,(#63,#70),.PCURVE_S1.);
#58 = CIRCLE('',#59,6.);
#59 = AXIS2_PLACEMENT_3D('',#60,#61,#62);
#60 = CARTESIAN_POINT('',(6.,6.,6.));
#61 = DIRECTION('',(0.,0.,1.));
#62 = DIRECTION('',(-1.,0.,0.));
#63 = PCURVE('',#32,#64);
#64 = DEFINITIONAL_REPRESENTATION('',(#65),#69);
#65 = LINE('',#66,#67);
#66 = CARTESIAN_POINT('',(0.,6.));
#67 = VECTOR('',#68,1.);
#68 = DIRECTION('',(1.,0.));
#69 = ( GEOMETRIC_REPRESENTATION_CONTEXT(2) 
PARAMETRIC_REPRESENTATION_CONTEXT() REPRESENTATION_CONTEXT('2D SPACE',''
  ) );
#70 = PCURVE('',#71,#76);
#71 = SPHERICAL_SURFACE('',#72,6.);
#72 = AXIS2_PLACEMENT_3D('',#73,#74,#75);
#73 = CARTESIAN_POINT('',(6.,6.,6.));
#74 = DIRECTION('',(0.,0.,1.));
#75 = DIRECTION('',(-1.,0.,0.));
#76 = DEFINITIONAL_REPRESENTATION('',(#77),#81);
#77 = LINE('',#78,#79);
#78 = CARTESIAN_POINT('',(0.,0.));
#79 = VECTOR('',#80,1.);
#80 = DIRECTION('',(1.,0.));
#81 = ( GEOMETRIC_REPRESENTATION_CONTEXT(2) 
PARAMETRIC_REPRESENTATION_CONTEXT() REPRESENTATION_CONTEXT('2D SPACE',''
  ) );
#82 = ORIENTED_EDGE('',*,*,#83,.T.);
#83 = EDGE_CURVE('',#55,#84,#86,.T.);
#84 = VERTEX_POINT('',#85);
#85 = CARTESIAN_POINT('',(6.,-8.881784197001E-16,40.));
#86 = SURFACE_CURVE('',#87,(#91,#98),.PCURVE_S1.);
#87 = LINE('',#88,#89);
#88 = CARTESIAN_POINT('',(6.,-8.881784197001E-16,0.));
#89 = VECTOR('',#90,1.);
#90 = DIRECTION('',(0.,0.,1.));
#91 = PCURVE('',#32,#92);
#92 = DEFINITIONAL_REPRESENTATION('',(#93),#97);
#93 = LINE('',#94,#95);
#94 = CARTESIAN_POINT('',(1.570796326795,0.));
#95 = VECTOR('',#96,1.);
#96 = DIRECTION('',(0.,1.));
#97 = ( GEOMETRIC_REPRESENTATION_CONTEXT(2) 
PARAMETRIC_REPRESENTATION_CONTEXT() REPRESENTATION_CONTEXT('2D SPACE',''
  ) );
#98 = PCURVE('',#99,#104);
#99 = PLANE('',#100);
#100 = AXIS2_PLACEMENT_3D('',#101,#102,#103);
#101 = CARTESIAN_POINT('',(0.,0.,0.));
#102 = DIRECTION('',(-0.,1.,0.));
#103 = DIRECTION('',(0.,0.,1.));
#104 = DEFINITIONAL_REPRESENTATION('',(#105),#109);
#105 = LINE('',#106,#107);
#106 = CARTESIAN_POINT('',(0.,6.));
#107 = VECTOR('',#108,1.);
#108 = DIRECTION('',(1.,0.));
#109 = ( GEOMETRIC_REPRESENTATION_CONTEXT(2) 
PARAMETRIC_REPRESENTATION_CONTEXT() REPRESENTATION_CONTEXT('2D SPACE',''
  ) );
#110 = ORIENTED_EDGE('',*,*,#111,.F.);
#111 = EDGE_CURVE('',#24,#84,#112,.T.);
#112 = SURFACE_CURVE('',#113,(#118,#125),.PCURVE_S1.);
#113 = CIRCLE('',#114,6.);
#114 = AXIS2_PLACEMENT_3D('',#115,#116,#117);
#115 = CARTESIAN_POINT('',(6.,6.,40.));
#116 = DIRECTION('',(0.,0.,1.));
#117 = DIRECTION('',(-1.,0.,0.));
#118 = PCURVE('',#32,#119);
#119 = DEFINITIONAL_REPRESENTATION('',(#120),#124);
#120 = LINE('',#121,#122);
#121 = CARTESIAN_POINT('',(0.,40.));
#122 = VECTOR('',#123,1.);
#123 = DIRECTION('',(1.,0.));
#124 = ( GEOMETRIC_REPRESENTATION_CONTEXT(2) 
PARAMETRIC_REPRESENTATION_CONTEXT() REPRESENTATION_CONTEXT('2D SPACE',''
  ) );
#125 = PCURVE('',#126,#131);
#126 = SPHERICAL_SURFACE('',#127,6.);
#127 = AXIS2_PLACEMENT_3D('',#128,#129,#130);
#128 = CARTESIAN_POINT('',(6.,6.,40.));
#129 = DIRECTION('',(-0.,-0.,-1.));
#130 = DIRECTION('',(-1.,0.,0.));
#131 = DEFINITIONAL_REPRESENTATION('',(#132),#136);
#132 = LINE('',#133,#134);
#133 = CARTESIAN_POINT('',(-0.,0.));
#134 = VECTOR('',#135,1.);
#135 = DIRECTION('',(-1.,0.));
#136 = ( GEOMETRIC_REPRESENTATION_CONTEXT(2) 
PARAMETRIC_REPRESENTATION_CONTEXT() REPRESENTATION_CONTEXT('2D SPACE',''
  ) );
#137 = ADVANCED_FACE('',(#138),#43,.F.);
#138 = FACE_BOUND('',#139,.F.);
#139 = EDGE_LOOP('',(#140,#169,#170,#230));
#140 = ORIENTED_EDGE('',*,*,#141,.F.);
#141 = EDGE_CURVE('',#24,#142,#144,.T.);
#142 = VERTEX_POINT('',#143);
#143 = CARTESIAN_POINT('',(2.5,2.5,40.));
#144 = SURFACE_CURVE('',#145,(#150,#157),.PCURVE_S1.);
#145 = CIRCLE('',#146,3.5);
#146 = AXIS2_PLACEMENT_3D('',#147,#148,#149);
#147 = CARTESIAN_POINT('',(2.5,6.,40.));
#148 = DIRECTION('',(0.,0.,1.));
#149 = DIRECTION('',(-1.,0.,0.));
#150 = PCURVE('',#43,#151);
#151 = DEFINITIONAL_REPRESENTATION('',(#152),#156);
#152 = LINE('',#153,#154);
#153 = CARTESIAN_POINT('',(0.,41.));
#154 = VECTOR('',#155,1.);
#155 = DIRECTION('',(1.,0.));
#156 = ( GEOMETRIC_REPRESENTATION_CONTEXT(2) 
PARAMETRIC_REPRESENTATION_CONTEXT() REPRESENTATION_CONTEXT('2D SPACE',''
  ) );
#157 = PCURVE('',#158,#163);
#158 = SPHERICAL_SURFACE('',#159,3.5);
#159 = AXIS2_PLACEMENT_3D('',#160,#161,#162);
#160 = CARTESIAN_POINT('',(2.5,6.,40.));
#161 = DIRECTION('',(-0.,-0.,-1.));
#162 = DIRECTION('',(-1.,0.,0.));
#163 = DEFINITIONAL_REPRESENTATION('',(#164),#168);
#164 = LINE('',#165,#166);
#165 = CARTESIAN_POINT('',(-0.,0.));
#166 = VECTOR('',#167,1.);
#167 = DIRECTION('',(-1.,0.));
#168 = ( GEOMETRIC_REPRESENTATION_CONTEXT(2) 
PARAMETRIC_REPRESENTATION_CONTEXT() REPRESENTATION_CONTEXT('2D SPACE',''
  ) );
#169 = ORIENTED_EDGE('',*,*,#21,.F.);
#170 = ORIENTED_EDGE('',*,*,#171,.T.);
#171 = EDGE_CURVE('',#22,#172,#174,.T.);
#172 = VERTEX_POINT('',#173);
#173 = CARTESIAN_POINT('',(2.5,2.5,2.608835008437));
#174 = SURFACE_CURVE('',#175,(#190,#210),.PCURVE_S1.);
#175 = B_SPLINE_CURVE_WITH_KNOTS('',7,(#176,#177,#178,#179,#180,#181,
    #182,#183,#184,#185,#186,#187,#188,#189),.UNSPECIFIED.,.F.,.F.,(8,6,
    8),(0.,0.791534543087,1.),.UNSPECIFIED.);
#176 = CARTESIAN_POINT('',(0.857142857143,2.909527478174,6.));
#177 = CARTESIAN_POINT('',(0.857142857143,2.909527478174,5.551602235775)
  );
#178 = CARTESIAN_POINT('',(0.924199876811,2.874005150785,5.114498001048)
  );
#179 = CARTESIAN_POINT('',(1.05202641881,2.80552592107,4.695760079249));
#180 = CARTESIAN_POINT('',(1.229026569483,2.724550498255,4.296223246798)
  );
#181 = CARTESIAN_POINT('',(1.445803874557,2.646938000543,3.91658692566)
  );
#182 = CARTESIAN_POINT('',(1.693399666385,2.583096237777,3.556490687655)
  );
#183 = CARTESIAN_POINT('',(2.037229034709,2.529970718716,3.124462733716)
  );
#184 = CARTESIAN_POINT('',(2.110650025648,2.520401066205,3.035604350186)
  );
#185 = CARTESIAN_POINT('',(2.185702914366,2.512484357944,2.947930503936)
  );
#186 = CARTESIAN_POINT('',(2.262275653749,2.506359721075,2.861425616582)
  );
#187 = CARTESIAN_POINT('',(2.340256696368,2.502157648723,2.776078515366)
  );
#188 = CARTESIAN_POINT('',(2.419534994474,2.5,2.691882433155));
#189 = CARTESIAN_POINT('',(2.5,2.5,2.608835008437));
#190 = PCURVE('',#43,#191);
#191 = DEFINITIONAL_REPRESENTATION('',(#192),#209);
#192 = B_SPLINE_CURVE_WITH_KNOTS('',8,(#193,#194,#195,#196,#197,#198,
    #199,#200,#201,#202,#203,#204,#205,#206,#207,#208),.UNSPECIFIED.,.F.
  ,.F.,(9,7,9),(0.,0.5,1.),.UNSPECIFIED.);
#193 = CARTESIAN_POINT('',(1.082199051914,7.));
#194 = CARTESIAN_POINT('',(1.082199051914,6.752159872792));
#195 = CARTESIAN_POINT('',(1.088701483047,6.507716219071));
#196 = CARTESIAN_POINT('',(1.101356958559,6.267726916555));
#197 = CARTESIAN_POINT('',(1.119598142201,6.032858887539));
#198 = CARTESIAN_POINT('',(1.142736731959,5.803484105867));
#199 = CARTESIAN_POINT('',(1.170060443792,5.579775603927));
#200 = CARTESIAN_POINT('',(1.200929995361,5.361803479622));
#201 = CARTESIAN_POINT('',(1.268822184174,4.937458327098));
#202 = CARTESIAN_POINT('',(1.305835707056,4.731058633929));
#203 = CARTESIAN_POINT('',(1.345357426958,4.53059482251));
#204 = CARTESIAN_POINT('',(1.387184482423,4.335259468669));
#205 = CARTESIAN_POINT('',(1.43046571002,4.146916276017));
#206 = CARTESIAN_POINT('',(1.475775846553,3.96230856173));
#207 = CARTESIAN_POINT('',(1.522547922288,3.783124067412));
#208 = CARTESIAN_POINT('',(1.570796326795,3.608835008437));
#209 = ( GEOMETRIC_REPRESENTATION_CONTEXT(2) 
PARAMETRIC_REPRESENTATION_CONTEXT() REPRESENTATION_CONTEXT('2D SPACE',''
  ) );
#210 = PCURVE('',#71,#211);
#211 = DEFINITIONAL_REPRESENTATION('',(#212),#229);
#212 = B_SPLINE_CURVE_WITH_KNOTS('',8,(#213,#214,#215,#216,#217,#218,
    #219,#220,#221,#222,#223,#224,#225,#226,#227,#228),.UNSPECIFIED.,.F.
  ,.F.,(9,7,9),(0.,0.5,1.),.UNSPECIFIED.);
#213 = CARTESIAN_POINT('',(0.541099525957,0.));
#214 = CARTESIAN_POINT('',(0.541099525957,-4.130668786801E-02));
#215 = CARTESIAN_POINT('',(0.544349738914,-8.204700714226E-02));
#216 = CARTESIAN_POINT('',(0.550677289003,-0.122153396683));
#217 = CARTESIAN_POINT('',(0.559798614987,-0.161607748702));
#218 = CARTESIAN_POINT('',(0.571368783921,-0.200427688896));
#219 = CARTESIAN_POINT('',(0.585030804858,-0.238652856587));
#220 = CARTESIAN_POINT('',(0.600464942551,-0.276331184857));
#221 = CARTESIAN_POINT('',(0.634411119769,-0.350679176515));
#222 = CARTESIAN_POINT('',(0.652918087424,-0.387354213444));
#223 = CARTESIAN_POINT('',(0.672678139928,-0.423551283963));
#224 = CARTESIAN_POINT('',(0.693592963466,-0.459478995159));
#225 = CARTESIAN_POINT('',(0.715232168303,-0.49481344792));
#226 = CARTESIAN_POINT('',(0.737888207592,-0.530225988673));
#227 = CARTESIAN_POINT('',(0.761273961144,-0.565456891165));
#228 = CARTESIAN_POINT('',(0.785398163397,-0.600668598448));
#229 = ( GEOMETRIC_REPRESENTATION_CONTEXT(2) 
PARAMETRIC_REPRESENTATION_CONTEXT() REPRESENTATION_CONTEXT('2D SPACE',''
  ) );
#230 = ORIENTED_EDGE('',*,*,#231,.T.);
#231 = EDGE_CURVE('',#172,#142,#232,.T.);
#232 = SURFACE_CURVE('',#233,(#237,#244),.PCURVE_S1.);
#233 = LINE('',#234,#235);
#234 = CARTESIAN_POINT('',(2.5,2.5,-1.));
#235 = VECTOR('',#236,1.);
#236 = DIRECTION('',(0.,0.,1.));
#237 = PCURVE('',#43,#238);
#238 = DEFINITIONAL_REPRESENTATION('',(#239),#243);
#239 = LINE('',#240,#241);
#240 = CARTESIAN_POINT('',(1.570796326795,0.));
#241 = VECTOR('',#242,1.);
#242 = DIRECTION('',(0.,1.));
#243 = ( GEOMETRIC_REPRESENTATION_CONTEXT(2) 
PARAMETRIC_REPRESENTATION_CONTEXT() REPRESENTATION_CONTEXT('2D SPACE',''
  ) );
#244 = PCURVE('',#245,#250);
#245 = PLANE('',#246);
#246 = AXIS2_PLACEMENT_3D('',#247,#248,#249);
#247 = CARTESIAN_POINT('',(-1.,2.5,-1.));
#248 = DIRECTION('',(-0.,1.,0.));
#249 = DIRECTION('',(0.,0.,1.));
#250 = DEFINITIONAL_REPRESENTATION('',(#251),#255);
#251 = LINE('',#252,#253);
#252 = CARTESIAN_POINT('',(0.,3.5));
#253 = VECTOR('',#254,1.);
#254 = DIRECTION('',(1.,0.));
#255 = ( GEOMETRIC_REPRESENTATION_CONTEXT(2) 
PARAMETRIC_REPRESENTATION_CONTEXT() REPRESENTATION_CONTEXT('2D SPACE',''
  ) );
#256 = ADVANCED_FACE('',(#257),#126,.T.);
#257 = FACE_BOUND('',#258,.F.);
#258 = EDGE_LOOP('',(#259,#288,#313,#314));
#259 = ORIENTED_EDGE('',*,*,#260,.F.);
#260 = EDGE_CURVE('',#261,#263,#265,.T.);
#261 = VERTEX_POINT('',#262);
#262 = CARTESIAN_POINT('',(6.,6.,46.));
#263 = VERTEX_POINT('',#264);
#264 = CARTESIAN_POINT('',(0.857142857143,6.,43.090472521826));
#265 = SURFACE_CURVE('',#266,(#271,#277),.PCURVE_S1.);
#266 = CIRCLE('',#267,6.);
#267 = AXIS2_PLACEMENT_3D('',#268,#269,#270);
#268 = CARTESIAN_POINT('',(6.,6.,40.));
#269 = DIRECTION('',(0.,-1.,0.));
#270 = DIRECTION('',(-1.,0.,0.));
#271 = PCURVE('',#126,#272);
#272 = DEFINITIONAL_REPRESENTATION('',(#273),#276);
#273 = B_SPLINE_CURVE_WITH_KNOTS('',1,(#274,#275),.UNSPECIFIED.,.F.,.F.,
  (2,2),(4.712388980385,6.28318530718),.PIECEWISE_BEZIER_KNOTS.);
#274 = CARTESIAN_POINT('',(0.,-1.570796326795));
#275 = CARTESIAN_POINT('',(0.,0.));
#276 = ( GEOMETRIC_REPRESENTATION_CONTEXT(2) 
PARAMETRIC_REPRESENTATION_CONTEXT() REPRESENTATION_CONTEXT('2D SPACE',''
  ) );
#277 = PCURVE('',#278,#283);
#278 = CYLINDRICAL_SURFACE('',#279,6.);
#279 = AXIS2_PLACEMENT_3D('',#280,#281,#282);
#280 = CARTESIAN_POINT('',(6.,0.,40.));
#281 = DIRECTION('',(-0.,1.,0.));
#282 = DIRECTION('',(-1.,-0.,0.));
#283 = DEFINITIONAL_REPRESENTATION('',(#284),#287);
#284 = B_SPLINE_CURVE_WITH_KNOTS('',1,(#285,#286),.UNSPECIFIED.,.F.,.F.,
  (2,2),(4.712388980385,6.28318530718),.PIECEWISE_BEZIER_KNOTS.);
#285 = CARTESIAN_POINT('',(1.570796326795,6.));
#286 = CARTESIAN_POINT('',(0.,6.));
#287 = ( GEOMETRIC_REPRESENTATION_CONTEXT(2) 
PARAMETRIC_REPRESENTATION_CONTEXT() REPRESENTATION_CONTEXT('2D SPACE',''
  ) );
#288 = ORIENTED_EDGE('',*,*,#289,.T.);
#289 = EDGE_CURVE('',#261,#84,#290,.T.);
#290 = SURFACE_CURVE('',#291,(#296,#302),.PCURVE_S1.);
#291 = CIRCLE('',#292,6.);
#292 = AXIS2_PLACEMENT_3D('',#293,#294,#295);
#293 = CARTESIAN_POINT('',(6.,6.,40.));
#294 = DIRECTION('',(1.,-6.123233995737E-17,0.));
#295 = DIRECTION('',(-6.123233995737E-17,-1.,0.));
#296 = PCURVE('',#126,#297);
#297 = DEFINITIONAL_REPRESENTATION('',(#298),#301);
#298 = B_SPLINE_CURVE_WITH_KNOTS('',1,(#299,#300),.UNSPECIFIED.,.F.,.F.,
  (2,2),(4.712388980385,6.28318530718),.PIECEWISE_BEZIER_KNOTS.);
#299 = CARTESIAN_POINT('',(-1.570796326795,-1.570796326795));
#300 = CARTESIAN_POINT('',(-1.570796326795,0.));
#301 = ( GEOMETRIC_REPRESENTATION_CONTEXT(2) 
PARAMETRIC_REPRESENTATION_CONTEXT() REPRESENTATION_CONTEXT('2D SPACE',''
  ) );
#302 = PCURVE('',#303,#308);
#303 = CYLINDRICAL_SURFACE('',#304,6.);
#304 = AXIS2_PLACEMENT_3D('',#305,#306,#307);
#305 = CARTESIAN_POINT('',(0.,6.,40.));
#306 = DIRECTION('',(1.,0.,-0.));
#307 = DIRECTION('',(0.,-1.,0.));
#308 = DEFINITIONAL_REPRESENTATION('',(#309),#312);
#309 = B_SPLINE_CURVE_WITH_KNOTS('',1,(#310,#311),.UNSPECIFIED.,.F.,.F.,
  (2,2),(4.712388980385,6.28318530718),.PIECEWISE_BEZIER_KNOTS.);
#310 = CARTESIAN_POINT('',(-1.570796326795,6.));
#311 = CARTESIAN_POINT('',(0.,6.));
#312 = ( GEOMETRIC_REPRESENTATION_CONTEXT(2) 
PARAMETRIC_REPRESENTATION_CONTEXT() REPRESENTATION_CONTEXT('2D SPACE',''
  ) );
#313 = ORIENTED_EDGE('',*,*,#111,.F.);
#314 = ORIENTED_EDGE('',*,*,#315,.T.);
#315 = EDGE_CURVE('',#24,#263,#316,.T.);
#316 = SURFACE_CURVE('',#317,(#322,#342),.PCURVE_S1.);
#317 = CIRCLE('',#318,3.090472521826);
#318 = AXIS2_PLACEMENT_3D('',#319,#320,#321);
#319 = CARTESIAN_POINT('',(0.857142857143,6.,40.));
#320 = DIRECTION('',(-1.,2.537652627715E-16,0.));
#321 = DIRECTION('',(-2.537652627715E-16,-1.,0.));
#322 = PCURVE('',#126,#323);
#323 = DEFINITIONAL_REPRESENTATION('',(#324),#341);
#324 = B_SPLINE_CURVE_WITH_KNOTS('',8,(#325,#326,#327,#328,#329,#330,
    #331,#332,#333,#334,#335,#336,#337,#338,#339,#340),.UNSPECIFIED.,.F.
  ,.F.,(9,7,9),(0.,0.785398163397,1.570796326795),.UNSPECIFIED.);
#325 = CARTESIAN_POINT('',(-0.541099525957,0.));
#326 = CARTESIAN_POINT('',(-0.541099525957,-5.056773838901E-02));
#327 = CARTESIAN_POINT('',(-0.536236419186,-0.101135422319));
#328 = CARTESIAN_POINT('',(-0.526509904364,-0.151157772801));
#329 = CARTESIAN_POINT('',(-0.511861372525,-0.200088094298));
#330 = CARTESIAN_POINT('',(-0.492172567214,-0.247358983232));
#331 = CARTESIAN_POINT('',(-0.467296368842,-0.292353721463));
#332 = CARTESIAN_POINT('',(-0.437137561269,-0.334396610144));
#333 = CARTESIAN_POINT('',(-0.366465316073,-0.411184388621));
#334 = CARTESIAN_POINT('',(-0.325952012256,-0.445929381913));
#335 = CARTESIAN_POINT('',(-0.280363586099,-0.476328254549));
#336 = CARTESIAN_POINT('',(-0.230010605723,-0.501665638125));
#337 = CARTESIAN_POINT('',(-0.175496112309,-0.521242122184));
#338 = CARTESIAN_POINT('',(-0.117991164832,-0.534480147062));
#339 = CARTESIAN_POINT('',(-5.899569478718E-02,-0.541099525957));
#340 = CARTESIAN_POINT('',(0.,-0.541099525957));
#341 = ( GEOMETRIC_REPRESENTATION_CONTEXT(2) 
PARAMETRIC_REPRESENTATION_CONTEXT() REPRESENTATION_CONTEXT('2D SPACE',''
  ) );
#342 = PCURVE('',#158,#343);
#343 = DEFINITIONAL_REPRESENTATION('',(#344),#375);
#344 = B_SPLINE_CURVE_WITH_KNOTS('',8,(#345,#346,#347,#348,#349,#350,
    #351,#352,#353,#354,#355,#356,#357,#358,#359,#360,#361,#362,#363,
    #364,#365,#366,#367,#368,#369,#370,#371,#372,#373,#374),
  .UNSPECIFIED.,.F.,.F.,(9,7,7,7,9),(0.,0.785398163397,1.178097245096,
    1.374446785946,1.570796326795),.UNSPECIFIED.);
#345 = CARTESIAN_POINT('',(-1.082199051914,0.));
#346 = CARTESIAN_POINT('',(-1.082199051914,-8.668755152402E-02));
#347 = CARTESIAN_POINT('',(-1.077633972385,-0.173375069195));
#348 = CARTESIAN_POINT('',(-1.068500956382,-0.259782353874));
#349 = CARTESIAN_POINT('',(-1.054465863431,-0.345627518144));
#350 = CARTESIAN_POINT('',(-1.034811558191,-0.43058199675));
#351 = CARTESIAN_POINT('',(-1.008416020038,-0.514199601942));
#352 = CARTESIAN_POINT('',(-0.973312968334,-0.595851635779));
#353 = CARTESIAN_POINT('',(-0.902580422588,-0.713560797126));
#354 = CARTESIAN_POINT('',(-0.875989779774,-0.752002260069));
#355 = CARTESIAN_POINT('',(-0.845970492152,-0.789497748971));
#356 = CARTESIAN_POINT('',(-0.812015550423,-0.82585707417));
#357 = CARTESIAN_POINT('',(-0.773536606653,-0.860845342911));
#358 = CARTESIAN_POINT('',(-0.729830569592,-0.894157159176));
#359 = CARTESIAN_POINT('',(-0.680140552303,-0.925394694685));
#360 = CARTESIAN_POINT('',(-0.595853347604,-0.968413261263));
#361 = CARTESIAN_POINT('',(-0.566132143711,-0.982113201585));
#362 = CARTESIAN_POINT('',(-0.534721688311,-0.995113097499));
#363 = CARTESIAN_POINT('',(-0.501571511209,-1.007347463599));
#364 = CARTESIAN_POINT('',(-0.466657199571,-1.018746005328));
#365 = CARTESIAN_POINT('',(-0.429992816,-1.029235334808));
#366 = CARTESIAN_POINT('',(-0.391642989619,-1.03874218879));
#367 = CARTESIAN_POINT('',(-0.31182637077,-1.055654108635));
#368 = CARTESIAN_POINT('',(-0.270359452011,-1.063059104827));
#369 = CARTESIAN_POINT('',(-0.227459679525,-1.069345087868));
#370 = CARTESIAN_POINT('',(-0.183312534726,-1.074447875089));
#371 = CARTESIAN_POINT('',(-0.138169730839,-1.078313684818));
#372 = CARTESIAN_POINT('',(-9.234091175653E-02,-1.080904041526));
#373 = CARTESIAN_POINT('',(-4.617054374649E-02,-1.082199051914));
#374 = CARTESIAN_POINT('',(-5.406303424262E-16,-1.082199051914));
#375 = ( GEOMETRIC_REPRESENTATION_CONTEXT(2) 
PARAMETRIC_REPRESENTATION_CONTEXT() REPRESENTATION_CONTEXT('2D SPACE',''
  ) );
#376 = ADVANCED_FACE('',(#377),#99,.F.);
#377 = FACE_BOUND('',#378,.F.);
#378 = EDGE_LOOP('',(#379,#380,#403,#431));
#379 = ORIENTED_EDGE('',*,*,#83,.T.);
#380 = ORIENTED_EDGE('',*,*,#381,.T.);
#381 = EDGE_CURVE('',#84,#382,#384,.T.);
#382 = VERTEX_POINT('',#383);
#383 = CARTESIAN_POINT('',(394.,-8.881784197001E-16,40.));
#384 = SURFACE_CURVE('',#385,(#389,#396),.PCURVE_S1.);
#385 = LINE('',#386,#387);
#386 = CARTESIAN_POINT('',(0.,-8.881784197001E-16,40.));
#387 = VECTOR('',#388,1.);
#388 = DIRECTION('',(1.,0.,-0.));
#389 = PCURVE('',#99,#390);
#390 = DEFINITIONAL_REPRESENTATION('',(#391),#395);
#391 = LINE('',#392,#393);
#392 = CARTESIAN_POINT('',(40.,0.));
#393 = VECTOR('',#394,1.);
#394 = DIRECTION('',(0.,1.));
#395 = ( GEOMETRIC_REPRESENTATION_CONTEXT(2) 
PARAMETRIC_REPRESENTATION_CONTEXT() REPRESENTATION_CONTEXT('2D SPACE',''
  ) );
#396 = PCURVE('',#303,#397);
#397 = DEFINITIONAL_REPRESENTATION('',(#398),#402);
#398 = LINE('',#399,#400);
#399 = CARTESIAN_POINT('',(-0.,0.));
#400 = VECTOR('',#401,1.);
#401 = DIRECTION('',(-0.,1.));
#402 = ( GEOMETRIC_REPRESENTATION_CONTEXT(2) 
PARAMETRIC_REPRESENTATION_CONTEXT() REPRESENTATION_CONTEXT('2D SPACE',''
  ) );
#403 = ORIENTED_EDGE('',*,*,#404,.F.);
#404 = EDGE_CURVE('',#405,#382,#407,.T.);
#405 = VERTEX_POINT('',#406);
#406 = CARTESIAN_POINT('',(394.,-8.881784197001E-16,6.));
#407 = SURFACE_CURVE('',#408,(#412,#419),.PCURVE_S1.);
#408 = LINE('',#409,#410);
#409 = CARTESIAN_POINT('',(394.,-8.881784197001E-16,0.));
#410 = VECTOR('',#411,1.);
#411 = DIRECTION('',(0.,0.,1.));
#412 = PCURVE('',#99,#413);
#413 = DEFINITIONAL_REPRESENTATION('',(#414),#418);
#414 = LINE('',#415,#416);
#415 = CARTESIAN_POINT('',(0.,394.));
#416 = VECTOR('',#417,1.);
#417 = DIRECTION('',(1.,0.));
#418 = ( GEOMETRIC_REPRESENTATION_CONTEXT(2) 
PARAMETRIC_REPRESENTATION_CONTEXT() REPRESENTATION_CONTEXT('2D SPACE',''
  ) );
#419 = PCURVE('',#420,#425);
#420 = CYLINDRICAL_SURFACE('',#421,6.);
#421 = AXIS2_PLACEMENT_3D('',#422,#423,#424);
#422 = CARTESIAN_POINT('',(394.,6.,0.));
#423 = DIRECTION('',(0.,0.,1.));
#424 = DIRECTION('',(1.,0.,-0.));
#425 = DEFINITIONAL_REPRESENTATION('',(#426),#430);
#426 = LINE('',#427,#428);
#427 = CARTESIAN_POINT('',(-1.570796326795,0.));
#428 = VECTOR('',#429,1.);
#429 = DIRECTION('',(-0.,1.));
#430 = ( GEOMETRIC_REPRESENTATION_CONTEXT(2) 
PARAMETRIC_REPRESENTATION_CONTEXT() REPRESENTATION_CONTEXT('2D SPACE',''
  ) );
#431 = ORIENTED_EDGE('',*,*,#432,.F.);
#432 = EDGE_CURVE('',#55,#405,#433,.T.);
#433 = SURFACE_CURVE('',#434,(#438,#445),.PCURVE_S1.);
#434 = LINE('',#435,#436);
#435 = CARTESIAN_POINT('',(0.,-8.881784197001E-16,6.));
#436 = VECTOR('',#437,1.);
#437 = DIRECTION('',(1.,0.,-0.));
#438 = PCURVE('',#99,#439);
#439 = DEFINITIONAL_REPRESENTATION('',(#440),#444);
#440 = LINE('',#441,#442);
#441 = CARTESIAN_POINT('',(6.,0.));
#442 = VECTOR('',#443,1.);
#443 = DIRECTION('',(0.,1.));
#444 = ( GEOMETRIC_REPRESENTATION_CONTEXT(2) 
PARAMETRIC_REPRESENTATION_CONTEXT() REPRESENTATION_CONTEXT('2D SPACE',''
  ) );
#445 = PCURVE('',#446,#451);
#446 = CYLINDRICAL_SURFACE('',#447,6.);
#447 = AXIS2_PLACEMENT_3D('',#448,#449,#450);
#448 = CARTESIAN_POINT('',(0.,6.,6.));
#449 = DIRECTION('',(1.,0.,-0.));
#450 = DIRECTION('',(0.,-1.,0.));
#451 = DEFINITIONAL_REPRESENTATION('',(#452),#456);
#452 = LINE('',#453,#454);
#453 = CARTESIAN_POINT('',(0.,0.));
#454 = VECTOR('',#455,1.);
#455 = DIRECTION('',(0.,1.));
#456 = ( GEOMETRIC_REPRESENTATION_CONTEXT(2) 
PARAMETRIC_REPRESENTATION_CONTEXT() REPRESENTATION_CONTEXT('2D SPACE',''
  ) );
#457 = ADVANCED_FACE('',(#458),#71,.T.);
#458 = FACE_BOUND('',#459,.T.);
#459 = EDGE_LOOP('',(#460,#592,#612,#613,#614));
#460 = ORIENTED_EDGE('',*,*,#461,.T.);
#461 = EDGE_CURVE('',#462,#464,#466,.T.);
#462 = VERTEX_POINT('',#463);
#463 = CARTESIAN_POINT('',(2.608835008437,2.5,2.5));
#464 = VERTEX_POINT('',#465);
#465 = CARTESIAN_POINT('',(6.,2.909527478174,0.857142857143));
#466 = SURFACE_CURVE('',#467,(#505,#546),.PCURVE_S1.);
#467 = B_SPLINE_CURVE_WITH_KNOTS('',8,(#468,#469,#470,#471,#472,#473,
    #474,#475,#476,#477,#478,#479,#480,#481,#482,#483,#484,#485,#486,
    #487,#488,#489,#490,#491,#492,#493,#494,#495,#496,#497,#498,#499,
    #500,#501,#502,#503,#504),.UNSPECIFIED.,.F.,.F.,(9,7,7,7,7,9),(0.,
    0.151752762326,0.318625964713,0.471505300357,0.65024117155,1.),
  .UNSPECIFIED.);
#468 = CARTESIAN_POINT('',(2.608835008437,2.5,2.5));
#469 = CARTESIAN_POINT('',(2.665911160314,2.5,2.444698671972));
#470 = CARTESIAN_POINT('',(2.723356135586,2.500998535963,2.39010378881)
  );
#471 = CARTESIAN_POINT('',(2.781165292777,2.502951110302,2.336243777038)
  );
#472 = CARTESIAN_POINT('',(2.83933444527,2.505812579988,2.283146482726)
  );
#473 = CARTESIAN_POINT('',(2.897859861303,2.50953715655,2.230839171491)
  );
#474 = CARTESIAN_POINT('',(2.956738263974,2.514078406078,2.179348528492)
  );
#475 = CARTESIAN_POINT('',(3.015966831238,2.519389249221,2.128700658435)
  );
#476 = CARTESIAN_POINT('',(3.141055669007,2.532055764411,2.024181543369)
  );
#477 = CARTESIAN_POINT('',(3.206988279501,2.539562243448,1.970492393093)
  );
#478 = CARTESIAN_POINT('',(3.273338036413,2.547877944302,1.917887570473)
  );
#479 = CARTESIAN_POINT('',(3.340102049078,2.556938015897,1.866400870661)
  );
#480 = CARTESIAN_POINT('',(3.407277527146,2.566676210077,1.816065948233)
  );
#481 = CARTESIAN_POINT('',(3.474861780579,2.577024881602,1.766916317191)
  );
#482 = CARTESIAN_POINT('',(3.542852219658,2.587914988154,1.718985350957)
  );
#483 = CARTESIAN_POINT('',(3.673905007287,2.609684458647,1.629541686916)
  );
#484 = CARTESIAN_POINT('',(3.736901968116,2.620487983959,1.587828191373)
  );
#485 = CARTESIAN_POINT('',(3.800235331775,2.631632487397,1.547191316913)
  );
#486 = CARTESIAN_POINT('',(3.863902624569,2.643062547597,1.507656947193)
  );
#487 = CARTESIAN_POINT('',(3.92790079119,2.654721620376,1.46925121919));
#488 = CARTESIAN_POINT('',(3.992226181116,2.666552158395,1.432000414033)
  );
#489 = CARTESIAN_POINT('',(4.056874535008,2.678495730826,1.39593084784)
  );
#490 = CARTESIAN_POINT('',(4.197795203285,2.704519681754,1.320310440559)
  );
#491 = CARTESIAN_POINT('',(4.274183588822,2.718619648206,1.28120292089)
  );
#492 = CARTESIAN_POINT('',(4.350998160356,2.732698779013,1.243788144749)
  );
#493 = CARTESIAN_POINT('',(4.428228505214,2.746660931529,1.208108598151)
  );
#494 = CARTESIAN_POINT('',(4.505861732859,2.760409206614,1.174206726264)
  );
#495 = CARTESIAN_POINT('',(4.58388244235,2.77384707142,1.142124347768));
#496 = CARTESIAN_POINT('',(4.662272689798,2.786879482167,1.111902069207)
  );
#497 = CARTESIAN_POINT('',(4.895092685393,2.823942159372,1.028154186092)
  );
#498 = CARTESIAN_POINT('',(5.050541153739,2.846569062268,0.979989813297)
  );
#499 = CARTESIAN_POINT('',(5.207157978799,2.866595216834,0.939398067641)
  );
#500 = CARTESIAN_POINT('',(5.364731488019,2.883372289678,0.906643093236)
  );
#501 = CARTESIAN_POINT('',(5.523040402148,2.896350739136,0.881930420411)
  );
#502 = CARTESIAN_POINT('',(5.681861910195,2.905136372259,0.865403206076)
  );
#503 = CARTESIAN_POINT('',(5.840948521233,2.909527478174,0.857142857143)
  );
#504 = CARTESIAN_POINT('',(6.,2.909527478174,0.857142857143));
#505 = PCURVE('',#71,#506);
#506 = DEFINITIONAL_REPRESENTATION('',(#507),#545);
#507 = B_SPLINE_CURVE_WITH_KNOTS('',8,(#508,#509,#510,#511,#512,#513,
    #514,#515,#516,#517,#518,#519,#520,#521,#522,#523,#524,#525,#526,
    #527,#528,#529,#530,#531,#532,#533,#534,#535,#536,#537,#538,#539,
    #540,#541,#542,#543,#544),.UNSPECIFIED.,.F.,.F.,(9,7,7,7,7,9),(0.,
    0.151752762326,0.318625964713,0.471505300357,0.65024117155,1.),
  .UNSPECIFIED.);
#508 = CARTESIAN_POINT('',(0.801190262549,-0.622826585412));
#509 = CARTESIAN_POINT('',(0.809601484931,-0.634174178492));
#510 = CARTESIAN_POINT('',(0.818081217626,-0.64548246577));
#511 = CARTESIAN_POINT('',(0.826642166578,-0.656746633554));
#512 = CARTESIAN_POINT('',(0.835297707008,-0.66796157384));
#513 = CARTESIAN_POINT('',(0.844061883421,-0.679121884306));
#514 = CARTESIAN_POINT('',(0.852949409597,-0.69022186832));
#515 = CARTESIAN_POINT('',(0.861975668601,-0.701255534934));
#516 = CARTESIAN_POINT('',(0.881252543776,-0.724269808433));
#517 = CARTESIAN_POINT('',(0.891535530854,-0.736234988214));
#518 = CARTESIAN_POINT('',(0.902027207606,-0.748103860679));
#519 = CARTESIAN_POINT('',(0.912750179869,-0.759867261694));
#520 = CARTESIAN_POINT('',(0.923728125715,-0.771515140547));
#521 = CARTESIAN_POINT('',(0.934985795455,-0.783036559943));
#522 = CARTESIAN_POINT('',(0.946549011633,-0.794419696009));
#523 = CARTESIAN_POINT('',(0.969342765161,-0.815942061195));
#524 = CARTESIAN_POINT('',(0.980519779165,-0.826105379328));
#525 = CARTESIAN_POINT('',(0.991996177628,-0.836131883963));
#526 = CARTESIAN_POINT('',(1.003793103773,-0.846010774078));
#527 = CARTESIAN_POINT('',(1.015932037402,-0.855730324254));
#528 = CARTESIAN_POINT('',(1.028434454835,-0.865277852572));
#529 = CARTESIAN_POINT('',(1.041321488847,-0.874639688513));
#530 = CARTESIAN_POINT('',(1.07015378584,-0.894512072841));
#531 = CARTESIAN_POINT('',(1.0862475785,-0.904948982393));
#532 = CARTESIAN_POINT('',(1.102927096131,-0.915088543426));
#533 = CARTESIAN_POINT('',(1.120223138291,-0.924905169606));
#534 = CARTESIAN_POINT('',(1.138163097207,-0.934371339757));
#535 = CARTESIAN_POINT('',(1.156768880434,-0.943457923256));
#536 = CARTESIAN_POINT('',(1.176054833509,-0.952134505442));
#537 = CARTESIAN_POINT('',(1.235105528014,-0.976484757693));
#538 = CARTESIAN_POINT('',(1.276815469444,-0.99091314015));
#539 = CARTESIAN_POINT('',(1.321179418364,-1.003414879962));
#540 = CARTESIAN_POINT('',(1.368073150655,-1.013746014413));
#541 = CARTESIAN_POINT('',(1.417171547652,-1.021676285416));
#542 = CARTESIAN_POINT('',(1.467854874394,-1.027023929801));
#543 = CARTESIAN_POINT('',(1.519331226347,-1.029696800838));
#544 = CARTESIAN_POINT('',(1.570796326795,-1.029696800838));
#545 = ( GEOMETRIC_REPRESENTATION_CONTEXT(2) 
PARAMETRIC_REPRESENTATION_CONTEXT() REPRESENTATION_CONTEXT('2D SPACE',''
  ) );
#546 = PCURVE('',#547,#552);
#547 = CYLINDRICAL_SURFACE('',#548,3.5);
#548 = AXIS2_PLACEMENT_3D('',#549,#550,#551);
#549 = CARTESIAN_POINT('',(-1.,6.,2.5));
#550 = DIRECTION('',(1.,0.,-0.));
#551 = DIRECTION('',(0.,-1.,0.));
#552 = DEFINITIONAL_REPRESENTATION('',(#553),#591);
#553 = B_SPLINE_CURVE_WITH_KNOTS('',8,(#554,#555,#556,#557,#558,#559,
    #560,#561,#562,#563,#564,#565,#566,#567,#568,#569,#570,#571,#572,
    #573,#574,#575,#576,#577,#578,#579,#580,#581,#582,#583,#584,#585,
    #586,#587,#588,#589,#590),.UNSPECIFIED.,.F.,.F.,(9,7,7,7,7,9),(0.,
    0.151752762326,0.318625964713,0.471505300357,0.65024117155,1.),
  .UNSPECIFIED.);
#554 = CARTESIAN_POINT('',(0.,3.608835008437));
#555 = CARTESIAN_POINT('',(1.580037943649E-02,3.665911160314));
#556 = CARTESIAN_POINT('',(3.139892670683E-02,3.723356135586));
#557 = CARTESIAN_POINT('',(4.679351136277E-02,3.781165292777));
#558 = CARTESIAN_POINT('',(6.198154529172E-02,3.83933444527));
#559 = CARTESIAN_POINT('',(7.695998271681E-02,3.897859861303));
#560 = CARTESIAN_POINT('',(9.172532019685E-02,3.956738263974));
#561 = CARTESIAN_POINT('',(0.106273596626,4.015966831238));
#562 = CARTESIAN_POINT('',(0.136354692488,4.141055669007));
#563 = CARTESIAN_POINT('',(0.151841065799,4.206988279501));
#564 = CARTESIAN_POINT('',(0.167053646568,4.273338036413));
#565 = CARTESIAN_POINT('',(0.181985728088,4.340102049078));
#566 = CARTESIAN_POINT('',(0.196629763546,4.407277527146));
#567 = CARTESIAN_POINT('',(0.210977366019,4.474861780579));
#568 = CARTESIAN_POINT('',(0.225019308477,4.542852219658));
#569 = CARTESIAN_POINT('',(0.251320668545,4.673905007287));
#570 = CARTESIAN_POINT('',(0.263630715498,4.736901968116));
#571 = CARTESIAN_POINT('',(0.275667953265,4.800235331775));
#572 = CARTESIAN_POINT('',(0.287423942742,4.863902624569));
#573 = CARTESIAN_POINT('',(0.298889570548,4.92790079119));
#574 = CARTESIAN_POINT('',(0.310055102471,4.992226181116));
#575 = CARTESIAN_POINT('',(0.320910236922,5.056874535008));
#576 = CARTESIAN_POINT('',(0.343759685661,5.197795203285));
#577 = CARTESIAN_POINT('',(0.355636046289,5.274183588822));
#578 = CARTESIAN_POINT('',(0.3670560121,5.350998160356));
#579 = CARTESIAN_POINT('',(0.378001144876,5.428228505214));
#580 = CARTESIAN_POINT('',(0.388452145349,5.505861732859));
#581 = CARTESIAN_POINT('',(0.398389202206,5.58388244235));
#582 = CARTESIAN_POINT('',(0.407792341099,5.662272689798));
#583 = CARTESIAN_POINT('',(0.433958762903,5.895092685393));
#584 = CARTESIAN_POINT('',(0.449159044976,6.050541153739));
#585 = CARTESIAN_POINT('',(0.462088000753,6.207157978799));
#586 = CARTESIAN_POINT('',(0.472601472566,6.364731488019));
#587 = CARTESIAN_POINT('',(0.480576646986,6.523040402148));
#588 = CARTESIAN_POINT('',(0.485924428962,6.681861910195));
#589 = CARTESIAN_POINT('',(0.488597274881,6.840948521233));
#590 = CARTESIAN_POINT('',(0.488597274881,7.));
#591 = ( GEOMETRIC_REPRESENTATION_CONTEXT(2) 
PARAMETRIC_REPRESENTATION_CONTEXT() REPRESENTATION_CONTEXT('2D SPACE',''
  ) );
#592 = ORIENTED_EDGE('',*,*,#593,.T.);
#593 = EDGE_CURVE('',#464,#55,#594,.T.);
#594 = SURFACE_CURVE('',#595,(#600,#606),.PCURVE_S1.);
#595 = CIRCLE('',#596,6.);
#596 = AXIS2_PLACEMENT_3D('',#597,#598,#599);
#597 = CARTESIAN_POINT('',(6.,6.,6.));
#598 = DIRECTION('',(-1.,6.123233995737E-17,0.));
#599 = DIRECTION('',(-6.123233995737E-17,-1.,0.));
#600 = PCURVE('',#71,#601);
#601 = DEFINITIONAL_REPRESENTATION('',(#602),#605);
#602 = B_SPLINE_CURVE_WITH_KNOTS('',1,(#603,#604),.UNSPECIFIED.,.F.,.F.,
  (2,2),(4.712388980385,6.28318530718),.PIECEWISE_BEZIER_KNOTS.);
#603 = CARTESIAN_POINT('',(1.570796326795,-1.570796326795));
#604 = CARTESIAN_POINT('',(1.570796326795,0.));
#605 = ( GEOMETRIC_REPRESENTATION_CONTEXT(2) 
PARAMETRIC_REPRESENTATION_CONTEXT() REPRESENTATION_CONTEXT('2D SPACE',''
  ) );
#606 = PCURVE('',#446,#607);
#607 = DEFINITIONAL_REPRESENTATION('',(#608),#611);
#608 = B_SPLINE_CURVE_WITH_KNOTS('',1,(#609,#610),.UNSPECIFIED.,.F.,.F.,
  (2,2),(4.712388980385,6.28318530718),.PIECEWISE_BEZIER_KNOTS.);
#609 = CARTESIAN_POINT('',(1.570796326795,6.));
#610 = CARTESIAN_POINT('',(0.,6.));
#611 = ( GEOMETRIC_REPRESENTATION_CONTEXT(2) 
PARAMETRIC_REPRESENTATION_CONTEXT() REPRESENTATION_CONTEXT('2D SPACE',''
  ) );
#612 = ORIENTED_EDGE('',*,*,#54,.F.);
#613 = ORIENTED_EDGE('',*,*,#171,.T.);
#614 = ORIENTED_EDGE('',*,*,#615,.F.);
#615 = EDGE_CURVE('',#462,#172,#616,.T.);
#616 = SURFACE_CURVE('',#617,(#622,#632),.PCURVE_S1.);
#617 = CIRCLE('',#618,4.873397172404);
#618 = AXIS2_PLACEMENT_3D('',#619,#620,#621);
#619 = CARTESIAN_POINT('',(6.,2.5,6.));
#620 = DIRECTION('',(-0.,1.,0.));
#621 = DIRECTION('',(0.,0.,1.));
#622 = PCURVE('',#71,#623);
#623 = DEFINITIONAL_REPRESENTATION('',(#624),#631);
#624 = B_SPLINE_CURVE_WITH_KNOTS('',5,(#625,#626,#627,#628,#629,#630),
  .UNSPECIFIED.,.F.,.F.,(6,6),(3.911198717835,3.942782916139),
  .PIECEWISE_BEZIER_KNOTS.);
#625 = CARTESIAN_POINT('',(0.801190262549,-0.622826585412));
#626 = CARTESIAN_POINT('',(0.797932103145,-0.618430997538));
#627 = CARTESIAN_POINT('',(0.794724584103,-0.614016933219));
#628 = CARTESIAN_POINT('',(0.791566927603,-0.609584872562));
#629 = CARTESIAN_POINT('',(0.7884583699,-0.605135278607));
#630 = CARTESIAN_POINT('',(0.785398163397,-0.600668598448));
#631 = ( GEOMETRIC_REPRESENTATION_CONTEXT(2) 
PARAMETRIC_REPRESENTATION_CONTEXT() REPRESENTATION_CONTEXT('2D SPACE',''
  ) );
#632 = PCURVE('',#245,#633);
#633 = DEFINITIONAL_REPRESENTATION('',(#634),#638);
#634 = CIRCLE('',#635,4.873397172404);
#635 = AXIS2_PLACEMENT_2D('',#636,#637);
#636 = CARTESIAN_POINT('',(7.,7.));
#637 = DIRECTION('',(1.,0.));
#638 = ( GEOMETRIC_REPRESENTATION_CONTEXT(2) 
PARAMETRIC_REPRESENTATION_CONTEXT() REPRESENTATION_CONTEXT('2D SPACE',''
  ) );
#639 = ADVANCED_FACE('',(#640),#158,.F.);
#640 = FACE_BOUND('',#641,.T.);
#641 = EDGE_LOOP('',(#642,#669,#694,#695));
#642 = ORIENTED_EDGE('',*,*,#643,.F.);
#643 = EDGE_CURVE('',#644,#263,#646,.T.);
#644 = VERTEX_POINT('',#645);
#645 = CARTESIAN_POINT('',(2.5,6.,43.5));
#646 = SURFACE_CURVE('',#647,(#652,#658),.PCURVE_S1.);
#647 = CIRCLE('',#648,3.5);
#648 = AXIS2_PLACEMENT_3D('',#649,#650,#651);
#649 = CARTESIAN_POINT('',(2.5,6.,40.));
#650 = DIRECTION('',(0.,-1.,0.));
#651 = DIRECTION('',(-1.,0.,0.));
#652 = PCURVE('',#158,#653);
#653 = DEFINITIONAL_REPRESENTATION('',(#654),#657);
#654 = B_SPLINE_CURVE_WITH_KNOTS('',1,(#655,#656),.UNSPECIFIED.,.F.,.F.,
  (2,2),(4.712388980385,6.28318530718),.PIECEWISE_BEZIER_KNOTS.);
#655 = CARTESIAN_POINT('',(0.,-1.570796326795));
#656 = CARTESIAN_POINT('',(0.,0.));
#657 = ( GEOMETRIC_REPRESENTATION_CONTEXT(2) 
PARAMETRIC_REPRESENTATION_CONTEXT() REPRESENTATION_CONTEXT('2D SPACE',''
  ) );
#658 = PCURVE('',#659,#664);
#659 = CYLINDRICAL_SURFACE('',#660,3.5);
#660 = AXIS2_PLACEMENT_3D('',#661,#662,#663);
#661 = CARTESIAN_POINT('',(2.5,2.5,40.));
#662 = DIRECTION('',(-0.,1.,0.));
#663 = DIRECTION('',(-1.,-0.,0.));
#664 = DEFINITIONAL_REPRESENTATION('',(#665),#668);
#665 = B_SPLINE_CURVE_WITH_KNOTS('',1,(#666,#667),.UNSPECIFIED.,.F.,.F.,
  (2,2),(4.712388980385,6.28318530718),.PIECEWISE_BEZIER_KNOTS.);
#666 = CARTESIAN_POINT('',(1.570796326795,3.5));
#667 = CARTESIAN_POINT('',(0.,3.5));
#668 = ( GEOMETRIC_REPRESENTATION_CONTEXT(2) 
PARAMETRIC_REPRESENTATION_CONTEXT() REPRESENTATION_CONTEXT('2D SPACE',''
  ) );
#669 = ORIENTED_EDGE('',*,*,#670,.T.);
#670 = EDGE_CURVE('',#644,#142,#671,.T.);
#671 = SURFACE_CURVE('',#672,(#677,#683),.PCURVE_S1.);
#672 = CIRCLE('',#673,3.5);
#673 = AXIS2_PLACEMENT_3D('',#674,#675,#676);
#674 = CARTESIAN_POINT('',(2.5,6.,40.));
#675 = DIRECTION('',(1.,-6.123233995737E-17,0.));
#676 = DIRECTION('',(-6.123233995737E-17,-1.,0.));
#677 = PCURVE('',#158,#678);
#678 = DEFINITIONAL_REPRESENTATION('',(#679),#682);
#679 = B_SPLINE_CURVE_WITH_KNOTS('',1,(#680,#681),.UNSPECIFIED.,.F.,.F.,
  (2,2),(4.712388980385,6.28318530718),.PIECEWISE_BEZIER_KNOTS.);
#680 = CARTESIAN_POINT('',(-1.570796326795,-1.570796326795));
#681 = CARTESIAN_POINT('',(-1.570796326795,0.));
#682 = ( GEOMETRIC_REPRESENTATION_CONTEXT(2) 
PARAMETRIC_REPRESENTATION_CONTEXT() REPRESENTATION_CONTEXT('2D SPACE',''
  ) );
#683 = PCURVE('',#684,#689);
#684 = CYLINDRICAL_SURFACE('',#685,3.5);
#685 = AXIS2_PLACEMENT_3D('',#686,#687,#688);
#686 = CARTESIAN_POINT('',(-1.,6.,40.));
#687 = DIRECTION('',(1.,0.,-0.));
#688 = DIRECTION('',(0.,-1.,0.));
#689 = DEFINITIONAL_REPRESENTATION('',(#690),#693);
#690 = B_SPLINE_CURVE_WITH_KNOTS('',1,(#691,#692),.UNSPECIFIED.,.F.,.F.,
  (2,2),(4.712388980385,6.28318530718),.PIECEWISE_BEZIER_KNOTS.);
#691 = CARTESIAN_POINT('',(-1.570796326795,3.5));
#692 = CARTESIAN_POINT('',(0.,3.5));
#693 = ( GEOMETRIC_REPRESENTATION_CONTEXT(2) 
PARAMETRIC_REPRESENTATION_CONTEXT() REPRESENTATION_CONTEXT('2D SPACE',''
  ) );
#694 = ORIENTED_EDGE('',*,*,#141,.F.);
#695 = ORIENTED_EDGE('',*,*,#315,.T.);
#696 = ADVANCED_FACE('',(#697),#245,.T.);
#697 = FACE_BOUND('',#698,.T.);
#698 = EDGE_LOOP('',(#699,#700,#701,#724,#752,#784));
#699 = ORIENTED_EDGE('',*,*,#615,.T.);
#700 = ORIENTED_EDGE('',*,*,#231,.T.);
#701 = ORIENTED_EDGE('',*,*,#702,.T.);
#702 = EDGE_CURVE('',#142,#703,#705,.T.);
#703 = VERTEX_POINT('',#704);
#704 = CARTESIAN_POINT('',(397.5,2.5,40.));
#705 = SURFACE_CURVE('',#706,(#710,#717),.PCURVE_S1.);
#706 = LINE('',#707,#708);
#707 = CARTESIAN_POINT('',(-1.,2.5,40.));
#708 = VECTOR('',#709,1.);
#709 = DIRECTION('',(1.,0.,-0.));
#710 = PCURVE('',#245,#711);
#711 = DEFINITIONAL_REPRESENTATION('',(#712),#716);
#712 = LINE('',#713,#714);
#713 = CARTESIAN_POINT('',(41.,0.));
#714 = VECTOR('',#715,1.);
#715 = DIRECTION('',(0.,1.));
#716 = ( GEOMETRIC_REPRESENTATION_CONTEXT(2) 
PARAMETRIC_REPRESENTATION_CONTEXT() REPRESENTATION_CONTEXT('2D SPACE',''
  ) );
#717 = PCURVE('',#684,#718);
#718 = DEFINITIONAL_REPRESENTATION('',(#719),#723);
#719 = LINE('',#720,#721);
#720 = CARTESIAN_POINT('',(-0.,0.));
#721 = VECTOR('',#722,1.);
#722 = DIRECTION('',(-0.,1.));
#723 = ( GEOMETRIC_REPRESENTATION_CONTEXT(2) 
PARAMETRIC_REPRESENTATION_CONTEXT() REPRESENTATION_CONTEXT('2D SPACE',''
  ) );
#724 = ORIENTED_EDGE('',*,*,#725,.F.);
#725 = EDGE_CURVE('',#726,#703,#728,.T.);
#726 = VERTEX_POINT('',#727);
#727 = CARTESIAN_POINT('',(397.5,2.5,2.608835008437));
#728 = SURFACE_CURVE('',#729,(#733,#740),.PCURVE_S1.);
#729 = LINE('',#730,#731);
#730 = CARTESIAN_POINT('',(397.5,2.5,-1.));
#731 = VECTOR('',#732,1.);
#732 = DIRECTION('',(0.,0.,1.));
#733 = PCURVE('',#245,#734);
#734 = DEFINITIONAL_REPRESENTATION('',(#735),#739);
#735 = LINE('',#736,#737);
#736 = CARTESIAN_POINT('',(0.,398.5));
#737 = VECTOR('',#738,1.);
#738 = DIRECTION('',(1.,0.));
#739 = ( GEOMETRIC_REPRESENTATION_CONTEXT(2) 
PARAMETRIC_REPRESENTATION_CONTEXT() REPRESENTATION_CONTEXT('2D SPACE',''
  ) );
#740 = PCURVE('',#741,#746);
#741 = CYLINDRICAL_SURFACE('',#742,3.5);
#742 = AXIS2_PLACEMENT_3D('',#743,#744,#745);
#743 = CARTESIAN_POINT('',(397.5,6.,-1.));
#744 = DIRECTION('',(0.,0.,1.));
#745 = DIRECTION('',(1.,0.,-0.));
#746 = DEFINITIONAL_REPRESENTATION('',(#747),#751);
#747 = LINE('',#748,#749);
#748 = CARTESIAN_POINT('',(-1.570796326795,0.));
#749 = VECTOR('',#750,1.);
#750 = DIRECTION('',(-0.,1.));
#751 = ( GEOMETRIC_REPRESENTATION_CONTEXT(2) 
PARAMETRIC_REPRESENTATION_CONTEXT() REPRESENTATION_CONTEXT('2D SPACE',''
  ) );
#752 = ORIENTED_EDGE('',*,*,#753,.T.);
#753 = EDGE_CURVE('',#726,#754,#756,.T.);
#754 = VERTEX_POINT('',#755);
#755 = CARTESIAN_POINT('',(397.39116499156,2.5,2.5));
#756 = SURFACE_CURVE('',#757,(#762,#769),.PCURVE_S1.);
#757 = CIRCLE('',#758,4.873397172404);
#758 = AXIS2_PLACEMENT_3D('',#759,#760,#761);
#759 = CARTESIAN_POINT('',(394.,2.5,6.));
#760 = DIRECTION('',(-0.,1.,0.));
#761 = DIRECTION('',(0.,0.,1.));
#762 = PCURVE('',#245,#763);
#763 = DEFINITIONAL_REPRESENTATION('',(#764),#768);
#764 = CIRCLE('',#765,4.873397172404);
#765 = AXIS2_PLACEMENT_2D('',#766,#767);
#766 = CARTESIAN_POINT('',(7.,395.));
#767 = DIRECTION('',(1.,0.));
#768 = ( GEOMETRIC_REPRESENTATION_CONTEXT(2) 
PARAMETRIC_REPRESENTATION_CONTEXT() REPRESENTATION_CONTEXT('2D SPACE',''
  ) );
#769 = PCURVE('',#770,#775);
#770 = SPHERICAL_SURFACE('',#771,6.);
#771 = AXIS2_PLACEMENT_3D('',#772,#773,#774);
#772 = CARTESIAN_POINT('',(394.,6.,6.));
#773 = DIRECTION('',(0.,0.,1.));
#774 = DIRECTION('',(1.,0.,-0.));
#775 = DEFINITIONAL_REPRESENTATION('',(#776),#783);
#776 = B_SPLINE_CURVE_WITH_KNOTS('',5,(#777,#778,#779,#780,#781,#782),
  .UNSPECIFIED.,.F.,.F.,(6,6),(2.340402391041,2.371986589344),
  .PIECEWISE_BEZIER_KNOTS.);
#777 = CARTESIAN_POINT('',(-0.785398163397,-0.600668598448));
#778 = CARTESIAN_POINT('',(-0.7884583699,-0.605135278607));
#779 = CARTESIAN_POINT('',(-0.791566927603,-0.609584872562));
#780 = CARTESIAN_POINT('',(-0.794724584103,-0.614016933219));
#781 = CARTESIAN_POINT('',(-0.797932103145,-0.618430997538));
#782 = CARTESIAN_POINT('',(-0.801190262549,-0.622826585412));
#783 = ( GEOMETRIC_REPRESENTATION_CONTEXT(2) 
PARAMETRIC_REPRESENTATION_CONTEXT() REPRESENTATION_CONTEXT('2D SPACE',''
  ) );
#784 = ORIENTED_EDGE('',*,*,#785,.F.);
#785 = EDGE_CURVE('',#462,#754,#786,.T.);
#786 = SURFACE_CURVE('',#787,(#791,#798),.PCURVE_S1.);
#787 = LINE('',#788,#789);
#788 = CARTESIAN_POINT('',(-1.,2.5,2.5));
#789 = VECTOR('',#790,1.);
#790 = DIRECTION('',(1.,0.,-0.));
#791 = PCURVE('',#245,#792);
#792 = DEFINITIONAL_REPRESENTATION('',(#793),#797);
#793 = LINE('',#794,#795);
#794 = CARTESIAN_POINT('',(3.5,0.));
#795 = VECTOR('',#796,1.);
#796 = DIRECTION('',(0.,1.));
#797 = ( GEOMETRIC_REPRESENTATION_CONTEXT(2) 
PARAMETRIC_REPRESENTATION_CONTEXT() REPRESENTATION_CONTEXT('2D SPACE',''
  ) );
#798 = PCURVE('',#547,#799);
#799 = DEFINITIONAL_REPRESENTATION('',(#800),#804);
#800 = LINE('',#801,#802);
#801 = CARTESIAN_POINT('',(0.,0.));
#802 = VECTOR('',#803,1.);
#803 = DIRECTION('',(0.,1.));
#804 = ( GEOMETRIC_REPRESENTATION_CONTEXT(2) 
PARAMETRIC_REPRESENTATION_CONTEXT() REPRESENTATION_CONTEXT('2D SPACE',''
  ) );
#805 = ADVANCED_FACE('',(#806),#278,.T.);
#806 = FACE_BOUND('',#807,.T.);
#807 = EDGE_LOOP('',(#808,#809,#837,#866));
#808 = ORIENTED_EDGE('',*,*,#260,.F.);
#809 = ORIENTED_EDGE('',*,*,#810,.T.);
#810 = EDGE_CURVE('',#261,#811,#813,.T.);
#811 = VERTEX_POINT('',#812);
#812 = CARTESIAN_POINT('',(6.,114.,46.));
#813 = SURFACE_CURVE('',#814,(#818,#825),.PCURVE_S1.);
#814 = LINE('',#815,#816);
#815 = CARTESIAN_POINT('',(6.,0.,46.));
#816 = VECTOR('',#817,1.);
#817 = DIRECTION('',(-0.,1.,0.));
#818 = PCURVE('',#278,#819);
#819 = DEFINITIONAL_REPRESENTATION('',(#820),#824);
#820 = LINE('',#821,#822);
#821 = CARTESIAN_POINT('',(1.570796326795,0.));
#822 = VECTOR('',#823,1.);
#823 = DIRECTION('',(0.,1.));
#824 = ( GEOMETRIC_REPRESENTATION_CONTEXT(2) 
PARAMETRIC_REPRESENTATION_CONTEXT() REPRESENTATION_CONTEXT('2D SPACE',''
  ) );
#825 = PCURVE('',#826,#831);
#826 = PLANE('',#827);
#827 = AXIS2_PLACEMENT_3D('',#828,#829,#830);
#828 = CARTESIAN_POINT('',(0.,0.,46.));
#829 = DIRECTION('',(0.,0.,1.));
#830 = DIRECTION('',(1.,0.,-0.));
#831 = DEFINITIONAL_REPRESENTATION('',(#832),#836);
#832 = LINE('',#833,#834);
#833 = CARTESIAN_POINT('',(6.,0.));
#834 = VECTOR('',#835,1.);
#835 = DIRECTION('',(0.,1.));
#836 = ( GEOMETRIC_REPRESENTATION_CONTEXT(2) 
PARAMETRIC_REPRESENTATION_CONTEXT() REPRESENTATION_CONTEXT('2D SPACE',''
  ) );
#837 = ORIENTED_EDGE('',*,*,#838,.F.);
#838 = EDGE_CURVE('',#839,#811,#841,.T.);
#839 = VERTEX_POINT('',#840);
#840 = CARTESIAN_POINT('',(0.857142857143,114.,43.090472521826));
#841 = SURFACE_CURVE('',#842,(#847,#854),.PCURVE_S1.);
#842 = CIRCLE('',#843,6.);
#843 = AXIS2_PLACEMENT_3D('',#844,#845,#846);
#844 = CARTESIAN_POINT('',(6.,114.,40.));
#845 = DIRECTION('',(-0.,1.,0.));
#846 = DIRECTION('',(-1.,-0.,0.));
#847 = PCURVE('',#278,#848);
#848 = DEFINITIONAL_REPRESENTATION('',(#849),#853);
#849 = LINE('',#850,#851);
#850 = CARTESIAN_POINT('',(0.,114.));
#851 = VECTOR('',#852,1.);
#852 = DIRECTION('',(1.,0.));
#853 = ( GEOMETRIC_REPRESENTATION_CONTEXT(2) 
PARAMETRIC_REPRESENTATION_CONTEXT() REPRESENTATION_CONTEXT('2D SPACE',''
  ) );
#854 = PCURVE('',#855,#860);
#855 = SPHERICAL_SURFACE('',#856,6.);
#856 = AXIS2_PLACEMENT_3D('',#857,#858,#859);
#857 = CARTESIAN_POINT('',(6.,114.,40.));
#858 = DIRECTION('',(0.,-1.,-0.));
#859 = DIRECTION('',(-1.,-0.,0.));
#860 = DEFINITIONAL_REPRESENTATION('',(#861),#865);
#861 = LINE('',#862,#863);
#862 = CARTESIAN_POINT('',(-0.,0.));
#863 = VECTOR('',#864,1.);
#864 = DIRECTION('',(-1.,0.));
#865 = ( GEOMETRIC_REPRESENTATION_CONTEXT(2) 
PARAMETRIC_REPRESENTATION_CONTEXT() REPRESENTATION_CONTEXT('2D SPACE',''
  ) );
#866 = ORIENTED_EDGE('',*,*,#867,.F.);
#867 = EDGE_CURVE('',#263,#839,#868,.T.);
#868 = SURFACE_CURVE('',#869,(#873,#879),.PCURVE_S1.);
#869 = LINE('',#870,#871);
#870 = CARTESIAN_POINT('',(0.857142857143,0.,43.090472521826));
#871 = VECTOR('',#872,1.);
#872 = DIRECTION('',(-0.,1.,0.));
#873 = PCURVE('',#278,#874);
#874 = DEFINITIONAL_REPRESENTATION('',(#875),#878);
#875 = B_SPLINE_CURVE_WITH_KNOTS('',1,(#876,#877),.UNSPECIFIED.,.F.,.F.,
  (2,2),(5.9999994,114.0000006),.PIECEWISE_BEZIER_KNOTS.);
#876 = CARTESIAN_POINT('',(0.541099525957,5.9999994));
#877 = CARTESIAN_POINT('',(0.541099525957,114.0000006));
#878 = ( GEOMETRIC_REPRESENTATION_CONTEXT(2) 
PARAMETRIC_REPRESENTATION_CONTEXT() REPRESENTATION_CONTEXT('2D SPACE',''
  ) );
#879 = PCURVE('',#659,#880);
#880 = DEFINITIONAL_REPRESENTATION('',(#881),#884);
#881 = B_SPLINE_CURVE_WITH_KNOTS('',1,(#882,#883),.UNSPECIFIED.,.F.,.F.,
  (2,2),(5.9999994,114.0000006),.PIECEWISE_BEZIER_KNOTS.);
#882 = CARTESIAN_POINT('',(1.082199051914,3.4999994));
#883 = CARTESIAN_POINT('',(1.082199051914,111.5000006));
#884 = ( GEOMETRIC_REPRESENTATION_CONTEXT(2) 
PARAMETRIC_REPRESENTATION_CONTEXT() REPRESENTATION_CONTEXT('2D SPACE',''
  ) );
#885 = ADVANCED_FACE('',(#886),#303,.T.);
#886 = FACE_BOUND('',#887,.F.);
#887 = EDGE_LOOP('',(#888,#889,#912,#937));
#888 = ORIENTED_EDGE('',*,*,#289,.F.);
#889 = ORIENTED_EDGE('',*,*,#890,.T.);
#890 = EDGE_CURVE('',#261,#891,#893,.T.);
#891 = VERTEX_POINT('',#892);
#892 = CARTESIAN_POINT('',(394.,6.,46.));
#893 = SURFACE_CURVE('',#894,(#898,#905),.PCURVE_S1.);
#894 = LINE('',#895,#896);
#895 = CARTESIAN_POINT('',(0.,6.,46.));
#896 = VECTOR('',#897,1.);
#897 = DIRECTION('',(1.,0.,-0.));
#898 = PCURVE('',#303,#899);
#899 = DEFINITIONAL_REPRESENTATION('',(#900),#904);
#900 = LINE('',#901,#902);
#901 = CARTESIAN_POINT('',(-1.570796326795,0.));
#902 = VECTOR('',#903,1.);
#903 = DIRECTION('',(-0.,1.));
#904 = ( GEOMETRIC_REPRESENTATION_CONTEXT(2) 
PARAMETRIC_REPRESENTATION_CONTEXT() REPRESENTATION_CONTEXT('2D SPACE',''
  ) );
#905 = PCURVE('',#826,#906);
#906 = DEFINITIONAL_REPRESENTATION('',(#907),#911);
#907 = LINE('',#908,#909);
#908 = CARTESIAN_POINT('',(0.,6.));
#909 = VECTOR('',#910,1.);
#910 = DIRECTION('',(1.,0.));
#911 = ( GEOMETRIC_REPRESENTATION_CONTEXT(2) 
PARAMETRIC_REPRESENTATION_CONTEXT() REPRESENTATION_CONTEXT('2D SPACE',''
  ) );
#912 = ORIENTED_EDGE('',*,*,#913,.T.);
#913 = EDGE_CURVE('',#891,#382,#914,.T.);
#914 = SURFACE_CURVE('',#915,(#920,#926),.PCURVE_S1.);
#915 = CIRCLE('',#916,6.);
#916 = AXIS2_PLACEMENT_3D('',#917,#918,#919);
#917 = CARTESIAN_POINT('',(394.,6.,40.));
#918 = DIRECTION('',(1.,6.123233995737E-17,0.));
#919 = DIRECTION('',(6.123233995737E-17,-1.,0.));
#920 = PCURVE('',#303,#921);
#921 = DEFINITIONAL_REPRESENTATION('',(#922),#925);
#922 = B_SPLINE_CURVE_WITH_KNOTS('',1,(#923,#924),.UNSPECIFIED.,.F.,.F.,
  (2,2),(4.712388980385,6.28318530718),.PIECEWISE_BEZIER_KNOTS.);
#923 = CARTESIAN_POINT('',(-1.570796326795,394.));
#924 = CARTESIAN_POINT('',(0.,394.));
#925 = ( GEOMETRIC_REPRESENTATION_CONTEXT(2) 
PARAMETRIC_REPRESENTATION_CONTEXT() REPRESENTATION_CONTEXT('2D SPACE',''
  ) );
#926 = PCURVE('',#927,#932);
#927 = SPHERICAL_SURFACE('',#928,6.);
#928 = AXIS2_PLACEMENT_3D('',#929,#930,#931);
#929 = CARTESIAN_POINT('',(394.,6.,40.));
#930 = DIRECTION('',(-0.,-0.,-1.));
#931 = DIRECTION('',(1.,0.,0.));
#932 = DEFINITIONAL_REPRESENTATION('',(#933),#936);
#933 = B_SPLINE_CURVE_WITH_KNOTS('',1,(#934,#935),.UNSPECIFIED.,.F.,.F.,
  (2,2),(4.712388980385,6.28318530718),.PIECEWISE_BEZIER_KNOTS.);
#934 = CARTESIAN_POINT('',(1.570796326795,-1.570796326795));
#935 = CARTESIAN_POINT('',(1.570796326795,0.));
#936 = ( GEOMETRIC_REPRESENTATION_CONTEXT(2) 
PARAMETRIC_REPRESENTATION_CONTEXT() REPRESENTATION_CONTEXT('2D SPACE',''
  ) );
#937 = ORIENTED_EDGE('',*,*,#381,.F.);
#938 = ADVANCED_FACE('',(#939),#446,.T.);
#939 = FACE_BOUND('',#940,.T.);
#940 = EDGE_LOOP('',(#941,#942,#963,#983));
#941 = ORIENTED_EDGE('',*,*,#593,.F.);
#942 = ORIENTED_EDGE('',*,*,#943,.T.);
#943 = EDGE_CURVE('',#464,#944,#946,.T.);
#944 = VERTEX_POINT('',#945);
#945 = CARTESIAN_POINT('',(394.,2.909527478174,0.857142857143));
#946 = SURFACE_CURVE('',#947,(#951,#957),.PCURVE_S1.);
#947 = LINE('',#948,#949);
#948 = CARTESIAN_POINT('',(0.,2.909527478174,0.857142857143));
#949 = VECTOR('',#950,1.);
#950 = DIRECTION('',(1.,0.,-0.));
#951 = PCURVE('',#446,#952);
#952 = DEFINITIONAL_REPRESENTATION('',(#953),#956);
#953 = B_SPLINE_CURVE_WITH_KNOTS('',1,(#954,#955),.UNSPECIFIED.,.F.,.F.,
  (2,2),(5.9999994,394.0000006),.PIECEWISE_BEZIER_KNOTS.);
#954 = CARTESIAN_POINT('',(1.029696800838,5.9999994));
#955 = CARTESIAN_POINT('',(1.029696800838,394.0000006));
#956 = ( GEOMETRIC_REPRESENTATION_CONTEXT(2) 
PARAMETRIC_REPRESENTATION_CONTEXT() REPRESENTATION_CONTEXT('2D SPACE',''
  ) );
#957 = PCURVE('',#547,#958);
#958 = DEFINITIONAL_REPRESENTATION('',(#959),#962);
#959 = B_SPLINE_CURVE_WITH_KNOTS('',1,(#960,#961),.UNSPECIFIED.,.F.,.F.,
  (2,2),(5.9999994,394.0000006),.PIECEWISE_BEZIER_KNOTS.);
#960 = CARTESIAN_POINT('',(0.488597274881,6.9999994));
#961 = CARTESIAN_POINT('',(0.488597274881,395.0000006));
#962 = ( GEOMETRIC_REPRESENTATION_CONTEXT(2) 
PARAMETRIC_REPRESENTATION_CONTEXT() REPRESENTATION_CONTEXT('2D SPACE',''
  ) );
#963 = ORIENTED_EDGE('',*,*,#964,.T.);
#964 = EDGE_CURVE('',#944,#405,#965,.T.);
#965 = SURFACE_CURVE('',#966,(#971,#977),.PCURVE_S1.);
#966 = CIRCLE('',#967,6.);
#967 = AXIS2_PLACEMENT_3D('',#968,#969,#970);
#968 = CARTESIAN_POINT('',(394.,6.,6.));
#969 = DIRECTION('',(-1.,-6.123233995737E-17,0.));
#970 = DIRECTION('',(6.123233995737E-17,-1.,-0.));
#971 = PCURVE('',#446,#972);
#972 = DEFINITIONAL_REPRESENTATION('',(#973),#976);
#973 = B_SPLINE_CURVE_WITH_KNOTS('',1,(#974,#975),.UNSPECIFIED.,.F.,.F.,
  (2,2),(4.712388980385,6.28318530718),.PIECEWISE_BEZIER_KNOTS.);
#974 = CARTESIAN_POINT('',(1.570796326795,394.));
#975 = CARTESIAN_POINT('',(0.,394.));
#976 = ( GEOMETRIC_REPRESENTATION_CONTEXT(2) 
PARAMETRIC_REPRESENTATION_CONTEXT() REPRESENTATION_CONTEXT('2D SPACE',''
  ) );
#977 = PCURVE('',#770,#978);
#978 = DEFINITIONAL_REPRESENTATION('',(#979),#982);
#979 = B_SPLINE_CURVE_WITH_KNOTS('',1,(#980,#981),.UNSPECIFIED.,.F.,.F.,
  (2,2),(4.712388980385,6.28318530718),.PIECEWISE_BEZIER_KNOTS.);
#980 = CARTESIAN_POINT('',(-1.570796326795,-1.570796326795));
#981 = CARTESIAN_POINT('',(-1.570796326795,0.));
#982 = ( GEOMETRIC_REPRESENTATION_CONTEXT(2) 
PARAMETRIC_REPRESENTATION_CONTEXT() REPRESENTATION_CONTEXT('2D SPACE',''
  ) );
#983 = ORIENTED_EDGE('',*,*,#432,.F.);
#984 = ADVANCED_FACE('',(#985),#420,.T.);
#985 = FACE_BOUND('',#986,.F.);
#986 = EDGE_LOOP('',(#987,#1010,#1032,#1033));
#987 = ORIENTED_EDGE('',*,*,#988,.F.);
#988 = EDGE_CURVE('',#989,#991,#993,.T.);
#989 = VERTEX_POINT('',#990);
#990 = CARTESIAN_POINT('',(399.14285714285,2.909527478174,6.));
#991 = VERTEX_POINT('',#992);
#992 = CARTESIAN_POINT('',(399.14285714285,2.909527478174,40.));
#993 = SURFACE_CURVE('',#994,(#998,#1004),.PCURVE_S1.);
#994 = LINE('',#995,#996);
#995 = CARTESIAN_POINT('',(399.14285714285,2.909527478174,0.));
#996 = VECTOR('',#997,1.);
#997 = DIRECTION('',(0.,0.,1.));
#998 = PCURVE('',#420,#999);
#999 = DEFINITIONAL_REPRESENTATION('',(#1000),#1003);
#1000 = B_SPLINE_CURVE_WITH_KNOTS('',1,(#1001,#1002),.UNSPECIFIED.,.F.,
  .F.,(2,2),(5.9999994,40.0000006),.PIECEWISE_BEZIER_KNOTS.);
#1001 = CARTESIAN_POINT('',(-0.541099525957,5.9999994));
#1002 = CARTESIAN_POINT('',(-0.541099525957,40.0000006));
#1003 = ( GEOMETRIC_REPRESENTATION_CONTEXT(2) 
PARAMETRIC_REPRESENTATION_CONTEXT() REPRESENTATION_CONTEXT('2D SPACE',''
  ) );
#1004 = PCURVE('',#741,#1005);
#1005 = DEFINITIONAL_REPRESENTATION('',(#1006),#1009);
#1006 = B_SPLINE_CURVE_WITH_KNOTS('',1,(#1007,#1008),.UNSPECIFIED.,.F.,
  .F.,(2,2),(5.9999994,40.0000006),.PIECEWISE_BEZIER_KNOTS.);
#1007 = CARTESIAN_POINT('',(-1.082199051914,6.9999994));
#1008 = CARTESIAN_POINT('',(-1.082199051914,41.0000006));
#1009 = ( GEOMETRIC_REPRESENTATION_CONTEXT(2) 
PARAMETRIC_REPRESENTATION_CONTEXT() REPRESENTATION_CONTEXT('2D SPACE',''
  ) );
#1010 = ORIENTED_EDGE('',*,*,#1011,.T.);
#1011 = EDGE_CURVE('',#989,#405,#1012,.T.);
#1012 = SURFACE_CURVE('',#1013,(#1018,#1025),.PCURVE_S1.);
#1013 = CIRCLE('',#1014,6.);
#1014 = AXIS2_PLACEMENT_3D('',#1015,#1016,#1017);
#1015 = CARTESIAN_POINT('',(394.,6.,6.));
#1016 = DIRECTION('',(0.,-0.,-1.));
#1017 = DIRECTION('',(1.,0.,-0.));
#1018 = PCURVE('',#420,#1019);
#1019 = DEFINITIONAL_REPRESENTATION('',(#1020),#1024);
#1020 = LINE('',#1021,#1022);
#1021 = CARTESIAN_POINT('',(-0.,6.));
#1022 = VECTOR('',#1023,1.);
#1023 = DIRECTION('',(-1.,0.));
#1024 = ( GEOMETRIC_REPRESENTATION_CONTEXT(2) 
PARAMETRIC_REPRESENTATION_CONTEXT() REPRESENTATION_CONTEXT('2D SPACE',''
  ) );
#1025 = PCURVE('',#770,#1026);
#1026 = DEFINITIONAL_REPRESENTATION('',(#1027),#1031);
#1027 = LINE('',#1028,#1029);
#1028 = CARTESIAN_POINT('',(-0.,0.));
#1029 = VECTOR('',#1030,1.);
#1030 = DIRECTION('',(-1.,0.));
#1031 = ( GEOMETRIC_REPRESENTATION_CONTEXT(2) 
PARAMETRIC_REPRESENTATION_CONTEXT() REPRESENTATION_CONTEXT('2D SPACE',''
  ) );
#1032 = ORIENTED_EDGE('',*,*,#404,.T.);
#1033 = ORIENTED_EDGE('',*,*,#1034,.F.);
#1034 = EDGE_CURVE('',#991,#382,#1035,.T.);
#1035 = SURFACE_CURVE('',#1036,(#1041,#1048),.PCURVE_S1.);
#1036 = CIRCLE('',#1037,6.);
#1037 = AXIS2_PLACEMENT_3D('',#1038,#1039,#1040);
#1038 = CARTESIAN_POINT('',(394.,6.,40.));
#1039 = DIRECTION('',(0.,0.,-1.));
#1040 = DIRECTION('',(1.,0.,0.));
#1041 = PCURVE('',#420,#1042);
#1042 = DEFINITIONAL_REPRESENTATION('',(#1043),#1047);
#1043 = LINE('',#1044,#1045);
#1044 = CARTESIAN_POINT('',(-0.,40.));
#1045 = VECTOR('',#1046,1.);
#1046 = DIRECTION('',(-1.,0.));
#1047 = ( GEOMETRIC_REPRESENTATION_CONTEXT(2) 
PARAMETRIC_REPRESENTATION_CONTEXT() REPRESENTATION_CONTEXT('2D SPACE',''
  ) );
#1048 = PCURVE('',#927,#1049);
#1049 = DEFINITIONAL_REPRESENTATION('',(#1050),#1054);
#1050 = LINE('',#1051,#1052);
#1051 = CARTESIAN_POINT('',(0.,0.));
#1052 = VECTOR('',#1053,1.);
#1053 = DIRECTION('',(1.,0.));
#1054 = ( GEOMETRIC_REPRESENTATION_CONTEXT(2) 
PARAMETRIC_REPRESENTATION_CONTEXT() REPRESENTATION_CONTEXT('2D SPACE',''
  ) );
#1055 = ADVANCED_FACE('',(#1056),#547,.F.);
#1056 = FACE_BOUND('',#1057,.F.);
#1057 = EDGE_LOOP('',(#1058,#1059,#1060,#1061));
#1058 = ORIENTED_EDGE('',*,*,#785,.F.);
#1059 = ORIENTED_EDGE('',*,*,#461,.T.);
#1060 = ORIENTED_EDGE('',*,*,#943,.T.);
#1061 = ORIENTED_EDGE('',*,*,#1062,.F.);
#1062 = EDGE_CURVE('',#754,#944,#1063,.T.);
#1063 = SURFACE_CURVE('',#1064,(#1115,#1169),.PCURVE_S1.);
#1064 = B_SPLINE_CURVE_WITH_KNOTS('',7,(#1065,#1066,#1067,#1068,#1069,
    #1070,#1071,#1072,#1073,#1074,#1075,#1076,#1077,#1078,#1079,#1080,
    #1081,#1082,#1083,#1084,#1085,#1086,#1087,#1088,#1089,#1090,#1091,
    #1092,#1093,#1094,#1095,#1096,#1097,#1098,#1099,#1100,#1101,#1102,
    #1103,#1104,#1105,#1106,#1107,#1108,#1109,#1110,#1111,#1112,#1113,
    #1114),.UNSPECIFIED.,.F.,.F.,(8,6,6,6,6,6,6,6,8),(0.,0.105182677516,
    0.214962201712,0.226358317977,0.23737872982,0.378430742351,
    0.501074761152,0.653975993968,1.),.UNSPECIFIED.);
#1065 = CARTESIAN_POINT('',(397.39116499156,2.5,2.5));
#1066 = CARTESIAN_POINT('',(397.34595285523,2.5,2.456193767455));
#1067 = CARTESIAN_POINT('',(397.30050441944,2.500639647226,
    2.412839977449));
#1068 = CARTESIAN_POINT('',(397.25482219873,2.501895194546,
    2.369953850791));
#1069 = CARTESIAN_POINT('',(397.20890847843,2.503742617438,
    2.327550303701));
#1070 = CARTESIAN_POINT('',(397.16276531464,2.506157613991,
    2.285643947815));
#1071 = CARTESIAN_POINT('',(397.11639453422,2.509115604903,
    2.244249090178));
#1072 = CARTESIAN_POINT('',(397.02116449417,2.516219780906,
    2.160724244112));
#1073 = CARTESIAN_POINT('',(396.97228511013,2.520412205186,
    2.118641274199));
#1074 = CARTESIAN_POINT('',(396.92316138257,2.525140752108,
    2.077146741829));
#1075 = CARTESIAN_POINT('',(396.87379495975,2.530376719723,
    2.036256397551));
#1076 = CARTESIAN_POINT('',(396.82418733833,2.536090958348,
    1.995985824147));
#1077 = CARTESIAN_POINT('',(396.77433986333,2.542253870569,1.95635043663
    ));
#1078 = CARTESIAN_POINT('',(396.71905433038,2.549518635212,1.91331848827
    ));
#1079 = CARTESIAN_POINT('',(396.71385236111,2.550206370222,
    1.909278504035));
#1080 = CARTESIAN_POINT('',(396.7086478218,2.550898582603,1.905245546678
    ));
#1081 = CARTESIAN_POINT('',(396.70344071386,2.551595238629,
    1.901219633335));
#1082 = CARTESIAN_POINT('',(396.69823103868,2.552296304514,1.89720078113
    ));
#1083 = CARTESIAN_POINT('',(396.69301879764,2.553001746412,1.89318900718
    ));
#1084 = CARTESIAN_POINT('',(396.68276110708,2.554397914439,
    1.885311675283));
#1085 = CARTESIAN_POINT('',(396.67771582386,2.555088358986,
    1.881445657215));
#1086 = CARTESIAN_POINT('',(396.67266814372,2.555782833401,
    1.877586289856));
#1087 = CARTESIAN_POINT('',(396.66761806791,2.55648130697,1.873733588672
    ));
#1088 = CARTESIAN_POINT('',(396.66256559766,2.557183748926,
    1.869887569121));
#1089 = CARTESIAN_POINT('',(396.6575107342,2.557890128447,1.866048246659
    ));
#1090 = CARTESIAN_POINT('',(396.58772485839,2.567691481425,
    1.813161449776));
#1091 = CARTESIAN_POINT('',(396.52260458549,2.577422502605,
    1.765207013349));
#1092 = CARTESIAN_POINT('',(396.45709490432,2.587728814811,
    1.718384536175));
#1093 = CARTESIAN_POINT('',(396.39119834263,2.598544202805,
    1.672726319881));
#1094 = CARTESIAN_POINT('',(396.32491771167,2.609800899507,
    1.628264759001));
#1095 = CARTESIAN_POINT('',(396.25825610623,2.62142958599,1.585032340976
    ));
#1096 = CARTESIAN_POINT('',(396.13292665438,2.643732297633,
    1.506568337107));
#1097 = CARTESIAN_POINT('',(396.07435120958,2.654332810434,
    1.471029063849));
#1098 = CARTESIAN_POINT('',(396.01549285202,2.665114398611,
    1.436465200542));
#1099 = CARTESIAN_POINT('',(395.95635451905,2.676029547878,
    1.402898419446));
#1100 = CARTESIAN_POINT('',(395.89693982048,2.687029941306,
    1.370350556262));
#1101 = CARTESIAN_POINT('',(395.83725305541,2.698066639707,
    1.338843475479));
#1102 = CARTESIAN_POINT('',(395.70255433714,2.722833495933,
    1.270443496011));
#1103 = CARTESIAN_POINT('',(395.62739466563,2.736556322718,
    1.234139700876));
#1104 = CARTESIAN_POINT('',(395.55183004467,2.750163259604,
    1.199529732662));
#1105 = CARTESIAN_POINT('',(395.47587305678,2.763557401027,
    1.166656039887));
#1106 = CARTESIAN_POINT('',(395.39953907268,2.776641915576,
    1.135560583833));
#1107 = CARTESIAN_POINT('',(395.32284628699,2.789321542954,
    1.106284085139));
#1108 = CARTESIAN_POINT('',(395.07149136714,2.829073875568,
    1.016814965433));
#1109 = CARTESIAN_POINT('',(394.89539670572,2.854104510715,
    0.964264215994));
#1110 = CARTESIAN_POINT('',(394.71784241155,2.87551652417,0.921693780906
    ));
#1111 = CARTESIAN_POINT('',(394.53916562569,2.892331243225,
    0.889491895117));
#1112 = CARTESIAN_POINT('',(394.35970851893,2.903797007888,0.86792272102
    ));
#1113 = CARTESIAN_POINT('',(394.17983180691,2.909527478174,
    0.857142857143));
#1114 = CARTESIAN_POINT('',(394.,2.909527478174,0.857142857143));
#1115 = PCURVE('',#547,#1116);
#1116 = DEFINITIONAL_REPRESENTATION('',(#1117),#1168);
#1117 = B_SPLINE_CURVE_WITH_KNOTS('',7,(#1118,#1119,#1120,#1121,#1122,
    #1123,#1124,#1125,#1126,#1127,#1128,#1129,#1130,#1131,#1132,#1133,
    #1134,#1135,#1136,#1137,#1138,#1139,#1140,#1141,#1142,#1143,#1144,
    #1145,#1146,#1147,#1148,#1149,#1150,#1151,#1152,#1153,#1154,#1155,
    #1156,#1157,#1158,#1159,#1160,#1161,#1162,#1163,#1164,#1165,#1166,
    #1167),.UNSPECIFIED.,.F.,.F.,(8,6,6,6,6,6,6,6,8),(0.,0.105182677516,
    0.214962201712,0.226358317977,0.23737872982,0.378430742351,
    0.501074761152,0.653975993968,1.),.UNSPECIFIED.);
#1118 = CARTESIAN_POINT('',(0.,398.39116499156));
#1119 = CARTESIAN_POINT('',(1.25160664413E-02,398.34595285523));
#1120 = CARTESIAN_POINT('',(2.490286582462E-02,398.30050441944));
#1121 = CARTESIAN_POINT('',(3.715924621691E-02,398.25482219873));
#1122 = CARTESIAN_POINT('',(4.928385244409E-02,398.20890847843));
#1123 = CARTESIAN_POINT('',(6.127512609105E-02,398.16276531464));
#1124 = CARTESIAN_POINT('',(7.313130550165E-02,398.11639453422));
#1125 = CARTESIAN_POINT('',(9.708171213114E-02,398.02116449417));
#1126 = CARTESIAN_POINT('',(0.109163677506,397.97228511013));
#1127 = CARTESIAN_POINT('',(0.121094090608,397.92316138257));
#1128 = CARTESIAN_POINT('',(0.13287043427,397.87379495975));
#1129 = CARTESIAN_POINT('',(0.144489905455,397.82418733833));
#1130 = CARTESIAN_POINT('',(0.155949415249,397.77433986333));
#1131 = CARTESIAN_POINT('',(0.16841823476,397.71905433038));
#1132 = CARTESIAN_POINT('',(0.169589120367,397.71385236111));
#1133 = CARTESIAN_POINT('',(0.170758241894,397.7086478218));
#1134 = CARTESIAN_POINT('',(0.171925595508,397.70344071386));
#1135 = CARTESIAN_POINT('',(0.17309117734,397.69823103868));
#1136 = CARTESIAN_POINT('',(0.174254983485,397.69301879764));
#1137 = CARTESIAN_POINT('',(0.176540727109,397.68276110708));
#1138 = CARTESIAN_POINT('',(0.177662779994,397.67771582386));
#1139 = CARTESIAN_POINT('',(0.178783165094,397.67266814372));
#1140 = CARTESIAN_POINT('',(0.179901878814,397.66761806791));
#1141 = CARTESIAN_POINT('',(0.181018917526,397.66256559766));
#1142 = CARTESIAN_POINT('',(0.18213427757,397.6575107342));
#1143 = CARTESIAN_POINT('',(0.19750209394,397.58772485839));
#1144 = CARTESIAN_POINT('',(0.211480604521,397.52260458549));
#1145 = CARTESIAN_POINT('',(0.225175786348,397.45709490432));
#1146 = CARTESIAN_POINT('',(0.23857902773,397.39119834263));
#1147 = CARTESIAN_POINT('',(0.251680805938,397.32491771167));
#1148 = CARTESIAN_POINT('',(0.264470687201,397.25825610623));
#1149 = CARTESIAN_POINT('',(0.287777007356,397.13292665438));
#1150 = CARTESIAN_POINT('',(0.298372271889,397.07435120958));
#1151 = CARTESIAN_POINT('',(0.308715693713,397.01549285202));
#1152 = CARTESIAN_POINT('',(0.318799260646,396.95635451905));
#1153 = CARTESIAN_POINT('',(0.328614443462,396.89693982048));
#1154 = CARTESIAN_POINT('',(0.338152264429,396.83725305541));
#1155 = CARTESIAN_POINT('',(0.35893678449,396.70255433714));
#1156 = CARTESIAN_POINT('',(0.370024507478,396.62739466563));
#1157 = CARTESIAN_POINT('',(0.38064843351,396.55183004467));
#1158 = CARTESIAN_POINT('',(0.390789351575,396.47587305678));
#1159 = CARTESIAN_POINT('',(0.400427399481,396.39953907268));
#1160 = CARTESIAN_POINT('',(0.409542522373,396.32284628699));
#1161 = CARTESIAN_POINT('',(0.437514770033,396.07149136714));
#1162 = CARTESIAN_POINT('',(0.454139689624,395.89539670572));
#1163 = CARTESIAN_POINT('',(0.467750853359,395.71784241155));
#1164 = CARTESIAN_POINT('',(0.478129963102,395.53916562569));
#1165 = CARTESIAN_POINT('',(0.485109172276,395.35970851893));
#1166 = CARTESIAN_POINT('',(0.488597274881,395.17983180691));
#1167 = CARTESIAN_POINT('',(0.488597274881,395.));
#1168 = ( GEOMETRIC_REPRESENTATION_CONTEXT(2) 
PARAMETRIC_REPRESENTATION_CONTEXT() REPRESENTATION_CONTEXT('2D SPACE',''
  ) );
#1169 = PCURVE('',#770,#1170);
#1170 = DEFINITIONAL_REPRESENTATION('',(#1171),#1222);
#1171 = B_SPLINE_CURVE_WITH_KNOTS('',7,(#1172,#1173,#1174,#1175,#1176,
    #1177,#1178,#1179,#1180,#1181,#1182,#1183,#1184,#1185,#1186,#1187,
    #1188,#1189,#1190,#1191,#1192,#1193,#1194,#1195,#1196,#1197,#1198,
    #1199,#1200,#1201,#1202,#1203,#1204,#1205,#1206,#1207,#1208,#1209,
    #1210,#1211,#1212,#1213,#1214,#1215,#1216,#1217,#1218,#1219,#1220,
    #1221),.UNSPECIFIED.,.F.,.F.,(8,6,6,6,6,6,6,6,8),(0.,0.105182677516,
    0.214962201712,0.226358317977,0.23737872982,0.378430742351,
    0.501074761152,0.653975993968,1.),.UNSPECIFIED.);
#1172 = CARTESIAN_POINT('',(-0.801190262549,-0.622826585412));
#1173 = CARTESIAN_POINT('',(-0.807853103692,-0.631815434667));
#1174 = CARTESIAN_POINT('',(-0.814559810659,-0.640779137787));
#1175 = CARTESIAN_POINT('',(-0.821317180338,-0.649715093551));
#1176 = CARTESIAN_POINT('',(-0.828132304165,-0.658620583181));
#1177 = CARTESIAN_POINT('',(-0.83501256812,-0.667492770343));
#1178 = CARTESIAN_POINT('',(-0.84196565273,-0.676328701145));
#1179 = CARTESIAN_POINT('',(-0.856340818295,-0.694306349093));
#1180 = CARTESIAN_POINT('',(-0.863770130964,-0.703444514794));
#1181 = CARTESIAN_POINT('',(-0.871296551481,-0.712536318965));
#1182 = CARTESIAN_POINT('',(-0.878929573051,-0.721578033023));
#1183 = CARTESIAN_POINT('',(-0.886679101671,-0.730565682082));
#1184 = CARTESIAN_POINT('',(-0.894555456135,-0.739495044946));
#1185 = CARTESIAN_POINT('',(-0.903401285206,-0.749282089048));
#1186 = CARTESIAN_POINT('',(-0.904234684764,-0.750201847479));
#1187 = CARTESIAN_POINT('',(-0.905069578717,-0.751120924356));
#1188 = CARTESIAN_POINT('',(-0.905905979128,-0.752039314589));
#1189 = CARTESIAN_POINT('',(-0.906743898105,-0.752957013053));
#1190 = CARTESIAN_POINT('',(-0.907583347805,-0.753874014584));
#1191 = CARTESIAN_POINT('',(-0.909237607421,-0.755676405046));
#1192 = CARTESIAN_POINT('',(-0.91005231728,-0.756561839508));
#1193 = CARTESIAN_POINT('',(-0.910868481049,-0.757446612669));
#1194 = CARTESIAN_POINT('',(-0.911686109807,-0.758330719794));
#1195 = CARTESIAN_POINT('',(-0.912505214677,-0.759214156115));
#1196 = CARTESIAN_POINT('',(-0.91332580682,-0.760096916831));
#1197 = CARTESIAN_POINT('',(-0.924669966701,-0.772268883526));
#1198 = CARTESIAN_POINT('',(-0.935437387113,-0.783447214752));
#1199 = CARTESIAN_POINT('',(-0.946473913175,-0.794504039023));
#1200 = CARTESIAN_POINT('',(-0.95780414298,-0.805428263592));
#1201 = CARTESIAN_POINT('',(-0.969453518222,-0.816207654723));
#1202 = CARTESIAN_POINT('',(-0.98144832419,-0.826828837692));
#1203 = CARTESIAN_POINT('',(-1.004569052233,-0.846362179663));
#1204 = CARTESIAN_POINT('',(-1.015603942891,-0.855316394963));
#1205 = CARTESIAN_POINT('',(-1.026937907207,-0.864130322986));
#1206 = CARTESIAN_POINT('',(-1.038588713863,-0.872793511774));
#1207 = CARTESIAN_POINT('',(-1.050573922075,-0.881294673259));
#1208 = CARTESIAN_POINT('',(-1.0629104489,-0.889621679418));
#1209 = CARTESIAN_POINT('',(-1.091451920751,-0.907909607598));
#1210 = CARTESIAN_POINT('',(-1.107860334103,-0.917766746178));
#1211 = CARTESIAN_POINT('',(-1.124869744897,-0.927307943738));
#1212 = CARTESIAN_POINT('',(-1.142507823525,-0.936505850093));
#1213 = CARTESIAN_POINT('',(-1.160796855862,-0.945331271276));
#1214 = CARTESIAN_POINT('',(-1.17975105665,-0.953753645512));
#1215 = CARTESIAN_POINT('',(-1.243781431562,-0.979818522245));
#1216 = CARTESIAN_POINT('',(-1.291623922047,-0.995674672584));
#1217 = CARTESIAN_POINT('',(-1.342921480424,-1.008937292332));
#1218 = CARTESIAN_POINT('',(-1.397427732075,-1.019229308657));
#1219 = CARTESIAN_POINT('',(-1.454404808324,-1.026208763024));
#1220 = CARTESIAN_POINT('',(-1.512607229288,-1.029696800838));
#1221 = CARTESIAN_POINT('',(-1.570796326795,-1.029696800838));
#1222 = ( GEOMETRIC_REPRESENTATION_CONTEXT(2) 
PARAMETRIC_REPRESENTATION_CONTEXT() REPRESENTATION_CONTEXT('2D SPACE',''
  ) );
#1223 = ADVANCED_FACE('',(#1224),#659,.F.);
#1224 = FACE_BOUND('',#1225,.F.);
#1225 = EDGE_LOOP('',(#1226,#1227,#1255,#1282));
#1226 = ORIENTED_EDGE('',*,*,#643,.F.);
#1227 = ORIENTED_EDGE('',*,*,#1228,.T.);
#1228 = EDGE_CURVE('',#644,#1229,#1231,.T.);
#1229 = VERTEX_POINT('',#1230);
#1230 = CARTESIAN_POINT('',(2.5,114.,43.5));
#1231 = SURFACE_CURVE('',#1232,(#1236,#1243),.PCURVE_S1.);
#1232 = LINE('',#1233,#1234);
#1233 = CARTESIAN_POINT('',(2.5,2.5,43.5));
#1234 = VECTOR('',#1235,1.);
#1235 = DIRECTION('',(-0.,1.,0.));
#1236 = PCURVE('',#659,#1237);
#1237 = DEFINITIONAL_REPRESENTATION('',(#1238),#1242);
#1238 = LINE('',#1239,#1240);
#1239 = CARTESIAN_POINT('',(1.570796326795,0.));
#1240 = VECTOR('',#1241,1.);
#1241 = DIRECTION('',(0.,1.));
#1242 = ( GEOMETRIC_REPRESENTATION_CONTEXT(2) 
PARAMETRIC_REPRESENTATION_CONTEXT() REPRESENTATION_CONTEXT('2D SPACE',''
  ) );
#1243 = PCURVE('',#1244,#1249);
#1244 = PLANE('',#1245);
#1245 = AXIS2_PLACEMENT_3D('',#1246,#1247,#1248);
#1246 = CARTESIAN_POINT('',(-1.,2.5,43.5));
#1247 = DIRECTION('',(0.,0.,1.));
#1248 = DIRECTION('',(1.,0.,-0.));
#1249 = DEFINITIONAL_REPRESENTATION('',(#1250),#1254);
#1250 = LINE('',#1251,#1252);
#1251 = CARTESIAN_POINT('',(3.5,0.));
#1252 = VECTOR('',#1253,1.);
#1253 = DIRECTION('',(0.,1.));
#1254 = ( GEOMETRIC_REPRESENTATION_CONTEXT(2) 
PARAMETRIC_REPRESENTATION_CONTEXT() REPRESENTATION_CONTEXT('2D SPACE',''
  ) );
#1255 = ORIENTED_EDGE('',*,*,#1256,.F.);
#1256 = EDGE_CURVE('',#839,#1229,#1257,.T.);
#1257 = SURFACE_CURVE('',#1258,(#1263,#1270),.PCURVE_S1.);
#1258 = CIRCLE('',#1259,3.5);
#1259 = AXIS2_PLACEMENT_3D('',#1260,#1261,#1262);
#1260 = CARTESIAN_POINT('',(2.5,114.,40.));
#1261 = DIRECTION('',(-0.,1.,0.));
#1262 = DIRECTION('',(-1.,-0.,0.));
#1263 = PCURVE('',#659,#1264);
#1264 = DEFINITIONAL_REPRESENTATION('',(#1265),#1269);
#1265 = LINE('',#1266,#1267);
#1266 = CARTESIAN_POINT('',(0.,111.5));
#1267 = VECTOR('',#1268,1.);
#1268 = DIRECTION('',(1.,0.));
#1269 = ( GEOMETRIC_REPRESENTATION_CONTEXT(2) 
PARAMETRIC_REPRESENTATION_CONTEXT() REPRESENTATION_CONTEXT('2D SPACE',''
  ) );
#1270 = PCURVE('',#1271,#1276);
#1271 = SPHERICAL_SURFACE('',#1272,3.5);
#1272 = AXIS2_PLACEMENT_3D('',#1273,#1274,#1275);
#1273 = CARTESIAN_POINT('',(2.5,114.,40.));
#1274 = DIRECTION('',(0.,-1.,-0.));
#1275 = DIRECTION('',(-1.,-0.,0.));
#1276 = DEFINITIONAL_REPRESENTATION('',(#1277),#1281);
#1277 = LINE('',#1278,#1279);
#1278 = CARTESIAN_POINT('',(-0.,0.));
#1279 = VECTOR('',#1280,1.);
#1280 = DIRECTION('',(-1.,0.));
#1281 = ( GEOMETRIC_REPRESENTATION_CONTEXT(2) 
PARAMETRIC_REPRESENTATION_CONTEXT() REPRESENTATION_CONTEXT('2D SPACE',''
  ) );
#1282 = ORIENTED_EDGE('',*,*,#867,.F.);
#1283 = ADVANCED_FACE('',(#1284),#684,.F.);
#1284 = FACE_BOUND('',#1285,.T.);
#1285 = EDGE_LOOP('',(#1286,#1287,#1310,#1335));
#1286 = ORIENTED_EDGE('',*,*,#670,.F.);
#1287 = ORIENTED_EDGE('',*,*,#1288,.T.);
#1288 = EDGE_CURVE('',#644,#1289,#1291,.T.);
#1289 = VERTEX_POINT('',#1290);
#1290 = CARTESIAN_POINT('',(397.5,6.,43.5));
#1291 = SURFACE_CURVE('',#1292,(#1296,#1303),.PCURVE_S1.);
#1292 = LINE('',#1293,#1294);
#1293 = CARTESIAN_POINT('',(-1.,6.,43.5));
#1294 = VECTOR('',#1295,1.);
#1295 = DIRECTION('',(1.,0.,-0.));
#1296 = PCURVE('',#684,#1297);
#1297 = DEFINITIONAL_REPRESENTATION('',(#1298),#1302);
#1298 = LINE('',#1299,#1300);
#1299 = CARTESIAN_POINT('',(-1.570796326795,0.));
#1300 = VECTOR('',#1301,1.);
#1301 = DIRECTION('',(-0.,1.));
#1302 = ( GEOMETRIC_REPRESENTATION_CONTEXT(2) 
PARAMETRIC_REPRESENTATION_CONTEXT() REPRESENTATION_CONTEXT('2D SPACE',''
  ) );
#1303 = PCURVE('',#1244,#1304);
#1304 = DEFINITIONAL_REPRESENTATION('',(#1305),#1309);
#1305 = LINE('',#1306,#1307);
#1306 = CARTESIAN_POINT('',(0.,3.5));
#1307 = VECTOR('',#1308,1.);
#1308 = DIRECTION('',(1.,0.));
#1309 = ( GEOMETRIC_REPRESENTATION_CONTEXT(2) 
PARAMETRIC_REPRESENTATION_CONTEXT() REPRESENTATION_CONTEXT('2D SPACE',''
  ) );
#1310 = ORIENTED_EDGE('',*,*,#1311,.T.);
#1311 = EDGE_CURVE('',#1289,#703,#1312,.T.);
#1312 = SURFACE_CURVE('',#1313,(#1318,#1324),.PCURVE_S1.);
#1313 = CIRCLE('',#1314,3.5);
#1314 = AXIS2_PLACEMENT_3D('',#1315,#1316,#1317);
#1315 = CARTESIAN_POINT('',(397.5,6.,40.));
#1316 = DIRECTION('',(1.,6.123233995737E-17,0.));
#1317 = DIRECTION('',(6.123233995737E-17,-1.,0.));
#1318 = PCURVE('',#684,#1319);
#1319 = DEFINITIONAL_REPRESENTATION('',(#1320),#1323);
#1320 = B_SPLINE_CURVE_WITH_KNOTS('',1,(#1321,#1322),.UNSPECIFIED.,.F.,
  .F.,(2,2),(4.712388980385,6.28318530718),.PIECEWISE_BEZIER_KNOTS.);
#1321 = CARTESIAN_POINT('',(-1.570796326795,398.5));
#1322 = CARTESIAN_POINT('',(0.,398.5));
#1323 = ( GEOMETRIC_REPRESENTATION_CONTEXT(2) 
PARAMETRIC_REPRESENTATION_CONTEXT() REPRESENTATION_CONTEXT('2D SPACE',''
  ) );
#1324 = PCURVE('',#1325,#1330);
#1325 = SPHERICAL_SURFACE('',#1326,3.5);
#1326 = AXIS2_PLACEMENT_3D('',#1327,#1328,#1329);
#1327 = CARTESIAN_POINT('',(397.5,6.,40.));
#1328 = DIRECTION('',(-0.,-0.,-1.));
#1329 = DIRECTION('',(1.,0.,0.));
#1330 = DEFINITIONAL_REPRESENTATION('',(#1331),#1334);
#1331 = B_SPLINE_CURVE_WITH_KNOTS('',1,(#1332,#1333),.UNSPECIFIED.,.F.,
  .F.,(2,2),(4.712388980385,6.28318530718),.PIECEWISE_BEZIER_KNOTS.);
#1332 = CARTESIAN_POINT('',(1.570796326795,-1.570796326795));
#1333 = CARTESIAN_POINT('',(1.570796326795,0.));
#1334 = ( GEOMETRIC_REPRESENTATION_CONTEXT(2) 
PARAMETRIC_REPRESENTATION_CONTEXT() REPRESENTATION_CONTEXT('2D SPACE',''
  ) );
#1335 = ORIENTED_EDGE('',*,*,#702,.F.);
#1336 = ADVANCED_FACE('',(#1337),#770,.T.);
#1337 = FACE_BOUND('',#1338,.F.);
#1338 = EDGE_LOOP('',(#1339,#1340,#1341,#1342,#1400));
#1339 = ORIENTED_EDGE('',*,*,#1062,.T.);
#1340 = ORIENTED_EDGE('',*,*,#964,.T.);
#1341 = ORIENTED_EDGE('',*,*,#1011,.F.);
#1342 = ORIENTED_EDGE('',*,*,#1343,.T.);
#1343 = EDGE_CURVE('',#989,#726,#1344,.T.);
#1344 = SURFACE_CURVE('',#1345,(#1360,#1380),.PCURVE_S1.);
#1345 = B_SPLINE_CURVE_WITH_KNOTS('',7,(#1346,#1347,#1348,#1349,#1350,
    #1351,#1352,#1353,#1354,#1355,#1356,#1357,#1358,#1359),
  .UNSPECIFIED.,.F.,.F.,(8,6,8),(0.,0.791534543087,1.),.UNSPECIFIED.);
#1346 = CARTESIAN_POINT('',(399.14285714285,2.909527478174,6.));
#1347 = CARTESIAN_POINT('',(399.14285714285,2.909527478174,
    5.551602235796));
#1348 = CARTESIAN_POINT('',(399.07580012318,2.874005150785,
    5.114498001021));
#1349 = CARTESIAN_POINT('',(398.94797358119,2.80552592107,4.695760079269
    ));
#1350 = CARTESIAN_POINT('',(398.77097343051,2.724550498255,
    4.296223246788));
#1351 = CARTESIAN_POINT('',(398.55419612544,2.646938000544,
    3.916586925663));
#1352 = CARTESIAN_POINT('',(398.30660033361,2.583096237777,
    3.556490687654));
#1353 = CARTESIAN_POINT('',(397.96277096529,2.529970718716,
    3.124462733716));
#1354 = CARTESIAN_POINT('',(397.88934997435,2.520401066205,
    3.035604350186));
#1355 = CARTESIAN_POINT('',(397.81429708563,2.512484357944,
    2.947930503936));
#1356 = CARTESIAN_POINT('',(397.73772434625,2.506359721075,
    2.861425616582));
#1357 = CARTESIAN_POINT('',(397.65974330363,2.502157648723,
    2.776078515366));
#1358 = CARTESIAN_POINT('',(397.58046500552,2.5,2.691882433155));
#1359 = CARTESIAN_POINT('',(397.5,2.5,2.608835008437));
#1360 = PCURVE('',#770,#1361);
#1361 = DEFINITIONAL_REPRESENTATION('',(#1362),#1379);
#1362 = B_SPLINE_CURVE_WITH_KNOTS('',8,(#1363,#1364,#1365,#1366,#1367,
    #1368,#1369,#1370,#1371,#1372,#1373,#1374,#1375,#1376,#1377,#1378),
  .UNSPECIFIED.,.F.,.F.,(9,7,9),(0.,0.5,1.),.UNSPECIFIED.);
#1363 = CARTESIAN_POINT('',(-0.541099525957,0.));
#1364 = CARTESIAN_POINT('',(-0.541099525957,-4.130668786611E-02));
#1365 = CARTESIAN_POINT('',(-0.544349738914,-8.204700714152E-02));
#1366 = CARTESIAN_POINT('',(-0.550677289003,-0.122153396684));
#1367 = CARTESIAN_POINT('',(-0.559798614987,-0.161607748702));
#1368 = CARTESIAN_POINT('',(-0.571368783921,-0.200427688896));
#1369 = CARTESIAN_POINT('',(-0.585030804858,-0.238652856586));
#1370 = CARTESIAN_POINT('',(-0.600464942551,-0.276331184857));
#1371 = CARTESIAN_POINT('',(-0.634411119769,-0.350679176515));
#1372 = CARTESIAN_POINT('',(-0.652918087425,-0.387354213444));
#1373 = CARTESIAN_POINT('',(-0.672678139929,-0.423551283962));
#1374 = CARTESIAN_POINT('',(-0.693592963466,-0.459478995162));
#1375 = CARTESIAN_POINT('',(-0.715232168302,-0.494813447919));
#1376 = CARTESIAN_POINT('',(-0.737888207592,-0.530225988673));
#1377 = CARTESIAN_POINT('',(-0.761273961144,-0.565456891166));
#1378 = CARTESIAN_POINT('',(-0.785398163397,-0.600668598448));
#1379 = ( GEOMETRIC_REPRESENTATION_CONTEXT(2) 
PARAMETRIC_REPRESENTATION_CONTEXT() REPRESENTATION_CONTEXT('2D SPACE',''
  ) );
#1380 = PCURVE('',#741,#1381);
#1381 = DEFINITIONAL_REPRESENTATION('',(#1382),#1399);
#1382 = B_SPLINE_CURVE_WITH_KNOTS('',8,(#1383,#1384,#1385,#1386,#1387,
    #1388,#1389,#1390,#1391,#1392,#1393,#1394,#1395,#1396,#1397,#1398),
  .UNSPECIFIED.,.F.,.F.,(9,7,9),(0.,0.5,1.),.UNSPECIFIED.);
#1383 = CARTESIAN_POINT('',(-1.082199051914,7.));
#1384 = CARTESIAN_POINT('',(-1.082199051914,6.752159872803));
#1385 = CARTESIAN_POINT('',(-1.088701483047,6.507716219075));
#1386 = CARTESIAN_POINT('',(-1.101356958559,6.267726916553));
#1387 = CARTESIAN_POINT('',(-1.119598142201,6.032858887535));
#1388 = CARTESIAN_POINT('',(-1.142736731959,5.803484105867));
#1389 = CARTESIAN_POINT('',(-1.170060443792,5.579775603928));
#1390 = CARTESIAN_POINT('',(-1.200929995361,5.361803479622));
#1391 = CARTESIAN_POINT('',(-1.268822184174,4.937458327098));
#1392 = CARTESIAN_POINT('',(-1.305835707055,4.731058633913));
#1393 = CARTESIAN_POINT('',(-1.345357426963,4.530594822563));
#1394 = CARTESIAN_POINT('',(-1.387184482419,4.335259468597));
#1395 = CARTESIAN_POINT('',(-1.430465710031,4.146916276057));
#1396 = CARTESIAN_POINT('',(-1.475775846554,3.962308561718));
#1397 = CARTESIAN_POINT('',(-1.522547922288,3.783124067411));
#1398 = CARTESIAN_POINT('',(-1.570796326795,3.608835008437));
#1399 = ( GEOMETRIC_REPRESENTATION_CONTEXT(2) 
PARAMETRIC_REPRESENTATION_CONTEXT() REPRESENTATION_CONTEXT('2D SPACE',''
  ) );
#1400 = ORIENTED_EDGE('',*,*,#753,.T.);
#1401 = ADVANCED_FACE('',(#1402),#741,.F.);
#1402 = FACE_BOUND('',#1403,.T.);
#1403 = EDGE_LOOP('',(#1404,#1426,#1427,#1428));
#1404 = ORIENTED_EDGE('',*,*,#1405,.F.);
#1405 = EDGE_CURVE('',#991,#703,#1406,.T.);
#1406 = SURFACE_CURVE('',#1407,(#1412,#1419),.PCURVE_S1.);
#1407 = CIRCLE('',#1408,3.5);
#1408 = AXIS2_PLACEMENT_3D('',#1409,#1410,#1411);
#1409 = CARTESIAN_POINT('',(397.5,6.,40.));
#1410 = DIRECTION('',(0.,0.,-1.));
#1411 = DIRECTION('',(1.,0.,0.));
#1412 = PCURVE('',#741,#1413);
#1413 = DEFINITIONAL_REPRESENTATION('',(#1414),#1418);
#1414 = LINE('',#1415,#1416);
#1415 = CARTESIAN_POINT('',(-0.,41.));
#1416 = VECTOR('',#1417,1.);
#1417 = DIRECTION('',(-1.,0.));
#1418 = ( GEOMETRIC_REPRESENTATION_CONTEXT(2) 
PARAMETRIC_REPRESENTATION_CONTEXT() REPRESENTATION_CONTEXT('2D SPACE',''
  ) );
#1419 = PCURVE('',#1325,#1420);
#1420 = DEFINITIONAL_REPRESENTATION('',(#1421),#1425);
#1421 = LINE('',#1422,#1423);
#1422 = CARTESIAN_POINT('',(0.,0.));
#1423 = VECTOR('',#1424,1.);
#1424 = DIRECTION('',(1.,0.));
#1425 = ( GEOMETRIC_REPRESENTATION_CONTEXT(2) 
PARAMETRIC_REPRESENTATION_CONTEXT() REPRESENTATION_CONTEXT('2D SPACE',''
  ) );
#1426 = ORIENTED_EDGE('',*,*,#988,.F.);
#1427 = ORIENTED_EDGE('',*,*,#1343,.T.);
#1428 = ORIENTED_EDGE('',*,*,#725,.T.);
#1429 = ADVANCED_FACE('',(#1430),#855,.T.);
#1430 = FACE_BOUND('',#1431,.F.);
#1431 = EDGE_LOOP('',(#1432,#1461,#1486,#1487));
#1432 = ORIENTED_EDGE('',*,*,#1433,.F.);
#1433 = EDGE_CURVE('',#1434,#1436,#1438,.T.);
#1434 = VERTEX_POINT('',#1435);
#1435 = CARTESIAN_POINT('',(6.,120.,40.));
#1436 = VERTEX_POINT('',#1437);
#1437 = CARTESIAN_POINT('',(0.857142857143,117.09047252182,40.));
#1438 = SURFACE_CURVE('',#1439,(#1444,#1450),.PCURVE_S1.);
#1439 = CIRCLE('',#1440,6.);
#1440 = AXIS2_PLACEMENT_3D('',#1441,#1442,#1443);
#1441 = CARTESIAN_POINT('',(6.,114.,40.));
#1442 = DIRECTION('',(0.,0.,1.));
#1443 = DIRECTION('',(-1.,-0.,0.));
#1444 = PCURVE('',#855,#1445);
#1445 = DEFINITIONAL_REPRESENTATION('',(#1446),#1449);
#1446 = B_SPLINE_CURVE_WITH_KNOTS('',1,(#1447,#1448),.UNSPECIFIED.,.F.,
  .F.,(2,2),(4.712388980385,6.28318530718),.PIECEWISE_BEZIER_KNOTS.);
#1447 = CARTESIAN_POINT('',(0.,-1.570796326795));
#1448 = CARTESIAN_POINT('',(0.,0.));
#1449 = ( GEOMETRIC_REPRESENTATION_CONTEXT(2) 
PARAMETRIC_REPRESENTATION_CONTEXT() REPRESENTATION_CONTEXT('2D SPACE',''
  ) );
#1450 = PCURVE('',#1451,#1456);
#1451 = CYLINDRICAL_SURFACE('',#1452,6.);
#1452 = AXIS2_PLACEMENT_3D('',#1453,#1454,#1455);
#1453 = CARTESIAN_POINT('',(6.,114.,0.));
#1454 = DIRECTION('',(0.,0.,1.));
#1455 = DIRECTION('',(-1.,-0.,0.));
#1456 = DEFINITIONAL_REPRESENTATION('',(#1457),#1460);
#1457 = B_SPLINE_CURVE_WITH_KNOTS('',1,(#1458,#1459),.UNSPECIFIED.,.F.,
  .F.,(2,2),(4.712388980385,6.28318530718),.PIECEWISE_BEZIER_KNOTS.);
#1458 = CARTESIAN_POINT('',(-1.570796326795,40.));
#1459 = CARTESIAN_POINT('',(0.,40.));
#1460 = ( GEOMETRIC_REPRESENTATION_CONTEXT(2) 
PARAMETRIC_REPRESENTATION_CONTEXT() REPRESENTATION_CONTEXT('2D SPACE',''
  ) );
#1461 = ORIENTED_EDGE('',*,*,#1462,.T.);
#1462 = EDGE_CURVE('',#1434,#811,#1463,.T.);
#1463 = SURFACE_CURVE('',#1464,(#1469,#1475),.PCURVE_S1.);
#1464 = CIRCLE('',#1465,6.);
#1465 = AXIS2_PLACEMENT_3D('',#1466,#1467,#1468);
#1466 = CARTESIAN_POINT('',(6.,114.,40.));
#1467 = DIRECTION('',(1.,0.,6.123233995737E-17));
#1468 = DIRECTION('',(-6.123233995737E-17,-0.,1.));
#1469 = PCURVE('',#855,#1470);
#1470 = DEFINITIONAL_REPRESENTATION('',(#1471),#1474);
#1471 = B_SPLINE_CURVE_WITH_KNOTS('',1,(#1472,#1473),.UNSPECIFIED.,.F.,
  .F.,(2,2),(4.712388980385,6.28318530718),.PIECEWISE_BEZIER_KNOTS.);
#1472 = CARTESIAN_POINT('',(-1.570796326795,-1.570796326795));
#1473 = CARTESIAN_POINT('',(-1.570796326795,0.));
#1474 = ( GEOMETRIC_REPRESENTATION_CONTEXT(2) 
PARAMETRIC_REPRESENTATION_CONTEXT() REPRESENTATION_CONTEXT('2D SPACE',''
  ) );
#1475 = PCURVE('',#1476,#1481);
#1476 = CYLINDRICAL_SURFACE('',#1477,6.);
#1477 = AXIS2_PLACEMENT_3D('',#1478,#1479,#1480);
#1478 = CARTESIAN_POINT('',(0.,114.,40.));
#1479 = DIRECTION('',(1.,0.,-0.));
#1480 = DIRECTION('',(0.,1.,0.));
#1481 = DEFINITIONAL_REPRESENTATION('',(#1482),#1485);
#1482 = B_SPLINE_CURVE_WITH_KNOTS('',1,(#1483,#1484),.UNSPECIFIED.,.F.,
  .F.,(2,2),(4.712388980385,6.28318530718),.PIECEWISE_BEZIER_KNOTS.);
#1483 = CARTESIAN_POINT('',(0.,6.));
#1484 = CARTESIAN_POINT('',(1.570796326795,6.));
#1485 = ( GEOMETRIC_REPRESENTATION_CONTEXT(2) 
PARAMETRIC_REPRESENTATION_CONTEXT() REPRESENTATION_CONTEXT('2D SPACE',''
  ) );
#1486 = ORIENTED_EDGE('',*,*,#838,.F.);
#1487 = ORIENTED_EDGE('',*,*,#1488,.T.);
#1488 = EDGE_CURVE('',#839,#1436,#1489,.T.);
#1489 = SURFACE_CURVE('',#1490,(#1495,#1515),.PCURVE_S1.);
#1490 = CIRCLE('',#1491,3.090472521826);
#1491 = AXIS2_PLACEMENT_3D('',#1492,#1493,#1494);
#1492 = CARTESIAN_POINT('',(0.857142857143,114.,40.));
#1493 = DIRECTION('',(-1.,0.,0.));
#1494 = DIRECTION('',(0.,0.,-1.));
#1495 = PCURVE('',#855,#1496);
#1496 = DEFINITIONAL_REPRESENTATION('',(#1497),#1514);
#1497 = B_SPLINE_CURVE_WITH_KNOTS('',8,(#1498,#1499,#1500,#1501,#1502,
    #1503,#1504,#1505,#1506,#1507,#1508,#1509,#1510,#1511,#1512,#1513),
  .UNSPECIFIED.,.F.,.F.,(9,7,9),(3.14159265359,3.926990816987,
    4.712388980385),.UNSPECIFIED.);
#1498 = CARTESIAN_POINT('',(-0.541099525957,0.));
#1499 = CARTESIAN_POINT('',(-0.541099525957,-5.056773838901E-02));
#1500 = CARTESIAN_POINT('',(-0.536236419186,-0.101135422319));
#1501 = CARTESIAN_POINT('',(-0.526509904363,-0.151157772801));
#1502 = CARTESIAN_POINT('',(-0.511861372525,-0.200088094298));
#1503 = CARTESIAN_POINT('',(-0.492172567214,-0.247358983232));
#1504 = CARTESIAN_POINT('',(-0.467296368842,-0.292353721463));
#1505 = CARTESIAN_POINT('',(-0.437137561269,-0.334396610144));
#1506 = CARTESIAN_POINT('',(-0.366465316073,-0.411184388621));
#1507 = CARTESIAN_POINT('',(-0.325952012269,-0.445929381913));
#1508 = CARTESIAN_POINT('',(-0.280363586092,-0.476328254547));
#1509 = CARTESIAN_POINT('',(-0.230010605782,-0.501665638127));
#1510 = CARTESIAN_POINT('',(-0.175496112301,-0.521242122182));
#1511 = CARTESIAN_POINT('',(-0.117991164844,-0.534480147062));
#1512 = CARTESIAN_POINT('',(-5.899569478718E-02,-0.541099525957));
#1513 = CARTESIAN_POINT('',(0.,-0.541099525957));
#1514 = ( GEOMETRIC_REPRESENTATION_CONTEXT(2) 
PARAMETRIC_REPRESENTATION_CONTEXT() REPRESENTATION_CONTEXT('2D SPACE',''
  ) );
#1515 = PCURVE('',#1271,#1516);
#1516 = DEFINITIONAL_REPRESENTATION('',(#1517),#1548);
#1517 = B_SPLINE_CURVE_WITH_KNOTS('',8,(#1518,#1519,#1520,#1521,#1522,
    #1523,#1524,#1525,#1526,#1527,#1528,#1529,#1530,#1531,#1532,#1533,
    #1534,#1535,#1536,#1537,#1538,#1539,#1540,#1541,#1542,#1543,#1544,
    #1545,#1546,#1547),.UNSPECIFIED.,.F.,.F.,(9,7,7,7,9),(3.14159265359,
    3.926990816987,4.319689898686,4.516039439535,4.712388980385),
  .UNSPECIFIED.);
#1518 = CARTESIAN_POINT('',(-1.082199051914,0.));
#1519 = CARTESIAN_POINT('',(-1.082199051914,-8.668755152402E-02));
#1520 = CARTESIAN_POINT('',(-1.077633972386,-0.173375069195));
#1521 = CARTESIAN_POINT('',(-1.068500956374,-0.259782353871));
#1522 = CARTESIAN_POINT('',(-1.054465863441,-0.345627518144));
#1523 = CARTESIAN_POINT('',(-1.034811558185,-0.430581996748));
#1524 = CARTESIAN_POINT('',(-1.00841602004,-0.514199601943));
#1525 = CARTESIAN_POINT('',(-0.973312968334,-0.595851635779));
#1526 = CARTESIAN_POINT('',(-0.902580422588,-0.713560797126));
#1527 = CARTESIAN_POINT('',(-0.875989779774,-0.752002260069));
#1528 = CARTESIAN_POINT('',(-0.845970492152,-0.789497748971));
#1529 = CARTESIAN_POINT('',(-0.812015550423,-0.825857074171));
#1530 = CARTESIAN_POINT('',(-0.773536606652,-0.860845342911));
#1531 = CARTESIAN_POINT('',(-0.729830569592,-0.894157159176));
#1532 = CARTESIAN_POINT('',(-0.680140552303,-0.925394694685));
#1533 = CARTESIAN_POINT('',(-0.595853347604,-0.968413261263));
#1534 = CARTESIAN_POINT('',(-0.566132143711,-0.982113201585));
#1535 = CARTESIAN_POINT('',(-0.534721688311,-0.995113097499));
#1536 = CARTESIAN_POINT('',(-0.501571511209,-1.007347463599));
#1537 = CARTESIAN_POINT('',(-0.466657199571,-1.018746005328));
#1538 = CARTESIAN_POINT('',(-0.429992816,-1.029235334808));
#1539 = CARTESIAN_POINT('',(-0.391642989619,-1.03874218879));
#1540 = CARTESIAN_POINT('',(-0.31182637077,-1.055654108635));
#1541 = CARTESIAN_POINT('',(-0.270359452011,-1.063059104827));
#1542 = CARTESIAN_POINT('',(-0.227459679525,-1.069345087868));
#1543 = CARTESIAN_POINT('',(-0.183312534726,-1.074447875089));
#1544 = CARTESIAN_POINT('',(-0.138169730839,-1.078313684818));
#1545 = CARTESIAN_POINT('',(-9.234091175653E-02,-1.080904041526));
#1546 = CARTESIAN_POINT('',(-4.617054374649E-02,-1.082199051914));
#1547 = CARTESIAN_POINT('',(0.,-1.082199051914));
#1548 = ( GEOMETRIC_REPRESENTATION_CONTEXT(2) 
PARAMETRIC_REPRESENTATION_CONTEXT() REPRESENTATION_CONTEXT('2D SPACE',''
  ) );
#1549 = ADVANCED_FACE('',(#1550),#826,.T.);
#1550 = FACE_BOUND('',#1551,.T.);
#1551 = EDGE_LOOP('',(#1552,#1553,#1554,#1582));
#1552 = ORIENTED_EDGE('',*,*,#810,.F.);
#1553 = ORIENTED_EDGE('',*,*,#890,.T.);
#1554 = ORIENTED_EDGE('',*,*,#1555,.T.);
#1555 = EDGE_CURVE('',#891,#1556,#1558,.T.);
#1556 = VERTEX_POINT('',#1557);
#1557 = CARTESIAN_POINT('',(394.,114.,46.));
#1558 = SURFACE_CURVE('',#1559,(#1563,#1570),.PCURVE_S1.);
#1559 = LINE('',#1560,#1561);
#1560 = CARTESIAN_POINT('',(394.,0.,46.));
#1561 = VECTOR('',#1562,1.);
#1562 = DIRECTION('',(-0.,1.,0.));
#1563 = PCURVE('',#826,#1564);
#1564 = DEFINITIONAL_REPRESENTATION('',(#1565),#1569);
#1565 = LINE('',#1566,#1567);
#1566 = CARTESIAN_POINT('',(394.,0.));
#1567 = VECTOR('',#1568,1.);
#1568 = DIRECTION('',(0.,1.));
#1569 = ( GEOMETRIC_REPRESENTATION_CONTEXT(2) 
PARAMETRIC_REPRESENTATION_CONTEXT() REPRESENTATION_CONTEXT('2D SPACE',''
  ) );
#1570 = PCURVE('',#1571,#1576);
#1571 = CYLINDRICAL_SURFACE('',#1572,6.);
#1572 = AXIS2_PLACEMENT_3D('',#1573,#1574,#1575);
#1573 = CARTESIAN_POINT('',(394.,0.,40.));
#1574 = DIRECTION('',(-0.,1.,0.));
#1575 = DIRECTION('',(1.,0.,-0.));
#1576 = DEFINITIONAL_REPRESENTATION('',(#1577),#1581);
#1577 = LINE('',#1578,#1579);
#1578 = CARTESIAN_POINT('',(-1.570796326795,0.));
#1579 = VECTOR('',#1580,1.);
#1580 = DIRECTION('',(-0.,1.));
#1581 = ( GEOMETRIC_REPRESENTATION_CONTEXT(2) 
PARAMETRIC_REPRESENTATION_CONTEXT() REPRESENTATION_CONTEXT('2D SPACE',''
  ) );
#1582 = ORIENTED_EDGE('',*,*,#1583,.F.);
#1583 = EDGE_CURVE('',#811,#1556,#1584,.T.);
#1584 = SURFACE_CURVE('',#1585,(#1589,#1596),.PCURVE_S1.);
#1585 = LINE('',#1586,#1587);
#1586 = CARTESIAN_POINT('',(0.,114.,46.));
#1587 = VECTOR('',#1588,1.);
#1588 = DIRECTION('',(1.,0.,-0.));
#1589 = PCURVE('',#826,#1590);
#1590 = DEFINITIONAL_REPRESENTATION('',(#1591),#1595);
#1591 = LINE('',#1592,#1593);
#1592 = CARTESIAN_POINT('',(0.,114.));
#1593 = VECTOR('',#1594,1.);
#1594 = DIRECTION('',(1.,0.));
#1595 = ( GEOMETRIC_REPRESENTATION_CONTEXT(2) 
PARAMETRIC_REPRESENTATION_CONTEXT() REPRESENTATION_CONTEXT('2D SPACE',''
  ) );
#1596 = PCURVE('',#1476,#1597);
#1597 = DEFINITIONAL_REPRESENTATION('',(#1598),#1602);
#1598 = LINE('',#1599,#1600);
#1599 = CARTESIAN_POINT('',(1.570796326795,0.));
#1600 = VECTOR('',#1601,1.);
#1601 = DIRECTION('',(0.,1.));
#1602 = ( GEOMETRIC_REPRESENTATION_CONTEXT(2) 
PARAMETRIC_REPRESENTATION_CONTEXT() REPRESENTATION_CONTEXT('2D SPACE',''
  ) );
#1603 = ADVANCED_FACE('',(#1604),#927,.T.);
#1604 = FACE_BOUND('',#1605,.T.);
#1605 = EDGE_LOOP('',(#1606,#1628,#1629,#1630));
#1606 = ORIENTED_EDGE('',*,*,#1607,.F.);
#1607 = EDGE_CURVE('',#891,#1608,#1610,.T.);
#1608 = VERTEX_POINT('',#1609);
#1609 = CARTESIAN_POINT('',(399.14285714285,6.,43.090472521826));
#1610 = SURFACE_CURVE('',#1611,(#1616,#1622),.PCURVE_S1.);
#1611 = CIRCLE('',#1612,6.);
#1612 = AXIS2_PLACEMENT_3D('',#1613,#1614,#1615);
#1613 = CARTESIAN_POINT('',(394.,6.,40.));
#1614 = DIRECTION('',(-0.,1.,0.));
#1615 = DIRECTION('',(1.,0.,0.));
#1616 = PCURVE('',#927,#1617);
#1617 = DEFINITIONAL_REPRESENTATION('',(#1618),#1621);
#1618 = B_SPLINE_CURVE_WITH_KNOTS('',1,(#1619,#1620),.UNSPECIFIED.,.F.,
  .F.,(2,2),(4.712388980385,6.28318530718),.PIECEWISE_BEZIER_KNOTS.);
#1619 = CARTESIAN_POINT('',(0.,-1.570796326795));
#1620 = CARTESIAN_POINT('',(0.,0.));
#1621 = ( GEOMETRIC_REPRESENTATION_CONTEXT(2) 
PARAMETRIC_REPRESENTATION_CONTEXT() REPRESENTATION_CONTEXT('2D SPACE',''
  ) );
#1622 = PCURVE('',#1571,#1623);
#1623 = DEFINITIONAL_REPRESENTATION('',(#1624),#1627);
#1624 = B_SPLINE_CURVE_WITH_KNOTS('',1,(#1625,#1626),.UNSPECIFIED.,.F.,
  .F.,(2,2),(4.712388980385,6.28318530718),.PIECEWISE_BEZIER_KNOTS.);
#1625 = CARTESIAN_POINT('',(-1.570796326795,6.));
#1626 = CARTESIAN_POINT('',(0.,6.));
#1627 = ( GEOMETRIC_REPRESENTATION_CONTEXT(2) 
PARAMETRIC_REPRESENTATION_CONTEXT() REPRESENTATION_CONTEXT('2D SPACE',''
  ) );
#1628 = ORIENTED_EDGE('',*,*,#913,.T.);
#1629 = ORIENTED_EDGE('',*,*,#1034,.F.);
#1630 = ORIENTED_EDGE('',*,*,#1631,.F.);
#1631 = EDGE_CURVE('',#1608,#991,#1632,.T.);
#1632 = SURFACE_CURVE('',#1633,(#1638,#1658),.PCURVE_S1.);
#1633 = CIRCLE('',#1634,3.090472521826);
#1634 = AXIS2_PLACEMENT_3D('',#1635,#1636,#1637);
#1635 = CARTESIAN_POINT('',(399.14285714285,6.,40.));
#1636 = DIRECTION('',(1.,2.537652627715E-16,0.));
#1637 = DIRECTION('',(-2.537652627715E-16,1.,0.));
#1638 = PCURVE('',#927,#1639);
#1639 = DEFINITIONAL_REPRESENTATION('',(#1640),#1657);
#1640 = B_SPLINE_CURVE_WITH_KNOTS('',8,(#1641,#1642,#1643,#1644,#1645,
    #1646,#1647,#1648,#1649,#1650,#1651,#1652,#1653,#1654,#1655,#1656),
  .UNSPECIFIED.,.F.,.F.,(9,7,9),(1.570796326795,2.356194490192,
    3.14159265359),.UNSPECIFIED.);
#1641 = CARTESIAN_POINT('',(0.,-0.541099525957));
#1642 = CARTESIAN_POINT('',(5.899569478718E-02,-0.541099525957));
#1643 = CARTESIAN_POINT('',(0.117991164843,-0.534480147062));
#1644 = CARTESIAN_POINT('',(0.175496112316,-0.521242122185));
#1645 = CARTESIAN_POINT('',(0.230010605749,-0.501665638122));
#1646 = CARTESIAN_POINT('',(0.280363586103,-0.476328254551));
#1647 = CARTESIAN_POINT('',(0.325952012268,-0.445929381913));
#1648 = CARTESIAN_POINT('',(0.366465316073,-0.411184388621));
#1649 = CARTESIAN_POINT('',(0.437137561269,-0.334396610144));
#1650 = CARTESIAN_POINT('',(0.467296368841,-0.292353721463));
#1651 = CARTESIAN_POINT('',(0.492172567215,-0.247358983232));
#1652 = CARTESIAN_POINT('',(0.511861372524,-0.200088094298));
#1653 = CARTESIAN_POINT('',(0.526509904362,-0.151157772801));
#1654 = CARTESIAN_POINT('',(0.536236419187,-0.101135422319));
#1655 = CARTESIAN_POINT('',(0.541099525957,-5.056773838901E-02));
#1656 = CARTESIAN_POINT('',(0.541099525957,0.));
#1657 = ( GEOMETRIC_REPRESENTATION_CONTEXT(2) 
PARAMETRIC_REPRESENTATION_CONTEXT() REPRESENTATION_CONTEXT('2D SPACE',''
  ) );
#1658 = PCURVE('',#1325,#1659);
#1659 = DEFINITIONAL_REPRESENTATION('',(#1660),#1691);
#1660 = B_SPLINE_CURVE_WITH_KNOTS('',8,(#1661,#1662,#1663,#1664,#1665,
    #1666,#1667,#1668,#1669,#1670,#1671,#1672,#1673,#1674,#1675,#1676,
    #1677,#1678,#1679,#1680,#1681,#1682,#1683,#1684,#1685,#1686,#1687,
    #1688,#1689,#1690),.UNSPECIFIED.,.F.,.F.,(9,7,7,7,9),(1.570796326795
    ,1.767145867644,2.110757564131,2.62617510886,3.14159265359),
  .UNSPECIFIED.);
#1661 = CARTESIAN_POINT('',(5.406303424262E-16,-1.082199051914));
#1662 = CARTESIAN_POINT('',(4.617054374649E-02,-1.082199051914));
#1663 = CARTESIAN_POINT('',(9.234091175653E-02,-1.080904041526));
#1664 = CARTESIAN_POINT('',(0.138169730839,-1.078313684818));
#1665 = CARTESIAN_POINT('',(0.183312534726,-1.074447875089));
#1666 = CARTESIAN_POINT('',(0.227459679525,-1.069345087868));
#1667 = CARTESIAN_POINT('',(0.270359452011,-1.063059104827));
#1668 = CARTESIAN_POINT('',(0.31182637077,-1.055654108635));
#1669 = CARTESIAN_POINT('',(0.421574221687,-1.032400218849));
#1670 = CARTESIAN_POINT('',(0.486640426436,-1.014383967617));
#1671 = CARTESIAN_POINT('',(0.546257149662,-0.993515729585));
#1672 = CARTESIAN_POINT('',(0.600310935171,-0.970208880252));
#1673 = CARTESIAN_POINT('',(0.649140460478,-0.944841137525));
#1674 = CARTESIAN_POINT('',(0.69317021708,-0.917727290206));
#1675 = CARTESIAN_POINT('',(0.732868702641,-0.889131628662));
#1676 = CARTESIAN_POINT('',(0.822393859372,-0.814483479859));
#1677 = CARTESIAN_POINT('',(0.867360102678,-0.766851504625));
#1678 = CARTESIAN_POINT('',(0.905077564715,-0.717113992703));
#1679 = CARTESIAN_POINT('',(0.936937736269,-0.665777977702));
#1680 = CARTESIAN_POINT('',(0.963915517046,-0.61319230398));
#1681 = CARTESIAN_POINT('',(0.986785727246,-0.559621673325));
#1682 = CARTESIAN_POINT('',(1.006119987002,-0.505266700493));
#1683 = CARTESIAN_POINT('',(1.038595026216,-0.395310164103));
#1684 = CARTESIAN_POINT('',(1.051735808943,-0.339708708223));
#1685 = CARTESIAN_POINT('',(1.062216910715,-0.283644156649));
#1686 = CARTESIAN_POINT('',(1.070338124504,-0.227237743092));
#1687 = CARTESIAN_POINT('',(1.076300809546,-0.170587048429));
#1688 = CARTESIAN_POINT('',(1.080232751265,-0.113777291562));
#1689 = CARTESIAN_POINT('',(1.082199051914,-5.688870568764E-02));
#1690 = CARTESIAN_POINT('',(1.082199051914,0.));
#1691 = ( GEOMETRIC_REPRESENTATION_CONTEXT(2) 
PARAMETRIC_REPRESENTATION_CONTEXT() REPRESENTATION_CONTEXT('2D SPACE',''
  ) );
#1692 = ADVANCED_FACE('',(#1693),#1271,.F.);
#1693 = FACE_BOUND('',#1694,.T.);
#1694 = EDGE_LOOP('',(#1695,#1722,#1747,#1748));
#1695 = ORIENTED_EDGE('',*,*,#1696,.F.);
#1696 = EDGE_CURVE('',#1697,#1436,#1699,.T.);
#1697 = VERTEX_POINT('',#1698);
#1698 = CARTESIAN_POINT('',(2.5,117.5,40.));
#1699 = SURFACE_CURVE('',#1700,(#1705,#1711),.PCURVE_S1.);
#1700 = CIRCLE('',#1701,3.5);
#1701 = AXIS2_PLACEMENT_3D('',#1702,#1703,#1704);
#1702 = CARTESIAN_POINT('',(2.5,114.,40.));
#1703 = DIRECTION('',(0.,0.,1.));
#1704 = DIRECTION('',(-1.,-0.,0.));
#1705 = PCURVE('',#1271,#1706);
#1706 = DEFINITIONAL_REPRESENTATION('',(#1707),#1710);
#1707 = B_SPLINE_CURVE_WITH_KNOTS('',1,(#1708,#1709),.UNSPECIFIED.,.F.,
  .F.,(2,2),(4.712388980385,6.28318530718),.PIECEWISE_BEZIER_KNOTS.);
#1708 = CARTESIAN_POINT('',(0.,-1.570796326795));
#1709 = CARTESIAN_POINT('',(0.,0.));
#1710 = ( GEOMETRIC_REPRESENTATION_CONTEXT(2) 
PARAMETRIC_REPRESENTATION_CONTEXT() REPRESENTATION_CONTEXT('2D SPACE',''
  ) );
#1711 = PCURVE('',#1712,#1717);
#1712 = CYLINDRICAL_SURFACE('',#1713,3.5);
#1713 = AXIS2_PLACEMENT_3D('',#1714,#1715,#1716);
#1714 = CARTESIAN_POINT('',(2.5,114.,-1.));
#1715 = DIRECTION('',(0.,0.,1.));
#1716 = DIRECTION('',(-1.,-0.,0.));
#1717 = DEFINITIONAL_REPRESENTATION('',(#1718),#1721);
#1718 = B_SPLINE_CURVE_WITH_KNOTS('',1,(#1719,#1720),.UNSPECIFIED.,.F.,
  .F.,(2,2),(4.712388980385,6.28318530718),.PIECEWISE_BEZIER_KNOTS.);
#1719 = CARTESIAN_POINT('',(-1.570796326795,41.));
#1720 = CARTESIAN_POINT('',(0.,41.));
#1721 = ( GEOMETRIC_REPRESENTATION_CONTEXT(2) 
PARAMETRIC_REPRESENTATION_CONTEXT() REPRESENTATION_CONTEXT('2D SPACE',''
  ) );
#1722 = ORIENTED_EDGE('',*,*,#1723,.T.);
#1723 = EDGE_CURVE('',#1697,#1229,#1724,.T.);
#1724 = SURFACE_CURVE('',#1725,(#1730,#1736),.PCURVE_S1.);
#1725 = CIRCLE('',#1726,3.5);
#1726 = AXIS2_PLACEMENT_3D('',#1727,#1728,#1729);
#1727 = CARTESIAN_POINT('',(2.5,114.,40.));
#1728 = DIRECTION('',(1.,0.,6.123233995737E-17));
#1729 = DIRECTION('',(-6.123233995737E-17,-0.,1.));
#1730 = PCURVE('',#1271,#1731);
#1731 = DEFINITIONAL_REPRESENTATION('',(#1732),#1735);
#1732 = B_SPLINE_CURVE_WITH_KNOTS('',1,(#1733,#1734),.UNSPECIFIED.,.F.,
  .F.,(2,2),(4.712388980385,6.28318530718),.PIECEWISE_BEZIER_KNOTS.);
#1733 = CARTESIAN_POINT('',(-1.570796326795,-1.570796326795));
#1734 = CARTESIAN_POINT('',(-1.570796326795,0.));
#1735 = ( GEOMETRIC_REPRESENTATION_CONTEXT(2) 
PARAMETRIC_REPRESENTATION_CONTEXT() REPRESENTATION_CONTEXT('2D SPACE',''
  ) );
#1736 = PCURVE('',#1737,#1742);
#1737 = CYLINDRICAL_SURFACE('',#1738,3.5);
#1738 = AXIS2_PLACEMENT_3D('',#1739,#1740,#1741);
#1739 = CARTESIAN_POINT('',(-1.,114.,40.));
#1740 = DIRECTION('',(1.,0.,-0.));
#1741 = DIRECTION('',(0.,1.,0.));
#1742 = DEFINITIONAL_REPRESENTATION('',(#1743),#1746);
#1743 = B_SPLINE_CURVE_WITH_KNOTS('',1,(#1744,#1745),.UNSPECIFIED.,.F.,
  .F.,(2,2),(4.712388980385,6.28318530718),.PIECEWISE_BEZIER_KNOTS.);
#1744 = CARTESIAN_POINT('',(0.,3.5));
#1745 = CARTESIAN_POINT('',(1.570796326795,3.5));
#1746 = ( GEOMETRIC_REPRESENTATION_CONTEXT(2) 
PARAMETRIC_REPRESENTATION_CONTEXT() REPRESENTATION_CONTEXT('2D SPACE',''
  ) );
#1747 = ORIENTED_EDGE('',*,*,#1256,.F.);
#1748 = ORIENTED_EDGE('',*,*,#1488,.T.);
#1749 = ADVANCED_FACE('',(#1750),#1244,.F.);
#1750 = FACE_BOUND('',#1751,.F.);
#1751 = EDGE_LOOP('',(#1752,#1753,#1754,#1782));
#1752 = ORIENTED_EDGE('',*,*,#1228,.F.);
#1753 = ORIENTED_EDGE('',*,*,#1288,.T.);
#1754 = ORIENTED_EDGE('',*,*,#1755,.T.);
#1755 = EDGE_CURVE('',#1289,#1756,#1758,.T.);
#1756 = VERTEX_POINT('',#1757);
#1757 = CARTESIAN_POINT('',(397.5,114.,43.5));
#1758 = SURFACE_CURVE('',#1759,(#1763,#1770),.PCURVE_S1.);
#1759 = LINE('',#1760,#1761);
#1760 = CARTESIAN_POINT('',(397.5,2.5,43.5));
#1761 = VECTOR('',#1762,1.);
#1762 = DIRECTION('',(-0.,1.,0.));
#1763 = PCURVE('',#1244,#1764);
#1764 = DEFINITIONAL_REPRESENTATION('',(#1765),#1769);
#1765 = LINE('',#1766,#1767);
#1766 = CARTESIAN_POINT('',(398.5,0.));
#1767 = VECTOR('',#1768,1.);
#1768 = DIRECTION('',(0.,1.));
#1769 = ( GEOMETRIC_REPRESENTATION_CONTEXT(2) 
PARAMETRIC_REPRESENTATION_CONTEXT() REPRESENTATION_CONTEXT('2D SPACE',''
  ) );
#1770 = PCURVE('',#1771,#1776);
#1771 = CYLINDRICAL_SURFACE('',#1772,3.5);
#1772 = AXIS2_PLACEMENT_3D('',#1773,#1774,#1775);
#1773 = CARTESIAN_POINT('',(397.5,2.5,40.));
#1774 = DIRECTION('',(-0.,1.,0.));
#1775 = DIRECTION('',(1.,0.,-0.));
#1776 = DEFINITIONAL_REPRESENTATION('',(#1777),#1781);
#1777 = LINE('',#1778,#1779);
#1778 = CARTESIAN_POINT('',(-1.570796326795,0.));
#1779 = VECTOR('',#1780,1.);
#1780 = DIRECTION('',(-0.,1.));
#1781 = ( GEOMETRIC_REPRESENTATION_CONTEXT(2) 
PARAMETRIC_REPRESENTATION_CONTEXT() REPRESENTATION_CONTEXT('2D SPACE',''
  ) );
#1782 = ORIENTED_EDGE('',*,*,#1783,.F.);
#1783 = EDGE_CURVE('',#1229,#1756,#1784,.T.);
#1784 = SURFACE_CURVE('',#1785,(#1789,#1796),.PCURVE_S1.);
#1785 = LINE('',#1786,#1787);
#1786 = CARTESIAN_POINT('',(-1.,114.,43.5));
#1787 = VECTOR('',#1788,1.);
#1788 = DIRECTION('',(1.,0.,-0.));
#1789 = PCURVE('',#1244,#1790);
#1790 = DEFINITIONAL_REPRESENTATION('',(#1791),#1795);
#1791 = LINE('',#1792,#1793);
#1792 = CARTESIAN_POINT('',(0.,111.5));
#1793 = VECTOR('',#1794,1.);
#1794 = DIRECTION('',(1.,0.));
#1795 = ( GEOMETRIC_REPRESENTATION_CONTEXT(2) 
PARAMETRIC_REPRESENTATION_CONTEXT() REPRESENTATION_CONTEXT('2D SPACE',''
  ) );
#1796 = PCURVE('',#1737,#1797);
#1797 = DEFINITIONAL_REPRESENTATION('',(#1798),#1802);
#1798 = LINE('',#1799,#1800);
#1799 = CARTESIAN_POINT('',(1.570796326795,0.));
#1800 = VECTOR('',#1801,1.);
#1801 = DIRECTION('',(0.,1.));
#1802 = ( GEOMETRIC_REPRESENTATION_CONTEXT(2) 
PARAMETRIC_REPRESENTATION_CONTEXT() REPRESENTATION_CONTEXT('2D SPACE',''
  ) );
#1803 = ADVANCED_FACE('',(#1804),#1325,.F.);
#1804 = FACE_BOUND('',#1805,.F.);
#1805 = EDGE_LOOP('',(#1806,#1826,#1827,#1828));
#1806 = ORIENTED_EDGE('',*,*,#1807,.F.);
#1807 = EDGE_CURVE('',#1289,#1608,#1808,.T.);
#1808 = SURFACE_CURVE('',#1809,(#1814,#1820),.PCURVE_S1.);
#1809 = CIRCLE('',#1810,3.5);
#1810 = AXIS2_PLACEMENT_3D('',#1811,#1812,#1813);
#1811 = CARTESIAN_POINT('',(397.5,6.,40.));
#1812 = DIRECTION('',(-0.,1.,0.));
#1813 = DIRECTION('',(1.,0.,0.));
#1814 = PCURVE('',#1325,#1815);
#1815 = DEFINITIONAL_REPRESENTATION('',(#1816),#1819);
#1816 = B_SPLINE_CURVE_WITH_KNOTS('',1,(#1817,#1818),.UNSPECIFIED.,.F.,
  .F.,(2,2),(4.712388980385,6.28318530718),.PIECEWISE_BEZIER_KNOTS.);
#1817 = CARTESIAN_POINT('',(0.,-1.570796326795));
#1818 = CARTESIAN_POINT('',(0.,0.));
#1819 = ( GEOMETRIC_REPRESENTATION_CONTEXT(2) 
PARAMETRIC_REPRESENTATION_CONTEXT() REPRESENTATION_CONTEXT('2D SPACE',''
  ) );
#1820 = PCURVE('',#1771,#1821);
#1821 = DEFINITIONAL_REPRESENTATION('',(#1822),#1825);
#1822 = B_SPLINE_CURVE_WITH_KNOTS('',1,(#1823,#1824),.UNSPECIFIED.,.F.,
  .F.,(2,2),(4.712388980385,6.28318530718),.PIECEWISE_BEZIER_KNOTS.);
#1823 = CARTESIAN_POINT('',(-1.570796326795,3.5));
#1824 = CARTESIAN_POINT('',(0.,3.5));
#1825 = ( GEOMETRIC_REPRESENTATION_CONTEXT(2) 
PARAMETRIC_REPRESENTATION_CONTEXT() REPRESENTATION_CONTEXT('2D SPACE',''
  ) );
#1826 = ORIENTED_EDGE('',*,*,#1311,.T.);
#1827 = ORIENTED_EDGE('',*,*,#1405,.F.);
#1828 = ORIENTED_EDGE('',*,*,#1631,.F.);
#1829 = ADVANCED_FACE('',(#1830),#1451,.T.);
#1830 = FACE_BOUND('',#1831,.F.);
#1831 = EDGE_LOOP('',(#1832,#1853,#1882,#1908));
#1832 = ORIENTED_EDGE('',*,*,#1833,.F.);
#1833 = EDGE_CURVE('',#1834,#1436,#1836,.T.);
#1834 = VERTEX_POINT('',#1835);
#1835 = CARTESIAN_POINT('',(0.857142857143,117.09047252182,6.));
#1836 = SURFACE_CURVE('',#1837,(#1841,#1847),.PCURVE_S1.);
#1837 = LINE('',#1838,#1839);
#1838 = CARTESIAN_POINT('',(0.857142857143,117.09047252182,0.));
#1839 = VECTOR('',#1840,1.);
#1840 = DIRECTION('',(0.,0.,1.));
#1841 = PCURVE('',#1451,#1842);
#1842 = DEFINITIONAL_REPRESENTATION('',(#1843),#1846);
#1843 = B_SPLINE_CURVE_WITH_KNOTS('',1,(#1844,#1845),.UNSPECIFIED.,.F.,
  .F.,(2,2),(5.9999994,40.0000006),.PIECEWISE_BEZIER_KNOTS.);
#1844 = CARTESIAN_POINT('',(-0.541099525957,5.9999994));
#1845 = CARTESIAN_POINT('',(-0.541099525957,40.0000006));
#1846 = ( GEOMETRIC_REPRESENTATION_CONTEXT(2) 
PARAMETRIC_REPRESENTATION_CONTEXT() REPRESENTATION_CONTEXT('2D SPACE',''
  ) );
#1847 = PCURVE('',#1712,#1848);
#1848 = DEFINITIONAL_REPRESENTATION('',(#1849),#1852);
#1849 = B_SPLINE_CURVE_WITH_KNOTS('',1,(#1850,#1851),.UNSPECIFIED.,.F.,
  .F.,(2,2),(5.9999994,40.0000006),.PIECEWISE_BEZIER_KNOTS.);
#1850 = CARTESIAN_POINT('',(-1.082199051914,6.9999994));
#1851 = CARTESIAN_POINT('',(-1.082199051914,41.0000006));
#1852 = ( GEOMETRIC_REPRESENTATION_CONTEXT(2) 
PARAMETRIC_REPRESENTATION_CONTEXT() REPRESENTATION_CONTEXT('2D SPACE',''
  ) );
#1853 = ORIENTED_EDGE('',*,*,#1854,.T.);
#1854 = EDGE_CURVE('',#1834,#1855,#1857,.T.);
#1855 = VERTEX_POINT('',#1856);
#1856 = CARTESIAN_POINT('',(6.,120.,6.));
#1857 = SURFACE_CURVE('',#1858,(#1863,#1870),.PCURVE_S1.);
#1858 = CIRCLE('',#1859,6.);
#1859 = AXIS2_PLACEMENT_3D('',#1860,#1861,#1862);
#1860 = CARTESIAN_POINT('',(6.,114.,6.));
#1861 = DIRECTION('',(-0.,0.,-1.));
#1862 = DIRECTION('',(-1.,0.,0.));
#1863 = PCURVE('',#1451,#1864);
#1864 = DEFINITIONAL_REPRESENTATION('',(#1865),#1869);
#1865 = LINE('',#1866,#1867);
#1866 = CARTESIAN_POINT('',(-0.,6.));
#1867 = VECTOR('',#1868,1.);
#1868 = DIRECTION('',(-1.,0.));
#1869 = ( GEOMETRIC_REPRESENTATION_CONTEXT(2) 
PARAMETRIC_REPRESENTATION_CONTEXT() REPRESENTATION_CONTEXT('2D SPACE',''
  ) );
#1870 = PCURVE('',#1871,#1876);
#1871 = SPHERICAL_SURFACE('',#1872,6.);
#1872 = AXIS2_PLACEMENT_3D('',#1873,#1874,#1875);
#1873 = CARTESIAN_POINT('',(6.,114.,6.));
#1874 = DIRECTION('',(0.,0.,1.));
#1875 = DIRECTION('',(-1.,0.,0.));
#1876 = DEFINITIONAL_REPRESENTATION('',(#1877),#1881);
#1877 = LINE('',#1878,#1879);
#1878 = CARTESIAN_POINT('',(-0.,0.));
#1879 = VECTOR('',#1880,1.);
#1880 = DIRECTION('',(-1.,0.));
#1881 = ( GEOMETRIC_REPRESENTATION_CONTEXT(2) 
PARAMETRIC_REPRESENTATION_CONTEXT() REPRESENTATION_CONTEXT('2D SPACE',''
  ) );
#1882 = ORIENTED_EDGE('',*,*,#1883,.T.);
#1883 = EDGE_CURVE('',#1855,#1434,#1884,.T.);
#1884 = SURFACE_CURVE('',#1885,(#1889,#1896),.PCURVE_S1.);
#1885 = LINE('',#1886,#1887);
#1886 = CARTESIAN_POINT('',(6.,120.,0.));
#1887 = VECTOR('',#1888,1.);
#1888 = DIRECTION('',(0.,0.,1.));
#1889 = PCURVE('',#1451,#1890);
#1890 = DEFINITIONAL_REPRESENTATION('',(#1891),#1895);
#1891 = LINE('',#1892,#1893);
#1892 = CARTESIAN_POINT('',(-1.570796326795,0.));
#1893 = VECTOR('',#1894,1.);
#1894 = DIRECTION('',(-0.,1.));
#1895 = ( GEOMETRIC_REPRESENTATION_CONTEXT(2) 
PARAMETRIC_REPRESENTATION_CONTEXT() REPRESENTATION_CONTEXT('2D SPACE',''
  ) );
#1896 = PCURVE('',#1897,#1902);
#1897 = PLANE('',#1898);
#1898 = AXIS2_PLACEMENT_3D('',#1899,#1900,#1901);
#1899 = CARTESIAN_POINT('',(0.,120.,0.));
#1900 = DIRECTION('',(-0.,1.,0.));
#1901 = DIRECTION('',(0.,0.,1.));
#1902 = DEFINITIONAL_REPRESENTATION('',(#1903),#1907);
#1903 = LINE('',#1904,#1905);
#1904 = CARTESIAN_POINT('',(0.,6.));
#1905 = VECTOR('',#1906,1.);
#1906 = DIRECTION('',(1.,0.));
#1907 = ( GEOMETRIC_REPRESENTATION_CONTEXT(2) 
PARAMETRIC_REPRESENTATION_CONTEXT() REPRESENTATION_CONTEXT('2D SPACE',''
  ) );
#1908 = ORIENTED_EDGE('',*,*,#1433,.T.);
#1909 = ADVANCED_FACE('',(#1910),#1476,.T.);
#1910 = FACE_BOUND('',#1911,.T.);
#1911 = EDGE_LOOP('',(#1912,#1913,#1914,#1941));
#1912 = ORIENTED_EDGE('',*,*,#1462,.T.);
#1913 = ORIENTED_EDGE('',*,*,#1583,.T.);
#1914 = ORIENTED_EDGE('',*,*,#1915,.F.);
#1915 = EDGE_CURVE('',#1916,#1556,#1918,.T.);
#1916 = VERTEX_POINT('',#1917);
#1917 = CARTESIAN_POINT('',(394.,120.,40.));
#1918 = SURFACE_CURVE('',#1919,(#1924,#1930),.PCURVE_S1.);
#1919 = CIRCLE('',#1920,6.);
#1920 = AXIS2_PLACEMENT_3D('',#1921,#1922,#1923);
#1921 = CARTESIAN_POINT('',(394.,114.,40.));
#1922 = DIRECTION('',(1.,0.,-6.123233995737E-17));
#1923 = DIRECTION('',(6.123233995737E-17,0.,1.));
#1924 = PCURVE('',#1476,#1925);
#1925 = DEFINITIONAL_REPRESENTATION('',(#1926),#1929);
#1926 = B_SPLINE_CURVE_WITH_KNOTS('',1,(#1927,#1928),.UNSPECIFIED.,.F.,
  .F.,(2,2),(4.712388980385,6.28318530718),.PIECEWISE_BEZIER_KNOTS.);
#1927 = CARTESIAN_POINT('',(0.,394.));
#1928 = CARTESIAN_POINT('',(1.570796326795,394.));
#1929 = ( GEOMETRIC_REPRESENTATION_CONTEXT(2) 
PARAMETRIC_REPRESENTATION_CONTEXT() REPRESENTATION_CONTEXT('2D SPACE',''
  ) );
#1930 = PCURVE('',#1931,#1936);
#1931 = SPHERICAL_SURFACE('',#1932,6.);
#1932 = AXIS2_PLACEMENT_3D('',#1933,#1934,#1935);
#1933 = CARTESIAN_POINT('',(394.,114.,40.));
#1934 = DIRECTION('',(0.,-1.,-0.));
#1935 = DIRECTION('',(1.,0.,0.));
#1936 = DEFINITIONAL_REPRESENTATION('',(#1937),#1940);
#1937 = B_SPLINE_CURVE_WITH_KNOTS('',1,(#1938,#1939),.UNSPECIFIED.,.F.,
  .F.,(2,2),(4.712388980385,6.28318530718),.PIECEWISE_BEZIER_KNOTS.);
#1938 = CARTESIAN_POINT('',(1.570796326795,-1.570796326795));
#1939 = CARTESIAN_POINT('',(1.570796326795,0.));
#1940 = ( GEOMETRIC_REPRESENTATION_CONTEXT(2) 
PARAMETRIC_REPRESENTATION_CONTEXT() REPRESENTATION_CONTEXT('2D SPACE',''
  ) );
#1941 = ORIENTED_EDGE('',*,*,#1942,.F.);
#1942 = EDGE_CURVE('',#1434,#1916,#1943,.T.);
#1943 = SURFACE_CURVE('',#1944,(#1948,#1955),.PCURVE_S1.);
#1944 = LINE('',#1945,#1946);
#1945 = CARTESIAN_POINT('',(0.,120.,40.));
#1946 = VECTOR('',#1947,1.);
#1947 = DIRECTION('',(1.,0.,-0.));
#1948 = PCURVE('',#1476,#1949);
#1949 = DEFINITIONAL_REPRESENTATION('',(#1950),#1954);
#1950 = LINE('',#1951,#1952);
#1951 = CARTESIAN_POINT('',(0.,0.));
#1952 = VECTOR('',#1953,1.);
#1953 = DIRECTION('',(0.,1.));
#1954 = ( GEOMETRIC_REPRESENTATION_CONTEXT(2) 
PARAMETRIC_REPRESENTATION_CONTEXT() REPRESENTATION_CONTEXT('2D SPACE',''
  ) );
#1955 = PCURVE('',#1897,#1956);
#1956 = DEFINITIONAL_REPRESENTATION('',(#1957),#1961);
#1957 = LINE('',#1958,#1959);
#1958 = CARTESIAN_POINT('',(40.,0.));
#1959 = VECTOR('',#1960,1.);
#1960 = DIRECTION('',(0.,1.));
#1961 = ( GEOMETRIC_REPRESENTATION_CONTEXT(2) 
PARAMETRIC_REPRESENTATION_CONTEXT() REPRESENTATION_CONTEXT('2D SPACE',''
  ) );
#1962 = ADVANCED_FACE('',(#1963),#1571,.T.);
#1963 = FACE_BOUND('',#1964,.F.);
#1964 = EDGE_LOOP('',(#1965,#1966,#1967,#1991));
#1965 = ORIENTED_EDGE('',*,*,#1607,.F.);
#1966 = ORIENTED_EDGE('',*,*,#1555,.T.);
#1967 = ORIENTED_EDGE('',*,*,#1968,.F.);
#1968 = EDGE_CURVE('',#1969,#1556,#1971,.T.);
#1969 = VERTEX_POINT('',#1970);
#1970 = CARTESIAN_POINT('',(399.14285714285,114.,43.090472521826));
#1971 = SURFACE_CURVE('',#1972,(#1977,#1984),.PCURVE_S1.);
#1972 = CIRCLE('',#1973,6.);
#1973 = AXIS2_PLACEMENT_3D('',#1974,#1975,#1976);
#1974 = CARTESIAN_POINT('',(394.,114.,40.));
#1975 = DIRECTION('',(0.,-1.,-0.));
#1976 = DIRECTION('',(1.,0.,0.));
#1977 = PCURVE('',#1571,#1978);
#1978 = DEFINITIONAL_REPRESENTATION('',(#1979),#1983);
#1979 = LINE('',#1980,#1981);
#1980 = CARTESIAN_POINT('',(-0.,114.));
#1981 = VECTOR('',#1982,1.);
#1982 = DIRECTION('',(-1.,0.));
#1983 = ( GEOMETRIC_REPRESENTATION_CONTEXT(2) 
PARAMETRIC_REPRESENTATION_CONTEXT() REPRESENTATION_CONTEXT('2D SPACE',''
  ) );
#1984 = PCURVE('',#1931,#1985);
#1985 = DEFINITIONAL_REPRESENTATION('',(#1986),#1990);
#1986 = LINE('',#1987,#1988);
#1987 = CARTESIAN_POINT('',(0.,0.));
#1988 = VECTOR('',#1989,1.);
#1989 = DIRECTION('',(1.,0.));
#1990 = ( GEOMETRIC_REPRESENTATION_CONTEXT(2) 
PARAMETRIC_REPRESENTATION_CONTEXT() REPRESENTATION_CONTEXT('2D SPACE',''
  ) );
#1991 = ORIENTED_EDGE('',*,*,#1992,.F.);
#1992 = EDGE_CURVE('',#1608,#1969,#1993,.T.);
#1993 = SURFACE_CURVE('',#1994,(#1998,#2004),.PCURVE_S1.);
#1994 = LINE('',#1995,#1996);
#1995 = CARTESIAN_POINT('',(399.14285714285,0.,43.090472521826));
#1996 = VECTOR('',#1997,1.);
#1997 = DIRECTION('',(-0.,1.,0.));
#1998 = PCURVE('',#1571,#1999);
#1999 = DEFINITIONAL_REPRESENTATION('',(#2000),#2003);
#2000 = B_SPLINE_CURVE_WITH_KNOTS('',1,(#2001,#2002),.UNSPECIFIED.,.F.,
  .F.,(2,2),(5.9999994,114.0000006),.PIECEWISE_BEZIER_KNOTS.);
#2001 = CARTESIAN_POINT('',(-0.541099525957,5.9999994));
#2002 = CARTESIAN_POINT('',(-0.541099525957,114.0000006));
#2003 = ( GEOMETRIC_REPRESENTATION_CONTEXT(2) 
PARAMETRIC_REPRESENTATION_CONTEXT() REPRESENTATION_CONTEXT('2D SPACE',''
  ) );
#2004 = PCURVE('',#1771,#2005);
#2005 = DEFINITIONAL_REPRESENTATION('',(#2006),#2009);
#2006 = B_SPLINE_CURVE_WITH_KNOTS('',1,(#2007,#2008),.UNSPECIFIED.,.F.,
  .F.,(2,2),(5.9999994,114.0000006),.PIECEWISE_BEZIER_KNOTS.);
#2007 = CARTESIAN_POINT('',(-1.082199051914,3.4999994));
#2008 = CARTESIAN_POINT('',(-1.082199051914,111.5000006));
#2009 = ( GEOMETRIC_REPRESENTATION_CONTEXT(2) 
PARAMETRIC_REPRESENTATION_CONTEXT() REPRESENTATION_CONTEXT('2D SPACE',''
  ) );
#2010 = ADVANCED_FACE('',(#2011),#1712,.F.);
#2011 = FACE_BOUND('',#2012,.T.);
#2012 = EDGE_LOOP('',(#2013,#2014,#2015,#2075));
#2013 = ORIENTED_EDGE('',*,*,#1696,.T.);
#2014 = ORIENTED_EDGE('',*,*,#1833,.F.);
#2015 = ORIENTED_EDGE('',*,*,#2016,.T.);
#2016 = EDGE_CURVE('',#1834,#2017,#2019,.T.);
#2017 = VERTEX_POINT('',#2018);
#2018 = CARTESIAN_POINT('',(2.5,117.5,2.608835008437));
#2019 = SURFACE_CURVE('',#2020,(#2035,#2055),.PCURVE_S1.);
#2020 = B_SPLINE_CURVE_WITH_KNOTS('',7,(#2021,#2022,#2023,#2024,#2025,
    #2026,#2027,#2028,#2029,#2030,#2031,#2032,#2033,#2034),
  .UNSPECIFIED.,.F.,.F.,(8,6,8),(0.,0.791534543088,1.),.UNSPECIFIED.);
#2021 = CARTESIAN_POINT('',(0.857142857143,117.09047252182,6.));
#2022 = CARTESIAN_POINT('',(0.857142857143,117.09047252182,5.55160223575
    ));
#2023 = CARTESIAN_POINT('',(0.924199876809,117.12599484921,
    5.114498001082));
#2024 = CARTESIAN_POINT('',(1.052026418813,117.19447407893,
    4.695760079223));
#2025 = CARTESIAN_POINT('',(1.229026569479,117.27544950174,
    4.296223246812));
#2026 = CARTESIAN_POINT('',(1.445803874558,117.35306199945,
    3.916586925656));
#2027 = CARTESIAN_POINT('',(1.693399666385,117.41690376222,
    3.556490687655));
#2028 = CARTESIAN_POINT('',(2.037229034709,117.47002928128,
    3.124462733716));
#2029 = CARTESIAN_POINT('',(2.110650025648,117.47959893379,
    3.035604350186));
#2030 = CARTESIAN_POINT('',(2.185702914366,117.48751564205,
    2.947930503936));
#2031 = CARTESIAN_POINT('',(2.262275653749,117.49364027892,
    2.861425616582));
#2032 = CARTESIAN_POINT('',(2.340256696368,117.49784235127,
    2.776078515366));
#2033 = CARTESIAN_POINT('',(2.419534994474,117.5,2.691882433155));
#2034 = CARTESIAN_POINT('',(2.5,117.5,2.608835008437));
#2035 = PCURVE('',#1712,#2036);
#2036 = DEFINITIONAL_REPRESENTATION('',(#2037),#2054);
#2037 = B_SPLINE_CURVE_WITH_KNOTS('',8,(#2038,#2039,#2040,#2041,#2042,
    #2043,#2044,#2045,#2046,#2047,#2048,#2049,#2050,#2051,#2052,#2053),
  .UNSPECIFIED.,.F.,.F.,(9,7,9),(0.,0.5,1.),.UNSPECIFIED.);
#2038 = CARTESIAN_POINT('',(-1.082199051914,7.));
#2039 = CARTESIAN_POINT('',(-1.082199051914,6.752159872778));
#2040 = CARTESIAN_POINT('',(-1.088701483047,6.507716219066));
#2041 = CARTESIAN_POINT('',(-1.101356958559,6.267726916559));
#2042 = CARTESIAN_POINT('',(-1.119598142201,6.032858887543));
#2043 = CARTESIAN_POINT('',(-1.142736731959,5.803484105868));
#2044 = CARTESIAN_POINT('',(-1.170060443792,5.579775603925));
#2045 = CARTESIAN_POINT('',(-1.200929995361,5.361803479622));
#2046 = CARTESIAN_POINT('',(-1.268822184174,4.937458327099));
#2047 = CARTESIAN_POINT('',(-1.305835707053,4.731058633921));
#2048 = CARTESIAN_POINT('',(-1.345357426966,4.530594822536));
#2049 = CARTESIAN_POINT('',(-1.387184482416,4.335259468608));
#2050 = CARTESIAN_POINT('',(-1.430465710031,4.146916276037));
#2051 = CARTESIAN_POINT('',(-1.475775846552,3.962308561721));
#2052 = CARTESIAN_POINT('',(-1.522547922288,3.783124067412));
#2053 = CARTESIAN_POINT('',(-1.570796326795,3.608835008437));
#2054 = ( GEOMETRIC_REPRESENTATION_CONTEXT(2) 
PARAMETRIC_REPRESENTATION_CONTEXT() REPRESENTATION_CONTEXT('2D SPACE',''
  ) );
#2055 = PCURVE('',#1871,#2056);
#2056 = DEFINITIONAL_REPRESENTATION('',(#2057),#2074);
#2057 = B_SPLINE_CURVE_WITH_KNOTS('',8,(#2058,#2059,#2060,#2061,#2062,
    #2063,#2064,#2065,#2066,#2067,#2068,#2069,#2070,#2071,#2072,#2073),
  .UNSPECIFIED.,.F.,.F.,(9,7,9),(0.,0.5,1.),.UNSPECIFIED.);
#2058 = CARTESIAN_POINT('',(-0.541099525957,0.));
#2059 = CARTESIAN_POINT('',(-0.541099525957,-4.130668787029E-02));
#2060 = CARTESIAN_POINT('',(-0.544349738914,-8.204700714309E-02));
#2061 = CARTESIAN_POINT('',(-0.550677289003,-0.122153396683));
#2062 = CARTESIAN_POINT('',(-0.559798614987,-0.161607748701));
#2063 = CARTESIAN_POINT('',(-0.571368783921,-0.200427688895));
#2064 = CARTESIAN_POINT('',(-0.585030804858,-0.238652856587));
#2065 = CARTESIAN_POINT('',(-0.600464942551,-0.276331184857));
#2066 = CARTESIAN_POINT('',(-0.634411119769,-0.350679176515));
#2067 = CARTESIAN_POINT('',(-0.652918087424,-0.387354213444));
#2068 = CARTESIAN_POINT('',(-0.672678139929,-0.423551283961));
#2069 = CARTESIAN_POINT('',(-0.69359296347,-0.459478995163));
#2070 = CARTESIAN_POINT('',(-0.715232168302,-0.494813447917));
#2071 = CARTESIAN_POINT('',(-0.737888207592,-0.530225988673));
#2072 = CARTESIAN_POINT('',(-0.761273961144,-0.565456891165));
#2073 = CARTESIAN_POINT('',(-0.785398163397,-0.600668598448));
#2074 = ( GEOMETRIC_REPRESENTATION_CONTEXT(2) 
PARAMETRIC_REPRESENTATION_CONTEXT() REPRESENTATION_CONTEXT('2D SPACE',''
  ) );
#2075 = ORIENTED_EDGE('',*,*,#2076,.T.);
#2076 = EDGE_CURVE('',#2017,#1697,#2077,.T.);
#2077 = SURFACE_CURVE('',#2078,(#2082,#2089),.PCURVE_S1.);
#2078 = LINE('',#2079,#2080);
#2079 = CARTESIAN_POINT('',(2.5,117.5,-1.));
#2080 = VECTOR('',#2081,1.);
#2081 = DIRECTION('',(0.,0.,1.));
#2082 = PCURVE('',#1712,#2083);
#2083 = DEFINITIONAL_REPRESENTATION('',(#2084),#2088);
#2084 = LINE('',#2085,#2086);
#2085 = CARTESIAN_POINT('',(-1.570796326795,0.));
#2086 = VECTOR('',#2087,1.);
#2087 = DIRECTION('',(-0.,1.));
#2088 = ( GEOMETRIC_REPRESENTATION_CONTEXT(2) 
PARAMETRIC_REPRESENTATION_CONTEXT() REPRESENTATION_CONTEXT('2D SPACE',''
  ) );
#2089 = PCURVE('',#2090,#2095);
#2090 = PLANE('',#2091);
#2091 = AXIS2_PLACEMENT_3D('',#2092,#2093,#2094);
#2092 = CARTESIAN_POINT('',(-1.,117.5,-1.));
#2093 = DIRECTION('',(-0.,1.,0.));
#2094 = DIRECTION('',(0.,0.,1.));
#2095 = DEFINITIONAL_REPRESENTATION('',(#2096),#2100);
#2096 = LINE('',#2097,#2098);
#2097 = CARTESIAN_POINT('',(0.,3.5));
#2098 = VECTOR('',#2099,1.);
#2099 = DIRECTION('',(1.,0.));
#2100 = ( GEOMETRIC_REPRESENTATION_CONTEXT(2) 
PARAMETRIC_REPRESENTATION_CONTEXT() REPRESENTATION_CONTEXT('2D SPACE',''
  ) );
#2101 = ADVANCED_FACE('',(#2102),#1737,.F.);
#2102 = FACE_BOUND('',#2103,.F.);
#2103 = EDGE_LOOP('',(#2104,#2105,#2106,#2133));
#2104 = ORIENTED_EDGE('',*,*,#1723,.T.);
#2105 = ORIENTED_EDGE('',*,*,#1783,.T.);
#2106 = ORIENTED_EDGE('',*,*,#2107,.F.);
#2107 = EDGE_CURVE('',#2108,#1756,#2110,.T.);
#2108 = VERTEX_POINT('',#2109);
#2109 = CARTESIAN_POINT('',(397.5,117.5,40.));
#2110 = SURFACE_CURVE('',#2111,(#2116,#2122),.PCURVE_S1.);
#2111 = CIRCLE('',#2112,3.5);
#2112 = AXIS2_PLACEMENT_3D('',#2113,#2114,#2115);
#2113 = CARTESIAN_POINT('',(397.5,114.,40.));
#2114 = DIRECTION('',(1.,0.,-6.123233995737E-17));
#2115 = DIRECTION('',(6.123233995737E-17,0.,1.));
#2116 = PCURVE('',#1737,#2117);
#2117 = DEFINITIONAL_REPRESENTATION('',(#2118),#2121);
#2118 = B_SPLINE_CURVE_WITH_KNOTS('',1,(#2119,#2120),.UNSPECIFIED.,.F.,
  .F.,(2,2),(4.712388980385,6.28318530718),.PIECEWISE_BEZIER_KNOTS.);
#2119 = CARTESIAN_POINT('',(0.,398.5));
#2120 = CARTESIAN_POINT('',(1.570796326795,398.5));
#2121 = ( GEOMETRIC_REPRESENTATION_CONTEXT(2) 
PARAMETRIC_REPRESENTATION_CONTEXT() REPRESENTATION_CONTEXT('2D SPACE',''
  ) );
#2122 = PCURVE('',#2123,#2128);
#2123 = SPHERICAL_SURFACE('',#2124,3.5);
#2124 = AXIS2_PLACEMENT_3D('',#2125,#2126,#2127);
#2125 = CARTESIAN_POINT('',(397.5,114.,40.));
#2126 = DIRECTION('',(0.,-1.,-0.));
#2127 = DIRECTION('',(1.,0.,0.));
#2128 = DEFINITIONAL_REPRESENTATION('',(#2129),#2132);
#2129 = B_SPLINE_CURVE_WITH_KNOTS('',1,(#2130,#2131),.UNSPECIFIED.,.F.,
  .F.,(2,2),(4.712388980385,6.28318530718),.PIECEWISE_BEZIER_KNOTS.);
#2130 = CARTESIAN_POINT('',(1.570796326795,-1.570796326795));
#2131 = CARTESIAN_POINT('',(1.570796326795,0.));
#2132 = ( GEOMETRIC_REPRESENTATION_CONTEXT(2) 
PARAMETRIC_REPRESENTATION_CONTEXT() REPRESENTATION_CONTEXT('2D SPACE',''
  ) );
#2133 = ORIENTED_EDGE('',*,*,#2134,.F.);
#2134 = EDGE_CURVE('',#1697,#2108,#2135,.T.);
#2135 = SURFACE_CURVE('',#2136,(#2140,#2147),.PCURVE_S1.);
#2136 = LINE('',#2137,#2138);
#2137 = CARTESIAN_POINT('',(-1.,117.5,40.));
#2138 = VECTOR('',#2139,1.);
#2139 = DIRECTION('',(1.,0.,-0.));
#2140 = PCURVE('',#1737,#2141);
#2141 = DEFINITIONAL_REPRESENTATION('',(#2142),#2146);
#2142 = LINE('',#2143,#2144);
#2143 = CARTESIAN_POINT('',(0.,0.));
#2144 = VECTOR('',#2145,1.);
#2145 = DIRECTION('',(0.,1.));
#2146 = ( GEOMETRIC_REPRESENTATION_CONTEXT(2) 
PARAMETRIC_REPRESENTATION_CONTEXT() REPRESENTATION_CONTEXT('2D SPACE',''
  ) );
#2147 = PCURVE('',#2090,#2148);
#2148 = DEFINITIONAL_REPRESENTATION('',(#2149),#2153);
#2149 = LINE('',#2150,#2151);
#2150 = CARTESIAN_POINT('',(41.,0.));
#2151 = VECTOR('',#2152,1.);
#2152 = DIRECTION('',(0.,1.));
#2153 = ( GEOMETRIC_REPRESENTATION_CONTEXT(2) 
PARAMETRIC_REPRESENTATION_CONTEXT() REPRESENTATION_CONTEXT('2D SPACE',''
  ) );
#2154 = ADVANCED_FACE('',(#2155),#1771,.F.);
#2155 = FACE_BOUND('',#2156,.T.);
#2156 = EDGE_LOOP('',(#2157,#2158,#2159,#2181));
#2157 = ORIENTED_EDGE('',*,*,#1807,.F.);
#2158 = ORIENTED_EDGE('',*,*,#1755,.T.);
#2159 = ORIENTED_EDGE('',*,*,#2160,.F.);
#2160 = EDGE_CURVE('',#1969,#1756,#2161,.T.);
#2161 = SURFACE_CURVE('',#2162,(#2167,#2174),.PCURVE_S1.);
#2162 = CIRCLE('',#2163,3.5);
#2163 = AXIS2_PLACEMENT_3D('',#2164,#2165,#2166);
#2164 = CARTESIAN_POINT('',(397.5,114.,40.));
#2165 = DIRECTION('',(0.,-1.,-0.));
#2166 = DIRECTION('',(1.,0.,0.));
#2167 = PCURVE('',#1771,#2168);
#2168 = DEFINITIONAL_REPRESENTATION('',(#2169),#2173);
#2169 = LINE('',#2170,#2171);
#2170 = CARTESIAN_POINT('',(-0.,111.5));
#2171 = VECTOR('',#2172,1.);
#2172 = DIRECTION('',(-1.,0.));
#2173 = ( GEOMETRIC_REPRESENTATION_CONTEXT(2) 
PARAMETRIC_REPRESENTATION_CONTEXT() REPRESENTATION_CONTEXT('2D SPACE',''
  ) );
#2174 = PCURVE('',#2123,#2175);
#2175 = DEFINITIONAL_REPRESENTATION('',(#2176),#2180);
#2176 = LINE('',#2177,#2178);
#2177 = CARTESIAN_POINT('',(0.,0.));
#2178 = VECTOR('',#2179,1.);
#2179 = DIRECTION('',(1.,0.));
#2180 = ( GEOMETRIC_REPRESENTATION_CONTEXT(2) 
PARAMETRIC_REPRESENTATION_CONTEXT() REPRESENTATION_CONTEXT('2D SPACE',''
  ) );
#2181 = ORIENTED_EDGE('',*,*,#1992,.F.);
#2182 = ADVANCED_FACE('',(#2183),#1897,.T.);
#2183 = FACE_BOUND('',#2184,.T.);
#2184 = EDGE_LOOP('',(#2185,#2186,#2187,#2215));
#2185 = ORIENTED_EDGE('',*,*,#1883,.T.);
#2186 = ORIENTED_EDGE('',*,*,#1942,.T.);
#2187 = ORIENTED_EDGE('',*,*,#2188,.F.);
#2188 = EDGE_CURVE('',#2189,#1916,#2191,.T.);
#2189 = VERTEX_POINT('',#2190);
#2190 = CARTESIAN_POINT('',(394.,120.,6.));
#2191 = SURFACE_CURVE('',#2192,(#2196,#2203),.PCURVE_S1.);
#2192 = LINE('',#2193,#2194);
#2193 = CARTESIAN_POINT('',(394.,120.,0.));
#2194 = VECTOR('',#2195,1.);
#2195 = DIRECTION('',(0.,0.,1.));
#2196 = PCURVE('',#1897,#2197);
#2197 = DEFINITIONAL_REPRESENTATION('',(#2198),#2202);
#2198 = LINE('',#2199,#2200);
#2199 = CARTESIAN_POINT('',(0.,394.));
#2200 = VECTOR('',#2201,1.);
#2201 = DIRECTION('',(1.,0.));
#2202 = ( GEOMETRIC_REPRESENTATION_CONTEXT(2) 
PARAMETRIC_REPRESENTATION_CONTEXT() REPRESENTATION_CONTEXT('2D SPACE',''
  ) );
#2203 = PCURVE('',#2204,#2209);
#2204 = CYLINDRICAL_SURFACE('',#2205,6.);
#2205 = AXIS2_PLACEMENT_3D('',#2206,#2207,#2208);
#2206 = CARTESIAN_POINT('',(394.,114.,0.));
#2207 = DIRECTION('',(0.,0.,1.));
#2208 = DIRECTION('',(1.,0.,-0.));
#2209 = DEFINITIONAL_REPRESENTATION('',(#2210),#2214);
#2210 = LINE('',#2211,#2212);
#2211 = CARTESIAN_POINT('',(1.570796326795,0.));
#2212 = VECTOR('',#2213,1.);
#2213 = DIRECTION('',(0.,1.));
#2214 = ( GEOMETRIC_REPRESENTATION_CONTEXT(2) 
PARAMETRIC_REPRESENTATION_CONTEXT() REPRESENTATION_CONTEXT('2D SPACE',''
  ) );
#2215 = ORIENTED_EDGE('',*,*,#2216,.F.);
#2216 = EDGE_CURVE('',#1855,#2189,#2217,.T.);
#2217 = SURFACE_CURVE('',#2218,(#2222,#2229),.PCURVE_S1.);
#2218 = LINE('',#2219,#2220);
#2219 = CARTESIAN_POINT('',(0.,120.,6.));
#2220 = VECTOR('',#2221,1.);
#2221 = DIRECTION('',(1.,0.,-0.));
#2222 = PCURVE('',#1897,#2223);
#2223 = DEFINITIONAL_REPRESENTATION('',(#2224),#2228);
#2224 = LINE('',#2225,#2226);
#2225 = CARTESIAN_POINT('',(6.,0.));
#2226 = VECTOR('',#2227,1.);
#2227 = DIRECTION('',(0.,1.));
#2228 = ( GEOMETRIC_REPRESENTATION_CONTEXT(2) 
PARAMETRIC_REPRESENTATION_CONTEXT() REPRESENTATION_CONTEXT('2D SPACE',''
  ) );
#2229 = PCURVE('',#2230,#2235);
#2230 = CYLINDRICAL_SURFACE('',#2231,6.);
#2231 = AXIS2_PLACEMENT_3D('',#2232,#2233,#2234);
#2232 = CARTESIAN_POINT('',(0.,114.,6.));
#2233 = DIRECTION('',(1.,0.,-0.));
#2234 = DIRECTION('',(0.,1.,0.));
#2235 = DEFINITIONAL_REPRESENTATION('',(#2236),#2240);
#2236 = LINE('',#2237,#2238);
#2237 = CARTESIAN_POINT('',(-0.,0.));
#2238 = VECTOR('',#2239,1.);
#2239 = DIRECTION('',(-0.,1.));
#2240 = ( GEOMETRIC_REPRESENTATION_CONTEXT(2) 
PARAMETRIC_REPRESENTATION_CONTEXT() REPRESENTATION_CONTEXT('2D SPACE',''
  ) );
#2241 = ADVANCED_FACE('',(#2242),#1871,.T.);
#2242 = FACE_BOUND('',#2243,.F.);
#2243 = EDGE_LOOP('',(#2244,#2376,#2396,#2397,#2398));
#2244 = ORIENTED_EDGE('',*,*,#2245,.T.);
#2245 = EDGE_CURVE('',#2246,#2248,#2250,.T.);
#2246 = VERTEX_POINT('',#2247);
#2247 = CARTESIAN_POINT('',(2.608835008437,117.5,2.5));
#2248 = VERTEX_POINT('',#2249);
#2249 = CARTESIAN_POINT('',(6.,117.09047252182,0.857142857143));
#2250 = SURFACE_CURVE('',#2251,(#2289,#2330),.PCURVE_S1.);
#2251 = B_SPLINE_CURVE_WITH_KNOTS('',8,(#2252,#2253,#2254,#2255,#2256,
    #2257,#2258,#2259,#2260,#2261,#2262,#2263,#2264,#2265,#2266,#2267,
    #2268,#2269,#2270,#2271,#2272,#2273,#2274,#2275,#2276,#2277,#2278,
    #2279,#2280,#2281,#2282,#2283,#2284,#2285,#2286,#2287,#2288),
  .UNSPECIFIED.,.F.,.F.,(9,7,7,7,7,9),(0.,0.151752762326,0.318625964714,
    0.471505300358,0.650241171552,1.),.UNSPECIFIED.);
#2252 = CARTESIAN_POINT('',(2.608835008437,117.5,2.5));
#2253 = CARTESIAN_POINT('',(2.665911160314,117.5,2.444698671972));
#2254 = CARTESIAN_POINT('',(2.723356135586,117.49900146403,2.39010378881
    ));
#2255 = CARTESIAN_POINT('',(2.781165292777,117.49704888969,
    2.336243777038));
#2256 = CARTESIAN_POINT('',(2.83933444527,117.49418742001,2.283146482726
    ));
#2257 = CARTESIAN_POINT('',(2.897859861303,117.49046284345,
    2.230839171491));
#2258 = CARTESIAN_POINT('',(2.956738263974,117.48592159392,
    2.179348528492));
#2259 = CARTESIAN_POINT('',(3.015966831238,117.48061075077,
    2.128700658435));
#2260 = CARTESIAN_POINT('',(3.141055669007,117.46794423558,
    2.024181543369));
#2261 = CARTESIAN_POINT('',(3.206988279501,117.46043775655,
    1.970492393093));
#2262 = CARTESIAN_POINT('',(3.273338036413,117.45212205569,
    1.917887570473));
#2263 = CARTESIAN_POINT('',(3.340102049078,117.4430619841,1.866400870661
    ));
#2264 = CARTESIAN_POINT('',(3.407277527146,117.43332378992,
    1.816065948233));
#2265 = CARTESIAN_POINT('',(3.474861780579,117.42297511839,
    1.766916317191));
#2266 = CARTESIAN_POINT('',(3.542852219658,117.41208501184,
    1.718985350957));
#2267 = CARTESIAN_POINT('',(3.673905007287,117.39031554135,
    1.629541686916));
#2268 = CARTESIAN_POINT('',(3.736901968116,117.37951201604,
    1.587828191373));
#2269 = CARTESIAN_POINT('',(3.800235331775,117.3683675126,1.547191316913
    ));
#2270 = CARTESIAN_POINT('',(3.863902624569,117.3569374524,1.507656947193
    ));
#2271 = CARTESIAN_POINT('',(3.92790079119,117.34527837962,1.46925121919)
  );
#2272 = CARTESIAN_POINT('',(3.992226181116,117.3334478416,1.432000414033
    ));
#2273 = CARTESIAN_POINT('',(4.056874535008,117.32150426917,1.39593084784
    ));
#2274 = CARTESIAN_POINT('',(4.197795203285,117.29548031824,
    1.320310440559));
#2275 = CARTESIAN_POINT('',(4.274183588822,117.28138035179,1.28120292089
    ));
#2276 = CARTESIAN_POINT('',(4.350998160356,117.26730122098,
    1.243788144749));
#2277 = CARTESIAN_POINT('',(4.428228505214,117.25333906847,
    1.208108598151));
#2278 = CARTESIAN_POINT('',(4.505861732859,117.23959079338,
    1.174206726264));
#2279 = CARTESIAN_POINT('',(4.58388244235,117.22615292858,1.142124347768
    ));
#2280 = CARTESIAN_POINT('',(4.662272689798,117.21312051783,
    1.111902069207));
#2281 = CARTESIAN_POINT('',(4.895092685392,117.17605784062,
    1.028154186093));
#2282 = CARTESIAN_POINT('',(5.050541153747,117.15343093773,
    0.979989813295));
#2283 = CARTESIAN_POINT('',(5.20715797878,117.13340478316,0.939398067645
    ));
#2284 = CARTESIAN_POINT('',(5.364731488047,117.11662771032,
    0.906643093232));
#2285 = CARTESIAN_POINT('',(5.523040402124,117.10364926086,
    0.881930420413));
#2286 = CARTESIAN_POINT('',(5.681861910209,117.09486362774,
    0.865403206076));
#2287 = CARTESIAN_POINT('',(5.840948521229,117.09047252182,
    0.857142857143));
#2288 = CARTESIAN_POINT('',(6.,117.09047252182,0.857142857143));
#2289 = PCURVE('',#1871,#2290);
#2290 = DEFINITIONAL_REPRESENTATION('',(#2291),#2329);
#2291 = B_SPLINE_CURVE_WITH_KNOTS('',8,(#2292,#2293,#2294,#2295,#2296,
    #2297,#2298,#2299,#2300,#2301,#2302,#2303,#2304,#2305,#2306,#2307,
    #2308,#2309,#2310,#2311,#2312,#2313,#2314,#2315,#2316,#2317,#2318,
    #2319,#2320,#2321,#2322,#2323,#2324,#2325,#2326,#2327,#2328),
  .UNSPECIFIED.,.F.,.F.,(9,7,7,7,7,9),(0.,0.151752762326,0.318625964714,
    0.471505300358,0.650241171552,1.),.UNSPECIFIED.);
#2292 = CARTESIAN_POINT('',(-0.801190262549,-0.622826585412));
#2293 = CARTESIAN_POINT('',(-0.809601484931,-0.634174178492));
#2294 = CARTESIAN_POINT('',(-0.818081217626,-0.64548246577));
#2295 = CARTESIAN_POINT('',(-0.826642166578,-0.656746633554));
#2296 = CARTESIAN_POINT('',(-0.835297707008,-0.66796157384));
#2297 = CARTESIAN_POINT('',(-0.844061883421,-0.679121884306));
#2298 = CARTESIAN_POINT('',(-0.852949409597,-0.69022186832));
#2299 = CARTESIAN_POINT('',(-0.861975668601,-0.701255534934));
#2300 = CARTESIAN_POINT('',(-0.881252543776,-0.724269808433));
#2301 = CARTESIAN_POINT('',(-0.891535530854,-0.736234988214));
#2302 = CARTESIAN_POINT('',(-0.902027207606,-0.748103860679));
#2303 = CARTESIAN_POINT('',(-0.912750179869,-0.759867261694));
#2304 = CARTESIAN_POINT('',(-0.923728125715,-0.771515140547));
#2305 = CARTESIAN_POINT('',(-0.934985795455,-0.783036559943));
#2306 = CARTESIAN_POINT('',(-0.946549011633,-0.794419696009));
#2307 = CARTESIAN_POINT('',(-0.969342765161,-0.815942061195));
#2308 = CARTESIAN_POINT('',(-0.980519779165,-0.826105379328));
#2309 = CARTESIAN_POINT('',(-0.991996177628,-0.836131883963));
#2310 = CARTESIAN_POINT('',(-1.003793103773,-0.846010774078));
#2311 = CARTESIAN_POINT('',(-1.015932037402,-0.855730324254));
#2312 = CARTESIAN_POINT('',(-1.028434454835,-0.865277852572));
#2313 = CARTESIAN_POINT('',(-1.041321488847,-0.874639688513));
#2314 = CARTESIAN_POINT('',(-1.07015378584,-0.894512072841));
#2315 = CARTESIAN_POINT('',(-1.0862475785,-0.904948982393));
#2316 = CARTESIAN_POINT('',(-1.102927096131,-0.915088543426));
#2317 = CARTESIAN_POINT('',(-1.120223138291,-0.924905169606));
#2318 = CARTESIAN_POINT('',(-1.138163097207,-0.934371339757));
#2319 = CARTESIAN_POINT('',(-1.156768880434,-0.943457923256));
#2320 = CARTESIAN_POINT('',(-1.176054833509,-0.952134505442));
#2321 = CARTESIAN_POINT('',(-1.235105528014,-0.976484757693));
#2322 = CARTESIAN_POINT('',(-1.276815469445,-0.99091314015));
#2323 = CARTESIAN_POINT('',(-1.321179418361,-1.003414879961));
#2324 = CARTESIAN_POINT('',(-1.36807315066,-1.013746014414));
#2325 = CARTESIAN_POINT('',(-1.417171547647,-1.021676285415));
#2326 = CARTESIAN_POINT('',(-1.467854874397,-1.027023929801));
#2327 = CARTESIAN_POINT('',(-1.519331226346,-1.029696800838));
#2328 = CARTESIAN_POINT('',(-1.570796326795,-1.029696800838));
#2329 = ( GEOMETRIC_REPRESENTATION_CONTEXT(2) 
PARAMETRIC_REPRESENTATION_CONTEXT() REPRESENTATION_CONTEXT('2D SPACE',''
  ) );
#2330 = PCURVE('',#2331,#2336);
#2331 = CYLINDRICAL_SURFACE('',#2332,3.5);
#2332 = AXIS2_PLACEMENT_3D('',#2333,#2334,#2335);
#2333 = CARTESIAN_POINT('',(-1.,114.,2.5));
#2334 = DIRECTION('',(1.,0.,-0.));
#2335 = DIRECTION('',(0.,1.,0.));
#2336 = DEFINITIONAL_REPRESENTATION('',(#2337),#2375);
#2337 = B_SPLINE_CURVE_WITH_KNOTS('',8,(#2338,#2339,#2340,#2341,#2342,
    #2343,#2344,#2345,#2346,#2347,#2348,#2349,#2350,#2351,#2352,#2353,
    #2354,#2355,#2356,#2357,#2358,#2359,#2360,#2361,#2362,#2363,#2364,
    #2365,#2366,#2367,#2368,#2369,#2370,#2371,#2372,#2373,#2374),
  .UNSPECIFIED.,.F.,.F.,(9,7,7,7,7,9),(0.,0.151752762326,0.318625964714,
    0.471505300358,0.650241171552,1.),.UNSPECIFIED.);
#2338 = CARTESIAN_POINT('',(0.,3.608835008437));
#2339 = CARTESIAN_POINT('',(-1.580037943649E-02,3.665911160314));
#2340 = CARTESIAN_POINT('',(-3.139892670683E-02,3.723356135586));
#2341 = CARTESIAN_POINT('',(-4.679351136277E-02,3.781165292777));
#2342 = CARTESIAN_POINT('',(-6.198154529172E-02,3.83933444527));
#2343 = CARTESIAN_POINT('',(-7.695998271681E-02,3.897859861303));
#2344 = CARTESIAN_POINT('',(-9.172532019685E-02,3.956738263974));
#2345 = CARTESIAN_POINT('',(-0.106273596626,4.015966831238));
#2346 = CARTESIAN_POINT('',(-0.136354692488,4.141055669007));
#2347 = CARTESIAN_POINT('',(-0.151841065799,4.206988279501));
#2348 = CARTESIAN_POINT('',(-0.167053646568,4.273338036413));
#2349 = CARTESIAN_POINT('',(-0.181985728088,4.340102049078));
#2350 = CARTESIAN_POINT('',(-0.196629763546,4.407277527146));
#2351 = CARTESIAN_POINT('',(-0.210977366019,4.474861780579));
#2352 = CARTESIAN_POINT('',(-0.225019308477,4.542852219658));
#2353 = CARTESIAN_POINT('',(-0.251320668545,4.673905007287));
#2354 = CARTESIAN_POINT('',(-0.263630715498,4.736901968116));
#2355 = CARTESIAN_POINT('',(-0.275667953265,4.800235331775));
#2356 = CARTESIAN_POINT('',(-0.287423942742,4.863902624569));
#2357 = CARTESIAN_POINT('',(-0.298889570548,4.92790079119));
#2358 = CARTESIAN_POINT('',(-0.310055102471,4.992226181116));
#2359 = CARTESIAN_POINT('',(-0.320910236922,5.056874535008));
#2360 = CARTESIAN_POINT('',(-0.343759685661,5.197795203285));
#2361 = CARTESIAN_POINT('',(-0.355636046289,5.274183588822));
#2362 = CARTESIAN_POINT('',(-0.3670560121,5.350998160356));
#2363 = CARTESIAN_POINT('',(-0.378001144876,5.428228505214));
#2364 = CARTESIAN_POINT('',(-0.388452145349,5.505861732859));
#2365 = CARTESIAN_POINT('',(-0.398389202206,5.58388244235));
#2366 = CARTESIAN_POINT('',(-0.407792341099,5.662272689798));
#2367 = CARTESIAN_POINT('',(-0.433958762903,5.895092685392));
#2368 = CARTESIAN_POINT('',(-0.449159044977,6.050541153747));
#2369 = CARTESIAN_POINT('',(-0.462088000752,6.20715797878));
#2370 = CARTESIAN_POINT('',(-0.472601472567,6.364731488047));
#2371 = CARTESIAN_POINT('',(-0.480576646985,6.523040402124));
#2372 = CARTESIAN_POINT('',(-0.485924428962,6.681861910209));
#2373 = CARTESIAN_POINT('',(-0.488597274881,6.840948521229));
#2374 = CARTESIAN_POINT('',(-0.488597274881,7.));
#2375 = ( GEOMETRIC_REPRESENTATION_CONTEXT(2) 
PARAMETRIC_REPRESENTATION_CONTEXT() REPRESENTATION_CONTEXT('2D SPACE',''
  ) );
#2376 = ORIENTED_EDGE('',*,*,#2377,.T.);
#2377 = EDGE_CURVE('',#2248,#1855,#2378,.T.);
#2378 = SURFACE_CURVE('',#2379,(#2384,#2390),.PCURVE_S1.);
#2379 = CIRCLE('',#2380,6.);
#2380 = AXIS2_PLACEMENT_3D('',#2381,#2382,#2383);
#2381 = CARTESIAN_POINT('',(6.,114.,6.));
#2382 = DIRECTION('',(1.,6.123233995737E-17,-0.));
#2383 = DIRECTION('',(-6.123233995737E-17,1.,0.));
#2384 = PCURVE('',#1871,#2385);
#2385 = DEFINITIONAL_REPRESENTATION('',(#2386),#2389);
#2386 = B_SPLINE_CURVE_WITH_KNOTS('',1,(#2387,#2388),.UNSPECIFIED.,.F.,
  .F.,(2,2),(4.712388980385,6.28318530718),.PIECEWISE_BEZIER_KNOTS.);
#2387 = CARTESIAN_POINT('',(-1.570796326795,-1.570796326795));
#2388 = CARTESIAN_POINT('',(-1.570796326795,0.));
#2389 = ( GEOMETRIC_REPRESENTATION_CONTEXT(2) 
PARAMETRIC_REPRESENTATION_CONTEXT() REPRESENTATION_CONTEXT('2D SPACE',''
  ) );
#2390 = PCURVE('',#2230,#2391);
#2391 = DEFINITIONAL_REPRESENTATION('',(#2392),#2395);
#2392 = B_SPLINE_CURVE_WITH_KNOTS('',1,(#2393,#2394),.UNSPECIFIED.,.F.,
  .F.,(2,2),(4.712388980385,6.28318530718),.PIECEWISE_BEZIER_KNOTS.);
#2393 = CARTESIAN_POINT('',(-1.570796326795,6.));
#2394 = CARTESIAN_POINT('',(0.,6.));
#2395 = ( GEOMETRIC_REPRESENTATION_CONTEXT(2) 
PARAMETRIC_REPRESENTATION_CONTEXT() REPRESENTATION_CONTEXT('2D SPACE',''
  ) );
#2396 = ORIENTED_EDGE('',*,*,#1854,.F.);
#2397 = ORIENTED_EDGE('',*,*,#2016,.T.);
#2398 = ORIENTED_EDGE('',*,*,#2399,.F.);
#2399 = EDGE_CURVE('',#2246,#2017,#2400,.T.);
#2400 = SURFACE_CURVE('',#2401,(#2406,#2416),.PCURVE_S1.);
#2401 = CIRCLE('',#2402,4.873397172404);
#2402 = AXIS2_PLACEMENT_3D('',#2403,#2404,#2405);
#2403 = CARTESIAN_POINT('',(6.,117.5,6.));
#2404 = DIRECTION('',(-0.,1.,0.));
#2405 = DIRECTION('',(0.,0.,1.));
#2406 = PCURVE('',#1871,#2407);
#2407 = DEFINITIONAL_REPRESENTATION('',(#2408),#2415);
#2408 = B_SPLINE_CURVE_WITH_KNOTS('',5,(#2409,#2410,#2411,#2412,#2413,
    #2414),.UNSPECIFIED.,.F.,.F.,(6,6),(3.911198717835,3.942782916139),
  .PIECEWISE_BEZIER_KNOTS.);
#2409 = CARTESIAN_POINT('',(-0.801190262549,-0.622826585412));
#2410 = CARTESIAN_POINT('',(-0.797932103145,-0.618430997538));
#2411 = CARTESIAN_POINT('',(-0.794724584103,-0.614016933219));
#2412 = CARTESIAN_POINT('',(-0.791566927603,-0.609584872562));
#2413 = CARTESIAN_POINT('',(-0.7884583699,-0.605135278607));
#2414 = CARTESIAN_POINT('',(-0.785398163397,-0.600668598448));
#2415 = ( GEOMETRIC_REPRESENTATION_CONTEXT(2) 
PARAMETRIC_REPRESENTATION_CONTEXT() REPRESENTATION_CONTEXT('2D SPACE',''
  ) );
#2416 = PCURVE('',#2090,#2417);
#2417 = DEFINITIONAL_REPRESENTATION('',(#2418),#2422);
#2418 = CIRCLE('',#2419,4.873397172404);
#2419 = AXIS2_PLACEMENT_2D('',#2420,#2421);
#2420 = CARTESIAN_POINT('',(7.,7.));
#2421 = DIRECTION('',(1.,0.));
#2422 = ( GEOMETRIC_REPRESENTATION_CONTEXT(2) 
PARAMETRIC_REPRESENTATION_CONTEXT() REPRESENTATION_CONTEXT('2D SPACE',''
  ) );
#2423 = ADVANCED_FACE('',(#2424),#1931,.T.);
#2424 = FACE_BOUND('',#2425,.T.);
#2425 = EDGE_LOOP('',(#2426,#2448,#2449,#2450));
#2426 = ORIENTED_EDGE('',*,*,#2427,.F.);
#2427 = EDGE_CURVE('',#1916,#2428,#2430,.T.);
#2428 = VERTEX_POINT('',#2429);
#2429 = CARTESIAN_POINT('',(399.14285714285,117.09047252182,40.));
#2430 = SURFACE_CURVE('',#2431,(#2436,#2442),.PCURVE_S1.);
#2431 = CIRCLE('',#2432,6.);
#2432 = AXIS2_PLACEMENT_3D('',#2433,#2434,#2435);
#2433 = CARTESIAN_POINT('',(394.,114.,40.));
#2434 = DIRECTION('',(0.,0.,-1.));
#2435 = DIRECTION('',(1.,0.,0.));
#2436 = PCURVE('',#1931,#2437);
#2437 = DEFINITIONAL_REPRESENTATION('',(#2438),#2441);
#2438 = B_SPLINE_CURVE_WITH_KNOTS('',1,(#2439,#2440),.UNSPECIFIED.,.F.,
  .F.,(2,2),(4.712388980385,6.28318530718),.PIECEWISE_BEZIER_KNOTS.);
#2439 = CARTESIAN_POINT('',(0.,-1.570796326795));
#2440 = CARTESIAN_POINT('',(0.,0.));
#2441 = ( GEOMETRIC_REPRESENTATION_CONTEXT(2) 
PARAMETRIC_REPRESENTATION_CONTEXT() REPRESENTATION_CONTEXT('2D SPACE',''
  ) );
#2442 = PCURVE('',#2204,#2443);
#2443 = DEFINITIONAL_REPRESENTATION('',(#2444),#2447);
#2444 = B_SPLINE_CURVE_WITH_KNOTS('',1,(#2445,#2446),.UNSPECIFIED.,.F.,
  .F.,(2,2),(4.712388980385,6.28318530718),.PIECEWISE_BEZIER_KNOTS.);
#2445 = CARTESIAN_POINT('',(1.570796326795,40.));
#2446 = CARTESIAN_POINT('',(0.,40.));
#2447 = ( GEOMETRIC_REPRESENTATION_CONTEXT(2) 
PARAMETRIC_REPRESENTATION_CONTEXT() REPRESENTATION_CONTEXT('2D SPACE',''
  ) );
#2448 = ORIENTED_EDGE('',*,*,#1915,.T.);
#2449 = ORIENTED_EDGE('',*,*,#1968,.F.);
#2450 = ORIENTED_EDGE('',*,*,#2451,.F.);
#2451 = EDGE_CURVE('',#2428,#1969,#2452,.T.);
#2452 = SURFACE_CURVE('',#2453,(#2458,#2478),.PCURVE_S1.);
#2453 = CIRCLE('',#2454,3.090472521826);
#2454 = AXIS2_PLACEMENT_3D('',#2455,#2456,#2457);
#2455 = CARTESIAN_POINT('',(399.14285714285,114.,40.));
#2456 = DIRECTION('',(1.,0.,0.));
#2457 = DIRECTION('',(-0.,0.,1.));
#2458 = PCURVE('',#1931,#2459);
#2459 = DEFINITIONAL_REPRESENTATION('',(#2460),#2477);
#2460 = B_SPLINE_CURVE_WITH_KNOTS('',8,(#2461,#2462,#2463,#2464,#2465,
    #2466,#2467,#2468,#2469,#2470,#2471,#2472,#2473,#2474,#2475,#2476),
  .UNSPECIFIED.,.F.,.F.,(9,7,9),(4.712388980385,5.497787143782,
    6.28318530718),.UNSPECIFIED.);
#2461 = CARTESIAN_POINT('',(0.,-0.541099525957));
#2462 = CARTESIAN_POINT('',(5.899569478718E-02,-0.541099525957));
#2463 = CARTESIAN_POINT('',(0.117991164844,-0.534480147062));
#2464 = CARTESIAN_POINT('',(0.1754961123,-0.521242122182));
#2465 = CARTESIAN_POINT('',(0.230010605783,-0.501665638125));
#2466 = CARTESIAN_POINT('',(0.280363586091,-0.476328254547));
#2467 = CARTESIAN_POINT('',(0.325952012269,-0.445929381913));
#2468 = CARTESIAN_POINT('',(0.366465316073,-0.411184388621));
#2469 = CARTESIAN_POINT('',(0.437137561269,-0.334396610144));
#2470 = CARTESIAN_POINT('',(0.467296368842,-0.292353721463));
#2471 = CARTESIAN_POINT('',(0.492172567214,-0.247358983232));
#2472 = CARTESIAN_POINT('',(0.511861372525,-0.200088094298));
#2473 = CARTESIAN_POINT('',(0.526509904363,-0.151157772801));
#2474 = CARTESIAN_POINT('',(0.536236419186,-0.101135422319));
#2475 = CARTESIAN_POINT('',(0.541099525957,-5.056773838901E-02));
#2476 = CARTESIAN_POINT('',(0.541099525957,0.));
#2477 = ( GEOMETRIC_REPRESENTATION_CONTEXT(2) 
PARAMETRIC_REPRESENTATION_CONTEXT() REPRESENTATION_CONTEXT('2D SPACE',''
  ) );
#2478 = PCURVE('',#2123,#2479);
#2479 = DEFINITIONAL_REPRESENTATION('',(#2480),#2511);
#2480 = B_SPLINE_CURVE_WITH_KNOTS('',8,(#2481,#2482,#2483,#2484,#2485,
    #2486,#2487,#2488,#2489,#2490,#2491,#2492,#2493,#2494,#2495,#2496,
    #2497,#2498,#2499,#2500,#2501,#2502,#2503,#2504,#2505,#2506,#2507,
    #2508,#2509,#2510),.UNSPECIFIED.,.F.,.F.,(9,7,7,7,9),(4.712388980385
    ,4.908738521234,5.25235021772,5.76776776245,6.28318530718),
  .UNSPECIFIED.);
#2481 = CARTESIAN_POINT('',(0.,-1.082199051914));
#2482 = CARTESIAN_POINT('',(4.617054374649E-02,-1.082199051914));
#2483 = CARTESIAN_POINT('',(9.234091175652E-02,-1.080904041526));
#2484 = CARTESIAN_POINT('',(0.138169730839,-1.078313684818));
#2485 = CARTESIAN_POINT('',(0.183312534726,-1.074447875089));
#2486 = CARTESIAN_POINT('',(0.227459679525,-1.069345087868));
#2487 = CARTESIAN_POINT('',(0.270359452011,-1.063059104827));
#2488 = CARTESIAN_POINT('',(0.31182637077,-1.055654108635));
#2489 = CARTESIAN_POINT('',(0.421574221687,-1.032400218849));
#2490 = CARTESIAN_POINT('',(0.486640426436,-1.014383967616));
#2491 = CARTESIAN_POINT('',(0.546257149663,-0.993515729586));
#2492 = CARTESIAN_POINT('',(0.600310935163,-0.970208880249));
#2493 = CARTESIAN_POINT('',(0.649140460478,-0.944841137527));
#2494 = CARTESIAN_POINT('',(0.693170217079,-0.917727290206));
#2495 = CARTESIAN_POINT('',(0.732868702641,-0.889131628662));
#2496 = CARTESIAN_POINT('',(0.822393859372,-0.814483479859));
#2497 = CARTESIAN_POINT('',(0.867360102678,-0.766851504626));
#2498 = CARTESIAN_POINT('',(0.905077564717,-0.717113992703));
#2499 = CARTESIAN_POINT('',(0.936937736268,-0.665777977702));
#2500 = CARTESIAN_POINT('',(0.963915517049,-0.61319230398));
#2501 = CARTESIAN_POINT('',(0.986785727246,-0.559621673325));
#2502 = CARTESIAN_POINT('',(1.006119987002,-0.505266700493));
#2503 = CARTESIAN_POINT('',(1.038595026216,-0.395310164103));
#2504 = CARTESIAN_POINT('',(1.051735808943,-0.339708708223));
#2505 = CARTESIAN_POINT('',(1.062216910715,-0.283644156649));
#2506 = CARTESIAN_POINT('',(1.070338124504,-0.227237743092));
#2507 = CARTESIAN_POINT('',(1.076300809546,-0.170587048429));
#2508 = CARTESIAN_POINT('',(1.080232751265,-0.113777291562));
#2509 = CARTESIAN_POINT('',(1.082199051914,-5.688870568764E-02));
#2510 = CARTESIAN_POINT('',(1.082199051914,0.));
#2511 = ( GEOMETRIC_REPRESENTATION_CONTEXT(2) 
PARAMETRIC_REPRESENTATION_CONTEXT() REPRESENTATION_CONTEXT('2D SPACE',''
  ) );
#2512 = ADVANCED_FACE('',(#2513),#2090,.F.);
#2513 = FACE_BOUND('',#2514,.F.);
#2514 = EDGE_LOOP('',(#2515,#2516,#2517,#2518,#2546,#2578));
#2515 = ORIENTED_EDGE('',*,*,#2399,.T.);
#2516 = ORIENTED_EDGE('',*,*,#2076,.T.);
#2517 = ORIENTED_EDGE('',*,*,#2134,.T.);
#2518 = ORIENTED_EDGE('',*,*,#2519,.F.);
#2519 = EDGE_CURVE('',#2520,#2108,#2522,.T.);
#2520 = VERTEX_POINT('',#2521);
#2521 = CARTESIAN_POINT('',(397.5,117.5,2.608835008437));
#2522 = SURFACE_CURVE('',#2523,(#2527,#2534),.PCURVE_S1.);
#2523 = LINE('',#2524,#2525);
#2524 = CARTESIAN_POINT('',(397.5,117.5,-1.));
#2525 = VECTOR('',#2526,1.);
#2526 = DIRECTION('',(0.,0.,1.));
#2527 = PCURVE('',#2090,#2528);
#2528 = DEFINITIONAL_REPRESENTATION('',(#2529),#2533);
#2529 = LINE('',#2530,#2531);
#2530 = CARTESIAN_POINT('',(0.,398.5));
#2531 = VECTOR('',#2532,1.);
#2532 = DIRECTION('',(1.,0.));
#2533 = ( GEOMETRIC_REPRESENTATION_CONTEXT(2) 
PARAMETRIC_REPRESENTATION_CONTEXT() REPRESENTATION_CONTEXT('2D SPACE',''
  ) );
#2534 = PCURVE('',#2535,#2540);
#2535 = CYLINDRICAL_SURFACE('',#2536,3.5);
#2536 = AXIS2_PLACEMENT_3D('',#2537,#2538,#2539);
#2537 = CARTESIAN_POINT('',(397.5,114.,-1.));
#2538 = DIRECTION('',(0.,0.,1.));
#2539 = DIRECTION('',(1.,0.,-0.));
#2540 = DEFINITIONAL_REPRESENTATION('',(#2541),#2545);
#2541 = LINE('',#2542,#2543);
#2542 = CARTESIAN_POINT('',(1.570796326795,0.));
#2543 = VECTOR('',#2544,1.);
#2544 = DIRECTION('',(0.,1.));
#2545 = ( GEOMETRIC_REPRESENTATION_CONTEXT(2) 
PARAMETRIC_REPRESENTATION_CONTEXT() REPRESENTATION_CONTEXT('2D SPACE',''
  ) );
#2546 = ORIENTED_EDGE('',*,*,#2547,.T.);
#2547 = EDGE_CURVE('',#2520,#2548,#2550,.T.);
#2548 = VERTEX_POINT('',#2549);
#2549 = CARTESIAN_POINT('',(397.39116499156,117.5,2.5));
#2550 = SURFACE_CURVE('',#2551,(#2556,#2563),.PCURVE_S1.);
#2551 = CIRCLE('',#2552,4.873397172404);
#2552 = AXIS2_PLACEMENT_3D('',#2553,#2554,#2555);
#2553 = CARTESIAN_POINT('',(394.,117.5,6.));
#2554 = DIRECTION('',(-0.,1.,0.));
#2555 = DIRECTION('',(0.,0.,1.));
#2556 = PCURVE('',#2090,#2557);
#2557 = DEFINITIONAL_REPRESENTATION('',(#2558),#2562);
#2558 = CIRCLE('',#2559,4.873397172404);
#2559 = AXIS2_PLACEMENT_2D('',#2560,#2561);
#2560 = CARTESIAN_POINT('',(7.,395.));
#2561 = DIRECTION('',(1.,0.));
#2562 = ( GEOMETRIC_REPRESENTATION_CONTEXT(2) 
PARAMETRIC_REPRESENTATION_CONTEXT() REPRESENTATION_CONTEXT('2D SPACE',''
  ) );
#2563 = PCURVE('',#2564,#2569);
#2564 = SPHERICAL_SURFACE('',#2565,6.);
#2565 = AXIS2_PLACEMENT_3D('',#2566,#2567,#2568);
#2566 = CARTESIAN_POINT('',(394.,114.,6.));
#2567 = DIRECTION('',(0.,0.,1.));
#2568 = DIRECTION('',(1.,0.,-0.));
#2569 = DEFINITIONAL_REPRESENTATION('',(#2570),#2577);
#2570 = B_SPLINE_CURVE_WITH_KNOTS('',5,(#2571,#2572,#2573,#2574,#2575,
    #2576),.UNSPECIFIED.,.F.,.F.,(6,6),(2.340402391041,2.371986589344),
  .PIECEWISE_BEZIER_KNOTS.);
#2571 = CARTESIAN_POINT('',(0.785398163397,-0.600668598448));
#2572 = CARTESIAN_POINT('',(0.7884583699,-0.605135278607));
#2573 = CARTESIAN_POINT('',(0.791566927603,-0.609584872562));
#2574 = CARTESIAN_POINT('',(0.794724584103,-0.614016933219));
#2575 = CARTESIAN_POINT('',(0.797932103145,-0.618430997538));
#2576 = CARTESIAN_POINT('',(0.801190262549,-0.622826585412));
#2577 = ( GEOMETRIC_REPRESENTATION_CONTEXT(2) 
PARAMETRIC_REPRESENTATION_CONTEXT() REPRESENTATION_CONTEXT('2D SPACE',''
  ) );
#2578 = ORIENTED_EDGE('',*,*,#2579,.F.);
#2579 = EDGE_CURVE('',#2246,#2548,#2580,.T.);
#2580 = SURFACE_CURVE('',#2581,(#2585,#2592),.PCURVE_S1.);
#2581 = LINE('',#2582,#2583);
#2582 = CARTESIAN_POINT('',(-1.,117.5,2.5));
#2583 = VECTOR('',#2584,1.);
#2584 = DIRECTION('',(1.,0.,-0.));
#2585 = PCURVE('',#2090,#2586);
#2586 = DEFINITIONAL_REPRESENTATION('',(#2587),#2591);
#2587 = LINE('',#2588,#2589);
#2588 = CARTESIAN_POINT('',(3.5,0.));
#2589 = VECTOR('',#2590,1.);
#2590 = DIRECTION('',(0.,1.));
#2591 = ( GEOMETRIC_REPRESENTATION_CONTEXT(2) 
PARAMETRIC_REPRESENTATION_CONTEXT() REPRESENTATION_CONTEXT('2D SPACE',''
  ) );
#2592 = PCURVE('',#2331,#2593);
#2593 = DEFINITIONAL_REPRESENTATION('',(#2594),#2598);
#2594 = LINE('',#2595,#2596);
#2595 = CARTESIAN_POINT('',(-0.,0.));
#2596 = VECTOR('',#2597,1.);
#2597 = DIRECTION('',(-0.,1.));
#2598 = ( GEOMETRIC_REPRESENTATION_CONTEXT(2) 
PARAMETRIC_REPRESENTATION_CONTEXT() REPRESENTATION_CONTEXT('2D SPACE',''
  ) );
#2599 = ADVANCED_FACE('',(#2600),#2123,.F.);
#2600 = FACE_BOUND('',#2601,.F.);
#2601 = EDGE_LOOP('',(#2602,#2622,#2623,#2624));
#2602 = ORIENTED_EDGE('',*,*,#2603,.F.);
#2603 = EDGE_CURVE('',#2108,#2428,#2604,.T.);
#2604 = SURFACE_CURVE('',#2605,(#2610,#2616),.PCURVE_S1.);
#2605 = CIRCLE('',#2606,3.5);
#2606 = AXIS2_PLACEMENT_3D('',#2607,#2608,#2609);
#2607 = CARTESIAN_POINT('',(397.5,114.,40.));
#2608 = DIRECTION('',(0.,0.,-1.));
#2609 = DIRECTION('',(1.,0.,0.));
#2610 = PCURVE('',#2123,#2611);
#2611 = DEFINITIONAL_REPRESENTATION('',(#2612),#2615);
#2612 = B_SPLINE_CURVE_WITH_KNOTS('',1,(#2613,#2614),.UNSPECIFIED.,.F.,
  .F.,(2,2),(4.712388980385,6.28318530718),.PIECEWISE_BEZIER_KNOTS.);
#2613 = CARTESIAN_POINT('',(0.,-1.570796326795));
#2614 = CARTESIAN_POINT('',(0.,0.));
#2615 = ( GEOMETRIC_REPRESENTATION_CONTEXT(2) 
PARAMETRIC_REPRESENTATION_CONTEXT() REPRESENTATION_CONTEXT('2D SPACE',''
  ) );
#2616 = PCURVE('',#2535,#2617);
#2617 = DEFINITIONAL_REPRESENTATION('',(#2618),#2621);
#2618 = B_SPLINE_CURVE_WITH_KNOTS('',1,(#2619,#2620),.UNSPECIFIED.,.F.,
  .F.,(2,2),(4.712388980385,6.28318530718),.PIECEWISE_BEZIER_KNOTS.);
#2619 = CARTESIAN_POINT('',(1.570796326795,41.));
#2620 = CARTESIAN_POINT('',(0.,41.));
#2621 = ( GEOMETRIC_REPRESENTATION_CONTEXT(2) 
PARAMETRIC_REPRESENTATION_CONTEXT() REPRESENTATION_CONTEXT('2D SPACE',''
  ) );
#2622 = ORIENTED_EDGE('',*,*,#2107,.T.);
#2623 = ORIENTED_EDGE('',*,*,#2160,.F.);
#2624 = ORIENTED_EDGE('',*,*,#2451,.F.);
#2625 = ADVANCED_FACE('',(#2626),#2230,.T.);
#2626 = FACE_BOUND('',#2627,.F.);
#2627 = EDGE_LOOP('',(#2628,#2629,#2650,#2670));
#2628 = ORIENTED_EDGE('',*,*,#2377,.F.);
#2629 = ORIENTED_EDGE('',*,*,#2630,.T.);
#2630 = EDGE_CURVE('',#2248,#2631,#2633,.T.);
#2631 = VERTEX_POINT('',#2632);
#2632 = CARTESIAN_POINT('',(394.,117.09047252182,0.857142857143));
#2633 = SURFACE_CURVE('',#2634,(#2638,#2644),.PCURVE_S1.);
#2634 = LINE('',#2635,#2636);
#2635 = CARTESIAN_POINT('',(0.,117.09047252182,0.857142857143));
#2636 = VECTOR('',#2637,1.);
#2637 = DIRECTION('',(1.,0.,-0.));
#2638 = PCURVE('',#2230,#2639);
#2639 = DEFINITIONAL_REPRESENTATION('',(#2640),#2643);
#2640 = B_SPLINE_CURVE_WITH_KNOTS('',1,(#2641,#2642),.UNSPECIFIED.,.F.,
  .F.,(2,2),(5.9999994,394.0000006),.PIECEWISE_BEZIER_KNOTS.);
#2641 = CARTESIAN_POINT('',(-1.029696800838,5.9999994));
#2642 = CARTESIAN_POINT('',(-1.029696800838,394.0000006));
#2643 = ( GEOMETRIC_REPRESENTATION_CONTEXT(2) 
PARAMETRIC_REPRESENTATION_CONTEXT() REPRESENTATION_CONTEXT('2D SPACE',''
  ) );
#2644 = PCURVE('',#2331,#2645);
#2645 = DEFINITIONAL_REPRESENTATION('',(#2646),#2649);
#2646 = B_SPLINE_CURVE_WITH_KNOTS('',1,(#2647,#2648),.UNSPECIFIED.,.F.,
  .F.,(2,2),(5.9999994,394.0000006),.PIECEWISE_BEZIER_KNOTS.);
#2647 = CARTESIAN_POINT('',(-0.488597274881,6.9999994));
#2648 = CARTESIAN_POINT('',(-0.488597274881,395.0000006));
#2649 = ( GEOMETRIC_REPRESENTATION_CONTEXT(2) 
PARAMETRIC_REPRESENTATION_CONTEXT() REPRESENTATION_CONTEXT('2D SPACE',''
  ) );
#2650 = ORIENTED_EDGE('',*,*,#2651,.T.);
#2651 = EDGE_CURVE('',#2631,#2189,#2652,.T.);
#2652 = SURFACE_CURVE('',#2653,(#2658,#2664),.PCURVE_S1.);
#2653 = CIRCLE('',#2654,6.);
#2654 = AXIS2_PLACEMENT_3D('',#2655,#2656,#2657);
#2655 = CARTESIAN_POINT('',(394.,114.,6.));
#2656 = DIRECTION('',(1.,-6.123233995737E-17,0.));
#2657 = DIRECTION('',(6.123233995737E-17,1.,0.));
#2658 = PCURVE('',#2230,#2659);
#2659 = DEFINITIONAL_REPRESENTATION('',(#2660),#2663);
#2660 = B_SPLINE_CURVE_WITH_KNOTS('',1,(#2661,#2662),.UNSPECIFIED.,.F.,
  .F.,(2,2),(4.712388980385,6.28318530718),.PIECEWISE_BEZIER_KNOTS.);
#2661 = CARTESIAN_POINT('',(-1.570796326795,394.));
#2662 = CARTESIAN_POINT('',(0.,394.));
#2663 = ( GEOMETRIC_REPRESENTATION_CONTEXT(2) 
PARAMETRIC_REPRESENTATION_CONTEXT() REPRESENTATION_CONTEXT('2D SPACE',''
  ) );
#2664 = PCURVE('',#2564,#2665);
#2665 = DEFINITIONAL_REPRESENTATION('',(#2666),#2669);
#2666 = B_SPLINE_CURVE_WITH_KNOTS('',1,(#2667,#2668),.UNSPECIFIED.,.F.,
  .F.,(2,2),(4.712388980385,6.28318530718),.PIECEWISE_BEZIER_KNOTS.);
#2667 = CARTESIAN_POINT('',(1.570796326795,-1.570796326795));
#2668 = CARTESIAN_POINT('',(1.570796326795,0.));
#2669 = ( GEOMETRIC_REPRESENTATION_CONTEXT(2) 
PARAMETRIC_REPRESENTATION_CONTEXT() REPRESENTATION_CONTEXT('2D SPACE',''
  ) );
#2670 = ORIENTED_EDGE('',*,*,#2216,.F.);
#2671 = ADVANCED_FACE('',(#2672),#2204,.T.);
#2672 = FACE_BOUND('',#2673,.T.);
#2673 = EDGE_LOOP('',(#2674,#2695,#2717,#2718));
#2674 = ORIENTED_EDGE('',*,*,#2675,.F.);
#2675 = EDGE_CURVE('',#2676,#2428,#2678,.T.);
#2676 = VERTEX_POINT('',#2677);
#2677 = CARTESIAN_POINT('',(399.14285714285,117.09047252182,6.));
#2678 = SURFACE_CURVE('',#2679,(#2683,#2689),.PCURVE_S1.);
#2679 = LINE('',#2680,#2681);
#2680 = CARTESIAN_POINT('',(399.14285714285,117.09047252182,0.));
#2681 = VECTOR('',#2682,1.);
#2682 = DIRECTION('',(0.,0.,1.));
#2683 = PCURVE('',#2204,#2684);
#2684 = DEFINITIONAL_REPRESENTATION('',(#2685),#2688);
#2685 = B_SPLINE_CURVE_WITH_KNOTS('',1,(#2686,#2687),.UNSPECIFIED.,.F.,
  .F.,(2,2),(5.9999994,40.0000006),.PIECEWISE_BEZIER_KNOTS.);
#2686 = CARTESIAN_POINT('',(0.541099525957,5.9999994));
#2687 = CARTESIAN_POINT('',(0.541099525957,40.0000006));
#2688 = ( GEOMETRIC_REPRESENTATION_CONTEXT(2) 
PARAMETRIC_REPRESENTATION_CONTEXT() REPRESENTATION_CONTEXT('2D SPACE',''
  ) );
#2689 = PCURVE('',#2535,#2690);
#2690 = DEFINITIONAL_REPRESENTATION('',(#2691),#2694);
#2691 = B_SPLINE_CURVE_WITH_KNOTS('',1,(#2692,#2693),.UNSPECIFIED.,.F.,
  .F.,(2,2),(5.9999994,40.0000006),.PIECEWISE_BEZIER_KNOTS.);
#2692 = CARTESIAN_POINT('',(1.082199051914,6.9999994));
#2693 = CARTESIAN_POINT('',(1.082199051914,41.0000006));
#2694 = ( GEOMETRIC_REPRESENTATION_CONTEXT(2) 
PARAMETRIC_REPRESENTATION_CONTEXT() REPRESENTATION_CONTEXT('2D SPACE',''
  ) );
#2695 = ORIENTED_EDGE('',*,*,#2696,.T.);
#2696 = EDGE_CURVE('',#2676,#2189,#2697,.T.);
#2697 = SURFACE_CURVE('',#2698,(#2703,#2710),.PCURVE_S1.);
#2698 = CIRCLE('',#2699,6.);
#2699 = AXIS2_PLACEMENT_3D('',#2700,#2701,#2702);
#2700 = CARTESIAN_POINT('',(394.,114.,6.));
#2701 = DIRECTION('',(0.,0.,1.));
#2702 = DIRECTION('',(1.,0.,-0.));
#2703 = PCURVE('',#2204,#2704);
#2704 = DEFINITIONAL_REPRESENTATION('',(#2705),#2709);
#2705 = LINE('',#2706,#2707);
#2706 = CARTESIAN_POINT('',(0.,6.));
#2707 = VECTOR('',#2708,1.);
#2708 = DIRECTION('',(1.,0.));
#2709 = ( GEOMETRIC_REPRESENTATION_CONTEXT(2) 
PARAMETRIC_REPRESENTATION_CONTEXT() REPRESENTATION_CONTEXT('2D SPACE',''
  ) );
#2710 = PCURVE('',#2564,#2711);
#2711 = DEFINITIONAL_REPRESENTATION('',(#2712),#2716);
#2712 = LINE('',#2713,#2714);
#2713 = CARTESIAN_POINT('',(0.,0.));
#2714 = VECTOR('',#2715,1.);
#2715 = DIRECTION('',(1.,0.));
#2716 = ( GEOMETRIC_REPRESENTATION_CONTEXT(2) 
PARAMETRIC_REPRESENTATION_CONTEXT() REPRESENTATION_CONTEXT('2D SPACE',''
  ) );
#2717 = ORIENTED_EDGE('',*,*,#2188,.T.);
#2718 = ORIENTED_EDGE('',*,*,#2427,.T.);
#2719 = ADVANCED_FACE('',(#2720),#2331,.F.);
#2720 = FACE_BOUND('',#2721,.T.);
#2721 = EDGE_LOOP('',(#2722,#2723,#2724,#2725));
#2722 = ORIENTED_EDGE('',*,*,#2579,.F.);
#2723 = ORIENTED_EDGE('',*,*,#2245,.T.);
#2724 = ORIENTED_EDGE('',*,*,#2630,.T.);
#2725 = ORIENTED_EDGE('',*,*,#2726,.F.);
#2726 = EDGE_CURVE('',#2548,#2631,#2727,.T.);
#2727 = SURFACE_CURVE('',#2728,(#2779,#2833),.PCURVE_S1.);
#2728 = B_SPLINE_CURVE_WITH_KNOTS('',7,(#2729,#2730,#2731,#2732,#2733,
    #2734,#2735,#2736,#2737,#2738,#2739,#2740,#2741,#2742,#2743,#2744,
    #2745,#2746,#2747,#2748,#2749,#2750,#2751,#2752,#2753,#2754,#2755,
    #2756,#2757,#2758,#2759,#2760,#2761,#2762,#2763,#2764,#2765,#2766,
    #2767,#2768,#2769,#2770,#2771,#2772,#2773,#2774,#2775,#2776,#2777,
    #2778),.UNSPECIFIED.,.F.,.F.,(8,6,6,6,6,6,6,6,8),(0.,0.105182677516,
    0.214962201712,0.226358317977,0.23737872982,0.378430742351,
    0.501074761152,0.653975993968,1.),.UNSPECIFIED.);
#2729 = CARTESIAN_POINT('',(397.39116499156,117.5,2.5));
#2730 = CARTESIAN_POINT('',(397.34595285523,117.5,2.456193767455));
#2731 = CARTESIAN_POINT('',(397.30050441944,117.49936035277,
    2.412839977449));
#2732 = CARTESIAN_POINT('',(397.25482219873,117.49810480545,
    2.369953850791));
#2733 = CARTESIAN_POINT('',(397.20890847843,117.49625738256,
    2.327550303701));
#2734 = CARTESIAN_POINT('',(397.16276531464,117.493842386,2.285643947815
    ));
#2735 = CARTESIAN_POINT('',(397.11639453422,117.49088439509,
    2.244249090178));
#2736 = CARTESIAN_POINT('',(397.02116449417,117.48378021909,
    2.160724244112));
#2737 = CARTESIAN_POINT('',(396.97228511013,117.47958779481,
    2.118641274199));
#2738 = CARTESIAN_POINT('',(396.92316138257,117.47485924789,
    2.077146741829));
#2739 = CARTESIAN_POINT('',(396.87379495975,117.46962328027,
    2.036256397551));
#2740 = CARTESIAN_POINT('',(396.82418733833,117.46390904165,
    1.995985824147));
#2741 = CARTESIAN_POINT('',(396.77433986333,117.45774612943,
    1.95635043663));
#2742 = CARTESIAN_POINT('',(396.71905433038,117.45048136478,
    1.91331848827));
#2743 = CARTESIAN_POINT('',(396.71385236111,117.44979362977,
    1.909278504035));
#2744 = CARTESIAN_POINT('',(396.7086478218,117.44910141739,
    1.905245546678));
#2745 = CARTESIAN_POINT('',(396.70344071386,117.44840476137,
    1.901219633335));
#2746 = CARTESIAN_POINT('',(396.69823103868,117.44770369548,
    1.89720078113));
#2747 = CARTESIAN_POINT('',(396.69301879764,117.44699825358,
    1.89318900718));
#2748 = CARTESIAN_POINT('',(396.68276110708,117.44560208556,
    1.885311675283));
#2749 = CARTESIAN_POINT('',(396.67771582386,117.44491164101,
    1.881445657215));
#2750 = CARTESIAN_POINT('',(396.67266814372,117.44421716659,
    1.877586289856));
#2751 = CARTESIAN_POINT('',(396.66761806791,117.44351869303,
    1.873733588672));
#2752 = CARTESIAN_POINT('',(396.66256559766,117.44281625107,
    1.869887569121));
#2753 = CARTESIAN_POINT('',(396.6575107342,117.44210987155,
    1.866048246659));
#2754 = CARTESIAN_POINT('',(396.58772485839,117.43230851857,
    1.813161449776));
#2755 = CARTESIAN_POINT('',(396.52260458549,117.42257749739,
    1.765207013349));
#2756 = CARTESIAN_POINT('',(396.45709490432,117.41227118518,
    1.718384536175));
#2757 = CARTESIAN_POINT('',(396.39119834263,117.40145579719,
    1.672726319881));
#2758 = CARTESIAN_POINT('',(396.32491771167,117.39019910049,
    1.628264759001));
#2759 = CARTESIAN_POINT('',(396.25825610623,117.37857041401,
    1.585032340976));
#2760 = CARTESIAN_POINT('',(396.13292665438,117.35626770236,
    1.506568337107));
#2761 = CARTESIAN_POINT('',(396.07435120958,117.34566718956,
    1.471029063848));
#2762 = CARTESIAN_POINT('',(396.01549285202,117.33488560138,
    1.436465200542));
#2763 = CARTESIAN_POINT('',(395.95635451905,117.32397045212,
    1.402898419446));
#2764 = CARTESIAN_POINT('',(395.89693982048,117.31297005869,
    1.370350556262));
#2765 = CARTESIAN_POINT('',(395.83725305541,117.30193336029,
    1.338843475479));
#2766 = CARTESIAN_POINT('',(395.70255433714,117.27716650406,
    1.270443496011));
#2767 = CARTESIAN_POINT('',(395.62739466563,117.26344367728,
    1.234139700876));
#2768 = CARTESIAN_POINT('',(395.55183004467,117.24983674039,
    1.199529732662));
#2769 = CARTESIAN_POINT('',(395.47587305678,117.23644259897,
    1.166656039887));
#2770 = CARTESIAN_POINT('',(395.39953907268,117.22335808442,
    1.135560583833));
#2771 = CARTESIAN_POINT('',(395.32284628699,117.21067845704,
    1.106284085139));
#2772 = CARTESIAN_POINT('',(395.07149136714,117.17092612443,
    1.016814965433));
#2773 = CARTESIAN_POINT('',(394.89539670572,117.14589548928,
    0.964264215994));
#2774 = CARTESIAN_POINT('',(394.71784241155,117.12448347583,
    0.921693780906));
#2775 = CARTESIAN_POINT('',(394.53916562569,117.10766875677,
    0.889491895117));
#2776 = CARTESIAN_POINT('',(394.35970851893,117.09620299211,
    0.86792272102));
#2777 = CARTESIAN_POINT('',(394.17983180691,117.09047252182,
    0.857142857143));
#2778 = CARTESIAN_POINT('',(394.,117.09047252182,0.857142857143));
#2779 = PCURVE('',#2331,#2780);
#2780 = DEFINITIONAL_REPRESENTATION('',(#2781),#2832);
#2781 = B_SPLINE_CURVE_WITH_KNOTS('',7,(#2782,#2783,#2784,#2785,#2786,
    #2787,#2788,#2789,#2790,#2791,#2792,#2793,#2794,#2795,#2796,#2797,
    #2798,#2799,#2800,#2801,#2802,#2803,#2804,#2805,#2806,#2807,#2808,
    #2809,#2810,#2811,#2812,#2813,#2814,#2815,#2816,#2817,#2818,#2819,
    #2820,#2821,#2822,#2823,#2824,#2825,#2826,#2827,#2828,#2829,#2830,
    #2831),.UNSPECIFIED.,.F.,.F.,(8,6,6,6,6,6,6,6,8),(0.,0.105182677516,
    0.214962201712,0.226358317977,0.23737872982,0.378430742351,
    0.501074761152,0.653975993968,1.),.UNSPECIFIED.);
#2782 = CARTESIAN_POINT('',(0.,398.39116499156));
#2783 = CARTESIAN_POINT('',(-1.25160664413E-02,398.34595285523));
#2784 = CARTESIAN_POINT('',(-2.490286582462E-02,398.30050441944));
#2785 = CARTESIAN_POINT('',(-3.715924621691E-02,398.25482219873));
#2786 = CARTESIAN_POINT('',(-4.928385244409E-02,398.20890847843));
#2787 = CARTESIAN_POINT('',(-6.127512609105E-02,398.16276531464));
#2788 = CARTESIAN_POINT('',(-7.313130550165E-02,398.11639453422));
#2789 = CARTESIAN_POINT('',(-9.708171213115E-02,398.02116449417));
#2790 = CARTESIAN_POINT('',(-0.109163677506,397.97228511013));
#2791 = CARTESIAN_POINT('',(-0.121094090608,397.92316138257));
#2792 = CARTESIAN_POINT('',(-0.13287043427,397.87379495975));
#2793 = CARTESIAN_POINT('',(-0.144489905455,397.82418733833));
#2794 = CARTESIAN_POINT('',(-0.155949415249,397.77433986333));
#2795 = CARTESIAN_POINT('',(-0.16841823476,397.71905433038));
#2796 = CARTESIAN_POINT('',(-0.169589120367,397.71385236111));
#2797 = CARTESIAN_POINT('',(-0.170758241894,397.7086478218));
#2798 = CARTESIAN_POINT('',(-0.171925595508,397.70344071386));
#2799 = CARTESIAN_POINT('',(-0.17309117734,397.69823103868));
#2800 = CARTESIAN_POINT('',(-0.174254983485,397.69301879764));
#2801 = CARTESIAN_POINT('',(-0.176540727109,397.68276110708));
#2802 = CARTESIAN_POINT('',(-0.177662779994,397.67771582386));
#2803 = CARTESIAN_POINT('',(-0.178783165094,397.67266814372));
#2804 = CARTESIAN_POINT('',(-0.179901878814,397.66761806791));
#2805 = CARTESIAN_POINT('',(-0.181018917526,397.66256559766));
#2806 = CARTESIAN_POINT('',(-0.18213427757,397.6575107342));
#2807 = CARTESIAN_POINT('',(-0.19750209394,397.58772485839));
#2808 = CARTESIAN_POINT('',(-0.211480604521,397.52260458549));
#2809 = CARTESIAN_POINT('',(-0.225175786348,397.45709490432));
#2810 = CARTESIAN_POINT('',(-0.23857902773,397.39119834263));
#2811 = CARTESIAN_POINT('',(-0.251680805938,397.32491771167));
#2812 = CARTESIAN_POINT('',(-0.264470687201,397.25825610623));
#2813 = CARTESIAN_POINT('',(-0.287777007356,397.13292665438));
#2814 = CARTESIAN_POINT('',(-0.298372271889,397.07435120958));
#2815 = CARTESIAN_POINT('',(-0.308715693713,397.01549285202));
#2816 = CARTESIAN_POINT('',(-0.318799260646,396.95635451905));
#2817 = CARTESIAN_POINT('',(-0.328614443462,396.89693982048));
#2818 = CARTESIAN_POINT('',(-0.338152264429,396.83725305541));
#2819 = CARTESIAN_POINT('',(-0.35893678449,396.70255433714));
#2820 = CARTESIAN_POINT('',(-0.370024507478,396.62739466563));
#2821 = CARTESIAN_POINT('',(-0.38064843351,396.55183004467));
#2822 = CARTESIAN_POINT('',(-0.390789351575,396.47587305678));
#2823 = CARTESIAN_POINT('',(-0.400427399481,396.39953907268));
#2824 = CARTESIAN_POINT('',(-0.409542522373,396.32284628699));
#2825 = CARTESIAN_POINT('',(-0.437514770033,396.07149136714));
#2826 = CARTESIAN_POINT('',(-0.454139689624,395.89539670572));
#2827 = CARTESIAN_POINT('',(-0.467750853359,395.71784241155));
#2828 = CARTESIAN_POINT('',(-0.478129963102,395.53916562569));
#2829 = CARTESIAN_POINT('',(-0.485109172276,395.35970851893));
#2830 = CARTESIAN_POINT('',(-0.488597274881,395.17983180691));
#2831 = CARTESIAN_POINT('',(-0.488597274881,395.));
#2832 = ( GEOMETRIC_REPRESENTATION_CONTEXT(2) 
PARAMETRIC_REPRESENTATION_CONTEXT() REPRESENTATION_CONTEXT('2D SPACE',''
  ) );
#2833 = PCURVE('',#2564,#2834);
#2834 = DEFINITIONAL_REPRESENTATION('',(#2835),#2886);
#2835 = B_SPLINE_CURVE_WITH_KNOTS('',7,(#2836,#2837,#2838,#2839,#2840,
    #2841,#2842,#2843,#2844,#2845,#2846,#2847,#2848,#2849,#2850,#2851,
    #2852,#2853,#2854,#2855,#2856,#2857,#2858,#2859,#2860,#2861,#2862,
    #2863,#2864,#2865,#2866,#2867,#2868,#2869,#2870,#2871,#2872,#2873,
    #2874,#2875,#2876,#2877,#2878,#2879,#2880,#2881,#2882,#2883,#2884,
    #2885),.UNSPECIFIED.,.F.,.F.,(8,6,6,6,6,6,6,6,8),(0.,0.105182677516,
    0.214962201712,0.226358317977,0.23737872982,0.378430742351,
    0.501074761152,0.653975993968,1.),.UNSPECIFIED.);
#2836 = CARTESIAN_POINT('',(0.801190262549,-0.622826585412));
#2837 = CARTESIAN_POINT('',(0.807853103692,-0.631815434667));
#2838 = CARTESIAN_POINT('',(0.814559810659,-0.640779137787));
#2839 = CARTESIAN_POINT('',(0.821317180338,-0.649715093551));
#2840 = CARTESIAN_POINT('',(0.828132304165,-0.658620583181));
#2841 = CARTESIAN_POINT('',(0.83501256812,-0.667492770343));
#2842 = CARTESIAN_POINT('',(0.84196565273,-0.676328701145));
#2843 = CARTESIAN_POINT('',(0.856340818295,-0.694306349093));
#2844 = CARTESIAN_POINT('',(0.863770130964,-0.703444514794));
#2845 = CARTESIAN_POINT('',(0.871296551481,-0.712536318965));
#2846 = CARTESIAN_POINT('',(0.878929573051,-0.721578033023));
#2847 = CARTESIAN_POINT('',(0.886679101671,-0.730565682082));
#2848 = CARTESIAN_POINT('',(0.894555456135,-0.739495044946));
#2849 = CARTESIAN_POINT('',(0.903401285206,-0.749282089048));
#2850 = CARTESIAN_POINT('',(0.904234684764,-0.750201847479));
#2851 = CARTESIAN_POINT('',(0.905069578717,-0.751120924356));
#2852 = CARTESIAN_POINT('',(0.905905979128,-0.752039314589));
#2853 = CARTESIAN_POINT('',(0.906743898105,-0.752957013053));
#2854 = CARTESIAN_POINT('',(0.907583347805,-0.753874014584));
#2855 = CARTESIAN_POINT('',(0.909237607421,-0.755676405046));
#2856 = CARTESIAN_POINT('',(0.91005231728,-0.756561839508));
#2857 = CARTESIAN_POINT('',(0.910868481049,-0.757446612669));
#2858 = CARTESIAN_POINT('',(0.911686109807,-0.758330719794));
#2859 = CARTESIAN_POINT('',(0.912505214677,-0.759214156115));
#2860 = CARTESIAN_POINT('',(0.91332580682,-0.760096916831));
#2861 = CARTESIAN_POINT('',(0.924669966701,-0.772268883526));
#2862 = CARTESIAN_POINT('',(0.935437387113,-0.783447214752));
#2863 = CARTESIAN_POINT('',(0.946473913175,-0.794504039023));
#2864 = CARTESIAN_POINT('',(0.95780414298,-0.805428263592));
#2865 = CARTESIAN_POINT('',(0.969453518222,-0.816207654723));
#2866 = CARTESIAN_POINT('',(0.98144832419,-0.826828837692));
#2867 = CARTESIAN_POINT('',(1.004569052233,-0.846362179663));
#2868 = CARTESIAN_POINT('',(1.015603942891,-0.855316394963));
#2869 = CARTESIAN_POINT('',(1.026937907207,-0.864130322986));
#2870 = CARTESIAN_POINT('',(1.038588713863,-0.872793511774));
#2871 = CARTESIAN_POINT('',(1.050573922075,-0.881294673259));
#2872 = CARTESIAN_POINT('',(1.0629104489,-0.889621679418));
#2873 = CARTESIAN_POINT('',(1.091451920751,-0.907909607598));
#2874 = CARTESIAN_POINT('',(1.107860334103,-0.917766746178));
#2875 = CARTESIAN_POINT('',(1.124869744897,-0.927307943738));
#2876 = CARTESIAN_POINT('',(1.142507823525,-0.936505850093));
#2877 = CARTESIAN_POINT('',(1.160796855862,-0.945331271276));
#2878 = CARTESIAN_POINT('',(1.17975105665,-0.953753645512));
#2879 = CARTESIAN_POINT('',(1.243781431562,-0.979818522245));
#2880 = CARTESIAN_POINT('',(1.291623922047,-0.995674672584));
#2881 = CARTESIAN_POINT('',(1.342921480425,-1.008937292332));
#2882 = CARTESIAN_POINT('',(1.397427732075,-1.019229308657));
#2883 = CARTESIAN_POINT('',(1.454404808324,-1.026208763024));
#2884 = CARTESIAN_POINT('',(1.512607229287,-1.029696800838));
#2885 = CARTESIAN_POINT('',(1.570796326795,-1.029696800838));
#2886 = ( GEOMETRIC_REPRESENTATION_CONTEXT(2) 
PARAMETRIC_REPRESENTATION_CONTEXT() REPRESENTATION_CONTEXT('2D SPACE',''
  ) );
#2887 = ADVANCED_FACE('',(#2888),#2564,.T.);
#2888 = FACE_BOUND('',#2889,.T.);
#2889 = EDGE_LOOP('',(#2890,#2891,#2892,#2893,#2951));
#2890 = ORIENTED_EDGE('',*,*,#2726,.T.);
#2891 = ORIENTED_EDGE('',*,*,#2651,.T.);
#2892 = ORIENTED_EDGE('',*,*,#2696,.F.);
#2893 = ORIENTED_EDGE('',*,*,#2894,.T.);
#2894 = EDGE_CURVE('',#2676,#2520,#2895,.T.);
#2895 = SURFACE_CURVE('',#2896,(#2911,#2931),.PCURVE_S1.);
#2896 = B_SPLINE_CURVE_WITH_KNOTS('',7,(#2897,#2898,#2899,#2900,#2901,
    #2902,#2903,#2904,#2905,#2906,#2907,#2908,#2909,#2910),
  .UNSPECIFIED.,.F.,.F.,(8,6,8),(0.,0.791534543088,1.),.UNSPECIFIED.);
#2897 = CARTESIAN_POINT('',(399.14285714285,117.09047252182,6.));
#2898 = CARTESIAN_POINT('',(399.14285714285,117.09047252182,
    5.551602235764));
#2899 = CARTESIAN_POINT('',(399.07580012319,117.12599484921,
    5.114498001065));
#2900 = CARTESIAN_POINT('',(398.94797358118,117.19447407893,
    4.695760079234));
#2901 = CARTESIAN_POINT('',(398.77097343052,117.27544950174,
    4.296223246807));
#2902 = CARTESIAN_POINT('',(398.55419612544,117.35306199945,
    3.916586925657));
#2903 = CARTESIAN_POINT('',(398.30660033361,117.41690376222,
    3.556490687655));
#2904 = CARTESIAN_POINT('',(397.96277096529,117.47002928128,
    3.124462733716));
#2905 = CARTESIAN_POINT('',(397.88934997435,117.47959893379,
    3.035604350186));
#2906 = CARTESIAN_POINT('',(397.81429708563,117.48751564205,
    2.947930503936));
#2907 = CARTESIAN_POINT('',(397.73772434625,117.49364027892,
    2.861425616582));
#2908 = CARTESIAN_POINT('',(397.65974330363,117.49784235127,
    2.776078515366));
#2909 = CARTESIAN_POINT('',(397.58046500552,117.5,2.691882433155));
#2910 = CARTESIAN_POINT('',(397.5,117.5,2.608835008437));
#2911 = PCURVE('',#2564,#2912);
#2912 = DEFINITIONAL_REPRESENTATION('',(#2913),#2930);
#2913 = B_SPLINE_CURVE_WITH_KNOTS('',8,(#2914,#2915,#2916,#2917,#2918,
    #2919,#2920,#2921,#2922,#2923,#2924,#2925,#2926,#2927,#2928,#2929),
  .UNSPECIFIED.,.F.,.F.,(9,7,9),(0.,0.5,1.),.UNSPECIFIED.);
#2914 = CARTESIAN_POINT('',(0.541099525957,0.));
#2915 = CARTESIAN_POINT('',(0.541099525957,-4.130668786904E-02));
#2916 = CARTESIAN_POINT('',(0.544349738914,-8.204700714257E-02));
#2917 = CARTESIAN_POINT('',(0.550677289003,-0.122153396683));
#2918 = CARTESIAN_POINT('',(0.559798614987,-0.161607748701));
#2919 = CARTESIAN_POINT('',(0.571368783921,-0.200427688895));
#2920 = CARTESIAN_POINT('',(0.585030804858,-0.238652856587));
#2921 = CARTESIAN_POINT('',(0.600464942551,-0.276331184857));
#2922 = CARTESIAN_POINT('',(0.634411119769,-0.350679176515));
#2923 = CARTESIAN_POINT('',(0.652918087423,-0.387354213443));
#2924 = CARTESIAN_POINT('',(0.672678139931,-0.423551283963));
#2925 = CARTESIAN_POINT('',(0.693592963464,-0.45947899516));
#2926 = CARTESIAN_POINT('',(0.715232168305,-0.494813447919));
#2927 = CARTESIAN_POINT('',(0.737888207591,-0.530225988673));
#2928 = CARTESIAN_POINT('',(0.761273961144,-0.565456891165));
#2929 = CARTESIAN_POINT('',(0.785398163397,-0.600668598448));
#2930 = ( GEOMETRIC_REPRESENTATION_CONTEXT(2) 
PARAMETRIC_REPRESENTATION_CONTEXT() REPRESENTATION_CONTEXT('2D SPACE',''
  ) );
#2931 = PCURVE('',#2535,#2932);
#2932 = DEFINITIONAL_REPRESENTATION('',(#2933),#2950);
#2933 = B_SPLINE_CURVE_WITH_KNOTS('',8,(#2934,#2935,#2936,#2937,#2938,
    #2939,#2940,#2941,#2942,#2943,#2944,#2945,#2946,#2947,#2948,#2949),
  .UNSPECIFIED.,.F.,.F.,(9,7,9),(0.,0.5,1.),.UNSPECIFIED.);
#2934 = CARTESIAN_POINT('',(1.082199051914,7.));
#2935 = CARTESIAN_POINT('',(1.082199051914,6.752159872786));
#2936 = CARTESIAN_POINT('',(1.088701483047,6.507716219069));
#2937 = CARTESIAN_POINT('',(1.101356958559,6.267726916557));
#2938 = CARTESIAN_POINT('',(1.119598142201,6.032858887541));
#2939 = CARTESIAN_POINT('',(1.142736731959,5.803484105868));
#2940 = CARTESIAN_POINT('',(1.170060443792,5.579775603926));
#2941 = CARTESIAN_POINT('',(1.200929995361,5.361803479623));
#2942 = CARTESIAN_POINT('',(1.268822184174,4.937458327099));
#2943 = CARTESIAN_POINT('',(1.305835707055,4.731058633924));
#2944 = CARTESIAN_POINT('',(1.345357426958,4.530594822529));
#2945 = CARTESIAN_POINT('',(1.387184482415,4.335259468651));
#2946 = CARTESIAN_POINT('',(1.430465710023,4.146916276035));
#2947 = CARTESIAN_POINT('',(1.475775846552,3.962308561727));
#2948 = CARTESIAN_POINT('',(1.522547922288,3.783124067412));
#2949 = CARTESIAN_POINT('',(1.570796326795,3.608835008437));
#2950 = ( GEOMETRIC_REPRESENTATION_CONTEXT(2) 
PARAMETRIC_REPRESENTATION_CONTEXT() REPRESENTATION_CONTEXT('2D SPACE',''
  ) );
#2951 = ORIENTED_EDGE('',*,*,#2547,.T.);
#2952 = ADVANCED_FACE('',(#2953),#2535,.F.);
#2953 = FACE_BOUND('',#2954,.F.);
#2954 = EDGE_LOOP('',(#2955,#2956,#2957,#2958));
#2955 = ORIENTED_EDGE('',*,*,#2603,.T.);
#2956 = ORIENTED_EDGE('',*,*,#2675,.F.);
#2957 = ORIENTED_EDGE('',*,*,#2894,.T.);
#2958 = ORIENTED_EDGE('',*,*,#2519,.T.);
#2959 = ( GEOMETRIC_REPRESENTATION_CONTEXT(3) 
GLOBAL_UNCERTAINTY_ASSIGNED_CONTEXT((#2963)) 
GLOBAL_UNIT_ASSIGNED_CONTEXT((#2960,#2961,#2962)) REPRESENTATION_CONTEXT
('Context #1','3D Context with UNIT and UNCERTAINTY') );
#2960 = ( LENGTH_UNIT() NAMED_UNIT(*) SI_UNIT(.MILLI.,.METRE.) );
#2961 = ( NAMED_UNIT(*) PLANE_ANGLE_UNIT() SI_UNIT($,.RADIAN.) );
#2962 = ( NAMED_UNIT(*) SI_UNIT($,.STERADIAN.) SOLID_ANGLE_UNIT() );
#2963 = UNCERTAINTY_MEASURE_WITH_UNIT(LENGTH_MEASURE(2.E-06),#2960,
  'distance_accuracy_value','confusion accuracy');
#2964 = PRODUCT_RELATED_PRODUCT_CATEGORY('part',$,(#7));
ENDSEC;
END-ISO-10303-21;
