ISO-10303-21;
HEADER;
FILE_DESCRIPTION(('Open CASCADE Model'),'2;1');
FILE_NAME('Open CASCADE Shape Model','2026-10-02T22:28:02',('Author'),(
    'Open CASCADE'),'Open CASCADE STEP processor 7.9','Open CASCADE 7.9'
  ,'Unknown');
FILE_SCHEMA(('AUTOMOTIVE_DESIGN { 1 0 10303 214 1 1 1 1 }'));
ENDSEC;
DATA;
#1 = APPLICATION_PROTOCOL_DEFINITION('international standard',
  'automotive_design',2000,#2);
#2 = APPLICATION_CONTEXT(
  'core data for automotive mechanical design processes');
#3 = SHAPE_DEFINITION_REPRESENTATION(#4,#10);
#4 = PRODUCT_DEFINITION_SHAPE('','',#5);
#5 = PRODUCT_DEFINITION('design','',#6,#9);
#6 = PRODUCT_DEFINITION_FORMATION('','',#7);
#7 = PRODUCT('Open CASCADE STEP translator 7.9 1',
  'Open CASCADE STEP translator 7.9 1','',(#8));
#8 = PRODUCT_CONTEXT('',#2,'mechanical');
#9 = PRODUCT_DEFINITION_CONTEXT('part definition',#2,'design');
#10 = ADVANCED_BREP_SHAPE_REPRESENTATION('',(#11,#15),#3155);
#11 = AXIS2_PLACEMENT_3D('',#12,#13,#14);
#12 = CARTESIAN_POINT('',(0.,0.,0.));
#13 = DIRECTION('',(0.,0.,1.));
#14 = DIRECTION('',(1.,0.,-0.));
#15 = MANIFOLD_SOLID_BREP('',#16);
#16 = CLOSED_SHELL('',(#17,#135,#269,#477,#572,#597,#650,#756,#809,#840,
    #922,#1022,#1067,#1152,#1209,#1416,#1495,#1523,#1619,#1668,#1748,
    #1804,#1857,#1882,#1889,#1895,#1945,#1996,#2096,#2146,#2235,#2310,
    #2385,#2468,#2474,#2524,#2580,#2625,#2650,#2734,#2828,#2855,#2861,
    #2906,#2980,#2987,#3067,#3096,#3122,#3148));
#17 = ADVANCED_FACE('',(#18),#32,.F.);
#18 = FACE_BOUND('',#19,.F.);
#19 = EDGE_LOOP('',(#20,#53,#79,#105));
#20 = ORIENTED_EDGE('',*,*,#21,.F.);
#21 = EDGE_CURVE('',#22,#24,#26,.T.);
#22 = VERTEX_POINT('',#23);
#23 = CARTESIAN_POINT('',(21.312329952889,-16.68767004711,30.));
#24 = VERTEX_POINT('',#25);
#25 = CARTESIAN_POINT('',(21.312329952889,-10.33877672841,30.));
#26 = SURFACE_CURVE('',#27,(#31,#42),.PCURVE_S1.);
#27 = LINE('',#28,#29);
#28 = CARTESIAN_POINT('',(21.312329952889,-18.,30.));
#29 = VECTOR('',#30,1.);
#30 = DIRECTION('',(-0.,1.,-0.));
#31 = PCURVE('',#32,#37);
#32 = PLANE('',#33);
#33 = AXIS2_PLACEMENT_3D('',#34,#35,#36);
#34 = CARTESIAN_POINT('',(20.784401684729,-18.,23.965752282826));
#35 = DIRECTION('',(0.996194698092,0.,-8.715574274766E-02));
#36 = DIRECTION('',(8.715574274766E-02,0.,0.996194698092));
#37 = DEFINITIONAL_REPRESENTATION('',(#38),#41);
#38 = B_SPLINE_CURVE_WITH_KNOTS('',1,(#39,#40),.UNSPECIFIED.,.F.,.F.,(2,
    2),(1.312329952889,34.687670047111),.PIECEWISE_BEZIER_KNOTS.);
#39 = CARTESIAN_POINT('',(6.05729756315,-1.312329952889));
#40 = CARTESIAN_POINT('',(6.05729756315,-34.68767004711));
#41 = ( GEOMETRIC_REPRESENTATION_CONTEXT(2) 
PARAMETRIC_REPRESENTATION_CONTEXT() REPRESENTATION_CONTEXT('2D SPACE',''
  ) );
#42 = PCURVE('',#43,#48);
#43 = PLANE('',#44);
#44 = AXIS2_PLACEMENT_3D('',#45,#46,#47);
#45 = CARTESIAN_POINT('',(20.,-18.,30.));
#46 = DIRECTION('',(0.,0.,1.));
#47 = DIRECTION('',(1.,0.,-0.));
#48 = DEFINITIONAL_REPRESENTATION('',(#49),#52);
#49 = B_SPLINE_CURVE_WITH_KNOTS('',1,(#50,#51),.UNSPECIFIED.,.F.,.F.,(2,
    2),(1.312329952889,34.687670047111),.PIECEWISE_BEZIER_KNOTS.);
#50 = CARTESIAN_POINT('',(1.312329952889,1.312329952889));
#51 = CARTESIAN_POINT('',(1.312329952889,34.687670047111));
#52 = ( GEOMETRIC_REPRESENTATION_CONTEXT(2) 
PARAMETRIC_REPRESENTATION_CONTEXT() REPRESENTATION_CONTEXT('2D SPACE',''
  ) );
#53 = ORIENTED_EDGE('',*,*,#54,.F.);
#54 = EDGE_CURVE('',#55,#22,#57,.T.);
#55 = VERTEX_POINT('',#56);
#56 = CARTESIAN_POINT('',(20.787397971733,-17.21260202826,24.));
#57 = SURFACE_CURVE('',#58,(#62,#68),.PCURVE_S1.);
#58 = LINE('',#59,#60);
#59 = CARTESIAN_POINT('',(20.778488192282,-17.22151180771,
    23.898160754863));
#60 = VECTOR('',#61,1.);
#61 = DIRECTION('',(8.682659386425E-02,8.682659386425E-02,0.992432509139
    ));
#62 = PCURVE('',#32,#63);
#63 = DEFINITIONAL_REPRESENTATION('',(#64),#67);
#64 = B_SPLINE_CURVE_WITH_KNOTS('',1,(#65,#66),.UNSPECIFIED.,.F.,.F.,(2,
    2),(0.102615789184,6.148366955886),.PIECEWISE_BEZIER_KNOTS.);
#65 = CARTESIAN_POINT('',(3.437853789012E-02,-0.787397971733));
#66 = CARTESIAN_POINT('',(6.05729756315,-1.312329952889));
#67 = ( GEOMETRIC_REPRESENTATION_CONTEXT(2) 
PARAMETRIC_REPRESENTATION_CONTEXT() REPRESENTATION_CONTEXT('2D SPACE',''
  ) );
#68 = PCURVE('',#69,#74);
#69 = PLANE('',#70);
#70 = AXIS2_PLACEMENT_3D('',#71,#72,#73);
#71 = CARTESIAN_POINT('',(20.,-17.21559831527,23.965752282826));
#72 = DIRECTION('',(0.,0.996194698092,-8.715574274766E-02));
#73 = DIRECTION('',(0.,8.715574274766E-02,0.996194698092));
#74 = DEFINITIONAL_REPRESENTATION('',(#75),#78);
#75 = B_SPLINE_CURVE_WITH_KNOTS('',1,(#76,#77),.UNSPECIFIED.,.F.,.F.,(2,
    2),(0.102615789184,6.148366955886),.PIECEWISE_BEZIER_KNOTS.);
#76 = CARTESIAN_POINT('',(3.437853789012E-02,0.787397971733));
#77 = CARTESIAN_POINT('',(6.05729756315,1.312329952889));
#78 = ( GEOMETRIC_REPRESENTATION_CONTEXT(2) 
PARAMETRIC_REPRESENTATION_CONTEXT() REPRESENTATION_CONTEXT('2D SPACE',''
  ) );
#79 = ORIENTED_EDGE('',*,*,#80,.T.);
#80 = EDGE_CURVE('',#55,#81,#83,.T.);
#81 = VERTEX_POINT('',#82);
#82 = CARTESIAN_POINT('',(20.787397971733,-12.4150788376,24.));
#83 = SURFACE_CURVE('',#84,(#88,#94),.PCURVE_S1.);
#84 = LINE('',#85,#86);
#85 = CARTESIAN_POINT('',(20.787397971733,-18.,24.));
#86 = VECTOR('',#87,1.);
#87 = DIRECTION('',(-0.,1.,-0.));
#88 = PCURVE('',#32,#89);
#89 = DEFINITIONAL_REPRESENTATION('',(#90),#93);
#90 = B_SPLINE_CURVE_WITH_KNOTS('',1,(#91,#92),.UNSPECIFIED.,.F.,.F.,(2,
    2),(0.787397971733,35.212602028267),.PIECEWISE_BEZIER_KNOTS.);
#91 = CARTESIAN_POINT('',(3.437853789012E-02,-0.787397971733));
#92 = CARTESIAN_POINT('',(3.437853789012E-02,-35.21260202826));
#93 = ( GEOMETRIC_REPRESENTATION_CONTEXT(2) 
PARAMETRIC_REPRESENTATION_CONTEXT() REPRESENTATION_CONTEXT('2D SPACE',''
  ) );
#94 = PCURVE('',#95,#100);
#95 = PLANE('',#96);
#96 = AXIS2_PLACEMENT_3D('',#97,#98,#99);
#97 = CARTESIAN_POINT('',(20.,-18.,24.));
#98 = DIRECTION('',(0.,0.,1.));
#99 = DIRECTION('',(1.,0.,-0.));
#100 = DEFINITIONAL_REPRESENTATION('',(#101),#104);
#101 = B_SPLINE_CURVE_WITH_KNOTS('',1,(#102,#103),.UNSPECIFIED.,.F.,.F.,
  (2,2),(0.787397971733,35.212602028267),.PIECEWISE_BEZIER_KNOTS.);
#102 = CARTESIAN_POINT('',(0.787397971733,0.787397971733));
#103 = CARTESIAN_POINT('',(0.787397971733,35.212602028267));
#104 = ( GEOMETRIC_REPRESENTATION_CONTEXT(2) 
PARAMETRIC_REPRESENTATION_CONTEXT() REPRESENTATION_CONTEXT('2D SPACE',''
  ) );
#105 = ORIENTED_EDGE('',*,*,#106,.T.);
#106 = EDGE_CURVE('',#81,#24,#107,.T.);
#107 = SURFACE_CURVE('',#108,(#113,#120),.PCURVE_S1.);
#108 = PARABOLA('',#109,1.961004211822);
#109 = AXIS2_PLACEMENT_3D('',#110,#111,#112);
#110 = CARTESIAN_POINT('',(22.5,0.,43.575130756903));
#111 = DIRECTION('',(0.996194698092,0.,-8.715574274766E-02));
#112 = DIRECTION('',(-8.715574274766E-02,-0.,-0.996194698092));
#113 = PCURVE('',#32,#114);
#114 = DEFINITIONAL_REPRESENTATION('',(#115),#119);
#115 = B_SPLINE_CURVE_WITH_KNOTS('',2,(#116,#117,#118),.UNSPECIFIED.,.F.
  ,.F.,(3,3),(-12.60391091583,-10.33877672841),
  .PIECEWISE_BEZIER_KNOTS.);
#116 = CARTESIAN_POINT('',(-0.567913364636,-5.396089084161));
#117 = CARTESIAN_POINT('',(3.071746017353,-6.528656177873));
#118 = CARTESIAN_POINT('',(6.05729756315,-7.661223271586));
#119 = ( GEOMETRIC_REPRESENTATION_CONTEXT(2) 
PARAMETRIC_REPRESENTATION_CONTEXT() REPRESENTATION_CONTEXT('2D SPACE',''
  ) );
#120 = PCURVE('',#121,#126);
#121 = CONICAL_SURFACE('',#122,25.,8.726646259972E-02);
#122 = AXIS2_PLACEMENT_3D('',#123,#124,#125);
#123 = CARTESIAN_POINT('',(0.,0.,15.));
#124 = DIRECTION('',(-0.,-0.,-1.));
#125 = DIRECTION('',(1.,0.,-0.));
#126 = DEFINITIONAL_REPRESENTATION('',(#127),#134);
#127 = B_SPLINE_CURVE_WITH_KNOTS('',5,(#128,#129,#130,#131,#132,#133),
  .UNSPECIFIED.,.F.,.F.,(6,6),(-12.60391091583,-10.33877672841),
  .PIECEWISE_BEZIER_KNOTS.);
#128 = CARTESIAN_POINT('',(-5.737006722817,-8.4));
#129 = CARTESIAN_POINT('',(-5.755676620184,-9.850323751679));
#130 = CARTESIAN_POINT('',(-5.774468553095,-11.23548562751));
#131 = CARTESIAN_POINT('',(-5.793377338731,-12.55548562751));
#132 = CARTESIAN_POINT('',(-5.812397301414,-13.81032375167));
#133 = CARTESIAN_POINT('',(-5.831522307655,-15.));
#134 = ( GEOMETRIC_REPRESENTATION_CONTEXT(2) 
PARAMETRIC_REPRESENTATION_CONTEXT() REPRESENTATION_CONTEXT('2D SPACE',''
  ) );
#135 = ADVANCED_FACE('',(#136),#43,.T.);
#136 = FACE_BOUND('',#137,.T.);
#137 = EDGE_LOOP('',(#138,#167,#168,#189,#215,#244));
#138 = ORIENTED_EDGE('',*,*,#139,.F.);
#139 = EDGE_CURVE('',#24,#140,#142,.T.);
#140 = VERTEX_POINT('',#141);
#141 = CARTESIAN_POINT('',(23.219204589956,-4.687670047111,30.));
#142 = SURFACE_CURVE('',#143,(#148,#155),.PCURVE_S1.);
#143 = CIRCLE('',#144,23.687670047111);
#144 = AXIS2_PLACEMENT_3D('',#145,#146,#147);
#145 = CARTESIAN_POINT('',(0.,0.,30.));
#146 = DIRECTION('',(0.,0.,1.));
#147 = DIRECTION('',(1.,0.,-0.));
#148 = PCURVE('',#43,#149);
#149 = DEFINITIONAL_REPRESENTATION('',(#150),#154);
#150 = CIRCLE('',#151,23.687670047111);
#151 = AXIS2_PLACEMENT_2D('',#152,#153);
#152 = CARTESIAN_POINT('',(-20.,18.));
#153 = DIRECTION('',(1.,0.));
#154 = ( GEOMETRIC_REPRESENTATION_CONTEXT(2) 
PARAMETRIC_REPRESENTATION_CONTEXT() REPRESENTATION_CONTEXT('2D SPACE',''
  ) );
#155 = PCURVE('',#156,#161);
#156 = PLANE('',#157);
#157 = AXIS2_PLACEMENT_3D('',#158,#159,#160);
#158 = CARTESIAN_POINT('',(0.,0.,30.));
#159 = DIRECTION('',(0.,0.,1.));
#160 = DIRECTION('',(1.,0.,-0.));
#161 = DEFINITIONAL_REPRESENTATION('',(#162),#166);
#162 = CIRCLE('',#163,23.687670047111);
#163 = AXIS2_PLACEMENT_2D('',#164,#165);
#164 = CARTESIAN_POINT('',(0.,0.));
#165 = DIRECTION('',(1.,0.));
#166 = ( GEOMETRIC_REPRESENTATION_CONTEXT(2) 
PARAMETRIC_REPRESENTATION_CONTEXT() REPRESENTATION_CONTEXT('2D SPACE',''
  ) );
#167 = ORIENTED_EDGE('',*,*,#21,.F.);
#168 = ORIENTED_EDGE('',*,*,#169,.T.);
#169 = EDGE_CURVE('',#22,#170,#172,.T.);
#170 = VERTEX_POINT('',#171);
#171 = CARTESIAN_POINT('',(178.68767004711,-16.68767004711,30.));
#172 = SURFACE_CURVE('',#173,(#177,#183),.PCURVE_S1.);
#173 = LINE('',#174,#175);
#174 = CARTESIAN_POINT('',(20.,-16.68767004711,30.));
#175 = VECTOR('',#176,1.);
#176 = DIRECTION('',(1.,-0.,0.));
#177 = PCURVE('',#43,#178);
#178 = DEFINITIONAL_REPRESENTATION('',(#179),#182);
#179 = B_SPLINE_CURVE_WITH_KNOTS('',1,(#180,#181),.UNSPECIFIED.,.F.,.F.,
  (2,2),(1.312329952889,158.68767004711),.PIECEWISE_BEZIER_KNOTS.);
#180 = CARTESIAN_POINT('',(1.312329952889,1.312329952889));
#181 = CARTESIAN_POINT('',(158.68767004711,1.312329952889));
#182 = ( GEOMETRIC_REPRESENTATION_CONTEXT(2) 
PARAMETRIC_REPRESENTATION_CONTEXT() REPRESENTATION_CONTEXT('2D SPACE',''
  ) );
#183 = PCURVE('',#69,#184);
#184 = DEFINITIONAL_REPRESENTATION('',(#185),#188);
#185 = B_SPLINE_CURVE_WITH_KNOTS('',1,(#186,#187),.UNSPECIFIED.,.F.,.F.,
  (2,2),(1.312329952889,158.68767004711),.PIECEWISE_BEZIER_KNOTS.);
#186 = CARTESIAN_POINT('',(6.05729756315,1.312329952889));
#187 = CARTESIAN_POINT('',(6.05729756315,158.68767004711));
#188 = ( GEOMETRIC_REPRESENTATION_CONTEXT(2) 
PARAMETRIC_REPRESENTATION_CONTEXT() REPRESENTATION_CONTEXT('2D SPACE',''
  ) );
#189 = ORIENTED_EDGE('',*,*,#190,.T.);
#190 = EDGE_CURVE('',#170,#191,#193,.T.);
#191 = VERTEX_POINT('',#192);
#192 = CARTESIAN_POINT('',(178.68767004711,-10.33877672841,30.));
#193 = SURFACE_CURVE('',#194,(#198,#204),.PCURVE_S1.);
#194 = LINE('',#195,#196);
#195 = CARTESIAN_POINT('',(178.68767004711,-18.,30.));
#196 = VECTOR('',#197,1.);
#197 = DIRECTION('',(-0.,1.,-0.));
#198 = PCURVE('',#43,#199);
#199 = DEFINITIONAL_REPRESENTATION('',(#200),#203);
#200 = B_SPLINE_CURVE_WITH_KNOTS('',1,(#201,#202),.UNSPECIFIED.,.F.,.F.,
  (2,2),(1.312329952889,34.687670047111),.PIECEWISE_BEZIER_KNOTS.);
#201 = CARTESIAN_POINT('',(158.68767004711,1.312329952889));
#202 = CARTESIAN_POINT('',(158.68767004711,34.687670047111));
#203 = ( GEOMETRIC_REPRESENTATION_CONTEXT(2) 
PARAMETRIC_REPRESENTATION_CONTEXT() REPRESENTATION_CONTEXT('2D SPACE',''
  ) );
#204 = PCURVE('',#205,#210);
#205 = PLANE('',#206);
#206 = AXIS2_PLACEMENT_3D('',#207,#208,#209);
#207 = CARTESIAN_POINT('',(179.21559831527,-18.,23.965752282826));
#208 = DIRECTION('',(0.996194698092,0.,8.715574274766E-02));
#209 = DIRECTION('',(-8.715574274766E-02,0.,0.996194698092));
#210 = DEFINITIONAL_REPRESENTATION('',(#211),#214);
#211 = B_SPLINE_CURVE_WITH_KNOTS('',1,(#212,#213),.UNSPECIFIED.,.F.,.F.,
  (2,2),(1.312329952889,34.687670047111),.PIECEWISE_BEZIER_KNOTS.);
#212 = CARTESIAN_POINT('',(6.05729756315,-1.312329952889));
#213 = CARTESIAN_POINT('',(6.05729756315,-34.68767004711));
#214 = ( GEOMETRIC_REPRESENTATION_CONTEXT(2) 
PARAMETRIC_REPRESENTATION_CONTEXT() REPRESENTATION_CONTEXT('2D SPACE',''
  ) );
#215 = ORIENTED_EDGE('',*,*,#216,.F.);
#216 = EDGE_CURVE('',#217,#191,#219,.T.);
#217 = VERTEX_POINT('',#218);
#218 = CARTESIAN_POINT('',(176.78079541004,-4.687670047111,30.));
#219 = SURFACE_CURVE('',#220,(#225,#232),.PCURVE_S1.);
#220 = CIRCLE('',#221,23.687670047111);
#221 = AXIS2_PLACEMENT_3D('',#222,#223,#224);
#222 = CARTESIAN_POINT('',(200.,0.,30.));
#223 = DIRECTION('',(0.,0.,1.));
#224 = DIRECTION('',(1.,0.,-0.));
#225 = PCURVE('',#43,#226);
#226 = DEFINITIONAL_REPRESENTATION('',(#227),#231);
#227 = CIRCLE('',#228,23.687670047111);
#228 = AXIS2_PLACEMENT_2D('',#229,#230);
#229 = CARTESIAN_POINT('',(180.,18.));
#230 = DIRECTION('',(1.,0.));
#231 = ( GEOMETRIC_REPRESENTATION_CONTEXT(2) 
PARAMETRIC_REPRESENTATION_CONTEXT() REPRESENTATION_CONTEXT('2D SPACE',''
  ) );
#232 = PCURVE('',#233,#238);
#233 = PLANE('',#234);
#234 = AXIS2_PLACEMENT_3D('',#235,#236,#237);
#235 = CARTESIAN_POINT('',(200.,0.,30.));
#236 = DIRECTION('',(0.,0.,1.));
#237 = DIRECTION('',(1.,0.,-0.));
#238 = DEFINITIONAL_REPRESENTATION('',(#239),#243);
#239 = CIRCLE('',#240,23.687670047111);
#240 = AXIS2_PLACEMENT_2D('',#241,#242);
#241 = CARTESIAN_POINT('',(0.,0.));
#242 = DIRECTION('',(1.,0.));
#243 = ( GEOMETRIC_REPRESENTATION_CONTEXT(2) 
PARAMETRIC_REPRESENTATION_CONTEXT() REPRESENTATION_CONTEXT('2D SPACE',''
  ) );
#244 = ORIENTED_EDGE('',*,*,#245,.F.);
#245 = EDGE_CURVE('',#140,#217,#246,.T.);
#246 = SURFACE_CURVE('',#247,(#251,#258),.PCURVE_S1.);
#247 = LINE('',#248,#249);
#248 = CARTESIAN_POINT('',(20.,-4.687670047111,30.));
#249 = VECTOR('',#250,1.);
#250 = DIRECTION('',(1.,-0.,0.));
#251 = PCURVE('',#43,#252);
#252 = DEFINITIONAL_REPRESENTATION('',(#253),#257);
#253 = LINE('',#254,#255);
#254 = CARTESIAN_POINT('',(0.,13.312329952889));
#255 = VECTOR('',#256,1.);
#256 = DIRECTION('',(1.,0.));
#257 = ( GEOMETRIC_REPRESENTATION_CONTEXT(2) 
PARAMETRIC_REPRESENTATION_CONTEXT() REPRESENTATION_CONTEXT('2D SPACE',''
  ) );
#258 = PCURVE('',#259,#264);
#259 = PLANE('',#260);
#260 = AXIS2_PLACEMENT_3D('',#261,#262,#263);
#261 = CARTESIAN_POINT('',(20.,-6.,30.));
#262 = DIRECTION('',(0.,0.,1.));
#263 = DIRECTION('',(1.,0.,-0.));
#264 = DEFINITIONAL_REPRESENTATION('',(#265),#268);
#265 = B_SPLINE_CURVE_WITH_KNOTS('',1,(#266,#267),.UNSPECIFIED.,.F.,.F.,
  (2,2),(1.312329952889,158.68767004711),.PIECEWISE_BEZIER_KNOTS.);
#266 = CARTESIAN_POINT('',(1.312329952889,1.312329952889));
#267 = CARTESIAN_POINT('',(158.68767004711,1.312329952889));
#268 = ( GEOMETRIC_REPRESENTATION_CONTEXT(2) 
PARAMETRIC_REPRESENTATION_CONTEXT() REPRESENTATION_CONTEXT('2D SPACE',''
  ) );
#269 = ADVANCED_FACE('',(#270),#121,.T.);
#270 = FACE_BOUND('',#271,.T.);
#271 = EDGE_LOOP('',(#272,#306,#334,#366,#388,#389,#418,#450));
#272 = ORIENTED_EDGE('',*,*,#273,.F.);
#273 = EDGE_CURVE('',#274,#276,#278,.T.);
#274 = VERTEX_POINT('',#275);
#275 = CARTESIAN_POINT('',(24.269322199024,5.999999999999,15.));
#276 = VERTEX_POINT('',#277);
#277 = CARTESIAN_POINT('',(23.644848848621,5.212602028267,24.));
#278 = SURFACE_CURVE('',#279,(#284,#294),.PCURVE_S1.);
#279 = PARABOLA('',#280,0.827979556103);
#280 = AXIS2_PLACEMENT_3D('',#281,#282,#283);
#281 = CARTESIAN_POINT('',(0.,-9.5,192.1658106928));
#282 = DIRECTION('',(0.,0.996194698092,8.715574274766E-02));
#283 = DIRECTION('',(-0.,8.715574274766E-02,-0.996194698092));
#284 = PCURVE('',#121,#285);
#285 = DEFINITIONAL_REPRESENTATION('',(#286),#293);
#286 = B_SPLINE_CURVE_WITH_KNOTS('',5,(#287,#288,#289,#290,#291,#292),
  .UNSPECIFIED.,.F.,.F.,(6,6),(-24.26932219902,-23.21920458995),
  .PIECEWISE_BEZIER_KNOTS.);
#287 = CARTESIAN_POINT('',(-0.242365851039,0.));
#288 = CARTESIAN_POINT('',(-0.233964910166,-3.06633924108));
#289 = CARTESIAN_POINT('',(-0.225451283297,-6.099508861621));
#290 = CARTESIAN_POINT('',(-0.216822565074,-9.09950886162));
#291 = CARTESIAN_POINT('',(-0.208076287078,-12.06633924108));
#292 = CARTESIAN_POINT('',(-0.199209922366,-15.));
#293 = ( GEOMETRIC_REPRESENTATION_CONTEXT(2) 
PARAMETRIC_REPRESENTATION_CONTEXT() REPRESENTATION_CONTEXT('2D SPACE',''
  ) );
#294 = PCURVE('',#295,#300);
#295 = PLANE('',#296);
#296 = AXIS2_PLACEMENT_3D('',#297,#298,#299);
#297 = CARTESIAN_POINT('',(20.,6.,15.));
#298 = DIRECTION('',(0.,0.996194698092,8.715574274766E-02));
#299 = DIRECTION('',(0.,-8.715574274766E-02,0.996194698092));
#300 = DEFINITIONAL_REPRESENTATION('',(#301),#305);
#301 = B_SPLINE_CURVE_WITH_KNOTS('',2,(#302,#303,#304),.UNSPECIFIED.,.F.
  ,.F.,(3,3),(-24.26932219902,-23.21920458995),
  .PIECEWISE_BEZIER_KNOTS.);
#302 = CARTESIAN_POINT('',(0.,4.269322199023));
#303 = CARTESIAN_POINT('',(7.695130397085,3.744263394489));
#304 = CARTESIAN_POINT('',(15.05729756315,3.219204589956));
#305 = ( GEOMETRIC_REPRESENTATION_CONTEXT(2) 
PARAMETRIC_REPRESENTATION_CONTEXT() REPRESENTATION_CONTEXT('2D SPACE',''
  ) );
#306 = ORIENTED_EDGE('',*,*,#307,.T.);
#307 = EDGE_CURVE('',#274,#308,#310,.T.);
#308 = VERTEX_POINT('',#309);
#309 = CARTESIAN_POINT('',(24.269322199024,-5.999999999999,15.));
#310 = SURFACE_CURVE('',#311,(#316,#322),.PCURVE_S1.);
#311 = CIRCLE('',#312,25.);
#312 = AXIS2_PLACEMENT_3D('',#313,#314,#315);
#313 = CARTESIAN_POINT('',(0.,0.,15.));
#314 = DIRECTION('',(0.,0.,1.));
#315 = DIRECTION('',(1.,0.,-0.));
#316 = PCURVE('',#121,#317);
#317 = DEFINITIONAL_REPRESENTATION('',(#318),#321);
#318 = B_SPLINE_CURVE_WITH_KNOTS('',1,(#319,#320),.UNSPECIFIED.,.F.,.F.,
  (2,2),(0.,6.28318530718),.PIECEWISE_BEZIER_KNOTS.);
#319 = CARTESIAN_POINT('',(0.,0.));
#320 = CARTESIAN_POINT('',(-6.28318530718,0.));
#321 = ( GEOMETRIC_REPRESENTATION_CONTEXT(2) 
PARAMETRIC_REPRESENTATION_CONTEXT() REPRESENTATION_CONTEXT('2D SPACE',''
  ) );
#322 = PCURVE('',#323,#328);
#323 = CONICAL_SURFACE('',#324,23.687670047111,8.726646259972E-02);
#324 = AXIS2_PLACEMENT_3D('',#325,#326,#327);
#325 = CARTESIAN_POINT('',(0.,0.,0.));
#326 = DIRECTION('',(0.,0.,1.));
#327 = DIRECTION('',(1.,0.,-0.));
#328 = DEFINITIONAL_REPRESENTATION('',(#329),#333);
#329 = LINE('',#330,#331);
#330 = CARTESIAN_POINT('',(0.,15.));
#331 = VECTOR('',#332,1.);
#332 = DIRECTION('',(1.,0.));
#333 = ( GEOMETRIC_REPRESENTATION_CONTEXT(2) 
PARAMETRIC_REPRESENTATION_CONTEXT() REPRESENTATION_CONTEXT('2D SPACE',''
  ) );
#334 = ORIENTED_EDGE('',*,*,#335,.T.);
#335 = EDGE_CURVE('',#308,#336,#338,.T.);
#336 = VERTEX_POINT('',#337);
#337 = CARTESIAN_POINT('',(23.644848848621,-5.212602028267,24.));
#338 = SURFACE_CURVE('',#339,(#344,#354),.PCURVE_S1.);
#339 = PARABOLA('',#340,0.827979556103);
#340 = AXIS2_PLACEMENT_3D('',#341,#342,#343);
#341 = CARTESIAN_POINT('',(0.,9.5,192.1658106928));
#342 = DIRECTION('',(0.,0.996194698092,-8.715574274766E-02));
#343 = DIRECTION('',(0.,-8.715574274766E-02,-0.996194698092));
#344 = PCURVE('',#121,#345);
#345 = DEFINITIONAL_REPRESENTATION('',(#346),#353);
#346 = B_SPLINE_CURVE_WITH_KNOTS('',5,(#347,#348,#349,#350,#351,#352),
  .UNSPECIFIED.,.F.,.F.,(6,6),(-24.26932219902,-23.21920458995),
  .PIECEWISE_BEZIER_KNOTS.);
#347 = CARTESIAN_POINT('',(-6.040819456141,-5.702855148742E-14));
#348 = CARTESIAN_POINT('',(-6.049220397013,-3.06633924108));
#349 = CARTESIAN_POINT('',(-6.057734023883,-6.099508861621));
#350 = CARTESIAN_POINT('',(-6.066362742106,-9.099508861621));
#351 = CARTESIAN_POINT('',(-6.075109020102,-12.06633924108));
#352 = CARTESIAN_POINT('',(-6.083975384814,-15.));
#353 = ( GEOMETRIC_REPRESENTATION_CONTEXT(2) 
PARAMETRIC_REPRESENTATION_CONTEXT() REPRESENTATION_CONTEXT('2D SPACE',''
  ) );
#354 = PCURVE('',#355,#360);
#355 = PLANE('',#356);
#356 = AXIS2_PLACEMENT_3D('',#357,#358,#359);
#357 = CARTESIAN_POINT('',(20.,-6.,15.));
#358 = DIRECTION('',(0.,0.996194698092,-8.715574274766E-02));
#359 = DIRECTION('',(0.,8.715574274766E-02,0.996194698092));
#360 = DEFINITIONAL_REPRESENTATION('',(#361),#365);
#361 = B_SPLINE_CURVE_WITH_KNOTS('',2,(#362,#363,#364),.UNSPECIFIED.,.F.
  ,.F.,(3,3),(-24.26932219902,-23.21920458995),
  .PIECEWISE_BEZIER_KNOTS.);
#362 = CARTESIAN_POINT('',(5.684341886081E-14,4.269322199023));
#363 = CARTESIAN_POINT('',(7.695130397085,3.744263394489));
#364 = CARTESIAN_POINT('',(15.05729756315,3.219204589956));
#365 = ( GEOMETRIC_REPRESENTATION_CONTEXT(2) 
PARAMETRIC_REPRESENTATION_CONTEXT() REPRESENTATION_CONTEXT('2D SPACE',''
  ) );
#366 = ORIENTED_EDGE('',*,*,#367,.F.);
#367 = EDGE_CURVE('',#81,#336,#368,.T.);
#368 = SURFACE_CURVE('',#369,(#374,#381),.PCURVE_S1.);
#369 = CIRCLE('',#370,24.212602028267);
#370 = AXIS2_PLACEMENT_3D('',#371,#372,#373);
#371 = CARTESIAN_POINT('',(0.,0.,24.));
#372 = DIRECTION('',(0.,0.,1.));
#373 = DIRECTION('',(1.,0.,-0.));
#374 = PCURVE('',#121,#375);
#375 = DEFINITIONAL_REPRESENTATION('',(#376),#380);
#376 = LINE('',#377,#378);
#377 = CARTESIAN_POINT('',(-0.,-9.));
#378 = VECTOR('',#379,1.);
#379 = DIRECTION('',(-1.,-0.));
#380 = ( GEOMETRIC_REPRESENTATION_CONTEXT(2) 
PARAMETRIC_REPRESENTATION_CONTEXT() REPRESENTATION_CONTEXT('2D SPACE',''
  ) );
#381 = PCURVE('',#95,#382);
#382 = DEFINITIONAL_REPRESENTATION('',(#383),#387);
#383 = CIRCLE('',#384,24.212602028267);
#384 = AXIS2_PLACEMENT_2D('',#385,#386);
#385 = CARTESIAN_POINT('',(-20.,18.));
#386 = DIRECTION('',(1.,0.));
#387 = ( GEOMETRIC_REPRESENTATION_CONTEXT(2) 
PARAMETRIC_REPRESENTATION_CONTEXT() REPRESENTATION_CONTEXT('2D SPACE',''
  ) );
#388 = ORIENTED_EDGE('',*,*,#106,.T.);
#389 = ORIENTED_EDGE('',*,*,#390,.F.);
#390 = EDGE_CURVE('',#391,#24,#393,.T.);
#391 = VERTEX_POINT('',#392);
#392 = CARTESIAN_POINT('',(21.312329952889,10.338776728414,30.));
#393 = SURFACE_CURVE('',#394,(#399,#406),.PCURVE_S1.);
#394 = CIRCLE('',#395,23.687670047111);
#395 = AXIS2_PLACEMENT_3D('',#396,#397,#398);
#396 = CARTESIAN_POINT('',(0.,0.,30.));
#397 = DIRECTION('',(0.,0.,1.));
#398 = DIRECTION('',(1.,0.,-0.));
#399 = PCURVE('',#121,#400);
#400 = DEFINITIONAL_REPRESENTATION('',(#401),#405);
#401 = LINE('',#402,#403);
#402 = CARTESIAN_POINT('',(-0.,-15.));
#403 = VECTOR('',#404,1.);
#404 = DIRECTION('',(-1.,-0.));
#405 = ( GEOMETRIC_REPRESENTATION_CONTEXT(2) 
PARAMETRIC_REPRESENTATION_CONTEXT() REPRESENTATION_CONTEXT('2D SPACE',''
  ) );
#406 = PCURVE('',#407,#412);
#407 = PLANE('',#408);
#408 = AXIS2_PLACEMENT_3D('',#409,#410,#411);
#409 = CARTESIAN_POINT('',(0.,0.,30.));
#410 = DIRECTION('',(0.,0.,1.));
#411 = DIRECTION('',(1.,0.,-0.));
#412 = DEFINITIONAL_REPRESENTATION('',(#413),#417);
#413 = CIRCLE('',#414,23.687670047111);
#414 = AXIS2_PLACEMENT_2D('',#415,#416);
#415 = CARTESIAN_POINT('',(0.,0.));
#416 = DIRECTION('',(1.,0.));
#417 = ( GEOMETRIC_REPRESENTATION_CONTEXT(2) 
PARAMETRIC_REPRESENTATION_CONTEXT() REPRESENTATION_CONTEXT('2D SPACE',''
  ) );
#418 = ORIENTED_EDGE('',*,*,#419,.T.);
#419 = EDGE_CURVE('',#391,#420,#422,.T.);
#420 = VERTEX_POINT('',#421);
#421 = CARTESIAN_POINT('',(20.787397971733,12.415078837607,24.));
#422 = SURFACE_CURVE('',#423,(#428,#438),.PCURVE_S1.);
#423 = PARABOLA('',#424,1.961004211822);
#424 = AXIS2_PLACEMENT_3D('',#425,#426,#427);
#425 = CARTESIAN_POINT('',(22.5,0.,43.575130756903));
#426 = DIRECTION('',(0.996194698092,0.,-8.715574274766E-02));
#427 = DIRECTION('',(-8.715574274766E-02,-0.,-0.996194698092));
#428 = PCURVE('',#121,#429);
#429 = DEFINITIONAL_REPRESENTATION('',(#430),#437);
#430 = B_SPLINE_CURVE_WITH_KNOTS('',5,(#431,#432,#433,#434,#435,#436),
  .UNSPECIFIED.,.F.,.F.,(6,6),(10.338776728414,12.603910915839),
  .PIECEWISE_BEZIER_KNOTS.);
#431 = CARTESIAN_POINT('',(-0.451662999524,-15.));
#432 = CARTESIAN_POINT('',(-0.470788005765,-13.81032375167));
#433 = CARTESIAN_POINT('',(-0.489807968449,-12.55548562751));
#434 = CARTESIAN_POINT('',(-0.508716754085,-11.23548562751));
#435 = CARTESIAN_POINT('',(-0.527508686995,-9.850323751679));
#436 = CARTESIAN_POINT('',(-0.546178584363,-8.4));
#437 = ( GEOMETRIC_REPRESENTATION_CONTEXT(2) 
PARAMETRIC_REPRESENTATION_CONTEXT() REPRESENTATION_CONTEXT('2D SPACE',''
  ) );
#438 = PCURVE('',#439,#444);
#439 = PLANE('',#440);
#440 = AXIS2_PLACEMENT_3D('',#441,#442,#443);
#441 = CARTESIAN_POINT('',(20.784401684729,-18.,23.965752282826));
#442 = DIRECTION('',(0.996194698092,0.,-8.715574274766E-02));
#443 = DIRECTION('',(8.715574274766E-02,0.,0.996194698092));
#444 = DEFINITIONAL_REPRESENTATION('',(#445),#449);
#445 = B_SPLINE_CURVE_WITH_KNOTS('',2,(#446,#447,#448),.UNSPECIFIED.,.F.
  ,.F.,(3,3),(10.338776728414,12.603910915839),
  .PIECEWISE_BEZIER_KNOTS.);
#446 = CARTESIAN_POINT('',(6.05729756315,-28.33877672841));
#447 = CARTESIAN_POINT('',(3.071746017353,-29.47134382212));
#448 = CARTESIAN_POINT('',(-0.567913364636,-30.60391091583));
#449 = ( GEOMETRIC_REPRESENTATION_CONTEXT(2) 
PARAMETRIC_REPRESENTATION_CONTEXT() REPRESENTATION_CONTEXT('2D SPACE',''
  ) );
#450 = ORIENTED_EDGE('',*,*,#451,.F.);
#451 = EDGE_CURVE('',#276,#420,#452,.T.);
#452 = SURFACE_CURVE('',#453,(#458,#465),.PCURVE_S1.);
#453 = CIRCLE('',#454,24.212602028267);
#454 = AXIS2_PLACEMENT_3D('',#455,#456,#457);
#455 = CARTESIAN_POINT('',(0.,0.,24.));
#456 = DIRECTION('',(0.,0.,1.));
#457 = DIRECTION('',(1.,0.,-0.));
#458 = PCURVE('',#121,#459);
#459 = DEFINITIONAL_REPRESENTATION('',(#460),#464);
#460 = LINE('',#461,#462);
#461 = CARTESIAN_POINT('',(-0.,-9.));
#462 = VECTOR('',#463,1.);
#463 = DIRECTION('',(-1.,-0.));
#464 = ( GEOMETRIC_REPRESENTATION_CONTEXT(2) 
PARAMETRIC_REPRESENTATION_CONTEXT() REPRESENTATION_CONTEXT('2D SPACE',''
  ) );
#465 = PCURVE('',#466,#471);
#466 = PLANE('',#467);
#467 = AXIS2_PLACEMENT_3D('',#468,#469,#470);
#468 = CARTESIAN_POINT('',(20.,-18.,24.));
#469 = DIRECTION('',(0.,0.,1.));
#470 = DIRECTION('',(1.,0.,-0.));
#471 = DEFINITIONAL_REPRESENTATION('',(#472),#476);
#472 = CIRCLE('',#473,24.212602028267);
#473 = AXIS2_PLACEMENT_2D('',#474,#475);
#474 = CARTESIAN_POINT('',(-20.,18.));
#475 = DIRECTION('',(1.,0.));
#476 = ( GEOMETRIC_REPRESENTATION_CONTEXT(2) 
PARAMETRIC_REPRESENTATION_CONTEXT() REPRESENTATION_CONTEXT('2D SPACE',''
  ) );
#477 = ADVANCED_FACE('',(#478),#95,.F.);
#478 = FACE_BOUND('',#479,.F.);
#479 = EDGE_LOOP('',(#480,#481,#502,#523,#552,#571));
#480 = ORIENTED_EDGE('',*,*,#80,.F.);
#481 = ORIENTED_EDGE('',*,*,#482,.T.);
#482 = EDGE_CURVE('',#55,#483,#485,.T.);
#483 = VERTEX_POINT('',#484);
#484 = CARTESIAN_POINT('',(179.21260202826,-17.21260202826,24.));
#485 = SURFACE_CURVE('',#486,(#490,#496),.PCURVE_S1.);
#486 = LINE('',#487,#488);
#487 = CARTESIAN_POINT('',(20.,-17.21260202826,24.));
#488 = VECTOR('',#489,1.);
#489 = DIRECTION('',(1.,-0.,0.));
#490 = PCURVE('',#95,#491);
#491 = DEFINITIONAL_REPRESENTATION('',(#492),#495);
#492 = B_SPLINE_CURVE_WITH_KNOTS('',1,(#493,#494),.UNSPECIFIED.,.F.,.F.,
  (2,2),(0.787397971733,159.21260202826),.PIECEWISE_BEZIER_KNOTS.);
#493 = CARTESIAN_POINT('',(0.787397971733,0.787397971733));
#494 = CARTESIAN_POINT('',(159.21260202826,0.787397971733));
#495 = ( GEOMETRIC_REPRESENTATION_CONTEXT(2) 
PARAMETRIC_REPRESENTATION_CONTEXT() REPRESENTATION_CONTEXT('2D SPACE',''
  ) );
#496 = PCURVE('',#69,#497);
#497 = DEFINITIONAL_REPRESENTATION('',(#498),#501);
#498 = B_SPLINE_CURVE_WITH_KNOTS('',1,(#499,#500),.UNSPECIFIED.,.F.,.F.,
  (2,2),(0.787397971733,159.21260202826),.PIECEWISE_BEZIER_KNOTS.);
#499 = CARTESIAN_POINT('',(3.437853789012E-02,0.787397971733));
#500 = CARTESIAN_POINT('',(3.437853789012E-02,159.21260202826));
#501 = ( GEOMETRIC_REPRESENTATION_CONTEXT(2) 
PARAMETRIC_REPRESENTATION_CONTEXT() REPRESENTATION_CONTEXT('2D SPACE',''
  ) );
#502 = ORIENTED_EDGE('',*,*,#503,.T.);
#503 = EDGE_CURVE('',#483,#504,#506,.T.);
#504 = VERTEX_POINT('',#505);
#505 = CARTESIAN_POINT('',(179.21260202826,-12.4150788376,24.));
#506 = SURFACE_CURVE('',#507,(#511,#517),.PCURVE_S1.);
#507 = LINE('',#508,#509);
#508 = CARTESIAN_POINT('',(179.21260202826,-18.,24.));
#509 = VECTOR('',#510,1.);
#510 = DIRECTION('',(-0.,1.,-0.));
#511 = PCURVE('',#95,#512);
#512 = DEFINITIONAL_REPRESENTATION('',(#513),#516);
#513 = B_SPLINE_CURVE_WITH_KNOTS('',1,(#514,#515),.UNSPECIFIED.,.F.,.F.,
  (2,2),(0.787397971733,35.212602028267),.PIECEWISE_BEZIER_KNOTS.);
#514 = CARTESIAN_POINT('',(159.21260202826,0.787397971733));
#515 = CARTESIAN_POINT('',(159.21260202826,35.212602028267));
#516 = ( GEOMETRIC_REPRESENTATION_CONTEXT(2) 
PARAMETRIC_REPRESENTATION_CONTEXT() REPRESENTATION_CONTEXT('2D SPACE',''
  ) );
#517 = PCURVE('',#205,#518);
#518 = DEFINITIONAL_REPRESENTATION('',(#519),#522);
#519 = B_SPLINE_CURVE_WITH_KNOTS('',1,(#520,#521),.UNSPECIFIED.,.F.,.F.,
  (2,2),(0.787397971733,35.212602028267),.PIECEWISE_BEZIER_KNOTS.);
#520 = CARTESIAN_POINT('',(3.437853789012E-02,-0.787397971733));
#521 = CARTESIAN_POINT('',(3.437853789012E-02,-35.21260202826));
#522 = ( GEOMETRIC_REPRESENTATION_CONTEXT(2) 
PARAMETRIC_REPRESENTATION_CONTEXT() REPRESENTATION_CONTEXT('2D SPACE',''
  ) );
#523 = ORIENTED_EDGE('',*,*,#524,.F.);
#524 = EDGE_CURVE('',#525,#504,#527,.T.);
#525 = VERTEX_POINT('',#526);
#526 = CARTESIAN_POINT('',(176.35515115137,-5.212602028267,24.));
#527 = SURFACE_CURVE('',#528,(#533,#540),.PCURVE_S1.);
#528 = CIRCLE('',#529,24.212602028267);
#529 = AXIS2_PLACEMENT_3D('',#530,#531,#532);
#530 = CARTESIAN_POINT('',(200.,0.,24.));
#531 = DIRECTION('',(0.,0.,1.));
#532 = DIRECTION('',(1.,0.,-0.));
#533 = PCURVE('',#95,#534);
#534 = DEFINITIONAL_REPRESENTATION('',(#535),#539);
#535 = CIRCLE('',#536,24.212602028267);
#536 = AXIS2_PLACEMENT_2D('',#537,#538);
#537 = CARTESIAN_POINT('',(180.,18.));
#538 = DIRECTION('',(1.,0.));
#539 = ( GEOMETRIC_REPRESENTATION_CONTEXT(2) 
PARAMETRIC_REPRESENTATION_CONTEXT() REPRESENTATION_CONTEXT('2D SPACE',''
  ) );
#540 = PCURVE('',#541,#546);
#541 = CONICAL_SURFACE('',#542,25.,8.726646259972E-02);
#542 = AXIS2_PLACEMENT_3D('',#543,#544,#545);
#543 = CARTESIAN_POINT('',(200.,0.,15.));
#544 = DIRECTION('',(-0.,-0.,-1.));
#545 = DIRECTION('',(1.,0.,-0.));
#546 = DEFINITIONAL_REPRESENTATION('',(#547),#551);
#547 = LINE('',#548,#549);
#548 = CARTESIAN_POINT('',(-0.,-9.));
#549 = VECTOR('',#550,1.);
#550 = DIRECTION('',(-1.,-0.));
#551 = ( GEOMETRIC_REPRESENTATION_CONTEXT(2) 
PARAMETRIC_REPRESENTATION_CONTEXT() REPRESENTATION_CONTEXT('2D SPACE',''
  ) );
#552 = ORIENTED_EDGE('',*,*,#553,.F.);
#553 = EDGE_CURVE('',#336,#525,#554,.T.);
#554 = SURFACE_CURVE('',#555,(#559,#565),.PCURVE_S1.);
#555 = LINE('',#556,#557);
#556 = CARTESIAN_POINT('',(20.,-5.212602028267,24.));
#557 = VECTOR('',#558,1.);
#558 = DIRECTION('',(1.,-0.,0.));
#559 = PCURVE('',#95,#560);
#560 = DEFINITIONAL_REPRESENTATION('',(#561),#564);
#561 = B_SPLINE_CURVE_WITH_KNOTS('',1,(#562,#563),.UNSPECIFIED.,.F.,.F.,
  (2,2),(3.219204589956,156.78079541004),.PIECEWISE_BEZIER_KNOTS.);
#562 = CARTESIAN_POINT('',(3.219204589956,12.787397971733));
#563 = CARTESIAN_POINT('',(156.78079541004,12.787397971733));
#564 = ( GEOMETRIC_REPRESENTATION_CONTEXT(2) 
PARAMETRIC_REPRESENTATION_CONTEXT() REPRESENTATION_CONTEXT('2D SPACE',''
  ) );
#565 = PCURVE('',#355,#566);
#566 = DEFINITIONAL_REPRESENTATION('',(#567),#570);
#567 = B_SPLINE_CURVE_WITH_KNOTS('',1,(#568,#569),.UNSPECIFIED.,.F.,.F.,
  (2,2),(3.219204589956,156.78079541004),.PIECEWISE_BEZIER_KNOTS.);
#568 = CARTESIAN_POINT('',(9.03437853789,3.219204589956));
#569 = CARTESIAN_POINT('',(9.03437853789,156.78079541004));
#570 = ( GEOMETRIC_REPRESENTATION_CONTEXT(2) 
PARAMETRIC_REPRESENTATION_CONTEXT() REPRESENTATION_CONTEXT('2D SPACE',''
  ) );
#571 = ORIENTED_EDGE('',*,*,#367,.F.);
#572 = ADVANCED_FACE('',(#573),#69,.F.);
#573 = FACE_BOUND('',#574,.F.);
#574 = EDGE_LOOP('',(#575,#576,#577,#578));
#575 = ORIENTED_EDGE('',*,*,#482,.F.);
#576 = ORIENTED_EDGE('',*,*,#54,.T.);
#577 = ORIENTED_EDGE('',*,*,#169,.T.);
#578 = ORIENTED_EDGE('',*,*,#579,.F.);
#579 = EDGE_CURVE('',#483,#170,#580,.T.);
#580 = SURFACE_CURVE('',#581,(#585,#591),.PCURVE_S1.);
#581 = LINE('',#582,#583);
#582 = CARTESIAN_POINT('',(178.61840321555,-16.61840321555,
    30.791723507558));
#583 = VECTOR('',#584,1.);
#584 = DIRECTION('',(-8.682659386425E-02,8.682659386425E-02,
    0.992432509139));
#585 = PCURVE('',#69,#586);
#586 = DEFINITIONAL_REPRESENTATION('',(#587),#590);
#587 = B_SPLINE_CURVE_WITH_KNOTS('',1,(#588,#589),.UNSPECIFIED.,.F.,.F.,
  (2,2),(-6.843511719956,-0.797760553254),.PIECEWISE_BEZIER_KNOTS.);
#588 = CARTESIAN_POINT('',(3.437853789013E-02,159.21260202826));
#589 = CARTESIAN_POINT('',(6.05729756315,158.68767004711));
#590 = ( GEOMETRIC_REPRESENTATION_CONTEXT(2) 
PARAMETRIC_REPRESENTATION_CONTEXT() REPRESENTATION_CONTEXT('2D SPACE',''
  ) );
#591 = PCURVE('',#205,#592);
#592 = DEFINITIONAL_REPRESENTATION('',(#593),#596);
#593 = B_SPLINE_CURVE_WITH_KNOTS('',1,(#594,#595),.UNSPECIFIED.,.F.,.F.,
  (2,2),(-6.843511719956,-0.797760553254),.PIECEWISE_BEZIER_KNOTS.);
#594 = CARTESIAN_POINT('',(3.437853789012E-02,-0.787397971733));
#595 = CARTESIAN_POINT('',(6.05729756315,-1.312329952889));
#596 = ( GEOMETRIC_REPRESENTATION_CONTEXT(2) 
PARAMETRIC_REPRESENTATION_CONTEXT() REPRESENTATION_CONTEXT('2D SPACE',''
  ) );
#597 = ADVANCED_FACE('',(#598),#156,.T.);
#598 = FACE_BOUND('',#599,.T.);
#599 = EDGE_LOOP('',(#600,#628,#649));
#600 = ORIENTED_EDGE('',*,*,#601,.F.);
#601 = EDGE_CURVE('',#602,#140,#604,.T.);
#602 = VERTEX_POINT('',#603);
#603 = CARTESIAN_POINT('',(21.312329952889,-4.687670047111,30.));
#604 = SURFACE_CURVE('',#605,(#609,#616),.PCURVE_S1.);
#605 = LINE('',#606,#607);
#606 = CARTESIAN_POINT('',(20.,-4.687670047111,30.));
#607 = VECTOR('',#608,1.);
#608 = DIRECTION('',(1.,-0.,0.));
#609 = PCURVE('',#156,#610);
#610 = DEFINITIONAL_REPRESENTATION('',(#611),#615);
#611 = LINE('',#612,#613);
#612 = CARTESIAN_POINT('',(20.,-4.687670047111));
#613 = VECTOR('',#614,1.);
#614 = DIRECTION('',(1.,0.));
#615 = ( GEOMETRIC_REPRESENTATION_CONTEXT(2) 
PARAMETRIC_REPRESENTATION_CONTEXT() REPRESENTATION_CONTEXT('2D SPACE',''
  ) );
#616 = PCURVE('',#617,#622);
#617 = PLANE('',#618);
#618 = AXIS2_PLACEMENT_3D('',#619,#620,#621);
#619 = CARTESIAN_POINT('',(0.,0.,30.));
#620 = DIRECTION('',(0.,0.,1.));
#621 = DIRECTION('',(1.,0.,-0.));
#622 = DEFINITIONAL_REPRESENTATION('',(#623),#627);
#623 = LINE('',#624,#625);
#624 = CARTESIAN_POINT('',(20.,-4.687670047111));
#625 = VECTOR('',#626,1.);
#626 = DIRECTION('',(1.,0.));
#627 = ( GEOMETRIC_REPRESENTATION_CONTEXT(2) 
PARAMETRIC_REPRESENTATION_CONTEXT() REPRESENTATION_CONTEXT('2D SPACE',''
  ) );
#628 = ORIENTED_EDGE('',*,*,#629,.F.);
#629 = EDGE_CURVE('',#24,#602,#630,.T.);
#630 = SURFACE_CURVE('',#631,(#635,#642),.PCURVE_S1.);
#631 = LINE('',#632,#633);
#632 = CARTESIAN_POINT('',(21.312329952889,-18.,30.));
#633 = VECTOR('',#634,1.);
#634 = DIRECTION('',(-0.,1.,-0.));
#635 = PCURVE('',#156,#636);
#636 = DEFINITIONAL_REPRESENTATION('',(#637),#641);
#637 = LINE('',#638,#639);
#638 = CARTESIAN_POINT('',(21.312329952889,-18.));
#639 = VECTOR('',#640,1.);
#640 = DIRECTION('',(0.,1.));
#641 = ( GEOMETRIC_REPRESENTATION_CONTEXT(2) 
PARAMETRIC_REPRESENTATION_CONTEXT() REPRESENTATION_CONTEXT('2D SPACE',''
  ) );
#642 = PCURVE('',#407,#643);
#643 = DEFINITIONAL_REPRESENTATION('',(#644),#648);
#644 = LINE('',#645,#646);
#645 = CARTESIAN_POINT('',(21.312329952889,-18.));
#646 = VECTOR('',#647,1.);
#647 = DIRECTION('',(0.,1.));
#648 = ( GEOMETRIC_REPRESENTATION_CONTEXT(2) 
PARAMETRIC_REPRESENTATION_CONTEXT() REPRESENTATION_CONTEXT('2D SPACE',''
  ) );
#649 = ORIENTED_EDGE('',*,*,#139,.T.);
#650 = ADVANCED_FACE('',(#651),#259,.T.);
#651 = FACE_BOUND('',#652,.T.);
#652 = EDGE_LOOP('',(#653,#682,#706,#728,#729));
#653 = ORIENTED_EDGE('',*,*,#654,.F.);
#654 = EDGE_CURVE('',#655,#657,#659,.T.);
#655 = VERTEX_POINT('',#656);
#656 = CARTESIAN_POINT('',(23.219204589956,4.687670047111,30.));
#657 = VERTEX_POINT('',#658);
#658 = CARTESIAN_POINT('',(176.78079541004,4.687670047111,30.));
#659 = SURFACE_CURVE('',#660,(#664,#670),.PCURVE_S1.);
#660 = LINE('',#661,#662);
#661 = CARTESIAN_POINT('',(20.,4.687670047111,30.));
#662 = VECTOR('',#663,1.);
#663 = DIRECTION('',(1.,0.,0.));
#664 = PCURVE('',#259,#665);
#665 = DEFINITIONAL_REPRESENTATION('',(#666),#669);
#666 = B_SPLINE_CURVE_WITH_KNOTS('',1,(#667,#668),.UNSPECIFIED.,.F.,.F.,
  (2,2),(1.312329952889,158.68767004711),.PIECEWISE_BEZIER_KNOTS.);
#667 = CARTESIAN_POINT('',(1.312329952889,10.687670047111));
#668 = CARTESIAN_POINT('',(158.68767004711,10.687670047111));
#669 = ( GEOMETRIC_REPRESENTATION_CONTEXT(2) 
PARAMETRIC_REPRESENTATION_CONTEXT() REPRESENTATION_CONTEXT('2D SPACE',''
  ) );
#670 = PCURVE('',#671,#676);
#671 = PLANE('',#672);
#672 = AXIS2_PLACEMENT_3D('',#673,#674,#675);
#673 = CARTESIAN_POINT('',(20.,-18.,30.));
#674 = DIRECTION('',(0.,0.,1.));
#675 = DIRECTION('',(1.,0.,-0.));
#676 = DEFINITIONAL_REPRESENTATION('',(#677),#681);
#677 = LINE('',#678,#679);
#678 = CARTESIAN_POINT('',(0.,22.687670047111));
#679 = VECTOR('',#680,1.);
#680 = DIRECTION('',(1.,0.));
#681 = ( GEOMETRIC_REPRESENTATION_CONTEXT(2) 
PARAMETRIC_REPRESENTATION_CONTEXT() REPRESENTATION_CONTEXT('2D SPACE',''
  ) );
#682 = ORIENTED_EDGE('',*,*,#683,.F.);
#683 = EDGE_CURVE('',#684,#655,#686,.T.);
#684 = VERTEX_POINT('',#685);
#685 = CARTESIAN_POINT('',(23.687670047111,-5.801805860491E-15,30.));
#686 = SURFACE_CURVE('',#687,(#692,#699),.PCURVE_S1.);
#687 = CIRCLE('',#688,23.687670047111);
#688 = AXIS2_PLACEMENT_3D('',#689,#690,#691);
#689 = CARTESIAN_POINT('',(0.,0.,30.));
#690 = DIRECTION('',(0.,0.,1.));
#691 = DIRECTION('',(1.,0.,-0.));
#692 = PCURVE('',#259,#693);
#693 = DEFINITIONAL_REPRESENTATION('',(#694),#698);
#694 = CIRCLE('',#695,23.687670047111);
#695 = AXIS2_PLACEMENT_2D('',#696,#697);
#696 = CARTESIAN_POINT('',(-20.,6.));
#697 = DIRECTION('',(1.,0.));
#698 = ( GEOMETRIC_REPRESENTATION_CONTEXT(2) 
PARAMETRIC_REPRESENTATION_CONTEXT() REPRESENTATION_CONTEXT('2D SPACE',''
  ) );
#699 = PCURVE('',#617,#700);
#700 = DEFINITIONAL_REPRESENTATION('',(#701),#705);
#701 = CIRCLE('',#702,23.687670047111);
#702 = AXIS2_PLACEMENT_2D('',#703,#704);
#703 = CARTESIAN_POINT('',(0.,0.));
#704 = DIRECTION('',(1.,0.));
#705 = ( GEOMETRIC_REPRESENTATION_CONTEXT(2) 
PARAMETRIC_REPRESENTATION_CONTEXT() REPRESENTATION_CONTEXT('2D SPACE',''
  ) );
#706 = ORIENTED_EDGE('',*,*,#707,.F.);
#707 = EDGE_CURVE('',#140,#684,#708,.T.);
#708 = SURFACE_CURVE('',#709,(#714,#721),.PCURVE_S1.);
#709 = CIRCLE('',#710,23.687670047111);
#710 = AXIS2_PLACEMENT_3D('',#711,#712,#713);
#711 = CARTESIAN_POINT('',(0.,0.,30.));
#712 = DIRECTION('',(0.,0.,1.));
#713 = DIRECTION('',(1.,0.,-0.));
#714 = PCURVE('',#259,#715);
#715 = DEFINITIONAL_REPRESENTATION('',(#716),#720);
#716 = CIRCLE('',#717,23.687670047111);
#717 = AXIS2_PLACEMENT_2D('',#718,#719);
#718 = CARTESIAN_POINT('',(-20.,6.));
#719 = DIRECTION('',(1.,0.));
#720 = ( GEOMETRIC_REPRESENTATION_CONTEXT(2) 
PARAMETRIC_REPRESENTATION_CONTEXT() REPRESENTATION_CONTEXT('2D SPACE',''
  ) );
#721 = PCURVE('',#617,#722);
#722 = DEFINITIONAL_REPRESENTATION('',(#723),#727);
#723 = CIRCLE('',#724,23.687670047111);
#724 = AXIS2_PLACEMENT_2D('',#725,#726);
#725 = CARTESIAN_POINT('',(0.,0.));
#726 = DIRECTION('',(1.,0.));
#727 = ( GEOMETRIC_REPRESENTATION_CONTEXT(2) 
PARAMETRIC_REPRESENTATION_CONTEXT() REPRESENTATION_CONTEXT('2D SPACE',''
  ) );
#728 = ORIENTED_EDGE('',*,*,#245,.T.);
#729 = ORIENTED_EDGE('',*,*,#730,.F.);
#730 = EDGE_CURVE('',#657,#217,#731,.T.);
#731 = SURFACE_CURVE('',#732,(#737,#744),.PCURVE_S1.);
#732 = CIRCLE('',#733,23.687670047111);
#733 = AXIS2_PLACEMENT_3D('',#734,#735,#736);
#734 = CARTESIAN_POINT('',(200.,0.,30.));
#735 = DIRECTION('',(0.,0.,1.));
#736 = DIRECTION('',(1.,0.,-0.));
#737 = PCURVE('',#259,#738);
#738 = DEFINITIONAL_REPRESENTATION('',(#739),#743);
#739 = CIRCLE('',#740,23.687670047111);
#740 = AXIS2_PLACEMENT_2D('',#741,#742);
#741 = CARTESIAN_POINT('',(180.,6.));
#742 = DIRECTION('',(1.,0.));
#743 = ( GEOMETRIC_REPRESENTATION_CONTEXT(2) 
PARAMETRIC_REPRESENTATION_CONTEXT() REPRESENTATION_CONTEXT('2D SPACE',''
  ) );
#744 = PCURVE('',#745,#750);
#745 = PLANE('',#746);
#746 = AXIS2_PLACEMENT_3D('',#747,#748,#749);
#747 = CARTESIAN_POINT('',(200.,0.,30.));
#748 = DIRECTION('',(0.,0.,1.));
#749 = DIRECTION('',(1.,0.,-0.));
#750 = DEFINITIONAL_REPRESENTATION('',(#751),#755);
#751 = CIRCLE('',#752,23.687670047111);
#752 = AXIS2_PLACEMENT_2D('',#753,#754);
#753 = CARTESIAN_POINT('',(0.,0.));
#754 = DIRECTION('',(1.,0.));
#755 = ( GEOMETRIC_REPRESENTATION_CONTEXT(2) 
PARAMETRIC_REPRESENTATION_CONTEXT() REPRESENTATION_CONTEXT('2D SPACE',''
  ) );
#756 = ADVANCED_FACE('',(#757),#233,.T.);
#757 = FACE_BOUND('',#758,.T.);
#758 = EDGE_LOOP('',(#759,#782,#783));
#759 = ORIENTED_EDGE('',*,*,#760,.F.);
#760 = EDGE_CURVE('',#217,#761,#763,.T.);
#761 = VERTEX_POINT('',#762);
#762 = CARTESIAN_POINT('',(178.68767004711,-4.687670047111,30.));
#763 = SURFACE_CURVE('',#764,(#768,#775),.PCURVE_S1.);
#764 = LINE('',#765,#766);
#765 = CARTESIAN_POINT('',(20.,-4.687670047111,30.));
#766 = VECTOR('',#767,1.);
#767 = DIRECTION('',(1.,-0.,0.));
#768 = PCURVE('',#233,#769);
#769 = DEFINITIONAL_REPRESENTATION('',(#770),#774);
#770 = LINE('',#771,#772);
#771 = CARTESIAN_POINT('',(-180.,-4.687670047111));
#772 = VECTOR('',#773,1.);
#773 = DIRECTION('',(1.,0.));
#774 = ( GEOMETRIC_REPRESENTATION_CONTEXT(2) 
PARAMETRIC_REPRESENTATION_CONTEXT() REPRESENTATION_CONTEXT('2D SPACE',''
  ) );
#775 = PCURVE('',#745,#776);
#776 = DEFINITIONAL_REPRESENTATION('',(#777),#781);
#777 = LINE('',#778,#779);
#778 = CARTESIAN_POINT('',(-180.,-4.687670047111));
#779 = VECTOR('',#780,1.);
#780 = DIRECTION('',(1.,0.));
#781 = ( GEOMETRIC_REPRESENTATION_CONTEXT(2) 
PARAMETRIC_REPRESENTATION_CONTEXT() REPRESENTATION_CONTEXT('2D SPACE',''
  ) );
#782 = ORIENTED_EDGE('',*,*,#216,.T.);
#783 = ORIENTED_EDGE('',*,*,#784,.T.);
#784 = EDGE_CURVE('',#191,#761,#785,.T.);
#785 = SURFACE_CURVE('',#786,(#790,#797),.PCURVE_S1.);
#786 = LINE('',#787,#788);
#787 = CARTESIAN_POINT('',(178.68767004711,-18.,30.));
#788 = VECTOR('',#789,1.);
#789 = DIRECTION('',(-0.,1.,-0.));
#790 = PCURVE('',#233,#791);
#791 = DEFINITIONAL_REPRESENTATION('',(#792),#796);
#792 = LINE('',#793,#794);
#793 = CARTESIAN_POINT('',(-21.31232995288,-18.));
#794 = VECTOR('',#795,1.);
#795 = DIRECTION('',(0.,1.));
#796 = ( GEOMETRIC_REPRESENTATION_CONTEXT(2) 
PARAMETRIC_REPRESENTATION_CONTEXT() REPRESENTATION_CONTEXT('2D SPACE',''
  ) );
#797 = PCURVE('',#798,#803);
#798 = PLANE('',#799);
#799 = AXIS2_PLACEMENT_3D('',#800,#801,#802);
#800 = CARTESIAN_POINT('',(200.,0.,30.));
#801 = DIRECTION('',(0.,0.,1.));
#802 = DIRECTION('',(1.,0.,-0.));
#803 = DEFINITIONAL_REPRESENTATION('',(#804),#808);
#804 = LINE('',#805,#806);
#805 = CARTESIAN_POINT('',(-21.31232995288,-18.));
#806 = VECTOR('',#807,1.);
#807 = DIRECTION('',(0.,1.));
#808 = ( GEOMETRIC_REPRESENTATION_CONTEXT(2) 
PARAMETRIC_REPRESENTATION_CONTEXT() REPRESENTATION_CONTEXT('2D SPACE',''
  ) );
#809 = ADVANCED_FACE('',(#810),#205,.T.);
#810 = FACE_BOUND('',#811,.T.);
#811 = EDGE_LOOP('',(#812,#813,#814,#815));
#812 = ORIENTED_EDGE('',*,*,#190,.F.);
#813 = ORIENTED_EDGE('',*,*,#579,.F.);
#814 = ORIENTED_EDGE('',*,*,#503,.T.);
#815 = ORIENTED_EDGE('',*,*,#816,.T.);
#816 = EDGE_CURVE('',#504,#191,#817,.T.);
#817 = SURFACE_CURVE('',#818,(#823,#830),.PCURVE_S1.);
#818 = PARABOLA('',#819,1.961004211822);
#819 = AXIS2_PLACEMENT_3D('',#820,#821,#822);
#820 = CARTESIAN_POINT('',(177.5,0.,43.575130756903));
#821 = DIRECTION('',(0.996194698092,0.,8.715574274766E-02));
#822 = DIRECTION('',(8.715574274766E-02,0.,-0.996194698092));
#823 = PCURVE('',#205,#824);
#824 = DEFINITIONAL_REPRESENTATION('',(#825),#829);
#825 = B_SPLINE_CURVE_WITH_KNOTS('',2,(#826,#827,#828),.UNSPECIFIED.,.F.
  ,.F.,(3,3),(-12.60391091583,-10.33877672841),
  .PIECEWISE_BEZIER_KNOTS.);
#826 = CARTESIAN_POINT('',(-0.567913364636,-5.396089084161));
#827 = CARTESIAN_POINT('',(3.071746017353,-6.528656177873));
#828 = CARTESIAN_POINT('',(6.05729756315,-7.661223271586));
#829 = ( GEOMETRIC_REPRESENTATION_CONTEXT(2) 
PARAMETRIC_REPRESENTATION_CONTEXT() REPRESENTATION_CONTEXT('2D SPACE',''
  ) );
#830 = PCURVE('',#541,#831);
#831 = DEFINITIONAL_REPRESENTATION('',(#832),#839);
#832 = B_SPLINE_CURVE_WITH_KNOTS('',5,(#833,#834,#835,#836,#837,#838),
  .UNSPECIFIED.,.F.,.F.,(6,6),(-12.60391091583,-10.33877672841),
  .PIECEWISE_BEZIER_KNOTS.);
#833 = CARTESIAN_POINT('',(-3.687771237952,-8.4));
#834 = CARTESIAN_POINT('',(-3.669101340585,-9.850323751679));
#835 = CARTESIAN_POINT('',(-3.650309407675,-11.23548562751));
#836 = CARTESIAN_POINT('',(-3.631400622038,-12.55548562751));
#837 = CARTESIAN_POINT('',(-3.612380659355,-13.81032375167));
#838 = CARTESIAN_POINT('',(-3.593255653114,-15.));
#839 = ( GEOMETRIC_REPRESENTATION_CONTEXT(2) 
PARAMETRIC_REPRESENTATION_CONTEXT() REPRESENTATION_CONTEXT('2D SPACE',''
  ) );
#840 = ADVANCED_FACE('',(#841),#295,.T.);
#841 = FACE_BOUND('',#842,.T.);
#842 = EDGE_LOOP('',(#843,#870,#871,#892));
#843 = ORIENTED_EDGE('',*,*,#844,.F.);
#844 = EDGE_CURVE('',#274,#845,#847,.T.);
#845 = VERTEX_POINT('',#846);
#846 = CARTESIAN_POINT('',(175.73067780097,6.,15.));
#847 = SURFACE_CURVE('',#848,(#852,#859),.PCURVE_S1.);
#848 = LINE('',#849,#850);
#849 = CARTESIAN_POINT('',(20.,6.,15.));
#850 = VECTOR('',#851,1.);
#851 = DIRECTION('',(1.,-0.,0.));
#852 = PCURVE('',#295,#853);
#853 = DEFINITIONAL_REPRESENTATION('',(#854),#858);
#854 = LINE('',#855,#856);
#855 = CARTESIAN_POINT('',(0.,0.));
#856 = VECTOR('',#857,1.);
#857 = DIRECTION('',(0.,1.));
#858 = ( GEOMETRIC_REPRESENTATION_CONTEXT(2) 
PARAMETRIC_REPRESENTATION_CONTEXT() REPRESENTATION_CONTEXT('2D SPACE',''
  ) );
#859 = PCURVE('',#860,#865);
#860 = PLANE('',#861);
#861 = AXIS2_PLACEMENT_3D('',#862,#863,#864);
#862 = CARTESIAN_POINT('',(20.,4.692663858785,5.707952862382E-02));
#863 = DIRECTION('',(0.,0.996194698092,-8.715574274766E-02));
#864 = DIRECTION('',(0.,8.715574274766E-02,0.996194698092));
#865 = DEFINITIONAL_REPRESENTATION('',(#866),#869);
#866 = B_SPLINE_CURVE_WITH_KNOTS('',1,(#867,#868),.UNSPECIFIED.,.F.,.F.,
  (2,2),(0.,160.),.PIECEWISE_BEZIER_KNOTS.);
#867 = CARTESIAN_POINT('',(15.,0.));
#868 = CARTESIAN_POINT('',(15.,160.));
#869 = ( GEOMETRIC_REPRESENTATION_CONTEXT(2) 
PARAMETRIC_REPRESENTATION_CONTEXT() REPRESENTATION_CONTEXT('2D SPACE',''
  ) );
#870 = ORIENTED_EDGE('',*,*,#273,.T.);
#871 = ORIENTED_EDGE('',*,*,#872,.T.);
#872 = EDGE_CURVE('',#276,#873,#875,.T.);
#873 = VERTEX_POINT('',#874);
#874 = CARTESIAN_POINT('',(176.35515115137,5.212602028267,24.));
#875 = SURFACE_CURVE('',#876,(#880,#886),.PCURVE_S1.);
#876 = LINE('',#877,#878);
#877 = CARTESIAN_POINT('',(20.,5.212602028267,24.));
#878 = VECTOR('',#879,1.);
#879 = DIRECTION('',(1.,0.,0.));
#880 = PCURVE('',#295,#881);
#881 = DEFINITIONAL_REPRESENTATION('',(#882),#885);
#882 = B_SPLINE_CURVE_WITH_KNOTS('',1,(#883,#884),.UNSPECIFIED.,.F.,.F.,
  (2,2),(3.219204589956,156.78079541004),.PIECEWISE_BEZIER_KNOTS.);
#883 = CARTESIAN_POINT('',(9.03437853789,3.219204589956));
#884 = CARTESIAN_POINT('',(9.03437853789,156.78079541004));
#885 = ( GEOMETRIC_REPRESENTATION_CONTEXT(2) 
PARAMETRIC_REPRESENTATION_CONTEXT() REPRESENTATION_CONTEXT('2D SPACE',''
  ) );
#886 = PCURVE('',#466,#887);
#887 = DEFINITIONAL_REPRESENTATION('',(#888),#891);
#888 = B_SPLINE_CURVE_WITH_KNOTS('',1,(#889,#890),.UNSPECIFIED.,.F.,.F.,
  (2,2),(3.219204589956,156.78079541004),.PIECEWISE_BEZIER_KNOTS.);
#889 = CARTESIAN_POINT('',(3.219204589956,23.212602028267));
#890 = CARTESIAN_POINT('',(156.78079541004,23.212602028267));
#891 = ( GEOMETRIC_REPRESENTATION_CONTEXT(2) 
PARAMETRIC_REPRESENTATION_CONTEXT() REPRESENTATION_CONTEXT('2D SPACE',''
  ) );
#892 = ORIENTED_EDGE('',*,*,#893,.T.);
#893 = EDGE_CURVE('',#873,#845,#894,.T.);
#894 = SURFACE_CURVE('',#895,(#900,#907),.PCURVE_S1.);
#895 = PARABOLA('',#896,0.827979556103);
#896 = AXIS2_PLACEMENT_3D('',#897,#898,#899);
#897 = CARTESIAN_POINT('',(200.,-9.5,192.1658106928));
#898 = DIRECTION('',(0.,0.996194698092,8.715574274766E-02));
#899 = DIRECTION('',(-0.,8.715574274766E-02,-0.996194698092));
#900 = PCURVE('',#295,#901);
#901 = DEFINITIONAL_REPRESENTATION('',(#902),#906);
#902 = B_SPLINE_CURVE_WITH_KNOTS('',2,(#903,#904,#905),.UNSPECIFIED.,.F.
  ,.F.,(3,3),(23.219204589956,24.269322199023),
  .PIECEWISE_BEZIER_KNOTS.);
#903 = CARTESIAN_POINT('',(15.05729756315,156.78079541004));
#904 = CARTESIAN_POINT('',(7.695130397085,156.25573660551));
#905 = CARTESIAN_POINT('',(1.989519660128E-13,155.73067780097));
#906 = ( GEOMETRIC_REPRESENTATION_CONTEXT(2) 
PARAMETRIC_REPRESENTATION_CONTEXT() REPRESENTATION_CONTEXT('2D SPACE',''
  ) );
#907 = PCURVE('',#908,#913);
#908 = CONICAL_SURFACE('',#909,25.,8.726646259972E-02);
#909 = AXIS2_PLACEMENT_3D('',#910,#911,#912);
#910 = CARTESIAN_POINT('',(200.,0.,15.));
#911 = DIRECTION('',(-0.,-0.,-1.));
#912 = DIRECTION('',(1.,0.,-0.));
#913 = DEFINITIONAL_REPRESENTATION('',(#914),#921);
#914 = B_SPLINE_CURVE_WITH_KNOTS('',5,(#915,#916,#917,#918,#919,#920),
  .UNSPECIFIED.,.F.,.F.,(6,6),(23.219204589956,24.269322199023),
  .PIECEWISE_BEZIER_KNOTS.);
#915 = CARTESIAN_POINT('',(-2.942382731224,-15.));
#916 = CARTESIAN_POINT('',(-2.933516366512,-12.06633924108));
#917 = CARTESIAN_POINT('',(-2.924770088516,-9.099508861621));
#918 = CARTESIAN_POINT('',(-2.916141370293,-6.099508861621));
#919 = CARTESIAN_POINT('',(-2.907627743423,-3.06633924108));
#920 = CARTESIAN_POINT('',(-2.899226802551,-1.989830079499E-13));
#921 = ( GEOMETRIC_REPRESENTATION_CONTEXT(2) 
PARAMETRIC_REPRESENTATION_CONTEXT() REPRESENTATION_CONTEXT('2D SPACE',''
  ) );
#922 = ADVANCED_FACE('',(#923),#466,.F.);
#923 = FACE_BOUND('',#924,.F.);
#924 = EDGE_LOOP('',(#925,#946,#947,#948,#972,#998));
#925 = ORIENTED_EDGE('',*,*,#926,.F.);
#926 = EDGE_CURVE('',#420,#927,#929,.T.);
#927 = VERTEX_POINT('',#928);
#928 = CARTESIAN_POINT('',(20.787397971733,17.212602028267,24.));
#929 = SURFACE_CURVE('',#930,(#934,#940),.PCURVE_S1.);
#930 = LINE('',#931,#932);
#931 = CARTESIAN_POINT('',(20.787397971733,-18.,24.));
#932 = VECTOR('',#933,1.);
#933 = DIRECTION('',(-0.,1.,-0.));
#934 = PCURVE('',#466,#935);
#935 = DEFINITIONAL_REPRESENTATION('',(#936),#939);
#936 = B_SPLINE_CURVE_WITH_KNOTS('',1,(#937,#938),.UNSPECIFIED.,.F.,.F.,
  (2,2),(0.787397971733,35.212602028267),.PIECEWISE_BEZIER_KNOTS.);
#937 = CARTESIAN_POINT('',(0.787397971733,0.787397971733));
#938 = CARTESIAN_POINT('',(0.787397971733,35.212602028267));
#939 = ( GEOMETRIC_REPRESENTATION_CONTEXT(2) 
PARAMETRIC_REPRESENTATION_CONTEXT() REPRESENTATION_CONTEXT('2D SPACE',''
  ) );
#940 = PCURVE('',#439,#941);
#941 = DEFINITIONAL_REPRESENTATION('',(#942),#945);
#942 = B_SPLINE_CURVE_WITH_KNOTS('',1,(#943,#944),.UNSPECIFIED.,.F.,.F.,
  (2,2),(0.787397971733,35.212602028267),.PIECEWISE_BEZIER_KNOTS.);
#943 = CARTESIAN_POINT('',(3.437853789012E-02,-0.787397971733));
#944 = CARTESIAN_POINT('',(3.437853789012E-02,-35.21260202826));
#945 = ( GEOMETRIC_REPRESENTATION_CONTEXT(2) 
PARAMETRIC_REPRESENTATION_CONTEXT() REPRESENTATION_CONTEXT('2D SPACE',''
  ) );
#946 = ORIENTED_EDGE('',*,*,#451,.F.);
#947 = ORIENTED_EDGE('',*,*,#872,.T.);
#948 = ORIENTED_EDGE('',*,*,#949,.F.);
#949 = EDGE_CURVE('',#950,#873,#952,.T.);
#950 = VERTEX_POINT('',#951);
#951 = CARTESIAN_POINT('',(179.21260202826,12.415078837607,24.));
#952 = SURFACE_CURVE('',#953,(#958,#965),.PCURVE_S1.);
#953 = CIRCLE('',#954,24.212602028267);
#954 = AXIS2_PLACEMENT_3D('',#955,#956,#957);
#955 = CARTESIAN_POINT('',(200.,0.,24.));
#956 = DIRECTION('',(0.,0.,1.));
#957 = DIRECTION('',(1.,0.,-0.));
#958 = PCURVE('',#466,#959);
#959 = DEFINITIONAL_REPRESENTATION('',(#960),#964);
#960 = CIRCLE('',#961,24.212602028267);
#961 = AXIS2_PLACEMENT_2D('',#962,#963);
#962 = CARTESIAN_POINT('',(180.,18.));
#963 = DIRECTION('',(1.,0.));
#964 = ( GEOMETRIC_REPRESENTATION_CONTEXT(2) 
PARAMETRIC_REPRESENTATION_CONTEXT() REPRESENTATION_CONTEXT('2D SPACE',''
  ) );
#965 = PCURVE('',#908,#966);
#966 = DEFINITIONAL_REPRESENTATION('',(#967),#971);
#967 = LINE('',#968,#969);
#968 = CARTESIAN_POINT('',(-0.,-9.));
#969 = VECTOR('',#970,1.);
#970 = DIRECTION('',(-1.,-0.));
#971 = ( GEOMETRIC_REPRESENTATION_CONTEXT(2) 
PARAMETRIC_REPRESENTATION_CONTEXT() REPRESENTATION_CONTEXT('2D SPACE',''
  ) );
#972 = ORIENTED_EDGE('',*,*,#973,.T.);
#973 = EDGE_CURVE('',#950,#974,#976,.T.);
#974 = VERTEX_POINT('',#975);
#975 = CARTESIAN_POINT('',(179.21260202826,17.212602028267,24.));
#976 = SURFACE_CURVE('',#977,(#981,#987),.PCURVE_S1.);
#977 = LINE('',#978,#979);
#978 = CARTESIAN_POINT('',(179.21260202826,-18.,24.));
#979 = VECTOR('',#980,1.);
#980 = DIRECTION('',(-0.,1.,-0.));
#981 = PCURVE('',#466,#982);
#982 = DEFINITIONAL_REPRESENTATION('',(#983),#986);
#983 = B_SPLINE_CURVE_WITH_KNOTS('',1,(#984,#985),.UNSPECIFIED.,.F.,.F.,
  (2,2),(0.787397971733,35.212602028267),.PIECEWISE_BEZIER_KNOTS.);
#984 = CARTESIAN_POINT('',(159.21260202826,0.787397971733));
#985 = CARTESIAN_POINT('',(159.21260202826,35.212602028267));
#986 = ( GEOMETRIC_REPRESENTATION_CONTEXT(2) 
PARAMETRIC_REPRESENTATION_CONTEXT() REPRESENTATION_CONTEXT('2D SPACE',''
  ) );
#987 = PCURVE('',#988,#993);
#988 = PLANE('',#989);
#989 = AXIS2_PLACEMENT_3D('',#990,#991,#992);
#990 = CARTESIAN_POINT('',(179.21559831527,-18.,23.965752282826));
#991 = DIRECTION('',(0.996194698092,0.,8.715574274766E-02));
#992 = DIRECTION('',(-8.715574274766E-02,0.,0.996194698092));
#993 = DEFINITIONAL_REPRESENTATION('',(#994),#997);
#994 = B_SPLINE_CURVE_WITH_KNOTS('',1,(#995,#996),.UNSPECIFIED.,.F.,.F.,
  (2,2),(0.787397971733,35.212602028267),.PIECEWISE_BEZIER_KNOTS.);
#995 = CARTESIAN_POINT('',(3.437853789012E-02,-0.787397971733));
#996 = CARTESIAN_POINT('',(3.437853789012E-02,-35.21260202826));
#997 = ( GEOMETRIC_REPRESENTATION_CONTEXT(2) 
PARAMETRIC_REPRESENTATION_CONTEXT() REPRESENTATION_CONTEXT('2D SPACE',''
  ) );
#998 = ORIENTED_EDGE('',*,*,#999,.F.);
#999 = EDGE_CURVE('',#927,#974,#1000,.T.);
#1000 = SURFACE_CURVE('',#1001,(#1005,#1011),.PCURVE_S1.);
#1001 = LINE('',#1002,#1003);
#1002 = CARTESIAN_POINT('',(20.,17.212602028267,24.));
#1003 = VECTOR('',#1004,1.);
#1004 = DIRECTION('',(1.,0.,0.));
#1005 = PCURVE('',#466,#1006);
#1006 = DEFINITIONAL_REPRESENTATION('',(#1007),#1010);
#1007 = B_SPLINE_CURVE_WITH_KNOTS('',1,(#1008,#1009),.UNSPECIFIED.,.F.,
  .F.,(2,2),(0.787397971733,159.21260202826),.PIECEWISE_BEZIER_KNOTS.);
#1008 = CARTESIAN_POINT('',(0.787397971733,35.212602028267));
#1009 = CARTESIAN_POINT('',(159.21260202826,35.212602028267));
#1010 = ( GEOMETRIC_REPRESENTATION_CONTEXT(2) 
PARAMETRIC_REPRESENTATION_CONTEXT() REPRESENTATION_CONTEXT('2D SPACE',''
  ) );
#1011 = PCURVE('',#1012,#1017);
#1012 = PLANE('',#1013);
#1013 = AXIS2_PLACEMENT_3D('',#1014,#1015,#1016);
#1014 = CARTESIAN_POINT('',(20.,17.215598315271,23.965752282826));
#1015 = DIRECTION('',(0.,0.996194698092,8.715574274766E-02));
#1016 = DIRECTION('',(0.,-8.715574274766E-02,0.996194698092));
#1017 = DEFINITIONAL_REPRESENTATION('',(#1018),#1021);
#1018 = B_SPLINE_CURVE_WITH_KNOTS('',1,(#1019,#1020),.UNSPECIFIED.,.F.,
  .F.,(2,2),(0.787397971733,159.21260202826),.PIECEWISE_BEZIER_KNOTS.);
#1019 = CARTESIAN_POINT('',(3.437853789012E-02,0.787397971733));
#1020 = CARTESIAN_POINT('',(3.437853789012E-02,159.21260202826));
#1021 = ( GEOMETRIC_REPRESENTATION_CONTEXT(2) 
PARAMETRIC_REPRESENTATION_CONTEXT() REPRESENTATION_CONTEXT('2D SPACE',''
  ) );
#1022 = ADVANCED_FACE('',(#1023),#439,.F.);
#1023 = FACE_BOUND('',#1024,.F.);
#1024 = EDGE_LOOP('',(#1025,#1026,#1027,#1048));
#1025 = ORIENTED_EDGE('',*,*,#419,.T.);
#1026 = ORIENTED_EDGE('',*,*,#926,.T.);
#1027 = ORIENTED_EDGE('',*,*,#1028,.T.);
#1028 = EDGE_CURVE('',#927,#1029,#1031,.T.);
#1029 = VERTEX_POINT('',#1030);
#1030 = CARTESIAN_POINT('',(21.312329952889,16.687670047111,30.));
#1031 = SURFACE_CURVE('',#1032,(#1036,#1042),.PCURVE_S1.);
#1032 = LINE('',#1033,#1034);
#1033 = CARTESIAN_POINT('',(20.914187625519,17.085812374481,
    25.44921237422));
#1034 = VECTOR('',#1035,1.);
#1035 = DIRECTION('',(8.682659386425E-02,-8.682659386425E-02,
    0.992432509139));
#1036 = PCURVE('',#439,#1037);
#1037 = DEFINITIONAL_REPRESENTATION('',(#1038),#1041);
#1038 = B_SPLINE_CURVE_WITH_KNOTS('',1,(#1039,#1040),.UNSPECIFIED.,.F.,
  .F.,(2,2),(-1.460262900373,4.585488266329),.PIECEWISE_BEZIER_KNOTS.);
#1039 = CARTESIAN_POINT('',(3.437853789012E-02,-35.21260202826));
#1040 = CARTESIAN_POINT('',(6.05729756315,-34.68767004711));
#1041 = ( GEOMETRIC_REPRESENTATION_CONTEXT(2) 
PARAMETRIC_REPRESENTATION_CONTEXT() REPRESENTATION_CONTEXT('2D SPACE',''
  ) );
#1042 = PCURVE('',#1012,#1043);
#1043 = DEFINITIONAL_REPRESENTATION('',(#1044),#1047);
#1044 = B_SPLINE_CURVE_WITH_KNOTS('',1,(#1045,#1046),.UNSPECIFIED.,.F.,
  .F.,(2,2),(-1.460262900373,4.585488266329),.PIECEWISE_BEZIER_KNOTS.);
#1045 = CARTESIAN_POINT('',(3.437853789012E-02,0.787397971733));
#1046 = CARTESIAN_POINT('',(6.05729756315,1.312329952889));
#1047 = ( GEOMETRIC_REPRESENTATION_CONTEXT(2) 
PARAMETRIC_REPRESENTATION_CONTEXT() REPRESENTATION_CONTEXT('2D SPACE',''
  ) );
#1048 = ORIENTED_EDGE('',*,*,#1049,.F.);
#1049 = EDGE_CURVE('',#391,#1029,#1050,.T.);
#1050 = SURFACE_CURVE('',#1051,(#1055,#1061),.PCURVE_S1.);
#1051 = LINE('',#1052,#1053);
#1052 = CARTESIAN_POINT('',(21.312329952889,-18.,30.));
#1053 = VECTOR('',#1054,1.);
#1054 = DIRECTION('',(-0.,1.,-0.));
#1055 = PCURVE('',#439,#1056);
#1056 = DEFINITIONAL_REPRESENTATION('',(#1057),#1060);
#1057 = B_SPLINE_CURVE_WITH_KNOTS('',1,(#1058,#1059),.UNSPECIFIED.,.F.,
  .F.,(2,2),(1.312329952889,34.687670047111),.PIECEWISE_BEZIER_KNOTS.);
#1058 = CARTESIAN_POINT('',(6.05729756315,-1.312329952889));
#1059 = CARTESIAN_POINT('',(6.05729756315,-34.68767004711));
#1060 = ( GEOMETRIC_REPRESENTATION_CONTEXT(2) 
PARAMETRIC_REPRESENTATION_CONTEXT() REPRESENTATION_CONTEXT('2D SPACE',''
  ) );
#1061 = PCURVE('',#671,#1062);
#1062 = DEFINITIONAL_REPRESENTATION('',(#1063),#1066);
#1063 = B_SPLINE_CURVE_WITH_KNOTS('',1,(#1064,#1065),.UNSPECIFIED.,.F.,
  .F.,(2,2),(1.312329952889,34.687670047111),.PIECEWISE_BEZIER_KNOTS.);
#1064 = CARTESIAN_POINT('',(1.312329952889,1.312329952889));
#1065 = CARTESIAN_POINT('',(1.312329952889,34.687670047111));
#1066 = ( GEOMETRIC_REPRESENTATION_CONTEXT(2) 
PARAMETRIC_REPRESENTATION_CONTEXT() REPRESENTATION_CONTEXT('2D SPACE',''
  ) );
#1067 = ADVANCED_FACE('',(#1068,#1121),#407,.T.);
#1068 = FACE_BOUND('',#1069,.T.);
#1069 = EDGE_LOOP('',(#1070,#1093,#1119,#1120));
#1070 = ORIENTED_EDGE('',*,*,#1071,.T.);
#1071 = EDGE_CURVE('',#602,#1072,#1074,.T.);
#1072 = VERTEX_POINT('',#1073);
#1073 = CARTESIAN_POINT('',(21.312329952889,4.687670047111,30.));
#1074 = SURFACE_CURVE('',#1075,(#1079,#1086),.PCURVE_S1.);
#1075 = LINE('',#1076,#1077);
#1076 = CARTESIAN_POINT('',(21.312329952889,-6.,30.));
#1077 = VECTOR('',#1078,1.);
#1078 = DIRECTION('',(-0.,1.,-0.));
#1079 = PCURVE('',#407,#1080);
#1080 = DEFINITIONAL_REPRESENTATION('',(#1081),#1085);
#1081 = LINE('',#1082,#1083);
#1082 = CARTESIAN_POINT('',(21.312329952889,-6.));
#1083 = VECTOR('',#1084,1.);
#1084 = DIRECTION('',(0.,1.));
#1085 = ( GEOMETRIC_REPRESENTATION_CONTEXT(2) 
PARAMETRIC_REPRESENTATION_CONTEXT() REPRESENTATION_CONTEXT('2D SPACE',''
  ) );
#1086 = PCURVE('',#617,#1087);
#1087 = DEFINITIONAL_REPRESENTATION('',(#1088),#1092);
#1088 = LINE('',#1089,#1090);
#1089 = CARTESIAN_POINT('',(21.312329952889,-6.));
#1090 = VECTOR('',#1091,1.);
#1091 = DIRECTION('',(0.,1.));
#1092 = ( GEOMETRIC_REPRESENTATION_CONTEXT(2) 
PARAMETRIC_REPRESENTATION_CONTEXT() REPRESENTATION_CONTEXT('2D SPACE',''
  ) );
#1093 = ORIENTED_EDGE('',*,*,#1094,.T.);
#1094 = EDGE_CURVE('',#1072,#391,#1095,.T.);
#1095 = SURFACE_CURVE('',#1096,(#1100,#1107),.PCURVE_S1.);
#1096 = LINE('',#1097,#1098);
#1097 = CARTESIAN_POINT('',(21.312329952889,-18.,30.));
#1098 = VECTOR('',#1099,1.);
#1099 = DIRECTION('',(-0.,1.,-0.));
#1100 = PCURVE('',#407,#1101);
#1101 = DEFINITIONAL_REPRESENTATION('',(#1102),#1106);
#1102 = LINE('',#1103,#1104);
#1103 = CARTESIAN_POINT('',(21.312329952889,-18.));
#1104 = VECTOR('',#1105,1.);
#1105 = DIRECTION('',(0.,1.));
#1106 = ( GEOMETRIC_REPRESENTATION_CONTEXT(2) 
PARAMETRIC_REPRESENTATION_CONTEXT() REPRESENTATION_CONTEXT('2D SPACE',''
  ) );
#1107 = PCURVE('',#1108,#1113);
#1108 = PLANE('',#1109);
#1109 = AXIS2_PLACEMENT_3D('',#1110,#1111,#1112);
#1110 = CARTESIAN_POINT('',(0.,0.,30.));
#1111 = DIRECTION('',(0.,0.,1.));
#1112 = DIRECTION('',(1.,0.,-0.));
#1113 = DEFINITIONAL_REPRESENTATION('',(#1114),#1118);
#1114 = LINE('',#1115,#1116);
#1115 = CARTESIAN_POINT('',(21.312329952889,-18.));
#1116 = VECTOR('',#1117,1.);
#1117 = DIRECTION('',(0.,1.));
#1118 = ( GEOMETRIC_REPRESENTATION_CONTEXT(2) 
PARAMETRIC_REPRESENTATION_CONTEXT() REPRESENTATION_CONTEXT('2D SPACE',''
  ) );
#1119 = ORIENTED_EDGE('',*,*,#390,.T.);
#1120 = ORIENTED_EDGE('',*,*,#629,.T.);
#1121 = FACE_BOUND('',#1122,.T.);
#1122 = EDGE_LOOP('',(#1123));
#1123 = ORIENTED_EDGE('',*,*,#1124,.F.);
#1124 = EDGE_CURVE('',#1125,#1125,#1127,.T.);
#1125 = VERTEX_POINT('',#1126);
#1126 = CARTESIAN_POINT('',(11.,-2.694222958124E-15,30.));
#1127 = SURFACE_CURVE('',#1128,(#1133,#1140),.PCURVE_S1.);
#1128 = CIRCLE('',#1129,11.);
#1129 = AXIS2_PLACEMENT_3D('',#1130,#1131,#1132);
#1130 = CARTESIAN_POINT('',(0.,0.,30.));
#1131 = DIRECTION('',(0.,0.,1.));
#1132 = DIRECTION('',(1.,0.,-0.));
#1133 = PCURVE('',#407,#1134);
#1134 = DEFINITIONAL_REPRESENTATION('',(#1135),#1139);
#1135 = CIRCLE('',#1136,11.);
#1136 = AXIS2_PLACEMENT_2D('',#1137,#1138);
#1137 = CARTESIAN_POINT('',(0.,0.));
#1138 = DIRECTION('',(1.,0.));
#1139 = ( GEOMETRIC_REPRESENTATION_CONTEXT(2) 
PARAMETRIC_REPRESENTATION_CONTEXT() REPRESENTATION_CONTEXT('2D SPACE',''
  ) );
#1140 = PCURVE('',#1141,#1146);
#1141 = CYLINDRICAL_SURFACE('',#1142,11.);
#1142 = AXIS2_PLACEMENT_3D('',#1143,#1144,#1145);
#1143 = CARTESIAN_POINT('',(0.,0.,-1.));
#1144 = DIRECTION('',(0.,0.,1.));
#1145 = DIRECTION('',(1.,0.,-0.));
#1146 = DEFINITIONAL_REPRESENTATION('',(#1147),#1151);
#1147 = LINE('',#1148,#1149);
#1148 = CARTESIAN_POINT('',(0.,31.));
#1149 = VECTOR('',#1150,1.);
#1150 = DIRECTION('',(1.,0.));
#1151 = ( GEOMETRIC_REPRESENTATION_CONTEXT(2) 
PARAMETRIC_REPRESENTATION_CONTEXT() REPRESENTATION_CONTEXT('2D SPACE',''
  ) );
#1152 = ADVANCED_FACE('',(#1153),#355,.F.);
#1153 = FACE_BOUND('',#1154,.F.);
#1154 = EDGE_LOOP('',(#1155,#1182,#1183,#1184));
#1155 = ORIENTED_EDGE('',*,*,#1156,.F.);
#1156 = EDGE_CURVE('',#308,#1157,#1159,.T.);
#1157 = VERTEX_POINT('',#1158);
#1158 = CARTESIAN_POINT('',(175.73067780097,-6.,15.));
#1159 = SURFACE_CURVE('',#1160,(#1164,#1171),.PCURVE_S1.);
#1160 = LINE('',#1161,#1162);
#1161 = CARTESIAN_POINT('',(20.,-6.,15.));
#1162 = VECTOR('',#1163,1.);
#1163 = DIRECTION('',(1.,0.,0.));
#1164 = PCURVE('',#355,#1165);
#1165 = DEFINITIONAL_REPRESENTATION('',(#1166),#1170);
#1166 = LINE('',#1167,#1168);
#1167 = CARTESIAN_POINT('',(0.,0.));
#1168 = VECTOR('',#1169,1.);
#1169 = DIRECTION('',(0.,1.));
#1170 = ( GEOMETRIC_REPRESENTATION_CONTEXT(2) 
PARAMETRIC_REPRESENTATION_CONTEXT() REPRESENTATION_CONTEXT('2D SPACE',''
  ) );
#1171 = PCURVE('',#1172,#1177);
#1172 = PLANE('',#1173);
#1173 = AXIS2_PLACEMENT_3D('',#1174,#1175,#1176);
#1174 = CARTESIAN_POINT('',(20.,-4.692663858785,5.707952862382E-02));
#1175 = DIRECTION('',(0.,0.996194698092,8.715574274766E-02));
#1176 = DIRECTION('',(0.,-8.715574274766E-02,0.996194698092));
#1177 = DEFINITIONAL_REPRESENTATION('',(#1178),#1181);
#1178 = B_SPLINE_CURVE_WITH_KNOTS('',1,(#1179,#1180),.UNSPECIFIED.,.F.,
  .F.,(2,2),(0.,160.),.PIECEWISE_BEZIER_KNOTS.);
#1179 = CARTESIAN_POINT('',(15.,0.));
#1180 = CARTESIAN_POINT('',(15.,160.));
#1181 = ( GEOMETRIC_REPRESENTATION_CONTEXT(2) 
PARAMETRIC_REPRESENTATION_CONTEXT() REPRESENTATION_CONTEXT('2D SPACE',''
  ) );
#1182 = ORIENTED_EDGE('',*,*,#335,.T.);
#1183 = ORIENTED_EDGE('',*,*,#553,.T.);
#1184 = ORIENTED_EDGE('',*,*,#1185,.T.);
#1185 = EDGE_CURVE('',#525,#1157,#1186,.T.);
#1186 = SURFACE_CURVE('',#1187,(#1192,#1199),.PCURVE_S1.);
#1187 = PARABOLA('',#1188,0.827979556103);
#1188 = AXIS2_PLACEMENT_3D('',#1189,#1190,#1191);
#1189 = CARTESIAN_POINT('',(200.,9.5,192.1658106928));
#1190 = DIRECTION('',(0.,0.996194698092,-8.715574274766E-02));
#1191 = DIRECTION('',(0.,-8.715574274766E-02,-0.996194698092));
#1192 = PCURVE('',#355,#1193);
#1193 = DEFINITIONAL_REPRESENTATION('',(#1194),#1198);
#1194 = B_SPLINE_CURVE_WITH_KNOTS('',2,(#1195,#1196,#1197),
  .UNSPECIFIED.,.F.,.F.,(3,3),(23.219204589956,24.269322199023),
  .PIECEWISE_BEZIER_KNOTS.);
#1195 = CARTESIAN_POINT('',(15.05729756315,156.78079541004));
#1196 = CARTESIAN_POINT('',(7.695130397085,156.25573660551));
#1197 = CARTESIAN_POINT('',(1.989519660128E-13,155.73067780097));
#1198 = ( GEOMETRIC_REPRESENTATION_CONTEXT(2) 
PARAMETRIC_REPRESENTATION_CONTEXT() REPRESENTATION_CONTEXT('2D SPACE',''
  ) );
#1199 = PCURVE('',#541,#1200);
#1200 = DEFINITIONAL_REPRESENTATION('',(#1201),#1208);
#1201 = B_SPLINE_CURVE_WITH_KNOTS('',5,(#1202,#1203,#1204,#1205,#1206,
    #1207),.UNSPECIFIED.,.F.,.F.,(6,6),(23.219204589956,24.269322199023)
  ,.PIECEWISE_BEZIER_KNOTS.);
#1202 = CARTESIAN_POINT('',(-3.340802575956,-15.));
#1203 = CARTESIAN_POINT('',(-3.349668940668,-12.06633924108));
#1204 = CARTESIAN_POINT('',(-3.358415218663,-9.09950886162));
#1205 = CARTESIAN_POINT('',(-3.367043936886,-6.099508861621));
#1206 = CARTESIAN_POINT('',(-3.375557563756,-3.06633924108));
#1207 = CARTESIAN_POINT('',(-3.383958504629,-1.989830079499E-13));
#1208 = ( GEOMETRIC_REPRESENTATION_CONTEXT(2) 
PARAMETRIC_REPRESENTATION_CONTEXT() REPRESENTATION_CONTEXT('2D SPACE',''
  ) );
#1209 = ADVANCED_FACE('',(#1210),#323,.T.);
#1210 = FACE_BOUND('',#1211,.T.);
#1211 = EDGE_LOOP('',(#1212,#1213,#1240,#1269,#1301,#1330,#1362,#1391));
#1212 = ORIENTED_EDGE('',*,*,#307,.F.);
#1213 = ORIENTED_EDGE('',*,*,#1214,.F.);
#1214 = EDGE_CURVE('',#1215,#274,#1217,.T.);
#1215 = VERTEX_POINT('',#1216);
#1216 = CARTESIAN_POINT('',(23.644848848621,5.212602028267,6.));
#1217 = SURFACE_CURVE('',#1218,(#1223,#1233),.PCURVE_S1.);
#1218 = PARABOLA('',#1219,0.827979556103);
#1219 = AXIS2_PLACEMENT_3D('',#1220,#1221,#1222);
#1220 = CARTESIAN_POINT('',(0.,-9.5,-162.1658106928));
#1221 = DIRECTION('',(0.,0.996194698092,-8.715574274766E-02));
#1222 = DIRECTION('',(0.,8.715574274766E-02,0.996194698092));
#1223 = PCURVE('',#323,#1224);
#1224 = DEFINITIONAL_REPRESENTATION('',(#1225),#1232);
#1225 = B_SPLINE_CURVE_WITH_KNOTS('',5,(#1226,#1227,#1228,#1229,#1230,
    #1231),.UNSPECIFIED.,.F.,.F.,(6,6),(23.219204589956,24.269322199023)
  ,.PIECEWISE_BEZIER_KNOTS.);
#1226 = CARTESIAN_POINT('',(0.199209922366,-5.672009035937E-14));
#1227 = CARTESIAN_POINT('',(0.208076287078,2.93366075892));
#1228 = CARTESIAN_POINT('',(0.216822565074,5.90049113838));
#1229 = CARTESIAN_POINT('',(0.225451283297,8.90049113838));
#1230 = CARTESIAN_POINT('',(0.233964910166,11.93366075892));
#1231 = CARTESIAN_POINT('',(0.242365851039,15.));
#1232 = ( GEOMETRIC_REPRESENTATION_CONTEXT(2) 
PARAMETRIC_REPRESENTATION_CONTEXT() REPRESENTATION_CONTEXT('2D SPACE',''
  ) );
#1233 = PCURVE('',#860,#1234);
#1234 = DEFINITIONAL_REPRESENTATION('',(#1235),#1239);
#1235 = B_SPLINE_CURVE_WITH_KNOTS('',2,(#1236,#1237,#1238),
  .UNSPECIFIED.,.F.,.F.,(3,3),(23.219204589956,24.269322199023),
  .PIECEWISE_BEZIER_KNOTS.);
#1236 = CARTESIAN_POINT('',(-5.729756315029E-02,3.219204589956));
#1237 = CARTESIAN_POINT('',(7.304869602915,3.744263394489));
#1238 = CARTESIAN_POINT('',(15.,4.269322199023));
#1239 = ( GEOMETRIC_REPRESENTATION_CONTEXT(2) 
PARAMETRIC_REPRESENTATION_CONTEXT() REPRESENTATION_CONTEXT('2D SPACE',''
  ) );
#1240 = ORIENTED_EDGE('',*,*,#1241,.T.);
#1241 = EDGE_CURVE('',#1215,#1242,#1244,.T.);
#1242 = VERTEX_POINT('',#1243);
#1243 = CARTESIAN_POINT('',(20.787397971733,12.415078837607,6.));
#1244 = SURFACE_CURVE('',#1245,(#1250,#1257),.PCURVE_S1.);
#1245 = CIRCLE('',#1246,24.212602028267);
#1246 = AXIS2_PLACEMENT_3D('',#1247,#1248,#1249);
#1247 = CARTESIAN_POINT('',(0.,0.,6.));
#1248 = DIRECTION('',(0.,0.,1.));
#1249 = DIRECTION('',(1.,0.,-0.));
#1250 = PCURVE('',#323,#1251);
#1251 = DEFINITIONAL_REPRESENTATION('',(#1252),#1256);
#1252 = LINE('',#1253,#1254);
#1253 = CARTESIAN_POINT('',(0.,6.));
#1254 = VECTOR('',#1255,1.);
#1255 = DIRECTION('',(1.,0.));
#1256 = ( GEOMETRIC_REPRESENTATION_CONTEXT(2) 
PARAMETRIC_REPRESENTATION_CONTEXT() REPRESENTATION_CONTEXT('2D SPACE',''
  ) );
#1257 = PCURVE('',#1258,#1263);
#1258 = PLANE('',#1259);
#1259 = AXIS2_PLACEMENT_3D('',#1260,#1261,#1262);
#1260 = CARTESIAN_POINT('',(20.,-18.,6.));
#1261 = DIRECTION('',(0.,0.,1.));
#1262 = DIRECTION('',(1.,0.,-0.));
#1263 = DEFINITIONAL_REPRESENTATION('',(#1264),#1268);
#1264 = CIRCLE('',#1265,24.212602028267);
#1265 = AXIS2_PLACEMENT_2D('',#1266,#1267);
#1266 = CARTESIAN_POINT('',(-20.,18.));
#1267 = DIRECTION('',(1.,0.));
#1268 = ( GEOMETRIC_REPRESENTATION_CONTEXT(2) 
PARAMETRIC_REPRESENTATION_CONTEXT() REPRESENTATION_CONTEXT('2D SPACE',''
  ) );
#1269 = ORIENTED_EDGE('',*,*,#1270,.T.);
#1270 = EDGE_CURVE('',#1242,#1271,#1273,.T.);
#1271 = VERTEX_POINT('',#1272);
#1272 = CARTESIAN_POINT('',(21.312329952889,10.338776728414,0.));
#1273 = SURFACE_CURVE('',#1274,(#1279,#1289),.PCURVE_S1.);
#1274 = PARABOLA('',#1275,1.961004211822);
#1275 = AXIS2_PLACEMENT_3D('',#1276,#1277,#1278);
#1276 = CARTESIAN_POINT('',(22.5,0.,-13.5751307569));
#1277 = DIRECTION('',(0.996194698092,0.,8.715574274766E-02));
#1278 = DIRECTION('',(-8.715574274766E-02,0.,0.996194698092));
#1279 = PCURVE('',#323,#1280);
#1280 = DEFINITIONAL_REPRESENTATION('',(#1281),#1288);
#1281 = B_SPLINE_CURVE_WITH_KNOTS('',5,(#1282,#1283,#1284,#1285,#1286,
    #1287),.UNSPECIFIED.,.F.,.F.,(6,6),(-12.60391091583,-10.33877672841)
  ,.PIECEWISE_BEZIER_KNOTS.);
#1282 = CARTESIAN_POINT('',(0.546178584363,6.6));
#1283 = CARTESIAN_POINT('',(0.527508686995,5.149676248321));
#1284 = CARTESIAN_POINT('',(0.508716754085,3.764514372481));
#1285 = CARTESIAN_POINT('',(0.489807968449,2.444514372481));
#1286 = CARTESIAN_POINT('',(0.470788005765,1.189676248321));
#1287 = CARTESIAN_POINT('',(0.451662999524,3.318594372805E-14));
#1288 = ( GEOMETRIC_REPRESENTATION_CONTEXT(2) 
PARAMETRIC_REPRESENTATION_CONTEXT() REPRESENTATION_CONTEXT('2D SPACE',''
  ) );
#1289 = PCURVE('',#1290,#1295);
#1290 = PLANE('',#1291);
#1291 = AXIS2_PLACEMENT_3D('',#1292,#1293,#1294);
#1292 = CARTESIAN_POINT('',(21.307336141215,-18.,5.707952862382E-02));
#1293 = DIRECTION('',(0.996194698092,0.,8.715574274766E-02));
#1294 = DIRECTION('',(-8.715574274766E-02,0.,0.996194698092));
#1295 = DEFINITIONAL_REPRESENTATION('',(#1296),#1300);
#1296 = B_SPLINE_CURVE_WITH_KNOTS('',2,(#1297,#1298,#1299),
  .UNSPECIFIED.,.F.,.F.,(3,3),(-12.60391091583,-10.33877672841),
  .PIECEWISE_BEZIER_KNOTS.);
#1297 = CARTESIAN_POINT('',(6.567913364636,-30.60391091583));
#1298 = CARTESIAN_POINT('',(2.928253982647,-29.47134382212));
#1299 = CARTESIAN_POINT('',(-5.729756315018E-02,-28.33877672841));
#1300 = ( GEOMETRIC_REPRESENTATION_CONTEXT(2) 
PARAMETRIC_REPRESENTATION_CONTEXT() REPRESENTATION_CONTEXT('2D SPACE',''
  ) );
#1301 = ORIENTED_EDGE('',*,*,#1302,.T.);
#1302 = EDGE_CURVE('',#1271,#1303,#1305,.T.);
#1303 = VERTEX_POINT('',#1304);
#1304 = CARTESIAN_POINT('',(21.312329952889,-10.33877672841,0.));
#1305 = SURFACE_CURVE('',#1306,(#1311,#1318),.PCURVE_S1.);
#1306 = CIRCLE('',#1307,23.687670047111);
#1307 = AXIS2_PLACEMENT_3D('',#1308,#1309,#1310);
#1308 = CARTESIAN_POINT('',(0.,0.,0.));
#1309 = DIRECTION('',(0.,0.,1.));
#1310 = DIRECTION('',(1.,0.,-0.));
#1311 = PCURVE('',#323,#1312);
#1312 = DEFINITIONAL_REPRESENTATION('',(#1313),#1317);
#1313 = LINE('',#1314,#1315);
#1314 = CARTESIAN_POINT('',(0.,0.));
#1315 = VECTOR('',#1316,1.);
#1316 = DIRECTION('',(1.,0.));
#1317 = ( GEOMETRIC_REPRESENTATION_CONTEXT(2) 
PARAMETRIC_REPRESENTATION_CONTEXT() REPRESENTATION_CONTEXT('2D SPACE',''
  ) );
#1318 = PCURVE('',#1319,#1324);
#1319 = PLANE('',#1320);
#1320 = AXIS2_PLACEMENT_3D('',#1321,#1322,#1323);
#1321 = CARTESIAN_POINT('',(0.,0.,0.));
#1322 = DIRECTION('',(0.,0.,1.));
#1323 = DIRECTION('',(1.,0.,-0.));
#1324 = DEFINITIONAL_REPRESENTATION('',(#1325),#1329);
#1325 = CIRCLE('',#1326,23.687670047111);
#1326 = AXIS2_PLACEMENT_2D('',#1327,#1328);
#1327 = CARTESIAN_POINT('',(0.,0.));
#1328 = DIRECTION('',(1.,0.));
#1329 = ( GEOMETRIC_REPRESENTATION_CONTEXT(2) 
PARAMETRIC_REPRESENTATION_CONTEXT() REPRESENTATION_CONTEXT('2D SPACE',''
  ) );
#1330 = ORIENTED_EDGE('',*,*,#1331,.T.);
#1331 = EDGE_CURVE('',#1303,#1332,#1334,.T.);
#1332 = VERTEX_POINT('',#1333);
#1333 = CARTESIAN_POINT('',(20.787397971733,-12.4150788376,6.));
#1334 = SURFACE_CURVE('',#1335,(#1340,#1350),.PCURVE_S1.);
#1335 = PARABOLA('',#1336,1.961004211822);
#1336 = AXIS2_PLACEMENT_3D('',#1337,#1338,#1339);
#1337 = CARTESIAN_POINT('',(22.5,0.,-13.5751307569));
#1338 = DIRECTION('',(0.996194698092,0.,8.715574274766E-02));
#1339 = DIRECTION('',(-8.715574274766E-02,0.,0.996194698092));
#1340 = PCURVE('',#323,#1341);
#1341 = DEFINITIONAL_REPRESENTATION('',(#1342),#1349);
#1342 = B_SPLINE_CURVE_WITH_KNOTS('',5,(#1343,#1344,#1345,#1346,#1347,
    #1348),.UNSPECIFIED.,.F.,.F.,(6,6),(10.338776728414,12.603910915839)
  ,.PIECEWISE_BEZIER_KNOTS.);
#1343 = CARTESIAN_POINT('',(5.831522307655,3.816607284044E-14));
#1344 = CARTESIAN_POINT('',(5.812397301414,1.189676248321));
#1345 = CARTESIAN_POINT('',(5.793377338731,2.444514372481));
#1346 = CARTESIAN_POINT('',(5.774468553095,3.764514372481));
#1347 = CARTESIAN_POINT('',(5.755676620184,5.149676248321));
#1348 = CARTESIAN_POINT('',(5.737006722817,6.6));
#1349 = ( GEOMETRIC_REPRESENTATION_CONTEXT(2) 
PARAMETRIC_REPRESENTATION_CONTEXT() REPRESENTATION_CONTEXT('2D SPACE',''
  ) );
#1350 = PCURVE('',#1351,#1356);
#1351 = PLANE('',#1352);
#1352 = AXIS2_PLACEMENT_3D('',#1353,#1354,#1355);
#1353 = CARTESIAN_POINT('',(21.307336141215,-18.,5.707952862382E-02));
#1354 = DIRECTION('',(0.996194698092,0.,8.715574274766E-02));
#1355 = DIRECTION('',(-8.715574274766E-02,0.,0.996194698092));
#1356 = DEFINITIONAL_REPRESENTATION('',(#1357),#1361);
#1357 = B_SPLINE_CURVE_WITH_KNOTS('',2,(#1358,#1359,#1360),
  .UNSPECIFIED.,.F.,.F.,(3,3),(10.338776728414,12.603910915839),
  .PIECEWISE_BEZIER_KNOTS.);
#1358 = CARTESIAN_POINT('',(-5.729756315017E-02,-7.661223271586));
#1359 = CARTESIAN_POINT('',(2.928253982647,-6.528656177873));
#1360 = CARTESIAN_POINT('',(6.567913364636,-5.396089084161));
#1361 = ( GEOMETRIC_REPRESENTATION_CONTEXT(2) 
PARAMETRIC_REPRESENTATION_CONTEXT() REPRESENTATION_CONTEXT('2D SPACE',''
  ) );
#1362 = ORIENTED_EDGE('',*,*,#1363,.T.);
#1363 = EDGE_CURVE('',#1332,#1364,#1366,.T.);
#1364 = VERTEX_POINT('',#1365);
#1365 = CARTESIAN_POINT('',(23.644848848621,-5.212602028267,6.));
#1366 = SURFACE_CURVE('',#1367,(#1372,#1379),.PCURVE_S1.);
#1367 = CIRCLE('',#1368,24.212602028267);
#1368 = AXIS2_PLACEMENT_3D('',#1369,#1370,#1371);
#1369 = CARTESIAN_POINT('',(0.,0.,6.));
#1370 = DIRECTION('',(0.,0.,1.));
#1371 = DIRECTION('',(1.,0.,-0.));
#1372 = PCURVE('',#323,#1373);
#1373 = DEFINITIONAL_REPRESENTATION('',(#1374),#1378);
#1374 = LINE('',#1375,#1376);
#1375 = CARTESIAN_POINT('',(0.,6.));
#1376 = VECTOR('',#1377,1.);
#1377 = DIRECTION('',(1.,0.));
#1378 = ( GEOMETRIC_REPRESENTATION_CONTEXT(2) 
PARAMETRIC_REPRESENTATION_CONTEXT() REPRESENTATION_CONTEXT('2D SPACE',''
  ) );
#1379 = PCURVE('',#1380,#1385);
#1380 = PLANE('',#1381);
#1381 = AXIS2_PLACEMENT_3D('',#1382,#1383,#1384);
#1382 = CARTESIAN_POINT('',(20.,-18.,6.));
#1383 = DIRECTION('',(0.,0.,1.));
#1384 = DIRECTION('',(1.,0.,-0.));
#1385 = DEFINITIONAL_REPRESENTATION('',(#1386),#1390);
#1386 = CIRCLE('',#1387,24.212602028267);
#1387 = AXIS2_PLACEMENT_2D('',#1388,#1389);
#1388 = CARTESIAN_POINT('',(-20.,18.));
#1389 = DIRECTION('',(1.,0.));
#1390 = ( GEOMETRIC_REPRESENTATION_CONTEXT(2) 
PARAMETRIC_REPRESENTATION_CONTEXT() REPRESENTATION_CONTEXT('2D SPACE',''
  ) );
#1391 = ORIENTED_EDGE('',*,*,#1392,.T.);
#1392 = EDGE_CURVE('',#1364,#308,#1393,.T.);
#1393 = SURFACE_CURVE('',#1394,(#1399,#1409),.PCURVE_S1.);
#1394 = PARABOLA('',#1395,0.827979556103);
#1395 = AXIS2_PLACEMENT_3D('',#1396,#1397,#1398);
#1396 = CARTESIAN_POINT('',(0.,9.5,-162.1658106928));
#1397 = DIRECTION('',(0.,0.996194698092,8.715574274766E-02));
#1398 = DIRECTION('',(0.,-8.715574274766E-02,0.996194698092));
#1399 = PCURVE('',#323,#1400);
#1400 = DEFINITIONAL_REPRESENTATION('',(#1401),#1408);
#1401 = B_SPLINE_CURVE_WITH_KNOTS('',5,(#1402,#1403,#1404,#1405,#1406,
    #1407),.UNSPECIFIED.,.F.,.F.,(6,6),(23.219204589956,24.269322199023)
  ,.PIECEWISE_BEZIER_KNOTS.);
#1402 = CARTESIAN_POINT('',(6.083975384814,-5.672009035937E-14));
#1403 = CARTESIAN_POINT('',(6.075109020102,2.93366075892));
#1404 = CARTESIAN_POINT('',(6.066362742106,5.90049113838));
#1405 = CARTESIAN_POINT('',(6.057734023883,8.900491138379));
#1406 = CARTESIAN_POINT('',(6.049220397013,11.93366075892));
#1407 = CARTESIAN_POINT('',(6.040819456141,15.));
#1408 = ( GEOMETRIC_REPRESENTATION_CONTEXT(2) 
PARAMETRIC_REPRESENTATION_CONTEXT() REPRESENTATION_CONTEXT('2D SPACE',''
  ) );
#1409 = PCURVE('',#1172,#1410);
#1410 = DEFINITIONAL_REPRESENTATION('',(#1411),#1415);
#1411 = B_SPLINE_CURVE_WITH_KNOTS('',2,(#1412,#1413,#1414),
  .UNSPECIFIED.,.F.,.F.,(3,3),(23.219204589956,24.269322199023),
  .PIECEWISE_BEZIER_KNOTS.);
#1412 = CARTESIAN_POINT('',(-5.729756315029E-02,3.219204589956));
#1413 = CARTESIAN_POINT('',(7.304869602915,3.744263394489));
#1414 = CARTESIAN_POINT('',(15.,4.269322199023));
#1415 = ( GEOMETRIC_REPRESENTATION_CONTEXT(2) 
PARAMETRIC_REPRESENTATION_CONTEXT() REPRESENTATION_CONTEXT('2D SPACE',''
  ) );
#1416 = ADVANCED_FACE('',(#1417),#541,.T.);
#1417 = FACE_BOUND('',#1418,.T.);
#1418 = EDGE_LOOP('',(#1419,#1420,#1448,#1471,#1493,#1494));
#1419 = ORIENTED_EDGE('',*,*,#1185,.T.);
#1420 = ORIENTED_EDGE('',*,*,#1421,.T.);
#1421 = EDGE_CURVE('',#1157,#1422,#1424,.T.);
#1422 = VERTEX_POINT('',#1423);
#1423 = CARTESIAN_POINT('',(225.,-6.123233995737E-15,15.));
#1424 = SURFACE_CURVE('',#1425,(#1430,#1436),.PCURVE_S1.);
#1425 = CIRCLE('',#1426,25.);
#1426 = AXIS2_PLACEMENT_3D('',#1427,#1428,#1429);
#1427 = CARTESIAN_POINT('',(200.,0.,15.));
#1428 = DIRECTION('',(0.,0.,1.));
#1429 = DIRECTION('',(1.,0.,-0.));
#1430 = PCURVE('',#541,#1431);
#1431 = DEFINITIONAL_REPRESENTATION('',(#1432),#1435);
#1432 = B_SPLINE_CURVE_WITH_KNOTS('',1,(#1433,#1434),.UNSPECIFIED.,.F.,
  .F.,(2,2),(0.,6.28318530718),.PIECEWISE_BEZIER_KNOTS.);
#1433 = CARTESIAN_POINT('',(0.,0.));
#1434 = CARTESIAN_POINT('',(-6.28318530718,0.));
#1435 = ( GEOMETRIC_REPRESENTATION_CONTEXT(2) 
PARAMETRIC_REPRESENTATION_CONTEXT() REPRESENTATION_CONTEXT('2D SPACE',''
  ) );
#1436 = PCURVE('',#1437,#1442);
#1437 = CONICAL_SURFACE('',#1438,23.687670047111,8.726646259972E-02);
#1438 = AXIS2_PLACEMENT_3D('',#1439,#1440,#1441);
#1439 = CARTESIAN_POINT('',(200.,0.,0.));
#1440 = DIRECTION('',(0.,0.,1.));
#1441 = DIRECTION('',(1.,0.,-0.));
#1442 = DEFINITIONAL_REPRESENTATION('',(#1443),#1447);
#1443 = LINE('',#1444,#1445);
#1444 = CARTESIAN_POINT('',(0.,15.));
#1445 = VECTOR('',#1446,1.);
#1446 = DIRECTION('',(1.,0.));
#1447 = ( GEOMETRIC_REPRESENTATION_CONTEXT(2) 
PARAMETRIC_REPRESENTATION_CONTEXT() REPRESENTATION_CONTEXT('2D SPACE',''
  ) );
#1448 = ORIENTED_EDGE('',*,*,#1449,.T.);
#1449 = EDGE_CURVE('',#1422,#1450,#1452,.T.);
#1450 = VERTEX_POINT('',#1451);
#1451 = CARTESIAN_POINT('',(223.68767004711,-5.801805860491E-15,30.));
#1452 = SURFACE_CURVE('',#1453,(#1457,#1464),.PCURVE_S1.);
#1453 = LINE('',#1454,#1455);
#1454 = CARTESIAN_POINT('',(225.,-6.123233995737E-15,15.));
#1455 = VECTOR('',#1456,1.);
#1456 = DIRECTION('',(-8.715574274766E-02,2.134700027665E-17,
    0.996194698092));
#1457 = PCURVE('',#541,#1458);
#1458 = DEFINITIONAL_REPRESENTATION('',(#1459),#1463);
#1459 = LINE('',#1460,#1461);
#1460 = CARTESIAN_POINT('',(-6.28318530718,0.));
#1461 = VECTOR('',#1462,1.);
#1462 = DIRECTION('',(-0.,-1.));
#1463 = ( GEOMETRIC_REPRESENTATION_CONTEXT(2) 
PARAMETRIC_REPRESENTATION_CONTEXT() REPRESENTATION_CONTEXT('2D SPACE',''
  ) );
#1464 = PCURVE('',#908,#1465);
#1465 = DEFINITIONAL_REPRESENTATION('',(#1466),#1470);
#1466 = LINE('',#1467,#1468);
#1467 = CARTESIAN_POINT('',(0.,-0.));
#1468 = VECTOR('',#1469,1.);
#1469 = DIRECTION('',(-0.,-1.));
#1470 = ( GEOMETRIC_REPRESENTATION_CONTEXT(2) 
PARAMETRIC_REPRESENTATION_CONTEXT() REPRESENTATION_CONTEXT('2D SPACE',''
  ) );
#1471 = ORIENTED_EDGE('',*,*,#1472,.F.);
#1472 = EDGE_CURVE('',#191,#1450,#1473,.T.);
#1473 = SURFACE_CURVE('',#1474,(#1479,#1486),.PCURVE_S1.);
#1474 = CIRCLE('',#1475,23.687670047111);
#1475 = AXIS2_PLACEMENT_3D('',#1476,#1477,#1478);
#1476 = CARTESIAN_POINT('',(200.,0.,30.));
#1477 = DIRECTION('',(0.,0.,1.));
#1478 = DIRECTION('',(1.,0.,-0.));
#1479 = PCURVE('',#541,#1480);
#1480 = DEFINITIONAL_REPRESENTATION('',(#1481),#1485);
#1481 = LINE('',#1482,#1483);
#1482 = CARTESIAN_POINT('',(-0.,-15.));
#1483 = VECTOR('',#1484,1.);
#1484 = DIRECTION('',(-1.,-0.));
#1485 = ( GEOMETRIC_REPRESENTATION_CONTEXT(2) 
PARAMETRIC_REPRESENTATION_CONTEXT() REPRESENTATION_CONTEXT('2D SPACE',''
  ) );
#1486 = PCURVE('',#798,#1487);
#1487 = DEFINITIONAL_REPRESENTATION('',(#1488),#1492);
#1488 = CIRCLE('',#1489,23.687670047111);
#1489 = AXIS2_PLACEMENT_2D('',#1490,#1491);
#1490 = CARTESIAN_POINT('',(0.,0.));
#1491 = DIRECTION('',(1.,0.));
#1492 = ( GEOMETRIC_REPRESENTATION_CONTEXT(2) 
PARAMETRIC_REPRESENTATION_CONTEXT() REPRESENTATION_CONTEXT('2D SPACE',''
  ) );
#1493 = ORIENTED_EDGE('',*,*,#816,.F.);
#1494 = ORIENTED_EDGE('',*,*,#524,.F.);
#1495 = ADVANCED_FACE('',(#1496),#617,.T.);
#1496 = FACE_BOUND('',#1497,.T.);
#1497 = EDGE_LOOP('',(#1498,#1499,#1500,#1521,#1522));
#1498 = ORIENTED_EDGE('',*,*,#707,.T.);
#1499 = ORIENTED_EDGE('',*,*,#683,.T.);
#1500 = ORIENTED_EDGE('',*,*,#1501,.F.);
#1501 = EDGE_CURVE('',#1072,#655,#1502,.T.);
#1502 = SURFACE_CURVE('',#1503,(#1507,#1514),.PCURVE_S1.);
#1503 = LINE('',#1504,#1505);
#1504 = CARTESIAN_POINT('',(20.,4.687670047111,30.));
#1505 = VECTOR('',#1506,1.);
#1506 = DIRECTION('',(1.,0.,0.));
#1507 = PCURVE('',#617,#1508);
#1508 = DEFINITIONAL_REPRESENTATION('',(#1509),#1513);
#1509 = LINE('',#1510,#1511);
#1510 = CARTESIAN_POINT('',(20.,4.687670047111));
#1511 = VECTOR('',#1512,1.);
#1512 = DIRECTION('',(1.,0.));
#1513 = ( GEOMETRIC_REPRESENTATION_CONTEXT(2) 
PARAMETRIC_REPRESENTATION_CONTEXT() REPRESENTATION_CONTEXT('2D SPACE',''
  ) );
#1514 = PCURVE('',#1108,#1515);
#1515 = DEFINITIONAL_REPRESENTATION('',(#1516),#1520);
#1516 = LINE('',#1517,#1518);
#1517 = CARTESIAN_POINT('',(20.,4.687670047111));
#1518 = VECTOR('',#1519,1.);
#1519 = DIRECTION('',(1.,0.));
#1520 = ( GEOMETRIC_REPRESENTATION_CONTEXT(2) 
PARAMETRIC_REPRESENTATION_CONTEXT() REPRESENTATION_CONTEXT('2D SPACE',''
  ) );
#1521 = ORIENTED_EDGE('',*,*,#1071,.F.);
#1522 = ORIENTED_EDGE('',*,*,#601,.T.);
#1523 = ADVANCED_FACE('',(#1524),#671,.T.);
#1524 = FACE_BOUND('',#1525,.T.);
#1525 = EDGE_LOOP('',(#1526,#1527,#1549,#1550,#1579,#1600));
#1526 = ORIENTED_EDGE('',*,*,#1049,.F.);
#1527 = ORIENTED_EDGE('',*,*,#1528,.F.);
#1528 = EDGE_CURVE('',#655,#391,#1529,.T.);
#1529 = SURFACE_CURVE('',#1530,(#1535,#1542),.PCURVE_S1.);
#1530 = CIRCLE('',#1531,23.687670047111);
#1531 = AXIS2_PLACEMENT_3D('',#1532,#1533,#1534);
#1532 = CARTESIAN_POINT('',(0.,0.,30.));
#1533 = DIRECTION('',(0.,0.,1.));
#1534 = DIRECTION('',(1.,0.,-0.));
#1535 = PCURVE('',#671,#1536);
#1536 = DEFINITIONAL_REPRESENTATION('',(#1537),#1541);
#1537 = CIRCLE('',#1538,23.687670047111);
#1538 = AXIS2_PLACEMENT_2D('',#1539,#1540);
#1539 = CARTESIAN_POINT('',(-20.,18.));
#1540 = DIRECTION('',(1.,0.));
#1541 = ( GEOMETRIC_REPRESENTATION_CONTEXT(2) 
PARAMETRIC_REPRESENTATION_CONTEXT() REPRESENTATION_CONTEXT('2D SPACE',''
  ) );
#1542 = PCURVE('',#1108,#1543);
#1543 = DEFINITIONAL_REPRESENTATION('',(#1544),#1548);
#1544 = CIRCLE('',#1545,23.687670047111);
#1545 = AXIS2_PLACEMENT_2D('',#1546,#1547);
#1546 = CARTESIAN_POINT('',(0.,0.));
#1547 = DIRECTION('',(1.,0.));
#1548 = ( GEOMETRIC_REPRESENTATION_CONTEXT(2) 
PARAMETRIC_REPRESENTATION_CONTEXT() REPRESENTATION_CONTEXT('2D SPACE',''
  ) );
#1549 = ORIENTED_EDGE('',*,*,#654,.T.);
#1550 = ORIENTED_EDGE('',*,*,#1551,.F.);
#1551 = EDGE_CURVE('',#1552,#657,#1554,.T.);
#1552 = VERTEX_POINT('',#1553);
#1553 = CARTESIAN_POINT('',(178.68767004711,10.338776728414,30.));
#1554 = SURFACE_CURVE('',#1555,(#1560,#1567),.PCURVE_S1.);
#1555 = CIRCLE('',#1556,23.687670047111);
#1556 = AXIS2_PLACEMENT_3D('',#1557,#1558,#1559);
#1557 = CARTESIAN_POINT('',(200.,0.,30.));
#1558 = DIRECTION('',(0.,0.,1.));
#1559 = DIRECTION('',(1.,0.,-0.));
#1560 = PCURVE('',#671,#1561);
#1561 = DEFINITIONAL_REPRESENTATION('',(#1562),#1566);
#1562 = CIRCLE('',#1563,23.687670047111);
#1563 = AXIS2_PLACEMENT_2D('',#1564,#1565);
#1564 = CARTESIAN_POINT('',(180.,18.));
#1565 = DIRECTION('',(1.,0.));
#1566 = ( GEOMETRIC_REPRESENTATION_CONTEXT(2) 
PARAMETRIC_REPRESENTATION_CONTEXT() REPRESENTATION_CONTEXT('2D SPACE',''
  ) );
#1567 = PCURVE('',#1568,#1573);
#1568 = PLANE('',#1569);
#1569 = AXIS2_PLACEMENT_3D('',#1570,#1571,#1572);
#1570 = CARTESIAN_POINT('',(200.,0.,30.));
#1571 = DIRECTION('',(0.,0.,1.));
#1572 = DIRECTION('',(1.,0.,-0.));
#1573 = DEFINITIONAL_REPRESENTATION('',(#1574),#1578);
#1574 = CIRCLE('',#1575,23.687670047111);
#1575 = AXIS2_PLACEMENT_2D('',#1576,#1577);
#1576 = CARTESIAN_POINT('',(0.,0.));
#1577 = DIRECTION('',(1.,0.));
#1578 = ( GEOMETRIC_REPRESENTATION_CONTEXT(2) 
PARAMETRIC_REPRESENTATION_CONTEXT() REPRESENTATION_CONTEXT('2D SPACE',''
  ) );
#1579 = ORIENTED_EDGE('',*,*,#1580,.T.);
#1580 = EDGE_CURVE('',#1552,#1581,#1583,.T.);
#1581 = VERTEX_POINT('',#1582);
#1582 = CARTESIAN_POINT('',(178.68767004711,16.687670047111,30.));
#1583 = SURFACE_CURVE('',#1584,(#1588,#1594),.PCURVE_S1.);
#1584 = LINE('',#1585,#1586);
#1585 = CARTESIAN_POINT('',(178.68767004711,-18.,30.));
#1586 = VECTOR('',#1587,1.);
#1587 = DIRECTION('',(-0.,1.,-0.));
#1588 = PCURVE('',#671,#1589);
#1589 = DEFINITIONAL_REPRESENTATION('',(#1590),#1593);
#1590 = B_SPLINE_CURVE_WITH_KNOTS('',1,(#1591,#1592),.UNSPECIFIED.,.F.,
  .F.,(2,2),(1.312329952889,34.687670047111),.PIECEWISE_BEZIER_KNOTS.);
#1591 = CARTESIAN_POINT('',(158.68767004711,1.312329952889));
#1592 = CARTESIAN_POINT('',(158.68767004711,34.687670047111));
#1593 = ( GEOMETRIC_REPRESENTATION_CONTEXT(2) 
PARAMETRIC_REPRESENTATION_CONTEXT() REPRESENTATION_CONTEXT('2D SPACE',''
  ) );
#1594 = PCURVE('',#988,#1595);
#1595 = DEFINITIONAL_REPRESENTATION('',(#1596),#1599);
#1596 = B_SPLINE_CURVE_WITH_KNOTS('',1,(#1597,#1598),.UNSPECIFIED.,.F.,
  .F.,(2,2),(1.312329952889,34.687670047111),.PIECEWISE_BEZIER_KNOTS.);
#1597 = CARTESIAN_POINT('',(6.05729756315,-1.312329952889));
#1598 = CARTESIAN_POINT('',(6.05729756315,-34.68767004711));
#1599 = ( GEOMETRIC_REPRESENTATION_CONTEXT(2) 
PARAMETRIC_REPRESENTATION_CONTEXT() REPRESENTATION_CONTEXT('2D SPACE',''
  ) );
#1600 = ORIENTED_EDGE('',*,*,#1601,.F.);
#1601 = EDGE_CURVE('',#1029,#1581,#1602,.T.);
#1602 = SURFACE_CURVE('',#1603,(#1607,#1613),.PCURVE_S1.);
#1603 = LINE('',#1604,#1605);
#1604 = CARTESIAN_POINT('',(20.,16.687670047111,30.));
#1605 = VECTOR('',#1606,1.);
#1606 = DIRECTION('',(1.,0.,0.));
#1607 = PCURVE('',#671,#1608);
#1608 = DEFINITIONAL_REPRESENTATION('',(#1609),#1612);
#1609 = B_SPLINE_CURVE_WITH_KNOTS('',1,(#1610,#1611),.UNSPECIFIED.,.F.,
  .F.,(2,2),(1.312329952889,158.68767004711),.PIECEWISE_BEZIER_KNOTS.);
#1610 = CARTESIAN_POINT('',(1.312329952889,34.687670047111));
#1611 = CARTESIAN_POINT('',(158.68767004711,34.687670047111));
#1612 = ( GEOMETRIC_REPRESENTATION_CONTEXT(2) 
PARAMETRIC_REPRESENTATION_CONTEXT() REPRESENTATION_CONTEXT('2D SPACE',''
  ) );
#1613 = PCURVE('',#1012,#1614);
#1614 = DEFINITIONAL_REPRESENTATION('',(#1615),#1618);
#1615 = B_SPLINE_CURVE_WITH_KNOTS('',1,(#1616,#1617),.UNSPECIFIED.,.F.,
  .F.,(2,2),(1.312329952889,158.68767004711),.PIECEWISE_BEZIER_KNOTS.);
#1616 = CARTESIAN_POINT('',(6.05729756315,1.312329952889));
#1617 = CARTESIAN_POINT('',(6.05729756315,158.68767004711));
#1618 = ( GEOMETRIC_REPRESENTATION_CONTEXT(2) 
PARAMETRIC_REPRESENTATION_CONTEXT() REPRESENTATION_CONTEXT('2D SPACE',''
  ) );
#1619 = ADVANCED_FACE('',(#1620),#745,.T.);
#1620 = FACE_BOUND('',#1621,.T.);
#1621 = EDGE_LOOP('',(#1622,#1645,#1646,#1647));
#1622 = ORIENTED_EDGE('',*,*,#1623,.F.);
#1623 = EDGE_CURVE('',#657,#1624,#1626,.T.);
#1624 = VERTEX_POINT('',#1625);
#1625 = CARTESIAN_POINT('',(178.68767004711,4.687670047111,30.));
#1626 = SURFACE_CURVE('',#1627,(#1631,#1638),.PCURVE_S1.);
#1627 = LINE('',#1628,#1629);
#1628 = CARTESIAN_POINT('',(20.,4.687670047111,30.));
#1629 = VECTOR('',#1630,1.);
#1630 = DIRECTION('',(1.,0.,0.));
#1631 = PCURVE('',#745,#1632);
#1632 = DEFINITIONAL_REPRESENTATION('',(#1633),#1637);
#1633 = LINE('',#1634,#1635);
#1634 = CARTESIAN_POINT('',(-180.,4.687670047111));
#1635 = VECTOR('',#1636,1.);
#1636 = DIRECTION('',(1.,0.));
#1637 = ( GEOMETRIC_REPRESENTATION_CONTEXT(2) 
PARAMETRIC_REPRESENTATION_CONTEXT() REPRESENTATION_CONTEXT('2D SPACE',''
  ) );
#1638 = PCURVE('',#1568,#1639);
#1639 = DEFINITIONAL_REPRESENTATION('',(#1640),#1644);
#1640 = LINE('',#1641,#1642);
#1641 = CARTESIAN_POINT('',(-180.,4.687670047111));
#1642 = VECTOR('',#1643,1.);
#1643 = DIRECTION('',(1.,0.));
#1644 = ( GEOMETRIC_REPRESENTATION_CONTEXT(2) 
PARAMETRIC_REPRESENTATION_CONTEXT() REPRESENTATION_CONTEXT('2D SPACE',''
  ) );
#1645 = ORIENTED_EDGE('',*,*,#730,.T.);
#1646 = ORIENTED_EDGE('',*,*,#760,.T.);
#1647 = ORIENTED_EDGE('',*,*,#1648,.T.);
#1648 = EDGE_CURVE('',#761,#1624,#1649,.T.);
#1649 = SURFACE_CURVE('',#1650,(#1654,#1661),.PCURVE_S1.);
#1650 = LINE('',#1651,#1652);
#1651 = CARTESIAN_POINT('',(178.68767004711,-6.,30.));
#1652 = VECTOR('',#1653,1.);
#1653 = DIRECTION('',(-0.,1.,-0.));
#1654 = PCURVE('',#745,#1655);
#1655 = DEFINITIONAL_REPRESENTATION('',(#1656),#1660);
#1656 = LINE('',#1657,#1658);
#1657 = CARTESIAN_POINT('',(-21.31232995288,-6.));
#1658 = VECTOR('',#1659,1.);
#1659 = DIRECTION('',(0.,1.));
#1660 = ( GEOMETRIC_REPRESENTATION_CONTEXT(2) 
PARAMETRIC_REPRESENTATION_CONTEXT() REPRESENTATION_CONTEXT('2D SPACE',''
  ) );
#1661 = PCURVE('',#798,#1662);
#1662 = DEFINITIONAL_REPRESENTATION('',(#1663),#1667);
#1663 = LINE('',#1664,#1665);
#1664 = CARTESIAN_POINT('',(-21.31232995288,-6.));
#1665 = VECTOR('',#1666,1.);
#1666 = DIRECTION('',(0.,1.));
#1667 = ( GEOMETRIC_REPRESENTATION_CONTEXT(2) 
PARAMETRIC_REPRESENTATION_CONTEXT() REPRESENTATION_CONTEXT('2D SPACE',''
  ) );
#1668 = ADVANCED_FACE('',(#1669,#1717),#798,.T.);
#1669 = FACE_BOUND('',#1670,.T.);
#1670 = EDGE_LOOP('',(#1671,#1672,#1673,#1695,#1716));
#1671 = ORIENTED_EDGE('',*,*,#784,.F.);
#1672 = ORIENTED_EDGE('',*,*,#1472,.T.);
#1673 = ORIENTED_EDGE('',*,*,#1674,.T.);
#1674 = EDGE_CURVE('',#1450,#1552,#1675,.T.);
#1675 = SURFACE_CURVE('',#1676,(#1681,#1688),.PCURVE_S1.);
#1676 = CIRCLE('',#1677,23.687670047111);
#1677 = AXIS2_PLACEMENT_3D('',#1678,#1679,#1680);
#1678 = CARTESIAN_POINT('',(200.,0.,30.));
#1679 = DIRECTION('',(0.,0.,1.));
#1680 = DIRECTION('',(1.,0.,-0.));
#1681 = PCURVE('',#798,#1682);
#1682 = DEFINITIONAL_REPRESENTATION('',(#1683),#1687);
#1683 = CIRCLE('',#1684,23.687670047111);
#1684 = AXIS2_PLACEMENT_2D('',#1685,#1686);
#1685 = CARTESIAN_POINT('',(0.,0.));
#1686 = DIRECTION('',(1.,0.));
#1687 = ( GEOMETRIC_REPRESENTATION_CONTEXT(2) 
PARAMETRIC_REPRESENTATION_CONTEXT() REPRESENTATION_CONTEXT('2D SPACE',''
  ) );
#1688 = PCURVE('',#908,#1689);
#1689 = DEFINITIONAL_REPRESENTATION('',(#1690),#1694);
#1690 = LINE('',#1691,#1692);
#1691 = CARTESIAN_POINT('',(-0.,-15.));
#1692 = VECTOR('',#1693,1.);
#1693 = DIRECTION('',(-1.,-0.));
#1694 = ( GEOMETRIC_REPRESENTATION_CONTEXT(2) 
PARAMETRIC_REPRESENTATION_CONTEXT() REPRESENTATION_CONTEXT('2D SPACE',''
  ) );
#1695 = ORIENTED_EDGE('',*,*,#1696,.F.);
#1696 = EDGE_CURVE('',#1624,#1552,#1697,.T.);
#1697 = SURFACE_CURVE('',#1698,(#1702,#1709),.PCURVE_S1.);
#1698 = LINE('',#1699,#1700);
#1699 = CARTESIAN_POINT('',(178.68767004711,-18.,30.));
#1700 = VECTOR('',#1701,1.);
#1701 = DIRECTION('',(-0.,1.,-0.));
#1702 = PCURVE('',#798,#1703);
#1703 = DEFINITIONAL_REPRESENTATION('',(#1704),#1708);
#1704 = LINE('',#1705,#1706);
#1705 = CARTESIAN_POINT('',(-21.31232995288,-18.));
#1706 = VECTOR('',#1707,1.);
#1707 = DIRECTION('',(0.,1.));
#1708 = ( GEOMETRIC_REPRESENTATION_CONTEXT(2) 
PARAMETRIC_REPRESENTATION_CONTEXT() REPRESENTATION_CONTEXT('2D SPACE',''
  ) );
#1709 = PCURVE('',#1568,#1710);
#1710 = DEFINITIONAL_REPRESENTATION('',(#1711),#1715);
#1711 = LINE('',#1712,#1713);
#1712 = CARTESIAN_POINT('',(-21.31232995288,-18.));
#1713 = VECTOR('',#1714,1.);
#1714 = DIRECTION('',(0.,1.));
#1715 = ( GEOMETRIC_REPRESENTATION_CONTEXT(2) 
PARAMETRIC_REPRESENTATION_CONTEXT() REPRESENTATION_CONTEXT('2D SPACE',''
  ) );
#1716 = ORIENTED_EDGE('',*,*,#1648,.F.);
#1717 = FACE_BOUND('',#1718,.T.);
#1718 = EDGE_LOOP('',(#1719));
#1719 = ORIENTED_EDGE('',*,*,#1720,.F.);
#1720 = EDGE_CURVE('',#1721,#1721,#1723,.T.);
#1721 = VERTEX_POINT('',#1722);
#1722 = CARTESIAN_POINT('',(211.,-2.694222958124E-15,30.));
#1723 = SURFACE_CURVE('',#1724,(#1729,#1736),.PCURVE_S1.);
#1724 = CIRCLE('',#1725,11.);
#1725 = AXIS2_PLACEMENT_3D('',#1726,#1727,#1728);
#1726 = CARTESIAN_POINT('',(200.,0.,30.));
#1727 = DIRECTION('',(0.,0.,1.));
#1728 = DIRECTION('',(1.,0.,-0.));
#1729 = PCURVE('',#798,#1730);
#1730 = DEFINITIONAL_REPRESENTATION('',(#1731),#1735);
#1731 = CIRCLE('',#1732,11.);
#1732 = AXIS2_PLACEMENT_2D('',#1733,#1734);
#1733 = CARTESIAN_POINT('',(0.,0.));
#1734 = DIRECTION('',(1.,0.));
#1735 = ( GEOMETRIC_REPRESENTATION_CONTEXT(2) 
PARAMETRIC_REPRESENTATION_CONTEXT() REPRESENTATION_CONTEXT('2D SPACE',''
  ) );
#1736 = PCURVE('',#1737,#1742);
#1737 = CYLINDRICAL_SURFACE('',#1738,11.);
#1738 = AXIS2_PLACEMENT_3D('',#1739,#1740,#1741);
#1739 = CARTESIAN_POINT('',(200.,0.,-1.));
#1740 = DIRECTION('',(0.,0.,1.));
#1741 = DIRECTION('',(1.,0.,-0.));
#1742 = DEFINITIONAL_REPRESENTATION('',(#1743),#1747);
#1743 = LINE('',#1744,#1745);
#1744 = CARTESIAN_POINT('',(0.,31.));
#1745 = VECTOR('',#1746,1.);
#1746 = DIRECTION('',(1.,0.));
#1747 = ( GEOMETRIC_REPRESENTATION_CONTEXT(2) 
PARAMETRIC_REPRESENTATION_CONTEXT() REPRESENTATION_CONTEXT('2D SPACE',''
  ) );
#1748 = ADVANCED_FACE('',(#1749),#860,.T.);
#1749 = FACE_BOUND('',#1750,.T.);
#1750 = EDGE_LOOP('',(#1751,#1772,#1773,#1774));
#1751 = ORIENTED_EDGE('',*,*,#1752,.F.);
#1752 = EDGE_CURVE('',#1215,#1753,#1755,.T.);
#1753 = VERTEX_POINT('',#1754);
#1754 = CARTESIAN_POINT('',(176.35515115137,5.212602028267,6.));
#1755 = SURFACE_CURVE('',#1756,(#1760,#1766),.PCURVE_S1.);
#1756 = LINE('',#1757,#1758);
#1757 = CARTESIAN_POINT('',(20.,5.212602028267,6.));
#1758 = VECTOR('',#1759,1.);
#1759 = DIRECTION('',(1.,-0.,0.));
#1760 = PCURVE('',#860,#1761);
#1761 = DEFINITIONAL_REPRESENTATION('',(#1762),#1765);
#1762 = B_SPLINE_CURVE_WITH_KNOTS('',1,(#1763,#1764),.UNSPECIFIED.,.F.,
  .F.,(2,2),(3.219204589956,156.78079541004),.PIECEWISE_BEZIER_KNOTS.);
#1763 = CARTESIAN_POINT('',(5.96562146211,3.219204589956));
#1764 = CARTESIAN_POINT('',(5.96562146211,156.78079541004));
#1765 = ( GEOMETRIC_REPRESENTATION_CONTEXT(2) 
PARAMETRIC_REPRESENTATION_CONTEXT() REPRESENTATION_CONTEXT('2D SPACE',''
  ) );
#1766 = PCURVE('',#1258,#1767);
#1767 = DEFINITIONAL_REPRESENTATION('',(#1768),#1771);
#1768 = B_SPLINE_CURVE_WITH_KNOTS('',1,(#1769,#1770),.UNSPECIFIED.,.F.,
  .F.,(2,2),(3.219204589956,156.78079541004),.PIECEWISE_BEZIER_KNOTS.);
#1769 = CARTESIAN_POINT('',(3.219204589956,23.212602028267));
#1770 = CARTESIAN_POINT('',(156.78079541004,23.212602028267));
#1771 = ( GEOMETRIC_REPRESENTATION_CONTEXT(2) 
PARAMETRIC_REPRESENTATION_CONTEXT() REPRESENTATION_CONTEXT('2D SPACE',''
  ) );
#1772 = ORIENTED_EDGE('',*,*,#1214,.T.);
#1773 = ORIENTED_EDGE('',*,*,#844,.T.);
#1774 = ORIENTED_EDGE('',*,*,#1775,.T.);
#1775 = EDGE_CURVE('',#845,#1753,#1776,.T.);
#1776 = SURFACE_CURVE('',#1777,(#1782,#1789),.PCURVE_S1.);
#1777 = PARABOLA('',#1778,0.827979556103);
#1778 = AXIS2_PLACEMENT_3D('',#1779,#1780,#1781);
#1779 = CARTESIAN_POINT('',(200.,-9.5,-162.1658106928));
#1780 = DIRECTION('',(0.,0.996194698092,-8.715574274766E-02));
#1781 = DIRECTION('',(0.,8.715574274766E-02,0.996194698092));
#1782 = PCURVE('',#860,#1783);
#1783 = DEFINITIONAL_REPRESENTATION('',(#1784),#1788);
#1784 = B_SPLINE_CURVE_WITH_KNOTS('',2,(#1785,#1786,#1787),
  .UNSPECIFIED.,.F.,.F.,(3,3),(-24.26932219902,-23.21920458995),
  .PIECEWISE_BEZIER_KNOTS.);
#1785 = CARTESIAN_POINT('',(15.,155.73067780097));
#1786 = CARTESIAN_POINT('',(7.304869602915,156.25573660551));
#1787 = CARTESIAN_POINT('',(-5.729756315017E-02,156.78079541004));
#1788 = ( GEOMETRIC_REPRESENTATION_CONTEXT(2) 
PARAMETRIC_REPRESENTATION_CONTEXT() REPRESENTATION_CONTEXT('2D SPACE',''
  ) );
#1789 = PCURVE('',#1790,#1795);
#1790 = CONICAL_SURFACE('',#1791,23.687670047111,8.726646259972E-02);
#1791 = AXIS2_PLACEMENT_3D('',#1792,#1793,#1794);
#1792 = CARTESIAN_POINT('',(200.,0.,0.));
#1793 = DIRECTION('',(0.,0.,1.));
#1794 = DIRECTION('',(1.,0.,-0.));
#1795 = DEFINITIONAL_REPRESENTATION('',(#1796),#1803);
#1796 = B_SPLINE_CURVE_WITH_KNOTS('',5,(#1797,#1798,#1799,#1800,#1801,
    #1802),.UNSPECIFIED.,.F.,.F.,(6,6),(-24.26932219902,-23.21920458995)
  ,.PIECEWISE_BEZIER_KNOTS.);
#1797 = CARTESIAN_POINT('',(2.899226802551,15.));
#1798 = CARTESIAN_POINT('',(2.907627743423,11.93366075892));
#1799 = CARTESIAN_POINT('',(2.916141370293,8.900491138379));
#1800 = CARTESIAN_POINT('',(2.924770088516,5.90049113838));
#1801 = CARTESIAN_POINT('',(2.933516366512,2.93366075892));
#1802 = CARTESIAN_POINT('',(2.942382731224,5.672009035937E-14));
#1803 = ( GEOMETRIC_REPRESENTATION_CONTEXT(2) 
PARAMETRIC_REPRESENTATION_CONTEXT() REPRESENTATION_CONTEXT('2D SPACE',''
  ) );
#1804 = ADVANCED_FACE('',(#1805),#908,.T.);
#1805 = FACE_BOUND('',#1806,.T.);
#1806 = EDGE_LOOP('',(#1807,#1808,#1829,#1830,#1831,#1856));
#1807 = ORIENTED_EDGE('',*,*,#1449,.F.);
#1808 = ORIENTED_EDGE('',*,*,#1809,.T.);
#1809 = EDGE_CURVE('',#1422,#845,#1810,.T.);
#1810 = SURFACE_CURVE('',#1811,(#1816,#1822),.PCURVE_S1.);
#1811 = CIRCLE('',#1812,25.);
#1812 = AXIS2_PLACEMENT_3D('',#1813,#1814,#1815);
#1813 = CARTESIAN_POINT('',(200.,0.,15.));
#1814 = DIRECTION('',(0.,0.,1.));
#1815 = DIRECTION('',(1.,0.,-0.));
#1816 = PCURVE('',#908,#1817);
#1817 = DEFINITIONAL_REPRESENTATION('',(#1818),#1821);
#1818 = B_SPLINE_CURVE_WITH_KNOTS('',1,(#1819,#1820),.UNSPECIFIED.,.F.,
  .F.,(2,2),(0.,6.28318530718),.PIECEWISE_BEZIER_KNOTS.);
#1819 = CARTESIAN_POINT('',(0.,0.));
#1820 = CARTESIAN_POINT('',(-6.28318530718,0.));
#1821 = ( GEOMETRIC_REPRESENTATION_CONTEXT(2) 
PARAMETRIC_REPRESENTATION_CONTEXT() REPRESENTATION_CONTEXT('2D SPACE',''
  ) );
#1822 = PCURVE('',#1790,#1823);
#1823 = DEFINITIONAL_REPRESENTATION('',(#1824),#1828);
#1824 = LINE('',#1825,#1826);
#1825 = CARTESIAN_POINT('',(0.,15.));
#1826 = VECTOR('',#1827,1.);
#1827 = DIRECTION('',(1.,0.));
#1828 = ( GEOMETRIC_REPRESENTATION_CONTEXT(2) 
PARAMETRIC_REPRESENTATION_CONTEXT() REPRESENTATION_CONTEXT('2D SPACE',''
  ) );
#1829 = ORIENTED_EDGE('',*,*,#893,.F.);
#1830 = ORIENTED_EDGE('',*,*,#949,.F.);
#1831 = ORIENTED_EDGE('',*,*,#1832,.F.);
#1832 = EDGE_CURVE('',#1552,#950,#1833,.T.);
#1833 = SURFACE_CURVE('',#1834,(#1839,#1849),.PCURVE_S1.);
#1834 = PARABOLA('',#1835,1.961004211822);
#1835 = AXIS2_PLACEMENT_3D('',#1836,#1837,#1838);
#1836 = CARTESIAN_POINT('',(177.5,0.,43.575130756903));
#1837 = DIRECTION('',(0.996194698092,0.,8.715574274766E-02));
#1838 = DIRECTION('',(8.715574274766E-02,0.,-0.996194698092));
#1839 = PCURVE('',#908,#1840);
#1840 = DEFINITIONAL_REPRESENTATION('',(#1841),#1848);
#1841 = B_SPLINE_CURVE_WITH_KNOTS('',5,(#1842,#1843,#1844,#1845,#1846,
    #1847),.UNSPECIFIED.,.F.,.F.,(6,6),(10.338776728414,12.603910915839)
  ,.PIECEWISE_BEZIER_KNOTS.);
#1842 = CARTESIAN_POINT('',(-2.689929654066,-15.));
#1843 = CARTESIAN_POINT('',(-2.670804647825,-13.81032375167));
#1844 = CARTESIAN_POINT('',(-2.651784685141,-12.55548562751));
#1845 = CARTESIAN_POINT('',(-2.632875899505,-11.23548562751));
#1846 = CARTESIAN_POINT('',(-2.614083966595,-9.850323751679));
#1847 = CARTESIAN_POINT('',(-2.595414069227,-8.4));
#1848 = ( GEOMETRIC_REPRESENTATION_CONTEXT(2) 
PARAMETRIC_REPRESENTATION_CONTEXT() REPRESENTATION_CONTEXT('2D SPACE',''
  ) );
#1849 = PCURVE('',#988,#1850);
#1850 = DEFINITIONAL_REPRESENTATION('',(#1851),#1855);
#1851 = B_SPLINE_CURVE_WITH_KNOTS('',2,(#1852,#1853,#1854),
  .UNSPECIFIED.,.F.,.F.,(3,3),(10.338776728414,12.603910915839),
  .PIECEWISE_BEZIER_KNOTS.);
#1852 = CARTESIAN_POINT('',(6.05729756315,-28.33877672841));
#1853 = CARTESIAN_POINT('',(3.071746017353,-29.47134382212));
#1854 = CARTESIAN_POINT('',(-0.567913364636,-30.60391091583));
#1855 = ( GEOMETRIC_REPRESENTATION_CONTEXT(2) 
PARAMETRIC_REPRESENTATION_CONTEXT() REPRESENTATION_CONTEXT('2D SPACE',''
  ) );
#1856 = ORIENTED_EDGE('',*,*,#1674,.F.);
#1857 = ADVANCED_FACE('',(#1858),#1012,.T.);
#1858 = FACE_BOUND('',#1859,.T.);
#1859 = EDGE_LOOP('',(#1860,#1861,#1862,#1863));
#1860 = ORIENTED_EDGE('',*,*,#999,.F.);
#1861 = ORIENTED_EDGE('',*,*,#1028,.T.);
#1862 = ORIENTED_EDGE('',*,*,#1601,.T.);
#1863 = ORIENTED_EDGE('',*,*,#1864,.F.);
#1864 = EDGE_CURVE('',#974,#1581,#1865,.T.);
#1865 = SURFACE_CURVE('',#1866,(#1870,#1876),.PCURVE_S1.);
#1866 = LINE('',#1867,#1868);
#1867 = CARTESIAN_POINT('',(178.48270378231,16.482703782316,
    32.342775126914));
#1868 = VECTOR('',#1869,1.);
#1869 = DIRECTION('',(-8.682659386425E-02,-8.682659386425E-02,
    0.992432509139));
#1870 = PCURVE('',#1012,#1871);
#1871 = DEFINITIONAL_REPRESENTATION('',(#1872),#1875);
#1872 = B_SPLINE_CURVE_WITH_KNOTS('',1,(#1873,#1874),.UNSPECIFIED.,.F.,
  .F.,(2,2),(-8.406390409513,-2.360639242811),.PIECEWISE_BEZIER_KNOTS.);
#1873 = CARTESIAN_POINT('',(3.437853789013E-02,159.21260202826));
#1874 = CARTESIAN_POINT('',(6.05729756315,158.68767004711));
#1875 = ( GEOMETRIC_REPRESENTATION_CONTEXT(2) 
PARAMETRIC_REPRESENTATION_CONTEXT() REPRESENTATION_CONTEXT('2D SPACE',''
  ) );
#1876 = PCURVE('',#988,#1877);
#1877 = DEFINITIONAL_REPRESENTATION('',(#1878),#1881);
#1878 = B_SPLINE_CURVE_WITH_KNOTS('',1,(#1879,#1880),.UNSPECIFIED.,.F.,
  .F.,(2,2),(-8.406390409513,-2.360639242811),.PIECEWISE_BEZIER_KNOTS.);
#1879 = CARTESIAN_POINT('',(3.437853789012E-02,-35.21260202826));
#1880 = CARTESIAN_POINT('',(6.05729756315,-34.68767004711));
#1881 = ( GEOMETRIC_REPRESENTATION_CONTEXT(2) 
PARAMETRIC_REPRESENTATION_CONTEXT() REPRESENTATION_CONTEXT('2D SPACE',''
  ) );
#1882 = ADVANCED_FACE('',(#1883),#988,.T.);
#1883 = FACE_BOUND('',#1884,.T.);
#1884 = EDGE_LOOP('',(#1885,#1886,#1887,#1888));
#1885 = ORIENTED_EDGE('',*,*,#1832,.T.);
#1886 = ORIENTED_EDGE('',*,*,#973,.T.);
#1887 = ORIENTED_EDGE('',*,*,#1864,.T.);
#1888 = ORIENTED_EDGE('',*,*,#1580,.F.);
#1889 = ADVANCED_FACE('',(#1890),#1108,.T.);
#1890 = FACE_BOUND('',#1891,.T.);
#1891 = EDGE_LOOP('',(#1892,#1893,#1894));
#1892 = ORIENTED_EDGE('',*,*,#1094,.F.);
#1893 = ORIENTED_EDGE('',*,*,#1501,.T.);
#1894 = ORIENTED_EDGE('',*,*,#1528,.T.);
#1895 = ADVANCED_FACE('',(#1896),#1141,.F.);
#1896 = FACE_BOUND('',#1897,.F.);
#1897 = EDGE_LOOP('',(#1898,#1899,#1922,#1944));
#1898 = ORIENTED_EDGE('',*,*,#1124,.F.);
#1899 = ORIENTED_EDGE('',*,*,#1900,.F.);
#1900 = EDGE_CURVE('',#1901,#1125,#1903,.T.);
#1901 = VERTEX_POINT('',#1902);
#1902 = CARTESIAN_POINT('',(11.,-2.694222958124E-15,0.));
#1903 = SEAM_CURVE('',#1904,(#1908,#1915),.PCURVE_S1.);
#1904 = LINE('',#1905,#1906);
#1905 = CARTESIAN_POINT('',(11.,-2.694222958124E-15,-1.));
#1906 = VECTOR('',#1907,1.);
#1907 = DIRECTION('',(0.,0.,1.));
#1908 = PCURVE('',#1141,#1909);
#1909 = DEFINITIONAL_REPRESENTATION('',(#1910),#1914);
#1910 = LINE('',#1911,#1912);
#1911 = CARTESIAN_POINT('',(6.28318530718,-0.));
#1912 = VECTOR('',#1913,1.);
#1913 = DIRECTION('',(0.,1.));
#1914 = ( GEOMETRIC_REPRESENTATION_CONTEXT(2) 
PARAMETRIC_REPRESENTATION_CONTEXT() REPRESENTATION_CONTEXT('2D SPACE',''
  ) );
#1915 = PCURVE('',#1141,#1916);
#1916 = DEFINITIONAL_REPRESENTATION('',(#1917),#1921);
#1917 = LINE('',#1918,#1919);
#1918 = CARTESIAN_POINT('',(0.,-0.));
#1919 = VECTOR('',#1920,1.);
#1920 = DIRECTION('',(0.,1.));
#1921 = ( GEOMETRIC_REPRESENTATION_CONTEXT(2) 
PARAMETRIC_REPRESENTATION_CONTEXT() REPRESENTATION_CONTEXT('2D SPACE',''
  ) );
#1922 = ORIENTED_EDGE('',*,*,#1923,.T.);
#1923 = EDGE_CURVE('',#1901,#1901,#1924,.T.);
#1924 = SURFACE_CURVE('',#1925,(#1930,#1937),.PCURVE_S1.);
#1925 = CIRCLE('',#1926,11.);
#1926 = AXIS2_PLACEMENT_3D('',#1927,#1928,#1929);
#1927 = CARTESIAN_POINT('',(0.,0.,0.));
#1928 = DIRECTION('',(0.,0.,1.));
#1929 = DIRECTION('',(1.,0.,-0.));
#1930 = PCURVE('',#1141,#1931);
#1931 = DEFINITIONAL_REPRESENTATION('',(#1932),#1936);
#1932 = LINE('',#1933,#1934);
#1933 = CARTESIAN_POINT('',(0.,1.));
#1934 = VECTOR('',#1935,1.);
#1935 = DIRECTION('',(1.,0.));
#1936 = ( GEOMETRIC_REPRESENTATION_CONTEXT(2) 
PARAMETRIC_REPRESENTATION_CONTEXT() REPRESENTATION_CONTEXT('2D SPACE',''
  ) );
#1937 = PCURVE('',#1319,#1938);
#1938 = DEFINITIONAL_REPRESENTATION('',(#1939),#1943);
#1939 = CIRCLE('',#1940,11.);
#1940 = AXIS2_PLACEMENT_2D('',#1941,#1942);
#1941 = CARTESIAN_POINT('',(0.,0.));
#1942 = DIRECTION('',(1.,0.));
#1943 = ( GEOMETRIC_REPRESENTATION_CONTEXT(2) 
PARAMETRIC_REPRESENTATION_CONTEXT() REPRESENTATION_CONTEXT('2D SPACE',''
  ) );
#1944 = ORIENTED_EDGE('',*,*,#1900,.T.);
#1945 = ADVANCED_FACE('',(#1946),#1172,.F.);
#1946 = FACE_BOUND('',#1947,.F.);
#1947 = EDGE_LOOP('',(#1948,#1969,#1970,#1971));
#1948 = ORIENTED_EDGE('',*,*,#1949,.F.);
#1949 = EDGE_CURVE('',#1364,#1950,#1952,.T.);
#1950 = VERTEX_POINT('',#1951);
#1951 = CARTESIAN_POINT('',(176.35515115137,-5.212602028267,6.));
#1952 = SURFACE_CURVE('',#1953,(#1957,#1963),.PCURVE_S1.);
#1953 = LINE('',#1954,#1955);
#1954 = CARTESIAN_POINT('',(20.,-5.212602028267,6.));
#1955 = VECTOR('',#1956,1.);
#1956 = DIRECTION('',(1.,0.,0.));
#1957 = PCURVE('',#1172,#1958);
#1958 = DEFINITIONAL_REPRESENTATION('',(#1959),#1962);
#1959 = B_SPLINE_CURVE_WITH_KNOTS('',1,(#1960,#1961),.UNSPECIFIED.,.F.,
  .F.,(2,2),(3.219204589956,156.78079541004),.PIECEWISE_BEZIER_KNOTS.);
#1960 = CARTESIAN_POINT('',(5.96562146211,3.219204589956));
#1961 = CARTESIAN_POINT('',(5.96562146211,156.78079541004));
#1962 = ( GEOMETRIC_REPRESENTATION_CONTEXT(2) 
PARAMETRIC_REPRESENTATION_CONTEXT() REPRESENTATION_CONTEXT('2D SPACE',''
  ) );
#1963 = PCURVE('',#1380,#1964);
#1964 = DEFINITIONAL_REPRESENTATION('',(#1965),#1968);
#1965 = B_SPLINE_CURVE_WITH_KNOTS('',1,(#1966,#1967),.UNSPECIFIED.,.F.,
  .F.,(2,2),(3.219204589956,156.78079541004),.PIECEWISE_BEZIER_KNOTS.);
#1966 = CARTESIAN_POINT('',(3.219204589956,12.787397971733));
#1967 = CARTESIAN_POINT('',(156.78079541004,12.787397971733));
#1968 = ( GEOMETRIC_REPRESENTATION_CONTEXT(2) 
PARAMETRIC_REPRESENTATION_CONTEXT() REPRESENTATION_CONTEXT('2D SPACE',''
  ) );
#1969 = ORIENTED_EDGE('',*,*,#1392,.T.);
#1970 = ORIENTED_EDGE('',*,*,#1156,.T.);
#1971 = ORIENTED_EDGE('',*,*,#1972,.T.);
#1972 = EDGE_CURVE('',#1157,#1950,#1973,.T.);
#1973 = SURFACE_CURVE('',#1974,(#1979,#1986),.PCURVE_S1.);
#1974 = PARABOLA('',#1975,0.827979556103);
#1975 = AXIS2_PLACEMENT_3D('',#1976,#1977,#1978);
#1976 = CARTESIAN_POINT('',(200.,9.5,-162.1658106928));
#1977 = DIRECTION('',(0.,0.996194698092,8.715574274766E-02));
#1978 = DIRECTION('',(0.,-8.715574274766E-02,0.996194698092));
#1979 = PCURVE('',#1172,#1980);
#1980 = DEFINITIONAL_REPRESENTATION('',(#1981),#1985);
#1981 = B_SPLINE_CURVE_WITH_KNOTS('',2,(#1982,#1983,#1984),
  .UNSPECIFIED.,.F.,.F.,(3,3),(-24.26932219902,-23.21920458995),
  .PIECEWISE_BEZIER_KNOTS.);
#1982 = CARTESIAN_POINT('',(15.,155.73067780097));
#1983 = CARTESIAN_POINT('',(7.304869602915,156.25573660551));
#1984 = CARTESIAN_POINT('',(-5.729756315017E-02,156.78079541004));
#1985 = ( GEOMETRIC_REPRESENTATION_CONTEXT(2) 
PARAMETRIC_REPRESENTATION_CONTEXT() REPRESENTATION_CONTEXT('2D SPACE',''
  ) );
#1986 = PCURVE('',#1437,#1987);
#1987 = DEFINITIONAL_REPRESENTATION('',(#1988),#1995);
#1988 = B_SPLINE_CURVE_WITH_KNOTS('',5,(#1989,#1990,#1991,#1992,#1993,
    #1994),.UNSPECIFIED.,.F.,.F.,(6,6),(-24.26932219902,-23.21920458995)
  ,.PIECEWISE_BEZIER_KNOTS.);
#1989 = CARTESIAN_POINT('',(3.383958504629,15.));
#1990 = CARTESIAN_POINT('',(3.375557563756,11.93366075892));
#1991 = CARTESIAN_POINT('',(3.367043936886,8.900491138379));
#1992 = CARTESIAN_POINT('',(3.358415218663,5.90049113838));
#1993 = CARTESIAN_POINT('',(3.349668940668,2.93366075892));
#1994 = CARTESIAN_POINT('',(3.340802575956,5.702855148742E-14));
#1995 = ( GEOMETRIC_REPRESENTATION_CONTEXT(2) 
PARAMETRIC_REPRESENTATION_CONTEXT() REPRESENTATION_CONTEXT('2D SPACE',''
  ) );
#1996 = ADVANCED_FACE('',(#1997),#1380,.T.);
#1997 = FACE_BOUND('',#1998,.T.);
#1998 = EDGE_LOOP('',(#1999,#2020,#2046,#2072,#2094,#2095));
#1999 = ORIENTED_EDGE('',*,*,#2000,.F.);
#2000 = EDGE_CURVE('',#2001,#1332,#2003,.T.);
#2001 = VERTEX_POINT('',#2002);
#2002 = CARTESIAN_POINT('',(20.787397971733,-17.21260202826,6.));
#2003 = SURFACE_CURVE('',#2004,(#2008,#2014),.PCURVE_S1.);
#2004 = LINE('',#2005,#2006);
#2005 = CARTESIAN_POINT('',(20.787397971733,-18.,6.));
#2006 = VECTOR('',#2007,1.);
#2007 = DIRECTION('',(-0.,1.,-0.));
#2008 = PCURVE('',#1380,#2009);
#2009 = DEFINITIONAL_REPRESENTATION('',(#2010),#2013);
#2010 = B_SPLINE_CURVE_WITH_KNOTS('',1,(#2011,#2012),.UNSPECIFIED.,.F.,
  .F.,(2,2),(0.787397971733,35.212602028267),.PIECEWISE_BEZIER_KNOTS.);
#2011 = CARTESIAN_POINT('',(0.787397971733,0.787397971733));
#2012 = CARTESIAN_POINT('',(0.787397971733,35.212602028267));
#2013 = ( GEOMETRIC_REPRESENTATION_CONTEXT(2) 
PARAMETRIC_REPRESENTATION_CONTEXT() REPRESENTATION_CONTEXT('2D SPACE',''
  ) );
#2014 = PCURVE('',#1351,#2015);
#2015 = DEFINITIONAL_REPRESENTATION('',(#2016),#2019);
#2016 = B_SPLINE_CURVE_WITH_KNOTS('',1,(#2017,#2018),.UNSPECIFIED.,.F.,
  .F.,(2,2),(0.787397971733,35.212602028267),.PIECEWISE_BEZIER_KNOTS.);
#2017 = CARTESIAN_POINT('',(5.96562146211,-0.787397971733));
#2018 = CARTESIAN_POINT('',(5.96562146211,-35.21260202826));
#2019 = ( GEOMETRIC_REPRESENTATION_CONTEXT(2) 
PARAMETRIC_REPRESENTATION_CONTEXT() REPRESENTATION_CONTEXT('2D SPACE',''
  ) );
#2020 = ORIENTED_EDGE('',*,*,#2021,.T.);
#2021 = EDGE_CURVE('',#2001,#2022,#2024,.T.);
#2022 = VERTEX_POINT('',#2023);
#2023 = CARTESIAN_POINT('',(179.21260202826,-17.21260202826,6.));
#2024 = SURFACE_CURVE('',#2025,(#2029,#2035),.PCURVE_S1.);
#2025 = LINE('',#2026,#2027);
#2026 = CARTESIAN_POINT('',(20.,-17.21260202826,6.));
#2027 = VECTOR('',#2028,1.);
#2028 = DIRECTION('',(1.,0.,0.));
#2029 = PCURVE('',#1380,#2030);
#2030 = DEFINITIONAL_REPRESENTATION('',(#2031),#2034);
#2031 = B_SPLINE_CURVE_WITH_KNOTS('',1,(#2032,#2033),.UNSPECIFIED.,.F.,
  .F.,(2,2),(0.787397971733,159.21260202826),.PIECEWISE_BEZIER_KNOTS.);
#2032 = CARTESIAN_POINT('',(0.787397971733,0.787397971733));
#2033 = CARTESIAN_POINT('',(159.21260202826,0.787397971733));
#2034 = ( GEOMETRIC_REPRESENTATION_CONTEXT(2) 
PARAMETRIC_REPRESENTATION_CONTEXT() REPRESENTATION_CONTEXT('2D SPACE',''
  ) );
#2035 = PCURVE('',#2036,#2041);
#2036 = PLANE('',#2037);
#2037 = AXIS2_PLACEMENT_3D('',#2038,#2039,#2040);
#2038 = CARTESIAN_POINT('',(20.,-16.69266385878,5.707952862382E-02));
#2039 = DIRECTION('',(0.,0.996194698092,8.715574274766E-02));
#2040 = DIRECTION('',(0.,-8.715574274766E-02,0.996194698092));
#2041 = DEFINITIONAL_REPRESENTATION('',(#2042),#2045);
#2042 = B_SPLINE_CURVE_WITH_KNOTS('',1,(#2043,#2044),.UNSPECIFIED.,.F.,
  .F.,(2,2),(0.787397971733,159.21260202826),.PIECEWISE_BEZIER_KNOTS.);
#2043 = CARTESIAN_POINT('',(5.96562146211,0.787397971733));
#2044 = CARTESIAN_POINT('',(5.96562146211,159.21260202826));
#2045 = ( GEOMETRIC_REPRESENTATION_CONTEXT(2) 
PARAMETRIC_REPRESENTATION_CONTEXT() REPRESENTATION_CONTEXT('2D SPACE',''
  ) );
#2046 = ORIENTED_EDGE('',*,*,#2047,.T.);
#2047 = EDGE_CURVE('',#2022,#2048,#2050,.T.);
#2048 = VERTEX_POINT('',#2049);
#2049 = CARTESIAN_POINT('',(179.21260202826,-12.4150788376,6.));
#2050 = SURFACE_CURVE('',#2051,(#2055,#2061),.PCURVE_S1.);
#2051 = LINE('',#2052,#2053);
#2052 = CARTESIAN_POINT('',(179.21260202826,-18.,6.));
#2053 = VECTOR('',#2054,1.);
#2054 = DIRECTION('',(-0.,1.,-0.));
#2055 = PCURVE('',#1380,#2056);
#2056 = DEFINITIONAL_REPRESENTATION('',(#2057),#2060);
#2057 = B_SPLINE_CURVE_WITH_KNOTS('',1,(#2058,#2059),.UNSPECIFIED.,.F.,
  .F.,(2,2),(0.787397971733,35.212602028267),.PIECEWISE_BEZIER_KNOTS.);
#2058 = CARTESIAN_POINT('',(159.21260202826,0.787397971733));
#2059 = CARTESIAN_POINT('',(159.21260202826,35.212602028267));
#2060 = ( GEOMETRIC_REPRESENTATION_CONTEXT(2) 
PARAMETRIC_REPRESENTATION_CONTEXT() REPRESENTATION_CONTEXT('2D SPACE',''
  ) );
#2061 = PCURVE('',#2062,#2067);
#2062 = PLANE('',#2063);
#2063 = AXIS2_PLACEMENT_3D('',#2064,#2065,#2066);
#2064 = CARTESIAN_POINT('',(178.69266385878,-18.,5.707952862382E-02));
#2065 = DIRECTION('',(0.996194698092,0.,-8.715574274766E-02));
#2066 = DIRECTION('',(8.715574274766E-02,0.,0.996194698092));
#2067 = DEFINITIONAL_REPRESENTATION('',(#2068),#2071);
#2068 = B_SPLINE_CURVE_WITH_KNOTS('',1,(#2069,#2070),.UNSPECIFIED.,.F.,
  .F.,(2,2),(0.787397971733,35.212602028267),.PIECEWISE_BEZIER_KNOTS.);
#2069 = CARTESIAN_POINT('',(5.96562146211,-0.787397971733));
#2070 = CARTESIAN_POINT('',(5.96562146211,-35.21260202826));
#2071 = ( GEOMETRIC_REPRESENTATION_CONTEXT(2) 
PARAMETRIC_REPRESENTATION_CONTEXT() REPRESENTATION_CONTEXT('2D SPACE',''
  ) );
#2072 = ORIENTED_EDGE('',*,*,#2073,.F.);
#2073 = EDGE_CURVE('',#1950,#2048,#2074,.T.);
#2074 = SURFACE_CURVE('',#2075,(#2080,#2087),.PCURVE_S1.);
#2075 = CIRCLE('',#2076,24.212602028267);
#2076 = AXIS2_PLACEMENT_3D('',#2077,#2078,#2079);
#2077 = CARTESIAN_POINT('',(200.,0.,6.));
#2078 = DIRECTION('',(0.,0.,1.));
#2079 = DIRECTION('',(1.,0.,-0.));
#2080 = PCURVE('',#1380,#2081);
#2081 = DEFINITIONAL_REPRESENTATION('',(#2082),#2086);
#2082 = CIRCLE('',#2083,24.212602028267);
#2083 = AXIS2_PLACEMENT_2D('',#2084,#2085);
#2084 = CARTESIAN_POINT('',(180.,18.));
#2085 = DIRECTION('',(1.,0.));
#2086 = ( GEOMETRIC_REPRESENTATION_CONTEXT(2) 
PARAMETRIC_REPRESENTATION_CONTEXT() REPRESENTATION_CONTEXT('2D SPACE',''
  ) );
#2087 = PCURVE('',#1437,#2088);
#2088 = DEFINITIONAL_REPRESENTATION('',(#2089),#2093);
#2089 = LINE('',#2090,#2091);
#2090 = CARTESIAN_POINT('',(0.,6.));
#2091 = VECTOR('',#2092,1.);
#2092 = DIRECTION('',(1.,0.));
#2093 = ( GEOMETRIC_REPRESENTATION_CONTEXT(2) 
PARAMETRIC_REPRESENTATION_CONTEXT() REPRESENTATION_CONTEXT('2D SPACE',''
  ) );
#2094 = ORIENTED_EDGE('',*,*,#1949,.F.);
#2095 = ORIENTED_EDGE('',*,*,#1363,.F.);
#2096 = ADVANCED_FACE('',(#2097),#1351,.F.);
#2097 = FACE_BOUND('',#2098,.F.);
#2098 = EDGE_LOOP('',(#2099,#2100,#2121,#2145));
#2099 = ORIENTED_EDGE('',*,*,#2000,.F.);
#2100 = ORIENTED_EDGE('',*,*,#2101,.F.);
#2101 = EDGE_CURVE('',#2102,#2001,#2104,.T.);
#2102 = VERTEX_POINT('',#2103);
#2103 = CARTESIAN_POINT('',(21.312329952889,-16.68767004711,0.));
#2104 = SURFACE_CURVE('',#2105,(#2109,#2115),.PCURVE_S1.);
#2105 = LINE('',#2106,#2107);
#2106 = CARTESIAN_POINT('',(21.29748032047,-16.70251967953,
    0.169732075228));
#2107 = VECTOR('',#2108,1.);
#2108 = DIRECTION('',(-8.682659386425E-02,-8.682659386425E-02,
    0.992432509139));
#2109 = PCURVE('',#1351,#2110);
#2110 = DEFINITIONAL_REPRESENTATION('',(#2111),#2114);
#2111 = B_SPLINE_CURVE_WITH_KNOTS('',1,(#2112,#2113),.UNSPECIFIED.,.F.,
  .F.,(2,2),(-0.171026315306,5.874724851396),.PIECEWISE_BEZIER_KNOTS.);
#2112 = CARTESIAN_POINT('',(-5.729756315021E-02,-1.312329952889));
#2113 = CARTESIAN_POINT('',(5.96562146211,-0.787397971733));
#2114 = ( GEOMETRIC_REPRESENTATION_CONTEXT(2) 
PARAMETRIC_REPRESENTATION_CONTEXT() REPRESENTATION_CONTEXT('2D SPACE',''
  ) );
#2115 = PCURVE('',#2036,#2116);
#2116 = DEFINITIONAL_REPRESENTATION('',(#2117),#2120);
#2117 = B_SPLINE_CURVE_WITH_KNOTS('',1,(#2118,#2119),.UNSPECIFIED.,.F.,
  .F.,(2,2),(-0.171026315306,5.874724851396),.PIECEWISE_BEZIER_KNOTS.);
#2118 = CARTESIAN_POINT('',(-5.729756315021E-02,1.312329952889));
#2119 = CARTESIAN_POINT('',(5.96562146211,0.787397971733));
#2120 = ( GEOMETRIC_REPRESENTATION_CONTEXT(2) 
PARAMETRIC_REPRESENTATION_CONTEXT() REPRESENTATION_CONTEXT('2D SPACE',''
  ) );
#2121 = ORIENTED_EDGE('',*,*,#2122,.T.);
#2122 = EDGE_CURVE('',#2102,#1303,#2123,.T.);
#2123 = SURFACE_CURVE('',#2124,(#2128,#2134),.PCURVE_S1.);
#2124 = LINE('',#2125,#2126);
#2125 = CARTESIAN_POINT('',(21.312329952889,-18.,0.));
#2126 = VECTOR('',#2127,1.);
#2127 = DIRECTION('',(-0.,1.,-0.));
#2128 = PCURVE('',#1351,#2129);
#2129 = DEFINITIONAL_REPRESENTATION('',(#2130),#2133);
#2130 = B_SPLINE_CURVE_WITH_KNOTS('',1,(#2131,#2132),.UNSPECIFIED.,.F.,
  .F.,(2,2),(1.312329952889,34.687670047111),.PIECEWISE_BEZIER_KNOTS.);
#2131 = CARTESIAN_POINT('',(-5.729756315021E-02,-1.312329952889));
#2132 = CARTESIAN_POINT('',(-5.729756315021E-02,-34.68767004711));
#2133 = ( GEOMETRIC_REPRESENTATION_CONTEXT(2) 
PARAMETRIC_REPRESENTATION_CONTEXT() REPRESENTATION_CONTEXT('2D SPACE',''
  ) );
#2134 = PCURVE('',#2135,#2140);
#2135 = PLANE('',#2136);
#2136 = AXIS2_PLACEMENT_3D('',#2137,#2138,#2139);
#2137 = CARTESIAN_POINT('',(20.,-18.,0.));
#2138 = DIRECTION('',(0.,0.,1.));
#2139 = DIRECTION('',(1.,0.,-0.));
#2140 = DEFINITIONAL_REPRESENTATION('',(#2141),#2144);
#2141 = B_SPLINE_CURVE_WITH_KNOTS('',1,(#2142,#2143),.UNSPECIFIED.,.F.,
  .F.,(2,2),(1.312329952889,34.687670047111),.PIECEWISE_BEZIER_KNOTS.);
#2142 = CARTESIAN_POINT('',(1.312329952889,1.312329952889));
#2143 = CARTESIAN_POINT('',(1.312329952889,34.687670047111));
#2144 = ( GEOMETRIC_REPRESENTATION_CONTEXT(2) 
PARAMETRIC_REPRESENTATION_CONTEXT() REPRESENTATION_CONTEXT('2D SPACE',''
  ) );
#2145 = ORIENTED_EDGE('',*,*,#1331,.T.);
#2146 = ADVANCED_FACE('',(#2147,#2232),#1319,.F.);
#2147 = FACE_BOUND('',#2148,.F.);
#2148 = EDGE_LOOP('',(#2149,#2179,#2205,#2206));
#2149 = ORIENTED_EDGE('',*,*,#2150,.T.);
#2150 = EDGE_CURVE('',#2151,#2153,#2155,.T.);
#2151 = VERTEX_POINT('',#2152);
#2152 = CARTESIAN_POINT('',(21.312329952889,-4.687670047111,0.));
#2153 = VERTEX_POINT('',#2154);
#2154 = CARTESIAN_POINT('',(21.312329952889,4.687670047111,0.));
#2155 = SURFACE_CURVE('',#2156,(#2160,#2167),.PCURVE_S1.);
#2156 = LINE('',#2157,#2158);
#2157 = CARTESIAN_POINT('',(21.312329952889,-6.,0.));
#2158 = VECTOR('',#2159,1.);
#2159 = DIRECTION('',(-0.,1.,-0.));
#2160 = PCURVE('',#1319,#2161);
#2161 = DEFINITIONAL_REPRESENTATION('',(#2162),#2166);
#2162 = LINE('',#2163,#2164);
#2163 = CARTESIAN_POINT('',(21.312329952889,-6.));
#2164 = VECTOR('',#2165,1.);
#2165 = DIRECTION('',(0.,1.));
#2166 = ( GEOMETRIC_REPRESENTATION_CONTEXT(2) 
PARAMETRIC_REPRESENTATION_CONTEXT() REPRESENTATION_CONTEXT('2D SPACE',''
  ) );
#2167 = PCURVE('',#2168,#2173);
#2168 = PLANE('',#2169);
#2169 = AXIS2_PLACEMENT_3D('',#2170,#2171,#2172);
#2170 = CARTESIAN_POINT('',(0.,0.,0.));
#2171 = DIRECTION('',(0.,0.,1.));
#2172 = DIRECTION('',(1.,0.,-0.));
#2173 = DEFINITIONAL_REPRESENTATION('',(#2174),#2178);
#2174 = LINE('',#2175,#2176);
#2175 = CARTESIAN_POINT('',(21.312329952889,-6.));
#2176 = VECTOR('',#2177,1.);
#2177 = DIRECTION('',(0.,1.));
#2178 = ( GEOMETRIC_REPRESENTATION_CONTEXT(2) 
PARAMETRIC_REPRESENTATION_CONTEXT() REPRESENTATION_CONTEXT('2D SPACE',''
  ) );
#2179 = ORIENTED_EDGE('',*,*,#2180,.T.);
#2180 = EDGE_CURVE('',#2153,#1271,#2181,.T.);
#2181 = SURFACE_CURVE('',#2182,(#2186,#2193),.PCURVE_S1.);
#2182 = LINE('',#2183,#2184);
#2183 = CARTESIAN_POINT('',(21.312329952889,-18.,0.));
#2184 = VECTOR('',#2185,1.);
#2185 = DIRECTION('',(-0.,1.,-0.));
#2186 = PCURVE('',#1319,#2187);
#2187 = DEFINITIONAL_REPRESENTATION('',(#2188),#2192);
#2188 = LINE('',#2189,#2190);
#2189 = CARTESIAN_POINT('',(21.312329952889,-18.));
#2190 = VECTOR('',#2191,1.);
#2191 = DIRECTION('',(0.,1.));
#2192 = ( GEOMETRIC_REPRESENTATION_CONTEXT(2) 
PARAMETRIC_REPRESENTATION_CONTEXT() REPRESENTATION_CONTEXT('2D SPACE',''
  ) );
#2193 = PCURVE('',#2194,#2199);
#2194 = PLANE('',#2195);
#2195 = AXIS2_PLACEMENT_3D('',#2196,#2197,#2198);
#2196 = CARTESIAN_POINT('',(0.,0.,0.));
#2197 = DIRECTION('',(0.,0.,1.));
#2198 = DIRECTION('',(1.,0.,-0.));
#2199 = DEFINITIONAL_REPRESENTATION('',(#2200),#2204);
#2200 = LINE('',#2201,#2202);
#2201 = CARTESIAN_POINT('',(21.312329952889,-18.));
#2202 = VECTOR('',#2203,1.);
#2203 = DIRECTION('',(0.,1.));
#2204 = ( GEOMETRIC_REPRESENTATION_CONTEXT(2) 
PARAMETRIC_REPRESENTATION_CONTEXT() REPRESENTATION_CONTEXT('2D SPACE',''
  ) );
#2205 = ORIENTED_EDGE('',*,*,#1302,.T.);
#2206 = ORIENTED_EDGE('',*,*,#2207,.T.);
#2207 = EDGE_CURVE('',#1303,#2151,#2208,.T.);
#2208 = SURFACE_CURVE('',#2209,(#2213,#2220),.PCURVE_S1.);
#2209 = LINE('',#2210,#2211);
#2210 = CARTESIAN_POINT('',(21.312329952889,-18.,0.));
#2211 = VECTOR('',#2212,1.);
#2212 = DIRECTION('',(-0.,1.,-0.));
#2213 = PCURVE('',#1319,#2214);
#2214 = DEFINITIONAL_REPRESENTATION('',(#2215),#2219);
#2215 = LINE('',#2216,#2217);
#2216 = CARTESIAN_POINT('',(21.312329952889,-18.));
#2217 = VECTOR('',#2218,1.);
#2218 = DIRECTION('',(0.,1.));
#2219 = ( GEOMETRIC_REPRESENTATION_CONTEXT(2) 
PARAMETRIC_REPRESENTATION_CONTEXT() REPRESENTATION_CONTEXT('2D SPACE',''
  ) );
#2220 = PCURVE('',#2221,#2226);
#2221 = PLANE('',#2222);
#2222 = AXIS2_PLACEMENT_3D('',#2223,#2224,#2225);
#2223 = CARTESIAN_POINT('',(0.,0.,0.));
#2224 = DIRECTION('',(0.,0.,1.));
#2225 = DIRECTION('',(1.,0.,-0.));
#2226 = DEFINITIONAL_REPRESENTATION('',(#2227),#2231);
#2227 = LINE('',#2228,#2229);
#2228 = CARTESIAN_POINT('',(21.312329952889,-18.));
#2229 = VECTOR('',#2230,1.);
#2230 = DIRECTION('',(0.,1.));
#2231 = ( GEOMETRIC_REPRESENTATION_CONTEXT(2) 
PARAMETRIC_REPRESENTATION_CONTEXT() REPRESENTATION_CONTEXT('2D SPACE',''
  ) );
#2232 = FACE_BOUND('',#2233,.F.);
#2233 = EDGE_LOOP('',(#2234));
#2234 = ORIENTED_EDGE('',*,*,#1923,.F.);
#2235 = ADVANCED_FACE('',(#2236),#1290,.F.);
#2236 = FACE_BOUND('',#2237,.F.);
#2237 = EDGE_LOOP('',(#2238,#2259,#2260,#2286));
#2238 = ORIENTED_EDGE('',*,*,#2239,.F.);
#2239 = EDGE_CURVE('',#1242,#2240,#2242,.T.);
#2240 = VERTEX_POINT('',#2241);
#2241 = CARTESIAN_POINT('',(20.787397971733,17.212602028267,6.));
#2242 = SURFACE_CURVE('',#2243,(#2247,#2253),.PCURVE_S1.);
#2243 = LINE('',#2244,#2245);
#2244 = CARTESIAN_POINT('',(20.787397971733,-18.,6.));
#2245 = VECTOR('',#2246,1.);
#2246 = DIRECTION('',(-0.,1.,-0.));
#2247 = PCURVE('',#1290,#2248);
#2248 = DEFINITIONAL_REPRESENTATION('',(#2249),#2252);
#2249 = B_SPLINE_CURVE_WITH_KNOTS('',1,(#2250,#2251),.UNSPECIFIED.,.F.,
  .F.,(2,2),(0.787397971733,35.212602028267),.PIECEWISE_BEZIER_KNOTS.);
#2250 = CARTESIAN_POINT('',(5.96562146211,-0.787397971733));
#2251 = CARTESIAN_POINT('',(5.96562146211,-35.21260202826));
#2252 = ( GEOMETRIC_REPRESENTATION_CONTEXT(2) 
PARAMETRIC_REPRESENTATION_CONTEXT() REPRESENTATION_CONTEXT('2D SPACE',''
  ) );
#2253 = PCURVE('',#1258,#2254);
#2254 = DEFINITIONAL_REPRESENTATION('',(#2255),#2258);
#2255 = B_SPLINE_CURVE_WITH_KNOTS('',1,(#2256,#2257),.UNSPECIFIED.,.F.,
  .F.,(2,2),(0.787397971733,35.212602028267),.PIECEWISE_BEZIER_KNOTS.);
#2256 = CARTESIAN_POINT('',(0.787397971733,0.787397971733));
#2257 = CARTESIAN_POINT('',(0.787397971733,35.212602028267));
#2258 = ( GEOMETRIC_REPRESENTATION_CONTEXT(2) 
PARAMETRIC_REPRESENTATION_CONTEXT() REPRESENTATION_CONTEXT('2D SPACE',''
  ) );
#2259 = ORIENTED_EDGE('',*,*,#1270,.T.);
#2260 = ORIENTED_EDGE('',*,*,#2261,.T.);
#2261 = EDGE_CURVE('',#1271,#2262,#2264,.T.);
#2262 = VERTEX_POINT('',#2263);
#2263 = CARTESIAN_POINT('',(21.312329952889,16.687670047111,0.));
#2264 = SURFACE_CURVE('',#2265,(#2269,#2275),.PCURVE_S1.);
#2265 = LINE('',#2266,#2267);
#2266 = CARTESIAN_POINT('',(21.312329952889,-18.,0.));
#2267 = VECTOR('',#2268,1.);
#2268 = DIRECTION('',(-0.,1.,-0.));
#2269 = PCURVE('',#1290,#2270);
#2270 = DEFINITIONAL_REPRESENTATION('',(#2271),#2274);
#2271 = B_SPLINE_CURVE_WITH_KNOTS('',1,(#2272,#2273),.UNSPECIFIED.,.F.,
  .F.,(2,2),(1.312329952889,34.687670047111),.PIECEWISE_BEZIER_KNOTS.);
#2272 = CARTESIAN_POINT('',(-5.729756315021E-02,-1.312329952889));
#2273 = CARTESIAN_POINT('',(-5.729756315021E-02,-34.68767004711));
#2274 = ( GEOMETRIC_REPRESENTATION_CONTEXT(2) 
PARAMETRIC_REPRESENTATION_CONTEXT() REPRESENTATION_CONTEXT('2D SPACE',''
  ) );
#2275 = PCURVE('',#2276,#2281);
#2276 = PLANE('',#2277);
#2277 = AXIS2_PLACEMENT_3D('',#2278,#2279,#2280);
#2278 = CARTESIAN_POINT('',(20.,-18.,0.));
#2279 = DIRECTION('',(0.,0.,1.));
#2280 = DIRECTION('',(1.,0.,-0.));
#2281 = DEFINITIONAL_REPRESENTATION('',(#2282),#2285);
#2282 = B_SPLINE_CURVE_WITH_KNOTS('',1,(#2283,#2284),.UNSPECIFIED.,.F.,
  .F.,(2,2),(1.312329952889,34.687670047111),.PIECEWISE_BEZIER_KNOTS.);
#2283 = CARTESIAN_POINT('',(1.312329952889,1.312329952889));
#2284 = CARTESIAN_POINT('',(1.312329952889,34.687670047111));
#2285 = ( GEOMETRIC_REPRESENTATION_CONTEXT(2) 
PARAMETRIC_REPRESENTATION_CONTEXT() REPRESENTATION_CONTEXT('2D SPACE',''
  ) );
#2286 = ORIENTED_EDGE('',*,*,#2287,.T.);
#2287 = EDGE_CURVE('',#2262,#2240,#2288,.T.);
#2288 = SURFACE_CURVE('',#2289,(#2293,#2299),.PCURVE_S1.);
#2289 = LINE('',#2290,#2291);
#2290 = CARTESIAN_POINT('',(21.433179753707,16.566820246293,
    -1.381319544128));
#2291 = VECTOR('',#2292,1.);
#2292 = DIRECTION('',(-8.682659386425E-02,8.682659386425E-02,
    0.992432509139));
#2293 = PCURVE('',#1290,#2294);
#2294 = DEFINITIONAL_REPRESENTATION('',(#2295),#2298);
#2295 = B_SPLINE_CURVE_WITH_KNOTS('',1,(#2296,#2297),.UNSPECIFIED.,.F.,
  .F.,(2,2),(1.39185237425,7.437603540953),.PIECEWISE_BEZIER_KNOTS.);
#2296 = CARTESIAN_POINT('',(-5.729756315021E-02,-34.68767004711));
#2297 = CARTESIAN_POINT('',(5.96562146211,-35.21260202826));
#2298 = ( GEOMETRIC_REPRESENTATION_CONTEXT(2) 
PARAMETRIC_REPRESENTATION_CONTEXT() REPRESENTATION_CONTEXT('2D SPACE',''
  ) );
#2299 = PCURVE('',#2300,#2305);
#2300 = PLANE('',#2301);
#2301 = AXIS2_PLACEMENT_3D('',#2302,#2303,#2304);
#2302 = CARTESIAN_POINT('',(20.,16.692663858785,5.707952862382E-02));
#2303 = DIRECTION('',(0.,0.996194698092,-8.715574274766E-02));
#2304 = DIRECTION('',(0.,8.715574274766E-02,0.996194698092));
#2305 = DEFINITIONAL_REPRESENTATION('',(#2306),#2309);
#2306 = B_SPLINE_CURVE_WITH_KNOTS('',1,(#2307,#2308),.UNSPECIFIED.,.F.,
  .F.,(2,2),(1.39185237425,7.437603540953),.PIECEWISE_BEZIER_KNOTS.);
#2307 = CARTESIAN_POINT('',(-5.729756315021E-02,1.312329952889));
#2308 = CARTESIAN_POINT('',(5.96562146211,0.787397971733));
#2309 = ( GEOMETRIC_REPRESENTATION_CONTEXT(2) 
PARAMETRIC_REPRESENTATION_CONTEXT() REPRESENTATION_CONTEXT('2D SPACE',''
  ) );
#2310 = ADVANCED_FACE('',(#2311),#1258,.T.);
#2311 = FACE_BOUND('',#2312,.T.);
#2312 = EDGE_LOOP('',(#2313,#2314,#2315,#2316,#2340,#2366));
#2313 = ORIENTED_EDGE('',*,*,#2239,.F.);
#2314 = ORIENTED_EDGE('',*,*,#1241,.F.);
#2315 = ORIENTED_EDGE('',*,*,#1752,.T.);
#2316 = ORIENTED_EDGE('',*,*,#2317,.F.);
#2317 = EDGE_CURVE('',#2318,#1753,#2320,.T.);
#2318 = VERTEX_POINT('',#2319);
#2319 = CARTESIAN_POINT('',(179.21260202826,12.415078837607,6.));
#2320 = SURFACE_CURVE('',#2321,(#2326,#2333),.PCURVE_S1.);
#2321 = CIRCLE('',#2322,24.212602028267);
#2322 = AXIS2_PLACEMENT_3D('',#2323,#2324,#2325);
#2323 = CARTESIAN_POINT('',(200.,0.,6.));
#2324 = DIRECTION('',(0.,0.,1.));
#2325 = DIRECTION('',(1.,0.,-0.));
#2326 = PCURVE('',#1258,#2327);
#2327 = DEFINITIONAL_REPRESENTATION('',(#2328),#2332);
#2328 = CIRCLE('',#2329,24.212602028267);
#2329 = AXIS2_PLACEMENT_2D('',#2330,#2331);
#2330 = CARTESIAN_POINT('',(180.,18.));
#2331 = DIRECTION('',(1.,0.));
#2332 = ( GEOMETRIC_REPRESENTATION_CONTEXT(2) 
PARAMETRIC_REPRESENTATION_CONTEXT() REPRESENTATION_CONTEXT('2D SPACE',''
  ) );
#2333 = PCURVE('',#1790,#2334);
#2334 = DEFINITIONAL_REPRESENTATION('',(#2335),#2339);
#2335 = LINE('',#2336,#2337);
#2336 = CARTESIAN_POINT('',(0.,6.));
#2337 = VECTOR('',#2338,1.);
#2338 = DIRECTION('',(1.,0.));
#2339 = ( GEOMETRIC_REPRESENTATION_CONTEXT(2) 
PARAMETRIC_REPRESENTATION_CONTEXT() REPRESENTATION_CONTEXT('2D SPACE',''
  ) );
#2340 = ORIENTED_EDGE('',*,*,#2341,.T.);
#2341 = EDGE_CURVE('',#2318,#2342,#2344,.T.);
#2342 = VERTEX_POINT('',#2343);
#2343 = CARTESIAN_POINT('',(179.21260202826,17.212602028267,6.));
#2344 = SURFACE_CURVE('',#2345,(#2349,#2355),.PCURVE_S1.);
#2345 = LINE('',#2346,#2347);
#2346 = CARTESIAN_POINT('',(179.21260202826,-18.,6.));
#2347 = VECTOR('',#2348,1.);
#2348 = DIRECTION('',(-0.,1.,-0.));
#2349 = PCURVE('',#1258,#2350);
#2350 = DEFINITIONAL_REPRESENTATION('',(#2351),#2354);
#2351 = B_SPLINE_CURVE_WITH_KNOTS('',1,(#2352,#2353),.UNSPECIFIED.,.F.,
  .F.,(2,2),(0.787397971733,35.212602028267),.PIECEWISE_BEZIER_KNOTS.);
#2352 = CARTESIAN_POINT('',(159.21260202826,0.787397971733));
#2353 = CARTESIAN_POINT('',(159.21260202826,35.212602028267));
#2354 = ( GEOMETRIC_REPRESENTATION_CONTEXT(2) 
PARAMETRIC_REPRESENTATION_CONTEXT() REPRESENTATION_CONTEXT('2D SPACE',''
  ) );
#2355 = PCURVE('',#2356,#2361);
#2356 = PLANE('',#2357);
#2357 = AXIS2_PLACEMENT_3D('',#2358,#2359,#2360);
#2358 = CARTESIAN_POINT('',(178.69266385878,-18.,5.707952862382E-02));
#2359 = DIRECTION('',(0.996194698092,0.,-8.715574274766E-02));
#2360 = DIRECTION('',(8.715574274766E-02,0.,0.996194698092));
#2361 = DEFINITIONAL_REPRESENTATION('',(#2362),#2365);
#2362 = B_SPLINE_CURVE_WITH_KNOTS('',1,(#2363,#2364),.UNSPECIFIED.,.F.,
  .F.,(2,2),(0.787397971733,35.212602028267),.PIECEWISE_BEZIER_KNOTS.);
#2363 = CARTESIAN_POINT('',(5.96562146211,-0.787397971733));
#2364 = CARTESIAN_POINT('',(5.96562146211,-35.21260202826));
#2365 = ( GEOMETRIC_REPRESENTATION_CONTEXT(2) 
PARAMETRIC_REPRESENTATION_CONTEXT() REPRESENTATION_CONTEXT('2D SPACE',''
  ) );
#2366 = ORIENTED_EDGE('',*,*,#2367,.F.);
#2367 = EDGE_CURVE('',#2240,#2342,#2368,.T.);
#2368 = SURFACE_CURVE('',#2369,(#2373,#2379),.PCURVE_S1.);
#2369 = LINE('',#2370,#2371);
#2370 = CARTESIAN_POINT('',(20.,17.212602028267,6.));
#2371 = VECTOR('',#2372,1.);
#2372 = DIRECTION('',(1.,-0.,0.));
#2373 = PCURVE('',#1258,#2374);
#2374 = DEFINITIONAL_REPRESENTATION('',(#2375),#2378);
#2375 = B_SPLINE_CURVE_WITH_KNOTS('',1,(#2376,#2377),.UNSPECIFIED.,.F.,
  .F.,(2,2),(0.787397971733,159.21260202826),.PIECEWISE_BEZIER_KNOTS.);
#2376 = CARTESIAN_POINT('',(0.787397971733,35.212602028267));
#2377 = CARTESIAN_POINT('',(159.21260202826,35.212602028267));
#2378 = ( GEOMETRIC_REPRESENTATION_CONTEXT(2) 
PARAMETRIC_REPRESENTATION_CONTEXT() REPRESENTATION_CONTEXT('2D SPACE',''
  ) );
#2379 = PCURVE('',#2300,#2380);
#2380 = DEFINITIONAL_REPRESENTATION('',(#2381),#2384);
#2381 = B_SPLINE_CURVE_WITH_KNOTS('',1,(#2382,#2383),.UNSPECIFIED.,.F.,
  .F.,(2,2),(0.787397971733,159.21260202826),.PIECEWISE_BEZIER_KNOTS.);
#2382 = CARTESIAN_POINT('',(5.96562146211,0.787397971733));
#2383 = CARTESIAN_POINT('',(5.96562146211,159.21260202826));
#2384 = ( GEOMETRIC_REPRESENTATION_CONTEXT(2) 
PARAMETRIC_REPRESENTATION_CONTEXT() REPRESENTATION_CONTEXT('2D SPACE',''
  ) );
#2385 = ADVANCED_FACE('',(#2386),#1437,.T.);
#2386 = FACE_BOUND('',#2387,.T.);
#2387 = EDGE_LOOP('',(#2388,#2419,#2440,#2441,#2442,#2443));
#2388 = ORIENTED_EDGE('',*,*,#2389,.T.);
#2389 = EDGE_CURVE('',#2390,#2392,#2394,.T.);
#2390 = VERTEX_POINT('',#2391);
#2391 = CARTESIAN_POINT('',(178.68767004711,-10.33877672841,0.));
#2392 = VERTEX_POINT('',#2393);
#2393 = CARTESIAN_POINT('',(223.68767004711,-5.801805860491E-15,0.));
#2394 = SURFACE_CURVE('',#2395,(#2400,#2407),.PCURVE_S1.);
#2395 = CIRCLE('',#2396,23.687670047111);
#2396 = AXIS2_PLACEMENT_3D('',#2397,#2398,#2399);
#2397 = CARTESIAN_POINT('',(200.,0.,0.));
#2398 = DIRECTION('',(0.,0.,1.));
#2399 = DIRECTION('',(1.,0.,-0.));
#2400 = PCURVE('',#1437,#2401);
#2401 = DEFINITIONAL_REPRESENTATION('',(#2402),#2406);
#2402 = LINE('',#2403,#2404);
#2403 = CARTESIAN_POINT('',(0.,0.));
#2404 = VECTOR('',#2405,1.);
#2405 = DIRECTION('',(1.,0.));
#2406 = ( GEOMETRIC_REPRESENTATION_CONTEXT(2) 
PARAMETRIC_REPRESENTATION_CONTEXT() REPRESENTATION_CONTEXT('2D SPACE',''
  ) );
#2407 = PCURVE('',#2408,#2413);
#2408 = PLANE('',#2409);
#2409 = AXIS2_PLACEMENT_3D('',#2410,#2411,#2412);
#2410 = CARTESIAN_POINT('',(200.,0.,0.));
#2411 = DIRECTION('',(0.,0.,1.));
#2412 = DIRECTION('',(1.,0.,-0.));
#2413 = DEFINITIONAL_REPRESENTATION('',(#2414),#2418);
#2414 = CIRCLE('',#2415,23.687670047111);
#2415 = AXIS2_PLACEMENT_2D('',#2416,#2417);
#2416 = CARTESIAN_POINT('',(0.,0.));
#2417 = DIRECTION('',(1.,0.));
#2418 = ( GEOMETRIC_REPRESENTATION_CONTEXT(2) 
PARAMETRIC_REPRESENTATION_CONTEXT() REPRESENTATION_CONTEXT('2D SPACE',''
  ) );
#2419 = ORIENTED_EDGE('',*,*,#2420,.T.);
#2420 = EDGE_CURVE('',#2392,#1422,#2421,.T.);
#2421 = SURFACE_CURVE('',#2422,(#2426,#2433),.PCURVE_S1.);
#2422 = LINE('',#2423,#2424);
#2423 = CARTESIAN_POINT('',(223.68767004711,-5.801805860491E-15,0.));
#2424 = VECTOR('',#2425,1.);
#2425 = DIRECTION('',(8.715574274766E-02,-2.134700027665E-17,
    0.996194698092));
#2426 = PCURVE('',#1437,#2427);
#2427 = DEFINITIONAL_REPRESENTATION('',(#2428),#2432);
#2428 = LINE('',#2429,#2430);
#2429 = CARTESIAN_POINT('',(6.28318530718,-0.));
#2430 = VECTOR('',#2431,1.);
#2431 = DIRECTION('',(0.,1.));
#2432 = ( GEOMETRIC_REPRESENTATION_CONTEXT(2) 
PARAMETRIC_REPRESENTATION_CONTEXT() REPRESENTATION_CONTEXT('2D SPACE',''
  ) );
#2433 = PCURVE('',#1790,#2434);
#2434 = DEFINITIONAL_REPRESENTATION('',(#2435),#2439);
#2435 = LINE('',#2436,#2437);
#2436 = CARTESIAN_POINT('',(0.,-0.));
#2437 = VECTOR('',#2438,1.);
#2438 = DIRECTION('',(0.,1.));
#2439 = ( GEOMETRIC_REPRESENTATION_CONTEXT(2) 
PARAMETRIC_REPRESENTATION_CONTEXT() REPRESENTATION_CONTEXT('2D SPACE',''
  ) );
#2440 = ORIENTED_EDGE('',*,*,#1421,.F.);
#2441 = ORIENTED_EDGE('',*,*,#1972,.T.);
#2442 = ORIENTED_EDGE('',*,*,#2073,.T.);
#2443 = ORIENTED_EDGE('',*,*,#2444,.F.);
#2444 = EDGE_CURVE('',#2390,#2048,#2445,.T.);
#2445 = SURFACE_CURVE('',#2446,(#2451,#2461),.PCURVE_S1.);
#2446 = PARABOLA('',#2447,1.961004211822);
#2447 = AXIS2_PLACEMENT_3D('',#2448,#2449,#2450);
#2448 = CARTESIAN_POINT('',(177.5,0.,-13.5751307569));
#2449 = DIRECTION('',(0.996194698092,0.,-8.715574274766E-02));
#2450 = DIRECTION('',(8.715574274766E-02,0.,0.996194698092));
#2451 = PCURVE('',#1437,#2452);
#2452 = DEFINITIONAL_REPRESENTATION('',(#2453),#2460);
#2453 = B_SPLINE_CURVE_WITH_KNOTS('',5,(#2454,#2455,#2456,#2457,#2458,
    #2459),.UNSPECIFIED.,.F.,.F.,(6,6),(10.338776728414,12.603910915839)
  ,.PIECEWISE_BEZIER_KNOTS.);
#2454 = CARTESIAN_POINT('',(3.593255653114,1.533691169727E-13));
#2455 = CARTESIAN_POINT('',(3.612380659355,1.189676248321));
#2456 = CARTESIAN_POINT('',(3.631400622038,2.444514372482));
#2457 = CARTESIAN_POINT('',(3.650309407675,3.764514372482));
#2458 = CARTESIAN_POINT('',(3.669101340585,5.149676248321));
#2459 = CARTESIAN_POINT('',(3.687771237952,6.6));
#2460 = ( GEOMETRIC_REPRESENTATION_CONTEXT(2) 
PARAMETRIC_REPRESENTATION_CONTEXT() REPRESENTATION_CONTEXT('2D SPACE',''
  ) );
#2461 = PCURVE('',#2062,#2462);
#2462 = DEFINITIONAL_REPRESENTATION('',(#2463),#2467);
#2463 = B_SPLINE_CURVE_WITH_KNOTS('',2,(#2464,#2465,#2466),
  .UNSPECIFIED.,.F.,.F.,(3,3),(10.338776728414,12.603910915839),
  .PIECEWISE_BEZIER_KNOTS.);
#2464 = CARTESIAN_POINT('',(-5.729756315006E-02,-7.661223271586));
#2465 = CARTESIAN_POINT('',(2.928253982647,-6.528656177873));
#2466 = CARTESIAN_POINT('',(6.567913364636,-5.396089084161));
#2467 = ( GEOMETRIC_REPRESENTATION_CONTEXT(2) 
PARAMETRIC_REPRESENTATION_CONTEXT() REPRESENTATION_CONTEXT('2D SPACE',''
  ) );
#2468 = ADVANCED_FACE('',(#2469),#1568,.T.);
#2469 = FACE_BOUND('',#2470,.T.);
#2470 = EDGE_LOOP('',(#2471,#2472,#2473));
#2471 = ORIENTED_EDGE('',*,*,#1623,.T.);
#2472 = ORIENTED_EDGE('',*,*,#1696,.T.);
#2473 = ORIENTED_EDGE('',*,*,#1551,.T.);
#2474 = ADVANCED_FACE('',(#2475),#1737,.F.);
#2475 = FACE_BOUND('',#2476,.F.);
#2476 = EDGE_LOOP('',(#2477,#2478,#2501,#2523));
#2477 = ORIENTED_EDGE('',*,*,#1720,.F.);
#2478 = ORIENTED_EDGE('',*,*,#2479,.F.);
#2479 = EDGE_CURVE('',#2480,#1721,#2482,.T.);
#2480 = VERTEX_POINT('',#2481);
#2481 = CARTESIAN_POINT('',(211.,-2.694222958124E-15,0.));
#2482 = SEAM_CURVE('',#2483,(#2487,#2494),.PCURVE_S1.);
#2483 = LINE('',#2484,#2485);
#2484 = CARTESIAN_POINT('',(211.,-2.694222958124E-15,-1.));
#2485 = VECTOR('',#2486,1.);
#2486 = DIRECTION('',(0.,0.,1.));
#2487 = PCURVE('',#1737,#2488);
#2488 = DEFINITIONAL_REPRESENTATION('',(#2489),#2493);
#2489 = LINE('',#2490,#2491);
#2490 = CARTESIAN_POINT('',(6.28318530718,-0.));
#2491 = VECTOR('',#2492,1.);
#2492 = DIRECTION('',(0.,1.));
#2493 = ( GEOMETRIC_REPRESENTATION_CONTEXT(2) 
PARAMETRIC_REPRESENTATION_CONTEXT() REPRESENTATION_CONTEXT('2D SPACE',''
  ) );
#2494 = PCURVE('',#1737,#2495);
#2495 = DEFINITIONAL_REPRESENTATION('',(#2496),#2500);
#2496 = LINE('',#2497,#2498);
#2497 = CARTESIAN_POINT('',(0.,-0.));
#2498 = VECTOR('',#2499,1.);
#2499 = DIRECTION('',(0.,1.));
#2500 = ( GEOMETRIC_REPRESENTATION_CONTEXT(2) 
PARAMETRIC_REPRESENTATION_CONTEXT() REPRESENTATION_CONTEXT('2D SPACE',''
  ) );
#2501 = ORIENTED_EDGE('',*,*,#2502,.T.);
#2502 = EDGE_CURVE('',#2480,#2480,#2503,.T.);
#2503 = SURFACE_CURVE('',#2504,(#2509,#2516),.PCURVE_S1.);
#2504 = CIRCLE('',#2505,11.);
#2505 = AXIS2_PLACEMENT_3D('',#2506,#2507,#2508);
#2506 = CARTESIAN_POINT('',(200.,0.,0.));
#2507 = DIRECTION('',(0.,0.,1.));
#2508 = DIRECTION('',(1.,0.,-0.));
#2509 = PCURVE('',#1737,#2510);
#2510 = DEFINITIONAL_REPRESENTATION('',(#2511),#2515);
#2511 = LINE('',#2512,#2513);
#2512 = CARTESIAN_POINT('',(0.,1.));
#2513 = VECTOR('',#2514,1.);
#2514 = DIRECTION('',(1.,0.));
#2515 = ( GEOMETRIC_REPRESENTATION_CONTEXT(2) 
PARAMETRIC_REPRESENTATION_CONTEXT() REPRESENTATION_CONTEXT('2D SPACE',''
  ) );
#2516 = PCURVE('',#2408,#2517);
#2517 = DEFINITIONAL_REPRESENTATION('',(#2518),#2522);
#2518 = CIRCLE('',#2519,11.);
#2519 = AXIS2_PLACEMENT_2D('',#2520,#2521);
#2520 = CARTESIAN_POINT('',(0.,0.));
#2521 = DIRECTION('',(1.,0.));
#2522 = ( GEOMETRIC_REPRESENTATION_CONTEXT(2) 
PARAMETRIC_REPRESENTATION_CONTEXT() REPRESENTATION_CONTEXT('2D SPACE',''
  ) );
#2523 = ORIENTED_EDGE('',*,*,#2479,.T.);
#2524 = ADVANCED_FACE('',(#2525),#1790,.T.);
#2525 = FACE_BOUND('',#2526,.T.);
#2526 = EDGE_LOOP('',(#2527,#2528,#2529,#2553,#2578,#2579));
#2527 = ORIENTED_EDGE('',*,*,#1809,.F.);
#2528 = ORIENTED_EDGE('',*,*,#2420,.F.);
#2529 = ORIENTED_EDGE('',*,*,#2530,.T.);
#2530 = EDGE_CURVE('',#2392,#2531,#2533,.T.);
#2531 = VERTEX_POINT('',#2532);
#2532 = CARTESIAN_POINT('',(178.68767004711,10.338776728414,0.));
#2533 = SURFACE_CURVE('',#2534,(#2539,#2546),.PCURVE_S1.);
#2534 = CIRCLE('',#2535,23.687670047111);
#2535 = AXIS2_PLACEMENT_3D('',#2536,#2537,#2538);
#2536 = CARTESIAN_POINT('',(200.,0.,0.));
#2537 = DIRECTION('',(0.,0.,1.));
#2538 = DIRECTION('',(1.,0.,-0.));
#2539 = PCURVE('',#1790,#2540);
#2540 = DEFINITIONAL_REPRESENTATION('',(#2541),#2545);
#2541 = LINE('',#2542,#2543);
#2542 = CARTESIAN_POINT('',(0.,0.));
#2543 = VECTOR('',#2544,1.);
#2544 = DIRECTION('',(1.,0.));
#2545 = ( GEOMETRIC_REPRESENTATION_CONTEXT(2) 
PARAMETRIC_REPRESENTATION_CONTEXT() REPRESENTATION_CONTEXT('2D SPACE',''
  ) );
#2546 = PCURVE('',#2408,#2547);
#2547 = DEFINITIONAL_REPRESENTATION('',(#2548),#2552);
#2548 = CIRCLE('',#2549,23.687670047111);
#2549 = AXIS2_PLACEMENT_2D('',#2550,#2551);
#2550 = CARTESIAN_POINT('',(0.,0.));
#2551 = DIRECTION('',(1.,0.));
#2552 = ( GEOMETRIC_REPRESENTATION_CONTEXT(2) 
PARAMETRIC_REPRESENTATION_CONTEXT() REPRESENTATION_CONTEXT('2D SPACE',''
  ) );
#2553 = ORIENTED_EDGE('',*,*,#2554,.F.);
#2554 = EDGE_CURVE('',#2318,#2531,#2555,.T.);
#2555 = SURFACE_CURVE('',#2556,(#2561,#2571),.PCURVE_S1.);
#2556 = PARABOLA('',#2557,1.961004211822);
#2557 = AXIS2_PLACEMENT_3D('',#2558,#2559,#2560);
#2558 = CARTESIAN_POINT('',(177.5,0.,-13.5751307569));
#2559 = DIRECTION('',(0.996194698092,0.,-8.715574274766E-02));
#2560 = DIRECTION('',(8.715574274766E-02,0.,0.996194698092));
#2561 = PCURVE('',#1790,#2562);
#2562 = DEFINITIONAL_REPRESENTATION('',(#2563),#2570);
#2563 = B_SPLINE_CURVE_WITH_KNOTS('',5,(#2564,#2565,#2566,#2567,#2568,
    #2569),.UNSPECIFIED.,.F.,.F.,(6,6),(-12.60391091583,-10.33877672841)
  ,.PIECEWISE_BEZIER_KNOTS.);
#2564 = CARTESIAN_POINT('',(2.595414069227,6.6));
#2565 = CARTESIAN_POINT('',(2.614083966595,5.149676248321));
#2566 = CARTESIAN_POINT('',(2.632875899505,3.764514372482));
#2567 = CARTESIAN_POINT('',(2.651784685141,2.444514372482));
#2568 = CARTESIAN_POINT('',(2.670804647825,1.189676248321));
#2569 = CARTESIAN_POINT('',(2.689929654066,1.65709160867E-13));
#2570 = ( GEOMETRIC_REPRESENTATION_CONTEXT(2) 
PARAMETRIC_REPRESENTATION_CONTEXT() REPRESENTATION_CONTEXT('2D SPACE',''
  ) );
#2571 = PCURVE('',#2356,#2572);
#2572 = DEFINITIONAL_REPRESENTATION('',(#2573),#2577);
#2573 = B_SPLINE_CURVE_WITH_KNOTS('',2,(#2574,#2575,#2576),
  .UNSPECIFIED.,.F.,.F.,(3,3),(-12.60391091583,-10.33877672841),
  .PIECEWISE_BEZIER_KNOTS.);
#2574 = CARTESIAN_POINT('',(6.567913364636,-30.60391091583));
#2575 = CARTESIAN_POINT('',(2.928253982647,-29.47134382212));
#2576 = CARTESIAN_POINT('',(-5.729756315004E-02,-28.33877672841));
#2577 = ( GEOMETRIC_REPRESENTATION_CONTEXT(2) 
PARAMETRIC_REPRESENTATION_CONTEXT() REPRESENTATION_CONTEXT('2D SPACE',''
  ) );
#2578 = ORIENTED_EDGE('',*,*,#2317,.T.);
#2579 = ORIENTED_EDGE('',*,*,#1775,.F.);
#2580 = ADVANCED_FACE('',(#2581),#2062,.T.);
#2581 = FACE_BOUND('',#2582,.T.);
#2582 = EDGE_LOOP('',(#2583,#2584,#2605,#2624));
#2583 = ORIENTED_EDGE('',*,*,#2047,.F.);
#2584 = ORIENTED_EDGE('',*,*,#2585,.F.);
#2585 = EDGE_CURVE('',#2586,#2022,#2588,.T.);
#2586 = VERTEX_POINT('',#2587);
#2587 = CARTESIAN_POINT('',(178.68767004711,-16.68767004711,0.));
#2588 = SURFACE_CURVE('',#2589,(#2593,#2599),.PCURVE_S1.);
#2589 = LINE('',#2590,#2591);
#2590 = CARTESIAN_POINT('',(178.09941108736,-16.09941108736,
    -6.723830677467));
#2591 = VECTOR('',#2592,1.);
#2592 = DIRECTION('',(8.682659386425E-02,-8.682659386425E-02,
    0.992432509139));
#2593 = PCURVE('',#2062,#2594);
#2594 = DEFINITIONAL_REPRESENTATION('',(#2595),#2598);
#2595 = B_SPLINE_CURVE_WITH_KNOTS('',1,(#2596,#2597),.UNSPECIFIED.,.F.,
  .F.,(2,2),(6.775101193834,12.820852360536),.PIECEWISE_BEZIER_KNOTS.);
#2596 = CARTESIAN_POINT('',(-5.729756315021E-02,-1.312329952889));
#2597 = CARTESIAN_POINT('',(5.96562146211,-0.787397971733));
#2598 = ( GEOMETRIC_REPRESENTATION_CONTEXT(2) 
PARAMETRIC_REPRESENTATION_CONTEXT() REPRESENTATION_CONTEXT('2D SPACE',''
  ) );
#2599 = PCURVE('',#2036,#2600);
#2600 = DEFINITIONAL_REPRESENTATION('',(#2601),#2604);
#2601 = B_SPLINE_CURVE_WITH_KNOTS('',1,(#2602,#2603),.UNSPECIFIED.,.F.,
  .F.,(2,2),(6.775101193834,12.820852360536),.PIECEWISE_BEZIER_KNOTS.);
#2602 = CARTESIAN_POINT('',(-5.729756315021E-02,158.68767004711));
#2603 = CARTESIAN_POINT('',(5.96562146211,159.21260202826));
#2604 = ( GEOMETRIC_REPRESENTATION_CONTEXT(2) 
PARAMETRIC_REPRESENTATION_CONTEXT() REPRESENTATION_CONTEXT('2D SPACE',''
  ) );
#2605 = ORIENTED_EDGE('',*,*,#2606,.T.);
#2606 = EDGE_CURVE('',#2586,#2390,#2607,.T.);
#2607 = SURFACE_CURVE('',#2608,(#2612,#2618),.PCURVE_S1.);
#2608 = LINE('',#2609,#2610);
#2609 = CARTESIAN_POINT('',(178.68767004711,-18.,0.));
#2610 = VECTOR('',#2611,1.);
#2611 = DIRECTION('',(-0.,1.,-0.));
#2612 = PCURVE('',#2062,#2613);
#2613 = DEFINITIONAL_REPRESENTATION('',(#2614),#2617);
#2614 = B_SPLINE_CURVE_WITH_KNOTS('',1,(#2615,#2616),.UNSPECIFIED.,.F.,
  .F.,(2,2),(1.312329952889,34.687670047111),.PIECEWISE_BEZIER_KNOTS.);
#2615 = CARTESIAN_POINT('',(-5.729756315021E-02,-1.312329952889));
#2616 = CARTESIAN_POINT('',(-5.729756315021E-02,-34.68767004711));
#2617 = ( GEOMETRIC_REPRESENTATION_CONTEXT(2) 
PARAMETRIC_REPRESENTATION_CONTEXT() REPRESENTATION_CONTEXT('2D SPACE',''
  ) );
#2618 = PCURVE('',#2135,#2619);
#2619 = DEFINITIONAL_REPRESENTATION('',(#2620),#2623);
#2620 = B_SPLINE_CURVE_WITH_KNOTS('',1,(#2621,#2622),.UNSPECIFIED.,.F.,
  .F.,(2,2),(1.312329952889,34.687670047111),.PIECEWISE_BEZIER_KNOTS.);
#2621 = CARTESIAN_POINT('',(158.68767004711,1.312329952889));
#2622 = CARTESIAN_POINT('',(158.68767004711,34.687670047111));
#2623 = ( GEOMETRIC_REPRESENTATION_CONTEXT(2) 
PARAMETRIC_REPRESENTATION_CONTEXT() REPRESENTATION_CONTEXT('2D SPACE',''
  ) );
#2624 = ORIENTED_EDGE('',*,*,#2444,.T.);
#2625 = ADVANCED_FACE('',(#2626),#2036,.F.);
#2626 = FACE_BOUND('',#2627,.F.);
#2627 = EDGE_LOOP('',(#2628,#2647,#2648,#2649));
#2628 = ORIENTED_EDGE('',*,*,#2629,.F.);
#2629 = EDGE_CURVE('',#2102,#2586,#2630,.T.);
#2630 = SURFACE_CURVE('',#2631,(#2635,#2641),.PCURVE_S1.);
#2631 = LINE('',#2632,#2633);
#2632 = CARTESIAN_POINT('',(20.,-16.68767004711,0.));
#2633 = VECTOR('',#2634,1.);
#2634 = DIRECTION('',(1.,0.,0.));
#2635 = PCURVE('',#2036,#2636);
#2636 = DEFINITIONAL_REPRESENTATION('',(#2637),#2640);
#2637 = B_SPLINE_CURVE_WITH_KNOTS('',1,(#2638,#2639),.UNSPECIFIED.,.F.,
  .F.,(2,2),(1.312329952889,158.68767004711),.PIECEWISE_BEZIER_KNOTS.);
#2638 = CARTESIAN_POINT('',(-5.729756315021E-02,1.312329952889));
#2639 = CARTESIAN_POINT('',(-5.729756315021E-02,158.68767004711));
#2640 = ( GEOMETRIC_REPRESENTATION_CONTEXT(2) 
PARAMETRIC_REPRESENTATION_CONTEXT() REPRESENTATION_CONTEXT('2D SPACE',''
  ) );
#2641 = PCURVE('',#2135,#2642);
#2642 = DEFINITIONAL_REPRESENTATION('',(#2643),#2646);
#2643 = B_SPLINE_CURVE_WITH_KNOTS('',1,(#2644,#2645),.UNSPECIFIED.,.F.,
  .F.,(2,2),(1.312329952889,158.68767004711),.PIECEWISE_BEZIER_KNOTS.);
#2644 = CARTESIAN_POINT('',(1.312329952889,1.312329952889));
#2645 = CARTESIAN_POINT('',(158.68767004711,1.312329952889));
#2646 = ( GEOMETRIC_REPRESENTATION_CONTEXT(2) 
PARAMETRIC_REPRESENTATION_CONTEXT() REPRESENTATION_CONTEXT('2D SPACE',''
  ) );
#2647 = ORIENTED_EDGE('',*,*,#2101,.T.);
#2648 = ORIENTED_EDGE('',*,*,#2021,.T.);
#2649 = ORIENTED_EDGE('',*,*,#2585,.F.);
#2650 = ADVANCED_FACE('',(#2651),#2135,.F.);
#2651 = FACE_BOUND('',#2652,.F.);
#2652 = EDGE_LOOP('',(#2653,#2677,#2678,#2679,#2680,#2709));
#2653 = ORIENTED_EDGE('',*,*,#2654,.F.);
#2654 = EDGE_CURVE('',#1303,#2655,#2657,.T.);
#2655 = VERTEX_POINT('',#2656);
#2656 = CARTESIAN_POINT('',(23.219204589956,-4.687670047111,0.));
#2657 = SURFACE_CURVE('',#2658,(#2663,#2670),.PCURVE_S1.);
#2658 = CIRCLE('',#2659,23.687670047111);
#2659 = AXIS2_PLACEMENT_3D('',#2660,#2661,#2662);
#2660 = CARTESIAN_POINT('',(0.,0.,0.));
#2661 = DIRECTION('',(0.,0.,1.));
#2662 = DIRECTION('',(1.,0.,-0.));
#2663 = PCURVE('',#2135,#2664);
#2664 = DEFINITIONAL_REPRESENTATION('',(#2665),#2669);
#2665 = CIRCLE('',#2666,23.687670047111);
#2666 = AXIS2_PLACEMENT_2D('',#2667,#2668);
#2667 = CARTESIAN_POINT('',(-20.,18.));
#2668 = DIRECTION('',(1.,0.));
#2669 = ( GEOMETRIC_REPRESENTATION_CONTEXT(2) 
PARAMETRIC_REPRESENTATION_CONTEXT() REPRESENTATION_CONTEXT('2D SPACE',''
  ) );
#2670 = PCURVE('',#2221,#2671);
#2671 = DEFINITIONAL_REPRESENTATION('',(#2672),#2676);
#2672 = CIRCLE('',#2673,23.687670047111);
#2673 = AXIS2_PLACEMENT_2D('',#2674,#2675);
#2674 = CARTESIAN_POINT('',(0.,0.));
#2675 = DIRECTION('',(1.,0.));
#2676 = ( GEOMETRIC_REPRESENTATION_CONTEXT(2) 
PARAMETRIC_REPRESENTATION_CONTEXT() REPRESENTATION_CONTEXT('2D SPACE',''
  ) );
#2677 = ORIENTED_EDGE('',*,*,#2122,.F.);
#2678 = ORIENTED_EDGE('',*,*,#2629,.T.);
#2679 = ORIENTED_EDGE('',*,*,#2606,.T.);
#2680 = ORIENTED_EDGE('',*,*,#2681,.F.);
#2681 = EDGE_CURVE('',#2682,#2390,#2684,.T.);
#2682 = VERTEX_POINT('',#2683);
#2683 = CARTESIAN_POINT('',(176.78079541004,-4.687670047111,0.));
#2684 = SURFACE_CURVE('',#2685,(#2690,#2697),.PCURVE_S1.);
#2685 = CIRCLE('',#2686,23.687670047111);
#2686 = AXIS2_PLACEMENT_3D('',#2687,#2688,#2689);
#2687 = CARTESIAN_POINT('',(200.,0.,0.));
#2688 = DIRECTION('',(0.,0.,1.));
#2689 = DIRECTION('',(1.,0.,-0.));
#2690 = PCURVE('',#2135,#2691);
#2691 = DEFINITIONAL_REPRESENTATION('',(#2692),#2696);
#2692 = CIRCLE('',#2693,23.687670047111);
#2693 = AXIS2_PLACEMENT_2D('',#2694,#2695);
#2694 = CARTESIAN_POINT('',(180.,18.));
#2695 = DIRECTION('',(1.,0.));
#2696 = ( GEOMETRIC_REPRESENTATION_CONTEXT(2) 
PARAMETRIC_REPRESENTATION_CONTEXT() REPRESENTATION_CONTEXT('2D SPACE',''
  ) );
#2697 = PCURVE('',#2698,#2703);
#2698 = PLANE('',#2699);
#2699 = AXIS2_PLACEMENT_3D('',#2700,#2701,#2702);
#2700 = CARTESIAN_POINT('',(200.,0.,0.));
#2701 = DIRECTION('',(0.,0.,1.));
#2702 = DIRECTION('',(1.,0.,-0.));
#2703 = DEFINITIONAL_REPRESENTATION('',(#2704),#2708);
#2704 = CIRCLE('',#2705,23.687670047111);
#2705 = AXIS2_PLACEMENT_2D('',#2706,#2707);
#2706 = CARTESIAN_POINT('',(0.,0.));
#2707 = DIRECTION('',(1.,0.));
#2708 = ( GEOMETRIC_REPRESENTATION_CONTEXT(2) 
PARAMETRIC_REPRESENTATION_CONTEXT() REPRESENTATION_CONTEXT('2D SPACE',''
  ) );
#2709 = ORIENTED_EDGE('',*,*,#2710,.F.);
#2710 = EDGE_CURVE('',#2655,#2682,#2711,.T.);
#2711 = SURFACE_CURVE('',#2712,(#2716,#2723),.PCURVE_S1.);
#2712 = LINE('',#2713,#2714);
#2713 = CARTESIAN_POINT('',(20.,-4.687670047111,0.));
#2714 = VECTOR('',#2715,1.);
#2715 = DIRECTION('',(1.,0.,0.));
#2716 = PCURVE('',#2135,#2717);
#2717 = DEFINITIONAL_REPRESENTATION('',(#2718),#2722);
#2718 = LINE('',#2719,#2720);
#2719 = CARTESIAN_POINT('',(0.,13.312329952889));
#2720 = VECTOR('',#2721,1.);
#2721 = DIRECTION('',(1.,0.));
#2722 = ( GEOMETRIC_REPRESENTATION_CONTEXT(2) 
PARAMETRIC_REPRESENTATION_CONTEXT() REPRESENTATION_CONTEXT('2D SPACE',''
  ) );
#2723 = PCURVE('',#2724,#2729);
#2724 = PLANE('',#2725);
#2725 = AXIS2_PLACEMENT_3D('',#2726,#2727,#2728);
#2726 = CARTESIAN_POINT('',(20.,-6.,0.));
#2727 = DIRECTION('',(0.,0.,1.));
#2728 = DIRECTION('',(1.,0.,-0.));
#2729 = DEFINITIONAL_REPRESENTATION('',(#2730),#2733);
#2730 = B_SPLINE_CURVE_WITH_KNOTS('',1,(#2731,#2732),.UNSPECIFIED.,.F.,
  .F.,(2,2),(1.312329952889,158.68767004711),.PIECEWISE_BEZIER_KNOTS.);
#2731 = CARTESIAN_POINT('',(1.312329952889,1.312329952889));
#2732 = CARTESIAN_POINT('',(158.68767004711,1.312329952889));
#2733 = ( GEOMETRIC_REPRESENTATION_CONTEXT(2) 
PARAMETRIC_REPRESENTATION_CONTEXT() REPRESENTATION_CONTEXT('2D SPACE',''
  ) );
#2734 = ADVANCED_FACE('',(#2735),#2168,.F.);
#2735 = FACE_BOUND('',#2736,.F.);
#2736 = EDGE_LOOP('',(#2737,#2761,#2785,#2806,#2807));
#2737 = ORIENTED_EDGE('',*,*,#2738,.T.);
#2738 = EDGE_CURVE('',#2655,#2739,#2741,.T.);
#2739 = VERTEX_POINT('',#2740);
#2740 = CARTESIAN_POINT('',(23.687670047111,-5.801805860491E-15,0.));
#2741 = SURFACE_CURVE('',#2742,(#2747,#2754),.PCURVE_S1.);
#2742 = CIRCLE('',#2743,23.687670047111);
#2743 = AXIS2_PLACEMENT_3D('',#2744,#2745,#2746);
#2744 = CARTESIAN_POINT('',(0.,0.,0.));
#2745 = DIRECTION('',(0.,0.,1.));
#2746 = DIRECTION('',(1.,0.,-0.));
#2747 = PCURVE('',#2168,#2748);
#2748 = DEFINITIONAL_REPRESENTATION('',(#2749),#2753);
#2749 = CIRCLE('',#2750,23.687670047111);
#2750 = AXIS2_PLACEMENT_2D('',#2751,#2752);
#2751 = CARTESIAN_POINT('',(0.,0.));
#2752 = DIRECTION('',(1.,0.));
#2753 = ( GEOMETRIC_REPRESENTATION_CONTEXT(2) 
PARAMETRIC_REPRESENTATION_CONTEXT() REPRESENTATION_CONTEXT('2D SPACE',''
  ) );
#2754 = PCURVE('',#2724,#2755);
#2755 = DEFINITIONAL_REPRESENTATION('',(#2756),#2760);
#2756 = CIRCLE('',#2757,23.687670047111);
#2757 = AXIS2_PLACEMENT_2D('',#2758,#2759);
#2758 = CARTESIAN_POINT('',(-20.,6.));
#2759 = DIRECTION('',(1.,0.));
#2760 = ( GEOMETRIC_REPRESENTATION_CONTEXT(2) 
PARAMETRIC_REPRESENTATION_CONTEXT() REPRESENTATION_CONTEXT('2D SPACE',''
  ) );
#2761 = ORIENTED_EDGE('',*,*,#2762,.T.);
#2762 = EDGE_CURVE('',#2739,#2763,#2765,.T.);
#2763 = VERTEX_POINT('',#2764);
#2764 = CARTESIAN_POINT('',(23.219204589956,4.687670047111,0.));
#2765 = SURFACE_CURVE('',#2766,(#2771,#2778),.PCURVE_S1.);
#2766 = CIRCLE('',#2767,23.687670047111);
#2767 = AXIS2_PLACEMENT_3D('',#2768,#2769,#2770);
#2768 = CARTESIAN_POINT('',(0.,0.,0.));
#2769 = DIRECTION('',(0.,0.,1.));
#2770 = DIRECTION('',(1.,0.,-0.));
#2771 = PCURVE('',#2168,#2772);
#2772 = DEFINITIONAL_REPRESENTATION('',(#2773),#2777);
#2773 = CIRCLE('',#2774,23.687670047111);
#2774 = AXIS2_PLACEMENT_2D('',#2775,#2776);
#2775 = CARTESIAN_POINT('',(0.,0.));
#2776 = DIRECTION('',(1.,0.));
#2777 = ( GEOMETRIC_REPRESENTATION_CONTEXT(2) 
PARAMETRIC_REPRESENTATION_CONTEXT() REPRESENTATION_CONTEXT('2D SPACE',''
  ) );
#2778 = PCURVE('',#2724,#2779);
#2779 = DEFINITIONAL_REPRESENTATION('',(#2780),#2784);
#2780 = CIRCLE('',#2781,23.687670047111);
#2781 = AXIS2_PLACEMENT_2D('',#2782,#2783);
#2782 = CARTESIAN_POINT('',(-20.,6.));
#2783 = DIRECTION('',(1.,0.));
#2784 = ( GEOMETRIC_REPRESENTATION_CONTEXT(2) 
PARAMETRIC_REPRESENTATION_CONTEXT() REPRESENTATION_CONTEXT('2D SPACE',''
  ) );
#2785 = ORIENTED_EDGE('',*,*,#2786,.F.);
#2786 = EDGE_CURVE('',#2153,#2763,#2787,.T.);
#2787 = SURFACE_CURVE('',#2788,(#2792,#2799),.PCURVE_S1.);
#2788 = LINE('',#2789,#2790);
#2789 = CARTESIAN_POINT('',(20.,4.687670047111,0.));
#2790 = VECTOR('',#2791,1.);
#2791 = DIRECTION('',(1.,-0.,0.));
#2792 = PCURVE('',#2168,#2793);
#2793 = DEFINITIONAL_REPRESENTATION('',(#2794),#2798);
#2794 = LINE('',#2795,#2796);
#2795 = CARTESIAN_POINT('',(20.,4.687670047111));
#2796 = VECTOR('',#2797,1.);
#2797 = DIRECTION('',(1.,0.));
#2798 = ( GEOMETRIC_REPRESENTATION_CONTEXT(2) 
PARAMETRIC_REPRESENTATION_CONTEXT() REPRESENTATION_CONTEXT('2D SPACE',''
  ) );
#2799 = PCURVE('',#2194,#2800);
#2800 = DEFINITIONAL_REPRESENTATION('',(#2801),#2805);
#2801 = LINE('',#2802,#2803);
#2802 = CARTESIAN_POINT('',(20.,4.687670047111));
#2803 = VECTOR('',#2804,1.);
#2804 = DIRECTION('',(1.,0.));
#2805 = ( GEOMETRIC_REPRESENTATION_CONTEXT(2) 
PARAMETRIC_REPRESENTATION_CONTEXT() REPRESENTATION_CONTEXT('2D SPACE',''
  ) );
#2806 = ORIENTED_EDGE('',*,*,#2150,.F.);
#2807 = ORIENTED_EDGE('',*,*,#2808,.T.);
#2808 = EDGE_CURVE('',#2151,#2655,#2809,.T.);
#2809 = SURFACE_CURVE('',#2810,(#2814,#2821),.PCURVE_S1.);
#2810 = LINE('',#2811,#2812);
#2811 = CARTESIAN_POINT('',(20.,-4.687670047111,0.));
#2812 = VECTOR('',#2813,1.);
#2813 = DIRECTION('',(1.,0.,0.));
#2814 = PCURVE('',#2168,#2815);
#2815 = DEFINITIONAL_REPRESENTATION('',(#2816),#2820);
#2816 = LINE('',#2817,#2818);
#2817 = CARTESIAN_POINT('',(20.,-4.687670047111));
#2818 = VECTOR('',#2819,1.);
#2819 = DIRECTION('',(1.,0.));
#2820 = ( GEOMETRIC_REPRESENTATION_CONTEXT(2) 
PARAMETRIC_REPRESENTATION_CONTEXT() REPRESENTATION_CONTEXT('2D SPACE',''
  ) );
#2821 = PCURVE('',#2221,#2822);
#2822 = DEFINITIONAL_REPRESENTATION('',(#2823),#2827);
#2823 = LINE('',#2824,#2825);
#2824 = CARTESIAN_POINT('',(20.,-4.687670047111));
#2825 = VECTOR('',#2826,1.);
#2826 = DIRECTION('',(1.,0.));
#2827 = ( GEOMETRIC_REPRESENTATION_CONTEXT(2) 
PARAMETRIC_REPRESENTATION_CONTEXT() REPRESENTATION_CONTEXT('2D SPACE',''
  ) );
#2828 = ADVANCED_FACE('',(#2829),#2194,.F.);
#2829 = FACE_BOUND('',#2830,.F.);
#2830 = EDGE_LOOP('',(#2831,#2832,#2833));
#2831 = ORIENTED_EDGE('',*,*,#2180,.F.);
#2832 = ORIENTED_EDGE('',*,*,#2786,.T.);
#2833 = ORIENTED_EDGE('',*,*,#2834,.T.);
#2834 = EDGE_CURVE('',#2763,#1271,#2835,.T.);
#2835 = SURFACE_CURVE('',#2836,(#2841,#2848),.PCURVE_S1.);
#2836 = CIRCLE('',#2837,23.687670047111);
#2837 = AXIS2_PLACEMENT_3D('',#2838,#2839,#2840);
#2838 = CARTESIAN_POINT('',(0.,0.,0.));
#2839 = DIRECTION('',(0.,0.,1.));
#2840 = DIRECTION('',(1.,0.,-0.));
#2841 = PCURVE('',#2194,#2842);
#2842 = DEFINITIONAL_REPRESENTATION('',(#2843),#2847);
#2843 = CIRCLE('',#2844,23.687670047111);
#2844 = AXIS2_PLACEMENT_2D('',#2845,#2846);
#2845 = CARTESIAN_POINT('',(0.,0.));
#2846 = DIRECTION('',(1.,0.));
#2847 = ( GEOMETRIC_REPRESENTATION_CONTEXT(2) 
PARAMETRIC_REPRESENTATION_CONTEXT() REPRESENTATION_CONTEXT('2D SPACE',''
  ) );
#2848 = PCURVE('',#2276,#2849);
#2849 = DEFINITIONAL_REPRESENTATION('',(#2850),#2854);
#2850 = CIRCLE('',#2851,23.687670047111);
#2851 = AXIS2_PLACEMENT_2D('',#2852,#2853);
#2852 = CARTESIAN_POINT('',(-20.,18.));
#2853 = DIRECTION('',(1.,0.));
#2854 = ( GEOMETRIC_REPRESENTATION_CONTEXT(2) 
PARAMETRIC_REPRESENTATION_CONTEXT() REPRESENTATION_CONTEXT('2D SPACE',''
  ) );
#2855 = ADVANCED_FACE('',(#2856),#2221,.F.);
#2856 = FACE_BOUND('',#2857,.F.);
#2857 = EDGE_LOOP('',(#2858,#2859,#2860));
#2858 = ORIENTED_EDGE('',*,*,#2808,.F.);
#2859 = ORIENTED_EDGE('',*,*,#2207,.F.);
#2860 = ORIENTED_EDGE('',*,*,#2654,.T.);
#2861 = ADVANCED_FACE('',(#2862),#2300,.T.);
#2862 = FACE_BOUND('',#2863,.T.);
#2863 = EDGE_LOOP('',(#2864,#2885,#2886,#2887));
#2864 = ORIENTED_EDGE('',*,*,#2865,.F.);
#2865 = EDGE_CURVE('',#2262,#2866,#2868,.T.);
#2866 = VERTEX_POINT('',#2867);
#2867 = CARTESIAN_POINT('',(178.68767004711,16.687670047111,0.));
#2868 = SURFACE_CURVE('',#2869,(#2873,#2879),.PCURVE_S1.);
#2869 = LINE('',#2870,#2871);
#2870 = CARTESIAN_POINT('',(20.,16.687670047111,0.));
#2871 = VECTOR('',#2872,1.);
#2872 = DIRECTION('',(1.,-0.,0.));
#2873 = PCURVE('',#2300,#2874);
#2874 = DEFINITIONAL_REPRESENTATION('',(#2875),#2878);
#2875 = B_SPLINE_CURVE_WITH_KNOTS('',1,(#2876,#2877),.UNSPECIFIED.,.F.,
  .F.,(2,2),(1.312329952889,158.68767004711),.PIECEWISE_BEZIER_KNOTS.);
#2876 = CARTESIAN_POINT('',(-5.729756315021E-02,1.312329952889));
#2877 = CARTESIAN_POINT('',(-5.729756315021E-02,158.68767004711));
#2878 = ( GEOMETRIC_REPRESENTATION_CONTEXT(2) 
PARAMETRIC_REPRESENTATION_CONTEXT() REPRESENTATION_CONTEXT('2D SPACE',''
  ) );
#2879 = PCURVE('',#2276,#2880);
#2880 = DEFINITIONAL_REPRESENTATION('',(#2881),#2884);
#2881 = B_SPLINE_CURVE_WITH_KNOTS('',1,(#2882,#2883),.UNSPECIFIED.,.F.,
  .F.,(2,2),(1.312329952889,158.68767004711),.PIECEWISE_BEZIER_KNOTS.);
#2882 = CARTESIAN_POINT('',(1.312329952889,34.687670047111));
#2883 = CARTESIAN_POINT('',(158.68767004711,34.687670047111));
#2884 = ( GEOMETRIC_REPRESENTATION_CONTEXT(2) 
PARAMETRIC_REPRESENTATION_CONTEXT() REPRESENTATION_CONTEXT('2D SPACE',''
  ) );
#2885 = ORIENTED_EDGE('',*,*,#2287,.T.);
#2886 = ORIENTED_EDGE('',*,*,#2367,.T.);
#2887 = ORIENTED_EDGE('',*,*,#2888,.F.);
#2888 = EDGE_CURVE('',#2866,#2342,#2889,.T.);
#2889 = SURFACE_CURVE('',#2890,(#2894,#2900),.PCURVE_S1.);
#2890 = LINE('',#2891,#2892);
#2891 = CARTESIAN_POINT('',(177.96371165412,15.963711654128,
    -8.274882296823));
#2892 = VECTOR('',#2893,1.);
#2893 = DIRECTION('',(8.682659386425E-02,8.682659386425E-02,
    0.992432509139));
#2894 = PCURVE('',#2300,#2895);
#2895 = DEFINITIONAL_REPRESENTATION('',(#2896),#2899);
#2896 = B_SPLINE_CURVE_WITH_KNOTS('',1,(#2897,#2898),.UNSPECIFIED.,.F.,
  .F.,(2,2),(8.33797988339,14.383731050092),.PIECEWISE_BEZIER_KNOTS.);
#2897 = CARTESIAN_POINT('',(-5.729756315021E-02,158.68767004711));
#2898 = CARTESIAN_POINT('',(5.96562146211,159.21260202826));
#2899 = ( GEOMETRIC_REPRESENTATION_CONTEXT(2) 
PARAMETRIC_REPRESENTATION_CONTEXT() REPRESENTATION_CONTEXT('2D SPACE',''
  ) );
#2900 = PCURVE('',#2356,#2901);
#2901 = DEFINITIONAL_REPRESENTATION('',(#2902),#2905);
#2902 = B_SPLINE_CURVE_WITH_KNOTS('',1,(#2903,#2904),.UNSPECIFIED.,.F.,
  .F.,(2,2),(8.33797988339,14.383731050092),.PIECEWISE_BEZIER_KNOTS.);
#2903 = CARTESIAN_POINT('',(-5.729756315021E-02,-34.68767004711));
#2904 = CARTESIAN_POINT('',(5.96562146211,-35.21260202826));
#2905 = ( GEOMETRIC_REPRESENTATION_CONTEXT(2) 
PARAMETRIC_REPRESENTATION_CONTEXT() REPRESENTATION_CONTEXT('2D SPACE',''
  ) );
#2906 = ADVANCED_FACE('',(#2907),#2276,.F.);
#2907 = FACE_BOUND('',#2908,.F.);
#2908 = EDGE_LOOP('',(#2909,#2910,#2911,#2933,#2960,#2979));
#2909 = ORIENTED_EDGE('',*,*,#2261,.F.);
#2910 = ORIENTED_EDGE('',*,*,#2834,.F.);
#2911 = ORIENTED_EDGE('',*,*,#2912,.T.);
#2912 = EDGE_CURVE('',#2763,#2913,#2915,.T.);
#2913 = VERTEX_POINT('',#2914);
#2914 = CARTESIAN_POINT('',(176.78079541004,4.687670047111,0.));
#2915 = SURFACE_CURVE('',#2916,(#2920,#2927),.PCURVE_S1.);
#2916 = LINE('',#2917,#2918);
#2917 = CARTESIAN_POINT('',(20.,4.687670047111,0.));
#2918 = VECTOR('',#2919,1.);
#2919 = DIRECTION('',(1.,-0.,0.));
#2920 = PCURVE('',#2276,#2921);
#2921 = DEFINITIONAL_REPRESENTATION('',(#2922),#2926);
#2922 = LINE('',#2923,#2924);
#2923 = CARTESIAN_POINT('',(0.,22.687670047111));
#2924 = VECTOR('',#2925,1.);
#2925 = DIRECTION('',(1.,0.));
#2926 = ( GEOMETRIC_REPRESENTATION_CONTEXT(2) 
PARAMETRIC_REPRESENTATION_CONTEXT() REPRESENTATION_CONTEXT('2D SPACE',''
  ) );
#2927 = PCURVE('',#2724,#2928);
#2928 = DEFINITIONAL_REPRESENTATION('',(#2929),#2932);
#2929 = B_SPLINE_CURVE_WITH_KNOTS('',1,(#2930,#2931),.UNSPECIFIED.,.F.,
  .F.,(2,2),(1.312329952889,158.68767004711),.PIECEWISE_BEZIER_KNOTS.);
#2930 = CARTESIAN_POINT('',(1.312329952889,10.687670047111));
#2931 = CARTESIAN_POINT('',(158.68767004711,10.687670047111));
#2932 = ( GEOMETRIC_REPRESENTATION_CONTEXT(2) 
PARAMETRIC_REPRESENTATION_CONTEXT() REPRESENTATION_CONTEXT('2D SPACE',''
  ) );
#2933 = ORIENTED_EDGE('',*,*,#2934,.F.);
#2934 = EDGE_CURVE('',#2531,#2913,#2935,.T.);
#2935 = SURFACE_CURVE('',#2936,(#2941,#2948),.PCURVE_S1.);
#2936 = CIRCLE('',#2937,23.687670047111);
#2937 = AXIS2_PLACEMENT_3D('',#2938,#2939,#2940);
#2938 = CARTESIAN_POINT('',(200.,0.,0.));
#2939 = DIRECTION('',(0.,0.,1.));
#2940 = DIRECTION('',(1.,0.,-0.));
#2941 = PCURVE('',#2276,#2942);
#2942 = DEFINITIONAL_REPRESENTATION('',(#2943),#2947);
#2943 = CIRCLE('',#2944,23.687670047111);
#2944 = AXIS2_PLACEMENT_2D('',#2945,#2946);
#2945 = CARTESIAN_POINT('',(180.,18.));
#2946 = DIRECTION('',(1.,0.));
#2947 = ( GEOMETRIC_REPRESENTATION_CONTEXT(2) 
PARAMETRIC_REPRESENTATION_CONTEXT() REPRESENTATION_CONTEXT('2D SPACE',''
  ) );
#2948 = PCURVE('',#2949,#2954);
#2949 = PLANE('',#2950);
#2950 = AXIS2_PLACEMENT_3D('',#2951,#2952,#2953);
#2951 = CARTESIAN_POINT('',(200.,0.,0.));
#2952 = DIRECTION('',(0.,0.,1.));
#2953 = DIRECTION('',(1.,0.,-0.));
#2954 = DEFINITIONAL_REPRESENTATION('',(#2955),#2959);
#2955 = CIRCLE('',#2956,23.687670047111);
#2956 = AXIS2_PLACEMENT_2D('',#2957,#2958);
#2957 = CARTESIAN_POINT('',(0.,0.));
#2958 = DIRECTION('',(1.,0.));
#2959 = ( GEOMETRIC_REPRESENTATION_CONTEXT(2) 
PARAMETRIC_REPRESENTATION_CONTEXT() REPRESENTATION_CONTEXT('2D SPACE',''
  ) );
#2960 = ORIENTED_EDGE('',*,*,#2961,.T.);
#2961 = EDGE_CURVE('',#2531,#2866,#2962,.T.);
#2962 = SURFACE_CURVE('',#2963,(#2967,#2973),.PCURVE_S1.);
#2963 = LINE('',#2964,#2965);
#2964 = CARTESIAN_POINT('',(178.68767004711,-18.,0.));
#2965 = VECTOR('',#2966,1.);
#2966 = DIRECTION('',(-0.,1.,-0.));
#2967 = PCURVE('',#2276,#2968);
#2968 = DEFINITIONAL_REPRESENTATION('',(#2969),#2972);
#2969 = B_SPLINE_CURVE_WITH_KNOTS('',1,(#2970,#2971),.UNSPECIFIED.,.F.,
  .F.,(2,2),(1.312329952889,34.687670047111),.PIECEWISE_BEZIER_KNOTS.);
#2970 = CARTESIAN_POINT('',(158.68767004711,1.312329952889));
#2971 = CARTESIAN_POINT('',(158.68767004711,34.687670047111));
#2972 = ( GEOMETRIC_REPRESENTATION_CONTEXT(2) 
PARAMETRIC_REPRESENTATION_CONTEXT() REPRESENTATION_CONTEXT('2D SPACE',''
  ) );
#2973 = PCURVE('',#2356,#2974);
#2974 = DEFINITIONAL_REPRESENTATION('',(#2975),#2978);
#2975 = B_SPLINE_CURVE_WITH_KNOTS('',1,(#2976,#2977),.UNSPECIFIED.,.F.,
  .F.,(2,2),(1.312329952889,34.687670047111),.PIECEWISE_BEZIER_KNOTS.);
#2976 = CARTESIAN_POINT('',(-5.729756315021E-02,-1.312329952889));
#2977 = CARTESIAN_POINT('',(-5.729756315021E-02,-34.68767004711));
#2978 = ( GEOMETRIC_REPRESENTATION_CONTEXT(2) 
PARAMETRIC_REPRESENTATION_CONTEXT() REPRESENTATION_CONTEXT('2D SPACE',''
  ) );
#2979 = ORIENTED_EDGE('',*,*,#2865,.F.);
#2980 = ADVANCED_FACE('',(#2981),#2356,.T.);
#2981 = FACE_BOUND('',#2982,.T.);
#2982 = EDGE_LOOP('',(#2983,#2984,#2985,#2986));
#2983 = ORIENTED_EDGE('',*,*,#2341,.F.);
#2984 = ORIENTED_EDGE('',*,*,#2554,.T.);
#2985 = ORIENTED_EDGE('',*,*,#2961,.T.);
#2986 = ORIENTED_EDGE('',*,*,#2888,.T.);
#2987 = ADVANCED_FACE('',(#2988,#3064),#2408,.F.);
#2988 = FACE_BOUND('',#2989,.F.);
#2989 = EDGE_LOOP('',(#2990,#3013,#3014,#3015,#3038));
#2990 = ORIENTED_EDGE('',*,*,#2991,.F.);
#2991 = EDGE_CURVE('',#2390,#2992,#2994,.T.);
#2992 = VERTEX_POINT('',#2993);
#2993 = CARTESIAN_POINT('',(178.68767004711,-4.687670047111,0.));
#2994 = SURFACE_CURVE('',#2995,(#2999,#3006),.PCURVE_S1.);
#2995 = LINE('',#2996,#2997);
#2996 = CARTESIAN_POINT('',(178.68767004711,-18.,0.));
#2997 = VECTOR('',#2998,1.);
#2998 = DIRECTION('',(-0.,1.,-0.));
#2999 = PCURVE('',#2408,#3000);
#3000 = DEFINITIONAL_REPRESENTATION('',(#3001),#3005);
#3001 = LINE('',#3002,#3003);
#3002 = CARTESIAN_POINT('',(-21.31232995288,-18.));
#3003 = VECTOR('',#3004,1.);
#3004 = DIRECTION('',(0.,1.));
#3005 = ( GEOMETRIC_REPRESENTATION_CONTEXT(2) 
PARAMETRIC_REPRESENTATION_CONTEXT() REPRESENTATION_CONTEXT('2D SPACE',''
  ) );
#3006 = PCURVE('',#2698,#3007);
#3007 = DEFINITIONAL_REPRESENTATION('',(#3008),#3012);
#3008 = LINE('',#3009,#3010);
#3009 = CARTESIAN_POINT('',(-21.31232995288,-18.));
#3010 = VECTOR('',#3011,1.);
#3011 = DIRECTION('',(0.,1.));
#3012 = ( GEOMETRIC_REPRESENTATION_CONTEXT(2) 
PARAMETRIC_REPRESENTATION_CONTEXT() REPRESENTATION_CONTEXT('2D SPACE',''
  ) );
#3013 = ORIENTED_EDGE('',*,*,#2389,.T.);
#3014 = ORIENTED_EDGE('',*,*,#2530,.T.);
#3015 = ORIENTED_EDGE('',*,*,#3016,.F.);
#3016 = EDGE_CURVE('',#3017,#2531,#3019,.T.);
#3017 = VERTEX_POINT('',#3018);
#3018 = CARTESIAN_POINT('',(178.68767004711,4.687670047111,0.));
#3019 = SURFACE_CURVE('',#3020,(#3024,#3031),.PCURVE_S1.);
#3020 = LINE('',#3021,#3022);
#3021 = CARTESIAN_POINT('',(178.68767004711,-18.,0.));
#3022 = VECTOR('',#3023,1.);
#3023 = DIRECTION('',(-0.,1.,-0.));
#3024 = PCURVE('',#2408,#3025);
#3025 = DEFINITIONAL_REPRESENTATION('',(#3026),#3030);
#3026 = LINE('',#3027,#3028);
#3027 = CARTESIAN_POINT('',(-21.31232995288,-18.));
#3028 = VECTOR('',#3029,1.);
#3029 = DIRECTION('',(0.,1.));
#3030 = ( GEOMETRIC_REPRESENTATION_CONTEXT(2) 
PARAMETRIC_REPRESENTATION_CONTEXT() REPRESENTATION_CONTEXT('2D SPACE',''
  ) );
#3031 = PCURVE('',#2949,#3032);
#3032 = DEFINITIONAL_REPRESENTATION('',(#3033),#3037);
#3033 = LINE('',#3034,#3035);
#3034 = CARTESIAN_POINT('',(-21.31232995288,-18.));
#3035 = VECTOR('',#3036,1.);
#3036 = DIRECTION('',(0.,1.));
#3037 = ( GEOMETRIC_REPRESENTATION_CONTEXT(2) 
PARAMETRIC_REPRESENTATION_CONTEXT() REPRESENTATION_CONTEXT('2D SPACE',''
  ) );
#3038 = ORIENTED_EDGE('',*,*,#3039,.F.);
#3039 = EDGE_CURVE('',#2992,#3017,#3040,.T.);
#3040 = SURFACE_CURVE('',#3041,(#3045,#3052),.PCURVE_S1.);
#3041 = LINE('',#3042,#3043);
#3042 = CARTESIAN_POINT('',(178.68767004711,-6.,0.));
#3043 = VECTOR('',#3044,1.);
#3044 = DIRECTION('',(-0.,1.,-0.));
#3045 = PCURVE('',#2408,#3046);
#3046 = DEFINITIONAL_REPRESENTATION('',(#3047),#3051);
#3047 = LINE('',#3048,#3049);
#3048 = CARTESIAN_POINT('',(-21.31232995288,-6.));
#3049 = VECTOR('',#3050,1.);
#3050 = DIRECTION('',(0.,1.));
#3051 = ( GEOMETRIC_REPRESENTATION_CONTEXT(2) 
PARAMETRIC_REPRESENTATION_CONTEXT() REPRESENTATION_CONTEXT('2D SPACE',''
  ) );
#3052 = PCURVE('',#3053,#3058);
#3053 = PLANE('',#3054);
#3054 = AXIS2_PLACEMENT_3D('',#3055,#3056,#3057);
#3055 = CARTESIAN_POINT('',(200.,0.,0.));
#3056 = DIRECTION('',(0.,0.,1.));
#3057 = DIRECTION('',(1.,0.,-0.));
#3058 = DEFINITIONAL_REPRESENTATION('',(#3059),#3063);
#3059 = LINE('',#3060,#3061);
#3060 = CARTESIAN_POINT('',(-21.31232995288,-6.));
#3061 = VECTOR('',#3062,1.);
#3062 = DIRECTION('',(0.,1.));
#3063 = ( GEOMETRIC_REPRESENTATION_CONTEXT(2) 
PARAMETRIC_REPRESENTATION_CONTEXT() REPRESENTATION_CONTEXT('2D SPACE',''
  ) );
#3064 = FACE_BOUND('',#3065,.F.);
#3065 = EDGE_LOOP('',(#3066));
#3066 = ORIENTED_EDGE('',*,*,#2502,.F.);
#3067 = ADVANCED_FACE('',(#3068),#2724,.F.);
#3068 = FACE_BOUND('',#3069,.F.);
#3069 = EDGE_LOOP('',(#3070,#3071,#3072,#3073,#3074));
#3070 = ORIENTED_EDGE('',*,*,#2912,.F.);
#3071 = ORIENTED_EDGE('',*,*,#2762,.F.);
#3072 = ORIENTED_EDGE('',*,*,#2738,.F.);
#3073 = ORIENTED_EDGE('',*,*,#2710,.T.);
#3074 = ORIENTED_EDGE('',*,*,#3075,.F.);
#3075 = EDGE_CURVE('',#2913,#2682,#3076,.T.);
#3076 = SURFACE_CURVE('',#3077,(#3082,#3089),.PCURVE_S1.);
#3077 = CIRCLE('',#3078,23.687670047111);
#3078 = AXIS2_PLACEMENT_3D('',#3079,#3080,#3081);
#3079 = CARTESIAN_POINT('',(200.,0.,0.));
#3080 = DIRECTION('',(0.,0.,1.));
#3081 = DIRECTION('',(1.,0.,-0.));
#3082 = PCURVE('',#2724,#3083);
#3083 = DEFINITIONAL_REPRESENTATION('',(#3084),#3088);
#3084 = CIRCLE('',#3085,23.687670047111);
#3085 = AXIS2_PLACEMENT_2D('',#3086,#3087);
#3086 = CARTESIAN_POINT('',(180.,6.));
#3087 = DIRECTION('',(1.,0.));
#3088 = ( GEOMETRIC_REPRESENTATION_CONTEXT(2) 
PARAMETRIC_REPRESENTATION_CONTEXT() REPRESENTATION_CONTEXT('2D SPACE',''
  ) );
#3089 = PCURVE('',#3053,#3090);
#3090 = DEFINITIONAL_REPRESENTATION('',(#3091),#3095);
#3091 = CIRCLE('',#3092,23.687670047111);
#3092 = AXIS2_PLACEMENT_2D('',#3093,#3094);
#3093 = CARTESIAN_POINT('',(0.,0.));
#3094 = DIRECTION('',(1.,0.));
#3095 = ( GEOMETRIC_REPRESENTATION_CONTEXT(2) 
PARAMETRIC_REPRESENTATION_CONTEXT() REPRESENTATION_CONTEXT('2D SPACE',''
  ) );
#3096 = ADVANCED_FACE('',(#3097),#2698,.F.);
#3097 = FACE_BOUND('',#3098,.F.);
#3098 = EDGE_LOOP('',(#3099,#3120,#3121));
#3099 = ORIENTED_EDGE('',*,*,#3100,.F.);
#3100 = EDGE_CURVE('',#2682,#2992,#3101,.T.);
#3101 = SURFACE_CURVE('',#3102,(#3106,#3113),.PCURVE_S1.);
#3102 = LINE('',#3103,#3104);
#3103 = CARTESIAN_POINT('',(20.,-4.687670047111,0.));
#3104 = VECTOR('',#3105,1.);
#3105 = DIRECTION('',(1.,0.,0.));
#3106 = PCURVE('',#2698,#3107);
#3107 = DEFINITIONAL_REPRESENTATION('',(#3108),#3112);
#3108 = LINE('',#3109,#3110);
#3109 = CARTESIAN_POINT('',(-180.,-4.687670047111));
#3110 = VECTOR('',#3111,1.);
#3111 = DIRECTION('',(1.,0.));
#3112 = ( GEOMETRIC_REPRESENTATION_CONTEXT(2) 
PARAMETRIC_REPRESENTATION_CONTEXT() REPRESENTATION_CONTEXT('2D SPACE',''
  ) );
#3113 = PCURVE('',#3053,#3114);
#3114 = DEFINITIONAL_REPRESENTATION('',(#3115),#3119);
#3115 = LINE('',#3116,#3117);
#3116 = CARTESIAN_POINT('',(-180.,-4.687670047111));
#3117 = VECTOR('',#3118,1.);
#3118 = DIRECTION('',(1.,0.));
#3119 = ( GEOMETRIC_REPRESENTATION_CONTEXT(2) 
PARAMETRIC_REPRESENTATION_CONTEXT() REPRESENTATION_CONTEXT('2D SPACE',''
  ) );
#3120 = ORIENTED_EDGE('',*,*,#2681,.T.);
#3121 = ORIENTED_EDGE('',*,*,#2991,.T.);
#3122 = ADVANCED_FACE('',(#3123),#2949,.F.);
#3123 = FACE_BOUND('',#3124,.F.);
#3124 = EDGE_LOOP('',(#3125,#3146,#3147));
#3125 = ORIENTED_EDGE('',*,*,#3126,.T.);
#3126 = EDGE_CURVE('',#2913,#3017,#3127,.T.);
#3127 = SURFACE_CURVE('',#3128,(#3132,#3139),.PCURVE_S1.);
#3128 = LINE('',#3129,#3130);
#3129 = CARTESIAN_POINT('',(20.,4.687670047111,0.));
#3130 = VECTOR('',#3131,1.);
#3131 = DIRECTION('',(1.,-0.,0.));
#3132 = PCURVE('',#2949,#3133);
#3133 = DEFINITIONAL_REPRESENTATION('',(#3134),#3138);
#3134 = LINE('',#3135,#3136);
#3135 = CARTESIAN_POINT('',(-180.,4.687670047111));
#3136 = VECTOR('',#3137,1.);
#3137 = DIRECTION('',(1.,0.));
#3138 = ( GEOMETRIC_REPRESENTATION_CONTEXT(2) 
PARAMETRIC_REPRESENTATION_CONTEXT() REPRESENTATION_CONTEXT('2D SPACE',''
  ) );
#3139 = PCURVE('',#3053,#3140);
#3140 = DEFINITIONAL_REPRESENTATION('',(#3141),#3145);
#3141 = LINE('',#3142,#3143);
#3142 = CARTESIAN_POINT('',(-180.,4.687670047111));
#3143 = VECTOR('',#3144,1.);
#3144 = DIRECTION('',(1.,0.));
#3145 = ( GEOMETRIC_REPRESENTATION_CONTEXT(2) 
PARAMETRIC_REPRESENTATION_CONTEXT() REPRESENTATION_CONTEXT('2D SPACE',''
  ) );
#3146 = ORIENTED_EDGE('',*,*,#3016,.T.);
#3147 = ORIENTED_EDGE('',*,*,#2934,.T.);
#3148 = ADVANCED_FACE('',(#3149),#3053,.F.);
#3149 = FACE_BOUND('',#3150,.F.);
#3150 = EDGE_LOOP('',(#3151,#3152,#3153,#3154));
#3151 = ORIENTED_EDGE('',*,*,#3126,.F.);
#3152 = ORIENTED_EDGE('',*,*,#3075,.T.);
#3153 = ORIENTED_EDGE('',*,*,#3100,.T.);
#3154 = ORIENTED_EDGE('',*,*,#3039,.T.);
#3155 = ( GEOMETRIC_REPRESENTATION_CONTEXT(3) 
GLOBAL_UNCERTAINTY_ASSIGNED_CONTEXT((#3159)) 
GLOBAL_UNIT_ASSIGNED_CONTEXT((#3156,#3157,#3158)) REPRESENTATION_CONTEXT
('Context #1','3D Context with UNIT and UNCERTAINTY') );
#3156 = ( LENGTH_UNIT() NAMED_UNIT(*) SI_UNIT(.MILLI.,.METRE.) );
#3157 = ( NAMED_UNIT(*) PLANE_ANGLE_UNIT() SI_UNIT($,.RADIAN.) );
#3158 = ( NAMED_UNIT(*) SI_UNIT($,.STERADIAN.) SOLID_ANGLE_UNIT() );
#3159 = UNCERTAINTY_MEASURE_WITH_UNIT(LENGTH_MEASURE(1.E-06),#3156,
  'distance_accuracy_value','confusion accuracy');
#3160 = PRODUCT_RELATED_PRODUCT_CATEGORY('part',$,(#7));
ENDSEC;
END-ISO-10303-21;
