ISO-10303-21;
HEADER;
FILE_DESCRIPTION(('Open CASCADE Model'),'2;1');
FILE_NAME('Open CASCADE Shape Model','2026-10-02T18:53:00',('Author'),(
    'Open CASCADE'),'Open CASCADE STEP processor 7.9','Open CASCADE 7.9'
  ,'Unknown');
FILE_SCHEMA(('AUTOMOTIVE_DESIGN { 1 0 10303 214 1 1 1 1 }'));
ENDSEC;
DATA;
#1 = APPLICATION_PROTOCOL_DEFINITION('international standard',
  'automotive_design',2000,#2);
#2 = APPLICATION_CONTEXT(
  'core data for automotive mechanical design processes');
#3 = SHAPE_DEFINITION_REPRESENTATION(#4,#10);
#4 = PRODUCT_DEFINITION_SHAPE('','',#5);
#5 = PRODUCT_DEFINITION('design','',#6,#9);
#6 = PRODUCT_DEFINITION_FORMATION('','',#7);
#7 = PRODUCT('Open CASCADE STEP translator 7.9 1',
  'Open CASCADE STEP translator 7.9 1','',(#8));
#8 = PRODUCT_CONTEXT('',#2,'mechanical');
#9 = PRODUCT_DEFINITION_CONTEXT('part definition',#2,'design');
#10 = ADVANCED_BREP_SHAPE_REPRESENTATION('',(#11,#15),#5705);
#11 = AXIS2_PLACEMENT_3D('',#12,#13,#14);
#12 = CARTESIAN_POINT('',(0.,0.,0.));
#13 = DIRECTION('',(0.,0.,1.));
#14 = DIRECTION('',(1.,0.,-0.));
#15 = MANIFOLD_SOLID_BREP('',#16);
#16 = CLOSED_SHELL('',(#17,#135,#207,#906,#953,#985,#1039,#1131,#1214,
    #1297,#1379,#1434,#1489,#1544,#1613,#1665,#1719,#1768,#1815,#1869,
    #1918,#1965,#2019,#2068,#2115,#2162,#2216,#2265,#2292,#2319,#2374,
    #2441,#2448,#2485,#2564,#2591,#2877,#2909,#3195,#3222,#3291,#3326,
    #3361,#3396,#3428,#3455,#3482,#3509,#3516,#3551,#3583,#3907,#3914,
    #3921,#3990,#4037,#4084,#4109,#4178,#4225,#4272,#4297,#4304,#4373,
    #4420,#4467,#4492,#4561,#4608,#4655,#4680,#4735,#4790,#4845,#4852,
    #4907,#4983,#5043,#5109,#5169,#5223,#5276,#5342,#5373,#5377,#5381,
    #5385,#5389,#5469,#5494,#5542,#5567,#5621,#5646,#5692,#5698));
#17 = ADVANCED_FACE('',(#18),#32,.F.);
#18 = FACE_BOUND('',#19,.F.);
#19 = EDGE_LOOP('',(#20,#55,#83,#111));
#20 = ORIENTED_EDGE('',*,*,#21,.F.);
#21 = EDGE_CURVE('',#22,#24,#26,.T.);
#22 = VERTEX_POINT('',#23);
#23 = CARTESIAN_POINT('',(-84.,-0.75,15.));
#24 = VERTEX_POINT('',#25);
#25 = CARTESIAN_POINT('',(-84.,-0.75,37.5));
#26 = SURFACE_CURVE('',#27,(#31,#43),.PCURVE_S1.);
#27 = LINE('',#28,#29);
#28 = CARTESIAN_POINT('',(-84.,-0.75,15.));
#29 = VECTOR('',#30,1.);
#30 = DIRECTION('',(0.,0.,1.));
#31 = PCURVE('',#32,#37);
#32 = PLANE('',#33);
#33 = AXIS2_PLACEMENT_3D('',#34,#35,#36);
#34 = CARTESIAN_POINT('',(-84.,-0.75,15.));
#35 = DIRECTION('',(1.,0.,-0.));
#36 = DIRECTION('',(0.,0.,1.));
#37 = DEFINITIONAL_REPRESENTATION('',(#38),#42);
#38 = LINE('',#39,#40);
#39 = CARTESIAN_POINT('',(0.,0.));
#40 = VECTOR('',#41,1.);
#41 = DIRECTION('',(1.,0.));
#42 = ( GEOMETRIC_REPRESENTATION_CONTEXT(2) 
PARAMETRIC_REPRESENTATION_CONTEXT() REPRESENTATION_CONTEXT('2D SPACE',''
  ) );
#43 = PCURVE('',#44,#49);
#44 = PLANE('',#45);
#45 = AXIS2_PLACEMENT_3D('',#46,#47,#48);
#46 = CARTESIAN_POINT('',(-84.,-0.75,15.));
#47 = DIRECTION('',(-0.,1.,0.));
#48 = DIRECTION('',(0.,0.,1.));
#49 = DEFINITIONAL_REPRESENTATION('',(#50),#54);
#50 = LINE('',#51,#52);
#51 = CARTESIAN_POINT('',(0.,0.));
#52 = VECTOR('',#53,1.);
#53 = DIRECTION('',(1.,0.));
#54 = ( GEOMETRIC_REPRESENTATION_CONTEXT(2) 
PARAMETRIC_REPRESENTATION_CONTEXT() REPRESENTATION_CONTEXT('2D SPACE',''
  ) );
#55 = ORIENTED_EDGE('',*,*,#56,.T.);
#56 = EDGE_CURVE('',#22,#57,#59,.T.);
#57 = VERTEX_POINT('',#58);
#58 = CARTESIAN_POINT('',(-84.,0.75,15.));
#59 = SURFACE_CURVE('',#60,(#64,#71),.PCURVE_S1.);
#60 = LINE('',#61,#62);
#61 = CARTESIAN_POINT('',(-84.,-0.75,15.));
#62 = VECTOR('',#63,1.);
#63 = DIRECTION('',(-0.,1.,0.));
#64 = PCURVE('',#32,#65);
#65 = DEFINITIONAL_REPRESENTATION('',(#66),#70);
#66 = LINE('',#67,#68);
#67 = CARTESIAN_POINT('',(0.,0.));
#68 = VECTOR('',#69,1.);
#69 = DIRECTION('',(0.,-1.));
#70 = ( GEOMETRIC_REPRESENTATION_CONTEXT(2) 
PARAMETRIC_REPRESENTATION_CONTEXT() REPRESENTATION_CONTEXT('2D SPACE',''
  ) );
#71 = PCURVE('',#72,#77);
#72 = PLANE('',#73);
#73 = AXIS2_PLACEMENT_3D('',#74,#75,#76);
#74 = CARTESIAN_POINT('',(-84.,-0.75,15.));
#75 = DIRECTION('',(0.,0.,1.));
#76 = DIRECTION('',(1.,0.,-0.));
#77 = DEFINITIONAL_REPRESENTATION('',(#78),#82);
#78 = LINE('',#79,#80);
#79 = CARTESIAN_POINT('',(0.,0.));
#80 = VECTOR('',#81,1.);
#81 = DIRECTION('',(0.,1.));
#82 = ( GEOMETRIC_REPRESENTATION_CONTEXT(2) 
PARAMETRIC_REPRESENTATION_CONTEXT() REPRESENTATION_CONTEXT('2D SPACE',''
  ) );
#83 = ORIENTED_EDGE('',*,*,#84,.T.);
#84 = EDGE_CURVE('',#57,#85,#87,.T.);
#85 = VERTEX_POINT('',#86);
#86 = CARTESIAN_POINT('',(-84.,0.75,37.5));
#87 = SURFACE_CURVE('',#88,(#92,#99),.PCURVE_S1.);
#88 = LINE('',#89,#90);
#89 = CARTESIAN_POINT('',(-84.,0.75,15.));
#90 = VECTOR('',#91,1.);
#91 = DIRECTION('',(0.,0.,1.));
#92 = PCURVE('',#32,#93);
#93 = DEFINITIONAL_REPRESENTATION('',(#94),#98);
#94 = LINE('',#95,#96);
#95 = CARTESIAN_POINT('',(0.,-1.5));
#96 = VECTOR('',#97,1.);
#97 = DIRECTION('',(1.,0.));
#98 = ( GEOMETRIC_REPRESENTATION_CONTEXT(2) 
PARAMETRIC_REPRESENTATION_CONTEXT() REPRESENTATION_CONTEXT('2D SPACE',''
  ) );
#99 = PCURVE('',#100,#105);
#100 = PLANE('',#101);
#101 = AXIS2_PLACEMENT_3D('',#102,#103,#104);
#102 = CARTESIAN_POINT('',(-84.,0.75,15.));
#103 = DIRECTION('',(-0.,1.,0.));
#104 = DIRECTION('',(0.,0.,1.));
#105 = DEFINITIONAL_REPRESENTATION('',(#106),#110);
#106 = LINE('',#107,#108);
#107 = CARTESIAN_POINT('',(0.,0.));
#108 = VECTOR('',#109,1.);
#109 = DIRECTION('',(1.,0.));
#110 = ( GEOMETRIC_REPRESENTATION_CONTEXT(2) 
PARAMETRIC_REPRESENTATION_CONTEXT() REPRESENTATION_CONTEXT('2D SPACE',''
  ) );
#111 = ORIENTED_EDGE('',*,*,#112,.F.);
#112 = EDGE_CURVE('',#24,#85,#113,.T.);
#113 = SURFACE_CURVE('',#114,(#118,#124),.PCURVE_S1.);
#114 = LINE('',#115,#116);
#115 = CARTESIAN_POINT('',(-84.,-30.375,37.5));
#116 = VECTOR('',#117,1.);
#117 = DIRECTION('',(-0.,1.,0.));
#118 = PCURVE('',#32,#119);
#119 = DEFINITIONAL_REPRESENTATION('',(#120),#123);
#120 = B_SPLINE_CURVE_WITH_KNOTS('',1,(#121,#122),.UNSPECIFIED.,.F.,.F.,
  (2,2),(29.625,31.125),.PIECEWISE_BEZIER_KNOTS.);
#121 = CARTESIAN_POINT('',(22.5,0.));
#122 = CARTESIAN_POINT('',(22.5,-1.5));
#123 = ( GEOMETRIC_REPRESENTATION_CONTEXT(2) 
PARAMETRIC_REPRESENTATION_CONTEXT() REPRESENTATION_CONTEXT('2D SPACE',''
  ) );
#124 = PCURVE('',#125,#130);
#125 = PLANE('',#126);
#126 = AXIS2_PLACEMENT_3D('',#127,#128,#129);
#127 = CARTESIAN_POINT('',(-90.,-60.,37.5));
#128 = DIRECTION('',(0.,0.,1.));
#129 = DIRECTION('',(1.,0.,-0.));
#130 = DEFINITIONAL_REPRESENTATION('',(#131),#134);
#131 = B_SPLINE_CURVE_WITH_KNOTS('',1,(#132,#133),.UNSPECIFIED.,.F.,.F.,
  (2,2),(29.625,31.125),.PIECEWISE_BEZIER_KNOTS.);
#132 = CARTESIAN_POINT('',(6.,59.25));
#133 = CARTESIAN_POINT('',(6.,60.75));
#134 = ( GEOMETRIC_REPRESENTATION_CONTEXT(2) 
PARAMETRIC_REPRESENTATION_CONTEXT() REPRESENTATION_CONTEXT('2D SPACE',''
  ) );
#135 = ADVANCED_FACE('',(#136),#44,.F.);
#136 = FACE_BOUND('',#137,.F.);
#137 = EDGE_LOOP('',(#138,#161,#162,#183));
#138 = ORIENTED_EDGE('',*,*,#139,.F.);
#139 = EDGE_CURVE('',#22,#140,#142,.T.);
#140 = VERTEX_POINT('',#141);
#141 = CARTESIAN_POINT('',(-30.75,-0.75,15.));
#142 = SURFACE_CURVE('',#143,(#147,#154),.PCURVE_S1.);
#143 = LINE('',#144,#145);
#144 = CARTESIAN_POINT('',(-84.,-0.75,15.));
#145 = VECTOR('',#146,1.);
#146 = DIRECTION('',(1.,0.,-0.));
#147 = PCURVE('',#44,#148);
#148 = DEFINITIONAL_REPRESENTATION('',(#149),#153);
#149 = LINE('',#150,#151);
#150 = CARTESIAN_POINT('',(0.,0.));
#151 = VECTOR('',#152,1.);
#152 = DIRECTION('',(0.,1.));
#153 = ( GEOMETRIC_REPRESENTATION_CONTEXT(2) 
PARAMETRIC_REPRESENTATION_CONTEXT() REPRESENTATION_CONTEXT('2D SPACE',''
  ) );
#154 = PCURVE('',#72,#155);
#155 = DEFINITIONAL_REPRESENTATION('',(#156),#160);
#156 = LINE('',#157,#158);
#157 = CARTESIAN_POINT('',(0.,0.));
#158 = VECTOR('',#159,1.);
#159 = DIRECTION('',(1.,0.));
#160 = ( GEOMETRIC_REPRESENTATION_CONTEXT(2) 
PARAMETRIC_REPRESENTATION_CONTEXT() REPRESENTATION_CONTEXT('2D SPACE',''
  ) );
#161 = ORIENTED_EDGE('',*,*,#21,.T.);
#162 = ORIENTED_EDGE('',*,*,#163,.F.);
#163 = EDGE_CURVE('',#164,#24,#166,.T.);
#164 = VERTEX_POINT('',#165);
#165 = CARTESIAN_POINT('',(-30.75,-0.75,37.5));
#166 = SURFACE_CURVE('',#167,(#171,#177),.PCURVE_S1.);
#167 = LINE('',#168,#169);
#168 = CARTESIAN_POINT('',(-87.,-0.75,37.5));
#169 = VECTOR('',#170,1.);
#170 = DIRECTION('',(-1.,-0.,0.));
#171 = PCURVE('',#44,#172);
#172 = DEFINITIONAL_REPRESENTATION('',(#173),#176);
#173 = B_SPLINE_CURVE_WITH_KNOTS('',1,(#174,#175),.UNSPECIFIED.,.F.,.F.,
  (2,2),(-171.,-3.),.PIECEWISE_BEZIER_KNOTS.);
#174 = CARTESIAN_POINT('',(22.5,168.));
#175 = CARTESIAN_POINT('',(22.5,0.));
#176 = ( GEOMETRIC_REPRESENTATION_CONTEXT(2) 
PARAMETRIC_REPRESENTATION_CONTEXT() REPRESENTATION_CONTEXT('2D SPACE',''
  ) );
#177 = PCURVE('',#125,#178);
#178 = DEFINITIONAL_REPRESENTATION('',(#179),#182);
#179 = B_SPLINE_CURVE_WITH_KNOTS('',1,(#180,#181),.UNSPECIFIED.,.F.,.F.,
  (2,2),(-171.,-3.),.PIECEWISE_BEZIER_KNOTS.);
#180 = CARTESIAN_POINT('',(174.,59.25));
#181 = CARTESIAN_POINT('',(6.,59.25));
#182 = ( GEOMETRIC_REPRESENTATION_CONTEXT(2) 
PARAMETRIC_REPRESENTATION_CONTEXT() REPRESENTATION_CONTEXT('2D SPACE',''
  ) );
#183 = ORIENTED_EDGE('',*,*,#184,.F.);
#184 = EDGE_CURVE('',#140,#164,#185,.T.);
#185 = SURFACE_CURVE('',#186,(#190,#196),.PCURVE_S1.);
#186 = LINE('',#187,#188);
#187 = CARTESIAN_POINT('',(-30.75,-0.75,15.));
#188 = VECTOR('',#189,1.);
#189 = DIRECTION('',(0.,0.,1.));
#190 = PCURVE('',#44,#191);
#191 = DEFINITIONAL_REPRESENTATION('',(#192),#195);
#192 = B_SPLINE_CURVE_WITH_KNOTS('',1,(#193,#194),.UNSPECIFIED.,.F.,.F.,
  (2,2),(0.,22.5),.PIECEWISE_BEZIER_KNOTS.);
#193 = CARTESIAN_POINT('',(0.,53.25));
#194 = CARTESIAN_POINT('',(22.5,53.25));
#195 = ( GEOMETRIC_REPRESENTATION_CONTEXT(2) 
PARAMETRIC_REPRESENTATION_CONTEXT() REPRESENTATION_CONTEXT('2D SPACE',''
  ) );
#196 = PCURVE('',#197,#202);
#197 = PLANE('',#198);
#198 = AXIS2_PLACEMENT_3D('',#199,#200,#201);
#199 = CARTESIAN_POINT('',(-30.75,-56.,15.));
#200 = DIRECTION('',(1.,0.,-0.));
#201 = DIRECTION('',(0.,0.,1.));
#202 = DEFINITIONAL_REPRESENTATION('',(#203),#206);
#203 = B_SPLINE_CURVE_WITH_KNOTS('',1,(#204,#205),.UNSPECIFIED.,.F.,.F.,
  (2,2),(0.,22.5),.PIECEWISE_BEZIER_KNOTS.);
#204 = CARTESIAN_POINT('',(0.,-55.25));
#205 = CARTESIAN_POINT('',(22.5,-55.25));
#206 = ( GEOMETRIC_REPRESENTATION_CONTEXT(2) 
PARAMETRIC_REPRESENTATION_CONTEXT() REPRESENTATION_CONTEXT('2D SPACE',''
  ) );
#207 = ADVANCED_FACE('',(#208,#322,#353,#384,#415,#875),#125,.F.);
#208 = FACE_BOUND('',#209,.F.);
#209 = EDGE_LOOP('',(#210,#240,#268,#296));
#210 = ORIENTED_EDGE('',*,*,#211,.F.);
#211 = EDGE_CURVE('',#212,#214,#216,.T.);
#212 = VERTEX_POINT('',#213);
#213 = CARTESIAN_POINT('',(-86.03009252446,-56.03009252446,37.5));
#214 = VERTEX_POINT('',#215);
#215 = CARTESIAN_POINT('',(-86.03009252446,56.030092524468,37.5));
#216 = SURFACE_CURVE('',#217,(#221,#228),.PCURVE_S1.);
#217 = LINE('',#218,#219);
#218 = CARTESIAN_POINT('',(-86.03009252446,-58.95256313723,37.5));
#219 = VECTOR('',#220,1.);
#220 = DIRECTION('',(-0.,1.,-0.));
#221 = PCURVE('',#125,#222);
#222 = DEFINITIONAL_REPRESENTATION('',(#223),#227);
#223 = LINE('',#224,#225);
#224 = CARTESIAN_POINT('',(3.969907475533,1.047436862767));
#225 = VECTOR('',#226,1.);
#226 = DIRECTION('',(0.,1.));
#227 = ( GEOMETRIC_REPRESENTATION_CONTEXT(2) 
PARAMETRIC_REPRESENTATION_CONTEXT() REPRESENTATION_CONTEXT('2D SPACE',''
  ) );
#228 = PCURVE('',#229,#234);
#229 = CYLINDRICAL_SURFACE('',#230,0.5);
#230 = AXIS2_PLACEMENT_3D('',#231,#232,#233);
#231 = CARTESIAN_POINT('',(-86.03009252446,-58.95256313723,37.));
#232 = DIRECTION('',(-0.,1.,-0.));
#233 = DIRECTION('',(-0.999657324976,0.,2.617694830787E-02));
#234 = DEFINITIONAL_REPRESENTATION('',(#235),#239);
#235 = LINE('',#236,#237);
#236 = CARTESIAN_POINT('',(1.544616388015,0.));
#237 = VECTOR('',#238,1.);
#238 = DIRECTION('',(0.,1.));
#239 = ( GEOMETRIC_REPRESENTATION_CONTEXT(2) 
PARAMETRIC_REPRESENTATION_CONTEXT() REPRESENTATION_CONTEXT('2D SPACE',''
  ) );
#240 = ORIENTED_EDGE('',*,*,#241,.T.);
#241 = EDGE_CURVE('',#212,#242,#244,.T.);
#242 = VERTEX_POINT('',#243);
#243 = CARTESIAN_POINT('',(86.030092524468,-56.03009252446,37.5));
#244 = SURFACE_CURVE('',#245,(#249,#256),.PCURVE_S1.);
#245 = LINE('',#246,#247);
#246 = CARTESIAN_POINT('',(-88.95256313723,-56.03009252446,37.5));
#247 = VECTOR('',#248,1.);
#248 = DIRECTION('',(1.,-0.,0.));
#249 = PCURVE('',#125,#250);
#250 = DEFINITIONAL_REPRESENTATION('',(#251),#255);
#251 = LINE('',#252,#253);
#252 = CARTESIAN_POINT('',(1.047436862767,3.969907475533));
#253 = VECTOR('',#254,1.);
#254 = DIRECTION('',(1.,0.));
#255 = ( GEOMETRIC_REPRESENTATION_CONTEXT(2) 
PARAMETRIC_REPRESENTATION_CONTEXT() REPRESENTATION_CONTEXT('2D SPACE',''
  ) );
#256 = PCURVE('',#257,#262);
#257 = CYLINDRICAL_SURFACE('',#258,0.5);
#258 = AXIS2_PLACEMENT_3D('',#259,#260,#261);
#259 = CARTESIAN_POINT('',(-88.95256313723,-56.03009252446,37.));
#260 = DIRECTION('',(1.,-0.,0.));
#261 = DIRECTION('',(-0.,-0.999657324976,2.617694830787E-02));
#262 = DEFINITIONAL_REPRESENTATION('',(#263),#267);
#263 = LINE('',#264,#265);
#264 = CARTESIAN_POINT('',(-1.544616388015,0.));
#265 = VECTOR('',#266,1.);
#266 = DIRECTION('',(-0.,1.));
#267 = ( GEOMETRIC_REPRESENTATION_CONTEXT(2) 
PARAMETRIC_REPRESENTATION_CONTEXT() REPRESENTATION_CONTEXT('2D SPACE',''
  ) );
#268 = ORIENTED_EDGE('',*,*,#269,.T.);
#269 = EDGE_CURVE('',#242,#270,#272,.T.);
#270 = VERTEX_POINT('',#271);
#271 = CARTESIAN_POINT('',(86.030092524468,56.030092524467,37.5));
#272 = SURFACE_CURVE('',#273,(#277,#284),.PCURVE_S1.);
#273 = LINE('',#274,#275);
#274 = CARTESIAN_POINT('',(86.030092524468,-58.95256313723,37.5));
#275 = VECTOR('',#276,1.);
#276 = DIRECTION('',(-0.,1.,-0.));
#277 = PCURVE('',#125,#278);
#278 = DEFINITIONAL_REPRESENTATION('',(#279),#283);
#279 = LINE('',#280,#281);
#280 = CARTESIAN_POINT('',(176.03009252446,1.047436862767));
#281 = VECTOR('',#282,1.);
#282 = DIRECTION('',(0.,1.));
#283 = ( GEOMETRIC_REPRESENTATION_CONTEXT(2) 
PARAMETRIC_REPRESENTATION_CONTEXT() REPRESENTATION_CONTEXT('2D SPACE',''
  ) );
#284 = PCURVE('',#285,#290);
#285 = CYLINDRICAL_SURFACE('',#286,0.5);
#286 = AXIS2_PLACEMENT_3D('',#287,#288,#289);
#287 = CARTESIAN_POINT('',(86.030092524468,-58.95256313723,37.));
#288 = DIRECTION('',(-0.,1.,-0.));
#289 = DIRECTION('',(0.999657324976,0.,2.617694830787E-02));
#290 = DEFINITIONAL_REPRESENTATION('',(#291),#295);
#291 = LINE('',#292,#293);
#292 = CARTESIAN_POINT('',(-1.544616388015,0.));
#293 = VECTOR('',#294,1.);
#294 = DIRECTION('',(-0.,1.));
#295 = ( GEOMETRIC_REPRESENTATION_CONTEXT(2) 
PARAMETRIC_REPRESENTATION_CONTEXT() REPRESENTATION_CONTEXT('2D SPACE',''
  ) );
#296 = ORIENTED_EDGE('',*,*,#297,.F.);
#297 = EDGE_CURVE('',#214,#270,#298,.T.);
#298 = SURFACE_CURVE('',#299,(#303,#310),.PCURVE_S1.);
#299 = LINE('',#300,#301);
#300 = CARTESIAN_POINT('',(-88.95256313723,56.030092524467,37.5));
#301 = VECTOR('',#302,1.);
#302 = DIRECTION('',(1.,0.,0.));
#303 = PCURVE('',#125,#304);
#304 = DEFINITIONAL_REPRESENTATION('',(#305),#309);
#305 = LINE('',#306,#307);
#306 = CARTESIAN_POINT('',(1.047436862767,116.03009252446));
#307 = VECTOR('',#308,1.);
#308 = DIRECTION('',(1.,0.));
#309 = ( GEOMETRIC_REPRESENTATION_CONTEXT(2) 
PARAMETRIC_REPRESENTATION_CONTEXT() REPRESENTATION_CONTEXT('2D SPACE',''
  ) );
#310 = PCURVE('',#311,#316);
#311 = CYLINDRICAL_SURFACE('',#312,0.5);
#312 = AXIS2_PLACEMENT_3D('',#313,#314,#315);
#313 = CARTESIAN_POINT('',(-88.95256313723,56.030092524467,37.));
#314 = DIRECTION('',(1.,0.,0.));
#315 = DIRECTION('',(-0.,0.999657324976,2.617694830787E-02));
#316 = DEFINITIONAL_REPRESENTATION('',(#317),#321);
#317 = LINE('',#318,#319);
#318 = CARTESIAN_POINT('',(1.544616388015,0.));
#319 = VECTOR('',#320,1.);
#320 = DIRECTION('',(0.,1.));
#321 = ( GEOMETRIC_REPRESENTATION_CONTEXT(2) 
PARAMETRIC_REPRESENTATION_CONTEXT() REPRESENTATION_CONTEXT('2D SPACE',''
  ) );
#322 = FACE_BOUND('',#323,.F.);
#323 = EDGE_LOOP('',(#324));
#324 = ORIENTED_EDGE('',*,*,#325,.F.);
#325 = EDGE_CURVE('',#326,#326,#328,.T.);
#326 = VERTEX_POINT('',#327);
#327 = CARTESIAN_POINT('',(-76.5,-50.,37.5));
#328 = SURFACE_CURVE('',#329,(#334,#341),.PCURVE_S1.);
#329 = CIRCLE('',#330,3.5);
#330 = AXIS2_PLACEMENT_3D('',#331,#332,#333);
#331 = CARTESIAN_POINT('',(-80.,-50.,37.5));
#332 = DIRECTION('',(0.,0.,1.));
#333 = DIRECTION('',(1.,0.,-0.));
#334 = PCURVE('',#125,#335);
#335 = DEFINITIONAL_REPRESENTATION('',(#336),#340);
#336 = CIRCLE('',#337,3.5);
#337 = AXIS2_PLACEMENT_2D('',#338,#339);
#338 = CARTESIAN_POINT('',(10.,10.));
#339 = DIRECTION('',(1.,0.));
#340 = ( GEOMETRIC_REPRESENTATION_CONTEXT(2) 
PARAMETRIC_REPRESENTATION_CONTEXT() REPRESENTATION_CONTEXT('2D SPACE',''
  ) );
#341 = PCURVE('',#342,#347);
#342 = CYLINDRICAL_SURFACE('',#343,3.5);
#343 = AXIS2_PLACEMENT_3D('',#344,#345,#346);
#344 = CARTESIAN_POINT('',(-80.,-50.,6.));
#345 = DIRECTION('',(0.,0.,1.));
#346 = DIRECTION('',(1.,0.,-0.));
#347 = DEFINITIONAL_REPRESENTATION('',(#348),#352);
#348 = LINE('',#349,#350);
#349 = CARTESIAN_POINT('',(0.,31.5));
#350 = VECTOR('',#351,1.);
#351 = DIRECTION('',(1.,0.));
#352 = ( GEOMETRIC_REPRESENTATION_CONTEXT(2) 
PARAMETRIC_REPRESENTATION_CONTEXT() REPRESENTATION_CONTEXT('2D SPACE',''
  ) );
#353 = FACE_BOUND('',#354,.F.);
#354 = EDGE_LOOP('',(#355));
#355 = ORIENTED_EDGE('',*,*,#356,.F.);
#356 = EDGE_CURVE('',#357,#357,#359,.T.);
#357 = VERTEX_POINT('',#358);
#358 = CARTESIAN_POINT('',(83.5,-50.,37.5));
#359 = SURFACE_CURVE('',#360,(#365,#372),.PCURVE_S1.);
#360 = CIRCLE('',#361,3.5);
#361 = AXIS2_PLACEMENT_3D('',#362,#363,#364);
#362 = CARTESIAN_POINT('',(80.,-50.,37.5));
#363 = DIRECTION('',(0.,0.,1.));
#364 = DIRECTION('',(1.,0.,-0.));
#365 = PCURVE('',#125,#366);
#366 = DEFINITIONAL_REPRESENTATION('',(#367),#371);
#367 = CIRCLE('',#368,3.5);
#368 = AXIS2_PLACEMENT_2D('',#369,#370);
#369 = CARTESIAN_POINT('',(170.,10.));
#370 = DIRECTION('',(1.,0.));
#371 = ( GEOMETRIC_REPRESENTATION_CONTEXT(2) 
PARAMETRIC_REPRESENTATION_CONTEXT() REPRESENTATION_CONTEXT('2D SPACE',''
  ) );
#372 = PCURVE('',#373,#378);
#373 = CYLINDRICAL_SURFACE('',#374,3.5);
#374 = AXIS2_PLACEMENT_3D('',#375,#376,#377);
#375 = CARTESIAN_POINT('',(80.,-50.,6.));
#376 = DIRECTION('',(0.,0.,1.));
#377 = DIRECTION('',(1.,0.,-0.));
#378 = DEFINITIONAL_REPRESENTATION('',(#379),#383);
#379 = LINE('',#380,#381);
#380 = CARTESIAN_POINT('',(0.,31.5));
#381 = VECTOR('',#382,1.);
#382 = DIRECTION('',(1.,0.));
#383 = ( GEOMETRIC_REPRESENTATION_CONTEXT(2) 
PARAMETRIC_REPRESENTATION_CONTEXT() REPRESENTATION_CONTEXT('2D SPACE',''
  ) );
#384 = FACE_BOUND('',#385,.F.);
#385 = EDGE_LOOP('',(#386));
#386 = ORIENTED_EDGE('',*,*,#387,.F.);
#387 = EDGE_CURVE('',#388,#388,#390,.T.);
#388 = VERTEX_POINT('',#389);
#389 = CARTESIAN_POINT('',(-76.5,50.,37.5));
#390 = SURFACE_CURVE('',#391,(#396,#403),.PCURVE_S1.);
#391 = CIRCLE('',#392,3.5);
#392 = AXIS2_PLACEMENT_3D('',#393,#394,#395);
#393 = CARTESIAN_POINT('',(-80.,50.,37.5));
#394 = DIRECTION('',(0.,0.,1.));
#395 = DIRECTION('',(1.,0.,-0.));
#396 = PCURVE('',#125,#397);
#397 = DEFINITIONAL_REPRESENTATION('',(#398),#402);
#398 = CIRCLE('',#399,3.5);
#399 = AXIS2_PLACEMENT_2D('',#400,#401);
#400 = CARTESIAN_POINT('',(10.,110.));
#401 = DIRECTION('',(1.,0.));
#402 = ( GEOMETRIC_REPRESENTATION_CONTEXT(2) 
PARAMETRIC_REPRESENTATION_CONTEXT() REPRESENTATION_CONTEXT('2D SPACE',''
  ) );
#403 = PCURVE('',#404,#409);
#404 = CYLINDRICAL_SURFACE('',#405,3.5);
#405 = AXIS2_PLACEMENT_3D('',#406,#407,#408);
#406 = CARTESIAN_POINT('',(-80.,50.,6.));
#407 = DIRECTION('',(0.,0.,1.));
#408 = DIRECTION('',(1.,0.,-0.));
#409 = DEFINITIONAL_REPRESENTATION('',(#410),#414);
#410 = LINE('',#411,#412);
#411 = CARTESIAN_POINT('',(0.,31.5));
#412 = VECTOR('',#413,1.);
#413 = DIRECTION('',(1.,0.));
#414 = ( GEOMETRIC_REPRESENTATION_CONTEXT(2) 
PARAMETRIC_REPRESENTATION_CONTEXT() REPRESENTATION_CONTEXT('2D SPACE',''
  ) );
#415 = FACE_BOUND('',#416,.F.);
#416 = EDGE_LOOP('',(#417,#445,#471,#490,#491,#492,#513,#539,#565,#591,
    #617,#643,#669,#695,#721,#747,#773,#799,#825,#851));
#417 = ORIENTED_EDGE('',*,*,#418,.F.);
#418 = EDGE_CURVE('',#419,#421,#423,.T.);
#419 = VERTEX_POINT('',#420);
#420 = CARTESIAN_POINT('',(-29.25,-56.,37.5));
#421 = VERTEX_POINT('',#422);
#422 = CARTESIAN_POINT('',(-29.25,-0.75,37.5));
#423 = SURFACE_CURVE('',#424,(#428,#434),.PCURVE_S1.);
#424 = LINE('',#425,#426);
#425 = CARTESIAN_POINT('',(-29.25,-58.,37.5));
#426 = VECTOR('',#427,1.);
#427 = DIRECTION('',(-0.,1.,0.));
#428 = PCURVE('',#125,#429);
#429 = DEFINITIONAL_REPRESENTATION('',(#430),#433);
#430 = B_SPLINE_CURVE_WITH_KNOTS('',1,(#431,#432),.UNSPECIFIED.,.F.,.F.,
  (2,2),(2.,114.),.PIECEWISE_BEZIER_KNOTS.);
#431 = CARTESIAN_POINT('',(60.75,4.));
#432 = CARTESIAN_POINT('',(60.75,116.));
#433 = ( GEOMETRIC_REPRESENTATION_CONTEXT(2) 
PARAMETRIC_REPRESENTATION_CONTEXT() REPRESENTATION_CONTEXT('2D SPACE',''
  ) );
#434 = PCURVE('',#435,#440);
#435 = PLANE('',#436);
#436 = AXIS2_PLACEMENT_3D('',#437,#438,#439);
#437 = CARTESIAN_POINT('',(-29.25,-56.,15.));
#438 = DIRECTION('',(1.,0.,-0.));
#439 = DIRECTION('',(0.,0.,1.));
#440 = DEFINITIONAL_REPRESENTATION('',(#441),#444);
#441 = B_SPLINE_CURVE_WITH_KNOTS('',1,(#442,#443),.UNSPECIFIED.,.F.,.F.,
  (2,2),(2.,114.),.PIECEWISE_BEZIER_KNOTS.);
#442 = CARTESIAN_POINT('',(22.5,0.));
#443 = CARTESIAN_POINT('',(22.5,-112.));
#444 = ( GEOMETRIC_REPRESENTATION_CONTEXT(2) 
PARAMETRIC_REPRESENTATION_CONTEXT() REPRESENTATION_CONTEXT('2D SPACE',''
  ) );
#445 = ORIENTED_EDGE('',*,*,#446,.T.);
#446 = EDGE_CURVE('',#419,#447,#449,.T.);
#447 = VERTEX_POINT('',#448);
#448 = CARTESIAN_POINT('',(-30.75,-56.,37.5));
#449 = SURFACE_CURVE('',#450,(#454,#460),.PCURVE_S1.);
#450 = LINE('',#451,#452);
#451 = CARTESIAN_POINT('',(-60.375,-56.,37.5));
#452 = VECTOR('',#453,1.);
#453 = DIRECTION('',(-1.,-0.,0.));
#454 = PCURVE('',#125,#455);
#455 = DEFINITIONAL_REPRESENTATION('',(#456),#459);
#456 = B_SPLINE_CURVE_WITH_KNOTS('',1,(#457,#458),.UNSPECIFIED.,.F.,.F.,
  (2,2),(-31.125,-29.625),.PIECEWISE_BEZIER_KNOTS.);
#457 = CARTESIAN_POINT('',(60.75,4.));
#458 = CARTESIAN_POINT('',(59.25,4.));
#459 = ( GEOMETRIC_REPRESENTATION_CONTEXT(2) 
PARAMETRIC_REPRESENTATION_CONTEXT() REPRESENTATION_CONTEXT('2D SPACE',''
  ) );
#460 = PCURVE('',#461,#466);
#461 = PLANE('',#462);
#462 = AXIS2_PLACEMENT_3D('',#463,#464,#465);
#463 = CARTESIAN_POINT('',(-30.75,-56.,15.));
#464 = DIRECTION('',(-0.,1.,0.));
#465 = DIRECTION('',(0.,0.,1.));
#466 = DEFINITIONAL_REPRESENTATION('',(#467),#470);
#467 = B_SPLINE_CURVE_WITH_KNOTS('',1,(#468,#469),.UNSPECIFIED.,.F.,.F.,
  (2,2),(-31.125,-29.625),.PIECEWISE_BEZIER_KNOTS.);
#468 = CARTESIAN_POINT('',(22.5,1.5));
#469 = CARTESIAN_POINT('',(22.5,0.));
#470 = ( GEOMETRIC_REPRESENTATION_CONTEXT(2) 
PARAMETRIC_REPRESENTATION_CONTEXT() REPRESENTATION_CONTEXT('2D SPACE',''
  ) );
#471 = ORIENTED_EDGE('',*,*,#472,.T.);
#472 = EDGE_CURVE('',#447,#164,#473,.T.);
#473 = SURFACE_CURVE('',#474,(#478,#484),.PCURVE_S1.);
#474 = LINE('',#475,#476);
#475 = CARTESIAN_POINT('',(-30.75,-58.,37.5));
#476 = VECTOR('',#477,1.);
#477 = DIRECTION('',(-0.,1.,0.));
#478 = PCURVE('',#125,#479);
#479 = DEFINITIONAL_REPRESENTATION('',(#480),#483);
#480 = B_SPLINE_CURVE_WITH_KNOTS('',1,(#481,#482),.UNSPECIFIED.,.F.,.F.,
  (2,2),(2.,114.),.PIECEWISE_BEZIER_KNOTS.);
#481 = CARTESIAN_POINT('',(59.25,4.));
#482 = CARTESIAN_POINT('',(59.25,116.));
#483 = ( GEOMETRIC_REPRESENTATION_CONTEXT(2) 
PARAMETRIC_REPRESENTATION_CONTEXT() REPRESENTATION_CONTEXT('2D SPACE',''
  ) );
#484 = PCURVE('',#197,#485);
#485 = DEFINITIONAL_REPRESENTATION('',(#486),#489);
#486 = B_SPLINE_CURVE_WITH_KNOTS('',1,(#487,#488),.UNSPECIFIED.,.F.,.F.,
  (2,2),(2.,114.),.PIECEWISE_BEZIER_KNOTS.);
#487 = CARTESIAN_POINT('',(22.5,0.));
#488 = CARTESIAN_POINT('',(22.5,-112.));
#489 = ( GEOMETRIC_REPRESENTATION_CONTEXT(2) 
PARAMETRIC_REPRESENTATION_CONTEXT() REPRESENTATION_CONTEXT('2D SPACE',''
  ) );
#490 = ORIENTED_EDGE('',*,*,#163,.T.);
#491 = ORIENTED_EDGE('',*,*,#112,.T.);
#492 = ORIENTED_EDGE('',*,*,#493,.F.);
#493 = EDGE_CURVE('',#494,#85,#496,.T.);
#494 = VERTEX_POINT('',#495);
#495 = CARTESIAN_POINT('',(-30.75,0.75,37.5));
#496 = SURFACE_CURVE('',#497,(#501,#507),.PCURVE_S1.);
#497 = LINE('',#498,#499);
#498 = CARTESIAN_POINT('',(-87.,0.75,37.5));
#499 = VECTOR('',#500,1.);
#500 = DIRECTION('',(-1.,-0.,0.));
#501 = PCURVE('',#125,#502);
#502 = DEFINITIONAL_REPRESENTATION('',(#503),#506);
#503 = B_SPLINE_CURVE_WITH_KNOTS('',1,(#504,#505),.UNSPECIFIED.,.F.,.F.,
  (2,2),(-171.,-3.),.PIECEWISE_BEZIER_KNOTS.);
#504 = CARTESIAN_POINT('',(174.,60.75));
#505 = CARTESIAN_POINT('',(6.,60.75));
#506 = ( GEOMETRIC_REPRESENTATION_CONTEXT(2) 
PARAMETRIC_REPRESENTATION_CONTEXT() REPRESENTATION_CONTEXT('2D SPACE',''
  ) );
#507 = PCURVE('',#100,#508);
#508 = DEFINITIONAL_REPRESENTATION('',(#509),#512);
#509 = B_SPLINE_CURVE_WITH_KNOTS('',1,(#510,#511),.UNSPECIFIED.,.F.,.F.,
  (2,2),(-171.,-3.),.PIECEWISE_BEZIER_KNOTS.);
#510 = CARTESIAN_POINT('',(22.5,168.));
#511 = CARTESIAN_POINT('',(22.5,0.));
#512 = ( GEOMETRIC_REPRESENTATION_CONTEXT(2) 
PARAMETRIC_REPRESENTATION_CONTEXT() REPRESENTATION_CONTEXT('2D SPACE',''
  ) );
#513 = ORIENTED_EDGE('',*,*,#514,.T.);
#514 = EDGE_CURVE('',#494,#515,#517,.T.);
#515 = VERTEX_POINT('',#516);
#516 = CARTESIAN_POINT('',(-30.75,56.,37.5));
#517 = SURFACE_CURVE('',#518,(#522,#528),.PCURVE_S1.);
#518 = LINE('',#519,#520);
#519 = CARTESIAN_POINT('',(-30.75,-58.,37.5));
#520 = VECTOR('',#521,1.);
#521 = DIRECTION('',(-0.,1.,0.));
#522 = PCURVE('',#125,#523);
#523 = DEFINITIONAL_REPRESENTATION('',(#524),#527);
#524 = B_SPLINE_CURVE_WITH_KNOTS('',1,(#525,#526),.UNSPECIFIED.,.F.,.F.,
  (2,2),(2.,114.),.PIECEWISE_BEZIER_KNOTS.);
#525 = CARTESIAN_POINT('',(59.25,4.));
#526 = CARTESIAN_POINT('',(59.25,116.));
#527 = ( GEOMETRIC_REPRESENTATION_CONTEXT(2) 
PARAMETRIC_REPRESENTATION_CONTEXT() REPRESENTATION_CONTEXT('2D SPACE',''
  ) );
#528 = PCURVE('',#529,#534);
#529 = PLANE('',#530);
#530 = AXIS2_PLACEMENT_3D('',#531,#532,#533);
#531 = CARTESIAN_POINT('',(-30.75,-56.,15.));
#532 = DIRECTION('',(1.,0.,-0.));
#533 = DIRECTION('',(0.,0.,1.));
#534 = DEFINITIONAL_REPRESENTATION('',(#535),#538);
#535 = B_SPLINE_CURVE_WITH_KNOTS('',1,(#536,#537),.UNSPECIFIED.,.F.,.F.,
  (2,2),(2.,114.),.PIECEWISE_BEZIER_KNOTS.);
#536 = CARTESIAN_POINT('',(22.5,0.));
#537 = CARTESIAN_POINT('',(22.5,-112.));
#538 = ( GEOMETRIC_REPRESENTATION_CONTEXT(2) 
PARAMETRIC_REPRESENTATION_CONTEXT() REPRESENTATION_CONTEXT('2D SPACE',''
  ) );
#539 = ORIENTED_EDGE('',*,*,#540,.F.);
#540 = EDGE_CURVE('',#541,#515,#543,.T.);
#541 = VERTEX_POINT('',#542);
#542 = CARTESIAN_POINT('',(-29.25,56.,37.5));
#543 = SURFACE_CURVE('',#544,(#548,#554),.PCURVE_S1.);
#544 = LINE('',#545,#546);
#545 = CARTESIAN_POINT('',(-60.375,56.,37.5));
#546 = VECTOR('',#547,1.);
#547 = DIRECTION('',(-1.,-0.,0.));
#548 = PCURVE('',#125,#549);
#549 = DEFINITIONAL_REPRESENTATION('',(#550),#553);
#550 = B_SPLINE_CURVE_WITH_KNOTS('',1,(#551,#552),.UNSPECIFIED.,.F.,.F.,
  (2,2),(-31.125,-29.625),.PIECEWISE_BEZIER_KNOTS.);
#551 = CARTESIAN_POINT('',(60.75,116.));
#552 = CARTESIAN_POINT('',(59.25,116.));
#553 = ( GEOMETRIC_REPRESENTATION_CONTEXT(2) 
PARAMETRIC_REPRESENTATION_CONTEXT() REPRESENTATION_CONTEXT('2D SPACE',''
  ) );
#554 = PCURVE('',#555,#560);
#555 = PLANE('',#556);
#556 = AXIS2_PLACEMENT_3D('',#557,#558,#559);
#557 = CARTESIAN_POINT('',(-30.75,56.,15.));
#558 = DIRECTION('',(-0.,1.,0.));
#559 = DIRECTION('',(0.,0.,1.));
#560 = DEFINITIONAL_REPRESENTATION('',(#561),#564);
#561 = B_SPLINE_CURVE_WITH_KNOTS('',1,(#562,#563),.UNSPECIFIED.,.F.,.F.,
  (2,2),(-31.125,-29.625),.PIECEWISE_BEZIER_KNOTS.);
#562 = CARTESIAN_POINT('',(22.5,1.5));
#563 = CARTESIAN_POINT('',(22.5,0.));
#564 = ( GEOMETRIC_REPRESENTATION_CONTEXT(2) 
PARAMETRIC_REPRESENTATION_CONTEXT() REPRESENTATION_CONTEXT('2D SPACE',''
  ) );
#565 = ORIENTED_EDGE('',*,*,#566,.F.);
#566 = EDGE_CURVE('',#567,#541,#569,.T.);
#567 = VERTEX_POINT('',#568);
#568 = CARTESIAN_POINT('',(-29.25,0.75,37.5));
#569 = SURFACE_CURVE('',#570,(#574,#580),.PCURVE_S1.);
#570 = LINE('',#571,#572);
#571 = CARTESIAN_POINT('',(-29.25,-58.,37.5));
#572 = VECTOR('',#573,1.);
#573 = DIRECTION('',(-0.,1.,0.));
#574 = PCURVE('',#125,#575);
#575 = DEFINITIONAL_REPRESENTATION('',(#576),#579);
#576 = B_SPLINE_CURVE_WITH_KNOTS('',1,(#577,#578),.UNSPECIFIED.,.F.,.F.,
  (2,2),(2.,114.),.PIECEWISE_BEZIER_KNOTS.);
#577 = CARTESIAN_POINT('',(60.75,4.));
#578 = CARTESIAN_POINT('',(60.75,116.));
#579 = ( GEOMETRIC_REPRESENTATION_CONTEXT(2) 
PARAMETRIC_REPRESENTATION_CONTEXT() REPRESENTATION_CONTEXT('2D SPACE',''
  ) );
#580 = PCURVE('',#581,#586);
#581 = PLANE('',#582);
#582 = AXIS2_PLACEMENT_3D('',#583,#584,#585);
#583 = CARTESIAN_POINT('',(-29.25,-56.,15.));
#584 = DIRECTION('',(1.,0.,-0.));
#585 = DIRECTION('',(0.,0.,1.));
#586 = DEFINITIONAL_REPRESENTATION('',(#587),#590);
#587 = B_SPLINE_CURVE_WITH_KNOTS('',1,(#588,#589),.UNSPECIFIED.,.F.,.F.,
  (2,2),(2.,114.),.PIECEWISE_BEZIER_KNOTS.);
#588 = CARTESIAN_POINT('',(22.5,0.));
#589 = CARTESIAN_POINT('',(22.5,-112.));
#590 = ( GEOMETRIC_REPRESENTATION_CONTEXT(2) 
PARAMETRIC_REPRESENTATION_CONTEXT() REPRESENTATION_CONTEXT('2D SPACE',''
  ) );
#591 = ORIENTED_EDGE('',*,*,#592,.F.);
#592 = EDGE_CURVE('',#593,#567,#595,.T.);
#593 = VERTEX_POINT('',#594);
#594 = CARTESIAN_POINT('',(29.25,0.75,37.5));
#595 = SURFACE_CURVE('',#596,(#600,#606),.PCURVE_S1.);
#596 = LINE('',#597,#598);
#597 = CARTESIAN_POINT('',(-87.,0.75,37.5));
#598 = VECTOR('',#599,1.);
#599 = DIRECTION('',(-1.,-0.,0.));
#600 = PCURVE('',#125,#601);
#601 = DEFINITIONAL_REPRESENTATION('',(#602),#605);
#602 = B_SPLINE_CURVE_WITH_KNOTS('',1,(#603,#604),.UNSPECIFIED.,.F.,.F.,
  (2,2),(-171.,-3.),.PIECEWISE_BEZIER_KNOTS.);
#603 = CARTESIAN_POINT('',(174.,60.75));
#604 = CARTESIAN_POINT('',(6.,60.75));
#605 = ( GEOMETRIC_REPRESENTATION_CONTEXT(2) 
PARAMETRIC_REPRESENTATION_CONTEXT() REPRESENTATION_CONTEXT('2D SPACE',''
  ) );
#606 = PCURVE('',#607,#612);
#607 = PLANE('',#608);
#608 = AXIS2_PLACEMENT_3D('',#609,#610,#611);
#609 = CARTESIAN_POINT('',(-84.,0.75,15.));
#610 = DIRECTION('',(-0.,1.,0.));
#611 = DIRECTION('',(0.,0.,1.));
#612 = DEFINITIONAL_REPRESENTATION('',(#613),#616);
#613 = B_SPLINE_CURVE_WITH_KNOTS('',1,(#614,#615),.UNSPECIFIED.,.F.,.F.,
  (2,2),(-171.,-3.),.PIECEWISE_BEZIER_KNOTS.);
#614 = CARTESIAN_POINT('',(22.5,168.));
#615 = CARTESIAN_POINT('',(22.5,0.));
#616 = ( GEOMETRIC_REPRESENTATION_CONTEXT(2) 
PARAMETRIC_REPRESENTATION_CONTEXT() REPRESENTATION_CONTEXT('2D SPACE',''
  ) );
#617 = ORIENTED_EDGE('',*,*,#618,.T.);
#618 = EDGE_CURVE('',#593,#619,#621,.T.);
#619 = VERTEX_POINT('',#620);
#620 = CARTESIAN_POINT('',(29.25,56.,37.5));
#621 = SURFACE_CURVE('',#622,(#626,#632),.PCURVE_S1.);
#622 = LINE('',#623,#624);
#623 = CARTESIAN_POINT('',(29.25,-58.,37.5));
#624 = VECTOR('',#625,1.);
#625 = DIRECTION('',(-0.,1.,0.));
#626 = PCURVE('',#125,#627);
#627 = DEFINITIONAL_REPRESENTATION('',(#628),#631);
#628 = B_SPLINE_CURVE_WITH_KNOTS('',1,(#629,#630),.UNSPECIFIED.,.F.,.F.,
  (2,2),(2.,114.),.PIECEWISE_BEZIER_KNOTS.);
#629 = CARTESIAN_POINT('',(119.25,4.));
#630 = CARTESIAN_POINT('',(119.25,116.));
#631 = ( GEOMETRIC_REPRESENTATION_CONTEXT(2) 
PARAMETRIC_REPRESENTATION_CONTEXT() REPRESENTATION_CONTEXT('2D SPACE',''
  ) );
#632 = PCURVE('',#633,#638);
#633 = PLANE('',#634);
#634 = AXIS2_PLACEMENT_3D('',#635,#636,#637);
#635 = CARTESIAN_POINT('',(29.25,-56.,15.));
#636 = DIRECTION('',(1.,0.,-0.));
#637 = DIRECTION('',(0.,0.,1.));
#638 = DEFINITIONAL_REPRESENTATION('',(#639),#642);
#639 = B_SPLINE_CURVE_WITH_KNOTS('',1,(#640,#641),.UNSPECIFIED.,.F.,.F.,
  (2,2),(2.,114.),.PIECEWISE_BEZIER_KNOTS.);
#640 = CARTESIAN_POINT('',(22.5,0.));
#641 = CARTESIAN_POINT('',(22.5,-112.));
#642 = ( GEOMETRIC_REPRESENTATION_CONTEXT(2) 
PARAMETRIC_REPRESENTATION_CONTEXT() REPRESENTATION_CONTEXT('2D SPACE',''
  ) );
#643 = ORIENTED_EDGE('',*,*,#644,.F.);
#644 = EDGE_CURVE('',#645,#619,#647,.T.);
#645 = VERTEX_POINT('',#646);
#646 = CARTESIAN_POINT('',(30.75,56.,37.5));
#647 = SURFACE_CURVE('',#648,(#652,#658),.PCURVE_S1.);
#648 = LINE('',#649,#650);
#649 = CARTESIAN_POINT('',(-30.375,56.,37.5));
#650 = VECTOR('',#651,1.);
#651 = DIRECTION('',(-1.,-0.,0.));
#652 = PCURVE('',#125,#653);
#653 = DEFINITIONAL_REPRESENTATION('',(#654),#657);
#654 = B_SPLINE_CURVE_WITH_KNOTS('',1,(#655,#656),.UNSPECIFIED.,.F.,.F.,
  (2,2),(-61.125,-59.625),.PIECEWISE_BEZIER_KNOTS.);
#655 = CARTESIAN_POINT('',(120.75,116.));
#656 = CARTESIAN_POINT('',(119.25,116.));
#657 = ( GEOMETRIC_REPRESENTATION_CONTEXT(2) 
PARAMETRIC_REPRESENTATION_CONTEXT() REPRESENTATION_CONTEXT('2D SPACE',''
  ) );
#658 = PCURVE('',#659,#664);
#659 = PLANE('',#660);
#660 = AXIS2_PLACEMENT_3D('',#661,#662,#663);
#661 = CARTESIAN_POINT('',(29.25,56.,15.));
#662 = DIRECTION('',(-0.,1.,0.));
#663 = DIRECTION('',(0.,0.,1.));
#664 = DEFINITIONAL_REPRESENTATION('',(#665),#668);
#665 = B_SPLINE_CURVE_WITH_KNOTS('',1,(#666,#667),.UNSPECIFIED.,.F.,.F.,
  (2,2),(-61.125,-59.625),.PIECEWISE_BEZIER_KNOTS.);
#666 = CARTESIAN_POINT('',(22.5,1.5));
#667 = CARTESIAN_POINT('',(22.5,0.));
#668 = ( GEOMETRIC_REPRESENTATION_CONTEXT(2) 
PARAMETRIC_REPRESENTATION_CONTEXT() REPRESENTATION_CONTEXT('2D SPACE',''
  ) );
#669 = ORIENTED_EDGE('',*,*,#670,.F.);
#670 = EDGE_CURVE('',#671,#645,#673,.T.);
#671 = VERTEX_POINT('',#672);
#672 = CARTESIAN_POINT('',(30.75,0.75,37.5));
#673 = SURFACE_CURVE('',#674,(#678,#684),.PCURVE_S1.);
#674 = LINE('',#675,#676);
#675 = CARTESIAN_POINT('',(30.75,-58.,37.5));
#676 = VECTOR('',#677,1.);
#677 = DIRECTION('',(-0.,1.,0.));
#678 = PCURVE('',#125,#679);
#679 = DEFINITIONAL_REPRESENTATION('',(#680),#683);
#680 = B_SPLINE_CURVE_WITH_KNOTS('',1,(#681,#682),.UNSPECIFIED.,.F.,.F.,
  (2,2),(2.,114.),.PIECEWISE_BEZIER_KNOTS.);
#681 = CARTESIAN_POINT('',(120.75,4.));
#682 = CARTESIAN_POINT('',(120.75,116.));
#683 = ( GEOMETRIC_REPRESENTATION_CONTEXT(2) 
PARAMETRIC_REPRESENTATION_CONTEXT() REPRESENTATION_CONTEXT('2D SPACE',''
  ) );
#684 = PCURVE('',#685,#690);
#685 = PLANE('',#686);
#686 = AXIS2_PLACEMENT_3D('',#687,#688,#689);
#687 = CARTESIAN_POINT('',(30.75,-56.,15.));
#688 = DIRECTION('',(1.,0.,-0.));
#689 = DIRECTION('',(0.,0.,1.));
#690 = DEFINITIONAL_REPRESENTATION('',(#691),#694);
#691 = B_SPLINE_CURVE_WITH_KNOTS('',1,(#692,#693),.UNSPECIFIED.,.F.,.F.,
  (2,2),(2.,114.),.PIECEWISE_BEZIER_KNOTS.);
#692 = CARTESIAN_POINT('',(22.5,0.));
#693 = CARTESIAN_POINT('',(22.5,-112.));
#694 = ( GEOMETRIC_REPRESENTATION_CONTEXT(2) 
PARAMETRIC_REPRESENTATION_CONTEXT() REPRESENTATION_CONTEXT('2D SPACE',''
  ) );
#695 = ORIENTED_EDGE('',*,*,#696,.F.);
#696 = EDGE_CURVE('',#697,#671,#699,.T.);
#697 = VERTEX_POINT('',#698);
#698 = CARTESIAN_POINT('',(84.,0.75,37.5));
#699 = SURFACE_CURVE('',#700,(#704,#710),.PCURVE_S1.);
#700 = LINE('',#701,#702);
#701 = CARTESIAN_POINT('',(-87.,0.75,37.5));
#702 = VECTOR('',#703,1.);
#703 = DIRECTION('',(-1.,-0.,0.));
#704 = PCURVE('',#125,#705);
#705 = DEFINITIONAL_REPRESENTATION('',(#706),#709);
#706 = B_SPLINE_CURVE_WITH_KNOTS('',1,(#707,#708),.UNSPECIFIED.,.F.,.F.,
  (2,2),(-171.,-3.),.PIECEWISE_BEZIER_KNOTS.);
#707 = CARTESIAN_POINT('',(174.,60.75));
#708 = CARTESIAN_POINT('',(6.,60.75));
#709 = ( GEOMETRIC_REPRESENTATION_CONTEXT(2) 
PARAMETRIC_REPRESENTATION_CONTEXT() REPRESENTATION_CONTEXT('2D SPACE',''
  ) );
#710 = PCURVE('',#711,#716);
#711 = PLANE('',#712);
#712 = AXIS2_PLACEMENT_3D('',#713,#714,#715);
#713 = CARTESIAN_POINT('',(-84.,0.75,15.));
#714 = DIRECTION('',(-0.,1.,0.));
#715 = DIRECTION('',(0.,0.,1.));
#716 = DEFINITIONAL_REPRESENTATION('',(#717),#720);
#717 = B_SPLINE_CURVE_WITH_KNOTS('',1,(#718,#719),.UNSPECIFIED.,.F.,.F.,
  (2,2),(-171.,-3.),.PIECEWISE_BEZIER_KNOTS.);
#718 = CARTESIAN_POINT('',(22.5,168.));
#719 = CARTESIAN_POINT('',(22.5,0.));
#720 = ( GEOMETRIC_REPRESENTATION_CONTEXT(2) 
PARAMETRIC_REPRESENTATION_CONTEXT() REPRESENTATION_CONTEXT('2D SPACE',''
  ) );
#721 = ORIENTED_EDGE('',*,*,#722,.F.);
#722 = EDGE_CURVE('',#723,#697,#725,.T.);
#723 = VERTEX_POINT('',#724);
#724 = CARTESIAN_POINT('',(84.,-0.75,37.5));
#725 = SURFACE_CURVE('',#726,(#730,#736),.PCURVE_S1.);
#726 = LINE('',#727,#728);
#727 = CARTESIAN_POINT('',(84.,-30.375,37.5));
#728 = VECTOR('',#729,1.);
#729 = DIRECTION('',(-0.,1.,0.));
#730 = PCURVE('',#125,#731);
#731 = DEFINITIONAL_REPRESENTATION('',(#732),#735);
#732 = B_SPLINE_CURVE_WITH_KNOTS('',1,(#733,#734),.UNSPECIFIED.,.F.,.F.,
  (2,2),(29.625,31.125),.PIECEWISE_BEZIER_KNOTS.);
#733 = CARTESIAN_POINT('',(174.,59.25));
#734 = CARTESIAN_POINT('',(174.,60.75));
#735 = ( GEOMETRIC_REPRESENTATION_CONTEXT(2) 
PARAMETRIC_REPRESENTATION_CONTEXT() REPRESENTATION_CONTEXT('2D SPACE',''
  ) );
#736 = PCURVE('',#737,#742);
#737 = PLANE('',#738);
#738 = AXIS2_PLACEMENT_3D('',#739,#740,#741);
#739 = CARTESIAN_POINT('',(84.,-0.75,15.));
#740 = DIRECTION('',(1.,0.,-0.));
#741 = DIRECTION('',(0.,0.,1.));
#742 = DEFINITIONAL_REPRESENTATION('',(#743),#746);
#743 = B_SPLINE_CURVE_WITH_KNOTS('',1,(#744,#745),.UNSPECIFIED.,.F.,.F.,
  (2,2),(29.625,31.125),.PIECEWISE_BEZIER_KNOTS.);
#744 = CARTESIAN_POINT('',(22.5,0.));
#745 = CARTESIAN_POINT('',(22.5,-1.5));
#746 = ( GEOMETRIC_REPRESENTATION_CONTEXT(2) 
PARAMETRIC_REPRESENTATION_CONTEXT() REPRESENTATION_CONTEXT('2D SPACE',''
  ) );
#747 = ORIENTED_EDGE('',*,*,#748,.T.);
#748 = EDGE_CURVE('',#723,#749,#751,.T.);
#749 = VERTEX_POINT('',#750);
#750 = CARTESIAN_POINT('',(30.75,-0.75,37.5));
#751 = SURFACE_CURVE('',#752,(#756,#762),.PCURVE_S1.);
#752 = LINE('',#753,#754);
#753 = CARTESIAN_POINT('',(-87.,-0.75,37.5));
#754 = VECTOR('',#755,1.);
#755 = DIRECTION('',(-1.,-0.,0.));
#756 = PCURVE('',#125,#757);
#757 = DEFINITIONAL_REPRESENTATION('',(#758),#761);
#758 = B_SPLINE_CURVE_WITH_KNOTS('',1,(#759,#760),.UNSPECIFIED.,.F.,.F.,
  (2,2),(-171.,-3.),.PIECEWISE_BEZIER_KNOTS.);
#759 = CARTESIAN_POINT('',(174.,59.25));
#760 = CARTESIAN_POINT('',(6.,59.25));
#761 = ( GEOMETRIC_REPRESENTATION_CONTEXT(2) 
PARAMETRIC_REPRESENTATION_CONTEXT() REPRESENTATION_CONTEXT('2D SPACE',''
  ) );
#762 = PCURVE('',#763,#768);
#763 = PLANE('',#764);
#764 = AXIS2_PLACEMENT_3D('',#765,#766,#767);
#765 = CARTESIAN_POINT('',(-84.,-0.75,15.));
#766 = DIRECTION('',(-0.,1.,0.));
#767 = DIRECTION('',(0.,0.,1.));
#768 = DEFINITIONAL_REPRESENTATION('',(#769),#772);
#769 = B_SPLINE_CURVE_WITH_KNOTS('',1,(#770,#771),.UNSPECIFIED.,.F.,.F.,
  (2,2),(-171.,-3.),.PIECEWISE_BEZIER_KNOTS.);
#770 = CARTESIAN_POINT('',(22.5,168.));
#771 = CARTESIAN_POINT('',(22.5,0.));
#772 = ( GEOMETRIC_REPRESENTATION_CONTEXT(2) 
PARAMETRIC_REPRESENTATION_CONTEXT() REPRESENTATION_CONTEXT('2D SPACE',''
  ) );
#773 = ORIENTED_EDGE('',*,*,#774,.F.);
#774 = EDGE_CURVE('',#775,#749,#777,.T.);
#775 = VERTEX_POINT('',#776);
#776 = CARTESIAN_POINT('',(30.75,-56.,37.5));
#777 = SURFACE_CURVE('',#778,(#782,#788),.PCURVE_S1.);
#778 = LINE('',#779,#780);
#779 = CARTESIAN_POINT('',(30.75,-58.,37.5));
#780 = VECTOR('',#781,1.);
#781 = DIRECTION('',(-0.,1.,0.));
#782 = PCURVE('',#125,#783);
#783 = DEFINITIONAL_REPRESENTATION('',(#784),#787);
#784 = B_SPLINE_CURVE_WITH_KNOTS('',1,(#785,#786),.UNSPECIFIED.,.F.,.F.,
  (2,2),(2.,114.),.PIECEWISE_BEZIER_KNOTS.);
#785 = CARTESIAN_POINT('',(120.75,4.));
#786 = CARTESIAN_POINT('',(120.75,116.));
#787 = ( GEOMETRIC_REPRESENTATION_CONTEXT(2) 
PARAMETRIC_REPRESENTATION_CONTEXT() REPRESENTATION_CONTEXT('2D SPACE',''
  ) );
#788 = PCURVE('',#789,#794);
#789 = PLANE('',#790);
#790 = AXIS2_PLACEMENT_3D('',#791,#792,#793);
#791 = CARTESIAN_POINT('',(30.75,-56.,15.));
#792 = DIRECTION('',(1.,0.,-0.));
#793 = DIRECTION('',(0.,0.,1.));
#794 = DEFINITIONAL_REPRESENTATION('',(#795),#798);
#795 = B_SPLINE_CURVE_WITH_KNOTS('',1,(#796,#797),.UNSPECIFIED.,.F.,.F.,
  (2,2),(2.,114.),.PIECEWISE_BEZIER_KNOTS.);
#796 = CARTESIAN_POINT('',(22.5,0.));
#797 = CARTESIAN_POINT('',(22.5,-112.));
#798 = ( GEOMETRIC_REPRESENTATION_CONTEXT(2) 
PARAMETRIC_REPRESENTATION_CONTEXT() REPRESENTATION_CONTEXT('2D SPACE',''
  ) );
#799 = ORIENTED_EDGE('',*,*,#800,.T.);
#800 = EDGE_CURVE('',#775,#801,#803,.T.);
#801 = VERTEX_POINT('',#802);
#802 = CARTESIAN_POINT('',(29.25,-56.,37.5));
#803 = SURFACE_CURVE('',#804,(#808,#814),.PCURVE_S1.);
#804 = LINE('',#805,#806);
#805 = CARTESIAN_POINT('',(-30.375,-56.,37.5));
#806 = VECTOR('',#807,1.);
#807 = DIRECTION('',(-1.,-0.,0.));
#808 = PCURVE('',#125,#809);
#809 = DEFINITIONAL_REPRESENTATION('',(#810),#813);
#810 = B_SPLINE_CURVE_WITH_KNOTS('',1,(#811,#812),.UNSPECIFIED.,.F.,.F.,
  (2,2),(-61.125,-59.625),.PIECEWISE_BEZIER_KNOTS.);
#811 = CARTESIAN_POINT('',(120.75,4.));
#812 = CARTESIAN_POINT('',(119.25,4.));
#813 = ( GEOMETRIC_REPRESENTATION_CONTEXT(2) 
PARAMETRIC_REPRESENTATION_CONTEXT() REPRESENTATION_CONTEXT('2D SPACE',''
  ) );
#814 = PCURVE('',#815,#820);
#815 = PLANE('',#816);
#816 = AXIS2_PLACEMENT_3D('',#817,#818,#819);
#817 = CARTESIAN_POINT('',(29.25,-56.,15.));
#818 = DIRECTION('',(-0.,1.,0.));
#819 = DIRECTION('',(0.,0.,1.));
#820 = DEFINITIONAL_REPRESENTATION('',(#821),#824);
#821 = B_SPLINE_CURVE_WITH_KNOTS('',1,(#822,#823),.UNSPECIFIED.,.F.,.F.,
  (2,2),(-61.125,-59.625),.PIECEWISE_BEZIER_KNOTS.);
#822 = CARTESIAN_POINT('',(22.5,1.5));
#823 = CARTESIAN_POINT('',(22.5,0.));
#824 = ( GEOMETRIC_REPRESENTATION_CONTEXT(2) 
PARAMETRIC_REPRESENTATION_CONTEXT() REPRESENTATION_CONTEXT('2D SPACE',''
  ) );
#825 = ORIENTED_EDGE('',*,*,#826,.T.);
#826 = EDGE_CURVE('',#801,#827,#829,.T.);
#827 = VERTEX_POINT('',#828);
#828 = CARTESIAN_POINT('',(29.25,-0.75,37.5));
#829 = SURFACE_CURVE('',#830,(#834,#840),.PCURVE_S1.);
#830 = LINE('',#831,#832);
#831 = CARTESIAN_POINT('',(29.25,-58.,37.5));
#832 = VECTOR('',#833,1.);
#833 = DIRECTION('',(-0.,1.,0.));
#834 = PCURVE('',#125,#835);
#835 = DEFINITIONAL_REPRESENTATION('',(#836),#839);
#836 = B_SPLINE_CURVE_WITH_KNOTS('',1,(#837,#838),.UNSPECIFIED.,.F.,.F.,
  (2,2),(2.,114.),.PIECEWISE_BEZIER_KNOTS.);
#837 = CARTESIAN_POINT('',(119.25,4.));
#838 = CARTESIAN_POINT('',(119.25,116.));
#839 = ( GEOMETRIC_REPRESENTATION_CONTEXT(2) 
PARAMETRIC_REPRESENTATION_CONTEXT() REPRESENTATION_CONTEXT('2D SPACE',''
  ) );
#840 = PCURVE('',#841,#846);
#841 = PLANE('',#842);
#842 = AXIS2_PLACEMENT_3D('',#843,#844,#845);
#843 = CARTESIAN_POINT('',(29.25,-56.,15.));
#844 = DIRECTION('',(1.,0.,-0.));
#845 = DIRECTION('',(0.,0.,1.));
#846 = DEFINITIONAL_REPRESENTATION('',(#847),#850);
#847 = B_SPLINE_CURVE_WITH_KNOTS('',1,(#848,#849),.UNSPECIFIED.,.F.,.F.,
  (2,2),(2.,114.),.PIECEWISE_BEZIER_KNOTS.);
#848 = CARTESIAN_POINT('',(22.5,0.));
#849 = CARTESIAN_POINT('',(22.5,-112.));
#850 = ( GEOMETRIC_REPRESENTATION_CONTEXT(2) 
PARAMETRIC_REPRESENTATION_CONTEXT() REPRESENTATION_CONTEXT('2D SPACE',''
  ) );
#851 = ORIENTED_EDGE('',*,*,#852,.T.);
#852 = EDGE_CURVE('',#827,#421,#853,.T.);
#853 = SURFACE_CURVE('',#854,(#858,#864),.PCURVE_S1.);
#854 = LINE('',#855,#856);
#855 = CARTESIAN_POINT('',(-87.,-0.75,37.5));
#856 = VECTOR('',#857,1.);
#857 = DIRECTION('',(-1.,-0.,0.));
#858 = PCURVE('',#125,#859);
#859 = DEFINITIONAL_REPRESENTATION('',(#860),#863);
#860 = B_SPLINE_CURVE_WITH_KNOTS('',1,(#861,#862),.UNSPECIFIED.,.F.,.F.,
  (2,2),(-171.,-3.),.PIECEWISE_BEZIER_KNOTS.);
#861 = CARTESIAN_POINT('',(174.,59.25));
#862 = CARTESIAN_POINT('',(6.,59.25));
#863 = ( GEOMETRIC_REPRESENTATION_CONTEXT(2) 
PARAMETRIC_REPRESENTATION_CONTEXT() REPRESENTATION_CONTEXT('2D SPACE',''
  ) );
#864 = PCURVE('',#865,#870);
#865 = PLANE('',#866);
#866 = AXIS2_PLACEMENT_3D('',#867,#868,#869);
#867 = CARTESIAN_POINT('',(-84.,-0.75,15.));
#868 = DIRECTION('',(-0.,1.,0.));
#869 = DIRECTION('',(0.,0.,1.));
#870 = DEFINITIONAL_REPRESENTATION('',(#871),#874);
#871 = B_SPLINE_CURVE_WITH_KNOTS('',1,(#872,#873),.UNSPECIFIED.,.F.,.F.,
  (2,2),(-171.,-3.),.PIECEWISE_BEZIER_KNOTS.);
#872 = CARTESIAN_POINT('',(22.5,168.));
#873 = CARTESIAN_POINT('',(22.5,0.));
#874 = ( GEOMETRIC_REPRESENTATION_CONTEXT(2) 
PARAMETRIC_REPRESENTATION_CONTEXT() REPRESENTATION_CONTEXT('2D SPACE',''
  ) );
#875 = FACE_BOUND('',#876,.F.);
#876 = EDGE_LOOP('',(#877));
#877 = ORIENTED_EDGE('',*,*,#878,.F.);
#878 = EDGE_CURVE('',#879,#879,#881,.T.);
#879 = VERTEX_POINT('',#880);
#880 = CARTESIAN_POINT('',(83.5,50.,37.5));
#881 = SURFACE_CURVE('',#882,(#887,#894),.PCURVE_S1.);
#882 = CIRCLE('',#883,3.5);
#883 = AXIS2_PLACEMENT_3D('',#884,#885,#886);
#884 = CARTESIAN_POINT('',(80.,50.,37.5));
#885 = DIRECTION('',(0.,0.,1.));
#886 = DIRECTION('',(1.,0.,-0.));
#887 = PCURVE('',#125,#888);
#888 = DEFINITIONAL_REPRESENTATION('',(#889),#893);
#889 = CIRCLE('',#890,3.5);
#890 = AXIS2_PLACEMENT_2D('',#891,#892);
#891 = CARTESIAN_POINT('',(170.,110.));
#892 = DIRECTION('',(1.,0.));
#893 = ( GEOMETRIC_REPRESENTATION_CONTEXT(2) 
PARAMETRIC_REPRESENTATION_CONTEXT() REPRESENTATION_CONTEXT('2D SPACE',''
  ) );
#894 = PCURVE('',#895,#900);
#895 = CYLINDRICAL_SURFACE('',#896,3.5);
#896 = AXIS2_PLACEMENT_3D('',#897,#898,#899);
#897 = CARTESIAN_POINT('',(80.,50.,6.));
#898 = DIRECTION('',(0.,0.,1.));
#899 = DIRECTION('',(1.,0.,-0.));
#900 = DEFINITIONAL_REPRESENTATION('',(#901),#905);
#901 = LINE('',#902,#903);
#902 = CARTESIAN_POINT('',(0.,31.5));
#903 = VECTOR('',#904,1.);
#904 = DIRECTION('',(1.,0.));
#905 = ( GEOMETRIC_REPRESENTATION_CONTEXT(2) 
PARAMETRIC_REPRESENTATION_CONTEXT() REPRESENTATION_CONTEXT('2D SPACE',''
  ) );
#906 = ADVANCED_FACE('',(#907),#100,.T.);
#907 = FACE_BOUND('',#908,.T.);
#908 = EDGE_LOOP('',(#909,#932,#933,#934));
#909 = ORIENTED_EDGE('',*,*,#910,.F.);
#910 = EDGE_CURVE('',#57,#911,#913,.T.);
#911 = VERTEX_POINT('',#912);
#912 = CARTESIAN_POINT('',(-30.75,0.75,15.));
#913 = SURFACE_CURVE('',#914,(#918,#925),.PCURVE_S1.);
#914 = LINE('',#915,#916);
#915 = CARTESIAN_POINT('',(-84.,0.75,15.));
#916 = VECTOR('',#917,1.);
#917 = DIRECTION('',(1.,0.,-0.));
#918 = PCURVE('',#100,#919);
#919 = DEFINITIONAL_REPRESENTATION('',(#920),#924);
#920 = LINE('',#921,#922);
#921 = CARTESIAN_POINT('',(0.,0.));
#922 = VECTOR('',#923,1.);
#923 = DIRECTION('',(0.,1.));
#924 = ( GEOMETRIC_REPRESENTATION_CONTEXT(2) 
PARAMETRIC_REPRESENTATION_CONTEXT() REPRESENTATION_CONTEXT('2D SPACE',''
  ) );
#925 = PCURVE('',#72,#926);
#926 = DEFINITIONAL_REPRESENTATION('',(#927),#931);
#927 = LINE('',#928,#929);
#928 = CARTESIAN_POINT('',(0.,1.5));
#929 = VECTOR('',#930,1.);
#930 = DIRECTION('',(1.,0.));
#931 = ( GEOMETRIC_REPRESENTATION_CONTEXT(2) 
PARAMETRIC_REPRESENTATION_CONTEXT() REPRESENTATION_CONTEXT('2D SPACE',''
  ) );
#932 = ORIENTED_EDGE('',*,*,#84,.T.);
#933 = ORIENTED_EDGE('',*,*,#493,.F.);
#934 = ORIENTED_EDGE('',*,*,#935,.F.);
#935 = EDGE_CURVE('',#911,#494,#936,.T.);
#936 = SURFACE_CURVE('',#937,(#941,#947),.PCURVE_S1.);
#937 = LINE('',#938,#939);
#938 = CARTESIAN_POINT('',(-30.75,0.75,15.));
#939 = VECTOR('',#940,1.);
#940 = DIRECTION('',(0.,0.,1.));
#941 = PCURVE('',#100,#942);
#942 = DEFINITIONAL_REPRESENTATION('',(#943),#946);
#943 = B_SPLINE_CURVE_WITH_KNOTS('',1,(#944,#945),.UNSPECIFIED.,.F.,.F.,
  (2,2),(0.,22.5),.PIECEWISE_BEZIER_KNOTS.);
#944 = CARTESIAN_POINT('',(0.,53.25));
#945 = CARTESIAN_POINT('',(22.5,53.25));
#946 = ( GEOMETRIC_REPRESENTATION_CONTEXT(2) 
PARAMETRIC_REPRESENTATION_CONTEXT() REPRESENTATION_CONTEXT('2D SPACE',''
  ) );
#947 = PCURVE('',#529,#948);
#948 = DEFINITIONAL_REPRESENTATION('',(#949),#952);
#949 = B_SPLINE_CURVE_WITH_KNOTS('',1,(#950,#951),.UNSPECIFIED.,.F.,.F.,
  (2,2),(0.,22.5),.PIECEWISE_BEZIER_KNOTS.);
#950 = CARTESIAN_POINT('',(0.,-56.75));
#951 = CARTESIAN_POINT('',(22.5,-56.75));
#952 = ( GEOMETRIC_REPRESENTATION_CONTEXT(2) 
PARAMETRIC_REPRESENTATION_CONTEXT() REPRESENTATION_CONTEXT('2D SPACE',''
  ) );
#953 = ADVANCED_FACE('',(#954),#72,.F.);
#954 = FACE_BOUND('',#955,.F.);
#955 = EDGE_LOOP('',(#956,#957,#958,#959));
#956 = ORIENTED_EDGE('',*,*,#910,.F.);
#957 = ORIENTED_EDGE('',*,*,#56,.F.);
#958 = ORIENTED_EDGE('',*,*,#139,.T.);
#959 = ORIENTED_EDGE('',*,*,#960,.T.);
#960 = EDGE_CURVE('',#140,#911,#961,.T.);
#961 = SURFACE_CURVE('',#962,(#966,#973),.PCURVE_S1.);
#962 = LINE('',#963,#964);
#963 = CARTESIAN_POINT('',(-30.75,-56.,15.));
#964 = VECTOR('',#965,1.);
#965 = DIRECTION('',(-0.,1.,0.));
#966 = PCURVE('',#72,#967);
#967 = DEFINITIONAL_REPRESENTATION('',(#968),#972);
#968 = LINE('',#969,#970);
#969 = CARTESIAN_POINT('',(53.25,-55.25));
#970 = VECTOR('',#971,1.);
#971 = DIRECTION('',(0.,1.));
#972 = ( GEOMETRIC_REPRESENTATION_CONTEXT(2) 
PARAMETRIC_REPRESENTATION_CONTEXT() REPRESENTATION_CONTEXT('2D SPACE',''
  ) );
#973 = PCURVE('',#974,#979);
#974 = PLANE('',#975);
#975 = AXIS2_PLACEMENT_3D('',#976,#977,#978);
#976 = CARTESIAN_POINT('',(-30.75,-56.,15.));
#977 = DIRECTION('',(0.,0.,1.));
#978 = DIRECTION('',(1.,0.,-0.));
#979 = DEFINITIONAL_REPRESENTATION('',(#980),#984);
#980 = LINE('',#981,#982);
#981 = CARTESIAN_POINT('',(0.,0.));
#982 = VECTOR('',#983,1.);
#983 = DIRECTION('',(0.,1.));
#984 = ( GEOMETRIC_REPRESENTATION_CONTEXT(2) 
PARAMETRIC_REPRESENTATION_CONTEXT() REPRESENTATION_CONTEXT('2D SPACE',''
  ) );
#985 = ADVANCED_FACE('',(#986),#197,.F.);
#986 = FACE_BOUND('',#987,.F.);
#987 = EDGE_LOOP('',(#988,#1011,#1037,#1038));
#988 = ORIENTED_EDGE('',*,*,#989,.F.);
#989 = EDGE_CURVE('',#990,#447,#992,.T.);
#990 = VERTEX_POINT('',#991);
#991 = CARTESIAN_POINT('',(-30.75,-56.,15.));
#992 = SURFACE_CURVE('',#993,(#997,#1004),.PCURVE_S1.);
#993 = LINE('',#994,#995);
#994 = CARTESIAN_POINT('',(-30.75,-56.,15.));
#995 = VECTOR('',#996,1.);
#996 = DIRECTION('',(0.,0.,1.));
#997 = PCURVE('',#197,#998);
#998 = DEFINITIONAL_REPRESENTATION('',(#999),#1003);
#999 = LINE('',#1000,#1001);
#1000 = CARTESIAN_POINT('',(0.,0.));
#1001 = VECTOR('',#1002,1.);
#1002 = DIRECTION('',(1.,0.));
#1003 = ( GEOMETRIC_REPRESENTATION_CONTEXT(2) 
PARAMETRIC_REPRESENTATION_CONTEXT() REPRESENTATION_CONTEXT('2D SPACE',''
  ) );
#1004 = PCURVE('',#461,#1005);
#1005 = DEFINITIONAL_REPRESENTATION('',(#1006),#1010);
#1006 = LINE('',#1007,#1008);
#1007 = CARTESIAN_POINT('',(0.,0.));
#1008 = VECTOR('',#1009,1.);
#1009 = DIRECTION('',(1.,0.));
#1010 = ( GEOMETRIC_REPRESENTATION_CONTEXT(2) 
PARAMETRIC_REPRESENTATION_CONTEXT() REPRESENTATION_CONTEXT('2D SPACE',''
  ) );
#1011 = ORIENTED_EDGE('',*,*,#1012,.T.);
#1012 = EDGE_CURVE('',#990,#140,#1013,.T.);
#1013 = SURFACE_CURVE('',#1014,(#1018,#1025),.PCURVE_S1.);
#1014 = LINE('',#1015,#1016);
#1015 = CARTESIAN_POINT('',(-30.75,-56.,15.));
#1016 = VECTOR('',#1017,1.);
#1017 = DIRECTION('',(-0.,1.,0.));
#1018 = PCURVE('',#197,#1019);
#1019 = DEFINITIONAL_REPRESENTATION('',(#1020),#1024);
#1020 = LINE('',#1021,#1022);
#1021 = CARTESIAN_POINT('',(0.,0.));
#1022 = VECTOR('',#1023,1.);
#1023 = DIRECTION('',(0.,-1.));
#1024 = ( GEOMETRIC_REPRESENTATION_CONTEXT(2) 
PARAMETRIC_REPRESENTATION_CONTEXT() REPRESENTATION_CONTEXT('2D SPACE',''
  ) );
#1025 = PCURVE('',#1026,#1031);
#1026 = PLANE('',#1027);
#1027 = AXIS2_PLACEMENT_3D('',#1028,#1029,#1030);
#1028 = CARTESIAN_POINT('',(-30.75,-56.,15.));
#1029 = DIRECTION('',(0.,0.,1.));
#1030 = DIRECTION('',(1.,0.,-0.));
#1031 = DEFINITIONAL_REPRESENTATION('',(#1032),#1036);
#1032 = LINE('',#1033,#1034);
#1033 = CARTESIAN_POINT('',(0.,0.));
#1034 = VECTOR('',#1035,1.);
#1035 = DIRECTION('',(0.,1.));
#1036 = ( GEOMETRIC_REPRESENTATION_CONTEXT(2) 
PARAMETRIC_REPRESENTATION_CONTEXT() REPRESENTATION_CONTEXT('2D SPACE',''
  ) );
#1037 = ORIENTED_EDGE('',*,*,#184,.T.);
#1038 = ORIENTED_EDGE('',*,*,#472,.F.);
#1039 = ADVANCED_FACE('',(#1040),#229,.F.);
#1040 = FACE_BOUND('',#1041,.F.);
#1041 = EDGE_LOOP('',(#1042,#1071,#1072,#1105));
#1042 = ORIENTED_EDGE('',*,*,#1043,.F.);
#1043 = EDGE_CURVE('',#212,#1044,#1046,.T.);
#1044 = VERTEX_POINT('',#1045);
#1045 = CARTESIAN_POINT('',(-86.52992118695,-56.03009252446,
    37.013088474154));
#1046 = SURFACE_CURVE('',#1047,(#1052,#1059),.PCURVE_S1.);
#1047 = CIRCLE('',#1048,0.5);
#1048 = AXIS2_PLACEMENT_3D('',#1049,#1050,#1051);
#1049 = CARTESIAN_POINT('',(-86.03009252446,-56.03009252446,37.));
#1050 = DIRECTION('',(0.,-1.,-0.));
#1051 = DIRECTION('',(-1.,0.,-2.449293598295E-16));
#1052 = PCURVE('',#229,#1053);
#1053 = DEFINITIONAL_REPRESENTATION('',(#1054),#1058);
#1054 = LINE('',#1055,#1056);
#1055 = CARTESIAN_POINT('',(6.2570053684,2.922470612765));
#1056 = VECTOR('',#1057,1.);
#1057 = DIRECTION('',(-1.,-0.));
#1058 = ( GEOMETRIC_REPRESENTATION_CONTEXT(2) 
PARAMETRIC_REPRESENTATION_CONTEXT() REPRESENTATION_CONTEXT('2D SPACE',''
  ) );
#1059 = PCURVE('',#1060,#1065);
#1060 = SPHERICAL_SURFACE('',#1061,0.5);
#1061 = AXIS2_PLACEMENT_3D('',#1062,#1063,#1064);
#1062 = CARTESIAN_POINT('',(-86.03009252446,-56.03009252446,37.));
#1063 = DIRECTION('',(0.,0.,-1.));
#1064 = DIRECTION('',(-1.,0.,0.));
#1065 = DEFINITIONAL_REPRESENTATION('',(#1066),#1070);
#1066 = LINE('',#1067,#1068);
#1067 = CARTESIAN_POINT('',(-0.,-6.28318530718));
#1068 = VECTOR('',#1069,1.);
#1069 = DIRECTION('',(-0.,1.));
#1070 = ( GEOMETRIC_REPRESENTATION_CONTEXT(2) 
PARAMETRIC_REPRESENTATION_CONTEXT() REPRESENTATION_CONTEXT('2D SPACE',''
  ) );
#1071 = ORIENTED_EDGE('',*,*,#211,.T.);
#1072 = ORIENTED_EDGE('',*,*,#1073,.F.);
#1073 = EDGE_CURVE('',#1074,#214,#1076,.T.);
#1074 = VERTEX_POINT('',#1075);
#1075 = CARTESIAN_POINT('',(-86.52992118695,56.030092524468,
    37.013088474154));
#1076 = SURFACE_CURVE('',#1077,(#1082,#1089),.PCURVE_S1.);
#1077 = CIRCLE('',#1078,0.5);
#1078 = AXIS2_PLACEMENT_3D('',#1079,#1080,#1081);
#1079 = CARTESIAN_POINT('',(-86.03009252446,56.030092524467,37.));
#1080 = DIRECTION('',(0.,1.,-0.));
#1081 = DIRECTION('',(-0.999657324976,0.,2.617694830787E-02));
#1082 = PCURVE('',#229,#1083);
#1083 = DEFINITIONAL_REPRESENTATION('',(#1084),#1088);
#1084 = LINE('',#1085,#1086);
#1085 = CARTESIAN_POINT('',(0.,114.9826556617));
#1086 = VECTOR('',#1087,1.);
#1087 = DIRECTION('',(1.,0.));
#1088 = ( GEOMETRIC_REPRESENTATION_CONTEXT(2) 
PARAMETRIC_REPRESENTATION_CONTEXT() REPRESENTATION_CONTEXT('2D SPACE',''
  ) );
#1089 = PCURVE('',#1090,#1095);
#1090 = SPHERICAL_SURFACE('',#1091,0.5);
#1091 = AXIS2_PLACEMENT_3D('',#1092,#1093,#1094);
#1092 = CARTESIAN_POINT('',(-86.03009252446,56.030092524467,37.));
#1093 = DIRECTION('',(4.736951571734E-15,-0.999657324976,
    -2.617694830788E-02));
#1094 = DIRECTION('',(-0.999657559667,-6.849979714304E-04,
    2.615901715033E-02));
#1095 = DEFINITIONAL_REPRESENTATION('',(#1096),#1104);
#1096 = B_SPLINE_CURVE_WITH_KNOTS('',6,(#1097,#1098,#1099,#1100,#1101,
    #1102,#1103),.UNSPECIFIED.,.F.,.F.,(7,7),(0.,1.544616388015),
  .PIECEWISE_BEZIER_KNOTS.);
#1097 = CARTESIAN_POINT('',(0.,-6.85232676351E-04));
#1098 = CARTESIAN_POINT('',(-0.257347968596,-7.421815565854E-03));
#1099 = CARTESIAN_POINT('',(-0.514698847374,-1.41034626037E-02));
#1100 = CARTESIAN_POINT('',(-0.772094025365,-1.993065948281E-02));
#1101 = CARTESIAN_POINT('',(-1.029576808025,-2.409785008156E-02));
#1102 = CARTESIAN_POINT('',(-1.287101043311,-2.617993877993E-02));
#1103 = CARTESIAN_POINT('',(-1.54462535513,-2.617993877992E-02));
#1104 = ( GEOMETRIC_REPRESENTATION_CONTEXT(2) 
PARAMETRIC_REPRESENTATION_CONTEXT() REPRESENTATION_CONTEXT('2D SPACE',''
  ) );
#1105 = ORIENTED_EDGE('',*,*,#1106,.F.);
#1106 = EDGE_CURVE('',#1044,#1074,#1107,.T.);
#1107 = SURFACE_CURVE('',#1108,(#1112,#1119),.PCURVE_S1.);
#1108 = LINE('',#1109,#1110);
#1109 = CARTESIAN_POINT('',(-86.52992118695,-58.95256313723,
    37.013088474154));
#1110 = VECTOR('',#1111,1.);
#1111 = DIRECTION('',(-0.,1.,-0.));
#1112 = PCURVE('',#229,#1113);
#1113 = DEFINITIONAL_REPRESENTATION('',(#1114),#1118);
#1114 = LINE('',#1115,#1116);
#1115 = CARTESIAN_POINT('',(0.,0.));
#1116 = VECTOR('',#1117,1.);
#1117 = DIRECTION('',(0.,1.));
#1118 = ( GEOMETRIC_REPRESENTATION_CONTEXT(2) 
PARAMETRIC_REPRESENTATION_CONTEXT() REPRESENTATION_CONTEXT('2D SPACE',''
  ) );
#1119 = PCURVE('',#1120,#1125);
#1120 = PLANE('',#1121);
#1121 = AXIS2_PLACEMENT_3D('',#1122,#1123,#1124);
#1122 = CARTESIAN_POINT('',(-87.50085668756,-60.,-6.544237076968E-02));
#1123 = DIRECTION('',(0.999657324976,0.,-2.617694830787E-02));
#1124 = DIRECTION('',(2.617694830787E-02,0.,0.999657324976));
#1125 = DEFINITIONAL_REPRESENTATION('',(#1126),#1130);
#1126 = LINE('',#1127,#1128);
#1127 = CARTESIAN_POINT('',(37.09124108687,-1.047436862767));
#1128 = VECTOR('',#1129,1.);
#1129 = DIRECTION('',(0.,-1.));
#1130 = ( GEOMETRIC_REPRESENTATION_CONTEXT(2) 
PARAMETRIC_REPRESENTATION_CONTEXT() REPRESENTATION_CONTEXT('2D SPACE',''
  ) );
#1131 = ADVANCED_FACE('',(#1132),#257,.F.);
#1132 = FACE_BOUND('',#1133,.T.);
#1133 = EDGE_LOOP('',(#1134,#1158,#1159,#1188));
#1134 = ORIENTED_EDGE('',*,*,#1135,.F.);
#1135 = EDGE_CURVE('',#212,#1136,#1138,.T.);
#1136 = VERTEX_POINT('',#1137);
#1137 = CARTESIAN_POINT('',(-86.03009252446,-56.52992118695,
    37.013088474154));
#1138 = SURFACE_CURVE('',#1139,(#1144,#1151),.PCURVE_S1.);
#1139 = CIRCLE('',#1140,0.5);
#1140 = AXIS2_PLACEMENT_3D('',#1141,#1142,#1143);
#1141 = CARTESIAN_POINT('',(-86.03009252446,-56.03009252446,37.));
#1142 = DIRECTION('',(1.,-1.110223024625E-16,0.));
#1143 = DIRECTION('',(-1.110223024625E-16,-1.,-2.449293598295E-16));
#1144 = PCURVE('',#257,#1145);
#1145 = DEFINITIONAL_REPRESENTATION('',(#1146),#1150);
#1146 = LINE('',#1147,#1148);
#1147 = CARTESIAN_POINT('',(-6.2570053684,2.922470612765));
#1148 = VECTOR('',#1149,1.);
#1149 = DIRECTION('',(1.,-0.));
#1150 = ( GEOMETRIC_REPRESENTATION_CONTEXT(2) 
PARAMETRIC_REPRESENTATION_CONTEXT() REPRESENTATION_CONTEXT('2D SPACE',''
  ) );
#1151 = PCURVE('',#1060,#1152);
#1152 = DEFINITIONAL_REPRESENTATION('',(#1153),#1157);
#1153 = LINE('',#1154,#1155);
#1154 = CARTESIAN_POINT('',(-1.570796326795,-6.28318530718));
#1155 = VECTOR('',#1156,1.);
#1156 = DIRECTION('',(-0.,1.));
#1157 = ( GEOMETRIC_REPRESENTATION_CONTEXT(2) 
PARAMETRIC_REPRESENTATION_CONTEXT() REPRESENTATION_CONTEXT('2D SPACE',''
  ) );
#1158 = ORIENTED_EDGE('',*,*,#241,.T.);
#1159 = ORIENTED_EDGE('',*,*,#1160,.T.);
#1160 = EDGE_CURVE('',#242,#1161,#1163,.T.);
#1161 = VERTEX_POINT('',#1162);
#1162 = CARTESIAN_POINT('',(86.030092524468,-56.52992118695,
    37.013088474154));
#1163 = SURFACE_CURVE('',#1164,(#1169,#1176),.PCURVE_S1.);
#1164 = CIRCLE('',#1165,0.5);
#1165 = AXIS2_PLACEMENT_3D('',#1166,#1167,#1168);
#1166 = CARTESIAN_POINT('',(86.030092524468,-56.03009252446,37.));
#1167 = DIRECTION('',(1.,2.466692045474E-15,4.736951571734E-15));
#1168 = DIRECTION('',(2.466692045474E-15,-1.,-2.613405145696E-15));
#1169 = PCURVE('',#257,#1170);
#1170 = DEFINITIONAL_REPRESENTATION('',(#1171),#1175);
#1171 = LINE('',#1172,#1173);
#1172 = CARTESIAN_POINT('',(-6.2570053684,174.9826556617));
#1173 = VECTOR('',#1174,1.);
#1174 = DIRECTION('',(1.,-0.));
#1175 = ( GEOMETRIC_REPRESENTATION_CONTEXT(2) 
PARAMETRIC_REPRESENTATION_CONTEXT() REPRESENTATION_CONTEXT('2D SPACE',''
  ) );
#1176 = PCURVE('',#1177,#1182);
#1177 = SPHERICAL_SURFACE('',#1178,0.5);
#1178 = AXIS2_PLACEMENT_3D('',#1179,#1180,#1181);
#1179 = CARTESIAN_POINT('',(86.030092524468,-56.03009252446,37.));
#1180 = DIRECTION('',(4.736951571734E-15,2.368475785867E-15,-1.));
#1181 = DIRECTION('',(1.,-2.307266960414E-15,4.736951571734E-15));
#1182 = DEFINITIONAL_REPRESENTATION('',(#1183),#1187);
#1183 = LINE('',#1184,#1185);
#1184 = CARTESIAN_POINT('',(1.570796326795,-6.28318530718));
#1185 = VECTOR('',#1186,1.);
#1186 = DIRECTION('',(0.,1.));
#1187 = ( GEOMETRIC_REPRESENTATION_CONTEXT(2) 
PARAMETRIC_REPRESENTATION_CONTEXT() REPRESENTATION_CONTEXT('2D SPACE',''
  ) );
#1188 = ORIENTED_EDGE('',*,*,#1189,.F.);
#1189 = EDGE_CURVE('',#1136,#1161,#1190,.T.);
#1190 = SURFACE_CURVE('',#1191,(#1195,#1202),.PCURVE_S1.);
#1191 = LINE('',#1192,#1193);
#1192 = CARTESIAN_POINT('',(-88.95256313723,-56.52992118695,
    37.013088474154));
#1193 = VECTOR('',#1194,1.);
#1194 = DIRECTION('',(1.,-0.,0.));
#1195 = PCURVE('',#257,#1196);
#1196 = DEFINITIONAL_REPRESENTATION('',(#1197),#1201);
#1197 = LINE('',#1198,#1199);
#1198 = CARTESIAN_POINT('',(-0.,0.));
#1199 = VECTOR('',#1200,1.);
#1200 = DIRECTION('',(-0.,1.));
#1201 = ( GEOMETRIC_REPRESENTATION_CONTEXT(2) 
PARAMETRIC_REPRESENTATION_CONTEXT() REPRESENTATION_CONTEXT('2D SPACE',''
  ) );
#1202 = PCURVE('',#1203,#1208);
#1203 = PLANE('',#1204);
#1204 = AXIS2_PLACEMENT_3D('',#1205,#1206,#1207);
#1205 = CARTESIAN_POINT('',(-90.,-57.50085668756,-6.544237076968E-02));
#1206 = DIRECTION('',(0.,0.999657324976,-2.617694830787E-02));
#1207 = DIRECTION('',(0.,2.617694830787E-02,0.999657324976));
#1208 = DEFINITIONAL_REPRESENTATION('',(#1209),#1213);
#1209 = LINE('',#1210,#1211);
#1210 = CARTESIAN_POINT('',(37.09124108687,1.047436862767));
#1211 = VECTOR('',#1212,1.);
#1212 = DIRECTION('',(0.,1.));
#1213 = ( GEOMETRIC_REPRESENTATION_CONTEXT(2) 
PARAMETRIC_REPRESENTATION_CONTEXT() REPRESENTATION_CONTEXT('2D SPACE',''
  ) );
#1214 = ADVANCED_FACE('',(#1215),#311,.F.);
#1215 = FACE_BOUND('',#1216,.F.);
#1216 = EDGE_LOOP('',(#1217,#1241,#1242,#1271));
#1217 = ORIENTED_EDGE('',*,*,#1218,.T.);
#1218 = EDGE_CURVE('',#1219,#214,#1221,.T.);
#1219 = VERTEX_POINT('',#1220);
#1220 = CARTESIAN_POINT('',(-86.03009252446,56.529921186955,
    37.013088474154));
#1221 = SURFACE_CURVE('',#1222,(#1227,#1234),.PCURVE_S1.);
#1222 = CIRCLE('',#1223,0.5);
#1223 = AXIS2_PLACEMENT_3D('',#1224,#1225,#1226);
#1224 = CARTESIAN_POINT('',(-86.03009252446,56.030092524467,37.));
#1225 = DIRECTION('',(1.,4.540908283392E-15,7.504421813091E-15));
#1226 = DIRECTION('',(-7.382983113757E-15,-2.617694830788E-02,
    0.999657324976));
#1227 = PCURVE('',#311,#1228);
#1228 = DEFINITIONAL_REPRESENTATION('',(#1229),#1233);
#1229 = LINE('',#1230,#1231);
#1230 = CARTESIAN_POINT('',(-4.712388980385,2.922470612765));
#1231 = VECTOR('',#1232,1.);
#1232 = DIRECTION('',(1.,0.));
#1233 = ( GEOMETRIC_REPRESENTATION_CONTEXT(2) 
PARAMETRIC_REPRESENTATION_CONTEXT() REPRESENTATION_CONTEXT('2D SPACE',''
  ) );
#1234 = PCURVE('',#1090,#1235);
#1235 = DEFINITIONAL_REPRESENTATION('',(#1236),#1240);
#1236 = LINE('',#1237,#1238);
#1237 = CARTESIAN_POINT('',(-1.54462535513,-6.28318530718));
#1238 = VECTOR('',#1239,1.);
#1239 = DIRECTION('',(-0.,1.));
#1240 = ( GEOMETRIC_REPRESENTATION_CONTEXT(2) 
PARAMETRIC_REPRESENTATION_CONTEXT() REPRESENTATION_CONTEXT('2D SPACE',''
  ) );
#1241 = ORIENTED_EDGE('',*,*,#297,.T.);
#1242 = ORIENTED_EDGE('',*,*,#1243,.F.);
#1243 = EDGE_CURVE('',#1244,#270,#1246,.T.);
#1244 = VERTEX_POINT('',#1245);
#1245 = CARTESIAN_POINT('',(86.030092524468,56.529921186955,
    37.013088474154));
#1246 = SURFACE_CURVE('',#1247,(#1252,#1259),.PCURVE_S1.);
#1247 = CIRCLE('',#1248,0.5);
#1248 = AXIS2_PLACEMENT_3D('',#1249,#1250,#1251);
#1249 = CARTESIAN_POINT('',(86.030092524468,56.030092524467,37.));
#1250 = DIRECTION('',(1.,-6.003171165553E-17,2.292518577088E-15));
#1251 = DIRECTION('',(-2.293304435241E-15,-2.617694830788E-02,
    0.999657324976));
#1252 = PCURVE('',#311,#1253);
#1253 = DEFINITIONAL_REPRESENTATION('',(#1254),#1258);
#1254 = LINE('',#1255,#1256);
#1255 = CARTESIAN_POINT('',(-4.712388980385,174.9826556617));
#1256 = VECTOR('',#1257,1.);
#1257 = DIRECTION('',(1.,0.));
#1258 = ( GEOMETRIC_REPRESENTATION_CONTEXT(2) 
PARAMETRIC_REPRESENTATION_CONTEXT() REPRESENTATION_CONTEXT('2D SPACE',''
  ) );
#1259 = PCURVE('',#1260,#1265);
#1260 = SPHERICAL_SURFACE('',#1261,0.5);
#1261 = AXIS2_PLACEMENT_3D('',#1262,#1263,#1264);
#1262 = CARTESIAN_POINT('',(86.030092524468,56.030092524467,37.));
#1263 = DIRECTION('',(0.,-0.999657324976,-2.617694830788E-02));
#1264 = DIRECTION('',(0.999657559667,-6.849979714257E-04,
    2.615901715033E-02));
#1265 = DEFINITIONAL_REPRESENTATION('',(#1266),#1270);
#1266 = LINE('',#1267,#1268);
#1267 = CARTESIAN_POINT('',(1.54462535513,-6.28318530718));
#1268 = VECTOR('',#1269,1.);
#1269 = DIRECTION('',(0.,1.));
#1270 = ( GEOMETRIC_REPRESENTATION_CONTEXT(2) 
PARAMETRIC_REPRESENTATION_CONTEXT() REPRESENTATION_CONTEXT('2D SPACE',''
  ) );
#1271 = ORIENTED_EDGE('',*,*,#1272,.F.);
#1272 = EDGE_CURVE('',#1219,#1244,#1273,.T.);
#1273 = SURFACE_CURVE('',#1274,(#1278,#1285),.PCURVE_S1.);
#1274 = LINE('',#1275,#1276);
#1275 = CARTESIAN_POINT('',(-88.95256313723,56.529921186955,
    37.013088474154));
#1276 = VECTOR('',#1277,1.);
#1277 = DIRECTION('',(1.,0.,0.));
#1278 = PCURVE('',#311,#1279);
#1279 = DEFINITIONAL_REPRESENTATION('',(#1280),#1284);
#1280 = LINE('',#1281,#1282);
#1281 = CARTESIAN_POINT('',(0.,0.));
#1282 = VECTOR('',#1283,1.);
#1283 = DIRECTION('',(0.,1.));
#1284 = ( GEOMETRIC_REPRESENTATION_CONTEXT(2) 
PARAMETRIC_REPRESENTATION_CONTEXT() REPRESENTATION_CONTEXT('2D SPACE',''
  ) );
#1285 = PCURVE('',#1286,#1291);
#1286 = PLANE('',#1287);
#1287 = AXIS2_PLACEMENT_3D('',#1288,#1289,#1290);
#1288 = CARTESIAN_POINT('',(-90.,57.500856687561,-6.544237076968E-02));
#1289 = DIRECTION('',(0.,0.999657324976,2.617694830787E-02));
#1290 = DIRECTION('',(0.,-2.617694830787E-02,0.999657324976));
#1291 = DEFINITIONAL_REPRESENTATION('',(#1292),#1296);
#1292 = LINE('',#1293,#1294);
#1293 = CARTESIAN_POINT('',(37.09124108687,1.047436862767));
#1294 = VECTOR('',#1295,1.);
#1295 = DIRECTION('',(0.,1.));
#1296 = ( GEOMETRIC_REPRESENTATION_CONTEXT(2) 
PARAMETRIC_REPRESENTATION_CONTEXT() REPRESENTATION_CONTEXT('2D SPACE',''
  ) );
#1297 = ADVANCED_FACE('',(#1298),#285,.F.);
#1298 = FACE_BOUND('',#1299,.T.);
#1299 = EDGE_LOOP('',(#1300,#1324,#1325,#1353));
#1300 = ORIENTED_EDGE('',*,*,#1301,.F.);
#1301 = EDGE_CURVE('',#242,#1302,#1304,.T.);
#1302 = VERTEX_POINT('',#1303);
#1303 = CARTESIAN_POINT('',(86.529921186955,-56.03009252446,
    37.013088474154));
#1304 = SURFACE_CURVE('',#1305,(#1310,#1317),.PCURVE_S1.);
#1305 = CIRCLE('',#1306,0.5);
#1306 = AXIS2_PLACEMENT_3D('',#1307,#1308,#1309);
#1307 = CARTESIAN_POINT('',(86.030092524468,-56.03009252446,37.));
#1308 = DIRECTION('',(2.307266960414E-15,1.,2.368475785867E-15));
#1309 = DIRECTION('',(1.,-2.307266960414E-15,4.492022211905E-15));
#1310 = PCURVE('',#285,#1311);
#1311 = DEFINITIONAL_REPRESENTATION('',(#1312),#1316);
#1312 = LINE('',#1313,#1314);
#1313 = CARTESIAN_POINT('',(-6.2570053684,2.922470612765));
#1314 = VECTOR('',#1315,1.);
#1315 = DIRECTION('',(1.,-0.));
#1316 = ( GEOMETRIC_REPRESENTATION_CONTEXT(2) 
PARAMETRIC_REPRESENTATION_CONTEXT() REPRESENTATION_CONTEXT('2D SPACE',''
  ) );
#1317 = PCURVE('',#1177,#1318);
#1318 = DEFINITIONAL_REPRESENTATION('',(#1319),#1323);
#1319 = LINE('',#1320,#1321);
#1320 = CARTESIAN_POINT('',(0.,-6.28318530718));
#1321 = VECTOR('',#1322,1.);
#1322 = DIRECTION('',(0.,1.));
#1323 = ( GEOMETRIC_REPRESENTATION_CONTEXT(2) 
PARAMETRIC_REPRESENTATION_CONTEXT() REPRESENTATION_CONTEXT('2D SPACE',''
  ) );
#1324 = ORIENTED_EDGE('',*,*,#269,.T.);
#1325 = ORIENTED_EDGE('',*,*,#1326,.F.);
#1326 = EDGE_CURVE('',#1327,#270,#1329,.T.);
#1327 = VERTEX_POINT('',#1328);
#1328 = CARTESIAN_POINT('',(86.529921186955,56.030092524468,
    37.013088474154));
#1329 = SURFACE_CURVE('',#1330,(#1335,#1342),.PCURVE_S1.);
#1330 = CIRCLE('',#1331,0.5);
#1331 = AXIS2_PLACEMENT_3D('',#1332,#1333,#1334);
#1332 = CARTESIAN_POINT('',(86.030092524468,56.030092524467,37.));
#1333 = DIRECTION('',(0.,-1.,0.));
#1334 = DIRECTION('',(0.999657324976,0.,2.617694830787E-02));
#1335 = PCURVE('',#285,#1336);
#1336 = DEFINITIONAL_REPRESENTATION('',(#1337),#1341);
#1337 = LINE('',#1338,#1339);
#1338 = CARTESIAN_POINT('',(-0.,114.9826556617));
#1339 = VECTOR('',#1340,1.);
#1340 = DIRECTION('',(-1.,0.));
#1341 = ( GEOMETRIC_REPRESENTATION_CONTEXT(2) 
PARAMETRIC_REPRESENTATION_CONTEXT() REPRESENTATION_CONTEXT('2D SPACE',''
  ) );
#1342 = PCURVE('',#1260,#1343);
#1343 = DEFINITIONAL_REPRESENTATION('',(#1344),#1352);
#1344 = B_SPLINE_CURVE_WITH_KNOTS('',6,(#1345,#1346,#1347,#1348,#1349,
    #1350,#1351),.UNSPECIFIED.,.F.,.F.,(7,7),(0.,1.544616388015),
  .PIECEWISE_BEZIER_KNOTS.);
#1345 = CARTESIAN_POINT('',(0.,-6.852326763439E-04));
#1346 = CARTESIAN_POINT('',(0.257347968596,-7.421815565847E-03));
#1347 = CARTESIAN_POINT('',(0.514698847374,-1.410346260368E-02));
#1348 = CARTESIAN_POINT('',(0.772094025365,-1.993065948283E-02));
#1349 = CARTESIAN_POINT('',(1.029576808025,-2.409785008153E-02));
#1350 = CARTESIAN_POINT('',(1.287101043311,-2.617993877993E-02));
#1351 = CARTESIAN_POINT('',(1.54462535513,-2.617993877992E-02));
#1352 = ( GEOMETRIC_REPRESENTATION_CONTEXT(2) 
PARAMETRIC_REPRESENTATION_CONTEXT() REPRESENTATION_CONTEXT('2D SPACE',''
  ) );
#1353 = ORIENTED_EDGE('',*,*,#1354,.F.);
#1354 = EDGE_CURVE('',#1302,#1327,#1355,.T.);
#1355 = SURFACE_CURVE('',#1356,(#1360,#1367),.PCURVE_S1.);
#1356 = LINE('',#1357,#1358);
#1357 = CARTESIAN_POINT('',(86.529921186955,-58.95256313723,
    37.013088474154));
#1358 = VECTOR('',#1359,1.);
#1359 = DIRECTION('',(-0.,1.,-0.));
#1360 = PCURVE('',#285,#1361);
#1361 = DEFINITIONAL_REPRESENTATION('',(#1362),#1366);
#1362 = LINE('',#1363,#1364);
#1363 = CARTESIAN_POINT('',(-0.,0.));
#1364 = VECTOR('',#1365,1.);
#1365 = DIRECTION('',(-0.,1.));
#1366 = ( GEOMETRIC_REPRESENTATION_CONTEXT(2) 
PARAMETRIC_REPRESENTATION_CONTEXT() REPRESENTATION_CONTEXT('2D SPACE',''
  ) );
#1367 = PCURVE('',#1368,#1373);
#1368 = PLANE('',#1369);
#1369 = AXIS2_PLACEMENT_3D('',#1370,#1371,#1372);
#1370 = CARTESIAN_POINT('',(87.500856687561,-60.,-6.544237076968E-02));
#1371 = DIRECTION('',(0.999657324976,0.,2.617694830787E-02));
#1372 = DIRECTION('',(-2.617694830787E-02,0.,0.999657324976));
#1373 = DEFINITIONAL_REPRESENTATION('',(#1374),#1378);
#1374 = LINE('',#1375,#1376);
#1375 = CARTESIAN_POINT('',(37.09124108687,-1.047436862767));
#1376 = VECTOR('',#1377,1.);
#1377 = DIRECTION('',(0.,-1.));
#1378 = ( GEOMETRIC_REPRESENTATION_CONTEXT(2) 
PARAMETRIC_REPRESENTATION_CONTEXT() REPRESENTATION_CONTEXT('2D SPACE',''
  ) );
#1379 = ADVANCED_FACE('',(#1380),#342,.T.);
#1380 = FACE_BOUND('',#1381,.T.);
#1381 = EDGE_LOOP('',(#1382,#1383,#1406,#1433));
#1382 = ORIENTED_EDGE('',*,*,#325,.F.);
#1383 = ORIENTED_EDGE('',*,*,#1384,.F.);
#1384 = EDGE_CURVE('',#1385,#326,#1387,.T.);
#1385 = VERTEX_POINT('',#1386);
#1386 = CARTESIAN_POINT('',(-76.5,-50.,6.));
#1387 = SEAM_CURVE('',#1388,(#1392,#1399),.PCURVE_S1.);
#1388 = LINE('',#1389,#1390);
#1389 = CARTESIAN_POINT('',(-76.5,-50.,6.));
#1390 = VECTOR('',#1391,1.);
#1391 = DIRECTION('',(0.,0.,1.));
#1392 = PCURVE('',#342,#1393);
#1393 = DEFINITIONAL_REPRESENTATION('',(#1394),#1398);
#1394 = LINE('',#1395,#1396);
#1395 = CARTESIAN_POINT('',(6.28318530718,-0.));
#1396 = VECTOR('',#1397,1.);
#1397 = DIRECTION('',(0.,1.));
#1398 = ( GEOMETRIC_REPRESENTATION_CONTEXT(2) 
PARAMETRIC_REPRESENTATION_CONTEXT() REPRESENTATION_CONTEXT('2D SPACE',''
  ) );
#1399 = PCURVE('',#342,#1400);
#1400 = DEFINITIONAL_REPRESENTATION('',(#1401),#1405);
#1401 = LINE('',#1402,#1403);
#1402 = CARTESIAN_POINT('',(0.,-0.));
#1403 = VECTOR('',#1404,1.);
#1404 = DIRECTION('',(0.,1.));
#1405 = ( GEOMETRIC_REPRESENTATION_CONTEXT(2) 
PARAMETRIC_REPRESENTATION_CONTEXT() REPRESENTATION_CONTEXT('2D SPACE',''
  ) );
#1406 = ORIENTED_EDGE('',*,*,#1407,.T.);
#1407 = EDGE_CURVE('',#1385,#1385,#1408,.T.);
#1408 = SURFACE_CURVE('',#1409,(#1414,#1421),.PCURVE_S1.);
#1409 = CIRCLE('',#1410,3.5);
#1410 = AXIS2_PLACEMENT_3D('',#1411,#1412,#1413);
#1411 = CARTESIAN_POINT('',(-80.,-50.,6.));
#1412 = DIRECTION('',(0.,0.,1.));
#1413 = DIRECTION('',(1.,0.,-0.));
#1414 = PCURVE('',#342,#1415);
#1415 = DEFINITIONAL_REPRESENTATION('',(#1416),#1420);
#1416 = LINE('',#1417,#1418);
#1417 = CARTESIAN_POINT('',(0.,0.));
#1418 = VECTOR('',#1419,1.);
#1419 = DIRECTION('',(1.,0.));
#1420 = ( GEOMETRIC_REPRESENTATION_CONTEXT(2) 
PARAMETRIC_REPRESENTATION_CONTEXT() REPRESENTATION_CONTEXT('2D SPACE',''
  ) );
#1421 = PCURVE('',#1422,#1427);
#1422 = PLANE('',#1423);
#1423 = AXIS2_PLACEMENT_3D('',#1424,#1425,#1426);
#1424 = CARTESIAN_POINT('',(-80.,-50.,6.));
#1425 = DIRECTION('',(0.,0.,1.));
#1426 = DIRECTION('',(1.,0.,-0.));
#1427 = DEFINITIONAL_REPRESENTATION('',(#1428),#1432);
#1428 = CIRCLE('',#1429,3.5);
#1429 = AXIS2_PLACEMENT_2D('',#1430,#1431);
#1430 = CARTESIAN_POINT('',(0.,0.));
#1431 = DIRECTION('',(1.,0.));
#1432 = ( GEOMETRIC_REPRESENTATION_CONTEXT(2) 
PARAMETRIC_REPRESENTATION_CONTEXT() REPRESENTATION_CONTEXT('2D SPACE',''
  ) );
#1433 = ORIENTED_EDGE('',*,*,#1384,.T.);
#1434 = ADVANCED_FACE('',(#1435),#373,.T.);
#1435 = FACE_BOUND('',#1436,.T.);
#1436 = EDGE_LOOP('',(#1437,#1438,#1461,#1488));
#1437 = ORIENTED_EDGE('',*,*,#356,.F.);
#1438 = ORIENTED_EDGE('',*,*,#1439,.F.);
#1439 = EDGE_CURVE('',#1440,#357,#1442,.T.);
#1440 = VERTEX_POINT('',#1441);
#1441 = CARTESIAN_POINT('',(83.5,-50.,6.));
#1442 = SEAM_CURVE('',#1443,(#1447,#1454),.PCURVE_S1.);
#1443 = LINE('',#1444,#1445);
#1444 = CARTESIAN_POINT('',(83.5,-50.,6.));
#1445 = VECTOR('',#1446,1.);
#1446 = DIRECTION('',(0.,0.,1.));
#1447 = PCURVE('',#373,#1448);
#1448 = DEFINITIONAL_REPRESENTATION('',(#1449),#1453);
#1449 = LINE('',#1450,#1451);
#1450 = CARTESIAN_POINT('',(6.28318530718,-0.));
#1451 = VECTOR('',#1452,1.);
#1452 = DIRECTION('',(0.,1.));
#1453 = ( GEOMETRIC_REPRESENTATION_CONTEXT(2) 
PARAMETRIC_REPRESENTATION_CONTEXT() REPRESENTATION_CONTEXT('2D SPACE',''
  ) );
#1454 = PCURVE('',#373,#1455);
#1455 = DEFINITIONAL_REPRESENTATION('',(#1456),#1460);
#1456 = LINE('',#1457,#1458);
#1457 = CARTESIAN_POINT('',(0.,-0.));
#1458 = VECTOR('',#1459,1.);
#1459 = DIRECTION('',(0.,1.));
#1460 = ( GEOMETRIC_REPRESENTATION_CONTEXT(2) 
PARAMETRIC_REPRESENTATION_CONTEXT() REPRESENTATION_CONTEXT('2D SPACE',''
  ) );
#1461 = ORIENTED_EDGE('',*,*,#1462,.T.);
#1462 = EDGE_CURVE('',#1440,#1440,#1463,.T.);
#1463 = SURFACE_CURVE('',#1464,(#1469,#1476),.PCURVE_S1.);
#1464 = CIRCLE('',#1465,3.5);
#1465 = AXIS2_PLACEMENT_3D('',#1466,#1467,#1468);
#1466 = CARTESIAN_POINT('',(80.,-50.,6.));
#1467 = DIRECTION('',(0.,0.,1.));
#1468 = DIRECTION('',(1.,0.,-0.));
#1469 = PCURVE('',#373,#1470);
#1470 = DEFINITIONAL_REPRESENTATION('',(#1471),#1475);
#1471 = LINE('',#1472,#1473);
#1472 = CARTESIAN_POINT('',(0.,0.));
#1473 = VECTOR('',#1474,1.);
#1474 = DIRECTION('',(1.,0.));
#1475 = ( GEOMETRIC_REPRESENTATION_CONTEXT(2) 
PARAMETRIC_REPRESENTATION_CONTEXT() REPRESENTATION_CONTEXT('2D SPACE',''
  ) );
#1476 = PCURVE('',#1477,#1482);
#1477 = PLANE('',#1478);
#1478 = AXIS2_PLACEMENT_3D('',#1479,#1480,#1481);
#1479 = CARTESIAN_POINT('',(80.,-50.,6.));
#1480 = DIRECTION('',(0.,0.,1.));
#1481 = DIRECTION('',(1.,0.,-0.));
#1482 = DEFINITIONAL_REPRESENTATION('',(#1483),#1487);
#1483 = CIRCLE('',#1484,3.5);
#1484 = AXIS2_PLACEMENT_2D('',#1485,#1486);
#1485 = CARTESIAN_POINT('',(0.,0.));
#1486 = DIRECTION('',(1.,0.));
#1487 = ( GEOMETRIC_REPRESENTATION_CONTEXT(2) 
PARAMETRIC_REPRESENTATION_CONTEXT() REPRESENTATION_CONTEXT('2D SPACE',''
  ) );
#1488 = ORIENTED_EDGE('',*,*,#1439,.T.);
#1489 = ADVANCED_FACE('',(#1490),#404,.T.);
#1490 = FACE_BOUND('',#1491,.T.);
#1491 = EDGE_LOOP('',(#1492,#1493,#1516,#1543));
#1492 = ORIENTED_EDGE('',*,*,#387,.F.);
#1493 = ORIENTED_EDGE('',*,*,#1494,.F.);
#1494 = EDGE_CURVE('',#1495,#388,#1497,.T.);
#1495 = VERTEX_POINT('',#1496);
#1496 = CARTESIAN_POINT('',(-76.5,50.,6.));
#1497 = SEAM_CURVE('',#1498,(#1502,#1509),.PCURVE_S1.);
#1498 = LINE('',#1499,#1500);
#1499 = CARTESIAN_POINT('',(-76.5,50.,6.));
#1500 = VECTOR('',#1501,1.);
#1501 = DIRECTION('',(0.,0.,1.));
#1502 = PCURVE('',#404,#1503);
#1503 = DEFINITIONAL_REPRESENTATION('',(#1504),#1508);
#1504 = LINE('',#1505,#1506);
#1505 = CARTESIAN_POINT('',(6.28318530718,-0.));
#1506 = VECTOR('',#1507,1.);
#1507 = DIRECTION('',(0.,1.));
#1508 = ( GEOMETRIC_REPRESENTATION_CONTEXT(2) 
PARAMETRIC_REPRESENTATION_CONTEXT() REPRESENTATION_CONTEXT('2D SPACE',''
  ) );
#1509 = PCURVE('',#404,#1510);
#1510 = DEFINITIONAL_REPRESENTATION('',(#1511),#1515);
#1511 = LINE('',#1512,#1513);
#1512 = CARTESIAN_POINT('',(0.,-0.));
#1513 = VECTOR('',#1514,1.);
#1514 = DIRECTION('',(0.,1.));
#1515 = ( GEOMETRIC_REPRESENTATION_CONTEXT(2) 
PARAMETRIC_REPRESENTATION_CONTEXT() REPRESENTATION_CONTEXT('2D SPACE',''
  ) );
#1516 = ORIENTED_EDGE('',*,*,#1517,.T.);
#1517 = EDGE_CURVE('',#1495,#1495,#1518,.T.);
#1518 = SURFACE_CURVE('',#1519,(#1524,#1531),.PCURVE_S1.);
#1519 = CIRCLE('',#1520,3.5);
#1520 = AXIS2_PLACEMENT_3D('',#1521,#1522,#1523);
#1521 = CARTESIAN_POINT('',(-80.,50.,6.));
#1522 = DIRECTION('',(0.,0.,1.));
#1523 = DIRECTION('',(1.,0.,-0.));
#1524 = PCURVE('',#404,#1525);
#1525 = DEFINITIONAL_REPRESENTATION('',(#1526),#1530);
#1526 = LINE('',#1527,#1528);
#1527 = CARTESIAN_POINT('',(0.,0.));
#1528 = VECTOR('',#1529,1.);
#1529 = DIRECTION('',(1.,0.));
#1530 = ( GEOMETRIC_REPRESENTATION_CONTEXT(2) 
PARAMETRIC_REPRESENTATION_CONTEXT() REPRESENTATION_CONTEXT('2D SPACE',''
  ) );
#1531 = PCURVE('',#1532,#1537);
#1532 = PLANE('',#1533);
#1533 = AXIS2_PLACEMENT_3D('',#1534,#1535,#1536);
#1534 = CARTESIAN_POINT('',(-80.,50.,6.));
#1535 = DIRECTION('',(0.,0.,1.));
#1536 = DIRECTION('',(1.,0.,-0.));
#1537 = DEFINITIONAL_REPRESENTATION('',(#1538),#1542);
#1538 = CIRCLE('',#1539,3.5);
#1539 = AXIS2_PLACEMENT_2D('',#1540,#1541);
#1540 = CARTESIAN_POINT('',(0.,0.));
#1541 = DIRECTION('',(1.,0.));
#1542 = ( GEOMETRIC_REPRESENTATION_CONTEXT(2) 
PARAMETRIC_REPRESENTATION_CONTEXT() REPRESENTATION_CONTEXT('2D SPACE',''
  ) );
#1543 = ORIENTED_EDGE('',*,*,#1494,.T.);
#1544 = ADVANCED_FACE('',(#1545),#435,.T.);
#1545 = FACE_BOUND('',#1546,.T.);
#1546 = EDGE_LOOP('',(#1547,#1570,#1593,#1612));
#1547 = ORIENTED_EDGE('',*,*,#1548,.F.);
#1548 = EDGE_CURVE('',#1549,#419,#1551,.T.);
#1549 = VERTEX_POINT('',#1550);
#1550 = CARTESIAN_POINT('',(-29.25,-56.,15.));
#1551 = SURFACE_CURVE('',#1552,(#1556,#1563),.PCURVE_S1.);
#1552 = LINE('',#1553,#1554);
#1553 = CARTESIAN_POINT('',(-29.25,-56.,15.));
#1554 = VECTOR('',#1555,1.);
#1555 = DIRECTION('',(0.,0.,1.));
#1556 = PCURVE('',#435,#1557);
#1557 = DEFINITIONAL_REPRESENTATION('',(#1558),#1562);
#1558 = LINE('',#1559,#1560);
#1559 = CARTESIAN_POINT('',(0.,0.));
#1560 = VECTOR('',#1561,1.);
#1561 = DIRECTION('',(1.,0.));
#1562 = ( GEOMETRIC_REPRESENTATION_CONTEXT(2) 
PARAMETRIC_REPRESENTATION_CONTEXT() REPRESENTATION_CONTEXT('2D SPACE',''
  ) );
#1563 = PCURVE('',#461,#1564);
#1564 = DEFINITIONAL_REPRESENTATION('',(#1565),#1569);
#1565 = LINE('',#1566,#1567);
#1566 = CARTESIAN_POINT('',(0.,1.5));
#1567 = VECTOR('',#1568,1.);
#1568 = DIRECTION('',(1.,0.));
#1569 = ( GEOMETRIC_REPRESENTATION_CONTEXT(2) 
PARAMETRIC_REPRESENTATION_CONTEXT() REPRESENTATION_CONTEXT('2D SPACE',''
  ) );
#1570 = ORIENTED_EDGE('',*,*,#1571,.T.);
#1571 = EDGE_CURVE('',#1549,#1572,#1574,.T.);
#1572 = VERTEX_POINT('',#1573);
#1573 = CARTESIAN_POINT('',(-29.25,-0.75,15.));
#1574 = SURFACE_CURVE('',#1575,(#1579,#1586),.PCURVE_S1.);
#1575 = LINE('',#1576,#1577);
#1576 = CARTESIAN_POINT('',(-29.25,-56.,15.));
#1577 = VECTOR('',#1578,1.);
#1578 = DIRECTION('',(-0.,1.,0.));
#1579 = PCURVE('',#435,#1580);
#1580 = DEFINITIONAL_REPRESENTATION('',(#1581),#1585);
#1581 = LINE('',#1582,#1583);
#1582 = CARTESIAN_POINT('',(0.,0.));
#1583 = VECTOR('',#1584,1.);
#1584 = DIRECTION('',(0.,-1.));
#1585 = ( GEOMETRIC_REPRESENTATION_CONTEXT(2) 
PARAMETRIC_REPRESENTATION_CONTEXT() REPRESENTATION_CONTEXT('2D SPACE',''
  ) );
#1586 = PCURVE('',#1026,#1587);
#1587 = DEFINITIONAL_REPRESENTATION('',(#1588),#1592);
#1588 = LINE('',#1589,#1590);
#1589 = CARTESIAN_POINT('',(1.5,0.));
#1590 = VECTOR('',#1591,1.);
#1591 = DIRECTION('',(0.,1.));
#1592 = ( GEOMETRIC_REPRESENTATION_CONTEXT(2) 
PARAMETRIC_REPRESENTATION_CONTEXT() REPRESENTATION_CONTEXT('2D SPACE',''
  ) );
#1593 = ORIENTED_EDGE('',*,*,#1594,.T.);
#1594 = EDGE_CURVE('',#1572,#421,#1595,.T.);
#1595 = SURFACE_CURVE('',#1596,(#1600,#1606),.PCURVE_S1.);
#1596 = LINE('',#1597,#1598);
#1597 = CARTESIAN_POINT('',(-29.25,-0.75,15.));
#1598 = VECTOR('',#1599,1.);
#1599 = DIRECTION('',(0.,0.,1.));
#1600 = PCURVE('',#435,#1601);
#1601 = DEFINITIONAL_REPRESENTATION('',(#1602),#1605);
#1602 = B_SPLINE_CURVE_WITH_KNOTS('',1,(#1603,#1604),.UNSPECIFIED.,.F.,
  .F.,(2,2),(0.,22.5),.PIECEWISE_BEZIER_KNOTS.);
#1603 = CARTESIAN_POINT('',(0.,-55.25));
#1604 = CARTESIAN_POINT('',(22.5,-55.25));
#1605 = ( GEOMETRIC_REPRESENTATION_CONTEXT(2) 
PARAMETRIC_REPRESENTATION_CONTEXT() REPRESENTATION_CONTEXT('2D SPACE',''
  ) );
#1606 = PCURVE('',#865,#1607);
#1607 = DEFINITIONAL_REPRESENTATION('',(#1608),#1611);
#1608 = B_SPLINE_CURVE_WITH_KNOTS('',1,(#1609,#1610),.UNSPECIFIED.,.F.,
  .F.,(2,2),(0.,22.5),.PIECEWISE_BEZIER_KNOTS.);
#1609 = CARTESIAN_POINT('',(0.,54.75));
#1610 = CARTESIAN_POINT('',(22.5,54.75));
#1611 = ( GEOMETRIC_REPRESENTATION_CONTEXT(2) 
PARAMETRIC_REPRESENTATION_CONTEXT() REPRESENTATION_CONTEXT('2D SPACE',''
  ) );
#1612 = ORIENTED_EDGE('',*,*,#418,.F.);
#1613 = ADVANCED_FACE('',(#1614),#865,.F.);
#1614 = FACE_BOUND('',#1615,.F.);
#1615 = EDGE_LOOP('',(#1616,#1644,#1645,#1646));
#1616 = ORIENTED_EDGE('',*,*,#1617,.F.);
#1617 = EDGE_CURVE('',#1572,#1618,#1620,.T.);
#1618 = VERTEX_POINT('',#1619);
#1619 = CARTESIAN_POINT('',(29.25,-0.75,15.));
#1620 = SURFACE_CURVE('',#1621,(#1625,#1632),.PCURVE_S1.);
#1621 = LINE('',#1622,#1623);
#1622 = CARTESIAN_POINT('',(-84.,-0.75,15.));
#1623 = VECTOR('',#1624,1.);
#1624 = DIRECTION('',(1.,0.,-0.));
#1625 = PCURVE('',#865,#1626);
#1626 = DEFINITIONAL_REPRESENTATION('',(#1627),#1631);
#1627 = LINE('',#1628,#1629);
#1628 = CARTESIAN_POINT('',(0.,0.));
#1629 = VECTOR('',#1630,1.);
#1630 = DIRECTION('',(0.,1.));
#1631 = ( GEOMETRIC_REPRESENTATION_CONTEXT(2) 
PARAMETRIC_REPRESENTATION_CONTEXT() REPRESENTATION_CONTEXT('2D SPACE',''
  ) );
#1632 = PCURVE('',#1633,#1638);
#1633 = PLANE('',#1634);
#1634 = AXIS2_PLACEMENT_3D('',#1635,#1636,#1637);
#1635 = CARTESIAN_POINT('',(-84.,-0.75,15.));
#1636 = DIRECTION('',(0.,0.,1.));
#1637 = DIRECTION('',(1.,0.,-0.));
#1638 = DEFINITIONAL_REPRESENTATION('',(#1639),#1643);
#1639 = LINE('',#1640,#1641);
#1640 = CARTESIAN_POINT('',(0.,0.));
#1641 = VECTOR('',#1642,1.);
#1642 = DIRECTION('',(1.,0.));
#1643 = ( GEOMETRIC_REPRESENTATION_CONTEXT(2) 
PARAMETRIC_REPRESENTATION_CONTEXT() REPRESENTATION_CONTEXT('2D SPACE',''
  ) );
#1644 = ORIENTED_EDGE('',*,*,#1594,.T.);
#1645 = ORIENTED_EDGE('',*,*,#852,.F.);
#1646 = ORIENTED_EDGE('',*,*,#1647,.F.);
#1647 = EDGE_CURVE('',#1618,#827,#1648,.T.);
#1648 = SURFACE_CURVE('',#1649,(#1653,#1659),.PCURVE_S1.);
#1649 = LINE('',#1650,#1651);
#1650 = CARTESIAN_POINT('',(29.25,-0.75,15.));
#1651 = VECTOR('',#1652,1.);
#1652 = DIRECTION('',(0.,0.,1.));
#1653 = PCURVE('',#865,#1654);
#1654 = DEFINITIONAL_REPRESENTATION('',(#1655),#1658);
#1655 = B_SPLINE_CURVE_WITH_KNOTS('',1,(#1656,#1657),.UNSPECIFIED.,.F.,
  .F.,(2,2),(0.,22.5),.PIECEWISE_BEZIER_KNOTS.);
#1656 = CARTESIAN_POINT('',(0.,113.25));
#1657 = CARTESIAN_POINT('',(22.5,113.25));
#1658 = ( GEOMETRIC_REPRESENTATION_CONTEXT(2) 
PARAMETRIC_REPRESENTATION_CONTEXT() REPRESENTATION_CONTEXT('2D SPACE',''
  ) );
#1659 = PCURVE('',#841,#1660);
#1660 = DEFINITIONAL_REPRESENTATION('',(#1661),#1664);
#1661 = B_SPLINE_CURVE_WITH_KNOTS('',1,(#1662,#1663),.UNSPECIFIED.,.F.,
  .F.,(2,2),(0.,22.5),.PIECEWISE_BEZIER_KNOTS.);
#1662 = CARTESIAN_POINT('',(0.,-55.25));
#1663 = CARTESIAN_POINT('',(22.5,-55.25));
#1664 = ( GEOMETRIC_REPRESENTATION_CONTEXT(2) 
PARAMETRIC_REPRESENTATION_CONTEXT() REPRESENTATION_CONTEXT('2D SPACE',''
  ) );
#1665 = ADVANCED_FACE('',(#1666),#841,.F.);
#1666 = FACE_BOUND('',#1667,.F.);
#1667 = EDGE_LOOP('',(#1668,#1691,#1717,#1718));
#1668 = ORIENTED_EDGE('',*,*,#1669,.F.);
#1669 = EDGE_CURVE('',#1670,#801,#1672,.T.);
#1670 = VERTEX_POINT('',#1671);
#1671 = CARTESIAN_POINT('',(29.25,-56.,15.));
#1672 = SURFACE_CURVE('',#1673,(#1677,#1684),.PCURVE_S1.);
#1673 = LINE('',#1674,#1675);
#1674 = CARTESIAN_POINT('',(29.25,-56.,15.));
#1675 = VECTOR('',#1676,1.);
#1676 = DIRECTION('',(0.,0.,1.));
#1677 = PCURVE('',#841,#1678);
#1678 = DEFINITIONAL_REPRESENTATION('',(#1679),#1683);
#1679 = LINE('',#1680,#1681);
#1680 = CARTESIAN_POINT('',(0.,0.));
#1681 = VECTOR('',#1682,1.);
#1682 = DIRECTION('',(1.,0.));
#1683 = ( GEOMETRIC_REPRESENTATION_CONTEXT(2) 
PARAMETRIC_REPRESENTATION_CONTEXT() REPRESENTATION_CONTEXT('2D SPACE',''
  ) );
#1684 = PCURVE('',#815,#1685);
#1685 = DEFINITIONAL_REPRESENTATION('',(#1686),#1690);
#1686 = LINE('',#1687,#1688);
#1687 = CARTESIAN_POINT('',(0.,0.));
#1688 = VECTOR('',#1689,1.);
#1689 = DIRECTION('',(1.,0.));
#1690 = ( GEOMETRIC_REPRESENTATION_CONTEXT(2) 
PARAMETRIC_REPRESENTATION_CONTEXT() REPRESENTATION_CONTEXT('2D SPACE',''
  ) );
#1691 = ORIENTED_EDGE('',*,*,#1692,.T.);
#1692 = EDGE_CURVE('',#1670,#1618,#1693,.T.);
#1693 = SURFACE_CURVE('',#1694,(#1698,#1705),.PCURVE_S1.);
#1694 = LINE('',#1695,#1696);
#1695 = CARTESIAN_POINT('',(29.25,-56.,15.));
#1696 = VECTOR('',#1697,1.);
#1697 = DIRECTION('',(-0.,1.,0.));
#1698 = PCURVE('',#841,#1699);
#1699 = DEFINITIONAL_REPRESENTATION('',(#1700),#1704);
#1700 = LINE('',#1701,#1702);
#1701 = CARTESIAN_POINT('',(0.,0.));
#1702 = VECTOR('',#1703,1.);
#1703 = DIRECTION('',(0.,-1.));
#1704 = ( GEOMETRIC_REPRESENTATION_CONTEXT(2) 
PARAMETRIC_REPRESENTATION_CONTEXT() REPRESENTATION_CONTEXT('2D SPACE',''
  ) );
#1705 = PCURVE('',#1706,#1711);
#1706 = PLANE('',#1707);
#1707 = AXIS2_PLACEMENT_3D('',#1708,#1709,#1710);
#1708 = CARTESIAN_POINT('',(29.25,-56.,15.));
#1709 = DIRECTION('',(0.,0.,1.));
#1710 = DIRECTION('',(1.,0.,-0.));
#1711 = DEFINITIONAL_REPRESENTATION('',(#1712),#1716);
#1712 = LINE('',#1713,#1714);
#1713 = CARTESIAN_POINT('',(0.,0.));
#1714 = VECTOR('',#1715,1.);
#1715 = DIRECTION('',(0.,1.));
#1716 = ( GEOMETRIC_REPRESENTATION_CONTEXT(2) 
PARAMETRIC_REPRESENTATION_CONTEXT() REPRESENTATION_CONTEXT('2D SPACE',''
  ) );
#1717 = ORIENTED_EDGE('',*,*,#1647,.T.);
#1718 = ORIENTED_EDGE('',*,*,#826,.F.);
#1719 = ADVANCED_FACE('',(#1720),#815,.F.);
#1720 = FACE_BOUND('',#1721,.F.);
#1721 = EDGE_LOOP('',(#1722,#1745,#1766,#1767));
#1722 = ORIENTED_EDGE('',*,*,#1723,.F.);
#1723 = EDGE_CURVE('',#1724,#775,#1726,.T.);
#1724 = VERTEX_POINT('',#1725);
#1725 = CARTESIAN_POINT('',(30.75,-56.,15.));
#1726 = SURFACE_CURVE('',#1727,(#1731,#1738),.PCURVE_S1.);
#1727 = LINE('',#1728,#1729);
#1728 = CARTESIAN_POINT('',(30.75,-56.,15.));
#1729 = VECTOR('',#1730,1.);
#1730 = DIRECTION('',(0.,0.,1.));
#1731 = PCURVE('',#815,#1732);
#1732 = DEFINITIONAL_REPRESENTATION('',(#1733),#1737);
#1733 = LINE('',#1734,#1735);
#1734 = CARTESIAN_POINT('',(0.,1.5));
#1735 = VECTOR('',#1736,1.);
#1736 = DIRECTION('',(1.,0.));
#1737 = ( GEOMETRIC_REPRESENTATION_CONTEXT(2) 
PARAMETRIC_REPRESENTATION_CONTEXT() REPRESENTATION_CONTEXT('2D SPACE',''
  ) );
#1738 = PCURVE('',#789,#1739);
#1739 = DEFINITIONAL_REPRESENTATION('',(#1740),#1744);
#1740 = LINE('',#1741,#1742);
#1741 = CARTESIAN_POINT('',(0.,0.));
#1742 = VECTOR('',#1743,1.);
#1743 = DIRECTION('',(1.,0.));
#1744 = ( GEOMETRIC_REPRESENTATION_CONTEXT(2) 
PARAMETRIC_REPRESENTATION_CONTEXT() REPRESENTATION_CONTEXT('2D SPACE',''
  ) );
#1745 = ORIENTED_EDGE('',*,*,#1746,.F.);
#1746 = EDGE_CURVE('',#1670,#1724,#1747,.T.);
#1747 = SURFACE_CURVE('',#1748,(#1752,#1759),.PCURVE_S1.);
#1748 = LINE('',#1749,#1750);
#1749 = CARTESIAN_POINT('',(29.25,-56.,15.));
#1750 = VECTOR('',#1751,1.);
#1751 = DIRECTION('',(1.,0.,-0.));
#1752 = PCURVE('',#815,#1753);
#1753 = DEFINITIONAL_REPRESENTATION('',(#1754),#1758);
#1754 = LINE('',#1755,#1756);
#1755 = CARTESIAN_POINT('',(0.,0.));
#1756 = VECTOR('',#1757,1.);
#1757 = DIRECTION('',(0.,1.));
#1758 = ( GEOMETRIC_REPRESENTATION_CONTEXT(2) 
PARAMETRIC_REPRESENTATION_CONTEXT() REPRESENTATION_CONTEXT('2D SPACE',''
  ) );
#1759 = PCURVE('',#1706,#1760);
#1760 = DEFINITIONAL_REPRESENTATION('',(#1761),#1765);
#1761 = LINE('',#1762,#1763);
#1762 = CARTESIAN_POINT('',(0.,0.));
#1763 = VECTOR('',#1764,1.);
#1764 = DIRECTION('',(1.,0.));
#1765 = ( GEOMETRIC_REPRESENTATION_CONTEXT(2) 
PARAMETRIC_REPRESENTATION_CONTEXT() REPRESENTATION_CONTEXT('2D SPACE',''
  ) );
#1766 = ORIENTED_EDGE('',*,*,#1669,.T.);
#1767 = ORIENTED_EDGE('',*,*,#800,.F.);
#1768 = ADVANCED_FACE('',(#1769),#789,.T.);
#1769 = FACE_BOUND('',#1770,.T.);
#1770 = EDGE_LOOP('',(#1771,#1772,#1795,#1814));
#1771 = ORIENTED_EDGE('',*,*,#1723,.F.);
#1772 = ORIENTED_EDGE('',*,*,#1773,.T.);
#1773 = EDGE_CURVE('',#1724,#1774,#1776,.T.);
#1774 = VERTEX_POINT('',#1775);
#1775 = CARTESIAN_POINT('',(30.75,-0.75,15.));
#1776 = SURFACE_CURVE('',#1777,(#1781,#1788),.PCURVE_S1.);
#1777 = LINE('',#1778,#1779);
#1778 = CARTESIAN_POINT('',(30.75,-56.,15.));
#1779 = VECTOR('',#1780,1.);
#1780 = DIRECTION('',(-0.,1.,0.));
#1781 = PCURVE('',#789,#1782);
#1782 = DEFINITIONAL_REPRESENTATION('',(#1783),#1787);
#1783 = LINE('',#1784,#1785);
#1784 = CARTESIAN_POINT('',(0.,0.));
#1785 = VECTOR('',#1786,1.);
#1786 = DIRECTION('',(0.,-1.));
#1787 = ( GEOMETRIC_REPRESENTATION_CONTEXT(2) 
PARAMETRIC_REPRESENTATION_CONTEXT() REPRESENTATION_CONTEXT('2D SPACE',''
  ) );
#1788 = PCURVE('',#1706,#1789);
#1789 = DEFINITIONAL_REPRESENTATION('',(#1790),#1794);
#1790 = LINE('',#1791,#1792);
#1791 = CARTESIAN_POINT('',(1.5,0.));
#1792 = VECTOR('',#1793,1.);
#1793 = DIRECTION('',(0.,1.));
#1794 = ( GEOMETRIC_REPRESENTATION_CONTEXT(2) 
PARAMETRIC_REPRESENTATION_CONTEXT() REPRESENTATION_CONTEXT('2D SPACE',''
  ) );
#1795 = ORIENTED_EDGE('',*,*,#1796,.T.);
#1796 = EDGE_CURVE('',#1774,#749,#1797,.T.);
#1797 = SURFACE_CURVE('',#1798,(#1802,#1808),.PCURVE_S1.);
#1798 = LINE('',#1799,#1800);
#1799 = CARTESIAN_POINT('',(30.75,-0.75,15.));
#1800 = VECTOR('',#1801,1.);
#1801 = DIRECTION('',(0.,0.,1.));
#1802 = PCURVE('',#789,#1803);
#1803 = DEFINITIONAL_REPRESENTATION('',(#1804),#1807);
#1804 = B_SPLINE_CURVE_WITH_KNOTS('',1,(#1805,#1806),.UNSPECIFIED.,.F.,
  .F.,(2,2),(0.,22.5),.PIECEWISE_BEZIER_KNOTS.);
#1805 = CARTESIAN_POINT('',(0.,-55.25));
#1806 = CARTESIAN_POINT('',(22.5,-55.25));
#1807 = ( GEOMETRIC_REPRESENTATION_CONTEXT(2) 
PARAMETRIC_REPRESENTATION_CONTEXT() REPRESENTATION_CONTEXT('2D SPACE',''
  ) );
#1808 = PCURVE('',#763,#1809);
#1809 = DEFINITIONAL_REPRESENTATION('',(#1810),#1813);
#1810 = B_SPLINE_CURVE_WITH_KNOTS('',1,(#1811,#1812),.UNSPECIFIED.,.F.,
  .F.,(2,2),(0.,22.5),.PIECEWISE_BEZIER_KNOTS.);
#1811 = CARTESIAN_POINT('',(0.,114.75));
#1812 = CARTESIAN_POINT('',(22.5,114.75));
#1813 = ( GEOMETRIC_REPRESENTATION_CONTEXT(2) 
PARAMETRIC_REPRESENTATION_CONTEXT() REPRESENTATION_CONTEXT('2D SPACE',''
  ) );
#1814 = ORIENTED_EDGE('',*,*,#774,.F.);
#1815 = ADVANCED_FACE('',(#1816),#763,.F.);
#1816 = FACE_BOUND('',#1817,.F.);
#1817 = EDGE_LOOP('',(#1818,#1846,#1847,#1848));
#1818 = ORIENTED_EDGE('',*,*,#1819,.F.);
#1819 = EDGE_CURVE('',#1774,#1820,#1822,.T.);
#1820 = VERTEX_POINT('',#1821);
#1821 = CARTESIAN_POINT('',(84.,-0.75,15.));
#1822 = SURFACE_CURVE('',#1823,(#1827,#1834),.PCURVE_S1.);
#1823 = LINE('',#1824,#1825);
#1824 = CARTESIAN_POINT('',(-84.,-0.75,15.));
#1825 = VECTOR('',#1826,1.);
#1826 = DIRECTION('',(1.,0.,-0.));
#1827 = PCURVE('',#763,#1828);
#1828 = DEFINITIONAL_REPRESENTATION('',(#1829),#1833);
#1829 = LINE('',#1830,#1831);
#1830 = CARTESIAN_POINT('',(0.,0.));
#1831 = VECTOR('',#1832,1.);
#1832 = DIRECTION('',(0.,1.));
#1833 = ( GEOMETRIC_REPRESENTATION_CONTEXT(2) 
PARAMETRIC_REPRESENTATION_CONTEXT() REPRESENTATION_CONTEXT('2D SPACE',''
  ) );
#1834 = PCURVE('',#1835,#1840);
#1835 = PLANE('',#1836);
#1836 = AXIS2_PLACEMENT_3D('',#1837,#1838,#1839);
#1837 = CARTESIAN_POINT('',(-84.,-0.75,15.));
#1838 = DIRECTION('',(0.,0.,1.));
#1839 = DIRECTION('',(1.,0.,-0.));
#1840 = DEFINITIONAL_REPRESENTATION('',(#1841),#1845);
#1841 = LINE('',#1842,#1843);
#1842 = CARTESIAN_POINT('',(0.,0.));
#1843 = VECTOR('',#1844,1.);
#1844 = DIRECTION('',(1.,0.));
#1845 = ( GEOMETRIC_REPRESENTATION_CONTEXT(2) 
PARAMETRIC_REPRESENTATION_CONTEXT() REPRESENTATION_CONTEXT('2D SPACE',''
  ) );
#1846 = ORIENTED_EDGE('',*,*,#1796,.T.);
#1847 = ORIENTED_EDGE('',*,*,#748,.F.);
#1848 = ORIENTED_EDGE('',*,*,#1849,.F.);
#1849 = EDGE_CURVE('',#1820,#723,#1850,.T.);
#1850 = SURFACE_CURVE('',#1851,(#1855,#1862),.PCURVE_S1.);
#1851 = LINE('',#1852,#1853);
#1852 = CARTESIAN_POINT('',(84.,-0.75,15.));
#1853 = VECTOR('',#1854,1.);
#1854 = DIRECTION('',(0.,0.,1.));
#1855 = PCURVE('',#763,#1856);
#1856 = DEFINITIONAL_REPRESENTATION('',(#1857),#1861);
#1857 = LINE('',#1858,#1859);
#1858 = CARTESIAN_POINT('',(0.,168.));
#1859 = VECTOR('',#1860,1.);
#1860 = DIRECTION('',(1.,0.));
#1861 = ( GEOMETRIC_REPRESENTATION_CONTEXT(2) 
PARAMETRIC_REPRESENTATION_CONTEXT() REPRESENTATION_CONTEXT('2D SPACE',''
  ) );
#1862 = PCURVE('',#737,#1863);
#1863 = DEFINITIONAL_REPRESENTATION('',(#1864),#1868);
#1864 = LINE('',#1865,#1866);
#1865 = CARTESIAN_POINT('',(0.,0.));
#1866 = VECTOR('',#1867,1.);
#1867 = DIRECTION('',(1.,0.));
#1868 = ( GEOMETRIC_REPRESENTATION_CONTEXT(2) 
PARAMETRIC_REPRESENTATION_CONTEXT() REPRESENTATION_CONTEXT('2D SPACE',''
  ) );
#1869 = ADVANCED_FACE('',(#1870),#737,.T.);
#1870 = FACE_BOUND('',#1871,.T.);
#1871 = EDGE_LOOP('',(#1872,#1873,#1896,#1917));
#1872 = ORIENTED_EDGE('',*,*,#1849,.F.);
#1873 = ORIENTED_EDGE('',*,*,#1874,.T.);
#1874 = EDGE_CURVE('',#1820,#1875,#1877,.T.);
#1875 = VERTEX_POINT('',#1876);
#1876 = CARTESIAN_POINT('',(84.,0.75,15.));
#1877 = SURFACE_CURVE('',#1878,(#1882,#1889),.PCURVE_S1.);
#1878 = LINE('',#1879,#1880);
#1879 = CARTESIAN_POINT('',(84.,-0.75,15.));
#1880 = VECTOR('',#1881,1.);
#1881 = DIRECTION('',(-0.,1.,0.));
#1882 = PCURVE('',#737,#1883);
#1883 = DEFINITIONAL_REPRESENTATION('',(#1884),#1888);
#1884 = LINE('',#1885,#1886);
#1885 = CARTESIAN_POINT('',(0.,0.));
#1886 = VECTOR('',#1887,1.);
#1887 = DIRECTION('',(0.,-1.));
#1888 = ( GEOMETRIC_REPRESENTATION_CONTEXT(2) 
PARAMETRIC_REPRESENTATION_CONTEXT() REPRESENTATION_CONTEXT('2D SPACE',''
  ) );
#1889 = PCURVE('',#1835,#1890);
#1890 = DEFINITIONAL_REPRESENTATION('',(#1891),#1895);
#1891 = LINE('',#1892,#1893);
#1892 = CARTESIAN_POINT('',(168.,0.));
#1893 = VECTOR('',#1894,1.);
#1894 = DIRECTION('',(0.,1.));
#1895 = ( GEOMETRIC_REPRESENTATION_CONTEXT(2) 
PARAMETRIC_REPRESENTATION_CONTEXT() REPRESENTATION_CONTEXT('2D SPACE',''
  ) );
#1896 = ORIENTED_EDGE('',*,*,#1897,.T.);
#1897 = EDGE_CURVE('',#1875,#697,#1898,.T.);
#1898 = SURFACE_CURVE('',#1899,(#1903,#1910),.PCURVE_S1.);
#1899 = LINE('',#1900,#1901);
#1900 = CARTESIAN_POINT('',(84.,0.75,15.));
#1901 = VECTOR('',#1902,1.);
#1902 = DIRECTION('',(0.,0.,1.));
#1903 = PCURVE('',#737,#1904);
#1904 = DEFINITIONAL_REPRESENTATION('',(#1905),#1909);
#1905 = LINE('',#1906,#1907);
#1906 = CARTESIAN_POINT('',(0.,-1.5));
#1907 = VECTOR('',#1908,1.);
#1908 = DIRECTION('',(1.,0.));
#1909 = ( GEOMETRIC_REPRESENTATION_CONTEXT(2) 
PARAMETRIC_REPRESENTATION_CONTEXT() REPRESENTATION_CONTEXT('2D SPACE',''
  ) );
#1910 = PCURVE('',#711,#1911);
#1911 = DEFINITIONAL_REPRESENTATION('',(#1912),#1916);
#1912 = LINE('',#1913,#1914);
#1913 = CARTESIAN_POINT('',(0.,168.));
#1914 = VECTOR('',#1915,1.);
#1915 = DIRECTION('',(1.,0.));
#1916 = ( GEOMETRIC_REPRESENTATION_CONTEXT(2) 
PARAMETRIC_REPRESENTATION_CONTEXT() REPRESENTATION_CONTEXT('2D SPACE',''
  ) );
#1917 = ORIENTED_EDGE('',*,*,#722,.F.);
#1918 = ADVANCED_FACE('',(#1919),#711,.T.);
#1919 = FACE_BOUND('',#1920,.T.);
#1920 = EDGE_LOOP('',(#1921,#1944,#1963,#1964));
#1921 = ORIENTED_EDGE('',*,*,#1922,.F.);
#1922 = EDGE_CURVE('',#1923,#1875,#1925,.T.);
#1923 = VERTEX_POINT('',#1924);
#1924 = CARTESIAN_POINT('',(30.75,0.75,15.));
#1925 = SURFACE_CURVE('',#1926,(#1930,#1937),.PCURVE_S1.);
#1926 = LINE('',#1927,#1928);
#1927 = CARTESIAN_POINT('',(-84.,0.75,15.));
#1928 = VECTOR('',#1929,1.);
#1929 = DIRECTION('',(1.,0.,-0.));
#1930 = PCURVE('',#711,#1931);
#1931 = DEFINITIONAL_REPRESENTATION('',(#1932),#1936);
#1932 = LINE('',#1933,#1934);
#1933 = CARTESIAN_POINT('',(0.,0.));
#1934 = VECTOR('',#1935,1.);
#1935 = DIRECTION('',(0.,1.));
#1936 = ( GEOMETRIC_REPRESENTATION_CONTEXT(2) 
PARAMETRIC_REPRESENTATION_CONTEXT() REPRESENTATION_CONTEXT('2D SPACE',''
  ) );
#1937 = PCURVE('',#1835,#1938);
#1938 = DEFINITIONAL_REPRESENTATION('',(#1939),#1943);
#1939 = LINE('',#1940,#1941);
#1940 = CARTESIAN_POINT('',(0.,1.5));
#1941 = VECTOR('',#1942,1.);
#1942 = DIRECTION('',(1.,0.));
#1943 = ( GEOMETRIC_REPRESENTATION_CONTEXT(2) 
PARAMETRIC_REPRESENTATION_CONTEXT() REPRESENTATION_CONTEXT('2D SPACE',''
  ) );
#1944 = ORIENTED_EDGE('',*,*,#1945,.T.);
#1945 = EDGE_CURVE('',#1923,#671,#1946,.T.);
#1946 = SURFACE_CURVE('',#1947,(#1951,#1957),.PCURVE_S1.);
#1947 = LINE('',#1948,#1949);
#1948 = CARTESIAN_POINT('',(30.75,0.75,15.));
#1949 = VECTOR('',#1950,1.);
#1950 = DIRECTION('',(0.,0.,1.));
#1951 = PCURVE('',#711,#1952);
#1952 = DEFINITIONAL_REPRESENTATION('',(#1953),#1956);
#1953 = B_SPLINE_CURVE_WITH_KNOTS('',1,(#1954,#1955),.UNSPECIFIED.,.F.,
  .F.,(2,2),(0.,22.5),.PIECEWISE_BEZIER_KNOTS.);
#1954 = CARTESIAN_POINT('',(0.,114.75));
#1955 = CARTESIAN_POINT('',(22.5,114.75));
#1956 = ( GEOMETRIC_REPRESENTATION_CONTEXT(2) 
PARAMETRIC_REPRESENTATION_CONTEXT() REPRESENTATION_CONTEXT('2D SPACE',''
  ) );
#1957 = PCURVE('',#685,#1958);
#1958 = DEFINITIONAL_REPRESENTATION('',(#1959),#1962);
#1959 = B_SPLINE_CURVE_WITH_KNOTS('',1,(#1960,#1961),.UNSPECIFIED.,.F.,
  .F.,(2,2),(0.,22.5),.PIECEWISE_BEZIER_KNOTS.);
#1960 = CARTESIAN_POINT('',(0.,-56.75));
#1961 = CARTESIAN_POINT('',(22.5,-56.75));
#1962 = ( GEOMETRIC_REPRESENTATION_CONTEXT(2) 
PARAMETRIC_REPRESENTATION_CONTEXT() REPRESENTATION_CONTEXT('2D SPACE',''
  ) );
#1963 = ORIENTED_EDGE('',*,*,#696,.F.);
#1964 = ORIENTED_EDGE('',*,*,#1897,.F.);
#1965 = ADVANCED_FACE('',(#1966),#685,.T.);
#1966 = FACE_BOUND('',#1967,.T.);
#1967 = EDGE_LOOP('',(#1968,#1969,#1997,#2018));
#1968 = ORIENTED_EDGE('',*,*,#1945,.F.);
#1969 = ORIENTED_EDGE('',*,*,#1970,.T.);
#1970 = EDGE_CURVE('',#1923,#1971,#1973,.T.);
#1971 = VERTEX_POINT('',#1972);
#1972 = CARTESIAN_POINT('',(30.75,56.,15.));
#1973 = SURFACE_CURVE('',#1974,(#1978,#1985),.PCURVE_S1.);
#1974 = LINE('',#1975,#1976);
#1975 = CARTESIAN_POINT('',(30.75,-56.,15.));
#1976 = VECTOR('',#1977,1.);
#1977 = DIRECTION('',(-0.,1.,0.));
#1978 = PCURVE('',#685,#1979);
#1979 = DEFINITIONAL_REPRESENTATION('',(#1980),#1984);
#1980 = LINE('',#1981,#1982);
#1981 = CARTESIAN_POINT('',(0.,0.));
#1982 = VECTOR('',#1983,1.);
#1983 = DIRECTION('',(0.,-1.));
#1984 = ( GEOMETRIC_REPRESENTATION_CONTEXT(2) 
PARAMETRIC_REPRESENTATION_CONTEXT() REPRESENTATION_CONTEXT('2D SPACE',''
  ) );
#1985 = PCURVE('',#1986,#1991);
#1986 = PLANE('',#1987);
#1987 = AXIS2_PLACEMENT_3D('',#1988,#1989,#1990);
#1988 = CARTESIAN_POINT('',(29.25,-56.,15.));
#1989 = DIRECTION('',(0.,0.,1.));
#1990 = DIRECTION('',(1.,0.,-0.));
#1991 = DEFINITIONAL_REPRESENTATION('',(#1992),#1996);
#1992 = LINE('',#1993,#1994);
#1993 = CARTESIAN_POINT('',(1.5,0.));
#1994 = VECTOR('',#1995,1.);
#1995 = DIRECTION('',(0.,1.));
#1996 = ( GEOMETRIC_REPRESENTATION_CONTEXT(2) 
PARAMETRIC_REPRESENTATION_CONTEXT() REPRESENTATION_CONTEXT('2D SPACE',''
  ) );
#1997 = ORIENTED_EDGE('',*,*,#1998,.T.);
#1998 = EDGE_CURVE('',#1971,#645,#1999,.T.);
#1999 = SURFACE_CURVE('',#2000,(#2004,#2011),.PCURVE_S1.);
#2000 = LINE('',#2001,#2002);
#2001 = CARTESIAN_POINT('',(30.75,56.,15.));
#2002 = VECTOR('',#2003,1.);
#2003 = DIRECTION('',(0.,0.,1.));
#2004 = PCURVE('',#685,#2005);
#2005 = DEFINITIONAL_REPRESENTATION('',(#2006),#2010);
#2006 = LINE('',#2007,#2008);
#2007 = CARTESIAN_POINT('',(0.,-112.));
#2008 = VECTOR('',#2009,1.);
#2009 = DIRECTION('',(1.,0.));
#2010 = ( GEOMETRIC_REPRESENTATION_CONTEXT(2) 
PARAMETRIC_REPRESENTATION_CONTEXT() REPRESENTATION_CONTEXT('2D SPACE',''
  ) );
#2011 = PCURVE('',#659,#2012);
#2012 = DEFINITIONAL_REPRESENTATION('',(#2013),#2017);
#2013 = LINE('',#2014,#2015);
#2014 = CARTESIAN_POINT('',(0.,1.5));
#2015 = VECTOR('',#2016,1.);
#2016 = DIRECTION('',(1.,0.));
#2017 = ( GEOMETRIC_REPRESENTATION_CONTEXT(2) 
PARAMETRIC_REPRESENTATION_CONTEXT() REPRESENTATION_CONTEXT('2D SPACE',''
  ) );
#2018 = ORIENTED_EDGE('',*,*,#670,.F.);
#2019 = ADVANCED_FACE('',(#2020),#659,.T.);
#2020 = FACE_BOUND('',#2021,.T.);
#2021 = EDGE_LOOP('',(#2022,#2023,#2046,#2067));
#2022 = ORIENTED_EDGE('',*,*,#1998,.F.);
#2023 = ORIENTED_EDGE('',*,*,#2024,.F.);
#2024 = EDGE_CURVE('',#2025,#1971,#2027,.T.);
#2025 = VERTEX_POINT('',#2026);
#2026 = CARTESIAN_POINT('',(29.25,56.,15.));
#2027 = SURFACE_CURVE('',#2028,(#2032,#2039),.PCURVE_S1.);
#2028 = LINE('',#2029,#2030);
#2029 = CARTESIAN_POINT('',(29.25,56.,15.));
#2030 = VECTOR('',#2031,1.);
#2031 = DIRECTION('',(1.,0.,-0.));
#2032 = PCURVE('',#659,#2033);
#2033 = DEFINITIONAL_REPRESENTATION('',(#2034),#2038);
#2034 = LINE('',#2035,#2036);
#2035 = CARTESIAN_POINT('',(0.,0.));
#2036 = VECTOR('',#2037,1.);
#2037 = DIRECTION('',(0.,1.));
#2038 = ( GEOMETRIC_REPRESENTATION_CONTEXT(2) 
PARAMETRIC_REPRESENTATION_CONTEXT() REPRESENTATION_CONTEXT('2D SPACE',''
  ) );
#2039 = PCURVE('',#1986,#2040);
#2040 = DEFINITIONAL_REPRESENTATION('',(#2041),#2045);
#2041 = LINE('',#2042,#2043);
#2042 = CARTESIAN_POINT('',(0.,112.));
#2043 = VECTOR('',#2044,1.);
#2044 = DIRECTION('',(1.,0.));
#2045 = ( GEOMETRIC_REPRESENTATION_CONTEXT(2) 
PARAMETRIC_REPRESENTATION_CONTEXT() REPRESENTATION_CONTEXT('2D SPACE',''
  ) );
#2046 = ORIENTED_EDGE('',*,*,#2047,.T.);
#2047 = EDGE_CURVE('',#2025,#619,#2048,.T.);
#2048 = SURFACE_CURVE('',#2049,(#2053,#2060),.PCURVE_S1.);
#2049 = LINE('',#2050,#2051);
#2050 = CARTESIAN_POINT('',(29.25,56.,15.));
#2051 = VECTOR('',#2052,1.);
#2052 = DIRECTION('',(0.,0.,1.));
#2053 = PCURVE('',#659,#2054);
#2054 = DEFINITIONAL_REPRESENTATION('',(#2055),#2059);
#2055 = LINE('',#2056,#2057);
#2056 = CARTESIAN_POINT('',(0.,0.));
#2057 = VECTOR('',#2058,1.);
#2058 = DIRECTION('',(1.,0.));
#2059 = ( GEOMETRIC_REPRESENTATION_CONTEXT(2) 
PARAMETRIC_REPRESENTATION_CONTEXT() REPRESENTATION_CONTEXT('2D SPACE',''
  ) );
#2060 = PCURVE('',#633,#2061);
#2061 = DEFINITIONAL_REPRESENTATION('',(#2062),#2066);
#2062 = LINE('',#2063,#2064);
#2063 = CARTESIAN_POINT('',(0.,-112.));
#2064 = VECTOR('',#2065,1.);
#2065 = DIRECTION('',(1.,0.));
#2066 = ( GEOMETRIC_REPRESENTATION_CONTEXT(2) 
PARAMETRIC_REPRESENTATION_CONTEXT() REPRESENTATION_CONTEXT('2D SPACE',''
  ) );
#2067 = ORIENTED_EDGE('',*,*,#644,.F.);
#2068 = ADVANCED_FACE('',(#2069),#633,.F.);
#2069 = FACE_BOUND('',#2070,.F.);
#2070 = EDGE_LOOP('',(#2071,#2092,#2113,#2114));
#2071 = ORIENTED_EDGE('',*,*,#2072,.F.);
#2072 = EDGE_CURVE('',#2073,#593,#2075,.T.);
#2073 = VERTEX_POINT('',#2074);
#2074 = CARTESIAN_POINT('',(29.25,0.75,15.));
#2075 = SURFACE_CURVE('',#2076,(#2080,#2086),.PCURVE_S1.);
#2076 = LINE('',#2077,#2078);
#2077 = CARTESIAN_POINT('',(29.25,0.75,15.));
#2078 = VECTOR('',#2079,1.);
#2079 = DIRECTION('',(0.,0.,1.));
#2080 = PCURVE('',#633,#2081);
#2081 = DEFINITIONAL_REPRESENTATION('',(#2082),#2085);
#2082 = B_SPLINE_CURVE_WITH_KNOTS('',1,(#2083,#2084),.UNSPECIFIED.,.F.,
  .F.,(2,2),(0.,22.5),.PIECEWISE_BEZIER_KNOTS.);
#2083 = CARTESIAN_POINT('',(0.,-56.75));
#2084 = CARTESIAN_POINT('',(22.5,-56.75));
#2085 = ( GEOMETRIC_REPRESENTATION_CONTEXT(2) 
PARAMETRIC_REPRESENTATION_CONTEXT() REPRESENTATION_CONTEXT('2D SPACE',''
  ) );
#2086 = PCURVE('',#607,#2087);
#2087 = DEFINITIONAL_REPRESENTATION('',(#2088),#2091);
#2088 = B_SPLINE_CURVE_WITH_KNOTS('',1,(#2089,#2090),.UNSPECIFIED.,.F.,
  .F.,(2,2),(0.,22.5),.PIECEWISE_BEZIER_KNOTS.);
#2089 = CARTESIAN_POINT('',(0.,113.25));
#2090 = CARTESIAN_POINT('',(22.5,113.25));
#2091 = ( GEOMETRIC_REPRESENTATION_CONTEXT(2) 
PARAMETRIC_REPRESENTATION_CONTEXT() REPRESENTATION_CONTEXT('2D SPACE',''
  ) );
#2092 = ORIENTED_EDGE('',*,*,#2093,.T.);
#2093 = EDGE_CURVE('',#2073,#2025,#2094,.T.);
#2094 = SURFACE_CURVE('',#2095,(#2099,#2106),.PCURVE_S1.);
#2095 = LINE('',#2096,#2097);
#2096 = CARTESIAN_POINT('',(29.25,-56.,15.));
#2097 = VECTOR('',#2098,1.);
#2098 = DIRECTION('',(-0.,1.,0.));
#2099 = PCURVE('',#633,#2100);
#2100 = DEFINITIONAL_REPRESENTATION('',(#2101),#2105);
#2101 = LINE('',#2102,#2103);
#2102 = CARTESIAN_POINT('',(0.,0.));
#2103 = VECTOR('',#2104,1.);
#2104 = DIRECTION('',(0.,-1.));
#2105 = ( GEOMETRIC_REPRESENTATION_CONTEXT(2) 
PARAMETRIC_REPRESENTATION_CONTEXT() REPRESENTATION_CONTEXT('2D SPACE',''
  ) );
#2106 = PCURVE('',#1986,#2107);
#2107 = DEFINITIONAL_REPRESENTATION('',(#2108),#2112);
#2108 = LINE('',#2109,#2110);
#2109 = CARTESIAN_POINT('',(0.,0.));
#2110 = VECTOR('',#2111,1.);
#2111 = DIRECTION('',(0.,1.));
#2112 = ( GEOMETRIC_REPRESENTATION_CONTEXT(2) 
PARAMETRIC_REPRESENTATION_CONTEXT() REPRESENTATION_CONTEXT('2D SPACE',''
  ) );
#2113 = ORIENTED_EDGE('',*,*,#2047,.T.);
#2114 = ORIENTED_EDGE('',*,*,#618,.F.);
#2115 = ADVANCED_FACE('',(#2116),#607,.T.);
#2116 = FACE_BOUND('',#2117,.T.);
#2117 = EDGE_LOOP('',(#2118,#2141,#2160,#2161));
#2118 = ORIENTED_EDGE('',*,*,#2119,.F.);
#2119 = EDGE_CURVE('',#2120,#2073,#2122,.T.);
#2120 = VERTEX_POINT('',#2121);
#2121 = CARTESIAN_POINT('',(-29.25,0.75,15.));
#2122 = SURFACE_CURVE('',#2123,(#2127,#2134),.PCURVE_S1.);
#2123 = LINE('',#2124,#2125);
#2124 = CARTESIAN_POINT('',(-84.,0.75,15.));
#2125 = VECTOR('',#2126,1.);
#2126 = DIRECTION('',(1.,0.,-0.));
#2127 = PCURVE('',#607,#2128);
#2128 = DEFINITIONAL_REPRESENTATION('',(#2129),#2133);
#2129 = LINE('',#2130,#2131);
#2130 = CARTESIAN_POINT('',(0.,0.));
#2131 = VECTOR('',#2132,1.);
#2132 = DIRECTION('',(0.,1.));
#2133 = ( GEOMETRIC_REPRESENTATION_CONTEXT(2) 
PARAMETRIC_REPRESENTATION_CONTEXT() REPRESENTATION_CONTEXT('2D SPACE',''
  ) );
#2134 = PCURVE('',#1633,#2135);
#2135 = DEFINITIONAL_REPRESENTATION('',(#2136),#2140);
#2136 = LINE('',#2137,#2138);
#2137 = CARTESIAN_POINT('',(0.,1.5));
#2138 = VECTOR('',#2139,1.);
#2139 = DIRECTION('',(1.,0.));
#2140 = ( GEOMETRIC_REPRESENTATION_CONTEXT(2) 
PARAMETRIC_REPRESENTATION_CONTEXT() REPRESENTATION_CONTEXT('2D SPACE',''
  ) );
#2141 = ORIENTED_EDGE('',*,*,#2142,.T.);
#2142 = EDGE_CURVE('',#2120,#567,#2143,.T.);
#2143 = SURFACE_CURVE('',#2144,(#2148,#2154),.PCURVE_S1.);
#2144 = LINE('',#2145,#2146);
#2145 = CARTESIAN_POINT('',(-29.25,0.75,15.));
#2146 = VECTOR('',#2147,1.);
#2147 = DIRECTION('',(0.,0.,1.));
#2148 = PCURVE('',#607,#2149);
#2149 = DEFINITIONAL_REPRESENTATION('',(#2150),#2153);
#2150 = B_SPLINE_CURVE_WITH_KNOTS('',1,(#2151,#2152),.UNSPECIFIED.,.F.,
  .F.,(2,2),(0.,22.5),.PIECEWISE_BEZIER_KNOTS.);
#2151 = CARTESIAN_POINT('',(0.,54.75));
#2152 = CARTESIAN_POINT('',(22.5,54.75));
#2153 = ( GEOMETRIC_REPRESENTATION_CONTEXT(2) 
PARAMETRIC_REPRESENTATION_CONTEXT() REPRESENTATION_CONTEXT('2D SPACE',''
  ) );
#2154 = PCURVE('',#581,#2155);
#2155 = DEFINITIONAL_REPRESENTATION('',(#2156),#2159);
#2156 = B_SPLINE_CURVE_WITH_KNOTS('',1,(#2157,#2158),.UNSPECIFIED.,.F.,
  .F.,(2,2),(0.,22.5),.PIECEWISE_BEZIER_KNOTS.);
#2157 = CARTESIAN_POINT('',(0.,-56.75));
#2158 = CARTESIAN_POINT('',(22.5,-56.75));
#2159 = ( GEOMETRIC_REPRESENTATION_CONTEXT(2) 
PARAMETRIC_REPRESENTATION_CONTEXT() REPRESENTATION_CONTEXT('2D SPACE',''
  ) );
#2160 = ORIENTED_EDGE('',*,*,#592,.F.);
#2161 = ORIENTED_EDGE('',*,*,#2072,.F.);
#2162 = ADVANCED_FACE('',(#2163),#581,.T.);
#2163 = FACE_BOUND('',#2164,.T.);
#2164 = EDGE_LOOP('',(#2165,#2166,#2194,#2215));
#2165 = ORIENTED_EDGE('',*,*,#2142,.F.);
#2166 = ORIENTED_EDGE('',*,*,#2167,.T.);
#2167 = EDGE_CURVE('',#2120,#2168,#2170,.T.);
#2168 = VERTEX_POINT('',#2169);
#2169 = CARTESIAN_POINT('',(-29.25,56.,15.));
#2170 = SURFACE_CURVE('',#2171,(#2175,#2182),.PCURVE_S1.);
#2171 = LINE('',#2172,#2173);
#2172 = CARTESIAN_POINT('',(-29.25,-56.,15.));
#2173 = VECTOR('',#2174,1.);
#2174 = DIRECTION('',(-0.,1.,0.));
#2175 = PCURVE('',#581,#2176);
#2176 = DEFINITIONAL_REPRESENTATION('',(#2177),#2181);
#2177 = LINE('',#2178,#2179);
#2178 = CARTESIAN_POINT('',(0.,0.));
#2179 = VECTOR('',#2180,1.);
#2180 = DIRECTION('',(0.,-1.));
#2181 = ( GEOMETRIC_REPRESENTATION_CONTEXT(2) 
PARAMETRIC_REPRESENTATION_CONTEXT() REPRESENTATION_CONTEXT('2D SPACE',''
  ) );
#2182 = PCURVE('',#2183,#2188);
#2183 = PLANE('',#2184);
#2184 = AXIS2_PLACEMENT_3D('',#2185,#2186,#2187);
#2185 = CARTESIAN_POINT('',(-30.75,-56.,15.));
#2186 = DIRECTION('',(0.,0.,1.));
#2187 = DIRECTION('',(1.,0.,-0.));
#2188 = DEFINITIONAL_REPRESENTATION('',(#2189),#2193);
#2189 = LINE('',#2190,#2191);
#2190 = CARTESIAN_POINT('',(1.5,0.));
#2191 = VECTOR('',#2192,1.);
#2192 = DIRECTION('',(0.,1.));
#2193 = ( GEOMETRIC_REPRESENTATION_CONTEXT(2) 
PARAMETRIC_REPRESENTATION_CONTEXT() REPRESENTATION_CONTEXT('2D SPACE',''
  ) );
#2194 = ORIENTED_EDGE('',*,*,#2195,.T.);
#2195 = EDGE_CURVE('',#2168,#541,#2196,.T.);
#2196 = SURFACE_CURVE('',#2197,(#2201,#2208),.PCURVE_S1.);
#2197 = LINE('',#2198,#2199);
#2198 = CARTESIAN_POINT('',(-29.25,56.,15.));
#2199 = VECTOR('',#2200,1.);
#2200 = DIRECTION('',(0.,0.,1.));
#2201 = PCURVE('',#581,#2202);
#2202 = DEFINITIONAL_REPRESENTATION('',(#2203),#2207);
#2203 = LINE('',#2204,#2205);
#2204 = CARTESIAN_POINT('',(0.,-112.));
#2205 = VECTOR('',#2206,1.);
#2206 = DIRECTION('',(1.,0.));
#2207 = ( GEOMETRIC_REPRESENTATION_CONTEXT(2) 
PARAMETRIC_REPRESENTATION_CONTEXT() REPRESENTATION_CONTEXT('2D SPACE',''
  ) );
#2208 = PCURVE('',#555,#2209);
#2209 = DEFINITIONAL_REPRESENTATION('',(#2210),#2214);
#2210 = LINE('',#2211,#2212);
#2211 = CARTESIAN_POINT('',(0.,1.5));
#2212 = VECTOR('',#2213,1.);
#2213 = DIRECTION('',(1.,0.));
#2214 = ( GEOMETRIC_REPRESENTATION_CONTEXT(2) 
PARAMETRIC_REPRESENTATION_CONTEXT() REPRESENTATION_CONTEXT('2D SPACE',''
  ) );
#2215 = ORIENTED_EDGE('',*,*,#566,.F.);
#2216 = ADVANCED_FACE('',(#2217),#555,.T.);
#2217 = FACE_BOUND('',#2218,.T.);
#2218 = EDGE_LOOP('',(#2219,#2220,#2243,#2264));
#2219 = ORIENTED_EDGE('',*,*,#2195,.F.);
#2220 = ORIENTED_EDGE('',*,*,#2221,.F.);
#2221 = EDGE_CURVE('',#2222,#2168,#2224,.T.);
#2222 = VERTEX_POINT('',#2223);
#2223 = CARTESIAN_POINT('',(-30.75,56.,15.));
#2224 = SURFACE_CURVE('',#2225,(#2229,#2236),.PCURVE_S1.);
#2225 = LINE('',#2226,#2227);
#2226 = CARTESIAN_POINT('',(-30.75,56.,15.));
#2227 = VECTOR('',#2228,1.);
#2228 = DIRECTION('',(1.,0.,-0.));
#2229 = PCURVE('',#555,#2230);
#2230 = DEFINITIONAL_REPRESENTATION('',(#2231),#2235);
#2231 = LINE('',#2232,#2233);
#2232 = CARTESIAN_POINT('',(0.,0.));
#2233 = VECTOR('',#2234,1.);
#2234 = DIRECTION('',(0.,1.));
#2235 = ( GEOMETRIC_REPRESENTATION_CONTEXT(2) 
PARAMETRIC_REPRESENTATION_CONTEXT() REPRESENTATION_CONTEXT('2D SPACE',''
  ) );
#2236 = PCURVE('',#2183,#2237);
#2237 = DEFINITIONAL_REPRESENTATION('',(#2238),#2242);
#2238 = LINE('',#2239,#2240);
#2239 = CARTESIAN_POINT('',(0.,112.));
#2240 = VECTOR('',#2241,1.);
#2241 = DIRECTION('',(1.,0.));
#2242 = ( GEOMETRIC_REPRESENTATION_CONTEXT(2) 
PARAMETRIC_REPRESENTATION_CONTEXT() REPRESENTATION_CONTEXT('2D SPACE',''
  ) );
#2243 = ORIENTED_EDGE('',*,*,#2244,.T.);
#2244 = EDGE_CURVE('',#2222,#515,#2245,.T.);
#2245 = SURFACE_CURVE('',#2246,(#2250,#2257),.PCURVE_S1.);
#2246 = LINE('',#2247,#2248);
#2247 = CARTESIAN_POINT('',(-30.75,56.,15.));
#2248 = VECTOR('',#2249,1.);
#2249 = DIRECTION('',(0.,0.,1.));
#2250 = PCURVE('',#555,#2251);
#2251 = DEFINITIONAL_REPRESENTATION('',(#2252),#2256);
#2252 = LINE('',#2253,#2254);
#2253 = CARTESIAN_POINT('',(0.,0.));
#2254 = VECTOR('',#2255,1.);
#2255 = DIRECTION('',(1.,0.));
#2256 = ( GEOMETRIC_REPRESENTATION_CONTEXT(2) 
PARAMETRIC_REPRESENTATION_CONTEXT() REPRESENTATION_CONTEXT('2D SPACE',''
  ) );
#2257 = PCURVE('',#529,#2258);
#2258 = DEFINITIONAL_REPRESENTATION('',(#2259),#2263);
#2259 = LINE('',#2260,#2261);
#2260 = CARTESIAN_POINT('',(0.,-112.));
#2261 = VECTOR('',#2262,1.);
#2262 = DIRECTION('',(1.,0.));
#2263 = ( GEOMETRIC_REPRESENTATION_CONTEXT(2) 
PARAMETRIC_REPRESENTATION_CONTEXT() REPRESENTATION_CONTEXT('2D SPACE',''
  ) );
#2264 = ORIENTED_EDGE('',*,*,#540,.F.);
#2265 = ADVANCED_FACE('',(#2266),#529,.F.);
#2266 = FACE_BOUND('',#2267,.F.);
#2267 = EDGE_LOOP('',(#2268,#2269,#2290,#2291));
#2268 = ORIENTED_EDGE('',*,*,#935,.F.);
#2269 = ORIENTED_EDGE('',*,*,#2270,.T.);
#2270 = EDGE_CURVE('',#911,#2222,#2271,.T.);
#2271 = SURFACE_CURVE('',#2272,(#2276,#2283),.PCURVE_S1.);
#2272 = LINE('',#2273,#2274);
#2273 = CARTESIAN_POINT('',(-30.75,-56.,15.));
#2274 = VECTOR('',#2275,1.);
#2275 = DIRECTION('',(-0.,1.,0.));
#2276 = PCURVE('',#529,#2277);
#2277 = DEFINITIONAL_REPRESENTATION('',(#2278),#2282);
#2278 = LINE('',#2279,#2280);
#2279 = CARTESIAN_POINT('',(0.,0.));
#2280 = VECTOR('',#2281,1.);
#2281 = DIRECTION('',(0.,-1.));
#2282 = ( GEOMETRIC_REPRESENTATION_CONTEXT(2) 
PARAMETRIC_REPRESENTATION_CONTEXT() REPRESENTATION_CONTEXT('2D SPACE',''
  ) );
#2283 = PCURVE('',#2183,#2284);
#2284 = DEFINITIONAL_REPRESENTATION('',(#2285),#2289);
#2285 = LINE('',#2286,#2287);
#2286 = CARTESIAN_POINT('',(0.,0.));
#2287 = VECTOR('',#2288,1.);
#2288 = DIRECTION('',(0.,1.));
#2289 = ( GEOMETRIC_REPRESENTATION_CONTEXT(2) 
PARAMETRIC_REPRESENTATION_CONTEXT() REPRESENTATION_CONTEXT('2D SPACE',''
  ) );
#2290 = ORIENTED_EDGE('',*,*,#2244,.T.);
#2291 = ORIENTED_EDGE('',*,*,#514,.F.);
#2292 = ADVANCED_FACE('',(#2293),#461,.F.);
#2293 = FACE_BOUND('',#2294,.F.);
#2294 = EDGE_LOOP('',(#2295,#2296,#2317,#2318));
#2295 = ORIENTED_EDGE('',*,*,#1548,.F.);
#2296 = ORIENTED_EDGE('',*,*,#2297,.F.);
#2297 = EDGE_CURVE('',#990,#1549,#2298,.T.);
#2298 = SURFACE_CURVE('',#2299,(#2303,#2310),.PCURVE_S1.);
#2299 = LINE('',#2300,#2301);
#2300 = CARTESIAN_POINT('',(-30.75,-56.,15.));
#2301 = VECTOR('',#2302,1.);
#2302 = DIRECTION('',(1.,0.,-0.));
#2303 = PCURVE('',#461,#2304);
#2304 = DEFINITIONAL_REPRESENTATION('',(#2305),#2309);
#2305 = LINE('',#2306,#2307);
#2306 = CARTESIAN_POINT('',(0.,0.));
#2307 = VECTOR('',#2308,1.);
#2308 = DIRECTION('',(0.,1.));
#2309 = ( GEOMETRIC_REPRESENTATION_CONTEXT(2) 
PARAMETRIC_REPRESENTATION_CONTEXT() REPRESENTATION_CONTEXT('2D SPACE',''
  ) );
#2310 = PCURVE('',#1026,#2311);
#2311 = DEFINITIONAL_REPRESENTATION('',(#2312),#2316);
#2312 = LINE('',#2313,#2314);
#2313 = CARTESIAN_POINT('',(0.,0.));
#2314 = VECTOR('',#2315,1.);
#2315 = DIRECTION('',(1.,0.));
#2316 = ( GEOMETRIC_REPRESENTATION_CONTEXT(2) 
PARAMETRIC_REPRESENTATION_CONTEXT() REPRESENTATION_CONTEXT('2D SPACE',''
  ) );
#2317 = ORIENTED_EDGE('',*,*,#989,.T.);
#2318 = ORIENTED_EDGE('',*,*,#446,.F.);
#2319 = ADVANCED_FACE('',(#2320),#895,.T.);
#2320 = FACE_BOUND('',#2321,.T.);
#2321 = EDGE_LOOP('',(#2322,#2323,#2346,#2373));
#2322 = ORIENTED_EDGE('',*,*,#878,.F.);
#2323 = ORIENTED_EDGE('',*,*,#2324,.F.);
#2324 = EDGE_CURVE('',#2325,#879,#2327,.T.);
#2325 = VERTEX_POINT('',#2326);
#2326 = CARTESIAN_POINT('',(83.5,50.,6.));
#2327 = SEAM_CURVE('',#2328,(#2332,#2339),.PCURVE_S1.);
#2328 = LINE('',#2329,#2330);
#2329 = CARTESIAN_POINT('',(83.5,50.,6.));
#2330 = VECTOR('',#2331,1.);
#2331 = DIRECTION('',(0.,0.,1.));
#2332 = PCURVE('',#895,#2333);
#2333 = DEFINITIONAL_REPRESENTATION('',(#2334),#2338);
#2334 = LINE('',#2335,#2336);
#2335 = CARTESIAN_POINT('',(6.28318530718,-0.));
#2336 = VECTOR('',#2337,1.);
#2337 = DIRECTION('',(0.,1.));
#2338 = ( GEOMETRIC_REPRESENTATION_CONTEXT(2) 
PARAMETRIC_REPRESENTATION_CONTEXT() REPRESENTATION_CONTEXT('2D SPACE',''
  ) );
#2339 = PCURVE('',#895,#2340);
#2340 = DEFINITIONAL_REPRESENTATION('',(#2341),#2345);
#2341 = LINE('',#2342,#2343);
#2342 = CARTESIAN_POINT('',(0.,-0.));
#2343 = VECTOR('',#2344,1.);
#2344 = DIRECTION('',(0.,1.));
#2345 = ( GEOMETRIC_REPRESENTATION_CONTEXT(2) 
PARAMETRIC_REPRESENTATION_CONTEXT() REPRESENTATION_CONTEXT('2D SPACE',''
  ) );
#2346 = ORIENTED_EDGE('',*,*,#2347,.T.);
#2347 = EDGE_CURVE('',#2325,#2325,#2348,.T.);
#2348 = SURFACE_CURVE('',#2349,(#2354,#2361),.PCURVE_S1.);
#2349 = CIRCLE('',#2350,3.5);
#2350 = AXIS2_PLACEMENT_3D('',#2351,#2352,#2353);
#2351 = CARTESIAN_POINT('',(80.,50.,6.));
#2352 = DIRECTION('',(0.,0.,1.));
#2353 = DIRECTION('',(1.,0.,-0.));
#2354 = PCURVE('',#895,#2355);
#2355 = DEFINITIONAL_REPRESENTATION('',(#2356),#2360);
#2356 = LINE('',#2357,#2358);
#2357 = CARTESIAN_POINT('',(0.,0.));
#2358 = VECTOR('',#2359,1.);
#2359 = DIRECTION('',(1.,0.));
#2360 = ( GEOMETRIC_REPRESENTATION_CONTEXT(2) 
PARAMETRIC_REPRESENTATION_CONTEXT() REPRESENTATION_CONTEXT('2D SPACE',''
  ) );
#2361 = PCURVE('',#2362,#2367);
#2362 = PLANE('',#2363);
#2363 = AXIS2_PLACEMENT_3D('',#2364,#2365,#2366);
#2364 = CARTESIAN_POINT('',(80.,50.,6.));
#2365 = DIRECTION('',(0.,0.,1.));
#2366 = DIRECTION('',(1.,0.,-0.));
#2367 = DEFINITIONAL_REPRESENTATION('',(#2368),#2372);
#2368 = CIRCLE('',#2369,3.5);
#2369 = AXIS2_PLACEMENT_2D('',#2370,#2371);
#2370 = CARTESIAN_POINT('',(0.,0.));
#2371 = DIRECTION('',(1.,0.));
#2372 = ( GEOMETRIC_REPRESENTATION_CONTEXT(2) 
PARAMETRIC_REPRESENTATION_CONTEXT() REPRESENTATION_CONTEXT('2D SPACE',''
  ) );
#2373 = ORIENTED_EDGE('',*,*,#2324,.T.);
#2374 = ADVANCED_FACE('',(#2375),#974,.F.);
#2375 = FACE_BOUND('',#2376,.F.);
#2376 = EDGE_LOOP('',(#2377,#2378,#2399,#2420));
#2377 = ORIENTED_EDGE('',*,*,#960,.F.);
#2378 = ORIENTED_EDGE('',*,*,#2379,.T.);
#2379 = EDGE_CURVE('',#140,#1572,#2380,.T.);
#2380 = SURFACE_CURVE('',#2381,(#2385,#2392),.PCURVE_S1.);
#2381 = LINE('',#2382,#2383);
#2382 = CARTESIAN_POINT('',(-84.,-0.75,15.));
#2383 = VECTOR('',#2384,1.);
#2384 = DIRECTION('',(1.,0.,-0.));
#2385 = PCURVE('',#974,#2386);
#2386 = DEFINITIONAL_REPRESENTATION('',(#2387),#2391);
#2387 = LINE('',#2388,#2389);
#2388 = CARTESIAN_POINT('',(-53.25,55.25));
#2389 = VECTOR('',#2390,1.);
#2390 = DIRECTION('',(1.,0.));
#2391 = ( GEOMETRIC_REPRESENTATION_CONTEXT(2) 
PARAMETRIC_REPRESENTATION_CONTEXT() REPRESENTATION_CONTEXT('2D SPACE',''
  ) );
#2392 = PCURVE('',#1026,#2393);
#2393 = DEFINITIONAL_REPRESENTATION('',(#2394),#2398);
#2394 = LINE('',#2395,#2396);
#2395 = CARTESIAN_POINT('',(-53.25,55.25));
#2396 = VECTOR('',#2397,1.);
#2397 = DIRECTION('',(1.,0.));
#2398 = ( GEOMETRIC_REPRESENTATION_CONTEXT(2) 
PARAMETRIC_REPRESENTATION_CONTEXT() REPRESENTATION_CONTEXT('2D SPACE',''
  ) );
#2399 = ORIENTED_EDGE('',*,*,#2400,.T.);
#2400 = EDGE_CURVE('',#1572,#2120,#2401,.T.);
#2401 = SURFACE_CURVE('',#2402,(#2406,#2413),.PCURVE_S1.);
#2402 = LINE('',#2403,#2404);
#2403 = CARTESIAN_POINT('',(-29.25,-56.,15.));
#2404 = VECTOR('',#2405,1.);
#2405 = DIRECTION('',(-0.,1.,0.));
#2406 = PCURVE('',#974,#2407);
#2407 = DEFINITIONAL_REPRESENTATION('',(#2408),#2412);
#2408 = LINE('',#2409,#2410);
#2409 = CARTESIAN_POINT('',(1.5,0.));
#2410 = VECTOR('',#2411,1.);
#2411 = DIRECTION('',(0.,1.));
#2412 = ( GEOMETRIC_REPRESENTATION_CONTEXT(2) 
PARAMETRIC_REPRESENTATION_CONTEXT() REPRESENTATION_CONTEXT('2D SPACE',''
  ) );
#2413 = PCURVE('',#1633,#2414);
#2414 = DEFINITIONAL_REPRESENTATION('',(#2415),#2419);
#2415 = LINE('',#2416,#2417);
#2416 = CARTESIAN_POINT('',(54.75,-55.25));
#2417 = VECTOR('',#2418,1.);
#2418 = DIRECTION('',(0.,1.));
#2419 = ( GEOMETRIC_REPRESENTATION_CONTEXT(2) 
PARAMETRIC_REPRESENTATION_CONTEXT() REPRESENTATION_CONTEXT('2D SPACE',''
  ) );
#2420 = ORIENTED_EDGE('',*,*,#2421,.F.);
#2421 = EDGE_CURVE('',#911,#2120,#2422,.T.);
#2422 = SURFACE_CURVE('',#2423,(#2427,#2434),.PCURVE_S1.);
#2423 = LINE('',#2424,#2425);
#2424 = CARTESIAN_POINT('',(-84.,0.75,15.));
#2425 = VECTOR('',#2426,1.);
#2426 = DIRECTION('',(1.,0.,-0.));
#2427 = PCURVE('',#974,#2428);
#2428 = DEFINITIONAL_REPRESENTATION('',(#2429),#2433);
#2429 = LINE('',#2430,#2431);
#2430 = CARTESIAN_POINT('',(-53.25,56.75));
#2431 = VECTOR('',#2432,1.);
#2432 = DIRECTION('',(1.,0.));
#2433 = ( GEOMETRIC_REPRESENTATION_CONTEXT(2) 
PARAMETRIC_REPRESENTATION_CONTEXT() REPRESENTATION_CONTEXT('2D SPACE',''
  ) );
#2434 = PCURVE('',#2183,#2435);
#2435 = DEFINITIONAL_REPRESENTATION('',(#2436),#2440);
#2436 = LINE('',#2437,#2438);
#2437 = CARTESIAN_POINT('',(-53.25,56.75));
#2438 = VECTOR('',#2439,1.);
#2439 = DIRECTION('',(1.,0.));
#2440 = ( GEOMETRIC_REPRESENTATION_CONTEXT(2) 
PARAMETRIC_REPRESENTATION_CONTEXT() REPRESENTATION_CONTEXT('2D SPACE',''
  ) );
#2441 = ADVANCED_FACE('',(#2442),#1026,.F.);
#2442 = FACE_BOUND('',#2443,.F.);
#2443 = EDGE_LOOP('',(#2444,#2445,#2446,#2447));
#2444 = ORIENTED_EDGE('',*,*,#1012,.F.);
#2445 = ORIENTED_EDGE('',*,*,#2297,.T.);
#2446 = ORIENTED_EDGE('',*,*,#1571,.T.);
#2447 = ORIENTED_EDGE('',*,*,#2379,.F.);
#2448 = ADVANCED_FACE('',(#2449),#1060,.F.);
#2449 = FACE_BOUND('',#2450,.T.);
#2450 = EDGE_LOOP('',(#2451,#2452,#2453));
#2451 = ORIENTED_EDGE('',*,*,#1043,.F.);
#2452 = ORIENTED_EDGE('',*,*,#1135,.T.);
#2453 = ORIENTED_EDGE('',*,*,#2454,.F.);
#2454 = EDGE_CURVE('',#1044,#1136,#2455,.T.);
#2455 = SURFACE_CURVE('',#2456,(#2461,#2473),.PCURVE_S1.);
#2456 = CIRCLE('',#2457,0.5);
#2457 = AXIS2_PLACEMENT_3D('',#2458,#2459,#2460);
#2458 = CARTESIAN_POINT('',(-86.03009252446,-56.03009252446,37.));
#2459 = DIRECTION('',(2.616798426498E-02,2.616798426498E-02,
    0.999315001988));
#2460 = DIRECTION('',(-0.999657324976,0.,2.617694830787E-02));
#2461 = PCURVE('',#1060,#2462);
#2462 = DEFINITIONAL_REPRESENTATION('',(#2463),#2472);
#2463 = B_SPLINE_CURVE_WITH_KNOTS('',7,(#2464,#2465,#2466,#2467,#2468,
    #2469,#2470,#2471),.UNSPECIFIED.,.F.,.F.,(8,8),(0.,1.570111094119),
  .PIECEWISE_BEZIER_KNOTS.);
#2464 = CARTESIAN_POINT('',(0.,-2.617993877992E-02));
#2465 = CARTESIAN_POINT('',(-0.224301637534,-3.204945912352E-02));
#2466 = CARTESIAN_POINT('',(-0.448683730904,-3.63829463036E-02));
#2467 = CARTESIAN_POINT('',(-0.673146157758,-3.869794847705E-02));
#2468 = CARTESIAN_POINT('',(-0.897650169037,-3.869794847707E-02));
#2469 = CARTESIAN_POINT('',(-1.122112595891,-3.638294630359E-02));
#2470 = CARTESIAN_POINT('',(-1.346494689261,-3.204945912352E-02));
#2471 = CARTESIAN_POINT('',(-1.570796326795,-2.617993877992E-02));
#2472 = ( GEOMETRIC_REPRESENTATION_CONTEXT(2) 
PARAMETRIC_REPRESENTATION_CONTEXT() REPRESENTATION_CONTEXT('2D SPACE',''
  ) );
#2473 = PCURVE('',#2474,#2479);
#2474 = CYLINDRICAL_SURFACE('',#2475,0.5);
#2475 = AXIS2_PLACEMENT_3D('',#2476,#2477,#2478);
#2476 = CARTESIAN_POINT('',(-87.00308161132,-57.00308161132,
    -0.15695413975));
#2477 = DIRECTION('',(2.616798426498E-02,2.616798426498E-02,
    0.999315001988));
#2478 = DIRECTION('',(-0.999657324976,0.,2.617694830787E-02));
#2479 = DEFINITIONAL_REPRESENTATION('',(#2480),#2484);
#2480 = LINE('',#2481,#2482);
#2481 = CARTESIAN_POINT('',(0.,37.182424026276));
#2482 = VECTOR('',#2483,1.);
#2483 = DIRECTION('',(1.,0.));
#2484 = ( GEOMETRIC_REPRESENTATION_CONTEXT(2) 
PARAMETRIC_REPRESENTATION_CONTEXT() REPRESENTATION_CONTEXT('2D SPACE',''
  ) );
#2485 = ADVANCED_FACE('',(#2486),#1120,.T.);
#2486 = FACE_BOUND('',#2487,.T.);
#2487 = EDGE_LOOP('',(#2488,#2516,#2542,#2543));
#2488 = ORIENTED_EDGE('',*,*,#2489,.F.);
#2489 = EDGE_CURVE('',#2490,#2492,#2494,.T.);
#2490 = VERTEX_POINT('',#2491);
#2491 = CARTESIAN_POINT('',(-87.49914301877,56.999314356285,
    1.942890293094E-16));
#2492 = VERTEX_POINT('',#2493);
#2493 = CARTESIAN_POINT('',(-87.49914301877,-56.99931435628,
    1.942890293094E-16));
#2494 = SURFACE_CURVE('',#2495,(#2499,#2505),.PCURVE_S1.);
#2495 = LINE('',#2496,#2497);
#2496 = CARTESIAN_POINT('',(-87.49914301877,-60.,0.));
#2497 = VECTOR('',#2498,1.);
#2498 = DIRECTION('',(0.,-1.,0.));
#2499 = PCURVE('',#1120,#2500);
#2500 = DEFINITIONAL_REPRESENTATION('',(#2501),#2504);
#2501 = B_SPLINE_CURVE_WITH_KNOTS('',1,(#2502,#2503),.UNSPECIFIED.,.F.,
  .F.,(2,2),(-1.E+07,1.E+07),.PIECEWISE_BEZIER_KNOTS.);
#2502 = CARTESIAN_POINT('',(6.546480392297E-02,-1.E+07));
#2503 = CARTESIAN_POINT('',(6.546480392297E-02,1.E+07));
#2504 = ( GEOMETRIC_REPRESENTATION_CONTEXT(2) 
PARAMETRIC_REPRESENTATION_CONTEXT() REPRESENTATION_CONTEXT('2D SPACE',''
  ) );
#2505 = PCURVE('',#2506,#2511);
#2506 = PLANE('',#2507);
#2507 = AXIS2_PLACEMENT_3D('',#2508,#2509,#2510);
#2508 = CARTESIAN_POINT('',(-90.,-60.,0.));
#2509 = DIRECTION('',(0.,0.,1.));
#2510 = DIRECTION('',(1.,0.,-0.));
#2511 = DEFINITIONAL_REPRESENTATION('',(#2512),#2515);
#2512 = B_SPLINE_CURVE_WITH_KNOTS('',1,(#2513,#2514),.UNSPECIFIED.,.F.,
  .F.,(2,2),(-1.E+07,1.E+07),.PIECEWISE_BEZIER_KNOTS.);
#2513 = CARTESIAN_POINT('',(2.500856981227,1.E+07));
#2514 = CARTESIAN_POINT('',(2.500856981227,-1.E+07));
#2515 = ( GEOMETRIC_REPRESENTATION_CONTEXT(2) 
PARAMETRIC_REPRESENTATION_CONTEXT() REPRESENTATION_CONTEXT('2D SPACE',''
  ) );
#2516 = ORIENTED_EDGE('',*,*,#2517,.T.);
#2517 = EDGE_CURVE('',#2490,#1074,#2518,.T.);
#2518 = SURFACE_CURVE('',#2519,(#2523,#2530),.PCURVE_S1.);
#2519 = LINE('',#2520,#2521);
#2520 = CARTESIAN_POINT('',(-87.5029102738,57.003081611321,
    -0.143865665596));
#2521 = VECTOR('',#2522,1.);
#2522 = DIRECTION('',(2.616798426498E-02,-2.616798426498E-02,
    0.999315001988));
#2523 = PCURVE('',#1120,#2524);
#2524 = DEFINITIONAL_REPRESENTATION('',(#2525),#2529);
#2525 = LINE('',#2526,#2527);
#2526 = CARTESIAN_POINT('',(-7.845017774337E-02,-117.0030816113));
#2527 = VECTOR('',#2528,1.);
#2528 = DIRECTION('',(0.999657559667,2.616798426498E-02));
#2529 = ( GEOMETRIC_REPRESENTATION_CONTEXT(2) 
PARAMETRIC_REPRESENTATION_CONTEXT() REPRESENTATION_CONTEXT('2D SPACE',''
  ) );
#2530 = PCURVE('',#2531,#2536);
#2531 = CYLINDRICAL_SURFACE('',#2532,0.5);
#2532 = AXIS2_PLACEMENT_3D('',#2533,#2534,#2535);
#2533 = CARTESIAN_POINT('',(-87.00308161132,57.003081611321,
    -0.15695413975));
#2534 = DIRECTION('',(2.616798426498E-02,-2.616798426498E-02,
    0.999315001988));
#2535 = DIRECTION('',(-0.999657324976,0.,2.617694830787E-02));
#2536 = DEFINITIONAL_REPRESENTATION('',(#2537),#2541);
#2537 = LINE('',#2538,#2539);
#2538 = CARTESIAN_POINT('',(-0.,0.));
#2539 = VECTOR('',#2540,1.);
#2540 = DIRECTION('',(-0.,1.));
#2541 = ( GEOMETRIC_REPRESENTATION_CONTEXT(2) 
PARAMETRIC_REPRESENTATION_CONTEXT() REPRESENTATION_CONTEXT('2D SPACE',''
  ) );
#2542 = ORIENTED_EDGE('',*,*,#1106,.F.);
#2543 = ORIENTED_EDGE('',*,*,#2544,.F.);
#2544 = EDGE_CURVE('',#2492,#1044,#2545,.T.);
#2545 = SURFACE_CURVE('',#2546,(#2550,#2557),.PCURVE_S1.);
#2546 = LINE('',#2547,#2548);
#2547 = CARTESIAN_POINT('',(-87.5029102738,-57.00308161132,
    -0.143865665596));
#2548 = VECTOR('',#2549,1.);
#2549 = DIRECTION('',(2.616798426498E-02,2.616798426498E-02,
    0.999315001988));
#2550 = PCURVE('',#1120,#2551);
#2551 = DEFINITIONAL_REPRESENTATION('',(#2552),#2556);
#2552 = LINE('',#2553,#2554);
#2553 = CARTESIAN_POINT('',(-7.845017774337E-02,-2.996918388679));
#2554 = VECTOR('',#2555,1.);
#2555 = DIRECTION('',(0.999657559667,-2.616798426498E-02));
#2556 = ( GEOMETRIC_REPRESENTATION_CONTEXT(2) 
PARAMETRIC_REPRESENTATION_CONTEXT() REPRESENTATION_CONTEXT('2D SPACE',''
  ) );
#2557 = PCURVE('',#2474,#2558);
#2558 = DEFINITIONAL_REPRESENTATION('',(#2559),#2563);
#2559 = LINE('',#2560,#2561);
#2560 = CARTESIAN_POINT('',(0.,0.));
#2561 = VECTOR('',#2562,1.);
#2562 = DIRECTION('',(0.,1.));
#2563 = ( GEOMETRIC_REPRESENTATION_CONTEXT(2) 
PARAMETRIC_REPRESENTATION_CONTEXT() REPRESENTATION_CONTEXT('2D SPACE',''
  ) );
#2564 = ADVANCED_FACE('',(#2565),#1090,.F.);
#2565 = FACE_BOUND('',#2566,.T.);
#2566 = EDGE_LOOP('',(#2567,#2589,#2590));
#2567 = ORIENTED_EDGE('',*,*,#2568,.F.);
#2568 = EDGE_CURVE('',#1219,#1074,#2569,.T.);
#2569 = SURFACE_CURVE('',#2570,(#2575,#2582),.PCURVE_S1.);
#2570 = CIRCLE('',#2571,0.5);
#2571 = AXIS2_PLACEMENT_3D('',#2572,#2573,#2574);
#2572 = CARTESIAN_POINT('',(-86.03009252446,56.030092524467,37.));
#2573 = DIRECTION('',(2.616798426498E-02,-2.616798426498E-02,
    0.999315001988));
#2574 = DIRECTION('',(-0.999657559667,-6.849979714306E-04,
    2.615901715033E-02));
#2575 = PCURVE('',#1090,#2576);
#2576 = DEFINITIONAL_REPRESENTATION('',(#2577),#2581);
#2577 = LINE('',#2578,#2579);
#2578 = CARTESIAN_POINT('',(-0.,-6.28318530718));
#2579 = VECTOR('',#2580,1.);
#2580 = DIRECTION('',(-0.,1.));
#2581 = ( GEOMETRIC_REPRESENTATION_CONTEXT(2) 
PARAMETRIC_REPRESENTATION_CONTEXT() REPRESENTATION_CONTEXT('2D SPACE',''
  ) );
#2582 = PCURVE('',#2531,#2583);
#2583 = DEFINITIONAL_REPRESENTATION('',(#2584),#2588);
#2584 = LINE('',#2585,#2586);
#2585 = CARTESIAN_POINT('',(-6.282500074503,37.182424026276));
#2586 = VECTOR('',#2587,1.);
#2587 = DIRECTION('',(1.,-0.));
#2588 = ( GEOMETRIC_REPRESENTATION_CONTEXT(2) 
PARAMETRIC_REPRESENTATION_CONTEXT() REPRESENTATION_CONTEXT('2D SPACE',''
  ) );
#2589 = ORIENTED_EDGE('',*,*,#1218,.T.);
#2590 = ORIENTED_EDGE('',*,*,#1073,.F.);
#2591 = ADVANCED_FACE('',(#2592,#2665,#2771),#1203,.T.);
#2592 = FACE_BOUND('',#2593,.T.);
#2593 = EDGE_LOOP('',(#2594,#2617,#2638,#2639));
#2594 = ORIENTED_EDGE('',*,*,#2595,.F.);
#2595 = EDGE_CURVE('',#2596,#2598,#2600,.T.);
#2596 = VERTEX_POINT('',#2597);
#2597 = CARTESIAN_POINT('',(-86.9993143569,-57.49914301939,
    -2.378214372656E-08));
#2598 = VERTEX_POINT('',#2599);
#2599 = CARTESIAN_POINT('',(86.999314356285,-57.49914301877,
    2.775557561563E-17));
#2600 = SURFACE_CURVE('',#2601,(#2605,#2611),.PCURVE_S1.);
#2601 = LINE('',#2602,#2603);
#2602 = CARTESIAN_POINT('',(-90.,-57.49914301877,0.));
#2603 = VECTOR('',#2604,1.);
#2604 = DIRECTION('',(1.,-0.,0.));
#2605 = PCURVE('',#1203,#2606);
#2606 = DEFINITIONAL_REPRESENTATION('',(#2607),#2610);
#2607 = B_SPLINE_CURVE_WITH_KNOTS('',1,(#2608,#2609),.UNSPECIFIED.,.F.,
  .F.,(2,2),(-1.E+07,1.E+07),.PIECEWISE_BEZIER_KNOTS.);
#2608 = CARTESIAN_POINT('',(6.546480392297E-02,-1.E+07));
#2609 = CARTESIAN_POINT('',(6.546480392297E-02,1.E+07));
#2610 = ( GEOMETRIC_REPRESENTATION_CONTEXT(2) 
PARAMETRIC_REPRESENTATION_CONTEXT() REPRESENTATION_CONTEXT('2D SPACE',''
  ) );
#2611 = PCURVE('',#2506,#2612);
#2612 = DEFINITIONAL_REPRESENTATION('',(#2613),#2616);
#2613 = B_SPLINE_CURVE_WITH_KNOTS('',1,(#2614,#2615),.UNSPECIFIED.,.F.,
  .F.,(2,2),(-1.E+07,1.E+07),.PIECEWISE_BEZIER_KNOTS.);
#2614 = CARTESIAN_POINT('',(-1.E+07,2.500856981227));
#2615 = CARTESIAN_POINT('',(1.E+07,2.500856981227));
#2616 = ( GEOMETRIC_REPRESENTATION_CONTEXT(2) 
PARAMETRIC_REPRESENTATION_CONTEXT() REPRESENTATION_CONTEXT('2D SPACE',''
  ) );
#2617 = ORIENTED_EDGE('',*,*,#2618,.T.);
#2618 = EDGE_CURVE('',#2596,#1136,#2619,.T.);
#2619 = SURFACE_CURVE('',#2620,(#2624,#2631),.PCURVE_S1.);
#2620 = LINE('',#2621,#2622);
#2621 = CARTESIAN_POINT('',(-87.00308161132,-57.5029102738,
    -0.143865665596));
#2622 = VECTOR('',#2623,1.);
#2623 = DIRECTION('',(2.616798426498E-02,2.616798426498E-02,
    0.999315001988));
#2624 = PCURVE('',#1203,#2625);
#2625 = DEFINITIONAL_REPRESENTATION('',(#2626),#2630);
#2626 = LINE('',#2627,#2628);
#2627 = CARTESIAN_POINT('',(-7.845017774337E-02,2.996918388679));
#2628 = VECTOR('',#2629,1.);
#2629 = DIRECTION('',(0.999657559667,2.616798426498E-02));
#2630 = ( GEOMETRIC_REPRESENTATION_CONTEXT(2) 
PARAMETRIC_REPRESENTATION_CONTEXT() REPRESENTATION_CONTEXT('2D SPACE',''
  ) );
#2631 = PCURVE('',#2474,#2632);
#2632 = DEFINITIONAL_REPRESENTATION('',(#2633),#2637);
#2633 = LINE('',#2634,#2635);
#2634 = CARTESIAN_POINT('',(1.570111094119,0.));
#2635 = VECTOR('',#2636,1.);
#2636 = DIRECTION('',(0.,1.));
#2637 = ( GEOMETRIC_REPRESENTATION_CONTEXT(2) 
PARAMETRIC_REPRESENTATION_CONTEXT() REPRESENTATION_CONTEXT('2D SPACE',''
  ) );
#2638 = ORIENTED_EDGE('',*,*,#1189,.T.);
#2639 = ORIENTED_EDGE('',*,*,#2640,.F.);
#2640 = EDGE_CURVE('',#2598,#1161,#2641,.T.);
#2641 = SURFACE_CURVE('',#2642,(#2646,#2653),.PCURVE_S1.);
#2642 = LINE('',#2643,#2644);
#2643 = CARTESIAN_POINT('',(87.003081611321,-57.5029102738,
    -0.143865665596));
#2644 = VECTOR('',#2645,1.);
#2645 = DIRECTION('',(-2.616798426498E-02,2.616798426498E-02,
    0.999315001988));
#2646 = PCURVE('',#1203,#2647);
#2647 = DEFINITIONAL_REPRESENTATION('',(#2648),#2652);
#2648 = LINE('',#2649,#2650);
#2649 = CARTESIAN_POINT('',(-7.845017774337E-02,177.00308161132));
#2650 = VECTOR('',#2651,1.);
#2651 = DIRECTION('',(0.999657559667,-2.616798426498E-02));
#2652 = ( GEOMETRIC_REPRESENTATION_CONTEXT(2) 
PARAMETRIC_REPRESENTATION_CONTEXT() REPRESENTATION_CONTEXT('2D SPACE',''
  ) );
#2653 = PCURVE('',#2654,#2659);
#2654 = CYLINDRICAL_SURFACE('',#2655,0.5);
#2655 = AXIS2_PLACEMENT_3D('',#2656,#2657,#2658);
#2656 = CARTESIAN_POINT('',(87.003081611321,-57.00308161132,
    -0.15695413975));
#2657 = DIRECTION('',(-2.616798426498E-02,2.616798426498E-02,
    0.999315001988));
#2658 = DIRECTION('',(0.999657324976,0.,2.617694830787E-02));
#2659 = DEFINITIONAL_REPRESENTATION('',(#2660),#2664);
#2660 = LINE('',#2661,#2662);
#2661 = CARTESIAN_POINT('',(-1.570111094119,0.));
#2662 = VECTOR('',#2663,1.);
#2663 = DIRECTION('',(-0.,1.));
#2664 = ( GEOMETRIC_REPRESENTATION_CONTEXT(2) 
PARAMETRIC_REPRESENTATION_CONTEXT() REPRESENTATION_CONTEXT('2D SPACE',''
  ) );
#2665 = FACE_BOUND('',#2666,.T.);
#2666 = EDGE_LOOP('',(#2667,#2695,#2721,#2747));
#2667 = ORIENTED_EDGE('',*,*,#2668,.F.);
#2668 = EDGE_CURVE('',#2669,#2671,#2673,.T.);
#2669 = VERTEX_POINT('',#2670);
#2670 = CARTESIAN_POINT('',(-48.,-57.15872603837,13.));
#2671 = VERTEX_POINT('',#2672);
#2672 = CARTESIAN_POINT('',(-32.,-57.15872603837,13.));
#2673 = SURFACE_CURVE('',#2674,(#2678,#2684),.PCURVE_S1.);
#2674 = LINE('',#2675,#2676);
#2675 = CARTESIAN_POINT('',(-69.,-57.15872603837,13.));
#2676 = VECTOR('',#2677,1.);
#2677 = DIRECTION('',(1.,-0.,0.));
#2678 = PCURVE('',#1203,#2679);
#2679 = DEFINITIONAL_REPRESENTATION('',(#2680),#2683);
#2680 = B_SPLINE_CURVE_WITH_KNOTS('',1,(#2681,#2682),.UNSPECIFIED.,.F.,
  .F.,(2,2),(21.,37.),.PIECEWISE_BEZIER_KNOTS.);
#2681 = CARTESIAN_POINT('',(13.069921106304,42.));
#2682 = CARTESIAN_POINT('',(13.069921106304,58.));
#2683 = ( GEOMETRIC_REPRESENTATION_CONTEXT(2) 
PARAMETRIC_REPRESENTATION_CONTEXT() REPRESENTATION_CONTEXT('2D SPACE',''
  ) );
#2684 = PCURVE('',#2685,#2690);
#2685 = PLANE('',#2686);
#2686 = AXIS2_PLACEMENT_3D('',#2687,#2688,#2689);
#2687 = CARTESIAN_POINT('',(-48.,-65.,13.));
#2688 = DIRECTION('',(0.,0.,1.));
#2689 = DIRECTION('',(1.,0.,-0.));
#2690 = DEFINITIONAL_REPRESENTATION('',(#2691),#2694);
#2691 = B_SPLINE_CURVE_WITH_KNOTS('',1,(#2692,#2693),.UNSPECIFIED.,.F.,
  .F.,(2,2),(21.,37.),.PIECEWISE_BEZIER_KNOTS.);
#2692 = CARTESIAN_POINT('',(0.,7.841273961627));
#2693 = CARTESIAN_POINT('',(16.,7.841273961627));
#2694 = ( GEOMETRIC_REPRESENTATION_CONTEXT(2) 
PARAMETRIC_REPRESENTATION_CONTEXT() REPRESENTATION_CONTEXT('2D SPACE',''
  ) );
#2695 = ORIENTED_EDGE('',*,*,#2696,.T.);
#2696 = EDGE_CURVE('',#2669,#2697,#2699,.T.);
#2697 = VERTEX_POINT('',#2698);
#2698 = CARTESIAN_POINT('',(-48.,-57.28965564621,8.));
#2699 = SURFACE_CURVE('',#2700,(#2704,#2710),.PCURVE_S1.);
#2700 = LINE('',#2701,#2702);
#2701 = CARTESIAN_POINT('',(-48.,-57.39789785663,3.866396753436));
#2702 = VECTOR('',#2703,1.);
#2703 = DIRECTION('',(0.,-2.617694830787E-02,-0.999657324976));
#2704 = PCURVE('',#1203,#2705);
#2705 = DEFINITIONAL_REPRESENTATION('',(#2706),#2709);
#2706 = B_SPLINE_CURVE_WITH_KNOTS('',1,(#2707,#2708),.UNSPECIFIED.,.F.,
  .F.,(2,2),(-9.136734177172,-4.135020214717),.PIECEWISE_BEZIER_KNOTS.);
#2707 = CARTESIAN_POINT('',(13.069921106304,42.));
#2708 = CARTESIAN_POINT('',(8.06820714385,42.));
#2709 = ( GEOMETRIC_REPRESENTATION_CONTEXT(2) 
PARAMETRIC_REPRESENTATION_CONTEXT() REPRESENTATION_CONTEXT('2D SPACE',''
  ) );
#2710 = PCURVE('',#2711,#2716);
#2711 = PLANE('',#2712);
#2712 = AXIS2_PLACEMENT_3D('',#2713,#2714,#2715);
#2713 = CARTESIAN_POINT('',(-48.,-65.,8.));
#2714 = DIRECTION('',(1.,0.,-0.));
#2715 = DIRECTION('',(0.,0.,1.));
#2716 = DEFINITIONAL_REPRESENTATION('',(#2717),#2720);
#2717 = B_SPLINE_CURVE_WITH_KNOTS('',1,(#2718,#2719),.UNSPECIFIED.,.F.,
  .F.,(2,2),(-9.136734177172,-4.135020214717),.PIECEWISE_BEZIER_KNOTS.);
#2718 = CARTESIAN_POINT('',(5.,-7.841273961627));
#2719 = CARTESIAN_POINT('',(8.881784197001E-16,-7.710344353781));
#2720 = ( GEOMETRIC_REPRESENTATION_CONTEXT(2) 
PARAMETRIC_REPRESENTATION_CONTEXT() REPRESENTATION_CONTEXT('2D SPACE',''
  ) );
#2721 = ORIENTED_EDGE('',*,*,#2722,.T.);
#2722 = EDGE_CURVE('',#2697,#2723,#2725,.T.);
#2723 = VERTEX_POINT('',#2724);
#2724 = CARTESIAN_POINT('',(-32.,-57.28965564621,8.));
#2725 = SURFACE_CURVE('',#2726,(#2730,#2736),.PCURVE_S1.);
#2726 = LINE('',#2727,#2728);
#2727 = CARTESIAN_POINT('',(-69.,-57.28965564621,8.));
#2728 = VECTOR('',#2729,1.);
#2729 = DIRECTION('',(1.,-0.,0.));
#2730 = PCURVE('',#1203,#2731);
#2731 = DEFINITIONAL_REPRESENTATION('',(#2732),#2735);
#2732 = B_SPLINE_CURVE_WITH_KNOTS('',1,(#2733,#2734),.UNSPECIFIED.,.F.,
  .F.,(2,2),(21.,37.),.PIECEWISE_BEZIER_KNOTS.);
#2733 = CARTESIAN_POINT('',(8.06820714385,42.));
#2734 = CARTESIAN_POINT('',(8.06820714385,58.));
#2735 = ( GEOMETRIC_REPRESENTATION_CONTEXT(2) 
PARAMETRIC_REPRESENTATION_CONTEXT() REPRESENTATION_CONTEXT('2D SPACE',''
  ) );
#2736 = PCURVE('',#2737,#2742);
#2737 = PLANE('',#2738);
#2738 = AXIS2_PLACEMENT_3D('',#2739,#2740,#2741);
#2739 = CARTESIAN_POINT('',(-48.,-65.,8.));
#2740 = DIRECTION('',(0.,0.,1.));
#2741 = DIRECTION('',(1.,0.,-0.));
#2742 = DEFINITIONAL_REPRESENTATION('',(#2743),#2746);
#2743 = B_SPLINE_CURVE_WITH_KNOTS('',1,(#2744,#2745),.UNSPECIFIED.,.F.,
  .F.,(2,2),(21.,37.),.PIECEWISE_BEZIER_KNOTS.);
#2744 = CARTESIAN_POINT('',(0.,7.710344353781));
#2745 = CARTESIAN_POINT('',(16.,7.710344353781));
#2746 = ( GEOMETRIC_REPRESENTATION_CONTEXT(2) 
PARAMETRIC_REPRESENTATION_CONTEXT() REPRESENTATION_CONTEXT('2D SPACE',''
  ) );
#2747 = ORIENTED_EDGE('',*,*,#2748,.F.);
#2748 = EDGE_CURVE('',#2671,#2723,#2749,.T.);
#2749 = SURFACE_CURVE('',#2750,(#2754,#2760),.PCURVE_S1.);
#2750 = LINE('',#2751,#2752);
#2751 = CARTESIAN_POINT('',(-32.,-57.39789785663,3.866396753436));
#2752 = VECTOR('',#2753,1.);
#2753 = DIRECTION('',(0.,-2.617694830787E-02,-0.999657324976));
#2754 = PCURVE('',#1203,#2755);
#2755 = DEFINITIONAL_REPRESENTATION('',(#2756),#2759);
#2756 = B_SPLINE_CURVE_WITH_KNOTS('',1,(#2757,#2758),.UNSPECIFIED.,.F.,
  .F.,(2,2),(-9.136734177172,-4.135020214717),.PIECEWISE_BEZIER_KNOTS.);
#2757 = CARTESIAN_POINT('',(13.069921106304,58.));
#2758 = CARTESIAN_POINT('',(8.06820714385,58.));
#2759 = ( GEOMETRIC_REPRESENTATION_CONTEXT(2) 
PARAMETRIC_REPRESENTATION_CONTEXT() REPRESENTATION_CONTEXT('2D SPACE',''
  ) );
#2760 = PCURVE('',#2761,#2766);
#2761 = PLANE('',#2762);
#2762 = AXIS2_PLACEMENT_3D('',#2763,#2764,#2765);
#2763 = CARTESIAN_POINT('',(-32.,-65.,8.));
#2764 = DIRECTION('',(1.,0.,-0.));
#2765 = DIRECTION('',(0.,0.,1.));
#2766 = DEFINITIONAL_REPRESENTATION('',(#2767),#2770);
#2767 = B_SPLINE_CURVE_WITH_KNOTS('',1,(#2768,#2769),.UNSPECIFIED.,.F.,
  .F.,(2,2),(-9.136734177172,-4.135020214717),.PIECEWISE_BEZIER_KNOTS.);
#2768 = CARTESIAN_POINT('',(5.,-7.841273961627));
#2769 = CARTESIAN_POINT('',(8.881784197001E-16,-7.710344353781));
#2770 = ( GEOMETRIC_REPRESENTATION_CONTEXT(2) 
PARAMETRIC_REPRESENTATION_CONTEXT() REPRESENTATION_CONTEXT('2D SPACE',''
  ) );
#2771 = FACE_BOUND('',#2772,.T.);
#2772 = EDGE_LOOP('',(#2773,#2801,#2827,#2853));
#2773 = ORIENTED_EDGE('',*,*,#2774,.F.);
#2774 = EDGE_CURVE('',#2775,#2777,#2779,.T.);
#2775 = VERTEX_POINT('',#2776);
#2776 = CARTESIAN_POINT('',(32.,-57.15872603837,13.));
#2777 = VERTEX_POINT('',#2778);
#2778 = CARTESIAN_POINT('',(48.,-57.15872603837,13.));
#2779 = SURFACE_CURVE('',#2780,(#2784,#2790),.PCURVE_S1.);
#2780 = LINE('',#2781,#2782);
#2781 = CARTESIAN_POINT('',(-29.,-57.15872603837,13.));
#2782 = VECTOR('',#2783,1.);
#2783 = DIRECTION('',(1.,-0.,0.));
#2784 = PCURVE('',#1203,#2785);
#2785 = DEFINITIONAL_REPRESENTATION('',(#2786),#2789);
#2786 = B_SPLINE_CURVE_WITH_KNOTS('',1,(#2787,#2788),.UNSPECIFIED.,.F.,
  .F.,(2,2),(61.,77.),.PIECEWISE_BEZIER_KNOTS.);
#2787 = CARTESIAN_POINT('',(13.069921106304,122.));
#2788 = CARTESIAN_POINT('',(13.069921106304,138.));
#2789 = ( GEOMETRIC_REPRESENTATION_CONTEXT(2) 
PARAMETRIC_REPRESENTATION_CONTEXT() REPRESENTATION_CONTEXT('2D SPACE',''
  ) );
#2790 = PCURVE('',#2791,#2796);
#2791 = PLANE('',#2792);
#2792 = AXIS2_PLACEMENT_3D('',#2793,#2794,#2795);
#2793 = CARTESIAN_POINT('',(32.,-65.,13.));
#2794 = DIRECTION('',(0.,0.,1.));
#2795 = DIRECTION('',(1.,0.,-0.));
#2796 = DEFINITIONAL_REPRESENTATION('',(#2797),#2800);
#2797 = B_SPLINE_CURVE_WITH_KNOTS('',1,(#2798,#2799),.UNSPECIFIED.,.F.,
  .F.,(2,2),(61.,77.),.PIECEWISE_BEZIER_KNOTS.);
#2798 = CARTESIAN_POINT('',(0.,7.841273961627));
#2799 = CARTESIAN_POINT('',(16.,7.841273961627));
#2800 = ( GEOMETRIC_REPRESENTATION_CONTEXT(2) 
PARAMETRIC_REPRESENTATION_CONTEXT() REPRESENTATION_CONTEXT('2D SPACE',''
  ) );
#2801 = ORIENTED_EDGE('',*,*,#2802,.T.);
#2802 = EDGE_CURVE('',#2775,#2803,#2805,.T.);
#2803 = VERTEX_POINT('',#2804);
#2804 = CARTESIAN_POINT('',(32.,-57.28965564621,8.));
#2805 = SURFACE_CURVE('',#2806,(#2810,#2816),.PCURVE_S1.);
#2806 = LINE('',#2807,#2808);
#2807 = CARTESIAN_POINT('',(32.,-57.39789785663,3.866396753436));
#2808 = VECTOR('',#2809,1.);
#2809 = DIRECTION('',(0.,-2.617694830787E-02,-0.999657324976));
#2810 = PCURVE('',#1203,#2811);
#2811 = DEFINITIONAL_REPRESENTATION('',(#2812),#2815);
#2812 = B_SPLINE_CURVE_WITH_KNOTS('',1,(#2813,#2814),.UNSPECIFIED.,.F.,
  .F.,(2,2),(-9.136734177172,-4.135020214717),.PIECEWISE_BEZIER_KNOTS.);
#2813 = CARTESIAN_POINT('',(13.069921106304,122.));
#2814 = CARTESIAN_POINT('',(8.06820714385,122.));
#2815 = ( GEOMETRIC_REPRESENTATION_CONTEXT(2) 
PARAMETRIC_REPRESENTATION_CONTEXT() REPRESENTATION_CONTEXT('2D SPACE',''
  ) );
#2816 = PCURVE('',#2817,#2822);
#2817 = PLANE('',#2818);
#2818 = AXIS2_PLACEMENT_3D('',#2819,#2820,#2821);
#2819 = CARTESIAN_POINT('',(32.,-65.,8.));
#2820 = DIRECTION('',(1.,0.,-0.));
#2821 = DIRECTION('',(0.,0.,1.));
#2822 = DEFINITIONAL_REPRESENTATION('',(#2823),#2826);
#2823 = B_SPLINE_CURVE_WITH_KNOTS('',1,(#2824,#2825),.UNSPECIFIED.,.F.,
  .F.,(2,2),(-9.136734177172,-4.135020214717),.PIECEWISE_BEZIER_KNOTS.);
#2824 = CARTESIAN_POINT('',(5.,-7.841273961627));
#2825 = CARTESIAN_POINT('',(8.881784197001E-16,-7.710344353781));
#2826 = ( GEOMETRIC_REPRESENTATION_CONTEXT(2) 
PARAMETRIC_REPRESENTATION_CONTEXT() REPRESENTATION_CONTEXT('2D SPACE',''
  ) );
#2827 = ORIENTED_EDGE('',*,*,#2828,.T.);
#2828 = EDGE_CURVE('',#2803,#2829,#2831,.T.);
#2829 = VERTEX_POINT('',#2830);
#2830 = CARTESIAN_POINT('',(48.,-57.28965564621,8.));
#2831 = SURFACE_CURVE('',#2832,(#2836,#2842),.PCURVE_S1.);
#2832 = LINE('',#2833,#2834);
#2833 = CARTESIAN_POINT('',(-29.,-57.28965564621,8.));
#2834 = VECTOR('',#2835,1.);
#2835 = DIRECTION('',(1.,-0.,0.));
#2836 = PCURVE('',#1203,#2837);
#2837 = DEFINITIONAL_REPRESENTATION('',(#2838),#2841);
#2838 = B_SPLINE_CURVE_WITH_KNOTS('',1,(#2839,#2840),.UNSPECIFIED.,.F.,
  .F.,(2,2),(61.,77.),.PIECEWISE_BEZIER_KNOTS.);
#2839 = CARTESIAN_POINT('',(8.06820714385,122.));
#2840 = CARTESIAN_POINT('',(8.06820714385,138.));
#2841 = ( GEOMETRIC_REPRESENTATION_CONTEXT(2) 
PARAMETRIC_REPRESENTATION_CONTEXT() REPRESENTATION_CONTEXT('2D SPACE',''
  ) );
#2842 = PCURVE('',#2843,#2848);
#2843 = PLANE('',#2844);
#2844 = AXIS2_PLACEMENT_3D('',#2845,#2846,#2847);
#2845 = CARTESIAN_POINT('',(32.,-65.,8.));
#2846 = DIRECTION('',(0.,0.,1.));
#2847 = DIRECTION('',(1.,0.,-0.));
#2848 = DEFINITIONAL_REPRESENTATION('',(#2849),#2852);
#2849 = B_SPLINE_CURVE_WITH_KNOTS('',1,(#2850,#2851),.UNSPECIFIED.,.F.,
  .F.,(2,2),(61.,77.),.PIECEWISE_BEZIER_KNOTS.);
#2850 = CARTESIAN_POINT('',(0.,7.710344353781));
#2851 = CARTESIAN_POINT('',(16.,7.710344353781));
#2852 = ( GEOMETRIC_REPRESENTATION_CONTEXT(2) 
PARAMETRIC_REPRESENTATION_CONTEXT() REPRESENTATION_CONTEXT('2D SPACE',''
  ) );
#2853 = ORIENTED_EDGE('',*,*,#2854,.F.);
#2854 = EDGE_CURVE('',#2777,#2829,#2855,.T.);
#2855 = SURFACE_CURVE('',#2856,(#2860,#2866),.PCURVE_S1.);
#2856 = LINE('',#2857,#2858);
#2857 = CARTESIAN_POINT('',(48.,-57.39789785663,3.866396753436));
#2858 = VECTOR('',#2859,1.);
#2859 = DIRECTION('',(0.,-2.617694830787E-02,-0.999657324976));
#2860 = PCURVE('',#1203,#2861);
#2861 = DEFINITIONAL_REPRESENTATION('',(#2862),#2865);
#2862 = B_SPLINE_CURVE_WITH_KNOTS('',1,(#2863,#2864),.UNSPECIFIED.,.F.,
  .F.,(2,2),(-9.136734177172,-4.135020214717),.PIECEWISE_BEZIER_KNOTS.);
#2863 = CARTESIAN_POINT('',(13.069921106304,138.));
#2864 = CARTESIAN_POINT('',(8.06820714385,138.));
#2865 = ( GEOMETRIC_REPRESENTATION_CONTEXT(2) 
PARAMETRIC_REPRESENTATION_CONTEXT() REPRESENTATION_CONTEXT('2D SPACE',''
  ) );
#2866 = PCURVE('',#2867,#2872);
#2867 = PLANE('',#2868);
#2868 = AXIS2_PLACEMENT_3D('',#2869,#2870,#2871);
#2869 = CARTESIAN_POINT('',(48.,-65.,8.));
#2870 = DIRECTION('',(1.,0.,-0.));
#2871 = DIRECTION('',(0.,0.,1.));
#2872 = DEFINITIONAL_REPRESENTATION('',(#2873),#2876);
#2873 = B_SPLINE_CURVE_WITH_KNOTS('',1,(#2874,#2875),.UNSPECIFIED.,.F.,
  .F.,(2,2),(-9.136734177172,-4.135020214717),.PIECEWISE_BEZIER_KNOTS.);
#2874 = CARTESIAN_POINT('',(5.,-7.841273961627));
#2875 = CARTESIAN_POINT('',(8.881784197001E-16,-7.710344353781));
#2876 = ( GEOMETRIC_REPRESENTATION_CONTEXT(2) 
PARAMETRIC_REPRESENTATION_CONTEXT() REPRESENTATION_CONTEXT('2D SPACE',''
  ) );
#2877 = ADVANCED_FACE('',(#2878),#1177,.F.);
#2878 = FACE_BOUND('',#2879,.F.);
#2879 = EDGE_LOOP('',(#2880,#2881,#2882));
#2880 = ORIENTED_EDGE('',*,*,#1301,.F.);
#2881 = ORIENTED_EDGE('',*,*,#1160,.T.);
#2882 = ORIENTED_EDGE('',*,*,#2883,.F.);
#2883 = EDGE_CURVE('',#1302,#1161,#2884,.T.);
#2884 = SURFACE_CURVE('',#2885,(#2890,#2902),.PCURVE_S1.);
#2885 = CIRCLE('',#2886,0.5);
#2886 = AXIS2_PLACEMENT_3D('',#2887,#2888,#2889);
#2887 = CARTESIAN_POINT('',(86.030092524468,-56.03009252446,37.));
#2888 = DIRECTION('',(2.616798426498E-02,-2.616798426498E-02,
    -0.999315001988));
#2889 = DIRECTION('',(0.999657324976,0.,2.617694830787E-02));
#2890 = PCURVE('',#1177,#2891);
#2891 = DEFINITIONAL_REPRESENTATION('',(#2892),#2901);
#2892 = B_SPLINE_CURVE_WITH_KNOTS('',7,(#2893,#2894,#2895,#2896,#2897,
    #2898,#2899,#2900),.UNSPECIFIED.,.F.,.F.,(8,8),(0.,1.570111094119),
  .PIECEWISE_BEZIER_KNOTS.);
#2893 = CARTESIAN_POINT('',(0.,-2.617993877992E-02));
#2894 = CARTESIAN_POINT('',(0.224301637534,-3.204945912351E-02));
#2895 = CARTESIAN_POINT('',(0.448683730904,-3.638294630361E-02));
#2896 = CARTESIAN_POINT('',(0.673146157758,-3.869794847703E-02));
#2897 = CARTESIAN_POINT('',(0.897650169037,-3.869794847708E-02));
#2898 = CARTESIAN_POINT('',(1.122112595891,-3.63829463036E-02));
#2899 = CARTESIAN_POINT('',(1.346494689261,-3.204945912352E-02));
#2900 = CARTESIAN_POINT('',(1.570796326795,-2.617993877992E-02));
#2901 = ( GEOMETRIC_REPRESENTATION_CONTEXT(2) 
PARAMETRIC_REPRESENTATION_CONTEXT() REPRESENTATION_CONTEXT('2D SPACE',''
  ) );
#2902 = PCURVE('',#2654,#2903);
#2903 = DEFINITIONAL_REPRESENTATION('',(#2904),#2908);
#2904 = LINE('',#2905,#2906);
#2905 = CARTESIAN_POINT('',(-0.,37.182424026276));
#2906 = VECTOR('',#2907,1.);
#2907 = DIRECTION('',(-1.,0.));
#2908 = ( GEOMETRIC_REPRESENTATION_CONTEXT(2) 
PARAMETRIC_REPRESENTATION_CONTEXT() REPRESENTATION_CONTEXT('2D SPACE',''
  ) );
#2909 = ADVANCED_FACE('',(#2910,#2983,#3089),#1286,.F.);
#2910 = FACE_BOUND('',#2911,.F.);
#2911 = EDGE_LOOP('',(#2912,#2935,#2956,#2957));
#2912 = ORIENTED_EDGE('',*,*,#2913,.F.);
#2913 = EDGE_CURVE('',#2914,#2916,#2918,.T.);
#2914 = VERTEX_POINT('',#2915);
#2915 = CARTESIAN_POINT('',(-86.9993143569,57.499143019396,
    -2.378214458698E-08));
#2916 = VERTEX_POINT('',#2917);
#2917 = CARTESIAN_POINT('',(86.999314356285,57.499143018773,
    -1.665334536938E-16));
#2918 = SURFACE_CURVE('',#2919,(#2923,#2929),.PCURVE_S1.);
#2919 = LINE('',#2920,#2921);
#2920 = CARTESIAN_POINT('',(-90.,57.499143018773,0.));
#2921 = VECTOR('',#2922,1.);
#2922 = DIRECTION('',(1.,0.,0.));
#2923 = PCURVE('',#1286,#2924);
#2924 = DEFINITIONAL_REPRESENTATION('',(#2925),#2928);
#2925 = B_SPLINE_CURVE_WITH_KNOTS('',1,(#2926,#2927),.UNSPECIFIED.,.F.,
  .F.,(2,2),(-1.E+07,1.E+07),.PIECEWISE_BEZIER_KNOTS.);
#2926 = CARTESIAN_POINT('',(6.546480392297E-02,-1.E+07));
#2927 = CARTESIAN_POINT('',(6.546480392297E-02,1.E+07));
#2928 = ( GEOMETRIC_REPRESENTATION_CONTEXT(2) 
PARAMETRIC_REPRESENTATION_CONTEXT() REPRESENTATION_CONTEXT('2D SPACE',''
  ) );
#2929 = PCURVE('',#2506,#2930);
#2930 = DEFINITIONAL_REPRESENTATION('',(#2931),#2934);
#2931 = B_SPLINE_CURVE_WITH_KNOTS('',1,(#2932,#2933),.UNSPECIFIED.,.F.,
  .F.,(2,2),(-1.E+07,1.E+07),.PIECEWISE_BEZIER_KNOTS.);
#2932 = CARTESIAN_POINT('',(-1.E+07,117.49914301877));
#2933 = CARTESIAN_POINT('',(1.E+07,117.49914301877));
#2934 = ( GEOMETRIC_REPRESENTATION_CONTEXT(2) 
PARAMETRIC_REPRESENTATION_CONTEXT() REPRESENTATION_CONTEXT('2D SPACE',''
  ) );
#2935 = ORIENTED_EDGE('',*,*,#2936,.T.);
#2936 = EDGE_CURVE('',#2914,#1219,#2937,.T.);
#2937 = SURFACE_CURVE('',#2938,(#2942,#2949),.PCURVE_S1.);
#2938 = LINE('',#2939,#2940);
#2939 = CARTESIAN_POINT('',(-87.00308161132,57.502910273809,
    -0.143865665596));
#2940 = VECTOR('',#2941,1.);
#2941 = DIRECTION('',(2.616798426498E-02,-2.616798426498E-02,
    0.999315001988));
#2942 = PCURVE('',#1286,#2943);
#2943 = DEFINITIONAL_REPRESENTATION('',(#2944),#2948);
#2944 = LINE('',#2945,#2946);
#2945 = CARTESIAN_POINT('',(-7.845017774337E-02,2.996918388679));
#2946 = VECTOR('',#2947,1.);
#2947 = DIRECTION('',(0.999657559667,2.616798426498E-02));
#2948 = ( GEOMETRIC_REPRESENTATION_CONTEXT(2) 
PARAMETRIC_REPRESENTATION_CONTEXT() REPRESENTATION_CONTEXT('2D SPACE',''
  ) );
#2949 = PCURVE('',#2531,#2950);
#2950 = DEFINITIONAL_REPRESENTATION('',(#2951),#2955);
#2951 = LINE('',#2952,#2953);
#2952 = CARTESIAN_POINT('',(-1.570111094119,0.));
#2953 = VECTOR('',#2954,1.);
#2954 = DIRECTION('',(-0.,1.));
#2955 = ( GEOMETRIC_REPRESENTATION_CONTEXT(2) 
PARAMETRIC_REPRESENTATION_CONTEXT() REPRESENTATION_CONTEXT('2D SPACE',''
  ) );
#2956 = ORIENTED_EDGE('',*,*,#1272,.T.);
#2957 = ORIENTED_EDGE('',*,*,#2958,.F.);
#2958 = EDGE_CURVE('',#2916,#1244,#2959,.T.);
#2959 = SURFACE_CURVE('',#2960,(#2964,#2971),.PCURVE_S1.);
#2960 = LINE('',#2961,#2962);
#2961 = CARTESIAN_POINT('',(87.003081611321,57.502910273809,
    -0.143865665596));
#2962 = VECTOR('',#2963,1.);
#2963 = DIRECTION('',(-2.616798426498E-02,-2.616798426498E-02,
    0.999315001988));
#2964 = PCURVE('',#1286,#2965);
#2965 = DEFINITIONAL_REPRESENTATION('',(#2966),#2970);
#2966 = LINE('',#2967,#2968);
#2967 = CARTESIAN_POINT('',(-7.845017774337E-02,177.00308161132));
#2968 = VECTOR('',#2969,1.);
#2969 = DIRECTION('',(0.999657559667,-2.616798426498E-02));
#2970 = ( GEOMETRIC_REPRESENTATION_CONTEXT(2) 
PARAMETRIC_REPRESENTATION_CONTEXT() REPRESENTATION_CONTEXT('2D SPACE',''
  ) );
#2971 = PCURVE('',#2972,#2977);
#2972 = CYLINDRICAL_SURFACE('',#2973,0.5);
#2973 = AXIS2_PLACEMENT_3D('',#2974,#2975,#2976);
#2974 = CARTESIAN_POINT('',(87.003081611321,57.003081611321,
    -0.15695413975));
#2975 = DIRECTION('',(-2.616798426498E-02,-2.616798426498E-02,
    0.999315001988));
#2976 = DIRECTION('',(0.999657324976,0.,2.617694830787E-02));
#2977 = DEFINITIONAL_REPRESENTATION('',(#2978),#2982);
#2978 = LINE('',#2979,#2980);
#2979 = CARTESIAN_POINT('',(1.570111094119,0.));
#2980 = VECTOR('',#2981,1.);
#2981 = DIRECTION('',(0.,1.));
#2982 = ( GEOMETRIC_REPRESENTATION_CONTEXT(2) 
PARAMETRIC_REPRESENTATION_CONTEXT() REPRESENTATION_CONTEXT('2D SPACE',''
  ) );
#2983 = FACE_BOUND('',#2984,.F.);
#2984 = EDGE_LOOP('',(#2985,#3013,#3039,#3065));
#2985 = ORIENTED_EDGE('',*,*,#2986,.F.);
#2986 = EDGE_CURVE('',#2987,#2989,#2991,.T.);
#2987 = VERTEX_POINT('',#2988);
#2988 = CARTESIAN_POINT('',(-48.,57.158726038373,13.));
#2989 = VERTEX_POINT('',#2990);
#2990 = CARTESIAN_POINT('',(-32.,57.158726038373,13.));
#2991 = SURFACE_CURVE('',#2992,(#2996,#3002),.PCURVE_S1.);
#2992 = LINE('',#2993,#2994);
#2993 = CARTESIAN_POINT('',(-69.,57.158726038373,13.));
#2994 = VECTOR('',#2995,1.);
#2995 = DIRECTION('',(1.,0.,0.));
#2996 = PCURVE('',#1286,#2997);
#2997 = DEFINITIONAL_REPRESENTATION('',(#2998),#3001);
#2998 = B_SPLINE_CURVE_WITH_KNOTS('',1,(#2999,#3000),.UNSPECIFIED.,.F.,
  .F.,(2,2),(21.,37.),.PIECEWISE_BEZIER_KNOTS.);
#2999 = CARTESIAN_POINT('',(13.069921106304,42.));
#3000 = CARTESIAN_POINT('',(13.069921106304,58.));
#3001 = ( GEOMETRIC_REPRESENTATION_CONTEXT(2) 
PARAMETRIC_REPRESENTATION_CONTEXT() REPRESENTATION_CONTEXT('2D SPACE',''
  ) );
#3002 = PCURVE('',#3003,#3008);
#3003 = PLANE('',#3004);
#3004 = AXIS2_PLACEMENT_3D('',#3005,#3006,#3007);
#3005 = CARTESIAN_POINT('',(-48.,53.,13.));
#3006 = DIRECTION('',(0.,0.,1.));
#3007 = DIRECTION('',(1.,0.,-0.));
#3008 = DEFINITIONAL_REPRESENTATION('',(#3009),#3012);
#3009 = B_SPLINE_CURVE_WITH_KNOTS('',1,(#3010,#3011),.UNSPECIFIED.,.F.,
  .F.,(2,2),(21.,37.),.PIECEWISE_BEZIER_KNOTS.);
#3010 = CARTESIAN_POINT('',(0.,4.158726038373));
#3011 = CARTESIAN_POINT('',(16.,4.158726038373));
#3012 = ( GEOMETRIC_REPRESENTATION_CONTEXT(2) 
PARAMETRIC_REPRESENTATION_CONTEXT() REPRESENTATION_CONTEXT('2D SPACE',''
  ) );
#3013 = ORIENTED_EDGE('',*,*,#3014,.T.);
#3014 = EDGE_CURVE('',#2987,#3015,#3017,.T.);
#3015 = VERTEX_POINT('',#3016);
#3016 = CARTESIAN_POINT('',(-48.,57.289655646219,8.));
#3017 = SURFACE_CURVE('',#3018,(#3022,#3028),.PCURVE_S1.);
#3018 = LINE('',#3019,#3020);
#3019 = CARTESIAN_POINT('',(-48.,57.393786460896,4.023404622165));
#3020 = VECTOR('',#3021,1.);
#3021 = DIRECTION('',(-0.,2.617694830787E-02,-0.999657324976));
#3022 = PCURVE('',#1286,#3023);
#3023 = DEFINITIONAL_REPRESENTATION('',(#3024),#3027);
#3024 = B_SPLINE_CURVE_WITH_KNOTS('',1,(#3025,#3026),.UNSPECIFIED.,.F.,
  .F.,(2,2),(-8.979672487324,-3.97795852487),.PIECEWISE_BEZIER_KNOTS.);
#3025 = CARTESIAN_POINT('',(13.069921106304,42.));
#3026 = CARTESIAN_POINT('',(8.06820714385,42.));
#3027 = ( GEOMETRIC_REPRESENTATION_CONTEXT(2) 
PARAMETRIC_REPRESENTATION_CONTEXT() REPRESENTATION_CONTEXT('2D SPACE',''
  ) );
#3028 = PCURVE('',#3029,#3034);
#3029 = PLANE('',#3030);
#3030 = AXIS2_PLACEMENT_3D('',#3031,#3032,#3033);
#3031 = CARTESIAN_POINT('',(-48.,53.,8.));
#3032 = DIRECTION('',(1.,0.,-0.));
#3033 = DIRECTION('',(0.,0.,1.));
#3034 = DEFINITIONAL_REPRESENTATION('',(#3035),#3038);
#3035 = B_SPLINE_CURVE_WITH_KNOTS('',1,(#3036,#3037),.UNSPECIFIED.,.F.,
  .F.,(2,2),(-8.979672487324,-3.97795852487),.PIECEWISE_BEZIER_KNOTS.);
#3036 = CARTESIAN_POINT('',(5.,-4.158726038373));
#3037 = CARTESIAN_POINT('',(8.881784197001E-16,-4.289655646219));
#3038 = ( GEOMETRIC_REPRESENTATION_CONTEXT(2) 
PARAMETRIC_REPRESENTATION_CONTEXT() REPRESENTATION_CONTEXT('2D SPACE',''
  ) );
#3039 = ORIENTED_EDGE('',*,*,#3040,.T.);
#3040 = EDGE_CURVE('',#3015,#3041,#3043,.T.);
#3041 = VERTEX_POINT('',#3042);
#3042 = CARTESIAN_POINT('',(-32.,57.289655646219,8.));
#3043 = SURFACE_CURVE('',#3044,(#3048,#3054),.PCURVE_S1.);
#3044 = LINE('',#3045,#3046);
#3045 = CARTESIAN_POINT('',(-69.,57.289655646219,8.));
#3046 = VECTOR('',#3047,1.);
#3047 = DIRECTION('',(1.,0.,0.));
#3048 = PCURVE('',#1286,#3049);
#3049 = DEFINITIONAL_REPRESENTATION('',(#3050),#3053);
#3050 = B_SPLINE_CURVE_WITH_KNOTS('',1,(#3051,#3052),.UNSPECIFIED.,.F.,
  .F.,(2,2),(21.,37.),.PIECEWISE_BEZIER_KNOTS.);
#3051 = CARTESIAN_POINT('',(8.06820714385,42.));
#3052 = CARTESIAN_POINT('',(8.06820714385,58.));
#3053 = ( GEOMETRIC_REPRESENTATION_CONTEXT(2) 
PARAMETRIC_REPRESENTATION_CONTEXT() REPRESENTATION_CONTEXT('2D SPACE',''
  ) );
#3054 = PCURVE('',#3055,#3060);
#3055 = PLANE('',#3056);
#3056 = AXIS2_PLACEMENT_3D('',#3057,#3058,#3059);
#3057 = CARTESIAN_POINT('',(-48.,53.,8.));
#3058 = DIRECTION('',(0.,0.,1.));
#3059 = DIRECTION('',(1.,0.,-0.));
#3060 = DEFINITIONAL_REPRESENTATION('',(#3061),#3064);
#3061 = B_SPLINE_CURVE_WITH_KNOTS('',1,(#3062,#3063),.UNSPECIFIED.,.F.,
  .F.,(2,2),(21.,37.),.PIECEWISE_BEZIER_KNOTS.);
#3062 = CARTESIAN_POINT('',(0.,4.289655646219));
#3063 = CARTESIAN_POINT('',(16.,4.289655646219));
#3064 = ( GEOMETRIC_REPRESENTATION_CONTEXT(2) 
PARAMETRIC_REPRESENTATION_CONTEXT() REPRESENTATION_CONTEXT('2D SPACE',''
  ) );
#3065 = ORIENTED_EDGE('',*,*,#3066,.F.);
#3066 = EDGE_CURVE('',#2989,#3041,#3067,.T.);
#3067 = SURFACE_CURVE('',#3068,(#3072,#3078),.PCURVE_S1.);
#3068 = LINE('',#3069,#3070);
#3069 = CARTESIAN_POINT('',(-32.,57.393786460896,4.023404622165));
#3070 = VECTOR('',#3071,1.);
#3071 = DIRECTION('',(-0.,2.617694830787E-02,-0.999657324976));
#3072 = PCURVE('',#1286,#3073);
#3073 = DEFINITIONAL_REPRESENTATION('',(#3074),#3077);
#3074 = B_SPLINE_CURVE_WITH_KNOTS('',1,(#3075,#3076),.UNSPECIFIED.,.F.,
  .F.,(2,2),(-8.979672487324,-3.97795852487),.PIECEWISE_BEZIER_KNOTS.);
#3075 = CARTESIAN_POINT('',(13.069921106304,58.));
#3076 = CARTESIAN_POINT('',(8.06820714385,58.));
#3077 = ( GEOMETRIC_REPRESENTATION_CONTEXT(2) 
PARAMETRIC_REPRESENTATION_CONTEXT() REPRESENTATION_CONTEXT('2D SPACE',''
  ) );
#3078 = PCURVE('',#3079,#3084);
#3079 = PLANE('',#3080);
#3080 = AXIS2_PLACEMENT_3D('',#3081,#3082,#3083);
#3081 = CARTESIAN_POINT('',(-32.,53.,8.));
#3082 = DIRECTION('',(1.,0.,-0.));
#3083 = DIRECTION('',(0.,0.,1.));
#3084 = DEFINITIONAL_REPRESENTATION('',(#3085),#3088);
#3085 = B_SPLINE_CURVE_WITH_KNOTS('',1,(#3086,#3087),.UNSPECIFIED.,.F.,
  .F.,(2,2),(-8.979672487324,-3.97795852487),.PIECEWISE_BEZIER_KNOTS.);
#3086 = CARTESIAN_POINT('',(5.,-4.158726038373));
#3087 = CARTESIAN_POINT('',(8.881784197001E-16,-4.289655646219));
#3088 = ( GEOMETRIC_REPRESENTATION_CONTEXT(2) 
PARAMETRIC_REPRESENTATION_CONTEXT() REPRESENTATION_CONTEXT('2D SPACE',''
  ) );
#3089 = FACE_BOUND('',#3090,.F.);
#3090 = EDGE_LOOP('',(#3091,#3119,#3145,#3171));
#3091 = ORIENTED_EDGE('',*,*,#3092,.F.);
#3092 = EDGE_CURVE('',#3093,#3095,#3097,.T.);
#3093 = VERTEX_POINT('',#3094);
#3094 = CARTESIAN_POINT('',(32.,57.158726038373,13.));
#3095 = VERTEX_POINT('',#3096);
#3096 = CARTESIAN_POINT('',(48.,57.158726038373,13.));
#3097 = SURFACE_CURVE('',#3098,(#3102,#3108),.PCURVE_S1.);
#3098 = LINE('',#3099,#3100);
#3099 = CARTESIAN_POINT('',(-29.,57.158726038373,13.));
#3100 = VECTOR('',#3101,1.);
#3101 = DIRECTION('',(1.,0.,0.));
#3102 = PCURVE('',#1286,#3103);
#3103 = DEFINITIONAL_REPRESENTATION('',(#3104),#3107);
#3104 = B_SPLINE_CURVE_WITH_KNOTS('',1,(#3105,#3106),.UNSPECIFIED.,.F.,
  .F.,(2,2),(61.,77.),.PIECEWISE_BEZIER_KNOTS.);
#3105 = CARTESIAN_POINT('',(13.069921106304,122.));
#3106 = CARTESIAN_POINT('',(13.069921106304,138.));
#3107 = ( GEOMETRIC_REPRESENTATION_CONTEXT(2) 
PARAMETRIC_REPRESENTATION_CONTEXT() REPRESENTATION_CONTEXT('2D SPACE',''
  ) );
#3108 = PCURVE('',#3109,#3114);
#3109 = PLANE('',#3110);
#3110 = AXIS2_PLACEMENT_3D('',#3111,#3112,#3113);
#3111 = CARTESIAN_POINT('',(32.,53.,13.));
#3112 = DIRECTION('',(0.,0.,1.));
#3113 = DIRECTION('',(1.,0.,-0.));
#3114 = DEFINITIONAL_REPRESENTATION('',(#3115),#3118);
#3115 = B_SPLINE_CURVE_WITH_KNOTS('',1,(#3116,#3117),.UNSPECIFIED.,.F.,
  .F.,(2,2),(61.,77.),.PIECEWISE_BEZIER_KNOTS.);
#3116 = CARTESIAN_POINT('',(0.,4.158726038373));
#3117 = CARTESIAN_POINT('',(16.,4.158726038373));
#3118 = ( GEOMETRIC_REPRESENTATION_CONTEXT(2) 
PARAMETRIC_REPRESENTATION_CONTEXT() REPRESENTATION_CONTEXT('2D SPACE',''
  ) );
#3119 = ORIENTED_EDGE('',*,*,#3120,.T.);
#3120 = EDGE_CURVE('',#3093,#3121,#3123,.T.);
#3121 = VERTEX_POINT('',#3122);
#3122 = CARTESIAN_POINT('',(32.,57.289655646219,8.));
#3123 = SURFACE_CURVE('',#3124,(#3128,#3134),.PCURVE_S1.);
#3124 = LINE('',#3125,#3126);
#3125 = CARTESIAN_POINT('',(32.,57.393786460896,4.023404622165));
#3126 = VECTOR('',#3127,1.);
#3127 = DIRECTION('',(-0.,2.617694830787E-02,-0.999657324976));
#3128 = PCURVE('',#1286,#3129);
#3129 = DEFINITIONAL_REPRESENTATION('',(#3130),#3133);
#3130 = B_SPLINE_CURVE_WITH_KNOTS('',1,(#3131,#3132),.UNSPECIFIED.,.F.,
  .F.,(2,2),(-8.979672487324,-3.97795852487),.PIECEWISE_BEZIER_KNOTS.);
#3131 = CARTESIAN_POINT('',(13.069921106304,122.));
#3132 = CARTESIAN_POINT('',(8.06820714385,122.));
#3133 = ( GEOMETRIC_REPRESENTATION_CONTEXT(2) 
PARAMETRIC_REPRESENTATION_CONTEXT() REPRESENTATION_CONTEXT('2D SPACE',''
  ) );
#3134 = PCURVE('',#3135,#3140);
#3135 = PLANE('',#3136);
#3136 = AXIS2_PLACEMENT_3D('',#3137,#3138,#3139);
#3137 = CARTESIAN_POINT('',(32.,53.,8.));
#3138 = DIRECTION('',(1.,0.,-0.));
#3139 = DIRECTION('',(0.,0.,1.));
#3140 = DEFINITIONAL_REPRESENTATION('',(#3141),#3144);
#3141 = B_SPLINE_CURVE_WITH_KNOTS('',1,(#3142,#3143),.UNSPECIFIED.,.F.,
  .F.,(2,2),(-8.979672487324,-3.97795852487),.PIECEWISE_BEZIER_KNOTS.);
#3142 = CARTESIAN_POINT('',(5.,-4.158726038373));
#3143 = CARTESIAN_POINT('',(8.881784197001E-16,-4.289655646219));
#3144 = ( GEOMETRIC_REPRESENTATION_CONTEXT(2) 
PARAMETRIC_REPRESENTATION_CONTEXT() REPRESENTATION_CONTEXT('2D SPACE',''
  ) );
#3145 = ORIENTED_EDGE('',*,*,#3146,.T.);
#3146 = EDGE_CURVE('',#3121,#3147,#3149,.T.);
#3147 = VERTEX_POINT('',#3148);
#3148 = CARTESIAN_POINT('',(48.,57.289655646219,8.));
#3149 = SURFACE_CURVE('',#3150,(#3154,#3160),.PCURVE_S1.);
#3150 = LINE('',#3151,#3152);
#3151 = CARTESIAN_POINT('',(-29.,57.289655646219,8.));
#3152 = VECTOR('',#3153,1.);
#3153 = DIRECTION('',(1.,0.,0.));
#3154 = PCURVE('',#1286,#3155);
#3155 = DEFINITIONAL_REPRESENTATION('',(#3156),#3159);
#3156 = B_SPLINE_CURVE_WITH_KNOTS('',1,(#3157,#3158),.UNSPECIFIED.,.F.,
  .F.,(2,2),(61.,77.),.PIECEWISE_BEZIER_KNOTS.);
#3157 = CARTESIAN_POINT('',(8.06820714385,122.));
#3158 = CARTESIAN_POINT('',(8.06820714385,138.));
#3159 = ( GEOMETRIC_REPRESENTATION_CONTEXT(2) 
PARAMETRIC_REPRESENTATION_CONTEXT() REPRESENTATION_CONTEXT('2D SPACE',''
  ) );
#3160 = PCURVE('',#3161,#3166);
#3161 = PLANE('',#3162);
#3162 = AXIS2_PLACEMENT_3D('',#3163,#3164,#3165);
#3163 = CARTESIAN_POINT('',(32.,53.,8.));
#3164 = DIRECTION('',(0.,0.,1.));
#3165 = DIRECTION('',(1.,0.,-0.));
#3166 = DEFINITIONAL_REPRESENTATION('',(#3167),#3170);
#3167 = B_SPLINE_CURVE_WITH_KNOTS('',1,(#3168,#3169),.UNSPECIFIED.,.F.,
  .F.,(2,2),(61.,77.),.PIECEWISE_BEZIER_KNOTS.);
#3168 = CARTESIAN_POINT('',(0.,4.289655646219));
#3169 = CARTESIAN_POINT('',(16.,4.289655646219));
#3170 = ( GEOMETRIC_REPRESENTATION_CONTEXT(2) 
PARAMETRIC_REPRESENTATION_CONTEXT() REPRESENTATION_CONTEXT('2D SPACE',''
  ) );
#3171 = ORIENTED_EDGE('',*,*,#3172,.F.);
#3172 = EDGE_CURVE('',#3095,#3147,#3173,.T.);
#3173 = SURFACE_CURVE('',#3174,(#3178,#3184),.PCURVE_S1.);
#3174 = LINE('',#3175,#3176);
#3175 = CARTESIAN_POINT('',(48.,57.393786460896,4.023404622165));
#3176 = VECTOR('',#3177,1.);
#3177 = DIRECTION('',(-0.,2.617694830787E-02,-0.999657324976));
#3178 = PCURVE('',#1286,#3179);
#3179 = DEFINITIONAL_REPRESENTATION('',(#3180),#3183);
#3180 = B_SPLINE_CURVE_WITH_KNOTS('',1,(#3181,#3182),.UNSPECIFIED.,.F.,
  .F.,(2,2),(-8.979672487324,-3.97795852487),.PIECEWISE_BEZIER_KNOTS.);
#3181 = CARTESIAN_POINT('',(13.069921106304,138.));
#3182 = CARTESIAN_POINT('',(8.06820714385,138.));
#3183 = ( GEOMETRIC_REPRESENTATION_CONTEXT(2) 
PARAMETRIC_REPRESENTATION_CONTEXT() REPRESENTATION_CONTEXT('2D SPACE',''
  ) );
#3184 = PCURVE('',#3185,#3190);
#3185 = PLANE('',#3186);
#3186 = AXIS2_PLACEMENT_3D('',#3187,#3188,#3189);
#3187 = CARTESIAN_POINT('',(48.,53.,8.));
#3188 = DIRECTION('',(1.,0.,-0.));
#3189 = DIRECTION('',(0.,0.,1.));
#3190 = DEFINITIONAL_REPRESENTATION('',(#3191),#3194);
#3191 = B_SPLINE_CURVE_WITH_KNOTS('',1,(#3192,#3193),.UNSPECIFIED.,.F.,
  .F.,(2,2),(-8.979672487324,-3.97795852487),.PIECEWISE_BEZIER_KNOTS.);
#3192 = CARTESIAN_POINT('',(5.,-4.158726038373));
#3193 = CARTESIAN_POINT('',(8.881784197001E-16,-4.289655646219));
#3194 = ( GEOMETRIC_REPRESENTATION_CONTEXT(2) 
PARAMETRIC_REPRESENTATION_CONTEXT() REPRESENTATION_CONTEXT('2D SPACE',''
  ) );
#3195 = ADVANCED_FACE('',(#3196),#1260,.F.);
#3196 = FACE_BOUND('',#3197,.F.);
#3197 = EDGE_LOOP('',(#3198,#3220,#3221));
#3198 = ORIENTED_EDGE('',*,*,#3199,.F.);
#3199 = EDGE_CURVE('',#1244,#1327,#3200,.T.);
#3200 = SURFACE_CURVE('',#3201,(#3206,#3213),.PCURVE_S1.);
#3201 = CIRCLE('',#3202,0.5);
#3202 = AXIS2_PLACEMENT_3D('',#3203,#3204,#3205);
#3203 = CARTESIAN_POINT('',(86.030092524468,56.030092524467,37.));
#3204 = DIRECTION('',(2.616798426498E-02,2.616798426498E-02,
    -0.999315001988));
#3205 = DIRECTION('',(0.999657559667,-6.849979714259E-04,
    2.615901715033E-02));
#3206 = PCURVE('',#1260,#3207);
#3207 = DEFINITIONAL_REPRESENTATION('',(#3208),#3212);
#3208 = LINE('',#3209,#3210);
#3209 = CARTESIAN_POINT('',(0.,-6.28318530718));
#3210 = VECTOR('',#3211,1.);
#3211 = DIRECTION('',(0.,1.));
#3212 = ( GEOMETRIC_REPRESENTATION_CONTEXT(2) 
PARAMETRIC_REPRESENTATION_CONTEXT() REPRESENTATION_CONTEXT('2D SPACE',''
  ) );
#3213 = PCURVE('',#2972,#3214);
#3214 = DEFINITIONAL_REPRESENTATION('',(#3215),#3219);
#3215 = LINE('',#3216,#3217);
#3216 = CARTESIAN_POINT('',(6.282500074503,37.182424026276));
#3217 = VECTOR('',#3218,1.);
#3218 = DIRECTION('',(-1.,-0.));
#3219 = ( GEOMETRIC_REPRESENTATION_CONTEXT(2) 
PARAMETRIC_REPRESENTATION_CONTEXT() REPRESENTATION_CONTEXT('2D SPACE',''
  ) );
#3220 = ORIENTED_EDGE('',*,*,#1243,.T.);
#3221 = ORIENTED_EDGE('',*,*,#1326,.F.);
#3222 = ADVANCED_FACE('',(#3223),#1368,.F.);
#3223 = FACE_BOUND('',#3224,.F.);
#3224 = EDGE_LOOP('',(#3225,#3248,#3269,#3270));
#3225 = ORIENTED_EDGE('',*,*,#3226,.F.);
#3226 = EDGE_CURVE('',#3227,#3229,#3231,.T.);
#3227 = VERTEX_POINT('',#3228);
#3228 = CARTESIAN_POINT('',(87.499143019396,56.999314356908,
    -2.378214433718E-08));
#3229 = VERTEX_POINT('',#3230);
#3230 = CARTESIAN_POINT('',(87.499143019396,-56.9993143569,
    -2.37821449478E-08));
#3231 = SURFACE_CURVE('',#3232,(#3236,#3242),.PCURVE_S1.);
#3232 = LINE('',#3233,#3234);
#3233 = CARTESIAN_POINT('',(87.499143018773,-60.,0.));
#3234 = VECTOR('',#3235,1.);
#3235 = DIRECTION('',(0.,-1.,0.));
#3236 = PCURVE('',#1368,#3237);
#3237 = DEFINITIONAL_REPRESENTATION('',(#3238),#3241);
#3238 = B_SPLINE_CURVE_WITH_KNOTS('',1,(#3239,#3240),.UNSPECIFIED.,.F.,
  .F.,(2,2),(-1.E+07,1.E+07),.PIECEWISE_BEZIER_KNOTS.);
#3239 = CARTESIAN_POINT('',(6.546480392297E-02,-1.E+07));
#3240 = CARTESIAN_POINT('',(6.546480392297E-02,1.E+07));
#3241 = ( GEOMETRIC_REPRESENTATION_CONTEXT(2) 
PARAMETRIC_REPRESENTATION_CONTEXT() REPRESENTATION_CONTEXT('2D SPACE',''
  ) );
#3242 = PCURVE('',#2506,#3243);
#3243 = DEFINITIONAL_REPRESENTATION('',(#3244),#3247);
#3244 = B_SPLINE_CURVE_WITH_KNOTS('',1,(#3245,#3246),.UNSPECIFIED.,.F.,
  .F.,(2,2),(-1.E+07,1.E+07),.PIECEWISE_BEZIER_KNOTS.);
#3245 = CARTESIAN_POINT('',(177.49914301877,1.E+07));
#3246 = CARTESIAN_POINT('',(177.49914301877,-1.E+07));
#3247 = ( GEOMETRIC_REPRESENTATION_CONTEXT(2) 
PARAMETRIC_REPRESENTATION_CONTEXT() REPRESENTATION_CONTEXT('2D SPACE',''
  ) );
#3248 = ORIENTED_EDGE('',*,*,#3249,.T.);
#3249 = EDGE_CURVE('',#3227,#1327,#3250,.T.);
#3250 = SURFACE_CURVE('',#3251,(#3255,#3262),.PCURVE_S1.);
#3251 = LINE('',#3252,#3253);
#3252 = CARTESIAN_POINT('',(87.502910273809,57.003081611321,
    -0.143865665596));
#3253 = VECTOR('',#3254,1.);
#3254 = DIRECTION('',(-2.616798426498E-02,-2.616798426498E-02,
    0.999315001988));
#3255 = PCURVE('',#1368,#3256);
#3256 = DEFINITIONAL_REPRESENTATION('',(#3257),#3261);
#3257 = LINE('',#3258,#3259);
#3258 = CARTESIAN_POINT('',(-7.845017774337E-02,-117.0030816113));
#3259 = VECTOR('',#3260,1.);
#3260 = DIRECTION('',(0.999657559667,2.616798426498E-02));
#3261 = ( GEOMETRIC_REPRESENTATION_CONTEXT(2) 
PARAMETRIC_REPRESENTATION_CONTEXT() REPRESENTATION_CONTEXT('2D SPACE',''
  ) );
#3262 = PCURVE('',#2972,#3263);
#3263 = DEFINITIONAL_REPRESENTATION('',(#3264),#3268);
#3264 = LINE('',#3265,#3266);
#3265 = CARTESIAN_POINT('',(0.,0.));
#3266 = VECTOR('',#3267,1.);
#3267 = DIRECTION('',(0.,1.));
#3268 = ( GEOMETRIC_REPRESENTATION_CONTEXT(2) 
PARAMETRIC_REPRESENTATION_CONTEXT() REPRESENTATION_CONTEXT('2D SPACE',''
  ) );
#3269 = ORIENTED_EDGE('',*,*,#1354,.F.);
#3270 = ORIENTED_EDGE('',*,*,#3271,.F.);
#3271 = EDGE_CURVE('',#3229,#1302,#3272,.T.);
#3272 = SURFACE_CURVE('',#3273,(#3277,#3284),.PCURVE_S1.);
#3273 = LINE('',#3274,#3275);
#3274 = CARTESIAN_POINT('',(87.502910273809,-57.00308161132,
    -0.143865665596));
#3275 = VECTOR('',#3276,1.);
#3276 = DIRECTION('',(-2.616798426498E-02,2.616798426498E-02,
    0.999315001988));
#3277 = PCURVE('',#1368,#3278);
#3278 = DEFINITIONAL_REPRESENTATION('',(#3279),#3283);
#3279 = LINE('',#3280,#3281);
#3280 = CARTESIAN_POINT('',(-7.845017774337E-02,-2.996918388679));
#3281 = VECTOR('',#3282,1.);
#3282 = DIRECTION('',(0.999657559667,-2.616798426498E-02));
#3283 = ( GEOMETRIC_REPRESENTATION_CONTEXT(2) 
PARAMETRIC_REPRESENTATION_CONTEXT() REPRESENTATION_CONTEXT('2D SPACE',''
  ) );
#3284 = PCURVE('',#2654,#3285);
#3285 = DEFINITIONAL_REPRESENTATION('',(#3286),#3290);
#3286 = LINE('',#3287,#3288);
#3287 = CARTESIAN_POINT('',(-0.,0.));
#3288 = VECTOR('',#3289,1.);
#3289 = DIRECTION('',(-0.,1.));
#3290 = ( GEOMETRIC_REPRESENTATION_CONTEXT(2) 
PARAMETRIC_REPRESENTATION_CONTEXT() REPRESENTATION_CONTEXT('2D SPACE',''
  ) );
#3291 = ADVANCED_FACE('',(#3292,#3295),#1422,.F.);
#3292 = FACE_BOUND('',#3293,.F.);
#3293 = EDGE_LOOP('',(#3294));
#3294 = ORIENTED_EDGE('',*,*,#1407,.T.);
#3295 = FACE_BOUND('',#3296,.F.);
#3296 = EDGE_LOOP('',(#3297));
#3297 = ORIENTED_EDGE('',*,*,#3298,.F.);
#3298 = EDGE_CURVE('',#3299,#3299,#3301,.T.);
#3299 = VERTEX_POINT('',#3300);
#3300 = CARTESIAN_POINT('',(-78.4,-50.,6.));
#3301 = SURFACE_CURVE('',#3302,(#3307,#3314),.PCURVE_S1.);
#3302 = CIRCLE('',#3303,1.6);
#3303 = AXIS2_PLACEMENT_3D('',#3304,#3305,#3306);
#3304 = CARTESIAN_POINT('',(-80.,-50.,6.));
#3305 = DIRECTION('',(0.,0.,1.));
#3306 = DIRECTION('',(1.,0.,-0.));
#3307 = PCURVE('',#1422,#3308);
#3308 = DEFINITIONAL_REPRESENTATION('',(#3309),#3313);
#3309 = CIRCLE('',#3310,1.6);
#3310 = AXIS2_PLACEMENT_2D('',#3311,#3312);
#3311 = CARTESIAN_POINT('',(0.,0.));
#3312 = DIRECTION('',(1.,0.));
#3313 = ( GEOMETRIC_REPRESENTATION_CONTEXT(2) 
PARAMETRIC_REPRESENTATION_CONTEXT() REPRESENTATION_CONTEXT('2D SPACE',''
  ) );
#3314 = PCURVE('',#3315,#3320);
#3315 = CYLINDRICAL_SURFACE('',#3316,1.6);
#3316 = AXIS2_PLACEMENT_3D('',#3317,#3318,#3319);
#3317 = CARTESIAN_POINT('',(-80.,-50.,0.));
#3318 = DIRECTION('',(0.,0.,1.));
#3319 = DIRECTION('',(1.,0.,-0.));
#3320 = DEFINITIONAL_REPRESENTATION('',(#3321),#3325);
#3321 = LINE('',#3322,#3323);
#3322 = CARTESIAN_POINT('',(0.,6.));
#3323 = VECTOR('',#3324,1.);
#3324 = DIRECTION('',(1.,0.));
#3325 = ( GEOMETRIC_REPRESENTATION_CONTEXT(2) 
PARAMETRIC_REPRESENTATION_CONTEXT() REPRESENTATION_CONTEXT('2D SPACE',''
  ) );
#3326 = ADVANCED_FACE('',(#3327,#3330),#1477,.F.);
#3327 = FACE_BOUND('',#3328,.F.);
#3328 = EDGE_LOOP('',(#3329));
#3329 = ORIENTED_EDGE('',*,*,#1462,.T.);
#3330 = FACE_BOUND('',#3331,.F.);
#3331 = EDGE_LOOP('',(#3332));
#3332 = ORIENTED_EDGE('',*,*,#3333,.F.);
#3333 = EDGE_CURVE('',#3334,#3334,#3336,.T.);
#3334 = VERTEX_POINT('',#3335);
#3335 = CARTESIAN_POINT('',(81.6,-50.,6.));
#3336 = SURFACE_CURVE('',#3337,(#3342,#3349),.PCURVE_S1.);
#3337 = CIRCLE('',#3338,1.6);
#3338 = AXIS2_PLACEMENT_3D('',#3339,#3340,#3341);
#3339 = CARTESIAN_POINT('',(80.,-50.,6.));
#3340 = DIRECTION('',(0.,0.,1.));
#3341 = DIRECTION('',(1.,0.,-0.));
#3342 = PCURVE('',#1477,#3343);
#3343 = DEFINITIONAL_REPRESENTATION('',(#3344),#3348);
#3344 = CIRCLE('',#3345,1.6);
#3345 = AXIS2_PLACEMENT_2D('',#3346,#3347);
#3346 = CARTESIAN_POINT('',(0.,0.));
#3347 = DIRECTION('',(1.,0.));
#3348 = ( GEOMETRIC_REPRESENTATION_CONTEXT(2) 
PARAMETRIC_REPRESENTATION_CONTEXT() REPRESENTATION_CONTEXT('2D SPACE',''
  ) );
#3349 = PCURVE('',#3350,#3355);
#3350 = CYLINDRICAL_SURFACE('',#3351,1.6);
#3351 = AXIS2_PLACEMENT_3D('',#3352,#3353,#3354);
#3352 = CARTESIAN_POINT('',(80.,-50.,0.));
#3353 = DIRECTION('',(0.,0.,1.));
#3354 = DIRECTION('',(1.,0.,-0.));
#3355 = DEFINITIONAL_REPRESENTATION('',(#3356),#3360);
#3356 = LINE('',#3357,#3358);
#3357 = CARTESIAN_POINT('',(0.,6.));
#3358 = VECTOR('',#3359,1.);
#3359 = DIRECTION('',(1.,0.));
#3360 = ( GEOMETRIC_REPRESENTATION_CONTEXT(2) 
PARAMETRIC_REPRESENTATION_CONTEXT() REPRESENTATION_CONTEXT('2D SPACE',''
  ) );
#3361 = ADVANCED_FACE('',(#3362,#3365),#1532,.F.);
#3362 = FACE_BOUND('',#3363,.F.);
#3363 = EDGE_LOOP('',(#3364));
#3364 = ORIENTED_EDGE('',*,*,#1517,.T.);
#3365 = FACE_BOUND('',#3366,.F.);
#3366 = EDGE_LOOP('',(#3367));
#3367 = ORIENTED_EDGE('',*,*,#3368,.F.);
#3368 = EDGE_CURVE('',#3369,#3369,#3371,.T.);
#3369 = VERTEX_POINT('',#3370);
#3370 = CARTESIAN_POINT('',(-78.4,50.,6.));
#3371 = SURFACE_CURVE('',#3372,(#3377,#3384),.PCURVE_S1.);
#3372 = CIRCLE('',#3373,1.6);
#3373 = AXIS2_PLACEMENT_3D('',#3374,#3375,#3376);
#3374 = CARTESIAN_POINT('',(-80.,50.,6.));
#3375 = DIRECTION('',(0.,0.,1.));
#3376 = DIRECTION('',(1.,0.,-0.));
#3377 = PCURVE('',#1532,#3378);
#3378 = DEFINITIONAL_REPRESENTATION('',(#3379),#3383);
#3379 = CIRCLE('',#3380,1.6);
#3380 = AXIS2_PLACEMENT_2D('',#3381,#3382);
#3381 = CARTESIAN_POINT('',(0.,0.));
#3382 = DIRECTION('',(1.,0.));
#3383 = ( GEOMETRIC_REPRESENTATION_CONTEXT(2) 
PARAMETRIC_REPRESENTATION_CONTEXT() REPRESENTATION_CONTEXT('2D SPACE',''
  ) );
#3384 = PCURVE('',#3385,#3390);
#3385 = CYLINDRICAL_SURFACE('',#3386,1.6);
#3386 = AXIS2_PLACEMENT_3D('',#3387,#3388,#3389);
#3387 = CARTESIAN_POINT('',(-80.,50.,0.));
#3388 = DIRECTION('',(0.,0.,1.));
#3389 = DIRECTION('',(1.,0.,-0.));
#3390 = DEFINITIONAL_REPRESENTATION('',(#3391),#3395);
#3391 = LINE('',#3392,#3393);
#3392 = CARTESIAN_POINT('',(0.,6.));
#3393 = VECTOR('',#3394,1.);
#3394 = DIRECTION('',(1.,0.));
#3395 = ( GEOMETRIC_REPRESENTATION_CONTEXT(2) 
PARAMETRIC_REPRESENTATION_CONTEXT() REPRESENTATION_CONTEXT('2D SPACE',''
  ) );
#3396 = ADVANCED_FACE('',(#3397),#1633,.F.);
#3397 = FACE_BOUND('',#3398,.F.);
#3398 = EDGE_LOOP('',(#3399,#3400,#3401,#3402));
#3399 = ORIENTED_EDGE('',*,*,#2119,.F.);
#3400 = ORIENTED_EDGE('',*,*,#2400,.F.);
#3401 = ORIENTED_EDGE('',*,*,#1617,.T.);
#3402 = ORIENTED_EDGE('',*,*,#3403,.T.);
#3403 = EDGE_CURVE('',#1618,#2073,#3404,.T.);
#3404 = SURFACE_CURVE('',#3405,(#3409,#3416),.PCURVE_S1.);
#3405 = LINE('',#3406,#3407);
#3406 = CARTESIAN_POINT('',(29.25,-56.,15.));
#3407 = VECTOR('',#3408,1.);
#3408 = DIRECTION('',(-0.,1.,0.));
#3409 = PCURVE('',#1633,#3410);
#3410 = DEFINITIONAL_REPRESENTATION('',(#3411),#3415);
#3411 = LINE('',#3412,#3413);
#3412 = CARTESIAN_POINT('',(113.25,-55.25));
#3413 = VECTOR('',#3414,1.);
#3414 = DIRECTION('',(0.,1.));
#3415 = ( GEOMETRIC_REPRESENTATION_CONTEXT(2) 
PARAMETRIC_REPRESENTATION_CONTEXT() REPRESENTATION_CONTEXT('2D SPACE',''
  ) );
#3416 = PCURVE('',#3417,#3422);
#3417 = PLANE('',#3418);
#3418 = AXIS2_PLACEMENT_3D('',#3419,#3420,#3421);
#3419 = CARTESIAN_POINT('',(29.25,-56.,15.));
#3420 = DIRECTION('',(0.,0.,1.));
#3421 = DIRECTION('',(1.,0.,-0.));
#3422 = DEFINITIONAL_REPRESENTATION('',(#3423),#3427);
#3423 = LINE('',#3424,#3425);
#3424 = CARTESIAN_POINT('',(0.,0.));
#3425 = VECTOR('',#3426,1.);
#3426 = DIRECTION('',(0.,1.));
#3427 = ( GEOMETRIC_REPRESENTATION_CONTEXT(2) 
PARAMETRIC_REPRESENTATION_CONTEXT() REPRESENTATION_CONTEXT('2D SPACE',''
  ) );
#3428 = ADVANCED_FACE('',(#3429),#1706,.F.);
#3429 = FACE_BOUND('',#3430,.F.);
#3430 = EDGE_LOOP('',(#3431,#3432,#3433,#3434));
#3431 = ORIENTED_EDGE('',*,*,#1692,.F.);
#3432 = ORIENTED_EDGE('',*,*,#1746,.T.);
#3433 = ORIENTED_EDGE('',*,*,#1773,.T.);
#3434 = ORIENTED_EDGE('',*,*,#3435,.F.);
#3435 = EDGE_CURVE('',#1618,#1774,#3436,.T.);
#3436 = SURFACE_CURVE('',#3437,(#3441,#3448),.PCURVE_S1.);
#3437 = LINE('',#3438,#3439);
#3438 = CARTESIAN_POINT('',(-84.,-0.75,15.));
#3439 = VECTOR('',#3440,1.);
#3440 = DIRECTION('',(1.,0.,-0.));
#3441 = PCURVE('',#1706,#3442);
#3442 = DEFINITIONAL_REPRESENTATION('',(#3443),#3447);
#3443 = LINE('',#3444,#3445);
#3444 = CARTESIAN_POINT('',(-113.25,55.25));
#3445 = VECTOR('',#3446,1.);
#3446 = DIRECTION('',(1.,0.));
#3447 = ( GEOMETRIC_REPRESENTATION_CONTEXT(2) 
PARAMETRIC_REPRESENTATION_CONTEXT() REPRESENTATION_CONTEXT('2D SPACE',''
  ) );
#3448 = PCURVE('',#3417,#3449);
#3449 = DEFINITIONAL_REPRESENTATION('',(#3450),#3454);
#3450 = LINE('',#3451,#3452);
#3451 = CARTESIAN_POINT('',(-113.25,55.25));
#3452 = VECTOR('',#3453,1.);
#3453 = DIRECTION('',(1.,0.));
#3454 = ( GEOMETRIC_REPRESENTATION_CONTEXT(2) 
PARAMETRIC_REPRESENTATION_CONTEXT() REPRESENTATION_CONTEXT('2D SPACE',''
  ) );
#3455 = ADVANCED_FACE('',(#3456),#1835,.F.);
#3456 = FACE_BOUND('',#3457,.F.);
#3457 = EDGE_LOOP('',(#3458,#3459,#3480,#3481));
#3458 = ORIENTED_EDGE('',*,*,#1922,.F.);
#3459 = ORIENTED_EDGE('',*,*,#3460,.F.);
#3460 = EDGE_CURVE('',#1774,#1923,#3461,.T.);
#3461 = SURFACE_CURVE('',#3462,(#3466,#3473),.PCURVE_S1.);
#3462 = LINE('',#3463,#3464);
#3463 = CARTESIAN_POINT('',(30.75,-56.,15.));
#3464 = VECTOR('',#3465,1.);
#3465 = DIRECTION('',(-0.,1.,0.));
#3466 = PCURVE('',#1835,#3467);
#3467 = DEFINITIONAL_REPRESENTATION('',(#3468),#3472);
#3468 = LINE('',#3469,#3470);
#3469 = CARTESIAN_POINT('',(114.75,-55.25));
#3470 = VECTOR('',#3471,1.);
#3471 = DIRECTION('',(0.,1.));
#3472 = ( GEOMETRIC_REPRESENTATION_CONTEXT(2) 
PARAMETRIC_REPRESENTATION_CONTEXT() REPRESENTATION_CONTEXT('2D SPACE',''
  ) );
#3473 = PCURVE('',#3417,#3474);
#3474 = DEFINITIONAL_REPRESENTATION('',(#3475),#3479);
#3475 = LINE('',#3476,#3477);
#3476 = CARTESIAN_POINT('',(1.5,0.));
#3477 = VECTOR('',#3478,1.);
#3478 = DIRECTION('',(0.,1.));
#3479 = ( GEOMETRIC_REPRESENTATION_CONTEXT(2) 
PARAMETRIC_REPRESENTATION_CONTEXT() REPRESENTATION_CONTEXT('2D SPACE',''
  ) );
#3480 = ORIENTED_EDGE('',*,*,#1819,.T.);
#3481 = ORIENTED_EDGE('',*,*,#1874,.T.);
#3482 = ADVANCED_FACE('',(#3483),#1986,.F.);
#3483 = FACE_BOUND('',#3484,.F.);
#3484 = EDGE_LOOP('',(#3485,#3486,#3507,#3508));
#3485 = ORIENTED_EDGE('',*,*,#2093,.F.);
#3486 = ORIENTED_EDGE('',*,*,#3487,.T.);
#3487 = EDGE_CURVE('',#2073,#1923,#3488,.T.);
#3488 = SURFACE_CURVE('',#3489,(#3493,#3500),.PCURVE_S1.);
#3489 = LINE('',#3490,#3491);
#3490 = CARTESIAN_POINT('',(-84.,0.75,15.));
#3491 = VECTOR('',#3492,1.);
#3492 = DIRECTION('',(1.,0.,-0.));
#3493 = PCURVE('',#1986,#3494);
#3494 = DEFINITIONAL_REPRESENTATION('',(#3495),#3499);
#3495 = LINE('',#3496,#3497);
#3496 = CARTESIAN_POINT('',(-113.25,56.75));
#3497 = VECTOR('',#3498,1.);
#3498 = DIRECTION('',(1.,0.));
#3499 = ( GEOMETRIC_REPRESENTATION_CONTEXT(2) 
PARAMETRIC_REPRESENTATION_CONTEXT() REPRESENTATION_CONTEXT('2D SPACE',''
  ) );
#3500 = PCURVE('',#3417,#3501);
#3501 = DEFINITIONAL_REPRESENTATION('',(#3502),#3506);
#3502 = LINE('',#3503,#3504);
#3503 = CARTESIAN_POINT('',(-113.25,56.75));
#3504 = VECTOR('',#3505,1.);
#3505 = DIRECTION('',(1.,0.));
#3506 = ( GEOMETRIC_REPRESENTATION_CONTEXT(2) 
PARAMETRIC_REPRESENTATION_CONTEXT() REPRESENTATION_CONTEXT('2D SPACE',''
  ) );
#3507 = ORIENTED_EDGE('',*,*,#1970,.T.);
#3508 = ORIENTED_EDGE('',*,*,#2024,.F.);
#3509 = ADVANCED_FACE('',(#3510),#2183,.F.);
#3510 = FACE_BOUND('',#3511,.F.);
#3511 = EDGE_LOOP('',(#3512,#3513,#3514,#3515));
#3512 = ORIENTED_EDGE('',*,*,#2270,.F.);
#3513 = ORIENTED_EDGE('',*,*,#2421,.T.);
#3514 = ORIENTED_EDGE('',*,*,#2167,.T.);
#3515 = ORIENTED_EDGE('',*,*,#2221,.F.);
#3516 = ADVANCED_FACE('',(#3517,#3520),#2362,.F.);
#3517 = FACE_BOUND('',#3518,.F.);
#3518 = EDGE_LOOP('',(#3519));
#3519 = ORIENTED_EDGE('',*,*,#2347,.T.);
#3520 = FACE_BOUND('',#3521,.F.);
#3521 = EDGE_LOOP('',(#3522));
#3522 = ORIENTED_EDGE('',*,*,#3523,.F.);
#3523 = EDGE_CURVE('',#3524,#3524,#3526,.T.);
#3524 = VERTEX_POINT('',#3525);
#3525 = CARTESIAN_POINT('',(81.6,50.,6.));
#3526 = SURFACE_CURVE('',#3527,(#3532,#3539),.PCURVE_S1.);
#3527 = CIRCLE('',#3528,1.6);
#3528 = AXIS2_PLACEMENT_3D('',#3529,#3530,#3531);
#3529 = CARTESIAN_POINT('',(80.,50.,6.));
#3530 = DIRECTION('',(0.,0.,1.));
#3531 = DIRECTION('',(1.,0.,-0.));
#3532 = PCURVE('',#2362,#3533);
#3533 = DEFINITIONAL_REPRESENTATION('',(#3534),#3538);
#3534 = CIRCLE('',#3535,1.6);
#3535 = AXIS2_PLACEMENT_2D('',#3536,#3537);
#3536 = CARTESIAN_POINT('',(0.,0.));
#3537 = DIRECTION('',(1.,0.));
#3538 = ( GEOMETRIC_REPRESENTATION_CONTEXT(2) 
PARAMETRIC_REPRESENTATION_CONTEXT() REPRESENTATION_CONTEXT('2D SPACE',''
  ) );
#3539 = PCURVE('',#3540,#3545);
#3540 = CYLINDRICAL_SURFACE('',#3541,1.6);
#3541 = AXIS2_PLACEMENT_3D('',#3542,#3543,#3544);
#3542 = CARTESIAN_POINT('',(80.,50.,0.));
#3543 = DIRECTION('',(0.,0.,1.));
#3544 = DIRECTION('',(1.,0.,-0.));
#3545 = DEFINITIONAL_REPRESENTATION('',(#3546),#3550);
#3546 = LINE('',#3547,#3548);
#3547 = CARTESIAN_POINT('',(0.,6.));
#3548 = VECTOR('',#3549,1.);
#3549 = DIRECTION('',(1.,0.));
#3550 = ( GEOMETRIC_REPRESENTATION_CONTEXT(2) 
PARAMETRIC_REPRESENTATION_CONTEXT() REPRESENTATION_CONTEXT('2D SPACE',''
  ) );
#3551 = ADVANCED_FACE('',(#3552),#2474,.F.);
#3552 = FACE_BOUND('',#3553,.F.);
#3553 = EDGE_LOOP('',(#3554,#3580,#3581,#3582));
#3554 = ORIENTED_EDGE('',*,*,#3555,.T.);
#3555 = EDGE_CURVE('',#2492,#2596,#3556,.T.);
#3556 = SURFACE_CURVE('',#3557,(#3562,#3573),.PCURVE_S1.);
#3557 = ELLIPSE('',#3558,0.500342733778,0.5);
#3558 = AXIS2_PLACEMENT_3D('',#3559,#3560,#3561);
#3559 = CARTESIAN_POINT('',(-86.99897162252,-56.99897162252,0.));
#3560 = DIRECTION('',(0.,0.,1.));
#3561 = DIRECTION('',(0.707106781187,0.707106781187,-0.));
#3562 = PCURVE('',#2474,#3563);
#3563 = DEFINITIONAL_REPRESENTATION('',(#3564),#3572);
#3564 = B_SPLINE_CURVE_WITH_KNOTS('',6,(#3565,#3566,#3567,#3568,#3569,
    #3570,#3571),.UNSPECIFIED.,.F.,.F.,(7,7),(1.885229685224,
    4.397955621955),.PIECEWISE_BEZIER_KNOTS.);
#3565 = CARTESIAN_POINT('',(-0.471307421306,0.151335066488));
#3566 = CARTESIAN_POINT('',(-5.25197651843E-02,0.143960875742));
#3567 = CARTESIAN_POINT('',(0.366267890937,0.137793363931));
#3568 = CARTESIAN_POINT('',(0.78505554706,0.135145708106));
#3569 = CARTESIAN_POINT('',(1.203843203181,0.137793363931));
#3570 = CARTESIAN_POINT('',(1.622630859303,0.143960875742));
#3571 = CARTESIAN_POINT('',(2.041418515425,0.151335066488));
#3572 = ( GEOMETRIC_REPRESENTATION_CONTEXT(2) 
PARAMETRIC_REPRESENTATION_CONTEXT() REPRESENTATION_CONTEXT('2D SPACE',''
  ) );
#3573 = PCURVE('',#2506,#3574);
#3574 = DEFINITIONAL_REPRESENTATION('',(#3575),#3579);
#3575 = ELLIPSE('',#3576,0.500342733778,0.5);
#3576 = AXIS2_PLACEMENT_2D('',#3577,#3578);
#3577 = CARTESIAN_POINT('',(3.001028377473,3.001028377473));
#3578 = DIRECTION('',(0.707106781187,0.707106781187));
#3579 = ( GEOMETRIC_REPRESENTATION_CONTEXT(2) 
PARAMETRIC_REPRESENTATION_CONTEXT() REPRESENTATION_CONTEXT('2D SPACE',''
  ) );
#3580 = ORIENTED_EDGE('',*,*,#2618,.T.);
#3581 = ORIENTED_EDGE('',*,*,#2454,.F.);
#3582 = ORIENTED_EDGE('',*,*,#2544,.F.);
#3583 = ADVANCED_FACE('',(#3584,#3822),#2506,.F.);
#3584 = FACE_BOUND('',#3585,.F.);
#3585 = EDGE_LOOP('',(#3586,#3614,#3645,#3671,#3706,#3732,#3763,#3789));
#3586 = ORIENTED_EDGE('',*,*,#3587,.F.);
#3587 = EDGE_CURVE('',#3588,#3590,#3592,.T.);
#3588 = VERTEX_POINT('',#3589);
#3589 = CARTESIAN_POINT('',(-90.,-57.00102802507,4.440892098501E-16));
#3590 = VERTEX_POINT('',#3591);
#3591 = CARTESIAN_POINT('',(-90.,57.001028025073,4.440892098501E-16));
#3592 = SURFACE_CURVE('',#3593,(#3597,#3603),.PCURVE_S1.);
#3593 = LINE('',#3594,#3595);
#3594 = CARTESIAN_POINT('',(-90.,-60.,0.));
#3595 = VECTOR('',#3596,1.);
#3596 = DIRECTION('',(-0.,1.,-0.));
#3597 = PCURVE('',#2506,#3598);
#3598 = DEFINITIONAL_REPRESENTATION('',(#3599),#3602);
#3599 = B_SPLINE_CURVE_WITH_KNOTS('',1,(#3600,#3601),.UNSPECIFIED.,.F.,
  .F.,(2,2),(0.,120.),.PIECEWISE_BEZIER_KNOTS.);
#3600 = CARTESIAN_POINT('',(0.,0.));
#3601 = CARTESIAN_POINT('',(0.,120.));
#3602 = ( GEOMETRIC_REPRESENTATION_CONTEXT(2) 
PARAMETRIC_REPRESENTATION_CONTEXT() REPRESENTATION_CONTEXT('2D SPACE',''
  ) );
#3603 = PCURVE('',#3604,#3609);
#3604 = PLANE('',#3605);
#3605 = AXIS2_PLACEMENT_3D('',#3606,#3607,#3608);
#3606 = CARTESIAN_POINT('',(-90.,-60.,0.));
#3607 = DIRECTION('',(0.999657324976,0.,-2.617694830787E-02));
#3608 = DIRECTION('',(2.617694830787E-02,0.,0.999657324976));
#3609 = DEFINITIONAL_REPRESENTATION('',(#3610),#3613);
#3610 = B_SPLINE_CURVE_WITH_KNOTS('',1,(#3611,#3612),.UNSPECIFIED.,.F.,
  .F.,(2,2),(0.,120.),.PIECEWISE_BEZIER_KNOTS.);
#3611 = CARTESIAN_POINT('',(0.,0.));
#3612 = CARTESIAN_POINT('',(0.,-120.));
#3613 = ( GEOMETRIC_REPRESENTATION_CONTEXT(2) 
PARAMETRIC_REPRESENTATION_CONTEXT() REPRESENTATION_CONTEXT('2D SPACE',''
  ) );
#3614 = ORIENTED_EDGE('',*,*,#3615,.T.);
#3615 = EDGE_CURVE('',#3588,#3616,#3618,.T.);
#3616 = VERTEX_POINT('',#3617);
#3617 = CARTESIAN_POINT('',(-87.00102802507,-60.,-2.498001805407E-16));
#3618 = SURFACE_CURVE('',#3619,(#3624,#3631),.PCURVE_S1.);
#3619 = ELLIPSE('',#3620,3.002056402667,3.);
#3620 = AXIS2_PLACEMENT_3D('',#3621,#3622,#3623);
#3621 = CARTESIAN_POINT('',(-86.99897162252,-56.99897162252,0.));
#3622 = DIRECTION('',(0.,0.,1.));
#3623 = DIRECTION('',(0.707106781187,0.707106781187,-0.));
#3624 = PCURVE('',#2506,#3625);
#3625 = DEFINITIONAL_REPRESENTATION('',(#3626),#3630);
#3626 = ELLIPSE('',#3627,3.002056402667,3.);
#3627 = AXIS2_PLACEMENT_2D('',#3628,#3629);
#3628 = CARTESIAN_POINT('',(3.001028377473,3.001028377473));
#3629 = DIRECTION('',(0.707106781187,0.707106781187));
#3630 = ( GEOMETRIC_REPRESENTATION_CONTEXT(2) 
PARAMETRIC_REPRESENTATION_CONTEXT() REPRESENTATION_CONTEXT('2D SPACE',''
  ) );
#3631 = PCURVE('',#3632,#3637);
#3632 = CYLINDRICAL_SURFACE('',#3633,3.);
#3633 = AXIS2_PLACEMENT_3D('',#3634,#3635,#3636);
#3634 = CARTESIAN_POINT('',(-87.00308161132,-57.00308161132,
    -0.15695413975));
#3635 = DIRECTION('',(2.616798426498E-02,2.616798426498E-02,
    0.999315001988));
#3636 = DIRECTION('',(-0.999657324976,0.,2.617694830787E-02));
#3637 = DEFINITIONAL_REPRESENTATION('',(#3638),#3644);
#3638 = B_SPLINE_CURVE_WITH_KNOTS('',4,(#3639,#3640,#3641,#3642,#3643),
  .UNSPECIFIED.,.F.,.F.,(5,5),(2.356537106531,3.926648200649),
  .PIECEWISE_BEZIER_KNOTS.);
#3639 = CARTESIAN_POINT('',(0.,7.847705145099E-02));
#3640 = CARTESIAN_POINT('',(0.39252777353,4.765151373973E-02));
#3641 = CARTESIAN_POINT('',(0.785055547059,3.28886985886E-02));
#3642 = CARTESIAN_POINT('',(1.177583320589,4.765151373972E-02));
#3643 = CARTESIAN_POINT('',(1.570111094119,7.847705145099E-02));
#3644 = ( GEOMETRIC_REPRESENTATION_CONTEXT(2) 
PARAMETRIC_REPRESENTATION_CONTEXT() REPRESENTATION_CONTEXT('2D SPACE',''
  ) );
#3645 = ORIENTED_EDGE('',*,*,#3646,.T.);
#3646 = EDGE_CURVE('',#3616,#3647,#3649,.T.);
#3647 = VERTEX_POINT('',#3648);
#3648 = CARTESIAN_POINT('',(87.001028025073,-60.,-2.498001805407E-16));
#3649 = SURFACE_CURVE('',#3650,(#3654,#3660),.PCURVE_S1.);
#3650 = LINE('',#3651,#3652);
#3651 = CARTESIAN_POINT('',(-90.,-60.,0.));
#3652 = VECTOR('',#3653,1.);
#3653 = DIRECTION('',(1.,-0.,0.));
#3654 = PCURVE('',#2506,#3655);
#3655 = DEFINITIONAL_REPRESENTATION('',(#3656),#3659);
#3656 = B_SPLINE_CURVE_WITH_KNOTS('',1,(#3657,#3658),.UNSPECIFIED.,.F.,
  .F.,(2,2),(0.,180.),.PIECEWISE_BEZIER_KNOTS.);
#3657 = CARTESIAN_POINT('',(0.,0.));
#3658 = CARTESIAN_POINT('',(180.,0.));
#3659 = ( GEOMETRIC_REPRESENTATION_CONTEXT(2) 
PARAMETRIC_REPRESENTATION_CONTEXT() REPRESENTATION_CONTEXT('2D SPACE',''
  ) );
#3660 = PCURVE('',#3661,#3666);
#3661 = PLANE('',#3662);
#3662 = AXIS2_PLACEMENT_3D('',#3663,#3664,#3665);
#3663 = CARTESIAN_POINT('',(-90.,-60.,0.));
#3664 = DIRECTION('',(0.,0.999657324976,-2.617694830787E-02));
#3665 = DIRECTION('',(0.,2.617694830787E-02,0.999657324976));
#3666 = DEFINITIONAL_REPRESENTATION('',(#3667),#3670);
#3667 = B_SPLINE_CURVE_WITH_KNOTS('',1,(#3668,#3669),.UNSPECIFIED.,.F.,
  .F.,(2,2),(0.,180.),.PIECEWISE_BEZIER_KNOTS.);
#3668 = CARTESIAN_POINT('',(0.,0.));
#3669 = CARTESIAN_POINT('',(0.,180.));
#3670 = ( GEOMETRIC_REPRESENTATION_CONTEXT(2) 
PARAMETRIC_REPRESENTATION_CONTEXT() REPRESENTATION_CONTEXT('2D SPACE',''
  ) );
#3671 = ORIENTED_EDGE('',*,*,#3672,.F.);
#3672 = EDGE_CURVE('',#3673,#3647,#3675,.T.);
#3673 = VERTEX_POINT('',#3674);
#3674 = CARTESIAN_POINT('',(90.,-57.00102802507,5.273559366969E-16));
#3675 = SURFACE_CURVE('',#3676,(#3681,#3692),.PCURVE_S1.);
#3676 = ELLIPSE('',#3677,3.002056402667,3.);
#3677 = AXIS2_PLACEMENT_3D('',#3678,#3679,#3680);
#3678 = CARTESIAN_POINT('',(86.998971622527,-56.99897162252,0.));
#3679 = DIRECTION('',(-0.,0.,-1.));
#3680 = DIRECTION('',(-0.707106781187,0.707106781187,0.));
#3681 = PCURVE('',#2506,#3682);
#3682 = DEFINITIONAL_REPRESENTATION('',(#3683),#3691);
#3683 = ( BOUNDED_CURVE() B_SPLINE_CURVE(2,(#3684,#3685,#3686,#3687,
#3688,#3689,#3690),.UNSPECIFIED.,.T.,.F.) B_SPLINE_CURVE_WITH_KNOTS((1,2
    ,2,2,2,1),(-2.094395102393,0.,2.094395102393,4.188790204786,
6.28318530718,8.377580409573),.UNSPECIFIED.) CURVE() 
GEOMETRIC_REPRESENTATION_ITEM() RATIONAL_B_SPLINE_CURVE((1.,0.5,1.,0.5,
1.,0.5,1.)) REPRESENTATION_ITEM('') );
#3684 = CARTESIAN_POINT('',(174.87619718269,5.123802817303));
#3685 = CARTESIAN_POINT('',(178.55043179687,8.798037431477));
#3686 = CARTESIAN_POINT('',(179.89747614953,3.776758464645));
#3687 = CARTESIAN_POINT('',(181.24452050218,-1.244520502188));
#3688 = CARTESIAN_POINT('',(176.22324153535,0.10252385047));
#3689 = CARTESIAN_POINT('',(171.20196256852,1.449568203128));
#3690 = CARTESIAN_POINT('',(174.87619718269,5.123802817303));
#3691 = ( GEOMETRIC_REPRESENTATION_CONTEXT(2) 
PARAMETRIC_REPRESENTATION_CONTEXT() REPRESENTATION_CONTEXT('2D SPACE',''
  ) );
#3692 = PCURVE('',#3693,#3698);
#3693 = CYLINDRICAL_SURFACE('',#3694,3.);
#3694 = AXIS2_PLACEMENT_3D('',#3695,#3696,#3697);
#3695 = CARTESIAN_POINT('',(87.003081611321,-57.00308161132,
    -0.15695413975));
#3696 = DIRECTION('',(-2.616798426498E-02,2.616798426498E-02,
    0.999315001988));
#3697 = DIRECTION('',(0.999657324976,0.,2.617694830787E-02));
#3698 = DEFINITIONAL_REPRESENTATION('',(#3699),#3705);
#3699 = B_SPLINE_CURVE_WITH_KNOTS('',4,(#3700,#3701,#3702,#3703,#3704),
  .UNSPECIFIED.,.F.,.F.,(5,5),(2.356537106531,3.926648200649),
  .PIECEWISE_BEZIER_KNOTS.);
#3700 = CARTESIAN_POINT('',(0.,7.847705145099E-02));
#3701 = CARTESIAN_POINT('',(-0.39252777353,4.765151373973E-02));
#3702 = CARTESIAN_POINT('',(-0.785055547059,3.28886985886E-02));
#3703 = CARTESIAN_POINT('',(-1.177583320589,4.765151373973E-02));
#3704 = CARTESIAN_POINT('',(-1.570111094119,7.847705145099E-02));
#3705 = ( GEOMETRIC_REPRESENTATION_CONTEXT(2) 
PARAMETRIC_REPRESENTATION_CONTEXT() REPRESENTATION_CONTEXT('2D SPACE',''
  ) );
#3706 = ORIENTED_EDGE('',*,*,#3707,.T.);
#3707 = EDGE_CURVE('',#3673,#3708,#3710,.T.);
#3708 = VERTEX_POINT('',#3709);
#3709 = CARTESIAN_POINT('',(90.,57.001028025073,8.326672684689E-17));
#3710 = SURFACE_CURVE('',#3711,(#3715,#3721),.PCURVE_S1.);
#3711 = LINE('',#3712,#3713);
#3712 = CARTESIAN_POINT('',(90.,-60.,0.));
#3713 = VECTOR('',#3714,1.);
#3714 = DIRECTION('',(-0.,1.,-0.));
#3715 = PCURVE('',#2506,#3716);
#3716 = DEFINITIONAL_REPRESENTATION('',(#3717),#3720);
#3717 = B_SPLINE_CURVE_WITH_KNOTS('',1,(#3718,#3719),.UNSPECIFIED.,.F.,
  .F.,(2,2),(7.105427357601E-15,120.),.PIECEWISE_BEZIER_KNOTS.);
#3718 = CARTESIAN_POINT('',(180.,7.105427357601E-15));
#3719 = CARTESIAN_POINT('',(180.,120.));
#3720 = ( GEOMETRIC_REPRESENTATION_CONTEXT(2) 
PARAMETRIC_REPRESENTATION_CONTEXT() REPRESENTATION_CONTEXT('2D SPACE',''
  ) );
#3721 = PCURVE('',#3722,#3727);
#3722 = PLANE('',#3723);
#3723 = AXIS2_PLACEMENT_3D('',#3724,#3725,#3726);
#3724 = CARTESIAN_POINT('',(90.,-60.,0.));
#3725 = DIRECTION('',(0.999657324976,0.,2.617694830787E-02));
#3726 = DIRECTION('',(-2.617694830787E-02,0.,0.999657324976));
#3727 = DEFINITIONAL_REPRESENTATION('',(#3728),#3731);
#3728 = B_SPLINE_CURVE_WITH_KNOTS('',1,(#3729,#3730),.UNSPECIFIED.,.F.,
  .F.,(2,2),(7.105427357601E-15,120.),.PIECEWISE_BEZIER_KNOTS.);
#3729 = CARTESIAN_POINT('',(-3.719968092905E-16,-7.105427357601E-15));
#3730 = CARTESIAN_POINT('',(-3.719968092905E-16,-120.));
#3731 = ( GEOMETRIC_REPRESENTATION_CONTEXT(2) 
PARAMETRIC_REPRESENTATION_CONTEXT() REPRESENTATION_CONTEXT('2D SPACE',''
  ) );
#3732 = ORIENTED_EDGE('',*,*,#3733,.T.);
#3733 = EDGE_CURVE('',#3708,#3734,#3736,.T.);
#3734 = VERTEX_POINT('',#3735);
#3735 = CARTESIAN_POINT('',(87.001028025073,60.,2.775557561563E-16));
#3736 = SURFACE_CURVE('',#3737,(#3742,#3749),.PCURVE_S1.);
#3737 = ELLIPSE('',#3738,3.002056402667,3.);
#3738 = AXIS2_PLACEMENT_3D('',#3739,#3740,#3741);
#3739 = CARTESIAN_POINT('',(86.998971622527,56.998971622527,0.));
#3740 = DIRECTION('',(0.,0.,1.));
#3741 = DIRECTION('',(-0.707106781187,-0.707106781187,0.));
#3742 = PCURVE('',#2506,#3743);
#3743 = DEFINITIONAL_REPRESENTATION('',(#3744),#3748);
#3744 = ELLIPSE('',#3745,3.002056402667,3.);
#3745 = AXIS2_PLACEMENT_2D('',#3746,#3747);
#3746 = CARTESIAN_POINT('',(176.99897162252,116.99897162252));
#3747 = DIRECTION('',(-0.707106781187,-0.707106781187));
#3748 = ( GEOMETRIC_REPRESENTATION_CONTEXT(2) 
PARAMETRIC_REPRESENTATION_CONTEXT() REPRESENTATION_CONTEXT('2D SPACE',''
  ) );
#3749 = PCURVE('',#3750,#3755);
#3750 = CYLINDRICAL_SURFACE('',#3751,3.);
#3751 = AXIS2_PLACEMENT_3D('',#3752,#3753,#3754);
#3752 = CARTESIAN_POINT('',(87.003081611321,57.003081611321,
    -0.15695413975));
#3753 = DIRECTION('',(-2.616798426498E-02,-2.616798426498E-02,
    0.999315001988));
#3754 = DIRECTION('',(0.999657324976,0.,2.617694830787E-02));
#3755 = DEFINITIONAL_REPRESENTATION('',(#3756),#3762);
#3756 = B_SPLINE_CURVE_WITH_KNOTS('',4,(#3757,#3758,#3759,#3760,#3761),
  .UNSPECIFIED.,.F.,.F.,(5,5),(2.356537106531,3.926648200649),
  .PIECEWISE_BEZIER_KNOTS.);
#3757 = CARTESIAN_POINT('',(-2.775557561563E-15,7.847705145099E-02));
#3758 = CARTESIAN_POINT('',(0.39252777353,4.765151373972E-02));
#3759 = CARTESIAN_POINT('',(0.785055547059,3.28886985886E-02));
#3760 = CARTESIAN_POINT('',(1.177583320589,4.765151373973E-02));
#3761 = CARTESIAN_POINT('',(1.570111094119,7.847705145099E-02));
#3762 = ( GEOMETRIC_REPRESENTATION_CONTEXT(2) 
PARAMETRIC_REPRESENTATION_CONTEXT() REPRESENTATION_CONTEXT('2D SPACE',''
  ) );
#3763 = ORIENTED_EDGE('',*,*,#3764,.F.);
#3764 = EDGE_CURVE('',#3765,#3734,#3767,.T.);
#3765 = VERTEX_POINT('',#3766);
#3766 = CARTESIAN_POINT('',(-87.00102802507,60.,2.775557561563E-16));
#3767 = SURFACE_CURVE('',#3768,(#3772,#3778),.PCURVE_S1.);
#3768 = LINE('',#3769,#3770);
#3769 = CARTESIAN_POINT('',(-90.,60.,0.));
#3770 = VECTOR('',#3771,1.);
#3771 = DIRECTION('',(1.,0.,0.));
#3772 = PCURVE('',#2506,#3773);
#3773 = DEFINITIONAL_REPRESENTATION('',(#3774),#3777);
#3774 = B_SPLINE_CURVE_WITH_KNOTS('',1,(#3775,#3776),.UNSPECIFIED.,.F.,
  .F.,(2,2),(0.,180.),.PIECEWISE_BEZIER_KNOTS.);
#3775 = CARTESIAN_POINT('',(0.,120.));
#3776 = CARTESIAN_POINT('',(180.,120.));
#3777 = ( GEOMETRIC_REPRESENTATION_CONTEXT(2) 
PARAMETRIC_REPRESENTATION_CONTEXT() REPRESENTATION_CONTEXT('2D SPACE',''
  ) );
#3778 = PCURVE('',#3779,#3784);
#3779 = PLANE('',#3780);
#3780 = AXIS2_PLACEMENT_3D('',#3781,#3782,#3783);
#3781 = CARTESIAN_POINT('',(-90.,60.,0.));
#3782 = DIRECTION('',(0.,0.999657324976,2.617694830787E-02));
#3783 = DIRECTION('',(0.,-2.617694830787E-02,0.999657324976));
#3784 = DEFINITIONAL_REPRESENTATION('',(#3785),#3788);
#3785 = B_SPLINE_CURVE_WITH_KNOTS('',1,(#3786,#3787),.UNSPECIFIED.,.F.,
  .F.,(2,2),(0.,180.),.PIECEWISE_BEZIER_KNOTS.);
#3786 = CARTESIAN_POINT('',(-3.719968092905E-16,0.));
#3787 = CARTESIAN_POINT('',(-3.719968092905E-16,180.));
#3788 = ( GEOMETRIC_REPRESENTATION_CONTEXT(2) 
PARAMETRIC_REPRESENTATION_CONTEXT() REPRESENTATION_CONTEXT('2D SPACE',''
  ) );
#3789 = ORIENTED_EDGE('',*,*,#3790,.F.);
#3790 = EDGE_CURVE('',#3590,#3765,#3791,.T.);
#3791 = SURFACE_CURVE('',#3792,(#3797,#3808),.PCURVE_S1.);
#3792 = ELLIPSE('',#3793,3.002056402667,3.);
#3793 = AXIS2_PLACEMENT_3D('',#3794,#3795,#3796);
#3794 = CARTESIAN_POINT('',(-86.99897162252,56.998971622527,0.));
#3795 = DIRECTION('',(0.,-0.,-1.));
#3796 = DIRECTION('',(0.707106781187,-0.707106781187,0.));
#3797 = PCURVE('',#2506,#3798);
#3798 = DEFINITIONAL_REPRESENTATION('',(#3799),#3807);
#3799 = ( BOUNDED_CURVE() B_SPLINE_CURVE(2,(#3800,#3801,#3802,#3803,
#3804,#3805,#3806),.UNSPECIFIED.,.T.,.F.) B_SPLINE_CURVE_WITH_KNOTS((1,2
    ,2,2,2,1),(-2.094395102393,0.,2.094395102393,4.188790204786,
6.28318530718,8.377580409573),.UNSPECIFIED.) CURVE() 
GEOMETRIC_REPRESENTATION_ITEM() RATIONAL_B_SPLINE_CURVE((1.,0.5,1.,0.5,
1.,0.5,1.)) REPRESENTATION_ITEM('') );
#3800 = CARTESIAN_POINT('',(5.123802817303,114.87619718269));
#3801 = CARTESIAN_POINT('',(1.449568203128,111.20196256852));
#3802 = CARTESIAN_POINT('',(0.10252385047,116.22324153535));
#3803 = CARTESIAN_POINT('',(-1.244520502188,121.24452050218));
#3804 = CARTESIAN_POINT('',(3.776758464645,119.89747614953));
#3805 = CARTESIAN_POINT('',(8.798037431477,118.55043179687));
#3806 = CARTESIAN_POINT('',(5.123802817303,114.87619718269));
#3807 = ( GEOMETRIC_REPRESENTATION_CONTEXT(2) 
PARAMETRIC_REPRESENTATION_CONTEXT() REPRESENTATION_CONTEXT('2D SPACE',''
  ) );
#3808 = PCURVE('',#3809,#3814);
#3809 = CYLINDRICAL_SURFACE('',#3810,3.);
#3810 = AXIS2_PLACEMENT_3D('',#3811,#3812,#3813);
#3811 = CARTESIAN_POINT('',(-87.00308161132,57.003081611321,
    -0.15695413975));
#3812 = DIRECTION('',(2.616798426498E-02,-2.616798426498E-02,
    0.999315001988));
#3813 = DIRECTION('',(-0.999657324976,0.,2.617694830787E-02));
#3814 = DEFINITIONAL_REPRESENTATION('',(#3815),#3821);
#3815 = B_SPLINE_CURVE_WITH_KNOTS('',4,(#3816,#3817,#3818,#3819,#3820),
  .UNSPECIFIED.,.F.,.F.,(5,5),(2.356537106531,3.926648200649),
  .PIECEWISE_BEZIER_KNOTS.);
#3816 = CARTESIAN_POINT('',(-2.442490654175E-15,7.847705145099E-02));
#3817 = CARTESIAN_POINT('',(-0.39252777353,4.765151373972E-02));
#3818 = CARTESIAN_POINT('',(-0.785055547059,3.28886985886E-02));
#3819 = CARTESIAN_POINT('',(-1.177583320589,4.765151373973E-02));
#3820 = CARTESIAN_POINT('',(-1.570111094119,7.8477051451E-02));
#3821 = ( GEOMETRIC_REPRESENTATION_CONTEXT(2) 
PARAMETRIC_REPRESENTATION_CONTEXT() REPRESENTATION_CONTEXT('2D SPACE',''
  ) );
#3822 = FACE_BOUND('',#3823,.F.);
#3823 = EDGE_LOOP('',(#3824,#3850,#3851,#3877,#3878,#3879,#3880,#3906));
#3824 = ORIENTED_EDGE('',*,*,#3825,.F.);
#3825 = EDGE_CURVE('',#3227,#2916,#3826,.T.);
#3826 = SURFACE_CURVE('',#3827,(#3832,#3839),.PCURVE_S1.);
#3827 = ELLIPSE('',#3828,0.500342733778,0.5);
#3828 = AXIS2_PLACEMENT_3D('',#3829,#3830,#3831);
#3829 = CARTESIAN_POINT('',(86.998971622527,56.998971622527,0.));
#3830 = DIRECTION('',(0.,0.,1.));
#3831 = DIRECTION('',(-0.707106781187,-0.707106781187,0.));
#3832 = PCURVE('',#2506,#3833);
#3833 = DEFINITIONAL_REPRESENTATION('',(#3834),#3838);
#3834 = ELLIPSE('',#3835,0.500342733778,0.5);
#3835 = AXIS2_PLACEMENT_2D('',#3836,#3837);
#3836 = CARTESIAN_POINT('',(176.99897162252,116.99897162252));
#3837 = DIRECTION('',(-0.707106781187,-0.707106781187));
#3838 = ( GEOMETRIC_REPRESENTATION_CONTEXT(2) 
PARAMETRIC_REPRESENTATION_CONTEXT() REPRESENTATION_CONTEXT('2D SPACE',''
  ) );
#3839 = PCURVE('',#2972,#3840);
#3840 = DEFINITIONAL_REPRESENTATION('',(#3841),#3849);
#3841 = B_SPLINE_CURVE_WITH_KNOTS('',6,(#3842,#3843,#3844,#3845,#3846,
    #3847,#3848),.UNSPECIFIED.,.F.,.F.,(7,7),(1.885229685224,
    4.397955621955),.PIECEWISE_BEZIER_KNOTS.);
#3842 = CARTESIAN_POINT('',(-0.471307421306,0.151335066488));
#3843 = CARTESIAN_POINT('',(-5.25197651843E-02,0.143960875742));
#3844 = CARTESIAN_POINT('',(0.366267890937,0.137793363931));
#3845 = CARTESIAN_POINT('',(0.78505554706,0.135145708106));
#3846 = CARTESIAN_POINT('',(1.203843203181,0.137793363931));
#3847 = CARTESIAN_POINT('',(1.622630859303,0.143960875742));
#3848 = CARTESIAN_POINT('',(2.041418515425,0.151335066488));
#3849 = ( GEOMETRIC_REPRESENTATION_CONTEXT(2) 
PARAMETRIC_REPRESENTATION_CONTEXT() REPRESENTATION_CONTEXT('2D SPACE',''
  ) );
#3850 = ORIENTED_EDGE('',*,*,#3226,.T.);
#3851 = ORIENTED_EDGE('',*,*,#3852,.F.);
#3852 = EDGE_CURVE('',#2598,#3229,#3853,.T.);
#3853 = SURFACE_CURVE('',#3854,(#3859,#3866),.PCURVE_S1.);
#3854 = ELLIPSE('',#3855,0.500342733778,0.5);
#3855 = AXIS2_PLACEMENT_3D('',#3856,#3857,#3858);
#3856 = CARTESIAN_POINT('',(86.998971622527,-56.99897162252,0.));
#3857 = DIRECTION('',(0.,0.,1.));
#3858 = DIRECTION('',(-0.707106781187,0.707106781187,0.));
#3859 = PCURVE('',#2506,#3860);
#3860 = DEFINITIONAL_REPRESENTATION('',(#3861),#3865);
#3861 = ELLIPSE('',#3862,0.500342733778,0.5);
#3862 = AXIS2_PLACEMENT_2D('',#3863,#3864);
#3863 = CARTESIAN_POINT('',(176.99897162252,3.001028377473));
#3864 = DIRECTION('',(-0.707106781187,0.707106781187));
#3865 = ( GEOMETRIC_REPRESENTATION_CONTEXT(2) 
PARAMETRIC_REPRESENTATION_CONTEXT() REPRESENTATION_CONTEXT('2D SPACE',''
  ) );
#3866 = PCURVE('',#2654,#3867);
#3867 = DEFINITIONAL_REPRESENTATION('',(#3868),#3876);
#3868 = B_SPLINE_CURVE_WITH_KNOTS('',6,(#3869,#3870,#3871,#3872,#3873,
    #3874,#3875),.UNSPECIFIED.,.F.,.F.,(7,7),(1.885229685224,
    4.397955621955),.PIECEWISE_BEZIER_KNOTS.);
#3869 = CARTESIAN_POINT('',(-2.041418515425,0.151335066488));
#3870 = CARTESIAN_POINT('',(-1.622630859303,0.143960875742));
#3871 = CARTESIAN_POINT('',(-1.203843203181,0.137793363931));
#3872 = CARTESIAN_POINT('',(-0.78505554706,0.135145708106));
#3873 = CARTESIAN_POINT('',(-0.366267890937,0.137793363931));
#3874 = CARTESIAN_POINT('',(5.25197651843E-02,0.143960875742));
#3875 = CARTESIAN_POINT('',(0.471307421306,0.151335066488));
#3876 = ( GEOMETRIC_REPRESENTATION_CONTEXT(2) 
PARAMETRIC_REPRESENTATION_CONTEXT() REPRESENTATION_CONTEXT('2D SPACE',''
  ) );
#3877 = ORIENTED_EDGE('',*,*,#2595,.F.);
#3878 = ORIENTED_EDGE('',*,*,#3555,.F.);
#3879 = ORIENTED_EDGE('',*,*,#2489,.F.);
#3880 = ORIENTED_EDGE('',*,*,#3881,.F.);
#3881 = EDGE_CURVE('',#2914,#2490,#3882,.T.);
#3882 = SURFACE_CURVE('',#3883,(#3888,#3895),.PCURVE_S1.);
#3883 = ELLIPSE('',#3884,0.500342733778,0.5);
#3884 = AXIS2_PLACEMENT_3D('',#3885,#3886,#3887);
#3885 = CARTESIAN_POINT('',(-86.99897162252,56.998971622527,0.));
#3886 = DIRECTION('',(0.,0.,1.));
#3887 = DIRECTION('',(0.707106781187,-0.707106781187,0.));
#3888 = PCURVE('',#2506,#3889);
#3889 = DEFINITIONAL_REPRESENTATION('',(#3890),#3894);
#3890 = ELLIPSE('',#3891,0.500342733778,0.5);
#3891 = AXIS2_PLACEMENT_2D('',#3892,#3893);
#3892 = CARTESIAN_POINT('',(3.001028377473,116.99897162252));
#3893 = DIRECTION('',(0.707106781187,-0.707106781187));
#3894 = ( GEOMETRIC_REPRESENTATION_CONTEXT(2) 
PARAMETRIC_REPRESENTATION_CONTEXT() REPRESENTATION_CONTEXT('2D SPACE',''
  ) );
#3895 = PCURVE('',#2531,#3896);
#3896 = DEFINITIONAL_REPRESENTATION('',(#3897),#3905);
#3897 = B_SPLINE_CURVE_WITH_KNOTS('',6,(#3898,#3899,#3900,#3901,#3902,
    #3903,#3904),.UNSPECIFIED.,.F.,.F.,(7,7),(1.885229685224,
    4.397955621955),.PIECEWISE_BEZIER_KNOTS.);
#3898 = CARTESIAN_POINT('',(-2.041418515425,0.151335066488));
#3899 = CARTESIAN_POINT('',(-1.622630859303,0.143960875742));
#3900 = CARTESIAN_POINT('',(-1.203843203181,0.137793363931));
#3901 = CARTESIAN_POINT('',(-0.78505554706,0.135145708106));
#3902 = CARTESIAN_POINT('',(-0.366267890937,0.137793363931));
#3903 = CARTESIAN_POINT('',(5.25197651843E-02,0.143960875742));
#3904 = CARTESIAN_POINT('',(0.471307421306,0.151335066488));
#3905 = ( GEOMETRIC_REPRESENTATION_CONTEXT(2) 
PARAMETRIC_REPRESENTATION_CONTEXT() REPRESENTATION_CONTEXT('2D SPACE',''
  ) );
#3906 = ORIENTED_EDGE('',*,*,#2913,.T.);
#3907 = ADVANCED_FACE('',(#3908),#2531,.F.);
#3908 = FACE_BOUND('',#3909,.T.);
#3909 = EDGE_LOOP('',(#3910,#3911,#3912,#3913));
#3910 = ORIENTED_EDGE('',*,*,#3881,.F.);
#3911 = ORIENTED_EDGE('',*,*,#2936,.T.);
#3912 = ORIENTED_EDGE('',*,*,#2568,.T.);
#3913 = ORIENTED_EDGE('',*,*,#2517,.F.);
#3914 = ADVANCED_FACE('',(#3915),#2654,.F.);
#3915 = FACE_BOUND('',#3916,.T.);
#3916 = EDGE_LOOP('',(#3917,#3918,#3919,#3920));
#3917 = ORIENTED_EDGE('',*,*,#3852,.F.);
#3918 = ORIENTED_EDGE('',*,*,#2640,.T.);
#3919 = ORIENTED_EDGE('',*,*,#2883,.F.);
#3920 = ORIENTED_EDGE('',*,*,#3271,.F.);
#3921 = ADVANCED_FACE('',(#3922),#2685,.F.);
#3922 = FACE_BOUND('',#3923,.F.);
#3923 = EDGE_LOOP('',(#3924,#3947,#3968,#3989));
#3924 = ORIENTED_EDGE('',*,*,#3925,.F.);
#3925 = EDGE_CURVE('',#3926,#2669,#3928,.T.);
#3926 = VERTEX_POINT('',#3927);
#3927 = CARTESIAN_POINT('',(-48.,-59.6595830196,13.));
#3928 = SURFACE_CURVE('',#3929,(#3933,#3940),.PCURVE_S1.);
#3929 = LINE('',#3930,#3931);
#3930 = CARTESIAN_POINT('',(-48.,-65.,13.));
#3931 = VECTOR('',#3932,1.);
#3932 = DIRECTION('',(-0.,1.,0.));
#3933 = PCURVE('',#2685,#3934);
#3934 = DEFINITIONAL_REPRESENTATION('',(#3935),#3939);
#3935 = LINE('',#3936,#3937);
#3936 = CARTESIAN_POINT('',(0.,0.));
#3937 = VECTOR('',#3938,1.);
#3938 = DIRECTION('',(0.,1.));
#3939 = ( GEOMETRIC_REPRESENTATION_CONTEXT(2) 
PARAMETRIC_REPRESENTATION_CONTEXT() REPRESENTATION_CONTEXT('2D SPACE',''
  ) );
#3940 = PCURVE('',#2711,#3941);
#3941 = DEFINITIONAL_REPRESENTATION('',(#3942),#3946);
#3942 = LINE('',#3943,#3944);
#3943 = CARTESIAN_POINT('',(5.,0.));
#3944 = VECTOR('',#3945,1.);
#3945 = DIRECTION('',(0.,-1.));
#3946 = ( GEOMETRIC_REPRESENTATION_CONTEXT(2) 
PARAMETRIC_REPRESENTATION_CONTEXT() REPRESENTATION_CONTEXT('2D SPACE',''
  ) );
#3947 = ORIENTED_EDGE('',*,*,#3948,.T.);
#3948 = EDGE_CURVE('',#3926,#3949,#3951,.T.);
#3949 = VERTEX_POINT('',#3950);
#3950 = CARTESIAN_POINT('',(-32.,-59.6595830196,13.));
#3951 = SURFACE_CURVE('',#3952,(#3956,#3962),.PCURVE_S1.);
#3952 = LINE('',#3953,#3954);
#3953 = CARTESIAN_POINT('',(-69.,-59.6595830196,13.));
#3954 = VECTOR('',#3955,1.);
#3955 = DIRECTION('',(1.,-0.,0.));
#3956 = PCURVE('',#2685,#3957);
#3957 = DEFINITIONAL_REPRESENTATION('',(#3958),#3961);
#3958 = B_SPLINE_CURVE_WITH_KNOTS('',1,(#3959,#3960),.UNSPECIFIED.,.F.,
  .F.,(2,2),(21.,37.),.PIECEWISE_BEZIER_KNOTS.);
#3959 = CARTESIAN_POINT('',(0.,5.340416980399));
#3960 = CARTESIAN_POINT('',(16.,5.340416980399));
#3961 = ( GEOMETRIC_REPRESENTATION_CONTEXT(2) 
PARAMETRIC_REPRESENTATION_CONTEXT() REPRESENTATION_CONTEXT('2D SPACE',''
  ) );
#3962 = PCURVE('',#3661,#3963);
#3963 = DEFINITIONAL_REPRESENTATION('',(#3964),#3967);
#3964 = B_SPLINE_CURVE_WITH_KNOTS('',1,(#3965,#3966),.UNSPECIFIED.,.F.,
  .F.,(2,2),(21.,37.),.PIECEWISE_BEZIER_KNOTS.);
#3965 = CARTESIAN_POINT('',(13.004456302381,42.));
#3966 = CARTESIAN_POINT('',(13.004456302381,58.));
#3967 = ( GEOMETRIC_REPRESENTATION_CONTEXT(2) 
PARAMETRIC_REPRESENTATION_CONTEXT() REPRESENTATION_CONTEXT('2D SPACE',''
  ) );
#3968 = ORIENTED_EDGE('',*,*,#3969,.T.);
#3969 = EDGE_CURVE('',#3949,#2671,#3970,.T.);
#3970 = SURFACE_CURVE('',#3971,(#3975,#3982),.PCURVE_S1.);
#3971 = LINE('',#3972,#3973);
#3972 = CARTESIAN_POINT('',(-32.,-65.,13.));
#3973 = VECTOR('',#3974,1.);
#3974 = DIRECTION('',(-0.,1.,0.));
#3975 = PCURVE('',#2685,#3976);
#3976 = DEFINITIONAL_REPRESENTATION('',(#3977),#3981);
#3977 = LINE('',#3978,#3979);
#3978 = CARTESIAN_POINT('',(16.,0.));
#3979 = VECTOR('',#3980,1.);
#3980 = DIRECTION('',(0.,1.));
#3981 = ( GEOMETRIC_REPRESENTATION_CONTEXT(2) 
PARAMETRIC_REPRESENTATION_CONTEXT() REPRESENTATION_CONTEXT('2D SPACE',''
  ) );
#3982 = PCURVE('',#2761,#3983);
#3983 = DEFINITIONAL_REPRESENTATION('',(#3984),#3988);
#3984 = LINE('',#3985,#3986);
#3985 = CARTESIAN_POINT('',(5.,0.));
#3986 = VECTOR('',#3987,1.);
#3987 = DIRECTION('',(0.,-1.));
#3988 = ( GEOMETRIC_REPRESENTATION_CONTEXT(2) 
PARAMETRIC_REPRESENTATION_CONTEXT() REPRESENTATION_CONTEXT('2D SPACE',''
  ) );
#3989 = ORIENTED_EDGE('',*,*,#2668,.F.);
#3990 = ADVANCED_FACE('',(#3991),#2711,.T.);
#3991 = FACE_BOUND('',#3992,.T.);
#3992 = EDGE_LOOP('',(#3993,#3994,#4015,#4036));
#3993 = ORIENTED_EDGE('',*,*,#3925,.F.);
#3994 = ORIENTED_EDGE('',*,*,#3995,.T.);
#3995 = EDGE_CURVE('',#3926,#3996,#3998,.T.);
#3996 = VERTEX_POINT('',#3997);
#3997 = CARTESIAN_POINT('',(-48.,-59.79051262744,8.));
#3998 = SURFACE_CURVE('',#3999,(#4003,#4009),.PCURVE_S1.);
#3999 = LINE('',#4000,#4001);
#4000 = CARTESIAN_POINT('',(-48.,-59.89704116907,3.931839124205));
#4001 = VECTOR('',#4002,1.);
#4002 = DIRECTION('',(0.,-2.617694830787E-02,-0.999657324976));
#4003 = PCURVE('',#2711,#4004);
#4004 = DEFINITIONAL_REPRESENTATION('',(#4005),#4008);
#4005 = B_SPLINE_CURVE_WITH_KNOTS('',1,(#4006,#4007),.UNSPECIFIED.,.F.,
  .F.,(2,2),(-9.071269373249,-4.069555410794),.PIECEWISE_BEZIER_KNOTS.);
#4006 = CARTESIAN_POINT('',(5.,-5.340416980399));
#4007 = CARTESIAN_POINT('',(8.881784197001E-16,-5.209487372553));
#4008 = ( GEOMETRIC_REPRESENTATION_CONTEXT(2) 
PARAMETRIC_REPRESENTATION_CONTEXT() REPRESENTATION_CONTEXT('2D SPACE',''
  ) );
#4009 = PCURVE('',#3661,#4010);
#4010 = DEFINITIONAL_REPRESENTATION('',(#4011),#4014);
#4011 = B_SPLINE_CURVE_WITH_KNOTS('',1,(#4012,#4013),.UNSPECIFIED.,.F.,
  .F.,(2,2),(-9.071269373249,-4.069555410794),.PIECEWISE_BEZIER_KNOTS.);
#4012 = CARTESIAN_POINT('',(13.004456302381,42.));
#4013 = CARTESIAN_POINT('',(8.002742339927,42.));
#4014 = ( GEOMETRIC_REPRESENTATION_CONTEXT(2) 
PARAMETRIC_REPRESENTATION_CONTEXT() REPRESENTATION_CONTEXT('2D SPACE',''
  ) );
#4015 = ORIENTED_EDGE('',*,*,#4016,.T.);
#4016 = EDGE_CURVE('',#3996,#2697,#4017,.T.);
#4017 = SURFACE_CURVE('',#4018,(#4022,#4029),.PCURVE_S1.);
#4018 = LINE('',#4019,#4020);
#4019 = CARTESIAN_POINT('',(-48.,-65.,8.));
#4020 = VECTOR('',#4021,1.);
#4021 = DIRECTION('',(-0.,1.,0.));
#4022 = PCURVE('',#2711,#4023);
#4023 = DEFINITIONAL_REPRESENTATION('',(#4024),#4028);
#4024 = LINE('',#4025,#4026);
#4025 = CARTESIAN_POINT('',(0.,0.));
#4026 = VECTOR('',#4027,1.);
#4027 = DIRECTION('',(0.,-1.));
#4028 = ( GEOMETRIC_REPRESENTATION_CONTEXT(2) 
PARAMETRIC_REPRESENTATION_CONTEXT() REPRESENTATION_CONTEXT('2D SPACE',''
  ) );
#4029 = PCURVE('',#2737,#4030);
#4030 = DEFINITIONAL_REPRESENTATION('',(#4031),#4035);
#4031 = LINE('',#4032,#4033);
#4032 = CARTESIAN_POINT('',(0.,0.));
#4033 = VECTOR('',#4034,1.);
#4034 = DIRECTION('',(0.,1.));
#4035 = ( GEOMETRIC_REPRESENTATION_CONTEXT(2) 
PARAMETRIC_REPRESENTATION_CONTEXT() REPRESENTATION_CONTEXT('2D SPACE',''
  ) );
#4036 = ORIENTED_EDGE('',*,*,#2696,.F.);
#4037 = ADVANCED_FACE('',(#4038),#2761,.F.);
#4038 = FACE_BOUND('',#4039,.F.);
#4039 = EDGE_LOOP('',(#4040,#4041,#4062,#4083));
#4040 = ORIENTED_EDGE('',*,*,#3969,.F.);
#4041 = ORIENTED_EDGE('',*,*,#4042,.T.);
#4042 = EDGE_CURVE('',#3949,#4043,#4045,.T.);
#4043 = VERTEX_POINT('',#4044);
#4044 = CARTESIAN_POINT('',(-32.,-59.79051262744,8.));
#4045 = SURFACE_CURVE('',#4046,(#4050,#4056),.PCURVE_S1.);
#4046 = LINE('',#4047,#4048);
#4047 = CARTESIAN_POINT('',(-32.,-59.89704116907,3.931839124205));
#4048 = VECTOR('',#4049,1.);
#4049 = DIRECTION('',(0.,-2.617694830787E-02,-0.999657324976));
#4050 = PCURVE('',#2761,#4051);
#4051 = DEFINITIONAL_REPRESENTATION('',(#4052),#4055);
#4052 = B_SPLINE_CURVE_WITH_KNOTS('',1,(#4053,#4054),.UNSPECIFIED.,.F.,
  .F.,(2,2),(-9.071269373249,-4.069555410794),.PIECEWISE_BEZIER_KNOTS.);
#4053 = CARTESIAN_POINT('',(5.,-5.340416980399));
#4054 = CARTESIAN_POINT('',(8.881784197001E-16,-5.209487372553));
#4055 = ( GEOMETRIC_REPRESENTATION_CONTEXT(2) 
PARAMETRIC_REPRESENTATION_CONTEXT() REPRESENTATION_CONTEXT('2D SPACE',''
  ) );
#4056 = PCURVE('',#3661,#4057);
#4057 = DEFINITIONAL_REPRESENTATION('',(#4058),#4061);
#4058 = B_SPLINE_CURVE_WITH_KNOTS('',1,(#4059,#4060),.UNSPECIFIED.,.F.,
  .F.,(2,2),(-9.071269373249,-4.069555410794),.PIECEWISE_BEZIER_KNOTS.);
#4059 = CARTESIAN_POINT('',(13.004456302381,58.));
#4060 = CARTESIAN_POINT('',(8.002742339927,58.));
#4061 = ( GEOMETRIC_REPRESENTATION_CONTEXT(2) 
PARAMETRIC_REPRESENTATION_CONTEXT() REPRESENTATION_CONTEXT('2D SPACE',''
  ) );
#4062 = ORIENTED_EDGE('',*,*,#4063,.T.);
#4063 = EDGE_CURVE('',#4043,#2723,#4064,.T.);
#4064 = SURFACE_CURVE('',#4065,(#4069,#4076),.PCURVE_S1.);
#4065 = LINE('',#4066,#4067);
#4066 = CARTESIAN_POINT('',(-32.,-65.,8.));
#4067 = VECTOR('',#4068,1.);
#4068 = DIRECTION('',(-0.,1.,0.));
#4069 = PCURVE('',#2761,#4070);
#4070 = DEFINITIONAL_REPRESENTATION('',(#4071),#4075);
#4071 = LINE('',#4072,#4073);
#4072 = CARTESIAN_POINT('',(0.,0.));
#4073 = VECTOR('',#4074,1.);
#4074 = DIRECTION('',(0.,-1.));
#4075 = ( GEOMETRIC_REPRESENTATION_CONTEXT(2) 
PARAMETRIC_REPRESENTATION_CONTEXT() REPRESENTATION_CONTEXT('2D SPACE',''
  ) );
#4076 = PCURVE('',#2737,#4077);
#4077 = DEFINITIONAL_REPRESENTATION('',(#4078),#4082);
#4078 = LINE('',#4079,#4080);
#4079 = CARTESIAN_POINT('',(16.,0.));
#4080 = VECTOR('',#4081,1.);
#4081 = DIRECTION('',(0.,1.));
#4082 = ( GEOMETRIC_REPRESENTATION_CONTEXT(2) 
PARAMETRIC_REPRESENTATION_CONTEXT() REPRESENTATION_CONTEXT('2D SPACE',''
  ) );
#4083 = ORIENTED_EDGE('',*,*,#2748,.F.);
#4084 = ADVANCED_FACE('',(#4085),#2737,.T.);
#4085 = FACE_BOUND('',#4086,.T.);
#4086 = EDGE_LOOP('',(#4087,#4088,#4107,#4108));
#4087 = ORIENTED_EDGE('',*,*,#4016,.F.);
#4088 = ORIENTED_EDGE('',*,*,#4089,.T.);
#4089 = EDGE_CURVE('',#3996,#4043,#4090,.T.);
#4090 = SURFACE_CURVE('',#4091,(#4095,#4101),.PCURVE_S1.);
#4091 = LINE('',#4092,#4093);
#4092 = CARTESIAN_POINT('',(-69.,-59.79051262744,8.));
#4093 = VECTOR('',#4094,1.);
#4094 = DIRECTION('',(1.,-0.,0.));
#4095 = PCURVE('',#2737,#4096);
#4096 = DEFINITIONAL_REPRESENTATION('',(#4097),#4100);
#4097 = B_SPLINE_CURVE_WITH_KNOTS('',1,(#4098,#4099),.UNSPECIFIED.,.F.,
  .F.,(2,2),(21.,37.),.PIECEWISE_BEZIER_KNOTS.);
#4098 = CARTESIAN_POINT('',(0.,5.209487372553));
#4099 = CARTESIAN_POINT('',(16.,5.209487372553));
#4100 = ( GEOMETRIC_REPRESENTATION_CONTEXT(2) 
PARAMETRIC_REPRESENTATION_CONTEXT() REPRESENTATION_CONTEXT('2D SPACE',''
  ) );
#4101 = PCURVE('',#3661,#4102);
#4102 = DEFINITIONAL_REPRESENTATION('',(#4103),#4106);
#4103 = B_SPLINE_CURVE_WITH_KNOTS('',1,(#4104,#4105),.UNSPECIFIED.,.F.,
  .F.,(2,2),(21.,37.),.PIECEWISE_BEZIER_KNOTS.);
#4104 = CARTESIAN_POINT('',(8.002742339927,42.));
#4105 = CARTESIAN_POINT('',(8.002742339927,58.));
#4106 = ( GEOMETRIC_REPRESENTATION_CONTEXT(2) 
PARAMETRIC_REPRESENTATION_CONTEXT() REPRESENTATION_CONTEXT('2D SPACE',''
  ) );
#4107 = ORIENTED_EDGE('',*,*,#4063,.T.);
#4108 = ORIENTED_EDGE('',*,*,#2722,.F.);
#4109 = ADVANCED_FACE('',(#4110),#2791,.F.);
#4110 = FACE_BOUND('',#4111,.F.);
#4111 = EDGE_LOOP('',(#4112,#4135,#4156,#4177));
#4112 = ORIENTED_EDGE('',*,*,#4113,.F.);
#4113 = EDGE_CURVE('',#4114,#2775,#4116,.T.);
#4114 = VERTEX_POINT('',#4115);
#4115 = CARTESIAN_POINT('',(32.,-59.6595830196,13.));
#4116 = SURFACE_CURVE('',#4117,(#4121,#4128),.PCURVE_S1.);
#4117 = LINE('',#4118,#4119);
#4118 = CARTESIAN_POINT('',(32.,-65.,13.));
#4119 = VECTOR('',#4120,1.);
#4120 = DIRECTION('',(-0.,1.,0.));
#4121 = PCURVE('',#2791,#4122);
#4122 = DEFINITIONAL_REPRESENTATION('',(#4123),#4127);
#4123 = LINE('',#4124,#4125);
#4124 = CARTESIAN_POINT('',(0.,0.));
#4125 = VECTOR('',#4126,1.);
#4126 = DIRECTION('',(0.,1.));
#4127 = ( GEOMETRIC_REPRESENTATION_CONTEXT(2) 
PARAMETRIC_REPRESENTATION_CONTEXT() REPRESENTATION_CONTEXT('2D SPACE',''
  ) );
#4128 = PCURVE('',#2817,#4129);
#4129 = DEFINITIONAL_REPRESENTATION('',(#4130),#4134);
#4130 = LINE('',#4131,#4132);
#4131 = CARTESIAN_POINT('',(5.,0.));
#4132 = VECTOR('',#4133,1.);
#4133 = DIRECTION('',(0.,-1.));
#4134 = ( GEOMETRIC_REPRESENTATION_CONTEXT(2) 
PARAMETRIC_REPRESENTATION_CONTEXT() REPRESENTATION_CONTEXT('2D SPACE',''
  ) );
#4135 = ORIENTED_EDGE('',*,*,#4136,.T.);
#4136 = EDGE_CURVE('',#4114,#4137,#4139,.T.);
#4137 = VERTEX_POINT('',#4138);
#4138 = CARTESIAN_POINT('',(48.,-59.6595830196,13.));
#4139 = SURFACE_CURVE('',#4140,(#4144,#4150),.PCURVE_S1.);
#4140 = LINE('',#4141,#4142);
#4141 = CARTESIAN_POINT('',(-29.,-59.6595830196,13.));
#4142 = VECTOR('',#4143,1.);
#4143 = DIRECTION('',(1.,-0.,0.));
#4144 = PCURVE('',#2791,#4145);
#4145 = DEFINITIONAL_REPRESENTATION('',(#4146),#4149);
#4146 = B_SPLINE_CURVE_WITH_KNOTS('',1,(#4147,#4148),.UNSPECIFIED.,.F.,
  .F.,(2,2),(61.,77.),.PIECEWISE_BEZIER_KNOTS.);
#4147 = CARTESIAN_POINT('',(0.,5.340416980399));
#4148 = CARTESIAN_POINT('',(16.,5.340416980399));
#4149 = ( GEOMETRIC_REPRESENTATION_CONTEXT(2) 
PARAMETRIC_REPRESENTATION_CONTEXT() REPRESENTATION_CONTEXT('2D SPACE',''
  ) );
#4150 = PCURVE('',#3661,#4151);
#4151 = DEFINITIONAL_REPRESENTATION('',(#4152),#4155);
#4152 = B_SPLINE_CURVE_WITH_KNOTS('',1,(#4153,#4154),.UNSPECIFIED.,.F.,
  .F.,(2,2),(61.,77.),.PIECEWISE_BEZIER_KNOTS.);
#4153 = CARTESIAN_POINT('',(13.004456302381,122.));
#4154 = CARTESIAN_POINT('',(13.004456302381,138.));
#4155 = ( GEOMETRIC_REPRESENTATION_CONTEXT(2) 
PARAMETRIC_REPRESENTATION_CONTEXT() REPRESENTATION_CONTEXT('2D SPACE',''
  ) );
#4156 = ORIENTED_EDGE('',*,*,#4157,.T.);
#4157 = EDGE_CURVE('',#4137,#2777,#4158,.T.);
#4158 = SURFACE_CURVE('',#4159,(#4163,#4170),.PCURVE_S1.);
#4159 = LINE('',#4160,#4161);
#4160 = CARTESIAN_POINT('',(48.,-65.,13.));
#4161 = VECTOR('',#4162,1.);
#4162 = DIRECTION('',(-0.,1.,0.));
#4163 = PCURVE('',#2791,#4164);
#4164 = DEFINITIONAL_REPRESENTATION('',(#4165),#4169);
#4165 = LINE('',#4166,#4167);
#4166 = CARTESIAN_POINT('',(16.,0.));
#4167 = VECTOR('',#4168,1.);
#4168 = DIRECTION('',(0.,1.));
#4169 = ( GEOMETRIC_REPRESENTATION_CONTEXT(2) 
PARAMETRIC_REPRESENTATION_CONTEXT() REPRESENTATION_CONTEXT('2D SPACE',''
  ) );
#4170 = PCURVE('',#2867,#4171);
#4171 = DEFINITIONAL_REPRESENTATION('',(#4172),#4176);
#4172 = LINE('',#4173,#4174);
#4173 = CARTESIAN_POINT('',(5.,0.));
#4174 = VECTOR('',#4175,1.);
#4175 = DIRECTION('',(0.,-1.));
#4176 = ( GEOMETRIC_REPRESENTATION_CONTEXT(2) 
PARAMETRIC_REPRESENTATION_CONTEXT() REPRESENTATION_CONTEXT('2D SPACE',''
  ) );
#4177 = ORIENTED_EDGE('',*,*,#2774,.F.);
#4178 = ADVANCED_FACE('',(#4179),#2867,.F.);
#4179 = FACE_BOUND('',#4180,.F.);
#4180 = EDGE_LOOP('',(#4181,#4182,#4203,#4224));
#4181 = ORIENTED_EDGE('',*,*,#4157,.F.);
#4182 = ORIENTED_EDGE('',*,*,#4183,.T.);
#4183 = EDGE_CURVE('',#4137,#4184,#4186,.T.);
#4184 = VERTEX_POINT('',#4185);
#4185 = CARTESIAN_POINT('',(48.,-59.79051262744,8.));
#4186 = SURFACE_CURVE('',#4187,(#4191,#4197),.PCURVE_S1.);
#4187 = LINE('',#4188,#4189);
#4188 = CARTESIAN_POINT('',(48.,-59.89704116907,3.931839124205));
#4189 = VECTOR('',#4190,1.);
#4190 = DIRECTION('',(0.,-2.617694830787E-02,-0.999657324976));
#4191 = PCURVE('',#2867,#4192);
#4192 = DEFINITIONAL_REPRESENTATION('',(#4193),#4196);
#4193 = B_SPLINE_CURVE_WITH_KNOTS('',1,(#4194,#4195),.UNSPECIFIED.,.F.,
  .F.,(2,2),(-9.071269373249,-4.069555410794),.PIECEWISE_BEZIER_KNOTS.);
#4194 = CARTESIAN_POINT('',(5.,-5.340416980399));
#4195 = CARTESIAN_POINT('',(8.881784197001E-16,-5.209487372553));
#4196 = ( GEOMETRIC_REPRESENTATION_CONTEXT(2) 
PARAMETRIC_REPRESENTATION_CONTEXT() REPRESENTATION_CONTEXT('2D SPACE',''
  ) );
#4197 = PCURVE('',#3661,#4198);
#4198 = DEFINITIONAL_REPRESENTATION('',(#4199),#4202);
#4199 = B_SPLINE_CURVE_WITH_KNOTS('',1,(#4200,#4201),.UNSPECIFIED.,.F.,
  .F.,(2,2),(-9.071269373249,-4.069555410794),.PIECEWISE_BEZIER_KNOTS.);
#4200 = CARTESIAN_POINT('',(13.004456302381,138.));
#4201 = CARTESIAN_POINT('',(8.002742339927,138.));
#4202 = ( GEOMETRIC_REPRESENTATION_CONTEXT(2) 
PARAMETRIC_REPRESENTATION_CONTEXT() REPRESENTATION_CONTEXT('2D SPACE',''
  ) );
#4203 = ORIENTED_EDGE('',*,*,#4204,.T.);
#4204 = EDGE_CURVE('',#4184,#2829,#4205,.T.);
#4205 = SURFACE_CURVE('',#4206,(#4210,#4217),.PCURVE_S1.);
#4206 = LINE('',#4207,#4208);
#4207 = CARTESIAN_POINT('',(48.,-65.,8.));
#4208 = VECTOR('',#4209,1.);
#4209 = DIRECTION('',(-0.,1.,0.));
#4210 = PCURVE('',#2867,#4211);
#4211 = DEFINITIONAL_REPRESENTATION('',(#4212),#4216);
#4212 = LINE('',#4213,#4214);
#4213 = CARTESIAN_POINT('',(0.,0.));
#4214 = VECTOR('',#4215,1.);
#4215 = DIRECTION('',(0.,-1.));
#4216 = ( GEOMETRIC_REPRESENTATION_CONTEXT(2) 
PARAMETRIC_REPRESENTATION_CONTEXT() REPRESENTATION_CONTEXT('2D SPACE',''
  ) );
#4217 = PCURVE('',#2843,#4218);
#4218 = DEFINITIONAL_REPRESENTATION('',(#4219),#4223);
#4219 = LINE('',#4220,#4221);
#4220 = CARTESIAN_POINT('',(16.,0.));
#4221 = VECTOR('',#4222,1.);
#4222 = DIRECTION('',(0.,1.));
#4223 = ( GEOMETRIC_REPRESENTATION_CONTEXT(2) 
PARAMETRIC_REPRESENTATION_CONTEXT() REPRESENTATION_CONTEXT('2D SPACE',''
  ) );
#4224 = ORIENTED_EDGE('',*,*,#2854,.F.);
#4225 = ADVANCED_FACE('',(#4226),#2843,.T.);
#4226 = FACE_BOUND('',#4227,.T.);
#4227 = EDGE_LOOP('',(#4228,#4251,#4270,#4271));
#4228 = ORIENTED_EDGE('',*,*,#4229,.F.);
#4229 = EDGE_CURVE('',#4230,#2803,#4232,.T.);
#4230 = VERTEX_POINT('',#4231);
#4231 = CARTESIAN_POINT('',(32.,-59.79051262744,8.));
#4232 = SURFACE_CURVE('',#4233,(#4237,#4244),.PCURVE_S1.);
#4233 = LINE('',#4234,#4235);
#4234 = CARTESIAN_POINT('',(32.,-65.,8.));
#4235 = VECTOR('',#4236,1.);
#4236 = DIRECTION('',(-0.,1.,0.));
#4237 = PCURVE('',#2843,#4238);
#4238 = DEFINITIONAL_REPRESENTATION('',(#4239),#4243);
#4239 = LINE('',#4240,#4241);
#4240 = CARTESIAN_POINT('',(0.,0.));
#4241 = VECTOR('',#4242,1.);
#4242 = DIRECTION('',(0.,1.));
#4243 = ( GEOMETRIC_REPRESENTATION_CONTEXT(2) 
PARAMETRIC_REPRESENTATION_CONTEXT() REPRESENTATION_CONTEXT('2D SPACE',''
  ) );
#4244 = PCURVE('',#2817,#4245);
#4245 = DEFINITIONAL_REPRESENTATION('',(#4246),#4250);
#4246 = LINE('',#4247,#4248);
#4247 = CARTESIAN_POINT('',(0.,0.));
#4248 = VECTOR('',#4249,1.);
#4249 = DIRECTION('',(0.,-1.));
#4250 = ( GEOMETRIC_REPRESENTATION_CONTEXT(2) 
PARAMETRIC_REPRESENTATION_CONTEXT() REPRESENTATION_CONTEXT('2D SPACE',''
  ) );
#4251 = ORIENTED_EDGE('',*,*,#4252,.T.);
#4252 = EDGE_CURVE('',#4230,#4184,#4253,.T.);
#4253 = SURFACE_CURVE('',#4254,(#4258,#4264),.PCURVE_S1.);
#4254 = LINE('',#4255,#4256);
#4255 = CARTESIAN_POINT('',(-29.,-59.79051262744,8.));
#4256 = VECTOR('',#4257,1.);
#4257 = DIRECTION('',(1.,-0.,0.));
#4258 = PCURVE('',#2843,#4259);
#4259 = DEFINITIONAL_REPRESENTATION('',(#4260),#4263);
#4260 = B_SPLINE_CURVE_WITH_KNOTS('',1,(#4261,#4262),.UNSPECIFIED.,.F.,
  .F.,(2,2),(61.,77.),.PIECEWISE_BEZIER_KNOTS.);
#4261 = CARTESIAN_POINT('',(0.,5.209487372553));
#4262 = CARTESIAN_POINT('',(16.,5.209487372553));
#4263 = ( GEOMETRIC_REPRESENTATION_CONTEXT(2) 
PARAMETRIC_REPRESENTATION_CONTEXT() REPRESENTATION_CONTEXT('2D SPACE',''
  ) );
#4264 = PCURVE('',#3661,#4265);
#4265 = DEFINITIONAL_REPRESENTATION('',(#4266),#4269);
#4266 = B_SPLINE_CURVE_WITH_KNOTS('',1,(#4267,#4268),.UNSPECIFIED.,.F.,
  .F.,(2,2),(61.,77.),.PIECEWISE_BEZIER_KNOTS.);
#4267 = CARTESIAN_POINT('',(8.002742339927,122.));
#4268 = CARTESIAN_POINT('',(8.002742339927,138.));
#4269 = ( GEOMETRIC_REPRESENTATION_CONTEXT(2) 
PARAMETRIC_REPRESENTATION_CONTEXT() REPRESENTATION_CONTEXT('2D SPACE',''
  ) );
#4270 = ORIENTED_EDGE('',*,*,#4204,.T.);
#4271 = ORIENTED_EDGE('',*,*,#2828,.F.);
#4272 = ADVANCED_FACE('',(#4273),#2817,.T.);
#4273 = FACE_BOUND('',#4274,.T.);
#4274 = EDGE_LOOP('',(#4275,#4276,#4295,#4296));
#4275 = ORIENTED_EDGE('',*,*,#4113,.F.);
#4276 = ORIENTED_EDGE('',*,*,#4277,.T.);
#4277 = EDGE_CURVE('',#4114,#4230,#4278,.T.);
#4278 = SURFACE_CURVE('',#4279,(#4283,#4289),.PCURVE_S1.);
#4279 = LINE('',#4280,#4281);
#4280 = CARTESIAN_POINT('',(32.,-59.89704116907,3.931839124205));
#4281 = VECTOR('',#4282,1.);
#4282 = DIRECTION('',(0.,-2.617694830787E-02,-0.999657324976));
#4283 = PCURVE('',#2817,#4284);
#4284 = DEFINITIONAL_REPRESENTATION('',(#4285),#4288);
#4285 = B_SPLINE_CURVE_WITH_KNOTS('',1,(#4286,#4287),.UNSPECIFIED.,.F.,
  .F.,(2,2),(-9.071269373249,-4.069555410794),.PIECEWISE_BEZIER_KNOTS.);
#4286 = CARTESIAN_POINT('',(5.,-5.340416980399));
#4287 = CARTESIAN_POINT('',(8.881784197001E-16,-5.209487372553));
#4288 = ( GEOMETRIC_REPRESENTATION_CONTEXT(2) 
PARAMETRIC_REPRESENTATION_CONTEXT() REPRESENTATION_CONTEXT('2D SPACE',''
  ) );
#4289 = PCURVE('',#3661,#4290);
#4290 = DEFINITIONAL_REPRESENTATION('',(#4291),#4294);
#4291 = B_SPLINE_CURVE_WITH_KNOTS('',1,(#4292,#4293),.UNSPECIFIED.,.F.,
  .F.,(2,2),(-9.071269373249,-4.069555410794),.PIECEWISE_BEZIER_KNOTS.);
#4292 = CARTESIAN_POINT('',(13.004456302381,122.));
#4293 = CARTESIAN_POINT('',(8.002742339927,122.));
#4294 = ( GEOMETRIC_REPRESENTATION_CONTEXT(2) 
PARAMETRIC_REPRESENTATION_CONTEXT() REPRESENTATION_CONTEXT('2D SPACE',''
  ) );
#4295 = ORIENTED_EDGE('',*,*,#4229,.T.);
#4296 = ORIENTED_EDGE('',*,*,#2802,.F.);
#4297 = ADVANCED_FACE('',(#4298),#2972,.F.);
#4298 = FACE_BOUND('',#4299,.F.);
#4299 = EDGE_LOOP('',(#4300,#4301,#4302,#4303));
#4300 = ORIENTED_EDGE('',*,*,#3825,.T.);
#4301 = ORIENTED_EDGE('',*,*,#2958,.T.);
#4302 = ORIENTED_EDGE('',*,*,#3199,.T.);
#4303 = ORIENTED_EDGE('',*,*,#3249,.F.);
#4304 = ADVANCED_FACE('',(#4305),#3003,.F.);
#4305 = FACE_BOUND('',#4306,.F.);
#4306 = EDGE_LOOP('',(#4307,#4330,#4331,#4354));
#4307 = ORIENTED_EDGE('',*,*,#4308,.F.);
#4308 = EDGE_CURVE('',#2987,#4309,#4311,.T.);
#4309 = VERTEX_POINT('',#4310);
#4310 = CARTESIAN_POINT('',(-48.,59.659583019601,13.));
#4311 = SURFACE_CURVE('',#4312,(#4316,#4323),.PCURVE_S1.);
#4312 = LINE('',#4313,#4314);
#4313 = CARTESIAN_POINT('',(-48.,53.,13.));
#4314 = VECTOR('',#4315,1.);
#4315 = DIRECTION('',(-0.,1.,0.));
#4316 = PCURVE('',#3003,#4317);
#4317 = DEFINITIONAL_REPRESENTATION('',(#4318),#4322);
#4318 = LINE('',#4319,#4320);
#4319 = CARTESIAN_POINT('',(0.,0.));
#4320 = VECTOR('',#4321,1.);
#4321 = DIRECTION('',(0.,1.));
#4322 = ( GEOMETRIC_REPRESENTATION_CONTEXT(2) 
PARAMETRIC_REPRESENTATION_CONTEXT() REPRESENTATION_CONTEXT('2D SPACE',''
  ) );
#4323 = PCURVE('',#3029,#4324);
#4324 = DEFINITIONAL_REPRESENTATION('',(#4325),#4329);
#4325 = LINE('',#4326,#4327);
#4326 = CARTESIAN_POINT('',(5.,0.));
#4327 = VECTOR('',#4328,1.);
#4328 = DIRECTION('',(0.,-1.));
#4329 = ( GEOMETRIC_REPRESENTATION_CONTEXT(2) 
PARAMETRIC_REPRESENTATION_CONTEXT() REPRESENTATION_CONTEXT('2D SPACE',''
  ) );
#4330 = ORIENTED_EDGE('',*,*,#2986,.T.);
#4331 = ORIENTED_EDGE('',*,*,#4332,.T.);
#4332 = EDGE_CURVE('',#2989,#4333,#4335,.T.);
#4333 = VERTEX_POINT('',#4334);
#4334 = CARTESIAN_POINT('',(-32.,59.659583019601,13.));
#4335 = SURFACE_CURVE('',#4336,(#4340,#4347),.PCURVE_S1.);
#4336 = LINE('',#4337,#4338);
#4337 = CARTESIAN_POINT('',(-32.,53.,13.));
#4338 = VECTOR('',#4339,1.);
#4339 = DIRECTION('',(-0.,1.,0.));
#4340 = PCURVE('',#3003,#4341);
#4341 = DEFINITIONAL_REPRESENTATION('',(#4342),#4346);
#4342 = LINE('',#4343,#4344);
#4343 = CARTESIAN_POINT('',(16.,0.));
#4344 = VECTOR('',#4345,1.);
#4345 = DIRECTION('',(0.,1.));
#4346 = ( GEOMETRIC_REPRESENTATION_CONTEXT(2) 
PARAMETRIC_REPRESENTATION_CONTEXT() REPRESENTATION_CONTEXT('2D SPACE',''
  ) );
#4347 = PCURVE('',#3079,#4348);
#4348 = DEFINITIONAL_REPRESENTATION('',(#4349),#4353);
#4349 = LINE('',#4350,#4351);
#4350 = CARTESIAN_POINT('',(5.,0.));
#4351 = VECTOR('',#4352,1.);
#4352 = DIRECTION('',(0.,-1.));
#4353 = ( GEOMETRIC_REPRESENTATION_CONTEXT(2) 
PARAMETRIC_REPRESENTATION_CONTEXT() REPRESENTATION_CONTEXT('2D SPACE',''
  ) );
#4354 = ORIENTED_EDGE('',*,*,#4355,.F.);
#4355 = EDGE_CURVE('',#4309,#4333,#4356,.T.);
#4356 = SURFACE_CURVE('',#4357,(#4361,#4367),.PCURVE_S1.);
#4357 = LINE('',#4358,#4359);
#4358 = CARTESIAN_POINT('',(-69.,59.659583019601,13.));
#4359 = VECTOR('',#4360,1.);
#4360 = DIRECTION('',(1.,0.,0.));
#4361 = PCURVE('',#3003,#4362);
#4362 = DEFINITIONAL_REPRESENTATION('',(#4363),#4366);
#4363 = B_SPLINE_CURVE_WITH_KNOTS('',1,(#4364,#4365),.UNSPECIFIED.,.F.,
  .F.,(2,2),(21.,37.),.PIECEWISE_BEZIER_KNOTS.);
#4364 = CARTESIAN_POINT('',(0.,6.659583019601));
#4365 = CARTESIAN_POINT('',(16.,6.659583019601));
#4366 = ( GEOMETRIC_REPRESENTATION_CONTEXT(2) 
PARAMETRIC_REPRESENTATION_CONTEXT() REPRESENTATION_CONTEXT('2D SPACE',''
  ) );
#4367 = PCURVE('',#3779,#4368);
#4368 = DEFINITIONAL_REPRESENTATION('',(#4369),#4372);
#4369 = B_SPLINE_CURVE_WITH_KNOTS('',1,(#4370,#4371),.UNSPECIFIED.,.F.,
  .F.,(2,2),(21.,37.),.PIECEWISE_BEZIER_KNOTS.);
#4370 = CARTESIAN_POINT('',(13.004456302381,42.));
#4371 = CARTESIAN_POINT('',(13.004456302381,58.));
#4372 = ( GEOMETRIC_REPRESENTATION_CONTEXT(2) 
PARAMETRIC_REPRESENTATION_CONTEXT() REPRESENTATION_CONTEXT('2D SPACE',''
  ) );
#4373 = ADVANCED_FACE('',(#4374),#3029,.T.);
#4374 = FACE_BOUND('',#4375,.T.);
#4375 = EDGE_LOOP('',(#4376,#4377,#4378,#4401));
#4376 = ORIENTED_EDGE('',*,*,#4308,.F.);
#4377 = ORIENTED_EDGE('',*,*,#3014,.T.);
#4378 = ORIENTED_EDGE('',*,*,#4379,.T.);
#4379 = EDGE_CURVE('',#3015,#4380,#4382,.T.);
#4380 = VERTEX_POINT('',#4381);
#4381 = CARTESIAN_POINT('',(-48.,59.790512627447,8.));
#4382 = SURFACE_CURVE('',#4383,(#4387,#4394),.PCURVE_S1.);
#4383 = LINE('',#4384,#4385);
#4384 = CARTESIAN_POINT('',(-48.,53.,8.));
#4385 = VECTOR('',#4386,1.);
#4386 = DIRECTION('',(-0.,1.,0.));
#4387 = PCURVE('',#3029,#4388);
#4388 = DEFINITIONAL_REPRESENTATION('',(#4389),#4393);
#4389 = LINE('',#4390,#4391);
#4390 = CARTESIAN_POINT('',(0.,0.));
#4391 = VECTOR('',#4392,1.);
#4392 = DIRECTION('',(0.,-1.));
#4393 = ( GEOMETRIC_REPRESENTATION_CONTEXT(2) 
PARAMETRIC_REPRESENTATION_CONTEXT() REPRESENTATION_CONTEXT('2D SPACE',''
  ) );
#4394 = PCURVE('',#3055,#4395);
#4395 = DEFINITIONAL_REPRESENTATION('',(#4396),#4400);
#4396 = LINE('',#4397,#4398);
#4397 = CARTESIAN_POINT('',(0.,0.));
#4398 = VECTOR('',#4399,1.);
#4399 = DIRECTION('',(0.,1.));
#4400 = ( GEOMETRIC_REPRESENTATION_CONTEXT(2) 
PARAMETRIC_REPRESENTATION_CONTEXT() REPRESENTATION_CONTEXT('2D SPACE',''
  ) );
#4401 = ORIENTED_EDGE('',*,*,#4402,.F.);
#4402 = EDGE_CURVE('',#4309,#4380,#4403,.T.);
#4403 = SURFACE_CURVE('',#4404,(#4408,#4414),.PCURVE_S1.);
#4404 = LINE('',#4405,#4406);
#4405 = CARTESIAN_POINT('',(-48.,59.892929773335,4.088846992934));
#4406 = VECTOR('',#4407,1.);
#4407 = DIRECTION('',(-0.,2.617694830787E-02,-0.999657324976));
#4408 = PCURVE('',#3029,#4409);
#4409 = DEFINITIONAL_REPRESENTATION('',(#4410),#4413);
#4410 = B_SPLINE_CURVE_WITH_KNOTS('',1,(#4411,#4412),.UNSPECIFIED.,.F.,
  .F.,(2,2),(-8.914207683401,-3.912493720947),.PIECEWISE_BEZIER_KNOTS.);
#4411 = CARTESIAN_POINT('',(5.,-6.659583019601));
#4412 = CARTESIAN_POINT('',(4.440892098501E-16,-6.790512627447));
#4413 = ( GEOMETRIC_REPRESENTATION_CONTEXT(2) 
PARAMETRIC_REPRESENTATION_CONTEXT() REPRESENTATION_CONTEXT('2D SPACE',''
  ) );
#4414 = PCURVE('',#3779,#4415);
#4415 = DEFINITIONAL_REPRESENTATION('',(#4416),#4419);
#4416 = B_SPLINE_CURVE_WITH_KNOTS('',1,(#4417,#4418),.UNSPECIFIED.,.F.,
  .F.,(2,2),(-8.914207683401,-3.912493720947),.PIECEWISE_BEZIER_KNOTS.);
#4417 = CARTESIAN_POINT('',(13.004456302381,42.));
#4418 = CARTESIAN_POINT('',(8.002742339927,42.));
#4419 = ( GEOMETRIC_REPRESENTATION_CONTEXT(2) 
PARAMETRIC_REPRESENTATION_CONTEXT() REPRESENTATION_CONTEXT('2D SPACE',''
  ) );
#4420 = ADVANCED_FACE('',(#4421),#3079,.F.);
#4421 = FACE_BOUND('',#4422,.F.);
#4422 = EDGE_LOOP('',(#4423,#4424,#4425,#4448));
#4423 = ORIENTED_EDGE('',*,*,#4332,.F.);
#4424 = ORIENTED_EDGE('',*,*,#3066,.T.);
#4425 = ORIENTED_EDGE('',*,*,#4426,.T.);
#4426 = EDGE_CURVE('',#3041,#4427,#4429,.T.);
#4427 = VERTEX_POINT('',#4428);
#4428 = CARTESIAN_POINT('',(-32.,59.790512627447,8.));
#4429 = SURFACE_CURVE('',#4430,(#4434,#4441),.PCURVE_S1.);
#4430 = LINE('',#4431,#4432);
#4431 = CARTESIAN_POINT('',(-32.,53.,8.));
#4432 = VECTOR('',#4433,1.);
#4433 = DIRECTION('',(-0.,1.,0.));
#4434 = PCURVE('',#3079,#4435);
#4435 = DEFINITIONAL_REPRESENTATION('',(#4436),#4440);
#4436 = LINE('',#4437,#4438);
#4437 = CARTESIAN_POINT('',(0.,0.));
#4438 = VECTOR('',#4439,1.);
#4439 = DIRECTION('',(0.,-1.));
#4440 = ( GEOMETRIC_REPRESENTATION_CONTEXT(2) 
PARAMETRIC_REPRESENTATION_CONTEXT() REPRESENTATION_CONTEXT('2D SPACE',''
  ) );
#4441 = PCURVE('',#3055,#4442);
#4442 = DEFINITIONAL_REPRESENTATION('',(#4443),#4447);
#4443 = LINE('',#4444,#4445);
#4444 = CARTESIAN_POINT('',(16.,0.));
#4445 = VECTOR('',#4446,1.);
#4446 = DIRECTION('',(0.,1.));
#4447 = ( GEOMETRIC_REPRESENTATION_CONTEXT(2) 
PARAMETRIC_REPRESENTATION_CONTEXT() REPRESENTATION_CONTEXT('2D SPACE',''
  ) );
#4448 = ORIENTED_EDGE('',*,*,#4449,.F.);
#4449 = EDGE_CURVE('',#4333,#4427,#4450,.T.);
#4450 = SURFACE_CURVE('',#4451,(#4455,#4461),.PCURVE_S1.);
#4451 = LINE('',#4452,#4453);
#4452 = CARTESIAN_POINT('',(-32.,59.892929773335,4.088846992934));
#4453 = VECTOR('',#4454,1.);
#4454 = DIRECTION('',(-0.,2.617694830787E-02,-0.999657324976));
#4455 = PCURVE('',#3079,#4456);
#4456 = DEFINITIONAL_REPRESENTATION('',(#4457),#4460);
#4457 = B_SPLINE_CURVE_WITH_KNOTS('',1,(#4458,#4459),.UNSPECIFIED.,.F.,
  .F.,(2,2),(-8.914207683401,-3.912493720947),.PIECEWISE_BEZIER_KNOTS.);
#4458 = CARTESIAN_POINT('',(5.,-6.659583019601));
#4459 = CARTESIAN_POINT('',(4.440892098501E-16,-6.790512627447));
#4460 = ( GEOMETRIC_REPRESENTATION_CONTEXT(2) 
PARAMETRIC_REPRESENTATION_CONTEXT() REPRESENTATION_CONTEXT('2D SPACE',''
  ) );
#4461 = PCURVE('',#3779,#4462);
#4462 = DEFINITIONAL_REPRESENTATION('',(#4463),#4466);
#4463 = B_SPLINE_CURVE_WITH_KNOTS('',1,(#4464,#4465),.UNSPECIFIED.,.F.,
  .F.,(2,2),(-8.914207683401,-3.912493720947),.PIECEWISE_BEZIER_KNOTS.);
#4464 = CARTESIAN_POINT('',(13.004456302381,58.));
#4465 = CARTESIAN_POINT('',(8.002742339927,58.));
#4466 = ( GEOMETRIC_REPRESENTATION_CONTEXT(2) 
PARAMETRIC_REPRESENTATION_CONTEXT() REPRESENTATION_CONTEXT('2D SPACE',''
  ) );
#4467 = ADVANCED_FACE('',(#4468),#3055,.T.);
#4468 = FACE_BOUND('',#4469,.T.);
#4469 = EDGE_LOOP('',(#4470,#4471,#4472,#4473));
#4470 = ORIENTED_EDGE('',*,*,#4379,.F.);
#4471 = ORIENTED_EDGE('',*,*,#3040,.T.);
#4472 = ORIENTED_EDGE('',*,*,#4426,.T.);
#4473 = ORIENTED_EDGE('',*,*,#4474,.F.);
#4474 = EDGE_CURVE('',#4380,#4427,#4475,.T.);
#4475 = SURFACE_CURVE('',#4476,(#4480,#4486),.PCURVE_S1.);
#4476 = LINE('',#4477,#4478);
#4477 = CARTESIAN_POINT('',(-69.,59.790512627447,8.));
#4478 = VECTOR('',#4479,1.);
#4479 = DIRECTION('',(1.,0.,0.));
#4480 = PCURVE('',#3055,#4481);
#4481 = DEFINITIONAL_REPRESENTATION('',(#4482),#4485);
#4482 = B_SPLINE_CURVE_WITH_KNOTS('',1,(#4483,#4484),.UNSPECIFIED.,.F.,
  .F.,(2,2),(21.,37.),.PIECEWISE_BEZIER_KNOTS.);
#4483 = CARTESIAN_POINT('',(0.,6.790512627447));
#4484 = CARTESIAN_POINT('',(16.,6.790512627447));
#4485 = ( GEOMETRIC_REPRESENTATION_CONTEXT(2) 
PARAMETRIC_REPRESENTATION_CONTEXT() REPRESENTATION_CONTEXT('2D SPACE',''
  ) );
#4486 = PCURVE('',#3779,#4487);
#4487 = DEFINITIONAL_REPRESENTATION('',(#4488),#4491);
#4488 = B_SPLINE_CURVE_WITH_KNOTS('',1,(#4489,#4490),.UNSPECIFIED.,.F.,
  .F.,(2,2),(21.,37.),.PIECEWISE_BEZIER_KNOTS.);
#4489 = CARTESIAN_POINT('',(8.002742339927,42.));
#4490 = CARTESIAN_POINT('',(8.002742339927,58.));
#4491 = ( GEOMETRIC_REPRESENTATION_CONTEXT(2) 
PARAMETRIC_REPRESENTATION_CONTEXT() REPRESENTATION_CONTEXT('2D SPACE',''
  ) );
#4492 = ADVANCED_FACE('',(#4493),#3109,.F.);
#4493 = FACE_BOUND('',#4494,.F.);
#4494 = EDGE_LOOP('',(#4495,#4518,#4519,#4542));
#4495 = ORIENTED_EDGE('',*,*,#4496,.F.);
#4496 = EDGE_CURVE('',#3093,#4497,#4499,.T.);
#4497 = VERTEX_POINT('',#4498);
#4498 = CARTESIAN_POINT('',(32.,59.659583019601,13.));
#4499 = SURFACE_CURVE('',#4500,(#4504,#4511),.PCURVE_S1.);
#4500 = LINE('',#4501,#4502);
#4501 = CARTESIAN_POINT('',(32.,53.,13.));
#4502 = VECTOR('',#4503,1.);
#4503 = DIRECTION('',(-0.,1.,0.));
#4504 = PCURVE('',#3109,#4505);
#4505 = DEFINITIONAL_REPRESENTATION('',(#4506),#4510);
#4506 = LINE('',#4507,#4508);
#4507 = CARTESIAN_POINT('',(0.,0.));
#4508 = VECTOR('',#4509,1.);
#4509 = DIRECTION('',(0.,1.));
#4510 = ( GEOMETRIC_REPRESENTATION_CONTEXT(2) 
PARAMETRIC_REPRESENTATION_CONTEXT() REPRESENTATION_CONTEXT('2D SPACE',''
  ) );
#4511 = PCURVE('',#3135,#4512);
#4512 = DEFINITIONAL_REPRESENTATION('',(#4513),#4517);
#4513 = LINE('',#4514,#4515);
#4514 = CARTESIAN_POINT('',(5.,0.));
#4515 = VECTOR('',#4516,1.);
#4516 = DIRECTION('',(0.,-1.));
#4517 = ( GEOMETRIC_REPRESENTATION_CONTEXT(2) 
PARAMETRIC_REPRESENTATION_CONTEXT() REPRESENTATION_CONTEXT('2D SPACE',''
  ) );
#4518 = ORIENTED_EDGE('',*,*,#3092,.T.);
#4519 = ORIENTED_EDGE('',*,*,#4520,.T.);
#4520 = EDGE_CURVE('',#3095,#4521,#4523,.T.);
#4521 = VERTEX_POINT('',#4522);
#4522 = CARTESIAN_POINT('',(48.,59.659583019601,13.));
#4523 = SURFACE_CURVE('',#4524,(#4528,#4535),.PCURVE_S1.);
#4524 = LINE('',#4525,#4526);
#4525 = CARTESIAN_POINT('',(48.,53.,13.));
#4526 = VECTOR('',#4527,1.);
#4527 = DIRECTION('',(-0.,1.,0.));
#4528 = PCURVE('',#3109,#4529);
#4529 = DEFINITIONAL_REPRESENTATION('',(#4530),#4534);
#4530 = LINE('',#4531,#4532);
#4531 = CARTESIAN_POINT('',(16.,0.));
#4532 = VECTOR('',#4533,1.);
#4533 = DIRECTION('',(0.,1.));
#4534 = ( GEOMETRIC_REPRESENTATION_CONTEXT(2) 
PARAMETRIC_REPRESENTATION_CONTEXT() REPRESENTATION_CONTEXT('2D SPACE',''
  ) );
#4535 = PCURVE('',#3185,#4536);
#4536 = DEFINITIONAL_REPRESENTATION('',(#4537),#4541);
#4537 = LINE('',#4538,#4539);
#4538 = CARTESIAN_POINT('',(5.,0.));
#4539 = VECTOR('',#4540,1.);
#4540 = DIRECTION('',(0.,-1.));
#4541 = ( GEOMETRIC_REPRESENTATION_CONTEXT(2) 
PARAMETRIC_REPRESENTATION_CONTEXT() REPRESENTATION_CONTEXT('2D SPACE',''
  ) );
#4542 = ORIENTED_EDGE('',*,*,#4543,.F.);
#4543 = EDGE_CURVE('',#4497,#4521,#4544,.T.);
#4544 = SURFACE_CURVE('',#4545,(#4549,#4555),.PCURVE_S1.);
#4545 = LINE('',#4546,#4547);
#4546 = CARTESIAN_POINT('',(-29.,59.659583019601,13.));
#4547 = VECTOR('',#4548,1.);
#4548 = DIRECTION('',(1.,0.,0.));
#4549 = PCURVE('',#3109,#4550);
#4550 = DEFINITIONAL_REPRESENTATION('',(#4551),#4554);
#4551 = B_SPLINE_CURVE_WITH_KNOTS('',1,(#4552,#4553),.UNSPECIFIED.,.F.,
  .F.,(2,2),(61.,77.),.PIECEWISE_BEZIER_KNOTS.);
#4552 = CARTESIAN_POINT('',(0.,6.659583019601));
#4553 = CARTESIAN_POINT('',(16.,6.659583019601));
#4554 = ( GEOMETRIC_REPRESENTATION_CONTEXT(2) 
PARAMETRIC_REPRESENTATION_CONTEXT() REPRESENTATION_CONTEXT('2D SPACE',''
  ) );
#4555 = PCURVE('',#3779,#4556);
#4556 = DEFINITIONAL_REPRESENTATION('',(#4557),#4560);
#4557 = B_SPLINE_CURVE_WITH_KNOTS('',1,(#4558,#4559),.UNSPECIFIED.,.F.,
  .F.,(2,2),(61.,77.),.PIECEWISE_BEZIER_KNOTS.);
#4558 = CARTESIAN_POINT('',(13.004456302381,122.));
#4559 = CARTESIAN_POINT('',(13.004456302381,138.));
#4560 = ( GEOMETRIC_REPRESENTATION_CONTEXT(2) 
PARAMETRIC_REPRESENTATION_CONTEXT() REPRESENTATION_CONTEXT('2D SPACE',''
  ) );
#4561 = ADVANCED_FACE('',(#4562),#3185,.F.);
#4562 = FACE_BOUND('',#4563,.F.);
#4563 = EDGE_LOOP('',(#4564,#4565,#4566,#4589));
#4564 = ORIENTED_EDGE('',*,*,#4520,.F.);
#4565 = ORIENTED_EDGE('',*,*,#3172,.T.);
#4566 = ORIENTED_EDGE('',*,*,#4567,.T.);
#4567 = EDGE_CURVE('',#3147,#4568,#4570,.T.);
#4568 = VERTEX_POINT('',#4569);
#4569 = CARTESIAN_POINT('',(48.,59.790512627447,8.));
#4570 = SURFACE_CURVE('',#4571,(#4575,#4582),.PCURVE_S1.);
#4571 = LINE('',#4572,#4573);
#4572 = CARTESIAN_POINT('',(48.,53.,8.));
#4573 = VECTOR('',#4574,1.);
#4574 = DIRECTION('',(-0.,1.,0.));
#4575 = PCURVE('',#3185,#4576);
#4576 = DEFINITIONAL_REPRESENTATION('',(#4577),#4581);
#4577 = LINE('',#4578,#4579);
#4578 = CARTESIAN_POINT('',(0.,0.));
#4579 = VECTOR('',#4580,1.);
#4580 = DIRECTION('',(0.,-1.));
#4581 = ( GEOMETRIC_REPRESENTATION_CONTEXT(2) 
PARAMETRIC_REPRESENTATION_CONTEXT() REPRESENTATION_CONTEXT('2D SPACE',''
  ) );
#4582 = PCURVE('',#3161,#4583);
#4583 = DEFINITIONAL_REPRESENTATION('',(#4584),#4588);
#4584 = LINE('',#4585,#4586);
#4585 = CARTESIAN_POINT('',(16.,0.));
#4586 = VECTOR('',#4587,1.);
#4587 = DIRECTION('',(0.,1.));
#4588 = ( GEOMETRIC_REPRESENTATION_CONTEXT(2) 
PARAMETRIC_REPRESENTATION_CONTEXT() REPRESENTATION_CONTEXT('2D SPACE',''
  ) );
#4589 = ORIENTED_EDGE('',*,*,#4590,.F.);
#4590 = EDGE_CURVE('',#4521,#4568,#4591,.T.);
#4591 = SURFACE_CURVE('',#4592,(#4596,#4602),.PCURVE_S1.);
#4592 = LINE('',#4593,#4594);
#4593 = CARTESIAN_POINT('',(48.,59.892929773335,4.088846992934));
#4594 = VECTOR('',#4595,1.);
#4595 = DIRECTION('',(-0.,2.617694830787E-02,-0.999657324976));
#4596 = PCURVE('',#3185,#4597);
#4597 = DEFINITIONAL_REPRESENTATION('',(#4598),#4601);
#4598 = B_SPLINE_CURVE_WITH_KNOTS('',1,(#4599,#4600),.UNSPECIFIED.,.F.,
  .F.,(2,2),(-8.914207683401,-3.912493720947),.PIECEWISE_BEZIER_KNOTS.);
#4599 = CARTESIAN_POINT('',(5.,-6.659583019601));
#4600 = CARTESIAN_POINT('',(4.440892098501E-16,-6.790512627447));
#4601 = ( GEOMETRIC_REPRESENTATION_CONTEXT(2) 
PARAMETRIC_REPRESENTATION_CONTEXT() REPRESENTATION_CONTEXT('2D SPACE',''
  ) );
#4602 = PCURVE('',#3779,#4603);
#4603 = DEFINITIONAL_REPRESENTATION('',(#4604),#4607);
#4604 = B_SPLINE_CURVE_WITH_KNOTS('',1,(#4605,#4606),.UNSPECIFIED.,.F.,
  .F.,(2,2),(-8.914207683401,-3.912493720947),.PIECEWISE_BEZIER_KNOTS.);
#4605 = CARTESIAN_POINT('',(13.004456302381,138.));
#4606 = CARTESIAN_POINT('',(8.002742339927,138.));
#4607 = ( GEOMETRIC_REPRESENTATION_CONTEXT(2) 
PARAMETRIC_REPRESENTATION_CONTEXT() REPRESENTATION_CONTEXT('2D SPACE',''
  ) );
#4608 = ADVANCED_FACE('',(#4609),#3161,.T.);
#4609 = FACE_BOUND('',#4610,.T.);
#4610 = EDGE_LOOP('',(#4611,#4634,#4635,#4636));
#4611 = ORIENTED_EDGE('',*,*,#4612,.F.);
#4612 = EDGE_CURVE('',#3121,#4613,#4615,.T.);
#4613 = VERTEX_POINT('',#4614);
#4614 = CARTESIAN_POINT('',(32.,59.790512627447,8.));
#4615 = SURFACE_CURVE('',#4616,(#4620,#4627),.PCURVE_S1.);
#4616 = LINE('',#4617,#4618);
#4617 = CARTESIAN_POINT('',(32.,53.,8.));
#4618 = VECTOR('',#4619,1.);
#4619 = DIRECTION('',(-0.,1.,0.));
#4620 = PCURVE('',#3161,#4621);
#4621 = DEFINITIONAL_REPRESENTATION('',(#4622),#4626);
#4622 = LINE('',#4623,#4624);
#4623 = CARTESIAN_POINT('',(0.,0.));
#4624 = VECTOR('',#4625,1.);
#4625 = DIRECTION('',(0.,1.));
#4626 = ( GEOMETRIC_REPRESENTATION_CONTEXT(2) 
PARAMETRIC_REPRESENTATION_CONTEXT() REPRESENTATION_CONTEXT('2D SPACE',''
  ) );
#4627 = PCURVE('',#3135,#4628);
#4628 = DEFINITIONAL_REPRESENTATION('',(#4629),#4633);
#4629 = LINE('',#4630,#4631);
#4630 = CARTESIAN_POINT('',(0.,0.));
#4631 = VECTOR('',#4632,1.);
#4632 = DIRECTION('',(0.,-1.));
#4633 = ( GEOMETRIC_REPRESENTATION_CONTEXT(2) 
PARAMETRIC_REPRESENTATION_CONTEXT() REPRESENTATION_CONTEXT('2D SPACE',''
  ) );
#4634 = ORIENTED_EDGE('',*,*,#3146,.T.);
#4635 = ORIENTED_EDGE('',*,*,#4567,.T.);
#4636 = ORIENTED_EDGE('',*,*,#4637,.F.);
#4637 = EDGE_CURVE('',#4613,#4568,#4638,.T.);
#4638 = SURFACE_CURVE('',#4639,(#4643,#4649),.PCURVE_S1.);
#4639 = LINE('',#4640,#4641);
#4640 = CARTESIAN_POINT('',(-29.,59.790512627447,8.));
#4641 = VECTOR('',#4642,1.);
#4642 = DIRECTION('',(1.,0.,0.));
#4643 = PCURVE('',#3161,#4644);
#4644 = DEFINITIONAL_REPRESENTATION('',(#4645),#4648);
#4645 = B_SPLINE_CURVE_WITH_KNOTS('',1,(#4646,#4647),.UNSPECIFIED.,.F.,
  .F.,(2,2),(61.,77.),.PIECEWISE_BEZIER_KNOTS.);
#4646 = CARTESIAN_POINT('',(0.,6.790512627447));
#4647 = CARTESIAN_POINT('',(16.,6.790512627447));
#4648 = ( GEOMETRIC_REPRESENTATION_CONTEXT(2) 
PARAMETRIC_REPRESENTATION_CONTEXT() REPRESENTATION_CONTEXT('2D SPACE',''
  ) );
#4649 = PCURVE('',#3779,#4650);
#4650 = DEFINITIONAL_REPRESENTATION('',(#4651),#4654);
#4651 = B_SPLINE_CURVE_WITH_KNOTS('',1,(#4652,#4653),.UNSPECIFIED.,.F.,
  .F.,(2,2),(61.,77.),.PIECEWISE_BEZIER_KNOTS.);
#4652 = CARTESIAN_POINT('',(8.002742339927,122.));
#4653 = CARTESIAN_POINT('',(8.002742339927,138.));
#4654 = ( GEOMETRIC_REPRESENTATION_CONTEXT(2) 
PARAMETRIC_REPRESENTATION_CONTEXT() REPRESENTATION_CONTEXT('2D SPACE',''
  ) );
#4655 = ADVANCED_FACE('',(#4656),#3135,.T.);
#4656 = FACE_BOUND('',#4657,.T.);
#4657 = EDGE_LOOP('',(#4658,#4659,#4660,#4661));
#4658 = ORIENTED_EDGE('',*,*,#4496,.F.);
#4659 = ORIENTED_EDGE('',*,*,#3120,.T.);
#4660 = ORIENTED_EDGE('',*,*,#4612,.T.);
#4661 = ORIENTED_EDGE('',*,*,#4662,.F.);
#4662 = EDGE_CURVE('',#4497,#4613,#4663,.T.);
#4663 = SURFACE_CURVE('',#4664,(#4668,#4674),.PCURVE_S1.);
#4664 = LINE('',#4665,#4666);
#4665 = CARTESIAN_POINT('',(32.,59.892929773335,4.088846992934));
#4666 = VECTOR('',#4667,1.);
#4667 = DIRECTION('',(-0.,2.617694830787E-02,-0.999657324976));
#4668 = PCURVE('',#3135,#4669);
#4669 = DEFINITIONAL_REPRESENTATION('',(#4670),#4673);
#4670 = B_SPLINE_CURVE_WITH_KNOTS('',1,(#4671,#4672),.UNSPECIFIED.,.F.,
  .F.,(2,2),(-8.914207683401,-3.912493720947),.PIECEWISE_BEZIER_KNOTS.);
#4671 = CARTESIAN_POINT('',(5.,-6.659583019601));
#4672 = CARTESIAN_POINT('',(4.440892098501E-16,-6.790512627447));
#4673 = ( GEOMETRIC_REPRESENTATION_CONTEXT(2) 
PARAMETRIC_REPRESENTATION_CONTEXT() REPRESENTATION_CONTEXT('2D SPACE',''
  ) );
#4674 = PCURVE('',#3779,#4675);
#4675 = DEFINITIONAL_REPRESENTATION('',(#4676),#4679);
#4676 = B_SPLINE_CURVE_WITH_KNOTS('',1,(#4677,#4678),.UNSPECIFIED.,.F.,
  .F.,(2,2),(-8.914207683401,-3.912493720947),.PIECEWISE_BEZIER_KNOTS.);
#4677 = CARTESIAN_POINT('',(13.004456302381,122.));
#4678 = CARTESIAN_POINT('',(8.002742339927,122.));
#4679 = ( GEOMETRIC_REPRESENTATION_CONTEXT(2) 
PARAMETRIC_REPRESENTATION_CONTEXT() REPRESENTATION_CONTEXT('2D SPACE',''
  ) );
#4680 = ADVANCED_FACE('',(#4681),#3315,.F.);
#4681 = FACE_BOUND('',#4682,.F.);
#4682 = EDGE_LOOP('',(#4683,#4706,#4733,#4734));
#4683 = ORIENTED_EDGE('',*,*,#4684,.T.);
#4684 = EDGE_CURVE('',#3299,#4685,#4687,.T.);
#4685 = VERTEX_POINT('',#4686);
#4686 = CARTESIAN_POINT('',(-78.4,-50.,35.5));
#4687 = SEAM_CURVE('',#4688,(#4692,#4699),.PCURVE_S1.);
#4688 = LINE('',#4689,#4690);
#4689 = CARTESIAN_POINT('',(-78.4,-50.,0.));
#4690 = VECTOR('',#4691,1.);
#4691 = DIRECTION('',(0.,0.,1.));
#4692 = PCURVE('',#3315,#4693);
#4693 = DEFINITIONAL_REPRESENTATION('',(#4694),#4698);
#4694 = LINE('',#4695,#4696);
#4695 = CARTESIAN_POINT('',(6.28318530718,-0.));
#4696 = VECTOR('',#4697,1.);
#4697 = DIRECTION('',(0.,1.));
#4698 = ( GEOMETRIC_REPRESENTATION_CONTEXT(2) 
PARAMETRIC_REPRESENTATION_CONTEXT() REPRESENTATION_CONTEXT('2D SPACE',''
  ) );
#4699 = PCURVE('',#3315,#4700);
#4700 = DEFINITIONAL_REPRESENTATION('',(#4701),#4705);
#4701 = LINE('',#4702,#4703);
#4702 = CARTESIAN_POINT('',(0.,-0.));
#4703 = VECTOR('',#4704,1.);
#4704 = DIRECTION('',(0.,1.));
#4705 = ( GEOMETRIC_REPRESENTATION_CONTEXT(2) 
PARAMETRIC_REPRESENTATION_CONTEXT() REPRESENTATION_CONTEXT('2D SPACE',''
  ) );
#4706 = ORIENTED_EDGE('',*,*,#4707,.F.);
#4707 = EDGE_CURVE('',#4685,#4685,#4708,.T.);
#4708 = SURFACE_CURVE('',#4709,(#4714,#4721),.PCURVE_S1.);
#4709 = CIRCLE('',#4710,1.6);
#4710 = AXIS2_PLACEMENT_3D('',#4711,#4712,#4713);
#4711 = CARTESIAN_POINT('',(-80.,-50.,35.5));
#4712 = DIRECTION('',(0.,0.,1.));
#4713 = DIRECTION('',(1.,0.,-0.));
#4714 = PCURVE('',#3315,#4715);
#4715 = DEFINITIONAL_REPRESENTATION('',(#4716),#4720);
#4716 = LINE('',#4717,#4718);
#4717 = CARTESIAN_POINT('',(0.,35.5));
#4718 = VECTOR('',#4719,1.);
#4719 = DIRECTION('',(1.,0.));
#4720 = ( GEOMETRIC_REPRESENTATION_CONTEXT(2) 
PARAMETRIC_REPRESENTATION_CONTEXT() REPRESENTATION_CONTEXT('2D SPACE',''
  ) );
#4721 = PCURVE('',#4722,#4727);
#4722 = PLANE('',#4723);
#4723 = AXIS2_PLACEMENT_3D('',#4724,#4725,#4726);
#4724 = CARTESIAN_POINT('',(-80.,-50.,35.5));
#4725 = DIRECTION('',(0.,0.,1.));
#4726 = DIRECTION('',(1.,0.,-0.));
#4727 = DEFINITIONAL_REPRESENTATION('',(#4728),#4732);
#4728 = CIRCLE('',#4729,1.6);
#4729 = AXIS2_PLACEMENT_2D('',#4730,#4731);
#4730 = CARTESIAN_POINT('',(0.,0.));
#4731 = DIRECTION('',(1.,0.));
#4732 = ( GEOMETRIC_REPRESENTATION_CONTEXT(2) 
PARAMETRIC_REPRESENTATION_CONTEXT() REPRESENTATION_CONTEXT('2D SPACE',''
  ) );
#4733 = ORIENTED_EDGE('',*,*,#4684,.F.);
#4734 = ORIENTED_EDGE('',*,*,#3298,.T.);
#4735 = ADVANCED_FACE('',(#4736),#3350,.F.);
#4736 = FACE_BOUND('',#4737,.F.);
#4737 = EDGE_LOOP('',(#4738,#4761,#4788,#4789));
#4738 = ORIENTED_EDGE('',*,*,#4739,.T.);
#4739 = EDGE_CURVE('',#3334,#4740,#4742,.T.);
#4740 = VERTEX_POINT('',#4741);
#4741 = CARTESIAN_POINT('',(81.6,-50.,35.5));
#4742 = SEAM_CURVE('',#4743,(#4747,#4754),.PCURVE_S1.);
#4743 = LINE('',#4744,#4745);
#4744 = CARTESIAN_POINT('',(81.6,-50.,0.));
#4745 = VECTOR('',#4746,1.);
#4746 = DIRECTION('',(0.,0.,1.));
#4747 = PCURVE('',#3350,#4748);
#4748 = DEFINITIONAL_REPRESENTATION('',(#4749),#4753);
#4749 = LINE('',#4750,#4751);
#4750 = CARTESIAN_POINT('',(6.28318530718,-0.));
#4751 = VECTOR('',#4752,1.);
#4752 = DIRECTION('',(0.,1.));
#4753 = ( GEOMETRIC_REPRESENTATION_CONTEXT(2) 
PARAMETRIC_REPRESENTATION_CONTEXT() REPRESENTATION_CONTEXT('2D SPACE',''
  ) );
#4754 = PCURVE('',#3350,#4755);
#4755 = DEFINITIONAL_REPRESENTATION('',(#4756),#4760);
#4756 = LINE('',#4757,#4758);
#4757 = CARTESIAN_POINT('',(0.,-0.));
#4758 = VECTOR('',#4759,1.);
#4759 = DIRECTION('',(0.,1.));
#4760 = ( GEOMETRIC_REPRESENTATION_CONTEXT(2) 
PARAMETRIC_REPRESENTATION_CONTEXT() REPRESENTATION_CONTEXT('2D SPACE',''
  ) );
#4761 = ORIENTED_EDGE('',*,*,#4762,.F.);
#4762 = EDGE_CURVE('',#4740,#4740,#4763,.T.);
#4763 = SURFACE_CURVE('',#4764,(#4769,#4776),.PCURVE_S1.);
#4764 = CIRCLE('',#4765,1.6);
#4765 = AXIS2_PLACEMENT_3D('',#4766,#4767,#4768);
#4766 = CARTESIAN_POINT('',(80.,-50.,35.5));
#4767 = DIRECTION('',(0.,0.,1.));
#4768 = DIRECTION('',(1.,0.,-0.));
#4769 = PCURVE('',#3350,#4770);
#4770 = DEFINITIONAL_REPRESENTATION('',(#4771),#4775);
#4771 = LINE('',#4772,#4773);
#4772 = CARTESIAN_POINT('',(0.,35.5));
#4773 = VECTOR('',#4774,1.);
#4774 = DIRECTION('',(1.,0.));
#4775 = ( GEOMETRIC_REPRESENTATION_CONTEXT(2) 
PARAMETRIC_REPRESENTATION_CONTEXT() REPRESENTATION_CONTEXT('2D SPACE',''
  ) );
#4776 = PCURVE('',#4777,#4782);
#4777 = PLANE('',#4778);
#4778 = AXIS2_PLACEMENT_3D('',#4779,#4780,#4781);
#4779 = CARTESIAN_POINT('',(80.,-50.,35.5));
#4780 = DIRECTION('',(0.,0.,1.));
#4781 = DIRECTION('',(1.,0.,-0.));
#4782 = DEFINITIONAL_REPRESENTATION('',(#4783),#4787);
#4783 = CIRCLE('',#4784,1.6);
#4784 = AXIS2_PLACEMENT_2D('',#4785,#4786);
#4785 = CARTESIAN_POINT('',(0.,0.));
#4786 = DIRECTION('',(1.,0.));
#4787 = ( GEOMETRIC_REPRESENTATION_CONTEXT(2) 
PARAMETRIC_REPRESENTATION_CONTEXT() REPRESENTATION_CONTEXT('2D SPACE',''
  ) );
#4788 = ORIENTED_EDGE('',*,*,#4739,.F.);
#4789 = ORIENTED_EDGE('',*,*,#3333,.T.);
#4790 = ADVANCED_FACE('',(#4791),#3385,.F.);
#4791 = FACE_BOUND('',#4792,.F.);
#4792 = EDGE_LOOP('',(#4793,#4816,#4843,#4844));
#4793 = ORIENTED_EDGE('',*,*,#4794,.T.);
#4794 = EDGE_CURVE('',#3369,#4795,#4797,.T.);
#4795 = VERTEX_POINT('',#4796);
#4796 = CARTESIAN_POINT('',(-78.4,50.,35.5));
#4797 = SEAM_CURVE('',#4798,(#4802,#4809),.PCURVE_S1.);
#4798 = LINE('',#4799,#4800);
#4799 = CARTESIAN_POINT('',(-78.4,50.,0.));
#4800 = VECTOR('',#4801,1.);
#4801 = DIRECTION('',(0.,0.,1.));
#4802 = PCURVE('',#3385,#4803);
#4803 = DEFINITIONAL_REPRESENTATION('',(#4804),#4808);
#4804 = LINE('',#4805,#4806);
#4805 = CARTESIAN_POINT('',(6.28318530718,-0.));
#4806 = VECTOR('',#4807,1.);
#4807 = DIRECTION('',(0.,1.));
#4808 = ( GEOMETRIC_REPRESENTATION_CONTEXT(2) 
PARAMETRIC_REPRESENTATION_CONTEXT() REPRESENTATION_CONTEXT('2D SPACE',''
  ) );
#4809 = PCURVE('',#3385,#4810);
#4810 = DEFINITIONAL_REPRESENTATION('',(#4811),#4815);
#4811 = LINE('',#4812,#4813);
#4812 = CARTESIAN_POINT('',(0.,-0.));
#4813 = VECTOR('',#4814,1.);
#4814 = DIRECTION('',(0.,1.));
#4815 = ( GEOMETRIC_REPRESENTATION_CONTEXT(2) 
PARAMETRIC_REPRESENTATION_CONTEXT() REPRESENTATION_CONTEXT('2D SPACE',''
  ) );
#4816 = ORIENTED_EDGE('',*,*,#4817,.F.);
#4817 = EDGE_CURVE('',#4795,#4795,#4818,.T.);
#4818 = SURFACE_CURVE('',#4819,(#4824,#4831),.PCURVE_S1.);
#4819 = CIRCLE('',#4820,1.6);
#4820 = AXIS2_PLACEMENT_3D('',#4821,#4822,#4823);
#4821 = CARTESIAN_POINT('',(-80.,50.,35.5));
#4822 = DIRECTION('',(0.,0.,1.));
#4823 = DIRECTION('',(1.,0.,-0.));
#4824 = PCURVE('',#3385,#4825);
#4825 = DEFINITIONAL_REPRESENTATION('',(#4826),#4830);
#4826 = LINE('',#4827,#4828);
#4827 = CARTESIAN_POINT('',(0.,35.5));
#4828 = VECTOR('',#4829,1.);
#4829 = DIRECTION('',(1.,0.));
#4830 = ( GEOMETRIC_REPRESENTATION_CONTEXT(2) 
PARAMETRIC_REPRESENTATION_CONTEXT() REPRESENTATION_CONTEXT('2D SPACE',''
  ) );
#4831 = PCURVE('',#4832,#4837);
#4832 = PLANE('',#4833);
#4833 = AXIS2_PLACEMENT_3D('',#4834,#4835,#4836);
#4834 = CARTESIAN_POINT('',(-80.,50.,35.5));
#4835 = DIRECTION('',(0.,0.,1.));
#4836 = DIRECTION('',(1.,0.,-0.));
#4837 = DEFINITIONAL_REPRESENTATION('',(#4838),#4842);
#4838 = CIRCLE('',#4839,1.6);
#4839 = AXIS2_PLACEMENT_2D('',#4840,#4841);
#4840 = CARTESIAN_POINT('',(0.,0.));
#4841 = DIRECTION('',(1.,0.));
#4842 = ( GEOMETRIC_REPRESENTATION_CONTEXT(2) 
PARAMETRIC_REPRESENTATION_CONTEXT() REPRESENTATION_CONTEXT('2D SPACE',''
  ) );
#4843 = ORIENTED_EDGE('',*,*,#4794,.F.);
#4844 = ORIENTED_EDGE('',*,*,#3368,.T.);
#4845 = ADVANCED_FACE('',(#4846),#3417,.F.);
#4846 = FACE_BOUND('',#4847,.F.);
#4847 = EDGE_LOOP('',(#4848,#4849,#4850,#4851));
#4848 = ORIENTED_EDGE('',*,*,#3403,.F.);
#4849 = ORIENTED_EDGE('',*,*,#3435,.T.);
#4850 = ORIENTED_EDGE('',*,*,#3460,.T.);
#4851 = ORIENTED_EDGE('',*,*,#3487,.F.);
#4852 = ADVANCED_FACE('',(#4853),#3540,.F.);
#4853 = FACE_BOUND('',#4854,.F.);
#4854 = EDGE_LOOP('',(#4855,#4878,#4905,#4906));
#4855 = ORIENTED_EDGE('',*,*,#4856,.T.);
#4856 = EDGE_CURVE('',#3524,#4857,#4859,.T.);
#4857 = VERTEX_POINT('',#4858);
#4858 = CARTESIAN_POINT('',(81.6,50.,35.5));
#4859 = SEAM_CURVE('',#4860,(#4864,#4871),.PCURVE_S1.);
#4860 = LINE('',#4861,#4862);
#4861 = CARTESIAN_POINT('',(81.6,50.,0.));
#4862 = VECTOR('',#4863,1.);
#4863 = DIRECTION('',(0.,0.,1.));
#4864 = PCURVE('',#3540,#4865);
#4865 = DEFINITIONAL_REPRESENTATION('',(#4866),#4870);
#4866 = LINE('',#4867,#4868);
#4867 = CARTESIAN_POINT('',(6.28318530718,-0.));
#4868 = VECTOR('',#4869,1.);
#4869 = DIRECTION('',(0.,1.));
#4870 = ( GEOMETRIC_REPRESENTATION_CONTEXT(2) 
PARAMETRIC_REPRESENTATION_CONTEXT() REPRESENTATION_CONTEXT('2D SPACE',''
  ) );
#4871 = PCURVE('',#3540,#4872);
#4872 = DEFINITIONAL_REPRESENTATION('',(#4873),#4877);
#4873 = LINE('',#4874,#4875);
#4874 = CARTESIAN_POINT('',(0.,-0.));
#4875 = VECTOR('',#4876,1.);
#4876 = DIRECTION('',(0.,1.));
#4877 = ( GEOMETRIC_REPRESENTATION_CONTEXT(2) 
PARAMETRIC_REPRESENTATION_CONTEXT() REPRESENTATION_CONTEXT('2D SPACE',''
  ) );
#4878 = ORIENTED_EDGE('',*,*,#4879,.F.);
#4879 = EDGE_CURVE('',#4857,#4857,#4880,.T.);
#4880 = SURFACE_CURVE('',#4881,(#4886,#4893),.PCURVE_S1.);
#4881 = CIRCLE('',#4882,1.6);
#4882 = AXIS2_PLACEMENT_3D('',#4883,#4884,#4885);
#4883 = CARTESIAN_POINT('',(80.,50.,35.5));
#4884 = DIRECTION('',(0.,0.,1.));
#4885 = DIRECTION('',(1.,0.,-0.));
#4886 = PCURVE('',#3540,#4887);
#4887 = DEFINITIONAL_REPRESENTATION('',(#4888),#4892);
#4888 = LINE('',#4889,#4890);
#4889 = CARTESIAN_POINT('',(0.,35.5));
#4890 = VECTOR('',#4891,1.);
#4891 = DIRECTION('',(1.,0.));
#4892 = ( GEOMETRIC_REPRESENTATION_CONTEXT(2) 
PARAMETRIC_REPRESENTATION_CONTEXT() REPRESENTATION_CONTEXT('2D SPACE',''
  ) );
#4893 = PCURVE('',#4894,#4899);
#4894 = PLANE('',#4895);
#4895 = AXIS2_PLACEMENT_3D('',#4896,#4897,#4898);
#4896 = CARTESIAN_POINT('',(80.,50.,35.5));
#4897 = DIRECTION('',(0.,0.,1.));
#4898 = DIRECTION('',(1.,0.,-0.));
#4899 = DEFINITIONAL_REPRESENTATION('',(#4900),#4904);
#4900 = CIRCLE('',#4901,1.6);
#4901 = AXIS2_PLACEMENT_2D('',#4902,#4903);
#4902 = CARTESIAN_POINT('',(0.,0.));
#4903 = DIRECTION('',(1.,0.));
#4904 = ( GEOMETRIC_REPRESENTATION_CONTEXT(2) 
PARAMETRIC_REPRESENTATION_CONTEXT() REPRESENTATION_CONTEXT('2D SPACE',''
  ) );
#4905 = ORIENTED_EDGE('',*,*,#4856,.F.);
#4906 = ORIENTED_EDGE('',*,*,#3523,.T.);
#4907 = ADVANCED_FACE('',(#4908),#3604,.F.);
#4908 = FACE_BOUND('',#4909,.F.);
#4909 = EDGE_LOOP('',(#4910,#4911,#4934,#4962));
#4910 = ORIENTED_EDGE('',*,*,#3587,.T.);
#4911 = ORIENTED_EDGE('',*,*,#4912,.T.);
#4912 = EDGE_CURVE('',#3590,#4913,#4915,.T.);
#4913 = VERTEX_POINT('',#4914);
#4914 = CARTESIAN_POINT('',(-89.02906449939,56.030092524467,
    37.078530844924));
#4915 = SURFACE_CURVE('',#4916,(#4920,#4927),.PCURVE_S1.);
#4916 = LINE('',#4917,#4918);
#4917 = CARTESIAN_POINT('',(-90.00205358624,57.003081611321,
    -7.842329482679E-02));
#4918 = VECTOR('',#4919,1.);
#4919 = DIRECTION('',(2.616798426498E-02,-2.616798426498E-02,
    0.999315001988));
#4920 = PCURVE('',#3604,#4921);
#4921 = DEFINITIONAL_REPRESENTATION('',(#4922),#4926);
#4922 = LINE('',#4923,#4924);
#4923 = CARTESIAN_POINT('',(-7.845017774337E-02,-117.0030816113));
#4924 = VECTOR('',#4925,1.);
#4925 = DIRECTION('',(0.999657559667,2.616798426498E-02));
#4926 = ( GEOMETRIC_REPRESENTATION_CONTEXT(2) 
PARAMETRIC_REPRESENTATION_CONTEXT() REPRESENTATION_CONTEXT('2D SPACE',''
  ) );
#4927 = PCURVE('',#3809,#4928);
#4928 = DEFINITIONAL_REPRESENTATION('',(#4929),#4933);
#4929 = LINE('',#4930,#4931);
#4930 = CARTESIAN_POINT('',(-0.,0.));
#4931 = VECTOR('',#4932,1.);
#4932 = DIRECTION('',(-0.,1.));
#4933 = ( GEOMETRIC_REPRESENTATION_CONTEXT(2) 
PARAMETRIC_REPRESENTATION_CONTEXT() REPRESENTATION_CONTEXT('2D SPACE',''
  ) );
#4934 = ORIENTED_EDGE('',*,*,#4935,.F.);
#4935 = EDGE_CURVE('',#4936,#4913,#4938,.T.);
#4936 = VERTEX_POINT('',#4937);
#4937 = CARTESIAN_POINT('',(-89.02906449939,-56.03009252446,
    37.078530844924));
#4938 = SURFACE_CURVE('',#4939,(#4943,#4950),.PCURVE_S1.);
#4939 = LINE('',#4940,#4941);
#4940 = CARTESIAN_POINT('',(-89.02906449939,-58.95256313723,
    37.078530844924));
#4941 = VECTOR('',#4942,1.);
#4942 = DIRECTION('',(-0.,1.,-0.));
#4943 = PCURVE('',#3604,#4944);
#4944 = DEFINITIONAL_REPRESENTATION('',(#4945),#4949);
#4945 = LINE('',#4946,#4947);
#4946 = CARTESIAN_POINT('',(37.09124108687,-1.047436862767));
#4947 = VECTOR('',#4948,1.);
#4948 = DIRECTION('',(0.,-1.));
#4949 = ( GEOMETRIC_REPRESENTATION_CONTEXT(2) 
PARAMETRIC_REPRESENTATION_CONTEXT() REPRESENTATION_CONTEXT('2D SPACE',''
  ) );
#4950 = PCURVE('',#4951,#4956);
#4951 = CYLINDRICAL_SURFACE('',#4952,3.);
#4952 = AXIS2_PLACEMENT_3D('',#4953,#4954,#4955);
#4953 = CARTESIAN_POINT('',(-86.03009252446,-58.95256313723,37.));
#4954 = DIRECTION('',(-0.,1.,-0.));
#4955 = DIRECTION('',(-0.999657324976,0.,2.617694830787E-02));
#4956 = DEFINITIONAL_REPRESENTATION('',(#4957),#4961);
#4957 = LINE('',#4958,#4959);
#4958 = CARTESIAN_POINT('',(0.,0.));
#4959 = VECTOR('',#4960,1.);
#4960 = DIRECTION('',(0.,1.));
#4961 = ( GEOMETRIC_REPRESENTATION_CONTEXT(2) 
PARAMETRIC_REPRESENTATION_CONTEXT() REPRESENTATION_CONTEXT('2D SPACE',''
  ) );
#4962 = ORIENTED_EDGE('',*,*,#4963,.F.);
#4963 = EDGE_CURVE('',#3588,#4936,#4964,.T.);
#4964 = SURFACE_CURVE('',#4965,(#4969,#4976),.PCURVE_S1.);
#4965 = LINE('',#4966,#4967);
#4966 = CARTESIAN_POINT('',(-90.00205358624,-57.00308161132,
    -7.842329482679E-02));
#4967 = VECTOR('',#4968,1.);
#4968 = DIRECTION('',(2.616798426498E-02,2.616798426498E-02,
    0.999315001988));
#4969 = PCURVE('',#3604,#4970);
#4970 = DEFINITIONAL_REPRESENTATION('',(#4971),#4975);
#4971 = LINE('',#4972,#4973);
#4972 = CARTESIAN_POINT('',(-7.845017774337E-02,-2.996918388679));
#4973 = VECTOR('',#4974,1.);
#4974 = DIRECTION('',(0.999657559667,-2.616798426498E-02));
#4975 = ( GEOMETRIC_REPRESENTATION_CONTEXT(2) 
PARAMETRIC_REPRESENTATION_CONTEXT() REPRESENTATION_CONTEXT('2D SPACE',''
  ) );
#4976 = PCURVE('',#3632,#4977);
#4977 = DEFINITIONAL_REPRESENTATION('',(#4978),#4982);
#4978 = LINE('',#4979,#4980);
#4979 = CARTESIAN_POINT('',(0.,0.));
#4980 = VECTOR('',#4981,1.);
#4981 = DIRECTION('',(0.,1.));
#4982 = ( GEOMETRIC_REPRESENTATION_CONTEXT(2) 
PARAMETRIC_REPRESENTATION_CONTEXT() REPRESENTATION_CONTEXT('2D SPACE',''
  ) );
#4983 = ADVANCED_FACE('',(#4984),#3632,.T.);
#4984 = FACE_BOUND('',#4985,.T.);
#4985 = EDGE_LOOP('',(#4986,#4987,#5010,#5042));
#4986 = ORIENTED_EDGE('',*,*,#3615,.T.);
#4987 = ORIENTED_EDGE('',*,*,#4988,.T.);
#4988 = EDGE_CURVE('',#3616,#4989,#4991,.T.);
#4989 = VERTEX_POINT('',#4990);
#4990 = CARTESIAN_POINT('',(-86.03009252446,-59.02906449939,
    37.078530844924));
#4991 = SURFACE_CURVE('',#4992,(#4996,#5003),.PCURVE_S1.);
#4992 = LINE('',#4993,#4994);
#4993 = CARTESIAN_POINT('',(-87.00308161132,-60.00205358624,
    -7.842329482679E-02));
#4994 = VECTOR('',#4995,1.);
#4995 = DIRECTION('',(2.616798426498E-02,2.616798426498E-02,
    0.999315001988));
#4996 = PCURVE('',#3632,#4997);
#4997 = DEFINITIONAL_REPRESENTATION('',(#4998),#5002);
#4998 = LINE('',#4999,#5000);
#4999 = CARTESIAN_POINT('',(1.570111094119,0.));
#5000 = VECTOR('',#5001,1.);
#5001 = DIRECTION('',(0.,1.));
#5002 = ( GEOMETRIC_REPRESENTATION_CONTEXT(2) 
PARAMETRIC_REPRESENTATION_CONTEXT() REPRESENTATION_CONTEXT('2D SPACE',''
  ) );
#5003 = PCURVE('',#3661,#5004);
#5004 = DEFINITIONAL_REPRESENTATION('',(#5005),#5009);
#5005 = LINE('',#5006,#5007);
#5006 = CARTESIAN_POINT('',(-7.845017774337E-02,2.996918388679));
#5007 = VECTOR('',#5008,1.);
#5008 = DIRECTION('',(0.999657559667,2.616798426498E-02));
#5009 = ( GEOMETRIC_REPRESENTATION_CONTEXT(2) 
PARAMETRIC_REPRESENTATION_CONTEXT() REPRESENTATION_CONTEXT('2D SPACE',''
  ) );
#5010 = ORIENTED_EDGE('',*,*,#5011,.F.);
#5011 = EDGE_CURVE('',#4936,#4989,#5012,.T.);
#5012 = SURFACE_CURVE('',#5013,(#5018,#5025),.PCURVE_S1.);
#5013 = CIRCLE('',#5014,3.);
#5014 = AXIS2_PLACEMENT_3D('',#5015,#5016,#5017);
#5015 = CARTESIAN_POINT('',(-86.03009252446,-56.03009252446,37.));
#5016 = DIRECTION('',(2.616798426498E-02,2.616798426498E-02,
    0.999315001988));
#5017 = DIRECTION('',(-0.999657324976,0.,2.617694830788E-02));
#5018 = PCURVE('',#3632,#5019);
#5019 = DEFINITIONAL_REPRESENTATION('',(#5020),#5024);
#5020 = LINE('',#5021,#5022);
#5021 = CARTESIAN_POINT('',(0.,37.182424026276));
#5022 = VECTOR('',#5023,1.);
#5023 = DIRECTION('',(1.,0.));
#5024 = ( GEOMETRIC_REPRESENTATION_CONTEXT(2) 
PARAMETRIC_REPRESENTATION_CONTEXT() REPRESENTATION_CONTEXT('2D SPACE',''
  ) );
#5025 = PCURVE('',#5026,#5031);
#5026 = SPHERICAL_SURFACE('',#5027,3.);
#5027 = AXIS2_PLACEMENT_3D('',#5028,#5029,#5030);
#5028 = CARTESIAN_POINT('',(-86.03009252446,-56.03009252446,37.));
#5029 = DIRECTION('',(0.,0.,-1.));
#5030 = DIRECTION('',(-1.,0.,0.));
#5031 = DEFINITIONAL_REPRESENTATION('',(#5032),#5041);
#5032 = B_SPLINE_CURVE_WITH_KNOTS('',7,(#5033,#5034,#5035,#5036,#5037,
    #5038,#5039,#5040),.UNSPECIFIED.,.F.,.F.,(8,8),(0.,1.570111094119),
  .PIECEWISE_BEZIER_KNOTS.);
#5033 = CARTESIAN_POINT('',(0.,-2.617993877992E-02));
#5034 = CARTESIAN_POINT('',(-0.224301637534,-3.204945912352E-02));
#5035 = CARTESIAN_POINT('',(-0.448683730904,-3.63829463036E-02));
#5036 = CARTESIAN_POINT('',(-0.673146157758,-3.869794847705E-02));
#5037 = CARTESIAN_POINT('',(-0.897650169037,-3.869794847707E-02));
#5038 = CARTESIAN_POINT('',(-1.122112595891,-3.638294630359E-02));
#5039 = CARTESIAN_POINT('',(-1.346494689261,-3.204945912352E-02));
#5040 = CARTESIAN_POINT('',(-1.570796326795,-2.617993877992E-02));
#5041 = ( GEOMETRIC_REPRESENTATION_CONTEXT(2) 
PARAMETRIC_REPRESENTATION_CONTEXT() REPRESENTATION_CONTEXT('2D SPACE',''
  ) );
#5042 = ORIENTED_EDGE('',*,*,#4963,.F.);
#5043 = ADVANCED_FACE('',(#5044,#5097,#5103),#3661,.F.);
#5044 = FACE_BOUND('',#5045,.F.);
#5045 = EDGE_LOOP('',(#5046,#5047,#5048,#5076));
#5046 = ORIENTED_EDGE('',*,*,#3646,.F.);
#5047 = ORIENTED_EDGE('',*,*,#4988,.T.);
#5048 = ORIENTED_EDGE('',*,*,#5049,.T.);
#5049 = EDGE_CURVE('',#4989,#5050,#5052,.T.);
#5050 = VERTEX_POINT('',#5051);
#5051 = CARTESIAN_POINT('',(86.030092524468,-59.02906449939,
    37.078530844924));
#5052 = SURFACE_CURVE('',#5053,(#5057,#5064),.PCURVE_S1.);
#5053 = LINE('',#5054,#5055);
#5054 = CARTESIAN_POINT('',(-88.95256313723,-59.02906449939,
    37.078530844924));
#5055 = VECTOR('',#5056,1.);
#5056 = DIRECTION('',(1.,-0.,0.));
#5057 = PCURVE('',#3661,#5058);
#5058 = DEFINITIONAL_REPRESENTATION('',(#5059),#5063);
#5059 = LINE('',#5060,#5061);
#5060 = CARTESIAN_POINT('',(37.09124108687,1.047436862767));
#5061 = VECTOR('',#5062,1.);
#5062 = DIRECTION('',(0.,1.));
#5063 = ( GEOMETRIC_REPRESENTATION_CONTEXT(2) 
PARAMETRIC_REPRESENTATION_CONTEXT() REPRESENTATION_CONTEXT('2D SPACE',''
  ) );
#5064 = PCURVE('',#5065,#5070);
#5065 = CYLINDRICAL_SURFACE('',#5066,3.);
#5066 = AXIS2_PLACEMENT_3D('',#5067,#5068,#5069);
#5067 = CARTESIAN_POINT('',(-88.95256313723,-56.03009252446,37.));
#5068 = DIRECTION('',(1.,-0.,0.));
#5069 = DIRECTION('',(-0.,-0.999657324976,2.617694830787E-02));
#5070 = DEFINITIONAL_REPRESENTATION('',(#5071),#5075);
#5071 = LINE('',#5072,#5073);
#5072 = CARTESIAN_POINT('',(-0.,0.));
#5073 = VECTOR('',#5074,1.);
#5074 = DIRECTION('',(-0.,1.));
#5075 = ( GEOMETRIC_REPRESENTATION_CONTEXT(2) 
PARAMETRIC_REPRESENTATION_CONTEXT() REPRESENTATION_CONTEXT('2D SPACE',''
  ) );
#5076 = ORIENTED_EDGE('',*,*,#5077,.F.);
#5077 = EDGE_CURVE('',#3647,#5050,#5078,.T.);
#5078 = SURFACE_CURVE('',#5079,(#5083,#5090),.PCURVE_S1.);
#5079 = LINE('',#5080,#5081);
#5080 = CARTESIAN_POINT('',(87.003081611321,-60.00205358624,
    -7.842329482679E-02));
#5081 = VECTOR('',#5082,1.);
#5082 = DIRECTION('',(-2.616798426498E-02,2.616798426498E-02,
    0.999315001988));
#5083 = PCURVE('',#3661,#5084);
#5084 = DEFINITIONAL_REPRESENTATION('',(#5085),#5089);
#5085 = LINE('',#5086,#5087);
#5086 = CARTESIAN_POINT('',(-7.845017774337E-02,177.00308161132));
#5087 = VECTOR('',#5088,1.);
#5088 = DIRECTION('',(0.999657559667,-2.616798426498E-02));
#5089 = ( GEOMETRIC_REPRESENTATION_CONTEXT(2) 
PARAMETRIC_REPRESENTATION_CONTEXT() REPRESENTATION_CONTEXT('2D SPACE',''
  ) );
#5090 = PCURVE('',#3693,#5091);
#5091 = DEFINITIONAL_REPRESENTATION('',(#5092),#5096);
#5092 = LINE('',#5093,#5094);
#5093 = CARTESIAN_POINT('',(-1.570111094119,0.));
#5094 = VECTOR('',#5095,1.);
#5095 = DIRECTION('',(-0.,1.));
#5096 = ( GEOMETRIC_REPRESENTATION_CONTEXT(2) 
PARAMETRIC_REPRESENTATION_CONTEXT() REPRESENTATION_CONTEXT('2D SPACE',''
  ) );
#5097 = FACE_BOUND('',#5098,.F.);
#5098 = EDGE_LOOP('',(#5099,#5100,#5101,#5102));
#5099 = ORIENTED_EDGE('',*,*,#3948,.F.);
#5100 = ORIENTED_EDGE('',*,*,#3995,.T.);
#5101 = ORIENTED_EDGE('',*,*,#4089,.T.);
#5102 = ORIENTED_EDGE('',*,*,#4042,.F.);
#5103 = FACE_BOUND('',#5104,.F.);
#5104 = EDGE_LOOP('',(#5105,#5106,#5107,#5108));
#5105 = ORIENTED_EDGE('',*,*,#4136,.F.);
#5106 = ORIENTED_EDGE('',*,*,#4277,.T.);
#5107 = ORIENTED_EDGE('',*,*,#4252,.T.);
#5108 = ORIENTED_EDGE('',*,*,#4183,.F.);
#5109 = ADVANCED_FACE('',(#5110),#3693,.T.);
#5110 = FACE_BOUND('',#5111,.F.);
#5111 = EDGE_LOOP('',(#5112,#5113,#5114,#5148));
#5112 = ORIENTED_EDGE('',*,*,#3672,.T.);
#5113 = ORIENTED_EDGE('',*,*,#5077,.T.);
#5114 = ORIENTED_EDGE('',*,*,#5115,.F.);
#5115 = EDGE_CURVE('',#5116,#5050,#5118,.T.);
#5116 = VERTEX_POINT('',#5117);
#5117 = CARTESIAN_POINT('',(89.029064499394,-56.03009252446,
    37.078530844924));
#5118 = SURFACE_CURVE('',#5119,(#5124,#5131),.PCURVE_S1.);
#5119 = CIRCLE('',#5120,3.);
#5120 = AXIS2_PLACEMENT_3D('',#5121,#5122,#5123);
#5121 = CARTESIAN_POINT('',(86.030092524468,-56.03009252446,37.));
#5122 = DIRECTION('',(2.616798426499E-02,-2.616798426499E-02,
    -0.999315001988));
#5123 = DIRECTION('',(0.999657324976,-2.368548066012E-15,
    2.617694830788E-02));
#5124 = PCURVE('',#3693,#5125);
#5125 = DEFINITIONAL_REPRESENTATION('',(#5126),#5130);
#5126 = LINE('',#5127,#5128);
#5127 = CARTESIAN_POINT('',(-0.,37.182424026276));
#5128 = VECTOR('',#5129,1.);
#5129 = DIRECTION('',(-1.,0.));
#5130 = ( GEOMETRIC_REPRESENTATION_CONTEXT(2) 
PARAMETRIC_REPRESENTATION_CONTEXT() REPRESENTATION_CONTEXT('2D SPACE',''
  ) );
#5131 = PCURVE('',#5132,#5137);
#5132 = SPHERICAL_SURFACE('',#5133,3.);
#5133 = AXIS2_PLACEMENT_3D('',#5134,#5135,#5136);
#5134 = CARTESIAN_POINT('',(86.030092524468,-56.03009252446,37.));
#5135 = DIRECTION('',(4.736951571734E-15,2.368475785867E-15,-1.));
#5136 = DIRECTION('',(1.,-2.307266960414E-15,4.736951571734E-15));
#5137 = DEFINITIONAL_REPRESENTATION('',(#5138),#5147);
#5138 = B_SPLINE_CURVE_WITH_KNOTS('',7,(#5139,#5140,#5141,#5142,#5143,
    #5144,#5145,#5146),.UNSPECIFIED.,.F.,.F.,(8,8),(0.,1.570111094119),
  .PIECEWISE_BEZIER_KNOTS.);
#5139 = CARTESIAN_POINT('',(0.,-2.617993877992E-02));
#5140 = CARTESIAN_POINT('',(0.224301637534,-3.204945912351E-02));
#5141 = CARTESIAN_POINT('',(0.448683730904,-3.638294630361E-02));
#5142 = CARTESIAN_POINT('',(0.673146157758,-3.869794847703E-02));
#5143 = CARTESIAN_POINT('',(0.897650169037,-3.869794847708E-02));
#5144 = CARTESIAN_POINT('',(1.122112595891,-3.63829463036E-02));
#5145 = CARTESIAN_POINT('',(1.346494689261,-3.204945912352E-02));
#5146 = CARTESIAN_POINT('',(1.570796326795,-2.617993877992E-02));
#5147 = ( GEOMETRIC_REPRESENTATION_CONTEXT(2) 
PARAMETRIC_REPRESENTATION_CONTEXT() REPRESENTATION_CONTEXT('2D SPACE',''
  ) );
#5148 = ORIENTED_EDGE('',*,*,#5149,.F.);
#5149 = EDGE_CURVE('',#3673,#5116,#5150,.T.);
#5150 = SURFACE_CURVE('',#5151,(#5155,#5162),.PCURVE_S1.);
#5151 = LINE('',#5152,#5153);
#5152 = CARTESIAN_POINT('',(90.002053586248,-57.00308161132,
    -7.842329482679E-02));
#5153 = VECTOR('',#5154,1.);
#5154 = DIRECTION('',(-2.616798426498E-02,2.616798426498E-02,
    0.999315001988));
#5155 = PCURVE('',#3693,#5156);
#5156 = DEFINITIONAL_REPRESENTATION('',(#5157),#5161);
#5157 = LINE('',#5158,#5159);
#5158 = CARTESIAN_POINT('',(-0.,0.));
#5159 = VECTOR('',#5160,1.);
#5160 = DIRECTION('',(-0.,1.));
#5161 = ( GEOMETRIC_REPRESENTATION_CONTEXT(2) 
PARAMETRIC_REPRESENTATION_CONTEXT() REPRESENTATION_CONTEXT('2D SPACE',''
  ) );
#5162 = PCURVE('',#3722,#5163);
#5163 = DEFINITIONAL_REPRESENTATION('',(#5164),#5168);
#5164 = LINE('',#5165,#5166);
#5165 = CARTESIAN_POINT('',(-7.845017774337E-02,-2.996918388679));
#5166 = VECTOR('',#5167,1.);
#5167 = DIRECTION('',(0.999657559667,-2.616798426498E-02));
#5168 = ( GEOMETRIC_REPRESENTATION_CONTEXT(2) 
PARAMETRIC_REPRESENTATION_CONTEXT() REPRESENTATION_CONTEXT('2D SPACE',''
  ) );
#5169 = ADVANCED_FACE('',(#5170),#3722,.T.);
#5170 = FACE_BOUND('',#5171,.T.);
#5171 = EDGE_LOOP('',(#5172,#5173,#5196,#5222));
#5172 = ORIENTED_EDGE('',*,*,#3707,.T.);
#5173 = ORIENTED_EDGE('',*,*,#5174,.T.);
#5174 = EDGE_CURVE('',#3708,#5175,#5177,.T.);
#5175 = VERTEX_POINT('',#5176);
#5176 = CARTESIAN_POINT('',(89.029064499394,56.030092524467,
    37.078530844924));
#5177 = SURFACE_CURVE('',#5178,(#5182,#5189),.PCURVE_S1.);
#5178 = LINE('',#5179,#5180);
#5179 = CARTESIAN_POINT('',(90.002053586248,57.003081611321,
    -7.842329482679E-02));
#5180 = VECTOR('',#5181,1.);
#5181 = DIRECTION('',(-2.616798426498E-02,-2.616798426498E-02,
    0.999315001988));
#5182 = PCURVE('',#3722,#5183);
#5183 = DEFINITIONAL_REPRESENTATION('',(#5184),#5188);
#5184 = LINE('',#5185,#5186);
#5185 = CARTESIAN_POINT('',(-7.845017774337E-02,-117.0030816113));
#5186 = VECTOR('',#5187,1.);
#5187 = DIRECTION('',(0.999657559667,2.616798426498E-02));
#5188 = ( GEOMETRIC_REPRESENTATION_CONTEXT(2) 
PARAMETRIC_REPRESENTATION_CONTEXT() REPRESENTATION_CONTEXT('2D SPACE',''
  ) );
#5189 = PCURVE('',#3750,#5190);
#5190 = DEFINITIONAL_REPRESENTATION('',(#5191),#5195);
#5191 = LINE('',#5192,#5193);
#5192 = CARTESIAN_POINT('',(0.,0.));
#5193 = VECTOR('',#5194,1.);
#5194 = DIRECTION('',(0.,1.));
#5195 = ( GEOMETRIC_REPRESENTATION_CONTEXT(2) 
PARAMETRIC_REPRESENTATION_CONTEXT() REPRESENTATION_CONTEXT('2D SPACE',''
  ) );
#5196 = ORIENTED_EDGE('',*,*,#5197,.F.);
#5197 = EDGE_CURVE('',#5116,#5175,#5198,.T.);
#5198 = SURFACE_CURVE('',#5199,(#5203,#5210),.PCURVE_S1.);
#5199 = LINE('',#5200,#5201);
#5200 = CARTESIAN_POINT('',(89.029064499394,-58.95256313723,
    37.078530844924));
#5201 = VECTOR('',#5202,1.);
#5202 = DIRECTION('',(-0.,1.,-0.));
#5203 = PCURVE('',#3722,#5204);
#5204 = DEFINITIONAL_REPRESENTATION('',(#5205),#5209);
#5205 = LINE('',#5206,#5207);
#5206 = CARTESIAN_POINT('',(37.09124108687,-1.047436862767));
#5207 = VECTOR('',#5208,1.);
#5208 = DIRECTION('',(0.,-1.));
#5209 = ( GEOMETRIC_REPRESENTATION_CONTEXT(2) 
PARAMETRIC_REPRESENTATION_CONTEXT() REPRESENTATION_CONTEXT('2D SPACE',''
  ) );
#5210 = PCURVE('',#5211,#5216);
#5211 = CYLINDRICAL_SURFACE('',#5212,3.);
#5212 = AXIS2_PLACEMENT_3D('',#5213,#5214,#5215);
#5213 = CARTESIAN_POINT('',(86.030092524468,-58.95256313723,37.));
#5214 = DIRECTION('',(-0.,1.,-0.));
#5215 = DIRECTION('',(0.999657324976,0.,2.617694830787E-02));
#5216 = DEFINITIONAL_REPRESENTATION('',(#5217),#5221);
#5217 = LINE('',#5218,#5219);
#5218 = CARTESIAN_POINT('',(-0.,0.));
#5219 = VECTOR('',#5220,1.);
#5220 = DIRECTION('',(-0.,1.));
#5221 = ( GEOMETRIC_REPRESENTATION_CONTEXT(2) 
PARAMETRIC_REPRESENTATION_CONTEXT() REPRESENTATION_CONTEXT('2D SPACE',''
  ) );
#5222 = ORIENTED_EDGE('',*,*,#5149,.F.);
#5223 = ADVANCED_FACE('',(#5224),#3750,.T.);
#5224 = FACE_BOUND('',#5225,.T.);
#5225 = EDGE_LOOP('',(#5226,#5227,#5250,#5275));
#5226 = ORIENTED_EDGE('',*,*,#3733,.T.);
#5227 = ORIENTED_EDGE('',*,*,#5228,.T.);
#5228 = EDGE_CURVE('',#3734,#5229,#5231,.T.);
#5229 = VERTEX_POINT('',#5230);
#5230 = CARTESIAN_POINT('',(86.030092524468,59.029064499394,
    37.078530844924));
#5231 = SURFACE_CURVE('',#5232,(#5236,#5243),.PCURVE_S1.);
#5232 = LINE('',#5233,#5234);
#5233 = CARTESIAN_POINT('',(87.003081611321,60.002053586248,
    -7.842329482679E-02));
#5234 = VECTOR('',#5235,1.);
#5235 = DIRECTION('',(-2.616798426498E-02,-2.616798426498E-02,
    0.999315001988));
#5236 = PCURVE('',#3750,#5237);
#5237 = DEFINITIONAL_REPRESENTATION('',(#5238),#5242);
#5238 = LINE('',#5239,#5240);
#5239 = CARTESIAN_POINT('',(1.570111094119,0.));
#5240 = VECTOR('',#5241,1.);
#5241 = DIRECTION('',(0.,1.));
#5242 = ( GEOMETRIC_REPRESENTATION_CONTEXT(2) 
PARAMETRIC_REPRESENTATION_CONTEXT() REPRESENTATION_CONTEXT('2D SPACE',''
  ) );
#5243 = PCURVE('',#3779,#5244);
#5244 = DEFINITIONAL_REPRESENTATION('',(#5245),#5249);
#5245 = LINE('',#5246,#5247);
#5246 = CARTESIAN_POINT('',(-7.845017774337E-02,177.00308161132));
#5247 = VECTOR('',#5248,1.);
#5248 = DIRECTION('',(0.999657559667,-2.616798426498E-02));
#5249 = ( GEOMETRIC_REPRESENTATION_CONTEXT(2) 
PARAMETRIC_REPRESENTATION_CONTEXT() REPRESENTATION_CONTEXT('2D SPACE',''
  ) );
#5250 = ORIENTED_EDGE('',*,*,#5251,.T.);
#5251 = EDGE_CURVE('',#5229,#5175,#5252,.T.);
#5252 = SURFACE_CURVE('',#5253,(#5258,#5264),.PCURVE_S1.);
#5253 = CIRCLE('',#5254,3.);
#5254 = AXIS2_PLACEMENT_3D('',#5255,#5256,#5257);
#5255 = CARTESIAN_POINT('',(86.030092524468,56.030092524467,37.));
#5256 = DIRECTION('',(2.616798426498E-02,2.616798426498E-02,
    -0.999315001988));
#5257 = DIRECTION('',(0.999657559667,-6.849979714257E-04,
    2.615901715033E-02));
#5258 = PCURVE('',#3750,#5259);
#5259 = DEFINITIONAL_REPRESENTATION('',(#5260),#5263);
#5260 = B_SPLINE_CURVE_WITH_KNOTS('',1,(#5261,#5262),.UNSPECIFIED.,.F.,
  .F.,(2,2),(4.712388980385,6.282500074503),.PIECEWISE_BEZIER_KNOTS.);
#5261 = CARTESIAN_POINT('',(1.570111094119,37.182424026276));
#5262 = CARTESIAN_POINT('',(6.217248937901E-15,37.182424026276));
#5263 = ( GEOMETRIC_REPRESENTATION_CONTEXT(2) 
PARAMETRIC_REPRESENTATION_CONTEXT() REPRESENTATION_CONTEXT('2D SPACE',''
  ) );
#5264 = PCURVE('',#5265,#5270);
#5265 = SPHERICAL_SURFACE('',#5266,3.);
#5266 = AXIS2_PLACEMENT_3D('',#5267,#5268,#5269);
#5267 = CARTESIAN_POINT('',(86.030092524468,56.030092524467,37.));
#5268 = DIRECTION('',(0.,-0.999657324976,-2.617694830788E-02));
#5269 = DIRECTION('',(0.999657559667,-6.849979714257E-04,
    2.615901715033E-02));
#5270 = DEFINITIONAL_REPRESENTATION('',(#5271),#5274);
#5271 = B_SPLINE_CURVE_WITH_KNOTS('',1,(#5272,#5273),.UNSPECIFIED.,.F.,
  .F.,(2,2),(4.712388980385,6.282500074503),.PIECEWISE_BEZIER_KNOTS.);
#5272 = CARTESIAN_POINT('',(0.,-1.570796326795));
#5273 = CARTESIAN_POINT('',(0.,-6.852326763438E-04));
#5274 = ( GEOMETRIC_REPRESENTATION_CONTEXT(2) 
PARAMETRIC_REPRESENTATION_CONTEXT() REPRESENTATION_CONTEXT('2D SPACE',''
  ) );
#5275 = ORIENTED_EDGE('',*,*,#5174,.F.);
#5276 = ADVANCED_FACE('',(#5277,#5330,#5336),#3779,.T.);
#5277 = FACE_BOUND('',#5278,.T.);
#5278 = EDGE_LOOP('',(#5279,#5280,#5303,#5329));
#5279 = ORIENTED_EDGE('',*,*,#3764,.F.);
#5280 = ORIENTED_EDGE('',*,*,#5281,.T.);
#5281 = EDGE_CURVE('',#3765,#5282,#5284,.T.);
#5282 = VERTEX_POINT('',#5283);
#5283 = CARTESIAN_POINT('',(-86.03009252446,59.029064499394,
    37.078530844924));
#5284 = SURFACE_CURVE('',#5285,(#5289,#5296),.PCURVE_S1.);
#5285 = LINE('',#5286,#5287);
#5286 = CARTESIAN_POINT('',(-87.00308161132,60.002053586248,
    -7.842329482679E-02));
#5287 = VECTOR('',#5288,1.);
#5288 = DIRECTION('',(2.616798426498E-02,-2.616798426498E-02,
    0.999315001988));
#5289 = PCURVE('',#3779,#5290);
#5290 = DEFINITIONAL_REPRESENTATION('',(#5291),#5295);
#5291 = LINE('',#5292,#5293);
#5292 = CARTESIAN_POINT('',(-7.845017774337E-02,2.996918388679));
#5293 = VECTOR('',#5294,1.);
#5294 = DIRECTION('',(0.999657559667,2.616798426498E-02));
#5295 = ( GEOMETRIC_REPRESENTATION_CONTEXT(2) 
PARAMETRIC_REPRESENTATION_CONTEXT() REPRESENTATION_CONTEXT('2D SPACE',''
  ) );
#5296 = PCURVE('',#3809,#5297);
#5297 = DEFINITIONAL_REPRESENTATION('',(#5298),#5302);
#5298 = LINE('',#5299,#5300);
#5299 = CARTESIAN_POINT('',(-1.570111094119,0.));
#5300 = VECTOR('',#5301,1.);
#5301 = DIRECTION('',(-0.,1.));
#5302 = ( GEOMETRIC_REPRESENTATION_CONTEXT(2) 
PARAMETRIC_REPRESENTATION_CONTEXT() REPRESENTATION_CONTEXT('2D SPACE',''
  ) );
#5303 = ORIENTED_EDGE('',*,*,#5304,.T.);
#5304 = EDGE_CURVE('',#5282,#5229,#5305,.T.);
#5305 = SURFACE_CURVE('',#5306,(#5310,#5317),.PCURVE_S1.);
#5306 = LINE('',#5307,#5308);
#5307 = CARTESIAN_POINT('',(-88.95256313723,59.029064499394,
    37.078530844924));
#5308 = VECTOR('',#5309,1.);
#5309 = DIRECTION('',(1.,0.,0.));
#5310 = PCURVE('',#3779,#5311);
#5311 = DEFINITIONAL_REPRESENTATION('',(#5312),#5316);
#5312 = LINE('',#5313,#5314);
#5313 = CARTESIAN_POINT('',(37.09124108687,1.047436862767));
#5314 = VECTOR('',#5315,1.);
#5315 = DIRECTION('',(0.,1.));
#5316 = ( GEOMETRIC_REPRESENTATION_CONTEXT(2) 
PARAMETRIC_REPRESENTATION_CONTEXT() REPRESENTATION_CONTEXT('2D SPACE',''
  ) );
#5317 = PCURVE('',#5318,#5323);
#5318 = CYLINDRICAL_SURFACE('',#5319,3.);
#5319 = AXIS2_PLACEMENT_3D('',#5320,#5321,#5322);
#5320 = CARTESIAN_POINT('',(-88.95256313723,56.030092524467,37.));
#5321 = DIRECTION('',(1.,0.,0.));
#5322 = DIRECTION('',(-0.,0.999657324976,2.617694830787E-02));
#5323 = DEFINITIONAL_REPRESENTATION('',(#5324),#5328);
#5324 = LINE('',#5325,#5326);
#5325 = CARTESIAN_POINT('',(0.,0.));
#5326 = VECTOR('',#5327,1.);
#5327 = DIRECTION('',(0.,1.));
#5328 = ( GEOMETRIC_REPRESENTATION_CONTEXT(2) 
PARAMETRIC_REPRESENTATION_CONTEXT() REPRESENTATION_CONTEXT('2D SPACE',''
  ) );
#5329 = ORIENTED_EDGE('',*,*,#5228,.F.);
#5330 = FACE_BOUND('',#5331,.T.);
#5331 = EDGE_LOOP('',(#5332,#5333,#5334,#5335));
#5332 = ORIENTED_EDGE('',*,*,#4355,.F.);
#5333 = ORIENTED_EDGE('',*,*,#4402,.T.);
#5334 = ORIENTED_EDGE('',*,*,#4474,.T.);
#5335 = ORIENTED_EDGE('',*,*,#4449,.F.);
#5336 = FACE_BOUND('',#5337,.T.);
#5337 = EDGE_LOOP('',(#5338,#5339,#5340,#5341));
#5338 = ORIENTED_EDGE('',*,*,#4543,.F.);
#5339 = ORIENTED_EDGE('',*,*,#4662,.T.);
#5340 = ORIENTED_EDGE('',*,*,#4637,.T.);
#5341 = ORIENTED_EDGE('',*,*,#4590,.F.);
#5342 = ADVANCED_FACE('',(#5343),#3809,.T.);
#5343 = FACE_BOUND('',#5344,.F.);
#5344 = EDGE_LOOP('',(#5345,#5346,#5347,#5372));
#5345 = ORIENTED_EDGE('',*,*,#3790,.T.);
#5346 = ORIENTED_EDGE('',*,*,#5281,.T.);
#5347 = ORIENTED_EDGE('',*,*,#5348,.T.);
#5348 = EDGE_CURVE('',#5282,#4913,#5349,.T.);
#5349 = SURFACE_CURVE('',#5350,(#5355,#5361),.PCURVE_S1.);
#5350 = CIRCLE('',#5351,3.);
#5351 = AXIS2_PLACEMENT_3D('',#5352,#5353,#5354);
#5352 = CARTESIAN_POINT('',(-86.03009252446,56.030092524467,37.));
#5353 = DIRECTION('',(2.616798426498E-02,-2.616798426498E-02,
    0.999315001988));
#5354 = DIRECTION('',(-0.999657559667,-6.849979714304E-04,
    2.615901715033E-02));
#5355 = PCURVE('',#3809,#5356);
#5356 = DEFINITIONAL_REPRESENTATION('',(#5357),#5360);
#5357 = B_SPLINE_CURVE_WITH_KNOTS('',1,(#5358,#5359),.UNSPECIFIED.,.F.,
  .F.,(2,2),(4.712388980385,6.282500074503),.PIECEWISE_BEZIER_KNOTS.);
#5358 = CARTESIAN_POINT('',(-1.570111094119,37.182424026276));
#5359 = CARTESIAN_POINT('',(-1.33226762955E-14,37.182424026276));
#5360 = ( GEOMETRIC_REPRESENTATION_CONTEXT(2) 
PARAMETRIC_REPRESENTATION_CONTEXT() REPRESENTATION_CONTEXT('2D SPACE',''
  ) );
#5361 = PCURVE('',#5362,#5367);
#5362 = SPHERICAL_SURFACE('',#5363,3.);
#5363 = AXIS2_PLACEMENT_3D('',#5364,#5365,#5366);
#5364 = CARTESIAN_POINT('',(-86.03009252446,56.030092524467,37.));
#5365 = DIRECTION('',(4.736951571734E-15,-0.999657324976,
    -2.617694830788E-02));
#5366 = DIRECTION('',(-0.999657559667,-6.849979714304E-04,
    2.615901715033E-02));
#5367 = DEFINITIONAL_REPRESENTATION('',(#5368),#5371);
#5368 = B_SPLINE_CURVE_WITH_KNOTS('',1,(#5369,#5370),.UNSPECIFIED.,.F.,
  .F.,(2,2),(4.712388980385,6.282500074503),.PIECEWISE_BEZIER_KNOTS.);
#5369 = CARTESIAN_POINT('',(0.,-1.570796326795));
#5370 = CARTESIAN_POINT('',(0.,-6.852326763509E-04));
#5371 = ( GEOMETRIC_REPRESENTATION_CONTEXT(2) 
PARAMETRIC_REPRESENTATION_CONTEXT() REPRESENTATION_CONTEXT('2D SPACE',''
  ) );
#5372 = ORIENTED_EDGE('',*,*,#4912,.F.);
#5373 = ADVANCED_FACE('',(#5374),#4722,.F.);
#5374 = FACE_BOUND('',#5375,.F.);
#5375 = EDGE_LOOP('',(#5376));
#5376 = ORIENTED_EDGE('',*,*,#4707,.T.);
#5377 = ADVANCED_FACE('',(#5378),#4777,.F.);
#5378 = FACE_BOUND('',#5379,.F.);
#5379 = EDGE_LOOP('',(#5380));
#5380 = ORIENTED_EDGE('',*,*,#4762,.T.);
#5381 = ADVANCED_FACE('',(#5382),#4832,.F.);
#5382 = FACE_BOUND('',#5383,.F.);
#5383 = EDGE_LOOP('',(#5384));
#5384 = ORIENTED_EDGE('',*,*,#4817,.T.);
#5385 = ADVANCED_FACE('',(#5386),#4894,.F.);
#5386 = FACE_BOUND('',#5387,.F.);
#5387 = EDGE_LOOP('',(#5388));
#5388 = ORIENTED_EDGE('',*,*,#4879,.T.);
#5389 = ADVANCED_FACE('',(#5390),#4951,.T.);
#5390 = FACE_BOUND('',#5391,.T.);
#5391 = EDGE_LOOP('',(#5392,#5414,#5442,#5468));
#5392 = ORIENTED_EDGE('',*,*,#5393,.F.);
#5393 = EDGE_CURVE('',#5394,#4936,#5396,.T.);
#5394 = VERTEX_POINT('',#5395);
#5395 = CARTESIAN_POINT('',(-86.03009252446,-56.03009252446,40.));
#5396 = SURFACE_CURVE('',#5397,(#5402,#5408),.PCURVE_S1.);
#5397 = CIRCLE('',#5398,3.);
#5398 = AXIS2_PLACEMENT_3D('',#5399,#5400,#5401);
#5399 = CARTESIAN_POINT('',(-86.03009252446,-56.03009252446,37.));
#5400 = DIRECTION('',(-0.,-1.,-0.));
#5401 = DIRECTION('',(-1.,0.,0.));
#5402 = PCURVE('',#4951,#5403);
#5403 = DEFINITIONAL_REPRESENTATION('',(#5404),#5407);
#5404 = B_SPLINE_CURVE_WITH_KNOTS('',1,(#5405,#5406),.UNSPECIFIED.,.F.,
  .F.,(2,2),(4.712388980385,6.2570053684),.PIECEWISE_BEZIER_KNOTS.);
#5405 = CARTESIAN_POINT('',(1.544616388015,2.922470612765));
#5406 = CARTESIAN_POINT('',(4.440892098501E-15,2.922470612765));
#5407 = ( GEOMETRIC_REPRESENTATION_CONTEXT(2) 
PARAMETRIC_REPRESENTATION_CONTEXT() REPRESENTATION_CONTEXT('2D SPACE',''
  ) );
#5408 = PCURVE('',#5026,#5409);
#5409 = DEFINITIONAL_REPRESENTATION('',(#5410),#5413);
#5410 = B_SPLINE_CURVE_WITH_KNOTS('',1,(#5411,#5412),.UNSPECIFIED.,.F.,
  .F.,(2,2),(4.712388980385,6.2570053684),.PIECEWISE_BEZIER_KNOTS.);
#5411 = CARTESIAN_POINT('',(0.,-1.570796326795));
#5412 = CARTESIAN_POINT('',(0.,-2.617993877992E-02));
#5413 = ( GEOMETRIC_REPRESENTATION_CONTEXT(2) 
PARAMETRIC_REPRESENTATION_CONTEXT() REPRESENTATION_CONTEXT('2D SPACE',''
  ) );
#5414 = ORIENTED_EDGE('',*,*,#5415,.T.);
#5415 = EDGE_CURVE('',#5394,#5416,#5418,.T.);
#5416 = VERTEX_POINT('',#5417);
#5417 = CARTESIAN_POINT('',(-86.03009252446,56.030092524467,40.));
#5418 = SURFACE_CURVE('',#5419,(#5423,#5430),.PCURVE_S1.);
#5419 = LINE('',#5420,#5421);
#5420 = CARTESIAN_POINT('',(-86.03009252446,-58.95256313723,40.));
#5421 = VECTOR('',#5422,1.);
#5422 = DIRECTION('',(-0.,1.,-0.));
#5423 = PCURVE('',#4951,#5424);
#5424 = DEFINITIONAL_REPRESENTATION('',(#5425),#5429);
#5425 = LINE('',#5426,#5427);
#5426 = CARTESIAN_POINT('',(1.544616388015,0.));
#5427 = VECTOR('',#5428,1.);
#5428 = DIRECTION('',(0.,1.));
#5429 = ( GEOMETRIC_REPRESENTATION_CONTEXT(2) 
PARAMETRIC_REPRESENTATION_CONTEXT() REPRESENTATION_CONTEXT('2D SPACE',''
  ) );
#5430 = PCURVE('',#5431,#5436);
#5431 = PLANE('',#5432);
#5432 = AXIS2_PLACEMENT_3D('',#5433,#5434,#5435);
#5433 = CARTESIAN_POINT('',(-90.,-60.,40.));
#5434 = DIRECTION('',(0.,0.,1.));
#5435 = DIRECTION('',(1.,0.,-0.));
#5436 = DEFINITIONAL_REPRESENTATION('',(#5437),#5441);
#5437 = LINE('',#5438,#5439);
#5438 = CARTESIAN_POINT('',(3.969907475533,1.047436862767));
#5439 = VECTOR('',#5440,1.);
#5440 = DIRECTION('',(0.,1.));
#5441 = ( GEOMETRIC_REPRESENTATION_CONTEXT(2) 
PARAMETRIC_REPRESENTATION_CONTEXT() REPRESENTATION_CONTEXT('2D SPACE',''
  ) );
#5442 = ORIENTED_EDGE('',*,*,#5443,.F.);
#5443 = EDGE_CURVE('',#4913,#5416,#5444,.T.);
#5444 = SURFACE_CURVE('',#5445,(#5450,#5457),.PCURVE_S1.);
#5445 = CIRCLE('',#5446,3.);
#5446 = AXIS2_PLACEMENT_3D('',#5447,#5448,#5449);
#5447 = CARTESIAN_POINT('',(-86.03009252446,56.030092524467,37.));
#5448 = DIRECTION('',(6.921800881242E-15,1.,-7.105427357601E-15));
#5449 = DIRECTION('',(-0.999657324976,7.105427357601E-15,
    2.617694830787E-02));
#5450 = PCURVE('',#4951,#5451);
#5451 = DEFINITIONAL_REPRESENTATION('',(#5452),#5456);
#5452 = LINE('',#5453,#5454);
#5453 = CARTESIAN_POINT('',(0.,114.9826556617));
#5454 = VECTOR('',#5455,1.);
#5455 = DIRECTION('',(1.,0.));
#5456 = ( GEOMETRIC_REPRESENTATION_CONTEXT(2) 
PARAMETRIC_REPRESENTATION_CONTEXT() REPRESENTATION_CONTEXT('2D SPACE',''
  ) );
#5457 = PCURVE('',#5362,#5458);
#5458 = DEFINITIONAL_REPRESENTATION('',(#5459),#5467);
#5459 = B_SPLINE_CURVE_WITH_KNOTS('',6,(#5460,#5461,#5462,#5463,#5464,
    #5465,#5466),.UNSPECIFIED.,.F.,.F.,(7,7),(0.,1.544616388015),
  .PIECEWISE_BEZIER_KNOTS.);
#5460 = CARTESIAN_POINT('',(0.,-6.85232676351E-04));
#5461 = CARTESIAN_POINT('',(-0.257347968596,-7.421815565854E-03));
#5462 = CARTESIAN_POINT('',(-0.514698847374,-1.41034626037E-02));
#5463 = CARTESIAN_POINT('',(-0.772094025365,-1.993065948281E-02));
#5464 = CARTESIAN_POINT('',(-1.029576808025,-2.409785008156E-02));
#5465 = CARTESIAN_POINT('',(-1.287101043311,-2.617993877993E-02));
#5466 = CARTESIAN_POINT('',(-1.54462535513,-2.617993877992E-02));
#5467 = ( GEOMETRIC_REPRESENTATION_CONTEXT(2) 
PARAMETRIC_REPRESENTATION_CONTEXT() REPRESENTATION_CONTEXT('2D SPACE',''
  ) );
#5468 = ORIENTED_EDGE('',*,*,#4935,.F.);
#5469 = ADVANCED_FACE('',(#5470),#5026,.T.);
#5470 = FACE_BOUND('',#5471,.F.);
#5471 = EDGE_LOOP('',(#5472,#5473,#5493));
#5472 = ORIENTED_EDGE('',*,*,#5393,.F.);
#5473 = ORIENTED_EDGE('',*,*,#5474,.T.);
#5474 = EDGE_CURVE('',#5394,#4989,#5475,.T.);
#5475 = SURFACE_CURVE('',#5476,(#5481,#5487),.PCURVE_S1.);
#5476 = CIRCLE('',#5477,3.);
#5477 = AXIS2_PLACEMENT_3D('',#5478,#5479,#5480);
#5478 = CARTESIAN_POINT('',(-86.03009252446,-56.03009252446,37.));
#5479 = DIRECTION('',(1.,-6.123233995737E-17,0.));
#5480 = DIRECTION('',(-6.123233995737E-17,-1.,0.));
#5481 = PCURVE('',#5026,#5482);
#5482 = DEFINITIONAL_REPRESENTATION('',(#5483),#5486);
#5483 = B_SPLINE_CURVE_WITH_KNOTS('',1,(#5484,#5485),.UNSPECIFIED.,.F.,
  .F.,(2,2),(4.712388980385,6.2570053684),.PIECEWISE_BEZIER_KNOTS.);
#5484 = CARTESIAN_POINT('',(-1.570796326795,-1.570796326795));
#5485 = CARTESIAN_POINT('',(-1.570796326795,-2.617993877992E-02));
#5486 = ( GEOMETRIC_REPRESENTATION_CONTEXT(2) 
PARAMETRIC_REPRESENTATION_CONTEXT() REPRESENTATION_CONTEXT('2D SPACE',''
  ) );
#5487 = PCURVE('',#5065,#5488);
#5488 = DEFINITIONAL_REPRESENTATION('',(#5489),#5492);
#5489 = B_SPLINE_CURVE_WITH_KNOTS('',1,(#5490,#5491),.UNSPECIFIED.,.F.,
  .F.,(2,2),(4.712388980385,6.2570053684),.PIECEWISE_BEZIER_KNOTS.);
#5490 = CARTESIAN_POINT('',(-1.544616388015,2.922470612765));
#5491 = CARTESIAN_POINT('',(-4.440892098501E-15,2.922470612765));
#5492 = ( GEOMETRIC_REPRESENTATION_CONTEXT(2) 
PARAMETRIC_REPRESENTATION_CONTEXT() REPRESENTATION_CONTEXT('2D SPACE',''
  ) );
#5493 = ORIENTED_EDGE('',*,*,#5011,.F.);
#5494 = ADVANCED_FACE('',(#5495),#5065,.T.);
#5495 = FACE_BOUND('',#5496,.F.);
#5496 = EDGE_LOOP('',(#5497,#5498,#5521,#5541));
#5497 = ORIENTED_EDGE('',*,*,#5474,.F.);
#5498 = ORIENTED_EDGE('',*,*,#5499,.T.);
#5499 = EDGE_CURVE('',#5394,#5500,#5502,.T.);
#5500 = VERTEX_POINT('',#5501);
#5501 = CARTESIAN_POINT('',(86.030092524468,-56.03009252446,40.));
#5502 = SURFACE_CURVE('',#5503,(#5507,#5514),.PCURVE_S1.);
#5503 = LINE('',#5504,#5505);
#5504 = CARTESIAN_POINT('',(-88.95256313723,-56.03009252446,40.));
#5505 = VECTOR('',#5506,1.);
#5506 = DIRECTION('',(1.,-0.,0.));
#5507 = PCURVE('',#5065,#5508);
#5508 = DEFINITIONAL_REPRESENTATION('',(#5509),#5513);
#5509 = LINE('',#5510,#5511);
#5510 = CARTESIAN_POINT('',(-1.544616388015,0.));
#5511 = VECTOR('',#5512,1.);
#5512 = DIRECTION('',(-0.,1.));
#5513 = ( GEOMETRIC_REPRESENTATION_CONTEXT(2) 
PARAMETRIC_REPRESENTATION_CONTEXT() REPRESENTATION_CONTEXT('2D SPACE',''
  ) );
#5514 = PCURVE('',#5431,#5515);
#5515 = DEFINITIONAL_REPRESENTATION('',(#5516),#5520);
#5516 = LINE('',#5517,#5518);
#5517 = CARTESIAN_POINT('',(1.047436862767,3.969907475533));
#5518 = VECTOR('',#5519,1.);
#5519 = DIRECTION('',(1.,0.));
#5520 = ( GEOMETRIC_REPRESENTATION_CONTEXT(2) 
PARAMETRIC_REPRESENTATION_CONTEXT() REPRESENTATION_CONTEXT('2D SPACE',''
  ) );
#5521 = ORIENTED_EDGE('',*,*,#5522,.T.);
#5522 = EDGE_CURVE('',#5500,#5050,#5523,.T.);
#5523 = SURFACE_CURVE('',#5524,(#5529,#5535),.PCURVE_S1.);
#5524 = CIRCLE('',#5525,3.);
#5525 = AXIS2_PLACEMENT_3D('',#5526,#5527,#5528);
#5526 = CARTESIAN_POINT('',(86.030092524468,-56.03009252446,37.));
#5527 = DIRECTION('',(1.,2.416902082969E-15,4.736951571734E-15));
#5528 = DIRECTION('',(2.416902082969E-15,-1.,-2.368475785867E-15));
#5529 = PCURVE('',#5065,#5530);
#5530 = DEFINITIONAL_REPRESENTATION('',(#5531),#5534);
#5531 = B_SPLINE_CURVE_WITH_KNOTS('',1,(#5532,#5533),.UNSPECIFIED.,.F.,
  .F.,(2,2),(4.712388980385,6.2570053684),.PIECEWISE_BEZIER_KNOTS.);
#5532 = CARTESIAN_POINT('',(-1.544616388015,174.9826556617));
#5533 = CARTESIAN_POINT('',(-9.769962616701E-15,174.9826556617));
#5534 = ( GEOMETRIC_REPRESENTATION_CONTEXT(2) 
PARAMETRIC_REPRESENTATION_CONTEXT() REPRESENTATION_CONTEXT('2D SPACE',''
  ) );
#5535 = PCURVE('',#5132,#5536);
#5536 = DEFINITIONAL_REPRESENTATION('',(#5537),#5540);
#5537 = B_SPLINE_CURVE_WITH_KNOTS('',1,(#5538,#5539),.UNSPECIFIED.,.F.,
  .F.,(2,2),(4.712388980385,6.2570053684),.PIECEWISE_BEZIER_KNOTS.);
#5538 = CARTESIAN_POINT('',(1.570796326795,-1.570796326795));
#5539 = CARTESIAN_POINT('',(1.570796326795,-2.617993877992E-02));
#5540 = ( GEOMETRIC_REPRESENTATION_CONTEXT(2) 
PARAMETRIC_REPRESENTATION_CONTEXT() REPRESENTATION_CONTEXT('2D SPACE',''
  ) );
#5541 = ORIENTED_EDGE('',*,*,#5049,.F.);
#5542 = ADVANCED_FACE('',(#5543),#5132,.T.);
#5543 = FACE_BOUND('',#5544,.T.);
#5544 = EDGE_LOOP('',(#5545,#5565,#5566));
#5545 = ORIENTED_EDGE('',*,*,#5546,.F.);
#5546 = EDGE_CURVE('',#5500,#5116,#5547,.T.);
#5547 = SURFACE_CURVE('',#5548,(#5553,#5559),.PCURVE_S1.);
#5548 = CIRCLE('',#5549,3.);
#5549 = AXIS2_PLACEMENT_3D('',#5550,#5551,#5552);
#5550 = CARTESIAN_POINT('',(86.030092524468,-56.03009252446,37.));
#5551 = DIRECTION('',(2.307266960414E-15,1.,2.368475785867E-15));
#5552 = DIRECTION('',(1.,-2.307266960414E-15,4.736951571734E-15));
#5553 = PCURVE('',#5132,#5554);
#5554 = DEFINITIONAL_REPRESENTATION('',(#5555),#5558);
#5555 = B_SPLINE_CURVE_WITH_KNOTS('',1,(#5556,#5557),.UNSPECIFIED.,.F.,
  .F.,(2,2),(4.712388980385,6.2570053684),.PIECEWISE_BEZIER_KNOTS.);
#5556 = CARTESIAN_POINT('',(0.,-1.570796326795));
#5557 = CARTESIAN_POINT('',(0.,-2.617993877992E-02));
#5558 = ( GEOMETRIC_REPRESENTATION_CONTEXT(2) 
PARAMETRIC_REPRESENTATION_CONTEXT() REPRESENTATION_CONTEXT('2D SPACE',''
  ) );
#5559 = PCURVE('',#5211,#5560);
#5560 = DEFINITIONAL_REPRESENTATION('',(#5561),#5564);
#5561 = B_SPLINE_CURVE_WITH_KNOTS('',1,(#5562,#5563),.UNSPECIFIED.,.F.,
  .F.,(2,2),(4.712388980385,6.2570053684),.PIECEWISE_BEZIER_KNOTS.);
#5562 = CARTESIAN_POINT('',(-1.544616388015,2.922470612765));
#5563 = CARTESIAN_POINT('',(-2.6645352591E-15,2.922470612765));
#5564 = ( GEOMETRIC_REPRESENTATION_CONTEXT(2) 
PARAMETRIC_REPRESENTATION_CONTEXT() REPRESENTATION_CONTEXT('2D SPACE',''
  ) );
#5565 = ORIENTED_EDGE('',*,*,#5522,.T.);
#5566 = ORIENTED_EDGE('',*,*,#5115,.F.);
#5567 = ADVANCED_FACE('',(#5568),#5211,.T.);
#5568 = FACE_BOUND('',#5569,.F.);
#5569 = EDGE_LOOP('',(#5570,#5571,#5594,#5620));
#5570 = ORIENTED_EDGE('',*,*,#5546,.F.);
#5571 = ORIENTED_EDGE('',*,*,#5572,.T.);
#5572 = EDGE_CURVE('',#5500,#5573,#5575,.T.);
#5573 = VERTEX_POINT('',#5574);
#5574 = CARTESIAN_POINT('',(86.030092524468,56.030092524467,40.));
#5575 = SURFACE_CURVE('',#5576,(#5580,#5587),.PCURVE_S1.);
#5576 = LINE('',#5577,#5578);
#5577 = CARTESIAN_POINT('',(86.030092524468,-58.95256313723,40.));
#5578 = VECTOR('',#5579,1.);
#5579 = DIRECTION('',(-0.,1.,-0.));
#5580 = PCURVE('',#5211,#5581);
#5581 = DEFINITIONAL_REPRESENTATION('',(#5582),#5586);
#5582 = LINE('',#5583,#5584);
#5583 = CARTESIAN_POINT('',(-1.544616388015,0.));
#5584 = VECTOR('',#5585,1.);
#5585 = DIRECTION('',(-0.,1.));
#5586 = ( GEOMETRIC_REPRESENTATION_CONTEXT(2) 
PARAMETRIC_REPRESENTATION_CONTEXT() REPRESENTATION_CONTEXT('2D SPACE',''
  ) );
#5587 = PCURVE('',#5431,#5588);
#5588 = DEFINITIONAL_REPRESENTATION('',(#5589),#5593);
#5589 = LINE('',#5590,#5591);
#5590 = CARTESIAN_POINT('',(176.03009252446,1.047436862767));
#5591 = VECTOR('',#5592,1.);
#5592 = DIRECTION('',(0.,1.));
#5593 = ( GEOMETRIC_REPRESENTATION_CONTEXT(2) 
PARAMETRIC_REPRESENTATION_CONTEXT() REPRESENTATION_CONTEXT('2D SPACE',''
  ) );
#5594 = ORIENTED_EDGE('',*,*,#5595,.F.);
#5595 = EDGE_CURVE('',#5175,#5573,#5596,.T.);
#5596 = SURFACE_CURVE('',#5597,(#5602,#5609),.PCURVE_S1.);
#5597 = CIRCLE('',#5598,3.);
#5598 = AXIS2_PLACEMENT_3D('',#5599,#5600,#5601);
#5599 = CARTESIAN_POINT('',(86.030092524468,56.030092524467,37.));
#5600 = DIRECTION('',(6.921800881242E-15,-1.,7.105427357601E-15));
#5601 = DIRECTION('',(0.999657324976,7.105427357601E-15,
    2.617694830787E-02));
#5602 = PCURVE('',#5211,#5603);
#5603 = DEFINITIONAL_REPRESENTATION('',(#5604),#5608);
#5604 = LINE('',#5605,#5606);
#5605 = CARTESIAN_POINT('',(-0.,114.9826556617));
#5606 = VECTOR('',#5607,1.);
#5607 = DIRECTION('',(-1.,0.));
#5608 = ( GEOMETRIC_REPRESENTATION_CONTEXT(2) 
PARAMETRIC_REPRESENTATION_CONTEXT() REPRESENTATION_CONTEXT('2D SPACE',''
  ) );
#5609 = PCURVE('',#5265,#5610);
#5610 = DEFINITIONAL_REPRESENTATION('',(#5611),#5619);
#5611 = B_SPLINE_CURVE_WITH_KNOTS('',6,(#5612,#5613,#5614,#5615,#5616,
    #5617,#5618),.UNSPECIFIED.,.F.,.F.,(7,7),(0.,1.544616388015),
  .PIECEWISE_BEZIER_KNOTS.);
#5612 = CARTESIAN_POINT('',(0.,-6.852326763439E-04));
#5613 = CARTESIAN_POINT('',(0.257347968596,-7.421815565847E-03));
#5614 = CARTESIAN_POINT('',(0.514698847374,-1.410346260368E-02));
#5615 = CARTESIAN_POINT('',(0.772094025365,-1.993065948283E-02));
#5616 = CARTESIAN_POINT('',(1.029576808025,-2.409785008153E-02));
#5617 = CARTESIAN_POINT('',(1.287101043311,-2.617993877993E-02));
#5618 = CARTESIAN_POINT('',(1.54462535513,-2.617993877992E-02));
#5619 = ( GEOMETRIC_REPRESENTATION_CONTEXT(2) 
PARAMETRIC_REPRESENTATION_CONTEXT() REPRESENTATION_CONTEXT('2D SPACE',''
  ) );
#5620 = ORIENTED_EDGE('',*,*,#5197,.F.);
#5621 = ADVANCED_FACE('',(#5622),#5265,.T.);
#5622 = FACE_BOUND('',#5623,.T.);
#5623 = EDGE_LOOP('',(#5624,#5625,#5645));
#5624 = ORIENTED_EDGE('',*,*,#5251,.F.);
#5625 = ORIENTED_EDGE('',*,*,#5626,.T.);
#5626 = EDGE_CURVE('',#5229,#5573,#5627,.T.);
#5627 = SURFACE_CURVE('',#5628,(#5633,#5639),.PCURVE_S1.);
#5628 = CIRCLE('',#5629,3.);
#5629 = AXIS2_PLACEMENT_3D('',#5630,#5631,#5632);
#5630 = CARTESIAN_POINT('',(86.030092524468,56.030092524467,37.));
#5631 = DIRECTION('',(1.,-5.412844197685E-17,2.067081803244E-15));
#5632 = DIRECTION('',(-2.067790383364E-15,-2.617694830788E-02,
    0.999657324976));
#5633 = PCURVE('',#5265,#5634);
#5634 = DEFINITIONAL_REPRESENTATION('',(#5635),#5638);
#5635 = B_SPLINE_CURVE_WITH_KNOTS('',1,(#5636,#5637),.UNSPECIFIED.,.F.,
  .F.,(2,2),(4.712388980385,6.2570053684),.PIECEWISE_BEZIER_KNOTS.);
#5636 = CARTESIAN_POINT('',(1.54462535513,-1.570796326795));
#5637 = CARTESIAN_POINT('',(1.54462535513,-2.617993877992E-02));
#5638 = ( GEOMETRIC_REPRESENTATION_CONTEXT(2) 
PARAMETRIC_REPRESENTATION_CONTEXT() REPRESENTATION_CONTEXT('2D SPACE',''
  ) );
#5639 = PCURVE('',#5318,#5640);
#5640 = DEFINITIONAL_REPRESENTATION('',(#5641),#5644);
#5641 = B_SPLINE_CURVE_WITH_KNOTS('',1,(#5642,#5643),.UNSPECIFIED.,.F.,
  .F.,(2,2),(4.712388980385,6.2570053684),.PIECEWISE_BEZIER_KNOTS.);
#5642 = CARTESIAN_POINT('',(0.,174.9826556617));
#5643 = CARTESIAN_POINT('',(1.544616388015,174.9826556617));
#5644 = ( GEOMETRIC_REPRESENTATION_CONTEXT(2) 
PARAMETRIC_REPRESENTATION_CONTEXT() REPRESENTATION_CONTEXT('2D SPACE',''
  ) );
#5645 = ORIENTED_EDGE('',*,*,#5595,.F.);
#5646 = ADVANCED_FACE('',(#5647),#5318,.T.);
#5647 = FACE_BOUND('',#5648,.T.);
#5648 = EDGE_LOOP('',(#5649,#5669,#5690,#5691));
#5649 = ORIENTED_EDGE('',*,*,#5650,.T.);
#5650 = EDGE_CURVE('',#5282,#5416,#5651,.T.);
#5651 = SURFACE_CURVE('',#5652,(#5657,#5663),.PCURVE_S1.);
#5652 = CIRCLE('',#5653,3.);
#5653 = AXIS2_PLACEMENT_3D('',#5654,#5655,#5656);
#5654 = CARTESIAN_POINT('',(-86.03009252446,56.030092524467,37.));
#5655 = DIRECTION('',(1.,4.536251919266E-15,7.726420602053E-15));
#5656 = DIRECTION('',(-7.605027718682E-15,-2.617694830788E-02,
    0.999657324976));
#5657 = PCURVE('',#5318,#5658);
#5658 = DEFINITIONAL_REPRESENTATION('',(#5659),#5662);
#5659 = B_SPLINE_CURVE_WITH_KNOTS('',1,(#5660,#5661),.UNSPECIFIED.,.F.,
  .F.,(2,2),(4.712388980385,6.2570053684),.PIECEWISE_BEZIER_KNOTS.);
#5660 = CARTESIAN_POINT('',(0.,2.922470612765));
#5661 = CARTESIAN_POINT('',(1.544616388015,2.922470612765));
#5662 = ( GEOMETRIC_REPRESENTATION_CONTEXT(2) 
PARAMETRIC_REPRESENTATION_CONTEXT() REPRESENTATION_CONTEXT('2D SPACE',''
  ) );
#5663 = PCURVE('',#5362,#5664);
#5664 = DEFINITIONAL_REPRESENTATION('',(#5665),#5668);
#5665 = B_SPLINE_CURVE_WITH_KNOTS('',1,(#5666,#5667),.UNSPECIFIED.,.F.,
  .F.,(2,2),(4.712388980385,6.2570053684),.PIECEWISE_BEZIER_KNOTS.);
#5666 = CARTESIAN_POINT('',(-1.54462535513,-1.570796326795));
#5667 = CARTESIAN_POINT('',(-1.54462535513,-2.617993877992E-02));
#5668 = ( GEOMETRIC_REPRESENTATION_CONTEXT(2) 
PARAMETRIC_REPRESENTATION_CONTEXT() REPRESENTATION_CONTEXT('2D SPACE',''
  ) );
#5669 = ORIENTED_EDGE('',*,*,#5670,.T.);
#5670 = EDGE_CURVE('',#5416,#5573,#5671,.T.);
#5671 = SURFACE_CURVE('',#5672,(#5676,#5683),.PCURVE_S1.);
#5672 = LINE('',#5673,#5674);
#5673 = CARTESIAN_POINT('',(-88.95256313723,56.030092524467,40.));
#5674 = VECTOR('',#5675,1.);
#5675 = DIRECTION('',(1.,0.,0.));
#5676 = PCURVE('',#5318,#5677);
#5677 = DEFINITIONAL_REPRESENTATION('',(#5678),#5682);
#5678 = LINE('',#5679,#5680);
#5679 = CARTESIAN_POINT('',(1.544616388015,0.));
#5680 = VECTOR('',#5681,1.);
#5681 = DIRECTION('',(0.,1.));
#5682 = ( GEOMETRIC_REPRESENTATION_CONTEXT(2) 
PARAMETRIC_REPRESENTATION_CONTEXT() REPRESENTATION_CONTEXT('2D SPACE',''
  ) );
#5683 = PCURVE('',#5431,#5684);
#5684 = DEFINITIONAL_REPRESENTATION('',(#5685),#5689);
#5685 = LINE('',#5686,#5687);
#5686 = CARTESIAN_POINT('',(1.047436862767,116.03009252446));
#5687 = VECTOR('',#5688,1.);
#5688 = DIRECTION('',(1.,0.));
#5689 = ( GEOMETRIC_REPRESENTATION_CONTEXT(2) 
PARAMETRIC_REPRESENTATION_CONTEXT() REPRESENTATION_CONTEXT('2D SPACE',''
  ) );
#5690 = ORIENTED_EDGE('',*,*,#5626,.F.);
#5691 = ORIENTED_EDGE('',*,*,#5304,.F.);
#5692 = ADVANCED_FACE('',(#5693),#5362,.T.);
#5693 = FACE_BOUND('',#5694,.F.);
#5694 = EDGE_LOOP('',(#5695,#5696,#5697));
#5695 = ORIENTED_EDGE('',*,*,#5348,.F.);
#5696 = ORIENTED_EDGE('',*,*,#5650,.T.);
#5697 = ORIENTED_EDGE('',*,*,#5443,.F.);
#5698 = ADVANCED_FACE('',(#5699),#5431,.T.);
#5699 = FACE_BOUND('',#5700,.T.);
#5700 = EDGE_LOOP('',(#5701,#5702,#5703,#5704));
#5701 = ORIENTED_EDGE('',*,*,#5415,.F.);
#5702 = ORIENTED_EDGE('',*,*,#5499,.T.);
#5703 = ORIENTED_EDGE('',*,*,#5572,.T.);
#5704 = ORIENTED_EDGE('',*,*,#5670,.F.);
#5705 = ( GEOMETRIC_REPRESENTATION_CONTEXT(3) 
GLOBAL_UNCERTAINTY_ASSIGNED_CONTEXT((#5709)) 
GLOBAL_UNIT_ASSIGNED_CONTEXT((#5706,#5707,#5708)) REPRESENTATION_CONTEXT
('Context #1','3D Context with UNIT and UNCERTAINTY') );
#5706 = ( LENGTH_UNIT() NAMED_UNIT(*) SI_UNIT(.MILLI.,.METRE.) );
#5707 = ( NAMED_UNIT(*) PLANE_ANGLE_UNIT() SI_UNIT($,.RADIAN.) );
#5708 = ( NAMED_UNIT(*) SI_UNIT($,.STERADIAN.) SOLID_ANGLE_UNIT() );
#5709 = UNCERTAINTY_MEASURE_WITH_UNIT(LENGTH_MEASURE(5.E-05),#5706,
  'distance_accuracy_value','confusion accuracy');
#5710 = PRODUCT_RELATED_PRODUCT_CATEGORY('part',$,(#7));
ENDSEC;
END-ISO-10303-21;
