ISO-10303-21;
HEADER;
FILE_DESCRIPTION(('CATIA V5 STEP Exchange'),'2;1');

FILE_NAME('E:\\2025-GRABCAD-DATA\\CASTING-01\\Part1.stp','2025-10-02T12:05:29+00:00',('none'),('none'),'CATIA Version 5 Release 20 GA (IN-10)','CATIA V5 STEP AP203','none');

FILE_SCHEMA(('CONFIG_CONTROL_DESIGN'));

ENDSEC;
/* file written by CATIA V5R20 */
DATA;
#5=PRODUCT('Part1','','',(#2)) ;
#1=APPLICATION_CONTEXT('configuration controlled 3D design of mechanical parts and assemblies') ;
#14=PRODUCT_DEFINITION('',' ',#6,#3) ;
#16=SECURITY_CLASSIFICATION(' ',' ',#15) ;
#15=SECURITY_CLASSIFICATION_LEVEL('unclassified') ;
#47=CARTESIAN_POINT(' ',(0.,0.,0.)) ;
#52=CARTESIAN_POINT('Axis2P3D Location',(0.,55.4951749808,22.018883516)) ;
#57=CARTESIAN_POINT('Line Origine',(0.,54.9332650907,23.4096592979)) ;
#61=CARTESIAN_POINT('Vertex',(0.00293576905354,54.9332650907,23.4096592979)) ;
#63=CARTESIAN_POINT('Vertex',(34.533767848,54.9332650907,23.4096592979)) ;
#67=CARTESIAN_POINT('Control Point',(34.533767848,54.9332650907,23.4096592979)) ;
#68=CARTESIAN_POINT('Control Point',(34.6109064104,54.7576827413,23.338719424)) ;
#69=CARTESIAN_POINT('Control Point',(34.6852619922,54.5922443275,23.2396462904)) ;
#70=CARTESIAN_POINT('Control Point',(34.7542646142,54.4420026662,23.1137895506)) ;
#71=CARTESIAN_POINT('Control Point',(34.9014093853,54.1267299931,22.7459859478)) ;
#72=CARTESIAN_POINT('Control Point',(34.9772091004,53.9703088853,22.2622403669)) ;
#73=CARTESIAN_POINT('Control Point',(34.986284932,53.9518345303,21.9512907635)) ;
#74=CARTESIAN_POINT('Control Point',(34.9269819703,54.0732112451,21.3495450624)) ;
#75=CARTESIAN_POINT('Control Point',(34.7521098606,54.4451262328,20.8882239733)) ;
#76=CARTESIAN_POINT('Control Point',(34.6438570364,54.6808230941,20.7117384527)) ;
#77=CARTESIAN_POINT('Control Point',(34.4568045755,55.1036464503,20.5259506546)) ;
#78=CARTESIAN_POINT('Control Point',(34.2673696917,55.5565056528,20.5056240644)) ;
#79=CARTESIAN_POINT('Control Point',(34.1971280787,55.7283049927,20.5221900414)) ;
#80=CARTESIAN_POINT('Control Point',(34.1298581294,55.8966270787,20.563278578)) ;
#81=CARTESIAN_POINT('Control Point',(34.0669978614,56.0570848709,20.6281077342)) ;
#82=CARTESIAN_POINT('Vertex',(34.0669978614,56.0570848709,20.6281077342)) ;
#85=CARTESIAN_POINT('Line Origine',(0.,56.0570848709,20.6281077342)) ;
#89=CARTESIAN_POINT('Vertex',(0.,56.0570848709,20.6281077342)) ;
#92=CARTESIAN_POINT('Axis2P3D Location',(3.16988597345E-015,55.4951749808,22.018883516)) ;
#96=CARTESIAN_POINT('Vertex',(3.16581888593E-015,55.3529525035,20.5256411489)) ;
#100=CARTESIAN_POINT('Control Point',(0.00293576905354,54.9332650907,23.4096592979)) ;
#101=CARTESIAN_POINT('Control Point',(0.00791503105709,54.5773734495,23.2658697413)) ;
#102=CARTESIAN_POINT('Control Point',(0.01752888218,54.2675312209,23.0082643901)) ;
#103=CARTESIAN_POINT('Control Point',(0.0281926453218,54.0528618121,22.655971909)) ;
#104=CARTESIAN_POINT('Control Point',(0.0362244767553,53.8723020729,21.8368477727)) ;
#105=CARTESIAN_POINT('Control Point',(0.0206077338887,54.221273742,21.0670124551)) ;
#106=CARTESIAN_POINT('Control Point',(0.00711141619104,54.5403042548,20.7472097496)) ;
#107=CARTESIAN_POINT('Control Point',(2.34306541745E-019,54.9398244904,20.5649891414)) ;
#108=CARTESIAN_POINT('Control Point',(-3.46944695195E-018,55.3529525035,20.5256411489)) ;
#118=CARTESIAN_POINT('Axis2P3D Location',(0.,-55.4951749808,22.018883516)) ;
#123=CARTESIAN_POINT('Line Origine',(0.,-56.0570848709,20.6281077342)) ;
#127=CARTESIAN_POINT('Vertex',(-4.06708752033E-018,-56.0570848709,20.6281077342)) ;
#129=CARTESIAN_POINT('Vertex',(34.0669978614,-56.0570848709,20.6281077342)) ;
#133=CARTESIAN_POINT('Control Point',(34.533767848,-54.9332650907,23.4096592979)) ;
#134=CARTESIAN_POINT('Control Point',(34.6109064104,-54.7576827413,23.338719424)) ;
#135=CARTESIAN_POINT('Control Point',(34.6852619922,-54.5922443274,23.2396462904)) ;
#136=CARTESIAN_POINT('Control Point',(34.7542646142,-54.4420026662,23.1137895506)) ;
#137=CARTESIAN_POINT('Control Point',(34.9014093852,-54.1267299932,22.7459859479)) ;
#138=CARTESIAN_POINT('Control Point',(34.9772091004,-53.9703088853,22.2622403669)) ;
#139=CARTESIAN_POINT('Control Point',(34.986284932,-53.9518345303,21.9512907635)) ;
#140=CARTESIAN_POINT('Control Point',(34.9269819703,-54.0732112451,21.3495450624)) ;
#141=CARTESIAN_POINT('Control Point',(34.7521098606,-54.4451262328,20.8882239733)) ;
#142=CARTESIAN_POINT('Control Point',(34.6438570364,-54.6808230942,20.7117384527)) ;
#143=CARTESIAN_POINT('Control Point',(34.4568045755,-55.1036464503,20.5259506546)) ;
#144=CARTESIAN_POINT('Control Point',(34.2673696917,-55.5565056528,20.5056240644)) ;
#145=CARTESIAN_POINT('Control Point',(34.1971280787,-55.7283049927,20.5221900414)) ;
#146=CARTESIAN_POINT('Control Point',(34.1298581294,-55.8966270787,20.563278578)) ;
#147=CARTESIAN_POINT('Control Point',(34.0669978614,-56.0570848709,20.6281077342)) ;
#148=CARTESIAN_POINT('Vertex',(34.533767848,-54.9332650907,23.4096592979)) ;
#151=CARTESIAN_POINT('Line Origine',(0.,-54.9332650907,23.4096592979)) ;
#155=CARTESIAN_POINT('Vertex',(0.00293576905354,-54.9332650907,23.4096592979)) ;
#159=CARTESIAN_POINT('Control Point',(0.00293576905354,-54.9332650907,23.4096592979)) ;
#160=CARTESIAN_POINT('Control Point',(0.00791503105838,-54.5773734494,23.2658697412)) ;
#161=CARTESIAN_POINT('Control Point',(0.0175288821871,-54.2675312207,23.00826439)) ;
#162=CARTESIAN_POINT('Control Point',(0.0281926453198,-54.0528618121,22.6559719092)) ;
#163=CARTESIAN_POINT('Control Point',(0.0362244767572,-53.8723020729,21.8368477728)) ;
#164=CARTESIAN_POINT('Control Point',(0.0206077338889,-54.221273742,21.0670124552)) ;
#165=CARTESIAN_POINT('Control Point',(0.00711141619271,-54.5403042549,20.7472097496)) ;
#166=CARTESIAN_POINT('Control Point',(1.79969210205E-017,-54.9398244904,20.5649891414)) ;
#167=CARTESIAN_POINT('Control Point',(0.,-55.3529525035,20.5256411489)) ;
#168=CARTESIAN_POINT('Vertex',(0.,-55.3529525035,20.5256411489)) ;
#171=CARTESIAN_POINT('Axis2P3D Location',(-4.06708752033E-018,-55.4951749808,22.018883516)) ;
#184=CARTESIAN_POINT('Axis2P3D Location',(0.,0.,0.)) ;
#189=CARTESIAN_POINT('Axis2P3D Location',(47.1883069138,0.,0.)) ;
#193=CARTESIAN_POINT('Vertex',(47.1883069138,2.20510701523E-014,12.)) ;
#195=CARTESIAN_POINT('Vertex',(47.1883069138,8.45377679794E-015,-12.)) ;
#198=CARTESIAN_POINT('Line Origine',(0.,8.45377679794E-015,-12.)) ;
#202=CARTESIAN_POINT('Vertex',(31.1883069138,8.45377679794E-015,-12.)) ;
#205=CARTESIAN_POINT('Axis2P3D Location',(31.1883069138,0.,0.)) ;
#209=CARTESIAN_POINT('Vertex',(31.1883069138,2.20510701523E-014,12.)) ;
#212=CARTESIAN_POINT('Line Origine',(0.,2.20510701523E-014,12.)) ;
#224=CARTESIAN_POINT('Axis2P3D Location',(0.,0.,0.)) ;
#229=CARTESIAN_POINT('Axis2P3D Location',(47.1883069138,0.,0.)) ;
#234=CARTESIAN_POINT('Axis2P3D Location',(31.1883069138,0.,0.)) ;
#246=CARTESIAN_POINT('Axis2P3D Location',(16.,100.,40.)) ;
#251=CARTESIAN_POINT('Line Origine',(16.,100.,73.)) ;
#255=CARTESIAN_POINT('Vertex',(24.5,100.,73.)) ;
#257=CARTESIAN_POINT('Vertex',(7.5,100.,73.)) ;
#260=CARTESIAN_POINT('Axis2P3D Location',(24.5,100.,40.)) ;
#264=CARTESIAN_POINT('Vertex',(24.5,100.,7.)) ;
#267=CARTESIAN_POINT('Line Origine',(16.,100.,7.)) ;
#271=CARTESIAN_POINT('Vertex',(7.5,100.,7.)) ;
#274=CARTESIAN_POINT('Axis2P3D Location',(7.5,100.,40.)) ;
#286=CARTESIAN_POINT('Axis2P3D Location',(7.5,0.,0.)) ;
#291=CARTESIAN_POINT('Line Origine',(7.5,100.,74.)) ;
#295=CARTESIAN_POINT('Vertex',(7.5,100.,75.)) ;
#298=CARTESIAN_POINT('Line Origine',(7.5,100.,4.65192317503)) ;
#302=CARTESIAN_POINT('Vertex',(7.5,100.,2.30384635006)) ;
#305=CARTESIAN_POINT('Line Origine',(7.5,106.499336836,4.90358108454)) ;
#309=CARTESIAN_POINT('Vertex',(7.5,112.998673672,7.50331581902)) ;
#312=CARTESIAN_POINT('Axis2P3D Location',(7.5,100.,40.)) ;
#325=CARTESIAN_POINT('Axis2P3D Location',(16.,100.,-13.0674011777)) ;
#330=CARTESIAN_POINT('Line Origine',(16.,100.,2.30384635006)) ;
#334=CARTESIAN_POINT('Vertex',(24.5,100.,2.30384635006)) ;
#337=CARTESIAN_POINT('Line Origine',(24.5,100.,4.65192317503)) ;
#349=CARTESIAN_POINT('Axis2P3D Location',(24.5,0.,0.)) ;
#354=CARTESIAN_POINT('Axis2P3D Location',(24.5,100.,40.)) ;
#358=CARTESIAN_POINT('Vertex',(24.5,112.998673672,7.50331581902)) ;
#360=CARTESIAN_POINT('Vertex',(24.5,100.,75.)) ;
#363=CARTESIAN_POINT('Line Origine',(24.5,106.499336836,4.90358108454)) ;
#368=CARTESIAN_POINT('Line Origine',(24.5,100.,74.)) ;
#381=CARTESIAN_POINT('Line Origine',(16.,100.,75.)) ;
#393=CARTESIAN_POINT('Axis2P3D Location',(16.,-100.,40.)) ;
#398=CARTESIAN_POINT('Line Origine',(16.,-100.,7.)) ;
#402=CARTESIAN_POINT('Vertex',(24.5,-100.,7.)) ;
#404=CARTESIAN_POINT('Vertex',(7.5,-100.,7.)) ;
#407=CARTESIAN_POINT('Axis2P3D Location',(24.5,-100.,40.)) ;
#411=CARTESIAN_POINT('Vertex',(24.5,-100.,73.)) ;
#414=CARTESIAN_POINT('Line Origine',(16.,-100.,73.)) ;
#418=CARTESIAN_POINT('Vertex',(7.5,-100.,73.)) ;
#421=CARTESIAN_POINT('Axis2P3D Location',(7.5,-100.,40.)) ;
#433=CARTESIAN_POINT('Line Origine',(7.5,-100.,4.65192317503)) ;
#437=CARTESIAN_POINT('Vertex',(7.5,-100.,2.30384635006)) ;
#440=CARTESIAN_POINT('Line Origine',(7.5,-100.,74.)) ;
#444=CARTESIAN_POINT('Vertex',(7.5,-100.,75.)) ;
#447=CARTESIAN_POINT('Axis2P3D Location',(7.5,-100.,40.)) ;
#451=CARTESIAN_POINT('Vertex',(7.5,-112.998673672,7.50331581902)) ;
#454=CARTESIAN_POINT('Line Origine',(7.5,-106.499336836,4.90358108454)) ;
#467=CARTESIAN_POINT('Axis2P3D Location',(16.,-100.,73.)) ;
#472=CARTESIAN_POINT('Line Origine',(24.5,-100.,74.)) ;
#476=CARTESIAN_POINT('Vertex',(24.5,-100.,75.)) ;
#479=CARTESIAN_POINT('Line Origine',(16.,-100.,75.)) ;
#491=CARTESIAN_POINT('Line Origine',(24.5,-106.499336836,4.90358108454)) ;
#495=CARTESIAN_POINT('Vertex',(24.5,-112.998673672,7.50331581902)) ;
#497=CARTESIAN_POINT('Vertex',(24.5,-100.,2.30384635006)) ;
#500=CARTESIAN_POINT('Axis2P3D Location',(24.5,-100.,40.)) ;
#505=CARTESIAN_POINT('Line Origine',(24.5,-100.,4.65192317503)) ;
#518=CARTESIAN_POINT('Line Origine',(16.,-100.,2.30384635006)) ;
#530=CARTESIAN_POINT('Axis2P3D Location',(0.,-40.,20.)) ;
#535=CARTESIAN_POINT('Axis2P3D Location',(15.,-40.,20.)) ;
#539=CARTESIAN_POINT('Vertex',(15.,-45.25,20.)) ;
#541=CARTESIAN_POINT('Vertex',(15.,-34.75,20.)) ;
#544=CARTESIAN_POINT('Line Origine',(0.,-45.25,20.)) ;
#548=CARTESIAN_POINT('Vertex',(1.75233902228,-45.25,20.)) ;
#552=CARTESIAN_POINT('Control Point',(7.01866670643,-36.0693242129,23.4802712332)) ;
#553=CARTESIAN_POINT('Control Point',(6.5585993473,-36.617611141,24.0995155415)) ;
#554=CARTESIAN_POINT('Control Point',(6.04166699032,-37.266875324,24.5871052447)) ;
#555=CARTESIAN_POINT('Control Point',(5.51322259605,-37.9835891812,24.9439371793)) ;
#556=CARTESIAN_POINT('Control Point',(4.70423668394,-39.1809978304,25.2845145305)) ;
#557=CARTESIAN_POINT('Control Point',(3.95709606819,-40.4474284428,25.2597083605)) ;
#558=CARTESIAN_POINT('Control Point',(3.70360144921,-40.8996734395,25.2028086933)) ;
#559=CARTESIAN_POINT('Control Point',(3.24689637774,-41.7579669447,24.9972970058)) ;
#560=CARTESIAN_POINT('Control Point',(2.85051657479,-42.5787125815,24.6038794854)) ;
#561=CARTESIAN_POINT('Control Point',(2.67759327404,-42.9545033157,24.3736416443)) ;
#562=CARTESIAN_POINT('Control Point',(2.23703821626,-43.9550810242,23.6030713092)) ;
#563=CARTESIAN_POINT('Control Point',(1.9409036408,-44.7213813868,22.5241071434)) ;
#564=CARTESIAN_POINT('Control Point',(1.81525095379,-45.0740994489,21.7190487885)) ;
#565=CARTESIAN_POINT('Control Point',(1.75233902228,-45.25,20.85952447)) ;
#566=CARTESIAN_POINT('Control Point',(1.75233902228,-45.25,20.)) ;
#567=CARTESIAN_POINT('Vertex',(7.01866670643,-36.0693242129,23.4802712332)) ;
#571=CARTESIAN_POINT('Control Point',(8.12571116687,-34.75,20.)) ;
#572=CARTESIAN_POINT('Control Point',(8.12571116687,-34.75,20.8012649593)) ;
#573=CARTESIAN_POINT('Control Point',(7.99713285416,-34.9032311708,21.6038282158)) ;
#574=CARTESIAN_POINT('Control Point',(7.74125897032,-35.2081771545,22.3316877717)) ;
#575=CARTESIAN_POINT('Control Point',(7.40816504383,-35.60513817,22.956011853)) ;
#576=CARTESIAN_POINT('Control Point',(7.01866670643,-36.0693242129,23.4802712332)) ;
#577=CARTESIAN_POINT('Vertex',(8.12571116687,-34.75,20.)) ;
#580=CARTESIAN_POINT('Line Origine',(0.,-34.75,20.)) ;
#593=CARTESIAN_POINT('Axis2P3D Location',(15.,-40.,20.)) ;
#599=CARTESIAN_POINT('Control Point',(8.12571116687,-34.75,20.)) ;
#600=CARTESIAN_POINT('Control Point',(8.12571116687,-34.75,19.1987350407)) ;
#601=CARTESIAN_POINT('Control Point',(7.99713285416,-34.9032311708,18.3961717842)) ;
#602=CARTESIAN_POINT('Control Point',(7.74125897031,-35.2081771545,17.6683122283)) ;
#603=CARTESIAN_POINT('Control Point',(7.40816504383,-35.60513817,17.043988147)) ;
#604=CARTESIAN_POINT('Control Point',(7.01866670643,-36.0693242129,16.5197287668)) ;
#605=CARTESIAN_POINT('Vertex',(7.01866670643,-36.0693242129,16.5197287668)) ;
#609=CARTESIAN_POINT('Control Point',(7.01866670643,-36.0693242129,16.5197287668)) ;
#610=CARTESIAN_POINT('Control Point',(6.55859934725,-36.617611141,15.9004844584)) ;
#611=CARTESIAN_POINT('Control Point',(6.0416669902,-37.2668753242,15.4128947552)) ;
#612=CARTESIAN_POINT('Control Point',(5.51322259591,-37.9835891814,15.0560628206)) ;
#613=CARTESIAN_POINT('Control Point',(4.70423668375,-39.1809978307,14.7154854694)) ;
#614=CARTESIAN_POINT('Control Point',(3.95709606796,-40.4474284432,14.7402916395)) ;
#615=CARTESIAN_POINT('Control Point',(3.703601449,-40.8996734399,14.7971913068)) ;
#616=CARTESIAN_POINT('Control Point',(3.24689637757,-41.757966945,15.0027029943)) ;
#617=CARTESIAN_POINT('Control Point',(2.85051657465,-42.5787125818,15.3961205147)) ;
#618=CARTESIAN_POINT('Control Point',(2.67759327388,-42.954503316,15.6263583559)) ;
#619=CARTESIAN_POINT('Control Point',(2.23703821614,-43.9550810245,16.3969286911)) ;
#620=CARTESIAN_POINT('Control Point',(1.94090364073,-44.721381387,17.475892857)) ;
#621=CARTESIAN_POINT('Control Point',(1.8152509538,-45.0740994489,18.2809512114)) ;
#622=CARTESIAN_POINT('Control Point',(1.75233902228,-45.25,19.14047553)) ;
#623=CARTESIAN_POINT('Control Point',(1.75233902228,-45.25,20.)) ;
#633=CARTESIAN_POINT('Axis2P3D Location',(0.,40.,20.)) ;
#638=CARTESIAN_POINT('Axis2P3D Location',(15.,40.,20.)) ;
#642=CARTESIAN_POINT('Vertex',(15.,45.25,20.)) ;
#644=CARTESIAN_POINT('Vertex',(15.,34.75,20.)) ;
#647=CARTESIAN_POINT('Line Origine',(0.,45.25,20.)) ;
#651=CARTESIAN_POINT('Vertex',(1.75233902228,45.25,20.)) ;
#655=CARTESIAN_POINT('Control Point',(7.01866670643,36.0693242129,16.5197287668)) ;
#656=CARTESIAN_POINT('Control Point',(6.55859934716,36.6176111411,15.9004844583)) ;
#657=CARTESIAN_POINT('Control Point',(6.04166698999,37.2668753244,15.4128947549)) ;
#658=CARTESIAN_POINT('Control Point',(5.51322259564,37.9835891817,15.0560628204)) ;
#659=CARTESIAN_POINT('Control Point',(4.70423668338,39.1809978312,14.7154854693)) ;
#660=CARTESIAN_POINT('Control Point',(3.95709606754,40.4474284439,14.7402916396)) ;
#661=CARTESIAN_POINT('Control Point',(3.7036014486,40.8996734406,14.7971913069)) ;
#662=CARTESIAN_POINT('Control Point',(3.24689637723,41.7579669457,15.0027029945)) ;
#663=CARTESIAN_POINT('Control Point',(2.85051657436,42.5787125824,15.3961205151)) ;
#664=CARTESIAN_POINT('Control Point',(2.6775932736,42.9545033166,15.6263583564)) ;
#665=CARTESIAN_POINT('Control Point',(2.237038216,43.9550810248,16.3969286916)) ;
#666=CARTESIAN_POINT('Control Point',(1.94090364068,44.7213813871,17.4758928573)) ;
#667=CARTESIAN_POINT('Control Point',(1.81525095377,45.074099449,18.2809512119)) ;
#668=CARTESIAN_POINT('Control Point',(1.75233902228,45.25,19.1404755302)) ;
#669=CARTESIAN_POINT('Control Point',(1.75233902228,45.25,20.)) ;
#670=CARTESIAN_POINT('Vertex',(7.01866670643,36.0693242129,16.5197287668)) ;
#674=CARTESIAN_POINT('Control Point',(8.12571116687,34.75,20.)) ;
#675=CARTESIAN_POINT('Control Point',(8.12571116687,34.75,19.1987350407)) ;
#676=CARTESIAN_POINT('Control Point',(7.99713285412,34.9032311708,18.396171784)) ;
#677=CARTESIAN_POINT('Control Point',(7.74125897032,35.2081771545,17.6683122283)) ;
#678=CARTESIAN_POINT('Control Point',(7.40816504383,35.60513817,17.043988147)) ;
#679=CARTESIAN_POINT('Control Point',(7.01866670643,36.0693242129,16.5197287668)) ;
#680=CARTESIAN_POINT('Vertex',(8.12571116687,34.75,20.)) ;
#683=CARTESIAN_POINT('Line Origine',(0.,34.75,20.)) ;
#696=CARTESIAN_POINT('Axis2P3D Location',(15.,40.,20.)) ;
#702=CARTESIAN_POINT('Control Point',(8.12571116687,34.75,20.)) ;
#703=CARTESIAN_POINT('Control Point',(8.12571116687,34.75,20.8012649593)) ;
#704=CARTESIAN_POINT('Control Point',(7.99713285416,34.9032311708,21.6038282157)) ;
#705=CARTESIAN_POINT('Control Point',(7.74125897033,35.2081771545,22.3316877717)) ;
#706=CARTESIAN_POINT('Control Point',(7.40816504384,35.60513817,22.956011853)) ;
#707=CARTESIAN_POINT('Control Point',(7.01866670643,36.0693242129,23.4802712332)) ;
#708=CARTESIAN_POINT('Vertex',(7.01866670643,36.0693242129,23.4802712332)) ;
#712=CARTESIAN_POINT('Control Point',(7.01866670643,36.0693242129,23.4802712332)) ;
#713=CARTESIAN_POINT('Control Point',(6.55859934719,36.6176111411,24.0995155417)) ;
#714=CARTESIAN_POINT('Control Point',(6.04166699006,37.2668753244,24.587105245)) ;
#715=CARTESIAN_POINT('Control Point',(5.51322259569,37.9835891817,24.9439371796)) ;
#716=CARTESIAN_POINT('Control Point',(4.70423668345,39.1809978311,25.2845145307)) ;
#717=CARTESIAN_POINT('Control Point',(3.95709606763,40.4474284437,25.2597083604)) ;
#718=CARTESIAN_POINT('Control Point',(3.70360144869,40.8996734405,25.2028086931)) ;
#719=CARTESIAN_POINT('Control Point',(3.24689637731,41.7579669455,24.9972970055)) ;
#720=CARTESIAN_POINT('Control Point',(2.85051657443,42.5787125823,24.603879485)) ;
#721=CARTESIAN_POINT('Control Point',(2.67759327367,42.9545033165,24.3736416437)) ;
#722=CARTESIAN_POINT('Control Point',(2.23703821605,43.9550810247,23.6030713086)) ;
#723=CARTESIAN_POINT('Control Point',(1.94090364071,44.721381387,22.5241071428)) ;
#724=CARTESIAN_POINT('Control Point',(1.81525095377,45.074099449,21.7190487882)) ;
#725=CARTESIAN_POINT('Control Point',(1.75233902228,45.25,20.8595244698)) ;
#726=CARTESIAN_POINT('Control Point',(1.75233902228,45.25,20.)) ;
#736=CARTESIAN_POINT('Axis2P3D Location',(15.,0.,0.)) ;
#741=CARTESIAN_POINT('Axis2P3D Location',(15.,-40.,20.)) ;
#745=CARTESIAN_POINT('Vertex',(15.,-51.,20.)) ;
#747=CARTESIAN_POINT('Vertex',(15.,-29.,20.)) ;
#750=CARTESIAN_POINT('Axis2P3D Location',(15.,-40.,20.)) ;
#764=CARTESIAN_POINT('Axis2P3D Location',(42.5,-40.,20.)) ;
#770=CARTESIAN_POINT('Control Point',(36.6228449191,-51.,20.)) ;
#771=CARTESIAN_POINT('Control Point',(36.6228449191,-51.,18.167814392)) ;
#772=CARTESIAN_POINT('Control Point',(36.863004551,-50.6201014528,16.3349678821)) ;
#773=CARTESIAN_POINT('Control Point',(37.3446250693,-49.8503905036,14.6526270456)) ;
#774=CARTESIAN_POINT('Control Point',(38.0783165282,-48.8370374126,13.2635754727)) ;
#775=CARTESIAN_POINT('Control Point',(39.0186667065,-47.7163717093,12.1605097331)) ;
#776=CARTESIAN_POINT('Vertex',(36.6228449191,-51.,20.)) ;
#778=CARTESIAN_POINT('Vertex',(39.0186667064,-47.7163717094,12.1605097333)) ;
#782=CARTESIAN_POINT('Control Point',(53.5091957762,-30.4472316319,14.5461374691)) ;
#783=CARTESIAN_POINT('Control Point',(53.1485049272,-30.877086247,13.7932212475)) ;
#784=CARTESIAN_POINT('Control Point',(52.7347552359,-31.3701741675,13.1018245751)) ;
#785=CARTESIAN_POINT('Control Point',(52.2788222578,-31.9135338969,12.4771122945)) ;
#786=CARTESIAN_POINT('Control Point',(51.2153053122,-33.1809835928,11.2619269611)) ;
#787=CARTESIAN_POINT('Control Point',(50.0290812182,-34.5946709427,10.3567122169)) ;
#788=CARTESIAN_POINT('Control Point',(49.3621974755,-35.3894319707,9.95539618505)) ;
#789=CARTESIAN_POINT('Control Point',(47.6461052776,-37.4345904725,9.16330049888)) ;
#790=CARTESIAN_POINT('Control Point',(45.8574677051,-39.5662065401,8.89737425508)) ;
#791=CARTESIAN_POINT('Control Point',(44.7759646224,-40.8550917341,8.92151580395)) ;
#792=CARTESIAN_POINT('Control Point',(42.8958324948,-43.0957450756,9.28745090717)) ;
#793=CARTESIAN_POINT('Control Point',(41.1091525066,-45.2250280304,10.2421988879)) ;
#794=CARTESIAN_POINT('Control Point',(40.3673064843,-46.1091250158,10.764346169)) ;
#795=CARTESIAN_POINT('Control Point',(39.6642746569,-46.9469661151,11.4031875912)) ;
#796=CARTESIAN_POINT('Control Point',(39.0186667064,-47.7163717094,12.1605097333)) ;
#797=CARTESIAN_POINT('Vertex',(53.5091957762,-30.4472316319,14.5461374691)) ;
#801=CARTESIAN_POINT('Control Point',(54.6152865081,-29.,20.)) ;
#802=CARTESIAN_POINT('Control Point',(54.6152865081,-29.,18.5374802245)) ;
#803=CARTESIAN_POINT('Control Point',(54.4368557839,-29.2594968177,17.0730883023)) ;
#804=CARTESIAN_POINT('Control Point',(54.0709711915,-29.7777337625,15.7188032694)) ;
#805=CARTESIAN_POINT('Control Point',(53.5091957762,-30.447231632,14.546137469)) ;
#806=CARTESIAN_POINT('Vertex',(54.6152865081,-29.,20.)) ;
#809=CARTESIAN_POINT('Line Origine',(42.5,-29.,20.)) ;
#814=CARTESIAN_POINT('Line Origine',(42.5,-51.,20.)) ;
#829=CARTESIAN_POINT('Control Point',(54.6152865081,-29.,20.)) ;
#830=CARTESIAN_POINT('Control Point',(54.6152865081,-29.,21.4625197756)) ;
#831=CARTESIAN_POINT('Control Point',(54.4368557839,-29.2594968176,22.9269116972)) ;
#832=CARTESIAN_POINT('Control Point',(54.0709711915,-29.7777337625,24.2811967306)) ;
#833=CARTESIAN_POINT('Control Point',(53.5091957762,-30.447231632,25.453862531)) ;
#834=CARTESIAN_POINT('Vertex',(53.5091957762,-30.4472316319,25.4538625309)) ;
#838=CARTESIAN_POINT('Control Point',(53.5091957762,-30.4472316319,25.4538625309)) ;
#839=CARTESIAN_POINT('Control Point',(53.1485049271,-30.8770862472,26.2067787527)) ;
#840=CARTESIAN_POINT('Control Point',(52.7347552357,-31.3701741678,26.8981754254)) ;
#841=CARTESIAN_POINT('Control Point',(52.2788222572,-31.9135338975,27.5228877063)) ;
#842=CARTESIAN_POINT('Control Point',(51.2153053114,-33.1809835938,28.7380730398)) ;
#843=CARTESIAN_POINT('Control Point',(50.029081217,-34.5946709441,29.6432877839)) ;
#844=CARTESIAN_POINT('Control Point',(49.3621974744,-35.389431972,30.0446038156)) ;
#845=CARTESIAN_POINT('Control Point',(47.6461052764,-37.434590474,30.8366995015)) ;
#846=CARTESIAN_POINT('Control Point',(45.8574677038,-39.5662065417,31.102625745)) ;
#847=CARTESIAN_POINT('Control Point',(44.7759646209,-40.8550917359,31.0784841959)) ;
#848=CARTESIAN_POINT('Control Point',(42.8958324937,-43.0957450769,30.7125490924)) ;
#849=CARTESIAN_POINT('Control Point',(41.1091525059,-45.2250280313,29.7578011116)) ;
#850=CARTESIAN_POINT('Control Point',(40.3673064837,-46.1091250164,29.2356538305)) ;
#851=CARTESIAN_POINT('Control Point',(39.6642746566,-46.9469661154,28.5968124085)) ;
#852=CARTESIAN_POINT('Control Point',(39.0186667064,-47.7163717094,27.8394902667)) ;
#853=CARTESIAN_POINT('Vertex',(39.0186667064,-47.7163717094,27.8394902667)) ;
#857=CARTESIAN_POINT('Control Point',(36.6228449191,-51.,20.)) ;
#858=CARTESIAN_POINT('Control Point',(36.6228449191,-51.,21.832185608)) ;
#859=CARTESIAN_POINT('Control Point',(36.8630045509,-50.6201014529,23.6650321177)) ;
#860=CARTESIAN_POINT('Control Point',(37.3446250694,-49.8503905035,25.3473729546)) ;
#861=CARTESIAN_POINT('Control Point',(38.0783165282,-48.8370374126,26.7364245273)) ;
#862=CARTESIAN_POINT('Control Point',(39.0186667065,-47.7163717093,27.8394902669)) ;
#873=CARTESIAN_POINT('Axis2P3D Location',(15.,40.,20.)) ;
#877=CARTESIAN_POINT('Vertex',(15.,51.,20.)) ;
#879=CARTESIAN_POINT('Vertex',(15.,29.,20.)) ;
#882=CARTESIAN_POINT('Axis2P3D Location',(15.,40.,20.)) ;
#896=CARTESIAN_POINT('Axis2P3D Location',(42.5,40.,20.)) ;
#902=CARTESIAN_POINT('Control Point',(36.6228449191,51.,20.)) ;
#903=CARTESIAN_POINT('Control Point',(36.6228449191,51.,21.8321856081)) ;
#904=CARTESIAN_POINT('Control Point',(36.8630045509,50.620101453,23.665032117)) ;
#905=CARTESIAN_POINT('Control Point',(37.3446250693,49.8503905037,25.3473729545)) ;
#906=CARTESIAN_POINT('Control Point',(38.0783165282,48.8370374127,26.7364245273)) ;
#907=CARTESIAN_POINT('Control Point',(39.0186667065,47.7163717093,27.8394902668)) ;
#908=CARTESIAN_POINT('Vertex',(36.6228449191,51.,20.)) ;
#910=CARTESIAN_POINT('Vertex',(39.0186667064,47.7163717094,27.8394902667)) ;
#914=CARTESIAN_POINT('Control Point',(53.5091957762,30.4472316319,25.4538625309)) ;
#915=CARTESIAN_POINT('Control Point',(53.1485049272,30.8770862471,26.2067787526)) ;
#916=CARTESIAN_POINT('Control Point',(52.7347552358,31.3701741676,26.8981754251)) ;
#917=CARTESIAN_POINT('Control Point',(52.2788222575,31.9135338971,27.5228877058)) ;
#918=CARTESIAN_POINT('Control Point',(51.2153053119,33.1809835932,28.7380730393)) ;
#919=CARTESIAN_POINT('Control Point',(50.0290812178,34.5946709433,29.6432877834)) ;
#920=CARTESIAN_POINT('Control Point',(49.362197475,35.3894319712,30.0446038152)) ;
#921=CARTESIAN_POINT('Control Point',(47.6461052771,37.4345904731,30.8366995013)) ;
#922=CARTESIAN_POINT('Control Point',(45.8574677046,39.5662065407,31.1026257449)) ;
#923=CARTESIAN_POINT('Control Point',(44.7759646217,40.8550917349,31.078484196)) ;
#924=CARTESIAN_POINT('Control Point',(42.8958324943,43.0957450762,30.7125490926)) ;
#925=CARTESIAN_POINT('Control Point',(41.1091525063,45.2250280308,29.7578011119)) ;
#926=CARTESIAN_POINT('Control Point',(40.3673064841,46.109125016,29.2356538308)) ;
#927=CARTESIAN_POINT('Control Point',(39.6642746568,46.9469661152,28.5968124087)) ;
#928=CARTESIAN_POINT('Control Point',(39.0186667064,47.7163717094,27.8394902667)) ;
#929=CARTESIAN_POINT('Vertex',(53.5091957762,30.4472316319,25.4538625309)) ;
#933=CARTESIAN_POINT('Control Point',(54.6152865081,29.,20.)) ;
#934=CARTESIAN_POINT('Control Point',(54.6152865081,29.,21.4625197755)) ;
#935=CARTESIAN_POINT('Control Point',(54.4368557839,29.2594968177,22.9269116975)) ;
#936=CARTESIAN_POINT('Control Point',(54.0709711915,29.7777337625,24.2811967306)) ;
#937=CARTESIAN_POINT('Control Point',(53.5091957762,30.4472316319,25.4538625309)) ;
#938=CARTESIAN_POINT('Vertex',(54.6152865081,29.,20.)) ;
#941=CARTESIAN_POINT('Line Origine',(42.5,29.,20.)) ;
#946=CARTESIAN_POINT('Line Origine',(42.5,51.,20.)) ;
#961=CARTESIAN_POINT('Control Point',(54.6152865081,29.,20.)) ;
#962=CARTESIAN_POINT('Control Point',(54.6152865081,29.,18.5374802245)) ;
#963=CARTESIAN_POINT('Control Point',(54.4368557839,29.2594968177,17.0730883025)) ;
#964=CARTESIAN_POINT('Control Point',(54.0709711915,29.7777337625,15.7188032694)) ;
#965=CARTESIAN_POINT('Control Point',(53.5091957762,30.4472316319,14.5461374691)) ;
#966=CARTESIAN_POINT('Vertex',(53.5091957762,30.4472316319,14.5461374691)) ;
#970=CARTESIAN_POINT('Control Point',(53.5091957762,30.4472316319,14.5461374691)) ;
#971=CARTESIAN_POINT('Control Point',(53.1485049271,30.8770862471,13.7932212473)) ;
#972=CARTESIAN_POINT('Control Point',(52.7347552357,31.3701741677,13.1018245747)) ;
#973=CARTESIAN_POINT('Control Point',(52.2788222574,31.9135338973,12.477112294)) ;
#974=CARTESIAN_POINT('Control Point',(51.2153053117,33.1809835934,11.2619269605)) ;
#975=CARTESIAN_POINT('Control Point',(50.0290812175,34.5946709436,10.3567122164)) ;
#976=CARTESIAN_POINT('Control Point',(49.3621974747,35.3894319716,9.9553961846)) ;
#977=CARTESIAN_POINT('Control Point',(47.6461052768,37.4345904735,9.16330049864)) ;
#978=CARTESIAN_POINT('Control Point',(45.8574677042,39.5662065412,8.89737425504)) ;
#979=CARTESIAN_POINT('Control Point',(44.7759646214,40.8550917353,8.92151580405)) ;
#980=CARTESIAN_POINT('Control Point',(42.895832494,43.0957450765,9.28745090746)) ;
#981=CARTESIAN_POINT('Control Point',(41.1091525061,45.225028031,10.2421988883)) ;
#982=CARTESIAN_POINT('Control Point',(40.3673064839,46.1091250162,10.7643461693)) ;
#983=CARTESIAN_POINT('Control Point',(39.6642746567,46.9469661153,11.4031875914)) ;
#984=CARTESIAN_POINT('Control Point',(39.0186667064,47.7163717094,12.1605097333)) ;
#985=CARTESIAN_POINT('Vertex',(39.0186667064,47.7163717094,12.1605097333)) ;
#989=CARTESIAN_POINT('Control Point',(36.6228449191,51.,20.)) ;
#990=CARTESIAN_POINT('Control Point',(36.6228449191,51.,18.167814392)) ;
#991=CARTESIAN_POINT('Control Point',(36.8630045509,50.6201014529,16.3349678824)) ;
#992=CARTESIAN_POINT('Control Point',(37.3446250693,49.8503905036,14.6526270456)) ;
#993=CARTESIAN_POINT('Control Point',(38.0783165282,48.8370374126,13.2635754727)) ;
#994=CARTESIAN_POINT('Control Point',(39.0186667065,47.7163717093,12.1605097332)) ;
#1005=CARTESIAN_POINT('Axis2P3D Location',(16.,-84.3628335575,1.43414458018)) ;
#1010=CARTESIAN_POINT('Line Origine',(16.,-77.8634967213,-1.1655901543)) ;
#1014=CARTESIAN_POINT('Vertex',(16.,-79.720450103,-5.80797360873)) ;
#1016=CARTESIAN_POINT('Vertex',(16.,-76.0065433395,3.47679330013)) ;
#1019=CARTESIAN_POINT('Axis2P3D Location',(16.,-86.2197869392,-3.20823887425)) ;
#1023=CARTESIAN_POINT('Vertex',(16.,-92.7191237754,-0.608504139769)) ;
#1026=CARTESIAN_POINT('Line Origine',(16.,-90.8621703937,4.03387931466)) ;
#1030=CARTESIAN_POINT('Vertex',(16.,-89.0052170119,8.67626276908)) ;
#1033=CARTESIAN_POINT('Axis2P3D Location',(16.,-82.5058801757,6.07652803461)) ;
#1045=CARTESIAN_POINT('Axis2P3D Location',(16.,-86.2197869392,-3.20823887425)) ;
#1050=CARTESIAN_POINT('Axis2P3D Location',(16.,-82.5058801757,6.07652803461)) ;
#1062=CARTESIAN_POINT('Axis2P3D Location',(0.,-9.28476690885,-23.2119172721)) ;
#1071=CARTESIAN_POINT('Axis2P3D Location',(16.,-82.5058801757,6.07652803461)) ;
#1075=CARTESIAN_POINT('Vertex',(16.,-78.7919734122,4.59096532919)) ;
#1077=CARTESIAN_POINT('Vertex',(16.,-86.2197869392,7.56209074002)) ;
#1080=CARTESIAN_POINT('Axis2P3D Location',(16.,-82.5058801757,6.07652803461)) ;
#1090=CARTESIAN_POINT('Axis2P3D Location',(0.,-54.9332650907,23.4096592979)) ;
#1096=CARTESIAN_POINT('Control Point',(16.,-68.9923932321,29.0899157794)) ;
#1097=CARTESIAN_POINT('Control Point',(16.3941925619,-68.9923932321,29.0899157794)) ;
#1098=CARTESIAN_POINT('Control Point',(16.7883846946,-69.0374163266,29.1081062903)) ;
#1099=CARTESIAN_POINT('Control Point',(17.1746204846,-69.1274753184,29.1444924849)) ;
#1100=CARTESIAN_POINT('Control Point',(17.9154740904,-69.3940440895,29.2521932594)) ;
#1101=CARTESIAN_POINT('Control Point',(18.5643650897,-69.8194146786,29.4240541331)) ;
#1102=CARTESIAN_POINT('Control Point',(18.8589047898,-70.068437768,29.5246659921)) ;
#1103=CARTESIAN_POINT('Control Point',(19.3756584281,-70.6286332094,29.750999642)) ;
#1104=CARTESIAN_POINT('Control Point',(19.7301866039,-71.2884255641,30.0175730569)) ;
#1105=CARTESIAN_POINT('Control Point',(19.8624794688,-71.6370629358,30.1584316984)) ;
#1106=CARTESIAN_POINT('Control Point',(20.0316241935,-72.3573334197,30.4494398636)) ;
#1107=CARTESIAN_POINT('Control Point',(20.0070201541,-73.0941250959,30.7471230237)) ;
#1108=CARTESIAN_POINT('Control Point',(19.9455364678,-73.459288646,30.8946586747)) ;
#1109=CARTESIAN_POINT('Control Point',(19.7267594138,-74.1679762757,31.180987063)) ;
#1110=CARTESIAN_POINT('Control Point',(19.3288847264,-74.8061714607,31.4388346549)) ;
#1111=CARTESIAN_POINT('Control Point',(19.088277125,-75.1008331438,31.5578857027)) ;
#1112=CARTESIAN_POINT('Control Point',(18.5678789078,-75.5965026208,31.7581491707)) ;
#1113=CARTESIAN_POINT('Control Point',(17.9402567423,-75.9682664659,31.908351514)) ;
#1114=CARTESIAN_POINT('Control Point',(17.6278354079,-76.11177713,31.966333586)) ;
#1115=CARTESIAN_POINT('Control Point',(17.3011659695,-76.2228392524,32.0112055961)) ;
#1116=CARTESIAN_POINT('Control Point',(16.9654702451,-76.3002546379,32.0424834421)) ;
#1117=CARTESIAN_POINT('Vertex',(16.,-68.9923932321,29.0899157794)) ;
#1119=CARTESIAN_POINT('Vertex',(16.9654702451,-76.3002546379,32.0424834421)) ;
#1123=CARTESIAN_POINT('Control Point',(16.,-68.9923932321,29.0899157794)) ;
#1124=CARTESIAN_POINT('Control Point',(15.6058074381,-68.9923932321,29.0899157794)) ;
#1125=CARTESIAN_POINT('Control Point',(15.2116153054,-69.0374163266,29.1081062903)) ;
#1126=CARTESIAN_POINT('Control Point',(14.8253795154,-69.1274753184,29.1444924849)) ;
#1127=CARTESIAN_POINT('Control Point',(14.0845259097,-69.3940440895,29.2521932594)) ;
#1128=CARTESIAN_POINT('Control Point',(13.4356349104,-69.8194146785,29.4240541331)) ;
#1129=CARTESIAN_POINT('Control Point',(13.1410952102,-70.068437768,29.5246659921)) ;
#1130=CARTESIAN_POINT('Control Point',(12.6243415719,-70.6286332094,29.750999642)) ;
#1131=CARTESIAN_POINT('Control Point',(12.2698133961,-71.288425564,30.0175730569)) ;
#1132=CARTESIAN_POINT('Control Point',(12.1375205312,-71.6370629357,30.1584316983)) ;
#1133=CARTESIAN_POINT('Control Point',(11.9683758065,-72.3573334197,30.4494398636)) ;
#1134=CARTESIAN_POINT('Control Point',(11.9929798459,-73.0941250959,30.7471230237)) ;
#1135=CARTESIAN_POINT('Control Point',(12.0544635322,-73.4592886459,30.8946586747)) ;
#1136=CARTESIAN_POINT('Control Point',(12.2732405862,-74.1679762756,31.180987063)) ;
#1137=CARTESIAN_POINT('Control Point',(12.6711152736,-74.8061714606,31.4388346549)) ;
#1138=CARTESIAN_POINT('Control Point',(12.911722875,-75.1008331438,31.5578857026)) ;
#1139=CARTESIAN_POINT('Control Point',(13.4321210921,-75.5965026208,31.7581491707)) ;
#1140=CARTESIAN_POINT('Control Point',(14.0597432576,-75.9682664659,31.908351514)) ;
#1141=CARTESIAN_POINT('Control Point',(14.3721645922,-76.1117771301,31.966333586)) ;
#1142=CARTESIAN_POINT('Control Point',(14.6988340305,-76.2228392524,32.0112055961)) ;
#1143=CARTESIAN_POINT('Control Point',(15.0345297549,-76.3002546379,32.0424834421)) ;
#1144=CARTESIAN_POINT('Vertex',(15.0345297549,-76.3002546379,32.0424834421)) ;
#1147=CARTESIAN_POINT('Line Origine',(7.51726487745,-76.3002546379,32.0424834421)) ;
#1151=CARTESIAN_POINT('Vertex',(-1.27675634066E-015,-76.3002546379,32.0424834421)) ;
#1154=CARTESIAN_POINT('Line Origine',(1.97215226305E-030,-65.8266035707,27.8108537307)) ;
#1158=CARTESIAN_POINT('Vertex',(0.,-55.3529525035,23.5792240193)) ;
#1162=CARTESIAN_POINT('Control Point',(0.00293576905354,-54.9332650907,23.4096592979)) ;
#1163=CARTESIAN_POINT('Control Point',(0.0017614739514,-55.0171975712,23.4435702212)) ;
#1164=CARTESIAN_POINT('Control Point',(0.000880743195039,-55.1011335823,23.477482571)) ;
#1165=CARTESIAN_POINT('Control Point',(0.000293576947677,-55.1850734193,23.5113964666)) ;
#1166=CARTESIAN_POINT('Control Point',(-2.16840434497E-019,-55.2690129613,23.5453102429)) ;
#1167=CARTESIAN_POINT('Control Point',(-2.16840434497E-019,-55.3529525035,23.5792240193)) ;
#1170=CARTESIAN_POINT('Control Point',(34.533767848,-54.9332650907,23.4096592979)) ;
#1171=CARTESIAN_POINT('Control Point',(33.5271978472,-57.2244138999,24.3353435041)) ;
#1172=CARTESIAN_POINT('Control Point',(32.7650784972,-59.6078862177,25.298328829)) ;
#1173=CARTESIAN_POINT('Control Point',(32.2550152473,-62.0521255696,26.2858656294)) ;
#1174=CARTESIAN_POINT('Control Point',(32.,-64.526062665,27.285401097)) ;
#1175=CARTESIAN_POINT('Control Point',(32.,-67.,28.2849366615)) ;
#1176=CARTESIAN_POINT('Vertex',(32.,-67.,28.2849366615)) ;
#1179=CARTESIAN_POINT('Line Origine',(32.,-71.6501273189,30.1637100518)) ;
#1183=CARTESIAN_POINT('Vertex',(32.,-76.3002546379,32.0424834421)) ;
#1186=CARTESIAN_POINT('Line Origine',(24.4827351226,-76.3002546379,32.0424834421)) ;
#1203=CARTESIAN_POINT('Axis2P3D Location',(0.,-100.,40.)) ;
#1209=CARTESIAN_POINT('Control Point',(16.,-77.9780772637,28.1663649289)) ;
#1210=CARTESIAN_POINT('Control Point',(16.0650331057,-77.9780772637,28.1663649289)) ;
#1211=CARTESIAN_POINT('Control Point',(16.1300652858,-77.972508484,28.1767282057)) ;
#1212=CARTESIAN_POINT('Control Point',(16.1923959837,-77.9612963973,28.1975941602)) ;
#1213=CARTESIAN_POINT('Control Point',(16.3094712622,-77.9310785469,28.2540918789)) ;
#1214=CARTESIAN_POINT('Control Point',(16.4091484268,-77.8894813533,28.3325979688)) ;
#1215=CARTESIAN_POINT('Control Point',(16.4557493071,-77.8663932627,28.3764272159)) ;
#1216=CARTESIAN_POINT('Control Point',(16.6217116627,-77.7723385026,28.556149951)) ;
#1217=CARTESIAN_POINT('Control Point',(16.7403276824,-77.6644205532,28.767408511)) ;
#1218=CARTESIAN_POINT('Control Point',(16.8120341634,-77.5855251018,28.92561638)) ;
#1219=CARTESIAN_POINT('Control Point',(16.872478438,-77.5045966507,29.0916561171)) ;
#1220=CARTESIAN_POINT('Control Point',(16.9226586113,-77.4240744181,29.2609318784)) ;
#1221=CARTESIAN_POINT('Vertex',(16.,-77.9780772637,28.1663649289)) ;
#1223=CARTESIAN_POINT('Vertex',(16.9226586113,-77.4240744181,29.2609318784)) ;
#1227=CARTESIAN_POINT('Control Point',(16.,-77.9780772637,28.1663649289)) ;
#1228=CARTESIAN_POINT('Control Point',(15.9349668943,-77.9780772637,28.1663649289)) ;
#1229=CARTESIAN_POINT('Control Point',(15.8699347142,-77.972508484,28.1767282057)) ;
#1230=CARTESIAN_POINT('Control Point',(15.8076040163,-77.9612963973,28.1975941602)) ;
#1231=CARTESIAN_POINT('Control Point',(15.6905287379,-77.9310785469,28.2540918789)) ;
#1232=CARTESIAN_POINT('Control Point',(15.5908515734,-77.8894813533,28.3325979687)) ;
#1233=CARTESIAN_POINT('Control Point',(15.5442506928,-77.8663932626,28.376427216)) ;
#1234=CARTESIAN_POINT('Control Point',(15.3782883373,-77.7723385026,28.5561499511)) ;
#1235=CARTESIAN_POINT('Control Point',(15.2596723176,-77.6644205532,28.767408511)) ;
#1236=CARTESIAN_POINT('Control Point',(15.1879658366,-77.5855251018,28.92561638)) ;
#1237=CARTESIAN_POINT('Control Point',(15.127521562,-77.5045966507,29.0916561171)) ;
#1238=CARTESIAN_POINT('Control Point',(15.0773413887,-77.4240744181,29.2609318784)) ;
#1239=CARTESIAN_POINT('Vertex',(15.0773413887,-77.4240744181,29.2609318784)) ;
#1242=CARTESIAN_POINT('Line Origine',(0.,-77.4240744181,29.2609318784)) ;
#1246=CARTESIAN_POINT('Vertex',(-1.27675634066E-015,-77.4240744181,29.2609318784)) ;
#1249=CARTESIAN_POINT('Axis2P3D Location',(-1.27675634066E-015,-100.,40.)) ;
#1255=CARTESIAN_POINT('Control Point',(16.,-75.8919627971,33.3816510954)) ;
#1256=CARTESIAN_POINT('Control Point',(15.9349668943,-75.8919627971,33.3816510954)) ;
#1257=CARTESIAN_POINT('Control Point',(15.8699347142,-75.8950773199,33.3703061159)) ;
#1258=CARTESIAN_POINT('Control Point',(15.8076040163,-75.9013485361,33.3474638132)) ;
#1259=CARTESIAN_POINT('Control Point',(15.6905287379,-75.9184305884,33.2857117752)) ;
#1260=CARTESIAN_POINT('Control Point',(15.5908515733,-75.9424506136,33.200174818)) ;
#1261=CARTESIAN_POINT('Control Point',(15.5442506928,-75.9559587185,33.1525135765)) ;
#1262=CARTESIAN_POINT('Control Point',(15.355505637,-76.0194620607,32.9307340034)) ;
#1263=CARTESIAN_POINT('Control Point',(15.2279982093,-76.0981110654,32.6670520957)) ;
#1264=CARTESIAN_POINT('Control Point',(15.1494777247,-76.1608211148,32.4656555019)) ;
#1265=CARTESIAN_POINT('Control Point',(15.0855065586,-76.2288759391,32.2550694884)) ;
#1266=CARTESIAN_POINT('Control Point',(15.0345297549,-76.3002546379,32.0424834421)) ;
#1267=CARTESIAN_POINT('Vertex',(16.,-75.8919627971,33.3816510954)) ;
#1271=CARTESIAN_POINT('Control Point',(16.,-75.8919627971,33.3816510954)) ;
#1272=CARTESIAN_POINT('Control Point',(16.0650331057,-75.8919627971,33.3816510954)) ;
#1273=CARTESIAN_POINT('Control Point',(16.1300652858,-75.8950773199,33.3703061159)) ;
#1274=CARTESIAN_POINT('Control Point',(16.1923959837,-75.9013485361,33.3474638132)) ;
#1275=CARTESIAN_POINT('Control Point',(16.3094712621,-75.9184305884,33.2857117752)) ;
#1276=CARTESIAN_POINT('Control Point',(16.4091484267,-75.9424506136,33.2001748179)) ;
#1277=CARTESIAN_POINT('Control Point',(16.4557493071,-75.9559587184,33.1525135765)) ;
#1278=CARTESIAN_POINT('Control Point',(16.6444943635,-76.0194620609,32.9307340029)) ;
#1279=CARTESIAN_POINT('Control Point',(16.7720017913,-76.0981110658,32.6670520944)) ;
#1280=CARTESIAN_POINT('Control Point',(16.8505222749,-76.1608211144,32.4656555033)) ;
#1281=CARTESIAN_POINT('Control Point',(16.9144934412,-76.2288759389,32.2550694891)) ;
#1282=CARTESIAN_POINT('Control Point',(16.9654702451,-76.3002546379,32.0424834421)) ;
#1284=CARTESIAN_POINT('Axis2P3D Location',(32.,-100.,40.)) ;
#1288=CARTESIAN_POINT('Vertex',(32.,-77.4240744181,29.2609318784)) ;
#1291=CARTESIAN_POINT('Line Origine',(0.,-77.4240744181,29.2609318784)) ;
#1309=CARTESIAN_POINT('Axis2P3D Location',(0.,-56.0570848709,20.6281077342)) ;
#1314=CARTESIAN_POINT('Line Origine',(32.,-72.212037209,27.1551321559)) ;
#1318=CARTESIAN_POINT('Vertex',(32.,-67.,25.0493324334)) ;
#1322=CARTESIAN_POINT('Control Point',(34.0669978614,-56.0570848709,20.6281077342)) ;
#1323=CARTESIAN_POINT('Control Point',(33.2447305478,-58.1560132057,21.4761298276)) ;
#1324=CARTESIAN_POINT('Control Point',(32.6233601333,-60.3225995099,22.351487515)) ;
#1325=CARTESIAN_POINT('Control Point',(32.2077809669,-62.5337967935,23.2448692081)) ;
#1326=CARTESIAN_POINT('Control Point',(32.,-64.7668982992,24.1471007813)) ;
#1327=CARTESIAN_POINT('Control Point',(32.,-67.,25.0493324334)) ;
#1329=CARTESIAN_POINT('Line Origine',(0.,-66.7405796445,24.9445198063)) ;
#1335=CARTESIAN_POINT('Control Point',(16.,-70.1065719538,26.3044689752)) ;
#1336=CARTESIAN_POINT('Control Point',(15.6058074381,-70.1065719538,26.3044689752)) ;
#1337=CARTESIAN_POINT('Control Point',(15.2116153054,-70.1515950483,26.3226594861)) ;
#1338=CARTESIAN_POINT('Control Point',(14.8253795154,-70.2416540401,26.3590456807)) ;
#1339=CARTESIAN_POINT('Control Point',(14.0845259096,-70.5082228112,26.4667464552)) ;
#1340=CARTESIAN_POINT('Control Point',(13.4356349103,-70.9335934002,26.6386073289)) ;
#1341=CARTESIAN_POINT('Control Point',(13.1410952102,-71.1826164896,26.7392191878)) ;
#1342=CARTESIAN_POINT('Control Point',(12.6243415719,-71.7428119311,26.9655528378)) ;
#1343=CARTESIAN_POINT('Control Point',(12.2698133961,-72.4026042857,27.2321262527)) ;
#1344=CARTESIAN_POINT('Control Point',(12.1375205312,-72.7512416574,27.3729848941)) ;
#1345=CARTESIAN_POINT('Control Point',(11.9683758065,-73.4715121414,27.6639930594)) ;
#1346=CARTESIAN_POINT('Control Point',(11.9929798459,-74.2083038176,27.9616762195)) ;
#1347=CARTESIAN_POINT('Control Point',(12.0544635322,-74.5734673676,28.1092118704)) ;
#1348=CARTESIAN_POINT('Control Point',(12.2732405862,-75.2821549973,28.3955402588)) ;
#1349=CARTESIAN_POINT('Control Point',(12.6711152736,-75.9203501823,28.6533878507)) ;
#1350=CARTESIAN_POINT('Control Point',(12.911722875,-76.2150118654,28.7724388984)) ;
#1351=CARTESIAN_POINT('Control Point',(13.4383135612,-76.7165795524,28.975085398)) ;
#1352=CARTESIAN_POINT('Control Point',(14.0746951974,-77.0912752371,29.1264722813)) ;
#1353=CARTESIAN_POINT('Control Point',(14.3960756803,-77.2368630584,29.1852935793)) ;
#1354=CARTESIAN_POINT('Control Point',(14.7321729962,-77.3482074322,29.2302796264)) ;
#1355=CARTESIAN_POINT('Control Point',(15.0773413887,-77.4240744181,29.2609318784)) ;
#1356=CARTESIAN_POINT('Vertex',(16.,-70.1065719538,26.3044689752)) ;
#1360=CARTESIAN_POINT('Control Point',(16.,-70.1065719538,26.3044689752)) ;
#1361=CARTESIAN_POINT('Control Point',(16.3941925619,-70.1065719538,26.3044689752)) ;
#1362=CARTESIAN_POINT('Control Point',(16.7883846946,-70.1515950483,26.3226594861)) ;
#1363=CARTESIAN_POINT('Control Point',(17.1746204846,-70.2416540401,26.3590456807)) ;
#1364=CARTESIAN_POINT('Control Point',(17.9154740904,-70.5082228112,26.4667464552)) ;
#1365=CARTESIAN_POINT('Control Point',(18.5643650897,-70.9335934002,26.6386073289)) ;
#1366=CARTESIAN_POINT('Control Point',(18.8589047898,-71.1826164897,26.7392191879)) ;
#1367=CARTESIAN_POINT('Control Point',(19.3756584281,-71.7428119311,26.9655528378)) ;
#1368=CARTESIAN_POINT('Control Point',(19.7301866039,-72.4026042858,27.2321262527)) ;
#1369=CARTESIAN_POINT('Control Point',(19.8624794688,-72.7512416574,27.3729848941)) ;
#1370=CARTESIAN_POINT('Control Point',(20.0316241935,-73.4715121414,27.6639930594)) ;
#1371=CARTESIAN_POINT('Control Point',(20.0070201541,-74.2083038176,27.9616762195)) ;
#1372=CARTESIAN_POINT('Control Point',(19.9455364678,-74.5734673677,28.1092118705)) ;
#1373=CARTESIAN_POINT('Control Point',(19.7267594138,-75.2821549973,28.3955402588)) ;
#1374=CARTESIAN_POINT('Control Point',(19.3288847264,-75.9203501823,28.6533878507)) ;
#1375=CARTESIAN_POINT('Control Point',(19.0882771249,-76.2150118655,28.7724388985)) ;
#1376=CARTESIAN_POINT('Control Point',(18.5616864387,-76.7165795524,28.975085398)) ;
#1377=CARTESIAN_POINT('Control Point',(17.9253048026,-77.0912752371,29.1264722813)) ;
#1378=CARTESIAN_POINT('Control Point',(17.6039243197,-77.2368630584,29.1852935793)) ;
#1379=CARTESIAN_POINT('Control Point',(17.2678270038,-77.3482074322,29.2302796264)) ;
#1380=CARTESIAN_POINT('Control Point',(16.9226586113,-77.4240744181,29.2609318784)) ;
#1393=CARTESIAN_POINT('Axis2P3D Location',(0.,7.05642285073,17.6410571268)) ;
#1398=CARTESIAN_POINT('Axis2P3D Location',(16.,-66.1646904161,46.9295024336)) ;
#1402=CARTESIAN_POINT('Vertex',(16.,-62.4507836526,45.4439397281)) ;
#1404=CARTESIAN_POINT('Vertex',(16.,-69.8785971797,48.415065139)) ;
#1407=CARTESIAN_POINT('Axis2P3D Location',(16.,-66.1646904161,46.9295024336)) ;
#1417=CARTESIAN_POINT('Axis2P3D Location',(16.,-74.3352852959,26.5030152341)) ;
#1422=CARTESIAN_POINT('Line Origine',(16.,-78.0491920594,27.9885779395)) ;
#1427=CARTESIAN_POINT('Line Origine',(16.,-70.6213785324,25.0174525287)) ;
#1448=CARTESIAN_POINT('Line Origine',(16.,-78.0491920594,27.9885779395)) ;
#1453=CARTESIAN_POINT('Line Origine',(16.,-70.6213785324,25.0174525287)) ;
#1474=CARTESIAN_POINT('Axis2P3D Location',(16.,84.3628335575,1.43414458018)) ;
#1479=CARTESIAN_POINT('Axis2P3D Location',(16.,82.5058801757,6.07652803461)) ;
#1483=CARTESIAN_POINT('Vertex',(16.,76.0065433395,3.47679330013)) ;
#1485=CARTESIAN_POINT('Vertex',(16.,89.0052170119,8.67626276908)) ;
#1488=CARTESIAN_POINT('Line Origine',(16.,90.8621703937,4.03387931466)) ;
#1492=CARTESIAN_POINT('Vertex',(16.,92.7191237754,-0.608504139769)) ;
#1495=CARTESIAN_POINT('Axis2P3D Location',(16.,86.2197869392,-3.20823887425)) ;
#1499=CARTESIAN_POINT('Vertex',(16.,79.720450103,-5.80797360873)) ;
#1502=CARTESIAN_POINT('Line Origine',(16.,77.8634967213,-1.1655901543)) ;
#1514=CARTESIAN_POINT('Axis2P3D Location',(16.,82.5058801757,6.07652803461)) ;
#1519=CARTESIAN_POINT('Axis2P3D Location',(16.,86.2197869392,-3.20823887425)) ;
#1531=CARTESIAN_POINT('Axis2P3D Location',(0.,9.28476690885,-23.2119172721)) ;
#1540=CARTESIAN_POINT('Axis2P3D Location',(16.,82.5058801757,6.07652803461)) ;
#1544=CARTESIAN_POINT('Vertex',(16.,86.2197869392,7.56209074002)) ;
#1546=CARTESIAN_POINT('Vertex',(16.,78.7919734122,4.59096532919)) ;
#1549=CARTESIAN_POINT('Axis2P3D Location',(16.,82.5058801757,6.07652803461)) ;
#1559=CARTESIAN_POINT('Axis2P3D Location',(0.,56.0570848709,20.6281077342)) ;
#1565=CARTESIAN_POINT('Control Point',(16.,70.1065719538,26.3044689752)) ;
#1566=CARTESIAN_POINT('Control Point',(16.3941925619,70.1065719538,26.3044689752)) ;
#1567=CARTESIAN_POINT('Control Point',(16.7883846947,70.1515950483,26.3226594861)) ;
#1568=CARTESIAN_POINT('Control Point',(17.1746204844,70.24165404,26.3590456807)) ;
#1569=CARTESIAN_POINT('Control Point',(17.9154740903,70.5082228111,26.4667464552)) ;
#1570=CARTESIAN_POINT('Control Point',(18.5643650896,70.9335934002,26.6386073289)) ;
#1571=CARTESIAN_POINT('Control Point',(18.8589047897,71.1826164896,26.7392191878)) ;
#1572=CARTESIAN_POINT('Control Point',(19.3756584281,71.742811931,26.9655528378)) ;
#1573=CARTESIAN_POINT('Control Point',(19.7301866039,72.4026042857,27.2321262526)) ;
#1574=CARTESIAN_POINT('Control Point',(19.8624794687,72.7512416574,27.3729848941)) ;
#1575=CARTESIAN_POINT('Control Point',(20.0316241935,73.4715121414,27.6639930593)) ;
#1576=CARTESIAN_POINT('Control Point',(20.0070201541,74.2083038175,27.9616762195)) ;
#1577=CARTESIAN_POINT('Control Point',(19.9455364678,74.5734673676,28.1092118704)) ;
#1578=CARTESIAN_POINT('Control Point',(19.7267594138,75.2821549973,28.3955402588)) ;
#1579=CARTESIAN_POINT('Control Point',(19.3288847265,75.9203501823,28.6533878507)) ;
#1580=CARTESIAN_POINT('Control Point',(19.088277125,76.2150118654,28.7724388984)) ;
#1581=CARTESIAN_POINT('Control Point',(18.5616864388,76.7165795524,28.975085398)) ;
#1582=CARTESIAN_POINT('Control Point',(17.9253048026,77.0912752371,29.1264722813)) ;
#1583=CARTESIAN_POINT('Control Point',(17.6039243198,77.2368630584,29.1852935793)) ;
#1584=CARTESIAN_POINT('Control Point',(17.2678270038,77.3482074322,29.2302796264)) ;
#1585=CARTESIAN_POINT('Control Point',(16.9226586113,77.4240744181,29.2609318784)) ;
#1586=CARTESIAN_POINT('Vertex',(16.,70.1065719538,26.3044689752)) ;
#1588=CARTESIAN_POINT('Vertex',(16.9226586113,77.4240744181,29.2609318784)) ;
#1592=CARTESIAN_POINT('Control Point',(16.,70.1065719538,26.3044689752)) ;
#1593=CARTESIAN_POINT('Control Point',(15.6058074381,70.1065719538,26.3044689752)) ;
#1594=CARTESIAN_POINT('Control Point',(15.2116153054,70.1515950483,26.3226594861)) ;
#1595=CARTESIAN_POINT('Control Point',(14.8253795154,70.2416540401,26.3590456807)) ;
#1596=CARTESIAN_POINT('Control Point',(14.0845259096,70.5082228112,26.4667464552)) ;
#1597=CARTESIAN_POINT('Control Point',(13.4356349103,70.9335934003,26.6386073289)) ;
#1598=CARTESIAN_POINT('Control Point',(13.1410952102,71.1826164897,26.7392191879)) ;
#1599=CARTESIAN_POINT('Control Point',(12.6243415719,71.7428119311,26.9655528378)) ;
#1600=CARTESIAN_POINT('Control Point',(12.2698133961,72.4026042858,27.2321262527)) ;
#1601=CARTESIAN_POINT('Control Point',(12.1375205312,72.7512416575,27.3729848942)) ;
#1602=CARTESIAN_POINT('Control Point',(11.9683758065,73.4715121414,27.6639930594)) ;
#1603=CARTESIAN_POINT('Control Point',(11.9929798459,74.2083038176,27.9616762195)) ;
#1604=CARTESIAN_POINT('Control Point',(12.0544635322,74.5734673677,28.1092118705)) ;
#1605=CARTESIAN_POINT('Control Point',(12.2732405862,75.2821549974,28.3955402588)) ;
#1606=CARTESIAN_POINT('Control Point',(12.6711152736,75.9203501823,28.6533878507)) ;
#1607=CARTESIAN_POINT('Control Point',(12.9117228751,76.2150118655,28.7724388985)) ;
#1608=CARTESIAN_POINT('Control Point',(13.4383135613,76.7165795525,28.975085398)) ;
#1609=CARTESIAN_POINT('Control Point',(14.0746951975,77.0912752371,29.1264722813)) ;
#1610=CARTESIAN_POINT('Control Point',(14.3960756802,77.2368630584,29.1852935793)) ;
#1611=CARTESIAN_POINT('Control Point',(14.7321729962,77.3482074322,29.2302796264)) ;
#1612=CARTESIAN_POINT('Control Point',(15.0773413887,77.4240744181,29.2609318784)) ;
#1613=CARTESIAN_POINT('Vertex',(15.0773413887,77.4240744181,29.2609318784)) ;
#1616=CARTESIAN_POINT('Line Origine',(7.53867069433,77.4240744181,29.2609318784)) ;
#1620=CARTESIAN_POINT('Vertex',(0.,77.4240744181,29.2609318784)) ;
#1623=CARTESIAN_POINT('Line Origine',(0.,66.7405796445,24.9445198063)) ;
#1629=CARTESIAN_POINT('Control Point',(34.0669978614,56.0570848709,20.6281077342)) ;
#1630=CARTESIAN_POINT('Control Point',(33.2447305478,58.1560132056,21.4761298275)) ;
#1631=CARTESIAN_POINT('Control Point',(32.6233601333,60.3225995097,22.3514875149)) ;
#1632=CARTESIAN_POINT('Control Point',(32.2077809668,62.5337967938,23.2448692082)) ;
#1633=CARTESIAN_POINT('Control Point',(32.,64.7668982993,24.1471007814)) ;
#1634=CARTESIAN_POINT('Control Point',(32.,67.,25.0493324334)) ;
#1635=CARTESIAN_POINT('Vertex',(32.,67.,25.0493324334)) ;
#1638=CARTESIAN_POINT('Line Origine',(32.,72.212037209,27.1551321559)) ;
#1642=CARTESIAN_POINT('Vertex',(32.,77.4240744181,29.2609318784)) ;
#1645=CARTESIAN_POINT('Line Origine',(24.4613293057,77.4240744181,29.2609318784)) ;
#1661=CARTESIAN_POINT('Axis2P3D Location',(0.,54.9332650907,23.4096592979)) ;
#1666=CARTESIAN_POINT('Line Origine',(24.4827351225,76.3002546379,32.0424834421)) ;
#1670=CARTESIAN_POINT('Vertex',(16.9654702451,76.3002546379,32.0424834421)) ;
#1672=CARTESIAN_POINT('Vertex',(32.,76.3002546379,32.0424834421)) ;
#1675=CARTESIAN_POINT('Line Origine',(32.,71.6501273189,30.1637100518)) ;
#1679=CARTESIAN_POINT('Vertex',(32.,67.,28.2849366615)) ;
#1683=CARTESIAN_POINT('Control Point',(34.533767848,54.9332650907,23.4096592979)) ;
#1684=CARTESIAN_POINT('Control Point',(33.5271978473,57.2244138996,24.335343504)) ;
#1685=CARTESIAN_POINT('Control Point',(32.7650784973,59.6078862171,25.2983288288)) ;
#1686=CARTESIAN_POINT('Control Point',(32.2550152472,62.0521255701,26.2858656296)) ;
#1687=CARTESIAN_POINT('Control Point',(32.,64.5260626653,27.2854010972)) ;
#1688=CARTESIAN_POINT('Control Point',(32.,67.,28.2849366615)) ;
#1691=CARTESIAN_POINT('Control Point',(0.00293576905354,54.9332650907,23.4096592979)) ;
#1692=CARTESIAN_POINT('Control Point',(0.0017614739514,55.0171975712,23.4435702212)) ;
#1693=CARTESIAN_POINT('Control Point',(0.000880743195039,55.1011335823,23.477482571)) ;
#1694=CARTESIAN_POINT('Control Point',(0.000293576947591,55.1850734193,23.5113964666)) ;
#1695=CARTESIAN_POINT('Control Point',(-3.25260651746E-019,55.2690129613,23.5453102429)) ;
#1696=CARTESIAN_POINT('Control Point',(-1.08420217249E-018,55.3529525035,23.5792240193)) ;
#1697=CARTESIAN_POINT('Vertex',(3.16581888593E-015,55.3529525035,23.5792240193)) ;
#1700=CARTESIAN_POINT('Line Origine',(3.16581888593E-015,65.8266035707,27.8108537307)) ;
#1704=CARTESIAN_POINT('Vertex',(3.16581888593E-015,76.3002546379,32.0424834421)) ;
#1707=CARTESIAN_POINT('Line Origine',(7.51726487745,76.3002546379,32.0424834421)) ;
#1711=CARTESIAN_POINT('Vertex',(15.0345297549,76.3002546379,32.0424834421)) ;
#1715=CARTESIAN_POINT('Control Point',(16.,68.9923932321,29.0899157794)) ;
#1716=CARTESIAN_POINT('Control Point',(15.6058074381,68.9923932321,29.0899157794)) ;
#1717=CARTESIAN_POINT('Control Point',(15.2116153053,69.0374163266,29.1081062903)) ;
#1718=CARTESIAN_POINT('Control Point',(14.8253795155,69.1274753184,29.1444924849)) ;
#1719=CARTESIAN_POINT('Control Point',(14.0845259096,69.3940440895,29.2521932594)) ;
#1720=CARTESIAN_POINT('Control Point',(13.4356349103,69.8194146786,29.4240541331)) ;
#1721=CARTESIAN_POINT('Control Point',(13.1410952102,70.068437768,29.5246659921)) ;
#1722=CARTESIAN_POINT('Control Point',(12.6243415719,70.6286332094,29.750999642)) ;
#1723=CARTESIAN_POINT('Control Point',(12.2698133961,71.2884255641,30.0175730569)) ;
#1724=CARTESIAN_POINT('Control Point',(12.1375205312,71.6370629358,30.1584316984)) ;
#1725=CARTESIAN_POINT('Control Point',(11.9683758065,72.3573334198,30.4494398636)) ;
#1726=CARTESIAN_POINT('Control Point',(11.9929798459,73.0941250959,30.7471230237)) ;
#1727=CARTESIAN_POINT('Control Point',(12.0544635322,73.459288646,30.8946586747)) ;
#1728=CARTESIAN_POINT('Control Point',(12.2732405862,74.1679762757,31.180987063)) ;
#1729=CARTESIAN_POINT('Control Point',(12.6711152736,74.8061714607,31.4388346549)) ;
#1730=CARTESIAN_POINT('Control Point',(12.911722875,75.1008331438,31.5578857027)) ;
#1731=CARTESIAN_POINT('Control Point',(13.4321210922,75.5965026208,31.7581491707)) ;
#1732=CARTESIAN_POINT('Control Point',(14.0597432577,75.9682664659,31.908351514)) ;
#1733=CARTESIAN_POINT('Control Point',(14.3721645922,76.1117771301,31.966333586)) ;
#1734=CARTESIAN_POINT('Control Point',(14.6988340306,76.2228392524,32.0112055961)) ;
#1735=CARTESIAN_POINT('Control Point',(15.0345297549,76.3002546379,32.0424834421)) ;
#1736=CARTESIAN_POINT('Vertex',(16.,68.9923932321,29.0899157794)) ;
#1740=CARTESIAN_POINT('Control Point',(16.,68.9923932321,29.0899157794)) ;
#1741=CARTESIAN_POINT('Control Point',(16.3941925619,68.9923932321,29.0899157794)) ;
#1742=CARTESIAN_POINT('Control Point',(16.7883846946,69.0374163266,29.1081062903)) ;
#1743=CARTESIAN_POINT('Control Point',(17.1746204845,69.1274753184,29.1444924849)) ;
#1744=CARTESIAN_POINT('Control Point',(17.9154740903,69.3940440894,29.2521932594)) ;
#1745=CARTESIAN_POINT('Control Point',(18.5643650896,69.8194146785,29.4240541331)) ;
#1746=CARTESIAN_POINT('Control Point',(18.8589047898,70.0684377679,29.524665992)) ;
#1747=CARTESIAN_POINT('Control Point',(19.3756584281,70.6286332094,29.750999642)) ;
#1748=CARTESIAN_POINT('Control Point',(19.7301866039,71.288425564,30.0175730569)) ;
#1749=CARTESIAN_POINT('Control Point',(19.8624794687,71.6370629357,30.1584316983)) ;
#1750=CARTESIAN_POINT('Control Point',(20.0316241935,72.3573334197,30.4494398635)) ;
#1751=CARTESIAN_POINT('Control Point',(20.0070201541,73.0941250958,30.7471230237)) ;
#1752=CARTESIAN_POINT('Control Point',(19.9455364678,73.4592886459,30.8946586746)) ;
#1753=CARTESIAN_POINT('Control Point',(19.7267594138,74.1679762756,31.180987063)) ;
#1754=CARTESIAN_POINT('Control Point',(19.3288847264,74.8061714606,31.4388346549)) ;
#1755=CARTESIAN_POINT('Control Point',(19.088277125,75.1008331437,31.5578857026)) ;
#1756=CARTESIAN_POINT('Control Point',(18.5678789079,75.5965026208,31.7581491707)) ;
#1757=CARTESIAN_POINT('Control Point',(17.9402567424,75.9682664659,31.908351514)) ;
#1758=CARTESIAN_POINT('Control Point',(17.6278354078,76.11177713,31.966333586)) ;
#1759=CARTESIAN_POINT('Control Point',(17.3011659695,76.2228392524,32.0112055961)) ;
#1760=CARTESIAN_POINT('Control Point',(16.9654702451,76.3002546379,32.0424834421)) ;
#1774=CARTESIAN_POINT('Axis2P3D Location',(0.,100.,40.)) ;
#1780=CARTESIAN_POINT('Control Point',(16.,75.8919627971,33.3816510954)) ;
#1781=CARTESIAN_POINT('Control Point',(16.0650331057,75.8919627971,33.3816510954)) ;
#1782=CARTESIAN_POINT('Control Point',(16.1300652858,75.8950773199,33.3703061159)) ;
#1783=CARTESIAN_POINT('Control Point',(16.1923959836,75.9013485361,33.3474638132)) ;
#1784=CARTESIAN_POINT('Control Point',(16.3094712621,75.9184305884,33.2857117752)) ;
#1785=CARTESIAN_POINT('Control Point',(16.4091484267,75.9424506136,33.200174818)) ;
#1786=CARTESIAN_POINT('Control Point',(16.4557493071,75.9559587184,33.1525135765)) ;
#1787=CARTESIAN_POINT('Control Point',(16.6444943634,76.0194620608,32.9307340031)) ;
#1788=CARTESIAN_POINT('Control Point',(16.7720017911,76.0981110657,32.6670520948)) ;
#1789=CARTESIAN_POINT('Control Point',(16.850522275,76.1608211145,32.4656555029)) ;
#1790=CARTESIAN_POINT('Control Point',(16.9144934413,76.228875939,32.2550694889)) ;
#1791=CARTESIAN_POINT('Control Point',(16.9654702451,76.3002546379,32.0424834421)) ;
#1792=CARTESIAN_POINT('Vertex',(16.,75.8919627971,33.3816510954)) ;
#1796=CARTESIAN_POINT('Control Point',(16.,75.8919627971,33.3816510954)) ;
#1797=CARTESIAN_POINT('Control Point',(15.9349668943,75.8919627971,33.3816510954)) ;
#1798=CARTESIAN_POINT('Control Point',(15.8699347142,75.8950773199,33.3703061159)) ;
#1799=CARTESIAN_POINT('Control Point',(15.8076040163,75.9013485361,33.3474638131)) ;
#1800=CARTESIAN_POINT('Control Point',(15.6905287379,75.9184305884,33.2857117752)) ;
#1801=CARTESIAN_POINT('Control Point',(15.5908515733,75.9424506136,33.200174818)) ;
#1802=CARTESIAN_POINT('Control Point',(15.5442506929,75.9559587184,33.1525135765)) ;
#1803=CARTESIAN_POINT('Control Point',(15.3555056365,76.0194620609,32.930734003)) ;
#1804=CARTESIAN_POINT('Control Point',(15.2279982087,76.0981110658,32.6670520945)) ;
#1805=CARTESIAN_POINT('Control Point',(15.149477725,76.1608211144,32.4656555032)) ;
#1806=CARTESIAN_POINT('Control Point',(15.0855065588,76.2288759389,32.255069489)) ;
#1807=CARTESIAN_POINT('Control Point',(15.0345297549,76.3002546379,32.0424834421)) ;
#1809=CARTESIAN_POINT('Axis2P3D Location',(4.44257522659E-015,100.,40.)) ;
#1815=CARTESIAN_POINT('Control Point',(16.,77.9780772637,28.1663649289)) ;
#1816=CARTESIAN_POINT('Control Point',(15.9349668943,77.9780772637,28.1663649289)) ;
#1817=CARTESIAN_POINT('Control Point',(15.8699347142,77.972508484,28.1767282057)) ;
#1818=CARTESIAN_POINT('Control Point',(15.8076040164,77.9612963973,28.1975941602)) ;
#1819=CARTESIAN_POINT('Control Point',(15.6905287379,77.9310785469,28.2540918789)) ;
#1820=CARTESIAN_POINT('Control Point',(15.5908515733,77.8894813533,28.3325979688)) ;
#1821=CARTESIAN_POINT('Control Point',(15.5442506929,77.8663932627,28.376427216)) ;
#1822=CARTESIAN_POINT('Control Point',(15.378288337,77.7723385024,28.5561499514)) ;
#1823=CARTESIAN_POINT('Control Point',(15.2596723171,77.6644205528,28.767408512)) ;
#1824=CARTESIAN_POINT('Control Point',(15.1879658369,77.5855251023,28.925616379)) ;
#1825=CARTESIAN_POINT('Control Point',(15.1275215622,77.504596651,29.0916561166)) ;
#1826=CARTESIAN_POINT('Control Point',(15.0773413887,77.4240744181,29.2609318784)) ;
#1827=CARTESIAN_POINT('Vertex',(16.,77.9780772637,28.1663649289)) ;
#1831=CARTESIAN_POINT('Control Point',(16.,77.9780772637,28.1663649289)) ;
#1832=CARTESIAN_POINT('Control Point',(16.0650331057,77.9780772637,28.1663649289)) ;
#1833=CARTESIAN_POINT('Control Point',(16.1300652858,77.972508484,28.1767282057)) ;
#1834=CARTESIAN_POINT('Control Point',(16.1923959836,77.9612963973,28.1975941602)) ;
#1835=CARTESIAN_POINT('Control Point',(16.3094712621,77.9310785469,28.2540918789)) ;
#1836=CARTESIAN_POINT('Control Point',(16.4091484267,77.8894813533,28.3325979688)) ;
#1837=CARTESIAN_POINT('Control Point',(16.4557493071,77.8663932627,28.3764272159)) ;
#1838=CARTESIAN_POINT('Control Point',(16.6217116629,77.7723385025,28.5561499513)) ;
#1839=CARTESIAN_POINT('Control Point',(16.7403276828,77.6644205529,28.7674085117)) ;
#1840=CARTESIAN_POINT('Control Point',(16.8120341632,77.5855251021,28.9256163794)) ;
#1841=CARTESIAN_POINT('Control Point',(16.8724784379,77.5045966509,29.0916561168)) ;
#1842=CARTESIAN_POINT('Control Point',(16.9226586113,77.4240744181,29.2609318784)) ;
#1844=CARTESIAN_POINT('Axis2P3D Location',(32.,100.,40.)) ;
#1862=CARTESIAN_POINT('Axis2P3D Location',(0.,-7.05642285073,17.6410571268)) ;
#1867=CARTESIAN_POINT('Axis2P3D Location',(16.,66.1646904161,46.9295024336)) ;
#1871=CARTESIAN_POINT('Vertex',(16.,69.8785971797,48.415065139)) ;
#1873=CARTESIAN_POINT('Vertex',(16.,62.4507836526,45.4439397281)) ;
#1876=CARTESIAN_POINT('Axis2P3D Location',(16.,66.1646904161,46.9295024336)) ;
#1886=CARTESIAN_POINT('Axis2P3D Location',(16.,74.3352852959,26.5030152341)) ;
#1891=CARTESIAN_POINT('Line Origine',(16.,70.6213785324,25.0174525287)) ;
#1896=CARTESIAN_POINT('Line Origine',(16.,78.0491920594,27.9885779395)) ;
#1917=CARTESIAN_POINT('Line Origine',(16.,70.6213785324,25.0174525287)) ;
#1922=CARTESIAN_POINT('Line Origine',(16.,78.0491920594,27.9885779395)) ;
#1943=CARTESIAN_POINT('Axis2P3D Location',(30.,-64.4993758765,3.18205816063)) ;
#1948=CARTESIAN_POINT('Axis2P3D Location',(30.,-71.9168466733,6.17891100625)) ;
#1952=CARTESIAN_POINT('Vertex',(30.,-70.0624790039,5.42969772112)) ;
#1954=CARTESIAN_POINT('Vertex',(32.,-71.916846713,6.17891090795)) ;
#1957=CARTESIAN_POINT('Axis2P3D Location',(32.,-64.4993758765,3.18205816063)) ;
#1961=CARTESIAN_POINT('Vertex',(32.,-67.4705013527,-4.24575534031)) ;
#1964=CARTESIAN_POINT('Axis2P3D Location',(30.,-67.4705013527,-4.24575534031)) ;
#1968=CARTESIAN_POINT('Vertex',(30.,-66.7277199346,-2.38880198468)) ;
#1971=CARTESIAN_POINT('Axis2P3D Location',(30.,-64.4993758765,3.18205816063)) ;
#1983=CARTESIAN_POINT('Axis2P3D Location',(30.,-100.,8.76604411862)) ;
#1988=CARTESIAN_POINT('Line Origine',(32.,-100.,8.76604411862)) ;
#1992=CARTESIAN_POINT('Vertex',(32.,-67.,-4.43395588138)) ;
#1995=CARTESIAN_POINT('Axis2P3D Location',(30.,-67.,-4.43395588138)) ;
#1999=CARTESIAN_POINT('Vertex',(30.,-66.2572186473,-2.57700249961)) ;
#2002=CARTESIAN_POINT('Line Origine',(30.,-99.2572186473,10.6229975004)) ;
#2015=CARTESIAN_POINT('Control Point',(32.5372418867,-61.3479302231,-6.84550571705)) ;
#2016=CARTESIAN_POINT('Control Point',(32.5598480787,-61.2300900891,-6.54006364175)) ;
#2017=CARTESIAN_POINT('Control Point',(32.5163700122,-61.0995699897,-6.23461529551)) ;
#2018=CARTESIAN_POINT('Control Point',(32.4054192571,-60.9629698387,-5.9463263425)) ;
#2019=CARTESIAN_POINT('Control Point',(32.0616998861,-60.6937541544,-5.4381331351)) ;
#2020=CARTESIAN_POINT('Control Point',(31.5241608691,-60.460651943,-5.1131783953)) ;
#2021=CARTESIAN_POINT('Control Point',(31.2192245602,-60.3601961776,-5.00828476039)) ;
#2022=CARTESIAN_POINT('Control Point',(30.8961379815,-60.2817741737,-4.96718028424)) ;
#2023=CARTESIAN_POINT('Control Point',(30.5730580352,-60.2283440581,-4.98855233528)) ;
#2024=CARTESIAN_POINT('Control Point',(32.3226226001,-62.466684251,-6.36817068541)) ;
#2025=CARTESIAN_POINT('Control Point',(32.3407055679,-62.3482391785,-6.06561056668)) ;
#2026=CARTESIAN_POINT('Control Point',(32.2933405534,-62.2198380385,-5.76304455137)) ;
#2027=CARTESIAN_POINT('Control Point',(32.1794199832,-62.0880078416,-5.47718469413)) ;
#2028=CARTESIAN_POINT('Control Point',(31.8317126753,-61.8327833243,-4.97205211171)) ;
#2029=CARTESIAN_POINT('Control Point',(31.2934953574,-61.6201522311,-4.6456942562)) ;
#2030=CARTESIAN_POINT('Control Point',(30.9889071275,-61.530950907,-4.53875702663)) ;
#2031=CARTESIAN_POINT('Control Point',(30.6665158209,-61.4640318202,-4.49427722439)) ;
#2032=CARTESIAN_POINT('Control Point',(30.3441307989,-61.4216816372,-4.51121730363)) ;
#2033=CARTESIAN_POINT('Control Point',(32.1613761099,-63.594210735,-5.88709273307)) ;
#2034=CARTESIAN_POINT('Control Point',(32.1748845437,-63.4755887969,-5.58735304811)) ;
#2035=CARTESIAN_POINT('Control Point',(32.1237169705,-63.3496474192,-5.2876078179)) ;
#2036=CARTESIAN_POINT('Control Point',(32.007038722,-63.222815102,-5.00412705129)) ;
#2037=CARTESIAN_POINT('Control Point',(31.6559839859,-62.9818116686,-4.50200027647)) ;
#2038=CARTESIAN_POINT('Control Point',(31.1180631095,-62.789510274,-4.17428173383)) ;
#2039=CARTESIAN_POINT('Control Point',(30.814369259,-62.7114192323,-4.06534866355)) ;
#2040=CARTESIAN_POINT('Control Point',(30.4932489282,-62.6558240696,-4.01756032439)) ;
#2041=CARTESIAN_POINT('Control Point',(30.1721345396,-62.6243765181,-4.0301393513)) ;
#2042=CARTESIAN_POINT('Control Point',(32.0537908021,-64.7275552662,-5.40353239988)) ;
#2043=CARTESIAN_POINT('Control Point',(32.0627277129,-64.6091793514,-5.1065466922)) ;
#2044=CARTESIAN_POINT('Control Point',(32.0078837973,-64.486025345,-4.80955576825)) ;
#2045=CARTESIAN_POINT('Control Point',(31.8886860106,-64.3644002939,-4.5283998208)) ;
#2046=CARTESIAN_POINT('Control Point',(31.5349446433,-64.1378050995,-4.02921820069)) ;
#2047=CARTESIAN_POINT('Control Point',(30.9982625889,-63.9656437905,-3.70018313569)) ;
#2048=CARTESIAN_POINT('Control Point',(30.6959826777,-63.8984949716,-3.58930527467)) ;
#2049=CARTESIAN_POINT('Control Point',(30.3766769688,-63.8540216185,-3.53828130652)) ;
#2050=CARTESIAN_POINT('Control Point',(30.0573768687,-63.833277351,-3.54657901811)) ;
#2051=CARTESIAN_POINT('Control Point',(32.0000002631,-65.8637881285,-4.91873969802)) ;
#2052=CARTESIAN_POINT('Control Point',(32.0044192156,-65.7460674823,-4.62443815959)) ;
#2053=CARTESIAN_POINT('Control Point',(31.9460630414,-65.6260091544,-4.33013171251)) ;
#2054=CARTESIAN_POINT('Control Point',(31.82460658,-65.5097788335,-4.05124335225)) ;
#2055=CARTESIAN_POINT('Control Point',(31.4688554325,-65.2977345542,-3.5549419185)) ;
#2056=CARTESIAN_POINT('Control Point',(30.9343224352,-65.1454817956,-3.2246352662)) ;
#2057=CARTESIAN_POINT('Control Point',(30.6339504816,-65.0890878526,-3.11186577122)) ;
#2058=CARTESIAN_POINT('Control Point',(30.3169727403,-65.0555163333,-3.05768342249)) ;
#2059=CARTESIAN_POINT('Control Point',(30.0000002856,-65.0452591057,-3.06178631625)) ;
#2060=CARTESIAN_POINT('Control Point',(32.0000001764,-66.9999980407,-4.43395678198)) ;
#2061=CARTESIAN_POINT('Control Point',(32.000000186,-66.8833221926,-4.14226722124)) ;
#2062=CARTESIAN_POINT('Control Point',(31.9383290077,-66.7666444917,-3.85057303923)) ;
#2063=CARTESIAN_POINT('Control Point',(31.8148939411,-66.6559723965,-3.57389287934)) ;
#2064=CARTESIAN_POINT('Control Point',(31.4578218798,-66.458576505,-3.08040331414)) ;
#2065=CARTESIAN_POINT('Control Point',(30.9263173552,-66.3259632054,-2.74887022624)) ;
#2066=CARTESIAN_POINT('Control Point',(30.628323705,-66.2801205419,-2.63426364332)) ;
#2067=CARTESIAN_POINT('Control Point',(30.3141594582,-66.2572164144,-2.57700339136)) ;
#2068=CARTESIAN_POINT('Control Point',(30.0000001886,-66.2572163958,-2.57700340021)) ;
#2070=CARTESIAN_POINT('Control Point',(32.5372415676,-61.3479318869,-6.84550500715)) ;
#2071=CARTESIAN_POINT('Control Point',(32.3226224083,-62.4666855925,-6.36817011304)) ;
#2072=CARTESIAN_POINT('Control Point',(32.1613760139,-63.5942117463,-5.88709230158)) ;
#2073=CARTESIAN_POINT('Control Point',(32.0537907701,-64.7275559421,-5.40353211149)) ;
#2074=CARTESIAN_POINT('Control Point',(32.0000002631,-65.8637884664,-4.91873955383)) ;
#2075=CARTESIAN_POINT('Control Point',(32.0000001764,-66.9999980407,-4.43395678198)) ;
#2076=CARTESIAN_POINT('Vertex',(32.5372416491,-61.3479322055,-6.84550571705)) ;
#2080=CARTESIAN_POINT('Control Point',(32.5372418867,-61.3479302231,-6.84550571705)) ;
#2081=CARTESIAN_POINT('Control Point',(32.5824542706,-61.1122499551,-6.23462156646)) ;
#2082=CARTESIAN_POINT('Control Point',(32.364192027,-60.8257321303,-5.62300448894)) ;
#2083=CARTESIAN_POINT('Control Point',(31.8661530677,-60.5418495762,-5.15215491489)) ;
#2084=CARTESIAN_POINT('Control Point',(31.2192179279,-60.3352042892,-4.94580823321)) ;
#2085=CARTESIAN_POINT('Control Point',(30.5730580352,-60.2283440581,-4.98855233528)) ;
#2086=CARTESIAN_POINT('Vertex',(30.5730580352,-60.2283440581,-4.98855233528)) ;
#2090=CARTESIAN_POINT('Control Point',(30.5730580352,-60.2283440581,-4.98855233528)) ;
#2091=CARTESIAN_POINT('Control Point',(30.3441307989,-61.4216816372,-4.51121730363)) ;
#2092=CARTESIAN_POINT('Control Point',(30.1721345396,-62.6243765181,-4.0301393513)) ;
#2093=CARTESIAN_POINT('Control Point',(30.0573768687,-63.833277351,-3.54657901811)) ;
#2094=CARTESIAN_POINT('Control Point',(30.0000002856,-65.0452591057,-3.06178631625)) ;
#2095=CARTESIAN_POINT('Control Point',(30.0000001886,-66.2572163958,-2.57700340021)) ;
#2105=CARTESIAN_POINT('Control Point',(36.5835475984,-51.0624941371,0.582306312482)) ;
#2106=CARTESIAN_POINT('Control Point',(36.4761586062,-51.2337540668,0.582306348666)) ;
#2107=CARTESIAN_POINT('Control Point',(36.3471333592,-51.391447154,0.582306384851)) ;
#2108=CARTESIAN_POINT('Control Point',(36.1987523372,-51.5319240114,0.582306420265)) ;
#2109=CARTESIAN_POINT('Control Point',(35.8697269794,-51.7723409974,0.582306488013)) ;
#2110=CARTESIAN_POINT('Control Point',(35.4912475938,-51.9233750982,0.58230654691)) ;
#2111=CARTESIAN_POINT('Control Point',(35.2934061898,-51.9744575854,0.58230657347)) ;
#2112=CARTESIAN_POINT('Control Point',(35.0912616988,-51.9999954307,0.582306596566)) ;
#2113=CARTESIAN_POINT('Control Point',(34.8891174388,-51.9999953111,0.582306615789)) ;
#2114=CARTESIAN_POINT('Control Point',(36.5835448507,-51.0625127178,-0.628908737696)) ;
#2115=CARTESIAN_POINT('Control Point',(36.4761555081,-51.2337717023,-0.592784419984)) ;
#2116=CARTESIAN_POINT('Control Point',(36.3471300182,-51.3914639291,-0.556660060996)) ;
#2117=CARTESIAN_POINT('Control Point',(36.1987488568,-51.5319400493,-0.521304687882)) ;
#2118=CARTESIAN_POINT('Control Point',(35.8697233997,-51.7723558717,-0.453668290143)) ;
#2119=CARTESIAN_POINT('Control Point',(35.4912441955,-51.9233895062,-0.39486960568)) ;
#2120=CARTESIAN_POINT('Control Point',(35.2934029327,-51.974471954,-0.368353081393)) ;
#2121=CARTESIAN_POINT('Control Point',(35.0912586084,-52.0000099602,-0.345295543099)) ;
#2122=CARTESIAN_POINT('Control Point',(34.8891145149,-52.0000101942,-0.32610452538)) ;
#2123=CARTESIAN_POINT('Control Point',(36.4483430851,-51.2779920347,-1.84298029422)) ;
#2124=CARTESIAN_POINT('Control Point',(36.3438921699,-51.4477983789,-1.77066824172)) ;
#2125=CARTESIAN_POINT('Control Point',(36.2165551995,-51.603509782,-1.6983561055)) ;
#2126=CARTESIAN_POINT('Control Point',(36.0686688024,-51.741315918,-1.62758133573)) ;
#2127=CARTESIAN_POINT('Control Point',(35.7385686584,-51.9748027369,-1.49217802743)) ;
#2128=CARTESIAN_POINT('Control Point',(35.3557931753,-52.115659678,-1.37443887835)) ;
#2129=CARTESIAN_POINT('Control Point',(35.1552240041,-52.1608228178,-1.32133057115)) ;
#2130=CARTESIAN_POINT('Control Point',(34.950061498,-52.1796799283,-1.2751333222)) ;
#2131=CARTESIAN_POINT('Control Point',(34.7448992633,-52.1723935595,-1.23665840055)) ;
#2132=CARTESIAN_POINT('Control Point',(36.1796404838,-51.7066646415,-2.96487739057)) ;
#2133=CARTESIAN_POINT('Control Point',(36.0810115137,-51.8735733541,-2.85726583181)) ;
#2134=CARTESIAN_POINT('Control Point',(35.9570144598,-52.0253365886,-2.74965412156)) ;
#2135=CARTESIAN_POINT('Control Point',(35.810100783,-52.1578259384,-2.64454229848)) ;
#2136=CARTESIAN_POINT('Control Point',(35.4778562152,-52.3775258892,-2.44431233198)) ;
#2137=CARTESIAN_POINT('Control Point',(35.0865557866,-52.4981468567,-2.27272828469)) ;
#2138=CARTESIAN_POINT('Control Point',(34.8805767246,-52.5315410901,-2.19626652578)) ;
#2139=CARTESIAN_POINT('Control Point',(34.6694298605,-52.5371129584,-2.13096684083)) ;
#2140=CARTESIAN_POINT('Control Point',(34.4582833421,-52.5153321143,-2.07808137558)) ;
#2141=CARTESIAN_POINT('Control Point',(35.5648162726,-52.7664656041,-4.7552910226)) ;
#2142=CARTESIAN_POINT('Control Point',(35.4816358863,-52.9227767663,-4.5855175591)) ;
#2143=CARTESIAN_POINT('Control Point',(35.3669192753,-53.0618434102,-4.41574368217)) ;
#2144=CARTESIAN_POINT('Control Point',(35.2232208654,-53.1788963033,-4.25082447629)) ;
#2145=CARTESIAN_POINT('Control Point',(34.8867487599,-53.3615682135,-3.94038871268)) ;
#2146=CARTESIAN_POINT('Control Point',(34.4744614412,-53.4333763828,-3.68502783956)) ;
#2147=CARTESIAN_POINT('Control Point',(34.2549307132,-53.4395387097,-3.57519480904)) ;
#2148=CARTESIAN_POINT('Control Point',(34.0287003218,-53.4156455949,-3.48649596206)) ;
#2149=CARTESIAN_POINT('Control Point',(33.802470563,-53.3631721617,-3.42089108585)) ;
#2150=CARTESIAN_POINT('Control Point',(34.8194984519,-54.2676152351,-6.07144848487)) ;
#2151=CARTESIAN_POINT('Control Point',(34.7593189869,-54.3975190366,-5.84494828781)) ;
#2152=CARTESIAN_POINT('Control Point',(34.6592986235,-54.5086018621,-5.61844686291)) ;
#2153=CARTESIAN_POINT('Control Point',(34.521667975,-54.596019476,-5.4001472131)) ;
#2154=CARTESIAN_POINT('Control Point',(34.1816767218,-54.7167448163,-4.99630672094)) ;
#2155=CARTESIAN_POINT('Control Point',(33.7409028208,-54.7243495769,-4.68391381823)) ;
#2156=CARTESIAN_POINT('Control Point',(33.502453085,-54.6986046612,-4.55709428057)) ;
#2157=CARTESIAN_POINT('Control Point',(33.2549584139,-54.644217277,-4.46443665978)) ;
#2158=CARTESIAN_POINT('Control Point',(33.0074651177,-54.5640924459,-4.4080095944)) ;
#2159=CARTESIAN_POINT('Control Point',(34.4802121655,-55.0097665972,-6.55372338194)) ;
#2160=CARTESIAN_POINT('Control Point',(34.4315609575,-55.1238564247,-6.30342160075)) ;
#2161=CARTESIAN_POINT('Control Point',(34.3390948369,-55.2186759291,-6.05311807926)) ;
#2162=CARTESIAN_POINT('Control Point',(34.2047765595,-55.2895575302,-5.81269378445)) ;
#2163=CARTESIAN_POINT('Control Point',(33.8635979349,-55.3773716721,-5.37129342842)) ;
#2164=CARTESIAN_POINT('Control Point',(33.4090972506,-55.3544634374,-5.03931361473)) ;
#2165=CARTESIAN_POINT('Control Point',(33.1614088519,-55.3145735527,-4.90835562533)) ;
#2166=CARTESIAN_POINT('Control Point',(32.9034833666,-55.2478292575,-4.81784393466)) ;
#2167=CARTESIAN_POINT('Control Point',(32.6455597093,-55.1578138288,-4.76971575415)) ;
#2168=CARTESIAN_POINT('Control Point',(33.7982096106,-56.6647654158,-7.30673628869)) ;
#2169=CARTESIAN_POINT('Control Point',(33.7748212155,-56.7352525472,-7.01292175053)) ;
#2170=CARTESIAN_POINT('Control Point',(33.6993387339,-56.7863595022,-6.71910399939)) ;
#2171=CARTESIAN_POINT('Control Point',(33.5728750838,-56.8146000291,-6.43876706005)) ;
#2172=CARTESIAN_POINT('Control Point',(33.2302747195,-56.8222232929,-5.93188863267)) ;
#2173=CARTESIAN_POINT('Control Point',(32.7466406807,-56.7353507579,-5.57231340617)) ;
#2174=CARTESIAN_POINT('Control Point',(32.479063421,-56.6690378375,-5.43936265731)) ;
#2175=CARTESIAN_POINT('Control Point',(32.1985752524,-56.5829586833,-5.35968547479)) ;
#2176=CARTESIAN_POINT('Control Point',(31.9180901814,-56.4818117495,-5.33447508391)) ;
#2177=CARTESIAN_POINT('Control Point',(33.2013046522,-58.5054732417,-7.51365085271)) ;
#2178=CARTESIAN_POINT('Control Point',(33.2018555378,-58.5102857094,-7.19537683719)) ;
#2179=CARTESIAN_POINT('Control Point',(33.1430075618,-58.4974084537,-6.87709781806)) ;
#2180=CARTESIAN_POINT('Control Point',(33.0246925938,-58.4664180353,-6.57522729932)) ;
#2181=CARTESIAN_POINT('Control Point',(32.6819920455,-58.3712843444,-6.03691972705)) ;
#2182=CARTESIAN_POINT('Control Point',(32.1714207821,-58.2221943244,-5.67566175437)) ;
#2183=CARTESIAN_POINT('Control Point',(31.8851146897,-58.1372058101,-5.55096781912)) ;
#2184=CARTESIAN_POINT('Control Point',(31.5832508249,-58.0463382167,-5.48899196288)) ;
#2185=CARTESIAN_POINT('Control Point',(31.2813917029,-57.9543792104,-5.48966137759)) ;
#2186=CARTESIAN_POINT('Control Point',(32.9319172097,-59.4788011208,-7.46016049263)) ;
#2187=CARTESIAN_POINT('Control Point',(32.9432107567,-59.4439389123,-7.13653136394)) ;
#2188=CARTESIAN_POINT('Control Point',(32.8919393908,-59.3927838261,-6.81289635671)) ;
#2189=CARTESIAN_POINT('Control Point',(32.7774090008,-59.3270776738,-6.50672717626)) ;
#2190=CARTESIAN_POINT('Control Point',(32.4348226396,-59.1737961863,-5.96401573712)) ;
#2191=CARTESIAN_POINT('Control Point',(31.9120832558,-58.9945204929,-5.60872827141)) ;
#2192=CARTESIAN_POINT('Control Point',(31.6172581358,-58.9027971112,-5.49013108876)) ;
#2193=CARTESIAN_POINT('Control Point',(31.3056487546,-58.814169104,-5.43731979578)) ;
#2194=CARTESIAN_POINT('Control Point',(30.9940449998,-58.7330405711,-5.44954333674)) ;
#2195=CARTESIAN_POINT('Control Point',(32.7112745968,-60.4407420321,-7.23256284816)) ;
#2196=CARTESIAN_POINT('Control Point',(32.7298352851,-60.3636012693,-6.9136094175)) ;
#2197=CARTESIAN_POINT('Control Point',(32.6836347371,-60.2719256081,-6.59464970152)) ;
#2198=CARTESIAN_POINT('Control Point',(32.5715355329,-60.1699311092,-6.29336531904)) ;
#2199=CARTESIAN_POINT('Control Point',(32.2286079776,-59.9571214497,-5.76124466626)) ;
#2200=CARTESIAN_POINT('Control Point',(31.6969456539,-59.7498517053,-5.41818592441)) ;
#2201=CARTESIAN_POINT('Control Point',(31.3959546532,-59.6534010204,-5.30612100827)) ;
#2202=CARTESIAN_POINT('Control Point',(31.0773206512,-59.5697472646,-5.26005792913)) ;
#2203=CARTESIAN_POINT('Control Point',(30.7586929124,-59.5025936444,-5.27884521142)) ;
#2204=CARTESIAN_POINT('Control Point',(32.537242475,-61.3479335745,-6.84552599968)) ;
#2205=CARTESIAN_POINT('Control Point',(32.5598480397,-61.2300933692,-6.54008346144)) ;
#2206=CARTESIAN_POINT('Control Point',(32.5163694945,-61.0995732345,-6.23463465228)) ;
#2207=CARTESIAN_POINT('Control Point',(32.405418448,-60.9629730736,-5.94634522395)) ;
#2208=CARTESIAN_POINT('Control Point',(32.0616988725,-60.6937573839,-5.43815101768)) ;
#2209=CARTESIAN_POINT('Control Point',(31.5241602823,-60.4606551353,-5.11319519627)) ;
#2210=CARTESIAN_POINT('Control Point',(31.2192243143,-60.3601993281,-5.00830100255)) ;
#2211=CARTESIAN_POINT('Control Point',(30.896138142,-60.2817772477,-4.96719596807)) ;
#2212=CARTESIAN_POINT('Control Point',(30.5730586038,-60.2283470209,-4.9885674939)) ;
#2214=CARTESIAN_POINT('Control Point',(36.5835475984,-51.0624941371,0.582306312471)) ;
#2215=CARTESIAN_POINT('Control Point',(36.5835472555,-51.0624964563,0.431125930789)) ;
#2216=CARTESIAN_POINT('Control Point',(36.5814475801,-51.0658466104,0.279927966116)) ;
#2217=CARTESIAN_POINT('Control Point',(36.5772476797,-51.0725455316,0.12886661299)) ;
#2218=CARTESIAN_POINT('Control Point',(36.5499014761,-51.1161990392,-0.526889516784)) ;
#2219=CARTESIAN_POINT('Control Point',(36.4836057327,-51.2225179858,-1.17384440536)) ;
#2220=CARTESIAN_POINT('Control Point',(36.4104922904,-51.3406139099,-1.66106608203)) ;
#2221=CARTESIAN_POINT('Control Point',(36.2169909298,-51.6585251768,-2.64839489198)) ;
#2222=CARTESIAN_POINT('Control Point',(35.9516859628,-52.1135038541,-3.55395675403)) ;
#2223=CARTESIAN_POINT('Control Point',(35.7973132771,-52.3853941365,-4.00080790046)) ;
#2224=CARTESIAN_POINT('Control Point',(35.3401242101,-53.2189132319,-5.15195513186)) ;
#2225=CARTESIAN_POINT('Control Point',(34.819676901,-54.2674420063,-6.0713434985)) ;
#2226=CARTESIAN_POINT('Control Point',(34.4802096922,-55.0098624487,-6.55370846838)) ;
#2227=CARTESIAN_POINT('Control Point',(33.8844085151,-56.4555169563,-7.21157640317)) ;
#2228=CARTESIAN_POINT('Control Point',(33.3535456534,-58.0432140621,-7.45261499183)) ;
#2229=CARTESIAN_POINT('Control Point',(33.1371668734,-58.7660400596,-7.47087035218)) ;
#2230=CARTESIAN_POINT('Control Point',(32.8826777326,-59.7297818734,-7.36908357625)) ;
#2231=CARTESIAN_POINT('Control Point',(32.6740680439,-60.6696565026,-7.10182224243)) ;
#2232=CARTESIAN_POINT('Control Point',(32.6256229811,-60.8986297447,-7.02616608918)) ;
#2233=CARTESIAN_POINT('Control Point',(32.5800256672,-61.1249141129,-6.94067321562)) ;
#2234=CARTESIAN_POINT('Control Point',(32.537242475,-61.3479335745,-6.84552599968)) ;
#2235=CARTESIAN_POINT('Vertex',(36.5835495346,-51.0624956239,0.582306312482)) ;
#2239=CARTESIAN_POINT('Control Point',(36.5835475984,-51.0624941371,0.582306312482)) ;
#2240=CARTESIAN_POINT('Control Point',(36.3150751178,-51.4906439614,0.582306402943)) ;
#2241=CARTESIAN_POINT('Control Point',(35.9011509071,-51.8291363982,0.582306493638)) ;
#2242=CARTESIAN_POINT('Control Point',(35.3944780889,-51.9999956101,0.582306567732)) ;
#2243=CARTESIAN_POINT('Control Point',(34.8891174388,-51.9999953111,0.582306615789)) ;
#2244=CARTESIAN_POINT('Vertex',(34.8891174388,-52.,0.582307810035)) ;
#2248=CARTESIAN_POINT('Control Point',(34.8891174388,-51.9999953111,0.582306615789)) ;
#2249=CARTESIAN_POINT('Control Point',(34.8891170738,-51.9999971688,0.468921347806)) ;
#2250=CARTESIAN_POINT('Control Point',(34.8868774203,-52.0026772926,0.355522894652)) ;
#2251=CARTESIAN_POINT('Control Point',(34.882397526,-52.008036428,0.242226899074)) ;
#2252=CARTESIAN_POINT('Control Point',(34.8532282379,-52.0429592224,-0.249590140928)) ;
#2253=CARTESIAN_POINT('Control Point',(34.7825127926,-52.1280144187,-0.734806499391)) ;
#2254=CARTESIAN_POINT('Control Point',(34.7045251466,-52.2224912247,-1.10022272519)) ;
#2255=CARTESIAN_POINT('Control Point',(34.4981236182,-52.4768200357,-1.84071908946)) ;
#2256=CARTESIAN_POINT('Control Point',(34.2151317377,-52.8408031989,-2.51989075189)) ;
#2257=CARTESIAN_POINT('Control Point',(34.0504675474,-53.0583154392,-2.85502907488)) ;
#2258=CARTESIAN_POINT('Control Point',(33.5627990665,-53.7251303575,-3.71838921742)) ;
#2259=CARTESIAN_POINT('Control Point',(33.0076555206,-54.563954005,-4.40793098522)) ;
#2260=CARTESIAN_POINT('Control Point',(32.6455571058,-55.1578904046,-4.76970461219)) ;
#2261=CARTESIAN_POINT('Control Point',(32.0100356691,-56.3144132094,-5.26310517957)) ;
#2262=CARTESIAN_POINT('Control Point',(31.4437820944,-57.5845715335,-5.44388442726)) ;
#2263=CARTESIAN_POINT('Control Point',(31.212977955,-58.1628323774,-5.45757578092)) ;
#2264=CARTESIAN_POINT('Control Point',(30.9415229289,-58.9338253912,-5.38123573969)) ;
#2265=CARTESIAN_POINT('Control Point',(30.7190059089,-59.6857252371,-5.18078972605)) ;
#2266=CARTESIAN_POINT('Control Point',(30.6673311662,-59.8689038776,-5.12404759912)) ;
#2267=CARTESIAN_POINT('Control Point',(30.61869402,-60.0499314165,-5.05992792581)) ;
#2268=CARTESIAN_POINT('Control Point',(30.5730586038,-60.2283470209,-4.9885674939)) ;
#2277=CARTESIAN_POINT('Axis2P3D Location',(34.8891165765,-50.,22.8042363465)) ;
#2282=CARTESIAN_POINT('Line Origine',(36.5835467905,-51.0625,22.8042363465)) ;
#2286=CARTESIAN_POINT('Vertex',(36.5835467905,-51.0625,3.81340669432)) ;
#2289=CARTESIAN_POINT('Axis2P3D Location',(34.8891165765,-50.,3.81340669432)) ;
#2293=CARTESIAN_POINT('Vertex',(34.8891165765,-52.,3.81340669432)) ;
#2296=CARTESIAN_POINT('Line Origine',(34.8891165765,-52.,22.8042363465)) ;
#2309=CARTESIAN_POINT('Control Point',(34.1783168293,-55.7770873113,11.2412139184)) ;
#2310=CARTESIAN_POINT('Control Point',(34.1038214811,-55.9617630541,10.7043953843)) ;
#2311=CARTESIAN_POINT('Control Point',(33.839309857,-56.069788651,10.1675768502)) ;
#2312=CARTESIAN_POINT('Control Point',(33.3959186345,-56.0684935597,9.72366617453)) ;
#2313=CARTESIAN_POINT('Control Point',(32.8597282761,-55.9581292104,9.45884466702)) ;
#2314=CARTESIAN_POINT('Control Point',(32.3235379205,-55.7716697296,9.38426205112)) ;
#2315=CARTESIAN_POINT('Control Point',(34.5197688017,-54.9306097223,10.8800773836)) ;
#2316=CARTESIAN_POINT('Control Point',(34.4201426004,-55.1613871651,10.3853091518)) ;
#2317=CARTESIAN_POINT('Control Point',(34.1469614704,-55.3154327775,9.89054091986)) ;
#2318=CARTESIAN_POINT('Control Point',(33.7151094036,-55.3546262052,9.47431759854)) ;
#2319=CARTESIAN_POINT('Control Point',(33.2014313965,-55.2713379606,9.21044180638)) ;
#2320=CARTESIAN_POINT('Control Point',(32.6877533892,-55.0944878189,9.11340971815)) ;
#2321=CARTESIAN_POINT('Control Point',(34.8737359628,-54.1458837796,10.3860346779)) ;
#2322=CARTESIAN_POINT('Control Point',(34.7496707267,-54.411353209,9.94078010976)) ;
#2323=CARTESIAN_POINT('Control Point',(34.4687452912,-54.6017393862,9.49552554161)) ;
#2324=CARTESIAN_POINT('Control Point',(34.0485567746,-54.6770768348,9.11430388899)) ;
#2325=CARTESIAN_POINT('Control Point',(33.5569376047,-54.6242976318,8.85800079666)) ;
#2326=CARTESIAN_POINT('Control Point',(33.0653184303,-54.466707176,8.74287783348)) ;
#2327=CARTESIAN_POINT('Control Point',(35.2253738127,-53.4385286755,9.77397979261)) ;
#2328=CARTESIAN_POINT('Control Point',(35.0794995056,-53.7285448759,9.38205070297)) ;
#2329=CARTESIAN_POINT('Control Point',(34.7925206162,-53.946494917,8.99012161332)) ;
#2330=CARTESIAN_POINT('Control Point',(34.3834081706,-54.0530428579,8.64929203378)) ;
#2331=CARTESIAN_POINT('Control Point',(33.9119033475,-54.0319744868,8.40854318025)) ;
#2332=CARTESIAN_POINT('Control Point',(33.4403985367,-53.9008224274,8.28383594498)) ;
#2333=CARTESIAN_POINT('Control Point',(35.8636838461,-52.2457499767,8.38036287735)) ;
#2334=CARTESIAN_POINT('Control Point',(35.6820126539,-52.5692462406,8.09603638405)) ;
#2335=CARTESIAN_POINT('Control Point',(35.3863161818,-52.827753217,7.81170989074)) ;
#2336=CARTESIAN_POINT('Control Point',(34.9964713092,-52.9851623812,7.55729332325)) ;
#2337=CARTESIAN_POINT('Control Point',(34.558867137,-53.0220690811,7.36190901909)) ;
#2338=CARTESIAN_POINT('Control Point',(34.1212629533,-52.9466004615,7.23862436787)) ;
#2339=CARTESIAN_POINT('Control Point',(36.3319298068,-51.4635858276,6.63704098154)) ;
#2340=CARTESIAN_POINT('Control Point',(36.128062555,-51.8006886927,6.46686291618)) ;
#2341=CARTESIAN_POINT('Control Point',(35.8283527326,-52.0795877748,6.29668485082)) ;
#2342=CARTESIAN_POINT('Control Point',(35.4517340576,-52.2684409276,6.14186280938)) ;
#2343=CARTESIAN_POINT('Control Point',(35.0362295009,-52.3479942408,6.01743323719)) ;
#2344=CARTESIAN_POINT('Control Point',(34.6207249549,-52.3208682128,5.93113190787)) ;
#2345=CARTESIAN_POINT('Control Point',(36.4999384633,-51.1958580207,5.72330070821)) ;
#2346=CARTESIAN_POINT('Control Point',(36.2887975799,-51.5365751955,5.60939080094)) ;
#2347=CARTESIAN_POINT('Control Point',(35.9880143816,-51.8217158676,5.49548089367)) ;
#2348=CARTESIAN_POINT('Control Point',(35.6159797679,-52.021062074,5.39129709353)) ;
#2349=CARTESIAN_POINT('Control Point',(35.2079571,-52.1156997165,5.30638027063)) ;
#2350=CARTESIAN_POINT('Control Point',(34.7999344284,-52.106686591,5.24582747441)) ;
#2351=CARTESIAN_POINT('Control Point',(36.5835468214,-51.0624992023,4.76768696262)) ;
#2352=CARTESIAN_POINT('Control Point',(36.3687686608,-51.4050185613,4.71076446013)) ;
#2353=CARTESIAN_POINT('Control Point',(36.0674426117,-51.6932676791,4.65384195764)) ;
#2354=CARTESIAN_POINT('Control Point',(35.6976934824,-51.8978437379,4.60178249825)) ;
#2355=CARTESIAN_POINT('Control Point',(35.2934050402,-51.9999994112,4.55935682389)) ;
#2356=CARTESIAN_POINT('Control Point',(34.8891165986,-51.9999993323,4.52911685155)) ;
#2357=CARTESIAN_POINT('Control Point',(36.5835495158,-51.0624837431,3.81340669453)) ;
#2358=CARTESIAN_POINT('Control Point',(36.3687719097,-51.4050046393,3.81340666692)) ;
#2359=CARTESIAN_POINT('Control Point',(36.0674460818,-51.6932550271,3.8134066393)) ;
#2360=CARTESIAN_POINT('Control Point',(35.6976968636,-51.8978318388,3.81340661405)) ;
#2361=CARTESIAN_POINT('Control Point',(35.2934081733,-51.9999876,3.81340659346)) ;
#2362=CARTESIAN_POINT('Control Point',(34.889119483,-51.9999869928,3.81340657879)) ;
#2364=CARTESIAN_POINT('Control Point',(34.1783176011,-55.777085398,11.2412131021)) ;
#2365=CARTESIAN_POINT('Control Point',(34.2498970189,-55.5996362516,11.1655071157)) ;
#2366=CARTESIAN_POINT('Control Point',(34.3220349351,-55.4248807881,11.0839565037)) ;
#2367=CARTESIAN_POINT('Control Point',(34.3945835598,-55.2529910052,10.9967014552)) ;
#2368=CARTESIAN_POINT('Control Point',(34.7418975692,-54.4474181742,10.5539041113)) ;
#2369=CARTESIAN_POINT('Control Point',(35.091712413,-53.7133462009,9.98708605704)) ;
#2370=CARTESIAN_POINT('Control Point',(35.3616415755,-53.1849849964,9.46804654236)) ;
#2371=CARTESIAN_POINT('Control Point',(35.8411656064,-52.296689422,8.36063878727)) ;
#2372=CARTESIAN_POINT('Control Point',(36.218965926,-51.6540485531,7.04395182411)) ;
#2373=CARTESIAN_POINT('Control Point',(36.3666522824,-51.4115714708,6.38003841383)) ;
#2374=CARTESIAN_POINT('Control Point',(36.507533711,-51.1839527186,5.46026054698)) ;
#2375=CARTESIAN_POINT('Control Point',(36.5685664099,-51.0863897654,4.51237150565)) ;
#2376=CARTESIAN_POINT('Control Point',(36.5785552573,-51.0704554958,4.27971541784)) ;
#2377=CARTESIAN_POINT('Control Point',(36.5835488575,-51.0624875199,4.04654536254)) ;
#2378=CARTESIAN_POINT('Control Point',(36.5835495158,-51.0624837431,3.81340669456)) ;
#2379=CARTESIAN_POINT('Vertex',(34.1783149965,-55.777083999,11.2412139184)) ;
#2383=CARTESIAN_POINT('Control Point',(34.1783168293,-55.7770873113,11.2412139184)) ;
#2384=CARTESIAN_POINT('Control Point',(34.0851976441,-56.0079319898,10.5701907508)) ;
#2385=CARTESIAN_POINT('Control Point',(33.6702398987,-56.1114444293,9.89293420447)) ;
#2386=CARTESIAN_POINT('Control Point',(32.993775865,-56.0047440807,9.477490321)) ;
#2387=CARTESIAN_POINT('Control Point',(32.3235379205,-55.7716697296,9.38426205112)) ;
#2388=CARTESIAN_POINT('Vertex',(32.3235379205,-55.7716559419,9.38426683963)) ;
#2392=CARTESIAN_POINT('Control Point',(32.3235423265,-55.7716615376,9.38425877455)) ;
#2393=CARTESIAN_POINT('Control Point',(32.3998930179,-55.6297036673,9.32747966732)) ;
#2394=CARTESIAN_POINT('Control Point',(32.4768394271,-55.4899007081,9.26631717884)) ;
#2395=CARTESIAN_POINT('Control Point',(32.5542239146,-55.3523902486,9.20087644548)) ;
#2396=CARTESIAN_POINT('Control Point',(32.9246915006,-54.7079334585,8.86877896875)) ;
#2397=CARTESIAN_POINT('Control Point',(33.2978264758,-54.1206766797,8.44366603505)) ;
#2398=CARTESIAN_POINT('Control Point',(33.5857509065,-53.6979877245,8.05438633467)) ;
#2399=CARTESIAN_POINT('Control Point',(34.0972434095,-52.9873517815,7.22383098385)) ;
#2400=CARTESIAN_POINT('Control Point',(34.5002302351,-52.4732386242,6.23631534498)) ;
#2401=CARTESIAN_POINT('Control Point',(34.6577624009,-52.2792570849,5.73838019045)) ;
#2402=CARTESIAN_POINT('Control Point',(34.8080359644,-52.0971622104,5.04854720099)) ;
#2403=CARTESIAN_POINT('Control Point',(34.8731374962,-52.0191118078,4.33763031808)) ;
#2404=CARTESIAN_POINT('Control Point',(34.8837922657,-52.0063643894,4.1631382381)) ;
#2405=CARTESIAN_POINT('Control Point',(34.8891187755,-51.9999900108,3.98826068983)) ;
#2406=CARTESIAN_POINT('Control Point',(34.889119483,-51.9999869928,3.81340669444)) ;
#2416=CARTESIAN_POINT('Control Point',(32.6441458604,-60.8166472261,13.3914399597)) ;
#2417=CARTESIAN_POINT('Control Point',(32.5992460396,-61.0298118632,12.8348849152)) ;
#2418=CARTESIAN_POINT('Control Point',(32.3358844507,-61.1969609381,12.2783298707)) ;
#2419=CARTESIAN_POINT('Control Point',(31.8602038674,-61.2773060958,11.8269803814)) ;
#2420=CARTESIAN_POINT('Control Point',(31.2736463727,-61.253713191,11.5770897609)) ;
#2421=CARTESIAN_POINT('Control Point',(30.6870888819,-61.1472052875,11.5344865779)) ;
#2422=CARTESIAN_POINT('Control Point',(32.8608838067,-59.7876700428,12.9524096767)) ;
#2423=CARTESIAN_POINT('Control Point',(32.8091835509,-59.9960734472,12.400067549)) ;
#2424=CARTESIAN_POINT('Control Point',(32.5443703633,-60.1515907088,11.8477254212)) ;
#2425=CARTESIAN_POINT('Control Point',(32.0738497081,-60.2149840255,11.3979395593)) ;
#2426=CARTESIAN_POINT('Control Point',(31.4960628651,-60.1730553369,11.1448266154)) ;
#2427=CARTESIAN_POINT('Control Point',(30.9182760258,-60.0496295802,11.095456295)) ;
#2428=CARTESIAN_POINT('Control Point',(33.1229818191,-58.766881463,12.5168731911)) ;
#2429=CARTESIAN_POINT('Control Point',(33.0648723928,-58.9700038918,11.9686123946)) ;
#2430=CARTESIAN_POINT('Control Point',(32.7992023961,-59.1137442032,11.4203515981)) ;
#2431=CARTESIAN_POINT('Control Point',(32.334508215,-59.160469196,10.9720932593)) ;
#2432=CARTESIAN_POINT('Control Point',(31.766177729,-59.1006806993,10.7158767535)) ;
#2433=CARTESIAN_POINT('Control Point',(31.197847246,-58.9607883661,10.6599198093)) ;
#2434=CARTESIAN_POINT('Control Point',(33.4301881733,-57.7566129675,12.0858252723)) ;
#2435=CARTESIAN_POINT('Control Point',(33.3661142625,-57.953983345,11.5415127288)) ;
#2436=CARTESIAN_POINT('Control Point',(33.1002010892,-58.0858496578,10.9972001852)) ;
#2437=CARTESIAN_POINT('Control Point',(32.641982463,-58.1162190053,10.5504313137)) ;
#2438=CARTESIAN_POINT('Control Point',(32.0837582491,-58.0390626246,10.291229515)) ;
#2439=CARTESIAN_POINT('Control Point',(31.5255340367,-57.8831685693,10.2288718906)) ;
#2440=CARTESIAN_POINT('Control Point',(33.7821343745,-56.7592170203,11.6602696477)) ;
#2441=CARTESIAN_POINT('Control Point',(33.7125859677,-56.9504190782,11.1197714324)) ;
#2442=CARTESIAN_POINT('Control Point',(33.4470562758,-57.0703640016,10.5792732172)) ;
#2443=CARTESIAN_POINT('Control Point',(32.995944659,-57.0847180309,10.1339540434)) ;
#2444=CARTESIAN_POINT('Control Point',(32.4484439959,-56.9906991776,9.87188413391)) ;
#2445=CARTESIAN_POINT('Control Point',(31.9009433328,-56.8192795077,9.80331626595)) ;
#2446=CARTESIAN_POINT('Control Point',(34.1783206728,-55.7770699273,11.2412202214)) ;
#2447=CARTESIAN_POINT('Control Point',(34.1038244121,-55.9617463945,10.7044018196)) ;
#2448=CARTESIAN_POINT('Control Point',(33.8393124071,-56.0697728008,10.1675834179)) ;
#2449=CARTESIAN_POINT('Control Point',(33.3959214711,-56.0684785698,9.72367259843)) ;
#2450=CARTESIAN_POINT('Control Point',(32.8597317611,-55.958114964,9.45885044849)) ;
#2451=CARTESIAN_POINT('Control Point',(32.323542051,-55.7716559419,9.38426683963)) ;
#2453=CARTESIAN_POINT('Control Point',(32.6441458604,-60.8166472261,13.3914399597)) ;
#2454=CARTESIAN_POINT('Control Point',(32.8608838067,-59.7876700428,12.9524096767)) ;
#2455=CARTESIAN_POINT('Control Point',(33.1229818191,-58.766881463,12.5168731911)) ;
#2456=CARTESIAN_POINT('Control Point',(33.4301881733,-57.7566129675,12.0858252723)) ;
#2457=CARTESIAN_POINT('Control Point',(33.7821343745,-56.7592170203,11.6602696477)) ;
#2458=CARTESIAN_POINT('Control Point',(34.1783206728,-55.7770699273,11.2412202214)) ;
#2459=CARTESIAN_POINT('Vertex',(32.6441449616,-60.8166534171,13.3914399597)) ;
#2463=CARTESIAN_POINT('Control Point',(32.6441458604,-60.8166472261,13.3914399597)) ;
#2464=CARTESIAN_POINT('Control Point',(32.5992460396,-61.0298118632,12.8348849152)) ;
#2465=CARTESIAN_POINT('Control Point',(32.3363833035,-61.1972215248,12.277941093)) ;
#2466=CARTESIAN_POINT('Control Point',(31.8606136031,-61.2775817349,11.8265070449)) ;
#2467=CARTESIAN_POINT('Control Point',(31.2736463727,-61.253713191,11.5770897609)) ;
#2468=CARTESIAN_POINT('Control Point',(30.6870888819,-61.1472052875,11.5344865779)) ;
#2469=CARTESIAN_POINT('Vertex',(30.6870888819,-61.1472052875,11.5344865779)) ;
#2473=CARTESIAN_POINT('Control Point',(30.6870888819,-61.1472052875,11.5344865779)) ;
#2474=CARTESIAN_POINT('Control Point',(30.9182760258,-60.0496295802,11.095456295)) ;
#2475=CARTESIAN_POINT('Control Point',(31.197847246,-58.9607883661,10.6599198093)) ;
#2476=CARTESIAN_POINT('Control Point',(31.5255340367,-57.8831685693,10.2288718906)) ;
#2477=CARTESIAN_POINT('Control Point',(31.9009433328,-56.8192795077,9.80331626595)) ;
#2478=CARTESIAN_POINT('Control Point',(32.323542051,-55.7716559419,9.38426683963)) ;
#2488=CARTESIAN_POINT('Control Point',(32.0000000708,-66.9999998794,13.0954821859)) ;
#2489=CARTESIAN_POINT('Control Point',(32.0000000601,-66.8576680393,12.8154148747)) ;
#2490=CARTESIAN_POINT('Control Point',(31.9383288668,-66.715333944,12.5353431264)) ;
#2491=CARTESIAN_POINT('Control Point',(31.8148937914,-66.5803260387,12.2696871715)) ;
#2492=CARTESIAN_POINT('Control Point',(31.4578217247,-66.3395245537,11.7958604858)) ;
#2493=CARTESIAN_POINT('Control Point',(30.9263172145,-66.1777507904,11.4775371768)) ;
#2494=CARTESIAN_POINT('Control Point',(30.6283235753,-66.1218277464,11.3674970323)) ;
#2495=CARTESIAN_POINT('Control Point',(30.3141593414,-66.09388722,11.3125182746)) ;
#2496=CARTESIAN_POINT('Control Point',(30.0000000845,-66.0938872134,11.312518264)) ;
#2497=CARTESIAN_POINT('Control Point',(32.0000003147,-66.5283852961,13.3511398869)) ;
#2498=CARTESIAN_POINT('Control Point',(32.0022377911,-66.4051630457,13.0597630763)) ;
#2499=CARTESIAN_POINT('Control Point',(31.9422451174,-66.2809692811,12.7683815297)) ;
#2500=CARTESIAN_POINT('Control Point',(31.8198118908,-66.1622137433,12.4921289852)) ;
#2501=CARTESIAN_POINT('Control Point',(31.4634086613,-65.9485261999,11.9999498755)) ;
#2502=CARTESIAN_POINT('Control Point',(30.930370723,-65.8011533199,11.6708117939)) ;
#2503=CARTESIAN_POINT('Control Point',(30.6311728586,-65.7487613972,11.5577201373)) ;
#2504=CARTESIAN_POINT('Control Point',(30.3155840446,-65.7205205216,11.5022669083)) ;
#2505=CARTESIAN_POINT('Control Point',(30.0000003639,-65.7165954859,11.5042615742)) ;
#2506=CARTESIAN_POINT('Control Point',(32.0092686279,-66.0343096901,13.5631673984)) ;
#2507=CARTESIAN_POINT('Control Point',(32.0130993367,-65.9316326149,13.2624425841)) ;
#2508=CARTESIAN_POINT('Control Point',(31.9543241423,-65.8269467507,12.9617127864)) ;
#2509=CARTESIAN_POINT('Control Point',(31.8326461672,-65.7256272168,12.6766990356)) ;
#2510=CARTESIAN_POINT('Control Point',(31.4768344429,-65.5408437104,12.1693356842)) ;
#2511=CARTESIAN_POINT('Control Point',(30.9428673297,-65.4082933996,11.8312165167)) ;
#2512=CARTESIAN_POINT('Control Point',(30.6429012778,-65.3592461516,11.7155729514)) ;
#2513=CARTESIAN_POINT('Control Point',(30.3263913122,-65.3301182712,11.6596880439)) ;
#2514=CARTESIAN_POINT('Control Point',(30.009886593,-65.3213348858,11.6632822571)) ;
#2515=CARTESIAN_POINT('Control Point',(32.0295702754,-65.5229560044,13.7281236138)) ;
#2516=CARTESIAN_POINT('Control Point',(32.0341426569,-65.4419657527,13.4203722423)) ;
#2517=CARTESIAN_POINT('Control Point',(31.9759681068,-65.3578822878,13.1126157215)) ;
#2518=CARTESIAN_POINT('Control Point',(31.8547086846,-65.2749484538,12.8209939601)) ;
#2519=CARTESIAN_POINT('Control Point',(31.4993641709,-65.1204992412,12.3020827339)) ;
#2520=CARTESIAN_POINT('Control Point',(30.965247265,-65.0030794362,11.9568612282)) ;
#2521=CARTESIAN_POINT('Control Point',(30.6650815178,-64.9572027517,11.8390593216)) ;
#2522=CARTESIAN_POINT('Control Point',(30.3483089298,-64.926683008,11.782548295)) ;
#2523=CARTESIAN_POINT('Control Point',(30.031541641,-64.9122519588,11.786999334)) ;
#2524=CARTESIAN_POINT('Control Point',(32.1081266323,-64.2586253172,14.0078137014)) ;
#2525=CARTESIAN_POINT('Control Point',(32.1120788532,-64.2315137619,13.6893582193)) ;
#2526=CARTESIAN_POINT('Control Point',(32.0535971876,-64.1986584215,13.3708974481)) ;
#2527=CARTESIAN_POINT('Control Point',(31.9323793835,-64.1614504815,13.0690931208)) ;
#2528=CARTESIAN_POINT('Control Point',(31.5777793174,-64.0823771697,12.5318979185)) ;
#2529=CARTESIAN_POINT('Control Point',(31.0454807465,-64.0022741057,12.1740584926)) ;
#2530=CARTESIAN_POINT('Control Point',(30.7464319806,-63.9640352979,12.0517436646)) ;
#2531=CARTESIAN_POINT('Control Point',(30.4308808978,-63.9297034593,11.9927486685)) ;
#2532=CARTESIAN_POINT('Control Point',(30.1153350546,-63.9007878472,11.9967668623)) ;
#2533=CARTESIAN_POINT('Control Point',(32.2574631934,-62.9674247768,13.9957058928)) ;
#2534=CARTESIAN_POINT('Control Point',(32.2550703891,-62.9941516552,13.6818158071)) ;
#2535=CARTESIAN_POINT('Control Point',(32.1921292986,-63.0126275268,13.3679208969)) ;
#2536=CARTESIAN_POINT('Control Point',(32.0686773512,-63.0214334454,13.0700242987)) ;
#2537=CARTESIAN_POINT('Control Point',(31.7139480948,-63.0186850737,12.538030996)) ;
#2538=CARTESIAN_POINT('Control Point',(31.1886468014,-62.9774221926,12.1788050981)) ;
#2539=CARTESIAN_POINT('Control Point',(30.8945019637,-62.9476854403,12.0537983426)) ;
#2540=CARTESIAN_POINT('Control Point',(30.5845623185,-62.9104230478,11.9900798796)) ;
#2541=CARTESIAN_POINT('Control Point',(30.2746274345,-62.8678267931,11.9876860589)) ;
#2542=CARTESIAN_POINT('Control Point',(32.3692369005,-62.2200950256,13.8868321627)) ;
#2543=CARTESIAN_POINT('Control Point',(32.3611867021,-62.2766377025,13.5809342309)) ;
#2544=CARTESIAN_POINT('Control Point',(32.2942345726,-62.3236132179,13.2750319477)) ;
#2545=CARTESIAN_POINT('Control Point',(32.1687132132,-62.3581300411,12.9843334003)) ;
#2546=CARTESIAN_POINT('Control Point',(31.8136282787,-62.3985346174,12.463577137)) ;
#2547=CARTESIAN_POINT('Control Point',(31.2941829694,-62.3805056797,12.1074685545)) ;
#2548=CARTESIAN_POINT('Control Point',(31.0041903888,-62.3565483721,11.9815285517)) ;
#2549=CARTESIAN_POINT('Control Point',(30.6990193175,-62.318879726,11.9142683654)) ;
#2550=CARTESIAN_POINT('Control Point',(30.3938526001,-62.2699630413,11.9060305519)) ;
#2551=CARTESIAN_POINT('Control Point',(32.500421031,-61.4989917846,13.6825735472)) ;
#2552=CARTESIAN_POINT('Control Point',(32.4854752883,-61.5822310096,13.3888911984)) ;
#2553=CARTESIAN_POINT('Control Point',(32.4136635051,-61.6548190022,13.0952050383)) ;
#2554=CARTESIAN_POINT('Control Point',(32.2856450254,-61.7126830855,12.8156674884)) ;
#2555=CARTESIAN_POINT('Control Point',(31.9301271433,-61.7930517155,12.3130345921)) ;
#2556=CARTESIAN_POINT('Control Point',(31.4177117002,-61.7985533865,11.9641183813)) ;
#2557=CARTESIAN_POINT('Control Point',(31.132695944,-61.7815022185,11.8383950165)) ;
#2558=CARTESIAN_POINT('Control Point',(30.8332372392,-61.7454933623,11.7677486609)) ;
#2559=CARTESIAN_POINT('Control Point',(30.533782433,-61.6930807641,11.7528367685)) ;
#2560=CARTESIAN_POINT('Control Point',(32.6441462208,-60.8166474389,13.3914399597)) ;
#2561=CARTESIAN_POINT('Control Point',(32.6216963243,-60.9232297294,13.1131624324)) ;
#2562=CARTESIAN_POINT('Control Point',(32.5446408199,-61.0183115104,12.8348816306)) ;
#2563=CARTESIAN_POINT('Control Point',(32.4139579175,-61.0969146498,12.5695579963)) ;
#2564=CARTESIAN_POINT('Control Point',(32.058044856,-61.2135267811,12.0906088353)) ;
#2565=CARTESIAN_POINT('Control Point',(31.5532767889,-61.2422885015,11.7529007406)) ;
#2566=CARTESIAN_POINT('Control Point',(31.2736502461,-61.23298892,11.6289022737)) ;
#2567=CARTESIAN_POINT('Control Point',(30.9803680487,-61.2004592461,11.5557881613)) ;
#2568=CARTESIAN_POINT('Control Point',(30.6870893022,-61.1472052875,11.5344865779)) ;
#2570=CARTESIAN_POINT('Control Point',(32.0000000708,-66.9999998794,13.0954821859)) ;
#2571=CARTESIAN_POINT('Control Point',(32.0000003147,-66.5283852961,13.3511398869)) ;
#2572=CARTESIAN_POINT('Control Point',(32.0092686279,-66.0343096901,13.5631673984)) ;
#2573=CARTESIAN_POINT('Control Point',(32.0295702754,-65.5229560044,13.7281236138)) ;
#2574=CARTESIAN_POINT('Control Point',(32.1081266323,-64.2586253172,14.0078137014)) ;
#2575=CARTESIAN_POINT('Control Point',(32.2574631934,-62.9674247768,13.9957058928)) ;
#2576=CARTESIAN_POINT('Control Point',(32.3692369005,-62.2200950256,13.8868321627)) ;
#2577=CARTESIAN_POINT('Control Point',(32.500421031,-61.4989917846,13.6825735472)) ;
#2578=CARTESIAN_POINT('Control Point',(32.6441462208,-60.8166474389,13.3914399597)) ;
#2579=CARTESIAN_POINT('Vertex',(32.,-67.,13.0954821859)) ;
#2583=CARTESIAN_POINT('Control Point',(32.0000000708,-66.9999998794,13.0954821859)) ;
#2584=CARTESIAN_POINT('Control Point',(32.0000000495,-66.7153361993,12.5353475635)) ;
#2585=CARTESIAN_POINT('Control Point',(31.7539700327,-66.4304069251,11.974690332)) ;
#2586=CARTESIAN_POINT('Control Point',(31.2572233364,-66.2053526869,11.53184961)) ;
#2587=CARTESIAN_POINT('Control Point',(30.6283185984,-66.0938872266,11.3125182852)) ;
#2588=CARTESIAN_POINT('Control Point',(30.0000000845,-66.0938872134,11.312518264)) ;
#2589=CARTESIAN_POINT('Vertex',(30.0000000845,-66.0938872602,11.3125178114)) ;
#2593=CARTESIAN_POINT('Control Point',(30.0000000845,-66.0938872134,11.312518264)) ;
#2594=CARTESIAN_POINT('Control Point',(30.0000003639,-65.7165954859,11.5042615742)) ;
#2595=CARTESIAN_POINT('Control Point',(30.009886593,-65.3213348858,11.6632822571)) ;
#2596=CARTESIAN_POINT('Control Point',(30.031541641,-64.9122519588,11.786999334)) ;
#2597=CARTESIAN_POINT('Control Point',(30.1153350546,-63.9007878472,11.9967668623)) ;
#2598=CARTESIAN_POINT('Control Point',(30.2746274345,-62.8678267931,11.9876860589)) ;
#2599=CARTESIAN_POINT('Control Point',(30.3938526001,-62.2699630413,11.9060305519)) ;
#2600=CARTESIAN_POINT('Control Point',(30.533782433,-61.6930807641,11.7528367685)) ;
#2601=CARTESIAN_POINT('Control Point',(30.6870893022,-61.1472052875,11.5344865779)) ;
#2610=CARTESIAN_POINT('Axis2P3D Location',(30.,-63.3755493457,5.96362643258)) ;
#2615=CARTESIAN_POINT('Axis2P3D Location',(32.,-63.3755493457,5.96362643258)) ;
#2619=CARTESIAN_POINT('Vertex',(32.,-70.7930201616,8.96047923086)) ;
#2622=CARTESIAN_POINT('Axis2P3D Location',(30.,-70.7930201616,8.96047923086)) ;
#2626=CARTESIAN_POINT('Vertex',(30.,-68.9386524731,8.21126599308)) ;
#2629=CARTESIAN_POINT('Axis2P3D Location',(30.,-63.3755493457,5.96362643258)) ;
#2641=CARTESIAN_POINT('Axis2P3D Location',(30.,-69.7782401784,11.4721478264)) ;
#2646=CARTESIAN_POINT('Line Origine',(32.,-69.7782401784,11.4721478264)) ;
#2651=CARTESIAN_POINT('Line Origine',(30.,-67.9238724693,10.7229346396)) ;
#2663=CARTESIAN_POINT('Axis2P3D Location',(30.,63.3755493457,5.96362643258)) ;
#2668=CARTESIAN_POINT('Axis2P3D Location',(30.,70.793020211,8.96047910865)) ;
#2672=CARTESIAN_POINT('Vertex',(30.,68.9386524731,8.21126599308)) ;
#2674=CARTESIAN_POINT('Vertex',(32.,70.7930201822,8.96047917991)) ;
#2677=CARTESIAN_POINT('Axis2P3D Location',(32.,63.3755493457,5.96362643258)) ;
#2681=CARTESIAN_POINT('Vertex',(32.,67.,13.0954815527)) ;
#2684=CARTESIAN_POINT('Axis2P3D Location',(30.,67.,13.0954815527)) ;
#2688=CARTESIAN_POINT('Vertex',(30.,66.0938871769,11.3125178537)) ;
#2691=CARTESIAN_POINT('Axis2P3D Location',(30.,63.3755493457,5.96362643258)) ;
#2704=CARTESIAN_POINT('Control Point',(32.6441456363,60.8166515501,13.3914390193)) ;
#2705=CARTESIAN_POINT('Control Point',(32.6216958632,60.9232337477,13.113161464)) ;
#2706=CARTESIAN_POINT('Control Point',(32.5446404496,61.0183154369,12.8348806342)) ;
#2707=CARTESIAN_POINT('Control Point',(32.4139576004,61.0969184869,12.5695569806)) ;
#2708=CARTESIAN_POINT('Control Point',(32.0580445722,61.2135304484,12.0906078161)) ;
#2709=CARTESIAN_POINT('Control Point',(31.5532764183,61.2422920278,11.7528998056)) ;
#2710=CARTESIAN_POINT('Control Point',(31.2736498083,61.2329923856,11.6289014074)) ;
#2711=CARTESIAN_POINT('Control Point',(30.9803675315,61.200462664,11.5557873905)) ;
#2712=CARTESIAN_POINT('Control Point',(30.6870887049,61.1472086736,11.5344859245)) ;
#2713=CARTESIAN_POINT('Control Point',(32.4930008007,61.5342195573,13.6976056623)) ;
#2714=CARTESIAN_POINT('Control Point',(32.4784424259,61.6162535987,13.4031279673)) ;
#2715=CARTESIAN_POINT('Control Point',(32.4069013241,61.6876802579,13.108646433)) ;
#2716=CARTESIAN_POINT('Control Point',(32.2790203788,61.7444736083,12.828375019)) ;
#2717=CARTESIAN_POINT('Control Point',(31.9235228829,61.8229710452,12.3245193148)) ;
#2718=CARTESIAN_POINT('Control Point',(31.410712658,61.8272718761,11.975024369)) ;
#2719=CARTESIAN_POINT('Control Point',(31.1254186962,61.8098205357,11.8492119046)) ;
#2720=CARTESIAN_POINT('Control Point',(30.8256411446,61.7736320935,11.7786929028)) ;
#2721=CARTESIAN_POINT('Control Point',(30.5258675149,61.7212629781,11.7641108428)) ;
#2722=CARTESIAN_POINT('Control Point',(32.3557213641,62.2945656304,13.9076692288)) ;
#2723=CARTESIAN_POINT('Control Point',(32.3483822122,62.3483494212,13.6005182547)) ;
#2724=CARTESIAN_POINT('Control Point',(32.2819313508,62.3926782712,13.2933628733)) ;
#2725=CARTESIAN_POINT('Control Point',(32.1566676874,62.4247827366,13.001519938)) ;
#2726=CARTESIAN_POINT('Control Point',(31.8016277483,62.4610586019,12.4789074775)) ;
#2727=CARTESIAN_POINT('Control Point',(31.2814577201,62.4406003522,12.1220684975)) ;
#2728=CARTESIAN_POINT('Control Point',(30.9909519705,62.4159308747,11.9961112885)) ;
#2729=CARTESIAN_POINT('Control Point',(30.685191849,62.3780926397,11.9292046904)) ;
#2730=CARTESIAN_POINT('Control Point',(30.3794361256,62.3295396418,11.9216585281)) ;
#2731=CARTESIAN_POINT('Control Point',(32.2402865244,63.0836335346,14.0118032432)) ;
#2732=CARTESIAN_POINT('Control Point',(32.2387594358,63.1057016906,13.6967116652)) ;
#2733=CARTESIAN_POINT('Control Point',(32.1764322107,63.1197253276,13.3816151904)) ;
#2734=CARTESIAN_POINT('Control Point',(32.0532969035,63.1245172708,13.0826376086)) ;
#2735=CARTESIAN_POINT('Control Point',(31.6986215615,63.1150405945,12.5489617165)) ;
#2736=CARTESIAN_POINT('Control Point',(31.1724227537,63.0701774758,12.1892844344)) ;
#2737=CARTESIAN_POINT('Control Point',(30.8776415892,63.039556812,12.064429671)) ;
#2738=CARTESIAN_POINT('Control Point',(30.5669711893,63.0023800707,12.0012581146)) ;
#2739=CARTESIAN_POINT('Control Point',(30.2563056149,62.9607946306,11.999759043)) ;
#2740=CARTESIAN_POINT('Control Point',(32.0974258965,64.3769260816,13.996940564)) ;
#2741=CARTESIAN_POINT('Control Point',(32.1017248693,64.3447341011,13.6786966881)) ;
#2742=CARTESIAN_POINT('Control Point',(32.0434826547,64.3070432831,13.3604475046)) ;
#2743=CARTESIAN_POINT('Control Point',(31.9223776226,64.2655189367,13.0588662957)) ;
#2744=CARTESIAN_POINT('Control Point',(31.5677558813,64.1793412742,12.5221626958)) ;
#2745=CARTESIAN_POINT('Control Point',(31.0350294833,64.0957622802,12.1649110018)) ;
#2746=CARTESIAN_POINT('Control Point',(30.7356866667,64.0568383068,12.0429158572)) ;
#2747=CARTESIAN_POINT('Control Point',(30.4198011817,64.0229157342,11.9842579597)) ;
#2748=CARTESIAN_POINT('Control Point',(30.1039209632,63.995427912,11.9886120296)) ;
#2749=CARTESIAN_POINT('Control Point',(32.025272422,65.635162164,13.6911042812)) ;
#2750=CARTESIAN_POINT('Control Point',(32.0296691413,65.5494199353,13.3849336962)) ;
#2751=CARTESIAN_POINT('Control Point',(31.97135345,65.4608222552,13.0787579995)) ;
#2752=CARTESIAN_POINT('Control Point',(31.8499970759,65.3738594511,12.7886225009)) ;
#2753=CARTESIAN_POINT('Control Point',(31.4945480843,65.2127606482,12.2723070748)) ;
#2754=CARTESIAN_POINT('Control Point',(30.9604756602,65.0920174604,11.9286776921)) ;
#2755=CARTESIAN_POINT('Control Point',(30.6603622159,65.0454404851,11.8113574346)) ;
#2756=CARTESIAN_POINT('Control Point',(30.3436570872,65.0152187243,11.7549823033)) ;
#2757=CARTESIAN_POINT('Control Point',(30.0269572459,65.0020172476,11.75923482)) ;
#2758=CARTESIAN_POINT('Control Point',(32.0079607233,66.106705203,13.5318207121)) ;
#2759=CARTESIAN_POINT('Control Point',(32.011553753,66.0010207422,13.2324784685)) ;
#2760=CARTESIAN_POINT('Control Point',(31.9525970978,65.8934793605,12.9331312782)) ;
#2761=CARTESIAN_POINT('Control Point',(31.830806769,65.7896073614,12.649413259)) ;
#2762=CARTESIAN_POINT('Control Point',(31.4749076916,65.6005915573,12.14429535)) ;
#2763=CARTESIAN_POINT('Control Point',(30.9410804814,65.465867905,11.8075036748)) ;
#2764=CARTESIAN_POINT('Control Point',(30.6412297437,65.416328585,11.6922369817)) ;
#2765=CARTESIAN_POINT('Control Point',(30.324857949,65.3873274542,11.636415219)) ;
#2766=CARTESIAN_POINT('Control Point',(30.0084913867,65.3792517535,11.6397720512)) ;
#2767=CARTESIAN_POINT('Control Point',(32.0000034037,66.5629944862,13.3323919091)) ;
#2768=CARTESIAN_POINT('Control Point',(32.0020763481,66.4383700235,13.0418446741)) ;
#2769=CARTESIAN_POINT('Control Point',(31.9419602483,66.312845176,12.7512927252)) ;
#2770=CARTESIAN_POINT('Control Point',(31.8194533566,66.1928970876,12.4758174397)) ;
#2771=CARTESIAN_POINT('Control Point',(31.4630009608,65.9772199826,11.9849843797)) ;
#2772=CARTESIAN_POINT('Control Point',(30.9300758102,65.8287903248,11.6566392209)) ;
#2773=CARTESIAN_POINT('Control Point',(30.6309665147,65.776139236,11.5437711512)) ;
#2774=CARTESIAN_POINT('Control Point',(30.3154824765,65.7479203145,11.4883524148)) ;
#2775=CARTESIAN_POINT('Control Point',(30.0000035625,65.7442831846,11.4902004119)) ;
#2776=CARTESIAN_POINT('Control Point',(32.0000024917,66.9999991025,13.0954937263)) ;
#2777=CARTESIAN_POINT('Control Point',(32.0000022346,66.8576674004,12.815426074)) ;
#2778=CARTESIAN_POINT('Control Point',(31.9383308586,66.7153334415,12.5353539847)) ;
#2779=CARTESIAN_POINT('Control Point',(31.8148956771,66.5803256568,12.2696976924)) ;
#2780=CARTESIAN_POINT('Control Point',(31.4578235499,66.339524354,11.7958703473)) ;
#2781=CARTESIAN_POINT('Control Point',(30.9263192309,66.1777506242,11.4775464354)) ;
#2782=CARTESIAN_POINT('Control Point',(30.6283257378,66.1218275518,11.36750601)) ;
#2783=CARTESIAN_POINT('Control Point',(30.3141616765,66.0938869507,11.3125270012)) ;
#2784=CARTESIAN_POINT('Control Point',(30.0000025941,66.0938868288,11.3125267801)) ;
#2786=CARTESIAN_POINT('Control Point',(32.6441456363,60.8166515501,13.3914390193)) ;
#2787=CARTESIAN_POINT('Control Point',(32.6095369986,60.9809578665,13.4615440307)) ;
#2788=CARTESIAN_POINT('Control Point',(32.57565683,61.1475053543,13.5266090158)) ;
#2789=CARTESIAN_POINT('Control Point',(32.5425993963,61.3161240166,13.5865169462)) ;
#2790=CARTESIAN_POINT('Control Point',(32.4022063932,62.0607774406,13.825147948)) ;
#2791=CARTESIAN_POINT('Control Point',(32.2806930424,62.8377830821,13.9614389204)) ;
#2792=CARTESIAN_POINT('Control Point',(32.2013503083,63.4482317064,14.0017914866)) ;
#2793=CARTESIAN_POINT('Control Point',(32.0872285633,64.5546591155,13.9537520227)) ;
#2794=CARTESIAN_POINT('Control Point',(32.0252776611,65.6351444629,13.6910984476)) ;
#2795=CARTESIAN_POINT('Control Point',(32.0079607233,66.106705203,13.5318207121)) ;
#2796=CARTESIAN_POINT('Control Point',(32.0000034037,66.5629944862,13.3323919091)) ;
#2797=CARTESIAN_POINT('Control Point',(32.0000024917,66.9999991025,13.0954937263)) ;
#2798=CARTESIAN_POINT('Vertex',(32.644145557,60.8166505904,13.3914390193)) ;
#2802=CARTESIAN_POINT('Control Point',(32.6441456363,60.8166515501,13.3914390193)) ;
#2803=CARTESIAN_POINT('Control Point',(32.5992460901,61.0298159454,12.8348839087)) ;
#2804=CARTESIAN_POINT('Control Point',(32.3363834936,61.1972253676,12.2779400196)) ;
#2805=CARTESIAN_POINT('Control Point',(31.860613745,61.2775853597,11.8265059846)) ;
#2806=CARTESIAN_POINT('Control Point',(31.273646358,61.2537166543,11.5770888565)) ;
#2807=CARTESIAN_POINT('Control Point',(30.6870887049,61.1472086736,11.5344859245)) ;
#2808=CARTESIAN_POINT('Vertex',(30.6870887049,61.1472052875,11.5344865779)) ;
#2812=CARTESIAN_POINT('Control Point',(30.6870887049,61.1472086736,11.5344859245)) ;
#2813=CARTESIAN_POINT('Control Point',(30.6501728174,61.2786537036,11.5870646684)) ;
#2814=CARTESIAN_POINT('Control Point',(30.6140339631,61.4118916664,11.6358633918)) ;
#2815=CARTESIAN_POINT('Control Point',(30.5787726936,61.5467865691,11.680794326)) ;
#2816=CARTESIAN_POINT('Control Point',(30.4290201385,62.1425092235,11.8597675414)) ;
#2817=CARTESIAN_POINT('Control Point',(30.2994059597,62.7641140222,11.9619858917)) ;
#2818=CARTESIAN_POINT('Control Point',(30.2147736387,63.2524729406,11.9922501937)) ;
#2819=CARTESIAN_POINT('Control Point',(30.0930438198,64.1376144361,11.9562206489)) ;
#2820=CARTESIAN_POINT('Control Point',(30.0269628233,65.0020030619,11.7592304248)) ;
#2821=CARTESIAN_POINT('Control Point',(30.0084913867,65.3792517535,11.6397720512)) ;
#2822=CARTESIAN_POINT('Control Point',(30.0000035625,65.7442831846,11.4902004119)) ;
#2823=CARTESIAN_POINT('Control Point',(30.0000025941,66.0938868288,11.3125267801)) ;
#2833=CARTESIAN_POINT('Control Point',(32.6441463626,60.8166461265,13.391439454)) ;
#2834=CARTESIAN_POINT('Control Point',(32.5992465501,61.0298107377,12.8348844075)) ;
#2835=CARTESIAN_POINT('Control Point',(32.3358849716,61.1969597774,12.2783293611)) ;
#2836=CARTESIAN_POINT('Control Point',(31.8602043993,61.2773048952,11.826979871)) ;
#2837=CARTESIAN_POINT('Control Point',(31.2736469147,61.2537119541,11.5770892521)) ;
#2838=CARTESIAN_POINT('Control Point',(30.6870894324,61.1472040233,11.5344860722)) ;
#2839=CARTESIAN_POINT('Control Point',(32.8608794316,59.7876926914,12.9524193013)) ;
#2840=CARTESIAN_POINT('Control Point',(32.8091793411,59.9960961776,12.400077075)) ;
#2841=CARTESIAN_POINT('Control Point',(32.5443661989,60.1516136705,11.8477348488)) ;
#2842=CARTESIAN_POINT('Control Point',(32.0738454387,60.2150073372,11.3979489503)) ;
#2843=CARTESIAN_POINT('Control Point',(31.496058407,60.173079035,11.1448360817)) ;
#2844=CARTESIAN_POINT('Control Point',(30.9182713771,60.0496536415,11.0954659195)) ;
#2845=CARTESIAN_POINT('Control Point',(33.1229709255,58.7669248247,12.5168916546)) ;
#2846=CARTESIAN_POINT('Control Point',(33.0648617838,58.9700474565,11.9686306809)) ;
#2847=CARTESIAN_POINT('Control Point',(32.7991918343,59.1137882447,11.4203697072)) ;
#2848=CARTESIAN_POINT('Control Point',(32.3344974128,59.1605139227,10.9721113021)) ;
#2849=CARTESIAN_POINT('Control Point',(31.7661665291,59.1007261676,10.715894931)) ;
#2850=CARTESIAN_POINT('Control Point',(31.1978356461,58.9608345249,10.6599382728)) ;
#2851=CARTESIAN_POINT('Control Point',(33.4301680257,57.7566728368,12.0858507849)) ;
#2852=CARTESIAN_POINT('Control Point',(33.3660944652,57.954043554,11.5415380075)) ;
#2853=CARTESIAN_POINT('Control Point',(33.1001812909,58.0859105574,10.99722523)) ;
#2854=CARTESIAN_POINT('Control Point',(32.6419622563,58.1162808505,10.5504562699)) ;
#2855=CARTESIAN_POINT('Control Point',(32.0837374125,58.0391254748,10.2912546475)) ;
#2856=CARTESIAN_POINT('Control Point',(31.525512568,57.8832323506,10.2288974031)) ;
#2857=CARTESIAN_POINT('Control Point',(33.7821174337,56.759258531,11.660287357)) ;
#2858=CARTESIAN_POINT('Control Point',(33.7125692425,56.950460868,11.1197889823)) ;
#2859=CARTESIAN_POINT('Control Point',(33.4470395093,57.0704062968,10.5792906075)) ;
#2860=CARTESIAN_POINT('Control Point',(32.9959275623,57.0847609863,10.1339713727)) ;
#2861=CARTESIAN_POINT('Control Point',(32.448426414,56.99074282,9.87190158246)) ;
#2862=CARTESIAN_POINT('Control Point',(31.9009252654,56.819323781,9.80333397526)) ;
#2863=CARTESIAN_POINT('Control Point',(34.178321037,55.777069892,11.2412202214)) ;
#2864=CARTESIAN_POINT('Control Point',(34.1038247643,55.961746363,10.7044018257)) ;
#2865=CARTESIAN_POINT('Control Point',(33.8393127551,56.0697727753,10.1675834299)) ;
#2866=CARTESIAN_POINT('Control Point',(33.3959218246,56.0684785527,9.72367261279)) ;
#2867=CARTESIAN_POINT('Control Point',(32.8597321258,55.9581149562,9.45885045834)) ;
#2868=CARTESIAN_POINT('Control Point',(32.3235424282,55.7716559419,9.38426683963)) ;
#2870=CARTESIAN_POINT('Control Point',(32.6441463626,60.8166461265,13.391439454)) ;
#2871=CARTESIAN_POINT('Control Point',(32.7943341283,60.1036205686,13.0872152018)) ;
#2872=CARTESIAN_POINT('Control Point',(32.9663028389,59.3945256898,12.7846680379)) ;
#2873=CARTESIAN_POINT('Control Point',(33.1599693904,58.6901348224,12.4841279198)) ;
#2874=CARTESIAN_POINT('Control Point',(33.4705998469,57.6815526313,12.0537995041)) ;
#2875=CARTESIAN_POINT('Control Point',(33.8259024675,56.6860151562,11.6290368543)) ;
#2876=CARTESIAN_POINT('Control Point',(33.9391934337,56.3816448596,11.4991721978)) ;
#2877=CARTESIAN_POINT('Control Point',(34.0566709331,56.0786405223,11.3698903517)) ;
#2878=CARTESIAN_POINT('Control Point',(34.1783203716,55.7770715415,11.2412209251)) ;
#2879=CARTESIAN_POINT('Vertex',(34.1783199665,55.7770716783,11.2412202214)) ;
#2883=CARTESIAN_POINT('Control Point',(34.178321037,55.777069892,11.2412202214)) ;
#2884=CARTESIAN_POINT('Control Point',(34.0852006961,56.0079154807,10.5701972267)) ;
#2885=CARTESIAN_POINT('Control Point',(33.6702427215,56.1114289849,9.8929408845)) ;
#2886=CARTESIAN_POINT('Control Point',(32.9937795502,56.0047297098,9.47749636302)) ;
#2887=CARTESIAN_POINT('Control Point',(32.3235424282,55.7716559419,9.38426683963)) ;
#2888=CARTESIAN_POINT('Vertex',(32.3235424282,55.7716559419,9.38426683963)) ;
#2892=CARTESIAN_POINT('Control Point',(30.6870894324,61.1472040233,11.5344860722)) ;
#2893=CARTESIAN_POINT('Control Point',(30.8472897189,60.3866433929,11.23026182)) ;
#2894=CARTESIAN_POINT('Control Point',(31.0307230154,59.6302754831,10.9277146561)) ;
#2895=CARTESIAN_POINT('Control Point',(31.2373006771,58.8789251879,10.627174538)) ;
#2896=CARTESIAN_POINT('Control Point',(31.5686399506,57.8031037872,10.1968459778)) ;
#2897=CARTESIAN_POINT('Control Point',(31.9476295521,56.7411968108,9.77208318721)) ;
#2898=CARTESIAN_POINT('Control Point',(32.068473389,56.4165348175,9.64221838988)) ;
#2899=CARTESIAN_POINT('Control Point',(32.19378287,56.0933298536,9.5129364043)) ;
#2900=CARTESIAN_POINT('Control Point',(32.3235424282,55.7716559419,9.38426683963)) ;
#2910=CARTESIAN_POINT('Control Point',(36.583546749,51.0624999124,3.81340647513)) ;
#2911=CARTESIAN_POINT('Control Point',(36.3687685394,51.4050191739,3.81340648997)) ;
#2912=CARTESIAN_POINT('Control Point',(36.0674424739,51.6932682175,3.81340650481)) ;
#2913=CARTESIAN_POINT('Control Point',(35.6976933584,51.8978442447,3.81340651838)) ;
#2914=CARTESIAN_POINT('Control Point',(35.2934049453,51.9999999398,3.81340652944)) ;
#2915=CARTESIAN_POINT('Control Point',(34.8891165322,51.9999999298,3.81340653732)) ;
#2916=CARTESIAN_POINT('Control Point',(36.5835463185,51.0624989599,4.52726540784)) ;
#2917=CARTESIAN_POINT('Control Point',(36.3687681843,51.4050183753,4.48468402763)) ;
#2918=CARTESIAN_POINT('Control Point',(36.0674421417,51.6932675373,4.44210264742)) ;
#2919=CARTESIAN_POINT('Control Point',(35.6976930005,51.897843617,4.40315909361)) ;
#2920=CARTESIAN_POINT('Control Point',(35.2934045368,51.9999992817,4.37142214681)) ;
#2921=CARTESIAN_POINT('Control Point',(34.8891160732,51.999999168,4.34880078961)) ;
#2922=CARTESIAN_POINT('Control Point',(36.5367341062,51.1371379401,5.2409443828)) ;
#2923=CARTESIAN_POINT('Control Point',(36.3239924816,51.4786506614,5.15579449688)) ;
#2924=CARTESIAN_POINT('Control Point',(36.0229701743,51.7651613446,5.07064461096)) ;
#2925=CARTESIAN_POINT('Control Point',(35.6519413674,51.9668106835,4.9927685042)) ;
#2926=CARTESIAN_POINT('Control Point',(35.2455622102,52.0647575867,4.92930180836)) ;
#2927=CARTESIAN_POINT('Control Point',(34.8391830528,52.0597103675,4.88406027752)) ;
#2928=CARTESIAN_POINT('Control Point',(36.4430340749,51.2865075759,5.93710600223)) ;
#2929=CARTESIAN_POINT('Control Point',(36.2343533876,51.6259954671,5.80970783188)) ;
#2930=CARTESIAN_POINT('Control Point',(35.9339330163,51.9090175631,5.68230966154)) ;
#2931=CARTESIAN_POINT('Control Point',(35.5603468363,52.1048105285,5.56613386413)) ;
#2932=CARTESIAN_POINT('Control Point',(35.1497916364,52.1943466715,5.47217617048)) ;
#2933=CARTESIAN_POINT('Control Point',(34.7392364313,52.1792062889,5.4061813963)) ;
#2934=CARTESIAN_POINT('Control Point',(36.0762727833,51.8859530656,7.77845190605)) ;
#2935=CARTESIAN_POINT('Control Point',(35.8842820205,52.2161080887,7.53543983803)) ;
#2936=CARTESIAN_POINT('Control Point',(35.5866321955,52.4842822465,7.29242777002)) ;
#2937=CARTESIAN_POINT('Control Point',(35.2028482465,52.6562557845,7.0732336496)) ;
#2938=CARTESIAN_POINT('Control Point',(34.7754361949,52.7125840394,6.90111096897)) ;
#2939=CARTESIAN_POINT('Control Point',(34.3480241524,52.6587620491,6.78719021246)) ;
#2940=CARTESIAN_POINT('Control Point',(35.474349339,52.9500364591,9.32166038921)) ;
#2941=CARTESIAN_POINT('Control Point',(35.313492825,53.255842279,8.96804812597)) ;
#2942=CARTESIAN_POINT('Control Point',(35.022517582,53.4919443145,8.61443586272)) ;
#2943=CARTESIAN_POINT('Control Point',(34.6211488614,53.6197988087,8.30304452353)) ;
#2944=CARTESIAN_POINT('Control Point',(34.1635608852,53.6213257469,8.07462495157)) ;
#2945=CARTESIAN_POINT('Control Point',(33.7059728929,53.51002988,7.94459765589)) ;
#2946=CARTESIAN_POINT('Control Point',(35.0419368172,53.7778400684,10.1442356985)) ;
#2947=CARTESIAN_POINT('Control Point',(34.9063365161,54.0590692999,9.7228667604)) ;
#2948=CARTESIAN_POINT('Control Point',(34.6217964061,54.2660932629,9.30149782232)) ;
#2949=CARTESIAN_POINT('Control Point',(34.2071370716,54.3582957461,8.93728365992)) ;
#2950=CARTESIAN_POINT('Control Point',(33.7259347294,54.3201775786,8.6849593741)) ;
#2951=CARTESIAN_POINT('Control Point',(33.2447324021,54.1722714432,8.56152798146)) ;
#2952=CARTESIAN_POINT('Control Point',(34.6005331669,54.7304072036,10.79462064)) ;
#2953=CARTESIAN_POINT('Control Point',(34.4949646297,54.9720892036,10.3098001275)) ;
#2954=CARTESIAN_POINT('Control Point',(34.2197337646,55.1370197479,9.82497961501)) ;
#2955=CARTESIAN_POINT('Control Point',(33.7906106453,55.1857892412,9.41530698384)) ;
#2956=CARTESIAN_POINT('Control Point',(33.2822563794,55.1089042586,9.15165707646)) ;
#2957=CARTESIAN_POINT('Control Point',(32.7739021081,54.9343259597,9.04931727428)) ;
#2958=CARTESIAN_POINT('Control Point',(34.1783185163,55.7770794236,11.2412044495)) ;
#2959=CARTESIAN_POINT('Control Point',(34.1038234095,55.9617559829,10.7043865139)) ;
#2960=CARTESIAN_POINT('Control Point',(33.839311922,56.0697822954,10.1675685783)) ;
#2961=CARTESIAN_POINT('Control Point',(33.3959206949,56.0684876554,9.72365845635)) ;
#2962=CARTESIAN_POINT('Control Point',(32.8597302493,55.958123406,9.45883740811)) ;
#2963=CARTESIAN_POINT('Control Point',(32.3235397992,55.7716637308,9.3842551097)) ;
#2965=CARTESIAN_POINT('Control Point',(36.583546749,51.0624999124,3.81340647513)) ;
#2966=CARTESIAN_POINT('Control Point',(36.5835463185,51.0624989599,4.52726540784)) ;
#2967=CARTESIAN_POINT('Control Point',(36.5367341062,51.1371379401,5.2409443828)) ;
#2968=CARTESIAN_POINT('Control Point',(36.4431439191,51.2863133592,5.93703044071)) ;
#2969=CARTESIAN_POINT('Control Point',(36.1541600545,51.7586691159,7.3868535027)) ;
#2970=CARTESIAN_POINT('Control Point',(35.7199410218,52.5180916035,8.6515284936)) ;
#2971=CARTESIAN_POINT('Control Point',(35.4559032339,53.0021674283,9.26985855188)) ;
#2972=CARTESIAN_POINT('Control Point',(35.0370853426,53.8211304274,10.0877539205)) ;
#2973=CARTESIAN_POINT('Control Point',(34.6056460319,54.7634832267,10.7282597943)) ;
#2974=CARTESIAN_POINT('Control Point',(34.4617710089,55.0901380739,10.9211175678)) ;
#2975=CARTESIAN_POINT('Control Point',(34.3189515845,55.4284494454,11.0924542714)) ;
#2976=CARTESIAN_POINT('Control Point',(34.1783196072,55.7770767192,11.2412032956)) ;
#2977=CARTESIAN_POINT('Vertex',(36.5835468141,51.0624999624,3.81340647513)) ;
#2981=CARTESIAN_POINT('Control Point',(36.583546749,51.0624999124,3.81340647513)) ;
#2982=CARTESIAN_POINT('Control Point',(36.3150739869,51.4906489893,3.81340649368)) ;
#2983=CARTESIAN_POINT('Control Point',(35.9011497288,51.8291408551,3.81340651227)) ;
#2984=CARTESIAN_POINT('Control Point',(35.3944770486,51.9999999423,3.81340652747)) ;
#2985=CARTESIAN_POINT('Control Point',(34.8891165322,51.9999999298,3.81340653732)) ;
#2986=CARTESIAN_POINT('Vertex',(34.8891165322,52.,3.81340669432)) ;
#2990=CARTESIAN_POINT('Control Point',(34.8891165322,51.9999999298,3.81340653732)) ;
#2991=CARTESIAN_POINT('Control Point',(34.8891160732,51.999999168,4.34880078961)) ;
#2992=CARTESIAN_POINT('Control Point',(34.8391830528,52.0597103675,4.88406027752)) ;
#2993=CARTESIAN_POINT('Control Point',(34.7393535898,52.179050886,5.40612472687)) ;
#2994=CARTESIAN_POINT('Control Point',(34.4311039684,52.5569350587,6.49349153805)) ;
#2995=CARTESIAN_POINT('Control Point',(33.9679371957,53.1644735587,7.44199835324)) ;
#2996=CARTESIAN_POINT('Control Point',(33.6862968973,53.5517342431,7.90574579696)) ;
#2997=CARTESIAN_POINT('Control Point',(33.2395577279,54.2069040652,8.51916689081)) ;
#2998=CARTESIAN_POINT('Control Point',(32.7793559738,54.9607863649,8.99954638588)) ;
#2999=CARTESIAN_POINT('Control Point',(32.6258893916,55.2221101586,9.14418969046)) ;
#3000=CARTESIAN_POINT('Control Point',(32.4735487638,55.4927591218,9.27269218521)) ;
#3001=CARTESIAN_POINT('Control Point',(32.323541398,55.7716607583,9.38425392068)) ;
#3010=CARTESIAN_POINT('Axis2P3D Location',(34.8891165765,50.,22.8042363465)) ;
#3015=CARTESIAN_POINT('Line Origine',(36.5835467905,51.0625,22.8042363465)) ;
#3019=CARTESIAN_POINT('Vertex',(36.5835467905,51.0625,0.582307810035)) ;
#3022=CARTESIAN_POINT('Axis2P3D Location',(34.8891165765,50.,0.582307810035)) ;
#3026=CARTESIAN_POINT('Vertex',(34.8891165765,52.,0.582307810035)) ;
#3029=CARTESIAN_POINT('Line Origine',(34.8891165765,52.,22.8042363465)) ;
#3042=CARTESIAN_POINT('Control Point',(32.5372423432,61.3479375221,-6.84551478184)) ;
#3043=CARTESIAN_POINT('Control Point',(32.5598482564,61.2300970801,-6.54007251042)) ;
#3044=CARTESIAN_POINT('Control Point',(32.5163699786,61.0995767022,-6.23462396807)) ;
#3045=CARTESIAN_POINT('Control Point',(32.4054190969,60.9629763128,-5.94633481268)) ;
#3046=CARTESIAN_POINT('Control Point',(32.0616996432,60.6937602434,-5.43814117601)) ;
#3047=CARTESIAN_POINT('Control Point',(31.524160827,60.4606578342,-5.11318596226)) ;
#3048=CARTESIAN_POINT('Control Point',(31.2192246755,60.3602020178,-5.00829207994)) ;
#3049=CARTESIAN_POINT('Control Point',(30.896138283,60.2817800075,-4.96718735401)) ;
#3050=CARTESIAN_POINT('Control Point',(30.5730585228,60.2283499255,-4.98855916764)) ;
#3051=CARTESIAN_POINT('Control Point',(32.7827276095,60.0683175462,-7.39153045995)) ;
#3052=CARTESIAN_POINT('Control Point',(32.7996258168,60.0078850242,-7.06702839544)) ;
#3053=CARTESIAN_POINT('Control Point',(32.7523063454,59.932156179,-6.74252003977)) ;
#3054=CARTESIAN_POINT('Control Point',(32.6397349278,59.8443683881,-6.43589882603)) ;
#3055=CARTESIAN_POINT('Control Point',(32.2971320046,59.6547151584,-5.89395160485)) ;
#3056=CARTESIAN_POINT('Control Point',(31.7678835492,59.4580502396,-5.54345712064)) ;
#3057=CARTESIAN_POINT('Control Point',(31.46851322,59.3632435677,-5.42844648694)) ;
#3058=CARTESIAN_POINT('Control Point',(31.1517083137,59.2774416972,-5.3803461844)) ;
#3059=CARTESIAN_POINT('Control Point',(30.834909517,59.2046537213,-5.39807098205)) ;
#3060=CARTESIAN_POINT('Control Point',(33.1201444147,58.6822425393,-7.61920677339)) ;
#3061=CARTESIAN_POINT('Control Point',(33.1249034319,58.6824908637,-7.29327886114)) ;
#3062=CARTESIAN_POINT('Control Point',(33.0690438911,58.6650107779,-6.96734549835)) ;
#3063=CARTESIAN_POINT('Control Point',(32.9522761494,58.6294692621,-6.65857739036)) ;
#3064=CARTESIAN_POINT('Control Point',(32.6098628452,58.5256417355,-6.10948351652)) ;
#3065=CARTESIAN_POINT('Control Point',(32.0949700521,58.3695045773,-5.74516722156)) ;
#3066=CARTESIAN_POINT('Control Point',(31.8055951298,58.2816075228,-5.62131467995)) ;
#3067=CARTESIAN_POINT('Control Point',(31.5002054023,58.1887036071,-5.56265877591)) ;
#3068=CARTESIAN_POINT('Control Point',(31.1948207156,58.0957945638,-5.56882817363)) ;
#3069=CARTESIAN_POINT('Control Point',(33.5572790352,57.307803079,-7.49148572316)) ;
#3070=CARTESIAN_POINT('Control Point',(33.5430236808,57.3590555602,-7.18476839528)) ;
#3071=CARTESIAN_POINT('Control Point',(33.4737425883,57.3911405082,-6.87804730015)) ;
#3072=CARTESIAN_POINT('Control Point',(33.3501978765,57.401253596,-6.58602825846)) ;
#3073=CARTESIAN_POINT('Control Point',(33.0072237953,57.3759271018,-6.06064829301)) ;
#3074=CARTESIAN_POINT('Control Point',(32.5131336135,57.2653801344,-5.69530146845)) ;
#3075=CARTESIAN_POINT('Control Point',(32.2383803155,57.1902148731,-5.56341249518)) ;
#3076=CARTESIAN_POINT('Control Point',(31.9497370697,57.0988368156,-5.48903708644)) ;
#3077=CARTESIAN_POINT('Control Point',(31.661097426,56.9962416425,-5.4730369252)) ;
#3078=CARTESIAN_POINT('Control Point',(34.3183714217,55.3364888582,-6.84437729737)) ;
#3079=CARTESIAN_POINT('Control Point',(34.2748155474,55.4446879516,-6.58147889815)) ;
#3080=CARTESIAN_POINT('Control Point',(34.1856245381,55.5332850498,-6.31857855629)) ;
#3081=CARTESIAN_POINT('Control Point',(34.0526785162,55.5976109913,-6.0663095794)) ;
#3082=CARTESIAN_POINT('Control Point',(33.7107784173,55.6718122431,-5.60422035393)) ;
#3083=CARTESIAN_POINT('Control Point',(33.2500191136,55.6349957065,-5.25969399725)) ;
#3084=CARTESIAN_POINT('Control Point',(32.9981612475,55.5882515644,-5.12503886413)) ;
#3085=CARTESIAN_POINT('Control Point',(32.7355444382,55.5150207907,-5.0337285827)) ;
#3086=CARTESIAN_POINT('Control Point',(32.4729296342,55.4191915432,-4.98770625126)) ;
#3087=CARTESIAN_POINT('Control Point',(35.0917163105,53.7131607367,-5.59140282225)) ;
#3088=CARTESIAN_POINT('Control Point',(35.0230326046,53.8531881889,-5.38570067119)) ;
#3089=CARTESIAN_POINT('Control Point',(34.9175557852,53.9749382617,-5.17999761412)) ;
#3090=CARTESIAN_POINT('Control Point',(34.77764989,54.0735593355,-4.98125655975)) ;
#3091=CARTESIAN_POINT('Control Point',(34.4388963399,54.2174704694,-4.61158695148)) ;
#3092=CARTESIAN_POINT('Control Point',(34.0086029421,54.2486096499,-4.31992870313)) ;
#3093=CARTESIAN_POINT('Control Point',(33.7771282504,54.2344221127,-4.19922319261)) ;
#3094=CARTESIAN_POINT('Control Point',(33.5374789143,54.1909302948,-4.10788817112)) ;
#3095=CARTESIAN_POINT('Control Point',(33.2978306657,54.1205283353,-4.04797503577)) ;
#3096=CARTESIAN_POINT('Control Point',(35.3616511496,53.1849631212,-5.0723296128)) ;
#3097=CARTESIAN_POINT('Control Point',(35.2849169399,53.3334825028,-4.88805599697)) ;
#3098=CARTESIAN_POINT('Control Point',(35.1743494608,53.4643697797,-4.70378172378)) ;
#3099=CARTESIAN_POINT('Control Point',(35.0323956386,53.5728673004,-4.52529086648)) ;
#3100=CARTESIAN_POINT('Control Point',(34.6950318652,53.7379122201,-4.19141710416)) ;
#3101=CARTESIAN_POINT('Control Point',(34.2748533172,53.7920105347,-3.92266349408)) ;
#3102=CARTESIAN_POINT('Control Point',(34.0500619011,53.7895304492,-3.80931041496)) ;
#3103=CARTESIAN_POINT('Control Point',(33.8179110847,53.7575598693,-3.72066099724)) ;
#3104=CARTESIAN_POINT('Control Point',(33.5857611213,53.6979702282,-3.65866992473)) ;
#3105=CARTESIAN_POINT('Control Point',(35.9143497001,52.161124253,-3.79589039941)) ;
#3106=CARTESIAN_POINT('Control Point',(35.8223129798,52.3236062093,-3.65990663067)) ;
#3107=CARTESIAN_POINT('Control Point',(35.7022634118,52.470025836,-3.52392260112)) ;
#3108=CARTESIAN_POINT('Control Point',(35.5567025874,52.5959744812,-3.39146428347)) ;
#3109=CARTESIAN_POINT('Control Point',(35.2226100516,52.7998965643,-3.14064038476)) ;
#3110=CARTESIAN_POINT('Control Point',(34.8223053702,52.8995429039,-2.92999661301)) ;
#3111=CARTESIAN_POINT('Control Point',(34.6105197079,52.9211951784,-2.83772554937)) ;
#3112=CARTESIAN_POINT('Control Point',(34.3929128572,52.9140162958,-2.76098110262)) ;
#3113=CARTESIAN_POINT('Control Point',(34.175306471,52.8788997205,-2.70134124055)) ;
#3114=CARTESIAN_POINT('Control Point',(36.3319455021,51.4635537616,-2.24139477845)) ;
#3115=CARTESIAN_POINT('Control Point',(36.230011892,51.6321080087,-2.15630360584)) ;
#3116=CARTESIAN_POINT('Control Point',(36.1041185869,51.7861122058,-2.07121232067)) ;
#3117=CARTESIAN_POINT('Control Point',(35.9566518933,51.9216183487,-1.98803359856)) ;
#3118=CARTESIAN_POINT('Control Point',(35.6256219665,52.1491392828,-1.82932204962)) ;
#3119=CARTESIAN_POINT('Control Point',(35.2391565852,52.2812360309,-1.69254485076)) ;
#3120=CARTESIAN_POINT('Control Point',(35.0362460941,52.3213035522,-1.63130356506)) ;
#3121=CARTESIAN_POINT('Control Point',(34.8284937546,52.3344074711,-1.57862009261)) ;
#3122=CARTESIAN_POINT('Control Point',(34.6207417219,52.3208426327,-1.53546866542)) ;
#3123=CARTESIAN_POINT('Control Point',(36.4998987973,51.1959168842,-1.32756108529)) ;
#3124=CARTESIAN_POINT('Control Point',(36.3943293519,51.3662753384,-1.27060675425)) ;
#3125=CARTESIAN_POINT('Control Point',(36.2663497378,51.5227402858,-1.21365235796)) ;
#3126=CARTESIAN_POINT('Control Point',(36.1182752759,51.6615626771,-1.15790967642)) ;
#3127=CARTESIAN_POINT('Control Point',(35.788585166,51.8976877398,-1.05126865066)) ;
#3128=CARTESIAN_POINT('Control Point',(35.4074467484,52.0424212401,-0.958552490796)) ;
#3129=CARTESIAN_POINT('Control Point',(35.2079169592,52.0898395815,-0.916736470847)) ;
#3130=CARTESIAN_POINT('Control Point',(35.0039044084,52.1112425378,-0.880369912225)) ;
#3131=CARTESIAN_POINT('Control Point',(34.7998921124,52.1067336664,-0.85009414522)) ;
#3132=CARTESIAN_POINT('Control Point',(36.5835475293,51.0624959126,-0.372339617474)) ;
#3133=CARTESIAN_POINT('Control Point',(36.4761584968,51.2337557409,-0.34386742915)) ;
#3134=CARTESIAN_POINT('Control Point',(36.3471332222,51.3914487361,-0.315395208294)) ;
#3135=CARTESIAN_POINT('Control Point',(36.1987521846,51.5319255151,-0.287529080473)) ;
#3136=CARTESIAN_POINT('Control Point',(35.8697268168,51.772342379,-0.234219939834)) ;
#3137=CARTESIAN_POINT('Control Point',(35.4912474541,51.9233764349,-0.187876436394)) ;
#3138=CARTESIAN_POINT('Control Point',(35.2934060674,51.9744589212,-0.166976840779)) ;
#3139=CARTESIAN_POINT('Control Point',(35.0912615969,51.9999967877,-0.148803520808)) ;
#3140=CARTESIAN_POINT('Control Point',(34.8891173574,51.9999967105,-0.133677683934)) ;
#3141=CARTESIAN_POINT('Control Point',(36.5835475374,51.0624958995,0.582307810035)) ;
#3142=CARTESIAN_POINT('Control Point',(36.4761585044,51.2337557287,0.582307819181)) ;
#3143=CARTESIAN_POINT('Control Point',(36.3471332297,51.391448725,0.582307828327)) ;
#3144=CARTESIAN_POINT('Control Point',(36.1987521925,51.5319255055,0.582307837278)) ;
#3145=CARTESIAN_POINT('Control Point',(35.869726826,51.7723423732,0.582307854402)) ;
#3146=CARTESIAN_POINT('Control Point',(35.4912474658,51.9233764343,0.582307869288)) ;
#3147=CARTESIAN_POINT('Control Point',(35.2934060805,51.9744589236,0.582307876001)) ;
#3148=CARTESIAN_POINT('Control Point',(35.0912616114,51.9999967933,0.582307881839)) ;
#3149=CARTESIAN_POINT('Control Point',(34.8891173732,51.9999967196,0.582307886698)) ;
#3151=CARTESIAN_POINT('Control Point',(32.5372423432,61.3479375221,-6.84551478184)) ;
#3152=CARTESIAN_POINT('Control Point',(32.6403089698,60.8106909645,-7.07475865815)) ;
#3153=CARTESIAN_POINT('Control Point',(32.7596220611,60.254946013,-7.24779551852)) ;
#3154=CARTESIAN_POINT('Control Point',(32.8955695755,59.6889194254,-7.3621345472)) ;
#3155=CARTESIAN_POINT('Control Point',(33.2569924152,58.3350698482,-7.495454746)) ;
#3156=CARTESIAN_POINT('Control Point',(33.6946649736,57.0105982274,-7.308856717)) ;
#3157=CARTESIAN_POINT('Control Point',(33.968767032,56.2698231525,-7.09826004515)) ;
#3158=CARTESIAN_POINT('Control Point',(34.5269808863,54.8984119393,-6.50642713367)) ;
#3159=CARTESIAN_POINT('Control Point',(35.0917124131,53.7133462008,-5.59137155264)) ;
#3160=CARTESIAN_POINT('Control Point',(35.3616415756,53.1849849962,-5.07233203778)) ;
#3161=CARTESIAN_POINT('Control Point',(35.8411656064,52.2966894219,-3.96492428274)) ;
#3162=CARTESIAN_POINT('Control Point',(36.218965926,51.6540485531,-2.64823731972)) ;
#3163=CARTESIAN_POINT('Control Point',(36.3666522824,51.4115714707,-1.98432390916)) ;
#3164=CARTESIAN_POINT('Control Point',(36.5075279281,51.1839620619,-1.06458379756)) ;
#3165=CARTESIAN_POINT('Control Point',(36.5685613992,51.0863977751,-0.116734819273)) ;
#3166=CARTESIAN_POINT('Control Point',(36.5785521546,51.0704631969,0.115910329281)) ;
#3167=CARTESIAN_POINT('Control Point',(36.5835475354,51.0624959027,0.34910905605)) ;
#3168=CARTESIAN_POINT('Control Point',(36.5835475374,51.0624958995,0.582307810035)) ;
#3169=CARTESIAN_POINT('Vertex',(32.5372405701,61.3479378299,-6.84551478184)) ;
#3173=CARTESIAN_POINT('Control Point',(32.5372423432,61.3479375221,-6.84551478184)) ;
#3174=CARTESIAN_POINT('Control Point',(32.5824541696,61.1122566381,-6.234630239)) ;
#3175=CARTESIAN_POINT('Control Point',(32.3641916354,60.8257383146,-5.62301277089)) ;
#3176=CARTESIAN_POINT('Control Point',(31.8661528081,60.5418554683,-5.15216274818)) ;
#3177=CARTESIAN_POINT('Control Point',(31.2192180432,60.3352100895,-4.94581554037)) ;
#3178=CARTESIAN_POINT('Control Point',(30.5730585228,60.2283499255,-4.98855916764)) ;
#3179=CARTESIAN_POINT('Vertex',(30.5730585228,60.2283440581,-4.98855233528)) ;
#3183=CARTESIAN_POINT('Control Point',(30.5730591771,60.2283473678,-4.98856019081)) ;
#3184=CARTESIAN_POINT('Control Point',(30.682996882,59.7985504689,-5.16049271616)) ;
#3185=CARTESIAN_POINT('Control Point',(30.810264094,59.3539549183,-5.29027004385)) ;
#3186=CARTESIAN_POINT('Control Point',(30.9552745905,58.9011342626,-5.37602401707)) ;
#3187=CARTESIAN_POINT('Control Point',(31.3407921548,57.8180556189,-5.47601409337)) ;
#3188=CARTESIAN_POINT('Control Point',(31.8076426219,56.758478209,-5.33606550743)) ;
#3189=CARTESIAN_POINT('Control Point',(32.1000180608,56.1658582165,-5.17811788429)) ;
#3190=CARTESIAN_POINT('Control Point',(32.695446381,55.0687298445,-4.73424358677)) ;
#3191=CARTESIAN_POINT('Control Point',(33.2978264758,54.1206766796,-4.04795153066)) ;
#3192=CARTESIAN_POINT('Control Point',(33.5857509067,53.6979877244,-3.65867183015)) ;
#3193=CARTESIAN_POINT('Control Point',(34.0972434095,52.9873517814,-2.82811647937)) ;
#3194=CARTESIAN_POINT('Control Point',(34.5002302351,52.4732386242,-1.84060084059)) ;
#3195=CARTESIAN_POINT('Control Point',(34.657762401,52.2792570848,-1.34266568587)) ;
#3196=CARTESIAN_POINT('Control Point',(34.8080297976,52.0971696831,-0.652861005302)) ;
#3197=CARTESIAN_POINT('Control Point',(34.8731321529,52.0191182139,0.0580258382724)) ;
#3198=CARTESIAN_POINT('Control Point',(34.8837889586,52.0063705513,0.232509714911)) ;
#3199=CARTESIAN_POINT('Control Point',(34.8891173675,51.9999967196,0.407408759879)) ;
#3200=CARTESIAN_POINT('Control Point',(34.8891173732,51.9999967196,0.582307810035)) ;
#3210=CARTESIAN_POINT('Control Point',(32.5372422,61.347929175,-6.84550615035)) ;
#3211=CARTESIAN_POINT('Control Point',(32.5598483935,61.230089047,-6.54006407347)) ;
#3212=CARTESIAN_POINT('Control Point',(32.5163703286,61.0995689512,-6.23461572566)) ;
#3213=CARTESIAN_POINT('Control Point',(32.4054195751,60.962968801,-5.94632677132)) ;
#3214=CARTESIAN_POINT('Control Point',(32.0617002072,60.6937531133,-5.43813356224)) ;
#3215=CARTESIAN_POINT('Control Point',(31.5241611933,60.4606508891,-5.11317882322)) ;
#3216=CARTESIAN_POINT('Control Point',(31.2192248859,60.3601951152,-5.00828518942)) ;
#3217=CARTESIAN_POINT('Control Point',(30.8961383089,60.2817731013,-4.96718071512)) ;
#3218=CARTESIAN_POINT('Control Point',(30.5730583643,60.2283429749,-4.98855276858)) ;
#3219=CARTESIAN_POINT('Control Point',(32.3226186427,62.4667054146,-6.36816163222)) ;
#3220=CARTESIAN_POINT('Control Point',(32.3407015209,62.3482603395,-6.06560156974)) ;
#3221=CARTESIAN_POINT('Control Point',(32.2933364298,62.2198592487,-5.76303561069)) ;
#3222=CARTESIAN_POINT('Control Point',(32.1794158015,62.0880291509,-5.47717580085)) ;
#3223=CARTESIAN_POINT('Control Point',(31.8317084164,61.8328049143,-4.97204327817)) ;
#3224=CARTESIAN_POINT('Control Point',(31.2934910882,61.6201742192,-4.64568539526)) ;
#3225=CARTESIAN_POINT('Control Point',(30.9889028669,61.5309731117,-4.5387481258)) ;
#3226=CARTESIAN_POINT('Control Point',(30.6665115761,61.4640542441,-4.49426825769)) ;
#3227=CARTESIAN_POINT('Control Point',(30.3441265702,61.4217042702,-4.51120825045)) ;
#3228=CARTESIAN_POINT('Control Point',(32.161372842,63.5942394248,-5.8870804554)) ;
#3229=CARTESIAN_POINT('Control Point',(32.1748811541,63.4756175021,-5.58734084328)) ;
#3230=CARTESIAN_POINT('Control Point',(32.1237134816,63.3496762057,-5.28759568593)) ;
#3231=CARTESIAN_POINT('Control Point',(32.0070351633,63.2228440322,-5.0041149808)) ;
#3232=CARTESIAN_POINT('Control Point',(31.6559803485,62.9818409872,-4.50198828376)) ;
#3233=CARTESIAN_POINT('Control Point',(31.1180594954,62.7895401227,-4.17426970614)) ;
#3234=CARTESIAN_POINT('Control Point',(30.8143656772,62.7114493662,-4.06533658436)) ;
#3235=CARTESIAN_POINT('Control Point',(30.4932453895,62.6558544906,-4.01754815968)) ;
#3236=CARTESIAN_POINT('Control Point',(30.1721310443,62.6244072123,-4.03012707363)) ;
#3237=CARTESIAN_POINT('Control Point',(32.053790336,64.7275757817,-5.40352359469)) ;
#3238=CARTESIAN_POINT('Control Point',(32.0627271611,64.6091999027,-5.10653793696)) ;
#3239=CARTESIAN_POINT('Control Point',(32.0078831799,64.4860459755,-4.80954706296)) ;
#3240=CARTESIAN_POINT('Control Point',(31.888685352,64.3644210431,-4.52839115773)) ;
#3241=CARTESIAN_POINT('Control Point',(31.5349439514,64.1378261475,-4.02920959131)) ;
#3242=CARTESIAN_POINT('Control Point',(30.9982619448,63.9656652187,-3.70017450275)) ;
#3243=CARTESIAN_POINT('Control Point',(30.6959820738,63.8985165999,-3.58929660657)) ;
#3244=CARTESIAN_POINT('Control Point',(30.3766764134,63.854043445,-3.53827257959)) ;
#3245=CARTESIAN_POINT('Control Point',(30.0573763621,63.833299364,-3.54657021292)) ;
#3246=CARTESIAN_POINT('Control Point',(32.0000000336,65.8637930629,-4.91873753029)) ;
#3247=CARTESIAN_POINT('Control Point',(32.0044189634,65.7460724445,-4.62443600496)) ;
#3248=CARTESIAN_POINT('Control Point',(31.9460627714,65.6260141549,-4.33012957098)) ;
#3249=CARTESIAN_POINT('Control Point',(31.8246062986,65.509783881,-4.05124122179)) ;
#3250=CARTESIAN_POINT('Control Point',(31.4688551406,65.2977397066,-3.55493980212)) ;
#3251=CARTESIAN_POINT('Control Point',(30.9343221535,65.1454870621,-3.22463314365)) ;
#3252=CARTESIAN_POINT('Control Point',(30.6339502093,65.089093175,-3.11186363946)) ;
#3253=CARTESIAN_POINT('Control Point',(30.3169724795,65.0555217075,-3.0576812753)) ;
#3254=CARTESIAN_POINT('Control Point',(30.0000000365,65.045264525,-3.06178414852)) ;
#3255=CARTESIAN_POINT('Control Point',(32.0000000093,66.9999999198,-4.43395592393)) ;
#3256=CARTESIAN_POINT('Control Point',(32.0000000097,66.8833240946,-4.14226636857)) ;
#3257=CARTESIAN_POINT('Control Point',(31.9383288242,66.7666464206,-3.85057219194)) ;
#3258=CARTESIAN_POINT('Control Point',(31.8148937528,66.6559743552,-3.57389203659)) ;
#3259=CARTESIAN_POINT('Control Point',(31.4578216867,66.458578525,-3.08040247718)) ;
#3260=CARTESIAN_POINT('Control Point',(30.9263171653,66.3259652836,-2.74886938675)) ;
#3261=CARTESIAN_POINT('Control Point',(30.6283235183,66.2801226468,-2.63426280006)) ;
#3262=CARTESIAN_POINT('Control Point',(30.3141592755,66.2572185418,-2.57700254176)) ;
#3263=CARTESIAN_POINT('Control Point',(30.0000000099,66.2572185409,-2.57700254216)) ;
#3265=CARTESIAN_POINT('Control Point',(32.5372420253,61.3479300855,-6.84550576186)) ;
#3266=CARTESIAN_POINT('Control Point',(32.3226185377,62.4667061487,-6.368161319)) ;
#3267=CARTESIAN_POINT('Control Point',(32.1613727894,63.5942399783,-5.88708021927)) ;
#3268=CARTESIAN_POINT('Control Point',(32.0537903185,64.7275761515,-5.40352343688)) ;
#3269=CARTESIAN_POINT('Control Point',(32.0000000336,65.8637932479,-4.91873745138)) ;
#3270=CARTESIAN_POINT('Control Point',(32.0000000093,66.9999999198,-4.43395592393)) ;
#3271=CARTESIAN_POINT('Vertex',(32.,67.,-4.43395592393)) ;
#3275=CARTESIAN_POINT('Control Point',(32.0000000093,66.9999999198,-4.43395592393)) ;
#3276=CARTESIAN_POINT('Control Point',(32.0000000102,66.7666482693,-3.8505768132)) ;
#3277=CARTESIAN_POINT('Control Point',(31.7539700026,66.5330788995,-3.26665340594)) ;
#3278=CARTESIAN_POINT('Control Point',(31.2572232974,66.3485917981,-2.80543566872)) ;
#3279=CARTESIAN_POINT('Control Point',(30.628318541,66.2572185427,-2.57700254135)) ;
#3280=CARTESIAN_POINT('Control Point',(30.0000000099,66.2572185409,-2.57700254216)) ;
#3281=CARTESIAN_POINT('Vertex',(30.0000000099,66.2572185409,-2.57700254216)) ;
#3285=CARTESIAN_POINT('Control Point',(30.5730581577,60.2283440519,-4.98855233777)) ;
#3286=CARTESIAN_POINT('Control Point',(30.344126446,61.4217051385,-4.51120790311)) ;
#3287=CARTESIAN_POINT('Control Point',(30.1721309821,62.6244078669,-4.03012681178)) ;
#3288=CARTESIAN_POINT('Control Point',(30.0573763414,63.8332998015,-3.54657003792)) ;
#3289=CARTESIAN_POINT('Control Point',(30.0000000365,65.0452647438,-3.06178406102)) ;
#3290=CARTESIAN_POINT('Control Point',(30.0000000099,66.2572185409,-2.57700254216)) ;
#3299=CARTESIAN_POINT('Axis2P3D Location',(30.,100.,8.76604411862)) ;
#3304=CARTESIAN_POINT('Line Origine',(32.,100.,8.76604411862)) ;
#3308=CARTESIAN_POINT('Vertex',(32.,67.4705012873,-4.24575536646)) ;
#3311=CARTESIAN_POINT('Axis2P3D Location',(30.,67.4705012873,-4.24575536646)) ;
#3315=CARTESIAN_POINT('Vertex',(30.,66.7277199346,-2.38880198468)) ;
#3318=CARTESIAN_POINT('Line Origine',(30.,99.2572186473,10.6229975004)) ;
#3330=CARTESIAN_POINT('Axis2P3D Location',(30.,64.4993758765,3.18205816063)) ;
#3335=CARTESIAN_POINT('Axis2P3D Location',(32.,64.4993758765,3.18205816063)) ;
#3339=CARTESIAN_POINT('Vertex',(32.,71.9168467142,6.17891090493)) ;
#3342=CARTESIAN_POINT('Axis2P3D Location',(30.,71.9168467142,6.17891090493)) ;
#3346=CARTESIAN_POINT('Vertex',(30.,70.0624790039,5.42969772112)) ;
#3349=CARTESIAN_POINT('Axis2P3D Location',(30.,64.4993758765,3.18205816063)) ;
#3361=CARTESIAN_POINT('Axis2P3D Location',(30.,69.7782401784,11.4721478264)) ;
#3366=CARTESIAN_POINT('Line Origine',(32.,69.7782401784,11.4721478264)) ;
#3371=CARTESIAN_POINT('Line Origine',(30.,67.9238724693,10.7229346396)) ;
#3384=CARTESIAN_POINT('Control Point',(55.1909389451,-21.5000009753,9.14568908605E-007)) ;
#3385=CARTESIAN_POINT('Control Point',(55.5719884502,-21.5000011541,9.04270918589E-007)) ;
#3386=CARTESIAN_POINT('Control Point',(55.95305693,-21.590707889,8.97730509486E-007)) ;
#3387=CARTESIAN_POINT('Control Point',(56.3052243423,-21.7724122983,8.95741321116E-007)) ;
#3388=CARTESIAN_POINT('Control Point',(56.8947370713,-22.2883392756,9.0118508389E-007)) ;
#3389=CARTESIAN_POINT('Control Point',(57.1885686046,-23.0145409337,9.2333169821E-007)) ;
#3390=CARTESIAN_POINT('Control Point',(57.2446055152,-23.4068395492,9.38070744638E-007)) ;
#3391=CARTESIAN_POINT('Control Point',(57.2052000658,-23.7965677386,9.5528265831E-007)) ;
#3392=CARTESIAN_POINT('Control Point',(57.0801202824,-24.1565034699,9.735756068E-007)) ;
#3393=CARTESIAN_POINT('Control Point',(55.1909216946,-21.4999956995,1.94276980685)) ;
#3394=CARTESIAN_POINT('Control Point',(55.5719715474,-21.4999949412,1.93080444266)) ;
#3395=CARTESIAN_POINT('Control Point',(55.9530403751,-21.5907009267,1.92703485268)) ;
#3396=CARTESIAN_POINT('Control Point',(56.3052080417,-21.7724048471,1.93239546443)) ;
#3397=CARTESIAN_POINT('Control Point',(56.8947209105,-22.2883313744,1.96050398213)) ;
#3398=CARTESIAN_POINT('Control Point',(57.18855174,-23.0145334183,2.01689793125)) ;
#3399=CARTESIAN_POINT('Control Point',(57.2445880579,-23.4068323835,2.0505869559)) ;
#3400=CARTESIAN_POINT('Control Point',(57.2051818117,-23.7965609731,2.08704071006)) ;
#3401=CARTESIAN_POINT('Control Point',(57.08010112,-24.1564970646,2.12349264628)) ;
#3402=CARTESIAN_POINT('Control Point',(55.2742465344,-21.2805500238,3.88610493282)) ;
#3403=CARTESIAN_POINT('Control Point',(55.6512914871,-21.2832544309,3.86206622269)) ;
#3404=CARTESIAN_POINT('Control Point',(56.0283541698,-21.3740627386,3.85443399594)) ;
#3405=CARTESIAN_POINT('Control Point',(56.3773588139,-21.5530403455,3.86509341514)) ;
#3406=CARTESIAN_POINT('Control Point',(56.9638655858,-22.0588784944,3.92126504805)) ;
#3407=CARTESIAN_POINT('Control Point',(57.2623919157,-22.7694568252,4.03414689206)) ;
#3408=CARTESIAN_POINT('Control Point',(57.3229944682,-23.1534743658,4.10160315258)) ;
#3409=CARTESIAN_POINT('Control Point',(57.2900936638,-23.5357474255,4.17460483484)) ;
#3410=CARTESIAN_POINT('Control Point',(57.1726841976,-23.8899867779,4.24760286439)) ;
#3411=CARTESIAN_POINT('Control Point',(55.4414889977,-20.8415107952,5.78536157754)) ;
#3412=CARTESIAN_POINT('Control Point',(55.8105265003,-20.8496546581,5.75409609602)) ;
#3413=CARTESIAN_POINT('Control Point',(56.1795792603,-20.9406709615,5.74643035401)) ;
#3414=CARTESIAN_POINT('Control Point',(56.5222603776,-21.1141791854,5.76469170739)) ;
#3415=CARTESIAN_POINT('Control Point',(57.1027614352,-21.5997917214,5.85016048411)) ;
#3416=CARTESIAN_POINT('Control Point',(57.4106927855,-22.2790827954,6.01497564229)) ;
#3417=CARTESIAN_POINT('Control Point',(57.4804376523,-22.6465300373,6.11269454242)) ;
#3418=CARTESIAN_POINT('Control Point',(57.4605617837,-23.0139049257,6.21811679294)) ;
#3419=CARTESIAN_POINT('Control Point',(57.3585096247,-23.3567869372,6.32353440979)) ;
#3420=CARTESIAN_POINT('Control Point',(55.7711718689,-19.7994444018,8.74396728733)) ;
#3421=CARTESIAN_POINT('Control Point',(56.1245269086,-19.8143830935,8.71168379237)) ;
#3422=CARTESIAN_POINT('Control Point',(56.4778931758,-19.9014234794,8.71202434414)) ;
#3423=CARTESIAN_POINT('Control Point',(56.8081153034,-20.0597517952,8.74715587222)) ;
#3424=CARTESIAN_POINT('Control Point',(57.3764400189,-20.4971337048,8.88191154523)) ;
#3425=CARTESIAN_POINT('Control Point',(57.7023500614,-21.1074116038,9.12043688083)) ;
#3426=CARTESIAN_POINT('Control Point',(57.7898830388,-21.4388319208,9.25945921823)) ;
#3427=CARTESIAN_POINT('Control Point',(57.7958040396,-21.7736706771,9.40841199906)) ;
#3428=CARTESIAN_POINT('Control Point',(57.7248232838,-22.091227904,9.55735980391)) ;
#3429=CARTESIAN_POINT('Control Point',(56.0507562961,-18.2625038987,11.439208251)) ;
#3430=CARTESIAN_POINT('Control Point',(56.3861261741,-18.2758545298,11.4186567491)) ;
#3431=CARTESIAN_POINT('Control Point',(56.7215038814,-18.3490271023,11.4358874875)) ;
#3432=CARTESIAN_POINT('Control Point',(57.0371431853,-18.4813531902,11.4921678582)) ;
#3433=CARTESIAN_POINT('Control Point',(57.5897846532,-18.8479475787,11.6757530992)) ;
#3434=CARTESIAN_POINT('Control Point',(57.9327789442,-19.3662707315,11.9727037787)) ;
#3435=CARTESIAN_POINT('Control Point',(58.0385763772,-19.6504666163,12.1424561745)) ;
#3436=CARTESIAN_POINT('Control Point',(58.072061074,-19.942125194,12.322890488)) ;
#3437=CARTESIAN_POINT('Control Point',(58.0354730482,-20.2246595617,12.5033205149)) ;
#3438=CARTESIAN_POINT('Control Point',(56.137514861,-17.6021045809,12.4311996815)) ;
#3439=CARTESIAN_POINT('Control Point',(56.4658550762,-17.6130904552,12.4167527626)) ;
#3440=CARTESIAN_POINT('Control Point',(56.7942019969,-17.6791601062,12.4415207154)) ;
#3441=CARTESIAN_POINT('Control Point',(57.1040816814,-17.7998069454,12.5063608792)) ;
#3442=CARTESIAN_POINT('Control Point',(57.6502423769,-18.1360571968,12.7084195939)) ;
#3443=CARTESIAN_POINT('Control Point',(57.9991547813,-18.616287097,13.0256581441)) ;
#3444=CARTESIAN_POINT('Control Point',(58.1116182631,-18.8810363152,13.2057770492)) ;
#3445=CARTESIAN_POINT('Control Point',(58.155391868,-19.1548218484,13.3966856066)) ;
#3446=CARTESIAN_POINT('Control Point',(58.1318715374,-19.4226241975,13.5875902157)) ;
#3447=CARTESIAN_POINT('Control Point',(56.1883080978,-16.876781121,13.3722165062)) ;
#3448=CARTESIAN_POINT('Control Point',(56.5095803203,-16.8833440241,13.3648082467)) ;
#3449=CARTESIAN_POINT('Control Point',(56.8308583028,-16.9404064149,13.3976079452)) ;
#3450=CARTESIAN_POINT('Control Point',(57.1348653424,-17.0477124873,13.4710629704)) ;
#3451=CARTESIAN_POINT('Control Point',(57.6740271947,-17.3507554213,13.690934289)) ;
#3452=CARTESIAN_POINT('Control Point',(58.027759497,-17.7906663012,14.026587881)) ;
#3453=CARTESIAN_POINT('Control Point',(58.1461918473,-18.0349475645,14.2159162325)) ;
#3454=CARTESIAN_POINT('Control Point',(58.1994813256,-18.2898113069,14.4160316942)) ;
#3455=CARTESIAN_POINT('Control Point',(58.1883083861,-18.5417403745,14.6161435435)) ;
#3456=CARTESIAN_POINT('Control Point',(56.1883073133,-16.0943283632,14.2556073846)) ;
#3457=CARTESIAN_POINT('Control Point',(56.5024663809,-16.0943285452,14.2556076049)) ;
#3458=CARTESIAN_POINT('Control Point',(56.8166304256,-16.1404940738,14.2964989414)) ;
#3459=CARTESIAN_POINT('Control Point',(57.1146239071,-16.232894332,14.3783428475)) ;
#3460=CARTESIAN_POINT('Control Point',(57.6461282269,-16.5001889412,14.6151000771)) ;
#3461=CARTESIAN_POINT('Control Point',(58.0032004159,-16.8980588386,14.9675147894)) ;
#3462=CARTESIAN_POINT('Control Point',(58.1266356471,-17.1211287948,15.1650998021)) ;
#3463=CARTESIAN_POINT('Control Point',(58.1883070917,-17.3563036183,15.3734067314)) ;
#3464=CARTESIAN_POINT('Control Point',(58.1883074317,-17.5914747302,15.5817103615)) ;
#3466=CARTESIAN_POINT('Control Point',(55.1909389451,-21.5000009753,9.14568909494E-007)) ;
#3467=CARTESIAN_POINT('Control Point',(55.9530379552,-21.5000013329,8.93972927924E-007)) ;
#3468=CARTESIAN_POINT('Control Point',(56.7172840287,-21.8610618336,8.88278131738E-007)) ;
#3469=CARTESIAN_POINT('Control Point',(57.2400901657,-22.5962140289,9.04607460922E-007)) ;
#3470=CARTESIAN_POINT('Control Point',(57.3302798493,-23.4366320073,9.36989707299E-007)) ;
#3471=CARTESIAN_POINT('Control Point',(57.0801202824,-24.1565034699,9.73575607688E-007)) ;
#3472=CARTESIAN_POINT('Vertex',(57.0801186853,-24.1564964215,-1.61213958527E-006)) ;
#3474=CARTESIAN_POINT('Vertex',(55.1909559516,-21.5,2.63299061817E-015)) ;
#3478=CARTESIAN_POINT('Control Point',(55.1909389451,-21.5000009753,9.14568919597E-007)) ;
#3479=CARTESIAN_POINT('Control Point',(55.1909372935,-21.5000004701,0.18600796823)) ;
#3480=CARTESIAN_POINT('Control Point',(55.191700238,-21.4979885848,0.372020234295)) ;
#3481=CARTESIAN_POINT('Control Point',(55.1932279238,-21.4939651075,0.557999991997)) ;
#3482=CARTESIAN_POINT('Control Point',(55.2171324514,-21.4309429465,2.49974127387)) ;
#3483=CARTESIAN_POINT('Control Point',(55.3231951365,-21.1488809764,4.42942176959)) ;
#3484=CARTESIAN_POINT('Control Point',(55.4801932636,-20.7169262601,6.13329966628)) ;
#3485=CARTESIAN_POINT('Control Point',(55.7876494617,-19.7088363993,8.90284823894)) ;
#3486=CARTESIAN_POINT('Control Point',(56.05075923,-18.2625060659,11.4392130111)) ;
#3487=CARTESIAN_POINT('Control Point',(56.137514544,-17.602106994,12.4311960569)) ;
#3488=CARTESIAN_POINT('Control Point',(56.1883078503,-16.8767846546,13.3722119217)) ;
#3489=CARTESIAN_POINT('Control Point',(56.1883073133,-16.0943331281,14.255602005)) ;
#3490=CARTESIAN_POINT('Vertex',(56.1883073133,-16.0943375262,14.2556059006)) ;
#3494=CARTESIAN_POINT('Control Point',(56.1883073133,-16.0943283632,14.2556073846)) ;
#3495=CARTESIAN_POINT('Control Point',(56.8166254484,-16.0943287272,14.2556078251)) ;
#3496=CARTESIAN_POINT('Control Point',(57.445529806,-16.2785003621,14.4187386095)) ;
#3497=CARTESIAN_POINT('Control Point',(57.9422763859,-16.6503515088,14.7481071492)) ;
#3498=CARTESIAN_POINT('Control Point',(58.1883067517,-17.1211325064,15.1651031012)) ;
#3499=CARTESIAN_POINT('Control Point',(58.1883074317,-17.5914747302,15.5817103615)) ;
#3500=CARTESIAN_POINT('Vertex',(58.1883069138,-17.5914794382,15.5817103615)) ;
#3504=CARTESIAN_POINT('Control Point',(57.0801202824,-24.1565034699,9.73589724951E-007)) ;
#3505=CARTESIAN_POINT('Control Point',(57.0801184477,-24.1565028566,0.203311017866)) ;
#3506=CARTESIAN_POINT('Control Point',(57.0809661637,-24.1540594814,0.406626758297)) ;
#3507=CARTESIAN_POINT('Control Point',(57.0826635921,-24.1491730875,0.60990696456)) ;
#3508=CARTESIAN_POINT('Control Point',(57.1092241735,-24.0726345413,2.73227537837)) ;
#3509=CARTESIAN_POINT('Control Point',(57.2270716465,-23.7300787011,4.84146069689)) ;
#3510=CARTESIAN_POINT('Control Point',(57.4015142922,-23.2054826784,6.70383891627)) ;
#3511=CARTESIAN_POINT('Control Point',(57.743131846,-21.9811868272,9.7310212462)) ;
#3512=CARTESIAN_POINT('Control Point',(58.0354764823,-20.2246611449,12.5033273822)) ;
#3513=CARTESIAN_POINT('Control Point',(58.1318713964,-19.4226253706,13.5875886298)) ;
#3514=CARTESIAN_POINT('Control Point',(58.188308276,-18.5417420924,14.6161415377)) ;
#3515=CARTESIAN_POINT('Control Point',(58.1883074317,-17.5914770466,15.5817080078)) ;
#3524=CARTESIAN_POINT('Axis2P3D Location',(56.1883069138,4.88498130835E-015,-7.1054273576E-015)) ;
#3529=CARTESIAN_POINT('Axis2P3D Location',(56.1883069138,4.88498130835E-015,-7.1054273576E-015)) ;
#3533=CARTESIAN_POINT('Vertex',(56.1883069138,1.02591645163E-007,21.5)) ;
#3536=CARTESIAN_POINT('Axis2P3D Location',(56.1883069138,1.12135055179E-007,23.5)) ;
#3540=CARTESIAN_POINT('Vertex',(58.1883069138,-7.55790633813E-015,23.5)) ;
#3543=CARTESIAN_POINT('Axis2P3D Location',(58.1883069138,4.88498130835E-015,-7.1054273576E-015)) ;
#3555=CARTESIAN_POINT('Axis2P3D Location',(56.1883069138,1.06581410364E-014,1.24344978758E-014)) ;
#3560=CARTESIAN_POINT('Axis2P3D Location',(56.1883069138,1.06581410364E-014,1.24344978758E-014)) ;
#3564=CARTESIAN_POINT('Vertex',(56.1883069138,16.0943324144,14.2556116717)) ;
#3567=CARTESIAN_POINT('Axis2P3D Location',(56.1883069138,17.5914796157,15.5817150831)) ;
#3571=CARTESIAN_POINT('Vertex',(58.1883069138,17.5914794382,15.5817152835)) ;
#3574=CARTESIAN_POINT('Axis2P3D Location',(58.1883069138,1.06581410364E-014,1.24344978758E-014)) ;
#3587=CARTESIAN_POINT('Control Point',(56.1883096249,16.0942956713,14.2556108286)) ;
#3588=CARTESIAN_POINT('Control Point',(56.5024679347,16.094296125,14.2556118604)) ;
#3589=CARTESIAN_POINT('Control Point',(56.8166312217,16.1404616063,14.2965038195)) ;
#3590=CARTESIAN_POINT('Control Point',(57.1146240634,16.232861483,14.3783481164)) ;
#3591=CARTESIAN_POINT('Control Point',(57.6461275722,16.5001547532,14.6151056672)) ;
#3592=CARTESIAN_POINT('Control Point',(58.0032001294,16.8980225082,14.9675199367)) ;
#3593=CARTESIAN_POINT('Control Point',(58.126635902,17.1210912783,15.1651045748)) ;
#3594=CARTESIAN_POINT('Control Point',(58.1883082501,17.3562649258,15.3734110509)) ;
#3595=CARTESIAN_POINT('Control Point',(58.1883097924,17.5914349851,15.581714225)) ;
#3596=CARTESIAN_POINT('Control Point',(56.1883127883,16.7865243999,13.4740684926)) ;
#3597=CARTESIAN_POINT('Control Point',(56.5087638487,16.7923310799,13.4675154923)) ;
#3598=CARTESIAN_POINT('Control Point',(56.8292205786,16.8481370922,13.5012489551)) ;
#3599=CARTESIAN_POINT('Control Point',(57.1325334004,16.9537241004,13.5756716946)) ;
#3600=CARTESIAN_POINT('Control Point',(57.6708112695,17.2526436212,13.7974902702)) ;
#3601=CARTESIAN_POINT('Control Point',(58.0249291915,17.6877044528,14.1350756657)) ;
#3602=CARTESIAN_POINT('Control Point',(58.1439391229,17.9295385349,14.3253554195)) ;
#3603=CARTESIAN_POINT('Control Point',(58.198196277,18.1821306432,14.5264146561)) ;
#3604=CARTESIAN_POINT('Control Point',(58.1883132473,18.4321261857,14.7274703116)) ;
#3605=CARTESIAN_POINT('Control Point',(56.1485592563,17.4340635135,12.647413216)) ;
#3606=CARTESIAN_POINT('Control Point',(56.4752683381,17.444001281,12.6345947104)) ;
#3607=CARTESIAN_POINT('Control Point',(56.8019839094,17.507968771,12.6612157384)) ;
#3608=CARTESIAN_POINT('Control Point',(57.1105069379,17.6255182122,12.7280394661)) ;
#3609=CARTESIAN_POINT('Control Point',(57.6550442513,17.9540762119,12.9341931668)) ;
#3610=CARTESIAN_POINT('Control Point',(58.0050488109,18.4249841358,13.2556556173)) ;
#3611=CARTESIAN_POINT('Control Point',(58.1188763769,18.6850026944,13.4378851973)) ;
#3612=CARTESIAN_POINT('Control Point',(58.164830114,18.9544137775,13.6309029843)) ;
#3613=CARTESIAN_POINT('Control Point',(58.1441426379,19.2185431761,13.8239168928)) ;
#3614=CARTESIAN_POINT('Control Point',(56.079312251,18.0313465949,11.7803183967)) ;
#3615=CARTESIAN_POINT('Control Point',(56.4122460779,18.0437980668,11.7619141227)) ;
#3616=CARTESIAN_POINT('Control Point',(56.745187351,18.1144377121,11.7817704633)) ;
#3617=CARTESIAN_POINT('Control Point',(57.0588274571,18.2426561841,11.8410131509)) ;
#3618=CARTESIAN_POINT('Control Point',(57.6092037284,18.5986346606,12.030961693)) ;
#3619=CARTESIAN_POINT('Control Point',(57.954202738,19.1036833723,12.3348567946)) ;
#3620=CARTESIAN_POINT('Control Point',(58.0622800218,19.3811068715,12.5081499677)) ;
#3621=CARTESIAN_POINT('Control Point',(58.0992954569,19.6665366125,12.6921581109)) ;
#3622=CARTESIAN_POINT('Control Point',(58.0672016136,19.9439257325,12.876162076)) ;
#3623=CARTESIAN_POINT('Control Point',(55.8200710215,19.630055652,9.12671931334)) ;
#3624=CARTESIAN_POINT('Control Point',(56.1710897948,19.6456958808,9.09524069027)) ;
#3625=CARTESIAN_POINT('Control Point',(56.522119254,19.7317999686,9.09734778603)) ;
#3626=CARTESIAN_POINT('Control Point',(56.8504791078,19.8875219496,9.13511404106)) ;
#3627=CARTESIAN_POINT('Control Point',(57.4169548987,20.3170588156,9.27656931687)) ;
#3628=CARTESIAN_POINT('Control Point',(57.7454996897,20.9164648405,9.52397547874)) ;
#3629=CARTESIAN_POINT('Control Point',(57.835666611,21.2422432863,9.66781268789)) ;
#3630=CARTESIAN_POINT('Control Point',(57.8454431099,21.571972641,9.82176691998)) ;
#3631=CARTESIAN_POINT('Control Point',(57.779156154,21.8855105678,9.97571624997)) ;
#3632=CARTESIAN_POINT('Control Point',(55.4788770361,20.7432393079,6.19480128802)) ;
#3633=CARTESIAN_POINT('Control Point',(55.8461417005,20.7525752078,6.16211655324)) ;
#3634=CARTESIAN_POINT('Control Point',(56.2134210836,20.8436151479,6.15455935593)) ;
#3635=CARTESIAN_POINT('Control Point',(56.5547021502,21.0158841682,6.17453569575)) ;
#3636=CARTESIAN_POINT('Control Point',(57.133873732,21.4969590973,6.26638065489)) ;
#3637=CARTESIAN_POINT('Control Point',(57.4438933254,22.169268219,6.44229143323)) ;
#3638=CARTESIAN_POINT('Control Point',(57.5156679135,22.5330233525,6.54644943863)) ;
#3639=CARTESIAN_POINT('Control Point',(57.4986863776,22.8970818894,6.65875828123)) ;
#3640=CARTESIAN_POINT('Control Point',(57.4000510442,23.2374386654,6.77106227847)) ;
#3641=CARTESIAN_POINT('Control Point',(55.2868208179,21.2474179875,4.16905342029)) ;
#3642=CARTESIAN_POINT('Control Point',(55.6632529669,21.2505404099,4.14322922682)) ;
#3643=CARTESIAN_POINT('Control Point',(56.0397026523,21.3413728922,4.13501058811)) ;
#3644=CARTESIAN_POINT('Control Point',(56.3882232309,21.5199447094,4.14642519033)) ;
#3645=CARTESIAN_POINT('Control Point',(56.9742694137,22.0242640353,4.20666927292)) ;
#3646=CARTESIAN_POINT('Control Point',(57.2735106857,22.7324756292,4.32779617838)) ;
#3647=CARTESIAN_POINT('Control Point',(57.3348089875,23.1152363916,4.40018674275)) ;
#3648=CARTESIAN_POINT('Control Point',(57.3028986731,23.4963766072,4.47853145833)) ;
#3649=CARTESIAN_POINT('Control Point',(57.1866558565,23.8497490177,4.55687223991)) ;
#3650=CARTESIAN_POINT('Control Point',(55.1909356744,21.5,2.08269631034)) ;
#3651=CARTESIAN_POINT('Control Point',(55.5719852463,21.5,2.06986911689)) ;
#3652=CARTESIAN_POINT('Control Point',(55.953053793,21.5907065921,2.06582799561)) ;
#3653=CARTESIAN_POINT('Control Point',(56.3052212543,21.7724109086,2.07157467841)) ;
#3654=CARTESIAN_POINT('Control Point',(56.8947340106,22.2883378012,2.10170766118)) ;
#3655=CARTESIAN_POINT('Control Point',(57.1885654096,23.0145395345,2.16216334356)) ;
#3656=CARTESIAN_POINT('Control Point',(57.2446022068,23.4068382176,2.19827880324)) ;
#3657=CARTESIAN_POINT('Control Point',(57.2051966051,23.7965664841,2.23735812557)) ;
#3658=CARTESIAN_POINT('Control Point',(57.0801166478,24.1565022846,2.276435502)) ;
#3659=CARTESIAN_POINT('Control Point',(55.1909356744,21.5,-2.6645352591E-015)) ;
#3660=CARTESIAN_POINT('Control Point',(55.5719852463,21.5,-4.4408920985E-015)) ;
#3661=CARTESIAN_POINT('Control Point',(55.953053793,21.5907065921,-3.5527136788E-015)) ;
#3662=CARTESIAN_POINT('Control Point',(56.3052212543,21.7724109086,-3.5527136788E-015)) ;
#3663=CARTESIAN_POINT('Control Point',(56.8947340106,22.2883378012,-1.7763568394E-015)) ;
#3664=CARTESIAN_POINT('Control Point',(57.1885654096,23.0145395345,-8.881784197E-016)) ;
#3665=CARTESIAN_POINT('Control Point',(57.2446022068,23.4068382176,8.881784197E-016)) ;
#3666=CARTESIAN_POINT('Control Point',(57.2051966051,23.7965664841,8.881784197E-016)) ;
#3667=CARTESIAN_POINT('Control Point',(57.0801166478,24.1565022846,1.7763568394E-015)) ;
#3669=CARTESIAN_POINT('Control Point',(56.188309625,16.0943112436,14.2555932472)) ;
#3670=CARTESIAN_POINT('Control Point',(56.1883120728,16.7865360534,13.4740536156)) ;
#3671=CARTESIAN_POINT('Control Point',(56.1485583216,17.4340715752,12.6474015146)) ;
#3672=CARTESIAN_POINT('Control Point',(56.079311633,18.0313458506,11.7804691042)) ;
#3673=CARTESIAN_POINT('Control Point',(55.8600534609,19.3834943214,9.53574746528)) ;
#3674=CARTESIAN_POINT('Control Point',(55.5821738017,20.3883011398,7.09292174214)) ;
#3675=CARTESIAN_POINT('Control Point',(55.4259965716,20.8565227914,5.57300643287)) ;
#3676=CARTESIAN_POINT('Control Point',(55.2730812332,21.2820289796,3.53440622822)) ;
#3677=CARTESIAN_POINT('Control Point',(55.2066505781,21.4586277853,1.46021721275)) ;
#3678=CARTESIAN_POINT('Control Point',(55.1961647673,21.4862331597,0.973220749013)) ;
#3679=CARTESIAN_POINT('Control Point',(55.1909356744,21.5,0.48661037154)) ;
#3680=CARTESIAN_POINT('Control Point',(55.1909356744,21.5,-3.99680288865E-015)) ;
#3681=CARTESIAN_POINT('Vertex',(55.1909356744,21.5,-2.22044604925E-016)) ;
#3685=CARTESIAN_POINT('Control Point',(55.1909356744,21.5,-3.5527136788E-015)) ;
#3686=CARTESIAN_POINT('Control Point',(55.9530348182,21.5,-3.30656813596E-015)) ;
#3687=CARTESIAN_POINT('Control Point',(56.7172810285,21.8610602844,-2.41835722025E-015)) ;
#3688=CARTESIAN_POINT('Control Point',(57.2400871441,22.596212533,-9.43606681873E-016)) ;
#3689=CARTESIAN_POINT('Control Point',(57.3302765623,23.4366306835,5.78405552783E-016)) ;
#3690=CARTESIAN_POINT('Control Point',(57.0801166478,24.1565022846,1.7763568394E-015)) ;
#3691=CARTESIAN_POINT('Vertex',(57.0801166478,24.1565022846,1.55431223448E-015)) ;
#3695=CARTESIAN_POINT('Control Point',(58.1883097924,17.5914563272,15.5816925389)) ;
#3696=CARTESIAN_POINT('Control Point',(58.1883123503,18.4321421571,14.7274519612)) ;
#3697=CARTESIAN_POINT('Control Point',(58.144141466,19.2185542248,13.8239024595)) ;
#3698=CARTESIAN_POINT('Control Point',(58.0672008079,19.9439255918,12.876325648)) ;
#3699=CARTESIAN_POINT('Control Point',(57.8235809696,21.586069412,10.4227929829)) ;
#3700=CARTESIAN_POINT('Control Point',(57.5148254009,22.8063769097,7.75272862112)) ;
#3701=CARTESIAN_POINT('Control Point',(57.3412953362,23.37501826,6.0914258855)) ;
#3702=CARTESIAN_POINT('Control Point',(57.1713895173,23.8917829808,3.86318812685)) ;
#3703=CARTESIAN_POINT('Control Point',(57.0975776438,24.1062569522,1.59605139527)) ;
#3704=CARTESIAN_POINT('Control Point',(57.085926751,24.1397828662,1.06375293533)) ;
#3705=CARTESIAN_POINT('Control Point',(57.0801166478,24.1565022846,0.531876452613)) ;
#3706=CARTESIAN_POINT('Control Point',(57.0801166478,24.1565022846,8.881784197E-016)) ;
#3716=CARTESIAN_POINT('Control Point',(55.1909356744,21.5,-3.5527136788E-015)) ;
#3717=CARTESIAN_POINT('Control Point',(55.5719852463,21.5,-3.99680288865E-015)) ;
#3718=CARTESIAN_POINT('Control Point',(55.953053793,21.5907065921,-3.5527136788E-015)) ;
#3719=CARTESIAN_POINT('Control Point',(56.3052212543,21.7724109086,-3.10862446895E-015)) ;
#3720=CARTESIAN_POINT('Control Point',(56.8947340106,22.2883378012,-4.88498130835E-015)) ;
#3721=CARTESIAN_POINT('Control Point',(57.1885654096,23.0145395345,-4.4408920985E-015)) ;
#3722=CARTESIAN_POINT('Control Point',(57.2446022068,23.4068382176,-3.99680288865E-015)) ;
#3723=CARTESIAN_POINT('Control Point',(57.2051966051,23.7965664841,-4.88498130835E-015)) ;
#3724=CARTESIAN_POINT('Control Point',(57.0801166478,24.1565022846,-3.5527136788E-015)) ;
#3725=CARTESIAN_POINT('Control Point',(55.1909356744,21.5,-1.49827153624)) ;
#3726=CARTESIAN_POINT('Control Point',(55.5719852463,21.5,-1.48904377762)) ;
#3727=CARTESIAN_POINT('Control Point',(55.953053793,21.5907065921,-1.48613663414)) ;
#3728=CARTESIAN_POINT('Control Point',(56.3052212543,21.7724109086,-1.49027074204)) ;
#3729=CARTESIAN_POINT('Control Point',(56.8947340106,22.2883378012,-1.51194811774)) ;
#3730=CARTESIAN_POINT('Control Point',(57.1885654096,23.0145395345,-1.55543934959)) ;
#3731=CARTESIAN_POINT('Control Point',(57.2446022068,23.4068382176,-1.58142046119)) ;
#3732=CARTESIAN_POINT('Control Point',(57.2051966051,23.7965664841,-1.60953374684)) ;
#3733=CARTESIAN_POINT('Control Point',(57.0801166478,24.1565022846,-1.63764563264)) ;
#3734=CARTESIAN_POINT('Control Point',(55.2405086162,21.3694873491,-2.99654301623)) ;
#3735=CARTESIAN_POINT('Control Point',(55.6191811863,21.3710913651,-2.97806342252)) ;
#3736=CARTESIAN_POINT('Control Point',(55.9978719949,21.4618537445,-2.9722277391)) ;
#3737=CARTESIAN_POINT('Control Point',(56.3481621713,21.6419327452,-2.98048105884)) ;
#3738=CARTESIAN_POINT('Control Point',(56.935891106,22.1518559854,-3.02382302903)) ;
#3739=CARTESIAN_POINT('Control Point',(57.2325117712,22.8687695911,-3.11082339265)) ;
#3740=CARTESIAN_POINT('Control Point',(57.2912607479,23.2561467857,-3.16280156354)) ;
#3741=CARTESIAN_POINT('Control Point',(57.2557196935,23.6414457164,-3.21904767071)) ;
#3742=CARTESIAN_POINT('Control Point',(57.1351976943,23.9979985484,-3.27529097985)) ;
#3743=CARTESIAN_POINT('Control Point',(55.3398419685,21.108480989,-4.47458062134)) ;
#3744=CARTESIAN_POINT('Control Point',(55.7137374842,21.1133334483,-4.44893246319)) ;
#3745=CARTESIAN_POINT('Control Point',(56.0876497535,21.2042366128,-4.4418029251)) ;
#3746=CARTESIAN_POINT('Control Point',(56.4341672845,21.3810783828,-4.45514887413)) ;
#3747=CARTESIAN_POINT('Control Point',(57.0183118563,21.8789932595,-4.52065219586)) ;
#3748=CARTESIAN_POINT('Control Point',(57.3205342987,22.5772955792,-4.64917553806)) ;
#3749=CARTESIAN_POINT('Control Point',(57.3847297944,22.9548090387,-4.72563331377)) ;
#3750=CARTESIAN_POINT('Control Point',(57.3569464239,23.3312336018,-4.80822881255)) ;
#3751=CARTESIAN_POINT('Control Point',(57.245568329,23.6810142257,-4.89082046237)) ;
#3752=CARTESIAN_POINT('Control Point',(55.6182558947,20.2965522726,-7.51062321787)) ;
#3753=CARTESIAN_POINT('Control Point',(55.9788795432,20.3086408763,-7.47717670487)) ;
#3754=CARTESIAN_POINT('Control Point',(56.3395162248,20.3978635672,-7.47292151122)) ;
#3755=CARTESIAN_POINT('Control Point',(56.6755186987,20.563573678,-7.5002298287)) ;
#3756=CARTESIAN_POINT('Control Point',(57.2495191297,21.0239777023,-7.61385877056)) ;
#3757=CARTESIAN_POINT('Control Point',(57.5671312761,21.6668421557,-7.82277542942)) ;
#3758=CARTESIAN_POINT('Control Point',(57.6464295312,22.0152376329,-7.94549317463)) ;
#3759=CARTESIAN_POINT('Control Point',(57.6403731757,22.3654167875,-8.0773921526)) ;
#3760=CARTESIAN_POINT('Control Point',(57.5549166233,22.6949506199,-8.2092860826)) ;
#3761=CARTESIAN_POINT('Control Point',(55.9417298673,18.9620698735,-10.3290504036)) ;
#3762=CARTESIAN_POINT('Control Point',(56.2848235893,18.9771811443,-10.302205517)) ;
#3763=CARTESIAN_POINT('Control Point',(56.6279264574,19.0573825538,-10.311381591)) ;
#3764=CARTESIAN_POINT('Control Point',(56.9498620379,19.201868193,-10.3582957043)) ;
#3765=CARTESIAN_POINT('Control Point',(57.5094347507,19.6006529929,-10.5213307262)) ;
#3766=CARTESIAN_POINT('Control Point',(57.8454921572,20.1599513968,-10.7952185106)) ;
#3767=CARTESIAN_POINT('Control Point',(57.9436864784,20.4651130755,-10.9531003622)) ;
#3768=CARTESIAN_POINT('Control Point',(57.9655587243,20.7759952981,-11.1214985274)) ;
#3769=CARTESIAN_POINT('Control Point',(57.9143327155,21.0742617408,-11.2898920363)) ;
#3770=CARTESIAN_POINT('Control Point',(56.0934115686,18.1257183307,-11.7339352339)) ;
#3771=CARTESIAN_POINT('Control Point',(56.4269234489,18.1396559097,-11.7143862949)) ;
#3772=CARTESIAN_POINT('Control Point',(56.7604427488,18.2120691836,-11.7332828726)) ;
#3773=CARTESIAN_POINT('Control Point',(57.0746055454,18.342277438,-11.7917845556)) ;
#3774=CARTESIAN_POINT('Control Point',(57.6258046589,18.7025096566,-11.980670843)) ;
#3775=CARTESIAN_POINT('Control Point',(57.970986073,19.2120411924,-12.2841891687)) ;
#3776=CARTESIAN_POINT('Control Point',(58.0789460871,19.4916831869,-12.4574275446)) ;
#3777=CARTESIAN_POINT('Control Point',(58.1155943681,19.7792261793,-12.6414479328)) ;
#3778=CARTESIAN_POINT('Control Point',(58.0828676675,20.0585374358,-12.8254641197)) ;
#3779=CARTESIAN_POINT('Control Point',(56.1883068584,17.1639802007,-13.048021036)) ;
#3780=CARTESIAN_POINT('Control Point',(56.5121906954,17.1729510081,-13.0378926927)) ;
#3781=CARTESIAN_POINT('Control Point',(56.8360805796,17.2340123822,-13.0677219106)) ;
#3782=CARTESIAN_POINT('Control Point',(57.142295507,17.3467892059,-13.1380977515)) ;
#3783=CARTESIAN_POINT('Control Point',(57.6842688043,17.662953264,-13.3517717629)) ;
#3784=CARTESIAN_POINT('Control Point',(58.0367747568,18.1182959079,-13.6812750806)) ;
#3785=CARTESIAN_POINT('Control Point',(58.1533702168,18.370363275,-13.8675740092)) ;
#3786=CARTESIAN_POINT('Control Point',(58.2035821473,18.6324544208,-14.0646840948)) ;
#3787=CARTESIAN_POINT('Control Point',(58.1883068107,18.890535082,-14.2617904499)) ;
#3788=CARTESIAN_POINT('Control Point',(56.1883070336,16.094328121,-14.2556036293)) ;
#3789=CARTESIAN_POINT('Control Point',(56.5024661569,16.0943282225,-14.2556037842)) ;
#3790=CARTESIAN_POINT('Control Point',(56.8166302574,16.1404936888,-14.2964950615)) ;
#3791=CARTESIAN_POINT('Control Point',(57.1146237852,16.232893907,-14.3783389176)) ;
#3792=CARTESIAN_POINT('Control Point',(57.6461281599,16.500188481,-14.6150960676)) ;
#3793=CARTESIAN_POINT('Control Point',(58.0032003093,16.8980584182,-14.967510735)) ;
#3794=CARTESIAN_POINT('Control Point',(58.1266354921,17.1211284095,-15.1650957323)) ;
#3795=CARTESIAN_POINT('Control Point',(58.1883068594,17.3563032762,-15.3734026497)) ;
#3796=CARTESIAN_POINT('Control Point',(58.1883070986,17.5914744324,-15.5817062677)) ;
#3798=CARTESIAN_POINT('Control Point',(55.1909356744,21.5,-3.94948592725E-015)) ;
#3799=CARTESIAN_POINT('Control Point',(55.1909356744,21.5,-1.49827153624)) ;
#3800=CARTESIAN_POINT('Control Point',(55.2405086162,21.3694873491,-2.99654301623)) ;
#3801=CARTESIAN_POINT('Control Point',(55.3398375153,21.108491813,-4.47457079165)) ;
#3802=CARTESIAN_POINT('Control Point',(55.5950417315,20.364252931,-7.25744183013)) ;
#3803=CARTESIAN_POINT('Control Point',(55.8880872162,19.1810231497,-9.85744340508)) ;
#3804=CARTESIAN_POINT('Control Point',(56.0199192009,18.513788226,-11.0591357775)) ;
#3805=CARTESIAN_POINT('Control Point',(56.1389617923,17.612556039,-12.4152844346)) ;
#3806=CARTESIAN_POINT('Control Point',(56.181280986,16.5956075729,-13.6724037679)) ;
#3807=CARTESIAN_POINT('Control Point',(56.1859139846,16.4312817938,-13.869446499)) ;
#3808=CARTESIAN_POINT('Control Point',(56.1883069796,16.2641628656,-14.0638688097)) ;
#3809=CARTESIAN_POINT('Control Point',(56.1883070336,16.0943304373,-14.2556010143)) ;
#3810=CARTESIAN_POINT('Vertex',(56.1883070336,16.0943368349,-14.2556066811)) ;
#3814=CARTESIAN_POINT('Control Point',(56.1883070336,16.094328121,-14.2556036293)) ;
#3815=CARTESIAN_POINT('Control Point',(56.8166252802,16.0943283241,-14.2556039392)) ;
#3816=CARTESIAN_POINT('Control Point',(57.4455297502,16.2784998699,-14.4187346164)) ;
#3817=CARTESIAN_POINT('Control Point',(57.9422763627,16.6503510372,-14.7481031024)) ;
#3818=CARTESIAN_POINT('Control Point',(58.1883066202,17.1211321201,-15.1650990317)) ;
#3819=CARTESIAN_POINT('Control Point',(58.1883070986,17.5914744324,-15.5817062677)) ;
#3820=CARTESIAN_POINT('Vertex',(58.1883069138,17.5914794382,-15.5817062677)) ;
#3824=CARTESIAN_POINT('Control Point',(57.0801166478,24.1565022846,-4.43934464691E-015)) ;
#3825=CARTESIAN_POINT('Control Point',(57.0801166478,24.1565022846,-1.63764563264)) ;
#3826=CARTESIAN_POINT('Control Point',(57.1351976943,23.9979985484,-3.27529097985)) ;
#3827=CARTESIAN_POINT('Control Point',(57.2455633367,23.6810273619,-4.8908097389)) ;
#3828=CARTESIAN_POINT('Control Point',(57.5291231927,22.7771710919,-7.9325528806)) ;
#3829=CARTESIAN_POINT('Control Point',(57.8547296443,21.3401739282,-10.7744147147)) ;
#3830=CARTESIAN_POINT('Control Point',(58.0012096969,20.5298368912,-12.0878924616)) ;
#3831=CARTESIAN_POINT('Control Point',(58.1334789625,19.4353170405,-13.5701947194)) ;
#3832=CARTESIAN_POINT('Control Point',(58.180500341,18.200263289,-14.9442554246)) ;
#3833=CARTESIAN_POINT('Control Point',(58.1856481307,18.0006944464,-15.1596277765)) ;
#3834=CARTESIAN_POINT('Control Point',(58.1883070275,17.7977334049,-15.3721359459)) ;
#3835=CARTESIAN_POINT('Control Point',(58.1883070986,17.5914768954,-15.5817037651)) ;
#3844=CARTESIAN_POINT('Axis2P3D Location',(56.1883069138,-5.99520433298E-015,-7.1054273576E-015)) ;
#3849=CARTESIAN_POINT('Axis2P3D Location',(56.1883069138,-5.99520433298E-015,-7.1054273576E-015)) ;
#3853=CARTESIAN_POINT('Vertex',(56.1883069138,-4.14789213152E-007,-21.5)) ;
#3856=CARTESIAN_POINT('Axis2P3D Location',(56.1883069138,-4.53374259218E-007,-23.5)) ;
#3860=CARTESIAN_POINT('Vertex',(58.1883069138,-7.55790633813E-015,-23.5)) ;
#3863=CARTESIAN_POINT('Axis2P3D Location',(58.1883069138,-5.99520433298E-015,-7.1054273576E-015)) ;
#3875=CARTESIAN_POINT('Axis2P3D Location',(56.1883069138,0.,-3.5527136788E-015)) ;
#3880=CARTESIAN_POINT('Axis2P3D Location',(56.1883069138,0.,-3.5527136788E-015)) ;
#3884=CARTESIAN_POINT('Vertex',(56.1883069138,-16.0943322834,-14.2556118196)) ;
#3887=CARTESIAN_POINT('Axis2P3D Location',(56.1883069138,-17.5914794726,-15.5817152446)) ;
#3891=CARTESIAN_POINT('Vertex',(58.1883069138,-17.5914794382,-15.5817152835)) ;
#3894=CARTESIAN_POINT('Axis2P3D Location',(58.1883069138,0.,-3.5527136788E-015)) ;
#3907=CARTESIAN_POINT('Control Point',(56.1883096249,-16.0942956713,-14.2556108286)) ;
#3908=CARTESIAN_POINT('Control Point',(56.5024679347,-16.094296125,-14.2556118604)) ;
#3909=CARTESIAN_POINT('Control Point',(56.8166312217,-16.1404616063,-14.2965038195)) ;
#3910=CARTESIAN_POINT('Control Point',(57.1146240634,-16.232861483,-14.3783481164)) ;
#3911=CARTESIAN_POINT('Control Point',(57.6461275722,-16.5001547532,-14.6151056672)) ;
#3912=CARTESIAN_POINT('Control Point',(58.0032001295,-16.8980225082,-14.9675199367)) ;
#3913=CARTESIAN_POINT('Control Point',(58.126635902,-17.1210912783,-15.1651045748)) ;
#3914=CARTESIAN_POINT('Control Point',(58.1883082501,-17.3562649258,-15.3734110509)) ;
#3915=CARTESIAN_POINT('Control Point',(58.1883097924,-17.5914349852,-15.581714225)) ;
#3916=CARTESIAN_POINT('Control Point',(56.1883127883,-16.7865243999,-13.4740684926)) ;
#3917=CARTESIAN_POINT('Control Point',(56.5087638487,-16.7923310799,-13.4675154923)) ;
#3918=CARTESIAN_POINT('Control Point',(56.8292205786,-16.8481370922,-13.5012489551)) ;
#3919=CARTESIAN_POINT('Control Point',(57.1325334004,-16.9537241005,-13.5756716946)) ;
#3920=CARTESIAN_POINT('Control Point',(57.6708112695,-17.2526436212,-13.7974902702)) ;
#3921=CARTESIAN_POINT('Control Point',(58.0249291915,-17.6877044528,-14.1350756657)) ;
#3922=CARTESIAN_POINT('Control Point',(58.1439391229,-17.9295385349,-14.3253554195)) ;
#3923=CARTESIAN_POINT('Control Point',(58.198196277,-18.1821306432,-14.5264146561)) ;
#3924=CARTESIAN_POINT('Control Point',(58.1883132473,-18.4321261858,-14.7274703115)) ;
#3925=CARTESIAN_POINT('Control Point',(56.1485592563,-17.4340635135,-12.647413216)) ;
#3926=CARTESIAN_POINT('Control Point',(56.4752683381,-17.444001281,-12.6345947104)) ;
#3927=CARTESIAN_POINT('Control Point',(56.8019839094,-17.507968771,-12.6612157384)) ;
#3928=CARTESIAN_POINT('Control Point',(57.1105069379,-17.6255182122,-12.7280394661)) ;
#3929=CARTESIAN_POINT('Control Point',(57.6550442513,-17.9540762119,-12.9341931667)) ;
#3930=CARTESIAN_POINT('Control Point',(58.0050488109,-18.4249841358,-13.2556556173)) ;
#3931=CARTESIAN_POINT('Control Point',(58.1188763769,-18.6850026944,-13.4378851973)) ;
#3932=CARTESIAN_POINT('Control Point',(58.164830114,-18.9544137775,-13.6309029843)) ;
#3933=CARTESIAN_POINT('Control Point',(58.1441426379,-19.2185431761,-13.8239168928)) ;
#3934=CARTESIAN_POINT('Control Point',(56.0793181072,-18.0313355256,-11.7804768855)) ;
#3935=CARTESIAN_POINT('Control Point',(56.4122516832,-18.0437872315,-11.7620716329)) ;
#3936=CARTESIAN_POINT('Control Point',(56.7451927052,-18.1144269554,-11.7819276636)) ;
#3937=CARTESIAN_POINT('Control Point',(57.0588326144,-18.2426453312,-11.8411707871)) ;
#3938=CARTESIAN_POINT('Control Point',(57.609208705,-18.5986233188,-12.0311216223)) ;
#3939=CARTESIAN_POINT('Control Point',(57.9542080273,-19.1036711675,-12.3350213293)) ;
#3940=CARTESIAN_POINT('Control Point',(58.0622856093,-19.381094195,-12.5083172542)) ;
#3941=CARTESIAN_POINT('Control Point',(58.0993014662,-19.666523503,-12.692328375)) ;
#3942=CARTESIAN_POINT('Control Point',(58.0672081181,-19.943912287,-12.8763353172)) ;
#3943=CARTESIAN_POINT('Control Point',(55.8200370837,-19.6302162942,-9.1261805119)) ;
#3944=CARTESIAN_POINT('Control Point',(56.1710579185,-19.6458563457,-9.09470265182)) ;
#3945=CARTESIAN_POINT('Control Point',(56.5220894396,-19.731961627,-9.09680880471)) ;
#3946=CARTESIAN_POINT('Control Point',(56.850450957,-19.8876861885,-9.13457234385)) ;
#3947=CARTESIAN_POINT('Control Point',(57.4169285001,-20.3172304062,-9.27601894508)) ;
#3948=CARTESIAN_POINT('Control Point',(57.7454712517,-20.9166463196,-9.52341124499)) ;
#3949=CARTESIAN_POINT('Control Point',(57.8356360348,-21.2424298901,-9.66724054539)) ;
#3950=CARTESIAN_POINT('Control Point',(57.8454093438,-21.5721639412,-9.82118637795)) ;
#3951=CARTESIAN_POINT('Control Point',(57.7791184501,-21.8857056671,-9.9751273094)) ;
#3952=CARTESIAN_POINT('Control Point',(55.4788397401,-20.7433913081,-6.1948889073)) ;
#3953=CARTESIAN_POINT('Control Point',(55.8461062856,-20.7527269938,-6.16220027036)) ;
#3954=CARTESIAN_POINT('Control Point',(56.2133875501,-20.8437680892,-6.15464022172)) ;
#3955=CARTESIAN_POINT('Control Point',(56.5546701229,-21.0160396266,-6.17461510963)) ;
#3956=CARTESIAN_POINT('Control Point',(57.1338432328,-21.4971216821,-6.26646008485)) ;
#3957=CARTESIAN_POINT('Control Point',(57.4438607813,-22.1694402376,-6.44237579402)) ;
#3958=CARTESIAN_POINT('Control Point',(57.5156332931,-22.533200202,-6.54653727488)) ;
#3959=CARTESIAN_POINT('Control Point',(57.498648691,-22.8972630809,-6.65885010289)) ;
#3960=CARTESIAN_POINT('Control Point',(57.400009595,-23.2376232569,-6.77115808353)) ;
#3961=CARTESIAN_POINT('Control Point',(55.2866579668,-21.2477950132,-4.16609643296)) ;
#3962=CARTESIAN_POINT('Control Point',(55.6630975697,-21.2509116309,-4.14028823928)) ;
#3963=CARTESIAN_POINT('Control Point',(56.0395547113,-21.3417430774,-4.13207353531)) ;
#3964=CARTESIAN_POINT('Control Point',(56.3880811617,-21.520319104,-4.14347881103)) ;
#3965=CARTESIAN_POINT('Control Point',(56.9741328491,-22.0246555521,-4.20367919855)) ;
#3966=CARTESIAN_POINT('Control Point',(57.2733651609,-22.7328948825,-4.32472181273)) ;
#3967=CARTESIAN_POINT('Control Point',(57.3346548177,-23.1156705062,-4.39706239726)) ;
#3968=CARTESIAN_POINT('Control Point',(57.3027322223,-23.4968241886,-4.47535319425)) ;
#3969=CARTESIAN_POINT('Control Point',(57.186474949,-23.8502069379,-4.55364006457)) ;
#3970=CARTESIAN_POINT('Control Point',(55.1909353227,-21.4999994732,-2.08235290888)) ;
#3971=CARTESIAN_POINT('Control Point',(55.5719848863,-21.4999994536,-2.06952797289)) ;
#3972=CARTESIAN_POINT('Control Point',(55.9530534246,-21.5907060253,-2.06548763419)) ;
#3973=CARTESIAN_POINT('Control Point',(56.3052208777,-21.7724103219,-2.07123344552)) ;
#3974=CARTESIAN_POINT('Control Point',(56.8947336184,-22.2883371788,-2.10136152227)) ;
#3975=CARTESIAN_POINT('Control Point',(57.1885650045,-23.0145388873,-2.1618071435)) ;
#3976=CARTESIAN_POINT('Control Point',(57.2446017962,-23.4068375615,-2.19791656848)) ;
#3977=CARTESIAN_POINT('Control Point',(57.2051961902,-23.7965658229,-2.23698934982)) ;
#3978=CARTESIAN_POINT('Control Point',(57.0801162303,-24.1565016218,-2.27606018443)) ;
#3979=CARTESIAN_POINT('Control Point',(55.1909559516,-21.5000099843,-1.39202428073E-006)) ;
#3980=CARTESIAN_POINT('Control Point',(55.5720050279,-21.5000112559,-1.39967430712E-006)) ;
#3981=CARTESIAN_POINT('Control Point',(55.9530730789,-21.59071889,-1.41354552952E-006)) ;
#3982=CARTESIAN_POINT('Control Point',(56.3052401691,-21.7724239198,-1.43307730571E-006)) ;
#3983=CARTESIAN_POINT('Control Point',(56.8947526745,-22.2883515607,-1.48029564606E-006)) ;
#3984=CARTESIAN_POINT('Control Point',(57.1885849502,-23.0145529454,-1.53599887742E-006)) ;
#3985=CARTESIAN_POINT('Control Point',(57.2446225084,-23.4068512415,-1.56402844276E-006)) ;
#3986=CARTESIAN_POINT('Control Point',(57.2052179433,-23.7965790408,-1.58996562227E-006)) ;
#3987=CARTESIAN_POINT('Control Point',(57.0801391773,-24.1565144087,-1.61213958627E-006)) ;
#3989=CARTESIAN_POINT('Control Point',(56.188309625,-16.0943112436,-14.2555932472)) ;
#3990=CARTESIAN_POINT('Control Point',(56.1883120728,-16.7865360534,-13.4740536156)) ;
#3991=CARTESIAN_POINT('Control Point',(56.1485583216,-17.4340715752,-12.6474015146)) ;
#3992=CARTESIAN_POINT('Control Point',(56.079311633,-18.0313458506,-11.7804691042)) ;
#3993=CARTESIAN_POINT('Control Point',(55.8600534609,-19.3834943215,-9.53574746526)) ;
#3994=CARTESIAN_POINT('Control Point',(55.5821738017,-20.3883011398,-7.09292174215)) ;
#3995=CARTESIAN_POINT('Control Point',(55.4259965716,-20.8565227914,-5.57300643282)) ;
#3996=CARTESIAN_POINT('Control Point',(55.2730610719,-21.2820850809,-3.53413744673)) ;
#3997=CARTESIAN_POINT('Control Point',(55.2066330623,-21.4586743487,-1.45967026471)) ;
#3998=CARTESIAN_POINT('Control Point',(55.196175516,-21.4862296018,-0.973510221834)) ;
#3999=CARTESIAN_POINT('Control Point',(55.1909511297,-21.5000075274,-0.486741579598)) ;
#4000=CARTESIAN_POINT('Control Point',(55.1909559516,-21.5000099843,-1.39202427907E-006)) ;
#4003=CARTESIAN_POINT('Control Point',(58.1883097924,-17.5914563272,-15.5816925389)) ;
#4004=CARTESIAN_POINT('Control Point',(58.1883123503,-18.4321421571,-14.7274519612)) ;
#4005=CARTESIAN_POINT('Control Point',(58.144141466,-19.2185542248,-13.8239024594)) ;
#4006=CARTESIAN_POINT('Control Point',(58.0672008079,-19.9439255918,-12.8763256479)) ;
#4007=CARTESIAN_POINT('Control Point',(57.8235809696,-21.586069412,-10.4227929829)) ;
#4008=CARTESIAN_POINT('Control Point',(57.5148254009,-22.8063769097,-7.75272862112)) ;
#4009=CARTESIAN_POINT('Control Point',(57.3412953361,-23.37501826,-6.09142588546)) ;
#4010=CARTESIAN_POINT('Control Point',(57.1713671158,-23.8918511142,-3.86289434241)) ;
#4011=CARTESIAN_POINT('Control Point',(57.0975581819,-24.1063135021,-1.59545356843)) ;
#4012=CARTESIAN_POINT('Control Point',(57.0859386837,-24.1397785359,-1.06406936447)) ;
#4013=CARTESIAN_POINT('Control Point',(57.0801338135,-24.1565114198,-0.532019942221)) ;
#4014=CARTESIAN_POINT('Control Point',(57.0801391773,-24.1565144087,-1.61227985485E-006)) ;
#4023=CARTESIAN_POINT('Axis2P3D Location',(58.1883069138,-7.55790633813E-015,0.)) ;
#4028=CARTESIAN_POINT('Line Origine',(58.1883069138,-7.55790633813E-015,26.0808515907)) ;
#4032=CARTESIAN_POINT('Vertex',(58.1883069138,-7.55790633813E-015,28.6617031814)) ;
#4035=CARTESIAN_POINT('Line Origine',(58.1883069138,17.5914794382,22.4876208499)) ;
#4039=CARTESIAN_POINT('Vertex',(58.1883069138,17.5914794382,29.3935264163)) ;
#4042=CARTESIAN_POINT('Axis2P3D Location',(58.1883069138,16.,38.7592721526)) ;
#4046=CARTESIAN_POINT('Vertex',(58.1883069138,16.7086247086,29.2857379113)) ;
#4049=CARTESIAN_POINT('Axis2P3D Location',(58.1883069138,2.29585731722E-013,252.661703181)) ;
#4062=CARTESIAN_POINT('Line Origine',(58.1883069138,-17.5914794382,22.4876208499)) ;
#4066=CARTESIAN_POINT('Vertex',(58.1883069138,-17.5914794382,29.3935264386)) ;
#4069=CARTESIAN_POINT('Axis2P3D Location',(58.1883069138,3.15219441287E-014,252.661703181)) ;
#4073=CARTESIAN_POINT('Vertex',(58.1883069138,-16.7086248381,29.285737921)) ;
#4076=CARTESIAN_POINT('Axis2P3D Location',(58.1883069138,-16.,38.7592721526)) ;
#4089=CARTESIAN_POINT('Axis2P3D Location',(56.1883069138,16.,38.7592721526)) ;
#4094=CARTESIAN_POINT('Axis2P3D Location',(56.1883069138,17.5914794382,48.125017889)) ;
#4098=CARTESIAN_POINT('Vertex',(56.1883068914,17.2564312864,46.1532819188)) ;
#4100=CARTESIAN_POINT('Vertex',(58.1883069138,17.5914794382,48.1250178667)) ;
#4103=CARTESIAN_POINT('Axis2P3D Location',(58.1883069138,16.,38.7592721526)) ;
#4107=CARTESIAN_POINT('Vertex',(58.1883069138,15.2913755096,48.2328064103)) ;
#4110=CARTESIAN_POINT('Axis2P3D Location',(56.1883069138,15.2913755096,48.2328064103)) ;
#4114=CARTESIAN_POINT('Vertex',(56.1883069138,15.4405594406,46.2383781327)) ;
#4117=CARTESIAN_POINT('Axis2P3D Location',(56.1883069138,16.,38.7592721526)) ;
#4129=CARTESIAN_POINT('Axis2P3D Location',(56.1883069138,-2.44249065418E-014,252.661703181)) ;
#4134=CARTESIAN_POINT('Axis2P3D Location',(58.1883069138,-2.44249065418E-014,252.661703181)) ;
#4138=CARTESIAN_POINT('Vertex',(58.1883069138,-7.55790633813E-015,47.6617031814)) ;
#4141=CARTESIAN_POINT('Axis2P3D Location',(56.1883069138,8.22605872308E-014,47.6617031814)) ;
#4145=CARTESIAN_POINT('Vertex',(56.1883069138,3.29680582642E-013,45.6617031814)) ;
#4148=CARTESIAN_POINT('Axis2P3D Location',(56.1883069138,-2.44249065418E-014,252.661703181)) ;
#4160=CARTESIAN_POINT('Axis2P3D Location',(56.1883069138,7.06101843662E-012,252.661703182)) ;
#4165=CARTESIAN_POINT('Axis2P3D Location',(58.1883069138,7.06101843662E-012,252.661703182)) ;
#4169=CARTESIAN_POINT('Vertex',(58.1883069138,-15.2913752989,48.2328063943)) ;
#4172=CARTESIAN_POINT('Axis2P3D Location',(56.1883069138,-15.2913752988,48.2328063947)) ;
#4176=CARTESIAN_POINT('Vertex',(56.1883069138,-15.4405594406,46.2383781327)) ;
#4179=CARTESIAN_POINT('Axis2P3D Location',(56.1883069138,7.06101843662E-012,252.661703182)) ;
#4191=CARTESIAN_POINT('Axis2P3D Location',(56.1883069138,-16.,38.7592721526)) ;
#4196=CARTESIAN_POINT('Axis2P3D Location',(58.1883069138,-16.,38.7592721526)) ;
#4200=CARTESIAN_POINT('Vertex',(58.1883069138,-17.5914794382,48.125017889)) ;
#4203=CARTESIAN_POINT('Axis2P3D Location',(56.1883069138,-17.5914794382,48.125017889)) ;
#4207=CARTESIAN_POINT('Vertex',(56.1883069138,-17.2564313155,46.1532819139)) ;
#4210=CARTESIAN_POINT('Axis2P3D Location',(56.1883069138,-16.,38.7592721526)) ;
#4223=CARTESIAN_POINT('Control Point',(58.1883109549,-17.5914688104,48.1250314327)) ;
#4224=CARTESIAN_POINT('Control Point',(58.188311334,-17.5388398393,47.8153111895)) ;
#4225=CARTESIAN_POINT('Control Point',(58.126640421,-17.4862100674,47.5055860394)) ;
#4226=CARTESIAN_POINT('Control Point',(58.003205496,-17.4362892828,47.2118030212)) ;
#4227=CARTESIAN_POINT('Control Point',(57.6461334761,-17.3472501502,46.6878087219)) ;
#4228=CARTESIAN_POINT('Control Point',(57.1146285943,-17.2874326366,46.3357824068)) ;
#4229=CARTESIAN_POINT('Control Point',(56.8166346866,-17.2667545991,46.2140917117)) ;
#4230=CARTESIAN_POINT('Control Point',(56.5024701421,-17.2564234662,46.1532922536)) ;
#4231=CARTESIAN_POINT('Control Point',(56.188310574,-17.2564236967,46.1532926231)) ;
#4232=CARTESIAN_POINT('Control Point',(58.1883212349,-19.4660795717,47.8383702641)) ;
#4233=CARTESIAN_POINT('Control Point',(58.1932552348,-19.357131435,47.5350332801)) ;
#4234=CARTESIAN_POINT('Control Point',(58.1352853986,-19.2424010741,47.2316911986)) ;
#4235=CARTESIAN_POINT('Control Point',(58.014059471,-19.1275437416,46.9442823144)) ;
#4236=CARTESIAN_POINT('Control Point',(57.6584620437,-18.9100772482,46.4329926654)) ;
#4237=CARTESIAN_POINT('Control Point',(57.1235757034,-18.7372745087,46.0931948544)) ;
#4238=CARTESIAN_POINT('Control Point',(56.8229263437,-18.6671140423,45.9774066208)) ;
#4239=CARTESIAN_POINT('Control Point',(56.505620459,-18.6170037046,45.9221168689)) ;
#4240=CARTESIAN_POINT('Control Point',(56.1883198939,-18.5883841581,45.9269811196)) ;
#4241=CARTESIAN_POINT('Control Point',(57.9677355249,-21.2785149231,47.168184274)) ;
#4242=CARTESIAN_POINT('Control Point',(57.9908161345,-21.1133154786,46.8761033693)) ;
#4243=CARTESIAN_POINT('Control Point',(57.9471774773,-20.9364753811,46.5840164986)) ;
#4244=CARTESIAN_POINT('Control Point',(57.8354867757,-20.7568849877,46.3084086364)) ;
#4245=CARTESIAN_POINT('Control Point',(57.4893185337,-20.4124961763,45.8228684136)) ;
#4246=CARTESIAN_POINT('Control Point',(56.9478415418,-20.1311070207,45.5133735608)) ;
#4247=CARTESIAN_POINT('Control Point',(56.6406763804,-20.0145683785,45.4139603552)) ;
#4248=CARTESIAN_POINT('Control Point',(56.3152310859,-19.9286965264,45.3758733564)) ;
#4249=CARTESIAN_POINT('Control Point',(55.9897924291,-19.876166352,45.3978872621)) ;
#4250=CARTESIAN_POINT('Control Point',(57.5624197354,-22.8649622753,46.1457221211)) ;
#4251=CARTESIAN_POINT('Control Point',(57.6144759427,-22.648288078,45.8699592576)) ;
#4252=CARTESIAN_POINT('Control Point',(57.5939055438,-22.41289388,45.5941888468)) ;
#4253=CARTESIAN_POINT('Control Point',(57.4977634973,-22.1716594043,45.3359035212)) ;
#4254=CARTESIAN_POINT('Control Point',(57.1675785251,-21.7076268791,44.8889681254)) ;
#4255=CARTESIAN_POINT('Control Point',(56.6169711854,-21.3303868764,44.6264079999)) ;
#4256=CARTESIAN_POINT('Control Point',(56.3001952725,-21.1760196979,44.5526856165)) ;
#4257=CARTESIAN_POINT('Control Point',(55.9625979317,-21.0657180275,44.541747273)) ;
#4258=CARTESIAN_POINT('Control Point',(55.6250090203,-21.0033803131,44.5906792704)) ;
#4259=CARTESIAN_POINT('Control Point',(56.8938624865,-24.7603612032,44.2405951549)) ;
#4260=CARTESIAN_POINT('Control Point',(57.0009035644,-24.4720850395,44.0092691194)) ;
#4261=CARTESIAN_POINT('Control Point',(57.0260253566,-24.1529174355,43.7779320755)) ;
#4262=CARTESIAN_POINT('Control Point',(56.9614534319,-23.823515974,43.5639856138)) ;
#4263=CARTESIAN_POINT('Control Point',(56.6633974955,-23.1945912297,43.2052023417)) ;
#4264=CARTESIAN_POINT('Control Point',(56.0917896191,-22.7055014777,43.0247849873)) ;
#4265=CARTESIAN_POINT('Control Point',(55.7532932402,-22.516119416,42.9894667694)) ;
#4266=CARTESIAN_POINT('Control Point',(55.3882922127,-22.396538753,43.0119771424)) ;
#4267=CARTESIAN_POINT('Control Point',(55.0233066722,-22.3501099008,43.0866327584)) ;
#4268=CARTESIAN_POINT('Control Point',(56.4006100068,-25.8671084825,41.84481995)) ;
#4269=CARTESIAN_POINT('Control Point',(56.5538328168,-25.5287135753,41.70407901)) ;
#4270=CARTESIAN_POINT('Control Point',(56.6183599852,-25.1500802356,41.5633292148)) ;
#4271=CARTESIAN_POINT('Control Point',(56.5814283372,-24.7585916084,41.4341575505)) ;
#4272=CARTESIAN_POINT('Control Point',(56.3112361045,-24.0181213583,41.2217593378)) ;
#4273=CARTESIAN_POINT('Control Point',(55.7196353649,-23.4669252577,41.12618212)) ;
#4274=CARTESIAN_POINT('Control Point',(55.3607389529,-23.2650374108,41.1140376007)) ;
#4275=CARTESIAN_POINT('Control Point',(54.9700474672,-23.1545025307,41.1386398378)) ;
#4276=CARTESIAN_POINT('Control Point',(54.579379814,-23.1364835249,41.1952307856)) ;
#4277=CARTESIAN_POINT('Control Point',(56.2767493086,-26.1272112643,41.0560473346)) ;
#4278=CARTESIAN_POINT('Control Point',(56.4422752181,-25.7760518155,40.9487048395)) ;
#4279=CARTESIAN_POINT('Control Point',(56.5174023982,-25.3822319113,40.8413550316)) ;
#4280=CARTESIAN_POINT('Control Point',(56.4879454665,-24.9749599779,40.7430683767)) ;
#4281=CARTESIAN_POINT('Control Point',(56.2252562692,-24.2066039006,40.5824434944)) ;
#4282=CARTESIAN_POINT('Control Point',(55.6280744299,-23.6412443143,40.5128050952)) ;
#4283=CARTESIAN_POINT('Control Point',(55.2635145715,-23.4373387807,40.5056740133)) ;
#4284=CARTESIAN_POINT('Control Point',(54.8656966729,-23.3305503254,40.5268929601)) ;
#4285=CARTESIAN_POINT('Control Point',(54.467905103,-23.3212932736,40.5725155686)) ;
#4286=CARTESIAN_POINT('Control Point',(56.0619387985,-26.5699647358,38.839233716)) ;
#4287=CARTESIAN_POINT('Control Point',(56.2493755243,-26.1963386438,38.8335414201)) ;
#4288=CARTESIAN_POINT('Control Point',(56.3434484953,-25.7758180432,38.8278482993)) ;
#4289=CARTESIAN_POINT('Control Point',(56.3273802856,-25.3408834501,38.8228097149)) ;
#4290=CARTESIAN_POINT('Control Point',(56.0781058324,-24.524011273,38.8153157691)) ;
#4291=CARTESIAN_POINT('Control Point',(55.470795346,-23.9349394992,38.8140441282)) ;
#4292=CARTESIAN_POINT('Control Point',(55.0959805101,-23.7282570836,38.8152460138)) ;
#4293=CARTESIAN_POINT('Control Point',(54.6852625316,-23.6289190516,38.8181811893)) ;
#4294=CARTESIAN_POINT('Control Point',(54.2745755519,-23.6358811274,38.8223999577)) ;
#4295=CARTESIAN_POINT('Control Point',(56.2027319088,-26.2776521774,36.5541380317)) ;
#4296=CARTESIAN_POINT('Control Point',(56.3758339534,-25.9187875432,36.6609195222)) ;
#4297=CARTESIAN_POINT('Control Point',(56.4575170513,-25.5157972628,36.7677091251)) ;
#4298=CARTESIAN_POINT('Control Point',(56.4326944887,-25.0990223161,36.8651513403)) ;
#4299=CARTESIAN_POINT('Control Point',(56.1746475879,-24.3140235151,37.0229848426)) ;
#4300=CARTESIAN_POINT('Control Point',(55.5739539598,-23.74062483,37.0876469731)) ;
#4301=CARTESIAN_POINT('Control Point',(55.2058395688,-23.5358482787,37.0917319913)) ;
#4302=CARTESIAN_POINT('Control Point',(54.8035505679,-23.4317341823,37.0671800442)) ;
#4303=CARTESIAN_POINT('Control Point',(54.401289509,-23.4281856008,37.0183763568)) ;
#4304=CARTESIAN_POINT('Control Point',(56.4529890808,-25.7850532569,35.191814245)) ;
#4305=CARTESIAN_POINT('Control Point',(56.5999348024,-25.4523072334,35.3555284302)) ;
#4306=CARTESIAN_POINT('Control Point',(56.6589081099,-25.0804603143,35.5192528702)) ;
#4307=CARTESIAN_POINT('Control Point',(56.6180044048,-24.6959170991,35.6694427835)) ;
#4308=CARTESIAN_POINT('Control Point',(56.3438707055,-23.9670047935,35.916109452)) ;
#4309=CARTESIAN_POINT('Control Point',(55.7554823253,-23.4195696711,36.0261763635)) ;
#4310=CARTESIAN_POINT('Control Point',(55.3998025047,-23.2168004775,36.0395270124)) ;
#4311=CARTESIAN_POINT('Control Point',(55.0131504982,-23.102408964,36.0098947929)) ;
#4312=CARTESIAN_POINT('Control Point',(54.6265206923,-23.078180728,35.9428578226)) ;
#4313=CARTESIAN_POINT('Control Point',(57.0960674494,-24.300528714,32.6870708785)) ;
#4314=CARTESIAN_POINT('Control Point',(57.1860310432,-24.0311946171,32.9331604446)) ;
#4315=CARTESIAN_POINT('Control Point',(57.1968145367,-23.7345701492,33.1792598297)) ;
#4316=CARTESIAN_POINT('Control Point',(57.1222753062,-23.4289293761,33.4078094811)) ;
#4317=CARTESIAN_POINT('Control Point',(56.8140767601,-22.8436603706,33.7951113319)) ;
#4318=CARTESIAN_POINT('Control Point',(56.2492100957,-22.381383113,34.0006840903)) ;
#4319=CARTESIAN_POINT('Control Point',(55.9176854455,-22.1988800245,34.0472672768)) ;
#4320=CARTESIAN_POINT('Control Point',(55.5614819891,-22.0782939078,34.0339090511)) ;
#4321=CARTESIAN_POINT('Control Point',(55.2052915769,-22.023387438,33.9654292443)) ;
#4322=CARTESIAN_POINT('Control Point',(57.7631234405,-21.9862497253,30.8559477977)) ;
#4323=CARTESIAN_POINT('Control Point',(57.8005423877,-21.7978782628,31.1400276939)) ;
#4324=CARTESIAN_POINT('Control Point',(57.7683158466,-21.5945260676,31.4241143674)) ;
#4325=CARTESIAN_POINT('Control Point',(57.6643248116,-21.386970839,31.691212134)) ;
#4326=CARTESIAN_POINT('Control Point',(57.3261115185,-20.9884072617,32.1577257813)) ;
#4327=CARTESIAN_POINT('Control Point',(56.7802305509,-20.6641773234,32.4439686826)) ;
#4328=CARTESIAN_POINT('Control Point',(56.4683841054,-20.5310183419,32.5306268568)) ;
#4329=CARTESIAN_POINT('Control Point',(56.1370090961,-20.4348897939,32.5552150014)) ;
#4330=CARTESIAN_POINT('Control Point',(55.8056415969,-20.3790308251,32.5198053428)) ;
#4331=CARTESIAN_POINT('Control Point',(58.0403472661,-20.6235333551,30.1203950733)) ;
#4332=CARTESIAN_POINT('Control Point',(58.057248026,-20.478663153,30.4164935508)) ;
#4333=CARTESIAN_POINT('Control Point',(58.0087282633,-20.3242543208,30.7125977203)) ;
#4334=CARTESIAN_POINT('Control Point',(57.8937940469,-20.1680339959,30.9923841349)) ;
#4335=CARTESIAN_POINT('Control Point',(57.5444428672,-19.8694586686,31.486915113)) ;
#4336=CARTESIAN_POINT('Control Point',(57.0052802902,-19.6272832566,31.80672015)) ;
#4337=CARTESIAN_POINT('Control Point',(56.7003801253,-19.5275075543,31.9116377077)) ;
#4338=CARTESIAN_POINT('Control Point',(56.3777586028,-19.4545938161,31.9554497965)) ;
#4339=CARTESIAN_POINT('Control Point',(56.0551432323,-19.410785219,31.9391060563)) ;
#4340=CARTESIAN_POINT('Control Point',(58.1883066733,-19.1283222228,29.628561083)) ;
#4341=CARTESIAN_POINT('Control Point',(58.1923508589,-19.0295214172,29.9330464106)) ;
#4342=CARTESIAN_POINT('Control Point',(58.1337135408,-18.9259800597,30.2375368013)) ;
#4343=CARTESIAN_POINT('Control Point',(58.0120892734,-18.8228226892,30.5260925324)) ;
#4344=CARTESIAN_POINT('Control Point',(57.6562260945,-18.628495584,31.0396686032)) ;
#4345=CARTESIAN_POINT('Control Point',(57.1219499322,-18.4760498119,31.3816685691)) ;
#4346=CARTESIAN_POINT('Control Point',(56.821779677,-18.4148047272,31.4985201907)) ;
#4347=CARTESIAN_POINT('Control Point',(56.505040543,-18.3718614497,31.5548030647)) ;
#4348=CARTESIAN_POINT('Control Point',(56.1883066705,-18.3483982789,31.5508160269)) ;
#4349=CARTESIAN_POINT('Control Point',(58.1883068922,-17.5914791966,29.3935264386)) ;
#4350=CARTESIAN_POINT('Control Point',(58.1883068954,-17.5388499372,29.7032459978)) ;
#4351=CARTESIAN_POINT('Control Point',(58.1266357119,-17.4862198448,30.0129704639)) ;
#4352=CARTESIAN_POINT('Control Point',(58.0032006416,-17.4362987182,30.3067528573)) ;
#4353=CARTESIAN_POINT('Control Point',(57.6461285759,-17.3472588872,30.8307461428)) ;
#4354=CARTESIAN_POINT('Control Point',(57.1146240521,-17.2874407049,31.1827720545)) ;
#4355=CARTESIAN_POINT('Control Point',(56.8166304034,-17.2667623552,31.3044627362)) ;
#4356=CARTESIAN_POINT('Control Point',(56.5024661587,-17.2564309474,31.3652623802)) ;
#4357=CARTESIAN_POINT('Control Point',(56.1883068914,-17.2564309517,31.3652623765)) ;
#4359=CARTESIAN_POINT('Control Point',(58.188310955,-17.5914812191,48.1250295352)) ;
#4360=CARTESIAN_POINT('Control Point',(58.188314873,-18.3971051454,48.0018344867)) ;
#4361=CARTESIAN_POINT('Control Point',(58.1477541806,-19.1907963052,47.8082727055)) ;
#4362=CARTESIAN_POINT('Control Point',(58.0690226327,-19.9606966401,47.5456585844)) ;
#4363=CARTESIAN_POINT('Control Point',(57.8116138746,-21.6737166394,46.7833553732)) ;
#4364=CARTESIAN_POINT('Control Point',(57.4257510899,-23.1598263957,45.6942177104)) ;
#4365=CARTESIAN_POINT('Control Point',(57.1824047143,-23.9170400619,44.9763290357)) ;
#4366=CARTESIAN_POINT('Control Point',(56.7479423964,-25.0876315745,43.531880449)) ;
#4367=CARTESIAN_POINT('Control Point',(56.4006532974,-25.8671237283,41.8450037127)) ;
#4368=CARTESIAN_POINT('Control Point',(56.2767567698,-26.1272243035,41.0562093871)) ;
#4369=CARTESIAN_POINT('Control Point',(56.1375622724,-26.4140729766,39.6195925594)) ;
#4370=CARTESIAN_POINT('Control Point',(56.1476762661,-26.3923750527,38.1548116955)) ;
#4371=CARTESIAN_POINT('Control Point',(56.1814463416,-26.3243442294,37.5267922718)) ;
#4372=CARTESIAN_POINT('Control Point',(56.3183524407,-26.0426665497,36.1330447872)) ;
#4373=CARTESIAN_POINT('Control Point',(56.5671825338,-25.4912104011,34.8306121004)) ;
#4374=CARTESIAN_POINT('Control Point',(56.7311440284,-25.106911081,34.1439090266)) ;
#4375=CARTESIAN_POINT('Control Point',(57.0712480693,-24.2344522824,32.9061198163)) ;
#4376=CARTESIAN_POINT('Control Point',(57.4177579539,-23.1338418665,31.853964079)) ;
#4377=CARTESIAN_POINT('Control Point',(57.5779284374,-22.5545448601,31.3925289545)) ;
#4378=CARTESIAN_POINT('Control Point',(57.871919931,-21.2939272824,30.5592162322)) ;
#4379=CARTESIAN_POINT('Control Point',(58.0767291297,-19.8837888821,29.9469588108)) ;
#4380=CARTESIAN_POINT('Control Point',(58.1504056476,-19.1380013,29.6974926574)) ;
#4381=CARTESIAN_POINT('Control Point',(58.1883067813,-18.3702014092,29.5126190819)) ;
#4382=CARTESIAN_POINT('Control Point',(58.1883068922,-17.5914791966,29.3935264386)) ;
#4385=CARTESIAN_POINT('Control Point',(58.1883068922,-17.5914791966,29.3935264386)) ;
#4386=CARTESIAN_POINT('Control Point',(58.1883068986,-17.4862206779,30.012965557)) ;
#4387=CARTESIAN_POINT('Control Point',(57.9422768936,-17.3808639552,30.6329826163)) ;
#4388=CARTESIAN_POINT('Control Point',(57.4455301865,-17.2976468991,31.1227092833)) ;
#4389=CARTESIAN_POINT('Control Point',(56.8166254261,-17.256430943,31.3652623839)) ;
#4390=CARTESIAN_POINT('Control Point',(56.1883068914,-17.2564309517,31.3652623765)) ;
#4391=CARTESIAN_POINT('Vertex',(56.1883068914,-17.2564312864,31.3652623865)) ;
#4395=CARTESIAN_POINT('Control Point',(56.188310574,-17.2564326902,46.153291095)) ;
#4396=CARTESIAN_POINT('Control Point',(56.1883141205,-17.8288497319,46.056031815)) ;
#4397=CARTESIAN_POINT('Control Point',(56.1518095394,-18.3927882022,45.9032198379)) ;
#4398=CARTESIAN_POINT('Control Point',(56.0809511723,-18.9398225327,45.6958928722)) ;
#4399=CARTESIAN_POINT('Control Point',(55.8492830051,-20.156967906,45.0940748258)) ;
#4400=CARTESIAN_POINT('Control Point',(55.5020068902,-21.212888471,44.2342289683)) ;
#4401=CARTESIAN_POINT('Control Point',(55.2829951623,-21.7509087509,43.6674746338)) ;
#4402=CARTESIAN_POINT('Control Point',(54.8919786669,-22.5826442329,42.527121063)) ;
#4403=CARTESIAN_POINT('Control Point',(54.5794188031,-23.1364943923,41.1953758128)) ;
#4404=CARTESIAN_POINT('Control Point',(54.4679118142,-23.3213025376,40.5726433618)) ;
#4405=CARTESIAN_POINT('Control Point',(54.3426367138,-23.5251159796,39.4384726952)) ;
#4406=CARTESIAN_POINT('Control Point',(54.3517393481,-23.5096991012,38.2820663605)) ;
#4407=CARTESIAN_POINT('Control Point',(54.3821323413,-23.4613612887,37.7862615717)) ;
#4408=CARTESIAN_POINT('Control Point',(54.5053479605,-23.261222095,36.6859349462)) ;
#4409=CARTESIAN_POINT('Control Point',(54.7292948805,-22.8693977246,35.6576981913)) ;
#4410=CARTESIAN_POINT('Control Point',(54.8768601766,-22.5963429061,35.1155642622)) ;
#4411=CARTESIAN_POINT('Control Point',(55.1829540847,-21.9764383299,34.1383625621)) ;
#4412=CARTESIAN_POINT('Control Point',(55.4948127277,-21.1944253303,33.3077130083)) ;
#4413=CARTESIAN_POINT('Control Point',(55.6389661769,-20.7828195809,32.9434221588)) ;
#4414=CARTESIAN_POINT('Control Point',(55.9035587404,-19.8871179093,32.2855438977)) ;
#4415=CARTESIAN_POINT('Control Point',(56.087886794,-18.8851771676,31.802182566)) ;
#4416=CARTESIAN_POINT('Control Point',(56.154195717,-18.3552754415,31.6052356666)) ;
#4417=CARTESIAN_POINT('Control Point',(56.1883067794,-17.8097335328,31.4592828761)) ;
#4418=CARTESIAN_POINT('Control Point',(56.1883068914,-17.2564309517,31.3652623765)) ;
#4427=CARTESIAN_POINT('Axis2P3D Location',(56.1883069138,-16.,38.7592721526)) ;
#4432=CARTESIAN_POINT('Axis2P3D Location',(56.1883069138,-16.7086248381,29.285737921)) ;
#4436=CARTESIAN_POINT('Vertex',(56.1883069138,-16.5594405594,31.2801661726)) ;
#4439=CARTESIAN_POINT('Axis2P3D Location',(56.1883069138,-16.,38.7592721526)) ;
#4451=CARTESIAN_POINT('Axis2P3D Location',(56.1883069138,3.19744231092E-014,252.661703181)) ;
#4456=CARTESIAN_POINT('Axis2P3D Location',(56.1883069138,8.65973959208E-015,28.6617031814)) ;
#4460=CARTESIAN_POINT('Vertex',(56.1883069138,-4.35131956758E-013,30.6617031814)) ;
#4463=CARTESIAN_POINT('Axis2P3D Location',(56.1883069138,3.19744231092E-014,252.661703181)) ;
#4475=CARTESIAN_POINT('Axis2P3D Location',(56.1883069138,2.30038210702E-013,252.661703181)) ;
#4480=CARTESIAN_POINT('Axis2P3D Location',(56.1883069138,16.7086247086,29.2857379113)) ;
#4484=CARTESIAN_POINT('Vertex',(56.1883069138,16.5594405594,31.2801661726)) ;
#4487=CARTESIAN_POINT('Axis2P3D Location',(56.1883069138,2.30038210702E-013,252.661703181)) ;
#4499=CARTESIAN_POINT('Axis2P3D Location',(56.1883069138,16.,38.7592721526)) ;
#4504=CARTESIAN_POINT('Axis2P3D Location',(56.1883069138,17.5914794382,29.3935264163)) ;
#4508=CARTESIAN_POINT('Vertex',(56.1883069138,17.2564311658,31.3652623659)) ;
#4511=CARTESIAN_POINT('Axis2P3D Location',(56.1883069138,16.,38.7592721526)) ;
#4524=CARTESIAN_POINT('Control Point',(58.1883109549,17.5914688104,29.3935128725)) ;
#4525=CARTESIAN_POINT('Control Point',(58.188311334,17.5388398393,29.7032331158)) ;
#4526=CARTESIAN_POINT('Control Point',(58.126640421,17.4862100674,30.0129582659)) ;
#4527=CARTESIAN_POINT('Control Point',(58.003205496,17.4362892828,30.3067412841)) ;
#4528=CARTESIAN_POINT('Control Point',(57.6461334761,17.3472501502,30.8307355834)) ;
#4529=CARTESIAN_POINT('Control Point',(57.1146285943,17.2874326366,31.1827618984)) ;
#4530=CARTESIAN_POINT('Control Point',(56.8166346866,17.2667545991,31.3044525936)) ;
#4531=CARTESIAN_POINT('Control Point',(56.5024701421,17.2564234662,31.3652520517)) ;
#4532=CARTESIAN_POINT('Control Point',(56.188310574,17.2564236967,31.3652516822)) ;
#4533=CARTESIAN_POINT('Control Point',(58.1883212349,19.4660795717,29.6801740412)) ;
#4534=CARTESIAN_POINT('Control Point',(58.1932552348,19.3571314349,29.9835110252)) ;
#4535=CARTESIAN_POINT('Control Point',(58.1352853986,19.2424010741,30.2868531066)) ;
#4536=CARTESIAN_POINT('Control Point',(58.014059471,19.1275437416,30.5742619908)) ;
#4537=CARTESIAN_POINT('Control Point',(57.6584620437,18.9100772482,31.0855516399)) ;
#4538=CARTESIAN_POINT('Control Point',(57.1235757034,18.7372745087,31.4253494509)) ;
#4539=CARTESIAN_POINT('Control Point',(56.8229263437,18.6671140423,31.5411376844)) ;
#4540=CARTESIAN_POINT('Control Point',(56.505620459,18.6170037046,31.5964274363)) ;
#4541=CARTESIAN_POINT('Control Point',(56.1883198939,18.5883841581,31.5915631856)) ;
#4542=CARTESIAN_POINT('Control Point',(57.9677355249,21.278514923,30.3503600312)) ;
#4543=CARTESIAN_POINT('Control Point',(57.9908161345,21.1133154785,30.6424409359)) ;
#4544=CARTESIAN_POINT('Control Point',(57.9471774773,20.936475381,30.9345278066)) ;
#4545=CARTESIAN_POINT('Control Point',(57.8354867757,20.7568849876,31.2101356689)) ;
#4546=CARTESIAN_POINT('Control Point',(57.4893185337,20.4124961762,31.6956758916)) ;
#4547=CARTESIAN_POINT('Control Point',(56.9478415418,20.1311070207,32.0051707445)) ;
#4548=CARTESIAN_POINT('Control Point',(56.6406763804,20.0145683784,32.1045839501)) ;
#4549=CARTESIAN_POINT('Control Point',(56.3152310859,19.9286965264,32.1426709488)) ;
#4550=CARTESIAN_POINT('Control Point',(55.9897924291,19.876166352,32.1206570431)) ;
#4551=CARTESIAN_POINT('Control Point',(57.5624197355,22.8649622753,31.3728221841)) ;
#4552=CARTESIAN_POINT('Control Point',(57.6144759427,22.648288078,31.6485850476)) ;
#4553=CARTESIAN_POINT('Control Point',(57.5939055438,22.4128938799,31.9243554584)) ;
#4554=CARTESIAN_POINT('Control Point',(57.4977634973,22.1716594042,32.182640784)) ;
#4555=CARTESIAN_POINT('Control Point',(57.1675785251,21.707626879,32.6295761799)) ;
#4556=CARTESIAN_POINT('Control Point',(56.6169711854,21.3303868763,32.8921363054)) ;
#4557=CARTESIAN_POINT('Control Point',(56.3001952725,21.1760196979,32.9658586887)) ;
#4558=CARTESIAN_POINT('Control Point',(55.9625979317,21.0657180275,32.9767970323)) ;
#4559=CARTESIAN_POINT('Control Point',(55.6250090204,21.003380313,32.9278650349)) ;
#4560=CARTESIAN_POINT('Control Point',(56.8938624865,24.7603612032,33.2779491504)) ;
#4561=CARTESIAN_POINT('Control Point',(57.0009035644,24.4720850395,33.5092751858)) ;
#4562=CARTESIAN_POINT('Control Point',(57.0260253566,24.1529174355,33.7406122298)) ;
#4563=CARTESIAN_POINT('Control Point',(56.9614534319,23.823515974,33.9545586915)) ;
#4564=CARTESIAN_POINT('Control Point',(56.6633974955,23.1945912296,34.3133419635)) ;
#4565=CARTESIAN_POINT('Control Point',(56.0917896191,22.7055014777,34.4937593179)) ;
#4566=CARTESIAN_POINT('Control Point',(55.7532932402,22.516119416,34.5290775359)) ;
#4567=CARTESIAN_POINT('Control Point',(55.3882922127,22.396538753,34.5065671629)) ;
#4568=CARTESIAN_POINT('Control Point',(55.0233066723,22.3501099008,34.4319115468)) ;
#4569=CARTESIAN_POINT('Control Point',(56.4006100069,25.8671084825,35.6737243552)) ;
#4570=CARTESIAN_POINT('Control Point',(56.5538328168,25.5287135753,35.8144652952)) ;
#4571=CARTESIAN_POINT('Control Point',(56.6183599852,25.1500802356,35.9552150904)) ;
#4572=CARTESIAN_POINT('Control Point',(56.5814283372,24.7585916083,36.0843867547)) ;
#4573=CARTESIAN_POINT('Control Point',(56.3112361045,24.0181213583,36.2967849674)) ;
#4574=CARTESIAN_POINT('Control Point',(55.7196353649,23.4669252577,36.3923621852)) ;
#4575=CARTESIAN_POINT('Control Point',(55.3607389529,23.2650374108,36.4045067046)) ;
#4576=CARTESIAN_POINT('Control Point',(54.9700474673,23.1545025307,36.3799044674)) ;
#4577=CARTESIAN_POINT('Control Point',(54.579379814,23.1364835249,36.3233135197)) ;
#4578=CARTESIAN_POINT('Control Point',(56.2767493086,26.1272112643,36.4624969708)) ;
#4579=CARTESIAN_POINT('Control Point',(56.4422752181,25.7760518155,36.5698394659)) ;
#4580=CARTESIAN_POINT('Control Point',(56.5174023982,25.3822319113,36.6771892738)) ;
#4581=CARTESIAN_POINT('Control Point',(56.4879454665,24.9749599779,36.7754759287)) ;
#4582=CARTESIAN_POINT('Control Point',(56.2252562692,24.2066039006,36.936100811)) ;
#4583=CARTESIAN_POINT('Control Point',(55.6280744299,23.6412443143,37.0057392101)) ;
#4584=CARTESIAN_POINT('Control Point',(55.2635145715,23.4373387807,37.0128702921)) ;
#4585=CARTESIAN_POINT('Control Point',(54.8656966729,23.3305503254,36.9916513452)) ;
#4586=CARTESIAN_POINT('Control Point',(54.467905103,23.3212932736,36.9460287367)) ;
#4587=CARTESIAN_POINT('Control Point',(56.0619387985,26.5699647358,38.6793105891)) ;
#4588=CARTESIAN_POINT('Control Point',(56.2493755243,26.1963386438,38.685002885)) ;
#4589=CARTESIAN_POINT('Control Point',(56.3434484953,25.7758180432,38.6906960058)) ;
#4590=CARTESIAN_POINT('Control Point',(56.3273802856,25.3408834501,38.6957345902)) ;
#4591=CARTESIAN_POINT('Control Point',(56.0781058324,24.524011273,38.703228536)) ;
#4592=CARTESIAN_POINT('Control Point',(55.470795346,23.9349394992,38.704500177)) ;
#4593=CARTESIAN_POINT('Control Point',(55.0959805101,23.7282570836,38.7032982914)) ;
#4594=CARTESIAN_POINT('Control Point',(54.6852625316,23.6289190516,38.7003631159)) ;
#4595=CARTESIAN_POINT('Control Point',(54.2745755519,23.6358811274,38.6961443475)) ;
#4596=CARTESIAN_POINT('Control Point',(56.2027319088,26.2776521774,40.9644062737)) ;
#4597=CARTESIAN_POINT('Control Point',(56.3758339534,25.9187875432,40.8576247832)) ;
#4598=CARTESIAN_POINT('Control Point',(56.4575170513,25.5157972628,40.7508351803)) ;
#4599=CARTESIAN_POINT('Control Point',(56.4326944887,25.0990223161,40.6533929651)) ;
#4600=CARTESIAN_POINT('Control Point',(56.1746475879,24.3140235151,40.4955594628)) ;
#4601=CARTESIAN_POINT('Control Point',(55.5739539598,23.74062483,40.4308973323)) ;
#4602=CARTESIAN_POINT('Control Point',(55.2058395688,23.5358482787,40.4268123141)) ;
#4603=CARTESIAN_POINT('Control Point',(54.8035505679,23.4317341823,40.4513642612)) ;
#4604=CARTESIAN_POINT('Control Point',(54.401289509,23.4281856008,40.5001679486)) ;
#4605=CARTESIAN_POINT('Control Point',(56.4529890808,25.7850532568,42.3267300603)) ;
#4606=CARTESIAN_POINT('Control Point',(56.5999348024,25.4523072333,42.1630158751)) ;
#4607=CARTESIAN_POINT('Control Point',(56.6589081099,25.0804603142,41.9992914351)) ;
#4608=CARTESIAN_POINT('Control Point',(56.6180044048,24.695917099,41.8491015218)) ;
#4609=CARTESIAN_POINT('Control Point',(56.3438707055,23.9670047934,41.6024348533)) ;
#4610=CARTESIAN_POINT('Control Point',(55.7554823254,23.419569671,41.4923679418)) ;
#4611=CARTESIAN_POINT('Control Point',(55.3998025047,23.2168004775,41.479017293)) ;
#4612=CARTESIAN_POINT('Control Point',(55.0131504982,23.1024089639,41.5086495124)) ;
#4613=CARTESIAN_POINT('Control Point',(54.6265206923,23.078180728,41.5756864827)) ;
#4614=CARTESIAN_POINT('Control Point',(57.0960674494,24.300528714,44.8314734268)) ;
#4615=CARTESIAN_POINT('Control Point',(57.1860310432,24.0311946172,44.5853838607)) ;
#4616=CARTESIAN_POINT('Control Point',(57.1968145367,23.7345701492,44.3392844755)) ;
#4617=CARTESIAN_POINT('Control Point',(57.1222753061,23.4289293761,44.1107348241)) ;
#4618=CARTESIAN_POINT('Control Point',(56.8140767601,22.8436603706,43.7234329734)) ;
#4619=CARTESIAN_POINT('Control Point',(56.2492100956,22.381383113,43.5178602149)) ;
#4620=CARTESIAN_POINT('Control Point',(55.9176854455,22.1988800245,43.4712770284)) ;
#4621=CARTESIAN_POINT('Control Point',(55.5614819891,22.0782939078,43.4846352542)) ;
#4622=CARTESIAN_POINT('Control Point',(55.2052915769,22.0233874381,43.5531150609)) ;
#4623=CARTESIAN_POINT('Control Point',(57.7631234405,21.9862497253,46.6625965075)) ;
#4624=CARTESIAN_POINT('Control Point',(57.8005423878,21.7978782627,46.3785166113)) ;
#4625=CARTESIAN_POINT('Control Point',(57.7683158466,21.5945260676,46.0944299379)) ;
#4626=CARTESIAN_POINT('Control Point',(57.6643248116,21.386970839,45.8273321712)) ;
#4627=CARTESIAN_POINT('Control Point',(57.3261115185,20.9884072616,45.3608185239)) ;
#4628=CARTESIAN_POINT('Control Point',(56.7802305509,20.6641773234,45.0745756227)) ;
#4629=CARTESIAN_POINT('Control Point',(56.4683841054,20.5310183419,44.9879174484)) ;
#4630=CARTESIAN_POINT('Control Point',(56.1370090961,20.4348897939,44.9633293039)) ;
#4631=CARTESIAN_POINT('Control Point',(55.8056415969,20.379030825,44.9987389625)) ;
#4632=CARTESIAN_POINT('Control Point',(58.0403472661,20.6235333551,47.3981492319)) ;
#4633=CARTESIAN_POINT('Control Point',(58.057248026,20.478663153,47.1020507545)) ;
#4634=CARTESIAN_POINT('Control Point',(58.0087282633,20.3242543208,46.8059465849)) ;
#4635=CARTESIAN_POINT('Control Point',(57.8937940469,20.1680339959,46.5261601704)) ;
#4636=CARTESIAN_POINT('Control Point',(57.5444428672,19.8694586687,46.0316291923)) ;
#4637=CARTESIAN_POINT('Control Point',(57.0052802902,19.6272832566,45.7118241553)) ;
#4638=CARTESIAN_POINT('Control Point',(56.7003801253,19.5275075543,45.6069065976)) ;
#4639=CARTESIAN_POINT('Control Point',(56.3777586028,19.4545938161,45.5630945088)) ;
#4640=CARTESIAN_POINT('Control Point',(56.0551432323,19.410785219,45.579438249)) ;
#4641=CARTESIAN_POINT('Control Point',(58.1883066733,19.1283222228,47.8899832222)) ;
#4642=CARTESIAN_POINT('Control Point',(58.1923508589,19.0295214172,47.5854978947)) ;
#4643=CARTESIAN_POINT('Control Point',(58.1337135408,18.9259800596,47.281007504)) ;
#4644=CARTESIAN_POINT('Control Point',(58.0120892734,18.8228226892,46.9924517729)) ;
#4645=CARTESIAN_POINT('Control Point',(57.6562260945,18.628495584,46.4788757021)) ;
#4646=CARTESIAN_POINT('Control Point',(57.1219499322,18.4760498119,46.1368757362)) ;
#4647=CARTESIAN_POINT('Control Point',(56.821779677,18.4148047272,46.0200241146)) ;
#4648=CARTESIAN_POINT('Control Point',(56.505040543,18.3718614497,45.9637412406)) ;
#4649=CARTESIAN_POINT('Control Point',(56.1883066705,18.3483982789,45.9677282784)) ;
#4650=CARTESIAN_POINT('Control Point',(58.1883068922,17.5914791966,48.1250178667)) ;
#4651=CARTESIAN_POINT('Control Point',(58.1883068954,17.5388499372,47.8152983075)) ;
#4652=CARTESIAN_POINT('Control Point',(58.1266357119,17.4862198448,47.5055738413)) ;
#4653=CARTESIAN_POINT('Control Point',(58.0032006416,17.4362987182,47.2117914479)) ;
#4654=CARTESIAN_POINT('Control Point',(57.6461285759,17.3472588872,46.6877981625)) ;
#4655=CARTESIAN_POINT('Control Point',(57.1146240521,17.2874407049,46.3357722508)) ;
#4656=CARTESIAN_POINT('Control Point',(56.8166304034,17.2667623552,46.2140815691)) ;
#4657=CARTESIAN_POINT('Control Point',(56.5024661587,17.2564309474,46.1532819251)) ;
#4658=CARTESIAN_POINT('Control Point',(56.1883068914,17.2564309517,46.1532819288)) ;
#4660=CARTESIAN_POINT('Control Point',(58.188310955,17.5914812191,29.3935147701)) ;
#4661=CARTESIAN_POINT('Control Point',(58.188314873,18.3971051454,29.5167098186)) ;
#4662=CARTESIAN_POINT('Control Point',(58.1477541806,19.1907963052,29.7102715998)) ;
#4663=CARTESIAN_POINT('Control Point',(58.0690226327,19.9606966401,29.9728857208)) ;
#4664=CARTESIAN_POINT('Control Point',(57.8116138746,21.6737166393,30.7351889321)) ;
#4665=CARTESIAN_POINT('Control Point',(57.4257510899,23.1598263957,31.8243265949)) ;
#4666=CARTESIAN_POINT('Control Point',(57.1824047143,23.9170400618,32.5422152696)) ;
#4667=CARTESIAN_POINT('Control Point',(56.7479423964,25.0876315745,33.9866638563)) ;
#4668=CARTESIAN_POINT('Control Point',(56.4006532974,25.8671237282,35.6735405925)) ;
#4669=CARTESIAN_POINT('Control Point',(56.2767567698,26.1272243035,36.4623349182)) ;
#4670=CARTESIAN_POINT('Control Point',(56.1375622724,26.4140729765,37.8989517458)) ;
#4671=CARTESIAN_POINT('Control Point',(56.1476762661,26.3923750527,39.3637326097)) ;
#4672=CARTESIAN_POINT('Control Point',(56.1814463416,26.3243442294,39.9917520336)) ;
#4673=CARTESIAN_POINT('Control Point',(56.3183524407,26.0426665496,41.3854995181)) ;
#4674=CARTESIAN_POINT('Control Point',(56.5671825338,25.4912104011,42.6879322049)) ;
#4675=CARTESIAN_POINT('Control Point',(56.7311440284,25.1069110811,43.3746352786)) ;
#4676=CARTESIAN_POINT('Control Point',(57.0712480692,24.2344522824,44.612424489)) ;
#4677=CARTESIAN_POINT('Control Point',(57.4177579539,23.1338418665,45.6645802263)) ;
#4678=CARTESIAN_POINT('Control Point',(57.5779284374,22.5545448601,46.1260153507)) ;
#4679=CARTESIAN_POINT('Control Point',(57.871919931,21.2939272824,46.9593280731)) ;
#4680=CARTESIAN_POINT('Control Point',(58.0767291297,19.8837888821,47.5715854945)) ;
#4681=CARTESIAN_POINT('Control Point',(58.1504056476,19.1380013,47.8210516478)) ;
#4682=CARTESIAN_POINT('Control Point',(58.1883067813,18.3702014092,48.0059252234)) ;
#4683=CARTESIAN_POINT('Control Point',(58.1883068922,17.5914791966,48.1250178667)) ;
#4686=CARTESIAN_POINT('Control Point',(56.188310574,17.2564326902,31.3652532103)) ;
#4687=CARTESIAN_POINT('Control Point',(56.1883141205,17.8288497319,31.4625124903)) ;
#4688=CARTESIAN_POINT('Control Point',(56.1518095394,18.3927882022,31.6153244674)) ;
#4689=CARTESIAN_POINT('Control Point',(56.0809511723,18.9398225327,31.822651433)) ;
#4690=CARTESIAN_POINT('Control Point',(55.8492830051,20.156967906,32.4244694795)) ;
#4691=CARTESIAN_POINT('Control Point',(55.5020068902,21.212888471,33.284315337)) ;
#4692=CARTESIAN_POINT('Control Point',(55.2829951623,21.7509087509,33.8510696715)) ;
#4693=CARTESIAN_POINT('Control Point',(54.8919786669,22.5826442329,34.9914232422)) ;
#4694=CARTESIAN_POINT('Control Point',(54.5794188031,23.1364943923,36.3231684924)) ;
#4695=CARTESIAN_POINT('Control Point',(54.4679118142,23.3213025376,36.9459009435)) ;
#4696=CARTESIAN_POINT('Control Point',(54.3426367138,23.5251159796,38.08007161)) ;
#4697=CARTESIAN_POINT('Control Point',(54.3517393481,23.5096991012,39.2364779447)) ;
#4698=CARTESIAN_POINT('Control Point',(54.3821323413,23.4613612887,39.7322827337)) ;
#4699=CARTESIAN_POINT('Control Point',(54.5053479605,23.261222095,40.8326093591)) ;
#4700=CARTESIAN_POINT('Control Point',(54.7292948805,22.8693977246,41.860846114)) ;
#4701=CARTESIAN_POINT('Control Point',(54.8768601766,22.5963429061,42.4029800431)) ;
#4702=CARTESIAN_POINT('Control Point',(55.1829540847,21.9764383299,43.3801817431)) ;
#4703=CARTESIAN_POINT('Control Point',(55.4948127277,21.1944253304,44.2108312969)) ;
#4704=CARTESIAN_POINT('Control Point',(55.6389661769,20.7828195809,44.5751221465)) ;
#4705=CARTESIAN_POINT('Control Point',(55.9035587404,19.8871179093,45.2330004075)) ;
#4706=CARTESIAN_POINT('Control Point',(56.087886794,18.8851771676,45.7163617392)) ;
#4707=CARTESIAN_POINT('Control Point',(56.154195717,18.3552754415,45.9133086387)) ;
#4708=CARTESIAN_POINT('Control Point',(56.1883067794,17.8097335328,46.0592614292)) ;
#4709=CARTESIAN_POINT('Control Point',(56.1883068914,17.2564309517,46.1532819288)) ;
#4718=CARTESIAN_POINT('Axis2P3D Location',(53.5091957762,30.4472316319,0.)) ;
#4723=CARTESIAN_POINT('Line Origine',(53.5091957762,30.4472316319,39.1158024412)) ;
#4727=CARTESIAN_POINT('Vertex',(53.5091957762,30.4472316319,52.7777423514)) ;
#4730=CARTESIAN_POINT('Line Origine',(39.0186667064,47.7163717094,41.9548934389)) ;
#4734=CARTESIAN_POINT('Vertex',(39.0186667064,47.7163717094,56.0702998005)) ;
#4738=CARTESIAN_POINT('Control Point',(39.0186667064,47.7163717094,56.070296611)) ;
#4739=CARTESIAN_POINT('Control Point',(41.9013411836,44.280934045,55.2589177729)) ;
#4740=CARTESIAN_POINT('Control Point',(44.7929021962,40.83490582,54.5242665048)) ;
#4741=CARTESIAN_POINT('Control Point',(47.6921573199,37.3797081105,53.8660204309)) ;
#4742=CARTESIAN_POINT('Control Point',(50.5979603952,33.9167068561,53.2839142525)) ;
#4743=CARTESIAN_POINT('Control Point',(53.5091957762,30.4472316319,52.7777423514)) ;
#4752=CARTESIAN_POINT('Line Origine',(39.0186667064,47.7163717094,-2.4046296989)) ;
#4756=CARTESIAN_POINT('Vertex',(39.0186667064,47.7163717094,-16.9697691311)) ;
#4759=CARTESIAN_POINT('Line Origine',(53.5091957762,30.4472316319,-4.66564384648)) ;
#4763=CARTESIAN_POINT('Vertex',(53.5091957762,30.4472316319,-23.8774213287)) ;
#4766=CARTESIAN_POINT('Line Origine',(46.2639312413,39.0818016707,-20.4235971466)) ;
#4778=CARTESIAN_POINT('Axis2P3D Location',(53.5091957762,-30.4472316319,0.)) ;
#4784=CARTESIAN_POINT('Control Point',(39.0186667064,-47.7163717094,56.0702965913)) ;
#4785=CARTESIAN_POINT('Control Point',(39.7536565496,-46.8404449233,55.8634209346)) ;
#4786=CARTESIAN_POINT('Control Point',(40.4892234315,-45.9638304492,55.6615334205)) ;
#4787=CARTESIAN_POINT('Control Point',(41.2253477302,-45.0865516717,55.4646286467)) ;
#4788=CARTESIAN_POINT('Control Point',(44.1145872692,-41.6432900712,54.7118771836)) ;
#4789=CARTESIAN_POINT('Control Point',(47.0118091914,-38.1905154368,54.0356180487)) ;
#4790=CARTESIAN_POINT('Control Point',(49.1742812468,-35.6133815959,53.5741204814)) ;
#4791=CARTESIAN_POINT('Control Point',(51.3402305766,-33.0321037007,53.1548569113)) ;
#4792=CARTESIAN_POINT('Control Point',(53.509195776,-30.4472316321,52.7777423539)) ;
#4793=CARTESIAN_POINT('Vertex',(53.5091957762,-30.4472316319,52.7777447188)) ;
#4795=CARTESIAN_POINT('Vertex',(39.0186667064,-47.7163717094,56.0702965913)) ;
#4798=CARTESIAN_POINT('Line Origine',(39.0186667064,-47.7163717094,41.954893429)) ;
#4803=CARTESIAN_POINT('Line Origine',(53.5091957762,-30.4472316319,39.1158024434)) ;
#4815=CARTESIAN_POINT('Line Origine',(46.2639312413,-39.0818016707,-20.4235971466)) ;
#4819=CARTESIAN_POINT('Vertex',(39.0186667064,-47.7163717094,-16.9697848179)) ;
#4821=CARTESIAN_POINT('Vertex',(53.5091957762,-30.4472316319,-23.8774251621)) ;
#4824=CARTESIAN_POINT('Line Origine',(53.5091957762,-30.4472316319,-4.66564384648)) ;
#4829=CARTESIAN_POINT('Line Origine',(39.0186667064,-47.7163717094,-2.4046296989)) ;
#4841=CARTESIAN_POINT('Axis2P3D Location',(32.,67.,0.)) ;
#4846=CARTESIAN_POINT('Axis2P3D Location',(32.,-100.,40.)) ;
#4850=CARTESIAN_POINT('Vertex',(32.,-133.,40.)) ;
#4852=CARTESIAN_POINT('Vertex',(32.,-112.255892311,9.36026919728)) ;
#4855=CARTESIAN_POINT('Line Origine',(32.,-89.6279461598,0.309090736849)) ;
#4859=CARTESIAN_POINT('Vertex',(32.,-67.,-8.74208772709)) ;
#4862=CARTESIAN_POINT('Line Origine',(32.,-67.,-6.58802180423)) ;
#4867=CARTESIAN_POINT('Line Origine',(32.,-67.,19.0724069931)) ;
#4872=CARTESIAN_POINT('Line Origine',(32.,-67.,45.1908451425)) ;
#4876=CARTESIAN_POINT('Vertex',(32.,-67.,62.0967535613)) ;
#4879=CARTESIAN_POINT('Axis2P3D Location',(32.,1.42108547152E-014,252.661703181)) ;
#4883=CARTESIAN_POINT('Vertex',(32.,-85.9574467546,69.8631327618)) ;
#4886=CARTESIAN_POINT('Axis2P3D Location',(32.,-100.,40.)) ;
#4908=CARTESIAN_POINT('Axis2P3D Location',(62.,-67.,0.)) ;
#4914=CARTESIAN_POINT('Control Point',(32.,-67.,62.0967535613)) ;
#4915=CARTESIAN_POINT('Control Point',(32.,-62.9047097724,60.5609174651)) ;
#4916=CARTESIAN_POINT('Control Point',(32.6982877617,-58.7666553535,59.1492798685)) ;
#4917=CARTESIAN_POINT('Control Point',(34.1274375404,-54.7287296382,57.9183071595)) ;
#4918=CARTESIAN_POINT('Control Point',(36.2721032349,-50.9895984262,56.8949046857)) ;
#4919=CARTESIAN_POINT('Control Point',(39.0186671929,-47.7163711297,56.0703005323)) ;
#4922=CARTESIAN_POINT('Control Point',(39.0186667064,-47.7163717094,-16.9697848179)) ;
#4923=CARTESIAN_POINT('Control Point',(35.5844998581,-51.8090523884,-15.2235849585)) ;
#4924=CARTESIAN_POINT('Control Point',(33.1890259596,-56.6421761527,-13.1614019801)) ;
#4925=CARTESIAN_POINT('Control Point',(31.9999999292,-61.8208046034,-10.9518833232)) ;
#4926=CARTESIAN_POINT('Control Point',(32.,-67.0000004098,-8.74208868767)) ;
#4949=CARTESIAN_POINT('Axis2P3D Location',(32.,100.,40.)) ;
#4953=CARTESIAN_POINT('Vertex',(32.,133.,40.)) ;
#4955=CARTESIAN_POINT('Vertex',(32.,85.9574467859,69.8631327765)) ;
#4958=CARTESIAN_POINT('Axis2P3D Location',(32.,-9.94759830064E-014,252.661703181)) ;
#4962=CARTESIAN_POINT('Vertex',(32.,67.,62.0967536235)) ;
#4965=CARTESIAN_POINT('Line Origine',(32.,67.,45.1908451425)) ;
#4970=CARTESIAN_POINT('Line Origine',(32.,67.,19.0724069931)) ;
#4975=CARTESIAN_POINT('Line Origine',(32.,67.,-6.58802180423)) ;
#4979=CARTESIAN_POINT('Vertex',(32.,67.,-8.74208844806)) ;
#4982=CARTESIAN_POINT('Line Origine',(32.,89.6279461598,0.309090736849)) ;
#4986=CARTESIAN_POINT('Vertex',(32.,112.25589232,9.36026920079)) ;
#4989=CARTESIAN_POINT('Axis2P3D Location',(32.,100.,40.)) ;
#5011=CARTESIAN_POINT('Axis2P3D Location',(62.,67.,0.)) ;
#5017=CARTESIAN_POINT('Control Point',(39.0186636293,47.7163753765,-16.9697837775)) ;
#5018=CARTESIAN_POINT('Control Point',(35.584474427,51.8090840224,-15.2235726869)) ;
#5019=CARTESIAN_POINT('Control Point',(33.1889819349,56.6423047719,-13.1613469188)) ;
#5020=CARTESIAN_POINT('Control Point',(32.,61.820839857,-10.9518668779)) ;
#5021=CARTESIAN_POINT('Control Point',(32.,67.,-8.74208844806)) ;
#5024=CARTESIAN_POINT('Control Point',(39.0186667064,47.7163717094,56.0702998005)) ;
#5025=CARTESIAN_POINT('Control Point',(36.27194165,50.9897911633,56.8949596122)) ;
#5026=CARTESIAN_POINT('Control Point',(34.1279489013,54.7278247516,57.9180486431)) ;
#5027=CARTESIAN_POINT('Control Point',(32.6980080789,58.7671484155,59.1494032092)) ;
#5028=CARTESIAN_POINT('Control Point',(32.0000000737,62.9048180684,60.5609643112)) ;
#5029=CARTESIAN_POINT('Control Point',(32.,66.9999994604,62.0967550622)) ;
#5052=CARTESIAN_POINT('Line Origine',(58.1883069138,17.5914794382,-22.0436056176)) ;
#5056=CARTESIAN_POINT('Vertex',(58.1883069138,17.5914794382,-28.5054959518)) ;
#5059=CARTESIAN_POINT('Line Origine',(58.1883069138,-7.55790633813E-015,-28.25)) ;
#5063=CARTESIAN_POINT('Vertex',(58.1883069138,-7.55790633813E-015,-33.)) ;
#5066=CARTESIAN_POINT('Axis2P3D Location',(58.1883069138,1.19820188953E-014,9.94759830064E-014)) ;
#5070=CARTESIAN_POINT('Vertex',(58.1883069138,12.2558923493,-30.6397307874)) ;
#5073=CARTESIAN_POINT('Line Origine',(58.1883069138,14.9236858789,-29.5726133755)) ;
#5086=CARTESIAN_POINT('Line Origine',(58.1883069138,-17.5914794382,-22.0436056176)) ;
#5090=CARTESIAN_POINT('Vertex',(58.1883069138,-17.5914794382,-28.505495068)) ;
#5093=CARTESIAN_POINT('Line Origine',(58.1883069138,-14.9236858789,-29.5726133755)) ;
#5097=CARTESIAN_POINT('Vertex',(58.1883069138,-12.2558923197,-30.6397307992)) ;
#5100=CARTESIAN_POINT('Axis2P3D Location',(58.1883069138,1.81992678332E-014,2.09610107049E-013)) ;
#5113=CARTESIAN_POINT('Line Origine',(58.1883069138,-17.5914794382,49.7770847007)) ;
#5117=CARTESIAN_POINT('Vertex',(58.1883069138,-17.5914794382,51.4291515125)) ;
#5120=CARTESIAN_POINT('Line Origine',(58.1883069138,-7.55790633813E-015,49.1617031814)) ;
#5124=CARTESIAN_POINT('Vertex',(58.1883069138,-7.55790633813E-015,50.6617031814)) ;
#5127=CARTESIAN_POINT('Axis2P3D Location',(58.1883069138,6.89364600585E-014,252.661703181)) ;
#5140=CARTESIAN_POINT('Line Origine',(58.1883069138,17.5914794382,49.7770847007)) ;
#5144=CARTESIAN_POINT('Vertex',(58.1883069138,17.5914794382,51.4291649799)) ;
#5147=CARTESIAN_POINT('Axis2P3D Location',(58.1883069138,-2.17687610533E-014,252.661703181)) ;
#5160=CARTESIAN_POINT('Axis2P3D Location',(38.1883069138,-17.5914794382,0.)) ;
#5166=CARTESIAN_POINT('Control Point',(53.5091965029,-30.4472307659,-23.8774210626)) ;
#5167=CARTESIAN_POINT('Control Point',(55.7919120112,-27.7267960457,-24.8567664896)) ;
#5168=CARTESIAN_POINT('Control Point',(57.3929956107,-24.5073223594,-26.0157995339)) ;
#5169=CARTESIAN_POINT('Control Point',(58.1883069138,-21.0498529363,-27.260480514)) ;
#5170=CARTESIAN_POINT('Control Point',(58.1883069138,-17.5914794382,-28.505495068)) ;
#5173=CARTESIAN_POINT('Control Point',(58.1883069138,-17.5914794382,51.4291515125)) ;
#5174=CARTESIAN_POINT('Control Point',(58.1883069138,-21.0905259351,51.7044452639)) ;
#5175=CARTESIAN_POINT('Control Point',(57.3708103935,-24.5853954834,52.0464530874)) ;
#5176=CARTESIAN_POINT('Control Point',(55.7494978664,-27.7773435674,52.4271767389)) ;
#5177=CARTESIAN_POINT('Control Point',(53.5091957762,-30.4472316319,52.7777447188)) ;
#5194=CARTESIAN_POINT('Axis2P3D Location',(38.1883069138,17.5914794382,0.)) ;
#5200=CARTESIAN_POINT('Control Point',(53.5091959027,30.4472314811,52.7777443131)) ;
#5201=CARTESIAN_POINT('Control Point',(55.7494902439,27.7773525982,52.4271844148)) ;
#5202=CARTESIAN_POINT('Control Point',(57.370931713,24.5852211232,52.0464039464)) ;
#5203=CARTESIAN_POINT('Control Point',(58.1883069138,21.0902760447,51.7044444151)) ;
#5204=CARTESIAN_POINT('Control Point',(58.1883069138,17.5914794382,51.4291649799)) ;
#5207=CARTESIAN_POINT('Control Point',(53.5091957762,30.4472316319,-23.8774213287)) ;
#5208=CARTESIAN_POINT('Control Point',(55.7918947282,27.7268169551,-24.8567612733)) ;
#5209=CARTESIAN_POINT('Control Point',(57.3929192647,24.5075212325,-26.0157288866)) ;
#5210=CARTESIAN_POINT('Control Point',(58.1883069888,21.0499064607,-27.2604604902)) ;
#5211=CARTESIAN_POINT('Control Point',(58.1883069138,17.5914790043,-28.5054947464)) ;
#5228=CARTESIAN_POINT('Axis2P3D Location',(30.,100.,40.)) ;
#5233=CARTESIAN_POINT('Axis2P3D Location',(30.,112.25589232,9.36026920079)) ;
#5237=CARTESIAN_POINT('Vertex',(30.,112.998673672,7.50331581902)) ;
#5240=CARTESIAN_POINT('Axis2P3D Location',(30.,100.,40.)) ;
#5244=CARTESIAN_POINT('Vertex',(30.,85.1063829787,71.6730196228)) ;
#5247=CARTESIAN_POINT('Axis2P3D Location',(30.,85.9574468085,69.8631327872)) ;
#5260=CARTESIAN_POINT('Axis2P3D Location',(30.,1.35003119794E-013,252.661703181)) ;
#5265=CARTESIAN_POINT('Axis2P3D Location',(30.,1.35003119794E-013,252.661703181)) ;
#5269=CARTESIAN_POINT('Vertex',(30.,66.3366336631,63.9835353022)) ;
#5272=CARTESIAN_POINT('Axis2P3D Location',(30.,66.9999999997,62.0967536234)) ;
#5285=CARTESIAN_POINT('Control Point',(37.4865799528,45.9710799302,58.0167493162)) ;
#5286=CARTESIAN_POINT('Control Point',(37.7528819684,46.1827281458,58.0667360423)) ;
#5287=CARTESIAN_POINT('Control Point',(38.0191911937,46.411358762,58.0448436426)) ;
#5288=CARTESIAN_POINT('Control Point',(38.2690732176,46.6439466487,57.9478331119)) ;
#5289=CARTESIAN_POINT('Control Point',(38.7034210281,47.0867229516,57.6162414898)) ;
#5290=CARTESIAN_POINT('Control Point',(38.9644233126,47.4360581977,57.064422194)) ;
#5291=CARTESIAN_POINT('Control Point',(39.0407822098,47.5751092929,56.7469583561)) ;
#5292=CARTESIAN_POINT('Control Point',(39.0580141508,47.6694760188,56.4086244989)) ;
#5293=CARTESIAN_POINT('Control Point',(39.0186686198,47.7163664212,56.0702998005)) ;
#5294=CARTESIAN_POINT('Control Point',(34.5567408936,49.4281498748,58.8332447004)) ;
#5295=CARTESIAN_POINT('Control Point',(34.8521211762,49.5999094209,58.8777790198)) ;
#5296=CARTESIAN_POINT('Control Point',(35.1475091043,49.7896478527,58.8519160585)) ;
#5297=CARTESIAN_POINT('Control Point',(35.4249471158,49.9870183457,58.7528123948)) ;
#5298=CARTESIAN_POINT('Control Point',(35.9083333853,50.3718222844,58.4208419535)) ;
#5299=CARTESIAN_POINT('Control Point',(36.2019236318,50.6940880644,57.8749895899)) ;
#5300=CARTESIAN_POINT('Control Point',(36.2893767848,50.8288593546,57.561792011)) ;
#5301=CARTESIAN_POINT('Control Point',(36.3118658775,50.9286385112,57.2283717964)) ;
#5302=CARTESIAN_POINT('Control Point',(36.2719444311,50.9897796559,56.8949601601)) ;
#5303=CARTESIAN_POINT('Control Point',(32.2706996271,53.3756134142,59.8465872706)) ;
#5304=CARTESIAN_POINT('Control Point',(32.5861126067,53.5027184257,59.8832992752)) ;
#5305=CARTESIAN_POINT('Control Point',(32.9015331767,53.6487973188,59.8517067323)) ;
#5306=CARTESIAN_POINT('Control Point',(33.1982394236,53.8064738996,59.7495211907)) ;
#5307=CARTESIAN_POINT('Control Point',(33.7171017586,54.1255626447,59.416749911)) ;
#5308=CARTESIAN_POINT('Control Point',(34.0374522495,54.4163409282,58.8790309824)) ;
#5309=CARTESIAN_POINT('Control Point',(34.1354583581,54.5456829535,58.5717047774)) ;
#5310=CARTESIAN_POINT('Control Point',(34.1651429932,54.6509203939,58.2450665659)) ;
#5311=CARTESIAN_POINT('Control Point',(34.1287808821,54.727534156,57.9184361296)) ;
#5312=CARTESIAN_POINT('Control Point',(30.7453569604,57.6406853543,61.0654919336)) ;
#5313=CARTESIAN_POINT('Control Point',(31.0697341417,57.7217140636,61.0915216552)) ;
#5314=CARTESIAN_POINT('Control Point',(31.3941182507,57.8225461391,61.0520899942)) ;
#5315=CARTESIAN_POINT('Control Point',(31.6999772454,57.9387619076,60.9456373631)) ;
#5316=CARTESIAN_POINT('Control Point',(32.2378742674,58.1883353173,60.6115359379)) ;
#5317=CARTESIAN_POINT('Control Point',(32.5782700211,58.4437694328,60.0844695623)) ;
#5318=CARTESIAN_POINT('Control Point',(32.6864546607,58.5658546201,59.7848836208)) ;
#5319=CARTESIAN_POINT('Control Point',(32.7260771883,58.6750102523,59.467203367)) ;
#5320=CARTESIAN_POINT('Control Point',(32.6987721073,58.7660244905,59.1495298488)) ;
#5321=CARTESIAN_POINT('Control Point',(29.9999977892,62.0116345844,62.4629555371)) ;
#5322=CARTESIAN_POINT('Control Point',(30.3232123121,62.0498019718,62.4763742593)) ;
#5323=CARTESIAN_POINT('Control Point',(30.6464328085,62.1082703034,62.4277918075)) ;
#5324=CARTESIAN_POINT('Control Point',(30.952081892,62.1851084116,62.3164141289)) ;
#5325=CARTESIAN_POINT('Control Point',(31.4933346722,62.366965844,61.9808519577)) ;
#5326=CARTESIAN_POINT('Control Point',(31.8461549465,62.5837396577,61.4661981082)) ;
#5327=CARTESIAN_POINT('Control Point',(31.9632211913,62.6955240663,61.1755859699)) ;
#5328=CARTESIAN_POINT('Control Point',(32.014221873,62.8043556699,60.8682741795)) ;
#5329=CARTESIAN_POINT('Control Point',(31.9999979453,62.9047667959,60.5609680622)) ;
#5330=CARTESIAN_POINT('Control Point',(29.9999997631,66.3366316094,63.9835417792)) ;
#5331=CARTESIAN_POINT('Control Point',(30.3141589836,66.3366316703,63.9835417067)) ;
#5332=CARTESIAN_POINT('Control Point',(30.6283231814,66.3570870185,63.9253616225)) ;
#5333=CARTESIAN_POINT('Control Point',(30.9263167907,66.3980283978,63.8089140781)) ;
#5334=CARTESIAN_POINT('Control Point',(31.4578212661,66.5164632559,63.4720555514)) ;
#5335=CARTESIAN_POINT('Control Point',(31.8148933598,66.6927543769,62.9706391215)) ;
#5336=CARTESIAN_POINT('Control Point',(31.9383284673,66.791593851,62.6895146934)) ;
#5337=CARTESIAN_POINT('Control Point',(31.9999997115,66.8957968299,62.393135081)) ;
#5338=CARTESIAN_POINT('Control Point',(31.9999997881,66.999998151,62.0967601642)) ;
#5340=CARTESIAN_POINT('Control Point',(37.4865799528,45.9710799302,58.0167493162)) ;
#5341=CARTESIAN_POINT('Control Point',(36.2723647436,47.4037957965,58.3551300578)) ;
#5342=CARTESIAN_POINT('Control Point',(35.1687236035,48.9207381324,58.7273198534)) ;
#5343=CARTESIAN_POINT('Control Point',(34.1837528579,50.5096706486,59.1338165203)) ;
#5344=CARTESIAN_POINT('Control Point',(32.1070810173,54.4851890208,60.1968989011)) ;
#5345=CARTESIAN_POINT('Control Point',(30.7730842461,58.7227973023,61.4499642279)) ;
#5346=CARTESIAN_POINT('Control Point',(30.2555754189,61.2557037853,62.244942151)) ;
#5347=CARTESIAN_POINT('Control Point',(29.9999986233,63.8040459055,63.0931330823)) ;
#5348=CARTESIAN_POINT('Control Point',(29.9999997631,66.3366314107,63.9835417093)) ;
#5349=CARTESIAN_POINT('Vertex',(37.4865799528,45.9710789158,58.0167445944)) ;
#5353=CARTESIAN_POINT('Control Point',(37.4865799528,45.9710799302,58.0167493162)) ;
#5354=CARTESIAN_POINT('Control Point',(38.019183984,46.3943763614,58.1167227684)) ;
#5355=CARTESIAN_POINT('Control Point',(38.552623082,46.886001475,57.9303543583)) ;
#5356=CARTESIAN_POINT('Control Point',(38.950665439,47.3394334228,57.4246595056)) ;
#5357=CARTESIAN_POINT('Control Point',(39.0973596817,47.6225856163,56.7469491973)) ;
#5358=CARTESIAN_POINT('Control Point',(39.0186686198,47.7163664212,56.0702998005)) ;
#5368=CARTESIAN_POINT('Control Point',(37.4865778202,45.9710856337,58.016746181)) ;
#5369=CARTESIAN_POINT('Control Point',(37.7528799613,46.1827337996,58.0667330706)) ;
#5370=CARTESIAN_POINT('Control Point',(38.0191893121,46.4113643772,58.0448407955)) ;
#5371=CARTESIAN_POINT('Control Point',(38.269071445,46.6439522325,57.947830339)) ;
#5372=CARTESIAN_POINT('Control Point',(38.7034194089,47.0867284745,57.6162387613)) ;
#5373=CARTESIAN_POINT('Control Point',(38.9644216865,47.4360636466,57.0644193367)) ;
#5374=CARTESIAN_POINT('Control Point',(39.0407805322,47.5751146971,56.7469553994)) ;
#5375=CARTESIAN_POINT('Control Point',(39.0580123741,47.6694813686,56.4086214254)) ;
#5376=CARTESIAN_POINT('Control Point',(39.0186667064,47.7163717094,56.070296611)) ;
#5377=CARTESIAN_POINT('Control Point',(40.3692522973,42.5696622036,57.2134007967)) ;
#5378=CARTESIAN_POINT('Control Point',(40.6334024622,42.781347093,57.2594914972)) ;
#5379=CARTESIAN_POINT('Control Point',(40.8975595036,43.0085398851,57.2343299909)) ;
#5380=CARTESIAN_POINT('Control Point',(41.1456341491,43.238377866,57.1349628097)) ;
#5381=CARTESIAN_POINT('Control Point',(41.5777326352,43.6737990837,56.8006177982)) ;
#5382=CARTESIAN_POINT('Control Point',(41.8398249773,44.0137309091,56.2493787452)) ;
#5383=CARTESIAN_POINT('Control Point',(41.9177236965,44.1479840345,55.9329008907)) ;
#5384=CARTESIAN_POINT('Control Point',(41.9374576951,44.2378920626,55.5959049448)) ;
#5385=CARTESIAN_POINT('Control Point',(41.9013411836,44.280934045,55.2589177729)) ;
#5386=CARTESIAN_POINT('Control Point',(43.2608133099,39.1577530595,56.486023303)) ;
#5387=CARTESIAN_POINT('Control Point',(43.5228588594,39.3693208254,56.5282281835)) ;
#5388=CARTESIAN_POINT('Control Point',(43.7849109693,39.5949599998,56.4998389554)) ;
#5389=CARTESIAN_POINT('Control Point',(44.0312167705,39.8219789345,56.3981788992)) ;
#5390=CARTESIAN_POINT('Control Point',(44.4611088629,40.2499934597,56.0612356273)) ;
#5391=CARTESIAN_POINT('Control Point',(44.7242597486,40.5806035446,55.5107670664)) ;
#5392=CARTESIAN_POINT('Control Point',(44.8036619979,40.7101230636,55.1953737971)) ;
#5393=CARTESIAN_POINT('Control Point',(44.8258463881,40.7956444617,54.8598159497)) ;
#5394=CARTESIAN_POINT('Control Point',(44.7929021962,40.83490582,54.5242665048)) ;
#5395=CARTESIAN_POINT('Control Point',(46.1600684337,35.7367652193,55.8342945168)) ;
#5396=CARTESIAN_POINT('Control Point',(46.4200553497,35.9480660673,55.872631966)) ;
#5397=CARTESIAN_POINT('Control Point',(46.6800485267,36.1720400932,55.8410623048)) ;
#5398=CARTESIAN_POINT('Control Point',(46.9246230417,36.3961744445,55.7371764042)) ;
#5399=CARTESIAN_POINT('Control Point',(47.3523507888,36.8167356058,55.397791565)) ;
#5400=CARTESIAN_POINT('Control Point',(47.6165298505,37.1381061865,54.8482773213)) ;
#5401=CARTESIAN_POINT('Control Point',(47.6974004116,37.2629556591,54.5340625029)) ;
#5402=CARTESIAN_POINT('Control Point',(47.7219848024,37.3441611019,54.2000374444)) ;
#5403=CARTESIAN_POINT('Control Point',(47.6921573199,37.3797081105,53.8660204309)) ;
#5404=CARTESIAN_POINT('Control Point',(49.065871509,32.3080511037,55.2579517661)) ;
#5405=CARTESIAN_POINT('Control Point',(49.323844412,32.5189394248,55.2924474572)) ;
#5406=CARTESIAN_POINT('Control Point',(49.5818232916,32.7411410721,55.2577498052)) ;
#5407=CARTESIAN_POINT('Control Point',(49.8247030039,32.9623288527,55.151707874)) ;
#5408=CARTESIAN_POINT('Control Point',(50.2503074117,33.3753947535,54.8100394252)) ;
#5409=CARTESIAN_POINT('Control Point',(50.5154854008,33.6876084804,54.2616577252)) ;
#5410=CARTESIAN_POINT('Control Point',(50.5977901621,33.8078506319,53.9487111437)) ;
#5411=CARTESIAN_POINT('Control Point',(50.6247255319,33.884809409,53.6163088473)) ;
#5412=CARTESIAN_POINT('Control Point',(50.5979603952,33.9167068561,53.2839142525)) ;
#5413=CARTESIAN_POINT('Control Point',(51.97710689,28.872927122,54.7567914682)) ;
#5414=CARTESIAN_POINT('Control Point',(52.2331090826,29.0832615555,54.7874777744)) ;
#5415=CARTESIAN_POINT('Control Point',(52.4891169822,29.3035878543,54.7497092442)) ;
#5416=CARTESIAN_POINT('Control Point',(52.7303373327,29.5217705338,54.6415835838)) ;
#5417=CARTESIAN_POINT('Control Point',(53.1538583868,29.9273038663,54.2977905887)) ;
#5418=CARTESIAN_POINT('Control Point',(53.4200071259,30.2304436895,53.7507146484)) ;
#5419=CARTESIAN_POINT('Control Point',(53.5037130438,30.3461403915,53.4391224646)) ;
#5420=CARTESIAN_POINT('Control Point',(53.5329517044,30.4189204197,53.1084287221)) ;
#5421=CARTESIAN_POINT('Control Point',(53.5091957762,30.4472316319,52.7777423514)) ;
#5423=CARTESIAN_POINT('Control Point',(37.4865778202,45.9710856337,58.016746181)) ;
#5424=CARTESIAN_POINT('Control Point',(40.3692522973,42.5696622036,57.2134007967)) ;
#5425=CARTESIAN_POINT('Control Point',(43.2608133099,39.1577530595,56.486023303)) ;
#5426=CARTESIAN_POINT('Control Point',(46.1600684337,35.7367652193,55.8342945168)) ;
#5427=CARTESIAN_POINT('Control Point',(49.065871509,32.3080511037,55.2579517661)) ;
#5428=CARTESIAN_POINT('Control Point',(51.97710689,28.872927122,54.7567914682)) ;
#5429=CARTESIAN_POINT('Vertex',(51.97710689,28.8729272179,54.7567914842)) ;
#5433=CARTESIAN_POINT('Control Point',(51.97710689,28.872927122,54.7567914682)) ;
#5434=CARTESIAN_POINT('Control Point',(52.4891112753,29.2935959891,54.8181640807)) ;
#5435=CARTESIAN_POINT('Control Point',(53.0017809313,29.7546321108,54.6066720206)) ;
#5436=CARTESIAN_POINT('Control Point',(53.3929801979,30.1566105961,54.1013471859)) ;
#5437=CARTESIAN_POINT('Control Point',(53.5567076325,30.3906092076,53.4391150928)) ;
#5438=CARTESIAN_POINT('Control Point',(53.5091957762,30.4472316319,52.7777423514)) ;
#5448=CARTESIAN_POINT('Control Point',(51.9771074756,28.8729265518,54.7567934337)) ;
#5449=CARTESIAN_POINT('Control Point',(52.233109731,29.0832609637,54.7874798035)) ;
#5450=CARTESIAN_POINT('Control Point',(52.4891176932,29.3035872427,54.7497113231)) ;
#5451=CARTESIAN_POINT('Control Point',(52.7303380997,29.521769903,54.6415856945)) ;
#5452=CARTESIAN_POINT('Control Point',(53.153859239,29.9273031947,54.2977927264)) ;
#5453=CARTESIAN_POINT('Control Point',(53.4200079954,30.230442969,53.7507167513)) ;
#5454=CARTESIAN_POINT('Control Point',(53.5037139013,30.3461396437,53.4391245374)) ;
#5455=CARTESIAN_POINT('Control Point',(53.5329525291,30.4189196418,53.1084307582)) ;
#5456=CARTESIAN_POINT('Control Point',(53.5091965503,30.4472308225,52.7777443503)) ;
#5457=CARTESIAN_POINT('Control Point',(53.5901209475,26.9696449419,54.4791222055)) ;
#5458=CARTESIAN_POINT('Control Point',(53.872226477,27.1424655653,54.5022698362)) ;
#5459=CARTESIAN_POINT('Control Point',(54.1543378547,27.3243589955,54.4586451525)) ;
#5460=CARTESIAN_POINT('Control Point',(54.4205396412,27.5056721333,54.3468375616)) ;
#5461=CARTESIAN_POINT('Control Point',(54.8895407102,27.845802508,54.0001164022)) ;
#5462=CARTESIAN_POINT('Control Point',(55.1887170153,28.1073997895,53.457521929)) ;
#5463=CARTESIAN_POINT('Control Point',(55.2849478067,28.2101135536,53.1496733503)) ;
#5464=CARTESIAN_POINT('Control Point',(55.3220993533,28.278682248,52.8234815375)) ;
#5465=CARTESIAN_POINT('Control Point',(55.3014338781,28.3113257006,52.4972964261)) ;
#5466=CARTESIAN_POINT('Control Point',(54.8682848072,24.787890712,54.1841925654)) ;
#5467=CARTESIAN_POINT('Control Point',(55.1692225124,24.9192241745,54.1998515494)) ;
#5468=CARTESIAN_POINT('Control Point',(55.4701659567,25.0586554277,54.1504381405)) ;
#5469=CARTESIAN_POINT('Control Point',(55.7545996707,25.1991049111,54.0350020329)) ;
#5470=CARTESIAN_POINT('Control Point',(56.257659199,25.466099425,53.6853922271)) ;
#5471=CARTESIAN_POINT('Control Point',(56.583893095,25.6793809675,53.1471830031)) ;
#5472=CARTESIAN_POINT('Control Point',(56.6913570274,25.7660754602,52.8429945659)) ;
#5473=CARTESIAN_POINT('Control Point',(56.7369547617,25.8278787176,52.5212029857)) ;
#5474=CARTESIAN_POINT('Control Point',(56.7216159189,25.8629124825,52.1994174899)) ;
#5475=CARTESIAN_POINT('Control Point',(55.7476103562,22.4025964473,53.8966849367)) ;
#5476=CARTESIAN_POINT('Control Point',(56.0598811095,22.4904175204,53.9057380293)) ;
#5477=CARTESIAN_POINT('Control Point',(56.3721573666,22.5853750063,53.8512483851)) ;
#5478=CARTESIAN_POINT('Control Point',(56.6677598762,22.6828710874,53.732639868)) ;
#5479=CARTESIAN_POINT('Control Point',(57.1924911029,22.8721901017,53.3804930859)) ;
#5480=CARTESIAN_POINT('Control Point',(57.5380870492,23.0318340271,52.8460618403)) ;
#5481=CARTESIAN_POINT('Control Point',(57.6544155108,23.0996331596,52.5450278604)) ;
#5482=CARTESIAN_POINT('Control Point',(57.7077422814,23.1516512399,52.2270285212)) ;
#5483=CARTESIAN_POINT('Control Point',(57.6986441965,23.1860826891,51.9090347732)) ;
#5484=CARTESIAN_POINT('Control Point',(56.1883115122,19.9114871828,53.6396094638)) ;
#5485=CARTESIAN_POINT('Control Point',(56.5049088401,19.9551206343,53.6434244731)) ;
#5486=CARTESIAN_POINT('Control Point',(56.8215114135,20.0049779246,53.5849167762)) ;
#5487=CARTESIAN_POINT('Control Point',(57.1215662395,20.0588220322,53.4637934359)) ;
#5488=CARTESIAN_POINT('Control Point',(57.6556954584,20.1686561798,53.1096076714)) ;
#5489=CARTESIAN_POINT('Control Point',(58.0116228909,20.2717725672,52.5780873837)) ;
#5490=CARTESIAN_POINT('Control Point',(58.1333432914,20.3188943877,52.2794975227)) ;
#5491=CARTESIAN_POINT('Control Point',(58.1921416342,20.3590150165,51.9644404184)) ;
#5492=CARTESIAN_POINT('Control Point',(58.1883120752,20.3905041632,51.6493885339)) ;
#5493=CARTESIAN_POINT('Control Point',(56.1883101215,17.4172975538,53.4215663484)) ;
#5494=CARTESIAN_POINT('Control Point',(56.5024697387,17.4172973054,53.4215668106)) ;
#5495=CARTESIAN_POINT('Control Point',(56.8166343331,17.4226677941,53.3601302798)) ;
#5496=CARTESIAN_POINT('Control Point',(57.1146282832,17.4334171055,53.2371643839)) ;
#5497=CARTESIAN_POINT('Control Point',(57.6461332179,17.4645128937,52.8814490853)) ;
#5498=CARTESIAN_POINT('Control Point',(58.0032052096,17.510799547,52.3519636007)) ;
#5499=CARTESIAN_POINT('Control Point',(58.1266400957,17.5367507071,52.055101877)) ;
#5500=CARTESIAN_POINT('Control Point',(58.1883109445,17.5641101524,51.7421309493)) ;
#5501=CARTESIAN_POINT('Control Point',(58.1883104805,17.5914692052,51.4291649799)) ;
#5503=CARTESIAN_POINT('Control Point',(51.9771074756,28.8729265518,54.7567934337)) ;
#5504=CARTESIAN_POINT('Control Point',(52.882788615,27.8042645183,54.6008855019)) ;
#5505=CARTESIAN_POINT('Control Point',(53.682903659,26.6478100367,54.4395366107)) ;
#5506=CARTESIAN_POINT('Control Point',(54.3661100449,25.4169051953,54.2770800887)) ;
#5507=CARTESIAN_POINT('Control Point',(55.3588515257,23.1195332572,53.993375993)) ;
#5508=CARTESIAN_POINT('Control Point',(55.9342592011,20.6881229086,53.7301753312)) ;
#5509=CARTESIAN_POINT('Control Point',(56.1035658285,19.6041898408,53.6203029645)) ;
#5510=CARTESIAN_POINT('Control Point',(56.1883107157,18.5110399952,53.517181778)) ;
#5511=CARTESIAN_POINT('Control Point',(56.1883101215,17.4172978056,53.4215663704)) ;
#5512=CARTESIAN_POINT('Vertex',(56.1883101215,17.4172990293,53.421552372)) ;
#5516=CARTESIAN_POINT('Control Point',(56.1883101215,17.4172975538,53.4215663484)) ;
#5517=CARTESIAN_POINT('Control Point',(56.8166293558,17.417297057,53.4215672729)) ;
#5518=CARTESIAN_POINT('Control Point',(57.4455348193,17.4387224891,53.1764724771)) ;
#5519=CARTESIAN_POINT('Control Point',(57.9422818248,17.4819821045,52.6816128592)) ;
#5520=CARTESIAN_POINT('Control Point',(58.1883114086,17.5367510997,52.0550969186)) ;
#5521=CARTESIAN_POINT('Control Point',(58.1883104805,17.5914692052,51.4291649799)) ;
#5531=CARTESIAN_POINT('Control Point',(56.1883069138,-17.4173063745,53.4215530141)) ;
#5532=CARTESIAN_POINT('Control Point',(56.5024661792,-17.4173063745,53.4215530141)) ;
#5533=CARTESIAN_POINT('Control Point',(56.8166304218,-17.4226771042,53.3601161325)) ;
#5534=CARTESIAN_POINT('Control Point',(57.1146240686,-17.4334266365,53.2371500214)) ;
#5535=CARTESIAN_POINT('Control Point',(57.6461285899,-17.4645228043,52.8814345608)) ;
#5536=CARTESIAN_POINT('Control Point',(58.0032006562,-17.5108096898,52.3519493576)) ;
#5537=CARTESIAN_POINT('Control Point',(58.1266357279,-17.536760923,52.0550878629)) ;
#5538=CARTESIAN_POINT('Control Point',(58.1883069138,-17.5641203973,51.7421172085)) ;
#5539=CARTESIAN_POINT('Control Point',(58.1883069138,-17.5914794382,51.4291515125)) ;
#5540=CARTESIAN_POINT('Control Point',(56.1883069138,-19.9116761544,53.6396074707)) ;
#5541=CARTESIAN_POINT('Control Point',(56.5049039378,-19.9553129958,53.6434221448)) ;
#5542=CARTESIAN_POINT('Control Point',(56.8215062072,-20.0051737255,53.5849141946)) ;
#5543=CARTESIAN_POINT('Control Point',(57.1215607673,-20.0590211519,53.4637907014)) ;
#5544=CARTESIAN_POINT('Control Point',(57.6556896053,-20.1688613479,53.1096048301)) ;
#5545=CARTESIAN_POINT('Control Point',(58.0116170394,-20.2719820906,52.5780847652)) ;
#5546=CARTESIAN_POINT('Control Point',(58.133337557,-20.3191055355,52.2794950814)) ;
#5547=CARTESIAN_POINT('Control Point',(58.1921361361,-20.359227152,51.9644381874)) ;
#5548=CARTESIAN_POINT('Control Point',(58.1883069138,-20.3907166357,51.6493865136)) ;
#5549=CARTESIAN_POINT('Control Point',(55.7475471753,-22.4029916703,53.896728292)) ;
#5550=CARTESIAN_POINT('Control Point',(56.0598174038,-22.4908197889,53.9057823145)) ;
#5551=CARTESIAN_POINT('Control Point',(56.3720931361,-22.585784463,53.851293379)) ;
#5552=CARTESIAN_POINT('Control Point',(56.6676950863,-22.6832875115,53.7326853018)) ;
#5553=CARTESIAN_POINT('Control Point',(57.1924250574,-22.8726192603,53.3805388684)) ;
#5554=CARTESIAN_POINT('Control Point',(57.538019446,-23.0322723772,52.8461070959)) ;
#5555=CARTESIAN_POINT('Control Point',(57.6543470447,-23.1000749318,52.5450726786)) ;
#5556=CARTESIAN_POINT('Control Point',(57.7076728876,-23.1520950694,52.2270728147)) ;
#5557=CARTESIAN_POINT('Control Point',(57.6985738583,-23.1865271739,51.9090785426)) ;
#5558=CARTESIAN_POINT('Control Point',(54.8682411222,-24.7879381297,54.1841835566)) ;
#5559=CARTESIAN_POINT('Control Point',(55.1691777602,-24.9192724138,54.199842085)) ;
#5560=CARTESIAN_POINT('Control Point',(55.4701201371,-25.0587044902,54.1504283262)) ;
#5561=CARTESIAN_POINT('Control Point',(55.7545528715,-25.1991547666,54.0349920027)) ;
#5562=CARTESIAN_POINT('Control Point',(56.2576107889,-25.466150745,53.6853820359)) ;
#5563=CARTESIAN_POINT('Control Point',(56.583843974,-25.6794334141,53.1471731016)) ;
#5564=CARTESIAN_POINT('Control Point',(56.6913078279,-25.7661283618,52.8429849001)) ;
#5565=CARTESIAN_POINT('Control Point',(56.7369057757,-25.8279319487,52.5211936014)) ;
#5566=CARTESIAN_POINT('Control Point',(56.7215674087,-25.8629659099,52.1994083872)) ;
#5567=CARTESIAN_POINT('Control Point',(53.5901244278,-26.9696406999,54.4791162141)) ;
#5568=CARTESIAN_POINT('Control Point',(53.8722298848,-27.1424612683,54.5022636605)) ;
#5569=CARTESIAN_POINT('Control Point',(54.1543411901,-27.3243546358,54.4586388319)) ;
#5570=CARTESIAN_POINT('Control Point',(54.4205429167,-27.5056677145,54.3468311481)) ;
#5571=CARTESIAN_POINT('Control Point',(54.8895439162,-27.8457980047,54.0001099092)) ;
#5572=CARTESIAN_POINT('Control Point',(55.1887202747,-28.1073952998,53.4575155362)) ;
#5573=CARTESIAN_POINT('Control Point',(55.2849511296,-28.2101091033,53.1496670447)) ;
#5574=CARTESIAN_POINT('Control Point',(55.3221027754,-28.2786778719,52.8234753384)) ;
#5575=CARTESIAN_POINT('Control Point',(55.3014374268,-28.3113214284,52.4972903349)) ;
#5576=CARTESIAN_POINT('Control Point',(51.9771047112,-28.872929346,54.7567938342)) ;
#5577=CARTESIAN_POINT('Control Point',(52.2331069086,-29.0832639009,54.7874802915)) ;
#5578=CARTESIAN_POINT('Control Point',(52.4891148129,-29.3035903272,54.7497118769)) ;
#5579=CARTESIAN_POINT('Control Point',(52.73033516,-29.5217731268,54.6415862865)) ;
#5580=CARTESIAN_POINT('Control Point',(53.1538561749,-29.9273066552,54.2977933394)) ;
#5581=CARTESIAN_POINT('Control Point',(53.4200047984,-30.2304465491,53.7507172943)) ;
#5582=CARTESIAN_POINT('Control Point',(53.5037106361,-30.3461432458,53.4391250275)) ;
#5583=CARTESIAN_POINT('Control Point',(53.5329491963,-30.4189232244,53.1084311869)) ;
#5584=CARTESIAN_POINT('Control Point',(53.5091931549,-30.447234347,52.7777447188)) ;
#5586=CARTESIAN_POINT('Control Point',(56.1883069138,-17.4173063745,53.4215530141)) ;
#5587=CARTESIAN_POINT('Control Point',(56.8166254445,-17.4173063745,53.4215530141)) ;
#5588=CARTESIAN_POINT('Control Point',(57.4455302005,-17.4387322746,53.1764577354)) ;
#5589=CARTESIAN_POINT('Control Point',(57.9422769057,-17.4819922224,52.6815982947)) ;
#5590=CARTESIAN_POINT('Control Point',(58.1883069138,-17.5367613564,52.0550829045)) ;
#5591=CARTESIAN_POINT('Control Point',(58.1883069138,-17.5914794382,51.4291515125)) ;
#5592=CARTESIAN_POINT('Vertex',(56.1883069138,-17.4173063745,53.4215530141)) ;
#5596=CARTESIAN_POINT('Control Point',(56.1883069138,-17.4173063745,53.4215530141)) ;
#5597=CARTESIAN_POINT('Control Point',(56.1883069138,-19.1645074783,53.5742909884)) ;
#5598=CARTESIAN_POINT('Control Point',(55.9720519748,-20.910210034,53.7461965353)) ;
#5599=CARTESIAN_POINT('Control Point',(55.5402957962,-22.6189460801,53.9342144285)) ;
#5600=CARTESIAN_POINT('Control Point',(54.6302310583,-24.9570542018,54.2166815131)) ;
#5601=CARTESIAN_POINT('Control Point',(53.3347361777,-27.0896701608,54.5032799873)) ;
#5602=CARTESIAN_POINT('Control Point',(52.9133899025,-27.7077185069,54.5888933624)) ;
#5603=CARTESIAN_POINT('Control Point',(52.4602719689,-28.3028143336,54.6736177063)) ;
#5604=CARTESIAN_POINT('Control Point',(51.9771047112,-28.872929346,54.7567938342)) ;
#5605=CARTESIAN_POINT('Vertex',(51.9771047112,-28.872931382,54.7567920917)) ;
#5609=CARTESIAN_POINT('Control Point',(51.9771047112,-28.872929346,54.7567938342)) ;
#5610=CARTESIAN_POINT('Control Point',(52.489109106,-29.2935984559,54.8181667489)) ;
#5611=CARTESIAN_POINT('Control Point',(53.0017787724,-29.7546348456,54.6066748505)) ;
#5612=CARTESIAN_POINT('Control Point',(53.3929779793,-30.156613511,54.1013499474)) ;
#5613=CARTESIAN_POINT('Control Point',(53.5567052377,-30.3906121018,53.439117655)) ;
#5614=CARTESIAN_POINT('Control Point',(53.5091931549,-30.447234347,52.7777447188)) ;
#5624=CARTESIAN_POINT('Control Point',(37.4865778202,-45.9710856277,58.0167461611)) ;
#5625=CARTESIAN_POINT('Control Point',(37.7528799608,-46.1827337946,58.0667330499)) ;
#5626=CARTESIAN_POINT('Control Point',(38.0191893112,-46.4113643729,58.0448407743)) ;
#5627=CARTESIAN_POINT('Control Point',(38.2690714438,-46.643952229,57.9478303175)) ;
#5628=CARTESIAN_POINT('Control Point',(38.7034194073,-47.0867284724,57.6162387395)) ;
#5629=CARTESIAN_POINT('Control Point',(38.9644216851,-47.4360636456,57.0644193155)) ;
#5630=CARTESIAN_POINT('Control Point',(39.0407805311,-47.5751146965,56.7469553786)) ;
#5631=CARTESIAN_POINT('Control Point',(39.0580123735,-47.6694813684,56.4086214051)) ;
#5632=CARTESIAN_POINT('Control Point',(39.0186667064,-47.7163717094,56.0702965913)) ;
#5633=CARTESIAN_POINT('Control Point',(40.3692576892,-42.5696558442,57.2133993147)) ;
#5634=CARTESIAN_POINT('Control Point',(40.6334078506,-42.7813407334,57.259490009)) ;
#5635=CARTESIAN_POINT('Control Point',(40.8975648885,-43.0085335226,57.2343284973)) ;
#5636=CARTESIAN_POINT('Control Point',(41.1456395311,-43.2383714982,57.1349613122)) ;
#5637=CARTESIAN_POINT('Control Point',(41.5777380136,-43.6737927017,56.8006162959)) ;
#5638=CARTESIAN_POINT('Control Point',(41.8398303574,-44.0137245091,56.2493772433)) ;
#5639=CARTESIAN_POINT('Control Point',(41.9177290791,-44.1479776252,55.93289939)) ;
#5640=CARTESIAN_POINT('Control Point',(41.9374630818,-44.2378856445,55.5959034459)) ;
#5641=CARTESIAN_POINT('Control Point',(41.9013465754,-44.2809276193,55.2589162759)) ;
#5642=CARTESIAN_POINT('Control Point',(43.2608139215,-39.1577523531,56.4860234318)) ;
#5643=CARTESIAN_POINT('Control Point',(43.5228594703,-39.3693201157,56.5282283107)) ;
#5644=CARTESIAN_POINT('Control Point',(43.7849115796,-39.5949592866,56.4998390813)) ;
#5645=CARTESIAN_POINT('Control Point',(44.0312173802,-39.8219782178,56.3981790244)) ;
#5646=CARTESIAN_POINT('Control Point',(44.4611094719,-40.2499927367,56.061235752)) ;
#5647=CARTESIAN_POINT('Control Point',(44.7242603579,-40.5806028175,55.5107671924)) ;
#5648=CARTESIAN_POINT('Control Point',(44.8036626077,-40.710122335,55.1953739241)) ;
#5649=CARTESIAN_POINT('Control Point',(44.8258469987,-40.7956437326,54.8598160778)) ;
#5650=CARTESIAN_POINT('Control Point',(44.7929028078,-40.8349050911,54.5242666341)) ;
#5651=CARTESIAN_POINT('Control Point',(46.1600683889,-35.7367652829,55.8342945536)) ;
#5652=CARTESIAN_POINT('Control Point',(46.4200553049,-35.948066129,55.8726320027)) ;
#5653=CARTESIAN_POINT('Control Point',(46.6800484819,-36.172040153,55.8410623415)) ;
#5654=CARTESIAN_POINT('Control Point',(46.9246229969,-36.3961745027,55.737176441)) ;
#5655=CARTESIAN_POINT('Control Point',(47.3523507441,-36.8167356611,55.3977916018)) ;
#5656=CARTESIAN_POINT('Control Point',(47.6165298058,-37.1381062401,54.8482773581)) ;
#5657=CARTESIAN_POINT('Control Point',(47.6974003669,-37.2629557123,54.5340625397)) ;
#5658=CARTESIAN_POINT('Control Point',(47.7219847576,-37.3441611549,54.2000374812)) ;
#5659=CARTESIAN_POINT('Control Point',(47.6921572751,-37.3797081638,53.8660204678)) ;
#5660=CARTESIAN_POINT('Control Point',(49.0658710298,-32.3080516732,55.2579518513)) ;
#5661=CARTESIAN_POINT('Control Point',(49.3238439331,-32.5189399937,55.2924475429)) ;
#5662=CARTESIAN_POINT('Control Point',(49.581822813,-32.7411416406,55.2577498914)) ;
#5663=CARTESIAN_POINT('Control Point',(49.8247025255,-32.9623294211,55.1517079605)) ;
#5664=CARTESIAN_POINT('Control Point',(50.2503069336,-33.375395322,54.8100395121)) ;
#5665=CARTESIAN_POINT('Control Point',(50.5154849226,-33.6876090497,54.261657812)) ;
#5666=CARTESIAN_POINT('Control Point',(50.5977896837,-33.8078512017,53.9487112303)) ;
#5667=CARTESIAN_POINT('Control Point',(50.6247250531,-33.8848099794,53.6163089337)) ;
#5668=CARTESIAN_POINT('Control Point',(50.597959916,-33.9167074272,53.2839143387)) ;
#5669=CARTESIAN_POINT('Control Point',(51.9771069521,-28.8729270454,54.7567914596)) ;
#5670=CARTESIAN_POINT('Control Point',(52.2331091447,-29.0832614795,54.7874777658)) ;
#5671=CARTESIAN_POINT('Control Point',(52.4891170441,-29.3035877788,54.7497092355)) ;
#5672=CARTESIAN_POINT('Control Point',(52.7303373946,-29.5217704587,54.641583575)) ;
#5673=CARTESIAN_POINT('Control Point',(53.1538584486,-29.9273037918,54.2977905799)) ;
#5674=CARTESIAN_POINT('Control Point',(53.4200071877,-30.2304436154,53.7507146398)) ;
#5675=CARTESIAN_POINT('Control Point',(53.5037131056,-30.3461403175,53.4391224561)) ;
#5676=CARTESIAN_POINT('Control Point',(53.5329517663,-30.4189203458,53.1084287137)) ;
#5677=CARTESIAN_POINT('Control Point',(53.5091958383,-30.4472315579,52.7777423431)) ;
#5679=CARTESIAN_POINT('Control Point',(37.4865778202,-45.9710856277,58.0167461611)) ;
#5680=CARTESIAN_POINT('Control Point',(38.2215676634,-45.1038313863,57.8119187784)) ;
#5681=CARTESIAN_POINT('Control Point',(38.9571345452,-44.2358962652,57.6120301507)) ;
#5682=CARTESIAN_POINT('Control Point',(39.6932588439,-43.3673034174,57.4170749292)) ;
#5683=CARTESIAN_POINT('Control Point',(42.5824983953,-39.958133504,56.6717764478)) ;
#5684=CARTESIAN_POINT('Control Point',(45.4797203299,-36.5395447347,56.0022129449)) ;
#5685=CARTESIAN_POINT('Control Point',(47.6421923978,-33.9879270486,55.5452846581)) ;
#5686=CARTESIAN_POINT('Control Point',(49.8081417401,-31.4322063396,55.1301722107)) ;
#5687=CARTESIAN_POINT('Control Point',(51.9771069521,-28.8729270454,54.7567914596)) ;
#5688=CARTESIAN_POINT('Vertex',(37.4865778202,-45.971085842,58.0167462302)) ;
#5692=CARTESIAN_POINT('Control Point',(37.4865778202,-45.9710856277,58.0167461611)) ;
#5693=CARTESIAN_POINT('Control Point',(38.0191821015,-46.3943819614,58.1167199387)) ;
#5694=CARTESIAN_POINT('Control Point',(38.5526214512,-46.8860070217,57.930351702)) ;
#5695=CARTESIAN_POINT('Control Point',(38.9506639218,-47.3394389277,57.4246567632)) ;
#5696=CARTESIAN_POINT('Control Point',(39.0973580405,-47.6225910273,56.7469462189)) ;
#5697=CARTESIAN_POINT('Control Point',(39.0186667064,-47.7163717094,56.0702965913)) ;
#5707=CARTESIAN_POINT('Control Point',(29.9999999472,-66.3366333679,63.9835352407)) ;
#5708=CARTESIAN_POINT('Control Point',(30.3141592148,-66.3366333687,63.9835352435)) ;
#5709=CARTESIAN_POINT('Control Point',(30.6283234597,-66.357088664,63.9253552137)) ;
#5710=CARTESIAN_POINT('Control Point',(30.9263171085,-66.3980300008,63.8089076991)) ;
#5711=CARTESIAN_POINT('Control Point',(31.4578216325,-66.5164647973,63.4720491834)) ;
#5712=CARTESIAN_POINT('Control Point',(31.8148936983,-66.6927559028,62.9706326849)) ;
#5713=CARTESIAN_POINT('Control Point',(31.9383287688,-66.7915953805,62.6895082067)) ;
#5714=CARTESIAN_POINT('Control Point',(31.9999999526,-66.8957983724,62.3931285362)) ;
#5715=CARTESIAN_POINT('Control Point',(31.9999999496,-66.999999713,62.0967535613)) ;
#5716=CARTESIAN_POINT('Control Point',(30.0000008927,-62.0115815439,62.462906117)) ;
#5717=CARTESIAN_POINT('Control Point',(30.3232157065,-62.0497492622,62.4763253171)) ;
#5718=CARTESIAN_POINT('Control Point',(30.6464364939,-62.1082179497,62.427743209)) ;
#5719=CARTESIAN_POINT('Control Point',(30.9520858201,-62.1850564216,62.3163657143)) ;
#5720=CARTESIAN_POINT('Control Point',(31.4933388934,-62.3669145467,61.980803598)) ;
#5721=CARTESIAN_POINT('Control Point',(31.8461589797,-62.5836888889,61.4661492887)) ;
#5722=CARTESIAN_POINT('Control Point',(31.963224985,-62.695473497,61.1755368187)) ;
#5723=CARTESIAN_POINT('Control Point',(32.0142252805,-62.8043052127,60.8682246453)) ;
#5724=CARTESIAN_POINT('Control Point',(32.0000008471,-62.904716352,60.5609181453)) ;
#5725=CARTESIAN_POINT('Control Point',(30.7453831381,-57.6407016365,61.0654224392)) ;
#5726=CARTESIAN_POINT('Control Point',(31.069761062,-57.721729695,61.0914536524)) ;
#5727=CARTESIAN_POINT('Control Point',(31.3941459138,-57.8225612427,61.0520230965)) ;
#5728=CARTESIAN_POINT('Control Point',(31.7000055082,-57.9387766278,60.9455710987)) ;
#5729=CARTESIAN_POINT('Control Point',(32.237903162,-58.1883495463,60.6114700043)) ;
#5730=CARTESIAN_POINT('Control Point',(32.5782981397,-58.4437836177,60.0844024132)) ;
#5731=CARTESIAN_POINT('Control Point',(32.6864819682,-58.5658688694,59.7848155557)) ;
#5732=CARTESIAN_POINT('Control Point',(32.7261032658,-58.6750246092,59.467134231)) ;
#5733=CARTESIAN_POINT('Control Point',(32.6987966252,-58.7660389602,59.1494596426)) ;
#5734=CARTESIAN_POINT('Control Point',(32.2704414129,-53.375791902,59.8465932031)) ;
#5735=CARTESIAN_POINT('Control Point',(32.5858579291,-53.5028949445,59.8833063892)) ;
#5736=CARTESIAN_POINT('Control Point',(32.9012820359,-53.6489720077,59.8517147611)) ;
#5737=CARTESIAN_POINT('Control Point',(33.1979915261,-53.8066469883,59.749529785)) ;
#5738=CARTESIAN_POINT('Control Point',(33.716859182,-54.1257331157,59.4167589168)) ;
#5739=CARTESIAN_POINT('Control Point',(34.0372119999,-54.4165100431,58.8790391932)) ;
#5740=CARTESIAN_POINT('Control Point',(34.1352183535,-54.5458517308,58.5717123443)) ;
#5741=CARTESIAN_POINT('Control Point',(34.1649022733,-54.651089162,58.2450733638)) ;
#5742=CARTESIAN_POINT('Control Point',(34.128538595,-54.7277032078,57.9184421572)) ;
#5743=CARTESIAN_POINT('Control Point',(34.5569058386,-49.4279648838,58.833191631)) ;
#5744=CARTESIAN_POINT('Control Point',(34.8522846794,-49.5997265867,58.8777265756)) ;
#5745=CARTESIAN_POINT('Control Point',(35.1476711657,-49.7894671394,58.8518640803)) ;
#5746=CARTESIAN_POINT('Control Point',(35.4251077932,-49.9868395578,58.7527606774)) ;
#5747=CARTESIAN_POINT('Control Point',(35.9084915257,-50.3716466403,58.4207903391)) ;
#5748=CARTESIAN_POINT('Control Point',(36.2020798887,-50.6939137798,57.8749373811)) ;
#5749=CARTESIAN_POINT('Control Point',(36.2895323113,-50.8286852087,57.561739364)) ;
#5750=CARTESIAN_POINT('Control Point',(36.3120209227,-50.928463935,57.2283186412)) ;
#5751=CARTESIAN_POINT('Control Point',(36.2720992621,-50.9896041353,56.8949064991)) ;
#5752=CARTESIAN_POINT('Control Point',(37.486573797,-45.9710871559,58.0167519059)) ;
#5753=CARTESIAN_POINT('Control Point',(37.752875843,-46.1827352108,58.0667384789)) ;
#5754=CARTESIAN_POINT('Control Point',(38.0191850988,-46.4113656615,58.0448459591)) ;
#5755=CARTESIAN_POINT('Control Point',(38.2690671585,-46.6439533935,57.9478353524)) ;
#5756=CARTESIAN_POINT('Control Point',(38.7034150623,-47.0867294431,57.6162436703)) ;
#5757=CARTESIAN_POINT('Control Point',(38.9644174878,-47.436064591,57.0644244714)) ;
#5758=CARTESIAN_POINT('Control Point',(39.0407764687,-47.5751156868,56.7469607146)) ;
#5759=CARTESIAN_POINT('Control Point',(39.0580085035,-47.6694824675,56.4086269561)) ;
#5760=CARTESIAN_POINT('Control Point',(39.0186630692,-47.7163729734,56.0703023585)) ;
#5762=CARTESIAN_POINT('Control Point',(29.9999999472,-66.3366333679,63.9835352407)) ;
#5763=CARTESIAN_POINT('Control Point',(29.9999999782,-66.1950736796,63.9337647885)) ;
#5764=CARTESIAN_POINT('Control Point',(30.0007985094,-66.0534648973,63.8841262577)) ;
#5765=CARTESIAN_POINT('Control Point',(30.0023966508,-65.911812366,63.8346215348)) ;
#5766=CARTESIAN_POINT('Control Point',(30.055141352,-62.7963484408,62.7491070276)) ;
#5767=CARTESIAN_POINT('Control Point',(30.4954816621,-59.6649620617,61.7300633912)) ;
#5768=CARTESIAN_POINT('Control Point',(31.278360516,-56.7128898464,60.8354213326)) ;
#5769=CARTESIAN_POINT('Control Point',(32.8906193697,-52.6935044341,59.7010533126)) ;
#5770=CARTESIAN_POINT('Control Point',(35.1768413297,-48.9903412412,58.7499858852)) ;
#5771=CARTESIAN_POINT('Control Point',(35.8945327852,-47.947853025,58.489987743)) ;
#5772=CARTESIAN_POINT('Control Point',(36.6652789515,-46.9401785,58.2456303138)) ;
#5773=CARTESIAN_POINT('Control Point',(37.486573797,-45.9710871559,58.0167519059)) ;
#5774=CARTESIAN_POINT('Vertex',(29.9999999472,-66.3366334125,63.9835352141)) ;
#5778=CARTESIAN_POINT('Control Point',(29.9999999472,-66.3366333679,63.9835352407)) ;
#5779=CARTESIAN_POINT('Control Point',(30.6283184824,-66.3366333696,63.9835352462)) ;
#5780=CARTESIAN_POINT('Control Point',(31.257223243,-66.4182373844,63.7514327932)) ;
#5781=CARTESIAN_POINT('Control Point',(31.7539699501,-66.5829999079,63.2828065006)) ;
#5782=CARTESIAN_POINT('Control Point',(31.9999999555,-66.7915970317,62.6895035112)) ;
#5783=CARTESIAN_POINT('Control Point',(31.9999999496,-66.999999713,62.0967535613)) ;
#5792=CARTESIAN_POINT('Axis2P3D Location',(30.,-9.94759830064E-014,252.661703181)) ;
#5797=CARTESIAN_POINT('Axis2P3D Location',(30.,-9.94759830064E-014,252.661703181)) ;
#5801=CARTESIAN_POINT('Vertex',(30.,-85.1063829787,71.6730196228)) ;
#5804=CARTESIAN_POINT('Axis2P3D Location',(30.,-85.9574468085,69.8631327872)) ;
#5816=CARTESIAN_POINT('Axis2P3D Location',(30.,-100.,40.)) ;
#5821=CARTESIAN_POINT('Axis2P3D Location',(30.,-100.,40.)) ;
#5825=CARTESIAN_POINT('Vertex',(30.,-112.998673672,7.50331581902)) ;
#5828=CARTESIAN_POINT('Axis2P3D Location',(30.,-112.25589232,9.36026920079)) ;
#5841=CARTESIAN_POINT('Axis2P3D Location',(30.,-69.2279461598,-7.85090926315)) ;
#5846=CARTESIAN_POINT('Line Origine',(30.,-69.9707275126,-9.70786264492)) ;
#5850=CARTESIAN_POINT('Vertex',(30.,-67.7427813527,-10.5990411089)) ;
#5853=CARTESIAN_POINT('Axis2P3D Location',(30.,-67.,-8.74208772709)) ;
#5866=CARTESIAN_POINT('Control Point',(37.4866106531,-47.1735386258,-18.8267381996)) ;
#5867=CARTESIAN_POINT('Control Point',(37.6964044924,-47.3252959439,-18.7660351225)) ;
#5868=CARTESIAN_POINT('Control Point',(37.9061995646,-47.4606386232,-18.6642928622)) ;
#5869=CARTESIAN_POINT('Control Point',(38.1082610711,-47.5739588246,-18.5237175441)) ;
#5870=CARTESIAN_POINT('Control Point',(38.4814984043,-47.747908423,-18.1756305297)) ;
#5871=CARTESIAN_POINT('Control Point',(38.7686889657,-47.8079390347,-17.7232512164)) ;
#5872=CARTESIAN_POINT('Control Point',(38.8846711853,-47.8072972021,-17.4783441895)) ;
#5873=CARTESIAN_POINT('Control Point',(38.9686140376,-47.7760216917,-17.2240637566)) ;
#5874=CARTESIAN_POINT('Control Point',(39.0186973504,-47.7163351525,-16.9697848179)) ;
#5875=CARTESIAN_POINT('Control Point',(34.5561362625,-50.6659387241,-17.4297781603)) ;
#5876=CARTESIAN_POINT('Control Point',(34.7954426176,-50.7951358608,-17.3780990822)) ;
#5877=CARTESIAN_POINT('Control Point',(35.0347506095,-50.9068880969,-17.2828050671)) ;
#5878=CARTESIAN_POINT('Control Point',(35.2647509626,-50.9960651257,-17.1459042999)) ;
#5879=CARTESIAN_POINT('Control Point',(35.6875857578,-51.1219045735,-16.8000351829)) ;
#5880=CARTESIAN_POINT('Control Point',(36.0072788794,-51.1370703085,-16.3416217418)) ;
#5881=CARTESIAN_POINT('Control Point',(36.1340945915,-51.115526518,-16.0921292836)) ;
#5882=CARTESIAN_POINT('Control Point',(36.2227523149,-51.0656785093,-15.8324761284)) ;
#5883=CARTESIAN_POINT('Control Point',(36.2713775949,-50.9904603255,-15.5728247785)) ;
#5884=CARTESIAN_POINT('Control Point',(32.2872039242,-54.6330401573,-15.842937587)) ;
#5885=CARTESIAN_POINT('Control Point',(32.5525747876,-54.735456938,-15.8019709103)) ;
#5886=CARTESIAN_POINT('Control Point',(32.817947826,-54.819231293,-15.7143954827)) ;
#5887=CARTESIAN_POINT('Control Point',(33.0723161845,-54.8799387754,-15.5819280072)) ;
#5888=CARTESIAN_POINT('Control Point',(33.5371203065,-54.9496726603,-15.2387843603)) ;
#5889=CARTESIAN_POINT('Control Point',(33.8805999667,-54.9142486719,-14.773177522)) ;
#5890=CARTESIAN_POINT('Control Point',(34.0135871095,-54.8697471044,-14.5181888042)) ;
#5891=CARTESIAN_POINT('Control Point',(34.102056248,-54.8002854418,-14.2520853916)) ;
#5892=CARTESIAN_POINT('Control Point',(34.14425375,-54.7096176882,-13.9859842052)) ;
#5893=CARTESIAN_POINT('Control Point',(30.763000181,-58.9031156512,-14.1349073895)) ;
#5894=CARTESIAN_POINT('Control Point',(31.0501833069,-58.9748752625,-14.1062035145)) ;
#5895=CARTESIAN_POINT('Control Point',(31.3373693232,-59.0266613039,-14.0275632521)) ;
#5896=CARTESIAN_POINT('Control Point',(31.6117609059,-59.0550720731,-13.9002823201)) ;
#5897=CARTESIAN_POINT('Control Point',(32.1094811535,-59.0621302696,-13.560404051)) ;
#5898=CARTESIAN_POINT('Control Point',(32.4670272988,-58.9728756624,-13.0865157402)) ;
#5899=CARTESIAN_POINT('Control Point',(32.6011698967,-58.9049193323,-12.8251524477)) ;
#5900=CARTESIAN_POINT('Control Point',(32.6843975751,-58.8166891153,-12.5515518307)) ;
#5901=CARTESIAN_POINT('Control Point',(32.7153125928,-58.7128139709,-12.2779540077)) ;
#5902=CARTESIAN_POINT('Control Point',(30.0000011158,-63.3231916015,-12.3668770093)) ;
#5903=CARTESIAN_POINT('Control Point',(30.3039016371,-63.3605961401,-12.3519151851)) ;
#5904=CARTESIAN_POINT('Control Point',(30.6078060068,-63.3765923663,-12.2834308616)) ;
#5905=CARTESIAN_POINT('Control Point',(30.8971267748,-63.3692266351,-12.1621250407)) ;
#5906=CARTESIAN_POINT('Control Point',(31.4175874572,-63.3082317705,-11.8261195573)) ;
#5907=CARTESIAN_POINT('Control Point',(31.7794764235,-63.1642535748,-11.3428839253)) ;
#5908=CARTESIAN_POINT('Control Point',(31.9101267859,-63.0738504413,-11.0742563249)) ;
#5909=CARTESIAN_POINT('Control Point',(31.9838866571,-62.96950074,-10.7920881896)) ;
#5910=CARTESIAN_POINT('Control Point',(32.0000010348,-62.8566349171,-10.5099236276)) ;
#5911=CARTESIAN_POINT('Control Point',(30.0000003358,-67.7427813527,-10.5990411089)) ;
#5912=CARTESIAN_POINT('Control Point',(30.314159593,-67.7427813653,-10.5990411019)) ;
#5913=CARTESIAN_POINT('Control Point',(30.6283238275,-67.7198772752,-10.541780838)) ;
#5914=CARTESIAN_POINT('Control Point',(30.9263174671,-67.6740346539,-10.427174248)) ;
#5915=CARTESIAN_POINT('Control Point',(31.4578219775,-67.5414214429,-10.0956411554)) ;
#5916=CARTESIAN_POINT('Control Point',(31.8148940423,-67.3440256387,-9.60215160102)) ;
#5917=CARTESIAN_POINT('Control Point',(31.938329116,-67.2333535842,-9.32547144966)) ;
#5918=CARTESIAN_POINT('Control Point',(32.0000003069,-67.1166759185,-9.03377727774)) ;
#5919=CARTESIAN_POINT('Control Point',(32.0000003144,-67.0000000982,-8.74208772709)) ;
#5921=CARTESIAN_POINT('Control Point',(37.4866106531,-47.1735386258,-18.8267381996)) ;
#5922=CARTESIAN_POINT('Control Point',(36.2841690779,-48.6065513451,-18.2535331119)) ;
#5923=CARTESIAN_POINT('Control Point',(35.1931081053,-50.1194872084,-17.6483587666)) ;
#5924=CARTESIAN_POINT('Control Point',(34.2192774517,-51.7006534419,-17.0158922732)) ;
#5925=CARTESIAN_POINT('Control Point',(32.140932539,-55.6918970311,-15.4193948375)) ;
#5926=CARTESIAN_POINT('Control Point',(30.7959939685,-59.9546380698,-13.714298422)) ;
#5927=CARTESIAN_POINT('Control Point',(30.2653100659,-62.5303530447,-12.684012432)) ;
#5928=CARTESIAN_POINT('Control Point',(30.0000007958,-65.136651729,-11.6414929583)) ;
#5929=CARTESIAN_POINT('Control Point',(30.0000003358,-67.7427813527,-10.5990411089)) ;
#5930=CARTESIAN_POINT('Vertex',(37.4866106531,-47.1735386258,-18.8267381996)) ;
#5934=CARTESIAN_POINT('Control Point',(37.4866106531,-47.1735386258,-18.8267381996)) ;
#5935=CARTESIAN_POINT('Control Point',(38.0110952514,-47.552931921,-18.6749805067)) ;
#5936=CARTESIAN_POINT('Control Point',(38.5393292005,-47.8244717335,-18.245723882)) ;
#5937=CARTESIAN_POINT('Control Point',(38.8934890684,-47.8655515005,-17.6054821647)) ;
#5938=CARTESIAN_POINT('Control Point',(39.0186973504,-47.7163351525,-16.9697848179)) ;
#5947=CARTESIAN_POINT('Axis2P3D Location',(28.9647951159,-56.5866616432,-12.9074230698)) ;
#5952=CARTESIAN_POINT('Line Origine',(28.9647951159,-57.3294429959,-14.7643764516)) ;
#5956=CARTESIAN_POINT('Vertex',(51.9771068899,-29.9044377653,-25.7343785438)) ;
#5959=CARTESIAN_POINT('Axis2P3D Location',(51.9771068899,-29.1616564126,-23.8774251621)) ;
#5972=CARTESIAN_POINT('Control Point',(51.9771073932,-29.9044381293,-25.7343783982)) ;
#5973=CARTESIAN_POINT('Control Point',(52.1869016371,-30.0561952044,-25.6736754896)) ;
#5974=CARTESIAN_POINT('Control Point',(52.3966971138,-30.1915376215,-25.5719333499)) ;
#5975=CARTESIAN_POINT('Control Point',(52.5987590009,-30.3048575437,-25.4313581004)) ;
#5976=CARTESIAN_POINT('Control Point',(52.9719969995,-30.4788065608,-25.0832711275)) ;
#5977=CARTESIAN_POINT('Control Point',(53.259187967,-30.5388365785,-24.6308917014)) ;
#5978=CARTESIAN_POINT('Control Point',(53.3751703078,-30.538194454,-24.3859845889)) ;
#5979=CARTESIAN_POINT('Control Point',(53.4591131894,-30.506918668,-24.1317040556)) ;
#5980=CARTESIAN_POINT('Control Point',(53.5091964399,-30.4472318812,-23.8774250164)) ;
#5981=CARTESIAN_POINT('Control Point',(53.6206431626,-27.9457481647,-26.5178543841)) ;
#5982=CARTESIAN_POINT('Control Point',(53.8598629989,-28.0750114007,-26.4661488572)) ;
#5983=CARTESIAN_POINT('Control Point',(54.099084471,-28.1868327562,-26.3708359436)) ;
#5984=CARTESIAN_POINT('Control Point',(54.3290029163,-28.2760805273,-26.2339244076)) ;
#5985=CARTESIAN_POINT('Control Point',(54.7516922979,-28.4020609543,-25.8880487915)) ;
#5986=CARTESIAN_POINT('Control Point',(55.0712900979,-28.4173581869,-25.4296530356)) ;
#5987=CARTESIAN_POINT('Control Point',(55.198074025,-28.3958756689,-25.1801740162)) ;
#5988=CARTESIAN_POINT('Control Point',(55.2867178939,-28.3460821161,-24.920536607)) ;
#5989=CARTESIAN_POINT('Control Point',(55.3353474105,-28.2709094863,-24.6609010023)) ;
#5990=CARTESIAN_POINT('Control Point',(54.8975665691,-25.7176525902,-27.4090926139)) ;
#5991=CARTESIAN_POINT('Control Point',(55.1628434538,-25.8201810167,-27.3680808259)) ;
#5992=CARTESIAN_POINT('Control Point',(55.428122511,-25.9040720185,-27.2804727892)) ;
#5993=CARTESIAN_POINT('Control Point',(55.6824037157,-25.9648979889,-27.1479865273)) ;
#5994=CARTESIAN_POINT('Control Point',(56.1470607443,-26.0348644785,-26.8048312505)) ;
#5995=CARTESIAN_POINT('Control Point',(56.490465996,-25.9996475919,-26.3392547544)) ;
#5996=CARTESIAN_POINT('Control Point',(56.6234387301,-25.9552390256,-26.0842892691)) ;
#5997=CARTESIAN_POINT('Control Point',(56.7119186025,-25.885855501,-25.8182131384)) ;
#5998=CARTESIAN_POINT('Control Point',(56.7541511585,-25.795247619,-25.5521392321)) ;
#5999=CARTESIAN_POINT('Control Point',(55.757735119,-23.3143957302,-28.3703953578)) ;
#6000=CARTESIAN_POINT('Control Point',(56.0448651937,-23.3862631235,-28.3416483888)) ;
#6001=CARTESIAN_POINT('Control Point',(56.3319981559,-23.4381614515,-28.2629762915)) ;
#6002=CARTESIAN_POINT('Control Point',(56.6063423237,-23.466684496,-28.1356766375)) ;
#6003=CARTESIAN_POINT('Control Point',(57.1039901773,-23.4739563805,-27.7957862443)) ;
#6004=CARTESIAN_POINT('Control Point',(57.4615219522,-23.3848739317,-27.3219272398)) ;
#6005=CARTESIAN_POINT('Control Point',(57.5956752333,-23.3169883471,-27.0605867161)) ;
#6006=CARTESIAN_POINT('Control Point',(57.6789324632,-23.2288091091,-26.7870129504)) ;
#6007=CARTESIAN_POINT('Control Point',(57.7098938968,-23.1249626398,-26.5134419761)) ;
#6008=CARTESIAN_POINT('Control Point',(56.1883067722,-20.8242895953,-29.3664378118)) ;
#6009=CARTESIAN_POINT('Control Point',(56.4921907889,-20.8617543677,-29.3514518937)) ;
#6010=CARTESIAN_POINT('Control Point',(56.7960786522,-20.8778132366,-29.2829494954)) ;
#6011=CARTESIAN_POINT('Control Point',(57.0853854686,-20.8705094659,-29.1616328863)) ;
#6012=CARTESIAN_POINT('Control Point',(57.6058283932,-20.80962993,-28.8256202007)) ;
#6013=CARTESIAN_POINT('Control Point',(57.9677251345,-20.6657377521,-28.3424010811)) ;
#6014=CARTESIAN_POINT('Control Point',(58.0983871226,-20.5753672566,-28.0737864483)) ;
#6015=CARTESIAN_POINT('Control Point',(58.172166464,-20.4710374053,-27.7916336534)) ;
#6016=CARTESIAN_POINT('Control Point',(58.1883067917,-20.3581777151,-27.50948443)) ;
#6017=CARTESIAN_POINT('Control Point',(56.1883068766,-18.3342630003,-30.3624484498)) ;
#6018=CARTESIAN_POINT('Control Point',(56.5024661423,-18.3342629883,-30.3624484511)) ;
#6019=CARTESIAN_POINT('Control Point',(56.8166303852,-18.3113588727,-30.3051881935)) ;
#6020=CARTESIAN_POINT('Control Point',(57.1146240323,-18.2655162262,-30.1905816072)) ;
#6021=CARTESIAN_POINT('Control Point',(57.6461285535,-18.1329029689,-29.8590485171)) ;
#6022=CARTESIAN_POINT('Control Point',(58.0032006188,-17.9355071306,-29.365558957)) ;
#6023=CARTESIAN_POINT('Control Point',(58.1266356896,-17.8248350633,-29.0888788012)) ;
#6024=CARTESIAN_POINT('Control Point',(58.1883068743,-17.70815739,-28.797184624)) ;
#6025=CARTESIAN_POINT('Control Point',(58.1883068729,-17.5914815676,-28.505495068)) ;
#6027=CARTESIAN_POINT('Control Point',(51.9771073932,-29.9044381293,-25.7343783982)) ;
#6028=CARTESIAN_POINT('Control Point',(52.8910264407,-28.8152716505,-26.1700449898)) ;
#6029=CARTESIAN_POINT('Control Point',(53.6915843382,-27.6428015713,-26.6390330214)) ;
#6030=CARTESIAN_POINT('Control Point',(54.3701124078,-26.4029178129,-27.1349865248)) ;
#6031=CARTESIAN_POINT('Control Point',(55.3618466167,-24.0812301002,-28.0636616099)) ;
#6032=CARTESIAN_POINT('Control Point',(55.9337372643,-21.6428583107,-29.0390103257)) ;
#6033=CARTESIAN_POINT('Control Point',(56.1034519542,-20.5450794084,-29.4781218866)) ;
#6034=CARTESIAN_POINT('Control Point',(56.1883068303,-19.4396633667,-29.9202883033)) ;
#6035=CARTESIAN_POINT('Control Point',(56.1883068766,-18.3342630003,-30.3624484498)) ;
#6036=CARTESIAN_POINT('Vertex',(56.1883068766,-18.3342630003,-30.3624484498)) ;
#6040=CARTESIAN_POINT('Control Point',(56.1883068766,-18.3342630003,-30.3624484498)) ;
#6041=CARTESIAN_POINT('Control Point',(56.816625408,-18.3342629762,-30.3624484524)) ;
#6042=CARTESIAN_POINT('Control Point',(57.4455301646,-18.2428897005,-30.134015326)) ;
#6043=CARTESIAN_POINT('Control Point',(57.9422768695,-18.0584025855,-29.6727975884)) ;
#6044=CARTESIAN_POINT('Control Point',(58.1883068757,-17.8248332123,-29.0888741799)) ;
#6045=CARTESIAN_POINT('Control Point',(58.1883068729,-17.5914815676,-28.505495068)) ;
#6054=CARTESIAN_POINT('Axis2P3D Location',(56.1883069138,-62.2558923197,-10.6397307992)) ;
#6059=CARTESIAN_POINT('Line Origine',(56.1883069138,-62.9986736724,-12.496684181)) ;
#6063=CARTESIAN_POINT('Vertex',(56.1883069138,-12.9986736724,-32.496684181)) ;
#6066=CARTESIAN_POINT('Axis2P3D Location',(56.1883069138,-12.2558923197,-30.6397307992)) ;
#6078=CARTESIAN_POINT('Axis2P3D Location',(56.1883069138,62.2558923197,-10.6397307992)) ;
#6083=CARTESIAN_POINT('Axis2P3D Location',(56.1883069138,12.2558923197,-30.6397307992)) ;
#6087=CARTESIAN_POINT('Vertex',(56.1883069138,12.9986736724,-32.496684181)) ;
#6090=CARTESIAN_POINT('Line Origine',(56.1883069138,62.9986736724,-12.496684181)) ;
#6094=CARTESIAN_POINT('Vertex',(56.1883069138,18.3342607909,-30.3624493336)) ;
#6097=CARTESIAN_POINT('Axis2P3D Location',(56.1883069138,17.5914794382,-28.5054959518)) ;
#6110=CARTESIAN_POINT('Control Point',(51.977099434,29.9044473487,-25.7343747105)) ;
#6111=CARTESIAN_POINT('Control Point',(52.186893539,30.056204536,-25.6736717667)) ;
#6112=CARTESIAN_POINT('Control Point',(52.3966888769,30.1915470693,-25.5719296017)) ;
#6113=CARTESIAN_POINT('Control Point',(52.5987506321,30.304867109,-25.4313543379)) ;
#6114=CARTESIAN_POINT('Control Point',(52.9719883951,30.4788163568,-25.0832673563)) ;
#6115=CARTESIAN_POINT('Control Point',(53.2591792035,30.5388465828,-24.6308879538)) ;
#6116=CARTESIAN_POINT('Control Point',(53.375161489,30.5382045533,-24.3859808592)) ;
#6117=CARTESIAN_POINT('Control Point',(53.4591043427,30.5069288494,-24.1317003468)) ;
#6118=CARTESIAN_POINT('Control Point',(53.5091875933,30.447242129,-23.8774213287)) ;
#6119=CARTESIAN_POINT('Control Point',(53.6206291625,27.9457669854,-26.5178468558)) ;
#6120=CARTESIAN_POINT('Control Point',(53.8598487481,28.075030463,-26.4661412647)) ;
#6121=CARTESIAN_POINT('Control Point',(54.0990699693,28.1868520673,-26.3708283051)) ;
#6122=CARTESIAN_POINT('Control Point',(54.3289881771,28.2761000877,-26.2339167427)) ;
#6123=CARTESIAN_POINT('Control Point',(54.7516771365,28.4020809977,-25.8880411105)) ;
#6124=CARTESIAN_POINT('Control Point',(55.0712746582,28.4173786514,-25.4296453976)) ;
#6125=CARTESIAN_POINT('Control Point',(55.1980584916,28.3958963205,-25.1801664111)) ;
#6126=CARTESIAN_POINT('Control Point',(55.2867023184,28.3461029239,-24.9205290403)) ;
#6127=CARTESIAN_POINT('Control Point',(55.3353318444,28.2709304136,-24.660893474)) ;
#6128=CARTESIAN_POINT('Control Point',(54.8975321457,25.7177056186,-27.4090714025)) ;
#6129=CARTESIAN_POINT('Control Point',(55.1628083896,25.8202347274,-27.3680594234)) ;
#6130=CARTESIAN_POINT('Control Point',(55.4280868061,25.904126433,-27.2804512493)) ;
#6131=CARTESIAN_POINT('Control Point',(55.682367406,25.9649531088,-27.1479649086)) ;
#6132=CARTESIAN_POINT('Control Point',(56.1470233695,26.0349209653,-26.8048095837)) ;
#6133=CARTESIAN_POINT('Control Point',(56.4904279465,25.9997052667,-26.3392332158)) ;
#6134=CARTESIAN_POINT('Control Point',(56.6234004665,25.9552972269,-26.0842678283)) ;
#6135=CARTESIAN_POINT('Control Point',(56.7118802633,25.8859141393,-25.8181918123)) ;
#6136=CARTESIAN_POINT('Control Point',(56.7541128819,25.7953065884,-25.5521180207)) ;
#6137=CARTESIAN_POINT('Control Point',(55.7577214074,23.3145122269,-28.3703487592)) ;
#6138=CARTESIAN_POINT('Control Point',(56.0448507965,23.3863812608,-28.3416011286)) ;
#6139=CARTESIAN_POINT('Control Point',(56.3319830731,23.4382812976,-28.2629285401)) ;
#6140=CARTESIAN_POINT('Control Point',(56.606326636,23.4668060452,-28.1356285958)) ;
#6141=CARTESIAN_POINT('Control Point',(57.1039736009,23.4740811489,-27.7957380126)) ;
#6142=CARTESIAN_POINT('Control Point',(57.4615053106,23.3850012334,-27.3218794592)) ;
#6143=CARTESIAN_POINT('Control Point',(57.5956588115,23.3171166659,-27.0605392872)) ;
#6144=CARTESIAN_POINT('Control Point',(57.6789165247,23.2289381282,-26.7869659366)) ;
#6145=CARTESIAN_POINT('Control Point',(57.709878672,23.125092008,-26.5133953774)) ;
#6146=CARTESIAN_POINT('Control Point',(56.1883071306,20.8243299058,-29.3664216876)) ;
#6147=CARTESIAN_POINT('Control Point',(56.4921909857,20.8617952798,-29.3514355244)) ;
#6148=CARTESIAN_POINT('Control Point',(56.7960786874,20.8778547748,-29.2829329421)) ;
#6149=CARTESIAN_POINT('Control Point',(57.085385368,20.8705516236,-29.1616162231)) ;
#6150=CARTESIAN_POINT('Control Point',(57.6058281227,20.8096732405,-28.825603464)) ;
#6151=CARTESIAN_POINT('Control Point',(57.9677249507,20.665781921,-28.3423845125)) ;
#6152=CARTESIAN_POINT('Control Point',(58.0983870596,20.5754117505,-28.0737700117)) ;
#6153=CARTESIAN_POINT('Control Point',(58.1721666005,20.4710820955,-27.791617373)) ;
#6154=CARTESIAN_POINT('Control Point',(58.1883071922,20.3582224639,-27.5094683058)) ;
#6155=CARTESIAN_POINT('Control Point',(56.1883068269,18.3342607909,-30.3624493336)) ;
#6156=CARTESIAN_POINT('Control Point',(56.5024661001,18.3342607424,-30.3624493472)) ;
#6157=CARTESIAN_POINT('Control Point',(56.8166303506,18.311356589,-30.3051890988)) ;
#6158=CARTESIAN_POINT('Control Point',(57.114624004,18.2655139055,-30.190582518)) ;
#6159=CARTESIAN_POINT('Control Point',(57.6461285329,18.1329005795,-29.8590494315)) ;
#6160=CARTESIAN_POINT('Control Point',(58.0032005932,17.9355046908,-29.3655598631)) ;
#6161=CARTESIAN_POINT('Control Point',(58.1266356578,17.8248326046,-29.0888797006)) ;
#6162=CARTESIAN_POINT('Control Point',(58.1883068324,17.70815492,-28.7971855156)) ;
#6163=CARTESIAN_POINT('Control Point',(58.1883068177,17.5914790945,-28.5054959518)) ;
#6165=CARTESIAN_POINT('Control Point',(51.977099434,29.9044473487,-25.7343747105)) ;
#6166=CARTESIAN_POINT('Control Point',(52.8440226016,28.8712896544,-26.1476377882)) ;
#6167=CARTESIAN_POINT('Control Point',(53.6089387085,27.7631817151,-26.5908809639)) ;
#6168=CARTESIAN_POINT('Control Point',(54.2644484301,26.5936921673,-27.058676783)) ;
#6169=CARTESIAN_POINT('Control Point',(55.2913411568,24.2864932487,-27.9815563505)) ;
#6170=CARTESIAN_POINT('Control Point',(55.899876853,21.8549530654,-28.9541724238)) ;
#6171=CARTESIAN_POINT('Control Point',(56.0921664948,20.6875188422,-29.4211461131)) ;
#6172=CARTESIAN_POINT('Control Point',(56.1883069704,19.5108771783,-29.8918027786)) ;
#6173=CARTESIAN_POINT('Control Point',(56.1883068269,18.3342607909,-30.3624493336)) ;
#6174=CARTESIAN_POINT('Vertex',(51.977099434,29.9044473487,-25.7343747105)) ;
#6178=CARTESIAN_POINT('Control Point',(51.977099434,29.9044473487,-25.7343747105)) ;
#6179=CARTESIAN_POINT('Control Point',(52.5015846966,30.2838403169,-25.5826173509)) ;
#6180=CARTESIAN_POINT('Control Point',(53.029819321,30.5553796999,-25.1533607989)) ;
#6181=CARTESIAN_POINT('Control Point',(53.3839794669,30.59645893,-24.513118874)) ;
#6182=CARTESIAN_POINT('Control Point',(53.5091875933,30.447242129,-23.8774213287)) ;
#6191=CARTESIAN_POINT('Axis2P3D Location',(28.9647951159,56.5866616432,-12.9074230698)) ;
#6196=CARTESIAN_POINT('Line Origine',(28.9647951159,57.3294429959,-14.7643764516)) ;
#6200=CARTESIAN_POINT('Vertex',(37.4865778202,47.1735778427,-18.8267225128)) ;
#6203=CARTESIAN_POINT('Axis2P3D Location',(37.4865778202,46.43079649,-16.9697691311)) ;
#6216=CARTESIAN_POINT('Control Point',(37.4865777149,47.1735777666,-18.8267225433)) ;
#6217=CARTESIAN_POINT('Control Point',(37.6963718838,47.3253348291,-18.7660195636)) ;
#6218=CARTESIAN_POINT('Control Point',(37.9061672856,47.4606772418,-18.664277373)) ;
#6219=CARTESIAN_POINT('Control Point',(38.1082291043,47.573997171,-18.5237020946)) ;
#6220=CARTESIAN_POINT('Control Point',(38.4814669924,47.7479462287,-18.1756151042)) ;
#6221=CARTESIAN_POINT('Control Point',(38.7686579197,47.8079763396,-17.7232357256)) ;
#6222=CARTESIAN_POINT('Control Point',(38.8846402623,47.8073342746,-17.4783286493)) ;
#6223=CARTESIAN_POINT('Control Point',(38.9685831698,47.7760585589,-17.2240481583)) ;
#6224=CARTESIAN_POINT('Control Point',(39.0186664694,47.716371849,-16.9697691615)) ;
#6225=CARTESIAN_POINT('Control Point',(34.556097277,50.6659966133,-17.4297550046)) ;
#6226=CARTESIAN_POINT('Control Point',(34.7954040492,50.7951933604,-17.3780760727)) ;
#6227=CARTESIAN_POINT('Control Point',(35.0347124584,50.9069451905,-17.2827821625)) ;
#6228=CARTESIAN_POINT('Control Point',(35.2647132039,50.9961218068,-17.1458814555)) ;
#6229=CARTESIAN_POINT('Control Point',(35.6875486859,51.1219604413,-16.8000123752)) ;
#6230=CARTESIAN_POINT('Control Point',(36.0072422285,51.1371254402,-16.3415988361)) ;
#6231=CARTESIAN_POINT('Control Point',(36.1340580672,51.1155813142,-16.0921063032)) ;
#6232=CARTESIAN_POINT('Control Point',(36.2227158234,51.0657330166,-15.8324530604)) ;
#6233=CARTESIAN_POINT('Control Point',(36.2713410427,50.9905146017,-15.5728016229)) ;
#6234=CARTESIAN_POINT('Control Point',(32.2871571656,54.6331297396,-15.8429017541)) ;
#6235=CARTESIAN_POINT('Control Point',(32.5525285798,54.7355459016,-15.8019353142)) ;
#6236=CARTESIAN_POINT('Control Point',(32.8179021691,54.8193196117,-15.7143600578)) ;
#6237=CARTESIAN_POINT('Control Point',(33.0722710414,54.8800264405,-15.5818926808)) ;
#6238=CARTESIAN_POINT('Control Point',(33.5370760428,54.9497590457,-15.2387490948)) ;
#6239=CARTESIAN_POINT('Control Point',(33.8805561856,54.9143339237,-14.7731420973)) ;
#6240=CARTESIAN_POINT('Control Point',(34.0135434452,54.8698318486,-14.5181532576)) ;
#6241=CARTESIAN_POINT('Control Point',(34.1020125624,54.8003697608,-14.2520497018)) ;
#6242=CARTESIAN_POINT('Control Point',(34.144209909,54.7097016823,-13.9859483723)) ;
#6243=CARTESIAN_POINT('Control Point',(30.7629865384,58.9032543714,-14.1348519014)) ;
#6244=CARTESIAN_POINT('Control Point',(31.0501701041,58.9750128699,-14.1061484761)) ;
#6245=CARTESIAN_POINT('Control Point',(31.3373565603,59.0267977524,-14.0275085481)) ;
#6246=CARTESIAN_POINT('Control Point',(31.6117485293,59.0552073679,-13.9002278141)) ;
#6247=CARTESIAN_POINT('Control Point',(32.1094693362,59.0622633883,-13.560349675)) ;
#6248=CARTESIAN_POINT('Control Point',(32.4670154952,58.9730070821,-13.0864610573)) ;
#6249=CARTESIAN_POINT('Control Point',(32.601157933,58.9050500753,-12.8250975253)) ;
#6250=CARTESIAN_POINT('Control Point',(32.6843852776,58.8168193999,-12.5514966255)) ;
#6251=CARTESIAN_POINT('Control Point',(32.7152998109,58.7129440378,-12.2778985196)) ;
#6252=CARTESIAN_POINT('Control Point',(30.0000011407,63.3232319387,-12.3668608745)) ;
#6253=CARTESIAN_POINT('Control Point',(30.3039017586,63.3606361312,-12.351899191)) ;
#6254=CARTESIAN_POINT('Control Point',(30.6078062251,63.3766319974,-12.2834149732)) ;
#6255=CARTESIAN_POINT('Control Point',(30.8971270749,63.3692659099,-12.1621092154)) ;
#6256=CARTESIAN_POINT('Control Point',(31.4175878615,63.3082703821,-11.8261037741)) ;
#6257=CARTESIAN_POINT('Control Point',(31.7794767826,63.1642916919,-11.3428680456)) ;
#6258=CARTESIAN_POINT('Control Point',(31.9101270772,63.0738883709,-11.0742403694)) ;
#6259=CARTESIAN_POINT('Control Point',(31.9838868346,62.969538556,-10.7920721444)) ;
#6260=CARTESIAN_POINT('Control Point',(32.0000010607,62.8566726985,-10.5099074927)) ;
#6261=CARTESIAN_POINT('Control Point',(30.0000002194,67.7427795503,-10.5990418298)) ;
#6262=CARTESIAN_POINT('Control Point',(30.3141594749,67.7427795754,-10.5990418186)) ;
#6263=CARTESIAN_POINT('Control Point',(30.6283237076,67.7198754982,-10.5417815515)) ;
#6264=CARTESIAN_POINT('Control Point',(30.9263173458,67.6740328895,-10.4271749596)) ;
#6265=CARTESIAN_POINT('Control Point',(31.4578218551,67.541419702,-10.0956418657)) ;
#6266=CARTESIAN_POINT('Control Point',(31.8148939225,67.344023915,-9.60215231427)) ;
#6267=CARTESIAN_POINT('Control Point',(31.9383289988,67.233351867,-9.3254721652)) ;
#6268=CARTESIAN_POINT('Control Point',(32.0000001933,67.1166742052,-9.033777996)) ;
#6269=CARTESIAN_POINT('Control Point',(32.0000002055,66.999998386,-8.74208844806)) ;
#6271=CARTESIAN_POINT('Control Point',(37.4865777149,47.1735777666,-18.8267225433)) ;
#6272=CARTESIAN_POINT('Control Point',(36.269798951,48.6236816581,-18.2466809867)) ;
#6273=CARTESIAN_POINT('Control Point',(35.1670719265,50.155627861,-17.6339025056)) ;
#6274=CARTESIAN_POINT('Control Point',(34.1844585879,51.7573006813,-16.9932333774)) ;
#6275=CARTESIAN_POINT('Control Point',(32.116665613,55.753491503,-15.3947570487)) ;
#6276=CARTESIAN_POINT('Control Point',(30.7828204931,60.0188366171,-13.6886190031)) ;
#6277=CARTESIAN_POINT('Control Point',(30.2609219702,62.5736601922,-12.6666895731)) ;
#6278=CARTESIAN_POINT('Control Point',(30.0000007582,65.158293388,-11.6328362947)) ;
#6279=CARTESIAN_POINT('Control Point',(30.0000002194,67.7427795503,-10.5990418298)) ;
#6280=CARTESIAN_POINT('Vertex',(30.0000002194,67.7427795503,-10.5990418298)) ;
#6284=CARTESIAN_POINT('Control Point',(30.0000002194,67.7427795503,-10.5990418298)) ;
#6285=CARTESIAN_POINT('Control Point',(30.6283187303,67.7427796005,-10.5990418073)) ;
#6286=CARTESIAN_POINT('Control Point',(31.2572234664,67.6514064041,-10.3706086682)) ;
#6287=CARTESIAN_POINT('Control Point',(31.7539701626,67.4669193581,-9.90939093625)) ;
#6288=CARTESIAN_POINT('Control Point',(32.0000001812,67.2333500243,-9.32546754394)) ;
#6289=CARTESIAN_POINT('Control Point',(32.0000002055,66.999998386,-8.74208844806)) ;
#6298=CARTESIAN_POINT('Axis2P3D Location',(30.,69.2279461598,-7.85090926315)) ;
#6303=CARTESIAN_POINT('Line Origine',(30.,69.9707275126,-9.70786264492)) ;
#6315=CARTESIAN_POINT('Axis2P3D Location',(56.1883069138,7.1054273576E-015,3.5527136788E-014)) ;
#6320=CARTESIAN_POINT('Axis2P3D Location',(56.1883069138,7.1054273576E-015,3.5527136788E-014)) ;
#6324=CARTESIAN_POINT('Vertex',(56.1883069138,-6.42939569552E-015,-35.)) ;
#6327=CARTESIAN_POINT('Axis2P3D Location',(56.1883069138,7.1054273576E-015,3.5527136788E-014)) ;
#6341=CARTESIAN_POINT('Axis2P3D Location',(56.1883069138,-8.881784197E-015,252.661703181)) ;
#6346=CARTESIAN_POINT('Axis2P3D Location',(56.1883069138,-8.881784197E-015,252.661703181)) ;
#6350=CARTESIAN_POINT('Vertex',(56.1883069138,-3.67394039744E-014,52.6617031814)) ;
#6353=CARTESIAN_POINT('Axis2P3D Location',(56.1883069138,-8.881784197E-015,252.661703181)) ;
#6367=CARTESIAN_POINT('Axis2P3D Location',(0.,0.,0.)) ;
#6372=CARTESIAN_POINT('Line Origine',(0.,12.9986736724,-32.496684181)) ;
#6376=CARTESIAN_POINT('Vertex',(27.3284985951,12.9986736724,-32.496684181)) ;
#6379=CARTESIAN_POINT('Line Origine',(0.,-6.42939569552E-015,-35.)) ;
#6383=CARTESIAN_POINT('Vertex',(28.1883069138,-6.42939569552E-015,-35.)) ;
#6386=CARTESIAN_POINT('Axis2P3D Location',(28.1883069138,0.,0.)) ;
#6390=CARTESIAN_POINT('Vertex',(28.1883206933,6.69072292674,-34.3545372072)) ;
#6394=CARTESIAN_POINT('Control Point',(27.3284829902,12.9986696882,-32.4966857747)) ;
#6395=CARTESIAN_POINT('Control Point',(27.7439053628,11.506674081,-33.0934838054)) ;
#6396=CARTESIAN_POINT('Control Point',(28.0366187983,9.94489350661,-33.6124837992)) ;
#6397=CARTESIAN_POINT('Control Point',(28.1883102086,8.32850207344,-34.0355712895)) ;
#6398=CARTESIAN_POINT('Control Point',(28.1883206933,6.69072292674,-34.3545372072)) ;
#6408=CARTESIAN_POINT('Axis2P3D Location',(0.,0.,252.661703181)) ;
#6413=CARTESIAN_POINT('Axis2P3D Location',(2.,0.,252.661703181)) ;
#6417=CARTESIAN_POINT('Vertex',(1.99999989865,54.8048985674,60.3171605164)) ;
#6419=CARTESIAN_POINT('Vertex',(2.,85.1063829787,71.6730196228)) ;
#6423=CARTESIAN_POINT('Control Point',(8.55075165721,36.9850457216,56.1111845024)) ;
#6424=CARTESIAN_POINT('Control Point',(5.37356721126,40.7339752737,56.8166231439)) ;
#6425=CARTESIAN_POINT('Control Point',(3.10479019251,45.2100896186,57.7557061909)) ;
#6426=CARTESIAN_POINT('Control Point',(1.99999972344,50.031132897,58.9569672937)) ;
#6427=CARTESIAN_POINT('Control Point',(1.99999989865,54.8048985674,60.3171605164)) ;
#6428=CARTESIAN_POINT('Vertex',(8.55075559266,36.9850489739,56.1111851144)) ;
#6432=CARTESIAN_POINT('Control Point',(23.2752403578,19.6108337592,53.6254873832)) ;
#6433=CARTESIAN_POINT('Control Point',(18.350809874,25.4214352341,54.1979999739)) ;
#6434=CARTESIAN_POINT('Control Point',(13.438811003,31.2173681096,55.0258765569)) ;
#6435=CARTESIAN_POINT('Control Point',(8.55075559266,36.9850489739,56.1111851144)) ;
#6436=CARTESIAN_POINT('Vertex',(23.2752402198,19.610833643,53.6254873717)) ;
#6440=CARTESIAN_POINT('Control Point',(23.2752402198,19.610833643,53.6254873717)) ;
#6441=CARTESIAN_POINT('Control Point',(25.6253041745,16.8378662019,53.3522697416)) ;
#6442=CARTESIAN_POINT('Control Point',(27.3297853895,13.519833658,53.0760267589)) ;
#6443=CARTESIAN_POINT('Control Point',(28.1883079139,9.88313315677,52.872900322)) ;
#6444=CARTESIAN_POINT('Control Point',(28.1883088385,6.24594274846,52.759256475)) ;
#6445=CARTESIAN_POINT('Vertex',(28.1883069138,6.2459427489,52.759256475)) ;
#6448=CARTESIAN_POINT('Axis2P3D Location',(28.1883069138,0.,252.661703181)) ;
#6452=CARTESIAN_POINT('Vertex',(28.1883069138,-3.67394039744E-014,52.6617031814)) ;
#6455=CARTESIAN_POINT('Line Origine',(0.,-3.67394039744E-014,52.6617031814)) ;
#6460=CARTESIAN_POINT('Line Origine',(0.,85.1063829787,71.6730196228)) ;
#6480=CARTESIAN_POINT('Line Origine',(0.,-12.9986736724,-32.496684181)) ;
#6484=CARTESIAN_POINT('Vertex',(27.3284917045,-12.9986736724,-32.496684181)) ;
#6488=CARTESIAN_POINT('Control Point',(28.1883069138,-6.69072958055,-34.3545359113)) ;
#6489=CARTESIAN_POINT('Control Point',(28.1883069138,-8.32894413175,-34.035484867)) ;
#6490=CARTESIAN_POINT('Control Point',(28.036558214,-9.94514252941,-33.6124052222)) ;
#6491=CARTESIAN_POINT('Control Point',(27.7437998041,-11.5070377782,-33.0933385387)) ;
#6492=CARTESIAN_POINT('Control Point',(27.3284917045,-12.9986736724,-32.496684181)) ;
#6493=CARTESIAN_POINT('Vertex',(28.1883069138,-6.69072944491,-34.3545359377)) ;
#6496=CARTESIAN_POINT('Axis2P3D Location',(28.1883069138,0.,0.)) ;
#6509=CARTESIAN_POINT('Axis2P3D Location',(28.1883069138,0.,252.661703181)) ;
#6513=CARTESIAN_POINT('Vertex',(28.1883085656,-6.24594171193,52.7592564426)) ;
#6517=CARTESIAN_POINT('Control Point',(28.1883085656,-6.24594171193,52.7592564426)) ;
#6518=CARTESIAN_POINT('Control Point',(28.1883077427,-9.88314915581,52.872900803)) ;
#6519=CARTESIAN_POINT('Control Point',(27.3297789624,-13.5198462261,53.0760278562)) ;
#6520=CARTESIAN_POINT('Control Point',(25.6253032797,-16.8378672122,53.3522698412)) ;
#6521=CARTESIAN_POINT('Control Point',(23.2752402193,-19.6108336429,53.6254873717)) ;
#6522=CARTESIAN_POINT('Vertex',(23.2752402193,-19.6108382333,53.625487824)) ;
#6526=CARTESIAN_POINT('Control Point',(23.2752402193,-19.6108382333,53.625487824)) ;
#6527=CARTESIAN_POINT('Control Point',(18.3508011241,-25.4214496775,54.1980015289)) ;
#6528=CARTESIAN_POINT('Control Point',(13.4387913633,-31.21739336,55.0258812986)) ;
#6529=CARTESIAN_POINT('Control Point',(8.55075602098,-36.9850492934,56.1111851745)) ;
#6530=CARTESIAN_POINT('Vertex',(8.55075630821,-36.9850463578,56.1111846221)) ;
#6534=CARTESIAN_POINT('Control Point',(1.9999949376,-54.8049034688,60.3171619129)) ;
#6535=CARTESIAN_POINT('Control Point',(1.99998707722,-50.0311630086,58.9569757419)) ;
#6536=CARTESIAN_POINT('Control Point',(3.10511010574,-45.209502909,57.7555775692)) ;
#6537=CARTESIAN_POINT('Control Point',(5.37330540449,-40.7342839285,56.8166812363)) ;
#6538=CARTESIAN_POINT('Control Point',(8.55075630821,-36.9850463578,56.1111846221)) ;
#6539=CARTESIAN_POINT('Vertex',(2.,-54.8049033684,60.3171618843)) ;
#6542=CARTESIAN_POINT('Axis2P3D Location',(2.,0.,252.661703181)) ;
#6546=CARTESIAN_POINT('Vertex',(2.,-85.1063829787,71.6730196228)) ;
#6549=CARTESIAN_POINT('Line Origine',(0.,-85.1063829787,71.6730196228)) ;
#6569=CARTESIAN_POINT('Axis2P3D Location',(0.,-100.,40.)) ;
#6574=CARTESIAN_POINT('Line Origine',(8.,-112.998673672,7.50331581902)) ;
#6578=CARTESIAN_POINT('Vertex',(2.,-112.998673672,7.50331581902)) ;
#6581=CARTESIAN_POINT('Line Origine',(8.,-112.998673672,7.50331581902)) ;
#6586=CARTESIAN_POINT('Axis2P3D Location',(2.,-100.,40.)) ;
#6602=CARTESIAN_POINT('Axis2P3D Location',(0.,100.,40.)) ;
#6607=CARTESIAN_POINT('Line Origine',(8.,112.998673672,7.50331581902)) ;
#6612=CARTESIAN_POINT('Line Origine',(8.,112.998673672,7.50331581902)) ;
#6616=CARTESIAN_POINT('Vertex',(2.,112.998673672,7.50331581902)) ;
#6619=CARTESIAN_POINT('Axis2P3D Location',(2.,100.,40.)) ;
#6635=CARTESIAN_POINT('Axis2P3D Location',(0.,-12.9986736724,-32.496684181)) ;
#6640=CARTESIAN_POINT('Line Origine',(2.,-84.5472037643,-3.87727214422)) ;
#6644=CARTESIAN_POINT('Vertex',(2.00000056476,-56.0957281449,-15.257862392)) ;
#6648=CARTESIAN_POINT('Control Point',(8.55075565888,-38.0976808329,-22.4570813168)) ;
#6649=CARTESIAN_POINT('Control Point',(7.48712909477,-39.3652646112,-21.9500478055)) ;
#6650=CARTESIAN_POINT('Control Point',(6.52241507667,-40.705134721,-21.4140997615)) ;
#6651=CARTESIAN_POINT('Control Point',(5.66219805399,-42.106858547,-20.8534102311)) ;
#6652=CARTESIAN_POINT('Control Point',(3.85354406456,-45.6016941355,-19.4554759957)) ;
#6653=CARTESIAN_POINT('Control Point',(2.68539973742,-49.3357423474,-17.961856711)) ;
#6654=CARTESIAN_POINT('Control Point',(2.22844751094,-51.5713295444,-17.0676218322)) ;
#6655=CARTESIAN_POINT('Control Point',(2.00000131986,-53.8336059675,-16.162711263)) ;
#6656=CARTESIAN_POINT('Control Point',(2.00000056476,-56.0957281449,-15.257862392)) ;
#6657=CARTESIAN_POINT('Vertex',(8.55075559267,-38.097680785,-22.457081336)) ;
#6660=CARTESIAN_POINT('Line Origine',(15.912997906,-29.3237020585,-25.9666728265)) ;
#6664=CARTESIAN_POINT('Vertex',(23.2752337899,-20.5497289493,-29.4762620702)) ;
#6668=CARTESIAN_POINT('Control Point',(23.2752337899,-20.5497289493,-29.4762620702)) ;
#6669=CARTESIAN_POINT('Control Point',(23.5709906323,-20.1972605842,-29.6172494162)) ;
#6670=CARTESIAN_POINT('Control Point',(23.8564549929,-19.837453913,-29.7611720847)) ;
#6671=CARTESIAN_POINT('Control Point',(24.1314289864,-19.470713998,-29.9078680508)) ;
#6672=CARTESIAN_POINT('Control Point',(25.1372489619,-18.0502685981,-30.4760462107)) ;
#6673=CARTESIAN_POINT('Control Point',(25.9866116856,-16.5409261448,-31.079783192)) ;
#6674=CARTESIAN_POINT('Control Point',(26.5245424033,-15.3885741934,-31.5407239726)) ;
#6675=CARTESIAN_POINT('Control Point',(26.9722387678,-14.2050897406,-32.0141177537)) ;
#6676=CARTESIAN_POINT('Control Point',(27.3284986743,-12.9986734396,-32.4966842741)) ;
#6700=CARTESIAN_POINT('Axis2P3D Location',(0.,12.9986736724,-32.496684181)) ;
#6706=CARTESIAN_POINT('Control Point',(23.2752394293,20.5497227606,-29.4762645457)) ;
#6707=CARTESIAN_POINT('Control Point',(23.5393423267,20.234977702,-29.6021625691)) ;
#6708=CARTESIAN_POINT('Control Point',(23.795238018,19.9143809619,-29.7304012652)) ;
#6709=CARTESIAN_POINT('Control Point',(24.0427857629,19.5882207553,-29.8608653478)) ;
#6710=CARTESIAN_POINT('Control Point',(25.0616030043,18.1758132603,-30.4258283458)) ;
#6711=CARTESIAN_POINT('Control Point',(25.9246623147,16.6726599469,-31.0270896712)) ;
#6712=CARTESIAN_POINT('Control Point',(26.4902599505,15.4788156592,-31.5046273863)) ;
#6713=CARTESIAN_POINT('Control Point',(26.9586522505,14.2510973942,-31.9957146923)) ;
#6714=CARTESIAN_POINT('Control Point',(27.3284985951,12.9986736724,-32.496684181)) ;
#6715=CARTESIAN_POINT('Vertex',(23.2752402193,20.5497233321,-29.4762643171)) ;
#6718=CARTESIAN_POINT('Line Origine',(15.912997906,29.3237020585,-25.9666728265)) ;
#6722=CARTESIAN_POINT('Vertex',(8.55077731673,38.0976555866,-22.4570914153)) ;
#6726=CARTESIAN_POINT('Control Point',(8.55077731673,38.0976555866,-22.4570914153)) ;
#6727=CARTESIAN_POINT('Control Point',(7.60279594574,39.2274150735,-22.0051876206)) ;
#6728=CARTESIAN_POINT('Control Point',(6.73339379308,40.414587536,-21.5303186355)) ;
#6729=CARTESIAN_POINT('Control Point',(5.946522503,41.6517852114,-21.0354395654)) ;
#6730=CARTESIAN_POINT('Control Point',(4.05328986792,45.1054072781,-19.6539907387)) ;
#6731=CARTESIAN_POINT('Control Point',(2.79553562292,48.8173500698,-18.169213622)) ;
#6732=CARTESIAN_POINT('Control Point',(2.26515486583,51.2213632537,-17.2076083485)) ;
#6733=CARTESIAN_POINT('Control Point',(2.00000101783,53.6586380521,-16.2326984291)) ;
#6734=CARTESIAN_POINT('Control Point',(2.00000039881,56.0957338562,-15.2578601075)) ;
#6735=CARTESIAN_POINT('Vertex',(2.,56.0957338562,-15.2578601075)) ;
#6738=CARTESIAN_POINT('Line Origine',(2.,84.5472037643,-3.87727214422)) ;
#6765=CARTESIAN_POINT('Axis2P3D Location',(2.,-100.,40.)) ;
#6770=CARTESIAN_POINT('Axis2P3D Location',(2.,-112.25589232,9.36026920079)) ;
#6774=CARTESIAN_POINT('Vertex',(-1.6272338998E-015,-112.25589232,9.36026920079)) ;
#6777=CARTESIAN_POINT('Axis2P3D Location',(2.,-85.9574468085,69.8631327872)) ;
#6781=CARTESIAN_POINT('Vertex',(-8.75186247998E-016,-85.9574466724,69.8631327232)) ;
#6784=CARTESIAN_POINT('Axis2P3D Location',(-1.11022302463E-015,-100.,40.)) ;
#6788=CARTESIAN_POINT('Vertex',(-2.22044604925E-015,-133.,40.)) ;
#6791=CARTESIAN_POINT('Axis2P3D Location',(-1.11022302463E-015,-100.,40.)) ;
#6804=CARTESIAN_POINT('Axis2P3D Location',(2.,-8.52651282912E-014,252.661703181)) ;
#6809=CARTESIAN_POINT('Axis2P3D Location',(2.,-55.352952402,58.3937164713)) ;
#6813=CARTESIAN_POINT('Vertex',(0.,-55.3529525035,58.3937165002)) ;
#6816=CARTESIAN_POINT('Axis2P3D Location',(6.66133814775E-015,-8.51901442642E-014,252.661703181)) ;
#6829=CARTESIAN_POINT('Control Point',(1.9999949376,-54.8048930324,60.3171939123)) ;
#6830=CARTESIAN_POINT('Control Point',(1.68583540796,-54.8048927732,60.3171942219)) ;
#6831=CARTESIAN_POINT('Control Point',(1.37167090105,-54.8217919498,60.2578838842)) ;
#6832=CARTESIAN_POINT('Control Point',(1.07367702465,-54.8556159777,60.1391737314)) ;
#6833=CARTESIAN_POINT('Control Point',(0.542172182284,-54.953462144,59.7957695671)) ;
#6834=CARTESIAN_POINT('Control Point',(0.185100144647,-55.0991072523,59.2846094735)) ;
#6835=CARTESIAN_POINT('Control Point',(0.0616651937384,-55.1807647823,58.9980220981)) ;
#6836=CARTESIAN_POINT('Control Point',(-5.76238904063E-006,-55.2668534935,58.6958830656)) ;
#6837=CARTESIAN_POINT('Control Point',(-5.44056631702E-006,-55.3529408743,58.39374882)) ;
#6838=CARTESIAN_POINT('Control Point',(1.9999886493,-50.9858999514,59.2290490749)) ;
#6839=CARTESIAN_POINT('Control Point',(1.69337874832,-50.9458718402,59.2176442943)) ;
#6840=CARTESIAN_POINT('Control Point',(1.38676470077,-50.920753039,59.1494425451)) ;
#6841=CARTESIAN_POINT('Control Point',(1.09515337311,-50.9126245378,59.024954125)) ;
#6842=CARTESIAN_POINT('Control Point',(0.571775880777,-50.931405563,58.6761980117)) ;
#6843=CARTESIAN_POINT('Control Point',(0.211158864281,-51.0154854801,58.1699625033)) ;
#6844=CARTESIAN_POINT('Control Point',(0.0824139461207,-51.0726998649,57.887892123)) ;
#6845=CARTESIAN_POINT('Control Point',(0.0118465688891,-51.1422250078,57.591305315)) ;
#6846=CARTESIAN_POINT('Control Point',(-1.21348012588E-005,-51.2202447622,57.2947225223)) ;
#6847=CARTESIAN_POINT('Control Point',(2.66417943685,-47.1418367258,58.2361761453)) ;
#6848=CARTESIAN_POINT('Control Point',(2.37074660539,-47.0627908005,58.2158015774)) ;
#6849=CARTESIAN_POINT('Control Point',(2.07731028007,-46.9969584003,58.1406505836)) ;
#6850=CARTESIAN_POINT('Control Point',(1.79762032699,-46.9481773885,58.0116329497)) ;
#6851=CARTESIAN_POINT('Control Point',(1.29308659738,-46.8897390523,57.6585547703)) ;
#6852=CARTESIAN_POINT('Control Point',(0.938338970676,-46.9115498115,57.1557883927)) ;
#6853=CARTESIAN_POINT('Control Point',(0.808524851435,-46.9430673444,56.8769923494)) ;
#6854=CARTESIAN_POINT('Control Point',(0.732638710328,-46.9937305116,56.5844548418)) ;
#6855=CARTESIAN_POINT('Control Point',(0.711620922802,-47.0604195711,56.2919208491)) ;
#6856=CARTESIAN_POINT('Control Point',(4.0121411726,-43.4157733849,57.3805360909)) ;
#6857=CARTESIAN_POINT('Control Point',(3.73695727633,-43.2993721138,57.3536591527)) ;
#6858=CARTESIAN_POINT('Control Point',(3.46177037866,-43.1947884191,57.2734636036)) ;
#6859=CARTESIAN_POINT('Control Point',(3.19908114473,-43.1073967088,57.1411184181)) ;
#6860=CARTESIAN_POINT('Control Point',(2.72357383241,-42.975422872,56.7847162882)) ;
#6861=CARTESIAN_POINT('Control Point',(2.38463947511,-42.9369247008,56.2840871829)) ;
#6862=CARTESIAN_POINT('Control Point',(2.25860054525,-42.9430624422,56.0074329049)) ;
#6863=CARTESIAN_POINT('Control Point',(2.1819652073,-42.9743382454,55.7175770341)) ;
#6864=CARTESIAN_POINT('Control Point',(2.15586584725,-43.0282861806,55.4277243526)) ;
#6865=CARTESIAN_POINT('Control Point',(6.00879558524,-39.9844383634,56.6755927546)) ;
#6866=CARTESIAN_POINT('Control Point',(5.75692543028,-39.8334304773,56.6443096466)) ;
#6867=CARTESIAN_POINT('Control Point',(5.50505268451,-39.6930916703,56.5606655484)) ;
#6868=CARTESIAN_POINT('Control Point',(5.26439002101,-39.5701864504,56.4259978798)) ;
#6869=CARTESIAN_POINT('Control Point',(4.82780197569,-39.3707001951,56.0671325337)) ;
#6870=CARTESIAN_POINT('Control Point',(4.51394696742,-39.2768850759,55.5676152609)) ;
#6871=CARTESIAN_POINT('Control Point',(4.39608426349,-39.2597089643,55.2922187523)) ;
#6872=CARTESIAN_POINT('Control Point',(4.32275498981,-39.2730776687,55.003973693)) ;
#6873=CARTESIAN_POINT('Control Point',(4.29513831203,-39.3150918008,54.7157316128)) ;
#6874=CARTESIAN_POINT('Control Point',(8.55075630821,-36.9850467649,56.1111868284)) ;
#6875=CARTESIAN_POINT('Control Point',(8.32676299049,-36.8035214806,56.0770291592)) ;
#6876=CARTESIAN_POINT('Control Point',(8.10276745323,-36.6317350158,55.9911063517)) ;
#6877=CARTESIAN_POINT('Control Point',(7.88861508432,-36.4776768415,55.8548627985)) ;
#6878=CARTESIAN_POINT('Control Point',(7.49959479725,-36.2191144853,55.4942088476)) ;
#6879=CARTESIAN_POINT('Control Point',(7.21846917238,-36.0771325924,54.9951376475)) ;
#6880=CARTESIAN_POINT('Control Point',(7.11226888318,-36.0397169211,54.7204031846)) ;
#6881=CARTESIAN_POINT('Control Point',(7.04529303932,-36.0375906435,54.4330409953)) ;
#6882=CARTESIAN_POINT('Control Point',(7.01866752838,-36.0693217878,54.1456816538)) ;
#6884=CARTESIAN_POINT('Control Point',(8.55075630821,-36.9850467649,56.1111868284)) ;
#6885=CARTESIAN_POINT('Control Point',(7.99077301391,-36.5312335541,56.0257926555)) ;
#6886=CARTESIAN_POINT('Control Point',(7.42532508738,-36.1388658706,55.5894888989)) ;
#6887=CARTESIAN_POINT('Control Point',(7.08523130571,-35.9899939269,54.8640800076)) ;
#6888=CARTESIAN_POINT('Control Point',(7.01866752838,-36.0693217878,54.1456816538)) ;
#6889=CARTESIAN_POINT('Vertex',(7.01866670643,-36.0693242129,54.1456816538)) ;
#6893=CARTESIAN_POINT('Control Point',(-5.44056631675E-006,-55.3529408743,58.39374882)) ;
#6894=CARTESIAN_POINT('Control Point',(-8.28326705775E-006,-53.5979952533,57.9270483087)) ;
#6895=CARTESIAN_POINT('Control Point',(0.128316625298,-51.8381575312,57.4776996804)) ;
#6896=CARTESIAN_POINT('Control Point',(0.386405647596,-50.0854111544,57.0488717366)) ;
#6897=CARTESIAN_POINT('Control Point',(1.29957061962,-46.0046424162,56.0930000518)) ;
#6898=CARTESIAN_POINT('Control Point',(2.91877169069,-42.1073984833,55.2722936922)) ;
#6899=CARTESIAN_POINT('Control Point',(4.07810254302,-39.9589673925,54.8486265604)) ;
#6900=CARTESIAN_POINT('Control Point',(5.45168144424,-37.9367800912,54.4736607079)) ;
#6901=CARTESIAN_POINT('Control Point',(7.01866602193,-36.0693235831,54.1456819691)) ;
#6911=CARTESIAN_POINT('Control Point',(23.2752402193,-19.6108337296,53.6254874467)) ;
#6912=CARTESIAN_POINT('Control Point',(22.8123256176,-19.2261368512,53.587583678)) ;
#6913=CARTESIAN_POINT('Control Point',(22.3494110158,-18.863730032,53.3234514321)) ;
#6914=CARTESIAN_POINT('Control Point',(21.9756447107,-18.5979451631,52.8378854077)) ;
#6915=CARTESIAN_POINT('Control Point',(21.7723279039,-18.4865954527,52.2365053483)) ;
#6916=CARTESIAN_POINT('Control Point',(21.7431513331,-18.52136676,51.635125289)) ;
#6917=CARTESIAN_POINT('Control Point',(20.3205767622,-23.0972008427,53.9689956619)) ;
#6918=CARTESIAN_POINT('Control Point',(19.8607810298,-22.7164237103,53.924674239)) ;
#6919=CARTESIAN_POINT('Control Point',(19.4009852974,-22.3615673444,53.657884)) ;
#6920=CARTESIAN_POINT('Control Point',(19.0283685183,-22.1051051972,53.1746493618)) ;
#6921=CARTESIAN_POINT('Control Point',(18.8226548152,-22.0018789559,52.5783589739)) ;
#6922=CARTESIAN_POINT('Control Point',(18.7884878759,-22.0425975499,51.9820685861)) ;
#6923=CARTESIAN_POINT('Control Point',(17.3696556224,-26.5791521883,54.3891449161)) ;
#6924=CARTESIAN_POINT('Control Point',(16.9129101634,-26.2025088307,54.3385648231)) ;
#6925=CARTESIAN_POINT('Control Point',(16.4561647043,-25.8552676038,54.0693155081)) ;
#6926=CARTESIAN_POINT('Control Point',(16.084680545,-25.6080399893,53.588570822)) ;
#6927=CARTESIAN_POINT('Control Point',(15.8766344318,-25.5128093367,52.9974950773)) ;
#6928=CARTESIAN_POINT('Control Point',(15.8375667362,-25.5593684197,52.4064193327)) ;
#6929=CARTESIAN_POINT('Control Point',(14.4236058969,-30.0553554847,54.8860785374)) ;
#6930=CARTESIAN_POINT('Control Point',(13.9698441449,-29.6830507146,54.8294077238)) ;
#6931=CARTESIAN_POINT('Control Point',(13.5160823929,-29.3434818502,54.5579008135)) ;
#6932=CARTESIAN_POINT('Control Point',(13.1457140727,-29.1053995077,54.0798024728)) ;
#6933=CARTESIAN_POINT('Control Point',(12.9353978045,-29.0180386603,53.4940623815)) ;
#6934=CARTESIAN_POINT('Control Point',(12.8915170107,-29.070333764,52.9083222902)) ;
#6935=CARTESIAN_POINT('Control Point',(11.4835772263,-33.5244542112,55.4600026778)) ;
#6936=CARTESIAN_POINT('Control Point',(11.0327345052,-33.1566835495,55.3974174525)) ;
#6937=CARTESIAN_POINT('Control Point',(10.5818917841,-32.8248369781,55.123856687)) ;
#6938=CARTESIAN_POINT('Control Point',(10.2126226447,-32.5958095741,54.6485592162)) ;
#6939=CARTESIAN_POINT('Control Point',(10.0000963859,-32.5161946762,54.0682724441)) ;
#6940=CARTESIAN_POINT('Control Point',(9.9514883401,-32.5741234945,53.4879856721)) ;
#6941=CARTESIAN_POINT('Control Point',(8.55075602098,-36.9850484622,56.111185078)) ;
#6942=CARTESIAN_POINT('Control Point',(8.10276941014,-36.6219980214,56.042869626)) ;
#6943=CARTESIAN_POINT('Control Point',(7.65478279929,-36.2979164864,55.7674607954)) ;
#6944=CARTESIAN_POINT('Control Point',(7.2865962952,-36.0778525587,55.2951171291)) ;
#6945=CARTESIAN_POINT('Control Point',(7.07191825086,-36.0058614913,54.7203985128)) ;
#6946=CARTESIAN_POINT('Control Point',(7.01866713474,-36.0693237024,54.1456798966)) ;
#6948=CARTESIAN_POINT('Control Point',(23.2752402193,-19.6108337296,53.6254874467)) ;
#6949=CARTESIAN_POINT('Control Point',(22.8123256176,-19.2261368512,53.587583678)) ;
#6950=CARTESIAN_POINT('Control Point',(22.3490702754,-18.8633910622,53.3239898987)) ;
#6951=CARTESIAN_POINT('Control Point',(21.9752302241,-18.5975537524,52.8383280694)) ;
#6952=CARTESIAN_POINT('Control Point',(21.7723279039,-18.4865954527,52.2365053483)) ;
#6953=CARTESIAN_POINT('Control Point',(21.7431513331,-18.52136676,51.635125289)) ;
#6954=CARTESIAN_POINT('Vertex',(21.7431513331,-18.52136676,51.635125289)) ;
#6958=CARTESIAN_POINT('Control Point',(21.7431513331,-18.52136676,51.635125289)) ;
#6959=CARTESIAN_POINT('Control Point',(18.7884878759,-22.0425975499,51.9820685861)) ;
#6960=CARTESIAN_POINT('Control Point',(15.8375667362,-25.5593684197,52.4064193327)) ;
#6961=CARTESIAN_POINT('Control Point',(12.8915170107,-29.070333764,52.9083222902)) ;
#6962=CARTESIAN_POINT('Control Point',(9.9514883401,-32.5741234945,53.4879856721)) ;
#6963=CARTESIAN_POINT('Control Point',(7.01866713474,-36.0693237024,54.1456798966)) ;
#6973=CARTESIAN_POINT('Control Point',(28.1883085656,-6.24594162247,52.7592607884)) ;
#6974=CARTESIAN_POINT('Control Point',(27.8741493644,-6.24594167288,52.7592606486)) ;
#6975=CARTESIAN_POINT('Control Point',(27.559985186,-6.24786769534,52.6976194402)) ;
#6976=CARTESIAN_POINT('Control Point',(27.2619915908,-6.25172258223,52.5742445161)) ;
#6977=CARTESIAN_POINT('Control Point',(26.7304871233,-6.26287391785,52.2173465834)) ;
#6978=CARTESIAN_POINT('Control Point',(26.3734149868,-6.27947269825,51.6861014195)) ;
#6979=CARTESIAN_POINT('Control Point',(26.2499798427,-6.2887789686,51.3882532056)) ;
#6980=CARTESIAN_POINT('Control Point',(26.188308547,-6.29859023245,51.0742422976)) ;
#6981=CARTESIAN_POINT('Control Point',(26.1883084071,-6.30840133182,50.7602363644)) ;
#6982=CARTESIAN_POINT('Control Point',(28.1883079073,-9.15570756474,52.8501743501)) ;
#6983=CARTESIAN_POINT('Control Point',(27.8750227639,-9.11178520143,52.848801921)) ;
#6984=CARTESIAN_POINT('Control Point',(27.5617327394,-9.07067464514,52.786159282)) ;
#6985=CARTESIAN_POINT('Control Point',(27.2644780848,-9.0346415847,52.6622260175)) ;
#6986=CARTESIAN_POINT('Control Point',(26.7339145689,-8.97661884628,52.305080192)) ;
#6987=CARTESIAN_POINT('Control Point',(26.3764320339,-8.95095022662,51.775017115)) ;
#6988=CARTESIAN_POINT('Control Point',(26.252382143,-8.94729463551,51.4780429338)) ;
#6989=CARTESIAN_POINT('Control Point',(26.1896808823,-8.95301867579,51.1650485564)) ;
#6990=CARTESIAN_POINT('Control Point',(26.1883077842,-8.96737310775,50.8520590557)) ;
#6991=CARTESIAN_POINT('Control Point',(27.6742000718,-12.0637101869,52.9940142648)) ;
#6992=CARTESIAN_POINT('Control Point',(27.3704897363,-11.9762973321,52.9896835806)) ;
#6993=CARTESIAN_POINT('Control Point',(27.0667748476,-11.8925567053,52.9248672674)) ;
#6994=CARTESIAN_POINT('Control Point',(26.7784082096,-11.8169628773,52.7996995942)) ;
#6995=CARTESIAN_POINT('Control Point',(26.2628855409,-11.6901667897,52.4419281288)) ;
#6996=CARTESIAN_POINT('Control Point',(25.9132612604,-11.6220445106,51.9142741656)) ;
#6997=CARTESIAN_POINT('Control Point',(25.7909086972,-11.6051662557,51.6191054242)) ;
#6998=CARTESIAN_POINT('Control Point',(25.7274969497,-11.6063818409,51.3082190625)) ;
#6999=CARTESIAN_POINT('Control Point',(25.7231625952,-11.6247331617,50.9973373681)) ;
#7000=CARTESIAN_POINT('Control Point',(26.6469740296,-14.847999978,53.1874166126)) ;
#7001=CARTESIAN_POINT('Control Point',(26.3613648264,-14.72026753,53.1786407134)) ;
#7002=CARTESIAN_POINT('Control Point',(26.0757516037,-14.5969741173,53.1105575807)) ;
#7003=CARTESIAN_POINT('Control Point',(25.80427412,-14.4845279078,52.9835285289)) ;
#7004=CARTESIAN_POINT('Control Point',(25.3177013,-14.2931268895,52.6247863079)) ;
#7005=CARTESIAN_POINT('Control Point',(24.9842691404,-14.183686131,52.100688969)) ;
#7006=CARTESIAN_POINT('Control Point',(24.866034757,-14.153256229,51.8081936928)) ;
#7007=CARTESIAN_POINT('Control Point',(24.8024141225,-14.1487237046,51.5004314917)) ;
#7008=CARTESIAN_POINT('Control Point',(24.7937671083,-14.1690446186,51.1926736542)) ;
#7009=CARTESIAN_POINT('Control Point',(25.1552906676,-17.3924604983,53.4069133473)) ;
#7010=CARTESIAN_POINT('Control Point',(24.8943351203,-17.2295820123,53.3930297436)) ;
#7011=CARTESIAN_POINT('Control Point',(24.633376133,-17.0717727649,53.3212159202)) ;
#7012=CARTESIAN_POINT('Control Point',(24.3850468729,-16.9269779533,53.1920739741)) ;
#7013=CARTESIAN_POINT('Control Point',(23.9387698094,-16.6781693388,52.8322478147)) ;
#7014=CARTESIAN_POINT('Control Point',(23.6296331235,-16.5301338239,52.3122189225)) ;
#7015=CARTESIAN_POINT('Control Point',(23.518532163,-16.4861774956,52.0227710978)) ;
#7016=CARTESIAN_POINT('Control Point',(23.4565252014,-16.4745297088,51.718566255)) ;
#7017=CARTESIAN_POINT('Control Point',(23.4441493578,-16.4941962531,51.4143654489)) ;
#7018=CARTESIAN_POINT('Control Point',(23.2752402193,-19.6108336429,53.6254873717)) ;
#7019=CARTESIAN_POINT('Control Point',(23.0437829223,-19.4184852208,53.6065354795)) ;
#7020=CARTESIAN_POINT('Control Point',(22.8123227514,-19.2317058578,53.5310370658)) ;
#7021=CARTESIAN_POINT('Control Point',(22.5918365464,-19.0596247824,53.399818626)) ;
#7022=CARTESIAN_POINT('Control Point',(22.1946452954,-18.7618983506,53.0389440548)) ;
#7023=CARTESIAN_POINT('Control Point',(21.9168607134,-18.5796501391,52.5229462934)) ;
#7024=CARTESIAN_POINT('Control Point',(21.8158548174,-18.5231185012,52.2365089967)) ;
#7025=CARTESIAN_POINT('Control Point',(21.7577396246,-18.5039811111,51.9358152384)) ;
#7026=CARTESIAN_POINT('Control Point',(21.7431513331,-18.52136676,51.6351252136)) ;
#7028=CARTESIAN_POINT('Control Point',(28.1883085656,-6.24594162247,52.7592607884)) ;
#7029=CARTESIAN_POINT('Control Point',(27.5599901632,-6.2459417233,52.7592605087)) ;
#7030=CARTESIAN_POINT('Control Point',(26.9310855366,-6.25362526523,52.5133503699)) ;
#7031=CARTESIAN_POINT('Control Point',(26.4343388557,-6.26913859065,52.0168460354)) ;
#7032=CARTESIAN_POINT('Control Point',(26.1883086869,-6.28877913307,51.3882482308)) ;
#7033=CARTESIAN_POINT('Control Point',(26.1883084071,-6.30840133182,50.7602363644)) ;
#7034=CARTESIAN_POINT('Vertex',(26.1883069138,-6.30840217595,50.7602363644)) ;
#7038=CARTESIAN_POINT('Control Point',(26.1883084071,-6.30840217494,50.7602363935)) ;
#7039=CARTESIAN_POINT('Control Point',(26.1883082042,-7.03666963758,50.7853857722)) ;
#7040=CARTESIAN_POINT('Control Point',(26.1534146799,-7.76481619358,50.814545182)) ;
#7041=CARTESIAN_POINT('Control Point',(26.083651171,-8.49057339429,50.8476365419)) ;
#7042=CARTESIAN_POINT('Control Point',(25.7025466312,-11.123397706,50.9821712262)) ;
#7043=CARTESIAN_POINT('Control Point',(24.866340232,-13.6646284497,51.1631416271)) ;
#7044=CARTESIAN_POINT('Control Point',(24.0281124346,-15.4203660332,51.314042377)) ;
#7045=CARTESIAN_POINT('Control Point',(22.9782618242,-17.0494193949,51.4748294946)) ;
#7046=CARTESIAN_POINT('Control Point',(21.7431513331,-18.52136676,51.6351252136)) ;
#7056=CARTESIAN_POINT('Control Point',(23.2752402198,19.6108336423,53.6254873732)) ;
#7057=CARTESIAN_POINT('Control Point',(23.0437829229,19.4184852201,53.6065354809)) ;
#7058=CARTESIAN_POINT('Control Point',(22.8123227522,19.2317058571,53.5310370672)) ;
#7059=CARTESIAN_POINT('Control Point',(22.5918365473,19.0596247816,53.3998186274)) ;
#7060=CARTESIAN_POINT('Control Point',(22.1946452965,18.7618983495,53.0389440562)) ;
#7061=CARTESIAN_POINT('Control Point',(21.9168607147,18.5796501379,52.5229462949)) ;
#7062=CARTESIAN_POINT('Control Point',(21.8158548187,18.5231184999,52.2365089983)) ;
#7063=CARTESIAN_POINT('Control Point',(21.7577396259,18.5039811098,51.93581524)) ;
#7064=CARTESIAN_POINT('Control Point',(21.7431513343,18.5213667586,51.6351252152)) ;
#7065=CARTESIAN_POINT('Control Point',(25.1552913835,17.3924596553,53.40691334)) ;
#7066=CARTESIAN_POINT('Control Point',(24.89433583,17.2295811774,53.3930297363)) ;
#7067=CARTESIAN_POINT('Control Point',(24.6333768365,17.0717719378,53.321215913)) ;
#7068=CARTESIAN_POINT('Control Point',(24.3850475705,16.9269771333,53.1920739672)) ;
#7069=CARTESIAN_POINT('Control Point',(23.9387704962,16.678168531,52.8322478088)) ;
#7070=CARTESIAN_POINT('Control Point',(23.6296338022,16.5301330231,52.3122189178)) ;
#7071=CARTESIAN_POINT('Control Point',(23.5185328387,16.4861766968,52.0227710938)) ;
#7072=CARTESIAN_POINT('Control Point',(23.456525875,16.4745289103,51.7185662515)) ;
#7073=CARTESIAN_POINT('Control Point',(23.4441500304,16.4941954532,51.414365446)) ;
#7074=CARTESIAN_POINT('Control Point',(26.6469737877,14.8479997674,53.1874197384)) ;
#7075=CARTESIAN_POINT('Control Point',(26.3613647983,14.7202671896,53.1786437568)) ;
#7076=CARTESIAN_POINT('Control Point',(26.0757517895,14.5969736442,53.1105605713)) ;
#7077=CARTESIAN_POINT('Control Point',(25.804274504,14.4845273007,52.9835314997)) ;
#7078=CARTESIAN_POINT('Control Point',(25.3177020179,14.2931260159,52.6247893002)) ;
#7079=CARTESIAN_POINT('Control Point',(24.9842700276,14.1836850071,52.1006920774)) ;
#7080=CARTESIAN_POINT('Control Point',(24.8660356777,14.1532549873,51.8081968762)) ;
#7081=CARTESIAN_POINT('Control Point',(24.8024150212,14.1487223567,51.5004347557)) ;
#7082=CARTESIAN_POINT('Control Point',(24.7937679327,14.1690431808,51.1926769936)) ;
#7083=CARTESIAN_POINT('Control Point',(27.6742043459,12.0636751702,52.9940121795)) ;
#7084=CARTESIAN_POINT('Control Point',(27.3704939274,11.9762629402,52.9896815451)) ;
#7085=CARTESIAN_POINT('Control Point',(27.0667789557,11.8925229277,52.9248652692)) ;
#7086=CARTESIAN_POINT('Control Point',(26.7784122422,11.8169296708,52.7996976184)) ;
#7087=CARTESIAN_POINT('Control Point',(26.262889452,11.6901345762,52.4419261678)) ;
#7088=CARTESIAN_POINT('Control Point',(25.9132651263,11.6220129087,51.9142721697)) ;
#7089=CARTESIAN_POINT('Control Point',(25.790912564,11.6051348431,51.6191034007)) ;
#7090=CARTESIAN_POINT('Control Point',(25.7275008422,11.6063504906,51.3082170062)) ;
#7091=CARTESIAN_POINT('Control Point',(25.7231665356,11.6247017501,50.9973352785)) ;
#7092=CARTESIAN_POINT('Control Point',(28.1883080988,9.15569493569,52.8501749025)) ;
#7093=CARTESIAN_POINT('Control Point',(27.87502298,9.11177272253,52.8488024468)) ;
#7094=CARTESIAN_POINT('Control Point',(27.56173298,9.0706623122,52.7861597885)) ;
#7095=CARTESIAN_POINT('Control Point',(27.2644783468,9.03462938552,52.6622265134)) ;
#7096=CARTESIAN_POINT('Control Point',(26.7339148612,8.97660687534,52.3050806838)) ;
#7097=CARTESIAN_POINT('Control Point',(26.3764323249,8.95093838659,51.77501763)) ;
#7098=CARTESIAN_POINT('Control Point',(26.2523824237,8.94728283181,51.4780434658)) ;
#7099=CARTESIAN_POINT('Control Point',(26.1896811428,8.95300687734,51.1650491079)) ;
#7100=CARTESIAN_POINT('Control Point',(26.1883080161,8.96736128483,50.8520596262)) ;
#7101=CARTESIAN_POINT('Control Point',(28.1883088385,6.24594263025,52.7592615219)) ;
#7102=CARTESIAN_POINT('Control Point',(27.8741496496,6.24594260654,52.7592613571)) ;
#7103=CARTESIAN_POINT('Control Point',(27.5599854833,6.24786855499,52.6976201303)) ;
#7104=CARTESIAN_POINT('Control Point',(27.2619918981,6.2517233718,52.5742451954)) ;
#7105=CARTESIAN_POINT('Control Point',(26.7304874414,6.26287458272,52.2173472567)) ;
#7106=CARTESIAN_POINT('Control Point',(26.3734152933,6.27947328014,51.6861021118)) ;
#7107=CARTESIAN_POINT('Control Point',(26.2499801365,6.28877952214,51.3882539125)) ;
#7108=CARTESIAN_POINT('Control Point',(26.1883088213,6.29859077238,51.0742430216)) ;
#7109=CARTESIAN_POINT('Control Point',(26.1883086564,6.30840187284,50.7602371054)) ;
#7111=CARTESIAN_POINT('Control Point',(28.1883088385,6.24594263025,52.7592615219)) ;
#7112=CARTESIAN_POINT('Control Point',(27.5599904606,6.24594258283,52.7592611923)) ;
#7113=CARTESIAN_POINT('Control Point',(26.9310858586,6.25362597684,52.5133510292)) ;
#7114=CARTESIAN_POINT('Control Point',(26.4343391832,6.26913918598,52.016846708)) ;
#7115=CARTESIAN_POINT('Control Point',(26.1883089862,6.28877967191,51.3882489377)) ;
#7116=CARTESIAN_POINT('Control Point',(26.1883086564,6.30840187284,50.7602371054)) ;
#7117=CARTESIAN_POINT('Vertex',(26.1883069138,6.30840217595,50.760232008)) ;
#7121=CARTESIAN_POINT('Control Point',(23.2752402198,19.6108336423,53.6254873732)) ;
#7122=CARTESIAN_POINT('Control Point',(22.812325626,19.2261367979,53.5875835887)) ;
#7123=CARTESIAN_POINT('Control Point',(22.3490702918,18.8633910421,53.3239898016)) ;
#7124=CARTESIAN_POINT('Control Point',(21.9752302435,18.5975537554,52.8383279759)) ;
#7125=CARTESIAN_POINT('Control Point',(21.7723279174,18.486595461,52.2365052648)) ;
#7126=CARTESIAN_POINT('Control Point',(21.7431513343,18.5213667586,51.6351252152)) ;
#7127=CARTESIAN_POINT('Vertex',(21.7431513331,18.52136676,51.6351252152)) ;
#7131=CARTESIAN_POINT('Control Point',(21.7431513343,18.5213667586,51.6351252152)) ;
#7132=CARTESIAN_POINT('Control Point',(22.9542321682,17.0780568251,51.4779481838)) ;
#7133=CARTESIAN_POINT('Control Point',(23.9871915115,15.4836947712,51.3203003857)) ;
#7134=CARTESIAN_POINT('Control Point',(24.817176745,13.7669605941,51.1719579027)) ;
#7135=CARTESIAN_POINT('Control Point',(25.6719280023,11.2329662121,50.9894376722)) ;
#7136=CARTESIAN_POINT('Control Point',(26.0725791192,8.60284456492,50.8527882849)) ;
#7137=CARTESIAN_POINT('Control Point',(26.1497228752,7.83992280529,50.8175643093)) ;
#7138=CARTESIAN_POINT('Control Point',(26.1883084669,7.0742295519,50.7866836278)) ;
#7139=CARTESIAN_POINT('Control Point',(26.1883086564,6.30840199976,50.7602371098)) ;
#7149=CARTESIAN_POINT('Control Point',(23.2752403578,19.6108335086,53.6254873671)) ;
#7150=CARTESIAN_POINT('Control Point',(22.8123257635,19.2261366552,53.587583583)) ;
#7151=CARTESIAN_POINT('Control Point',(22.3494111692,18.8637298601,53.3234513296)) ;
#7152=CARTESIAN_POINT('Control Point',(21.9756448668,18.5979450068,52.8378853085)) ;
#7153=CARTESIAN_POINT('Control Point',(21.7723280543,18.4865952978,52.2365052584)) ;
#7154=CARTESIAN_POINT('Control Point',(21.7431514716,18.5213665949,51.6351252083)) ;
#7155=CARTESIAN_POINT('Control Point',(20.3205820675,23.0971945195,53.9689949281)) ;
#7156=CARTESIAN_POINT('Control Point',(19.8607863364,22.7164174064,53.9246735026)) ;
#7157=CARTESIAN_POINT('Control Point',(19.4009906053,22.3615610525,53.6578832614)) ;
#7158=CARTESIAN_POINT('Control Point',(19.0283738266,22.1050989056,53.1746486221)) ;
#7159=CARTESIAN_POINT('Control Point',(18.8226601226,22.0018726528,52.5783582336)) ;
#7160=CARTESIAN_POINT('Control Point',(18.7884931813,22.0425912272,51.9820678451)) ;
#7161=CARTESIAN_POINT('Control Point',(17.3696667112,26.5791390392,54.3891431962)) ;
#7162=CARTESIAN_POINT('Control Point',(16.9129212461,26.2024956916,54.3385631156)) ;
#7163=CARTESIAN_POINT('Control Point',(16.456175781,25.8552544608,54.0693138046)) ;
#7164=CARTESIAN_POINT('Control Point',(16.0846916194,25.6080268286,53.5885691115)) ;
#7165=CARTESIAN_POINT('Control Point',(15.8766455109,25.5127961503,52.9974933538)) ;
#7166=CARTESIAN_POINT('Control Point',(15.837577825,25.5593552046,52.4064175962)) ;
#7167=CARTESIAN_POINT('Control Point',(14.4236216432,30.0553368434,54.886075519)) ;
#7168=CARTESIAN_POINT('Control Point',(13.9698598787,29.6830320716,54.8294047309)) ;
#7169=CARTESIAN_POINT('Control Point',(13.5160981142,29.3434631873,54.557897829)) ;
#7170=CARTESIAN_POINT('Control Point',(13.1457297893,29.1053808117,54.0797994752)) ;
#7171=CARTESIAN_POINT('Control Point',(12.9354135306,29.0180199283,53.4940593589)) ;
#7172=CARTESIAN_POINT('Control Point',(12.891532757,29.0703149983,52.9083192425)) ;
#7173=CARTESIAN_POINT('Control Point',(11.4835888389,33.5244404696,55.4599999834)) ;
#7174=CARTESIAN_POINT('Control Point',(11.0327461082,33.1566698029,55.3974147772)) ;
#7175=CARTESIAN_POINT('Control Point',(10.5819033776,32.8248232141,55.1238540172)) ;
#7176=CARTESIAN_POINT('Control Point',(10.2126342346,32.5957957846,54.6485565355)) ;
#7177=CARTESIAN_POINT('Control Point',(10.000107983,32.5161808604,54.0682697435)) ;
#7178=CARTESIAN_POINT('Control Point',(9.95149995262,32.5741096553,53.4879829514)) ;
#7179=CARTESIAN_POINT('Control Point',(8.55075559266,36.9850489494,56.1111851087)) ;
#7180=CARTESIAN_POINT('Control Point',(8.10276898318,36.6219985158,56.0428696539)) ;
#7181=CARTESIAN_POINT('Control Point',(7.6547823737,36.2979169882,55.767460822)) ;
#7182=CARTESIAN_POINT('Control Point',(7.28659587013,36.0778530663,55.2951171566)) ;
#7183=CARTESIAN_POINT('Control Point',(7.07191782476,36.0058620018,54.7203985421)) ;
#7184=CARTESIAN_POINT('Control Point',(7.01866670643,36.0693242129,54.1456799277)) ;
#7186=CARTESIAN_POINT('Control Point',(8.55075559266,36.9850489494,56.1111851087)) ;
#7187=CARTESIAN_POINT('Control Point',(7.99077233081,36.5312359073,56.0257907902)) ;
#7188=CARTESIAN_POINT('Control Point',(7.42532443998,36.1388683797,55.5894869947)) ;
#7189=CARTESIAN_POINT('Control Point',(7.08523060435,35.989996449,54.8640781958)) ;
#7190=CARTESIAN_POINT('Control Point',(7.01866670643,36.0693242129,54.1456799277)) ;
#7191=CARTESIAN_POINT('Vertex',(7.01866670643,36.0693242129,54.1456799277)) ;
#7195=CARTESIAN_POINT('Control Point',(21.7431513336,18.5213667594,51.6351252245)) ;
#7196=CARTESIAN_POINT('Control Point',(19.6781863685,20.982296175,51.8775980676)) ;
#7197=CARTESIAN_POINT('Control Point',(17.6150496006,23.4410468303,52.1578796093)) ;
#7198=CARTESIAN_POINT('Control Point',(15.5541255621,25.8971604572,52.4760193573)) ;
#7199=CARTESIAN_POINT('Control Point',(12.6089721053,29.40705767,52.985492314)) ;
#7200=CARTESIAN_POINT('Control Point',(9.66995697101,32.9096395151,53.572770291)) ;
#7201=CARTESIAN_POINT('Control Point',(8.78556237269,33.9636199549,53.7566697864)) ;
#7202=CARTESIAN_POINT('Control Point',(7.90178814571,35.0168610649,53.9476371986)) ;
#7203=CARTESIAN_POINT('Control Point',(7.01866670643,36.0693242129,54.1456799277)) ;
#7213=CARTESIAN_POINT('Control Point',(8.55075165721,36.9850498441,56.1111929871)) ;
#7214=CARTESIAN_POINT('Control Point',(8.32675815538,36.8035245085,56.0770355382)) ;
#7215=CARTESIAN_POINT('Control Point',(8.10276243401,36.6317380039,55.9911128954)) ;
#7216=CARTESIAN_POINT('Control Point',(7.88860989995,36.4776798124,55.8548694435)) ;
#7217=CARTESIAN_POINT('Control Point',(7.4995893581,36.2191174851,55.4942155727)) ;
#7218=CARTESIAN_POINT('Control Point',(7.21846367529,36.0771357575,54.9951442521)) ;
#7219=CARTESIAN_POINT('Control Point',(7.11226341801,36.0397202058,54.7204096897)) ;
#7220=CARTESIAN_POINT('Control Point',(7.04528767107,36.0375940813,54.4330473804)) ;
#7221=CARTESIAN_POINT('Control Point',(7.01866231634,36.0693254029,54.1456879178)) ;
#7222=CARTESIAN_POINT('Control Point',(6.00900410045,39.9841952075,56.6755485669)) ;
#7223=CARTESIAN_POINT('Control Point',(5.75713610685,39.8331848692,56.6442653552)) ;
#7224=CARTESIAN_POINT('Control Point',(5.50526552245,39.6928435412,56.5606211707)) ;
#7225=CARTESIAN_POINT('Control Point',(5.26460492132,39.5699358336,56.4259534369)) ;
#7226=CARTESIAN_POINT('Control Point',(4.82802060565,39.3704448854,56.0670880006)) ;
#7227=CARTESIAN_POINT('Control Point',(4.51416824556,39.2766259945,55.5675707021)) ;
#7228=CARTESIAN_POINT('Control Point',(4.39630652192,39.2594483167,55.2921741929)) ;
#7229=CARTESIAN_POINT('Control Point',(4.3229778376,39.2728158441,55.0039291379)) ;
#7230=CARTESIAN_POINT('Control Point',(4.29536134971,39.3148292213,54.7156870601)) ;
#7231=CARTESIAN_POINT('Control Point',(4.01227314459,43.4154637553,57.3804319702)) ;
#7232=CARTESIAN_POINT('Control Point',(3.73709137449,43.2990601066,57.3535535129)) ;
#7233=CARTESIAN_POINT('Control Point',(3.46190660306,43.1944738726,57.273356822)) ;
#7234=CARTESIAN_POINT('Control Point',(3.19921931867,43.1070795095,57.1410109285)) ;
#7235=CARTESIAN_POINT('Control Point',(2.72371520176,42.9751002815,56.7846082136)) ;
#7236=CARTESIAN_POINT('Control Point',(2.38478218833,42.9365968994,56.283979878)) ;
#7237=CARTESIAN_POINT('Control Point',(2.25874335455,42.9427321674,56.0073262484)) ;
#7238=CARTESIAN_POINT('Control Point',(2.18210748985,42.9740057329,55.7174711576)) ;
#7239=CARTESIAN_POINT('Control Point',(2.15600702064,43.0279517628,55.4276192543)) ;
#7240=CARTESIAN_POINT('Control Point',(2.66419151876,47.1417958824,58.2362414193)) ;
#7241=CARTESIAN_POINT('Control Point',(2.37075808646,47.0627493138,58.2158679115)) ;
#7242=CARTESIAN_POINT('Control Point',(2.07732116024,46.9969163346,58.1407177363)) ;
#7243=CARTESIAN_POINT('Control Point',(1.79763071084,46.9481348387,58.0117006226)) ;
#7244=CARTESIAN_POINT('Control Point',(1.29309640379,46.8896957522,57.6586228891)) ;
#7245=CARTESIAN_POINT('Control Point',(0.938349238742,46.9115061843,57.1558559715)) ;
#7246=CARTESIAN_POINT('Control Point',(0.80853566416,46.9430236568,56.8770594607)) ;
#7247=CARTESIAN_POINT('Control Point',(0.732650383047,46.9936868471,56.5845213855)) ;
#7248=CARTESIAN_POINT('Control Point',(0.711633711019,47.0603759881,56.2919868238)) ;
#7249=CARTESIAN_POINT('Control Point',(1.99999975848,50.9858828718,59.229021207)) ;
#7250=CARTESIAN_POINT('Control Point',(1.6933900841,50.9458547335,59.2176162616)) ;
#7251=CARTESIAN_POINT('Control Point',(1.38677626316,50.9207358892,59.1494143822)) ;
#7252=CARTESIAN_POINT('Control Point',(1.09516513987,50.9126073282,59.024925874)) ;
#7253=CARTESIAN_POINT('Control Point',(0.571787967735,50.9313882053,58.676169667)) ;
#7254=CARTESIAN_POINT('Control Point',(0.211171041988,51.0154679365,58.1699342004)) ;
#7255=CARTESIAN_POINT('Control Point',(0.0824260984475,51.0726822236,57.8878638679)) ;
#7256=CARTESIAN_POINT('Control Point',(0.0118586208795,51.1422072708,57.5912771209)) ;
#7257=CARTESIAN_POINT('Control Point',(-2.50630451961E-007,51.2202269391,57.2946943888)) ;
#7258=CARTESIAN_POINT('Control Point',(1.99999989865,54.8048979131,60.3171636291)) ;
#7259=CARTESIAN_POINT('Control Point',(1.68584060373,54.8048978505,60.3171636733)) ;
#7260=CARTESIAN_POINT('Control Point',(1.37167633156,54.8217972063,60.2578531272)) ;
#7261=CARTESIAN_POINT('Control Point',(1.07368265969,54.8556213857,60.1391428368)) ;
#7262=CARTESIAN_POINT('Control Point',(0.542178106395,54.953467788,59.795738539)) ;
#7263=CARTESIAN_POINT('Control Point',(0.185106053539,55.0991129949,59.2845785465)) ;
#7264=CARTESIAN_POINT('Control Point',(0.0616710023807,55.180770539,58.9979912687)) ;
#7265=CARTESIAN_POINT('Control Point',(-1.4903019574E-007,55.2668592335,58.6958523576)) ;
#7266=CARTESIAN_POINT('Control Point',(-1.02998963136E-007,55.3529465738,58.3937182332)) ;
#7268=CARTESIAN_POINT('Control Point',(1.99999989865,54.8048979131,60.3171636291)) ;
#7269=CARTESIAN_POINT('Control Point',(1.37168130881,54.8048977879,60.3171637175)) ;
#7270=CARTESIAN_POINT('Control Point',(0.742776493301,54.8723159224,60.080551119)) ;
#7271=CARTESIAN_POINT('Control Point',(0.246029766761,55.0084366114,59.6028185173)) ;
#7272=CARTESIAN_POINT('Control Point',(-1.95061426156E-007,55.1807718931,58.997986482)) ;
#7273=CARTESIAN_POINT('Control Point',(-1.02998963136E-007,55.3529465738,58.3937182332)) ;
#7274=CARTESIAN_POINT('Vertex',(3.16581888593E-015,55.3529525035,58.3937182332)) ;
#7278=CARTESIAN_POINT('Control Point',(7.01866231634,36.0693254029,54.1456879178)) ;
#7279=CARTESIAN_POINT('Control Point',(5.88313165354,37.4225981947,54.3833595934)) ;
#7280=CARTESIAN_POINT('Control Point',(4.84912753726,38.8571724462,54.6457081344)) ;
#7281=CARTESIAN_POINT('Control Point',(3.9245182424,40.3623064683,54.9334062051)) ;
#7282=CARTESIAN_POINT('Control Point',(1.98383758208,44.1126174607,55.6845629243)) ;
#7283=CARTESIAN_POINT('Control Point',(0.729407350039,48.1278735309,56.5778569998)) ;
#7284=CARTESIAN_POINT('Control Point',(0.241902486097,50.5247123143,57.1449275306)) ;
#7285=CARTESIAN_POINT('Control Point',(-1.89072758942E-007,52.9434407606,57.7529526899)) ;
#7286=CARTESIAN_POINT('Control Point',(-1.02998958458E-007,55.3529465738,58.3937182332)) ;
#7295=CARTESIAN_POINT('Axis2P3D Location',(2.,-1.42108547152E-014,252.661703181)) ;
#7300=CARTESIAN_POINT('Axis2P3D Location',(2.,85.9574468085,69.8631327872)) ;
#7304=CARTESIAN_POINT('Vertex',(4.04100513654E-015,85.9574467636,69.8631327661)) ;
#7307=CARTESIAN_POINT('Axis2P3D Location',(4.4408920985E-015,-1.42108547152E-014,252.661703181)) ;
#7319=CARTESIAN_POINT('Axis2P3D Location',(2.,100.,40.)) ;
#7324=CARTESIAN_POINT('Axis2P3D Location',(2.,112.25589232,9.36026920079)) ;
#7328=CARTESIAN_POINT('Vertex',(4.79305278548E-015,112.255892311,9.36026919728)) ;
#7331=CARTESIAN_POINT('Axis2P3D Location',(4.4408920985E-015,100.,40.)) ;
#7335=CARTESIAN_POINT('Vertex',(5.38626493518E-015,133.,40.)) ;
#7338=CARTESIAN_POINT('Axis2P3D Location',(4.4408920985E-015,100.,40.)) ;
#7351=CARTESIAN_POINT('Axis2P3D Location',(2.,70.3926509095,-7.38502736329)) ;
#7356=CARTESIAN_POINT('Axis2P3D Location',(2.,55.3529525035,-13.4009067257)) ;
#7360=CARTESIAN_POINT('Vertex',(3.16581888593E-015,55.3529525035,-13.4009067257)) ;
#7363=CARTESIAN_POINT('Line Origine',(6.88338275268E-015,70.3926509095,-7.38502736329)) ;
#7376=CARTESIAN_POINT('Control Point',(8.55077731673,38.0976555866,-22.4570914153)) ;
#7377=CARTESIAN_POINT('Control Point',(8.26492106165,37.8908777172,-22.5398027321)) ;
#7378=CARTESIAN_POINT('Control Point',(7.97905423713,37.6536239936,-22.5463465855)) ;
#7379=CARTESIAN_POINT('Control Point',(7.71278423447,37.3999973607,-22.4708488619)) ;
#7380=CARTESIAN_POINT('Control Point',(7.25819929497,36.8969333585,-22.166796053)) ;
#7381=CARTESIAN_POINT('Control Point',(7.00733920085,36.4660459927,-21.6158203061)) ;
#7382=CARTESIAN_POINT('Control Point',(6.94504947521,36.2846864919,-21.2930900508)) ;
#7383=CARTESIAN_POINT('Control Point',(6.95044850997,36.1506238642,-20.9466076368)) ;
#7384=CARTESIAN_POINT('Control Point',(7.01868984207,36.0692974231,-20.6001380335)) ;
#7385=CARTESIAN_POINT('Control Point',(5.9925024252,41.1464869425,-21.2375588729)) ;
#7386=CARTESIAN_POINT('Control Point',(5.68204827909,40.981606227,-21.3035113674)) ;
#7387=CARTESIAN_POINT('Control Point',(5.37158409381,40.7876517714,-21.296794171)) ;
#7388=CARTESIAN_POINT('Control Point',(5.0814978203,40.5752078088,-21.212972346)) ;
#7389=CARTESIAN_POINT('Control Point',(4.58242790156,40.1424860463,-20.9028169432)) ;
#7390=CARTESIAN_POINT('Control Point',(4.29661245049,39.7477507044,-20.363639102)) ;
#7391=CARTESIAN_POINT('Control Point',(4.22002551821,39.5733328165,-20.0505349672)) ;
#7392=CARTESIAN_POINT('Control Point',(4.21512741544,39.4339270206,-19.7155649092)) ;
#7393=CARTESIAN_POINT('Control Point',(4.27768103402,39.3359025009,-19.3806054912)) ;
#7394=CARTESIAN_POINT('Control Point',(4.00649955711,44.6134420781,-19.8507768187)) ;
#7395=CARTESIAN_POINT('Control Point',(3.6822243418,44.4925832285,-19.8991201717)) ;
#7396=CARTESIAN_POINT('Control Point',(3.3579403021,44.3441863084,-19.8786268471)) ;
#7397=CARTESIAN_POINT('Control Point',(3.05379592376,44.175441092,-19.7862509076)) ;
#7398=CARTESIAN_POINT('Control Point',(2.52570795447,43.818809396,-19.4699419016)) ;
#7399=CARTESIAN_POINT('Control Point',(2.21008681065,43.467081441,-18.9430903504)) ;
#7400=CARTESIAN_POINT('Control Point',(2.11862698045,43.3032392462,-18.6399587419)) ;
#7401=CARTESIAN_POINT('Control Point',(2.0996003321,43.162070705,-18.316886775)) ;
#7402=CARTESIAN_POINT('Control Point',(2.14982107699,43.0504969937,-17.9938234369)) ;
#7403=CARTESIAN_POINT('Control Point',(2.6692413728,48.3516491031,-18.3554940087)) ;
#7404=CARTESIAN_POINT('Control Point',(2.34101181551,48.27368445,-18.3866799329)) ;
#7405=CARTESIAN_POINT('Control Point',(2.01277484928,48.1697589606,-18.3529681843)) ;
#7406=CARTESIAN_POINT('Control Point',(1.70368399669,48.0441540068,-18.2525036493)) ;
#7407=CARTESIAN_POINT('Control Point',(1.16178756038,47.7645410103,-17.9305282244)) ;
#7408=CARTESIAN_POINT('Control Point',(0.823543948494,47.4614779944,-17.415594906)) ;
#7409=CARTESIAN_POINT('Control Point',(0.718290607132,47.3123976864,-17.1219982012)) ;
#7410=CARTESIAN_POINT('Control Point',(0.683455971287,47.1748321934,-16.8102659193)) ;
#7411=CARTESIAN_POINT('Control Point',(0.717044237985,47.0557195015,-16.4985406269)) ;
#7412=CARTESIAN_POINT('Control Point',(2.00000138225,52.2239173678,-16.8065867028)) ;
#7413=CARTESIAN_POINT('Control Point',(1.67557101486,52.1864676978,-16.8215665886)) ;
#7414=CARTESIAN_POINT('Control Point',(1.35113454009,52.1246163275,-16.7755439444)) ;
#7415=CARTESIAN_POINT('Control Point',(1.04445756957,52.0402503621,-16.6676446788)) ;
#7416=CARTESIAN_POINT('Control Point',(0.501895921873,51.8359323364,-16.3405893801)) ;
#7417=CARTESIAN_POINT('Control Point',(0.14964660023,51.5850544264,-15.8368335155)) ;
#7418=CARTESIAN_POINT('Control Point',(0.033435539819,51.4540889768,-15.5520910848)) ;
#7419=CARTESIAN_POINT('Control Point',(-0.0161323625142,51.3250684598,-15.2508593676)) ;
#7420=CARTESIAN_POINT('Control Point',(1.4680398012E-006,51.20457804,-14.949633321)) ;
#7421=CARTESIAN_POINT('Control Point',(2.00000039881,56.0957338562,-15.2578601075)) ;
#7422=CARTESIAN_POINT('Control Point',(1.68584113959,56.0957338722,-15.257860105)) ;
#7423=CARTESIAN_POINT('Control Point',(1.37167690312,56.072829785,-15.2005998445)) ;
#7424=CARTESIAN_POINT('Control Point',(1.07368326192,56.026987166,-15.0859932565)) ;
#7425=CARTESIAN_POINT('Control Point',(0.54217874993,55.8943739582,-14.7544601652)) ;
#7426=CARTESIAN_POINT('Control Point',(0.185106687818,55.6969781546,-14.2609706078)) ;
#7427=CARTESIAN_POINT('Control Point',(0.0616716166731,55.5863060998,-13.984290454)) ;
#7428=CARTESIAN_POINT('Control Point',(4.29617439845E-007,55.4696284332,-13.6925962792)) ;
#7429=CARTESIAN_POINT('Control Point',(4.26910704121E-007,55.3529526118,-13.4009067257)) ;
#7431=CARTESIAN_POINT('Control Point',(8.55077731673,38.0976555866,-22.4570914153)) ;
#7432=CARTESIAN_POINT('Control Point',(7.97906480657,37.6840998478,-22.6225140488)) ;
#7433=CARTESIAN_POINT('Control Point',(7.40614185144,37.1483063839,-22.4848815852)) ;
#7434=CARTESIAN_POINT('Control Point',(6.99576144141,36.6049963781,-21.9874835561)) ;
#7435=CARTESIAN_POINT('Control Point',(6.88220717788,36.2319503053,-21.2930772401)) ;
#7436=CARTESIAN_POINT('Control Point',(7.01868984207,36.0692974231,-20.6001380335)) ;
#7437=CARTESIAN_POINT('Vertex',(7.01866670643,36.0693242129,-20.6001380335)) ;
#7441=CARTESIAN_POINT('Control Point',(7.0186688117,36.0693224862,-20.6001286767)) ;
#7442=CARTESIAN_POINT('Control Point',(6.0029800879,37.2797751054,-20.1482263729)) ;
#7443=CARTESIAN_POINT('Control Point',(5.07148277397,38.5517409714,-19.6733591058)) ;
#7444=CARTESIAN_POINT('Control Point',(4.22841070379,39.8773047075,-19.1784819439)) ;
#7445=CARTESIAN_POINT('Control Point',(2.19995143647,43.5776084973,-17.7970350849)) ;
#7446=CARTESIAN_POINT('Control Point',(0.852359497682,47.5546844419,-16.3122602539)) ;
#7447=CARTESIAN_POINT('Control Point',(0.28409446977,50.1304129542,-15.3506549877)) ;
#7448=CARTESIAN_POINT('Control Point',(1.09052118192E-006,52.7417786091,-14.3757450757)) ;
#7449=CARTESIAN_POINT('Control Point',(4.269107177E-007,55.3529525167,-13.4009067612)) ;
#7458=CARTESIAN_POINT('Axis2P3D Location',(17.2821707327,26.9492040707,-24.7624060988)) ;
#7463=CARTESIAN_POINT('Axis2P3D Location',(23.2752402193,19.8069419794,-27.6193109353)) ;
#7467=CARTESIAN_POINT('Vertex',(21.7431513331,18.52136676,-27.6193109353)) ;
#7470=CARTESIAN_POINT('Line Origine',(15.7500818465,25.6636288513,-24.7624060988)) ;
#7483=CARTESIAN_POINT('Control Point',(23.2752394293,20.5497227606,-29.4762645457)) ;
#7484=CARTESIAN_POINT('Control Point',(22.9893830792,20.3429452033,-29.558975606)) ;
#7485=CARTESIAN_POINT('Control Point',(22.7035161596,20.1056918133,-29.5655192566)) ;
#7486=CARTESIAN_POINT('Control Point',(22.4372460546,19.8520655041,-29.4900214056)) ;
#7487=CARTESIAN_POINT('Control Point',(21.9826608818,19.3490020551,-29.1859685034)) ;
#7488=CARTESIAN_POINT('Control Point',(21.7318004997,18.9181149538,-28.6349929369)) ;
#7489=CARTESIAN_POINT('Control Point',(21.6695106166,18.7367554875,-28.3122628289)) ;
#7490=CARTESIAN_POINT('Control Point',(21.6749094885,18.6026927843,-27.9657805911)) ;
#7491=CARTESIAN_POINT('Control Point',(21.7431506664,18.5213661662,-27.6193111639)) ;
#7492=CARTESIAN_POINT('Control Point',(24.400703129,19.2084495615,-30.0127738253)) ;
#7493=CARTESIAN_POINT('Control Point',(24.1004183355,19.0262477712,-30.0856545104)) ;
#7494=CARTESIAN_POINT('Control Point',(23.8001232837,18.8143925994,-30.0844195071)) ;
#7495=CARTESIAN_POINT('Control Point',(23.5198832048,18.5849229743,-30.0040389134)) ;
#7496=CARTESIAN_POINT('Control Point',(23.0392043289,18.1231204627,-29.6964063589)) ;
#7497=CARTESIAN_POINT('Control Point',(22.7678399916,17.7134392101,-29.1523511971)) ;
#7498=CARTESIAN_POINT('Control Point',(22.6971636891,17.5361515167,-28.8352675694)) ;
#7499=CARTESIAN_POINT('Control Point',(22.6965224561,17.3989546473,-28.4955382378)) ;
#7500=CARTESIAN_POINT('Control Point',(22.761427282,17.3078333604,-28.1558204436)) ;
#7501=CARTESIAN_POINT('Control Point',(25.377123688,17.7609096281,-30.5917897987)) ;
#7502=CARTESIAN_POINT('Control Point',(25.0661358284,17.6039847711,-30.6545596875)) ;
#7503=CARTESIAN_POINT('Control Point',(24.7551382567,17.4182739204,-30.6453784211)) ;
#7504=CARTESIAN_POINT('Control Point',(24.4643025552,17.2137972879,-30.5600419792)) ;
#7505=CARTESIAN_POINT('Control Point',(23.9628832362,16.795183159,-30.2488166467)) ;
#7506=CARTESIAN_POINT('Control Point',(23.6728117404,16.4090407135,-29.7118551382)) ;
#7507=CARTESIAN_POINT('Control Point',(23.5935612057,16.237070253,-29.4005301999)) ;
#7508=CARTESIAN_POINT('Control Point',(23.5855690621,16.0979750065,-29.0676781482)) ;
#7509=CARTESIAN_POINT('Control Point',(23.6448553554,15.9981544855,-28.7348364169)) ;
#7510=CARTESIAN_POINT('Control Point',(26.19376692,16.2293575096,-31.2044106461)) ;
#7511=CARTESIAN_POINT('Control Point',(25.8756109865,16.0977606514,-31.2570494497)) ;
#7512=CARTESIAN_POINT('Control Point',(25.5574460275,15.9382717044,-31.2399685425)) ;
#7513=CARTESIAN_POINT('Control Point',(25.2592513065,15.7590094875,-31.149742016)) ;
#7514=CARTESIAN_POINT('Control Point',(24.7423762364,15.3845460032,-30.8350181996)) ;
#7515=CARTESIAN_POINT('Control Point',(24.4357858258,15.0240304049,-30.3051365556)) ;
#7516=CARTESIAN_POINT('Control Point',(24.3480976068,14.8587290878,-29.9995259435)) ;
#7517=CARTESIAN_POINT('Control Point',(24.3318696139,14.7193228447,-29.6734870026)) ;
#7518=CARTESIAN_POINT('Control Point',(24.3837232044,14.6124641028,-29.3474572643)) ;
#7519=CARTESIAN_POINT('Control Point',(26.8452532068,14.6351045754,-31.8421118198)) ;
#7520=CARTESIAN_POINT('Control Point',(26.5230994619,14.5284724522,-31.8847647215)) ;
#7521=CARTESIAN_POINT('Control Point',(26.2009374338,14.3948539825,-31.859959536)) ;
#7522=CARTESIAN_POINT('Control Point',(25.8983251734,14.2406164398,-31.7649873844)) ;
#7523=CARTESIAN_POINT('Control Point',(25.3709640497,13.9105547463,-31.4469145207)) ;
#7524=CARTESIAN_POINT('Control Point',(25.0503770664,13.5773987872,-30.9239831983)) ;
#7525=CARTESIAN_POINT('Control Point',(24.9547436643,13.4200629504,-30.6239500503)) ;
#7526=CARTESIAN_POINT('Control Point',(24.9299213942,13.2820279446,-30.3045501471)) ;
#7527=CARTESIAN_POINT('Control Point',(24.9731631567,13.1700447609,-29.985158438)) ;
#7528=CARTESIAN_POINT('Control Point',(27.3284985951,12.9986736724,-32.496684181)) ;
#7529=CARTESIAN_POINT('Control Point',(27.0051959399,12.9163695642,-32.529605855)) ;
#7530=CARTESIAN_POINT('Control Point',(26.6818857514,12.8079849413,-32.4973318039)) ;
#7531=CARTESIAN_POINT('Control Point',(26.3775321087,12.6782969124,-32.3978043474)) ;
#7532=CARTESIAN_POINT('Control Point',(25.8443463672,12.3923469613,-32.0765600429)) ;
#7533=CARTESIAN_POINT('Control Point',(25.5125216551,12.0878836483,-31.5603752128)) ;
#7534=CARTESIAN_POINT('Control Point',(25.4097161916,11.9396650509,-31.265726048)) ;
#7535=CARTESIAN_POINT('Control Point',(25.3763791719,11.8046199655,-30.952724777)) ;
#7536=CARTESIAN_POINT('Control Point',(25.4103851445,11.6894644963,-30.6397307992)) ;
#7538=CARTESIAN_POINT('Control Point',(27.3284985951,12.9986736724,-32.496684181)) ;
#7539=CARTESIAN_POINT('Control Point',(26.6818932847,12.834065456,-32.5625275291)) ;
#7540=CARTESIAN_POINT('Control Point',(26.0344110409,12.5652620933,-32.3685304177)) ;
#7541=CARTESIAN_POINT('Control Point',(25.5427597423,12.2296852841,-31.8925556826)) ;
#7542=CARTESIAN_POINT('Control Point',(25.3423731993,11.9197754348,-31.2657187549)) ;
#7543=CARTESIAN_POINT('Control Point',(25.4103851445,11.6894644963,-30.6397307992)) ;
#7544=CARTESIAN_POINT('Vertex',(25.4103887707,11.6894553071,-30.6397307992)) ;
#7548=CARTESIAN_POINT('Control Point',(21.7431506664,18.5213661662,-27.6193111639)) ;
#7549=CARTESIAN_POINT('Control Point',(21.9821008917,18.2365968483,-27.7452091874)) ;
#7550=CARTESIAN_POINT('Control Point',(22.2136255503,17.9465331531,-27.8734478834)) ;
#7551=CARTESIAN_POINT('Control Point',(22.4375973078,17.6514358437,-28.003911966)) ;
#7552=CARTESIAN_POINT('Control Point',(23.3593843073,16.373543406,-28.5688749641)) ;
#7553=CARTESIAN_POINT('Control Point',(24.1402475852,15.0135473625,-29.1701362894)) ;
#7554=CARTESIAN_POINT('Control Point',(24.6519787928,13.9334024244,-29.6476740045)) ;
#7555=CARTESIAN_POINT('Control Point',(25.0757622843,12.82260971,-30.1387613105)) ;
#7556=CARTESIAN_POINT('Control Point',(25.4103851445,11.6894644963,-30.6397307992)) ;
#7566=CARTESIAN_POINT('Control Point',(27.3284829902,12.998647872,-32.4966837649)) ;
#7567=CARTESIAN_POINT('Control Point',(27.0051813065,12.9163439383,-32.5296043751)) ;
#7568=CARTESIAN_POINT('Control Point',(26.6818720895,12.8079596394,-32.4973295058)) ;
#7569=CARTESIAN_POINT('Control Point',(26.3775192899,12.6782720565,-32.397801548)) ;
#7570=CARTESIAN_POINT('Control Point',(25.8443347254,12.3923231224,-32.0765568879)) ;
#7571=CARTESIAN_POINT('Control Point',(25.512509922,12.0878608275,-31.5603727848)) ;
#7572=CARTESIAN_POINT('Control Point',(25.4097040309,11.9396426769,-31.2657242037)) ;
#7573=CARTESIAN_POINT('Control Point',(25.3763662029,11.8045979124,-30.9527236287)) ;
#7574=CARTESIAN_POINT('Control Point',(25.410371061,11.6894426039,-30.639730349)) ;
#7575=CARTESIAN_POINT('Control Point',(27.6608208882,11.8050572038,-32.974122201)) ;
#7576=CARTESIAN_POINT('Control Point',(27.3389342013,11.7376269121,-32.9975869684)) ;
#7577=CARTESIAN_POINT('Control Point',(27.0170408072,11.6474358762,-32.9572092005)) ;
#7578=CARTESIAN_POINT('Control Point',(26.7133461381,11.5382267413,-32.8515661902)) ;
#7579=CARTESIAN_POINT('Control Point',(26.1784812024,11.2946762995,-32.5223625233)) ;
#7580=CARTESIAN_POINT('Control Point',(25.837834875,11.0294831014,-32.0054855813)) ;
#7581=CARTESIAN_POINT('Control Point',(25.7285265193,10.8986122723,-31.7120072659)) ;
#7582=CARTESIAN_POINT('Control Point',(25.6867586019,10.7772139801,-31.4009436943)) ;
#7583=CARTESIAN_POINT('Control Point',(25.7110577131,10.671236698,-31.0898866043)) ;
#7584=CARTESIAN_POINT('Control Point',(27.9193893149,10.5695289472,-33.40477378)) ;
#7585=CARTESIAN_POINT('Control Point',(27.5991371606,10.51785319,-33.4200851369)) ;
#7586=CARTESIAN_POINT('Control Point',(27.2788789374,10.4464736067,-33.3727494929)) ;
#7587=CARTESIAN_POINT('Control Point',(26.976154801,10.3581472664,-33.2618407777)) ;
#7588=CARTESIAN_POINT('Control Point',(26.4405986149,10.15765153,-32.9256792322)) ;
#7589=CARTESIAN_POINT('Control Point',(26.092887383,9.9325933598,-32.4078883688)) ;
#7590=CARTESIAN_POINT('Control Point',(25.9781606823,9.8196843911,-32.1152028702)) ;
#7591=CARTESIAN_POINT('Control Point',(25.9291838729,9.71284169562,-31.8055632801)) ;
#7592=CARTESIAN_POINT('Control Point',(25.9450005261,9.617255494,-31.4959295595)) ;
#7593=CARTESIAN_POINT('Control Point',(28.0974565727,9.29815474424,-33.7818922821)) ;
#7594=CARTESIAN_POINT('Control Point',(27.7790300643,9.26306325022,-33.7904882634)) ;
#7595=CARTESIAN_POINT('Control Point',(27.4605979727,9.2110850303,-33.7374197383)) ;
#7596=CARTESIAN_POINT('Control Point',(27.1591380407,9.14403291674,-33.6221385248)) ;
#7597=CARTESIAN_POINT('Control Point',(26.62388245,8.98719964597,-33.2800751184)) ;
#7598=CARTESIAN_POINT('Control Point',(26.2710047178,8.80296967382,-32.7611738339)) ;
#7599=CARTESIAN_POINT('Control Point',(26.1520634491,8.70849952834,-32.4689181717)) ;
#7600=CARTESIAN_POINT('Control Point',(26.097285898,8.61692202001,-32.1602055934)) ;
#7601=CARTESIAN_POINT('Control Point',(26.1061089877,8.5326955007,-31.8514984308)) ;
#7602=CARTESIAN_POINT('Control Point',(28.1883123055,8.00094550453,-34.0993660655)) ;
#7603=CARTESIAN_POINT('Control Point',(27.8719038047,7.98314013503,-34.1028338732)) ;
#7604=CARTESIAN_POINT('Control Point',(27.5554900793,7.95106781071,-34.0453511157)) ;
#7605=CARTESIAN_POINT('Control Point',(27.2555948913,7.90562335818,-33.9266450528)) ;
#7606=CARTESIAN_POINT('Control Point',(26.7216689571,7.79293280914,-33.5797979028)) ;
#7607=CARTESIAN_POINT('Control Point',(26.3656528805,7.64996370466,-33.0595936378)) ;
#7608=CARTESIAN_POINT('Control Point',(26.2437996845,7.57421813531,-32.7674016819)) ;
#7609=CARTESIAN_POINT('Control Point',(26.1847788476,7.49834280908,-32.4591137182)) ;
#7610=CARTESIAN_POINT('Control Point',(26.1883118165,7.42609654418,-32.150830847)) ;
#7611=CARTESIAN_POINT('Control Point',(28.1883206933,6.69072087086,-34.3545410474)) ;
#7612=CARTESIAN_POINT('Control Point',(27.8741610045,6.69072105138,-34.3545413869)) ;
#7613=CARTESIAN_POINT('Control Point',(27.5599963384,6.67893193837,-34.294007776)) ;
#7614=CARTESIAN_POINT('Control Point',(27.2620023127,6.65533580162,-34.1728492063)) ;
#7615=CARTESIAN_POINT('Control Point',(26.730497211,6.58707688476,-33.8223622499)) ;
#7616=CARTESIAN_POINT('Control Point',(26.3734250186,6.48547272849,-33.3006593321)) ;
#7617=CARTESIAN_POINT('Control Point',(26.2499900229,6.42850724258,-33.0081610061)) ;
#7618=CARTESIAN_POINT('Control Point',(26.1883190579,6.36845050075,-32.699790264)) ;
#7619=CARTESIAN_POINT('Control Point',(26.1883194052,6.30839468799,-32.3914244077)) ;
#7621=CARTESIAN_POINT('Control Point',(28.1883206933,6.69072087086,-34.3545410474)) ;
#7622=CARTESIAN_POINT('Control Point',(27.5600013157,6.6907212319,-34.3545417265)) ;
#7623=CARTESIAN_POINT('Control Point',(26.9310957096,6.64368958109,-34.1130492676)) ;
#7624=CARTESIAN_POINT('Control Point',(26.4343485264,6.54872991505,-33.6254632511)) ;
#7625=CARTESIAN_POINT('Control Point',(26.1883187105,6.42850631351,-33.0081561203)) ;
#7626=CARTESIAN_POINT('Control Point',(26.1883194052,6.30839468799,-32.3914244077)) ;
#7627=CARTESIAN_POINT('Vertex',(26.1883069138,6.30840217595,-32.3914244077)) ;
#7631=CARTESIAN_POINT('Control Point',(25.410371061,11.6894426039,-30.639730349)) ;
#7632=CARTESIAN_POINT('Control Point',(25.5835246224,11.1030980566,-30.8989575487)) ;
#7633=CARTESIAN_POINT('Control Point',(25.7345449058,10.5048898732,-31.1435561032)) ;
#7634=CARTESIAN_POINT('Control Point',(25.8622653391,9.89585569875,-31.3722981107)) ;
#7635=CARTESIAN_POINT('Control Point',(26.0415839585,8.82174752889,-31.7400065264)) ;
#7636=CARTESIAN_POINT('Control Point',(26.1442010957,7.72378271901,-32.0537738665)) ;
#7637=CARTESIAN_POINT('Control Point',(26.1735262448,7.25452463506,-32.1767660347)) ;
#7638=CARTESIAN_POINT('Control Point',(26.1883160079,6.78246191169,-32.2893778117)) ;
#7639=CARTESIAN_POINT('Control Point',(26.1883194051,6.30840184439,-32.3914228672)) ;
#7649=CARTESIAN_POINT('Control Point',(28.1883069138,-6.69072958055,-34.3545359113)) ;
#7650=CARTESIAN_POINT('Control Point',(27.8741476484,-6.69072958055,-34.3545359113)) ;
#7651=CARTESIAN_POINT('Control Point',(27.5599834058,-6.67894028833,-34.294002055)) ;
#7652=CARTESIAN_POINT('Control Point',(27.261989759,-6.65534398304,-34.1728433521)) ;
#7653=CARTESIAN_POINT('Control Point',(26.7304852377,-6.58708476485,-33.8223563485)) ;
#7654=CARTESIAN_POINT('Control Point',(26.3734131714,-6.48548039277,-33.3006537438)) ;
#7655=CARTESIAN_POINT('Control Point',(26.2499780997,-6.42851482397,-33.0081556454)) ;
#7656=CARTESIAN_POINT('Control Point',(26.1883069138,-6.36845802423,-32.6997851667)) ;
#7657=CARTESIAN_POINT('Control Point',(26.1883069138,-6.30840217595,-32.3914195735)) ;
#7658=CARTESIAN_POINT('Control Point',(28.1883069138,-8.00130122151,-34.0992950759)) ;
#7659=CARTESIAN_POINT('Control Point',(27.8718979578,-7.98349099991,-34.1027637118)) ;
#7660=CARTESIAN_POINT('Control Point',(27.5554837771,-7.95141315949,-34.0452817006)) ;
#7661=CARTESIAN_POINT('Control Point',(27.2555882121,-7.90596277445,-33.9265762594)) ;
#7662=CARTESIAN_POINT('Control Point',(26.7216618346,-7.79326017343,-33.5797300835)) ;
#7663=CARTESIAN_POINT('Control Point',(26.3656460946,-7.65027986288,-33.0595263335)) ;
#7664=CARTESIAN_POINT('Control Point',(26.2437933027,-7.57452920737,-32.767334539)) ;
#7665=CARTESIAN_POINT('Control Point',(26.1847731081,-7.49864959577,-32.4590466878)) ;
#7666=CARTESIAN_POINT('Control Point',(26.1883069138,-7.42640002477,-32.1507639287)) ;
#7667=CARTESIAN_POINT('Control Point',(28.0974194799,-9.29861057377,-33.7817714023)) ;
#7668=CARTESIAN_POINT('Control Point',(27.7789919152,-9.26351313978,-33.7903698218)) ;
#7669=CARTESIAN_POINT('Control Point',(27.4605587671,-9.21152801354,-33.7373033434)) ;
#7670=CARTESIAN_POINT('Control Point',(27.1590979992,-9.14446834869,-33.622023654)) ;
#7671=CARTESIAN_POINT('Control Point',(26.6238416121,-8.98761957383,-33.27996222)) ;
#7672=CARTESIAN_POINT('Control Point',(26.2709652609,-8.80337501474,-32.7610611046)) ;
#7673=CARTESIAN_POINT('Control Point',(26.1520253378,-8.7088982354,-32.4688051593)) ;
#7674=CARTESIAN_POINT('Control Point',(26.0972497843,-8.6173151633,-32.1600921119)) ;
#7675=CARTESIAN_POINT('Control Point',(26.1060753882,-8.53308440951,-31.8513844797)) ;
#7676=CARTESIAN_POINT('Control Point',(27.919293064,-10.5698884084,-33.4046296254)) ;
#7677=CARTESIAN_POINT('Control Point',(27.5990417547,-10.5182077894,-33.4199418764)) ;
#7678=CARTESIAN_POINT('Control Point',(27.2787843765,-10.4468226213,-33.3726071527)) ;
#7679=CARTESIAN_POINT('Control Point',(26.9760611002,-10.3584902414,-33.2616993429)) ;
#7680=CARTESIAN_POINT('Control Point',(26.4405066934,-10.1579822219,-32.9255395387)) ;
#7681=CARTESIAN_POINT('Control Point',(26.092797344,-9.93291268941,-32.4077502738)) ;
#7682=CARTESIAN_POINT('Control Point',(25.9780716071,-9.81999860243,-32.1150655372)) ;
#7683=CARTESIAN_POINT('Control Point',(25.9290957621,-9.7131516593,-31.805426689)) ;
#7684=CARTESIAN_POINT('Control Point',(25.9449133376,-9.61756226927,-31.4957937081)) ;
#7685=CARTESIAN_POINT('Control Point',(27.6607381842,-11.8053271765,-32.9740017056)) ;
#7686=CARTESIAN_POINT('Control Point',(27.3388514725,-11.7378934883,-32.9974683326)) ;
#7687=CARTESIAN_POINT('Control Point',(27.0169580536,-11.6476983351,-32.9570922076)) ;
#7688=CARTESIAN_POINT('Control Point',(26.7132634934,-11.5384845921,-32.8514505004)) ;
#7689=CARTESIAN_POINT('Control Point',(26.1783993045,-11.2949246366,-32.5222486917)) ;
#7690=CARTESIAN_POINT('Control Point',(25.8377549696,-11.029722638,-32.0053723219)) ;
#7691=CARTESIAN_POINT('Control Point',(25.7284479722,-10.8988479145,-31.71189402)) ;
#7692=CARTESIAN_POINT('Control Point',(25.6866817389,-10.7774465404,-31.4008303219)) ;
#7693=CARTESIAN_POINT('Control Point',(25.7109827348,-10.6714671564,-31.0897731016)) ;
#7694=CARTESIAN_POINT('Control Point',(27.3284917045,-12.99865302,-32.4966812173)) ;
#7695=CARTESIAN_POINT('Control Point',(27.0051896154,-12.9163491062,-32.5296022002)) ;
#7696=CARTESIAN_POINT('Control Point',(26.6818799931,-12.8079647839,-32.4973276256)) ;
#7697=CARTESIAN_POINT('Control Point',(26.377526836,-12.678277139,-32.3977998597)) ;
#7698=CARTESIAN_POINT('Control Point',(25.8443417467,-12.392328033,-32.0765553707)) ;
#7699=CARTESIAN_POINT('Control Point',(25.5125168955,-12.087865536,-31.5603710782)) ;
#7700=CARTESIAN_POINT('Control Point',(25.4097111247,-11.9396472935,-31.2657223279)) ;
#7701=CARTESIAN_POINT('Control Point',(25.3763735622,-11.8046024639,-30.9527215438)) ;
#7702=CARTESIAN_POINT('Control Point',(25.4103788054,-11.6894471273,-30.6397280511)) ;
#7704=CARTESIAN_POINT('Control Point',(28.1883069138,-6.69072958055,-34.3545359113)) ;
#7705=CARTESIAN_POINT('Control Point',(27.5599883831,-6.69072958055,-34.3545359113)) ;
#7706=CARTESIAN_POINT('Control Point',(26.9310836271,-6.64369757333,-34.1130431471)) ;
#7707=CARTESIAN_POINT('Control Point',(26.4343369219,-6.54873763406,-33.6254573607)) ;
#7708=CARTESIAN_POINT('Control Point',(26.1883069138,-6.4285138725,-33.00815076)) ;
#7709=CARTESIAN_POINT('Control Point',(26.1883069138,-6.30840217595,-32.3914195735)) ;
#7710=CARTESIAN_POINT('Vertex',(26.1883069138,-6.30840217595,-32.3914195735)) ;
#7714=CARTESIAN_POINT('Control Point',(27.3284917045,-12.99865302,-32.4966812173)) ;
#7715=CARTESIAN_POINT('Control Point',(26.6818875263,-12.8340451923,-32.562523183)) ;
#7716=CARTESIAN_POINT('Control Point',(26.0344064224,-12.5652426428,-32.3685253522)) ;
#7717=CARTESIAN_POINT('Control Point',(25.5427555827,-12.2296668919,-31.8925509798)) ;
#7718=CARTESIAN_POINT('Control Point',(25.342368319,-11.9197578006,-31.2657150366)) ;
#7719=CARTESIAN_POINT('Control Point',(25.4103788054,-11.6894471273,-30.6397280511)) ;
#7720=CARTESIAN_POINT('Vertex',(25.410382747,-11.6894757055,-30.6397280511)) ;
#7724=CARTESIAN_POINT('Control Point',(26.1883069138,-6.30840217595,-32.3914195735)) ;
#7725=CARTESIAN_POINT('Control Point',(26.1883069138,-7.42640002477,-32.1507639287)) ;
#7726=CARTESIAN_POINT('Control Point',(26.1060753882,-8.53308440951,-31.8513844797)) ;
#7727=CARTESIAN_POINT('Control Point',(25.9449133376,-9.61756226927,-31.4957937081)) ;
#7728=CARTESIAN_POINT('Control Point',(25.7109827348,-10.6714671564,-31.0897731016)) ;
#7729=CARTESIAN_POINT('Control Point',(25.4103788054,-11.6894471273,-30.6397280511)) ;
#7739=CARTESIAN_POINT('Control Point',(23.2752337899,-20.5497289493,-29.4762620702)) ;
#7740=CARTESIAN_POINT('Control Point',(22.9893775068,-20.3429512747,-29.5589731921)) ;
#7741=CARTESIAN_POINT('Control Point',(22.7035106543,-20.1056977623,-29.5655168913)) ;
#7742=CARTESIAN_POINT('Control Point',(22.437240615,-19.852071336,-29.4900190709)) ;
#7743=CARTESIAN_POINT('Control Point',(21.9826555686,-19.3490076868,-29.1859661911)) ;
#7744=CARTESIAN_POINT('Control Point',(21.7317952944,-18.918120485,-28.6349905813)) ;
#7745=CARTESIAN_POINT('Control Point',(21.6695054587,-18.7367610012,-28.3122604379)) ;
#7746=CARTESIAN_POINT('Control Point',(21.6749043689,-18.6026983169,-27.9657781579)) ;
#7747=CARTESIAN_POINT('Control Point',(21.7431455732,-18.5213717514,-27.6193086885)) ;
#7748=CARTESIAN_POINT('Control Point',(24.4007063126,-19.2084465071,-30.0127750471)) ;
#7749=CARTESIAN_POINT('Control Point',(24.1004214718,-19.0262447753,-30.0856557108)) ;
#7750=CARTESIAN_POINT('Control Point',(23.8001263727,-18.8143896638,-30.0844206904)) ;
#7751=CARTESIAN_POINT('Control Point',(23.519886249,-18.5849200952,-30.0040400858)) ;
#7752=CARTESIAN_POINT('Control Point',(23.0392072933,-18.1231176781,-29.696407523)) ;
#7753=CARTESIAN_POINT('Control Point',(22.767842903,-17.7134364685,-29.1523523764)) ;
#7754=CARTESIAN_POINT('Control Point',(22.6971665828,-17.5361487801,-28.8352687612)) ;
#7755=CARTESIAN_POINT('Control Point',(22.6965253417,-17.3989518979,-28.4955394446)) ;
#7756=CARTESIAN_POINT('Control Point',(22.7614301697,-17.3078305826,-28.1558216653)) ;
#7757=CARTESIAN_POINT('Control Point',(25.3771328433,-17.7608976524,-30.591794589)) ;
#7758=CARTESIAN_POINT('Control Point',(25.0661448893,-17.6039730088,-30.6545643683)) ;
#7759=CARTESIAN_POINT('Control Point',(24.7551472231,-17.4182623809,-30.6453830156)) ;
#7760=CARTESIAN_POINT('Control Point',(24.4643114272,-17.2137859622,-30.5600465198)) ;
#7761=CARTESIAN_POINT('Control Point',(23.9628919192,-16.7951722019,-30.248821148)) ;
#7762=CARTESIAN_POINT('Control Point',(23.6728202436,-16.4090299508,-29.7118597164)) ;
#7763=CARTESIAN_POINT('Control Point',(23.5935696235,-16.2370595297,-29.4005348407)) ;
#7764=CARTESIAN_POINT('Control Point',(23.5855774033,-16.0979642578,-29.0676828637)) ;
#7765=CARTESIAN_POINT('Control Point',(23.6448636346,-15.9981436507,-28.7348412072)) ;
#7766=CARTESIAN_POINT('Control Point',(26.1937566315,-16.2293798992,-31.2044016903)) ;
#7767=CARTESIAN_POINT('Control Point',(25.8756007772,-16.0977826805,-31.25704063)) ;
#7768=CARTESIAN_POINT('Control Point',(25.5574358974,-15.9382933609,-31.2399598286)) ;
#7769=CARTESIAN_POINT('Control Point',(25.2592412596,-15.7590307856,-31.1497333675)) ;
#7770=CARTESIAN_POINT('Control Point',(24.7423663719,-15.3845666713,-30.8350095977)) ;
#7771=CARTESIAN_POINT('Control Point',(24.4357761735,-15.0240506998,-30.3051278587)) ;
#7772=CARTESIAN_POINT('Control Point',(24.3480880678,-14.8587492813,-29.9995171701)) ;
#7773=CARTESIAN_POINT('Control Point',(24.3318601907,-14.7193430341,-29.6734781379)) ;
#7774=CARTESIAN_POINT('Control Point',(24.3837138907,-14.6124843826,-29.3474483085)) ;
#7775=CARTESIAN_POINT('Control Point',(26.8452479111,-14.6351236479,-31.8421041908)) ;
#7776=CARTESIAN_POINT('Control Point',(26.5230941736,-14.5284912402,-31.8847572076)) ;
#7777=CARTESIAN_POINT('Control Point',(26.2009321528,-14.3948724754,-31.8599521105)) ;
#7778=CARTESIAN_POINT('Control Point',(25.8983199072,-14.2406346454,-31.7649800128)) ;
#7779=CARTESIAN_POINT('Control Point',(25.3709588421,-13.9105724357,-31.4469071866)) ;
#7780=CARTESIAN_POINT('Control Point',(25.0503719853,-13.577416141,-30.9239757845)) ;
#7781=CARTESIAN_POINT('Control Point',(24.954738666,-13.4200801976,-30.6239425727)) ;
#7782=CARTESIAN_POINT('Control Point',(24.9299164959,-13.282045157,-30.3045425938)) ;
#7783=CARTESIAN_POINT('Control Point',(24.9731583683,-13.1700620109,-29.985150809)) ;
#7784=CARTESIAN_POINT('Control Point',(27.3284986743,-12.9986734396,-32.4966842741)) ;
#7785=CARTESIAN_POINT('Control Point',(27.005196016,-12.9163693322,-32.5296059522)) ;
#7786=CARTESIAN_POINT('Control Point',(26.6818858244,-12.8079847097,-32.4973319041)) ;
#7787=CARTESIAN_POINT('Control Point',(26.377532179,-12.6782966809,-32.3978044495)) ;
#7788=CARTESIAN_POINT('Control Point',(25.844346434,-12.3923467294,-32.0765601463)) ;
#7789=CARTESIAN_POINT('Control Point',(25.5125217228,-12.0878834158,-31.5603753134)) ;
#7790=CARTESIAN_POINT('Control Point',(25.4097162611,-11.9396648181,-31.2657261464)) ;
#7791=CARTESIAN_POINT('Control Point',(25.3763792445,-11.8046197326,-30.9527248728)) ;
#7792=CARTESIAN_POINT('Control Point',(25.4103852213,-11.6894642635,-30.6397308923)) ;
#7794=CARTESIAN_POINT('Control Point',(23.2752337899,-20.5497289493,-29.4762620702)) ;
#7795=CARTESIAN_POINT('Control Point',(22.7035212237,-20.1361736002,-29.641684314)) ;
#7796=CARTESIAN_POINT('Control Point',(22.1305982143,-19.6003805926,-29.5040516202)) ;
#7797=CARTESIAN_POINT('Control Point',(21.7202176729,-19.0570709346,-29.0066536728)) ;
#7798=CARTESIAN_POINT('Control Point',(21.6066631645,-18.6840248823,-28.3122476274)) ;
#7799=CARTESIAN_POINT('Control Point',(21.7431455732,-18.5213717514,-27.6193086885)) ;
#7800=CARTESIAN_POINT('Vertex',(21.7431513331,-18.52136676,-27.6193086885)) ;
#7804=CARTESIAN_POINT('Control Point',(21.7431499131,-18.5213665794,-27.619310975)) ;
#7805=CARTESIAN_POINT('Control Point',(22.0107384308,-18.2024676015,-27.7602979018)) ;
#7806=CARTESIAN_POINT('Control Point',(22.269014762,-17.8769292531,-27.9042201305)) ;
#7807=CARTESIAN_POINT('Control Point',(22.5177998724,-17.5451180117,-28.0509156376)) ;
#7808=CARTESIAN_POINT('Control Point',(23.4278265194,-16.2599542496,-28.6190933295)) ;
#7809=CARTESIAN_POINT('Control Point',(24.1962969715,-14.8943597142,-29.2228297805)) ;
#7810=CARTESIAN_POINT('Control Point',(24.6829961986,-13.8517554972,-29.6837705445)) ;
#7811=CARTESIAN_POINT('Control Point',(25.0880547961,-12.780983873,-30.1571643085)) ;
#7812=CARTESIAN_POINT('Control Point',(25.4103851673,-11.6894644463,-30.6397308115)) ;
#7821=CARTESIAN_POINT('Axis2P3D Location',(17.284961227,-26.9458784891,-24.7637363314)) ;
#7826=CARTESIAN_POINT('Axis2P3D Location',(8.55075559267,-37.3548994323,-20.6001279542)) ;
#7830=CARTESIAN_POINT('Vertex',(7.01866670643,-36.0693242129,-20.6001279542)) ;
#7833=CARTESIAN_POINT('Line Origine',(15.7528723407,-25.6603032698,-24.7637363314)) ;
#7846=CARTESIAN_POINT('Control Point',(8.55075565888,-38.0976808329,-22.4570813168)) ;
#7847=CARTESIAN_POINT('Control Point',(8.26489915621,-37.8909033098,-22.539792556)) ;
#7848=CARTESIAN_POINT('Control Point',(7.97903208409,-37.653649939,-22.5463363481)) ;
#7849=CARTESIAN_POINT('Control Point',(7.71276184663,-37.4000236387,-22.470838586)) ;
#7850=CARTESIAN_POINT('Control Point',(7.25817648856,-36.8969602044,-22.1667857489)) ;
#7851=CARTESIAN_POINT('Control Point',(7.00731611531,-36.4660731398,-21.6158100565)) ;
#7852=CARTESIAN_POINT('Control Point',(6.94502629437,-36.2847137043,-21.2930798457)) ;
#7853=CARTESIAN_POINT('Control Point',(6.95042528402,-36.150651049,-20.9465974851)) ;
#7854=CARTESIAN_POINT('Control Point',(7.01866662174,-36.0693244943,-20.600127935)) ;
#7855=CARTESIAN_POINT('Control Point',(5.99247384957,-41.1465295842,-21.2375418163)) ;
#7856=CARTESIAN_POINT('Control Point',(5.68201939431,-40.9816494373,-21.3034941985)) ;
#7857=CARTESIAN_POINT('Control Point',(5.37155489986,-40.78769556,-21.2967769138)) ;
#7858=CARTESIAN_POINT('Control Point',(5.08146833103,-40.5752521437,-21.2129550337)) ;
#7859=CARTESIAN_POINT('Control Point',(4.58239787699,-40.1425313214,-20.902799591)) ;
#7860=CARTESIAN_POINT('Control Point',(4.29658204533,-39.7477965001,-20.3636218285)) ;
#7861=CARTESIAN_POINT('Control Point',(4.21999497247,-39.5733787383,-20.0505177578)) ;
#7862=CARTESIAN_POINT('Control Point',(4.21509678699,-39.4339729212,-19.7155477762)) ;
#7863=CARTESIAN_POINT('Control Point',(4.2776503836,-39.3359482418,-19.3805884345)) ;
#7864=CARTESIAN_POINT('Control Point',(4.00642095078,-44.6135692567,-19.8507259473)) ;
#7865=CARTESIAN_POINT('Control Point',(3.68214504888,-44.4927121009,-19.899068719)) ;
#7866=CARTESIAN_POINT('Control Point',(3.35786032263,-44.344316924,-19.8785749363)) ;
#7867=CARTESIAN_POINT('Control Point',(3.0537152698,-44.1755733674,-19.7861987103)) ;
#7868=CARTESIAN_POINT('Control Point',(2.52562600101,-43.8189445323,-19.4698894957)) ;
#7869=CARTESIAN_POINT('Control Point',(2.21000373543,-43.4672181339,-18.9430383529)) ;
#7870=CARTESIAN_POINT('Control Point',(2.11854340789,-43.3033762927,-18.6399070766)) ;
#7871=CARTESIAN_POINT('Control Point',(2.09951635231,-43.1622076333,-18.3168355067)) ;
#7872=CARTESIAN_POINT('Control Point',(2.14973680727,-43.0506333612,-17.9937725655)) ;
#7873=CARTESIAN_POINT('Control Point',(2.66926672684,-48.3514891422,-18.3555579931)) ;
#7874=CARTESIAN_POINT('Control Point',(2.34103698582,-48.2735227923,-18.3867445856)) ;
#7875=CARTESIAN_POINT('Control Point',(2.0127998358,-48.1695955418,-18.3530333449)) ;
#7876=CARTESIAN_POINT('Control Point',(1.70370885798,-48.0439888632,-18.2525691166)) ;
#7877=CARTESIAN_POINT('Control Point',(1.16181240322,-47.7643727197,-17.9305939015)) ;
#7878=CARTESIAN_POINT('Control Point',(0.823569337658,-47.4613075271,-17.4156601221)) ;
#7879=CARTESIAN_POINT('Control Point',(0.718316437144,-47.3122264652,-17.122063052)) ;
#7880=CARTESIAN_POINT('Control Point',(0.683482402909,-47.1746606189,-16.8103303369)) ;
#7881=CARTESIAN_POINT('Control Point',(0.717071388393,-47.0555479883,-16.4986046113)) ;
#7882=CARTESIAN_POINT('Control Point',(2.00000185721,-52.2238345858,-16.8066198156)) ;
#7883=CARTESIAN_POINT('Control Point',(1.67557127362,-52.1863841233,-16.8216000224)) ;
#7884=CARTESIAN_POINT('Control Point',(1.35113458262,-52.1245319284,-16.7755776192)) ;
#7885=CARTESIAN_POINT('Control Point',(1.04445742977,-52.0401651475,-16.6676784975)) ;
#7886=CARTESIAN_POINT('Control Point',(0.501895551965,-51.8358456045,-16.340623295)) ;
#7887=CARTESIAN_POINT('Control Point',(0.14964633853,-51.5849665656,-15.8368672104)) ;
#7888=CARTESIAN_POINT('Control Point',(0.0334354346865,-51.454000689,-15.5521246067)) ;
#7889=CARTESIAN_POINT('Control Point',(-0.0161322073737,-51.3249799144,-15.250892685)) ;
#7890=CARTESIAN_POINT('Control Point',(1.96882575621E-006,-51.2044894185,-14.9496664339)) ;
#7891=CARTESIAN_POINT('Control Point',(2.00000056476,-56.0957281449,-15.257862392)) ;
#7892=CARTESIAN_POINT('Control Point',(1.68584129335,-56.0957281167,-15.2578624099)) ;
#7893=CARTESIAN_POINT('Control Point',(1.3716770447,-56.0728239832,-15.2006021647)) ;
#7894=CARTESIAN_POINT('Control Point',(1.07368339339,-56.0269813181,-15.0859955859)) ;
#7895=CARTESIAN_POINT('Control Point',(0.542178869413,-55.8943680241,-14.7544625007)) ;
#7896=CARTESIAN_POINT('Control Point',(0.18510681595,-55.6969721554,-14.2609729293)) ;
#7897=CARTESIAN_POINT('Control Point',(0.0616717553723,-55.5863000755,-13.9842927645)) ;
#7898=CARTESIAN_POINT('Control Point',(5.85178277612E-007,-55.4696223935,-13.6925985767)) ;
#7899=CARTESIAN_POINT('Control Point',(6.04470972387E-007,-55.3529465669,-13.4009090102)) ;
#7901=CARTESIAN_POINT('Control Point',(2.00000056476,-56.0957281449,-15.257862392)) ;
#7902=CARTESIAN_POINT('Control Point',(1.37168202195,-56.0957280884,-15.2578624278)) ;
#7903=CARTESIAN_POINT('Control Point',(0.742777253712,-56.0043547737,-15.0294293181)) ;
#7904=CARTESIAN_POINT('Control Point',(0.246030549614,-55.8198676197,-14.5682115729)) ;
#7905=CARTESIAN_POINT('Control Point',(5.65885584178E-007,-55.5862982201,-13.9842881433)) ;
#7906=CARTESIAN_POINT('Control Point',(6.04470972609E-007,-55.3529465669,-13.4009090102)) ;
#7907=CARTESIAN_POINT('Vertex',(0.,-55.3529525035,-13.4009090102)) ;
#7911=CARTESIAN_POINT('Control Point',(7.01866662174,-36.0693244943,-20.600127935)) ;
#7912=CARTESIAN_POINT('Control Point',(5.87906672585,-37.4274500065,-20.0930944237)) ;
#7913=CARTESIAN_POINT('Control Point',(4.84544460238,-38.8630251028,-19.5571463798)) ;
#7914=CARTESIAN_POINT('Control Point',(3.9237835848,-40.3648719541,-18.9964568494)) ;
#7915=CARTESIAN_POINT('Control Point',(1.98594013167,-44.1093383217,-17.598522614)) ;
#7916=CARTESIAN_POINT('Control Point',(0.734356773699,-48.1101047328,-16.1049033292)) ;
#7917=CARTESIAN_POINT('Control Point',(0.24476514424,-50.5053768731,-15.2106684504)) ;
#7918=CARTESIAN_POINT('Control Point',(1.40158412083E-006,-52.929244372,-14.3057578812)) ;
#7919=CARTESIAN_POINT('Control Point',(6.04470978451E-007,-55.3529465669,-13.4009090102)) ;
#7928=CARTESIAN_POINT('Axis2P3D Location',(2.,-70.3926509095,-7.38502736329)) ;
#7933=CARTESIAN_POINT('Line Origine',(1.99840144433E-015,-70.3926509095,-7.38502736329)) ;
#7945=CARTESIAN_POINT('Axis2P3D Location',(28.1883069138,-1.7763568394E-015,3.5527136788E-015)) ;
#7950=CARTESIAN_POINT('Axis2P3D Location',(26.1883069138,-1.7763568394E-015,3.5527136788E-015)) ;
#7954=CARTESIAN_POINT('Vertex',(26.1883069138,0.,-33.)) ;
#7957=CARTESIAN_POINT('Axis2P3D Location',(26.1883069138,-1.7763568394E-015,3.5527136788E-015)) ;
#7971=CARTESIAN_POINT('Axis2P3D Location',(28.1883069138,7.28306304154E-014,252.661703181)) ;
#7976=CARTESIAN_POINT('Axis2P3D Location',(26.1883069138,7.28306304154E-014,252.661703181)) ;
#7980=CARTESIAN_POINT('Vertex',(26.1883069138,0.,50.6617031814)) ;
#7983=CARTESIAN_POINT('Axis2P3D Location',(26.1883069138,7.28306304154E-014,252.661703181)) ;
#7997=CARTESIAN_POINT('Axis2P3D Location',(0.,-52.,0.582307810035)) ;
#8002=CARTESIAN_POINT('Line Origine',(2.51644310691,-52.,2.19785725218)) ;
#8006=CARTESIAN_POINT('Vertex',(2.51644309894,-52.,3.81340669432)) ;
#8008=CARTESIAN_POINT('Vertex',(2.51644310691,-52.,0.582307810035)) ;
#8011=CARTESIAN_POINT('Line Origine',(18.7027798417,-52.,0.582307810035)) ;
#8016=CARTESIAN_POINT('Line Origine',(18.7027798417,-52.,3.81340669432)) ;
#8028=CARTESIAN_POINT('Axis2P3D Location',(0.,-58.,3.81340669432)) ;
#8034=CARTESIAN_POINT('Control Point',(2.00187625199,-55.7716559514,9.38426684344)) ;
#8035=CARTESIAN_POINT('Control Point',(2.02192487811,-54.4725507909,8.8646247818)) ;
#8036=CARTESIAN_POINT('Control Point',(2.17262211874,-53.3168751504,7.96210492699)) ;
#8037=CARTESIAN_POINT('Control Point',(2.40120577261,-52.4437878032,6.72603123289)) ;
#8038=CARTESIAN_POINT('Control Point',(2.51644357364,-52.,5.2688457953)) ;
#8039=CARTESIAN_POINT('Control Point',(2.51644309894,-52.,3.81340669432)) ;
#8040=CARTESIAN_POINT('Vertex',(2.00187579551,-55.7716559419,9.38426683963)) ;
#8043=CARTESIAN_POINT('Line Origine',(0.,-55.7716559419,9.38426683963)) ;
#8055=CARTESIAN_POINT('Axis2P3D Location',(0.,-58.,0.582307810035)) ;
#8061=CARTESIAN_POINT('Control Point',(2.51644310691,-52.,0.582307810035)) ;
#8062=CARTESIAN_POINT('Control Point',(2.51644310691,-52.,-0.92715273401)) ;
#8063=CARTESIAN_POINT('Control Point',(2.39229888144,-52.4777277471,-2.43883447597)) ;
#8064=CARTESIAN_POINT('Control Point',(2.1469897714,-53.4156125019,-3.70339659825)) ;
#8065=CARTESIAN_POINT('Control Point',(2.00000671544,-54.6468733741,-4.60011983675)) ;
#8066=CARTESIAN_POINT('Control Point',(2.00000135068,-56.014715095,-5.07972749948)) ;
#8067=CARTESIAN_POINT('Vertex',(2.00000135068,-56.014715095,-5.07972749948)) ;
#8070=CARTESIAN_POINT('Axis2P3D Location',(2.,-58.,0.582307810035)) ;
#8074=CARTESIAN_POINT('Vertex',(2.,-60.2283440581,-4.98855233528)) ;
#8077=CARTESIAN_POINT('Line Origine',(0.,-60.2283440581,-4.98855233528)) ;
#8090=CARTESIAN_POINT('Axis2P3D Location',(0.,-55.7716559419,9.38426683963)) ;
#8095=CARTESIAN_POINT('Line Origine',(2.,-58.6214695719,10.5241922916)) ;
#8099=CARTESIAN_POINT('Vertex',(2.,-61.1472052875,11.5344865779)) ;
#8101=CARTESIAN_POINT('Vertex',(2.,-56.0957338562,9.51389800535)) ;
#8105=CARTESIAN_POINT('Control Point',(2.00000030081,-56.0957338562,9.51389800535)) ;
#8106=CARTESIAN_POINT('Control Point',(2.00000029331,-56.0309171551,9.48797132493)) ;
#8107=CARTESIAN_POINT('Control Point',(2.00018783921,-55.9661003788,9.46204461442)) ;
#8108=CARTESIAN_POINT('Control Point',(2.00056293938,-55.9012841616,9.43611812752)) ;
#8109=CARTESIAN_POINT('Control Point',(2.0011255926,-55.8364691378,9.41019211799)) ;
#8110=CARTESIAN_POINT('Control Point',(2.00187579551,-55.7716559419,9.38426683963)) ;
#8112=CARTESIAN_POINT('Line Origine',(16.3435444409,-61.1472052875,11.5344865779)) ;
#8125=CARTESIAN_POINT('Axis2P3D Location',(0.,-66.7277199346,-2.38880198468)) ;
#8130=CARTESIAN_POINT('Line Origine',(2.,-63.4780319964,-3.68867715998)) ;
#8134=CARTESIAN_POINT('Vertex',(2.,-66.7277199346,-2.38880198468)) ;
#8137=CARTESIAN_POINT('Line Origine',(16.,-66.7277199346,-2.38880198468)) ;
#8150=CARTESIAN_POINT('Axis2P3D Location',(0.,-63.3755493457,5.96362643258)) ;
#8155=CARTESIAN_POINT('Axis2P3D Location',(2.,-63.3755493457,5.96362643258)) ;
#8159=CARTESIAN_POINT('Vertex',(2.,-68.9386524731,8.21126599308)) ;
#8162=CARTESIAN_POINT('Line Origine',(0.,-68.9386524731,8.21126599308)) ;
#8175=CARTESIAN_POINT('Axis2P3D Location',(0.,-64.4993758765,3.18205816063)) ;
#8180=CARTESIAN_POINT('Axis2P3D Location',(2.,-64.4993758765,3.18205816063)) ;
#8184=CARTESIAN_POINT('Vertex',(2.,-70.0624790039,5.42969772112)) ;
#8187=CARTESIAN_POINT('Line Origine',(0.,-70.0624790039,5.42969772112)) ;
#8199=CARTESIAN_POINT('Axis2P3D Location',(0.,-68.9386524731,8.21126599308)) ;
#8204=CARTESIAN_POINT('Line Origine',(2.,-69.5005657385,6.8204818571)) ;
#8216=CARTESIAN_POINT('Axis2P3D Location',(-2.22044604925E-015,-133.,0.)) ;
#8221=CARTESIAN_POINT('Line Origine',(1.57772181044E-030,-55.3529525035,-10.1839894965)) ;
#8225=CARTESIAN_POINT('Vertex',(0.,-55.3529525035,-6.96707562859)) ;
#8228=CARTESIAN_POINT('Line Origine',(1.57772181044E-030,-55.3529525035,40.9864702598)) ;
#8233=CARTESIAN_POINT('Line Origine',(1.57772181044E-030,-55.3529525035,15.948246268)) ;
#8237=CARTESIAN_POINT('Vertex',(0.,-55.3529525035,11.3708513871)) ;
#8240=CARTESIAN_POINT('Line Origine',(-7.22276000458E-017,-57.8786882192,12.3811456734)) ;
#8244=CARTESIAN_POINT('Vertex',(-1.44455204467E-016,-60.4044240878,13.3914400209)) ;
#8247=CARTESIAN_POINT('Axis2P3D Location',(-2.29419456854E-016,-63.3755493457,5.96362643258)) ;
#8251=CARTESIAN_POINT('Vertex',(-4.41534332376E-016,-70.7930201822,8.96047917991)) ;
#8254=CARTESIAN_POINT('Line Origine',(-4.57603173761E-016,-71.3549334476,7.56969504393)) ;
#8258=CARTESIAN_POINT('Vertex',(-4.7367201518E-016,-71.9168467142,6.17891090493)) ;
#8261=CARTESIAN_POINT('Axis2P3D Location',(-2.61557139623E-016,-64.4993758765,3.18205816063)) ;
#8265=CARTESIAN_POINT('Vertex',(-3.46521396385E-016,-67.4705012873,-4.24575536646)) ;
#8268=CARTESIAN_POINT('Line Origine',(-2.53591182341E-016,-64.2208133491,-5.54563054175)) ;
#8272=CARTESIAN_POINT('Vertex',(-1.60660960045E-016,-60.9711251223,-6.84550583246)) ;
#8275=CARTESIAN_POINT('Axis2P3D Location',(-7.56967115341E-017,-58.,0.582307810035)) ;
#8300=CARTESIAN_POINT('Axis2P3D Location',(30.,-55.3529525035,0.)) ;
#8305=CARTESIAN_POINT('Line Origine',(7.01866670643,-36.0693242129,0.)) ;
#8310=CARTESIAN_POINT('Line Origine',(7.01866670643,-36.0693242129,0.)) ;
#8316=CARTESIAN_POINT('Control Point',(0.553331900265,-49.6176462498,0.582307810035)) ;
#8317=CARTESIAN_POINT('Control Point',(0.553331900265,-49.6176462498,-1.43030624869)) ;
#8318=CARTESIAN_POINT('Control Point',(0.420318246996,-50.3001022994,-3.44588392735)) ;
#8319=CARTESIAN_POINT('Control Point',(0.157491502474,-51.6399508414,-5.13194515157)) ;
#8320=CARTESIAN_POINT('Control Point',(-5.55111512313E-016,-53.3988884652,-6.32761105894)) ;
#8321=CARTESIAN_POINT('Control Point',(-6.93946887958E-031,-55.3529525035,-6.96707562859)) ;
#8322=CARTESIAN_POINT('Vertex',(0.553331900265,-49.6176462498,0.582307810035)) ;
#8325=CARTESIAN_POINT('Line Origine',(0.553331900265,-49.6176462498,0.)) ;
#8329=CARTESIAN_POINT('Vertex',(0.553331901478,-49.6176462435,3.81340670638)) ;
#8333=CARTESIAN_POINT('Control Point',(0.0020095214525,-55.0057245539,11.241224542)) ;
#8334=CARTESIAN_POINT('Control Point',(0.0234912131891,-53.1498613236,10.5483628904)) ;
#8335=CARTESIAN_POINT('Control Point',(0.184922780425,-51.4988861002,9.34502549915)) ;
#8336=CARTESIAN_POINT('Control Point',(0.429893977184,-50.2516188995,7.69687738551)) ;
#8337=CARTESIAN_POINT('Control Point',(0.553331828542,-49.617646618,5.75399146751)) ;
#8338=CARTESIAN_POINT('Control Point',(0.553331901478,-49.6176462435,3.81340670638)) ;
#8339=CARTESIAN_POINT('Vertex',(0.00200942677457,-55.0057327335,11.2412202214)) ;
#8343=CARTESIAN_POINT('Control Point',(1.06582494254E-014,-55.3529532753,11.3708493199)) ;
#8344=CARTESIAN_POINT('Control Point',(-2.97754438122E-009,-55.2372111086,11.3276388749)) ;
#8345=CARTESIAN_POINT('Control Point',(0.000669810288183,-55.1214686627,11.2844283296)) ;
#8346=CARTESIAN_POINT('Control Point',(0.00200942677457,-55.0057327335,11.2412202214)) ;
#8366=CARTESIAN_POINT('Axis2P3D Location',(2.,-63.3755493457,5.96362643258)) ;
#8371=CARTESIAN_POINT('Axis2P3D Location',(2.,-70.7930201936,8.96047915171)) ;
#8376=CARTESIAN_POINT('Axis2P3D Location',(2.,-60.4044240878,13.3914400209)) ;
#8388=CARTESIAN_POINT('Axis2P3D Location',(2.,-94.1764762517,26.9002608864)) ;
#8393=CARTESIAN_POINT('Axis2P3D Location',(2.,-55.3529525035,11.3708513871)) ;
#8406=CARTESIAN_POINT('Control Point',(3.2371802805E-007,-55.3529466608,11.3708493199)) ;
#8407=CARTESIAN_POINT('Control Point',(2.67726535572E-007,-55.586298414,10.7874701767)) ;
#8408=CARTESIAN_POINT('Control Point',(0.246740346979,-55.8196502127,10.2040910335)) ;
#8409=CARTESIAN_POINT('Control Point',(0.743363182634,-56.0040914731,9.74298830133)) ;
#8410=CARTESIAN_POINT('Control Point',(1.37168174201,-56.0957285928,9.51389588634)) ;
#8411=CARTESIAN_POINT('Control Point',(2.00000030147,-56.095728688,9.51389593808)) ;
#8412=CARTESIAN_POINT('Control Point',(3.30721527386E-007,-55.2372043938,11.3276388749)) ;
#8413=CARTESIAN_POINT('Control Point',(-0.000900014343056,-55.4707690076,10.7437275831)) ;
#8414=CARTESIAN_POINT('Control Point',(0.245389920179,-55.7052856089,10.1598162912)) ;
#8415=CARTESIAN_POINT('Control Point',(0.742216905403,-55.891718698,9.69852401054)) ;
#8416=CARTESIAN_POINT('Control Point',(1.37110860618,-55.9856127391,9.46984954418)) ;
#8417=CARTESIAN_POINT('Control Point',(2.00000030715,-55.9877025757,9.47068549317)) ;
#8418=CARTESIAN_POINT('Control Point',(0.000670155595504,-55.1214618583,11.2844283297)) ;
#8419=CARTESIAN_POINT('Control Point',(-0.00113294467299,-55.355229631,10.6999830912)) ;
#8420=CARTESIAN_POINT('Control Point',(0.244699487019,-55.590906546,10.1155378527)) ;
#8421=CARTESIAN_POINT('Control Point',(0.741719975611,-55.7793339954,9.65405561322)) ;
#8422=CARTESIAN_POINT('Control Point',(1.37117272572,-55.8754909107,9.42580081214)) ;
#8423=CARTESIAN_POINT('Control Point',(2.00062547615,-55.8796762125,9.42747494788)) ;
#8424=CARTESIAN_POINT('Control Point',(0.00200978516498,-55.0057258509,11.2412202214)) ;
#8425=CARTESIAN_POINT('Control Point',(-0.000698326257709,-55.2396869925,10.6562392502)) ;
#8426=CARTESIAN_POINT('Control Point',(0.244669341694,-55.4765196079,10.0712582791)) ;
#8427=CARTESIAN_POINT('Control Point',(0.741872637802,-55.6669438482,9.60958567851)) ;
#8428=CARTESIAN_POINT('Control Point',(1.37187421677,-55.7653695167,9.38175225388)) ;
#8429=CARTESIAN_POINT('Control Point',(2.00187579618,-55.7716559418,9.38426683961)) ;
#8431=CARTESIAN_POINT('Control Point',(0.00200978445469,-55.0057258509,11.2412202214)) ;
#8432=CARTESIAN_POINT('Control Point',(-0.000698326924574,-55.2396869926,10.6562392503)) ;
#8433=CARTESIAN_POINT('Control Point',(0.24394622322,-55.4767330276,10.0707038053)) ;
#8434=CARTESIAN_POINT('Control Point',(0.74127549056,-55.6672055137,9.6089142355)) ;
#8435=CARTESIAN_POINT('Control Point',(1.37187421613,-55.7653695168,9.38175225391)) ;
#8436=CARTESIAN_POINT('Control Point',(2.00187579551,-55.7716559419,9.38426683963)) ;
#8446=CARTESIAN_POINT('Control Point',(0.00201030610306,-55.0057256602,11.241224542)) ;
#8447=CARTESIAN_POINT('Control Point',(0.000656163607129,-55.1227061992,10.9487338309)) ;
#8448=CARTESIAN_POINT('Control Point',(0.0613068994127,-55.2404063288,10.65623841)) ;
#8449=CARTESIAN_POINT('Control Point',(0.184126831767,-55.3527708702,10.3788809907)) ;
#8450=CARTESIAN_POINT('Control Point',(0.540769468365,-55.5546396024,9.8845292086)) ;
#8451=CARTESIAN_POINT('Control Point',(1.07316662617,-55.6932647305,9.55337243415)) ;
#8452=CARTESIAN_POINT('Control Point',(1.37186950899,-55.7423394536,9.43932927405)) ;
#8453=CARTESIAN_POINT('Control Point',(1.68687541715,-55.7685122773,9.38301266667)) ;
#8454=CARTESIAN_POINT('Control Point',(2.00187625407,-55.7716554655,9.38427003631)) ;
#8455=CARTESIAN_POINT('Control Point',(0.0142726045518,-53.946300561,10.8457026728)) ;
#8456=CARTESIAN_POINT('Control Point',(0.00832452591398,-54.1032044512,10.5660673152)) ;
#8457=CARTESIAN_POINT('Control Point',(0.0655006185552,-54.2630317267,10.2864271962)) ;
#8458=CARTESIAN_POINT('Control Point',(0.186209469345,-54.4175514671,10.0215401051)) ;
#8459=CARTESIAN_POINT('Control Point',(0.541328088523,-54.6989781774,9.5505868046)) ;
#8460=CARTESIAN_POINT('Control Point',(1.07665785986,-54.9000141473,9.23834345217)) ;
#8461=CARTESIAN_POINT('Control Point',(1.37771414488,-54.9740827495,9.13228655121)) ;
#8462=CARTESIAN_POINT('Control Point',(1.69552030503,-55.017629977,9.08217205508)) ;
#8463=CARTESIAN_POINT('Control Point',(2.01332107026,-55.0300579562,9.08762863705)) ;
#8464=CARTESIAN_POINT('Control Point',(0.0725071635742,-52.9525589735,10.2837288655)) ;
#8465=CARTESIAN_POINT('Control Point',(0.0587113406128,-53.1482059374,10.0219324662)) ;
#8466=CARTESIAN_POINT('Control Point',(0.109862548436,-53.3489523502,9.7601311751)) ;
#8467=CARTESIAN_POINT('Control Point',(0.226796966576,-53.5442806519,9.51260323912)) ;
#8468=CARTESIAN_POINT('Control Point',(0.578848900315,-53.9020598001,9.074443974)) ;
#8469=CARTESIAN_POINT('Control Point',(1.1185336168,-54.1611162751,8.78928296284)) ;
#8470=CARTESIAN_POINT('Control Point',(1.42325070673,-54.2576441333,8.69487629083)) ;
#8471=CARTESIAN_POINT('Control Point',(1.74546508167,-54.315729568,8.65407289528)) ;
#8472=CARTESIAN_POINT('Control Point',(2.06767349304,-54.3344392347,8.66614861295)) ;
#8473=CARTESIAN_POINT('Control Point',(0.165021790221,-52.0649651783,9.5676186889)) ;
#8474=CARTESIAN_POINT('Control Point',(0.140843241702,-52.2972688051,9.32924865887)) ;
#8475=CARTESIAN_POINT('Control Point',(0.183940425241,-52.5368799202,9.09087358071)) ;
#8476=CARTESIAN_POINT('Control Point',(0.295758431852,-52.7708103492,8.86606217389)) ;
#8477=CARTESIAN_POINT('Control Point',(0.643491040485,-53.1998012629,8.47049040693)) ;
#8478=CARTESIAN_POINT('Control Point',(1.18868691997,-53.509924839,8.21957462041)) ;
#8479=CARTESIAN_POINT('Control Point',(1.49813732754,-53.6248876841,8.13954534795)) ;
#8480=CARTESIAN_POINT('Control Point',(1.82608207826,-53.6929746347,8.10976307298)) ;
#8481=CARTESIAN_POINT('Control Point',(2.15402008165,-53.7131227134,8.12906510186)) ;
#8482=CARTESIAN_POINT('Control Point',(0.34333060441,-50.7566848594,8.08104331504)) ;
#8483=CARTESIAN_POINT('Control Point',(0.29940579976,-51.0467609799,7.89655369892)) ;
#8484=CARTESIAN_POINT('Control Point',(0.32698424611,-51.3478403576,7.71205923825)) ;
#8485=CARTESIAN_POINT('Control Point',(0.428829583623,-51.6425165659,7.53884779742)) ;
#8486=CARTESIAN_POINT('Control Point',(0.768010703441,-52.1817315757,7.23736059323)) ;
#8487=CARTESIAN_POINT('Control Point',(1.3237359911,-52.5655577604,7.05509941125)) ;
#8488=CARTESIAN_POINT('Control Point',(1.64233704622,-52.7046946387,7.00123361084)) ;
#8489=CARTESIAN_POINT('Control Point',(1.98139384543,-52.7822188024,6.98813075202)) ;
#8490=CARTESIAN_POINT('Control Point',(2.32044208982,-52.7973274302,7.0141346022)) ;
#8491=CARTESIAN_POINT('Control Point',(0.485389771119,-49.9659476035,6.2894556739)) ;
#8492=CARTESIAN_POINT('Control Point',(0.425686314293,-50.2943744541,6.17926109655)) ;
#8493=CARTESIAN_POINT('Control Point',(0.440705493809,-50.6364262899,6.06906319754)) ;
#8494=CARTESIAN_POINT('Control Point',(0.534393247218,-50.9713169674,5.96591971743)) ;
#8495=CARTESIAN_POINT('Control Point',(0.866492064524,-51.5818975118,5.78771530656)) ;
#8496=CARTESIAN_POINT('Control Point',(1.43071060327,-52.0087788533,5.68358361435)) ;
#8497=CARTESIAN_POINT('Control Point',(1.75676850152,-52.1597725389,5.65459417997)) ;
#8498=CARTESIAN_POINT('Control Point',(2.10490450814,-52.238183577,5.65065315692)) ;
#8499=CARTESIAN_POINT('Control Point',(2.45303030843,-52.2438106443,5.67044309647)) ;
#8500=CARTESIAN_POINT('Control Point',(0.530722592709,-49.7337589803,5.4790615535)) ;
#8501=CARTESIAN_POINT('Control Point',(0.465870032047,-50.073996702,5.40424673772)) ;
#8502=CARTESIAN_POINT('Control Point',(0.47676327777,-50.4286865217,5.3294295648)) ;
#8503=CARTESIAN_POINT('Control Point',(0.567757629228,-50.7759370985,5.25946970556)) ;
#8504=CARTESIAN_POINT('Control Point',(0.897509959642,-51.4082085908,5.13888323638)) ;
#8505=CARTESIAN_POINT('Control Point',(1.4645316719,-51.8474768791,5.06919251315)) ;
#8506=CARTESIAN_POINT('Control Point',(1.7930594824,-52.0015094813,5.05018593869)) ;
#8507=CARTESIAN_POINT('Control Point',(2.14420568776,-52.0794244704,5.04832734083)) ;
#8508=CARTESIAN_POINT('Control Point',(2.49534109144,-52.0812789208,5.06264745344)) ;
#8509=CARTESIAN_POINT('Control Point',(0.553332110065,-49.6176464891,4.64620362818)) ;
#8510=CARTESIAN_POINT('Control Point',(0.485917109481,-49.9637738793,4.60880503917)) ;
#8511=CARTESIAN_POINT('Control Point',(0.494757937718,-50.324764864,4.5714052736)) ;
#8512=CARTESIAN_POINT('Control Point',(0.584412813362,-50.678178941,4.53643279832)) ;
#8513=CARTESIAN_POINT('Control Point',(0.912998260769,-51.3212737224,4.47614909066)) ;
#8514=CARTESIAN_POINT('Control Point',(1.48141362191,-51.7667434522,4.44130071862)) ;
#8515=CARTESIAN_POINT('Control Point',(1.81116925802,-51.9223092939,4.4317923038)) ;
#8516=CARTESIAN_POINT('Control Point',(2.16381182726,-52.0000001857,4.43085468157)) ;
#8517=CARTESIAN_POINT('Control Point',(2.51644330266,-52.0000001674,4.43800442687)) ;
#8518=CARTESIAN_POINT('Control Point',(0.553331891727,-49.6176462401,3.81340670638)) ;
#8519=CARTESIAN_POINT('Control Point',(0.485916911018,-49.9637736301,3.81340670548)) ;
#8520=CARTESIAN_POINT('Control Point',(0.494757755267,-50.3247646144,3.81340670458)) ;
#8521=CARTESIAN_POINT('Control Point',(0.584412641484,-50.6781786922,3.81340670373)) ;
#8522=CARTESIAN_POINT('Control Point',(0.912998098473,-51.3212734801,3.81340670228)) ;
#8523=CARTESIAN_POINT('Control Point',(1.48141344958,-51.7667432288,3.81340670144)) ;
#8524=CARTESIAN_POINT('Control Point',(1.81116907661,-51.9223090839,3.81340670121)) ;
#8525=CARTESIAN_POINT('Control Point',(2.1638116347,-51.9999999925,3.81340670119)) ;
#8526=CARTESIAN_POINT('Control Point',(2.51644309894,-51.9999999932,3.81340670136)) ;
#8528=CARTESIAN_POINT('Control Point',(0.553331891727,-49.6176462401,3.81340670638)) ;
#8529=CARTESIAN_POINT('Control Point',(0.418501930308,-50.3099010202,3.81340670458)) ;
#8530=CARTESIAN_POINT('Control Point',(0.587284010173,-51.0625922791,3.81340670277)) ;
#8531=CARTESIAN_POINT('Control Point',(1.10463907897,-51.6904338325,3.81340670145)) ;
#8532=CARTESIAN_POINT('Control Point',(1.81118017045,-51.9999999917,3.81340670102)) ;
#8533=CARTESIAN_POINT('Control Point',(2.51644309894,-51.9999999932,3.81340670136)) ;
#8542=CARTESIAN_POINT('Axis2P3D Location',(2.51644310691,-50.,18.8967944674)) ;
#8547=CARTESIAN_POINT('Axis2P3D Location',(2.51644310691,-50.,0.582307810035)) ;
#8560=CARTESIAN_POINT('Control Point',(0.553331900265,-49.6176462498,0.582307810035)) ;
#8561=CARTESIAN_POINT('Control Point',(0.485916918777,-49.9637736398,0.582307810035)) ;
#8562=CARTESIAN_POINT('Control Point',(0.494757762399,-50.3247646241,0.582307810035)) ;
#8563=CARTESIAN_POINT('Control Point',(0.584412648202,-50.6781787018,0.582307810035)) ;
#8564=CARTESIAN_POINT('Control Point',(0.912998104818,-51.3212734895,0.582307810035)) ;
#8565=CARTESIAN_POINT('Control Point',(1.48141345632,-51.7667432375,0.582307810035)) ;
#8566=CARTESIAN_POINT('Control Point',(1.8111690837,-51.9223090921,0.582307810035)) ;
#8567=CARTESIAN_POINT('Control Point',(2.16381164223,-52.,0.582307810035)) ;
#8568=CARTESIAN_POINT('Control Point',(2.51644310691,-52.,0.582307810035)) ;
#8569=CARTESIAN_POINT('Control Point',(0.553331900265,-49.6176462498,-0.0455801166976)) ;
#8570=CARTESIAN_POINT('Control Point',(0.485916918777,-49.9637736398,-0.0173834156509)) ;
#8571=CARTESIAN_POINT('Control Point',(0.494757762399,-50.3247646241,0.0108141724686)) ;
#8572=CARTESIAN_POINT('Control Point',(0.584412648202,-50.6781787018,0.0371817028083)) ;
#8573=CARTESIAN_POINT('Control Point',(0.912998104818,-51.3212734895,0.0826326603711)) ;
#8574=CARTESIAN_POINT('Control Point',(1.48141345632,-51.7667432375,0.108906622897)) ;
#8575=CARTESIAN_POINT('Control Point',(1.8111690837,-51.9223090921,0.116075501076)) ;
#8576=CARTESIAN_POINT('Control Point',(2.16381164223,-52.,0.116782422181)) ;
#8577=CARTESIAN_POINT('Control Point',(2.51644310691,-52.,0.111391864986)) ;
#8578=CARTESIAN_POINT('Control Point',(0.540477022067,-49.6836467936,-0.673467690199)) ;
#8579=CARTESIAN_POINT('Control Point',(0.474519109308,-50.0264256758,-0.617071811672)) ;
#8580=CARTESIAN_POINT('Control Point',(0.48452702482,-50.3838341167,-0.560674158295)) ;
#8581=CARTESIAN_POINT('Control Point',(0.57494358112,-50.7337439287,-0.507937055988)) ;
#8582=CARTESIAN_POINT('Control Point',(0.904192558696,-51.3706853553,-0.417032769839)) ;
#8583=CARTESIAN_POINT('Control Point',(1.4718154094,-51.8126302835,-0.364486396629)) ;
#8584=CARTESIAN_POINT('Control Point',(1.8008728363,-51.9673251969,-0.350150537021)) ;
#8585=CARTESIAN_POINT('Control Point',(2.15266449229,-52.0451446233,-0.34873954502)) ;
#8586=CARTESIAN_POINT('Control Point',(2.5044452206,-52.0462003807,-0.359524046142)) ;
#8587=CARTESIAN_POINT('Control Point',(0.514728684439,-49.815670003,-1.29181219563)) ;
#8588=CARTESIAN_POINT('Control Point',(0.45169734163,-50.1517334817,-1.20806588927)) ;
#8589=CARTESIAN_POINT('Control Point',(0.464050496696,-50.5019564183,-1.1243170087)) ;
#8590=CARTESIAN_POINT('Control Point',(0.555998112601,-50.8448389505,-1.04596292387)) ;
#8591=CARTESIAN_POINT('Control Point',(0.886580958872,-51.4694480123,-0.910729160929)) ;
#8592=CARTESIAN_POINT('Control Point',(1.45261021424,-51.9043500707,-0.832089588826)) ;
#8593=CARTESIAN_POINT('Control Point',(1.78026346831,-52.0573168628,-0.810392638156)) ;
#8594=CARTESIAN_POINT('Control Point',(2.13034377601,-52.1354175239,-0.807802857078)) ;
#8595=CARTESIAN_POINT('Control Point',(2.48041348945,-52.1386167291,-0.823282345374)) ;
#8596=CARTESIAN_POINT('Control Point',(0.398135865396,-50.4410604379,-3.21599896778)) ;
#8597=CARTESIAN_POINT('Control Point',(0.348173160871,-50.746172731,-3.04960827524)) ;
#8598=CARTESIAN_POINT('Control Point',(0.37095870597,-51.0633069936,-2.88321291646)) ;
#8599=CARTESIAN_POINT('Control Point',(0.469697514721,-51.3737633552,-2.72721246643)) ;
#8600=CARTESIAN_POINT('Control Point',(0.806185851303,-51.9411028051,-2.45660171004)) ;
#8601=CARTESIAN_POINT('Control Point',(1.3651469989,-52.34224174,-2.29550570102)) ;
#8602=CARTESIAN_POINT('Control Point',(1.68658457262,-52.48632976,-2.24913473992)) ;
#8603=CARTESIAN_POINT('Control Point',(2.02909354615,-52.5645801974,-2.24001412984)) ;
#8604=CARTESIAN_POINT('Control Point',(2.37159336269,-52.5763897071,-2.26642193996)) ;
#8605=CARTESIAN_POINT('Control Point',(0.206248238807,-51.6708730606,-4.87880771382)) ;
#8606=CARTESIAN_POINT('Control Point',(0.177512165872,-51.9193472207,-4.64944061298)) ;
#8607=CARTESIAN_POINT('Control Point',(0.217083878539,-52.1761004721,-4.42006831801)) ;
#8608=CARTESIAN_POINT('Control Point',(0.3266669896,-52.4270688906,-4.20406216006)) ;
#8609=CARTESIAN_POINT('Control Point',(0.672514467342,-52.8875484903,-3.82530458805)) ;
#8610=CARTESIAN_POINT('Control Point',(1.2201137832,-53.2204027911,-3.5886963261)) ;
#8611=CARTESIAN_POINT('Control Point',(1.53162593107,-53.3436364549,-3.51496887293)) ;
#8612=CARTESIAN_POINT('Control Point',(1.86206581682,-53.4163023253,-3.49038085451)) ;
#8613=CARTESIAN_POINT('Control Point',(2.19249860252,-53.4372592628,-3.51352956805)) ;
#8614=CARTESIAN_POINT('Control Point',(0.0751548461027,-52.7546759685,-5.82356659596)) ;
#8615=CARTESIAN_POINT('Control Point',(0.0605596155482,-52.9575352598,-5.56366631049)) ;
#8616=CARTESIAN_POINT('Control Point',(0.111117796268,-53.1658602781,-5.30376112329)) ;
#8617=CARTESIAN_POINT('Control Point',(0.227697316941,-53.3687839366,-5.0580946082)) ;
#8618=CARTESIAN_POINT('Control Point',(0.579497073491,-53.7410217806,-4.62351904714)) ;
#8619=CARTESIAN_POINT('Control Point',(1.11967703241,-54.0118152346,-4.34151492868)) ;
#8620=CARTESIAN_POINT('Control Point',(1.42478769119,-54.1132149936,-4.24854311597)) ;
#8621=CARTESIAN_POINT('Control Point',(1.74746904294,-54.1749308166,-4.2089916192)) ;
#8622=CARTESIAN_POINT('Control Point',(2.07014439888,-54.1959204263,-4.22209769657)) ;
#8623=CARTESIAN_POINT('Control Point',(5.32128236292E-006,-54.00851676,-6.52710886187)) ;
#8624=CARTESIAN_POINT('Control Point',(-0.0046533598573,-54.1627235972,-6.24512398007)) ;
#8625=CARTESIAN_POINT('Control Point',(0.053522967412,-54.3196967355,-5.96313436717)) ;
#8626=CARTESIAN_POINT('Control Point',(0.174872074518,-54.4713990682,-5.69594815048)) ;
#8627=CARTESIAN_POINT('Control Point',(0.530551519728,-54.7476892416,-5.22059934733)) ;
#8628=CARTESIAN_POINT('Control Point',(1.06524874612,-54.9452030298,-4.9045917416)) ;
#8629=CARTESIAN_POINT('Control Point',(1.36574968485,-55.0180704924,-4.79686628604)) ;
#8630=CARTESIAN_POINT('Control Point',(1.68288001638,-55.0610722312,-4.74535852234)) ;
#8631=CARTESIAN_POINT('Control Point',(2.00000504176,-55.0736096483,-4.74975480241)) ;
#8632=CARTESIAN_POINT('Control Point',(1.42239830828E-006,-55.3529542319,-6.96707562859)) ;
#8633=CARTESIAN_POINT('Control Point',(1.35844124265E-006,-55.456903511,-6.67061199834)) ;
#8634=CARTESIAN_POINT('Control Point',(0.0616724943572,-55.5608544335,-6.37414367118)) ;
#8635=CARTESIAN_POINT('Control Point',(0.185107533395,-55.6594548108,-6.09293510357)) ;
#8636=CARTESIAN_POINT('Control Point',(0.542179568823,-55.8353194398,-5.59136863914)) ;
#8637=CARTESIAN_POINT('Control Point',(1.07368411543,-55.9534676888,-5.25440942096)) ;
#8638=CARTESIAN_POINT('Control Point',(1.37167778594,-55.9943099553,-5.13792711591)) ;
#8639=CARTESIAN_POINT('Control Point',(1.68584205733,-56.0147157309,-5.07972973632)) ;
#8640=CARTESIAN_POINT('Control Point',(2.00000135068,-56.0147156904,-5.07972980047)) ;
#8642=CARTESIAN_POINT('Control Point',(1.42239830836E-006,-55.3529542319,-6.96707562859)) ;
#8643=CARTESIAN_POINT('Control Point',(1.29448417702E-006,-55.5608527902,-6.37414836808)) ;
#8644=CARTESIAN_POINT('Control Point',(0.246031230023,-55.7689453052,-5.78066790212)) ;
#8645=CARTESIAN_POINT('Control Point',(0.742777948327,-55.9333092275,-5.3119014621)) ;
#8646=CARTESIAN_POINT('Control Point',(1.37168276398,-56.0147157714,-5.07972967218)) ;
#8647=CARTESIAN_POINT('Control Point',(2.00000135068,-56.0147156904,-5.07972980047)) ;
#8656=CARTESIAN_POINT('Axis2P3D Location',(2.,-58.,0.582307810035)) ;
#8661=CARTESIAN_POINT('Axis2P3D Location',(2.,-60.9711251223,-6.84550583246)) ;
#8673=CARTESIAN_POINT('Axis2P3D Location',(2.,-94.1764762517,6.43663461932)) ;
#8678=CARTESIAN_POINT('Axis2P3D Location',(2.,-67.4705012873,-4.24575536646)) ;
#8690=CARTESIAN_POINT('Axis2P3D Location',(2.,-64.4993758765,3.18205816063)) ;
#8695=CARTESIAN_POINT('Axis2P3D Location',(2.,-71.9168467142,6.17891090493)) ;
#8707=CARTESIAN_POINT('Axis2P3D Location',(2.,-63.3163979944,27.4657684648)) ;
#8719=CARTESIAN_POINT('Axis2P3D Location',(0.,58.,0.582307810035)) ;
#8724=CARTESIAN_POINT('Axis2P3D Location',(2.,58.,0.582307810035)) ;
#8728=CARTESIAN_POINT('Vertex',(2.,60.2283440581,-4.98855233528)) ;
#8730=CARTESIAN_POINT('Vertex',(2.,56.0147143096,-5.07972722408)) ;
#8734=CARTESIAN_POINT('Control Point',(2.00000204849,56.0147143776,-5.07972724792)) ;
#8735=CARTESIAN_POINT('Control Point',(2.00000665256,54.6468908618,-4.60012577389)) ;
#8736=CARTESIAN_POINT('Control Point',(2.14698387128,53.4155243617,-3.70361278597)) ;
#8737=CARTESIAN_POINT('Control Point',(2.39236820564,52.4774924237,-2.43811065238)) ;
#8738=CARTESIAN_POINT('Control Point',(2.51643409241,52.,-0.927123778739)) ;
#8739=CARTESIAN_POINT('Control Point',(2.51644235631,52.,0.582307810035)) ;
#8740=CARTESIAN_POINT('Vertex',(2.51644235631,52.,0.582307810035)) ;
#8743=CARTESIAN_POINT('Line Origine',(0.,52.,0.582307810035)) ;
#8748=CARTESIAN_POINT('Line Origine',(0.,60.2283440581,-4.98855233528)) ;
#8761=CARTESIAN_POINT('Axis2P3D Location',(0.,66.7277199346,-2.38880198468)) ;
#8766=CARTESIAN_POINT('Line Origine',(16.,66.7277199346,-2.38880198468)) ;
#8770=CARTESIAN_POINT('Vertex',(2.,66.7277199346,-2.38880198468)) ;
#8773=CARTESIAN_POINT('Line Origine',(2.,63.4780319964,-3.68867715998)) ;
#8786=CARTESIAN_POINT('Axis2P3D Location',(0.,52.,0.582307810035)) ;
#8791=CARTESIAN_POINT('Line Origine',(18.7027798417,52.,3.81340669432)) ;
#8795=CARTESIAN_POINT('Vertex',(2.51644310691,52.,3.81340669432)) ;
#8798=CARTESIAN_POINT('Line Origine',(2.51644310691,52.,2.19785725218)) ;
#8810=CARTESIAN_POINT('Axis2P3D Location',(0.,64.4993758765,3.18205816063)) ;
#8815=CARTESIAN_POINT('Axis2P3D Location',(2.,64.4993758765,3.18205816063)) ;
#8819=CARTESIAN_POINT('Vertex',(2.,70.0624790039,5.42969772112)) ;
#8822=CARTESIAN_POINT('Line Origine',(0.,70.0624790039,5.42969772112)) ;
#8834=CARTESIAN_POINT('Axis2P3D Location',(0.,58.,3.81340669432)) ;
#8840=CARTESIAN_POINT('Control Point',(2.51643923678,52.,3.81340669433)) ;
#8841=CARTESIAN_POINT('Control Point',(2.51644420462,52.,5.26839655229)) ;
#8842=CARTESIAN_POINT('Control Point',(2.40118657072,52.4439373304,6.72703964451)) ;
#8843=CARTESIAN_POINT('Control Point',(2.17260559605,53.3169760455,7.96177722077)) ;
#8844=CARTESIAN_POINT('Control Point',(2.02192620493,54.472468495,8.86459186088)) ;
#8845=CARTESIAN_POINT('Control Point',(2.00187553922,55.7716559419,9.38426683963)) ;
#8846=CARTESIAN_POINT('Vertex',(2.00187553922,55.7716559419,9.38426683963)) ;
#8849=CARTESIAN_POINT('Line Origine',(0.,55.7716559419,9.38426683963)) ;
#8861=CARTESIAN_POINT('Axis2P3D Location',(0.,68.9386524731,8.21126599308)) ;
#8866=CARTESIAN_POINT('Line Origine',(16.,68.9386524731,8.21126599308)) ;
#8870=CARTESIAN_POINT('Vertex',(2.,68.9386524731,8.21126599308)) ;
#8873=CARTESIAN_POINT('Line Origine',(2.,69.5005657385,6.8204818571)) ;
#8885=CARTESIAN_POINT('Axis2P3D Location',(0.,55.7716559419,9.38426683963)) ;
#8890=CARTESIAN_POINT('Line Origine',(16.3435446511,61.1472052875,11.5344865779)) ;
#8894=CARTESIAN_POINT('Vertex',(2.,61.1472052875,11.5344865779)) ;
#8898=CARTESIAN_POINT('Control Point',(2.00000030075,56.0957279677,9.51389564998)) ;
#8899=CARTESIAN_POINT('Control Point',(2.00000030689,56.0309124449,9.48796944083)) ;
#8900=CARTESIAN_POINT('Control Point',(2.00018785959,55.9660968468,9.46204320162)) ;
#8901=CARTESIAN_POINT('Control Point',(2.00056295976,55.9012818078,9.43611718601)) ;
#8902=CARTESIAN_POINT('Control Point',(2.00112560615,55.8364679622,9.41019164777)) ;
#8903=CARTESIAN_POINT('Control Point',(2.00187579543,55.7716559445,9.38426684066)) ;
#8904=CARTESIAN_POINT('Vertex',(2.00000030075,56.0957279677,9.51389564998)) ;
#8907=CARTESIAN_POINT('Line Origine',(2.,58.6214695719,10.5241922916)) ;
#8920=CARTESIAN_POINT('Axis2P3D Location',(0.,63.3755493457,5.96362643258)) ;
#8925=CARTESIAN_POINT('Axis2P3D Location',(2.,63.3755493457,5.96362643258)) ;
#8938=CARTESIAN_POINT('Axis2P3D Location',(30.,55.3529525035,0.)) ;
#8943=CARTESIAN_POINT('Line Origine',(0.,55.3529525035,0.)) ;
#8947=CARTESIAN_POINT('Vertex',(3.16581888593E-015,55.3529525035,-6.96707226724)) ;
#8950=CARTESIAN_POINT('Line Origine',(7.01866670643,36.0693242129,0.)) ;
#8955=CARTESIAN_POINT('Line Origine',(7.01866670643,36.0693242129,0.)) ;
#8960=CARTESIAN_POINT('Line Origine',(0.,55.3529525035,0.)) ;
#8965=CARTESIAN_POINT('Line Origine',(0.,55.3529525035,0.)) ;
#8969=CARTESIAN_POINT('Vertex',(3.16581888593E-015,55.3529525035,11.3708490317)) ;
#8973=CARTESIAN_POINT('Control Point',(-2.16840434498E-019,55.3529525035,11.3708490317)) ;
#8974=CARTESIAN_POINT('Control Point',(-8.15387796345E-017,55.2372086728,11.3276379655)) ;
#8975=CARTESIAN_POINT('Control Point',(0.000669835503543,55.1214645629,11.284426799)) ;
#8976=CARTESIAN_POINT('Control Point',(0.00200949348702,55.0057269699,11.2412180697)) ;
#8977=CARTESIAN_POINT('Vertex',(0.0020095030664,55.0057261423,11.2412202611)) ;
#8981=CARTESIAN_POINT('Control Point',(0.553333004385,49.6176405809,3.81340669434)) ;
#8982=CARTESIAN_POINT('Control Point',(0.553331587425,49.617647856,5.75339366158)) ;
#8983=CARTESIAN_POINT('Control Point',(0.429848606803,50.2518385543,7.69820257525)) ;
#8984=CARTESIAN_POINT('Control Point',(0.184924644009,51.4990329173,9.34459830362)) ;
#8985=CARTESIAN_POINT('Control Point',(0.0234924634901,53.1497448151,10.548318785)) ;
#8986=CARTESIAN_POINT('Control Point',(0.0020095030664,55.0057261423,11.2412202611)) ;
#8987=CARTESIAN_POINT('Vertex',(0.553331900265,49.6176462498,3.81340669432)) ;
#8990=CARTESIAN_POINT('Line Origine',(0.553331900265,49.6176462498,0.)) ;
#8994=CARTESIAN_POINT('Vertex',(0.55333205179,49.6176454718,0.582308399762)) ;
#8998=CARTESIAN_POINT('Control Point',(7.80486786311E-014,55.352950359,-6.96707882044)) ;
#8999=CARTESIAN_POINT('Control Point',(1.39682212482E-007,53.3989115206,-6.32762512636)) ;
#9000=CARTESIAN_POINT('Control Point',(0.157485148008,51.639824447,-5.1322175088)) ;
#9001=CARTESIAN_POINT('Control Point',(0.420386301003,50.2997707591,-3.4449346484)) ;
#9002=CARTESIAN_POINT('Control Point',(0.553333753965,49.6176367323,-1.43026038874)) ;
#9003=CARTESIAN_POINT('Control Point',(0.55333205179,49.6176454718,0.582308399762)) ;
#9023=CARTESIAN_POINT('Axis2P3D Location',(3.24151559747E-015,58.,0.582307810035)) ;
#9027=CARTESIAN_POINT('Vertex',(3.32647985423E-015,60.9711254108,-6.84550571705)) ;
#9030=CARTESIAN_POINT('Line Origine',(3.41941006827E-015,64.2208133491,-5.54563054175)) ;
#9034=CARTESIAN_POINT('Vertex',(3.5123402824E-015,67.4705012903,-4.24575536524)) ;
#9037=CARTESIAN_POINT('Axis2P3D Location',(3.42737602556E-015,64.4993758765,3.18205816063)) ;
#9041=CARTESIAN_POINT('Vertex',(3.63949090108E-015,71.916846713,6.17891090795)) ;
#9044=CARTESIAN_POINT('Line Origine',(3.62342205969E-015,71.3549334476,7.56969504393)) ;
#9048=CARTESIAN_POINT('Vertex',(3.60735321581E-015,70.7930200948,8.96047939634)) ;
#9051=CARTESIAN_POINT('Axis2P3D Location',(3.39523834279E-015,63.3755493457,5.96362643258)) ;
#9055=CARTESIAN_POINT('Vertex',(3.31027408602E-015,60.4044239348,13.3914399597)) ;
#9058=CARTESIAN_POINT('Line Origine',(3.23804648598E-015,57.8786882192,12.3811456734)) ;
#9083=CARTESIAN_POINT('Axis2P3D Location',(2.,63.3163979944,27.4657684648)) ;
#9088=CARTESIAN_POINT('Axis2P3D Location',(2.,70.7930201822,8.96047917991)) ;
#9093=CARTESIAN_POINT('Axis2P3D Location',(2.,71.916846713,6.17891090795)) ;
#9105=CARTESIAN_POINT('Axis2P3D Location',(2.,64.4993758765,3.18205816063)) ;
#9110=CARTESIAN_POINT('Axis2P3D Location',(2.,67.4705012903,-4.24575536524)) ;
#9122=CARTESIAN_POINT('Axis2P3D Location',(2.,94.1764762517,6.43663461932)) ;
#9127=CARTESIAN_POINT('Axis2P3D Location',(2.,60.9711254108,-6.84550571705)) ;
#9139=CARTESIAN_POINT('Axis2P3D Location',(2.,58.,0.582307810035)) ;
#9144=CARTESIAN_POINT('Axis2P3D Location',(2.,55.3529525035,-6.96707226724)) ;
#9157=CARTESIAN_POINT('Control Point',(2.2295175135E-006,55.3529531334,-6.96707882044)) ;
#9158=CARTESIAN_POINT('Control Point',(2.07814747977E-006,55.4569024303,-6.67061500616)) ;
#9159=CARTESIAN_POINT('Control Point',(0.0616731446006,55.5608533728,-6.37414649497)) ;
#9160=CARTESIAN_POINT('Control Point',(0.185108136711,55.6594537698,-6.09293775762)) ;
#9161=CARTESIAN_POINT('Control Point',(0.54218012402,55.8353184316,-5.59137101061)) ;
#9162=CARTESIAN_POINT('Control Point',(1.07368470023,55.9534666936,-5.2544116583)) ;
#9163=CARTESIAN_POINT('Control Point',(1.37167840167,55.9943089598,-5.13792933216)) ;
#9164=CARTESIAN_POINT('Control Point',(1.68584271316,56.0147147276,-5.07973198067)) ;
#9165=CARTESIAN_POINT('Control Point',(2.00000204849,56.0147146727,-5.0797321182)) ;
#9166=CARTESIAN_POINT('Control Point',(5.57153774743E-006,54.054030511,-6.54200867478)) ;
#9167=CARTESIAN_POINT('Control Point',(-0.00449551396848,54.2065358931,-6.25953333805)) ;
#9168=CARTESIAN_POINT('Control Point',(0.0537990315531,54.3617139842,-5.97705327136)) ;
#9169=CARTESIAN_POINT('Control Point',(0.175218689285,54.5116185718,-5.70939207114)) ;
#9170=CARTESIAN_POINT('Control Point',(0.530945205429,54.7845088763,-5.2331552353)) ;
#9171=CARTESIAN_POINT('Control Point',(1.06553437664,54.9793357604,-4.91643808837)) ;
#9172=CARTESIAN_POINT('Control Point',(1.36595047158,55.0511190099,-4.8084161225)) ;
#9173=CARTESIAN_POINT('Control Point',(1.68298044154,55.0933557525,-4.75668190464)) ;
#9174=CARTESIAN_POINT('Control Point',(2.00000512166,55.1054686951,-4.76092943873)) ;
#9175=CARTESIAN_POINT('Control Point',(0.0701640150384,52.8396030176,-5.87093925983)) ;
#9176=CARTESIAN_POINT('Control Point',(0.0562290676796,53.0391781305,-5.60954587361)) ;
#9177=CARTESIAN_POINT('Control Point',(0.107292577248,53.2440374937,-5.34814759418)) ;
#9178=CARTESIAN_POINT('Control Point',(0.224188010442,53.4435033918,-5.10102723931)) ;
#9179=CARTESIAN_POINT('Control Point',(0.576244238871,53.8092584435,-4.66370137187)) ;
#9180=CARTESIAN_POINT('Control Point',(1.11606032341,54.075084035,-4.37941252409)) ;
#9181=CARTESIAN_POINT('Control Point',(1.42086544902,54.1745423417,-4.28545226533)) ;
#9182=CARTESIAN_POINT('Control Point',(1.74317900031,54.2349747061,-4.24510216615)) ;
#9183=CARTESIAN_POINT('Control Point',(2.06548658974,54.2553702555,-4.25762787002)) ;
#9184=CARTESIAN_POINT('Control Point',(0.19310793037,51.781411118,-4.97368922772)) ;
#9185=CARTESIAN_POINT('Control Point',(0.165807266493,52.0252252969,-4.74126395036)) ;
#9186=CARTESIAN_POINT('Control Point',(0.206495705331,52.2770309326,-4.50883351328)) ;
#9187=CARTESIAN_POINT('Control Point',(0.31679046845,52.5230917105,-4.28985505649)) ;
#9188=CARTESIAN_POINT('Control Point',(0.663242945044,52.9745619568,-3.90549773889)) ;
#9189=CARTESIAN_POINT('Control Point',(1.21008517935,53.3010909023,-3.66432296368)) ;
#9190=CARTESIAN_POINT('Control Point',(1.52094418085,53.4221040398,-3.5886557181)) ;
#9191=CARTESIAN_POINT('Control Point',(1.85059247317,53.4936630687,-3.56255630004)) ;
#9192=CARTESIAN_POINT('Control Point',(2.18023379924,53.5146348479,-3.58468923389)) ;
#9193=CARTESIAN_POINT('Control Point',(0.384666469402,50.5167302502,-3.34052630119)) ;
#9194=CARTESIAN_POINT('Control Point',(0.336197532293,50.8181889479,-3.16920049655)) ;
#9195=CARTESIAN_POINT('Control Point',(0.360171333339,51.1314203236,-2.99786995836)) ;
#9196=CARTESIAN_POINT('Control Point',(0.459681563572,51.4380446009,-2.8371912291)) ;
#9197=CARTESIAN_POINT('Control Point',(0.796839382625,51.9985762246,-2.55824885529)) ;
#9198=CARTESIAN_POINT('Control Point',(1.35499724829,52.3955872729,-2.39160424492)) ;
#9199=CARTESIAN_POINT('Control Point',(1.6757298273,52.5385275758,-2.34333978667)) ;
#9200=CARTESIAN_POINT('Control Point',(2.01738050598,52.6166709925,-2.33331738032)) ;
#9201=CARTESIAN_POINT('Control Point',(2.35902217383,52.6293590826,-2.35981814377)) ;
#9202=CARTESIAN_POINT('Control Point',(0.508765519153,49.8462282565,-1.42978694729)) ;
#9203=CARTESIAN_POINT('Control Point',(0.446410769383,50.18073884,-1.33994719655)) ;
#9204=CARTESIAN_POINT('Control Point',(0.459305968968,50.5293002057,-1.25010469468)) ;
#9205=CARTESIAN_POINT('Control Point',(0.551607384839,50.8705576236,-1.16604244853)) ;
#9206=CARTESIAN_POINT('Control Point',(0.882498439499,51.492314049,-1.02092701351)) ;
#9207=CARTESIAN_POINT('Control Point',(1.44815949418,51.925585125,-0.936460279275)) ;
#9208=CARTESIAN_POINT('Control Point',(1.77548834811,52.0781506836,-0.913114019589)) ;
#9209=CARTESIAN_POINT('Control Point',(2.12517330482,52.1563144255,-0.91025019059)) ;
#9210=CARTESIAN_POINT('Control Point',(2.47484774943,52.1600072623,-0.926763071149)) ;
#9211=CARTESIAN_POINT('Control Point',(0.538473157429,49.69384302,-0.767010285879)) ;
#9212=CARTESIAN_POINT('Control Point',(0.47274202279,50.0361039276,-0.706412322343)) ;
#9213=CARTESIAN_POINT('Control Point',(0.482931571395,50.3929581929,-0.645812451437)) ;
#9214=CARTESIAN_POINT('Control Point',(0.573466667332,50.7423260024,-0.589145997618)) ;
#9215=CARTESIAN_POINT('Control Point',(0.902818924695,51.3783159684,-0.491469074767)) ;
#9216=CARTESIAN_POINT('Control Point',(1.47031848861,51.819716657,-0.435009070231)) ;
#9217=CARTESIAN_POINT('Control Point',(1.79926728992,51.9742775309,-0.41960609898)) ;
#9218=CARTESIAN_POINT('Control Point',(2.15092656105,52.0521176865,-0.418091187178)) ;
#9219=CARTESIAN_POINT('Control Point',(2.50257493107,52.0533377095,-0.42968044574)) ;
#9220=CARTESIAN_POINT('Control Point',(0.553328128967,49.617640914,-0.0924263657329)) ;
#9221=CARTESIAN_POINT('Control Point',(0.485913513791,49.9637683298,-0.0621259105255)) ;
#9222=CARTESIAN_POINT('Control Point',(0.494754651919,50.3247593376,-0.0318245020612)) ;
#9223=CARTESIAN_POINT('Control Point',(0.584409731373,50.6781734592,-0.00348969142516)) ;
#9224=CARTESIAN_POINT('Control Point',(0.912995360991,51.3212684242,0.0453523620185)) ;
#9225=CARTESIAN_POINT('Control Point',(1.48141052242,51.7667385658,0.0735866300526)) ;
#9226=CARTESIAN_POINT('Control Point',(1.8111659794,51.9223046812,0.0812903823338)) ;
#9227=CARTESIAN_POINT('Control Point',(2.16380832945,51.9999959084,0.0820500522895)) ;
#9228=CARTESIAN_POINT('Control Point',(2.51643958575,51.9999962625,0.0762573119491)) ;
#9229=CARTESIAN_POINT('Control Point',(0.553331095767,49.617645125,0.582308399762)) ;
#9230=CARTESIAN_POINT('Control Point',(0.485916192693,49.9637725201,0.582308380219)) ;
#9231=CARTESIAN_POINT('Control Point',(0.494757099373,50.3247635089,0.582308360676)) ;
#9232=CARTESIAN_POINT('Control Point',(0.584412026663,50.6781775955,0.582308342401)) ;
#9233=CARTESIAN_POINT('Control Point',(0.912997520403,51.3212724201,0.582308310899)) ;
#9234=CARTESIAN_POINT('Control Point',(1.48141283133,51.7667422515,0.582308292689)) ;
#9235=CARTESIAN_POINT('Control Point',(1.81116842228,51.9223081615,0.58230828772)) ;
#9236=CARTESIAN_POINT('Control Point',(2.16381093622,51.9999991375,0.58230828723)) ;
#9237=CARTESIAN_POINT('Control Point',(2.51644235631,51.9999992131,0.582308290966)) ;
#9239=CARTESIAN_POINT('Control Point',(0.553331095767,49.617645125,0.582308399762)) ;
#9240=CARTESIAN_POINT('Control Point',(0.418501289618,50.3098999152,0.582308360676)) ;
#9241=CARTESIAN_POINT('Control Point',(0.587283465011,51.0625911816,0.58230832152)) ;
#9242=CARTESIAN_POINT('Control Point',(1.1046385139,51.690432782,0.582308292848)) ;
#9243=CARTESIAN_POINT('Control Point',(1.81117951613,51.9999990619,0.582308283494)) ;
#9244=CARTESIAN_POINT('Control Point',(2.51644235631,51.9999992131,0.582308290966)) ;
#9253=CARTESIAN_POINT('Axis2P3D Location',(2.51644310691,50.,18.8967900998)) ;
#9258=CARTESIAN_POINT('Axis2P3D Location',(2.51644310691,50.,3.81340669432)) ;
#9271=CARTESIAN_POINT('Control Point',(0.553327753341,49.6176386247,3.81340669434)) ;
#9272=CARTESIAN_POINT('Control Point',(0.485913216549,49.9637660928,3.81340671937)) ;
#9273=CARTESIAN_POINT('Control Point',(0.494754416867,50.3247571555,3.81340674441)) ;
#9274=CARTESIAN_POINT('Control Point',(0.584409536121,50.6781713363,3.81340676781)) ;
#9275=CARTESIAN_POINT('Control Point',(0.912995198037,51.3212664314,3.81340680817)) ;
#9276=CARTESIAN_POINT('Control Point',(1.48141031171,51.7667367245,3.81340683149)) ;
#9277=CARTESIAN_POINT('Control Point',(1.81116572824,51.9223029205,3.81340683786)) ;
#9278=CARTESIAN_POINT('Control Point',(2.16380802942,51.99999423,3.81340683849)) ;
#9279=CARTESIAN_POINT('Control Point',(2.51643923678,51.9999946631,3.8134068337)) ;
#9280=CARTESIAN_POINT('Control Point',(0.553330714411,49.6176440711,4.89406198488)) ;
#9281=CARTESIAN_POINT('Control Point',(0.485915860827,49.9637714893,4.84553281581)) ;
#9282=CARTESIAN_POINT('Control Point',(0.494756807609,50.3247625019,4.79700212001)) ;
#9283=CARTESIAN_POINT('Control Point',(0.584411761732,50.6781766146,4.75162112133)) ;
#9284=CARTESIAN_POINT('Control Point',(0.912997280685,51.3212714992,4.67339573296)) ;
#9285=CARTESIAN_POINT('Control Point',(1.48141256797,51.7667414069,4.62817571612)) ;
#9286=CARTESIAN_POINT('Control Point',(1.81116813678,51.9223073593,4.61583736278)) ;
#9287=CARTESIAN_POINT('Control Point',(2.163810623,51.9999983807,4.61462063523)) ;
#9288=CARTESIAN_POINT('Control Point',(2.51644201476,51.9999985016,4.62389823571)) ;
#9289=CARTESIAN_POINT('Control Point',(0.51532627895,49.8131600792,5.97545010258)) ;
#9290=CARTESIAN_POINT('Control Point',(0.452225448679,50.1493662745,5.87829065744)) ;
#9291=CARTESIAN_POINT('Control Point',(0.464522448082,50.4997434981,5.78112814133)) ;
#9292=CARTESIAN_POINT('Control Point',(0.556433266207,50.8427765964,5.69027874047)) ;
#9293=CARTESIAN_POINT('Control Point',(0.886983970332,51.4676447531,5.53370730661)) ;
#9294=CARTESIAN_POINT('Control Point',(1.45305151628,51.9026760689,5.44327538712)) ;
#9295=CARTESIAN_POINT('Control Point',(1.78073859093,52.0556633743,5.41864044371)) ;
#9296=CARTESIAN_POINT('Control Point',(2.1308601401,52.1337349606,5.41628342321)) ;
#9297=CARTESIAN_POINT('Control Point',(2.48097109336,52.1368594865,5.43493887581)) ;
#9298=CARTESIAN_POINT('Control Point',(0.438692196189,50.2046305982,7.00783453978)) ;
#9299=CARTESIAN_POINT('Control Point',(0.384271251295,50.5209391344,6.86669445192)) ;
#9300=CARTESIAN_POINT('Control Point',(0.403520651508,50.8500227622,6.72555026507)) ;
#9301=CARTESIAN_POINT('Control Point',(0.49996865665,51.1722272327,6.5933398339)) ;
#9302=CARTESIAN_POINT('Control Point',(0.834472048388,51.7605318789,6.36448742667)) ;
#9303=CARTESIAN_POINT('Control Point',(1.39581963433,52.1746641725,6.22960455138)) ;
#9304=CARTESIAN_POINT('Control Point',(1.71934836626,52.3225157183,6.19146427948)) ;
#9305=CARTESIAN_POINT('Control Point',(2.06440213188,52.4014110885,6.18519677867)) ;
#9306=CARTESIAN_POINT('Control Point',(2.40944627556,52.4108894861,6.20922820292)) ;
#9307=CARTESIAN_POINT('Control Point',(0.269158449585,51.2125048968,8.70070850915)) ;
#9308=CARTESIAN_POINT('Control Point',(0.233282276185,51.4815635423,8.49313092583)) ;
#9309=CARTESIAN_POINT('Control Point',(0.267215981921,51.7602309377,8.28554835578)) ;
#9310=CARTESIAN_POINT('Control Point',(0.373163829328,52.0328245641,8.09029536225)) ;
#9311=CARTESIAN_POINT('Control Point',(0.715890091922,52.532373418,7.74890595214)) ;
#9312=CARTESIAN_POINT('Control Point',(1.26733774881,52.8908820517,7.53831305465)) ;
#9313=CARTESIAN_POINT('Control Point',(1.58220047931,53.0223062578,7.47398035147)) ;
#9314=CARTESIAN_POINT('Control Point',(1.91671131392,53.097809858,7.45466905047)) ;
#9315=CARTESIAN_POINT('Control Point',(2.25121437341,53.1164007012,7.47888255884)) ;
#9316=CARTESIAN_POINT('Control Point',(0.108128615396,52.6770408221,10.0255067484)) ;
#9317=CARTESIAN_POINT('Control Point',(0.0905471772187,52.8843903576,9.77222501704)) ;
#9318=CARTESIAN_POINT('Control Point',(0.138754018297,53.0975658474,9.51893833947)) ;
#9319=CARTESIAN_POINT('Control Point',(0.253810668391,53.3052155664,9.27965945151)) ;
#9320=CARTESIAN_POINT('Control Point',(0.604259335469,53.6855743191,8.85693362907)) ;
#9321=CARTESIAN_POINT('Control Point',(1.14592184908,53.9603637171,8.58409470083)) ;
#9322=CARTESIAN_POINT('Control Point',(1.45234934,54.0623582634,8.49482679252)) ;
#9323=CARTESIAN_POINT('Control Point',(1.77663789151,54.1230783841,8.45791614446)) ;
#9324=CARTESIAN_POINT('Control Point',(2.10092018381,54.1415764803,8.47248212979)) ;
#9325=CARTESIAN_POINT('Control Point',(0.0487472940143,53.4010867443,10.5272174634)) ;
#9326=CARTESIAN_POINT('Control Point',(0.0383001906449,53.5793213302,10.2576699233)) ;
#9327=CARTESIAN_POINT('Control Point',(0.0920192463912,53.7616800004,9.98811754348)) ;
#9328=CARTESIAN_POINT('Control Point',(0.21055887368,53.9386629489,9.73305002274)) ;
#9329=CARTESIAN_POINT('Control Point',(0.563905254636,54.2620813182,9.28065983757)) ;
#9330=CARTESIAN_POINT('Control Point',(1.10171274489,54.4949208266,8.98377692157)) ;
#9331=CARTESIAN_POINT('Control Point',(1.40485757713,54.5812547574,8.88433858473)) ;
#9332=CARTESIAN_POINT('Control Point',(1.72518042668,54.6326760223,8.83952606655)) ;
#9333=CARTESIAN_POINT('Control Point',(2.04549755477,54.6484086508,8.84876486807)) ;
#9334=CARTESIAN_POINT('Control Point',(0.0115255086865,54.1836053349,10.9342943913)) ;
#9335=CARTESIAN_POINT('Control Point',(0.00660648998041,54.3315666306,10.6517796512)) ;
#9336=CARTESIAN_POINT('Control Point',(0.064560917982,54.4819576742,10.3692601613)) ;
#9337=CARTESIAN_POINT('Control Point',(0.185742662288,54.6270349003,10.1015799213)) ;
#9338=CARTESIAN_POINT('Control Point',(0.541202675226,54.8906411017,9.62538572203)) ;
#9339=CARTESIAN_POINT('Control Point',(1.07587553984,55.0776974349,9.30890599505)) ;
#9340=CARTESIAN_POINT('Control Point',(1.37640465884,55.146167572,9.20106024745)) ;
#9341=CARTESIAN_POINT('Control Point',(1.6935835566,55.1858230565,9.14955650885)) ;
#9342=CARTESIAN_POINT('Control Point',(2.01075713131,55.1961713215,9.15407245367)) ;
#9343=CARTESIAN_POINT('Control Point',(0.00200950516273,55.0057261459,11.2412202611)) ;
#9344=CARTESIAN_POINT('Control Point',(0.000655456264676,55.122706667,10.9487297778)) ;
#9345=CARTESIAN_POINT('Control Point',(0.0613062653088,55.2404067774,10.6562345846)) ;
#9346=CARTESIAN_POINT('Control Point',(0.184126245575,55.3527713014,10.3788773758)) ;
#9347=CARTESIAN_POINT('Control Point',(0.540768927084,55.554640009,9.88452594667)) ;
#9348=CARTESIAN_POINT('Control Point',(1.07316604434,55.6932651398,9.55336934664)) ;
#9349=CARTESIAN_POINT('Control Point',(1.37186888945,55.7423398731,9.43932621841)) ;
#9350=CARTESIAN_POINT('Control Point',(1.68687475051,55.768512716,9.38300958356)) ;
#9351=CARTESIAN_POINT('Control Point',(2.00187553922,55.7716559312,9.3842668708)) ;
#9353=CARTESIAN_POINT('Control Point',(0.00200950516273,55.0057261459,11.2412202611)) ;
#9354=CARTESIAN_POINT('Control Point',(-0.000698592633381,55.2396871881,10.6562392944)) ;
#9355=CARTESIAN_POINT('Control Point',(0.243945967371,55.4767331236,10.070703854)) ;
#9356=CARTESIAN_POINT('Control Point',(0.741275237675,55.6672055326,9.60891428465)) ;
#9357=CARTESIAN_POINT('Control Point',(1.37187396181,55.7653695008,9.38175229632)) ;
#9358=CARTESIAN_POINT('Control Point',(2.00187553922,55.7716559312,9.3842668708)) ;
#9368=CARTESIAN_POINT('Control Point',(3.23717871842E-007,55.352945889,11.3708490317)) ;
#9369=CARTESIAN_POINT('Control Point',(2.61724447131E-007,55.5862976436,10.787469885)) ;
#9370=CARTESIAN_POINT('Control Point',(0.246740337967,55.8196494502,10.2040907383)) ;
#9371=CARTESIAN_POINT('Control Point',(0.743363174964,56.0040907238,9.74298800487)) ;
#9372=CARTESIAN_POINT('Control Point',(1.37168173814,56.0957278585,9.51389559266)) ;
#9373=CARTESIAN_POINT('Control Point',(2.00000030141,56.0957279677,9.51389564996)) ;
#9374=CARTESIAN_POINT('Control Point',(3.33698984001E-007,55.237201958,11.3276379656)) ;
#9375=CARTESIAN_POINT('Control Point',(-0.000900030322,55.4707665762,10.7437266625)) ;
#9376=CARTESIAN_POINT('Control Point',(0.245389894686,55.705283202,10.1598153594)) ;
#9377=CARTESIAN_POINT('Control Point',(0.74221688414,55.8917163331,9.69852307479)) ;
#9378=CARTESIAN_POINT('Control Point',(1.3711085969,55.9856104216,9.46984861723)) ;
#9379=CARTESIAN_POINT('Control Point',(2.00000030987,55.9877003023,9.4706845838)) ;
#9380=CARTESIAN_POINT('Control Point',(0.000670180810937,55.1214577585,11.284426799)) ;
#9381=CARTESIAN_POINT('Control Point',(-0.00113295143888,55.3552255384,10.6999815416)) ;
#9382=CARTESIAN_POINT('Control Point',(0.244699464022,55.5909024944,10.1155362842)) ;
#9383=CARTESIAN_POINT('Control Point',(0.741719959427,55.7793300144,9.65405403808)) ;
#9384=CARTESIAN_POINT('Control Point',(1.37117272936,55.8754870099,9.42579925186)) ;
#9385=CARTESIAN_POINT('Control Point',(2.00062549963,55.879672386,9.42747341727)) ;
#9386=CARTESIAN_POINT('Control Point',(0.00200985187776,55.0057200873,11.2412180697)) ;
#9387=CARTESIAN_POINT('Control Point',(-0.000698304612556,55.2396812385,10.6562370718)) ;
#9388=CARTESIAN_POINT('Control Point',(0.244669340186,55.4765139116,10.071256074)) ;
#9389=CARTESIAN_POINT('Control Point',(0.741872645379,55.6669382513,9.60958346397)) ;
#9390=CARTESIAN_POINT('Control Point',(1.37187425166,55.7653640327,9.38175006032)) ;
#9391=CARTESIAN_POINT('Control Point',(2.00187585838,55.7716505625,9.38426468788)) ;
#9393=CARTESIAN_POINT('Control Point',(3.23008060854E-007,55.3529458891,11.3708490317)) ;
#9394=CARTESIAN_POINT('Control Point',(2.61058184703E-007,55.5862976437,10.7874698851)) ;
#9395=CARTESIAN_POINT('Control Point',(0.246030235113,55.8198671689,10.2035464416)) ;
#9396=CARTESIAN_POINT('Control Point',(0.742776948807,56.0043544493,9.74232869154)) ;
#9397=CARTESIAN_POINT('Control Point',(1.3716817375,56.0957278586,9.51389559269)) ;
#9398=CARTESIAN_POINT('Control Point',(2.00000030075,56.0957279677,9.51389564998)) ;
#9407=CARTESIAN_POINT('Axis2P3D Location',(2.,94.1764762517,26.9002608864)) ;
#9412=CARTESIAN_POINT('Axis2P3D Location',(2.,60.4044239348,13.3914399597)) ;
#9424=CARTESIAN_POINT('Axis2P3D Location',(2.,63.3755493457,5.96362643258)) ;
#9436=CARTESIAN_POINT('Axis2P3D Location',(7.18830691381,6.30840217595,0.)) ;
#9442=CARTESIAN_POINT('Control Point',(26.1883069138,6.30840217595,-26.2526962459)) ;
#9443=CARTESIAN_POINT('Control Point',(26.1883069138,9.30577305525,-25.4566246658)) ;
#9444=CARTESIAN_POINT('Control Point',(25.5922971815,12.1792113802,-24.136377192)) ;
#9445=CARTESIAN_POINT('Control Point',(24.5312246113,14.6472284123,-22.4024849777)) ;
#9446=CARTESIAN_POINT('Control Point',(23.2275704683,16.7523022273,-20.4596599583)) ;
#9447=CARTESIAN_POINT('Control Point',(21.7431604955,18.5213558406,-18.3489639243)) ;
#9448=CARTESIAN_POINT('Vertex',(21.7431513331,18.52136676,-18.3489700669)) ;
#9450=CARTESIAN_POINT('Vertex',(26.1883069138,6.30840217595,-26.2526962459)) ;
#9453=CARTESIAN_POINT('Line Origine',(21.7431513331,18.52136676,0.)) ;
#9458=CARTESIAN_POINT('Line Origine',(26.1883069138,6.30840217595,0.)) ;
#9471=CARTESIAN_POINT('Axis2P3D Location',(26.1883069138,6.30840217595,0.)) ;
#9476=CARTESIAN_POINT('Line Origine',(26.1883069138,0.,-30.)) ;
#9480=CARTESIAN_POINT('Vertex',(26.1883069138,0.,-27.)) ;
#9483=CARTESIAN_POINT('Axis2P3D Location',(26.1883069138,-8.881784197E-016,7.1054273576E-015)) ;
#9495=CARTESIAN_POINT('Line Origine',(26.1883069138,-6.30840217595,-29.3220579269)) ;
#9499=CARTESIAN_POINT('Vertex',(26.1883069138,-6.30840217595,-26.2526962803)) ;
#9502=CARTESIAN_POINT('Axis2P3D Location',(26.1883069138,2.6645352591E-015,0.)) ;
#9514=CARTESIAN_POINT('Axis2P3D Location',(7.18830691381,-6.30840217595,0.)) ;
#9520=CARTESIAN_POINT('Control Point',(21.7431513331,-18.52136676,-18.3488841765)) ;
#9521=CARTESIAN_POINT('Control Point',(23.2281553419,-16.7516078975,-20.4604606558)) ;
#9522=CARTESIAN_POINT('Control Point',(24.5315029818,-14.646631649,-22.4030073214)) ;
#9523=CARTESIAN_POINT('Control Point',(25.5922094435,-12.1790541296,-24.1362781523)) ;
#9524=CARTESIAN_POINT('Control Point',(26.1883069856,-9.30553928146,-25.4566823396)) ;
#9525=CARTESIAN_POINT('Control Point',(26.1883069138,-6.308401721,-26.2526945674)) ;
#9526=CARTESIAN_POINT('Vertex',(21.7431513331,-18.52136676,-18.3488841765)) ;
#9529=CARTESIAN_POINT('Line Origine',(21.7431513331,-18.52136676,0.)) ;
#9542=CARTESIAN_POINT('Axis2P3D Location',(28.1883069138,7.1054273576E-015,1.06581410364E-014)) ;
#9547=CARTESIAN_POINT('Axis2P3D Location',(28.1883069138,6.30840217595,-26.2526962803)) ;
#9551=CARTESIAN_POINT('Vertex',(28.1883069031,5.84111310415,-24.3080521166)) ;
#9554=CARTESIAN_POINT('Axis2P3D Location',(28.1883069138,2.8088642523E-014,-27.)) ;
#9558=CARTESIAN_POINT('Vertex',(28.1883069138,2.55914890795E-008,-25.)) ;
#9561=CARTESIAN_POINT('Axis2P3D Location',(28.1883069138,7.1054273576E-015,1.06581410364E-014)) ;
#9573=CARTESIAN_POINT('Axis2P3D Location',(28.1883069138,-1.7763568394E-015,2.48689957516E-014)) ;
#9578=CARTESIAN_POINT('Axis2P3D Location',(28.1883069138,-6.30840217595,-26.2526962803)) ;
#9582=CARTESIAN_POINT('Vertex',(28.1883069138,-5.84111332449,-24.3080520637)) ;
#9585=CARTESIAN_POINT('Axis2P3D Location',(28.1883069138,-1.7763568394E-015,2.48689957516E-014)) ;
#9598=CARTESIAN_POINT('Control Point',(21.7431471327,-18.5214194607,-18.3488841765)) ;
#9599=CARTESIAN_POINT('Control Point',(21.8316063878,-18.4159995469,-18.1824626754)) ;
#9600=CARTESIAN_POINT('Control Point',(21.9423921782,-18.3293136025,-18.0160408921)) ;
#9601=CARTESIAN_POINT('Control Point',(22.0733627515,-18.2639294418,-17.8536624604)) ;
#9602=CARTESIAN_POINT('Control Point',(22.3691592898,-18.1790161266,-17.5450680562)) ;
#9603=CARTESIAN_POINT('Control Point',(22.7170124805,-18.1876351175,-17.2826551689)) ;
#9604=CARTESIAN_POINT('Control Point',(22.9000483868,-18.2157988599,-17.1664659552)) ;
#9605=CARTESIAN_POINT('Control Point',(23.087642035,-18.2671167203,-17.0681834632)) ;
#9606=CARTESIAN_POINT('Control Point',(23.2752353678,-18.3398150393,-16.9897077268)) ;
#9607=CARTESIAN_POINT('Control Point',(22.7191195279,-17.3582742988,-19.7366465679)) ;
#9608=CARTESIAN_POINT('Control Point',(22.8023090882,-17.2420247492,-19.5520601486)) ;
#9609=CARTESIAN_POINT('Control Point',(22.9128633686,-17.1456961515,-19.3674732826)) ;
#9610=CARTESIAN_POINT('Control Point',(23.0484315911,-17.072528456,-19.18801283)) ;
#9611=CARTESIAN_POINT('Control Point',(23.3617960436,-16.9766807499,-18.8495801953)) ;
#9612=CARTESIAN_POINT('Control Point',(23.7402998412,-16.9842040526,-18.5693313618)) ;
#9613=CARTESIAN_POINT('Control Point',(23.9410209851,-17.01442948,-18.4480668206)) ;
#9614=CARTESIAN_POINT('Control Point',(24.147481625,-17.0702537949,-18.349146729)) ;
#9615=CARTESIAN_POINT('Control Point',(24.3539417663,-17.1494618067,-18.274672853)) ;
#9616=CARTESIAN_POINT('Control Point',(23.6184487662,-16.0499768482,-21.0533331541)) ;
#9617=CARTESIAN_POINT('Control Point',(23.692834217,-15.9249431181,-20.8494470781)) ;
#9618=CARTESIAN_POINT('Control Point',(23.8003420385,-15.8202891312,-20.6455602874)) ;
#9619=CARTESIAN_POINT('Control Point',(23.9385285183,-15.7400063213,-20.4481311525)) ;
#9620=CARTESIAN_POINT('Control Point',(24.267098299,-15.6334232913,-20.0790755747)) ;
#9621=CARTESIAN_POINT('Control Point',(24.6764921578,-15.6379490517,-19.782766233)) ;
#9622=CARTESIAN_POINT('Control Point',(24.8955240949,-15.6688057378,-19.6581025375)) ;
#9623=CARTESIAN_POINT('Control Point',(25.1217313068,-15.7272354947,-19.5610547169)) ;
#9624=CARTESIAN_POINT('Control Point',(25.3479377173,-15.8105608408,-19.4938267528)) ;
#9625=CARTESIAN_POINT('Control Point',(24.4173629149,-14.5897961565,-22.2807233696)) ;
#9626=CARTESIAN_POINT('Control Point',(24.479287316,-14.4594691161,-22.0564494422)) ;
#9627=CARTESIAN_POINT('Control Point',(24.5806834181,-14.3489154736,-21.8321743887)) ;
#9628=CARTESIAN_POINT('Control Point',(24.7192117604,-14.2629167591,-21.6159592009)) ;
#9629=CARTESIAN_POINT('Control Point',(25.0600281735,-14.1464858972,-21.2157241399)) ;
#9630=CARTESIAN_POINT('Control Point',(25.5000093392,-14.1452904345,-20.9055092179)) ;
#9631=CARTESIAN_POINT('Control Point',(25.737735694,-14.1745692735,-20.77934422)) ;
#9632=CARTESIAN_POINT('Control Point',(25.9843421594,-14.2325845164,-20.6868961111)) ;
#9633=CARTESIAN_POINT('Control Point',(26.230947386,-14.3162240088,-20.630299672)) ;
#9634=CARTESIAN_POINT('Control Point',(25.420337451,-12.1193052856,-23.961394083)) ;
#9635=CARTESIAN_POINT('Control Point',(25.4588406968,-11.9915979547,-23.7051171122)) ;
#9636=CARTESIAN_POINT('Control Point',(25.5466028775,-11.8802388884,-23.4488379132)) ;
#9637=CARTESIAN_POINT('Control Point',(25.681940714,-11.7907912796,-23.2034648867)) ;
#9638=CARTESIAN_POINT('Control Point',(26.0356306442,-11.6637398873,-22.7562552873)) ;
#9639=CARTESIAN_POINT('Control Point',(26.5194034787,-11.6463595327,-22.4290657132)) ;
#9640=CARTESIAN_POINT('Control Point',(26.7848874971,-11.6666401701,-22.3037708352)) ;
#9641=CARTESIAN_POINT('Control Point',(27.0621943407,-11.714919158,-22.2223846305)) ;
#9642=CARTESIAN_POINT('Control Point',(27.3394987537,-11.7879437498,-22.1864758694)) ;
#9643=CARTESIAN_POINT('Control Point',(25.9839229228,-9.33553608265,-25.2541794125)) ;
#9644=CARTESIAN_POINT('Control Point',(26.000425381,-9.2287276122,-24.9702647054)) ;
#9645=CARTESIAN_POINT('Control Point',(26.0737654041,-9.13122819119,-24.6863463866)) ;
#9646=CARTESIAN_POINT('Control Point',(26.2032063986,-9.04819468553,-24.4160233801)) ;
#9647=CARTESIAN_POINT('Control Point',(26.561297246,-8.91939361252,-23.9296144231)) ;
#9648=CARTESIAN_POINT('Control Point',(27.0757964849,-8.87337519129,-23.591012455)) ;
#9649=CARTESIAN_POINT('Control Point',(27.3617438146,-8.87317709947,-23.4685889269)) ;
#9650=CARTESIAN_POINT('Control Point',(27.6620781774,-8.89578143185,-23.399184601)) ;
#9651=CARTESIAN_POINT('Control Point',(27.9624087175,-8.93905720533,-23.3834995256)) ;
#9652=CARTESIAN_POINT('Control Point',(26.1188798375,-8.34825733875,-25.6459740988)) ;
#9653=CARTESIAN_POINT('Control Point',(26.128467365,-8.25084404251,-25.3534293429)) ;
#9654=CARTESIAN_POINT('Control Point',(26.1970957509,-8.15991689967,-25.0608804941)) ;
#9655=CARTESIAN_POINT('Control Point',(26.324361234,-8.08032703207,-24.7827861937)) ;
#9656=CARTESIAN_POINT('Control Point',(26.6829793659,-7.95207538836,-24.2842520666)) ;
#9657=CARTESIAN_POINT('Control Point',(27.2059755353,-7.89473779635,-23.9423447922)) ;
#9658=CARTESIAN_POINT('Control Point',(27.4977286552,-7.8861101577,-23.8209816944)) ;
#9659=CARTESIAN_POINT('Control Point',(27.8046522869,-7.89795090639,-23.7554945232)) ;
#9660=CARTESIAN_POINT('Control Point',(28.1115716222,-7.9286842597,-23.7462723659)) ;
#9661=CARTESIAN_POINT('Control Point',(26.1883142501,-7.33573068505,-25.9798345169)) ;
#9662=CARTESIAN_POINT('Control Point',(26.1922831047,-7.24970765582,-25.6800021437)) ;
#9663=CARTESIAN_POINT('Control Point',(26.2569316683,-7.16701787729,-25.3801652515)) ;
#9664=CARTESIAN_POINT('Control Point',(26.382143858,-7.09203456135,-25.0955079192)) ;
#9665=CARTESIAN_POINT('Control Point',(26.74040242,-6.96544172899,-24.5867304551)) ;
#9666=CARTESIAN_POINT('Control Point',(27.2691871163,-6.89545858372,-24.2419964338)) ;
#9667=CARTESIAN_POINT('Control Point',(27.5650448045,-6.87712496688,-24.1214973301)) ;
#9668=CARTESIAN_POINT('Control Point',(27.8766822305,-6.87641348987,-24.0592613683)) ;
#9669=CARTESIAN_POINT('Control Point',(28.188314959,-6.89247276365,-24.0554023558)) ;
#9670=CARTESIAN_POINT('Control Point',(26.1883102241,-6.3083816576,-26.2526945674)) ;
#9671=CARTESIAN_POINT('Control Point',(26.1883101984,-6.23498032965,-25.9472305839)) ;
#9672=CARTESIAN_POINT('Control Point',(26.2499813746,-6.16157777246,-25.641761761)) ;
#9673=CARTESIAN_POINT('Control Point',(26.3734164538,-6.09195330672,-25.3520159663)) ;
#9674=CARTESIAN_POINT('Control Point',(26.7304885679,-5.96777025048,-24.8352224045)) ;
#9675=CARTESIAN_POINT('Control Point',(27.2619931903,-5.88434205106,-24.4880333793)) ;
#9676=CARTESIAN_POINT('Control Point',(27.5599868982,-5.85550190921,-24.3680147509)) ;
#9677=CARTESIAN_POINT('Control Point',(27.8741512075,-5.84109249264,-24.3080505147)) ;
#9678=CARTESIAN_POINT('Control Point',(28.1883105405,-5.84109215972,-24.3080505354)) ;
#9680=CARTESIAN_POINT('Control Point',(21.7431471327,-18.5214194607,-18.3488841765)) ;
#9681=CARTESIAN_POINT('Control Point',(21.9642952704,-18.2578696762,-17.9328304237)) ;
#9682=CARTESIAN_POINT('Control Point',(22.3357079462,-18.1189127359,-17.515392045)) ;
#9683=CARTESIAN_POINT('Control Point',(22.8062520358,-18.1580692419,-17.1858970677)) ;
#9684=CARTESIAN_POINT('Control Point',(23.2752353678,-18.3398150393,-16.9897077268)) ;
#9685=CARTESIAN_POINT('Vertex',(23.2752353678,-18.3398375516,-16.9897133166)) ;
#9689=CARTESIAN_POINT('Control Point',(23.2752353678,-18.3398150393,-16.9897077268)) ;
#9690=CARTESIAN_POINT('Control Point',(23.7232909146,-17.8453854435,-17.5234356745)) ;
#9691=CARTESIAN_POINT('Control Point',(24.1568065085,-17.3253333042,-18.0458810341)) ;
#9692=CARTESIAN_POINT('Control Point',(24.5737218672,-16.7791061055,-18.5556797752)) ;
#9693=CARTESIAN_POINT('Control Point',(25.5318247037,-15.3998787166,-19.7486371475)) ;
#9694=CARTESIAN_POINT('Control Point',(26.3641023807,-13.8642248814,-20.8478634986)) ;
#9695=CARTESIAN_POINT('Control Point',(26.8001061587,-12.9118627465,-21.4532916192)) ;
#9696=CARTESIAN_POINT('Control Point',(27.5094386507,-11.0103456737,-22.513122366)) ;
#9697=CARTESIAN_POINT('Control Point',(27.9624992067,-8.9389765393,-23.3836033091)) ;
#9698=CARTESIAN_POINT('Control Point',(28.1115699664,-7.92869548135,-23.7462683376)) ;
#9699=CARTESIAN_POINT('Control Point',(28.1883138224,-6.89248810983,-24.0553977776)) ;
#9700=CARTESIAN_POINT('Control Point',(28.1883105405,-5.84111162325,-24.3080458583)) ;
#9710=CARTESIAN_POINT('Control Point',(15.7074590009,-25.7144247806,-6.2172489379E-015)) ;
#9711=CARTESIAN_POINT('Control Point',(15.9318342045,-25.4470248256,-5.3290705182E-015)) ;
#9712=CARTESIAN_POINT('Control Point',(16.2145470285,-25.2285759464,-6.2172489379E-015)) ;
#9713=CARTESIAN_POINT('Control Point',(16.5414161864,-25.0761543549,-5.3290705182E-015)) ;
#9714=CARTESIAN_POINT('Control Point',(16.8904820368,-25.,-5.3290705182E-015)) ;
#9715=CARTESIAN_POINT('Control Point',(17.2395478872,-25.,-5.3290705182E-015)) ;
#9716=CARTESIAN_POINT('Control Point',(15.7074590009,-25.7144247806,-1.92816868572)) ;
#9717=CARTESIAN_POINT('Control Point',(15.9318342045,-25.4470248256,-1.89562740376)) ;
#9718=CARTESIAN_POINT('Control Point',(16.2145470285,-25.2285759464,-1.86308612179)) ;
#9719=CARTESIAN_POINT('Control Point',(16.5414161864,-25.0761543549,-1.83261410221)) ;
#9720=CARTESIAN_POINT('Control Point',(16.8904820368,-25.,-1.80625850852)) ;
#9721=CARTESIAN_POINT('Control Point',(17.2395478872,-25.,-1.78534137567)) ;
#9722=CARTESIAN_POINT('Control Point',(15.8518864797,-25.542302814,-3.85633696025)) ;
#9723=CARTESIAN_POINT('Control Point',(16.0751991518,-25.2761683392,-3.79125509085)) ;
#9724=CARTESIAN_POINT('Control Point',(16.3575648717,-25.0595852551,-3.72617322146)) ;
#9725=CARTESIAN_POINT('Control Point',(16.6846974076,-24.9097611741,-3.66522955801)) ;
#9726=CARTESIAN_POINT('Control Point',(17.0343363867,-24.836893351,-3.61251810557)) ;
#9727=CARTESIAN_POINT('Control Point',(17.3839753659,-24.8406278086,-3.57068258715)) ;
#9728=CARTESIAN_POINT('Control Point',(16.1407173622,-25.1980875721,-5.74635598839)) ;
#9729=CARTESIAN_POINT('Control Point',(16.3619073556,-24.9344844117,-5.64910691214)) ;
#9730=CARTESIAN_POINT('Control Point',(16.6435799337,-24.7216321658,-5.55185783589)) ;
#9731=CARTESIAN_POINT('Control Point',(16.9712386394,-24.5770013981,-5.46092093338)) ;
#9732=CARTESIAN_POINT('Control Point',(17.3220224439,-24.5107051833,-5.38253833334)) ;
#9733=CARTESIAN_POINT('Control Point',(17.6728062484,-24.5219098461,-5.3207001384)) ;
#9734=CARTESIAN_POINT('Control Point',(17.071771354,-24.0885006324,-9.78666577639)) ;
#9735=CARTESIAN_POINT('Control Point',(17.2860371367,-23.8331476309,-9.61946998866)) ;
#9736=CARTESIAN_POINT('Control Point',(17.5654243519,-23.6324379993,-9.45227420094)) ;
#9737=CARTESIAN_POINT('Control Point',(17.8947981581,-23.5046472693,-9.29667797784)) ;
#9738=CARTESIAN_POINT('Control Point',(18.2493291992,-23.4595100452,-9.16413655008)) ;
#9739=CARTESIAN_POINT('Control Point',(18.6038602402,-23.4945148554,-9.06172738906)) ;
#9740=CARTESIAN_POINT('Control Point',(18.5642843051,-22.3097929609,-13.3952568452)) ;
#9741=CARTESIAN_POINT('Control Point',(18.7670875028,-22.0681027216,-13.1621198712)) ;
#9742=CARTESIAN_POINT('Control Point',(19.0425772054,-21.8874037019,-12.9289828972)) ;
#9743=CARTESIAN_POINT('Control Point',(19.3747831139,-21.7870564301,-12.714071722)) ;
#9744=CARTESIAN_POINT('Control Point',(19.7355781526,-21.7756877805,-12.5353244715)) ;
#9745=CARTESIAN_POINT('Control Point',(20.0963731914,-21.8475629134,-12.4030158187)) ;
#9746=CARTESIAN_POINT('Control Point',(19.5241724309,-21.1658428385,-15.2160658474)) ;
#9747=CARTESIAN_POINT('Control Point',(19.7194359863,-20.9331395,-14.9481642323)) ;
#9748=CARTESIAN_POINT('Control Point',(19.9923108289,-20.765559764,-14.6802626172)) ;
#9749=CARTESIAN_POINT('Control Point',(20.3263762461,-20.6830672174,-14.4347563237)) ;
#9750=CARTESIAN_POINT('Control Point',(20.6913187816,-20.6933457163,-14.2336417804)) ;
#9751=CARTESIAN_POINT('Control Point',(21.0562613172,-20.7883498303,-14.0889499311)) ;
#9752=CARTESIAN_POINT('Control Point',(20.5905461027,-19.8949881841,-16.8662136899)) ;
#9753=CARTESIAN_POINT('Control Point',(20.7771645328,-19.6725849996,-16.5650963156)) ;
#9754=CARTESIAN_POINT('Control Point',(21.0469595053,-19.519975221,-16.2639789414)) ;
#9755=CARTESIAN_POINT('Control Point',(21.3831512139,-19.457639707,-15.9900001869)) ;
#9756=CARTESIAN_POINT('Control Point',(21.7528931014,-19.4918442024,-15.7697388984)) ;
#9757=CARTESIAN_POINT('Control Point',(22.1226349889,-19.611632781,-15.6168645277)) ;
#9758=CARTESIAN_POINT('Control Point',(21.7431513331,-18.52136676,-18.34897952)) ;
#9759=CARTESIAN_POINT('Control Point',(21.9200683953,-18.3105252155,-18.0161339798)) ;
#9760=CARTESIAN_POINT('Control Point',(22.1862966436,-18.1746246544,-17.6832884395)) ;
#9761=CARTESIAN_POINT('Control Point',(22.5248648801,-18.1344925764,-17.3829296146)) ;
#9762=CARTESIAN_POINT('Control Point',(22.9000525497,-18.194363106,-17.1467467858)) ;
#9763=CARTESIAN_POINT('Control Point',(23.2752402193,-18.339761092,-16.9897958519)) ;
#9765=CARTESIAN_POINT('Control Point',(15.7074590009,-25.7144247806,-4.83727641276E-015)) ;
#9766=CARTESIAN_POINT('Control Point',(15.7074590009,-25.7144247806,-1.92816868572)) ;
#9767=CARTESIAN_POINT('Control Point',(15.8518864797,-25.542302814,-3.85633696025)) ;
#9768=CARTESIAN_POINT('Control Point',(16.1407173622,-25.1980875721,-5.74635598839)) ;
#9769=CARTESIAN_POINT('Control Point',(17.071771354,-24.0885006324,-9.78666577639)) ;
#9770=CARTESIAN_POINT('Control Point',(18.5642843051,-22.3097929609,-13.3952568452)) ;
#9771=CARTESIAN_POINT('Control Point',(19.5241724309,-21.1658428385,-15.2160658474)) ;
#9772=CARTESIAN_POINT('Control Point',(20.5905461027,-19.8949881841,-16.8662136899)) ;
#9773=CARTESIAN_POINT('Control Point',(21.7431513331,-18.52136676,-18.34897952)) ;
#9774=CARTESIAN_POINT('Vertex',(15.7074590009,-25.7144247806,-7.1054273576E-015)) ;
#9778=CARTESIAN_POINT('Control Point',(15.7074590009,-25.7144247806,-4.83727641276E-015)) ;
#9779=CARTESIAN_POINT('Control Point',(15.9879280054,-25.3801748369,-4.76754392696E-015)) ;
#9780=CARTESIAN_POINT('Control Point',(16.3662353845,-25.1271752943,-4.6977079007E-015)) ;
#9781=CARTESIAN_POINT('Control Point',(16.8032155742,-25.,-4.63724867467E-015)) ;
#9782=CARTESIAN_POINT('Control Point',(17.2395478872,-25.,-4.5924254968E-015)) ;
#9783=CARTESIAN_POINT('Vertex',(17.2395478872,-25.,-2.83276944882E-014)) ;
#9787=CARTESIAN_POINT('Control Point',(17.2395478872,-25.,-4.5924254968E-015)) ;
#9788=CARTESIAN_POINT('Control Point',(17.2395478872,-25.,-1.78534137567)) ;
#9789=CARTESIAN_POINT('Control Point',(17.3839753659,-24.8406278086,-3.57068258715)) ;
#9790=CARTESIAN_POINT('Control Point',(17.6728062484,-24.5219098461,-5.3207001384)) ;
#9791=CARTESIAN_POINT('Control Point',(18.6038602402,-23.4945148554,-9.06172738906)) ;
#9792=CARTESIAN_POINT('Control Point',(20.0963731914,-21.8475629134,-12.4030158187)) ;
#9793=CARTESIAN_POINT('Control Point',(21.0562613172,-20.7883498303,-14.0889499311)) ;
#9794=CARTESIAN_POINT('Control Point',(22.1226349889,-19.611632781,-15.6168645277)) ;
#9795=CARTESIAN_POINT('Control Point',(23.2752402193,-18.339761092,-16.9897958519)) ;
#9805=CARTESIAN_POINT('Control Point',(15.7074590009,-25.7144247806,1.7763568394E-015)) ;
#9806=CARTESIAN_POINT('Control Point',(15.9318342045,-25.4470248256,8.881784197E-016)) ;
#9807=CARTESIAN_POINT('Control Point',(16.2145470285,-25.2285759464,1.7763568394E-015)) ;
#9808=CARTESIAN_POINT('Control Point',(16.5414161864,-25.0761543549,8.881784197E-016)) ;
#9809=CARTESIAN_POINT('Control Point',(16.8904820368,-25.,1.7763568394E-015)) ;
#9810=CARTESIAN_POINT('Control Point',(17.2395478872,-25.,2.6645352591E-015)) ;
#9811=CARTESIAN_POINT('Control Point',(15.7074590009,-25.7144247806,2.15756872355)) ;
#9812=CARTESIAN_POINT('Control Point',(15.9318342045,-25.4470248256,2.12115590723)) ;
#9813=CARTESIAN_POINT('Control Point',(16.2145470285,-25.2285759464,2.08474309091)) ;
#9814=CARTESIAN_POINT('Control Point',(16.5414161864,-25.0761543549,2.05064572335)) ;
#9815=CARTESIAN_POINT('Control Point',(16.8904820368,-25.,2.02115452527)) ;
#9816=CARTESIAN_POINT('Control Point',(17.2395478872,-25.,1.9977488181)) ;
#9817=CARTESIAN_POINT('Control Point',(15.8882967343,-25.4989107622,4.31513693225)) ;
#9818=CARTESIAN_POINT('Control Point',(16.1113414567,-25.2330953046,4.24231267213)) ;
#9819=CARTESIAN_POINT('Control Point',(16.393619632,-25.0169826154,4.16948841201)) ;
#9820=CARTESIAN_POINT('Control Point',(16.7208185866,-24.8678134245,4.1012944014)) ;
#9821=CARTESIAN_POINT('Control Point',(17.0706021036,-24.7957741692,4.04231142721)) ;
#9822=CARTESIAN_POINT('Control Point',(17.4203856205,-24.800449983,3.99549743063)) ;
#9823=CARTESIAN_POINT('Control Point',(16.2499356321,-25.0679263065,6.41887888677)) ;
#9824=CARTESIAN_POINT('Control Point',(16.4703227134,-24.8052799082,6.31016992815)) ;
#9825=CARTESIAN_POINT('Control Point',(16.75173311,-24.5938381513,6.20146096953)) ;
#9826=CARTESIAN_POINT('Control Point',(17.0795908403,-24.451171113,6.09984517744)) ;
#9827=CARTESIAN_POINT('Control Point',(17.4308076793,-24.3873601034,6.01233629133)) ;
#9828=CARTESIAN_POINT('Control Point',(17.7820245183,-24.4013901029,5.94340654921)) ;
#9829=CARTESIAN_POINT('Control Point',(17.2830195616,-23.8367448221,10.4018842676)) ;
#9830=CARTESIAN_POINT('Control Point',(17.4957009266,-23.583280356,10.2237633015)) ;
#9831=CARTESIAN_POINT('Control Point',(17.7745610599,-23.3853464699,10.0456423354)) ;
#9832=CARTESIAN_POINT('Control Point',(18.1043271066,-23.2613937796,9.88007470051)) ;
#9833=CARTESIAN_POINT('Control Point',(18.4597177772,-23.2210524375,9.73945360097)) ;
#9834=CARTESIAN_POINT('Control Point',(18.8151084478,-23.2614076412,9.63137415231)) ;
#9835=CARTESIAN_POINT('Control Point',(18.8484355521,-21.9711546915,13.9235841073)) ;
#9836=CARTESIAN_POINT('Control Point',(19.048998919,-21.7321332518,13.6803114452)) ;
#9837=CARTESIAN_POINT('Control Point',(19.3237095053,-21.5553287166,13.4370387832)) ;
#9838=CARTESIAN_POINT('Control Point',(19.6564676568,-21.4602759171,13.2132290855)) ;
#9839=CARTESIAN_POINT('Control Point',(20.0184960475,-21.4553121308,13.0280236271)) ;
#9840=CARTESIAN_POINT('Control Point',(20.3805244383,-21.5340089849,12.8922076733)) ;
#9841=CARTESIAN_POINT('Control Point',(19.7330083425,-20.9169618907,15.5363233651)) ;
#9842=CARTESIAN_POINT('Control Point',(19.9265744966,-20.6862789752,15.2619563651)) ;
#9843=CARTESIAN_POINT('Control Point',(20.1988435175,-20.5216356062,14.987589365)) ;
#9844=CARTESIAN_POINT('Control Point',(20.5333263201,-20.4430947536,14.736549164)) ;
#9845=CARTESIAN_POINT('Control Point',(20.8992117744,-20.4580575739,14.5317315248)) ;
#9846=CARTESIAN_POINT('Control Point',(21.2650972287,-20.5579046061,14.3854846206)) ;
#9847=CARTESIAN_POINT('Control Point',(20.7028451415,-19.7611554011,17.0106801562)) ;
#9848=CARTESIAN_POINT('Control Point',(20.8885183895,-19.5398787223,16.706471504)) ;
#9849=CARTESIAN_POINT('Control Point',(21.1579658642,-19.3888969662,16.4022628518)) ;
#9850=CARTESIAN_POINT('Control Point',(21.4943891125,-19.3287247559,16.1257138795)) ;
#9851=CARTESIAN_POINT('Control Point',(21.8646615701,-19.3654298925,15.9039013381)) ;
#9852=CARTESIAN_POINT('Control Point',(22.2349340278,-19.487713576,15.7506297615)) ;
#9853=CARTESIAN_POINT('Control Point',(21.7431513331,-18.52136676,18.3489795742)) ;
#9854=CARTESIAN_POINT('Control Point',(21.9200683913,-18.3105252076,18.0161340318)) ;
#9855=CARTESIAN_POINT('Control Point',(22.1862966381,-18.1746246407,17.6832884895)) ;
#9856=CARTESIAN_POINT('Control Point',(22.5248648756,-18.1344925603,17.3829296635)) ;
#9857=CARTESIAN_POINT('Control Point',(22.9000525474,-18.1943630915,17.1467468359)) ;
#9858=CARTESIAN_POINT('Control Point',(23.2752402193,-18.339761082,16.9897959054)) ;
#9860=CARTESIAN_POINT('Control Point',(15.7074590009,-25.7144247806,1.77573785876E-015)) ;
#9861=CARTESIAN_POINT('Control Point',(15.7074590009,-25.7144247806,2.15756872355)) ;
#9862=CARTESIAN_POINT('Control Point',(15.8882967343,-25.4989107622,4.31513693225)) ;
#9863=CARTESIAN_POINT('Control Point',(16.2499309426,-25.0679318953,6.41887199961)) ;
#9864=CARTESIAN_POINT('Control Point',(17.2432999937,-23.8840807598,10.2487372412)) ;
#9865=CARTESIAN_POINT('Control Point',(18.728833006,-22.1136914555,13.6520658111)) ;
#9866=CARTESIAN_POINT('Control Point',(19.5290960738,-21.1599750694,15.158563364)) ;
#9867=CARTESIAN_POINT('Control Point',(20.4786411055,-20.0283513666,16.664988773)) ;
#9868=CARTESIAN_POINT('Control Point',(21.5022789358,-18.8084273048,18.0350051938)) ;
#9869=CARTESIAN_POINT('Control Point',(21.5821411156,-18.7132512651,18.1404834647)) ;
#9870=CARTESIAN_POINT('Control Point',(21.6624343517,-18.6175615126,18.2451414061)) ;
#9871=CARTESIAN_POINT('Control Point',(21.7431513331,-18.52136676,18.3489795742)) ;
#9872=CARTESIAN_POINT('Vertex',(21.7431513331,-18.52136676,18.3489795742)) ;
#9876=CARTESIAN_POINT('Control Point',(21.7431513331,-18.52136676,18.3489795742)) ;
#9877=CARTESIAN_POINT('Control Point',(21.9642976558,-18.2578148195,17.9329226462)) ;
#9878=CARTESIAN_POINT('Control Point',(22.3357102279,-18.1188565465,17.5154810533)) ;
#9879=CARTESIAN_POINT('Control Point',(22.8062556295,-18.1580135939,17.1859845685)) ;
#9880=CARTESIAN_POINT('Control Point',(23.2752402193,-18.339761082,16.9897959054)) ;
#9881=CARTESIAN_POINT('Vertex',(23.2752402193,-18.33976112,16.9897958216)) ;
#9885=CARTESIAN_POINT('Control Point',(17.2395478872,-25.,1.53080849893E-015)) ;
#9886=CARTESIAN_POINT('Control Point',(17.2395478872,-25.,1.9977488181)) ;
#9887=CARTESIAN_POINT('Control Point',(17.4203856205,-24.800449983,3.99549743063)) ;
#9888=CARTESIAN_POINT('Control Point',(17.7820198288,-24.4013952848,5.94340017098)) ;
#9889=CARTESIAN_POINT('Control Point',(18.7753888799,-23.3052371915,9.48957136436)) ;
#9890=CARTESIAN_POINT('Control Point',(20.2609218922,-21.6659875045,12.6408018176)) ;
#9891=CARTESIAN_POINT('Control Point',(21.0611849601,-20.7829167766,14.0357068734)) ;
#9892=CARTESIAN_POINT('Control Point',(22.0107299917,-19.7351172225,15.4305451555)) ;
#9893=CARTESIAN_POINT('Control Point',(23.034367822,-18.6055578916,16.6990788835)) ;
#9894=CARTESIAN_POINT('Control Point',(23.1142300019,-18.5174319268,16.7967439499)) ;
#9895=CARTESIAN_POINT('Control Point',(23.1945232379,-18.4288303011,16.8936494522)) ;
#9896=CARTESIAN_POINT('Control Point',(23.2752402193,-18.339761082,16.9897959054)) ;
#9906=CARTESIAN_POINT('Control Point',(26.1883069023,-6.30840205267,26.2526962459)) ;
#9907=CARTESIAN_POINT('Control Point',(26.1883069012,-6.23500046153,25.9472322536)) ;
#9908=CARTESIAN_POINT('Control Point',(26.2499780863,-6.16159770706,25.6417634218)) ;
#9909=CARTESIAN_POINT('Control Point',(26.3734131576,-6.0919731233,25.3520176175)) ;
#9910=CARTESIAN_POINT('Control Point',(26.7304852238,-5.96779000161,24.835224033)) ;
#9911=CARTESIAN_POINT('Control Point',(27.2619897461,-5.88436206638,24.4880349779)) ;
#9912=CARTESIAN_POINT('Control Point',(27.5599833937,-5.85552213638,24.3680163324)) ;
#9913=CARTESIAN_POINT('Control Point',(27.874147637,-5.84111299985,24.3080520774)) ;
#9914=CARTESIAN_POINT('Control Point',(28.1883069031,-5.84111299806,24.3080520788)) ;
#9915=CARTESIAN_POINT('Control Point',(26.1883068012,-7.36566741508,25.9718968936)) ;
#9916=CARTESIAN_POINT('Control Point',(26.1923912657,-7.2792765852,25.6722284303)) ;
#9917=CARTESIAN_POINT('Control Point',(26.2571265364,-7.19631617015,25.3725554574)) ;
#9918=CARTESIAN_POINT('Control Point',(26.3823904485,-7.12117668855,25.0880462212)) ;
#9919=CARTESIAN_POINT('Control Point',(26.7406834451,-6.99451361639,24.5795020363)) ;
#9920=CARTESIAN_POINT('Control Point',(27.2693887231,-6.92492224266,24.2348393848)) ;
#9921=CARTESIAN_POINT('Control Point',(27.5651840839,-6.90689477879,24.1143262395)) ;
#9922=CARTESIAN_POINT('Control Point',(27.8767477896,-6.90658245504,24.0520240865)) ;
#9923=CARTESIAN_POINT('Control Point',(28.1883068038,-6.92310970399,24.0480526734)) ;
#9924=CARTESIAN_POINT('Control Point',(26.1147657479,-8.40735091302,25.6264589451)) ;
#9925=CARTESIAN_POINT('Control Point',(26.1246827127,-8.30927311202,25.3343407821)) ;
#9926=CARTESIAN_POINT('Control Point',(26.19354434,-8.21786545373,25.0422185512)) ;
#9927=CARTESIAN_POINT('Control Point',(26.3209299798,-8.13800692409,24.7645083901)) ;
#9928=CARTESIAN_POINT('Control Point',(26.6795684677,-8.009658687,24.2665736436)) ;
#9929=CARTESIAN_POINT('Control Point',(27.2022240766,-7.95305896783,23.9248312684)) ;
#9930=CARTESIAN_POINT('Control Point',(27.493735863,-7.94499760941,23.8034172159)) ;
#9931=CARTESIAN_POINT('Control Point',(27.8003823925,-7.95757064325,23.737739276)) ;
#9932=CARTESIAN_POINT('Control Point',(28.1070246445,-7.98916002637,23.7282026951)) ;
#9933=CARTESIAN_POINT('Control Point',(25.9719526611,-9.42186858272,25.2197535473)) ;
#9934=CARTESIAN_POINT('Control Point',(25.9890627726,-9.31424286262,24.9365968675)) ;
#9935=CARTESIAN_POINT('Control Point',(26.0628163716,-9.21617239598,24.6534366181)) ;
#9936=CARTESIAN_POINT('Control Point',(26.1924477085,-9.13284038134,24.3837962367)) ;
#9937=CARTESIAN_POINT('Control Point',(26.5504900144,-9.00399391139,23.8984524617)) ;
#9938=CARTESIAN_POINT('Control Point',(27.0642395948,-8.95896272506,23.5601411092)) ;
#9939=CARTESIAN_POINT('Control Point',(27.3496751277,-8.95949914915,23.4376246005)) ;
#9940=CARTESIAN_POINT('Control Point',(27.6494287853,-8.98304100015,23.367876328)) ;
#9941=CARTESIAN_POINT('Control Point',(27.9491786568,-9.02740912749,23.3516235666)) ;
#9942=CARTESIAN_POINT('Control Point',(25.3935155497,-12.1970094098,23.9138954984)) ;
#9943=CARTESIAN_POINT('Control Point',(25.4327843209,-12.06906054,23.658590037)) ;
#9944=CARTESIAN_POINT('Control Point',(25.5210177461,-11.9576001742,23.4032823877)) ;
#9945=CARTESIAN_POINT('Control Point',(25.656505642,-11.8681749672,23.1587897598)) ;
#9946=CARTESIAN_POINT('Control Point',(26.0098959776,-11.7413739935,22.7129779661)) ;
#9947=CARTESIAN_POINT('Control Point',(26.4924011368,-11.724592598,22.3862342452)) ;
#9948=CARTESIAN_POINT('Control Point',(26.7570660584,-11.7452437811,22.2608668003)) ;
#9949=CARTESIAN_POINT('Control Point',(27.033460752,-11.7939537503,22.1790898865)) ;
#9950=CARTESIAN_POINT('Control Point',(27.3098530667,-11.8674656109,22.1424959938)) ;
#9951=CARTESIAN_POINT('Control Point',(24.3810404237,-14.6559178398,22.2249839417)) ;
#9952=CARTESIAN_POINT('Control Point',(24.4435314559,-14.5258375431,22.001635817)) ;
#9953=CARTESIAN_POINT('Control Point',(24.5452056092,-14.4155572163,21.7782865847)) ;
#9954=CARTESIAN_POINT('Control Point',(24.6837185811,-14.3298217708,21.5629244642)) ;
#9955=CARTESIAN_POINT('Control Point',(25.0239784753,-14.2138412086,21.1641052512)) ;
#9956=CARTESIAN_POINT('Control Point',(25.4625691,-14.2129002748,20.8545217346)) ;
#9957=CARTESIAN_POINT('Control Point',(25.6994455236,-14.2422460691,20.7284248718)) ;
#9958=CARTESIAN_POINT('Control Point',(25.9451245174,-14.3002739271,20.6357678195)) ;
#9959=CARTESIAN_POINT('Control Point',(26.1908022756,-14.3838922173,20.5786885378)) ;
#9960=CARTESIAN_POINT('Control Point',(23.590375213,-16.0910273711,21.0121300818)) ;
#9961=CARTESIAN_POINT('Control Point',(23.6650372884,-15.9662644375,20.8088488329)) ;
#9962=CARTESIAN_POINT('Control Point',(23.7726415335,-15.8618676313,20.6055668779)) ;
#9963=CARTESIAN_POINT('Control Point',(23.9107470553,-15.7818052403,20.4087007786)) ;
#9964=CARTESIAN_POINT('Control Point',(24.2388426274,-15.6755563089,20.0406044111)) ;
#9965=CARTESIAN_POINT('Control Point',(24.6472708363,-15.6801790955,19.7447972677)) ;
#9966=CARTESIAN_POINT('Control Point',(24.8657301255,-15.711018869,19.620239369)) ;
#9967=CARTESIAN_POINT('Control Point',(25.0913196907,-15.7693708799,19.5231320424)) ;
#9968=CARTESIAN_POINT('Control Point',(25.3169084744,-15.8525717068,19.4556761738)) ;
#9969=CARTESIAN_POINT('Control Point',(22.7039735034,-17.376296432,19.7151514315)) ;
#9970=CARTESIAN_POINT('Control Point',(22.7872443751,-17.2602145804,19.5308462505)) ;
#9971=CARTESIAN_POINT('Control Point',(22.8978019281,-17.164035298,19.3465406252)) ;
#9972=CARTESIAN_POINT('Control Point',(23.0332986304,-17.0909881335,19.1673446535)) ;
#9973=CARTESIAN_POINT('Control Point',(23.3463903772,-16.9953097703,18.8293740405)) ;
#9974=CARTESIAN_POINT('Control Point',(23.7244188632,-17.002850102,18.54940149)) ;
#9975=CARTESIAN_POINT('Control Point',(23.9248658054,-17.0330436459,18.4282156229)) ;
#9976=CARTESIAN_POINT('Control Point',(24.1310339414,-17.0887982278,18.3293055251)) ;
#9977=CARTESIAN_POINT('Control Point',(24.3372015791,-17.1679054884,18.2547698341)) ;
#9978=CARTESIAN_POINT('Control Point',(21.743159234,-18.521371059,18.3489639243)) ;
#9979=CARTESIAN_POINT('Control Point',(21.8316179352,-18.4159504197,18.1825413401)) ;
#9980=CARTESIAN_POINT('Control Point',(21.9424034008,-18.3292638517,18.0161184736)) ;
#9981=CARTESIAN_POINT('Control Point',(22.0733738718,-18.263879211,17.853739023)) ;
#9982=CARTESIAN_POINT('Control Point',(22.3691705928,-18.1789652786,17.5451428381)) ;
#9983=CARTESIAN_POINT('Control Point',(22.7170245698,-18.1875843668,17.2827288835)) ;
#9984=CARTESIAN_POINT('Control Point',(22.9000609777,-18.2157483442,17.1665393645)) ;
#9985=CARTESIAN_POINT('Control Point',(23.0876551796,-18.2670666133,17.0682568308)) ;
#9986=CARTESIAN_POINT('Control Point',(23.275249062,-18.3397654846,16.9897813287)) ;
#9988=CARTESIAN_POINT('Control Point',(26.1883069023,-6.30840205267,26.2526962459)) ;
#9989=CARTESIAN_POINT('Control Point',(26.1883068012,-7.36566741508,25.9718968936)) ;
#9990=CARTESIAN_POINT('Control Point',(26.1147657479,-8.40735091302,25.6264589451)) ;
#9991=CARTESIAN_POINT('Control Point',(25.9720155979,-9.42179137098,25.2198412238)) ;
#9992=CARTESIAN_POINT('Control Point',(25.4928382462,-11.720190626,24.1381960439)) ;
#9993=CARTESIAN_POINT('Control Point',(24.716334331,-13.801284656,22.7943270453)) ;
#9994=CARTESIAN_POINT('Control Point',(24.1903576847,-14.9156784801,21.9516902435)) ;
#9995=CARTESIAN_POINT('Control Point',(23.3890435057,-16.3206961642,20.7297925715)) ;
#9996=CARTESIAN_POINT('Control Point',(22.4923972276,-17.5793953761,19.4223378598)) ;
#9997=CARTESIAN_POINT('Control Point',(22.2481646311,-17.90339681,19.0696120662)) ;
#9998=CARTESIAN_POINT('Control Point',(21.9982670465,-18.2173396716,18.711703271)) ;
#9999=CARTESIAN_POINT('Control Point',(21.7431636009,-18.5213658547,18.3489701336)) ;
#10000=CARTESIAN_POINT('Vertex',(26.1883069138,-6.30840217595,26.2526962459)) ;
#10004=CARTESIAN_POINT('Control Point',(26.1883069023,-6.30840205267,26.2526962459)) ;
#10005=CARTESIAN_POINT('Control Point',(26.1883069001,-6.16159887038,25.6417682613)) ;
#10006=CARTESIAN_POINT('Control Point',(26.4343369073,-6.0146587181,25.0302702768)) ;
#10007=CARTESIAN_POINT('Control Point',(26.9310836133,-5.89859656883,24.5472724848)) ;
#10008=CARTESIAN_POINT('Control Point',(27.559988371,-5.84111300164,24.3080520761)) ;
#10009=CARTESIAN_POINT('Control Point',(28.1883069031,-5.84111299806,24.3080520788)) ;
#10010=CARTESIAN_POINT('Vertex',(28.1883069031,-5.84111310415,24.3080521166)) ;
#10014=CARTESIAN_POINT('Control Point',(28.1883069031,-5.84111299806,24.3080520788)) ;
#10015=CARTESIAN_POINT('Control Point',(28.1883068038,-6.92310970399,24.0480526734)) ;
#10016=CARTESIAN_POINT('Control Point',(28.1070246445,-7.98916002637,23.7282026951)) ;
#10017=CARTESIAN_POINT('Control Point',(27.9492482041,-9.02733010846,23.3517047607)) ;
#10018=CARTESIAN_POINT('Control Point',(27.4196308655,-11.3794931589,22.3501816248)) ;
#10019=CARTESIAN_POINT('Control Point',(26.5613900541,-13.5092676564,21.105858237)) ;
#10020=CARTESIAN_POINT('Control Point',(25.9800474134,-14.6497292081,20.3256389844)) ;
#10021=CARTESIAN_POINT('Control Point',(25.0943839419,-16.0876131445,19.1942521791)) ;
#10022=CARTESIAN_POINT('Control Point',(24.1033536894,-17.3757558541,17.9836456168)) ;
#10023=CARTESIAN_POINT('Control Point',(23.8334121947,-17.7073365239,17.6570473574)) ;
#10024=CARTESIAN_POINT('Control Point',(23.5572093875,-18.0286233173,17.3256500151)) ;
#10025=CARTESIAN_POINT('Control Point',(23.2752527204,-18.3397614475,16.9897856866)) ;
#10034=CARTESIAN_POINT('Axis2P3D Location',(28.1883069138,1.24344978758E-014,-5.3290705182E-014)) ;
#10039=CARTESIAN_POINT('Axis2P3D Location',(26.1883069138,1.24344978758E-014,-5.3290705182E-014)) ;
#10043=CARTESIAN_POINT('Vertex',(26.1883069138,0.,27.)) ;
#10046=CARTESIAN_POINT('Axis2P3D Location',(28.1883069138,-7.04991620637E-015,27.)) ;
#10050=CARTESIAN_POINT('Vertex',(28.1883069138,2.0123761393E-007,25.)) ;
#10053=CARTESIAN_POINT('Axis2P3D Location',(28.1883069138,1.24344978758E-014,-5.3290705182E-014)) ;
#10065=CARTESIAN_POINT('Axis2P3D Location',(28.1883069138,1.20181642416E-014,4.26325641456E-014)) ;
#10070=CARTESIAN_POINT('Axis2P3D Location',(26.1883069138,1.20181642416E-014,4.26325641456E-014)) ;
#10074=CARTESIAN_POINT('Vertex',(26.1883069138,6.30840217595,26.2526962803)) ;
#10077=CARTESIAN_POINT('Axis2P3D Location',(28.1883069138,6.30840217595,26.2526962803)) ;
#10081=CARTESIAN_POINT('Vertex',(28.1883069138,5.84111312636,24.3080521113)) ;
#10084=CARTESIAN_POINT('Axis2P3D Location',(28.1883069138,1.20181642416E-014,4.26325641456E-014)) ;
#10097=CARTESIAN_POINT('Control Point',(21.7431471327,18.5214194606,18.3488841764)) ;
#10098=CARTESIAN_POINT('Control Point',(21.8316063878,18.4159995468,18.1824626753)) ;
#10099=CARTESIAN_POINT('Control Point',(21.9423921782,18.3293136025,18.016040892)) ;
#10100=CARTESIAN_POINT('Control Point',(22.0733627515,18.2639294418,17.8536624603)) ;
#10101=CARTESIAN_POINT('Control Point',(22.3691592898,18.1790161266,17.5450680561)) ;
#10102=CARTESIAN_POINT('Control Point',(22.7170124804,18.1876351175,17.2826551688)) ;
#10103=CARTESIAN_POINT('Control Point',(22.9000483868,18.2157988599,17.1664659552)) ;
#10104=CARTESIAN_POINT('Control Point',(23.087642035,18.2671167203,17.0681834631)) ;
#10105=CARTESIAN_POINT('Control Point',(23.2752353678,18.3398150393,16.9897077268)) ;
#10106=CARTESIAN_POINT('Control Point',(22.7191195279,17.3582742987,19.736646568)) ;
#10107=CARTESIAN_POINT('Control Point',(22.8023090883,17.2420247491,19.5520601487)) ;
#10108=CARTESIAN_POINT('Control Point',(22.9128633687,17.1456961514,19.3674732827)) ;
#10109=CARTESIAN_POINT('Control Point',(23.0484315912,17.0725284559,19.1880128301)) ;
#10110=CARTESIAN_POINT('Control Point',(23.3617960437,16.9766807498,18.8495801954)) ;
#10111=CARTESIAN_POINT('Control Point',(23.7402998412,16.9842040525,18.5693313619)) ;
#10112=CARTESIAN_POINT('Control Point',(23.9410209852,17.01442948,18.4480668206)) ;
#10113=CARTESIAN_POINT('Control Point',(24.1474816251,17.0702537948,18.3491467291)) ;
#10114=CARTESIAN_POINT('Control Point',(24.3539417664,17.1494618066,18.2746728531)) ;
#10115=CARTESIAN_POINT('Control Point',(23.6184487663,16.0499768482,21.0533331542)) ;
#10116=CARTESIAN_POINT('Control Point',(23.6928342171,15.9249431181,20.8494470782)) ;
#10117=CARTESIAN_POINT('Control Point',(23.8003420386,15.8202891311,20.6455602875)) ;
#10118=CARTESIAN_POINT('Control Point',(23.9385285184,15.7400063212,20.4481311526)) ;
#10119=CARTESIAN_POINT('Control Point',(24.267098299,15.6334232912,20.0790755748)) ;
#10120=CARTESIAN_POINT('Control Point',(24.6764921579,15.6379490516,19.7827662331)) ;
#10121=CARTESIAN_POINT('Control Point',(24.895524095,15.6688057377,19.6581025376)) ;
#10122=CARTESIAN_POINT('Control Point',(25.1217313069,15.7272354946,19.561054717)) ;
#10123=CARTESIAN_POINT('Control Point',(25.3479377174,15.8105608407,19.4938267528)) ;
#10124=CARTESIAN_POINT('Control Point',(24.4173629149,14.5897961565,22.2807233696)) ;
#10125=CARTESIAN_POINT('Control Point',(24.479287316,14.459469116,22.0564494422)) ;
#10126=CARTESIAN_POINT('Control Point',(24.5806834181,14.3489154736,21.8321743887)) ;
#10127=CARTESIAN_POINT('Control Point',(24.7192117604,14.2629167591,21.6159592009)) ;
#10128=CARTESIAN_POINT('Control Point',(25.0600281735,14.1464858972,21.2157241399)) ;
#10129=CARTESIAN_POINT('Control Point',(25.5000093392,14.1452904345,20.9055092179)) ;
#10130=CARTESIAN_POINT('Control Point',(25.737735694,14.1745692734,20.77934422)) ;
#10131=CARTESIAN_POINT('Control Point',(25.9843421594,14.2325845163,20.6868961111)) ;
#10132=CARTESIAN_POINT('Control Point',(26.2309473859,14.3162240088,20.630299672)) ;
#10133=CARTESIAN_POINT('Control Point',(25.420337451,12.1193052856,23.961394083)) ;
#10134=CARTESIAN_POINT('Control Point',(25.4588406968,11.9915979547,23.7051171122)) ;
#10135=CARTESIAN_POINT('Control Point',(25.5466028775,11.8802388884,23.4488379132)) ;
#10136=CARTESIAN_POINT('Control Point',(25.681940714,11.7907912796,23.2034648867)) ;
#10137=CARTESIAN_POINT('Control Point',(26.0356306442,11.6637398873,22.7562552873)) ;
#10138=CARTESIAN_POINT('Control Point',(26.5194034787,11.6463595326,22.4290657132)) ;
#10139=CARTESIAN_POINT('Control Point',(26.7848874971,11.6666401701,22.3037708352)) ;
#10140=CARTESIAN_POINT('Control Point',(27.0621943407,11.714919158,22.2223846305)) ;
#10141=CARTESIAN_POINT('Control Point',(27.3394987537,11.7879437498,22.1864758694)) ;
#10142=CARTESIAN_POINT('Control Point',(25.9839229228,9.33553608266,25.2541794125)) ;
#10143=CARTESIAN_POINT('Control Point',(26.000425381,9.22872761222,24.9702647054)) ;
#10144=CARTESIAN_POINT('Control Point',(26.0737654041,9.1312281912,24.6863463866)) ;
#10145=CARTESIAN_POINT('Control Point',(26.2032063986,9.04819468554,24.4160233801)) ;
#10146=CARTESIAN_POINT('Control Point',(26.561297246,8.91939361253,23.9296144231)) ;
#10147=CARTESIAN_POINT('Control Point',(27.0757964849,8.8733751913,23.591012455)) ;
#10148=CARTESIAN_POINT('Control Point',(27.3617438146,8.87317709948,23.4685889269)) ;
#10149=CARTESIAN_POINT('Control Point',(27.6620781774,8.89578143186,23.399184601)) ;
#10150=CARTESIAN_POINT('Control Point',(27.9624087175,8.93905720535,23.3834995256)) ;
#10151=CARTESIAN_POINT('Control Point',(26.1188798375,8.34825733877,25.6459740988)) ;
#10152=CARTESIAN_POINT('Control Point',(26.128467365,8.25084404252,25.3534293429)) ;
#10153=CARTESIAN_POINT('Control Point',(26.1970957509,8.15991689968,25.0608804941)) ;
#10154=CARTESIAN_POINT('Control Point',(26.324361234,8.08032703209,24.7827861937)) ;
#10155=CARTESIAN_POINT('Control Point',(26.6829793659,7.95207538837,24.2842520666)) ;
#10156=CARTESIAN_POINT('Control Point',(27.2059755353,7.89473779636,23.9423447922)) ;
#10157=CARTESIAN_POINT('Control Point',(27.4977286552,7.88611015771,23.8209816944)) ;
#10158=CARTESIAN_POINT('Control Point',(27.8046522869,7.8979509064,23.7554945232)) ;
#10159=CARTESIAN_POINT('Control Point',(28.1115716222,7.92868425971,23.7462723659)) ;
#10160=CARTESIAN_POINT('Control Point',(26.1883142501,7.33573068506,25.9798345169)) ;
#10161=CARTESIAN_POINT('Control Point',(26.1922831047,7.24970765583,25.6800021437)) ;
#10162=CARTESIAN_POINT('Control Point',(26.2569316683,7.1670178773,25.3801652515)) ;
#10163=CARTESIAN_POINT('Control Point',(26.382143858,7.09203456136,25.0955079192)) ;
#10164=CARTESIAN_POINT('Control Point',(26.74040242,6.965441729,24.5867304551)) ;
#10165=CARTESIAN_POINT('Control Point',(27.2691871163,6.89545858373,24.2419964338)) ;
#10166=CARTESIAN_POINT('Control Point',(27.5650448045,6.87712496689,24.1214973301)) ;
#10167=CARTESIAN_POINT('Control Point',(27.8766822305,6.87641348988,24.0592613683)) ;
#10168=CARTESIAN_POINT('Control Point',(28.188314959,6.89247276366,24.0554023558)) ;
#10169=CARTESIAN_POINT('Control Point',(26.1883102241,6.3083816576,26.2526945674)) ;
#10170=CARTESIAN_POINT('Control Point',(26.1883101984,6.23498032965,25.9472305839)) ;
#10171=CARTESIAN_POINT('Control Point',(26.2499813746,6.16157777246,25.641761761)) ;
#10172=CARTESIAN_POINT('Control Point',(26.3734164538,6.09195330672,25.3520159663)) ;
#10173=CARTESIAN_POINT('Control Point',(26.7304885679,5.96777025047,24.8352224045)) ;
#10174=CARTESIAN_POINT('Control Point',(27.2619931903,5.88434205106,24.4880333793)) ;
#10175=CARTESIAN_POINT('Control Point',(27.5599868982,5.85550190921,24.3680147509)) ;
#10176=CARTESIAN_POINT('Control Point',(27.8741512075,5.84109249263,24.3080505147)) ;
#10177=CARTESIAN_POINT('Control Point',(28.1883105405,5.84109215972,24.3080505354)) ;
#10179=CARTESIAN_POINT('Control Point',(21.743162217,18.5214014835,18.3489056251)) ;
#10180=CARTESIAN_POINT('Control Point',(22.1485423733,18.0382759845,18.9253271791)) ;
#10181=CARTESIAN_POINT('Control Point',(22.540767467,17.5301139634,19.4895637052)) ;
#10182=CARTESIAN_POINT('Control Point',(22.9179734767,16.9963755478,20.0401420735)) ;
#10183=CARTESIAN_POINT('Control Point',(23.784825259,15.6486770687,21.3285318577)) ;
#10184=CARTESIAN_POINT('Control Point',(24.5378362556,14.1481285044,22.5156924816)) ;
#10185=CARTESIAN_POINT('Control Point',(24.9323158755,13.2175346272,23.1695548519)) ;
#10186=CARTESIAN_POINT('Control Point',(25.5740926793,11.3594808211,24.3141722709)) ;
#10187=CARTESIAN_POINT('Control Point',(25.9840048198,9.33545715168,25.2542915446)) ;
#10188=CARTESIAN_POINT('Control Point',(26.1188783613,8.34826814406,25.6459698116)) ;
#10189=CARTESIAN_POINT('Control Point',(26.1883132367,7.33574546183,25.9798296446)) ;
#10190=CARTESIAN_POINT('Control Point',(26.1883102242,6.30840039896,26.2526895897)) ;
#10191=CARTESIAN_POINT('Vertex',(21.7431513331,18.52136676,18.3488841764)) ;
#10195=CARTESIAN_POINT('Control Point',(21.7431471327,18.5214194606,18.3488841764)) ;
#10196=CARTESIAN_POINT('Control Point',(21.9642952704,18.2578696761,17.9328304237)) ;
#10197=CARTESIAN_POINT('Control Point',(22.3357079462,18.1189127359,17.515392045)) ;
#10198=CARTESIAN_POINT('Control Point',(22.8062520358,18.1580692419,17.1858970677)) ;
#10199=CARTESIAN_POINT('Control Point',(23.2752353678,18.3398150393,16.9897077268)) ;
#10200=CARTESIAN_POINT('Vertex',(23.2752353678,18.3398375517,16.9897133165)) ;
#10204=CARTESIAN_POINT('Control Point',(23.2752353678,18.3398150393,16.9897077268)) ;
#10205=CARTESIAN_POINT('Control Point',(23.7232909146,17.8453854435,17.5234356745)) ;
#10206=CARTESIAN_POINT('Control Point',(24.1568065085,17.3253333041,18.0458810341)) ;
#10207=CARTESIAN_POINT('Control Point',(24.5737218672,16.7791061055,18.5556797752)) ;
#10208=CARTESIAN_POINT('Control Point',(25.5318247037,15.3998787166,19.7486371475)) ;
#10209=CARTESIAN_POINT('Control Point',(26.3641023807,13.8642248814,20.8478634985)) ;
#10210=CARTESIAN_POINT('Control Point',(26.8001061586,12.9118627466,21.4532916192)) ;
#10211=CARTESIAN_POINT('Control Point',(27.5094386507,11.0103456737,22.513122366)) ;
#10212=CARTESIAN_POINT('Control Point',(27.9624992067,8.93897653931,23.3836033091)) ;
#10213=CARTESIAN_POINT('Control Point',(28.1115699664,7.92869548137,23.7462683376)) ;
#10214=CARTESIAN_POINT('Control Point',(28.1883138224,6.89248810984,24.0553977776)) ;
#10215=CARTESIAN_POINT('Control Point',(28.1883105405,5.84111162325,24.3080458583)) ;
#10225=CARTESIAN_POINT('Control Point',(21.7431513331,18.52136676,18.34897952)) ;
#10226=CARTESIAN_POINT('Control Point',(21.9200683953,18.3105252155,18.0161339798)) ;
#10227=CARTESIAN_POINT('Control Point',(22.1862966436,18.1746246544,17.6832884395)) ;
#10228=CARTESIAN_POINT('Control Point',(22.5248648801,18.1344925764,17.3829296146)) ;
#10229=CARTESIAN_POINT('Control Point',(22.9000525497,18.194363106,17.1467467858)) ;
#10230=CARTESIAN_POINT('Control Point',(23.2752402193,18.339761092,16.9897958519)) ;
#10231=CARTESIAN_POINT('Control Point',(20.5905445657,19.8949900159,16.8662117126)) ;
#10232=CARTESIAN_POINT('Control Point',(20.7771630087,19.6725868159,16.5650943806)) ;
#10233=CARTESIAN_POINT('Control Point',(21.046957986,19.5199770151,16.2639770487)) ;
#10234=CARTESIAN_POINT('Control Point',(21.3831496914,19.4576414715,15.9899983294)) ;
#10235=CARTESIAN_POINT('Control Point',(21.7528915717,19.4918459326,15.7697370621)) ;
#10236=CARTESIAN_POINT('Control Point',(22.1226334519,19.6116344771,15.6168626969)) ;
#10237=CARTESIAN_POINT('Control Point',(19.5241699431,21.1658458034,15.2160615403)) ;
#10238=CARTESIAN_POINT('Control Point',(19.7194334746,20.9331424912,14.9481599488)) ;
#10239=CARTESIAN_POINT('Control Point',(19.9923083081,20.7655627937,14.6802583574)) ;
#10240=CARTESIAN_POINT('Control Point',(20.326373731,20.6830702982,14.4347520942)) ;
#10241=CARTESIAN_POINT('Control Point',(20.6913162802,20.6933488544,14.2336375937)) ;
#10242=CARTESIAN_POINT('Control Point',(21.0562588293,20.7883530222,14.0889457983)) ;
#10243=CARTESIAN_POINT('Control Point',(18.5642880406,22.3097885091,13.3953052235)) ;
#10244=CARTESIAN_POINT('Control Point',(18.7670912585,22.0680984618,13.1621673788)) ;
#10245=CARTESIAN_POINT('Control Point',(19.0425809696,21.8873996242,12.9290295342)) ;
#10246=CARTESIAN_POINT('Control Point',(19.3747868732,21.787052511,12.714117516)) ;
#10247=CARTESIAN_POINT('Control Point',(19.7355819,21.7756839897,12.5353694779)) ;
#10248=CARTESIAN_POINT('Control Point',(20.0963769269,21.847559224,12.4030601218)) ;
#10249=CARTESIAN_POINT('Control Point',(17.0718436817,24.0884144356,9.7868096609)) ;
#10250=CARTESIAN_POINT('Control Point',(17.286108869,23.8330619664,9.61961123575)) ;
#10251=CARTESIAN_POINT('Control Point',(17.5654958804,23.6323531958,9.4524128106)) ;
#10252=CARTESIAN_POINT('Control Point',(17.8948698337,23.5045637218,9.29681426303)) ;
#10253=CARTESIAN_POINT('Control Point',(18.2494012008,23.4594280983,9.1642711291)) ;
#10254=CARTESIAN_POINT('Control Point',(18.603932568,23.4944346882,9.061861019)) ;
#10255=CARTESIAN_POINT('Control Point',(16.1408093832,25.1979779057,5.74677981389)) ;
#10256=CARTESIAN_POINT('Control Point',(16.3619987249,24.9343756674,5.64952338139)) ;
#10257=CARTESIAN_POINT('Control Point',(16.6436710893,24.721524711,5.5522669489)) ;
#10258=CARTESIAN_POINT('Control Point',(16.9713299565,24.5768956685,5.46132321883)) ;
#10259=CARTESIAN_POINT('Control Point',(17.322114113,24.5106015744,5.38293484175)) ;
#10260=CARTESIAN_POINT('Control Point',(17.6728982695,24.5218085948,5.32109223813)) ;
#10261=CARTESIAN_POINT('Control Point',(15.8518225088,25.5423790515,3.85632940643)) ;
#10262=CARTESIAN_POINT('Control Point',(16.0751358774,25.2762443483,3.79124770736)) ;
#10263=CARTESIAN_POINT('Control Point',(16.3575018256,25.0596606428,3.7261660083)) ;
#10264=CARTESIAN_POINT('Control Point',(16.6846341888,24.9098354246,3.6652224578)) ;
#10265=CARTESIAN_POINT('Control Point',(17.0342727919,24.8369659417,3.61251100506)) ;
#10266=CARTESIAN_POINT('Control Point',(17.383911395,24.8406983536,3.57067535197)) ;
#10267=CARTESIAN_POINT('Control Point',(15.7074598205,25.7144238039,1.92778164893)) ;
#10268=CARTESIAN_POINT('Control Point',(15.9318350724,25.4470239412,1.89524690438)) ;
#10269=CARTESIAN_POINT('Control Point',(16.2145479122,25.228575127,1.86271215983)) ;
#10270=CARTESIAN_POINT('Control Point',(16.5414170581,25.0761535576,1.83224626259)) ;
#10271=CARTESIAN_POINT('Control Point',(16.8904828824,24.9999991745,1.80589596552)) ;
#10272=CARTESIAN_POINT('Control Point',(17.2395487067,24.9999991008,1.78498303816)) ;
#10273=CARTESIAN_POINT('Control Point',(15.7074585937,25.714425266,1.30348498024E-006)) ;
#10274=CARTESIAN_POINT('Control Point',(15.9318337707,25.447025262,1.27391315073E-006)) ;
#10275=CARTESIAN_POINT('Control Point',(16.2145465861,25.2285763488,1.24434131857E-006)) ;
#10276=CARTESIAN_POINT('Control Point',(16.5414157505,25.0761547466,1.2166499271E-006)) ;
#10277=CARTESIAN_POINT('Control Point',(16.8904816152,25.0000004084,1.19269933264E-006)) ;
#10278=CARTESIAN_POINT('Control Point',(17.2395474799,25.0000004498,1.17369092886E-006)) ;
#10280=CARTESIAN_POINT('Control Point',(21.7431513331,18.52136676,18.34897952)) ;
#10281=CARTESIAN_POINT('Control Point',(20.5905445657,19.8949900159,16.8662117126)) ;
#10282=CARTESIAN_POINT('Control Point',(19.5241699431,21.1658458034,15.2160615403)) ;
#10283=CARTESIAN_POINT('Control Point',(18.56428695,22.3097898089,13.3952628245)) ;
#10284=CARTESIAN_POINT('Control Point',(17.1773169682,23.9627162676,10.0418549904)) ;
#10285=CARTESIAN_POINT('Control Point',(16.2752070064,25.0378090554,6.31563012573)) ;
#10286=CARTESIAN_POINT('Control Point',(15.9973046754,25.3690001567,4.74027232836)) ;
#10287=CARTESIAN_POINT('Control Point',(15.7859591082,25.6208719958,2.83180392237)) ;
#10288=CARTESIAN_POINT('Control Point',(15.7181027823,25.7017400159,0.906498461751)) ;
#10289=CARTESIAN_POINT('Control Point',(15.7110066954,25.710196803,0.60441488618)) ;
#10290=CARTESIAN_POINT('Control Point',(15.707458786,25.7144250368,0.302202874113)) ;
#10291=CARTESIAN_POINT('Control Point',(15.7074585937,25.714425266,1.30348494726E-006)) ;
#10292=CARTESIAN_POINT('Vertex',(15.7074585937,25.714425266,1.3034849804E-006)) ;
#10296=CARTESIAN_POINT('Control Point',(15.7074585937,25.714425266,1.30348498062E-006)) ;
#10297=CARTESIAN_POINT('Control Point',(15.987927565,25.380175261,1.2665201922E-006)) ;
#10298=CARTESIAN_POINT('Control Point',(16.3662349411,25.1271756818,1.22950051755E-006)) ;
#10299=CARTESIAN_POINT('Control Point',(16.803215149,25.0000003981,1.19745143221E-006)) ;
#10300=CARTESIAN_POINT('Control Point',(17.2395474799,25.0000004498,1.173690928E-006)) ;
#10301=CARTESIAN_POINT('Vertex',(17.2395474799,25.,3.06161699787E-015)) ;
#10305=CARTESIAN_POINT('Control Point',(23.2752402193,18.339761092,16.9897958519)) ;
#10306=CARTESIAN_POINT('Control Point',(22.1226334519,19.6116344771,15.6168626969)) ;
#10307=CARTESIAN_POINT('Control Point',(21.0562588293,20.7883530222,14.0889457983)) ;
#10308=CARTESIAN_POINT('Control Point',(20.0963758362,21.8475604279,12.4030209125)) ;
#10309=CARTESIAN_POINT('Control Point',(18.7094058544,23.3780475232,9.29801403324)) ;
#10310=CARTESIAN_POINT('Control Point',(17.8072958926,24.3735040619,5.84780556593)) ;
#10311=CARTESIAN_POINT('Control Point',(17.5293935617,24.6801624068,4.38914089233)) ;
#10312=CARTESIAN_POINT('Control Point',(17.3180479944,24.9133770471,2.6220406972)) ;
#10313=CARTESIAN_POINT('Control Point',(17.2501916685,24.9882548482,0.839350422278)) ;
#10314=CARTESIAN_POINT('Control Point',(17.2430955816,24.9960852072,0.559643399519)) ;
#10315=CARTESIAN_POINT('Control Point',(17.2395476722,25.0000002384,0.279817452687)) ;
#10316=CARTESIAN_POINT('Control Point',(17.2395474799,25.0000004498,1.17369088232E-006)) ;
#10326=CARTESIAN_POINT('Control Point',(15.7074519251,25.7144332132,1.15463194561E-013)) ;
#10327=CARTESIAN_POINT('Control Point',(15.931826665,25.4470324003,-2.81468972574E-008)) ;
#10328=CARTESIAN_POINT('Control Point',(16.2145393375,25.2285829251,-5.62939117543E-008)) ;
#10329=CARTESIAN_POINT('Control Point',(16.5414086103,25.0761611467,-8.26510806462E-008)) ;
#10330=CARTESIAN_POINT('Control Point',(16.8904747108,25.0000070842,-1.05447673704E-007)) ;
#10331=CARTESIAN_POINT('Control Point',(17.2395408113,25.000007808,-1.23540173647E-007)) ;
#10332=CARTESIAN_POINT('Control Point',(15.707451907,25.7144332349,-2.77801168867)) ;
#10333=CARTESIAN_POINT('Control Point',(15.9318266496,25.4470324184,-2.73112778643)) ;
#10334=CARTESIAN_POINT('Control Point',(16.2145393231,25.2285829382,-2.68424388418)) ;
#10335=CARTESIAN_POINT('Control Point',(16.5414085952,25.0761611529,-2.64034129094)) ;
#10336=CARTESIAN_POINT('Control Point',(16.8904746942,25.0000070815,-2.60236947618)) ;
#10337=CARTESIAN_POINT('Control Point',(17.2395407932,25.0000077953,-2.57223316861)) ;
#10338=CARTESIAN_POINT('Control Point',(16.007044432,25.3573927669,-5.55819758988)) ;
#10339=CARTESIAN_POINT('Control Point',(16.2292166613,25.092619788,-5.46440016105)) ;
#10340=CARTESIAN_POINT('Control Point',(16.5112097923,24.8780425056,-5.37060273221)) ;
#10341=CARTESIAN_POINT('Control Point',(16.8386250212,24.7310092949,-5.28276664959)) ;
#10342=CARTESIAN_POINT('Control Point',(17.1888791697,24.6616711872,-5.20678954058)) ;
#10343=CARTESIAN_POINT('Control Point',(17.5391333182,24.6694149562,-5.14647893167)) ;
#10344=CARTESIAN_POINT('Control Point',(16.6085425423,24.640555233,-8.22570029563)) ;
#10345=CARTESIAN_POINT('Control Point',(16.8262934673,24.3810502292,-8.08605135094)) ;
#10346=CARTESIAN_POINT('Control Point',(17.1068430607,24.1742395649,-7.94640240625)) ;
#10347=CARTESIAN_POINT('Control Point',(17.4353542283,24.038020064,-7.81602625574)) ;
#10348=CARTESIAN_POINT('Control Point',(17.7879928284,23.9823688978,-7.70408890433)) ;
#10349=CARTESIAN_POINT('Control Point',(18.1406314285,24.0056760423,-7.61638946273)) ;
#10350=CARTESIAN_POINT('Control Point',(17.9024766986,23.0985045535,-12.0247203312)) ;
#10351=CARTESIAN_POINT('Control Point',(18.1104782462,22.8506177231,-11.817386505)) ;
#10352=CARTESIAN_POINT('Control Point',(18.3877714947,22.6608735335,-11.6100526787)) ;
#10353=CARTESIAN_POINT('Control Point',(18.7186955743,22.5482176909,-11.4180025681)) ;
#10354=CARTESIAN_POINT('Control Point',(19.0766305796,22.5219283779,-11.2563112227)) ;
#10355=CARTESIAN_POINT('Control Point',(19.4345655849,22.5778518045,-11.1340001451)) ;
#10356=CARTESIAN_POINT('Control Point',(19.6486526451,21.017493096,-15.3074060251)) ;
#10357=CARTESIAN_POINT('Control Point',(19.8428268052,20.7860854719,-15.0370878271)) ;
#10358=CARTESIAN_POINT('Control Point',(20.1152898538,20.6203700253,-14.7667696291)) ;
#10359=CARTESIAN_POINT('Control Point',(20.4496214314,20.5403251882,-14.5194366441)) ;
#10360=CARTESIAN_POINT('Control Point',(20.8151814814,20.5533592201,-14.3176446509)) ;
#10361=CARTESIAN_POINT('Control Point',(21.1807415314,20.6509890932,-14.1735241844)) ;
#10362=CARTESIAN_POINT('Control Point',(20.3078643964,20.2318751231,-16.389331849)) ;
#10363=CARTESIAN_POINT('Control Point',(20.496727532,20.006797976,-16.097566426)) ;
#10364=CARTESIAN_POINT('Control Point',(20.7673076338,19.850289505,-15.805801003)) ;
#10365=CARTESIAN_POINT('Control Point',(21.1029459951,19.782665467,-15.5399460764)) ;
#10366=CARTESIAN_POINT('Control Point',(21.4714496389,19.8105018453,-15.3253866371)) ;
#10367=CARTESIAN_POINT('Control Point',(21.8399532827,19.9235649603,-15.1753073579)) ;
#10368=CARTESIAN_POINT('Control Point',(21.0080000696,19.3974859194,-17.4032365124)) ;
#10369=CARTESIAN_POINT('Control Point',(21.1911053043,19.1792707801,-17.0906281576)) ;
#10370=CARTESIAN_POINT('Control Point',(21.4596086426,19.032713158,-16.7780198028)) ;
#10371=CARTESIAN_POINT('Control Point',(21.7966609726,18.9784193269,-16.4944869121)) ;
#10372=CARTESIAN_POINT('Control Point',(22.1683749642,19.0219191958,-16.2684591071)) ;
#10373=CARTESIAN_POINT('Control Point',(22.5400889558,19.1509823495,-16.1141079669)) ;
#10374=CARTESIAN_POINT('Control Point',(21.7431513331,18.52136676,-18.3489700669)) ;
#10375=CARTESIAN_POINT('Control Point',(21.92006878,18.3105257057,-18.016124906)) ;
#10376=CARTESIAN_POINT('Control Point',(22.1862971698,18.1746254306,-17.683279745)) ;
#10377=CARTESIAN_POINT('Control Point',(22.524865312,18.1344933281,-17.3829211731)) ;
#10378=CARTESIAN_POINT('Control Point',(22.9000527657,18.1943635131,-17.146738352)) ;
#10379=CARTESIAN_POINT('Control Point',(23.2752402193,18.3397609308,-16.9897871653)) ;
#10381=CARTESIAN_POINT('Control Point',(15.7074519251,25.7144332132,1.172395514E-013)) ;
#10382=CARTESIAN_POINT('Control Point',(15.7074519188,25.7144332208,-0.967341230866)) ;
#10383=CARTESIAN_POINT('Control Point',(15.7438052694,25.6711089846,-1.93468250583)) ;
#10384=CARTESIAN_POINT('Control Point',(15.8165119898,25.5844604894,-2.89767108159)) ;
#10385=CARTESIAN_POINT('Control Point',(16.1276158442,25.2137013531,-5.63818238176)) ;
#10386=CARTESIAN_POINT('Control Point',(16.7204844651,24.5071480443,-8.2721901396)) ;
#10387=CARTESIAN_POINT('Control Point',(17.217378268,23.9149730695,-9.9185869146)) ;
#10388=CARTESIAN_POINT('Control Point',(18.2976760246,22.6275243371,-12.7678511094)) ;
#10389=CARTESIAN_POINT('Control Point',(19.6486460434,21.0175009637,-15.307241273)) ;
#10390=CARTESIAN_POINT('Control Point',(20.3078643964,20.2318751231,-16.389331849)) ;
#10391=CARTESIAN_POINT('Control Point',(21.0080000696,19.3974859194,-17.4032365124)) ;
#10392=CARTESIAN_POINT('Control Point',(21.7431513331,18.52136676,-18.3489700669)) ;
#10395=CARTESIAN_POINT('Control Point',(21.7431513331,18.52136676,-18.3489700669)) ;
#10396=CARTESIAN_POINT('Control Point',(21.9642981417,18.2578154421,-17.9329136157)) ;
#10397=CARTESIAN_POINT('Control Point',(22.3357107824,18.11885745,-17.5154725083)) ;
#10398=CARTESIAN_POINT('Control Point',(22.8062559022,18.1580141587,-17.1859761487)) ;
#10399=CARTESIAN_POINT('Control Point',(23.2752402193,18.3397609308,-16.9897871653)) ;
#10400=CARTESIAN_POINT('Vertex',(23.2752402193,18.3397387518,-16.9898199671)) ;
#10404=CARTESIAN_POINT('Control Point',(17.2395408113,25.000007808,-1.23540174257E-007)) ;
#10405=CARTESIAN_POINT('Control Point',(17.239540805,25.0000078036,-0.895686448417)) ;
#10406=CARTESIAN_POINT('Control Point',(17.2758941556,24.9598927587,-1.79137278942)) ;
#10407=CARTESIAN_POINT('Control Point',(17.348600876,24.8796626705,-2.68302882866)) ;
#10408=CARTESIAN_POINT('Control Point',(17.6597047305,24.5363672394,-5.22053914987)) ;
#10409=CARTESIAN_POINT('Control Point',(18.2525733514,23.8821510903,-7.65943548758)) ;
#10410=CARTESIAN_POINT('Control Point',(18.7494671543,23.3338408646,-9.18387686549)) ;
#10411=CARTESIAN_POINT('Control Point',(19.8297649108,22.1417589673,-11.8220842839)) ;
#10412=CARTESIAN_POINT('Control Point',(21.1807349296,20.6509963677,-14.1733716124)) ;
#10413=CARTESIAN_POINT('Control Point',(21.8399532827,19.9235649603,-15.1753073579)) ;
#10414=CARTESIAN_POINT('Control Point',(22.5400889558,19.1509823495,-16.1141079669)) ;
#10415=CARTESIAN_POINT('Control Point',(23.2752402193,18.3397609308,-16.9897871653)) ;
#10425=CARTESIAN_POINT('Control Point',(26.1883069023,6.30840205267,-26.2526962459)) ;
#10426=CARTESIAN_POINT('Control Point',(26.1883069012,6.23500046153,-25.9472322536)) ;
#10427=CARTESIAN_POINT('Control Point',(26.2499780863,6.16159770706,-25.6417634218)) ;
#10428=CARTESIAN_POINT('Control Point',(26.3734131576,6.0919731233,-25.3520176175)) ;
#10429=CARTESIAN_POINT('Control Point',(26.7304852238,5.96779000161,-24.835224033)) ;
#10430=CARTESIAN_POINT('Control Point',(27.2619897461,5.88436206638,-24.4880349779)) ;
#10431=CARTESIAN_POINT('Control Point',(27.5599833937,5.85552213638,-24.3680163324)) ;
#10432=CARTESIAN_POINT('Control Point',(27.874147637,5.84111299985,-24.3080520774)) ;
#10433=CARTESIAN_POINT('Control Point',(28.1883069031,5.84111299806,-24.3080520788)) ;
#10434=CARTESIAN_POINT('Control Point',(26.1883068012,7.36566741506,-25.9718968936)) ;
#10435=CARTESIAN_POINT('Control Point',(26.1923912657,7.27927658518,-25.6722284303)) ;
#10436=CARTESIAN_POINT('Control Point',(26.2571265364,7.19631617013,-25.3725554574)) ;
#10437=CARTESIAN_POINT('Control Point',(26.3823904485,7.12117668853,-25.0880462212)) ;
#10438=CARTESIAN_POINT('Control Point',(26.7406834451,6.99451361637,-24.5795020363)) ;
#10439=CARTESIAN_POINT('Control Point',(27.2693887231,6.92492224264,-24.2348393848)) ;
#10440=CARTESIAN_POINT('Control Point',(27.5651840839,6.90689477877,-24.1143262395)) ;
#10441=CARTESIAN_POINT('Control Point',(27.8767477896,6.90658245502,-24.0520240865)) ;
#10442=CARTESIAN_POINT('Control Point',(28.1883068038,6.92310970396,-24.0480526734)) ;
#10443=CARTESIAN_POINT('Control Point',(26.1147657479,8.40735091299,-25.6264589451)) ;
#10444=CARTESIAN_POINT('Control Point',(26.1246827127,8.30927311199,-25.3343407821)) ;
#10445=CARTESIAN_POINT('Control Point',(26.19354434,8.2178654537,-25.0422185512)) ;
#10446=CARTESIAN_POINT('Control Point',(26.3209299798,8.13800692406,-24.7645083901)) ;
#10447=CARTESIAN_POINT('Control Point',(26.6795684677,8.00965868697,-24.2665736437)) ;
#10448=CARTESIAN_POINT('Control Point',(27.2022240766,7.95305896781,-23.9248312684)) ;
#10449=CARTESIAN_POINT('Control Point',(27.493735863,7.94499760938,-23.8034172159)) ;
#10450=CARTESIAN_POINT('Control Point',(27.8003823925,7.95757064322,-23.737739276)) ;
#10451=CARTESIAN_POINT('Control Point',(28.1070246445,7.98916002634,-23.7282026952)) ;
#10452=CARTESIAN_POINT('Control Point',(25.9719526611,9.42186858278,-25.2197535472)) ;
#10453=CARTESIAN_POINT('Control Point',(25.9890627726,9.31424286268,-24.9365968674)) ;
#10454=CARTESIAN_POINT('Control Point',(26.0628163716,9.21617239603,-24.6534366181)) ;
#10455=CARTESIAN_POINT('Control Point',(26.1924477085,9.1328403814,-24.3837962366)) ;
#10456=CARTESIAN_POINT('Control Point',(26.5504900144,9.00399391145,-23.8984524617)) ;
#10457=CARTESIAN_POINT('Control Point',(27.0642395948,8.95896272513,-23.5601411092)) ;
#10458=CARTESIAN_POINT('Control Point',(27.3496751277,8.95949914922,-23.4376246005)) ;
#10459=CARTESIAN_POINT('Control Point',(27.6494287853,8.98304100022,-23.3678763279)) ;
#10460=CARTESIAN_POINT('Control Point',(27.9491786568,9.02740912755,-23.3516235666)) ;
#10461=CARTESIAN_POINT('Control Point',(25.3935155497,12.1970094098,-23.9138954984)) ;
#10462=CARTESIAN_POINT('Control Point',(25.4327843209,12.06906054,-23.658590037)) ;
#10463=CARTESIAN_POINT('Control Point',(25.5210177461,11.9576001742,-23.4032823877)) ;
#10464=CARTESIAN_POINT('Control Point',(25.656505642,11.8681749672,-23.1587897598)) ;
#10465=CARTESIAN_POINT('Control Point',(26.0098959776,11.7413739934,-22.7129779661)) ;
#10466=CARTESIAN_POINT('Control Point',(26.4924011368,11.724592598,-22.3862342452)) ;
#10467=CARTESIAN_POINT('Control Point',(26.7570660584,11.7452437811,-22.2608668003)) ;
#10468=CARTESIAN_POINT('Control Point',(27.0334607519,11.7939537502,-22.1790898866)) ;
#10469=CARTESIAN_POINT('Control Point',(27.3098530667,11.8674656109,-22.1424959938)) ;
#10470=CARTESIAN_POINT('Control Point',(24.3810404237,14.6559178397,-22.2249839418)) ;
#10471=CARTESIAN_POINT('Control Point',(24.4435314559,14.525837543,-22.0016358171)) ;
#10472=CARTESIAN_POINT('Control Point',(24.5452056093,14.4155572163,-21.7782865847)) ;
#10473=CARTESIAN_POINT('Control Point',(24.6837185811,14.3298217707,-21.5629244642)) ;
#10474=CARTESIAN_POINT('Control Point',(25.0239784753,14.2138412086,-21.1641052512)) ;
#10475=CARTESIAN_POINT('Control Point',(25.4625691,14.2129002748,-20.8545217346)) ;
#10476=CARTESIAN_POINT('Control Point',(25.6994455237,14.242246069,-20.7284248719)) ;
#10477=CARTESIAN_POINT('Control Point',(25.9451245174,14.300273927,-20.6357678195)) ;
#10478=CARTESIAN_POINT('Control Point',(26.1908022756,14.3838922173,-20.5786885378)) ;
#10479=CARTESIAN_POINT('Control Point',(23.5903752129,16.0910273712,-21.0121300817)) ;
#10480=CARTESIAN_POINT('Control Point',(23.6650372883,15.9662644376,-20.8088488328)) ;
#10481=CARTESIAN_POINT('Control Point',(23.7726415334,15.8618676314,-20.6055668778)) ;
#10482=CARTESIAN_POINT('Control Point',(23.9107470552,15.7818052404,-20.4087007785)) ;
#10483=CARTESIAN_POINT('Control Point',(24.2388426273,15.675556309,-20.040604411)) ;
#10484=CARTESIAN_POINT('Control Point',(24.6472708362,15.6801790956,-19.7447972676)) ;
#10485=CARTESIAN_POINT('Control Point',(24.8657301254,15.7110188691,-19.620239369)) ;
#10486=CARTESIAN_POINT('Control Point',(25.0913196906,15.76937088,-19.5231320423)) ;
#10487=CARTESIAN_POINT('Control Point',(25.3169084743,15.8525717068,-19.4556761737)) ;
#10488=CARTESIAN_POINT('Control Point',(22.7039735034,17.376296432,-19.7151514315)) ;
#10489=CARTESIAN_POINT('Control Point',(22.7872443751,17.2602145804,-19.5308462505)) ;
#10490=CARTESIAN_POINT('Control Point',(22.8978019281,17.164035298,-19.3465406253)) ;
#10491=CARTESIAN_POINT('Control Point',(23.0332986304,17.0909881335,-19.1673446535)) ;
#10492=CARTESIAN_POINT('Control Point',(23.3463903772,16.9953097702,-18.8293740405)) ;
#10493=CARTESIAN_POINT('Control Point',(23.7244188632,17.002850102,-18.54940149)) ;
#10494=CARTESIAN_POINT('Control Point',(23.9248658054,17.0330436459,-18.4282156229)) ;
#10495=CARTESIAN_POINT('Control Point',(24.1310339414,17.0887982278,-18.3293055251)) ;
#10496=CARTESIAN_POINT('Control Point',(24.3372015791,17.1679054884,-18.2547698341)) ;
#10497=CARTESIAN_POINT('Control Point',(21.743159234,18.521371059,-18.3489639243)) ;
#10498=CARTESIAN_POINT('Control Point',(21.8316179352,18.4159504197,-18.1825413401)) ;
#10499=CARTESIAN_POINT('Control Point',(21.9424034008,18.3292638517,-18.0161184736)) ;
#10500=CARTESIAN_POINT('Control Point',(22.0733738718,18.263879211,-17.853739023)) ;
#10501=CARTESIAN_POINT('Control Point',(22.3691705928,18.1789652786,-17.5451428381)) ;
#10502=CARTESIAN_POINT('Control Point',(22.7170245698,18.1875843668,-17.2827288835)) ;
#10503=CARTESIAN_POINT('Control Point',(22.9000609777,18.2157483442,-17.1665393645)) ;
#10504=CARTESIAN_POINT('Control Point',(23.0876551796,18.2670666133,-17.0682568308)) ;
#10505=CARTESIAN_POINT('Control Point',(23.275249062,18.3397654846,-16.9897813287)) ;
#10507=CARTESIAN_POINT('Control Point',(28.1883069031,5.84111299806,-24.3080520788)) ;
#10508=CARTESIAN_POINT('Control Point',(28.1883068038,6.92310970396,-24.0480526734)) ;
#10509=CARTESIAN_POINT('Control Point',(28.1070246445,7.98916002634,-23.7282026952)) ;
#10510=CARTESIAN_POINT('Control Point',(27.9492482041,9.02733010851,-23.3517047607)) ;
#10511=CARTESIAN_POINT('Control Point',(27.4196308655,11.3794931589,-22.3501816248)) ;
#10512=CARTESIAN_POINT('Control Point',(26.5613900541,13.5092676564,-21.105858237)) ;
#10513=CARTESIAN_POINT('Control Point',(25.9800474134,14.6497292082,-20.3256389843)) ;
#10514=CARTESIAN_POINT('Control Point',(25.0943839419,16.0876131445,-19.1942521791)) ;
#10515=CARTESIAN_POINT('Control Point',(24.1033536894,17.3757558541,-17.9836456168)) ;
#10516=CARTESIAN_POINT('Control Point',(23.8334121947,17.7073365239,-17.6570473574)) ;
#10517=CARTESIAN_POINT('Control Point',(23.5572093875,18.0286233173,-17.3256500151)) ;
#10518=CARTESIAN_POINT('Control Point',(23.2752527205,18.3397614475,-16.9897856866)) ;
#10527=CARTESIAN_POINT('Axis2P3D Location',(0.,0.,252.661703181)) ;
#10533=CARTESIAN_POINT('Control Point',(25.4320846245,16.5594405594,31.2801661726)) ;
#10534=CARTESIAN_POINT('Control Point',(26.7769452298,14.2213854005,31.1052785738)) ;
#10535=CARTESIAN_POINT('Control Point',(27.7169584501,11.6502565799,30.9458508684)) ;
#10536=CARTESIAN_POINT('Control Point',(28.1883088206,8.95162615664,30.8258139783)) ;
#10537=CARTESIAN_POINT('Control Point',(28.188307425,6.25207715652,30.7497577363)) ;
#10538=CARTESIAN_POINT('Vertex',(28.1883069138,6.25207715629,30.7497577363)) ;
#10540=CARTESIAN_POINT('Vertex',(25.4320846245,16.5594405594,31.2801661726)) ;
#10543=CARTESIAN_POINT('Axis2P3D Location',(28.1883069138,0.,252.661703181)) ;
#10547=CARTESIAN_POINT('Vertex',(28.1883069138,-4.35131956758E-013,30.6617031814)) ;
#10550=CARTESIAN_POINT('Line Origine',(0.,-4.35131956758E-013,30.6617031814)) ;
#10555=CARTESIAN_POINT('Line Origine',(0.,16.5594405594,31.2801661726)) ;
#10568=CARTESIAN_POINT('Axis2P3D Location',(0.,16.,38.7592721526)) ;
#10574=CARTESIAN_POINT('Control Point',(26.1700390187,15.4405594406,46.2383781327)) ;
#10575=CARTESIAN_POINT('Control Point',(25.5784528016,16.4274550672,46.3121983784)) ;
#10576=CARTESIAN_POINT('Control Point',(24.8744309045,17.3752699932,46.2072509675)) ;
#10577=CARTESIAN_POINT('Control Point',(24.0962584251,18.2330188813,45.9686046715)) ;
#10578=CARTESIAN_POINT('Control Point',(23.2752402193,19.00548051,45.6307412025)) ;
#10579=CARTESIAN_POINT('Vertex',(23.2752402193,19.005480331,45.6307412808)) ;
#10581=CARTESIAN_POINT('Vertex',(26.1700390187,15.4405594406,46.2383781327)) ;
#10585=CARTESIAN_POINT('Control Point',(23.2752443403,19.0054841868,31.8878047109)) ;
#10586=CARTESIAN_POINT('Control Point',(22.4778646793,19.755695069,32.2159365055)) ;
#10587=CARTESIAN_POINT('Control Point',(21.7080574378,20.4799635435,32.6546908219)) ;
#10588=CARTESIAN_POINT('Control Point',(20.9800271925,21.1649508844,33.2095806237)) ;
#10589=CARTESIAN_POINT('Control Point',(19.9250310293,22.1575516008,34.2996134841)) ;
#10590=CARTESIAN_POINT('Control Point',(19.1485469817,22.88811348,35.7043437047)) ;
#10591=CARTESIAN_POINT('Control Point',(18.9068797549,23.1154879548,36.2700461098)) ;
#10592=CARTESIAN_POINT('Control Point',(18.5419633335,23.4588222819,37.4821812013)) ;
#10593=CARTESIAN_POINT('Control Point',(18.4525148345,23.5429808746,38.7773143195)) ;
#10594=CARTESIAN_POINT('Control Point',(18.4852250022,23.5122049497,39.4330302267)) ;
#10595=CARTESIAN_POINT('Control Point',(18.6891711056,23.3203209354,40.6463619355)) ;
#10596=CARTESIAN_POINT('Control Point',(19.1249001912,22.910361402,41.7515535783)) ;
#10597=CARTESIAN_POINT('Control Point',(19.3754468703,22.6746324951,42.2407929386)) ;
#10598=CARTESIAN_POINT('Control Point',(20.1514712819,21.9445041129,43.4697964382)) ;
#10599=CARTESIAN_POINT('Control Point',(21.1424297745,21.0121519812,44.429893523)) ;
#10600=CARTESIAN_POINT('Control Point',(21.8228060835,20.3720046666,44.9286018447)) ;
#10601=CARTESIAN_POINT('Control Point',(22.5373841455,19.6996968656,45.3271010983)) ;
#10602=CARTESIAN_POINT('Control Point',(23.2752402193,19.005480331,45.6307412808)) ;
#10603=CARTESIAN_POINT('Vertex',(23.2752425477,19.0054832097,31.8878042835)) ;
#10607=CARTESIAN_POINT('Control Point',(23.2752425477,19.0054832097,31.8878042835)) ;
#10608=CARTESIAN_POINT('Control Point',(24.0531782337,18.2735528687,31.5676682671)) ;
#10609=CARTESIAN_POINT('Control Point',(24.7878217457,17.4516529507,31.3469036682)) ;
#10610=CARTESIAN_POINT('Control Point',(25.4320784962,16.5594372194,31.2801659228)) ;
#10612=CARTESIAN_POINT('Line Origine',(0.,15.4405594406,46.2383781327)) ;
#10628=CARTESIAN_POINT('Axis2P3D Location',(28.1883069138,0.,252.661703181)) ;
#10632=CARTESIAN_POINT('Vertex',(28.188306947,-6.25207716189,30.7497577364)) ;
#10636=CARTESIAN_POINT('Control Point',(28.188306947,-6.25207716189,30.7497577364)) ;
#10637=CARTESIAN_POINT('Control Point',(28.1883065191,-8.95168481481,30.825815631)) ;
#10638=CARTESIAN_POINT('Control Point',(27.7169096345,-11.6504353124,30.9458608372)) ;
#10639=CARTESIAN_POINT('Control Point',(26.77695376,-14.2213702624,31.1052774415)) ;
#10640=CARTESIAN_POINT('Control Point',(25.4320831477,-16.5594405594,31.2801661726)) ;
#10641=CARTESIAN_POINT('Vertex',(25.4320831661,-16.5594405594,31.2801661726)) ;
#10644=CARTESIAN_POINT('Line Origine',(0.,-16.5594405594,31.2801661726)) ;
#10657=CARTESIAN_POINT('Axis2P3D Location',(0.,0.,252.661703181)) ;
#10662=CARTESIAN_POINT('Line Origine',(0.,3.29680582642E-013,45.6617031814)) ;
#10666=CARTESIAN_POINT('Vertex',(28.1883069138,3.29680582642E-013,45.6617031814)) ;
#10669=CARTESIAN_POINT('Axis2P3D Location',(28.1883069138,0.,252.661703181)) ;
#10673=CARTESIAN_POINT('Vertex',(28.1883084308,6.36994633291,45.7597365795)) ;
#10677=CARTESIAN_POINT('Control Point',(26.1700404366,15.4405596066,46.2383781451)) ;
#10678=CARTESIAN_POINT('Control Point',(27.1623466668,13.3232787521,46.0800045638)) ;
#10679=CARTESIAN_POINT('Control Point',(27.8458887612,11.0582563361,45.9396115194)) ;
#10680=CARTESIAN_POINT('Control Point',(28.1883106122,8.7146377035,45.8319232215)) ;
#10681=CARTESIAN_POINT('Control Point',(28.1883084308,6.36994633291,45.7597365795)) ;
#10691=CARTESIAN_POINT('Axis2P3D Location',(0.,-16.,38.7592721526)) ;
#10697=CARTESIAN_POINT('Control Point',(25.4320831661,-16.5594405594,31.2801661726)) ;
#10698=CARTESIAN_POINT('Control Point',(24.7881344739,-17.4512268539,31.3468721967)) ;
#10699=CARTESIAN_POINT('Control Point',(24.0529836413,-18.2737343122,31.5677479704)) ;
#10700=CARTESIAN_POINT('Control Point',(23.2752402193,-19.00548051,31.8878031027)) ;
#10701=CARTESIAN_POINT('Vertex',(23.2752402193,-19.0054907176,31.8878075674)) ;
#10705=CARTESIAN_POINT('Control Point',(23.2752402193,-19.0054907176,31.8878075674)) ;
#10706=CARTESIAN_POINT('Control Point',(22.5369898169,-19.7000687949,32.1916071341)) ;
#10707=CARTESIAN_POINT('Control Point',(21.8223731254,-20.3724076405,32.5902301974)) ;
#10708=CARTESIAN_POINT('Control Point',(21.1430869529,-21.0115346907,33.0880151914)) ;
#10709=CARTESIAN_POINT('Control Point',(19.8628939681,-22.2160135853,34.3281329087)) ;
#10710=CARTESIAN_POINT('Control Point',(18.9413640769,-23.083043537,36.0169728377)) ;
#10711=CARTESIAN_POINT('Control Point',(18.5990809169,-23.4050827741,36.9997616355)) ;
#10712=CARTESIAN_POINT('Control Point',(18.3752725135,-23.6156548646,38.6601820619)) ;
#10713=CARTESIAN_POINT('Control Point',(18.625833349,-23.3799125916,40.283692747)) ;
#10714=CARTESIAN_POINT('Control Point',(18.7792651111,-23.2355549172,40.8571877355)) ;
#10715=CARTESIAN_POINT('Control Point',(19.2373548185,-22.8045579248,42.0654632951)) ;
#10716=CARTESIAN_POINT('Control Point',(19.9114235369,-22.1703543972,43.0982785359)) ;
#10717=CARTESIAN_POINT('Control Point',(20.3331317027,-21.7735869073,43.6073009532)) ;
#10718=CARTESIAN_POINT('Control Point',(21.1423053262,-21.0122697571,44.4021159277)) ;
#10719=CARTESIAN_POINT('Control Point',(22.0388066153,-20.168788944,45.0183449786)) ;
#10720=CARTESIAN_POINT('Control Point',(22.4418155321,-19.7896237399,45.2538412125)) ;
#10721=CARTESIAN_POINT('Control Point',(22.854709942,-19.4011500697,45.4576808138)) ;
#10722=CARTESIAN_POINT('Control Point',(23.2752448684,-19.0054846578,45.6307393884)) ;
#10723=CARTESIAN_POINT('Vertex',(23.275242235,-19.0054828078,45.6307401975)) ;
#10727=CARTESIAN_POINT('Control Point',(23.275242235,-19.0054828078,45.6307401975)) ;
#10728=CARTESIAN_POINT('Control Point',(24.0963168971,-18.2329607403,45.9686304093)) ;
#10729=CARTESIAN_POINT('Control Point',(24.8736851319,-17.376175825,46.2070952825)) ;
#10730=CARTESIAN_POINT('Control Point',(25.5785484191,-16.427297884,46.312186621)) ;
#10731=CARTESIAN_POINT('Control Point',(26.1700400804,-15.4405594406,46.2383781327)) ;
#10732=CARTESIAN_POINT('Vertex',(26.1700401861,-15.4405594406,46.2383781327)) ;
#10735=CARTESIAN_POINT('Line Origine',(0.,-15.4405594406,46.2383781327)) ;
#10752=CARTESIAN_POINT('Control Point',(28.1883069138,-6.36994756303,45.7597366174)) ;
#10753=CARTESIAN_POINT('Control Point',(28.1883069138,-8.71470380171,45.8319252705)) ;
#10754=CARTESIAN_POINT('Control Point',(27.8458523215,-11.058422841,45.9396208485)) ;
#10755=CARTESIAN_POINT('Control Point',(27.1623362254,-13.3233041855,46.080006468)) ;
#10756=CARTESIAN_POINT('Control Point',(26.1700401861,-15.4405594406,46.2383781327)) ;
#10757=CARTESIAN_POINT('Vertex',(28.1883069138,-6.36994762328,45.7597366192)) ;
#10760=CARTESIAN_POINT('Axis2P3D Location',(28.1883069138,0.,252.661703181)) ;
#10774=CARTESIAN_POINT('Control Point',(26.1883069138,-6.30840217595,47.7587894344)) ;
#10775=CARTESIAN_POINT('Control Point',(26.1883069138,-8.40935123269,47.8302806126)) ;
#10776=CARTESIAN_POINT('Control Point',(25.8784609916,-10.509375623,47.9369523103)) ;
#10777=CARTESIAN_POINT('Control Point',(25.2600468054,-12.5387509696,48.075967117)) ;
#10778=CARTESIAN_POINT('Control Point',(24.362255934,-14.4358541168,48.2328067009)) ;
#10779=CARTESIAN_POINT('Vertex',(26.1883069138,-6.30840217595,47.7587894344)) ;
#10781=CARTESIAN_POINT('Vertex',(24.362255934,-14.4358541168,48.2328067009)) ;
#10785=CARTESIAN_POINT('Control Point',(21.7431513331,-18.52136676,47.4631280025)) ;
#10786=CARTESIAN_POINT('Control Point',(22.4860314442,-17.6360367187,47.891128144)) ;
#10787=CARTESIAN_POINT('Control Point',(23.1893756912,-16.6541267867,48.1931584277)) ;
#10788=CARTESIAN_POINT('Control Point',(23.8270968471,-15.5666876235,48.326297146)) ;
#10789=CARTESIAN_POINT('Control Point',(24.3622559693,-14.4358540423,48.232806394)) ;
#10790=CARTESIAN_POINT('Vertex',(21.7431513331,-18.52136676,47.4631280025)) ;
#10793=CARTESIAN_POINT('Line Origine',(21.7431513331,-18.52136676,0.)) ;
#10798=CARTESIAN_POINT('Line Origine',(26.1883069138,-6.30840217595,0.)) ;
#10811=CARTESIAN_POINT('Line Origine',(26.1883069138,0.,49.1617031814)) ;
#10815=CARTESIAN_POINT('Vertex',(26.1883069138,0.,47.6617031814)) ;
#10818=CARTESIAN_POINT('Axis2P3D Location',(26.1883069138,-4.62740956664E-013,252.661703181)) ;
#10830=CARTESIAN_POINT('Line Origine',(26.1883069138,6.30840217595,49.2595107212)) ;
#10834=CARTESIAN_POINT('Vertex',(26.1883069138,6.30840217595,47.7587937684)) ;
#10837=CARTESIAN_POINT('Axis2P3D Location',(26.1883069138,-1.55431223448E-013,252.661703181)) ;
#10850=CARTESIAN_POINT('Control Point',(24.3622569995,14.4358518655,48.2328060727)) ;
#10851=CARTESIAN_POINT('Control Point',(23.8270133972,15.5668643305,48.3263117942)) ;
#10852=CARTESIAN_POINT('Control Point',(23.1900368923,16.653096151,48.1933709566)) ;
#10853=CARTESIAN_POINT('Control Point',(22.4859773288,17.6361012109,47.8910933432)) ;
#10854=CARTESIAN_POINT('Control Point',(21.7431513331,18.52136676,47.4631329492)) ;
#10855=CARTESIAN_POINT('Vertex',(21.7431513331,18.52136676,47.4631332136)) ;
#10857=CARTESIAN_POINT('Vertex',(24.3622569995,14.4358518655,48.2328060727)) ;
#10861=CARTESIAN_POINT('Control Point',(24.3622560052,14.4358539663,48.2328075184)) ;
#10862=CARTESIAN_POINT('Control Point',(25.2600573235,12.5387287009,48.0759613977)) ;
#10863=CARTESIAN_POINT('Control Point',(25.8784991023,10.5092212588,47.936929449)) ;
#10864=CARTESIAN_POINT('Control Point',(26.1883069138,8.40929460965,47.8302891114)) ;
#10865=CARTESIAN_POINT('Control Point',(26.1883069138,6.30840217595,47.7587937684)) ;
#10867=CARTESIAN_POINT('Line Origine',(21.7431513331,18.52136676,0.)) ;
#10881=CARTESIAN_POINT('Control Point',(23.6945800028,15.7181284585,29.2857403678)) ;
#10882=CARTESIAN_POINT('Control Point',(24.9113605923,13.5836867014,29.1092750848)) ;
#10883=CARTESIAN_POINT('Control Point',(25.7618494861,11.2364687858,28.9484098311)) ;
#10884=CARTESIAN_POINT('Control Point',(26.1883069194,8.77285665255,28.8272978012)) ;
#10885=CARTESIAN_POINT('Control Point',(26.1883069138,6.3084021327,28.7505524093)) ;
#10886=CARTESIAN_POINT('Vertex',(26.1883069138,6.30840217595,28.7505510205)) ;
#10888=CARTESIAN_POINT('Vertex',(23.6945800028,15.7181284585,29.2857403678)) ;
#10892=CARTESIAN_POINT('Control Point',(21.7431513331,18.52136676,30.0554186233)) ;
#10893=CARTESIAN_POINT('Control Point',(22.2710360475,17.8922582551,29.7512878364)) ;
#10894=CARTESIAN_POINT('Control Point',(22.7786871283,17.2139458252,29.5113013301)) ;
#10895=CARTESIAN_POINT('Control Point',(23.2574069798,16.4850050929,29.3491505474)) ;
#10896=CARTESIAN_POINT('Control Point',(23.6945810787,15.7181265711,29.2857499871)) ;
#10897=CARTESIAN_POINT('Vertex',(21.7431513331,18.52136676,30.0554186233)) ;
#10900=CARTESIAN_POINT('Line Origine',(21.7431513331,18.52136676,0.)) ;
#10905=CARTESIAN_POINT('Line Origine',(26.1883069138,6.30840217595,0.)) ;
#10918=CARTESIAN_POINT('Line Origine',(26.1883069138,0.,27.8308515907)) ;
#10922=CARTESIAN_POINT('Vertex',(26.1883069138,0.,28.6617031814)) ;
#10925=CARTESIAN_POINT('Axis2P3D Location',(26.1883069138,7.55839835165E-013,252.661703181)) ;
#10937=CARTESIAN_POINT('Line Origine',(26.1883069138,-6.30840217595,27.5016236504)) ;
#10941=CARTESIAN_POINT('Vertex',(26.1883069138,-6.30840217595,28.750551112)) ;
#10944=CARTESIAN_POINT('Axis2P3D Location',(26.1883069138,-9.85878045867E-014,252.661703181)) ;
#10957=CARTESIAN_POINT('Control Point',(23.6945807073,-15.7181272227,29.285737824)) ;
#10958=CARTESIAN_POINT('Control Point',(23.1119595969,-16.7401447118,29.3702338871)) ;
#10959=CARTESIAN_POINT('Control Point',(22.4468239529,-17.6827623873,29.6500081885)) ;
#10960=CARTESIAN_POINT('Control Point',(21.7431513331,-18.52136676,30.0554113561)) ;
#10961=CARTESIAN_POINT('Vertex',(21.7431513331,-18.52136676,30.0554050088)) ;
#10963=CARTESIAN_POINT('Vertex',(23.6945807073,-15.7181272227,29.285737824)) ;
#10967=CARTESIAN_POINT('Control Point',(26.1883069138,-6.30840217595,28.750551112)) ;
#10968=CARTESIAN_POINT('Control Point',(26.1883069138,-8.77290897057,28.8272930344)) ;
#10969=CARTESIAN_POINT('Control Point',(25.7617971134,-11.2366410531,28.9484375482)) ;
#10970=CARTESIAN_POINT('Control Point',(24.9113683461,-13.5836727591,29.109273606)) ;
#10971=CARTESIAN_POINT('Control Point',(23.6945806492,-15.7181273246,29.2857379113)) ;
#10973=CARTESIAN_POINT('Line Origine',(21.7431513331,-18.52136676,0.)) ;
#10986=CARTESIAN_POINT('Axis2P3D Location',(7.01866670643,36.0693242129,0.)) ;
#10992=CARTESIAN_POINT('Control Point',(21.7431504894,18.5213677654,30.0554074388)) ;
#10993=CARTESIAN_POINT('Control Point',(21.5302997833,18.7750333592,30.1663589658)) ;
#10994=CARTESIAN_POINT('Control Point',(21.3194137751,19.026357517,30.2872950938)) ;
#10995=CARTESIAN_POINT('Control Point',(21.1107825928,19.274994478,30.4183592571)) ;
#10996=CARTESIAN_POINT('Control Point',(20.3388749489,20.1949181858,30.9479061323)) ;
#10997=CARTESIAN_POINT('Control Point',(19.6083949228,21.0654703812,31.6244374083)) ;
#10998=CARTESIAN_POINT('Control Point',(19.1020924099,21.66885822,32.2037227117)) ;
#10999=CARTESIAN_POINT('Control Point',(18.2627901247,22.6690997336,33.4086166487)) ;
#11000=CARTESIAN_POINT('Control Point',(17.6164580954,23.4393682515,34.8896959921)) ;
#11001=CARTESIAN_POINT('Control Point',(17.3747908687,23.7273760372,35.6062521776)) ;
#11002=CARTESIAN_POINT('Control Point',(17.0098744473,24.1622664933,37.1416239409)) ;
#11003=CARTESIAN_POINT('Control Point',(16.9204259483,24.2688670634,38.7821252315)) ;
#11004=CARTESIAN_POINT('Control Point',(16.9531361159,24.2298846036,39.6126987548)) ;
#11005=CARTESIAN_POINT('Control Point',(17.1570822194,23.9868311021,41.1495861383)) ;
#11006=CARTESIAN_POINT('Control Point',(17.5928113049,23.467549399,42.5494950586)) ;
#11007=CARTESIAN_POINT('Control Point',(17.8433579841,23.168959494,43.1691983921)) ;
#11008=CARTESIAN_POINT('Control Point',(18.6193823957,22.2441296135,44.7259364011)) ;
#11009=CARTESIAN_POINT('Control Point',(19.6103408883,21.0631512699,45.9420589587)) ;
#11010=CARTESIAN_POINT('Control Point',(20.2907171972,20.2523103594,46.5737670754)) ;
#11011=CARTESIAN_POINT('Control Point',(21.0052952592,19.4007093868,47.0785236094)) ;
#11012=CARTESIAN_POINT('Control Point',(21.7431513331,18.52136676,47.4631332136)) ;
#11029=CARTESIAN_POINT('Axis2P3D Location',(7.01866670643,-36.0693242129,0.)) ;
#11035=CARTESIAN_POINT('Control Point',(21.7431513331,-18.52136676,30.0554050088)) ;
#11036=CARTESIAN_POINT('Control Point',(21.5076926206,-18.8019755265,30.1781417471)) ;
#11037=CARTESIAN_POINT('Control Point',(21.2746380166,-19.0797191881,30.3130969637)) ;
#11038=CARTESIAN_POINT('Control Point',(21.0443807341,-19.3541291318,30.4604644513)) ;
#11039=CARTESIAN_POINT('Control Point',(20.3326061719,-20.2023890233,30.9621359391)) ;
#11040=CARTESIAN_POINT('Control Point',(19.6578150862,-21.006573724,31.5904750603)) ;
#11041=CARTESIAN_POINT('Control Point',(19.2201604373,-21.5281502242,32.0798042299)) ;
#11042=CARTESIAN_POINT('Control Point',(18.4631961635,-22.4302651168,33.105923131)) ;
#11043=CARTESIAN_POINT('Control Point',(17.8433574416,-23.1689601405,34.3493475566)) ;
#11044=CARTESIAN_POINT('Control Point',(17.5928123128,-23.4675481978,34.9690464029)) ;
#11045=CARTESIAN_POINT('Control Point',(17.2243483463,-23.9066664537,36.1528449204)) ;
#11046=CARTESIAN_POINT('Control Point',(17.021629088,-24.1482578581,37.4345916122)) ;
#11047=CARTESIAN_POINT('Control Point',(16.9679781692,-24.2121965333,38.0138980991)) ;
#11048=CARTESIAN_POINT('Control Point',(16.931890162,-24.2552045455,39.3618061178)) ;
#11049=CARTESIAN_POINT('Control Point',(17.0937444628,-24.0623141011,40.6902045938)) ;
#11050=CARTESIAN_POINT('Control Point',(17.2471762248,-23.8794612475,41.4166317218)) ;
#11051=CARTESIAN_POINT('Control Point',(17.7052659323,-23.3335311929,42.9471144739)) ;
#11052=CARTESIAN_POINT('Control Point',(18.3793346507,-22.5302073761,44.2553466501)) ;
#11053=CARTESIAN_POINT('Control Point',(18.8010428164,-22.0276351545,44.9001085772)) ;
#11054=CARTESIAN_POINT('Control Point',(19.6102151354,-21.0633011363,45.9068726879)) ;
#11055=CARTESIAN_POINT('Control Point',(20.5067148385,-19.9948943944,46.6874285154)) ;
#11056=CARTESIAN_POINT('Control Point',(20.9097221688,-19.5146089607,46.985745704)) ;
#11057=CARTESIAN_POINT('Control Point',(21.3226149399,-19.0225425174,47.2439447807)) ;
#11058=CARTESIAN_POINT('Control Point',(21.7431481959,-18.5213704987,47.4631475158)) ;
#11075=CARTESIAN_POINT('Axis2P3D Location',(28.1883069138,-1.42996725572E-013,252.661703181)) ;
#11080=CARTESIAN_POINT('Axis2P3D Location',(28.1883069138,3.03837684179E-013,47.6617031814)) ;
#11085=CARTESIAN_POINT('Axis2P3D Location',(28.1883069138,-6.30840223562,47.7587894363)) ;
#11098=CARTESIAN_POINT('Control Point',(28.1883069138,-6.36994756303,45.7597366174)) ;
#11099=CARTESIAN_POINT('Control Point',(27.8741476484,-6.36994756303,45.7597366174)) ;
#11100=CARTESIAN_POINT('Control Point',(27.5599834058,-6.36804977453,45.8213785963)) ;
#11101=CARTESIAN_POINT('Control Point',(27.261989759,-6.36425134489,45.9447552102)) ;
#11102=CARTESIAN_POINT('Control Point',(26.7304852377,-6.35326327562,46.3016581702)) ;
#11103=CARTESIAN_POINT('Control Point',(26.3734131714,-6.33690744987,46.8329109755)) ;
#11104=CARTESIAN_POINT('Control Point',(26.2499780997,-6.3277373827,47.1307634951)) ;
#11105=CARTESIAN_POINT('Control Point',(26.1883069138,-6.31806970274,47.4447789522)) ;
#11106=CARTESIAN_POINT('Control Point',(26.1883069138,-6.30840217595,47.7587894344)) ;
#11107=CARTESIAN_POINT('Control Point',(28.1883069138,-8.24575255397,45.8174875399)) ;
#11108=CARTESIAN_POINT('Control Point',(27.8736032117,-8.21798802392,45.8166327457)) ;
#11109=CARTESIAN_POINT('Control Point',(27.5588944725,-8.18775983498,45.8776162692)) ;
#11110=CARTESIAN_POINT('Control Point',(27.2604405517,-8.15649381766,46.0005757074)) ;
#11111=CARTESIAN_POINT('Control Point',(26.7283499287,-8.09526044967,46.3571235326)) ;
#11112=CARTESIAN_POINT('Control Point',(26.3715334987,-8.04248321183,46.8888138776)) ;
#11113=CARTESIAN_POINT('Control Point',(26.2484813469,-8.01967941265,47.187043316)) ;
#11114=CARTESIAN_POINT('Control Point',(26.1874517146,-8.00169256916,47.5015153632)) ;
#11115=CARTESIAN_POINT('Control Point',(26.1883069138,-7.98916142134,47.815982377)) ;
#11116=CARTESIAN_POINT('Control Point',(27.9828914577,-10.1208381907,45.8964943848)) ;
#11117=CARTESIAN_POINT('Control Point',(27.6703128157,-10.0652382877,45.8941527252)) ;
#11118=CARTESIAN_POINT('Control Point',(27.3577290804,-10.0065993648,45.9539968291)) ;
#11119=CARTESIAN_POINT('Control Point',(27.0613886992,-9.94779196813,46.0762428639)) ;
#11120=CARTESIAN_POINT('Control Point',(26.5334769736,-9.83621467663,46.4322092366)) ;
#11121=CARTESIAN_POINT('Control Point',(26.1805988671,-9.7470599457,46.9647159409)) ;
#11122=CARTESIAN_POINT('Control Point',(26.0594209927,-9.71069141822,47.2636322828)) ;
#11123=CARTESIAN_POINT('Control Point',(26.0001114662,-9.68450573236,47.5789316448)) ;
#11124=CARTESIAN_POINT('Control Point',(26.0024548322,-9.66927643361,47.8942258707)) ;
#11125=CARTESIAN_POINT('Control Point',(27.5723885838,-11.9644682367,45.995844439)) ;
#11126=CARTESIAN_POINT('Control Point',(27.2646245574,-11.8812667683,45.991388709)) ;
#11127=CARTESIAN_POINT('Control Point',(26.9568553866,-11.7944434297,46.049615061)) ;
#11128=CARTESIAN_POINT('Control Point',(26.6652189921,-11.7083323108,46.1708526868)) ;
#11129=CARTESIAN_POINT('Control Point',(26.1462707758,-11.54695129,46.5260123336)) ;
#11130=CARTESIAN_POINT('Control Point',(25.8009976056,-11.4221238685,47.0597138128)) ;
#11131=CARTESIAN_POINT('Control Point',(25.6831662786,-11.3725933953,47.3596268437)) ;
#11132=CARTESIAN_POINT('Control Point',(25.6266244865,-11.338658228,47.6761240605)) ;
#11133=CARTESIAN_POINT('Control Point',(25.6310473342,-11.3212063076,47.9926159936)) ;
#11134=CARTESIAN_POINT('Control Point',(26.9638770175,-13.7467548279,46.1116826724)) ;
#11135=CARTESIAN_POINT('Control Point',(26.6636701252,-13.6364871271,46.1045602152)) ;
#11136=CARTESIAN_POINT('Control Point',(26.3634580542,-13.5220104923,46.1607437464)) ;
#11137=CARTESIAN_POINT('Control Point',(26.0791505025,-13.4091429553,46.280709202)) ;
#11138=CARTESIAN_POINT('Control Point',(25.5739454305,-13.1991309002,46.6348599334)) ;
#11139=CARTESIAN_POINT('Control Point',(25.2397526877,-13.0399789486,47.1700951885)) ;
#11140=CARTESIAN_POINT('Control Point',(25.1265881504,-12.9780101035,47.471283418)) ;
#11141=CARTESIAN_POINT('Control Point',(25.073652273,-12.9370851722,47.7893119647)) ;
#11142=CARTESIAN_POINT('Control Point',(25.080489335,-12.9181709393,48.1073350338)) ;
#11143=CARTESIAN_POINT('Control Point',(26.1700401861,-15.4405593719,46.2383784452)) ;
#11144=CARTESIAN_POINT('Control Point',(25.8801573364,-15.304137633,46.2281740277)) ;
#11145=CARTESIAN_POINT('Control Point',(25.5902693109,-15.162924546,46.281991928)) ;
#11146=CARTESIAN_POINT('Control Point',(25.3159165195,-15.0242257887,46.4004833786)) ;
#11147=CARTESIAN_POINT('Control Point',(24.8291437832,-14.7674604406,46.7534698566)) ;
#11148=CARTESIAN_POINT('Control Point',(24.5091907575,-14.5758748575,47.2904992958)) ;
#11149=CARTESIAN_POINT('Control Point',(24.4017880649,-14.5024068105,47.5931775578)) ;
#11150=CARTESIAN_POINT('Control Point',(24.3530065925,-14.4553988292,47.9129949844)) ;
#11151=CARTESIAN_POINT('Control Point',(24.3622560519,-14.4358540082,48.2328067009)) ;
#11153=CARTESIAN_POINT('Control Point',(26.1700401861,-15.4405593719,46.2383784452)) ;
#11154=CARTESIAN_POINT('Control Point',(25.5902744868,-15.1677158941,46.2179696102)) ;
#11155=CARTESIAN_POINT('Control Point',(25.0099012822,-14.8754852159,46.4529028313)) ;
#11156=CARTESIAN_POINT('Control Point',(24.5567046529,-14.6236138361,46.9528896083)) ;
#11157=CARTESIAN_POINT('Control Point',(24.3437571331,-14.4749436502,47.5931832679)) ;
#11158=CARTESIAN_POINT('Control Point',(24.3622560519,-14.4358540082,48.2328067009)) ;
#11168=CARTESIAN_POINT('Control Point',(23.275242235,-19.0054806225,45.6307373672)) ;
#11169=CARTESIAN_POINT('Control Point',(23.0674858968,-18.8591468811,45.6947415155)) ;
#11170=CARTESIAN_POINT('Control Point',(22.8597284405,-18.7300100078,45.7980652067)) ;
#11171=CARTESIAN_POINT('Control Point',(22.6594065509,-18.6233206642,45.9384462342)) ;
#11172=CARTESIAN_POINT('Control Point',(22.2884610347,-18.462732673,46.2829298445)) ;
#11173=CARTESIAN_POINT('Control Point',(22.0004331668,-18.4150964559,46.7265836264)) ;
#11174=CARTESIAN_POINT('Control Point',(21.8830585009,-18.4213991748,46.9661701982)) ;
#11175=CARTESIAN_POINT('Control Point',(21.7966680233,-18.4575903812,47.2146497683)) ;
#11176=CARTESIAN_POINT('Control Point',(21.7431531984,-18.5213669475,47.4631280025)) ;
#11177=CARTESIAN_POINT('Control Point',(23.9321019647,-18.3874660865,45.9010531895)) ;
#11178=CARTESIAN_POINT('Control Point',(23.7086117486,-18.2329985778,45.9529361153)) ;
#11179=CARTESIAN_POINT('Control Point',(23.4851199722,-18.094035684,46.0499022357)) ;
#11180=CARTESIAN_POINT('Control Point',(23.2704255138,-17.9766834338,46.1898874383)) ;
#11181=CARTESIAN_POINT('Control Point',(22.8761642538,-17.7947593897,46.5443802326)) ;
#11182=CARTESIAN_POINT('Control Point',(22.5793375442,-17.7279960368,47.015257466)) ;
#11183=CARTESIAN_POINT('Control Point',(22.4621185989,-17.7258540123,47.2716760468)) ;
#11184=CARTESIAN_POINT('Control Point',(22.3809148055,-17.7550063321,47.5386030131)) ;
#11185=CARTESIAN_POINT('Control Point',(22.3374548227,-17.8131026211,47.8055281157)) ;
#11186=CARTESIAN_POINT('Control Point',(24.5625338506,-17.7179711151,46.1111161456)) ;
#11187=CARTESIAN_POINT('Control Point',(24.3223537402,-17.5590896457,46.1480790763)) ;
#11188=CARTESIAN_POINT('Control Point',(24.0821714548,-17.4128030855,46.2360167313)) ;
#11189=CARTESIAN_POINT('Control Point',(23.852345129,-17.2860248638,46.3732794792)) ;
#11190=CARTESIAN_POINT('Control Point',(23.4340300947,-17.0828540267,46.7339712321)) ;
#11191=CARTESIAN_POINT('Control Point',(23.1295489824,-16.9928281858,47.2297567817)) ;
#11192=CARTESIAN_POINT('Control Point',(23.0136131817,-16.9792538251,47.502180621)) ;
#11193=CARTESIAN_POINT('Control Point',(22.9392461834,-16.9976563789,47.7868956209)) ;
#11194=CARTESIAN_POINT('Control Point',(22.9078454984,-17.0458400176,48.0716080322)) ;
#11195=CARTESIAN_POINT('Control Point',(25.1566293828,-16.9967192542,46.2500504579)) ;
#11196=CARTESIAN_POINT('Control Point',(24.8990029375,-16.8386238047,46.2699556723)) ;
#11197=CARTESIAN_POINT('Control Point',(24.6413734707,-16.6887392817,46.3464978333)) ;
#11198=CARTESIAN_POINT('Control Point',(24.3958495502,-16.5546075516,46.4787101023)) ;
#11199=CARTESIAN_POINT('Control Point',(23.9531035834,-16.3310603527,46.8413145432)) ;
#11200=CARTESIAN_POINT('Control Point',(23.6423228911,-16.212712854,47.3585169537)) ;
#11201=CARTESIAN_POINT('Control Point',(23.5288420963,-16.1838473261,47.6454189398)) ;
#11202=CARTESIAN_POINT('Control Point',(23.4629041744,-16.1866001652,47.9465067878)) ;
#11203=CARTESIAN_POINT('Control Point',(23.4453606219,-16.2192629536,48.2475910793)) ;
#11204=CARTESIAN_POINT('Control Point',(25.6968467513,-16.2299501953,46.2974249234)) ;
#11205=CARTESIAN_POINT('Control Point',(25.4220790553,-16.0799017695,46.3006805832)) ;
#11206=CARTESIAN_POINT('Control Point',(25.1473072497,-15.9320672969,46.3651508987)) ;
#11207=CARTESIAN_POINT('Control Point',(24.8864538906,-15.7941151301,46.4907218849)) ;
#11208=CARTESIAN_POINT('Control Point',(24.4202564081,-15.5526481998,46.8506500254)) ;
#11209=CARTESIAN_POINT('Control Point',(24.1045134125,-15.3998042129,47.382607268)) ;
#11210=CARTESIAN_POINT('Control Point',(23.9942190711,-15.350539153,47.6803274012)) ;
#11211=CARTESIAN_POINT('Control Point',(23.9373832596,-15.3309809397,47.9939655591)) ;
#11212=CARTESIAN_POINT('Control Point',(23.9341286716,-15.3405209073,48.3075989956)) ;
#11213=CARTESIAN_POINT('Control Point',(26.1700400804,-15.4405594406,46.2383781327)) ;
#11214=CARTESIAN_POINT('Control Point',(25.8801572392,-15.3041376979,46.2281737237)) ;
#11215=CARTESIAN_POINT('Control Point',(25.5902692221,-15.1629246072,46.2819916307)) ;
#11216=CARTESIAN_POINT('Control Point',(25.3159164381,-15.0242258464,46.4004830855)) ;
#11217=CARTESIAN_POINT('Control Point',(24.8291437131,-14.7674604912,46.7534695672)) ;
#11218=CARTESIAN_POINT('Control Point',(24.5091906893,-14.5758749012,47.2904990021)) ;
#11219=CARTESIAN_POINT('Control Point',(24.4017879947,-14.5024068509,47.5931772603)) ;
#11220=CARTESIAN_POINT('Control Point',(24.3530065173,-14.4553988663,47.9129946823)) ;
#11221=CARTESIAN_POINT('Control Point',(24.3622559693,-14.4358540423,48.232806394)) ;
#11223=CARTESIAN_POINT('Control Point',(23.275242235,-19.0054806225,45.6307373672)) ;
#11224=CARTESIAN_POINT('Control Point',(22.7558513895,-18.639646269,45.7907477381)) ;
#11225=CARTESIAN_POINT('Control Point',(22.2329394675,-18.3871002877,46.2165256052)) ;
#11226=CARTESIAN_POINT('Control Point',(21.8769402606,-18.3619255319,46.841932417)) ;
#11227=CARTESIAN_POINT('Control Point',(21.7431531984,-18.5213669475,47.4631280025)) ;
#11237=CARTESIAN_POINT('Control Point',(23.2752402193,-19.0054806836,31.8877981078)) ;
#11238=CARTESIAN_POINT('Control Point',(22.8597271882,-18.7128124618,31.7597904198)) ;
#11239=CARTESIAN_POINT('Control Point',(22.4442141572,-18.4889426921,31.4744878239)) ;
#11240=CARTESIAN_POINT('Control Point',(22.0887256979,-18.3766144099,31.0493201948)) ;
#11241=CARTESIAN_POINT('Control Point',(21.8501803047,-18.3938128873,30.5523626008)) ;
#11242=CARTESIAN_POINT('Control Point',(21.7431513331,-18.52136676,30.0554050088)) ;
#11243=CARTESIAN_POINT('Control Point',(22.5369898169,-19.7000694358,32.1916074695)) ;
#11244=CARTESIAN_POINT('Control Point',(22.1341903168,-19.4422354381,32.0435912297)) ;
#11245=CARTESIAN_POINT('Control Point',(21.7313908166,-19.2626297396,31.7600270068)) ;
#11246=CARTESIAN_POINT('Control Point',(21.3810301704,-19.194898984,31.3597902845)) ;
#11247=CARTESIAN_POINT('Control Point',(21.1333914142,-19.2480505192,30.9000102469)) ;
#11248=CARTESIAN_POINT('Control Point',(21.0049009307,-19.4011793293,30.4402302101)) ;
#11249=CARTESIAN_POINT('Control Point',(21.8225465903,-20.3722586996,32.5903097293)) ;
#11250=CARTESIAN_POINT('Control Point',(21.4308624342,-20.1527931419,32.4296257384)) ;
#11251=CARTESIAN_POINT('Control Point',(21.039178278,-20.0171921189,32.1546273104)) ;
#11252=CARTESIAN_POINT('Control Point',(20.6934581712,-19.9909697025,31.7839295026)) ;
#11253=CARTESIAN_POINT('Control Point',(20.4381318925,-20.076629254,31.3645913544)) ;
#11254=CARTESIAN_POINT('Control Point',(20.2904577041,-20.2526196112,30.9452531993)) ;
#11255=CARTESIAN_POINT('Control Point',(21.1432830711,-21.0113500772,33.0876401619)) ;
#11256=CARTESIAN_POINT('Control Point',(20.7613109696,-20.8320485419,32.9225525917)) ;
#11257=CARTESIAN_POINT('Control Point',(20.3793388681,-20.7390140832,32.6631627872)) ;
#11258=CARTESIAN_POINT('Control Point',(20.0377807153,-20.7509449426,32.3265877964)) ;
#11259=CARTESIAN_POINT('Control Point',(19.7759383104,-20.8658020701,31.950896289)) ;
#11260=CARTESIAN_POINT('Control Point',(19.6111941848,-21.0621343507,31.5752047906)) ;
#11261=CARTESIAN_POINT('Control Point',(19.8626892764,-22.2162062695,34.3285243331)) ;
#11262=CARTESIAN_POINT('Control Point',(19.4977829574,-22.1183050578,34.1740440308)) ;
#11263=CARTESIAN_POINT('Control Point',(19.1328766385,-22.1064338191,33.962121398)) ;
#11264=CARTESIAN_POINT('Control Point',(18.7987857136,-22.1882858013,33.705443613)) ;
#11265=CARTESIAN_POINT('Control Point',(18.5258017155,-22.3556525096,33.4262176925)) ;
#11266=CARTESIAN_POINT('Control Point',(18.3306003901,-22.5882866062,33.1469917627)) ;
#11267=CARTESIAN_POINT('Control Point',(18.9415777171,-23.0828424293,36.0165643015)) ;
#11268=CARTESIAN_POINT('Control Point',(18.5875485702,-23.0500804281,35.911543655)) ;
#11269=CARTESIAN_POINT('Control Point',(18.2335194233,-23.0975458895,35.7772461718)) ;
#11270=CARTESIAN_POINT('Control Point',(17.9043649738,-23.2273681122,35.6206861723)) ;
#11271=CARTESIAN_POINT('Control Point',(17.6246475466,-23.4296107562,35.4529307572)) ;
#11272=CARTESIAN_POINT('Control Point',(17.4094888308,-23.6860246161,35.2851753518)) ;
#11273=CARTESIAN_POINT('Control Point',(18.5990470092,-23.4051146536,36.9992296092)) ;
#11274=CARTESIAN_POINT('Control Point',(18.2488403163,-23.3977208364,36.9299340586)) ;
#11275=CARTESIAN_POINT('Control Point',(17.8986336234,-23.4673545354,36.8431463395)) ;
#11276=CARTESIAN_POINT('Control Point',(17.5712406291,-23.6146150837,36.7431509741)) ;
#11277=CARTESIAN_POINT('Control Point',(17.2892197503,-23.8293539699,36.6365176923)) ;
#11278=CARTESIAN_POINT('Control Point',(17.066958123,-24.0942368177,36.5298844249)) ;
#11279=CARTESIAN_POINT('Control Point',(18.3752920694,-23.6156364785,38.660488903)) ;
#11280=CARTESIAN_POINT('Control Point',(18.0276145411,-23.6246559874,38.6570785908)) ;
#11281=CARTESIAN_POINT('Control Point',(17.6799370127,-23.7087575664,38.6523626396)) ;
#11282=CARTESIAN_POINT('Control Point',(17.3537055475,-23.8674656784,38.6466316664)) ;
#11283=CARTESIAN_POINT('Control Point',(17.0701512104,-24.0904324566,38.6403893348)) ;
#11284=CARTESIAN_POINT('Control Point',(16.8432031832,-24.3608975711,38.634146995)) ;
#11285=CARTESIAN_POINT('Control Point',(18.6258220703,-23.3799231956,40.2835157793)) ;
#11286=CARTESIAN_POINT('Control Point',(18.2753155046,-23.3705533406,40.3426893574)) ;
#11287=CARTESIAN_POINT('Control Point',(17.9248089389,-23.4384550488,40.4175786735)) ;
#11288=CARTESIAN_POINT('Control Point',(17.5972779202,-23.5843502028,40.5043850301)) ;
#11289=CARTESIAN_POINT('Control Point',(17.3154381213,-23.7981093033,40.5971828017)) ;
#11290=CARTESIAN_POINT('Control Point',(17.0937331841,-24.0623275425,40.689980578)) ;
#11291=CARTESIAN_POINT('Control Point',(18.7794973435,-23.2353364499,40.8572354633)) ;
#11292=CARTESIAN_POINT('Control Point',(18.4272486228,-23.2147250389,40.9376046725)) ;
#11293=CARTESIAN_POINT('Control Point',(18.0749999022,-23.2726946117,41.0403296676)) ;
#11294=CARTESIAN_POINT('Control Point',(17.7466695838,-23.4107173097,41.1600765835)) ;
#11295=CARTESIAN_POINT('Control Point',(17.4658878267,-23.6188119451,41.2883844023)) ;
#11296=CARTESIAN_POINT('Control Point',(17.2474084572,-23.8791844836,41.4166922259)) ;
#11297=CARTESIAN_POINT('Control Point',(19.4314713562,-22.6219219201,42.5787003757)) ;
#11298=CARTESIAN_POINT('Control Point',(19.0716658306,-22.5544447709,42.7177901892)) ;
#11299=CARTESIAN_POINT('Control Point',(18.711860305,-22.570356311,42.9024150982)) ;
#11300=CARTESIAN_POINT('Control Point',(18.3800842577,-22.6746890317,43.1222090771)) ;
#11301=CARTESIAN_POINT('Control Point',(18.1039406527,-22.8584069131,43.3597119587)) ;
#11302=CARTESIAN_POINT('Control Point',(17.89938247,-23.1021921117,43.5972148298)) ;
#11303=CARTESIAN_POINT('Control Point',(20.5242667237,-21.5937554593,43.9444247985)) ;
#11304=CARTESIAN_POINT('Control Point',(20.1508857041,-21.4521952198,44.1112991441)) ;
#11305=CARTESIAN_POINT('Control Point',(19.7775046845,-21.3981657232,44.354331845)) ;
#11306=CARTESIAN_POINT('Control Point',(19.4396627372,-21.4444623713,44.6581314184)) ;
#11307=CARTESIAN_POINT('Control Point',(19.1721221792,-21.5854048796,44.9926314993)) ;
#11308=CARTESIAN_POINT('Control Point',(18.9921778374,-21.7998493065,45.3271316029)) ;
#11309=CARTESIAN_POINT('Control Point',(21.3841819964,-20.7846984819,44.6721381367)) ;
#11310=CARTESIAN_POINT('Control Point',(20.9992043564,-20.589217696,44.8398655282)) ;
#11311=CARTESIAN_POINT('Control Point',(20.6142267164,-20.4807290087,45.1088679628)) ;
#11312=CARTESIAN_POINT('Control Point',(20.2713231346,-20.4798173208,45.4608492097)) ;
#11313=CARTESIAN_POINT('Control Point',(20.0113863105,-20.585204725,45.8548759261)) ;
#11314=CARTESIAN_POINT('Control Point',(19.8520931102,-20.7750421909,46.2489026307)) ;
#11315=CARTESIAN_POINT('Control Point',(22.3093017834,-19.9142912225,45.2332592206)) ;
#11316=CARTESIAN_POINT('Control Point',(21.9104221403,-19.66719854,45.3874444664)) ;
#11317=CARTESIAN_POINT('Control Point',(21.5115424972,-19.5012431582,45.6704724686)) ;
#11318=CARTESIAN_POINT('Control Point',(21.1627628621,-19.4472669253,46.0630220137)) ;
#11319=CARTESIAN_POINT('Control Point',(20.9123204171,-19.5115084077,46.5113388644)) ;
#11320=CARTESIAN_POINT('Control Point',(20.7772128971,-19.6725273612,46.9596557194)) ;
#11321=CARTESIAN_POINT('Control Point',(23.2752448684,-19.0054759296,45.6307559295)) ;
#11322=CARTESIAN_POINT('Control Point',(22.859731473,-18.7128070999,45.758763049)) ;
#11323=CARTESIAN_POINT('Control Point',(22.4442180776,-18.4889368085,46.0440657234)) ;
#11324=CARTESIAN_POINT('Control Point',(22.0887294714,-18.3766082974,46.469234119)) ;
#11325=CARTESIAN_POINT('Control Point',(21.8501843388,-18.3938069279,46.9661928454)) ;
#11326=CARTESIAN_POINT('Control Point',(21.7431559821,-18.5213612194,47.4631515744)) ;
#11328=CARTESIAN_POINT('Control Point',(23.2752402193,-19.0054806836,31.8877981078)) ;
#11329=CARTESIAN_POINT('Control Point',(22.7558489305,-18.6396454064,31.7277884978)) ;
#11330=CARTESIAN_POINT('Control Point',(22.2329365435,-18.38709882,31.3020102594)) ;
#11331=CARTESIAN_POINT('Control Point',(21.8769375477,-18.3619244191,30.6766019988)) ;
#11332=CARTESIAN_POINT('Control Point',(21.7431513331,-18.52136676,30.0554050088)) ;
#11342=CARTESIAN_POINT('Control Point',(25.4320831661,-16.5594404231,31.2801661063)) ;
#11343=CARTESIAN_POINT('Control Point',(25.1653949532,-16.4082554739,31.2688574046)) ;
#11344=CARTESIAN_POINT('Control Point',(24.8987030728,-16.261454837,31.1989072965)) ;
#11345=CARTESIAN_POINT('Control Point',(24.6450985059,-16.126465762,31.0707906556)) ;
#11346=CARTESIAN_POINT('Control Point',(24.190091957,-15.8939641933,30.7113831916)) ;
#11347=CARTESIAN_POINT('Control Point',(23.8769839987,-15.7545382869,30.1890944877)) ;
#11348=CARTESIAN_POINT('Control Point',(23.7653715704,-15.7126862351,29.897989226)) ;
#11349=CARTESIAN_POINT('Control Point',(23.7044325592,-15.7008452513,29.5918614201)) ;
#11350=CARTESIAN_POINT('Control Point',(23.6945806648,-15.7181271653,29.285737824)) ;
#11351=CARTESIAN_POINT('Control Point',(25.0457139508,-17.0945138879,31.3201905368)) ;
#11352=CARTESIAN_POINT('Control Point',(24.790867671,-16.9386060017,31.2976519113)) ;
#11353=CARTESIAN_POINT('Control Point',(24.5360184235,-16.7910620909,31.219672106)) ;
#11354=CARTESIAN_POINT('Control Point',(24.2930293194,-16.6591795563,31.0872620046)) ;
#11355=CARTESIAN_POINT('Control Point',(23.8543734254,-16.4395599333,30.7265035622)) ;
#11356=CARTESIAN_POINT('Control Point',(23.5450439669,-16.3236651571,30.2147172247)) ;
#11357=CARTESIAN_POINT('Control Point',(23.4314576166,-16.2955699859,29.9311899251)) ;
#11358=CARTESIAN_POINT('Control Point',(23.3644877655,-16.2986606453,29.6338109572)) ;
#11359=CARTESIAN_POINT('Control Point',(23.3450085259,-16.3313383674,29.3364354619)) ;
#11360=CARTESIAN_POINT('Control Point',(24.6317543742,-17.6100308469,31.4068634221)) ;
#11361=CARTESIAN_POINT('Control Point',(24.3891007849,-17.4525333565,31.3726589407)) ;
#11362=CARTESIAN_POINT('Control Point',(24.1464448548,-17.3066911592,31.2867918933)) ;
#11363=CARTESIAN_POINT('Control Point',(23.9144205231,-17.1794554231,31.1507600813)) ;
#11364=CARTESIAN_POINT('Control Point',(23.4928053211,-16.9738135545,30.7908719146)) ;
#11365=CARTESIAN_POINT('Control Point',(23.1878229642,-16.8788033204,30.2931526942)) ;
#11366=CARTESIAN_POINT('Control Point',(23.0724921899,-16.8622585658,30.0192179396)) ;
#11367=CARTESIAN_POINT('Control Point',(22.9996173685,-16.8773859797,29.7327180988)) ;
#11368=CARTESIAN_POINT('Control Point',(22.9704736473,-16.9221370722,29.4462210314)) ;
#11369=CARTESIAN_POINT('Control Point',(24.1952640793,-18.1013385841,31.5341186991)) ;
#11370=CARTESIAN_POINT('Control Point',(23.9646683065,-17.9453245554,31.4887506729)) ;
#11371=CARTESIAN_POINT('Control Point',(23.7340707002,-17.8034883782,31.3958087806)) ;
#11372=CARTESIAN_POINT('Control Point',(23.5129430001,-17.6822719345,31.2571645379)) ;
#11373=CARTESIAN_POINT('Control Point',(23.1084946663,-17.4914117341,30.9003817161)) ;
#11374=CARTESIAN_POINT('Control Point',(22.8085417342,-17.4145099882,30.4192137661)) ;
#11375=CARTESIAN_POINT('Control Point',(22.6919573385,-17.407305468,30.1561273285)) ;
#11376=CARTESIAN_POINT('Control Point',(22.6137696381,-17.4316220521,29.8817680498)) ;
#11377=CARTESIAN_POINT('Control Point',(22.5755537991,-17.4851913169,29.6074109579)) ;
#11378=CARTESIAN_POINT('Control Point',(23.7418862725,-18.5664327913,31.6957700234)) ;
#11379=CARTESIAN_POINT('Control Point',(23.5229523294,-18.4143206879,31.6403769849)) ;
#11380=CARTESIAN_POINT('Control Point',(23.3040169542,-18.2782032471,31.5415698097)) ;
#11381=CARTESIAN_POINT('Control Point',(23.0934845556,-18.1639387974,31.4014699754)) ;
#11382=CARTESIAN_POINT('Control Point',(22.7059751502,-17.9881933167,31.0498756614)) ;
#11383=CARTESIAN_POINT('Control Point',(22.411696434,-17.9269688561,30.5868818778)) ;
#11384=CARTESIAN_POINT('Control Point',(22.29443239,-17.9272722834,30.3353375634)) ;
#11385=CARTESIAN_POINT('Control Point',(22.2117266119,-17.958462941,30.0737526537)) ;
#11386=CARTESIAN_POINT('Control Point',(22.165354905,-18.0182041364,29.8121694555)) ;
#11387=CARTESIAN_POINT('Control Point',(23.2752402193,-19.00548051,31.8878031027)) ;
#11388=CARTESIAN_POINT('Control Point',(23.0674839219,-18.859146798,31.8237988678)) ;
#11389=CARTESIAN_POINT('Control Point',(22.8597265065,-18.7300099478,31.7204750795)) ;
#11390=CARTESIAN_POINT('Control Point',(22.659404654,-18.6233206188,31.5800939466)) ;
#11391=CARTESIAN_POINT('Control Point',(22.2884591973,-18.4627326354,31.235610114)) ;
#11392=CARTESIAN_POINT('Control Point',(22.0004313493,-18.4150963828,30.791956094)) ;
#11393=CARTESIAN_POINT('Control Point',(21.883056681,-18.4213990728,30.5523694013)) ;
#11394=CARTESIAN_POINT('Control Point',(21.7966661872,-18.4575902403,30.3038897101)) ;
#11395=CARTESIAN_POINT('Control Point',(21.7431513331,-18.52136676,30.0554113561)) ;
#11397=CARTESIAN_POINT('Control Point',(25.4320831661,-16.5594404231,31.2801661063)) ;
#11398=CARTESIAN_POINT('Control Point',(24.8987067403,-16.2570705248,31.257548703)) ;
#11399=CARTESIAN_POINT('Control Point',(24.3648966545,-15.971957352,31.0009227572)) ;
#11400=CARTESIAN_POINT('Control Point',(23.9378513905,-15.7651784598,30.5107299939)) ;
#11401=CARTESIAN_POINT('Control Point',(23.7142844536,-15.6835633374,29.8979850161)) ;
#11402=CARTESIAN_POINT('Control Point',(23.6945806648,-15.7181271653,29.285737824)) ;
#11412=CARTESIAN_POINT('Control Point',(28.188306947,-6.25207716973,30.7497578269)) ;
#11413=CARTESIAN_POINT('Control Point',(27.874147683,-6.25207717148,30.749757824)) ;
#11414=CARTESIAN_POINT('Control Point',(27.5599834417,-6.25381398858,30.6881110974)) ;
#11415=CARTESIAN_POINT('Control Point',(27.2619897959,-6.2572902316,30.5647249841)) ;
#11416=CARTESIAN_POINT('Control Point',(26.7304852756,-6.26734628,30.2077945469)) ;
#11417=CARTESIAN_POINT('Control Point',(26.3734132079,-6.28231478311,29.6765008448)) ;
#11418=CARTESIAN_POINT('Control Point',(26.2499781347,-6.29070703271,29.3786253965)) ;
#11419=CARTESIAN_POINT('Control Point',(26.1883069466,-6.29955468654,29.0645857666)) ;
#11420=CARTESIAN_POINT('Control Point',(26.1883069438,-6.30840219987,28.750551112)) ;
#11421=CARTESIAN_POINT('Control Point',(28.1883066047,-8.41176321024,30.8106032084)) ;
#11422=CARTESIAN_POINT('Control Point',(27.8747318042,-8.37918915629,30.8096855042)) ;
#11423=CARTESIAN_POINT('Control Point',(27.5611520909,-8.34894489887,30.747367239)) ;
#11424=CARTESIAN_POINT('Control Point',(27.2636525588,-8.32271110904,30.623604051)) ;
#11425=CARTESIAN_POINT('Control Point',(26.7327772335,-8.28109504181,30.2664971599)) ;
#11426=CARTESIAN_POINT('Control Point',(26.375430743,-8.26416355084,29.7359780685)) ;
#11427=CARTESIAN_POINT('Control Point',(26.2515846033,-8.26263215938,29.4386782068)) ;
#11428=CARTESIAN_POINT('Control Point',(26.1892247016,-8.268120099,29.1253089735)) ;
#11429=CARTESIAN_POINT('Control Point',(26.1883066334,-8.28000739265,28.8119446499)) ;
#11430=CARTESIAN_POINT('Control Point',(27.9056504634,-10.5707014531,30.8977289051)) ;
#11431=CARTESIAN_POINT('Control Point',(27.5973899937,-10.5057608341,30.8951059358)) ;
#11432=CARTESIAN_POINT('Control Point',(27.289124797,-10.4437316613,30.8315331528)) ;
#11433=CARTESIAN_POINT('Control Point',(26.9965542352,-10.3879462802,30.7070554888)) ;
#11434=CARTESIAN_POINT('Control Point',(26.4740022016,-10.2948525851,30.3495798172)) ;
#11435=CARTESIAN_POINT('Control Point',(26.1209525315,-10.245930486,29.8204377584)) ;
#11436=CARTESIAN_POINT('Control Point',(25.9980043023,-10.2343483074,29.5241721719)) ;
#11437=CARTESIAN_POINT('Control Point',(25.9351947829,-10.2362706954,29.2120113247)) ;
#11438=CARTESIAN_POINT('Control Point',(25.9325701431,-10.2509302113,28.8998552662)) ;
#11439=CARTESIAN_POINT('Control Point',(27.3407512149,-12.6790343833,31.0097749322)) ;
#11440=CARTESIAN_POINT('Control Point',(27.0424694406,-12.5829950147,31.0046957263)) ;
#11441=CARTESIAN_POINT('Control Point',(26.7441832381,-12.4904139223,30.9393142918)) ;
#11442=CARTESIAN_POINT('Control Point',(26.4609207556,-12.4061662708,30.8138024404)) ;
#11443=CARTESIAN_POINT('Control Point',(25.9543133152,-12.2632835201,30.4557771302)) ;
#11444=CARTESIAN_POINT('Control Point',(25.610154326,-12.1828631456,29.9285853594)) ;
#11445=CARTESIAN_POINT('Control Point',(25.4894528559,-12.1611216562,29.6337896805)) ;
#11446=CARTESIAN_POINT('Control Point',(25.4265006953,-12.159008175,29.3233478675)) ;
#11447=CARTESIAN_POINT('Control Point',(25.4214705775,-12.1756548066,29.0129106733)) ;
#11448=CARTESIAN_POINT('Control Point',(26.5079796376,-14.6889843218,31.1402551877)) ;
#11449=CARTESIAN_POINT('Control Point',(26.223778866,-14.5640315524,31.1321931743)) ;
#11450=CARTESIAN_POINT('Control Point',(25.9395740313,-14.4430301337,31.0646208499)) ;
#11451=CARTESIAN_POINT('Control Point',(25.6695020982,-14.3322248624,30.9378581814)) ;
#11452=CARTESIAN_POINT('Control Point',(25.1857272273,-14.1425830914,30.5791672272)) ;
#11453=CARTESIAN_POINT('Control Point',(24.8549763317,-14.0317699812,30.0543272425)) ;
#11454=CARTESIAN_POINT('Control Point',(24.7380318333,-13.9998470293,29.7613030503)) ;
#11455=CARTESIAN_POINT('Control Point',(24.6756090303,-13.9930797963,29.4529325495)) ;
#11456=CARTESIAN_POINT('Control Point',(24.6680108067,-14.0105636722,29.144566467)) ;
#11457=CARTESIAN_POINT('Control Point',(25.4320831477,-16.5594405594,31.2801661726)) ;
#11458=CARTESIAN_POINT('Control Point',(25.1653949365,-16.4082556093,31.268857469)) ;
#11459=CARTESIAN_POINT('Control Point',(24.8987030579,-16.2614549724,31.19890736)) ;
#11460=CARTESIAN_POINT('Control Point',(24.6450984926,-16.1264658984,31.0707907195)) ;
#11461=CARTESIAN_POINT('Control Point',(24.1900919459,-15.8939643335,30.7113832588)) ;
#11462=CARTESIAN_POINT('Control Point',(23.8769839875,-15.7545384338,30.1890945618)) ;
#11463=CARTESIAN_POINT('Control Point',(23.7653715584,-15.7126863859,29.8979893043)) ;
#11464=CARTESIAN_POINT('Control Point',(23.7044325457,-15.7008454063,29.5918615029)) ;
#11465=CARTESIAN_POINT('Control Point',(23.6945806492,-15.7181273246,29.2857379113)) ;
#11467=CARTESIAN_POINT('Control Point',(28.188306947,-6.25207716973,30.7497578269)) ;
#11468=CARTESIAN_POINT('Control Point',(27.5599884189,-6.25207717322,30.7497578212)) ;
#11469=CARTESIAN_POINT('Control Point',(26.9310836655,-6.25900599914,30.5038253962)) ;
#11470=CARTESIAN_POINT('Control Point',(26.4343369608,-6.27299563567,30.0072757232)) ;
#11471=CARTESIAN_POINT('Control Point',(26.1883069495,-6.29070717321,29.3786204212)) ;
#11472=CARTESIAN_POINT('Control Point',(26.1883069438,-6.30840219987,28.750551112)) ;
#11481=CARTESIAN_POINT('Axis2P3D Location',(28.1883069138,-3.77226028192E-013,252.661703181)) ;
#11486=CARTESIAN_POINT('Axis2P3D Location',(28.1883069138,-4.37358482763E-013,28.6617031814)) ;
#11498=CARTESIAN_POINT('Axis2P3D Location',(28.1883069138,-1.24344978758E-014,252.661703181)) ;
#11503=CARTESIAN_POINT('Axis2P3D Location',(28.1883069138,6.30840217572,28.7505510205)) ;
#11516=CARTESIAN_POINT('Control Point',(25.4320846245,16.5594391361,31.2801685897)) ;
#11517=CARTESIAN_POINT('Control Point',(25.1653964408,16.408254201,31.2688598298)) ;
#11518=CARTESIAN_POINT('Control Point',(24.8987045897,16.2614535778,31.1989096803)) ;
#11519=CARTESIAN_POINT('Control Point',(24.6451000471,16.1264645132,31.0707930178)) ;
#11520=CARTESIAN_POINT('Control Point',(24.1900935271,15.8939629542,30.7113855484)) ;
#11521=CARTESIAN_POINT('Control Point',(23.8769855481,15.7545370306,30.1890969007)) ;
#11522=CARTESIAN_POINT('Control Point',(23.7653730942,15.7126849623,29.897991679)) ;
#11523=CARTESIAN_POINT('Control Point',(23.7044340422,15.7008439544,29.5918639187)) ;
#11524=CARTESIAN_POINT('Control Point',(23.694582094,15.7181258383,29.2857403678)) ;
#11525=CARTESIAN_POINT('Control Point',(26.5079731087,14.688996073,31.1402568471)) ;
#11526=CARTESIAN_POINT('Control Point',(26.2237724624,14.5640431267,31.132194794)) ;
#11527=CARTESIAN_POINT('Control Point',(25.9395677529,14.4430415336,31.0646224407)) ;
#11528=CARTESIAN_POINT('Control Point',(25.6694959364,14.3322360981,30.937859756)) ;
#11529=CARTESIAN_POINT('Control Point',(25.185721264,14.142594034,30.5791687943)) ;
#11530=CARTESIAN_POINT('Control Point',(24.8549704755,14.031780723,30.0543288428)) ;
#11531=CARTESIAN_POINT('Control Point',(24.7380260022,13.9998576993,29.761304675)) ;
#11532=CARTESIAN_POINT('Control Point',(24.6756031935,13.9930904265,29.4529342027)) ;
#11533=CARTESIAN_POINT('Control Point',(24.6680049351,14.0105742952,29.1445681484)) ;
#11534=CARTESIAN_POINT('Control Point',(27.3407362557,12.6790660596,31.0097734376)) ;
#11535=CARTESIAN_POINT('Control Point',(27.0424547094,12.5830261683,31.0046942614)) ;
#11536=CARTESIAN_POINT('Control Point',(26.7441687348,12.4904445624,30.9393128495)) ;
#11537=CARTESIAN_POINT('Control Point',(26.4609064702,12.4061964338,30.8138010122)) ;
#11538=CARTESIAN_POINT('Control Point',(25.9542994252,12.263312854,30.4557757136)) ;
#11539=CARTESIAN_POINT('Control Point',(25.6101407208,12.1828919698,29.9285839262)) ;
#11540=CARTESIAN_POINT('Control Point',(25.4894393579,12.161150323,29.6337882333)) ;
#11541=CARTESIAN_POINT('Control Point',(25.4264872643,12.1590367905,29.3233464029)) ;
#11542=CARTESIAN_POINT('Control Point',(25.4214571722,12.1756834739,29.0129091906)) ;
#11543=CARTESIAN_POINT('Control Point',(27.9056641405,10.5704590513,30.8977254209)) ;
#11544=CARTESIAN_POINT('Control Point',(27.5974034696,10.5055220351,30.8951024574)) ;
#11545=CARTESIAN_POINT('Control Point',(27.2891380716,10.4434963971,30.8315296781)) ;
#11546=CARTESIAN_POINT('Control Point',(26.9965673192,10.3877142952,30.7070520156)) ;
#11547=CARTESIAN_POINT('Control Point',(26.4740149472,10.2946262894,30.349576342)) ;
#11548=CARTESIAN_POINT('Control Point',(26.1209650537,10.2457076679,29.8204342731)) ;
#11549=CARTESIAN_POINT('Control Point',(25.9980167489,10.234126555,29.5241686798)) ;
#11550=CARTESIAN_POINT('Control Point',(25.9352071944,10.2360492775,29.2120078248)) ;
#11551=CARTESIAN_POINT('Control Point',(25.9325825593,10.2507084174,28.8998517584)) ;
#11552=CARTESIAN_POINT('Control Point',(28.1883085414,8.41171592264,30.8106072603)) ;
#11553=CARTESIAN_POINT('Control Point',(27.8747338081,8.37914256364,30.8096894085)) ;
#11554=CARTESIAN_POINT('Control Point',(27.5611541618,8.34889898689,30.7473710336)) ;
#11555=CARTESIAN_POINT('Control Point',(27.2636546837,8.32266582738,30.6236077819)) ;
#11556=CARTESIAN_POINT('Control Point',(26.7327794138,8.28105085178,30.2665008537)) ;
#11557=CARTESIAN_POINT('Control Point',(26.3754328483,8.26412002479,29.7359818737)) ;
#11558=CARTESIAN_POINT('Control Point',(26.2515866316,8.26258883569,29.4386820971)) ;
#11559=CARTESIAN_POINT('Control Point',(26.1892266136,8.26807683728,29.1253129639)) ;
#11560=CARTESIAN_POINT('Control Point',(26.1883083972,8.27996405685,28.8119487402)) ;
#11561=CARTESIAN_POINT('Control Point',(28.188307425,6.25207702684,30.7497591278)) ;
#11562=CARTESIAN_POINT('Control Point',(27.8741481797,6.25207701517,30.7497590843)) ;
#11563=CARTESIAN_POINT('Control Point',(27.5599839572,6.25381381853,30.6881123276)) ;
#11564=CARTESIAN_POINT('Control Point',(27.2619903265,6.25729004817,30.5647261967)) ;
#11565=CARTESIAN_POINT('Control Point',(26.7304858221,6.26734607205,30.2077957495)) ;
#11566=CARTESIAN_POINT('Control Point',(26.3734137342,6.28231455748,29.6765020783)) ;
#11567=CARTESIAN_POINT('Control Point',(26.24997864,6.29070680056,29.3786266536)) ;
#11568=CARTESIAN_POINT('Control Point',(26.18830742,6.2995544506,29.0645870514)) ;
#11569=CARTESIAN_POINT('Control Point',(26.1883073766,6.308401963,28.7505524245)) ;
#11571=CARTESIAN_POINT('Control Point',(25.4320846245,16.5594391361,31.2801685897)) ;
#11572=CARTESIAN_POINT('Control Point',(24.8987082572,16.257069266,31.2575510699)) ;
#11573=CARTESIAN_POINT('Control Point',(24.3648982303,15.9719561197,31.0009250748)) ;
#11574=CARTESIAN_POINT('Control Point',(23.9378529838,15.7651772297,30.5107323546)) ;
#11575=CARTESIAN_POINT('Control Point',(23.7142859903,15.6835620705,29.8979874697)) ;
#11576=CARTESIAN_POINT('Control Point',(23.694582094,15.7181258383,29.2857403678)) ;
#11586=CARTESIAN_POINT('Control Point',(23.2752425477,19.005479583,31.8878087514)) ;
#11587=CARTESIAN_POINT('Control Point',(23.0674861836,18.8591458107,31.8238046695)) ;
#11588=CARTESIAN_POINT('Control Point',(22.8597287015,18.7300089066,31.7204810418)) ;
#11589=CARTESIAN_POINT('Control Point',(22.6594067895,18.6233195352,31.5801000731)) ;
#11590=CARTESIAN_POINT('Control Point',(22.2884612425,18.4627314991,31.2356165704)) ;
#11591=CARTESIAN_POINT('Control Point',(22.0004333805,18.4150952635,30.791962879)) ;
#11592=CARTESIAN_POINT('Control Point',(21.8830587291,18.421397981,30.5523763488)) ;
#11593=CARTESIAN_POINT('Control Point',(21.7966682784,18.4575891938,30.3038968183)) ;
#11594=CARTESIAN_POINT('Control Point',(21.7431534922,18.521365773,30.0554186233)) ;
#11595=CARTESIAN_POINT('Control Point',(23.7420039593,18.5663228302,31.6957257532)) ;
#11596=CARTESIAN_POINT('Control Point',(23.5230671811,18.4142092464,31.6403349682)) ;
#11597=CARTESIAN_POINT('Control Point',(23.3041289707,18.2780900294,31.5415290294)) ;
#11598=CARTESIAN_POINT('Control Point',(23.0935939839,18.1638236633,31.4014293759)) ;
#11599=CARTESIAN_POINT('Control Point',(22.706080387,17.9880743714,31.0498335073)) ;
#11600=CARTESIAN_POINT('Control Point',(22.4118001114,17.9268465417,30.5868351114)) ;
#11601=CARTESIAN_POINT('Control Point',(22.2945361134,17.9271484967,30.3352879177)) ;
#11602=CARTESIAN_POINT('Control Point',(22.2118312929,17.958337944,30.0736998402)) ;
#11603=CARTESIAN_POINT('Control Point',(22.1654614247,18.0180781799,29.8121134727)) ;
#11604=CARTESIAN_POINT('Control Point',(24.1954500632,18.1011434124,31.5340505597)) ;
#11605=CARTESIAN_POINT('Control Point',(23.9648494465,17.9451279716,31.4886867564)) ;
#11606=CARTESIAN_POINT('Control Point',(23.734246996,17.8032895703,31.3957473477)) ;
#11607=CARTESIAN_POINT('Control Point',(23.5131149002,17.6820703277,31.257103737)) ;
#11608=CARTESIAN_POINT('Control Point',(23.1086595621,17.491203904,30.9003187695)) ;
#11609=CARTESIAN_POINT('Control Point',(22.8087043511,17.414295475,30.4191431995)) ;
#11610=CARTESIAN_POINT('Control Point',(22.6921202897,17.4070876992,30.1560519142)) ;
#11611=CARTESIAN_POINT('Control Point',(22.6139345279,17.4314012481,29.8816872656)) ;
#11612=CARTESIAN_POINT('Control Point',(22.575722141,17.4849677371,29.6073248015)) ;
#11613=CARTESIAN_POINT('Control Point',(24.6313750155,17.6105163579,31.4069492292)) ;
#11614=CARTESIAN_POINT('Control Point',(24.388732731,17.4530172197,31.3727338704)) ;
#11615=CARTESIAN_POINT('Control Point',(24.1460881063,17.3071765044,31.2868595087)) ;
#11616=CARTESIAN_POINT('Control Point',(23.9140739343,17.1799450648,31.1508244038)) ;
#11617=CARTESIAN_POINT('Control Point',(23.4924744925,16.9743162934,30.7909373001)) ;
#11618=CARTESIAN_POINT('Control Point',(23.1874960662,16.8793258398,30.2932315815)) ;
#11619=CARTESIAN_POINT('Control Point',(23.0721636074,16.8627920622,30.0193059892)) ;
#11620=CARTESIAN_POINT('Control Point',(22.9992832294,16.8779309463,29.732816522)) ;
#11621=CARTESIAN_POINT('Control Point',(22.9701304589,16.9226935667,29.4463298256)) ;
#11622=CARTESIAN_POINT('Control Point',(25.0455244459,17.0947520229,31.3202173384)) ;
#11623=CARTESIAN_POINT('Control Point',(24.7906836032,16.9388418884,31.2976739349)) ;
#11624=CARTESIAN_POINT('Control Point',(24.5358397932,16.7912975217,31.2196907933)) ;
#11625=CARTESIAN_POINT('Control Point',(24.2928555815,16.6594162801,31.0872790283)) ;
#11626=CARTESIAN_POINT('Control Point',(23.8542073055,16.4398023024,30.7265204885)) ;
#11627=CARTESIAN_POINT('Control Point',(23.5448798758,16.3239181011,30.2147393369)) ;
#11628=CARTESIAN_POINT('Control Point',(23.4312928215,16.2958291533,29.9312156648)) ;
#11629=CARTESIAN_POINT('Control Point',(23.3643204585,16.2989266025,29.6338408442)) ;
#11630=CARTESIAN_POINT('Control Point',(23.3448370989,16.3316113523,29.3364694942)) ;
#11631=CARTESIAN_POINT('Control Point',(25.4320784962,16.5594227784,31.2801751993)) ;
#11632=CARTESIAN_POINT('Control Point',(25.1653900573,16.4082379303,31.2688670671)) ;
#11633=CARTESIAN_POINT('Control Point',(24.8986979509,16.2614372675,31.1989174613)) ;
#11634=CARTESIAN_POINT('Control Point',(24.6450932003,16.1264480522,31.0708012287)) ;
#11635=CARTESIAN_POINT('Control Point',(24.1900864518,15.8939460226,30.7113943838)) ;
#11636=CARTESIAN_POINT('Control Point',(23.8769787166,15.7545193962,30.1891059641)) ;
#11637=CARTESIAN_POINT('Control Point',(23.7653665281,15.7126669452,29.898000775)) ;
#11638=CARTESIAN_POINT('Control Point',(23.7044278867,15.7008255485,29.5918730055)) ;
#11639=CARTESIAN_POINT('Control Point',(23.6945764696,15.7181070538,29.285749444)) ;
#11641=CARTESIAN_POINT('Control Point',(23.2752425477,19.005479583,31.8878087514)) ;
#11642=CARTESIAN_POINT('Control Point',(22.7558516375,18.6396451523,31.7277985467)) ;
#11643=CARTESIAN_POINT('Control Point',(22.2329396483,18.3870990928,31.3020208241)) ;
#11644=CARTESIAN_POINT('Control Point',(21.8769404577,18.3619243251,30.6766141108)) ;
#11645=CARTESIAN_POINT('Control Point',(21.7431534922,18.521365773,30.0554186233)) ;
#11655=CARTESIAN_POINT('Control Point',(23.2752443403,19.005476782,31.8877979803)) ;
#11656=CARTESIAN_POINT('Control Point',(22.8597313631,18.7128085872,31.7597901822)) ;
#11657=CARTESIAN_POINT('Control Point',(22.4442183859,18.4889387284,31.474487536)) ;
#11658=CARTESIAN_POINT('Control Point',(22.0887299484,18.3766102188,31.0493199257)) ;
#11659=CARTESIAN_POINT('Control Point',(21.8501845167,18.3938083591,30.5523623875)) ;
#11660=CARTESIAN_POINT('Control Point',(21.7431554541,18.5213618488,30.0554048509)) ;
#11661=CARTESIAN_POINT('Control Point',(22.4778646793,19.7556977628,32.215938744)) ;
#11662=CARTESIAN_POINT('Control Point',(22.0760834263,19.5006536542,32.0663199668)) ;
#11663=CARTESIAN_POINT('Control Point',(21.6743021732,19.3245930428,31.7828949231)) ;
#11664=CARTESIAN_POINT('Control Point',(21.3243522224,19.2604340354,31.384654877)) ;
#11665=CARTESIAN_POINT('Control Point',(21.0759851651,19.3164649447,30.927852353)) ;
#11666=CARTESIAN_POINT('Control Point',(20.9457757931,19.4716419244,30.4710498295)) ;
#11667=CARTESIAN_POINT('Control Point',(21.708488911,20.479570807,32.6547129249)) ;
#11668=CARTESIAN_POINT('Control Point',(21.3185717636,20.2662582745,32.4920560868)) ;
#11669=CARTESIAN_POINT('Control Point',(20.9286546162,20.1376892454,32.2184741334)) ;
#11670=CARTESIAN_POINT('Control Point',(20.5836732769,20.1180833679,31.8525305427)) ;
#11671=CARTESIAN_POINT('Control Point',(20.3271266848,20.2089190913,31.439680581)) ;
#11672=CARTESIAN_POINT('Control Point',(20.1764000248,20.3885482603,31.0268306115)) ;
#11673=CARTESIAN_POINT('Control Point',(20.9802424255,21.1647484289,33.2095071452)) ;
#11674=CARTESIAN_POINT('Control Point',(20.6005829257,20.9951737141,33.043551745)) ;
#11675=CARTESIAN_POINT('Control Point',(20.2209234259,20.912373079,32.7880727159)) ;
#11676=CARTESIAN_POINT('Control Point',(19.8803589066,20.9334317938,32.4598083678)) ;
#11677=CARTESIAN_POINT('Control Point',(19.6169698137,21.0552571844,32.0946889183)) ;
#11678=CARTESIAN_POINT('Control Point',(19.4481535392,21.2564386258,31.7295694846)) ;
#11679=CARTESIAN_POINT('Control Point',(19.9249034925,22.1576715663,34.299657024)) ;
#11680=CARTESIAN_POINT('Control Point',(19.5590470017,22.0563698016,34.1465808926)) ;
#11681=CARTESIAN_POINT('Control Point',(19.1931905109,22.0406430258,33.9342049632)) ;
#11682=CARTESIAN_POINT('Control Point',(18.8586997273,22.1189019019,33.6752674696)) ;
#11683=CARTESIAN_POINT('Control Point',(18.5863681406,22.2834709389,33.3928469974)) ;
#11684=CARTESIAN_POINT('Control Point',(18.3928146062,22.5141425906,33.1104265158)) ;
#11685=CARTESIAN_POINT('Control Point',(19.1486225539,22.8880423942,35.704317905)) ;
#11686=CARTESIAN_POINT('Control Point',(18.7920861586,22.84094473,35.5914924255)) ;
#11687=CARTESIAN_POINT('Control Point',(18.4355497633,22.8751105196,35.4433054019)) ;
#11688=CARTESIAN_POINT('Control Point',(18.1052658106,22.9940427779,35.267894682)) ;
#11689=CARTESIAN_POINT('Control Point',(17.8271186962,23.1883148164,35.0787790006)) ;
#11690=CARTESIAN_POINT('Control Point',(17.6165336676,23.439278188,34.8896633248)) ;
#11691=CARTESIAN_POINT('Control Point',(18.9068797549,23.1154879548,36.2700461098)) ;
#11692=CARTESIAN_POINT('Control Point',(18.5531561522,23.0857079352,36.1758868697)) ;
#11693=CARTESIAN_POINT('Control Point',(18.1994325494,23.1354590525,36.0544028749)) ;
#11694=CARTESIAN_POINT('Control Point',(17.8704295216,23.2669031944,35.9120267413)) ;
#11695=CARTESIAN_POINT('Control Point',(17.5905524692,23.4702399877,35.7591394546)) ;
#11696=CARTESIAN_POINT('Control Point',(17.3747908687,23.7273760372,35.6062521776)) ;
#11697=CARTESIAN_POINT('Control Point',(18.5419633335,23.4588222819,37.4821812013)) ;
#11698=CARTESIAN_POINT('Control Point',(18.1924204643,23.4555255638,37.4318535374)) ;
#11699=CARTESIAN_POINT('Control Point',(17.8428775951,23.5288415968,37.368860326)) ;
#11700=CARTESIAN_POINT('Control Point',(17.5157870852,23.6790546303,37.2963149726)) ;
#11701=CARTESIAN_POINT('Control Point',(17.2333582964,23.8959302254,37.2189694617)) ;
#11702=CARTESIAN_POINT('Control Point',(17.0098744473,24.1622664933,37.1416239409)) ;
#11703=CARTESIAN_POINT('Control Point',(18.4525148345,23.5429808746,38.7773143195)) ;
#11704=CARTESIAN_POINT('Control Point',(18.1039592243,23.54635962,38.7779368853)) ;
#11705=CARTESIAN_POINT('Control Point',(17.755403614,23.6254701055,38.7787992065)) ;
#11706=CARTESIAN_POINT('Control Point',(17.4287695357,23.7802187621,38.7798460041)) ;
#11707=CARTESIAN_POINT('Control Point',(17.1457490628,24.0003359945,38.7809856127)) ;
#11708=CARTESIAN_POINT('Control Point',(16.9204259483,24.2688670634,38.7821252315)) ;
#11709=CARTESIAN_POINT('Control Point',(18.4852250022,23.5122049497,39.4330302267)) ;
#11710=CARTESIAN_POINT('Control Point',(18.13630637,23.5131501674,39.4596891063)) ;
#11711=CARTESIAN_POINT('Control Point',(17.7873877379,23.5901425901,39.4929543156)) ;
#11712=CARTESIAN_POINT('Control Point',(17.4605860939,23.7432297867,39.531200403)) ;
#11713=CARTESIAN_POINT('Control Point',(17.1777837475,23.9621583983,39.5719495742)) ;
#11714=CARTESIAN_POINT('Control Point',(16.9531361159,24.2298846036,39.6126987548)) ;
#11715=CARTESIAN_POINT('Control Point',(18.6891711056,23.3203209354,40.6463619355)) ;
#11716=CARTESIAN_POINT('Control Point',(18.3379693345,23.3062043235,40.7196342937)) ;
#11717=CARTESIAN_POINT('Control Point',(17.9867675635,23.3699994736,40.8123612898)) ;
#11718=CARTESIAN_POINT('Control Point',(17.6589145381,23.5126890413,40.919829302)) ;
#11719=CARTESIAN_POINT('Control Point',(17.377490125,23.7241606045,41.0347077244)) ;
#11720=CARTESIAN_POINT('Control Point',(17.1570822194,23.9868311021,41.1495861383)) ;
#11721=CARTESIAN_POINT('Control Point',(19.1249001912,22.910361402,41.7515535783)) ;
#11722=CARTESIAN_POINT('Control Point',(18.7686240557,22.8650360723,41.8621347327)) ;
#11723=CARTESIAN_POINT('Control Point',(18.4123479202,22.9007392628,42.007298329)) ;
#11724=CARTESIAN_POINT('Control Point',(18.0821845248,23.0208732951,42.1790926037)) ;
#11725=CARTESIAN_POINT('Control Point',(17.803881816,23.2160040934,42.3642938274)) ;
#11726=CARTESIAN_POINT('Control Point',(17.5928113049,23.467549399,42.5494950586)) ;
#11727=CARTESIAN_POINT('Control Point',(19.3754468703,22.6746324951,42.2407929386)) ;
#11728=CARTESIAN_POINT('Control Point',(19.0161951777,22.6116554012,42.36614016)) ;
#11729=CARTESIAN_POINT('Control Point',(18.6569434851,22.6312394335,42.5339213077)) ;
#11730=CARTESIAN_POINT('Control Point',(18.3254330037,22.7383017141,42.734623508)) ;
#11731=CARTESIAN_POINT('Control Point',(18.0489779692,22.9239117763,42.9519109479)) ;
#11732=CARTESIAN_POINT('Control Point',(17.8433579841,23.168959494,43.1691983921)) ;
#11733=CARTESIAN_POINT('Control Point',(20.1514712819,21.9445041129,43.4697964382)) ;
#11734=CARTESIAN_POINT('Control Point',(19.7827166943,21.8282454276,43.6266828574)) ;
#11735=CARTESIAN_POINT('Control Point',(19.4139621067,21.7980713306,43.8493110675)) ;
#11736=CARTESIAN_POINT('Control Point',(19.0781873445,21.8641558831,44.1239993102)) ;
#11737=CARTESIAN_POINT('Control Point',(18.8077157054,22.0196816201,44.4249678594)) ;
#11738=CARTESIAN_POINT('Control Point',(18.6193823957,22.2441296135,44.7259364011)) ;
#11739=CARTESIAN_POINT('Control Point',(21.1424297745,21.0121519812,44.429893523)) ;
#11740=CARTESIAN_POINT('Control Point',(20.7604682712,20.8329089628,44.5949355747)) ;
#11741=CARTESIAN_POINT('Control Point',(20.3785067678,20.7399289775,44.8542764915)) ;
#11742=CARTESIAN_POINT('Control Point',(20.0369533229,20.7519052486,45.1907955037)) ;
#11743=CARTESIAN_POINT('Control Point',(19.7751041715,20.8667959135,45.5664272248)) ;
#11744=CARTESIAN_POINT('Control Point',(19.6103408883,21.0631512699,45.9420589587)) ;
#11745=CARTESIAN_POINT('Control Point',(21.8228060835,20.3720145372,44.928610306)) ;
#11746=CARTESIAN_POINT('Control Point',(21.431117064,20.1525238892,45.089298639)) ;
#11747=CARTESIAN_POINT('Control Point',(21.0394280445,20.0169024162,45.3643122959)) ;
#11748=CARTESIAN_POINT('Control Point',(20.693705706,19.9906670483,45.7350340835)) ;
#11749=CARTESIAN_POINT('Control Point',(20.4383824293,20.0763208069,46.1544005759)) ;
#11750=CARTESIAN_POINT('Control Point',(20.2907171972,20.2523103594,46.5737670754)) ;
#11751=CARTESIAN_POINT('Control Point',(22.5373841455,19.699698281,45.3271022596)) ;
#11752=CARTESIAN_POINT('Control Point',(22.1345776193,19.4418454003,45.4751073476)) ;
#11753=CARTESIAN_POINT('Control Point',(21.7317710931,19.2622158436,45.7586723908)) ;
#11754=CARTESIAN_POINT('Control Point',(21.3814076172,19.1944612514,46.1589227409)) ;
#11755=CARTESIAN_POINT('Control Point',(21.1337738932,19.2475938269,46.6187231745)) ;
#11756=CARTESIAN_POINT('Control Point',(21.0052952592,19.4007093868,47.0785236094)) ;
#11757=CARTESIAN_POINT('Control Point',(23.2752402193,19.0054804952,45.6307414126)) ;
#11758=CARTESIAN_POINT('Control Point',(22.8597276045,18.7128130405,45.7587498454)) ;
#11759=CARTESIAN_POINT('Control Point',(22.4442149897,18.4889438264,46.0440525924)) ;
#11760=CARTESIAN_POINT('Control Point',(22.0887266984,18.3766156409,46.4692197196)) ;
#11761=CARTESIAN_POINT('Control Point',(21.8501810075,18.3938136806,46.9661764665)) ;
#11762=CARTESIAN_POINT('Control Point',(21.7431513331,18.52136676,47.4631332136)) ;
#11764=CARTESIAN_POINT('Control Point',(23.2752402193,19.0054804952,45.6307414126)) ;
#11765=CARTESIAN_POINT('Control Point',(22.7558494508,18.6396461768,45.7907519536)) ;
#11766=CARTESIAN_POINT('Control Point',(22.2329376073,18.3871002071,46.2165301094)) ;
#11767=CARTESIAN_POINT('Control Point',(21.876938426,18.3619254108,46.8419372797)) ;
#11768=CARTESIAN_POINT('Control Point',(21.7431513331,18.52136676,47.4631332136)) ;
#11778=CARTESIAN_POINT('Control Point',(26.1700390187,15.4405554807,46.2383778434)) ;
#11779=CARTESIAN_POINT('Control Point',(25.8801561573,15.3041338,46.2281733787)) ;
#11780=CARTESIAN_POINT('Control Point',(25.59026812,15.1629207355,46.2819912428)) ;
#11781=CARTESIAN_POINT('Control Point',(25.3159153206,15.0242219635,46.4004826709)) ;
#11782=CARTESIAN_POINT('Control Point',(24.8291425833,14.7674565162,46.753469131)) ;
#11783=CARTESIAN_POINT('Control Point',(24.5091895932,14.5758707165,47.2904985964)) ;
#11784=CARTESIAN_POINT('Control Point',(24.4017869293,14.5024025373,47.59317688)) ;
#11785=CARTESIAN_POINT('Control Point',(24.3530054962,14.4553944081,47.9129943319)) ;
#11786=CARTESIAN_POINT('Control Point',(24.3622550028,14.4358494321,48.2328060727)) ;
#11787=CARTESIAN_POINT('Control Point',(25.696770045,16.2300700173,46.2974340657)) ;
#11788=CARTESIAN_POINT('Control Point',(25.4220047055,16.0800194925,46.3006917576)) ;
#11789=CARTESIAN_POINT('Control Point',(25.1472352565,15.9321839864,46.3651636863)) ;
#11790=CARTESIAN_POINT('Control Point',(24.8863840063,15.7942319092,46.490735751)) ;
#11791=CARTESIAN_POINT('Control Point',(24.4201897568,15.5527672668,46.8506649661)) ;
#11792=CARTESIAN_POINT('Control Point',(24.1044474833,15.3999291548,47.3826214797)) ;
#11793=CARTESIAN_POINT('Control Point',(23.9941527359,15.3506677736,47.680340884)) ;
#11794=CARTESIAN_POINT('Control Point',(23.9373157252,15.331113739,47.9939781283)) ;
#11795=CARTESIAN_POINT('Control Point',(23.9340592522,15.3406581388,48.3076106499)) ;
#11796=CARTESIAN_POINT('Control Point',(25.1564423288,16.9969988289,46.2500385297)) ;
#11797=CARTESIAN_POINT('Control Point',(24.8988218365,16.8389000795,46.2699495346)) ;
#11798=CARTESIAN_POINT('Control Point',(24.6411983232,16.689014488,46.3464959463)) ;
#11799=CARTESIAN_POINT('Control Point',(24.3956797238,16.5548839088,46.4787106255)) ;
#11800=CARTESIAN_POINT('Control Point',(23.9529418855,16.3313429629,46.8413162768)) ;
#11801=CARTESIAN_POINT('Control Point',(23.6421628803,16.2130081804,47.3585139506)) ;
#11802=CARTESIAN_POINT('Control Point',(23.5286809558,16.1841502681,47.6454123899)) ;
#11803=CARTESIAN_POINT('Control Point',(23.4627398478,16.1869115122,47.9464960947)) ;
#11804=CARTESIAN_POINT('Control Point',(23.445191311,16.2195830654,48.2475762376)) ;
#11805=CARTESIAN_POINT('Control Point',(24.5625833863,17.7179407355,46.1111329094)) ;
#11806=CARTESIAN_POINT('Control Point',(24.3224022998,17.5590580989,46.148095312)) ;
#11807=CARTESIAN_POINT('Control Point',(24.0822190381,17.4127704617,46.2360327621)) ;
#11808=CARTESIAN_POINT('Control Point',(23.8523918041,17.2859913228,46.3732956141)) ;
#11809=CARTESIAN_POINT('Control Point',(23.4340752254,17.0828190664,46.7339881075)) ;
#11810=CARTESIAN_POINT('Control Point',(23.1295933252,16.992792703,47.2297752255)) ;
#11811=CARTESIAN_POINT('Control Point',(23.013657373,16.9792183225,47.5021999968)) ;
#11812=CARTESIAN_POINT('Control Point',(22.9392905042,16.9976210843,47.7869160016)) ;
#11813=CARTESIAN_POINT('Control Point',(22.9078902423,17.0458051196,48.0716294154)) ;
#11814=CARTESIAN_POINT('Control Point',(23.932054784,18.3875112071,45.9010319777)) ;
#11815=CARTESIAN_POINT('Control Point',(23.7085657049,18.2330442823,45.9529157645)) ;
#11816=CARTESIAN_POINT('Control Point',(23.4850750656,18.0940820976,46.0498823207)) ;
#11817=CARTESIAN_POINT('Control Point',(23.2703816454,17.9767306198,46.1898675196)) ;
#11818=CARTESIAN_POINT('Control Point',(22.8761220672,17.7948081263,46.5443595109)) ;
#11819=CARTESIAN_POINT('Control Point',(22.5792959851,17.7280461726,47.0152346728)) ;
#11820=CARTESIAN_POINT('Control Point',(22.4620770228,17.7259047686,47.2716519805)) ;
#11821=CARTESIAN_POINT('Control Point',(22.3808728473,17.7550576086,47.5385775545)) ;
#11822=CARTESIAN_POINT('Control Point',(22.3374121297,17.8131543207,47.8055012644)) ;
#11823=CARTESIAN_POINT('Control Point',(23.2752402193,19.00548051,45.6307412025)) ;
#11824=CARTESIAN_POINT('Control Point',(23.0674839219,18.859146798,45.6947454375)) ;
#11825=CARTESIAN_POINT('Control Point',(22.8597265065,18.7300099478,45.7980692258)) ;
#11826=CARTESIAN_POINT('Control Point',(22.659404654,18.6233206188,45.9384503586)) ;
#11827=CARTESIAN_POINT('Control Point',(22.2884591973,18.4627326354,46.2829341913)) ;
#11828=CARTESIAN_POINT('Control Point',(22.0004313493,18.4150963828,46.7265882113)) ;
#11829=CARTESIAN_POINT('Control Point',(21.883056681,18.4213990728,46.966174904)) ;
#11830=CARTESIAN_POINT('Control Point',(21.7966661872,18.4575902403,47.2146545952)) ;
#11831=CARTESIAN_POINT('Control Point',(21.7431513331,18.52136676,47.4631329492)) ;
#11833=CARTESIAN_POINT('Control Point',(26.1700390187,15.4405554807,46.2383778434)) ;
#11834=CARTESIAN_POINT('Control Point',(25.5902732959,15.1677121193,46.217968914)) ;
#11835=CARTESIAN_POINT('Control Point',(25.0099000674,14.8754814153,46.4529020842)) ;
#11836=CARTESIAN_POINT('Control Point',(24.5567034462,14.6236098519,46.9528888783)) ;
#11837=CARTESIAN_POINT('Control Point',(24.3437559896,14.4749393841,47.5931825911)) ;
#11838=CARTESIAN_POINT('Control Point',(24.3622550028,14.4358494321,48.2328060727)) ;
#11848=CARTESIAN_POINT('Control Point',(26.1700404366,15.4405590709,46.2383792347)) ;
#11849=CARTESIAN_POINT('Control Point',(25.8801575797,15.3041373134,46.2281747978)) ;
#11850=CARTESIAN_POINT('Control Point',(25.590269547,15.1629242073,46.2819926836)) ;
#11851=CARTESIAN_POINT('Control Point',(25.3159167499,15.0242254324,46.4004841258)) ;
#11852=CARTESIAN_POINT('Control Point',(24.8291440091,14.7674600548,46.7534705988)) ;
#11853=CARTESIAN_POINT('Control Point',(24.509190995,14.5758744582,47.2905000524)) ;
#11854=CARTESIAN_POINT('Control Point',(24.401788313,14.5024064096,47.5931783254)) ;
#11855=CARTESIAN_POINT('Control Point',(24.3530068559,14.4553984322,47.9129957647)) ;
#11856=CARTESIAN_POINT('Control Point',(24.3622563344,14.4358536202,48.2328074935)) ;
#11857=CARTESIAN_POINT('Control Point',(26.9638854208,13.7467354779,46.111678192)) ;
#11858=CARTESIAN_POINT('Control Point',(26.6636784715,13.6364680784,46.1045558508)) ;
#11859=CARTESIAN_POINT('Control Point',(26.3634663437,13.521991753,46.1607394712)) ;
#11860=CARTESIAN_POINT('Control Point',(26.0791587314,13.409124514,46.2807049826)) ;
#11861=CARTESIAN_POINT('Control Point',(25.5739535234,13.1991129915,46.6348557589)) ;
#11862=CARTESIAN_POINT('Control Point',(25.2397606127,13.0399613875,47.1700909478)) ;
#11863=CARTESIAN_POINT('Control Point',(25.1265959826,12.9779926554,47.4712791218)) ;
#11864=CARTESIAN_POINT('Control Point',(25.0736600063,12.9370677678,47.7893076016)) ;
#11865=CARTESIAN_POINT('Control Point',(25.0804969689,12.9181535104,48.1073306037)) ;
#11866=CARTESIAN_POINT('Control Point',(27.5724032336,11.9644207863,45.9958306907)) ;
#11867=CARTESIAN_POINT('Control Point',(27.264639216,11.8812200563,45.9913753246)) ;
#11868=CARTESIAN_POINT('Control Point',(26.9568700541,11.7943974768,46.0496019558)) ;
#11869=CARTESIAN_POINT('Control Point',(26.6652336456,11.70828709,46.1708397556)) ;
#11870=CARTESIAN_POINT('Control Point',(26.1462853106,11.5469073787,46.5259995405)) ;
#11871=CARTESIAN_POINT('Control Point',(25.8010118034,11.4220808152,47.0597008094)) ;
#11872=CARTESIAN_POINT('Control Point',(25.6831802434,11.372550622,47.3596136653)) ;
#11873=CARTESIAN_POINT('Control Point',(25.6266381576,11.3386155649,47.6761106716)) ;
#11874=CARTESIAN_POINT('Control Point',(25.6310606697,11.321163587,47.9926023937)) ;
#11875=CARTESIAN_POINT('Control Point',(27.9829074003,10.1206792753,45.8965019309)) ;
#11876=CARTESIAN_POINT('Control Point',(27.6703283281,10.0650816098,45.8941599574)) ;
#11877=CARTESIAN_POINT('Control Point',(27.3577441625,10.0064449682,45.9540038238)) ;
#11878=CARTESIAN_POINT('Control Point',(27.0614033939,9.9476397846,46.0762497141)) ;
#11879=CARTESIAN_POINT('Control Point',(26.5334910643,9.8360665512,46.4322159821)) ;
#11880=CARTESIAN_POINT('Control Point',(26.1806127918,9.74691479374,46.9647228856)) ;
#11881=CARTESIAN_POINT('Control Point',(26.0594349687,9.71054739391,47.2636393875)) ;
#11882=CARTESIAN_POINT('Control Point',(26.0001256339,9.68436241807,47.5789389398)) ;
#11883=CARTESIAN_POINT('Control Point',(26.002469315,9.66913339891,47.8942333554)) ;
#11884=CARTESIAN_POINT('Control Point',(28.1883101759,8.24569853519,45.8174952755)) ;
#11885=CARTESIAN_POINT('Control Point',(27.8736062578,8.21793476358,45.8166402156)) ;
#11886=CARTESIAN_POINT('Control Point',(27.5588973024,8.18770734682,45.8776235376)) ;
#11887=CARTESIAN_POINT('Control Point',(27.2604431942,8.15644207719,46.0005828524)) ;
#11888=CARTESIAN_POINT('Control Point',(26.72835231,8.0952100771,46.3571305853)) ;
#11889=CARTESIAN_POINT('Control Point',(26.3715359071,8.04243383514,46.8888210933)) ;
#11890=CARTESIAN_POINT('Control Point',(26.2484838564,8.01963041136,47.187050664)) ;
#11891=CARTESIAN_POINT('Control Point',(26.1874544148,8.00164380142,47.501522869)) ;
#11892=CARTESIAN_POINT('Control Point',(26.1883098803,7.98911274163,47.8159900405)) ;
#11893=CARTESIAN_POINT('Control Point',(28.1883084308,6.36994592859,45.7597409939)) ;
#11894=CARTESIAN_POINT('Control Point',(27.8741490561,6.36994593199,45.7597408577)) ;
#11895=CARTESIAN_POINT('Control Point',(27.5599847042,6.36804814632,45.8213827332)) ;
#11896=CARTESIAN_POINT('Control Point',(27.2619909626,6.36424971878,45.9447592834)) ;
#11897=CARTESIAN_POINT('Control Point',(26.7304863097,6.35326165223,46.3016621952)) ;
#11898=CARTESIAN_POINT('Control Point',(26.3734142584,6.3369058269,46.8329150825)) ;
#11899=CARTESIAN_POINT('Control Point',(26.2499792388,6.32773575951,47.130767669)) ;
#11900=CARTESIAN_POINT('Control Point',(26.1883081507,6.3180680792,47.4447832062)) ;
#11901=CARTESIAN_POINT('Control Point',(26.1883082869,6.30840055222,47.7587937684)) ;
#11903=CARTESIAN_POINT('Control Point',(28.1883084308,6.36994592859,45.7597409939)) ;
#11904=CARTESIAN_POINT('Control Point',(27.5599896815,6.36994593538,45.7597407215)) ;
#11905=CARTESIAN_POINT('Control Point',(26.9310847057,6.36237493392,46.0056540692)) ;
#11906=CARTESIAN_POINT('Control Point',(26.4343379027,6.34708870055,46.5021655707)) ;
#11907=CARTESIAN_POINT('Control Point',(26.1883080145,6.32773560619,47.1307726439)) ;
#11908=CARTESIAN_POINT('Control Point',(26.1883082869,6.30840055222,47.7587937684)) ;
#11917=CARTESIAN_POINT('Axis2P3D Location',(28.1883069138,-1.42108547152E-014,252.661703181)) ;
#11929=CARTESIAN_POINT('Axis2P3D Location',(31.1883069138,0.,0.)) ;
#11934=CARTESIAN_POINT('Axis2P3D Location',(31.1883069138,3.33066907388E-016,2.22044604925E-015)) ;
#11938=CARTESIAN_POINT('Vertex',(31.1883069138,24.,1.71538638902E-007)) ;
#11940=CARTESIAN_POINT('Vertex',(31.1883069138,-24.,1.40772810076E-015)) ;
#11943=CARTESIAN_POINT('Axis2P3D Location',(31.1883069138,4.85722573274E-015,1.99840144433E-015)) ;
#11957=CARTESIAN_POINT('Axis2P3D Location',(-21.3116930862,0.,0.)) ;
#11962=CARTESIAN_POINT('Axis2P3D Location',(30.1883069138,0.,0.)) ;
#11966=CARTESIAN_POINT('Vertex',(30.1883069138,25.,3.06161699787E-015)) ;
#11968=CARTESIAN_POINT('Vertex',(30.1883069138,-25.,0.)) ;
#11971=CARTESIAN_POINT('Line Origine',(-21.3116930862,-25.,0.)) ;
#11976=CARTESIAN_POINT('Line Origine',(-21.3116930862,25.,3.06161699787E-015)) ;
#11993=CARTESIAN_POINT('Axis2P3D Location',(30.1883069138,0.,0.)) ;
#12010=CARTESIAN_POINT('Axis2P3D Location',(55.1883069138,-4.26325641456E-014,-3.5527136788E-015)) ;
#12015=CARTESIAN_POINT('Line Origine',(30.6883069138,-24.5,-7.1054273576E-017)) ;
#12020=CARTESIAN_POINT('Line Origine',(30.6883069138,24.5,5.34600488626E-015)) ;
#12032=CARTESIAN_POINT('Axis2P3D Location',(55.1883069138,1.29674049276E-013,-2.45137243837E-013)) ;
#12044=CARTESIAN_POINT('Axis2P3D Location',(47.1883069138,0.,0.)) ;
#12049=CARTESIAN_POINT('Axis2P3D Location',(47.1883069138,1.28716481917E-015,1.33226762955E-015)) ;
#12053=CARTESIAN_POINT('Vertex',(47.1883069138,-20.5,-2.70052208416E-007)) ;
#12055=CARTESIAN_POINT('Vertex',(47.1883069138,20.5,1.31665511827E-015)) ;
#12058=CARTESIAN_POINT('Axis2P3D Location',(47.1883069138,-4.260480857E-015,-2.33146835171E-015)) ;
#12072=CARTESIAN_POINT('Axis2P3D Location',(102.688306914,0.,0.)) ;
#12077=CARTESIAN_POINT('Axis2P3D Location',(48.1883069138,0.,0.)) ;
#12081=CARTESIAN_POINT('Vertex',(48.1883069138,-21.5,2.63299061817E-015)) ;
#12083=CARTESIAN_POINT('Vertex',(48.1883069138,21.5,0.)) ;
#12086=CARTESIAN_POINT('Line Origine',(102.688306914,21.5,0.)) ;
#12091=CARTESIAN_POINT('Line Origine',(102.688306914,-21.5,2.63299061817E-015)) ;
#12106=CARTESIAN_POINT('Axis2P3D Location',(48.1883069138,0.,0.)) ;
#12121=CARTESIAN_POINT('Axis2P3D Location',(26.6883069138,3.99680288865E-014,0.)) ;
#12126=CARTESIAN_POINT('Line Origine',(47.6883069138,21.,-2.36658271566E-030)) ;
#12131=CARTESIAN_POINT('Line Origine',(47.6883069138,-21.,1.2858791391E-015)) ;
#12143=CARTESIAN_POINT('Axis2P3D Location',(26.6883069138,-7.63833440942E-014,-1.46549439251E-013)) ;
#53=DIRECTION('Axis2P3D Direction',(1.,0.,0.)) ;
#54=DIRECTION('Axis2P3D XDirection',(0.,-0.374606593416,0.927183854567)) ;
#58=DIRECTION('Vector Direction',(1.,0.,0.)) ;
#86=DIRECTION('Vector Direction',(1.,0.,0.)) ;
#93=DIRECTION('Axis2P3D Direction',(1.,0.,0.)) ;
#119=DIRECTION('Axis2P3D Direction',(1.,0.,0.)) ;
#120=DIRECTION('Axis2P3D XDirection',(-0.,-0.374606593416,-0.927183854567)) ;
#124=DIRECTION('Vector Direction',(1.,0.,0.)) ;
#152=DIRECTION('Vector Direction',(1.,0.,0.)) ;
#172=DIRECTION('Axis2P3D Direction',(1.,0.,0.)) ;
#185=DIRECTION('Axis2P3D Direction',(1.,0.,0.)) ;
#186=DIRECTION('Axis2P3D XDirection',(0.,1.17145536458E-015,1.)) ;
#190=DIRECTION('Axis2P3D Direction',(1.,0.,0.)) ;
#199=DIRECTION('Vector Direction',(1.,0.,0.)) ;
#206=DIRECTION('Axis2P3D Direction',(1.,0.,0.)) ;
#213=DIRECTION('Vector Direction',(1.,0.,0.)) ;
#225=DIRECTION('Axis2P3D Direction',(1.,0.,0.)) ;
#226=DIRECTION('Axis2P3D XDirection',(-0.,-1.83697019872E-016,-1.)) ;
#230=DIRECTION('Axis2P3D Direction',(1.,0.,0.)) ;
#235=DIRECTION('Axis2P3D Direction',(1.,0.,0.)) ;
#247=DIRECTION('Axis2P3D Direction',(1.,0.,0.)) ;
#248=DIRECTION('Axis2P3D XDirection',(-0.,-1.83697019872E-016,-1.)) ;
#252=DIRECTION('Vector Direction',(1.,0.,0.)) ;
#261=DIRECTION('Axis2P3D Direction',(1.,0.,0.)) ;
#268=DIRECTION('Vector Direction',(1.,0.,0.)) ;
#275=DIRECTION('Axis2P3D Direction',(1.,0.,0.)) ;
#287=DIRECTION('Axis2P3D Direction',(1.,0.,0.)) ;
#288=DIRECTION('Axis2P3D XDirection',(0.,1.,0.)) ;
#292=DIRECTION('Vector Direction',(0.,0.,1.)) ;
#299=DIRECTION('Vector Direction',(0.,0.,1.)) ;
#306=DIRECTION('Vector Direction',(0.,-0.928476690885,-0.371390676354)) ;
#313=DIRECTION('Axis2P3D Direction',(1.,0.,0.)) ;
#326=DIRECTION('Axis2P3D Direction',(0.,-1.,0.)) ;
#327=DIRECTION('Axis2P3D XDirection',(0.,0.,1.)) ;
#331=DIRECTION('Vector Direction',(1.,0.,0.)) ;
#338=DIRECTION('Vector Direction',(0.,0.,1.)) ;
#350=DIRECTION('Axis2P3D Direction',(1.,0.,0.)) ;
#351=DIRECTION('Axis2P3D XDirection',(0.,1.,0.)) ;
#355=DIRECTION('Axis2P3D Direction',(1.,0.,0.)) ;
#364=DIRECTION('Vector Direction',(0.,-0.928476690885,-0.371390676354)) ;
#369=DIRECTION('Vector Direction',(0.,0.,1.)) ;
#382=DIRECTION('Vector Direction',(-1.,0.,0.)) ;
#394=DIRECTION('Axis2P3D Direction',(1.,0.,0.)) ;
#395=DIRECTION('Axis2P3D XDirection',(0.,6.12323399574E-017,1.)) ;
#399=DIRECTION('Vector Direction',(1.,0.,0.)) ;
#408=DIRECTION('Axis2P3D Direction',(1.,0.,0.)) ;
#415=DIRECTION('Vector Direction',(1.,0.,0.)) ;
#422=DIRECTION('Axis2P3D Direction',(1.,0.,0.)) ;
#434=DIRECTION('Vector Direction',(0.,0.,1.)) ;
#441=DIRECTION('Vector Direction',(0.,0.,1.)) ;
#448=DIRECTION('Axis2P3D Direction',(1.,0.,0.)) ;
#455=DIRECTION('Vector Direction',(0.,0.928476690885,-0.371390676354)) ;
#468=DIRECTION('Axis2P3D Direction',(0.,-1.,0.)) ;
#469=DIRECTION('Axis2P3D XDirection',(0.,0.,1.)) ;
#473=DIRECTION('Vector Direction',(0.,0.,1.)) ;
#480=DIRECTION('Vector Direction',(-1.,0.,0.)) ;
#492=DIRECTION('Vector Direction',(0.,0.928476690885,-0.371390676354)) ;
#501=DIRECTION('Axis2P3D Direction',(1.,0.,0.)) ;
#506=DIRECTION('Vector Direction',(0.,0.,1.)) ;
#519=DIRECTION('Vector Direction',(1.,0.,0.)) ;
#531=DIRECTION('Axis2P3D Direction',(1.,0.,0.)) ;
#532=DIRECTION('Axis2P3D XDirection',(0.,-1.,1.22464679915E-016)) ;
#536=DIRECTION('Axis2P3D Direction',(1.,0.,0.)) ;
#545=DIRECTION('Vector Direction',(1.,0.,0.)) ;
#581=DIRECTION('Vector Direction',(1.,0.,0.)) ;
#594=DIRECTION('Axis2P3D Direction',(1.,0.,0.)) ;
#634=DIRECTION('Axis2P3D Direction',(1.,0.,0.)) ;
#635=DIRECTION('Axis2P3D XDirection',(0.,1.,0.)) ;
#639=DIRECTION('Axis2P3D Direction',(1.,0.,0.)) ;
#648=DIRECTION('Vector Direction',(1.,0.,0.)) ;
#684=DIRECTION('Vector Direction',(1.,0.,0.)) ;
#697=DIRECTION('Axis2P3D Direction',(1.,0.,0.)) ;
#737=DIRECTION('Axis2P3D Direction',(-1.,2.85966578362E-017,0.)) ;
#738=DIRECTION('Axis2P3D XDirection',(-2.85966578362E-017,-1.,-0.)) ;
#742=DIRECTION('Axis2P3D Direction',(-1.,2.85966578362E-017,0.)) ;
#751=DIRECTION('Axis2P3D Direction',(-1.,2.85966578362E-017,0.)) ;
#765=DIRECTION('Axis2P3D Direction',(-1.,2.85966578362E-017,0.)) ;
#766=DIRECTION('Axis2P3D XDirection',(2.85966578362E-017,1.,5.66553889765E-016)) ;
#810=DIRECTION('Vector Direction',(-1.,0.,0.)) ;
#815=DIRECTION('Vector Direction',(-1.,0.,0.)) ;
#874=DIRECTION('Axis2P3D Direction',(-1.,2.85966578362E-017,0.)) ;
#883=DIRECTION('Axis2P3D Direction',(-1.,2.85966578362E-017,0.)) ;
#897=DIRECTION('Axis2P3D Direction',(-1.,2.85966578362E-017,0.)) ;
#898=DIRECTION('Axis2P3D XDirection',(-2.85966578362E-017,-1.,1.32890327564E-016)) ;
#942=DIRECTION('Vector Direction',(-1.,0.,0.)) ;
#947=DIRECTION('Vector Direction',(-1.,0.,0.)) ;
#1006=DIRECTION('Axis2P3D Direction',(0.,-0.371390676354,-0.928476690885)) ;
#1007=DIRECTION('Axis2P3D XDirection',(0.,0.928476690885,-0.371390676354)) ;
#1011=DIRECTION('Vector Direction',(0.,-0.371390676354,-0.928476690885)) ;
#1020=DIRECTION('Axis2P3D Direction',(0.,-0.371390676354,-0.928476690885)) ;
#1027=DIRECTION('Vector Direction',(0.,-0.371390676354,-0.928476690885)) ;
#1034=DIRECTION('Axis2P3D Direction',(0.,-0.371390676354,-0.928476690885)) ;
#1046=DIRECTION('Axis2P3D Direction',(0.,-0.371390676354,-0.928476690885)) ;
#1051=DIRECTION('Axis2P3D Direction',(0.,-0.371390676354,-0.928476690885)) ;
#1063=DIRECTION('Axis2P3D Direction',(0.,-0.371390676354,-0.928476690885)) ;
#1064=DIRECTION('Axis2P3D XDirection',(0.,0.928476690885,-0.371390676354)) ;
#1072=DIRECTION('Axis2P3D Direction',(0.,-0.371390676354,-0.928476690885)) ;
#1081=DIRECTION('Axis2P3D Direction',(0.,-0.371390676354,-0.928476690885)) ;
#1091=DIRECTION('Axis2P3D Direction',(-0.,0.374606593416,0.927183854567)) ;
#1092=DIRECTION('Axis2P3D XDirection',(0.,-0.927183854567,0.374606593416)) ;
#1148=DIRECTION('Vector Direction',(1.,0.,0.)) ;
#1155=DIRECTION('Vector Direction',(0.,-0.927183854567,0.374606593416)) ;
#1180=DIRECTION('Vector Direction',(0.,-0.927183854567,0.374606593416)) ;
#1187=DIRECTION('Vector Direction',(1.,0.,0.)) ;
#1204=DIRECTION('Axis2P3D Direction',(1.,0.,0.)) ;
#1205=DIRECTION('Axis2P3D XDirection',(0.,0.947989814486,-0.318300662316)) ;
#1243=DIRECTION('Vector Direction',(1.,0.,0.)) ;
#1250=DIRECTION('Axis2P3D Direction',(1.,0.,0.)) ;
#1285=DIRECTION('Axis2P3D Direction',(1.,0.,0.)) ;
#1292=DIRECTION('Vector Direction',(1.,0.,0.)) ;
#1310=DIRECTION('Axis2P3D Direction',(-0.,0.374606593416,0.927183854567)) ;
#1311=DIRECTION('Axis2P3D XDirection',(0.,-0.927183854567,0.374606593416)) ;
#1315=DIRECTION('Vector Direction',(0.,-0.927183854567,0.374606593416)) ;
#1330=DIRECTION('Vector Direction',(0.,-0.927183854567,0.374606593416)) ;
#1394=DIRECTION('Axis2P3D Direction',(0.,-0.371390676354,-0.928476690885)) ;
#1395=DIRECTION('Axis2P3D XDirection',(0.,0.928476690885,-0.371390676354)) ;
#1399=DIRECTION('Axis2P3D Direction',(0.,-0.371390676354,-0.928476690885)) ;
#1408=DIRECTION('Axis2P3D Direction',(0.,-0.371390676354,-0.928476690885)) ;
#1418=DIRECTION('Axis2P3D Direction',(0.,-0.371390676354,-0.928476690885)) ;
#1419=DIRECTION('Axis2P3D XDirection',(4.4408920985E-016,0.928476690885,-0.371390676354)) ;
#1423=DIRECTION('Vector Direction',(0.,-0.371390676354,-0.928476690885)) ;
#1428=DIRECTION('Vector Direction',(0.,-0.371390676354,-0.928476690885)) ;
#1449=DIRECTION('Vector Direction',(0.,-0.371390676354,-0.928476690885)) ;
#1454=DIRECTION('Vector Direction',(0.,-0.371390676354,-0.928476690885)) ;
#1475=DIRECTION('Axis2P3D Direction',(0.,-0.371390676354,0.928476690885)) ;
#1476=DIRECTION('Axis2P3D XDirection',(6.97854472622E-016,-0.928476690885,-0.371390676354)) ;
#1480=DIRECTION('Axis2P3D Direction',(0.,-0.371390676354,0.928476690885)) ;
#1489=DIRECTION('Vector Direction',(0.,-0.371390676354,0.928476690885)) ;
#1496=DIRECTION('Axis2P3D Direction',(0.,-0.371390676354,0.928476690885)) ;
#1503=DIRECTION('Vector Direction',(0.,-0.371390676354,0.928476690885)) ;
#1515=DIRECTION('Axis2P3D Direction',(0.,-0.371390676354,0.928476690885)) ;
#1520=DIRECTION('Axis2P3D Direction',(0.,-0.371390676354,0.928476690885)) ;
#1532=DIRECTION('Axis2P3D Direction',(0.,-0.371390676354,0.928476690885)) ;
#1533=DIRECTION('Axis2P3D XDirection',(0.,-0.928476690885,-0.371390676354)) ;
#1541=DIRECTION('Axis2P3D Direction',(0.,-0.371390676354,0.928476690885)) ;
#1550=DIRECTION('Axis2P3D Direction',(0.,-0.371390676354,0.928476690885)) ;
#1560=DIRECTION('Axis2P3D Direction',(0.,0.374606593416,-0.927183854567)) ;
#1561=DIRECTION('Axis2P3D XDirection',(0.,0.927183854567,0.374606593416)) ;
#1617=DIRECTION('Vector Direction',(1.,0.,0.)) ;
#1624=DIRECTION('Vector Direction',(0.,0.927183854567,0.374606593416)) ;
#1639=DIRECTION('Vector Direction',(0.,0.927183854567,0.374606593416)) ;
#1646=DIRECTION('Vector Direction',(1.,0.,0.)) ;
#1662=DIRECTION('Axis2P3D Direction',(0.,0.374606593416,-0.927183854567)) ;
#1663=DIRECTION('Axis2P3D XDirection',(0.,0.927183854567,0.374606593416)) ;
#1667=DIRECTION('Vector Direction',(1.,0.,0.)) ;
#1676=DIRECTION('Vector Direction',(0.,0.927183854567,0.374606593416)) ;
#1701=DIRECTION('Vector Direction',(0.,0.927183854567,0.374606593416)) ;
#1708=DIRECTION('Vector Direction',(1.,0.,0.)) ;
#1775=DIRECTION('Axis2P3D Direction',(1.,0.,0.)) ;
#1776=DIRECTION('Axis2P3D XDirection',(-0.,-0.903037023276,-0.429562724864)) ;
#1810=DIRECTION('Axis2P3D Direction',(1.,0.,0.)) ;
#1845=DIRECTION('Axis2P3D Direction',(1.,0.,0.)) ;
#1863=DIRECTION('Axis2P3D Direction',(0.,-0.371390676354,0.928476690885)) ;
#1864=DIRECTION('Axis2P3D XDirection',(0.,-0.928476690885,-0.371390676354)) ;
#1868=DIRECTION('Axis2P3D Direction',(0.,-0.371390676354,0.928476690885)) ;
#1877=DIRECTION('Axis2P3D Direction',(0.,-0.371390676354,0.928476690885)) ;
#1887=DIRECTION('Axis2P3D Direction',(0.,-0.371390676354,0.928476690885)) ;
#1888=DIRECTION('Axis2P3D XDirection',(8.881784197E-016,-0.928476690885,-0.371390676354)) ;
#1892=DIRECTION('Vector Direction',(0.,-0.371390676354,0.928476690885)) ;
#1897=DIRECTION('Vector Direction',(0.,-0.371390676354,0.928476690885)) ;
#1918=DIRECTION('Vector Direction',(0.,-0.371390676354,0.928476690885)) ;
#1923=DIRECTION('Vector Direction',(0.,-0.371390676354,0.928476690885)) ;
#1944=DIRECTION('Axis2P3D Direction',(1.,0.,-0.)) ;
#1945=DIRECTION('Axis2P3D XDirection',(0.,-0.765598671226,0.643318486145)) ;
#1949=DIRECTION('Axis2P3D Direction',(0.,0.374606605703,0.927183849603)) ;
#1958=DIRECTION('Axis2P3D Direction',(1.,0.,-0.)) ;
#1965=DIRECTION('Axis2P3D Direction',(0.,-0.928476687617,0.371390684524)) ;
#1972=DIRECTION('Axis2P3D Direction',(1.,0.,-0.)) ;
#1984=DIRECTION('Axis2P3D Direction',(0.,0.928476690885,-0.371390676354)) ;
#1985=DIRECTION('Axis2P3D XDirection',(-1.83697019872E-016,0.371390676354,0.928476690885)) ;
#1989=DIRECTION('Vector Direction',(0.,0.928476690885,-0.371390676354)) ;
#1996=DIRECTION('Axis2P3D Direction',(0.,0.928476690885,-0.371390676354)) ;
#2003=DIRECTION('Vector Direction',(0.,0.928476690885,-0.371390676354)) ;
#2278=DIRECTION('Axis2P3D Direction',(0.,0.,-1.)) ;
#2279=DIRECTION('Axis2P3D XDirection',(0.847215106983,-0.53125,0.)) ;
#2283=DIRECTION('Vector Direction',(0.,0.,-1.)) ;
#2290=DIRECTION('Axis2P3D Direction',(0.,0.,-1.)) ;
#2297=DIRECTION('Vector Direction',(0.,0.,-1.)) ;
#2611=DIRECTION('Axis2P3D Direction',(1.,-0.,0.)) ;
#2612=DIRECTION('Axis2P3D XDirection',(0.,-0.140887565615,0.990025602626)) ;
#2616=DIRECTION('Axis2P3D Direction',(1.,-0.,0.)) ;
#2623=DIRECTION('Axis2P3D Direction',(0.,0.374606599785,0.927183851994)) ;
#2630=DIRECTION('Axis2P3D Direction',(1.,-0.,0.)) ;
#2642=DIRECTION('Axis2P3D Direction',(0.,-0.374606593416,-0.927183854567)) ;
#2643=DIRECTION('Axis2P3D XDirection',(-1.83697019872E-016,0.927183854567,-0.374606593416)) ;
#2647=DIRECTION('Vector Direction',(0.,-0.374606593416,-0.927183854567)) ;
#2652=DIRECTION('Vector Direction',(0.,-0.374606593416,-0.927183854567)) ;
#2664=DIRECTION('Axis2P3D Direction',(1.,0.,0.)) ;
#2665=DIRECTION('Axis2P3D XDirection',(0.,0.947890222654,0.31859712145)) ;
#2669=DIRECTION('Axis2P3D Direction',(0.,0.374606584509,-0.927183858165)) ;
#2678=DIRECTION('Axis2P3D Direction',(1.,0.,0.)) ;
#2685=DIRECTION('Axis2P3D Direction',(0.,0.891481890014,-0.453056331793)) ;
#2692=DIRECTION('Axis2P3D Direction',(1.,0.,0.)) ;
#3011=DIRECTION('Axis2P3D Direction',(0.,0.,-1.)) ;
#3012=DIRECTION('Axis2P3D XDirection',(1.66533453694E-016,1.,0.)) ;
#3016=DIRECTION('Vector Direction',(0.,0.,-1.)) ;
#3023=DIRECTION('Axis2P3D Direction',(0.,0.,-1.)) ;
#3030=DIRECTION('Vector Direction',(0.,0.,-1.)) ;
#3300=DIRECTION('Axis2P3D Direction',(0.,-0.928476690885,-0.371390676354)) ;
#3301=DIRECTION('Axis2P3D XDirection',(1.,0.,0.)) ;
#3305=DIRECTION('Vector Direction',(0.,-0.928476690885,-0.371390676354)) ;
#3312=DIRECTION('Axis2P3D Direction',(0.,-0.928476690885,-0.371390676354)) ;
#3319=DIRECTION('Vector Direction',(0.,-0.928476690885,-0.371390676354)) ;
#3331=DIRECTION('Axis2P3D Direction',(1.,0.,0.)) ;
#3332=DIRECTION('Axis2P3D XDirection',(0.,0.0656067441056,-0.997845556751)) ;
#3336=DIRECTION('Axis2P3D Direction',(1.,0.,0.)) ;
#3343=DIRECTION('Axis2P3D Direction',(0.,0.374606593037,-0.92718385472)) ;
#3350=DIRECTION('Axis2P3D Direction',(1.,0.,0.)) ;
#3362=DIRECTION('Axis2P3D Direction',(0.,0.374606593416,-0.927183854567)) ;
#3363=DIRECTION('Axis2P3D XDirection',(1.,0.,0.)) ;
#3367=DIRECTION('Vector Direction',(0.,0.374606593416,-0.927183854567)) ;
#3372=DIRECTION('Vector Direction',(0.,0.374606593416,-0.927183854567)) ;
#3525=DIRECTION('Axis2P3D Direction',(1.,-0.,0.)) ;
#3526=DIRECTION('Axis2P3D XDirection',(0.,0.149714718623,0.988729236458)) ;
#3530=DIRECTION('Axis2P3D Direction',(1.,-0.,0.)) ;
#3537=DIRECTION('Axis2P3D Direction',(0.,1.,-4.77170426783E-009)) ;
#3544=DIRECTION('Axis2P3D Direction',(1.,-0.,0.)) ;
#3556=DIRECTION('Axis2P3D Direction',(1.,0.,0.)) ;
#3557=DIRECTION('Axis2P3D XDirection',(0.,0.898288311738,0.439406541821)) ;
#3561=DIRECTION('Axis2P3D Direction',(1.,0.,0.)) ;
#3568=DIRECTION('Axis2P3D Direction',(0.,0.663051705662,-0.748573600669)) ;
#3575=DIRECTION('Axis2P3D Direction',(1.,0.,0.)) ;
#3845=DIRECTION('Axis2P3D Direction',(1.,0.,-0.)) ;
#3846=DIRECTION('Axis2P3D XDirection',(0.,-0.334631522162,-0.942349056547)) ;
#3850=DIRECTION('Axis2P3D Direction',(1.,0.,-0.)) ;
#3857=DIRECTION('Axis2P3D Direction',(0.,-1.,1.92925214137E-008)) ;
#3864=DIRECTION('Axis2P3D Direction',(1.,0.,-0.)) ;
#3876=DIRECTION('Axis2P3D Direction',(1.,0.,-0.)) ;
#3877=DIRECTION('Axis2P3D XDirection',(0.,-0.965353023943,-0.260947387734)) ;
#3881=DIRECTION('Axis2P3D Direction',(1.,0.,-0.)) ;
#3888=DIRECTION('Axis2P3D Direction',(0.,-0.663051712538,0.748573594578)) ;
#3895=DIRECTION('Axis2P3D Direction',(1.,0.,-0.)) ;
#4024=DIRECTION('Axis2P3D Direction',(1.,0.,0.)) ;
#4025=DIRECTION('Axis2P3D XDirection',(0.,1.,0.)) ;
#4029=DIRECTION('Vector Direction',(0.,0.,1.)) ;
#4036=DIRECTION('Vector Direction',(0.,0.,1.)) ;
#4043=DIRECTION('Axis2P3D Direction',(1.,0.,0.)) ;
#4050=DIRECTION('Axis2P3D Direction',(1.,0.,0.)) ;
#4063=DIRECTION('Vector Direction',(0.,0.,1.)) ;
#4070=DIRECTION('Axis2P3D Direction',(1.,0.,0.)) ;
#4077=DIRECTION('Axis2P3D Direction',(1.,0.,0.)) ;
#4090=DIRECTION('Axis2P3D Direction',(1.,-0.,0.)) ;
#4091=DIRECTION('Axis2P3D XDirection',(0.,0.53787108693,0.843027101489)) ;
#4095=DIRECTION('Axis2P3D Direction',(0.,0.985867972246,-0.167524151389)) ;
#4104=DIRECTION('Axis2P3D Direction',(1.,-0.,0.)) ;
#4111=DIRECTION('Axis2P3D Direction',(0.,0.997214132388,0.0745920516253)) ;
#4118=DIRECTION('Axis2P3D Direction',(1.,-0.,0.)) ;
#4130=DIRECTION('Axis2P3D Direction',(1.,-0.,0.)) ;
#4131=DIRECTION('Axis2P3D XDirection',(0.,-0.0171624189641,-0.999852714841)) ;
#4135=DIRECTION('Axis2P3D Direction',(1.,-0.,0.)) ;
#4142=DIRECTION('Axis2P3D Direction',(0.,-1.,-5.20417042793E-016)) ;
#4149=DIRECTION('Axis2P3D Direction',(1.,-0.,0.)) ;
#4161=DIRECTION('Axis2P3D Direction',(1.,0.,-0.)) ;
#4162=DIRECTION('Axis2P3D XDirection',(0.,-0.102974513785,-0.9946839948)) ;
#4166=DIRECTION('Axis2P3D Direction',(1.,0.,-0.)) ;
#4173=DIRECTION('Axis2P3D Direction',(0.,-0.997214130667,0.0745920746285)) ;
#4180=DIRECTION('Axis2P3D Direction',(1.,0.,-0.)) ;
#4192=DIRECTION('Axis2P3D Direction',(1.,-0.,0.)) ;
#4193=DIRECTION('Axis2P3D XDirection',(0.,0.502860775745,0.864367422001)) ;
#4197=DIRECTION('Axis2P3D Direction',(1.,-0.,0.)) ;
#4204=DIRECTION('Axis2P3D Direction',(0.,0.985867972246,0.167524151389)) ;
#4211=DIRECTION('Axis2P3D Direction',(1.,-0.,0.)) ;
#4428=DIRECTION('Axis2P3D Direction',(1.,0.,-0.)) ;
#4429=DIRECTION('Axis2P3D XDirection',(0.,-0.658184595142,-0.752856585757)) ;
#4433=DIRECTION('Axis2P3D Direction',(0.,-0.997214129651,0.0745920882222)) ;
#4440=DIRECTION('Axis2P3D Direction',(1.,0.,-0.)) ;
#4452=DIRECTION('Axis2P3D Direction',(1.,0.,-0.)) ;
#4453=DIRECTION('Axis2P3D XDirection',(0.,-0.0942400684189,-0.995549501283)) ;
#4457=DIRECTION('Axis2P3D Direction',(0.,-1.,1.04083408559E-016)) ;
#4464=DIRECTION('Axis2P3D Direction',(1.,0.,-0.)) ;
#4476=DIRECTION('Axis2P3D Direction',(1.,0.,0.)) ;
#4477=DIRECTION('Axis2P3D XDirection',(0.,-0.0157066780698,-0.999876642523)) ;
#4481=DIRECTION('Axis2P3D Direction',(0.,-0.99721413067,-0.0745920745919)) ;
#4488=DIRECTION('Axis2P3D Direction',(1.,0.,0.)) ;
#4500=DIRECTION('Axis2P3D Direction',(1.,-0.,0.)) ;
#4501=DIRECTION('Axis2P3D XDirection',(0.,-0.224770118366,-0.974411819453)) ;
#4505=DIRECTION('Axis2P3D Direction',(0.,-0.985867972246,-0.167524151389)) ;
#4512=DIRECTION('Axis2P3D Direction',(1.,-0.,0.)) ;
#4719=DIRECTION('Axis2P3D Direction',(0.766044443119,0.642787609687,-0.)) ;
#4720=DIRECTION('Axis2P3D XDirection',(-0.642787609687,0.766044443119,0.)) ;
#4724=DIRECTION('Vector Direction',(0.,0.,1.)) ;
#4731=DIRECTION('Vector Direction',(0.,0.,1.)) ;
#4753=DIRECTION('Vector Direction',(0.,0.,1.)) ;
#4760=DIRECTION('Vector Direction',(0.,0.,1.)) ;
#4767=DIRECTION('Vector Direction',(0.614582659715,-0.732431092662,-0.292972437065)) ;
#4779=DIRECTION('Axis2P3D Direction',(-0.766044443119,0.642787609687,0.)) ;
#4780=DIRECTION('Axis2P3D XDirection',(-0.642787609687,-0.766044443119,-0.)) ;
#4799=DIRECTION('Vector Direction',(0.,0.,1.)) ;
#4804=DIRECTION('Vector Direction',(0.,0.,1.)) ;
#4816=DIRECTION('Vector Direction',(-0.614582659715,-0.732431092662,0.292972437065)) ;
#4825=DIRECTION('Vector Direction',(0.,0.,1.)) ;
#4830=DIRECTION('Vector Direction',(0.,0.,1.)) ;
#4842=DIRECTION('Axis2P3D Direction',(1.,0.,0.)) ;
#4843=DIRECTION('Axis2P3D XDirection',(0.,1.,0.)) ;
#4847=DIRECTION('Axis2P3D Direction',(1.,0.,0.)) ;
#4856=DIRECTION('Vector Direction',(0.,0.928476690885,-0.371390676354)) ;
#4863=DIRECTION('Vector Direction',(0.,0.,1.)) ;
#4868=DIRECTION('Vector Direction',(0.,0.,1.)) ;
#4873=DIRECTION('Vector Direction',(0.,0.,1.)) ;
#4880=DIRECTION('Axis2P3D Direction',(1.,0.,0.)) ;
#4887=DIRECTION('Axis2P3D Direction',(1.,0.,0.)) ;
#4909=DIRECTION('Axis2P3D Direction',(0.,0.,-1.)) ;
#4910=DIRECTION('Axis2P3D XDirection',(-1.,-1.83697019872E-016,-0.)) ;
#4950=DIRECTION('Axis2P3D Direction',(1.,0.,0.)) ;
#4959=DIRECTION('Axis2P3D Direction',(1.,0.,0.)) ;
#4966=DIRECTION('Vector Direction',(0.,0.,1.)) ;
#4971=DIRECTION('Vector Direction',(0.,0.,1.)) ;
#4976=DIRECTION('Vector Direction',(0.,0.,1.)) ;
#4983=DIRECTION('Vector Direction',(0.,-0.928476690885,-0.371390676354)) ;
#4990=DIRECTION('Axis2P3D Direction',(1.,0.,0.)) ;
#5012=DIRECTION('Axis2P3D Direction',(0.,0.,-1.)) ;
#5013=DIRECTION('Axis2P3D XDirection',(-0.766044443119,-0.642787609687,-0.)) ;
#5053=DIRECTION('Vector Direction',(0.,0.,1.)) ;
#5060=DIRECTION('Vector Direction',(0.,0.,1.)) ;
#5067=DIRECTION('Axis2P3D Direction',(1.,0.,0.)) ;
#5074=DIRECTION('Vector Direction',(0.,-0.928476690885,-0.371390676354)) ;
#5087=DIRECTION('Vector Direction',(0.,0.,1.)) ;
#5094=DIRECTION('Vector Direction',(0.,0.928476690885,-0.371390676354)) ;
#5101=DIRECTION('Axis2P3D Direction',(1.,0.,0.)) ;
#5114=DIRECTION('Vector Direction',(0.,0.,1.)) ;
#5121=DIRECTION('Vector Direction',(0.,0.,1.)) ;
#5128=DIRECTION('Axis2P3D Direction',(1.,0.,0.)) ;
#5141=DIRECTION('Vector Direction',(0.,0.,1.)) ;
#5148=DIRECTION('Axis2P3D Direction',(1.,0.,0.)) ;
#5161=DIRECTION('Axis2P3D Direction',(0.,0.,-1.)) ;
#5162=DIRECTION('Axis2P3D XDirection',(1.,-3.82856869893E-016,0.)) ;
#5195=DIRECTION('Axis2P3D Direction',(0.,0.,-1.)) ;
#5196=DIRECTION('Axis2P3D XDirection',(0.766044443119,0.642787609687,0.)) ;
#5229=DIRECTION('Axis2P3D Direction',(1.,0.,0.)) ;
#5230=DIRECTION('Axis2P3D XDirection',(0.,0.299346361922,-0.954144515052)) ;
#5234=DIRECTION('Axis2P3D Direction',(0.,-0.928476690885,-0.371390676354)) ;
#5241=DIRECTION('Axis2P3D Direction',(1.,0.,0.)) ;
#5248=DIRECTION('Axis2P3D Direction',(-0.,0.904943417793,0.425531914894)) ;
#5261=DIRECTION('Axis2P3D Direction',(1.,0.,0.)) ;
#5262=DIRECTION('Axis2P3D XDirection',(0.,0.00954267453592,-0.999954467645)) ;
#5266=DIRECTION('Axis2P3D Direction',(1.,0.,0.)) ;
#5273=DIRECTION('Axis2P3D Direction',(0.,-0.943390839396,-0.331683168315)) ;
#5793=DIRECTION('Axis2P3D Direction',(1.,0.,-0.)) ;
#5794=DIRECTION('Axis2P3D XDirection',(0.,-0.558410889996,-0.829564511014)) ;
#5798=DIRECTION('Axis2P3D Direction',(1.,0.,-0.)) ;
#5805=DIRECTION('Axis2P3D Direction',(0.,-0.904943417793,0.425531914894)) ;
#5817=DIRECTION('Axis2P3D Direction',(1.,0.,-0.)) ;
#5818=DIRECTION('Axis2P3D XDirection',(0.,0.565098676472,0.825023324428)) ;
#5822=DIRECTION('Axis2P3D Direction',(1.,0.,-0.)) ;
#5829=DIRECTION('Axis2P3D Direction',(0.,-0.928476690885,0.371390676354)) ;
#5842=DIRECTION('Axis2P3D Direction',(0.,0.928476690885,-0.371390676354)) ;
#5843=DIRECTION('Axis2P3D XDirection',(1.,-1.91094374364E-015,-4.7773593591E-015)) ;
#5847=DIRECTION('Vector Direction',(0.,0.928476690885,-0.371390676354)) ;
#5854=DIRECTION('Axis2P3D Direction',(0.,0.928476690885,-0.371390676354)) ;
#5948=DIRECTION('Axis2P3D Direction',(-0.614582659715,-0.732431092662,0.292972437065)) ;
#5949=DIRECTION('Axis2P3D XDirection',(0.,-0.371390676354,-0.928476690885)) ;
#5953=DIRECTION('Vector Direction',(-0.614582659715,-0.732431092662,0.292972437065)) ;
#5960=DIRECTION('Axis2P3D Direction',(-0.614582659715,-0.732431092662,0.292972437065)) ;
#6055=DIRECTION('Axis2P3D Direction',(0.,0.928476690885,-0.371390676354)) ;
#6056=DIRECTION('Axis2P3D XDirection',(1.,-1.25122137561E-015,-3.12805343902E-015)) ;
#6060=DIRECTION('Vector Direction',(0.,0.928476690885,-0.371390676354)) ;
#6067=DIRECTION('Axis2P3D Direction',(0.,0.928476690885,-0.371390676354)) ;
#6079=DIRECTION('Axis2P3D Direction',(0.,-0.928476690885,-0.371390676354)) ;
#6080=DIRECTION('Axis2P3D XDirection',(0.,0.371390676354,-0.928476690885)) ;
#6084=DIRECTION('Axis2P3D Direction',(0.,-0.928476690885,-0.371390676354)) ;
#6091=DIRECTION('Vector Direction',(0.,-0.928476690885,-0.371390676354)) ;
#6098=DIRECTION('Axis2P3D Direction',(0.,-0.928476690885,-0.371390676354)) ;
#6192=DIRECTION('Axis2P3D Direction',(0.614582659715,-0.732431092662,-0.292972437065)) ;
#6193=DIRECTION('Axis2P3D XDirection',(0.,0.371390676354,-0.928476690885)) ;
#6197=DIRECTION('Vector Direction',(0.614582659715,-0.732431092662,-0.292972437065)) ;
#6204=DIRECTION('Axis2P3D Direction',(0.614582659715,-0.732431092662,-0.292972437065)) ;
#6299=DIRECTION('Axis2P3D Direction',(0.,-0.928476690885,-0.371390676354)) ;
#6300=DIRECTION('Axis2P3D XDirection',(0.,0.371390676354,-0.928476690885)) ;
#6304=DIRECTION('Vector Direction',(0.,-0.928476690885,-0.371390676354)) ;
#6316=DIRECTION('Axis2P3D Direction',(1.,0.,-0.)) ;
#6317=DIRECTION('Axis2P3D XDirection',(0.,-0.639690161389,-0.76863287558)) ;
#6321=DIRECTION('Axis2P3D Direction',(1.,0.,-0.)) ;
#6328=DIRECTION('Axis2P3D Direction',(1.,0.,-0.)) ;
#6342=DIRECTION('Axis2P3D Direction',(1.,0.,-0.)) ;
#6343=DIRECTION('Axis2P3D XDirection',(0.,-0.0877967320066,-0.99613841099)) ;
#6347=DIRECTION('Axis2P3D Direction',(1.,0.,-0.)) ;
#6354=DIRECTION('Axis2P3D Direction',(1.,0.,-0.)) ;
#6368=DIRECTION('Axis2P3D Direction',(1.,0.,0.)) ;
#6369=DIRECTION('Axis2P3D XDirection',(-0.,-0.371390676354,-0.928476690885)) ;
#6373=DIRECTION('Vector Direction',(1.,0.,0.)) ;
#6380=DIRECTION('Vector Direction',(1.,0.,0.)) ;
#6387=DIRECTION('Axis2P3D Direction',(1.,0.,0.)) ;
#6409=DIRECTION('Axis2P3D Direction',(1.,0.,0.)) ;
#6410=DIRECTION('Axis2P3D XDirection',(-0.,-0.425531914894,-0.904943417793)) ;
#6414=DIRECTION('Axis2P3D Direction',(1.,0.,0.)) ;
#6449=DIRECTION('Axis2P3D Direction',(1.,0.,0.)) ;
#6456=DIRECTION('Vector Direction',(1.,0.,0.)) ;
#6461=DIRECTION('Vector Direction',(1.,0.,0.)) ;
#6481=DIRECTION('Vector Direction',(1.,0.,0.)) ;
#6497=DIRECTION('Axis2P3D Direction',(1.,0.,0.)) ;
#6510=DIRECTION('Axis2P3D Direction',(1.,0.,0.)) ;
#6543=DIRECTION('Axis2P3D Direction',(1.,0.,0.)) ;
#6550=DIRECTION('Vector Direction',(1.,0.,0.)) ;
#6570=DIRECTION('Axis2P3D Direction',(1.,0.,0.)) ;
#6571=DIRECTION('Axis2P3D XDirection',(0.,0.425531914894,0.904943417793)) ;
#6575=DIRECTION('Vector Direction',(1.,0.,0.)) ;
#6582=DIRECTION('Vector Direction',(1.,0.,0.)) ;
#6587=DIRECTION('Axis2P3D Direction',(1.,0.,0.)) ;
#6603=DIRECTION('Axis2P3D Direction',(1.,0.,0.)) ;
#6604=DIRECTION('Axis2P3D XDirection',(-0.,-1.83697019872E-016,-1.)) ;
#6608=DIRECTION('Vector Direction',(1.,0.,0.)) ;
#6613=DIRECTION('Vector Direction',(1.,0.,0.)) ;
#6620=DIRECTION('Axis2P3D Direction',(1.,0.,0.)) ;
#6636=DIRECTION('Axis2P3D Direction',(-0.,0.371390676354,0.928476690885)) ;
#6637=DIRECTION('Axis2P3D XDirection',(0.,-0.928476690885,0.371390676354)) ;
#6641=DIRECTION('Vector Direction',(0.,-0.928476690885,0.371390676354)) ;
#6661=DIRECTION('Vector Direction',(0.614582659715,0.732431092662,-0.292972437065)) ;
#6701=DIRECTION('Axis2P3D Direction',(0.,0.371390676354,-0.928476690885)) ;
#6702=DIRECTION('Axis2P3D XDirection',(0.,0.928476690885,0.371390676354)) ;
#6719=DIRECTION('Vector Direction',(-0.614582659715,0.732431092662,0.292972437065)) ;
#6739=DIRECTION('Vector Direction',(0.,0.928476690885,0.371390676354)) ;
#6766=DIRECTION('Axis2P3D Direction',(-1.,2.52477876166E-017,4.14059825175E-018)) ;
#6767=DIRECTION('Axis2P3D XDirection',(-1.26882631386E-017,-0.272115249359,-0.962264667888)) ;
#6771=DIRECTION('Axis2P3D Direction',(2.19042027132E-017,0.928476690885,-0.371390676354)) ;
#6778=DIRECTION('Axis2P3D Direction',(-2.10858625146E-017,-0.904943417793,0.425531914894)) ;
#6785=DIRECTION('Axis2P3D Direction',(-1.,2.52477876166E-017,4.14059825175E-018)) ;
#6792=DIRECTION('Axis2P3D Direction',(-1.,2.52477876166E-017,4.14059825175E-018)) ;
#6805=DIRECTION('Axis2P3D Direction',(-1.,3.74920135268E-017,2.51168031825E-017)) ;
#6806=DIRECTION('Axis2P3D XDirection',(-2.52823065014E-017,-0.00341132276513,-0.999994181422)) ;
#6810=DIRECTION('Axis2P3D Direction',(2.91743008639E-017,0.961722706485,-0.274024516842)) ;
#6817=DIRECTION('Axis2P3D Direction',(-1.,3.74920135268E-017,2.51168031825E-017)) ;
#7296=DIRECTION('Axis2P3D Direction',(-1.,0.,0.)) ;
#7297=DIRECTION('Axis2P3D XDirection',(0.,0.531154524191,-0.847274968019)) ;
#7301=DIRECTION('Axis2P3D Direction',(0.,0.904943417793,0.425531914894)) ;
#7308=DIRECTION('Axis2P3D Direction',(-1.,0.,0.)) ;
#7320=DIRECTION('Axis2P3D Direction',(-1.,1.98410222232E-017,-4.94611284613E-018)) ;
#7321=DIRECTION('Axis2P3D XDirection',(-1.26882631386E-017,-0.565098676552,0.825023324373)) ;
#7325=DIRECTION('Axis2P3D Direction',(1.65849864623E-017,0.928476690885,0.371390676354)) ;
#7332=DIRECTION('Axis2P3D Direction',(-1.,1.98410222232E-017,-4.94611284613E-018)) ;
#7339=DIRECTION('Axis2P3D Direction',(-1.,1.98410222232E-017,-4.94611284613E-018)) ;
#7352=DIRECTION('Axis2P3D Direction',(0.,0.928476690885,0.371390676354)) ;
#7353=DIRECTION('Axis2P3D XDirection',(0.,0.371390676354,-0.928476690885)) ;
#7357=DIRECTION('Axis2P3D Direction',(0.,0.928476690885,0.371390676354)) ;
#7364=DIRECTION('Vector Direction',(0.,0.928476690885,0.371390676354)) ;
#7459=DIRECTION('Axis2P3D Direction',(-0.614582659715,0.732431092662,0.292972437065)) ;
#7460=DIRECTION('Axis2P3D XDirection',(0.,0.371390676354,-0.928476690885)) ;
#7464=DIRECTION('Axis2P3D Direction',(-0.614582659715,0.732431092662,0.292972437065)) ;
#7471=DIRECTION('Vector Direction',(-0.614582659715,0.732431092662,0.292972437065)) ;
#7822=DIRECTION('Axis2P3D Direction',(0.614582659715,0.732431092662,-0.292972437065)) ;
#7823=DIRECTION('Axis2P3D XDirection',(0.,-0.371390676354,-0.928476690885)) ;
#7827=DIRECTION('Axis2P3D Direction',(0.614582659715,0.732431092662,-0.292972437065)) ;
#7834=DIRECTION('Vector Direction',(0.614582659715,0.732431092662,-0.292972437065)) ;
#7929=DIRECTION('Axis2P3D Direction',(0.,-0.928476690885,0.371390676354)) ;
#7930=DIRECTION('Axis2P3D XDirection',(-1.,-2.61637823561E-016,-6.54094558903E-016)) ;
#7934=DIRECTION('Vector Direction',(0.,-0.928476690885,0.371390676354)) ;
#7946=DIRECTION('Axis2P3D Direction',(-1.,0.,0.)) ;
#7947=DIRECTION('Axis2P3D XDirection',(0.,0.331640469608,-0.943405850585)) ;
#7951=DIRECTION('Axis2P3D Direction',(-1.,0.,0.)) ;
#7958=DIRECTION('Axis2P3D Direction',(-1.,0.,0.)) ;
#7972=DIRECTION('Axis2P3D Direction',(-1.,0.,0.)) ;
#7973=DIRECTION('Axis2P3D XDirection',(0.,0.0877967320066,-0.99613841099)) ;
#7977=DIRECTION('Axis2P3D Direction',(-1.,0.,0.)) ;
#7984=DIRECTION('Axis2P3D Direction',(-1.,0.,0.)) ;
#7998=DIRECTION('Axis2P3D Direction',(0.,1.,0.)) ;
#7999=DIRECTION('Axis2P3D XDirection',(0.,0.,1.)) ;
#8003=DIRECTION('Vector Direction',(0.,0.,-1.)) ;
#8012=DIRECTION('Vector Direction',(1.,0.,0.)) ;
#8017=DIRECTION('Vector Direction',(1.,0.,0.)) ;
#8029=DIRECTION('Axis2P3D Direction',(1.,0.,0.)) ;
#8030=DIRECTION('Axis2P3D XDirection',(0.,1.,-2.44929359829E-016)) ;
#8044=DIRECTION('Vector Direction',(1.,0.,0.)) ;
#8056=DIRECTION('Axis2P3D Direction',(1.,0.,0.)) ;
#8057=DIRECTION('Axis2P3D XDirection',(-0.,-0.371390676354,-0.928476690885)) ;
#8071=DIRECTION('Axis2P3D Direction',(1.,0.,0.)) ;
#8078=DIRECTION('Vector Direction',(1.,0.,0.)) ;
#8091=DIRECTION('Axis2P3D Direction',(-0.,0.371390676354,0.928476690885)) ;
#8092=DIRECTION('Axis2P3D XDirection',(0.,-0.928476690885,0.371390676354)) ;
#8096=DIRECTION('Vector Direction',(0.,0.928476690885,-0.371390676354)) ;
#8113=DIRECTION('Vector Direction',(1.,0.,0.)) ;
#8126=DIRECTION('Axis2P3D Direction',(0.,-0.371390676354,-0.928476690885)) ;
#8127=DIRECTION('Axis2P3D XDirection',(0.,0.928476690885,-0.371390676354)) ;
#8131=DIRECTION('Vector Direction',(0.,-0.928476690885,0.371390676354)) ;
#8138=DIRECTION('Vector Direction',(1.,0.,0.)) ;
#8151=DIRECTION('Axis2P3D Direction',(1.,0.,0.)) ;
#8152=DIRECTION('Axis2P3D XDirection',(0.,0.371390676354,0.928476690885)) ;
#8156=DIRECTION('Axis2P3D Direction',(1.,0.,0.)) ;
#8163=DIRECTION('Vector Direction',(1.,0.,0.)) ;
#8176=DIRECTION('Axis2P3D Direction',(1.,0.,0.)) ;
#8177=DIRECTION('Axis2P3D XDirection',(0.,-0.927183854567,0.374606593416)) ;
#8181=DIRECTION('Axis2P3D Direction',(1.,0.,0.)) ;
#8188=DIRECTION('Vector Direction',(1.,0.,0.)) ;
#8200=DIRECTION('Axis2P3D Direction',(0.,-0.927183854567,0.374606593416)) ;
#8201=DIRECTION('Axis2P3D XDirection',(-0.,-0.374606593416,-0.927183854567)) ;
#8205=DIRECTION('Vector Direction',(0.,0.374606593416,0.927183854567)) ;
#8217=DIRECTION('Axis2P3D Direction',(-1.,2.85966578362E-017,0.)) ;
#8218=DIRECTION('Axis2P3D XDirection',(-2.85966578362E-017,-1.,-0.)) ;
#8222=DIRECTION('Vector Direction',(0.,0.,1.)) ;
#8229=DIRECTION('Vector Direction',(0.,0.,1.)) ;
#8234=DIRECTION('Vector Direction',(0.,0.,1.)) ;
#8241=DIRECTION('Vector Direction',(2.65513302381E-017,0.928476690885,-0.371390676354)) ;
#8248=DIRECTION('Axis2P3D Direction',(-1.,2.85966578362E-017,0.)) ;
#8255=DIRECTION('Vector Direction',(1.07124965751E-017,0.374606593416,0.927183854567)) ;
#8262=DIRECTION('Axis2P3D Direction',(-1.,2.85966578362E-017,0.)) ;
#8269=DIRECTION('Vector Direction',(-2.65513302381E-017,-0.928476690885,0.371390676354)) ;
#8276=DIRECTION('Axis2P3D Direction',(-1.,2.85966578362E-017,0.)) ;
#8301=DIRECTION('Axis2P3D Direction',(0.,0.,-1.)) ;
#8302=DIRECTION('Axis2P3D XDirection',(-1.,-1.83697019872E-016,-0.)) ;
#8306=DIRECTION('Vector Direction',(0.,0.,-1.)) ;
#8311=DIRECTION('Vector Direction',(0.,0.,-1.)) ;
#8326=DIRECTION('Vector Direction',(0.,0.,-1.)) ;
#8367=DIRECTION('Axis2P3D Direction',(-1.,3.44448946495E-017,2.46704485771E-018)) ;
#8368=DIRECTION('Axis2P3D XDirection',(-5.55111512313E-017,-0.941147948602,0.337994879905)) ;
#8372=DIRECTION('Axis2P3D Direction',(-1.51906886879E-017,-0.374606589892,-0.927183855991)) ;
#8377=DIRECTION('Axis2P3D Direction',(-3.10650446545E-017,-0.928476698536,0.371390657228)) ;
#8389=DIRECTION('Axis2P3D Direction',(0.,0.928476690885,-0.371390676354)) ;
#8390=DIRECTION('Axis2P3D XDirection',(1.96005385927E-015,-0.371390676354,-0.928476690885)) ;
#8394=DIRECTION('Axis2P3D Direction',(0.,0.928476690885,-0.371390676354)) ;
#8543=DIRECTION('Axis2P3D Direction',(0.,0.,-1.)) ;
#8544=DIRECTION('Axis2P3D XDirection',(5.55111512313E-016,-1.,-0.)) ;
#8548=DIRECTION('Axis2P3D Direction',(0.,0.,-1.)) ;
#8657=DIRECTION('Axis2P3D Direction',(-1.,2.39296954349E-017,-3.62085092539E-017)) ;
#8658=DIRECTION('Axis2P3D XDirection',(5.55111512313E-017,0.738432493277,-0.674327407772)) ;
#8662=DIRECTION('Axis2P3D Direction',(3.56656662121E-017,0.928476705313,-0.371390640286)) ;
#8674=DIRECTION('Axis2P3D Direction',(0.,-0.928476690885,0.371390676354)) ;
#8675=DIRECTION('Axis2P3D XDirection',(1.83697019872E-016,0.371390676354,0.928476690885)) ;
#8679=DIRECTION('Axis2P3D Direction',(0.,-0.928476690885,0.371390676354)) ;
#8691=DIRECTION('Axis2P3D Direction',(-1.,3.1288514648E-017,-5.38533745187E-018)) ;
#8692=DIRECTION('Axis2P3D XDirection',(0.,-0.0656067441117,-0.997845556751)) ;
#8696=DIRECTION('Axis2P3D Direction',(-6.72768593589E-018,-0.374606593037,-0.92718385472)) ;
#8708=DIRECTION('Axis2P3D Direction',(0.,0.374606593416,0.927183854567)) ;
#8709=DIRECTION('Axis2P3D XDirection',(1.83697019872E-016,0.927183854567,-0.374606593416)) ;
#8720=DIRECTION('Axis2P3D Direction',(1.,0.,0.)) ;
#8721=DIRECTION('Axis2P3D XDirection',(0.,-1.,1.45473230946E-015)) ;
#8725=DIRECTION('Axis2P3D Direction',(1.,0.,0.)) ;
#8744=DIRECTION('Vector Direction',(1.,0.,0.)) ;
#8749=DIRECTION('Vector Direction',(1.,0.,0.)) ;
#8762=DIRECTION('Axis2P3D Direction',(0.,-0.371390676354,0.928476690885)) ;
#8763=DIRECTION('Axis2P3D XDirection',(-0.,-0.928476690885,-0.371390676354)) ;
#8767=DIRECTION('Vector Direction',(1.,0.,0.)) ;
#8774=DIRECTION('Vector Direction',(0.,0.928476690885,0.371390676354)) ;
#8787=DIRECTION('Axis2P3D Direction',(0.,1.,0.)) ;
#8788=DIRECTION('Axis2P3D XDirection',(0.,0.,1.)) ;
#8792=DIRECTION('Vector Direction',(1.,0.,0.)) ;
#8799=DIRECTION('Vector Direction',(0.,0.,-1.)) ;
#8811=DIRECTION('Axis2P3D Direction',(1.,0.,0.)) ;
#8812=DIRECTION('Axis2P3D XDirection',(0.,0.371390676354,-0.928476690885)) ;
#8816=DIRECTION('Axis2P3D Direction',(1.,0.,0.)) ;
#8823=DIRECTION('Vector Direction',(1.,0.,0.)) ;
#8835=DIRECTION('Axis2P3D Direction',(1.,0.,0.)) ;
#8836=DIRECTION('Axis2P3D XDirection',(0.,-0.371390676354,0.928476690885)) ;
#8850=DIRECTION('Vector Direction',(1.,0.,0.)) ;
#8862=DIRECTION('Axis2P3D Direction',(0.,-0.927183854567,-0.374606593416)) ;
#8863=DIRECTION('Axis2P3D XDirection',(0.,0.374606593416,-0.927183854567)) ;
#8867=DIRECTION('Vector Direction',(1.,0.,0.)) ;
#8874=DIRECTION('Vector Direction',(0.,0.374606593416,-0.927183854567)) ;
#8886=DIRECTION('Axis2P3D Direction',(0.,0.371390676354,-0.928476690885)) ;
#8887=DIRECTION('Axis2P3D XDirection',(0.,0.928476690885,0.371390676354)) ;
#8891=DIRECTION('Vector Direction',(1.,0.,0.)) ;
#8908=DIRECTION('Vector Direction',(0.,-0.928476690885,-0.371390676354)) ;
#8921=DIRECTION('Axis2P3D Direction',(1.,0.,0.)) ;
#8922=DIRECTION('Axis2P3D XDirection',(0.,0.927183854567,0.374606593416)) ;
#8926=DIRECTION('Axis2P3D Direction',(1.,0.,0.)) ;
#8939=DIRECTION('Axis2P3D Direction',(0.,0.,-1.)) ;
#8940=DIRECTION('Axis2P3D XDirection',(-0.766044443119,-0.642787609687,-0.)) ;
#8944=DIRECTION('Vector Direction',(0.,0.,-1.)) ;
#8951=DIRECTION('Vector Direction',(0.,0.,-1.)) ;
#8956=DIRECTION('Vector Direction',(0.,0.,-1.)) ;
#8961=DIRECTION('Vector Direction',(0.,0.,-1.)) ;
#8966=DIRECTION('Vector Direction',(0.,0.,-1.)) ;
#8991=DIRECTION('Vector Direction',(0.,0.,-1.)) ;
#9024=DIRECTION('Axis2P3D Direction',(-1.,2.85966578362E-017,0.)) ;
#9031=DIRECTION('Vector Direction',(2.65513302381E-017,0.928476690885,0.371390676354)) ;
#9038=DIRECTION('Axis2P3D Direction',(-1.,2.85966578362E-017,0.)) ;
#9045=DIRECTION('Vector Direction',(1.07124965751E-017,0.374606593416,-0.927183854567)) ;
#9052=DIRECTION('Axis2P3D Direction',(-1.,2.85966578362E-017,0.)) ;
#9059=DIRECTION('Vector Direction',(-2.65513302381E-017,-0.928476690885,-0.371390676354)) ;
#9084=DIRECTION('Axis2P3D Direction',(0.,0.374606593416,-0.927183854567)) ;
#9085=DIRECTION('Axis2P3D XDirection',(1.83697019872E-016,-0.927183854567,-0.374606593416)) ;
#9089=DIRECTION('Axis2P3D Direction',(0.,0.374606593416,-0.927183854567)) ;
#9094=DIRECTION('Axis2P3D Direction',(0.,0.374606593416,-0.927183854567)) ;
#9106=DIRECTION('Axis2P3D Direction',(-1.,-0.,0.)) ;
#9107=DIRECTION('Axis2P3D XDirection',(0.,0.765598671227,0.643318486145)) ;
#9111=DIRECTION('Axis2P3D Direction',(0.,0.928476690734,0.371390676733)) ;
#9123=DIRECTION('Axis2P3D Direction',(0.,0.928476690885,0.371390676354)) ;
#9124=DIRECTION('Axis2P3D XDirection',(-1.,0.,0.)) ;
#9128=DIRECTION('Axis2P3D Direction',(0.,0.928476690885,0.371390676354)) ;
#9140=DIRECTION('Axis2P3D Direction',(-1.,4.6605949073E-017,2.35551328987E-016)) ;
#9141=DIRECTION('Axis2P3D XDirection',(-1.94289029309E-016,0.518135314413,-0.855298658925)) ;
#9145=DIRECTION('Axis2P3D Direction',(-3.39586915352E-017,0.94367250966,-0.330880937065)) ;
#9254=DIRECTION('Axis2P3D Direction',(-0.,0.,-1.)) ;
#9255=DIRECTION('Axis2P3D XDirection',(-0.981555603324,-0.191176875124,0.)) ;
#9259=DIRECTION('Axis2P3D Direction',(-0.,0.,-1.)) ;
#9408=DIRECTION('Axis2P3D Direction',(-0.,-0.928476690885,-0.371390676354)) ;
#9409=DIRECTION('Axis2P3D XDirection',(-1.,0.,0.)) ;
#9413=DIRECTION('Axis2P3D Direction',(-0.,-0.928476690885,-0.371390676354)) ;
#9425=DIRECTION('Axis2P3D Direction',(-1.,4.61024765364E-017,5.15843581154E-017)) ;
#9426=DIRECTION('Axis2P3D XDirection',(0.,-0.756624713805,0.653849403502)) ;
#9437=DIRECTION('Axis2P3D Direction',(0.,0.,-1.)) ;
#9438=DIRECTION('Axis2P3D XDirection',(0.766044443119,0.642787609687,0.)) ;
#9454=DIRECTION('Vector Direction',(0.,0.,-1.)) ;
#9459=DIRECTION('Vector Direction',(0.,0.,-1.)) ;
#9472=DIRECTION('Axis2P3D Direction',(-1.,0.,0.)) ;
#9473=DIRECTION('Axis2P3D XDirection',(0.,-1.,0.)) ;
#9477=DIRECTION('Vector Direction',(0.,0.,1.)) ;
#9484=DIRECTION('Axis2P3D Direction',(-1.,0.,0.)) ;
#9496=DIRECTION('Vector Direction',(0.,0.,1.)) ;
#9503=DIRECTION('Axis2P3D Direction',(-1.,0.,0.)) ;
#9515=DIRECTION('Axis2P3D Direction',(0.,0.,-1.)) ;
#9516=DIRECTION('Axis2P3D XDirection',(1.,2.83276944882E-016,0.)) ;
#9530=DIRECTION('Vector Direction',(0.,0.,-1.)) ;
#9543=DIRECTION('Axis2P3D Direction',(-1.,-0.,0.)) ;
#9544=DIRECTION('Axis2P3D XDirection',(0.,0.364586265629,-0.931169616619)) ;
#9548=DIRECTION('Axis2P3D Direction',(0.,0.972322084456,0.233644525035)) ;
#9555=DIRECTION('Axis2P3D Direction',(0.,1.,7.77156117238E-016)) ;
#9562=DIRECTION('Axis2P3D Direction',(-1.,-0.,0.)) ;
#9574=DIRECTION('Axis2P3D Direction',(-1.,0.,0.)) ;
#9575=DIRECTION('Axis2P3D XDirection',(0.,0.392159329246,-0.91989730975)) ;
#9579=DIRECTION('Axis2P3D Direction',(0.,0.972322084456,-0.233644525035)) ;
#9586=DIRECTION('Axis2P3D Direction',(-1.,0.,0.)) ;
#10035=DIRECTION('Axis2P3D Direction',(-1.,-0.,0.)) ;
#10036=DIRECTION('Axis2P3D XDirection',(0.,-0.597528238505,0.801847868482)) ;
#10040=DIRECTION('Axis2P3D Direction',(-1.,-0.,0.)) ;
#10047=DIRECTION('Axis2P3D Direction',(0.,-1.,-7.21644966006E-016)) ;
#10054=DIRECTION('Axis2P3D Direction',(-1.,-0.,0.)) ;
#10066=DIRECTION('Axis2P3D Direction',(-1.,-0.,0.)) ;
#10067=DIRECTION('Axis2P3D XDirection',(0.,-0.222937416772,0.974832759094)) ;
#10071=DIRECTION('Axis2P3D Direction',(-1.,-0.,0.)) ;
#10078=DIRECTION('Axis2P3D Direction',(0.,-0.972322084456,0.233644525035)) ;
#10085=DIRECTION('Axis2P3D Direction',(-1.,-0.,0.)) ;
#10528=DIRECTION('Axis2P3D Direction',(1.,0.,0.)) ;
#10529=DIRECTION('Axis2P3D XDirection',(-0.,-0.0745920745921,-0.99721413067)) ;
#10544=DIRECTION('Axis2P3D Direction',(1.,0.,0.)) ;
#10551=DIRECTION('Vector Direction',(1.,0.,0.)) ;
#10556=DIRECTION('Vector Direction',(1.,0.,0.)) ;
#10569=DIRECTION('Axis2P3D Direction',(1.,0.,0.)) ;
#10570=DIRECTION('Axis2P3D XDirection',(0.,0.0745920745921,-0.99721413067)) ;
#10613=DIRECTION('Vector Direction',(1.,0.,0.)) ;
#10629=DIRECTION('Axis2P3D Direction',(1.,0.,0.)) ;
#10645=DIRECTION('Vector Direction',(1.,0.,0.)) ;
#10658=DIRECTION('Axis2P3D Direction',(1.,0.,0.)) ;
#10659=DIRECTION('Axis2P3D XDirection',(-0.,-0.0745920745921,-0.99721413067)) ;
#10663=DIRECTION('Vector Direction',(1.,0.,0.)) ;
#10670=DIRECTION('Axis2P3D Direction',(1.,0.,0.)) ;
#10692=DIRECTION('Axis2P3D Direction',(1.,0.,0.)) ;
#10693=DIRECTION('Axis2P3D XDirection',(0.,0.0745920745921,0.99721413067)) ;
#10736=DIRECTION('Vector Direction',(1.,0.,0.)) ;
#10761=DIRECTION('Axis2P3D Direction',(1.,0.,0.)) ;
#10794=DIRECTION('Vector Direction',(0.,0.,-1.)) ;
#10799=DIRECTION('Vector Direction',(0.,0.,-1.)) ;
#10812=DIRECTION('Vector Direction',(0.,0.,1.)) ;
#10819=DIRECTION('Axis2P3D Direction',(-1.,0.,0.)) ;
#10831=DIRECTION('Vector Direction',(0.,0.,1.)) ;
#10838=DIRECTION('Axis2P3D Direction',(-1.,0.,0.)) ;
#10868=DIRECTION('Vector Direction',(0.,0.,-1.)) ;
#10901=DIRECTION('Vector Direction',(0.,0.,-1.)) ;
#10906=DIRECTION('Vector Direction',(0.,0.,-1.)) ;
#10919=DIRECTION('Vector Direction',(0.,0.,1.)) ;
#10926=DIRECTION('Axis2P3D Direction',(-1.,0.,0.)) ;
#10938=DIRECTION('Vector Direction',(0.,0.,1.)) ;
#10945=DIRECTION('Axis2P3D Direction',(-1.,0.,0.)) ;
#10974=DIRECTION('Vector Direction',(0.,0.,-1.)) ;
#10987=DIRECTION('Axis2P3D Direction',(-0.766044443119,-0.642787609687,0.)) ;
#10988=DIRECTION('Axis2P3D XDirection',(0.642787609687,-0.766044443119,0.)) ;
#11030=DIRECTION('Axis2P3D Direction',(0.766044443119,-0.642787609687,0.)) ;
#11031=DIRECTION('Axis2P3D XDirection',(0.642787609687,0.766044443119,0.)) ;
#11076=DIRECTION('Axis2P3D Direction',(-1.,0.,0.)) ;
#11077=DIRECTION('Axis2P3D XDirection',(0.,0.0149317290503,-0.999888515519)) ;
#11081=DIRECTION('Axis2P3D Direction',(0.,1.,2.17968004756E-015)) ;
#11086=DIRECTION('Axis2P3D Direction',(0.,0.999526408513,-0.0307726938323)) ;
#11482=DIRECTION('Axis2P3D Direction',(-1.,0.,0.)) ;
#11483=DIRECTION('Axis2P3D XDirection',(0.,0.0149317290503,-0.999888515519)) ;
#11487=DIRECTION('Axis2P3D Direction',(0.,1.,-2.68448457907E-016)) ;
#11499=DIRECTION('Axis2P3D Direction',(-1.,0.,0.)) ;
#11500=DIRECTION('Axis2P3D XDirection',(0.,0.0315414814489,-0.999502443693)) ;
#11504=DIRECTION('Axis2P3D Direction',(0.,0.999603357861,0.028162509713)) ;
#11918=DIRECTION('Axis2P3D Direction',(-1.,0.,0.)) ;
#11919=DIRECTION('Axis2P3D XDirection',(0.,0.0682412289185,-0.997668850208)) ;
#11930=DIRECTION('Axis2P3D Direction',(-1.,0.,0.)) ;
#11931=DIRECTION('Axis2P3D XDirection',(0.,-1.,0.)) ;
#11935=DIRECTION('Axis2P3D Direction',(-1.,0.,0.)) ;
#11944=DIRECTION('Axis2P3D Direction',(-1.,0.,0.)) ;
#11958=DIRECTION('Axis2P3D Direction',(-1.,0.,0.)) ;
#11959=DIRECTION('Axis2P3D XDirection',(0.,-1.,0.)) ;
#11963=DIRECTION('Axis2P3D Direction',(-1.,0.,0.)) ;
#11972=DIRECTION('Vector Direction',(-1.,0.,0.)) ;
#11977=DIRECTION('Vector Direction',(-1.,0.,0.)) ;
#11994=DIRECTION('Axis2P3D Direction',(-1.,0.,0.)) ;
#12011=DIRECTION('Axis2P3D Direction',(-1.,1.7763568394E-015,-0.)) ;
#12012=DIRECTION('Axis2P3D XDirection',(-1.71221572076E-015,-1.,2.03340887109E-016)) ;
#12016=DIRECTION('Vector Direction',(-0.707106781187,-0.707106781187,1.00485917356E-016)) ;
#12021=DIRECTION('Vector Direction',(-0.707106781187,0.707106781187,2.56830377193E-016)) ;
#12033=DIRECTION('Axis2P3D Direction',(-1.,-5.3290705182E-015,1.06581410364E-014)) ;
#12034=DIRECTION('Axis2P3D XDirection',(-3.55614034311E-015,0.986389860931,0.164423362856)) ;
#12045=DIRECTION('Axis2P3D Direction',(1.,0.,0.)) ;
#12046=DIRECTION('Axis2P3D XDirection',(0.,1.,0.)) ;
#12050=DIRECTION('Axis2P3D Direction',(1.,0.,0.)) ;
#12059=DIRECTION('Axis2P3D Direction',(1.,0.,0.)) ;
#12073=DIRECTION('Axis2P3D Direction',(1.,0.,0.)) ;
#12074=DIRECTION('Axis2P3D XDirection',(0.,1.,0.)) ;
#12078=DIRECTION('Axis2P3D Direction',(1.,0.,0.)) ;
#12087=DIRECTION('Vector Direction',(1.,0.,0.)) ;
#12092=DIRECTION('Vector Direction',(1.,0.,0.)) ;
#12107=DIRECTION('Axis2P3D Direction',(1.,0.,0.)) ;
#12122=DIRECTION('Axis2P3D Direction',(1.,-1.7763568394E-015,-0.)) ;
#12123=DIRECTION('Axis2P3D XDirection',(1.71221572076E-015,1.,6.12323399574E-017)) ;
#12127=DIRECTION('Vector Direction',(0.707106781187,0.707106781187,-2.78904447747E-031)) ;
#12132=DIRECTION('Vector Direction',(0.707106781187,-0.707106781187,4.32978028118E-017)) ;
#12144=DIRECTION('Axis2P3D Direction',(1.,3.5527136788E-015,7.1054273576E-015)) ;
#12145=DIRECTION('Axis2P3D XDirection',(1.31708901597E-016,-0.905784331556,0.423739005411)) ;
#48=AXIS2_PLACEMENT_3D(' ',#47,$,$) ;
#55=AXIS2_PLACEMENT_3D('Cylinder Axis2P3D',#52,#53,#54) ;
#94=AXIS2_PLACEMENT_3D('Circle Axis2P3D',#92,#93,$) ;
#121=AXIS2_PLACEMENT_3D('Cylinder Axis2P3D',#118,#119,#120) ;
#173=AXIS2_PLACEMENT_3D('Circle Axis2P3D',#171,#172,$) ;
#187=AXIS2_PLACEMENT_3D('Cylinder Axis2P3D',#184,#185,#186) ;
#191=AXIS2_PLACEMENT_3D('Circle Axis2P3D',#189,#190,$) ;
#207=AXIS2_PLACEMENT_3D('Circle Axis2P3D',#205,#206,$) ;
#227=AXIS2_PLACEMENT_3D('Cylinder Axis2P3D',#224,#225,#226) ;
#231=AXIS2_PLACEMENT_3D('Circle Axis2P3D',#229,#230,$) ;
#236=AXIS2_PLACEMENT_3D('Circle Axis2P3D',#234,#235,$) ;
#249=AXIS2_PLACEMENT_3D('Cylinder Axis2P3D',#246,#247,#248) ;
#262=AXIS2_PLACEMENT_3D('Circle Axis2P3D',#260,#261,$) ;
#276=AXIS2_PLACEMENT_3D('Circle Axis2P3D',#274,#275,$) ;
#289=AXIS2_PLACEMENT_3D('Plane Axis2P3D',#286,#287,#288) ;
#314=AXIS2_PLACEMENT_3D('Circle Axis2P3D',#312,#313,$) ;
#328=AXIS2_PLACEMENT_3D('Plane Axis2P3D',#325,#326,#327) ;
#352=AXIS2_PLACEMENT_3D('Plane Axis2P3D',#349,#350,#351) ;
#356=AXIS2_PLACEMENT_3D('Circle Axis2P3D',#354,#355,$) ;
#396=AXIS2_PLACEMENT_3D('Cylinder Axis2P3D',#393,#394,#395) ;
#409=AXIS2_PLACEMENT_3D('Circle Axis2P3D',#407,#408,$) ;
#423=AXIS2_PLACEMENT_3D('Circle Axis2P3D',#421,#422,$) ;
#449=AXIS2_PLACEMENT_3D('Circle Axis2P3D',#447,#448,$) ;
#470=AXIS2_PLACEMENT_3D('Plane Axis2P3D',#467,#468,#469) ;
#502=AXIS2_PLACEMENT_3D('Circle Axis2P3D',#500,#501,$) ;
#533=AXIS2_PLACEMENT_3D('Cylinder Axis2P3D',#530,#531,#532) ;
#537=AXIS2_PLACEMENT_3D('Circle Axis2P3D',#535,#536,$) ;
#595=AXIS2_PLACEMENT_3D('Circle Axis2P3D',#593,#594,$) ;
#636=AXIS2_PLACEMENT_3D('Cylinder Axis2P3D',#633,#634,#635) ;
#640=AXIS2_PLACEMENT_3D('Circle Axis2P3D',#638,#639,$) ;
#698=AXIS2_PLACEMENT_3D('Circle Axis2P3D',#696,#697,$) ;
#739=AXIS2_PLACEMENT_3D('Plane Axis2P3D',#736,#737,#738) ;
#743=AXIS2_PLACEMENT_3D('Circle Axis2P3D',#741,#742,$) ;
#752=AXIS2_PLACEMENT_3D('Circle Axis2P3D',#750,#751,$) ;
#767=AXIS2_PLACEMENT_3D('Cylinder Axis2P3D',#764,#765,#766) ;
#875=AXIS2_PLACEMENT_3D('Circle Axis2P3D',#873,#874,$) ;
#884=AXIS2_PLACEMENT_3D('Circle Axis2P3D',#882,#883,$) ;
#899=AXIS2_PLACEMENT_3D('Cylinder Axis2P3D',#896,#897,#898) ;
#1008=AXIS2_PLACEMENT_3D('Cylinder Axis2P3D',#1005,#1006,#1007) ;
#1021=AXIS2_PLACEMENT_3D('Circle Axis2P3D',#1019,#1020,$) ;
#1035=AXIS2_PLACEMENT_3D('Circle Axis2P3D',#1033,#1034,$) ;
#1047=AXIS2_PLACEMENT_3D('Circle Axis2P3D',#1045,#1046,$) ;
#1052=AXIS2_PLACEMENT_3D('Circle Axis2P3D',#1050,#1051,$) ;
#1065=AXIS2_PLACEMENT_3D('Plane Axis2P3D',#1062,#1063,#1064) ;
#1073=AXIS2_PLACEMENT_3D('Circle Axis2P3D',#1071,#1072,$) ;
#1082=AXIS2_PLACEMENT_3D('Circle Axis2P3D',#1080,#1081,$) ;
#1093=AXIS2_PLACEMENT_3D('Plane Axis2P3D',#1090,#1091,#1092) ;
#1206=AXIS2_PLACEMENT_3D('Cylinder Axis2P3D',#1203,#1204,#1205) ;
#1251=AXIS2_PLACEMENT_3D('Circle Axis2P3D',#1249,#1250,$) ;
#1286=AXIS2_PLACEMENT_3D('Circle Axis2P3D',#1284,#1285,$) ;
#1312=AXIS2_PLACEMENT_3D('Plane Axis2P3D',#1309,#1310,#1311) ;
#1396=AXIS2_PLACEMENT_3D('Plane Axis2P3D',#1393,#1394,#1395) ;
#1400=AXIS2_PLACEMENT_3D('Circle Axis2P3D',#1398,#1399,$) ;
#1409=AXIS2_PLACEMENT_3D('Circle Axis2P3D',#1407,#1408,$) ;
#1420=AXIS2_PLACEMENT_3D('Cylinder Axis2P3D',#1417,#1418,#1419) ;
#1477=AXIS2_PLACEMENT_3D('Cylinder Axis2P3D',#1474,#1475,#1476) ;
#1481=AXIS2_PLACEMENT_3D('Circle Axis2P3D',#1479,#1480,$) ;
#1497=AXIS2_PLACEMENT_3D('Circle Axis2P3D',#1495,#1496,$) ;
#1516=AXIS2_PLACEMENT_3D('Circle Axis2P3D',#1514,#1515,$) ;
#1521=AXIS2_PLACEMENT_3D('Circle Axis2P3D',#1519,#1520,$) ;
#1534=AXIS2_PLACEMENT_3D('Plane Axis2P3D',#1531,#1532,#1533) ;
#1542=AXIS2_PLACEMENT_3D('Circle Axis2P3D',#1540,#1541,$) ;
#1551=AXIS2_PLACEMENT_3D('Circle Axis2P3D',#1549,#1550,$) ;
#1562=AXIS2_PLACEMENT_3D('Plane Axis2P3D',#1559,#1560,#1561) ;
#1664=AXIS2_PLACEMENT_3D('Plane Axis2P3D',#1661,#1662,#1663) ;
#1777=AXIS2_PLACEMENT_3D('Cylinder Axis2P3D',#1774,#1775,#1776) ;
#1811=AXIS2_PLACEMENT_3D('Circle Axis2P3D',#1809,#1810,$) ;
#1846=AXIS2_PLACEMENT_3D('Circle Axis2P3D',#1844,#1845,$) ;
#1865=AXIS2_PLACEMENT_3D('Plane Axis2P3D',#1862,#1863,#1864) ;
#1869=AXIS2_PLACEMENT_3D('Circle Axis2P3D',#1867,#1868,$) ;
#1878=AXIS2_PLACEMENT_3D('Circle Axis2P3D',#1876,#1877,$) ;
#1889=AXIS2_PLACEMENT_3D('Cylinder Axis2P3D',#1886,#1887,#1888) ;
#1946=AXIS2_PLACEMENT_3D('Torus Axis2P3D',#1943,#1944,#1945) ;
#1950=AXIS2_PLACEMENT_3D('Circle Axis2P3D',#1948,#1949,$) ;
#1959=AXIS2_PLACEMENT_3D('Circle Axis2P3D',#1957,#1958,$) ;
#1966=AXIS2_PLACEMENT_3D('Circle Axis2P3D',#1964,#1965,$) ;
#1973=AXIS2_PLACEMENT_3D('Circle Axis2P3D',#1971,#1972,$) ;
#1986=AXIS2_PLACEMENT_3D('Cylinder Axis2P3D',#1983,#1984,#1985) ;
#1997=AXIS2_PLACEMENT_3D('Circle Axis2P3D',#1995,#1996,$) ;
#2280=AXIS2_PLACEMENT_3D('Cylinder Axis2P3D',#2277,#2278,#2279) ;
#2291=AXIS2_PLACEMENT_3D('Circle Axis2P3D',#2289,#2290,$) ;
#2613=AXIS2_PLACEMENT_3D('Torus Axis2P3D',#2610,#2611,#2612) ;
#2617=AXIS2_PLACEMENT_3D('Circle Axis2P3D',#2615,#2616,$) ;
#2624=AXIS2_PLACEMENT_3D('Circle Axis2P3D',#2622,#2623,$) ;
#2631=AXIS2_PLACEMENT_3D('Circle Axis2P3D',#2629,#2630,$) ;
#2644=AXIS2_PLACEMENT_3D('Cylinder Axis2P3D',#2641,#2642,#2643) ;
#2666=AXIS2_PLACEMENT_3D('Torus Axis2P3D',#2663,#2664,#2665) ;
#2670=AXIS2_PLACEMENT_3D('Circle Axis2P3D',#2668,#2669,$) ;
#2679=AXIS2_PLACEMENT_3D('Circle Axis2P3D',#2677,#2678,$) ;
#2686=AXIS2_PLACEMENT_3D('Circle Axis2P3D',#2684,#2685,$) ;
#2693=AXIS2_PLACEMENT_3D('Circle Axis2P3D',#2691,#2692,$) ;
#3013=AXIS2_PLACEMENT_3D('Cylinder Axis2P3D',#3010,#3011,#3012) ;
#3024=AXIS2_PLACEMENT_3D('Circle Axis2P3D',#3022,#3023,$) ;
#3302=AXIS2_PLACEMENT_3D('Cylinder Axis2P3D',#3299,#3300,#3301) ;
#3313=AXIS2_PLACEMENT_3D('Circle Axis2P3D',#3311,#3312,$) ;
#3333=AXIS2_PLACEMENT_3D('Torus Axis2P3D',#3330,#3331,#3332) ;
#3337=AXIS2_PLACEMENT_3D('Circle Axis2P3D',#3335,#3336,$) ;
#3344=AXIS2_PLACEMENT_3D('Circle Axis2P3D',#3342,#3343,$) ;
#3351=AXIS2_PLACEMENT_3D('Circle Axis2P3D',#3349,#3350,$) ;
#3364=AXIS2_PLACEMENT_3D('Cylinder Axis2P3D',#3361,#3362,#3363) ;
#3527=AXIS2_PLACEMENT_3D('Torus Axis2P3D',#3524,#3525,#3526) ;
#3531=AXIS2_PLACEMENT_3D('Circle Axis2P3D',#3529,#3530,$) ;
#3538=AXIS2_PLACEMENT_3D('Circle Axis2P3D',#3536,#3537,$) ;
#3545=AXIS2_PLACEMENT_3D('Circle Axis2P3D',#3543,#3544,$) ;
#3558=AXIS2_PLACEMENT_3D('Torus Axis2P3D',#3555,#3556,#3557) ;
#3562=AXIS2_PLACEMENT_3D('Circle Axis2P3D',#3560,#3561,$) ;
#3569=AXIS2_PLACEMENT_3D('Circle Axis2P3D',#3567,#3568,$) ;
#3576=AXIS2_PLACEMENT_3D('Circle Axis2P3D',#3574,#3575,$) ;
#3847=AXIS2_PLACEMENT_3D('Torus Axis2P3D',#3844,#3845,#3846) ;
#3851=AXIS2_PLACEMENT_3D('Circle Axis2P3D',#3849,#3850,$) ;
#3858=AXIS2_PLACEMENT_3D('Circle Axis2P3D',#3856,#3857,$) ;
#3865=AXIS2_PLACEMENT_3D('Circle Axis2P3D',#3863,#3864,$) ;
#3878=AXIS2_PLACEMENT_3D('Torus Axis2P3D',#3875,#3876,#3877) ;
#3882=AXIS2_PLACEMENT_3D('Circle Axis2P3D',#3880,#3881,$) ;
#3889=AXIS2_PLACEMENT_3D('Circle Axis2P3D',#3887,#3888,$) ;
#3896=AXIS2_PLACEMENT_3D('Circle Axis2P3D',#3894,#3895,$) ;
#4026=AXIS2_PLACEMENT_3D('Plane Axis2P3D',#4023,#4024,#4025) ;
#4044=AXIS2_PLACEMENT_3D('Circle Axis2P3D',#4042,#4043,$) ;
#4051=AXIS2_PLACEMENT_3D('Circle Axis2P3D',#4049,#4050,$) ;
#4071=AXIS2_PLACEMENT_3D('Circle Axis2P3D',#4069,#4070,$) ;
#4078=AXIS2_PLACEMENT_3D('Circle Axis2P3D',#4076,#4077,$) ;
#4092=AXIS2_PLACEMENT_3D('Torus Axis2P3D',#4089,#4090,#4091) ;
#4096=AXIS2_PLACEMENT_3D('Circle Axis2P3D',#4094,#4095,$) ;
#4105=AXIS2_PLACEMENT_3D('Circle Axis2P3D',#4103,#4104,$) ;
#4112=AXIS2_PLACEMENT_3D('Circle Axis2P3D',#4110,#4111,$) ;
#4119=AXIS2_PLACEMENT_3D('Circle Axis2P3D',#4117,#4118,$) ;
#4132=AXIS2_PLACEMENT_3D('Torus Axis2P3D',#4129,#4130,#4131) ;
#4136=AXIS2_PLACEMENT_3D('Circle Axis2P3D',#4134,#4135,$) ;
#4143=AXIS2_PLACEMENT_3D('Circle Axis2P3D',#4141,#4142,$) ;
#4150=AXIS2_PLACEMENT_3D('Circle Axis2P3D',#4148,#4149,$) ;
#4163=AXIS2_PLACEMENT_3D('Torus Axis2P3D',#4160,#4161,#4162) ;
#4167=AXIS2_PLACEMENT_3D('Circle Axis2P3D',#4165,#4166,$) ;
#4174=AXIS2_PLACEMENT_3D('Circle Axis2P3D',#4172,#4173,$) ;
#4181=AXIS2_PLACEMENT_3D('Circle Axis2P3D',#4179,#4180,$) ;
#4194=AXIS2_PLACEMENT_3D('Torus Axis2P3D',#4191,#4192,#4193) ;
#4198=AXIS2_PLACEMENT_3D('Circle Axis2P3D',#4196,#4197,$) ;
#4205=AXIS2_PLACEMENT_3D('Circle Axis2P3D',#4203,#4204,$) ;
#4212=AXIS2_PLACEMENT_3D('Circle Axis2P3D',#4210,#4211,$) ;
#4430=AXIS2_PLACEMENT_3D('Torus Axis2P3D',#4427,#4428,#4429) ;
#4434=AXIS2_PLACEMENT_3D('Circle Axis2P3D',#4432,#4433,$) ;
#4441=AXIS2_PLACEMENT_3D('Circle Axis2P3D',#4439,#4440,$) ;
#4454=AXIS2_PLACEMENT_3D('Torus Axis2P3D',#4451,#4452,#4453) ;
#4458=AXIS2_PLACEMENT_3D('Circle Axis2P3D',#4456,#4457,$) ;
#4465=AXIS2_PLACEMENT_3D('Circle Axis2P3D',#4463,#4464,$) ;
#4478=AXIS2_PLACEMENT_3D('Torus Axis2P3D',#4475,#4476,#4477) ;
#4482=AXIS2_PLACEMENT_3D('Circle Axis2P3D',#4480,#4481,$) ;
#4489=AXIS2_PLACEMENT_3D('Circle Axis2P3D',#4487,#4488,$) ;
#4502=AXIS2_PLACEMENT_3D('Torus Axis2P3D',#4499,#4500,#4501) ;
#4506=AXIS2_PLACEMENT_3D('Circle Axis2P3D',#4504,#4505,$) ;
#4513=AXIS2_PLACEMENT_3D('Circle Axis2P3D',#4511,#4512,$) ;
#4721=AXIS2_PLACEMENT_3D('Plane Axis2P3D',#4718,#4719,#4720) ;
#4781=AXIS2_PLACEMENT_3D('Plane Axis2P3D',#4778,#4779,#4780) ;
#4844=AXIS2_PLACEMENT_3D('Plane Axis2P3D',#4841,#4842,#4843) ;
#4848=AXIS2_PLACEMENT_3D('Circle Axis2P3D',#4846,#4847,$) ;
#4881=AXIS2_PLACEMENT_3D('Circle Axis2P3D',#4879,#4880,$) ;
#4888=AXIS2_PLACEMENT_3D('Circle Axis2P3D',#4886,#4887,$) ;
#4911=AXIS2_PLACEMENT_3D('Cylinder Axis2P3D',#4908,#4909,#4910) ;
#4951=AXIS2_PLACEMENT_3D('Circle Axis2P3D',#4949,#4950,$) ;
#4960=AXIS2_PLACEMENT_3D('Circle Axis2P3D',#4958,#4959,$) ;
#4991=AXIS2_PLACEMENT_3D('Circle Axis2P3D',#4989,#4990,$) ;
#5014=AXIS2_PLACEMENT_3D('Cylinder Axis2P3D',#5011,#5012,#5013) ;
#5068=AXIS2_PLACEMENT_3D('Circle Axis2P3D',#5066,#5067,$) ;
#5102=AXIS2_PLACEMENT_3D('Circle Axis2P3D',#5100,#5101,$) ;
#5129=AXIS2_PLACEMENT_3D('Circle Axis2P3D',#5127,#5128,$) ;
#5149=AXIS2_PLACEMENT_3D('Circle Axis2P3D',#5147,#5148,$) ;
#5163=AXIS2_PLACEMENT_3D('Cylinder Axis2P3D',#5160,#5161,#5162) ;
#5197=AXIS2_PLACEMENT_3D('Cylinder Axis2P3D',#5194,#5195,#5196) ;
#5231=AXIS2_PLACEMENT_3D('Torus Axis2P3D',#5228,#5229,#5230) ;
#5235=AXIS2_PLACEMENT_3D('Circle Axis2P3D',#5233,#5234,$) ;
#5242=AXIS2_PLACEMENT_3D('Circle Axis2P3D',#5240,#5241,$) ;
#5249=AXIS2_PLACEMENT_3D('Circle Axis2P3D',#5247,#5248,$) ;
#5263=AXIS2_PLACEMENT_3D('Torus Axis2P3D',#5260,#5261,#5262) ;
#5267=AXIS2_PLACEMENT_3D('Circle Axis2P3D',#5265,#5266,$) ;
#5274=AXIS2_PLACEMENT_3D('Circle Axis2P3D',#5272,#5273,$) ;
#5795=AXIS2_PLACEMENT_3D('Torus Axis2P3D',#5792,#5793,#5794) ;
#5799=AXIS2_PLACEMENT_3D('Circle Axis2P3D',#5797,#5798,$) ;
#5806=AXIS2_PLACEMENT_3D('Circle Axis2P3D',#5804,#5805,$) ;
#5819=AXIS2_PLACEMENT_3D('Torus Axis2P3D',#5816,#5817,#5818) ;
#5823=AXIS2_PLACEMENT_3D('Circle Axis2P3D',#5821,#5822,$) ;
#5830=AXIS2_PLACEMENT_3D('Circle Axis2P3D',#5828,#5829,$) ;
#5844=AXIS2_PLACEMENT_3D('Cylinder Axis2P3D',#5841,#5842,#5843) ;
#5855=AXIS2_PLACEMENT_3D('Circle Axis2P3D',#5853,#5854,$) ;
#5950=AXIS2_PLACEMENT_3D('Cylinder Axis2P3D',#5947,#5948,#5949) ;
#5961=AXIS2_PLACEMENT_3D('Circle Axis2P3D',#5959,#5960,$) ;
#6057=AXIS2_PLACEMENT_3D('Cylinder Axis2P3D',#6054,#6055,#6056) ;
#6068=AXIS2_PLACEMENT_3D('Circle Axis2P3D',#6066,#6067,$) ;
#6081=AXIS2_PLACEMENT_3D('Cylinder Axis2P3D',#6078,#6079,#6080) ;
#6085=AXIS2_PLACEMENT_3D('Circle Axis2P3D',#6083,#6084,$) ;
#6099=AXIS2_PLACEMENT_3D('Circle Axis2P3D',#6097,#6098,$) ;
#6194=AXIS2_PLACEMENT_3D('Cylinder Axis2P3D',#6191,#6192,#6193) ;
#6205=AXIS2_PLACEMENT_3D('Circle Axis2P3D',#6203,#6204,$) ;
#6301=AXIS2_PLACEMENT_3D('Cylinder Axis2P3D',#6298,#6299,#6300) ;
#6318=AXIS2_PLACEMENT_3D('Torus Axis2P3D',#6315,#6316,#6317) ;
#6322=AXIS2_PLACEMENT_3D('Circle Axis2P3D',#6320,#6321,$) ;
#6329=AXIS2_PLACEMENT_3D('Circle Axis2P3D',#6327,#6328,$) ;
#6344=AXIS2_PLACEMENT_3D('Torus Axis2P3D',#6341,#6342,#6343) ;
#6348=AXIS2_PLACEMENT_3D('Circle Axis2P3D',#6346,#6347,$) ;
#6355=AXIS2_PLACEMENT_3D('Circle Axis2P3D',#6353,#6354,$) ;
#6370=AXIS2_PLACEMENT_3D('Cylinder Axis2P3D',#6367,#6368,#6369) ;
#6388=AXIS2_PLACEMENT_3D('Circle Axis2P3D',#6386,#6387,$) ;
#6411=AXIS2_PLACEMENT_3D('Cylinder Axis2P3D',#6408,#6409,#6410) ;
#6415=AXIS2_PLACEMENT_3D('Circle Axis2P3D',#6413,#6414,$) ;
#6450=AXIS2_PLACEMENT_3D('Circle Axis2P3D',#6448,#6449,$) ;
#6498=AXIS2_PLACEMENT_3D('Circle Axis2P3D',#6496,#6497,$) ;
#6511=AXIS2_PLACEMENT_3D('Circle Axis2P3D',#6509,#6510,$) ;
#6544=AXIS2_PLACEMENT_3D('Circle Axis2P3D',#6542,#6543,$) ;
#6572=AXIS2_PLACEMENT_3D('Cylinder Axis2P3D',#6569,#6570,#6571) ;
#6588=AXIS2_PLACEMENT_3D('Circle Axis2P3D',#6586,#6587,$) ;
#6605=AXIS2_PLACEMENT_3D('Cylinder Axis2P3D',#6602,#6603,#6604) ;
#6621=AXIS2_PLACEMENT_3D('Circle Axis2P3D',#6619,#6620,$) ;
#6638=AXIS2_PLACEMENT_3D('Plane Axis2P3D',#6635,#6636,#6637) ;
#6703=AXIS2_PLACEMENT_3D('Plane Axis2P3D',#6700,#6701,#6702) ;
#6768=AXIS2_PLACEMENT_3D('Torus Axis2P3D',#6765,#6766,#6767) ;
#6772=AXIS2_PLACEMENT_3D('Circle Axis2P3D',#6770,#6771,$) ;
#6779=AXIS2_PLACEMENT_3D('Circle Axis2P3D',#6777,#6778,$) ;
#6786=AXIS2_PLACEMENT_3D('Circle Axis2P3D',#6784,#6785,$) ;
#6793=AXIS2_PLACEMENT_3D('Circle Axis2P3D',#6791,#6792,$) ;
#6807=AXIS2_PLACEMENT_3D('Torus Axis2P3D',#6804,#6805,#6806) ;
#6811=AXIS2_PLACEMENT_3D('Circle Axis2P3D',#6809,#6810,$) ;
#6818=AXIS2_PLACEMENT_3D('Circle Axis2P3D',#6816,#6817,$) ;
#7298=AXIS2_PLACEMENT_3D('Torus Axis2P3D',#7295,#7296,#7297) ;
#7302=AXIS2_PLACEMENT_3D('Circle Axis2P3D',#7300,#7301,$) ;
#7309=AXIS2_PLACEMENT_3D('Circle Axis2P3D',#7307,#7308,$) ;
#7322=AXIS2_PLACEMENT_3D('Torus Axis2P3D',#7319,#7320,#7321) ;
#7326=AXIS2_PLACEMENT_3D('Circle Axis2P3D',#7324,#7325,$) ;
#7333=AXIS2_PLACEMENT_3D('Circle Axis2P3D',#7331,#7332,$) ;
#7340=AXIS2_PLACEMENT_3D('Circle Axis2P3D',#7338,#7339,$) ;
#7354=AXIS2_PLACEMENT_3D('Cylinder Axis2P3D',#7351,#7352,#7353) ;
#7358=AXIS2_PLACEMENT_3D('Circle Axis2P3D',#7356,#7357,$) ;
#7461=AXIS2_PLACEMENT_3D('Cylinder Axis2P3D',#7458,#7459,#7460) ;
#7465=AXIS2_PLACEMENT_3D('Circle Axis2P3D',#7463,#7464,$) ;
#7824=AXIS2_PLACEMENT_3D('Cylinder Axis2P3D',#7821,#7822,#7823) ;
#7828=AXIS2_PLACEMENT_3D('Circle Axis2P3D',#7826,#7827,$) ;
#7931=AXIS2_PLACEMENT_3D('Cylinder Axis2P3D',#7928,#7929,#7930) ;
#7948=AXIS2_PLACEMENT_3D('Torus Axis2P3D',#7945,#7946,#7947) ;
#7952=AXIS2_PLACEMENT_3D('Circle Axis2P3D',#7950,#7951,$) ;
#7959=AXIS2_PLACEMENT_3D('Circle Axis2P3D',#7957,#7958,$) ;
#7974=AXIS2_PLACEMENT_3D('Torus Axis2P3D',#7971,#7972,#7973) ;
#7978=AXIS2_PLACEMENT_3D('Circle Axis2P3D',#7976,#7977,$) ;
#7985=AXIS2_PLACEMENT_3D('Circle Axis2P3D',#7983,#7984,$) ;
#8000=AXIS2_PLACEMENT_3D('Plane Axis2P3D',#7997,#7998,#7999) ;
#8031=AXIS2_PLACEMENT_3D('Cylinder Axis2P3D',#8028,#8029,#8030) ;
#8058=AXIS2_PLACEMENT_3D('Cylinder Axis2P3D',#8055,#8056,#8057) ;
#8072=AXIS2_PLACEMENT_3D('Circle Axis2P3D',#8070,#8071,$) ;
#8093=AXIS2_PLACEMENT_3D('Plane Axis2P3D',#8090,#8091,#8092) ;
#8128=AXIS2_PLACEMENT_3D('Plane Axis2P3D',#8125,#8126,#8127) ;
#8153=AXIS2_PLACEMENT_3D('Cylinder Axis2P3D',#8150,#8151,#8152) ;
#8157=AXIS2_PLACEMENT_3D('Circle Axis2P3D',#8155,#8156,$) ;
#8178=AXIS2_PLACEMENT_3D('Cylinder Axis2P3D',#8175,#8176,#8177) ;
#8182=AXIS2_PLACEMENT_3D('Circle Axis2P3D',#8180,#8181,$) ;
#8202=AXIS2_PLACEMENT_3D('Plane Axis2P3D',#8199,#8200,#8201) ;
#8219=AXIS2_PLACEMENT_3D('Plane Axis2P3D',#8216,#8217,#8218) ;
#8249=AXIS2_PLACEMENT_3D('Circle Axis2P3D',#8247,#8248,$) ;
#8263=AXIS2_PLACEMENT_3D('Circle Axis2P3D',#8261,#8262,$) ;
#8277=AXIS2_PLACEMENT_3D('Circle Axis2P3D',#8275,#8276,$) ;
#8303=AXIS2_PLACEMENT_3D('Cylinder Axis2P3D',#8300,#8301,#8302) ;
#8369=AXIS2_PLACEMENT_3D('Torus Axis2P3D',#8366,#8367,#8368) ;
#8373=AXIS2_PLACEMENT_3D('Circle Axis2P3D',#8371,#8372,$) ;
#8378=AXIS2_PLACEMENT_3D('Circle Axis2P3D',#8376,#8377,$) ;
#8391=AXIS2_PLACEMENT_3D('Cylinder Axis2P3D',#8388,#8389,#8390) ;
#8395=AXIS2_PLACEMENT_3D('Circle Axis2P3D',#8393,#8394,$) ;
#8545=AXIS2_PLACEMENT_3D('Cylinder Axis2P3D',#8542,#8543,#8544) ;
#8549=AXIS2_PLACEMENT_3D('Circle Axis2P3D',#8547,#8548,$) ;
#8659=AXIS2_PLACEMENT_3D('Torus Axis2P3D',#8656,#8657,#8658) ;
#8663=AXIS2_PLACEMENT_3D('Circle Axis2P3D',#8661,#8662,$) ;
#8676=AXIS2_PLACEMENT_3D('Cylinder Axis2P3D',#8673,#8674,#8675) ;
#8680=AXIS2_PLACEMENT_3D('Circle Axis2P3D',#8678,#8679,$) ;
#8693=AXIS2_PLACEMENT_3D('Torus Axis2P3D',#8690,#8691,#8692) ;
#8697=AXIS2_PLACEMENT_3D('Circle Axis2P3D',#8695,#8696,$) ;
#8710=AXIS2_PLACEMENT_3D('Cylinder Axis2P3D',#8707,#8708,#8709) ;
#8722=AXIS2_PLACEMENT_3D('Cylinder Axis2P3D',#8719,#8720,#8721) ;
#8726=AXIS2_PLACEMENT_3D('Circle Axis2P3D',#8724,#8725,$) ;
#8764=AXIS2_PLACEMENT_3D('Plane Axis2P3D',#8761,#8762,#8763) ;
#8789=AXIS2_PLACEMENT_3D('Plane Axis2P3D',#8786,#8787,#8788) ;
#8813=AXIS2_PLACEMENT_3D('Cylinder Axis2P3D',#8810,#8811,#8812) ;
#8817=AXIS2_PLACEMENT_3D('Circle Axis2P3D',#8815,#8816,$) ;
#8837=AXIS2_PLACEMENT_3D('Cylinder Axis2P3D',#8834,#8835,#8836) ;
#8864=AXIS2_PLACEMENT_3D('Plane Axis2P3D',#8861,#8862,#8863) ;
#8888=AXIS2_PLACEMENT_3D('Plane Axis2P3D',#8885,#8886,#8887) ;
#8923=AXIS2_PLACEMENT_3D('Cylinder Axis2P3D',#8920,#8921,#8922) ;
#8927=AXIS2_PLACEMENT_3D('Circle Axis2P3D',#8925,#8926,$) ;
#8941=AXIS2_PLACEMENT_3D('Cylinder Axis2P3D',#8938,#8939,#8940) ;
#9025=AXIS2_PLACEMENT_3D('Circle Axis2P3D',#9023,#9024,$) ;
#9039=AXIS2_PLACEMENT_3D('Circle Axis2P3D',#9037,#9038,$) ;
#9053=AXIS2_PLACEMENT_3D('Circle Axis2P3D',#9051,#9052,$) ;
#9086=AXIS2_PLACEMENT_3D('Cylinder Axis2P3D',#9083,#9084,#9085) ;
#9090=AXIS2_PLACEMENT_3D('Circle Axis2P3D',#9088,#9089,$) ;
#9095=AXIS2_PLACEMENT_3D('Circle Axis2P3D',#9093,#9094,$) ;
#9108=AXIS2_PLACEMENT_3D('Torus Axis2P3D',#9105,#9106,#9107) ;
#9112=AXIS2_PLACEMENT_3D('Circle Axis2P3D',#9110,#9111,$) ;
#9125=AXIS2_PLACEMENT_3D('Cylinder Axis2P3D',#9122,#9123,#9124) ;
#9129=AXIS2_PLACEMENT_3D('Circle Axis2P3D',#9127,#9128,$) ;
#9142=AXIS2_PLACEMENT_3D('Torus Axis2P3D',#9139,#9140,#9141) ;
#9146=AXIS2_PLACEMENT_3D('Circle Axis2P3D',#9144,#9145,$) ;
#9256=AXIS2_PLACEMENT_3D('Cylinder Axis2P3D',#9253,#9254,#9255) ;
#9260=AXIS2_PLACEMENT_3D('Circle Axis2P3D',#9258,#9259,$) ;
#9410=AXIS2_PLACEMENT_3D('Cylinder Axis2P3D',#9407,#9408,#9409) ;
#9414=AXIS2_PLACEMENT_3D('Circle Axis2P3D',#9412,#9413,$) ;
#9427=AXIS2_PLACEMENT_3D('Torus Axis2P3D',#9424,#9425,#9426) ;
#9439=AXIS2_PLACEMENT_3D('Cylinder Axis2P3D',#9436,#9437,#9438) ;
#9474=AXIS2_PLACEMENT_3D('Plane Axis2P3D',#9471,#9472,#9473) ;
#9485=AXIS2_PLACEMENT_3D('Circle Axis2P3D',#9483,#9484,$) ;
#9504=AXIS2_PLACEMENT_3D('Circle Axis2P3D',#9502,#9503,$) ;
#9517=AXIS2_PLACEMENT_3D('Cylinder Axis2P3D',#9514,#9515,#9516) ;
#9545=AXIS2_PLACEMENT_3D('Torus Axis2P3D',#9542,#9543,#9544) ;
#9549=AXIS2_PLACEMENT_3D('Circle Axis2P3D',#9547,#9548,$) ;
#9556=AXIS2_PLACEMENT_3D('Circle Axis2P3D',#9554,#9555,$) ;
#9563=AXIS2_PLACEMENT_3D('Circle Axis2P3D',#9561,#9562,$) ;
#9576=AXIS2_PLACEMENT_3D('Torus Axis2P3D',#9573,#9574,#9575) ;
#9580=AXIS2_PLACEMENT_3D('Circle Axis2P3D',#9578,#9579,$) ;
#9587=AXIS2_PLACEMENT_3D('Circle Axis2P3D',#9585,#9586,$) ;
#10037=AXIS2_PLACEMENT_3D('Torus Axis2P3D',#10034,#10035,#10036) ;
#10041=AXIS2_PLACEMENT_3D('Circle Axis2P3D',#10039,#10040,$) ;
#10048=AXIS2_PLACEMENT_3D('Circle Axis2P3D',#10046,#10047,$) ;
#10055=AXIS2_PLACEMENT_3D('Circle Axis2P3D',#10053,#10054,$) ;
#10068=AXIS2_PLACEMENT_3D('Torus Axis2P3D',#10065,#10066,#10067) ;
#10072=AXIS2_PLACEMENT_3D('Circle Axis2P3D',#10070,#10071,$) ;
#10079=AXIS2_PLACEMENT_3D('Circle Axis2P3D',#10077,#10078,$) ;
#10086=AXIS2_PLACEMENT_3D('Circle Axis2P3D',#10084,#10085,$) ;
#10530=AXIS2_PLACEMENT_3D('Cylinder Axis2P3D',#10527,#10528,#10529) ;
#10545=AXIS2_PLACEMENT_3D('Circle Axis2P3D',#10543,#10544,$) ;
#10571=AXIS2_PLACEMENT_3D('Cylinder Axis2P3D',#10568,#10569,#10570) ;
#10630=AXIS2_PLACEMENT_3D('Circle Axis2P3D',#10628,#10629,$) ;
#10660=AXIS2_PLACEMENT_3D('Cylinder Axis2P3D',#10657,#10658,#10659) ;
#10671=AXIS2_PLACEMENT_3D('Circle Axis2P3D',#10669,#10670,$) ;
#10694=AXIS2_PLACEMENT_3D('Cylinder Axis2P3D',#10691,#10692,#10693) ;
#10762=AXIS2_PLACEMENT_3D('Circle Axis2P3D',#10760,#10761,$) ;
#10820=AXIS2_PLACEMENT_3D('Circle Axis2P3D',#10818,#10819,$) ;
#10839=AXIS2_PLACEMENT_3D('Circle Axis2P3D',#10837,#10838,$) ;
#10927=AXIS2_PLACEMENT_3D('Circle Axis2P3D',#10925,#10926,$) ;
#10946=AXIS2_PLACEMENT_3D('Circle Axis2P3D',#10944,#10945,$) ;
#10989=AXIS2_PLACEMENT_3D('Plane Axis2P3D',#10986,#10987,#10988) ;
#11032=AXIS2_PLACEMENT_3D('Plane Axis2P3D',#11029,#11030,#11031) ;
#11078=AXIS2_PLACEMENT_3D('Torus Axis2P3D',#11075,#11076,#11077) ;
#11082=AXIS2_PLACEMENT_3D('Circle Axis2P3D',#11080,#11081,$) ;
#11087=AXIS2_PLACEMENT_3D('Circle Axis2P3D',#11085,#11086,$) ;
#11484=AXIS2_PLACEMENT_3D('Torus Axis2P3D',#11481,#11482,#11483) ;
#11488=AXIS2_PLACEMENT_3D('Circle Axis2P3D',#11486,#11487,$) ;
#11501=AXIS2_PLACEMENT_3D('Torus Axis2P3D',#11498,#11499,#11500) ;
#11505=AXIS2_PLACEMENT_3D('Circle Axis2P3D',#11503,#11504,$) ;
#11920=AXIS2_PLACEMENT_3D('Torus Axis2P3D',#11917,#11918,#11919) ;
#11932=AXIS2_PLACEMENT_3D('Plane Axis2P3D',#11929,#11930,#11931) ;
#11936=AXIS2_PLACEMENT_3D('Circle Axis2P3D',#11934,#11935,$) ;
#11945=AXIS2_PLACEMENT_3D('Circle Axis2P3D',#11943,#11944,$) ;
#11960=AXIS2_PLACEMENT_3D('Cylinder Axis2P3D',#11957,#11958,#11959) ;
#11964=AXIS2_PLACEMENT_3D('Circle Axis2P3D',#11962,#11963,$) ;
#11995=AXIS2_PLACEMENT_3D('Circle Axis2P3D',#11993,#11994,$) ;
#12013=AXIS2_PLACEMENT_3D('Cone Axis2P3D',#12010,#12011,#12012) ;
#12035=AXIS2_PLACEMENT_3D('Cone Axis2P3D',#12032,#12033,#12034) ;
#12047=AXIS2_PLACEMENT_3D('Plane Axis2P3D',#12044,#12045,#12046) ;
#12051=AXIS2_PLACEMENT_3D('Circle Axis2P3D',#12049,#12050,$) ;
#12060=AXIS2_PLACEMENT_3D('Circle Axis2P3D',#12058,#12059,$) ;
#12075=AXIS2_PLACEMENT_3D('Cylinder Axis2P3D',#12072,#12073,#12074) ;
#12079=AXIS2_PLACEMENT_3D('Circle Axis2P3D',#12077,#12078,$) ;
#12108=AXIS2_PLACEMENT_3D('Circle Axis2P3D',#12106,#12107,$) ;
#12124=AXIS2_PLACEMENT_3D('Cone Axis2P3D',#12121,#12122,#12123) ;
#12146=AXIS2_PLACEMENT_3D('Cone Axis2P3D',#12143,#12144,#12145) ;
#40=PRODUCT_DEFINITION_SHAPE(' ',' ',#14) ;
#31=APPROVAL_PERSON_ORGANIZATION(#25,#21,#19) ;
#25=PERSON_AND_ORGANIZATION(#22,#23) ;
#22=PERSON(' ',' ',' ',$,$,$) ;
#23=ORGANIZATION(' ',' ',' ') ;
#21=APPROVAL(#20,' ') ;
#20=APPROVAL_STATUS('not_yet_approved') ;
#19=APPROVAL_ROLE('APPROVER') ;
#13=DATE_AND_TIME(#11,#12) ;
#12=LOCAL_TIME(17,35,28.,#10) ;
#10=COORDINATED_UNIVERSAL_TIME_OFFSET(0,0,.AHEAD.) ;
#111=ORIENTED_EDGE('',*,*,#65,.T.) ;
#112=ORIENTED_EDGE('',*,*,#84,.T.) ;
#113=ORIENTED_EDGE('',*,*,#91,.F.) ;
#114=ORIENTED_EDGE('',*,*,#98,.T.) ;
#115=ORIENTED_EDGE('',*,*,#109,.F.) ;
#177=ORIENTED_EDGE('',*,*,#131,.T.) ;
#178=ORIENTED_EDGE('',*,*,#150,.F.) ;
#179=ORIENTED_EDGE('',*,*,#157,.F.) ;
#180=ORIENTED_EDGE('',*,*,#170,.T.) ;
#181=ORIENTED_EDGE('',*,*,#175,.T.) ;
#218=ORIENTED_EDGE('',*,*,#197,.T.) ;
#219=ORIENTED_EDGE('',*,*,#204,.F.) ;
#220=ORIENTED_EDGE('',*,*,#211,.T.) ;
#221=ORIENTED_EDGE('',*,*,#216,.T.) ;
#240=ORIENTED_EDGE('',*,*,#233,.T.) ;
#241=ORIENTED_EDGE('',*,*,#216,.F.) ;
#242=ORIENTED_EDGE('',*,*,#238,.T.) ;
#243=ORIENTED_EDGE('',*,*,#204,.T.) ;
#280=ORIENTED_EDGE('',*,*,#259,.F.) ;
#281=ORIENTED_EDGE('',*,*,#266,.T.) ;
#282=ORIENTED_EDGE('',*,*,#273,.T.) ;
#283=ORIENTED_EDGE('',*,*,#278,.F.) ;
#318=ORIENTED_EDGE('',*,*,#297,.T.) ;
#319=ORIENTED_EDGE('',*,*,#278,.T.) ;
#320=ORIENTED_EDGE('',*,*,#304,.T.) ;
#321=ORIENTED_EDGE('',*,*,#311,.F.) ;
#322=ORIENTED_EDGE('',*,*,#316,.T.) ;
#343=ORIENTED_EDGE('',*,*,#336,.F.) ;
#344=ORIENTED_EDGE('',*,*,#304,.F.) ;
#345=ORIENTED_EDGE('',*,*,#273,.F.) ;
#346=ORIENTED_EDGE('',*,*,#341,.T.) ;
#374=ORIENTED_EDGE('',*,*,#362,.F.) ;
#375=ORIENTED_EDGE('',*,*,#367,.T.) ;
#376=ORIENTED_EDGE('',*,*,#341,.F.) ;
#377=ORIENTED_EDGE('',*,*,#266,.F.) ;
#378=ORIENTED_EDGE('',*,*,#372,.F.) ;
#387=ORIENTED_EDGE('',*,*,#385,.F.) ;
#388=ORIENTED_EDGE('',*,*,#372,.T.) ;
#389=ORIENTED_EDGE('',*,*,#259,.T.) ;
#390=ORIENTED_EDGE('',*,*,#297,.F.) ;
#427=ORIENTED_EDGE('',*,*,#406,.F.) ;
#428=ORIENTED_EDGE('',*,*,#413,.T.) ;
#429=ORIENTED_EDGE('',*,*,#420,.T.) ;
#430=ORIENTED_EDGE('',*,*,#425,.F.) ;
#460=ORIENTED_EDGE('',*,*,#439,.T.) ;
#461=ORIENTED_EDGE('',*,*,#425,.T.) ;
#462=ORIENTED_EDGE('',*,*,#446,.T.) ;
#463=ORIENTED_EDGE('',*,*,#453,.T.) ;
#464=ORIENTED_EDGE('',*,*,#458,.T.) ;
#485=ORIENTED_EDGE('',*,*,#446,.F.) ;
#486=ORIENTED_EDGE('',*,*,#420,.F.) ;
#487=ORIENTED_EDGE('',*,*,#478,.T.) ;
#488=ORIENTED_EDGE('',*,*,#483,.T.) ;
#511=ORIENTED_EDGE('',*,*,#499,.F.) ;
#512=ORIENTED_EDGE('',*,*,#504,.F.) ;
#513=ORIENTED_EDGE('',*,*,#478,.F.) ;
#514=ORIENTED_EDGE('',*,*,#413,.F.) ;
#515=ORIENTED_EDGE('',*,*,#509,.F.) ;
#524=ORIENTED_EDGE('',*,*,#509,.T.) ;
#525=ORIENTED_EDGE('',*,*,#406,.T.) ;
#526=ORIENTED_EDGE('',*,*,#439,.F.) ;
#527=ORIENTED_EDGE('',*,*,#522,.T.) ;
#586=ORIENTED_EDGE('',*,*,#543,.F.) ;
#587=ORIENTED_EDGE('',*,*,#550,.F.) ;
#588=ORIENTED_EDGE('',*,*,#569,.F.) ;
#589=ORIENTED_EDGE('',*,*,#579,.F.) ;
#590=ORIENTED_EDGE('',*,*,#584,.T.) ;
#626=ORIENTED_EDGE('',*,*,#597,.F.) ;
#627=ORIENTED_EDGE('',*,*,#584,.F.) ;
#628=ORIENTED_EDGE('',*,*,#607,.T.) ;
#629=ORIENTED_EDGE('',*,*,#624,.T.) ;
#630=ORIENTED_EDGE('',*,*,#550,.T.) ;
#689=ORIENTED_EDGE('',*,*,#646,.F.) ;
#690=ORIENTED_EDGE('',*,*,#653,.F.) ;
#691=ORIENTED_EDGE('',*,*,#672,.F.) ;
#692=ORIENTED_EDGE('',*,*,#682,.F.) ;
#693=ORIENTED_EDGE('',*,*,#687,.T.) ;
#729=ORIENTED_EDGE('',*,*,#700,.F.) ;
#730=ORIENTED_EDGE('',*,*,#687,.F.) ;
#731=ORIENTED_EDGE('',*,*,#710,.T.) ;
#732=ORIENTED_EDGE('',*,*,#727,.T.) ;
#733=ORIENTED_EDGE('',*,*,#653,.T.) ;
#756=ORIENTED_EDGE('',*,*,#749,.F.) ;
#757=ORIENTED_EDGE('',*,*,#754,.F.) ;
#760=ORIENTED_EDGE('',*,*,#543,.T.) ;
#761=ORIENTED_EDGE('',*,*,#597,.T.) ;
#820=ORIENTED_EDGE('',*,*,#780,.T.) ;
#821=ORIENTED_EDGE('',*,*,#799,.F.) ;
#822=ORIENTED_EDGE('',*,*,#808,.F.) ;
#823=ORIENTED_EDGE('',*,*,#813,.F.) ;
#824=ORIENTED_EDGE('',*,*,#754,.T.) ;
#825=ORIENTED_EDGE('',*,*,#818,.T.) ;
#865=ORIENTED_EDGE('',*,*,#836,.T.) ;
#866=ORIENTED_EDGE('',*,*,#855,.T.) ;
#867=ORIENTED_EDGE('',*,*,#863,.F.) ;
#868=ORIENTED_EDGE('',*,*,#818,.F.) ;
#869=ORIENTED_EDGE('',*,*,#749,.T.) ;
#870=ORIENTED_EDGE('',*,*,#813,.T.) ;
#888=ORIENTED_EDGE('',*,*,#881,.F.) ;
#889=ORIENTED_EDGE('',*,*,#886,.F.) ;
#892=ORIENTED_EDGE('',*,*,#646,.T.) ;
#893=ORIENTED_EDGE('',*,*,#700,.T.) ;
#952=ORIENTED_EDGE('',*,*,#912,.T.) ;
#953=ORIENTED_EDGE('',*,*,#931,.F.) ;
#954=ORIENTED_EDGE('',*,*,#940,.F.) ;
#955=ORIENTED_EDGE('',*,*,#945,.F.) ;
#956=ORIENTED_EDGE('',*,*,#886,.T.) ;
#957=ORIENTED_EDGE('',*,*,#950,.T.) ;
#997=ORIENTED_EDGE('',*,*,#968,.T.) ;
#998=ORIENTED_EDGE('',*,*,#987,.T.) ;
#999=ORIENTED_EDGE('',*,*,#995,.F.) ;
#1000=ORIENTED_EDGE('',*,*,#950,.F.) ;
#1001=ORIENTED_EDGE('',*,*,#881,.T.) ;
#1002=ORIENTED_EDGE('',*,*,#945,.T.) ;
#1039=ORIENTED_EDGE('',*,*,#1018,.F.) ;
#1040=ORIENTED_EDGE('',*,*,#1025,.T.) ;
#1041=ORIENTED_EDGE('',*,*,#1032,.T.) ;
#1042=ORIENTED_EDGE('',*,*,#1037,.F.) ;
#1056=ORIENTED_EDGE('',*,*,#1032,.F.) ;
#1057=ORIENTED_EDGE('',*,*,#1049,.T.) ;
#1058=ORIENTED_EDGE('',*,*,#1018,.T.) ;
#1059=ORIENTED_EDGE('',*,*,#1054,.F.) ;
#1068=ORIENTED_EDGE('',*,*,#1037,.T.) ;
#1069=ORIENTED_EDGE('',*,*,#1054,.T.) ;
#1086=ORIENTED_EDGE('',*,*,#1079,.F.) ;
#1087=ORIENTED_EDGE('',*,*,#1084,.F.) ;
#1192=ORIENTED_EDGE('',*,*,#1121,.F.) ;
#1193=ORIENTED_EDGE('',*,*,#1146,.T.) ;
#1194=ORIENTED_EDGE('',*,*,#1153,.F.) ;
#1195=ORIENTED_EDGE('',*,*,#1160,.F.) ;
#1196=ORIENTED_EDGE('',*,*,#1168,.F.) ;
#1197=ORIENTED_EDGE('',*,*,#157,.T.) ;
#1198=ORIENTED_EDGE('',*,*,#1178,.T.) ;
#1199=ORIENTED_EDGE('',*,*,#1185,.T.) ;
#1200=ORIENTED_EDGE('',*,*,#1190,.F.) ;
#1297=ORIENTED_EDGE('',*,*,#1225,.F.) ;
#1298=ORIENTED_EDGE('',*,*,#1241,.T.) ;
#1299=ORIENTED_EDGE('',*,*,#1248,.F.) ;
#1300=ORIENTED_EDGE('',*,*,#1253,.T.) ;
#1301=ORIENTED_EDGE('',*,*,#1153,.T.) ;
#1302=ORIENTED_EDGE('',*,*,#1269,.F.) ;
#1303=ORIENTED_EDGE('',*,*,#1283,.T.) ;
#1304=ORIENTED_EDGE('',*,*,#1190,.T.) ;
#1305=ORIENTED_EDGE('',*,*,#1290,.T.) ;
#1306=ORIENTED_EDGE('',*,*,#1295,.F.) ;
#1383=ORIENTED_EDGE('',*,*,#1295,.T.) ;
#1384=ORIENTED_EDGE('',*,*,#1320,.F.) ;
#1385=ORIENTED_EDGE('',*,*,#1328,.F.) ;
#1386=ORIENTED_EDGE('',*,*,#131,.F.) ;
#1387=ORIENTED_EDGE('',*,*,#1333,.T.) ;
#1388=ORIENTED_EDGE('',*,*,#1248,.T.) ;
#1389=ORIENTED_EDGE('',*,*,#1358,.F.) ;
#1390=ORIENTED_EDGE('',*,*,#1381,.T.) ;
#1413=ORIENTED_EDGE('',*,*,#1406,.T.) ;
#1414=ORIENTED_EDGE('',*,*,#1411,.T.) ;
#1433=ORIENTED_EDGE('',*,*,#1121,.T.) ;
#1434=ORIENTED_EDGE('',*,*,#1283,.F.) ;
#1435=ORIENTED_EDGE('',*,*,#1426,.T.) ;
#1436=ORIENTED_EDGE('',*,*,#1406,.F.) ;
#1437=ORIENTED_EDGE('',*,*,#1431,.F.) ;
#1441=ORIENTED_EDGE('',*,*,#1269,.T.) ;
#1442=ORIENTED_EDGE('',*,*,#1146,.F.) ;
#1443=ORIENTED_EDGE('',*,*,#1431,.T.) ;
#1444=ORIENTED_EDGE('',*,*,#1411,.F.) ;
#1445=ORIENTED_EDGE('',*,*,#1426,.F.) ;
#1459=ORIENTED_EDGE('',*,*,#1358,.T.) ;
#1460=ORIENTED_EDGE('',*,*,#1241,.F.) ;
#1461=ORIENTED_EDGE('',*,*,#1452,.F.) ;
#1462=ORIENTED_EDGE('',*,*,#1084,.T.) ;
#1463=ORIENTED_EDGE('',*,*,#1457,.T.) ;
#1467=ORIENTED_EDGE('',*,*,#1225,.T.) ;
#1468=ORIENTED_EDGE('',*,*,#1381,.F.) ;
#1469=ORIENTED_EDGE('',*,*,#1457,.F.) ;
#1470=ORIENTED_EDGE('',*,*,#1079,.T.) ;
#1471=ORIENTED_EDGE('',*,*,#1452,.T.) ;
#1508=ORIENTED_EDGE('',*,*,#1487,.T.) ;
#1509=ORIENTED_EDGE('',*,*,#1494,.F.) ;
#1510=ORIENTED_EDGE('',*,*,#1501,.F.) ;
#1511=ORIENTED_EDGE('',*,*,#1506,.T.) ;
#1525=ORIENTED_EDGE('',*,*,#1518,.T.) ;
#1526=ORIENTED_EDGE('',*,*,#1506,.F.) ;
#1527=ORIENTED_EDGE('',*,*,#1523,.F.) ;
#1528=ORIENTED_EDGE('',*,*,#1494,.T.) ;
#1537=ORIENTED_EDGE('',*,*,#1518,.F.) ;
#1538=ORIENTED_EDGE('',*,*,#1487,.F.) ;
#1555=ORIENTED_EDGE('',*,*,#1548,.T.) ;
#1556=ORIENTED_EDGE('',*,*,#1553,.T.) ;
#1651=ORIENTED_EDGE('',*,*,#1590,.F.) ;
#1652=ORIENTED_EDGE('',*,*,#1615,.T.) ;
#1653=ORIENTED_EDGE('',*,*,#1622,.F.) ;
#1654=ORIENTED_EDGE('',*,*,#1627,.F.) ;
#1655=ORIENTED_EDGE('',*,*,#91,.T.) ;
#1656=ORIENTED_EDGE('',*,*,#1637,.T.) ;
#1657=ORIENTED_EDGE('',*,*,#1644,.T.) ;
#1658=ORIENTED_EDGE('',*,*,#1649,.F.) ;
#1763=ORIENTED_EDGE('',*,*,#1674,.T.) ;
#1764=ORIENTED_EDGE('',*,*,#1681,.F.) ;
#1765=ORIENTED_EDGE('',*,*,#1689,.F.) ;
#1766=ORIENTED_EDGE('',*,*,#65,.F.) ;
#1767=ORIENTED_EDGE('',*,*,#1699,.T.) ;
#1768=ORIENTED_EDGE('',*,*,#1706,.T.) ;
#1769=ORIENTED_EDGE('',*,*,#1713,.T.) ;
#1770=ORIENTED_EDGE('',*,*,#1738,.F.) ;
#1771=ORIENTED_EDGE('',*,*,#1761,.T.) ;
#1850=ORIENTED_EDGE('',*,*,#1794,.F.) ;
#1851=ORIENTED_EDGE('',*,*,#1808,.T.) ;
#1852=ORIENTED_EDGE('',*,*,#1713,.F.) ;
#1853=ORIENTED_EDGE('',*,*,#1813,.T.) ;
#1854=ORIENTED_EDGE('',*,*,#1622,.T.) ;
#1855=ORIENTED_EDGE('',*,*,#1829,.F.) ;
#1856=ORIENTED_EDGE('',*,*,#1843,.T.) ;
#1857=ORIENTED_EDGE('',*,*,#1649,.T.) ;
#1858=ORIENTED_EDGE('',*,*,#1848,.T.) ;
#1859=ORIENTED_EDGE('',*,*,#1674,.F.) ;
#1882=ORIENTED_EDGE('',*,*,#1875,.F.) ;
#1883=ORIENTED_EDGE('',*,*,#1880,.F.) ;
#1902=ORIENTED_EDGE('',*,*,#1794,.T.) ;
#1903=ORIENTED_EDGE('',*,*,#1761,.F.) ;
#1904=ORIENTED_EDGE('',*,*,#1895,.T.) ;
#1905=ORIENTED_EDGE('',*,*,#1880,.T.) ;
#1906=ORIENTED_EDGE('',*,*,#1900,.F.) ;
#1910=ORIENTED_EDGE('',*,*,#1738,.T.) ;
#1911=ORIENTED_EDGE('',*,*,#1808,.F.) ;
#1912=ORIENTED_EDGE('',*,*,#1900,.T.) ;
#1913=ORIENTED_EDGE('',*,*,#1875,.T.) ;
#1914=ORIENTED_EDGE('',*,*,#1895,.F.) ;
#1928=ORIENTED_EDGE('',*,*,#1829,.T.) ;
#1929=ORIENTED_EDGE('',*,*,#1615,.F.) ;
#1930=ORIENTED_EDGE('',*,*,#1921,.F.) ;
#1931=ORIENTED_EDGE('',*,*,#1548,.F.) ;
#1932=ORIENTED_EDGE('',*,*,#1926,.T.) ;
#1936=ORIENTED_EDGE('',*,*,#1590,.T.) ;
#1937=ORIENTED_EDGE('',*,*,#1843,.F.) ;
#1938=ORIENTED_EDGE('',*,*,#1926,.F.) ;
#1939=ORIENTED_EDGE('',*,*,#1553,.F.) ;
#1940=ORIENTED_EDGE('',*,*,#1921,.T.) ;
#1977=ORIENTED_EDGE('',*,*,#1956,.T.) ;
#1978=ORIENTED_EDGE('',*,*,#1963,.T.) ;
#1979=ORIENTED_EDGE('',*,*,#1970,.F.) ;
#1980=ORIENTED_EDGE('',*,*,#1975,.F.) ;
#2008=ORIENTED_EDGE('',*,*,#1970,.T.) ;
#2009=ORIENTED_EDGE('',*,*,#1994,.T.) ;
#2010=ORIENTED_EDGE('',*,*,#2001,.F.) ;
#2011=ORIENTED_EDGE('',*,*,#2006,.F.) ;
#2098=ORIENTED_EDGE('',*,*,#2001,.T.) ;
#2099=ORIENTED_EDGE('',*,*,#2078,.T.) ;
#2100=ORIENTED_EDGE('',*,*,#2088,.F.) ;
#2101=ORIENTED_EDGE('',*,*,#2096,.F.) ;
#2271=ORIENTED_EDGE('',*,*,#2088,.T.) ;
#2272=ORIENTED_EDGE('',*,*,#2237,.T.) ;
#2273=ORIENTED_EDGE('',*,*,#2246,.F.) ;
#2274=ORIENTED_EDGE('',*,*,#2269,.F.) ;
#2302=ORIENTED_EDGE('',*,*,#2246,.T.) ;
#2303=ORIENTED_EDGE('',*,*,#2288,.T.) ;
#2304=ORIENTED_EDGE('',*,*,#2295,.F.) ;
#2305=ORIENTED_EDGE('',*,*,#2300,.F.) ;
#2409=ORIENTED_EDGE('',*,*,#2295,.T.) ;
#2410=ORIENTED_EDGE('',*,*,#2381,.T.) ;
#2411=ORIENTED_EDGE('',*,*,#2390,.F.) ;
#2412=ORIENTED_EDGE('',*,*,#2407,.F.) ;
#2481=ORIENTED_EDGE('',*,*,#2390,.T.) ;
#2482=ORIENTED_EDGE('',*,*,#2461,.T.) ;
#2483=ORIENTED_EDGE('',*,*,#2471,.F.) ;
#2484=ORIENTED_EDGE('',*,*,#2479,.F.) ;
#2604=ORIENTED_EDGE('',*,*,#2471,.T.) ;
#2605=ORIENTED_EDGE('',*,*,#2581,.T.) ;
#2606=ORIENTED_EDGE('',*,*,#2591,.F.) ;
#2607=ORIENTED_EDGE('',*,*,#2602,.F.) ;
#2635=ORIENTED_EDGE('',*,*,#2591,.T.) ;
#2636=ORIENTED_EDGE('',*,*,#2621,.T.) ;
#2637=ORIENTED_EDGE('',*,*,#2628,.F.) ;
#2638=ORIENTED_EDGE('',*,*,#2633,.F.) ;
#2657=ORIENTED_EDGE('',*,*,#2628,.T.) ;
#2658=ORIENTED_EDGE('',*,*,#2650,.T.) ;
#2659=ORIENTED_EDGE('',*,*,#1956,.F.) ;
#2660=ORIENTED_EDGE('',*,*,#2655,.F.) ;
#2697=ORIENTED_EDGE('',*,*,#2676,.T.) ;
#2698=ORIENTED_EDGE('',*,*,#2683,.T.) ;
#2699=ORIENTED_EDGE('',*,*,#2690,.F.) ;
#2700=ORIENTED_EDGE('',*,*,#2695,.F.) ;
#2826=ORIENTED_EDGE('',*,*,#2690,.T.) ;
#2827=ORIENTED_EDGE('',*,*,#2800,.T.) ;
#2828=ORIENTED_EDGE('',*,*,#2810,.F.) ;
#2829=ORIENTED_EDGE('',*,*,#2824,.F.) ;
#2903=ORIENTED_EDGE('',*,*,#2810,.T.) ;
#2904=ORIENTED_EDGE('',*,*,#2881,.T.) ;
#2905=ORIENTED_EDGE('',*,*,#2890,.F.) ;
#2906=ORIENTED_EDGE('',*,*,#2901,.F.) ;
#3004=ORIENTED_EDGE('',*,*,#2890,.T.) ;
#3005=ORIENTED_EDGE('',*,*,#2979,.T.) ;
#3006=ORIENTED_EDGE('',*,*,#2988,.F.) ;
#3007=ORIENTED_EDGE('',*,*,#3002,.F.) ;
#3035=ORIENTED_EDGE('',*,*,#2988,.T.) ;
#3036=ORIENTED_EDGE('',*,*,#3021,.T.) ;
#3037=ORIENTED_EDGE('',*,*,#3028,.F.) ;
#3038=ORIENTED_EDGE('',*,*,#3033,.F.) ;
#3203=ORIENTED_EDGE('',*,*,#3028,.T.) ;
#3204=ORIENTED_EDGE('',*,*,#3171,.T.) ;
#3205=ORIENTED_EDGE('',*,*,#3181,.F.) ;
#3206=ORIENTED_EDGE('',*,*,#3201,.F.) ;
#3293=ORIENTED_EDGE('',*,*,#3181,.T.) ;
#3294=ORIENTED_EDGE('',*,*,#3273,.T.) ;
#3295=ORIENTED_EDGE('',*,*,#3283,.F.) ;
#3296=ORIENTED_EDGE('',*,*,#3291,.F.) ;
#3324=ORIENTED_EDGE('',*,*,#3283,.T.) ;
#3325=ORIENTED_EDGE('',*,*,#3310,.T.) ;
#3326=ORIENTED_EDGE('',*,*,#3317,.F.) ;
#3327=ORIENTED_EDGE('',*,*,#3322,.F.) ;
#3355=ORIENTED_EDGE('',*,*,#3317,.T.) ;
#3356=ORIENTED_EDGE('',*,*,#3341,.T.) ;
#3357=ORIENTED_EDGE('',*,*,#3348,.F.) ;
#3358=ORIENTED_EDGE('',*,*,#3353,.F.) ;
#3377=ORIENTED_EDGE('',*,*,#3348,.T.) ;
#3378=ORIENTED_EDGE('',*,*,#3370,.T.) ;
#3379=ORIENTED_EDGE('',*,*,#2676,.F.) ;
#3380=ORIENTED_EDGE('',*,*,#3375,.F.) ;
#3518=ORIENTED_EDGE('',*,*,#3476,.T.) ;
#3519=ORIENTED_EDGE('',*,*,#3492,.T.) ;
#3520=ORIENTED_EDGE('',*,*,#3502,.F.) ;
#3521=ORIENTED_EDGE('',*,*,#3516,.F.) ;
#3549=ORIENTED_EDGE('',*,*,#3502,.T.) ;
#3550=ORIENTED_EDGE('',*,*,#3535,.T.) ;
#3551=ORIENTED_EDGE('',*,*,#3542,.F.) ;
#3552=ORIENTED_EDGE('',*,*,#3547,.F.) ;
#3580=ORIENTED_EDGE('',*,*,#3542,.T.) ;
#3581=ORIENTED_EDGE('',*,*,#3566,.T.) ;
#3582=ORIENTED_EDGE('',*,*,#3573,.F.) ;
#3583=ORIENTED_EDGE('',*,*,#3578,.F.) ;
#3709=ORIENTED_EDGE('',*,*,#3573,.T.) ;
#3710=ORIENTED_EDGE('',*,*,#3683,.T.) ;
#3711=ORIENTED_EDGE('',*,*,#3693,.F.) ;
#3712=ORIENTED_EDGE('',*,*,#3707,.F.) ;
#3838=ORIENTED_EDGE('',*,*,#3693,.T.) ;
#3839=ORIENTED_EDGE('',*,*,#3812,.T.) ;
#3840=ORIENTED_EDGE('',*,*,#3822,.F.) ;
#3841=ORIENTED_EDGE('',*,*,#3836,.F.) ;
#3869=ORIENTED_EDGE('',*,*,#3822,.T.) ;
#3870=ORIENTED_EDGE('',*,*,#3855,.T.) ;
#3871=ORIENTED_EDGE('',*,*,#3862,.F.) ;
#3872=ORIENTED_EDGE('',*,*,#3867,.F.) ;
#3900=ORIENTED_EDGE('',*,*,#3862,.T.) ;
#3901=ORIENTED_EDGE('',*,*,#3886,.T.) ;
#3902=ORIENTED_EDGE('',*,*,#3893,.F.) ;
#3903=ORIENTED_EDGE('',*,*,#3898,.F.) ;
#4017=ORIENTED_EDGE('',*,*,#3893,.T.) ;
#4018=ORIENTED_EDGE('',*,*,#4001,.T.) ;
#4019=ORIENTED_EDGE('',*,*,#3476,.F.) ;
#4020=ORIENTED_EDGE('',*,*,#4015,.F.) ;
#4055=ORIENTED_EDGE('',*,*,#4034,.F.) ;
#4056=ORIENTED_EDGE('',*,*,#3578,.T.) ;
#4057=ORIENTED_EDGE('',*,*,#4041,.T.) ;
#4058=ORIENTED_EDGE('',*,*,#4048,.F.) ;
#4059=ORIENTED_EDGE('',*,*,#4053,.F.) ;
#4082=ORIENTED_EDGE('',*,*,#4068,.F.) ;
#4083=ORIENTED_EDGE('',*,*,#3547,.T.) ;
#4084=ORIENTED_EDGE('',*,*,#4034,.T.) ;
#4085=ORIENTED_EDGE('',*,*,#4075,.F.) ;
#4086=ORIENTED_EDGE('',*,*,#4080,.F.) ;
#4123=ORIENTED_EDGE('',*,*,#4102,.T.) ;
#4124=ORIENTED_EDGE('',*,*,#4109,.T.) ;
#4125=ORIENTED_EDGE('',*,*,#4116,.F.) ;
#4126=ORIENTED_EDGE('',*,*,#4121,.F.) ;
#4154=ORIENTED_EDGE('',*,*,#4116,.T.) ;
#4155=ORIENTED_EDGE('',*,*,#4140,.T.) ;
#4156=ORIENTED_EDGE('',*,*,#4147,.F.) ;
#4157=ORIENTED_EDGE('',*,*,#4152,.F.) ;
#4185=ORIENTED_EDGE('',*,*,#4147,.T.) ;
#4186=ORIENTED_EDGE('',*,*,#4171,.T.) ;
#4187=ORIENTED_EDGE('',*,*,#4178,.F.) ;
#4188=ORIENTED_EDGE('',*,*,#4183,.F.) ;
#4216=ORIENTED_EDGE('',*,*,#4178,.T.) ;
#4217=ORIENTED_EDGE('',*,*,#4202,.T.) ;
#4218=ORIENTED_EDGE('',*,*,#4209,.F.) ;
#4219=ORIENTED_EDGE('',*,*,#4214,.F.) ;
#4421=ORIENTED_EDGE('',*,*,#4209,.T.) ;
#4422=ORIENTED_EDGE('',*,*,#4383,.T.) ;
#4423=ORIENTED_EDGE('',*,*,#4393,.F.) ;
#4424=ORIENTED_EDGE('',*,*,#4419,.F.) ;
#4445=ORIENTED_EDGE('',*,*,#4393,.T.) ;
#4446=ORIENTED_EDGE('',*,*,#4080,.T.) ;
#4447=ORIENTED_EDGE('',*,*,#4438,.F.) ;
#4448=ORIENTED_EDGE('',*,*,#4443,.F.) ;
#4469=ORIENTED_EDGE('',*,*,#4438,.T.) ;
#4470=ORIENTED_EDGE('',*,*,#4075,.T.) ;
#4471=ORIENTED_EDGE('',*,*,#4462,.F.) ;
#4472=ORIENTED_EDGE('',*,*,#4467,.F.) ;
#4493=ORIENTED_EDGE('',*,*,#4462,.T.) ;
#4494=ORIENTED_EDGE('',*,*,#4053,.T.) ;
#4495=ORIENTED_EDGE('',*,*,#4486,.F.) ;
#4496=ORIENTED_EDGE('',*,*,#4491,.F.) ;
#4517=ORIENTED_EDGE('',*,*,#4486,.T.) ;
#4518=ORIENTED_EDGE('',*,*,#4048,.T.) ;
#4519=ORIENTED_EDGE('',*,*,#4510,.F.) ;
#4520=ORIENTED_EDGE('',*,*,#4515,.F.) ;
#4712=ORIENTED_EDGE('',*,*,#4510,.T.) ;
#4713=ORIENTED_EDGE('',*,*,#4684,.T.) ;
#4714=ORIENTED_EDGE('',*,*,#4102,.F.) ;
#4715=ORIENTED_EDGE('',*,*,#4710,.F.) ;
#4746=ORIENTED_EDGE('',*,*,#4729,.F.) ;
#4747=ORIENTED_EDGE('',*,*,#931,.T.) ;
#4748=ORIENTED_EDGE('',*,*,#4736,.T.) ;
#4749=ORIENTED_EDGE('',*,*,#4744,.T.) ;
#4772=ORIENTED_EDGE('',*,*,#4758,.T.) ;
#4773=ORIENTED_EDGE('',*,*,#987,.F.) ;
#4774=ORIENTED_EDGE('',*,*,#4765,.F.) ;
#4775=ORIENTED_EDGE('',*,*,#4770,.T.) ;
#4809=ORIENTED_EDGE('',*,*,#4797,.T.) ;
#4810=ORIENTED_EDGE('',*,*,#4802,.F.) ;
#4811=ORIENTED_EDGE('',*,*,#855,.F.) ;
#4812=ORIENTED_EDGE('',*,*,#4807,.T.) ;
#4835=ORIENTED_EDGE('',*,*,#4823,.T.) ;
#4836=ORIENTED_EDGE('',*,*,#4828,.T.) ;
#4837=ORIENTED_EDGE('',*,*,#799,.T.) ;
#4838=ORIENTED_EDGE('',*,*,#4833,.F.) ;
#4892=ORIENTED_EDGE('',*,*,#4854,.T.) ;
#4893=ORIENTED_EDGE('',*,*,#4861,.T.) ;
#4894=ORIENTED_EDGE('',*,*,#4866,.T.) ;
#4895=ORIENTED_EDGE('',*,*,#1994,.F.) ;
#4896=ORIENTED_EDGE('',*,*,#1963,.F.) ;
#4897=ORIENTED_EDGE('',*,*,#2650,.F.) ;
#4898=ORIENTED_EDGE('',*,*,#2621,.F.) ;
#4899=ORIENTED_EDGE('',*,*,#4871,.T.) ;
#4900=ORIENTED_EDGE('',*,*,#1320,.T.) ;
#4901=ORIENTED_EDGE('',*,*,#1290,.F.) ;
#4902=ORIENTED_EDGE('',*,*,#1185,.F.) ;
#4903=ORIENTED_EDGE('',*,*,#4878,.T.) ;
#4904=ORIENTED_EDGE('',*,*,#4885,.T.) ;
#4905=ORIENTED_EDGE('',*,*,#4890,.T.) ;
#4929=ORIENTED_EDGE('',*,*,#4920,.T.) ;
#4930=ORIENTED_EDGE('',*,*,#4878,.F.) ;
#4931=ORIENTED_EDGE('',*,*,#1178,.F.) ;
#4932=ORIENTED_EDGE('',*,*,#150,.T.) ;
#4933=ORIENTED_EDGE('',*,*,#1328,.T.) ;
#4934=ORIENTED_EDGE('',*,*,#4871,.F.) ;
#4935=ORIENTED_EDGE('',*,*,#2581,.F.) ;
#4936=ORIENTED_EDGE('',*,*,#2461,.F.) ;
#4937=ORIENTED_EDGE('',*,*,#2381,.F.) ;
#4938=ORIENTED_EDGE('',*,*,#2288,.F.) ;
#4939=ORIENTED_EDGE('',*,*,#2237,.F.) ;
#4940=ORIENTED_EDGE('',*,*,#2078,.F.) ;
#4941=ORIENTED_EDGE('',*,*,#4866,.F.) ;
#4942=ORIENTED_EDGE('',*,*,#4927,.T.) ;
#4943=ORIENTED_EDGE('',*,*,#4833,.T.) ;
#4944=ORIENTED_EDGE('',*,*,#780,.F.) ;
#4945=ORIENTED_EDGE('',*,*,#863,.T.) ;
#4946=ORIENTED_EDGE('',*,*,#4802,.T.) ;
#4995=ORIENTED_EDGE('',*,*,#4957,.T.) ;
#4996=ORIENTED_EDGE('',*,*,#4964,.T.) ;
#4997=ORIENTED_EDGE('',*,*,#4969,.F.) ;
#4998=ORIENTED_EDGE('',*,*,#1681,.T.) ;
#4999=ORIENTED_EDGE('',*,*,#1848,.F.) ;
#5000=ORIENTED_EDGE('',*,*,#1644,.F.) ;
#5001=ORIENTED_EDGE('',*,*,#4974,.F.) ;
#5002=ORIENTED_EDGE('',*,*,#2683,.F.) ;
#5003=ORIENTED_EDGE('',*,*,#3370,.F.) ;
#5004=ORIENTED_EDGE('',*,*,#3341,.F.) ;
#5005=ORIENTED_EDGE('',*,*,#3310,.F.) ;
#5006=ORIENTED_EDGE('',*,*,#4981,.F.) ;
#5007=ORIENTED_EDGE('',*,*,#4988,.T.) ;
#5008=ORIENTED_EDGE('',*,*,#4993,.T.) ;
#5032=ORIENTED_EDGE('',*,*,#5022,.T.) ;
#5033=ORIENTED_EDGE('',*,*,#4981,.T.) ;
#5034=ORIENTED_EDGE('',*,*,#3273,.F.) ;
#5035=ORIENTED_EDGE('',*,*,#3171,.F.) ;
#5036=ORIENTED_EDGE('',*,*,#3021,.F.) ;
#5037=ORIENTED_EDGE('',*,*,#2979,.F.) ;
#5038=ORIENTED_EDGE('',*,*,#2881,.F.) ;
#5039=ORIENTED_EDGE('',*,*,#2800,.F.) ;
#5040=ORIENTED_EDGE('',*,*,#4974,.T.) ;
#5041=ORIENTED_EDGE('',*,*,#1637,.F.) ;
#5042=ORIENTED_EDGE('',*,*,#84,.F.) ;
#5043=ORIENTED_EDGE('',*,*,#1689,.T.) ;
#5044=ORIENTED_EDGE('',*,*,#4969,.T.) ;
#5045=ORIENTED_EDGE('',*,*,#5030,.T.) ;
#5046=ORIENTED_EDGE('',*,*,#4736,.F.) ;
#5047=ORIENTED_EDGE('',*,*,#912,.F.) ;
#5048=ORIENTED_EDGE('',*,*,#995,.T.) ;
#5049=ORIENTED_EDGE('',*,*,#4758,.F.) ;
#5079=ORIENTED_EDGE('',*,*,#5058,.T.) ;
#5080=ORIENTED_EDGE('',*,*,#3867,.T.) ;
#5081=ORIENTED_EDGE('',*,*,#5065,.F.) ;
#5082=ORIENTED_EDGE('',*,*,#5072,.T.) ;
#5083=ORIENTED_EDGE('',*,*,#5077,.T.) ;
#5106=ORIENTED_EDGE('',*,*,#5065,.T.) ;
#5107=ORIENTED_EDGE('',*,*,#3898,.T.) ;
#5108=ORIENTED_EDGE('',*,*,#5092,.F.) ;
#5109=ORIENTED_EDGE('',*,*,#5099,.T.) ;
#5110=ORIENTED_EDGE('',*,*,#5104,.T.) ;
#5133=ORIENTED_EDGE('',*,*,#5119,.F.) ;
#5134=ORIENTED_EDGE('',*,*,#4202,.F.) ;
#5135=ORIENTED_EDGE('',*,*,#4171,.F.) ;
#5136=ORIENTED_EDGE('',*,*,#5126,.T.) ;
#5137=ORIENTED_EDGE('',*,*,#5131,.T.) ;
#5153=ORIENTED_EDGE('',*,*,#5126,.F.) ;
#5154=ORIENTED_EDGE('',*,*,#4140,.F.) ;
#5155=ORIENTED_EDGE('',*,*,#4109,.F.) ;
#5156=ORIENTED_EDGE('',*,*,#5146,.T.) ;
#5157=ORIENTED_EDGE('',*,*,#5151,.T.) ;
#5180=ORIENTED_EDGE('',*,*,#4807,.F.) ;
#5181=ORIENTED_EDGE('',*,*,#836,.F.) ;
#5182=ORIENTED_EDGE('',*,*,#808,.T.) ;
#5183=ORIENTED_EDGE('',*,*,#4828,.F.) ;
#5184=ORIENTED_EDGE('',*,*,#5171,.T.) ;
#5185=ORIENTED_EDGE('',*,*,#5092,.T.) ;
#5186=ORIENTED_EDGE('',*,*,#4015,.T.) ;
#5187=ORIENTED_EDGE('',*,*,#3516,.T.) ;
#5188=ORIENTED_EDGE('',*,*,#4068,.T.) ;
#5189=ORIENTED_EDGE('',*,*,#4383,.F.) ;
#5190=ORIENTED_EDGE('',*,*,#5119,.T.) ;
#5191=ORIENTED_EDGE('',*,*,#5178,.T.) ;
#5214=ORIENTED_EDGE('',*,*,#4765,.T.) ;
#5215=ORIENTED_EDGE('',*,*,#968,.F.) ;
#5216=ORIENTED_EDGE('',*,*,#940,.T.) ;
#5217=ORIENTED_EDGE('',*,*,#4729,.T.) ;
#5218=ORIENTED_EDGE('',*,*,#5205,.T.) ;
#5219=ORIENTED_EDGE('',*,*,#5146,.F.) ;
#5220=ORIENTED_EDGE('',*,*,#4684,.F.) ;
#5221=ORIENTED_EDGE('',*,*,#4041,.F.) ;
#5222=ORIENTED_EDGE('',*,*,#3707,.T.) ;
#5223=ORIENTED_EDGE('',*,*,#3836,.T.) ;
#5224=ORIENTED_EDGE('',*,*,#5058,.F.) ;
#5225=ORIENTED_EDGE('',*,*,#5212,.T.) ;
#5253=ORIENTED_EDGE('',*,*,#5239,.T.) ;
#5254=ORIENTED_EDGE('',*,*,#5246,.T.) ;
#5255=ORIENTED_EDGE('',*,*,#5251,.F.) ;
#5256=ORIENTED_EDGE('',*,*,#4957,.F.) ;
#5257=ORIENTED_EDGE('',*,*,#4993,.F.) ;
#5278=ORIENTED_EDGE('',*,*,#5251,.T.) ;
#5279=ORIENTED_EDGE('',*,*,#5271,.T.) ;
#5280=ORIENTED_EDGE('',*,*,#5276,.F.) ;
#5281=ORIENTED_EDGE('',*,*,#4964,.F.) ;
#5361=ORIENTED_EDGE('',*,*,#5276,.T.) ;
#5362=ORIENTED_EDGE('',*,*,#5351,.T.) ;
#5363=ORIENTED_EDGE('',*,*,#5359,.F.) ;
#5364=ORIENTED_EDGE('',*,*,#5030,.F.) ;
#5441=ORIENTED_EDGE('',*,*,#5359,.T.) ;
#5442=ORIENTED_EDGE('',*,*,#5431,.T.) ;
#5443=ORIENTED_EDGE('',*,*,#5439,.F.) ;
#5444=ORIENTED_EDGE('',*,*,#4744,.F.) ;
#5524=ORIENTED_EDGE('',*,*,#5439,.T.) ;
#5525=ORIENTED_EDGE('',*,*,#5514,.T.) ;
#5526=ORIENTED_EDGE('',*,*,#5522,.F.) ;
#5527=ORIENTED_EDGE('',*,*,#5205,.F.) ;
#5617=ORIENTED_EDGE('',*,*,#5594,.T.) ;
#5618=ORIENTED_EDGE('',*,*,#5607,.T.) ;
#5619=ORIENTED_EDGE('',*,*,#5615,.F.) ;
#5620=ORIENTED_EDGE('',*,*,#5178,.F.) ;
#5700=ORIENTED_EDGE('',*,*,#5615,.T.) ;
#5701=ORIENTED_EDGE('',*,*,#5690,.T.) ;
#5702=ORIENTED_EDGE('',*,*,#5698,.F.) ;
#5703=ORIENTED_EDGE('',*,*,#4797,.F.) ;
#5786=ORIENTED_EDGE('',*,*,#5698,.T.) ;
#5787=ORIENTED_EDGE('',*,*,#5776,.T.) ;
#5788=ORIENTED_EDGE('',*,*,#5784,.F.) ;
#5789=ORIENTED_EDGE('',*,*,#4920,.F.) ;
#5810=ORIENTED_EDGE('',*,*,#5784,.T.) ;
#5811=ORIENTED_EDGE('',*,*,#5803,.T.) ;
#5812=ORIENTED_EDGE('',*,*,#5808,.F.) ;
#5813=ORIENTED_EDGE('',*,*,#4885,.F.) ;
#5834=ORIENTED_EDGE('',*,*,#5808,.T.) ;
#5835=ORIENTED_EDGE('',*,*,#5827,.T.) ;
#5836=ORIENTED_EDGE('',*,*,#5832,.F.) ;
#5837=ORIENTED_EDGE('',*,*,#4854,.F.) ;
#5838=ORIENTED_EDGE('',*,*,#4890,.F.) ;
#5859=ORIENTED_EDGE('',*,*,#5832,.T.) ;
#5860=ORIENTED_EDGE('',*,*,#5852,.T.) ;
#5861=ORIENTED_EDGE('',*,*,#5857,.F.) ;
#5862=ORIENTED_EDGE('',*,*,#4861,.F.) ;
#5941=ORIENTED_EDGE('',*,*,#5857,.T.) ;
#5942=ORIENTED_EDGE('',*,*,#5932,.T.) ;
#5943=ORIENTED_EDGE('',*,*,#5939,.F.) ;
#5944=ORIENTED_EDGE('',*,*,#4927,.F.) ;
#5965=ORIENTED_EDGE('',*,*,#5939,.T.) ;
#5966=ORIENTED_EDGE('',*,*,#5958,.T.) ;
#5967=ORIENTED_EDGE('',*,*,#5963,.F.) ;
#5968=ORIENTED_EDGE('',*,*,#4823,.F.) ;
#6048=ORIENTED_EDGE('',*,*,#5963,.T.) ;
#6049=ORIENTED_EDGE('',*,*,#6038,.T.) ;
#6050=ORIENTED_EDGE('',*,*,#6046,.F.) ;
#6051=ORIENTED_EDGE('',*,*,#5171,.F.) ;
#6072=ORIENTED_EDGE('',*,*,#6046,.T.) ;
#6073=ORIENTED_EDGE('',*,*,#6065,.T.) ;
#6074=ORIENTED_EDGE('',*,*,#6070,.F.) ;
#6075=ORIENTED_EDGE('',*,*,#5099,.F.) ;
#6103=ORIENTED_EDGE('',*,*,#6089,.T.) ;
#6104=ORIENTED_EDGE('',*,*,#6096,.T.) ;
#6105=ORIENTED_EDGE('',*,*,#6101,.F.) ;
#6106=ORIENTED_EDGE('',*,*,#5077,.F.) ;
#6185=ORIENTED_EDGE('',*,*,#6101,.T.) ;
#6186=ORIENTED_EDGE('',*,*,#6176,.T.) ;
#6187=ORIENTED_EDGE('',*,*,#6183,.F.) ;
#6188=ORIENTED_EDGE('',*,*,#5212,.F.) ;
#6209=ORIENTED_EDGE('',*,*,#6183,.T.) ;
#6210=ORIENTED_EDGE('',*,*,#6202,.T.) ;
#6211=ORIENTED_EDGE('',*,*,#6207,.F.) ;
#6212=ORIENTED_EDGE('',*,*,#4770,.F.) ;
#6292=ORIENTED_EDGE('',*,*,#6207,.T.) ;
#6293=ORIENTED_EDGE('',*,*,#6282,.T.) ;
#6294=ORIENTED_EDGE('',*,*,#6290,.F.) ;
#6295=ORIENTED_EDGE('',*,*,#5022,.F.) ;
#6309=ORIENTED_EDGE('',*,*,#6290,.T.) ;
#6310=ORIENTED_EDGE('',*,*,#6307,.T.) ;
#6311=ORIENTED_EDGE('',*,*,#5239,.F.) ;
#6312=ORIENTED_EDGE('',*,*,#4988,.F.) ;
#6333=ORIENTED_EDGE('',*,*,#6070,.T.) ;
#6334=ORIENTED_EDGE('',*,*,#6326,.T.) ;
#6335=ORIENTED_EDGE('',*,*,#6331,.T.) ;
#6336=ORIENTED_EDGE('',*,*,#6089,.F.) ;
#6337=ORIENTED_EDGE('',*,*,#5072,.F.) ;
#6338=ORIENTED_EDGE('',*,*,#5104,.F.) ;
#6359=ORIENTED_EDGE('',*,*,#5522,.T.) ;
#6360=ORIENTED_EDGE('',*,*,#6352,.T.) ;
#6361=ORIENTED_EDGE('',*,*,#6357,.T.) ;
#6362=ORIENTED_EDGE('',*,*,#5594,.F.) ;
#6363=ORIENTED_EDGE('',*,*,#5131,.F.) ;
#6364=ORIENTED_EDGE('',*,*,#5151,.F.) ;
#6401=ORIENTED_EDGE('',*,*,#6378,.T.) ;
#6402=ORIENTED_EDGE('',*,*,#6331,.F.) ;
#6403=ORIENTED_EDGE('',*,*,#6385,.F.) ;
#6404=ORIENTED_EDGE('',*,*,#6392,.F.) ;
#6405=ORIENTED_EDGE('',*,*,#6399,.F.) ;
#6466=ORIENTED_EDGE('',*,*,#6421,.F.) ;
#6467=ORIENTED_EDGE('',*,*,#6430,.F.) ;
#6468=ORIENTED_EDGE('',*,*,#6438,.F.) ;
#6469=ORIENTED_EDGE('',*,*,#6447,.F.) ;
#6470=ORIENTED_EDGE('',*,*,#6454,.F.) ;
#6471=ORIENTED_EDGE('',*,*,#6459,.T.) ;
#6472=ORIENTED_EDGE('',*,*,#6352,.F.) ;
#6473=ORIENTED_EDGE('',*,*,#5514,.F.) ;
#6474=ORIENTED_EDGE('',*,*,#5431,.F.) ;
#6475=ORIENTED_EDGE('',*,*,#5351,.F.) ;
#6476=ORIENTED_EDGE('',*,*,#5271,.F.) ;
#6477=ORIENTED_EDGE('',*,*,#6464,.F.) ;
#6502=ORIENTED_EDGE('',*,*,#6385,.T.) ;
#6503=ORIENTED_EDGE('',*,*,#6326,.F.) ;
#6504=ORIENTED_EDGE('',*,*,#6486,.F.) ;
#6505=ORIENTED_EDGE('',*,*,#6495,.F.) ;
#6506=ORIENTED_EDGE('',*,*,#6500,.F.) ;
#6555=ORIENTED_EDGE('',*,*,#6515,.F.) ;
#6556=ORIENTED_EDGE('',*,*,#6524,.F.) ;
#6557=ORIENTED_EDGE('',*,*,#6532,.F.) ;
#6558=ORIENTED_EDGE('',*,*,#6541,.F.) ;
#6559=ORIENTED_EDGE('',*,*,#6548,.F.) ;
#6560=ORIENTED_EDGE('',*,*,#6553,.T.) ;
#6561=ORIENTED_EDGE('',*,*,#5803,.F.) ;
#6562=ORIENTED_EDGE('',*,*,#5776,.F.) ;
#6563=ORIENTED_EDGE('',*,*,#5690,.F.) ;
#6564=ORIENTED_EDGE('',*,*,#5607,.F.) ;
#6565=ORIENTED_EDGE('',*,*,#6357,.F.) ;
#6566=ORIENTED_EDGE('',*,*,#6459,.F.) ;
#6592=ORIENTED_EDGE('',*,*,#6580,.T.) ;
#6593=ORIENTED_EDGE('',*,*,#453,.F.) ;
#6594=ORIENTED_EDGE('',*,*,#483,.F.) ;
#6595=ORIENTED_EDGE('',*,*,#504,.T.) ;
#6596=ORIENTED_EDGE('',*,*,#6585,.T.) ;
#6597=ORIENTED_EDGE('',*,*,#5827,.F.) ;
#6598=ORIENTED_EDGE('',*,*,#6553,.F.) ;
#6599=ORIENTED_EDGE('',*,*,#6590,.F.) ;
#6625=ORIENTED_EDGE('',*,*,#6464,.T.) ;
#6626=ORIENTED_EDGE('',*,*,#5246,.F.) ;
#6627=ORIENTED_EDGE('',*,*,#6611,.F.) ;
#6628=ORIENTED_EDGE('',*,*,#362,.T.) ;
#6629=ORIENTED_EDGE('',*,*,#385,.T.) ;
#6630=ORIENTED_EDGE('',*,*,#316,.F.) ;
#6631=ORIENTED_EDGE('',*,*,#6618,.F.) ;
#6632=ORIENTED_EDGE('',*,*,#6623,.F.) ;
#6679=ORIENTED_EDGE('',*,*,#6646,.F.) ;
#6680=ORIENTED_EDGE('',*,*,#6659,.F.) ;
#6681=ORIENTED_EDGE('',*,*,#6666,.F.) ;
#6682=ORIENTED_EDGE('',*,*,#6677,.F.) ;
#6683=ORIENTED_EDGE('',*,*,#6486,.T.) ;
#6684=ORIENTED_EDGE('',*,*,#6065,.F.) ;
#6685=ORIENTED_EDGE('',*,*,#6038,.F.) ;
#6686=ORIENTED_EDGE('',*,*,#5958,.F.) ;
#6687=ORIENTED_EDGE('',*,*,#5932,.F.) ;
#6688=ORIENTED_EDGE('',*,*,#5852,.F.) ;
#6689=ORIENTED_EDGE('',*,*,#6585,.F.) ;
#6690=ORIENTED_EDGE('',*,*,#499,.T.) ;
#6691=ORIENTED_EDGE('',*,*,#522,.F.) ;
#6692=ORIENTED_EDGE('',*,*,#458,.F.) ;
#6693=ORIENTED_EDGE('',*,*,#6580,.F.) ;
#6696=ORIENTED_EDGE('',*,*,#1049,.F.) ;
#6697=ORIENTED_EDGE('',*,*,#1025,.F.) ;
#6744=ORIENTED_EDGE('',*,*,#6618,.T.) ;
#6745=ORIENTED_EDGE('',*,*,#311,.T.) ;
#6746=ORIENTED_EDGE('',*,*,#336,.T.) ;
#6747=ORIENTED_EDGE('',*,*,#367,.F.) ;
#6748=ORIENTED_EDGE('',*,*,#6611,.T.) ;
#6749=ORIENTED_EDGE('',*,*,#6307,.F.) ;
#6750=ORIENTED_EDGE('',*,*,#6282,.F.) ;
#6751=ORIENTED_EDGE('',*,*,#6202,.F.) ;
#6752=ORIENTED_EDGE('',*,*,#6176,.F.) ;
#6753=ORIENTED_EDGE('',*,*,#6096,.F.) ;
#6754=ORIENTED_EDGE('',*,*,#6378,.F.) ;
#6755=ORIENTED_EDGE('',*,*,#6717,.F.) ;
#6756=ORIENTED_EDGE('',*,*,#6724,.F.) ;
#6757=ORIENTED_EDGE('',*,*,#6737,.F.) ;
#6758=ORIENTED_EDGE('',*,*,#6742,.F.) ;
#6761=ORIENTED_EDGE('',*,*,#1501,.T.) ;
#6762=ORIENTED_EDGE('',*,*,#1523,.T.) ;
#6797=ORIENTED_EDGE('',*,*,#6776,.T.) ;
#6798=ORIENTED_EDGE('',*,*,#6590,.T.) ;
#6799=ORIENTED_EDGE('',*,*,#6783,.F.) ;
#6800=ORIENTED_EDGE('',*,*,#6790,.F.) ;
#6801=ORIENTED_EDGE('',*,*,#6795,.F.) ;
#6822=ORIENTED_EDGE('',*,*,#6783,.T.) ;
#6823=ORIENTED_EDGE('',*,*,#6548,.T.) ;
#6824=ORIENTED_EDGE('',*,*,#6815,.F.) ;
#6825=ORIENTED_EDGE('',*,*,#6820,.F.) ;
#6904=ORIENTED_EDGE('',*,*,#6815,.T.) ;
#6905=ORIENTED_EDGE('',*,*,#6541,.T.) ;
#6906=ORIENTED_EDGE('',*,*,#6891,.F.) ;
#6907=ORIENTED_EDGE('',*,*,#6902,.F.) ;
#6966=ORIENTED_EDGE('',*,*,#6891,.T.) ;
#6967=ORIENTED_EDGE('',*,*,#6532,.T.) ;
#6968=ORIENTED_EDGE('',*,*,#6956,.F.) ;
#6969=ORIENTED_EDGE('',*,*,#6964,.F.) ;
#7049=ORIENTED_EDGE('',*,*,#6956,.T.) ;
#7050=ORIENTED_EDGE('',*,*,#6524,.T.) ;
#7051=ORIENTED_EDGE('',*,*,#7036,.F.) ;
#7052=ORIENTED_EDGE('',*,*,#7047,.F.) ;
#7142=ORIENTED_EDGE('',*,*,#7119,.T.) ;
#7143=ORIENTED_EDGE('',*,*,#6447,.T.) ;
#7144=ORIENTED_EDGE('',*,*,#7129,.F.) ;
#7145=ORIENTED_EDGE('',*,*,#7140,.F.) ;
#7206=ORIENTED_EDGE('',*,*,#7129,.T.) ;
#7207=ORIENTED_EDGE('',*,*,#6438,.T.) ;
#7208=ORIENTED_EDGE('',*,*,#7193,.F.) ;
#7209=ORIENTED_EDGE('',*,*,#7204,.F.) ;
#7289=ORIENTED_EDGE('',*,*,#7193,.T.) ;
#7290=ORIENTED_EDGE('',*,*,#6430,.T.) ;
#7291=ORIENTED_EDGE('',*,*,#7276,.F.) ;
#7292=ORIENTED_EDGE('',*,*,#7287,.F.) ;
#7313=ORIENTED_EDGE('',*,*,#7276,.T.) ;
#7314=ORIENTED_EDGE('',*,*,#6421,.T.) ;
#7315=ORIENTED_EDGE('',*,*,#7306,.F.) ;
#7316=ORIENTED_EDGE('',*,*,#7311,.F.) ;
#7344=ORIENTED_EDGE('',*,*,#7306,.T.) ;
#7345=ORIENTED_EDGE('',*,*,#6623,.T.) ;
#7346=ORIENTED_EDGE('',*,*,#7330,.F.) ;
#7347=ORIENTED_EDGE('',*,*,#7337,.F.) ;
#7348=ORIENTED_EDGE('',*,*,#7342,.F.) ;
#7369=ORIENTED_EDGE('',*,*,#7330,.T.) ;
#7370=ORIENTED_EDGE('',*,*,#6742,.T.) ;
#7371=ORIENTED_EDGE('',*,*,#7362,.F.) ;
#7372=ORIENTED_EDGE('',*,*,#7367,.F.) ;
#7452=ORIENTED_EDGE('',*,*,#7362,.T.) ;
#7453=ORIENTED_EDGE('',*,*,#6737,.T.) ;
#7454=ORIENTED_EDGE('',*,*,#7439,.F.) ;
#7455=ORIENTED_EDGE('',*,*,#7450,.F.) ;
#7476=ORIENTED_EDGE('',*,*,#7439,.T.) ;
#7477=ORIENTED_EDGE('',*,*,#6724,.T.) ;
#7478=ORIENTED_EDGE('',*,*,#7469,.F.) ;
#7479=ORIENTED_EDGE('',*,*,#7474,.F.) ;
#7559=ORIENTED_EDGE('',*,*,#7469,.T.) ;
#7560=ORIENTED_EDGE('',*,*,#6717,.T.) ;
#7561=ORIENTED_EDGE('',*,*,#7546,.F.) ;
#7562=ORIENTED_EDGE('',*,*,#7557,.F.) ;
#7642=ORIENTED_EDGE('',*,*,#7546,.T.) ;
#7643=ORIENTED_EDGE('',*,*,#6399,.T.) ;
#7644=ORIENTED_EDGE('',*,*,#7629,.F.) ;
#7645=ORIENTED_EDGE('',*,*,#7640,.F.) ;
#7732=ORIENTED_EDGE('',*,*,#7712,.T.) ;
#7733=ORIENTED_EDGE('',*,*,#6495,.T.) ;
#7734=ORIENTED_EDGE('',*,*,#7722,.F.) ;
#7735=ORIENTED_EDGE('',*,*,#7730,.F.) ;
#7815=ORIENTED_EDGE('',*,*,#7722,.T.) ;
#7816=ORIENTED_EDGE('',*,*,#6677,.T.) ;
#7817=ORIENTED_EDGE('',*,*,#7802,.F.) ;
#7818=ORIENTED_EDGE('',*,*,#7813,.F.) ;
#7839=ORIENTED_EDGE('',*,*,#7802,.T.) ;
#7840=ORIENTED_EDGE('',*,*,#6666,.T.) ;
#7841=ORIENTED_EDGE('',*,*,#7832,.F.) ;
#7842=ORIENTED_EDGE('',*,*,#7837,.F.) ;
#7922=ORIENTED_EDGE('',*,*,#7832,.T.) ;
#7923=ORIENTED_EDGE('',*,*,#6659,.T.) ;
#7924=ORIENTED_EDGE('',*,*,#7909,.F.) ;
#7925=ORIENTED_EDGE('',*,*,#7920,.F.) ;
#7939=ORIENTED_EDGE('',*,*,#7909,.T.) ;
#7940=ORIENTED_EDGE('',*,*,#6646,.T.) ;
#7941=ORIENTED_EDGE('',*,*,#6776,.F.) ;
#7942=ORIENTED_EDGE('',*,*,#7937,.F.) ;
#7963=ORIENTED_EDGE('',*,*,#7629,.T.) ;
#7964=ORIENTED_EDGE('',*,*,#6392,.T.) ;
#7965=ORIENTED_EDGE('',*,*,#6500,.T.) ;
#7966=ORIENTED_EDGE('',*,*,#7712,.F.) ;
#7967=ORIENTED_EDGE('',*,*,#7956,.F.) ;
#7968=ORIENTED_EDGE('',*,*,#7961,.F.) ;
#7989=ORIENTED_EDGE('',*,*,#7036,.T.) ;
#7990=ORIENTED_EDGE('',*,*,#6515,.T.) ;
#7991=ORIENTED_EDGE('',*,*,#6454,.T.) ;
#7992=ORIENTED_EDGE('',*,*,#7119,.F.) ;
#7993=ORIENTED_EDGE('',*,*,#7982,.F.) ;
#7994=ORIENTED_EDGE('',*,*,#7987,.F.) ;
#8022=ORIENTED_EDGE('',*,*,#8010,.T.) ;
#8023=ORIENTED_EDGE('',*,*,#8015,.T.) ;
#8024=ORIENTED_EDGE('',*,*,#2300,.T.) ;
#8025=ORIENTED_EDGE('',*,*,#8020,.F.) ;
#8049=ORIENTED_EDGE('',*,*,#8042,.T.) ;
#8050=ORIENTED_EDGE('',*,*,#8020,.T.) ;
#8051=ORIENTED_EDGE('',*,*,#2407,.T.) ;
#8052=ORIENTED_EDGE('',*,*,#8047,.F.) ;
#8083=ORIENTED_EDGE('',*,*,#8069,.T.) ;
#8084=ORIENTED_EDGE('',*,*,#8076,.T.) ;
#8085=ORIENTED_EDGE('',*,*,#8081,.T.) ;
#8086=ORIENTED_EDGE('',*,*,#2269,.T.) ;
#8087=ORIENTED_EDGE('',*,*,#8015,.F.) ;
#8118=ORIENTED_EDGE('',*,*,#8103,.T.) ;
#8119=ORIENTED_EDGE('',*,*,#8111,.T.) ;
#8120=ORIENTED_EDGE('',*,*,#8047,.T.) ;
#8121=ORIENTED_EDGE('',*,*,#2479,.T.) ;
#8122=ORIENTED_EDGE('',*,*,#8116,.F.) ;
#8143=ORIENTED_EDGE('',*,*,#8136,.T.) ;
#8144=ORIENTED_EDGE('',*,*,#8141,.T.) ;
#8145=ORIENTED_EDGE('',*,*,#2006,.T.) ;
#8146=ORIENTED_EDGE('',*,*,#2096,.T.) ;
#8147=ORIENTED_EDGE('',*,*,#8081,.F.) ;
#8168=ORIENTED_EDGE('',*,*,#8161,.T.) ;
#8169=ORIENTED_EDGE('',*,*,#8116,.T.) ;
#8170=ORIENTED_EDGE('',*,*,#2602,.T.) ;
#8171=ORIENTED_EDGE('',*,*,#2633,.T.) ;
#8172=ORIENTED_EDGE('',*,*,#8166,.F.) ;
#8193=ORIENTED_EDGE('',*,*,#8186,.T.) ;
#8194=ORIENTED_EDGE('',*,*,#8191,.T.) ;
#8195=ORIENTED_EDGE('',*,*,#1975,.T.) ;
#8196=ORIENTED_EDGE('',*,*,#8141,.F.) ;
#8210=ORIENTED_EDGE('',*,*,#8208,.T.) ;
#8211=ORIENTED_EDGE('',*,*,#8166,.T.) ;
#8212=ORIENTED_EDGE('',*,*,#2655,.T.) ;
#8213=ORIENTED_EDGE('',*,*,#8191,.F.) ;
#8281=ORIENTED_EDGE('',*,*,#8227,.F.) ;
#8282=ORIENTED_EDGE('',*,*,#7937,.T.) ;
#8283=ORIENTED_EDGE('',*,*,#6795,.T.) ;
#8284=ORIENTED_EDGE('',*,*,#6790,.T.) ;
#8285=ORIENTED_EDGE('',*,*,#6820,.T.) ;
#8286=ORIENTED_EDGE('',*,*,#8232,.F.) ;
#8287=ORIENTED_EDGE('',*,*,#1160,.T.) ;
#8288=ORIENTED_EDGE('',*,*,#1253,.F.) ;
#8289=ORIENTED_EDGE('',*,*,#1333,.F.) ;
#8290=ORIENTED_EDGE('',*,*,#175,.F.) ;
#8291=ORIENTED_EDGE('',*,*,#8239,.F.) ;
#8292=ORIENTED_EDGE('',*,*,#8246,.F.) ;
#8293=ORIENTED_EDGE('',*,*,#8253,.F.) ;
#8294=ORIENTED_EDGE('',*,*,#8260,.F.) ;
#8295=ORIENTED_EDGE('',*,*,#8267,.F.) ;
#8296=ORIENTED_EDGE('',*,*,#8274,.F.) ;
#8297=ORIENTED_EDGE('',*,*,#8279,.F.) ;
#8349=ORIENTED_EDGE('',*,*,#8239,.T.) ;
#8350=ORIENTED_EDGE('',*,*,#170,.F.) ;
#8351=ORIENTED_EDGE('',*,*,#1168,.T.) ;
#8352=ORIENTED_EDGE('',*,*,#8232,.T.) ;
#8353=ORIENTED_EDGE('',*,*,#6902,.T.) ;
#8354=ORIENTED_EDGE('',*,*,#8309,.F.) ;
#8355=ORIENTED_EDGE('',*,*,#569,.T.) ;
#8356=ORIENTED_EDGE('',*,*,#624,.F.) ;
#8357=ORIENTED_EDGE('',*,*,#8314,.F.) ;
#8358=ORIENTED_EDGE('',*,*,#7920,.T.) ;
#8359=ORIENTED_EDGE('',*,*,#8227,.T.) ;
#8360=ORIENTED_EDGE('',*,*,#8324,.F.) ;
#8361=ORIENTED_EDGE('',*,*,#8331,.F.) ;
#8362=ORIENTED_EDGE('',*,*,#8341,.F.) ;
#8363=ORIENTED_EDGE('',*,*,#8347,.F.) ;
#8382=ORIENTED_EDGE('',*,*,#8375,.T.) ;
#8383=ORIENTED_EDGE('',*,*,#8253,.T.) ;
#8384=ORIENTED_EDGE('',*,*,#8380,.F.) ;
#8385=ORIENTED_EDGE('',*,*,#8161,.F.) ;
#8399=ORIENTED_EDGE('',*,*,#8380,.T.) ;
#8400=ORIENTED_EDGE('',*,*,#8246,.T.) ;
#8401=ORIENTED_EDGE('',*,*,#8397,.F.) ;
#8402=ORIENTED_EDGE('',*,*,#8103,.F.) ;
#8439=ORIENTED_EDGE('',*,*,#8397,.T.) ;
#8440=ORIENTED_EDGE('',*,*,#8347,.T.) ;
#8441=ORIENTED_EDGE('',*,*,#8437,.F.) ;
#8442=ORIENTED_EDGE('',*,*,#8111,.F.) ;
#8536=ORIENTED_EDGE('',*,*,#8437,.T.) ;
#8537=ORIENTED_EDGE('',*,*,#8341,.T.) ;
#8538=ORIENTED_EDGE('',*,*,#8534,.F.) ;
#8539=ORIENTED_EDGE('',*,*,#8042,.F.) ;
#8553=ORIENTED_EDGE('',*,*,#8534,.T.) ;
#8554=ORIENTED_EDGE('',*,*,#8331,.T.) ;
#8555=ORIENTED_EDGE('',*,*,#8551,.F.) ;
#8556=ORIENTED_EDGE('',*,*,#8010,.F.) ;
#8650=ORIENTED_EDGE('',*,*,#8551,.T.) ;
#8651=ORIENTED_EDGE('',*,*,#8324,.T.) ;
#8652=ORIENTED_EDGE('',*,*,#8648,.F.) ;
#8653=ORIENTED_EDGE('',*,*,#8069,.F.) ;
#8667=ORIENTED_EDGE('',*,*,#8648,.T.) ;
#8668=ORIENTED_EDGE('',*,*,#8279,.T.) ;
#8669=ORIENTED_EDGE('',*,*,#8665,.F.) ;
#8670=ORIENTED_EDGE('',*,*,#8076,.F.) ;
#8684=ORIENTED_EDGE('',*,*,#8665,.T.) ;
#8685=ORIENTED_EDGE('',*,*,#8274,.T.) ;
#8686=ORIENTED_EDGE('',*,*,#8682,.F.) ;
#8687=ORIENTED_EDGE('',*,*,#8136,.F.) ;
#8701=ORIENTED_EDGE('',*,*,#8682,.T.) ;
#8702=ORIENTED_EDGE('',*,*,#8267,.T.) ;
#8703=ORIENTED_EDGE('',*,*,#8699,.F.) ;
#8704=ORIENTED_EDGE('',*,*,#8186,.F.) ;
#8713=ORIENTED_EDGE('',*,*,#8699,.T.) ;
#8714=ORIENTED_EDGE('',*,*,#8260,.T.) ;
#8715=ORIENTED_EDGE('',*,*,#8375,.F.) ;
#8716=ORIENTED_EDGE('',*,*,#8208,.F.) ;
#8754=ORIENTED_EDGE('',*,*,#8732,.T.) ;
#8755=ORIENTED_EDGE('',*,*,#8742,.T.) ;
#8756=ORIENTED_EDGE('',*,*,#8747,.T.) ;
#8757=ORIENTED_EDGE('',*,*,#3201,.T.) ;
#8758=ORIENTED_EDGE('',*,*,#8752,.F.) ;
#8779=ORIENTED_EDGE('',*,*,#8752,.T.) ;
#8780=ORIENTED_EDGE('',*,*,#3291,.T.) ;
#8781=ORIENTED_EDGE('',*,*,#3322,.T.) ;
#8782=ORIENTED_EDGE('',*,*,#8772,.F.) ;
#8783=ORIENTED_EDGE('',*,*,#8777,.T.) ;
#8804=ORIENTED_EDGE('',*,*,#8797,.T.) ;
#8805=ORIENTED_EDGE('',*,*,#3033,.T.) ;
#8806=ORIENTED_EDGE('',*,*,#8747,.F.) ;
#8807=ORIENTED_EDGE('',*,*,#8802,.T.) ;
#8828=ORIENTED_EDGE('',*,*,#8821,.T.) ;
#8829=ORIENTED_EDGE('',*,*,#8772,.T.) ;
#8830=ORIENTED_EDGE('',*,*,#3353,.T.) ;
#8831=ORIENTED_EDGE('',*,*,#8826,.F.) ;
#8855=ORIENTED_EDGE('',*,*,#8848,.T.) ;
#8856=ORIENTED_EDGE('',*,*,#8853,.T.) ;
#8857=ORIENTED_EDGE('',*,*,#3002,.T.) ;
#8858=ORIENTED_EDGE('',*,*,#8797,.F.) ;
#8879=ORIENTED_EDGE('',*,*,#8826,.T.) ;
#8880=ORIENTED_EDGE('',*,*,#3375,.T.) ;
#8881=ORIENTED_EDGE('',*,*,#8872,.F.) ;
#8882=ORIENTED_EDGE('',*,*,#8877,.T.) ;
#8913=ORIENTED_EDGE('',*,*,#8896,.T.) ;
#8914=ORIENTED_EDGE('',*,*,#2901,.T.) ;
#8915=ORIENTED_EDGE('',*,*,#8853,.F.) ;
#8916=ORIENTED_EDGE('',*,*,#8906,.T.) ;
#8917=ORIENTED_EDGE('',*,*,#8911,.T.) ;
#8931=ORIENTED_EDGE('',*,*,#8929,.T.) ;
#8932=ORIENTED_EDGE('',*,*,#8872,.T.) ;
#8933=ORIENTED_EDGE('',*,*,#2695,.T.) ;
#8934=ORIENTED_EDGE('',*,*,#2824,.T.) ;
#8935=ORIENTED_EDGE('',*,*,#8896,.F.) ;
#9006=ORIENTED_EDGE('',*,*,#8949,.F.) ;
#9007=ORIENTED_EDGE('',*,*,#7450,.T.) ;
#9008=ORIENTED_EDGE('',*,*,#8954,.T.) ;
#9009=ORIENTED_EDGE('',*,*,#672,.T.) ;
#9010=ORIENTED_EDGE('',*,*,#727,.F.) ;
#9011=ORIENTED_EDGE('',*,*,#8959,.T.) ;
#9012=ORIENTED_EDGE('',*,*,#7287,.T.) ;
#9013=ORIENTED_EDGE('',*,*,#8964,.F.) ;
#9014=ORIENTED_EDGE('',*,*,#1699,.F.) ;
#9015=ORIENTED_EDGE('',*,*,#109,.T.) ;
#9016=ORIENTED_EDGE('',*,*,#8971,.F.) ;
#9017=ORIENTED_EDGE('',*,*,#8979,.F.) ;
#9018=ORIENTED_EDGE('',*,*,#8989,.F.) ;
#9019=ORIENTED_EDGE('',*,*,#8996,.F.) ;
#9020=ORIENTED_EDGE('',*,*,#9004,.F.) ;
#9064=ORIENTED_EDGE('',*,*,#8971,.T.) ;
#9065=ORIENTED_EDGE('',*,*,#98,.F.) ;
#9066=ORIENTED_EDGE('',*,*,#1627,.T.) ;
#9067=ORIENTED_EDGE('',*,*,#1813,.F.) ;
#9068=ORIENTED_EDGE('',*,*,#1706,.F.) ;
#9069=ORIENTED_EDGE('',*,*,#8964,.T.) ;
#9070=ORIENTED_EDGE('',*,*,#7311,.T.) ;
#9071=ORIENTED_EDGE('',*,*,#7342,.T.) ;
#9072=ORIENTED_EDGE('',*,*,#7337,.T.) ;
#9073=ORIENTED_EDGE('',*,*,#7367,.T.) ;
#9074=ORIENTED_EDGE('',*,*,#8949,.T.) ;
#9075=ORIENTED_EDGE('',*,*,#9029,.F.) ;
#9076=ORIENTED_EDGE('',*,*,#9036,.F.) ;
#9077=ORIENTED_EDGE('',*,*,#9043,.F.) ;
#9078=ORIENTED_EDGE('',*,*,#9050,.F.) ;
#9079=ORIENTED_EDGE('',*,*,#9057,.F.) ;
#9080=ORIENTED_EDGE('',*,*,#9062,.F.) ;
#9099=ORIENTED_EDGE('',*,*,#9092,.T.) ;
#9100=ORIENTED_EDGE('',*,*,#9050,.T.) ;
#9101=ORIENTED_EDGE('',*,*,#9097,.F.) ;
#9102=ORIENTED_EDGE('',*,*,#8877,.F.) ;
#9116=ORIENTED_EDGE('',*,*,#9097,.T.) ;
#9117=ORIENTED_EDGE('',*,*,#9043,.T.) ;
#9118=ORIENTED_EDGE('',*,*,#9114,.F.) ;
#9119=ORIENTED_EDGE('',*,*,#8821,.F.) ;
#9133=ORIENTED_EDGE('',*,*,#9114,.T.) ;
#9134=ORIENTED_EDGE('',*,*,#9036,.T.) ;
#9135=ORIENTED_EDGE('',*,*,#9131,.F.) ;
#9136=ORIENTED_EDGE('',*,*,#8777,.F.) ;
#9150=ORIENTED_EDGE('',*,*,#9131,.T.) ;
#9151=ORIENTED_EDGE('',*,*,#9029,.T.) ;
#9152=ORIENTED_EDGE('',*,*,#9148,.F.) ;
#9153=ORIENTED_EDGE('',*,*,#8732,.F.) ;
#9247=ORIENTED_EDGE('',*,*,#9148,.T.) ;
#9248=ORIENTED_EDGE('',*,*,#9004,.T.) ;
#9249=ORIENTED_EDGE('',*,*,#9245,.F.) ;
#9250=ORIENTED_EDGE('',*,*,#8742,.F.) ;
#9264=ORIENTED_EDGE('',*,*,#9245,.T.) ;
#9265=ORIENTED_EDGE('',*,*,#8996,.T.) ;
#9266=ORIENTED_EDGE('',*,*,#9262,.F.) ;
#9267=ORIENTED_EDGE('',*,*,#8802,.F.) ;
#9361=ORIENTED_EDGE('',*,*,#9262,.T.) ;
#9362=ORIENTED_EDGE('',*,*,#8989,.T.) ;
#9363=ORIENTED_EDGE('',*,*,#9359,.F.) ;
#9364=ORIENTED_EDGE('',*,*,#8848,.F.) ;
#9401=ORIENTED_EDGE('',*,*,#9359,.T.) ;
#9402=ORIENTED_EDGE('',*,*,#8979,.T.) ;
#9403=ORIENTED_EDGE('',*,*,#9399,.F.) ;
#9404=ORIENTED_EDGE('',*,*,#8906,.F.) ;
#9418=ORIENTED_EDGE('',*,*,#9399,.T.) ;
#9419=ORIENTED_EDGE('',*,*,#9062,.T.) ;
#9420=ORIENTED_EDGE('',*,*,#9416,.F.) ;
#9421=ORIENTED_EDGE('',*,*,#8911,.F.) ;
#9430=ORIENTED_EDGE('',*,*,#9416,.T.) ;
#9431=ORIENTED_EDGE('',*,*,#9057,.T.) ;
#9432=ORIENTED_EDGE('',*,*,#9092,.F.) ;
#9433=ORIENTED_EDGE('',*,*,#8929,.F.) ;
#9464=ORIENTED_EDGE('',*,*,#9452,.F.) ;
#9465=ORIENTED_EDGE('',*,*,#9457,.F.) ;
#9466=ORIENTED_EDGE('',*,*,#7557,.T.) ;
#9467=ORIENTED_EDGE('',*,*,#7640,.T.) ;
#9468=ORIENTED_EDGE('',*,*,#9462,.T.) ;
#9489=ORIENTED_EDGE('',*,*,#9462,.F.) ;
#9490=ORIENTED_EDGE('',*,*,#7961,.T.) ;
#9491=ORIENTED_EDGE('',*,*,#9482,.T.) ;
#9492=ORIENTED_EDGE('',*,*,#9487,.F.) ;
#9508=ORIENTED_EDGE('',*,*,#9482,.F.) ;
#9509=ORIENTED_EDGE('',*,*,#7956,.T.) ;
#9510=ORIENTED_EDGE('',*,*,#9501,.T.) ;
#9511=ORIENTED_EDGE('',*,*,#9506,.F.) ;
#9535=ORIENTED_EDGE('',*,*,#9528,.F.) ;
#9536=ORIENTED_EDGE('',*,*,#9501,.F.) ;
#9537=ORIENTED_EDGE('',*,*,#7730,.T.) ;
#9538=ORIENTED_EDGE('',*,*,#7813,.T.) ;
#9539=ORIENTED_EDGE('',*,*,#9533,.T.) ;
#9567=ORIENTED_EDGE('',*,*,#9553,.T.) ;
#9568=ORIENTED_EDGE('',*,*,#9487,.T.) ;
#9569=ORIENTED_EDGE('',*,*,#9560,.F.) ;
#9570=ORIENTED_EDGE('',*,*,#9565,.F.) ;
#9591=ORIENTED_EDGE('',*,*,#9560,.T.) ;
#9592=ORIENTED_EDGE('',*,*,#9506,.T.) ;
#9593=ORIENTED_EDGE('',*,*,#9584,.F.) ;
#9594=ORIENTED_EDGE('',*,*,#9589,.F.) ;
#9703=ORIENTED_EDGE('',*,*,#9584,.T.) ;
#9704=ORIENTED_EDGE('',*,*,#9528,.T.) ;
#9705=ORIENTED_EDGE('',*,*,#9687,.F.) ;
#9706=ORIENTED_EDGE('',*,*,#9701,.F.) ;
#9798=ORIENTED_EDGE('',*,*,#9687,.T.) ;
#9799=ORIENTED_EDGE('',*,*,#9776,.T.) ;
#9800=ORIENTED_EDGE('',*,*,#9785,.F.) ;
#9801=ORIENTED_EDGE('',*,*,#9796,.F.) ;
#9899=ORIENTED_EDGE('',*,*,#9785,.T.) ;
#9900=ORIENTED_EDGE('',*,*,#9874,.T.) ;
#9901=ORIENTED_EDGE('',*,*,#9883,.F.) ;
#9902=ORIENTED_EDGE('',*,*,#9897,.F.) ;
#10028=ORIENTED_EDGE('',*,*,#9883,.T.) ;
#10029=ORIENTED_EDGE('',*,*,#10002,.T.) ;
#10030=ORIENTED_EDGE('',*,*,#10012,.F.) ;
#10031=ORIENTED_EDGE('',*,*,#10026,.F.) ;
#10059=ORIENTED_EDGE('',*,*,#10012,.T.) ;
#10060=ORIENTED_EDGE('',*,*,#10045,.T.) ;
#10061=ORIENTED_EDGE('',*,*,#10052,.F.) ;
#10062=ORIENTED_EDGE('',*,*,#10057,.F.) ;
#10090=ORIENTED_EDGE('',*,*,#10052,.T.) ;
#10091=ORIENTED_EDGE('',*,*,#10076,.T.) ;
#10092=ORIENTED_EDGE('',*,*,#10083,.F.) ;
#10093=ORIENTED_EDGE('',*,*,#10088,.F.) ;
#10218=ORIENTED_EDGE('',*,*,#10083,.T.) ;
#10219=ORIENTED_EDGE('',*,*,#10193,.T.) ;
#10220=ORIENTED_EDGE('',*,*,#10202,.F.) ;
#10221=ORIENTED_EDGE('',*,*,#10216,.F.) ;
#10319=ORIENTED_EDGE('',*,*,#10202,.T.) ;
#10320=ORIENTED_EDGE('',*,*,#10294,.T.) ;
#10321=ORIENTED_EDGE('',*,*,#10303,.F.) ;
#10322=ORIENTED_EDGE('',*,*,#10317,.F.) ;
#10418=ORIENTED_EDGE('',*,*,#10303,.T.) ;
#10419=ORIENTED_EDGE('',*,*,#10393,.T.) ;
#10420=ORIENTED_EDGE('',*,*,#10402,.F.) ;
#10421=ORIENTED_EDGE('',*,*,#10416,.F.) ;
#10521=ORIENTED_EDGE('',*,*,#10402,.T.) ;
#10522=ORIENTED_EDGE('',*,*,#9452,.T.) ;
#10523=ORIENTED_EDGE('',*,*,#9553,.F.) ;
#10524=ORIENTED_EDGE('',*,*,#10519,.F.) ;
#10561=ORIENTED_EDGE('',*,*,#10542,.F.) ;
#10562=ORIENTED_EDGE('',*,*,#10549,.F.) ;
#10563=ORIENTED_EDGE('',*,*,#10554,.T.) ;
#10564=ORIENTED_EDGE('',*,*,#4491,.T.) ;
#10565=ORIENTED_EDGE('',*,*,#10559,.F.) ;
#10618=ORIENTED_EDGE('',*,*,#10583,.F.) ;
#10619=ORIENTED_EDGE('',*,*,#10605,.F.) ;
#10620=ORIENTED_EDGE('',*,*,#10611,.F.) ;
#10621=ORIENTED_EDGE('',*,*,#10559,.T.) ;
#10622=ORIENTED_EDGE('',*,*,#4515,.T.) ;
#10623=ORIENTED_EDGE('',*,*,#4710,.T.) ;
#10624=ORIENTED_EDGE('',*,*,#4121,.T.) ;
#10625=ORIENTED_EDGE('',*,*,#10616,.F.) ;
#10650=ORIENTED_EDGE('',*,*,#10634,.F.) ;
#10651=ORIENTED_EDGE('',*,*,#10643,.F.) ;
#10652=ORIENTED_EDGE('',*,*,#10648,.T.) ;
#10653=ORIENTED_EDGE('',*,*,#4467,.T.) ;
#10654=ORIENTED_EDGE('',*,*,#10554,.F.) ;
#10684=ORIENTED_EDGE('',*,*,#10616,.T.) ;
#10685=ORIENTED_EDGE('',*,*,#4152,.T.) ;
#10686=ORIENTED_EDGE('',*,*,#10668,.F.) ;
#10687=ORIENTED_EDGE('',*,*,#10675,.F.) ;
#10688=ORIENTED_EDGE('',*,*,#10682,.F.) ;
#10741=ORIENTED_EDGE('',*,*,#10703,.F.) ;
#10742=ORIENTED_EDGE('',*,*,#10725,.F.) ;
#10743=ORIENTED_EDGE('',*,*,#10734,.F.) ;
#10744=ORIENTED_EDGE('',*,*,#10739,.T.) ;
#10745=ORIENTED_EDGE('',*,*,#4214,.T.) ;
#10746=ORIENTED_EDGE('',*,*,#4419,.T.) ;
#10747=ORIENTED_EDGE('',*,*,#4443,.T.) ;
#10748=ORIENTED_EDGE('',*,*,#10648,.F.) ;
#10766=ORIENTED_EDGE('',*,*,#10668,.T.) ;
#10767=ORIENTED_EDGE('',*,*,#4183,.T.) ;
#10768=ORIENTED_EDGE('',*,*,#10739,.F.) ;
#10769=ORIENTED_EDGE('',*,*,#10759,.F.) ;
#10770=ORIENTED_EDGE('',*,*,#10764,.F.) ;
#10804=ORIENTED_EDGE('',*,*,#10783,.T.) ;
#10805=ORIENTED_EDGE('',*,*,#10792,.T.) ;
#10806=ORIENTED_EDGE('',*,*,#10797,.T.) ;
#10807=ORIENTED_EDGE('',*,*,#7047,.T.) ;
#10808=ORIENTED_EDGE('',*,*,#10802,.F.) ;
#10824=ORIENTED_EDGE('',*,*,#10802,.T.) ;
#10825=ORIENTED_EDGE('',*,*,#7987,.T.) ;
#10826=ORIENTED_EDGE('',*,*,#10817,.F.) ;
#10827=ORIENTED_EDGE('',*,*,#10822,.T.) ;
#10843=ORIENTED_EDGE('',*,*,#10817,.T.) ;
#10844=ORIENTED_EDGE('',*,*,#7982,.T.) ;
#10845=ORIENTED_EDGE('',*,*,#10836,.F.) ;
#10846=ORIENTED_EDGE('',*,*,#10841,.T.) ;
#10873=ORIENTED_EDGE('',*,*,#10859,.T.) ;
#10874=ORIENTED_EDGE('',*,*,#10866,.T.) ;
#10875=ORIENTED_EDGE('',*,*,#10836,.T.) ;
#10876=ORIENTED_EDGE('',*,*,#7140,.T.) ;
#10877=ORIENTED_EDGE('',*,*,#10871,.F.) ;
#10911=ORIENTED_EDGE('',*,*,#10890,.T.) ;
#10912=ORIENTED_EDGE('',*,*,#10899,.T.) ;
#10913=ORIENTED_EDGE('',*,*,#10904,.F.) ;
#10914=ORIENTED_EDGE('',*,*,#10193,.F.) ;
#10915=ORIENTED_EDGE('',*,*,#10909,.T.) ;
#10931=ORIENTED_EDGE('',*,*,#10909,.F.) ;
#10932=ORIENTED_EDGE('',*,*,#10076,.F.) ;
#10933=ORIENTED_EDGE('',*,*,#10924,.T.) ;
#10934=ORIENTED_EDGE('',*,*,#10929,.T.) ;
#10950=ORIENTED_EDGE('',*,*,#10924,.F.) ;
#10951=ORIENTED_EDGE('',*,*,#10045,.F.) ;
#10952=ORIENTED_EDGE('',*,*,#10943,.T.) ;
#10953=ORIENTED_EDGE('',*,*,#10948,.T.) ;
#10979=ORIENTED_EDGE('',*,*,#10965,.T.) ;
#10980=ORIENTED_EDGE('',*,*,#10972,.T.) ;
#10981=ORIENTED_EDGE('',*,*,#10943,.F.) ;
#10982=ORIENTED_EDGE('',*,*,#10002,.F.) ;
#10983=ORIENTED_EDGE('',*,*,#10977,.T.) ;
#11015=ORIENTED_EDGE('',*,*,#10871,.T.) ;
#11016=ORIENTED_EDGE('',*,*,#7204,.T.) ;
#11017=ORIENTED_EDGE('',*,*,#8959,.F.) ;
#11018=ORIENTED_EDGE('',*,*,#710,.F.) ;
#11019=ORIENTED_EDGE('',*,*,#682,.T.) ;
#11020=ORIENTED_EDGE('',*,*,#8954,.F.) ;
#11021=ORIENTED_EDGE('',*,*,#7474,.T.) ;
#11022=ORIENTED_EDGE('',*,*,#9457,.T.) ;
#11023=ORIENTED_EDGE('',*,*,#10393,.F.) ;
#11024=ORIENTED_EDGE('',*,*,#10294,.F.) ;
#11025=ORIENTED_EDGE('',*,*,#10904,.T.) ;
#11026=ORIENTED_EDGE('',*,*,#11013,.T.) ;
#11061=ORIENTED_EDGE('',*,*,#11059,.T.) ;
#11062=ORIENTED_EDGE('',*,*,#10977,.F.) ;
#11063=ORIENTED_EDGE('',*,*,#9874,.F.) ;
#11064=ORIENTED_EDGE('',*,*,#9776,.F.) ;
#11065=ORIENTED_EDGE('',*,*,#9533,.F.) ;
#11066=ORIENTED_EDGE('',*,*,#7837,.T.) ;
#11067=ORIENTED_EDGE('',*,*,#8314,.T.) ;
#11068=ORIENTED_EDGE('',*,*,#607,.F.) ;
#11069=ORIENTED_EDGE('',*,*,#579,.T.) ;
#11070=ORIENTED_EDGE('',*,*,#8309,.T.) ;
#11071=ORIENTED_EDGE('',*,*,#6964,.T.) ;
#11072=ORIENTED_EDGE('',*,*,#10797,.F.) ;
#11091=ORIENTED_EDGE('',*,*,#11084,.T.) ;
#11092=ORIENTED_EDGE('',*,*,#10764,.T.) ;
#11093=ORIENTED_EDGE('',*,*,#11089,.F.) ;
#11094=ORIENTED_EDGE('',*,*,#10822,.F.) ;
#11161=ORIENTED_EDGE('',*,*,#11089,.T.) ;
#11162=ORIENTED_EDGE('',*,*,#10759,.T.) ;
#11163=ORIENTED_EDGE('',*,*,#11159,.F.) ;
#11164=ORIENTED_EDGE('',*,*,#10783,.F.) ;
#11230=ORIENTED_EDGE('',*,*,#11159,.T.) ;
#11231=ORIENTED_EDGE('',*,*,#10734,.T.) ;
#11232=ORIENTED_EDGE('',*,*,#11228,.F.) ;
#11233=ORIENTED_EDGE('',*,*,#10792,.F.) ;
#11335=ORIENTED_EDGE('',*,*,#11228,.T.) ;
#11336=ORIENTED_EDGE('',*,*,#10725,.T.) ;
#11337=ORIENTED_EDGE('',*,*,#11333,.F.) ;
#11338=ORIENTED_EDGE('',*,*,#11059,.F.) ;
#11405=ORIENTED_EDGE('',*,*,#11333,.T.) ;
#11406=ORIENTED_EDGE('',*,*,#10703,.T.) ;
#11407=ORIENTED_EDGE('',*,*,#11403,.F.) ;
#11408=ORIENTED_EDGE('',*,*,#10965,.F.) ;
#11475=ORIENTED_EDGE('',*,*,#11403,.T.) ;
#11476=ORIENTED_EDGE('',*,*,#10643,.T.) ;
#11477=ORIENTED_EDGE('',*,*,#11473,.F.) ;
#11478=ORIENTED_EDGE('',*,*,#10972,.F.) ;
#11492=ORIENTED_EDGE('',*,*,#11473,.T.) ;
#11493=ORIENTED_EDGE('',*,*,#10634,.T.) ;
#11494=ORIENTED_EDGE('',*,*,#11490,.F.) ;
#11495=ORIENTED_EDGE('',*,*,#10948,.F.) ;
#11509=ORIENTED_EDGE('',*,*,#11490,.T.) ;
#11510=ORIENTED_EDGE('',*,*,#10549,.T.) ;
#11511=ORIENTED_EDGE('',*,*,#11507,.F.) ;
#11512=ORIENTED_EDGE('',*,*,#10929,.F.) ;
#11579=ORIENTED_EDGE('',*,*,#11507,.T.) ;
#11580=ORIENTED_EDGE('',*,*,#10542,.T.) ;
#11581=ORIENTED_EDGE('',*,*,#11577,.F.) ;
#11582=ORIENTED_EDGE('',*,*,#10890,.F.) ;
#11648=ORIENTED_EDGE('',*,*,#11577,.T.) ;
#11649=ORIENTED_EDGE('',*,*,#10611,.T.) ;
#11650=ORIENTED_EDGE('',*,*,#11646,.F.) ;
#11651=ORIENTED_EDGE('',*,*,#10899,.F.) ;
#11771=ORIENTED_EDGE('',*,*,#11646,.T.) ;
#11772=ORIENTED_EDGE('',*,*,#10605,.T.) ;
#11773=ORIENTED_EDGE('',*,*,#11769,.F.) ;
#11774=ORIENTED_EDGE('',*,*,#11013,.F.) ;
#11841=ORIENTED_EDGE('',*,*,#11769,.T.) ;
#11842=ORIENTED_EDGE('',*,*,#10583,.T.) ;
#11843=ORIENTED_EDGE('',*,*,#11839,.F.) ;
#11844=ORIENTED_EDGE('',*,*,#10859,.F.) ;
#11911=ORIENTED_EDGE('',*,*,#11839,.T.) ;
#11912=ORIENTED_EDGE('',*,*,#10682,.T.) ;
#11913=ORIENTED_EDGE('',*,*,#11909,.F.) ;
#11914=ORIENTED_EDGE('',*,*,#10866,.F.) ;
#11923=ORIENTED_EDGE('',*,*,#11909,.T.) ;
#11924=ORIENTED_EDGE('',*,*,#10675,.T.) ;
#11925=ORIENTED_EDGE('',*,*,#11084,.F.) ;
#11926=ORIENTED_EDGE('',*,*,#10841,.F.) ;
#11949=ORIENTED_EDGE('',*,*,#11942,.F.) ;
#11950=ORIENTED_EDGE('',*,*,#11947,.F.) ;
#11953=ORIENTED_EDGE('',*,*,#211,.F.) ;
#11954=ORIENTED_EDGE('',*,*,#238,.F.) ;
#11982=ORIENTED_EDGE('',*,*,#11970,.T.) ;
#11983=ORIENTED_EDGE('',*,*,#11975,.T.) ;
#11984=ORIENTED_EDGE('',*,*,#9897,.T.) ;
#11985=ORIENTED_EDGE('',*,*,#10026,.T.) ;
#11986=ORIENTED_EDGE('',*,*,#10057,.T.) ;
#11987=ORIENTED_EDGE('',*,*,#10088,.T.) ;
#11988=ORIENTED_EDGE('',*,*,#10216,.T.) ;
#11989=ORIENTED_EDGE('',*,*,#10317,.T.) ;
#11990=ORIENTED_EDGE('',*,*,#11980,.F.) ;
#11999=ORIENTED_EDGE('',*,*,#11997,.T.) ;
#12000=ORIENTED_EDGE('',*,*,#11980,.T.) ;
#12001=ORIENTED_EDGE('',*,*,#10416,.T.) ;
#12002=ORIENTED_EDGE('',*,*,#10519,.T.) ;
#12003=ORIENTED_EDGE('',*,*,#9565,.T.) ;
#12004=ORIENTED_EDGE('',*,*,#9589,.T.) ;
#12005=ORIENTED_EDGE('',*,*,#9701,.T.) ;
#12006=ORIENTED_EDGE('',*,*,#9796,.T.) ;
#12007=ORIENTED_EDGE('',*,*,#11975,.F.) ;
#12026=ORIENTED_EDGE('',*,*,#11942,.T.) ;
#12027=ORIENTED_EDGE('',*,*,#12019,.T.) ;
#12028=ORIENTED_EDGE('',*,*,#11970,.F.) ;
#12029=ORIENTED_EDGE('',*,*,#12024,.F.) ;
#12038=ORIENTED_EDGE('',*,*,#11947,.T.) ;
#12039=ORIENTED_EDGE('',*,*,#12024,.T.) ;
#12040=ORIENTED_EDGE('',*,*,#11997,.F.) ;
#12041=ORIENTED_EDGE('',*,*,#12019,.F.) ;
#12064=ORIENTED_EDGE('',*,*,#12057,.F.) ;
#12065=ORIENTED_EDGE('',*,*,#12062,.F.) ;
#12068=ORIENTED_EDGE('',*,*,#233,.F.) ;
#12069=ORIENTED_EDGE('',*,*,#197,.F.) ;
#12097=ORIENTED_EDGE('',*,*,#12085,.T.) ;
#12098=ORIENTED_EDGE('',*,*,#12090,.T.) ;
#12099=ORIENTED_EDGE('',*,*,#3683,.F.) ;
#12100=ORIENTED_EDGE('',*,*,#3566,.F.) ;
#12101=ORIENTED_EDGE('',*,*,#3535,.F.) ;
#12102=ORIENTED_EDGE('',*,*,#3492,.F.) ;
#12103=ORIENTED_EDGE('',*,*,#12095,.F.) ;
#12112=ORIENTED_EDGE('',*,*,#12110,.T.) ;
#12113=ORIENTED_EDGE('',*,*,#12095,.T.) ;
#12114=ORIENTED_EDGE('',*,*,#4001,.F.) ;
#12115=ORIENTED_EDGE('',*,*,#3886,.F.) ;
#12116=ORIENTED_EDGE('',*,*,#3855,.F.) ;
#12117=ORIENTED_EDGE('',*,*,#3812,.F.) ;
#12118=ORIENTED_EDGE('',*,*,#12090,.F.) ;
#12137=ORIENTED_EDGE('',*,*,#12057,.T.) ;
#12138=ORIENTED_EDGE('',*,*,#12130,.T.) ;
#12139=ORIENTED_EDGE('',*,*,#12085,.F.) ;
#12140=ORIENTED_EDGE('',*,*,#12135,.F.) ;
#12149=ORIENTED_EDGE('',*,*,#12062,.T.) ;
#12150=ORIENTED_EDGE('',*,*,#12135,.T.) ;
#12151=ORIENTED_EDGE('',*,*,#12110,.F.) ;
#12152=ORIENTED_EDGE('',*,*,#12130,.F.) ;
#762=FACE_BOUND('',#759,.T.) ;
#894=FACE_BOUND('',#891,.T.) ;
#1088=FACE_BOUND('',#1085,.T.) ;
#1557=FACE_BOUND('',#1554,.T.) ;
#6698=FACE_BOUND('',#6695,.T.) ;
#6763=FACE_BOUND('',#6760,.T.) ;
#11955=FACE_BOUND('',#11952,.T.) ;
#12070=FACE_BOUND('',#12067,.T.) ;
#51=CLOSED_SHELL('Closed Shell',(#117,#183,#223,#245,#285,#324,#348,#380,#392,#432,#466,#490,#517,#529,#592,#632,#695,#735,#763,#827,#872,#895,#959,#1004,#1044,#1061,#1089,#1202,#1308,#1392,#1416,#1439,#1447,#1465,#1473,#1513,#1530,#1558,#1660,#1773,#1861,#1885,#1908,#1916,#1934,#1942,#1982,#2013,#2103,#2276,#2307,#2414,#2486,#2609,#2640,#2662,#2702,#2831,#2908,#3009,#3040,#3208,#3298,#3329,#3360,#3382,#3523,#3554,#3585,#3714,#3843,#3874,#3905,#4022,#4061,#4088,#4128,#4159,#4190,#4221,#4426,#4450,#4474,#4498,#4522,#4717,#4751,#4777,#4814,#4840,#4907,#4948,#5010,#5051,#5085,#5112,#5139,#5159,#5193,#5227,#5259,#5283,#5366,#5446,#5529,#5622,#5705,#5791,#5815,#5840,#5864,#5946,#5970,#6053,#6077,#6108,#6190,#6214,#6297,#6314,#6340,#6366,#6407,#6479,#6508,#6568,#6601,#6634,#6699,#6764,#6803,#6827,#6909,#6971,#7054,#7147,#7211,#7294,#7318,#7350,#7374,#7457,#7481,#7564,#7647,#7737,#7820,#7844,#7927,#7944,#7970,#7996,#8027,#8054,#8089,#8124,#8149,#8174,#8198,#8215,#8299,#8365,#8387,#8404,#8444,#8541,#8558,#8655,#8672,#8689,#8706,#8718,#8760,#8785,#8809,#8833,#8860,#8884,#8919,#8937,#9022,#9082,#9104,#9121,#9138,#9155,#9252,#9269,#9366,#9406,#9423,#9435,#9470,#9494,#9513,#9541,#9572,#9596,#9708,#9803,#9904,#10033,#10064,#10095,#10223,#10324,#10423,#10526,#10567,#10627,#10656,#10690,#10750,#10772,#10810,#10829,#10848,#10879,#10917,#10936,#10955,#10985,#11028,#11074,#11096,#11166,#11235,#11340,#11410,#11480,#11497,#11514,#11584,#11653,#11776,#11846,#11916,#11928,#11956,#11992,#12009,#12031,#12043,#12071,#12105,#12120,#12142,#12154)) ;
#59=VECTOR('Line Direction',#58,1.) ;
#87=VECTOR('Line Direction',#86,1.) ;
#125=VECTOR('Line Direction',#124,1.) ;
#153=VECTOR('Line Direction',#152,1.) ;
#200=VECTOR('Line Direction',#199,1.) ;
#214=VECTOR('Line Direction',#213,1.) ;
#253=VECTOR('Line Direction',#252,1.) ;
#269=VECTOR('Line Direction',#268,1.) ;
#293=VECTOR('Line Direction',#292,1.) ;
#300=VECTOR('Line Direction',#299,1.) ;
#307=VECTOR('Line Direction',#306,1.) ;
#332=VECTOR('Line Direction',#331,1.) ;
#339=VECTOR('Line Direction',#338,1.) ;
#365=VECTOR('Line Direction',#364,1.) ;
#370=VECTOR('Line Direction',#369,1.) ;
#383=VECTOR('Line Direction',#382,1.) ;
#400=VECTOR('Line Direction',#399,1.) ;
#416=VECTOR('Line Direction',#415,1.) ;
#435=VECTOR('Line Direction',#434,1.) ;
#442=VECTOR('Line Direction',#441,1.) ;
#456=VECTOR('Line Direction',#455,1.) ;
#474=VECTOR('Line Direction',#473,1.) ;
#481=VECTOR('Line Direction',#480,1.) ;
#493=VECTOR('Line Direction',#492,1.) ;
#507=VECTOR('Line Direction',#506,1.) ;
#520=VECTOR('Line Direction',#519,1.) ;
#546=VECTOR('Line Direction',#545,1.) ;
#582=VECTOR('Line Direction',#581,1.) ;
#649=VECTOR('Line Direction',#648,1.) ;
#685=VECTOR('Line Direction',#684,1.) ;
#811=VECTOR('Line Direction',#810,1.) ;
#816=VECTOR('Line Direction',#815,1.) ;
#943=VECTOR('Line Direction',#942,1.) ;
#948=VECTOR('Line Direction',#947,1.) ;
#1012=VECTOR('Line Direction',#1011,1.) ;
#1028=VECTOR('Line Direction',#1027,1.) ;
#1149=VECTOR('Line Direction',#1148,1.) ;
#1156=VECTOR('Line Direction',#1155,1.) ;
#1181=VECTOR('Line Direction',#1180,1.) ;
#1188=VECTOR('Line Direction',#1187,1.) ;
#1244=VECTOR('Line Direction',#1243,1.) ;
#1293=VECTOR('Line Direction',#1292,1.) ;
#1316=VECTOR('Line Direction',#1315,1.) ;
#1331=VECTOR('Line Direction',#1330,1.) ;
#1424=VECTOR('Line Direction',#1423,1.) ;
#1429=VECTOR('Line Direction',#1428,1.) ;
#1450=VECTOR('Line Direction',#1449,1.) ;
#1455=VECTOR('Line Direction',#1454,1.) ;
#1490=VECTOR('Line Direction',#1489,1.) ;
#1504=VECTOR('Line Direction',#1503,1.) ;
#1618=VECTOR('Line Direction',#1617,1.) ;
#1625=VECTOR('Line Direction',#1624,1.) ;
#1640=VECTOR('Line Direction',#1639,1.) ;
#1647=VECTOR('Line Direction',#1646,1.) ;
#1668=VECTOR('Line Direction',#1667,1.) ;
#1677=VECTOR('Line Direction',#1676,1.) ;
#1702=VECTOR('Line Direction',#1701,1.) ;
#1709=VECTOR('Line Direction',#1708,1.) ;
#1893=VECTOR('Line Direction',#1892,1.) ;
#1898=VECTOR('Line Direction',#1897,1.) ;
#1919=VECTOR('Line Direction',#1918,1.) ;
#1924=VECTOR('Line Direction',#1923,1.) ;
#1990=VECTOR('Line Direction',#1989,1.) ;
#2004=VECTOR('Line Direction',#2003,1.) ;
#2284=VECTOR('Line Direction',#2283,1.) ;
#2298=VECTOR('Line Direction',#2297,1.) ;
#2648=VECTOR('Line Direction',#2647,1.) ;
#2653=VECTOR('Line Direction',#2652,1.) ;
#3017=VECTOR('Line Direction',#3016,1.) ;
#3031=VECTOR('Line Direction',#3030,1.) ;
#3306=VECTOR('Line Direction',#3305,1.) ;
#3320=VECTOR('Line Direction',#3319,1.) ;
#3368=VECTOR('Line Direction',#3367,1.) ;
#3373=VECTOR('Line Direction',#3372,1.) ;
#4030=VECTOR('Line Direction',#4029,1.) ;
#4037=VECTOR('Line Direction',#4036,1.) ;
#4064=VECTOR('Line Direction',#4063,1.) ;
#4725=VECTOR('Line Direction',#4724,1.) ;
#4732=VECTOR('Line Direction',#4731,1.) ;
#4754=VECTOR('Line Direction',#4753,1.) ;
#4761=VECTOR('Line Direction',#4760,1.) ;
#4768=VECTOR('Line Direction',#4767,1.) ;
#4800=VECTOR('Line Direction',#4799,1.) ;
#4805=VECTOR('Line Direction',#4804,1.) ;
#4817=VECTOR('Line Direction',#4816,1.) ;
#4826=VECTOR('Line Direction',#4825,1.) ;
#4831=VECTOR('Line Direction',#4830,1.) ;
#4857=VECTOR('Line Direction',#4856,1.) ;
#4864=VECTOR('Line Direction',#4863,1.) ;
#4869=VECTOR('Line Direction',#4868,1.) ;
#4874=VECTOR('Line Direction',#4873,1.) ;
#4967=VECTOR('Line Direction',#4966,1.) ;
#4972=VECTOR('Line Direction',#4971,1.) ;
#4977=VECTOR('Line Direction',#4976,1.) ;
#4984=VECTOR('Line Direction',#4983,1.) ;
#5054=VECTOR('Line Direction',#5053,1.) ;
#5061=VECTOR('Line Direction',#5060,1.) ;
#5075=VECTOR('Line Direction',#5074,1.) ;
#5088=VECTOR('Line Direction',#5087,1.) ;
#5095=VECTOR('Line Direction',#5094,1.) ;
#5115=VECTOR('Line Direction',#5114,1.) ;
#5122=VECTOR('Line Direction',#5121,1.) ;
#5142=VECTOR('Line Direction',#5141,1.) ;
#5848=VECTOR('Line Direction',#5847,1.) ;
#5954=VECTOR('Line Direction',#5953,1.) ;
#6061=VECTOR('Line Direction',#6060,1.) ;
#6092=VECTOR('Line Direction',#6091,1.) ;
#6198=VECTOR('Line Direction',#6197,1.) ;
#6305=VECTOR('Line Direction',#6304,1.) ;
#6374=VECTOR('Line Direction',#6373,1.) ;
#6381=VECTOR('Line Direction',#6380,1.) ;
#6457=VECTOR('Line Direction',#6456,1.) ;
#6462=VECTOR('Line Direction',#6461,1.) ;
#6482=VECTOR('Line Direction',#6481,1.) ;
#6551=VECTOR('Line Direction',#6550,1.) ;
#6576=VECTOR('Line Direction',#6575,1.) ;
#6583=VECTOR('Line Direction',#6582,1.) ;
#6609=VECTOR('Line Direction',#6608,1.) ;
#6614=VECTOR('Line Direction',#6613,1.) ;
#6642=VECTOR('Line Direction',#6641,1.) ;
#6662=VECTOR('Line Direction',#6661,1.) ;
#6720=VECTOR('Line Direction',#6719,1.) ;
#6740=VECTOR('Line Direction',#6739,1.) ;
#7365=VECTOR('Line Direction',#7364,1.) ;
#7472=VECTOR('Line Direction',#7471,1.) ;
#7835=VECTOR('Line Direction',#7834,1.) ;
#7935=VECTOR('Line Direction',#7934,1.) ;
#8004=VECTOR('Line Direction',#8003,1.) ;
#8013=VECTOR('Line Direction',#8012,1.) ;
#8018=VECTOR('Line Direction',#8017,1.) ;
#8045=VECTOR('Line Direction',#8044,1.) ;
#8079=VECTOR('Line Direction',#8078,1.) ;
#8097=VECTOR('Line Direction',#8096,1.) ;
#8114=VECTOR('Line Direction',#8113,1.) ;
#8132=VECTOR('Line Direction',#8131,1.) ;
#8139=VECTOR('Line Direction',#8138,1.) ;
#8164=VECTOR('Line Direction',#8163,1.) ;
#8189=VECTOR('Line Direction',#8188,1.) ;
#8206=VECTOR('Line Direction',#8205,1.) ;
#8223=VECTOR('Line Direction',#8222,1.) ;
#8230=VECTOR('Line Direction',#8229,1.) ;
#8235=VECTOR('Line Direction',#8234,1.) ;
#8242=VECTOR('Line Direction',#8241,1.) ;
#8256=VECTOR('Line Direction',#8255,1.) ;
#8270=VECTOR('Line Direction',#8269,1.) ;
#8307=VECTOR('Line Direction',#8306,1.) ;
#8312=VECTOR('Line Direction',#8311,1.) ;
#8327=VECTOR('Line Direction',#8326,1.) ;
#8745=VECTOR('Line Direction',#8744,1.) ;
#8750=VECTOR('Line Direction',#8749,1.) ;
#8768=VECTOR('Line Direction',#8767,1.) ;
#8775=VECTOR('Line Direction',#8774,1.) ;
#8793=VECTOR('Line Direction',#8792,1.) ;
#8800=VECTOR('Line Direction',#8799,1.) ;
#8824=VECTOR('Line Direction',#8823,1.) ;
#8851=VECTOR('Line Direction',#8850,1.) ;
#8868=VECTOR('Line Direction',#8867,1.) ;
#8875=VECTOR('Line Direction',#8874,1.) ;
#8892=VECTOR('Line Direction',#8891,1.) ;
#8909=VECTOR('Line Direction',#8908,1.) ;
#8945=VECTOR('Line Direction',#8944,1.) ;
#8952=VECTOR('Line Direction',#8951,1.) ;
#8957=VECTOR('Line Direction',#8956,1.) ;
#8962=VECTOR('Line Direction',#8961,1.) ;
#8967=VECTOR('Line Direction',#8966,1.) ;
#8992=VECTOR('Line Direction',#8991,1.) ;
#9032=VECTOR('Line Direction',#9031,1.) ;
#9046=VECTOR('Line Direction',#9045,1.) ;
#9060=VECTOR('Line Direction',#9059,1.) ;
#9455=VECTOR('Line Direction',#9454,1.) ;
#9460=VECTOR('Line Direction',#9459,1.) ;
#9478=VECTOR('Line Direction',#9477,1.) ;
#9497=VECTOR('Line Direction',#9496,1.) ;
#9531=VECTOR('Line Direction',#9530,1.) ;
#10552=VECTOR('Line Direction',#10551,1.) ;
#10557=VECTOR('Line Direction',#10556,1.) ;
#10614=VECTOR('Line Direction',#10613,1.) ;
#10646=VECTOR('Line Direction',#10645,1.) ;
#10664=VECTOR('Line Direction',#10663,1.) ;
#10737=VECTOR('Line Direction',#10736,1.) ;
#10795=VECTOR('Line Direction',#10794,1.) ;
#10800=VECTOR('Line Direction',#10799,1.) ;
#10813=VECTOR('Line Direction',#10812,1.) ;
#10832=VECTOR('Line Direction',#10831,1.) ;
#10869=VECTOR('Line Direction',#10868,1.) ;
#10902=VECTOR('Line Direction',#10901,1.) ;
#10907=VECTOR('Line Direction',#10906,1.) ;
#10920=VECTOR('Line Direction',#10919,1.) ;
#10939=VECTOR('Line Direction',#10938,1.) ;
#10975=VECTOR('Line Direction',#10974,1.) ;
#11973=VECTOR('Line Direction',#11972,1.) ;
#11978=VECTOR('Line Direction',#11977,1.) ;
#12017=VECTOR('Line Direction',#12016,1.) ;
#12022=VECTOR('Line Direction',#12021,1.) ;
#12088=VECTOR('Line Direction',#12087,1.) ;
#12093=VECTOR('Line Direction',#12092,1.) ;
#12128=VECTOR('Line Direction',#12127,1.) ;
#12133=VECTOR('Line Direction',#12132,1.) ;
#12156=ADVANCED_BREP_SHAPE_REPRESENTATION('NONE',(#12155),#46) ;
#49=SHAPE_REPRESENTATION(' ',(#48),#46) ;
#117=ADVANCED_FACE('PartBody',(#116),#56,.F.) ;
#183=ADVANCED_FACE('PartBody',(#182),#122,.F.) ;
#223=ADVANCED_FACE('PartBody',(#222),#188,.F.) ;
#245=ADVANCED_FACE('PartBody',(#244),#228,.F.) ;
#285=ADVANCED_FACE('PartBody',(#284),#250,.T.) ;
#324=ADVANCED_FACE('PartBody',(#323),#290,.T.) ;
#348=ADVANCED_FACE('PartBody',(#347),#329,.F.) ;
#380=ADVANCED_FACE('PartBody',(#379),#353,.F.) ;
#392=ADVANCED_FACE('PartBody',(#391),#329,.F.) ;
#432=ADVANCED_FACE('PartBody',(#431),#397,.T.) ;
#466=ADVANCED_FACE('PartBody',(#465),#290,.T.) ;
#490=ADVANCED_FACE('PartBody',(#489),#471,.T.) ;
#517=ADVANCED_FACE('PartBody',(#516),#353,.F.) ;
#529=ADVANCED_FACE('PartBody',(#528),#471,.T.) ;
#592=ADVANCED_FACE('PartBody',(#591),#534,.F.) ;
#632=ADVANCED_FACE('PartBody',(#631),#534,.F.) ;
#695=ADVANCED_FACE('PartBody',(#694),#637,.F.) ;
#735=ADVANCED_FACE('PartBody',(#734),#637,.F.) ;
#763=ADVANCED_FACE('PartBody',(#758,#762),#740,.F.) ;
#827=ADVANCED_FACE('PartBody',(#826),#768,.F.) ;
#872=ADVANCED_FACE('PartBody',(#871),#768,.F.) ;
#895=ADVANCED_FACE('PartBody',(#890,#894),#740,.F.) ;
#959=ADVANCED_FACE('PartBody',(#958),#900,.F.) ;
#1004=ADVANCED_FACE('PartBody',(#1003),#900,.F.) ;
#1044=ADVANCED_FACE('PartBody',(#1043),#1009,.F.) ;
#1061=ADVANCED_FACE('PartBody',(#1060),#1009,.F.) ;
#1089=ADVANCED_FACE('PartBody',(#1070,#1088),#1066,.T.) ;
#1202=ADVANCED_FACE('PartBody',(#1201),#1094,.F.) ;
#1308=ADVANCED_FACE('PartBody',(#1307),#1207,.F.) ;
#1392=ADVANCED_FACE('PartBody',(#1391),#1313,.T.) ;
#1416=ADVANCED_FACE('PartBody',(#1415),#1397,.T.) ;
#1439=ADVANCED_FACE('PartBody',(#1438),#1421,.F.) ;
#1447=ADVANCED_FACE('PartBody',(#1446),#1421,.F.) ;
#1465=ADVANCED_FACE('PartBody',(#1464),#1421,.F.) ;
#1473=ADVANCED_FACE('PartBody',(#1472),#1421,.F.) ;
#1513=ADVANCED_FACE('PartBody',(#1512),#1478,.F.) ;
#1530=ADVANCED_FACE('PartBody',(#1529),#1478,.F.) ;
#1558=ADVANCED_FACE('PartBody',(#1539,#1557),#1535,.F.) ;
#1660=ADVANCED_FACE('PartBody',(#1659),#1563,.F.) ;
#1773=ADVANCED_FACE('PartBody',(#1772),#1665,.T.) ;
#1861=ADVANCED_FACE('PartBody',(#1860),#1778,.F.) ;
#1885=ADVANCED_FACE('PartBody',(#1884),#1866,.F.) ;
#1908=ADVANCED_FACE('PartBody',(#1907),#1890,.F.) ;
#1916=ADVANCED_FACE('PartBody',(#1915),#1890,.F.) ;
#1934=ADVANCED_FACE('PartBody',(#1933),#1890,.F.) ;
#1942=ADVANCED_FACE('PartBody',(#1941),#1890,.F.) ;
#1982=ADVANCED_FACE('PartBody',(#1981),#1947,.T.) ;
#2013=ADVANCED_FACE('PartBody',(#2012),#1987,.T.) ;
#2103=ADVANCED_FACE('PartBody',(#2102),#2014,.F.) ;
#2276=ADVANCED_FACE('PartBody',(#2275),#2104,.F.) ;
#2307=ADVANCED_FACE('PartBody',(#2306),#2281,.T.) ;
#2414=ADVANCED_FACE('PartBody',(#2413),#2308,.F.) ;
#2486=ADVANCED_FACE('PartBody',(#2485),#2415,.F.) ;
#2609=ADVANCED_FACE('PartBody',(#2608),#2487,.F.) ;
#2640=ADVANCED_FACE('PartBody',(#2639),#2614,.T.) ;
#2662=ADVANCED_FACE('PartBody',(#2661),#2645,.T.) ;
#2702=ADVANCED_FACE('PartBody',(#2701),#2667,.T.) ;
#2831=ADVANCED_FACE('PartBody',(#2830),#2703,.F.) ;
#2908=ADVANCED_FACE('PartBody',(#2907),#2832,.T.) ;
#3009=ADVANCED_FACE('PartBody',(#3008),#2909,.F.) ;
#3040=ADVANCED_FACE('PartBody',(#3039),#3014,.T.) ;
#3208=ADVANCED_FACE('PartBody',(#3207),#3041,.F.) ;
#3298=ADVANCED_FACE('PartBody',(#3297),#3209,.T.) ;
#3329=ADVANCED_FACE('PartBody',(#3328),#3303,.T.) ;
#3360=ADVANCED_FACE('PartBody',(#3359),#3334,.T.) ;
#3382=ADVANCED_FACE('PartBody',(#3381),#3365,.T.) ;
#3523=ADVANCED_FACE('PartBody',(#3522),#3383,.T.) ;
#3554=ADVANCED_FACE('PartBody',(#3553),#3528,.T.) ;
#3585=ADVANCED_FACE('PartBody',(#3584),#3559,.T.) ;
#3714=ADVANCED_FACE('PartBody',(#3713),#3586,.T.) ;
#3843=ADVANCED_FACE('PartBody',(#3842),#3715,.T.) ;
#3874=ADVANCED_FACE('PartBody',(#3873),#3848,.T.) ;
#3905=ADVANCED_FACE('PartBody',(#3904),#3879,.T.) ;
#4022=ADVANCED_FACE('PartBody',(#4021),#3906,.T.) ;
#4061=ADVANCED_FACE('PartBody',(#4060),#4027,.T.) ;
#4088=ADVANCED_FACE('PartBody',(#4087),#4027,.T.) ;
#4128=ADVANCED_FACE('PartBody',(#4127),#4093,.T.) ;
#4159=ADVANCED_FACE('PartBody',(#4158),#4133,.T.) ;
#4190=ADVANCED_FACE('PartBody',(#4189),#4164,.T.) ;
#4221=ADVANCED_FACE('PartBody',(#4220),#4195,.T.) ;
#4426=ADVANCED_FACE('PartBody',(#4425),#4222,.T.) ;
#4450=ADVANCED_FACE('PartBody',(#4449),#4431,.T.) ;
#4474=ADVANCED_FACE('PartBody',(#4473),#4455,.T.) ;
#4498=ADVANCED_FACE('PartBody',(#4497),#4479,.T.) ;
#4522=ADVANCED_FACE('PartBody',(#4521),#4503,.T.) ;
#4717=ADVANCED_FACE('PartBody',(#4716),#4523,.T.) ;
#4751=ADVANCED_FACE('PartBody',(#4750),#4722,.T.) ;
#4777=ADVANCED_FACE('PartBody',(#4776),#4722,.T.) ;
#4814=ADVANCED_FACE('PartBody',(#4813),#4782,.F.) ;
#4840=ADVANCED_FACE('PartBody',(#4839),#4782,.F.) ;
#4907=ADVANCED_FACE('PartBody',(#4906),#4845,.T.) ;
#4948=ADVANCED_FACE('PartBody',(#4947),#4912,.F.) ;
#5010=ADVANCED_FACE('PartBody',(#5009),#4845,.T.) ;
#5051=ADVANCED_FACE('PartBody',(#5050),#5015,.F.) ;
#5085=ADVANCED_FACE('PartBody',(#5084),#4027,.T.) ;
#5112=ADVANCED_FACE('PartBody',(#5111),#4027,.T.) ;
#5139=ADVANCED_FACE('PartBody',(#5138),#4027,.T.) ;
#5159=ADVANCED_FACE('PartBody',(#5158),#4027,.T.) ;
#5193=ADVANCED_FACE('PartBody',(#5192),#5164,.T.) ;
#5227=ADVANCED_FACE('PartBody',(#5226),#5198,.T.) ;
#5259=ADVANCED_FACE('PartBody',(#5258),#5232,.T.) ;
#5283=ADVANCED_FACE('PartBody',(#5282),#5264,.T.) ;
#5366=ADVANCED_FACE('PartBody',(#5365),#5284,.F.) ;
#5446=ADVANCED_FACE('PartBody',(#5445),#5367,.T.) ;
#5529=ADVANCED_FACE('PartBody',(#5528),#5447,.T.) ;
#5622=ADVANCED_FACE('PartBody',(#5621),#5530,.T.) ;
#5705=ADVANCED_FACE('PartBody',(#5704),#5623,.F.) ;
#5791=ADVANCED_FACE('PartBody',(#5790),#5706,.F.) ;
#5815=ADVANCED_FACE('PartBody',(#5814),#5796,.T.) ;
#5840=ADVANCED_FACE('PartBody',(#5839),#5820,.T.) ;
#5864=ADVANCED_FACE('PartBody',(#5863),#5845,.T.) ;
#5946=ADVANCED_FACE('PartBody',(#5945),#5865,.F.) ;
#5970=ADVANCED_FACE('PartBody',(#5969),#5951,.T.) ;
#6053=ADVANCED_FACE('PartBody',(#6052),#5971,.T.) ;
#6077=ADVANCED_FACE('PartBody',(#6076),#6058,.T.) ;
#6108=ADVANCED_FACE('PartBody',(#6107),#6082,.T.) ;
#6190=ADVANCED_FACE('PartBody',(#6189),#6109,.F.) ;
#6214=ADVANCED_FACE('PartBody',(#6213),#6195,.T.) ;
#6297=ADVANCED_FACE('PartBody',(#6296),#6215,.T.) ;
#6314=ADVANCED_FACE('PartBody',(#6313),#6302,.T.) ;
#6340=ADVANCED_FACE('PartBody',(#6339),#6319,.T.) ;
#6366=ADVANCED_FACE('PartBody',(#6365),#6345,.T.) ;
#6407=ADVANCED_FACE('PartBody',(#6406),#6371,.T.) ;
#6479=ADVANCED_FACE('PartBody',(#6478),#6412,.F.) ;
#6508=ADVANCED_FACE('PartBody',(#6507),#6371,.T.) ;
#6568=ADVANCED_FACE('PartBody',(#6567),#6412,.F.) ;
#6601=ADVANCED_FACE('PartBody',(#6600),#6573,.T.) ;
#6634=ADVANCED_FACE('PartBody',(#6633),#6606,.T.) ;
#6699=ADVANCED_FACE('PartBody',(#6694,#6698),#6639,.F.) ;
#6764=ADVANCED_FACE('PartBody',(#6759,#6763),#6704,.T.) ;
#6803=ADVANCED_FACE('PartBody',(#6802),#6769,.T.) ;
#6827=ADVANCED_FACE('PartBody',(#6826),#6808,.T.) ;
#6909=ADVANCED_FACE('PartBody',(#6908),#6828,.T.) ;
#6971=ADVANCED_FACE('PartBody',(#6970),#6910,.F.) ;
#7054=ADVANCED_FACE('PartBody',(#7053),#6972,.F.) ;
#7147=ADVANCED_FACE('PartBody',(#7146),#7055,.F.) ;
#7211=ADVANCED_FACE('PartBody',(#7210),#7148,.T.) ;
#7294=ADVANCED_FACE('PartBody',(#7293),#7212,.T.) ;
#7318=ADVANCED_FACE('PartBody',(#7317),#7299,.T.) ;
#7350=ADVANCED_FACE('PartBody',(#7349),#7323,.T.) ;
#7374=ADVANCED_FACE('PartBody',(#7373),#7355,.T.) ;
#7457=ADVANCED_FACE('PartBody',(#7456),#7375,.F.) ;
#7481=ADVANCED_FACE('PartBody',(#7480),#7462,.T.) ;
#7564=ADVANCED_FACE('PartBody',(#7563),#7482,.T.) ;
#7647=ADVANCED_FACE('PartBody',(#7646),#7565,.T.) ;
#7737=ADVANCED_FACE('PartBody',(#7736),#7648,.T.) ;
#7820=ADVANCED_FACE('PartBody',(#7819),#7738,.F.) ;
#7844=ADVANCED_FACE('PartBody',(#7843),#7825,.T.) ;
#7927=ADVANCED_FACE('PartBody',(#7926),#7845,.T.) ;
#7944=ADVANCED_FACE('PartBody',(#7943),#7932,.T.) ;
#7970=ADVANCED_FACE('PartBody',(#7969),#7949,.T.) ;
#7996=ADVANCED_FACE('PartBody',(#7995),#7975,.T.) ;
#8027=ADVANCED_FACE('PartBody',(#8026),#8001,.F.) ;
#8054=ADVANCED_FACE('PartBody',(#8053),#8032,.F.) ;
#8089=ADVANCED_FACE('PartBody',(#8088),#8059,.F.) ;
#8124=ADVANCED_FACE('PartBody',(#8123),#8094,.F.) ;
#8149=ADVANCED_FACE('PartBody',(#8148),#8129,.F.) ;
#8174=ADVANCED_FACE('PartBody',(#8173),#8154,.F.) ;
#8198=ADVANCED_FACE('PartBody',(#8197),#8179,.F.) ;
#8215=ADVANCED_FACE('PartBody',(#8214),#8203,.F.) ;
#8299=ADVANCED_FACE('PartBody',(#8298),#8220,.T.) ;
#8365=ADVANCED_FACE('PartBody',(#8364),#8304,.T.) ;
#8387=ADVANCED_FACE('PartBody',(#8386),#8370,.T.) ;
#8404=ADVANCED_FACE('PartBody',(#8403),#8392,.T.) ;
#8444=ADVANCED_FACE('PartBody',(#8443),#8405,.T.) ;
#8541=ADVANCED_FACE('PartBody',(#8540),#8445,.T.) ;
#8558=ADVANCED_FACE('PartBody',(#8557),#8546,.T.) ;
#8655=ADVANCED_FACE('PartBody',(#8654),#8559,.T.) ;
#8672=ADVANCED_FACE('PartBody',(#8671),#8660,.T.) ;
#8689=ADVANCED_FACE('PartBody',(#8688),#8677,.T.) ;
#8706=ADVANCED_FACE('PartBody',(#8705),#8694,.T.) ;
#8718=ADVANCED_FACE('PartBody',(#8717),#8711,.T.) ;
#8760=ADVANCED_FACE('PartBody',(#8759),#8723,.F.) ;
#8785=ADVANCED_FACE('PartBody',(#8784),#8765,.T.) ;
#8809=ADVANCED_FACE('PartBody',(#8808),#8790,.T.) ;
#8833=ADVANCED_FACE('PartBody',(#8832),#8814,.F.) ;
#8860=ADVANCED_FACE('PartBody',(#8859),#8838,.F.) ;
#8884=ADVANCED_FACE('PartBody',(#8883),#8865,.T.) ;
#8919=ADVANCED_FACE('PartBody',(#8918),#8889,.T.) ;
#8937=ADVANCED_FACE('PartBody',(#8936),#8924,.F.) ;
#9022=ADVANCED_FACE('PartBody',(#9021),#8942,.T.) ;
#9082=ADVANCED_FACE('PartBody',(#9081),#8220,.T.) ;
#9104=ADVANCED_FACE('PartBody',(#9103),#9087,.T.) ;
#9121=ADVANCED_FACE('PartBody',(#9120),#9109,.T.) ;
#9138=ADVANCED_FACE('PartBody',(#9137),#9126,.T.) ;
#9155=ADVANCED_FACE('PartBody',(#9154),#9143,.T.) ;
#9252=ADVANCED_FACE('PartBody',(#9251),#9156,.T.) ;
#9269=ADVANCED_FACE('PartBody',(#9268),#9257,.T.) ;
#9366=ADVANCED_FACE('PartBody',(#9365),#9270,.T.) ;
#9406=ADVANCED_FACE('PartBody',(#9405),#9367,.F.) ;
#9423=ADVANCED_FACE('PartBody',(#9422),#9411,.T.) ;
#9435=ADVANCED_FACE('PartBody',(#9434),#9428,.T.) ;
#9470=ADVANCED_FACE('PartBody',(#9469),#9440,.F.) ;
#9494=ADVANCED_FACE('PartBody',(#9493),#9475,.T.) ;
#9513=ADVANCED_FACE('PartBody',(#9512),#9475,.T.) ;
#9541=ADVANCED_FACE('PartBody',(#9540),#9518,.F.) ;
#9572=ADVANCED_FACE('PartBody',(#9571),#9546,.T.) ;
#9596=ADVANCED_FACE('PartBody',(#9595),#9577,.T.) ;
#9708=ADVANCED_FACE('PartBody',(#9707),#9597,.F.) ;
#9803=ADVANCED_FACE('PartBody',(#9802),#9709,.F.) ;
#9904=ADVANCED_FACE('PartBody',(#9903),#9804,.T.) ;
#10033=ADVANCED_FACE('PartBody',(#10032),#9905,.F.) ;
#10064=ADVANCED_FACE('PartBody',(#10063),#10038,.T.) ;
#10095=ADVANCED_FACE('PartBody',(#10094),#10069,.T.) ;
#10223=ADVANCED_FACE('PartBody',(#10222),#10096,.F.) ;
#10324=ADVANCED_FACE('PartBody',(#10323),#10224,.T.) ;
#10423=ADVANCED_FACE('PartBody',(#10422),#10325,.T.) ;
#10526=ADVANCED_FACE('PartBody',(#10525),#10424,.F.) ;
#10567=ADVANCED_FACE('PartBody',(#10566),#10531,.F.) ;
#10627=ADVANCED_FACE('PartBody',(#10626),#10572,.F.) ;
#10656=ADVANCED_FACE('PartBody',(#10655),#10531,.F.) ;
#10690=ADVANCED_FACE('PartBody',(#10689),#10661,.T.) ;
#10750=ADVANCED_FACE('PartBody',(#10749),#10695,.F.) ;
#10772=ADVANCED_FACE('PartBody',(#10771),#10661,.T.) ;
#10810=ADVANCED_FACE('PartBody',(#10809),#9518,.F.) ;
#10829=ADVANCED_FACE('PartBody',(#10828),#9475,.T.) ;
#10848=ADVANCED_FACE('PartBody',(#10847),#9475,.T.) ;
#10879=ADVANCED_FACE('PartBody',(#10878),#9440,.F.) ;
#10917=ADVANCED_FACE('PartBody',(#10916),#9440,.F.) ;
#10936=ADVANCED_FACE('PartBody',(#10935),#9475,.T.) ;
#10955=ADVANCED_FACE('PartBody',(#10954),#9475,.T.) ;
#10985=ADVANCED_FACE('PartBody',(#10984),#9518,.F.) ;
#11028=ADVANCED_FACE('PartBody',(#11027),#10990,.T.) ;
#11074=ADVANCED_FACE('PartBody',(#11073),#11033,.F.) ;
#11096=ADVANCED_FACE('PartBody',(#11095),#11079,.T.) ;
#11166=ADVANCED_FACE('PartBody',(#11165),#11097,.T.) ;
#11235=ADVANCED_FACE('PartBody',(#11234),#11167,.F.) ;
#11340=ADVANCED_FACE('PartBody',(#11339),#11236,.F.) ;
#11410=ADVANCED_FACE('PartBody',(#11409),#11341,.F.) ;
#11480=ADVANCED_FACE('PartBody',(#11479),#11411,.F.) ;
#11497=ADVANCED_FACE('PartBody',(#11496),#11485,.T.) ;
#11514=ADVANCED_FACE('PartBody',(#11513),#11502,.T.) ;
#11584=ADVANCED_FACE('PartBody',(#11583),#11515,.F.) ;
#11653=ADVANCED_FACE('PartBody',(#11652),#11585,.F.) ;
#11776=ADVANCED_FACE('PartBody',(#11775),#11654,.T.) ;
#11846=ADVANCED_FACE('PartBody',(#11845),#11777,.F.) ;
#11916=ADVANCED_FACE('PartBody',(#11915),#11847,.T.) ;
#11928=ADVANCED_FACE('PartBody',(#11927),#11921,.T.) ;
#11956=ADVANCED_FACE('PartBody',(#11951,#11955),#11933,.T.) ;
#11992=ADVANCED_FACE('PartBody',(#11991),#11961,.F.) ;
#12009=ADVANCED_FACE('PartBody',(#12008),#11961,.F.) ;
#12031=ADVANCED_FACE('PartBody',(#12030),#12014,.F.) ;
#12043=ADVANCED_FACE('PartBody',(#12042),#12036,.F.) ;
#12071=ADVANCED_FACE('PartBody',(#12066,#12070),#12048,.T.) ;
#12105=ADVANCED_FACE('PartBody',(#12104),#12076,.F.) ;
#12120=ADVANCED_FACE('PartBody',(#12119),#12076,.F.) ;
#12142=ADVANCED_FACE('PartBody',(#12141),#12125,.F.) ;
#12154=ADVANCED_FACE('PartBody',(#12153),#12147,.F.) ;
#4=APPLICATION_PROTOCOL_DEFINITION('international standard','config_control_design',1994,#1) ;
#32=APPROVAL_DATE_TIME(#13,#21) ;
#66=B_SPLINE_CURVE_WITH_KNOTS('',5,(#67,#68,#69,#70,#71,#72,#73,#74,#75,#76,#77,#78,#79,#80,#81),.UNSPECIFIED.,.F.,.U.,(6,3,3,3,6),(0.,1.44589046827,3.52829828157,5.67121006202,6.97314968968),.UNSPECIFIED.) ;
#99=B_SPLINE_CURVE_WITH_KNOTS('',5,(#100,#101,#102,#103,#104,#105,#106,#107,#108),.UNSPECIFIED.,.F.,.U.,(6,3,6),(0.,2.71439763048,5.64887390123),.UNSPECIFIED.) ;
#132=B_SPLINE_CURVE_WITH_KNOTS('',5,(#133,#134,#135,#136,#137,#138,#139,#140,#141,#142,#143,#144,#145,#146,#147),.UNSPECIFIED.,.F.,.U.,(6,3,3,3,6),(0.,1.44589046829,3.52829828144,5.67121006163,6.9731496893),.UNSPECIFIED.) ;
#158=B_SPLINE_CURVE_WITH_KNOTS('',5,(#159,#160,#161,#162,#163,#164,#165,#166,#167),.UNSPECIFIED.,.F.,.U.,(6,3,6),(0.,2.71439763118,5.64887390188),.UNSPECIFIED.) ;
#551=B_SPLINE_CURVE_WITH_KNOTS('',5,(#552,#553,#554,#555,#556,#557,#558,#559,#560,#561,#562,#563,#564,#565,#566),.UNSPECIFIED.,.F.,.U.,(6,3,3,3,6),(0.,6.69232412481,10.3559106967,13.6794075657,19.7571633792),.UNSPECIFIED.) ;
#570=B_SPLINE_CURVE_WITH_KNOTS('',5,(#571,#572,#573,#574,#575,#576),.UNSPECIFIED.,.F.,.U.,(6,6),(0.,5.66579886234),.UNSPECIFIED.) ;
#598=B_SPLINE_CURVE_WITH_KNOTS('',5,(#599,#600,#601,#602,#603,#604),.UNSPECIFIED.,.F.,.U.,(6,6),(0.,5.66579886229),.UNSPECIFIED.) ;
#608=B_SPLINE_CURVE_WITH_KNOTS('',5,(#609,#610,#611,#612,#613,#614,#615,#616,#617,#618,#619,#620,#621,#622,#623),.UNSPECIFIED.,.F.,.U.,(6,3,3,3,6),(0.,6.69232412557,10.3559106974,13.6794075662,19.7571633798),.UNSPECIFIED.) ;
#654=B_SPLINE_CURVE_WITH_KNOTS('',5,(#655,#656,#657,#658,#659,#660,#661,#662,#663,#664,#665,#666,#667,#668,#669),.UNSPECIFIED.,.F.,.U.,(6,3,3,3,6),(0.,6.69232412693,10.3559106986,13.6794075672,19.7571633794),.UNSPECIFIED.) ;
#673=B_SPLINE_CURVE_WITH_KNOTS('',5,(#674,#675,#676,#677,#678,#679),.UNSPECIFIED.,.F.,.U.,(6,6),(0.,5.66579886238),.UNSPECIFIED.) ;
#701=B_SPLINE_CURVE_WITH_KNOTS('',5,(#702,#703,#704,#705,#706,#707),.UNSPECIFIED.,.F.,.U.,(6,6),(0.,5.66579886249),.UNSPECIFIED.) ;
#711=B_SPLINE_CURVE_WITH_KNOTS('',5,(#712,#713,#714,#715,#716,#717,#718,#719,#720,#721,#722,#723,#724,#725,#726),.UNSPECIFIED.,.F.,.U.,(6,3,3,3,6),(0.,6.6923241265,10.3559106982,13.6794075669,19.7571633791),.UNSPECIFIED.) ;
#769=B_SPLINE_CURVE_WITH_KNOTS('',5,(#770,#771,#772,#773,#774,#775),.UNSPECIFIED.,.F.,.U.,(6,6),(0.,12.9555086781),.UNSPECIFIED.) ;
#781=B_SPLINE_CURVE_WITH_KNOTS('',5,(#782,#783,#784,#785,#786,#787,#788,#789,#790,#791,#792,#793,#794,#795,#796),.UNSPECIFIED.,.F.,.U.,(6,3,3,3,6),(0.,6.63986338475,14.4676508661,26.2727764275,35.1675260617),.UNSPECIFIED.) ;
#800=B_SPLINE_CURVE_WITH_KNOTS('',4,(#801,#802,#803,#804,#805),.UNSPECIFIED.,.F.,.U.,(5,5),(0.,8.27326120697),.UNSPECIFIED.) ;
#828=B_SPLINE_CURVE_WITH_KNOTS('',4,(#829,#830,#831,#832,#833),.UNSPECIFIED.,.F.,.U.,(5,5),(0.,8.27326120735),.UNSPECIFIED.) ;
#837=B_SPLINE_CURVE_WITH_KNOTS('',5,(#838,#839,#840,#841,#842,#843,#844,#845,#846,#847,#848,#849,#850,#851,#852),.UNSPECIFIED.,.F.,.U.,(6,3,3,3,6),(0.,6.63986338705,14.4676508693,26.2727764304,35.1675260613),.UNSPECIFIED.) ;
#856=B_SPLINE_CURVE_WITH_KNOTS('',5,(#857,#858,#859,#860,#861,#862),.UNSPECIFIED.,.F.,.U.,(6,6),(0.,12.9555086782),.UNSPECIFIED.) ;
#901=B_SPLINE_CURVE_WITH_KNOTS('',5,(#902,#903,#904,#905,#906,#907),.UNSPECIFIED.,.F.,.U.,(6,6),(0.,12.9555086785),.UNSPECIFIED.) ;
#913=B_SPLINE_CURVE_WITH_KNOTS('',5,(#914,#915,#916,#917,#918,#919,#920,#921,#922,#923,#924,#925,#926,#927,#928),.UNSPECIFIED.,.F.,.U.,(6,3,3,3,6),(0.,6.63986338581,14.4676508674,26.2727764282,35.1675260613),.UNSPECIFIED.) ;
#932=B_SPLINE_CURVE_WITH_KNOTS('',4,(#933,#934,#935,#936,#937),.UNSPECIFIED.,.F.,.U.,(5,5),(0.,8.27326120727),.UNSPECIFIED.) ;
#960=B_SPLINE_CURVE_WITH_KNOTS('',4,(#961,#962,#963,#964,#965),.UNSPECIFIED.,.F.,.U.,(5,5),(0.,8.27326120722),.UNSPECIFIED.) ;
#969=B_SPLINE_CURVE_WITH_KNOTS('',5,(#970,#971,#972,#973,#974,#975,#976,#977,#978,#979,#980,#981,#982,#983,#984),.UNSPECIFIED.,.F.,.U.,(6,3,3,3,6),(0.,6.63986338634,14.4676508679,26.2727764291,35.1675260612),.UNSPECIFIED.) ;
#988=B_SPLINE_CURVE_WITH_KNOTS('',5,(#989,#990,#991,#992,#993,#994),.UNSPECIFIED.,.F.,.U.,(6,6),(0.,12.955508678),.UNSPECIFIED.) ;
#1095=B_SPLINE_CURVE_WITH_KNOTS('',5,(#1096,#1097,#1098,#1099,#1100,#1101,#1102,#1103,#1104,#1105,#1106,#1107,#1108,#1109,#1110,#1111,#1112,#1113,#1114,#1115,#1116),.UNSPECIFIED.,.F.,.U.,(6,3,3,3,3,3,6),(0.,2.7873623362,5.57710146062,8.36685558928,11.1566171485,13.9463719035,16.3924203998),.UNSPECIFIED.) ;
#1122=B_SPLINE_CURVE_WITH_KNOTS('',5,(#1123,#1124,#1125,#1126,#1127,#1128,#1129,#1130,#1131,#1132,#1133,#1134,#1135,#1136,#1137,#1138,#1139,#1140,#1141,#1142,#1143),.UNSPECIFIED.,.F.,.U.,(6,3,3,3,3,3,6),(0.,2.78736233612,5.57710146038,8.36685558893,11.1566171482,13.9463719032,16.3924203994),.UNSPECIFIED.) ;
#1161=B_SPLINE_CURVE_WITH_KNOTS('',5,(#1162,#1163,#1164,#1165,#1166,#1167),.UNSPECIFIED.,.F.,.U.,(6,6),(0.,0.64015587861),.UNSPECIFIED.) ;
#1169=B_SPLINE_CURVE_WITH_KNOTS('',5,(#1170,#1171,#1172,#1173,#1174,#1175),.UNSPECIFIED.,.F.,.U.,(6,6),(0.,18.8672166496),.UNSPECIFIED.) ;
#1208=B_SPLINE_CURVE_WITH_KNOTS('',5,(#1209,#1210,#1211,#1212,#1213,#1214,#1215,#1216,#1217,#1218,#1219,#1220),.UNSPECIFIED.,.F.,.U.,(6,3,3,6),(0.,0.459853500437,0.937848086451,2.31000265312),.UNSPECIFIED.) ;
#1226=B_SPLINE_CURVE_WITH_KNOTS('',5,(#1227,#1228,#1229,#1230,#1231,#1232,#1233,#1234,#1235,#1236,#1237,#1238),.UNSPECIFIED.,.F.,.U.,(6,3,3,6),(0.,0.459853500438,0.93784808591,2.31000265256),.UNSPECIFIED.) ;
#1254=B_SPLINE_CURVE_WITH_KNOTS('',5,(#1255,#1256,#1257,#1258,#1259,#1260,#1261,#1262,#1263,#1264,#1265,#1266),.UNSPECIFIED.,.F.,.U.,(6,3,3,6),(0.,0.45985350047,0.937848086099,2.5639843079),.UNSPECIFIED.) ;
#1270=B_SPLINE_CURVE_WITH_KNOTS('',5,(#1271,#1272,#1273,#1274,#1275,#1276,#1277,#1278,#1279,#1280,#1281,#1282),.UNSPECIFIED.,.F.,.U.,(6,3,3,6),(0.,0.459853500467,0.937848086372,2.56398431348),.UNSPECIFIED.) ;
#1321=B_SPLINE_CURVE_WITH_KNOTS('',5,(#1322,#1323,#1324,#1325,#1326,#1327),.UNSPECIFIED.,.F.,.U.,(6,6),(0.,17.0305096228),.UNSPECIFIED.) ;
#1334=B_SPLINE_CURVE_WITH_KNOTS('',5,(#1335,#1336,#1337,#1338,#1339,#1340,#1341,#1342,#1343,#1344,#1345,#1346,#1347,#1348,#1349,#1350,#1351,#1352,#1353,#1354,#1355),.UNSPECIFIED.,.F.,.U.,(6,3,3,3,3,3,6),(0.,2.78736233611,5.5771014606,8.36685558918,11.1566171484,13.9463719036,16.4547237453),.UNSPECIFIED.) ;
#1359=B_SPLINE_CURVE_WITH_KNOTS('',5,(#1360,#1361,#1362,#1363,#1364,#1365,#1366,#1367,#1368,#1369,#1370,#1371,#1372,#1373,#1374,#1375,#1376,#1377,#1378,#1379,#1380),.UNSPECIFIED.,.F.,.U.,(6,3,3,3,3,3,6),(0.,2.78736233618,5.57710146048,8.36685558911,11.1566171483,13.9463719031,16.4547237448),.UNSPECIFIED.) ;
#1564=B_SPLINE_CURVE_WITH_KNOTS('',5,(#1565,#1566,#1567,#1568,#1569,#1570,#1571,#1572,#1573,#1574,#1575,#1576,#1577,#1578,#1579,#1580,#1581,#1582,#1583,#1584,#1585),.UNSPECIFIED.,.F.,.U.,(6,3,3,3,3,3,6),(0.,2.78736233647,5.57710146089,8.36685558939,11.1566171486,13.9463719036,16.4547237455),.UNSPECIFIED.) ;
#1591=B_SPLINE_CURVE_WITH_KNOTS('',5,(#1592,#1593,#1594,#1595,#1596,#1597,#1598,#1599,#1600,#1601,#1602,#1603,#1604,#1605,#1606,#1607,#1608,#1609,#1610,#1611,#1612),.UNSPECIFIED.,.F.,.U.,(6,3,3,3,3,3,6),(0.,2.7873623363,5.57710146066,8.36685558918,11.1566171484,13.9463719033,16.4547237452),.UNSPECIFIED.) ;
#1628=B_SPLINE_CURVE_WITH_KNOTS('',5,(#1629,#1630,#1631,#1632,#1633,#1634),.UNSPECIFIED.,.F.,.U.,(6,6),(0.,17.0305096219),.UNSPECIFIED.) ;
#1682=B_SPLINE_CURVE_WITH_KNOTS('',5,(#1683,#1684,#1685,#1686,#1687,#1688),.UNSPECIFIED.,.F.,.U.,(6,6),(0.,18.8672166474),.UNSPECIFIED.) ;
#1690=B_SPLINE_CURVE_WITH_KNOTS('',5,(#1691,#1692,#1693,#1694,#1695,#1696),.UNSPECIFIED.,.F.,.U.,(6,6),(0.,0.64015587861),.UNSPECIFIED.) ;
#1714=B_SPLINE_CURVE_WITH_KNOTS('',5,(#1715,#1716,#1717,#1718,#1719,#1720,#1721,#1722,#1723,#1724,#1725,#1726,#1727,#1728,#1729,#1730,#1731,#1732,#1733,#1734,#1735),.UNSPECIFIED.,.F.,.U.,(6,3,3,3,3,3,6),(0.,2.78736233642,5.57710146098,8.36685558942,11.1566171487,13.9463719036,16.3924203997),.UNSPECIFIED.) ;
#1739=B_SPLINE_CURVE_WITH_KNOTS('',5,(#1740,#1741,#1742,#1743,#1744,#1745,#1746,#1747,#1748,#1749,#1750,#1751,#1752,#1753,#1754,#1755,#1756,#1757,#1758,#1759,#1760),.UNSPECIFIED.,.F.,.U.,(6,3,3,3,3,3,6),(0.,2.78736233631,5.57710146067,8.36685558924,11.1566171484,13.9463719036,16.3924203998),.UNSPECIFIED.) ;
#1779=B_SPLINE_CURVE_WITH_KNOTS('',5,(#1780,#1781,#1782,#1783,#1784,#1785,#1786,#1787,#1788,#1789,#1790,#1791),.UNSPECIFIED.,.F.,.U.,(6,3,3,6),(0.,0.459853500525,0.937848086255,2.56398431188),.UNSPECIFIED.) ;
#1795=B_SPLINE_CURVE_WITH_KNOTS('',5,(#1796,#1797,#1798,#1799,#1800,#1801,#1802,#1803,#1804,#1805,#1806,#1807),.UNSPECIFIED.,.F.,.U.,(6,3,3,6),(0.,0.459853500383,0.937848086113,2.56398431274),.UNSPECIFIED.) ;
#1814=B_SPLINE_CURVE_WITH_KNOTS('',5,(#1815,#1816,#1817,#1818,#1819,#1820,#1821,#1822,#1823,#1824,#1825,#1826),.UNSPECIFIED.,.F.,.U.,(6,3,3,6),(0.,0.459853500652,0.937848086398,2.31000265709),.UNSPECIFIED.) ;
#1830=B_SPLINE_CURVE_WITH_KNOTS('',5,(#1831,#1832,#1833,#1834,#1835,#1836,#1837,#1838,#1839,#1840,#1841,#1842),.UNSPECIFIED.,.F.,.U.,(6,3,3,6),(0.,0.45985350066,0.937848086493,2.31000265583),.UNSPECIFIED.) ;
#2069=B_SPLINE_CURVE_WITH_KNOTS('',5,(#2070,#2071,#2072,#2073,#2074,#2075),.UNSPECIFIED.,.F.,.U.,(6,6),(30.1701548945,39.1555582018),.UNSPECIFIED.) ;
#2079=B_SPLINE_CURVE_WITH_KNOTS('',5,(#2080,#2081,#2082,#2083,#2084,#2085),.UNSPECIFIED.,.F.,.U.,(6,6),(0.,2.),.UNSPECIFIED.) ;
#2089=B_SPLINE_CURVE_WITH_KNOTS('',5,(#2090,#2091,#2092,#2093,#2094,#2095),.UNSPECIFIED.,.F.,.U.,(6,6),(30.1701522219,39.1555582018),.UNSPECIFIED.) ;
#2213=B_SPLINE_CURVE_WITH_KNOTS('',5,(#2214,#2215,#2216,#2217,#2218,#2219,#2220,#2221,#2222,#2223,#2224,#2225,#2226,#2227,#2228,#2229,#2230,#2231,#2232,#2233,#2234),.UNSPECIFIED.,.F.,.U.,(6,3,3,3,3,3,6),(22.1757317017,23.1209525772,26.2870137114,29.7485777113,35.819293415,40.6636560539,42.2427721537),.UNSPECIFIED.) ;
#2238=B_SPLINE_CURVE_WITH_KNOTS('',4,(#2239,#2240,#2241,#2242,#2243),.UNSPECIFIED.,.F.,.U.,(5,5),(0.,2.),.UNSPECIFIED.) ;
#2247=B_SPLINE_CURVE_WITH_KNOTS('',5,(#2248,#2249,#2250,#2251,#2252,#2253,#2254,#2255,#2256,#2257,#2258,#2259,#2260,#2261,#2262,#2263,#2264,#2265,#2266,#2267,#2268),.UNSPECIFIED.,.F.,.U.,(6,3,3,3,3,3,6),(22.1757317017,23.1209525772,26.2870137114,29.7485777113,35.819293415,40.6636560539,42.2427721537),.UNSPECIFIED.) ;
#2363=B_SPLINE_CURVE_WITH_KNOTS('',5,(#2364,#2365,#2366,#2367,#2368,#2369,#2370,#2371,#2372,#2373,#2374,#2375,#2376,#2377,#2378),.UNSPECIFIED.,.F.,.U.,(6,3,3,3,6),(25.4294903038,26.7664960285,31.8073441623,36.3177022099,37.7758608672),.UNSPECIFIED.) ;
#2382=B_SPLINE_CURVE_WITH_KNOTS('',4,(#2383,#2384,#2385,#2386,#2387),.UNSPECIFIED.,.F.,.U.,(5,5),(0.,2.),.UNSPECIFIED.) ;
#2391=B_SPLINE_CURVE_WITH_KNOTS('',5,(#2392,#2393,#2394,#2395,#2396,#2397,#2398,#2399,#2400,#2401,#2402,#2403,#2404,#2405,#2406),.UNSPECIFIED.,.F.,.U.,(6,3,3,3,6),(25.4295028515,26.7664960285,31.8073441623,36.3177022099,37.7758606743),.UNSPECIFIED.) ;
#2452=B_SPLINE_CURVE_WITH_KNOTS('',5,(#2453,#2454,#2455,#2456,#2457,#2458),.UNSPECIFIED.,.F.,.U.,(6,6),(16.4619728626,24.7518554775),.UNSPECIFIED.) ;
#2462=B_SPLINE_CURVE_WITH_KNOTS('',5,(#2463,#2464,#2465,#2466,#2467,#2468),.UNSPECIFIED.,.F.,.U.,(6,6),(0.,2.),.UNSPECIFIED.) ;
#2472=B_SPLINE_CURVE_WITH_KNOTS('',5,(#2473,#2474,#2475,#2476,#2477,#2478),.UNSPECIFIED.,.F.,.U.,(6,6),(16.4619728626,24.7518554775),.UNSPECIFIED.) ;
#2569=B_SPLINE_CURVE_WITH_KNOTS('',5,(#2570,#2571,#2572,#2573,#2574,#2575,#2576,#2577,#2578),.UNSPECIFIED.,.F.,.U.,(6,3,6),(30.2472243134,33.6638556291,38.5119721189),.UNSPECIFIED.) ;
#2582=B_SPLINE_CURVE_WITH_KNOTS('',5,(#2583,#2584,#2585,#2586,#2587,#2588),.UNSPECIFIED.,.F.,.U.,(6,6),(0.,2.),.UNSPECIFIED.) ;
#2592=B_SPLINE_CURVE_WITH_KNOTS('',5,(#2593,#2594,#2595,#2596,#2597,#2598,#2599,#2600,#2601),.UNSPECIFIED.,.F.,.U.,(6,3,6),(30.2472243134,33.6638556291,38.5119721189),.UNSPECIFIED.) ;
#2785=B_SPLINE_CURVE_WITH_KNOTS('',5,(#2786,#2787,#2788,#2789,#2790,#2791,#2792,#2793,#2794,#2795,#2796,#2797),.UNSPECIFIED.,.F.,.U.,(6,3,3,6),(23.668647989,24.8359339148,28.7664863062,31.9333065806),.UNSPECIFIED.) ;
#2801=B_SPLINE_CURVE_WITH_KNOTS('',5,(#2802,#2803,#2804,#2805,#2806,#2807),.UNSPECIFIED.,.F.,.U.,(6,6),(0.,2.),.UNSPECIFIED.) ;
#2811=B_SPLINE_CURVE_WITH_KNOTS('',5,(#2812,#2813,#2814,#2815,#2816,#2817,#2818,#2819,#2820,#2821,#2822,#2823),.UNSPECIFIED.,.F.,.U.,(6,3,3,6),(23.668647989,24.8359339148,28.7664863062,31.9333065806),.UNSPECIFIED.) ;
#2869=B_SPLINE_CURVE_WITH_KNOTS('',5,(#2870,#2871,#2872,#2873,#2874,#2875,#2876,#2877,#2878),.UNSPECIFIED.,.F.,.U.,(6,3,6),(16.4624021392,22.2071147269,24.7524833291),.UNSPECIFIED.) ;
#2882=B_SPLINE_CURVE_WITH_KNOTS('',4,(#2883,#2884,#2885,#2886,#2887),.UNSPECIFIED.,.F.,.U.,(5,5),(0.,2.),.UNSPECIFIED.) ;
#2891=B_SPLINE_CURVE_WITH_KNOTS('',5,(#2892,#2893,#2894,#2895,#2896,#2897,#2898,#2899,#2900),.UNSPECIFIED.,.F.,.U.,(6,3,6),(16.4624021392,22.2071147269,24.7524861135),.UNSPECIFIED.) ;
#2964=B_SPLINE_CURVE_WITH_KNOTS('',5,(#2965,#2966,#2967,#2968,#2969,#2970,#2971,#2972,#2973,#2974,#2975,#2976),.UNSPECIFIED.,.F.,.U.,(6,3,3,6),(25.9250132874,30.3867593847,35.6455300894,38.2719409381),.UNSPECIFIED.) ;
#2980=B_SPLINE_CURVE_WITH_KNOTS('',4,(#2981,#2982,#2983,#2984,#2985),.UNSPECIFIED.,.F.,.U.,(5,5),(0.,2.),.UNSPECIFIED.) ;
#2989=B_SPLINE_CURVE_WITH_KNOTS('',5,(#2990,#2991,#2992,#2993,#2994,#2995,#2996,#2997,#2998,#2999,#3000,#3001),.UNSPECIFIED.,.F.,.U.,(6,3,3,6),(25.9250132874,30.3867593847,35.6455300894,38.2719394143),.UNSPECIFIED.) ;
#3150=B_SPLINE_CURVE_WITH_KNOTS('',5,(#3151,#3152,#3153,#3154,#3155,#3156,#3157,#3158,#3159,#3160,#3161,#3162,#3163,#3164,#3165,#3166,#3167,#3168),.UNSPECIFIED.,.F.,.U.,(6,3,3,3,3,6),(21.4535708069,25.2568285368,30.5122134271,35.5530615605,40.0634196075,41.5213332682),.UNSPECIFIED.) ;
#3172=B_SPLINE_CURVE_WITH_KNOTS('',5,(#3173,#3174,#3175,#3176,#3177,#3178),.UNSPECIFIED.,.F.,.U.,(6,6),(0.,2.),.UNSPECIFIED.) ;
#3182=B_SPLINE_CURVE_WITH_KNOTS('',5,(#3183,#3184,#3185,#3186,#3187,#3188,#3189,#3190,#3191,#3192,#3193,#3194,#3195,#3196,#3197,#3198,#3199,#3200),.UNSPECIFIED.,.F.,.U.,(6,3,3,3,3,6),(21.4535753336,25.2568285368,30.5122134271,35.5530615605,40.0634196075,41.5213331404),.UNSPECIFIED.) ;
#3264=B_SPLINE_CURVE_WITH_KNOTS('',5,(#3265,#3266,#3267,#3268,#3269,#3270),.UNSPECIFIED.,.F.,.U.,(6,6),(30.1702158906,39.1560320592),.UNSPECIFIED.) ;
#3274=B_SPLINE_CURVE_WITH_KNOTS('',5,(#3275,#3276,#3277,#3278,#3279,#3280),.UNSPECIFIED.,.F.,.U.,(6,6),(0.,2.),.UNSPECIFIED.) ;
#3284=B_SPLINE_CURVE_WITH_KNOTS('',5,(#3285,#3286,#3287,#3288,#3289,#3290),.UNSPECIFIED.,.F.,.U.,(6,6),(30.17021605,39.1560320592),.UNSPECIFIED.) ;
#3465=B_SPLINE_CURVE_WITH_KNOTS('',5,(#3466,#3467,#3468,#3469,#3470,#3471),.UNSPECIFIED.,.F.,.U.,(6,6),(0.,2.),.UNSPECIFIED.) ;
#3477=B_SPLINE_CURVE_WITH_KNOTS('',5,(#3478,#3479,#3480,#3481,#3482,#3483,#3484,#3485,#3486,#3487,#3488,#3489),.UNSPECIFIED.,.F.,.U.,(6,3,3,6),(28.2793873645,29.6572827507,42.6709506969,51.6521042947),.UNSPECIFIED.) ;
#3493=B_SPLINE_CURVE_WITH_KNOTS('',5,(#3494,#3495,#3496,#3497,#3498,#3499),.UNSPECIFIED.,.F.,.U.,(6,6),(0.,2.),.UNSPECIFIED.) ;
#3503=B_SPLINE_CURVE_WITH_KNOTS('',5,(#3504,#3505,#3506,#3507,#3508,#3509,#3510,#3511,#3512,#3513,#3514,#3515),.UNSPECIFIED.,.F.,.U.,(6,3,3,6),(28.2793873646,29.6572827507,42.6709506969,51.6521108548),.UNSPECIFIED.) ;
#3668=B_SPLINE_CURVE_WITH_KNOTS('',5,(#3669,#3670,#3671,#3672,#3673,#3674,#3675,#3676,#3677,#3678,#3679,#3680),.UNSPECIFIED.,.F.,.U.,(6,3,3,6),(33.9260172836,41.8692707238,53.6918937416,57.2963431258),.UNSPECIFIED.) ;
#3684=B_SPLINE_CURVE_WITH_KNOTS('',5,(#3685,#3686,#3687,#3688,#3689,#3690),.UNSPECIFIED.,.F.,.U.,(6,6),(0.,2.),.UNSPECIFIED.) ;
#3694=B_SPLINE_CURVE_WITH_KNOTS('',5,(#3695,#3696,#3697,#3698,#3699,#3700,#3701,#3702,#3703,#3704,#3705,#3706),.UNSPECIFIED.,.F.,.U.,(6,3,3,6),(33.9260218756,41.8692707238,53.6918937416,57.2963431258),.UNSPECIFIED.) ;
#3797=B_SPLINE_CURVE_WITH_KNOTS('',5,(#3798,#3799,#3800,#3801,#3802,#3803,#3804,#3805,#3806,#3807,#3808,#3809),.UNSPECIFIED.,.F.,.U.,(6,3,3,6),(0.,11.0980863378,21.4268818732,23.376345514),.UNSPECIFIED.) ;
#3813=B_SPLINE_CURVE_WITH_KNOTS('',5,(#3814,#3815,#3816,#3817,#3818,#3819),.UNSPECIFIED.,.F.,.U.,(6,6),(0.,2.),.UNSPECIFIED.) ;
#3823=B_SPLINE_CURVE_WITH_KNOTS('',5,(#3824,#3825,#3826,#3827,#3828,#3829,#3830,#3831,#3832,#3833,#3834,#3835),.UNSPECIFIED.,.F.,.U.,(6,3,3,6),(0.,11.0980863378,21.4268818732,23.3763461757),.UNSPECIFIED.) ;
#3988=B_SPLINE_CURVE_WITH_KNOTS('',5,(#3989,#3990,#3991,#3992,#3993,#3994,#3995,#3996,#3997,#3998,#3999,#4000),.UNSPECIFIED.,.F.,.U.,(6,3,3,6),(33.9260172847,41.8692707248,53.6918937425,57.2983771258),.UNSPECIFIED.) ;
#4002=B_SPLINE_CURVE_WITH_KNOTS('',5,(#4003,#4004,#4005,#4006,#4007,#4008,#4009,#4010,#4011,#4012,#4013,#4014),.UNSPECIFIED.,.F.,.U.,(6,3,3,6),(33.9260218768,41.8692707248,53.6918937425,57.2983771256),.UNSPECIFIED.) ;
#4358=B_SPLINE_CURVE_WITH_KNOTS('',5,(#4359,#4360,#4361,#4362,#4363,#4364,#4365,#4366,#4367,#4368,#4369,#4370,#4371,#4372,#4373,#4374,#4375,#4376,#4377,#4378,#4379,#4380,#4381,#4382),.UNSPECIFIED.,.F.,.U.,(6,3,3,3,3,3,3,6),(11.5741698129,16.5800646862,23.2223966807,28.5019101191,32.508586736,37.55456749,42.2629741908,47.0993285262),.UNSPECIFIED.) ;
#4384=B_SPLINE_CURVE_WITH_KNOTS('',5,(#4385,#4386,#4387,#4388,#4389,#4390),.UNSPECIFIED.,.F.,.U.,(6,6),(0.,2.),.UNSPECIFIED.) ;
#4394=B_SPLINE_CURVE_WITH_KNOTS('',5,(#4395,#4396,#4397,#4398,#4399,#4400,#4401,#4402,#4403,#4404,#4405,#4406,#4407,#4408,#4409,#4410,#4411,#4412,#4413,#4414,#4415,#4416,#4417,#4418),.UNSPECIFIED.,.F.,.U.,(6,3,3,3,3,3,3,6),(11.5741701221,16.5800646862,23.2223966807,28.5019101191,32.508586736,37.55456749,42.2629741908,47.0993285262),.UNSPECIFIED.) ;
#4659=B_SPLINE_CURVE_WITH_KNOTS('',5,(#4660,#4661,#4662,#4663,#4664,#4665,#4666,#4667,#4668,#4669,#4670,#4671,#4672,#4673,#4674,#4675,#4676,#4677,#4678,#4679,#4680,#4681,#4682,#4683),.UNSPECIFIED.,.F.,.U.,(6,3,3,3,3,3,3,6),(9.54352956931,14.5494244426,21.1917564371,26.4712698753,30.4779464919,35.523927246,40.2323339466,45.0686882821),.UNSPECIFIED.) ;
#4685=B_SPLINE_CURVE_WITH_KNOTS('',5,(#4686,#4687,#4688,#4689,#4690,#4691,#4692,#4693,#4694,#4695,#4696,#4697,#4698,#4699,#4700,#4701,#4702,#4703,#4704,#4705,#4706,#4707,#4708,#4709),.UNSPECIFIED.,.F.,.U.,(6,3,3,3,3,3,3,6),(9.54352987852,14.5494244426,21.1917564371,26.4712698753,30.4779464919,35.523927246,40.2323339466,45.0686882821),.UNSPECIFIED.) ;
#4737=B_SPLINE_CURVE_WITH_KNOTS('',5,(#4738,#4739,#4740,#4741,#4742,#4743),.UNSPECIFIED.,.F.,.U.,(6,6),(106.572537272,138.703222374),.UNSPECIFIED.) ;
#4783=B_SPLINE_CURVE_WITH_KNOTS('',5,(#4784,#4785,#4786,#4787,#4788,#4789,#4790,#4791,#4792),.UNSPECIFIED.,.F.,.U.,(6,3,6),(106.572006827,114.764288591,138.702689774),.UNSPECIFIED.) ;
#4913=B_SPLINE_CURVE_WITH_KNOTS('',5,(#4914,#4915,#4916,#4917,#4918,#4919),.UNSPECIFIED.,.F.,.U.,(6,6),(83.4650329503,115.14635296),.UNSPECIFIED.) ;
#4921=B_SPLINE_CURVE_WITH_KNOTS('',4,(#4922,#4923,#4924,#4925,#4926),.UNSPECIFIED.,.F.,.U.,(5,5),(50.2960488119,83.0630828805),.UNSPECIFIED.) ;
#5016=B_SPLINE_CURVE_WITH_KNOTS('',4,(#5017,#5018,#5019,#5020,#5021),.UNSPECIFIED.,.F.,.U.,(5,5),(50.2960464685,83.0632200683),.UNSPECIFIED.) ;
#5023=B_SPLINE_CURVE_WITH_KNOTS('',5,(#5024,#5025,#5026,#5027,#5028,#5029),.UNSPECIFIED.,.F.,.U.,(6,6),(49.7277589348,81.4089058717),.UNSPECIFIED.) ;
#5165=B_SPLINE_CURVE_WITH_KNOTS('',4,(#5166,#5167,#5168,#5169,#5170),.UNSPECIFIED.,.F.,.U.,(5,5),(77.5993314312,97.4959244247),.UNSPECIFIED.) ;
#5172=B_SPLINE_CURVE_WITH_KNOTS('',4,(#5173,#5174,#5175,#5176,#5177),.UNSPECIFIED.,.F.,.U.,(5,5),(75.0296416028,93.840317221),.UNSPECIFIED.) ;
#5199=B_SPLINE_CURVE_WITH_KNOTS('',4,(#5200,#5201,#5202,#5203,#5204),.UNSPECIFIED.,.F.,.U.,(5,5),(75.2182754652,94.0291158273),.UNSPECIFIED.) ;
#5206=B_SPLINE_CURVE_WITH_KNOTS('',4,(#5207,#5208,#5209,#5210,#5211),.UNSPECIFIED.,.F.,.U.,(5,5),(77.5993388144,97.4959120187),.UNSPECIFIED.) ;
#5339=B_SPLINE_CURVE_WITH_KNOTS('',5,(#5340,#5341,#5342,#5343,#5344,#5345,#5346,#5347,#5348),.UNSPECIFIED.,.F.,.U.,(6,3,6),(49.7277589348,62.8574070948,81.4089266299),.UNSPECIFIED.) ;
#5352=B_SPLINE_CURVE_WITH_KNOTS('',5,(#5353,#5354,#5355,#5356,#5357,#5358),.UNSPECIFIED.,.F.,.U.,(6,6),(0.,2.),.UNSPECIFIED.) ;
#5422=B_SPLINE_CURVE_WITH_KNOTS('',5,(#5423,#5424,#5425,#5426,#5427,#5428),.UNSPECIFIED.,.F.,.U.,(6,6),(106.572537272,138.703222374),.UNSPECIFIED.) ;
#5432=B_SPLINE_CURVE_WITH_KNOTS('',5,(#5433,#5434,#5435,#5436,#5437,#5438),.UNSPECIFIED.,.F.,.U.,(6,6),(0.,2.),.UNSPECIFIED.) ;
#5502=B_SPLINE_CURVE_WITH_KNOTS('',5,(#5503,#5504,#5505,#5506,#5507,#5508,#5509,#5510,#5511),.UNSPECIFIED.,.F.,.U.,(6,3,6),(75.2182749666,85.7802597733,94.0291154475),.UNSPECIFIED.) ;
#5515=B_SPLINE_CURVE_WITH_KNOTS('',5,(#5516,#5517,#5518,#5519,#5520,#5521),.UNSPECIFIED.,.F.,.U.,(6,6),(0.,2.),.UNSPECIFIED.) ;
#5585=B_SPLINE_CURVE_WITH_KNOTS('',5,(#5586,#5587,#5588,#5589,#5590,#5591),.UNSPECIFIED.,.F.,.U.,(6,6),(0.,2.),.UNSPECIFIED.) ;
#5595=B_SPLINE_CURVE_WITH_KNOTS('',5,(#5596,#5597,#5598,#5599,#5600,#5601,#5602,#5603,#5604),.UNSPECIFIED.,.F.,.U.,(6,3,6),(75.0296416028,88.2057285922,93.840317221),.UNSPECIFIED.) ;
#5608=B_SPLINE_CURVE_WITH_KNOTS('',5,(#5609,#5610,#5611,#5612,#5613,#5614),.UNSPECIFIED.,.F.,.U.,(6,6),(0.,2.),.UNSPECIFIED.) ;
#5678=B_SPLINE_CURVE_WITH_KNOTS('',5,(#5679,#5680,#5681,#5682,#5683,#5684,#5685,#5686,#5687),.UNSPECIFIED.,.F.,.U.,(6,3,6),(106.572006827,114.764288591,138.702689911),.UNSPECIFIED.) ;
#5691=B_SPLINE_CURVE_WITH_KNOTS('',5,(#5692,#5693,#5694,#5695,#5696,#5697),.UNSPECIFIED.,.F.,.U.,(6,6),(0.,2.),.UNSPECIFIED.) ;
#5761=B_SPLINE_CURVE_WITH_KNOTS('',5,(#5762,#5763,#5764,#5765,#5766,#5767,#5768,#5769,#5770,#5771,#5772,#5773),.UNSPECIFIED.,.F.,.U.,(6,3,3,6),(83.4650329503,84.501967531,106.264891041,115.146338928),.UNSPECIFIED.) ;
#5777=B_SPLINE_CURVE_WITH_KNOTS('',5,(#5778,#5779,#5780,#5781,#5782,#5783),.UNSPECIFIED.,.F.,.U.,(6,6),(0.,2.),.UNSPECIFIED.) ;
#5920=B_SPLINE_CURVE_WITH_KNOTS('',5,(#5921,#5922,#5923,#5924,#5925,#5926,#5927,#5928,#5929),.UNSPECIFIED.,.F.,.U.,(6,3,6),(50.2960488119,63.7411239394,83.0630864414),.UNSPECIFIED.) ;
#5933=B_SPLINE_CURVE_WITH_KNOTS('',4,(#5934,#5935,#5936,#5937,#5938),.UNSPECIFIED.,.F.,.U.,(5,5),(0.,2.),.UNSPECIFIED.) ;
#6026=B_SPLINE_CURVE_WITH_KNOTS('',5,(#6027,#6028,#6029,#6030,#6031,#6032,#6033,#6034,#6035),.UNSPECIFIED.,.F.,.U.,(6,3,6),(77.5993515128,88.6632159585,97.4959244247),.UNSPECIFIED.) ;
#6039=B_SPLINE_CURVE_WITH_KNOTS('',5,(#6040,#6041,#6042,#6043,#6044,#6045),.UNSPECIFIED.,.F.,.U.,(6,6),(0.,2.),.UNSPECIFIED.) ;
#6164=B_SPLINE_CURVE_WITH_KNOTS('',5,(#6165,#6166,#6167,#6168,#6169,#6170,#6171,#6172,#6173),.UNSPECIFIED.,.F.,.U.,(6,3,6),(77.5993388144,88.0943144405,97.4959168345),.UNSPECIFIED.) ;
#6177=B_SPLINE_CURVE_WITH_KNOTS('',4,(#6178,#6179,#6180,#6181,#6182),.UNSPECIFIED.,.F.,.U.,(5,5),(0.,2.),.UNSPECIFIED.) ;
#6270=B_SPLINE_CURVE_WITH_KNOTS('',5,(#6271,#6272,#6273,#6274,#6275,#6276,#6277,#6278,#6279),.UNSPECIFIED.,.F.,.U.,(6,3,6),(50.2961150347,63.9015010467,83.0632200683),.UNSPECIFIED.) ;
#6283=B_SPLINE_CURVE_WITH_KNOTS('',5,(#6284,#6285,#6286,#6287,#6288,#6289),.UNSPECIFIED.,.F.,.U.,(6,6),(0.,2.),.UNSPECIFIED.) ;
#6393=B_SPLINE_CURVE_WITH_KNOTS('',4,(#6394,#6395,#6396,#6397,#6398),.UNSPECIFIED.,.F.,.U.,(5,5),(18.2056654126,26.9963032794),.UNSPECIFIED.) ;
#6422=B_SPLINE_CURVE_WITH_KNOTS('',4,(#6423,#6424,#6425,#6426,#6427),.UNSPECIFIED.,.F.,.U.,(5,5),(115.801335107,144.980555174),.UNSPECIFIED.) ;
#6431=B_SPLINE_CURVE_WITH_KNOTS('',3,(#6432,#6433,#6434,#6435),.UNSPECIFIED.,.F.,.U.,(4,4),(69.1651251708,101.665872058),.UNSPECIFIED.) ;
#6439=B_SPLINE_CURVE_WITH_KNOTS('',4,(#6440,#6441,#6442,#6443,#6444),.UNSPECIFIED.,.F.,.U.,(5,5),(56.7877620613,76.5077427199),.UNSPECIFIED.) ;
#6487=B_SPLINE_CURVE_WITH_KNOTS('',4,(#6488,#6489,#6490,#6491,#6492),.UNSPECIFIED.,.F.,.U.,(5,5),(12.7296149001,21.5196379937),.UNSPECIFIED.) ;
#6516=B_SPLINE_CURVE_WITH_KNOTS('',4,(#6517,#6518,#6519,#6520,#6521),.UNSPECIFIED.,.F.,.U.,(5,5),(76.5911239507,96.3110967695),.UNSPECIFIED.) ;
#6525=B_SPLINE_CURVE_WITH_KNOTS('',3,(#6526,#6527,#6528,#6529),.UNSPECIFIED.,.F.,.U.,(4,4),(69.1648286657,101.665341821),.UNSPECIFIED.) ;
#6533=B_SPLINE_CURVE_WITH_KNOTS('',4,(#6534,#6535,#6536,#6537,#6538),.UNSPECIFIED.,.F.,.U.,(5,5),(117.470860196,146.649979442),.UNSPECIFIED.) ;
#6647=B_SPLINE_CURVE_WITH_KNOTS('',5,(#6648,#6649,#6650,#6651,#6652,#6653,#6654,#6655,#6656),.UNSPECIFIED.,.F.,.U.,(6,3,6),(118.497490512,131.141098483,148.908457452),.UNSPECIFIED.) ;
#6667=B_SPLINE_CURVE_WITH_KNOTS('',5,(#6668,#6669,#6670,#6671,#6672,#6673,#6674,#6675,#6676),.UNSPECIFIED.,.F.,.U.,(6,3,6),(58.1524707345,61.411039209,70.552620975),.UNSPECIFIED.) ;
#6705=B_SPLINE_CURVE_WITH_KNOTS('',5,(#6706,#6707,#6708,#6709,#6710,#6711,#6712,#6713,#6714),.UNSPECIFIED.,.F.,.U.,(6,3,6),(58.1714813504,61.0813184676,70.571633258),.UNSPECIFIED.) ;
#6725=B_SPLINE_CURVE_WITH_KNOTS('',5,(#6726,#6727,#6728,#6729,#6730,#6731,#6732,#6733,#6734),.UNSPECIFIED.,.F.,.U.,(6,3,6),(118.497490564,129.766544615,148.908782297),.UNSPECIFIED.) ;
#6883=B_SPLINE_CURVE_WITH_KNOTS('',4,(#6884,#6885,#6886,#6887,#6888),.UNSPECIFIED.,.F.,.U.,(5,5),(0.,2.),.UNSPECIFIED.) ;
#6892=B_SPLINE_CURVE_WITH_KNOTS('',5,(#6893,#6894,#6895,#6896,#6897,#6898,#6899,#6900,#6901),.UNSPECIFIED.,.F.,.U.,(6,3,6),(117.470860196,129.861746473,146.649976214),.UNSPECIFIED.) ;
#6947=B_SPLINE_CURVE_WITH_KNOTS('',5,(#6948,#6949,#6950,#6951,#6952,#6953),.UNSPECIFIED.,.F.,.U.,(6,6),(0.,2.),.UNSPECIFIED.) ;
#6957=B_SPLINE_CURVE_WITH_KNOTS('',5,(#6958,#6959,#6960,#6961,#6962,#6963),.UNSPECIFIED.,.F.,.U.,(6,6),(69.1648286657,101.665341821),.UNSPECIFIED.) ;
#7027=B_SPLINE_CURVE_WITH_KNOTS('',5,(#7028,#7029,#7030,#7031,#7032,#7033),.UNSPECIFIED.,.F.,.U.,(6,6),(0.,2.),.UNSPECIFIED.) ;
#7037=B_SPLINE_CURVE_WITH_KNOTS('',5,(#7038,#7039,#7040,#7041,#7042,#7043,#7044,#7045,#7046),.UNSPECIFIED.,.F.,.U.,(6,3,6),(76.5911252013,81.9922410388,96.3110967695),.UNSPECIFIED.) ;
#7110=B_SPLINE_CURVE_WITH_KNOTS('',5,(#7111,#7112,#7113,#7114,#7115,#7116),.UNSPECIFIED.,.F.,.U.,(6,6),(0.,2.),.UNSPECIFIED.) ;
#7120=B_SPLINE_CURVE_WITH_KNOTS('',5,(#7121,#7122,#7123,#7124,#7125,#7126),.UNSPECIFIED.,.F.,.U.,(6,6),(0.,2.),.UNSPECIFIED.) ;
#7130=B_SPLINE_CURVE_WITH_KNOTS('',5,(#7131,#7132,#7133,#7134,#7135,#7136,#7137,#7138,#7139),.UNSPECIFIED.,.F.,.U.,(6,3,6),(56.7877620613,70.8280377388,76.5077425316),.UNSPECIFIED.) ;
#7185=B_SPLINE_CURVE_WITH_KNOTS('',4,(#7186,#7187,#7188,#7189,#7190),.UNSPECIFIED.,.F.,.U.,(5,5),(0.,2.),.UNSPECIFIED.) ;
#7194=B_SPLINE_CURVE_WITH_KNOTS('',5,(#7195,#7196,#7197,#7198,#7199,#7200,#7201,#7202,#7203),.UNSPECIFIED.,.F.,.U.,(6,3,6),(69.1651254744,91.8793946281,101.665872058),.UNSPECIFIED.) ;
#7267=B_SPLINE_CURVE_WITH_KNOTS('',5,(#7268,#7269,#7270,#7271,#7272,#7273),.UNSPECIFIED.,.F.,.U.,(6,6),(0.,2.),.UNSPECIFIED.) ;
#7277=B_SPLINE_CURVE_WITH_KNOTS('',5,(#7278,#7279,#7280,#7281,#7282,#7283,#7284,#7285,#7286),.UNSPECIFIED.,.F.,.U.,(6,3,6),(115.801335107,127.968150126,144.980555174),.UNSPECIFIED.) ;
#7430=B_SPLINE_CURVE_WITH_KNOTS('',5,(#7431,#7432,#7433,#7434,#7435,#7436),.UNSPECIFIED.,.F.,.U.,(6,6),(0.,2.),.UNSPECIFIED.) ;
#7440=B_SPLINE_CURVE_WITH_KNOTS('',5,(#7441,#7442,#7443,#7444,#7445,#7446,#7447,#7448,#7449),.UNSPECIFIED.,.F.,.U.,(6,3,6),(118.49753723,129.766544615,148.908782157),.UNSPECIFIED.) ;
#7537=B_SPLINE_CURVE_WITH_KNOTS('',5,(#7538,#7539,#7540,#7541,#7542,#7543),.UNSPECIFIED.,.F.,.U.,(6,6),(0.,2.),.UNSPECIFIED.) ;
#7547=B_SPLINE_CURVE_WITH_KNOTS('',5,(#7548,#7549,#7550,#7551,#7552,#7553,#7554,#7555,#7556),.UNSPECIFIED.,.F.,.U.,(6,3,6),(58.1714813504,61.0813184676,70.571633258),.UNSPECIFIED.) ;
#7620=B_SPLINE_CURVE_WITH_KNOTS('',5,(#7621,#7622,#7623,#7624,#7625,#7626),.UNSPECIFIED.,.F.,.U.,(6,6),(0.,2.),.UNSPECIFIED.) ;
#7630=B_SPLINE_CURVE_WITH_KNOTS('',5,(#7631,#7632,#7633,#7634,#7635,#7636,#7637,#7638,#7639),.UNSPECIFIED.,.F.,.U.,(6,3,6),(18.2056654126,23.267846402,26.9962920225),.UNSPECIFIED.) ;
#7703=B_SPLINE_CURVE_WITH_KNOTS('',5,(#7704,#7705,#7706,#7707,#7708,#7709),.UNSPECIFIED.,.F.,.U.,(6,6),(0.,2.),.UNSPECIFIED.) ;
#7713=B_SPLINE_CURVE_WITH_KNOTS('',5,(#7714,#7715,#7716,#7717,#7718,#7719),.UNSPECIFIED.,.F.,.U.,(6,6),(0.,2.),.UNSPECIFIED.) ;
#7723=B_SPLINE_CURVE_WITH_KNOTS('',5,(#7724,#7725,#7726,#7727,#7728,#7729),.UNSPECIFIED.,.F.,.U.,(6,6),(12.7296149001,21.5196379937),.UNSPECIFIED.) ;
#7793=B_SPLINE_CURVE_WITH_KNOTS('',5,(#7794,#7795,#7796,#7797,#7798,#7799),.UNSPECIFIED.,.F.,.U.,(6,6),(0.,2.),.UNSPECIFIED.) ;
#7803=B_SPLINE_CURVE_WITH_KNOTS('',5,(#7804,#7805,#7806,#7807,#7808,#7809,#7810,#7811,#7812),.UNSPECIFIED.,.F.,.U.,(6,3,6),(58.1524813042,61.411039209,70.5526206689),.UNSPECIFIED.) ;
#7900=B_SPLINE_CURVE_WITH_KNOTS('',5,(#7901,#7902,#7903,#7904,#7905,#7906),.UNSPECIFIED.,.F.,.U.,(6,6),(0.,2.),.UNSPECIFIED.) ;
#7910=B_SPLINE_CURVE_WITH_KNOTS('',5,(#7911,#7912,#7913,#7914,#7915,#7916,#7917,#7918,#7919),.UNSPECIFIED.,.F.,.U.,(6,3,6),(118.497490512,131.141098483,148.908457452),.UNSPECIFIED.) ;
#8033=B_SPLINE_CURVE_WITH_KNOTS('',5,(#8034,#8035,#8036,#8037,#8038,#8039),.UNSPECIFIED.,.F.,.U.,(6,6),(5.6347766471,17.7634706451),.UNSPECIFIED.) ;
#8060=B_SPLINE_CURVE_WITH_KNOTS('',5,(#8061,#8062,#8063,#8064,#8065,#8066),.UNSPECIFIED.,.F.,.U.,(6,6),(17.7633662683,30.3422041354),.UNSPECIFIED.) ;
#8104=B_SPLINE_CURVE_WITH_KNOTS('',5,(#8105,#8106,#8107,#8108,#8109,#8110),.UNSPECIFIED.,.F.,.U.,(6,6),(9.69251907387,10.2015805771),.UNSPECIFIED.) ;
#8315=B_SPLINE_CURVE_WITH_KNOTS('',5,(#8316,#8317,#8318,#8319,#8320,#8321),.UNSPECIFIED.,.F.,.U.,(6,6),(17.7633662683,30.3422041354),.UNSPECIFIED.) ;
#8332=B_SPLINE_CURVE_WITH_KNOTS('',5,(#8333,#8334,#8335,#8336,#8337,#8338),.UNSPECIFIED.,.F.,.U.,(6,6),(5.63477689925,17.7634706451),.UNSPECIFIED.) ;
#8342=B_SPLINE_CURVE_WITH_KNOTS('',3,(#8343,#8344,#8345,#8346),.UNSPECIFIED.,.F.,.U.,(4,4),(9.69252719183,10.2015805771),.UNSPECIFIED.) ;
#8430=B_SPLINE_CURVE_WITH_KNOTS('',5,(#8431,#8432,#8433,#8434,#8435,#8436),.UNSPECIFIED.,.F.,.U.,(6,6),(0.,2.),.UNSPECIFIED.) ;
#8527=B_SPLINE_CURVE_WITH_KNOTS('',5,(#8528,#8529,#8530,#8531,#8532,#8533),.UNSPECIFIED.,.F.,.U.,(6,6),(0.,2.),.UNSPECIFIED.) ;
#8641=B_SPLINE_CURVE_WITH_KNOTS('',5,(#8642,#8643,#8644,#8645,#8646,#8647),.UNSPECIFIED.,.F.,.U.,(6,6),(0.,2.),.UNSPECIFIED.) ;
#8733=B_SPLINE_CURVE_WITH_KNOTS('',5,(#8734,#8735,#8736,#8737,#8738,#8739),.UNSPECIFIED.,.F.,.U.,(6,6),(11.7033594615,24.2828368356),.UNSPECIFIED.) ;
#8839=B_SPLINE_CURVE_WITH_KNOTS('',5,(#8840,#8841,#8842,#8843,#8844,#8845),.UNSPECIFIED.,.F.,.U.,(6,6),(17.7636613113,29.8917975386),.UNSPECIFIED.) ;
#8897=B_SPLINE_CURVE_WITH_KNOTS('',5,(#8898,#8899,#8900,#8901,#8902,#8903),.UNSPECIFIED.,.F.,.U.,(6,6),(9.69252832324,10.201580573),.UNSPECIFIED.) ;
#8972=B_SPLINE_CURVE_WITH_KNOTS('',3,(#8973,#8974,#8975,#8976),.UNSPECIFIED.,.F.,.U.,(4,4),(9.69252832324,10.2015890272),.UNSPECIFIED.) ;
#8980=B_SPLINE_CURVE_WITH_KNOTS('',5,(#8981,#8982,#8983,#8984,#8985,#8986),.UNSPECIFIED.,.F.,.U.,(6,6),(17.7636608034,29.8917975386),.UNSPECIFIED.) ;
#8997=B_SPLINE_CURVE_WITH_KNOTS('',5,(#8998,#8999,#9000,#9001,#9002,#9003),.UNSPECIFIED.,.F.,.U.,(6,6),(11.703359865,24.2828368356),.UNSPECIFIED.) ;
#9238=B_SPLINE_CURVE_WITH_KNOTS('',5,(#9239,#9240,#9241,#9242,#9243,#9244),.UNSPECIFIED.,.F.,.U.,(6,6),(0.,2.),.UNSPECIFIED.) ;
#9352=B_SPLINE_CURVE_WITH_KNOTS('',5,(#9353,#9354,#9355,#9356,#9357,#9358),.UNSPECIFIED.,.F.,.U.,(6,6),(0.,2.),.UNSPECIFIED.) ;
#9392=B_SPLINE_CURVE_WITH_KNOTS('',5,(#9393,#9394,#9395,#9396,#9397,#9398),.UNSPECIFIED.,.F.,.U.,(6,6),(0.,2.),.UNSPECIFIED.) ;
#9441=B_SPLINE_CURVE_WITH_KNOTS('',5,(#9442,#9443,#9444,#9445,#9446,#9447),.UNSPECIFIED.,.F.,.U.,(6,6),(36.2078214927,58.327241764),.UNSPECIFIED.) ;
#9519=B_SPLINE_CURVE_WITH_KNOTS('',5,(#9520,#9521,#9522,#9523,#9524,#9525),.UNSPECIFIED.,.F.,.U.,(6,6),(24.2427214935,46.3638600961),.UNSPECIFIED.) ;
#9679=B_SPLINE_CURVE_WITH_KNOTS('',4,(#9680,#9681,#9682,#9683,#9684),.UNSPECIFIED.,.F.,.U.,(5,5),(0.,2.),.UNSPECIFIED.) ;
#9688=B_SPLINE_CURVE_WITH_KNOTS('',5,(#9689,#9690,#9691,#9692,#9693,#9694,#9695,#9696,#9697,#9698,#9699,#9700),.UNSPECIFIED.,.F.,.U.,(6,3,3,6),(24.2427214935,30.2814343373,38.7810934202,46.3638320211),.UNSPECIFIED.) ;
#9764=B_SPLINE_CURVE_WITH_KNOTS('',5,(#9765,#9766,#9767,#9768,#9769,#9770,#9771,#9772,#9773),.UNSPECIFIED.,.F.,.U.,(6,3,6),(0.,13.1389481203,29.1428741793),.UNSPECIFIED.) ;
#9777=B_SPLINE_CURVE_WITH_KNOTS('',4,(#9778,#9779,#9780,#9781,#9782),.UNSPECIFIED.,.F.,.U.,(5,5),(0.,2.),.UNSPECIFIED.) ;
#9786=B_SPLINE_CURVE_WITH_KNOTS('',5,(#9787,#9788,#9789,#9790,#9791,#9792,#9793,#9794,#9795),.UNSPECIFIED.,.F.,.U.,(6,3,6),(0.,13.1389481203,29.1428741793),.UNSPECIFIED.) ;
#9859=B_SPLINE_CURVE_WITH_KNOTS('',5,(#9860,#9861,#9862,#9863,#9864,#9865,#9866,#9867,#9868,#9869,#9870,#9871),.UNSPECIFIED.,.F.,.U.,(6,3,3,6),(0.,14.7021283639,28.0257301005,29.1464606196),.UNSPECIFIED.) ;
#9875=B_SPLINE_CURVE_WITH_KNOTS('',4,(#9876,#9877,#9878,#9879,#9880),.UNSPECIFIED.,.F.,.U.,(5,5),(0.,2.),.UNSPECIFIED.) ;
#9884=B_SPLINE_CURVE_WITH_KNOTS('',5,(#9885,#9886,#9887,#9888,#9889,#9890,#9891,#9892,#9893,#9894,#9895,#9896),.UNSPECIFIED.,.F.,.U.,(6,3,3,6),(0.,14.7021283639,28.0257301005,29.1464606196),.UNSPECIFIED.) ;
#9987=B_SPLINE_CURVE_WITH_KNOTS('',5,(#9988,#9989,#9990,#9991,#9992,#9993,#9994,#9995,#9996,#9997,#9998,#9999),.UNSPECIFIED.,.F.,.U.,(6,3,3,6),(36.2078214934,44.0100330554,54.5259006369,58.327228751),.UNSPECIFIED.) ;
#10003=B_SPLINE_CURVE_WITH_KNOTS('',5,(#10004,#10005,#10006,#10007,#10008,#10009),.UNSPECIFIED.,.F.,.U.,(6,6),(0.,2.),.UNSPECIFIED.) ;
#10013=B_SPLINE_CURVE_WITH_KNOTS('',5,(#10014,#10015,#10016,#10017,#10018,#10019,#10020,#10021,#10022,#10023,#10024,#10025),.UNSPECIFIED.,.F.,.U.,(6,3,3,6),(36.2078214934,44.0100330554,54.5259006369,58.3272319007),.UNSPECIFIED.) ;
#10178=B_SPLINE_CURVE_WITH_KNOTS('',5,(#10179,#10180,#10181,#10182,#10183,#10184,#10185,#10186,#10187,#10188,#10189,#10190),.UNSPECIFIED.,.F.,.U.,(6,3,3,6),(24.2427664321,30.2814343358,38.7810934187,46.3638324291),.UNSPECIFIED.) ;
#10194=B_SPLINE_CURVE_WITH_KNOTS('',4,(#10195,#10196,#10197,#10198,#10199),.UNSPECIFIED.,.F.,.U.,(5,5),(0.,2.),.UNSPECIFIED.) ;
#10203=B_SPLINE_CURVE_WITH_KNOTS('',5,(#10204,#10205,#10206,#10207,#10208,#10209,#10210,#10211,#10212,#10213,#10214,#10215),.UNSPECIFIED.,.F.,.U.,(6,3,3,6),(24.2427214923,30.2814343358,38.7810934187,46.3638320198),.UNSPECIFIED.) ;
#10279=B_SPLINE_CURVE_WITH_KNOTS('',5,(#10280,#10281,#10282,#10283,#10284,#10285,#10286,#10287,#10288,#10289,#10290,#10291),.UNSPECIFIED.,.F.,.U.,(6,3,3,6),(26.0717899873,42.0757373881,53.153804827,55.2132616995),.UNSPECIFIED.) ;
#10295=B_SPLINE_CURVE_WITH_KNOTS('',4,(#10296,#10297,#10298,#10299,#10300),.UNSPECIFIED.,.F.,.U.,(5,5),(0.,2.),.UNSPECIFIED.) ;
#10304=B_SPLINE_CURVE_WITH_KNOTS('',5,(#10305,#10306,#10307,#10308,#10309,#10310,#10311,#10312,#10313,#10314,#10315,#10316),.UNSPECIFIED.,.F.,.U.,(6,3,3,6),(26.0717899873,42.0757373881,53.153804827,55.2132616995),.UNSPECIFIED.) ;
#10380=B_SPLINE_CURVE_WITH_KNOTS('',5,(#10381,#10382,#10383,#10384,#10385,#10386,#10387,#10388,#10389,#10390,#10391,#10392),.UNSPECIFIED.,.F.,.U.,(6,3,3,6),(36.8294982508,43.425144651,55.7708833686,65.9727461481),.UNSPECIFIED.) ;
#10394=B_SPLINE_CURVE_WITH_KNOTS('',4,(#10395,#10396,#10397,#10398,#10399),.UNSPECIFIED.,.F.,.U.,(5,5),(0.,2.),.UNSPECIFIED.) ;
#10403=B_SPLINE_CURVE_WITH_KNOTS('',5,(#10404,#10405,#10406,#10407,#10408,#10409,#10410,#10411,#10412,#10413,#10414,#10415),.UNSPECIFIED.,.F.,.U.,(6,3,3,6),(36.8294982508,43.425144651,55.7708833686,65.9727461481),.UNSPECIFIED.) ;
#10506=B_SPLINE_CURVE_WITH_KNOTS('',5,(#10507,#10508,#10509,#10510,#10511,#10512,#10513,#10514,#10515,#10516,#10517,#10518),.UNSPECIFIED.,.F.,.U.,(6,3,3,6),(36.2078214927,44.0100330545,54.5259006357,58.3272318995),.UNSPECIFIED.) ;
#10532=B_SPLINE_CURVE_WITH_KNOTS('',4,(#10533,#10534,#10535,#10536,#10537),.UNSPECIFIED.,.F.,.U.,(5,5),(9.04745414035,23.6752710735),.UNSPECIFIED.) ;
#10573=B_SPLINE_CURVE_WITH_KNOTS('',4,(#10574,#10575,#10576,#10577,#10578),.UNSPECIFIED.,.F.,.U.,(5,5),(10.1060424713,16.9219711527),.UNSPECIFIED.) ;
#10584=B_SPLINE_CURVE_WITH_KNOTS('',5,(#10585,#10586,#10587,#10588,#10589,#10590,#10591,#10592,#10593,#10594,#10595,#10596,#10597,#10598,#10599,#10600,#10601,#10602),.UNSPECIFIED.,.F.,.U.,(6,3,3,3,3,6),(15.6807812647,24.3663554455,29.5130114208,34.753063761,39.438119403,47.4752799824),.UNSPECIFIED.) ;
#10606=B_SPLINE_CURVE_WITH_KNOTS('',3,(#10607,#10608,#10609,#10610),.UNSPECIFIED.,.F.,.U.,(4,4),(49.3100000351,54.1522941764),.UNSPECIFIED.) ;
#10635=B_SPLINE_CURVE_WITH_KNOTS('',4,(#10636,#10637,#10638,#10639,#10640),.UNSPECIFIED.,.F.,.U.,(5,5),(13.4666931775,28.0945810569),.UNSPECIFIED.) ;
#10676=B_SPLINE_CURVE_WITH_KNOTS('',4,(#10677,#10678,#10679,#10680,#10681),.UNSPECIFIED.,.F.,.U.,(5,5),(11.2784998868,23.878355778),.UNSPECIFIED.) ;
#10696=B_SPLINE_CURVE_WITH_KNOTS('',3,(#10697,#10698,#10699,#10700),.UNSPECIFIED.,.F.,.U.,(4,4),(14.2142882638,19.0567908347),.UNSPECIFIED.) ;
#10704=B_SPLINE_CURVE_WITH_KNOTS('',5,(#10705,#10706,#10707,#10708,#10709,#10710,#10711,#10712,#10713,#10714,#10715,#10716,#10717,#10718,#10719,#10720,#10721,#10722),.UNSPECIFIED.,.F.,.U.,(6,3,3,3,3,6),(15.6807488566,23.722121142,32.1150351633,36.9555689187,42.8959705185,47.4762950156),.UNSPECIFIED.) ;
#10726=B_SPLINE_CURVE_WITH_KNOTS('',4,(#10727,#10728,#10729,#10730,#10731),.UNSPECIFIED.,.F.,.U.,(5,5),(47.5419317377,54.3570716239),.UNSPECIFIED.) ;
#10751=B_SPLINE_CURVE_WITH_KNOTS('',4,(#10752,#10753,#10754,#10755,#10756),.UNSPECIFIED.,.F.,.U.,(5,5),(13.1645706379,25.7643744129),.UNSPECIFIED.) ;
#10773=B_SPLINE_CURVE_WITH_KNOTS('',4,(#10774,#10775,#10776,#10777,#10778),.UNSPECIFIED.,.F.,.U.,(5,5),(13.1645706379,25.7643744129),.UNSPECIFIED.) ;
#10784=B_SPLINE_CURVE_WITH_KNOTS('',4,(#10785,#10786,#10787,#10788,#10789),.UNSPECIFIED.,.F.,.U.,(5,5),(47.5419317377,54.3570716239),.UNSPECIFIED.) ;
#10849=B_SPLINE_CURVE_WITH_KNOTS('',4,(#10850,#10851,#10852,#10853,#10854),.UNSPECIFIED.,.F.,.U.,(5,5),(10.1060424713,16.9219711527),.UNSPECIFIED.) ;
#10860=B_SPLINE_CURVE_WITH_KNOTS('',4,(#10861,#10862,#10863,#10864,#10865),.UNSPECIFIED.,.F.,.U.,(5,5),(11.2784993881,23.878355778),.UNSPECIFIED.) ;
#10880=B_SPLINE_CURVE_WITH_KNOTS('',4,(#10881,#10882,#10883,#10884,#10885),.UNSPECIFIED.,.F.,.U.,(5,5),(9.04745414035,23.6752717978),.UNSPECIFIED.) ;
#10891=B_SPLINE_CURVE_WITH_KNOTS('',4,(#10892,#10893,#10894,#10895,#10896),.UNSPECIFIED.,.F.,.U.,(5,5),(49.3100000351,54.1522838059),.UNSPECIFIED.) ;
#10956=B_SPLINE_CURVE_WITH_KNOTS('',3,(#10957,#10958,#10959,#10960),.UNSPECIFIED.,.F.,.U.,(4,4),(14.2142882638,19.0567908347),.UNSPECIFIED.) ;
#10966=B_SPLINE_CURVE_WITH_KNOTS('',4,(#10967,#10968,#10969,#10970,#10971),.UNSPECIFIED.,.F.,.U.,(5,5),(13.4666931775,28.0945810569),.UNSPECIFIED.) ;
#10991=B_SPLINE_CURVE_WITH_KNOTS('',5,(#10992,#10993,#10994,#10995,#10996,#10997,#10998,#10999,#11000,#11001,#11002,#11003,#11004,#11005,#11006,#11007,#11008,#11009,#11010,#11011,#11012),.UNSPECIFIED.,.F.,.U.,(6,3,3,3,3,3,6),(15.6807920804,17.9992998209,24.3663554455,29.5130114208,34.753063761,39.438119403,47.4752799824),.UNSPECIFIED.) ;
#11034=B_SPLINE_CURVE_WITH_KNOTS('',5,(#11035,#11036,#11037,#11038,#11039,#11040,#11041,#11042,#11043,#11044,#11045,#11046,#11047,#11048,#11049,#11050,#11051,#11052,#11053,#11054,#11055,#11056,#11057,#11058),.UNSPECIFIED.,.F.,.U.,(6,3,3,3,3,3,3,6),(15.6807488566,18.2454764327,23.722121142,28.4071841209,32.1150351633,36.9555689187,42.8959705185,47.4762780545),.UNSPECIFIED.) ;
#11152=B_SPLINE_CURVE_WITH_KNOTS('',5,(#11153,#11154,#11155,#11156,#11157,#11158),.UNSPECIFIED.,.F.,.U.,(6,6),(0.,2.),.UNSPECIFIED.) ;
#11222=B_SPLINE_CURVE_WITH_KNOTS('',4,(#11223,#11224,#11225,#11226,#11227),.UNSPECIFIED.,.F.,.U.,(5,5),(0.,2.),.UNSPECIFIED.) ;
#11327=B_SPLINE_CURVE_WITH_KNOTS('',4,(#11328,#11329,#11330,#11331,#11332),.UNSPECIFIED.,.F.,.U.,(5,5),(0.,2.),.UNSPECIFIED.) ;
#11396=B_SPLINE_CURVE_WITH_KNOTS('',5,(#11397,#11398,#11399,#11400,#11401,#11402),.UNSPECIFIED.,.F.,.U.,(6,6),(0.,2.),.UNSPECIFIED.) ;
#11466=B_SPLINE_CURVE_WITH_KNOTS('',5,(#11467,#11468,#11469,#11470,#11471,#11472),.UNSPECIFIED.,.F.,.U.,(6,6),(0.,2.),.UNSPECIFIED.) ;
#11570=B_SPLINE_CURVE_WITH_KNOTS('',5,(#11571,#11572,#11573,#11574,#11575,#11576),.UNSPECIFIED.,.F.,.U.,(6,6),(0.,2.),.UNSPECIFIED.) ;
#11640=B_SPLINE_CURVE_WITH_KNOTS('',4,(#11641,#11642,#11643,#11644,#11645),.UNSPECIFIED.,.F.,.U.,(5,5),(0.,2.),.UNSPECIFIED.) ;
#11763=B_SPLINE_CURVE_WITH_KNOTS('',4,(#11764,#11765,#11766,#11767,#11768),.UNSPECIFIED.,.F.,.U.,(5,5),(0.,2.),.UNSPECIFIED.) ;
#11832=B_SPLINE_CURVE_WITH_KNOTS('',5,(#11833,#11834,#11835,#11836,#11837,#11838),.UNSPECIFIED.,.F.,.U.,(6,6),(0.,2.),.UNSPECIFIED.) ;
#11902=B_SPLINE_CURVE_WITH_KNOTS('',5,(#11903,#11904,#11905,#11906,#11907,#11908),.UNSPECIFIED.,.F.,.U.,(6,6),(0.,2.),.UNSPECIFIED.) ;
#2014=B_SPLINE_SURFACE_WITH_KNOTS('',5,5,((#2015,#2016,#2017,#2018,#2019,#2020,#2021,#2022,#2023),(#2024,#2025,#2026,#2027,#2028,#2029,#2030,#2031,#2032),(#2033,#2034,#2035,#2036,#2037,#2038,#2039,#2040,#2041),(#2042,#2043,#2044,#2045,#2046,#2047,#2048,#2049,#2050),(#2051,#2052,#2053,#2054,#2055,#2056,#2057,#2058,#2059),(#2060,#2061,#2062,#2063,#2064,#2065,#2066,#2067,#2068)),.UNSPECIFIED.,.F.,.F.,.U.,(6,6),(6,3,6),(30.1701522219,39.1555582018),(0.,1.,2.),.UNSPECIFIED.) ;
#2104=B_SPLINE_SURFACE_WITH_KNOTS('',5,5,((#2105,#2106,#2107,#2108,#2109,#2110,#2111,#2112,#2113),(#2114,#2115,#2116,#2117,#2118,#2119,#2120,#2121,#2122),(#2123,#2124,#2125,#2126,#2127,#2128,#2129,#2130,#2131),(#2132,#2133,#2134,#2135,#2136,#2137,#2138,#2139,#2140),(#2141,#2142,#2143,#2144,#2145,#2146,#2147,#2148,#2149),(#2150,#2151,#2152,#2153,#2154,#2155,#2156,#2157,#2158),(#2159,#2160,#2161,#2162,#2163,#2164,#2165,#2166,#2167),(#2168,#2169,#2170,#2171,#2172,#2173,#2174,#2175,#2176),(#2177,#2178,#2179,#2180,#2181,#2182,#2183,#2184,#2185),(#2186,#2187,#2188,#2189,#2190,#2191,#2192,#2193,#2194),(#2195,#2196,#2197,#2198,#2199,#2200,#2201,#2202,#2203),(#2204,#2205,#2206,#2207,#2208,#2209,#2210,#2211,#2212)),.UNSPECIFIED.,.F.,.F.,.U.,(6,3,3,6),(6,3,6),(22.1757317017,29.7485777113,35.819293415,42.2427721537),(0.,1.,2.),.UNSPECIFIED.) ;
#2308=B_SPLINE_SURFACE_WITH_KNOTS('',5,5,((#2309,#2310,#2311,#2312,#2313,#2314),(#2315,#2316,#2317,#2318,#2319,#2320),(#2321,#2322,#2323,#2324,#2325,#2326),(#2327,#2328,#2329,#2330,#2331,#2332),(#2333,#2334,#2335,#2336,#2337,#2338),(#2339,#2340,#2341,#2342,#2343,#2344),(#2345,#2346,#2347,#2348,#2349,#2350),(#2351,#2352,#2353,#2354,#2355,#2356),(#2357,#2358,#2359,#2360,#2361,#2362)),.UNSPECIFIED.,.F.,.F.,.U.,(6,3,6),(6,6),(25.4294874205,31.8073441623,37.7758608672),(0.,2.),.UNSPECIFIED.) ;
#2415=B_SPLINE_SURFACE_WITH_KNOTS('',5,5,((#2416,#2417,#2418,#2419,#2420,#2421),(#2422,#2423,#2424,#2425,#2426,#2427),(#2428,#2429,#2430,#2431,#2432,#2433),(#2434,#2435,#2436,#2437,#2438,#2439),(#2440,#2441,#2442,#2443,#2444,#2445),(#2446,#2447,#2448,#2449,#2450,#2451)),.UNSPECIFIED.,.F.,.F.,.U.,(6,6),(6,6),(16.4619728626,24.7518554775),(0.,2.),.UNSPECIFIED.) ;
#2487=B_SPLINE_SURFACE_WITH_KNOTS('',5,5,((#2488,#2489,#2490,#2491,#2492,#2493,#2494,#2495,#2496),(#2497,#2498,#2499,#2500,#2501,#2502,#2503,#2504,#2505),(#2506,#2507,#2508,#2509,#2510,#2511,#2512,#2513,#2514),(#2515,#2516,#2517,#2518,#2519,#2520,#2521,#2522,#2523),(#2524,#2525,#2526,#2527,#2528,#2529,#2530,#2531,#2532),(#2533,#2534,#2535,#2536,#2537,#2538,#2539,#2540,#2541),(#2542,#2543,#2544,#2545,#2546,#2547,#2548,#2549,#2550),(#2551,#2552,#2553,#2554,#2555,#2556,#2557,#2558,#2559),(#2560,#2561,#2562,#2563,#2564,#2565,#2566,#2567,#2568)),.UNSPECIFIED.,.F.,.F.,.U.,(6,3,6),(6,3,6),(30.2472243134,33.6638556291,38.5119721189),(0.,1.,2.),.UNSPECIFIED.) ;
#2703=B_SPLINE_SURFACE_WITH_KNOTS('',5,5,((#2704,#2705,#2706,#2707,#2708,#2709,#2710,#2711,#2712),(#2713,#2714,#2715,#2716,#2717,#2718,#2719,#2720,#2721),(#2722,#2723,#2724,#2725,#2726,#2727,#2728,#2729,#2730),(#2731,#2732,#2733,#2734,#2735,#2736,#2737,#2738,#2739),(#2740,#2741,#2742,#2743,#2744,#2745,#2746,#2747,#2748),(#2749,#2750,#2751,#2752,#2753,#2754,#2755,#2756,#2757),(#2758,#2759,#2760,#2761,#2762,#2763,#2764,#2765,#2766),(#2767,#2768,#2769,#2770,#2771,#2772,#2773,#2774,#2775),(#2776,#2777,#2778,#2779,#2780,#2781,#2782,#2783,#2784)),.UNSPECIFIED.,.F.,.F.,.U.,(6,3,6),(6,3,6),(23.668647989,28.7664863062,31.9333065806),(0.,1.,2.),.UNSPECIFIED.) ;
#2832=B_SPLINE_SURFACE_WITH_KNOTS('',5,5,((#2833,#2834,#2835,#2836,#2837,#2838),(#2839,#2840,#2841,#2842,#2843,#2844),(#2845,#2846,#2847,#2848,#2849,#2850),(#2851,#2852,#2853,#2854,#2855,#2856),(#2857,#2858,#2859,#2860,#2861,#2862),(#2863,#2864,#2865,#2866,#2867,#2868)),.UNSPECIFIED.,.F.,.F.,.U.,(6,6),(6,6),(16.4624021392,24.7524861135),(0.,2.),.UNSPECIFIED.) ;
#2909=B_SPLINE_SURFACE_WITH_KNOTS('',5,5,((#2910,#2911,#2912,#2913,#2914,#2915),(#2916,#2917,#2918,#2919,#2920,#2921),(#2922,#2923,#2924,#2925,#2926,#2927),(#2928,#2929,#2930,#2931,#2932,#2933),(#2934,#2935,#2936,#2937,#2938,#2939),(#2940,#2941,#2942,#2943,#2944,#2945),(#2946,#2947,#2948,#2949,#2950,#2951),(#2952,#2953,#2954,#2955,#2956,#2957),(#2958,#2959,#2960,#2961,#2962,#2963)),.UNSPECIFIED.,.F.,.F.,.U.,(6,3,6),(6,6),(25.9250132874,30.3867593847,38.2719450128),(0.,2.),.UNSPECIFIED.) ;
#3041=B_SPLINE_SURFACE_WITH_KNOTS('',5,5,((#3042,#3043,#3044,#3045,#3046,#3047,#3048,#3049,#3050),(#3051,#3052,#3053,#3054,#3055,#3056,#3057,#3058,#3059),(#3060,#3061,#3062,#3063,#3064,#3065,#3066,#3067,#3068),(#3069,#3070,#3071,#3072,#3073,#3074,#3075,#3076,#3077),(#3078,#3079,#3080,#3081,#3082,#3083,#3084,#3085,#3086),(#3087,#3088,#3089,#3090,#3091,#3092,#3093,#3094,#3095),(#3096,#3097,#3098,#3099,#3100,#3101,#3102,#3103,#3104),(#3105,#3106,#3107,#3108,#3109,#3110,#3111,#3112,#3113),(#3114,#3115,#3116,#3117,#3118,#3119,#3120,#3121,#3122),(#3123,#3124,#3125,#3126,#3127,#3128,#3129,#3130,#3131),(#3132,#3133,#3134,#3135,#3136,#3137,#3138,#3139,#3140),(#3141,#3142,#3143,#3144,#3145,#3146,#3147,#3148,#3149)),.UNSPECIFIED.,.F.,.F.,.U.,(6,3,3,6),(6,3,6),(21.4535708069,30.5122134271,35.5530615605,41.5213332682),(0.,1.,2.),.UNSPECIFIED.) ;
#3209=B_SPLINE_SURFACE_WITH_KNOTS('',5,5,((#3210,#3211,#3212,#3213,#3214,#3215,#3216,#3217,#3218),(#3219,#3220,#3221,#3222,#3223,#3224,#3225,#3226,#3227),(#3228,#3229,#3230,#3231,#3232,#3233,#3234,#3235,#3236),(#3237,#3238,#3239,#3240,#3241,#3242,#3243,#3244,#3245),(#3246,#3247,#3248,#3249,#3250,#3251,#3252,#3253,#3254),(#3255,#3256,#3257,#3258,#3259,#3260,#3261,#3262,#3263)),.UNSPECIFIED.,.F.,.F.,.U.,(6,6),(6,3,6),(30.170214428,39.1560320592),(0.,1.,2.),.UNSPECIFIED.) ;
#3383=B_SPLINE_SURFACE_WITH_KNOTS('',5,5,((#3384,#3385,#3386,#3387,#3388,#3389,#3390,#3391,#3392),(#3393,#3394,#3395,#3396,#3397,#3398,#3399,#3400,#3401),(#3402,#3403,#3404,#3405,#3406,#3407,#3408,#3409,#3410),(#3411,#3412,#3413,#3414,#3415,#3416,#3417,#3418,#3419),(#3420,#3421,#3422,#3423,#3424,#3425,#3426,#3427,#3428),(#3429,#3430,#3431,#3432,#3433,#3434,#3435,#3436,#3437),(#3438,#3439,#3440,#3441,#3442,#3443,#3444,#3445,#3446),(#3447,#3448,#3449,#3450,#3451,#3452,#3453,#3454,#3455),(#3456,#3457,#3458,#3459,#3460,#3461,#3462,#3463,#3464)),.UNSPECIFIED.,.F.,.F.,.U.,(6,3,6),(6,3,6),(28.2793873645,42.6709506969,51.6521152334),(0.,1.,2.),.UNSPECIFIED.) ;
#3586=B_SPLINE_SURFACE_WITH_KNOTS('',5,5,((#3587,#3588,#3589,#3590,#3591,#3592,#3593,#3594,#3595),(#3596,#3597,#3598,#3599,#3600,#3601,#3602,#3603,#3604),(#3605,#3606,#3607,#3608,#3609,#3610,#3611,#3612,#3613),(#3614,#3615,#3616,#3617,#3618,#3619,#3620,#3621,#3622),(#3623,#3624,#3625,#3626,#3627,#3628,#3629,#3630,#3631),(#3632,#3633,#3634,#3635,#3636,#3637,#3638,#3639,#3640),(#3641,#3642,#3643,#3644,#3645,#3646,#3647,#3648,#3649),(#3650,#3651,#3652,#3653,#3654,#3655,#3656,#3657,#3658),(#3659,#3660,#3661,#3662,#3663,#3664,#3665,#3666,#3667)),.UNSPECIFIED.,.F.,.F.,.U.,(6,3,6),(6,3,6),(33.9259815455,41.8692707238,57.2963431258),(0.,1.,2.),.UNSPECIFIED.) ;
#3715=B_SPLINE_SURFACE_WITH_KNOTS('',5,5,((#3716,#3717,#3718,#3719,#3720,#3721,#3722,#3723,#3724),(#3725,#3726,#3727,#3728,#3729,#3730,#3731,#3732,#3733),(#3734,#3735,#3736,#3737,#3738,#3739,#3740,#3741,#3742),(#3743,#3744,#3745,#3746,#3747,#3748,#3749,#3750,#3751),(#3752,#3753,#3754,#3755,#3756,#3757,#3758,#3759,#3760),(#3761,#3762,#3763,#3764,#3765,#3766,#3767,#3768,#3769),(#3770,#3771,#3772,#3773,#3774,#3775,#3776,#3777,#3778),(#3779,#3780,#3781,#3782,#3783,#3784,#3785,#3786,#3787),(#3788,#3789,#3790,#3791,#3792,#3793,#3794,#3795,#3796)),.UNSPECIFIED.,.F.,.F.,.U.,(6,3,6),(6,3,6),(0.,11.0980863378,23.3763508316),(0.,1.,2.),.UNSPECIFIED.) ;
#3906=B_SPLINE_SURFACE_WITH_KNOTS('',5,5,((#3907,#3908,#3909,#3910,#3911,#3912,#3913,#3914,#3915),(#3916,#3917,#3918,#3919,#3920,#3921,#3922,#3923,#3924),(#3925,#3926,#3927,#3928,#3929,#3930,#3931,#3932,#3933),(#3934,#3935,#3936,#3937,#3938,#3939,#3940,#3941,#3942),(#3943,#3944,#3945,#3946,#3947,#3948,#3949,#3950,#3951),(#3952,#3953,#3954,#3955,#3956,#3957,#3958,#3959,#3960),(#3961,#3962,#3963,#3964,#3965,#3966,#3967,#3968,#3969),(#3970,#3971,#3972,#3973,#3974,#3975,#3976,#3977,#3978),(#3979,#3980,#3981,#3982,#3983,#3984,#3985,#3986,#3987)),.UNSPECIFIED.,.F.,.F.,.U.,(6,3,6),(6,3,6),(33.9259815466,41.8692707248,57.2983771258),(0.,1.,2.),.UNSPECIFIED.) ;
#4222=B_SPLINE_SURFACE_WITH_KNOTS('',5,5,((#4223,#4224,#4225,#4226,#4227,#4228,#4229,#4230,#4231),(#4232,#4233,#4234,#4235,#4236,#4237,#4238,#4239,#4240),(#4241,#4242,#4243,#4244,#4245,#4246,#4247,#4248,#4249),(#4250,#4251,#4252,#4253,#4254,#4255,#4256,#4257,#4258),(#4259,#4260,#4261,#4262,#4263,#4264,#4265,#4266,#4267),(#4268,#4269,#4270,#4271,#4272,#4273,#4274,#4275,#4276),(#4277,#4278,#4279,#4280,#4281,#4282,#4283,#4284,#4285),(#4286,#4287,#4288,#4289,#4290,#4291,#4292,#4293,#4294),(#4295,#4296,#4297,#4298,#4299,#4300,#4301,#4302,#4303),(#4304,#4305,#4306,#4307,#4308,#4309,#4310,#4311,#4312),(#4313,#4314,#4315,#4316,#4317,#4318,#4319,#4320,#4321),(#4322,#4323,#4324,#4325,#4326,#4327,#4328,#4329,#4330),(#4331,#4332,#4333,#4334,#4335,#4336,#4337,#4338,#4339),(#4340,#4341,#4342,#4343,#4344,#4345,#4346,#4347,#4348),(#4349,#4350,#4351,#4352,#4353,#4354,#4355,#4356,#4357)),.UNSPECIFIED.,.F.,.F.,.U.,(6,3,3,3,6),(6,3,6),(11.5741543922,23.2223966807,28.5019101191,37.55456749,47.0993285262),(0.,1.,2.),.UNSPECIFIED.) ;
#4523=B_SPLINE_SURFACE_WITH_KNOTS('',5,5,((#4524,#4525,#4526,#4527,#4528,#4529,#4530,#4531,#4532),(#4533,#4534,#4535,#4536,#4537,#4538,#4539,#4540,#4541),(#4542,#4543,#4544,#4545,#4546,#4547,#4548,#4549,#4550),(#4551,#4552,#4553,#4554,#4555,#4556,#4557,#4558,#4559),(#4560,#4561,#4562,#4563,#4564,#4565,#4566,#4567,#4568),(#4569,#4570,#4571,#4572,#4573,#4574,#4575,#4576,#4577),(#4578,#4579,#4580,#4581,#4582,#4583,#4584,#4585,#4586),(#4587,#4588,#4589,#4590,#4591,#4592,#4593,#4594,#4595),(#4596,#4597,#4598,#4599,#4600,#4601,#4602,#4603,#4604),(#4605,#4606,#4607,#4608,#4609,#4610,#4611,#4612,#4613),(#4614,#4615,#4616,#4617,#4618,#4619,#4620,#4621,#4622),(#4623,#4624,#4625,#4626,#4627,#4628,#4629,#4630,#4631),(#4632,#4633,#4634,#4635,#4636,#4637,#4638,#4639,#4640),(#4641,#4642,#4643,#4644,#4645,#4646,#4647,#4648,#4649),(#4650,#4651,#4652,#4653,#4654,#4655,#4656,#4657,#4658)),.UNSPECIFIED.,.F.,.F.,.U.,(6,3,3,3,6),(6,3,6),(9.54351414853,21.1917564371,26.4712698753,35.523927246,45.0686882821),(0.,1.,2.),.UNSPECIFIED.) ;
#5284=B_SPLINE_SURFACE_WITH_KNOTS('',5,5,((#5285,#5286,#5287,#5288,#5289,#5290,#5291,#5292,#5293),(#5294,#5295,#5296,#5297,#5298,#5299,#5300,#5301,#5302),(#5303,#5304,#5305,#5306,#5307,#5308,#5309,#5310,#5311),(#5312,#5313,#5314,#5315,#5316,#5317,#5318,#5319,#5320),(#5321,#5322,#5323,#5324,#5325,#5326,#5327,#5328,#5329),(#5330,#5331,#5332,#5333,#5334,#5335,#5336,#5337,#5338)),.UNSPECIFIED.,.F.,.F.,.U.,(6,6),(6,3,6),(49.7277589348,81.408926921),(0.,1.,2.),.UNSPECIFIED.) ;
#5367=B_SPLINE_SURFACE_WITH_KNOTS('',5,5,((#5368,#5369,#5370,#5371,#5372,#5373,#5374,#5375,#5376),(#5377,#5378,#5379,#5380,#5381,#5382,#5383,#5384,#5385),(#5386,#5387,#5388,#5389,#5390,#5391,#5392,#5393,#5394),(#5395,#5396,#5397,#5398,#5399,#5400,#5401,#5402,#5403),(#5404,#5405,#5406,#5407,#5408,#5409,#5410,#5411,#5412),(#5413,#5414,#5415,#5416,#5417,#5418,#5419,#5420,#5421)),.UNSPECIFIED.,.F.,.F.,.U.,(6,6),(6,3,6),(106.572537272,138.703222374),(0.,1.,2.),.UNSPECIFIED.) ;
#5447=B_SPLINE_SURFACE_WITH_KNOTS('',5,5,((#5448,#5449,#5450,#5451,#5452,#5453,#5454,#5455,#5456),(#5457,#5458,#5459,#5460,#5461,#5462,#5463,#5464,#5465),(#5466,#5467,#5468,#5469,#5470,#5471,#5472,#5473,#5474),(#5475,#5476,#5477,#5478,#5479,#5480,#5481,#5482,#5483),(#5484,#5485,#5486,#5487,#5488,#5489,#5490,#5491,#5492),(#5493,#5494,#5495,#5496,#5497,#5498,#5499,#5500,#5501)),.UNSPECIFIED.,.F.,.F.,.U.,(6,6),(6,3,6),(75.2182749666,94.0291158273),(0.,1.,2.),.UNSPECIFIED.) ;
#5530=B_SPLINE_SURFACE_WITH_KNOTS('',5,5,((#5531,#5532,#5533,#5534,#5535,#5536,#5537,#5538,#5539),(#5540,#5541,#5542,#5543,#5544,#5545,#5546,#5547,#5548),(#5549,#5550,#5551,#5552,#5553,#5554,#5555,#5556,#5557),(#5558,#5559,#5560,#5561,#5562,#5563,#5564,#5565,#5566),(#5567,#5568,#5569,#5570,#5571,#5572,#5573,#5574,#5575),(#5576,#5577,#5578,#5579,#5580,#5581,#5582,#5583,#5584)),.UNSPECIFIED.,.F.,.F.,.U.,(6,6),(6,3,6),(75.0296416028,93.840317221),(0.,1.,2.),.UNSPECIFIED.) ;
#5623=B_SPLINE_SURFACE_WITH_KNOTS('',5,5,((#5624,#5625,#5626,#5627,#5628,#5629,#5630,#5631,#5632),(#5633,#5634,#5635,#5636,#5637,#5638,#5639,#5640,#5641),(#5642,#5643,#5644,#5645,#5646,#5647,#5648,#5649,#5650),(#5651,#5652,#5653,#5654,#5655,#5656,#5657,#5658,#5659),(#5660,#5661,#5662,#5663,#5664,#5665,#5666,#5667,#5668),(#5669,#5670,#5671,#5672,#5673,#5674,#5675,#5676,#5677)),.UNSPECIFIED.,.F.,.F.,.U.,(6,6),(6,3,6),(106.572006827,138.702689911),(0.,1.,2.),.UNSPECIFIED.) ;
#5706=B_SPLINE_SURFACE_WITH_KNOTS('',5,5,((#5707,#5708,#5709,#5710,#5711,#5712,#5713,#5714,#5715),(#5716,#5717,#5718,#5719,#5720,#5721,#5722,#5723,#5724),(#5725,#5726,#5727,#5728,#5729,#5730,#5731,#5732,#5733),(#5734,#5735,#5736,#5737,#5738,#5739,#5740,#5741,#5742),(#5743,#5744,#5745,#5746,#5747,#5748,#5749,#5750,#5751),(#5752,#5753,#5754,#5755,#5756,#5757,#5758,#5759,#5760)),.UNSPECIFIED.,.F.,.F.,.U.,(6,6),(6,3,6),(83.4650329503,115.146338928),(0.,1.,2.),.UNSPECIFIED.) ;
#5865=B_SPLINE_SURFACE_WITH_KNOTS('',5,5,((#5866,#5867,#5868,#5869,#5870,#5871,#5872,#5873,#5874),(#5875,#5876,#5877,#5878,#5879,#5880,#5881,#5882,#5883),(#5884,#5885,#5886,#5887,#5888,#5889,#5890,#5891,#5892),(#5893,#5894,#5895,#5896,#5897,#5898,#5899,#5900,#5901),(#5902,#5903,#5904,#5905,#5906,#5907,#5908,#5909,#5910),(#5911,#5912,#5913,#5914,#5915,#5916,#5917,#5918,#5919)),.UNSPECIFIED.,.F.,.F.,.U.,(6,6),(6,3,6),(50.2960488119,83.0630864414),(0.,1.,2.),.UNSPECIFIED.) ;
#5971=B_SPLINE_SURFACE_WITH_KNOTS('',5,5,((#5972,#5973,#5974,#5975,#5976,#5977,#5978,#5979,#5980),(#5981,#5982,#5983,#5984,#5985,#5986,#5987,#5988,#5989),(#5990,#5991,#5992,#5993,#5994,#5995,#5996,#5997,#5998),(#5999,#6000,#6001,#6002,#6003,#6004,#6005,#6006,#6007),(#6008,#6009,#6010,#6011,#6012,#6013,#6014,#6015,#6016),(#6017,#6018,#6019,#6020,#6021,#6022,#6023,#6024,#6025)),.UNSPECIFIED.,.F.,.F.,.U.,(6,6),(6,3,6),(77.5993515128,97.4959244247),(0.,1.,2.),.UNSPECIFIED.) ;
#6109=B_SPLINE_SURFACE_WITH_KNOTS('',5,5,((#6110,#6111,#6112,#6113,#6114,#6115,#6116,#6117,#6118),(#6119,#6120,#6121,#6122,#6123,#6124,#6125,#6126,#6127),(#6128,#6129,#6130,#6131,#6132,#6133,#6134,#6135,#6136),(#6137,#6138,#6139,#6140,#6141,#6142,#6143,#6144,#6145),(#6146,#6147,#6148,#6149,#6150,#6151,#6152,#6153,#6154),(#6155,#6156,#6157,#6158,#6159,#6160,#6161,#6162,#6163)),.UNSPECIFIED.,.F.,.F.,.U.,(6,6),(6,3,6),(77.5993388144,97.4959168345),(0.,1.,2.),.UNSPECIFIED.) ;
#6215=B_SPLINE_SURFACE_WITH_KNOTS('',5,5,((#6216,#6217,#6218,#6219,#6220,#6221,#6222,#6223,#6224),(#6225,#6226,#6227,#6228,#6229,#6230,#6231,#6232,#6233),(#6234,#6235,#6236,#6237,#6238,#6239,#6240,#6241,#6242),(#6243,#6244,#6245,#6246,#6247,#6248,#6249,#6250,#6251),(#6252,#6253,#6254,#6255,#6256,#6257,#6258,#6259,#6260),(#6261,#6262,#6263,#6264,#6265,#6266,#6267,#6268,#6269)),.UNSPECIFIED.,.F.,.F.,.U.,(6,6),(6,3,6),(50.2961150347,83.0632200683),(0.,1.,2.),.UNSPECIFIED.) ;
#6828=B_SPLINE_SURFACE_WITH_KNOTS('',5,5,((#6829,#6830,#6831,#6832,#6833,#6834,#6835,#6836,#6837),(#6838,#6839,#6840,#6841,#6842,#6843,#6844,#6845,#6846),(#6847,#6848,#6849,#6850,#6851,#6852,#6853,#6854,#6855),(#6856,#6857,#6858,#6859,#6860,#6861,#6862,#6863,#6864),(#6865,#6866,#6867,#6868,#6869,#6870,#6871,#6872,#6873),(#6874,#6875,#6876,#6877,#6878,#6879,#6880,#6881,#6882)),.UNSPECIFIED.,.F.,.F.,.U.,(6,6),(6,3,6),(117.470860196,146.649979442),(0.,1.,2.),.UNSPECIFIED.) ;
#6910=B_SPLINE_SURFACE_WITH_KNOTS('',5,5,((#6911,#6912,#6913,#6914,#6915,#6916),(#6917,#6918,#6919,#6920,#6921,#6922),(#6923,#6924,#6925,#6926,#6927,#6928),(#6929,#6930,#6931,#6932,#6933,#6934),(#6935,#6936,#6937,#6938,#6939,#6940),(#6941,#6942,#6943,#6944,#6945,#6946)),.UNSPECIFIED.,.F.,.F.,.U.,(6,6),(6,6),(69.1648286657,101.665341821),(0.,2.),.UNSPECIFIED.) ;
#6972=B_SPLINE_SURFACE_WITH_KNOTS('',5,5,((#6973,#6974,#6975,#6976,#6977,#6978,#6979,#6980,#6981),(#6982,#6983,#6984,#6985,#6986,#6987,#6988,#6989,#6990),(#6991,#6992,#6993,#6994,#6995,#6996,#6997,#6998,#6999),(#7000,#7001,#7002,#7003,#7004,#7005,#7006,#7007,#7008),(#7009,#7010,#7011,#7012,#7013,#7014,#7015,#7016,#7017),(#7018,#7019,#7020,#7021,#7022,#7023,#7024,#7025,#7026)),.UNSPECIFIED.,.F.,.F.,.U.,(6,6),(6,3,6),(76.5911239507,96.3110967695),(0.,1.,2.),.UNSPECIFIED.) ;
#7055=B_SPLINE_SURFACE_WITH_KNOTS('',5,5,((#7056,#7057,#7058,#7059,#7060,#7061,#7062,#7063,#7064),(#7065,#7066,#7067,#7068,#7069,#7070,#7071,#7072,#7073),(#7074,#7075,#7076,#7077,#7078,#7079,#7080,#7081,#7082),(#7083,#7084,#7085,#7086,#7087,#7088,#7089,#7090,#7091),(#7092,#7093,#7094,#7095,#7096,#7097,#7098,#7099,#7100),(#7101,#7102,#7103,#7104,#7105,#7106,#7107,#7108,#7109)),.UNSPECIFIED.,.F.,.F.,.U.,(6,6),(6,3,6),(56.7877620613,76.5077427199),(0.,1.,2.),.UNSPECIFIED.) ;
#7148=B_SPLINE_SURFACE_WITH_KNOTS('',5,5,((#7149,#7150,#7151,#7152,#7153,#7154),(#7155,#7156,#7157,#7158,#7159,#7160),(#7161,#7162,#7163,#7164,#7165,#7166),(#7167,#7168,#7169,#7170,#7171,#7172),(#7173,#7174,#7175,#7176,#7177,#7178),(#7179,#7180,#7181,#7182,#7183,#7184)),.UNSPECIFIED.,.F.,.F.,.U.,(6,6),(6,6),(69.1651251708,101.665872058),(0.,2.),.UNSPECIFIED.) ;
#7212=B_SPLINE_SURFACE_WITH_KNOTS('',5,5,((#7213,#7214,#7215,#7216,#7217,#7218,#7219,#7220,#7221),(#7222,#7223,#7224,#7225,#7226,#7227,#7228,#7229,#7230),(#7231,#7232,#7233,#7234,#7235,#7236,#7237,#7238,#7239),(#7240,#7241,#7242,#7243,#7244,#7245,#7246,#7247,#7248),(#7249,#7250,#7251,#7252,#7253,#7254,#7255,#7256,#7257),(#7258,#7259,#7260,#7261,#7262,#7263,#7264,#7265,#7266)),.UNSPECIFIED.,.F.,.F.,.U.,(6,6),(6,3,6),(115.801335107,144.980555174),(0.,1.,2.),.UNSPECIFIED.) ;
#7375=B_SPLINE_SURFACE_WITH_KNOTS('',5,5,((#7376,#7377,#7378,#7379,#7380,#7381,#7382,#7383,#7384),(#7385,#7386,#7387,#7388,#7389,#7390,#7391,#7392,#7393),(#7394,#7395,#7396,#7397,#7398,#7399,#7400,#7401,#7402),(#7403,#7404,#7405,#7406,#7407,#7408,#7409,#7410,#7411),(#7412,#7413,#7414,#7415,#7416,#7417,#7418,#7419,#7420),(#7421,#7422,#7423,#7424,#7425,#7426,#7427,#7428,#7429)),.UNSPECIFIED.,.F.,.F.,.U.,(6,6),(6,3,6),(118.497490564,148.908782297),(0.,1.,2.),.UNSPECIFIED.) ;
#7482=B_SPLINE_SURFACE_WITH_KNOTS('',5,5,((#7483,#7484,#7485,#7486,#7487,#7488,#7489,#7490,#7491),(#7492,#7493,#7494,#7495,#7496,#7497,#7498,#7499,#7500),(#7501,#7502,#7503,#7504,#7505,#7506,#7507,#7508,#7509),(#7510,#7511,#7512,#7513,#7514,#7515,#7516,#7517,#7518),(#7519,#7520,#7521,#7522,#7523,#7524,#7525,#7526,#7527),(#7528,#7529,#7530,#7531,#7532,#7533,#7534,#7535,#7536)),.UNSPECIFIED.,.F.,.F.,.U.,(6,6),(6,3,6),(58.1714813504,70.571633258),(0.,1.,2.),.UNSPECIFIED.) ;
#7565=B_SPLINE_SURFACE_WITH_KNOTS('',5,5,((#7566,#7567,#7568,#7569,#7570,#7571,#7572,#7573,#7574),(#7575,#7576,#7577,#7578,#7579,#7580,#7581,#7582,#7583),(#7584,#7585,#7586,#7587,#7588,#7589,#7590,#7591,#7592),(#7593,#7594,#7595,#7596,#7597,#7598,#7599,#7600,#7601),(#7602,#7603,#7604,#7605,#7606,#7607,#7608,#7609,#7610),(#7611,#7612,#7613,#7614,#7615,#7616,#7617,#7618,#7619)),.UNSPECIFIED.,.F.,.F.,.U.,(6,6),(6,3,6),(18.2056654126,26.9963032794),(0.,1.,2.),.UNSPECIFIED.) ;
#7648=B_SPLINE_SURFACE_WITH_KNOTS('',5,5,((#7649,#7650,#7651,#7652,#7653,#7654,#7655,#7656,#7657),(#7658,#7659,#7660,#7661,#7662,#7663,#7664,#7665,#7666),(#7667,#7668,#7669,#7670,#7671,#7672,#7673,#7674,#7675),(#7676,#7677,#7678,#7679,#7680,#7681,#7682,#7683,#7684),(#7685,#7686,#7687,#7688,#7689,#7690,#7691,#7692,#7693),(#7694,#7695,#7696,#7697,#7698,#7699,#7700,#7701,#7702)),.UNSPECIFIED.,.F.,.F.,.U.,(6,6),(6,3,6),(12.7296149001,21.5196379937),(0.,1.,2.),.UNSPECIFIED.) ;
#7738=B_SPLINE_SURFACE_WITH_KNOTS('',5,5,((#7739,#7740,#7741,#7742,#7743,#7744,#7745,#7746,#7747),(#7748,#7749,#7750,#7751,#7752,#7753,#7754,#7755,#7756),(#7757,#7758,#7759,#7760,#7761,#7762,#7763,#7764,#7765),(#7766,#7767,#7768,#7769,#7770,#7771,#7772,#7773,#7774),(#7775,#7776,#7777,#7778,#7779,#7780,#7781,#7782,#7783),(#7784,#7785,#7786,#7787,#7788,#7789,#7790,#7791,#7792)),.UNSPECIFIED.,.F.,.F.,.U.,(6,6),(6,3,6),(58.1524707345,70.552620975),(0.,1.,2.),.UNSPECIFIED.) ;
#7845=B_SPLINE_SURFACE_WITH_KNOTS('',5,5,((#7846,#7847,#7848,#7849,#7850,#7851,#7852,#7853,#7854),(#7855,#7856,#7857,#7858,#7859,#7860,#7861,#7862,#7863),(#7864,#7865,#7866,#7867,#7868,#7869,#7870,#7871,#7872),(#7873,#7874,#7875,#7876,#7877,#7878,#7879,#7880,#7881),(#7882,#7883,#7884,#7885,#7886,#7887,#7888,#7889,#7890),(#7891,#7892,#7893,#7894,#7895,#7896,#7897,#7898,#7899)),.UNSPECIFIED.,.F.,.F.,.U.,(6,6),(6,3,6),(118.497490512,148.908457452),(0.,1.,2.),.UNSPECIFIED.) ;
#8405=B_SPLINE_SURFACE_WITH_KNOTS('',3,5,((#8406,#8407,#8408,#8409,#8410,#8411),(#8412,#8413,#8414,#8415,#8416,#8417),(#8418,#8419,#8420,#8421,#8422,#8423),(#8424,#8425,#8426,#8427,#8428,#8429)),.UNSPECIFIED.,.F.,.F.,.U.,(4,4),(6,6),(9.69252719183,10.2015805771),(0.,2.),.UNSPECIFIED.) ;
#8445=B_SPLINE_SURFACE_WITH_KNOTS('',5,5,((#8446,#8447,#8448,#8449,#8450,#8451,#8452,#8453,#8454),(#8455,#8456,#8457,#8458,#8459,#8460,#8461,#8462,#8463),(#8464,#8465,#8466,#8467,#8468,#8469,#8470,#8471,#8472),(#8473,#8474,#8475,#8476,#8477,#8478,#8479,#8480,#8481),(#8482,#8483,#8484,#8485,#8486,#8487,#8488,#8489,#8490),(#8491,#8492,#8493,#8494,#8495,#8496,#8497,#8498,#8499),(#8500,#8501,#8502,#8503,#8504,#8505,#8506,#8507,#8508),(#8509,#8510,#8511,#8512,#8513,#8514,#8515,#8516,#8517),(#8518,#8519,#8520,#8521,#8522,#8523,#8524,#8525,#8526)),.UNSPECIFIED.,.F.,.F.,.U.,(6,3,6),(6,3,6),(5.63477689925,12.5584731519,17.7634706451),(0.,1.,2.),.UNSPECIFIED.) ;
#8559=B_SPLINE_SURFACE_WITH_KNOTS('',5,5,((#8560,#8561,#8562,#8563,#8564,#8565,#8566,#8567,#8568),(#8569,#8570,#8571,#8572,#8573,#8574,#8575,#8576,#8577),(#8578,#8579,#8580,#8581,#8582,#8583,#8584,#8585,#8586),(#8587,#8588,#8589,#8590,#8591,#8592,#8593,#8594,#8595),(#8596,#8597,#8598,#8599,#8600,#8601,#8602,#8603,#8604),(#8605,#8606,#8607,#8608,#8609,#8610,#8611,#8612,#8613),(#8614,#8615,#8616,#8617,#8618,#8619,#8620,#8621,#8622),(#8623,#8624,#8625,#8626,#8627,#8628,#8629,#8630,#8631),(#8632,#8633,#8634,#8635,#8636,#8637,#8638,#8639,#8640)),.UNSPECIFIED.,.F.,.F.,.U.,(6,3,6),(6,3,6),(17.7633662683,21.6876658104,30.3422041354),(0.,1.,2.),.UNSPECIFIED.) ;
#9156=B_SPLINE_SURFACE_WITH_KNOTS('',5,5,((#9157,#9158,#9159,#9160,#9161,#9162,#9163,#9164,#9165),(#9166,#9167,#9168,#9169,#9170,#9171,#9172,#9173,#9174),(#9175,#9176,#9177,#9178,#9179,#9180,#9181,#9182,#9183),(#9184,#9185,#9186,#9187,#9188,#9189,#9190,#9191,#9192),(#9193,#9194,#9195,#9196,#9197,#9198,#9199,#9200,#9201),(#9202,#9203,#9204,#9205,#9206,#9207,#9208,#9209,#9210),(#9211,#9212,#9213,#9214,#9215,#9216,#9217,#9218,#9219),(#9220,#9221,#9222,#9223,#9224,#9225,#9226,#9227,#9228),(#9229,#9230,#9231,#9232,#9233,#9234,#9235,#9236,#9237)),.UNSPECIFIED.,.F.,.F.,.U.,(6,3,6),(6,3,6),(11.703359865,20.0654354268,24.2828368356),(0.,1.,2.),.UNSPECIFIED.) ;
#9270=B_SPLINE_SURFACE_WITH_KNOTS('',5,5,((#9271,#9272,#9273,#9274,#9275,#9276,#9277,#9278,#9279),(#9280,#9281,#9282,#9283,#9284,#9285,#9286,#9287,#9288),(#9289,#9290,#9291,#9292,#9293,#9294,#9295,#9296,#9297),(#9298,#9299,#9300,#9301,#9302,#9303,#9304,#9305,#9306),(#9307,#9308,#9309,#9310,#9311,#9312,#9313,#9314,#9315),(#9316,#9317,#9318,#9319,#9320,#9321,#9322,#9323,#9324),(#9325,#9326,#9327,#9328,#9329,#9330,#9331,#9332,#9333),(#9334,#9335,#9336,#9337,#9338,#9339,#9340,#9341,#9342),(#9343,#9344,#9345,#9346,#9347,#9348,#9349,#9350,#9351)),.UNSPECIFIED.,.F.,.F.,.U.,(6,3,6),(6,3,6),(17.7636608034,24.519549038,29.8917975386),(0.,1.,2.),.UNSPECIFIED.) ;
#9367=B_SPLINE_SURFACE_WITH_KNOTS('',3,5,((#9368,#9369,#9370,#9371,#9372,#9373),(#9374,#9375,#9376,#9377,#9378,#9379),(#9380,#9381,#9382,#9383,#9384,#9385),(#9386,#9387,#9388,#9389,#9390,#9391)),.UNSPECIFIED.,.F.,.F.,.U.,(4,4),(6,6),(9.69252832324,10.2015890272),(0.,2.),.UNSPECIFIED.) ;
#9597=B_SPLINE_SURFACE_WITH_KNOTS('',5,5,((#9598,#9599,#9600,#9601,#9602,#9603,#9604,#9605,#9606),(#9607,#9608,#9609,#9610,#9611,#9612,#9613,#9614,#9615),(#9616,#9617,#9618,#9619,#9620,#9621,#9622,#9623,#9624),(#9625,#9626,#9627,#9628,#9629,#9630,#9631,#9632,#9633),(#9634,#9635,#9636,#9637,#9638,#9639,#9640,#9641,#9642),(#9643,#9644,#9645,#9646,#9647,#9648,#9649,#9650,#9651),(#9652,#9653,#9654,#9655,#9656,#9657,#9658,#9659,#9660),(#9661,#9662,#9663,#9664,#9665,#9666,#9667,#9668,#9669),(#9670,#9671,#9672,#9673,#9674,#9675,#9676,#9677,#9678)),.UNSPECIFIED.,.F.,.F.,.U.,(6,3,6),(6,3,6),(24.2427214935,38.7810934202,46.3638600961),(0.,1.,2.),.UNSPECIFIED.) ;
#9709=B_SPLINE_SURFACE_WITH_KNOTS('',5,5,((#9710,#9711,#9712,#9713,#9714,#9715),(#9716,#9717,#9718,#9719,#9720,#9721),(#9722,#9723,#9724,#9725,#9726,#9727),(#9728,#9729,#9730,#9731,#9732,#9733),(#9734,#9735,#9736,#9737,#9738,#9739),(#9740,#9741,#9742,#9743,#9744,#9745),(#9746,#9747,#9748,#9749,#9750,#9751),(#9752,#9753,#9754,#9755,#9756,#9757),(#9758,#9759,#9760,#9761,#9762,#9763)),.UNSPECIFIED.,.F.,.F.,.U.,(6,3,6),(6,6),(0.,13.1389481203,29.1428741793),(0.,2.),.UNSPECIFIED.) ;
#9804=B_SPLINE_SURFACE_WITH_KNOTS('',5,5,((#9805,#9806,#9807,#9808,#9809,#9810),(#9811,#9812,#9813,#9814,#9815,#9816),(#9817,#9818,#9819,#9820,#9821,#9822),(#9823,#9824,#9825,#9826,#9827,#9828),(#9829,#9830,#9831,#9832,#9833,#9834),(#9835,#9836,#9837,#9838,#9839,#9840),(#9841,#9842,#9843,#9844,#9845,#9846),(#9847,#9848,#9849,#9850,#9851,#9852),(#9853,#9854,#9855,#9856,#9857,#9858)),.UNSPECIFIED.,.F.,.F.,.U.,(6,3,6),(6,6),(0.,14.7021283639,29.1464606196),(0.,2.),.UNSPECIFIED.) ;
#9905=B_SPLINE_SURFACE_WITH_KNOTS('',5,5,((#9906,#9907,#9908,#9909,#9910,#9911,#9912,#9913,#9914),(#9915,#9916,#9917,#9918,#9919,#9920,#9921,#9922,#9923),(#9924,#9925,#9926,#9927,#9928,#9929,#9930,#9931,#9932),(#9933,#9934,#9935,#9936,#9937,#9938,#9939,#9940,#9941),(#9942,#9943,#9944,#9945,#9946,#9947,#9948,#9949,#9950),(#9951,#9952,#9953,#9954,#9955,#9956,#9957,#9958,#9959),(#9960,#9961,#9962,#9963,#9964,#9965,#9966,#9967,#9968),(#9969,#9970,#9971,#9972,#9973,#9974,#9975,#9976,#9977),(#9978,#9979,#9980,#9981,#9982,#9983,#9984,#9985,#9986)),.UNSPECIFIED.,.F.,.F.,.U.,(6,3,6),(6,3,6),(36.2078214934,44.0100330554,58.3272417652),(0.,1.,2.),.UNSPECIFIED.) ;
#10096=B_SPLINE_SURFACE_WITH_KNOTS('',5,5,((#10097,#10098,#10099,#10100,#10101,#10102,#10103,#10104,#10105),(#10106,#10107,#10108,#10109,#10110,#10111,#10112,#10113,#10114),(#10115,#10116,#10117,#10118,#10119,#10120,#10121,#10122,#10123),(#10124,#10125,#10126,#10127,#10128,#10129,#10130,#10131,#10132),(#10133,#10134,#10135,#10136,#10137,#10138,#10139,#10140,#10141),(#10142,#10143,#10144,#10145,#10146,#10147,#10148,#10149,#10150),(#10151,#10152,#10153,#10154,#10155,#10156,#10157,#10158,#10159),(#10160,#10161,#10162,#10163,#10164,#10165,#10166,#10167,#10168),(#10169,#10170,#10171,#10172,#10173,#10174,#10175,#10176,#10177)),.UNSPECIFIED.,.F.,.F.,.U.,(6,3,6),(6,3,6),(24.2427214923,38.7810934187,46.3638600947),(0.,1.,2.),.UNSPECIFIED.) ;
#10224=B_SPLINE_SURFACE_WITH_KNOTS('',5,5,((#10225,#10226,#10227,#10228,#10229,#10230),(#10231,#10232,#10233,#10234,#10235,#10236),(#10237,#10238,#10239,#10240,#10241,#10242),(#10243,#10244,#10245,#10246,#10247,#10248),(#10249,#10250,#10251,#10252,#10253,#10254),(#10255,#10256,#10257,#10258,#10259,#10260),(#10261,#10262,#10263,#10264,#10265,#10266),(#10267,#10268,#10269,#10270,#10271,#10272),(#10273,#10274,#10275,#10276,#10277,#10278)),.UNSPECIFIED.,.F.,.F.,.U.,(6,3,6),(6,6),(26.0717899873,42.0757373881,55.2132616995),(0.,2.),.UNSPECIFIED.) ;
#10325=B_SPLINE_SURFACE_WITH_KNOTS('',5,5,((#10326,#10327,#10328,#10329,#10330,#10331),(#10332,#10333,#10334,#10335,#10336,#10337),(#10338,#10339,#10340,#10341,#10342,#10343),(#10344,#10345,#10346,#10347,#10348,#10349),(#10350,#10351,#10352,#10353,#10354,#10355),(#10356,#10357,#10358,#10359,#10360,#10361),(#10362,#10363,#10364,#10365,#10366,#10367),(#10368,#10369,#10370,#10371,#10372,#10373),(#10374,#10375,#10376,#10377,#10378,#10379)),.UNSPECIFIED.,.F.,.F.,.U.,(6,3,6),(6,6),(36.8294982508,55.7708833686,65.9727461481),(0.,2.),.UNSPECIFIED.) ;
#10424=B_SPLINE_SURFACE_WITH_KNOTS('',5,5,((#10425,#10426,#10427,#10428,#10429,#10430,#10431,#10432,#10433),(#10434,#10435,#10436,#10437,#10438,#10439,#10440,#10441,#10442),(#10443,#10444,#10445,#10446,#10447,#10448,#10449,#10450,#10451),(#10452,#10453,#10454,#10455,#10456,#10457,#10458,#10459,#10460),(#10461,#10462,#10463,#10464,#10465,#10466,#10467,#10468,#10469),(#10470,#10471,#10472,#10473,#10474,#10475,#10476,#10477,#10478),(#10479,#10480,#10481,#10482,#10483,#10484,#10485,#10486,#10487),(#10488,#10489,#10490,#10491,#10492,#10493,#10494,#10495,#10496),(#10497,#10498,#10499,#10500,#10501,#10502,#10503,#10504,#10505)),.UNSPECIFIED.,.F.,.F.,.U.,(6,3,6),(6,3,6),(36.2078214927,44.0100330545,58.327241764),(0.,1.,2.),.UNSPECIFIED.) ;
#11097=B_SPLINE_SURFACE_WITH_KNOTS('',5,5,((#11098,#11099,#11100,#11101,#11102,#11103,#11104,#11105,#11106),(#11107,#11108,#11109,#11110,#11111,#11112,#11113,#11114,#11115),(#11116,#11117,#11118,#11119,#11120,#11121,#11122,#11123,#11124),(#11125,#11126,#11127,#11128,#11129,#11130,#11131,#11132,#11133),(#11134,#11135,#11136,#11137,#11138,#11139,#11140,#11141,#11142),(#11143,#11144,#11145,#11146,#11147,#11148,#11149,#11150,#11151)),.UNSPECIFIED.,.F.,.F.,.U.,(6,6),(6,3,6),(13.1645706379,25.7643744129),(0.,1.,2.),.UNSPECIFIED.) ;
#11167=B_SPLINE_SURFACE_WITH_KNOTS('',5,5,((#11168,#11169,#11170,#11171,#11172,#11173,#11174,#11175,#11176),(#11177,#11178,#11179,#11180,#11181,#11182,#11183,#11184,#11185),(#11186,#11187,#11188,#11189,#11190,#11191,#11192,#11193,#11194),(#11195,#11196,#11197,#11198,#11199,#11200,#11201,#11202,#11203),(#11204,#11205,#11206,#11207,#11208,#11209,#11210,#11211,#11212),(#11213,#11214,#11215,#11216,#11217,#11218,#11219,#11220,#11221)),.UNSPECIFIED.,.F.,.F.,.U.,(6,6),(6,3,6),(47.5419317377,54.3570716239),(0.,1.,2.),.UNSPECIFIED.) ;
#11236=B_SPLINE_SURFACE_WITH_KNOTS('',5,5,((#11237,#11238,#11239,#11240,#11241,#11242),(#11243,#11244,#11245,#11246,#11247,#11248),(#11249,#11250,#11251,#11252,#11253,#11254),(#11255,#11256,#11257,#11258,#11259,#11260),(#11261,#11262,#11263,#11264,#11265,#11266),(#11267,#11268,#11269,#11270,#11271,#11272),(#11273,#11274,#11275,#11276,#11277,#11278),(#11279,#11280,#11281,#11282,#11283,#11284),(#11285,#11286,#11287,#11288,#11289,#11290),(#11291,#11292,#11293,#11294,#11295,#11296),(#11297,#11298,#11299,#11300,#11301,#11302),(#11303,#11304,#11305,#11306,#11307,#11308),(#11309,#11310,#11311,#11312,#11313,#11314),(#11315,#11316,#11317,#11318,#11319,#11320),(#11321,#11322,#11323,#11324,#11325,#11326)),.UNSPECIFIED.,.F.,.F.,.U.,(6,3,3,3,6),(6,6),(15.6807488566,23.722121142,32.1150351633,36.9555689187,47.4762950156),(0.,2.),.UNSPECIFIED.) ;
#11341=B_SPLINE_SURFACE_WITH_KNOTS('',5,5,((#11342,#11343,#11344,#11345,#11346,#11347,#11348,#11349,#11350),(#11351,#11352,#11353,#11354,#11355,#11356,#11357,#11358,#11359),(#11360,#11361,#11362,#11363,#11364,#11365,#11366,#11367,#11368),(#11369,#11370,#11371,#11372,#11373,#11374,#11375,#11376,#11377),(#11378,#11379,#11380,#11381,#11382,#11383,#11384,#11385,#11386),(#11387,#11388,#11389,#11390,#11391,#11392,#11393,#11394,#11395)),.UNSPECIFIED.,.F.,.F.,.U.,(6,6),(6,3,6),(14.2142882638,19.0567908347),(0.,1.,2.),.UNSPECIFIED.) ;
#11411=B_SPLINE_SURFACE_WITH_KNOTS('',5,5,((#11412,#11413,#11414,#11415,#11416,#11417,#11418,#11419,#11420),(#11421,#11422,#11423,#11424,#11425,#11426,#11427,#11428,#11429),(#11430,#11431,#11432,#11433,#11434,#11435,#11436,#11437,#11438),(#11439,#11440,#11441,#11442,#11443,#11444,#11445,#11446,#11447),(#11448,#11449,#11450,#11451,#11452,#11453,#11454,#11455,#11456),(#11457,#11458,#11459,#11460,#11461,#11462,#11463,#11464,#11465)),.UNSPECIFIED.,.F.,.F.,.U.,(6,6),(6,3,6),(13.4666931775,28.0945810569),(0.,1.,2.),.UNSPECIFIED.) ;
#11515=B_SPLINE_SURFACE_WITH_KNOTS('',5,5,((#11516,#11517,#11518,#11519,#11520,#11521,#11522,#11523,#11524),(#11525,#11526,#11527,#11528,#11529,#11530,#11531,#11532,#11533),(#11534,#11535,#11536,#11537,#11538,#11539,#11540,#11541,#11542),(#11543,#11544,#11545,#11546,#11547,#11548,#11549,#11550,#11551),(#11552,#11553,#11554,#11555,#11556,#11557,#11558,#11559,#11560),(#11561,#11562,#11563,#11564,#11565,#11566,#11567,#11568,#11569)),.UNSPECIFIED.,.F.,.F.,.U.,(6,6),(6,3,6),(9.04745414035,23.6752710735),(0.,1.,2.),.UNSPECIFIED.) ;
#11585=B_SPLINE_SURFACE_WITH_KNOTS('',5,5,((#11586,#11587,#11588,#11589,#11590,#11591,#11592,#11593,#11594),(#11595,#11596,#11597,#11598,#11599,#11600,#11601,#11602,#11603),(#11604,#11605,#11606,#11607,#11608,#11609,#11610,#11611,#11612),(#11613,#11614,#11615,#11616,#11617,#11618,#11619,#11620,#11621),(#11622,#11623,#11624,#11625,#11626,#11627,#11628,#11629,#11630),(#11631,#11632,#11633,#11634,#11635,#11636,#11637,#11638,#11639)),.UNSPECIFIED.,.F.,.F.,.U.,(6,6),(6,3,6),(49.3100000351,54.1522941764),(0.,1.,2.),.UNSPECIFIED.) ;
#11654=B_SPLINE_SURFACE_WITH_KNOTS('',5,5,((#11655,#11656,#11657,#11658,#11659,#11660),(#11661,#11662,#11663,#11664,#11665,#11666),(#11667,#11668,#11669,#11670,#11671,#11672),(#11673,#11674,#11675,#11676,#11677,#11678),(#11679,#11680,#11681,#11682,#11683,#11684),(#11685,#11686,#11687,#11688,#11689,#11690),(#11691,#11692,#11693,#11694,#11695,#11696),(#11697,#11698,#11699,#11700,#11701,#11702),(#11703,#11704,#11705,#11706,#11707,#11708),(#11709,#11710,#11711,#11712,#11713,#11714),(#11715,#11716,#11717,#11718,#11719,#11720),(#11721,#11722,#11723,#11724,#11725,#11726),(#11727,#11728,#11729,#11730,#11731,#11732),(#11733,#11734,#11735,#11736,#11737,#11738),(#11739,#11740,#11741,#11742,#11743,#11744),(#11745,#11746,#11747,#11748,#11749,#11750),(#11751,#11752,#11753,#11754,#11755,#11756),(#11757,#11758,#11759,#11760,#11761,#11762)),.UNSPECIFIED.,.F.,.F.,.U.,(6,3,3,3,3,6),(6,6),(15.6807812647,24.3663554455,29.5130114208,34.753063761,39.438119403,47.4752799824),(0.,2.),.UNSPECIFIED.) ;
#11777=B_SPLINE_SURFACE_WITH_KNOTS('',5,5,((#11778,#11779,#11780,#11781,#11782,#11783,#11784,#11785,#11786),(#11787,#11788,#11789,#11790,#11791,#11792,#11793,#11794,#11795),(#11796,#11797,#11798,#11799,#11800,#11801,#11802,#11803,#11804),(#11805,#11806,#11807,#11808,#11809,#11810,#11811,#11812,#11813),(#11814,#11815,#11816,#11817,#11818,#11819,#11820,#11821,#11822),(#11823,#11824,#11825,#11826,#11827,#11828,#11829,#11830,#11831)),.UNSPECIFIED.,.F.,.F.,.U.,(6,6),(6,3,6),(10.1060424713,16.9219711527),(0.,1.,2.),.UNSPECIFIED.) ;
#11847=B_SPLINE_SURFACE_WITH_KNOTS('',5,5,((#11848,#11849,#11850,#11851,#11852,#11853,#11854,#11855,#11856),(#11857,#11858,#11859,#11860,#11861,#11862,#11863,#11864,#11865),(#11866,#11867,#11868,#11869,#11870,#11871,#11872,#11873,#11874),(#11875,#11876,#11877,#11878,#11879,#11880,#11881,#11882,#11883),(#11884,#11885,#11886,#11887,#11888,#11889,#11890,#11891,#11892),(#11893,#11894,#11895,#11896,#11897,#11898,#11899,#11900,#11901)),.UNSPECIFIED.,.F.,.F.,.U.,(6,6),(6,3,6),(11.2784998868,23.878355778),(0.,1.,2.),.UNSPECIFIED.) ;
#12155=MANIFOLD_SOLID_BREP('PartBody',#51) ;
#11=CALENDAR_DATE(2025,2,10) ;
#30=CC_DESIGN_APPROVAL(#21,(#16,#6,#14)) ;
#18=CC_DESIGN_DATE_AND_TIME_ASSIGNMENT(#13,#17,(#16)) ;
#29=CC_DESIGN_DATE_AND_TIME_ASSIGNMENT(#13,#28,(#14)) ;
#17=DATE_TIME_ROLE('classification_date') ;
#28=DATE_TIME_ROLE('creation_date') ;
#27=CC_DESIGN_PERSON_AND_ORGANIZATION_ASSIGNMENT(#25,#26,(#16)) ;
#33=CC_DESIGN_PERSON_AND_ORGANIZATION_ASSIGNMENT(#25,#34,(#6)) ;
#35=CC_DESIGN_PERSON_AND_ORGANIZATION_ASSIGNMENT(#25,#36,(#6,#14)) ;
#37=CC_DESIGN_PERSON_AND_ORGANIZATION_ASSIGNMENT(#25,#38,(#5)) ;
#26=PERSON_AND_ORGANIZATION_ROLE('classification_officer') ;
#34=PERSON_AND_ORGANIZATION_ROLE('design_supplier') ;
#36=PERSON_AND_ORGANIZATION_ROLE('creator') ;
#38=PERSON_AND_ORGANIZATION_ROLE('design_owner') ;
#39=CC_DESIGN_SECURITY_CLASSIFICATION(#16,(#6)) ;
#95=CIRCLE('generated circle',#94,1.5) ;
#174=CIRCLE('generated circle',#173,1.5) ;
#192=CIRCLE('generated circle',#191,12.) ;
#208=CIRCLE('generated circle',#207,12.) ;
#232=CIRCLE('generated circle',#231,12.) ;
#237=CIRCLE('generated circle',#236,12.) ;
#263=CIRCLE('generated circle',#262,33.) ;
#277=CIRCLE('generated circle',#276,33.) ;
#315=CIRCLE('generated circle',#314,35.) ;
#357=CIRCLE('generated circle',#356,35.) ;
#410=CIRCLE('generated circle',#409,33.) ;
#424=CIRCLE('generated circle',#423,33.) ;
#450=CIRCLE('generated circle',#449,35.) ;
#503=CIRCLE('generated circle',#502,35.) ;
#538=CIRCLE('generated circle',#537,5.25) ;
#596=CIRCLE('generated circle',#595,5.25) ;
#641=CIRCLE('generated circle',#640,5.25) ;
#699=CIRCLE('generated circle',#698,5.25) ;
#744=CIRCLE('generated circle',#743,11.) ;
#753=CIRCLE('generated circle',#752,11.) ;
#876=CIRCLE('generated circle',#875,11.) ;
#885=CIRCLE('generated circle',#884,11.) ;
#1022=CIRCLE('generated circle',#1021,7.) ;
#1036=CIRCLE('generated circle',#1035,7.) ;
#1048=CIRCLE('generated circle',#1047,7.) ;
#1053=CIRCLE('generated circle',#1052,7.) ;
#1074=CIRCLE('generated circle',#1073,4.) ;
#1083=CIRCLE('generated circle',#1082,4.) ;
#1252=CIRCLE('generated circle',#1251,25.) ;
#1287=CIRCLE('generated circle',#1286,25.) ;
#1401=CIRCLE('generated circle',#1400,4.) ;
#1410=CIRCLE('generated circle',#1409,4.) ;
#1482=CIRCLE('generated circle',#1481,7.) ;
#1498=CIRCLE('generated circle',#1497,7.) ;
#1517=CIRCLE('generated circle',#1516,7.) ;
#1522=CIRCLE('generated circle',#1521,7.) ;
#1543=CIRCLE('generated circle',#1542,4.) ;
#1552=CIRCLE('generated circle',#1551,4.) ;
#1812=CIRCLE('generated circle',#1811,25.) ;
#1847=CIRCLE('generated circle',#1846,25.) ;
#1870=CIRCLE('generated circle',#1869,4.) ;
#1879=CIRCLE('generated circle',#1878,4.) ;
#1951=CIRCLE('generated circle',#1950,2.) ;
#1960=CIRCLE('generated circle',#1959,8.) ;
#1967=CIRCLE('generated circle',#1966,2.) ;
#1974=CIRCLE('generated circle',#1973,6.) ;
#1998=CIRCLE('generated circle',#1997,2.) ;
#2292=CIRCLE('generated circle',#2291,2.) ;
#2618=CIRCLE('generated circle',#2617,8.) ;
#2625=CIRCLE('generated circle',#2624,2.) ;
#2632=CIRCLE('generated circle',#2631,6.) ;
#2671=CIRCLE('generated circle',#2670,2.) ;
#2680=CIRCLE('generated circle',#2679,8.) ;
#2687=CIRCLE('generated circle',#2686,2.) ;
#2694=CIRCLE('generated circle',#2693,6.) ;
#3025=CIRCLE('generated circle',#3024,2.) ;
#3314=CIRCLE('generated circle',#3313,2.) ;
#3338=CIRCLE('generated circle',#3337,8.) ;
#3345=CIRCLE('generated circle',#3344,2.) ;
#3352=CIRCLE('generated circle',#3351,6.) ;
#3532=CIRCLE('generated circle',#3531,21.5) ;
#3539=CIRCLE('generated circle',#3538,2.) ;
#3546=CIRCLE('generated circle',#3545,23.5) ;
#3563=CIRCLE('generated circle',#3562,21.5) ;
#3570=CIRCLE('generated circle',#3569,2.) ;
#3577=CIRCLE('generated circle',#3576,23.5) ;
#3852=CIRCLE('generated circle',#3851,21.5) ;
#3859=CIRCLE('generated circle',#3858,2.) ;
#3866=CIRCLE('generated circle',#3865,23.5) ;
#3883=CIRCLE('generated circle',#3882,21.5) ;
#3890=CIRCLE('generated circle',#3889,2.) ;
#3897=CIRCLE('generated circle',#3896,23.5) ;
#4045=CIRCLE('generated circle',#4044,9.5) ;
#4052=CIRCLE('generated circle',#4051,224.) ;
#4072=CIRCLE('generated circle',#4071,224.) ;
#4079=CIRCLE('generated circle',#4078,9.5) ;
#4097=CIRCLE('generated circle',#4096,2.) ;
#4106=CIRCLE('generated circle',#4105,9.5) ;
#4113=CIRCLE('generated circle',#4112,2.) ;
#4120=CIRCLE('generated circle',#4119,7.5) ;
#4137=CIRCLE('generated circle',#4136,205.) ;
#4144=CIRCLE('generated circle',#4143,2.) ;
#4151=CIRCLE('generated circle',#4150,207.) ;
#4168=CIRCLE('generated circle',#4167,205.) ;
#4175=CIRCLE('generated circle',#4174,2.) ;
#4182=CIRCLE('generated circle',#4181,207.) ;
#4199=CIRCLE('generated circle',#4198,9.5) ;
#4206=CIRCLE('generated circle',#4205,2.) ;
#4213=CIRCLE('generated circle',#4212,7.5) ;
#4435=CIRCLE('generated circle',#4434,2.) ;
#4442=CIRCLE('generated circle',#4441,7.5) ;
#4459=CIRCLE('generated circle',#4458,2.) ;
#4466=CIRCLE('generated circle',#4465,222.) ;
#4483=CIRCLE('generated circle',#4482,2.) ;
#4490=CIRCLE('generated circle',#4489,222.) ;
#4507=CIRCLE('generated circle',#4506,2.) ;
#4514=CIRCLE('generated circle',#4513,7.5) ;
#4849=CIRCLE('generated circle',#4848,33.) ;
#4882=CIRCLE('generated circle',#4881,202.) ;
#4889=CIRCLE('generated circle',#4888,33.) ;
#4952=CIRCLE('generated circle',#4951,33.) ;
#4961=CIRCLE('generated circle',#4960,202.) ;
#4992=CIRCLE('generated circle',#4991,33.) ;
#5069=CIRCLE('generated circle',#5068,33.) ;
#5103=CIRCLE('generated circle',#5102,33.) ;
#5130=CIRCLE('generated circle',#5129,202.) ;
#5150=CIRCLE('generated circle',#5149,202.) ;
#5236=CIRCLE('generated circle',#5235,2.) ;
#5243=CIRCLE('generated circle',#5242,35.) ;
#5250=CIRCLE('generated circle',#5249,2.) ;
#5268=CIRCLE('generated circle',#5267,200.) ;
#5275=CIRCLE('generated circle',#5274,2.) ;
#5800=CIRCLE('generated circle',#5799,200.) ;
#5807=CIRCLE('generated circle',#5806,2.) ;
#5824=CIRCLE('generated circle',#5823,35.) ;
#5831=CIRCLE('generated circle',#5830,2.) ;
#5856=CIRCLE('generated circle',#5855,2.) ;
#5962=CIRCLE('generated circle',#5961,2.) ;
#6069=CIRCLE('generated circle',#6068,2.) ;
#6086=CIRCLE('generated circle',#6085,2.) ;
#6100=CIRCLE('generated circle',#6099,2.) ;
#6206=CIRCLE('generated circle',#6205,2.) ;
#6323=CIRCLE('generated circle',#6322,35.) ;
#6330=CIRCLE('generated circle',#6329,35.) ;
#6349=CIRCLE('generated circle',#6348,200.) ;
#6356=CIRCLE('generated circle',#6355,200.) ;
#6389=CIRCLE('generated circle',#6388,35.) ;
#6416=CIRCLE('generated circle',#6415,200.) ;
#6451=CIRCLE('generated circle',#6450,200.) ;
#6499=CIRCLE('generated circle',#6498,35.) ;
#6512=CIRCLE('generated circle',#6511,200.) ;
#6545=CIRCLE('generated circle',#6544,200.) ;
#6589=CIRCLE('generated circle',#6588,35.) ;
#6622=CIRCLE('generated circle',#6621,35.) ;
#6773=CIRCLE('generated circle',#6772,2.) ;
#6780=CIRCLE('generated circle',#6779,2.) ;
#6787=CIRCLE('generated circle',#6786,33.) ;
#6794=CIRCLE('generated circle',#6793,33.) ;
#6812=CIRCLE('generated circle',#6811,2.) ;
#6819=CIRCLE('generated circle',#6818,202.) ;
#7303=CIRCLE('generated circle',#7302,2.) ;
#7310=CIRCLE('generated circle',#7309,202.) ;
#7327=CIRCLE('generated circle',#7326,2.) ;
#7334=CIRCLE('generated circle',#7333,33.) ;
#7341=CIRCLE('generated circle',#7340,33.) ;
#7359=CIRCLE('generated circle',#7358,2.) ;
#7466=CIRCLE('generated circle',#7465,2.) ;
#7829=CIRCLE('generated circle',#7828,2.) ;
#7953=CIRCLE('generated circle',#7952,33.) ;
#7960=CIRCLE('generated circle',#7959,33.) ;
#7979=CIRCLE('generated circle',#7978,202.) ;
#7986=CIRCLE('generated circle',#7985,202.) ;
#8073=CIRCLE('generated circle',#8072,6.) ;
#8158=CIRCLE('generated circle',#8157,6.) ;
#8183=CIRCLE('generated circle',#8182,6.) ;
#8250=CIRCLE('generated circle',#8249,8.) ;
#8264=CIRCLE('generated circle',#8263,8.) ;
#8278=CIRCLE('generated circle',#8277,8.) ;
#8374=CIRCLE('generated circle',#8373,2.) ;
#8379=CIRCLE('generated circle',#8378,2.) ;
#8396=CIRCLE('generated circle',#8395,2.) ;
#8550=CIRCLE('generated circle',#8549,2.) ;
#8664=CIRCLE('generated circle',#8663,2.) ;
#8681=CIRCLE('generated circle',#8680,2.) ;
#8698=CIRCLE('generated circle',#8697,2.) ;
#8727=CIRCLE('generated circle',#8726,6.) ;
#8818=CIRCLE('generated circle',#8817,6.) ;
#8928=CIRCLE('generated circle',#8927,6.) ;
#9026=CIRCLE('generated circle',#9025,8.) ;
#9040=CIRCLE('generated circle',#9039,8.) ;
#9054=CIRCLE('generated circle',#9053,8.) ;
#9091=CIRCLE('generated circle',#9090,2.) ;
#9096=CIRCLE('generated circle',#9095,2.) ;
#9113=CIRCLE('generated circle',#9112,2.) ;
#9130=CIRCLE('generated circle',#9129,2.) ;
#9147=CIRCLE('generated circle',#9146,2.) ;
#9261=CIRCLE('generated circle',#9260,2.) ;
#9415=CIRCLE('generated circle',#9414,2.) ;
#9486=CIRCLE('generated circle',#9485,27.) ;
#9505=CIRCLE('generated circle',#9504,27.) ;
#9550=CIRCLE('generated circle',#9549,2.) ;
#9557=CIRCLE('generated circle',#9556,2.) ;
#9564=CIRCLE('generated circle',#9563,25.) ;
#9581=CIRCLE('generated circle',#9580,2.) ;
#9588=CIRCLE('generated circle',#9587,25.) ;
#10042=CIRCLE('generated circle',#10041,27.) ;
#10049=CIRCLE('generated circle',#10048,2.) ;
#10056=CIRCLE('generated circle',#10055,25.) ;
#10073=CIRCLE('generated circle',#10072,27.) ;
#10080=CIRCLE('generated circle',#10079,2.) ;
#10087=CIRCLE('generated circle',#10086,25.) ;
#10546=CIRCLE('generated circle',#10545,222.) ;
#10631=CIRCLE('generated circle',#10630,222.) ;
#10672=CIRCLE('generated circle',#10671,207.) ;
#10763=CIRCLE('generated circle',#10762,207.) ;
#10821=CIRCLE('generated circle',#10820,205.) ;
#10840=CIRCLE('generated circle',#10839,205.) ;
#10928=CIRCLE('generated circle',#10927,224.) ;
#10947=CIRCLE('generated circle',#10946,224.) ;
#11083=CIRCLE('generated circle',#11082,2.) ;
#11088=CIRCLE('generated circle',#11087,2.) ;
#11489=CIRCLE('generated circle',#11488,2.) ;
#11506=CIRCLE('generated circle',#11505,2.) ;
#11937=CIRCLE('generated circle',#11936,24.) ;
#11946=CIRCLE('generated circle',#11945,24.) ;
#11965=CIRCLE('generated circle',#11964,25.) ;
#11996=CIRCLE('generated circle',#11995,25.) ;
#12052=CIRCLE('generated circle',#12051,20.5) ;
#12061=CIRCLE('generated circle',#12060,20.5) ;
#12080=CIRCLE('generated circle',#12079,21.5) ;
#12109=CIRCLE('generated circle',#12108,21.5) ;
#12014=CONICAL_SURFACE('Cone',#12013,0.,0.785398163397) ;
#12036=CONICAL_SURFACE('Cone',#12035,0.,0.785398163397) ;
#12125=CONICAL_SURFACE('Cone',#12124,0.,0.785398163397) ;
#12147=CONICAL_SURFACE('Cone',#12146,0.,0.785398163397) ;
#12157=SHAPE_REPRESENTATION_RELATIONSHIP(' ',' ',#49,#12156) ;
#56=CYLINDRICAL_SURFACE('generated cylinder',#55,1.5) ;
#122=CYLINDRICAL_SURFACE('generated cylinder',#121,1.5) ;
#188=CYLINDRICAL_SURFACE('generated cylinder',#187,12.) ;
#228=CYLINDRICAL_SURFACE('generated cylinder',#227,12.) ;
#250=CYLINDRICAL_SURFACE('generated cylinder',#249,33.) ;
#397=CYLINDRICAL_SURFACE('generated cylinder',#396,33.) ;
#534=CYLINDRICAL_SURFACE('generated cylinder',#533,5.25) ;
#637=CYLINDRICAL_SURFACE('generated cylinder',#636,5.25) ;
#768=CYLINDRICAL_SURFACE('generated cylinder',#767,11.) ;
#900=CYLINDRICAL_SURFACE('generated cylinder',#899,11.) ;
#1009=CYLINDRICAL_SURFACE('generated cylinder',#1008,7.) ;
#1207=CYLINDRICAL_SURFACE('generated cylinder',#1206,25.) ;
#1421=CYLINDRICAL_SURFACE('generated cylinder',#1420,4.) ;
#1478=CYLINDRICAL_SURFACE('generated cylinder',#1477,7.) ;
#1778=CYLINDRICAL_SURFACE('generated cylinder',#1777,25.) ;
#1890=CYLINDRICAL_SURFACE('generated cylinder',#1889,4.) ;
#1987=CYLINDRICAL_SURFACE('generated cylinder',#1986,2.) ;
#2281=CYLINDRICAL_SURFACE('generated cylinder',#2280,2.) ;
#2645=CYLINDRICAL_SURFACE('generated cylinder',#2644,2.) ;
#3014=CYLINDRICAL_SURFACE('generated cylinder',#3013,2.) ;
#3303=CYLINDRICAL_SURFACE('generated cylinder',#3302,2.) ;
#3365=CYLINDRICAL_SURFACE('generated cylinder',#3364,2.) ;
#4912=CYLINDRICAL_SURFACE('generated cylinder',#4911,30.) ;
#5015=CYLINDRICAL_SURFACE('generated cylinder',#5014,30.) ;
#5164=CYLINDRICAL_SURFACE('generated cylinder',#5163,20.) ;
#5198=CYLINDRICAL_SURFACE('generated cylinder',#5197,20.) ;
#5845=CYLINDRICAL_SURFACE('generated cylinder',#5844,2.) ;
#5951=CYLINDRICAL_SURFACE('generated cylinder',#5950,2.) ;
#6058=CYLINDRICAL_SURFACE('generated cylinder',#6057,2.) ;
#6082=CYLINDRICAL_SURFACE('generated cylinder',#6081,2.) ;
#6195=CYLINDRICAL_SURFACE('generated cylinder',#6194,2.) ;
#6302=CYLINDRICAL_SURFACE('generated cylinder',#6301,2.) ;
#6371=CYLINDRICAL_SURFACE('generated cylinder',#6370,35.) ;
#6412=CYLINDRICAL_SURFACE('generated cylinder',#6411,200.) ;
#6573=CYLINDRICAL_SURFACE('generated cylinder',#6572,35.) ;
#6606=CYLINDRICAL_SURFACE('generated cylinder',#6605,35.) ;
#7355=CYLINDRICAL_SURFACE('generated cylinder',#7354,2.) ;
#7462=CYLINDRICAL_SURFACE('generated cylinder',#7461,2.) ;
#7825=CYLINDRICAL_SURFACE('generated cylinder',#7824,2.) ;
#7932=CYLINDRICAL_SURFACE('generated cylinder',#7931,2.) ;
#8032=CYLINDRICAL_SURFACE('generated cylinder',#8031,6.) ;
#8059=CYLINDRICAL_SURFACE('generated cylinder',#8058,6.) ;
#8154=CYLINDRICAL_SURFACE('generated cylinder',#8153,6.) ;
#8179=CYLINDRICAL_SURFACE('generated cylinder',#8178,6.) ;
#8304=CYLINDRICAL_SURFACE('generated cylinder',#8303,30.) ;
#8392=CYLINDRICAL_SURFACE('generated cylinder',#8391,2.) ;
#8546=CYLINDRICAL_SURFACE('generated cylinder',#8545,2.) ;
#8677=CYLINDRICAL_SURFACE('generated cylinder',#8676,2.) ;
#8711=CYLINDRICAL_SURFACE('generated cylinder',#8710,2.) ;
#8723=CYLINDRICAL_SURFACE('generated cylinder',#8722,6.) ;
#8814=CYLINDRICAL_SURFACE('generated cylinder',#8813,6.) ;
#8838=CYLINDRICAL_SURFACE('generated cylinder',#8837,6.) ;
#8924=CYLINDRICAL_SURFACE('generated cylinder',#8923,6.) ;
#8942=CYLINDRICAL_SURFACE('generated cylinder',#8941,30.) ;
#9087=CYLINDRICAL_SURFACE('generated cylinder',#9086,2.) ;
#9126=CYLINDRICAL_SURFACE('generated cylinder',#9125,2.) ;
#9257=CYLINDRICAL_SURFACE('generated cylinder',#9256,2.) ;
#9411=CYLINDRICAL_SURFACE('generated cylinder',#9410,2.) ;
#9440=CYLINDRICAL_SURFACE('generated cylinder',#9439,19.) ;
#9518=CYLINDRICAL_SURFACE('generated cylinder',#9517,19.) ;
#10531=CYLINDRICAL_SURFACE('generated cylinder',#10530,222.) ;
#10572=CYLINDRICAL_SURFACE('generated cylinder',#10571,7.5) ;
#10661=CYLINDRICAL_SURFACE('generated cylinder',#10660,207.) ;
#10695=CYLINDRICAL_SURFACE('generated cylinder',#10694,7.5) ;
#11961=CYLINDRICAL_SURFACE('generated cylinder',#11960,25.) ;
#12076=CYLINDRICAL_SURFACE('generated cylinder',#12075,21.5) ;
#1947=TOROIDAL_SURFACE('homeo Torus',#1946,8.,2.) ;
#2614=TOROIDAL_SURFACE('homeo Torus',#2613,8.,2.) ;
#2667=TOROIDAL_SURFACE('homeo Torus',#2666,8.,2.) ;
#3334=TOROIDAL_SURFACE('homeo Torus',#3333,8.,2.) ;
#3528=TOROIDAL_SURFACE('homeo Torus',#3527,23.5,2.) ;
#3559=TOROIDAL_SURFACE('homeo Torus',#3558,23.5,2.) ;
#3848=TOROIDAL_SURFACE('homeo Torus',#3847,23.5,2.) ;
#3879=TOROIDAL_SURFACE('homeo Torus',#3878,23.5,2.) ;
#4093=TOROIDAL_SURFACE('homeo Torus',#4092,9.5,2.) ;
#4133=TOROIDAL_SURFACE('homeo Torus',#4132,205.,2.) ;
#4164=TOROIDAL_SURFACE('homeo Torus',#4163,205.,2.) ;
#4195=TOROIDAL_SURFACE('homeo Torus',#4194,9.5,2.) ;
#4431=TOROIDAL_SURFACE('homeo Torus',#4430,9.5,2.) ;
#4455=TOROIDAL_SURFACE('homeo Torus',#4454,224.,2.) ;
#4479=TOROIDAL_SURFACE('homeo Torus',#4478,224.,2.) ;
#4503=TOROIDAL_SURFACE('homeo Torus',#4502,9.5,2.) ;
#5232=TOROIDAL_SURFACE('homeo Torus',#5231,33.,2.) ;
#5264=TOROIDAL_SURFACE('homeo Torus',#5263,202.,2.) ;
#5796=TOROIDAL_SURFACE('homeo Torus',#5795,202.,2.) ;
#5820=TOROIDAL_SURFACE('homeo Torus',#5819,33.,2.) ;
#6319=TOROIDAL_SURFACE('homeo Torus',#6318,33.,2.) ;
#6345=TOROIDAL_SURFACE('homeo Torus',#6344,202.,2.) ;
#6769=TOROIDAL_SURFACE('homeo Torus',#6768,33.,2.) ;
#6808=TOROIDAL_SURFACE('homeo Torus',#6807,202.,2.) ;
#7299=TOROIDAL_SURFACE('homeo Torus',#7298,202.,2.) ;
#7323=TOROIDAL_SURFACE('homeo Torus',#7322,33.,2.) ;
#7949=TOROIDAL_SURFACE('homeo Torus',#7948,33.,2.) ;
#7975=TOROIDAL_SURFACE('homeo Torus',#7974,202.,2.) ;
#8370=TOROIDAL_SURFACE('homeo Torus',#8369,8.,2.) ;
#8660=TOROIDAL_SURFACE('homeo Torus',#8659,8.,2.) ;
#8694=TOROIDAL_SURFACE('homeo Torus',#8693,8.,2.) ;
#9109=TOROIDAL_SURFACE('homeo Torus',#9108,8.,2.) ;
#9143=TOROIDAL_SURFACE('homeo Torus',#9142,8.,2.) ;
#9428=TOROIDAL_SURFACE('homeo Torus',#9427,8.,2.) ;
#9546=TOROIDAL_SURFACE('homeo Torus',#9545,27.,2.) ;
#9577=TOROIDAL_SURFACE('homeo Torus',#9576,27.,2.) ;
#10038=TOROIDAL_SURFACE('homeo Torus',#10037,27.,2.) ;
#10069=TOROIDAL_SURFACE('homeo Torus',#10068,27.,2.) ;
#11079=TOROIDAL_SURFACE('homeo Torus',#11078,205.,2.) ;
#11485=TOROIDAL_SURFACE('homeo Torus',#11484,224.,2.) ;
#11502=TOROIDAL_SURFACE('homeo Torus',#11501,224.,2.) ;
#11921=TOROIDAL_SURFACE('homeo Torus',#11920,205.,2.) ;
#3=DESIGN_CONTEXT(' ',#1,'design') ;
#65=EDGE_CURVE('',#62,#64,#60,.T.) ;
#84=EDGE_CURVE('',#64,#83,#66,.T.) ;
#91=EDGE_CURVE('',#90,#83,#88,.T.) ;
#98=EDGE_CURVE('',#90,#97,#95,.F.) ;
#109=EDGE_CURVE('',#62,#97,#99,.T.) ;
#131=EDGE_CURVE('',#128,#130,#126,.T.) ;
#150=EDGE_CURVE('',#149,#130,#132,.T.) ;
#157=EDGE_CURVE('',#156,#149,#154,.T.) ;
#170=EDGE_CURVE('',#156,#169,#158,.T.) ;
#175=EDGE_CURVE('',#169,#128,#174,.F.) ;
#197=EDGE_CURVE('',#194,#196,#192,.T.) ;
#204=EDGE_CURVE('',#203,#196,#201,.T.) ;
#211=EDGE_CURVE('',#203,#210,#208,.F.) ;
#216=EDGE_CURVE('',#210,#194,#215,.T.) ;
#233=EDGE_CURVE('',#196,#194,#232,.T.) ;
#238=EDGE_CURVE('',#210,#203,#237,.F.) ;
#259=EDGE_CURVE('',#256,#258,#254,.F.) ;
#266=EDGE_CURVE('',#256,#265,#263,.F.) ;
#273=EDGE_CURVE('',#265,#272,#270,.F.) ;
#278=EDGE_CURVE('',#258,#272,#277,.F.) ;
#297=EDGE_CURVE('',#296,#258,#294,.F.) ;
#304=EDGE_CURVE('',#272,#303,#301,.F.) ;
#311=EDGE_CURVE('',#310,#303,#308,.T.) ;
#316=EDGE_CURVE('',#310,#296,#315,.T.) ;
#336=EDGE_CURVE('',#303,#335,#333,.T.) ;
#341=EDGE_CURVE('',#265,#335,#340,.F.) ;
#362=EDGE_CURVE('',#359,#361,#357,.T.) ;
#367=EDGE_CURVE('',#359,#335,#366,.T.) ;
#372=EDGE_CURVE('',#361,#256,#371,.F.) ;
#385=EDGE_CURVE('',#361,#296,#384,.T.) ;
#406=EDGE_CURVE('',#403,#405,#401,.F.) ;
#413=EDGE_CURVE('',#403,#412,#410,.F.) ;
#420=EDGE_CURVE('',#412,#419,#417,.F.) ;
#425=EDGE_CURVE('',#405,#419,#424,.F.) ;
#439=EDGE_CURVE('',#438,#405,#436,.T.) ;
#446=EDGE_CURVE('',#419,#445,#443,.T.) ;
#453=EDGE_CURVE('',#445,#452,#450,.T.) ;
#458=EDGE_CURVE('',#452,#438,#457,.T.) ;
#478=EDGE_CURVE('',#412,#477,#475,.T.) ;
#483=EDGE_CURVE('',#477,#445,#482,.T.) ;
#499=EDGE_CURVE('',#496,#498,#494,.T.) ;
#504=EDGE_CURVE('',#477,#496,#503,.T.) ;
#509=EDGE_CURVE('',#498,#403,#508,.T.) ;
#522=EDGE_CURVE('',#438,#498,#521,.T.) ;
#543=EDGE_CURVE('',#540,#542,#538,.F.) ;
#550=EDGE_CURVE('',#549,#540,#547,.T.) ;
#569=EDGE_CURVE('',#568,#549,#551,.T.) ;
#579=EDGE_CURVE('',#578,#568,#570,.T.) ;
#584=EDGE_CURVE('',#578,#542,#583,.T.) ;
#597=EDGE_CURVE('',#542,#540,#596,.F.) ;
#607=EDGE_CURVE('',#578,#606,#598,.T.) ;
#624=EDGE_CURVE('',#606,#549,#608,.T.) ;
#646=EDGE_CURVE('',#643,#645,#641,.F.) ;
#653=EDGE_CURVE('',#652,#643,#650,.T.) ;
#672=EDGE_CURVE('',#671,#652,#654,.T.) ;
#682=EDGE_CURVE('',#681,#671,#673,.T.) ;
#687=EDGE_CURVE('',#681,#645,#686,.T.) ;
#700=EDGE_CURVE('',#645,#643,#699,.F.) ;
#710=EDGE_CURVE('',#681,#709,#701,.T.) ;
#727=EDGE_CURVE('',#709,#652,#711,.T.) ;
#749=EDGE_CURVE('',#746,#748,#744,.T.) ;
#754=EDGE_CURVE('',#748,#746,#753,.T.) ;
#780=EDGE_CURVE('',#777,#779,#769,.T.) ;
#799=EDGE_CURVE('',#798,#779,#781,.T.) ;
#808=EDGE_CURVE('',#807,#798,#800,.T.) ;
#813=EDGE_CURVE('',#748,#807,#812,.F.) ;
#818=EDGE_CURVE('',#746,#777,#817,.F.) ;
#836=EDGE_CURVE('',#807,#835,#828,.T.) ;
#855=EDGE_CURVE('',#835,#854,#837,.T.) ;
#863=EDGE_CURVE('',#777,#854,#856,.T.) ;
#881=EDGE_CURVE('',#878,#880,#876,.T.) ;
#886=EDGE_CURVE('',#880,#878,#885,.T.) ;
#912=EDGE_CURVE('',#909,#911,#901,.T.) ;
#931=EDGE_CURVE('',#930,#911,#913,.T.) ;
#940=EDGE_CURVE('',#939,#930,#932,.T.) ;
#945=EDGE_CURVE('',#880,#939,#944,.F.) ;
#950=EDGE_CURVE('',#878,#909,#949,.F.) ;
#968=EDGE_CURVE('',#939,#967,#960,.T.) ;
#987=EDGE_CURVE('',#967,#986,#969,.T.) ;
#995=EDGE_CURVE('',#909,#986,#988,.T.) ;
#1018=EDGE_CURVE('',#1015,#1017,#1013,.F.) ;
#1025=EDGE_CURVE('',#1015,#1024,#1022,.T.) ;
#1032=EDGE_CURVE('',#1024,#1031,#1029,.F.) ;
#1037=EDGE_CURVE('',#1017,#1031,#1036,.T.) ;
#1049=EDGE_CURVE('',#1024,#1015,#1048,.T.) ;
#1054=EDGE_CURVE('',#1031,#1017,#1053,.T.) ;
#1079=EDGE_CURVE('',#1076,#1078,#1074,.T.) ;
#1084=EDGE_CURVE('',#1078,#1076,#1083,.T.) ;
#1121=EDGE_CURVE('',#1118,#1120,#1095,.T.) ;
#1146=EDGE_CURVE('',#1118,#1145,#1122,.T.) ;
#1153=EDGE_CURVE('',#1152,#1145,#1150,.T.) ;
#1160=EDGE_CURVE('',#1159,#1152,#1157,.T.) ;
#1168=EDGE_CURVE('',#156,#1159,#1161,.T.) ;
#1178=EDGE_CURVE('',#149,#1177,#1169,.T.) ;
#1185=EDGE_CURVE('',#1177,#1184,#1182,.T.) ;
#1190=EDGE_CURVE('',#1120,#1184,#1189,.T.) ;
#1225=EDGE_CURVE('',#1222,#1224,#1208,.T.) ;
#1241=EDGE_CURVE('',#1222,#1240,#1226,.T.) ;
#1248=EDGE_CURVE('',#1247,#1240,#1245,.T.) ;
#1253=EDGE_CURVE('',#1247,#1152,#1252,.F.) ;
#1269=EDGE_CURVE('',#1268,#1145,#1254,.T.) ;
#1283=EDGE_CURVE('',#1268,#1120,#1270,.T.) ;
#1290=EDGE_CURVE('',#1184,#1289,#1287,.T.) ;
#1295=EDGE_CURVE('',#1224,#1289,#1294,.T.) ;
#1320=EDGE_CURVE('',#1319,#1289,#1317,.T.) ;
#1328=EDGE_CURVE('',#130,#1319,#1321,.T.) ;
#1333=EDGE_CURVE('',#128,#1247,#1332,.T.) ;
#1358=EDGE_CURVE('',#1357,#1240,#1334,.T.) ;
#1381=EDGE_CURVE('',#1357,#1224,#1359,.T.) ;
#1406=EDGE_CURVE('',#1403,#1405,#1401,.T.) ;
#1411=EDGE_CURVE('',#1405,#1403,#1410,.T.) ;
#1426=EDGE_CURVE('',#1268,#1405,#1425,.F.) ;
#1431=EDGE_CURVE('',#1118,#1403,#1430,.F.) ;
#1452=EDGE_CURVE('',#1078,#1222,#1451,.F.) ;
#1457=EDGE_CURVE('',#1076,#1357,#1456,.F.) ;
#1487=EDGE_CURVE('',#1484,#1486,#1482,.T.) ;
#1494=EDGE_CURVE('',#1493,#1486,#1491,.T.) ;
#1501=EDGE_CURVE('',#1500,#1493,#1498,.T.) ;
#1506=EDGE_CURVE('',#1500,#1484,#1505,.T.) ;
#1518=EDGE_CURVE('',#1486,#1484,#1517,.T.) ;
#1523=EDGE_CURVE('',#1493,#1500,#1522,.T.) ;
#1548=EDGE_CURVE('',#1545,#1547,#1543,.T.) ;
#1553=EDGE_CURVE('',#1547,#1545,#1552,.T.) ;
#1590=EDGE_CURVE('',#1587,#1589,#1564,.T.) ;
#1615=EDGE_CURVE('',#1587,#1614,#1591,.T.) ;
#1622=EDGE_CURVE('',#1621,#1614,#1619,.T.) ;
#1627=EDGE_CURVE('',#90,#1621,#1626,.T.) ;
#1637=EDGE_CURVE('',#83,#1636,#1628,.T.) ;
#1644=EDGE_CURVE('',#1636,#1643,#1641,.T.) ;
#1649=EDGE_CURVE('',#1589,#1643,#1648,.T.) ;
#1674=EDGE_CURVE('',#1671,#1673,#1669,.T.) ;
#1681=EDGE_CURVE('',#1680,#1673,#1678,.T.) ;
#1689=EDGE_CURVE('',#64,#1680,#1682,.T.) ;
#1699=EDGE_CURVE('',#62,#1698,#1690,.T.) ;
#1706=EDGE_CURVE('',#1698,#1705,#1703,.T.) ;
#1713=EDGE_CURVE('',#1705,#1712,#1710,.T.) ;
#1738=EDGE_CURVE('',#1737,#1712,#1714,.T.) ;
#1761=EDGE_CURVE('',#1737,#1671,#1739,.T.) ;
#1794=EDGE_CURVE('',#1793,#1671,#1779,.T.) ;
#1808=EDGE_CURVE('',#1793,#1712,#1795,.T.) ;
#1813=EDGE_CURVE('',#1705,#1621,#1812,.F.) ;
#1829=EDGE_CURVE('',#1828,#1614,#1814,.T.) ;
#1843=EDGE_CURVE('',#1828,#1589,#1830,.T.) ;
#1848=EDGE_CURVE('',#1643,#1673,#1847,.T.) ;
#1875=EDGE_CURVE('',#1872,#1874,#1870,.T.) ;
#1880=EDGE_CURVE('',#1874,#1872,#1879,.T.) ;
#1895=EDGE_CURVE('',#1737,#1874,#1894,.T.) ;
#1900=EDGE_CURVE('',#1793,#1872,#1899,.T.) ;
#1921=EDGE_CURVE('',#1547,#1587,#1920,.T.) ;
#1926=EDGE_CURVE('',#1545,#1828,#1925,.T.) ;
#1956=EDGE_CURVE('',#1953,#1955,#1951,.F.) ;
#1963=EDGE_CURVE('',#1955,#1962,#1960,.T.) ;
#1970=EDGE_CURVE('',#1969,#1962,#1967,.F.) ;
#1975=EDGE_CURVE('',#1953,#1969,#1974,.T.) ;
#1994=EDGE_CURVE('',#1962,#1993,#1991,.T.) ;
#2001=EDGE_CURVE('',#2000,#1993,#1998,.T.) ;
#2006=EDGE_CURVE('',#1969,#2000,#2005,.T.) ;
#2078=EDGE_CURVE('',#1993,#2077,#2069,.F.) ;
#2088=EDGE_CURVE('',#2087,#2077,#2079,.F.) ;
#2096=EDGE_CURVE('',#2000,#2087,#2089,.F.) ;
#2237=EDGE_CURVE('',#2077,#2236,#2213,.F.) ;
#2246=EDGE_CURVE('',#2245,#2236,#2238,.F.) ;
#2269=EDGE_CURVE('',#2087,#2245,#2247,.F.) ;
#2288=EDGE_CURVE('',#2236,#2287,#2285,.F.) ;
#2295=EDGE_CURVE('',#2294,#2287,#2292,.F.) ;
#2300=EDGE_CURVE('',#2245,#2294,#2299,.F.) ;
#2381=EDGE_CURVE('',#2287,#2380,#2363,.F.) ;
#2390=EDGE_CURVE('',#2389,#2380,#2382,.F.) ;
#2407=EDGE_CURVE('',#2294,#2389,#2391,.F.) ;
#2461=EDGE_CURVE('',#2380,#2460,#2452,.F.) ;
#2471=EDGE_CURVE('',#2470,#2460,#2462,.F.) ;
#2479=EDGE_CURVE('',#2389,#2470,#2472,.F.) ;
#2581=EDGE_CURVE('',#2460,#2580,#2569,.F.) ;
#2591=EDGE_CURVE('',#2590,#2580,#2582,.F.) ;
#2602=EDGE_CURVE('',#2470,#2590,#2592,.F.) ;
#2621=EDGE_CURVE('',#2580,#2620,#2618,.T.) ;
#2628=EDGE_CURVE('',#2627,#2620,#2625,.F.) ;
#2633=EDGE_CURVE('',#2590,#2627,#2632,.T.) ;
#2650=EDGE_CURVE('',#2620,#1955,#2649,.T.) ;
#2655=EDGE_CURVE('',#2627,#1953,#2654,.T.) ;
#2676=EDGE_CURVE('',#2673,#2675,#2671,.F.) ;
#2683=EDGE_CURVE('',#2675,#2682,#2680,.T.) ;
#2690=EDGE_CURVE('',#2689,#2682,#2687,.F.) ;
#2695=EDGE_CURVE('',#2673,#2689,#2694,.T.) ;
#2800=EDGE_CURVE('',#2682,#2799,#2785,.F.) ;
#2810=EDGE_CURVE('',#2809,#2799,#2801,.F.) ;
#2824=EDGE_CURVE('',#2689,#2809,#2811,.F.) ;
#2881=EDGE_CURVE('',#2799,#2880,#2869,.T.) ;
#2890=EDGE_CURVE('',#2889,#2880,#2882,.F.) ;
#2901=EDGE_CURVE('',#2809,#2889,#2891,.T.) ;
#2979=EDGE_CURVE('',#2880,#2978,#2964,.F.) ;
#2988=EDGE_CURVE('',#2987,#2978,#2980,.F.) ;
#3002=EDGE_CURVE('',#2889,#2987,#2989,.F.) ;
#3021=EDGE_CURVE('',#2978,#3020,#3018,.T.) ;
#3028=EDGE_CURVE('',#3027,#3020,#3025,.T.) ;
#3033=EDGE_CURVE('',#2987,#3027,#3032,.T.) ;
#3171=EDGE_CURVE('',#3020,#3170,#3150,.F.) ;
#3181=EDGE_CURVE('',#3180,#3170,#3172,.F.) ;
#3201=EDGE_CURVE('',#3027,#3180,#3182,.F.) ;
#3273=EDGE_CURVE('',#3170,#3272,#3264,.T.) ;
#3283=EDGE_CURVE('',#3282,#3272,#3274,.F.) ;
#3291=EDGE_CURVE('',#3180,#3282,#3284,.T.) ;
#3310=EDGE_CURVE('',#3272,#3309,#3307,.F.) ;
#3317=EDGE_CURVE('',#3316,#3309,#3314,.F.) ;
#3322=EDGE_CURVE('',#3282,#3316,#3321,.F.) ;
#3341=EDGE_CURVE('',#3309,#3340,#3338,.T.) ;
#3348=EDGE_CURVE('',#3347,#3340,#3345,.F.) ;
#3353=EDGE_CURVE('',#3316,#3347,#3352,.T.) ;
#3370=EDGE_CURVE('',#3340,#2675,#3369,.F.) ;
#3375=EDGE_CURVE('',#3347,#2673,#3374,.F.) ;
#3476=EDGE_CURVE('',#3473,#3475,#3465,.F.) ;
#3492=EDGE_CURVE('',#3475,#3491,#3477,.T.) ;
#3502=EDGE_CURVE('',#3501,#3491,#3493,.F.) ;
#3516=EDGE_CURVE('',#3473,#3501,#3503,.T.) ;
#3535=EDGE_CURVE('',#3491,#3534,#3532,.F.) ;
#3542=EDGE_CURVE('',#3541,#3534,#3539,.T.) ;
#3547=EDGE_CURVE('',#3501,#3541,#3546,.F.) ;
#3566=EDGE_CURVE('',#3534,#3565,#3563,.F.) ;
#3573=EDGE_CURVE('',#3572,#3565,#3570,.T.) ;
#3578=EDGE_CURVE('',#3541,#3572,#3577,.F.) ;
#3683=EDGE_CURVE('',#3565,#3682,#3668,.T.) ;
#3693=EDGE_CURVE('',#3692,#3682,#3684,.F.) ;
#3707=EDGE_CURVE('',#3572,#3692,#3694,.T.) ;
#3812=EDGE_CURVE('',#3682,#3811,#3797,.T.) ;
#3822=EDGE_CURVE('',#3821,#3811,#3813,.F.) ;
#3836=EDGE_CURVE('',#3692,#3821,#3823,.T.) ;
#3855=EDGE_CURVE('',#3811,#3854,#3852,.F.) ;
#3862=EDGE_CURVE('',#3861,#3854,#3859,.T.) ;
#3867=EDGE_CURVE('',#3821,#3861,#3866,.F.) ;
#3886=EDGE_CURVE('',#3854,#3885,#3883,.F.) ;
#3893=EDGE_CURVE('',#3892,#3885,#3890,.T.) ;
#3898=EDGE_CURVE('',#3861,#3892,#3897,.F.) ;
#4001=EDGE_CURVE('',#3885,#3475,#3988,.T.) ;
#4015=EDGE_CURVE('',#3892,#3473,#4002,.T.) ;
#4034=EDGE_CURVE('',#3541,#4033,#4031,.T.) ;
#4041=EDGE_CURVE('',#3572,#4040,#4038,.T.) ;
#4048=EDGE_CURVE('',#4047,#4040,#4045,.T.) ;
#4053=EDGE_CURVE('',#4033,#4047,#4052,.T.) ;
#4068=EDGE_CURVE('',#3501,#4067,#4065,.T.) ;
#4075=EDGE_CURVE('',#4074,#4033,#4072,.T.) ;
#4080=EDGE_CURVE('',#4067,#4074,#4079,.T.) ;
#4102=EDGE_CURVE('',#4099,#4101,#4097,.F.) ;
#4109=EDGE_CURVE('',#4101,#4108,#4106,.T.) ;
#4116=EDGE_CURVE('',#4115,#4108,#4113,.F.) ;
#4121=EDGE_CURVE('',#4099,#4115,#4120,.T.) ;
#4140=EDGE_CURVE('',#4108,#4139,#4137,.F.) ;
#4147=EDGE_CURVE('',#4146,#4139,#4144,.T.) ;
#4152=EDGE_CURVE('',#4115,#4146,#4151,.F.) ;
#4171=EDGE_CURVE('',#4139,#4170,#4168,.F.) ;
#4178=EDGE_CURVE('',#4177,#4170,#4175,.T.) ;
#4183=EDGE_CURVE('',#4146,#4177,#4182,.F.) ;
#4202=EDGE_CURVE('',#4170,#4201,#4199,.T.) ;
#4209=EDGE_CURVE('',#4208,#4201,#4206,.F.) ;
#4214=EDGE_CURVE('',#4177,#4208,#4213,.T.) ;
#4383=EDGE_CURVE('',#4201,#4067,#4358,.T.) ;
#4393=EDGE_CURVE('',#4392,#4067,#4384,.F.) ;
#4419=EDGE_CURVE('',#4208,#4392,#4394,.T.) ;
#4438=EDGE_CURVE('',#4437,#4074,#4435,.F.) ;
#4443=EDGE_CURVE('',#4392,#4437,#4442,.T.) ;
#4462=EDGE_CURVE('',#4461,#4033,#4459,.F.) ;
#4467=EDGE_CURVE('',#4437,#4461,#4466,.T.) ;
#4486=EDGE_CURVE('',#4485,#4047,#4483,.F.) ;
#4491=EDGE_CURVE('',#4461,#4485,#4490,.T.) ;
#4510=EDGE_CURVE('',#4509,#4040,#4507,.F.) ;
#4515=EDGE_CURVE('',#4485,#4509,#4514,.T.) ;
#4684=EDGE_CURVE('',#4040,#4101,#4659,.T.) ;
#4710=EDGE_CURVE('',#4509,#4099,#4685,.T.) ;
#4729=EDGE_CURVE('',#930,#4728,#4726,.T.) ;
#4736=EDGE_CURVE('',#911,#4735,#4733,.T.) ;
#4744=EDGE_CURVE('',#4735,#4728,#4737,.T.) ;
#4758=EDGE_CURVE('',#4757,#986,#4755,.T.) ;
#4765=EDGE_CURVE('',#4764,#967,#4762,.T.) ;
#4770=EDGE_CURVE('',#4764,#4757,#4769,.F.) ;
#4797=EDGE_CURVE('',#4794,#4796,#4783,.F.) ;
#4802=EDGE_CURVE('',#854,#4796,#4801,.T.) ;
#4807=EDGE_CURVE('',#835,#4794,#4806,.T.) ;
#4823=EDGE_CURVE('',#4820,#4822,#4818,.F.) ;
#4828=EDGE_CURVE('',#4822,#798,#4827,.T.) ;
#4833=EDGE_CURVE('',#4820,#779,#4832,.T.) ;
#4854=EDGE_CURVE('',#4851,#4853,#4849,.T.) ;
#4861=EDGE_CURVE('',#4853,#4860,#4858,.T.) ;
#4866=EDGE_CURVE('',#4860,#1993,#4865,.T.) ;
#4871=EDGE_CURVE('',#2580,#1319,#4870,.T.) ;
#4878=EDGE_CURVE('',#1177,#4877,#4875,.T.) ;
#4885=EDGE_CURVE('',#4877,#4884,#4882,.F.) ;
#4890=EDGE_CURVE('',#4884,#4851,#4889,.T.) ;
#4920=EDGE_CURVE('',#4796,#4877,#4913,.F.) ;
#4927=EDGE_CURVE('',#4860,#4820,#4921,.F.) ;
#4957=EDGE_CURVE('',#4954,#4956,#4952,.T.) ;
#4964=EDGE_CURVE('',#4956,#4963,#4961,.F.) ;
#4969=EDGE_CURVE('',#1680,#4963,#4968,.T.) ;
#4974=EDGE_CURVE('',#2682,#1636,#4973,.T.) ;
#4981=EDGE_CURVE('',#4980,#3272,#4978,.T.) ;
#4988=EDGE_CURVE('',#4980,#4987,#4985,.F.) ;
#4993=EDGE_CURVE('',#4987,#4954,#4992,.T.) ;
#5022=EDGE_CURVE('',#4757,#4980,#5016,.T.) ;
#5030=EDGE_CURVE('',#4963,#4735,#5023,.F.) ;
#5058=EDGE_CURVE('',#5057,#3821,#5055,.T.) ;
#5065=EDGE_CURVE('',#5064,#3861,#5062,.T.) ;
#5072=EDGE_CURVE('',#5064,#5071,#5069,.T.) ;
#5077=EDGE_CURVE('',#5071,#5057,#5076,.F.) ;
#5092=EDGE_CURVE('',#5091,#3892,#5089,.T.) ;
#5099=EDGE_CURVE('',#5091,#5098,#5096,.T.) ;
#5104=EDGE_CURVE('',#5098,#5064,#5103,.T.) ;
#5119=EDGE_CURVE('',#4201,#5118,#5116,.T.) ;
#5126=EDGE_CURVE('',#4139,#5125,#5123,.T.) ;
#5131=EDGE_CURVE('',#5125,#5118,#5130,.F.) ;
#5146=EDGE_CURVE('',#4101,#5145,#5143,.T.) ;
#5151=EDGE_CURVE('',#5145,#5125,#5150,.F.) ;
#5171=EDGE_CURVE('',#4822,#5091,#5165,.T.) ;
#5178=EDGE_CURVE('',#5118,#4794,#5172,.T.) ;
#5205=EDGE_CURVE('',#4728,#5145,#5199,.T.) ;
#5212=EDGE_CURVE('',#5057,#4764,#5206,.F.) ;
#5239=EDGE_CURVE('',#4987,#5238,#5236,.F.) ;
#5246=EDGE_CURVE('',#5238,#5245,#5243,.T.) ;
#5251=EDGE_CURVE('',#4956,#5245,#5250,.F.) ;
#5271=EDGE_CURVE('',#5245,#5270,#5268,.F.) ;
#5276=EDGE_CURVE('',#4963,#5270,#5275,.T.) ;
#5351=EDGE_CURVE('',#5270,#5350,#5339,.F.) ;
#5359=EDGE_CURVE('',#4735,#5350,#5352,.F.) ;
#5431=EDGE_CURVE('',#5350,#5430,#5422,.T.) ;
#5439=EDGE_CURVE('',#4728,#5430,#5432,.F.) ;
#5514=EDGE_CURVE('',#5430,#5513,#5502,.T.) ;
#5522=EDGE_CURVE('',#5145,#5513,#5515,.F.) ;
#5594=EDGE_CURVE('',#5118,#5593,#5585,.F.) ;
#5607=EDGE_CURVE('',#5593,#5606,#5595,.T.) ;
#5615=EDGE_CURVE('',#4794,#5606,#5608,.F.) ;
#5690=EDGE_CURVE('',#5606,#5689,#5678,.F.) ;
#5698=EDGE_CURVE('',#4796,#5689,#5691,.F.) ;
#5776=EDGE_CURVE('',#5689,#5775,#5761,.F.) ;
#5784=EDGE_CURVE('',#4877,#5775,#5777,.F.) ;
#5803=EDGE_CURVE('',#5775,#5802,#5800,.F.) ;
#5808=EDGE_CURVE('',#4884,#5802,#5807,.T.) ;
#5827=EDGE_CURVE('',#5802,#5826,#5824,.T.) ;
#5832=EDGE_CURVE('',#4853,#5826,#5831,.F.) ;
#5852=EDGE_CURVE('',#5826,#5851,#5849,.T.) ;
#5857=EDGE_CURVE('',#4860,#5851,#5856,.T.) ;
#5932=EDGE_CURVE('',#5851,#5931,#5920,.F.) ;
#5939=EDGE_CURVE('',#4820,#5931,#5933,.F.) ;
#5958=EDGE_CURVE('',#5931,#5957,#5955,.F.) ;
#5963=EDGE_CURVE('',#4822,#5957,#5962,.F.) ;
#6038=EDGE_CURVE('',#5957,#6037,#6026,.T.) ;
#6046=EDGE_CURVE('',#5091,#6037,#6039,.F.) ;
#6065=EDGE_CURVE('',#6037,#6064,#6062,.T.) ;
#6070=EDGE_CURVE('',#5098,#6064,#6069,.T.) ;
#6089=EDGE_CURVE('',#5071,#6088,#6086,.F.) ;
#6096=EDGE_CURVE('',#6088,#6095,#6093,.F.) ;
#6101=EDGE_CURVE('',#5057,#6095,#6100,.F.) ;
#6176=EDGE_CURVE('',#6095,#6175,#6164,.F.) ;
#6183=EDGE_CURVE('',#4764,#6175,#6177,.F.) ;
#6202=EDGE_CURVE('',#6175,#6201,#6199,.F.) ;
#6207=EDGE_CURVE('',#4757,#6201,#6206,.F.) ;
#6282=EDGE_CURVE('',#6201,#6281,#6270,.T.) ;
#6290=EDGE_CURVE('',#4980,#6281,#6283,.F.) ;
#6307=EDGE_CURVE('',#6281,#5238,#6306,.F.) ;
#6326=EDGE_CURVE('',#6064,#6325,#6323,.T.) ;
#6331=EDGE_CURVE('',#6325,#6088,#6330,.T.) ;
#6352=EDGE_CURVE('',#5513,#6351,#6349,.F.) ;
#6357=EDGE_CURVE('',#6351,#5593,#6356,.F.) ;
#6378=EDGE_CURVE('',#6377,#6088,#6375,.T.) ;
#6385=EDGE_CURVE('',#6384,#6325,#6382,.T.) ;
#6392=EDGE_CURVE('',#6391,#6384,#6389,.F.) ;
#6399=EDGE_CURVE('',#6377,#6391,#6393,.T.) ;
#6421=EDGE_CURVE('',#6418,#6420,#6416,.T.) ;
#6430=EDGE_CURVE('',#6429,#6418,#6422,.T.) ;
#6438=EDGE_CURVE('',#6437,#6429,#6431,.T.) ;
#6447=EDGE_CURVE('',#6446,#6437,#6439,.F.) ;
#6454=EDGE_CURVE('',#6453,#6446,#6451,.T.) ;
#6459=EDGE_CURVE('',#6453,#6351,#6458,.T.) ;
#6464=EDGE_CURVE('',#6420,#5245,#6463,.T.) ;
#6486=EDGE_CURVE('',#6485,#6064,#6483,.T.) ;
#6495=EDGE_CURVE('',#6494,#6485,#6487,.T.) ;
#6500=EDGE_CURVE('',#6384,#6494,#6499,.F.) ;
#6515=EDGE_CURVE('',#6514,#6453,#6512,.T.) ;
#6524=EDGE_CURVE('',#6523,#6514,#6516,.F.) ;
#6532=EDGE_CURVE('',#6531,#6523,#6525,.F.) ;
#6541=EDGE_CURVE('',#6540,#6531,#6533,.T.) ;
#6548=EDGE_CURVE('',#6547,#6540,#6545,.T.) ;
#6553=EDGE_CURVE('',#6547,#5802,#6552,.T.) ;
#6580=EDGE_CURVE('',#6579,#452,#6577,.T.) ;
#6585=EDGE_CURVE('',#496,#5826,#6584,.T.) ;
#6590=EDGE_CURVE('',#6579,#6547,#6589,.F.) ;
#6611=EDGE_CURVE('',#359,#5238,#6610,.T.) ;
#6618=EDGE_CURVE('',#6617,#310,#6615,.T.) ;
#6623=EDGE_CURVE('',#6420,#6617,#6622,.F.) ;
#6646=EDGE_CURVE('',#6645,#6579,#6643,.T.) ;
#6659=EDGE_CURVE('',#6658,#6645,#6647,.T.) ;
#6666=EDGE_CURVE('',#6665,#6658,#6663,.F.) ;
#6677=EDGE_CURVE('',#6485,#6665,#6667,.F.) ;
#6717=EDGE_CURVE('',#6716,#6377,#6705,.T.) ;
#6724=EDGE_CURVE('',#6723,#6716,#6721,.F.) ;
#6737=EDGE_CURVE('',#6736,#6723,#6725,.F.) ;
#6742=EDGE_CURVE('',#6617,#6736,#6741,.F.) ;
#6776=EDGE_CURVE('',#6775,#6579,#6773,.F.) ;
#6783=EDGE_CURVE('',#6782,#6547,#6780,.F.) ;
#6790=EDGE_CURVE('',#6789,#6782,#6787,.T.) ;
#6795=EDGE_CURVE('',#6775,#6789,#6794,.T.) ;
#6815=EDGE_CURVE('',#6814,#6540,#6812,.T.) ;
#6820=EDGE_CURVE('',#6782,#6814,#6819,.F.) ;
#6891=EDGE_CURVE('',#6890,#6531,#6883,.F.) ;
#6902=EDGE_CURVE('',#6814,#6890,#6892,.T.) ;
#6956=EDGE_CURVE('',#6955,#6523,#6947,.F.) ;
#6964=EDGE_CURVE('',#6890,#6955,#6957,.F.) ;
#7036=EDGE_CURVE('',#7035,#6514,#7027,.F.) ;
#7047=EDGE_CURVE('',#6955,#7035,#7037,.F.) ;
#7119=EDGE_CURVE('',#7118,#6446,#7110,.F.) ;
#7129=EDGE_CURVE('',#7128,#6437,#7120,.F.) ;
#7140=EDGE_CURVE('',#7118,#7128,#7130,.F.) ;
#7193=EDGE_CURVE('',#7192,#6429,#7185,.F.) ;
#7204=EDGE_CURVE('',#7128,#7192,#7194,.T.) ;
#7276=EDGE_CURVE('',#7275,#6418,#7267,.F.) ;
#7287=EDGE_CURVE('',#7192,#7275,#7277,.T.) ;
#7306=EDGE_CURVE('',#7305,#6420,#7303,.T.) ;
#7311=EDGE_CURVE('',#7275,#7305,#7310,.F.) ;
#7330=EDGE_CURVE('',#7329,#6617,#7327,.F.) ;
#7337=EDGE_CURVE('',#7336,#7329,#7334,.T.) ;
#7342=EDGE_CURVE('',#7305,#7336,#7341,.T.) ;
#7362=EDGE_CURVE('',#7361,#6736,#7359,.F.) ;
#7367=EDGE_CURVE('',#7329,#7361,#7366,.F.) ;
#7439=EDGE_CURVE('',#7438,#6723,#7430,.F.) ;
#7450=EDGE_CURVE('',#7361,#7438,#7440,.F.) ;
#7469=EDGE_CURVE('',#7468,#6716,#7466,.F.) ;
#7474=EDGE_CURVE('',#7438,#7468,#7473,.F.) ;
#7546=EDGE_CURVE('',#7545,#6377,#7537,.F.) ;
#7557=EDGE_CURVE('',#7468,#7545,#7547,.T.) ;
#7629=EDGE_CURVE('',#7628,#6391,#7620,.F.) ;
#7640=EDGE_CURVE('',#7545,#7628,#7630,.T.) ;
#7712=EDGE_CURVE('',#7711,#6494,#7703,.F.) ;
#7722=EDGE_CURVE('',#7721,#6485,#7713,.F.) ;
#7730=EDGE_CURVE('',#7711,#7721,#7723,.T.) ;
#7802=EDGE_CURVE('',#7801,#6665,#7793,.F.) ;
#7813=EDGE_CURVE('',#7721,#7801,#7803,.F.) ;
#7832=EDGE_CURVE('',#7831,#6658,#7829,.F.) ;
#7837=EDGE_CURVE('',#7801,#7831,#7836,.F.) ;
#7909=EDGE_CURVE('',#7908,#6645,#7900,.F.) ;
#7920=EDGE_CURVE('',#7831,#7908,#7910,.T.) ;
#7937=EDGE_CURVE('',#7908,#6775,#7936,.T.) ;
#7956=EDGE_CURVE('',#7955,#7711,#7953,.T.) ;
#7961=EDGE_CURVE('',#7628,#7955,#7960,.T.) ;
#7982=EDGE_CURVE('',#7981,#7118,#7979,.F.) ;
#7987=EDGE_CURVE('',#7035,#7981,#7986,.F.) ;
#8010=EDGE_CURVE('',#8007,#8009,#8005,.T.) ;
#8015=EDGE_CURVE('',#8009,#2245,#8014,.T.) ;
#8020=EDGE_CURVE('',#8007,#2294,#8019,.T.) ;
#8042=EDGE_CURVE('',#8041,#8007,#8033,.T.) ;
#8047=EDGE_CURVE('',#8041,#2389,#8046,.T.) ;
#8069=EDGE_CURVE('',#8009,#8068,#8060,.T.) ;
#8076=EDGE_CURVE('',#8068,#8075,#8073,.F.) ;
#8081=EDGE_CURVE('',#8075,#2087,#8080,.T.) ;
#8103=EDGE_CURVE('',#8100,#8102,#8098,.T.) ;
#8111=EDGE_CURVE('',#8102,#8041,#8104,.T.) ;
#8116=EDGE_CURVE('',#8100,#2470,#8115,.T.) ;
#8136=EDGE_CURVE('',#8075,#8135,#8133,.T.) ;
#8141=EDGE_CURVE('',#8135,#1969,#8140,.T.) ;
#8161=EDGE_CURVE('',#8160,#8100,#8158,.F.) ;
#8166=EDGE_CURVE('',#8160,#2627,#8165,.T.) ;
#8186=EDGE_CURVE('',#8135,#8185,#8183,.F.) ;
#8191=EDGE_CURVE('',#8185,#1953,#8190,.T.) ;
#8208=EDGE_CURVE('',#8185,#8160,#8207,.T.) ;
#8227=EDGE_CURVE('',#7908,#8226,#8224,.T.) ;
#8232=EDGE_CURVE('',#1159,#6814,#8231,.T.) ;
#8239=EDGE_CURVE('',#8238,#169,#8236,.T.) ;
#8246=EDGE_CURVE('',#8245,#8238,#8243,.T.) ;
#8253=EDGE_CURVE('',#8252,#8245,#8250,.T.) ;
#8260=EDGE_CURVE('',#8259,#8252,#8257,.T.) ;
#8267=EDGE_CURVE('',#8266,#8259,#8264,.T.) ;
#8274=EDGE_CURVE('',#8273,#8266,#8271,.T.) ;
#8279=EDGE_CURVE('',#8226,#8273,#8278,.T.) ;
#8309=EDGE_CURVE('',#568,#6890,#8308,.F.) ;
#8314=EDGE_CURVE('',#7831,#606,#8313,.F.) ;
#8324=EDGE_CURVE('',#8323,#8226,#8315,.T.) ;
#8331=EDGE_CURVE('',#8330,#8323,#8328,.T.) ;
#8341=EDGE_CURVE('',#8340,#8330,#8332,.T.) ;
#8347=EDGE_CURVE('',#8238,#8340,#8342,.T.) ;
#8375=EDGE_CURVE('',#8160,#8252,#8374,.F.) ;
#8380=EDGE_CURVE('',#8100,#8245,#8379,.F.) ;
#8397=EDGE_CURVE('',#8102,#8238,#8396,.T.) ;
#8437=EDGE_CURVE('',#8041,#8340,#8430,.F.) ;
#8534=EDGE_CURVE('',#8007,#8330,#8527,.F.) ;
#8551=EDGE_CURVE('',#8009,#8323,#8550,.T.) ;
#8648=EDGE_CURVE('',#8068,#8226,#8641,.F.) ;
#8665=EDGE_CURVE('',#8075,#8273,#8664,.F.) ;
#8682=EDGE_CURVE('',#8135,#8266,#8681,.T.) ;
#8699=EDGE_CURVE('',#8185,#8259,#8698,.F.) ;
#8732=EDGE_CURVE('',#8729,#8731,#8727,.F.) ;
#8742=EDGE_CURVE('',#8731,#8741,#8733,.T.) ;
#8747=EDGE_CURVE('',#8741,#3027,#8746,.T.) ;
#8752=EDGE_CURVE('',#8729,#3180,#8751,.T.) ;
#8772=EDGE_CURVE('',#8771,#3316,#8769,.T.) ;
#8777=EDGE_CURVE('',#8771,#8729,#8776,.F.) ;
#8797=EDGE_CURVE('',#8796,#2987,#8794,.T.) ;
#8802=EDGE_CURVE('',#8741,#8796,#8801,.F.) ;
#8821=EDGE_CURVE('',#8820,#8771,#8818,.F.) ;
#8826=EDGE_CURVE('',#8820,#3347,#8825,.T.) ;
#8848=EDGE_CURVE('',#8796,#8847,#8839,.T.) ;
#8853=EDGE_CURVE('',#8847,#2889,#8852,.T.) ;
#8872=EDGE_CURVE('',#8871,#2673,#8869,.T.) ;
#8877=EDGE_CURVE('',#8871,#8820,#8876,.T.) ;
#8896=EDGE_CURVE('',#8895,#2809,#8893,.T.) ;
#8906=EDGE_CURVE('',#8847,#8905,#8897,.F.) ;
#8911=EDGE_CURVE('',#8905,#8895,#8910,.F.) ;
#8929=EDGE_CURVE('',#8895,#8871,#8928,.F.) ;
#8949=EDGE_CURVE('',#7361,#8948,#8946,.F.) ;
#8954=EDGE_CURVE('',#7438,#671,#8953,.F.) ;
#8959=EDGE_CURVE('',#709,#7192,#8958,.F.) ;
#8964=EDGE_CURVE('',#1698,#7275,#8963,.F.) ;
#8971=EDGE_CURVE('',#8970,#97,#8968,.F.) ;
#8979=EDGE_CURVE('',#8978,#8970,#8972,.F.) ;
#8989=EDGE_CURVE('',#8988,#8978,#8980,.T.) ;
#8996=EDGE_CURVE('',#8995,#8988,#8993,.F.) ;
#9004=EDGE_CURVE('',#8948,#8995,#8997,.T.) ;
#9029=EDGE_CURVE('',#9028,#8948,#9026,.T.) ;
#9036=EDGE_CURVE('',#9035,#9028,#9033,.F.) ;
#9043=EDGE_CURVE('',#9042,#9035,#9040,.T.) ;
#9050=EDGE_CURVE('',#9049,#9042,#9047,.T.) ;
#9057=EDGE_CURVE('',#9056,#9049,#9054,.T.) ;
#9062=EDGE_CURVE('',#8970,#9056,#9061,.F.) ;
#9092=EDGE_CURVE('',#8871,#9049,#9091,.T.) ;
#9097=EDGE_CURVE('',#8820,#9042,#9096,.T.) ;
#9114=EDGE_CURVE('',#8771,#9035,#9113,.F.) ;
#9131=EDGE_CURVE('',#8729,#9028,#9130,.F.) ;
#9148=EDGE_CURVE('',#8731,#8948,#9147,.F.) ;
#9245=EDGE_CURVE('',#8741,#8995,#9238,.F.) ;
#9262=EDGE_CURVE('',#8796,#8988,#9261,.F.) ;
#9359=EDGE_CURVE('',#8847,#8978,#9352,.F.) ;
#9399=EDGE_CURVE('',#8905,#8970,#9392,.F.) ;
#9416=EDGE_CURVE('',#8895,#9056,#9415,.F.) ;
#9452=EDGE_CURVE('',#9449,#9451,#9441,.F.) ;
#9457=EDGE_CURVE('',#7468,#9449,#9456,.F.) ;
#9462=EDGE_CURVE('',#7628,#9451,#9461,.F.) ;
#9482=EDGE_CURVE('',#7955,#9481,#9479,.T.) ;
#9487=EDGE_CURVE('',#9451,#9481,#9486,.T.) ;
#9501=EDGE_CURVE('',#7711,#9500,#9498,.T.) ;
#9506=EDGE_CURVE('',#9481,#9500,#9505,.T.) ;
#9528=EDGE_CURVE('',#9500,#9527,#9519,.F.) ;
#9533=EDGE_CURVE('',#7801,#9527,#9532,.F.) ;
#9553=EDGE_CURVE('',#9552,#9451,#9550,.F.) ;
#9560=EDGE_CURVE('',#9559,#9481,#9557,.F.) ;
#9565=EDGE_CURVE('',#9552,#9559,#9564,.T.) ;
#9584=EDGE_CURVE('',#9583,#9500,#9581,.F.) ;
#9589=EDGE_CURVE('',#9559,#9583,#9588,.T.) ;
#9687=EDGE_CURVE('',#9686,#9527,#9679,.F.) ;
#9701=EDGE_CURVE('',#9583,#9686,#9688,.F.) ;
#9776=EDGE_CURVE('',#9527,#9775,#9764,.F.) ;
#9785=EDGE_CURVE('',#9784,#9775,#9777,.F.) ;
#9796=EDGE_CURVE('',#9686,#9784,#9786,.F.) ;
#9874=EDGE_CURVE('',#9775,#9873,#9859,.T.) ;
#9883=EDGE_CURVE('',#9882,#9873,#9875,.F.) ;
#9897=EDGE_CURVE('',#9784,#9882,#9884,.T.) ;
#10002=EDGE_CURVE('',#9873,#10001,#9987,.F.) ;
#10012=EDGE_CURVE('',#10011,#10001,#10003,.F.) ;
#10026=EDGE_CURVE('',#9882,#10011,#10013,.F.) ;
#10045=EDGE_CURVE('',#10001,#10044,#10042,.T.) ;
#10052=EDGE_CURVE('',#10051,#10044,#10049,.F.) ;
#10057=EDGE_CURVE('',#10011,#10051,#10056,.T.) ;
#10076=EDGE_CURVE('',#10044,#10075,#10073,.T.) ;
#10083=EDGE_CURVE('',#10082,#10075,#10080,.F.) ;
#10088=EDGE_CURVE('',#10051,#10082,#10087,.T.) ;
#10193=EDGE_CURVE('',#10075,#10192,#10178,.F.) ;
#10202=EDGE_CURVE('',#10201,#10192,#10194,.F.) ;
#10216=EDGE_CURVE('',#10082,#10201,#10203,.F.) ;
#10294=EDGE_CURVE('',#10192,#10293,#10279,.T.) ;
#10303=EDGE_CURVE('',#10302,#10293,#10295,.F.) ;
#10317=EDGE_CURVE('',#10201,#10302,#10304,.T.) ;
#10393=EDGE_CURVE('',#10293,#9449,#10380,.T.) ;
#10402=EDGE_CURVE('',#10401,#9449,#10394,.F.) ;
#10416=EDGE_CURVE('',#10302,#10401,#10403,.T.) ;
#10519=EDGE_CURVE('',#10401,#9552,#10506,.F.) ;
#10542=EDGE_CURVE('',#10539,#10541,#10532,.F.) ;
#10549=EDGE_CURVE('',#10548,#10539,#10546,.T.) ;
#10554=EDGE_CURVE('',#10548,#4461,#10553,.T.) ;
#10559=EDGE_CURVE('',#10541,#4485,#10558,.T.) ;
#10583=EDGE_CURVE('',#10580,#10582,#10573,.F.) ;
#10605=EDGE_CURVE('',#10604,#10580,#10584,.T.) ;
#10611=EDGE_CURVE('',#10541,#10604,#10606,.F.) ;
#10616=EDGE_CURVE('',#10582,#4115,#10615,.T.) ;
#10634=EDGE_CURVE('',#10633,#10548,#10631,.T.) ;
#10643=EDGE_CURVE('',#10642,#10633,#10635,.F.) ;
#10648=EDGE_CURVE('',#10642,#4437,#10647,.T.) ;
#10668=EDGE_CURVE('',#10667,#4146,#10665,.T.) ;
#10675=EDGE_CURVE('',#10674,#10667,#10672,.F.) ;
#10682=EDGE_CURVE('',#10582,#10674,#10676,.T.) ;
#10703=EDGE_CURVE('',#10702,#10642,#10696,.F.) ;
#10725=EDGE_CURVE('',#10724,#10702,#10704,.F.) ;
#10734=EDGE_CURVE('',#10733,#10724,#10726,.F.) ;
#10739=EDGE_CURVE('',#10733,#4177,#10738,.T.) ;
#10759=EDGE_CURVE('',#10758,#10733,#10751,.T.) ;
#10764=EDGE_CURVE('',#10667,#10758,#10763,.F.) ;
#10783=EDGE_CURVE('',#10780,#10782,#10773,.T.) ;
#10792=EDGE_CURVE('',#10782,#10791,#10784,.F.) ;
#10797=EDGE_CURVE('',#10791,#6955,#10796,.F.) ;
#10802=EDGE_CURVE('',#10780,#7035,#10801,.F.) ;
#10817=EDGE_CURVE('',#10816,#7981,#10814,.T.) ;
#10822=EDGE_CURVE('',#10816,#10780,#10821,.T.) ;
#10836=EDGE_CURVE('',#10835,#7118,#10833,.T.) ;
#10841=EDGE_CURVE('',#10835,#10816,#10840,.T.) ;
#10859=EDGE_CURVE('',#10856,#10858,#10849,.F.) ;
#10866=EDGE_CURVE('',#10858,#10835,#10860,.T.) ;
#10871=EDGE_CURVE('',#10856,#7128,#10870,.F.) ;
#10890=EDGE_CURVE('',#10887,#10889,#10880,.F.) ;
#10899=EDGE_CURVE('',#10889,#10898,#10891,.F.) ;
#10904=EDGE_CURVE('',#10192,#10898,#10903,.F.) ;
#10909=EDGE_CURVE('',#10075,#10887,#10908,.F.) ;
#10924=EDGE_CURVE('',#10044,#10923,#10921,.T.) ;
#10929=EDGE_CURVE('',#10923,#10887,#10928,.F.) ;
#10943=EDGE_CURVE('',#10001,#10942,#10940,.T.) ;
#10948=EDGE_CURVE('',#10942,#10923,#10947,.F.) ;
#10965=EDGE_CURVE('',#10962,#10964,#10956,.F.) ;
#10972=EDGE_CURVE('',#10964,#10942,#10966,.F.) ;
#10977=EDGE_CURVE('',#9873,#10962,#10976,.F.) ;
#11013=EDGE_CURVE('',#10898,#10856,#10991,.T.) ;
#11059=EDGE_CURVE('',#10791,#10962,#11034,.F.) ;
#11084=EDGE_CURVE('',#10816,#10667,#11083,.F.) ;
#11089=EDGE_CURVE('',#10780,#10758,#11088,.F.) ;
#11159=EDGE_CURVE('',#10782,#10733,#11152,.F.) ;
#11228=EDGE_CURVE('',#10791,#10724,#11222,.F.) ;
#11333=EDGE_CURVE('',#10962,#10702,#11327,.F.) ;
#11403=EDGE_CURVE('',#10964,#10642,#11396,.F.) ;
#11473=EDGE_CURVE('',#10942,#10633,#11466,.F.) ;
#11490=EDGE_CURVE('',#10923,#10548,#11489,.T.) ;
#11507=EDGE_CURVE('',#10887,#10539,#11506,.T.) ;
#11577=EDGE_CURVE('',#10889,#10541,#11570,.F.) ;
#11646=EDGE_CURVE('',#10898,#10604,#11640,.F.) ;
#11769=EDGE_CURVE('',#10856,#10580,#11763,.F.) ;
#11839=EDGE_CURVE('',#10858,#10582,#11832,.F.) ;
#11909=EDGE_CURVE('',#10835,#10674,#11902,.F.) ;
#11942=EDGE_CURVE('',#11939,#11941,#11937,.F.) ;
#11947=EDGE_CURVE('',#11941,#11939,#11946,.F.) ;
#11970=EDGE_CURVE('',#11967,#11969,#11965,.F.) ;
#11975=EDGE_CURVE('',#11969,#9784,#11974,.T.) ;
#11980=EDGE_CURVE('',#11967,#10302,#11979,.T.) ;
#11997=EDGE_CURVE('',#11969,#11967,#11996,.F.) ;
#12019=EDGE_CURVE('',#11941,#11969,#12018,.T.) ;
#12024=EDGE_CURVE('',#11939,#11967,#12023,.T.) ;
#12057=EDGE_CURVE('',#12054,#12056,#12052,.F.) ;
#12062=EDGE_CURVE('',#12056,#12054,#12061,.F.) ;
#12085=EDGE_CURVE('',#12082,#12084,#12080,.F.) ;
#12090=EDGE_CURVE('',#12084,#3682,#12089,.T.) ;
#12095=EDGE_CURVE('',#12082,#3475,#12094,.T.) ;
#12110=EDGE_CURVE('',#12084,#12082,#12109,.F.) ;
#12130=EDGE_CURVE('',#12056,#12084,#12129,.T.) ;
#12135=EDGE_CURVE('',#12054,#12082,#12134,.T.) ;
#110=EDGE_LOOP('',(#111,#112,#113,#114,#115)) ;
#176=EDGE_LOOP('',(#177,#178,#179,#180,#181)) ;
#217=EDGE_LOOP('',(#218,#219,#220,#221)) ;
#239=EDGE_LOOP('',(#240,#241,#242,#243)) ;
#279=EDGE_LOOP('',(#280,#281,#282,#283)) ;
#317=EDGE_LOOP('',(#318,#319,#320,#321,#322)) ;
#342=EDGE_LOOP('',(#343,#344,#345,#346)) ;
#373=EDGE_LOOP('',(#374,#375,#376,#377,#378)) ;
#386=EDGE_LOOP('',(#387,#388,#389,#390)) ;
#426=EDGE_LOOP('',(#427,#428,#429,#430)) ;
#459=EDGE_LOOP('',(#460,#461,#462,#463,#464)) ;
#484=EDGE_LOOP('',(#485,#486,#487,#488)) ;
#510=EDGE_LOOP('',(#511,#512,#513,#514,#515)) ;
#523=EDGE_LOOP('',(#524,#525,#526,#527)) ;
#585=EDGE_LOOP('',(#586,#587,#588,#589,#590)) ;
#625=EDGE_LOOP('',(#626,#627,#628,#629,#630)) ;
#688=EDGE_LOOP('',(#689,#690,#691,#692,#693)) ;
#728=EDGE_LOOP('',(#729,#730,#731,#732,#733)) ;
#755=EDGE_LOOP('',(#756,#757)) ;
#759=EDGE_LOOP('',(#760,#761)) ;
#819=EDGE_LOOP('',(#820,#821,#822,#823,#824,#825)) ;
#864=EDGE_LOOP('',(#865,#866,#867,#868,#869,#870)) ;
#887=EDGE_LOOP('',(#888,#889)) ;
#891=EDGE_LOOP('',(#892,#893)) ;
#951=EDGE_LOOP('',(#952,#953,#954,#955,#956,#957)) ;
#996=EDGE_LOOP('',(#997,#998,#999,#1000,#1001,#1002)) ;
#1038=EDGE_LOOP('',(#1039,#1040,#1041,#1042)) ;
#1055=EDGE_LOOP('',(#1056,#1057,#1058,#1059)) ;
#1067=EDGE_LOOP('',(#1068,#1069)) ;
#1085=EDGE_LOOP('',(#1086,#1087)) ;
#1191=EDGE_LOOP('',(#1192,#1193,#1194,#1195,#1196,#1197,#1198,#1199,#1200)) ;
#1296=EDGE_LOOP('',(#1297,#1298,#1299,#1300,#1301,#1302,#1303,#1304,#1305,#1306)) ;
#1382=EDGE_LOOP('',(#1383,#1384,#1385,#1386,#1387,#1388,#1389,#1390)) ;
#1412=EDGE_LOOP('',(#1413,#1414)) ;
#1432=EDGE_LOOP('',(#1433,#1434,#1435,#1436,#1437)) ;
#1440=EDGE_LOOP('',(#1441,#1442,#1443,#1444,#1445)) ;
#1458=EDGE_LOOP('',(#1459,#1460,#1461,#1462,#1463)) ;
#1466=EDGE_LOOP('',(#1467,#1468,#1469,#1470,#1471)) ;
#1507=EDGE_LOOP('',(#1508,#1509,#1510,#1511)) ;
#1524=EDGE_LOOP('',(#1525,#1526,#1527,#1528)) ;
#1536=EDGE_LOOP('',(#1537,#1538)) ;
#1554=EDGE_LOOP('',(#1555,#1556)) ;
#1650=EDGE_LOOP('',(#1651,#1652,#1653,#1654,#1655,#1656,#1657,#1658)) ;
#1762=EDGE_LOOP('',(#1763,#1764,#1765,#1766,#1767,#1768,#1769,#1770,#1771)) ;
#1849=EDGE_LOOP('',(#1850,#1851,#1852,#1853,#1854,#1855,#1856,#1857,#1858,#1859)) ;
#1881=EDGE_LOOP('',(#1882,#1883)) ;
#1901=EDGE_LOOP('',(#1902,#1903,#1904,#1905,#1906)) ;
#1909=EDGE_LOOP('',(#1910,#1911,#1912,#1913,#1914)) ;
#1927=EDGE_LOOP('',(#1928,#1929,#1930,#1931,#1932)) ;
#1935=EDGE_LOOP('',(#1936,#1937,#1938,#1939,#1940)) ;
#1976=EDGE_LOOP('',(#1977,#1978,#1979,#1980)) ;
#2007=EDGE_LOOP('',(#2008,#2009,#2010,#2011)) ;
#2097=EDGE_LOOP('',(#2098,#2099,#2100,#2101)) ;
#2270=EDGE_LOOP('',(#2271,#2272,#2273,#2274)) ;
#2301=EDGE_LOOP('',(#2302,#2303,#2304,#2305)) ;
#2408=EDGE_LOOP('',(#2409,#2410,#2411,#2412)) ;
#2480=EDGE_LOOP('',(#2481,#2482,#2483,#2484)) ;
#2603=EDGE_LOOP('',(#2604,#2605,#2606,#2607)) ;
#2634=EDGE_LOOP('',(#2635,#2636,#2637,#2638)) ;
#2656=EDGE_LOOP('',(#2657,#2658,#2659,#2660)) ;
#2696=EDGE_LOOP('',(#2697,#2698,#2699,#2700)) ;
#2825=EDGE_LOOP('',(#2826,#2827,#2828,#2829)) ;
#2902=EDGE_LOOP('',(#2903,#2904,#2905,#2906)) ;
#3003=EDGE_LOOP('',(#3004,#3005,#3006,#3007)) ;
#3034=EDGE_LOOP('',(#3035,#3036,#3037,#3038)) ;
#3202=EDGE_LOOP('',(#3203,#3204,#3205,#3206)) ;
#3292=EDGE_LOOP('',(#3293,#3294,#3295,#3296)) ;
#3323=EDGE_LOOP('',(#3324,#3325,#3326,#3327)) ;
#3354=EDGE_LOOP('',(#3355,#3356,#3357,#3358)) ;
#3376=EDGE_LOOP('',(#3377,#3378,#3379,#3380)) ;
#3517=EDGE_LOOP('',(#3518,#3519,#3520,#3521)) ;
#3548=EDGE_LOOP('',(#3549,#3550,#3551,#3552)) ;
#3579=EDGE_LOOP('',(#3580,#3581,#3582,#3583)) ;
#3708=EDGE_LOOP('',(#3709,#3710,#3711,#3712)) ;
#3837=EDGE_LOOP('',(#3838,#3839,#3840,#3841)) ;
#3868=EDGE_LOOP('',(#3869,#3870,#3871,#3872)) ;
#3899=EDGE_LOOP('',(#3900,#3901,#3902,#3903)) ;
#4016=EDGE_LOOP('',(#4017,#4018,#4019,#4020)) ;
#4054=EDGE_LOOP('',(#4055,#4056,#4057,#4058,#4059)) ;
#4081=EDGE_LOOP('',(#4082,#4083,#4084,#4085,#4086)) ;
#4122=EDGE_LOOP('',(#4123,#4124,#4125,#4126)) ;
#4153=EDGE_LOOP('',(#4154,#4155,#4156,#4157)) ;
#4184=EDGE_LOOP('',(#4185,#4186,#4187,#4188)) ;
#4215=EDGE_LOOP('',(#4216,#4217,#4218,#4219)) ;
#4420=EDGE_LOOP('',(#4421,#4422,#4423,#4424)) ;
#4444=EDGE_LOOP('',(#4445,#4446,#4447,#4448)) ;
#4468=EDGE_LOOP('',(#4469,#4470,#4471,#4472)) ;
#4492=EDGE_LOOP('',(#4493,#4494,#4495,#4496)) ;
#4516=EDGE_LOOP('',(#4517,#4518,#4519,#4520)) ;
#4711=EDGE_LOOP('',(#4712,#4713,#4714,#4715)) ;
#4745=EDGE_LOOP('',(#4746,#4747,#4748,#4749)) ;
#4771=EDGE_LOOP('',(#4772,#4773,#4774,#4775)) ;
#4808=EDGE_LOOP('',(#4809,#4810,#4811,#4812)) ;
#4834=EDGE_LOOP('',(#4835,#4836,#4837,#4838)) ;
#4891=EDGE_LOOP('',(#4892,#4893,#4894,#4895,#4896,#4897,#4898,#4899,#4900,#4901,#4902,#4903,#4904,#4905)) ;
#4928=EDGE_LOOP('',(#4929,#4930,#4931,#4932,#4933,#4934,#4935,#4936,#4937,#4938,#4939,#4940,#4941,#4942,#4943,#4944,#4945,#4946)) ;
#4994=EDGE_LOOP('',(#4995,#4996,#4997,#4998,#4999,#5000,#5001,#5002,#5003,#5004,#5005,#5006,#5007,#5008)) ;
#5031=EDGE_LOOP('',(#5032,#5033,#5034,#5035,#5036,#5037,#5038,#5039,#5040,#5041,#5042,#5043,#5044,#5045,#5046,#5047,#5048,#5049)) ;
#5078=EDGE_LOOP('',(#5079,#5080,#5081,#5082,#5083)) ;
#5105=EDGE_LOOP('',(#5106,#5107,#5108,#5109,#5110)) ;
#5132=EDGE_LOOP('',(#5133,#5134,#5135,#5136,#5137)) ;
#5152=EDGE_LOOP('',(#5153,#5154,#5155,#5156,#5157)) ;
#5179=EDGE_LOOP('',(#5180,#5181,#5182,#5183,#5184,#5185,#5186,#5187,#5188,#5189,#5190,#5191)) ;
#5213=EDGE_LOOP('',(#5214,#5215,#5216,#5217,#5218,#5219,#5220,#5221,#5222,#5223,#5224,#5225)) ;
#5252=EDGE_LOOP('',(#5253,#5254,#5255,#5256,#5257)) ;
#5277=EDGE_LOOP('',(#5278,#5279,#5280,#5281)) ;
#5360=EDGE_LOOP('',(#5361,#5362,#5363,#5364)) ;
#5440=EDGE_LOOP('',(#5441,#5442,#5443,#5444)) ;
#5523=EDGE_LOOP('',(#5524,#5525,#5526,#5527)) ;
#5616=EDGE_LOOP('',(#5617,#5618,#5619,#5620)) ;
#5699=EDGE_LOOP('',(#5700,#5701,#5702,#5703)) ;
#5785=EDGE_LOOP('',(#5786,#5787,#5788,#5789)) ;
#5809=EDGE_LOOP('',(#5810,#5811,#5812,#5813)) ;
#5833=EDGE_LOOP('',(#5834,#5835,#5836,#5837,#5838)) ;
#5858=EDGE_LOOP('',(#5859,#5860,#5861,#5862)) ;
#5940=EDGE_LOOP('',(#5941,#5942,#5943,#5944)) ;
#5964=EDGE_LOOP('',(#5965,#5966,#5967,#5968)) ;
#6047=EDGE_LOOP('',(#6048,#6049,#6050,#6051)) ;
#6071=EDGE_LOOP('',(#6072,#6073,#6074,#6075)) ;
#6102=EDGE_LOOP('',(#6103,#6104,#6105,#6106)) ;
#6184=EDGE_LOOP('',(#6185,#6186,#6187,#6188)) ;
#6208=EDGE_LOOP('',(#6209,#6210,#6211,#6212)) ;
#6291=EDGE_LOOP('',(#6292,#6293,#6294,#6295)) ;
#6308=EDGE_LOOP('',(#6309,#6310,#6311,#6312)) ;
#6332=EDGE_LOOP('',(#6333,#6334,#6335,#6336,#6337,#6338)) ;
#6358=EDGE_LOOP('',(#6359,#6360,#6361,#6362,#6363,#6364)) ;
#6400=EDGE_LOOP('',(#6401,#6402,#6403,#6404,#6405)) ;
#6465=EDGE_LOOP('',(#6466,#6467,#6468,#6469,#6470,#6471,#6472,#6473,#6474,#6475,#6476,#6477)) ;
#6501=EDGE_LOOP('',(#6502,#6503,#6504,#6505,#6506)) ;
#6554=EDGE_LOOP('',(#6555,#6556,#6557,#6558,#6559,#6560,#6561,#6562,#6563,#6564,#6565,#6566)) ;
#6591=EDGE_LOOP('',(#6592,#6593,#6594,#6595,#6596,#6597,#6598,#6599)) ;
#6624=EDGE_LOOP('',(#6625,#6626,#6627,#6628,#6629,#6630,#6631,#6632)) ;
#6678=EDGE_LOOP('',(#6679,#6680,#6681,#6682,#6683,#6684,#6685,#6686,#6687,#6688,#6689,#6690,#6691,#6692,#6693)) ;
#6695=EDGE_LOOP('',(#6696,#6697)) ;
#6743=EDGE_LOOP('',(#6744,#6745,#6746,#6747,#6748,#6749,#6750,#6751,#6752,#6753,#6754,#6755,#6756,#6757,#6758)) ;
#6760=EDGE_LOOP('',(#6761,#6762)) ;
#6796=EDGE_LOOP('',(#6797,#6798,#6799,#6800,#6801)) ;
#6821=EDGE_LOOP('',(#6822,#6823,#6824,#6825)) ;
#6903=EDGE_LOOP('',(#6904,#6905,#6906,#6907)) ;
#6965=EDGE_LOOP('',(#6966,#6967,#6968,#6969)) ;
#7048=EDGE_LOOP('',(#7049,#7050,#7051,#7052)) ;
#7141=EDGE_LOOP('',(#7142,#7143,#7144,#7145)) ;
#7205=EDGE_LOOP('',(#7206,#7207,#7208,#7209)) ;
#7288=EDGE_LOOP('',(#7289,#7290,#7291,#7292)) ;
#7312=EDGE_LOOP('',(#7313,#7314,#7315,#7316)) ;
#7343=EDGE_LOOP('',(#7344,#7345,#7346,#7347,#7348)) ;
#7368=EDGE_LOOP('',(#7369,#7370,#7371,#7372)) ;
#7451=EDGE_LOOP('',(#7452,#7453,#7454,#7455)) ;
#7475=EDGE_LOOP('',(#7476,#7477,#7478,#7479)) ;
#7558=EDGE_LOOP('',(#7559,#7560,#7561,#7562)) ;
#7641=EDGE_LOOP('',(#7642,#7643,#7644,#7645)) ;
#7731=EDGE_LOOP('',(#7732,#7733,#7734,#7735)) ;
#7814=EDGE_LOOP('',(#7815,#7816,#7817,#7818)) ;
#7838=EDGE_LOOP('',(#7839,#7840,#7841,#7842)) ;
#7921=EDGE_LOOP('',(#7922,#7923,#7924,#7925)) ;
#7938=EDGE_LOOP('',(#7939,#7940,#7941,#7942)) ;
#7962=EDGE_LOOP('',(#7963,#7964,#7965,#7966,#7967,#7968)) ;
#7988=EDGE_LOOP('',(#7989,#7990,#7991,#7992,#7993,#7994)) ;
#8021=EDGE_LOOP('',(#8022,#8023,#8024,#8025)) ;
#8048=EDGE_LOOP('',(#8049,#8050,#8051,#8052)) ;
#8082=EDGE_LOOP('',(#8083,#8084,#8085,#8086,#8087)) ;
#8117=EDGE_LOOP('',(#8118,#8119,#8120,#8121,#8122)) ;
#8142=EDGE_LOOP('',(#8143,#8144,#8145,#8146,#8147)) ;
#8167=EDGE_LOOP('',(#8168,#8169,#8170,#8171,#8172)) ;
#8192=EDGE_LOOP('',(#8193,#8194,#8195,#8196)) ;
#8209=EDGE_LOOP('',(#8210,#8211,#8212,#8213)) ;
#8280=EDGE_LOOP('',(#8281,#8282,#8283,#8284,#8285,#8286,#8287,#8288,#8289,#8290,#8291,#8292,#8293,#8294,#8295,#8296,#8297)) ;
#8348=EDGE_LOOP('',(#8349,#8350,#8351,#8352,#8353,#8354,#8355,#8356,#8357,#8358,#8359,#8360,#8361,#8362,#8363)) ;
#8381=EDGE_LOOP('',(#8382,#8383,#8384,#8385)) ;
#8398=EDGE_LOOP('',(#8399,#8400,#8401,#8402)) ;
#8438=EDGE_LOOP('',(#8439,#8440,#8441,#8442)) ;
#8535=EDGE_LOOP('',(#8536,#8537,#8538,#8539)) ;
#8552=EDGE_LOOP('',(#8553,#8554,#8555,#8556)) ;
#8649=EDGE_LOOP('',(#8650,#8651,#8652,#8653)) ;
#8666=EDGE_LOOP('',(#8667,#8668,#8669,#8670)) ;
#8683=EDGE_LOOP('',(#8684,#8685,#8686,#8687)) ;
#8700=EDGE_LOOP('',(#8701,#8702,#8703,#8704)) ;
#8712=EDGE_LOOP('',(#8713,#8714,#8715,#8716)) ;
#8753=EDGE_LOOP('',(#8754,#8755,#8756,#8757,#8758)) ;
#8778=EDGE_LOOP('',(#8779,#8780,#8781,#8782,#8783)) ;
#8803=EDGE_LOOP('',(#8804,#8805,#8806,#8807)) ;
#8827=EDGE_LOOP('',(#8828,#8829,#8830,#8831)) ;
#8854=EDGE_LOOP('',(#8855,#8856,#8857,#8858)) ;
#8878=EDGE_LOOP('',(#8879,#8880,#8881,#8882)) ;
#8912=EDGE_LOOP('',(#8913,#8914,#8915,#8916,#8917)) ;
#8930=EDGE_LOOP('',(#8931,#8932,#8933,#8934,#8935)) ;
#9005=EDGE_LOOP('',(#9006,#9007,#9008,#9009,#9010,#9011,#9012,#9013,#9014,#9015,#9016,#9017,#9018,#9019,#9020)) ;
#9063=EDGE_LOOP('',(#9064,#9065,#9066,#9067,#9068,#9069,#9070,#9071,#9072,#9073,#9074,#9075,#9076,#9077,#9078,#9079,#9080)) ;
#9098=EDGE_LOOP('',(#9099,#9100,#9101,#9102)) ;
#9115=EDGE_LOOP('',(#9116,#9117,#9118,#9119)) ;
#9132=EDGE_LOOP('',(#9133,#9134,#9135,#9136)) ;
#9149=EDGE_LOOP('',(#9150,#9151,#9152,#9153)) ;
#9246=EDGE_LOOP('',(#9247,#9248,#9249,#9250)) ;
#9263=EDGE_LOOP('',(#9264,#9265,#9266,#9267)) ;
#9360=EDGE_LOOP('',(#9361,#9362,#9363,#9364)) ;
#9400=EDGE_LOOP('',(#9401,#9402,#9403,#9404)) ;
#9417=EDGE_LOOP('',(#9418,#9419,#9420,#9421)) ;
#9429=EDGE_LOOP('',(#9430,#9431,#9432,#9433)) ;
#9463=EDGE_LOOP('',(#9464,#9465,#9466,#9467,#9468)) ;
#9488=EDGE_LOOP('',(#9489,#9490,#9491,#9492)) ;
#9507=EDGE_LOOP('',(#9508,#9509,#9510,#9511)) ;
#9534=EDGE_LOOP('',(#9535,#9536,#9537,#9538,#9539)) ;
#9566=EDGE_LOOP('',(#9567,#9568,#9569,#9570)) ;
#9590=EDGE_LOOP('',(#9591,#9592,#9593,#9594)) ;
#9702=EDGE_LOOP('',(#9703,#9704,#9705,#9706)) ;
#9797=EDGE_LOOP('',(#9798,#9799,#9800,#9801)) ;
#9898=EDGE_LOOP('',(#9899,#9900,#9901,#9902)) ;
#10027=EDGE_LOOP('',(#10028,#10029,#10030,#10031)) ;
#10058=EDGE_LOOP('',(#10059,#10060,#10061,#10062)) ;
#10089=EDGE_LOOP('',(#10090,#10091,#10092,#10093)) ;
#10217=EDGE_LOOP('',(#10218,#10219,#10220,#10221)) ;
#10318=EDGE_LOOP('',(#10319,#10320,#10321,#10322)) ;
#10417=EDGE_LOOP('',(#10418,#10419,#10420,#10421)) ;
#10520=EDGE_LOOP('',(#10521,#10522,#10523,#10524)) ;
#10560=EDGE_LOOP('',(#10561,#10562,#10563,#10564,#10565)) ;
#10617=EDGE_LOOP('',(#10618,#10619,#10620,#10621,#10622,#10623,#10624,#10625)) ;
#10649=EDGE_LOOP('',(#10650,#10651,#10652,#10653,#10654)) ;
#10683=EDGE_LOOP('',(#10684,#10685,#10686,#10687,#10688)) ;
#10740=EDGE_LOOP('',(#10741,#10742,#10743,#10744,#10745,#10746,#10747,#10748)) ;
#10765=EDGE_LOOP('',(#10766,#10767,#10768,#10769,#10770)) ;
#10803=EDGE_LOOP('',(#10804,#10805,#10806,#10807,#10808)) ;
#10823=EDGE_LOOP('',(#10824,#10825,#10826,#10827)) ;
#10842=EDGE_LOOP('',(#10843,#10844,#10845,#10846)) ;
#10872=EDGE_LOOP('',(#10873,#10874,#10875,#10876,#10877)) ;
#10910=EDGE_LOOP('',(#10911,#10912,#10913,#10914,#10915)) ;
#10930=EDGE_LOOP('',(#10931,#10932,#10933,#10934)) ;
#10949=EDGE_LOOP('',(#10950,#10951,#10952,#10953)) ;
#10978=EDGE_LOOP('',(#10979,#10980,#10981,#10982,#10983)) ;
#11014=EDGE_LOOP('',(#11015,#11016,#11017,#11018,#11019,#11020,#11021,#11022,#11023,#11024,#11025,#11026)) ;
#11060=EDGE_LOOP('',(#11061,#11062,#11063,#11064,#11065,#11066,#11067,#11068,#11069,#11070,#11071,#11072)) ;
#11090=EDGE_LOOP('',(#11091,#11092,#11093,#11094)) ;
#11160=EDGE_LOOP('',(#11161,#11162,#11163,#11164)) ;
#11229=EDGE_LOOP('',(#11230,#11231,#11232,#11233)) ;
#11334=EDGE_LOOP('',(#11335,#11336,#11337,#11338)) ;
#11404=EDGE_LOOP('',(#11405,#11406,#11407,#11408)) ;
#11474=EDGE_LOOP('',(#11475,#11476,#11477,#11478)) ;
#11491=EDGE_LOOP('',(#11492,#11493,#11494,#11495)) ;
#11508=EDGE_LOOP('',(#11509,#11510,#11511,#11512)) ;
#11578=EDGE_LOOP('',(#11579,#11580,#11581,#11582)) ;
#11647=EDGE_LOOP('',(#11648,#11649,#11650,#11651)) ;
#11770=EDGE_LOOP('',(#11771,#11772,#11773,#11774)) ;
#11840=EDGE_LOOP('',(#11841,#11842,#11843,#11844)) ;
#11910=EDGE_LOOP('',(#11911,#11912,#11913,#11914)) ;
#11922=EDGE_LOOP('',(#11923,#11924,#11925,#11926)) ;
#11948=EDGE_LOOP('',(#11949,#11950)) ;
#11952=EDGE_LOOP('',(#11953,#11954)) ;
#11981=EDGE_LOOP('',(#11982,#11983,#11984,#11985,#11986,#11987,#11988,#11989,#11990)) ;
#11998=EDGE_LOOP('',(#11999,#12000,#12001,#12002,#12003,#12004,#12005,#12006,#12007)) ;
#12025=EDGE_LOOP('',(#12026,#12027,#12028,#12029)) ;
#12037=EDGE_LOOP('',(#12038,#12039,#12040,#12041)) ;
#12063=EDGE_LOOP('',(#12064,#12065)) ;
#12067=EDGE_LOOP('',(#12068,#12069)) ;
#12096=EDGE_LOOP('',(#12097,#12098,#12099,#12100,#12101,#12102,#12103)) ;
#12111=EDGE_LOOP('',(#12112,#12113,#12114,#12115,#12116,#12117,#12118)) ;
#12136=EDGE_LOOP('',(#12137,#12138,#12139,#12140)) ;
#12148=EDGE_LOOP('',(#12149,#12150,#12151,#12152)) ;
#116=FACE_OUTER_BOUND('',#110,.T.) ;
#182=FACE_OUTER_BOUND('',#176,.T.) ;
#222=FACE_OUTER_BOUND('',#217,.T.) ;
#244=FACE_OUTER_BOUND('',#239,.T.) ;
#284=FACE_OUTER_BOUND('',#279,.T.) ;
#323=FACE_OUTER_BOUND('',#317,.T.) ;
#347=FACE_OUTER_BOUND('',#342,.T.) ;
#379=FACE_OUTER_BOUND('',#373,.T.) ;
#391=FACE_OUTER_BOUND('',#386,.T.) ;
#431=FACE_OUTER_BOUND('',#426,.T.) ;
#465=FACE_OUTER_BOUND('',#459,.T.) ;
#489=FACE_OUTER_BOUND('',#484,.T.) ;
#516=FACE_OUTER_BOUND('',#510,.T.) ;
#528=FACE_OUTER_BOUND('',#523,.T.) ;
#591=FACE_OUTER_BOUND('',#585,.T.) ;
#631=FACE_OUTER_BOUND('',#625,.T.) ;
#694=FACE_OUTER_BOUND('',#688,.T.) ;
#734=FACE_OUTER_BOUND('',#728,.T.) ;
#758=FACE_OUTER_BOUND('',#755,.T.) ;
#826=FACE_OUTER_BOUND('',#819,.T.) ;
#871=FACE_OUTER_BOUND('',#864,.T.) ;
#890=FACE_OUTER_BOUND('',#887,.T.) ;
#958=FACE_OUTER_BOUND('',#951,.T.) ;
#1003=FACE_OUTER_BOUND('',#996,.T.) ;
#1043=FACE_OUTER_BOUND('',#1038,.T.) ;
#1060=FACE_OUTER_BOUND('',#1055,.T.) ;
#1070=FACE_OUTER_BOUND('',#1067,.T.) ;
#1201=FACE_OUTER_BOUND('',#1191,.T.) ;
#1307=FACE_OUTER_BOUND('',#1296,.T.) ;
#1391=FACE_OUTER_BOUND('',#1382,.T.) ;
#1415=FACE_OUTER_BOUND('',#1412,.T.) ;
#1438=FACE_OUTER_BOUND('',#1432,.T.) ;
#1446=FACE_OUTER_BOUND('',#1440,.T.) ;
#1464=FACE_OUTER_BOUND('',#1458,.T.) ;
#1472=FACE_OUTER_BOUND('',#1466,.T.) ;
#1512=FACE_OUTER_BOUND('',#1507,.T.) ;
#1529=FACE_OUTER_BOUND('',#1524,.T.) ;
#1539=FACE_OUTER_BOUND('',#1536,.T.) ;
#1659=FACE_OUTER_BOUND('',#1650,.T.) ;
#1772=FACE_OUTER_BOUND('',#1762,.T.) ;
#1860=FACE_OUTER_BOUND('',#1849,.T.) ;
#1884=FACE_OUTER_BOUND('',#1881,.T.) ;
#1907=FACE_OUTER_BOUND('',#1901,.T.) ;
#1915=FACE_OUTER_BOUND('',#1909,.T.) ;
#1933=FACE_OUTER_BOUND('',#1927,.T.) ;
#1941=FACE_OUTER_BOUND('',#1935,.T.) ;
#1981=FACE_OUTER_BOUND('',#1976,.T.) ;
#2012=FACE_OUTER_BOUND('',#2007,.T.) ;
#2102=FACE_OUTER_BOUND('',#2097,.T.) ;
#2275=FACE_OUTER_BOUND('',#2270,.T.) ;
#2306=FACE_OUTER_BOUND('',#2301,.T.) ;
#2413=FACE_OUTER_BOUND('',#2408,.T.) ;
#2485=FACE_OUTER_BOUND('',#2480,.T.) ;
#2608=FACE_OUTER_BOUND('',#2603,.T.) ;
#2639=FACE_OUTER_BOUND('',#2634,.T.) ;
#2661=FACE_OUTER_BOUND('',#2656,.T.) ;
#2701=FACE_OUTER_BOUND('',#2696,.T.) ;
#2830=FACE_OUTER_BOUND('',#2825,.T.) ;
#2907=FACE_OUTER_BOUND('',#2902,.T.) ;
#3008=FACE_OUTER_BOUND('',#3003,.T.) ;
#3039=FACE_OUTER_BOUND('',#3034,.T.) ;
#3207=FACE_OUTER_BOUND('',#3202,.T.) ;
#3297=FACE_OUTER_BOUND('',#3292,.T.) ;
#3328=FACE_OUTER_BOUND('',#3323,.T.) ;
#3359=FACE_OUTER_BOUND('',#3354,.T.) ;
#3381=FACE_OUTER_BOUND('',#3376,.T.) ;
#3522=FACE_OUTER_BOUND('',#3517,.T.) ;
#3553=FACE_OUTER_BOUND('',#3548,.T.) ;
#3584=FACE_OUTER_BOUND('',#3579,.T.) ;
#3713=FACE_OUTER_BOUND('',#3708,.T.) ;
#3842=FACE_OUTER_BOUND('',#3837,.T.) ;
#3873=FACE_OUTER_BOUND('',#3868,.T.) ;
#3904=FACE_OUTER_BOUND('',#3899,.T.) ;
#4021=FACE_OUTER_BOUND('',#4016,.T.) ;
#4060=FACE_OUTER_BOUND('',#4054,.T.) ;
#4087=FACE_OUTER_BOUND('',#4081,.T.) ;
#4127=FACE_OUTER_BOUND('',#4122,.T.) ;
#4158=FACE_OUTER_BOUND('',#4153,.T.) ;
#4189=FACE_OUTER_BOUND('',#4184,.T.) ;
#4220=FACE_OUTER_BOUND('',#4215,.T.) ;
#4425=FACE_OUTER_BOUND('',#4420,.T.) ;
#4449=FACE_OUTER_BOUND('',#4444,.T.) ;
#4473=FACE_OUTER_BOUND('',#4468,.T.) ;
#4497=FACE_OUTER_BOUND('',#4492,.T.) ;
#4521=FACE_OUTER_BOUND('',#4516,.T.) ;
#4716=FACE_OUTER_BOUND('',#4711,.T.) ;
#4750=FACE_OUTER_BOUND('',#4745,.T.) ;
#4776=FACE_OUTER_BOUND('',#4771,.T.) ;
#4813=FACE_OUTER_BOUND('',#4808,.T.) ;
#4839=FACE_OUTER_BOUND('',#4834,.T.) ;
#4906=FACE_OUTER_BOUND('',#4891,.T.) ;
#4947=FACE_OUTER_BOUND('',#4928,.T.) ;
#5009=FACE_OUTER_BOUND('',#4994,.T.) ;
#5050=FACE_OUTER_BOUND('',#5031,.T.) ;
#5084=FACE_OUTER_BOUND('',#5078,.T.) ;
#5111=FACE_OUTER_BOUND('',#5105,.T.) ;
#5138=FACE_OUTER_BOUND('',#5132,.T.) ;
#5158=FACE_OUTER_BOUND('',#5152,.T.) ;
#5192=FACE_OUTER_BOUND('',#5179,.T.) ;
#5226=FACE_OUTER_BOUND('',#5213,.T.) ;
#5258=FACE_OUTER_BOUND('',#5252,.T.) ;
#5282=FACE_OUTER_BOUND('',#5277,.T.) ;
#5365=FACE_OUTER_BOUND('',#5360,.T.) ;
#5445=FACE_OUTER_BOUND('',#5440,.T.) ;
#5528=FACE_OUTER_BOUND('',#5523,.T.) ;
#5621=FACE_OUTER_BOUND('',#5616,.T.) ;
#5704=FACE_OUTER_BOUND('',#5699,.T.) ;
#5790=FACE_OUTER_BOUND('',#5785,.T.) ;
#5814=FACE_OUTER_BOUND('',#5809,.T.) ;
#5839=FACE_OUTER_BOUND('',#5833,.T.) ;
#5863=FACE_OUTER_BOUND('',#5858,.T.) ;
#5945=FACE_OUTER_BOUND('',#5940,.T.) ;
#5969=FACE_OUTER_BOUND('',#5964,.T.) ;
#6052=FACE_OUTER_BOUND('',#6047,.T.) ;
#6076=FACE_OUTER_BOUND('',#6071,.T.) ;
#6107=FACE_OUTER_BOUND('',#6102,.T.) ;
#6189=FACE_OUTER_BOUND('',#6184,.T.) ;
#6213=FACE_OUTER_BOUND('',#6208,.T.) ;
#6296=FACE_OUTER_BOUND('',#6291,.T.) ;
#6313=FACE_OUTER_BOUND('',#6308,.T.) ;
#6339=FACE_OUTER_BOUND('',#6332,.T.) ;
#6365=FACE_OUTER_BOUND('',#6358,.T.) ;
#6406=FACE_OUTER_BOUND('',#6400,.T.) ;
#6478=FACE_OUTER_BOUND('',#6465,.T.) ;
#6507=FACE_OUTER_BOUND('',#6501,.T.) ;
#6567=FACE_OUTER_BOUND('',#6554,.T.) ;
#6600=FACE_OUTER_BOUND('',#6591,.T.) ;
#6633=FACE_OUTER_BOUND('',#6624,.T.) ;
#6694=FACE_OUTER_BOUND('',#6678,.T.) ;
#6759=FACE_OUTER_BOUND('',#6743,.T.) ;
#6802=FACE_OUTER_BOUND('',#6796,.T.) ;
#6826=FACE_OUTER_BOUND('',#6821,.T.) ;
#6908=FACE_OUTER_BOUND('',#6903,.T.) ;
#6970=FACE_OUTER_BOUND('',#6965,.T.) ;
#7053=FACE_OUTER_BOUND('',#7048,.T.) ;
#7146=FACE_OUTER_BOUND('',#7141,.T.) ;
#7210=FACE_OUTER_BOUND('',#7205,.T.) ;
#7293=FACE_OUTER_BOUND('',#7288,.T.) ;
#7317=FACE_OUTER_BOUND('',#7312,.T.) ;
#7349=FACE_OUTER_BOUND('',#7343,.T.) ;
#7373=FACE_OUTER_BOUND('',#7368,.T.) ;
#7456=FACE_OUTER_BOUND('',#7451,.T.) ;
#7480=FACE_OUTER_BOUND('',#7475,.T.) ;
#7563=FACE_OUTER_BOUND('',#7558,.T.) ;
#7646=FACE_OUTER_BOUND('',#7641,.T.) ;
#7736=FACE_OUTER_BOUND('',#7731,.T.) ;
#7819=FACE_OUTER_BOUND('',#7814,.T.) ;
#7843=FACE_OUTER_BOUND('',#7838,.T.) ;
#7926=FACE_OUTER_BOUND('',#7921,.T.) ;
#7943=FACE_OUTER_BOUND('',#7938,.T.) ;
#7969=FACE_OUTER_BOUND('',#7962,.T.) ;
#7995=FACE_OUTER_BOUND('',#7988,.T.) ;
#8026=FACE_OUTER_BOUND('',#8021,.T.) ;
#8053=FACE_OUTER_BOUND('',#8048,.T.) ;
#8088=FACE_OUTER_BOUND('',#8082,.T.) ;
#8123=FACE_OUTER_BOUND('',#8117,.T.) ;
#8148=FACE_OUTER_BOUND('',#8142,.T.) ;
#8173=FACE_OUTER_BOUND('',#8167,.T.) ;
#8197=FACE_OUTER_BOUND('',#8192,.T.) ;
#8214=FACE_OUTER_BOUND('',#8209,.T.) ;
#8298=FACE_OUTER_BOUND('',#8280,.T.) ;
#8364=FACE_OUTER_BOUND('',#8348,.T.) ;
#8386=FACE_OUTER_BOUND('',#8381,.T.) ;
#8403=FACE_OUTER_BOUND('',#8398,.T.) ;
#8443=FACE_OUTER_BOUND('',#8438,.T.) ;
#8540=FACE_OUTER_BOUND('',#8535,.T.) ;
#8557=FACE_OUTER_BOUND('',#8552,.T.) ;
#8654=FACE_OUTER_BOUND('',#8649,.T.) ;
#8671=FACE_OUTER_BOUND('',#8666,.T.) ;
#8688=FACE_OUTER_BOUND('',#8683,.T.) ;
#8705=FACE_OUTER_BOUND('',#8700,.T.) ;
#8717=FACE_OUTER_BOUND('',#8712,.T.) ;
#8759=FACE_OUTER_BOUND('',#8753,.T.) ;
#8784=FACE_OUTER_BOUND('',#8778,.T.) ;
#8808=FACE_OUTER_BOUND('',#8803,.T.) ;
#8832=FACE_OUTER_BOUND('',#8827,.T.) ;
#8859=FACE_OUTER_BOUND('',#8854,.T.) ;
#8883=FACE_OUTER_BOUND('',#8878,.T.) ;
#8918=FACE_OUTER_BOUND('',#8912,.T.) ;
#8936=FACE_OUTER_BOUND('',#8930,.T.) ;
#9021=FACE_OUTER_BOUND('',#9005,.T.) ;
#9081=FACE_OUTER_BOUND('',#9063,.T.) ;
#9103=FACE_OUTER_BOUND('',#9098,.T.) ;
#9120=FACE_OUTER_BOUND('',#9115,.T.) ;
#9137=FACE_OUTER_BOUND('',#9132,.T.) ;
#9154=FACE_OUTER_BOUND('',#9149,.T.) ;
#9251=FACE_OUTER_BOUND('',#9246,.T.) ;
#9268=FACE_OUTER_BOUND('',#9263,.T.) ;
#9365=FACE_OUTER_BOUND('',#9360,.T.) ;
#9405=FACE_OUTER_BOUND('',#9400,.T.) ;
#9422=FACE_OUTER_BOUND('',#9417,.T.) ;
#9434=FACE_OUTER_BOUND('',#9429,.T.) ;
#9469=FACE_OUTER_BOUND('',#9463,.T.) ;
#9493=FACE_OUTER_BOUND('',#9488,.T.) ;
#9512=FACE_OUTER_BOUND('',#9507,.T.) ;
#9540=FACE_OUTER_BOUND('',#9534,.T.) ;
#9571=FACE_OUTER_BOUND('',#9566,.T.) ;
#9595=FACE_OUTER_BOUND('',#9590,.T.) ;
#9707=FACE_OUTER_BOUND('',#9702,.T.) ;
#9802=FACE_OUTER_BOUND('',#9797,.T.) ;
#9903=FACE_OUTER_BOUND('',#9898,.T.) ;
#10032=FACE_OUTER_BOUND('',#10027,.T.) ;
#10063=FACE_OUTER_BOUND('',#10058,.T.) ;
#10094=FACE_OUTER_BOUND('',#10089,.T.) ;
#10222=FACE_OUTER_BOUND('',#10217,.T.) ;
#10323=FACE_OUTER_BOUND('',#10318,.T.) ;
#10422=FACE_OUTER_BOUND('',#10417,.T.) ;
#10525=FACE_OUTER_BOUND('',#10520,.T.) ;
#10566=FACE_OUTER_BOUND('',#10560,.T.) ;
#10626=FACE_OUTER_BOUND('',#10617,.T.) ;
#10655=FACE_OUTER_BOUND('',#10649,.T.) ;
#10689=FACE_OUTER_BOUND('',#10683,.T.) ;
#10749=FACE_OUTER_BOUND('',#10740,.T.) ;
#10771=FACE_OUTER_BOUND('',#10765,.T.) ;
#10809=FACE_OUTER_BOUND('',#10803,.T.) ;
#10828=FACE_OUTER_BOUND('',#10823,.T.) ;
#10847=FACE_OUTER_BOUND('',#10842,.T.) ;
#10878=FACE_OUTER_BOUND('',#10872,.T.) ;
#10916=FACE_OUTER_BOUND('',#10910,.T.) ;
#10935=FACE_OUTER_BOUND('',#10930,.T.) ;
#10954=FACE_OUTER_BOUND('',#10949,.T.) ;
#10984=FACE_OUTER_BOUND('',#10978,.T.) ;
#11027=FACE_OUTER_BOUND('',#11014,.T.) ;
#11073=FACE_OUTER_BOUND('',#11060,.T.) ;
#11095=FACE_OUTER_BOUND('',#11090,.T.) ;
#11165=FACE_OUTER_BOUND('',#11160,.T.) ;
#11234=FACE_OUTER_BOUND('',#11229,.T.) ;
#11339=FACE_OUTER_BOUND('',#11334,.T.) ;
#11409=FACE_OUTER_BOUND('',#11404,.T.) ;
#11479=FACE_OUTER_BOUND('',#11474,.T.) ;
#11496=FACE_OUTER_BOUND('',#11491,.T.) ;
#11513=FACE_OUTER_BOUND('',#11508,.T.) ;
#11583=FACE_OUTER_BOUND('',#11578,.T.) ;
#11652=FACE_OUTER_BOUND('',#11647,.T.) ;
#11775=FACE_OUTER_BOUND('',#11770,.T.) ;
#11845=FACE_OUTER_BOUND('',#11840,.T.) ;
#11915=FACE_OUTER_BOUND('',#11910,.T.) ;
#11927=FACE_OUTER_BOUND('',#11922,.T.) ;
#11951=FACE_OUTER_BOUND('',#11948,.T.) ;
#11991=FACE_OUTER_BOUND('',#11981,.T.) ;
#12008=FACE_OUTER_BOUND('',#11998,.T.) ;
#12030=FACE_OUTER_BOUND('',#12025,.T.) ;
#12042=FACE_OUTER_BOUND('',#12037,.T.) ;
#12066=FACE_OUTER_BOUND('',#12063,.T.) ;
#12104=FACE_OUTER_BOUND('',#12096,.T.) ;
#12119=FACE_OUTER_BOUND('',#12111,.T.) ;
#12141=FACE_OUTER_BOUND('',#12136,.T.) ;
#12153=FACE_OUTER_BOUND('',#12148,.T.) ;
#45=UNCERTAINTY_MEASURE_WITH_UNIT(LENGTH_MEASURE(0.005),#41,'distance_accuracy_value','CONFUSED CURVE UNCERTAINTY') ;
#60=LINE('Line',#57,#59) ;
#88=LINE('Line',#85,#87) ;
#126=LINE('Line',#123,#125) ;
#154=LINE('Line',#151,#153) ;
#201=LINE('Line',#198,#200) ;
#215=LINE('Line',#212,#214) ;
#254=LINE('Line',#251,#253) ;
#270=LINE('Line',#267,#269) ;
#294=LINE('Line',#291,#293) ;
#301=LINE('Line',#298,#300) ;
#308=LINE('Line',#305,#307) ;
#333=LINE('Line',#330,#332) ;
#340=LINE('Line',#337,#339) ;
#366=LINE('Line',#363,#365) ;
#371=LINE('Line',#368,#370) ;
#384=LINE('Line',#381,#383) ;
#401=LINE('Line',#398,#400) ;
#417=LINE('Line',#414,#416) ;
#436=LINE('Line',#433,#435) ;
#443=LINE('Line',#440,#442) ;
#457=LINE('Line',#454,#456) ;
#475=LINE('Line',#472,#474) ;
#482=LINE('Line',#479,#481) ;
#494=LINE('Line',#491,#493) ;
#508=LINE('Line',#505,#507) ;
#521=LINE('Line',#518,#520) ;
#547=LINE('Line',#544,#546) ;
#583=LINE('Line',#580,#582) ;
#650=LINE('Line',#647,#649) ;
#686=LINE('Line',#683,#685) ;
#812=LINE('Line',#809,#811) ;
#817=LINE('Line',#814,#816) ;
#944=LINE('Line',#941,#943) ;
#949=LINE('Line',#946,#948) ;
#1013=LINE('Line',#1010,#1012) ;
#1029=LINE('Line',#1026,#1028) ;
#1150=LINE('Line',#1147,#1149) ;
#1157=LINE('Line',#1154,#1156) ;
#1182=LINE('Line',#1179,#1181) ;
#1189=LINE('Line',#1186,#1188) ;
#1245=LINE('Line',#1242,#1244) ;
#1294=LINE('Line',#1291,#1293) ;
#1317=LINE('Line',#1314,#1316) ;
#1332=LINE('Line',#1329,#1331) ;
#1425=LINE('Line',#1422,#1424) ;
#1430=LINE('Line',#1427,#1429) ;
#1451=LINE('Line',#1448,#1450) ;
#1456=LINE('Line',#1453,#1455) ;
#1491=LINE('Line',#1488,#1490) ;
#1505=LINE('Line',#1502,#1504) ;
#1619=LINE('Line',#1616,#1618) ;
#1626=LINE('Line',#1623,#1625) ;
#1641=LINE('Line',#1638,#1640) ;
#1648=LINE('Line',#1645,#1647) ;
#1669=LINE('Line',#1666,#1668) ;
#1678=LINE('Line',#1675,#1677) ;
#1703=LINE('Line',#1700,#1702) ;
#1710=LINE('Line',#1707,#1709) ;
#1894=LINE('Line',#1891,#1893) ;
#1899=LINE('Line',#1896,#1898) ;
#1920=LINE('Line',#1917,#1919) ;
#1925=LINE('Line',#1922,#1924) ;
#1991=LINE('Line',#1988,#1990) ;
#2005=LINE('Line',#2002,#2004) ;
#2285=LINE('Line',#2282,#2284) ;
#2299=LINE('Line',#2296,#2298) ;
#2649=LINE('Line',#2646,#2648) ;
#2654=LINE('Line',#2651,#2653) ;
#3018=LINE('Line',#3015,#3017) ;
#3032=LINE('Line',#3029,#3031) ;
#3307=LINE('Line',#3304,#3306) ;
#3321=LINE('Line',#3318,#3320) ;
#3369=LINE('Line',#3366,#3368) ;
#3374=LINE('Line',#3371,#3373) ;
#4031=LINE('Line',#4028,#4030) ;
#4038=LINE('Line',#4035,#4037) ;
#4065=LINE('Line',#4062,#4064) ;
#4726=LINE('Line',#4723,#4725) ;
#4733=LINE('Line',#4730,#4732) ;
#4755=LINE('Line',#4752,#4754) ;
#4762=LINE('Line',#4759,#4761) ;
#4769=LINE('Line',#4766,#4768) ;
#4801=LINE('Line',#4798,#4800) ;
#4806=LINE('Line',#4803,#4805) ;
#4818=LINE('Line',#4815,#4817) ;
#4827=LINE('Line',#4824,#4826) ;
#4832=LINE('Line',#4829,#4831) ;
#4858=LINE('Line',#4855,#4857) ;
#4865=LINE('Line',#4862,#4864) ;
#4870=LINE('Line',#4867,#4869) ;
#4875=LINE('Line',#4872,#4874) ;
#4968=LINE('Line',#4965,#4967) ;
#4973=LINE('Line',#4970,#4972) ;
#4978=LINE('Line',#4975,#4977) ;
#4985=LINE('Line',#4982,#4984) ;
#5055=LINE('Line',#5052,#5054) ;
#5062=LINE('Line',#5059,#5061) ;
#5076=LINE('Line',#5073,#5075) ;
#5089=LINE('Line',#5086,#5088) ;
#5096=LINE('Line',#5093,#5095) ;
#5116=LINE('Line',#5113,#5115) ;
#5123=LINE('Line',#5120,#5122) ;
#5143=LINE('Line',#5140,#5142) ;
#5849=LINE('Line',#5846,#5848) ;
#5955=LINE('Line',#5952,#5954) ;
#6062=LINE('Line',#6059,#6061) ;
#6093=LINE('Line',#6090,#6092) ;
#6199=LINE('Line',#6196,#6198) ;
#6306=LINE('Line',#6303,#6305) ;
#6375=LINE('Line',#6372,#6374) ;
#6382=LINE('Line',#6379,#6381) ;
#6458=LINE('Line',#6455,#6457) ;
#6463=LINE('Line',#6460,#6462) ;
#6483=LINE('Line',#6480,#6482) ;
#6552=LINE('Line',#6549,#6551) ;
#6577=LINE('Line',#6574,#6576) ;
#6584=LINE('Line',#6581,#6583) ;
#6610=LINE('Line',#6607,#6609) ;
#6615=LINE('Line',#6612,#6614) ;
#6643=LINE('Line',#6640,#6642) ;
#6663=LINE('Line',#6660,#6662) ;
#6721=LINE('Line',#6718,#6720) ;
#6741=LINE('Line',#6738,#6740) ;
#7366=LINE('Line',#7363,#7365) ;
#7473=LINE('Line',#7470,#7472) ;
#7836=LINE('Line',#7833,#7835) ;
#7936=LINE('Line',#7933,#7935) ;
#8005=LINE('Line',#8002,#8004) ;
#8014=LINE('Line',#8011,#8013) ;
#8019=LINE('Line',#8016,#8018) ;
#8046=LINE('Line',#8043,#8045) ;
#8080=LINE('Line',#8077,#8079) ;
#8098=LINE('Line',#8095,#8097) ;
#8115=LINE('Line',#8112,#8114) ;
#8133=LINE('Line',#8130,#8132) ;
#8140=LINE('Line',#8137,#8139) ;
#8165=LINE('Line',#8162,#8164) ;
#8190=LINE('Line',#8187,#8189) ;
#8207=LINE('Line',#8204,#8206) ;
#8224=LINE('Line',#8221,#8223) ;
#8231=LINE('Line',#8228,#8230) ;
#8236=LINE('Line',#8233,#8235) ;
#8243=LINE('Line',#8240,#8242) ;
#8257=LINE('Line',#8254,#8256) ;
#8271=LINE('Line',#8268,#8270) ;
#8308=LINE('Line',#8305,#8307) ;
#8313=LINE('Line',#8310,#8312) ;
#8328=LINE('Line',#8325,#8327) ;
#8746=LINE('Line',#8743,#8745) ;
#8751=LINE('Line',#8748,#8750) ;
#8769=LINE('Line',#8766,#8768) ;
#8776=LINE('Line',#8773,#8775) ;
#8794=LINE('Line',#8791,#8793) ;
#8801=LINE('Line',#8798,#8800) ;
#8825=LINE('Line',#8822,#8824) ;
#8852=LINE('Line',#8849,#8851) ;
#8869=LINE('Line',#8866,#8868) ;
#8876=LINE('Line',#8873,#8875) ;
#8893=LINE('Line',#8890,#8892) ;
#8910=LINE('Line',#8907,#8909) ;
#8946=LINE('Line',#8943,#8945) ;
#8953=LINE('Line',#8950,#8952) ;
#8958=LINE('Line',#8955,#8957) ;
#8963=LINE('Line',#8960,#8962) ;
#8968=LINE('Line',#8965,#8967) ;
#8993=LINE('Line',#8990,#8992) ;
#9033=LINE('Line',#9030,#9032) ;
#9047=LINE('Line',#9044,#9046) ;
#9061=LINE('Line',#9058,#9060) ;
#9456=LINE('Line',#9453,#9455) ;
#9461=LINE('Line',#9458,#9460) ;
#9479=LINE('Line',#9476,#9478) ;
#9498=LINE('Line',#9495,#9497) ;
#9532=LINE('Line',#9529,#9531) ;
#10553=LINE('Line',#10550,#10552) ;
#10558=LINE('Line',#10555,#10557) ;
#10615=LINE('Line',#10612,#10614) ;
#10647=LINE('Line',#10644,#10646) ;
#10665=LINE('Line',#10662,#10664) ;
#10738=LINE('Line',#10735,#10737) ;
#10796=LINE('Line',#10793,#10795) ;
#10801=LINE('Line',#10798,#10800) ;
#10814=LINE('Line',#10811,#10813) ;
#10833=LINE('Line',#10830,#10832) ;
#10870=LINE('Line',#10867,#10869) ;
#10903=LINE('Line',#10900,#10902) ;
#10908=LINE('Line',#10905,#10907) ;
#10921=LINE('Line',#10918,#10920) ;
#10940=LINE('Line',#10937,#10939) ;
#10976=LINE('Line',#10973,#10975) ;
#11974=LINE('Line',#11971,#11973) ;
#11979=LINE('Line',#11976,#11978) ;
#12018=LINE('Line',#12015,#12017) ;
#12023=LINE('Line',#12020,#12022) ;
#12089=LINE('Line',#12086,#12088) ;
#12094=LINE('Line',#12091,#12093) ;
#12129=LINE('Line',#12126,#12128) ;
#12134=LINE('Line',#12131,#12133) ;
#2=MECHANICAL_CONTEXT(' ',#1,'mechanical') ;
#24=PERSONAL_ADDRESS(' ',' ',' ',' ',' ',' ',' ',' ',' ',' ',' ',' ',(#22),' ') ;
#290=PLANE('Plane',#289) ;
#329=PLANE('Plane',#328) ;
#353=PLANE('Plane',#352) ;
#471=PLANE('Plane',#470) ;
#740=PLANE('Plane',#739) ;
#1066=PLANE('Plane',#1065) ;
#1094=PLANE('Plane',#1093) ;
#1313=PLANE('Plane',#1312) ;
#1397=PLANE('Plane',#1396) ;
#1535=PLANE('Plane',#1534) ;
#1563=PLANE('Plane',#1562) ;
#1665=PLANE('Plane',#1664) ;
#1866=PLANE('Plane',#1865) ;
#4027=PLANE('Plane',#4026) ;
#4722=PLANE('Plane',#4721) ;
#4782=PLANE('Plane',#4781) ;
#4845=PLANE('Plane',#4844) ;
#6639=PLANE('Plane',#6638) ;
#6704=PLANE('Plane',#6703) ;
#8001=PLANE('Plane',#8000) ;
#8094=PLANE('Plane',#8093) ;
#8129=PLANE('Plane',#8128) ;
#8203=PLANE('Plane',#8202) ;
#8220=PLANE('Plane',#8219) ;
#8765=PLANE('Plane',#8764) ;
#8790=PLANE('Plane',#8789) ;
#8865=PLANE('Plane',#8864) ;
#8889=PLANE('Plane',#8888) ;
#9475=PLANE('Plane',#9474) ;
#10990=PLANE('Plane',#10989) ;
#11033=PLANE('Plane',#11032) ;
#11933=PLANE('Plane',#11932) ;
#12048=PLANE('Plane',#12047) ;
#43=PLANE_ANGLE_MEASURE_WITH_UNIT(PLANE_ANGLE_MEASURE(0.0174532925199),#42) ;
#7=PRODUCT_CATEGORY('part',$) ;
#9=PRODUCT_CATEGORY_RELATIONSHIP(' ',' ',#7,#8) ;
#6=PRODUCT_DEFINITION_FORMATION_WITH_SPECIFIED_SOURCE('',' ',#5,.NOT_KNOWN.) ;
#8=PRODUCT_RELATED_PRODUCT_CATEGORY('detail',$,(#5)) ;
#50=SHAPE_DEFINITION_REPRESENTATION(#40,#49) ;
#62=VERTEX_POINT('',#61) ;
#64=VERTEX_POINT('',#63) ;
#83=VERTEX_POINT('',#82) ;
#90=VERTEX_POINT('',#89) ;
#97=VERTEX_POINT('',#96) ;
#128=VERTEX_POINT('',#127) ;
#130=VERTEX_POINT('',#129) ;
#149=VERTEX_POINT('',#148) ;
#156=VERTEX_POINT('',#155) ;
#169=VERTEX_POINT('',#168) ;
#194=VERTEX_POINT('',#193) ;
#196=VERTEX_POINT('',#195) ;
#203=VERTEX_POINT('',#202) ;
#210=VERTEX_POINT('',#209) ;
#256=VERTEX_POINT('',#255) ;
#258=VERTEX_POINT('',#257) ;
#265=VERTEX_POINT('',#264) ;
#272=VERTEX_POINT('',#271) ;
#296=VERTEX_POINT('',#295) ;
#303=VERTEX_POINT('',#302) ;
#310=VERTEX_POINT('',#309) ;
#335=VERTEX_POINT('',#334) ;
#359=VERTEX_POINT('',#358) ;
#361=VERTEX_POINT('',#360) ;
#403=VERTEX_POINT('',#402) ;
#405=VERTEX_POINT('',#404) ;
#412=VERTEX_POINT('',#411) ;
#419=VERTEX_POINT('',#418) ;
#438=VERTEX_POINT('',#437) ;
#445=VERTEX_POINT('',#444) ;
#452=VERTEX_POINT('',#451) ;
#477=VERTEX_POINT('',#476) ;
#496=VERTEX_POINT('',#495) ;
#498=VERTEX_POINT('',#497) ;
#540=VERTEX_POINT('',#539) ;
#542=VERTEX_POINT('',#541) ;
#549=VERTEX_POINT('',#548) ;
#568=VERTEX_POINT('',#567) ;
#578=VERTEX_POINT('',#577) ;
#606=VERTEX_POINT('',#605) ;
#643=VERTEX_POINT('',#642) ;
#645=VERTEX_POINT('',#644) ;
#652=VERTEX_POINT('',#651) ;
#671=VERTEX_POINT('',#670) ;
#681=VERTEX_POINT('',#680) ;
#709=VERTEX_POINT('',#708) ;
#746=VERTEX_POINT('',#745) ;
#748=VERTEX_POINT('',#747) ;
#777=VERTEX_POINT('',#776) ;
#779=VERTEX_POINT('',#778) ;
#798=VERTEX_POINT('',#797) ;
#807=VERTEX_POINT('',#806) ;
#835=VERTEX_POINT('',#834) ;
#854=VERTEX_POINT('',#853) ;
#878=VERTEX_POINT('',#877) ;
#880=VERTEX_POINT('',#879) ;
#909=VERTEX_POINT('',#908) ;
#911=VERTEX_POINT('',#910) ;
#930=VERTEX_POINT('',#929) ;
#939=VERTEX_POINT('',#938) ;
#967=VERTEX_POINT('',#966) ;
#986=VERTEX_POINT('',#985) ;
#1015=VERTEX_POINT('',#1014) ;
#1017=VERTEX_POINT('',#1016) ;
#1024=VERTEX_POINT('',#1023) ;
#1031=VERTEX_POINT('',#1030) ;
#1076=VERTEX_POINT('',#1075) ;
#1078=VERTEX_POINT('',#1077) ;
#1118=VERTEX_POINT('',#1117) ;
#1120=VERTEX_POINT('',#1119) ;
#1145=VERTEX_POINT('',#1144) ;
#1152=VERTEX_POINT('',#1151) ;
#1159=VERTEX_POINT('',#1158) ;
#1177=VERTEX_POINT('',#1176) ;
#1184=VERTEX_POINT('',#1183) ;
#1222=VERTEX_POINT('',#1221) ;
#1224=VERTEX_POINT('',#1223) ;
#1240=VERTEX_POINT('',#1239) ;
#1247=VERTEX_POINT('',#1246) ;
#1268=VERTEX_POINT('',#1267) ;
#1289=VERTEX_POINT('',#1288) ;
#1319=VERTEX_POINT('',#1318) ;
#1357=VERTEX_POINT('',#1356) ;
#1403=VERTEX_POINT('',#1402) ;
#1405=VERTEX_POINT('',#1404) ;
#1484=VERTEX_POINT('',#1483) ;
#1486=VERTEX_POINT('',#1485) ;
#1493=VERTEX_POINT('',#1492) ;
#1500=VERTEX_POINT('',#1499) ;
#1545=VERTEX_POINT('',#1544) ;
#1547=VERTEX_POINT('',#1546) ;
#1587=VERTEX_POINT('',#1586) ;
#1589=VERTEX_POINT('',#1588) ;
#1614=VERTEX_POINT('',#1613) ;
#1621=VERTEX_POINT('',#1620) ;
#1636=VERTEX_POINT('',#1635) ;
#1643=VERTEX_POINT('',#1642) ;
#1671=VERTEX_POINT('',#1670) ;
#1673=VERTEX_POINT('',#1672) ;
#1680=VERTEX_POINT('',#1679) ;
#1698=VERTEX_POINT('',#1697) ;
#1705=VERTEX_POINT('',#1704) ;
#1712=VERTEX_POINT('',#1711) ;
#1737=VERTEX_POINT('',#1736) ;
#1793=VERTEX_POINT('',#1792) ;
#1828=VERTEX_POINT('',#1827) ;
#1872=VERTEX_POINT('',#1871) ;
#1874=VERTEX_POINT('',#1873) ;
#1953=VERTEX_POINT('',#1952) ;
#1955=VERTEX_POINT('',#1954) ;
#1962=VERTEX_POINT('',#1961) ;
#1969=VERTEX_POINT('',#1968) ;
#1993=VERTEX_POINT('',#1992) ;
#2000=VERTEX_POINT('',#1999) ;
#2077=VERTEX_POINT('',#2076) ;
#2087=VERTEX_POINT('',#2086) ;
#2236=VERTEX_POINT('',#2235) ;
#2245=VERTEX_POINT('',#2244) ;
#2287=VERTEX_POINT('',#2286) ;
#2294=VERTEX_POINT('',#2293) ;
#2380=VERTEX_POINT('',#2379) ;
#2389=VERTEX_POINT('',#2388) ;
#2460=VERTEX_POINT('',#2459) ;
#2470=VERTEX_POINT('',#2469) ;
#2580=VERTEX_POINT('',#2579) ;
#2590=VERTEX_POINT('',#2589) ;
#2620=VERTEX_POINT('',#2619) ;
#2627=VERTEX_POINT('',#2626) ;
#2673=VERTEX_POINT('',#2672) ;
#2675=VERTEX_POINT('',#2674) ;
#2682=VERTEX_POINT('',#2681) ;
#2689=VERTEX_POINT('',#2688) ;
#2799=VERTEX_POINT('',#2798) ;
#2809=VERTEX_POINT('',#2808) ;
#2880=VERTEX_POINT('',#2879) ;
#2889=VERTEX_POINT('',#2888) ;
#2978=VERTEX_POINT('',#2977) ;
#2987=VERTEX_POINT('',#2986) ;
#3020=VERTEX_POINT('',#3019) ;
#3027=VERTEX_POINT('',#3026) ;
#3170=VERTEX_POINT('',#3169) ;
#3180=VERTEX_POINT('',#3179) ;
#3272=VERTEX_POINT('',#3271) ;
#3282=VERTEX_POINT('',#3281) ;
#3309=VERTEX_POINT('',#3308) ;
#3316=VERTEX_POINT('',#3315) ;
#3340=VERTEX_POINT('',#3339) ;
#3347=VERTEX_POINT('',#3346) ;
#3473=VERTEX_POINT('',#3472) ;
#3475=VERTEX_POINT('',#3474) ;
#3491=VERTEX_POINT('',#3490) ;
#3501=VERTEX_POINT('',#3500) ;
#3534=VERTEX_POINT('',#3533) ;
#3541=VERTEX_POINT('',#3540) ;
#3565=VERTEX_POINT('',#3564) ;
#3572=VERTEX_POINT('',#3571) ;
#3682=VERTEX_POINT('',#3681) ;
#3692=VERTEX_POINT('',#3691) ;
#3811=VERTEX_POINT('',#3810) ;
#3821=VERTEX_POINT('',#3820) ;
#3854=VERTEX_POINT('',#3853) ;
#3861=VERTEX_POINT('',#3860) ;
#3885=VERTEX_POINT('',#3884) ;
#3892=VERTEX_POINT('',#3891) ;
#4033=VERTEX_POINT('',#4032) ;
#4040=VERTEX_POINT('',#4039) ;
#4047=VERTEX_POINT('',#4046) ;
#4067=VERTEX_POINT('',#4066) ;
#4074=VERTEX_POINT('',#4073) ;
#4099=VERTEX_POINT('',#4098) ;
#4101=VERTEX_POINT('',#4100) ;
#4108=VERTEX_POINT('',#4107) ;
#4115=VERTEX_POINT('',#4114) ;
#4139=VERTEX_POINT('',#4138) ;
#4146=VERTEX_POINT('',#4145) ;
#4170=VERTEX_POINT('',#4169) ;
#4177=VERTEX_POINT('',#4176) ;
#4201=VERTEX_POINT('',#4200) ;
#4208=VERTEX_POINT('',#4207) ;
#4392=VERTEX_POINT('',#4391) ;
#4437=VERTEX_POINT('',#4436) ;
#4461=VERTEX_POINT('',#4460) ;
#4485=VERTEX_POINT('',#4484) ;
#4509=VERTEX_POINT('',#4508) ;
#4728=VERTEX_POINT('',#4727) ;
#4735=VERTEX_POINT('',#4734) ;
#4757=VERTEX_POINT('',#4756) ;
#4764=VERTEX_POINT('',#4763) ;
#4794=VERTEX_POINT('',#4793) ;
#4796=VERTEX_POINT('',#4795) ;
#4820=VERTEX_POINT('',#4819) ;
#4822=VERTEX_POINT('',#4821) ;
#4851=VERTEX_POINT('',#4850) ;
#4853=VERTEX_POINT('',#4852) ;
#4860=VERTEX_POINT('',#4859) ;
#4877=VERTEX_POINT('',#4876) ;
#4884=VERTEX_POINT('',#4883) ;
#4954=VERTEX_POINT('',#4953) ;
#4956=VERTEX_POINT('',#4955) ;
#4963=VERTEX_POINT('',#4962) ;
#4980=VERTEX_POINT('',#4979) ;
#4987=VERTEX_POINT('',#4986) ;
#5057=VERTEX_POINT('',#5056) ;
#5064=VERTEX_POINT('',#5063) ;
#5071=VERTEX_POINT('',#5070) ;
#5091=VERTEX_POINT('',#5090) ;
#5098=VERTEX_POINT('',#5097) ;
#5118=VERTEX_POINT('',#5117) ;
#5125=VERTEX_POINT('',#5124) ;
#5145=VERTEX_POINT('',#5144) ;
#5238=VERTEX_POINT('',#5237) ;
#5245=VERTEX_POINT('',#5244) ;
#5270=VERTEX_POINT('',#5269) ;
#5350=VERTEX_POINT('',#5349) ;
#5430=VERTEX_POINT('',#5429) ;
#5513=VERTEX_POINT('',#5512) ;
#5593=VERTEX_POINT('',#5592) ;
#5606=VERTEX_POINT('',#5605) ;
#5689=VERTEX_POINT('',#5688) ;
#5775=VERTEX_POINT('',#5774) ;
#5802=VERTEX_POINT('',#5801) ;
#5826=VERTEX_POINT('',#5825) ;
#5851=VERTEX_POINT('',#5850) ;
#5931=VERTEX_POINT('',#5930) ;
#5957=VERTEX_POINT('',#5956) ;
#6037=VERTEX_POINT('',#6036) ;
#6064=VERTEX_POINT('',#6063) ;
#6088=VERTEX_POINT('',#6087) ;
#6095=VERTEX_POINT('',#6094) ;
#6175=VERTEX_POINT('',#6174) ;
#6201=VERTEX_POINT('',#6200) ;
#6281=VERTEX_POINT('',#6280) ;
#6325=VERTEX_POINT('',#6324) ;
#6351=VERTEX_POINT('',#6350) ;
#6377=VERTEX_POINT('',#6376) ;
#6384=VERTEX_POINT('',#6383) ;
#6391=VERTEX_POINT('',#6390) ;
#6418=VERTEX_POINT('',#6417) ;
#6420=VERTEX_POINT('',#6419) ;
#6429=VERTEX_POINT('',#6428) ;
#6437=VERTEX_POINT('',#6436) ;
#6446=VERTEX_POINT('',#6445) ;
#6453=VERTEX_POINT('',#6452) ;
#6485=VERTEX_POINT('',#6484) ;
#6494=VERTEX_POINT('',#6493) ;
#6514=VERTEX_POINT('',#6513) ;
#6523=VERTEX_POINT('',#6522) ;
#6531=VERTEX_POINT('',#6530) ;
#6540=VERTEX_POINT('',#6539) ;
#6547=VERTEX_POINT('',#6546) ;
#6579=VERTEX_POINT('',#6578) ;
#6617=VERTEX_POINT('',#6616) ;
#6645=VERTEX_POINT('',#6644) ;
#6658=VERTEX_POINT('',#6657) ;
#6665=VERTEX_POINT('',#6664) ;
#6716=VERTEX_POINT('',#6715) ;
#6723=VERTEX_POINT('',#6722) ;
#6736=VERTEX_POINT('',#6735) ;
#6775=VERTEX_POINT('',#6774) ;
#6782=VERTEX_POINT('',#6781) ;
#6789=VERTEX_POINT('',#6788) ;
#6814=VERTEX_POINT('',#6813) ;
#6890=VERTEX_POINT('',#6889) ;
#6955=VERTEX_POINT('',#6954) ;
#7035=VERTEX_POINT('',#7034) ;
#7118=VERTEX_POINT('',#7117) ;
#7128=VERTEX_POINT('',#7127) ;
#7192=VERTEX_POINT('',#7191) ;
#7275=VERTEX_POINT('',#7274) ;
#7305=VERTEX_POINT('',#7304) ;
#7329=VERTEX_POINT('',#7328) ;
#7336=VERTEX_POINT('',#7335) ;
#7361=VERTEX_POINT('',#7360) ;
#7438=VERTEX_POINT('',#7437) ;
#7468=VERTEX_POINT('',#7467) ;
#7545=VERTEX_POINT('',#7544) ;
#7628=VERTEX_POINT('',#7627) ;
#7711=VERTEX_POINT('',#7710) ;
#7721=VERTEX_POINT('',#7720) ;
#7801=VERTEX_POINT('',#7800) ;
#7831=VERTEX_POINT('',#7830) ;
#7908=VERTEX_POINT('',#7907) ;
#7955=VERTEX_POINT('',#7954) ;
#7981=VERTEX_POINT('',#7980) ;
#8007=VERTEX_POINT('',#8006) ;
#8009=VERTEX_POINT('',#8008) ;
#8041=VERTEX_POINT('',#8040) ;
#8068=VERTEX_POINT('',#8067) ;
#8075=VERTEX_POINT('',#8074) ;
#8100=VERTEX_POINT('',#8099) ;
#8102=VERTEX_POINT('',#8101) ;
#8135=VERTEX_POINT('',#8134) ;
#8160=VERTEX_POINT('',#8159) ;
#8185=VERTEX_POINT('',#8184) ;
#8226=VERTEX_POINT('',#8225) ;
#8238=VERTEX_POINT('',#8237) ;
#8245=VERTEX_POINT('',#8244) ;
#8252=VERTEX_POINT('',#8251) ;
#8259=VERTEX_POINT('',#8258) ;
#8266=VERTEX_POINT('',#8265) ;
#8273=VERTEX_POINT('',#8272) ;
#8323=VERTEX_POINT('',#8322) ;
#8330=VERTEX_POINT('',#8329) ;
#8340=VERTEX_POINT('',#8339) ;
#8729=VERTEX_POINT('',#8728) ;
#8731=VERTEX_POINT('',#8730) ;
#8741=VERTEX_POINT('',#8740) ;
#8771=VERTEX_POINT('',#8770) ;
#8796=VERTEX_POINT('',#8795) ;
#8820=VERTEX_POINT('',#8819) ;
#8847=VERTEX_POINT('',#8846) ;
#8871=VERTEX_POINT('',#8870) ;
#8895=VERTEX_POINT('',#8894) ;
#8905=VERTEX_POINT('',#8904) ;
#8948=VERTEX_POINT('',#8947) ;
#8970=VERTEX_POINT('',#8969) ;
#8978=VERTEX_POINT('',#8977) ;
#8988=VERTEX_POINT('',#8987) ;
#8995=VERTEX_POINT('',#8994) ;
#9028=VERTEX_POINT('',#9027) ;
#9035=VERTEX_POINT('',#9034) ;
#9042=VERTEX_POINT('',#9041) ;
#9049=VERTEX_POINT('',#9048) ;
#9056=VERTEX_POINT('',#9055) ;
#9449=VERTEX_POINT('',#9448) ;
#9451=VERTEX_POINT('',#9450) ;
#9481=VERTEX_POINT('',#9480) ;
#9500=VERTEX_POINT('',#9499) ;
#9527=VERTEX_POINT('',#9526) ;
#9552=VERTEX_POINT('',#9551) ;
#9559=VERTEX_POINT('',#9558) ;
#9583=VERTEX_POINT('',#9582) ;
#9686=VERTEX_POINT('',#9685) ;
#9775=VERTEX_POINT('',#9774) ;
#9784=VERTEX_POINT('',#9783) ;
#9873=VERTEX_POINT('',#9872) ;
#9882=VERTEX_POINT('',#9881) ;
#10001=VERTEX_POINT('',#10000) ;
#10011=VERTEX_POINT('',#10010) ;
#10044=VERTEX_POINT('',#10043) ;
#10051=VERTEX_POINT('',#10050) ;
#10075=VERTEX_POINT('',#10074) ;
#10082=VERTEX_POINT('',#10081) ;
#10192=VERTEX_POINT('',#10191) ;
#10201=VERTEX_POINT('',#10200) ;
#10293=VERTEX_POINT('',#10292) ;
#10302=VERTEX_POINT('',#10301) ;
#10401=VERTEX_POINT('',#10400) ;
#10539=VERTEX_POINT('',#10538) ;
#10541=VERTEX_POINT('',#10540) ;
#10548=VERTEX_POINT('',#10547) ;
#10580=VERTEX_POINT('',#10579) ;
#10582=VERTEX_POINT('',#10581) ;
#10604=VERTEX_POINT('',#10603) ;
#10633=VERTEX_POINT('',#10632) ;
#10642=VERTEX_POINT('',#10641) ;
#10667=VERTEX_POINT('',#10666) ;
#10674=VERTEX_POINT('',#10673) ;
#10702=VERTEX_POINT('',#10701) ;
#10724=VERTEX_POINT('',#10723) ;
#10733=VERTEX_POINT('',#10732) ;
#10758=VERTEX_POINT('',#10757) ;
#10780=VERTEX_POINT('',#10779) ;
#10782=VERTEX_POINT('',#10781) ;
#10791=VERTEX_POINT('',#10790) ;
#10816=VERTEX_POINT('',#10815) ;
#10835=VERTEX_POINT('',#10834) ;
#10856=VERTEX_POINT('',#10855) ;
#10858=VERTEX_POINT('',#10857) ;
#10887=VERTEX_POINT('',#10886) ;
#10889=VERTEX_POINT('',#10888) ;
#10898=VERTEX_POINT('',#10897) ;
#10923=VERTEX_POINT('',#10922) ;
#10942=VERTEX_POINT('',#10941) ;
#10962=VERTEX_POINT('',#10961) ;
#10964=VERTEX_POINT('',#10963) ;
#11939=VERTEX_POINT('',#11938) ;
#11941=VERTEX_POINT('',#11940) ;
#11967=VERTEX_POINT('',#11966) ;
#11969=VERTEX_POINT('',#11968) ;
#12054=VERTEX_POINT('',#12053) ;
#12056=VERTEX_POINT('',#12055) ;
#12082=VERTEX_POINT('',#12081) ;
#12084=VERTEX_POINT('',#12083) ;
#41=(LENGTH_UNIT()NAMED_UNIT(*)SI_UNIT(.MILLI.,.METRE.)) ;
#42=(NAMED_UNIT(*)PLANE_ANGLE_UNIT()SI_UNIT($,.RADIAN.)) ;
#44=(NAMED_UNIT(*)SI_UNIT($,.STERADIAN.)SOLID_ANGLE_UNIT()) ;
#46=(GEOMETRIC_REPRESENTATION_CONTEXT(3)GLOBAL_UNCERTAINTY_ASSIGNED_CONTEXT((#45))GLOBAL_UNIT_ASSIGNED_CONTEXT((#41,#42,#44))REPRESENTATION_CONTEXT(' ',' ')) ;
ENDSEC;
END-ISO-10303-21;
