ISO-10303-21;
HEADER;
FILE_DESCRIPTION(('Open CASCADE Model'),'2;1');
FILE_NAME('Open CASCADE Shape Model','2026-10-03T00:44:07',('Author'),(
    'Open CASCADE'),'Open CASCADE STEP processor 7.9','Open CASCADE 7.9'
  ,'Unknown');
FILE_SCHEMA(('AUTOMOTIVE_DESIGN { 1 0 10303 214 1 1 1 1 }'));
ENDSEC;
DATA;
#1 = APPLICATION_PROTOCOL_DEFINITION('international standard',
  'automotive_design',2000,#2);
#2 = APPLICATION_CONTEXT(
  'core data for automotive mechanical design processes');
#3 = SHAPE_DEFINITION_REPRESENTATION(#4,#10);
#4 = PRODUCT_DEFINITION_SHAPE('','',#5);
#5 = PRODUCT_DEFINITION('design','',#6,#9);
#6 = PRODUCT_DEFINITION_FORMATION('','',#7);
#7 = PRODUCT('HEADER TANK LLDPE ROTOMOULDED 2',
  'HEADER TANK LLDPE ROTOMOULDED 2','',(#8));
#8 = PRODUCT_CONTEXT('',#2,'mechanical');
#9 = PRODUCT_DEFINITION_CONTEXT('part definition',#2,'design');
#10 = ADVANCED_BREP_SHAPE_REPRESENTATION('',(#11,#15),#2834);
#11 = AXIS2_PLACEMENT_3D('',#12,#13,#14);
#12 = CARTESIAN_POINT('',(0.,0.,0.));
#13 = DIRECTION('',(0.,0.,1.));
#14 = DIRECTION('',(1.,0.,-0.));
#15 = MANIFOLD_SOLID_BREP('',#16);
#16 = CLOSED_SHELL('',(#17,#105,#223,#258,#344,#423,#502,#578,#633,#665,
    #746,#771,#852,#879,#960,#985,#1061,#1096,#1129,#1208,#1236,#1308,
    #1336,#1408,#1436,#1501,#1619,#1625,#1632,#1638,#1644,#1650,#1736,
    #1815,#1894,#1970,#2002,#2083,#2108,#2189,#2216,#2297,#2322,#2398,
    #2431,#2510,#2538,#2610,#2638,#2710,#2738,#2803,#2809,#2816,#2822,
    #2828));
#17 = ADVANCED_FACE('',(#18),#32,.T.);
#18 = FACE_BOUND('',#19,.T.);
#19 = EDGE_LOOP('',(#20,#50,#77,#78));
#20 = ORIENTED_EDGE('',*,*,#21,.T.);
#21 = EDGE_CURVE('',#22,#24,#26,.T.);
#22 = VERTEX_POINT('',#23);
#23 = CARTESIAN_POINT('',(90.,80.,140.));
#24 = VERTEX_POINT('',#25);
#25 = CARTESIAN_POINT('',(90.,80.,170.));
#26 = SEAM_CURVE('',#27,(#31,#43),.PCURVE_S1.);
#27 = LINE('',#28,#29);
#28 = CARTESIAN_POINT('',(90.,80.,136.));
#29 = VECTOR('',#30,1.);
#30 = DIRECTION('',(0.,0.,1.));
#31 = PCURVE('',#32,#37);
#32 = CYLINDRICAL_SURFACE('',#33,20.);
#33 = AXIS2_PLACEMENT_3D('',#34,#35,#36);
#34 = CARTESIAN_POINT('',(70.,80.,136.));
#35 = DIRECTION('',(0.,0.,1.));
#36 = DIRECTION('',(1.,0.,-0.));
#37 = DEFINITIONAL_REPRESENTATION('',(#38),#42);
#38 = LINE('',#39,#40);
#39 = CARTESIAN_POINT('',(6.28318530718,-0.));
#40 = VECTOR('',#41,1.);
#41 = DIRECTION('',(0.,1.));
#42 = ( GEOMETRIC_REPRESENTATION_CONTEXT(2) 
PARAMETRIC_REPRESENTATION_CONTEXT() REPRESENTATION_CONTEXT('2D SPACE',''
  ) );
#43 = PCURVE('',#32,#44);
#44 = DEFINITIONAL_REPRESENTATION('',(#45),#49);
#45 = LINE('',#46,#47);
#46 = CARTESIAN_POINT('',(0.,-0.));
#47 = VECTOR('',#48,1.);
#48 = DIRECTION('',(0.,1.));
#49 = ( GEOMETRIC_REPRESENTATION_CONTEXT(2) 
PARAMETRIC_REPRESENTATION_CONTEXT() REPRESENTATION_CONTEXT('2D SPACE',''
  ) );
#50 = ORIENTED_EDGE('',*,*,#51,.F.);
#51 = EDGE_CURVE('',#24,#24,#52,.T.);
#52 = SURFACE_CURVE('',#53,(#58,#65),.PCURVE_S1.);
#53 = CIRCLE('',#54,20.);
#54 = AXIS2_PLACEMENT_3D('',#55,#56,#57);
#55 = CARTESIAN_POINT('',(70.,80.,170.));
#56 = DIRECTION('',(0.,0.,1.));
#57 = DIRECTION('',(1.,0.,-0.));
#58 = PCURVE('',#32,#59);
#59 = DEFINITIONAL_REPRESENTATION('',(#60),#64);
#60 = LINE('',#61,#62);
#61 = CARTESIAN_POINT('',(0.,34.));
#62 = VECTOR('',#63,1.);
#63 = DIRECTION('',(1.,0.));
#64 = ( GEOMETRIC_REPRESENTATION_CONTEXT(2) 
PARAMETRIC_REPRESENTATION_CONTEXT() REPRESENTATION_CONTEXT('2D SPACE',''
  ) );
#65 = PCURVE('',#66,#71);
#66 = PLANE('',#67);
#67 = AXIS2_PLACEMENT_3D('',#68,#69,#70);
#68 = CARTESIAN_POINT('',(70.,80.,170.));
#69 = DIRECTION('',(0.,0.,1.));
#70 = DIRECTION('',(1.,0.,-0.));
#71 = DEFINITIONAL_REPRESENTATION('',(#72),#76);
#72 = CIRCLE('',#73,20.);
#73 = AXIS2_PLACEMENT_2D('',#74,#75);
#74 = CARTESIAN_POINT('',(0.,0.));
#75 = DIRECTION('',(1.,0.));
#76 = ( GEOMETRIC_REPRESENTATION_CONTEXT(2) 
PARAMETRIC_REPRESENTATION_CONTEXT() REPRESENTATION_CONTEXT('2D SPACE',''
  ) );
#77 = ORIENTED_EDGE('',*,*,#21,.F.);
#78 = ORIENTED_EDGE('',*,*,#79,.T.);
#79 = EDGE_CURVE('',#22,#22,#80,.T.);
#80 = SURFACE_CURVE('',#81,(#86,#93),.PCURVE_S1.);
#81 = CIRCLE('',#82,20.);
#82 = AXIS2_PLACEMENT_3D('',#83,#84,#85);
#83 = CARTESIAN_POINT('',(70.,80.,140.));
#84 = DIRECTION('',(0.,0.,1.));
#85 = DIRECTION('',(1.,0.,-0.));
#86 = PCURVE('',#32,#87);
#87 = DEFINITIONAL_REPRESENTATION('',(#88),#92);
#88 = LINE('',#89,#90);
#89 = CARTESIAN_POINT('',(0.,4.));
#90 = VECTOR('',#91,1.);
#91 = DIRECTION('',(1.,0.));
#92 = ( GEOMETRIC_REPRESENTATION_CONTEXT(2) 
PARAMETRIC_REPRESENTATION_CONTEXT() REPRESENTATION_CONTEXT('2D SPACE',''
  ) );
#93 = PCURVE('',#94,#99);
#94 = PLANE('',#95);
#95 = AXIS2_PLACEMENT_3D('',#96,#97,#98);
#96 = CARTESIAN_POINT('',(0.,0.,140.));
#97 = DIRECTION('',(0.,0.,1.));
#98 = DIRECTION('',(1.,0.,-0.));
#99 = DEFINITIONAL_REPRESENTATION('',(#100),#104);
#100 = CIRCLE('',#101,20.);
#101 = AXIS2_PLACEMENT_2D('',#102,#103);
#102 = CARTESIAN_POINT('',(70.,80.));
#103 = DIRECTION('',(1.,0.));
#104 = ( GEOMETRIC_REPRESENTATION_CONTEXT(2) 
PARAMETRIC_REPRESENTATION_CONTEXT() REPRESENTATION_CONTEXT('2D SPACE',''
  ) );
#105 = ADVANCED_FACE('',(#106,#220),#94,.T.);
#106 = FACE_BOUND('',#107,.T.);
#107 = EDGE_LOOP('',(#108,#138,#166,#194));
#108 = ORIENTED_EDGE('',*,*,#109,.F.);
#109 = EDGE_CURVE('',#110,#112,#114,.T.);
#110 = VERTEX_POINT('',#111);
#111 = CARTESIAN_POINT('',(15.,15.,140.));
#112 = VERTEX_POINT('',#113);
#113 = CARTESIAN_POINT('',(15.,145.,140.));
#114 = SURFACE_CURVE('',#115,(#119,#126),.PCURVE_S1.);
#115 = LINE('',#116,#117);
#116 = CARTESIAN_POINT('',(15.,0.,140.));
#117 = VECTOR('',#118,1.);
#118 = DIRECTION('',(-0.,1.,0.));
#119 = PCURVE('',#94,#120);
#120 = DEFINITIONAL_REPRESENTATION('',(#121),#125);
#121 = LINE('',#122,#123);
#122 = CARTESIAN_POINT('',(15.,0.));
#123 = VECTOR('',#124,1.);
#124 = DIRECTION('',(0.,1.));
#125 = ( GEOMETRIC_REPRESENTATION_CONTEXT(2) 
PARAMETRIC_REPRESENTATION_CONTEXT() REPRESENTATION_CONTEXT('2D SPACE',''
  ) );
#126 = PCURVE('',#127,#132);
#127 = CYLINDRICAL_SURFACE('',#128,15.);
#128 = AXIS2_PLACEMENT_3D('',#129,#130,#131);
#129 = CARTESIAN_POINT('',(15.,0.,125.));
#130 = DIRECTION('',(-0.,1.,0.));
#131 = DIRECTION('',(-1.,-0.,0.));
#132 = DEFINITIONAL_REPRESENTATION('',(#133),#137);
#133 = LINE('',#134,#135);
#134 = CARTESIAN_POINT('',(1.570796326795,0.));
#135 = VECTOR('',#136,1.);
#136 = DIRECTION('',(0.,1.));
#137 = ( GEOMETRIC_REPRESENTATION_CONTEXT(2) 
PARAMETRIC_REPRESENTATION_CONTEXT() REPRESENTATION_CONTEXT('2D SPACE',''
  ) );
#138 = ORIENTED_EDGE('',*,*,#139,.T.);
#139 = EDGE_CURVE('',#110,#140,#142,.T.);
#140 = VERTEX_POINT('',#141);
#141 = CARTESIAN_POINT('',(225.,15.,140.));
#142 = SURFACE_CURVE('',#143,(#147,#154),.PCURVE_S1.);
#143 = LINE('',#144,#145);
#144 = CARTESIAN_POINT('',(0.,15.,140.));
#145 = VECTOR('',#146,1.);
#146 = DIRECTION('',(1.,0.,-0.));
#147 = PCURVE('',#94,#148);
#148 = DEFINITIONAL_REPRESENTATION('',(#149),#153);
#149 = LINE('',#150,#151);
#150 = CARTESIAN_POINT('',(0.,15.));
#151 = VECTOR('',#152,1.);
#152 = DIRECTION('',(1.,0.));
#153 = ( GEOMETRIC_REPRESENTATION_CONTEXT(2) 
PARAMETRIC_REPRESENTATION_CONTEXT() REPRESENTATION_CONTEXT('2D SPACE',''
  ) );
#154 = PCURVE('',#155,#160);
#155 = CYLINDRICAL_SURFACE('',#156,15.);
#156 = AXIS2_PLACEMENT_3D('',#157,#158,#159);
#157 = CARTESIAN_POINT('',(0.,15.,125.));
#158 = DIRECTION('',(1.,0.,-0.));
#159 = DIRECTION('',(0.,-1.,0.));
#160 = DEFINITIONAL_REPRESENTATION('',(#161),#165);
#161 = LINE('',#162,#163);
#162 = CARTESIAN_POINT('',(-1.570796326795,0.));
#163 = VECTOR('',#164,1.);
#164 = DIRECTION('',(-0.,1.));
#165 = ( GEOMETRIC_REPRESENTATION_CONTEXT(2) 
PARAMETRIC_REPRESENTATION_CONTEXT() REPRESENTATION_CONTEXT('2D SPACE',''
  ) );
#166 = ORIENTED_EDGE('',*,*,#167,.T.);
#167 = EDGE_CURVE('',#140,#168,#170,.T.);
#168 = VERTEX_POINT('',#169);
#169 = CARTESIAN_POINT('',(225.,145.,140.));
#170 = SURFACE_CURVE('',#171,(#175,#182),.PCURVE_S1.);
#171 = LINE('',#172,#173);
#172 = CARTESIAN_POINT('',(225.,0.,140.));
#173 = VECTOR('',#174,1.);
#174 = DIRECTION('',(-0.,1.,0.));
#175 = PCURVE('',#94,#176);
#176 = DEFINITIONAL_REPRESENTATION('',(#177),#181);
#177 = LINE('',#178,#179);
#178 = CARTESIAN_POINT('',(225.,0.));
#179 = VECTOR('',#180,1.);
#180 = DIRECTION('',(0.,1.));
#181 = ( GEOMETRIC_REPRESENTATION_CONTEXT(2) 
PARAMETRIC_REPRESENTATION_CONTEXT() REPRESENTATION_CONTEXT('2D SPACE',''
  ) );
#182 = PCURVE('',#183,#188);
#183 = CYLINDRICAL_SURFACE('',#184,15.);
#184 = AXIS2_PLACEMENT_3D('',#185,#186,#187);
#185 = CARTESIAN_POINT('',(225.,0.,125.));
#186 = DIRECTION('',(-0.,1.,0.));
#187 = DIRECTION('',(1.,0.,-0.));
#188 = DEFINITIONAL_REPRESENTATION('',(#189),#193);
#189 = LINE('',#190,#191);
#190 = CARTESIAN_POINT('',(-1.570796326795,0.));
#191 = VECTOR('',#192,1.);
#192 = DIRECTION('',(-0.,1.));
#193 = ( GEOMETRIC_REPRESENTATION_CONTEXT(2) 
PARAMETRIC_REPRESENTATION_CONTEXT() REPRESENTATION_CONTEXT('2D SPACE',''
  ) );
#194 = ORIENTED_EDGE('',*,*,#195,.F.);
#195 = EDGE_CURVE('',#112,#168,#196,.T.);
#196 = SURFACE_CURVE('',#197,(#201,#208),.PCURVE_S1.);
#197 = LINE('',#198,#199);
#198 = CARTESIAN_POINT('',(0.,145.,140.));
#199 = VECTOR('',#200,1.);
#200 = DIRECTION('',(1.,0.,-0.));
#201 = PCURVE('',#94,#202);
#202 = DEFINITIONAL_REPRESENTATION('',(#203),#207);
#203 = LINE('',#204,#205);
#204 = CARTESIAN_POINT('',(0.,145.));
#205 = VECTOR('',#206,1.);
#206 = DIRECTION('',(1.,0.));
#207 = ( GEOMETRIC_REPRESENTATION_CONTEXT(2) 
PARAMETRIC_REPRESENTATION_CONTEXT() REPRESENTATION_CONTEXT('2D SPACE',''
  ) );
#208 = PCURVE('',#209,#214);
#209 = CYLINDRICAL_SURFACE('',#210,15.);
#210 = AXIS2_PLACEMENT_3D('',#211,#212,#213);
#211 = CARTESIAN_POINT('',(0.,145.,125.));
#212 = DIRECTION('',(1.,0.,-0.));
#213 = DIRECTION('',(0.,1.,0.));
#214 = DEFINITIONAL_REPRESENTATION('',(#215),#219);
#215 = LINE('',#216,#217);
#216 = CARTESIAN_POINT('',(1.570796326795,0.));
#217 = VECTOR('',#218,1.);
#218 = DIRECTION('',(0.,1.));
#219 = ( GEOMETRIC_REPRESENTATION_CONTEXT(2) 
PARAMETRIC_REPRESENTATION_CONTEXT() REPRESENTATION_CONTEXT('2D SPACE',''
  ) );
#220 = FACE_BOUND('',#221,.T.);
#221 = EDGE_LOOP('',(#222));
#222 = ORIENTED_EDGE('',*,*,#79,.F.);
#223 = ADVANCED_FACE('',(#224,#227),#66,.T.);
#224 = FACE_BOUND('',#225,.T.);
#225 = EDGE_LOOP('',(#226));
#226 = ORIENTED_EDGE('',*,*,#51,.T.);
#227 = FACE_BOUND('',#228,.T.);
#228 = EDGE_LOOP('',(#229));
#229 = ORIENTED_EDGE('',*,*,#230,.F.);
#230 = EDGE_CURVE('',#231,#231,#233,.T.);
#231 = VERTEX_POINT('',#232);
#232 = CARTESIAN_POINT('',(86.,80.,170.));
#233 = SURFACE_CURVE('',#234,(#239,#246),.PCURVE_S1.);
#234 = CIRCLE('',#235,16.);
#235 = AXIS2_PLACEMENT_3D('',#236,#237,#238);
#236 = CARTESIAN_POINT('',(70.,80.,170.));
#237 = DIRECTION('',(0.,0.,1.));
#238 = DIRECTION('',(1.,0.,-0.));
#239 = PCURVE('',#66,#240);
#240 = DEFINITIONAL_REPRESENTATION('',(#241),#245);
#241 = CIRCLE('',#242,16.);
#242 = AXIS2_PLACEMENT_2D('',#243,#244);
#243 = CARTESIAN_POINT('',(0.,0.));
#244 = DIRECTION('',(1.,0.));
#245 = ( GEOMETRIC_REPRESENTATION_CONTEXT(2) 
PARAMETRIC_REPRESENTATION_CONTEXT() REPRESENTATION_CONTEXT('2D SPACE',''
  ) );
#246 = PCURVE('',#247,#252);
#247 = CYLINDRICAL_SURFACE('',#248,16.);
#248 = AXIS2_PLACEMENT_3D('',#249,#250,#251);
#249 = CARTESIAN_POINT('',(70.,80.,132.));
#250 = DIRECTION('',(0.,0.,1.));
#251 = DIRECTION('',(1.,0.,-0.));
#252 = DEFINITIONAL_REPRESENTATION('',(#253),#257);
#253 = LINE('',#254,#255);
#254 = CARTESIAN_POINT('',(0.,38.));
#255 = VECTOR('',#256,1.);
#256 = DIRECTION('',(1.,0.));
#257 = ( GEOMETRIC_REPRESENTATION_CONTEXT(2) 
PARAMETRIC_REPRESENTATION_CONTEXT() REPRESENTATION_CONTEXT('2D SPACE',''
  ) );
#258 = ADVANCED_FACE('',(#259),#127,.T.);
#259 = FACE_BOUND('',#260,.T.);
#260 = EDGE_LOOP('',(#261,#288,#289,#318));
#261 = ORIENTED_EDGE('',*,*,#262,.F.);
#262 = EDGE_CURVE('',#110,#263,#265,.T.);
#263 = VERTEX_POINT('',#264);
#264 = CARTESIAN_POINT('',(-3.552713678801E-15,15.,125.));
#265 = SURFACE_CURVE('',#266,(#271,#277),.PCURVE_S1.);
#266 = CIRCLE('',#267,15.);
#267 = AXIS2_PLACEMENT_3D('',#268,#269,#270);
#268 = CARTESIAN_POINT('',(15.,15.,125.));
#269 = DIRECTION('',(0.,-1.,0.));
#270 = DIRECTION('',(-1.,0.,0.));
#271 = PCURVE('',#127,#272);
#272 = DEFINITIONAL_REPRESENTATION('',(#273),#276);
#273 = B_SPLINE_CURVE_WITH_KNOTS('',1,(#274,#275),.UNSPECIFIED.,.F.,.F.,
  (2,2),(4.712388980385,6.28318530718),.PIECEWISE_BEZIER_KNOTS.);
#274 = CARTESIAN_POINT('',(1.570796326795,15.));
#275 = CARTESIAN_POINT('',(0.,15.));
#276 = ( GEOMETRIC_REPRESENTATION_CONTEXT(2) 
PARAMETRIC_REPRESENTATION_CONTEXT() REPRESENTATION_CONTEXT('2D SPACE',''
  ) );
#277 = PCURVE('',#278,#283);
#278 = SPHERICAL_SURFACE('',#279,15.);
#279 = AXIS2_PLACEMENT_3D('',#280,#281,#282);
#280 = CARTESIAN_POINT('',(15.,15.,125.));
#281 = DIRECTION('',(-0.,-0.,-1.));
#282 = DIRECTION('',(-1.,0.,0.));
#283 = DEFINITIONAL_REPRESENTATION('',(#284),#287);
#284 = B_SPLINE_CURVE_WITH_KNOTS('',1,(#285,#286),.UNSPECIFIED.,.F.,.F.,
  (2,2),(4.712388980385,6.28318530718),.PIECEWISE_BEZIER_KNOTS.);
#285 = CARTESIAN_POINT('',(0.,-1.570796326795));
#286 = CARTESIAN_POINT('',(0.,0.));
#287 = ( GEOMETRIC_REPRESENTATION_CONTEXT(2) 
PARAMETRIC_REPRESENTATION_CONTEXT() REPRESENTATION_CONTEXT('2D SPACE',''
  ) );
#288 = ORIENTED_EDGE('',*,*,#109,.T.);
#289 = ORIENTED_EDGE('',*,*,#290,.F.);
#290 = EDGE_CURVE('',#291,#112,#293,.T.);
#291 = VERTEX_POINT('',#292);
#292 = CARTESIAN_POINT('',(-3.552713678801E-15,145.,125.));
#293 = SURFACE_CURVE('',#294,(#299,#306),.PCURVE_S1.);
#294 = CIRCLE('',#295,15.);
#295 = AXIS2_PLACEMENT_3D('',#296,#297,#298);
#296 = CARTESIAN_POINT('',(15.,145.,125.));
#297 = DIRECTION('',(-0.,1.,0.));
#298 = DIRECTION('',(-1.,-0.,0.));
#299 = PCURVE('',#127,#300);
#300 = DEFINITIONAL_REPRESENTATION('',(#301),#305);
#301 = LINE('',#302,#303);
#302 = CARTESIAN_POINT('',(0.,145.));
#303 = VECTOR('',#304,1.);
#304 = DIRECTION('',(1.,0.));
#305 = ( GEOMETRIC_REPRESENTATION_CONTEXT(2) 
PARAMETRIC_REPRESENTATION_CONTEXT() REPRESENTATION_CONTEXT('2D SPACE',''
  ) );
#306 = PCURVE('',#307,#312);
#307 = SPHERICAL_SURFACE('',#308,15.);
#308 = AXIS2_PLACEMENT_3D('',#309,#310,#311);
#309 = CARTESIAN_POINT('',(15.,145.,125.));
#310 = DIRECTION('',(0.,-1.,-0.));
#311 = DIRECTION('',(-1.,-0.,0.));
#312 = DEFINITIONAL_REPRESENTATION('',(#313),#317);
#313 = LINE('',#314,#315);
#314 = CARTESIAN_POINT('',(-0.,0.));
#315 = VECTOR('',#316,1.);
#316 = DIRECTION('',(-1.,0.));
#317 = ( GEOMETRIC_REPRESENTATION_CONTEXT(2) 
PARAMETRIC_REPRESENTATION_CONTEXT() REPRESENTATION_CONTEXT('2D SPACE',''
  ) );
#318 = ORIENTED_EDGE('',*,*,#319,.F.);
#319 = EDGE_CURVE('',#263,#291,#320,.T.);
#320 = SURFACE_CURVE('',#321,(#325,#332),.PCURVE_S1.);
#321 = LINE('',#322,#323);
#322 = CARTESIAN_POINT('',(-3.552713678801E-15,0.,125.));
#323 = VECTOR('',#324,1.);
#324 = DIRECTION('',(-0.,1.,0.));
#325 = PCURVE('',#127,#326);
#326 = DEFINITIONAL_REPRESENTATION('',(#327),#331);
#327 = LINE('',#328,#329);
#328 = CARTESIAN_POINT('',(0.,0.));
#329 = VECTOR('',#330,1.);
#330 = DIRECTION('',(0.,1.));
#331 = ( GEOMETRIC_REPRESENTATION_CONTEXT(2) 
PARAMETRIC_REPRESENTATION_CONTEXT() REPRESENTATION_CONTEXT('2D SPACE',''
  ) );
#332 = PCURVE('',#333,#338);
#333 = PLANE('',#334);
#334 = AXIS2_PLACEMENT_3D('',#335,#336,#337);
#335 = CARTESIAN_POINT('',(0.,0.,0.));
#336 = DIRECTION('',(1.,0.,-0.));
#337 = DIRECTION('',(0.,0.,1.));
#338 = DEFINITIONAL_REPRESENTATION('',(#339),#343);
#339 = LINE('',#340,#341);
#340 = CARTESIAN_POINT('',(125.,0.));
#341 = VECTOR('',#342,1.);
#342 = DIRECTION('',(0.,-1.));
#343 = ( GEOMETRIC_REPRESENTATION_CONTEXT(2) 
PARAMETRIC_REPRESENTATION_CONTEXT() REPRESENTATION_CONTEXT('2D SPACE',''
  ) );
#344 = ADVANCED_FACE('',(#345),#155,.T.);
#345 = FACE_BOUND('',#346,.F.);
#346 = EDGE_LOOP('',(#347,#369,#370,#397));
#347 = ORIENTED_EDGE('',*,*,#348,.F.);
#348 = EDGE_CURVE('',#110,#349,#351,.T.);
#349 = VERTEX_POINT('',#350);
#350 = CARTESIAN_POINT('',(15.,-3.552713678801E-15,125.));
#351 = SURFACE_CURVE('',#352,(#357,#363),.PCURVE_S1.);
#352 = CIRCLE('',#353,15.);
#353 = AXIS2_PLACEMENT_3D('',#354,#355,#356);
#354 = CARTESIAN_POINT('',(15.,15.,125.));
#355 = DIRECTION('',(1.,-6.123233995737E-17,0.));
#356 = DIRECTION('',(-6.123233995737E-17,-1.,0.));
#357 = PCURVE('',#155,#358);
#358 = DEFINITIONAL_REPRESENTATION('',(#359),#362);
#359 = B_SPLINE_CURVE_WITH_KNOTS('',1,(#360,#361),.UNSPECIFIED.,.F.,.F.,
  (2,2),(4.712388980385,6.28318530718),.PIECEWISE_BEZIER_KNOTS.);
#360 = CARTESIAN_POINT('',(-1.570796326795,15.));
#361 = CARTESIAN_POINT('',(0.,15.));
#362 = ( GEOMETRIC_REPRESENTATION_CONTEXT(2) 
PARAMETRIC_REPRESENTATION_CONTEXT() REPRESENTATION_CONTEXT('2D SPACE',''
  ) );
#363 = PCURVE('',#278,#364);
#364 = DEFINITIONAL_REPRESENTATION('',(#365),#368);
#365 = B_SPLINE_CURVE_WITH_KNOTS('',1,(#366,#367),.UNSPECIFIED.,.F.,.F.,
  (2,2),(4.712388980385,6.28318530718),.PIECEWISE_BEZIER_KNOTS.);
#366 = CARTESIAN_POINT('',(-1.570796326795,-1.570796326795));
#367 = CARTESIAN_POINT('',(-1.570796326795,0.));
#368 = ( GEOMETRIC_REPRESENTATION_CONTEXT(2) 
PARAMETRIC_REPRESENTATION_CONTEXT() REPRESENTATION_CONTEXT('2D SPACE',''
  ) );
#369 = ORIENTED_EDGE('',*,*,#139,.T.);
#370 = ORIENTED_EDGE('',*,*,#371,.T.);
#371 = EDGE_CURVE('',#140,#372,#374,.T.);
#372 = VERTEX_POINT('',#373);
#373 = CARTESIAN_POINT('',(225.,-3.552713678801E-15,125.));
#374 = SURFACE_CURVE('',#375,(#380,#386),.PCURVE_S1.);
#375 = CIRCLE('',#376,15.);
#376 = AXIS2_PLACEMENT_3D('',#377,#378,#379);
#377 = CARTESIAN_POINT('',(225.,15.,125.));
#378 = DIRECTION('',(1.,6.123233995737E-17,0.));
#379 = DIRECTION('',(6.123233995737E-17,-1.,0.));
#380 = PCURVE('',#155,#381);
#381 = DEFINITIONAL_REPRESENTATION('',(#382),#385);
#382 = B_SPLINE_CURVE_WITH_KNOTS('',1,(#383,#384),.UNSPECIFIED.,.F.,.F.,
  (2,2),(4.712388980385,6.28318530718),.PIECEWISE_BEZIER_KNOTS.);
#383 = CARTESIAN_POINT('',(-1.570796326795,225.));
#384 = CARTESIAN_POINT('',(0.,225.));
#385 = ( GEOMETRIC_REPRESENTATION_CONTEXT(2) 
PARAMETRIC_REPRESENTATION_CONTEXT() REPRESENTATION_CONTEXT('2D SPACE',''
  ) );
#386 = PCURVE('',#387,#392);
#387 = SPHERICAL_SURFACE('',#388,15.);
#388 = AXIS2_PLACEMENT_3D('',#389,#390,#391);
#389 = CARTESIAN_POINT('',(225.,15.,125.));
#390 = DIRECTION('',(-0.,-0.,-1.));
#391 = DIRECTION('',(1.,0.,0.));
#392 = DEFINITIONAL_REPRESENTATION('',(#393),#396);
#393 = B_SPLINE_CURVE_WITH_KNOTS('',1,(#394,#395),.UNSPECIFIED.,.F.,.F.,
  (2,2),(4.712388980385,6.28318530718),.PIECEWISE_BEZIER_KNOTS.);
#394 = CARTESIAN_POINT('',(1.570796326795,-1.570796326795));
#395 = CARTESIAN_POINT('',(1.570796326795,0.));
#396 = ( GEOMETRIC_REPRESENTATION_CONTEXT(2) 
PARAMETRIC_REPRESENTATION_CONTEXT() REPRESENTATION_CONTEXT('2D SPACE',''
  ) );
#397 = ORIENTED_EDGE('',*,*,#398,.F.);
#398 = EDGE_CURVE('',#349,#372,#399,.T.);
#399 = SURFACE_CURVE('',#400,(#404,#411),.PCURVE_S1.);
#400 = LINE('',#401,#402);
#401 = CARTESIAN_POINT('',(0.,-3.552713678801E-15,125.));
#402 = VECTOR('',#403,1.);
#403 = DIRECTION('',(1.,0.,-0.));
#404 = PCURVE('',#155,#405);
#405 = DEFINITIONAL_REPRESENTATION('',(#406),#410);
#406 = LINE('',#407,#408);
#407 = CARTESIAN_POINT('',(-0.,0.));
#408 = VECTOR('',#409,1.);
#409 = DIRECTION('',(-0.,1.));
#410 = ( GEOMETRIC_REPRESENTATION_CONTEXT(2) 
PARAMETRIC_REPRESENTATION_CONTEXT() REPRESENTATION_CONTEXT('2D SPACE',''
  ) );
#411 = PCURVE('',#412,#417);
#412 = PLANE('',#413);
#413 = AXIS2_PLACEMENT_3D('',#414,#415,#416);
#414 = CARTESIAN_POINT('',(0.,0.,0.));
#415 = DIRECTION('',(-0.,1.,0.));
#416 = DIRECTION('',(0.,0.,1.));
#417 = DEFINITIONAL_REPRESENTATION('',(#418),#422);
#418 = LINE('',#419,#420);
#419 = CARTESIAN_POINT('',(125.,0.));
#420 = VECTOR('',#421,1.);
#421 = DIRECTION('',(0.,1.));
#422 = ( GEOMETRIC_REPRESENTATION_CONTEXT(2) 
PARAMETRIC_REPRESENTATION_CONTEXT() REPRESENTATION_CONTEXT('2D SPACE',''
  ) );
#423 = ADVANCED_FACE('',(#424),#209,.T.);
#424 = FACE_BOUND('',#425,.T.);
#425 = EDGE_LOOP('',(#426,#448,#449,#476));
#426 = ORIENTED_EDGE('',*,*,#427,.T.);
#427 = EDGE_CURVE('',#428,#112,#430,.T.);
#428 = VERTEX_POINT('',#429);
#429 = CARTESIAN_POINT('',(15.,160.,125.));
#430 = SURFACE_CURVE('',#431,(#436,#442),.PCURVE_S1.);
#431 = CIRCLE('',#432,15.);
#432 = AXIS2_PLACEMENT_3D('',#433,#434,#435);
#433 = CARTESIAN_POINT('',(15.,145.,125.));
#434 = DIRECTION('',(1.,0.,6.123233995737E-17));
#435 = DIRECTION('',(-6.123233995737E-17,-0.,1.));
#436 = PCURVE('',#209,#437);
#437 = DEFINITIONAL_REPRESENTATION('',(#438),#441);
#438 = B_SPLINE_CURVE_WITH_KNOTS('',1,(#439,#440),.UNSPECIFIED.,.F.,.F.,
  (2,2),(4.712388980385,6.28318530718),.PIECEWISE_BEZIER_KNOTS.);
#439 = CARTESIAN_POINT('',(0.,15.));
#440 = CARTESIAN_POINT('',(1.570796326795,15.));
#441 = ( GEOMETRIC_REPRESENTATION_CONTEXT(2) 
PARAMETRIC_REPRESENTATION_CONTEXT() REPRESENTATION_CONTEXT('2D SPACE',''
  ) );
#442 = PCURVE('',#307,#443);
#443 = DEFINITIONAL_REPRESENTATION('',(#444),#447);
#444 = B_SPLINE_CURVE_WITH_KNOTS('',1,(#445,#446),.UNSPECIFIED.,.F.,.F.,
  (2,2),(4.712388980385,6.28318530718),.PIECEWISE_BEZIER_KNOTS.);
#445 = CARTESIAN_POINT('',(-1.570796326795,-1.570796326795));
#446 = CARTESIAN_POINT('',(-1.570796326795,0.));
#447 = ( GEOMETRIC_REPRESENTATION_CONTEXT(2) 
PARAMETRIC_REPRESENTATION_CONTEXT() REPRESENTATION_CONTEXT('2D SPACE',''
  ) );
#448 = ORIENTED_EDGE('',*,*,#195,.T.);
#449 = ORIENTED_EDGE('',*,*,#450,.F.);
#450 = EDGE_CURVE('',#451,#168,#453,.T.);
#451 = VERTEX_POINT('',#452);
#452 = CARTESIAN_POINT('',(225.,160.,125.));
#453 = SURFACE_CURVE('',#454,(#459,#465),.PCURVE_S1.);
#454 = CIRCLE('',#455,15.);
#455 = AXIS2_PLACEMENT_3D('',#456,#457,#458);
#456 = CARTESIAN_POINT('',(225.,145.,125.));
#457 = DIRECTION('',(1.,0.,-6.123233995737E-17));
#458 = DIRECTION('',(6.123233995737E-17,0.,1.));
#459 = PCURVE('',#209,#460);
#460 = DEFINITIONAL_REPRESENTATION('',(#461),#464);
#461 = B_SPLINE_CURVE_WITH_KNOTS('',1,(#462,#463),.UNSPECIFIED.,.F.,.F.,
  (2,2),(4.712388980385,6.28318530718),.PIECEWISE_BEZIER_KNOTS.);
#462 = CARTESIAN_POINT('',(0.,225.));
#463 = CARTESIAN_POINT('',(1.570796326795,225.));
#464 = ( GEOMETRIC_REPRESENTATION_CONTEXT(2) 
PARAMETRIC_REPRESENTATION_CONTEXT() REPRESENTATION_CONTEXT('2D SPACE',''
  ) );
#465 = PCURVE('',#466,#471);
#466 = SPHERICAL_SURFACE('',#467,15.);
#467 = AXIS2_PLACEMENT_3D('',#468,#469,#470);
#468 = CARTESIAN_POINT('',(225.,145.,125.));
#469 = DIRECTION('',(0.,-1.,-0.));
#470 = DIRECTION('',(1.,0.,0.));
#471 = DEFINITIONAL_REPRESENTATION('',(#472),#475);
#472 = B_SPLINE_CURVE_WITH_KNOTS('',1,(#473,#474),.UNSPECIFIED.,.F.,.F.,
  (2,2),(4.712388980385,6.28318530718),.PIECEWISE_BEZIER_KNOTS.);
#473 = CARTESIAN_POINT('',(1.570796326795,-1.570796326795));
#474 = CARTESIAN_POINT('',(1.570796326795,0.));
#475 = ( GEOMETRIC_REPRESENTATION_CONTEXT(2) 
PARAMETRIC_REPRESENTATION_CONTEXT() REPRESENTATION_CONTEXT('2D SPACE',''
  ) );
#476 = ORIENTED_EDGE('',*,*,#477,.F.);
#477 = EDGE_CURVE('',#428,#451,#478,.T.);
#478 = SURFACE_CURVE('',#479,(#483,#490),.PCURVE_S1.);
#479 = LINE('',#480,#481);
#480 = CARTESIAN_POINT('',(0.,160.,125.));
#481 = VECTOR('',#482,1.);
#482 = DIRECTION('',(1.,0.,-0.));
#483 = PCURVE('',#209,#484);
#484 = DEFINITIONAL_REPRESENTATION('',(#485),#489);
#485 = LINE('',#486,#487);
#486 = CARTESIAN_POINT('',(0.,0.));
#487 = VECTOR('',#488,1.);
#488 = DIRECTION('',(0.,1.));
#489 = ( GEOMETRIC_REPRESENTATION_CONTEXT(2) 
PARAMETRIC_REPRESENTATION_CONTEXT() REPRESENTATION_CONTEXT('2D SPACE',''
  ) );
#490 = PCURVE('',#491,#496);
#491 = PLANE('',#492);
#492 = AXIS2_PLACEMENT_3D('',#493,#494,#495);
#493 = CARTESIAN_POINT('',(0.,160.,0.));
#494 = DIRECTION('',(-0.,1.,0.));
#495 = DIRECTION('',(0.,0.,1.));
#496 = DEFINITIONAL_REPRESENTATION('',(#497),#501);
#497 = LINE('',#498,#499);
#498 = CARTESIAN_POINT('',(125.,0.));
#499 = VECTOR('',#500,1.);
#500 = DIRECTION('',(0.,1.));
#501 = ( GEOMETRIC_REPRESENTATION_CONTEXT(2) 
PARAMETRIC_REPRESENTATION_CONTEXT() REPRESENTATION_CONTEXT('2D SPACE',''
  ) );
#502 = ADVANCED_FACE('',(#503),#183,.T.);
#503 = FACE_BOUND('',#504,.F.);
#504 = EDGE_LOOP('',(#505,#527,#528,#552));
#505 = ORIENTED_EDGE('',*,*,#506,.F.);
#506 = EDGE_CURVE('',#140,#507,#509,.T.);
#507 = VERTEX_POINT('',#508);
#508 = CARTESIAN_POINT('',(240.,15.,125.));
#509 = SURFACE_CURVE('',#510,(#515,#521),.PCURVE_S1.);
#510 = CIRCLE('',#511,15.);
#511 = AXIS2_PLACEMENT_3D('',#512,#513,#514);
#512 = CARTESIAN_POINT('',(225.,15.,125.));
#513 = DIRECTION('',(-0.,1.,0.));
#514 = DIRECTION('',(1.,0.,0.));
#515 = PCURVE('',#183,#516);
#516 = DEFINITIONAL_REPRESENTATION('',(#517),#520);
#517 = B_SPLINE_CURVE_WITH_KNOTS('',1,(#518,#519),.UNSPECIFIED.,.F.,.F.,
  (2,2),(4.712388980385,6.28318530718),.PIECEWISE_BEZIER_KNOTS.);
#518 = CARTESIAN_POINT('',(-1.570796326795,15.));
#519 = CARTESIAN_POINT('',(0.,15.));
#520 = ( GEOMETRIC_REPRESENTATION_CONTEXT(2) 
PARAMETRIC_REPRESENTATION_CONTEXT() REPRESENTATION_CONTEXT('2D SPACE',''
  ) );
#521 = PCURVE('',#387,#522);
#522 = DEFINITIONAL_REPRESENTATION('',(#523),#526);
#523 = B_SPLINE_CURVE_WITH_KNOTS('',1,(#524,#525),.UNSPECIFIED.,.F.,.F.,
  (2,2),(4.712388980385,6.28318530718),.PIECEWISE_BEZIER_KNOTS.);
#524 = CARTESIAN_POINT('',(0.,-1.570796326795));
#525 = CARTESIAN_POINT('',(0.,0.));
#526 = ( GEOMETRIC_REPRESENTATION_CONTEXT(2) 
PARAMETRIC_REPRESENTATION_CONTEXT() REPRESENTATION_CONTEXT('2D SPACE',''
  ) );
#527 = ORIENTED_EDGE('',*,*,#167,.T.);
#528 = ORIENTED_EDGE('',*,*,#529,.F.);
#529 = EDGE_CURVE('',#530,#168,#532,.T.);
#530 = VERTEX_POINT('',#531);
#531 = CARTESIAN_POINT('',(240.,145.,125.));
#532 = SURFACE_CURVE('',#533,(#538,#545),.PCURVE_S1.);
#533 = CIRCLE('',#534,15.);
#534 = AXIS2_PLACEMENT_3D('',#535,#536,#537);
#535 = CARTESIAN_POINT('',(225.,145.,125.));
#536 = DIRECTION('',(0.,-1.,-0.));
#537 = DIRECTION('',(1.,0.,0.));
#538 = PCURVE('',#183,#539);
#539 = DEFINITIONAL_REPRESENTATION('',(#540),#544);
#540 = LINE('',#541,#542);
#541 = CARTESIAN_POINT('',(-0.,145.));
#542 = VECTOR('',#543,1.);
#543 = DIRECTION('',(-1.,0.));
#544 = ( GEOMETRIC_REPRESENTATION_CONTEXT(2) 
PARAMETRIC_REPRESENTATION_CONTEXT() REPRESENTATION_CONTEXT('2D SPACE',''
  ) );
#545 = PCURVE('',#466,#546);
#546 = DEFINITIONAL_REPRESENTATION('',(#547),#551);
#547 = LINE('',#548,#549);
#548 = CARTESIAN_POINT('',(0.,0.));
#549 = VECTOR('',#550,1.);
#550 = DIRECTION('',(1.,0.));
#551 = ( GEOMETRIC_REPRESENTATION_CONTEXT(2) 
PARAMETRIC_REPRESENTATION_CONTEXT() REPRESENTATION_CONTEXT('2D SPACE',''
  ) );
#552 = ORIENTED_EDGE('',*,*,#553,.F.);
#553 = EDGE_CURVE('',#507,#530,#554,.T.);
#554 = SURFACE_CURVE('',#555,(#559,#566),.PCURVE_S1.);
#555 = LINE('',#556,#557);
#556 = CARTESIAN_POINT('',(240.,0.,125.));
#557 = VECTOR('',#558,1.);
#558 = DIRECTION('',(-0.,1.,0.));
#559 = PCURVE('',#183,#560);
#560 = DEFINITIONAL_REPRESENTATION('',(#561),#565);
#561 = LINE('',#562,#563);
#562 = CARTESIAN_POINT('',(-0.,0.));
#563 = VECTOR('',#564,1.);
#564 = DIRECTION('',(-0.,1.));
#565 = ( GEOMETRIC_REPRESENTATION_CONTEXT(2) 
PARAMETRIC_REPRESENTATION_CONTEXT() REPRESENTATION_CONTEXT('2D SPACE',''
  ) );
#566 = PCURVE('',#567,#572);
#567 = PLANE('',#568);
#568 = AXIS2_PLACEMENT_3D('',#569,#570,#571);
#569 = CARTESIAN_POINT('',(240.,0.,0.));
#570 = DIRECTION('',(1.,0.,-0.));
#571 = DIRECTION('',(0.,0.,1.));
#572 = DEFINITIONAL_REPRESENTATION('',(#573),#577);
#573 = LINE('',#574,#575);
#574 = CARTESIAN_POINT('',(125.,0.));
#575 = VECTOR('',#576,1.);
#576 = DIRECTION('',(0.,-1.));
#577 = ( GEOMETRIC_REPRESENTATION_CONTEXT(2) 
PARAMETRIC_REPRESENTATION_CONTEXT() REPRESENTATION_CONTEXT('2D SPACE',''
  ) );
#578 = ADVANCED_FACE('',(#579),#247,.F.);
#579 = FACE_BOUND('',#580,.F.);
#580 = EDGE_LOOP('',(#581,#582,#605,#632));
#581 = ORIENTED_EDGE('',*,*,#230,.F.);
#582 = ORIENTED_EDGE('',*,*,#583,.F.);
#583 = EDGE_CURVE('',#584,#231,#586,.T.);
#584 = VERTEX_POINT('',#585);
#585 = CARTESIAN_POINT('',(86.,80.,136.));
#586 = SEAM_CURVE('',#587,(#591,#598),.PCURVE_S1.);
#587 = LINE('',#588,#589);
#588 = CARTESIAN_POINT('',(86.,80.,132.));
#589 = VECTOR('',#590,1.);
#590 = DIRECTION('',(0.,0.,1.));
#591 = PCURVE('',#247,#592);
#592 = DEFINITIONAL_REPRESENTATION('',(#593),#597);
#593 = LINE('',#594,#595);
#594 = CARTESIAN_POINT('',(6.28318530718,-0.));
#595 = VECTOR('',#596,1.);
#596 = DIRECTION('',(0.,1.));
#597 = ( GEOMETRIC_REPRESENTATION_CONTEXT(2) 
PARAMETRIC_REPRESENTATION_CONTEXT() REPRESENTATION_CONTEXT('2D SPACE',''
  ) );
#598 = PCURVE('',#247,#599);
#599 = DEFINITIONAL_REPRESENTATION('',(#600),#604);
#600 = LINE('',#601,#602);
#601 = CARTESIAN_POINT('',(0.,-0.));
#602 = VECTOR('',#603,1.);
#603 = DIRECTION('',(0.,1.));
#604 = ( GEOMETRIC_REPRESENTATION_CONTEXT(2) 
PARAMETRIC_REPRESENTATION_CONTEXT() REPRESENTATION_CONTEXT('2D SPACE',''
  ) );
#605 = ORIENTED_EDGE('',*,*,#606,.T.);
#606 = EDGE_CURVE('',#584,#584,#607,.T.);
#607 = SURFACE_CURVE('',#608,(#613,#620),.PCURVE_S1.);
#608 = CIRCLE('',#609,16.);
#609 = AXIS2_PLACEMENT_3D('',#610,#611,#612);
#610 = CARTESIAN_POINT('',(70.,80.,136.));
#611 = DIRECTION('',(0.,0.,1.));
#612 = DIRECTION('',(1.,0.,-0.));
#613 = PCURVE('',#247,#614);
#614 = DEFINITIONAL_REPRESENTATION('',(#615),#619);
#615 = LINE('',#616,#617);
#616 = CARTESIAN_POINT('',(0.,4.));
#617 = VECTOR('',#618,1.);
#618 = DIRECTION('',(1.,0.));
#619 = ( GEOMETRIC_REPRESENTATION_CONTEXT(2) 
PARAMETRIC_REPRESENTATION_CONTEXT() REPRESENTATION_CONTEXT('2D SPACE',''
  ) );
#620 = PCURVE('',#621,#626);
#621 = PLANE('',#622);
#622 = AXIS2_PLACEMENT_3D('',#623,#624,#625);
#623 = CARTESIAN_POINT('',(70.,80.,136.));
#624 = DIRECTION('',(0.,0.,1.));
#625 = DIRECTION('',(1.,0.,-0.));
#626 = DEFINITIONAL_REPRESENTATION('',(#627),#631);
#627 = CIRCLE('',#628,16.);
#628 = AXIS2_PLACEMENT_2D('',#629,#630);
#629 = CARTESIAN_POINT('',(0.,0.));
#630 = DIRECTION('',(1.,0.));
#631 = ( GEOMETRIC_REPRESENTATION_CONTEXT(2) 
PARAMETRIC_REPRESENTATION_CONTEXT() REPRESENTATION_CONTEXT('2D SPACE',''
  ) );
#632 = ORIENTED_EDGE('',*,*,#583,.T.);
#633 = ADVANCED_FACE('',(#634),#278,.T.);
#634 = FACE_BOUND('',#635,.F.);
#635 = EDGE_LOOP('',(#636,#637,#638));
#636 = ORIENTED_EDGE('',*,*,#262,.F.);
#637 = ORIENTED_EDGE('',*,*,#348,.T.);
#638 = ORIENTED_EDGE('',*,*,#639,.F.);
#639 = EDGE_CURVE('',#263,#349,#640,.T.);
#640 = SURFACE_CURVE('',#641,(#646,#653),.PCURVE_S1.);
#641 = CIRCLE('',#642,15.);
#642 = AXIS2_PLACEMENT_3D('',#643,#644,#645);
#643 = CARTESIAN_POINT('',(15.,15.,125.));
#644 = DIRECTION('',(0.,0.,1.));
#645 = DIRECTION('',(-1.,0.,0.));
#646 = PCURVE('',#278,#647);
#647 = DEFINITIONAL_REPRESENTATION('',(#648),#652);
#648 = LINE('',#649,#650);
#649 = CARTESIAN_POINT('',(-0.,0.));
#650 = VECTOR('',#651,1.);
#651 = DIRECTION('',(-1.,0.));
#652 = ( GEOMETRIC_REPRESENTATION_CONTEXT(2) 
PARAMETRIC_REPRESENTATION_CONTEXT() REPRESENTATION_CONTEXT('2D SPACE',''
  ) );
#653 = PCURVE('',#654,#659);
#654 = CYLINDRICAL_SURFACE('',#655,15.);
#655 = AXIS2_PLACEMENT_3D('',#656,#657,#658);
#656 = CARTESIAN_POINT('',(15.,15.,0.));
#657 = DIRECTION('',(0.,0.,1.));
#658 = DIRECTION('',(-1.,-0.,0.));
#659 = DEFINITIONAL_REPRESENTATION('',(#660),#664);
#660 = LINE('',#661,#662);
#661 = CARTESIAN_POINT('',(0.,125.));
#662 = VECTOR('',#663,1.);
#663 = DIRECTION('',(1.,0.));
#664 = ( GEOMETRIC_REPRESENTATION_CONTEXT(2) 
PARAMETRIC_REPRESENTATION_CONTEXT() REPRESENTATION_CONTEXT('2D SPACE',''
  ) );
#665 = ADVANCED_FACE('',(#666),#333,.F.);
#666 = FACE_BOUND('',#667,.F.);
#667 = EDGE_LOOP('',(#668,#691,#719,#745));
#668 = ORIENTED_EDGE('',*,*,#669,.F.);
#669 = EDGE_CURVE('',#670,#263,#672,.T.);
#670 = VERTEX_POINT('',#671);
#671 = CARTESIAN_POINT('',(-3.552713678801E-15,15.,15.));
#672 = SURFACE_CURVE('',#673,(#677,#684),.PCURVE_S1.);
#673 = LINE('',#674,#675);
#674 = CARTESIAN_POINT('',(-3.552713678801E-15,15.,0.));
#675 = VECTOR('',#676,1.);
#676 = DIRECTION('',(0.,0.,1.));
#677 = PCURVE('',#333,#678);
#678 = DEFINITIONAL_REPRESENTATION('',(#679),#683);
#679 = LINE('',#680,#681);
#680 = CARTESIAN_POINT('',(0.,-15.));
#681 = VECTOR('',#682,1.);
#682 = DIRECTION('',(1.,0.));
#683 = ( GEOMETRIC_REPRESENTATION_CONTEXT(2) 
PARAMETRIC_REPRESENTATION_CONTEXT() REPRESENTATION_CONTEXT('2D SPACE',''
  ) );
#684 = PCURVE('',#654,#685);
#685 = DEFINITIONAL_REPRESENTATION('',(#686),#690);
#686 = LINE('',#687,#688);
#687 = CARTESIAN_POINT('',(0.,0.));
#688 = VECTOR('',#689,1.);
#689 = DIRECTION('',(0.,1.));
#690 = ( GEOMETRIC_REPRESENTATION_CONTEXT(2) 
PARAMETRIC_REPRESENTATION_CONTEXT() REPRESENTATION_CONTEXT('2D SPACE',''
  ) );
#691 = ORIENTED_EDGE('',*,*,#692,.T.);
#692 = EDGE_CURVE('',#670,#693,#695,.T.);
#693 = VERTEX_POINT('',#694);
#694 = CARTESIAN_POINT('',(-3.552713678801E-15,145.,15.));
#695 = SURFACE_CURVE('',#696,(#700,#707),.PCURVE_S1.);
#696 = LINE('',#697,#698);
#697 = CARTESIAN_POINT('',(-3.552713678801E-15,0.,15.));
#698 = VECTOR('',#699,1.);
#699 = DIRECTION('',(-0.,1.,0.));
#700 = PCURVE('',#333,#701);
#701 = DEFINITIONAL_REPRESENTATION('',(#702),#706);
#702 = LINE('',#703,#704);
#703 = CARTESIAN_POINT('',(15.,0.));
#704 = VECTOR('',#705,1.);
#705 = DIRECTION('',(0.,-1.));
#706 = ( GEOMETRIC_REPRESENTATION_CONTEXT(2) 
PARAMETRIC_REPRESENTATION_CONTEXT() REPRESENTATION_CONTEXT('2D SPACE',''
  ) );
#707 = PCURVE('',#708,#713);
#708 = CYLINDRICAL_SURFACE('',#709,15.);
#709 = AXIS2_PLACEMENT_3D('',#710,#711,#712);
#710 = CARTESIAN_POINT('',(15.,0.,15.));
#711 = DIRECTION('',(-0.,1.,0.));
#712 = DIRECTION('',(-1.,-0.,0.));
#713 = DEFINITIONAL_REPRESENTATION('',(#714),#718);
#714 = LINE('',#715,#716);
#715 = CARTESIAN_POINT('',(-0.,0.));
#716 = VECTOR('',#717,1.);
#717 = DIRECTION('',(-0.,1.));
#718 = ( GEOMETRIC_REPRESENTATION_CONTEXT(2) 
PARAMETRIC_REPRESENTATION_CONTEXT() REPRESENTATION_CONTEXT('2D SPACE',''
  ) );
#719 = ORIENTED_EDGE('',*,*,#720,.T.);
#720 = EDGE_CURVE('',#693,#291,#721,.T.);
#721 = SURFACE_CURVE('',#722,(#726,#733),.PCURVE_S1.);
#722 = LINE('',#723,#724);
#723 = CARTESIAN_POINT('',(-3.552713678801E-15,145.,0.));
#724 = VECTOR('',#725,1.);
#725 = DIRECTION('',(0.,0.,1.));
#726 = PCURVE('',#333,#727);
#727 = DEFINITIONAL_REPRESENTATION('',(#728),#732);
#728 = LINE('',#729,#730);
#729 = CARTESIAN_POINT('',(0.,-145.));
#730 = VECTOR('',#731,1.);
#731 = DIRECTION('',(1.,0.));
#732 = ( GEOMETRIC_REPRESENTATION_CONTEXT(2) 
PARAMETRIC_REPRESENTATION_CONTEXT() REPRESENTATION_CONTEXT('2D SPACE',''
  ) );
#733 = PCURVE('',#734,#739);
#734 = CYLINDRICAL_SURFACE('',#735,15.);
#735 = AXIS2_PLACEMENT_3D('',#736,#737,#738);
#736 = CARTESIAN_POINT('',(15.,145.,0.));
#737 = DIRECTION('',(0.,0.,1.));
#738 = DIRECTION('',(-1.,-0.,0.));
#739 = DEFINITIONAL_REPRESENTATION('',(#740),#744);
#740 = LINE('',#741,#742);
#741 = CARTESIAN_POINT('',(-0.,0.));
#742 = VECTOR('',#743,1.);
#743 = DIRECTION('',(-0.,1.));
#744 = ( GEOMETRIC_REPRESENTATION_CONTEXT(2) 
PARAMETRIC_REPRESENTATION_CONTEXT() REPRESENTATION_CONTEXT('2D SPACE',''
  ) );
#745 = ORIENTED_EDGE('',*,*,#319,.F.);
#746 = ADVANCED_FACE('',(#747),#307,.T.);
#747 = FACE_BOUND('',#748,.F.);
#748 = EDGE_LOOP('',(#749,#769,#770));
#749 = ORIENTED_EDGE('',*,*,#750,.F.);
#750 = EDGE_CURVE('',#428,#291,#751,.T.);
#751 = SURFACE_CURVE('',#752,(#757,#763),.PCURVE_S1.);
#752 = CIRCLE('',#753,15.);
#753 = AXIS2_PLACEMENT_3D('',#754,#755,#756);
#754 = CARTESIAN_POINT('',(15.,145.,125.));
#755 = DIRECTION('',(0.,0.,1.));
#756 = DIRECTION('',(-1.,-0.,0.));
#757 = PCURVE('',#307,#758);
#758 = DEFINITIONAL_REPRESENTATION('',(#759),#762);
#759 = B_SPLINE_CURVE_WITH_KNOTS('',1,(#760,#761),.UNSPECIFIED.,.F.,.F.,
  (2,2),(4.712388980385,6.28318530718),.PIECEWISE_BEZIER_KNOTS.);
#760 = CARTESIAN_POINT('',(0.,-1.570796326795));
#761 = CARTESIAN_POINT('',(0.,0.));
#762 = ( GEOMETRIC_REPRESENTATION_CONTEXT(2) 
PARAMETRIC_REPRESENTATION_CONTEXT() REPRESENTATION_CONTEXT('2D SPACE',''
  ) );
#763 = PCURVE('',#734,#764);
#764 = DEFINITIONAL_REPRESENTATION('',(#765),#768);
#765 = B_SPLINE_CURVE_WITH_KNOTS('',1,(#766,#767),.UNSPECIFIED.,.F.,.F.,
  (2,2),(4.712388980385,6.28318530718),.PIECEWISE_BEZIER_KNOTS.);
#766 = CARTESIAN_POINT('',(-1.570796326795,125.));
#767 = CARTESIAN_POINT('',(0.,125.));
#768 = ( GEOMETRIC_REPRESENTATION_CONTEXT(2) 
PARAMETRIC_REPRESENTATION_CONTEXT() REPRESENTATION_CONTEXT('2D SPACE',''
  ) );
#769 = ORIENTED_EDGE('',*,*,#427,.T.);
#770 = ORIENTED_EDGE('',*,*,#290,.F.);
#771 = ADVANCED_FACE('',(#772),#412,.F.);
#772 = FACE_BOUND('',#773,.F.);
#773 = EDGE_LOOP('',(#774,#797,#798,#826));
#774 = ORIENTED_EDGE('',*,*,#775,.T.);
#775 = EDGE_CURVE('',#776,#349,#778,.T.);
#776 = VERTEX_POINT('',#777);
#777 = CARTESIAN_POINT('',(15.,-3.552713678801E-15,15.));
#778 = SURFACE_CURVE('',#779,(#783,#790),.PCURVE_S1.);
#779 = LINE('',#780,#781);
#780 = CARTESIAN_POINT('',(15.,-3.552713678801E-15,0.));
#781 = VECTOR('',#782,1.);
#782 = DIRECTION('',(0.,0.,1.));
#783 = PCURVE('',#412,#784);
#784 = DEFINITIONAL_REPRESENTATION('',(#785),#789);
#785 = LINE('',#786,#787);
#786 = CARTESIAN_POINT('',(0.,15.));
#787 = VECTOR('',#788,1.);
#788 = DIRECTION('',(1.,0.));
#789 = ( GEOMETRIC_REPRESENTATION_CONTEXT(2) 
PARAMETRIC_REPRESENTATION_CONTEXT() REPRESENTATION_CONTEXT('2D SPACE',''
  ) );
#790 = PCURVE('',#654,#791);
#791 = DEFINITIONAL_REPRESENTATION('',(#792),#796);
#792 = LINE('',#793,#794);
#793 = CARTESIAN_POINT('',(1.570796326795,0.));
#794 = VECTOR('',#795,1.);
#795 = DIRECTION('',(0.,1.));
#796 = ( GEOMETRIC_REPRESENTATION_CONTEXT(2) 
PARAMETRIC_REPRESENTATION_CONTEXT() REPRESENTATION_CONTEXT('2D SPACE',''
  ) );
#797 = ORIENTED_EDGE('',*,*,#398,.T.);
#798 = ORIENTED_EDGE('',*,*,#799,.F.);
#799 = EDGE_CURVE('',#800,#372,#802,.T.);
#800 = VERTEX_POINT('',#801);
#801 = CARTESIAN_POINT('',(225.,-3.552713678801E-15,15.));
#802 = SURFACE_CURVE('',#803,(#807,#814),.PCURVE_S1.);
#803 = LINE('',#804,#805);
#804 = CARTESIAN_POINT('',(225.,-3.552713678801E-15,0.));
#805 = VECTOR('',#806,1.);
#806 = DIRECTION('',(0.,0.,1.));
#807 = PCURVE('',#412,#808);
#808 = DEFINITIONAL_REPRESENTATION('',(#809),#813);
#809 = LINE('',#810,#811);
#810 = CARTESIAN_POINT('',(0.,225.));
#811 = VECTOR('',#812,1.);
#812 = DIRECTION('',(1.,0.));
#813 = ( GEOMETRIC_REPRESENTATION_CONTEXT(2) 
PARAMETRIC_REPRESENTATION_CONTEXT() REPRESENTATION_CONTEXT('2D SPACE',''
  ) );
#814 = PCURVE('',#815,#820);
#815 = CYLINDRICAL_SURFACE('',#816,15.);
#816 = AXIS2_PLACEMENT_3D('',#817,#818,#819);
#817 = CARTESIAN_POINT('',(225.,15.,0.));
#818 = DIRECTION('',(0.,0.,1.));
#819 = DIRECTION('',(1.,0.,-0.));
#820 = DEFINITIONAL_REPRESENTATION('',(#821),#825);
#821 = LINE('',#822,#823);
#822 = CARTESIAN_POINT('',(-1.570796326795,0.));
#823 = VECTOR('',#824,1.);
#824 = DIRECTION('',(-0.,1.));
#825 = ( GEOMETRIC_REPRESENTATION_CONTEXT(2) 
PARAMETRIC_REPRESENTATION_CONTEXT() REPRESENTATION_CONTEXT('2D SPACE',''
  ) );
#826 = ORIENTED_EDGE('',*,*,#827,.F.);
#827 = EDGE_CURVE('',#776,#800,#828,.T.);
#828 = SURFACE_CURVE('',#829,(#833,#840),.PCURVE_S1.);
#829 = LINE('',#830,#831);
#830 = CARTESIAN_POINT('',(0.,-3.552713678801E-15,15.));
#831 = VECTOR('',#832,1.);
#832 = DIRECTION('',(1.,0.,-0.));
#833 = PCURVE('',#412,#834);
#834 = DEFINITIONAL_REPRESENTATION('',(#835),#839);
#835 = LINE('',#836,#837);
#836 = CARTESIAN_POINT('',(15.,0.));
#837 = VECTOR('',#838,1.);
#838 = DIRECTION('',(0.,1.));
#839 = ( GEOMETRIC_REPRESENTATION_CONTEXT(2) 
PARAMETRIC_REPRESENTATION_CONTEXT() REPRESENTATION_CONTEXT('2D SPACE',''
  ) );
#840 = PCURVE('',#841,#846);
#841 = CYLINDRICAL_SURFACE('',#842,15.);
#842 = AXIS2_PLACEMENT_3D('',#843,#844,#845);
#843 = CARTESIAN_POINT('',(0.,15.,15.));
#844 = DIRECTION('',(1.,0.,-0.));
#845 = DIRECTION('',(0.,-1.,0.));
#846 = DEFINITIONAL_REPRESENTATION('',(#847),#851);
#847 = LINE('',#848,#849);
#848 = CARTESIAN_POINT('',(0.,0.));
#849 = VECTOR('',#850,1.);
#850 = DIRECTION('',(0.,1.));
#851 = ( GEOMETRIC_REPRESENTATION_CONTEXT(2) 
PARAMETRIC_REPRESENTATION_CONTEXT() REPRESENTATION_CONTEXT('2D SPACE',''
  ) );
#852 = ADVANCED_FACE('',(#853),#387,.T.);
#853 = FACE_BOUND('',#854,.T.);
#854 = EDGE_LOOP('',(#855,#856,#857));
#855 = ORIENTED_EDGE('',*,*,#506,.F.);
#856 = ORIENTED_EDGE('',*,*,#371,.T.);
#857 = ORIENTED_EDGE('',*,*,#858,.F.);
#858 = EDGE_CURVE('',#507,#372,#859,.T.);
#859 = SURFACE_CURVE('',#860,(#865,#872),.PCURVE_S1.);
#860 = CIRCLE('',#861,15.);
#861 = AXIS2_PLACEMENT_3D('',#862,#863,#864);
#862 = CARTESIAN_POINT('',(225.,15.,125.));
#863 = DIRECTION('',(0.,0.,-1.));
#864 = DIRECTION('',(1.,0.,0.));
#865 = PCURVE('',#387,#866);
#866 = DEFINITIONAL_REPRESENTATION('',(#867),#871);
#867 = LINE('',#868,#869);
#868 = CARTESIAN_POINT('',(0.,0.));
#869 = VECTOR('',#870,1.);
#870 = DIRECTION('',(1.,0.));
#871 = ( GEOMETRIC_REPRESENTATION_CONTEXT(2) 
PARAMETRIC_REPRESENTATION_CONTEXT() REPRESENTATION_CONTEXT('2D SPACE',''
  ) );
#872 = PCURVE('',#815,#873);
#873 = DEFINITIONAL_REPRESENTATION('',(#874),#878);
#874 = LINE('',#875,#876);
#875 = CARTESIAN_POINT('',(-0.,125.));
#876 = VECTOR('',#877,1.);
#877 = DIRECTION('',(-1.,0.));
#878 = ( GEOMETRIC_REPRESENTATION_CONTEXT(2) 
PARAMETRIC_REPRESENTATION_CONTEXT() REPRESENTATION_CONTEXT('2D SPACE',''
  ) );
#879 = ADVANCED_FACE('',(#880),#491,.T.);
#880 = FACE_BOUND('',#881,.T.);
#881 = EDGE_LOOP('',(#882,#905,#906,#934));
#882 = ORIENTED_EDGE('',*,*,#883,.T.);
#883 = EDGE_CURVE('',#884,#428,#886,.T.);
#884 = VERTEX_POINT('',#885);
#885 = CARTESIAN_POINT('',(15.,160.,15.));
#886 = SURFACE_CURVE('',#887,(#891,#898),.PCURVE_S1.);
#887 = LINE('',#888,#889);
#888 = CARTESIAN_POINT('',(15.,160.,0.));
#889 = VECTOR('',#890,1.);
#890 = DIRECTION('',(0.,0.,1.));
#891 = PCURVE('',#491,#892);
#892 = DEFINITIONAL_REPRESENTATION('',(#893),#897);
#893 = LINE('',#894,#895);
#894 = CARTESIAN_POINT('',(0.,15.));
#895 = VECTOR('',#896,1.);
#896 = DIRECTION('',(1.,0.));
#897 = ( GEOMETRIC_REPRESENTATION_CONTEXT(2) 
PARAMETRIC_REPRESENTATION_CONTEXT() REPRESENTATION_CONTEXT('2D SPACE',''
  ) );
#898 = PCURVE('',#734,#899);
#899 = DEFINITIONAL_REPRESENTATION('',(#900),#904);
#900 = LINE('',#901,#902);
#901 = CARTESIAN_POINT('',(-1.570796326795,0.));
#902 = VECTOR('',#903,1.);
#903 = DIRECTION('',(-0.,1.));
#904 = ( GEOMETRIC_REPRESENTATION_CONTEXT(2) 
PARAMETRIC_REPRESENTATION_CONTEXT() REPRESENTATION_CONTEXT('2D SPACE',''
  ) );
#905 = ORIENTED_EDGE('',*,*,#477,.T.);
#906 = ORIENTED_EDGE('',*,*,#907,.F.);
#907 = EDGE_CURVE('',#908,#451,#910,.T.);
#908 = VERTEX_POINT('',#909);
#909 = CARTESIAN_POINT('',(225.,160.,15.));
#910 = SURFACE_CURVE('',#911,(#915,#922),.PCURVE_S1.);
#911 = LINE('',#912,#913);
#912 = CARTESIAN_POINT('',(225.,160.,0.));
#913 = VECTOR('',#914,1.);
#914 = DIRECTION('',(0.,0.,1.));
#915 = PCURVE('',#491,#916);
#916 = DEFINITIONAL_REPRESENTATION('',(#917),#921);
#917 = LINE('',#918,#919);
#918 = CARTESIAN_POINT('',(0.,225.));
#919 = VECTOR('',#920,1.);
#920 = DIRECTION('',(1.,0.));
#921 = ( GEOMETRIC_REPRESENTATION_CONTEXT(2) 
PARAMETRIC_REPRESENTATION_CONTEXT() REPRESENTATION_CONTEXT('2D SPACE',''
  ) );
#922 = PCURVE('',#923,#928);
#923 = CYLINDRICAL_SURFACE('',#924,15.);
#924 = AXIS2_PLACEMENT_3D('',#925,#926,#927);
#925 = CARTESIAN_POINT('',(225.,145.,0.));
#926 = DIRECTION('',(0.,0.,1.));
#927 = DIRECTION('',(1.,0.,-0.));
#928 = DEFINITIONAL_REPRESENTATION('',(#929),#933);
#929 = LINE('',#930,#931);
#930 = CARTESIAN_POINT('',(1.570796326795,0.));
#931 = VECTOR('',#932,1.);
#932 = DIRECTION('',(0.,1.));
#933 = ( GEOMETRIC_REPRESENTATION_CONTEXT(2) 
PARAMETRIC_REPRESENTATION_CONTEXT() REPRESENTATION_CONTEXT('2D SPACE',''
  ) );
#934 = ORIENTED_EDGE('',*,*,#935,.F.);
#935 = EDGE_CURVE('',#884,#908,#936,.T.);
#936 = SURFACE_CURVE('',#937,(#941,#948),.PCURVE_S1.);
#937 = LINE('',#938,#939);
#938 = CARTESIAN_POINT('',(0.,160.,15.));
#939 = VECTOR('',#940,1.);
#940 = DIRECTION('',(1.,0.,-0.));
#941 = PCURVE('',#491,#942);
#942 = DEFINITIONAL_REPRESENTATION('',(#943),#947);
#943 = LINE('',#944,#945);
#944 = CARTESIAN_POINT('',(15.,0.));
#945 = VECTOR('',#946,1.);
#946 = DIRECTION('',(0.,1.));
#947 = ( GEOMETRIC_REPRESENTATION_CONTEXT(2) 
PARAMETRIC_REPRESENTATION_CONTEXT() REPRESENTATION_CONTEXT('2D SPACE',''
  ) );
#948 = PCURVE('',#949,#954);
#949 = CYLINDRICAL_SURFACE('',#950,15.);
#950 = AXIS2_PLACEMENT_3D('',#951,#952,#953);
#951 = CARTESIAN_POINT('',(0.,145.,15.));
#952 = DIRECTION('',(1.,0.,-0.));
#953 = DIRECTION('',(0.,1.,0.));
#954 = DEFINITIONAL_REPRESENTATION('',(#955),#959);
#955 = LINE('',#956,#957);
#956 = CARTESIAN_POINT('',(-0.,0.));
#957 = VECTOR('',#958,1.);
#958 = DIRECTION('',(-0.,1.));
#959 = ( GEOMETRIC_REPRESENTATION_CONTEXT(2) 
PARAMETRIC_REPRESENTATION_CONTEXT() REPRESENTATION_CONTEXT('2D SPACE',''
  ) );
#960 = ADVANCED_FACE('',(#961),#466,.T.);
#961 = FACE_BOUND('',#962,.T.);
#962 = EDGE_LOOP('',(#963,#983,#984));
#963 = ORIENTED_EDGE('',*,*,#964,.F.);
#964 = EDGE_CURVE('',#451,#530,#965,.T.);
#965 = SURFACE_CURVE('',#966,(#971,#977),.PCURVE_S1.);
#966 = CIRCLE('',#967,15.);
#967 = AXIS2_PLACEMENT_3D('',#968,#969,#970);
#968 = CARTESIAN_POINT('',(225.,145.,125.));
#969 = DIRECTION('',(0.,0.,-1.));
#970 = DIRECTION('',(1.,0.,0.));
#971 = PCURVE('',#466,#972);
#972 = DEFINITIONAL_REPRESENTATION('',(#973),#976);
#973 = B_SPLINE_CURVE_WITH_KNOTS('',1,(#974,#975),.UNSPECIFIED.,.F.,.F.,
  (2,2),(4.712388980385,6.28318530718),.PIECEWISE_BEZIER_KNOTS.);
#974 = CARTESIAN_POINT('',(0.,-1.570796326795));
#975 = CARTESIAN_POINT('',(0.,0.));
#976 = ( GEOMETRIC_REPRESENTATION_CONTEXT(2) 
PARAMETRIC_REPRESENTATION_CONTEXT() REPRESENTATION_CONTEXT('2D SPACE',''
  ) );
#977 = PCURVE('',#923,#978);
#978 = DEFINITIONAL_REPRESENTATION('',(#979),#982);
#979 = B_SPLINE_CURVE_WITH_KNOTS('',1,(#980,#981),.UNSPECIFIED.,.F.,.F.,
  (2,2),(4.712388980385,6.28318530718),.PIECEWISE_BEZIER_KNOTS.);
#980 = CARTESIAN_POINT('',(1.570796326795,125.));
#981 = CARTESIAN_POINT('',(0.,125.));
#982 = ( GEOMETRIC_REPRESENTATION_CONTEXT(2) 
PARAMETRIC_REPRESENTATION_CONTEXT() REPRESENTATION_CONTEXT('2D SPACE',''
  ) );
#983 = ORIENTED_EDGE('',*,*,#450,.T.);
#984 = ORIENTED_EDGE('',*,*,#529,.F.);
#985 = ADVANCED_FACE('',(#986),#567,.T.);
#986 = FACE_BOUND('',#987,.T.);
#987 = EDGE_LOOP('',(#988,#1011,#1039,#1060));
#988 = ORIENTED_EDGE('',*,*,#989,.F.);
#989 = EDGE_CURVE('',#990,#507,#992,.T.);
#990 = VERTEX_POINT('',#991);
#991 = CARTESIAN_POINT('',(240.,15.,15.));
#992 = SURFACE_CURVE('',#993,(#997,#1004),.PCURVE_S1.);
#993 = LINE('',#994,#995);
#994 = CARTESIAN_POINT('',(240.,15.,0.));
#995 = VECTOR('',#996,1.);
#996 = DIRECTION('',(0.,0.,1.));
#997 = PCURVE('',#567,#998);
#998 = DEFINITIONAL_REPRESENTATION('',(#999),#1003);
#999 = LINE('',#1000,#1001);
#1000 = CARTESIAN_POINT('',(0.,-15.));
#1001 = VECTOR('',#1002,1.);
#1002 = DIRECTION('',(1.,0.));
#1003 = ( GEOMETRIC_REPRESENTATION_CONTEXT(2) 
PARAMETRIC_REPRESENTATION_CONTEXT() REPRESENTATION_CONTEXT('2D SPACE',''
  ) );
#1004 = PCURVE('',#815,#1005);
#1005 = DEFINITIONAL_REPRESENTATION('',(#1006),#1010);
#1006 = LINE('',#1007,#1008);
#1007 = CARTESIAN_POINT('',(-0.,0.));
#1008 = VECTOR('',#1009,1.);
#1009 = DIRECTION('',(-0.,1.));
#1010 = ( GEOMETRIC_REPRESENTATION_CONTEXT(2) 
PARAMETRIC_REPRESENTATION_CONTEXT() REPRESENTATION_CONTEXT('2D SPACE',''
  ) );
#1011 = ORIENTED_EDGE('',*,*,#1012,.T.);
#1012 = EDGE_CURVE('',#990,#1013,#1015,.T.);
#1013 = VERTEX_POINT('',#1014);
#1014 = CARTESIAN_POINT('',(240.,145.,15.));
#1015 = SURFACE_CURVE('',#1016,(#1020,#1027),.PCURVE_S1.);
#1016 = LINE('',#1017,#1018);
#1017 = CARTESIAN_POINT('',(240.,0.,15.));
#1018 = VECTOR('',#1019,1.);
#1019 = DIRECTION('',(-0.,1.,0.));
#1020 = PCURVE('',#567,#1021);
#1021 = DEFINITIONAL_REPRESENTATION('',(#1022),#1026);
#1022 = LINE('',#1023,#1024);
#1023 = CARTESIAN_POINT('',(15.,0.));
#1024 = VECTOR('',#1025,1.);
#1025 = DIRECTION('',(0.,-1.));
#1026 = ( GEOMETRIC_REPRESENTATION_CONTEXT(2) 
PARAMETRIC_REPRESENTATION_CONTEXT() REPRESENTATION_CONTEXT('2D SPACE',''
  ) );
#1027 = PCURVE('',#1028,#1033);
#1028 = CYLINDRICAL_SURFACE('',#1029,15.);
#1029 = AXIS2_PLACEMENT_3D('',#1030,#1031,#1032);
#1030 = CARTESIAN_POINT('',(225.,0.,15.));
#1031 = DIRECTION('',(-0.,1.,0.));
#1032 = DIRECTION('',(1.,0.,-0.));
#1033 = DEFINITIONAL_REPRESENTATION('',(#1034),#1038);
#1034 = LINE('',#1035,#1036);
#1035 = CARTESIAN_POINT('',(0.,0.));
#1036 = VECTOR('',#1037,1.);
#1037 = DIRECTION('',(0.,1.));
#1038 = ( GEOMETRIC_REPRESENTATION_CONTEXT(2) 
PARAMETRIC_REPRESENTATION_CONTEXT() REPRESENTATION_CONTEXT('2D SPACE',''
  ) );
#1039 = ORIENTED_EDGE('',*,*,#1040,.T.);
#1040 = EDGE_CURVE('',#1013,#530,#1041,.T.);
#1041 = SURFACE_CURVE('',#1042,(#1046,#1053),.PCURVE_S1.);
#1042 = LINE('',#1043,#1044);
#1043 = CARTESIAN_POINT('',(240.,145.,0.));
#1044 = VECTOR('',#1045,1.);
#1045 = DIRECTION('',(0.,0.,1.));
#1046 = PCURVE('',#567,#1047);
#1047 = DEFINITIONAL_REPRESENTATION('',(#1048),#1052);
#1048 = LINE('',#1049,#1050);
#1049 = CARTESIAN_POINT('',(0.,-145.));
#1050 = VECTOR('',#1051,1.);
#1051 = DIRECTION('',(1.,0.));
#1052 = ( GEOMETRIC_REPRESENTATION_CONTEXT(2) 
PARAMETRIC_REPRESENTATION_CONTEXT() REPRESENTATION_CONTEXT('2D SPACE',''
  ) );
#1053 = PCURVE('',#923,#1054);
#1054 = DEFINITIONAL_REPRESENTATION('',(#1055),#1059);
#1055 = LINE('',#1056,#1057);
#1056 = CARTESIAN_POINT('',(0.,0.));
#1057 = VECTOR('',#1058,1.);
#1058 = DIRECTION('',(0.,1.));
#1059 = ( GEOMETRIC_REPRESENTATION_CONTEXT(2) 
PARAMETRIC_REPRESENTATION_CONTEXT() REPRESENTATION_CONTEXT('2D SPACE',''
  ) );
#1060 = ORIENTED_EDGE('',*,*,#553,.F.);
#1061 = ADVANCED_FACE('',(#1062,#1093),#621,.F.);
#1062 = FACE_BOUND('',#1063,.F.);
#1063 = EDGE_LOOP('',(#1064));
#1064 = ORIENTED_EDGE('',*,*,#1065,.T.);
#1065 = EDGE_CURVE('',#1066,#1066,#1068,.T.);
#1066 = VERTEX_POINT('',#1067);
#1067 = CARTESIAN_POINT('',(90.,80.,136.));
#1068 = SURFACE_CURVE('',#1069,(#1074,#1081),.PCURVE_S1.);
#1069 = CIRCLE('',#1070,20.);
#1070 = AXIS2_PLACEMENT_3D('',#1071,#1072,#1073);
#1071 = CARTESIAN_POINT('',(70.,80.,136.));
#1072 = DIRECTION('',(0.,0.,1.));
#1073 = DIRECTION('',(1.,0.,-0.));
#1074 = PCURVE('',#621,#1075);
#1075 = DEFINITIONAL_REPRESENTATION('',(#1076),#1080);
#1076 = CIRCLE('',#1077,20.);
#1077 = AXIS2_PLACEMENT_2D('',#1078,#1079);
#1078 = CARTESIAN_POINT('',(0.,0.));
#1079 = DIRECTION('',(1.,0.));
#1080 = ( GEOMETRIC_REPRESENTATION_CONTEXT(2) 
PARAMETRIC_REPRESENTATION_CONTEXT() REPRESENTATION_CONTEXT('2D SPACE',''
  ) );
#1081 = PCURVE('',#1082,#1087);
#1082 = PLANE('',#1083);
#1083 = AXIS2_PLACEMENT_3D('',#1084,#1085,#1086);
#1084 = CARTESIAN_POINT('',(4.,4.,136.));
#1085 = DIRECTION('',(0.,0.,1.));
#1086 = DIRECTION('',(1.,0.,-0.));
#1087 = DEFINITIONAL_REPRESENTATION('',(#1088),#1092);
#1088 = CIRCLE('',#1089,20.);
#1089 = AXIS2_PLACEMENT_2D('',#1090,#1091);
#1090 = CARTESIAN_POINT('',(66.,76.));
#1091 = DIRECTION('',(1.,0.));
#1092 = ( GEOMETRIC_REPRESENTATION_CONTEXT(2) 
PARAMETRIC_REPRESENTATION_CONTEXT() REPRESENTATION_CONTEXT('2D SPACE',''
  ) );
#1093 = FACE_BOUND('',#1094,.F.);
#1094 = EDGE_LOOP('',(#1095));
#1095 = ORIENTED_EDGE('',*,*,#606,.F.);
#1096 = ADVANCED_FACE('',(#1097),#654,.T.);
#1097 = FACE_BOUND('',#1098,.T.);
#1098 = EDGE_LOOP('',(#1099,#1100,#1127,#1128));
#1099 = ORIENTED_EDGE('',*,*,#669,.F.);
#1100 = ORIENTED_EDGE('',*,*,#1101,.T.);
#1101 = EDGE_CURVE('',#670,#776,#1102,.T.);
#1102 = SURFACE_CURVE('',#1103,(#1108,#1115),.PCURVE_S1.);
#1103 = CIRCLE('',#1104,15.);
#1104 = AXIS2_PLACEMENT_3D('',#1105,#1106,#1107);
#1105 = CARTESIAN_POINT('',(15.,15.,15.));
#1106 = DIRECTION('',(0.,0.,1.));
#1107 = DIRECTION('',(-1.,0.,0.));
#1108 = PCURVE('',#654,#1109);
#1109 = DEFINITIONAL_REPRESENTATION('',(#1110),#1114);
#1110 = LINE('',#1111,#1112);
#1111 = CARTESIAN_POINT('',(0.,15.));
#1112 = VECTOR('',#1113,1.);
#1113 = DIRECTION('',(1.,0.));
#1114 = ( GEOMETRIC_REPRESENTATION_CONTEXT(2) 
PARAMETRIC_REPRESENTATION_CONTEXT() REPRESENTATION_CONTEXT('2D SPACE',''
  ) );
#1115 = PCURVE('',#1116,#1121);
#1116 = SPHERICAL_SURFACE('',#1117,15.);
#1117 = AXIS2_PLACEMENT_3D('',#1118,#1119,#1120);
#1118 = CARTESIAN_POINT('',(15.,15.,15.));
#1119 = DIRECTION('',(0.,0.,1.));
#1120 = DIRECTION('',(-1.,0.,0.));
#1121 = DEFINITIONAL_REPRESENTATION('',(#1122),#1126);
#1122 = LINE('',#1123,#1124);
#1123 = CARTESIAN_POINT('',(0.,0.));
#1124 = VECTOR('',#1125,1.);
#1125 = DIRECTION('',(1.,0.));
#1126 = ( GEOMETRIC_REPRESENTATION_CONTEXT(2) 
PARAMETRIC_REPRESENTATION_CONTEXT() REPRESENTATION_CONTEXT('2D SPACE',''
  ) );
#1127 = ORIENTED_EDGE('',*,*,#775,.T.);
#1128 = ORIENTED_EDGE('',*,*,#639,.F.);
#1129 = ADVANCED_FACE('',(#1130),#708,.T.);
#1130 = FACE_BOUND('',#1131,.F.);
#1131 = EDGE_LOOP('',(#1132,#1154,#1182,#1207));
#1132 = ORIENTED_EDGE('',*,*,#1133,.F.);
#1133 = EDGE_CURVE('',#1134,#670,#1136,.T.);
#1134 = VERTEX_POINT('',#1135);
#1135 = CARTESIAN_POINT('',(15.,15.,0.));
#1136 = SURFACE_CURVE('',#1137,(#1142,#1148),.PCURVE_S1.);
#1137 = CIRCLE('',#1138,15.);
#1138 = AXIS2_PLACEMENT_3D('',#1139,#1140,#1141);
#1139 = CARTESIAN_POINT('',(15.,15.,15.));
#1140 = DIRECTION('',(0.,1.,-0.));
#1141 = DIRECTION('',(-1.,0.,0.));
#1142 = PCURVE('',#708,#1143);
#1143 = DEFINITIONAL_REPRESENTATION('',(#1144),#1147);
#1144 = B_SPLINE_CURVE_WITH_KNOTS('',1,(#1145,#1146),.UNSPECIFIED.,.F.,
  .F.,(2,2),(4.712388980385,6.28318530718),.PIECEWISE_BEZIER_KNOTS.);
#1145 = CARTESIAN_POINT('',(-1.570796326795,15.));
#1146 = CARTESIAN_POINT('',(0.,15.));
#1147 = ( GEOMETRIC_REPRESENTATION_CONTEXT(2) 
PARAMETRIC_REPRESENTATION_CONTEXT() REPRESENTATION_CONTEXT('2D SPACE',''
  ) );
#1148 = PCURVE('',#1116,#1149);
#1149 = DEFINITIONAL_REPRESENTATION('',(#1150),#1153);
#1150 = B_SPLINE_CURVE_WITH_KNOTS('',1,(#1151,#1152),.UNSPECIFIED.,.F.,
  .F.,(2,2),(4.712388980385,6.28318530718),.PIECEWISE_BEZIER_KNOTS.);
#1151 = CARTESIAN_POINT('',(0.,-1.570796326795));
#1152 = CARTESIAN_POINT('',(0.,0.));
#1153 = ( GEOMETRIC_REPRESENTATION_CONTEXT(2) 
PARAMETRIC_REPRESENTATION_CONTEXT() REPRESENTATION_CONTEXT('2D SPACE',''
  ) );
#1154 = ORIENTED_EDGE('',*,*,#1155,.T.);
#1155 = EDGE_CURVE('',#1134,#1156,#1158,.T.);
#1156 = VERTEX_POINT('',#1157);
#1157 = CARTESIAN_POINT('',(15.,145.,0.));
#1158 = SURFACE_CURVE('',#1159,(#1163,#1170),.PCURVE_S1.);
#1159 = LINE('',#1160,#1161);
#1160 = CARTESIAN_POINT('',(15.,0.,-3.552713678801E-15));
#1161 = VECTOR('',#1162,1.);
#1162 = DIRECTION('',(-0.,1.,0.));
#1163 = PCURVE('',#708,#1164);
#1164 = DEFINITIONAL_REPRESENTATION('',(#1165),#1169);
#1165 = LINE('',#1166,#1167);
#1166 = CARTESIAN_POINT('',(-1.570796326795,0.));
#1167 = VECTOR('',#1168,1.);
#1168 = DIRECTION('',(-0.,1.));
#1169 = ( GEOMETRIC_REPRESENTATION_CONTEXT(2) 
PARAMETRIC_REPRESENTATION_CONTEXT() REPRESENTATION_CONTEXT('2D SPACE',''
  ) );
#1170 = PCURVE('',#1171,#1176);
#1171 = PLANE('',#1172);
#1172 = AXIS2_PLACEMENT_3D('',#1173,#1174,#1175);
#1173 = CARTESIAN_POINT('',(0.,0.,0.));
#1174 = DIRECTION('',(0.,0.,1.));
#1175 = DIRECTION('',(1.,0.,-0.));
#1176 = DEFINITIONAL_REPRESENTATION('',(#1177),#1181);
#1177 = LINE('',#1178,#1179);
#1178 = CARTESIAN_POINT('',(15.,0.));
#1179 = VECTOR('',#1180,1.);
#1180 = DIRECTION('',(0.,1.));
#1181 = ( GEOMETRIC_REPRESENTATION_CONTEXT(2) 
PARAMETRIC_REPRESENTATION_CONTEXT() REPRESENTATION_CONTEXT('2D SPACE',''
  ) );
#1182 = ORIENTED_EDGE('',*,*,#1183,.T.);
#1183 = EDGE_CURVE('',#1156,#693,#1184,.T.);
#1184 = SURFACE_CURVE('',#1185,(#1190,#1196),.PCURVE_S1.);
#1185 = CIRCLE('',#1186,15.);
#1186 = AXIS2_PLACEMENT_3D('',#1187,#1188,#1189);
#1187 = CARTESIAN_POINT('',(15.,145.,15.));
#1188 = DIRECTION('',(0.,1.,-0.));
#1189 = DIRECTION('',(-1.,0.,0.));
#1190 = PCURVE('',#708,#1191);
#1191 = DEFINITIONAL_REPRESENTATION('',(#1192),#1195);
#1192 = B_SPLINE_CURVE_WITH_KNOTS('',1,(#1193,#1194),.UNSPECIFIED.,.F.,
  .F.,(2,2),(4.712388980385,6.28318530718),.PIECEWISE_BEZIER_KNOTS.);
#1193 = CARTESIAN_POINT('',(-1.570796326795,145.));
#1194 = CARTESIAN_POINT('',(0.,145.));
#1195 = ( GEOMETRIC_REPRESENTATION_CONTEXT(2) 
PARAMETRIC_REPRESENTATION_CONTEXT() REPRESENTATION_CONTEXT('2D SPACE',''
  ) );
#1196 = PCURVE('',#1197,#1202);
#1197 = SPHERICAL_SURFACE('',#1198,15.);
#1198 = AXIS2_PLACEMENT_3D('',#1199,#1200,#1201);
#1199 = CARTESIAN_POINT('',(15.,145.,15.));
#1200 = DIRECTION('',(0.,0.,1.));
#1201 = DIRECTION('',(-1.,0.,0.));
#1202 = DEFINITIONAL_REPRESENTATION('',(#1203),#1206);
#1203 = B_SPLINE_CURVE_WITH_KNOTS('',1,(#1204,#1205),.UNSPECIFIED.,.F.,
  .F.,(2,2),(4.712388980385,6.28318530718),.PIECEWISE_BEZIER_KNOTS.);
#1204 = CARTESIAN_POINT('',(0.,-1.570796326795));
#1205 = CARTESIAN_POINT('',(0.,0.));
#1206 = ( GEOMETRIC_REPRESENTATION_CONTEXT(2) 
PARAMETRIC_REPRESENTATION_CONTEXT() REPRESENTATION_CONTEXT('2D SPACE',''
  ) );
#1207 = ORIENTED_EDGE('',*,*,#692,.F.);
#1208 = ADVANCED_FACE('',(#1209),#734,.T.);
#1209 = FACE_BOUND('',#1210,.F.);
#1210 = EDGE_LOOP('',(#1211,#1212,#1234,#1235));
#1211 = ORIENTED_EDGE('',*,*,#720,.F.);
#1212 = ORIENTED_EDGE('',*,*,#1213,.T.);
#1213 = EDGE_CURVE('',#693,#884,#1214,.T.);
#1214 = SURFACE_CURVE('',#1215,(#1220,#1227),.PCURVE_S1.);
#1215 = CIRCLE('',#1216,15.);
#1216 = AXIS2_PLACEMENT_3D('',#1217,#1218,#1219);
#1217 = CARTESIAN_POINT('',(15.,145.,15.));
#1218 = DIRECTION('',(-0.,0.,-1.));
#1219 = DIRECTION('',(-1.,0.,0.));
#1220 = PCURVE('',#734,#1221);
#1221 = DEFINITIONAL_REPRESENTATION('',(#1222),#1226);
#1222 = LINE('',#1223,#1224);
#1223 = CARTESIAN_POINT('',(-0.,15.));
#1224 = VECTOR('',#1225,1.);
#1225 = DIRECTION('',(-1.,0.));
#1226 = ( GEOMETRIC_REPRESENTATION_CONTEXT(2) 
PARAMETRIC_REPRESENTATION_CONTEXT() REPRESENTATION_CONTEXT('2D SPACE',''
  ) );
#1227 = PCURVE('',#1197,#1228);
#1228 = DEFINITIONAL_REPRESENTATION('',(#1229),#1233);
#1229 = LINE('',#1230,#1231);
#1230 = CARTESIAN_POINT('',(-0.,0.));
#1231 = VECTOR('',#1232,1.);
#1232 = DIRECTION('',(-1.,0.));
#1233 = ( GEOMETRIC_REPRESENTATION_CONTEXT(2) 
PARAMETRIC_REPRESENTATION_CONTEXT() REPRESENTATION_CONTEXT('2D SPACE',''
  ) );
#1234 = ORIENTED_EDGE('',*,*,#883,.T.);
#1235 = ORIENTED_EDGE('',*,*,#750,.T.);
#1236 = ADVANCED_FACE('',(#1237),#841,.T.);
#1237 = FACE_BOUND('',#1238,.T.);
#1238 = EDGE_LOOP('',(#1239,#1259,#1282,#1307));
#1239 = ORIENTED_EDGE('',*,*,#1240,.F.);
#1240 = EDGE_CURVE('',#1134,#776,#1241,.T.);
#1241 = SURFACE_CURVE('',#1242,(#1247,#1253),.PCURVE_S1.);
#1242 = CIRCLE('',#1243,15.);
#1243 = AXIS2_PLACEMENT_3D('',#1244,#1245,#1246);
#1244 = CARTESIAN_POINT('',(15.,15.,15.));
#1245 = DIRECTION('',(-1.,6.123233995737E-17,0.));
#1246 = DIRECTION('',(-6.123233995737E-17,-1.,0.));
#1247 = PCURVE('',#841,#1248);
#1248 = DEFINITIONAL_REPRESENTATION('',(#1249),#1252);
#1249 = B_SPLINE_CURVE_WITH_KNOTS('',1,(#1250,#1251),.UNSPECIFIED.,.F.,
  .F.,(2,2),(4.712388980385,6.28318530718),.PIECEWISE_BEZIER_KNOTS.);
#1250 = CARTESIAN_POINT('',(1.570796326795,15.));
#1251 = CARTESIAN_POINT('',(0.,15.));
#1252 = ( GEOMETRIC_REPRESENTATION_CONTEXT(2) 
PARAMETRIC_REPRESENTATION_CONTEXT() REPRESENTATION_CONTEXT('2D SPACE',''
  ) );
#1253 = PCURVE('',#1116,#1254);
#1254 = DEFINITIONAL_REPRESENTATION('',(#1255),#1258);
#1255 = B_SPLINE_CURVE_WITH_KNOTS('',1,(#1256,#1257),.UNSPECIFIED.,.F.,
  .F.,(2,2),(4.712388980385,6.28318530718),.PIECEWISE_BEZIER_KNOTS.);
#1256 = CARTESIAN_POINT('',(1.570796326795,-1.570796326795));
#1257 = CARTESIAN_POINT('',(1.570796326795,0.));
#1258 = ( GEOMETRIC_REPRESENTATION_CONTEXT(2) 
PARAMETRIC_REPRESENTATION_CONTEXT() REPRESENTATION_CONTEXT('2D SPACE',''
  ) );
#1259 = ORIENTED_EDGE('',*,*,#1260,.T.);
#1260 = EDGE_CURVE('',#1134,#1261,#1263,.T.);
#1261 = VERTEX_POINT('',#1262);
#1262 = CARTESIAN_POINT('',(225.,15.,0.));
#1263 = SURFACE_CURVE('',#1264,(#1268,#1275),.PCURVE_S1.);
#1264 = LINE('',#1265,#1266);
#1265 = CARTESIAN_POINT('',(0.,15.,-3.552713678801E-15));
#1266 = VECTOR('',#1267,1.);
#1267 = DIRECTION('',(1.,0.,-0.));
#1268 = PCURVE('',#841,#1269);
#1269 = DEFINITIONAL_REPRESENTATION('',(#1270),#1274);
#1270 = LINE('',#1271,#1272);
#1271 = CARTESIAN_POINT('',(1.570796326795,0.));
#1272 = VECTOR('',#1273,1.);
#1273 = DIRECTION('',(0.,1.));
#1274 = ( GEOMETRIC_REPRESENTATION_CONTEXT(2) 
PARAMETRIC_REPRESENTATION_CONTEXT() REPRESENTATION_CONTEXT('2D SPACE',''
  ) );
#1275 = PCURVE('',#1171,#1276);
#1276 = DEFINITIONAL_REPRESENTATION('',(#1277),#1281);
#1277 = LINE('',#1278,#1279);
#1278 = CARTESIAN_POINT('',(0.,15.));
#1279 = VECTOR('',#1280,1.);
#1280 = DIRECTION('',(1.,0.));
#1281 = ( GEOMETRIC_REPRESENTATION_CONTEXT(2) 
PARAMETRIC_REPRESENTATION_CONTEXT() REPRESENTATION_CONTEXT('2D SPACE',''
  ) );
#1282 = ORIENTED_EDGE('',*,*,#1283,.T.);
#1283 = EDGE_CURVE('',#1261,#800,#1284,.T.);
#1284 = SURFACE_CURVE('',#1285,(#1290,#1296),.PCURVE_S1.);
#1285 = CIRCLE('',#1286,15.);
#1286 = AXIS2_PLACEMENT_3D('',#1287,#1288,#1289);
#1287 = CARTESIAN_POINT('',(225.,15.,15.));
#1288 = DIRECTION('',(-1.,-6.123233995737E-17,0.));
#1289 = DIRECTION('',(6.123233995737E-17,-1.,-0.));
#1290 = PCURVE('',#841,#1291);
#1291 = DEFINITIONAL_REPRESENTATION('',(#1292),#1295);
#1292 = B_SPLINE_CURVE_WITH_KNOTS('',1,(#1293,#1294),.UNSPECIFIED.,.F.,
  .F.,(2,2),(4.712388980385,6.28318530718),.PIECEWISE_BEZIER_KNOTS.);
#1293 = CARTESIAN_POINT('',(1.570796326795,225.));
#1294 = CARTESIAN_POINT('',(0.,225.));
#1295 = ( GEOMETRIC_REPRESENTATION_CONTEXT(2) 
PARAMETRIC_REPRESENTATION_CONTEXT() REPRESENTATION_CONTEXT('2D SPACE',''
  ) );
#1296 = PCURVE('',#1297,#1302);
#1297 = SPHERICAL_SURFACE('',#1298,15.);
#1298 = AXIS2_PLACEMENT_3D('',#1299,#1300,#1301);
#1299 = CARTESIAN_POINT('',(225.,15.,15.));
#1300 = DIRECTION('',(0.,0.,1.));
#1301 = DIRECTION('',(1.,0.,-0.));
#1302 = DEFINITIONAL_REPRESENTATION('',(#1303),#1306);
#1303 = B_SPLINE_CURVE_WITH_KNOTS('',1,(#1304,#1305),.UNSPECIFIED.,.F.,
  .F.,(2,2),(4.712388980385,6.28318530718),.PIECEWISE_BEZIER_KNOTS.);
#1304 = CARTESIAN_POINT('',(-1.570796326795,-1.570796326795));
#1305 = CARTESIAN_POINT('',(-1.570796326795,0.));
#1306 = ( GEOMETRIC_REPRESENTATION_CONTEXT(2) 
PARAMETRIC_REPRESENTATION_CONTEXT() REPRESENTATION_CONTEXT('2D SPACE',''
  ) );
#1307 = ORIENTED_EDGE('',*,*,#827,.F.);
#1308 = ADVANCED_FACE('',(#1309),#815,.T.);
#1309 = FACE_BOUND('',#1310,.F.);
#1310 = EDGE_LOOP('',(#1311,#1312,#1334,#1335));
#1311 = ORIENTED_EDGE('',*,*,#989,.F.);
#1312 = ORIENTED_EDGE('',*,*,#1313,.T.);
#1313 = EDGE_CURVE('',#990,#800,#1314,.T.);
#1314 = SURFACE_CURVE('',#1315,(#1320,#1327),.PCURVE_S1.);
#1315 = CIRCLE('',#1316,15.);
#1316 = AXIS2_PLACEMENT_3D('',#1317,#1318,#1319);
#1317 = CARTESIAN_POINT('',(225.,15.,15.));
#1318 = DIRECTION('',(0.,-0.,-1.));
#1319 = DIRECTION('',(1.,0.,-0.));
#1320 = PCURVE('',#815,#1321);
#1321 = DEFINITIONAL_REPRESENTATION('',(#1322),#1326);
#1322 = LINE('',#1323,#1324);
#1323 = CARTESIAN_POINT('',(-0.,15.));
#1324 = VECTOR('',#1325,1.);
#1325 = DIRECTION('',(-1.,0.));
#1326 = ( GEOMETRIC_REPRESENTATION_CONTEXT(2) 
PARAMETRIC_REPRESENTATION_CONTEXT() REPRESENTATION_CONTEXT('2D SPACE',''
  ) );
#1327 = PCURVE('',#1297,#1328);
#1328 = DEFINITIONAL_REPRESENTATION('',(#1329),#1333);
#1329 = LINE('',#1330,#1331);
#1330 = CARTESIAN_POINT('',(-0.,0.));
#1331 = VECTOR('',#1332,1.);
#1332 = DIRECTION('',(-1.,0.));
#1333 = ( GEOMETRIC_REPRESENTATION_CONTEXT(2) 
PARAMETRIC_REPRESENTATION_CONTEXT() REPRESENTATION_CONTEXT('2D SPACE',''
  ) );
#1334 = ORIENTED_EDGE('',*,*,#799,.T.);
#1335 = ORIENTED_EDGE('',*,*,#858,.F.);
#1336 = ADVANCED_FACE('',(#1337),#949,.T.);
#1337 = FACE_BOUND('',#1338,.F.);
#1338 = EDGE_LOOP('',(#1339,#1359,#1382,#1407));
#1339 = ORIENTED_EDGE('',*,*,#1340,.F.);
#1340 = EDGE_CURVE('',#1156,#884,#1341,.T.);
#1341 = SURFACE_CURVE('',#1342,(#1347,#1353),.PCURVE_S1.);
#1342 = CIRCLE('',#1343,15.);
#1343 = AXIS2_PLACEMENT_3D('',#1344,#1345,#1346);
#1344 = CARTESIAN_POINT('',(15.,145.,15.));
#1345 = DIRECTION('',(1.,6.123233995737E-17,-0.));
#1346 = DIRECTION('',(-6.123233995737E-17,1.,0.));
#1347 = PCURVE('',#949,#1348);
#1348 = DEFINITIONAL_REPRESENTATION('',(#1349),#1352);
#1349 = B_SPLINE_CURVE_WITH_KNOTS('',1,(#1350,#1351),.UNSPECIFIED.,.F.,
  .F.,(2,2),(4.712388980385,6.28318530718),.PIECEWISE_BEZIER_KNOTS.);
#1350 = CARTESIAN_POINT('',(-1.570796326795,15.));
#1351 = CARTESIAN_POINT('',(0.,15.));
#1352 = ( GEOMETRIC_REPRESENTATION_CONTEXT(2) 
PARAMETRIC_REPRESENTATION_CONTEXT() REPRESENTATION_CONTEXT('2D SPACE',''
  ) );
#1353 = PCURVE('',#1197,#1354);
#1354 = DEFINITIONAL_REPRESENTATION('',(#1355),#1358);
#1355 = B_SPLINE_CURVE_WITH_KNOTS('',1,(#1356,#1357),.UNSPECIFIED.,.F.,
  .F.,(2,2),(4.712388980385,6.28318530718),.PIECEWISE_BEZIER_KNOTS.);
#1356 = CARTESIAN_POINT('',(-1.570796326795,-1.570796326795));
#1357 = CARTESIAN_POINT('',(-1.570796326795,0.));
#1358 = ( GEOMETRIC_REPRESENTATION_CONTEXT(2) 
PARAMETRIC_REPRESENTATION_CONTEXT() REPRESENTATION_CONTEXT('2D SPACE',''
  ) );
#1359 = ORIENTED_EDGE('',*,*,#1360,.T.);
#1360 = EDGE_CURVE('',#1156,#1361,#1363,.T.);
#1361 = VERTEX_POINT('',#1362);
#1362 = CARTESIAN_POINT('',(225.,145.,0.));
#1363 = SURFACE_CURVE('',#1364,(#1368,#1375),.PCURVE_S1.);
#1364 = LINE('',#1365,#1366);
#1365 = CARTESIAN_POINT('',(0.,145.,-3.552713678801E-15));
#1366 = VECTOR('',#1367,1.);
#1367 = DIRECTION('',(1.,0.,-0.));
#1368 = PCURVE('',#949,#1369);
#1369 = DEFINITIONAL_REPRESENTATION('',(#1370),#1374);
#1370 = LINE('',#1371,#1372);
#1371 = CARTESIAN_POINT('',(-1.570796326795,0.));
#1372 = VECTOR('',#1373,1.);
#1373 = DIRECTION('',(-0.,1.));
#1374 = ( GEOMETRIC_REPRESENTATION_CONTEXT(2) 
PARAMETRIC_REPRESENTATION_CONTEXT() REPRESENTATION_CONTEXT('2D SPACE',''
  ) );
#1375 = PCURVE('',#1171,#1376);
#1376 = DEFINITIONAL_REPRESENTATION('',(#1377),#1381);
#1377 = LINE('',#1378,#1379);
#1378 = CARTESIAN_POINT('',(0.,145.));
#1379 = VECTOR('',#1380,1.);
#1380 = DIRECTION('',(1.,0.));
#1381 = ( GEOMETRIC_REPRESENTATION_CONTEXT(2) 
PARAMETRIC_REPRESENTATION_CONTEXT() REPRESENTATION_CONTEXT('2D SPACE',''
  ) );
#1382 = ORIENTED_EDGE('',*,*,#1383,.T.);
#1383 = EDGE_CURVE('',#1361,#908,#1384,.T.);
#1384 = SURFACE_CURVE('',#1385,(#1390,#1396),.PCURVE_S1.);
#1385 = CIRCLE('',#1386,15.);
#1386 = AXIS2_PLACEMENT_3D('',#1387,#1388,#1389);
#1387 = CARTESIAN_POINT('',(225.,145.,15.));
#1388 = DIRECTION('',(1.,-6.123233995737E-17,0.));
#1389 = DIRECTION('',(6.123233995737E-17,1.,0.));
#1390 = PCURVE('',#949,#1391);
#1391 = DEFINITIONAL_REPRESENTATION('',(#1392),#1395);
#1392 = B_SPLINE_CURVE_WITH_KNOTS('',1,(#1393,#1394),.UNSPECIFIED.,.F.,
  .F.,(2,2),(4.712388980385,6.28318530718),.PIECEWISE_BEZIER_KNOTS.);
#1393 = CARTESIAN_POINT('',(-1.570796326795,225.));
#1394 = CARTESIAN_POINT('',(0.,225.));
#1395 = ( GEOMETRIC_REPRESENTATION_CONTEXT(2) 
PARAMETRIC_REPRESENTATION_CONTEXT() REPRESENTATION_CONTEXT('2D SPACE',''
  ) );
#1396 = PCURVE('',#1397,#1402);
#1397 = SPHERICAL_SURFACE('',#1398,15.);
#1398 = AXIS2_PLACEMENT_3D('',#1399,#1400,#1401);
#1399 = CARTESIAN_POINT('',(225.,145.,15.));
#1400 = DIRECTION('',(0.,0.,1.));
#1401 = DIRECTION('',(1.,0.,-0.));
#1402 = DEFINITIONAL_REPRESENTATION('',(#1403),#1406);
#1403 = B_SPLINE_CURVE_WITH_KNOTS('',1,(#1404,#1405),.UNSPECIFIED.,.F.,
  .F.,(2,2),(4.712388980385,6.28318530718),.PIECEWISE_BEZIER_KNOTS.);
#1404 = CARTESIAN_POINT('',(1.570796326795,-1.570796326795));
#1405 = CARTESIAN_POINT('',(1.570796326795,0.));
#1406 = ( GEOMETRIC_REPRESENTATION_CONTEXT(2) 
PARAMETRIC_REPRESENTATION_CONTEXT() REPRESENTATION_CONTEXT('2D SPACE',''
  ) );
#1407 = ORIENTED_EDGE('',*,*,#935,.F.);
#1408 = ADVANCED_FACE('',(#1409),#923,.T.);
#1409 = FACE_BOUND('',#1410,.T.);
#1410 = EDGE_LOOP('',(#1411,#1412,#1434,#1435));
#1411 = ORIENTED_EDGE('',*,*,#1040,.F.);
#1412 = ORIENTED_EDGE('',*,*,#1413,.T.);
#1413 = EDGE_CURVE('',#1013,#908,#1414,.T.);
#1414 = SURFACE_CURVE('',#1415,(#1420,#1427),.PCURVE_S1.);
#1415 = CIRCLE('',#1416,15.);
#1416 = AXIS2_PLACEMENT_3D('',#1417,#1418,#1419);
#1417 = CARTESIAN_POINT('',(225.,145.,15.));
#1418 = DIRECTION('',(0.,0.,1.));
#1419 = DIRECTION('',(1.,0.,-0.));
#1420 = PCURVE('',#923,#1421);
#1421 = DEFINITIONAL_REPRESENTATION('',(#1422),#1426);
#1422 = LINE('',#1423,#1424);
#1423 = CARTESIAN_POINT('',(0.,15.));
#1424 = VECTOR('',#1425,1.);
#1425 = DIRECTION('',(1.,0.));
#1426 = ( GEOMETRIC_REPRESENTATION_CONTEXT(2) 
PARAMETRIC_REPRESENTATION_CONTEXT() REPRESENTATION_CONTEXT('2D SPACE',''
  ) );
#1427 = PCURVE('',#1397,#1428);
#1428 = DEFINITIONAL_REPRESENTATION('',(#1429),#1433);
#1429 = LINE('',#1430,#1431);
#1430 = CARTESIAN_POINT('',(0.,0.));
#1431 = VECTOR('',#1432,1.);
#1432 = DIRECTION('',(1.,0.));
#1433 = ( GEOMETRIC_REPRESENTATION_CONTEXT(2) 
PARAMETRIC_REPRESENTATION_CONTEXT() REPRESENTATION_CONTEXT('2D SPACE',''
  ) );
#1434 = ORIENTED_EDGE('',*,*,#907,.T.);
#1435 = ORIENTED_EDGE('',*,*,#964,.T.);
#1436 = ADVANCED_FACE('',(#1437),#1028,.T.);
#1437 = FACE_BOUND('',#1438,.T.);
#1438 = EDGE_LOOP('',(#1439,#1459,#1480,#1500));
#1439 = ORIENTED_EDGE('',*,*,#1440,.F.);
#1440 = EDGE_CURVE('',#1261,#990,#1441,.T.);
#1441 = SURFACE_CURVE('',#1442,(#1447,#1453),.PCURVE_S1.);
#1442 = CIRCLE('',#1443,15.);
#1443 = AXIS2_PLACEMENT_3D('',#1444,#1445,#1446);
#1444 = CARTESIAN_POINT('',(225.,15.,15.));
#1445 = DIRECTION('',(0.,-1.,0.));
#1446 = DIRECTION('',(1.,0.,0.));
#1447 = PCURVE('',#1028,#1448);
#1448 = DEFINITIONAL_REPRESENTATION('',(#1449),#1452);
#1449 = B_SPLINE_CURVE_WITH_KNOTS('',1,(#1450,#1451),.UNSPECIFIED.,.F.,
  .F.,(2,2),(4.712388980385,6.28318530718),.PIECEWISE_BEZIER_KNOTS.);
#1450 = CARTESIAN_POINT('',(1.570796326795,15.));
#1451 = CARTESIAN_POINT('',(0.,15.));
#1452 = ( GEOMETRIC_REPRESENTATION_CONTEXT(2) 
PARAMETRIC_REPRESENTATION_CONTEXT() REPRESENTATION_CONTEXT('2D SPACE',''
  ) );
#1453 = PCURVE('',#1297,#1454);
#1454 = DEFINITIONAL_REPRESENTATION('',(#1455),#1458);
#1455 = B_SPLINE_CURVE_WITH_KNOTS('',1,(#1456,#1457),.UNSPECIFIED.,.F.,
  .F.,(2,2),(4.712388980385,6.28318530718),.PIECEWISE_BEZIER_KNOTS.);
#1456 = CARTESIAN_POINT('',(0.,-1.570796326795));
#1457 = CARTESIAN_POINT('',(0.,0.));
#1458 = ( GEOMETRIC_REPRESENTATION_CONTEXT(2) 
PARAMETRIC_REPRESENTATION_CONTEXT() REPRESENTATION_CONTEXT('2D SPACE',''
  ) );
#1459 = ORIENTED_EDGE('',*,*,#1460,.T.);
#1460 = EDGE_CURVE('',#1261,#1361,#1461,.T.);
#1461 = SURFACE_CURVE('',#1462,(#1466,#1473),.PCURVE_S1.);
#1462 = LINE('',#1463,#1464);
#1463 = CARTESIAN_POINT('',(225.,0.,-3.552713678801E-15));
#1464 = VECTOR('',#1465,1.);
#1465 = DIRECTION('',(-0.,1.,0.));
#1466 = PCURVE('',#1028,#1467);
#1467 = DEFINITIONAL_REPRESENTATION('',(#1468),#1472);
#1468 = LINE('',#1469,#1470);
#1469 = CARTESIAN_POINT('',(1.570796326795,0.));
#1470 = VECTOR('',#1471,1.);
#1471 = DIRECTION('',(0.,1.));
#1472 = ( GEOMETRIC_REPRESENTATION_CONTEXT(2) 
PARAMETRIC_REPRESENTATION_CONTEXT() REPRESENTATION_CONTEXT('2D SPACE',''
  ) );
#1473 = PCURVE('',#1171,#1474);
#1474 = DEFINITIONAL_REPRESENTATION('',(#1475),#1479);
#1475 = LINE('',#1476,#1477);
#1476 = CARTESIAN_POINT('',(225.,0.));
#1477 = VECTOR('',#1478,1.);
#1478 = DIRECTION('',(0.,1.));
#1479 = ( GEOMETRIC_REPRESENTATION_CONTEXT(2) 
PARAMETRIC_REPRESENTATION_CONTEXT() REPRESENTATION_CONTEXT('2D SPACE',''
  ) );
#1480 = ORIENTED_EDGE('',*,*,#1481,.T.);
#1481 = EDGE_CURVE('',#1361,#1013,#1482,.T.);
#1482 = SURFACE_CURVE('',#1483,(#1488,#1494),.PCURVE_S1.);
#1483 = CIRCLE('',#1484,15.);
#1484 = AXIS2_PLACEMENT_3D('',#1485,#1486,#1487);
#1485 = CARTESIAN_POINT('',(225.,145.,15.));
#1486 = DIRECTION('',(0.,-1.,0.));
#1487 = DIRECTION('',(1.,0.,0.));
#1488 = PCURVE('',#1028,#1489);
#1489 = DEFINITIONAL_REPRESENTATION('',(#1490),#1493);
#1490 = B_SPLINE_CURVE_WITH_KNOTS('',1,(#1491,#1492),.UNSPECIFIED.,.F.,
  .F.,(2,2),(4.712388980385,6.28318530718),.PIECEWISE_BEZIER_KNOTS.);
#1491 = CARTESIAN_POINT('',(1.570796326795,145.));
#1492 = CARTESIAN_POINT('',(0.,145.));
#1493 = ( GEOMETRIC_REPRESENTATION_CONTEXT(2) 
PARAMETRIC_REPRESENTATION_CONTEXT() REPRESENTATION_CONTEXT('2D SPACE',''
  ) );
#1494 = PCURVE('',#1397,#1495);
#1495 = DEFINITIONAL_REPRESENTATION('',(#1496),#1499);
#1496 = B_SPLINE_CURVE_WITH_KNOTS('',1,(#1497,#1498),.UNSPECIFIED.,.F.,
  .F.,(2,2),(4.712388980385,6.28318530718),.PIECEWISE_BEZIER_KNOTS.);
#1497 = CARTESIAN_POINT('',(0.,-1.570796326795));
#1498 = CARTESIAN_POINT('',(0.,0.));
#1499 = ( GEOMETRIC_REPRESENTATION_CONTEXT(2) 
PARAMETRIC_REPRESENTATION_CONTEXT() REPRESENTATION_CONTEXT('2D SPACE',''
  ) );
#1500 = ORIENTED_EDGE('',*,*,#1012,.F.);
#1501 = ADVANCED_FACE('',(#1502,#1616),#1082,.F.);
#1502 = FACE_BOUND('',#1503,.F.);
#1503 = EDGE_LOOP('',(#1504,#1534,#1562,#1590));
#1504 = ORIENTED_EDGE('',*,*,#1505,.F.);
#1505 = EDGE_CURVE('',#1506,#1508,#1510,.T.);
#1506 = VERTEX_POINT('',#1507);
#1507 = CARTESIAN_POINT('',(15.,15.,136.));
#1508 = VERTEX_POINT('',#1509);
#1509 = CARTESIAN_POINT('',(15.,145.,136.));
#1510 = SURFACE_CURVE('',#1511,(#1515,#1522),.PCURVE_S1.);
#1511 = LINE('',#1512,#1513);
#1512 = CARTESIAN_POINT('',(15.,4.,136.));
#1513 = VECTOR('',#1514,1.);
#1514 = DIRECTION('',(-0.,1.,0.));
#1515 = PCURVE('',#1082,#1516);
#1516 = DEFINITIONAL_REPRESENTATION('',(#1517),#1521);
#1517 = LINE('',#1518,#1519);
#1518 = CARTESIAN_POINT('',(11.,0.));
#1519 = VECTOR('',#1520,1.);
#1520 = DIRECTION('',(0.,1.));
#1521 = ( GEOMETRIC_REPRESENTATION_CONTEXT(2) 
PARAMETRIC_REPRESENTATION_CONTEXT() REPRESENTATION_CONTEXT('2D SPACE',''
  ) );
#1522 = PCURVE('',#1523,#1528);
#1523 = CYLINDRICAL_SURFACE('',#1524,11.);
#1524 = AXIS2_PLACEMENT_3D('',#1525,#1526,#1527);
#1525 = CARTESIAN_POINT('',(15.,4.,125.));
#1526 = DIRECTION('',(-0.,1.,0.));
#1527 = DIRECTION('',(-1.,-0.,0.));
#1528 = DEFINITIONAL_REPRESENTATION('',(#1529),#1533);
#1529 = LINE('',#1530,#1531);
#1530 = CARTESIAN_POINT('',(1.570796326795,0.));
#1531 = VECTOR('',#1532,1.);
#1532 = DIRECTION('',(0.,1.));
#1533 = ( GEOMETRIC_REPRESENTATION_CONTEXT(2) 
PARAMETRIC_REPRESENTATION_CONTEXT() REPRESENTATION_CONTEXT('2D SPACE',''
  ) );
#1534 = ORIENTED_EDGE('',*,*,#1535,.T.);
#1535 = EDGE_CURVE('',#1506,#1536,#1538,.T.);
#1536 = VERTEX_POINT('',#1537);
#1537 = CARTESIAN_POINT('',(225.,15.,136.));
#1538 = SURFACE_CURVE('',#1539,(#1543,#1550),.PCURVE_S1.);
#1539 = LINE('',#1540,#1541);
#1540 = CARTESIAN_POINT('',(4.,15.,136.));
#1541 = VECTOR('',#1542,1.);
#1542 = DIRECTION('',(1.,0.,-0.));
#1543 = PCURVE('',#1082,#1544);
#1544 = DEFINITIONAL_REPRESENTATION('',(#1545),#1549);
#1545 = LINE('',#1546,#1547);
#1546 = CARTESIAN_POINT('',(0.,11.));
#1547 = VECTOR('',#1548,1.);
#1548 = DIRECTION('',(1.,0.));
#1549 = ( GEOMETRIC_REPRESENTATION_CONTEXT(2) 
PARAMETRIC_REPRESENTATION_CONTEXT() REPRESENTATION_CONTEXT('2D SPACE',''
  ) );
#1550 = PCURVE('',#1551,#1556);
#1551 = CYLINDRICAL_SURFACE('',#1552,11.);
#1552 = AXIS2_PLACEMENT_3D('',#1553,#1554,#1555);
#1553 = CARTESIAN_POINT('',(4.,15.,125.));
#1554 = DIRECTION('',(1.,0.,-0.));
#1555 = DIRECTION('',(0.,-1.,0.));
#1556 = DEFINITIONAL_REPRESENTATION('',(#1557),#1561);
#1557 = LINE('',#1558,#1559);
#1558 = CARTESIAN_POINT('',(-1.570796326795,0.));
#1559 = VECTOR('',#1560,1.);
#1560 = DIRECTION('',(-0.,1.));
#1561 = ( GEOMETRIC_REPRESENTATION_CONTEXT(2) 
PARAMETRIC_REPRESENTATION_CONTEXT() REPRESENTATION_CONTEXT('2D SPACE',''
  ) );
#1562 = ORIENTED_EDGE('',*,*,#1563,.T.);
#1563 = EDGE_CURVE('',#1536,#1564,#1566,.T.);
#1564 = VERTEX_POINT('',#1565);
#1565 = CARTESIAN_POINT('',(225.,145.,136.));
#1566 = SURFACE_CURVE('',#1567,(#1571,#1578),.PCURVE_S1.);
#1567 = LINE('',#1568,#1569);
#1568 = CARTESIAN_POINT('',(225.,4.,136.));
#1569 = VECTOR('',#1570,1.);
#1570 = DIRECTION('',(-0.,1.,0.));
#1571 = PCURVE('',#1082,#1572);
#1572 = DEFINITIONAL_REPRESENTATION('',(#1573),#1577);
#1573 = LINE('',#1574,#1575);
#1574 = CARTESIAN_POINT('',(221.,0.));
#1575 = VECTOR('',#1576,1.);
#1576 = DIRECTION('',(0.,1.));
#1577 = ( GEOMETRIC_REPRESENTATION_CONTEXT(2) 
PARAMETRIC_REPRESENTATION_CONTEXT() REPRESENTATION_CONTEXT('2D SPACE',''
  ) );
#1578 = PCURVE('',#1579,#1584);
#1579 = CYLINDRICAL_SURFACE('',#1580,11.);
#1580 = AXIS2_PLACEMENT_3D('',#1581,#1582,#1583);
#1581 = CARTESIAN_POINT('',(225.,4.,125.));
#1582 = DIRECTION('',(-0.,1.,0.));
#1583 = DIRECTION('',(1.,0.,-0.));
#1584 = DEFINITIONAL_REPRESENTATION('',(#1585),#1589);
#1585 = LINE('',#1586,#1587);
#1586 = CARTESIAN_POINT('',(-1.570796326795,0.));
#1587 = VECTOR('',#1588,1.);
#1588 = DIRECTION('',(-0.,1.));
#1589 = ( GEOMETRIC_REPRESENTATION_CONTEXT(2) 
PARAMETRIC_REPRESENTATION_CONTEXT() REPRESENTATION_CONTEXT('2D SPACE',''
  ) );
#1590 = ORIENTED_EDGE('',*,*,#1591,.F.);
#1591 = EDGE_CURVE('',#1508,#1564,#1592,.T.);
#1592 = SURFACE_CURVE('',#1593,(#1597,#1604),.PCURVE_S1.);
#1593 = LINE('',#1594,#1595);
#1594 = CARTESIAN_POINT('',(4.,145.,136.));
#1595 = VECTOR('',#1596,1.);
#1596 = DIRECTION('',(1.,0.,-0.));
#1597 = PCURVE('',#1082,#1598);
#1598 = DEFINITIONAL_REPRESENTATION('',(#1599),#1603);
#1599 = LINE('',#1600,#1601);
#1600 = CARTESIAN_POINT('',(0.,141.));
#1601 = VECTOR('',#1602,1.);
#1602 = DIRECTION('',(1.,0.));
#1603 = ( GEOMETRIC_REPRESENTATION_CONTEXT(2) 
PARAMETRIC_REPRESENTATION_CONTEXT() REPRESENTATION_CONTEXT('2D SPACE',''
  ) );
#1604 = PCURVE('',#1605,#1610);
#1605 = CYLINDRICAL_SURFACE('',#1606,11.);
#1606 = AXIS2_PLACEMENT_3D('',#1607,#1608,#1609);
#1607 = CARTESIAN_POINT('',(4.,145.,125.));
#1608 = DIRECTION('',(1.,0.,-0.));
#1609 = DIRECTION('',(0.,1.,0.));
#1610 = DEFINITIONAL_REPRESENTATION('',(#1611),#1615);
#1611 = LINE('',#1612,#1613);
#1612 = CARTESIAN_POINT('',(1.570796326795,0.));
#1613 = VECTOR('',#1614,1.);
#1614 = DIRECTION('',(0.,1.));
#1615 = ( GEOMETRIC_REPRESENTATION_CONTEXT(2) 
PARAMETRIC_REPRESENTATION_CONTEXT() REPRESENTATION_CONTEXT('2D SPACE',''
  ) );
#1616 = FACE_BOUND('',#1617,.F.);
#1617 = EDGE_LOOP('',(#1618));
#1618 = ORIENTED_EDGE('',*,*,#1065,.F.);
#1619 = ADVANCED_FACE('',(#1620),#1116,.T.);
#1620 = FACE_BOUND('',#1621,.T.);
#1621 = EDGE_LOOP('',(#1622,#1623,#1624));
#1622 = ORIENTED_EDGE('',*,*,#1133,.F.);
#1623 = ORIENTED_EDGE('',*,*,#1240,.T.);
#1624 = ORIENTED_EDGE('',*,*,#1101,.F.);
#1625 = ADVANCED_FACE('',(#1626),#1171,.F.);
#1626 = FACE_BOUND('',#1627,.F.);
#1627 = EDGE_LOOP('',(#1628,#1629,#1630,#1631));
#1628 = ORIENTED_EDGE('',*,*,#1155,.F.);
#1629 = ORIENTED_EDGE('',*,*,#1260,.T.);
#1630 = ORIENTED_EDGE('',*,*,#1460,.T.);
#1631 = ORIENTED_EDGE('',*,*,#1360,.F.);
#1632 = ADVANCED_FACE('',(#1633),#1197,.T.);
#1633 = FACE_BOUND('',#1634,.F.);
#1634 = EDGE_LOOP('',(#1635,#1636,#1637));
#1635 = ORIENTED_EDGE('',*,*,#1183,.F.);
#1636 = ORIENTED_EDGE('',*,*,#1340,.T.);
#1637 = ORIENTED_EDGE('',*,*,#1213,.F.);
#1638 = ADVANCED_FACE('',(#1639),#1297,.T.);
#1639 = FACE_BOUND('',#1640,.F.);
#1640 = EDGE_LOOP('',(#1641,#1642,#1643));
#1641 = ORIENTED_EDGE('',*,*,#1440,.F.);
#1642 = ORIENTED_EDGE('',*,*,#1283,.T.);
#1643 = ORIENTED_EDGE('',*,*,#1313,.F.);
#1644 = ADVANCED_FACE('',(#1645),#1397,.T.);
#1645 = FACE_BOUND('',#1646,.T.);
#1646 = EDGE_LOOP('',(#1647,#1648,#1649));
#1647 = ORIENTED_EDGE('',*,*,#1481,.F.);
#1648 = ORIENTED_EDGE('',*,*,#1383,.T.);
#1649 = ORIENTED_EDGE('',*,*,#1413,.F.);
#1650 = ADVANCED_FACE('',(#1651),#1523,.F.);
#1651 = FACE_BOUND('',#1652,.F.);
#1652 = EDGE_LOOP('',(#1653,#1680,#1681,#1710));
#1653 = ORIENTED_EDGE('',*,*,#1654,.F.);
#1654 = EDGE_CURVE('',#1506,#1655,#1657,.T.);
#1655 = VERTEX_POINT('',#1656);
#1656 = CARTESIAN_POINT('',(4.,15.,125.));
#1657 = SURFACE_CURVE('',#1658,(#1663,#1669),.PCURVE_S1.);
#1658 = CIRCLE('',#1659,11.);
#1659 = AXIS2_PLACEMENT_3D('',#1660,#1661,#1662);
#1660 = CARTESIAN_POINT('',(15.,15.,125.));
#1661 = DIRECTION('',(0.,-1.,0.));
#1662 = DIRECTION('',(-1.,0.,0.));
#1663 = PCURVE('',#1523,#1664);
#1664 = DEFINITIONAL_REPRESENTATION('',(#1665),#1668);
#1665 = B_SPLINE_CURVE_WITH_KNOTS('',1,(#1666,#1667),.UNSPECIFIED.,.F.,
  .F.,(2,2),(4.712388980385,6.28318530718),.PIECEWISE_BEZIER_KNOTS.);
#1666 = CARTESIAN_POINT('',(1.570796326795,11.));
#1667 = CARTESIAN_POINT('',(0.,11.));
#1668 = ( GEOMETRIC_REPRESENTATION_CONTEXT(2) 
PARAMETRIC_REPRESENTATION_CONTEXT() REPRESENTATION_CONTEXT('2D SPACE',''
  ) );
#1669 = PCURVE('',#1670,#1675);
#1670 = SPHERICAL_SURFACE('',#1671,11.);
#1671 = AXIS2_PLACEMENT_3D('',#1672,#1673,#1674);
#1672 = CARTESIAN_POINT('',(15.,15.,125.));
#1673 = DIRECTION('',(-0.,-0.,-1.));
#1674 = DIRECTION('',(-1.,0.,0.));
#1675 = DEFINITIONAL_REPRESENTATION('',(#1676),#1679);
#1676 = B_SPLINE_CURVE_WITH_KNOTS('',1,(#1677,#1678),.UNSPECIFIED.,.F.,
  .F.,(2,2),(4.712388980385,6.28318530718),.PIECEWISE_BEZIER_KNOTS.);
#1677 = CARTESIAN_POINT('',(0.,-1.570796326795));
#1678 = CARTESIAN_POINT('',(0.,0.));
#1679 = ( GEOMETRIC_REPRESENTATION_CONTEXT(2) 
PARAMETRIC_REPRESENTATION_CONTEXT() REPRESENTATION_CONTEXT('2D SPACE',''
  ) );
#1680 = ORIENTED_EDGE('',*,*,#1505,.T.);
#1681 = ORIENTED_EDGE('',*,*,#1682,.F.);
#1682 = EDGE_CURVE('',#1683,#1508,#1685,.T.);
#1683 = VERTEX_POINT('',#1684);
#1684 = CARTESIAN_POINT('',(4.,145.,125.));
#1685 = SURFACE_CURVE('',#1686,(#1691,#1698),.PCURVE_S1.);
#1686 = CIRCLE('',#1687,11.);
#1687 = AXIS2_PLACEMENT_3D('',#1688,#1689,#1690);
#1688 = CARTESIAN_POINT('',(15.,145.,125.));
#1689 = DIRECTION('',(-0.,1.,0.));
#1690 = DIRECTION('',(-1.,-0.,0.));
#1691 = PCURVE('',#1523,#1692);
#1692 = DEFINITIONAL_REPRESENTATION('',(#1693),#1697);
#1693 = LINE('',#1694,#1695);
#1694 = CARTESIAN_POINT('',(0.,141.));
#1695 = VECTOR('',#1696,1.);
#1696 = DIRECTION('',(1.,0.));
#1697 = ( GEOMETRIC_REPRESENTATION_CONTEXT(2) 
PARAMETRIC_REPRESENTATION_CONTEXT() REPRESENTATION_CONTEXT('2D SPACE',''
  ) );
#1698 = PCURVE('',#1699,#1704);
#1699 = SPHERICAL_SURFACE('',#1700,11.);
#1700 = AXIS2_PLACEMENT_3D('',#1701,#1702,#1703);
#1701 = CARTESIAN_POINT('',(15.,145.,125.));
#1702 = DIRECTION('',(0.,-1.,-0.));
#1703 = DIRECTION('',(-1.,-0.,0.));
#1704 = DEFINITIONAL_REPRESENTATION('',(#1705),#1709);
#1705 = LINE('',#1706,#1707);
#1706 = CARTESIAN_POINT('',(-0.,0.));
#1707 = VECTOR('',#1708,1.);
#1708 = DIRECTION('',(-1.,0.));
#1709 = ( GEOMETRIC_REPRESENTATION_CONTEXT(2) 
PARAMETRIC_REPRESENTATION_CONTEXT() REPRESENTATION_CONTEXT('2D SPACE',''
  ) );
#1710 = ORIENTED_EDGE('',*,*,#1711,.F.);
#1711 = EDGE_CURVE('',#1655,#1683,#1712,.T.);
#1712 = SURFACE_CURVE('',#1713,(#1717,#1724),.PCURVE_S1.);
#1713 = LINE('',#1714,#1715);
#1714 = CARTESIAN_POINT('',(4.,4.,125.));
#1715 = VECTOR('',#1716,1.);
#1716 = DIRECTION('',(-0.,1.,0.));
#1717 = PCURVE('',#1523,#1718);
#1718 = DEFINITIONAL_REPRESENTATION('',(#1719),#1723);
#1719 = LINE('',#1720,#1721);
#1720 = CARTESIAN_POINT('',(0.,0.));
#1721 = VECTOR('',#1722,1.);
#1722 = DIRECTION('',(0.,1.));
#1723 = ( GEOMETRIC_REPRESENTATION_CONTEXT(2) 
PARAMETRIC_REPRESENTATION_CONTEXT() REPRESENTATION_CONTEXT('2D SPACE',''
  ) );
#1724 = PCURVE('',#1725,#1730);
#1725 = PLANE('',#1726);
#1726 = AXIS2_PLACEMENT_3D('',#1727,#1728,#1729);
#1727 = CARTESIAN_POINT('',(4.,4.,4.));
#1728 = DIRECTION('',(1.,0.,-0.));
#1729 = DIRECTION('',(0.,0.,1.));
#1730 = DEFINITIONAL_REPRESENTATION('',(#1731),#1735);
#1731 = LINE('',#1732,#1733);
#1732 = CARTESIAN_POINT('',(121.,0.));
#1733 = VECTOR('',#1734,1.);
#1734 = DIRECTION('',(0.,-1.));
#1735 = ( GEOMETRIC_REPRESENTATION_CONTEXT(2) 
PARAMETRIC_REPRESENTATION_CONTEXT() REPRESENTATION_CONTEXT('2D SPACE',''
  ) );
#1736 = ADVANCED_FACE('',(#1737),#1551,.F.);
#1737 = FACE_BOUND('',#1738,.T.);
#1738 = EDGE_LOOP('',(#1739,#1761,#1762,#1789));
#1739 = ORIENTED_EDGE('',*,*,#1740,.F.);
#1740 = EDGE_CURVE('',#1506,#1741,#1743,.T.);
#1741 = VERTEX_POINT('',#1742);
#1742 = CARTESIAN_POINT('',(15.,4.,125.));
#1743 = SURFACE_CURVE('',#1744,(#1749,#1755),.PCURVE_S1.);
#1744 = CIRCLE('',#1745,11.);
#1745 = AXIS2_PLACEMENT_3D('',#1746,#1747,#1748);
#1746 = CARTESIAN_POINT('',(15.,15.,125.));
#1747 = DIRECTION('',(1.,-6.123233995737E-17,0.));
#1748 = DIRECTION('',(-6.123233995737E-17,-1.,0.));
#1749 = PCURVE('',#1551,#1750);
#1750 = DEFINITIONAL_REPRESENTATION('',(#1751),#1754);
#1751 = B_SPLINE_CURVE_WITH_KNOTS('',1,(#1752,#1753),.UNSPECIFIED.,.F.,
  .F.,(2,2),(4.712388980385,6.28318530718),.PIECEWISE_BEZIER_KNOTS.);
#1752 = CARTESIAN_POINT('',(-1.570796326795,11.));
#1753 = CARTESIAN_POINT('',(0.,11.));
#1754 = ( GEOMETRIC_REPRESENTATION_CONTEXT(2) 
PARAMETRIC_REPRESENTATION_CONTEXT() REPRESENTATION_CONTEXT('2D SPACE',''
  ) );
#1755 = PCURVE('',#1670,#1756);
#1756 = DEFINITIONAL_REPRESENTATION('',(#1757),#1760);
#1757 = B_SPLINE_CURVE_WITH_KNOTS('',1,(#1758,#1759),.UNSPECIFIED.,.F.,
  .F.,(2,2),(4.712388980385,6.28318530718),.PIECEWISE_BEZIER_KNOTS.);
#1758 = CARTESIAN_POINT('',(-1.570796326795,-1.570796326795));
#1759 = CARTESIAN_POINT('',(-1.570796326795,0.));
#1760 = ( GEOMETRIC_REPRESENTATION_CONTEXT(2) 
PARAMETRIC_REPRESENTATION_CONTEXT() REPRESENTATION_CONTEXT('2D SPACE',''
  ) );
#1761 = ORIENTED_EDGE('',*,*,#1535,.T.);
#1762 = ORIENTED_EDGE('',*,*,#1763,.T.);
#1763 = EDGE_CURVE('',#1536,#1764,#1766,.T.);
#1764 = VERTEX_POINT('',#1765);
#1765 = CARTESIAN_POINT('',(225.,4.,125.));
#1766 = SURFACE_CURVE('',#1767,(#1772,#1778),.PCURVE_S1.);
#1767 = CIRCLE('',#1768,11.);
#1768 = AXIS2_PLACEMENT_3D('',#1769,#1770,#1771);
#1769 = CARTESIAN_POINT('',(225.,15.,125.));
#1770 = DIRECTION('',(1.,6.123233995737E-17,0.));
#1771 = DIRECTION('',(6.123233995737E-17,-1.,0.));
#1772 = PCURVE('',#1551,#1773);
#1773 = DEFINITIONAL_REPRESENTATION('',(#1774),#1777);
#1774 = B_SPLINE_CURVE_WITH_KNOTS('',1,(#1775,#1776),.UNSPECIFIED.,.F.,
  .F.,(2,2),(4.712388980385,6.28318530718),.PIECEWISE_BEZIER_KNOTS.);
#1775 = CARTESIAN_POINT('',(-1.570796326795,221.));
#1776 = CARTESIAN_POINT('',(0.,221.));
#1777 = ( GEOMETRIC_REPRESENTATION_CONTEXT(2) 
PARAMETRIC_REPRESENTATION_CONTEXT() REPRESENTATION_CONTEXT('2D SPACE',''
  ) );
#1778 = PCURVE('',#1779,#1784);
#1779 = SPHERICAL_SURFACE('',#1780,11.);
#1780 = AXIS2_PLACEMENT_3D('',#1781,#1782,#1783);
#1781 = CARTESIAN_POINT('',(225.,15.,125.));
#1782 = DIRECTION('',(-0.,-0.,-1.));
#1783 = DIRECTION('',(1.,0.,0.));
#1784 = DEFINITIONAL_REPRESENTATION('',(#1785),#1788);
#1785 = B_SPLINE_CURVE_WITH_KNOTS('',1,(#1786,#1787),.UNSPECIFIED.,.F.,
  .F.,(2,2),(4.712388980385,6.28318530718),.PIECEWISE_BEZIER_KNOTS.);
#1786 = CARTESIAN_POINT('',(1.570796326795,-1.570796326795));
#1787 = CARTESIAN_POINT('',(1.570796326795,0.));
#1788 = ( GEOMETRIC_REPRESENTATION_CONTEXT(2) 
PARAMETRIC_REPRESENTATION_CONTEXT() REPRESENTATION_CONTEXT('2D SPACE',''
  ) );
#1789 = ORIENTED_EDGE('',*,*,#1790,.F.);
#1790 = EDGE_CURVE('',#1741,#1764,#1791,.T.);
#1791 = SURFACE_CURVE('',#1792,(#1796,#1803),.PCURVE_S1.);
#1792 = LINE('',#1793,#1794);
#1793 = CARTESIAN_POINT('',(4.,4.,125.));
#1794 = VECTOR('',#1795,1.);
#1795 = DIRECTION('',(1.,0.,-0.));
#1796 = PCURVE('',#1551,#1797);
#1797 = DEFINITIONAL_REPRESENTATION('',(#1798),#1802);
#1798 = LINE('',#1799,#1800);
#1799 = CARTESIAN_POINT('',(-0.,0.));
#1800 = VECTOR('',#1801,1.);
#1801 = DIRECTION('',(-0.,1.));
#1802 = ( GEOMETRIC_REPRESENTATION_CONTEXT(2) 
PARAMETRIC_REPRESENTATION_CONTEXT() REPRESENTATION_CONTEXT('2D SPACE',''
  ) );
#1803 = PCURVE('',#1804,#1809);
#1804 = PLANE('',#1805);
#1805 = AXIS2_PLACEMENT_3D('',#1806,#1807,#1808);
#1806 = CARTESIAN_POINT('',(4.,4.,4.));
#1807 = DIRECTION('',(-0.,1.,0.));
#1808 = DIRECTION('',(0.,0.,1.));
#1809 = DEFINITIONAL_REPRESENTATION('',(#1810),#1814);
#1810 = LINE('',#1811,#1812);
#1811 = CARTESIAN_POINT('',(121.,0.));
#1812 = VECTOR('',#1813,1.);
#1813 = DIRECTION('',(0.,1.));
#1814 = ( GEOMETRIC_REPRESENTATION_CONTEXT(2) 
PARAMETRIC_REPRESENTATION_CONTEXT() REPRESENTATION_CONTEXT('2D SPACE',''
  ) );
#1815 = ADVANCED_FACE('',(#1816),#1605,.F.);
#1816 = FACE_BOUND('',#1817,.F.);
#1817 = EDGE_LOOP('',(#1818,#1840,#1841,#1868));
#1818 = ORIENTED_EDGE('',*,*,#1819,.T.);
#1819 = EDGE_CURVE('',#1820,#1508,#1822,.T.);
#1820 = VERTEX_POINT('',#1821);
#1821 = CARTESIAN_POINT('',(15.,156.,125.));
#1822 = SURFACE_CURVE('',#1823,(#1828,#1834),.PCURVE_S1.);
#1823 = CIRCLE('',#1824,11.);
#1824 = AXIS2_PLACEMENT_3D('',#1825,#1826,#1827);
#1825 = CARTESIAN_POINT('',(15.,145.,125.));
#1826 = DIRECTION('',(1.,0.,6.123233995737E-17));
#1827 = DIRECTION('',(-6.123233995737E-17,-0.,1.));
#1828 = PCURVE('',#1605,#1829);
#1829 = DEFINITIONAL_REPRESENTATION('',(#1830),#1833);
#1830 = B_SPLINE_CURVE_WITH_KNOTS('',1,(#1831,#1832),.UNSPECIFIED.,.F.,
  .F.,(2,2),(4.712388980385,6.28318530718),.PIECEWISE_BEZIER_KNOTS.);
#1831 = CARTESIAN_POINT('',(0.,11.));
#1832 = CARTESIAN_POINT('',(1.570796326795,11.));
#1833 = ( GEOMETRIC_REPRESENTATION_CONTEXT(2) 
PARAMETRIC_REPRESENTATION_CONTEXT() REPRESENTATION_CONTEXT('2D SPACE',''
  ) );
#1834 = PCURVE('',#1699,#1835);
#1835 = DEFINITIONAL_REPRESENTATION('',(#1836),#1839);
#1836 = B_SPLINE_CURVE_WITH_KNOTS('',1,(#1837,#1838),.UNSPECIFIED.,.F.,
  .F.,(2,2),(4.712388980385,6.28318530718),.PIECEWISE_BEZIER_KNOTS.);
#1837 = CARTESIAN_POINT('',(-1.570796326795,-1.570796326795));
#1838 = CARTESIAN_POINT('',(-1.570796326795,0.));
#1839 = ( GEOMETRIC_REPRESENTATION_CONTEXT(2) 
PARAMETRIC_REPRESENTATION_CONTEXT() REPRESENTATION_CONTEXT('2D SPACE',''
  ) );
#1840 = ORIENTED_EDGE('',*,*,#1591,.T.);
#1841 = ORIENTED_EDGE('',*,*,#1842,.F.);
#1842 = EDGE_CURVE('',#1843,#1564,#1845,.T.);
#1843 = VERTEX_POINT('',#1844);
#1844 = CARTESIAN_POINT('',(225.,156.,125.));
#1845 = SURFACE_CURVE('',#1846,(#1851,#1857),.PCURVE_S1.);
#1846 = CIRCLE('',#1847,11.);
#1847 = AXIS2_PLACEMENT_3D('',#1848,#1849,#1850);
#1848 = CARTESIAN_POINT('',(225.,145.,125.));
#1849 = DIRECTION('',(1.,0.,-6.123233995737E-17));
#1850 = DIRECTION('',(6.123233995737E-17,0.,1.));
#1851 = PCURVE('',#1605,#1852);
#1852 = DEFINITIONAL_REPRESENTATION('',(#1853),#1856);
#1853 = B_SPLINE_CURVE_WITH_KNOTS('',1,(#1854,#1855),.UNSPECIFIED.,.F.,
  .F.,(2,2),(4.712388980385,6.28318530718),.PIECEWISE_BEZIER_KNOTS.);
#1854 = CARTESIAN_POINT('',(0.,221.));
#1855 = CARTESIAN_POINT('',(1.570796326795,221.));
#1856 = ( GEOMETRIC_REPRESENTATION_CONTEXT(2) 
PARAMETRIC_REPRESENTATION_CONTEXT() REPRESENTATION_CONTEXT('2D SPACE',''
  ) );
#1857 = PCURVE('',#1858,#1863);
#1858 = SPHERICAL_SURFACE('',#1859,11.);
#1859 = AXIS2_PLACEMENT_3D('',#1860,#1861,#1862);
#1860 = CARTESIAN_POINT('',(225.,145.,125.));
#1861 = DIRECTION('',(0.,-1.,-0.));
#1862 = DIRECTION('',(1.,0.,0.));
#1863 = DEFINITIONAL_REPRESENTATION('',(#1864),#1867);
#1864 = B_SPLINE_CURVE_WITH_KNOTS('',1,(#1865,#1866),.UNSPECIFIED.,.F.,
  .F.,(2,2),(4.712388980385,6.28318530718),.PIECEWISE_BEZIER_KNOTS.);
#1865 = CARTESIAN_POINT('',(1.570796326795,-1.570796326795));
#1866 = CARTESIAN_POINT('',(1.570796326795,0.));
#1867 = ( GEOMETRIC_REPRESENTATION_CONTEXT(2) 
PARAMETRIC_REPRESENTATION_CONTEXT() REPRESENTATION_CONTEXT('2D SPACE',''
  ) );
#1868 = ORIENTED_EDGE('',*,*,#1869,.F.);
#1869 = EDGE_CURVE('',#1820,#1843,#1870,.T.);
#1870 = SURFACE_CURVE('',#1871,(#1875,#1882),.PCURVE_S1.);
#1871 = LINE('',#1872,#1873);
#1872 = CARTESIAN_POINT('',(4.,156.,125.));
#1873 = VECTOR('',#1874,1.);
#1874 = DIRECTION('',(1.,0.,-0.));
#1875 = PCURVE('',#1605,#1876);
#1876 = DEFINITIONAL_REPRESENTATION('',(#1877),#1881);
#1877 = LINE('',#1878,#1879);
#1878 = CARTESIAN_POINT('',(0.,0.));
#1879 = VECTOR('',#1880,1.);
#1880 = DIRECTION('',(0.,1.));
#1881 = ( GEOMETRIC_REPRESENTATION_CONTEXT(2) 
PARAMETRIC_REPRESENTATION_CONTEXT() REPRESENTATION_CONTEXT('2D SPACE',''
  ) );
#1882 = PCURVE('',#1883,#1888);
#1883 = PLANE('',#1884);
#1884 = AXIS2_PLACEMENT_3D('',#1885,#1886,#1887);
#1885 = CARTESIAN_POINT('',(4.,156.,4.));
#1886 = DIRECTION('',(-0.,1.,0.));
#1887 = DIRECTION('',(0.,0.,1.));
#1888 = DEFINITIONAL_REPRESENTATION('',(#1889),#1893);
#1889 = LINE('',#1890,#1891);
#1890 = CARTESIAN_POINT('',(121.,0.));
#1891 = VECTOR('',#1892,1.);
#1892 = DIRECTION('',(0.,1.));
#1893 = ( GEOMETRIC_REPRESENTATION_CONTEXT(2) 
PARAMETRIC_REPRESENTATION_CONTEXT() REPRESENTATION_CONTEXT('2D SPACE',''
  ) );
#1894 = ADVANCED_FACE('',(#1895),#1579,.F.);
#1895 = FACE_BOUND('',#1896,.T.);
#1896 = EDGE_LOOP('',(#1897,#1919,#1920,#1944));
#1897 = ORIENTED_EDGE('',*,*,#1898,.F.);
#1898 = EDGE_CURVE('',#1536,#1899,#1901,.T.);
#1899 = VERTEX_POINT('',#1900);
#1900 = CARTESIAN_POINT('',(236.,15.,125.));
#1901 = SURFACE_CURVE('',#1902,(#1907,#1913),.PCURVE_S1.);
#1902 = CIRCLE('',#1903,11.);
#1903 = AXIS2_PLACEMENT_3D('',#1904,#1905,#1906);
#1904 = CARTESIAN_POINT('',(225.,15.,125.));
#1905 = DIRECTION('',(-0.,1.,0.));
#1906 = DIRECTION('',(1.,0.,0.));
#1907 = PCURVE('',#1579,#1908);
#1908 = DEFINITIONAL_REPRESENTATION('',(#1909),#1912);
#1909 = B_SPLINE_CURVE_WITH_KNOTS('',1,(#1910,#1911),.UNSPECIFIED.,.F.,
  .F.,(2,2),(4.712388980385,6.28318530718),.PIECEWISE_BEZIER_KNOTS.);
#1910 = CARTESIAN_POINT('',(-1.570796326795,11.));
#1911 = CARTESIAN_POINT('',(0.,11.));
#1912 = ( GEOMETRIC_REPRESENTATION_CONTEXT(2) 
PARAMETRIC_REPRESENTATION_CONTEXT() REPRESENTATION_CONTEXT('2D SPACE',''
  ) );
#1913 = PCURVE('',#1779,#1914);
#1914 = DEFINITIONAL_REPRESENTATION('',(#1915),#1918);
#1915 = B_SPLINE_CURVE_WITH_KNOTS('',1,(#1916,#1917),.UNSPECIFIED.,.F.,
  .F.,(2,2),(4.712388980385,6.28318530718),.PIECEWISE_BEZIER_KNOTS.);
#1916 = CARTESIAN_POINT('',(0.,-1.570796326795));
#1917 = CARTESIAN_POINT('',(0.,0.));
#1918 = ( GEOMETRIC_REPRESENTATION_CONTEXT(2) 
PARAMETRIC_REPRESENTATION_CONTEXT() REPRESENTATION_CONTEXT('2D SPACE',''
  ) );
#1919 = ORIENTED_EDGE('',*,*,#1563,.T.);
#1920 = ORIENTED_EDGE('',*,*,#1921,.F.);
#1921 = EDGE_CURVE('',#1922,#1564,#1924,.T.);
#1922 = VERTEX_POINT('',#1923);
#1923 = CARTESIAN_POINT('',(236.,145.,125.));
#1924 = SURFACE_CURVE('',#1925,(#1930,#1937),.PCURVE_S1.);
#1925 = CIRCLE('',#1926,11.);
#1926 = AXIS2_PLACEMENT_3D('',#1927,#1928,#1929);
#1927 = CARTESIAN_POINT('',(225.,145.,125.));
#1928 = DIRECTION('',(0.,-1.,-0.));
#1929 = DIRECTION('',(1.,0.,0.));
#1930 = PCURVE('',#1579,#1931);
#1931 = DEFINITIONAL_REPRESENTATION('',(#1932),#1936);
#1932 = LINE('',#1933,#1934);
#1933 = CARTESIAN_POINT('',(-0.,141.));
#1934 = VECTOR('',#1935,1.);
#1935 = DIRECTION('',(-1.,0.));
#1936 = ( GEOMETRIC_REPRESENTATION_CONTEXT(2) 
PARAMETRIC_REPRESENTATION_CONTEXT() REPRESENTATION_CONTEXT('2D SPACE',''
  ) );
#1937 = PCURVE('',#1858,#1938);
#1938 = DEFINITIONAL_REPRESENTATION('',(#1939),#1943);
#1939 = LINE('',#1940,#1941);
#1940 = CARTESIAN_POINT('',(0.,0.));
#1941 = VECTOR('',#1942,1.);
#1942 = DIRECTION('',(1.,0.));
#1943 = ( GEOMETRIC_REPRESENTATION_CONTEXT(2) 
PARAMETRIC_REPRESENTATION_CONTEXT() REPRESENTATION_CONTEXT('2D SPACE',''
  ) );
#1944 = ORIENTED_EDGE('',*,*,#1945,.F.);
#1945 = EDGE_CURVE('',#1899,#1922,#1946,.T.);
#1946 = SURFACE_CURVE('',#1947,(#1951,#1958),.PCURVE_S1.);
#1947 = LINE('',#1948,#1949);
#1948 = CARTESIAN_POINT('',(236.,4.,125.));
#1949 = VECTOR('',#1950,1.);
#1950 = DIRECTION('',(-0.,1.,0.));
#1951 = PCURVE('',#1579,#1952);
#1952 = DEFINITIONAL_REPRESENTATION('',(#1953),#1957);
#1953 = LINE('',#1954,#1955);
#1954 = CARTESIAN_POINT('',(-0.,0.));
#1955 = VECTOR('',#1956,1.);
#1956 = DIRECTION('',(-0.,1.));
#1957 = ( GEOMETRIC_REPRESENTATION_CONTEXT(2) 
PARAMETRIC_REPRESENTATION_CONTEXT() REPRESENTATION_CONTEXT('2D SPACE',''
  ) );
#1958 = PCURVE('',#1959,#1964);
#1959 = PLANE('',#1960);
#1960 = AXIS2_PLACEMENT_3D('',#1961,#1962,#1963);
#1961 = CARTESIAN_POINT('',(236.,4.,4.));
#1962 = DIRECTION('',(1.,0.,-0.));
#1963 = DIRECTION('',(0.,0.,1.));
#1964 = DEFINITIONAL_REPRESENTATION('',(#1965),#1969);
#1965 = LINE('',#1966,#1967);
#1966 = CARTESIAN_POINT('',(121.,0.));
#1967 = VECTOR('',#1968,1.);
#1968 = DIRECTION('',(0.,-1.));
#1969 = ( GEOMETRIC_REPRESENTATION_CONTEXT(2) 
PARAMETRIC_REPRESENTATION_CONTEXT() REPRESENTATION_CONTEXT('2D SPACE',''
  ) );
#1970 = ADVANCED_FACE('',(#1971),#1670,.F.);
#1971 = FACE_BOUND('',#1972,.T.);
#1972 = EDGE_LOOP('',(#1973,#1974,#1975));
#1973 = ORIENTED_EDGE('',*,*,#1654,.F.);
#1974 = ORIENTED_EDGE('',*,*,#1740,.T.);
#1975 = ORIENTED_EDGE('',*,*,#1976,.F.);
#1976 = EDGE_CURVE('',#1655,#1741,#1977,.T.);
#1977 = SURFACE_CURVE('',#1978,(#1983,#1990),.PCURVE_S1.);
#1978 = CIRCLE('',#1979,11.);
#1979 = AXIS2_PLACEMENT_3D('',#1980,#1981,#1982);
#1980 = CARTESIAN_POINT('',(15.,15.,125.));
#1981 = DIRECTION('',(0.,0.,1.));
#1982 = DIRECTION('',(-1.,0.,0.));
#1983 = PCURVE('',#1670,#1984);
#1984 = DEFINITIONAL_REPRESENTATION('',(#1985),#1989);
#1985 = LINE('',#1986,#1987);
#1986 = CARTESIAN_POINT('',(-0.,0.));
#1987 = VECTOR('',#1988,1.);
#1988 = DIRECTION('',(-1.,0.));
#1989 = ( GEOMETRIC_REPRESENTATION_CONTEXT(2) 
PARAMETRIC_REPRESENTATION_CONTEXT() REPRESENTATION_CONTEXT('2D SPACE',''
  ) );
#1990 = PCURVE('',#1991,#1996);
#1991 = CYLINDRICAL_SURFACE('',#1992,11.);
#1992 = AXIS2_PLACEMENT_3D('',#1993,#1994,#1995);
#1993 = CARTESIAN_POINT('',(15.,15.,4.));
#1994 = DIRECTION('',(0.,0.,1.));
#1995 = DIRECTION('',(-1.,-0.,0.));
#1996 = DEFINITIONAL_REPRESENTATION('',(#1997),#2001);
#1997 = LINE('',#1998,#1999);
#1998 = CARTESIAN_POINT('',(0.,121.));
#1999 = VECTOR('',#2000,1.);
#2000 = DIRECTION('',(1.,0.));
#2001 = ( GEOMETRIC_REPRESENTATION_CONTEXT(2) 
PARAMETRIC_REPRESENTATION_CONTEXT() REPRESENTATION_CONTEXT('2D SPACE',''
  ) );
#2002 = ADVANCED_FACE('',(#2003),#1725,.T.);
#2003 = FACE_BOUND('',#2004,.T.);
#2004 = EDGE_LOOP('',(#2005,#2028,#2056,#2082));
#2005 = ORIENTED_EDGE('',*,*,#2006,.F.);
#2006 = EDGE_CURVE('',#2007,#1655,#2009,.T.);
#2007 = VERTEX_POINT('',#2008);
#2008 = CARTESIAN_POINT('',(4.,15.,15.));
#2009 = SURFACE_CURVE('',#2010,(#2014,#2021),.PCURVE_S1.);
#2010 = LINE('',#2011,#2012);
#2011 = CARTESIAN_POINT('',(4.,15.,4.));
#2012 = VECTOR('',#2013,1.);
#2013 = DIRECTION('',(0.,0.,1.));
#2014 = PCURVE('',#1725,#2015);
#2015 = DEFINITIONAL_REPRESENTATION('',(#2016),#2020);
#2016 = LINE('',#2017,#2018);
#2017 = CARTESIAN_POINT('',(0.,-11.));
#2018 = VECTOR('',#2019,1.);
#2019 = DIRECTION('',(1.,0.));
#2020 = ( GEOMETRIC_REPRESENTATION_CONTEXT(2) 
PARAMETRIC_REPRESENTATION_CONTEXT() REPRESENTATION_CONTEXT('2D SPACE',''
  ) );
#2021 = PCURVE('',#1991,#2022);
#2022 = DEFINITIONAL_REPRESENTATION('',(#2023),#2027);
#2023 = LINE('',#2024,#2025);
#2024 = CARTESIAN_POINT('',(0.,0.));
#2025 = VECTOR('',#2026,1.);
#2026 = DIRECTION('',(0.,1.));
#2027 = ( GEOMETRIC_REPRESENTATION_CONTEXT(2) 
PARAMETRIC_REPRESENTATION_CONTEXT() REPRESENTATION_CONTEXT('2D SPACE',''
  ) );
#2028 = ORIENTED_EDGE('',*,*,#2029,.T.);
#2029 = EDGE_CURVE('',#2007,#2030,#2032,.T.);
#2030 = VERTEX_POINT('',#2031);
#2031 = CARTESIAN_POINT('',(4.,145.,15.));
#2032 = SURFACE_CURVE('',#2033,(#2037,#2044),.PCURVE_S1.);
#2033 = LINE('',#2034,#2035);
#2034 = CARTESIAN_POINT('',(4.,4.,15.));
#2035 = VECTOR('',#2036,1.);
#2036 = DIRECTION('',(-0.,1.,0.));
#2037 = PCURVE('',#1725,#2038);
#2038 = DEFINITIONAL_REPRESENTATION('',(#2039),#2043);
#2039 = LINE('',#2040,#2041);
#2040 = CARTESIAN_POINT('',(11.,0.));
#2041 = VECTOR('',#2042,1.);
#2042 = DIRECTION('',(0.,-1.));
#2043 = ( GEOMETRIC_REPRESENTATION_CONTEXT(2) 
PARAMETRIC_REPRESENTATION_CONTEXT() REPRESENTATION_CONTEXT('2D SPACE',''
  ) );
#2044 = PCURVE('',#2045,#2050);
#2045 = CYLINDRICAL_SURFACE('',#2046,11.);
#2046 = AXIS2_PLACEMENT_3D('',#2047,#2048,#2049);
#2047 = CARTESIAN_POINT('',(15.,4.,15.));
#2048 = DIRECTION('',(-0.,1.,0.));
#2049 = DIRECTION('',(-1.,-0.,0.));
#2050 = DEFINITIONAL_REPRESENTATION('',(#2051),#2055);
#2051 = LINE('',#2052,#2053);
#2052 = CARTESIAN_POINT('',(-0.,0.));
#2053 = VECTOR('',#2054,1.);
#2054 = DIRECTION('',(-0.,1.));
#2055 = ( GEOMETRIC_REPRESENTATION_CONTEXT(2) 
PARAMETRIC_REPRESENTATION_CONTEXT() REPRESENTATION_CONTEXT('2D SPACE',''
  ) );
#2056 = ORIENTED_EDGE('',*,*,#2057,.T.);
#2057 = EDGE_CURVE('',#2030,#1683,#2058,.T.);
#2058 = SURFACE_CURVE('',#2059,(#2063,#2070),.PCURVE_S1.);
#2059 = LINE('',#2060,#2061);
#2060 = CARTESIAN_POINT('',(4.,145.,4.));
#2061 = VECTOR('',#2062,1.);
#2062 = DIRECTION('',(0.,0.,1.));
#2063 = PCURVE('',#1725,#2064);
#2064 = DEFINITIONAL_REPRESENTATION('',(#2065),#2069);
#2065 = LINE('',#2066,#2067);
#2066 = CARTESIAN_POINT('',(0.,-141.));
#2067 = VECTOR('',#2068,1.);
#2068 = DIRECTION('',(1.,0.));
#2069 = ( GEOMETRIC_REPRESENTATION_CONTEXT(2) 
PARAMETRIC_REPRESENTATION_CONTEXT() REPRESENTATION_CONTEXT('2D SPACE',''
  ) );
#2070 = PCURVE('',#2071,#2076);
#2071 = CYLINDRICAL_SURFACE('',#2072,11.);
#2072 = AXIS2_PLACEMENT_3D('',#2073,#2074,#2075);
#2073 = CARTESIAN_POINT('',(15.,145.,4.));
#2074 = DIRECTION('',(0.,0.,1.));
#2075 = DIRECTION('',(-1.,-0.,0.));
#2076 = DEFINITIONAL_REPRESENTATION('',(#2077),#2081);
#2077 = LINE('',#2078,#2079);
#2078 = CARTESIAN_POINT('',(-0.,0.));
#2079 = VECTOR('',#2080,1.);
#2080 = DIRECTION('',(-0.,1.));
#2081 = ( GEOMETRIC_REPRESENTATION_CONTEXT(2) 
PARAMETRIC_REPRESENTATION_CONTEXT() REPRESENTATION_CONTEXT('2D SPACE',''
  ) );
#2082 = ORIENTED_EDGE('',*,*,#1711,.F.);
#2083 = ADVANCED_FACE('',(#2084),#1699,.F.);
#2084 = FACE_BOUND('',#2085,.T.);
#2085 = EDGE_LOOP('',(#2086,#2106,#2107));
#2086 = ORIENTED_EDGE('',*,*,#2087,.F.);
#2087 = EDGE_CURVE('',#1820,#1683,#2088,.T.);
#2088 = SURFACE_CURVE('',#2089,(#2094,#2100),.PCURVE_S1.);
#2089 = CIRCLE('',#2090,11.);
#2090 = AXIS2_PLACEMENT_3D('',#2091,#2092,#2093);
#2091 = CARTESIAN_POINT('',(15.,145.,125.));
#2092 = DIRECTION('',(0.,0.,1.));
#2093 = DIRECTION('',(-1.,-0.,0.));
#2094 = PCURVE('',#1699,#2095);
#2095 = DEFINITIONAL_REPRESENTATION('',(#2096),#2099);
#2096 = B_SPLINE_CURVE_WITH_KNOTS('',1,(#2097,#2098),.UNSPECIFIED.,.F.,
  .F.,(2,2),(4.712388980385,6.28318530718),.PIECEWISE_BEZIER_KNOTS.);
#2097 = CARTESIAN_POINT('',(0.,-1.570796326795));
#2098 = CARTESIAN_POINT('',(0.,0.));
#2099 = ( GEOMETRIC_REPRESENTATION_CONTEXT(2) 
PARAMETRIC_REPRESENTATION_CONTEXT() REPRESENTATION_CONTEXT('2D SPACE',''
  ) );
#2100 = PCURVE('',#2071,#2101);
#2101 = DEFINITIONAL_REPRESENTATION('',(#2102),#2105);
#2102 = B_SPLINE_CURVE_WITH_KNOTS('',1,(#2103,#2104),.UNSPECIFIED.,.F.,
  .F.,(2,2),(4.712388980385,6.28318530718),.PIECEWISE_BEZIER_KNOTS.);
#2103 = CARTESIAN_POINT('',(-1.570796326795,121.));
#2104 = CARTESIAN_POINT('',(0.,121.));
#2105 = ( GEOMETRIC_REPRESENTATION_CONTEXT(2) 
PARAMETRIC_REPRESENTATION_CONTEXT() REPRESENTATION_CONTEXT('2D SPACE',''
  ) );
#2106 = ORIENTED_EDGE('',*,*,#1819,.T.);
#2107 = ORIENTED_EDGE('',*,*,#1682,.F.);
#2108 = ADVANCED_FACE('',(#2109),#1804,.T.);
#2109 = FACE_BOUND('',#2110,.T.);
#2110 = EDGE_LOOP('',(#2111,#2134,#2135,#2163));
#2111 = ORIENTED_EDGE('',*,*,#2112,.T.);
#2112 = EDGE_CURVE('',#2113,#1741,#2115,.T.);
#2113 = VERTEX_POINT('',#2114);
#2114 = CARTESIAN_POINT('',(15.,4.,15.));
#2115 = SURFACE_CURVE('',#2116,(#2120,#2127),.PCURVE_S1.);
#2116 = LINE('',#2117,#2118);
#2117 = CARTESIAN_POINT('',(15.,4.,4.));
#2118 = VECTOR('',#2119,1.);
#2119 = DIRECTION('',(0.,0.,1.));
#2120 = PCURVE('',#1804,#2121);
#2121 = DEFINITIONAL_REPRESENTATION('',(#2122),#2126);
#2122 = LINE('',#2123,#2124);
#2123 = CARTESIAN_POINT('',(0.,11.));
#2124 = VECTOR('',#2125,1.);
#2125 = DIRECTION('',(1.,0.));
#2126 = ( GEOMETRIC_REPRESENTATION_CONTEXT(2) 
PARAMETRIC_REPRESENTATION_CONTEXT() REPRESENTATION_CONTEXT('2D SPACE',''
  ) );
#2127 = PCURVE('',#1991,#2128);
#2128 = DEFINITIONAL_REPRESENTATION('',(#2129),#2133);
#2129 = LINE('',#2130,#2131);
#2130 = CARTESIAN_POINT('',(1.570796326795,0.));
#2131 = VECTOR('',#2132,1.);
#2132 = DIRECTION('',(0.,1.));
#2133 = ( GEOMETRIC_REPRESENTATION_CONTEXT(2) 
PARAMETRIC_REPRESENTATION_CONTEXT() REPRESENTATION_CONTEXT('2D SPACE',''
  ) );
#2134 = ORIENTED_EDGE('',*,*,#1790,.T.);
#2135 = ORIENTED_EDGE('',*,*,#2136,.F.);
#2136 = EDGE_CURVE('',#2137,#1764,#2139,.T.);
#2137 = VERTEX_POINT('',#2138);
#2138 = CARTESIAN_POINT('',(225.,4.,15.));
#2139 = SURFACE_CURVE('',#2140,(#2144,#2151),.PCURVE_S1.);
#2140 = LINE('',#2141,#2142);
#2141 = CARTESIAN_POINT('',(225.,4.,4.));
#2142 = VECTOR('',#2143,1.);
#2143 = DIRECTION('',(0.,0.,1.));
#2144 = PCURVE('',#1804,#2145);
#2145 = DEFINITIONAL_REPRESENTATION('',(#2146),#2150);
#2146 = LINE('',#2147,#2148);
#2147 = CARTESIAN_POINT('',(0.,221.));
#2148 = VECTOR('',#2149,1.);
#2149 = DIRECTION('',(1.,0.));
#2150 = ( GEOMETRIC_REPRESENTATION_CONTEXT(2) 
PARAMETRIC_REPRESENTATION_CONTEXT() REPRESENTATION_CONTEXT('2D SPACE',''
  ) );
#2151 = PCURVE('',#2152,#2157);
#2152 = CYLINDRICAL_SURFACE('',#2153,11.);
#2153 = AXIS2_PLACEMENT_3D('',#2154,#2155,#2156);
#2154 = CARTESIAN_POINT('',(225.,15.,4.));
#2155 = DIRECTION('',(0.,0.,1.));
#2156 = DIRECTION('',(1.,0.,-0.));
#2157 = DEFINITIONAL_REPRESENTATION('',(#2158),#2162);
#2158 = LINE('',#2159,#2160);
#2159 = CARTESIAN_POINT('',(-1.570796326795,0.));
#2160 = VECTOR('',#2161,1.);
#2161 = DIRECTION('',(-0.,1.));
#2162 = ( GEOMETRIC_REPRESENTATION_CONTEXT(2) 
PARAMETRIC_REPRESENTATION_CONTEXT() REPRESENTATION_CONTEXT('2D SPACE',''
  ) );
#2163 = ORIENTED_EDGE('',*,*,#2164,.F.);
#2164 = EDGE_CURVE('',#2113,#2137,#2165,.T.);
#2165 = SURFACE_CURVE('',#2166,(#2170,#2177),.PCURVE_S1.);
#2166 = LINE('',#2167,#2168);
#2167 = CARTESIAN_POINT('',(4.,4.,15.));
#2168 = VECTOR('',#2169,1.);
#2169 = DIRECTION('',(1.,0.,-0.));
#2170 = PCURVE('',#1804,#2171);
#2171 = DEFINITIONAL_REPRESENTATION('',(#2172),#2176);
#2172 = LINE('',#2173,#2174);
#2173 = CARTESIAN_POINT('',(11.,0.));
#2174 = VECTOR('',#2175,1.);
#2175 = DIRECTION('',(0.,1.));
#2176 = ( GEOMETRIC_REPRESENTATION_CONTEXT(2) 
PARAMETRIC_REPRESENTATION_CONTEXT() REPRESENTATION_CONTEXT('2D SPACE',''
  ) );
#2177 = PCURVE('',#2178,#2183);
#2178 = CYLINDRICAL_SURFACE('',#2179,11.);
#2179 = AXIS2_PLACEMENT_3D('',#2180,#2181,#2182);
#2180 = CARTESIAN_POINT('',(4.,15.,15.));
#2181 = DIRECTION('',(1.,0.,-0.));
#2182 = DIRECTION('',(0.,-1.,0.));
#2183 = DEFINITIONAL_REPRESENTATION('',(#2184),#2188);
#2184 = LINE('',#2185,#2186);
#2185 = CARTESIAN_POINT('',(0.,0.));
#2186 = VECTOR('',#2187,1.);
#2187 = DIRECTION('',(0.,1.));
#2188 = ( GEOMETRIC_REPRESENTATION_CONTEXT(2) 
PARAMETRIC_REPRESENTATION_CONTEXT() REPRESENTATION_CONTEXT('2D SPACE',''
  ) );
#2189 = ADVANCED_FACE('',(#2190),#1779,.F.);
#2190 = FACE_BOUND('',#2191,.F.);
#2191 = EDGE_LOOP('',(#2192,#2193,#2194));
#2192 = ORIENTED_EDGE('',*,*,#1898,.F.);
#2193 = ORIENTED_EDGE('',*,*,#1763,.T.);
#2194 = ORIENTED_EDGE('',*,*,#2195,.F.);
#2195 = EDGE_CURVE('',#1899,#1764,#2196,.T.);
#2196 = SURFACE_CURVE('',#2197,(#2202,#2209),.PCURVE_S1.);
#2197 = CIRCLE('',#2198,11.);
#2198 = AXIS2_PLACEMENT_3D('',#2199,#2200,#2201);
#2199 = CARTESIAN_POINT('',(225.,15.,125.));
#2200 = DIRECTION('',(0.,0.,-1.));
#2201 = DIRECTION('',(1.,0.,0.));
#2202 = PCURVE('',#1779,#2203);
#2203 = DEFINITIONAL_REPRESENTATION('',(#2204),#2208);
#2204 = LINE('',#2205,#2206);
#2205 = CARTESIAN_POINT('',(0.,0.));
#2206 = VECTOR('',#2207,1.);
#2207 = DIRECTION('',(1.,0.));
#2208 = ( GEOMETRIC_REPRESENTATION_CONTEXT(2) 
PARAMETRIC_REPRESENTATION_CONTEXT() REPRESENTATION_CONTEXT('2D SPACE',''
  ) );
#2209 = PCURVE('',#2152,#2210);
#2210 = DEFINITIONAL_REPRESENTATION('',(#2211),#2215);
#2211 = LINE('',#2212,#2213);
#2212 = CARTESIAN_POINT('',(-0.,121.));
#2213 = VECTOR('',#2214,1.);
#2214 = DIRECTION('',(-1.,0.));
#2215 = ( GEOMETRIC_REPRESENTATION_CONTEXT(2) 
PARAMETRIC_REPRESENTATION_CONTEXT() REPRESENTATION_CONTEXT('2D SPACE',''
  ) );
#2216 = ADVANCED_FACE('',(#2217),#1883,.F.);
#2217 = FACE_BOUND('',#2218,.F.);
#2218 = EDGE_LOOP('',(#2219,#2242,#2243,#2271));
#2219 = ORIENTED_EDGE('',*,*,#2220,.T.);
#2220 = EDGE_CURVE('',#2221,#1820,#2223,.T.);
#2221 = VERTEX_POINT('',#2222);
#2222 = CARTESIAN_POINT('',(15.,156.,15.));
#2223 = SURFACE_CURVE('',#2224,(#2228,#2235),.PCURVE_S1.);
#2224 = LINE('',#2225,#2226);
#2225 = CARTESIAN_POINT('',(15.,156.,4.));
#2226 = VECTOR('',#2227,1.);
#2227 = DIRECTION('',(0.,0.,1.));
#2228 = PCURVE('',#1883,#2229);
#2229 = DEFINITIONAL_REPRESENTATION('',(#2230),#2234);
#2230 = LINE('',#2231,#2232);
#2231 = CARTESIAN_POINT('',(0.,11.));
#2232 = VECTOR('',#2233,1.);
#2233 = DIRECTION('',(1.,0.));
#2234 = ( GEOMETRIC_REPRESENTATION_CONTEXT(2) 
PARAMETRIC_REPRESENTATION_CONTEXT() REPRESENTATION_CONTEXT('2D SPACE',''
  ) );
#2235 = PCURVE('',#2071,#2236);
#2236 = DEFINITIONAL_REPRESENTATION('',(#2237),#2241);
#2237 = LINE('',#2238,#2239);
#2238 = CARTESIAN_POINT('',(-1.570796326795,0.));
#2239 = VECTOR('',#2240,1.);
#2240 = DIRECTION('',(-0.,1.));
#2241 = ( GEOMETRIC_REPRESENTATION_CONTEXT(2) 
PARAMETRIC_REPRESENTATION_CONTEXT() REPRESENTATION_CONTEXT('2D SPACE',''
  ) );
#2242 = ORIENTED_EDGE('',*,*,#1869,.T.);
#2243 = ORIENTED_EDGE('',*,*,#2244,.F.);
#2244 = EDGE_CURVE('',#2245,#1843,#2247,.T.);
#2245 = VERTEX_POINT('',#2246);
#2246 = CARTESIAN_POINT('',(225.,156.,15.));
#2247 = SURFACE_CURVE('',#2248,(#2252,#2259),.PCURVE_S1.);
#2248 = LINE('',#2249,#2250);
#2249 = CARTESIAN_POINT('',(225.,156.,4.));
#2250 = VECTOR('',#2251,1.);
#2251 = DIRECTION('',(0.,0.,1.));
#2252 = PCURVE('',#1883,#2253);
#2253 = DEFINITIONAL_REPRESENTATION('',(#2254),#2258);
#2254 = LINE('',#2255,#2256);
#2255 = CARTESIAN_POINT('',(0.,221.));
#2256 = VECTOR('',#2257,1.);
#2257 = DIRECTION('',(1.,0.));
#2258 = ( GEOMETRIC_REPRESENTATION_CONTEXT(2) 
PARAMETRIC_REPRESENTATION_CONTEXT() REPRESENTATION_CONTEXT('2D SPACE',''
  ) );
#2259 = PCURVE('',#2260,#2265);
#2260 = CYLINDRICAL_SURFACE('',#2261,11.);
#2261 = AXIS2_PLACEMENT_3D('',#2262,#2263,#2264);
#2262 = CARTESIAN_POINT('',(225.,145.,4.));
#2263 = DIRECTION('',(0.,0.,1.));
#2264 = DIRECTION('',(1.,0.,-0.));
#2265 = DEFINITIONAL_REPRESENTATION('',(#2266),#2270);
#2266 = LINE('',#2267,#2268);
#2267 = CARTESIAN_POINT('',(1.570796326795,0.));
#2268 = VECTOR('',#2269,1.);
#2269 = DIRECTION('',(0.,1.));
#2270 = ( GEOMETRIC_REPRESENTATION_CONTEXT(2) 
PARAMETRIC_REPRESENTATION_CONTEXT() REPRESENTATION_CONTEXT('2D SPACE',''
  ) );
#2271 = ORIENTED_EDGE('',*,*,#2272,.F.);
#2272 = EDGE_CURVE('',#2221,#2245,#2273,.T.);
#2273 = SURFACE_CURVE('',#2274,(#2278,#2285),.PCURVE_S1.);
#2274 = LINE('',#2275,#2276);
#2275 = CARTESIAN_POINT('',(4.,156.,15.));
#2276 = VECTOR('',#2277,1.);
#2277 = DIRECTION('',(1.,0.,-0.));
#2278 = PCURVE('',#1883,#2279);
#2279 = DEFINITIONAL_REPRESENTATION('',(#2280),#2284);
#2280 = LINE('',#2281,#2282);
#2281 = CARTESIAN_POINT('',(11.,0.));
#2282 = VECTOR('',#2283,1.);
#2283 = DIRECTION('',(0.,1.));
#2284 = ( GEOMETRIC_REPRESENTATION_CONTEXT(2) 
PARAMETRIC_REPRESENTATION_CONTEXT() REPRESENTATION_CONTEXT('2D SPACE',''
  ) );
#2285 = PCURVE('',#2286,#2291);
#2286 = CYLINDRICAL_SURFACE('',#2287,11.);
#2287 = AXIS2_PLACEMENT_3D('',#2288,#2289,#2290);
#2288 = CARTESIAN_POINT('',(4.,145.,15.));
#2289 = DIRECTION('',(1.,0.,-0.));
#2290 = DIRECTION('',(0.,1.,0.));
#2291 = DEFINITIONAL_REPRESENTATION('',(#2292),#2296);
#2292 = LINE('',#2293,#2294);
#2293 = CARTESIAN_POINT('',(-0.,0.));
#2294 = VECTOR('',#2295,1.);
#2295 = DIRECTION('',(-0.,1.));
#2296 = ( GEOMETRIC_REPRESENTATION_CONTEXT(2) 
PARAMETRIC_REPRESENTATION_CONTEXT() REPRESENTATION_CONTEXT('2D SPACE',''
  ) );
#2297 = ADVANCED_FACE('',(#2298),#1858,.F.);
#2298 = FACE_BOUND('',#2299,.F.);
#2299 = EDGE_LOOP('',(#2300,#2320,#2321));
#2300 = ORIENTED_EDGE('',*,*,#2301,.F.);
#2301 = EDGE_CURVE('',#1843,#1922,#2302,.T.);
#2302 = SURFACE_CURVE('',#2303,(#2308,#2314),.PCURVE_S1.);
#2303 = CIRCLE('',#2304,11.);
#2304 = AXIS2_PLACEMENT_3D('',#2305,#2306,#2307);
#2305 = CARTESIAN_POINT('',(225.,145.,125.));
#2306 = DIRECTION('',(0.,0.,-1.));
#2307 = DIRECTION('',(1.,0.,0.));
#2308 = PCURVE('',#1858,#2309);
#2309 = DEFINITIONAL_REPRESENTATION('',(#2310),#2313);
#2310 = B_SPLINE_CURVE_WITH_KNOTS('',1,(#2311,#2312),.UNSPECIFIED.,.F.,
  .F.,(2,2),(4.712388980385,6.28318530718),.PIECEWISE_BEZIER_KNOTS.);
#2311 = CARTESIAN_POINT('',(0.,-1.570796326795));
#2312 = CARTESIAN_POINT('',(0.,0.));
#2313 = ( GEOMETRIC_REPRESENTATION_CONTEXT(2) 
PARAMETRIC_REPRESENTATION_CONTEXT() REPRESENTATION_CONTEXT('2D SPACE',''
  ) );
#2314 = PCURVE('',#2260,#2315);
#2315 = DEFINITIONAL_REPRESENTATION('',(#2316),#2319);
#2316 = B_SPLINE_CURVE_WITH_KNOTS('',1,(#2317,#2318),.UNSPECIFIED.,.F.,
  .F.,(2,2),(4.712388980385,6.28318530718),.PIECEWISE_BEZIER_KNOTS.);
#2317 = CARTESIAN_POINT('',(1.570796326795,121.));
#2318 = CARTESIAN_POINT('',(0.,121.));
#2319 = ( GEOMETRIC_REPRESENTATION_CONTEXT(2) 
PARAMETRIC_REPRESENTATION_CONTEXT() REPRESENTATION_CONTEXT('2D SPACE',''
  ) );
#2320 = ORIENTED_EDGE('',*,*,#1842,.T.);
#2321 = ORIENTED_EDGE('',*,*,#1921,.F.);
#2322 = ADVANCED_FACE('',(#2323),#1959,.F.);
#2323 = FACE_BOUND('',#2324,.F.);
#2324 = EDGE_LOOP('',(#2325,#2348,#2376,#2397));
#2325 = ORIENTED_EDGE('',*,*,#2326,.F.);
#2326 = EDGE_CURVE('',#2327,#1899,#2329,.T.);
#2327 = VERTEX_POINT('',#2328);
#2328 = CARTESIAN_POINT('',(236.,15.,15.));
#2329 = SURFACE_CURVE('',#2330,(#2334,#2341),.PCURVE_S1.);
#2330 = LINE('',#2331,#2332);
#2331 = CARTESIAN_POINT('',(236.,15.,4.));
#2332 = VECTOR('',#2333,1.);
#2333 = DIRECTION('',(0.,0.,1.));
#2334 = PCURVE('',#1959,#2335);
#2335 = DEFINITIONAL_REPRESENTATION('',(#2336),#2340);
#2336 = LINE('',#2337,#2338);
#2337 = CARTESIAN_POINT('',(0.,-11.));
#2338 = VECTOR('',#2339,1.);
#2339 = DIRECTION('',(1.,0.));
#2340 = ( GEOMETRIC_REPRESENTATION_CONTEXT(2) 
PARAMETRIC_REPRESENTATION_CONTEXT() REPRESENTATION_CONTEXT('2D SPACE',''
  ) );
#2341 = PCURVE('',#2152,#2342);
#2342 = DEFINITIONAL_REPRESENTATION('',(#2343),#2347);
#2343 = LINE('',#2344,#2345);
#2344 = CARTESIAN_POINT('',(-0.,0.));
#2345 = VECTOR('',#2346,1.);
#2346 = DIRECTION('',(-0.,1.));
#2347 = ( GEOMETRIC_REPRESENTATION_CONTEXT(2) 
PARAMETRIC_REPRESENTATION_CONTEXT() REPRESENTATION_CONTEXT('2D SPACE',''
  ) );
#2348 = ORIENTED_EDGE('',*,*,#2349,.T.);
#2349 = EDGE_CURVE('',#2327,#2350,#2352,.T.);
#2350 = VERTEX_POINT('',#2351);
#2351 = CARTESIAN_POINT('',(236.,145.,15.));
#2352 = SURFACE_CURVE('',#2353,(#2357,#2364),.PCURVE_S1.);
#2353 = LINE('',#2354,#2355);
#2354 = CARTESIAN_POINT('',(236.,4.,15.));
#2355 = VECTOR('',#2356,1.);
#2356 = DIRECTION('',(-0.,1.,0.));
#2357 = PCURVE('',#1959,#2358);
#2358 = DEFINITIONAL_REPRESENTATION('',(#2359),#2363);
#2359 = LINE('',#2360,#2361);
#2360 = CARTESIAN_POINT('',(11.,0.));
#2361 = VECTOR('',#2362,1.);
#2362 = DIRECTION('',(0.,-1.));
#2363 = ( GEOMETRIC_REPRESENTATION_CONTEXT(2) 
PARAMETRIC_REPRESENTATION_CONTEXT() REPRESENTATION_CONTEXT('2D SPACE',''
  ) );
#2364 = PCURVE('',#2365,#2370);
#2365 = CYLINDRICAL_SURFACE('',#2366,11.);
#2366 = AXIS2_PLACEMENT_3D('',#2367,#2368,#2369);
#2367 = CARTESIAN_POINT('',(225.,4.,15.));
#2368 = DIRECTION('',(-0.,1.,0.));
#2369 = DIRECTION('',(1.,0.,-0.));
#2370 = DEFINITIONAL_REPRESENTATION('',(#2371),#2375);
#2371 = LINE('',#2372,#2373);
#2372 = CARTESIAN_POINT('',(0.,0.));
#2373 = VECTOR('',#2374,1.);
#2374 = DIRECTION('',(0.,1.));
#2375 = ( GEOMETRIC_REPRESENTATION_CONTEXT(2) 
PARAMETRIC_REPRESENTATION_CONTEXT() REPRESENTATION_CONTEXT('2D SPACE',''
  ) );
#2376 = ORIENTED_EDGE('',*,*,#2377,.T.);
#2377 = EDGE_CURVE('',#2350,#1922,#2378,.T.);
#2378 = SURFACE_CURVE('',#2379,(#2383,#2390),.PCURVE_S1.);
#2379 = LINE('',#2380,#2381);
#2380 = CARTESIAN_POINT('',(236.,145.,4.));
#2381 = VECTOR('',#2382,1.);
#2382 = DIRECTION('',(0.,0.,1.));
#2383 = PCURVE('',#1959,#2384);
#2384 = DEFINITIONAL_REPRESENTATION('',(#2385),#2389);
#2385 = LINE('',#2386,#2387);
#2386 = CARTESIAN_POINT('',(0.,-141.));
#2387 = VECTOR('',#2388,1.);
#2388 = DIRECTION('',(1.,0.));
#2389 = ( GEOMETRIC_REPRESENTATION_CONTEXT(2) 
PARAMETRIC_REPRESENTATION_CONTEXT() REPRESENTATION_CONTEXT('2D SPACE',''
  ) );
#2390 = PCURVE('',#2260,#2391);
#2391 = DEFINITIONAL_REPRESENTATION('',(#2392),#2396);
#2392 = LINE('',#2393,#2394);
#2393 = CARTESIAN_POINT('',(0.,0.));
#2394 = VECTOR('',#2395,1.);
#2395 = DIRECTION('',(0.,1.));
#2396 = ( GEOMETRIC_REPRESENTATION_CONTEXT(2) 
PARAMETRIC_REPRESENTATION_CONTEXT() REPRESENTATION_CONTEXT('2D SPACE',''
  ) );
#2397 = ORIENTED_EDGE('',*,*,#1945,.F.);
#2398 = ADVANCED_FACE('',(#2399),#1991,.F.);
#2399 = FACE_BOUND('',#2400,.F.);
#2400 = EDGE_LOOP('',(#2401,#2402,#2429,#2430));
#2401 = ORIENTED_EDGE('',*,*,#2006,.F.);
#2402 = ORIENTED_EDGE('',*,*,#2403,.T.);
#2403 = EDGE_CURVE('',#2007,#2113,#2404,.T.);
#2404 = SURFACE_CURVE('',#2405,(#2410,#2417),.PCURVE_S1.);
#2405 = CIRCLE('',#2406,11.);
#2406 = AXIS2_PLACEMENT_3D('',#2407,#2408,#2409);
#2407 = CARTESIAN_POINT('',(15.,15.,15.));
#2408 = DIRECTION('',(0.,0.,1.));
#2409 = DIRECTION('',(-1.,0.,0.));
#2410 = PCURVE('',#1991,#2411);
#2411 = DEFINITIONAL_REPRESENTATION('',(#2412),#2416);
#2412 = LINE('',#2413,#2414);
#2413 = CARTESIAN_POINT('',(0.,11.));
#2414 = VECTOR('',#2415,1.);
#2415 = DIRECTION('',(1.,0.));
#2416 = ( GEOMETRIC_REPRESENTATION_CONTEXT(2) 
PARAMETRIC_REPRESENTATION_CONTEXT() REPRESENTATION_CONTEXT('2D SPACE',''
  ) );
#2417 = PCURVE('',#2418,#2423);
#2418 = SPHERICAL_SURFACE('',#2419,11.);
#2419 = AXIS2_PLACEMENT_3D('',#2420,#2421,#2422);
#2420 = CARTESIAN_POINT('',(15.,15.,15.));
#2421 = DIRECTION('',(0.,0.,1.));
#2422 = DIRECTION('',(-1.,0.,0.));
#2423 = DEFINITIONAL_REPRESENTATION('',(#2424),#2428);
#2424 = LINE('',#2425,#2426);
#2425 = CARTESIAN_POINT('',(0.,0.));
#2426 = VECTOR('',#2427,1.);
#2427 = DIRECTION('',(1.,0.));
#2428 = ( GEOMETRIC_REPRESENTATION_CONTEXT(2) 
PARAMETRIC_REPRESENTATION_CONTEXT() REPRESENTATION_CONTEXT('2D SPACE',''
  ) );
#2429 = ORIENTED_EDGE('',*,*,#2112,.T.);
#2430 = ORIENTED_EDGE('',*,*,#1976,.F.);
#2431 = ADVANCED_FACE('',(#2432),#2045,.F.);
#2432 = FACE_BOUND('',#2433,.T.);
#2433 = EDGE_LOOP('',(#2434,#2456,#2484,#2509));
#2434 = ORIENTED_EDGE('',*,*,#2435,.F.);
#2435 = EDGE_CURVE('',#2436,#2007,#2438,.T.);
#2436 = VERTEX_POINT('',#2437);
#2437 = CARTESIAN_POINT('',(15.,15.,4.));
#2438 = SURFACE_CURVE('',#2439,(#2444,#2450),.PCURVE_S1.);
#2439 = CIRCLE('',#2440,11.);
#2440 = AXIS2_PLACEMENT_3D('',#2441,#2442,#2443);
#2441 = CARTESIAN_POINT('',(15.,15.,15.));
#2442 = DIRECTION('',(0.,1.,-0.));
#2443 = DIRECTION('',(-1.,0.,0.));
#2444 = PCURVE('',#2045,#2445);
#2445 = DEFINITIONAL_REPRESENTATION('',(#2446),#2449);
#2446 = B_SPLINE_CURVE_WITH_KNOTS('',1,(#2447,#2448),.UNSPECIFIED.,.F.,
  .F.,(2,2),(4.712388980385,6.28318530718),.PIECEWISE_BEZIER_KNOTS.);
#2447 = CARTESIAN_POINT('',(-1.570796326795,11.));
#2448 = CARTESIAN_POINT('',(0.,11.));
#2449 = ( GEOMETRIC_REPRESENTATION_CONTEXT(2) 
PARAMETRIC_REPRESENTATION_CONTEXT() REPRESENTATION_CONTEXT('2D SPACE',''
  ) );
#2450 = PCURVE('',#2418,#2451);
#2451 = DEFINITIONAL_REPRESENTATION('',(#2452),#2455);
#2452 = B_SPLINE_CURVE_WITH_KNOTS('',1,(#2453,#2454),.UNSPECIFIED.,.F.,
  .F.,(2,2),(4.712388980385,6.28318530718),.PIECEWISE_BEZIER_KNOTS.);
#2453 = CARTESIAN_POINT('',(0.,-1.570796326795));
#2454 = CARTESIAN_POINT('',(0.,0.));
#2455 = ( GEOMETRIC_REPRESENTATION_CONTEXT(2) 
PARAMETRIC_REPRESENTATION_CONTEXT() REPRESENTATION_CONTEXT('2D SPACE',''
  ) );
#2456 = ORIENTED_EDGE('',*,*,#2457,.T.);
#2457 = EDGE_CURVE('',#2436,#2458,#2460,.T.);
#2458 = VERTEX_POINT('',#2459);
#2459 = CARTESIAN_POINT('',(15.,145.,4.));
#2460 = SURFACE_CURVE('',#2461,(#2465,#2472),.PCURVE_S1.);
#2461 = LINE('',#2462,#2463);
#2462 = CARTESIAN_POINT('',(15.,4.,4.));
#2463 = VECTOR('',#2464,1.);
#2464 = DIRECTION('',(-0.,1.,0.));
#2465 = PCURVE('',#2045,#2466);
#2466 = DEFINITIONAL_REPRESENTATION('',(#2467),#2471);
#2467 = LINE('',#2468,#2469);
#2468 = CARTESIAN_POINT('',(-1.570796326795,0.));
#2469 = VECTOR('',#2470,1.);
#2470 = DIRECTION('',(-0.,1.));
#2471 = ( GEOMETRIC_REPRESENTATION_CONTEXT(2) 
PARAMETRIC_REPRESENTATION_CONTEXT() REPRESENTATION_CONTEXT('2D SPACE',''
  ) );
#2472 = PCURVE('',#2473,#2478);
#2473 = PLANE('',#2474);
#2474 = AXIS2_PLACEMENT_3D('',#2475,#2476,#2477);
#2475 = CARTESIAN_POINT('',(4.,4.,4.));
#2476 = DIRECTION('',(0.,0.,1.));
#2477 = DIRECTION('',(1.,0.,-0.));
#2478 = DEFINITIONAL_REPRESENTATION('',(#2479),#2483);
#2479 = LINE('',#2480,#2481);
#2480 = CARTESIAN_POINT('',(11.,0.));
#2481 = VECTOR('',#2482,1.);
#2482 = DIRECTION('',(0.,1.));
#2483 = ( GEOMETRIC_REPRESENTATION_CONTEXT(2) 
PARAMETRIC_REPRESENTATION_CONTEXT() REPRESENTATION_CONTEXT('2D SPACE',''
  ) );
#2484 = ORIENTED_EDGE('',*,*,#2485,.T.);
#2485 = EDGE_CURVE('',#2458,#2030,#2486,.T.);
#2486 = SURFACE_CURVE('',#2487,(#2492,#2498),.PCURVE_S1.);
#2487 = CIRCLE('',#2488,11.);
#2488 = AXIS2_PLACEMENT_3D('',#2489,#2490,#2491);
#2489 = CARTESIAN_POINT('',(15.,145.,15.));
#2490 = DIRECTION('',(0.,1.,-0.));
#2491 = DIRECTION('',(-1.,0.,0.));
#2492 = PCURVE('',#2045,#2493);
#2493 = DEFINITIONAL_REPRESENTATION('',(#2494),#2497);
#2494 = B_SPLINE_CURVE_WITH_KNOTS('',1,(#2495,#2496),.UNSPECIFIED.,.F.,
  .F.,(2,2),(4.712388980385,6.28318530718),.PIECEWISE_BEZIER_KNOTS.);
#2495 = CARTESIAN_POINT('',(-1.570796326795,141.));
#2496 = CARTESIAN_POINT('',(0.,141.));
#2497 = ( GEOMETRIC_REPRESENTATION_CONTEXT(2) 
PARAMETRIC_REPRESENTATION_CONTEXT() REPRESENTATION_CONTEXT('2D SPACE',''
  ) );
#2498 = PCURVE('',#2499,#2504);
#2499 = SPHERICAL_SURFACE('',#2500,11.);
#2500 = AXIS2_PLACEMENT_3D('',#2501,#2502,#2503);
#2501 = CARTESIAN_POINT('',(15.,145.,15.));
#2502 = DIRECTION('',(0.,0.,1.));
#2503 = DIRECTION('',(-1.,0.,0.));
#2504 = DEFINITIONAL_REPRESENTATION('',(#2505),#2508);
#2505 = B_SPLINE_CURVE_WITH_KNOTS('',1,(#2506,#2507),.UNSPECIFIED.,.F.,
  .F.,(2,2),(4.712388980385,6.28318530718),.PIECEWISE_BEZIER_KNOTS.);
#2506 = CARTESIAN_POINT('',(0.,-1.570796326795));
#2507 = CARTESIAN_POINT('',(0.,0.));
#2508 = ( GEOMETRIC_REPRESENTATION_CONTEXT(2) 
PARAMETRIC_REPRESENTATION_CONTEXT() REPRESENTATION_CONTEXT('2D SPACE',''
  ) );
#2509 = ORIENTED_EDGE('',*,*,#2029,.F.);
#2510 = ADVANCED_FACE('',(#2511),#2071,.F.);
#2511 = FACE_BOUND('',#2512,.T.);
#2512 = EDGE_LOOP('',(#2513,#2514,#2536,#2537));
#2513 = ORIENTED_EDGE('',*,*,#2057,.F.);
#2514 = ORIENTED_EDGE('',*,*,#2515,.T.);
#2515 = EDGE_CURVE('',#2030,#2221,#2516,.T.);
#2516 = SURFACE_CURVE('',#2517,(#2522,#2529),.PCURVE_S1.);
#2517 = CIRCLE('',#2518,11.);
#2518 = AXIS2_PLACEMENT_3D('',#2519,#2520,#2521);
#2519 = CARTESIAN_POINT('',(15.,145.,15.));
#2520 = DIRECTION('',(-0.,0.,-1.));
#2521 = DIRECTION('',(-1.,0.,0.));
#2522 = PCURVE('',#2071,#2523);
#2523 = DEFINITIONAL_REPRESENTATION('',(#2524),#2528);
#2524 = LINE('',#2525,#2526);
#2525 = CARTESIAN_POINT('',(-0.,11.));
#2526 = VECTOR('',#2527,1.);
#2527 = DIRECTION('',(-1.,0.));
#2528 = ( GEOMETRIC_REPRESENTATION_CONTEXT(2) 
PARAMETRIC_REPRESENTATION_CONTEXT() REPRESENTATION_CONTEXT('2D SPACE',''
  ) );
#2529 = PCURVE('',#2499,#2530);
#2530 = DEFINITIONAL_REPRESENTATION('',(#2531),#2535);
#2531 = LINE('',#2532,#2533);
#2532 = CARTESIAN_POINT('',(-0.,0.));
#2533 = VECTOR('',#2534,1.);
#2534 = DIRECTION('',(-1.,0.));
#2535 = ( GEOMETRIC_REPRESENTATION_CONTEXT(2) 
PARAMETRIC_REPRESENTATION_CONTEXT() REPRESENTATION_CONTEXT('2D SPACE',''
  ) );
#2536 = ORIENTED_EDGE('',*,*,#2220,.T.);
#2537 = ORIENTED_EDGE('',*,*,#2087,.T.);
#2538 = ADVANCED_FACE('',(#2539),#2178,.F.);
#2539 = FACE_BOUND('',#2540,.F.);
#2540 = EDGE_LOOP('',(#2541,#2561,#2584,#2609));
#2541 = ORIENTED_EDGE('',*,*,#2542,.F.);
#2542 = EDGE_CURVE('',#2436,#2113,#2543,.T.);
#2543 = SURFACE_CURVE('',#2544,(#2549,#2555),.PCURVE_S1.);
#2544 = CIRCLE('',#2545,11.);
#2545 = AXIS2_PLACEMENT_3D('',#2546,#2547,#2548);
#2546 = CARTESIAN_POINT('',(15.,15.,15.));
#2547 = DIRECTION('',(-1.,6.123233995737E-17,0.));
#2548 = DIRECTION('',(-6.123233995737E-17,-1.,0.));
#2549 = PCURVE('',#2178,#2550);
#2550 = DEFINITIONAL_REPRESENTATION('',(#2551),#2554);
#2551 = B_SPLINE_CURVE_WITH_KNOTS('',1,(#2552,#2553),.UNSPECIFIED.,.F.,
  .F.,(2,2),(4.712388980385,6.28318530718),.PIECEWISE_BEZIER_KNOTS.);
#2552 = CARTESIAN_POINT('',(1.570796326795,11.));
#2553 = CARTESIAN_POINT('',(0.,11.));
#2554 = ( GEOMETRIC_REPRESENTATION_CONTEXT(2) 
PARAMETRIC_REPRESENTATION_CONTEXT() REPRESENTATION_CONTEXT('2D SPACE',''
  ) );
#2555 = PCURVE('',#2418,#2556);
#2556 = DEFINITIONAL_REPRESENTATION('',(#2557),#2560);
#2557 = B_SPLINE_CURVE_WITH_KNOTS('',1,(#2558,#2559),.UNSPECIFIED.,.F.,
  .F.,(2,2),(4.712388980385,6.28318530718),.PIECEWISE_BEZIER_KNOTS.);
#2558 = CARTESIAN_POINT('',(1.570796326795,-1.570796326795));
#2559 = CARTESIAN_POINT('',(1.570796326795,0.));
#2560 = ( GEOMETRIC_REPRESENTATION_CONTEXT(2) 
PARAMETRIC_REPRESENTATION_CONTEXT() REPRESENTATION_CONTEXT('2D SPACE',''
  ) );
#2561 = ORIENTED_EDGE('',*,*,#2562,.T.);
#2562 = EDGE_CURVE('',#2436,#2563,#2565,.T.);
#2563 = VERTEX_POINT('',#2564);
#2564 = CARTESIAN_POINT('',(225.,15.,4.));
#2565 = SURFACE_CURVE('',#2566,(#2570,#2577),.PCURVE_S1.);
#2566 = LINE('',#2567,#2568);
#2567 = CARTESIAN_POINT('',(4.,15.,4.));
#2568 = VECTOR('',#2569,1.);
#2569 = DIRECTION('',(1.,0.,-0.));
#2570 = PCURVE('',#2178,#2571);
#2571 = DEFINITIONAL_REPRESENTATION('',(#2572),#2576);
#2572 = LINE('',#2573,#2574);
#2573 = CARTESIAN_POINT('',(1.570796326795,0.));
#2574 = VECTOR('',#2575,1.);
#2575 = DIRECTION('',(0.,1.));
#2576 = ( GEOMETRIC_REPRESENTATION_CONTEXT(2) 
PARAMETRIC_REPRESENTATION_CONTEXT() REPRESENTATION_CONTEXT('2D SPACE',''
  ) );
#2577 = PCURVE('',#2473,#2578);
#2578 = DEFINITIONAL_REPRESENTATION('',(#2579),#2583);
#2579 = LINE('',#2580,#2581);
#2580 = CARTESIAN_POINT('',(0.,11.));
#2581 = VECTOR('',#2582,1.);
#2582 = DIRECTION('',(1.,0.));
#2583 = ( GEOMETRIC_REPRESENTATION_CONTEXT(2) 
PARAMETRIC_REPRESENTATION_CONTEXT() REPRESENTATION_CONTEXT('2D SPACE',''
  ) );
#2584 = ORIENTED_EDGE('',*,*,#2585,.T.);
#2585 = EDGE_CURVE('',#2563,#2137,#2586,.T.);
#2586 = SURFACE_CURVE('',#2587,(#2592,#2598),.PCURVE_S1.);
#2587 = CIRCLE('',#2588,11.);
#2588 = AXIS2_PLACEMENT_3D('',#2589,#2590,#2591);
#2589 = CARTESIAN_POINT('',(225.,15.,15.));
#2590 = DIRECTION('',(-1.,-6.123233995737E-17,0.));
#2591 = DIRECTION('',(6.123233995737E-17,-1.,-0.));
#2592 = PCURVE('',#2178,#2593);
#2593 = DEFINITIONAL_REPRESENTATION('',(#2594),#2597);
#2594 = B_SPLINE_CURVE_WITH_KNOTS('',1,(#2595,#2596),.UNSPECIFIED.,.F.,
  .F.,(2,2),(4.712388980385,6.28318530718),.PIECEWISE_BEZIER_KNOTS.);
#2595 = CARTESIAN_POINT('',(1.570796326795,221.));
#2596 = CARTESIAN_POINT('',(0.,221.));
#2597 = ( GEOMETRIC_REPRESENTATION_CONTEXT(2) 
PARAMETRIC_REPRESENTATION_CONTEXT() REPRESENTATION_CONTEXT('2D SPACE',''
  ) );
#2598 = PCURVE('',#2599,#2604);
#2599 = SPHERICAL_SURFACE('',#2600,11.);
#2600 = AXIS2_PLACEMENT_3D('',#2601,#2602,#2603);
#2601 = CARTESIAN_POINT('',(225.,15.,15.));
#2602 = DIRECTION('',(0.,0.,1.));
#2603 = DIRECTION('',(1.,0.,-0.));
#2604 = DEFINITIONAL_REPRESENTATION('',(#2605),#2608);
#2605 = B_SPLINE_CURVE_WITH_KNOTS('',1,(#2606,#2607),.UNSPECIFIED.,.F.,
  .F.,(2,2),(4.712388980385,6.28318530718),.PIECEWISE_BEZIER_KNOTS.);
#2606 = CARTESIAN_POINT('',(-1.570796326795,-1.570796326795));
#2607 = CARTESIAN_POINT('',(-1.570796326795,0.));
#2608 = ( GEOMETRIC_REPRESENTATION_CONTEXT(2) 
PARAMETRIC_REPRESENTATION_CONTEXT() REPRESENTATION_CONTEXT('2D SPACE',''
  ) );
#2609 = ORIENTED_EDGE('',*,*,#2164,.F.);
#2610 = ADVANCED_FACE('',(#2611),#2152,.F.);
#2611 = FACE_BOUND('',#2612,.T.);
#2612 = EDGE_LOOP('',(#2613,#2614,#2636,#2637));
#2613 = ORIENTED_EDGE('',*,*,#2326,.F.);
#2614 = ORIENTED_EDGE('',*,*,#2615,.T.);
#2615 = EDGE_CURVE('',#2327,#2137,#2616,.T.);
#2616 = SURFACE_CURVE('',#2617,(#2622,#2629),.PCURVE_S1.);
#2617 = CIRCLE('',#2618,11.);
#2618 = AXIS2_PLACEMENT_3D('',#2619,#2620,#2621);
#2619 = CARTESIAN_POINT('',(225.,15.,15.));
#2620 = DIRECTION('',(0.,-0.,-1.));
#2621 = DIRECTION('',(1.,0.,-0.));
#2622 = PCURVE('',#2152,#2623);
#2623 = DEFINITIONAL_REPRESENTATION('',(#2624),#2628);
#2624 = LINE('',#2625,#2626);
#2625 = CARTESIAN_POINT('',(-0.,11.));
#2626 = VECTOR('',#2627,1.);
#2627 = DIRECTION('',(-1.,0.));
#2628 = ( GEOMETRIC_REPRESENTATION_CONTEXT(2) 
PARAMETRIC_REPRESENTATION_CONTEXT() REPRESENTATION_CONTEXT('2D SPACE',''
  ) );
#2629 = PCURVE('',#2599,#2630);
#2630 = DEFINITIONAL_REPRESENTATION('',(#2631),#2635);
#2631 = LINE('',#2632,#2633);
#2632 = CARTESIAN_POINT('',(-0.,0.));
#2633 = VECTOR('',#2634,1.);
#2634 = DIRECTION('',(-1.,0.));
#2635 = ( GEOMETRIC_REPRESENTATION_CONTEXT(2) 
PARAMETRIC_REPRESENTATION_CONTEXT() REPRESENTATION_CONTEXT('2D SPACE',''
  ) );
#2636 = ORIENTED_EDGE('',*,*,#2136,.T.);
#2637 = ORIENTED_EDGE('',*,*,#2195,.F.);
#2638 = ADVANCED_FACE('',(#2639),#2286,.F.);
#2639 = FACE_BOUND('',#2640,.T.);
#2640 = EDGE_LOOP('',(#2641,#2661,#2684,#2709));
#2641 = ORIENTED_EDGE('',*,*,#2642,.F.);
#2642 = EDGE_CURVE('',#2458,#2221,#2643,.T.);
#2643 = SURFACE_CURVE('',#2644,(#2649,#2655),.PCURVE_S1.);
#2644 = CIRCLE('',#2645,11.);
#2645 = AXIS2_PLACEMENT_3D('',#2646,#2647,#2648);
#2646 = CARTESIAN_POINT('',(15.,145.,15.));
#2647 = DIRECTION('',(1.,6.123233995737E-17,-0.));
#2648 = DIRECTION('',(-6.123233995737E-17,1.,0.));
#2649 = PCURVE('',#2286,#2650);
#2650 = DEFINITIONAL_REPRESENTATION('',(#2651),#2654);
#2651 = B_SPLINE_CURVE_WITH_KNOTS('',1,(#2652,#2653),.UNSPECIFIED.,.F.,
  .F.,(2,2),(4.712388980385,6.28318530718),.PIECEWISE_BEZIER_KNOTS.);
#2652 = CARTESIAN_POINT('',(-1.570796326795,11.));
#2653 = CARTESIAN_POINT('',(0.,11.));
#2654 = ( GEOMETRIC_REPRESENTATION_CONTEXT(2) 
PARAMETRIC_REPRESENTATION_CONTEXT() REPRESENTATION_CONTEXT('2D SPACE',''
  ) );
#2655 = PCURVE('',#2499,#2656);
#2656 = DEFINITIONAL_REPRESENTATION('',(#2657),#2660);
#2657 = B_SPLINE_CURVE_WITH_KNOTS('',1,(#2658,#2659),.UNSPECIFIED.,.F.,
  .F.,(2,2),(4.712388980385,6.28318530718),.PIECEWISE_BEZIER_KNOTS.);
#2658 = CARTESIAN_POINT('',(-1.570796326795,-1.570796326795));
#2659 = CARTESIAN_POINT('',(-1.570796326795,0.));
#2660 = ( GEOMETRIC_REPRESENTATION_CONTEXT(2) 
PARAMETRIC_REPRESENTATION_CONTEXT() REPRESENTATION_CONTEXT('2D SPACE',''
  ) );
#2661 = ORIENTED_EDGE('',*,*,#2662,.T.);
#2662 = EDGE_CURVE('',#2458,#2663,#2665,.T.);
#2663 = VERTEX_POINT('',#2664);
#2664 = CARTESIAN_POINT('',(225.,145.,4.));
#2665 = SURFACE_CURVE('',#2666,(#2670,#2677),.PCURVE_S1.);
#2666 = LINE('',#2667,#2668);
#2667 = CARTESIAN_POINT('',(4.,145.,4.));
#2668 = VECTOR('',#2669,1.);
#2669 = DIRECTION('',(1.,0.,-0.));
#2670 = PCURVE('',#2286,#2671);
#2671 = DEFINITIONAL_REPRESENTATION('',(#2672),#2676);
#2672 = LINE('',#2673,#2674);
#2673 = CARTESIAN_POINT('',(-1.570796326795,0.));
#2674 = VECTOR('',#2675,1.);
#2675 = DIRECTION('',(-0.,1.));
#2676 = ( GEOMETRIC_REPRESENTATION_CONTEXT(2) 
PARAMETRIC_REPRESENTATION_CONTEXT() REPRESENTATION_CONTEXT('2D SPACE',''
  ) );
#2677 = PCURVE('',#2473,#2678);
#2678 = DEFINITIONAL_REPRESENTATION('',(#2679),#2683);
#2679 = LINE('',#2680,#2681);
#2680 = CARTESIAN_POINT('',(0.,141.));
#2681 = VECTOR('',#2682,1.);
#2682 = DIRECTION('',(1.,0.));
#2683 = ( GEOMETRIC_REPRESENTATION_CONTEXT(2) 
PARAMETRIC_REPRESENTATION_CONTEXT() REPRESENTATION_CONTEXT('2D SPACE',''
  ) );
#2684 = ORIENTED_EDGE('',*,*,#2685,.T.);
#2685 = EDGE_CURVE('',#2663,#2245,#2686,.T.);
#2686 = SURFACE_CURVE('',#2687,(#2692,#2698),.PCURVE_S1.);
#2687 = CIRCLE('',#2688,11.);
#2688 = AXIS2_PLACEMENT_3D('',#2689,#2690,#2691);
#2689 = CARTESIAN_POINT('',(225.,145.,15.));
#2690 = DIRECTION('',(1.,-6.123233995737E-17,0.));
#2691 = DIRECTION('',(6.123233995737E-17,1.,0.));
#2692 = PCURVE('',#2286,#2693);
#2693 = DEFINITIONAL_REPRESENTATION('',(#2694),#2697);
#2694 = B_SPLINE_CURVE_WITH_KNOTS('',1,(#2695,#2696),.UNSPECIFIED.,.F.,
  .F.,(2,2),(4.712388980385,6.28318530718),.PIECEWISE_BEZIER_KNOTS.);
#2695 = CARTESIAN_POINT('',(-1.570796326795,221.));
#2696 = CARTESIAN_POINT('',(0.,221.));
#2697 = ( GEOMETRIC_REPRESENTATION_CONTEXT(2) 
PARAMETRIC_REPRESENTATION_CONTEXT() REPRESENTATION_CONTEXT('2D SPACE',''
  ) );
#2698 = PCURVE('',#2699,#2704);
#2699 = SPHERICAL_SURFACE('',#2700,11.);
#2700 = AXIS2_PLACEMENT_3D('',#2701,#2702,#2703);
#2701 = CARTESIAN_POINT('',(225.,145.,15.));
#2702 = DIRECTION('',(0.,0.,1.));
#2703 = DIRECTION('',(1.,0.,-0.));
#2704 = DEFINITIONAL_REPRESENTATION('',(#2705),#2708);
#2705 = B_SPLINE_CURVE_WITH_KNOTS('',1,(#2706,#2707),.UNSPECIFIED.,.F.,
  .F.,(2,2),(4.712388980385,6.28318530718),.PIECEWISE_BEZIER_KNOTS.);
#2706 = CARTESIAN_POINT('',(1.570796326795,-1.570796326795));
#2707 = CARTESIAN_POINT('',(1.570796326795,0.));
#2708 = ( GEOMETRIC_REPRESENTATION_CONTEXT(2) 
PARAMETRIC_REPRESENTATION_CONTEXT() REPRESENTATION_CONTEXT('2D SPACE',''
  ) );
#2709 = ORIENTED_EDGE('',*,*,#2272,.F.);
#2710 = ADVANCED_FACE('',(#2711),#2260,.F.);
#2711 = FACE_BOUND('',#2712,.F.);
#2712 = EDGE_LOOP('',(#2713,#2714,#2736,#2737));
#2713 = ORIENTED_EDGE('',*,*,#2377,.F.);
#2714 = ORIENTED_EDGE('',*,*,#2715,.T.);
#2715 = EDGE_CURVE('',#2350,#2245,#2716,.T.);
#2716 = SURFACE_CURVE('',#2717,(#2722,#2729),.PCURVE_S1.);
#2717 = CIRCLE('',#2718,11.);
#2718 = AXIS2_PLACEMENT_3D('',#2719,#2720,#2721);
#2719 = CARTESIAN_POINT('',(225.,145.,15.));
#2720 = DIRECTION('',(0.,0.,1.));
#2721 = DIRECTION('',(1.,0.,-0.));
#2722 = PCURVE('',#2260,#2723);
#2723 = DEFINITIONAL_REPRESENTATION('',(#2724),#2728);
#2724 = LINE('',#2725,#2726);
#2725 = CARTESIAN_POINT('',(0.,11.));
#2726 = VECTOR('',#2727,1.);
#2727 = DIRECTION('',(1.,0.));
#2728 = ( GEOMETRIC_REPRESENTATION_CONTEXT(2) 
PARAMETRIC_REPRESENTATION_CONTEXT() REPRESENTATION_CONTEXT('2D SPACE',''
  ) );
#2729 = PCURVE('',#2699,#2730);
#2730 = DEFINITIONAL_REPRESENTATION('',(#2731),#2735);
#2731 = LINE('',#2732,#2733);
#2732 = CARTESIAN_POINT('',(0.,0.));
#2733 = VECTOR('',#2734,1.);
#2734 = DIRECTION('',(1.,0.));
#2735 = ( GEOMETRIC_REPRESENTATION_CONTEXT(2) 
PARAMETRIC_REPRESENTATION_CONTEXT() REPRESENTATION_CONTEXT('2D SPACE',''
  ) );
#2736 = ORIENTED_EDGE('',*,*,#2244,.T.);
#2737 = ORIENTED_EDGE('',*,*,#2301,.T.);
#2738 = ADVANCED_FACE('',(#2739),#2365,.F.);
#2739 = FACE_BOUND('',#2740,.F.);
#2740 = EDGE_LOOP('',(#2741,#2761,#2782,#2802));
#2741 = ORIENTED_EDGE('',*,*,#2742,.F.);
#2742 = EDGE_CURVE('',#2563,#2327,#2743,.T.);
#2743 = SURFACE_CURVE('',#2744,(#2749,#2755),.PCURVE_S1.);
#2744 = CIRCLE('',#2745,11.);
#2745 = AXIS2_PLACEMENT_3D('',#2746,#2747,#2748);
#2746 = CARTESIAN_POINT('',(225.,15.,15.));
#2747 = DIRECTION('',(0.,-1.,0.));
#2748 = DIRECTION('',(1.,0.,0.));
#2749 = PCURVE('',#2365,#2750);
#2750 = DEFINITIONAL_REPRESENTATION('',(#2751),#2754);
#2751 = B_SPLINE_CURVE_WITH_KNOTS('',1,(#2752,#2753),.UNSPECIFIED.,.F.,
  .F.,(2,2),(4.712388980385,6.28318530718),.PIECEWISE_BEZIER_KNOTS.);
#2752 = CARTESIAN_POINT('',(1.570796326795,11.));
#2753 = CARTESIAN_POINT('',(0.,11.));
#2754 = ( GEOMETRIC_REPRESENTATION_CONTEXT(2) 
PARAMETRIC_REPRESENTATION_CONTEXT() REPRESENTATION_CONTEXT('2D SPACE',''
  ) );
#2755 = PCURVE('',#2599,#2756);
#2756 = DEFINITIONAL_REPRESENTATION('',(#2757),#2760);
#2757 = B_SPLINE_CURVE_WITH_KNOTS('',1,(#2758,#2759),.UNSPECIFIED.,.F.,
  .F.,(2,2),(4.712388980385,6.28318530718),.PIECEWISE_BEZIER_KNOTS.);
#2758 = CARTESIAN_POINT('',(0.,-1.570796326795));
#2759 = CARTESIAN_POINT('',(0.,0.));
#2760 = ( GEOMETRIC_REPRESENTATION_CONTEXT(2) 
PARAMETRIC_REPRESENTATION_CONTEXT() REPRESENTATION_CONTEXT('2D SPACE',''
  ) );
#2761 = ORIENTED_EDGE('',*,*,#2762,.T.);
#2762 = EDGE_CURVE('',#2563,#2663,#2763,.T.);
#2763 = SURFACE_CURVE('',#2764,(#2768,#2775),.PCURVE_S1.);
#2764 = LINE('',#2765,#2766);
#2765 = CARTESIAN_POINT('',(225.,4.,4.));
#2766 = VECTOR('',#2767,1.);
#2767 = DIRECTION('',(-0.,1.,0.));
#2768 = PCURVE('',#2365,#2769);
#2769 = DEFINITIONAL_REPRESENTATION('',(#2770),#2774);
#2770 = LINE('',#2771,#2772);
#2771 = CARTESIAN_POINT('',(1.570796326795,0.));
#2772 = VECTOR('',#2773,1.);
#2773 = DIRECTION('',(0.,1.));
#2774 = ( GEOMETRIC_REPRESENTATION_CONTEXT(2) 
PARAMETRIC_REPRESENTATION_CONTEXT() REPRESENTATION_CONTEXT('2D SPACE',''
  ) );
#2775 = PCURVE('',#2473,#2776);
#2776 = DEFINITIONAL_REPRESENTATION('',(#2777),#2781);
#2777 = LINE('',#2778,#2779);
#2778 = CARTESIAN_POINT('',(221.,0.));
#2779 = VECTOR('',#2780,1.);
#2780 = DIRECTION('',(0.,1.));
#2781 = ( GEOMETRIC_REPRESENTATION_CONTEXT(2) 
PARAMETRIC_REPRESENTATION_CONTEXT() REPRESENTATION_CONTEXT('2D SPACE',''
  ) );
#2782 = ORIENTED_EDGE('',*,*,#2783,.T.);
#2783 = EDGE_CURVE('',#2663,#2350,#2784,.T.);
#2784 = SURFACE_CURVE('',#2785,(#2790,#2796),.PCURVE_S1.);
#2785 = CIRCLE('',#2786,11.);
#2786 = AXIS2_PLACEMENT_3D('',#2787,#2788,#2789);
#2787 = CARTESIAN_POINT('',(225.,145.,15.));
#2788 = DIRECTION('',(0.,-1.,0.));
#2789 = DIRECTION('',(1.,0.,0.));
#2790 = PCURVE('',#2365,#2791);
#2791 = DEFINITIONAL_REPRESENTATION('',(#2792),#2795);
#2792 = B_SPLINE_CURVE_WITH_KNOTS('',1,(#2793,#2794),.UNSPECIFIED.,.F.,
  .F.,(2,2),(4.712388980385,6.28318530718),.PIECEWISE_BEZIER_KNOTS.);
#2793 = CARTESIAN_POINT('',(1.570796326795,141.));
#2794 = CARTESIAN_POINT('',(0.,141.));
#2795 = ( GEOMETRIC_REPRESENTATION_CONTEXT(2) 
PARAMETRIC_REPRESENTATION_CONTEXT() REPRESENTATION_CONTEXT('2D SPACE',''
  ) );
#2796 = PCURVE('',#2699,#2797);
#2797 = DEFINITIONAL_REPRESENTATION('',(#2798),#2801);
#2798 = B_SPLINE_CURVE_WITH_KNOTS('',1,(#2799,#2800),.UNSPECIFIED.,.F.,
  .F.,(2,2),(4.712388980385,6.28318530718),.PIECEWISE_BEZIER_KNOTS.);
#2799 = CARTESIAN_POINT('',(0.,-1.570796326795));
#2800 = CARTESIAN_POINT('',(0.,0.));
#2801 = ( GEOMETRIC_REPRESENTATION_CONTEXT(2) 
PARAMETRIC_REPRESENTATION_CONTEXT() REPRESENTATION_CONTEXT('2D SPACE',''
  ) );
#2802 = ORIENTED_EDGE('',*,*,#2349,.F.);
#2803 = ADVANCED_FACE('',(#2804),#2418,.F.);
#2804 = FACE_BOUND('',#2805,.F.);
#2805 = EDGE_LOOP('',(#2806,#2807,#2808));
#2806 = ORIENTED_EDGE('',*,*,#2435,.F.);
#2807 = ORIENTED_EDGE('',*,*,#2542,.T.);
#2808 = ORIENTED_EDGE('',*,*,#2403,.F.);
#2809 = ADVANCED_FACE('',(#2810),#2473,.T.);
#2810 = FACE_BOUND('',#2811,.T.);
#2811 = EDGE_LOOP('',(#2812,#2813,#2814,#2815));
#2812 = ORIENTED_EDGE('',*,*,#2457,.F.);
#2813 = ORIENTED_EDGE('',*,*,#2562,.T.);
#2814 = ORIENTED_EDGE('',*,*,#2762,.T.);
#2815 = ORIENTED_EDGE('',*,*,#2662,.F.);
#2816 = ADVANCED_FACE('',(#2817),#2499,.F.);
#2817 = FACE_BOUND('',#2818,.T.);
#2818 = EDGE_LOOP('',(#2819,#2820,#2821));
#2819 = ORIENTED_EDGE('',*,*,#2485,.F.);
#2820 = ORIENTED_EDGE('',*,*,#2642,.T.);
#2821 = ORIENTED_EDGE('',*,*,#2515,.F.);
#2822 = ADVANCED_FACE('',(#2823),#2599,.F.);
#2823 = FACE_BOUND('',#2824,.T.);
#2824 = EDGE_LOOP('',(#2825,#2826,#2827));
#2825 = ORIENTED_EDGE('',*,*,#2742,.F.);
#2826 = ORIENTED_EDGE('',*,*,#2585,.T.);
#2827 = ORIENTED_EDGE('',*,*,#2615,.F.);
#2828 = ADVANCED_FACE('',(#2829),#2699,.F.);
#2829 = FACE_BOUND('',#2830,.F.);
#2830 = EDGE_LOOP('',(#2831,#2832,#2833));
#2831 = ORIENTED_EDGE('',*,*,#2783,.F.);
#2832 = ORIENTED_EDGE('',*,*,#2685,.T.);
#2833 = ORIENTED_EDGE('',*,*,#2715,.F.);
#2834 = ( GEOMETRIC_REPRESENTATION_CONTEXT(3) 
GLOBAL_UNCERTAINTY_ASSIGNED_CONTEXT((#2838)) 
GLOBAL_UNIT_ASSIGNED_CONTEXT((#2835,#2836,#2837)) REPRESENTATION_CONTEXT
('Context #1','3D Context with UNIT and UNCERTAINTY') );
#2835 = ( LENGTH_UNIT() NAMED_UNIT(*) SI_UNIT(.MILLI.,.METRE.) );
#2836 = ( NAMED_UNIT(*) PLANE_ANGLE_UNIT() SI_UNIT($,.RADIAN.) );
#2837 = ( NAMED_UNIT(*) SI_UNIT($,.STERADIAN.) SOLID_ANGLE_UNIT() );
#2838 = UNCERTAINTY_MEASURE_WITH_UNIT(LENGTH_MEASURE(1.E-07),#2835,
  'distance_accuracy_value','confusion accuracy');
#2839 = PRODUCT_RELATED_PRODUCT_CATEGORY('part',$,(#7));
ENDSEC;
END-ISO-10303-21;
