ISO-10303-21;
HEADER;
FILE_DESCRIPTION((''),'2;1');
FILE_NAME('STEERING_KNUCKLE_PATTERN','2020-10-16T',('jagruti.badgujar'),(''),
'CREO PARAMETRIC BY PTC INC, 2015380','CREO PARAMETRIC BY PTC INC, 2015380','');
FILE_SCHEMA(('CONFIG_CONTROL_DESIGN'));
ENDSEC;
DATA;
#1=CARTESIAN_POINT('',(0.E0,0.E0,0.E0));
#2=DIRECTION('',(1.E0,0.E0,0.E0));
#3=DIRECTION('',(0.E0,1.E0,0.E0));
#4=AXIS2_PLACEMENT_3D('',#1,#2,#3);
#6=CARTESIAN_POINT('',(0.E0,0.E0,0.E0));
#7=DIRECTION('',(1.E0,0.E0,0.E0));
#8=DIRECTION('',(0.E0,-1.E0,0.E0));
#9=AXIS2_PLACEMENT_3D('',#6,#7,#8);
#11=CARTESIAN_POINT('',(0.E0,0.E0,0.E0));
#12=DIRECTION('',(-1.E0,0.E0,0.E0));
#13=DIRECTION('',(0.E0,1.E0,0.E0));
#14=AXIS2_PLACEMENT_3D('',#11,#12,#13);
#16=CARTESIAN_POINT('',(0.E0,0.E0,0.E0));
#17=DIRECTION('',(-1.E0,0.E0,0.E0));
#18=DIRECTION('',(0.E0,-1.E0,0.E0));
#19=AXIS2_PLACEMENT_3D('',#16,#17,#18);
#21=DIRECTION('',(-1.E0,0.E0,0.E0));
#22=VECTOR('',#21,3.E0);
#23=CARTESIAN_POINT('',(0.E0,-3.15E1,0.E0));
#24=LINE('',#23,#22);
#25=DIRECTION('',(-1.E0,0.E0,0.E0));
#26=VECTOR('',#25,3.E0);
#27=CARTESIAN_POINT('',(0.E0,3.15E1,0.E0));
#28=LINE('',#27,#26);
#29=CARTESIAN_POINT('',(-3.E0,0.E0,0.E0));
#30=DIRECTION('',(1.E0,0.E0,0.E0));
#31=DIRECTION('',(0.E0,1.E0,0.E0));
#32=AXIS2_PLACEMENT_3D('',#29,#30,#31);
#34=CARTESIAN_POINT('',(-3.E0,0.E0,0.E0));
#35=DIRECTION('',(-1.E0,0.E0,0.E0));
#36=DIRECTION('',(0.E0,1.E0,0.E0));
#37=AXIS2_PLACEMENT_3D('',#34,#35,#36);
#39=CARTESIAN_POINT('',(-3.E0,0.E0,0.E0));
#40=DIRECTION('',(-1.E0,0.E0,0.E0));
#41=DIRECTION('',(0.E0,1.E0,0.E0));
#42=AXIS2_PLACEMENT_3D('',#39,#40,#41);
#44=CARTESIAN_POINT('',(-3.E0,0.E0,0.E0));
#45=DIRECTION('',(-1.E0,0.E0,0.E0));
#46=DIRECTION('',(0.E0,-1.E0,0.E0));
#47=AXIS2_PLACEMENT_3D('',#44,#45,#46);
#49=CARTESIAN_POINT('',(-3.5E0,3.35E1,1.411828669846E-10));
#50=DIRECTION('',(0.E0,4.214528032120E-12,-1.E0));
#51=DIRECTION('',(0.E0,1.E0,4.214528032120E-12));
#52=AXIS2_PLACEMENT_3D('',#49,#50,#51);
#54=CARTESIAN_POINT('',(-3.5E0,0.E0,0.E0));
#55=DIRECTION('',(-1.E0,0.E0,0.E0));
#56=DIRECTION('',(0.E0,1.E0,0.E0));
#57=AXIS2_PLACEMENT_3D('',#54,#55,#56);
#59=DIRECTION('',(-1.E0,0.E0,-7.589460190459E-14));
#60=VECTOR('',#59,3.655E1);
#61=CARTESIAN_POINT('',(-3.5E0,-3.4E1,2.767365354593E-12));
#62=LINE('',#61,#60);
#63=DIRECTION('',(-1.E0,0.E0,7.592270236947E-14));
#64=VECTOR('',#63,3.655E1);
#65=CARTESIAN_POINT('',(-3.5E0,3.4E1,-2.776005384468E-12));
#66=LINE('',#65,#64);
#67=CARTESIAN_POINT('',(-3.5E0,0.E0,0.E0));
#68=DIRECTION('',(-1.E0,0.E0,0.E0));
#69=DIRECTION('',(0.E0,-1.E0,0.E0));
#70=AXIS2_PLACEMENT_3D('',#67,#68,#69);
#72=CARTESIAN_POINT('',(-3.5E0,-3.35E1,-1.411938661227E-10));
#73=DIRECTION('',(0.E0,-4.214628646082E-12,1.E0));
#74=DIRECTION('',(0.E0,-1.E0,-4.214628646082E-12));
#75=AXIS2_PLACEMENT_3D('',#72,#73,#74);
#77=CARTESIAN_POINT('',(-4.005E1,0.E0,0.E0));
#78=DIRECTION('',(1.E0,0.E0,0.E0));
#79=DIRECTION('',(0.E0,1.E0,0.E0));
#80=AXIS2_PLACEMENT_3D('',#77,#78,#79);
#82=CARTESIAN_POINT('',(-4.005E1,0.E0,0.E0));
#83=DIRECTION('',(-1.E0,0.E0,0.E0));
#84=DIRECTION('',(0.E0,1.E0,0.E0));
#85=AXIS2_PLACEMENT_3D('',#82,#83,#84);
#87=DIRECTION('',(-1.E0,0.E0,0.E0));
#88=VECTOR('',#87,2.65E0);
#89=CARTESIAN_POINT('',(-4.005E1,3.55E1,0.E0));
#90=LINE('',#89,#88);
#91=CARTESIAN_POINT('',(-4.005E1,0.E0,0.E0));
#92=DIRECTION('',(-1.E0,0.E0,0.E0));
#93=DIRECTION('',(0.E0,1.E0,0.E0));
#94=AXIS2_PLACEMENT_3D('',#91,#92,#93);
#96=DIRECTION('',(-1.E0,0.E0,0.E0));
#97=VECTOR('',#96,2.65E0);
#98=CARTESIAN_POINT('',(-4.005E1,-3.55E1,0.E0));
#99=LINE('',#98,#97);
#100=CARTESIAN_POINT('',(-4.005E1,0.E0,0.E0));
#101=DIRECTION('',(1.E0,0.E0,0.E0));
#102=DIRECTION('',(0.E0,1.E0,0.E0));
#103=AXIS2_PLACEMENT_3D('',#100,#101,#102);
#105=CARTESIAN_POINT('',(-4.27E1,0.E0,0.E0));
#106=DIRECTION('',(1.E0,0.E0,0.E0));
#107=DIRECTION('',(0.E0,1.E0,0.E0));
#108=AXIS2_PLACEMENT_3D('',#105,#106,#107);
#110=CARTESIAN_POINT('',(-4.27E1,0.E0,0.E0));
#111=DIRECTION('',(-1.E0,0.E0,0.E0));
#112=DIRECTION('',(0.E0,1.E0,0.E0));
#113=AXIS2_PLACEMENT_3D('',#110,#111,#112);
#115=DIRECTION('',(-1.E0,0.E0,0.E0));
#116=VECTOR('',#115,3.8E0);
#117=CARTESIAN_POINT('',(-4.27E1,3.4E1,0.E0));
#118=LINE('',#117,#116);
#119=CARTESIAN_POINT('',(-4.27E1,0.E0,0.E0));
#120=DIRECTION('',(-1.E0,0.E0,0.E0));
#121=DIRECTION('',(0.E0,1.E0,0.E0));
#122=AXIS2_PLACEMENT_3D('',#119,#120,#121);
#124=DIRECTION('',(-1.E0,0.E0,0.E0));
#125=VECTOR('',#124,3.8E0);
#126=CARTESIAN_POINT('',(-4.27E1,-3.4E1,0.E0));
#127=LINE('',#126,#125);
#128=CARTESIAN_POINT('',(-4.27E1,0.E0,0.E0));
#129=DIRECTION('',(1.E0,0.E0,0.E0));
#130=DIRECTION('',(0.E0,1.E0,0.E0));
#131=AXIS2_PLACEMENT_3D('',#128,#129,#130);
#133=CARTESIAN_POINT('',(-4.758201787347E1,-3.439382229889E1,0.E0));
#134=CARTESIAN_POINT('',(-4.758201787347E1,-3.439382229889E1,
4.847183192902E-1));
#135=CARTESIAN_POINT('',(-4.765266803949E1,-3.439887133114E1,1.451213566220E0));
#136=CARTESIAN_POINT('',(-4.796357499784E1,-3.442315239938E1,2.860540548285E0));
#137=CARTESIAN_POINT('',(-4.830107754294E1,-3.445391294481E1,3.757243159907E0));
#138=CARTESIAN_POINT('',(-4.85E1,-3.447422126045E1,4.190216900328E0));
#140=CARTESIAN_POINT('',(-4.65E1,0.E0,0.E0));
#141=DIRECTION('',(1.E0,0.E0,0.E0));
#142=DIRECTION('',(0.E0,1.E0,0.E0));
#143=AXIS2_PLACEMENT_3D('',#140,#141,#142);
#145=CARTESIAN_POINT('',(-4.839986364088E1,-5.108986225243E1,
-7.269912827383E0));
#146=CARTESIAN_POINT('',(-4.842728605166E1,-5.049682372891E1,
-7.217609360383E0));
#147=CARTESIAN_POINT('',(-4.848308716233E1,-4.929009138420E1,
-7.108771950546E0));
#148=CARTESIAN_POINT('',(-4.854070745646E1,-4.804210274603E1,
-6.990578308011E0));
#149=CARTESIAN_POINT('',(-4.857003464321E1,-4.740782541577E1,
-6.928936637674E0));
#151=CARTESIAN_POINT('',(-4.857003464321E1,-4.740782541577E1,
-6.928936637674E0));
#152=CARTESIAN_POINT('',(-4.861786735561E1,-4.637338216567E1,
-6.828414806423E0));
#153=CARTESIAN_POINT('',(-4.870943376414E1,-4.439467613408E1,
-6.627747748139E0));
#154=CARTESIAN_POINT('',(-4.883335852361E1,-4.171389798834E1,
-6.333048946912E0));
#155=CARTESIAN_POINT('',(-4.894641138475E1,-3.926911524006E1,
-6.042924255889E0));
#156=CARTESIAN_POINT('',(-4.901571503131E1,-3.777016812269E1,
-5.851112891313E0));
#157=CARTESIAN_POINT('',(-4.904875706903E1,-3.705556390968E1,
-5.756316757213E0));
#159=CARTESIAN_POINT('',(-4.904875682604E1,-3.705556416639E1,5.756315154026E0));
#160=CARTESIAN_POINT('',(-4.901566134249E1,-3.777129265266E1,5.851257798126E0));
#161=CARTESIAN_POINT('',(-4.894595257389E1,-3.927904642394E1,6.044231316800E0));
#162=CARTESIAN_POINT('',(-4.883106655728E1,-4.176359362348E1,6.338865924723E0));
#163=CARTESIAN_POINT('',(-4.870499573017E1,-4.449036289809E1,6.637888902800E0));
#164=CARTESIAN_POINT('',(-4.861334579061E1,-4.647182802190E1,6.838258430411E0));
#165=CARTESIAN_POINT('',(-4.856564925016E1,-4.750333013942E1,6.938236400937E0));
#167=CARTESIAN_POINT('',(-4.856564925016E1,-4.750333013942E1,6.938236400937E0));
#168=CARTESIAN_POINT('',(-4.853735749069E1,-4.811517006310E1,6.997537167699E0));
#169=CARTESIAN_POINT('',(-4.848146863413E1,-4.932478729741E1,7.111896972124E0));
#170=CARTESIAN_POINT('',(-4.842681609259E1,-5.050622352287E1,7.218398714387E0));
#171=CARTESIAN_POINT('',(-4.839982917356E1,-5.108986783263E1,7.269877065120E0));
#173=CARTESIAN_POINT('',(-5.519951372387E1,-5.204548830784E1,0.E0));
#174=DIRECTION('',(1.391731009601E-1,-9.902680687416E-1,0.E0));
#175=DIRECTION('',(6.799668619845E-1,9.556311035327E-2,-7.269888297234E-1));
#176=AXIS2_PLACEMENT_3D('',#173,#174,#175);
#178=CARTESIAN_POINT('',(-4.5E1,-4.690607207358E1,-1.039348953630E1));
#179=DIRECTION('',(0.E0,9.896752448990E-1,1.433279792437E-1));
#180=DIRECTION('',(-9.999999997120E-1,-3.440088760315E-6,2.375370604264E-5));
#181=AXIS2_PLACEMENT_3D('',#178,#179,#180);
#183=CARTESIAN_POINT('',(-4.999999973568E1,-5.201744586046E1,
-1.108629799928E1));
#184=CARTESIAN_POINT('',(-4.999999933552E1,-5.199745705004E1,
-1.092345943549E1));
#185=CARTESIAN_POINT('',(-4.998465673221E1,-5.195365301005E1,
-1.060295830467E1));
#186=CARTESIAN_POINT('',(-4.992259542766E1,-5.188014989744E1,
-1.014848816633E1));
#187=CARTESIAN_POINT('',(-4.982213347936E1,-5.179644502594E1,
-9.701027432283E0));
#188=CARTESIAN_POINT('',(-4.968529039690E1,-5.170406597841E1,
-9.267755602735E0));
#189=CARTESIAN_POINT('',(-4.951164126694E1,-5.160238747831E1,
-8.845098233080E0));
#190=CARTESIAN_POINT('',(-4.930021278227E1,-5.149118811213E1,
-8.433414501178E0));
#191=CARTESIAN_POINT('',(-4.904823013655E1,-5.136958845256E1,
-8.032146575372E0));
#192=CARTESIAN_POINT('',(-4.875461643445E1,-5.123776660652E1,
-7.644891447764E0));
#193=CARTESIAN_POINT('',(-4.852389723230E1,-5.114052113100E1,
-7.392584486176E0));
#194=CARTESIAN_POINT('',(-4.839986364088E1,-5.108986225243E1,
-7.269912827383E0));
#196=CARTESIAN_POINT('',(-4.999999973568E1,-5.201744586046E1,
-1.108629799928E1));
#197=CARTESIAN_POINT('',(-5.000000016264E1,-5.120469071292E1,
-1.098320771439E1));
#198=CARTESIAN_POINT('',(-4.999999847941E1,-4.953989605440E1,
-1.076583938465E1));
#199=CARTESIAN_POINT('',(-5.000000287854E1,-4.779696486102E1,
-1.052240595003E1));
#200=CARTESIAN_POINT('',(-5.000000087090E1,-4.690608976712E1,
-1.039337083916E1));
#202=DIRECTION('',(3.565325887679E-8,3.536814257534E-7,9.999999999999E-1));
#203=VECTOR('',#202,7.413702000724E0);
#204=CARTESIAN_POINT('',(-5.E1,-5.201744848255E1,-1.85E1));
#205=LINE('',#204,#203);
#206=DIRECTION('',(0.E0,-1.E0,0.E0));
#207=VECTOR('',#206,1.217164936787E0);
#208=CARTESIAN_POINT('',(-5.E1,-5.201744848255E1,-1.85E1));
#209=LINE('',#208,#207);
#210=DIRECTION('',(0.E0,0.E0,-1.E0));
#211=VECTOR('',#210,2.5E0);
#212=CARTESIAN_POINT('',(-5.E1,-5.323461341934E1,-1.85E1));
#213=LINE('',#212,#211);
#214=CARTESIAN_POINT('',(-5.000000087090E1,-4.690608976712E1,
-1.039337083916E1));
#215=CARTESIAN_POINT('',(-5.000000157721E1,-4.586551921177E1,
-1.024267636570E1));
#216=CARTESIAN_POINT('',(-4.999999926197E1,-4.387522279687E1,
-9.941924148940E0));
#217=CARTESIAN_POINT('',(-5.000000021730E1,-4.117851441891E1,
-9.500136986898E0));
#218=CARTESIAN_POINT('',(-4.999999986883E1,-3.871905869143E1,
-9.065228077993E0));
#219=CARTESIAN_POINT('',(-5.000000016120E1,-3.721114235819E1,
-8.777694675785E0));
#220=CARTESIAN_POINT('',(-5.000000062787E1,-3.649214667360E1,
-8.635579973334E0));
#222=DIRECTION('',(1.961455041684E-8,3.247175671412E-7,9.999999999999E-1));
#223=VECTOR('',#222,5.913698915305E0);
#224=CARTESIAN_POINT('',(-5.000000011599E1,-5.201745040283E1,1.108630108469E1));
#225=LINE('',#224,#223);
#226=CARTESIAN_POINT('',(-5.000000040396E1,-4.700221081754E1,1.040733798117E1));
#227=CARTESIAN_POINT('',(-4.999999913673E1,-4.786945870021E1,1.053260399335E1));
#228=CARTESIAN_POINT('',(-5.000000052966E1,-4.957272439602E1,1.077005464840E1));
#229=CARTESIAN_POINT('',(-4.999999980395E1,-5.121308406581E1,1.098427006673E1));
#230=CARTESIAN_POINT('',(-5.000000011599E1,-5.201745040283E1,1.108630108469E1));
#232=CARTESIAN_POINT('',(-5.000000013501E1,-3.649214678058E1,8.635579036206E0));
#233=CARTESIAN_POINT('',(-4.999999942280E1,-3.721230593080E1,8.777921688813E0));
#234=CARTESIAN_POINT('',(-5.000000023347E1,-3.872909676851E1,9.067192187906E0));
#235=CARTESIAN_POINT('',(-5.000000004865E1,-4.122860159420E1,9.508878728185E0));
#236=CARTESIAN_POINT('',(-4.999999957194E1,-4.397151228705E1,9.957126158715E0));
#237=CARTESIAN_POINT('',(-5.000000096638E1,-4.596460050813E1,1.025745744048E1));
#238=CARTESIAN_POINT('',(-5.000000040396E1,-4.700221081754E1,1.040733798117E1));
#240=DIRECTION('',(0.E0,4.062289217905E-6,-9.999999999917E-1));
#241=VECTOR('',#240,7.755108776769E0);
#242=CARTESIAN_POINT('',(-5.E1,-2.057106781187E1,3.910925552975E1));
#243=LINE('',#242,#241);
#244=DIRECTION('',(0.E0,0.E0,1.E0));
#245=VECTOR('',#244,3.E0);
#246=CARTESIAN_POINT('',(-5.E1,-5.323461341934E1,1.7E1));
#247=LINE('',#246,#245);
#248=DIRECTION('',(0.E0,-1.E0,0.E0));
#249=VECTOR('',#248,1.217164936787E0);
#250=CARTESIAN_POINT('',(-5.E1,-5.201744848255E1,1.7E1));
#251=LINE('',#250,#249);
#252=CARTESIAN_POINT('',(-5.5E1,-5.201744848255E1,-1.85E1));
#253=DIRECTION('',(0.E0,0.E0,1.E0));
#254=DIRECTION('',(1.391731009601E-1,-9.902680687416E-1,0.E0));
#255=AXIS2_PLACEMENT_3D('',#252,#253,#254);
#257=CARTESIAN_POINT('',(-5.499999973568E1,-5.201744844544E1,
-1.108629835982E1));
#258=DIRECTION('',(-9.065183291037E-8,-1.274028426453E-8,1.E0));
#259=DIRECTION('',(1.391731009601E-1,-9.902680687416E-1,0.E0));
#260=AXIS2_PLACEMENT_3D('',#257,#258,#259);
#262=CARTESIAN_POINT('',(-5.363489110468E1,-5.687473277232E1,
-7.448265745415E0));
#263=CARTESIAN_POINT('',(-5.325887583449E1,-5.682188759514E1,
-7.403548187954E0));
#264=CARTESIAN_POINT('',(-5.255409386724E1,-5.665390802247E1,
-7.260160352704E0));
#265=CARTESIAN_POINT('',(-5.163676496978E1,-5.632285331842E1,
-6.925075137695E0));
#266=CARTESIAN_POINT('',(-5.085088612113E1,-5.600416081933E1,
-6.512189105024E0));
#267=CARTESIAN_POINT('',(-5.014943787739E1,-5.574929508072E1,
-6.032060194541E0));
#268=CARTESIAN_POINT('',(-4.970786784188E1,-5.564636988169E1,
-5.653423493421E0));
#269=CARTESIAN_POINT('',(-4.949710106090E1,-5.561675062439E1,
-5.452393982526E0));
#271=CARTESIAN_POINT('',(-5.450364821907E1,-5.699682865154E1,0.E0));
#272=DIRECTION('',(-1.391731009601E-1,9.902680687416E-1,0.E0));
#273=DIRECTION('',(-9.702605907953E-1,-1.363612333092E-1,2.E-1));
#274=AXIS2_PLACEMENT_3D('',#271,#272,#273);
#276=CARTESIAN_POINT('',(-5.363491716940E1,-5.687473613188E1,7.448313190141E0));
#277=CARTESIAN_POINT('',(-5.373212874365E1,-5.688839847534E1,7.704302213080E0));
#278=CARTESIAN_POINT('',(-5.391036982538E1,-5.691344891098E1,8.235798483295E0));
#279=CARTESIAN_POINT('',(-5.411840588129E1,-5.694268629919E1,9.081148517264E0));
#280=CARTESIAN_POINT('',(-5.426389706793E1,-5.696313401510E1,1.001530717821E1));
#281=CARTESIAN_POINT('',(-5.430413188588E1,-5.696878806356E1,1.071719896236E1));
#282=CARTESIAN_POINT('',(-5.430413461657E1,-5.696878880427E1,1.108630088719E1));
#284=DIRECTION('',(2.052428538455E-8,-3.718253620458E-9,1.E0));
#285=VECTOR('',#284,5.913699112814E0);
#286=CARTESIAN_POINT('',(-5.430413461657E1,-5.696878880427E1,1.108630088719E1));
#287=LINE('',#286,#285);
#288=DIRECTION('',(9.902680687416E-1,1.391731009601E-1,0.E0));
#289=VECTOR('',#288,1.170147445946E1);
#290=CARTESIAN_POINT('',(-6.589173100960E1,-5.859731931258E1,1.7E1));
#291=LINE('',#290,#289);
#292=DIRECTION('',(9.902680687416E-1,1.391731009601E-1,0.E0));
#293=VECTOR('',#292,4.151530771651E0);
#294=CARTESIAN_POINT('',(-6.589173100960E1,-5.859731931258E1,1.5E0));
#295=LINE('',#294,#293);
#296=CARTESIAN_POINT('',(-5.450364821907E1,-5.699682865154E1,0.E0));
#297=DIRECTION('',(-1.391731009601E-1,9.902680687416E-1,0.E0));
#298=DIRECTION('',(1.158211871269E-1,1.627760631504E-2,-9.931366935851E-1));
#299=AXIS2_PLACEMENT_3D('',#296,#297,#298);
#301=DIRECTION('',(9.902680687416E-1,1.391731009601E-1,0.E0));
#302=VECTOR('',#301,4.151530771651E0);
#303=CARTESIAN_POINT('',(-6.589173100960E1,-5.859731931258E1,-1.5E0));
#304=LINE('',#303,#302);
#305=DIRECTION('',(9.902680687416E-1,1.391731009601E-1,0.E0));
#306=VECTOR('',#305,1.170147445946E1);
#307=CARTESIAN_POINT('',(-6.589173100960E1,-5.859731931258E1,-1.85E1));
#308=LINE('',#307,#306);
#309=DIRECTION('',(3.730666431993E-8,-6.759877626830E-9,1.E0));
#310=VECTOR('',#309,7.413701665637E0);
#311=CARTESIAN_POINT('',(-5.430413449520E1,-5.696878882626E1,-1.85E1));
#312=LINE('',#311,#310);
#313=CARTESIAN_POINT('',(-5.430413421862E1,-5.696878887637E1,
-1.108629833436E1));
#314=CARTESIAN_POINT('',(-5.430413270696E1,-5.696878841397E1,
-1.075801743739E1));
#315=CARTESIAN_POINT('',(-5.427209934571E1,-5.696428666892E1,
-1.011510561521E1));
#316=CARTESIAN_POINT('',(-5.414268493549E1,-5.694609849920E1,
-9.203922833240E0));
#317=CARTESIAN_POINT('',(-5.393324178982E1,-5.691666345122E1,
-8.309130300626E0));
#318=CARTESIAN_POINT('',(-5.374275788539E1,-5.688989208054E1,
-7.732302867271E0));
#319=CARTESIAN_POINT('',(-5.363489110468E1,-5.687473277232E1,
-7.448265745415E0));
#321=CARTESIAN_POINT('',(-5.9E1,-6.85E1,4.427733906271E0));
#322=CARTESIAN_POINT('',(-5.9E1,-6.821918326829E1,4.481166364663E0));
#323=CARTESIAN_POINT('',(-5.904164102755E1,-6.766631775483E1,4.527929843765E0));
#324=CARTESIAN_POINT('',(-5.923590916386E1,-6.683477250478E1,4.426998719866E0));
#325=CARTESIAN_POINT('',(-5.953560358461E1,-6.609181060518E1,4.154755240128E0));
#326=CARTESIAN_POINT('',(-5.989808584014E1,-6.546242933288E1,3.721973918817E0));
#327=CARTESIAN_POINT('',(-6.027784814505E1,-6.495985732635E1,3.134969480290E0));
#328=CARTESIAN_POINT('',(-6.062866452830E1,-6.458472839965E1,2.403103653882E0));
#329=CARTESIAN_POINT('',(-6.081638505981E1,-6.441456905519E1,1.817539967812E0));
#330=CARTESIAN_POINT('',(-6.089095279900E1,-6.434972551499E1,1.5E0));
#332=CARTESIAN_POINT('',(-5.988679048188E1,-7.149471166257E1,1.5E0));
#333=CARTESIAN_POINT('',(-5.984425941027E1,-7.142919458898E1,1.751001058112E0));
#334=CARTESIAN_POINT('',(-5.974163217298E1,-7.126544632039E1,2.230356683923E0));
#335=CARTESIAN_POINT('',(-5.954971808073E1,-7.091095480689E1,2.885044138254E0));
#336=CARTESIAN_POINT('',(-5.934807514789E1,-7.045149698116E1,3.445918377568E0));
#337=CARTESIAN_POINT('',(-5.916403772949E1,-6.988324041141E1,3.905726330055E0));
#338=CARTESIAN_POINT('',(-5.903344249019E1,-6.922586223575E1,4.242411743745E0));
#339=CARTESIAN_POINT('',(-5.9E1,-6.874948611679E1,4.380262886743E0));
#340=CARTESIAN_POINT('',(-5.9E1,-6.85E1,4.427733906271E0));
#342=DIRECTION('',(-1.391730450308E-1,9.902680766019E-1,3.229151949152E-7));
#343=VECTOR('',#342,4.660344655627E0);
#344=CARTESIAN_POINT('',(-5.923819612526E1,-7.610970220100E1,
-1.500001504896E0));
#345=LINE('',#344,#343);
#346=CARTESIAN_POINT('',(-5.9E1,-6.85E1,-4.427733906271E0));
#347=CARTESIAN_POINT('',(-5.9E1,-6.875162949418E1,-4.379855055191E0));
#348=CARTESIAN_POINT('',(-5.903405547676E1,-6.923150095023E1,
-4.240451221645E0));
#349=CARTESIAN_POINT('',(-5.916591982834E1,-6.989083957738E1,
-3.901092364192E0));
#350=CARTESIAN_POINT('',(-5.935173111493E1,-7.046125187359E1,
-3.436575845031E0));
#351=CARTESIAN_POINT('',(-5.955387494392E1,-7.091921769074E1,
-2.872296847302E0));
#352=CARTESIAN_POINT('',(-5.974365139069E1,-7.126869134448E1,
-2.221714168826E0));
#353=CARTESIAN_POINT('',(-5.984485111216E1,-7.143010607733E1,
-1.747509074606E0));
#354=CARTESIAN_POINT('',(-5.988679048188E1,-7.149471166257E1,-1.5E0));
#356=CARTESIAN_POINT('',(-6.089095279900E1,-6.434972551499E1,-1.5E0));
#357=CARTESIAN_POINT('',(-6.082141860689E1,-6.441019192084E1,
-1.796105063206E0));
#358=CARTESIAN_POINT('',(-6.064712148963E1,-6.456748511585E1,
-2.353041784440E0));
#359=CARTESIAN_POINT('',(-6.030547602963E1,-6.492773778100E1,
-3.085536940371E0));
#360=CARTESIAN_POINT('',(-5.992337919266E1,-6.542421312039E1,
-3.688247378697E0));
#361=CARTESIAN_POINT('',(-5.955126828844E1,-6.605842762517E1,
-4.138982829973E0));
#362=CARTESIAN_POINT('',(-5.924261222025E1,-6.681189451193E1,
-4.422420404269E0));
#363=CARTESIAN_POINT('',(-5.904327239704E1,-6.765207623121E1,
-4.528400683674E0));
#364=CARTESIAN_POINT('',(-5.9E1,-6.821416663295E1,-4.482120905932E0));
#365=CARTESIAN_POINT('',(-5.9E1,-6.85E1,-4.427733906271E0));
#367=DIRECTION('',(-1.391731009601E-1,9.902680687416E-1,0.E0));
#368=VECTOR('',#367,6.392397991457E0);
#369=CARTESIAN_POINT('',(-6.089095279900E1,-6.434972551499E1,-1.5E0));
#370=LINE('',#369,#368);
#371=CARTESIAN_POINT('',(-5.459687623056E1,-5.633347688131E1,0.E0));
#372=DIRECTION('',(1.391731009601E-1,-9.902680687416E-1,0.E0));
#373=DIRECTION('',(6.799699943555E-1,9.556355057931E-2,-7.269858420745E-1));
#374=AXIS2_PLACEMENT_3D('',#371,#372,#373);
#376=CARTESIAN_POINT('',(-5.179968509917E1,-5.156767355508E1,
-3.634954510546E0));
#377=DIRECTION('',(7.199153595948E-1,1.011775055525E-1,6.866476442759E-1));
#378=DIRECTION('',(4.605096286105E-1,-8.098163423806E-1,-3.634946678707E-1));
#379=AXIS2_PLACEMENT_3D('',#376,#377,#378);
#381=CARTESIAN_POINT('',(-4.949712850198E1,-5.561675275436E1,5.452419959674E0));
#382=CARTESIAN_POINT('',(-4.971035715600E1,-5.564672099929E1,5.655795949863E0));
#383=CARTESIAN_POINT('',(-5.015661401432E1,-5.575124730227E1,6.037936670957E0));
#384=CARTESIAN_POINT('',(-5.086470305397E1,-5.600965405246E1,6.520785392301E0));
#385=CARTESIAN_POINT('',(-5.165391008748E1,-5.632961571575E1,6.932494045059E0));
#386=CARTESIAN_POINT('',(-5.256472342941E1,-5.665683273585E1,7.262627443825E0));
#387=CARTESIAN_POINT('',(-5.326312338113E1,-5.682248364431E1,7.404097672434E0));
#388=CARTESIAN_POINT('',(-5.363491716940E1,-5.687473613188E1,7.448313190141E0));
#390=CARTESIAN_POINT('',(-5.179966413365E1,-5.156767060856E1,3.634933147204E0));
#391=DIRECTION('',(-7.199143874536E-1,-1.011773689270E-1,6.866486836471E-1));
#392=DIRECTION('',(4.605103234168E-1,-8.098160695385E-1,3.634943954778E-1));
#393=AXIS2_PLACEMENT_3D('',#390,#391,#392);
#395=CARTESIAN_POINT('',(-4.839982917356E1,-5.108986783263E1,7.269877065120E0));
#396=CARTESIAN_POINT('',(-4.851015184965E1,-5.113492537702E1,7.378985863728E0));
#397=CARTESIAN_POINT('',(-4.871926182145E1,-5.122265990642E1,7.604793159592E0));
#398=CARTESIAN_POINT('',(-4.899709562679E1,-5.134615804770E1,7.960958889832E0));
#399=CARTESIAN_POINT('',(-4.924147051626E1,-5.146211880843E1,8.334067186714E0));
#400=CARTESIAN_POINT('',(-4.945380221392E1,-5.157099492204E1,8.724603127643E0));
#401=CARTESIAN_POINT('',(-4.963409461612E1,-5.167282490750E1,9.132828721385E0));
#402=CARTESIAN_POINT('',(-4.978135201550E1,-5.176719963753E1,9.557978293178E0));
#403=CARTESIAN_POINT('',(-4.989657578471E1,-5.185575561469E1,1.001029237123E1));
#404=CARTESIAN_POINT('',(-4.997735464401E1,-5.194008718061E1,1.050965969158E1));
#405=CARTESIAN_POINT('',(-4.999999923816E1,-5.199311061608E1,1.088787333184E1));
#406=CARTESIAN_POINT('',(-5.000000011599E1,-5.201745040283E1,1.108630108469E1));
#408=CARTESIAN_POINT('',(-4.5E1,-4.700220398446E1,1.040738831125E1));
#409=DIRECTION('',(0.E0,-9.897273117796E-1,1.429679975294E-1));
#410=DIRECTION('',(-9.999999999484E-1,-1.452267649557E-6,-1.005364124468E-5));
#411=AXIS2_PLACEMENT_3D('',#408,#409,#410);
#413=CARTESIAN_POINT('',(-5.000000062787E1,-3.649214667360E1,
-8.635579973334E0));
#414=CARTESIAN_POINT('',(-5.000000013044E1,-3.657323409612E1,
-8.292921659936E0));
#415=CARTESIAN_POINT('',(-4.992828423804E1,-3.672207233987E1,
-7.621865736182E0));
#416=CARTESIAN_POINT('',(-4.960006061422E1,-3.691377303806E1,
-6.628195570145E0));
#417=CARTESIAN_POINT('',(-4.925508795575E1,-3.701181927340E1,
-6.037917205816E0));
#418=CARTESIAN_POINT('',(-4.904875706903E1,-3.705556390968E1,
-5.756316757213E0));
#420=CARTESIAN_POINT('',(-5.E1,0.E0,0.E0));
#421=DIRECTION('',(1.E0,0.E0,0.E0));
#422=DIRECTION('',(0.E0,-9.731239151644E-1,-2.302821003358E-1));
#423=AXIS2_PLACEMENT_3D('',#420,#421,#422);
#425=CARTESIAN_POINT('',(-5.E1,-5.E0,-3.716517186830E1));
#426=CARTESIAN_POINT('',(-5.166290453379E1,-3.337095466214E0,
-3.738888999607E1));
#427=CARTESIAN_POINT('',(-5.332958795837E1,-1.670412041634E0,-3.75E1));
#428=CARTESIAN_POINT('',(-5.5E1,0.E0,-3.75E1));
#430=DIRECTION('',(1.E0,0.E0,0.E0));
#431=VECTOR('',#430,3.E0);
#432=CARTESIAN_POINT('',(-5.5E1,1.827227028472E1,-3.274712412781E1));
#433=LINE('',#432,#431);
#434=CARTESIAN_POINT('',(-5.E1,0.E0,0.E0));
#435=DIRECTION('',(1.E0,0.E0,0.E0));
#436=DIRECTION('',(0.E0,7.426493165845E-1,-6.696805153031E-1));
#437=AXIS2_PLACEMENT_3D('',#434,#435,#436);
#439=CARTESIAN_POINT('',(-5.E1,6.300443920600E0,3.696693666513E1));
#440=CARTESIAN_POINT('',(-5.E1,5.316589388619E0,3.713461948832E1));
#441=CARTESIAN_POINT('',(-5.000347004942E1,3.335686193315E0,3.739134301069E1));
#442=CARTESIAN_POINT('',(-5.000593020673E1,1.341610244672E0,3.748926231704E1));
#443=CARTESIAN_POINT('',(-5.000614169672E1,3.442099579059E-1,3.749841257885E1));
#445=CARTESIAN_POINT('',(-5.202680528579E1,-2.596597486045E0,3.740999456957E1));
#446=CARTESIAN_POINT('',(-5.188023645277E1,-2.596597532523E0,3.740999456635E1));
#447=CARTESIAN_POINT('',(-5.158889169449E1,-2.545294394073E0,3.741361105895E1));
#448=CARTESIAN_POINT('',(-5.114174189313E1,-2.299699962906E0,3.742989841934E1));
#449=CARTESIAN_POINT('',(-5.073082641509E1,-1.889982866314E0,3.745333079356E1));
#450=CARTESIAN_POINT('',(-5.041452819686E1,-1.392262544760E0,3.747525757985E1));
#451=CARTESIAN_POINT('',(-5.021065334049E1,-9.114076373244E-1,
3.748988658480E1));
#452=CARTESIAN_POINT('',(-5.008613965723E1,-4.632913301892E-1,
3.749793484953E1));
#453=CARTESIAN_POINT('',(-5.002090711993E1,-5.755705453639E-2,
3.750067461469E1));
#454=CARTESIAN_POINT('',(-5.000616916679E1,2.120876729158E-1,3.749962468347E1));
#455=CARTESIAN_POINT('',(-5.000614169672E1,3.442099579059E-1,3.749841257885E1));
#457=DIRECTION('',(1.E0,-2.092201578661E-7,4.032073118054E-8));
#458=VECTOR('',#457,2.973194714211E0);
#459=CARTESIAN_POINT('',(-5.5E1,-2.596596863993E0,3.740999444969E1));
#460=LINE('',#459,#458);
#461=CARTESIAN_POINT('',(-5.5E1,-1.35E1,3.498571136907E1));
#462=CARTESIAN_POINT('',(-5.380679032199E1,-1.469320967801E1,3.452528538307E1));
#463=CARTESIAN_POINT('',(-5.262796775490E1,-1.587203224510E1,3.400050510001E1));
#464=CARTESIAN_POINT('',(-5.146446609407E1,-1.703553390593E1,3.340719360467E1));
#466=CARTESIAN_POINT('',(-5.E1,0.E0,0.E0));
#467=DIRECTION('',(1.E0,0.E0,0.E0));
#468=DIRECTION('',(0.E0,-5.485618083164E-1,8.361100061933E-1));
#469=AXIS2_PLACEMENT_3D('',#466,#467,#468);
#471=CARTESIAN_POINT('',(-4.904875682604E1,-3.705556416639E1,5.756315154026E0));
#472=CARTESIAN_POINT('',(-4.925507812483E1,-3.701182152499E1,6.037902949544E0));
#473=CARTESIAN_POINT('',(-4.960004643477E1,-3.691378065970E1,6.628154472152E0));
#474=CARTESIAN_POINT('',(-4.992829293132E1,-3.672206696338E1,7.621893934710E0));
#475=CARTESIAN_POINT('',(-5.000000000873E1,-3.657323095924E1,8.292934315460E0));
#476=CARTESIAN_POINT('',(-5.000000013501E1,-3.649214678058E1,8.635579036206E0));
#478=CARTESIAN_POINT('',(-4.9E1,-3.706592858436E1,5.689194862147E0));
#479=CARTESIAN_POINT('',(-4.900807747144E1,-3.706420701211E1,5.700411154680E0));
#480=CARTESIAN_POINT('',(-4.902428146628E1,-3.706075793426E1,5.722814498520E0));
#481=CARTESIAN_POINT('',(-4.904058180687E1,-3.705729737162E1,5.745157861662E0));
#482=CARTESIAN_POINT('',(-4.904875682604E1,-3.705556416639E1,5.756315154026E0));
#484=CARTESIAN_POINT('',(-4.904875706903E1,-3.705556390968E1,
-5.756316757213E0));
#485=CARTESIAN_POINT('',(-4.904058301890E1,-3.705729691058E1,
-5.745160787622E0));
#486=CARTESIAN_POINT('',(-4.902428667571E1,-3.706075692908E1,
-5.722821030443E0));
#487=CARTESIAN_POINT('',(-4.900807927482E1,-3.706420662775E1,
-5.700413658825E0));
#488=CARTESIAN_POINT('',(-4.9E1,-3.706592858436E1,-5.689194862147E0));
#490=DIRECTION('',(0.E0,0.E0,-1.E0));
#491=VECTOR('',#490,6.549814120493E0);
#492=CARTESIAN_POINT('',(-5.E1,-5.E0,-3.716517186830E1));
#493=LINE('',#492,#491);
#494=CARTESIAN_POINT('',(-5.5E1,0.E0,0.E0));
#495=DIRECTION('',(1.E0,0.E0,0.E0));
#496=DIRECTION('',(0.E0,0.E0,-1.E0));
#497=AXIS2_PLACEMENT_3D('',#494,#495,#496);
#499=DIRECTION('',(0.E0,0.E0,1.E0));
#500=VECTOR('',#499,6.5E0);
#501=CARTESIAN_POINT('',(-5.5E1,0.E0,-4.4E1));
#502=LINE('',#501,#500);
#503=DIRECTION('',(0.E0,-8.732566434082E-1,-4.872605409259E-1));
#504=VECTOR('',#503,1.424188709640E1);
#505=CARTESIAN_POINT('',(-5.5E1,3.070909280632E1,-2.580761451741E1));
#506=LINE('',#505,#504);
#507=CARTESIAN_POINT('',(-5.5E1,0.E0,0.E0));
#508=DIRECTION('',(1.E0,0.E0,0.E0));
#509=DIRECTION('',(0.E0,-6.924258303981E-2,9.975998519918E-1));
#510=AXIS2_PLACEMENT_3D('',#507,#508,#509);
#512=CARTESIAN_POINT('',(-5.5E1,-1.907920772750E1,5.620689683072E1));
#513=DIRECTION('',(-1.E0,0.E0,0.E0));
#514=DIRECTION('',(0.E0,6.769213127887E-1,-7.360553894188E-1));
#515=AXIS2_PLACEMENT_3D('',#512,#513,#514);
#517=DIRECTION('',(0.E0,-1.E0,0.E0));
#518=VECTOR('',#517,1.134382509221E1);
#519=CARTESIAN_POINT('',(-5.5E1,-2.156174907786E0,3.780551209525E1));
#520=LINE('',#519,#518);
#521=DIRECTION('',(0.E0,0.E0,-1.E0));
#522=VECTOR('',#521,2.819800726182E0);
#523=CARTESIAN_POINT('',(-5.5E1,-1.35E1,3.780551209525E1));
#524=LINE('',#523,#522);
#525=CARTESIAN_POINT('',(-5.5E1,7.966407944183E1,6.685532474445E1));
#526=DIRECTION('',(-1.E0,0.E0,0.E0));
#527=DIRECTION('',(0.E0,-8.159164439251E-1,-5.781698336411E-1));
#528=AXIS2_PLACEMENT_3D('',#525,#526,#527);
#530=DIRECTION('',(0.E0,-1.E0,-1.203064300856E-14));
#531=VECTOR('',#530,3.543664633325E0);
#532=CARTESIAN_POINT('',(-5.5E1,3.070909280632E1,3.780551209525E1));
#533=LINE('',#532,#531);
#534=CARTESIAN_POINT('',(-5.E1,0.E0,0.E0));
#535=DIRECTION('',(-1.E0,0.E0,0.E0));
#536=DIRECTION('',(0.E0,-1.136363636364E-1,-9.935224088361E-1));
#537=AXIS2_PLACEMENT_3D('',#534,#535,#536);
#539=DIRECTION('',(1.E0,8.263612016890E-12,-9.890754881781E-12));
#540=VECTOR('',#539,1.E0);
#541=CARTESIAN_POINT('',(-5.E1,-3.378557153209E1,-2.81875E1));
#542=LINE('',#541,#540);
#543=CARTESIAN_POINT('',(-4.9E1,0.E0,0.E0));
#544=DIRECTION('',(-1.E0,0.E0,0.E0));
#545=DIRECTION('',(0.E0,-2.926507873089E-1,-9.562193873204E-1));
#546=AXIS2_PLACEMENT_3D('',#543,#544,#545);
#548=CARTESIAN_POINT('',(-2.E1,0.E0,0.E0));
#549=DIRECTION('',(1.E0,0.E0,0.E0));
#550=DIRECTION('',(0.E0,-2.926507873089E-1,-9.562193873204E-1));
#551=AXIS2_PLACEMENT_3D('',#548,#549,#550);
#553=DIRECTION('',(-1.E0,-1.271670176569E-10,-3.189342123733E-10));
#554=VECTOR('',#553,6.E0);
#555=CARTESIAN_POINT('',(-2.E1,4.087090318336E1,-1.629629629630E1));
#556=LINE('',#555,#554);
#557=CARTESIAN_POINT('',(-2.6E1,0.E0,0.E0));
#558=DIRECTION('',(1.E0,0.E0,0.E0));
#559=DIRECTION('',(0.E0,2.926507873089E-1,-9.562193873204E-1));
#560=AXIS2_PLACEMENT_3D('',#557,#558,#559);
#562=CARTESIAN_POINT('',(-4.832197233191E1,2.928837424845E1,-3.283582089552E1));
#563=CARTESIAN_POINT('',(-4.796278467477E1,2.836216548768E1,-3.366196588224E1));
#564=CARTESIAN_POINT('',(-4.732883041103E1,2.632001483660E1,-3.534197022335E1));
#565=CARTESIAN_POINT('',(-4.665581692502E1,2.266730072243E1,-3.780799035105E1));
#566=CARTESIAN_POINT('',(-4.623665357654E1,1.826797058905E1,-4.014504201388E1));
#567=CARTESIAN_POINT('',(-4.610622118287E1,1.476608428876E1,-4.149538728619E1));
#568=CARTESIAN_POINT('',(-4.606634310732E1,1.287663464159E1,-4.207365304210E1));
#570=DIRECTION('',(1.E0,0.E0,0.E0));
#571=VECTOR('',#570,6.678027668089E0);
#572=CARTESIAN_POINT('',(-5.5E1,2.928837424845E1,-3.283582089552E1));
#573=LINE('',#572,#571);
#574=CARTESIAN_POINT('',(-5.5E1,0.E0,0.E0));
#575=DIRECTION('',(-1.E0,0.E0,0.E0));
#576=DIRECTION('',(0.E0,6.656448692829E-1,-7.462686567164E-1));
#577=AXIS2_PLACEMENT_3D('',#574,#575,#576);
#579=CARTESIAN_POINT('',(-5.5E1,0.E0,-4.4E1));
#580=CARTESIAN_POINT('',(-5.333062116793E1,-1.669378832073E0,-4.4E1));
#581=CARTESIAN_POINT('',(-5.166394570293E1,-3.336054297068E0,
-4.390530352696E1));
#582=CARTESIAN_POINT('',(-5.E1,-5.E0,-4.371498598879E1));
#584=CARTESIAN_POINT('',(-5.E1,0.E0,0.E0));
#585=DIRECTION('',(-1.E0,0.E0,0.E0));
#586=DIRECTION('',(0.E0,-7.806247497998E-1,6.25E-1));
#587=AXIS2_PLACEMENT_3D('',#584,#585,#586);
#589=DIRECTION('',(1.E0,0.E0,0.E0));
#590=VECTOR('',#589,1.E1);
#591=CARTESIAN_POINT('',(-5.E1,-2.321100917431E1,3.737979471733E1));
#592=LINE('',#591,#590);
#593=DIRECTION('',(1.E0,0.E0,0.E0));
#594=VECTOR('',#593,2.E1);
#595=CARTESIAN_POINT('',(-4.E1,-2.880159961269E1,3.326361164622E1));
#596=LINE('',#595,#594);
#597=CARTESIAN_POINT('',(-2.E1,0.E0,0.E0));
#598=DIRECTION('',(1.E0,0.E0,0.E0));
#599=DIRECTION('',(0.E0,-6.545818093793E-1,7.559911737776E-1));
#600=AXIS2_PLACEMENT_3D('',#597,#598,#599);
#602=DIRECTION('',(-9.999999999913E-1,-2.725402186105E-6,-3.147899534295E-6));
#603=VECTOR('',#602,1.100000002806E1);
#604=CARTESIAN_POINT('',(-2.E1,-2.880159961269E1,-3.326361164622E1));
#605=LINE('',#604,#603);
#606=CARTESIAN_POINT('',(-3.1E1,0.E0,0.E0));
#607=DIRECTION('',(-1.E0,0.E0,0.E0));
#608=DIRECTION('',(0.E0,-6.545818093793E-1,-7.559911737776E-1));
#609=AXIS2_PLACEMENT_3D('',#606,#607,#608);
#611=DIRECTION('',(1.E0,-1.084761909927E-12,1.299108968548E-12));
#612=VECTOR('',#611,6.E0);
#613=CARTESIAN_POINT('',(-3.1E1,-3.378557153208E1,-2.818750000001E1));
#614=LINE('',#613,#612);
#615=DIRECTION('',(-1.E0,0.E0,0.E0));
#616=VECTOR('',#615,2.5E1);
#617=CARTESIAN_POINT('',(-2.5E1,-3.434748899119E1,2.75E1));
#618=LINE('',#617,#616);
#619=CARTESIAN_POINT('',(-5.E1,-4.914264950122E1,-4.1E1));
#620=DIRECTION('',(1.E0,0.E0,0.E0));
#621=DIRECTION('',(0.E0,7.678538984566E-1,6.40625E-1));
#622=AXIS2_PLACEMENT_3D('',#619,#620,#621);
#624=CARTESIAN_POINT('',(-4.9E1,-4.914264950122E1,-4.1E1));
#625=DIRECTION('',(1.E0,0.E0,0.E0));
#626=DIRECTION('',(0.E0,7.678538984566E-1,6.40625E-1));
#627=AXIS2_PLACEMENT_3D('',#624,#625,#626);
#629=DIRECTION('',(-1.761108060918E-13,-1.E0,0.E0));
#630=VECTOR('',#629,1.674373321457E1);
#631=CARTESIAN_POINT('',(-3.1E1,-4.914264950124E1,-2.1E1));
#632=LINE('',#631,#630);
#633=CARTESIAN_POINT('',(-5.272292778435E1,-5.351244201464E1,-2.1E1));
#634=DIRECTION('',(0.E0,0.E0,-1.E0));
#635=DIRECTION('',(9.761980481799E-1,-2.168810059221E-1,0.E0));
#636=AXIS2_PLACEMENT_3D('',#633,#634,#635);
#638=DIRECTION('',(2.168810059221E-1,9.761980481799E-1,0.E0));
#639=VECTOR('',#638,1.003056467868E1);
#640=CARTESIAN_POINT('',(-2.831797657985E1,-5.893446716269E1,-2.1E1));
#641=LINE('',#640,#639);
#642=DIRECTION('',(1.E0,3.379035372801E-12,0.E0));
#643=VECTOR('',#642,4.857462377630E0);
#644=CARTESIAN_POINT('',(-3.1E1,-4.914264950124E1,-2.1E1));
#645=LINE('',#644,#643);
#646=CARTESIAN_POINT('',(-1.263885227025E2,-7.7E1,-2.1E1));
#647=DIRECTION('',(0.E0,0.E0,-1.E0));
#648=DIRECTION('',(9.548565337813E-1,2.970673322583E-1,0.E0));
#649=AXIS2_PLACEMENT_3D('',#646,#647,#648);
#651=DIRECTION('',(0.E0,-1.E0,0.E0));
#652=VECTOR('',#651,7.583807297732E0);
#653=CARTESIAN_POINT('',(-4.9E1,-4.914264950125E1,-2.1E1));
#654=LINE('',#653,#652);
#655=DIRECTION('',(1.E0,-3.030464768017E-11,0.E0));
#656=VECTOR('',#655,1.E0);
#657=CARTESIAN_POINT('',(-5.E1,-4.914264950122E1,-2.1E1));
#658=LINE('',#657,#656);
#659=DIRECTION('',(0.E0,-1.E0,0.E0));
#660=VECTOR('',#659,4.091963918113E0);
#661=CARTESIAN_POINT('',(-5.E1,-4.914264950122E1,-2.1E1));
#662=LINE('',#661,#660);
#663=DIRECTION('',(5.590078615813E-1,8.291623548439E-1,0.E0));
#664=VECTOR('',#663,8.715970901943E0);
#665=CARTESIAN_POINT('',(-3.686616516875E1,-7.471459351197E1,-2.1E1));
#666=LINE('',#665,#664);
#667=CARTESIAN_POINT('',(-5.272292778435E1,-5.351244201464E1,-2.1E1));
#668=DIRECTION('',(0.E0,0.E0,-1.E0));
#669=DIRECTION('',(8.584296625531E-1,-5.129312960319E-1,0.E0));
#670=AXIS2_PLACEMENT_3D('',#667,#668,#669);
#672=CARTESIAN_POINT('',(-1.263885227025E2,-7.7E1,-2.1E1));
#673=DIRECTION('',(0.E0,0.E0,-1.E0));
#674=DIRECTION('',(9.910752704021E-1,1.333034448071E-1,0.E0));
#675=AXIS2_PLACEMENT_3D('',#672,#673,#674);
#677=CARTESIAN_POINT('',(-3.1E1,-4.914264950122E1,-2.4E1));
#678=DIRECTION('',(0.E0,-1.E0,0.E0));
#679=DIRECTION('',(0.E0,0.E0,1.E0));
#680=AXIS2_PLACEMENT_3D('',#677,#678,#679);
#682=CARTESIAN_POINT('',(-3.115574022994E1,-6.615587592292E1,
-2.100404523052E1));
#683=CARTESIAN_POINT('',(-3.112908818231E1,-6.611041282215E1,
-2.100265976367E1));
#684=CARTESIAN_POINT('',(-3.107648703493E1,-6.602002676326E1,
-2.100063820540E1));
#685=CARTESIAN_POINT('',(-3.102526931781E1,-6.593074397301E1,-2.1E1));
#686=CARTESIAN_POINT('',(-3.1E1,-6.588638271581E1,-2.1E1));
#688=CARTESIAN_POINT('',(-3.115574022994E1,-6.615587592292E1,
-2.100404523052E1));
#689=CARTESIAN_POINT('',(-3.117310398610E1,-6.618549504288E1,
-2.100271214384E1));
#690=CARTESIAN_POINT('',(-3.120820500175E1,-6.624509072379E1,
-2.100068977204E1));
#691=CARTESIAN_POINT('',(-3.124406445212E1,-6.630539625325E1,-2.1E1));
#692=CARTESIAN_POINT('',(-3.126218622052E1,-6.633572441543E1,-2.1E1));
#694=DIRECTION('',(-1.E0,0.E0,0.E0));
#695=VECTOR('',#694,1.897498929659E0);
#696=CARTESIAN_POINT('',(-4.710250107034E1,-6.633572441543E1,-2.1E1));
#697=LINE('',#696,#695);
#698=DIRECTION('',(1.E0,2.117231724611E-13,0.E0));
#699=VECTOR('',#698,1.584031484982E1);
#700=CARTESIAN_POINT('',(-4.710250107034E1,-6.633572441543E1,-2.1E1));
#701=LINE('',#700,#699);
#702=CARTESIAN_POINT('',(-3.4E1,-6.246274106923E1,-2.4E1));
#703=CARTESIAN_POINT('',(-3.4E1,-6.252314509138E1,-2.376605622817E1));
#704=CARTESIAN_POINT('',(-3.394541652185E1,-6.268995570187E1,
-2.329483347761E1));
#705=CARTESIAN_POINT('',(-3.369151662037E1,-6.309536029241E1,
-2.260789481426E1));
#706=CARTESIAN_POINT('',(-3.326943094948E1,-6.365585692804E1,
-2.199044841393E1));
#707=CARTESIAN_POINT('',(-3.269786782790E1,-6.435673396716E1,
-2.148723841275E1));
#708=CARTESIAN_POINT('',(-3.199564337399E1,-6.518464823106E1,
-2.113190442595E1));
#709=CARTESIAN_POINT('',(-3.144577249810E1,-6.582089070746E1,
-2.101912212440E1));
#710=CARTESIAN_POINT('',(-3.115574022994E1,-6.615587592292E1,
-2.100404523052E1));
#712=CARTESIAN_POINT('',(-3.4E1,-6.633572441543E1,-2.5E1));
#713=DIRECTION('',(-1.E0,0.E0,0.E0));
#714=DIRECTION('',(0.E0,9.682458365519E-1,2.5E-1));
#715=AXIS2_PLACEMENT_3D('',#712,#713,#714);
#717=CARTESIAN_POINT('',(-4.6E1,-6.633572441543E1,-2.5E1));
#718=DIRECTION('',(1.E0,0.E0,0.E0));
#719=DIRECTION('',(0.E0,8.191520442890E-1,-5.735764363510E-1));
#720=AXIS2_PLACEMENT_3D('',#717,#718,#719);
#722=CARTESIAN_POINT('',(-1.263885227025E2,-7.7E1,-2.1E1));
#723=DIRECTION('',(0.E0,0.E0,-1.E0));
#724=DIRECTION('',(9.673565337813E-1,2.534192900127E-1,0.E0));
#725=AXIS2_PLACEMENT_3D('',#722,#723,#724);
#727=DIRECTION('',(0.E0,-1.E0,0.E0));
#728=VECTOR('',#727,9.609267616449E0);
#729=CARTESIAN_POINT('',(-4.9E1,-5.672645679899E1,-2.1E1));
#730=LINE('',#729,#728);
#731=CARTESIAN_POINT('',(-4.9E1,-6.633572441543E1,-2.1E1));
#732=CARTESIAN_POINT('',(-4.869866381152E1,-6.598777135636E1,-2.1E1));
#733=CARTESIAN_POINT('',(-4.812523758699E1,-6.532539709436E1,
-2.109041550834E1));
#734=CARTESIAN_POINT('',(-4.738992523109E1,-6.446180579150E1,
-2.142819259244E1));
#735=CARTESIAN_POINT('',(-4.678882974914E1,-6.372964083335E1,
-2.192426001839E1));
#736=CARTESIAN_POINT('',(-4.633824303692E1,-6.313824076945E1,
-2.254767953268E1));
#737=CARTESIAN_POINT('',(-4.606120294026E1,-6.270543652075E1,
-2.325629402907E1));
#738=CARTESIAN_POINT('',(-4.6E1,-6.252642840656E1,-2.375334000315E1));
#739=CARTESIAN_POINT('',(-4.6E1,-6.246274106923E1,-2.4E1));
#741=CARTESIAN_POINT('',(-4.9E1,-4.914264950122E1,-2.4E1));
#742=DIRECTION('',(0.E0,-1.E0,0.E0));
#743=DIRECTION('',(1.E0,0.E0,0.E0));
#744=AXIS2_PLACEMENT_3D('',#741,#742,#743);
#746=DIRECTION('',(0.E0,0.E0,1.E0));
#747=VECTOR('',#746,5.772556338852E0);
#748=CARTESIAN_POINT('',(-4.6E1,8.431372549020E1,-1.602357642754E1));
#749=LINE('',#748,#747);
#750=CARTESIAN_POINT('',(-4.599999999977E1,8.301794318075E1,-1.210396607455E1));
#751=CARTESIAN_POINT('',(-4.599999999977E1,8.301794318075E1,-1.190673811460E1));
#752=CARTESIAN_POINT('',(-4.600000000010E1,8.307596578400E1,-1.152798683993E1));
#753=CARTESIAN_POINT('',(-4.599999999997E1,8.334258100201E1,-1.097874242304E1));
#754=CARTESIAN_POINT('',(-4.600000000001E1,8.376710947218E1,-1.053307268734E1));
#755=CARTESIAN_POINT('',(-4.6E1,8.411761671439E1,-1.032943517018E1));
#756=CARTESIAN_POINT('',(-4.6E1,8.431372549020E1,-1.025102008869E1));
#758=DIRECTION('',(0.E0,-1.E0,0.E0));
#759=VECTOR('',#758,1.628014055507E1);
#760=CARTESIAN_POINT('',(-4.6E1,7.683291874122E1,-4.8E1));
#761=LINE('',#760,#759);
#762=CARTESIAN_POINT('',(-4.6E1,8.5E1,-4.222949016875E1));
#763=DIRECTION('',(-1.E0,0.E0,0.E0));
#764=DIRECTION('',(0.E0,-8.167081258777E-1,-5.770509831249E-1));
#765=AXIS2_PLACEMENT_3D('',#762,#763,#764);
#767=DIRECTION('',(0.E0,-1.E0,0.E0));
#768=VECTOR('',#767,3.994122608847E1);
#769=CARTESIAN_POINT('',(-4.6E1,7.515798318750E1,-4.4E1));
#770=LINE('',#769,#768);
#771=DIRECTION('',(0.E0,7.071067811865E-1,-7.071067811866E-1));
#772=VECTOR('',#771,1.852004741637E1);
#773=CARTESIAN_POINT('',(-4.6E1,4.286936169645E1,-4.954703122612E1));
#774=LINE('',#773,#772);
#775=DIRECTION('',(0.E0,-5.735764363510E-1,-8.191520442890E-1));
#776=VECTOR('',#775,2.527698538867E1);
#777=CARTESIAN_POINT('',(-4.6E1,-6.305911623828E1,-2.729430574540E1));
#778=LINE('',#777,#776);
#779=DIRECTION('',(0.E0,-1.E0,0.E0));
#780=VECTOR('',#779,1.700462125306E1);
#781=CARTESIAN_POINT('',(-4.6E1,-6.055277818615E1,-4.8E1));
#782=LINE('',#781,#780);
#783=DIRECTION('',(0.E0,7.071067811865E-1,7.071067811865E-1));
#784=VECTOR('',#783,1.852004741637E1);
#785=CARTESIAN_POINT('',(-4.6E1,-5.596501281246E1,-6.264268234213E1));
#786=LINE('',#785,#784);
#787=CARTESIAN_POINT('',(-4.6E1,0.E0,0.E0));
#788=DIRECTION('',(-1.E0,0.E0,0.E0));
#789=DIRECTION('',(0.E0,-4.961762532850E-1,-8.682218182446E-1));
#790=AXIS2_PLACEMENT_3D('',#787,#788,#789);
#792=CARTESIAN_POINT('',(-4.6E1,-4.914264950122E1,-4.1E1));
#793=DIRECTION('',(1.E0,0.E0,0.E0));
#794=DIRECTION('',(0.E0,7.678538984566E-1,6.40625E-1));
#795=AXIS2_PLACEMENT_3D('',#792,#793,#794);
#797=DIRECTION('',(0.E0,-1.E0,0.E0));
#798=VECTOR('',#797,1.332009156800E1);
#799=CARTESIAN_POINT('',(-4.6E1,-4.914264950122E1,-2.4E1));
#800=LINE('',#799,#798);
#801=DIRECTION('',(9.510565162952E-1,-3.090169943749E-1,0.E0));
#802=VECTOR('',#801,2.017424100183E1);
#803=CARTESIAN_POINT('',(-8.698277907313E1,9.633405530804E1,-1.3E1));
#804=LINE('',#803,#802);
#805=DIRECTION('',(0.E0,0.E0,-1.E0));
#806=VECTOR('',#805,2.008314447644E0);
#807=CARTESIAN_POINT('',(-6.556816238092E1,8.937602455747E1,-1.5E1));
#808=LINE('',#807,#806);
#809=CARTESIAN_POINT('',(-6.556816238092E1,8.937602455747E1,-1.700831444764E1));
#810=CARTESIAN_POINT('',(-5.907671051917E1,8.726682399044E1,-1.598182020202E1));
#811=CARTESIAN_POINT('',(-5.255167204178E1,8.514671047045E1,-1.576792131400E1));
#812=CARTESIAN_POINT('',(-4.6E1,8.301794318082E1,-1.619839550045E1));
#814=DIRECTION('',(5.513504058720E-11,-1.791615495333E-11,1.E0));
#815=VECTOR('',#814,4.094429425899E0);
#816=CARTESIAN_POINT('',(-4.6E1,8.301794318082E1,-1.619839550045E1));
#817=LINE('',#816,#815);
#818=CARTESIAN_POINT('',(-5.916127129281E1,8.729429945132E1,-1.2E1));
#819=CARTESIAN_POINT('',(-5.772471833941E1,8.682753510208E1,-1.200000000210E1));
#820=CARTESIAN_POINT('',(-5.483580003369E1,8.588886864374E1,-1.200757880220E1));
#821=CARTESIAN_POINT('',(-5.056801061368E1,8.450217980181E1,-1.204047606513E1));
#822=CARTESIAN_POINT('',(-4.754049255293E1,8.351847955317E1,-1.207961369639E1));
#823=CARTESIAN_POINT('',(-4.599999999977E1,8.301794318075E1,-1.210396607455E1));
#825=DIRECTION('',(9.510565162952E-1,-3.090169943749E-1,0.E0));
#826=VECTOR('',#825,2.925326444805E1);
#827=CARTESIAN_POINT('',(-8.698277906904E1,9.633405530671E1,-1.2E1));
#828=LINE('',#827,#826);
#829=CARTESIAN_POINT('',(-9.1E1,8.397032059620E1,-1.3E1));
#830=DIRECTION('',(0.E0,0.E0,1.E0));
#831=DIRECTION('',(1.E0,0.E0,0.E0));
#832=AXIS2_PLACEMENT_3D('',#829,#830,#831);
#834=CARTESIAN_POINT('',(-9.1E1,8.397032059620E1,-1.3E1));
#835=DIRECTION('',(0.E0,0.E0,1.E0));
#836=DIRECTION('',(-1.E0,0.E0,0.E0));
#837=AXIS2_PLACEMENT_3D('',#834,#835,#836);
#839=CARTESIAN_POINT('',(-9.1E1,8.397032059620E1,-1.5E1));
#840=DIRECTION('',(0.E0,0.E0,1.E0));
#841=DIRECTION('',(4.382686374391E-1,-8.988440362139E-1,0.E0));
#842=AXIS2_PLACEMENT_3D('',#839,#840,#841);
#844=CARTESIAN_POINT('',(-6.556816238092E1,8.937602455747E1,-1.5E1));
#845=CARTESIAN_POINT('',(-6.556816238092E1,8.937602455747E1,-1.479907636757E1));
#846=CARTESIAN_POINT('',(-6.563008889029E1,8.939614570008E1,-1.441236809168E1));
#847=CARTESIAN_POINT('',(-6.592982311876E1,8.949353525454E1,-1.384293876511E1));
#848=CARTESIAN_POINT('',(-6.640589209882E1,8.964821944293E1,-1.338841252032E1));
#849=CARTESIAN_POINT('',(-6.704891918346E1,8.985715160794E1,-1.307587729746E1));
#850=CARTESIAN_POINT('',(-6.753439934272E1,9.001489367381E1,-1.3E1));
#851=CARTESIAN_POINT('',(-6.779593570702E1,9.009987198986E1,-1.3E1));
#853=CARTESIAN_POINT('',(-9.1E1,8.397032059620E1,-1.3E1));
#854=DIRECTION('',(0.E0,0.E0,-1.E0));
#855=DIRECTION('',(9.668360122073E-1,2.553979747356E-1,0.E0));
#856=AXIS2_PLACEMENT_3D('',#853,#854,#855);
#858=CARTESIAN_POINT('',(-8.154681979866E1,6.191046148330E1,-1.3E1));
#859=CARTESIAN_POINT('',(-8.131885564732E1,6.175665989113E1,-1.3E1));
#860=CARTESIAN_POINT('',(-8.089569432981E1,6.147116375502E1,-1.307587729746E1));
#861=CARTESIAN_POINT('',(-8.033520965674E1,6.109301905727E1,-1.338841252032E1));
#862=CARTESIAN_POINT('',(-7.992025144890E1,6.081305734980E1,-1.384293876511E1));
#863=CARTESIAN_POINT('',(-7.965899271648E1,6.063679275390E1,-1.441236809168E1));
#864=CARTESIAN_POINT('',(-7.960501542658E1,6.060037565464E1,-1.479907636757E1));
#865=CARTESIAN_POINT('',(-7.960501542658E1,6.060037565464E1,-1.5E1));
#867=CARTESIAN_POINT('',(-6.556816238092E1,8.937602455747E1,-1.700831444764E1));
#868=CARTESIAN_POINT('',(-6.543903870238E1,8.876854541156E1,-1.671266980514E1));
#869=CARTESIAN_POINT('',(-6.522044882798E1,8.752699669880E1,-1.625839350843E1));
#870=CARTESIAN_POINT('',(-6.502611035868E1,8.559022379712E1,-1.595453842517E1));
#871=CARTESIAN_POINT('',(-6.497758586565E1,8.364387516127E1,-1.602748780562E1));
#872=CARTESIAN_POINT('',(-6.507570705106E1,8.170836847581E1,-1.648830996331E1));
#873=CARTESIAN_POINT('',(-6.522464785411E1,8.050969347218E1,-1.703953432819E1));
#874=CARTESIAN_POINT('',(-6.531589240736E1,7.992969970705E1,-1.738071610055E1));
#876=CARTESIAN_POINT('',(-7.934304632134E1,6.042363178834E1,1.002394987759E1));
#877=CARTESIAN_POINT('',(-7.698123558782E1,5.883017839187E1,1.056341871716E1));
#878=CARTESIAN_POINT('',(-7.239969303183E1,5.573912861245E1,1.175912008635E1));
#879=CARTESIAN_POINT('',(-6.809927418696E1,5.283774582282E1,1.316286143348E1));
#880=CARTESIAN_POINT('',(-6.601781373295E1,5.143343760160E1,1.391166732178E1));
#882=CARTESIAN_POINT('',(-8.922573905565E1,6.709123223584E1,6.539543983430E0));
#883=CARTESIAN_POINT('',(-8.922573905898E1,6.709123223809E1,6.595135142051E0));
#884=CARTESIAN_POINT('',(-8.919478110911E1,6.707034569978E1,6.698003671363E0));
#885=CARTESIAN_POINT('',(-8.910494934262E1,6.700973850065E1,6.827766180411E0));
#886=CARTESIAN_POINT('',(-8.899232181526E1,6.693375158372E1,6.942200114157E0));
#887=CARTESIAN_POINT('',(-8.885971148126E1,6.684428277739E1,7.050223955619E0));
#888=CARTESIAN_POINT('',(-8.870592090432E1,6.674052420194E1,7.156595936413E0));
#889=CARTESIAN_POINT('',(-8.853107534245E1,6.662256036578E1,7.262753550738E0));
#890=CARTESIAN_POINT('',(-8.833711184361E1,6.649169814569E1,7.368389508956E0));
#891=CARTESIAN_POINT('',(-8.813474041024E1,6.635516330686E1,7.469209391896E0));
#892=CARTESIAN_POINT('',(-8.791964683652E1,6.621004516477E1,7.568760734288E0));
#893=CARTESIAN_POINT('',(-8.768626740081E1,6.605259001851E1,7.669898757505E0));
#894=CARTESIAN_POINT('',(-8.743262698593E1,6.588146530693E1,7.773440273288E0));
#895=CARTESIAN_POINT('',(-8.715651777101E1,6.569518146968E1,7.880135182120E0));
#896=CARTESIAN_POINT('',(-8.685566757145E1,6.549220552181E1,7.990615443879E0));
#897=CARTESIAN_POINT('',(-8.652784284519E1,6.527103054954E1,8.105400683047E0));
#898=CARTESIAN_POINT('',(-8.617087605025E1,6.503019416762E1,8.224915522863E0));
#899=CARTESIAN_POINT('',(-8.578289699405E1,6.476843460490E1,8.349445179043E0));
#900=CARTESIAN_POINT('',(-8.536108185780E1,6.448384670291E1,8.479543098433E0));
#901=CARTESIAN_POINT('',(-8.490204763615E1,6.417414803434E1,8.615863346817E0));
#902=CARTESIAN_POINT('',(-8.440261695395E1,6.383719490531E1,8.758936171539E0));
#903=CARTESIAN_POINT('',(-8.385947488997E1,6.347075082309E1,8.909286235369E0));
#904=CARTESIAN_POINT('',(-8.326981656865E1,6.307292340977E1,9.067265534657E0));
#905=CARTESIAN_POINT('',(-8.262983677276E1,6.264114538245E1,9.233477733035E0));
#906=CARTESIAN_POINT('',(-8.193054387832E1,6.216935032200E1,9.409775250695E0));
#907=CARTESIAN_POINT('',(-8.115951681627E1,6.164915805031E1,9.598645816655E0));
#908=CARTESIAN_POINT('',(-8.030507446288E1,6.107268761143E1,9.802151569171E0));
#909=CARTESIAN_POINT('',(-7.967369428559E1,6.064671152720E1,9.948425528072E0));
#910=CARTESIAN_POINT('',(-7.934304632134E1,6.042363178834E1,1.002394987759E1));
#912=DIRECTION('',(-2.095636621390E-8,1.413872681847E-8,1.E0));
#913=VECTOR('',#912,1.074959610729E1);
#914=CARTESIAN_POINT('',(-8.922573883038E1,6.709123208385E1,-4.210052123861E0));
#915=LINE('',#914,#913);
#916=CARTESIAN_POINT('',(-8.139360210346E1,6.180708941655E1,-8.455525913919E0));
#917=CARTESIAN_POINT('',(-8.213181184116E1,6.230514067744E1,-8.177622815643E0));
#918=CARTESIAN_POINT('',(-8.358929589179E1,6.328846795165E1,-7.605016516877E0));
#919=CARTESIAN_POINT('',(-8.535210249398E1,6.447778855542E1,-6.836868998332E0));
#920=CARTESIAN_POINT('',(-8.670745979526E1,6.539221351949E1,-6.173652647210E0));
#921=CARTESIAN_POINT('',(-8.752211618003E1,6.594184138121E1,-5.730358932133E0));
#922=CARTESIAN_POINT('',(-8.814200841319E1,6.636006684288E1,-5.347480836149E0));
#923=CARTESIAN_POINT('',(-8.858180472867E1,6.665678618736E1,-5.038032476029E0));
#924=CARTESIAN_POINT('',(-8.891992332752E1,6.688490617264E1,-4.754980698306E0));
#925=CARTESIAN_POINT('',(-8.913806484281E1,6.703208068307E1,-4.482089731174E0));
#926=CARTESIAN_POINT('',(-8.922573883038E1,6.709123208385E1,-4.326660362698E0));
#927=CARTESIAN_POINT('',(-8.922573883038E1,6.709123208385E1,-4.210052123861E0));
#929=DIRECTION('',(-7.913353132846E-1,5.338937302643E-1,2.979025121300E-1));
#930=VECTOR('',#929,1.943018100214E1);
#931=CARTESIAN_POINT('',(-6.601781373295E1,5.143343760160E1,-1.424382564560E1));
#932=LINE('',#931,#930);
#933=DIRECTION('',(0.E0,0.E0,-1.E0));
#934=VECTOR('',#933,4.061880012398E0);
#935=CARTESIAN_POINT('',(-6.601781373295E1,5.143343760160E1,-1.424382564560E1));
#936=LINE('',#935,#934);
#937=DIRECTION('',(-1.421085471520E-14,0.E0,-1.E0));
#938=VECTOR('',#937,1.E0);
#939=CARTESIAN_POINT('',(-7.960501542658E1,6.060037565464E1,-1.5E1));
#940=LINE('',#939,#938);
#941=DIRECTION('',(8.289737918112E-1,-5.592874506818E-1,0.E0));
#942=VECTOR('',#941,2.017424100183E1);
#943=CARTESIAN_POINT('',(-9.827073685886E1,7.319366130266E1,-1.3E1));
#944=LINE('',#943,#942);
#945=DIRECTION('',(-5.010742383403E-9,-7.427140781404E-9,1.E0));
#946=VECTOR('',#945,2.600000036340E1);
#947=CARTESIAN_POINT('',(-9.827073685886E1,7.319366130266E1,-1.3E1));
#948=LINE('',#947,#946);
#949=DIRECTION('',(1.161071644060E-14,0.E0,-1.E0));
#950=VECTOR('',#949,7.343657794711E0);
#951=CARTESIAN_POINT('',(-6.601781373295E1,5.143343760160E1,2.125532511649E1));
#952=LINE('',#951,#950);
#953=DIRECTION('',(-1.E0,3.421440056986E-14,-1.938816032292E-13));
#954=VECTOR('',#953,2.492083066518E0);
#955=CARTESIAN_POINT('',(-5.867451264752E1,2.128574462294E1,5.3E1));
#956=LINE('',#955,#954);
#957=CARTESIAN_POINT('',(-5.867451264752E1,2.128574462294E1,5.3E1));
#958=CARTESIAN_POINT('',(-5.865496063355E1,2.128574462294E1,5.3E1));
#959=CARTESIAN_POINT('',(-5.861912619839E1,2.128471115311E1,5.300435329523E1));
#960=CARTESIAN_POINT('',(-5.858931316857E1,2.128134326037E1,5.301855418073E1));
#961=CARTESIAN_POINT('',(-5.857629396934E1,2.127899933908E1,5.302845157621E1));
#963=CARTESIAN_POINT('',(-5.656634708989E1,2.191263697128E1,5.058354264872E1));
#964=CARTESIAN_POINT('',(-5.679521168207E1,2.183419852671E1,5.086193462291E1));
#965=CARTESIAN_POINT('',(-5.724930724505E1,2.168291288151E1,5.141429861928E1));
#966=CARTESIAN_POINT('',(-5.791916954255E1,2.147210713519E1,5.222912231560E1));
#967=CARTESIAN_POINT('',(-5.835849913339E1,2.134173981513E1,5.276352490271E1));
#968=CARTESIAN_POINT('',(-5.857629396934E1,2.127899933908E1,5.302845157621E1));
#970=CARTESIAN_POINT('',(-5.2E1,2.709614280025E1,3.793107821586E1));
#971=CARTESIAN_POINT('',(-5.200001285795E1,2.662219330073E1,3.879245525223E1));
#972=CARTESIAN_POINT('',(-5.211232493158E1,2.576654111349E1,4.044702524764E1));
#973=CARTESIAN_POINT('',(-5.254883873960E1,2.471816495112E1,4.271552816194E1));
#974=CARTESIAN_POINT('',(-5.316387796559E1,2.389084194822E1,4.470294267053E1));
#975=CARTESIAN_POINT('',(-5.395193496268E1,2.318656985098E1,4.656782957489E1));
#976=CARTESIAN_POINT('',(-5.499221866615E1,2.253669722153E1,4.847228174380E1));
#977=CARTESIAN_POINT('',(-5.598376822045E1,2.211230981388E1,4.987487338463E1));
#978=CARTESIAN_POINT('',(-5.656634708989E1,2.191263697128E1,5.058354264872E1));
#980=CARTESIAN_POINT('',(-5.2E1,7.966407944183E1,6.685532474445E1));
#981=DIRECTION('',(-1.E0,0.E0,0.E0));
#982=DIRECTION('',(0.E0,-6.254441264226E-1,-7.802689566576E-1));
#983=AXIS2_PLACEMENT_3D('',#980,#981,#982);
#985=CARTESIAN_POINT('',(-5.635299304155E1,4.902809016506E1,1.526621580629E1));
#986=CARTESIAN_POINT('',(-5.593035878789E1,4.881858649643E1,1.539062962254E1));
#987=CARTESIAN_POINT('',(-5.515010159325E1,4.833860884996E1,1.567929795953E1));
#988=CARTESIAN_POINT('',(-5.418191421007E1,4.750214078034E1,1.619952310879E1));
#989=CARTESIAN_POINT('',(-5.332306190401E1,4.647174907277E1,1.686669108736E1));
#990=CARTESIAN_POINT('',(-5.266021160279E1,4.530751999252E1,1.765844801277E1));
#991=CARTESIAN_POINT('',(-5.223249641303E1,4.411727238339E1,1.851142524550E1));
#992=CARTESIAN_POINT('',(-5.202747007615E1,4.300573526090E1,1.935048052292E1));
#993=CARTESIAN_POINT('',(-5.200000201712E1,4.240911552408E1,1.982141300789E1));
#994=CARTESIAN_POINT('',(-5.2E1,4.213743185650E1,2.003918734497E1));
#996=CARTESIAN_POINT('',(-7.934304632134E1,6.042363178834E1,1.002394987759E1));
#997=CARTESIAN_POINT('',(-7.772069634056E1,5.961947733788E1,1.029619893481E1));
#998=CARTESIAN_POINT('',(-7.432632583662E1,5.793698100718E1,1.090372032235E1));
#999=CARTESIAN_POINT('',(-6.879858918838E1,5.519703717511E1,1.204112767759E1));
#1000=CARTESIAN_POINT('',(-6.282970963432E1,5.223843284422E1,1.345323248647E1));
#1001=CARTESIAN_POINT('',(-5.855779642156E1,5.012094966141E1,1.461722702664E1));
#1002=CARTESIAN_POINT('',(-5.635299304155E1,4.902809016506E1,1.526621580629E1));
#1004=CARTESIAN_POINT('',(-7.5E1,-1.35E1,3.780551209525E1));
#1005=DIRECTION('',(0.E0,1.E0,0.E0));
#1006=DIRECTION('',(9.376625809367E-1,0.E0,3.475469526713E-1));
#1007=AXIS2_PLACEMENT_3D('',#1004,#1005,#1006);
#1009=CARTESIAN_POINT('',(-5.850129190525E1,4.892333711031E0,4.911005238684E1));
#1010=CARTESIAN_POINT('',(-5.787796163208E1,4.623003806520E0,4.820031665603E1));
#1011=CARTESIAN_POINT('',(-5.681541020065E1,3.951652500892E0,4.632239254953E1));
#1012=CARTESIAN_POINT('',(-5.575526377104E1,2.538683713302E0,4.350918762986E1));
#1013=CARTESIAN_POINT('',(-5.513049154100E1,5.976856845542E-1,
4.064115031557E1));
#1014=CARTESIAN_POINT('',(-5.5E1,-1.153221312899E0,3.872788923409E1));
#1015=CARTESIAN_POINT('',(-5.5E1,-2.156174907786E0,3.780551209525E1));
#1017=DIRECTION('',(0.E0,-1.E0,0.E0));
#1018=VECTOR('',#1017,1.408468262819E1);
#1019=CARTESIAN_POINT('',(-5.850129190525E1,4.892333711031E0,4.911005238684E1));
#1020=LINE('',#1019,#1018);
#1021=CARTESIAN_POINT('',(-5.5E1,2.716542817300E1,3.780551209525E1));
#1022=CARTESIAN_POINT('',(-5.5E1,2.689066624544E1,3.830206024140E1));
#1023=CARTESIAN_POINT('',(-5.503699655892E1,2.635948752636E1,3.929530192104E1));
#1024=CARTESIAN_POINT('',(-5.520335715611E1,2.561904420427E1,4.077794501466E1));
#1025=CARTESIAN_POINT('',(-5.548004378651E1,2.493549729455E1,4.224571014887E1));
#1026=CARTESIAN_POINT('',(-5.586564227250E1,2.430945502776E1,4.368932536308E1));
#1027=CARTESIAN_POINT('',(-5.635751097696E1,2.374063101433E1,4.509957205241E1));
#1028=CARTESIAN_POINT('',(-5.695614815044E1,2.322498384221E1,4.647585425841E1));
#1029=CARTESIAN_POINT('',(-5.766268517688E1,2.275959370377E1,4.781518020247E1));
#1030=CARTESIAN_POINT('',(-5.820938646583E1,2.248014198143E1,4.868402333020E1));
#1031=CARTESIAN_POINT('',(-5.850129190525E1,2.234824123846E1,4.911005238684E1));
#1033=CARTESIAN_POINT('',(-5.850129190525E1,2.668430819885E1,4.911005238684E1));
#1034=CARTESIAN_POINT('',(-5.786972479160E1,2.713758716345E1,4.818829518297E1));
#1035=CARTESIAN_POINT('',(-5.674482213181E1,2.816040370579E1,4.621169296493E1));
#1036=CARTESIAN_POINT('',(-5.556753884073E1,3.006156923144E1,4.295372021284E1));
#1037=CARTESIAN_POINT('',(-5.515868153789E1,3.162621119647E1,4.059435726731E1));
#1038=CARTESIAN_POINT('',(-5.506299783834E1,3.248276785818E1,3.939168510162E1));
#1040=DIRECTION('',(0.E0,-1.E0,0.E0));
#1041=VECTOR('',#1040,4.336066960391E0);
#1042=CARTESIAN_POINT('',(-5.850129190525E1,2.668430819885E1,4.911005238684E1));
#1043=LINE('',#1042,#1041);
#1044=DIRECTION('',(0.E0,0.E0,1.E0));
#1045=VECTOR('',#1044,6.950939053427E0);
#1046=CARTESIAN_POINT('',(-5.5E1,-1.35E1,3.780551209525E1));
#1047=LINE('',#1046,#1045);
#1048=CARTESIAN_POINT('',(-5.E1,-5.75E1,9.259994600430E1));
#1049=DIRECTION('',(1.E0,0.E0,0.E0));
#1050=DIRECTION('',(0.E0,5.275229357798E-1,-8.495407890303E-1));
#1051=AXIS2_PLACEMENT_3D('',#1048,#1049,#1050);
#1053=CARTESIAN_POINT('',(-5.146446609407E1,-1.703553390593E1,
4.173122296429E1));
#1054=CARTESIAN_POINT('',(-5.132562244329E1,-1.717437755671E1,
4.162077721563E1));
#1055=CARTESIAN_POINT('',(-5.106915905345E1,-1.746329232380E1,
4.139280499576E1));
#1056=CARTESIAN_POINT('',(-5.074167324841E1,-1.793039408720E1,
4.103087798318E1));
#1057=CARTESIAN_POINT('',(-5.047359354469E1,-1.842282662143E1,
4.065664133306E1));
#1058=CARTESIAN_POINT('',(-5.026408517634E1,-1.893624923873E1,
4.027426017638E1));
#1059=CARTESIAN_POINT('',(-5.011324077129E1,-1.946621498424E1,
3.988772942453E1));
#1060=CARTESIAN_POINT('',(-5.002115243947E1,-2.001113850599E1,
3.949874869852E1));
#1061=CARTESIAN_POINT('',(-5.E1,-2.038290653895E1,3.923915841241E1));
#1062=CARTESIAN_POINT('',(-5.E1,-2.057106781187E1,3.910925552975E1));
#1064=CARTESIAN_POINT('',(-5.146446609407E1,-1.703553390593E1,
4.173122296429E1));
#1065=CARTESIAN_POINT('',(-5.266563540261E1,-1.583436459739E1,
4.268671529541E1));
#1066=CARTESIAN_POINT('',(-5.384466025019E1,-1.465533974981E1,
4.369392532056E1));
#1067=CARTESIAN_POINT('',(-5.5E1,-1.35E1,4.475645114868E1));
#1069=DIRECTION('',(1.E0,0.E0,0.E0));
#1070=VECTOR('',#1069,1.246748381266E0);
#1071=CARTESIAN_POINT('',(-5.624674838127E1,-1.35E1,4.475645114868E1));
#1072=LINE('',#1071,#1070);
#1073=CARTESIAN_POINT('',(-5.624674838127E1,-1.35E1,4.475645114868E1));
#1074=CARTESIAN_POINT('',(-5.653178040168E1,-1.266382539968E1,
4.552545187752E1));
#1075=CARTESIAN_POINT('',(-5.719688429228E1,-1.111697916052E1,
4.702875551703E1));
#1076=CARTESIAN_POINT('',(-5.803900753537E1,-9.799754343084E0,
4.843535932735E1));
#1077=CARTESIAN_POINT('',(-5.850129190525E1,-9.192348917154E0,
4.911005238684E1));
#1079=CARTESIAN_POINT('',(-5.850129190525E1,-9.192348917154E0,
4.911005238684E1));
#1080=CARTESIAN_POINT('',(-6.070359578884E1,-6.298694241402E0,
5.232426260451E1));
#1081=CARTESIAN_POINT('',(-6.527926221764E1,-1.426476460421E0,
5.900233909419E1));
#1082=CARTESIAN_POINT('',(-7.498286021407E1,5.363573931025E0,7.316450992841E1));
#1083=CARTESIAN_POINT('',(-8.281314659607E1,7.5E0,8.459262694888E1));
#1084=CARTESIAN_POINT('',(-8.829957985919E1,7.5E0,9.259994600430E1));
#1086=CARTESIAN_POINT('',(-2.E1,-5.75E1,9.259994600430E1));
#1087=DIRECTION('',(-1.E0,0.E0,0.E0));
#1088=DIRECTION('',(0.E0,6.706865213928E-1,-7.417409183954E-1));
#1089=AXIS2_PLACEMENT_3D('',#1086,#1087,#1088);
#1091=DIRECTION('',(1.E0,0.E0,0.E0));
#1092=VECTOR('',#1091,2.E1);
#1093=CARTESIAN_POINT('',(-4.E1,-1.594522603686E1,4.261794163401E1));
#1094=LINE('',#1093,#1092);
#1095=CARTESIAN_POINT('',(-4.E1,-5.75E1,9.259994600430E1));
#1096=DIRECTION('',(-1.E0,0.E0,0.E0));
#1097=DIRECTION('',(0.E0,6.393042148176E-1,-7.689539133892E-1));
#1098=AXIS2_PLACEMENT_3D('',#1095,#1096,#1097);
#1100=CARTESIAN_POINT('',(-5.146446609407E1,-1.703553390593E1,
3.340719360467E1));
#1101=CARTESIAN_POINT('',(-5.124478944930E1,-1.725521055070E1,
3.329517255392E1));
#1102=CARTESIAN_POINT('',(-5.084045089151E1,-1.774157383126E1,
3.304174971761E1));
#1103=CARTESIAN_POINT('',(-5.037149492534E1,-1.859636556257E1,
3.256972911887E1));
#1104=CARTESIAN_POINT('',(-5.007178549795E1,-1.954600850345E1,
3.201015859687E1));
#1105=CARTESIAN_POINT('',(-5.E1,-2.022543538120E1,3.158088991152E1));
#1106=CARTESIAN_POINT('',(-5.E1,-2.057103630837E1,3.135414675305E1));
#1108=DIRECTION('',(0.E0,0.E0,-1.E0));
#1109=VECTOR('',#1108,8.324029359617E0);
#1110=CARTESIAN_POINT('',(-5.146446609407E1,-1.703553390593E1,
4.173122296429E1));
#1111=LINE('',#1110,#1109);
#1112=CARTESIAN_POINT('',(-5.850129190525E1,2.234824123846E1,4.911005238684E1));
#1113=CARTESIAN_POINT('',(-5.938403026576E1,2.194936602112E1,5.039838806069E1));
#1114=CARTESIAN_POINT('',(-6.027249656534E1,2.159544926891E1,5.169508352559E1));
#1115=CARTESIAN_POINT('',(-6.116659571404E1,2.128574462294E1,5.3E1));
#1117=CARTESIAN_POINT('',(-7.966638285616E1,1.95E1,8.E1));
#1118=CARTESIAN_POINT('',(-7.600681729913E1,1.95E1,7.465895097707E1));
#1119=CARTESIAN_POINT('',(-6.882085594720E1,2.070753467934E1,6.417121103653E1));
#1120=CARTESIAN_POINT('',(-6.189244683853E1,2.425045886801E1,5.405936247864E1));
#1121=CARTESIAN_POINT('',(-5.850129190525E1,2.668430819885E1,4.911005238684E1));
#1123=DIRECTION('',(0.E0,-1.E0,0.E0));
#1124=VECTOR('',#1123,1.2E1);
#1125=CARTESIAN_POINT('',(-9.055343416337E1,1.95E1,9.588939283660E1));
#1126=LINE('',#1125,#1124);
#1127=CARTESIAN_POINT('',(-6.116659571404E1,5.714255377055E0,5.3E1));
#1128=CARTESIAN_POINT('',(-6.026786274318E1,5.544596923848E0,5.168832057219E1));
#1129=CARTESIAN_POINT('',(-5.937932041813E1,5.271714186697E0,5.039151414993E1));
#1130=CARTESIAN_POINT('',(-5.850129190525E1,4.892333711031E0,4.911005238684E1));
#1132=DIRECTION('',(-5.620366578096E-1,1.060985555238E-1,8.202791547967E-1));
#1133=VECTOR('',#1132,2.705869890580E1);
#1134=CARTESIAN_POINT('',(-6.116659571404E1,5.714255377055E0,5.3E1));
#1135=LINE('',#1134,#1133);
#1136=CARTESIAN_POINT('',(-7.637457641173E1,8.585144245316E0,7.519568666835E1));
#1137=CARTESIAN_POINT('',(-7.871484871471E1,9.026929505098E0,7.861125851763E1));
#1138=CARTESIAN_POINT('',(-8.105086678276E1,9.528602505967E0,8.202062141207E1));
#1139=CARTESIAN_POINT('',(-8.338014923649E1,1.012509413666E1,8.542015383736E1));
#1141=CARTESIAN_POINT('',(-8.338014923281E1,1.012509413489E1,8.542015383034E1));
#1142=CARTESIAN_POINT('',(-8.349257150418E1,1.015388824816E1,8.558423146560E1));
#1143=CARTESIAN_POINT('',(-8.370660184119E1,1.024089459435E1,8.589660366207E1));
#1144=CARTESIAN_POINT('',(-8.400150718213E1,1.047883935013E1,8.632701100278E1));
#1145=CARTESIAN_POINT('',(-8.424574786829E1,1.083781037817E1,8.668347448425E1));
#1146=CARTESIAN_POINT('',(-8.441287700690E1,1.132474432648E1,8.692739549299E1));
#1147=CARTESIAN_POINT('',(-8.445173540592E1,1.168027735530E1,8.698410840356E1));
#1148=CARTESIAN_POINT('',(-8.445173533190E1,1.187050136927E1,8.698410829554E1));
#1150=DIRECTION('',(1.730703299782E-7,1.E0,-2.525920797240E-7));
#1151=VECTOR('',#1150,2.386381576766E0);
#1152=CARTESIAN_POINT('',(-8.445173533190E1,1.187050136927E1,8.698410829554E1));
#1153=LINE('',#1152,#1151);
#1154=CARTESIAN_POINT('',(-8.445173491889E1,1.425688294604E1,8.698410769276E1));
#1155=CARTESIAN_POINT('',(-8.445173497712E1,1.444430368207E1,8.698410777774E1));
#1156=CARTESIAN_POINT('',(-8.441272002048E1,1.478239090946E1,8.692716637505E1));
#1157=CARTESIAN_POINT('',(-8.428419648217E1,1.518588363412E1,8.673958932307E1));
#1158=CARTESIAN_POINT('',(-8.412375436546E1,1.547642230729E1,8.650542786393E1));
#1159=CARTESIAN_POINT('',(-8.395938949894E1,1.567641956871E1,8.626554124459E1));
#1160=CARTESIAN_POINT('',(-8.378749260985E1,1.582458225400E1,8.601466181718E1));
#1161=CARTESIAN_POINT('',(-8.359825496807E1,1.593680720232E1,8.573847397302E1));
#1162=CARTESIAN_POINT('',(-8.346729212748E1,1.598699582996E1,8.554733681729E1));
#1163=CARTESIAN_POINT('',(-8.340011620231E1,1.600673758153E1,8.544929514980E1));
#1165=CARTESIAN_POINT('',(-7.663348968252E1,1.775588302646E1,7.557356443837E1));
#1166=CARTESIAN_POINT('',(-7.889461851788E1,1.723984717227E1,7.887362827618E1));
#1167=CARTESIAN_POINT('',(-8.115106233018E1,1.666761395024E1,8.216685443409E1));
#1168=CARTESIAN_POINT('',(-8.340011620230E1,1.600673758153E1,8.544929514980E1));
#1170=DIRECTION('',(5.605821959274E-1,1.279363244560E-1,-8.181564022202E-1));
#1171=VECTOR('',#1170,2.759076916970E1);
#1172=CARTESIAN_POINT('',(-7.663348968251E1,1.775588302646E1,7.557356443837E1));
#1173=LINE('',#1172,#1171);
#1174=CARTESIAN_POINT('',(-9.100000000376E1,6.908386892150E1,1.304343503595E1));
#1175=CARTESIAN_POINT('',(-9.120758784788E1,6.908391117043E1,1.304343219081E1));
#1176=CARTESIAN_POINT('',(-9.161781717436E1,6.908803135705E1,1.304221972590E1));
#1177=CARTESIAN_POINT('',(-9.201872650960E1,6.910075912333E1,1.303816844008E1));
#1178=CARTESIAN_POINT('',(-9.221661181203E1,6.910913536685E1,1.303558681548E1));
#1180=CARTESIAN_POINT('',(-7.549228296350E1,8.950000000006E1,1.E1));
#1181=CARTESIAN_POINT('',(-7.522521683464E1,8.871154955696E1,1.000000271533E1));
#1182=CARTESIAN_POINT('',(-7.481190926336E1,8.712459380326E1,1.002641009095E1));
#1183=CARTESIAN_POINT('',(-7.453294249321E1,8.469178148020E1,1.015123576910E1));
#1184=CARTESIAN_POINT('',(-7.460067782149E1,8.230461650516E1,1.035749071221E1));
#1185=CARTESIAN_POINT('',(-7.499920171754E1,8.001535107771E1,1.063345465221E1));
#1186=CARTESIAN_POINT('',(-7.570895767761E1,7.787524948371E1,1.096154530511E1));
#1187=CARTESIAN_POINT('',(-7.670744429219E1,7.591883540546E1,1.132145486629E1));
#1188=CARTESIAN_POINT('',(-7.797322386449E1,7.417386938661E1,1.169161222742E1));
#1189=CARTESIAN_POINT('',(-7.947800540514E1,7.266809137614E1,1.204884751275E1));
#1190=CARTESIAN_POINT('',(-8.120388329122E1,7.141436769828E1,1.237340703976E1));
#1191=CARTESIAN_POINT('',(-8.313581400861E1,7.042001876859E1,1.264847963658E1));
#1192=CARTESIAN_POINT('',(-8.537244572138E1,6.966496803796E1,1.286799537620E1));
#1193=CARTESIAN_POINT('',(-8.796128005516E1,6.919464533267E1,1.300950490463E1));
#1194=CARTESIAN_POINT('',(-8.994535521578E1,6.908404806856E1,1.304342305370E1));
#1195=CARTESIAN_POINT('',(-9.100000000376E1,6.908386892150E1,1.304343503595E1));
#1197=CARTESIAN_POINT('',(-5.506299783834E1,3.248276785818E1,3.939168510162E1));
#1198=CARTESIAN_POINT('',(-5.517162951243E1,3.401007596837E1,3.724722573934E1));
#1199=CARTESIAN_POINT('',(-5.567799750878E1,3.709088238165E1,3.343236894881E1));
#1200=CARTESIAN_POINT('',(-5.726974259148E1,4.144820948718E1,2.899321686481E1));
#1201=CARTESIAN_POINT('',(-5.957462675526E1,4.535586432148E1,2.560718593021E1));
#1202=CARTESIAN_POINT('',(-6.249415195197E1,4.873975635353E1,2.304938742633E1));
#1203=CARTESIAN_POINT('',(-6.478849803886E1,5.060404969160E1,2.179276866676E1));
#1204=CARTESIAN_POINT('',(-6.601781373295E1,5.143343760160E1,2.125532511649E1));
#1206=CARTESIAN_POINT('',(-6.601781373295E1,5.143343760160E1,2.125532511649E1));
#1207=CARTESIAN_POINT('',(-6.854025278047E1,5.313526282010E1,2.015254199616E1));
#1208=CARTESIAN_POINT('',(-7.383620593400E1,5.670831220824E1,1.804771040428E1));
#1209=CARTESIAN_POINT('',(-8.251988897647E1,6.256694884169E1,1.527480530861E1));
#1210=CARTESIAN_POINT('',(-8.888974411061E1,6.686458267548E1,1.371906535797E1));
#1211=CARTESIAN_POINT('',(-9.221661181203E1,6.910913536685E1,1.303558681548E1));
#1213=CARTESIAN_POINT('',(-9.099999998754E1,7.010467761723E1,1.639126263108E1));
#1214=DIRECTION('',(-1.E0,-4.092329207392E-10,1.247878668051E-10));
#1215=DIRECTION('',(-2.221237796870E-10,2.473265654218E-1,-9.689321803081E-1));
#1216=AXIS2_PLACEMENT_3D('',#1213,#1214,#1215);
#1218=CARTESIAN_POINT('',(-9.221661181203E1,6.910913536685E1,1.303558681548E1));
#1219=CARTESIAN_POINT('',(-9.284591304728E1,6.953370884197E1,1.290609692256E1));
#1220=CARTESIAN_POINT('',(-9.414224599393E1,7.040825632374E1,1.279110829723E1));
#1221=CARTESIAN_POINT('',(-9.624532283783E1,7.182717132982E1,1.290145513394E1));
#1222=CARTESIAN_POINT('',(-9.759476115759E1,7.273759747607E1,1.300000078637E1));
#1223=CARTESIAN_POINT('',(-9.827073698914E1,7.319366110955E1,1.300000036340E1));
#1225=CARTESIAN_POINT('',(-9.89E1,1.384E2,1.3E1));
#1226=DIRECTION('',(0.E0,0.E0,1.E0));
#1227=DIRECTION('',(0.E0,1.E0,0.E0));
#1228=AXIS2_PLACEMENT_3D('',#1225,#1226,#1227);
#1230=CARTESIAN_POINT('',(-9.89E1,1.384E2,1.3E1));
#1231=DIRECTION('',(0.E0,0.E0,1.E0));
#1232=DIRECTION('',(0.E0,-1.E0,0.E0));
#1233=AXIS2_PLACEMENT_3D('',#1230,#1231,#1232);
#1235=CARTESIAN_POINT('',(-9.1E1,7.097032059620E1,1.3E1));
#1236=CARTESIAN_POINT('',(-9.186332522747E1,7.097031422969E1,1.3E1));
#1237=CARTESIAN_POINT('',(-9.355394739540E1,7.113720915811E1,1.300000004845E1));
#1238=CARTESIAN_POINT('',(-9.604954228092E1,7.189860752392E1,1.299999983041E1));
#1239=CARTESIAN_POINT('',(-9.755089486791E1,7.270800116284E1,1.300000036340E1));
#1240=CARTESIAN_POINT('',(-9.827073698914E1,7.319366110955E1,1.300000036340E1));
#1242=CARTESIAN_POINT('',(-9.1E1,8.397032059620E1,1.3E1));
#1243=DIRECTION('',(0.E0,0.E0,1.E0));
#1244=DIRECTION('',(-9.730085108210E-1,2.307692307692E-1,0.E0));
#1245=AXIS2_PLACEMENT_3D('',#1242,#1243,#1244);
#1247=CARTESIAN_POINT('',(-7.875515808964E1,8.833653710370E1,1.3E1));
#1248=CARTESIAN_POINT('',(-7.840055248778E1,8.734200103804E1,1.3E1));
#1249=CARTESIAN_POINT('',(-7.794831756663E1,8.533222584967E1,1.3E1));
#1250=CARTESIAN_POINT('',(-7.799570166845E1,8.218771626286E1,1.3E1));
#1251=CARTESIAN_POINT('',(-7.878999734361E1,7.915715746693E1,1.3E1));
#1252=CARTESIAN_POINT('',(-8.028038420038E1,7.639653656052E1,1.3E1));
#1253=CARTESIAN_POINT('',(-8.238467714934E1,7.406942880418E1,1.3E1));
#1254=CARTESIAN_POINT('',(-8.497597315047E1,7.230844105594E1,1.3E1));
#1255=CARTESIAN_POINT('',(-8.792095023289E1,7.121489923351E1,1.3E1));
#1256=CARTESIAN_POINT('',(-8.995291967331E1,7.097031329562E1,1.3E1));
#1257=CARTESIAN_POINT('',(-9.1E1,7.097032059620E1,1.3E1));
#1259=CARTESIAN_POINT('',(-9.89E1,1.384E2,1.3E1));
#1260=DIRECTION('',(0.E0,0.E0,-1.E0));
#1261=DIRECTION('',(-1.E0,0.E0,0.E0));
#1262=AXIS2_PLACEMENT_3D('',#1259,#1260,#1261);
#1264=CARTESIAN_POINT('',(-9.89E1,1.384E2,1.3E1));
#1265=DIRECTION('',(0.E0,0.E0,-1.E0));
#1266=DIRECTION('',(1.E0,0.E0,0.E0));
#1267=AXIS2_PLACEMENT_3D('',#1264,#1265,#1266);
#1269=CARTESIAN_POINT('',(-9.1E1,8.397032059620E1,1.3E1));
#1270=DIRECTION('',(0.E0,0.E0,-1.E0));
#1271=DIRECTION('',(-1.E0,0.E0,0.E0));
#1272=AXIS2_PLACEMENT_3D('',#1269,#1270,#1271);
#1274=CARTESIAN_POINT('',(-9.1E1,8.397032059620E1,1.3E1));
#1275=DIRECTION('',(0.E0,0.E0,-1.E0));
#1276=DIRECTION('',(1.E0,0.E0,0.E0));
#1277=AXIS2_PLACEMENT_3D('',#1274,#1275,#1276);
#1279=CARTESIAN_POINT('',(-1.093663919310E2,1.269673870027E2,-6.E0));
#1280=CARTESIAN_POINT('',(-1.091587224142E2,1.267772685621E2,-6.E0));
#1281=CARTESIAN_POINT('',(-1.087585106814E2,1.264313548757E2,
-5.953531457839E0));
#1282=CARTESIAN_POINT('',(-1.082024188455E2,1.259962737057E2,
-5.751080663390E0));
#1283=CARTESIAN_POINT('',(-1.077375557449E2,1.256629741947E2,
-5.435124096524E0));
#1284=CARTESIAN_POINT('',(-1.073724790969E2,1.254188646378E2,
-5.017350936859E0));
#1285=CARTESIAN_POINT('',(-1.071401218329E2,1.252714369973E2,
-4.503922767836E0));
#1286=CARTESIAN_POINT('',(-1.070952602129E2,1.252437197490E2,
-4.170547091475E0));
#1287=CARTESIAN_POINT('',(-1.070952602129E2,1.252437197490E2,-4.E0));
#1289=CARTESIAN_POINT('',(-9.89E1,1.384E2,-1.2E1));
#1290=DIRECTION('',(0.E0,0.E0,-1.E0));
#1291=DIRECTION('',(0.E0,-1.E0,0.E0));
#1292=AXIS2_PLACEMENT_3D('',#1289,#1290,#1291);
#1294=DIRECTION('',(0.E0,0.E0,1.E0));
#1295=VECTOR('',#1294,3.E0);
#1296=CARTESIAN_POINT('',(-9.89E1,1.539E2,-1.3E1));
#1297=LINE('',#1296,#1295);
#1298=CARTESIAN_POINT('',(-9.89E1,1.384E2,-1.E1));
#1299=DIRECTION('',(0.E0,0.E0,1.E0));
#1300=DIRECTION('',(9.765886601987E-1,-2.151152918118E-1,0.E0));
#1301=AXIS2_PLACEMENT_3D('',#1298,#1299,#1300);
#1303=DIRECTION('',(0.E0,0.E0,1.E0));
#1304=VECTOR('',#1303,4.E0);
#1305=CARTESIAN_POINT('',(-8.376287576692E1,1.350657129769E2,-1.E1));
#1306=LINE('',#1305,#1304);
#1307=CARTESIAN_POINT('',(-8.672044860606E1,1.288131064550E2,-4.E0));
#1308=CARTESIAN_POINT('',(-8.672044860606E1,1.288131064550E2,
-4.204284839821E0));
#1309=CARTESIAN_POINT('',(-8.667582513163E1,1.288692367870E2,
-4.596869008031E0));
#1310=CARTESIAN_POINT('',(-8.645615968428E1,1.291548876005E2,
-5.181301124113E0));
#1311=CARTESIAN_POINT('',(-8.612145169491E1,1.296189159875E2,
-5.631103335710E0));
#1312=CARTESIAN_POINT('',(-8.570589366801E1,1.302517464276E2,
-5.927616528305E0));
#1313=CARTESIAN_POINT('',(-8.540469988191E1,1.307689753558E2,-6.E0));
#1314=CARTESIAN_POINT('',(-8.525066920435E1,1.310552216622E2,-6.E0));
#1316=CARTESIAN_POINT('',(-8.525066920435E1,1.310552216622E2,6.E0));
#1317=CARTESIAN_POINT('',(-8.540469988191E1,1.307689753558E2,6.E0));
#1318=CARTESIAN_POINT('',(-8.570589366801E1,1.302517464276E2,5.927616528305E0));
#1319=CARTESIAN_POINT('',(-8.612145169491E1,1.296189159875E2,5.631103335710E0));
#1320=CARTESIAN_POINT('',(-8.645615968428E1,1.291548876005E2,5.181301124113E0));
#1321=CARTESIAN_POINT('',(-8.667582513163E1,1.288692367870E2,4.596869008031E0));
#1322=CARTESIAN_POINT('',(-8.672044860606E1,1.288131064550E2,4.204284839821E0));
#1323=CARTESIAN_POINT('',(-8.672044860606E1,1.288131064550E2,4.E0));
#1325=DIRECTION('',(0.E0,0.E0,1.E0));
#1326=VECTOR('',#1325,4.E0);
#1327=CARTESIAN_POINT('',(-8.376287576692E1,1.350657129769E2,6.E0));
#1328=LINE('',#1327,#1326);
#1329=CARTESIAN_POINT('',(-9.89E1,1.384E2,1.E1));
#1330=DIRECTION('',(0.E0,0.E0,1.E0));
#1331=DIRECTION('',(9.765886601987E-1,-2.151152918118E-1,0.E0));
#1332=AXIS2_PLACEMENT_3D('',#1329,#1330,#1331);
#1334=DIRECTION('',(0.E0,0.E0,1.E0));
#1335=VECTOR('',#1334,3.E0);
#1336=CARTESIAN_POINT('',(-9.89E1,1.539E2,1.E1));
#1337=LINE('',#1336,#1335);
#1338=CARTESIAN_POINT('',(-9.89E1,1.384E2,1.2E1));
#1339=DIRECTION('',(0.E0,0.E0,1.E0));
#1340=DIRECTION('',(-8.565108417646E-1,-5.161290322581E-1,0.E0));
#1341=AXIS2_PLACEMENT_3D('',#1338,#1339,#1340);
#1343=CARTESIAN_POINT('',(-1.070952602129E2,1.252437197490E2,4.E0));
#1344=CARTESIAN_POINT('',(-1.070952602129E2,1.252437197490E2,4.170547091475E0));
#1345=CARTESIAN_POINT('',(-1.071401218329E2,1.252714369973E2,4.503922767836E0));
#1346=CARTESIAN_POINT('',(-1.073724790969E2,1.254188646378E2,5.017350936859E0));
#1347=CARTESIAN_POINT('',(-1.077375557449E2,1.256629741947E2,5.435124096524E0));
#1348=CARTESIAN_POINT('',(-1.082024188455E2,1.259962737057E2,5.751080663390E0));
#1349=CARTESIAN_POINT('',(-1.087585106814E2,1.264313548757E2,5.953531457839E0));
#1350=CARTESIAN_POINT('',(-1.091587224142E2,1.267772685621E2,6.E0));
#1351=CARTESIAN_POINT('',(-1.093663919310E2,1.269673870027E2,6.E0));
#1353=DIRECTION('',(0.E0,0.E0,1.E0));
#1354=VECTOR('',#1353,8.E0);
#1355=CARTESIAN_POINT('',(-1.070952602129E2,1.252437197490E2,-4.E0));
#1356=LINE('',#1355,#1354);
#1357=DIRECTION('',(1.436363636364E-1,-9.896305346145E-1,0.E0));
#1358=VECTOR('',#1357,2.940955772676E1);
#1359=CARTESIAN_POINT('',(-1.093663919310E2,1.269673870027E2,-6.E0));
#1360=LINE('',#1359,#1358);
#1361=CARTESIAN_POINT('',(-1.328517649722E2,9.384097248498E1,-6.E0));
#1362=DIRECTION('',(0.E0,0.E0,-1.E0));
#1363=DIRECTION('',(9.896305346145E-1,1.436363636364E-1,0.E0));
#1364=AXIS2_PLACEMENT_3D('',#1361,#1362,#1363);
#1366=CARTESIAN_POINT('',(-9.89E1,1.384E2,-6.E0));
#1367=DIRECTION('',(0.E0,0.E0,-1.E0));
#1368=DIRECTION('',(-6.752510923257E-1,-7.375879353087E-1,0.E0));
#1369=AXIS2_PLACEMENT_3D('',#1366,#1367,#1368);
#1371=CARTESIAN_POINT('',(-1.051421100030E2,9.786279066680E1,-4.E0));
#1372=DIRECTION('',(1.436363636364E-1,-9.896305346145E-1,0.E0));
#1373=DIRECTION('',(0.E0,0.E0,-1.E0));
#1374=AXIS2_PLACEMENT_3D('',#1371,#1372,#1373);
#1376=CARTESIAN_POINT('',(-1.036505194504E2,8.696439853753E1,-4.E0));
#1377=CARTESIAN_POINT('',(-1.036505194504E2,8.696439853753E1,
-4.137243687250E0));
#1378=CARTESIAN_POINT('',(-1.036611200414E2,8.703756680622E1,
-4.398054831310E0));
#1379=CARTESIAN_POINT('',(-1.037150265995E2,8.730442229857E1,
-4.762564697319E0));
#1380=CARTESIAN_POINT('',(-1.037891347354E2,8.768394324029E1,
-5.059029416789E0));
#1381=CARTESIAN_POINT('',(-1.038832923273E2,8.816296374710E1,
-5.313355726980E0));
#1382=CARTESIAN_POINT('',(-1.039880036348E2,8.869643924349E1,
-5.513061018274E0));
#1383=CARTESIAN_POINT('',(-1.041011317498E2,8.927259615230E1,
-5.670529030514E0));
#1384=CARTESIAN_POINT('',(-1.042254300111E2,8.990569646225E1,
-5.795047548823E0));
#1385=CARTESIAN_POINT('',(-1.043619301924E2,9.060093144343E1,
-5.889264381581E0));
#1386=CARTESIAN_POINT('',(-1.045122501799E2,9.136655860930E1,
-5.954790382270E0));
#1387=CARTESIAN_POINT('',(-1.046773349866E2,9.220738661341E1,
-5.992413818477E0));
#1388=CARTESIAN_POINT('',(-1.047977650571E2,9.282077442646E1,-6.E0));
#1389=CARTESIAN_POINT('',(-1.048605293492E2,9.314045246685E1,-6.E0));
#1391=CARTESIAN_POINT('',(-1.328517649722E2,9.384097248498E1,-4.E0));
#1392=DIRECTION('',(0.E0,0.E0,-1.E0));
#1393=DIRECTION('',(9.896305346145E-1,1.436363636364E-1,0.E0));
#1394=AXIS2_PLACEMENT_3D('',#1391,#1392,#1393);
#1396=CARTESIAN_POINT('',(-1.328517649722E2,9.384097248498E1,4.E0));
#1397=DIRECTION('',(0.E0,0.E0,1.E0));
#1398=DIRECTION('',(9.732968598192E-1,-2.295500439251E-1,0.E0));
#1399=AXIS2_PLACEMENT_3D('',#1396,#1397,#1398);
#1401=CARTESIAN_POINT('',(-1.046824680319E2,1.086199849546E2,7.5E-1));
#1402=DIRECTION('',(9.896305346145E-1,1.436363636364E-1,0.E0));
#1403=DIRECTION('',(0.E0,0.E0,-1.E0));
#1404=AXIS2_PLACEMENT_3D('',#1401,#1402,#1403);
#1406=DIRECTION('',(-1.989519660088E-12,1.379873992818E-11,1.E0));
#1407=VECTOR('',#1406,1.000000000020E0);
#1408=CARTESIAN_POINT('',(-1.046968316683E2,1.087189480081E2,7.5E-1));
#1409=LINE('',#1408,#1407);
#1410=CARTESIAN_POINT('',(-1.047542862138E2,1.091148002220E2,1.75E0));
#1411=DIRECTION('',(-9.896305346145E-1,-1.436363636364E-1,0.E0));
#1412=DIRECTION('',(1.436363636364E-1,-9.896305346145E-1,0.E0));
#1413=AXIS2_PLACEMENT_3D('',#1410,#1411,#1412);
#1415=DIRECTION('',(-1.436363636363E-1,9.896305346145E-1,8.756755309463E-10));
#1416=VECTOR('',#1415,5.000000006507E-1);
#1417=CARTESIAN_POINT('',(-1.047542862137E2,1.091148002213E2,2.149999999548E0));
#1418=LINE('',#1417,#1416);
#1419=CARTESIAN_POINT('',(-1.048261043956E2,1.096096154893E2,1.75E0));
#1420=DIRECTION('',(-9.896305346145E-1,-1.436363636364E-1,0.E0));
#1421=DIRECTION('',(0.E0,-7.105427357601E-14,1.E0));
#1422=AXIS2_PLACEMENT_3D('',#1419,#1420,#1421);
#1424=DIRECTION('',(-1.797876133349E-11,1.237968457674E-10,-1.E0));
#1425=VECTOR('',#1424,3.500000000651E0);
#1426=CARTESIAN_POINT('',(-1.048835589410E2,1.100054677027E2,1.750000000631E0));
#1427=LINE('',#1426,#1425);
#1428=CARTESIAN_POINT('',(-1.048261043956E2,1.096096154893E2,-1.75E0));
#1429=DIRECTION('',(-9.896305346145E-1,-1.436363636364E-1,0.E0));
#1430=DIRECTION('',(-1.436363636364E-1,9.896305346145E-1,9.992007221626E-14));
#1431=AXIS2_PLACEMENT_3D('',#1428,#1429,#1430);
#1433=DIRECTION('',(1.436363636364E-1,-9.896305346145E-1,-8.756799718384E-10));
#1434=VECTOR('',#1433,5.000000006507E-1);
#1435=CARTESIAN_POINT('',(-1.048261043957E2,1.096096154899E2,
-2.149999999548E0));
#1436=LINE('',#1435,#1434);
#1437=CARTESIAN_POINT('',(-1.047542862138E2,1.091148002220E2,-1.75E0));
#1438=DIRECTION('',(-9.896305346145E-1,-1.436363636364E-1,0.E0));
#1439=DIRECTION('',(0.E0,0.E0,-1.E0));
#1440=AXIS2_PLACEMENT_3D('',#1437,#1438,#1439);
#1442=DIRECTION('',(6.487255173399E-11,-4.470308564942E-10,1.E0));
#1443=VECTOR('',#1442,1.000000000631E0);
#1444=CARTESIAN_POINT('',(-1.046968316684E2,1.087189480086E2,
-1.750000000631E0));
#1445=LINE('',#1444,#1443);
#1446=CARTESIAN_POINT('',(-1.046824680319E2,1.086199849546E2,-7.5E-1));
#1447=DIRECTION('',(9.896305346145E-1,1.436363636364E-1,0.E0));
#1448=DIRECTION('',(-1.436363636364E-1,9.896305346145E-1,2.664535259100E-13));
#1449=AXIS2_PLACEMENT_3D('',#1446,#1447,#1448);
#1451=DIRECTION('',(1.436363636364E-1,-9.896305346145E-1,5.576916706173E-12));
#1452=VECTOR('',#1451,2.500000000020E0);
#1453=CARTESIAN_POINT('',(-1.046824680319E2,1.086199849546E2,-6.5E-1));
#1454=LINE('',#1453,#1452);
#1455=CARTESIAN_POINT('',(-1.043233771229E2,1.061459086181E2,-2.5E-1));
#1456=DIRECTION('',(-9.896305346145E-1,-1.436363636364E-1,0.E0));
#1457=DIRECTION('',(0.E0,-3.552713678800E-14,-1.E0));
#1458=AXIS2_PLACEMENT_3D('',#1455,#1456,#1457);
#1460=DIRECTION('',(1.257660640659E-10,-8.665779194052E-10,1.E0));
#1461=VECTOR('',#1460,5.000000006507E-1);
#1462=CARTESIAN_POINT('',(-1.042659225775E2,1.057500564047E2,
-2.500000006306E-1));
#1463=LINE('',#1462,#1461);
#1464=CARTESIAN_POINT('',(-1.043233771229E2,1.061459086181E2,2.5E-1));
#1465=DIRECTION('',(-9.896305346145E-1,-1.436363636364E-1,0.E0));
#1466=DIRECTION('',(1.436363636364E-1,-9.896305346145E-1,0.E0));
#1467=AXIS2_PLACEMENT_3D('',#1464,#1465,#1466);
#1469=DIRECTION('',(-1.436363636364E-1,9.896305346145E-1,1.807020754795E-10));
#1470=VECTOR('',#1469,2.500000000631E0);
#1471=CARTESIAN_POINT('',(-1.043233771228E2,1.061459086175E2,
6.499999995482E-1));
#1472=LINE('',#1471,#1470);
#1473=DIRECTION('',(1.436363636364E-1,-9.896305346145E-1,0.E0));
#1474=VECTOR('',#1473,2.737754687927E1);
#1475=CARTESIAN_POINT('',(-1.070952602129E2,1.252437197490E2,-4.E0));
#1476=LINE('',#1475,#1474);
#1477=DIRECTION('',(-1.436363636364E-1,9.896305346145E-1,0.E0));
#1478=VECTOR('',#1477,2.737754687881E1);
#1479=CARTESIAN_POINT('',(-1.031628489339E2,9.815006339487E1,4.E0));
#1480=LINE('',#1479,#1478);
#1481=DIRECTION('',(8.267164730569E-12,-5.693223670278E-11,-1.E0));
#1482=VECTOR('',#1481,8.E0);
#1483=CARTESIAN_POINT('',(-1.031628489339E2,9.815006339487E1,4.E0));
#1484=LINE('',#1483,#1482);
#1485=CARTESIAN_POINT('',(-1.048309126121E2,1.085984395001E2,6.5E-1));
#1486=DIRECTION('',(-1.436363636364E-1,9.896305346145E-1,-4.375250407929E-13));
#1487=DIRECTION('',(9.896305346145E-1,1.436363636364E-1,1.628327102783E-14));
#1488=AXIS2_PLACEMENT_3D('',#1485,#1486,#1487);
#1490=CARTESIAN_POINT('',(-1.044718217030E2,1.061243631636E2,6.5E-1));
#1491=DIRECTION('',(-1.436363636364E-1,9.896305346145E-1,0.E0));
#1492=DIRECTION('',(9.896305346145E-1,1.436363636364E-1,0.E0));
#1493=AXIS2_PLACEMENT_3D('',#1490,#1491,#1492);
#1495=CARTESIAN_POINT('',(-1.044143671576E2,1.057285109497E2,2.5E-1));
#1496=DIRECTION('',(0.E0,0.E0,1.E0));
#1497=DIRECTION('',(9.896305346145E-1,1.436363636364E-1,0.E0));
#1498=AXIS2_PLACEMENT_3D('',#1495,#1496,#1497);
#1500=CARTESIAN_POINT('',(-1.044143671576E2,1.057285109497E2,-2.5E-1));
#1501=DIRECTION('',(0.E0,0.E0,1.E0));
#1502=DIRECTION('',(9.896305346145E-1,1.436363636361E-1,0.E0));
#1503=AXIS2_PLACEMENT_3D('',#1500,#1501,#1502);
#1505=CARTESIAN_POINT('',(-1.044718217030E2,1.061243631636E2,-6.5E-1));
#1506=DIRECTION('',(1.436363636364E-1,-9.896305346145E-1,-3.375811824545E-14));
#1507=DIRECTION('',(9.896305346145E-1,1.436363636364E-1,0.E0));
#1508=AXIS2_PLACEMENT_3D('',#1505,#1506,#1507);
#1510=CARTESIAN_POINT('',(-1.048309126121E2,1.085984395001E2,-6.5E-1));
#1511=DIRECTION('',(1.436363636364E-1,-9.896305346145E-1,0.E0));
#1512=DIRECTION('',(9.896305346145E-1,1.436363636364E-1,0.E0));
#1513=AXIS2_PLACEMENT_3D('',#1510,#1511,#1512);
#1515=CARTESIAN_POINT('',(-1.048452762485E2,1.086974025536E2,-7.5E-1));
#1516=DIRECTION('',(-6.620330546396E-14,4.561297078323E-13,1.E0));
#1517=DIRECTION('',(9.896305346145E-1,1.436363636364E-1,0.E0));
#1518=AXIS2_PLACEMENT_3D('',#1515,#1516,#1517);
#1520=CARTESIAN_POINT('',(-1.048452762485E2,1.086974025536E2,-1.75E0));
#1521=DIRECTION('',(0.E0,0.E0,1.E0));
#1522=DIRECTION('',(9.896305346145E-1,1.436363636362E-1,0.E0));
#1523=AXIS2_PLACEMENT_3D('',#1520,#1521,#1522);
#1525=CARTESIAN_POINT('',(-1.049027307940E2,1.090932547674E2,-2.15E0));
#1526=DIRECTION('',(1.436363636364E-1,-9.896305346145E-1,2.067646918534E-14));
#1527=DIRECTION('',(9.896305346145E-1,1.436363636364E-1,-1.776356839400E-14));
#1528=AXIS2_PLACEMENT_3D('',#1525,#1526,#1527);
#1530=CARTESIAN_POINT('',(-1.049745489758E2,1.095880700347E2,-2.15E0));
#1531=DIRECTION('',(1.436363636364E-1,-9.896305346145E-1,0.E0));
#1532=DIRECTION('',(9.896305346145E-1,1.436363636364E-1,0.E0));
#1533=AXIS2_PLACEMENT_3D('',#1530,#1531,#1532);
#1535=CARTESIAN_POINT('',(-1.050320035212E2,1.099839222486E2,-1.75E0));
#1536=DIRECTION('',(0.E0,2.186434104748E-14,-1.E0));
#1537=DIRECTION('',(9.896305346145E-1,1.436363636364E-1,0.E0));
#1538=AXIS2_PLACEMENT_3D('',#1535,#1536,#1537);
#1540=CARTESIAN_POINT('',(-1.050320035212E2,1.099839222486E2,1.75E0));
#1541=DIRECTION('',(0.E0,0.E0,-1.E0));
#1542=DIRECTION('',(9.896305346145E-1,1.436363636362E-1,0.E0));
#1543=AXIS2_PLACEMENT_3D('',#1540,#1541,#1542);
#1545=CARTESIAN_POINT('',(-1.049745489758E2,1.095880700347E2,2.15E0));
#1546=DIRECTION('',(-1.436363636364E-1,9.896305346145E-1,6.955372170443E-14));
#1547=DIRECTION('',(9.896305346145E-1,1.436363636364E-1,-3.552713678800E-14));
#1548=AXIS2_PLACEMENT_3D('',#1545,#1546,#1547);
#1550=CARTESIAN_POINT('',(-1.049027307940E2,1.090932547674E2,2.15E0));
#1551=DIRECTION('',(-1.436363636364E-1,9.896305346145E-1,0.E0));
#1552=DIRECTION('',(9.896305346145E-1,1.436363636364E-1,0.E0));
#1553=AXIS2_PLACEMENT_3D('',#1550,#1551,#1552);
#1555=CARTESIAN_POINT('',(-1.048452762485E2,1.086974025536E2,1.75E0));
#1556=DIRECTION('',(0.E0,2.186434104748E-14,1.E0));
#1557=DIRECTION('',(9.896305346145E-1,1.436363636364E-1,0.E0));
#1558=AXIS2_PLACEMENT_3D('',#1555,#1556,#1557);
#1560=CARTESIAN_POINT('',(-1.048452762485E2,1.086974025536E2,
7.499999999999E-1));
#1561=DIRECTION('',(0.E0,0.E0,1.E0));
#1562=DIRECTION('',(9.896305346145E-1,1.436363636362E-1,0.E0));
#1563=AXIS2_PLACEMENT_3D('',#1560,#1561,#1562);
#1565=DIRECTION('',(1.421085473732E-14,0.E0,1.E0));
#1566=VECTOR('',#1565,9.999999984437E-1);
#1567=CARTESIAN_POINT('',(-1.054606000238E2,1.087596653156E2,
7.499999998976E-1));
#1568=LINE('',#1567,#1566);
#1569=DIRECTION('',(9.896305346145E-1,1.436363636364E-1,2.792557296516E-9));
#1570=VECTOR('',#1569,6.E-1);
#1571=CARTESIAN_POINT('',(-1.054606000238E2,1.087596653156E2,1.749999998341E0));
#1572=LINE('',#1571,#1570);
#1573=DIRECTION('',(1.421085477287E-14,-1.421085477287E-14,1.E0));
#1574=VECTOR('',#1573,9.999999959418E-1);
#1575=CARTESIAN_POINT('',(-1.048668217030E2,1.088458471338E2,
7.500000040750E-1));
#1576=LINE('',#1575,#1574);
#1577=DIRECTION('',(-9.896305346145E-1,-1.436363636364E-1,-6.962304066604E-9));
#1578=VECTOR('',#1577,6.E-1);
#1579=CARTESIAN_POINT('',(-1.048668217030E2,1.088458471338E2,
7.500000040750E-1));
#1580=LINE('',#1579,#1578);
#1581=CARTESIAN_POINT('',(-1.054965091147E2,1.090070729492E2,7.5E-1));
#1582=DIRECTION('',(0.E0,0.E0,1.E0));
#1583=DIRECTION('',(-9.896305346145E-1,-1.436363636364E-1,0.E0));
#1584=AXIS2_PLACEMENT_3D('',#1581,#1582,#1583);
#1586=CARTESIAN_POINT('',(-1.056720985666E2,1.084763485910E2,7.5E-1));
#1587=DIRECTION('',(9.896305346145E-1,1.436363636364E-1,0.E0));
#1588=DIRECTION('',(0.E0,0.E0,-1.E0));
#1589=AXIS2_PLACEMENT_3D('',#1586,#1587,#1588);
#1591=DIRECTION('',(-1.436363636364E-1,9.896305346145E-1,3.653521929469E-13));
#1592=VECTOR('',#1591,2.499999999978E0);
#1593=CARTESIAN_POINT('',(-1.053130076575E2,1.060022722545E2,2.5E-1));
#1594=LINE('',#1593,#1592);
#1595=DIRECTION('',(0.E0,2.842170943040E-14,1.E0));
#1596=VECTOR('',#1595,5.E-1);
#1597=CARTESIAN_POINT('',(-1.053130076575E2,1.060022722545E2,-2.5E-1));
#1598=LINE('',#1597,#1596);
#1599=DIRECTION('',(1.436363636364E-1,-9.896305346145E-1,1.137470118019E-11));
#1600=VECTOR('',#1599,2.500000000168E0);
#1601=CARTESIAN_POINT('',(-1.056720985666E2,1.084763485912E2,
-2.500000000284E-1));
#1602=LINE('',#1601,#1600);
#1603=CARTESIAN_POINT('',(-1.056720985666E2,1.084763485910E2,-7.5E-1));
#1604=DIRECTION('',(9.896305346145E-1,1.436363636364E-1,0.E0));
#1605=DIRECTION('',(-1.436363636364E-1,9.896305346145E-1,1.065814103640E-13));
#1606=AXIS2_PLACEMENT_3D('',#1603,#1604,#1605);
#1608=DIRECTION('',(1.278976924397E-13,-8.952838470778E-13,1.E0));
#1609=VECTOR('',#1608,9.999999999776E-1);
#1610=CARTESIAN_POINT('',(-1.057439167484E2,1.089711638583E2,-1.75E0));
#1611=LINE('',#1610,#1609);
#1612=DIRECTION('',(1.436363636364E-1,-9.896305346145E-1,0.E0));
#1613=VECTOR('',#1612,5.000000000001E-1);
#1614=CARTESIAN_POINT('',(-1.058157349302E2,1.094659791256E2,-1.75E0));
#1615=LINE('',#1614,#1613);
#1616=DIRECTION('',(0.E0,0.E0,-1.E0));
#1617=VECTOR('',#1616,3.5E0);
#1618=CARTESIAN_POINT('',(-1.058157349302E2,1.094659791256E2,1.75E0));
#1619=LINE('',#1618,#1617);
#1620=DIRECTION('',(-1.436363636364E-1,9.896305346145E-1,0.E0));
#1621=VECTOR('',#1620,5.000000000001E-1);
#1622=CARTESIAN_POINT('',(-1.057439167484E2,1.089711638583E2,1.75E0));
#1623=LINE('',#1622,#1621);
#1624=DIRECTION('',(-4.078515302577E-12,2.810907062194E-11,1.E0));
#1625=VECTOR('',#1624,1.000000000168E0);
#1626=CARTESIAN_POINT('',(-1.057439167484E2,1.089711638583E2,
7.499999998318E-1));
#1627=LINE('',#1626,#1625);
#1628=CARTESIAN_POINT('',(-1.054246909329E2,1.085122576819E2,2.5E-1));
#1629=DIRECTION('',(-1.436363636364E-1,9.896305346145E-1,0.E0));
#1630=DIRECTION('',(-9.896305346145E-1,-1.436363636363E-1,-2.242650509743E-14));
#1631=AXIS2_PLACEMENT_3D('',#1628,#1629,#1630);
#1633=CARTESIAN_POINT('',(-1.054246909329E2,1.085122576819E2,7.5E-1));
#1634=DIRECTION('',(9.896305346145E-1,1.436363636364E-1,0.E0));
#1635=DIRECTION('',(0.E0,-5.684341886081E-14,-1.E0));
#1636=AXIS2_PLACEMENT_3D('',#1633,#1634,#1635);
#1638=CARTESIAN_POINT('',(-1.048309126121E2,1.085984395001E2,7.5E-1));
#1639=DIRECTION('',(9.896305346145E-1,1.436363636364E-1,0.E0));
#1640=DIRECTION('',(0.E0,-5.684341886081E-14,-1.E0));
#1641=AXIS2_PLACEMENT_3D('',#1638,#1639,#1640);
#1643=DIRECTION('',(-1.436363636364E-1,9.896305346145E-1,0.E0));
#1644=VECTOR('',#1643,2.500000023219E0);
#1645=CARTESIAN_POINT('',(-1.050656000205E2,1.060381813224E2,5.E-1));
#1646=LINE('',#1645,#1644);
#1647=DIRECTION('',(-9.896305346115E-1,-1.436363636569E-1,0.E0));
#1648=VECTOR('',#1647,6.E-1);
#1649=CARTESIAN_POINT('',(-1.048309126121E2,1.085984395001E2,5.E-1));
#1650=LINE('',#1649,#1648);
#1651=DIRECTION('',(-1.436363636364E-1,9.896305346145E-1,0.E0));
#1652=VECTOR('',#1651,2.500000000591E0);
#1653=CARTESIAN_POINT('',(-1.044718217030E2,1.061243631630E2,5.E-1));
#1654=LINE('',#1653,#1652);
#1655=DIRECTION('',(9.896305291944E-1,1.436364009798E-1,1.073215590471E-14));
#1656=VECTOR('',#1655,6.E-1);
#1657=CARTESIAN_POINT('',(-1.050656000205E2,1.060381813224E2,5.E-1));
#1658=LINE('',#1657,#1656);
#1659=CARTESIAN_POINT('',(-1.050656000238E2,1.060381813454E2,2.5E-1));
#1660=DIRECTION('',(-1.436363636364E-1,9.896305346145E-1,0.E0));
#1661=DIRECTION('',(-9.896305346145E-1,-1.436363636363E-1,0.E0));
#1662=AXIS2_PLACEMENT_3D('',#1659,#1660,#1661);
#1664=CARTESIAN_POINT('',(-1.050656000238E2,1.060381813454E2,2.5E-1));
#1665=DIRECTION('',(0.E0,0.E0,1.E0));
#1666=DIRECTION('',(-9.896305346145E-1,-1.436363636363E-1,0.E0));
#1667=AXIS2_PLACEMENT_3D('',#1664,#1665,#1666);
#1669=CARTESIAN_POINT('',(-1.050656000238E2,1.060381813454E2,2.5E-1));
#1670=DIRECTION('',(-9.896305346145E-1,-1.436363636364E-1,0.E0));
#1671=DIRECTION('',(1.436363636363E-1,-9.896305346145E-1,0.E0));
#1672=AXIS2_PLACEMENT_3D('',#1669,#1670,#1671);
#1674=CARTESIAN_POINT('',(-1.044718217031E2,1.061243631636E2,2.5E-1));
#1675=DIRECTION('',(-9.896305346145E-1,-1.436363636364E-1,0.E0));
#1676=DIRECTION('',(1.436363636363E-1,-9.896305346145E-1,0.E0));
#1677=AXIS2_PLACEMENT_3D('',#1674,#1675,#1676);
#1679=DIRECTION('',(0.E0,0.E0,1.E0));
#1680=VECTOR('',#1679,5.000000215774E-1);
#1681=CARTESIAN_POINT('',(-1.050296909329E2,1.057907737117E2,
-2.500000232361E-1));
#1682=LINE('',#1681,#1680);
#1683=DIRECTION('',(9.896305346145E-1,1.436363636364E-1,2.792545916730E-9));
#1684=VECTOR('',#1683,6.E-1);
#1685=CARTESIAN_POINT('',(-1.050296909329E2,1.057907737117E2,
2.499999983412E-1));
#1686=LINE('',#1685,#1684);
#1687=DIRECTION('',(0.E0,2.842170939561E-14,1.E0));
#1688=VECTOR('',#1687,5.000000006121E-1);
#1689=CARTESIAN_POINT('',(-1.044359126121E2,1.058769555299E2,
-2.500000005953E-1));
#1690=LINE('',#1689,#1688);
#1691=DIRECTION('',(9.896305346145E-1,1.436363636364E-1,3.773472386411E-8));
#1692=VECTOR('',#1691,6.E-1);
#1693=CARTESIAN_POINT('',(-1.050296909329E2,1.057907737117E2,
-2.500000232361E-1));
#1694=LINE('',#1693,#1692);
#1695=CARTESIAN_POINT('',(-1.050656000238E2,1.060381813454E2,-2.5E-1));
#1696=DIRECTION('',(0.E0,0.E0,1.E0));
#1697=DIRECTION('',(-9.896305346145E-1,-1.436363636364E-1,0.E0));
#1698=AXIS2_PLACEMENT_3D('',#1695,#1696,#1697);
#1700=CARTESIAN_POINT('',(-1.050656000238E2,1.060381813454E2,-2.5E-1));
#1701=DIRECTION('',(1.436363636364E-1,-9.896305346145E-1,0.E0));
#1702=DIRECTION('',(-9.896305346145E-1,-1.436363636363E-1,0.E0));
#1703=AXIS2_PLACEMENT_3D('',#1700,#1701,#1702);
#1705=CARTESIAN_POINT('',(-1.050656000238E2,1.060381813454E2,-2.5E-1));
#1706=DIRECTION('',(-9.896305346145E-1,-1.436363636364E-1,0.E0));
#1707=DIRECTION('',(0.E0,-5.684341886081E-14,-1.E0));
#1708=AXIS2_PLACEMENT_3D('',#1705,#1706,#1707);
#1710=CARTESIAN_POINT('',(-1.044718217030E2,1.061243631636E2,-2.5E-1));
#1711=DIRECTION('',(-9.896305346145E-1,-1.436363636364E-1,0.E0));
#1712=DIRECTION('',(0.E0,0.E0,-1.E0));
#1713=AXIS2_PLACEMENT_3D('',#1710,#1711,#1712);
#1715=DIRECTION('',(1.436363636364E-1,-9.896305346145E-1,0.E0));
#1716=VECTOR('',#1715,2.499999998444E0);
#1717=CARTESIAN_POINT('',(-1.054246909329E2,1.085122576820E2,-5.E-1));
#1718=LINE('',#1717,#1716);
#1719=DIRECTION('',(9.896305350156E-1,1.436363608728E-1,0.E0));
#1720=VECTOR('',#1719,6.E-1);
#1721=CARTESIAN_POINT('',(-1.050656000241E2,1.060381813470E2,-5.E-1));
#1722=LINE('',#1721,#1720);
#1723=DIRECTION('',(1.436363636364E-1,-9.896305346145E-1,0.E0));
#1724=VECTOR('',#1723,2.499999995942E0);
#1725=CARTESIAN_POINT('',(-1.048309126116E2,1.085984394961E2,-5.E-1));
#1726=LINE('',#1725,#1724);
#1727=DIRECTION('',(-9.896305356145E-1,-1.436363567462E-1,0.E0));
#1728=VECTOR('',#1727,6.E-1);
#1729=CARTESIAN_POINT('',(-1.048309126116E2,1.085984394961E2,-5.E-1));
#1730=LINE('',#1729,#1728);
#1731=CARTESIAN_POINT('',(-1.054246909329E2,1.085122576819E2,-2.5E-1));
#1732=DIRECTION('',(1.436363636364E-1,-9.896305346145E-1,0.E0));
#1733=DIRECTION('',(-9.896305346145E-1,-1.436363636363E-1,0.E0));
#1734=AXIS2_PLACEMENT_3D('',#1731,#1732,#1733);
#1736=CARTESIAN_POINT('',(-1.054965091147E2,1.090070729492E2,-7.5E-1));
#1737=DIRECTION('',(0.E0,-1.994159748803E-14,1.E0));
#1738=DIRECTION('',(-9.896305346145E-1,-1.436363636364E-1,0.E0));
#1739=AXIS2_PLACEMENT_3D('',#1736,#1737,#1738);
#1741=CARTESIAN_POINT('',(-1.054246909329E2,1.085122576819E2,-7.5E-1));
#1742=DIRECTION('',(9.896305346145E-1,1.436363636364E-1,0.E0));
#1743=DIRECTION('',(-1.436363636363E-1,9.896305346145E-1,0.E0));
#1744=AXIS2_PLACEMENT_3D('',#1741,#1742,#1743);
#1746=CARTESIAN_POINT('',(-1.048309126121E2,1.085984395001E2,-7.5E-1));
#1747=DIRECTION('',(9.896305346145E-1,1.436363636364E-1,0.E0));
#1748=DIRECTION('',(-1.436363636363E-1,9.896305346145E-1,0.E0));
#1749=AXIS2_PLACEMENT_3D('',#1746,#1747,#1748);
#1751=DIRECTION('',(0.E0,-1.421085438524E-14,1.E0));
#1752=VECTOR('',#1751,1.000000023219E0);
#1753=CARTESIAN_POINT('',(-1.054606000238E2,1.087596653156E2,
-1.750000023236E0));
#1754=LINE('',#1753,#1752);
#1755=DIRECTION('',(-9.896305346145E-1,-1.436363636364E-1,-2.074488728946E-11));
#1756=VECTOR('',#1755,6.E-1);
#1757=CARTESIAN_POINT('',(-1.048668217030E2,1.088458471338E2,
-7.500000000044E-1));
#1758=LINE('',#1757,#1756);
#1759=DIRECTION('',(0.E0,1.421085470680E-14,1.E0));
#1760=VECTOR('',#1759,1.000000000591E0);
#1761=CARTESIAN_POINT('',(-1.048668217030E2,1.088458471338E2,
-1.750000000595E0));
#1762=LINE('',#1761,#1760);
#1763=DIRECTION('',(9.896305346145E-1,1.436363636364E-1,3.773472793493E-8));
#1764=VECTOR('',#1763,6.E-1);
#1765=CARTESIAN_POINT('',(-1.054606000238E2,1.087596653156E2,
-1.750000023236E0));
#1766=LINE('',#1765,#1764);
#1767=CARTESIAN_POINT('',(-1.054965091147E2,1.090070729492E2,-1.75E0));
#1768=DIRECTION('',(0.E0,0.E0,1.E0));
#1769=DIRECTION('',(-9.896305346145E-1,-1.436363636364E-1,0.E0));
#1770=AXIS2_PLACEMENT_3D('',#1767,#1768,#1769);
#1772=CARTESIAN_POINT('',(-1.054965091147E2,1.090070729492E2,-1.75E0));
#1773=DIRECTION('',(1.436363636364E-1,-9.896305346145E-1,0.E0));
#1774=DIRECTION('',(-9.896305346145E-1,-1.436363636363E-1,0.E0));
#1775=AXIS2_PLACEMENT_3D('',#1772,#1773,#1774);
#1777=CARTESIAN_POINT('',(-1.054965091147E2,1.090070729492E2,-1.75E0));
#1778=DIRECTION('',(-9.896305346145E-1,-1.436363636364E-1,0.E0));
#1779=DIRECTION('',(0.E0,0.E0,-1.E0));
#1780=AXIS2_PLACEMENT_3D('',#1777,#1778,#1779);
#1782=CARTESIAN_POINT('',(-1.049027307940E2,1.090932547674E2,-1.75E0));
#1783=DIRECTION('',(-9.896305346145E-1,-1.436363636364E-1,0.E0));
#1784=DIRECTION('',(0.E0,0.E0,-1.E0));
#1785=AXIS2_PLACEMENT_3D('',#1782,#1783,#1784);
#1787=DIRECTION('',(1.436363636364E-1,-9.896305346145E-1,0.E0));
#1788=VECTOR('',#1787,5.000000215774E-1);
#1789=CARTESIAN_POINT('',(-1.055683272999E2,1.095018882395E2,-2.E0));
#1790=LINE('',#1789,#1788);
#1791=DIRECTION('',(9.896305350156E-1,1.436363608728E-1,0.E0));
#1792=VECTOR('',#1791,6.E-1);
#1793=CARTESIAN_POINT('',(-1.054965091150E2,1.090070729509E2,-2.E0));
#1794=LINE('',#1793,#1792);
#1795=DIRECTION('',(1.436363636363E-1,-9.896305346145E-1,0.E0));
#1796=VECTOR('',#1795,5.000000006121E-1);
#1797=CARTESIAN_POINT('',(-1.049745489759E2,1.095880700353E2,-2.E0));
#1798=LINE('',#1797,#1796);
#1799=DIRECTION('',(9.896305400346E-1,1.436363262929E-1,0.E0));
#1800=VECTOR('',#1799,6.E-1);
#1801=CARTESIAN_POINT('',(-1.055683272999E2,1.095018882395E2,-2.E0));
#1802=LINE('',#1801,#1800);
#1803=CARTESIAN_POINT('',(-1.055683272965E2,1.095018882165E2,-1.75E0));
#1804=DIRECTION('',(1.436363636364E-1,-9.896305346145E-1,0.E0));
#1805=DIRECTION('',(-9.896305346145E-1,-1.436363636363E-1,0.E0));
#1806=AXIS2_PLACEMENT_3D('',#1803,#1804,#1805);
#1808=CARTESIAN_POINT('',(-1.055683272965E2,1.095018882165E2,-1.75E0));
#1809=DIRECTION('',(0.E0,0.E0,-1.E0));
#1810=DIRECTION('',(-9.896305346145E-1,-1.436363636363E-1,0.E0));
#1811=AXIS2_PLACEMENT_3D('',#1808,#1809,#1810);
#1813=CARTESIAN_POINT('',(-1.055683272965E2,1.095018882165E2,-1.75E0));
#1814=DIRECTION('',(-9.896305346145E-1,-1.436363636364E-1,0.E0));
#1815=DIRECTION('',(-1.436363636363E-1,9.896305346145E-1,0.E0));
#1816=AXIS2_PLACEMENT_3D('',#1813,#1814,#1815);
#1818=CARTESIAN_POINT('',(-1.049745489758E2,1.095880700347E2,-1.75E0));
#1819=DIRECTION('',(-9.896305346145E-1,-1.436363636364E-1,0.E0));
#1820=DIRECTION('',(-1.436363636363E-1,9.896305346145E-1,0.E0));
#1821=AXIS2_PLACEMENT_3D('',#1818,#1819,#1820);
#1823=DIRECTION('',(0.E0,0.E0,-1.E0));
#1824=VECTOR('',#1823,3.500000021577E0);
#1825=CARTESIAN_POINT('',(-1.056042363875E2,1.097492958502E2,1.750000023236E0));
#1826=LINE('',#1825,#1824);
#1827=DIRECTION('',(9.896305346145E-1,1.436363636363E-1,-2.792549524955E-9));
#1828=VECTOR('',#1827,6.E-1);
#1829=CARTESIAN_POINT('',(-1.056042363875E2,1.097492958502E2,
-1.749999998341E0));
#1830=LINE('',#1829,#1828);
#1831=DIRECTION('',(-1.218073261090E-14,0.E0,-1.E0));
#1832=VECTOR('',#1831,3.500000000612E0);
#1833=CARTESIAN_POINT('',(-1.050104580667E2,1.098354776684E2,1.750000000595E0));
#1834=LINE('',#1833,#1832);
#1835=DIRECTION('',(9.896305346145E-1,1.436363636364E-1,-3.773472460425E-8));
#1836=VECTOR('',#1835,6.000000000001E-1);
#1837=CARTESIAN_POINT('',(-1.056042363875E2,1.097492958502E2,1.750000023236E0));
#1838=LINE('',#1837,#1836);
#1839=CARTESIAN_POINT('',(-1.055683272965E2,1.095018882165E2,1.75E0));
#1840=DIRECTION('',(0.E0,0.E0,-1.E0));
#1841=DIRECTION('',(-9.896305346145E-1,-1.436363636363E-1,0.E0));
#1842=AXIS2_PLACEMENT_3D('',#1839,#1840,#1841);
#1844=CARTESIAN_POINT('',(-1.055683272965E2,1.095018882165E2,1.75E0));
#1845=DIRECTION('',(-1.436363636364E-1,9.896305346145E-1,0.E0));
#1846=DIRECTION('',(-9.896305346145E-1,-1.436363636363E-1,0.E0));
#1847=AXIS2_PLACEMENT_3D('',#1844,#1845,#1846);
#1849=CARTESIAN_POINT('',(-1.055683272965E2,1.095018882165E2,1.75E0));
#1850=DIRECTION('',(-9.896305346145E-1,-1.436363636364E-1,0.E0));
#1851=DIRECTION('',(0.E0,5.684341886081E-14,1.E0));
#1852=AXIS2_PLACEMENT_3D('',#1849,#1850,#1851);
#1854=CARTESIAN_POINT('',(-1.049745489758E2,1.095880700347E2,1.75E0));
#1855=DIRECTION('',(-9.896305346145E-1,-1.436363636364E-1,0.E0));
#1856=DIRECTION('',(0.E0,5.684341886081E-14,1.E0));
#1857=AXIS2_PLACEMENT_3D('',#1854,#1855,#1856);
#1859=DIRECTION('',(-1.436363636364E-1,9.896305346145E-1,0.E0));
#1860=VECTOR('',#1859,5.000000215774E-1);
#1861=CARTESIAN_POINT('',(-1.054965091114E2,1.090070729262E2,2.E0));
#1862=LINE('',#1861,#1860);
#1863=DIRECTION('',(9.896305342134E-1,1.436363663999E-1,0.E0));
#1864=VECTOR('',#1863,6.E-1);
#1865=CARTESIAN_POINT('',(-1.055683272963E2,1.095018882149E2,2.E0));
#1866=LINE('',#1865,#1864);
#1867=DIRECTION('',(-1.436363636364E-1,9.896305346145E-1,0.E0));
#1868=VECTOR('',#1867,5.000000006121E-1);
#1869=CARTESIAN_POINT('',(-1.049027307939E2,1.090932547668E2,2.E0));
#1870=LINE('',#1869,#1868);
#1871=DIRECTION('',(9.896305291944E-1,1.436364009798E-1,0.E0));
#1872=VECTOR('',#1871,6.E-1);
#1873=CARTESIAN_POINT('',(-1.054965091114E2,1.090070729262E2,2.E0));
#1874=LINE('',#1873,#1872);
#1875=CARTESIAN_POINT('',(-1.054965091147E2,1.090070729492E2,1.75E0));
#1876=DIRECTION('',(-1.436363636364E-1,9.896305346145E-1,0.E0));
#1877=DIRECTION('',(-9.896305346145E-1,-1.436363636363E-1,0.E0));
#1878=AXIS2_PLACEMENT_3D('',#1875,#1876,#1877);
#1880=CARTESIAN_POINT('',(-1.054965091147E2,1.090070729492E2,1.75E0));
#1881=DIRECTION('',(0.E0,0.E0,1.E0));
#1882=DIRECTION('',(-9.896305346145E-1,-1.436363636364E-1,0.E0));
#1883=AXIS2_PLACEMENT_3D('',#1880,#1881,#1882);
#1885=CARTESIAN_POINT('',(-1.054965091147E2,1.090070729492E2,1.75E0));
#1886=DIRECTION('',(-9.896305346145E-1,-1.436363636364E-1,0.E0));
#1887=DIRECTION('',(1.436363636363E-1,-9.896305346145E-1,0.E0));
#1888=AXIS2_PLACEMENT_3D('',#1885,#1886,#1887);
#1890=CARTESIAN_POINT('',(-1.049027307940E2,1.090932547674E2,1.75E0));
#1891=DIRECTION('',(-9.896305346145E-1,-1.436363636364E-1,0.E0));
#1892=DIRECTION('',(1.436363636363E-1,-9.896305346145E-1,0.E0));
#1893=AXIS2_PLACEMENT_3D('',#1890,#1891,#1892);
#1895=CARTESIAN_POINT('',(-1.051421100030E2,9.786279066680E1,4.E0));
#1896=DIRECTION('',(-1.436363636364E-1,9.896305346145E-1,0.E0));
#1897=DIRECTION('',(0.E0,0.E0,1.E0));
#1898=AXIS2_PLACEMENT_3D('',#1895,#1896,#1897);
#1900=DIRECTION('',(-1.436363636364E-1,9.896305346145E-1,0.E0));
#1901=VECTOR('',#1900,2.940955772676E1);
#1902=CARTESIAN_POINT('',(-1.051421100030E2,9.786279066680E1,6.E0));
#1903=LINE('',#1902,#1901);
#1904=CARTESIAN_POINT('',(-9.89E1,1.384E2,6.E0));
#1905=DIRECTION('',(0.E0,0.E0,-1.E0));
#1906=DIRECTION('',(-6.752510923257E-1,-7.375879353087E-1,0.E0));
#1907=AXIS2_PLACEMENT_3D('',#1904,#1905,#1906);
#1909=CARTESIAN_POINT('',(-1.328517649722E2,9.384097248498E1,6.E0));
#1910=DIRECTION('',(0.E0,0.E0,1.E0));
#1911=DIRECTION('',(9.996869865369E-1,-2.501857207631E-2,0.E0));
#1912=AXIS2_PLACEMENT_3D('',#1909,#1910,#1911);
#1914=DIRECTION('',(1.926577944279E-1,-9.812660058548E-1,0.E0));
#1915=VECTOR('',#1914,3.797089403978E1);
#1916=CARTESIAN_POINT('',(-1.121759180474E2,1.304E2,-6.E0));
#1917=LINE('',#1916,#1915);
#1918=DIRECTION('',(1.761011616343E-4,7.402571197888E-4,-9.999997105038E-1));
#1919=VECTOR('',#1918,8.000002315970E0);
#1920=CARTESIAN_POINT('',(-1.036505194504E2,8.696439853753E1,-4.E0));
#1921=LINE('',#1920,#1919);
#1922=DIRECTION('',(2.131628207280E-14,-1.184237892934E-13,1.E0));
#1923=VECTOR('',#1922,6.E0);
#1924=CARTESIAN_POINT('',(-1.121759180474E2,1.304E2,-1.2E1));
#1925=LINE('',#1924,#1923);
#1926=DIRECTION('',(-1.565343754079E-4,-6.580063686806E-4,-9.999997712623E-1));
#1927=VECTOR('',#1926,9.000002058640E0);
#1928=CARTESIAN_POINT('',(-1.036491106407E2,8.697032059620E1,1.3E1));
#1929=LINE('',#1928,#1927);
#1930=DIRECTION('',(1.926577944279E-1,-9.812660058548E-1,0.E0));
#1931=VECTOR('',#1930,3.797089403978E1);
#1932=CARTESIAN_POINT('',(-1.121759180474E2,1.304E2,6.E0));
#1933=LINE('',#1932,#1931);
#1934=DIRECTION('',(-2.131628207280E-14,1.184237892934E-13,1.E0));
#1935=VECTOR('',#1934,6.E0);
#1936=CARTESIAN_POINT('',(-1.121759180474E2,1.304E2,6.E0));
#1937=LINE('',#1936,#1935);
#1938=DIRECTION('',(0.E0,0.E0,-1.E0));
#1939=VECTOR('',#1938,8.E0);
#1940=CARTESIAN_POINT('',(-1.036505194504E2,8.696439853753E1,4.E0));
#1941=LINE('',#1940,#1939);
#1942=CARTESIAN_POINT('',(-9.1E1,8.397032059620E1,-1.3E1));
#1943=DIRECTION('',(0.E0,0.E0,1.E0));
#1944=DIRECTION('',(3.090169943749E-1,9.510565162952E-1,0.E0));
#1945=AXIS2_PLACEMENT_3D('',#1942,#1943,#1944);
#1947=DIRECTION('',(4.085364935236E-9,-1.327421728092E-9,1.E0));
#1948=VECTOR('',#1947,1.E0);
#1949=CARTESIAN_POINT('',(-8.698277907313E1,9.633405530804E1,-1.3E1));
#1950=LINE('',#1949,#1948);
#1951=CARTESIAN_POINT('',(-9.1E1,8.397032059620E1,-1.2E1));
#1952=DIRECTION('',(0.E0,0.E0,-1.E0));
#1953=DIRECTION('',(-9.730085108210E-1,2.307692307692E-1,0.E0));
#1954=AXIS2_PLACEMENT_3D('',#1951,#1952,#1953);
#1956=CARTESIAN_POINT('',(-1.043881878195E2,9.073467029956E1,-1.E1));
#1957=CARTESIAN_POINT('',(-1.043342910815E2,9.046015746710E1,-1.E1));
#1958=CARTESIAN_POINT('',(-1.042324118841E2,8.994125506073E1,
-1.004343263641E1));
#1959=CARTESIAN_POINT('',(-1.040975691203E2,8.925445896936E1,
-1.018957453953E1));
#1960=CARTESIAN_POINT('',(-1.039797083818E2,8.865415760882E1,
-1.038918524403E1));
#1961=CARTESIAN_POINT('',(-1.038767930912E2,8.812997805764E1,
-1.062853655394E1));
#1962=CARTESIAN_POINT('',(-1.037859898787E2,8.766748908407E1,
-1.091413933142E1));
#1963=CARTESIAN_POINT('',(-1.037142057899E2,8.730187041629E1,
-1.122872870926E1));
#1964=CARTESIAN_POINT('',(-1.036619674652E2,8.703580439828E1,
-1.159945716103E1));
#1965=CARTESIAN_POINT('',(-1.036491106407E2,8.697032059620E1,
-1.186254368446E1));
#1966=CARTESIAN_POINT('',(-1.036491106407E2,8.697032059620E1,-1.2E1));
#1968=CARTESIAN_POINT('',(-8.636474508438E1,9.823616834063E1,-1.2E1));
#1969=DIRECTION('',(9.510565162952E-1,-3.090169943749E-1,0.E0));
#1970=DIRECTION('',(0.E0,0.E0,1.E0));
#1971=AXIS2_PLACEMENT_3D('',#1968,#1969,#1970);
#1973=DIRECTION('',(0.E0,1.E0,0.E0));
#1974=VECTOR('',#1973,2.106116188115E1);
#1975=CARTESIAN_POINT('',(-2.6E1,5.015974482144E1,-1.E1));
#1976=LINE('',#1975,#1974);
#1977=DIRECTION('',(-1.E0,9.172230382622E-10,0.E0));
#1978=VECTOR('',#1977,6.E0);
#1979=CARTESIAN_POINT('',(-2.E1,5.015974481594E1,-1.E1));
#1980=LINE('',#1979,#1978);
#1981=DIRECTION('',(0.E0,1.E0,0.E0));
#1982=VECTOR('',#1981,6.778305029568E0);
#1983=CARTESIAN_POINT('',(-2.E1,5.015974481594E1,-1.E1));
#1984=LINE('',#1983,#1982);
#1985=CARTESIAN_POINT('',(-4.E1,5.693804984551E1,-1.E1));
#1986=DIRECTION('',(0.E0,0.E0,-1.E0));
#1987=DIRECTION('',(7.E-1,7.141428428543E-1,0.E0));
#1988=AXIS2_PLACEMENT_3D('',#1985,#1986,#1987);
#1990=DIRECTION('',(1.926577944279E-1,-9.812660058548E-1,0.E0));
#1991=VECTOR('',#1990,3.601916567271E1);
#1992=CARTESIAN_POINT('',(-1.113275608352E2,1.260790531334E2,-1.E1));
#1993=LINE('',#1992,#1991);
#1994=CARTESIAN_POINT('',(-9.1E1,8.397032059620E1,-1.E1));
#1995=DIRECTION('',(0.E0,0.E0,-1.E0));
#1996=DIRECTION('',(-8.925458546346E-1,4.509566468904E-1,0.E0));
#1997=AXIS2_PLACEMENT_3D('',#1994,#1995,#1996);
#1999=DIRECTION('',(9.510565162985E-1,-3.090169943646E-1,0.E0));
#2000=VECTOR('',#1999,2.925326445203E1);
#2001=CARTESIAN_POINT('',(-8.636474508417E1,9.823616834023E1,-1.E1));
#2002=LINE('',#2001,#2000);
#2003=DIRECTION('',(1.E0,0.E0,0.E0));
#2004=VECTOR('',#2003,4.761454907830E0);
#2005=CARTESIAN_POINT('',(-5.854323730406E1,8.919641248391E1,-1.E1));
#2006=LINE('',#2005,#2004);
#2007=DIRECTION('',(-8.470638945081E-1,5.314910710639E-1,0.E0));
#2008=VECTOR('',#2007,6.595310808602E0);
#2009=CARTESIAN_POINT('',(-5.378178239623E1,8.919641248391E1,-1.E1));
#2010=LINE('',#2009,#2008);
#2011=DIRECTION('',(-3.420201433257E-1,9.396926207859E-1,0.E0));
#2012=VECTOR('',#2011,2.027327419677E1);
#2013=CARTESIAN_POINT('',(-7.569649404414E1,1.129035113369E2,-1.E1));
#2014=LINE('',#2013,#2012);
#2015=CARTESIAN_POINT('',(-2.6E1,5.015974481594E1,-1.8E1));
#2016=DIRECTION('',(0.E0,1.E0,0.E0));
#2017=DIRECTION('',(-1.E0,0.E0,0.E0));
#2018=AXIS2_PLACEMENT_3D('',#2015,#2016,#2017);
#2020=CARTESIAN_POINT('',(-2.6E1,7.122090670259E1,-1.E1));
#2021=CARTESIAN_POINT('',(-2.639338305777E1,7.160649922542E1,-1.E1));
#2022=CARTESIAN_POINT('',(-2.717952593077E1,7.231353667488E1,
-1.005803513438E1));
#2023=CARTESIAN_POINT('',(-2.832736263949E1,7.319748649220E1,
-1.031680739408E1));
#2024=CARTESIAN_POINT('',(-2.903433923323E1,7.366860500908E1,
-1.058852856542E1));
#2025=CARTESIAN_POINT('',(-2.937017857872E1,7.387932773567E1,
-1.074452645601E1));
#2027=CARTESIAN_POINT('',(-2.937017857872E1,7.387932773567E1,
-1.074452645601E1));
#2028=CARTESIAN_POINT('',(-3.081246807021E1,7.478429369111E1,
-1.141447213482E1));
#2029=CARTESIAN_POINT('',(-3.241698631240E1,7.579105023523E1,
-1.286883847786E1));
#2030=CARTESIAN_POINT('',(-3.370748558362E1,7.660077526815E1,
-1.549059627944E1));
#2031=CARTESIAN_POINT('',(-3.4E1,7.678431372549E1,-1.708512438410E1));
#2032=CARTESIAN_POINT('',(-3.4E1,7.678431372549E1,-1.8E1));
#2034=CARTESIAN_POINT('',(-3.4E1,8.5E1,-4.222949016875E1));
#2035=DIRECTION('',(1.E0,0.E0,0.E0));
#2036=DIRECTION('',(0.E0,-1.E0,0.E0));
#2037=AXIS2_PLACEMENT_3D('',#2034,#2035,#2036);
#2039=DIRECTION('',(0.E0,1.E0,0.E0));
#2040=VECTOR('',#2039,1.628014055507E1);
#2041=CARTESIAN_POINT('',(-3.4E1,6.055277818615E1,-4.8E1));
#2042=LINE('',#2041,#2040);
#2043=DIRECTION('',(0.E0,7.071067811865E-1,-7.071067811866E-1));
#2044=VECTOR('',#2043,1.852004741637E1);
#2045=CARTESIAN_POINT('',(-3.4E1,4.286936169645E1,-4.954703122612E1));
#2046=LINE('',#2045,#2044);
#2047=CARTESIAN_POINT('',(-3.4E1,0.E0,0.E0));
#2048=DIRECTION('',(1.E0,0.E0,0.E0));
#2049=DIRECTION('',(0.E0,5.869570325312E-1,-8.096180840138E-1));
#2050=AXIS2_PLACEMENT_3D('',#2047,#2048,#2049);
#2052=CARTESIAN_POINT('',(-3.4E1,5.015974481594E1,-2.E1));
#2053=DIRECTION('',(-1.E0,0.E0,0.E0));
#2054=DIRECTION('',(0.E0,-9.288841632581E-1,3.703703703704E-1));
#2055=AXIS2_PLACEMENT_3D('',#2052,#2053,#2054);
#2057=DIRECTION('',(0.E0,1.E0,-2.081623690418E-14));
#2058=VECTOR('',#2057,2.662456890955E1);
#2059=CARTESIAN_POINT('',(-3.4E1,5.015974481594E1,-1.8E1));
#2060=LINE('',#2059,#2058);
#2061=DIRECTION('',(0.E0,0.E0,1.E0));
#2062=VECTOR('',#2061,2.298903698512E0);
#2063=CARTESIAN_POINT('',(-3.4E1,7.678431372549E1,-2.029890369851E1));
#2064=LINE('',#2063,#2062);
#2065=DIRECTION('',(0.E0,0.E0,1.E0));
#2066=VECTOR('',#2065,1.622949016875E1);
#2067=CARTESIAN_POINT('',(-3.4E1,7.5E1,-4.222949016875E1));
#2068=LINE('',#2067,#2066);
#2069=DIRECTION('',(0.E0,1.E0,0.E0));
#2070=VECTOR('',#2069,1.700462125306E1);
#2071=CARTESIAN_POINT('',(-3.4E1,-7.755739943921E1,-4.8E1));
#2072=LINE('',#2071,#2070);
#2073=DIRECTION('',(0.E0,5.735764363510E-1,8.191520442890E-1));
#2074=VECTOR('',#2073,2.527698538867E1);
#2075=CARTESIAN_POINT('',(-3.4E1,-7.755739943921E1,-4.8E1));
#2076=LINE('',#2075,#2074);
#2077=DIRECTION('',(0.E0,-1.E0,0.E0));
#2078=VECTOR('',#2077,1.332009156800E1);
#2079=CARTESIAN_POINT('',(-3.4E1,-4.914264950122E1,-2.4E1));
#2080=LINE('',#2079,#2078);
#2081=CARTESIAN_POINT('',(-3.4E1,-4.914264950122E1,-4.1E1));
#2082=DIRECTION('',(1.E0,0.E0,0.E0));
#2083=DIRECTION('',(0.E0,7.678538984566E-1,6.40625E-1));
#2084=AXIS2_PLACEMENT_3D('',#2081,#2082,#2083);
#2086=CARTESIAN_POINT('',(-3.4E1,0.E0,0.E0));
#2087=DIRECTION('',(-1.E0,0.E0,0.E0));
#2088=DIRECTION('',(0.E0,-6.664727651199E-1,-7.455293779278E-1));
#2089=AXIS2_PLACEMENT_3D('',#2086,#2087,#2088);
#2091=CARTESIAN_POINT('',(-3.4E1,-2.645873075657E1,-3.389595207029E1));
#2092=DIRECTION('',(-1.E0,0.E0,0.E0));
#2093=DIRECTION('',(0.E0,-7.789706909463E-1,-6.270603341359E-1));
#2094=AXIS2_PLACEMENT_3D('',#2091,#2092,#2093);
#2096=DIRECTION('',(0.E0,7.071067811865E-1,7.071067811865E-1));
#2097=VECTOR('',#2096,3.622002967951E1);
#2098=CARTESIAN_POINT('',(-3.4E1,-5.596501281246E1,-6.264268234213E1));
#2099=LINE('',#2098,#2097);
#2100=DIRECTION('',(-1.E0,0.E0,0.E0));
#2101=VECTOR('',#2100,1.205603294202E1);
#2102=CARTESIAN_POINT('',(-3.4E1,7.5E1,-4.222949016875E1));
#2103=LINE('',#2102,#2101);
#2104=CARTESIAN_POINT('',(-4.6E1,7.515798318750E1,-4.4E1));
#2105=CARTESIAN_POINT('',(-4.6E1,7.510555447452E1,-4.370855610878E1));
#2106=CARTESIAN_POINT('',(-4.600912163576E1,7.502651146470E1,
-4.312048928096E1));
#2107=CARTESIAN_POINT('',(-4.603720432778E1,7.5E1,-4.252666229784E1));
#2108=CARTESIAN_POINT('',(-4.605603294202E1,7.5E1,-4.222949016875E1));
#2110=DIRECTION('',(1.E0,0.E0,0.E0));
#2111=VECTOR('',#2110,7.367275246759E-1);
#2112=CARTESIAN_POINT('',(-4.673672752468E1,7.683291874122E1,-4.8E1));
#2113=LINE('',#2112,#2111);
#2114=CARTESIAN_POINT('',(-4.673672752468E1,7.683291874122E1,-4.8E1));
#2115=CARTESIAN_POINT('',(-4.685052604726E1,7.697035971346E1,
-4.819452208234E1));
#2116=CARTESIAN_POINT('',(-4.709962212733E1,7.726300300013E1,
-4.857931420978E1));
#2117=CARTESIAN_POINT('',(-4.752792637783E1,7.776086968759E1,
-4.914252619331E1));
#2118=CARTESIAN_POINT('',(-4.783989659458E1,7.813444327892E1,
-4.950515742107E1));
#2119=CARTESIAN_POINT('',(-4.8E1,7.833333333333E1,-4.968305009375E1));
#2121=CARTESIAN_POINT('',(-3.2E1,7.833333333333E1,-4.968305009375E1));
#2122=CARTESIAN_POINT('',(-3.216010896912E1,7.813443636735E1,
-4.950515123917E1));
#2123=CARTESIAN_POINT('',(-3.247208645282E1,7.776085462995E1,
-4.914251061943E1));
#2124=CARTESIAN_POINT('',(-3.290038676333E1,7.726299269204E1,
-4.857930122749E1));
#2125=CARTESIAN_POINT('',(-3.314947740782E1,7.697035554056E1,
-4.819451617637E1));
#2126=CARTESIAN_POINT('',(-3.326327247532E1,7.683291874122E1,-4.8E1));
#2128=DIRECTION('',(1.E0,0.E0,0.E0));
#2129=VECTOR('',#2128,7.367275246759E-1);
#2130=CARTESIAN_POINT('',(-3.4E1,7.683291874122E1,-4.8E1));
#2131=LINE('',#2130,#2129);
#2132=DIRECTION('',(-1.E0,0.E0,0.E0));
#2133=VECTOR('',#2132,1.855238941047E1);
#2134=CARTESIAN_POINT('',(-3.4E1,7.5E1,-2.6E1));
#2135=LINE('',#2134,#2133);
#2136=CARTESIAN_POINT('',(-4.6E1,8.5E1,-2.6E1));
#2137=DIRECTION('',(1.E0,0.E0,0.E0));
#2138=DIRECTION('',(0.E0,-6.862745098037E-2,9.976423572463E-1));
#2139=AXIS2_PLACEMENT_3D('',#2136,#2137,#2138);
#2141=CARTESIAN_POINT('',(-5.255238941047E1,7.5E1,-2.6E1));
#2142=CARTESIAN_POINT('',(-5.323052181751E1,7.5E1,-2.519198223365E1));
#2143=CARTESIAN_POINT('',(-5.477020748107E1,7.519784650810E1,
-2.354401190414E1));
#2144=CARTESIAN_POINT('',(-5.764857010716E1,7.612319083640E1,
-2.115937291009E1));
#2145=CARTESIAN_POINT('',(-6.111750141430E1,7.767327605559E1,
-1.901850525010E1));
#2146=CARTESIAN_POINT('',(-6.385055617680E1,7.911704955825E1,
-1.785875816711E1));
#2147=CARTESIAN_POINT('',(-6.531589240736E1,7.992969970705E1,
-1.738071610055E1));
#2149=CARTESIAN_POINT('',(-3.4E1,8.5E1,-2.6E1));
#2150=DIRECTION('',(-1.E0,0.E0,0.E0));
#2151=DIRECTION('',(0.E0,-1.E0,0.E0));
#2152=AXIS2_PLACEMENT_3D('',#2149,#2150,#2151);
#2154=CARTESIAN_POINT('',(-4.6E1,8.431372549020E1,-1.602357642754E1));
#2155=CARTESIAN_POINT('',(-4.381179533044E1,8.294073432498E1,
-1.611802398502E1));
#2156=CARTESIAN_POINT('',(-4.065130146147E1,8.095767934838E1,
-1.665975739377E1));
#2157=CARTESIAN_POINT('',(-3.671505853208E1,7.848787986327E1,
-1.829425922100E1));
#2158=CARTESIAN_POINT('',(-3.486918143040E1,7.732968246614E1,
-1.951298845693E1));
#2159=CARTESIAN_POINT('',(-3.4E1,7.678431372549E1,-2.029890369851E1));
#2161=CARTESIAN_POINT('',(-4.606634310732E1,1.287663464159E1,
-4.207365304210E1));
#2162=CARTESIAN_POINT('',(-4.609182107314E1,1.408379754693E1,
-4.170420103209E1));
#2163=CARTESIAN_POINT('',(-4.614652044916E1,1.654385691552E1,
-4.111616425340E1));
#2164=CARTESIAN_POINT('',(-4.619520724880E1,2.041084148584E1,
-4.070084743355E1));
#2165=CARTESIAN_POINT('',(-4.618343578741E1,2.436494524549E1,
-4.079340388431E1));
#2166=CARTESIAN_POINT('',(-4.611648187694E1,2.821332299946E1,
-4.141264532622E1));
#2167=CARTESIAN_POINT('',(-4.604068151512E1,3.150028086951E1,
-4.234487105306E1));
#2168=CARTESIAN_POINT('',(-4.6E1,3.397698163440E1,-4.337175073620E1));
#2169=CARTESIAN_POINT('',(-4.6E1,3.521675709904E1,-4.4E1));
#2171=CARTESIAN_POINT('',(-7.4E1,7.5E1,-4.4E1));
#2172=DIRECTION('',(0.E0,-1.E0,0.E0));
#2173=DIRECTION('',(9.979988234993E-1,0.E0,6.323249397317E-2));
#2174=AXIS2_PLACEMENT_3D('',#2171,#2172,#2173);
#2176=CARTESIAN_POINT('',(-6.531589240736E1,7.992969970705E1,
-1.738071610055E1));
#2177=CARTESIAN_POINT('',(-6.555619649114E1,7.840221269154E1,
-1.730232080914E1));
#2178=CARTESIAN_POINT('',(-6.629530097614E1,7.543623741048E1,
-1.706612336829E1));
#2179=CARTESIAN_POINT('',(-6.822102219845E1,7.114318051974E1,
-1.656889908529E1));
#2180=CARTESIAN_POINT('',(-7.086010673454E1,6.732282427062E1,
-1.612656844650E1));
#2181=CARTESIAN_POINT('',(-7.290496545356E1,6.524428850581E1,-1.6E1));
#2182=CARTESIAN_POINT('',(-7.4E1,6.429800502330E1,-1.6E1));
#2184=CARTESIAN_POINT('',(-5.854323730406E1,8.919641248391E1,-1.E1));
#2185=CARTESIAN_POINT('',(-5.742568048168E1,8.882504362045E1,
-1.000000000082E1));
#2186=CARTESIAN_POINT('',(-5.518615749976E1,8.808084025600E1,
-1.000462928433E1));
#2187=CARTESIAN_POINT('',(-5.184391367692E1,8.697020024442E1,
-1.002521228182E1));
#2188=CARTESIAN_POINT('',(-4.956671110325E1,8.621347188055E1,
-1.004863952946E1));
#2189=CARTESIAN_POINT('',(-4.842087435639E1,8.583270548004E1,
-1.006288043319E1));
#2191=CARTESIAN_POINT('',(-4.842088429107E1,8.583271171205E1,
-1.006288020446E1));
#2192=CARTESIAN_POINT('',(-5.020767379225E1,8.695383453631E1,
-1.002094955649E1));
#2193=CARTESIAN_POINT('',(-5.199463991579E1,8.807506818246E1,-1.E1));
#2194=CARTESIAN_POINT('',(-5.378178239623E1,8.919641248391E1,-1.E1));
#2196=CARTESIAN_POINT('',(-7.4E1,5.688542364110E1,-1.6E1));
#2197=CARTESIAN_POINT('',(-7.316816193602E1,5.688542364110E1,-1.6E1));
#2198=CARTESIAN_POINT('',(-7.146742887611E1,5.669701399983E1,
-1.607197537384E1));
#2199=CARTESIAN_POINT('',(-6.872496165218E1,5.571904943509E1,
-1.645419341964E1));
#2200=CARTESIAN_POINT('',(-6.602952133993E1,5.411511770769E1,
-1.711053110352E1));
#2201=CARTESIAN_POINT('',(-6.336291725559E1,5.197007532251E1,
-1.804552450762E1));
#2202=CARTESIAN_POINT('',(-6.069112093736E1,4.930071829583E1,
-1.930458403394E1));
#2203=CARTESIAN_POINT('',(-5.807775678057E1,4.621714120835E1,
-2.089574177877E1));
#2204=CARTESIAN_POINT('',(-5.547505122374E1,4.268027406890E1,
-2.291188972312E1));
#2205=CARTESIAN_POINT('',(-5.293906206372E1,3.873250764008E1,
-2.542268651848E1));
#2206=CARTESIAN_POINT('',(-5.048797895348E1,3.430659167837E1,
-2.859493029337E1));
#2207=CARTESIAN_POINT('',(-4.898771534373E1,3.100507302057E1,
-3.130458717763E1));
#2208=CARTESIAN_POINT('',(-4.832197233191E1,2.928837424845E1,
-3.283582089552E1));
#2210=DIRECTION('',(1.E0,7.197024926409E-14,0.E0));
#2211=VECTOR('',#2210,9.872728565283E-2);
#2212=CARTESIAN_POINT('',(-7.409872728565E1,5.688542364110E1,-1.6E1));
#2213=LINE('',#2212,#2211);
#2214=CARTESIAN_POINT('',(-7.409872728565E1,5.688542364110E1,-1.6E1));
#2215=CARTESIAN_POINT('',(-7.139210713316E1,5.505933613387E1,
-1.670241301276E1));
#2216=CARTESIAN_POINT('',(-6.869823209910E1,5.324184743261E1,
-1.746977292150E1));
#2217=CARTESIAN_POINT('',(-6.601781373295E1,5.143343760160E1,
-1.830570565800E1));
#2219=CARTESIAN_POINT('',(-6.601781373295E1,5.143343760160E1,
-1.830570565800E1));
#2220=CARTESIAN_POINT('',(-6.493424165044E1,5.070237918499E1,
-1.864363550789E1));
#2221=CARTESIAN_POINT('',(-6.289052977247E1,4.907863692615E1,
-1.941749805074E1));
#2222=CARTESIAN_POINT('',(-6.018966229043E1,4.613593143355E1,
-2.094192494236E1));
#2223=CARTESIAN_POINT('',(-5.796626711607E1,4.274678252341E1,
-2.287627151362E1));
#2224=CARTESIAN_POINT('',(-5.632289238597E1,3.907279019692E1,
-2.520171998365E1));
#2225=CARTESIAN_POINT('',(-5.525429860463E1,3.502809947746E1,
-2.806323370208E1));
#2226=CARTESIAN_POINT('',(-5.5E1,3.216940348060E1,-3.034648805161E1));
#2227=CARTESIAN_POINT('',(-5.5E1,3.070909280632E1,-3.159507739255E1));
#2229=CARTESIAN_POINT('',(-5.5E1,8.919641248391E1,-1.E2));
#2230=DIRECTION('',(1.E0,0.E0,0.E0));
#2231=DIRECTION('',(0.E0,-6.498591075288E-1,7.600546956383E-1));
#2232=AXIS2_PLACEMENT_3D('',#2229,#2230,#2231);
#2234=CARTESIAN_POINT('',(-4.6E1,8.431372549020E1,-1.025102008869E1));
#2235=CARTESIAN_POINT('',(-4.617487901467E1,8.442345349940E1,
-1.022718625099E1));
#2236=CARTESIAN_POINT('',(-4.653761918503E1,8.465105517487E1,
-1.018270774515E1));
#2237=CARTESIAN_POINT('',(-4.711952807387E1,8.501617447791E1,
-1.012751984825E1));
#2238=CARTESIAN_POINT('',(-4.774343016500E1,8.540764245576E1,
-1.008562208080E1));
#2239=CARTESIAN_POINT('',(-4.819007667828E1,8.568789125064E1,
-1.006829656569E1));
#2240=CARTESIAN_POINT('',(-4.842087435639E1,8.583270548004E1,
-1.006288043319E1));
#2242=CARTESIAN_POINT('',(-5.854323730406E1,8.919641248391E1,-1.2E1));
#2243=DIRECTION('',(9.510565162952E-1,-3.090169943749E-1,0.E0));
#2244=DIRECTION('',(0.E0,0.E0,1.E0));
#2245=AXIS2_PLACEMENT_3D('',#2242,#2243,#2244);
#2247=DIRECTION('',(-8.470638945081E-1,5.314910710639E-1,0.E0));
#2248=VECTOR('',#2247,3.541439278787E1);
#2249=CARTESIAN_POINT('',(-2.937017857872E1,7.387932773567E1,6.E0));
#2250=LINE('',#2249,#2248);
#2251=DIRECTION('',(0.E0,0.E0,1.E0));
#2252=VECTOR('',#2251,5.312945378195E0);
#2253=CARTESIAN_POINT('',(-2.937017857872E1,7.387932773567E1,6.E0));
#2254=LINE('',#2253,#2252);
#2255=CARTESIAN_POINT('',(-5.378178239623E1,8.919641248391E1,1.E1));
#2256=CARTESIAN_POINT('',(-5.104456303983E1,8.747894151519E1,9.999993322306E0));
#2257=CARTESIAN_POINT('',(-4.558647800080E1,8.405426070638E1,1.009816077508E1));
#2258=CARTESIAN_POINT('',(-3.743274772322E1,7.893819464987E1,1.053753831678E1));
#2259=CARTESIAN_POINT('',(-3.205051957140E1,7.556111031931E1,1.102244736561E1));
#2260=CARTESIAN_POINT('',(-2.937017857872E1,7.387932773567E1,1.131294537820E1));
#2262=CARTESIAN_POINT('',(-5.4265625E1,8.95E1,1.E1));
#2263=CARTESIAN_POINT('',(-5.410434413208E1,8.939880416130E1,1.E1));
#2264=CARTESIAN_POINT('',(-5.394306326416E1,8.929760832261E1,1.E1));
#2265=CARTESIAN_POINT('',(-5.378178239623E1,8.919641248391E1,1.E1));
#2267=DIRECTION('',(0.E0,0.E0,1.E0));
#2268=VECTOR('',#2267,4.E0);
#2269=CARTESIAN_POINT('',(-5.936843205526E1,9.270176128957E1,6.E0));
#2270=LINE('',#2269,#2268);
#2271=DIRECTION('',(0.E0,0.E0,1.E0));
#2272=VECTOR('',#2271,4.744526456011E0);
#2273=CARTESIAN_POINT('',(-2.937017857872E1,7.387932773567E1,
-1.074452645601E1));
#2274=LINE('',#2273,#2272);
#2275=DIRECTION('',(-8.470638945081E-1,5.314910710639E-1,0.E0));
#2276=VECTOR('',#2275,3.541439278787E1);
#2277=CARTESIAN_POINT('',(-2.937017857872E1,7.387932773567E1,-6.E0));
#2278=LINE('',#2277,#2276);
#2279=DIRECTION('',(0.E0,0.E0,1.E0));
#2280=VECTOR('',#2279,4.E0);
#2281=CARTESIAN_POINT('',(-5.936843205526E1,9.270176128957E1,-1.E1));
#2282=LINE('',#2281,#2280);
#2283=DIRECTION('',(8.536392803366E-1,-5.208646456291E-1,0.E0));
#2284=VECTOR('',#2283,4.744890744861E1);
#2285=CARTESIAN_POINT('',(-6.429765269631E1,9.337198621411E1,6.E0));
#2286=LINE('',#2285,#2284);
#2287=CARTESIAN_POINT('',(-9.89E1,1.384E2,6.E0));
#2288=DIRECTION('',(0.E0,0.E0,-1.E0));
#2289=DIRECTION('',(9.765886601987E-1,-2.151152918118E-1,0.E0));
#2290=AXIS2_PLACEMENT_3D('',#2287,#2288,#2289);
#2292=DIRECTION('',(2.588190451025E-1,-9.659258262891E-1,0.E0));
#2293=VECTOR('',#2292,1.561203365601E1);
#2294=CARTESIAN_POINT('',(-8.525066920435E1,1.310552216622E2,6.E0));
#2295=LINE('',#2294,#2293);
#2296=CARTESIAN_POINT('',(-4.450479616240E1,1.258102788669E2,6.E0));
#2297=DIRECTION('',(0.E0,0.E0,1.E0));
#2298=DIRECTION('',(-9.659258262891E-1,-2.588190451025E-1,0.E0));
#2299=AXIS2_PLACEMENT_3D('',#2296,#2297,#2298);
#2301=CARTESIAN_POINT('',(-6.429765269631E1,9.337198621411E1,4.E0));
#2302=DIRECTION('',(8.536392803366E-1,-5.208646456291E-1,0.E0));
#2303=DIRECTION('',(0.E0,0.E0,1.E0));
#2304=AXIS2_PLACEMENT_3D('',#2301,#2302,#2303);
#2306=CARTESIAN_POINT('',(-2.171827053507E1,6.504843625869E1,4.E0));
#2307=CARTESIAN_POINT('',(-2.171827053507E1,6.504843625869E1,4.149908843570E0));
#2308=CARTESIAN_POINT('',(-2.174222246719E1,6.510271471126E1,4.448279523651E0));
#2309=CARTESIAN_POINT('',(-2.184965358928E1,6.534071472691E1,4.870739611662E0));
#2310=CARTESIAN_POINT('',(-2.203227020645E1,6.572661935741E1,5.244370739826E0));
#2311=CARTESIAN_POINT('',(-2.227058318829E1,6.619957379180E1,5.531596114131E0));
#2312=CARTESIAN_POINT('',(-2.255970218494E1,6.673473015054E1,5.745453120215E0));
#2313=CARTESIAN_POINT('',(-2.290484110964E1,6.732701525965E1,5.894367297379E0));
#2314=CARTESIAN_POINT('',(-2.331240145580E1,6.797141080644E1,5.981639105925E0));
#2315=CARTESIAN_POINT('',(-2.362552334477E1,6.842537299819E1,6.E0));
#2316=CARTESIAN_POINT('',(-2.379340148912E1,6.865752785039E1,6.E0));
#2318=CARTESIAN_POINT('',(-8.120997756139E1,1.159751551530E2,4.E0));
#2319=DIRECTION('',(2.588190451025E-1,-9.659258262891E-1,0.E0));
#2320=DIRECTION('',(0.E0,0.E0,1.E0));
#2321=AXIS2_PLACEMENT_3D('',#2318,#2319,#2320);
#2323=DIRECTION('',(-2.588190451025E-1,9.659258262891E-1,0.E0));
#2324=VECTOR('',#2323,1.382672357311E1);
#2325=CARTESIAN_POINT('',(-8.314182921397E1,1.154575170628E2,-4.E0));
#2326=LINE('',#2325,#2324);
#2327=DIRECTION('',(-3.659295089165E-13,1.374900193696E-12,-1.E0));
#2328=VECTOR('',#2327,8.E0);
#2329=CARTESIAN_POINT('',(-8.314182921397E1,1.154575170628E2,4.E0));
#2330=LINE('',#2329,#2328);
#2331=DIRECTION('',(2.588190451025E-1,-9.659258262891E-1,0.E0));
#2332=VECTOR('',#2331,1.382672357312E1);
#2333=CARTESIAN_POINT('',(-8.672044860606E1,1.288131064550E2,4.E0));
#2334=LINE('',#2333,#2332);
#2335=DIRECTION('',(0.E0,0.E0,1.E0));
#2336=VECTOR('',#2335,8.E0);
#2337=CARTESIAN_POINT('',(-8.672044860606E1,1.288131064550E2,-4.E0));
#2338=LINE('',#2337,#2336);
#2339=CARTESIAN_POINT('',(-8.120997756139E1,1.159751551530E2,-4.E0));
#2340=DIRECTION('',(-2.588190451025E-1,9.659258262891E-1,0.E0));
#2341=DIRECTION('',(2.131628207280E-14,0.E0,-1.E0));
#2342=AXIS2_PLACEMENT_3D('',#2339,#2340,#2341);
#2344=DIRECTION('',(-2.588190451025E-1,9.659258262891E-1,0.E0));
#2345=VECTOR('',#2344,1.561203365601E1);
#2346=CARTESIAN_POINT('',(-8.120997756139E1,1.159751551530E2,-6.E0));
#2347=LINE('',#2346,#2345);
#2348=CARTESIAN_POINT('',(-9.89E1,1.384E2,-6.E0));
#2349=DIRECTION('',(0.E0,0.E0,-1.E0));
#2350=DIRECTION('',(9.765886601987E-1,-2.151152918118E-1,0.E0));
#2351=AXIS2_PLACEMENT_3D('',#2348,#2349,#2350);
#2353=DIRECTION('',(-8.536392803366E-1,5.208646456291E-1,0.E0));
#2354=VECTOR('',#2353,4.744890744861E1);
#2355=CARTESIAN_POINT('',(-2.379340148912E1,6.865752785039E1,-6.E0));
#2356=LINE('',#2355,#2354);
#2357=CARTESIAN_POINT('',(-4.450479616240E1,1.258102788669E2,-6.E0));
#2358=DIRECTION('',(0.E0,0.E0,-1.E0));
#2359=DIRECTION('',(-5.208646456291E-1,-8.536392803366E-1,0.E0));
#2360=AXIS2_PLACEMENT_3D('',#2357,#2358,#2359);
#2362=DIRECTION('',(-3.420201433257E-1,9.396926207859E-1,0.E0));
#2363=VECTOR('',#2362,2.358452237446E1);
#2364=CARTESIAN_POINT('',(-7.569649404414E1,1.129035113369E2,-6.E0));
#2365=LINE('',#2364,#2363);
#2366=DIRECTION('',(0.E0,0.E0,1.E0));
#2367=VECTOR('',#2366,4.E0);
#2368=CARTESIAN_POINT('',(-7.569649404414E1,1.129035113369E2,-1.E1));
#2369=LINE('',#2368,#2367);
#2370=DIRECTION('',(-3.420201433257E-1,9.396926207859E-1,0.E0));
#2371=VECTOR('',#2370,2.358452237446E1);
#2372=CARTESIAN_POINT('',(-7.569649404414E1,1.129035113369E2,6.E0));
#2373=LINE('',#2372,#2371);
#2374=DIRECTION('',(0.E0,0.E0,1.E0));
#2375=VECTOR('',#2374,4.E0);
#2376=CARTESIAN_POINT('',(-7.569649404414E1,1.129035113369E2,6.E0));
#2377=LINE('',#2376,#2375);
#2378=CARTESIAN_POINT('',(-9.89E1,1.384E2,1.2E1));
#2379=DIRECTION('',(0.E0,0.E0,1.E0));
#2380=DIRECTION('',(0.E0,-1.E0,0.E0));
#2381=AXIS2_PLACEMENT_3D('',#2378,#2379,#2380);
#2383=DIRECTION('',(-4.619707283382E-9,0.E0,1.E0));
#2384=VECTOR('',#2383,1.E0);
#2385=CARTESIAN_POINT('',(-9.889999999538E1,1.229E2,1.2E1));
#2386=LINE('',#2385,#2384);
#2387=DIRECTION('',(0.E0,0.E0,-1.E0));
#2388=VECTOR('',#2387,2.E0);
#2389=CARTESIAN_POINT('',(-8.376287576692E1,1.350657129769E2,1.2E1));
#2390=LINE('',#2389,#2388);
#2391=CARTESIAN_POINT('',(-9.89E1,1.384E2,-1.2E1));
#2392=DIRECTION('',(0.E0,0.E0,-1.E0));
#2393=DIRECTION('',(9.765886601987E-1,-2.151152918118E-1,0.E0));
#2394=AXIS2_PLACEMENT_3D('',#2391,#2392,#2393);
#2396=DIRECTION('',(0.E0,0.E0,1.E0));
#2397=VECTOR('',#2396,2.E0);
#2398=CARTESIAN_POINT('',(-8.376287576692E1,1.350657129769E2,-1.2E1));
#2399=LINE('',#2398,#2397);
#2400=DIRECTION('',(-4.204565584587E-10,0.E0,1.E0));
#2401=VECTOR('',#2400,1.E0);
#2402=CARTESIAN_POINT('',(-9.89E1,1.229E2,-1.3E1));
#2403=LINE('',#2402,#2401);
#2404=CARTESIAN_POINT('',(-8.376287576692E1,1.350657129769E2,1.2E1));
#2405=CARTESIAN_POINT('',(-8.376287576692E1,1.350657129769E2,1.185042294891E1));
#2406=CARTESIAN_POINT('',(-8.374181097549E1,1.350078379381E2,1.156090785590E1));
#2407=CARTESIAN_POINT('',(-8.365381966688E1,1.347660838046E2,1.114962950845E1));
#2408=CARTESIAN_POINT('',(-8.351598027045E1,1.343873731754E2,1.077853724263E1));
#2409=CARTESIAN_POINT('',(-8.334381250429E1,1.339143461255E2,1.047086661036E1));
#2410=CARTESIAN_POINT('',(-8.314057789869E1,1.333559636358E2,1.022433256461E1));
#2411=CARTESIAN_POINT('',(-8.290390296748E1,1.327057046065E2,1.004961895270E1));
#2412=CARTESIAN_POINT('',(-8.272513218845E1,1.322145359279E2,1.E1));
#2413=CARTESIAN_POINT('',(-8.263036219060E1,1.319541574988E2,1.E1));
#2415=CARTESIAN_POINT('',(-9.89E1,1.384E2,1.E1));
#2416=DIRECTION('',(0.E0,0.E0,-1.E0));
#2417=DIRECTION('',(9.296935891086E-1,-3.683338572143E-1,0.E0));
#2418=AXIS2_PLACEMENT_3D('',#2415,#2416,#2417);
#2420=CARTESIAN_POINT('',(-1.113275608352E2,1.260790531334E2,1.E1));
#2421=CARTESIAN_POINT('',(-1.113775212609E2,1.263335171045E2,1.E1));
#2422=CARTESIAN_POINT('',(-1.114725594433E2,1.268175760958E2,1.003047944288E1));
#2423=CARTESIAN_POINT('',(-1.116000887698E2,1.274671225789E2,1.013418043207E1));
#2424=CARTESIAN_POINT('',(-1.117138793198E2,1.280466932048E2,1.027592660316E1));
#2425=CARTESIAN_POINT('',(-1.118155618417E2,1.285645938819E2,1.044463456961E1));
#2426=CARTESIAN_POINT('',(-1.119072124201E2,1.290313987536E2,1.063633514221E1));
#2427=CARTESIAN_POINT('',(-1.119906506988E2,1.294563758314E2,1.085451036207E1));
#2428=CARTESIAN_POINT('',(-1.120619047097E2,1.298192946475E2,1.109194550810E1));
#2429=CARTESIAN_POINT('',(-1.121211439732E2,1.301210186221E2,1.135553927262E1));
#2430=CARTESIAN_POINT('',(-1.121647549358E2,1.303431428047E2,1.166302412251E1));
#2431=CARTESIAN_POINT('',(-1.121759180474E2,1.304E2,1.188414138861E1));
#2432=CARTESIAN_POINT('',(-1.121759180474E2,1.304E2,1.2E1));
#2434=DIRECTION('',(1.926577944284E-1,-9.812660058547E-1,0.E0));
#2435=VECTOR('',#2434,3.378977382325E1);
#2436=CARTESIAN_POINT('',(-1.113275608352E2,1.260790531334E2,1.E1));
#2437=LINE('',#2436,#2435);
#2438=DIRECTION('',(-3.420201433257E-1,9.396926207859E-1,0.E0));
#2439=VECTOR('',#2438,2.027327419677E1);
#2440=CARTESIAN_POINT('',(-7.569649404414E1,1.129035113369E2,1.E1));
#2441=LINE('',#2440,#2439);
#2442=DIRECTION('',(-8.470638945081E-1,5.314910710639E-1,0.E0));
#2443=VECTOR('',#2442,6.024111154239E0);
#2444=CARTESIAN_POINT('',(-5.4265625E1,8.95E1,1.E1));
#2445=LINE('',#2444,#2443);
#2446=DIRECTION('',(1.E0,-2.948396505628E-12,0.E0));
#2447=VECTOR('',#2446,2.122665796350E1);
#2448=CARTESIAN_POINT('',(-7.549228296350E1,8.950000000006E1,1.E1));
#2449=LINE('',#2448,#2447);
#2450=CARTESIAN_POINT('',(-9.1E1,8.397032059620E1,1.3E1));
#2451=DIRECTION('',(0.E0,0.E0,1.E0));
#2452=DIRECTION('',(9.419109161873E-1,3.358628082526E-1,0.E0));
#2453=AXIS2_PLACEMENT_3D('',#2450,#2451,#2452);
#2455=CARTESIAN_POINT('',(-1.036491106407E2,8.697032059620E1,1.3E1));
#2456=CARTESIAN_POINT('',(-1.036615771473E2,8.703381638784E1,1.281444268080E1));
#2457=CARTESIAN_POINT('',(-1.036991779935E2,8.722532918017E1,1.245839400410E1));
#2458=CARTESIAN_POINT('',(-1.037857279098E2,8.766615479480E1,1.195799672951E1));
#2459=CARTESIAN_POINT('',(-1.039005854486E2,8.825115992646E1,1.147838579132E1));
#2460=CARTESIAN_POINT('',(-1.040405175673E2,8.896387768362E1,1.103281593814E1));
#2461=CARTESIAN_POINT('',(-1.041977243743E2,8.976458079597E1,1.064613764563E1));
#2462=CARTESIAN_POINT('',(-1.043757654112E2,9.067139911421E1,1.031922165530E1));
#2463=CARTESIAN_POINT('',(-1.045800486864E2,9.171187730601E1,1.007421998134E1));
#2464=CARTESIAN_POINT('',(-1.047353609370E2,9.250293085366E1,1.000000000001E1));
#2465=CARTESIAN_POINT('',(-1.048176975361E2,9.292229673517E1,1.E1));
#2467=CARTESIAN_POINT('',(-9.1E1,8.397032059620E1,1.E1));
#2468=DIRECTION('',(0.E0,0.E0,-1.E0));
#2469=DIRECTION('',(-8.392621631690E-1,5.437269732806E-1,0.E0));
#2470=AXIS2_PLACEMENT_3D('',#2467,#2468,#2469);
#2472=CARTESIAN_POINT('',(-7.549228277123E1,8.949999946082E1,1.35E1));
#2473=DIRECTION('',(3.358627744644E-1,-9.419109282353E-1,7.636900103074E-9));
#2474=DIRECTION('',(-9.322500475807E-1,-3.324179380238E-1,-1.428571428586E-1));
#2475=AXIS2_PLACEMENT_3D('',#2472,#2473,#2474);
#2477=CARTESIAN_POINT('',(-3.810878921270E1,1.265843170699E2,-6.E0));
#2478=DIRECTION('',(0.E0,0.E0,1.E0));
#2479=DIRECTION('',(-9.396926207859E-1,-3.420201433257E-1,0.E0));
#2480=AXIS2_PLACEMENT_3D('',#2477,#2478,#2479);
#2482=CARTESIAN_POINT('',(-3.810878921270E1,1.265843170699E2,-1.E1));
#2483=DIRECTION('',(0.E0,0.E0,1.E0));
#2484=DIRECTION('',(-9.396926207859E-1,-3.420201433257E-1,0.E0));
#2485=AXIS2_PLACEMENT_3D('',#2482,#2483,#2484);
#2487=CARTESIAN_POINT('',(-3.810878921270E1,1.265843170699E2,6.E0));
#2488=DIRECTION('',(0.E0,0.E0,1.E0));
#2489=DIRECTION('',(-9.396926207859E-1,-3.420201433257E-1,0.E0));
#2490=AXIS2_PLACEMENT_3D('',#2487,#2488,#2489);
#2492=CARTESIAN_POINT('',(-3.810878921270E1,1.265843170699E2,1.E1));
#2493=DIRECTION('',(0.E0,0.E0,-1.E0));
#2494=DIRECTION('',(-5.314910710639E-1,-8.470638945081E-1,0.E0));
#2495=AXIS2_PLACEMENT_3D('',#2492,#2493,#2494);
#2497=CARTESIAN_POINT('',(-9.89E1,1.384E2,-1.E1));
#2498=DIRECTION('',(0.E0,0.E0,1.E0));
#2499=DIRECTION('',(-7.101463334374E-1,-7.040541066604E-1,0.E0));
#2500=AXIS2_PLACEMENT_3D('',#2497,#2498,#2499);
#2502=CARTESIAN_POINT('',(-8.263036219060E1,1.319541574988E2,-1.E1));
#2503=CARTESIAN_POINT('',(-8.272494128898E1,1.322140114359E2,-1.E1));
#2504=CARTESIAN_POINT('',(-8.290344262700E1,1.327044398315E2,
-1.004942552792E1));
#2505=CARTESIAN_POINT('',(-8.314007462383E1,1.333545808995E2,
-1.022382757390E1));
#2506=CARTESIAN_POINT('',(-8.334354360794E1,1.339136073389E2,
-1.047045405962E1));
#2507=CARTESIAN_POINT('',(-8.351555779737E1,1.343862124402E2,
-1.077773829012E1));
#2508=CARTESIAN_POINT('',(-8.365334149102E1,1.347647700272E2,
-1.114791286322E1));
#2509=CARTESIAN_POINT('',(-8.374180677729E1,1.350078264036E2,
-1.156047095309E1));
#2510=CARTESIAN_POINT('',(-8.376287576692E1,1.350657129769E2,
-1.185026079744E1));
#2511=CARTESIAN_POINT('',(-8.376287576692E1,1.350657129769E2,-1.2E1));
#2513=CARTESIAN_POINT('',(-1.121759180474E2,1.304E2,-1.2E1));
#2514=CARTESIAN_POINT('',(-1.121759180474E2,1.304E2,-1.188762539258E1));
#2515=CARTESIAN_POINT('',(-1.121653546259E2,1.303461972126E2,
-1.167187776226E1));
#2516=CARTESIAN_POINT('',(-1.121237949484E2,1.301345208625E2,
-1.137051925351E1));
#2517=CARTESIAN_POINT('',(-1.120650321488E2,1.298352236663E2,
-1.110332089392E1));
#2518=CARTESIAN_POINT('',(-1.119924548605E2,1.294655649875E2,
-1.085966486280E1));
#2519=CARTESIAN_POINT('',(-1.119095753679E2,1.290434339810E2,
-1.064191347164E1));
#2520=CARTESIAN_POINT('',(-1.118175913473E2,1.285749307842E2,
-1.044833245616E1));
#2521=CARTESIAN_POINT('',(-1.117156244699E2,1.280555817969E2,
-1.027841130758E1));
#2522=CARTESIAN_POINT('',(-1.116014152531E2,1.274738787705E2,
-1.013547014696E1));
#2523=CARTESIAN_POINT('',(-1.114733437504E2,1.268215708154E2,
-1.003082283829E1));
#2524=CARTESIAN_POINT('',(-1.113778030919E2,1.263349525576E2,-1.E1));
#2525=CARTESIAN_POINT('',(-1.113275608352E2,1.260790531334E2,-1.E1));
#2527=CARTESIAN_POINT('',(-9.89E1,1.384E2,-1.3E1));
#2528=DIRECTION('',(0.E0,0.E0,1.E0));
#2529=DIRECTION('',(0.E0,1.E0,0.E0));
#2530=AXIS2_PLACEMENT_3D('',#2527,#2528,#2529);
#2532=CARTESIAN_POINT('',(-9.89E1,1.384E2,-1.3E1));
#2533=DIRECTION('',(0.E0,0.E0,1.E0));
#2534=DIRECTION('',(0.E0,-1.E0,0.E0));
#2535=AXIS2_PLACEMENT_3D('',#2532,#2533,#2534);
#2537=CARTESIAN_POINT('',(-9.89E1,1.384E2,-1.3E1));
#2538=DIRECTION('',(0.E0,0.E0,1.E0));
#2539=DIRECTION('',(-1.E0,0.E0,0.E0));
#2540=AXIS2_PLACEMENT_3D('',#2537,#2538,#2539);
#2542=CARTESIAN_POINT('',(-9.89E1,1.384E2,-1.3E1));
#2543=DIRECTION('',(0.E0,0.E0,1.E0));
#2544=DIRECTION('',(1.E0,-2.463084543600E-14,0.E0));
#2545=AXIS2_PLACEMENT_3D('',#2542,#2543,#2544);
#2547=DIRECTION('',(5.E-1,1.039343567121E-7,8.660254037844E-1));
#2548=VECTOR('',#2547,1.154700517616E0);
#2549=CARTESIAN_POINT('',(-1.069773502350E2,1.383999996047E2,
-1.299999994077E1));
#2550=LINE('',#2549,#2548);
#2551=DIRECTION('',(-5.E-1,-1.039343320981E-7,8.660254037844E-1));
#2552=VECTOR('',#2551,1.154700517616E0);
#2553=CARTESIAN_POINT('',(-9.082264976501E1,1.384000003953E2,
-1.299999994077E1));
#2554=LINE('',#2553,#2552);
#2555=CARTESIAN_POINT('',(-9.89E1,1.384E2,-1.2E1));
#2556=DIRECTION('',(0.E0,0.E0,1.E0));
#2557=DIRECTION('',(1.E0,0.E0,0.E0));
#2558=AXIS2_PLACEMENT_3D('',#2555,#2556,#2557);
#2560=DIRECTION('',(9.525149396066E-10,-1.101104432562E-8,-1.E0));
#2561=VECTOR('',#2560,2.499999995875E1);
#2562=CARTESIAN_POINT('',(-1.064E2,1.384E2,1.3E1));
#2563=LINE('',#2562,#2561);
#2564=CARTESIAN_POINT('',(-9.89E1,1.384E2,-1.2E1));
#2565=DIRECTION('',(0.E0,0.E0,1.E0));
#2566=DIRECTION('',(-1.E0,0.E0,0.E0));
#2567=AXIS2_PLACEMENT_3D('',#2564,#2565,#2566);
#2569=DIRECTION('',(-9.525166449092E-10,1.101104773622E-8,-1.E0));
#2570=VECTOR('',#2569,2.499999995875E1);
#2571=CARTESIAN_POINT('',(-9.14E1,1.384E2,1.3E1));
#2572=LINE('',#2571,#2570);
#2573=CARTESIAN_POINT('',(-4.E1,5.693804984551E1,6.E0));
#2574=DIRECTION('',(0.E0,0.E0,1.E0));
#2575=DIRECTION('',(8.103299255441E-1,5.859739002445E-1,0.E0));
#2576=AXIS2_PLACEMENT_3D('',#2573,#2574,#2575);
#2578=DIRECTION('',(0.E0,0.E0,1.E0));
#2579=VECTOR('',#2578,8.E0);
#2580=CARTESIAN_POINT('',(-2.171827053507E1,6.504843625869E1,-4.E0));
#2581=LINE('',#2580,#2579);
#2582=CARTESIAN_POINT('',(-4.E1,5.693804984551E1,-6.E0));
#2583=DIRECTION('',(0.E0,0.E0,1.E0));
#2584=DIRECTION('',(8.103299255441E-1,5.859739002445E-1,0.E0));
#2585=AXIS2_PLACEMENT_3D('',#2582,#2583,#2584);
#2587=DIRECTION('',(-8.536392803366E-1,5.208646456291E-1,0.E0));
#2588=VECTOR('',#2587,5.110016895578E1);
#2589=CARTESIAN_POINT('',(-2.171827053507E1,6.504843625869E1,-4.E0));
#2590=LINE('',#2589,#2588);
#2591=DIRECTION('',(8.536392803366E-1,-5.208646456291E-1,0.E0));
#2592=VECTOR('',#2591,5.110016895577E1);
#2593=CARTESIAN_POINT('',(-6.533938198756E1,9.166470765342E1,4.E0));
#2594=LINE('',#2593,#2592);
#2595=DIRECTION('',(-7.638334409421E-13,4.618527782441E-13,-1.E0));
#2596=VECTOR('',#2595,8.E0);
#2597=CARTESIAN_POINT('',(-6.533938198756E1,9.166470765342E1,4.E0));
#2598=LINE('',#2597,#2596);
#2599=CARTESIAN_POINT('',(-2.379340148912E1,6.865752785039E1,-6.E0));
#2600=CARTESIAN_POINT('',(-2.362552161779E1,6.842537060998E1,-6.E0));
#2601=CARTESIAN_POINT('',(-2.331239559310E1,6.797140092200E1,
-5.981636069092E0));
#2602=CARTESIAN_POINT('',(-2.290486431102E1,6.732705357566E1,
-5.894377938253E0));
#2603=CARTESIAN_POINT('',(-2.255967032259E1,6.673467727555E1,
-5.745430889760E0));
#2604=CARTESIAN_POINT('',(-2.227037333189E1,6.619918863766E1,
-5.531494747371E0));
#2605=CARTESIAN_POINT('',(-2.203190952029E1,6.572585816867E1,
-5.243626941610E0));
#2606=CARTESIAN_POINT('',(-2.185025051458E1,6.534199098288E1,
-4.872163647072E0));
#2607=CARTESIAN_POINT('',(-2.174226671125E1,6.510282853547E1,
-4.449026465967E0));
#2608=CARTESIAN_POINT('',(-2.171827053507E1,6.504843625869E1,
-4.150252423475E0));
#2609=CARTESIAN_POINT('',(-2.171827053507E1,6.504843625869E1,-4.E0));
#2611=CARTESIAN_POINT('',(-6.429765269631E1,9.337198621411E1,-4.E0));
#2612=DIRECTION('',(-8.536392803366E-1,5.208646456291E-1,0.E0));
#2613=DIRECTION('',(0.E0,0.E0,-1.E0));
#2614=AXIS2_PLACEMENT_3D('',#2611,#2612,#2613);
#2616=CARTESIAN_POINT('',(-4.450479616240E1,1.258102788669E2,-4.E0));
#2617=DIRECTION('',(0.E0,0.E0,-1.E0));
#2618=DIRECTION('',(-5.208646456291E-1,-8.536392803366E-1,0.E0));
#2619=AXIS2_PLACEMENT_3D('',#2616,#2617,#2618);
#2621=CARTESIAN_POINT('',(-4.450479616240E1,1.258102788669E2,4.E0));
#2622=DIRECTION('',(0.E0,0.E0,1.E0));
#2623=DIRECTION('',(-9.659258262891E-1,-2.588190451025E-1,0.E0));
#2624=AXIS2_PLACEMENT_3D('',#2621,#2622,#2623);
#2626=CARTESIAN_POINT('',(-2.E1,0.E0,0.E0));
#2627=DIRECTION('',(-1.E0,0.E0,0.E0));
#2628=DIRECTION('',(0.E0,1.E0,0.E0));
#2629=AXIS2_PLACEMENT_3D('',#2626,#2627,#2628);
#2631=CARTESIAN_POINT('',(-2.E1,0.E0,0.E0));
#2632=DIRECTION('',(-1.E0,0.E0,0.E0));
#2633=DIRECTION('',(0.E0,-1.E0,0.E0));
#2634=AXIS2_PLACEMENT_3D('',#2631,#2632,#2633);
#2636=CARTESIAN_POINT('',(-2.E1,-2.645873075657E1,3.389595207029E1));
#2637=DIRECTION('',(1.E0,0.E0,0.E0));
#2638=DIRECTION('',(0.E0,-6.153193199203E-1,7.882779551230E-1));
#2639=AXIS2_PLACEMENT_3D('',#2636,#2637,#2638);
#2641=CARTESIAN_POINT('',(-2.E1,0.E0,0.E0));
#2642=DIRECTION('',(1.E0,0.E0,0.E0));
#2643=DIRECTION('',(0.E0,-3.771376217748E-1,9.261572297629E-1));
#2644=AXIS2_PLACEMENT_3D('',#2641,#2642,#2643);
#2646=DIRECTION('',(0.E0,0.E0,1.E0));
#2647=VECTOR('',#2646,2.718859421952E1);
#2648=CARTESIAN_POINT('',(-2.E1,5.693804984551E1,-1.E1));
#2649=LINE('',#2648,#2647);
#2650=CARTESIAN_POINT('',(-2.E1,-1.607110130628E1,-3.988382758466E1));
#2651=DIRECTION('',(1.E0,0.E0,0.E0));
#2652=DIRECTION('',(0.E0,-3.737465420066E-1,-9.275308740620E-1));
#2653=AXIS2_PLACEMENT_3D('',#2650,#2651,#2652);
#2655=CARTESIAN_POINT('',(-2.E1,0.E0,0.E0));
#2656=DIRECTION('',(1.E0,0.E0,0.E0));
#2657=DIRECTION('',(0.E0,-6.153193199203E-1,-7.882779551230E-1));
#2658=AXIS2_PLACEMENT_3D('',#2655,#2656,#2657);
#2660=CARTESIAN_POINT('',(-2.E1,-2.645873075657E1,-3.389595207029E1));
#2661=DIRECTION('',(1.E0,0.E0,0.E0));
#2662=DIRECTION('',(0.E0,-9.991502218328E-1,-4.121691656845E-2));
#2663=AXIS2_PLACEMENT_3D('',#2660,#2661,#2662);
#2665=CARTESIAN_POINT('',(-1.8E1,4.1E1,2.894000594722E-10));
#2666=DIRECTION('',(0.E0,7.058539516769E-12,-1.E0));
#2667=DIRECTION('',(0.E0,-1.E0,-7.058539516769E-12));
#2668=AXIS2_PLACEMENT_3D('',#2665,#2666,#2667);
#2670=CARTESIAN_POINT('',(-2.E0,0.E0,0.E0));
#2671=DIRECTION('',(-1.E0,0.E0,0.E0));
#2672=DIRECTION('',(0.E0,1.E0,0.E0));
#2673=AXIS2_PLACEMENT_3D('',#2670,#2671,#2672);
#2675=DIRECTION('',(-1.E0,1.216040601400E-10,2.979999500283E-10));
#2676=VECTOR('',#2675,1.600000000195E1);
#2677=CARTESIAN_POINT('',(-1.999999998054E0,3.899999999805E1,
-4.774491881343E-9));
#2678=LINE('',#2677,#2676);
#2679=CARTESIAN_POINT('',(-1.8E1,0.E0,0.E0));
#2680=DIRECTION('',(-1.E0,0.E0,0.E0));
#2681=DIRECTION('',(0.E0,1.E0,0.E0));
#2682=AXIS2_PLACEMENT_3D('',#2679,#2680,#2681);
#2684=DIRECTION('',(-1.E0,-1.216040601400E-10,-2.980000326185E-10));
#2685=VECTOR('',#2684,1.600000000195E1);
#2686=CARTESIAN_POINT('',(-1.999999998054E0,-3.899999999805E1,
4.774492785912E-9));
#2687=LINE('',#2686,#2685);
#2688=DIRECTION('',(7.071067811865E-1,-7.071067811865E-1,-4.472593788948E-10));
#2689=VECTOR('',#2688,2.828427125475E0);
#2690=CARTESIAN_POINT('',(-1.999999998054E0,3.899999999805E1,
-4.774491881343E-9));
#2691=LINE('',#2690,#2689);
#2692=DIRECTION('',(7.071067811865E-1,7.071067811865E-1,4.472594932987E-10));
#2693=VECTOR('',#2692,2.828427125475E0);
#2694=CARTESIAN_POINT('',(-1.999999998054E0,-3.899999999805E1,
4.774492785912E-9));
#2695=LINE('',#2694,#2693);
#2696=CARTESIAN_POINT('',(-2.E0,0.E0,0.E0));
#2697=DIRECTION('',(-1.E0,0.E0,0.E0));
#2698=DIRECTION('',(0.E0,-1.E0,0.E0));
#2699=AXIS2_PLACEMENT_3D('',#2696,#2697,#2698);
#2701=CARTESIAN_POINT('',(-1.8E1,0.E0,0.E0));
#2702=DIRECTION('',(-1.E0,0.E0,0.E0));
#2703=DIRECTION('',(0.E0,-1.E0,0.E0));
#2704=AXIS2_PLACEMENT_3D('',#2701,#2702,#2703);
#2706=CARTESIAN_POINT('',(-1.8E1,-4.1E1,-2.893963957362E-10));
#2707=DIRECTION('',(0.E0,-7.058449311148E-12,1.E0));
#2708=DIRECTION('',(0.E0,1.E0,7.058449311148E-12));
#2709=AXIS2_PLACEMENT_3D('',#2706,#2707,#2708);
#2711=CARTESIAN_POINT('',(-4.E1,-2.645873075657E1,3.389595207029E1));
#2712=DIRECTION('',(-1.E0,0.E0,0.E0));
#2713=DIRECTION('',(0.E0,-9.991502218328E-1,4.121691656845E-2));
#2714=AXIS2_PLACEMENT_3D('',#2711,#2712,#2713);
#2716=CARTESIAN_POINT('',(-4.E1,0.E0,0.E0));
#2717=DIRECTION('',(-1.E0,0.E0,0.E0));
#2718=DIRECTION('',(0.E0,-6.545818093793E-1,7.559911737776E-1));
#2719=AXIS2_PLACEMENT_3D('',#2716,#2717,#2718);
#2721=CARTESIAN_POINT('',(-4.E1,-5.75E1,9.259994600430E1));
#2722=DIRECTION('',(-1.E0,0.E0,0.E0));
#2723=DIRECTION('',(0.E0,6.192758665761E-1,-7.851734847003E-1));
#2724=AXIS2_PLACEMENT_3D('',#2721,#2722,#2723);
#2726=CARTESIAN_POINT('',(-4.E1,0.E0,0.E0));
#2727=DIRECTION('',(1.E0,0.E0,0.E0));
#2728=DIRECTION('',(0.E0,-3.832681927234E-1,9.236370999730E-1));
#2729=AXIS2_PLACEMENT_3D('',#2726,#2727,#2728);
#2731=CARTESIAN_POINT('',(-4.E1,-1.607110130628E1,-3.988382758466E1));
#2732=DIRECTION('',(-1.E0,0.E0,0.E0));
#2733=DIRECTION('',(0.E0,4.324730349447E-1,-9.016468677070E-1));
#2734=AXIS2_PLACEMENT_3D('',#2731,#2732,#2733);
#2736=CARTESIAN_POINT('',(-4.E1,-2.165615826086E1,-7.076023466171E1));
#2737=DIRECTION('',(1.E0,0.E0,0.E0));
#2738=DIRECTION('',(0.E0,2.373267606693E-1,9.714298784113E-1));
#2739=AXIS2_PLACEMENT_3D('',#2736,#2737,#2738);
#2741=CARTESIAN_POINT('',(-4.E1,0.E0,0.E0));
#2742=DIRECTION('',(1.E0,0.E0,0.E0));
#2743=DIRECTION('',(0.E0,-4.170564041106E-1,-9.088806059050E-1));
#2744=AXIS2_PLACEMENT_3D('',#2741,#2742,#2743);
#2746=DIRECTION('',(-1.E0,0.E0,0.E0));
#2747=VECTOR('',#2746,2.E1);
#2748=CARTESIAN_POINT('',(-2.E1,-2.845703120024E1,3.397838590342E1));
#2749=LINE('',#2748,#2747);
#2750=CARTESIAN_POINT('',(-2.E1,-2.945618142207E1,3.401960281999E1));
#2751=DIRECTION('',(-1.E0,0.E0,0.E0));
#2752=DIRECTION('',(0.E0,9.991502218328E-1,-4.121691656845E-2));
#2753=AXIS2_PLACEMENT_3D('',#2750,#2751,#2752);
#2755=CARTESIAN_POINT('',(-4.E1,-2.945618142207E1,3.401960281999E1));
#2756=DIRECTION('',(1.E0,0.E0,0.E0));
#2757=DIRECTION('',(0.E0,6.545818093793E-1,-7.559911737776E-1));
#2758=AXIS2_PLACEMENT_3D('',#2755,#2756,#2757);
#2760=DIRECTION('',(-1.E0,0.E0,0.E0));
#2761=VECTOR('',#2760,2.E1);
#2762=CARTESIAN_POINT('',(-2.E1,-2.768936939641E1,3.547250798053E1));
#2763=LINE('',#2762,#2761);
#2764=CARTESIAN_POINT('',(-4.E1,0.E0,0.E0));
#2765=DIRECTION('',(1.E0,0.E0,0.E0));
#2766=DIRECTION('',(0.E0,-3.771376217748E-1,9.261572297629E-1));
#2767=AXIS2_PLACEMENT_3D('',#2764,#2765,#2766);
#2769=DIRECTION('',(1.E0,0.E0,0.E0));
#2770=VECTOR('',#2769,2.E1);
#2771=CARTESIAN_POINT('',(-4.E1,-1.697119297987E1,4.167707533933E1));
#2772=LINE('',#2771,#2770);
#2773=CARTESIAN_POINT('',(-4.E1,-1.772546822342E1,4.352938979886E1));
#2774=DIRECTION('',(1.E0,0.E0,0.E0));
#2775=DIRECTION('',(0.E0,3.771376217748E-1,-9.261572297629E-1));
#2776=AXIS2_PLACEMENT_3D('',#2773,#2774,#2775);
#2778=CARTESIAN_POINT('',(-2.E1,-1.772546822342E1,4.352938979886E1));
#2779=DIRECTION('',(-1.E0,0.E0,0.E0));
#2780=DIRECTION('',(0.E0,8.901210932786E-1,-4.557240824233E-1));
#2781=AXIS2_PLACEMENT_3D('',#2778,#2779,#2780);
#2783=DIRECTION('',(-1.E0,0.E0,0.E0));
#2784=VECTOR('',#2783,1.1E1);
#2785=CARTESIAN_POINT('',(-2.E1,-2.768936939641E1,-3.547250798053E1));
#2786=LINE('',#2785,#2784);
#2787=DIRECTION('',(-1.E0,0.E0,0.E0));
#2788=VECTOR('',#2787,2.E1);
#2789=CARTESIAN_POINT('',(-2.E1,-1.681859439030E1,-4.173888933279E1));
#2790=LINE('',#2789,#2788);
#2791=CARTESIAN_POINT('',(-4.E1,0.E0,0.E0));
#2792=DIRECTION('',(1.E0,0.E0,0.E0));
#2793=DIRECTION('',(0.E0,-6.290069887899E-1,-7.773996450047E-1));
#2794=AXIS2_PLACEMENT_3D('',#2791,#2792,#2793);
#2796=DIRECTION('',(-1.E0,0.E0,0.E0));
#2797=VECTOR('',#2796,8.085506149747E0);
#2798=CARTESIAN_POINT('',(-3.191449385025E1,-2.830531449555E1,
-3.498298402521E1));
#2799=LINE('',#2798,#2797);
#2800=DIRECTION('',(0.E0,7.071067811865E-1,7.071067811865E-1));
#2801=VECTOR('',#2800,2.059667307456E1);
#2802=CARTESIAN_POINT('',(-4.E1,-4.286936169645E1,-4.954703122612E1));
#2803=LINE('',#2802,#2801);
#2804=DIRECTION('',(1.E0,0.E0,0.E0));
#2805=VECTOR('',#2804,6.E0);
#2806=CARTESIAN_POINT('',(-4.6E1,-4.286936169645E1,-4.954703122612E1));
#2807=LINE('',#2806,#2805);
#2808=DIRECTION('',(1.E0,0.E0,0.E0));
#2809=VECTOR('',#2808,1.6E1);
#2810=CARTESIAN_POINT('',(-4.8E1,-6.116116523517E1,-6.783883476483E1));
#2811=LINE('',#2810,#2809);
#2812=CARTESIAN_POINT('',(-3.1E1,-2.768936939641E1,-3.547250798053E1));
#2813=CARTESIAN_POINT('',(-3.105063276403E1,-2.772270723327E1,
-3.544648490711E1));
#2814=CARTESIAN_POINT('',(-3.115215347839E1,-2.778947715917E1,
-3.539421410153E1));
#2815=CARTESIAN_POINT('',(-3.130491931460E1,-2.789021328585E1,
-3.531489106738E1));
#2816=CARTESIAN_POINT('',(-3.145778538238E1,-2.799176960941E1,
-3.523445064850E1));
#2817=CARTESIAN_POINT('',(-3.161055367428E1,-2.809452505696E1,
-3.515257410680E1));
#2818=CARTESIAN_POINT('',(-3.176218035428E1,-2.819827694576E1,
-3.506940581628E1));
#2819=CARTESIAN_POINT('',(-3.186376847752E1,-2.826934020953E1,
-3.501209141864E1));
#2820=CARTESIAN_POINT('',(-3.191449385025E1,-2.830531449555E1,
-3.498298402521E1));
#2822=CARTESIAN_POINT('',(-3.191449385025E1,-2.830531449555E1,
-3.498298402521E1));
#2823=CARTESIAN_POINT('',(-3.221670985350E1,-2.837596727443E1,
-3.505363680409E1));
#2824=CARTESIAN_POINT('',(-3.276359422873E1,-2.857681144906E1,
-3.525448097873E1));
#2825=CARTESIAN_POINT('',(-3.345147031950E1,-2.905568274996E1,
-3.573335227962E1));
#2826=CARTESIAN_POINT('',(-3.390125581032E1,-2.968346466123E1,
-3.636113419090E1));
#2827=CARTESIAN_POINT('',(-3.4E1,-3.012242259425E1,-3.680009212391E1));
#2828=CARTESIAN_POINT('',(-3.4E1,-3.035358421130E1,-3.703125374097E1));
#2830=CARTESIAN_POINT('',(-3.4E1,-3.132600751363E1,-3.503826031315E1));
#2831=CARTESIAN_POINT('',(-3.399970538319E1,-3.108088418131E1,
-3.492324758845E1));
#2832=CARTESIAN_POINT('',(-3.392976583479E1,-3.058852507779E1,
-3.470165986095E1));
#2833=CARTESIAN_POINT('',(-3.361992112192E1,-2.988801798257E1,
-3.441989190203E1));
#2834=CARTESIAN_POINT('',(-3.313237498650E1,-2.928326168700E1,
-3.420764907556E1));
#2835=CARTESIAN_POINT('',(-3.250007728544E1,-2.881535989267E1,
-3.406786040163E1));
#2836=CARTESIAN_POINT('',(-3.177249309261E1,-2.852290575398E1,
-3.399344538174E1));
#2837=CARTESIAN_POINT('',(-3.125682251681E1,-2.845703591616E1,
-3.397838157047E1));
#2838=CARTESIAN_POINT('',(-3.100000001733E1,-2.845706687077E1,
-3.397838737591E1));
#2840=CARTESIAN_POINT('',(-3.100000002797E1,-2.880162959212E1,
-3.326364627311E1));
#2841=CARTESIAN_POINT('',(-3.125682397432E1,-2.880162019791E1,
-3.326360254507E1));
#2842=CARTESIAN_POINT('',(-3.177249870908E1,-2.885920732135E1,
-3.330154085465E1));
#2843=CARTESIAN_POINT('',(-3.250009019135E1,-2.911508634637E1,
-3.347156437579E1));
#2844=CARTESIAN_POINT('',(-3.313238331365E1,-2.952434957208E1,
-3.374944816163E1));
#2845=CARTESIAN_POINT('',(-3.361992792269E1,-3.005438896595E1,
-3.411881085322E1));
#2846=CARTESIAN_POINT('',(-3.392975698548E1,-3.067177116622E1,
-3.455836031441E1));
#2847=CARTESIAN_POINT('',(-3.399970529801E1,-3.110759513925E1,
-3.487809116906E1));
#2848=CARTESIAN_POINT('',(-3.4E1,-3.132600751363E1,-3.503826031315E1));
#2850=CARTESIAN_POINT('',(-3.100000010837E1,-2.945618142207E1,
-3.401960281999E1));
#2851=DIRECTION('',(1.E0,0.E0,0.E0));
#2852=DIRECTION('',(0.E0,9.991502218328E-1,4.121691656845E-2));
#2853=AXIS2_PLACEMENT_3D('',#2850,#2851,#2852);
#2855=CARTESIAN_POINT('',(-2.E1,-2.945618142207E1,-3.401960281999E1));
#2856=DIRECTION('',(-1.E0,0.E0,0.E0));
#2857=DIRECTION('',(0.E0,6.545818093794E-1,7.559911737776E-1));
#2858=AXIS2_PLACEMENT_3D('',#2855,#2856,#2857);
#2860=DIRECTION('',(-9.999999999947E-1,-3.242775783372E-6,-1.338626636107E-7));
#2861=VECTOR('',#2860,1.100000001739E1);
#2862=CARTESIAN_POINT('',(-2.E1,-2.845703120024E1,-3.397838590342E1));
#2863=LINE('',#2862,#2861);
#2864=CARTESIAN_POINT('',(-3.1E1,-2.645873075657E1,-3.389595207029E1));
#2865=DIRECTION('',(-1.E0,0.E0,0.E0));
#2866=DIRECTION('',(0.E0,-6.153193199203E-1,-7.882779551230E-1));
#2867=AXIS2_PLACEMENT_3D('',#2864,#2865,#2866);
#2869=CARTESIAN_POINT('',(-3.1E1,-3.608913322746E1,-3.0109375E1));
#2870=DIRECTION('',(0.E0,-6.40625E-1,7.678538984566E-1));
#2871=DIRECTION('',(0.E0,7.678538984566E-1,6.40625E-1));
#2872=AXIS2_PLACEMENT_3D('',#2869,#2870,#2871);
#2874=CARTESIAN_POINT('',(-3.1E1,-4.914264950122E1,-4.1E1));
#2875=DIRECTION('',(1.E0,0.E0,0.E0));
#2876=DIRECTION('',(0.E0,7.678538984566E-1,6.40625E-1));
#2877=AXIS2_PLACEMENT_3D('',#2874,#2875,#2876);
#2879=CARTESIAN_POINT('',(-2.614253762237E1,-4.914264950122E1,-2.1E1));
#2880=CARTESIAN_POINT('',(-2.575548091854E1,-4.740047757976E1,-2.1E1));
#2881=CARTESIAN_POINT('',(-2.537462536407E1,-4.568621750737E1,
-2.122380952751E1));
#2882=CARTESIAN_POINT('',(-2.5E1,-4.4E1,-2.167247672081E1));
#2884=CARTESIAN_POINT('',(-2.5E1,-4.914264950122E1,-4.1E1));
#2885=DIRECTION('',(-1.E0,0.E0,0.E0));
#2886=DIRECTION('',(0.E0,2.571324750611E-1,9.663761639594E-1));
#2887=AXIS2_PLACEMENT_3D('',#2884,#2885,#2886);
#2889=DIRECTION('',(0.E0,0.E0,-1.E0));
#2890=VECTOR('',#2889,4.1E1);
#2891=CARTESIAN_POINT('',(-2.831797657985E1,-5.893446716269E1,2.E1));
#2892=LINE('',#2891,#2890);
#2893=CARTESIAN_POINT('',(-1.263885227025E2,-7.7E1,2.E1));
#2894=DIRECTION('',(0.E0,0.E0,1.E0));
#2895=DIRECTION('',(9.999300320124E-1,1.182924678934E-2,0.E0));
#2896=AXIS2_PLACEMENT_3D('',#2893,#2894,#2895);
#2898=DIRECTION('',(0.E0,-1.E0,0.E0));
#2899=VECTOR('',#2898,3.274629432148E0);
#2900=CARTESIAN_POINT('',(-5.E1,-4.995998398719E1,2.E1));
#2901=LINE('',#2900,#2899);
#2902=DIRECTION('',(-1.E0,0.E0,0.E0));
#2903=VECTOR('',#2902,2.367587594051E1);
#2904=CARTESIAN_POINT('',(-2.632412405949E1,-4.995998398719E1,2.E1));
#2905=LINE('',#2904,#2903);
#2906=DIRECTION('',(2.168810059221E-1,9.761980481799E-1,0.E0));
#2907=VECTOR('',#2906,9.193301699624E0);
#2908=CARTESIAN_POINT('',(-2.831797657985E1,-5.893446716269E1,2.E1));
#2909=LINE('',#2908,#2907);
#2910=CARTESIAN_POINT('',(-5.272292778435E1,-5.351244201464E1,2.E1));
#2911=DIRECTION('',(0.E0,0.E0,1.E0));
#2912=DIRECTION('',(8.291623548439E-1,-5.590078615813E-1,0.E0));
#2913=AXIS2_PLACEMENT_3D('',#2910,#2911,#2912);
#2915=DIRECTION('',(5.590078615813E-1,8.291623548439E-1,0.E0));
#2916=VECTOR('',#2915,8.715970901943E0);
#2917=CARTESIAN_POINT('',(-3.686616516875E1,-7.471459351197E1,2.E1));
#2918=LINE('',#2917,#2916);
#2919=DIRECTION('',(9.902680798896E-1,1.391730216377E-1,-2.448389597662E-8));
#2920=VECTOR('',#2919,3.133400162566E0);
#2921=CARTESIAN_POINT('',(-6.310826899040E1,-7.840268068742E1,1.5E0));
#2922=LINE('',#2921,#2920);
#2923=DIRECTION('',(0.E0,0.E0,1.E0));
#2924=VECTOR('',#2923,1.55E1);
#2925=CARTESIAN_POINT('',(-6.310826899040E1,-7.840268068742E1,1.5E0));
#2926=LINE('',#2925,#2924);
#2927=DIRECTION('',(9.902680687416E-1,1.391731009601E-1,0.E0));
#2928=VECTOR('',#2927,1.687840835879E1);
#2929=CARTESIAN_POINT('',(-6.310826899040E1,-7.840268068742E1,1.7E1));
#2930=LINE('',#2929,#2928);
#2931=DIRECTION('',(0.E0,0.E0,1.E0));
#2932=VECTOR('',#2931,3.E0);
#2933=CARTESIAN_POINT('',(-4.639412014151E1,-7.605366025685E1,1.7E1));
#2934=LINE('',#2933,#2932);
#2935=DIRECTION('',(9.902680687416E-1,1.391731009601E-1,0.E0));
#2936=VECTOR('',#2935,9.621591641214E0);
#2937=CARTESIAN_POINT('',(-4.639412014151E1,-7.605366025685E1,2.E1));
#2938=LINE('',#2937,#2936);
#2939=DIRECTION('',(-9.902680687416E-1,-1.391731009601E-1,0.E0));
#2940=VECTOR('',#2939,9.621591641214E0);
#2941=CARTESIAN_POINT('',(-3.686616516875E1,-7.471459351197E1,-2.1E1));
#2942=LINE('',#2941,#2940);
#2943=DIRECTION('',(0.E0,0.E0,-1.E0));
#2944=VECTOR('',#2943,2.5E0);
#2945=CARTESIAN_POINT('',(-4.639412014151E1,-7.605366025685E1,-1.85E1));
#2946=LINE('',#2945,#2944);
#2947=DIRECTION('',(9.902680687416E-1,1.391731009601E-1,0.E0));
#2948=VECTOR('',#2947,1.687840835879E1);
#2949=CARTESIAN_POINT('',(-6.310826899040E1,-7.840268068742E1,-1.85E1));
#2950=LINE('',#2949,#2948);
#2951=DIRECTION('',(0.E0,0.E0,1.E0));
#2952=VECTOR('',#2951,1.7E1);
#2953=CARTESIAN_POINT('',(-6.310826899040E1,-7.840268068742E1,-1.85E1));
#2954=LINE('',#2953,#2952);
#2955=DIRECTION('',(9.902679604425E-1,1.391738715453E-1,-4.685840062785E-7));
#2956=VECTOR('',#2955,3.133399572262E0);
#2957=CARTESIAN_POINT('',(-6.310826899040E1,-7.840268068742E1,-1.5E0));
#2958=LINE('',#2957,#2956);
#2959=CARTESIAN_POINT('',(-5.172016548549E1,-7.680218711516E1,
-2.045388022431E-5));
#2960=DIRECTION('',(-1.391731009601E-1,9.902680687416E-1,0.E0));
#2961=DIRECTION('',(-9.747263780570E-1,-1.369888587786E-1,1.764724921634E-1));
#2962=AXIS2_PLACEMENT_3D('',#2959,#2960,#2961);
#2964=CARTESIAN_POINT('',(-5.196122637400E1,-7.508694976783E1,
-2.045388022431E-5));
#2965=DIRECTION('',(1.391731009601E-1,-9.902680687416E-1,0.E0));
#2966=DIRECTION('',(-9.702612304813E-1,-1.363613232112E-1,-1.999968353672E-1));
#2967=AXIS2_PLACEMENT_3D('',#2964,#2965,#2966);
#2969=CARTESIAN_POINT('',(-6.000536378672E1,-7.796659333785E1,
-1.500001468261E0));
#2970=CARTESIAN_POINT('',(-5.987147333286E1,-7.764165398099E1,
-1.500001468261E0));
#2971=CARTESIAN_POINT('',(-5.960973352172E1,-7.700723225128E1,
-1.499998513421E0));
#2972=CARTESIAN_POINT('',(-5.936003723860E1,-7.640372282557E1,
-1.500001504896E0));
#2973=CARTESIAN_POINT('',(-5.923819612526E1,-7.610970220100E1,
-1.500001504896E0));
#2975=CARTESIAN_POINT('',(-6.45E1,-6.85E1,-1.5E0));
#2976=DIRECTION('',(0.E0,0.E0,1.E0));
#2977=DIRECTION('',(6.561904001827E-1,7.545953609108E-1,0.E0));
#2978=AXIS2_PLACEMENT_3D('',#2975,#2976,#2977);
#2980=CARTESIAN_POINT('',(-6.45E1,-6.85E1,-1.5E0));
#2981=DIRECTION('',(0.E0,0.E0,1.E0));
#2982=DIRECTION('',(-1.E0,0.E0,0.E0));
#2983=AXIS2_PLACEMENT_3D('',#2980,#2981,#2982);
#2985=CARTESIAN_POINT('',(-6.45E1,-6.85E1,1.7E1));
#2986=DIRECTION('',(0.E0,0.E0,1.E0));
#2987=DIRECTION('',(-1.391731009601E-1,9.902680687416E-1,0.E0));
#2988=AXIS2_PLACEMENT_3D('',#2985,#2986,#2987);
#2990=CARTESIAN_POINT('',(-6.45E1,-6.85E1,1.5E0));
#2991=DIRECTION('',(0.E0,0.E0,1.E0));
#2992=DIRECTION('',(-1.391731009601E-1,9.902680687416E-1,0.E0));
#2993=AXIS2_PLACEMENT_3D('',#2990,#2991,#2992);
#2995=DIRECTION('',(0.E0,0.E0,1.E0));
#2996=VECTOR('',#2995,1.55E1);
#2997=CARTESIAN_POINT('',(-6.589173100960E1,-5.859731931258E1,1.5E0));
#2998=LINE('',#2997,#2996);
#2999=CARTESIAN_POINT('',(-6.45E1,-6.85E1,-1.85E1));
#3000=DIRECTION('',(0.E0,0.E0,1.E0));
#3001=DIRECTION('',(-1.391731009601E-1,9.902680687416E-1,0.E0));
#3002=AXIS2_PLACEMENT_3D('',#2999,#3000,#3001);
#3004=DIRECTION('',(0.E0,0.E0,1.E0));
#3005=VECTOR('',#3004,1.7E1);
#3006=CARTESIAN_POINT('',(-6.589173100960E1,-5.859731931258E1,-1.85E1));
#3007=LINE('',#3006,#3005);
#3008=CARTESIAN_POINT('',(-6.45E1,-6.85E1,-1.5E0));
#3009=DIRECTION('',(0.E0,0.E0,1.E0));
#3010=DIRECTION('',(-1.391731009601E-1,9.902680687416E-1,0.E0));
#3011=AXIS2_PLACEMENT_3D('',#3008,#3009,#3010);
#3013=CARTESIAN_POINT('',(-6.45E1,-6.85E1,1.7E1));
#3014=DIRECTION('',(0.E0,0.E0,1.E0));
#3015=DIRECTION('',(-1.E0,0.E0,0.E0));
#3016=AXIS2_PLACEMENT_3D('',#3013,#3014,#3015);
#3018=CARTESIAN_POINT('',(-6.45E1,-6.85E1,1.7E1));
#3019=DIRECTION('',(0.E0,0.E0,1.E0));
#3020=DIRECTION('',(1.E0,0.E0,0.E0));
#3021=AXIS2_PLACEMENT_3D('',#3018,#3019,#3020);
#3023=CARTESIAN_POINT('',(-1.263885227025E2,-7.7E1,1.7E1));
#3024=DIRECTION('',(0.E0,0.E0,1.E0));
#3025=DIRECTION('',(9.999300320124E-1,1.182924678934E-2,0.E0));
#3026=AXIS2_PLACEMENT_3D('',#3023,#3024,#3025);
#3028=CARTESIAN_POINT('',(-6.45E1,-6.85E1,-6.5E0));
#3029=DIRECTION('',(0.E0,0.E0,1.E0));
#3030=DIRECTION('',(-1.E0,0.E0,0.E0));
#3031=AXIS2_PLACEMENT_3D('',#3028,#3029,#3030);
#3033=DIRECTION('',(0.E0,0.E0,1.E0));
#3034=VECTOR('',#3033,2.072266093729E0);
#3035=CARTESIAN_POINT('',(-5.9E1,-6.85E1,-6.5E0));
#3036=LINE('',#3035,#3034);
#3037=CARTESIAN_POINT('',(-6.45E1,-6.85E1,-6.5E0));
#3038=DIRECTION('',(0.E0,0.E0,-1.E0));
#3039=DIRECTION('',(-1.E0,0.E0,0.E0));
#3040=AXIS2_PLACEMENT_3D('',#3037,#3038,#3039);
#3042=DIRECTION('',(0.E0,0.E0,1.E0));
#3043=VECTOR('',#3042,5.E0);
#3044=CARTESIAN_POINT('',(-7.E1,-6.85E1,-6.5E0));
#3045=LINE('',#3044,#3043);
#3046=DIRECTION('',(0.E0,0.E0,1.E0));
#3047=VECTOR('',#3046,1.55E1);
#3048=CARTESIAN_POINT('',(-7.E1,-6.85E1,1.5E0));
#3049=LINE('',#3048,#3047);
#3050=DIRECTION('',(0.E0,0.E0,1.E0));
#3051=VECTOR('',#3050,1.257226609373E1);
#3052=CARTESIAN_POINT('',(-5.9E1,-6.85E1,4.427733906271E0));
#3053=LINE('',#3052,#3051);
#3054=DIRECTION('',(-8.660254037844E-1,0.E0,5.E-1));
#3055=VECTOR('',#3054,5.773502691896E-1);
#3056=CARTESIAN_POINT('',(-6.95E1,-6.85E1,-6.788675134595E0));
#3057=LINE('',#3056,#3055);
#3058=DIRECTION('',(8.660254037844E-1,0.E0,5.E-1));
#3059=VECTOR('',#3058,5.773502691896E-1);
#3060=CARTESIAN_POINT('',(-5.95E1,-6.85E1,-6.788675134595E0));
#3061=LINE('',#3060,#3059);
#3062=CARTESIAN_POINT('',(-6.45E1,-6.85E1,-6.788675134595E0));
#3063=DIRECTION('',(0.E0,0.E0,-1.E0));
#3064=DIRECTION('',(-1.E0,0.E0,0.E0));
#3065=AXIS2_PLACEMENT_3D('',#3062,#3063,#3064);
#3067=CARTESIAN_POINT('',(-6.45E1,-6.85E1,-6.788675134595E0));
#3068=DIRECTION('',(0.E0,0.E0,1.E0));
#3069=DIRECTION('',(-1.E0,0.E0,0.E0));
#3070=AXIS2_PLACEMENT_3D('',#3067,#3068,#3069);
#3072=CARTESIAN_POINT('',(-6.45E1,-6.85E1,-1.85E1));
#3073=DIRECTION('',(0.E0,0.E0,1.E0));
#3074=DIRECTION('',(-1.E0,0.E0,0.E0));
#3075=AXIS2_PLACEMENT_3D('',#3072,#3073,#3074);
#3077=CARTESIAN_POINT('',(-6.45E1,-6.85E1,-1.85E1));
#3078=DIRECTION('',(0.E0,0.E0,1.E0));
#3079=DIRECTION('',(1.E0,0.E0,0.E0));
#3080=AXIS2_PLACEMENT_3D('',#3077,#3078,#3079);
#3082=CARTESIAN_POINT('',(-1.263885227025E2,-7.7E1,-1.85E1));
#3083=DIRECTION('',(0.E0,0.E0,-1.E0));
#3084=DIRECTION('',(9.548565337813E-1,2.970673322583E-1,0.E0));
#3085=AXIS2_PLACEMENT_3D('',#3082,#3083,#3084);
#3087=DIRECTION('',(0.E0,0.E0,1.E0));
#3088=VECTOR('',#3087,1.171132486541E1);
#3089=CARTESIAN_POINT('',(-6.95E1,-6.85E1,-1.85E1));
#3090=LINE('',#3089,#3088);
#3091=DIRECTION('',(0.E0,0.E0,1.E0));
#3092=VECTOR('',#3091,1.171132486541E1);
#3093=CARTESIAN_POINT('',(-5.95E1,-6.85E1,-1.85E1));
#3094=LINE('',#3093,#3092);
#3095=CARTESIAN_POINT('',(-5.923821406378E1,-7.610975115567E1,
1.500000203927E0));
#3096=CARTESIAN_POINT('',(-5.936038410037E1,-7.640456530722E1,
1.500000203927E0));
#3097=CARTESIAN_POINT('',(-5.961037387378E1,-7.700879726694E1,
1.499999936395E0));
#3098=CARTESIAN_POINT('',(-5.987179952348E1,-7.764245082751E1,
1.499999923282E0));
#3099=CARTESIAN_POINT('',(-6.000536282789E1,-7.796659591879E1,
1.499999923282E0));
#3101=DIRECTION('',(-1.391678227340E-1,9.902688105335E-1,-4.375748640754E-8));
#3102=VECTOR('',#3101,4.660390637385E0);
#3103=CARTESIAN_POINT('',(-5.923821406378E1,-7.610975115567E1,
1.500000203927E0));
#3104=LINE('',#3103,#3102);
#3105=CARTESIAN_POINT('',(-6.45E1,-6.85E1,1.5E0));
#3106=DIRECTION('',(0.E0,0.E0,1.E0));
#3107=DIRECTION('',(-1.E0,0.E0,0.E0));
#3108=AXIS2_PLACEMENT_3D('',#3105,#3106,#3107);
#3110=CARTESIAN_POINT('',(-6.45E1,-6.85E1,1.5E0));
#3111=DIRECTION('',(0.E0,0.E0,1.E0));
#3112=DIRECTION('',(6.561904001827E-1,7.545953609108E-1,0.E0));
#3113=AXIS2_PLACEMENT_3D('',#3110,#3111,#3112);
#3115=DIRECTION('',(-1.391731009601E-1,9.902680687416E-1,0.E0));
#3116=VECTOR('',#3115,6.392397991458E0);
#3117=CARTESIAN_POINT('',(-6.089095279900E1,-6.434972551499E1,1.5E0));
#3118=LINE('',#3117,#3116);
#3119=CARTESIAN_POINT('',(-5.5E1,-5.201744848255E1,1.108630096780E1));
#3120=DIRECTION('',(0.E0,0.E0,1.E0));
#3121=DIRECTION('',(1.391730777614E-1,-9.902680720019E-1,0.E0));
#3122=AXIS2_PLACEMENT_3D('',#3119,#3120,#3121);
#3124=CARTESIAN_POINT('',(-5.5E1,-5.201744848255E1,1.7E1));
#3125=DIRECTION('',(0.E0,0.E0,-1.E0));
#3126=DIRECTION('',(1.E0,0.E0,0.E0));
#3127=AXIS2_PLACEMENT_3D('',#3124,#3125,#3126);
#3129=DIRECTION('',(0.E0,0.E0,-1.E0));
#3130=VECTOR('',#3129,4.1E1);
#3131=CARTESIAN_POINT('',(-3.199386891325E1,-6.748763855417E1,2.E1));
#3132=LINE('',#3131,#3130);
#3133=DIRECTION('',(0.E0,0.E0,1.E0));
#3134=VECTOR('',#3133,4.1E1);
#3135=CARTESIAN_POINT('',(-3.686616516875E1,-7.471459351197E1,-2.1E1));
#3136=LINE('',#3135,#3134);
#3137=CARTESIAN_POINT('',(-2.5E1,-4.995998398719E1,4.E1));
#3138=DIRECTION('',(-1.E0,0.E0,0.E0));
#3139=DIRECTION('',(0.E0,7.806247497998E-1,-6.25E-1));
#3140=AXIS2_PLACEMENT_3D('',#3137,#3138,#3139);
#3142=CARTESIAN_POINT('',(-2.5E1,-4.4E1,2.090867760284E1));
#3143=CARTESIAN_POINT('',(-2.543156655018E1,-4.594251415497E1,
2.030225794171E1));
#3144=CARTESIAN_POINT('',(-2.587296174282E1,-4.792926778375E1,2.E1));
#3145=CARTESIAN_POINT('',(-2.632412405949E1,-4.995998398719E1,2.E1));
#3147=CARTESIAN_POINT('',(-5.E1,-4.995998398719E1,4.E1));
#3148=DIRECTION('',(1.E0,0.E0,0.E0));
#3149=DIRECTION('',(0.E0,0.E0,-1.E0));
#3150=AXIS2_PLACEMENT_3D('',#3147,#3148,#3149);
#3152=CARTESIAN_POINT('',(-2.5E1,0.E0,0.E0));
#3153=DIRECTION('',(1.E0,0.E0,0.E0));
#3154=DIRECTION('',(0.E0,-1.E0,0.E0));
#3155=AXIS2_PLACEMENT_3D('',#3152,#3153,#3154);
#3157=DIRECTION('',(0.E0,0.E0,1.E0));
#3158=VECTOR('',#3157,2.167247672081E1);
#3159=CARTESIAN_POINT('',(-2.5E1,-4.4E1,-2.167247672081E1));
#3160=LINE('',#3159,#3158);
#3161=DIRECTION('',(0.E0,0.E0,1.E0));
#3162=VECTOR('',#3161,2.090867760284E1);
#3163=CARTESIAN_POINT('',(-2.5E1,-4.4E1,0.E0));
#3164=LINE('',#3163,#3162);
#3165=CARTESIAN_POINT('',(-2.5E1,0.E0,0.E0));
#3166=DIRECTION('',(1.E0,0.E0,0.E0));
#3167=DIRECTION('',(0.E0,-7.806247497998E-1,6.25E-1));
#3168=AXIS2_PLACEMENT_3D('',#3165,#3166,#3167);
#3170=DIRECTION('',(-1.E0,0.E0,0.E0));
#3171=VECTOR('',#3170,2.9E1);
#3172=CARTESIAN_POINT('',(-2.E1,-1.287663464159E1,-4.207365304210E1));
#3173=LINE('',#3172,#3171);
#3174=CARTESIAN_POINT('',(-4.6E1,-2.165615826086E1,-7.076023466171E1));
#3175=DIRECTION('',(1.E0,0.E0,0.E0));
#3176=DIRECTION('',(0.E0,-5.547085478465E-2,9.984603068072E-1));
#3177=AXIS2_PLACEMENT_3D('',#3174,#3175,#3176);
#3179=CARTESIAN_POINT('',(-4.E1,-2.165615826086E1,-7.076023466171E1));
#3180=DIRECTION('',(-1.E0,0.E0,0.E0));
#3181=DIRECTION('',(0.E0,-7.071067811865E-1,7.071067811865E-1));
#3182=AXIS2_PLACEMENT_3D('',#3179,#3180,#3181);
#3184=DIRECTION('',(-1.E0,0.E0,0.E0));
#3185=VECTOR('',#3184,2.E1);
#3186=CARTESIAN_POINT('',(-2.E1,-1.453635544078E1,-4.161733830937E1));
#3187=LINE('',#3186,#3185);
#3188=CARTESIAN_POINT('',(-2.E1,-2.165615826086E1,-7.076023466171E1));
#3189=DIRECTION('',(-1.E0,0.E0,0.E0));
#3190=DIRECTION('',(0.E0,2.373267606693E-1,9.714298784113E-1));
#3191=AXIS2_PLACEMENT_3D('',#3188,#3189,#3190);
#3193=CARTESIAN_POINT('',(-4.6E1,-2.332028390440E1,-4.080642545750E1));
#3194=CARTESIAN_POINT('',(-4.6E1,-2.269088072108E1,-4.077145808589E1));
#3195=CARTESIAN_POINT('',(-4.611393505038E1,-2.149261009680E1,
-4.074511145780E1));
#3196=CARTESIAN_POINT('',(-4.643508982994E1,-1.992208943631E1,
-4.079791164873E1));
#3197=CARTESIAN_POINT('',(-4.684318528841E1,-1.845882450378E1,
-4.091942307870E1));
#3198=CARTESIAN_POINT('',(-4.732158602829E1,-1.703207316039E1,
-4.110710788125E1));
#3199=CARTESIAN_POINT('',(-4.785677969016E1,-1.561607422824E1,
-4.136294567414E1));
#3200=CARTESIAN_POINT('',(-4.842180315590E1,-1.423124208293E1,
-4.168211617807E1));
#3201=CARTESIAN_POINT('',(-4.880745950638E1,-1.332557650416E1,
-4.193625445839E1));
#3202=CARTESIAN_POINT('',(-4.9E1,-1.287663464159E1,-4.207365304210E1));
#3204=CARTESIAN_POINT('',(-4.9E1,-3.608913322746E1,-3.0109375E1));
#3205=DIRECTION('',(0.E0,-6.40625E-1,7.678538984566E-1));
#3206=DIRECTION('',(1.E0,0.E0,0.E0));
#3207=AXIS2_PLACEMENT_3D('',#3204,#3205,#3206);
#3209=DIRECTION('',(-1.E0,0.E0,0.E0));
#3210=VECTOR('',#3209,2.E1);
#3211=CARTESIAN_POINT('',(-2.E1,-1.520615523639E1,-4.168712132008E1));
#3212=LINE('',#3211,#3210);
#3213=CARTESIAN_POINT('',(-2.E1,-1.477368220145E1,-4.258876818778E1));
#3214=DIRECTION('',(-1.E0,0.E0,0.E0));
#3215=DIRECTION('',(0.E0,-4.324730349447E-1,9.016468677070E-1));
#3216=AXIS2_PLACEMENT_3D('',#3213,#3214,#3215);
#3218=CARTESIAN_POINT('',(-4.E1,-1.477368220145E1,-4.258876818778E1));
#3219=DIRECTION('',(1.E0,0.E0,0.E0));
#3220=DIRECTION('',(0.E0,2.373267606693E-1,9.714298784113E-1));
#3221=AXIS2_PLACEMENT_3D('',#3218,#3219,#3220);
#3223=CARTESIAN_POINT('',(-4.636654955007E1,-7.755739943921E1,-4.8E1));
#3224=CARTESIAN_POINT('',(-4.645450750633E1,-7.733754657460E1,-4.8E1));
#3225=CARTESIAN_POINT('',(-4.665202844258E1,-7.693401172886E1,-4.8E1));
#3226=CARTESIAN_POINT('',(-4.702098129022E1,-7.642376365289E1,-4.8E1));
#3227=CARTESIAN_POINT('',(-4.745268305415E1,-7.605439118362E1,-4.8E1));
#3228=CARTESIAN_POINT('',(-4.780709415904E1,-7.593717104352E1,-4.8E1));
#3229=CARTESIAN_POINT('',(-4.8E1,-7.593717104352E1,-4.8E1));
#3231=CARTESIAN_POINT('',(-4.636654955007E1,-7.755739943921E1,-4.8E1));
#3232=CARTESIAN_POINT('',(-4.645650570267E1,-7.776584079879E1,
-4.829768511221E1));
#3233=CARTESIAN_POINT('',(-4.666560883827E1,-7.818959648800E1,
-4.890287095509E1));
#3234=CARTESIAN_POINT('',(-4.705545440001E1,-7.884865696053E1,
-4.984410685526E1));
#3235=CARTESIAN_POINT('',(-4.750538289550E1,-7.952991402840E1,
-5.081704277882E1));
#3236=CARTESIAN_POINT('',(-4.783281434630E1,-7.999966617496E1,
-5.148791837059E1));
#3237=CARTESIAN_POINT('',(-4.8E1,-8.023940055361E1,-5.183029454561E1));
#3239=CARTESIAN_POINT('',(-4.8E1,-7.E1,-5.9E1));
#3240=DIRECTION('',(-1.E0,0.E0,0.E0));
#3241=DIRECTION('',(0.E0,-8.191520442890E-1,5.735764363510E-1));
#3242=AXIS2_PLACEMENT_3D('',#3239,#3240,#3241);
#3244=CARTESIAN_POINT('',(-4.8E1,-6.406282895648E1,-4.8E1));
#3245=CARTESIAN_POINT('',(-4.782459819531E1,-6.406282895648E1,-4.8E1));
#3246=CARTESIAN_POINT('',(-4.749980022606E1,-6.396600550386E1,-4.8E1));
#3247=CARTESIAN_POINT('',(-4.709446962484E1,-6.364881192793E1,-4.8E1));
#3248=CARTESIAN_POINT('',(-4.674633076384E1,-6.321106266872E1,-4.8E1));
#3249=CARTESIAN_POINT('',(-4.645675445388E1,-6.268682897241E1,-4.8E1));
#3250=CARTESIAN_POINT('',(-4.622038710708E1,-6.207621849946E1,-4.8E1));
#3251=CARTESIAN_POINT('',(-4.604921829057E1,-6.136653245059E1,-4.8E1));
#3252=CARTESIAN_POINT('',(-4.6E1,-6.083432513031E1,-4.8E1));
#3253=CARTESIAN_POINT('',(-4.6E1,-6.055277818615E1,-4.8E1));
#3255=CARTESIAN_POINT('',(-4.8E1,-7.E1,-5.9E1));
#3256=DIRECTION('',(-1.E0,0.E0,0.E0));
#3257=DIRECTION('',(0.E0,4.749736834815E-1,8.8E-1));
#3258=AXIS2_PLACEMENT_3D('',#3255,#3256,#3257);
#3260=CARTESIAN_POINT('',(-4.8E1,-6.116116523517E1,-6.783883476483E1));
#3261=CARTESIAN_POINT('',(-4.788305118655E1,-6.095442698756E1,
-6.763209651723E1));
#3262=CARTESIAN_POINT('',(-4.765051498782E1,-6.054330508417E1,
-6.722097461383E1));
#3263=CARTESIAN_POINT('',(-4.731530718419E1,-5.993466398532E1,
-6.661233351498E1));
#3264=CARTESIAN_POINT('',(-4.699599892901E1,-5.932237081783E1,
-6.600004034750E1));
#3265=CARTESIAN_POINT('',(-4.669835038654E1,-5.869869184081E1,
-6.537636137048E1));
#3266=CARTESIAN_POINT('',(-4.642985885455E1,-5.805361679821E1,
-6.473128632787E1));
#3267=CARTESIAN_POINT('',(-4.620510463894E1,-5.738351337923E1,
-6.406118290890E1));
#3268=CARTESIAN_POINT('',(-4.604488202642E1,-5.668741564662E1,
-6.336508517628E1));
#3269=CARTESIAN_POINT('',(-4.6E1,-5.620845634446E1,-6.288612587413E1));
#3270=CARTESIAN_POINT('',(-4.6E1,-5.596501281246E1,-6.264268234213E1));
#3272=CARTESIAN_POINT('',(-4.6E1,-7.E1,-5.9E1));
#3273=DIRECTION('',(1.E0,0.E0,0.E0));
#3274=DIRECTION('',(0.E0,9.679301508647E-1,-2.512194718707E-1));
#3275=AXIS2_PLACEMENT_3D('',#3272,#3273,#3274);
#3277=DIRECTION('',(-1.E0,0.E0,0.E0));
#3278=VECTOR('',#3277,3.665495500664E-1);
#3279=CARTESIAN_POINT('',(-3.363345044993E1,-7.755739943921E1,-4.8E1));
#3280=LINE('',#3279,#3278);
#3281=DIRECTION('',(1.E0,0.E0,0.E0));
#3282=VECTOR('',#3281,3.665495500664E-1);
#3283=CARTESIAN_POINT('',(-4.636654955007E1,-7.755739943921E1,-4.8E1));
#3284=LINE('',#3283,#3282);
#3285=DIRECTION('',(-1.E0,0.E0,0.E0));
#3286=VECTOR('',#3285,1.2E1);
#3287=CARTESIAN_POINT('',(-3.4E1,-6.305911623828E1,-2.729430574540E1));
#3288=LINE('',#3287,#3286);
#3289=CARTESIAN_POINT('',(-3.4E1,-6.055277818615E1,-4.8E1));
#3290=CARTESIAN_POINT('',(-3.4E1,-6.083545338124E1,-4.8E1));
#3291=CARTESIAN_POINT('',(-3.395038624828E1,-6.136936965607E1,-4.8E1));
#3292=CARTESIAN_POINT('',(-3.377852645629E1,-6.207981162709E1,-4.8E1));
#3293=CARTESIAN_POINT('',(-3.354170656573E1,-6.268992396701E1,-4.8E1));
#3294=CARTESIAN_POINT('',(-3.325344655389E1,-6.321118106069E1,-4.8E1));
#3295=CARTESIAN_POINT('',(-3.290646327139E1,-6.364750321116E1,-4.8E1));
#3296=CARTESIAN_POINT('',(-3.250381708143E1,-6.396399186534E1,-4.8E1));
#3297=CARTESIAN_POINT('',(-3.217703059595E1,-6.406282895648E1,-4.8E1));
#3298=CARTESIAN_POINT('',(-3.2E1,-6.406282895648E1,-4.8E1));
#3300=CARTESIAN_POINT('',(-3.4E1,-7.E1,-5.9E1));
#3301=DIRECTION('',(-1.E0,0.E0,0.E0));
#3302=DIRECTION('',(0.E0,6.515325388859E-1,7.586206896552E-1));
#3303=AXIS2_PLACEMENT_3D('',#3300,#3301,#3302);
#3305=CARTESIAN_POINT('',(-3.4E1,-5.596501281246E1,-6.264268234213E1));
#3306=CARTESIAN_POINT('',(-3.4E1,-5.623817627238E1,-6.291584580205E1));
#3307=CARTESIAN_POINT('',(-3.394371536680E1,-5.675846767585E1,
-6.343613720551E1));
#3308=CARTESIAN_POINT('',(-3.377537216385E1,-5.744731118489E1,
-6.412498071455E1));
#3309=CARTESIAN_POINT('',(-3.355658730539E1,-5.808713530598E1,
-6.476480483565E1));
#3310=CARTESIAN_POINT('',(-3.329760152218E1,-5.870707834498E1,
-6.538474787464E1));
#3311=CARTESIAN_POINT('',(-3.300147300090E1,-5.932753806011E1,
-6.600520758978E1));
#3312=CARTESIAN_POINT('',(-3.267931940062E1,-5.994472549704E1,
-6.662239502671E1));
#3313=CARTESIAN_POINT('',(-3.234230358641E1,-6.055607263628E1,
-6.723374216594E1));
#3314=CARTESIAN_POINT('',(-3.211391718840E1,-6.095978619413E1,
-6.763745572380E1));
#3315=CARTESIAN_POINT('',(-3.2E1,-6.116116523517E1,-6.783883476483E1));
#3317=CARTESIAN_POINT('',(-3.2E1,-7.593717104352E1,-4.8E1));
#3318=CARTESIAN_POINT('',(-3.219468820870E1,-7.593717104352E1,-4.8E1));
#3319=CARTESIAN_POINT('',(-3.255133077302E1,-7.605668974216E1,-4.8E1));
#3320=CARTESIAN_POINT('',(-3.298113692084E1,-7.642646041783E1,-4.8E1));
#3321=CARTESIAN_POINT('',(-3.334870232542E1,-7.693541402975E1,-4.8E1));
#3322=CARTESIAN_POINT('',(-3.354570088681E1,-7.733806745786E1,-4.8E1));
#3323=CARTESIAN_POINT('',(-3.363345044993E1,-7.755739943921E1,-4.8E1));
#3325=CARTESIAN_POINT('',(-3.2E1,-8.023940055361E1,-5.183029454561E1));
#3326=CARTESIAN_POINT('',(-3.216768666868E1,-7.999894774901E1,
-5.148689235200E1));
#3327=CARTESIAN_POINT('',(-3.249588181650E1,-7.952809369399E1,
-5.081444307186E1));
#3328=CARTESIAN_POINT('',(-3.294625141090E1,-7.884596735903E1,
-4.984026570625E1));
#3329=CARTESIAN_POINT('',(-3.333554325618E1,-7.818742507041E1,
-4.889976984940E1));
#3330=CARTESIAN_POINT('',(-3.354387871283E1,-7.776495005272E1,
-4.829641299498E1));
#3331=CARTESIAN_POINT('',(-3.363345044993E1,-7.755739943921E1,-4.8E1));
#3333=DIRECTION('',(1.E0,0.E0,0.E0));
#3334=VECTOR('',#3333,1.6E1);
#3335=CARTESIAN_POINT('',(-4.8E1,-8.023940055361E1,-5.183029454561E1));
#3336=LINE('',#3335,#3334);
#3337=CARTESIAN_POINT('',(-3.2E1,-7.E1,-5.9E1));
#3338=DIRECTION('',(1.E0,0.E0,0.E0));
#3339=DIRECTION('',(0.E0,-4.749736834815E-1,8.8E-1));
#3340=AXIS2_PLACEMENT_3D('',#3337,#3338,#3339);
#3342=DIRECTION('',(-1.E0,7.105427357601E-14,0.E0));
#3343=VECTOR('',#3342,1.E0);
#3344=CARTESIAN_POINT('',(-3.1E1,-7.593717104352E1,-4.8E1));
#3345=LINE('',#3344,#3343);
#3346=CARTESIAN_POINT('',(-3.1E1,-7.E1,-5.9E1));
#3347=DIRECTION('',(1.E0,0.E0,0.E0));
#3348=DIRECTION('',(0.E0,-4.749736834815E-1,8.8E-1));
#3349=AXIS2_PLACEMENT_3D('',#3346,#3347,#3348);
#3351=DIRECTION('',(1.E0,8.526512829121E-14,0.E0));
#3352=VECTOR('',#3351,1.E0);
#3353=CARTESIAN_POINT('',(-3.2E1,-6.406282895648E1,-4.8E1));
#3354=LINE('',#3353,#3352);
#3355=CARTESIAN_POINT('',(-3.2E1,-7.E1,-5.9E1));
#3356=DIRECTION('',(1.E0,0.E0,0.E0));
#3357=DIRECTION('',(0.E0,7.071067811865E-1,-7.071067811865E-1));
#3358=AXIS2_PLACEMENT_3D('',#3355,#3356,#3357);
#3360=CARTESIAN_POINT('',(-4.8E1,-7.E1,-5.9E1));
#3361=DIRECTION('',(-1.E0,0.E0,0.E0));
#3362=DIRECTION('',(0.E0,7.071067811865E-1,-7.071067811865E-1));
#3363=AXIS2_PLACEMENT_3D('',#3360,#3361,#3362);
#3365=CARTESIAN_POINT('',(-3.1E1,7.E1,-5.9E1));
#3366=DIRECTION('',(1.E0,0.E0,0.E0));
#3367=DIRECTION('',(0.E0,1.E0,0.E0));
#3368=AXIS2_PLACEMENT_3D('',#3365,#3366,#3367);
#3370=CARTESIAN_POINT('',(-3.1E1,7.E1,-5.9E1));
#3371=DIRECTION('',(1.E0,0.E0,0.E0));
#3372=DIRECTION('',(0.E0,-1.E0,0.E0));
#3373=AXIS2_PLACEMENT_3D('',#3370,#3371,#3372);
#3375=CARTESIAN_POINT('',(-3.1E1,-7.E1,-5.9E1));
#3376=DIRECTION('',(1.E0,0.E0,0.E0));
#3377=DIRECTION('',(0.E0,1.E0,0.E0));
#3378=AXIS2_PLACEMENT_3D('',#3375,#3376,#3377);
#3380=CARTESIAN_POINT('',(-3.1E1,-7.E1,-5.9E1));
#3381=DIRECTION('',(1.E0,0.E0,0.E0));
#3382=DIRECTION('',(0.E0,-1.E0,0.E0));
#3383=AXIS2_PLACEMENT_3D('',#3380,#3381,#3382);
#3385=DIRECTION('',(0.E0,1.E0,0.E0));
#3386=VECTOR('',#3385,1.187434208704E1);
#3387=CARTESIAN_POINT('',(-3.1E1,-7.593717104352E1,-4.8E1));
#3388=LINE('',#3387,#3386);
#3389=DIRECTION('',(0.E0,-1.E0,0.E0));
#3390=VECTOR('',#3389,1.187434208704E1);
#3391=CARTESIAN_POINT('',(-3.1E1,7.593717104352E1,-4.8E1));
#3392=LINE('',#3391,#3390);
#3393=CARTESIAN_POINT('',(-4.7E1,7.E1,-5.9E1));
#3394=DIRECTION('',(1.E0,0.E0,0.E0));
#3395=DIRECTION('',(0.E0,1.E0,0.E0));
#3396=AXIS2_PLACEMENT_3D('',#3393,#3394,#3395);
#3398=DIRECTION('',(1.E0,1.217475012263E-9,7.992584388973E-9));
#3399=VECTOR('',#3398,1.599999996626E1);
#3400=CARTESIAN_POINT('',(-4.699999996626E1,7.624999998052E1,
-5.900000012788E1));
#3401=LINE('',#3400,#3399);
#3402=DIRECTION('',(8.660254037844E-1,-5.E-1,5.055684352192E-8));
#3403=VECTOR('',#3402,1.154700520594E0);
#3404=CARTESIAN_POINT('',(-4.799999995086E1,7.682735024082E1,
-5.900000018626E1));
#3405=LINE('',#3404,#3403);
#3406=DIRECTION('',(0.E0,-1.E0,0.E0));
#3407=VECTOR('',#3406,1.187434208704E1);
#3408=CARTESIAN_POINT('',(-4.8E1,7.593717104352E1,-4.8E1));
#3409=LINE('',#3408,#3407);
#3410=DIRECTION('',(0.E0,1.E0,0.E0));
#3411=VECTOR('',#3410,1.187434208704E1);
#3412=CARTESIAN_POINT('',(-4.8E1,-7.593717104352E1,-4.8E1));
#3413=LINE('',#3412,#3411);
#3414=CARTESIAN_POINT('',(-4.8E1,7.E1,-5.9E1));
#3415=DIRECTION('',(1.E0,0.E0,0.E0));
#3416=DIRECTION('',(0.E0,-1.E0,0.E0));
#3417=AXIS2_PLACEMENT_3D('',#3414,#3415,#3416);
#3419=CARTESIAN_POINT('',(-4.8E1,7.E1,-5.9E1));
#3420=DIRECTION('',(1.E0,0.E0,0.E0));
#3421=DIRECTION('',(0.E0,1.E0,0.E0));
#3422=AXIS2_PLACEMENT_3D('',#3419,#3420,#3421);
#3424=CARTESIAN_POINT('',(-4.8E1,-7.E1,-5.9E1));
#3425=DIRECTION('',(1.E0,0.E0,0.E0));
#3426=DIRECTION('',(0.E0,1.E0,0.E0));
#3427=AXIS2_PLACEMENT_3D('',#3424,#3425,#3426);
#3429=CARTESIAN_POINT('',(-4.8E1,-7.E1,-5.9E1));
#3430=DIRECTION('',(1.E0,0.E0,0.E0));
#3431=DIRECTION('',(0.E0,-1.E0,0.E0));
#3432=AXIS2_PLACEMENT_3D('',#3429,#3430,#3431);
#3434=CARTESIAN_POINT('',(-4.6E1,6.055277818615E1,-4.8E1));
#3435=CARTESIAN_POINT('',(-4.6E1,6.083512865466E1,-4.8E1));
#3436=CARTESIAN_POINT('',(-4.604950289406E1,6.136859773468E1,-4.8E1));
#3437=CARTESIAN_POINT('',(-4.622119123739E1,6.207887680469E1,-4.8E1));
#3438=CARTESIAN_POINT('',(-4.645804003252E1,6.268961100745E1,-4.8E1));
#3439=CARTESIAN_POINT('',(-4.674779846969E1,6.321325811780E1,-4.8E1));
#3440=CARTESIAN_POINT('',(-4.709582547924E1,6.365009101792E1,-4.8E1));
#3441=CARTESIAN_POINT('',(-4.750045961065E1,6.396623653193E1,-4.8E1));
#3442=CARTESIAN_POINT('',(-4.782483614928E1,6.406282895648E1,-4.8E1));
#3443=CARTESIAN_POINT('',(-4.8E1,6.406282895648E1,-4.8E1));
#3445=CARTESIAN_POINT('',(-4.6E1,7.E1,-5.9E1));
#3446=DIRECTION('',(1.E0,0.E0,0.E0));
#3447=DIRECTION('',(0.E0,-6.515325388859E-1,7.586206896552E-1));
#3448=AXIS2_PLACEMENT_3D('',#3445,#3446,#3447);
#3450=CARTESIAN_POINT('',(-4.6E1,5.596501281246E1,-6.264268234213E1));
#3451=CARTESIAN_POINT('',(-4.6E1,5.623817627238E1,-6.291584580205E1));
#3452=CARTESIAN_POINT('',(-4.605628463320E1,5.675846767585E1,
-6.343613720551E1));
#3453=CARTESIAN_POINT('',(-4.622462783615E1,5.744731118489E1,
-6.412498071455E1));
#3454=CARTESIAN_POINT('',(-4.644341269461E1,5.808713530598E1,
-6.476480483565E1));
#3455=CARTESIAN_POINT('',(-4.670239847782E1,5.870707834498E1,
-6.538474787464E1));
#3456=CARTESIAN_POINT('',(-4.699852699910E1,5.932753806011E1,
-6.600520758978E1));
#3457=CARTESIAN_POINT('',(-4.732068059938E1,5.994472549704E1,
-6.662239502671E1));
#3458=CARTESIAN_POINT('',(-4.765769641359E1,6.055607263628E1,
-6.723374216594E1));
#3459=CARTESIAN_POINT('',(-4.788608281160E1,6.095978619413E1,
-6.763745572380E1));
#3460=CARTESIAN_POINT('',(-4.8E1,6.116116523517E1,-6.783883476483E1));
#3462=CARTESIAN_POINT('',(-4.8E1,7.E1,-5.9E1));
#3463=DIRECTION('',(-1.E0,0.E0,0.E0));
#3464=DIRECTION('',(0.E0,-7.071067811866E-1,-7.071067811865E-1));
#3465=AXIS2_PLACEMENT_3D('',#3462,#3463,#3464);
#3467=CARTESIAN_POINT('',(-4.8E1,7.593717104352E1,-4.8E1));
#3468=CARTESIAN_POINT('',(-4.782096465878E1,7.593717104352E1,-4.8E1));
#3469=CARTESIAN_POINT('',(-4.749023110828E1,7.603769129298E1,-4.8E1));
#3470=CARTESIAN_POINT('',(-4.707836969300E1,7.636712801967E1,-4.8E1));
#3471=CARTESIAN_POINT('',(-4.684588461937E1,7.666437422396E1,-4.8E1));
#3472=CARTESIAN_POINT('',(-4.673672752468E1,7.683291874122E1,-4.8E1));
#3474=CARTESIAN_POINT('',(-4.8E1,7.E1,-5.9E1));
#3475=DIRECTION('',(-1.E0,0.E0,0.E0));
#3476=DIRECTION('',(0.E0,4.749736834815E-1,8.8E-1));
#3477=AXIS2_PLACEMENT_3D('',#3474,#3475,#3476);
#3479=DIRECTION('',(-1.E0,0.E0,0.E0));
#3480=VECTOR('',#3479,1.2E1);
#3481=CARTESIAN_POINT('',(-3.4E1,4.286936169645E1,-4.954703122612E1));
#3482=LINE('',#3481,#3480);
#3483=CARTESIAN_POINT('',(-3.326327247532E1,7.683291874122E1,-4.8E1));
#3484=CARTESIAN_POINT('',(-3.315454265899E1,7.666503396508E1,-4.8E1));
#3485=CARTESIAN_POINT('',(-3.292266399114E1,7.636857082033E1,-4.8E1));
#3486=CARTESIAN_POINT('',(-3.251349053640E1,7.603979234449E1,-4.8E1));
#3487=CARTESIAN_POINT('',(-3.218070121514E1,7.593717104352E1,-4.8E1));
#3488=CARTESIAN_POINT('',(-3.2E1,7.593717104352E1,-4.8E1));
#3490=CARTESIAN_POINT('',(-3.2E1,7.E1,-5.9E1));
#3491=DIRECTION('',(1.E0,0.E0,0.E0));
#3492=DIRECTION('',(0.E0,6.666666666667E-1,7.453559924999E-1));
#3493=AXIS2_PLACEMENT_3D('',#3490,#3491,#3492);
#3495=CARTESIAN_POINT('',(-3.2E1,6.406282895648E1,-4.8E1));
#3496=CARTESIAN_POINT('',(-3.217712969973E1,6.406282895648E1,-4.8E1));
#3497=CARTESIAN_POINT('',(-3.250410552566E1,6.396388926988E1,-4.8E1));
#3498=CARTESIAN_POINT('',(-3.290705824853E1,6.364694587411E1,-4.8E1));
#3499=CARTESIAN_POINT('',(-3.325422917872E1,6.321005624514E1,-4.8E1));
#3500=CARTESIAN_POINT('',(-3.354275517659E1,6.268777052066E1,-4.8E1));
#3501=CARTESIAN_POINT('',(-3.377948129449E1,6.207676577789E1,-4.8E1));
#3502=CARTESIAN_POINT('',(-3.395073846892E1,6.136683239100E1,-4.8E1));
#3503=CARTESIAN_POINT('',(-3.4E1,6.083442374345E1,-4.8E1));
#3504=CARTESIAN_POINT('',(-3.4E1,6.055277818615E1,-4.8E1));
#3506=CARTESIAN_POINT('',(-3.2E1,6.116116523517E1,-6.783883476483E1));
#3507=CARTESIAN_POINT('',(-3.211694881345E1,6.095442698756E1,
-6.763209651723E1));
#3508=CARTESIAN_POINT('',(-3.234948501218E1,6.054330508417E1,
-6.722097461383E1));
#3509=CARTESIAN_POINT('',(-3.268469281581E1,5.993466398532E1,
-6.661233351498E1));
#3510=CARTESIAN_POINT('',(-3.300400107099E1,5.932237081783E1,
-6.600004034750E1));
#3511=CARTESIAN_POINT('',(-3.330164961346E1,5.869869184081E1,
-6.537636137048E1));
#3512=CARTESIAN_POINT('',(-3.357014114545E1,5.805361679821E1,
-6.473128632787E1));
#3513=CARTESIAN_POINT('',(-3.379489536106E1,5.738351337923E1,
-6.406118290890E1));
#3514=CARTESIAN_POINT('',(-3.395511797358E1,5.668741564662E1,
-6.336508517628E1));
#3515=CARTESIAN_POINT('',(-3.4E1,5.620845634446E1,-6.288612587413E1));
#3516=CARTESIAN_POINT('',(-3.4E1,5.596501281246E1,-6.264268234213E1));
#3518=CARTESIAN_POINT('',(-3.4E1,7.E1,-5.9E1));
#3519=DIRECTION('',(-1.E0,0.E0,0.E0));
#3520=DIRECTION('',(0.E0,-9.679301508647E-1,-2.512194718707E-1));
#3521=AXIS2_PLACEMENT_3D('',#3518,#3519,#3520);
#3523=DIRECTION('',(1.E0,0.E0,0.E0));
#3524=VECTOR('',#3523,1.6E1);
#3525=CARTESIAN_POINT('',(-4.8E1,6.116116523517E1,-6.783883476483E1));
#3526=LINE('',#3525,#3524);
#3527=CARTESIAN_POINT('',(-3.2E1,7.E1,-5.9E1));
#3528=DIRECTION('',(1.E0,0.E0,0.E0));
#3529=DIRECTION('',(0.E0,-4.749736834815E-1,8.8E-1));
#3530=AXIS2_PLACEMENT_3D('',#3527,#3528,#3529);
#3532=DIRECTION('',(-1.E0,5.684341886080E-14,0.E0));
#3533=VECTOR('',#3532,1.E0);
#3534=CARTESIAN_POINT('',(-3.1E1,6.406282895648E1,-4.8E1));
#3535=LINE('',#3534,#3533);
#3536=CARTESIAN_POINT('',(-3.1E1,7.E1,-5.9E1));
#3537=DIRECTION('',(1.E0,0.E0,0.E0));
#3538=DIRECTION('',(0.E0,-4.749736834815E-1,8.8E-1));
#3539=AXIS2_PLACEMENT_3D('',#3536,#3537,#3538);
#3541=DIRECTION('',(1.E0,7.105427357601E-14,0.E0));
#3542=VECTOR('',#3541,1.E0);
#3543=CARTESIAN_POINT('',(-3.2E1,7.593717104352E1,-4.8E1));
#3544=LINE('',#3543,#3542);
#3545=DIRECTION('',(1.E0,0.E0,0.E0));
#3546=VECTOR('',#3545,1.6E1);
#3547=CARTESIAN_POINT('',(-4.8E1,7.833333333333E1,-4.968305009375E1));
#3548=LINE('',#3547,#3546);
#3549=CARTESIAN_POINT('',(-4.8E1,7.E1,-5.9E1));
#3550=DIRECTION('',(-1.E0,0.E0,0.E0));
#3551=DIRECTION('',(0.E0,6.666666666667E-1,7.453559924999E-1));
#3552=AXIS2_PLACEMENT_3D('',#3549,#3550,#3551);
#3554=CARTESIAN_POINT('',(-4.6E1,2.165615826086E1,-7.076023466171E1));
#3555=DIRECTION('',(1.E0,0.E0,0.E0));
#3556=DIRECTION('',(0.E0,7.071067811866E-1,7.071067811865E-1));
#3557=AXIS2_PLACEMENT_3D('',#3554,#3555,#3556);
#3559=DIRECTION('',(1.E0,0.E0,0.E0));
#3560=VECTOR('',#3559,2.006634310732E1);
#3561=CARTESIAN_POINT('',(-4.606634310732E1,1.287663464159E1,
-4.207365304210E1));
#3562=LINE('',#3561,#3560);
#3563=CARTESIAN_POINT('',(-3.4E1,2.165615826086E1,-7.076023466171E1));
#3564=DIRECTION('',(-1.E0,0.E0,0.E0));
#3565=DIRECTION('',(0.E0,2.955202476923E-1,9.553364764333E-1));
#3566=AXIS2_PLACEMENT_3D('',#3563,#3564,#3565);
#3568=CARTESIAN_POINT('',(-3.4E1,3.052176569162E1,-4.210014036872E1));
#3569=CARTESIAN_POINT('',(-3.4E1,2.973233965213E1,-4.185594224116E1));
#3570=CARTESIAN_POINT('',(-3.383958705212E1,2.815559294241E1,
-4.143880219951E1));
#3571=CARTESIAN_POINT('',(-3.322497914807E1,2.577646888240E1,
-4.101361124202E1));
#3572=CARTESIAN_POINT('',(-3.236494417180E1,2.351631129259E1,
-4.079047528090E1));
#3573=CARTESIAN_POINT('',(-3.131353954574E1,2.130431177013E1,
-4.073524403486E1));
#3574=CARTESIAN_POINT('',(-3.009487135253E1,1.910498548803E1,
-4.084218837246E1));
#3575=CARTESIAN_POINT('',(-2.876597200633E1,1.695046268943E1,
-4.110562138515E1));
#3576=CARTESIAN_POINT('',(-2.738345499810E1,1.486552660535E1,
-4.151384383652E1));
#3577=CARTESIAN_POINT('',(-2.645921567306E1,1.353232735754E1,
-4.187297839348E1));
#3578=CARTESIAN_POINT('',(-2.6E1,1.287663464159E1,-4.207365304210E1));
#3580=CARTESIAN_POINT('',(-2.6E1,4.830197648942E1,-1.925925925926E1));
#3581=DIRECTION('',(0.E0,3.703703703704E-1,9.288841632581E-1));
#3582=DIRECTION('',(-1.E0,0.E0,0.E0));
#3583=AXIS2_PLACEMENT_3D('',#3580,#3581,#3582);
#3585=CARTESIAN_POINT('',(-2.6E1,5.015974481594E1,-2.E1));
#3586=DIRECTION('',(-1.E0,0.E0,0.E0));
#3587=DIRECTION('',(0.E0,-9.288841632581E-1,3.703703703704E-1));
#3588=AXIS2_PLACEMENT_3D('',#3585,#3586,#3587);
#3590=CARTESIAN_POINT('',(-2.E1,5.015974481594E1,-2.E1));
#3591=DIRECTION('',(-1.E0,0.E0,0.E0));
#3592=DIRECTION('',(0.E0,-9.288841632581E-1,3.703703703704E-1));
#3593=AXIS2_PLACEMENT_3D('',#3590,#3591,#3592);
#3595=DIRECTION('',(8.660254037844E-1,5.E-1,-5.055684352192E-8));
#3596=VECTOR('',#3595,1.154700520594E0);
#3597=CARTESIAN_POINT('',(-4.799999995086E1,6.317264975918E1,
-5.899999981374E1));
#3598=LINE('',#3597,#3596);
#3599=CARTESIAN_POINT('',(-4.7E1,7.E1,-5.9E1));
#3600=DIRECTION('',(1.E0,0.E0,0.E0));
#3601=DIRECTION('',(0.E0,-1.E0,0.E0));
#3602=AXIS2_PLACEMENT_3D('',#3599,#3600,#3601);
#3604=DIRECTION('',(1.E0,-1.217475012263E-9,-7.992584388973E-9));
#3605=VECTOR('',#3604,1.599999996626E1);
#3606=CARTESIAN_POINT('',(-4.699999996626E1,6.375000001948E1,
-5.899999987212E1));
#3607=LINE('',#3606,#3605);
#3608=DIRECTION('',(8.660254037844E-1,-5.E-1,5.055683121496E-8));
#3609=VECTOR('',#3608,1.154700520594E0);
#3610=CARTESIAN_POINT('',(-4.799999995086E1,-6.317264975918E1,
-5.900000018626E1));
#3611=LINE('',#3610,#3609);
#3612=DIRECTION('',(8.660254037845E-1,5.E-1,-5.055684352192E-8));
#3613=VECTOR('',#3612,1.154700520594E0);
#3614=CARTESIAN_POINT('',(-4.799999995086E1,-7.682735024082E1,
-5.899999981374E1));
#3615=LINE('',#3614,#3613);
#3616=CARTESIAN_POINT('',(-4.7E1,-7.E1,-5.9E1));
#3617=DIRECTION('',(1.E0,0.E0,0.E0));
#3618=DIRECTION('',(0.E0,-1.E0,0.E0));
#3619=AXIS2_PLACEMENT_3D('',#3616,#3617,#3618);
#3621=DIRECTION('',(1.E0,-1.217475012263E-9,-7.992584388973E-9));
#3622=VECTOR('',#3621,1.599999996626E1);
#3623=CARTESIAN_POINT('',(-4.699999996626E1,-7.624999998052E1,
-5.899999987212E1));
#3624=LINE('',#3623,#3622);
#3625=CARTESIAN_POINT('',(-4.7E1,-7.E1,-5.9E1));
#3626=DIRECTION('',(1.E0,0.E0,0.E0));
#3627=DIRECTION('',(0.E0,1.E0,0.E0));
#3628=AXIS2_PLACEMENT_3D('',#3625,#3626,#3627);
#3630=DIRECTION('',(1.E0,1.217475012263E-9,7.992584388973E-9));
#3631=VECTOR('',#3630,1.599999996626E1);
#3632=CARTESIAN_POINT('',(-4.699999996626E1,-6.375000001948E1,
-5.900000012788E1));
#3633=LINE('',#3632,#3631);
#3634=DIRECTION('',(6.018150231520E-1,0.E0,-7.986355100473E-1));
#3635=VECTOR('',#3634,1.882534147250E1);
#3636=CARTESIAN_POINT('',(-4.532937331412E1,1.E1,7.8E1));
#3637=LINE('',#3636,#3635);
#3638=DIRECTION('',(0.E0,1.E0,0.E0));
#3639=VECTOR('',#3638,7.E0);
#3640=CARTESIAN_POINT('',(-3.4E1,1.E1,6.296541381129E1));
#3641=LINE('',#3640,#3639);
#3642=DIRECTION('',(6.018150231520E-1,0.E0,-7.986355100473E-1));
#3643=VECTOR('',#3642,1.882534147250E1);
#3644=CARTESIAN_POINT('',(-4.532937331412E1,1.7E1,7.8E1));
#3645=LINE('',#3644,#3643);
#3646=DIRECTION('',(0.E0,1.E0,0.E0));
#3647=VECTOR('',#3646,7.E0);
#3648=CARTESIAN_POINT('',(-4.532937331412E1,1.E1,7.8E1));
#3649=LINE('',#3648,#3647);
#3650=DIRECTION('',(0.E0,-1.E0,0.E0));
#3651=VECTOR('',#3650,1.2E1);
#3652=CARTESIAN_POINT('',(-6.500755815726E1,1.95E1,1.041138332950E2));
#3653=LINE('',#3652,#3651);
#3654=DIRECTION('',(0.E0,-1.E0,0.E0));
#3655=VECTOR('',#3654,4.266857776888E1);
#3656=CARTESIAN_POINT('',(-2.E1,2.876320165942E1,4.438678630861E1));
#3657=LINE('',#3656,#3655);
#3658=CARTESIAN_POINT('',(-5.633122175695E1,7.5E0,9.259994600430E1));
#3659=CARTESIAN_POINT('',(-5.289741463665E1,7.5E0,8.804313004687E1));
#3660=CARTESIAN_POINT('',(-4.624521742605E1,6.554032844613E0,7.921536618615E1));
#3661=CARTESIAN_POINT('',(-3.684134138874E1,2.612615601265E0,6.673600118767E1));
#3662=CARTESIAN_POINT('',(-2.801742597199E1,-3.875599815173E0,
5.502626992746E1));
#3663=CARTESIAN_POINT('',(-2.257365902015E1,-1.012818239602E1,
4.780214718391E1));
#3664=CARTESIAN_POINT('',(-2.E1,-1.390537610947E1,4.438678630861E1));
#3666=DIRECTION('',(1.E0,0.E0,0.E0));
#3667=VECTOR('',#3666,1.132937331412E1);
#3668=CARTESIAN_POINT('',(-4.532937331412E1,1.E1,7.8E1));
#3669=LINE('',#3668,#3667);
#3670=DIRECTION('',(0.E0,0.E0,-1.E0));
#3671=VECTOR('',#3670,1.503458618871E1);
#3672=CARTESIAN_POINT('',(-3.4E1,1.E1,7.8E1));
#3673=LINE('',#3672,#3671);
#3674=DIRECTION('',(0.E0,0.E0,-1.E0));
#3675=VECTOR('',#3674,1.503458618871E1);
#3676=CARTESIAN_POINT('',(-3.4E1,1.7E1,7.8E1));
#3677=LINE('',#3676,#3675);
#3678=DIRECTION('',(1.E0,0.E0,0.E0));
#3679=VECTOR('',#3678,1.132937331412E1);
#3680=CARTESIAN_POINT('',(-4.532937331412E1,1.7E1,7.8E1));
#3681=LINE('',#3680,#3679);
#3682=DIRECTION('',(0.E0,1.E0,0.E0));
#3683=VECTOR('',#3682,7.E0);
#3684=CARTESIAN_POINT('',(-3.4E1,1.E1,7.8E1));
#3685=LINE('',#3684,#3683);
#3686=CARTESIAN_POINT('',(-7.101849727491E1,2.15E1,1.208270773981E2));
#3687=CARTESIAN_POINT('',(-7.100583028444E1,2.138154909181E1,1.205440264775E2));
#3688=CARTESIAN_POINT('',(-7.097239664837E1,2.114358853037E1,1.199758092029E2));
#3689=CARTESIAN_POINT('',(-7.089658595743E1,2.079045689419E1,1.191112161381E2));
#3690=CARTESIAN_POINT('',(-7.079462798592E1,2.045416913771E1,1.182409281261E2));
#3691=CARTESIAN_POINT('',(-7.066705239907E1,2.014839707275E1,1.173726943609E2));
#3692=CARTESIAN_POINT('',(-7.051409681257E1,1.988474456634E1,1.165083357825E2));
#3693=CARTESIAN_POINT('',(-7.033603108422E1,1.967565827224E1,1.156493942530E2));
#3694=CARTESIAN_POINT('',(-7.013396377936E1,1.953588115776E1,1.148003571278E2));
#3695=CARTESIAN_POINT('',(-6.998482540965E1,1.95E1,1.142455106328E2));
#3696=CARTESIAN_POINT('',(-6.990672983375E1,1.95E1,1.139705917212E2));
#3698=CARTESIAN_POINT('',(-4.104849285584E1,1.95E1,1.221682839895E2));
#3699=DIRECTION('',(0.E0,-1.E0,0.E0));
#3700=DIRECTION('',(-9.619412325972E-1,0.E0,-2.732564089447E-1));
#3701=AXIS2_PLACEMENT_3D('',#3698,#3699,#3700);
#3703=CARTESIAN_POINT('',(-4.104849285584E1,7.5E0,1.221682839895E2));
#3704=DIRECTION('',(0.E0,1.E0,0.E0));
#3705=DIRECTION('',(-7.986355100473E-1,0.E0,-6.018150231520E-1));
#3706=AXIS2_PLACEMENT_3D('',#3703,#3704,#3705);
#3708=CARTESIAN_POINT('',(-6.990672983375E1,7.5E0,1.139705917212E2));
#3709=CARTESIAN_POINT('',(-6.998661549212E1,7.5E0,1.142518122385E2));
#3710=CARTESIAN_POINT('',(-7.013851458467E1,7.462512161777E0,1.148177433638E2));
#3711=CARTESIAN_POINT('',(-7.034280801046E1,7.318316675076E0,1.156794654090E2));
#3712=CARTESIAN_POINT('',(-7.052110693688E1,7.105154305875E0,1.165448194253E2));
#3713=CARTESIAN_POINT('',(-7.067271450418E1,6.839769813884E0,1.174081104827E2));
#3714=CARTESIAN_POINT('',(-7.079814228688E1,6.535490720976E0,1.182684147524E2));
#3715=CARTESIAN_POINT('',(-7.089812132041E1,6.202994521890E0,1.191273925060E2));
#3716=CARTESIAN_POINT('',(-7.097269439781E1,5.854219932191E0,1.199810163325E2));
#3717=CARTESIAN_POINT('',(-7.100589075879E1,5.617885403517E0,1.205453778105E2));
#3718=CARTESIAN_POINT('',(-7.101849727491E1,5.5E0,1.208270773981E2));
#3720=DIRECTION('',(0.E0,-1.E0,0.E0));
#3721=VECTOR('',#3720,1.6E1);
#3722=CARTESIAN_POINT('',(-7.101849727491E1,2.15E1,1.208270773981E2));
#3723=LINE('',#3722,#3721);
#3724=CARTESIAN_POINT('',(-8.95E1,5.5E0,1.2E2));
#3725=DIRECTION('',(0.E0,-1.E0,0.E0));
#3726=DIRECTION('',(9.990001473023E-1,0.E0,4.470688638218E-2));
#3727=AXIS2_PLACEMENT_3D('',#3724,#3725,#3726);
#3729=DIRECTION('',(-1.243449787580E-14,-1.E0,0.E0));
#3730=VECTOR('',#3729,1.6E1);
#3731=CARTESIAN_POINT('',(-9.934180786911E1,2.15E1,1.043351087502E2));
#3732=LINE('',#3731,#3730);
#3733=CARTESIAN_POINT('',(-8.95E1,2.15E1,1.2E2));
#3734=DIRECTION('',(0.E0,1.E0,0.E0));
#3735=DIRECTION('',(-5.319896145463E-1,0.E0,-8.467508783668E-1));
#3736=AXIS2_PLACEMENT_3D('',#3733,#3734,#3735);
#3738=CARTESIAN_POINT('',(-8.95E1,5.5E0,1.2E2));
#3739=DIRECTION('',(0.E0,1.E0,0.E0));
#3740=DIRECTION('',(-1.E0,0.E0,0.E0));
#3741=AXIS2_PLACEMENT_3D('',#3738,#3739,#3740);
#3743=CARTESIAN_POINT('',(-8.95E1,5.5E0,1.2E2));
#3744=DIRECTION('',(0.E0,1.E0,0.E0));
#3745=DIRECTION('',(1.E0,0.E0,0.E0));
#3746=AXIS2_PLACEMENT_3D('',#3743,#3744,#3745);
#3748=CARTESIAN_POINT('',(-8.95E1,7.5E0,1.2E2));
#3749=DIRECTION('',(0.E0,1.E0,0.E0));
#3750=DIRECTION('',(9.557692764022E-1,0.E0,-2.941174770149E-1));
#3751=AXIS2_PLACEMENT_3D('',#3748,#3749,#3750);
#3753=CARTESIAN_POINT('',(-8.95E1,5.5E0,1.2E2));
#3754=DIRECTION('',(0.E0,-1.E0,0.E0));
#3755=DIRECTION('',(-5.319896145464E-1,0.E0,-8.467508783667E-1));
#3756=AXIS2_PLACEMENT_3D('',#3753,#3754,#3755);
#3758=DIRECTION('',(-5.652270145795E-1,0.E0,8.249354047376E-1));
#3759=VECTOR('',#3758,3.987520493608E0);
#3760=CARTESIAN_POINT('',(-8.829957985919E1,7.5E0,9.259994600430E1));
#3761=LINE('',#3760,#3759);
#3762=DIRECTION('',(6.018150231520E-1,0.E0,-7.986355100473E-1));
#3763=VECTOR('',#3762,1.441694884064E1);
#3764=CARTESIAN_POINT('',(-6.500755815726E1,7.5E0,1.041138332950E2));
#3765=LINE('',#3764,#3763);
#3766=DIRECTION('',(1.E0,0.E0,0.E0));
#3767=VECTOR('',#3766,3.196835810225E1);
#3768=CARTESIAN_POINT('',(-8.829957985919E1,7.5E0,9.259994600430E1));
#3769=LINE('',#3768,#3767);
#3770=CARTESIAN_POINT('',(-1.153014963055E2,1.95E1,7.893258239921E1));
#3771=DIRECTION('',(0.E0,-1.E0,0.E0));
#3772=DIRECTION('',(8.249354047376E-1,0.E0,5.652270145795E-1));
#3773=AXIS2_PLACEMENT_3D('',#3770,#3771,#3772);
#3775=CARTESIAN_POINT('',(-9.392757632468E1,1.95E1,9.998384232953E1));
#3776=CARTESIAN_POINT('',(-9.412999768558E1,1.95E1,1.001893662737E2));
#3777=CARTESIAN_POINT('',(-9.454286218535E1,1.953652233709E1,1.005967340921E2));
#3778=CARTESIAN_POINT('',(-9.518900673449E1,1.967906981629E1,1.011980082985E2));
#3779=CARTESIAN_POINT('',(-9.585426424441E1,1.989162633127E1,1.017813205866E2));
#3780=CARTESIAN_POINT('',(-9.653196053542E1,2.015721305835E1,1.023411228732E2));
#3781=CARTESIAN_POINT('',(-9.721998962268E1,2.046201625444E1,1.028764965853E2));
#3782=CARTESIAN_POINT('',(-9.791938513555E1,2.079521608441E1,1.033888889214E2));
#3783=CARTESIAN_POINT('',(-9.862695054782E1,2.114495183385E1,1.038765760298E2));
#3784=CARTESIAN_POINT('',(-9.910249949251E1,2.138184785230E1,1.041847580694E2));
#3785=CARTESIAN_POINT('',(-9.934180786911E1,2.15E1,1.043351087502E2));
#3787=CARTESIAN_POINT('',(-9.934180786911E1,5.5E0,1.043351087502E2));
#3788=CARTESIAN_POINT('',(-9.894036379928E1,5.698202335022E0,1.040828928017E2));
#3789=CARTESIAN_POINT('',(-9.817948605262E1,6.079298873035E0,1.035784759719E2));
#3790=CARTESIAN_POINT('',(-9.714604619055E1,6.576172134565E0,1.028257532279E2));
#3791=CARTESIAN_POINT('',(-9.621690824961E1,6.976290684088E0,1.020889671385E2));
#3792=CARTESIAN_POINT('',(-9.536881941900E1,7.274152422370E0,1.013619954945E2));
#3793=CARTESIAN_POINT('',(-9.460143254528E1,7.457976189756E0,1.006545291584E2));
#3794=CARTESIAN_POINT('',(-9.414388372491E1,7.5E0,1.002034651492E2));
#3795=CARTESIAN_POINT('',(-9.392757632468E1,7.5E0,9.998384232953E1));
#3797=CARTESIAN_POINT('',(-1.153014963055E2,7.5E0,7.893258239921E1));
#3798=DIRECTION('',(0.E0,1.E0,0.E0));
#3799=DIRECTION('',(7.124639993605E-1,0.E0,7.017086643439E-1));
#3800=AXIS2_PLACEMENT_3D('',#3797,#3798,#3799);
#3802=DIRECTION('',(-5.652270145795E-1,0.E0,8.249354047376E-1));
#3803=VECTOR('',#3802,1.926137821864E1);
#3804=CARTESIAN_POINT('',(-7.966638285616E1,1.95E1,8.E1));
#3805=LINE('',#3804,#3803);
#3806=DIRECTION('',(1.E0,0.E0,0.E0));
#3807=VECTOR('',#3806,2.540075785616E1);
#3808=CARTESIAN_POINT('',(-7.966638285616E1,1.95E1,8.E1));
#3809=LINE('',#3808,#3807);
#3810=CARTESIAN_POINT('',(-5.4265625E1,1.95E1,8.E1));
#3811=CARTESIAN_POINT('',(-5.419069925647E1,1.95E1,8.E1));
#3812=CARTESIAN_POINT('',(-5.404084797707E1,1.95E1,7.999993203631E1));
#3813=CARTESIAN_POINT('',(-5.381607168094E1,1.95E1,7.999962620050E1));
#3814=CARTESIAN_POINT('',(-5.366622123218E1,1.95E1,7.999928638245E1));
#3815=CARTESIAN_POINT('',(-5.359129611163E1,1.95E1,7.999908249110E1));
#3817=CARTESIAN_POINT('',(-5.359129611163E1,1.95E1,7.999908249110E1));
#3818=CARTESIAN_POINT('',(-5.243663889805E1,1.949999743469E1,7.999594199116E1));
#3819=CARTESIAN_POINT('',(-5.015043004985E1,1.950001663607E1,7.998518853593E1));
#3820=CARTESIAN_POINT('',(-4.791036227934E1,1.949996929317E1,7.996580429895E1));
#3821=CARTESIAN_POINT('',(-4.680189157144E1,1.949996804668E1,7.995409739775E1));
#3823=DIRECTION('',(6.018150179030E-1,-1.056263951391E-6,-7.986355140020E-1));
#3824=VECTOR('',#3823,3.025126665875E1);
#3825=CARTESIAN_POINT('',(-6.500755815726E1,1.95E1,1.041138332950E2));
#3826=LINE('',#3825,#3824);
#3827=CARTESIAN_POINT('',(-8.95E1,2.15E1,1.2E2));
#3828=DIRECTION('',(0.E0,1.E0,0.E0));
#3829=DIRECTION('',(9.990001473023E-1,0.E0,4.470688638217E-2));
#3830=AXIS2_PLACEMENT_3D('',#3827,#3828,#3829);
#3832=CARTESIAN_POINT('',(-8.95E1,1.95E1,1.2E2));
#3833=DIRECTION('',(0.E0,-1.E0,0.E0));
#3834=DIRECTION('',(-2.159793329114E-1,0.E0,-9.763979351449E-1));
#3835=AXIS2_PLACEMENT_3D('',#3832,#3833,#3834);
#3837=CARTESIAN_POINT('',(-8.95E1,2.15E1,1.2E2));
#3838=DIRECTION('',(0.E0,1.E0,0.E0));
#3839=DIRECTION('',(-1.E0,0.E0,0.E0));
#3840=AXIS2_PLACEMENT_3D('',#3837,#3838,#3839);
#3842=CARTESIAN_POINT('',(-8.95E1,2.15E1,1.2E2));
#3843=DIRECTION('',(0.E0,1.E0,0.E0));
#3844=DIRECTION('',(1.E0,0.E0,0.E0));
#3845=AXIS2_PLACEMENT_3D('',#3842,#3843,#3844);
#3847=DIRECTION('',(-7.124704998791E-2,-9.974586998307E-1,0.E0));
#3848=VECTOR('',#3847,1.403566884762E1);
#3849=CARTESIAN_POINT('',(-8.25E1,2.15E1,1.2E2));
#3850=LINE('',#3849,#3848);
#3851=DIRECTION('',(7.124704998791E-2,-9.974586998307E-1,0.E0));
#3852=VECTOR('',#3851,1.403566884762E1);
#3853=CARTESIAN_POINT('',(-9.65E1,2.15E1,1.2E2));
#3854=LINE('',#3853,#3852);
#3855=DIRECTION('',(0.E0,-1.E0,0.E0));
#3856=VECTOR('',#3855,2.E0);
#3857=CARTESIAN_POINT('',(-9.55E1,7.5E0,1.2E2));
#3858=LINE('',#3857,#3856);
#3859=CARTESIAN_POINT('',(-8.95E1,7.5E0,1.2E2));
#3860=DIRECTION('',(0.E0,-1.E0,0.E0));
#3861=DIRECTION('',(-1.E0,0.E0,0.E0));
#3862=AXIS2_PLACEMENT_3D('',#3859,#3860,#3861);
#3864=DIRECTION('',(0.E0,-1.E0,0.E0));
#3865=VECTOR('',#3864,2.E0);
#3866=CARTESIAN_POINT('',(-8.35E1,7.5E0,1.2E2));
#3867=LINE('',#3866,#3865);
#3868=CARTESIAN_POINT('',(-8.95E1,7.5E0,1.2E2));
#3869=DIRECTION('',(0.E0,1.E0,0.E0));
#3870=DIRECTION('',(-1.E0,0.E0,0.E0));
#3871=AXIS2_PLACEMENT_3D('',#3868,#3869,#3870);
#3873=CARTESIAN_POINT('',(-5.4265625E1,8.95E1,8.E1));
#3874=DIRECTION('',(1.E0,0.E0,0.E0));
#3875=DIRECTION('',(0.E0,-1.E0,0.E0));
#3876=AXIS2_PLACEMENT_3D('',#3873,#3874,#3875);
#3878=CARTESIAN_POINT('',(-2.E1,5.693804984551E1,1.718859421952E1));
#3879=CARTESIAN_POINT('',(-2.E1,5.804039017106E1,1.660859889376E1));
#3880=CARTESIAN_POINT('',(-2.018455571749E1,6.016074459090E1,1.557835370387E1));
#3881=CARTESIAN_POINT('',(-2.085876588339E1,6.294887875157E1,1.440373030444E1));
#3882=CARTESIAN_POINT('',(-2.183540498435E1,6.544141921723E1,1.348776621676E1));
#3883=CARTESIAN_POINT('',(-2.308279971144E1,6.771388372771E1,1.275956946084E1));
#3884=CARTESIAN_POINT('',(-2.469295846163E1,6.991161948897E1,1.215134477710E1));
#3885=CARTESIAN_POINT('',(-2.672501281495E1,7.200029193179E1,1.166256402212E1));
#3886=CARTESIAN_POINT('',(-2.843083598300E1,7.328993630306E1,1.141475225946E1));
#3887=CARTESIAN_POINT('',(-2.937017857872E1,7.387932773567E1,1.131294537820E1));
#3889=CARTESIAN_POINT('',(-2.E1,5.693804984551E1,1.718859421952E1));
#3890=CARTESIAN_POINT('',(-2.E1,5.450175332823E1,1.847044934123E1));
#3891=CARTESIAN_POINT('',(-2.E1,4.986729748229E1,2.127413124724E1));
#3892=CARTESIAN_POINT('',(-2.E1,4.358300566170E1,2.613542578271E1));
#3893=CARTESIAN_POINT('',(-2.E1,3.796759174605E1,3.158061736239E1));
#3894=CARTESIAN_POINT('',(-2.E1,3.294549068501E1,3.767817850666E1));
#3895=CARTESIAN_POINT('',(-2.E1,3.007943875582E1,4.208690175814E1));
#3896=CARTESIAN_POINT('',(-2.E1,2.876320165942E1,4.438678630861E1));
#3898=CARTESIAN_POINT('',(-2.E1,2.876320165942E1,4.438678630861E1));
#3899=CARTESIAN_POINT('',(-2.203180185282E1,2.727591982080E1,4.708307843595E1));
#3900=CARTESIAN_POINT('',(-2.621285093598E1,2.463995784705E1,5.263151798250E1));
#3901=CARTESIAN_POINT('',(-3.290277502518E1,2.169449491534E1,6.150934704901E1));
#3902=CARTESIAN_POINT('',(-3.984442078511E1,1.989782277861E1,7.072122230292E1));
#3903=CARTESIAN_POINT('',(-4.447331758195E1,1.949996273794E1,7.686397534325E1));
#3904=CARTESIAN_POINT('',(-4.680189157144E1,1.949996804668E1,7.995409739775E1));
#3906=CARTESIAN_POINT('',(-5.359128245165E1,8.95E1,7.999908245395E1));
#3907=DIRECTION('',(9.999962973272E-1,0.E0,-2.721273929814E-3));
#3908=DIRECTION('',(0.E0,-1.E0,-3.116237426831E-13));
#3909=AXIS2_PLACEMENT_3D('',#3906,#3907,#3908);
#3911=DIRECTION('',(0.E0,-1.E0,0.E0));
#3912=VECTOR('',#3911,7.412581382194E0);
#3913=CARTESIAN_POINT('',(-7.4E1,6.429800502330E1,-1.6E1));
#3914=LINE('',#3913,#3912);
#3915=CARTESIAN_POINT('',(-9.1E1,8.397032059620E1,-1.6E1));
#3916=DIRECTION('',(0.E0,0.E0,-1.E0));
#3917=DIRECTION('',(6.538461538462E-1,-7.566275220348E-1,0.E0));
#3918=AXIS2_PLACEMENT_3D('',#3915,#3916,#3917);
#3920=DIRECTION('',(-8.289737918112E-1,5.592874506818E-1,0.E0));
#3921=VECTOR('',#3920,6.642294600050E0);
#3922=CARTESIAN_POINT('',(-7.409872728565E1,5.688542364110E1,-1.6E1));
#3923=LINE('',#3922,#3921);
#3924=CARTESIAN_POINT('',(-6.601781373295E1,5.143343760160E1,1.391166732178E1));
#3925=CARTESIAN_POINT('',(-6.506140708373E1,5.078817445583E1,1.425573483898E1));
#3926=CARTESIAN_POINT('',(-6.325699788310E1,4.937906451903E1,1.503693234299E1));
#3927=CARTESIAN_POINT('',(-6.089334487603E1,4.694595600451E1,1.653053031688E1));
#3928=CARTESIAN_POINT('',(-5.896984637820E1,4.434603122594E1,1.831521544859E1));
#3929=CARTESIAN_POINT('',(-5.750699825663E1,4.174387076083E1,2.031834173618E1));
#3930=CARTESIAN_POINT('',(-5.643440043401E1,3.920157148837E1,2.250696046859E1));
#3931=CARTESIAN_POINT('',(-5.564734781202E1,3.658187653160E1,2.503646432616E1));
#3932=CARTESIAN_POINT('',(-5.513107358695E1,3.378538046809E1,2.809977552621E1));
#3933=CARTESIAN_POINT('',(-5.5E1,3.173765440881E1,3.071362294479E1));
#3934=CARTESIAN_POINT('',(-5.5E1,3.070909280632E1,3.216513472599E1));
#3936=CARTESIAN_POINT('',(-5.506299783834E1,3.248276785818E1,3.939168510162E1));
#3937=CARTESIAN_POINT('',(-5.504221201159E1,3.219052931866E1,3.913042288666E1));
#3938=CARTESIAN_POINT('',(-5.501071742599E1,3.160256673600E1,3.860465914350E1));
#3939=CARTESIAN_POINT('',(-5.5E1,3.100796533447E1,3.807283181107E1));
#3940=CARTESIAN_POINT('',(-5.5E1,3.070909280632E1,3.780551209525E1));
#3942=DIRECTION('',(0.E0,0.E0,-1.E0));
#3943=VECTOR('',#3942,5.640377369269E0);
#3944=CARTESIAN_POINT('',(-5.5E1,3.070909280632E1,3.780551209525E1));
#3945=LINE('',#3944,#3943);
#3946=DIRECTION('',(0.E0,0.E0,-1.E0));
#3947=VECTOR('',#3946,5.787462875136E0);
#3948=CARTESIAN_POINT('',(-5.5E1,3.070909280632E1,-2.580761451741E1));
#3949=LINE('',#3948,#3947);
#3950=CARTESIAN_POINT('',(-5.5E1,3.070909280632E1,-2.580761451741E1));
#3951=CARTESIAN_POINT('',(-5.5E1,3.495064564071E1,-2.344090898582E1));
#3952=CARTESIAN_POINT('',(-5.650383656666E1,4.066805692947E1,
-2.025070260345E1));
#3953=CARTESIAN_POINT('',(-6.092897753456E1,4.725344780563E1,
-1.657618017668E1));
#3954=CARTESIAN_POINT('',(-6.409599008217E1,5.013683225542E1,
-1.496730668307E1));
#3955=CARTESIAN_POINT('',(-6.601781373295E1,5.143343760160E1,
-1.424382564560E1));
#3957=DIRECTION('',(8.625746700346E-1,-4.418065383104E-1,-2.465196165030E-1));
#3958=VECTOR('',#3957,2.903007696818E1);
#3959=CARTESIAN_POINT('',(-8.139360210346E1,6.180708941655E1,
-8.455525913919E0));
#3960=LINE('',#3959,#3958);
#3961=CARTESIAN_POINT('',(-5.635299304155E1,4.898141160435E1,
-1.561200935517E1));
#3962=CARTESIAN_POINT('',(-5.592388476352E1,4.876160695587E1,
-1.573465615405E1));
#3963=CARTESIAN_POINT('',(-5.513266182018E1,4.825820894666E1,
-1.601554263584E1));
#3964=CARTESIAN_POINT('',(-5.414057273920E1,4.736238878233E1,
-1.651539319082E1));
#3965=CARTESIAN_POINT('',(-5.328577868121E1,4.628621655899E1,
-1.711587675271E1));
#3966=CARTESIAN_POINT('',(-5.259168134874E1,4.500327802455E1,
-1.783173197005E1));
#3967=CARTESIAN_POINT('',(-5.212029877696E1,4.352061226834E1,
-1.865903116535E1));
#3968=CARTESIAN_POINT('',(-5.200002570082E1,4.243274472653E1,
-1.926604049174E1));
#3969=CARTESIAN_POINT('',(-5.2E1,4.186106468548E1,-1.958502704413E1));
#3971=DIRECTION('',(0.E0,-8.732566434082E-1,-4.872605409259E-1));
#3972=VECTOR('',#3971,2.701244196517E1);
#3973=CARTESIAN_POINT('',(-5.2E1,4.186106468548E1,-1.958502704413E1));
#3974=LINE('',#3973,#3972);
#3975=CARTESIAN_POINT('',(-8.922573905565E1,6.709123223584E1,6.539543983430E0));
#3976=CARTESIAN_POINT('',(-8.731275861359E1,6.611141308266E1,6.772702152773E0));
#3977=CARTESIAN_POINT('',(-8.340700224703E1,6.411090352646E1,7.301988598065E0));
#3978=CARTESIAN_POINT('',(-7.769124684852E1,6.118332157740E1,8.227876155111E0));
#3979=CARTESIAN_POINT('',(-7.097759891561E1,5.774462381496E1,9.519235978010E0));
#3980=CARTESIAN_POINT('',(-6.363480147306E1,5.398367886189E1,1.121077395728E1));
#3981=CARTESIAN_POINT('',(-5.824578594484E1,5.122345121408E1,1.269353851261E1));
#3982=CARTESIAN_POINT('',(-5.544124130409E1,4.978697725332E1,1.354657884110E1));
#3984=DIRECTION('',(2.774380300993E-11,-1.421029746536E-11,1.E0));
#3985=VECTOR('',#3984,2.741207490890E1);
#3986=CARTESIAN_POINT('',(-5.544124130486E1,4.978697725371E1,
-1.386549606781E1));
#3987=LINE('',#3986,#3985);
#3988=DIRECTION('',(8.625746700331E-1,-4.418065383096E-1,-2.465196165099E-1));
#3989=VECTOR('',#3988,3.916704106814E1);
#3990=CARTESIAN_POINT('',(-8.922573883038E1,6.709123208385E1,
-4.210052123861E0));
#3991=LINE('',#3990,#3989);
#3992=CARTESIAN_POINT('',(-5.635299355770E1,4.800689078688E1,1.354657868468E1));
#3993=DIRECTION('',(8.591179123620E-1,-4.400359252769E-1,2.613135991954E-1));
#3994=DIRECTION('',(4.558758096591E-1,8.900433956655E-1,-1.814845429493E-8));
#3995=AXIS2_PLACEMENT_3D('',#3992,#3993,#3994);
#3997=CARTESIAN_POINT('',(-5.544124130409E1,4.978697725332E1,1.354657884110E1));
#3998=CARTESIAN_POINT('',(-5.491709985841E1,4.951850869660E1,1.367408543306E1));
#3999=CARTESIAN_POINT('',(-5.393570609572E1,4.889540703891E1,1.397394576607E1));
#4000=CARTESIAN_POINT('',(-5.272790545470E1,4.781622825048E1,1.451084761181E1));
#4001=CARTESIAN_POINT('',(-5.165369222026E1,4.648494732412E1,1.520046595093E1));
#4002=CARTESIAN_POINT('',(-5.082530138011E1,4.498134329879E1,1.601848805726E1));
#4003=CARTESIAN_POINT('',(-5.029061111975E1,4.344352281995E1,1.690016852840E1));
#4004=CARTESIAN_POINT('',(-5.003434100714E1,4.200926613230E1,1.776623703777E1));
#4005=CARTESIAN_POINT('',(-5.000000078261E1,4.123495981725E1,1.82552211E1));
#4006=CARTESIAN_POINT('',(-5.E1,4.088654360363E1,1.847864943168E1));
#4008=CARTESIAN_POINT('',(-5.544124130486E1,4.978697725371E1,
-1.386549606781E1));
#4009=CARTESIAN_POINT('',(-5.490952857311E1,4.951462983997E1,
-1.398703969590E1));
#4010=CARTESIAN_POINT('',(-5.391366367154E1,4.888187686612E1,
-1.426955658962E1));
#4011=CARTESIAN_POINT('',(-5.267629459768E1,4.776343722115E1,
-1.476875929796E1));
#4012=CARTESIAN_POINT('',(-5.160706912322E1,4.641812317697E1,
-1.536930454839E1));
#4013=CARTESIAN_POINT('',(-5.073964264265E1,4.481351699376E1,
-1.608558823663E1));
#4014=CARTESIAN_POINT('',(-5.015036889985E1,4.296402340496E1,
-1.691113007915E1));
#4015=CARTESIAN_POINT('',(-5.000001223274E1,4.159455116263E1,
-1.752248249397E1));
#4016=CARTESIAN_POINT('',(-5.E1,4.088654360360E1,-1.783851375733E1));
#4018=CARTESIAN_POINT('',(-5.E1,7.966407944183E1,6.685532474445E1));
#4019=DIRECTION('',(-1.E0,0.E0,0.E0));
#4020=DIRECTION('',(0.E0,-6.254441264226E-1,-7.802689566576E-1));
#4021=AXIS2_PLACEMENT_3D('',#4018,#4019,#4020);
#4023=DIRECTION('',(0.E0,-1.E0,4.543071487544E-12));
#4024=VECTOR('',#4023,1.904343432485E1);
#4025=CARTESIAN_POINT('',(-5.E1,2.534387824545E1,3.696693666504E1));
#4026=LINE('',#4025,#4024);
#4027=DIRECTION('',(0.E0,-8.732566434082E-1,-4.872605409260E-1));
#4028=VECTOR('',#4027,1.492939599154E1);
#4029=CARTESIAN_POINT('',(-5.E1,4.088654360360E1,-1.783851375733E1));
#4030=LINE('',#4029,#4028);
#4031=DIRECTION('',(0.E0,7.004244744509E-13,1.E0));
#4032=VECTOR('',#4031,3.631716318901E1);
#4033=CARTESIAN_POINT('',(-5.E1,4.088654360360E1,-1.783851375733E1));
#4034=LINE('',#4033,#4032);
#4035=CARTESIAN_POINT('',(-5.2E1,4.088654360368E1,1.847864943164E1));
#4036=DIRECTION('',(0.E0,-7.802689566582E-1,6.254441264217E-1));
#4037=DIRECTION('',(1.E0,2.167155344068E-13,2.700062395888E-13));
#4038=AXIS2_PLACEMENT_3D('',#4035,#4036,#4037);
#4040=CARTESIAN_POINT('',(-5.2E1,2.534387809748E1,3.696693693397E1));
#4041=DIRECTION('',(-1.121638043360E-8,-4.820707711368E-1,8.761322797475E-1));
#4042=DIRECTION('',(1.E0,-5.407544634295E-9,9.826781166567E-9));
#4043=AXIS2_PLACEMENT_3D('',#4040,#4041,#4042);
#4045=CARTESIAN_POINT('',(-5.E1,2.534387824545E1,3.696693666504E1));
#4046=CARTESIAN_POINT('',(-5.000000651214E1,2.485520376949E1,3.793967607253E1));
#4047=CARTESIAN_POINT('',(-5.012302200833E1,2.396945857537E1,3.981532845649E1));
#4048=CARTESIAN_POINT('',(-5.060112202051E1,2.288676406294E1,4.238147295725E1));
#4049=CARTESIAN_POINT('',(-5.127467249148E1,2.203171556307E1,4.463097321897E1));
#4050=CARTESIAN_POINT('',(-5.213802457332E1,2.130393151425E1,4.674176875339E1));
#4051=CARTESIAN_POINT('',(-5.327647808686E1,2.063268611695E1,4.889600361760E1));
#4052=CARTESIAN_POINT('',(-5.436471438175E1,2.019341184655E1,5.048622767352E1));
#4053=CARTESIAN_POINT('',(-5.500123728894E1,1.998758888892E1,5.128631307861E1));
#4055=CARTESIAN_POINT('',(-5.000614169672E1,3.442099579059E-1,
3.749841257885E1));
#4056=CARTESIAN_POINT('',(-5.001553424965E1,7.024722443329E-1,
3.790478278763E1));
#4057=CARTESIAN_POINT('',(-5.005622859373E1,1.372304012886E0,3.871216358749E1));
#4058=CARTESIAN_POINT('',(-5.017284400616E1,2.228697684349E0,3.985853172083E1));
#4059=CARTESIAN_POINT('',(-5.034949350840E1,3.015372843019E0,4.102183344811E1));
#4060=CARTESIAN_POINT('',(-5.060198036216E1,3.762198836924E0,4.224778813680E1));
#4061=CARTESIAN_POINT('',(-5.094330034402E1,4.461991760099E0,4.353295835981E1));
#4062=CARTESIAN_POINT('',(-5.136826041713E1,5.084283046349E0,4.482000479943E1));
#4063=CARTESIAN_POINT('',(-5.185644421052E1,5.612151136588E0,4.605083538752E1));
#4064=CARTESIAN_POINT('',(-5.240853763159E1,6.066361368314E0,4.724306029895E1));
#4065=CARTESIAN_POINT('',(-5.307820974698E1,6.485534872897E0,4.849353326770E1));
#4066=CARTESIAN_POINT('',(-5.391269677747E1,6.872390997635E0,4.983596498809E1));
#4067=CARTESIAN_POINT('',(-5.461173570156E1,7.102508235102E0,5.079672662041E1));
#4068=CARTESIAN_POINT('',(-5.500123728895E1,7.207358517198E0,5.128631307862E1));
#4070=DIRECTION('',(6.179719463295E-1,1.214632346095E-1,-7.767608101520E-1));
#4071=VECTOR('',#4070,4.122460845926E1);
#4072=CARTESIAN_POINT('',(-8.252428730917E1,1.431442674180E1,8.588145410259E1));
#4073=LINE('',#4072,#4071);
#4074=DIRECTION('',(4.692116719856E-10,1.E0,-5.897585471745E-10));
#4075=VECTOR('',#4074,2.491532144115E0);
#4076=CARTESIAN_POINT('',(-8.252428731034E1,1.182289459769E1,8.588145410406E1));
#4077=LINE('',#4076,#4075);
#4078=DIRECTION('',(-6.194166106027E-1,1.007045722946E-1,7.785766832037E-1));
#4079=VECTOR('',#4078,4.096300771929E1);
#4080=CARTESIAN_POINT('',(-5.715111990876E1,7.697732425420E0,5.398861141993E1));
#4081=LINE('',#4080,#4079);
#4082=CARTESIAN_POINT('',(-5.500123728895E1,7.207358517198E0,5.128631307862E1));
#4083=CARTESIAN_POINT('',(-5.524820292297E1,7.280171152570E0,5.159673692010E1));
#4084=CARTESIAN_POINT('',(-5.573684643160E1,7.412642695059E0,5.221093814827E1));
#4085=CARTESIAN_POINT('',(-5.645368944342E1,7.574778475676E0,5.311197509870E1));
#4086=CARTESIAN_POINT('',(-5.692049608862E1,7.660237668744E0,5.369872844739E1));
#4087=CARTESIAN_POINT('',(-5.715111990876E1,7.697732425420E0,5.398861141993E1));
#4089=DIRECTION('',(-5.142724438147E-13,-1.E0,6.454814132636E-13));
#4090=VECTOR('',#4089,1.278023037172E1);
#4091=CARTESIAN_POINT('',(-5.500123728894E1,1.998758888892E1,5.128631307861E1));
#4092=LINE('',#4091,#4090);
#4093=CARTESIAN_POINT('',(-5.500123728894E1,1.998758888892E1,5.128631307861E1));
#4094=CARTESIAN_POINT('',(-5.522674474846E1,1.990772477104E1,5.156976503447E1));
#4095=CARTESIAN_POINT('',(-5.567893888482E1,1.975199722816E1,5.213815116577E1));
#4096=CARTESIAN_POINT('',(-5.634882890418E1,1.953392799845E1,5.298017047968E1));
#4097=CARTESIAN_POINT('',(-5.681363790200E1,1.939141041960E1,5.356441288013E1));
#4098=CARTESIAN_POINT('',(-5.704863578293E1,1.932170103078E1,5.385979383758E1));
#4100=CARTESIAN_POINT('',(-8.408939711145E1,1.431442674139E1,8.463629093786E1));
#4101=DIRECTION('',(6.179719463191E-1,1.214632346134E-1,-7.767608101596E-1));
#4102=DIRECTION('',(3.446404535615E-1,8.461554198720E-1,4.065021072396E-1));
#4103=AXIS2_PLACEMENT_3D('',#4100,#4101,#4102);
#4105=CARTESIAN_POINT('',(-5.704863578293E1,1.932170103078E1,5.385979383758E1));
#4106=CARTESIAN_POINT('',(-5.706641348637E1,1.950787148788E1,5.388213954947E1));
#4107=CARTESIAN_POINT('',(-5.714388878144E1,1.988137525718E1,5.389373034264E1));
#4108=CARTESIAN_POINT('',(-5.737995898572E1,2.040126595654E1,5.380790682709E1));
#4109=CARTESIAN_POINT('',(-5.771647685446E1,2.083393981732E1,5.362510444211E1));
#4110=CARTESIAN_POINT('',(-5.812707918769E1,2.114446984806E1,5.335941338039E1));
#4111=CARTESIAN_POINT('',(-5.842628666206E1,2.125199266100E1,5.314248943903E1));
#4112=CARTESIAN_POINT('',(-5.857629396934E1,2.127899933908E1,5.302845157621E1));
#4114=CARTESIAN_POINT('',(-8.252428731034E1,1.182289459769E1,8.588145410406E1));
#4115=CARTESIAN_POINT('',(-8.265540578983E1,1.182992327068E1,8.604626055780E1));
#4116=CARTESIAN_POINT('',(-8.294261150893E1,1.184251478534E1,8.633486236790E1));
#4117=CARTESIAN_POINT('',(-8.339332321884E1,1.185564819285E1,8.664141332290E1));
#4118=CARTESIAN_POINT('',(-8.387557164096E1,1.186512483424E1,8.686135227161E1));
#4119=CARTESIAN_POINT('',(-8.425416045230E1,1.186929060781E1,8.695616420798E1));
#4120=CARTESIAN_POINT('',(-8.445173533190E1,1.187050136927E1,8.698410829554E1));
#4122=CARTESIAN_POINT('',(-8.445173491889E1,1.425688294604E1,8.698410769276E1));
#4123=CARTESIAN_POINT('',(-8.425301775893E1,1.425835529275E1,8.695600214015E1));
#4124=CARTESIAN_POINT('',(-8.387334798959E1,1.426340143425E1,8.686069670915E1));
#4125=CARTESIAN_POINT('',(-8.339143043894E1,1.427490548296E1,8.664000057455E1));
#4126=CARTESIAN_POINT('',(-8.294657585173E1,1.429054518495E1,8.633788027310E1));
#4127=CARTESIAN_POINT('',(-8.265678932532E1,1.430584364151E1,8.604800014767E1));
#4128=CARTESIAN_POINT('',(-8.252428730917E1,1.431442674180E1,8.588145410259E1));
#4130=CARTESIAN_POINT('',(-8.408939738616E1,1.182289464269E1,8.463629128309E1));
#4131=DIRECTION('',(-6.194169596780E-1,1.007045369724E-1,7.785764100565E-1));
#4132=DIRECTION('',(3.546241819542E-1,-8.489002707709E-1,3.919311417308E-1));
#4133=AXIS2_PLACEMENT_3D('',#4130,#4131,#4132);
#4135=CARTESIAN_POINT('',(-5.871622970973E1,7.697732425420E0,5.274344825354E1));
#4136=DIRECTION('',(-6.194166106022E-1,1.007045723024E-1,7.785766832031E-1));
#4137=DIRECTION('',(0.E0,-9.917385241823E-1,1.282758732290E-1));
#4138=AXIS2_PLACEMENT_3D('',#4135,#4136,#4137);
#4140=DIRECTION('',(-1.E0,0.E0,0.E0));
#4141=VECTOR('',#4140,2.450366004313E0);
#4142=CARTESIAN_POINT('',(-5.871622970973E1,5.714255377055E0,5.3E1));
#4143=LINE('',#4142,#4141);
#4144=DIRECTION('',(-6.194166106022E-1,1.007045723024E-1,7.785766832031E-1));
#4145=VECTOR('',#4144,2.850802900626E1);
#4146=CARTESIAN_POINT('',(-5.871622970973E1,5.714255377055E0,5.3E1));
#4147=LINE('',#4146,#4145);
#4148=CARTESIAN_POINT('',(-5.202680528579E1,-2.596597486045E0,
3.740999456957E1));
#4149=CARTESIAN_POINT('',(-5.200609352929E1,-2.164147800209E0,
3.778920285873E1));
#4150=CARTESIAN_POINT('',(-5.198951040909E1,-1.368799576607E0,
3.853959689260E1));
#4151=CARTESIAN_POINT('',(-5.203067300297E1,-3.768472131341E-1,
3.959833235245E1));
#4152=CARTESIAN_POINT('',(-5.212678252956E1,4.661388007793E-1,
4.060192690983E1));
#4153=CARTESIAN_POINT('',(-5.227810857509E1,1.224136414229E0,4.160208964967E1));
#4154=CARTESIAN_POINT('',(-5.249898831202E1,1.941788699806E0,4.265427255439E1));
#4155=CARTESIAN_POINT('',(-5.280440541494E1,2.617870522200E0,4.376506583718E1));
#4156=CARTESIAN_POINT('',(-5.319285192511E1,3.222875382955E0,4.488754221611E1));
#4157=CARTESIAN_POINT('',(-5.364385064822E1,3.734755676431E0,4.596197195891E1));
#4158=CARTESIAN_POINT('',(-5.415346695006E1,4.170997067705E0,4.699552569052E1));
#4159=CARTESIAN_POINT('',(-5.477243185021E1,4.571736992063E0,4.807674028044E1));
#4160=CARTESIAN_POINT('',(-5.554766282625E1,4.941146808425E0,4.923907735879E1));
#4161=CARTESIAN_POINT('',(-5.620102953522E1,5.160475162631E0,5.007269260418E1));
#4162=CARTESIAN_POINT('',(-5.656634708989E1,5.260205462030E0,5.049787190617E1));
#4164=CARTESIAN_POINT('',(-5.656634708989E1,5.260205462030E0,5.049787190617E1));
#4165=CARTESIAN_POINT('',(-5.681326156557E1,5.327610611454E0,5.078524183371E1));
#4166=CARTESIAN_POINT('',(-5.730198712199E1,5.450290963830E0,5.135404212007E1));
#4167=CARTESIAN_POINT('',(-5.801876795533E1,5.600403591661E0,5.218826334867E1));
#4168=CARTESIAN_POINT('',(-5.848565825135E1,5.679545893883E0,5.273165078368E1));
#4169=CARTESIAN_POINT('',(-5.871622970973E1,5.714255377055E0,5.3E1));
#4171=CARTESIAN_POINT('',(-5.656634708992E1,7.207358517201E0,5.004114991224E1));
#4172=DIRECTION('',(-6.123512177474E-1,1.805389728911E-1,7.696958265385E-1));
#4173=DIRECTION('',(7.460698725481E-13,-9.735765275815E-1,2.283609969816E-1));
#4174=AXIS2_PLACEMENT_3D('',#4171,#4172,#4173);
#4176=CARTESIAN_POINT('',(-5.656634708990E1,1.998758888892E1,5.004114991222E1));
#4177=DIRECTION('',(-6.079783942647E-1,-2.153173248877E-1,7.641993991823E-1));
#4178=DIRECTION('',(7.825549004816E-1,0.E0,6.225815831939E-1));
#4179=AXIS2_PLACEMENT_3D('',#4176,#4177,#4178);
#4181=DIRECTION('',(6.179719463191E-1,1.214632346134E-1,-7.767608101596E-1));
#4182=VECTOR('',#4181,2.906115260080E1);
#4183=CARTESIAN_POINT('',(-7.663348968251E1,1.775588302646E1,7.557356443837E1));
#4184=LINE('',#4183,#4182);
#4185=CARTESIAN_POINT('',(-5.2E1,1.827227028472E1,-3.274712412781E1));
#4186=CARTESIAN_POINT('',(-5.186049020214E1,1.879980038344E1,
-3.245277240063E1));
#4187=CARTESIAN_POINT('',(-5.159276401002E1,1.979856317600E1,
-3.186206507350E1));
#4188=CARTESIAN_POINT('',(-5.123627993460E1,2.113338176353E1,
-3.099039386877E1));
#4189=CARTESIAN_POINT('',(-5.092769617403E1,2.232372121451E1,
-3.014223112496E1));
#4190=CARTESIAN_POINT('',(-5.066697704181E1,2.338720046217E1,
-2.932302120373E1));
#4191=CARTESIAN_POINT('',(-5.045296144719E1,2.433782123326E1,
-2.853744131756E1));
#4192=CARTESIAN_POINT('',(-5.028330043113E1,2.518904839712E1,
-2.778770190932E1));
#4193=CARTESIAN_POINT('',(-5.015503602322E1,2.595423945374E1,
-2.707333199333E1));
#4194=CARTESIAN_POINT('',(-5.006534105081E1,2.664615906838E1,
-2.639174766332E1));
#4195=CARTESIAN_POINT('',(-5.001198562984E1,2.727631166920E1,
-2.573930318141E1));
#4196=CARTESIAN_POINT('',(-5.E1,2.766398028612E1,-2.531858633939E1));
#4197=CARTESIAN_POINT('',(-5.E1,2.784934937192E1,-2.511301932387E1));
#4199=CARTESIAN_POINT('',(-5.2E1,4.088654360334E1,-1.783851375748E1));
#4200=DIRECTION('',(0.E0,-8.732566434082E-1,-4.872605409259E-1));
#4201=DIRECTION('',(0.E0,4.872605409259E-1,-8.732566434082E-1));
#4202=AXIS2_PLACEMENT_3D('',#4199,#4200,#4201);
#4204=CARTESIAN_POINT('',(-5.635299426489E1,4.800689114914E1,
-1.386549571870E1));
#4205=DIRECTION('',(8.625747635281E-1,-4.418063991135E-1,-2.465195388338E-1));
#4206=DIRECTION('',(-1.248423586730E-11,4.872605409073E-1,-8.732566434186E-1));
#4207=AXIS2_PLACEMENT_3D('',#4204,#4205,#4206);
#4209=CARTESIAN_POINT('',(-1.048605293492E2,9.314045246685E1,6.E0));
#4210=CARTESIAN_POINT('',(-1.047977279565E2,9.282058546130E1,6.E0));
#4211=CARTESIAN_POINT('',(-1.046772482815E2,9.220694499707E1,5.992402427366E0));
#4212=CARTESIAN_POINT('',(-1.045122039018E2,9.136632290066E1,5.954772751016E0));
#4213=CARTESIAN_POINT('',(-1.043619160726E2,9.060085952678E1,5.889252776118E0));
#4214=CARTESIAN_POINT('',(-1.042254919770E2,8.990601207389E1,5.795088877868E0));
#4215=CARTESIAN_POINT('',(-1.041012872358E2,8.927338809074E1,5.670701710176E0));
#4216=CARTESIAN_POINT('',(-1.039881718169E2,8.869729584673E1,5.513341115385E0));
#4217=CARTESIAN_POINT('',(-1.038835225280E2,8.816413623067E1,5.313798295177E0));
#4218=CARTESIAN_POINT('',(-1.037896448054E2,8.768654118529E1,5.060620170919E0));
#4219=CARTESIAN_POINT('',(-1.037153172524E2,8.730590268409E1,4.764162794532E0));
#4220=CARTESIAN_POINT('',(-1.036611859316E2,8.703790240541E1,4.399017259196E0));
#4221=CARTESIAN_POINT('',(-1.036505194504E2,8.696439853753E1,4.137609115944E0));
#4222=CARTESIAN_POINT('',(-1.036505194504E2,8.696439853753E1,4.E0));
#4224=DIRECTION('',(7.791834388229E-10,-5.115254005059E-9,-1.E0));
#4225=VECTOR('',#4224,2.499999996626E1);
#4226=CARTESIAN_POINT('',(-9.725E1,8.397032059620E1,1.3E1));
#4227=LINE('',#4226,#4225);
#4228=CARTESIAN_POINT('',(-9.1E1,8.397032059620E1,-1.2E1));
#4229=DIRECTION('',(0.E0,0.E0,1.E0));
#4230=DIRECTION('',(1.E0,0.E0,0.E0));
#4231=AXIS2_PLACEMENT_3D('',#4228,#4229,#4230);
#4233=CARTESIAN_POINT('',(-9.1E1,8.397032059620E1,-1.2E1));
#4234=DIRECTION('',(0.E0,0.E0,1.E0));
#4235=DIRECTION('',(-1.E0,0.E0,0.E0));
#4236=AXIS2_PLACEMENT_3D('',#4233,#4234,#4235);
#4238=DIRECTION('',(-7.791834388229E-10,5.115254005059E-9,-1.E0));
#4239=VECTOR('',#4238,2.499999996626E1);
#4240=CARTESIAN_POINT('',(-8.475E1,8.397032059620E1,1.3E1));
#4241=LINE('',#4240,#4239);
#4242=DIRECTION('',(5.E-1,5.055684967540E-8,8.660254037844E-1));
#4243=VECTOR('',#4242,1.154700520594E0);
#4244=CARTESIAN_POINT('',(-9.782735024082E1,8.397032040994E1,
-1.299999995086E1));
#4245=LINE('',#4244,#4243);
#4246=DIRECTION('',(-5.E-1,-5.055684967540E-8,8.660254037844E-1));
#4247=VECTOR('',#4246,1.154700520594E0);
#4248=CARTESIAN_POINT('',(-8.417264975918E1,8.397032078246E1,
-1.299999995086E1));
#4249=LINE('',#4248,#4247);
#4250=CARTESIAN_POINT('',(-4.85E1,0.E0,0.E0));
#4251=DIRECTION('',(-1.E0,0.E0,0.E0));
#4252=DIRECTION('',(0.E0,-9.915435913885E-1,1.297740589500E-1));
#4253=AXIS2_PLACEMENT_3D('',#4250,#4251,#4252);
#4255=CARTESIAN_POINT('',(-4.9E1,-3.706592858436E1,-5.689194862147E0));
#4256=CARTESIAN_POINT('',(-4.895085923798E1,-3.707640208123E1,
-5.620958512948E0));
#4257=CARTESIAN_POINT('',(-4.886011105092E1,-3.708206003939E1,
-5.488567429641E0));
#4258=CARTESIAN_POINT('',(-4.874449305506E1,-3.705790783239E1,
-5.304383150231E0));
#4259=CARTESIAN_POINT('',(-4.864977190289E1,-3.700810869079E1,
-5.139564928139E0));
#4260=CARTESIAN_POINT('',(-4.857266131535E1,-3.693422823550E1,
-4.991880090821E0));
#4261=CARTESIAN_POINT('',(-4.851518053973E1,-3.682641266001E1,
-4.864478270806E0));
#4262=CARTESIAN_POINT('',(-4.85E1,-3.673767289808E1,-4.814494852869E0));
#4263=CARTESIAN_POINT('',(-4.85E1,-3.668711288138E1,-4.801640181148E0));
#4265=CARTESIAN_POINT('',(-4.9E1,0.E0,0.E0));
#4266=DIRECTION('',(1.E0,0.E0,0.E0));
#4267=DIRECTION('',(0.E0,-9.884247622495E-1,-1.517118629906E-1));
#4268=AXIS2_PLACEMENT_3D('',#4265,#4266,#4267);
#4270=CARTESIAN_POINT('',(-4.85E1,-3.668711288138E1,4.801640181148E0));
#4271=CARTESIAN_POINT('',(-4.85E1,-3.674847024026E1,4.817240031732E0));
#4272=CARTESIAN_POINT('',(-4.852209655487E1,-3.685248884289E1,
4.883612655819E0));
#4273=CARTESIAN_POINT('',(-4.860110591998E1,-3.697067801011E1,
5.049733327495E0));
#4274=CARTESIAN_POINT('',(-4.870619652565E1,-3.704421845942E1,
5.240635598302E0));
#4275=CARTESIAN_POINT('',(-4.883786104872E1,-3.708210853168E1,
5.455440251774E0));
#4276=CARTESIAN_POINT('',(-4.894276742751E1,-3.707812670959E1,
5.609722309379E0));
#4277=CARTESIAN_POINT('',(-4.9E1,-3.706592858436E1,5.689194862147E0));
#4279=CARTESIAN_POINT('',(-4.85E1,-3.447422126045E1,-4.190216900328E0));
#4280=CARTESIAN_POINT('',(-4.85E1,-3.520707389749E1,-4.411225885869E0));
#4281=CARTESIAN_POINT('',(-4.85E1,-3.594526164173E1,-4.613027621797E0));
#4282=CARTESIAN_POINT('',(-4.85E1,-3.668711288138E1,-4.801640181148E0));
#4284=CARTESIAN_POINT('',(-4.85E1,-3.668711288138E1,4.801640181148E0));
#4285=CARTESIAN_POINT('',(-4.85E1,-3.594526164173E1,4.613027621797E0));
#4286=CARTESIAN_POINT('',(-4.85E1,-3.520707389749E1,4.411225885869E0));
#4287=CARTESIAN_POINT('',(-4.85E1,-3.447422126045E1,4.190216900328E0));
#4289=CARTESIAN_POINT('',(-4.85E1,0.E0,0.E0));
#4290=DIRECTION('',(1.E0,0.E0,0.E0));
#4291=DIRECTION('',(0.E0,1.E0,0.E0));
#4292=AXIS2_PLACEMENT_3D('',#4289,#4290,#4291);
#4294=CARTESIAN_POINT('',(-4.85E1,0.E0,0.E0));
#4295=DIRECTION('',(-1.E0,0.E0,0.E0));
#4296=DIRECTION('',(0.E0,1.E0,0.E0));
#4297=AXIS2_PLACEMENT_3D('',#4294,#4295,#4296);
#4299=CARTESIAN_POINT('',(-4.85E1,-3.447422126045E1,-4.190216900328E0));
#4300=CARTESIAN_POINT('',(-4.830107792129E1,-3.445391298344E1,
-3.757243983423E0));
#4301=CARTESIAN_POINT('',(-4.796357561858E1,-3.442315245106E1,
-2.860542571870E0));
#4302=CARTESIAN_POINT('',(-4.765266819611E1,-3.439887134189E1,
-1.451215013569E0));
#4303=CARTESIAN_POINT('',(-4.758201787347E1,-3.439382229889E1,
-4.847189362732E-1));
#4304=CARTESIAN_POINT('',(-4.758201787347E1,-3.439382229889E1,0.E0));
#4306=DIRECTION('',(-9.396926207859E-1,3.420201433257E-1,0.E0));
#4307=VECTOR('',#4306,2.128355544952E0);
#4308=CARTESIAN_POINT('',(-4.65E1,3.4E1,0.E0));
#4309=LINE('',#4308,#4307);
#4310=CARTESIAN_POINT('',(-4.65E1,0.E0,0.E0));
#4311=DIRECTION('',(-1.E0,0.E0,0.E0));
#4312=DIRECTION('',(0.E0,1.E0,0.E0));
#4313=AXIS2_PLACEMENT_3D('',#4310,#4311,#4312);
#4315=DIRECTION('',(-9.396926207859E-1,-3.420201433257E-1,0.E0));
#4316=VECTOR('',#4315,1.151459370371E0);
#4317=CARTESIAN_POINT('',(-4.65E1,-3.4E1,0.E0));
#4318=LINE('',#4317,#4316);
#4319=CARTESIAN_POINT('',(-3.686616516875E1,-7.471459351197E1,-2.1E1));
#4320=CARTESIAN_POINT('',(-3.686616516875E1,-7.471459351197E1,2.E1));
#4321=VERTEX_POINT('',#4319);
#4322=VERTEX_POINT('',#4320);
#4323=CARTESIAN_POINT('',(-9.89E1,1.539E2,-1.3E1));
#4324=CARTESIAN_POINT('',(-9.89E1,1.229E2,-1.3E1));
#4325=VERTEX_POINT('',#4323);
#4326=VERTEX_POINT('',#4324);
#4327=CARTESIAN_POINT('',(-9.89E1,1.539E2,1.3E1));
#4328=CARTESIAN_POINT('',(-9.89E1,1.229E2,1.3E1));
#4329=VERTEX_POINT('',#4327);
#4330=VERTEX_POINT('',#4328);
#4331=CARTESIAN_POINT('',(-9.89E1,1.539E2,-1.E1));
#4332=VERTEX_POINT('',#4331);
#4333=CARTESIAN_POINT('',(-9.89E1,1.539E2,1.E1));
#4334=VERTEX_POINT('',#4333);
#4335=CARTESIAN_POINT('',(-3.4E1,1.E1,7.8E1));
#4336=CARTESIAN_POINT('',(-3.4E1,1.7E1,7.8E1));
#4337=VERTEX_POINT('',#4335);
#4338=VERTEX_POINT('',#4336);
#4339=CARTESIAN_POINT('',(-4.532937331412E1,1.E1,7.8E1));
#4340=CARTESIAN_POINT('',(-3.4E1,1.E1,6.296541381129E1));
#4341=VERTEX_POINT('',#4339);
#4342=VERTEX_POINT('',#4340);
#4343=CARTESIAN_POINT('',(-4.532937331412E1,1.7E1,7.8E1));
#4344=CARTESIAN_POINT('',(-3.4E1,1.7E1,6.296541381129E1));
#4345=VERTEX_POINT('',#4343);
#4346=VERTEX_POINT('',#4344);
#4347=CARTESIAN_POINT('',(-3.4E1,-6.305911623828E1,-2.729430574540E1));
#4348=CARTESIAN_POINT('',(-4.6E1,-6.305911623828E1,-2.729430574540E1));
#4349=VERTEX_POINT('',#4347);
#4350=VERTEX_POINT('',#4348);
#4351=CARTESIAN_POINT('',(-8.829957985919E1,7.5E0,9.259994600430E1));
#4352=CARTESIAN_POINT('',(-5.633122175695E1,7.5E0,9.259994600430E1));
#4353=VERTEX_POINT('',#4351);
#4354=VERTEX_POINT('',#4352);
#4355=VERTEX_POINT('',#1079);
#4356=VERTEX_POINT('',#3664);
#4357=VERTEX_POINT('',#2219);
#4358=VERTEX_POINT('',#2227);
#4359=CARTESIAN_POINT('',(-5.5E1,2.928837424845E1,-3.283582089552E1));
#4360=VERTEX_POINT('',#4359);
#4361=CARTESIAN_POINT('',(-2.E1,4.087090318336E1,-1.629629629630E1));
#4362=CARTESIAN_POINT('',(-2.E1,5.015974481594E1,-1.E1));
#4363=VERTEX_POINT('',#4361);
#4364=VERTEX_POINT('',#4362);
#4365=CARTESIAN_POINT('',(-3.4E1,4.286936169645E1,-4.954703122612E1));
#4366=CARTESIAN_POINT('',(-4.6E1,4.286936169645E1,-4.954703122612E1));
#4367=VERTEX_POINT('',#4365);
#4368=VERTEX_POINT('',#4366);
#4369=CARTESIAN_POINT('',(-4.6E1,-4.286936169645E1,-4.954703122612E1));
#4370=CARTESIAN_POINT('',(-4.E1,-4.286936169645E1,-4.954703122612E1));
#4371=VERTEX_POINT('',#4369);
#4372=VERTEX_POINT('',#4370);
#4373=CARTESIAN_POINT('',(-3.199386891325E1,-6.748763855417E1,2.E1));
#4374=CARTESIAN_POINT('',(-3.199386891325E1,-6.748763855417E1,-2.1E1));
#4375=VERTEX_POINT('',#4373);
#4376=VERTEX_POINT('',#4374);
#4377=CARTESIAN_POINT('',(-2.831797657985E1,-5.893446716269E1,2.E1));
#4378=VERTEX_POINT('',#4377);
#4379=CARTESIAN_POINT('',(-2.831797657985E1,-5.893446716269E1,-2.1E1));
#4380=VERTEX_POINT('',#4379);
#4381=CARTESIAN_POINT('',(-9.89E1,1.229E2,1.2E1));
#4382=CARTESIAN_POINT('',(-8.376287576692E1,1.350657129769E2,1.2E1));
#4383=VERTEX_POINT('',#4381);
#4384=VERTEX_POINT('',#4382);
#4385=CARTESIAN_POINT('',(-1.121759180474E2,1.304E2,1.2E1));
#4386=VERTEX_POINT('',#4385);
#4387=CARTESIAN_POINT('',(-8.376287576692E1,1.350657129769E2,1.E1));
#4388=VERTEX_POINT('',#4387);
#4389=CARTESIAN_POINT('',(-9.89E1,1.229E2,-1.2E1));
#4390=CARTESIAN_POINT('',(-1.121759180474E2,1.304E2,-1.2E1));
#4391=VERTEX_POINT('',#4389);
#4392=VERTEX_POINT('',#4390);
#4393=CARTESIAN_POINT('',(-8.376287576692E1,1.350657129769E2,-1.2E1));
#4394=VERTEX_POINT('',#4393);
#4395=CARTESIAN_POINT('',(-8.376287576692E1,1.350657129769E2,-1.E1));
#4396=VERTEX_POINT('',#4395);
#4397=VERTEX_POINT('',#2420);
#4398=VERTEX_POINT('',#2413);
#4399=VERTEX_POINT('',#2502);
#4400=VERTEX_POINT('',#2525);
#4401=CARTESIAN_POINT('',(-4.8E1,7.833333333333E1,-4.968305009375E1));
#4402=CARTESIAN_POINT('',(-3.2E1,7.833333333333E1,-4.968305009375E1));
#4403=VERTEX_POINT('',#4401);
#4404=VERTEX_POINT('',#4402);
#4405=CARTESIAN_POINT('',(-5.378178239623E1,8.919641248391E1,-1.E1));
#4406=CARTESIAN_POINT('',(-5.936843205526E1,9.270176128957E1,-1.E1));
#4407=VERTEX_POINT('',#4405);
#4408=VERTEX_POINT('',#4406);
#4409=CARTESIAN_POINT('',(-7.569649404414E1,1.129035113369E2,-1.E1));
#4410=VERTEX_POINT('',#4409);
#4411=CARTESIAN_POINT('',(-7.569649404414E1,1.129035113369E2,1.E1));
#4412=VERTEX_POINT('',#4411);
#4413=CARTESIAN_POINT('',(-5.936843205526E1,9.270176128957E1,1.E1));
#4414=VERTEX_POINT('',#4413);
#4415=CARTESIAN_POINT('',(-2.E1,5.693804984551E1,-1.E1));
#4416=CARTESIAN_POINT('',(-2.E1,5.693804984551E1,1.718859421952E1));
#4417=VERTEX_POINT('',#4415);
#4418=VERTEX_POINT('',#4416);
#4419=CARTESIAN_POINT('',(-7.569649404414E1,1.129035113369E2,-6.E0));
#4420=CARTESIAN_POINT('',(-8.376287576692E1,1.350657129769E2,-6.E0));
#4421=VERTEX_POINT('',#4419);
#4422=VERTEX_POINT('',#4420);
#4423=CARTESIAN_POINT('',(-7.569649404414E1,1.129035113369E2,6.E0));
#4424=CARTESIAN_POINT('',(-8.376287576692E1,1.350657129769E2,6.E0));
#4425=VERTEX_POINT('',#4423);
#4426=VERTEX_POINT('',#4424);
#4427=CARTESIAN_POINT('',(-2.937017857872E1,7.387932773567E1,-6.E0));
#4428=CARTESIAN_POINT('',(-5.936843205526E1,9.270176128957E1,-6.E0));
#4429=VERTEX_POINT('',#4427);
#4430=VERTEX_POINT('',#4428);
#4431=CARTESIAN_POINT('',(-2.937017857872E1,7.387932773567E1,6.E0));
#4432=CARTESIAN_POINT('',(-5.936843205526E1,9.270176128957E1,6.E0));
#4433=VERTEX_POINT('',#4431);
#4434=VERTEX_POINT('',#4432);
#4435=CARTESIAN_POINT('',(-1.121759180474E2,1.304E2,-6.E0));
#4436=VERTEX_POINT('',#4435);
#4437=CARTESIAN_POINT('',(-1.121759180474E2,1.304E2,6.E0));
#4438=VERTEX_POINT('',#4437);
#4439=CARTESIAN_POINT('',(-1.093663919310E2,1.269673870027E2,-6.E0));
#4440=CARTESIAN_POINT('',(-1.051421100030E2,9.786279066680E1,-6.E0));
#4441=VERTEX_POINT('',#4439);
#4442=VERTEX_POINT('',#4440);
#4443=VERTEX_POINT('',#1287);
#4444=CARTESIAN_POINT('',(-1.031628489338E2,9.815006339442E1,-4.E0));
#4445=VERTEX_POINT('',#4444);
#4446=VERTEX_POINT('',#1343);
#4447=VERTEX_POINT('',#1351);
#4448=CARTESIAN_POINT('',(-1.051421100030E2,9.786279066680E1,6.E0));
#4449=VERTEX_POINT('',#4448);
#4450=CARTESIAN_POINT('',(-1.031628489339E2,9.815006339487E1,4.E0));
#4451=VERTEX_POINT('',#4450);
#4452=VERTEX_POINT('',#1307);
#4453=VERTEX_POINT('',#1314);
#4454=CARTESIAN_POINT('',(-8.120997756139E1,1.159751551530E2,-6.E0));
#4455=VERTEX_POINT('',#4454);
#4456=CARTESIAN_POINT('',(-8.314182921397E1,1.154575170628E2,-4.E0));
#4457=VERTEX_POINT('',#4456);
#4458=CARTESIAN_POINT('',(-6.429765269631E1,9.337198621411E1,-6.E0));
#4459=VERTEX_POINT('',#4458);
#4460=CARTESIAN_POINT('',(-6.533938198757E1,9.166470765343E1,-4.E0));
#4461=VERTEX_POINT('',#4460);
#4462=CARTESIAN_POINT('',(-2.171827053507E1,6.504843625869E1,-4.E0));
#4463=VERTEX_POINT('',#4462);
#4464=CARTESIAN_POINT('',(-2.379340148912E1,6.865752785039E1,-6.E0));
#4465=VERTEX_POINT('',#4464);
#4466=CARTESIAN_POINT('',(-6.429765269631E1,9.337198621411E1,6.E0));
#4467=CARTESIAN_POINT('',(-2.379340148912E1,6.865752785039E1,6.E0));
#4468=VERTEX_POINT('',#4466);
#4469=VERTEX_POINT('',#4467);
#4470=CARTESIAN_POINT('',(-6.533938198756E1,9.166470765342E1,4.E0));
#4471=CARTESIAN_POINT('',(-2.171827053507E1,6.504843625869E1,4.E0));
#4472=VERTEX_POINT('',#4470);
#4473=VERTEX_POINT('',#4471);
#4474=CARTESIAN_POINT('',(-8.120997756139E1,1.159751551530E2,6.E0));
#4475=VERTEX_POINT('',#4474);
#4476=CARTESIAN_POINT('',(-8.314182921397E1,1.154575170628E2,4.E0));
#4477=VERTEX_POINT('',#4476);
#4478=VERTEX_POINT('',#1316);
#4479=VERTEX_POINT('',#1323);
#4480=CARTESIAN_POINT('',(-3.1E1,7.625E1,-5.9E1));
#4481=CARTESIAN_POINT('',(-3.1E1,6.375E1,-5.9E1));
#4482=VERTEX_POINT('',#4480);
#4483=VERTEX_POINT('',#4481);
#4484=CARTESIAN_POINT('',(-3.1E1,-6.375E1,-5.9E1));
#4485=CARTESIAN_POINT('',(-3.1E1,-7.625E1,-5.9E1));
#4486=VERTEX_POINT('',#4484);
#4487=VERTEX_POINT('',#4485);
#4488=CARTESIAN_POINT('',(-1.064E2,1.384E2,1.3E1));
#4489=CARTESIAN_POINT('',(-9.14E1,1.384E2,1.3E1));
#4490=VERTEX_POINT('',#4488);
#4491=VERTEX_POINT('',#4489);
#4492=CARTESIAN_POINT('',(-9.725E1,8.397032059620E1,1.3E1));
#4493=CARTESIAN_POINT('',(-8.475E1,8.397032059620E1,1.3E1));
#4494=VERTEX_POINT('',#4492);
#4495=VERTEX_POINT('',#4493);
#4496=CARTESIAN_POINT('',(-6.589173100960E1,-5.859731931258E1,1.5E0));
#4497=CARTESIAN_POINT('',(-6.310826899040E1,-7.840268068742E1,1.5E0));
#4498=VERTEX_POINT('',#4496);
#4499=VERTEX_POINT('',#4497);
#4500=CARTESIAN_POINT('',(-6.589173100960E1,-5.859731931258E1,-1.5E0));
#4501=CARTESIAN_POINT('',(-6.310826899040E1,-7.840268068742E1,-1.5E0));
#4502=VERTEX_POINT('',#4500);
#4503=VERTEX_POINT('',#4501);
#4504=CARTESIAN_POINT('',(-6.178060265004E1,-5.801953790136E1,1.5E0));
#4505=VERTEX_POINT('',#4504);
#4506=CARTESIAN_POINT('',(-6.178060265004E1,-5.801953790136E1,-1.5E0));
#4507=VERTEX_POINT('',#4506);
#4508=CARTESIAN_POINT('',(-9.55E1,7.5E0,1.2E2));
#4509=CARTESIAN_POINT('',(-8.35E1,7.5E0,1.2E2));
#4510=VERTEX_POINT('',#4508);
#4511=VERTEX_POINT('',#4509);
#4512=CARTESIAN_POINT('',(-9.65E1,2.15E1,1.2E2));
#4513=CARTESIAN_POINT('',(-8.25E1,2.15E1,1.2E2));
#4514=VERTEX_POINT('',#4512);
#4515=VERTEX_POINT('',#4513);
#4516=CARTESIAN_POINT('',(-9.55E1,5.5E0,1.2E2));
#4517=CARTESIAN_POINT('',(-8.35E1,5.5E0,1.2E2));
#4518=VERTEX_POINT('',#4516);
#4519=VERTEX_POINT('',#4517);
#4520=VERTEX_POINT('',#2969);
#4521=VERTEX_POINT('',#2973);
#4522=VERTEX_POINT('',#3095);
#4523=VERTEX_POINT('',#3099);
#4524=CARTESIAN_POINT('',(-4.8E1,6.317264973081E1,-5.9E1));
#4525=CARTESIAN_POINT('',(-4.8E1,7.682735026919E1,-5.9E1));
#4526=VERTEX_POINT('',#4524);
#4527=VERTEX_POINT('',#4525);
#4528=CARTESIAN_POINT('',(-4.7E1,6.375E1,-5.9E1));
#4529=CARTESIAN_POINT('',(-4.7E1,7.625E1,-5.9E1));
#4530=VERTEX_POINT('',#4528);
#4531=VERTEX_POINT('',#4529);
#4532=CARTESIAN_POINT('',(-4.8E1,-6.317264973081E1,-5.9E1));
#4533=CARTESIAN_POINT('',(-4.8E1,-7.682735026919E1,-5.9E1));
#4534=VERTEX_POINT('',#4532);
#4535=VERTEX_POINT('',#4533);
#4536=CARTESIAN_POINT('',(-4.7E1,-6.375E1,-5.9E1));
#4537=CARTESIAN_POINT('',(-4.7E1,-7.625E1,-5.9E1));
#4538=VERTEX_POINT('',#4536);
#4539=VERTEX_POINT('',#4537);
#4540=CARTESIAN_POINT('',(-1.069773502692E2,1.384E2,-1.3E1));
#4541=CARTESIAN_POINT('',(-9.082264973081E1,1.384E2,-1.3E1));
#4542=VERTEX_POINT('',#4540);
#4543=VERTEX_POINT('',#4541);
#4544=CARTESIAN_POINT('',(-1.064E2,1.384E2,-1.2E1));
#4545=CARTESIAN_POINT('',(-9.14E1,1.384E2,-1.2E1));
#4546=VERTEX_POINT('',#4544);
#4547=VERTEX_POINT('',#4545);
#4548=CARTESIAN_POINT('',(-9.724999998052E1,8.397032046832E1,
-1.199999996626E1));
#4549=VERTEX_POINT('',#4548);
#4550=CARTESIAN_POINT('',(-8.475000001948E1,8.397032072409E1,
-1.199999996626E1));
#4551=VERTEX_POINT('',#4550);
#4552=CARTESIAN_POINT('',(-2.E0,3.9E1,0.E0));
#4553=CARTESIAN_POINT('',(-2.E0,-3.9E1,0.E0));
#4554=VERTEX_POINT('',#4552);
#4555=VERTEX_POINT('',#4553);
#4556=CARTESIAN_POINT('',(0.E0,3.7E1,0.E0));
#4557=CARTESIAN_POINT('',(0.E0,-3.7E1,0.E0));
#4558=VERTEX_POINT('',#4556);
#4559=VERTEX_POINT('',#4557);
#4560=VERTEX_POINT('',#151);
#4561=VERTEX_POINT('',#157);
#4562=VERTEX_POINT('',#214);
#4563=VERTEX_POINT('',#220);
#4564=VERTEX_POINT('',#232);
#4565=VERTEX_POINT('',#238);
#4566=VERTEX_POINT('',#159);
#4567=VERTEX_POINT('',#165);
#4568=CARTESIAN_POINT('',(-1.8E1,3.9E1,0.E0));
#4569=CARTESIAN_POINT('',(-1.8E1,-3.9E1,0.E0));
#4570=VERTEX_POINT('',#4568);
#4571=VERTEX_POINT('',#4569);
#4572=CARTESIAN_POINT('',(-2.E1,4.1E1,2.322870948039E-14));
#4573=CARTESIAN_POINT('',(-2.E1,-4.1E1,-4.645741896075E-14));
#4574=VERTEX_POINT('',#4572);
#4575=VERTEX_POINT('',#4573);
#4576=VERTEX_POINT('',#2214);
#4577=CARTESIAN_POINT('',(-3.4E1,7.678431372549E1,-2.029890369851E1));
#4578=CARTESIAN_POINT('',(-3.4E1,7.678431372549E1,-1.8E1));
#4579=VERTEX_POINT('',#4577);
#4580=VERTEX_POINT('',#4578);
#4581=VERTEX_POINT('',#2154);
#4582=CARTESIAN_POINT('',(-3.4E1,7.5E1,-2.6E1));
#4583=VERTEX_POINT('',#4582);
#4584=VERTEX_POINT('',#3936);
#4585=VERTEX_POINT('',#3940);
#4586=VERTEX_POINT('',#1033);
#4587=VERTEX_POINT('',#1204);
#4588=VERTEX_POINT('',#3817);
#4589=VERTEX_POINT('',#3821);
#4590=VERTEX_POINT('',#3810);
#4591=VERTEX_POINT('',#2262);
#4592=VERTEX_POINT('',#2265);
#4593=CARTESIAN_POINT('',(-7.966638285616E1,1.95E1,8.E1));
#4594=VERTEX_POINT('',#4593);
#4595=VERTEX_POINT('',#3898);
#4596=VERTEX_POINT('',#3887);
#4597=CARTESIAN_POINT('',(-4.E1,-1.724706867255E1,4.156366949879E1));
#4598=CARTESIAN_POINT('',(-4.E1,-2.321100917431E1,3.737979471733E1));
#4599=VERTEX_POINT('',#4597);
#4600=VERTEX_POINT('',#4598);
#4601=CARTESIAN_POINT('',(-4.E1,-2.830531449555E1,-3.498298402521E1));
#4602=VERTEX_POINT('',#4601);
#4603=CARTESIAN_POINT('',(-4.E1,-1.876753818498E1,-4.089962726573E1));
#4604=VERTEX_POINT('',#4603);
#4605=CARTESIAN_POINT('',(-2.632412405949E1,-4.995998398719E1,2.E1));
#4606=CARTESIAN_POINT('',(-5.E1,-4.995998398719E1,2.E1));
#4607=VERTEX_POINT('',#4605);
#4608=VERTEX_POINT('',#4606);
#4609=CARTESIAN_POINT('',(-2.614253762237E1,-4.914264950122E1,-2.1E1));
#4610=VERTEX_POINT('',#4609);
#4611=VERTEX_POINT('',#2882);
#4612=CARTESIAN_POINT('',(-2.5E1,-3.378557153209E1,-2.81875E1));
#4613=VERTEX_POINT('',#4612);
#4614=CARTESIAN_POINT('',(-2.5E1,-3.434748899119E1,2.75E1));
#4615=CARTESIAN_POINT('',(-2.5E1,-4.4E1,2.090867760284E1));
#4616=VERTEX_POINT('',#4614);
#4617=VERTEX_POINT('',#4615);
#4618=CARTESIAN_POINT('',(-2.5E1,-4.4E1,0.E0));
#4619=VERTEX_POINT('',#4618);
#4620=CARTESIAN_POINT('',(-4.E1,-2.880159961269E1,3.326361164622E1));
#4621=CARTESIAN_POINT('',(-2.E1,-2.880159961269E1,3.326361164622E1));
#4622=VERTEX_POINT('',#4620);
#4623=VERTEX_POINT('',#4621);
#4624=CARTESIAN_POINT('',(-4.E1,-2.845703120024E1,3.397838590342E1));
#4625=CARTESIAN_POINT('',(-4.E1,-2.768936939641E1,3.547250798053E1));
#4626=VERTEX_POINT('',#4624);
#4627=VERTEX_POINT('',#4625);
#4628=CARTESIAN_POINT('',(-2.E1,-2.768936939641E1,3.547250798053E1));
#4629=VERTEX_POINT('',#4628);
#4630=CARTESIAN_POINT('',(-2.E1,-2.845703120024E1,3.397838590342E1));
#4631=VERTEX_POINT('',#4630);
#4632=CARTESIAN_POINT('',(-2.E1,-2.845703120024E1,-3.397838590342E1));
#4633=CARTESIAN_POINT('',(-2.E1,-2.768936939641E1,-3.547250798053E1));
#4634=VERTEX_POINT('',#4632);
#4635=VERTEX_POINT('',#4633);
#4636=CARTESIAN_POINT('',(-2.E1,-1.681859439030E1,-4.173888933279E1));
#4637=VERTEX_POINT('',#4636);
#4638=CARTESIAN_POINT('',(-4.639412014151E1,-7.605366025685E1,2.E1));
#4639=CARTESIAN_POINT('',(-5.E1,-5.323461341934E1,2.E1));
#4640=VERTEX_POINT('',#4638);
#4641=VERTEX_POINT('',#4639);
#4642=CARTESIAN_POINT('',(-6.589173100960E1,-5.859731931258E1,1.7E1));
#4643=CARTESIAN_POINT('',(-6.310826899040E1,-7.840268068742E1,1.7E1));
#4644=VERTEX_POINT('',#4642);
#4645=VERTEX_POINT('',#4643);
#4646=CARTESIAN_POINT('',(-4.639412014151E1,-7.605366025685E1,1.7E1));
#4647=VERTEX_POINT('',#4646);
#4648=CARTESIAN_POINT('',(-5.E1,-5.323461341934E1,-2.1E1));
#4649=CARTESIAN_POINT('',(-4.9E1,-5.672645679899E1,-2.1E1));
#4650=VERTEX_POINT('',#4648);
#4651=VERTEX_POINT('',#4649);
#4652=CARTESIAN_POINT('',(-6.589173100960E1,-5.859731931258E1,-1.85E1));
#4653=CARTESIAN_POINT('',(-6.310826899040E1,-7.840268068742E1,-1.85E1));
#4654=VERTEX_POINT('',#4652);
#4655=VERTEX_POINT('',#4653);
#4656=CARTESIAN_POINT('',(-4.639412014151E1,-7.605366025685E1,-1.85E1));
#4657=VERTEX_POINT('',#4656);
#4658=CARTESIAN_POINT('',(-4.639412014151E1,-7.605366025685E1,-2.1E1));
#4659=VERTEX_POINT('',#4658);
#4660=CARTESIAN_POINT('',(-5.E1,-4.914264950122E1,-2.1E1));
#4661=VERTEX_POINT('',#4660);
#4662=CARTESIAN_POINT('',(-6.95E1,-6.85E1,-6.788675134595E0));
#4663=CARTESIAN_POINT('',(-7.E1,-6.85E1,-6.5E0));
#4664=VERTEX_POINT('',#4662);
#4665=VERTEX_POINT('',#4663);
#4666=CARTESIAN_POINT('',(-5.95E1,-6.85E1,-6.788675134595E0));
#4667=CARTESIAN_POINT('',(-5.9E1,-6.85E1,-6.5E0));
#4668=VERTEX_POINT('',#4666);
#4669=VERTEX_POINT('',#4667);
#4670=VERTEX_POINT('',#346);
#4671=VERTEX_POINT('',#354);
#4672=VERTEX_POINT('',#332);
#4673=VERTEX_POINT('',#340);
#4674=VERTEX_POINT('',#356);
#4675=VERTEX_POINT('',#330);
#4676=CARTESIAN_POINT('',(-7.E1,-6.85E1,1.5E0));
#4677=VERTEX_POINT('',#4676);
#4678=CARTESIAN_POINT('',(-7.E1,-6.85E1,-1.5E0));
#4679=VERTEX_POINT('',#4678);
#4680=CARTESIAN_POINT('',(-7.E1,-6.85E1,1.7E1));
#4681=CARTESIAN_POINT('',(-5.9E1,-6.85E1,1.7E1));
#4682=VERTEX_POINT('',#4680);
#4683=VERTEX_POINT('',#4681);
#4684=CARTESIAN_POINT('',(-6.95E1,-6.85E1,-1.85E1));
#4685=CARTESIAN_POINT('',(-5.95E1,-6.85E1,-1.85E1));
#4686=VERTEX_POINT('',#4684);
#4687=VERTEX_POINT('',#4685);
#4688=CARTESIAN_POINT('',(-4.65E1,3.4E1,0.E0));
#4689=CARTESIAN_POINT('',(-4.85E1,3.472794046853E1,0.E0));
#4690=VERTEX_POINT('',#4688);
#4691=VERTEX_POINT('',#4689);
#4692=CARTESIAN_POINT('',(-4.005E1,3.55E1,0.E0));
#4693=CARTESIAN_POINT('',(-4.27E1,3.55E1,0.E0));
#4694=VERTEX_POINT('',#4692);
#4695=VERTEX_POINT('',#4693);
#4696=CARTESIAN_POINT('',(-4.27E1,3.4E1,0.E0));
#4697=VERTEX_POINT('',#4696);
#4698=CARTESIAN_POINT('',(-4.005E1,-3.55E1,0.E0));
#4699=CARTESIAN_POINT('',(-4.27E1,-3.55E1,0.E0));
#4700=VERTEX_POINT('',#4698);
#4701=VERTEX_POINT('',#4699);
#4702=CARTESIAN_POINT('',(-4.27E1,-3.4E1,0.E0));
#4703=CARTESIAN_POINT('',(-4.65E1,-3.4E1,0.E0));
#4704=VERTEX_POINT('',#4702);
#4705=VERTEX_POINT('',#4703);
#4706=CARTESIAN_POINT('',(-3.E0,3.15E1,0.E0));
#4707=CARTESIAN_POINT('',(-3.E0,-3.15E1,0.E0));
#4708=VERTEX_POINT('',#4706);
#4709=VERTEX_POINT('',#4707);
#4710=CARTESIAN_POINT('',(-4.005E1,3.4E1,0.E0));
#4711=CARTESIAN_POINT('',(-4.005E1,-3.4E1,0.E0));
#4712=VERTEX_POINT('',#4710);
#4713=VERTEX_POINT('',#4711);
#4714=CARTESIAN_POINT('',(-3.5E0,3.4E1,0.E0));
#4715=CARTESIAN_POINT('',(-3.5E0,-3.4E1,-1.213407717577E-14));
#4716=VERTEX_POINT('',#4714);
#4717=VERTEX_POINT('',#4715);
#4718=CARTESIAN_POINT('',(-3.E0,3.35E1,0.E0));
#4719=CARTESIAN_POINT('',(-3.E0,-3.35E1,-1.201161249586E-14));
#4720=VERTEX_POINT('',#4718);
#4721=VERTEX_POINT('',#4719);
#4722=VERTEX_POINT('',#1100);
#4723=VERTEX_POINT('',#1106);
#4724=CARTESIAN_POINT('',(0.E0,3.15E1,0.E0));
#4725=CARTESIAN_POINT('',(0.E0,-3.15E1,0.E0));
#4726=VERTEX_POINT('',#4724);
#4727=VERTEX_POINT('',#4725);
#4728=CARTESIAN_POINT('',(-5.5E1,0.E0,-3.75E1));
#4729=CARTESIAN_POINT('',(-5.5E1,1.827227028472E1,-3.274712412781E1));
#4730=VERTEX_POINT('',#4728);
#4731=VERTEX_POINT('',#4729);
#4732=CARTESIAN_POINT('',(-5.5E1,-2.596596863993E0,3.740999444969E1));
#4733=CARTESIAN_POINT('',(-5.5E1,-1.35E1,3.498571136907E1));
#4734=VERTEX_POINT('',#4732);
#4735=VERTEX_POINT('',#4733);
#4736=CARTESIAN_POINT('',(-5.5E1,0.E0,-4.4E1));
#4737=VERTEX_POINT('',#4736);
#4738=CARTESIAN_POINT('',(-5.5E1,-1.35E1,3.780551209525E1));
#4739=VERTEX_POINT('',#4738);
#4740=CARTESIAN_POINT('',(-5.5E1,3.070909280632E1,3.216513472599E1));
#4741=CARTESIAN_POINT('',(-5.5E1,2.716542817300E1,3.780551209525E1));
#4742=VERTEX_POINT('',#4740);
#4743=VERTEX_POINT('',#4741);
#4744=CARTESIAN_POINT('',(-5.5E1,-2.156174907786E0,3.780551209525E1));
#4745=VERTEX_POINT('',#4744);
#4746=CARTESIAN_POINT('',(-5.E1,-5.E0,-4.371498598879E1));
#4747=CARTESIAN_POINT('',(-5.E1,-3.378557153209E1,-2.81875E1));
#4748=VERTEX_POINT('',#4746);
#4749=VERTEX_POINT('',#4747);
#4750=CARTESIAN_POINT('',(-5.E1,-3.434748899119E1,2.75E1));
#4751=CARTESIAN_POINT('',(-5.E1,-2.321100917431E1,3.737979471733E1));
#4752=VERTEX_POINT('',#4750);
#4753=VERTEX_POINT('',#4751);
#4754=VERTEX_POINT('',#876);
#4755=VERTEX_POINT('',#880);
#4756=VERTEX_POINT('',#1112);
#4757=VERTEX_POINT('',#1115);
#4758=CARTESIAN_POINT('',(-7.663348968251E1,1.775588302646E1,7.557356443837E1));
#4759=VERTEX_POINT('',#4758);
#4760=VERTEX_POINT('',#1127);
#4761=VERTEX_POINT('',#1130);
#4762=CARTESIAN_POINT('',(-7.637457641173E1,8.585144245316E0,7.519568666835E1));
#4763=VERTEX_POINT('',#4762);
#4764=CARTESIAN_POINT('',(-5.624674838127E1,-1.35E1,4.475645114868E1));
#4765=VERTEX_POINT('',#4764);
#4766=CARTESIAN_POINT('',(-5.E1,-2.057106781187E1,3.910925552975E1));
#4767=VERTEX_POINT('',#4766);
#4768=VERTEX_POINT('',#1064);
#4769=VERTEX_POINT('',#1067);
#4770=CARTESIAN_POINT('',(-5.5E1,3.070909280632E1,-2.580761451741E1));
#4771=VERTEX_POINT('',#4770);
#4772=CARTESIAN_POINT('',(-6.601781373295E1,5.143343760160E1,
-1.424382564560E1));
#4773=VERTEX_POINT('',#4772);
#4774=VERTEX_POINT('',#425);
#4775=VERTEX_POINT('',#133);
#4776=VERTEX_POINT('',#138);
#4777=VERTEX_POINT('',#4279);
#4778=VERTEX_POINT('',#4282);
#4779=VERTEX_POINT('',#4284);
#4780=VERTEX_POINT('',#4277);
#4781=VERTEX_POINT('',#4255);
#4782=CARTESIAN_POINT('',(-3.4E1,5.596501281246E1,-6.264268234213E1));
#4783=VERTEX_POINT('',#4782);
#4784=CARTESIAN_POINT('',(-4.6E1,5.596501281246E1,-6.264268234213E1));
#4785=VERTEX_POINT('',#4784);
#4786=CARTESIAN_POINT('',(-4.6E1,-5.596501281246E1,-6.264268234213E1));
#4787=VERTEX_POINT('',#4786);
#4788=VERTEX_POINT('',#3460);
#4789=VERTEX_POINT('',#3506);
#4790=VERTEX_POINT('',#3305);
#4791=VERTEX_POINT('',#3315);
#4792=VERTEX_POINT('',#3260);
#4793=CARTESIAN_POINT('',(-4.8E1,-8.023940055361E1,-5.183029454561E1));
#4794=VERTEX_POINT('',#4793);
#4795=CARTESIAN_POINT('',(-3.4E1,7.5E1,-4.222949016875E1));
#4796=VERTEX_POINT('',#4795);
#4797=CARTESIAN_POINT('',(-7.101849727491E1,2.15E1,1.208270773981E2));
#4798=CARTESIAN_POINT('',(-7.101849727491E1,5.5E0,1.208270773981E2));
#4799=VERTEX_POINT('',#4797);
#4800=VERTEX_POINT('',#4798);
#4801=CARTESIAN_POINT('',(-6.500755815726E1,1.95E1,1.041138332950E2));
#4802=CARTESIAN_POINT('',(-6.500755815726E1,7.5E0,1.041138332950E2));
#4803=VERTEX_POINT('',#4801);
#4804=VERTEX_POINT('',#4802);
#4805=CARTESIAN_POINT('',(-9.055343416337E1,1.95E1,9.588939283660E1));
#4806=CARTESIAN_POINT('',(-9.055343416337E1,7.5E0,9.588939283660E1));
#4807=VERTEX_POINT('',#4805);
#4808=VERTEX_POINT('',#4806);
#4809=CARTESIAN_POINT('',(-9.934180786911E1,2.15E1,1.043351087502E2));
#4810=CARTESIAN_POINT('',(-9.934180786911E1,5.5E0,1.043351087502E2));
#4811=VERTEX_POINT('',#4809);
#4812=VERTEX_POINT('',#4810);
#4813=VERTEX_POINT('',#3696);
#4814=CARTESIAN_POINT('',(-6.990672983375E1,7.5E0,1.139705917212E2));
#4815=VERTEX_POINT('',#4814);
#4816=CARTESIAN_POINT('',(-9.392757632468E1,1.95E1,9.998384232953E1));
#4817=VERTEX_POINT('',#4816);
#4818=VERTEX_POINT('',#3795);
#4819=CARTESIAN_POINT('',(-4.636654955007E1,-7.755739943921E1,-4.8E1));
#4820=CARTESIAN_POINT('',(-4.6E1,-7.755739943921E1,-4.8E1));
#4821=VERTEX_POINT('',#4819);
#4822=VERTEX_POINT('',#4820);
#4823=CARTESIAN_POINT('',(-4.8E1,7.593717104352E1,-4.8E1));
#4824=CARTESIAN_POINT('',(-4.8E1,6.406282895648E1,-4.8E1));
#4825=VERTEX_POINT('',#4823);
#4826=VERTEX_POINT('',#4824);
#4827=CARTESIAN_POINT('',(-4.8E1,-7.593717104352E1,-4.8E1));
#4828=CARTESIAN_POINT('',(-4.8E1,-6.406282895648E1,-4.8E1));
#4829=VERTEX_POINT('',#4827);
#4830=VERTEX_POINT('',#4828);
#4831=CARTESIAN_POINT('',(-4.673672752468E1,7.683291874122E1,-4.8E1));
#4832=CARTESIAN_POINT('',(-4.6E1,7.683291874122E1,-4.8E1));
#4833=VERTEX_POINT('',#4831);
#4834=VERTEX_POINT('',#4832);
#4835=VERTEX_POINT('',#3434);
#4836=VERTEX_POINT('',#3253);
#4837=CARTESIAN_POINT('',(-8.139360210346E1,6.180708941655E1,
-8.455525913919E0));
#4838=VERTEX_POINT('',#4837);
#4839=CARTESIAN_POINT('',(-2.E1,-1.453635544078E1,-4.161733830937E1));
#4840=CARTESIAN_POINT('',(-4.E1,-1.453635544078E1,-4.161733830937E1));
#4841=VERTEX_POINT('',#4839);
#4842=VERTEX_POINT('',#4840);
#4843=CARTESIAN_POINT('',(-2.E1,-1.287663464159E1,-4.207365304210E1));
#4844=VERTEX_POINT('',#4843);
#4845=CARTESIAN_POINT('',(-4.E1,-1.697119297987E1,4.167707533933E1));
#4846=CARTESIAN_POINT('',(-2.E1,-1.697119297987E1,4.167707533933E1));
#4847=VERTEX_POINT('',#4845);
#4848=VERTEX_POINT('',#4846);
#4849=CARTESIAN_POINT('',(-4.E1,-1.594522603686E1,4.261794163401E1));
#4850=VERTEX_POINT('',#4849);
#4851=CARTESIAN_POINT('',(-2.E1,-1.594522603686E1,4.261794163401E1));
#4852=VERTEX_POINT('',#4851);
#4853=CARTESIAN_POINT('',(-4.E1,-1.520615523639E1,-4.168712132008E1));
#4854=CARTESIAN_POINT('',(-4.E1,-1.681859439030E1,-4.173888933279E1));
#4855=VERTEX_POINT('',#4853);
#4856=VERTEX_POINT('',#4854);
#4857=CARTESIAN_POINT('',(-2.E1,-1.520615523639E1,-4.168712132008E1));
#4858=VERTEX_POINT('',#4857);
#4859=CARTESIAN_POINT('',(-2.E1,-2.880159961269E1,-3.326361164622E1));
#4860=VERTEX_POINT('',#4859);
#4861=CARTESIAN_POINT('',(-7.960501542658E1,6.060037565464E1,-1.6E1));
#4862=VERTEX_POINT('',#4861);
#4863=CARTESIAN_POINT('',(-8.698277907313E1,9.633405530804E1,-1.3E1));
#4864=CARTESIAN_POINT('',(-9.827073685886E1,7.319366130266E1,-1.3E1));
#4865=VERTEX_POINT('',#4863);
#4866=VERTEX_POINT('',#4864);
#4867=CARTESIAN_POINT('',(-1.043881878195E2,9.073467029956E1,-1.E1));
#4868=VERTEX_POINT('',#4867);
#4869=CARTESIAN_POINT('',(-5.854323730406E1,8.919641248391E1,-1.E1));
#4870=VERTEX_POINT('',#4869);
#4871=VERTEX_POINT('',#2191);
#4872=CARTESIAN_POINT('',(-4.6E1,8.431372549020E1,-1.025102008869E1));
#4873=VERTEX_POINT('',#4872);
#4874=CARTESIAN_POINT('',(-8.698277906904E1,9.633405530671E1,-1.2E1));
#4875=VERTEX_POINT('',#4874);
#4876=VERTEX_POINT('',#1235);
#4877=VERTEX_POINT('',#1240);
#4878=VERTEX_POINT('',#1174);
#4879=VERTEX_POINT('',#1178);
#4880=VERTEX_POINT('',#1247);
#4881=VERTEX_POINT('',#1180);
#4882=CARTESIAN_POINT('',(-1.036491106407E2,8.697032059620E1,1.3E1));
#4883=VERTEX_POINT('',#4882);
#4884=CARTESIAN_POINT('',(-1.048176975361E2,9.292229673517E1,1.E1));
#4885=VERTEX_POINT('',#4884);
#4886=CARTESIAN_POINT('',(-8.417264973081E1,8.397032059620E1,-1.3E1));
#4887=CARTESIAN_POINT('',(-9.782735026919E1,8.397032059620E1,-1.3E1));
#4888=VERTEX_POINT('',#4886);
#4889=VERTEX_POINT('',#4887);
#4890=VERTEX_POINT('',#867);
#4891=VERTEX_POINT('',#874);
#4892=CARTESIAN_POINT('',(-4.605603294202E1,7.5E1,-4.222949016875E1));
#4893=CARTESIAN_POINT('',(-5.255238941047E1,7.5E1,-2.6E1));
#4894=VERTEX_POINT('',#4892);
#4895=VERTEX_POINT('',#4893);
#4896=VERTEX_POINT('',#2196);
#4897=VERTEX_POINT('',#2208);
#4898=VERTEX_POINT('',#568);
#4899=CARTESIAN_POINT('',(-4.6E1,7.515798318750E1,-4.4E1));
#4900=CARTESIAN_POINT('',(-4.6E1,3.521675709904E1,-4.4E1));
#4901=VERTEX_POINT('',#4899);
#4902=VERTEX_POINT('',#4900);
#4903=CARTESIAN_POINT('',(-7.4E1,6.429800502330E1,-1.6E1));
#4904=VERTEX_POINT('',#4903);
#4905=CARTESIAN_POINT('',(-4.6E1,8.301794318082E1,-1.619839550045E1));
#4906=VERTEX_POINT('',#4905);
#4907=CARTESIAN_POINT('',(-4.599999999977E1,8.301794318075E1,
-1.210396607455E1));
#4908=VERTEX_POINT('',#4907);
#4909=CARTESIAN_POINT('',(-8.252428730917E1,1.431442674180E1,8.588145410259E1));
#4910=CARTESIAN_POINT('',(-5.704863578293E1,1.932170103078E1,5.385979383758E1));
#4911=VERTEX_POINT('',#4909);
#4912=VERTEX_POINT('',#4910);
#4913=VERTEX_POINT('',#3997);
#4914=VERTEX_POINT('',#4006);
#4915=VERTEX_POINT('',#985);
#4916=VERTEX_POINT('',#994);
#4917=CARTESIAN_POINT('',(-5.E1,2.534387824541E1,3.696693666513E1));
#4918=VERTEX_POINT('',#4917);
#4919=CARTESIAN_POINT('',(-5.2E1,2.709614280013E1,3.793107821607E1));
#4920=VERTEX_POINT('',#4919);
#4921=VERTEX_POINT('',#4053);
#4922=VERTEX_POINT('',#978);
#4923=CARTESIAN_POINT('',(-5.715111990876E1,7.697732425420E0,5.398861141993E1));
#4924=CARTESIAN_POINT('',(-8.252428731034E1,1.182289459769E1,8.588145410406E1));
#4925=VERTEX_POINT('',#4923);
#4926=VERTEX_POINT('',#4924);
#4927=VERTEX_POINT('',#4164);
#4928=VERTEX_POINT('',#4169);
#4929=VERTEX_POINT('',#4082);
#4930=VERTEX_POINT('',#4148);
#4931=VERTEX_POINT('',#4055);
#4932=CARTESIAN_POINT('',(-5.E1,6.300443920600E0,3.696693666513E1));
#4933=VERTEX_POINT('',#4932);
#4934=CARTESIAN_POINT('',(-5.544124130486E1,4.978697725371E1,
-1.386549606781E1));
#4935=VERTEX_POINT('',#4934);
#4936=CARTESIAN_POINT('',(-5.E1,4.088654360360E1,-1.783851375733E1));
#4937=VERTEX_POINT('',#4936);
#4938=VERTEX_POINT('',#957);
#4939=VERTEX_POINT('',#961);
#4940=VERTEX_POINT('',#882);
#4941=CARTESIAN_POINT('',(-8.445173533190E1,1.187050136927E1,8.698410829554E1));
#4942=CARTESIAN_POINT('',(-8.445173491889E1,1.425688294604E1,8.698410769276E1));
#4943=VERTEX_POINT('',#4941);
#4944=VERTEX_POINT('',#4942);
#4945=VERTEX_POINT('',#1168);
#4946=VERTEX_POINT('',#1139);
#4947=CARTESIAN_POINT('',(-5.2E1,1.827227028472E1,-3.274712412781E1));
#4948=VERTEX_POINT('',#4947);
#4949=CARTESIAN_POINT('',(-5.E1,2.784934937192E1,-2.511301932387E1));
#4950=VERTEX_POINT('',#4949);
#4951=CARTESIAN_POINT('',(-5.2E1,4.186106468548E1,-1.958502704413E1));
#4952=VERTEX_POINT('',#4951);
#4953=VERTEX_POINT('',#3961);
#4954=VERTEX_POINT('',#927);
#4955=VERTEX_POINT('',#196);
#4956=VERTEX_POINT('',#145);
#4957=CARTESIAN_POINT('',(-5.363501323741E1,-5.687474996617E1,
7.448528046749E0));
#4958=VERTEX_POINT('',#4957);
#4959=CARTESIAN_POINT('',(-5.363498931562E1,-5.687474660418E1,
-7.448525201888E0));
#4960=VERTEX_POINT('',#4959);
#4961=CARTESIAN_POINT('',(-4.949710127290E1,-5.561675025196E1,
-5.452393815559E0));
#4962=CARTESIAN_POINT('',(-4.949712849107E1,-5.561675407723E1,
5.452419776177E0));
#4963=VERTEX_POINT('',#4961);
#4964=VERTEX_POINT('',#4962);
#4965=CARTESIAN_POINT('',(-5.E1,-5.201744848255E1,-1.85E1));
#4966=VERTEX_POINT('',#4965);
#4967=CARTESIAN_POINT('',(-5.430413449520E1,-5.696878882626E1,-1.85E1));
#4968=CARTESIAN_POINT('',(-5.430413421862E1,-5.696878887637E1,
-1.108629833436E1));
#4969=VERTEX_POINT('',#4967);
#4970=VERTEX_POINT('',#4968);
#4971=CARTESIAN_POINT('',(-5.430413461657E1,-5.696878880427E1,
1.108630088719E1));
#4972=CARTESIAN_POINT('',(-5.430413449520E1,-5.696878882626E1,1.7E1));
#4973=VERTEX_POINT('',#4971);
#4974=VERTEX_POINT('',#4972);
#4975=CARTESIAN_POINT('',(-5.000000011599E1,-5.201745040283E1,
1.108630108469E1));
#4976=CARTESIAN_POINT('',(-5.E1,-5.201744848255E1,1.7E1));
#4977=VERTEX_POINT('',#4975);
#4978=VERTEX_POINT('',#4976);
#4979=VERTEX_POINT('',#395);
#4980=CARTESIAN_POINT('',(-5.E1,-5.323461341934E1,1.7E1));
#4981=VERTEX_POINT('',#4980);
#4982=CARTESIAN_POINT('',(-5.E1,-5.323461341934E1,-1.85E1));
#4983=VERTEX_POINT('',#4982);
#4984=VERTEX_POINT('',#818);
#4985=CARTESIAN_POINT('',(-8.636474508417E1,9.823616834023E1,-1.E1));
#4986=VERTEX_POINT('',#4985);
#4987=CARTESIAN_POINT('',(-1.036491106407E2,8.697032059620E1,-1.2E1));
#4988=VERTEX_POINT('',#4987);
#4989=CARTESIAN_POINT('',(-2.6E1,5.015974482144E1,-1.E1));
#4990=CARTESIAN_POINT('',(-2.6E1,7.122090670259E1,-1.E1));
#4991=VERTEX_POINT('',#4989);
#4992=VERTEX_POINT('',#4990);
#4993=CARTESIAN_POINT('',(-3.4E1,4.830197648942E1,-1.925925925926E1));
#4994=CARTESIAN_POINT('',(-3.4E1,5.015974481594E1,-1.8E1));
#4995=VERTEX_POINT('',#4993);
#4996=VERTEX_POINT('',#4994);
#4997=CARTESIAN_POINT('',(-2.6E1,4.087090318336E1,-1.629629629630E1));
#4998=VERTEX_POINT('',#4997);
#4999=CARTESIAN_POINT('',(-2.6E1,1.287663464159E1,-4.207365304210E1));
#5000=VERTEX_POINT('',#4999);
#5001=CARTESIAN_POINT('',(-3.4E1,3.052176569162E1,-4.210014036872E1));
#5002=VERTEX_POINT('',#5001);
#5003=VERTEX_POINT('',#2025);
#5004=CARTESIAN_POINT('',(-3.2E1,7.593717104352E1,-4.8E1));
#5005=CARTESIAN_POINT('',(-3.1E1,7.593717104352E1,-4.8E1));
#5006=VERTEX_POINT('',#5004);
#5007=VERTEX_POINT('',#5005);
#5008=CARTESIAN_POINT('',(-3.363345044993E1,-7.755739943921E1,-4.8E1));
#5009=CARTESIAN_POINT('',(-3.4E1,-7.755739943921E1,-4.8E1));
#5010=VERTEX_POINT('',#5008);
#5011=VERTEX_POINT('',#5009);
#5012=CARTESIAN_POINT('',(-3.2E1,-6.406282895648E1,-4.8E1));
#5013=CARTESIAN_POINT('',(-3.1E1,-6.406282895648E1,-4.8E1));
#5014=VERTEX_POINT('',#5012);
#5015=VERTEX_POINT('',#5013);
#5016=CARTESIAN_POINT('',(-3.1E1,-7.593717104352E1,-4.8E1));
#5017=VERTEX_POINT('',#5016);
#5018=CARTESIAN_POINT('',(-3.1E1,6.406282895648E1,-4.8E1));
#5019=VERTEX_POINT('',#5018);
#5020=CARTESIAN_POINT('',(-3.4E1,7.683291874122E1,-4.8E1));
#5021=CARTESIAN_POINT('',(-3.326327247532E1,7.683291874122E1,-4.8E1));
#5022=VERTEX_POINT('',#5020);
#5023=VERTEX_POINT('',#5021);
#5024=CARTESIAN_POINT('',(-3.2E1,-7.593717104352E1,-4.8E1));
#5025=VERTEX_POINT('',#5024);
#5026=CARTESIAN_POINT('',(-3.2E1,6.406282895648E1,-4.8E1));
#5027=VERTEX_POINT('',#5026);
#5028=VERTEX_POINT('',#3504);
#5029=VERTEX_POINT('',#3289);
#5030=CARTESIAN_POINT('',(-3.2E1,-8.023940055361E1,-5.183029454561E1));
#5031=VERTEX_POINT('',#5030);
#5032=VERTEX_POINT('',#682);
#5033=VERTEX_POINT('',#686);
#5034=CARTESIAN_POINT('',(-3.1E1,-4.914264950124E1,-2.1E1));
#5035=VERTEX_POINT('',#5034);
#5036=CARTESIAN_POINT('',(-3.4E1,-4.914264950122E1,-2.4E1));
#5037=CARTESIAN_POINT('',(-3.4E1,-6.246274106923E1,-2.4E1));
#5038=VERTEX_POINT('',#5036);
#5039=VERTEX_POINT('',#5037);
#5040=CARTESIAN_POINT('',(-3.1E1,-3.378557153209E1,-2.81875E1));
#5041=VERTEX_POINT('',#5040);
#5042=CARTESIAN_POINT('',(-3.4E1,-3.608913322746E1,-3.0109375E1));
#5043=VERTEX_POINT('',#5042);
#5044=CARTESIAN_POINT('',(-3.4E1,-3.132421996063E1,-3.503988076261E1));
#5045=VERTEX_POINT('',#5044);
#5046=CARTESIAN_POINT('',(-3.1E1,-2.880159961269E1,-3.326361164622E1));
#5047=VERTEX_POINT('',#5046);
#5048=CARTESIAN_POINT('',(-3.4E1,-3.035358421130E1,-3.703125374097E1));
#5049=VERTEX_POINT('',#5048);
#5050=CARTESIAN_POINT('',(-3.1E1,-2.768936939641E1,-3.547250798053E1));
#5051=CARTESIAN_POINT('',(-3.1E1,-2.845703120024E1,-3.397838590342E1));
#5052=VERTEX_POINT('',#5050);
#5053=VERTEX_POINT('',#5051);
#5054=VERTEX_POINT('',#692);
#5055=CARTESIAN_POINT('',(-4.6E1,-4.914264950122E1,-2.4E1));
#5056=CARTESIAN_POINT('',(-4.6E1,-6.246274106923E1,-2.4E1));
#5057=VERTEX_POINT('',#5055);
#5058=VERTEX_POINT('',#5056);
#5059=CARTESIAN_POINT('',(-4.6E1,-3.608913322746E1,-3.0109375E1));
#5060=VERTEX_POINT('',#5059);
#5061=CARTESIAN_POINT('',(-4.9E1,-3.378557153209E1,-2.81875E1));
#5062=CARTESIAN_POINT('',(-4.9E1,-4.914264950122E1,-2.1E1));
#5063=VERTEX_POINT('',#5061);
#5064=VERTEX_POINT('',#5062);
#5065=CARTESIAN_POINT('',(-4.9E1,-1.287663464159E1,-4.207365304210E1));
#5066=VERTEX_POINT('',#5065);
#5067=CARTESIAN_POINT('',(-4.6E1,-2.332028390440E1,-4.080642545750E1));
#5068=VERTEX_POINT('',#5067);
#5069=VERTEX_POINT('',#2820);
#5070=CARTESIAN_POINT('',(-4.710250107034E1,-6.633572441543E1,-2.1E1));
#5071=VERTEX_POINT('',#5070);
#5072=CARTESIAN_POINT('',(-4.9E1,-6.633572441543E1,-2.1E1));
#5073=VERTEX_POINT('',#5072);
#5074=CARTESIAN_POINT('',(-7.960501542658E1,6.060037565464E1,-1.5E1));
#5075=VERTEX_POINT('',#5074);
#5076=CARTESIAN_POINT('',(-8.154681979866E1,6.191046148330E1,-1.3E1));
#5077=VERTEX_POINT('',#5076);
#5078=CARTESIAN_POINT('',(-6.779593570702E1,9.009987198986E1,-1.3E1));
#5079=VERTEX_POINT('',#5078);
#5080=CARTESIAN_POINT('',(-6.556816238092E1,8.937602455747E1,-1.5E1));
#5081=VERTEX_POINT('',#5080);
#5082=CARTESIAN_POINT('',(-1.048605293492E2,9.314045246685E1,-6.E0));
#5083=VERTEX_POINT('',#5082);
#5084=CARTESIAN_POINT('',(-1.036528591777E2,8.695447116723E1,-4.E0));
#5085=VERTEX_POINT('',#5084);
#5086=CARTESIAN_POINT('',(-1.036528591777E2,8.695447116723E1,4.E0));
#5087=VERTEX_POINT('',#5086);
#5088=CARTESIAN_POINT('',(-1.048605293492E2,9.314045246685E1,6.E0));
#5089=VERTEX_POINT('',#5088);
#5090=CARTESIAN_POINT('',(-1.056720985666E2,1.084763485910E2,2.5E-1));
#5091=CARTESIAN_POINT('',(-1.057439167484E2,1.089711638583E2,
7.499999999999E-1));
#5092=VERTEX_POINT('',#5090);
#5093=VERTEX_POINT('',#5091);
#5094=CARTESIAN_POINT('',(-1.054246909329E2,1.085122576819E2,5.E-1));
#5095=CARTESIAN_POINT('',(-1.054606000238E2,1.087596653156E2,7.5E-1));
#5096=VERTEX_POINT('',#5094);
#5097=VERTEX_POINT('',#5095);
#5098=CARTESIAN_POINT('',(-1.057439167484E2,1.089711638583E2,1.75E0));
#5099=VERTEX_POINT('',#5098);
#5100=CARTESIAN_POINT('',(-1.054606000238E2,1.087596653156E2,1.749999998341E0));
#5101=VERTEX_POINT('',#5100);
#5102=CARTESIAN_POINT('',(-1.054965091147E2,1.090070729492E2,2.E0));
#5103=VERTEX_POINT('',#5102);
#5104=CARTESIAN_POINT('',(-1.058157349302E2,1.094659791256E2,1.75E0));
#5105=VERTEX_POINT('',#5104);
#5106=CARTESIAN_POINT('',(-1.055683272963E2,1.095018882149E2,2.E0));
#5107=VERTEX_POINT('',#5106);
#5108=CARTESIAN_POINT('',(-1.056042363875E2,1.097492958502E2,1.75E0));
#5109=VERTEX_POINT('',#5108);
#5110=CARTESIAN_POINT('',(-1.058157349302E2,1.094659791256E2,-1.75E0));
#5111=VERTEX_POINT('',#5110);
#5112=CARTESIAN_POINT('',(-1.056042363875E2,1.097492958502E2,
-1.749999998341E0));
#5113=VERTEX_POINT('',#5112);
#5114=CARTESIAN_POINT('',(-1.055683272965E2,1.095018882165E2,-2.E0));
#5115=VERTEX_POINT('',#5114);
#5116=CARTESIAN_POINT('',(-1.057439167484E2,1.089711638583E2,-1.75E0));
#5117=VERTEX_POINT('',#5116);
#5118=CARTESIAN_POINT('',(-1.054965091150E2,1.090070729509E2,-2.E0));
#5119=VERTEX_POINT('',#5118);
#5120=CARTESIAN_POINT('',(-1.054606000238E2,1.087596653156E2,-1.75E0));
#5121=VERTEX_POINT('',#5120);
#5122=CARTESIAN_POINT('',(-1.057439167484E2,1.089711638583E2,
-7.500000000224E-1));
#5123=VERTEX_POINT('',#5122);
#5124=CARTESIAN_POINT('',(-1.054606000238E2,1.087596653156E2,
-7.500000000168E-1));
#5125=VERTEX_POINT('',#5124);
#5126=CARTESIAN_POINT('',(-1.056720985666E2,1.084763485910E2,-2.5E-1));
#5127=VERTEX_POINT('',#5126);
#5128=CARTESIAN_POINT('',(-1.054246909329E2,1.085122576819E2,-5.E-1));
#5129=VERTEX_POINT('',#5128);
#5130=CARTESIAN_POINT('',(-1.053130076575E2,1.060022722545E2,-2.5E-1));
#5131=VERTEX_POINT('',#5130);
#5132=CARTESIAN_POINT('',(-1.050656000241E2,1.060381813470E2,-5.E-1));
#5133=VERTEX_POINT('',#5132);
#5134=CARTESIAN_POINT('',(-1.050296909329E2,1.057907737117E2,-2.5E-1));
#5135=VERTEX_POINT('',#5134);
#5136=CARTESIAN_POINT('',(-1.053130076575E2,1.060022722545E2,2.5E-1));
#5137=VERTEX_POINT('',#5136);
#5138=CARTESIAN_POINT('',(-1.050296909329E2,1.057907737117E2,
2.499999983412E-1));
#5139=VERTEX_POINT('',#5138);
#5140=CARTESIAN_POINT('',(-1.050656000238E2,1.060381813454E2,5.E-1));
#5141=VERTEX_POINT('',#5140);
#5142=CARTESIAN_POINT('',(-1.046824680319E2,1.086199849546E2,6.5E-1));
#5143=CARTESIAN_POINT('',(-1.046968316683E2,1.087189480081E2,7.5E-1));
#5144=VERTEX_POINT('',#5142);
#5145=VERTEX_POINT('',#5143);
#5146=CARTESIAN_POINT('',(-1.048309126121E2,1.085984395001E2,5.E-1));
#5147=CARTESIAN_POINT('',(-1.048668217031E2,1.088458471338E2,7.5E-1));
#5148=VERTEX_POINT('',#5146);
#5149=VERTEX_POINT('',#5147);
#5150=CARTESIAN_POINT('',(-1.046968316683E2,1.087189480081E2,1.750000000020E0));
#5151=VERTEX_POINT('',#5150);
#5152=CARTESIAN_POINT('',(-1.048668217030E2,1.088458471338E2,1.750000000017E0));
#5153=VERTEX_POINT('',#5152);
#5154=CARTESIAN_POINT('',(-1.047542862138E2,1.091148002220E2,2.15E0));
#5155=VERTEX_POINT('',#5154);
#5156=CARTESIAN_POINT('',(-1.049027307940E2,1.090932547674E2,2.E0));
#5157=VERTEX_POINT('',#5156);
#5158=CARTESIAN_POINT('',(-1.048261043956E2,1.096096154893E2,2.149999999986E0));
#5159=VERTEX_POINT('',#5158);
#5160=CARTESIAN_POINT('',(-1.049745489758E2,1.095880700347E2,2.E0));
#5161=VERTEX_POINT('',#5160);
#5162=CARTESIAN_POINT('',(-1.048835589410E2,1.100054677031E2,1.75E0));
#5163=VERTEX_POINT('',#5162);
#5164=CARTESIAN_POINT('',(-1.050104580667E2,1.098354776684E2,1.75E0));
#5165=VERTEX_POINT('',#5164);
#5166=CARTESIAN_POINT('',(-1.048835589410E2,1.100054677031E2,
-1.750000000020E0));
#5167=VERTEX_POINT('',#5166);
#5168=CARTESIAN_POINT('',(-1.050104580667E2,1.098354776684E2,
-1.750000000017E0));
#5169=VERTEX_POINT('',#5168);
#5170=CARTESIAN_POINT('',(-1.048261043956E2,1.096096154893E2,-2.15E0));
#5171=VERTEX_POINT('',#5170);
#5172=CARTESIAN_POINT('',(-1.049745489758E2,1.095880700347E2,-2.E0));
#5173=VERTEX_POINT('',#5172);
#5174=CARTESIAN_POINT('',(-1.047542862138E2,1.091148002219E2,
-2.149999999986E0));
#5175=VERTEX_POINT('',#5174);
#5176=CARTESIAN_POINT('',(-1.049027307940E2,1.090932547674E2,-2.E0));
#5177=VERTEX_POINT('',#5176);
#5178=CARTESIAN_POINT('',(-1.046968316683E2,1.087189480081E2,-1.75E0));
#5179=VERTEX_POINT('',#5178);
#5180=CARTESIAN_POINT('',(-1.048668217030E2,1.088458471338E2,-1.75E0));
#5181=VERTEX_POINT('',#5180);
#5182=CARTESIAN_POINT('',(-1.046968316683E2,1.087189480081E2,-7.5E-1));
#5183=VERTEX_POINT('',#5182);
#5184=CARTESIAN_POINT('',(-1.048668217030E2,1.088458471338E2,
-7.500000000044E-1));
#5185=VERTEX_POINT('',#5184);
#5186=CARTESIAN_POINT('',(-1.046824680319E2,1.086199849546E2,-6.5E-1));
#5187=VERTEX_POINT('',#5186);
#5188=CARTESIAN_POINT('',(-1.048309126121E2,1.085984395001E2,-5.E-1));
#5189=VERTEX_POINT('',#5188);
#5190=CARTESIAN_POINT('',(-1.043233771229E2,1.061459086181E2,
-6.499999999861E-1));
#5191=VERTEX_POINT('',#5190);
#5192=CARTESIAN_POINT('',(-1.044718217030E2,1.061243631635E2,-5.E-1));
#5193=VERTEX_POINT('',#5192);
#5194=CARTESIAN_POINT('',(-1.042659225774E2,1.057500564043E2,-2.5E-1));
#5195=VERTEX_POINT('',#5194);
#5196=CARTESIAN_POINT('',(-1.044359126121E2,1.058769555299E2,-2.5E-1));
#5197=VERTEX_POINT('',#5196);
#5198=CARTESIAN_POINT('',(-1.042659225774E2,1.057500564043E2,
2.500000000201E-1));
#5199=VERTEX_POINT('',#5198);
#5200=CARTESIAN_POINT('',(-1.044359126121E2,1.058769555299E2,
2.500000000168E-1));
#5201=VERTEX_POINT('',#5200);
#5202=CARTESIAN_POINT('',(-1.043233771229E2,1.061459086181E2,6.5E-1));
#5203=VERTEX_POINT('',#5202);
#5204=CARTESIAN_POINT('',(-1.044718217031E2,1.061243631636E2,5.E-1));
#5205=VERTEX_POINT('',#5204);
#5206=CARTESIAN_POINT('',(0.E0,0.E0,0.E0));
#5207=DIRECTION('',(1.E0,0.E0,0.E0));
#5208=DIRECTION('',(0.E0,-1.E0,0.E0));
#5209=AXIS2_PLACEMENT_3D('',#5206,#5207,#5208);
#5210=PLANE('',#5209);
#5212=ORIENTED_EDGE('',*,*,#5211,.T.);
#5214=ORIENTED_EDGE('',*,*,#5213,.T.);
#5215=EDGE_LOOP('',(#5212,#5214));
#5216=FACE_OUTER_BOUND('',#5215,.F.);
#5218=ORIENTED_EDGE('',*,*,#5217,.T.);
#5220=ORIENTED_EDGE('',*,*,#5219,.T.);
#5221=EDGE_LOOP('',(#5218,#5220));
#5222=FACE_BOUND('',#5221,.F.);
#5223=ADVANCED_FACE('',(#5216,#5222),#5210,.T.);
#5224=CARTESIAN_POINT('',(-5.25E1,0.E0,0.E0));
#5225=DIRECTION('',(1.E0,0.E0,0.E0));
#5226=DIRECTION('',(0.E0,-1.E0,0.E0));
#5227=AXIS2_PLACEMENT_3D('',#5224,#5225,#5226);
#5228=CYLINDRICAL_SURFACE('',#5227,3.15E1);
#5229=ORIENTED_EDGE('',*,*,#5217,.F.);
#5231=ORIENTED_EDGE('',*,*,#5230,.T.);
#5233=ORIENTED_EDGE('',*,*,#5232,.T.);
#5235=ORIENTED_EDGE('',*,*,#5234,.F.);
#5236=EDGE_LOOP('',(#5229,#5231,#5233,#5235));
#5237=FACE_OUTER_BOUND('',#5236,.F.);
#5238=ADVANCED_FACE('',(#5237),#5228,.F.);
#5239=CARTESIAN_POINT('',(-5.25E1,0.E0,0.E0));
#5240=DIRECTION('',(1.E0,0.E0,0.E0));
#5241=DIRECTION('',(0.E0,-1.E0,0.E0));
#5242=AXIS2_PLACEMENT_3D('',#5239,#5240,#5241);
#5243=CYLINDRICAL_SURFACE('',#5242,3.15E1);
#5244=ORIENTED_EDGE('',*,*,#5219,.F.);
#5245=ORIENTED_EDGE('',*,*,#5234,.T.);
#5247=ORIENTED_EDGE('',*,*,#5246,.F.);
#5248=ORIENTED_EDGE('',*,*,#5230,.F.);
#5249=EDGE_LOOP('',(#5244,#5245,#5247,#5248));
#5250=FACE_OUTER_BOUND('',#5249,.F.);
#5251=ADVANCED_FACE('',(#5250),#5243,.F.);
#5252=CARTESIAN_POINT('',(-3.E0,0.E0,0.E0));
#5253=DIRECTION('',(1.E0,0.E0,0.E0));
#5254=DIRECTION('',(0.E0,-1.E0,0.E0));
#5255=AXIS2_PLACEMENT_3D('',#5252,#5253,#5254);
#5256=PLANE('',#5255);
#5258=ORIENTED_EDGE('',*,*,#5257,.F.);
#5260=ORIENTED_EDGE('',*,*,#5259,.F.);
#5261=EDGE_LOOP('',(#5258,#5260));
#5262=FACE_OUTER_BOUND('',#5261,.F.);
#5263=ORIENTED_EDGE('',*,*,#5232,.F.);
#5264=ORIENTED_EDGE('',*,*,#5246,.T.);
#5265=EDGE_LOOP('',(#5263,#5264));
#5266=FACE_BOUND('',#5265,.F.);
#5267=ADVANCED_FACE('',(#5262,#5266),#5256,.F.);
#5268=CARTESIAN_POINT('',(-3.5E0,0.E0,0.E0));
#5269=DIRECTION('',(1.E0,0.E0,0.E0));
#5270=DIRECTION('',(0.E0,9.999534954736E-1,9.644007990467E-3));
#5271=AXIS2_PLACEMENT_3D('',#5268,#5269,#5270);
#5272=TOROIDAL_SURFACE('',#5271,3.35E1,5.E-1);
#5274=ORIENTED_EDGE('',*,*,#5273,.F.);
#5276=ORIENTED_EDGE('',*,*,#5275,.T.);
#5277=ORIENTED_EDGE('',*,*,#5257,.T.);
#5279=ORIENTED_EDGE('',*,*,#5278,.F.);
#5280=EDGE_LOOP('',(#5274,#5276,#5277,#5279));
#5281=FACE_OUTER_BOUND('',#5280,.F.);
#5282=ADVANCED_FACE('',(#5281),#5272,.F.);
#5283=CARTESIAN_POINT('',(-5.25E1,0.E0,0.E0));
#5284=DIRECTION('',(1.E0,0.E0,0.E0));
#5285=DIRECTION('',(0.E0,-1.E0,0.E0));
#5286=AXIS2_PLACEMENT_3D('',#5283,#5284,#5285);
#5287=CYLINDRICAL_SURFACE('',#5286,3.4E1);
#5288=ORIENTED_EDGE('',*,*,#5273,.T.);
#5290=ORIENTED_EDGE('',*,*,#5289,.T.);
#5292=ORIENTED_EDGE('',*,*,#5291,.F.);
#5294=ORIENTED_EDGE('',*,*,#5293,.F.);
#5295=EDGE_LOOP('',(#5288,#5290,#5292,#5294));
#5296=FACE_OUTER_BOUND('',#5295,.F.);
#5297=ADVANCED_FACE('',(#5296),#5287,.F.);
#5298=CARTESIAN_POINT('',(-5.25E1,0.E0,0.E0));
#5299=DIRECTION('',(1.E0,0.E0,0.E0));
#5300=DIRECTION('',(0.E0,-1.E0,0.E0));
#5301=AXIS2_PLACEMENT_3D('',#5298,#5299,#5300);
#5302=CYLINDRICAL_SURFACE('',#5301,3.4E1);
#5304=ORIENTED_EDGE('',*,*,#5303,.T.);
#5305=ORIENTED_EDGE('',*,*,#5293,.T.);
#5307=ORIENTED_EDGE('',*,*,#5306,.T.);
#5308=ORIENTED_EDGE('',*,*,#5289,.F.);
#5309=EDGE_LOOP('',(#5304,#5305,#5307,#5308));
#5310=FACE_OUTER_BOUND('',#5309,.F.);
#5311=ADVANCED_FACE('',(#5310),#5302,.F.);
#5312=CARTESIAN_POINT('',(-3.5E0,0.E0,0.E0));
#5313=DIRECTION('',(1.E0,0.E0,0.E0));
#5314=DIRECTION('',(0.E0,-9.999534954736E-1,-9.644007990467E-3));
#5315=AXIS2_PLACEMENT_3D('',#5312,#5313,#5314);
#5316=TOROIDAL_SURFACE('',#5315,3.35E1,5.E-1);
#5317=ORIENTED_EDGE('',*,*,#5303,.F.);
#5318=ORIENTED_EDGE('',*,*,#5278,.T.);
#5319=ORIENTED_EDGE('',*,*,#5259,.T.);
#5320=ORIENTED_EDGE('',*,*,#5275,.F.);
#5321=EDGE_LOOP('',(#5317,#5318,#5319,#5320));
#5322=FACE_OUTER_BOUND('',#5321,.F.);
#5323=ADVANCED_FACE('',(#5322),#5316,.F.);
#5324=CARTESIAN_POINT('',(-4.005E1,0.E0,0.E0));
#5325=DIRECTION('',(1.E0,0.E0,0.E0));
#5326=DIRECTION('',(0.E0,-1.E0,0.E0));
#5327=AXIS2_PLACEMENT_3D('',#5324,#5325,#5326);
#5328=PLANE('',#5327);
#5330=ORIENTED_EDGE('',*,*,#5329,.F.);
#5332=ORIENTED_EDGE('',*,*,#5331,.T.);
#5333=EDGE_LOOP('',(#5330,#5332));
#5334=FACE_OUTER_BOUND('',#5333,.F.);
#5335=ORIENTED_EDGE('',*,*,#5306,.F.);
#5336=ORIENTED_EDGE('',*,*,#5291,.T.);
#5337=EDGE_LOOP('',(#5335,#5336));
#5338=FACE_BOUND('',#5337,.F.);
#5339=ADVANCED_FACE('',(#5334,#5338),#5328,.F.);
#5340=CARTESIAN_POINT('',(-5.25E1,0.E0,0.E0));
#5341=DIRECTION('',(1.E0,0.E0,0.E0));
#5342=DIRECTION('',(0.E0,-1.E0,0.E0));
#5343=AXIS2_PLACEMENT_3D('',#5340,#5341,#5342);
#5344=CYLINDRICAL_SURFACE('',#5343,3.55E1);
#5346=ORIENTED_EDGE('',*,*,#5345,.F.);
#5347=ORIENTED_EDGE('',*,*,#5329,.T.);
#5349=ORIENTED_EDGE('',*,*,#5348,.T.);
#5351=ORIENTED_EDGE('',*,*,#5350,.F.);
#5352=EDGE_LOOP('',(#5346,#5347,#5349,#5351));
#5353=FACE_OUTER_BOUND('',#5352,.F.);
#5354=ADVANCED_FACE('',(#5353),#5344,.F.);
#5355=CARTESIAN_POINT('',(-5.25E1,0.E0,0.E0));
#5356=DIRECTION('',(1.E0,0.E0,0.E0));
#5357=DIRECTION('',(0.E0,-1.E0,0.E0));
#5358=AXIS2_PLACEMENT_3D('',#5355,#5356,#5357);
#5359=CYLINDRICAL_SURFACE('',#5358,3.55E1);
#5360=ORIENTED_EDGE('',*,*,#5345,.T.);
#5362=ORIENTED_EDGE('',*,*,#5361,.T.);
#5363=ORIENTED_EDGE('',*,*,#5348,.F.);
#5364=ORIENTED_EDGE('',*,*,#5331,.F.);
#5365=EDGE_LOOP('',(#5360,#5362,#5363,#5364));
#5366=FACE_OUTER_BOUND('',#5365,.F.);
#5367=ADVANCED_FACE('',(#5366),#5359,.F.);
#5368=CARTESIAN_POINT('',(-4.27E1,0.E0,0.E0));
#5369=DIRECTION('',(1.E0,0.E0,0.E0));
#5370=DIRECTION('',(0.E0,-1.E0,0.E0));
#5371=AXIS2_PLACEMENT_3D('',#5368,#5369,#5370);
#5372=PLANE('',#5371);
#5373=ORIENTED_EDGE('',*,*,#5361,.F.);
#5374=ORIENTED_EDGE('',*,*,#5350,.T.);
#5375=EDGE_LOOP('',(#5373,#5374));
#5376=FACE_OUTER_BOUND('',#5375,.F.);
#5378=ORIENTED_EDGE('',*,*,#5377,.F.);
#5380=ORIENTED_EDGE('',*,*,#5379,.T.);
#5381=EDGE_LOOP('',(#5378,#5380));
#5382=FACE_BOUND('',#5381,.F.);
#5383=ADVANCED_FACE('',(#5376,#5382),#5372,.T.);
#5384=CARTESIAN_POINT('',(-5.25E1,0.E0,0.E0));
#5385=DIRECTION('',(1.E0,0.E0,0.E0));
#5386=DIRECTION('',(0.E0,-1.E0,0.E0));
#5387=AXIS2_PLACEMENT_3D('',#5384,#5385,#5386);
#5388=CYLINDRICAL_SURFACE('',#5387,3.4E1);
#5390=ORIENTED_EDGE('',*,*,#5389,.F.);
#5391=ORIENTED_EDGE('',*,*,#5377,.T.);
#5393=ORIENTED_EDGE('',*,*,#5392,.T.);
#5395=ORIENTED_EDGE('',*,*,#5394,.F.);
#5396=EDGE_LOOP('',(#5390,#5391,#5393,#5395));
#5397=FACE_OUTER_BOUND('',#5396,.F.);
#5398=ADVANCED_FACE('',(#5397),#5388,.F.);
#5399=CARTESIAN_POINT('',(-5.25E1,0.E0,0.E0));
#5400=DIRECTION('',(1.E0,0.E0,0.E0));
#5401=DIRECTION('',(0.E0,-1.E0,0.E0));
#5402=AXIS2_PLACEMENT_3D('',#5399,#5400,#5401);
#5403=CYLINDRICAL_SURFACE('',#5402,3.4E1);
#5404=ORIENTED_EDGE('',*,*,#5389,.T.);
#5406=ORIENTED_EDGE('',*,*,#5405,.T.);
#5407=ORIENTED_EDGE('',*,*,#5392,.F.);
#5408=ORIENTED_EDGE('',*,*,#5379,.F.);
#5409=EDGE_LOOP('',(#5404,#5406,#5407,#5408));
#5410=FACE_OUTER_BOUND('',#5409,.F.);
#5411=ADVANCED_FACE('',(#5410),#5403,.F.);
#5412=CARTESIAN_POINT('',(-4.75E1,0.E0,0.E0));
#5413=DIRECTION('',(-1.E0,0.E0,0.E0));
#5414=DIRECTION('',(0.E0,1.E0,0.E0));
#5415=AXIS2_PLACEMENT_3D('',#5412,#5413,#5414);
#5416=CONICAL_SURFACE('',#5415,3.436397023427E1,2.E1);
#5418=ORIENTED_EDGE('',*,*,#5417,.F.);
#5420=ORIENTED_EDGE('',*,*,#5419,.F.);
#5421=ORIENTED_EDGE('',*,*,#5405,.F.);
#5423=ORIENTED_EDGE('',*,*,#5422,.T.);
#5425=ORIENTED_EDGE('',*,*,#5424,.T.);
#5426=EDGE_LOOP('',(#5418,#5420,#5421,#5423,#5425));
#5427=FACE_OUTER_BOUND('',#5426,.F.);
#5428=ADVANCED_FACE('',(#5427),#5416,.F.);
#5429=CARTESIAN_POINT('',(-5.450364821907E1,-5.699682865154E1,0.E0));
#5430=DIRECTION('',(-1.391731009601E-1,9.902680687416E-1,0.E0));
#5431=DIRECTION('',(9.902680687416E-1,1.391731009601E-1,0.E0));
#5432=AXIS2_PLACEMENT_3D('',#5429,#5430,#5431);
#5433=CYLINDRICAL_SURFACE('',#5432,1.E1);
#5435=ORIENTED_EDGE('',*,*,#5434,.T.);
#5437=ORIENTED_EDGE('',*,*,#5436,.T.);
#5439=ORIENTED_EDGE('',*,*,#5438,.T.);
#5441=ORIENTED_EDGE('',*,*,#5440,.T.);
#5443=ORIENTED_EDGE('',*,*,#5442,.F.);
#5445=ORIENTED_EDGE('',*,*,#5444,.T.);
#5446=ORIENTED_EDGE('',*,*,#5417,.T.);
#5448=ORIENTED_EDGE('',*,*,#5447,.F.);
#5450=ORIENTED_EDGE('',*,*,#5449,.T.);
#5452=ORIENTED_EDGE('',*,*,#5451,.T.);
#5454=ORIENTED_EDGE('',*,*,#5453,.T.);
#5456=ORIENTED_EDGE('',*,*,#5455,.T.);
#5458=ORIENTED_EDGE('',*,*,#5457,.F.);
#5459=EDGE_LOOP('',(#5435,#5437,#5439,#5441,#5443,#5445,#5446,#5448,#5450,#5452,
#5454,#5456,#5458));
#5460=FACE_OUTER_BOUND('',#5459,.F.);
#5461=ADVANCED_FACE('',(#5460),#5433,.F.);
#5462=CARTESIAN_POINT('',(-4.998379737116E1,-5.198200316555E1,
-1.148721639025E1));
#5463=CARTESIAN_POINT('',(-4.998327706344E1,-5.187612153309E1,
-1.148029176860E1));
#5464=CARTESIAN_POINT('',(-4.997440824285E1,-5.011629222789E1,
-1.136448632821E1));
#5465=CARTESIAN_POINT('',(-4.996182311101E1,-4.835566481383E1,
-1.123666835739E1));
#5466=CARTESIAN_POINT('',(-4.994607109446E1,-4.669998547633E1,
-1.110365704835E1));
#5467=CARTESIAN_POINT('',(-5.012407111583E1,-5.220065006494E1,
-9.762807969442E0));
#5468=CARTESIAN_POINT('',(-5.012579995102E1,-5.209531488878E1,
-9.756135564306E0));
#5469=CARTESIAN_POINT('',(-5.015436929410E1,-5.034460375648E1,
-9.644609215463E0));
#5470=CARTESIAN_POINT('',(-5.018017671930E1,-4.859369663910E1,
-9.522532387894E0));
#5471=CARTESIAN_POINT('',(-5.020151002108E1,-4.694789135197E1,
-9.396506264039E0));
#5472=CARTESIAN_POINT('',(-4.941224576302E1,-5.240090131986E1,
-8.183481691540E0));
#5473=CARTESIAN_POINT('',(-4.941603449344E1,-5.229620337464E1,
-8.175961610316E0));
#5474=CARTESIAN_POINT('',(-4.947892672053E1,-5.055613757525E1,
-8.050398621083E0));
#5475=CARTESIAN_POINT('',(-4.954051667104E1,-4.881678737142E1,
-7.915156686894E0));
#5476=CARTESIAN_POINT('',(-4.959701641198E1,-4.718296183462E1,
-7.777741178329E0));
#5477=CARTESIAN_POINT('',(-4.802327995301E1,-5.253353743126E1,
-7.137418136291E0));
#5478=CARTESIAN_POINT('',(-4.802843303195E1,-5.242941086745E1,
-7.128158835583E0));
#5479=CARTESIAN_POINT('',(-4.811409668579E1,-5.069890105825E1,
-6.973693521865E0));
#5480=CARTESIAN_POINT('',(-4.820006418885E1,-4.897010382590E1,
-6.809616065853E0));
#5481=CARTESIAN_POINT('',(-4.828116797583E1,-4.734741925191E1,
-6.645235984939E0));
#5482=(BOUNDED_SURFACE()B_SPLINE_SURFACE(3,3,((#5462,#5463,#5464,#5465,#5466),(
#5467,#5468,#5469,#5470,#5471),(#5472,#5473,#5474,#5475,#5476),(#5477,#5478,
#5479,#5480,#5481)),.UNSPECIFIED.,.F.,.F.,.F.)B_SPLINE_SURFACE_WITH_KNOTS((4,4),
(4,1,4),(0.E0,1.E0),(9.047734317995E-1,9.063572431801E-1,9.310968019230E-1),
.UNSPECIFIED.)GEOMETRIC_REPRESENTATION_ITEM()RATIONAL_B_SPLINE_SURFACE(((
1.065470134360E0,1.065470134360E0,1.065470134360E0,1.065470134360E0,
1.065470134360E0),(9.781766218799E-1,9.781766218799E-1,9.781766218799E-1,
9.781766218799E-1,9.781766218799E-1),(9.781766218799E-1,9.781766218799E-1,
9.781766218799E-1,9.781766218799E-1,9.781766218799E-1),(1.065470134360E0,
1.065470134360E0,1.065470134360E0,1.065470134360E0,1.065470134360E0)))REPRESENTATION_ITEM('')SURFACE());
#5484=ORIENTED_EDGE('',*,*,#5483,.T.);
#5486=ORIENTED_EDGE('',*,*,#5485,.T.);
#5487=ORIENTED_EDGE('',*,*,#5434,.F.);
#5489=ORIENTED_EDGE('',*,*,#5488,.F.);
#5490=EDGE_LOOP('',(#5484,#5486,#5487,#5489));
#5491=FACE_OUTER_BOUND('',#5490,.F.);
#5492=ADVANCED_FACE('',(#5491),#5482,.T.);
#5493=CARTESIAN_POINT('',(-5.E1,0.E0,-2.1E1));
#5494=DIRECTION('',(-1.E0,0.E0,0.E0));
#5495=DIRECTION('',(0.E0,-1.E0,0.E0));
#5496=AXIS2_PLACEMENT_3D('',#5493,#5494,#5495);
#5497=PLANE('',#5496);
#5498=ORIENTED_EDGE('',*,*,#5483,.F.);
#5500=ORIENTED_EDGE('',*,*,#5499,.F.);
#5502=ORIENTED_EDGE('',*,*,#5501,.T.);
#5504=ORIENTED_EDGE('',*,*,#5503,.T.);
#5506=ORIENTED_EDGE('',*,*,#5505,.F.);
#5508=ORIENTED_EDGE('',*,*,#5507,.F.);
#5510=ORIENTED_EDGE('',*,*,#5509,.F.);
#5512=ORIENTED_EDGE('',*,*,#5511,.F.);
#5514=ORIENTED_EDGE('',*,*,#5513,.F.);
#5516=ORIENTED_EDGE('',*,*,#5515,.F.);
#5517=EDGE_LOOP('',(#5498,#5500,#5502,#5504,#5506,#5508,#5510,#5512,#5514,
#5516));
#5518=FACE_OUTER_BOUND('',#5517,.F.);
#5519=ADVANCED_FACE('',(#5518),#5497,.T.);
#5520=CARTESIAN_POINT('',(-5.E1,0.E0,-2.1E1));
#5521=DIRECTION('',(-1.E0,0.E0,0.E0));
#5522=DIRECTION('',(0.E0,-1.E0,0.E0));
#5523=AXIS2_PLACEMENT_3D('',#5520,#5521,#5522);
#5524=PLANE('',#5523);
#5526=ORIENTED_EDGE('',*,*,#5525,.F.);
#5528=ORIENTED_EDGE('',*,*,#5527,.F.);
#5530=ORIENTED_EDGE('',*,*,#5529,.F.);
#5532=ORIENTED_EDGE('',*,*,#5531,.F.);
#5534=ORIENTED_EDGE('',*,*,#5533,.F.);
#5536=ORIENTED_EDGE('',*,*,#5535,.F.);
#5538=ORIENTED_EDGE('',*,*,#5537,.F.);
#5540=ORIENTED_EDGE('',*,*,#5539,.F.);
#5542=ORIENTED_EDGE('',*,*,#5541,.T.);
#5544=ORIENTED_EDGE('',*,*,#5543,.F.);
#5546=ORIENTED_EDGE('',*,*,#5545,.F.);
#5547=EDGE_LOOP('',(#5526,#5528,#5530,#5532,#5534,#5536,#5538,#5540,#5542,#5544,
#5546));
#5548=FACE_OUTER_BOUND('',#5547,.F.);
#5549=ADVANCED_FACE('',(#5548),#5524,.T.);
#5550=CARTESIAN_POINT('',(-5.5E1,-5.201744848255E1,-3.452978119886E2));
#5551=DIRECTION('',(0.E0,0.E0,1.E0));
#5552=DIRECTION('',(1.391731009601E-1,-9.902680687416E-1,0.E0));
#5553=AXIS2_PLACEMENT_3D('',#5550,#5551,#5552);
#5554=CYLINDRICAL_SURFACE('',#5553,5.E0);
#5555=ORIENTED_EDGE('',*,*,#5499,.T.);
#5557=ORIENTED_EDGE('',*,*,#5556,.F.);
#5559=ORIENTED_EDGE('',*,*,#5558,.F.);
#5561=ORIENTED_EDGE('',*,*,#5560,.T.);
#5562=EDGE_LOOP('',(#5555,#5557,#5559,#5561));
#5563=FACE_OUTER_BOUND('',#5562,.F.);
#5564=ADVANCED_FACE('',(#5563),#5554,.F.);
#5565=CARTESIAN_POINT('',(-5.499685118779E1,-5.701627335631E1,
-1.150794423374E1));
#5566=CARTESIAN_POINT('',(-5.499450338967E1,-5.701706856478E1,
-1.136717589093E1));
#5567=CARTESIAN_POINT('',(-5.497601283967E1,-5.701837601660E1,
-1.087618488251E1));
#5568=CARTESIAN_POINT('',(-5.488496613390E1,-5.701225654798E1,
-1.005461129326E1));
#5569=CARTESIAN_POINT('',(-5.467296442731E1,-5.699055032674E1,
-9.064851815715E0));
#5570=CARTESIAN_POINT('',(-5.437344826428E1,-5.695596656810E1,
-8.124146962250E0));
#5571=CARTESIAN_POINT('',(-5.398938361931E1,-5.690878136886E1,
-7.225554885872E0));
#5572=CARTESIAN_POINT('',(-5.352276419663E1,-5.684908226236E1,
-6.368928435417E0));
#5573=CARTESIAN_POINT('',(-5.297239085275E1,-5.677650341236E1,
-5.553850357547E0));
#5574=CARTESIAN_POINT('',(-5.233490008599E1,-5.669034248336E1,
-4.781914462423E0));
#5575=CARTESIAN_POINT('',(-5.160447541900E1,-5.658951193552E1,
-4.056671896993E0));
#5576=CARTESIAN_POINT('',(-5.106562306324E1,-5.651371138399E1,
-3.621175764862E0));
#5577=CARTESIAN_POINT('',(-5.078050327091E1,-5.647325434312E1,
-3.414105275396E0));
#5578=CARTESIAN_POINT('',(-5.188839856220E1,-5.701974866373E1,
-1.138715853245E1));
#5579=CARTESIAN_POINT('',(-5.188447615243E1,-5.701545343692E1,
-1.128664091926E1));
#5580=CARTESIAN_POINT('',(-5.186327712415E1,-5.699895281204E1,
-1.093629249659E1));
#5581=CARTESIAN_POINT('',(-5.178401833985E1,-5.696269874977E1,
-1.035166743331E1));
#5582=CARTESIAN_POINT('',(-5.161446719077E1,-5.690401484138E1,
-9.650633735377E0));
#5583=CARTESIAN_POINT('',(-5.138287559369E1,-5.683355384024E1,
-8.987875634917E0));
#5584=CARTESIAN_POINT('',(-5.109182087807E1,-5.675130201339E1,
-8.358614073817E0));
#5585=CARTESIAN_POINT('',(-5.074333527210E1,-5.665731174976E1,
-7.762864463719E0));
#5586=CARTESIAN_POINT('',(-5.033722804094E1,-5.655116643402E1,
-7.200473577179E0));
#5587=CARTESIAN_POINT('',(-4.987190734477E1,-5.643218716520E1,
-6.672710012475E0));
#5588=CARTESIAN_POINT('',(-4.934422847088E1,-5.629938503610E1,
-6.182211337861E0));
#5589=CARTESIAN_POINT('',(-4.895892766114E1,-5.620355829381E1,
-5.891529453295E0));
#5590=CARTESIAN_POINT('',(-4.875613090442E1,-5.615335753814E1,
-5.754338887211E0));
#5591=CARTESIAN_POINT('',(-4.977446892765E1,-5.473952805719E1,
-1.129254981909E1));
#5592=CARTESIAN_POINT('',(-4.977288523593E1,-5.473173978225E1,
-1.122370130368E1));
#5593=CARTESIAN_POINT('',(-4.976235731805E1,-5.470311554305E1,
-1.098352724815E1));
#5594=CARTESIAN_POINT('',(-4.971555912097E1,-5.464677679850E1,
-1.058146278884E1));
#5595=CARTESIAN_POINT('',(-4.960959910864E1,-5.456416163224E1,
-1.009684761931E1));
#5596=CARTESIAN_POINT('',(-4.946149387469E1,-5.447114472986E1,
-9.636060277476E0));
#5597=CARTESIAN_POINT('',(-4.927276690378E1,-5.436746870342E1,
-9.195735949152E0));
#5598=CARTESIAN_POINT('',(-4.904450248897E1,-5.425311311868E1,
-8.775813715024E0));
#5599=CARTESIAN_POINT('',(-4.877625539117E1,-5.412758488345E1,
-8.376077407315E0));
#5600=CARTESIAN_POINT('',(-4.846656478906E1,-5.399017509864E1,
-7.997271067106E0));
#5601=CARTESIAN_POINT('',(-4.811282587678E1,-5.383990594089E1,
-7.641066295321E0));
#5602=CARTESIAN_POINT('',(-4.785266250268E1,-5.373343078910E1,
-7.426879001297E0));
#5603=CARTESIAN_POINT('',(-4.771521946433E1,-5.367811090189E1,
-7.324933765423E0));
#5604=CARTESIAN_POINT('',(-5.001053769280E1,-5.163771458306E1,
-1.128478226258E1));
#5605=CARTESIAN_POINT('',(-5.001370643658E1,-5.163027042883E1,
-1.121871463214E1));
#5606=CARTESIAN_POINT('',(-5.002038678201E1,-5.160298083526E1,
-1.098760168432E1));
#5607=CARTESIAN_POINT('',(-5.000590774504E1,-5.154948584351E1,
-1.059664999863E1));
#5608=CARTESIAN_POINT('',(-4.994390409806E1,-5.147133083982E1,
-1.011737611678E1));
#5609=CARTESIAN_POINT('',(-4.984131463131E1,-5.138354247451E1,
-9.653077621815E0));
#5610=CARTESIAN_POINT('',(-4.969861952203E1,-5.128582211374E1,
-9.200148569456E0));
#5611=CARTESIAN_POINT('',(-4.951557649567E1,-5.117808551641E1,
-8.758261759929E0));
#5612=CARTESIAN_POINT('',(-4.929038608701E1,-5.105978645346E1,
-8.326851476952E0));
#5613=CARTESIAN_POINT('',(-4.901999383932E1,-5.093015183018E1,
-7.906274211052E0));
#5614=CARTESIAN_POINT('',(-4.869985680145E1,-5.078812025123E1,
-7.497802596285E0));
#5615=CARTESIAN_POINT('',(-4.845617722432E1,-5.068720235089E1,
-7.242741045740E0));
#5616=CARTESIAN_POINT('',(-4.832521304933E1,-5.063467036E1,-7.118806845574E0));
#5617=(BOUNDED_SURFACE()B_SPLINE_SURFACE(3,3,((#5565,#5566,#5567,#5568,#5569,
#5570,#5571,#5572,#5573,#5574,#5575,#5576,#5577),(#5578,#5579,#5580,#5581,#5582,
#5583,#5584,#5585,#5586,#5587,#5588,#5589,#5590),(#5591,#5592,#5593,#5594,#5595,
#5596,#5597,#5598,#5599,#5600,#5601,#5602,#5603),(#5604,#5605,#5606,#5607,#5608,
#5609,#5610,#5611,#5612,#5613,#5614,#5615,#5616)),.UNSPECIFIED.,.F.,.F.,.F.)B_SPLINE_SURFACE_WITH_KNOTS((4,4),(4,1,1,1,1,1,1,1,1,1,4),(0.E0,1.E0),(
-1.697223888939E-2,0.E0,4.229793484560E-2,8.299086704875E-2,1.233059753671E-1,
1.634432472953E-1,2.038597011290E-1,2.449673651175E-1,2.871930730008E-1,
3.310110946639E-1,3.769962400632E-1),.UNSPECIFIED.)GEOMETRIC_REPRESENTATION_ITEM()RATIONAL_B_SPLINE_SURFACE(((1.190905492101E0,1.190905492101E0,1.190905492101E0,
1.190905492101E0,1.190905492101E0,1.190905492101E0,1.190905492101E0,
1.190905492101E0,1.190905492101E0,1.190905492101E0,1.190905492101E0,
1.190905492101E0,1.190905492101E0),(9.363648359664E-1,9.363648359664E-1,
9.363648359664E-1,9.363648359664E-1,9.363648359664E-1,9.363648359664E-1,
9.363648359664E-1,9.363648359664E-1,9.363648359664E-1,9.363648359664E-1,
9.363648359664E-1,9.363648359664E-1,9.363648359664E-1),(9.363648359664E-1,
9.363648359664E-1,9.363648359664E-1,9.363648359664E-1,9.363648359664E-1,
9.363648359664E-1,9.363648359664E-1,9.363648359664E-1,9.363648359664E-1,
9.363648359664E-1,9.363648359664E-1,9.363648359664E-1,9.363648359664E-1),(
1.190905492101E0,1.190905492101E0,1.190905492101E0,1.190905492101E0,
1.190905492101E0,1.190905492101E0,1.190905492101E0,1.190905492101E0,
1.190905492101E0,1.190905492101E0,1.190905492101E0,1.190905492101E0,
1.190905492101E0)))REPRESENTATION_ITEM('')SURFACE());
#5619=ORIENTED_EDGE('',*,*,#5618,.F.);
#5620=ORIENTED_EDGE('',*,*,#5556,.T.);
#5621=ORIENTED_EDGE('',*,*,#5488,.T.);
#5623=ORIENTED_EDGE('',*,*,#5622,.F.);
#5625=ORIENTED_EDGE('',*,*,#5624,.F.);
#5626=EDGE_LOOP('',(#5619,#5620,#5621,#5623,#5625));
#5627=FACE_OUTER_BOUND('',#5626,.F.);
#5628=ADVANCED_FACE('',(#5627),#5617,.F.);
#5629=CARTESIAN_POINT('',(-5.E1,-5.636388217163E1,-2.1E1));
#5630=DIRECTION('',(-1.391731009601E-1,9.902680687416E-1,0.E0));
#5631=DIRECTION('',(-9.902680687416E-1,-1.391731009601E-1,0.E0));
#5632=AXIS2_PLACEMENT_3D('',#5629,#5630,#5631);
#5633=PLANE('',#5632);
#5635=ORIENTED_EDGE('',*,*,#5634,.T.);
#5637=ORIENTED_EDGE('',*,*,#5636,.T.);
#5639=ORIENTED_EDGE('',*,*,#5638,.T.);
#5641=ORIENTED_EDGE('',*,*,#5640,.F.);
#5643=ORIENTED_EDGE('',*,*,#5642,.F.);
#5645=ORIENTED_EDGE('',*,*,#5644,.T.);
#5646=EDGE_LOOP('',(#5635,#5637,#5639,#5641,#5643,#5645));
#5647=FACE_OUTER_BOUND('',#5646,.F.);
#5648=ADVANCED_FACE('',(#5647),#5633,.T.);
#5649=CARTESIAN_POINT('',(-5.E1,-5.636388217163E1,-2.1E1));
#5650=DIRECTION('',(-1.391731009601E-1,9.902680687416E-1,0.E0));
#5651=DIRECTION('',(-9.902680687416E-1,-1.391731009601E-1,0.E0));
#5652=AXIS2_PLACEMENT_3D('',#5649,#5650,#5651);
#5653=PLANE('',#5652);
#5655=ORIENTED_EDGE('',*,*,#5654,.T.);
#5657=ORIENTED_EDGE('',*,*,#5656,.F.);
#5659=ORIENTED_EDGE('',*,*,#5658,.F.);
#5661=ORIENTED_EDGE('',*,*,#5660,.T.);
#5662=ORIENTED_EDGE('',*,*,#5558,.T.);
#5663=ORIENTED_EDGE('',*,*,#5618,.T.);
#5664=EDGE_LOOP('',(#5655,#5657,#5659,#5661,#5662,#5663));
#5665=FACE_OUTER_BOUND('',#5664,.F.);
#5666=ADVANCED_FACE('',(#5665),#5653,.T.);
#5667=CARTESIAN_POINT('',(-5.172018619987E1,-7.680219002637E1,0.E0));
#5668=DIRECTION('',(1.391731009601E-1,-9.902680687416E-1,0.E0));
#5669=DIRECTION('',(0.E0,0.E0,1.E0));
#5670=AXIS2_PLACEMENT_3D('',#5667,#5668,#5669);
#5671=CYLINDRICAL_SURFACE('',#5670,7.5E0);
#5672=ORIENTED_EDGE('',*,*,#5654,.F.);
#5673=ORIENTED_EDGE('',*,*,#5624,.T.);
#5675=ORIENTED_EDGE('',*,*,#5674,.T.);
#5677=ORIENTED_EDGE('',*,*,#5676,.T.);
#5678=ORIENTED_EDGE('',*,*,#5634,.F.);
#5680=ORIENTED_EDGE('',*,*,#5679,.F.);
#5682=ORIENTED_EDGE('',*,*,#5681,.F.);
#5684=ORIENTED_EDGE('',*,*,#5683,.F.);
#5686=ORIENTED_EDGE('',*,*,#5685,.F.);
#5688=ORIENTED_EDGE('',*,*,#5687,.F.);
#5690=ORIENTED_EDGE('',*,*,#5689,.T.);
#5692=ORIENTED_EDGE('',*,*,#5691,.F.);
#5694=ORIENTED_EDGE('',*,*,#5693,.F.);
#5696=ORIENTED_EDGE('',*,*,#5695,.T.);
#5697=EDGE_LOOP('',(#5672,#5673,#5675,#5677,#5678,#5680,#5682,#5684,#5686,#5688,
#5690,#5692,#5694,#5696));
#5698=FACE_OUTER_BOUND('',#5697,.F.);
#5699=ADVANCED_FACE('',(#5698),#5671,.F.);
#5700=CARTESIAN_POINT('',(-5.519951372387E1,-5.204548830784E1,0.E0));
#5701=DIRECTION('',(-1.391731009601E-1,9.902680687416E-1,0.E0));
#5702=DIRECTION('',(6.799670607627E-1,9.556313828972E-2,-7.269886401299E-1));
#5703=AXIS2_PLACEMENT_3D('',#5700,#5701,#5702);
#5704=TOROIDAL_SURFACE('',#5703,5.000003590905E0,5.E0);
#5705=ORIENTED_EDGE('',*,*,#5457,.T.);
#5707=ORIENTED_EDGE('',*,*,#5706,.F.);
#5708=ORIENTED_EDGE('',*,*,#5674,.F.);
#5709=ORIENTED_EDGE('',*,*,#5622,.T.);
#5710=EDGE_LOOP('',(#5705,#5707,#5708,#5709));
#5711=FACE_OUTER_BOUND('',#5710,.F.);
#5712=ADVANCED_FACE('',(#5711),#5704,.F.);
#5713=CARTESIAN_POINT('',(-5.077966834888E1,-5.647313443118E1,
3.413538987598E0));
#5714=CARTESIAN_POINT('',(-5.096873379932E1,-5.649996141223E1,
3.550821983318E0));
#5715=CARTESIAN_POINT('',(-5.140938294404E1,-5.656213915556E1,
3.894430180841E0));
#5716=CARTESIAN_POINT('',(-5.205981869871E1,-5.665257703262E1,
4.493743974617E0));
#5717=CARTESIAN_POINT('',(-5.271014434582E1,-5.674128058777E1,
5.219004179726E0));
#5718=CARTESIAN_POINT('',(-5.328852408052E1,-5.681843015421E1,
6.001722588509E0));
#5719=CARTESIAN_POINT('',(-5.379407230544E1,-5.688405571469E1,
6.842328359649E0));
#5720=CARTESIAN_POINT('',(-5.422619156269E1,-5.693818360138E1,
7.747711504582E0));
#5721=CARTESIAN_POINT('',(-5.458402174148E1,-5.698068869426E1,
8.739572472473E0));
#5722=CARTESIAN_POINT('',(-5.485763177895E1,-5.701003974379E1,
9.856370559717E0));
#5723=CARTESIAN_POINT('',(-5.497307583780E1,-5.701858509443E1,
1.079836872255E1));
#5724=CARTESIAN_POINT('',(-5.499449023685E1,-5.701706673698E1,
1.136691449639E1));
#5725=CARTESIAN_POINT('',(-5.499683575752E1,-5.701626565534E1,
1.150753388143E1));
#5726=CARTESIAN_POINT('',(-4.875554023867E1,-5.615318727530E1,
5.753955527587E0));
#5727=CARTESIAN_POINT('',(-4.889001550431E1,-5.618647484436E1,
5.844908436988E0));
#5728=CARTESIAN_POINT('',(-4.920452044410E1,-5.626457374596E1,
6.073707761218E0));
#5729=CARTESIAN_POINT('',(-4.967262730856E1,-5.638182789965E1,
6.477200958014E0));
#5730=CARTESIAN_POINT('',(-5.014526331386E1,-5.650181766566E1,
6.970942517930E0));
#5731=CARTESIAN_POINT('',(-5.056994959628E1,-5.661164676902E1,
7.508913351316E0));
#5732=CARTESIAN_POINT('',(-5.094538820941E1,-5.671134420276E1,
8.091528572985E0));
#5733=CARTESIAN_POINT('',(-5.127064100990E1,-5.680118984390E1,
8.723714221584E0));
#5734=CARTESIAN_POINT('',(-5.154487394461E1,-5.688185929670E1,
9.420910524651E0));
#5735=CARTESIAN_POINT('',(-5.176099924187E1,-5.695318127922E1,
1.021074676238E1));
#5736=CARTESIAN_POINT('',(-5.185992795478E1,-5.699633759556E1,
1.088076709578E1));
#5737=CARTESIAN_POINT('',(-5.188447792511E1,-5.701544066589E1,
1.128645603539E1));
#5738=CARTESIAN_POINT('',(-5.188839670016E1,-5.701972500757E1,
1.138686739829E1));
#5739=CARTESIAN_POINT('',(-4.771482542025E1,-5.367793045306E1,
7.324632439569E0));
#5740=CARTESIAN_POINT('',(-4.780596517821E1,-5.371461267970E1,
7.392220374951E0));
#5741=CARTESIAN_POINT('',(-4.801860003833E1,-5.380114261901E1,
7.561271247706E0));
#5742=CARTESIAN_POINT('',(-4.833324379474E1,-5.393290220525E1,
7.855756083027E0));
#5743=CARTESIAN_POINT('',(-4.864875883431E1,-5.407026190586E1,
8.211775177994E0));
#5744=CARTESIAN_POINT('',(-4.893023862485E1,-5.419873048969E1,
8.595737463434E0));
#5745=CARTESIAN_POINT('',(-4.917712224405E1,-5.431840872406E1,
9.007888118766E0));
#5746=CARTESIAN_POINT('',(-4.938901873551E1,-5.442980782128E1,
9.451615960085E0));
#5747=CARTESIAN_POINT('',(-4.956546889198E1,-5.453419952353E1,
9.937537822646E0));
#5748=CARTESIAN_POINT('',(-4.970168050908E1,-5.463244951368E1,
1.048443105485E1));
#5749=CARTESIAN_POINT('',(-4.976070495384E1,-5.469859490888E1,
1.094546387753E1));
#5750=CARTESIAN_POINT('',(-4.977289743462E1,-5.473173909417E1,
1.122357618373E1));
#5751=CARTESIAN_POINT('',(-4.977447960625E1,-5.473951604828E1,
1.129235219831E1));
#5752=CARTESIAN_POINT('',(-4.832483692849E1,-5.063451455837E1,
7.118441585853E0));
#5753=CARTESIAN_POINT('',(-4.841168286213E1,-5.066934883590E1,
7.200611431127E0));
#5754=CARTESIAN_POINT('',(-4.861204151810E1,-5.075141365673E1,
7.403285365579E0));
#5755=CARTESIAN_POINT('',(-4.890048948049E1,-5.087606685481E1,
7.745470937392E0));
#5756=CARTESIAN_POINT('',(-4.918019920416E1,-5.100574249998E1,
8.145872277934E0));
#5757=CARTESIAN_POINT('',(-4.942078438683E1,-5.112685875308E1,
8.565316314318E0));
#5758=CARTESIAN_POINT('',(-4.962309791885E1,-5.123961489759E1,
9.003831362719E0));
#5759=CARTESIAN_POINT('',(-4.978783304342E1,-5.134458293785E1,
9.464681443895E0));
#5760=CARTESIAN_POINT('',(-4.991501383379E1,-5.144304392015E1,
9.958189620320E0));
#5761=CARTESIAN_POINT('',(-5.000012399645E1,-5.153591258091E1,
1.050193530861E1));
#5762=CARTESIAN_POINT('',(-5.002144212425E1,-5.159868442290E1,
1.095097507525E1));
#5763=CARTESIAN_POINT('',(-5.001370775641E1,-5.163028615712E1,
1.121859390672E1));
#5764=CARTESIAN_POINT('',(-5.001054171194E1,-5.163772342723E1,
1.128459203559E1));
#5765=(BOUNDED_SURFACE()B_SPLINE_SURFACE(3,3,((#5713,#5714,#5715,#5716,#5717,
#5718,#5719,#5720,#5721,#5722,#5723,#5724,#5725),(#5726,#5727,#5728,#5729,#5730,
#5731,#5732,#5733,#5734,#5735,#5736,#5737,#5738),(#5739,#5740,#5741,#5742,#5743,
#5744,#5745,#5746,#5747,#5748,#5749,#5750,#5751),(#5752,#5753,#5754,#5755,#5756,
#5757,#5758,#5759,#5760,#5761,#5762,#5763,#5764)),.UNSPECIFIED.,.F.,.F.,.F.)B_SPLINE_SURFACE_WITH_KNOTS((4,4),(4,1,1,1,1,1,1,1,1,1,4),(0.E0,1.E0),(
6.230444418768E-1,6.535328225102E-1,6.956522542567E-1,7.369222818199E-1,
7.777452511721E-1,8.185927059534E-1,8.597163481451E-1,9.022412183934E-1,
9.483313806774E-1,1.E0,1.016953154267E0),.UNSPECIFIED.)GEOMETRIC_REPRESENTATION_ITEM()RATIONAL_B_SPLINE_SURFACE(((1.190903792794E0,1.190903792794E0,
1.190903792794E0,1.190903792794E0,1.190903792794E0,1.190903792794E0,
1.190903792794E0,1.190903792794E0,1.190903792794E0,1.190903792794E0,
1.190903792794E0,1.190903792794E0,1.190903792794E0),(9.363654024019E-1,
9.363654024019E-1,9.363654024019E-1,9.363654024019E-1,9.363654024019E-1,
9.363654024019E-1,9.363654024019E-1,9.363654024019E-1,9.363654024019E-1,
9.363654024019E-1,9.363654024019E-1,9.363654024019E-1,9.363654024019E-1),(
9.363654024019E-1,9.363654024019E-1,9.363654024019E-1,9.363654024019E-1,
9.363654024019E-1,9.363654024019E-1,9.363654024019E-1,9.363654024019E-1,
9.363654024019E-1,9.363654024019E-1,9.363654024019E-1,9.363654024019E-1,
9.363654024019E-1),(1.190903792794E0,1.190903792794E0,1.190903792794E0,
1.190903792794E0,1.190903792794E0,1.190903792794E0,1.190903792794E0,
1.190903792794E0,1.190903792794E0,1.190903792794E0,1.190903792794E0,
1.190903792794E0,1.190903792794E0)))REPRESENTATION_ITEM('')SURFACE());
#5767=ORIENTED_EDGE('',*,*,#5766,.T.);
#5769=ORIENTED_EDGE('',*,*,#5768,.F.);
#5770=ORIENTED_EDGE('',*,*,#5636,.F.);
#5771=ORIENTED_EDGE('',*,*,#5676,.F.);
#5772=ORIENTED_EDGE('',*,*,#5706,.T.);
#5773=EDGE_LOOP('',(#5767,#5769,#5770,#5771,#5772));
#5774=FACE_OUTER_BOUND('',#5773,.F.);
#5775=ADVANCED_FACE('',(#5774),#5765,.F.);
#5776=CARTESIAN_POINT('',(-4.994699339715E1,-4.679752018499E1,
1.111147690839E1));
#5777=CARTESIAN_POINT('',(-4.994880585600E1,-4.699006877981E1,
1.112688296219E1));
#5778=CARTESIAN_POINT('',(-4.996278162429E1,-4.851930496876E1,
1.124786609909E1));
#5779=CARTESIAN_POINT('',(-4.997493325520E1,-5.025130177057E1,
1.137287391874E1));
#5780=CARTESIAN_POINT('',(-4.998285730951E1,-5.179024558689E1,
1.147468358211E1));
#5781=CARTESIAN_POINT('',(-4.998385569023E1,-5.199372237649E1,
1.148798567952E1));
#5782=CARTESIAN_POINT('',(-5.020024693272E1,-4.704484322152E1,
9.403933127421E0));
#5783=CARTESIAN_POINT('',(-5.019775142416E1,-4.723624728727E1,
9.418534667105E0));
#5784=CARTESIAN_POINT('',(-5.017761789873E1,-4.875647221104E1,
9.533298260033E0));
#5785=CARTESIAN_POINT('',(-5.015205997449E1,-5.047893690748E1,
9.652745879567E0));
#5786=CARTESIAN_POINT('',(-5.012720274463E1,-5.200987964204E1,
9.750747497668E0));
#5787=CARTESIAN_POINT('',(-5.012387928823E1,-5.221230650512E1,
9.763565520486E0));
#5788=CARTESIAN_POINT('',(-4.959369706211E1,-4.727920796546E1,
7.785853211947E0));
#5789=CARTESIAN_POINT('',(-4.958711939345E1,-4.746922456783E1,
7.801784273576E0));
#5790=CARTESIAN_POINT('',(-4.953472723412E1,-4.897854944582E1,
7.927213203333E0));
#5791=CARTESIAN_POINT('',(-4.947405842360E1,-5.068969081260E1,
8.059661187873E0));
#5792=CARTESIAN_POINT('',(-4.941912110171E1,-5.221128282452E1,
8.169897309069E0));
#5793=CARTESIAN_POINT('',(-4.941183968780E1,-5.241248542586E1,
8.184344645091E0));
#5794=CARTESIAN_POINT('',(-4.827642434767E1,-4.744301119320E1,
6.654936140120E0));
#5795=CARTESIAN_POINT('',(-4.826699365794E1,-4.763173841490E1,
6.674003983857E0));
#5796=CARTESIAN_POINT('',(-4.819212219704E1,-4.913095352893E1,
6.824361756656E0));
#5797=CARTESIAN_POINT('',(-4.810757088107E1,-5.083176344076E1,
6.985175382993E0));
#5798=CARTESIAN_POINT('',(-4.803264787995E1,-5.234495335193E1,
7.120681504310E0));
#5799=CARTESIAN_POINT('',(-4.802274519277E1,-5.254505826088E1,
7.138471081380E0));
#5800=(BOUNDED_SURFACE()B_SPLINE_SURFACE(3,3,((#5776,#5777,#5778,#5779,#5780,
#5781),(#5782,#5783,#5784,#5785,#5786,#5787),(#5788,#5789,#5790,#5791,#5792,
#5793),(#5794,#5795,#5796,#5797,#5798,#5799)),.UNSPECIFIED.,.F.,.F.,.F.)B_SPLINE_SURFACE_WITH_KNOTS((4,4),(4,1,1,4),(0.E0,1.E0),(6.935437546261E-2,
7.223007273898E-2,9.219499741648E-2,9.523711086536E-2),.UNSPECIFIED.)GEOMETRIC_REPRESENTATION_ITEM()RATIONAL_B_SPLINE_SURFACE(((1.065468940178E0,
1.065468940178E0,1.065468940178E0,1.065468940178E0,1.065468940178E0,
1.065468940178E0),(9.781770199407E-1,9.781770199407E-1,9.781770199407E-1,
9.781770199407E-1,9.781770199407E-1,9.781770199407E-1),(9.781770199407E-1,
9.781770199407E-1,9.781770199407E-1,9.781770199407E-1,9.781770199407E-1,
9.781770199407E-1),(1.065468940178E0,1.065468940178E0,1.065468940178E0,
1.065468940178E0,1.065468940178E0,1.065468940178E0)))REPRESENTATION_ITEM('')SURFACE());
#5801=ORIENTED_EDGE('',*,*,#5766,.F.);
#5802=ORIENTED_EDGE('',*,*,#5455,.F.);
#5804=ORIENTED_EDGE('',*,*,#5803,.F.);
#5805=ORIENTED_EDGE('',*,*,#5527,.T.);
#5806=EDGE_LOOP('',(#5801,#5802,#5804,#5805));
#5807=FACE_OUTER_BOUND('',#5806,.F.);
#5808=ADVANCED_FACE('',(#5807),#5800,.T.);
#5809=CARTESIAN_POINT('',(-4.986708108731E1,-3.622429039991E1,
9.750004883593E0));
#5810=CARTESIAN_POINT('',(-4.986886828008E1,-3.632608920589E1,
9.762413380559E0));
#5811=CARTESIAN_POINT('',(-4.988871404567E1,-3.747126614723E1,
9.901071094209E0));
#5812=CARTESIAN_POINT('',(-4.992314102868E1,-3.979270780268E1,
1.016142318140E1));
#5813=CARTESIAN_POINT('',(-4.996111514049E1,-4.333187072255E1,
1.050779468156E1));
#5814=CARTESIAN_POINT('',(-4.997811180551E1,-4.582743714354E1,
1.071863308930E1));
#5815=CARTESIAN_POINT('',(-4.998477062767E1,-4.714787690505E1,
1.082235085439E1));
#5816=CARTESIAN_POINT('',(-5.023904812553E1,-3.653129083017E1,
8.199273507956E0));
#5817=CARTESIAN_POINT('',(-5.023836802439E1,-3.663219360305E1,
8.210912874751E0));
#5818=CARTESIAN_POINT('',(-5.023052544767E1,-3.776736889212E1,
8.341031193788E0));
#5819=CARTESIAN_POINT('',(-5.021033352990E1,-4.007024785447E1,
8.586576342109E0));
#5820=CARTESIAN_POINT('',(-5.016885250476E1,-4.358483032196E1,
8.916330959456E0));
#5821=CARTESIAN_POINT('',(-5.013241632622E1,-4.606525143957E1,
9.119307255132E0));
#5822=CARTESIAN_POINT('',(-5.011142669289E1,-4.737813417764E1,
9.219754244833E0));
#5823=CARTESIAN_POINT('',(-4.985612155664E1,-3.683778258311E1,
6.651111130534E0));
#5824=CARTESIAN_POINT('',(-4.985297828133E1,-3.693756222276E1,
6.663137498926E0));
#5825=CARTESIAN_POINT('',(-4.981752448777E1,-3.806021393581E1,
6.797688344699E0));
#5826=CARTESIAN_POINT('',(-4.974355912441E1,-4.034013649806E1,
7.053958017110E0));
#5827=CARTESIAN_POINT('',(-4.962563078418E1,-4.382500114384E1,
7.404012965315E0));
#5828=CARTESIAN_POINT('',(-4.953903863611E1,-4.628757240107E1,
7.623755109006E0));
#5829=CARTESIAN_POINT('',(-4.949240980208E1,-4.759165872596E1,
7.733617838638E0));
#5830=CARTESIAN_POINT('',(-4.880104225171E1,-3.707754044304E1,
5.440036988336E0));
#5831=CARTESIAN_POINT('',(-4.879597215239E1,-3.717621253039E1,
5.453522868712E0));
#5832=CARTESIAN_POINT('',(-4.873895036208E1,-3.828652477580E1,
5.604520404209E0));
#5833=CARTESIAN_POINT('',(-4.862367610737E1,-4.054405753585E1,
5.894728761772E0));
#5834=CARTESIAN_POINT('',(-4.844882663002E1,-4.400048826988E1,
6.297614859843E0));
#5835=CARTESIAN_POINT('',(-4.832619283925E1,-4.644636201892E1,
6.555128130461E0));
#5836=CARTESIAN_POINT('',(-4.826147405044E1,-4.774231322616E1,
6.685058609029E0));
#5837=(BOUNDED_SURFACE()B_SPLINE_SURFACE(3,3,((#5809,#5810,#5811,#5812,#5813,
#5814,#5815),(#5816,#5817,#5818,#5819,#5820,#5821,#5822),(#5823,#5824,#5825,
#5826,#5827,#5828,#5829),(#5830,#5831,#5832,#5833,#5834,#5835,#5836)),
.UNSPECIFIED.,.F.,.F.,.F.)B_SPLINE_SURFACE_WITH_KNOTS((4,4),(4,1,1,1,4),(0.E0,
1.E0),(9.237272952249E-1,9.248933833340E-1,9.368463156732E-1,9.503477158474E-1,
9.655314728338E-1),.UNSPECIFIED.)GEOMETRIC_REPRESENTATION_ITEM()RATIONAL_B_SPLINE_SURFACE(((1.057103413792E0,1.057103413792E0,1.057103413792E0,1.057103413792E0,
1.057103413792E0,1.057103413792E0,1.057103413792E0),(9.809655287359E-1,
9.809655287359E-1,9.809655287359E-1,9.809655287359E-1,9.809655287359E-1,
9.809655287359E-1,9.809655287359E-1),(9.809655287359E-1,9.809655287359E-1,
9.809655287359E-1,9.809655287359E-1,9.809655287359E-1,9.809655287359E-1,
9.809655287359E-1),(1.057103413792E0,1.057103413792E0,1.057103413792E0,
1.057103413792E0,1.057103413792E0,1.057103413792E0,1.057103413792E0)))REPRESENTATION_ITEM('')SURFACE());
#5838=ORIENTED_EDGE('',*,*,#5529,.T.);
#5839=ORIENTED_EDGE('',*,*,#5803,.T.);
#5840=ORIENTED_EDGE('',*,*,#5453,.F.);
#5842=ORIENTED_EDGE('',*,*,#5841,.T.);
#5843=EDGE_LOOP('',(#5838,#5839,#5840,#5842));
#5844=FACE_OUTER_BOUND('',#5843,.F.);
#5845=ADVANCED_FACE('',(#5844),#5837,.T.);
#5846=CARTESIAN_POINT('',(-5.25E1,0.E0,0.E0));
#5847=DIRECTION('',(1.E0,0.E0,0.E0));
#5848=DIRECTION('',(0.E0,-1.E0,0.E0));
#5849=AXIS2_PLACEMENT_3D('',#5846,#5847,#5848);
#5850=CYLINDRICAL_SURFACE('',#5849,3.75E1);
#5852=ORIENTED_EDGE('',*,*,#5851,.F.);
#5853=ORIENTED_EDGE('',*,*,#5513,.T.);
#5855=ORIENTED_EDGE('',*,*,#5854,.T.);
#5857=ORIENTED_EDGE('',*,*,#5856,.T.);
#5859=ORIENTED_EDGE('',*,*,#5858,.T.);
#5861=ORIENTED_EDGE('',*,*,#5860,.T.);
#5863=ORIENTED_EDGE('',*,*,#5862,.T.);
#5865=ORIENTED_EDGE('',*,*,#5864,.T.);
#5867=ORIENTED_EDGE('',*,*,#5866,.F.);
#5869=ORIENTED_EDGE('',*,*,#5868,.F.);
#5871=ORIENTED_EDGE('',*,*,#5870,.T.);
#5873=ORIENTED_EDGE('',*,*,#5872,.T.);
#5875=ORIENTED_EDGE('',*,*,#5874,.T.);
#5876=ORIENTED_EDGE('',*,*,#5531,.T.);
#5877=ORIENTED_EDGE('',*,*,#5841,.F.);
#5878=ORIENTED_EDGE('',*,*,#5451,.F.);
#5880=ORIENTED_EDGE('',*,*,#5879,.F.);
#5881=ORIENTED_EDGE('',*,*,#5438,.F.);
#5882=EDGE_LOOP('',(#5852,#5853,#5855,#5857,#5859,#5861,#5863,#5865,#5867,#5869,
#5871,#5873,#5875,#5876,#5877,#5878,#5880,#5881));
#5883=FACE_OUTER_BOUND('',#5882,.F.);
#5884=ADVANCED_FACE('',(#5883),#5850,.F.);
#5885=CARTESIAN_POINT('',(-4.998477642895E1,-4.705148925667E1,
-1.080841130042E1));
#5886=CARTESIAN_POINT('',(-4.997883215875E1,-4.587382481386E1,
-1.071557393754E1));
#5887=CARTESIAN_POINT('',(-4.996369452382E1,-4.359108004211E1,
-1.052346602449E1));
#5888=CARTESIAN_POINT('',(-4.993039295878E1,-4.031448412457E1,
-1.020822674887E1));
#5889=CARTESIAN_POINT('',(-4.989650875661E1,-3.788369748457E1,
-9.942478653411E0));
#5890=CARTESIAN_POINT('',(-4.987435182697E1,-3.655851751353E1,
-9.784510176704E0));
#5891=CARTESIAN_POINT('',(-4.986856655710E1,-3.622718020906E1,
-9.744132987612E0));
#5892=CARTESIAN_POINT('',(-5.011122490675E1,-4.728199196161E1,
-9.208224587914E0));
#5893=CARTESIAN_POINT('',(-5.012993398050E1,-4.611108304121E1,
-9.118308142408E0));
#5894=CARTESIAN_POINT('',(-5.016355032905E1,-4.384214440466E1,
-8.933239100874E0));
#5895=CARTESIAN_POINT('',(-5.020330353709E1,-4.058792865768E1,
-8.632646768740E0));
#5896=CARTESIAN_POINT('',(-5.022603514583E1,-3.817605019052E1,
-8.381502957545E0));
#5897=CARTESIAN_POINT('',(-5.023570506285E1,-3.686223296959E1,
-8.233065933109E0));
#5898=CARTESIAN_POINT('',(-5.023794129243E1,-3.653381083592E1,
-8.195178558709E0));
#5899=CARTESIAN_POINT('',(-4.949403373394E1,-4.749579825553E1,
-7.723946925633E0));
#5900=CARTESIAN_POINT('',(-4.953561024142E1,-4.633275226996E1,
-7.625653969953E0));
#5901=CARTESIAN_POINT('',(-4.961494413392E1,-4.408006371445E1,
-7.425192765492E0));
#5902=CARTESIAN_POINT('',(-4.972475730840E1,-4.085280747420E1,
-7.105386422264E0));
#5903=CARTESIAN_POINT('',(-4.980296657526E1,-3.846419792304E1,
-6.842450002589E0));
#5904=CARTESIAN_POINT('',(-4.984427879583E1,-3.716456160886E1,
-6.688662587239E0));
#5905=CARTESIAN_POINT('',(-4.985451943999E1,-3.683979025594E1,
-6.649512153260E0));
#5906=CARTESIAN_POINT('',(-4.826620979815E1,-4.764683212346E1,
-6.675445416282E0));
#5907=CARTESIAN_POINT('',(-4.832393981603E1,-4.649106199478E1,
-6.559283690545E0));
#5908=CARTESIAN_POINT('',(-4.843610252005E1,-4.425356551604E1,
-6.324316354430E0));
#5909=CARTESIAN_POINT('',(-4.859788268295E1,-4.105203824932E1,
-5.955575733093E0));
#5910=CARTESIAN_POINT('',(-4.871847582296E1,-3.868604382336E1,
-5.656991161169E0));
#5911=CARTESIAN_POINT('',(-4.878442677530E1,-3.740035053687E1,
-5.484124539947E0));
#5912=CARTESIAN_POINT('',(-4.880092976942E1,-3.707917881842E1,
-5.440230365938E0));
#5913=(BOUNDED_SURFACE()B_SPLINE_SURFACE(3,3,((#5885,#5886,#5887,#5888,#5889,
#5890,#5891),(#5892,#5893,#5894,#5895,#5896,#5897,#5898),(#5899,#5900,#5901,
#5902,#5903,#5904,#5905),(#5906,#5907,#5908,#5909,#5910,#5911,#5912)),
.UNSPECIFIED.,.F.,.F.,.F.)B_SPLINE_SURFACE_WITH_KNOTS((4,4),(4,1,1,1,4),(0.E0,
1.E0),(3.482745832005E-2,4.836404561886E-2,6.105695515011E-2,7.244166733117E-2,
7.623569302905E-2),.UNSPECIFIED.)GEOMETRIC_REPRESENTATION_ITEM()RATIONAL_B_SPLINE_SURFACE(((1.056943783914E0,1.056943783914E0,1.056943783914E0,1.056943783914E0,
1.056943783914E0,1.056943783914E0,1.056943783914E0),(9.810187386952E-1,
9.810187386952E-1,9.810187386952E-1,9.810187386952E-1,9.810187386952E-1,
9.810187386952E-1,9.810187386952E-1),(9.810187386952E-1,9.810187386952E-1,
9.810187386952E-1,9.810187386952E-1,9.810187386952E-1,9.810187386952E-1,
9.810187386952E-1),(1.056943783914E0,1.056943783914E0,1.056943783914E0,
1.056943783914E0,1.056943783914E0,1.056943783914E0,1.056943783914E0)))REPRESENTATION_ITEM('')SURFACE());
#5914=ORIENTED_EDGE('',*,*,#5436,.F.);
#5915=ORIENTED_EDGE('',*,*,#5485,.F.);
#5916=ORIENTED_EDGE('',*,*,#5515,.T.);
#5917=ORIENTED_EDGE('',*,*,#5851,.T.);
#5918=EDGE_LOOP('',(#5914,#5915,#5916,#5917));
#5919=FACE_OUTER_BOUND('',#5918,.F.);
#5920=ADVANCED_FACE('',(#5919),#5913,.T.);
#5921=CARTESIAN_POINT('',(-5.E1,-5.E0,0.E0));
#5922=DIRECTION('',(7.071067811865E-1,7.071067811865E-1,0.E0));
#5923=DIRECTION('',(-7.071067811865E-1,7.071067811865E-1,0.E0));
#5924=AXIS2_PLACEMENT_3D('',#5921,#5922,#5923);
#5925=PLANE('',#5924);
#5927=ORIENTED_EDGE('',*,*,#5926,.T.);
#5928=ORIENTED_EDGE('',*,*,#5854,.F.);
#5929=ORIENTED_EDGE('',*,*,#5511,.T.);
#5931=ORIENTED_EDGE('',*,*,#5930,.F.);
#5932=EDGE_LOOP('',(#5927,#5928,#5929,#5931));
#5933=FACE_OUTER_BOUND('',#5932,.F.);
#5934=ADVANCED_FACE('',(#5933),#5925,.F.);
#5935=CARTESIAN_POINT('',(-5.5E1,0.E0,0.E0));
#5936=DIRECTION('',(-1.E0,0.E0,0.E0));
#5937=DIRECTION('',(0.E0,1.E0,0.E0));
#5938=AXIS2_PLACEMENT_3D('',#5935,#5936,#5937);
#5939=PLANE('',#5938);
#5940=ORIENTED_EDGE('',*,*,#5856,.F.);
#5941=ORIENTED_EDGE('',*,*,#5926,.F.);
#5943=ORIENTED_EDGE('',*,*,#5942,.F.);
#5945=ORIENTED_EDGE('',*,*,#5944,.F.);
#5947=ORIENTED_EDGE('',*,*,#5946,.F.);
#5949=ORIENTED_EDGE('',*,*,#5948,.T.);
#5950=EDGE_LOOP('',(#5940,#5941,#5943,#5945,#5947,#5949));
#5951=FACE_OUTER_BOUND('',#5950,.F.);
#5952=ADVANCED_FACE('',(#5951),#5939,.T.);
#5953=CARTESIAN_POINT('',(-5.5E1,0.E0,0.E0));
#5954=DIRECTION('',(-1.E0,0.E0,0.E0));
#5955=DIRECTION('',(0.E0,1.E0,0.E0));
#5956=AXIS2_PLACEMENT_3D('',#5953,#5954,#5955);
#5957=PLANE('',#5956);
#5958=ORIENTED_EDGE('',*,*,#5870,.F.);
#5960=ORIENTED_EDGE('',*,*,#5959,.F.);
#5962=ORIENTED_EDGE('',*,*,#5961,.T.);
#5964=ORIENTED_EDGE('',*,*,#5963,.T.);
#5965=EDGE_LOOP('',(#5958,#5960,#5962,#5964));
#5966=FACE_OUTER_BOUND('',#5965,.F.);
#5967=ADVANCED_FACE('',(#5966),#5957,.T.);
#5968=CARTESIAN_POINT('',(-5.5E1,0.E0,0.E0));
#5969=DIRECTION('',(-1.E0,0.E0,0.E0));
#5970=DIRECTION('',(0.E0,1.E0,0.E0));
#5971=AXIS2_PLACEMENT_3D('',#5968,#5969,#5970);
#5972=PLANE('',#5971);
#5974=ORIENTED_EDGE('',*,*,#5973,.F.);
#5976=ORIENTED_EDGE('',*,*,#5975,.F.);
#5978=ORIENTED_EDGE('',*,*,#5977,.T.);
#5979=EDGE_LOOP('',(#5974,#5976,#5978));
#5980=FACE_OUTER_BOUND('',#5979,.F.);
#5981=ADVANCED_FACE('',(#5980),#5972,.T.);
#5982=CARTESIAN_POINT('',(-2.E1,0.E0,0.E0));
#5983=DIRECTION('',(-1.E0,0.E0,0.E0));
#5984=DIRECTION('',(0.E0,1.E0,0.E0));
#5985=AXIS2_PLACEMENT_3D('',#5982,#5983,#5984);
#5986=CYLINDRICAL_SURFACE('',#5985,4.4E1);
#5987=ORIENTED_EDGE('',*,*,#5509,.T.);
#5989=ORIENTED_EDGE('',*,*,#5988,.T.);
#5991=ORIENTED_EDGE('',*,*,#5990,.F.);
#5993=ORIENTED_EDGE('',*,*,#5992,.F.);
#5995=ORIENTED_EDGE('',*,*,#5994,.T.);
#5997=ORIENTED_EDGE('',*,*,#5996,.T.);
#5999=ORIENTED_EDGE('',*,*,#5998,.F.);
#6001=ORIENTED_EDGE('',*,*,#6000,.F.);
#6003=ORIENTED_EDGE('',*,*,#6002,.F.);
#6005=ORIENTED_EDGE('',*,*,#6004,.F.);
#6006=ORIENTED_EDGE('',*,*,#5942,.T.);
#6007=ORIENTED_EDGE('',*,*,#5930,.T.);
#6008=EDGE_LOOP('',(#5987,#5989,#5991,#5993,#5995,#5997,#5999,#6001,#6003,#6005,
#6006,#6007));
#6009=FACE_OUTER_BOUND('',#6008,.F.);
#6010=ADVANCED_FACE('',(#6009),#5986,.T.);
#6011=CARTESIAN_POINT('',(-2.E1,0.E0,0.E0));
#6012=DIRECTION('',(-1.E0,0.E0,0.E0));
#6013=DIRECTION('',(0.E0,1.E0,0.E0));
#6014=AXIS2_PLACEMENT_3D('',#6011,#6012,#6013);
#6015=CYLINDRICAL_SURFACE('',#6014,4.4E1);
#6016=ORIENTED_EDGE('',*,*,#5537,.T.);
#6018=ORIENTED_EDGE('',*,*,#6017,.T.);
#6020=ORIENTED_EDGE('',*,*,#6019,.F.);
#6022=ORIENTED_EDGE('',*,*,#6021,.T.);
#6024=ORIENTED_EDGE('',*,*,#6023,.T.);
#6026=ORIENTED_EDGE('',*,*,#6025,.T.);
#6028=ORIENTED_EDGE('',*,*,#6027,.T.);
#6030=ORIENTED_EDGE('',*,*,#6029,.T.);
#6032=ORIENTED_EDGE('',*,*,#6031,.F.);
#6034=ORIENTED_EDGE('',*,*,#6033,.F.);
#6036=ORIENTED_EDGE('',*,*,#6035,.T.);
#6037=EDGE_LOOP('',(#6016,#6018,#6020,#6022,#6024,#6026,#6028,#6030,#6032,#6034,
#6036));
#6038=FACE_OUTER_BOUND('',#6037,.F.);
#6039=ADVANCED_FACE('',(#6038),#6015,.T.);
#6040=CARTESIAN_POINT('',(-2.636062482701E2,-4.914264950122E1,-4.1E1));
#6041=DIRECTION('',(1.E0,0.E0,0.E0));
#6042=DIRECTION('',(0.E0,7.678538984566E-1,6.40625E-1));
#6043=AXIS2_PLACEMENT_3D('',#6040,#6041,#6042);
#6044=CYLINDRICAL_SURFACE('',#6043,2.E1);
#6045=ORIENTED_EDGE('',*,*,#5507,.T.);
#6047=ORIENTED_EDGE('',*,*,#6046,.T.);
#6049=ORIENTED_EDGE('',*,*,#6048,.F.);
#6050=ORIENTED_EDGE('',*,*,#5988,.F.);
#6051=EDGE_LOOP('',(#6045,#6047,#6049,#6050));
#6052=FACE_OUTER_BOUND('',#6051,.F.);
#6053=ADVANCED_FACE('',(#6052),#6044,.F.);
#6054=CARTESIAN_POINT('',(0.E0,0.E0,-2.1E1));
#6055=DIRECTION('',(0.E0,0.E0,1.E0));
#6056=DIRECTION('',(0.E0,1.E0,0.E0));
#6057=AXIS2_PLACEMENT_3D('',#6054,#6055,#6056);
#6058=PLANE('',#6057);
#6060=ORIENTED_EDGE('',*,*,#6059,.T.);
#6062=ORIENTED_EDGE('',*,*,#6061,.F.);
#6064=ORIENTED_EDGE('',*,*,#6063,.T.);
#6066=ORIENTED_EDGE('',*,*,#6065,.F.);
#6067=EDGE_LOOP('',(#6060,#6062,#6064,#6066));
#6068=FACE_OUTER_BOUND('',#6067,.F.);
#6069=ADVANCED_FACE('',(#6068),#6058,.F.);
#6070=CARTESIAN_POINT('',(0.E0,0.E0,-2.1E1));
#6071=DIRECTION('',(0.E0,0.E0,1.E0));
#6072=DIRECTION('',(0.E0,1.E0,0.E0));
#6073=AXIS2_PLACEMENT_3D('',#6070,#6071,#6072);
#6074=PLANE('',#6073);
#6076=ORIENTED_EDGE('',*,*,#6075,.T.);
#6078=ORIENTED_EDGE('',*,*,#6077,.F.);
#6079=ORIENTED_EDGE('',*,*,#6046,.F.);
#6080=ORIENTED_EDGE('',*,*,#5505,.T.);
#6081=EDGE_LOOP('',(#6076,#6078,#6079,#6080));
#6082=FACE_OUTER_BOUND('',#6081,.F.);
#6083=ADVANCED_FACE('',(#6082),#6074,.F.);
#6084=CARTESIAN_POINT('',(0.E0,0.E0,-2.1E1));
#6085=DIRECTION('',(0.E0,0.E0,1.E0));
#6086=DIRECTION('',(0.E0,1.E0,0.E0));
#6087=AXIS2_PLACEMENT_3D('',#6084,#6085,#6086);
#6088=PLANE('',#6087);
#6090=ORIENTED_EDGE('',*,*,#6089,.F.);
#6092=ORIENTED_EDGE('',*,*,#6091,.T.);
#6094=ORIENTED_EDGE('',*,*,#6093,.F.);
#6096=ORIENTED_EDGE('',*,*,#6095,.F.);
#6098=ORIENTED_EDGE('',*,*,#6097,.T.);
#6099=EDGE_LOOP('',(#6090,#6092,#6094,#6096,#6098));
#6100=FACE_OUTER_BOUND('',#6099,.F.);
#6101=ADVANCED_FACE('',(#6100),#6088,.F.);
#6102=CARTESIAN_POINT('',(-3.1E1,-4.864545164396E1,-2.4E1));
#6103=DIRECTION('',(0.E0,-1.E0,0.E0));
#6104=DIRECTION('',(0.E0,0.E0,1.E0));
#6105=AXIS2_PLACEMENT_3D('',#6102,#6103,#6104);
#6106=CYLINDRICAL_SURFACE('',#6105,3.E0);
#6108=ORIENTED_EDGE('',*,*,#6107,.T.);
#6109=ORIENTED_EDGE('',*,*,#6059,.F.);
#6111=ORIENTED_EDGE('',*,*,#6110,.T.);
#6113=ORIENTED_EDGE('',*,*,#6112,.T.);
#6115=ORIENTED_EDGE('',*,*,#6114,.T.);
#6116=EDGE_LOOP('',(#6108,#6109,#6111,#6113,#6115));
#6117=FACE_OUTER_BOUND('',#6116,.F.);
#6118=ADVANCED_FACE('',(#6117),#6106,.F.);
#6119=CARTESIAN_POINT('',(-5.272292778435E1,-5.351244201464E1,4.12256E2));
#6120=DIRECTION('',(0.E0,0.E0,-1.E0));
#6121=DIRECTION('',(9.761980481799E-1,-2.168810059221E-1,0.E0));
#6122=AXIS2_PLACEMENT_3D('',#6119,#6120,#6121);
#6123=CYLINDRICAL_SURFACE('',#6122,2.5E1);
#6124=ORIENTED_EDGE('',*,*,#6107,.F.);
#6126=ORIENTED_EDGE('',*,*,#6125,.T.);
#6127=ORIENTED_EDGE('',*,*,#6093,.T.);
#6129=ORIENTED_EDGE('',*,*,#6128,.F.);
#6131=ORIENTED_EDGE('',*,*,#6130,.T.);
#6133=ORIENTED_EDGE('',*,*,#6132,.T.);
#6134=ORIENTED_EDGE('',*,*,#6061,.T.);
#6135=EDGE_LOOP('',(#6124,#6126,#6127,#6129,#6131,#6133,#6134));
#6136=FACE_OUTER_BOUND('',#6135,.F.);
#6137=ADVANCED_FACE('',(#6136),#6123,.T.);
#6138=CARTESIAN_POINT('',(1.491739474062E2,-6.633572441543E1,-2.5E1));
#6139=DIRECTION('',(-1.E0,0.E0,0.E0));
#6140=DIRECTION('',(0.E0,0.E0,1.E0));
#6141=AXIS2_PLACEMENT_3D('',#6138,#6139,#6140);
#6142=CYLINDRICAL_SURFACE('',#6141,4.E0);
#6144=ORIENTED_EDGE('',*,*,#6143,.F.);
#6145=ORIENTED_EDGE('',*,*,#6095,.T.);
#6146=ORIENTED_EDGE('',*,*,#6125,.F.);
#6147=ORIENTED_EDGE('',*,*,#6114,.F.);
#6149=ORIENTED_EDGE('',*,*,#6148,.T.);
#6151=ORIENTED_EDGE('',*,*,#6150,.T.);
#6153=ORIENTED_EDGE('',*,*,#6152,.T.);
#6155=ORIENTED_EDGE('',*,*,#6154,.F.);
#6156=EDGE_LOOP('',(#6144,#6145,#6146,#6147,#6149,#6151,#6153,#6155));
#6157=FACE_OUTER_BOUND('',#6156,.F.);
#6158=ADVANCED_FACE('',(#6157),#6142,.F.);
#6159=CARTESIAN_POINT('',(0.E0,0.E0,-2.1E1));
#6160=DIRECTION('',(0.E0,0.E0,-1.E0));
#6161=DIRECTION('',(0.E0,-1.E0,0.E0));
#6162=AXIS2_PLACEMENT_3D('',#6159,#6160,#6161);
#6163=PLANE('',#6162);
#6164=ORIENTED_EDGE('',*,*,#6143,.T.);
#6166=ORIENTED_EDGE('',*,*,#6165,.F.);
#6168=ORIENTED_EDGE('',*,*,#6167,.T.);
#6169=EDGE_LOOP('',(#6164,#6166,#6168));
#6170=FACE_OUTER_BOUND('',#6169,.F.);
#6171=ADVANCED_FACE('',(#6170),#6163,.F.);
#6172=CARTESIAN_POINT('',(-4.9E1,-4.840809121896E1,-2.4E1));
#6173=DIRECTION('',(0.E0,-1.E0,0.E0));
#6174=DIRECTION('',(1.E0,0.E0,0.E0));
#6175=AXIS2_PLACEMENT_3D('',#6172,#6173,#6174);
#6176=CYLINDRICAL_SURFACE('',#6175,3.E0);
#6177=ORIENTED_EDGE('',*,*,#6165,.T.);
#6178=ORIENTED_EDGE('',*,*,#6154,.T.);
#6180=ORIENTED_EDGE('',*,*,#6179,.F.);
#6182=ORIENTED_EDGE('',*,*,#6181,.T.);
#6183=ORIENTED_EDGE('',*,*,#6077,.T.);
#6184=EDGE_LOOP('',(#6177,#6178,#6180,#6182,#6183));
#6185=FACE_OUTER_BOUND('',#6184,.F.);
#6186=ADVANCED_FACE('',(#6185),#6176,.F.);
#6187=CARTESIAN_POINT('',(-4.6E1,0.E0,0.E0));
#6188=DIRECTION('',(1.E0,0.E0,0.E0));
#6189=DIRECTION('',(0.E0,1.E0,0.E0));
#6190=AXIS2_PLACEMENT_3D('',#6187,#6188,#6189);
#6191=PLANE('',#6190);
#6193=ORIENTED_EDGE('',*,*,#6192,.F.);
#6195=ORIENTED_EDGE('',*,*,#6194,.F.);
#6197=ORIENTED_EDGE('',*,*,#6196,.T.);
#6199=ORIENTED_EDGE('',*,*,#6198,.F.);
#6200=EDGE_LOOP('',(#6193,#6195,#6197,#6199));
#6201=FACE_OUTER_BOUND('',#6200,.F.);
#6202=ADVANCED_FACE('',(#6201),#6191,.F.);
#6203=CARTESIAN_POINT('',(-4.6E1,0.E0,0.E0));
#6204=DIRECTION('',(1.E0,0.E0,0.E0));
#6205=DIRECTION('',(0.E0,1.E0,0.E0));
#6206=AXIS2_PLACEMENT_3D('',#6203,#6204,#6205);
#6207=PLANE('',#6206);
#6209=ORIENTED_EDGE('',*,*,#6208,.F.);
#6211=ORIENTED_EDGE('',*,*,#6210,.F.);
#6213=ORIENTED_EDGE('',*,*,#6212,.T.);
#6215=ORIENTED_EDGE('',*,*,#6214,.T.);
#6217=ORIENTED_EDGE('',*,*,#6216,.F.);
#6219=ORIENTED_EDGE('',*,*,#6218,.T.);
#6220=EDGE_LOOP('',(#6209,#6211,#6213,#6215,#6217,#6219));
#6221=FACE_OUTER_BOUND('',#6220,.F.);
#6222=ADVANCED_FACE('',(#6221),#6207,.F.);
#6223=CARTESIAN_POINT('',(-4.6E1,0.E0,0.E0));
#6224=DIRECTION('',(1.E0,0.E0,0.E0));
#6225=DIRECTION('',(0.E0,1.E0,0.E0));
#6226=AXIS2_PLACEMENT_3D('',#6223,#6224,#6225);
#6227=PLANE('',#6226);
#6229=ORIENTED_EDGE('',*,*,#6228,.T.);
#6231=ORIENTED_EDGE('',*,*,#6230,.F.);
#6233=ORIENTED_EDGE('',*,*,#6232,.F.);
#6235=ORIENTED_EDGE('',*,*,#6234,.T.);
#6237=ORIENTED_EDGE('',*,*,#6236,.F.);
#6239=ORIENTED_EDGE('',*,*,#6238,.T.);
#6241=ORIENTED_EDGE('',*,*,#6240,.T.);
#6242=ORIENTED_EDGE('',*,*,#6179,.T.);
#6243=ORIENTED_EDGE('',*,*,#6152,.F.);
#6244=EDGE_LOOP('',(#6229,#6231,#6233,#6235,#6237,#6239,#6241,#6242,#6243));
#6245=FACE_OUTER_BOUND('',#6244,.F.);
#6246=ADVANCED_FACE('',(#6245),#6227,.F.);
#6247=CARTESIAN_POINT('',(-8.698277907313E1,9.633405530804E1,-1.E1));
#6248=DIRECTION('',(3.090169943749E-1,9.510565162952E-1,0.E0));
#6249=DIRECTION('',(9.510565162952E-1,-3.090169943749E-1,0.E0));
#6250=AXIS2_PLACEMENT_3D('',#6247,#6248,#6249);
#6251=PLANE('',#6250);
#6253=ORIENTED_EDGE('',*,*,#6252,.T.);
#6255=ORIENTED_EDGE('',*,*,#6254,.F.);
#6257=ORIENTED_EDGE('',*,*,#6256,.T.);
#6259=ORIENTED_EDGE('',*,*,#6258,.T.);
#6260=ORIENTED_EDGE('',*,*,#6192,.T.);
#6262=ORIENTED_EDGE('',*,*,#6261,.F.);
#6264=ORIENTED_EDGE('',*,*,#6263,.F.);
#6266=ORIENTED_EDGE('',*,*,#6265,.F.);
#6267=EDGE_LOOP('',(#6253,#6255,#6257,#6259,#6260,#6262,#6264,#6266));
#6268=FACE_OUTER_BOUND('',#6267,.F.);
#6269=ADVANCED_FACE('',(#6268),#6251,.T.);
#6270=CARTESIAN_POINT('',(0.E0,0.E0,-1.3E1));
#6271=DIRECTION('',(0.E0,0.E0,-1.E0));
#6272=DIRECTION('',(-1.E0,0.E0,0.E0));
#6273=AXIS2_PLACEMENT_3D('',#6270,#6271,#6272);
#6274=PLANE('',#6273);
#6276=ORIENTED_EDGE('',*,*,#6275,.F.);
#6277=ORIENTED_EDGE('',*,*,#6252,.F.);
#6279=ORIENTED_EDGE('',*,*,#6278,.T.);
#6281=ORIENTED_EDGE('',*,*,#6280,.T.);
#6282=EDGE_LOOP('',(#6276,#6277,#6279,#6281));
#6283=FACE_OUTER_BOUND('',#6282,.F.);
#6285=ORIENTED_EDGE('',*,*,#6284,.F.);
#6287=ORIENTED_EDGE('',*,*,#6286,.F.);
#6288=EDGE_LOOP('',(#6285,#6287));
#6289=FACE_BOUND('',#6288,.F.);
#6290=ADVANCED_FACE('',(#6283,#6289),#6274,.T.);
#6291=CARTESIAN_POINT('',(-9.1E1,8.397032059620E1,-1.5E1));
#6292=DIRECTION('',(0.E0,0.E0,-1.E0));
#6293=DIRECTION('',(-8.991778496739E-1,4.375833573799E-1,0.E0));
#6294=AXIS2_PLACEMENT_3D('',#6291,#6292,#6293);
#6295=TOROIDAL_SURFACE('',#6294,2.4E1,2.E0);
#6297=ORIENTED_EDGE('',*,*,#6296,.T.);
#6298=ORIENTED_EDGE('',*,*,#6254,.T.);
#6299=ORIENTED_EDGE('',*,*,#6275,.T.);
#6301=ORIENTED_EDGE('',*,*,#6300,.T.);
#6302=EDGE_LOOP('',(#6297,#6298,#6299,#6301));
#6303=FACE_OUTER_BOUND('',#6302,.F.);
#6304=ADVANCED_FACE('',(#6303),#6295,.F.);
#6305=CARTESIAN_POINT('',(-9.1E1,8.397032059620E1,-1.6E1));
#6306=DIRECTION('',(0.E0,0.E0,-1.E0));
#6307=DIRECTION('',(-1.E0,0.E0,0.E0));
#6308=AXIS2_PLACEMENT_3D('',#6305,#6306,#6307);
#6309=CYLINDRICAL_SURFACE('',#6308,2.6E1);
#6310=ORIENTED_EDGE('',*,*,#6296,.F.);
#6312=ORIENTED_EDGE('',*,*,#6311,.T.);
#6314=ORIENTED_EDGE('',*,*,#6313,.F.);
#6316=ORIENTED_EDGE('',*,*,#6315,.F.);
#6318=ORIENTED_EDGE('',*,*,#6317,.F.);
#6319=ORIENTED_EDGE('',*,*,#6256,.F.);
#6320=EDGE_LOOP('',(#6310,#6312,#6314,#6316,#6318,#6319));
#6321=FACE_OUTER_BOUND('',#6320,.F.);
#6322=ADVANCED_FACE('',(#6321),#6309,.F.);
#6323=CARTESIAN_POINT('',(-9.827073685886E1,7.319366130266E1,-1.E1));
#6324=DIRECTION('',(-5.592874506818E-1,-8.289737918112E-1,0.E0));
#6325=DIRECTION('',(8.289737918112E-1,-5.592874506818E-1,0.E0));
#6326=AXIS2_PLACEMENT_3D('',#6323,#6324,#6325);
#6327=PLANE('',#6326);
#6329=ORIENTED_EDGE('',*,*,#6328,.F.);
#6331=ORIENTED_EDGE('',*,*,#6330,.F.);
#6333=ORIENTED_EDGE('',*,*,#6332,.F.);
#6335=ORIENTED_EDGE('',*,*,#6334,.F.);
#6337=ORIENTED_EDGE('',*,*,#6336,.F.);
#6339=ORIENTED_EDGE('',*,*,#6338,.T.);
#6341=ORIENTED_EDGE('',*,*,#6340,.F.);
#6343=ORIENTED_EDGE('',*,*,#6342,.T.);
#6344=ORIENTED_EDGE('',*,*,#6311,.F.);
#6345=ORIENTED_EDGE('',*,*,#6300,.F.);
#6346=ORIENTED_EDGE('',*,*,#6280,.F.);
#6348=ORIENTED_EDGE('',*,*,#6347,.T.);
#6350=ORIENTED_EDGE('',*,*,#6349,.F.);
#6352=ORIENTED_EDGE('',*,*,#6351,.F.);
#6354=ORIENTED_EDGE('',*,*,#6353,.T.);
#6355=EDGE_LOOP('',(#6329,#6331,#6333,#6335,#6337,#6339,#6341,#6343,#6344,#6345,
#6346,#6348,#6350,#6352,#6354));
#6356=FACE_OUTER_BOUND('',#6355,.F.);
#6357=ADVANCED_FACE('',(#6356),#6327,.T.);
#6358=CARTESIAN_POINT('',(-5.E1,7.966407944183E1,6.685532474445E1));
#6359=DIRECTION('',(-1.E0,0.E0,0.E0));
#6360=DIRECTION('',(0.E0,0.E0,1.E0));
#6361=AXIS2_PLACEMENT_3D('',#6358,#6359,#6360);
#6362=CYLINDRICAL_SURFACE('',#6361,6.E1);
#6363=ORIENTED_EDGE('',*,*,#5973,.T.);
#6365=ORIENTED_EDGE('',*,*,#6364,.T.);
#6367=ORIENTED_EDGE('',*,*,#6366,.T.);
#6369=ORIENTED_EDGE('',*,*,#6368,.F.);
#6371=ORIENTED_EDGE('',*,*,#6370,.T.);
#6373=ORIENTED_EDGE('',*,*,#6372,.F.);
#6375=ORIENTED_EDGE('',*,*,#6374,.F.);
#6377=ORIENTED_EDGE('',*,*,#6376,.F.);
#6379=ORIENTED_EDGE('',*,*,#6378,.F.);
#6381=ORIENTED_EDGE('',*,*,#6380,.F.);
#6382=ORIENTED_EDGE('',*,*,#6328,.T.);
#6384=ORIENTED_EDGE('',*,*,#6383,.T.);
#6385=EDGE_LOOP('',(#6363,#6365,#6367,#6369,#6371,#6373,#6375,#6377,#6379,#6381,
#6382,#6384));
#6386=FACE_OUTER_BOUND('',#6385,.F.);
#6387=ADVANCED_FACE('',(#6386),#6362,.T.);
#6388=CARTESIAN_POINT('',(-7.5E1,-3.9067104E2,3.780551209525E1));
#6389=DIRECTION('',(0.E0,1.E0,0.E0));
#6390=DIRECTION('',(8.249354047376E-1,0.E0,5.652270145795E-1));
#6391=AXIS2_PLACEMENT_3D('',#6388,#6389,#6390);
#6392=CYLINDRICAL_SURFACE('',#6391,2.E1);
#6394=ORIENTED_EDGE('',*,*,#6393,.T.);
#6395=ORIENTED_EDGE('',*,*,#5961,.F.);
#6397=ORIENTED_EDGE('',*,*,#6396,.F.);
#6399=ORIENTED_EDGE('',*,*,#6398,.T.);
#6401=ORIENTED_EDGE('',*,*,#6400,.F.);
#6402=EDGE_LOOP('',(#6394,#6395,#6397,#6399,#6401));
#6403=FACE_OUTER_BOUND('',#6402,.F.);
#6404=ADVANCED_FACE('',(#6403),#6392,.F.);
#6405=CARTESIAN_POINT('',(-7.5E1,-3.9067104E2,3.780551209525E1));
#6406=DIRECTION('',(0.E0,1.E0,0.E0));
#6407=DIRECTION('',(8.249354047376E-1,0.E0,5.652270145795E-1));
#6408=AXIS2_PLACEMENT_3D('',#6405,#6406,#6407);
#6409=CYLINDRICAL_SURFACE('',#6408,2.E1);
#6410=ORIENTED_EDGE('',*,*,#6364,.F.);
#6411=ORIENTED_EDGE('',*,*,#5977,.F.);
#6413=ORIENTED_EDGE('',*,*,#6412,.F.);
#6415=ORIENTED_EDGE('',*,*,#6414,.F.);
#6417=ORIENTED_EDGE('',*,*,#6416,.T.);
#6418=EDGE_LOOP('',(#6410,#6411,#6413,#6415,#6417));
#6419=FACE_OUTER_BOUND('',#6418,.F.);
#6420=ADVANCED_FACE('',(#6419),#6409,.F.);
#6421=CARTESIAN_POINT('',(-5.5E1,-1.35E1,0.E0));
#6422=DIRECTION('',(0.E0,1.E0,0.E0));
#6423=DIRECTION('',(-1.E0,0.E0,0.E0));
#6424=AXIS2_PLACEMENT_3D('',#6421,#6422,#6423);
#6425=PLANE('',#6424);
#6426=ORIENTED_EDGE('',*,*,#6393,.F.);
#6428=ORIENTED_EDGE('',*,*,#6427,.T.);
#6430=ORIENTED_EDGE('',*,*,#6429,.F.);
#6431=EDGE_LOOP('',(#6426,#6428,#6430));
#6432=FACE_OUTER_BOUND('',#6431,.F.);
#6433=ADVANCED_FACE('',(#6432),#6425,.F.);
#6434=CARTESIAN_POINT('',(-2.636062482701E2,-5.75E1,9.259994600430E1));
#6435=DIRECTION('',(1.E0,0.E0,0.E0));
#6436=DIRECTION('',(0.E0,5.275229357798E-1,-8.495407890303E-1));
#6437=AXIS2_PLACEMENT_3D('',#6434,#6435,#6436);
#6438=CYLINDRICAL_SURFACE('',#6437,6.5E1);
#6439=ORIENTED_EDGE('',*,*,#5535,.T.);
#6441=ORIENTED_EDGE('',*,*,#6440,.F.);
#6443=ORIENTED_EDGE('',*,*,#6442,.T.);
#6444=ORIENTED_EDGE('',*,*,#6427,.F.);
#6445=ORIENTED_EDGE('',*,*,#6400,.T.);
#6447=ORIENTED_EDGE('',*,*,#6446,.T.);
#6449=ORIENTED_EDGE('',*,*,#6448,.T.);
#6451=ORIENTED_EDGE('',*,*,#6450,.T.);
#6453=ORIENTED_EDGE('',*,*,#6452,.T.);
#6455=ORIENTED_EDGE('',*,*,#6454,.F.);
#6457=ORIENTED_EDGE('',*,*,#6456,.T.);
#6459=ORIENTED_EDGE('',*,*,#6458,.T.);
#6460=ORIENTED_EDGE('',*,*,#6017,.F.);
#6461=EDGE_LOOP('',(#6439,#6441,#6443,#6444,#6445,#6447,#6449,#6451,#6453,#6455,
#6457,#6459,#6460));
#6462=FACE_OUTER_BOUND('',#6461,.F.);
#6463=ADVANCED_FACE('',(#6462),#6438,.F.);
#6464=CARTESIAN_POINT('',(-5.5E1,-2.057106781187E1,2.656247808617E2));
#6465=DIRECTION('',(0.E0,0.E0,-1.E0));
#6466=DIRECTION('',(7.071067811865E-1,7.071067811865E-1,0.E0));
#6467=AXIS2_PLACEMENT_3D('',#6464,#6465,#6466);
#6468=CYLINDRICAL_SURFACE('',#6467,5.E0);
#6469=ORIENTED_EDGE('',*,*,#6440,.T.);
#6470=ORIENTED_EDGE('',*,*,#5533,.T.);
#6471=ORIENTED_EDGE('',*,*,#5874,.F.);
#6473=ORIENTED_EDGE('',*,*,#6472,.F.);
#6474=EDGE_LOOP('',(#6469,#6470,#6471,#6473));
#6475=FACE_OUTER_BOUND('',#6474,.F.);
#6476=ADVANCED_FACE('',(#6475),#6468,.F.);
#6477=CARTESIAN_POINT('',(-5.E1,-1.85E1,0.E0));
#6478=DIRECTION('',(7.071067811865E-1,7.071067811865E-1,0.E0));
#6479=DIRECTION('',(-7.071067811865E-1,7.071067811865E-1,0.E0));
#6480=AXIS2_PLACEMENT_3D('',#6477,#6478,#6479);
#6481=PLANE('',#6480);
#6482=ORIENTED_EDGE('',*,*,#5963,.F.);
#6483=ORIENTED_EDGE('',*,*,#6429,.T.);
#6484=ORIENTED_EDGE('',*,*,#6442,.F.);
#6485=ORIENTED_EDGE('',*,*,#6472,.T.);
#6486=ORIENTED_EDGE('',*,*,#5872,.F.);
#6487=EDGE_LOOP('',(#6482,#6483,#6484,#6485,#6486));
#6488=FACE_OUTER_BOUND('',#6487,.F.);
#6489=ADVANCED_FACE('',(#6488),#6481,.F.);
#6490=CARTESIAN_POINT('',(-5.5E1,7.5E0,4.4E1));
#6491=DIRECTION('',(-8.249354047376E-1,0.E0,-5.652270145795E-1));
#6492=DIRECTION('',(-5.652270145795E-1,0.E0,8.249354047376E-1));
#6493=AXIS2_PLACEMENT_3D('',#6490,#6491,#6492);
#6494=PLANE('',#6493);
#6495=ORIENTED_EDGE('',*,*,#6366,.F.);
#6496=ORIENTED_EDGE('',*,*,#6416,.F.);
#6498=ORIENTED_EDGE('',*,*,#6497,.F.);
#6500=ORIENTED_EDGE('',*,*,#6499,.T.);
#6502=ORIENTED_EDGE('',*,*,#6501,.T.);
#6504=ORIENTED_EDGE('',*,*,#6503,.F.);
#6505=ORIENTED_EDGE('',*,*,#6446,.F.);
#6506=ORIENTED_EDGE('',*,*,#6398,.F.);
#6508=ORIENTED_EDGE('',*,*,#6507,.F.);
#6510=ORIENTED_EDGE('',*,*,#6509,.T.);
#6512=ORIENTED_EDGE('',*,*,#6511,.T.);
#6514=ORIENTED_EDGE('',*,*,#6513,.T.);
#6516=ORIENTED_EDGE('',*,*,#6515,.T.);
#6518=ORIENTED_EDGE('',*,*,#6517,.T.);
#6520=ORIENTED_EDGE('',*,*,#6519,.F.);
#6522=ORIENTED_EDGE('',*,*,#6521,.T.);
#6523=EDGE_LOOP('',(#6495,#6496,#6498,#6500,#6502,#6504,#6505,#6506,#6508,#6510,
#6512,#6514,#6516,#6518,#6520,#6522));
#6524=FACE_OUTER_BOUND('',#6523,.F.);
#6525=ADVANCED_FACE('',(#6524),#6494,.T.);
#6526=CARTESIAN_POINT('',(-2.636062482701E2,8.95E1,8.E1));
#6527=DIRECTION('',(1.E0,0.E0,0.E0));
#6528=DIRECTION('',(0.E0,-1.E0,0.E0));
#6529=AXIS2_PLACEMENT_3D('',#6526,#6527,#6528);
#6530=CYLINDRICAL_SURFACE('',#6529,7.E1);
#6532=ORIENTED_EDGE('',*,*,#6531,.F.);
#6534=ORIENTED_EDGE('',*,*,#6533,.F.);
#6536=ORIENTED_EDGE('',*,*,#6535,.T.);
#6538=ORIENTED_EDGE('',*,*,#6537,.F.);
#6540=ORIENTED_EDGE('',*,*,#6539,.F.);
#6541=ORIENTED_EDGE('',*,*,#6497,.T.);
#6542=ORIENTED_EDGE('',*,*,#6414,.T.);
#6544=ORIENTED_EDGE('',*,*,#6543,.T.);
#6545=ORIENTED_EDGE('',*,*,#6351,.T.);
#6546=EDGE_LOOP('',(#6532,#6534,#6536,#6538,#6540,#6541,#6542,#6544,#6545));
#6547=FACE_OUTER_BOUND('',#6546,.F.);
#6548=ADVANCED_FACE('',(#6547),#6530,.F.);
#6549=CARTESIAN_POINT('',(-9.080989811229E1,7.135615588646E1,1.312221397199E1));
#6550=CARTESIAN_POINT('',(-9.087325708941E1,7.135520955959E1,1.312214613884E1));
#6551=CARTESIAN_POINT('',(-9.186497342836E1,7.134782163424E1,1.312161962755E1));
#6552=CARTESIAN_POINT('',(-9.368306259195E1,7.154559861655E1,1.313499279777E1));
#6553=CARTESIAN_POINT('',(-9.599322309802E1,7.228270248533E1,1.317740491706E1));
#6554=CARTESIAN_POINT('',(-9.746077125351E1,7.304667619622E1,1.321344957858E1));
#6555=CARTESIAN_POINT('',(-9.817866115779E1,7.351471462565E1,1.323255620578E1));
#6556=CARTESIAN_POINT('',(-9.832618800537E1,7.361525964642E1,1.323653867067E1));
#6557=CARTESIAN_POINT('',(-9.080468476734E1,7.047891719769E1,1.278650771755E1));
#6558=CARTESIAN_POINT('',(-9.086977848520E1,7.047791476681E1,1.278659507880E1));
#6559=CARTESIAN_POINT('',(-9.188868036798E1,7.047008631220E1,1.278727323674E1));
#6560=CARTESIAN_POINT('',(-9.375851548912E1,7.068053952578E1,1.277009261802E1));
#6561=CARTESIAN_POINT('',(-9.615515885265E1,7.147588103068E1,1.271632267705E1));
#6562=CARTESIAN_POINT('',(-9.767613035140E1,7.230803132483E1,1.267149907066E1));
#6563=CARTESIAN_POINT('',(-9.841559141411E1,7.281853736238E1,1.264809590759E1));
#6564=CARTESIAN_POINT('',(-9.856731536084E1,7.292820213047E1,1.264323394570E1));
#6565=CARTESIAN_POINT('',(-9.079831390658E1,6.953997890768E1,1.281154413680E1));
#6566=CARTESIAN_POINT('',(-9.086552827417E1,6.953897881923E1,1.281179499117E1));
#6567=CARTESIAN_POINT('',(-9.191764901169E1,6.953116885626E1,1.281374174722E1));
#6568=CARTESIAN_POINT('',(-9.385053330396E1,6.974241381898E1,1.276408677886E1));
#6569=CARTESIAN_POINT('',(-9.636494424532E1,7.056192044340E1,1.260324009040E1));
#6570=CARTESIAN_POINT('',(-9.797305570565E1,7.143905672928E1,1.246243763283E1));
#6571=CARTESIAN_POINT('',(-9.875454252050E1,7.198250714420E1,1.238612366102E1));
#6572=CARTESIAN_POINT('',(-9.891483596369E1,7.209943690042E1,1.237014188281E1));
#6573=CARTESIAN_POINT('',(-9.079175274871E1,6.868188983419E1,1.319352222174E1));
#6574=CARTESIAN_POINT('',(-9.086115171976E1,6.868095017899E1,1.319392004656E1));
#6575=CARTESIAN_POINT('',(-9.194748136448E1,6.867361492117E1,1.319700673209E1));
#6576=CARTESIAN_POINT('',(-9.394514596957E1,6.887364694823E1,1.311788708171E1));
#6577=CARTESIAN_POINT('',(-9.659072983497E1,6.967957744754E1,1.285532525987E1));
#6578=CARTESIAN_POINT('',(-9.830646835987E1,7.057167939838E1,1.261800479590E1));
#6579=CARTESIAN_POINT('',(-9.914405520642E1,7.113354937236E1,1.248641187118E1));
#6580=CARTESIAN_POINT('',(-9.931598952966E1,7.125478639319E1,1.245872308823E1));
#6581=(BOUNDED_SURFACE()B_SPLINE_SURFACE(3,3,((#6549,#6550,#6551,#6552,#6553,
#6554,#6555,#6556),(#6557,#6558,#6559,#6560,#6561,#6562,#6563,#6564),(#6565,
#6566,#6567,#6568,#6569,#6570,#6571,#6572),(#6573,#6574,#6575,#6576,#6577,#6578,
#6579,#6580)),.UNSPECIFIED.,.F.,.F.,.F.)B_SPLINE_SURFACE_WITH_KNOTS((4,4),(4,1,
1,1,1,4),(0.E0,1.E0),(-2.808873703571E-3,0.E0,4.114810921622E-2,
7.776548862475E-2,1.102314363881E-1,1.188143997304E-1),.UNSPECIFIED.)GEOMETRIC_REPRESENTATION_ITEM()RATIONAL_B_SPLINE_SURFACE(((1.039452188217E0,
1.039452188217E0,1.039452188217E0,1.039452188217E0,1.039452188217E0,
1.039452188217E0,1.039452188217E0,1.039452188217E0),(9.868492705945E-1,
9.868492705945E-1,9.868492705945E-1,9.868492705945E-1,9.868492705945E-1,
9.868492705945E-1,9.868492705945E-1,9.868492705945E-1),(9.868492705945E-1,
9.868492705945E-1,9.868492705945E-1,9.868492705945E-1,9.868492705945E-1,
9.868492705945E-1,9.868492705945E-1,9.868492705945E-1),(1.039452188217E0,
1.039452188217E0,1.039452188217E0,1.039452188217E0,1.039452188217E0,
1.039452188217E0,1.039452188217E0,1.039452188217E0)))REPRESENTATION_ITEM('')SURFACE());
#6583=ORIENTED_EDGE('',*,*,#6582,.F.);
#6585=ORIENTED_EDGE('',*,*,#6584,.T.);
#6586=ORIENTED_EDGE('',*,*,#6531,.T.);
#6587=ORIENTED_EDGE('',*,*,#6349,.T.);
#6588=EDGE_LOOP('',(#6583,#6585,#6586,#6587));
#6589=FACE_OUTER_BOUND('',#6588,.F.);
#6590=ADVANCED_FACE('',(#6589),#6581,.F.);
#6591=CARTESIAN_POINT('',(0.E0,0.E0,1.3E1));
#6592=DIRECTION('',(0.E0,0.E0,1.E0));
#6593=DIRECTION('',(0.E0,1.E0,0.E0));
#6594=AXIS2_PLACEMENT_3D('',#6591,#6592,#6593);
#6595=PLANE('',#6594);
#6597=ORIENTED_EDGE('',*,*,#6596,.F.);
#6599=ORIENTED_EDGE('',*,*,#6598,.F.);
#6600=EDGE_LOOP('',(#6597,#6599));
#6601=FACE_OUTER_BOUND('',#6600,.F.);
#6603=ORIENTED_EDGE('',*,*,#6602,.F.);
#6605=ORIENTED_EDGE('',*,*,#6604,.F.);
#6606=EDGE_LOOP('',(#6603,#6605));
#6607=FACE_BOUND('',#6606,.F.);
#6608=ADVANCED_FACE('',(#6601,#6607),#6595,.T.);
#6609=CARTESIAN_POINT('',(0.E0,0.E0,1.3E1));
#6610=DIRECTION('',(0.E0,0.E0,1.E0));
#6611=DIRECTION('',(0.E0,1.E0,0.E0));
#6612=AXIS2_PLACEMENT_3D('',#6609,#6610,#6611);
#6613=PLANE('',#6612);
#6614=ORIENTED_EDGE('',*,*,#6582,.T.);
#6616=ORIENTED_EDGE('',*,*,#6615,.F.);
#6618=ORIENTED_EDGE('',*,*,#6617,.F.);
#6620=ORIENTED_EDGE('',*,*,#6619,.T.);
#6621=EDGE_LOOP('',(#6614,#6616,#6618,#6620));
#6622=FACE_OUTER_BOUND('',#6621,.F.);
#6624=ORIENTED_EDGE('',*,*,#6623,.F.);
#6626=ORIENTED_EDGE('',*,*,#6625,.F.);
#6627=EDGE_LOOP('',(#6624,#6626));
#6628=FACE_BOUND('',#6627,.F.);
#6629=ADVANCED_FACE('',(#6622,#6628),#6613,.T.);
#6630=CARTESIAN_POINT('',(-9.89E1,1.384E2,-1.E1));
#6631=DIRECTION('',(0.E0,0.E0,1.E0));
#6632=DIRECTION('',(1.E0,0.E0,0.E0));
#6633=AXIS2_PLACEMENT_3D('',#6630,#6631,#6632);
#6634=CYLINDRICAL_SURFACE('',#6633,1.55E1);
#6636=ORIENTED_EDGE('',*,*,#6635,.F.);
#6638=ORIENTED_EDGE('',*,*,#6637,.T.);
#6640=ORIENTED_EDGE('',*,*,#6639,.F.);
#6642=ORIENTED_EDGE('',*,*,#6641,.F.);
#6644=ORIENTED_EDGE('',*,*,#6643,.F.);
#6646=ORIENTED_EDGE('',*,*,#6645,.F.);
#6648=ORIENTED_EDGE('',*,*,#6647,.T.);
#6650=ORIENTED_EDGE('',*,*,#6649,.F.);
#6652=ORIENTED_EDGE('',*,*,#6651,.T.);
#6654=ORIENTED_EDGE('',*,*,#6653,.T.);
#6656=ORIENTED_EDGE('',*,*,#6655,.F.);
#6658=ORIENTED_EDGE('',*,*,#6657,.T.);
#6660=ORIENTED_EDGE('',*,*,#6659,.F.);
#6662=ORIENTED_EDGE('',*,*,#6661,.F.);
#6664=ORIENTED_EDGE('',*,*,#6663,.T.);
#6666=ORIENTED_EDGE('',*,*,#6665,.T.);
#6668=ORIENTED_EDGE('',*,*,#6667,.T.);
#6669=ORIENTED_EDGE('',*,*,#6596,.T.);
#6671=ORIENTED_EDGE('',*,*,#6670,.F.);
#6673=ORIENTED_EDGE('',*,*,#6672,.F.);
#6675=ORIENTED_EDGE('',*,*,#6674,.F.);
#6677=ORIENTED_EDGE('',*,*,#6676,.F.);
#6679=ORIENTED_EDGE('',*,*,#6678,.F.);
#6681=ORIENTED_EDGE('',*,*,#6680,.F.);
#6682=EDGE_LOOP('',(#6636,#6638,#6640,#6642,#6644,#6646,#6648,#6650,#6652,#6654,
#6656,#6658,#6660,#6662,#6664,#6666,#6668,#6669,#6671,#6673,#6675,#6677,#6679,
#6681));
#6683=FACE_OUTER_BOUND('',#6682,.F.);
#6684=ADVANCED_FACE('',(#6683),#6634,.T.);
#6685=CARTESIAN_POINT('',(-1.580055897085E2,4.620833289627E2,-4.E0));
#6686=DIRECTION('',(1.436363636364E-1,-9.896305346145E-1,0.E0));
#6687=DIRECTION('',(0.E0,0.E0,-1.E0));
#6688=AXIS2_PLACEMENT_3D('',#6685,#6686,#6687);
#6689=CYLINDRICAL_SURFACE('',#6688,2.E0);
#6691=ORIENTED_EDGE('',*,*,#6690,.F.);
#6692=ORIENTED_EDGE('',*,*,#6635,.T.);
#6694=ORIENTED_EDGE('',*,*,#6693,.T.);
#6696=ORIENTED_EDGE('',*,*,#6695,.F.);
#6697=EDGE_LOOP('',(#6691,#6692,#6694,#6696));
#6698=FACE_OUTER_BOUND('',#6697,.F.);
#6699=ADVANCED_FACE('',(#6698),#6689,.F.);
#6700=CARTESIAN_POINT('',(0.E0,0.E0,-6.E0));
#6701=DIRECTION('',(0.E0,0.E0,1.E0));
#6702=DIRECTION('',(1.E0,0.E0,0.E0));
#6703=AXIS2_PLACEMENT_3D('',#6700,#6701,#6702);
#6704=PLANE('',#6703);
#6705=ORIENTED_EDGE('',*,*,#6690,.T.);
#6707=ORIENTED_EDGE('',*,*,#6706,.T.);
#6709=ORIENTED_EDGE('',*,*,#6708,.F.);
#6710=ORIENTED_EDGE('',*,*,#6637,.F.);
#6711=EDGE_LOOP('',(#6705,#6707,#6709,#6710));
#6712=FACE_OUTER_BOUND('',#6711,.F.);
#6713=ADVANCED_FACE('',(#6712),#6704,.T.);
#6714=CARTESIAN_POINT('',(-1.328517649722E2,9.384097248498E1,-4.E0));
#6715=DIRECTION('',(0.E0,0.E0,-1.E0));
#6716=DIRECTION('',(9.870078794093E-1,1.606718580957E-1,0.E0));
#6717=AXIS2_PLACEMENT_3D('',#6714,#6715,#6716);
#6718=TOROIDAL_SURFACE('',#6717,2.8E1,2.E0);
#6719=ORIENTED_EDGE('',*,*,#6706,.F.);
#6720=ORIENTED_EDGE('',*,*,#6695,.T.);
#6722=ORIENTED_EDGE('',*,*,#6721,.T.);
#6724=ORIENTED_EDGE('',*,*,#6723,.T.);
#6725=EDGE_LOOP('',(#6719,#6720,#6722,#6724));
#6726=FACE_OUTER_BOUND('',#6725,.F.);
#6727=ADVANCED_FACE('',(#6726),#6718,.F.);
#6728=CARTESIAN_POINT('',(-1.328517649722E2,9.384097248498E1,4.122829110985E2));
#6729=DIRECTION('',(0.E0,0.E0,-1.E0));
#6730=DIRECTION('',(9.896305346145E-1,1.436363636364E-1,0.E0));
#6731=AXIS2_PLACEMENT_3D('',#6728,#6729,#6730);
#6732=CYLINDRICAL_SURFACE('',#6731,3.E1);
#6733=ORIENTED_EDGE('',*,*,#6721,.F.);
#6735=ORIENTED_EDGE('',*,*,#6734,.F.);
#6737=ORIENTED_EDGE('',*,*,#6736,.F.);
#6739=ORIENTED_EDGE('',*,*,#6738,.T.);
#6740=EDGE_LOOP('',(#6733,#6735,#6737,#6739));
#6741=FACE_OUTER_BOUND('',#6740,.F.);
#6742=ADVANCED_FACE('',(#6741),#6732,.F.);
#6743=CARTESIAN_POINT('',(-1.020894385919E2,9.075444557414E1,-6.E0));
#6744=DIRECTION('',(9.896305346145E-1,1.436363636364E-1,0.E0));
#6745=DIRECTION('',(-1.436363636364E-1,9.896305346145E-1,0.E0));
#6746=AXIS2_PLACEMENT_3D('',#6743,#6744,#6745);
#6747=PLANE('',#6746);
#6748=ORIENTED_EDGE('',*,*,#6693,.F.);
#6749=ORIENTED_EDGE('',*,*,#6680,.T.);
#6751=ORIENTED_EDGE('',*,*,#6750,.F.);
#6752=ORIENTED_EDGE('',*,*,#6734,.T.);
#6753=EDGE_LOOP('',(#6748,#6749,#6751,#6752));
#6754=FACE_OUTER_BOUND('',#6753,.F.);
#6756=ORIENTED_EDGE('',*,*,#6755,.T.);
#6758=ORIENTED_EDGE('',*,*,#6757,.T.);
#6760=ORIENTED_EDGE('',*,*,#6759,.T.);
#6762=ORIENTED_EDGE('',*,*,#6761,.T.);
#6764=ORIENTED_EDGE('',*,*,#6763,.T.);
#6766=ORIENTED_EDGE('',*,*,#6765,.T.);
#6768=ORIENTED_EDGE('',*,*,#6767,.T.);
#6770=ORIENTED_EDGE('',*,*,#6769,.T.);
#6772=ORIENTED_EDGE('',*,*,#6771,.T.);
#6774=ORIENTED_EDGE('',*,*,#6773,.T.);
#6776=ORIENTED_EDGE('',*,*,#6775,.T.);
#6778=ORIENTED_EDGE('',*,*,#6777,.T.);
#6780=ORIENTED_EDGE('',*,*,#6779,.T.);
#6782=ORIENTED_EDGE('',*,*,#6781,.T.);
#6784=ORIENTED_EDGE('',*,*,#6783,.T.);
#6786=ORIENTED_EDGE('',*,*,#6785,.T.);
#6787=EDGE_LOOP('',(#6756,#6758,#6760,#6762,#6764,#6766,#6768,#6770,#6772,#6774,
#6776,#6778,#6780,#6782,#6784,#6786));
#6788=FACE_BOUND('',#6787,.F.);
#6789=ADVANCED_FACE('',(#6754,#6788),#6747,.F.);
#6790=CARTESIAN_POINT('',(-1.046962214040E2,1.087142280881E2,
7.529930868740E-1));
#6791=CARTESIAN_POINT('',(-1.047065979105E2,1.088059070192E2,
7.558911828301E-1));
#6792=CARTESIAN_POINT('',(-1.047805648765E2,1.088610956193E2,
7.579414578201E-1));
#6793=CARTESIAN_POINT('',(-1.048714561148E2,1.088449750811E2,
7.578503814856E-1));
#6794=CARTESIAN_POINT('',(-1.046964859738E2,1.087160509297E2,
6.943816802035E-1));
#6795=CARTESIAN_POINT('',(-1.047071186535E2,1.088094948513E2,
6.405285063806E-1));
#6796=CARTESIAN_POINT('',(-1.047812668507E2,1.088659321043E2,
6.024297625519E-1));
#6797=CARTESIAN_POINT('',(-1.048721500385E2,1.088497560991E2,
6.041221667197E-1));
#6798=CARTESIAN_POINT('',(-1.046905300945E2,1.086750159171E2,
6.529166951886E-1));
#6799=CARTESIAN_POINT('',(-1.046953959154E2,1.087287271449E2,
5.589145011556E-1));
#6800=CARTESIAN_POINT('',(-1.047654643143E2,1.087570552706E2,
4.924120973866E-1));
#6801=CARTESIAN_POINT('',(-1.048565287330E2,1.087421279156E2,
4.953662353449E-1));
#6802=CARTESIAN_POINT('',(-1.046821113652E2,1.086170122792E2,
6.547586329322E-1));
#6803=CARTESIAN_POINT('',(-1.046788256400E2,1.086145607175E2,
5.625399194834E-1));
#6804=CARTESIAN_POINT('',(-1.047431271799E2,1.086031561481E2,
4.972992495190E-1));
#6805=CARTESIAN_POINT('',(-1.048344477712E2,1.085899937799E2,
5.001973393420E-1));
#6806=(BOUNDED_SURFACE()B_SPLINE_SURFACE(3,3,((#6790,#6791,#6792,#6793),(#6794,
#6795,#6796,#6797),(#6798,#6799,#6800,#6801),(#6802,#6803,#6804,#6805)),
.UNSPECIFIED.,.F.,.F.,.F.)B_SPLINE_SURFACE_WITH_KNOTS((4,4),(4,4),(0.E0,1.E0),(
0.E0,1.E0),.UNSPECIFIED.)GEOMETRIC_REPRESENTATION_ITEM()RATIONAL_B_SPLINE_SURFACE(((1.409592816672E0,1.113152727685E0,1.113152727685E0,1.409592816672E0),(
1.113152704435E0,8.790545429965E-1,8.790545429965E-1,1.113152704435E0),(
1.113152704435E0,8.790545429965E-1,8.790545429965E-1,1.113152704435E0),(
1.409592816672E0,1.113152727685E0,1.113152727685E0,1.409592816672E0)))REPRESENTATION_ITEM('')SURFACE());
#6807=ORIENTED_EDGE('',*,*,#6755,.F.);
#6809=ORIENTED_EDGE('',*,*,#6808,.T.);
#6811=ORIENTED_EDGE('',*,*,#6810,.T.);
#6813=ORIENTED_EDGE('',*,*,#6812,.F.);
#6814=EDGE_LOOP('',(#6807,#6809,#6811,#6813));
#6815=FACE_OUTER_BOUND('',#6814,.F.);
#6816=ADVANCED_FACE('',(#6815),#6806,.F.);
#6817=CARTESIAN_POINT('',(-1.043975484557E2,1.056126329054E2,6.5E-1));
#6818=DIRECTION('',(-1.436363636364E-1,9.896305346145E-1,0.E0));
#6819=DIRECTION('',(9.896305346145E-1,1.436363636364E-1,0.E0));
#6820=AXIS2_PLACEMENT_3D('',#6817,#6818,#6819);
#6821=CYLINDRICAL_SURFACE('',#6820,1.5E-1);
#6822=ORIENTED_EDGE('',*,*,#6785,.F.);
#6824=ORIENTED_EDGE('',*,*,#6823,.T.);
#6826=ORIENTED_EDGE('',*,*,#6825,.T.);
#6827=ORIENTED_EDGE('',*,*,#6808,.F.);
#6828=EDGE_LOOP('',(#6822,#6824,#6826,#6827));
#6829=FACE_OUTER_BOUND('',#6828,.F.);
#6830=ADVANCED_FACE('',(#6829),#6821,.F.);
#6831=CARTESIAN_POINT('',(-1.044718217030E2,1.061243631636E2,2.5E-1));
#6832=DIRECTION('',(9.896305346145E-1,1.436363636364E-1,0.E0));
#6833=DIRECTION('',(9.395341323905E-2,-6.473233115815E-1,-7.564028598729E-1));
#6834=AXIS2_PLACEMENT_3D('',#6831,#6832,#6833);
#6835=TOROIDAL_SURFACE('',#6834,4.E-1,1.5E-1);
#6836=ORIENTED_EDGE('',*,*,#6783,.F.);
#6838=ORIENTED_EDGE('',*,*,#6837,.T.);
#6840=ORIENTED_EDGE('',*,*,#6839,.T.);
#6841=ORIENTED_EDGE('',*,*,#6823,.F.);
#6842=EDGE_LOOP('',(#6836,#6838,#6840,#6841));
#6843=FACE_OUTER_BOUND('',#6842,.F.);
#6844=ADVANCED_FACE('',(#6843),#6835,.F.);
#6845=CARTESIAN_POINT('',(-1.044143671576E2,1.057285109497E2,
-7.670922281421E-1));
#6846=DIRECTION('',(0.E0,0.E0,1.E0));
#6847=DIRECTION('',(9.896305346145E-1,1.436363636363E-1,0.E0));
#6848=AXIS2_PLACEMENT_3D('',#6845,#6846,#6847);
#6849=CYLINDRICAL_SURFACE('',#6848,1.5E-1);
#6850=ORIENTED_EDGE('',*,*,#6781,.F.);
#6852=ORIENTED_EDGE('',*,*,#6851,.T.);
#6854=ORIENTED_EDGE('',*,*,#6853,.T.);
#6855=ORIENTED_EDGE('',*,*,#6837,.F.);
#6856=EDGE_LOOP('',(#6850,#6852,#6854,#6855));
#6857=FACE_OUTER_BOUND('',#6856,.F.);
#6858=ADVANCED_FACE('',(#6857),#6849,.F.);
#6859=CARTESIAN_POINT('',(-1.044718217030E2,1.061243631636E2,-2.5E-1));
#6860=DIRECTION('',(9.896305346145E-1,1.436363636364E-1,0.E0));
#6861=DIRECTION('',(-1.086469562363E-1,7.485593666E-1,-6.541060415375E-1));
#6862=AXIS2_PLACEMENT_3D('',#6859,#6860,#6861);
#6863=TOROIDAL_SURFACE('',#6862,4.E-1,1.5E-1);
#6864=ORIENTED_EDGE('',*,*,#6779,.F.);
#6866=ORIENTED_EDGE('',*,*,#6865,.T.);
#6868=ORIENTED_EDGE('',*,*,#6867,.T.);
#6869=ORIENTED_EDGE('',*,*,#6851,.F.);
#6870=EDGE_LOOP('',(#6864,#6866,#6868,#6869));
#6871=FACE_OUTER_BOUND('',#6870,.F.);
#6872=ADVANCED_FACE('',(#6871),#6863,.F.);
#6873=CARTESIAN_POINT('',(-1.049051858595E2,1.091101697583E2,-6.5E-1));
#6874=DIRECTION('',(1.436363636364E-1,-9.896305346145E-1,0.E0));
#6875=DIRECTION('',(9.896305346145E-1,1.436363636364E-1,0.E0));
#6876=AXIS2_PLACEMENT_3D('',#6873,#6874,#6875);
#6877=CYLINDRICAL_SURFACE('',#6876,1.5E-1);
#6878=ORIENTED_EDGE('',*,*,#6777,.F.);
#6880=ORIENTED_EDGE('',*,*,#6879,.T.);
#6882=ORIENTED_EDGE('',*,*,#6881,.T.);
#6883=ORIENTED_EDGE('',*,*,#6865,.F.);
#6884=EDGE_LOOP('',(#6878,#6880,#6882,#6883));
#6885=FACE_OUTER_BOUND('',#6884,.F.);
#6886=ADVANCED_FACE('',(#6885),#6877,.F.);
#6887=CARTESIAN_POINT('',(-1.046821113643E2,1.086170122731E2,
-6.547586331272E-1));
#6888=CARTESIAN_POINT('',(-1.046788256382E2,1.086145607054E2,
-5.625399198671E-1));
#6889=CARTESIAN_POINT('',(-1.047431271775E2,1.086031561318E2,
-4.972992500363E-1));
#6890=CARTESIAN_POINT('',(-1.048344477688E2,1.085899937638E2,
-5.001973398534E-1));
#6891=CARTESIAN_POINT('',(-1.046905300936E2,1.086750159108E2,
-6.529166915663E-1));
#6892=CARTESIAN_POINT('',(-1.046953959136E2,1.087287271326E2,
-5.589144940259E-1));
#6893=CARTESIAN_POINT('',(-1.047654643119E2,1.087570552540E2,
-4.924120877755E-1));
#6894=CARTESIAN_POINT('',(-1.048565287306E2,1.087421278992E2,
-4.953662258441E-1));
#6895=CARTESIAN_POINT('',(-1.046964859733E2,1.087160509261E2,
-6.943816738805E-1));
#6896=CARTESIAN_POINT('',(-1.047071186525E2,1.088094948442E2,
-6.405284939354E-1));
#6897=CARTESIAN_POINT('',(-1.047812668493E2,1.088659320948E2,
-6.024297457753E-1));
#6898=CARTESIAN_POINT('',(-1.048721500371E2,1.088497560897E2,
-6.041221501356E-1));
#6899=CARTESIAN_POINT('',(-1.046962214040E2,1.087142280883E2,
-7.529930806709E-1));
#6900=CARTESIAN_POINT('',(-1.047065979106E2,1.088059070196E2,
-7.558911706209E-1));
#6901=CARTESIAN_POINT('',(-1.047805648765E2,1.088610956198E2,
-7.579414413619E-1));
#6902=CARTESIAN_POINT('',(-1.048714561149E2,1.088449750816E2,
-7.578503652161E-1));
#6903=(BOUNDED_SURFACE()B_SPLINE_SURFACE(3,3,((#6887,#6888,#6889,#6890),(#6891,
#6892,#6893,#6894),(#6895,#6896,#6897,#6898),(#6899,#6900,#6901,#6902)),
.UNSPECIFIED.,.F.,.F.,.F.)B_SPLINE_SURFACE_WITH_KNOTS((4,4),(4,4),(0.E0,1.E0),(
0.E0,1.E0),.UNSPECIFIED.)GEOMETRIC_REPRESENTATION_ITEM()RATIONAL_B_SPLINE_SURFACE(((1.409592816672E0,1.113152727685E0,1.113152727685E0,1.409592816672E0),(
1.113152704435E0,8.790545429965E-1,8.790545429965E-1,1.113152704435E0),(
1.113152704435E0,8.790545429965E-1,8.790545429965E-1,1.113152704435E0),(
1.409592816672E0,1.113152727685E0,1.113152727685E0,1.409592816672E0)))REPRESENTATION_ITEM('')SURFACE());
#6904=ORIENTED_EDGE('',*,*,#6775,.F.);
#6906=ORIENTED_EDGE('',*,*,#6905,.T.);
#6908=ORIENTED_EDGE('',*,*,#6907,.T.);
#6909=ORIENTED_EDGE('',*,*,#6879,.F.);
#6910=EDGE_LOOP('',(#6904,#6906,#6908,#6909));
#6911=FACE_OUTER_BOUND('',#6910,.F.);
#6912=ADVANCED_FACE('',(#6911),#6903,.F.);
#6913=CARTESIAN_POINT('',(-1.048452762485E2,1.086974025536E2,
-2.267092228142E0));
#6914=DIRECTION('',(0.E0,0.E0,1.E0));
#6915=DIRECTION('',(9.896305346145E-1,1.436363636363E-1,0.E0));
#6916=AXIS2_PLACEMENT_3D('',#6913,#6914,#6915);
#6917=CYLINDRICAL_SURFACE('',#6916,1.5E-1);
#6918=ORIENTED_EDGE('',*,*,#6773,.F.);
#6920=ORIENTED_EDGE('',*,*,#6919,.T.);
#6922=ORIENTED_EDGE('',*,*,#6921,.T.);
#6923=ORIENTED_EDGE('',*,*,#6905,.F.);
#6924=EDGE_LOOP('',(#6918,#6920,#6922,#6923));
#6925=FACE_OUTER_BOUND('',#6924,.F.);
#6926=ADVANCED_FACE('',(#6925),#6917,.F.);
#6927=CARTESIAN_POINT('',(-1.049027307940E2,1.090932547674E2,-1.75E0));
#6928=DIRECTION('',(9.896305346145E-1,1.436363636364E-1,0.E0));
#6929=DIRECTION('',(-1.086469562363E-1,7.485593666E-1,-6.541060415376E-1));
#6930=AXIS2_PLACEMENT_3D('',#6927,#6928,#6929);
#6931=TOROIDAL_SURFACE('',#6930,4.E-1,1.5E-1);
#6932=ORIENTED_EDGE('',*,*,#6771,.F.);
#6934=ORIENTED_EDGE('',*,*,#6933,.T.);
#6936=ORIENTED_EDGE('',*,*,#6935,.T.);
#6937=ORIENTED_EDGE('',*,*,#6919,.F.);
#6938=EDGE_LOOP('',(#6932,#6934,#6936,#6937));
#6939=FACE_OUTER_BOUND('',#6938,.F.);
#6940=ADVANCED_FACE('',(#6939),#6931,.F.);
#6941=CARTESIAN_POINT('',(-1.050488222231E2,1.100998002929E2,-2.15E0));
#6942=DIRECTION('',(1.436363636364E-1,-9.896305346145E-1,0.E0));
#6943=DIRECTION('',(9.896305346145E-1,1.436363636364E-1,0.E0));
#6944=AXIS2_PLACEMENT_3D('',#6941,#6942,#6943);
#6945=CYLINDRICAL_SURFACE('',#6944,1.5E-1);
#6946=ORIENTED_EDGE('',*,*,#6769,.F.);
#6948=ORIENTED_EDGE('',*,*,#6947,.T.);
#6950=ORIENTED_EDGE('',*,*,#6949,.T.);
#6951=ORIENTED_EDGE('',*,*,#6933,.F.);
#6952=EDGE_LOOP('',(#6946,#6948,#6950,#6951));
#6953=FACE_OUTER_BOUND('',#6952,.F.);
#6954=ADVANCED_FACE('',(#6953),#6945,.F.);
#6955=CARTESIAN_POINT('',(-1.049745489758E2,1.095880700347E2,-1.75E0));
#6956=DIRECTION('',(9.896305346145E-1,1.436363636364E-1,0.E0));
#6957=DIRECTION('',(-9.395341323906E-2,6.473233115814E-1,7.564028598730E-1));
#6958=AXIS2_PLACEMENT_3D('',#6955,#6956,#6957);
#6959=TOROIDAL_SURFACE('',#6958,4.E-1,1.5E-1);
#6960=ORIENTED_EDGE('',*,*,#6767,.F.);
#6962=ORIENTED_EDGE('',*,*,#6961,.T.);
#6964=ORIENTED_EDGE('',*,*,#6963,.T.);
#6965=ORIENTED_EDGE('',*,*,#6947,.F.);
#6966=EDGE_LOOP('',(#6960,#6962,#6964,#6965));
#6967=FACE_OUTER_BOUND('',#6966,.F.);
#6968=ADVANCED_FACE('',(#6967),#6959,.F.);
#6969=CARTESIAN_POINT('',(-1.050320035212E2,1.099839222486E2,2.267092228142E0));
#6970=DIRECTION('',(0.E0,0.E0,-1.E0));
#6971=DIRECTION('',(9.896305346145E-1,1.436363636363E-1,0.E0));
#6972=AXIS2_PLACEMENT_3D('',#6969,#6970,#6971);
#6973=CYLINDRICAL_SURFACE('',#6972,1.5E-1);
#6974=ORIENTED_EDGE('',*,*,#6765,.F.);
#6976=ORIENTED_EDGE('',*,*,#6975,.T.);
#6978=ORIENTED_EDGE('',*,*,#6977,.T.);
#6979=ORIENTED_EDGE('',*,*,#6961,.F.);
#6980=EDGE_LOOP('',(#6974,#6976,#6978,#6979));
#6981=FACE_OUTER_BOUND('',#6980,.F.);
#6982=ADVANCED_FACE('',(#6981),#6973,.F.);
#6983=CARTESIAN_POINT('',(-1.049745489758E2,1.095880700347E2,1.75E0));
#6984=DIRECTION('',(9.896305346145E-1,1.436363636364E-1,0.E0));
#6985=DIRECTION('',(1.086469562362E-1,-7.485593666E-1,6.541060415377E-1));
#6986=AXIS2_PLACEMENT_3D('',#6983,#6984,#6985);
#6987=TOROIDAL_SURFACE('',#6986,4.E-1,1.5E-1);
#6988=ORIENTED_EDGE('',*,*,#6763,.F.);
#6990=ORIENTED_EDGE('',*,*,#6989,.T.);
#6992=ORIENTED_EDGE('',*,*,#6991,.T.);
#6993=ORIENTED_EDGE('',*,*,#6975,.F.);
#6994=EDGE_LOOP('',(#6988,#6990,#6992,#6993));
#6995=FACE_OUTER_BOUND('',#6994,.F.);
#6996=ADVANCED_FACE('',(#6995),#6987,.F.);
#6997=CARTESIAN_POINT('',(-1.048284575466E2,1.085815245092E2,2.15E0));
#6998=DIRECTION('',(-1.436363636364E-1,9.896305346145E-1,0.E0));
#6999=DIRECTION('',(9.896305346145E-1,1.436363636364E-1,0.E0));
#7000=AXIS2_PLACEMENT_3D('',#6997,#6998,#6999);
#7001=CYLINDRICAL_SURFACE('',#7000,1.5E-1);
#7002=ORIENTED_EDGE('',*,*,#6761,.F.);
#7004=ORIENTED_EDGE('',*,*,#7003,.T.);
#7006=ORIENTED_EDGE('',*,*,#7005,.T.);
#7007=ORIENTED_EDGE('',*,*,#6989,.F.);
#7008=EDGE_LOOP('',(#7002,#7004,#7006,#7007));
#7009=FACE_OUTER_BOUND('',#7008,.F.);
#7010=ADVANCED_FACE('',(#7009),#7001,.F.);
#7011=CARTESIAN_POINT('',(-1.049027307940E2,1.090932547674E2,1.75E0));
#7012=DIRECTION('',(9.896305346145E-1,1.436363636364E-1,0.E0));
#7013=DIRECTION('',(9.395341323906E-2,-6.473233115814E-1,-7.564028598730E-1));
#7014=AXIS2_PLACEMENT_3D('',#7011,#7012,#7013);
#7015=TOROIDAL_SURFACE('',#7014,4.E-1,1.5E-1);
#7016=ORIENTED_EDGE('',*,*,#6759,.F.);
#7018=ORIENTED_EDGE('',*,*,#7017,.T.);
#7020=ORIENTED_EDGE('',*,*,#7019,.T.);
#7021=ORIENTED_EDGE('',*,*,#7003,.F.);
#7022=EDGE_LOOP('',(#7016,#7018,#7020,#7021));
#7023=FACE_OUTER_BOUND('',#7022,.F.);
#7024=ADVANCED_FACE('',(#7023),#7015,.F.);
#7025=CARTESIAN_POINT('',(-1.048452762485E2,1.086974025536E2,
2.329077718579E-1));
#7026=DIRECTION('',(0.E0,0.E0,1.E0));
#7027=DIRECTION('',(9.896305346145E-1,1.436363636363E-1,0.E0));
#7028=AXIS2_PLACEMENT_3D('',#7025,#7026,#7027);
#7029=CYLINDRICAL_SURFACE('',#7028,1.5E-1);
#7030=ORIENTED_EDGE('',*,*,#6757,.F.);
#7031=ORIENTED_EDGE('',*,*,#6812,.T.);
#7033=ORIENTED_EDGE('',*,*,#7032,.T.);
#7034=ORIENTED_EDGE('',*,*,#7017,.F.);
#7035=EDGE_LOOP('',(#7030,#7031,#7033,#7034));
#7036=FACE_OUTER_BOUND('',#7035,.F.);
#7037=ADVANCED_FACE('',(#7036),#7029,.F.);
#7038=CARTESIAN_POINT('',(-1.057080076575E2,1.087237562247E2,5.E-1));
#7039=DIRECTION('',(1.436363636364E-1,-9.896305346145E-1,0.E0));
#7040=DIRECTION('',(0.E0,0.E0,1.E0));
#7041=AXIS2_PLACEMENT_3D('',#7038,#7039,#7040);
#7042=PLANE('',#7041);
#7044=ORIENTED_EDGE('',*,*,#7043,.T.);
#7046=ORIENTED_EDGE('',*,*,#7045,.T.);
#7047=ORIENTED_EDGE('',*,*,#7032,.F.);
#7049=ORIENTED_EDGE('',*,*,#7048,.T.);
#7050=EDGE_LOOP('',(#7044,#7046,#7047,#7049));
#7051=FACE_OUTER_BOUND('',#7050,.F.);
#7052=ADVANCED_FACE('',(#7051),#7042,.T.);
#7053=CARTESIAN_POINT('',(-1.054965091147E2,1.090070729492E2,
2.329077718579E-1));
#7054=DIRECTION('',(0.E0,0.E0,1.E0));
#7055=DIRECTION('',(-9.896305346145E-1,-1.436363636364E-1,0.E0));
#7056=AXIS2_PLACEMENT_3D('',#7053,#7054,#7055);
#7057=CYLINDRICAL_SURFACE('',#7056,2.5E-1);
#7059=ORIENTED_EDGE('',*,*,#7058,.T.);
#7061=ORIENTED_EDGE('',*,*,#7060,.T.);
#7062=ORIENTED_EDGE('',*,*,#7043,.F.);
#7064=ORIENTED_EDGE('',*,*,#7063,.F.);
#7065=EDGE_LOOP('',(#7059,#7061,#7062,#7064));
#7066=FACE_OUTER_BOUND('',#7065,.F.);
#7067=ADVANCED_FACE('',(#7066),#7057,.T.);
#7068=CARTESIAN_POINT('',(-8.807235463351E1,-1.278294506280E1,-6.E0));
#7069=DIRECTION('',(-9.896305346145E-1,-1.436363636364E-1,0.E0));
#7070=DIRECTION('',(0.E0,0.E0,1.E0));
#7071=AXIS2_PLACEMENT_3D('',#7068,#7069,#7070);
#7072=PLANE('',#7071);
#7074=ORIENTED_EDGE('',*,*,#7073,.F.);
#7076=ORIENTED_EDGE('',*,*,#7075,.F.);
#7078=ORIENTED_EDGE('',*,*,#7077,.F.);
#7080=ORIENTED_EDGE('',*,*,#7079,.F.);
#7082=ORIENTED_EDGE('',*,*,#7081,.F.);
#7084=ORIENTED_EDGE('',*,*,#7083,.F.);
#7086=ORIENTED_EDGE('',*,*,#7085,.F.);
#7088=ORIENTED_EDGE('',*,*,#7087,.F.);
#7090=ORIENTED_EDGE('',*,*,#7089,.F.);
#7091=ORIENTED_EDGE('',*,*,#7058,.F.);
#7092=EDGE_LOOP('',(#7074,#7076,#7078,#7080,#7082,#7084,#7086,#7088,#7090,
#7091));
#7093=FACE_OUTER_BOUND('',#7092,.F.);
#7094=ADVANCED_FACE('',(#7093),#7072,.T.);
#7095=CARTESIAN_POINT('',(-1.054246909329E2,1.085122576819E2,7.5E-1));
#7096=DIRECTION('',(-9.896305346145E-1,-1.436363636364E-1,0.E0));
#7097=DIRECTION('',(1.086469562363E-1,-7.485593666E-1,-6.541060415376E-1));
#7098=AXIS2_PLACEMENT_3D('',#7095,#7096,#7097);
#7099=TOROIDAL_SURFACE('',#7098,5.E-1,2.5E-1);
#7100=ORIENTED_EDGE('',*,*,#7073,.T.);
#7101=ORIENTED_EDGE('',*,*,#7063,.T.);
#7103=ORIENTED_EDGE('',*,*,#7102,.F.);
#7105=ORIENTED_EDGE('',*,*,#7104,.F.);
#7106=EDGE_LOOP('',(#7100,#7101,#7103,#7105));
#7107=FACE_OUTER_BOUND('',#7106,.F.);
#7108=ADVANCED_FACE('',(#7107),#7099,.T.);
#7109=CARTESIAN_POINT('',(1.491739474062E2,1.454650610956E2,7.5E-1));
#7110=DIRECTION('',(-9.896305346145E-1,-1.436363636364E-1,0.E0));
#7111=DIRECTION('',(-1.436363636364E-1,9.896305346145E-1,0.E0));
#7112=AXIS2_PLACEMENT_3D('',#7109,#7110,#7111);
#7113=CYLINDRICAL_SURFACE('',#7112,2.5E-1);
#7114=ORIENTED_EDGE('',*,*,#7102,.T.);
#7115=ORIENTED_EDGE('',*,*,#7048,.F.);
#7116=ORIENTED_EDGE('',*,*,#6810,.F.);
#7118=ORIENTED_EDGE('',*,*,#7117,.T.);
#7119=EDGE_LOOP('',(#7114,#7115,#7116,#7118));
#7120=FACE_OUTER_BOUND('',#7119,.F.);
#7121=ADVANCED_FACE('',(#7120),#7113,.F.);
#7122=CARTESIAN_POINT('',(-1.052770985666E2,1.057548646208E2,5.E-1));
#7123=DIRECTION('',(0.E0,0.E0,1.E0));
#7124=DIRECTION('',(-1.436363636364E-1,9.896305346145E-1,0.E0));
#7125=AXIS2_PLACEMENT_3D('',#7122,#7123,#7124);
#7126=PLANE('',#7125);
#7128=ORIENTED_EDGE('',*,*,#7127,.T.);
#7129=ORIENTED_EDGE('',*,*,#7117,.F.);
#7130=ORIENTED_EDGE('',*,*,#6825,.F.);
#7132=ORIENTED_EDGE('',*,*,#7131,.F.);
#7133=EDGE_LOOP('',(#7128,#7129,#7130,#7132));
#7134=FACE_OUTER_BOUND('',#7133,.F.);
#7135=ADVANCED_FACE('',(#7134),#7126,.T.);
#7136=CARTESIAN_POINT('',(-1.049913267765E2,1.055264510872E2,2.5E-1));
#7137=DIRECTION('',(-1.436363636364E-1,9.896305346145E-1,0.E0));
#7138=DIRECTION('',(-9.896305346145E-1,-1.436363636364E-1,0.E0));
#7139=AXIS2_PLACEMENT_3D('',#7136,#7137,#7138);
#7140=CYLINDRICAL_SURFACE('',#7139,2.5E-1);
#7141=ORIENTED_EDGE('',*,*,#7075,.T.);
#7142=ORIENTED_EDGE('',*,*,#7104,.T.);
#7143=ORIENTED_EDGE('',*,*,#7127,.F.);
#7145=ORIENTED_EDGE('',*,*,#7144,.F.);
#7146=EDGE_LOOP('',(#7141,#7142,#7143,#7145));
#7147=FACE_OUTER_BOUND('',#7146,.F.);
#7148=ADVANCED_FACE('',(#7147),#7140,.T.);
#7149=CARTESIAN_POINT('',(-1.050656000238E2,1.060381813454E2,2.5E-1));
#7150=DIRECTION('',(1.015662271983E-1,-6.997743271717E-1,-7.071069173216E-1));
#7151=DIRECTION('',(1.015662663062E-1,-6.997745966186E-1,7.071066450515E-1));
#7152=AXIS2_PLACEMENT_3D('',#7149,#7150,#7151);
#7153=SPHERICAL_SURFACE('',#7152,2.5E-1);
#7155=ORIENTED_EDGE('',*,*,#7154,.F.);
#7157=ORIENTED_EDGE('',*,*,#7156,.F.);
#7158=ORIENTED_EDGE('',*,*,#7144,.T.);
#7159=EDGE_LOOP('',(#7155,#7157,#7158));
#7160=FACE_OUTER_BOUND('',#7159,.F.);
#7161=ADVANCED_FACE('',(#7160),#7153,.T.);
#7162=CARTESIAN_POINT('',(-2.636062482701E2,8.302736932399E1,2.5E-1));
#7163=DIRECTION('',(9.896305346145E-1,1.436363636364E-1,0.E0));
#7164=DIRECTION('',(0.E0,5.567065926705E-14,1.E0));
#7165=AXIS2_PLACEMENT_3D('',#7162,#7163,#7164);
#7166=CYLINDRICAL_SURFACE('',#7165,2.5E-1);
#7167=ORIENTED_EDGE('',*,*,#7154,.T.);
#7168=ORIENTED_EDGE('',*,*,#7131,.T.);
#7169=ORIENTED_EDGE('',*,*,#6839,.F.);
#7171=ORIENTED_EDGE('',*,*,#7170,.F.);
#7172=EDGE_LOOP('',(#7167,#7168,#7169,#7171));
#7173=FACE_OUTER_BOUND('',#7172,.F.);
#7174=ADVANCED_FACE('',(#7173),#7166,.T.);
#7175=CARTESIAN_POINT('',(-1.052770985666E2,1.057548646208E2,-5.E-1));
#7176=DIRECTION('',(1.436363636364E-1,-9.896305346145E-1,0.E0));
#7177=DIRECTION('',(0.E0,0.E0,1.E0));
#7178=AXIS2_PLACEMENT_3D('',#7175,#7176,#7177);
#7179=PLANE('',#7178);
#7181=ORIENTED_EDGE('',*,*,#7180,.T.);
#7182=ORIENTED_EDGE('',*,*,#7170,.T.);
#7183=ORIENTED_EDGE('',*,*,#6853,.F.);
#7185=ORIENTED_EDGE('',*,*,#7184,.F.);
#7186=EDGE_LOOP('',(#7181,#7182,#7183,#7185));
#7187=FACE_OUTER_BOUND('',#7186,.F.);
#7188=ADVANCED_FACE('',(#7187),#7179,.T.);
#7189=CARTESIAN_POINT('',(-1.050656000238E2,1.060381813454E2,
-7.670922281421E-1));
#7190=DIRECTION('',(0.E0,0.E0,1.E0));
#7191=DIRECTION('',(-9.896305346145E-1,-1.436363636364E-1,0.E0));
#7192=AXIS2_PLACEMENT_3D('',#7189,#7190,#7191);
#7193=CYLINDRICAL_SURFACE('',#7192,2.5E-1);
#7194=ORIENTED_EDGE('',*,*,#7077,.T.);
#7195=ORIENTED_EDGE('',*,*,#7156,.T.);
#7196=ORIENTED_EDGE('',*,*,#7180,.F.);
#7198=ORIENTED_EDGE('',*,*,#7197,.F.);
#7199=EDGE_LOOP('',(#7194,#7195,#7196,#7198));
#7200=FACE_OUTER_BOUND('',#7199,.F.);
#7201=ADVANCED_FACE('',(#7200),#7193,.T.);
#7202=CARTESIAN_POINT('',(-1.050656000238E2,1.060381813454E2,-2.5E-1));
#7203=DIRECTION('',(-1.015662663063E-1,6.997745966185E-1,-7.071066450515E-1));
#7204=DIRECTION('',(1.015662271983E-1,-6.997743271717E-1,-7.071069173216E-1));
#7205=AXIS2_PLACEMENT_3D('',#7202,#7203,#7204);
#7206=SPHERICAL_SURFACE('',#7205,2.5E-1);
#7208=ORIENTED_EDGE('',*,*,#7207,.F.);
#7210=ORIENTED_EDGE('',*,*,#7209,.F.);
#7211=ORIENTED_EDGE('',*,*,#7197,.T.);
#7212=EDGE_LOOP('',(#7208,#7210,#7211));
#7213=FACE_OUTER_BOUND('',#7212,.F.);
#7214=ADVANCED_FACE('',(#7213),#7206,.T.);
#7215=CARTESIAN_POINT('',(-2.636062482701E2,8.302736932399E1,-2.5E-1));
#7216=DIRECTION('',(9.896305346145E-1,1.436363636364E-1,0.E0));
#7217=DIRECTION('',(1.436363636364E-1,-9.896305346145E-1,0.E0));
#7218=AXIS2_PLACEMENT_3D('',#7215,#7216,#7217);
#7219=CYLINDRICAL_SURFACE('',#7218,2.5E-1);
#7220=ORIENTED_EDGE('',*,*,#7207,.T.);
#7221=ORIENTED_EDGE('',*,*,#7184,.T.);
#7222=ORIENTED_EDGE('',*,*,#6867,.F.);
#7224=ORIENTED_EDGE('',*,*,#7223,.F.);
#7225=EDGE_LOOP('',(#7220,#7221,#7222,#7224));
#7226=FACE_OUTER_BOUND('',#7225,.F.);
#7227=ADVANCED_FACE('',(#7226),#7219,.T.);
#7228=CARTESIAN_POINT('',(-1.057080076575E2,1.087237562247E2,-5.E-1));
#7229=DIRECTION('',(0.E0,0.E0,-1.E0));
#7230=DIRECTION('',(1.436363636364E-1,-9.896305346145E-1,0.E0));
#7231=AXIS2_PLACEMENT_3D('',#7228,#7229,#7230);
#7232=PLANE('',#7231);
#7234=ORIENTED_EDGE('',*,*,#7233,.T.);
#7235=ORIENTED_EDGE('',*,*,#7223,.T.);
#7236=ORIENTED_EDGE('',*,*,#6881,.F.);
#7238=ORIENTED_EDGE('',*,*,#7237,.T.);
#7239=EDGE_LOOP('',(#7234,#7235,#7236,#7238));
#7240=FACE_OUTER_BOUND('',#7239,.F.);
#7241=ADVANCED_FACE('',(#7240),#7232,.T.);
#7242=CARTESIAN_POINT('',(-1.054989641802E2,1.090239879401E2,-2.5E-1));
#7243=DIRECTION('',(1.436363636364E-1,-9.896305346145E-1,0.E0));
#7244=DIRECTION('',(-9.896305346145E-1,-1.436363636364E-1,0.E0));
#7245=AXIS2_PLACEMENT_3D('',#7242,#7243,#7244);
#7246=CYLINDRICAL_SURFACE('',#7245,2.5E-1);
#7247=ORIENTED_EDGE('',*,*,#7079,.T.);
#7248=ORIENTED_EDGE('',*,*,#7209,.T.);
#7249=ORIENTED_EDGE('',*,*,#7233,.F.);
#7251=ORIENTED_EDGE('',*,*,#7250,.F.);
#7252=EDGE_LOOP('',(#7247,#7248,#7249,#7251));
#7253=FACE_OUTER_BOUND('',#7252,.F.);
#7254=ADVANCED_FACE('',(#7253),#7246,.T.);
#7255=CARTESIAN_POINT('',(-1.054246909329E2,1.085122576819E2,-7.5E-1));
#7256=DIRECTION('',(-9.896305346145E-1,-1.436363636364E-1,0.E0));
#7257=DIRECTION('',(-9.395341323906E-2,6.473233115814E-1,-7.564028598729E-1));
#7258=AXIS2_PLACEMENT_3D('',#7255,#7256,#7257);
#7259=TOROIDAL_SURFACE('',#7258,5.E-1,2.5E-1);
#7260=ORIENTED_EDGE('',*,*,#7081,.T.);
#7261=ORIENTED_EDGE('',*,*,#7250,.T.);
#7263=ORIENTED_EDGE('',*,*,#7262,.F.);
#7265=ORIENTED_EDGE('',*,*,#7264,.F.);
#7266=EDGE_LOOP('',(#7260,#7261,#7263,#7265));
#7267=FACE_OUTER_BOUND('',#7266,.F.);
#7268=ADVANCED_FACE('',(#7267),#7259,.T.);
#7269=CARTESIAN_POINT('',(1.491739474062E2,1.454650610956E2,-7.5E-1));
#7270=DIRECTION('',(-9.896305346145E-1,-1.436363636364E-1,0.E0));
#7271=DIRECTION('',(1.381471592786E-14,-9.518108341874E-14,1.E0));
#7272=AXIS2_PLACEMENT_3D('',#7269,#7270,#7271);
#7273=CYLINDRICAL_SURFACE('',#7272,2.5E-1);
#7274=ORIENTED_EDGE('',*,*,#7262,.T.);
#7275=ORIENTED_EDGE('',*,*,#7237,.F.);
#7276=ORIENTED_EDGE('',*,*,#6907,.F.);
#7278=ORIENTED_EDGE('',*,*,#7277,.T.);
#7279=EDGE_LOOP('',(#7274,#7275,#7276,#7278));
#7280=FACE_OUTER_BOUND('',#7279,.F.);
#7281=ADVANCED_FACE('',(#7280),#7273,.F.);
#7282=CARTESIAN_POINT('',(-1.057080076575E2,1.087237562247E2,-2.E0));
#7283=DIRECTION('',(1.436363636364E-1,-9.896305346145E-1,0.E0));
#7284=DIRECTION('',(0.E0,0.E0,1.E0));
#7285=AXIS2_PLACEMENT_3D('',#7282,#7283,#7284);
#7286=PLANE('',#7285);
#7288=ORIENTED_EDGE('',*,*,#7287,.T.);
#7289=ORIENTED_EDGE('',*,*,#7277,.F.);
#7290=ORIENTED_EDGE('',*,*,#6921,.F.);
#7292=ORIENTED_EDGE('',*,*,#7291,.F.);
#7293=EDGE_LOOP('',(#7288,#7289,#7290,#7292));
#7294=FACE_OUTER_BOUND('',#7293,.F.);
#7295=ADVANCED_FACE('',(#7294),#7286,.T.);
#7296=CARTESIAN_POINT('',(-1.054965091147E2,1.090070729492E2,
-2.267092228142E0));
#7297=DIRECTION('',(0.E0,0.E0,1.E0));
#7298=DIRECTION('',(-9.896305346145E-1,-1.436363636364E-1,0.E0));
#7299=AXIS2_PLACEMENT_3D('',#7296,#7297,#7298);
#7300=CYLINDRICAL_SURFACE('',#7299,2.5E-1);
#7301=ORIENTED_EDGE('',*,*,#7083,.T.);
#7302=ORIENTED_EDGE('',*,*,#7264,.T.);
#7303=ORIENTED_EDGE('',*,*,#7287,.F.);
#7305=ORIENTED_EDGE('',*,*,#7304,.F.);
#7306=EDGE_LOOP('',(#7301,#7302,#7303,#7305));
#7307=FACE_OUTER_BOUND('',#7306,.F.);
#7308=ADVANCED_FACE('',(#7307),#7300,.T.);
#7309=CARTESIAN_POINT('',(-1.054965091147E2,1.090070729492E2,-1.75E0));
#7310=DIRECTION('',(-1.015662663062E-1,6.997745966186E-1,-7.071066450515E-1));
#7311=DIRECTION('',(1.015662271982E-1,-6.997743271717E-1,-7.071069173216E-1));
#7312=AXIS2_PLACEMENT_3D('',#7309,#7310,#7311);
#7313=SPHERICAL_SURFACE('',#7312,2.5E-1);
#7315=ORIENTED_EDGE('',*,*,#7314,.F.);
#7317=ORIENTED_EDGE('',*,*,#7316,.F.);
#7318=ORIENTED_EDGE('',*,*,#7304,.T.);
#7319=EDGE_LOOP('',(#7315,#7317,#7318));
#7320=FACE_OUTER_BOUND('',#7319,.F.);
#7321=ADVANCED_FACE('',(#7320),#7313,.T.);
#7322=CARTESIAN_POINT('',(-2.636062482701E2,8.605880367759E1,-1.75E0));
#7323=DIRECTION('',(9.896305346145E-1,1.436363636364E-1,0.E0));
#7324=DIRECTION('',(1.436363636364E-1,-9.896305346145E-1,0.E0));
#7325=AXIS2_PLACEMENT_3D('',#7322,#7323,#7324);
#7326=CYLINDRICAL_SURFACE('',#7325,2.5E-1);
#7327=ORIENTED_EDGE('',*,*,#7314,.T.);
#7328=ORIENTED_EDGE('',*,*,#7291,.T.);
#7329=ORIENTED_EDGE('',*,*,#6935,.F.);
#7331=ORIENTED_EDGE('',*,*,#7330,.F.);
#7332=EDGE_LOOP('',(#7327,#7328,#7329,#7331));
#7333=FACE_OUTER_BOUND('',#7332,.F.);
#7334=ADVANCED_FACE('',(#7333),#7326,.T.);
#7335=CARTESIAN_POINT('',(-1.058516440211E2,1.097133867593E2,-2.E0));
#7336=DIRECTION('',(0.E0,0.E0,-1.E0));
#7337=DIRECTION('',(1.436363636364E-1,-9.896305346145E-1,0.E0));
#7338=AXIS2_PLACEMENT_3D('',#7335,#7336,#7337);
#7339=PLANE('',#7338);
#7341=ORIENTED_EDGE('',*,*,#7340,.T.);
#7342=ORIENTED_EDGE('',*,*,#7330,.T.);
#7343=ORIENTED_EDGE('',*,*,#6949,.F.);
#7345=ORIENTED_EDGE('',*,*,#7344,.F.);
#7346=EDGE_LOOP('',(#7341,#7342,#7343,#7345));
#7347=FACE_OUTER_BOUND('',#7346,.F.);
#7348=ADVANCED_FACE('',(#7347),#7339,.T.);
#7349=CARTESIAN_POINT('',(-1.056426005439E2,1.100136184747E2,-1.75E0));
#7350=DIRECTION('',(1.436363636364E-1,-9.896305346145E-1,0.E0));
#7351=DIRECTION('',(-9.896305346145E-1,-1.436363636364E-1,0.E0));
#7352=AXIS2_PLACEMENT_3D('',#7349,#7350,#7351);
#7353=CYLINDRICAL_SURFACE('',#7352,2.5E-1);
#7354=ORIENTED_EDGE('',*,*,#7085,.T.);
#7355=ORIENTED_EDGE('',*,*,#7316,.T.);
#7356=ORIENTED_EDGE('',*,*,#7340,.F.);
#7358=ORIENTED_EDGE('',*,*,#7357,.F.);
#7359=EDGE_LOOP('',(#7354,#7355,#7356,#7358));
#7360=FACE_OUTER_BOUND('',#7359,.F.);
#7361=ADVANCED_FACE('',(#7360),#7353,.T.);
#7362=CARTESIAN_POINT('',(-1.055683272965E2,1.095018882165E2,-1.75E0));
#7363=DIRECTION('',(-1.015662271983E-1,6.997743271717E-1,7.071069173216E-1));
#7364=DIRECTION('',(-1.015662663062E-1,6.997745966186E-1,-7.071066450515E-1));
#7365=AXIS2_PLACEMENT_3D('',#7362,#7363,#7364);
#7366=SPHERICAL_SURFACE('',#7365,2.5E-1);
#7368=ORIENTED_EDGE('',*,*,#7367,.F.);
#7370=ORIENTED_EDGE('',*,*,#7369,.F.);
#7371=ORIENTED_EDGE('',*,*,#7357,.T.);
#7372=EDGE_LOOP('',(#7368,#7370,#7371));
#7373=FACE_OUTER_BOUND('',#7372,.F.);
#7374=ADVANCED_FACE('',(#7373),#7366,.T.);
#7375=CARTESIAN_POINT('',(-2.636062482701E2,8.656404273652E1,-1.75E0));
#7376=DIRECTION('',(9.896305346145E-1,1.436363636364E-1,0.E0));
#7377=DIRECTION('',(0.E0,-5.567065926705E-14,-1.E0));
#7378=AXIS2_PLACEMENT_3D('',#7375,#7376,#7377);
#7379=CYLINDRICAL_SURFACE('',#7378,2.5E-1);
#7380=ORIENTED_EDGE('',*,*,#7367,.T.);
#7381=ORIENTED_EDGE('',*,*,#7344,.T.);
#7382=ORIENTED_EDGE('',*,*,#6963,.F.);
#7384=ORIENTED_EDGE('',*,*,#7383,.F.);
#7385=EDGE_LOOP('',(#7380,#7381,#7382,#7384));
#7386=FACE_OUTER_BOUND('',#7385,.F.);
#7387=ADVANCED_FACE('',(#7386),#7379,.T.);
#7388=CARTESIAN_POINT('',(-1.058516440211E2,1.097133867593E2,2.E0));
#7389=DIRECTION('',(-1.436363636364E-1,9.896305346145E-1,0.E0));
#7390=DIRECTION('',(0.E0,0.E0,-1.E0));
#7391=AXIS2_PLACEMENT_3D('',#7388,#7389,#7390);
#7392=PLANE('',#7391);
#7394=ORIENTED_EDGE('',*,*,#7393,.T.);
#7395=ORIENTED_EDGE('',*,*,#7383,.T.);
#7396=ORIENTED_EDGE('',*,*,#6977,.F.);
#7398=ORIENTED_EDGE('',*,*,#7397,.F.);
#7399=EDGE_LOOP('',(#7394,#7395,#7396,#7398));
#7400=FACE_OUTER_BOUND('',#7399,.F.);
#7401=ADVANCED_FACE('',(#7400),#7392,.T.);
#7402=CARTESIAN_POINT('',(-1.055683272965E2,1.095018882165E2,2.267092228142E0));
#7403=DIRECTION('',(0.E0,0.E0,-1.E0));
#7404=DIRECTION('',(-9.896305346145E-1,-1.436363636363E-1,0.E0));
#7405=AXIS2_PLACEMENT_3D('',#7402,#7403,#7404);
#7406=CYLINDRICAL_SURFACE('',#7405,2.5E-1);
#7407=ORIENTED_EDGE('',*,*,#7087,.T.);
#7408=ORIENTED_EDGE('',*,*,#7369,.T.);
#7409=ORIENTED_EDGE('',*,*,#7393,.F.);
#7411=ORIENTED_EDGE('',*,*,#7410,.F.);
#7412=EDGE_LOOP('',(#7407,#7408,#7409,#7411));
#7413=FACE_OUTER_BOUND('',#7412,.F.);
#7414=ADVANCED_FACE('',(#7413),#7406,.T.);
#7415=CARTESIAN_POINT('',(-1.055683272965E2,1.095018882165E2,1.75E0));
#7416=DIRECTION('',(1.015662663062E-1,-6.997745966186E-1,7.071066450515E-1));
#7417=DIRECTION('',(-1.015662271983E-1,6.997743271717E-1,7.071069173216E-1));
#7418=AXIS2_PLACEMENT_3D('',#7415,#7416,#7417);
#7419=SPHERICAL_SURFACE('',#7418,2.5E-1);
#7421=ORIENTED_EDGE('',*,*,#7420,.F.);
#7423=ORIENTED_EDGE('',*,*,#7422,.F.);
#7424=ORIENTED_EDGE('',*,*,#7410,.T.);
#7425=EDGE_LOOP('',(#7421,#7423,#7424));
#7426=FACE_OUTER_BOUND('',#7425,.F.);
#7427=ADVANCED_FACE('',(#7426),#7419,.T.);
#7428=CARTESIAN_POINT('',(-2.636062482701E2,8.656404273652E1,1.75E0));
#7429=DIRECTION('',(9.896305346145E-1,1.436363636364E-1,0.E0));
#7430=DIRECTION('',(-1.436363636364E-1,9.896305346145E-1,0.E0));
#7431=AXIS2_PLACEMENT_3D('',#7428,#7429,#7430);
#7432=CYLINDRICAL_SURFACE('',#7431,2.5E-1);
#7433=ORIENTED_EDGE('',*,*,#7420,.T.);
#7434=ORIENTED_EDGE('',*,*,#7397,.T.);
#7435=ORIENTED_EDGE('',*,*,#6991,.F.);
#7437=ORIENTED_EDGE('',*,*,#7436,.F.);
#7438=EDGE_LOOP('',(#7433,#7434,#7435,#7437));
#7439=FACE_OUTER_BOUND('',#7438,.F.);
#7440=ADVANCED_FACE('',(#7439),#7432,.T.);
#7441=CARTESIAN_POINT('',(-1.057080076575E2,1.087237562247E2,2.E0));
#7442=DIRECTION('',(0.E0,0.E0,1.E0));
#7443=DIRECTION('',(-1.436363636364E-1,9.896305346145E-1,0.E0));
#7444=AXIS2_PLACEMENT_3D('',#7441,#7442,#7443);
#7445=PLANE('',#7444);
#7447=ORIENTED_EDGE('',*,*,#7446,.T.);
#7448=ORIENTED_EDGE('',*,*,#7436,.T.);
#7449=ORIENTED_EDGE('',*,*,#7005,.F.);
#7451=ORIENTED_EDGE('',*,*,#7450,.F.);
#7452=EDGE_LOOP('',(#7447,#7448,#7449,#7451));
#7453=FACE_OUTER_BOUND('',#7452,.F.);
#7454=ADVANCED_FACE('',(#7453),#7445,.T.);
#7455=CARTESIAN_POINT('',(-1.054222358674E2,1.084953426910E2,1.75E0));
#7456=DIRECTION('',(-1.436363636364E-1,9.896305346145E-1,0.E0));
#7457=DIRECTION('',(-9.896305346145E-1,-1.436363636364E-1,0.E0));
#7458=AXIS2_PLACEMENT_3D('',#7455,#7456,#7457);
#7459=CYLINDRICAL_SURFACE('',#7458,2.5E-1);
#7460=ORIENTED_EDGE('',*,*,#7089,.T.);
#7461=ORIENTED_EDGE('',*,*,#7422,.T.);
#7462=ORIENTED_EDGE('',*,*,#7446,.F.);
#7464=ORIENTED_EDGE('',*,*,#7463,.F.);
#7465=EDGE_LOOP('',(#7460,#7461,#7462,#7464));
#7466=FACE_OUTER_BOUND('',#7465,.F.);
#7467=ADVANCED_FACE('',(#7466),#7459,.T.);
#7468=CARTESIAN_POINT('',(-1.054965091147E2,1.090070729492E2,1.75E0));
#7469=DIRECTION('',(1.015662271984E-1,-6.997743271717E-1,-7.071069173216E-1));
#7470=DIRECTION('',(1.015662663061E-1,-6.997745966186E-1,7.071066450515E-1));
#7471=AXIS2_PLACEMENT_3D('',#7468,#7469,#7470);
#7472=SPHERICAL_SURFACE('',#7471,2.5E-1);
#7474=ORIENTED_EDGE('',*,*,#7473,.F.);
#7475=ORIENTED_EDGE('',*,*,#7060,.F.);
#7476=ORIENTED_EDGE('',*,*,#7463,.T.);
#7477=EDGE_LOOP('',(#7474,#7475,#7476));
#7478=FACE_OUTER_BOUND('',#7477,.F.);
#7479=ADVANCED_FACE('',(#7478),#7472,.T.);
#7480=CARTESIAN_POINT('',(-2.636062482701E2,8.605880367759E1,1.75E0));
#7481=DIRECTION('',(9.896305346145E-1,1.436363636364E-1,0.E0));
#7482=DIRECTION('',(0.E0,-5.567065926705E-14,1.E0));
#7483=AXIS2_PLACEMENT_3D('',#7480,#7481,#7482);
#7484=CYLINDRICAL_SURFACE('',#7483,2.5E-1);
#7485=ORIENTED_EDGE('',*,*,#7473,.T.);
#7486=ORIENTED_EDGE('',*,*,#7450,.T.);
#7487=ORIENTED_EDGE('',*,*,#7019,.F.);
#7488=ORIENTED_EDGE('',*,*,#7045,.F.);
#7489=EDGE_LOOP('',(#7485,#7486,#7487,#7488));
#7490=FACE_OUTER_BOUND('',#7489,.F.);
#7491=ADVANCED_FACE('',(#7490),#7484,.T.);
#7492=CARTESIAN_POINT('',(-1.050678367557E2,9.735106040862E1,4.E0));
#7493=DIRECTION('',(-1.436363636364E-1,9.896305346145E-1,0.E0));
#7494=DIRECTION('',(0.E0,0.E0,1.E0));
#7495=AXIS2_PLACEMENT_3D('',#7492,#7493,#7494);
#7496=CYLINDRICAL_SURFACE('',#7495,2.E0);
#7497=ORIENTED_EDGE('',*,*,#6678,.T.);
#7499=ORIENTED_EDGE('',*,*,#7498,.F.);
#7501=ORIENTED_EDGE('',*,*,#7500,.T.);
#7502=ORIENTED_EDGE('',*,*,#6750,.T.);
#7503=EDGE_LOOP('',(#7497,#7499,#7501,#7502));
#7504=FACE_OUTER_BOUND('',#7503,.F.);
#7505=ADVANCED_FACE('',(#7504),#7496,.F.);
#7506=CARTESIAN_POINT('',(0.E0,0.E0,6.E0));
#7507=DIRECTION('',(0.E0,0.E0,1.E0));
#7508=DIRECTION('',(1.E0,0.E0,0.E0));
#7509=AXIS2_PLACEMENT_3D('',#7506,#7507,#7508);
#7510=PLANE('',#7509);
#7511=ORIENTED_EDGE('',*,*,#7498,.T.);
#7512=ORIENTED_EDGE('',*,*,#6676,.T.);
#7514=ORIENTED_EDGE('',*,*,#7513,.T.);
#7516=ORIENTED_EDGE('',*,*,#7515,.T.);
#7517=EDGE_LOOP('',(#7511,#7512,#7514,#7516));
#7518=FACE_OUTER_BOUND('',#7517,.F.);
#7519=ADVANCED_FACE('',(#7518),#7510,.F.);
#7520=CARTESIAN_POINT('',(-1.121759180474E2,1.304E2,-1.E1));
#7521=DIRECTION('',(-9.812660058548E-1,-1.926577944279E-1,0.E0));
#7522=DIRECTION('',(1.926577944279E-1,-9.812660058548E-1,0.E0));
#7523=AXIS2_PLACEMENT_3D('',#7520,#7521,#7522);
#7524=PLANE('',#7523);
#7525=ORIENTED_EDGE('',*,*,#6708,.T.);
#7526=ORIENTED_EDGE('',*,*,#6723,.F.);
#7528=ORIENTED_EDGE('',*,*,#7527,.T.);
#7530=ORIENTED_EDGE('',*,*,#7529,.F.);
#7532=ORIENTED_EDGE('',*,*,#7531,.F.);
#7534=ORIENTED_EDGE('',*,*,#7533,.F.);
#7535=ORIENTED_EDGE('',*,*,#6639,.T.);
#7536=EDGE_LOOP('',(#7525,#7526,#7528,#7530,#7532,#7534,#7535));
#7537=FACE_OUTER_BOUND('',#7536,.F.);
#7538=ADVANCED_FACE('',(#7537),#7524,.T.);
#7539=CARTESIAN_POINT('',(-1.121759180474E2,1.304E2,-1.E1));
#7540=DIRECTION('',(-9.812660058548E-1,-1.926577944279E-1,0.E0));
#7541=DIRECTION('',(1.926577944279E-1,-9.812660058548E-1,0.E0));
#7542=AXIS2_PLACEMENT_3D('',#7539,#7540,#7541);
#7543=PLANE('',#7542);
#7545=ORIENTED_EDGE('',*,*,#7544,.T.);
#7547=ORIENTED_EDGE('',*,*,#7546,.F.);
#7548=ORIENTED_EDGE('',*,*,#7513,.F.);
#7549=ORIENTED_EDGE('',*,*,#6674,.T.);
#7551=ORIENTED_EDGE('',*,*,#7550,.F.);
#7553=ORIENTED_EDGE('',*,*,#7552,.T.);
#7555=ORIENTED_EDGE('',*,*,#7554,.F.);
#7556=EDGE_LOOP('',(#7545,#7547,#7548,#7549,#7551,#7553,#7555));
#7557=FACE_OUTER_BOUND('',#7556,.F.);
#7558=ADVANCED_FACE('',(#7557),#7543,.T.);
#7559=CARTESIAN_POINT('',(-9.1E1,8.397032059620E1,-1.E1));
#7560=DIRECTION('',(0.E0,0.E0,1.E0));
#7561=DIRECTION('',(1.E0,0.E0,0.E0));
#7562=AXIS2_PLACEMENT_3D('',#7559,#7560,#7561);
#7563=CYLINDRICAL_SURFACE('',#7562,1.3E1);
#7564=ORIENTED_EDGE('',*,*,#7527,.F.);
#7565=ORIENTED_EDGE('',*,*,#6738,.F.);
#7566=ORIENTED_EDGE('',*,*,#7544,.F.);
#7567=ORIENTED_EDGE('',*,*,#6615,.T.);
#7568=ORIENTED_EDGE('',*,*,#6347,.F.);
#7569=ORIENTED_EDGE('',*,*,#6278,.F.);
#7570=ORIENTED_EDGE('',*,*,#6265,.T.);
#7572=ORIENTED_EDGE('',*,*,#7571,.F.);
#7573=EDGE_LOOP('',(#7564,#7565,#7566,#7567,#7568,#7569,#7570,#7572));
#7574=FACE_OUTER_BOUND('',#7573,.F.);
#7575=ADVANCED_FACE('',(#7574),#7563,.T.);
#7576=CARTESIAN_POINT('',(-9.1E1,8.397032059620E1,-1.2E1));
#7577=DIRECTION('',(0.E0,0.E0,1.E0));
#7578=DIRECTION('',(9.875419049225E-1,-1.573562392217E-1,0.E0));
#7579=AXIS2_PLACEMENT_3D('',#7576,#7577,#7578);
#7580=TOROIDAL_SURFACE('',#7579,1.5E1,2.E0);
#7581=ORIENTED_EDGE('',*,*,#7571,.T.);
#7583=ORIENTED_EDGE('',*,*,#7582,.F.);
#7585=ORIENTED_EDGE('',*,*,#7584,.F.);
#7586=ORIENTED_EDGE('',*,*,#7529,.T.);
#7587=EDGE_LOOP('',(#7581,#7583,#7585,#7586));
#7588=FACE_OUTER_BOUND('',#7587,.F.);
#7589=ADVANCED_FACE('',(#7588),#7580,.F.);
#7590=CARTESIAN_POINT('',(-8.685652901748E1,9.839595862679E1,-1.2E1));
#7591=DIRECTION('',(9.510565162952E-1,-3.090169943749E-1,0.E0));
#7592=DIRECTION('',(0.E0,0.E0,1.E0));
#7593=AXIS2_PLACEMENT_3D('',#7590,#7591,#7592);
#7594=CYLINDRICAL_SURFACE('',#7593,2.E0);
#7596=ORIENTED_EDGE('',*,*,#7595,.F.);
#7597=ORIENTED_EDGE('',*,*,#7582,.T.);
#7598=ORIENTED_EDGE('',*,*,#6263,.T.);
#7600=ORIENTED_EDGE('',*,*,#7599,.F.);
#7601=EDGE_LOOP('',(#7596,#7597,#7598,#7600));
#7602=FACE_OUTER_BOUND('',#7601,.F.);
#7603=ADVANCED_FACE('',(#7602),#7594,.F.);
#7604=CARTESIAN_POINT('',(0.E0,0.E0,-1.E1));
#7605=DIRECTION('',(0.E0,0.E0,1.E0));
#7606=DIRECTION('',(1.E0,0.E0,0.E0));
#7607=AXIS2_PLACEMENT_3D('',#7604,#7605,#7606);
#7608=PLANE('',#7607);
#7610=ORIENTED_EDGE('',*,*,#7609,.F.);
#7612=ORIENTED_EDGE('',*,*,#7611,.F.);
#7614=ORIENTED_EDGE('',*,*,#7613,.T.);
#7616=ORIENTED_EDGE('',*,*,#7615,.F.);
#7617=EDGE_LOOP('',(#7610,#7612,#7614,#7616));
#7618=FACE_OUTER_BOUND('',#7617,.F.);
#7619=ADVANCED_FACE('',(#7618),#7608,.F.);
#7620=CARTESIAN_POINT('',(0.E0,0.E0,-1.E1));
#7621=DIRECTION('',(0.E0,0.E0,1.E0));
#7622=DIRECTION('',(1.E0,0.E0,0.E0));
#7623=AXIS2_PLACEMENT_3D('',#7620,#7621,#7622);
#7624=PLANE('',#7623);
#7625=ORIENTED_EDGE('',*,*,#7531,.T.);
#7626=ORIENTED_EDGE('',*,*,#7584,.T.);
#7627=ORIENTED_EDGE('',*,*,#7595,.T.);
#7629=ORIENTED_EDGE('',*,*,#7628,.T.);
#7631=ORIENTED_EDGE('',*,*,#7630,.T.);
#7633=ORIENTED_EDGE('',*,*,#7632,.F.);
#7635=ORIENTED_EDGE('',*,*,#7634,.T.);
#7637=ORIENTED_EDGE('',*,*,#7636,.F.);
#7638=EDGE_LOOP('',(#7625,#7626,#7627,#7629,#7631,#7633,#7635,#7637));
#7639=FACE_OUTER_BOUND('',#7638,.F.);
#7640=ADVANCED_FACE('',(#7639),#7624,.F.);
#7641=CARTESIAN_POINT('',(-2.6E1,4.971012396328E1,-1.8E1));
#7642=DIRECTION('',(0.E0,1.E0,0.E0));
#7643=DIRECTION('',(-1.E0,0.E0,0.E0));
#7644=AXIS2_PLACEMENT_3D('',#7641,#7642,#7643);
#7645=CYLINDRICAL_SURFACE('',#7644,8.E0);
#7647=ORIENTED_EDGE('',*,*,#7646,.F.);
#7649=ORIENTED_EDGE('',*,*,#7648,.T.);
#7650=ORIENTED_EDGE('',*,*,#7609,.T.);
#7652=ORIENTED_EDGE('',*,*,#7651,.T.);
#7654=ORIENTED_EDGE('',*,*,#7653,.T.);
#7655=EDGE_LOOP('',(#7647,#7649,#7650,#7652,#7654));
#7656=FACE_OUTER_BOUND('',#7655,.F.);
#7657=ADVANCED_FACE('',(#7656),#7645,.F.);
#7658=CARTESIAN_POINT('',(-3.4E1,0.E0,0.E0));
#7659=DIRECTION('',(1.E0,0.E0,0.E0));
#7660=DIRECTION('',(0.E0,1.E0,0.E0));
#7661=AXIS2_PLACEMENT_3D('',#7658,#7659,#7660);
#7662=PLANE('',#7661);
#7664=ORIENTED_EDGE('',*,*,#7663,.T.);
#7666=ORIENTED_EDGE('',*,*,#7665,.F.);
#7668=ORIENTED_EDGE('',*,*,#7667,.F.);
#7670=ORIENTED_EDGE('',*,*,#7669,.F.);
#7672=ORIENTED_EDGE('',*,*,#7671,.F.);
#7674=ORIENTED_EDGE('',*,*,#7673,.T.);
#7676=ORIENTED_EDGE('',*,*,#7675,.T.);
#7677=ORIENTED_EDGE('',*,*,#7646,.T.);
#7679=ORIENTED_EDGE('',*,*,#7678,.F.);
#7681=ORIENTED_EDGE('',*,*,#7680,.F.);
#7683=ORIENTED_EDGE('',*,*,#7682,.F.);
#7684=EDGE_LOOP('',(#7664,#7666,#7668,#7670,#7672,#7674,#7676,#7677,#7679,#7681,
#7683));
#7685=FACE_OUTER_BOUND('',#7684,.F.);
#7686=ADVANCED_FACE('',(#7685),#7662,.T.);
#7687=CARTESIAN_POINT('',(-3.4E1,0.E0,0.E0));
#7688=DIRECTION('',(1.E0,0.E0,0.E0));
#7689=DIRECTION('',(0.E0,1.E0,0.E0));
#7690=AXIS2_PLACEMENT_3D('',#7687,#7688,#7689);
#7691=PLANE('',#7690);
#7693=ORIENTED_EDGE('',*,*,#7692,.F.);
#7695=ORIENTED_EDGE('',*,*,#7694,.F.);
#7697=ORIENTED_EDGE('',*,*,#7696,.T.);
#7698=ORIENTED_EDGE('',*,*,#6148,.F.);
#7699=ORIENTED_EDGE('',*,*,#6112,.F.);
#7701=ORIENTED_EDGE('',*,*,#7700,.F.);
#7703=ORIENTED_EDGE('',*,*,#7702,.F.);
#7705=ORIENTED_EDGE('',*,*,#7704,.F.);
#7707=ORIENTED_EDGE('',*,*,#7706,.F.);
#7708=EDGE_LOOP('',(#7693,#7695,#7697,#7698,#7699,#7701,#7703,#7705,#7707));
#7709=FACE_OUTER_BOUND('',#7708,.F.);
#7710=ADVANCED_FACE('',(#7709),#7691,.T.);
#7711=CARTESIAN_POINT('',(-2.636062482701E2,8.5E1,-4.222949016875E1));
#7712=DIRECTION('',(1.E0,0.E0,0.E0));
#7713=DIRECTION('',(0.E0,-1.E0,0.E0));
#7714=AXIS2_PLACEMENT_3D('',#7711,#7712,#7713);
#7715=CYLINDRICAL_SURFACE('',#7714,1.E1);
#7716=ORIENTED_EDGE('',*,*,#7663,.F.);
#7718=ORIENTED_EDGE('',*,*,#7717,.T.);
#7720=ORIENTED_EDGE('',*,*,#7719,.F.);
#7721=ORIENTED_EDGE('',*,*,#6212,.F.);
#7723=ORIENTED_EDGE('',*,*,#7722,.F.);
#7725=ORIENTED_EDGE('',*,*,#7724,.T.);
#7727=ORIENTED_EDGE('',*,*,#7726,.T.);
#7729=ORIENTED_EDGE('',*,*,#7728,.T.);
#7731=ORIENTED_EDGE('',*,*,#7730,.F.);
#7732=EDGE_LOOP('',(#7716,#7718,#7720,#7721,#7723,#7725,#7727,#7729,#7731));
#7733=FACE_OUTER_BOUND('',#7732,.F.);
#7734=ADVANCED_FACE('',(#7733),#7715,.F.);
#7735=CARTESIAN_POINT('',(-3.4E1,7.5E1,-4.754356076261E1));
#7736=DIRECTION('',(0.E0,1.E0,0.E0));
#7737=DIRECTION('',(0.E0,0.E0,1.E0));
#7738=AXIS2_PLACEMENT_3D('',#7735,#7736,#7737);
#7739=PLANE('',#7738);
#7741=ORIENTED_EDGE('',*,*,#7740,.T.);
#7743=ORIENTED_EDGE('',*,*,#7742,.F.);
#7744=ORIENTED_EDGE('',*,*,#7717,.F.);
#7745=ORIENTED_EDGE('',*,*,#7682,.T.);
#7746=EDGE_LOOP('',(#7741,#7743,#7744,#7745));
#7747=FACE_OUTER_BOUND('',#7746,.F.);
#7748=ADVANCED_FACE('',(#7747),#7739,.T.);
#7749=CARTESIAN_POINT('',(-2.636062482701E2,8.5E1,-2.6E1));
#7750=DIRECTION('',(1.E0,0.E0,0.E0));
#7751=DIRECTION('',(0.E0,0.E0,1.E0));
#7752=AXIS2_PLACEMENT_3D('',#7749,#7750,#7751);
#7753=CYLINDRICAL_SURFACE('',#7752,1.E1);
#7754=ORIENTED_EDGE('',*,*,#6194,.T.);
#7755=ORIENTED_EDGE('',*,*,#6258,.F.);
#7756=ORIENTED_EDGE('',*,*,#6317,.T.);
#7758=ORIENTED_EDGE('',*,*,#7757,.F.);
#7759=ORIENTED_EDGE('',*,*,#7740,.F.);
#7760=ORIENTED_EDGE('',*,*,#7680,.T.);
#7762=ORIENTED_EDGE('',*,*,#7761,.F.);
#7763=EDGE_LOOP('',(#7754,#7755,#7756,#7758,#7759,#7760,#7762));
#7764=FACE_OUTER_BOUND('',#7763,.F.);
#7765=ADVANCED_FACE('',(#7764),#7753,.F.);
#7766=CARTESIAN_POINT('',(-7.4E1,4.620833289627E2,-4.4E1));
#7767=DIRECTION('',(0.E0,-1.E0,0.E0));
#7768=DIRECTION('',(1.E0,0.E0,0.E0));
#7769=AXIS2_PLACEMENT_3D('',#7766,#7767,#7768);
#7770=CYLINDRICAL_SURFACE('',#7769,2.8E1);
#7772=ORIENTED_EDGE('',*,*,#7771,.T.);
#7773=ORIENTED_EDGE('',*,*,#6002,.T.);
#7775=ORIENTED_EDGE('',*,*,#7774,.T.);
#7776=ORIENTED_EDGE('',*,*,#6214,.F.);
#7777=ORIENTED_EDGE('',*,*,#7719,.T.);
#7778=ORIENTED_EDGE('',*,*,#7742,.T.);
#7779=ORIENTED_EDGE('',*,*,#7757,.T.);
#7780=ORIENTED_EDGE('',*,*,#6315,.T.);
#7782=ORIENTED_EDGE('',*,*,#7781,.T.);
#7783=EDGE_LOOP('',(#7772,#7773,#7775,#7776,#7777,#7778,#7779,#7780,#7782));
#7784=FACE_OUTER_BOUND('',#7783,.F.);
#7785=ADVANCED_FACE('',(#7784),#7770,.F.);
#7786=CARTESIAN_POINT('',(-2.636062482701E2,8.919641248391E1,-1.E2));
#7787=DIRECTION('',(1.E0,0.E0,0.E0));
#7788=DIRECTION('',(0.E0,0.E0,1.E0));
#7789=AXIS2_PLACEMENT_3D('',#7786,#7787,#7788);
#7790=CYLINDRICAL_SURFACE('',#7789,9.E1);
#7791=ORIENTED_EDGE('',*,*,#7628,.F.);
#7793=ORIENTED_EDGE('',*,*,#7792,.T.);
#7795=ORIENTED_EDGE('',*,*,#7794,.T.);
#7796=EDGE_LOOP('',(#7791,#7793,#7795));
#7797=FACE_OUTER_BOUND('',#7796,.F.);
#7798=ADVANCED_FACE('',(#7797),#7790,.F.);
#7799=CARTESIAN_POINT('',(-2.636062482701E2,8.919641248391E1,-1.E2));
#7800=DIRECTION('',(1.E0,0.E0,0.E0));
#7801=DIRECTION('',(0.E0,0.E0,1.E0));
#7802=AXIS2_PLACEMENT_3D('',#7799,#7800,#7801);
#7803=CYLINDRICAL_SURFACE('',#7802,9.E1);
#7804=ORIENTED_EDGE('',*,*,#7771,.F.);
#7806=ORIENTED_EDGE('',*,*,#7805,.F.);
#7807=ORIENTED_EDGE('',*,*,#6340,.T.);
#7809=ORIENTED_EDGE('',*,*,#7808,.T.);
#7810=ORIENTED_EDGE('',*,*,#5944,.T.);
#7811=ORIENTED_EDGE('',*,*,#6004,.T.);
#7812=EDGE_LOOP('',(#7804,#7806,#7807,#7809,#7810,#7811));
#7813=FACE_OUTER_BOUND('',#7812,.F.);
#7814=ADVANCED_FACE('',(#7813),#7803,.F.);
#7815=CARTESIAN_POINT('',(-5.880393127526E1,8.970257256709E1,
-1.004066591007E1));
#7816=CARTESIAN_POINT('',(-5.867574575790E1,8.966092256773E1,
-1.004060690236E1));
#7817=CARTESIAN_POINT('',(-5.695523018064E1,8.910189316900E1,
-1.004021089422E1));
#7818=CARTESIAN_POINT('',(-5.363226852230E1,8.802219747639E1,
-1.004971184549E1));
#7819=CARTESIAN_POINT('',(-4.917166751781E1,8.657286035299E1,
-1.008806540246E1));
#7820=CARTESIAN_POINT('',(-4.630349827643E1,8.564093567433E1,
-1.012752583811E1));
#7821=CARTESIAN_POINT('',(-4.503768399118E1,8.522964768128E1,
-1.014782867103E1));
#7822=CARTESIAN_POINT('',(-5.928479431959E1,8.822307919259E1,
-9.722429980444E0));
#7823=CARTESIAN_POINT('',(-5.915656463003E1,8.818141484081E1,
-9.722370952401E0));
#7824=CARTESIAN_POINT('',(-5.743545617183E1,8.762219280339E1,
-9.721974807832E0));
#7825=CARTESIAN_POINT('',(-5.411134943780E1,8.654212505312E1,
-9.731479032396E0));
#7826=CARTESIAN_POINT('',(-4.964921003897E1,8.509228807510E1,
-9.769845814135E0));
#7827=CARTESIAN_POINT('',(-4.678005010733E1,8.416004150167E1,
-9.809319877730E0));
#7828=CARTESIAN_POINT('',(-4.551379818936E1,8.374861131313E1,
-9.829629730058E0));
#7829=CARTESIAN_POINT('',(-5.963129410328E1,8.715507163112E1,
-1.084523974534E1));
#7830=CARTESIAN_POINT('',(-5.950322026343E1,8.711345791798E1,
-1.084518078903E1));
#7831=CARTESIAN_POINT('',(-5.778420362593E1,8.655491555431E1,
-1.084478512583E1));
#7832=CARTESIAN_POINT('',(-5.446413698308E1,8.547616050924E1,
-1.085427780146E1));
#7833=CARTESIAN_POINT('',(-5.000742539433E1,8.402808713363E1,
-1.089259792315E1));
#7834=CARTESIAN_POINT('',(-4.714176084643E1,8.309697627922E1,
-1.093202390422E1));
#7835=CARTESIAN_POINT('',(-4.587705299765E1,8.268604778917E1,
-1.095230899047E1));
#7836=CARTESIAN_POINT('',(-5.953230598529E1,8.745752153236E1,
-1.240091626359E1));
#7837=CARTESIAN_POINT('',(-5.940444807849E1,8.741597798012E1,
-1.240085740664E1));
#7838=CARTESIAN_POINT('',(-5.768832970252E1,8.685837731870E1,
-1.240046241039E1));
#7839=CARTESIAN_POINT('',(-5.437386069088E1,8.578144105426E1,
-1.240993908475E1));
#7840=CARTESIAN_POINT('',(-4.992466944704E1,8.433581118683E1,
-1.244819455794E1));
#7841=CARTESIAN_POINT('',(-4.706384782674E1,8.340627389499E1,
-1.248755391967E1));
#7842=CARTESIAN_POINT('',(-4.580127931828E1,8.299604051874E1,
-1.250780469201E1));
#7843=(BOUNDED_SURFACE()B_SPLINE_SURFACE(3,3,((#7815,#7816,#7817,#7818,#7819,
#7820,#7821),(#7822,#7823,#7824,#7825,#7826,#7827,#7828),(#7829,#7830,#7831,
#7832,#7833,#7834,#7835),(#7836,#7837,#7838,#7839,#7840,#7841,#7842)),
.UNSPECIFIED.,.F.,.F.,.F.)B_SPLINE_SURFACE_WITH_KNOTS((4,4),(4,1,1,1,4),(0.E0,
1.E0),(-1.819693066701E-3,0.E0,2.260435734610E-2,4.535223865624E-2,
6.332342254910E-2),.UNSPECIFIED.)GEOMETRIC_REPRESENTATION_ITEM()RATIONAL_B_SPLINE_SURFACE(((1.289452064251E0,1.289452064251E0,1.289452064251E0,1.289452064251E0,
1.289452064251E0,1.289452064251E0,1.289452064251E0),(9.035159785831E-1,
9.035159785831E-1,9.035159785831E-1,9.035159785831E-1,9.035159785831E-1,
9.035159785831E-1,9.035159785831E-1),(9.035159785831E-1,9.035159785831E-1,
9.035159785831E-1,9.035159785831E-1,9.035159785831E-1,9.035159785831E-1,
9.035159785831E-1),(1.289452064251E0,1.289452064251E0,1.289452064251E0,
1.289452064251E0,1.289452064251E0,1.289452064251E0,1.289452064251E0)))REPRESENTATION_ITEM('')SURFACE());
#7844=ORIENTED_EDGE('',*,*,#6198,.T.);
#7846=ORIENTED_EDGE('',*,*,#7845,.T.);
#7847=ORIENTED_EDGE('',*,*,#7792,.F.);
#7848=ORIENTED_EDGE('',*,*,#7599,.T.);
#7849=ORIENTED_EDGE('',*,*,#6261,.T.);
#7850=EDGE_LOOP('',(#7844,#7846,#7847,#7848,#7849));
#7851=FACE_OUTER_BOUND('',#7850,.F.);
#7852=ADVANCED_FACE('',(#7851),#7843,.F.);
#7853=CARTESIAN_POINT('',(-2.E1,6.8E1,-1.E1));
#7854=DIRECTION('',(5.314910710639E-1,8.470638945081E-1,0.E0));
#7855=DIRECTION('',(-8.470638945081E-1,5.314910710639E-1,0.E0));
#7856=AXIS2_PLACEMENT_3D('',#7853,#7854,#7855);
#7857=PLANE('',#7856);
#7859=ORIENTED_EDGE('',*,*,#7858,.F.);
#7861=ORIENTED_EDGE('',*,*,#7860,.T.);
#7863=ORIENTED_EDGE('',*,*,#7862,.F.);
#7865=ORIENTED_EDGE('',*,*,#7864,.F.);
#7867=ORIENTED_EDGE('',*,*,#7866,.T.);
#7869=ORIENTED_EDGE('',*,*,#7868,.F.);
#7870=EDGE_LOOP('',(#7859,#7861,#7863,#7865,#7867,#7869));
#7871=FACE_OUTER_BOUND('',#7870,.F.);
#7872=ADVANCED_FACE('',(#7871),#7857,.T.);
#7873=CARTESIAN_POINT('',(-2.E1,6.8E1,-1.E1));
#7874=DIRECTION('',(5.314910710639E-1,8.470638945081E-1,0.E0));
#7875=DIRECTION('',(-8.470638945081E-1,5.314910710639E-1,0.E0));
#7876=AXIS2_PLACEMENT_3D('',#7873,#7874,#7875);
#7877=PLANE('',#7876);
#7878=ORIENTED_EDGE('',*,*,#7794,.F.);
#7879=ORIENTED_EDGE('',*,*,#7845,.F.);
#7880=ORIENTED_EDGE('',*,*,#6196,.F.);
#7881=ORIENTED_EDGE('',*,*,#7761,.T.);
#7882=ORIENTED_EDGE('',*,*,#7678,.T.);
#7883=ORIENTED_EDGE('',*,*,#7653,.F.);
#7885=ORIENTED_EDGE('',*,*,#7884,.T.);
#7887=ORIENTED_EDGE('',*,*,#7886,.T.);
#7889=ORIENTED_EDGE('',*,*,#7888,.F.);
#7890=ORIENTED_EDGE('',*,*,#7630,.F.);
#7891=EDGE_LOOP('',(#7878,#7879,#7880,#7881,#7882,#7883,#7885,#7887,#7889,
#7890));
#7892=FACE_OUTER_BOUND('',#7891,.F.);
#7893=ADVANCED_FACE('',(#7892),#7877,.T.);
#7894=CARTESIAN_POINT('',(0.E0,0.E0,6.E0));
#7895=DIRECTION('',(0.E0,0.E0,1.E0));
#7896=DIRECTION('',(1.E0,0.E0,0.E0));
#7897=AXIS2_PLACEMENT_3D('',#7894,#7895,#7896);
#7898=PLANE('',#7897);
#7900=ORIENTED_EDGE('',*,*,#7899,.T.);
#7902=ORIENTED_EDGE('',*,*,#7901,.T.);
#7903=ORIENTED_EDGE('',*,*,#7858,.T.);
#7905=ORIENTED_EDGE('',*,*,#7904,.F.);
#7907=ORIENTED_EDGE('',*,*,#7906,.T.);
#7908=ORIENTED_EDGE('',*,*,#6661,.T.);
#7910=ORIENTED_EDGE('',*,*,#7909,.T.);
#7912=ORIENTED_EDGE('',*,*,#7911,.T.);
#7913=EDGE_LOOP('',(#7900,#7902,#7903,#7905,#7907,#7908,#7910,#7912));
#7914=FACE_OUTER_BOUND('',#7913,.F.);
#7915=ADVANCED_FACE('',(#7914),#7898,.F.);
#7916=CARTESIAN_POINT('',(-6.473906293381E1,9.364132127427E1,4.E0));
#7917=DIRECTION('',(8.536392803366E-1,-5.208646456291E-1,0.E0));
#7918=DIRECTION('',(0.E0,0.E0,1.E0));
#7919=AXIS2_PLACEMENT_3D('',#7916,#7917,#7918);
#7920=CYLINDRICAL_SURFACE('',#7919,2.E0);
#7921=ORIENTED_EDGE('',*,*,#7899,.F.);
#7923=ORIENTED_EDGE('',*,*,#7922,.T.);
#7925=ORIENTED_EDGE('',*,*,#7924,.T.);
#7927=ORIENTED_EDGE('',*,*,#7926,.T.);
#7928=EDGE_LOOP('',(#7921,#7923,#7925,#7927));
#7929=FACE_OUTER_BOUND('',#7928,.F.);
#7930=ADVANCED_FACE('',(#7929),#7920,.F.);
#7931=CARTESIAN_POINT('',(-4.450479616240E1,1.258102788669E2,4.E0));
#7932=DIRECTION('',(0.E0,0.E0,-1.E0));
#7933=DIRECTION('',(-9.705156335986E-1,-2.410381814998E-1,0.E0));
#7934=AXIS2_PLACEMENT_3D('',#7931,#7932,#7933);
#7935=TOROIDAL_SURFACE('',#7934,3.8E1,2.E0);
#7936=ORIENTED_EDGE('',*,*,#7911,.F.);
#7938=ORIENTED_EDGE('',*,*,#7937,.T.);
#7940=ORIENTED_EDGE('',*,*,#7939,.T.);
#7941=ORIENTED_EDGE('',*,*,#7922,.F.);
#7942=EDGE_LOOP('',(#7936,#7938,#7940,#7941));
#7943=FACE_OUTER_BOUND('',#7942,.F.);
#7944=ADVANCED_FACE('',(#7943),#7935,.F.);
#7945=CARTESIAN_POINT('',(-1.739493832275E2,4.620833289627E2,4.E0));
#7946=DIRECTION('',(2.588190451025E-1,-9.659258262891E-1,0.E0));
#7947=DIRECTION('',(0.E0,0.E0,1.E0));
#7948=AXIS2_PLACEMENT_3D('',#7945,#7946,#7947);
#7949=CYLINDRICAL_SURFACE('',#7948,2.E0);
#7950=ORIENTED_EDGE('',*,*,#6659,.T.);
#7952=ORIENTED_EDGE('',*,*,#7951,.T.);
#7953=ORIENTED_EDGE('',*,*,#7937,.F.);
#7954=ORIENTED_EDGE('',*,*,#7909,.F.);
#7955=EDGE_LOOP('',(#7950,#7952,#7953,#7954));
#7956=FACE_OUTER_BOUND('',#7955,.F.);
#7957=ADVANCED_FACE('',(#7956),#7949,.F.);
#7958=CARTESIAN_POINT('',(-8.672044860606E1,1.288131064550E2,-6.E0));
#7959=DIRECTION('',(-9.659258262891E-1,-2.588190451025E-1,0.E0));
#7960=DIRECTION('',(2.588190451025E-1,-9.659258262891E-1,0.E0));
#7961=AXIS2_PLACEMENT_3D('',#7958,#7959,#7960);
#7962=PLANE('',#7961);
#7964=ORIENTED_EDGE('',*,*,#7963,.F.);
#7966=ORIENTED_EDGE('',*,*,#7965,.F.);
#7967=ORIENTED_EDGE('',*,*,#7951,.F.);
#7968=ORIENTED_EDGE('',*,*,#6657,.F.);
#7969=EDGE_LOOP('',(#7964,#7966,#7967,#7968));
#7970=FACE_OUTER_BOUND('',#7969,.F.);
#7971=ADVANCED_FACE('',(#7970),#7962,.F.);
#7972=CARTESIAN_POINT('',(-8.101985988820E1,1.152656263373E2,-4.E0));
#7973=DIRECTION('',(-2.588190451025E-1,9.659258262891E-1,0.E0));
#7974=DIRECTION('',(0.E0,0.E0,-1.E0));
#7975=AXIS2_PLACEMENT_3D('',#7972,#7973,#7974);
#7976=CYLINDRICAL_SURFACE('',#7975,2.E0);
#7977=ORIENTED_EDGE('',*,*,#6655,.T.);
#7979=ORIENTED_EDGE('',*,*,#7978,.F.);
#7981=ORIENTED_EDGE('',*,*,#7980,.T.);
#7982=ORIENTED_EDGE('',*,*,#7963,.T.);
#7983=EDGE_LOOP('',(#7977,#7979,#7981,#7982));
#7984=FACE_OUTER_BOUND('',#7983,.F.);
#7985=ADVANCED_FACE('',(#7984),#7976,.F.);
#7986=CARTESIAN_POINT('',(0.E0,0.E0,-6.E0));
#7987=DIRECTION('',(0.E0,0.E0,1.E0));
#7988=DIRECTION('',(1.E0,0.E0,0.E0));
#7989=AXIS2_PLACEMENT_3D('',#7986,#7987,#7988);
#7990=PLANE('',#7989);
#7991=ORIENTED_EDGE('',*,*,#7978,.T.);
#7992=ORIENTED_EDGE('',*,*,#6653,.F.);
#7994=ORIENTED_EDGE('',*,*,#7993,.F.);
#7996=ORIENTED_EDGE('',*,*,#7995,.T.);
#7997=ORIENTED_EDGE('',*,*,#7886,.F.);
#7999=ORIENTED_EDGE('',*,*,#7998,.F.);
#8001=ORIENTED_EDGE('',*,*,#8000,.T.);
#8003=ORIENTED_EDGE('',*,*,#8002,.T.);
#8004=EDGE_LOOP('',(#7991,#7992,#7994,#7996,#7997,#7999,#8001,#8003));
#8005=FACE_OUTER_BOUND('',#8004,.F.);
#8006=ADVANCED_FACE('',(#8005),#7990,.T.);
#8007=CARTESIAN_POINT('',(-7.1E1,1.E2,-1.E1));
#8008=DIRECTION('',(9.396926207859E-1,3.420201433257E-1,0.E0));
#8009=DIRECTION('',(-3.420201433257E-1,9.396926207859E-1,0.E0));
#8010=AXIS2_PLACEMENT_3D('',#8007,#8008,#8009);
#8011=PLANE('',#8010);
#8012=ORIENTED_EDGE('',*,*,#7993,.T.);
#8013=ORIENTED_EDGE('',*,*,#6651,.F.);
#8015=ORIENTED_EDGE('',*,*,#8014,.F.);
#8017=ORIENTED_EDGE('',*,*,#8016,.F.);
#8018=ORIENTED_EDGE('',*,*,#7634,.F.);
#8020=ORIENTED_EDGE('',*,*,#8019,.T.);
#8021=EDGE_LOOP('',(#8012,#8013,#8015,#8017,#8018,#8020));
#8022=FACE_OUTER_BOUND('',#8021,.F.);
#8023=ADVANCED_FACE('',(#8022),#8011,.T.);
#8024=CARTESIAN_POINT('',(-7.1E1,1.E2,-1.E1));
#8025=DIRECTION('',(9.396926207859E-1,3.420201433257E-1,0.E0));
#8026=DIRECTION('',(-3.420201433257E-1,9.396926207859E-1,0.E0));
#8027=AXIS2_PLACEMENT_3D('',#8024,#8025,#8026);
#8028=PLANE('',#8027);
#8029=ORIENTED_EDGE('',*,*,#7906,.F.);
#8031=ORIENTED_EDGE('',*,*,#8030,.T.);
#8033=ORIENTED_EDGE('',*,*,#8032,.T.);
#8035=ORIENTED_EDGE('',*,*,#8034,.F.);
#8037=ORIENTED_EDGE('',*,*,#8036,.T.);
#8038=ORIENTED_EDGE('',*,*,#6663,.F.);
#8039=EDGE_LOOP('',(#8029,#8031,#8033,#8035,#8037,#8038));
#8040=FACE_OUTER_BOUND('',#8039,.F.);
#8041=ADVANCED_FACE('',(#8040),#8028,.T.);
#8042=CARTESIAN_POINT('',(-9.89E1,1.384E2,-1.3E1));
#8043=DIRECTION('',(0.E0,0.E0,1.E0));
#8044=DIRECTION('',(0.E0,1.E0,0.E0));
#8045=AXIS2_PLACEMENT_3D('',#8042,#8043,#8044);
#8046=CYLINDRICAL_SURFACE('',#8045,1.55E1);
#8048=ORIENTED_EDGE('',*,*,#8047,.F.);
#8049=ORIENTED_EDGE('',*,*,#6670,.T.);
#8050=ORIENTED_EDGE('',*,*,#6598,.T.);
#8051=ORIENTED_EDGE('',*,*,#6667,.F.);
#8052=ORIENTED_EDGE('',*,*,#6665,.F.);
#8053=ORIENTED_EDGE('',*,*,#8036,.F.);
#8054=EDGE_LOOP('',(#8048,#8049,#8050,#8051,#8052,#8053));
#8055=FACE_OUTER_BOUND('',#8054,.F.);
#8056=ADVANCED_FACE('',(#8055),#8046,.T.);
#8057=CARTESIAN_POINT('',(-9.89E1,1.384E2,-1.3E1));
#8058=DIRECTION('',(0.E0,0.E0,1.E0));
#8059=DIRECTION('',(0.E0,1.E0,0.E0));
#8060=AXIS2_PLACEMENT_3D('',#8057,#8058,#8059);
#8061=CYLINDRICAL_SURFACE('',#8060,1.55E1);
#8063=ORIENTED_EDGE('',*,*,#8062,.F.);
#8064=ORIENTED_EDGE('',*,*,#8014,.T.);
#8065=ORIENTED_EDGE('',*,*,#6649,.T.);
#8066=ORIENTED_EDGE('',*,*,#6647,.F.);
#8068=ORIENTED_EDGE('',*,*,#8067,.F.);
#8069=ORIENTED_EDGE('',*,*,#6643,.T.);
#8070=EDGE_LOOP('',(#8063,#8064,#8065,#8066,#8068,#8069));
#8071=FACE_OUTER_BOUND('',#8070,.F.);
#8072=ADVANCED_FACE('',(#8071),#8061,.T.);
#8073=CARTESIAN_POINT('',(-9.89E1,1.384E2,1.2E1));
#8074=DIRECTION('',(0.E0,0.E0,1.E0));
#8075=DIRECTION('',(6.276097504179E-1,-7.785280991592E-1,0.E0));
#8076=AXIS2_PLACEMENT_3D('',#8073,#8074,#8075);
#8077=TOROIDAL_SURFACE('',#8076,1.75E1,2.E0);
#8078=ORIENTED_EDGE('',*,*,#6672,.T.);
#8079=ORIENTED_EDGE('',*,*,#8047,.T.);
#8080=ORIENTED_EDGE('',*,*,#8034,.T.);
#8082=ORIENTED_EDGE('',*,*,#8081,.T.);
#8083=ORIENTED_EDGE('',*,*,#7550,.T.);
#8084=EDGE_LOOP('',(#8078,#8079,#8080,#8082,#8083));
#8085=FACE_OUTER_BOUND('',#8084,.F.);
#8086=ADVANCED_FACE('',(#8085),#8077,.F.);
#8087=CARTESIAN_POINT('',(0.E0,0.E0,1.E1));
#8088=DIRECTION('',(0.E0,0.E0,1.E0));
#8089=DIRECTION('',(1.E0,0.E0,0.E0));
#8090=AXIS2_PLACEMENT_3D('',#8087,#8088,#8089);
#8091=PLANE('',#8090);
#8093=ORIENTED_EDGE('',*,*,#8092,.F.);
#8094=ORIENTED_EDGE('',*,*,#7552,.F.);
#8095=ORIENTED_EDGE('',*,*,#8081,.F.);
#8096=ORIENTED_EDGE('',*,*,#8032,.F.);
#8098=ORIENTED_EDGE('',*,*,#8097,.F.);
#8099=ORIENTED_EDGE('',*,*,#7866,.F.);
#8100=ORIENTED_EDGE('',*,*,#6535,.F.);
#8101=EDGE_LOOP('',(#8093,#8094,#8095,#8096,#8098,#8099,#8100));
#8102=FACE_OUTER_BOUND('',#8101,.F.);
#8103=ADVANCED_FACE('',(#8102),#8091,.T.);
#8104=CARTESIAN_POINT('',(-9.1E1,8.397032059620E1,1.35E1));
#8105=DIRECTION('',(0.E0,0.E0,1.E0));
#8106=DIRECTION('',(-5.115137494789E-4,9.999998691768E-1,0.E0));
#8107=AXIS2_PLACEMENT_3D('',#8104,#8105,#8106);
#8108=TOROIDAL_SURFACE('',#8107,1.646410161514E1,3.5E0);
#8109=ORIENTED_EDGE('',*,*,#6617,.T.);
#8110=ORIENTED_EDGE('',*,*,#7554,.T.);
#8111=ORIENTED_EDGE('',*,*,#8092,.T.);
#8113=ORIENTED_EDGE('',*,*,#8112,.F.);
#8114=EDGE_LOOP('',(#8109,#8110,#8111,#8113));
#8115=FACE_OUTER_BOUND('',#8114,.F.);
#8116=ADVANCED_FACE('',(#8115),#8108,.F.);
#8117=CARTESIAN_POINT('',(-7.886844105200E1,8.854493007670E1,1.340184837723E1));
#8118=CARTESIAN_POINT('',(-7.884083210172E1,8.847185303791E1,1.340185431307E1));
#8119=CARTESIAN_POINT('',(-7.860256995692E1,8.782287305587E1,1.340188070771E1));
#8120=CARTESIAN_POINT('',(-7.825707541676E1,8.657042106514E1,1.340149349139E1));
#8121=CARTESIAN_POINT('',(-7.803460942143E1,8.477525082842E1,1.339936209249E1));
#8122=CARTESIAN_POINT('',(-7.806978071017E1,8.300474364829E1,1.339475540062E1));
#8123=CARTESIAN_POINT('',(-7.834462297698E1,8.129712838114E1,1.338652039321E1));
#8124=CARTESIAN_POINT('',(-7.883780824110E1,7.967685654856E1,1.337350323519E1));
#8125=CARTESIAN_POINT('',(-7.953092938171E1,7.815737985324E1,1.335478859702E1));
#8126=CARTESIAN_POINT('',(-8.041211823861E1,7.674583166453E1,1.332987571043E1));
#8127=CARTESIAN_POINT('',(-8.147865215188E1,7.544636566382E1,1.329878224210E1));
#8128=CARTESIAN_POINT('',(-8.274276702363E1,7.426123070435E1,1.326202353507E1));
#8129=CARTESIAN_POINT('',(-8.425082944284E1,7.318891950296E1,1.322035197107E1));
#8130=CARTESIAN_POINT('',(-8.608722790938E1,7.225273607558E1,1.317574607491E1));
#8131=CARTESIAN_POINT('',(-8.835846516595E1,7.154001895609E1,1.313460397839E1));
#8132=CARTESIAN_POINT('',(-9.016426357905E1,7.134590649255E1,1.312149048867E1));
#8133=CARTESIAN_POINT('',(-9.116379310139E1,7.135551924248E1,1.312216585361E1));
#8134=CARTESIAN_POINT('',(-9.124566226550E1,7.135710005481E1,1.312227860840E1));
#8135=CARTESIAN_POINT('',(-7.881357575700E1,8.857494193772E1,1.120770867509E1));
#8136=CARTESIAN_POINT('',(-7.878500501205E1,8.849875426162E1,1.120769690648E1));
#8137=CARTESIAN_POINT('',(-7.853757486230E1,8.782223133542E1,1.120764463854E1));
#8138=CARTESIAN_POINT('',(-7.816374824011E1,8.651753215291E1,1.120840562159E1));
#8139=CARTESIAN_POINT('',(-7.787103585522E1,8.463743599443E1,1.121356369482E1));
#8140=CARTESIAN_POINT('',(-7.781035149089E1,8.276033874723E1,1.122685118283E1));
#8141=CARTESIAN_POINT('',(-7.797432351830E1,8.091630591852E1,1.125374536550E1));
#8142=CARTESIAN_POINT('',(-7.835617595254E1,7.912595301940E1,1.129992459231E1));
#8143=CARTESIAN_POINT('',(-7.895367286812E1,7.74040611E1,1.137013377159E1));
#8144=CARTESIAN_POINT('',(-7.977072250984E1,7.576428895221E1,1.146734942916E1));
#8145=CARTESIAN_POINT('',(-8.081813635167E1,7.422190726389E1,1.159225967126E1));
#8146=CARTESIAN_POINT('',(-8.211794056086E1,7.279338778449E1,1.174327265953E1));
#8147=CARTESIAN_POINT('',(-8.372236931073E1,7.149215921989E1,1.191757626379E1));
#8148=CARTESIAN_POINT('',(-8.571612675393E1,7.036146104775E1,1.210698113182E1));
#8149=CARTESIAN_POINT('',(-8.818503430616E1,6.951762382905E1,1.228392017168E1));
#8150=CARTESIAN_POINT('',(-9.011076191192E1,6.929439016248E1,1.234082105162E1));
#8151=CARTESIAN_POINT('',(-9.117429778825E1,6.930537191970E1,1.233788685528E1));
#8152=CARTESIAN_POINT('',(-9.126140330467E1,6.930717343746E1,1.233739683647E1));
#8153=CARTESIAN_POINT('',(-7.726318538149E1,8.916687675193E1,9.771023668512E0));
#8154=CARTESIAN_POINT('',(-7.723040625914E1,8.907917990009E1,9.770812755490E0));
#8155=CARTESIAN_POINT('',(-7.694607470964E1,8.830046494330E1,9.769874198009E0));
#8156=CARTESIAN_POINT('',(-7.650870927611E1,8.679859165854E1,9.783707469064E0));
#8157=CARTESIAN_POINT('',(-7.614215661198E1,8.462818055038E1,9.849093470629E0));
#8158=CARTESIAN_POINT('',(-7.602974389933E1,8.244988084276E1,9.966674024435E0));
#8159=CARTESIAN_POINT('',(-7.617423901236E1,8.029713582460E1,1.014199970401E1));
#8160=CARTESIAN_POINT('',(-7.658020708207E1,7.819795948331E1,1.037843622220E1));
#8161=CARTESIAN_POINT('',(-7.725503948636E1,7.617868093738E1,1.067598642391E1));
#8162=CARTESIAN_POINT('',(-7.820817664686E1,7.426767529812E1,1.103042736129E1));
#8163=CARTESIAN_POINT('',(-7.945026806075E1,7.249613160690E1,1.143310546865E1));
#8164=CARTESIAN_POINT('',(-8.099733333610E1,7.089505072011E1,1.187203688260E1));
#8165=CARTESIAN_POINT('',(-8.289199805576E1,6.948889725955E1,1.233514293769E1));
#8166=CARTESIAN_POINT('',(-8.520112811826E1,6.832956208761E1,1.279947676361E1));
#8167=CARTESIAN_POINT('',(-8.796897944671E1,6.752731004642E1,1.320286905296E1));
#8168=CARTESIAN_POINT('',(-9.004387539583E1,6.733264786184E1,1.332585182328E1));
#8169=CARTESIAN_POINT('',(-9.118742712846E1,6.734209698469E1,1.331955923332E1));
#8170=CARTESIAN_POINT('',(-9.128108714580E1,6.734364167399E1,1.331851025267E1));
#8171=CARTESIAN_POINT('',(-7.522318466517E1,8.993667901694E1,1.002393447966E1));
#8172=CARTESIAN_POINT('',(-7.518568103619E1,8.983654176350E1,1.002347218992E1));
#8173=CARTESIAN_POINT('',(-7.486065683118E1,8.894728929390E1,1.002141475285E1));
#8174=CARTESIAN_POINT('',(-7.436577071746E1,8.723124428372E1,1.005176291913E1));
#8175=CARTESIAN_POINT('',(-7.396969247983E1,8.475348955651E1,1.019123859149E1));
#8176=CARTESIAN_POINT('',(-7.388324079215E1,8.227479932137E1,1.043184431206E1));
#8177=CARTESIAN_POINT('',(-7.411228920753E1,7.984134422828E1,1.077259938526E1));
#8178=CARTESIAN_POINT('',(-7.466217481989E1,7.749497099392E1,1.120691253675E1));
#8179=CARTESIAN_POINT('',(-7.553712609091E1,7.527628297942E1,1.172271896314E1));
#8180=CARTESIAN_POINT('',(-7.673828203793E1,7.322701436060E1,1.230259059333E1));
#8181=CARTESIAN_POINT('',(-7.826253916344E1,7.138874583126E1,1.292458108429E1));
#8182=CARTESIAN_POINT('',(-8.010801083079E1,6.979788687972E1,1.356477219371E1));
#8183=CARTESIAN_POINT('',(-8.229847204405E1,6.847887771555E1,1.420212895384E1));
#8184=CARTESIAN_POINT('',(-8.487637024699E1,6.747536337071E1,1.480393221726E1));
#8185=CARTESIAN_POINT('',(-8.785047997152E1,6.686042074487E1,1.529522386586E1));
#8186=CARTESIAN_POINT('',(-9.000700092840E1,6.673348515421E1,1.543748120193E1));
#8187=CARTESIAN_POINT('',(-9.119466262433E1,6.673949439544E1,1.543026035829E1));
#8188=CARTESIAN_POINT('',(-9.129194264026E1,6.674047135627E1,1.542905888974E1));
#8189=(BOUNDED_SURFACE()B_SPLINE_SURFACE(3,3,((#8117,#8118,#8119,#8120,#8121,
#8122,#8123,#8124,#8125,#8126,#8127,#8128,#8129,#8130,#8131,#8132,#8133,#8134),(
#8135,#8136,#8137,#8138,#8139,#8140,#8141,#8142,#8143,#8144,#8145,#8146,#8147,
#8148,#8149,#8150,#8151,#8152),(#8153,#8154,#8155,#8156,#8157,#8158,#8159,#8160,
#8161,#8162,#8163,#8164,#8165,#8166,#8167,#8168,#8169,#8170),(#8171,#8172,#8173,
#8174,#8175,#8176,#8177,#8178,#8179,#8180,#8181,#8182,#8183,#8184,#8185,#8186,
#8187,#8188)),.UNSPECIFIED.,.F.,.F.,.F.)B_SPLINE_SURFACE_WITH_KNOTS((4,4),(4,1,
1,1,1,1,1,1,1,1,1,1,1,1,1,4),(0.E0,1.E0),(-9.950591095099E-3,0.E0,
7.810849715962E-2,1.551624523884E-1,2.306743414858E-1,3.044393882459E-1,
3.765102053912E-1,4.472448385249E-1,5.171639049539E-1,5.868155427561E-1,
6.571422788927E-1,7.299284689122E-1,8.092332035908E-1,8.984301841149E-1,1.E0,
1.009064769858E0),.UNSPECIFIED.)GEOMETRIC_REPRESENTATION_ITEM()RATIONAL_B_SPLINE_SURFACE(((1.193607222681E0,1.193607222681E0,1.193607222681E0,1.193607222681E0,
1.193607222681E0,1.193607222681E0,1.193607222681E0,1.193607222681E0,
1.193607222681E0,1.193607222681E0,1.193607222681E0,1.193607222681E0,
1.193607222681E0,1.193607222681E0,1.193607222681E0,1.193607222681E0,
1.193607222681E0,1.193607222681E0),(9.354642591062E-1,9.354642591062E-1,
9.354642591062E-1,9.354642591062E-1,9.354642591062E-1,9.354642591062E-1,
9.354642591062E-1,9.354642591062E-1,9.354642591062E-1,9.354642591062E-1,
9.354642591062E-1,9.354642591062E-1,9.354642591062E-1,9.354642591062E-1,
9.354642591062E-1,9.354642591062E-1,9.354642591062E-1,9.354642591062E-1),(
9.354642591062E-1,9.354642591062E-1,9.354642591062E-1,9.354642591062E-1,
9.354642591062E-1,9.354642591062E-1,9.354642591062E-1,9.354642591062E-1,
9.354642591062E-1,9.354642591062E-1,9.354642591062E-1,9.354642591062E-1,
9.354642591062E-1,9.354642591062E-1,9.354642591062E-1,9.354642591062E-1,
9.354642591062E-1,9.354642591062E-1),(1.193607222681E0,1.193607222681E0,
1.193607222681E0,1.193607222681E0,1.193607222681E0,1.193607222681E0,
1.193607222681E0,1.193607222681E0,1.193607222681E0,1.193607222681E0,
1.193607222681E0,1.193607222681E0,1.193607222681E0,1.193607222681E0,
1.193607222681E0,1.193607222681E0,1.193607222681E0,1.193607222681E0)))REPRESENTATION_ITEM('')SURFACE());
#8190=ORIENTED_EDGE('',*,*,#6619,.F.);
#8191=ORIENTED_EDGE('',*,*,#8112,.T.);
#8192=ORIENTED_EDGE('',*,*,#6533,.T.);
#8193=ORIENTED_EDGE('',*,*,#6584,.F.);
#8194=EDGE_LOOP('',(#8190,#8191,#8192,#8193));
#8195=FACE_OUTER_BOUND('',#8194,.F.);
#8196=ADVANCED_FACE('',(#8195),#8189,.F.);
#8197=CARTESIAN_POINT('',(-3.810878921270E1,1.265843170699E2,
-3.452992822621E2));
#8198=DIRECTION('',(0.E0,0.E0,1.E0));
#8199=DIRECTION('',(-9.396926207859E-1,-3.420201433257E-1,0.E0));
#8200=AXIS2_PLACEMENT_3D('',#8197,#8198,#8199);
#8201=CYLINDRICAL_SURFACE('',#8200,4.E1);
#8202=ORIENTED_EDGE('',*,*,#7995,.F.);
#8203=ORIENTED_EDGE('',*,*,#8019,.F.);
#8204=ORIENTED_EDGE('',*,*,#7632,.T.);
#8205=ORIENTED_EDGE('',*,*,#7888,.T.);
#8206=EDGE_LOOP('',(#8202,#8203,#8204,#8205));
#8207=FACE_OUTER_BOUND('',#8206,.F.);
#8208=ADVANCED_FACE('',(#8207),#8201,.F.);
#8209=CARTESIAN_POINT('',(-3.810878921270E1,1.265843170699E2,
-3.452992822621E2));
#8210=DIRECTION('',(0.E0,0.E0,1.E0));
#8211=DIRECTION('',(-9.396926207859E-1,-3.420201433257E-1,0.E0));
#8212=AXIS2_PLACEMENT_3D('',#8209,#8210,#8211);
#8213=CYLINDRICAL_SURFACE('',#8212,4.E1);
#8214=ORIENTED_EDGE('',*,*,#7904,.T.);
#8215=ORIENTED_EDGE('',*,*,#7868,.T.);
#8216=ORIENTED_EDGE('',*,*,#8097,.T.);
#8217=ORIENTED_EDGE('',*,*,#8030,.F.);
#8218=EDGE_LOOP('',(#8214,#8215,#8216,#8217));
#8219=FACE_OUTER_BOUND('',#8218,.F.);
#8220=ADVANCED_FACE('',(#8219),#8213,.F.);
#8221=CARTESIAN_POINT('',(-9.89E1,1.384E2,-1.2E1));
#8222=DIRECTION('',(0.E0,0.E0,1.E0));
#8223=DIRECTION('',(4.737311977703E-2,-9.988772634927E-1,0.E0));
#8224=AXIS2_PLACEMENT_3D('',#8221,#8222,#8223);
#8225=TOROIDAL_SURFACE('',#8224,1.75E1,2.E0);
#8226=ORIENTED_EDGE('',*,*,#7636,.T.);
#8227=ORIENTED_EDGE('',*,*,#8016,.T.);
#8228=ORIENTED_EDGE('',*,*,#8062,.T.);
#8229=ORIENTED_EDGE('',*,*,#6641,.T.);
#8230=ORIENTED_EDGE('',*,*,#7533,.T.);
#8231=EDGE_LOOP('',(#8226,#8227,#8228,#8229,#8230));
#8232=FACE_OUTER_BOUND('',#8231,.F.);
#8233=ADVANCED_FACE('',(#8232),#8225,.F.);
#8234=CARTESIAN_POINT('',(0.E0,0.E0,-1.3E1));
#8235=DIRECTION('',(0.E0,0.E0,1.E0));
#8236=DIRECTION('',(0.E0,1.E0,0.E0));
#8237=AXIS2_PLACEMENT_3D('',#8234,#8235,#8236);
#8238=PLANE('',#8237);
#8239=ORIENTED_EDGE('',*,*,#6645,.T.);
#8240=ORIENTED_EDGE('',*,*,#8067,.T.);
#8241=EDGE_LOOP('',(#8239,#8240));
#8242=FACE_OUTER_BOUND('',#8241,.F.);
#8244=ORIENTED_EDGE('',*,*,#8243,.F.);
#8246=ORIENTED_EDGE('',*,*,#8245,.F.);
#8247=EDGE_LOOP('',(#8244,#8246));
#8248=FACE_BOUND('',#8247,.F.);
#8249=ADVANCED_FACE('',(#8242,#8248),#8238,.F.);
#8250=CARTESIAN_POINT('',(-9.89E1,1.384E2,-1.249999996259E1));
#8251=DIRECTION('',(0.E0,0.E0,-1.E0));
#8252=DIRECTION('',(0.E0,-1.E0,0.E0));
#8253=AXIS2_PLACEMENT_3D('',#8250,#8251,#8252);
#8254=CONICAL_SURFACE('',#8253,7.788675112998E0,3.E1);
#8255=ORIENTED_EDGE('',*,*,#8243,.T.);
#8257=ORIENTED_EDGE('',*,*,#8256,.T.);
#8259=ORIENTED_EDGE('',*,*,#8258,.F.);
#8261=ORIENTED_EDGE('',*,*,#8260,.F.);
#8262=EDGE_LOOP('',(#8255,#8257,#8259,#8261));
#8263=FACE_OUTER_BOUND('',#8262,.F.);
#8264=ADVANCED_FACE('',(#8263),#8254,.F.);
#8265=CARTESIAN_POINT('',(-9.89E1,1.384E2,-1.249999996259E1));
#8266=DIRECTION('',(0.E0,0.E0,-1.E0));
#8267=DIRECTION('',(0.E0,-1.E0,0.E0));
#8268=AXIS2_PLACEMENT_3D('',#8265,#8266,#8267);
#8269=CONICAL_SURFACE('',#8268,7.788675112998E0,3.E1);
#8270=ORIENTED_EDGE('',*,*,#8245,.T.);
#8271=ORIENTED_EDGE('',*,*,#8260,.T.);
#8273=ORIENTED_EDGE('',*,*,#8272,.F.);
#8274=ORIENTED_EDGE('',*,*,#8256,.F.);
#8275=EDGE_LOOP('',(#8270,#8271,#8273,#8274));
#8276=FACE_OUTER_BOUND('',#8275,.F.);
#8277=ADVANCED_FACE('',(#8276),#8269,.F.);
#8278=CARTESIAN_POINT('',(-9.89E1,1.384E2,1.3E1));
#8279=DIRECTION('',(0.E0,0.E0,-1.E0));
#8280=DIRECTION('',(-1.E0,0.E0,0.E0));
#8281=AXIS2_PLACEMENT_3D('',#8278,#8279,#8280);
#8282=CYLINDRICAL_SURFACE('',#8281,7.5E0);
#8283=ORIENTED_EDGE('',*,*,#8272,.T.);
#8285=ORIENTED_EDGE('',*,*,#8284,.F.);
#8286=ORIENTED_EDGE('',*,*,#6602,.T.);
#8288=ORIENTED_EDGE('',*,*,#8287,.T.);
#8289=EDGE_LOOP('',(#8283,#8285,#8286,#8288));
#8290=FACE_OUTER_BOUND('',#8289,.F.);
#8291=ADVANCED_FACE('',(#8290),#8282,.F.);
#8292=CARTESIAN_POINT('',(-9.89E1,1.384E2,1.3E1));
#8293=DIRECTION('',(0.E0,0.E0,-1.E0));
#8294=DIRECTION('',(-1.E0,0.E0,0.E0));
#8295=AXIS2_PLACEMENT_3D('',#8292,#8293,#8294);
#8296=CYLINDRICAL_SURFACE('',#8295,7.5E0);
#8297=ORIENTED_EDGE('',*,*,#8258,.T.);
#8298=ORIENTED_EDGE('',*,*,#8287,.F.);
#8299=ORIENTED_EDGE('',*,*,#6604,.T.);
#8300=ORIENTED_EDGE('',*,*,#8284,.T.);
#8301=EDGE_LOOP('',(#8297,#8298,#8299,#8300));
#8302=FACE_OUTER_BOUND('',#8301,.F.);
#8303=ADVANCED_FACE('',(#8302),#8296,.F.);
#8304=CARTESIAN_POINT('',(-4.E1,5.693804984551E1,-3.452992822621E2));
#8305=DIRECTION('',(0.E0,0.E0,1.E0));
#8306=DIRECTION('',(1.E0,0.E0,0.E0));
#8307=AXIS2_PLACEMENT_3D('',#8304,#8305,#8306);
#8308=CYLINDRICAL_SURFACE('',#8307,2.E1);
#8309=ORIENTED_EDGE('',*,*,#7901,.F.);
#8310=ORIENTED_EDGE('',*,*,#7926,.F.);
#8312=ORIENTED_EDGE('',*,*,#8311,.F.);
#8314=ORIENTED_EDGE('',*,*,#8313,.F.);
#8315=ORIENTED_EDGE('',*,*,#7998,.T.);
#8316=ORIENTED_EDGE('',*,*,#7884,.F.);
#8317=ORIENTED_EDGE('',*,*,#7651,.F.);
#8318=ORIENTED_EDGE('',*,*,#7615,.T.);
#8320=ORIENTED_EDGE('',*,*,#8319,.T.);
#8322=ORIENTED_EDGE('',*,*,#8321,.T.);
#8323=ORIENTED_EDGE('',*,*,#7860,.F.);
#8324=EDGE_LOOP('',(#8309,#8310,#8312,#8314,#8315,#8316,#8317,#8318,#8320,#8322,
#8323));
#8325=FACE_OUTER_BOUND('',#8324,.F.);
#8326=ADVANCED_FACE('',(#8325),#8308,.T.);
#8327=CARTESIAN_POINT('',(-7.9E1,1.E2,-6.E0));
#8328=DIRECTION('',(-5.208646456291E-1,-8.536392803366E-1,0.E0));
#8329=DIRECTION('',(8.536392803366E-1,-5.208646456291E-1,0.E0));
#8330=AXIS2_PLACEMENT_3D('',#8327,#8328,#8329);
#8331=PLANE('',#8330);
#8333=ORIENTED_EDGE('',*,*,#8332,.F.);
#8334=ORIENTED_EDGE('',*,*,#8311,.T.);
#8335=ORIENTED_EDGE('',*,*,#7924,.F.);
#8337=ORIENTED_EDGE('',*,*,#8336,.T.);
#8338=EDGE_LOOP('',(#8333,#8334,#8335,#8337));
#8339=FACE_OUTER_BOUND('',#8338,.F.);
#8340=ADVANCED_FACE('',(#8339),#8331,.F.);
#8341=CARTESIAN_POINT('',(1.491739474062E2,-3.688187147554E1,-4.E0));
#8342=DIRECTION('',(-8.536392803366E-1,5.208646456291E-1,0.E0));
#8343=DIRECTION('',(0.E0,0.E0,-1.E0));
#8344=AXIS2_PLACEMENT_3D('',#8341,#8342,#8343);
#8345=CYLINDRICAL_SURFACE('',#8344,2.E0);
#8346=ORIENTED_EDGE('',*,*,#8332,.T.);
#8348=ORIENTED_EDGE('',*,*,#8347,.F.);
#8349=ORIENTED_EDGE('',*,*,#8000,.F.);
#8350=ORIENTED_EDGE('',*,*,#8313,.T.);
#8351=EDGE_LOOP('',(#8346,#8348,#8349,#8350));
#8352=FACE_OUTER_BOUND('',#8351,.F.);
#8353=ADVANCED_FACE('',(#8352),#8345,.F.);
#8354=CARTESIAN_POINT('',(-4.450479616240E1,1.258102788669E2,-4.E0));
#8355=DIRECTION('',(0.E0,0.E0,-1.E0));
#8356=DIRECTION('',(-5.097861754468E-1,-8.603011422306E-1,0.E0));
#8357=AXIS2_PLACEMENT_3D('',#8354,#8355,#8356);
#8358=TOROIDAL_SURFACE('',#8357,3.8E1,2.E0);
#8359=ORIENTED_EDGE('',*,*,#8002,.F.);
#8360=ORIENTED_EDGE('',*,*,#8347,.T.);
#8362=ORIENTED_EDGE('',*,*,#8361,.T.);
#8363=ORIENTED_EDGE('',*,*,#7980,.F.);
#8364=EDGE_LOOP('',(#8359,#8360,#8362,#8363));
#8365=FACE_OUTER_BOUND('',#8364,.F.);
#8366=ADVANCED_FACE('',(#8365),#8358,.F.);
#8367=CARTESIAN_POINT('',(-4.450479616240E1,1.258102788669E2,4.122829110985E2));
#8368=DIRECTION('',(0.E0,0.E0,-1.E0));
#8369=DIRECTION('',(-5.208646456291E-1,-8.536392803366E-1,0.E0));
#8370=AXIS2_PLACEMENT_3D('',#8367,#8368,#8369);
#8371=CYLINDRICAL_SURFACE('',#8370,4.E1);
#8372=ORIENTED_EDGE('',*,*,#8361,.F.);
#8373=ORIENTED_EDGE('',*,*,#8336,.F.);
#8374=ORIENTED_EDGE('',*,*,#7939,.F.);
#8375=ORIENTED_EDGE('',*,*,#7965,.T.);
#8376=EDGE_LOOP('',(#8372,#8373,#8374,#8375));
#8377=FACE_OUTER_BOUND('',#8376,.F.);
#8378=ADVANCED_FACE('',(#8377),#8371,.F.);
#8379=CARTESIAN_POINT('',(-2.E1,0.E0,0.E0));
#8380=DIRECTION('',(-1.E0,0.E0,0.E0));
#8381=DIRECTION('',(0.E0,1.E0,0.E0));
#8382=AXIS2_PLACEMENT_3D('',#8379,#8380,#8381);
#8383=PLANE('',#8382);
#8385=ORIENTED_EDGE('',*,*,#8384,.F.);
#8387=ORIENTED_EDGE('',*,*,#8386,.F.);
#8389=ORIENTED_EDGE('',*,*,#8388,.F.);
#8390=ORIENTED_EDGE('',*,*,#6452,.F.);
#8392=ORIENTED_EDGE('',*,*,#8391,.F.);
#8394=ORIENTED_EDGE('',*,*,#8393,.F.);
#8395=ORIENTED_EDGE('',*,*,#8319,.F.);
#8396=ORIENTED_EDGE('',*,*,#7613,.F.);
#8398=ORIENTED_EDGE('',*,*,#8397,.F.);
#8399=ORIENTED_EDGE('',*,*,#5994,.F.);
#8401=ORIENTED_EDGE('',*,*,#8400,.F.);
#8403=ORIENTED_EDGE('',*,*,#8402,.F.);
#8405=ORIENTED_EDGE('',*,*,#8404,.F.);
#8407=ORIENTED_EDGE('',*,*,#8406,.F.);
#8409=ORIENTED_EDGE('',*,*,#8408,.F.);
#8411=ORIENTED_EDGE('',*,*,#8410,.F.);
#8412=ORIENTED_EDGE('',*,*,#6023,.F.);
#8414=ORIENTED_EDGE('',*,*,#8413,.F.);
#8415=EDGE_LOOP('',(#8385,#8387,#8389,#8390,#8392,#8394,#8395,#8396,#8398,#8399,
#8401,#8403,#8405,#8407,#8409,#8411,#8412,#8414));
#8416=FACE_OUTER_BOUND('',#8415,.F.);
#8418=ORIENTED_EDGE('',*,*,#8417,.F.);
#8420=ORIENTED_EDGE('',*,*,#8419,.F.);
#8421=EDGE_LOOP('',(#8418,#8420));
#8422=FACE_BOUND('',#8421,.F.);
#8423=ADVANCED_FACE('',(#8416,#8422),#8383,.F.);
#8424=CARTESIAN_POINT('',(-1.8E1,0.E0,0.E0));
#8425=DIRECTION('',(1.E0,0.E0,0.E0));
#8426=DIRECTION('',(0.E0,9.999187368964E-1,1.274831767284E-2));
#8427=AXIS2_PLACEMENT_3D('',#8424,#8425,#8426);
#8428=TOROIDAL_SURFACE('',#8427,4.1E1,2.E0);
#8430=ORIENTED_EDGE('',*,*,#8429,.F.);
#8432=ORIENTED_EDGE('',*,*,#8431,.T.);
#8433=ORIENTED_EDGE('',*,*,#8417,.T.);
#8435=ORIENTED_EDGE('',*,*,#8434,.F.);
#8436=EDGE_LOOP('',(#8430,#8432,#8433,#8435));
#8437=FACE_OUTER_BOUND('',#8436,.F.);
#8438=ADVANCED_FACE('',(#8437),#8428,.F.);
#8439=CARTESIAN_POINT('',(0.E0,0.E0,0.E0));
#8440=DIRECTION('',(1.E0,0.E0,0.E0));
#8441=DIRECTION('',(0.E0,-1.E0,0.E0));
#8442=AXIS2_PLACEMENT_3D('',#8439,#8440,#8441);
#8443=CYLINDRICAL_SURFACE('',#8442,3.9E1);
#8445=ORIENTED_EDGE('',*,*,#8444,.F.);
#8447=ORIENTED_EDGE('',*,*,#8446,.T.);
#8448=ORIENTED_EDGE('',*,*,#8429,.T.);
#8450=ORIENTED_EDGE('',*,*,#8449,.F.);
#8451=EDGE_LOOP('',(#8445,#8447,#8448,#8450));
#8452=FACE_OUTER_BOUND('',#8451,.F.);
#8453=ADVANCED_FACE('',(#8452),#8443,.T.);
#8454=CARTESIAN_POINT('',(-9.999999982223E-1,0.E0,0.E0));
#8455=DIRECTION('',(-1.E0,0.E0,0.E0));
#8456=DIRECTION('',(0.E0,0.E0,-1.E0));
#8457=AXIS2_PLACEMENT_3D('',#8454,#8455,#8456);
#8458=CONICAL_SURFACE('',#8457,3.799999999822E1,4.5E1);
#8459=ORIENTED_EDGE('',*,*,#8444,.T.);
#8461=ORIENTED_EDGE('',*,*,#8460,.T.);
#8462=ORIENTED_EDGE('',*,*,#5211,.F.);
#8464=ORIENTED_EDGE('',*,*,#8463,.F.);
#8465=EDGE_LOOP('',(#8459,#8461,#8462,#8464));
#8466=FACE_OUTER_BOUND('',#8465,.F.);
#8467=ADVANCED_FACE('',(#8466),#8458,.T.);
#8468=CARTESIAN_POINT('',(-9.999999982223E-1,0.E0,0.E0));
#8469=DIRECTION('',(-1.E0,0.E0,0.E0));
#8470=DIRECTION('',(0.E0,0.E0,-1.E0));
#8471=AXIS2_PLACEMENT_3D('',#8468,#8469,#8470);
#8472=CONICAL_SURFACE('',#8471,3.799999999822E1,4.5E1);
#8474=ORIENTED_EDGE('',*,*,#8473,.T.);
#8475=ORIENTED_EDGE('',*,*,#8463,.T.);
#8476=ORIENTED_EDGE('',*,*,#5213,.F.);
#8477=ORIENTED_EDGE('',*,*,#8460,.F.);
#8478=EDGE_LOOP('',(#8474,#8475,#8476,#8477));
#8479=FACE_OUTER_BOUND('',#8478,.F.);
#8480=ADVANCED_FACE('',(#8479),#8472,.T.);
#8481=CARTESIAN_POINT('',(0.E0,0.E0,0.E0));
#8482=DIRECTION('',(1.E0,0.E0,0.E0));
#8483=DIRECTION('',(0.E0,-1.E0,0.E0));
#8484=AXIS2_PLACEMENT_3D('',#8481,#8482,#8483);
#8485=CYLINDRICAL_SURFACE('',#8484,3.9E1);
#8486=ORIENTED_EDGE('',*,*,#8473,.F.);
#8487=ORIENTED_EDGE('',*,*,#8449,.T.);
#8489=ORIENTED_EDGE('',*,*,#8488,.T.);
#8490=ORIENTED_EDGE('',*,*,#8446,.F.);
#8491=EDGE_LOOP('',(#8486,#8487,#8489,#8490));
#8492=FACE_OUTER_BOUND('',#8491,.F.);
#8493=ADVANCED_FACE('',(#8492),#8485,.T.);
#8494=CARTESIAN_POINT('',(-1.8E1,0.E0,0.E0));
#8495=DIRECTION('',(1.E0,0.E0,0.E0));
#8496=DIRECTION('',(0.E0,-9.999187368964E-1,-1.274831767284E-2));
#8497=AXIS2_PLACEMENT_3D('',#8494,#8495,#8496);
#8498=TOROIDAL_SURFACE('',#8497,4.1E1,2.E0);
#8499=ORIENTED_EDGE('',*,*,#8488,.F.);
#8500=ORIENTED_EDGE('',*,*,#8434,.T.);
#8501=ORIENTED_EDGE('',*,*,#8419,.T.);
#8502=ORIENTED_EDGE('',*,*,#8431,.F.);
#8503=EDGE_LOOP('',(#8499,#8500,#8501,#8502));
#8504=FACE_OUTER_BOUND('',#8503,.F.);
#8505=ADVANCED_FACE('',(#8504),#8498,.F.);
#8506=CARTESIAN_POINT('',(1.491739474062E2,-2.645873075657E1,3.389595207029E1));
#8507=DIRECTION('',(-1.E0,0.E0,0.E0));
#8508=DIRECTION('',(0.E0,-9.991502218328E-1,4.121691656845E-2));
#8509=AXIS2_PLACEMENT_3D('',#8506,#8507,#8508);
#8510=CYLINDRICAL_SURFACE('',#8509,2.E0);
#8512=ORIENTED_EDGE('',*,*,#8511,.T.);
#8514=ORIENTED_EDGE('',*,*,#8513,.F.);
#8515=ORIENTED_EDGE('',*,*,#8384,.T.);
#8517=ORIENTED_EDGE('',*,*,#8516,.T.);
#8518=EDGE_LOOP('',(#8512,#8514,#8515,#8517));
#8519=FACE_OUTER_BOUND('',#8518,.F.);
#8520=ADVANCED_FACE('',(#8519),#8510,.T.);
#8521=CARTESIAN_POINT('',(-4.E1,0.E0,0.E0));
#8522=DIRECTION('',(1.E0,0.E0,0.E0));
#8523=DIRECTION('',(0.E0,1.E0,0.E0));
#8524=AXIS2_PLACEMENT_3D('',#8521,#8522,#8523);
#8525=PLANE('',#8524);
#8526=ORIENTED_EDGE('',*,*,#8511,.F.);
#8528=ORIENTED_EDGE('',*,*,#8527,.F.);
#8529=ORIENTED_EDGE('',*,*,#6019,.T.);
#8530=ORIENTED_EDGE('',*,*,#6458,.F.);
#8532=ORIENTED_EDGE('',*,*,#8531,.T.);
#8533=EDGE_LOOP('',(#8526,#8528,#8529,#8530,#8532));
#8534=FACE_OUTER_BOUND('',#8533,.F.);
#8535=ADVANCED_FACE('',(#8534),#8525,.F.);
#8536=CARTESIAN_POINT('',(-4.E1,0.E0,0.E0));
#8537=DIRECTION('',(1.E0,0.E0,0.E0));
#8538=DIRECTION('',(0.E0,1.E0,0.E0));
#8539=AXIS2_PLACEMENT_3D('',#8536,#8537,#8538);
#8540=PLANE('',#8539);
#8542=ORIENTED_EDGE('',*,*,#8541,.F.);
#8544=ORIENTED_EDGE('',*,*,#8543,.F.);
#8546=ORIENTED_EDGE('',*,*,#8545,.T.);
#8548=ORIENTED_EDGE('',*,*,#8547,.T.);
#8549=EDGE_LOOP('',(#8542,#8544,#8546,#8548));
#8550=FACE_OUTER_BOUND('',#8549,.F.);
#8551=ADVANCED_FACE('',(#8550),#8540,.F.);
#8552=CARTESIAN_POINT('',(-2.636062482701E2,-2.945618142207E1,
3.401960281999E1));
#8553=DIRECTION('',(1.E0,0.E0,0.E0));
#8554=DIRECTION('',(0.E0,6.545818093793E-1,-7.559911737776E-1));
#8555=AXIS2_PLACEMENT_3D('',#8552,#8553,#8554);
#8556=CYLINDRICAL_SURFACE('',#8555,1.E0);
#8557=ORIENTED_EDGE('',*,*,#8516,.F.);
#8558=ORIENTED_EDGE('',*,*,#8413,.T.);
#8559=ORIENTED_EDGE('',*,*,#6021,.F.);
#8560=ORIENTED_EDGE('',*,*,#8527,.T.);
#8561=EDGE_LOOP('',(#8557,#8558,#8559,#8560));
#8562=FACE_OUTER_BOUND('',#8561,.F.);
#8563=ADVANCED_FACE('',(#8562),#8556,.F.);
#8564=CARTESIAN_POINT('',(-2.E1,0.E0,0.E0));
#8565=DIRECTION('',(1.E0,0.E0,0.E0));
#8566=DIRECTION('',(0.E0,1.E0,0.E0));
#8567=AXIS2_PLACEMENT_3D('',#8564,#8565,#8566);
#8568=CYLINDRICAL_SURFACE('',#8567,4.5E1);
#8569=ORIENTED_EDGE('',*,*,#8513,.T.);
#8570=ORIENTED_EDGE('',*,*,#8531,.F.);
#8572=ORIENTED_EDGE('',*,*,#8571,.F.);
#8574=ORIENTED_EDGE('',*,*,#8573,.T.);
#8575=ORIENTED_EDGE('',*,*,#8386,.T.);
#8576=EDGE_LOOP('',(#8569,#8570,#8572,#8574,#8575));
#8577=FACE_OUTER_BOUND('',#8576,.F.);
#8578=ADVANCED_FACE('',(#8577),#8568,.T.);
#8579=CARTESIAN_POINT('',(-4.E1,0.E0,0.E0));
#8580=DIRECTION('',(1.E0,0.E0,0.E0));
#8581=DIRECTION('',(0.E0,1.E0,0.E0));
#8582=AXIS2_PLACEMENT_3D('',#8579,#8580,#8581);
#8583=PLANE('',#8582);
#8585=ORIENTED_EDGE('',*,*,#8584,.F.);
#8586=ORIENTED_EDGE('',*,*,#8571,.T.);
#8587=ORIENTED_EDGE('',*,*,#6456,.F.);
#8588=EDGE_LOOP('',(#8585,#8586,#8587));
#8589=FACE_OUTER_BOUND('',#8588,.F.);
#8590=ADVANCED_FACE('',(#8589),#8583,.T.);
#8591=CARTESIAN_POINT('',(-2.636062482701E2,-1.772546822342E1,
4.352938979886E1));
#8592=DIRECTION('',(1.E0,0.E0,0.E0));
#8593=DIRECTION('',(0.E0,3.771376217748E-1,-9.261572297629E-1));
#8594=AXIS2_PLACEMENT_3D('',#8591,#8592,#8593);
#8595=CYLINDRICAL_SURFACE('',#8594,2.E0);
#8596=ORIENTED_EDGE('',*,*,#8573,.F.);
#8597=ORIENTED_EDGE('',*,*,#8584,.T.);
#8598=ORIENTED_EDGE('',*,*,#6454,.T.);
#8599=ORIENTED_EDGE('',*,*,#8388,.T.);
#8600=EDGE_LOOP('',(#8596,#8597,#8598,#8599));
#8601=FACE_OUTER_BOUND('',#8600,.F.);
#8602=ADVANCED_FACE('',(#8601),#8595,.F.);
#8603=CARTESIAN_POINT('',(1.491739474062E2,-1.607110130628E1,
-3.988382758466E1));
#8604=DIRECTION('',(-1.E0,0.E0,0.E0));
#8605=DIRECTION('',(0.E0,4.324730349447E-1,-9.016468677070E-1));
#8606=AXIS2_PLACEMENT_3D('',#8603,#8604,#8605);
#8607=CYLINDRICAL_SURFACE('',#8606,2.E0);
#8608=ORIENTED_EDGE('',*,*,#8541,.T.);
#8610=ORIENTED_EDGE('',*,*,#8609,.F.);
#8611=ORIENTED_EDGE('',*,*,#8404,.T.);
#8613=ORIENTED_EDGE('',*,*,#8612,.T.);
#8614=EDGE_LOOP('',(#8608,#8610,#8611,#8613));
#8615=FACE_OUTER_BOUND('',#8614,.F.);
#8616=ADVANCED_FACE('',(#8615),#8607,.T.);
#8617=CARTESIAN_POINT('',(-2.E1,0.E0,0.E0));
#8618=DIRECTION('',(1.E0,0.E0,0.E0));
#8619=DIRECTION('',(0.E0,1.E0,0.E0));
#8620=AXIS2_PLACEMENT_3D('',#8617,#8618,#8619);
#8621=CYLINDRICAL_SURFACE('',#8620,4.5E1);
#8623=ORIENTED_EDGE('',*,*,#8622,.F.);
#8625=ORIENTED_EDGE('',*,*,#8624,.F.);
#8627=ORIENTED_EDGE('',*,*,#8626,.F.);
#8628=ORIENTED_EDGE('',*,*,#8406,.T.);
#8629=ORIENTED_EDGE('',*,*,#8609,.T.);
#8630=ORIENTED_EDGE('',*,*,#8547,.F.);
#8632=ORIENTED_EDGE('',*,*,#8631,.F.);
#8633=EDGE_LOOP('',(#8623,#8625,#8627,#8628,#8629,#8630,#8632));
#8634=FACE_OUTER_BOUND('',#8633,.F.);
#8635=ADVANCED_FACE('',(#8634),#8621,.T.);
#8636=CARTESIAN_POINT('',(-3.4E1,-6.116116523517E1,-6.783883476483E1));
#8637=DIRECTION('',(0.E0,7.071067811865E-1,-7.071067811865E-1));
#8638=DIRECTION('',(0.E0,7.071067811865E-1,7.071067811865E-1));
#8639=AXIS2_PLACEMENT_3D('',#8636,#8637,#8638);
#8640=PLANE('',#8639);
#8641=ORIENTED_EDGE('',*,*,#7706,.T.);
#8643=ORIENTED_EDGE('',*,*,#8642,.F.);
#8644=ORIENTED_EDGE('',*,*,#8622,.T.);
#8646=ORIENTED_EDGE('',*,*,#8645,.F.);
#8648=ORIENTED_EDGE('',*,*,#8647,.F.);
#8649=ORIENTED_EDGE('',*,*,#6234,.F.);
#8651=ORIENTED_EDGE('',*,*,#8650,.F.);
#8653=ORIENTED_EDGE('',*,*,#8652,.T.);
#8655=ORIENTED_EDGE('',*,*,#8654,.F.);
#8656=EDGE_LOOP('',(#8641,#8643,#8644,#8646,#8648,#8649,#8651,#8653,#8655));
#8657=FACE_OUTER_BOUND('',#8656,.F.);
#8658=ADVANCED_FACE('',(#8657),#8640,.T.);
#8659=CARTESIAN_POINT('',(-3.1E1,-2.645873075657E1,-3.389595207029E1));
#8660=DIRECTION('',(-1.E0,0.E0,0.E0));
#8661=DIRECTION('',(0.E0,8.898939757811E-1,4.561674164915E-1));
#8662=AXIS2_PLACEMENT_3D('',#8659,#8660,#8661);
#8663=TOROIDAL_SURFACE('',#8662,5.E0,3.E0);
#8664=ORIENTED_EDGE('',*,*,#7704,.T.);
#8666=ORIENTED_EDGE('',*,*,#8665,.T.);
#8668=ORIENTED_EDGE('',*,*,#8667,.F.);
#8669=ORIENTED_EDGE('',*,*,#8624,.T.);
#8670=ORIENTED_EDGE('',*,*,#8642,.T.);
#8671=EDGE_LOOP('',(#8664,#8666,#8668,#8669,#8670));
#8672=FACE_OUTER_BOUND('',#8671,.F.);
#8673=ADVANCED_FACE('',(#8672),#8663,.F.);
#8674=CARTESIAN_POINT('',(-3.392130203416E1,-3.131720669200E1,
-3.546706783538E1));
#8675=CARTESIAN_POINT('',(-3.392314854156E1,-3.125325696934E1,
-3.543609597927E1));
#8676=CARTESIAN_POINT('',(-3.392020587682E1,-3.092243286488E1,
-3.527762029177E1));
#8677=CARTESIAN_POINT('',(-3.379876567466E1,-3.034113178376E1,
-3.501435747632E1));
#8678=CARTESIAN_POINT('',(-3.339872798233E1,-2.963360226542E1,
-3.472812587507E1));
#8679=CARTESIAN_POINT('',(-3.281002521864E1,-2.906696932221E1,
-3.452993332744E1));
#8680=CARTESIAN_POINT('',(-3.209285031848E1,-2.868348263511E1,
-3.441601317367E1));
#8681=CARTESIAN_POINT('',(-3.140269835516E1,-2.852391458137E1,
-3.437497661820E1));
#8682=CARTESIAN_POINT('',(-3.096755273713E1,-2.851689114523E1,
-3.437291158164E1));
#8683=CARTESIAN_POINT('',(-3.079938319379E1,-2.852776492770E1,
-3.437576654317E1));
#8684=CARTESIAN_POINT('',(-3.414867269156E1,-3.162150729400E1,
-3.498884825161E1));
#8685=CARTESIAN_POINT('',(-3.415477976064E1,-3.155186433760E1,
-3.495649009491E1));
#8686=CARTESIAN_POINT('',(-3.417333111582E1,-3.119027970585E1,
-3.479014810428E1));
#8687=CARTESIAN_POINT('',(-3.408339988150E1,-3.054131503051E1,
-3.450859461957E1));
#8688=CARTESIAN_POINT('',(-3.369662626561E1,-2.971694226248E1,
-3.419686600008E1));
#8689=CARTESIAN_POINT('',(-3.307738902713E1,-2.902242088919E1,
-3.397728328479E1));
#8690=CARTESIAN_POINT('',(-3.227738934309E1,-2.852535899768E1,
-3.385013516184E1));
#8691=CARTESIAN_POINT('',(-3.147412605576E1,-2.830851800977E1,
-3.380424529487E1));
#8692=CARTESIAN_POINT('',(-3.096173506741E1,-2.829893872891E1,
-3.380212084391E1));
#8693=CARTESIAN_POINT('',(-3.076427880564E1,-2.831373097017E1,
-3.380526827344E1));
#8694=CARTESIAN_POINT('',(-3.389525246935E1,-3.189192353916E1,
-3.450341774390E1));
#8695=CARTESIAN_POINT('',(-3.390485946169E1,-3.182772126315E1,
-3.447247047317E1));
#8696=CARTESIAN_POINT('',(-3.394297910560E1,-3.149313674295E1,
-3.431227830595E1));
#8697=CARTESIAN_POINT('',(-3.389999923464E1,-3.087964452777E1,
-3.403257825123E1));
#8698=CARTESIAN_POINT('',(-3.358740242661E1,-3.006774566882E1,
-3.370758263635E1));
#8699=CARTESIAN_POINT('',(-3.303282419507E1,-2.935223836954E1,
-3.346410918823E1));
#8700=CARTESIAN_POINT('',(-3.227102921653E1,-2.881627258873E1,
-3.331290684140E1));
#8701=CARTESIAN_POINT('',(-3.147483007798E1,-2.857401618216E1,
-3.325451391977E1));
#8702=CARTESIAN_POINT('',(-3.096162285454E1,-2.856329309633E1,
-3.325204193492E1));
#8703=CARTESIAN_POINT('',(-3.076435443022E1,-2.857983000517E1,
-3.325599364397E1));
#8704=CARTESIAN_POINT('',(-3.331899596913E1,-3.195990735384E1,
-3.431334088975E1));
#8705=CARTESIAN_POINT('',(-3.332916077485E1,-3.190888854400E1,
-3.428572229868E1));
#8706=CARTESIAN_POINT('',(-3.337272623358E1,-3.164223584146E1,
-3.414186295042E1));
#8707=CARTESIAN_POINT('',(-3.336287574856E1,-3.114524246756E1,
-3.388300519830E1));
#8708=CARTESIAN_POINT('',(-3.313913472610E1,-3.046735979835E1,
-3.356524181273E1));
#8709=CARTESIAN_POINT('',(-3.270410759137E1,-2.985084942078E1,
-3.331026795080E1));
#8710=CARTESIAN_POINT('',(-3.207773414990E1,-2.937489951874E1,
-3.313917791216E1));
#8711=CARTESIAN_POINT('',(-3.140437161095E1,-2.915492641653E1,
-3.306842523700E1));
#8712=CARTESIAN_POINT('',(-3.096728603984E1,-2.914518448906E1,
-3.306553421360E1));
#8713=CARTESIAN_POINT('',(-3.079956293139E1,-2.916020483828E1,
-3.307030071333E1));
#8714=(BOUNDED_SURFACE()B_SPLINE_SURFACE(3,3,((#8674,#8675,#8676,#8677,#8678,
#8679,#8680,#8681,#8682,#8683),(#8684,#8685,#8686,#8687,#8688,#8689,#8690,#8691,
#8692,#8693),(#8694,#8695,#8696,#8697,#8698,#8699,#8700,#8701,#8702,#8703),(
#8704,#8705,#8706,#8707,#8708,#8709,#8710,#8711,#8712,#8713)),.UNSPECIFIED.,.F.,
.F.,.F.)B_SPLINE_SURFACE_WITH_KNOTS((4,4),(4,1,1,1,1,1,1,4),(0.E0,1.E0),(
-4.077725689593E-2,0.E0,1.709329499892E-1,3.411929558122E-1,5.093410519234E-1,
6.752851185734E-1,8.382790310322E-1,9.420787385713E-1),.UNSPECIFIED.)GEOMETRIC_REPRESENTATION_ITEM()RATIONAL_B_SPLINE_SURFACE(((1.184585426408E0,
1.184585426408E0,1.184585426408E0,1.184585426408E0,1.184585426408E0,
1.184585426408E0,1.184585426408E0,1.184585426408E0,1.184585426408E0,
1.184585426408E0),(9.384715245306E-1,9.384715245306E-1,9.384715245306E-1,
9.384715245306E-1,9.384715245306E-1,9.384715245306E-1,9.384715245306E-1,
9.384715245306E-1,9.384715245306E-1,9.384715245306E-1),(9.384715245306E-1,
9.384715245306E-1,9.384715245306E-1,9.384715245306E-1,9.384715245306E-1,
9.384715245306E-1,9.384715245306E-1,9.384715245306E-1,9.384715245306E-1,
9.384715245306E-1),(1.184585426408E0,1.184585426408E0,1.184585426408E0,
1.184585426408E0,1.184585426408E0,1.184585426408E0,1.184585426408E0,
1.184585426408E0,1.184585426408E0,1.184585426408E0)))REPRESENTATION_ITEM('')SURFACE());
#8716=ORIENTED_EDGE('',*,*,#8715,.F.);
#8717=ORIENTED_EDGE('',*,*,#8665,.F.);
#8719=ORIENTED_EDGE('',*,*,#8718,.F.);
#8720=EDGE_LOOP('',(#8716,#8717,#8719));
#8721=FACE_OUTER_BOUND('',#8720,.F.);
#8722=ADVANCED_FACE('',(#8721),#8714,.F.);
#8723=CARTESIAN_POINT('',(1.491739474062E2,-2.945618142207E1,
-3.401960281999E1));
#8724=DIRECTION('',(-1.E0,0.E0,0.E0));
#8725=DIRECTION('',(0.E0,6.545818093794E-1,7.559911737776E-1));
#8726=AXIS2_PLACEMENT_3D('',#8723,#8724,#8725);
#8727=CYLINDRICAL_SURFACE('',#8726,1.E0);
#8728=ORIENTED_EDGE('',*,*,#8715,.T.);
#8729=ORIENTED_EDGE('',*,*,#6025,.F.);
#8730=ORIENTED_EDGE('',*,*,#8410,.T.);
#8732=ORIENTED_EDGE('',*,*,#8731,.T.);
#8733=EDGE_LOOP('',(#8728,#8729,#8730,#8732));
#8734=FACE_OUTER_BOUND('',#8733,.F.);
#8735=ADVANCED_FACE('',(#8734),#8727,.F.);
#8736=CARTESIAN_POINT('',(1.491739474062E2,-2.645873075657E1,
-3.389595207029E1));
#8737=DIRECTION('',(-1.E0,0.E0,0.E0));
#8738=DIRECTION('',(0.E0,-6.153193199203E-1,-7.882779551230E-1));
#8739=AXIS2_PLACEMENT_3D('',#8736,#8737,#8738);
#8740=CYLINDRICAL_SURFACE('',#8739,2.E0);
#8741=ORIENTED_EDGE('',*,*,#8667,.T.);
#8742=ORIENTED_EDGE('',*,*,#8731,.F.);
#8743=ORIENTED_EDGE('',*,*,#8408,.T.);
#8744=ORIENTED_EDGE('',*,*,#8626,.T.);
#8745=EDGE_LOOP('',(#8741,#8742,#8743,#8744));
#8746=FACE_OUTER_BOUND('',#8745,.F.);
#8747=ADVANCED_FACE('',(#8746),#8740,.T.);
#8748=CARTESIAN_POINT('',(-3.1E1,0.E0,0.E0));
#8749=DIRECTION('',(-1.E0,0.E0,0.E0));
#8750=DIRECTION('',(0.E0,6.428355469522E-1,7.660042164209E-1));
#8751=AXIS2_PLACEMENT_3D('',#8748,#8749,#8750);
#8752=TOROIDAL_SURFACE('',#8751,4.7E1,3.E0);
#8753=ORIENTED_EDGE('',*,*,#7702,.T.);
#8755=ORIENTED_EDGE('',*,*,#8754,.F.);
#8756=ORIENTED_EDGE('',*,*,#6027,.F.);
#8757=ORIENTED_EDGE('',*,*,#8718,.T.);
#8758=EDGE_LOOP('',(#8753,#8755,#8756,#8757));
#8759=FACE_OUTER_BOUND('',#8758,.F.);
#8760=ADVANCED_FACE('',(#8759),#8752,.F.);
#8761=CARTESIAN_POINT('',(-3.1E1,-4.914264950122E1,-4.1E1));
#8762=DIRECTION('',(1.E0,0.E0,0.E0));
#8763=DIRECTION('',(0.E0,7.849317229812E-1,6.195822707742E-1));
#8764=AXIS2_PLACEMENT_3D('',#8761,#8762,#8763);
#8765=TOROIDAL_SURFACE('',#8764,1.7E1,3.E0);
#8767=ORIENTED_EDGE('',*,*,#8766,.F.);
#8768=ORIENTED_EDGE('',*,*,#8754,.T.);
#8769=ORIENTED_EDGE('',*,*,#7700,.T.);
#8770=ORIENTED_EDGE('',*,*,#6110,.F.);
#8771=EDGE_LOOP('',(#8767,#8768,#8769,#8770));
#8772=FACE_OUTER_BOUND('',#8771,.F.);
#8773=ADVANCED_FACE('',(#8772),#8765,.F.);
#8774=CARTESIAN_POINT('',(-2.636062482701E2,-4.914264950122E1,-4.1E1));
#8775=DIRECTION('',(1.E0,0.E0,0.E0));
#8776=DIRECTION('',(0.E0,7.678538984566E-1,6.40625E-1));
#8777=AXIS2_PLACEMENT_3D('',#8774,#8775,#8776);
#8778=CYLINDRICAL_SURFACE('',#8777,2.E1);
#8779=ORIENTED_EDGE('',*,*,#8766,.T.);
#8780=ORIENTED_EDGE('',*,*,#6065,.T.);
#8782=ORIENTED_EDGE('',*,*,#8781,.T.);
#8784=ORIENTED_EDGE('',*,*,#8783,.T.);
#8785=ORIENTED_EDGE('',*,*,#6029,.F.);
#8786=EDGE_LOOP('',(#8779,#8780,#8782,#8784,#8785));
#8787=FACE_OUTER_BOUND('',#8786,.F.);
#8788=ADVANCED_FACE('',(#8787),#8778,.F.);
#8789=CARTESIAN_POINT('',(-2.934548355967E1,-6.355935491592E1,-2.1E1));
#8790=DIRECTION('',(9.761980481799E-1,-2.168810059221E-1,0.E0));
#8791=DIRECTION('',(2.168810059221E-1,9.761980481799E-1,0.E0));
#8792=AXIS2_PLACEMENT_3D('',#8789,#8790,#8791);
#8793=PLANE('',#8792);
#8795=ORIENTED_EDGE('',*,*,#8794,.T.);
#8797=ORIENTED_EDGE('',*,*,#8796,.F.);
#8799=ORIENTED_EDGE('',*,*,#8798,.F.);
#8801=ORIENTED_EDGE('',*,*,#8800,.F.);
#8802=ORIENTED_EDGE('',*,*,#8781,.F.);
#8803=ORIENTED_EDGE('',*,*,#6063,.F.);
#8804=ORIENTED_EDGE('',*,*,#6132,.F.);
#8805=EDGE_LOOP('',(#8795,#8797,#8799,#8801,#8802,#8803,#8804));
#8806=FACE_OUTER_BOUND('',#8805,.F.);
#8807=ADVANCED_FACE('',(#8806),#8793,.T.);
#8808=CARTESIAN_POINT('',(0.E0,0.E0,2.E1));
#8809=DIRECTION('',(0.E0,0.E0,1.E0));
#8810=DIRECTION('',(0.E0,1.E0,0.E0));
#8811=AXIS2_PLACEMENT_3D('',#8808,#8809,#8810);
#8812=PLANE('',#8811);
#8814=ORIENTED_EDGE('',*,*,#8813,.T.);
#8815=ORIENTED_EDGE('',*,*,#5541,.F.);
#8817=ORIENTED_EDGE('',*,*,#8816,.F.);
#8818=ORIENTED_EDGE('',*,*,#8794,.F.);
#8819=ORIENTED_EDGE('',*,*,#6130,.F.);
#8821=ORIENTED_EDGE('',*,*,#8820,.F.);
#8823=ORIENTED_EDGE('',*,*,#8822,.F.);
#8824=EDGE_LOOP('',(#8814,#8815,#8817,#8818,#8819,#8821,#8823));
#8825=FACE_OUTER_BOUND('',#8824,.F.);
#8826=ADVANCED_FACE('',(#8825),#8812,.T.);
#8827=CARTESIAN_POINT('',(-1.263885227025E2,-7.7E1,2.E1));
#8828=DIRECTION('',(0.E0,0.E0,1.E0));
#8829=DIRECTION('',(0.E0,1.E0,0.E0));
#8830=AXIS2_PLACEMENT_3D('',#8827,#8828,#8829);
#8831=CYLINDRICAL_SURFACE('',#8830,8.E1);
#8832=ORIENTED_EDGE('',*,*,#5543,.T.);
#8833=ORIENTED_EDGE('',*,*,#8813,.F.);
#8835=ORIENTED_EDGE('',*,*,#8834,.F.);
#8837=ORIENTED_EDGE('',*,*,#8836,.T.);
#8838=EDGE_LOOP('',(#8832,#8833,#8835,#8837));
#8839=FACE_OUTER_BOUND('',#8838,.F.);
#8840=ADVANCED_FACE('',(#8839),#8831,.F.);
#8841=CARTESIAN_POINT('',(-6.310826899040E1,-7.840268068742E1,-2.1E1));
#8842=DIRECTION('',(1.391731009601E-1,-9.902680687416E-1,0.E0));
#8843=DIRECTION('',(9.902680687416E-1,1.391731009601E-1,0.E0));
#8844=AXIS2_PLACEMENT_3D('',#8841,#8842,#8843);
#8845=PLANE('',#8844);
#8847=ORIENTED_EDGE('',*,*,#8846,.F.);
#8849=ORIENTED_EDGE('',*,*,#8848,.F.);
#8851=ORIENTED_EDGE('',*,*,#8850,.T.);
#8853=ORIENTED_EDGE('',*,*,#8852,.T.);
#8854=ORIENTED_EDGE('',*,*,#8834,.T.);
#8855=ORIENTED_EDGE('',*,*,#8822,.T.);
#8857=ORIENTED_EDGE('',*,*,#8856,.F.);
#8858=ORIENTED_EDGE('',*,*,#6089,.T.);
#8860=ORIENTED_EDGE('',*,*,#8859,.F.);
#8862=ORIENTED_EDGE('',*,*,#8861,.F.);
#8864=ORIENTED_EDGE('',*,*,#8863,.T.);
#8866=ORIENTED_EDGE('',*,*,#8865,.T.);
#8867=EDGE_LOOP('',(#8847,#8849,#8851,#8853,#8854,#8855,#8857,#8858,#8860,#8862,
#8864,#8866));
#8868=FACE_OUTER_BOUND('',#8867,.F.);
#8869=ADVANCED_FACE('',(#8868),#8845,.T.);
#8870=CARTESIAN_POINT('',(-5.184069910763E1,-7.594454582968E1,
-2.045388022431E-5));
#8871=DIRECTION('',(1.391731009601E-1,-9.902680687416E-1,0.E0));
#8872=DIRECTION('',(0.E0,0.E0,-1.E0));
#8873=AXIS2_PLACEMENT_3D('',#8870,#8871,#8872);
#8874=CONICAL_SURFACE('',#8873,7.999996818051E0,3.E1);
#8875=ORIENTED_EDGE('',*,*,#8846,.T.);
#8877=ORIENTED_EDGE('',*,*,#8876,.T.);
#8878=ORIENTED_EDGE('',*,*,#5687,.T.);
#8880=ORIENTED_EDGE('',*,*,#8879,.T.);
#8881=EDGE_LOOP('',(#8875,#8877,#8878,#8880));
#8882=FACE_OUTER_BOUND('',#8881,.F.);
#8883=ADVANCED_FACE('',(#8882),#8874,.F.);
#8884=CARTESIAN_POINT('',(-7.385116166196E1,-7.991249579059E1,-1.5E0));
#8885=DIRECTION('',(0.E0,0.E0,-1.E0));
#8886=DIRECTION('',(9.902680687416E-1,1.391731009601E-1,0.E0));
#8887=AXIS2_PLACEMENT_3D('',#8884,#8885,#8886);
#8888=PLANE('',#8887);
#8889=ORIENTED_EDGE('',*,*,#8876,.F.);
#8890=ORIENTED_EDGE('',*,*,#8865,.F.);
#8892=ORIENTED_EDGE('',*,*,#8891,.F.);
#8893=ORIENTED_EDGE('',*,*,#5656,.T.);
#8894=ORIENTED_EDGE('',*,*,#5695,.F.);
#8896=ORIENTED_EDGE('',*,*,#8895,.T.);
#8898=ORIENTED_EDGE('',*,*,#8897,.T.);
#8899=ORIENTED_EDGE('',*,*,#5689,.F.);
#8900=EDGE_LOOP('',(#8889,#8890,#8892,#8893,#8894,#8896,#8898,#8899));
#8901=FACE_OUTER_BOUND('',#8900,.F.);
#8902=ADVANCED_FACE('',(#8901),#8888,.F.);
#8903=CARTESIAN_POINT('',(-6.45E1,-6.85E1,-2.1E1));
#8904=DIRECTION('',(0.E0,0.E0,1.E0));
#8905=DIRECTION('',(0.E0,1.E0,0.E0));
#8906=AXIS2_PLACEMENT_3D('',#8903,#8904,#8905);
#8907=CYLINDRICAL_SURFACE('',#8906,1.E1);
#8909=ORIENTED_EDGE('',*,*,#8908,.T.);
#8910=ORIENTED_EDGE('',*,*,#8850,.F.);
#8912=ORIENTED_EDGE('',*,*,#8911,.F.);
#8913=ORIENTED_EDGE('',*,*,#5642,.T.);
#8914=EDGE_LOOP('',(#8909,#8910,#8912,#8913));
#8915=FACE_OUTER_BOUND('',#8914,.F.);
#8916=ADVANCED_FACE('',(#8915),#8907,.T.);
#8917=CARTESIAN_POINT('',(-6.45E1,-6.85E1,-2.1E1));
#8918=DIRECTION('',(0.E0,0.E0,1.E0));
#8919=DIRECTION('',(0.E0,1.E0,0.E0));
#8920=AXIS2_PLACEMENT_3D('',#8917,#8918,#8919);
#8921=CYLINDRICAL_SURFACE('',#8920,1.E1);
#8923=ORIENTED_EDGE('',*,*,#8922,.F.);
#8924=ORIENTED_EDGE('',*,*,#5658,.T.);
#8925=ORIENTED_EDGE('',*,*,#8891,.T.);
#8926=ORIENTED_EDGE('',*,*,#8863,.F.);
#8927=EDGE_LOOP('',(#8923,#8924,#8925,#8926));
#8928=FACE_OUTER_BOUND('',#8927,.F.);
#8929=ADVANCED_FACE('',(#8928),#8921,.T.);
#8930=CARTESIAN_POINT('',(0.E0,0.E0,1.7E1));
#8931=DIRECTION('',(0.E0,0.E0,1.E0));
#8932=DIRECTION('',(0.E0,1.E0,0.E0));
#8933=AXIS2_PLACEMENT_3D('',#8930,#8931,#8932);
#8934=PLANE('',#8933);
#8935=ORIENTED_EDGE('',*,*,#5640,.T.);
#8937=ORIENTED_EDGE('',*,*,#8936,.F.);
#8938=ORIENTED_EDGE('',*,*,#5545,.T.);
#8939=ORIENTED_EDGE('',*,*,#8836,.F.);
#8940=ORIENTED_EDGE('',*,*,#8852,.F.);
#8941=ORIENTED_EDGE('',*,*,#8908,.F.);
#8942=EDGE_LOOP('',(#8935,#8937,#8938,#8939,#8940,#8941));
#8943=FACE_OUTER_BOUND('',#8942,.F.);
#8945=ORIENTED_EDGE('',*,*,#8944,.T.);
#8947=ORIENTED_EDGE('',*,*,#8946,.T.);
#8948=EDGE_LOOP('',(#8945,#8947));
#8949=FACE_BOUND('',#8948,.F.);
#8950=ADVANCED_FACE('',(#8943,#8949),#8934,.T.);
#8951=CARTESIAN_POINT('',(-6.45E1,-6.85E1,-9.799573575544E1));
#8952=DIRECTION('',(0.E0,0.E0,1.E0));
#8953=DIRECTION('',(-1.E0,0.E0,0.E0));
#8954=AXIS2_PLACEMENT_3D('',#8951,#8952,#8953);
#8955=CYLINDRICAL_SURFACE('',#8954,5.5E0);
#8956=ORIENTED_EDGE('',*,*,#5691,.T.);
#8957=ORIENTED_EDGE('',*,*,#8897,.F.);
#8959=ORIENTED_EDGE('',*,*,#8958,.F.);
#8961=ORIENTED_EDGE('',*,*,#8960,.T.);
#8963=ORIENTED_EDGE('',*,*,#8962,.T.);
#8964=EDGE_LOOP('',(#8956,#8957,#8959,#8961,#8963));
#8965=FACE_OUTER_BOUND('',#8964,.F.);
#8966=ADVANCED_FACE('',(#8965),#8955,.F.);
#8967=CARTESIAN_POINT('',(-6.45E1,-6.85E1,-9.799573575544E1));
#8968=DIRECTION('',(0.E0,0.E0,1.E0));
#8969=DIRECTION('',(-1.E0,0.E0,0.E0));
#8970=AXIS2_PLACEMENT_3D('',#8967,#8968,#8969);
#8971=CYLINDRICAL_SURFACE('',#8970,5.5E0);
#8972=ORIENTED_EDGE('',*,*,#5683,.T.);
#8974=ORIENTED_EDGE('',*,*,#8973,.T.);
#8975=ORIENTED_EDGE('',*,*,#8944,.F.);
#8977=ORIENTED_EDGE('',*,*,#8976,.F.);
#8979=ORIENTED_EDGE('',*,*,#8978,.T.);
#8980=EDGE_LOOP('',(#8972,#8974,#8975,#8977,#8979));
#8981=FACE_OUTER_BOUND('',#8980,.F.);
#8982=ADVANCED_FACE('',(#8981),#8971,.F.);
#8983=CARTESIAN_POINT('',(-6.45E1,-6.85E1,-9.799573575544E1));
#8984=DIRECTION('',(0.E0,0.E0,1.E0));
#8985=DIRECTION('',(-1.E0,0.E0,0.E0));
#8986=AXIS2_PLACEMENT_3D('',#8983,#8984,#8985);
#8987=CYLINDRICAL_SURFACE('',#8986,5.5E0);
#8988=ORIENTED_EDGE('',*,*,#5693,.T.);
#8989=ORIENTED_EDGE('',*,*,#8962,.F.);
#8991=ORIENTED_EDGE('',*,*,#8990,.F.);
#8992=ORIENTED_EDGE('',*,*,#8958,.T.);
#8993=ORIENTED_EDGE('',*,*,#8895,.F.);
#8994=EDGE_LOOP('',(#8988,#8989,#8991,#8992,#8993));
#8995=FACE_OUTER_BOUND('',#8994,.F.);
#8996=ADVANCED_FACE('',(#8995),#8987,.F.);
#8997=CARTESIAN_POINT('',(-6.45E1,-6.85E1,-9.799573575544E1));
#8998=DIRECTION('',(0.E0,0.E0,1.E0));
#8999=DIRECTION('',(-1.E0,0.E0,0.E0));
#9000=AXIS2_PLACEMENT_3D('',#8997,#8998,#8999);
#9001=CYLINDRICAL_SURFACE('',#9000,5.5E0);
#9002=ORIENTED_EDGE('',*,*,#5681,.T.);
#9004=ORIENTED_EDGE('',*,*,#9003,.T.);
#9005=ORIENTED_EDGE('',*,*,#8976,.T.);
#9006=ORIENTED_EDGE('',*,*,#8946,.F.);
#9007=ORIENTED_EDGE('',*,*,#8973,.F.);
#9008=EDGE_LOOP('',(#9002,#9004,#9005,#9006,#9007));
#9009=FACE_OUTER_BOUND('',#9008,.F.);
#9010=ADVANCED_FACE('',(#9009),#9001,.F.);
#9011=CARTESIAN_POINT('',(-6.45E1,-6.85E1,-6.644337567297E0));
#9012=DIRECTION('',(0.E0,0.E0,1.E0));
#9013=DIRECTION('',(-1.E0,0.E0,0.E0));
#9014=AXIS2_PLACEMENT_3D('',#9011,#9012,#9013);
#9015=CONICAL_SURFACE('',#9014,5.25E0,6.E1);
#9017=ORIENTED_EDGE('',*,*,#9016,.T.);
#9018=ORIENTED_EDGE('',*,*,#8990,.T.);
#9020=ORIENTED_EDGE('',*,*,#9019,.F.);
#9022=ORIENTED_EDGE('',*,*,#9021,.F.);
#9023=EDGE_LOOP('',(#9017,#9018,#9020,#9022));
#9024=FACE_OUTER_BOUND('',#9023,.F.);
#9025=ADVANCED_FACE('',(#9024),#9015,.F.);
#9026=CARTESIAN_POINT('',(-6.45E1,-6.85E1,-6.644337567297E0));
#9027=DIRECTION('',(0.E0,0.E0,1.E0));
#9028=DIRECTION('',(-1.E0,0.E0,0.E0));
#9029=AXIS2_PLACEMENT_3D('',#9026,#9027,#9028);
#9030=CONICAL_SURFACE('',#9029,5.25E0,6.E1);
#9031=ORIENTED_EDGE('',*,*,#9016,.F.);
#9033=ORIENTED_EDGE('',*,*,#9032,.T.);
#9034=ORIENTED_EDGE('',*,*,#9019,.T.);
#9035=ORIENTED_EDGE('',*,*,#8960,.F.);
#9036=EDGE_LOOP('',(#9031,#9033,#9034,#9035));
#9037=FACE_OUTER_BOUND('',#9036,.F.);
#9038=ADVANCED_FACE('',(#9037),#9030,.F.);
#9039=CARTESIAN_POINT('',(-6.45E1,-6.85E1,-9.799573575544E1));
#9040=DIRECTION('',(0.E0,0.E0,1.E0));
#9041=DIRECTION('',(-1.E0,0.E0,0.E0));
#9042=AXIS2_PLACEMENT_3D('',#9039,#9040,#9041);
#9043=CYLINDRICAL_SURFACE('',#9042,5.E0);
#9045=ORIENTED_EDGE('',*,*,#9044,.T.);
#9047=ORIENTED_EDGE('',*,*,#9046,.T.);
#9048=ORIENTED_EDGE('',*,*,#9032,.F.);
#9050=ORIENTED_EDGE('',*,*,#9049,.F.);
#9051=EDGE_LOOP('',(#9045,#9047,#9048,#9050));
#9052=FACE_OUTER_BOUND('',#9051,.F.);
#9053=ADVANCED_FACE('',(#9052),#9043,.F.);
#9054=CARTESIAN_POINT('',(0.E0,0.E0,-1.85E1));
#9055=DIRECTION('',(0.E0,0.E0,-1.E0));
#9056=DIRECTION('',(0.E0,-1.E0,0.E0));
#9057=AXIS2_PLACEMENT_3D('',#9054,#9055,#9056);
#9058=PLANE('',#9057);
#9060=ORIENTED_EDGE('',*,*,#9059,.F.);
#9061=ORIENTED_EDGE('',*,*,#5501,.F.);
#9062=ORIENTED_EDGE('',*,*,#5560,.F.);
#9063=ORIENTED_EDGE('',*,*,#5660,.F.);
#9064=ORIENTED_EDGE('',*,*,#8922,.T.);
#9065=ORIENTED_EDGE('',*,*,#8861,.T.);
#9066=EDGE_LOOP('',(#9060,#9061,#9062,#9063,#9064,#9065));
#9067=FACE_OUTER_BOUND('',#9066,.F.);
#9068=ORIENTED_EDGE('',*,*,#9044,.F.);
#9070=ORIENTED_EDGE('',*,*,#9069,.F.);
#9071=EDGE_LOOP('',(#9068,#9070));
#9072=FACE_BOUND('',#9071,.F.);
#9073=ADVANCED_FACE('',(#9067,#9072),#9058,.T.);
#9074=CARTESIAN_POINT('',(-6.45E1,-6.85E1,-9.799573575544E1));
#9075=DIRECTION('',(0.E0,0.E0,1.E0));
#9076=DIRECTION('',(-1.E0,0.E0,0.E0));
#9077=AXIS2_PLACEMENT_3D('',#9074,#9075,#9076);
#9078=CYLINDRICAL_SURFACE('',#9077,5.E0);
#9079=ORIENTED_EDGE('',*,*,#9069,.T.);
#9080=ORIENTED_EDGE('',*,*,#9049,.T.);
#9081=ORIENTED_EDGE('',*,*,#9021,.T.);
#9082=ORIENTED_EDGE('',*,*,#9046,.F.);
#9083=EDGE_LOOP('',(#9079,#9080,#9081,#9082));
#9084=FACE_OUTER_BOUND('',#9083,.F.);
#9085=ADVANCED_FACE('',(#9084),#9078,.F.);
#9086=CARTESIAN_POINT('',(-1.263885227025E2,-7.7E1,-2.1E1));
#9087=DIRECTION('',(0.E0,0.E0,-1.E0));
#9088=DIRECTION('',(0.E0,-1.E0,0.E0));
#9089=AXIS2_PLACEMENT_3D('',#9086,#9087,#9088);
#9090=CYLINDRICAL_SURFACE('',#9089,8.E1);
#9091=ORIENTED_EDGE('',*,*,#5503,.F.);
#9092=ORIENTED_EDGE('',*,*,#9059,.T.);
#9093=ORIENTED_EDGE('',*,*,#8859,.T.);
#9094=ORIENTED_EDGE('',*,*,#6097,.F.);
#9095=ORIENTED_EDGE('',*,*,#6167,.F.);
#9096=ORIENTED_EDGE('',*,*,#6075,.F.);
#9097=EDGE_LOOP('',(#9091,#9092,#9093,#9094,#9095,#9096));
#9098=FACE_OUTER_BOUND('',#9097,.F.);
#9099=ADVANCED_FACE('',(#9098),#9090,.F.);
#9100=CARTESIAN_POINT('',(-5.899714063084E1,-7.782489927619E1,1.5E0));
#9101=DIRECTION('',(0.E0,0.E0,1.E0));
#9102=DIRECTION('',(-9.902680687416E-1,-1.391731009601E-1,0.E0));
#9103=AXIS2_PLACEMENT_3D('',#9100,#9101,#9102);
#9104=PLANE('',#9103);
#9105=ORIENTED_EDGE('',*,*,#8879,.F.);
#9106=ORIENTED_EDGE('',*,*,#5685,.T.);
#9107=ORIENTED_EDGE('',*,*,#8978,.F.);
#9108=ORIENTED_EDGE('',*,*,#9003,.F.);
#9109=ORIENTED_EDGE('',*,*,#5679,.T.);
#9110=ORIENTED_EDGE('',*,*,#5644,.F.);
#9111=ORIENTED_EDGE('',*,*,#8911,.T.);
#9112=ORIENTED_EDGE('',*,*,#8848,.T.);
#9113=EDGE_LOOP('',(#9105,#9106,#9107,#9108,#9109,#9110,#9111,#9112));
#9114=FACE_OUTER_BOUND('',#9113,.F.);
#9115=ADVANCED_FACE('',(#9114),#9104,.F.);
#9116=CARTESIAN_POINT('',(-5.5E1,-5.201744848255E1,-1.900713473394E1));
#9117=DIRECTION('',(0.E0,0.E0,1.E0));
#9118=DIRECTION('',(1.391731009601E-1,-9.902680687416E-1,0.E0));
#9119=AXIS2_PLACEMENT_3D('',#9116,#9117,#9118);
#9120=CYLINDRICAL_SURFACE('',#9119,5.E0);
#9121=ORIENTED_EDGE('',*,*,#5638,.F.);
#9122=ORIENTED_EDGE('',*,*,#5768,.T.);
#9123=ORIENTED_EDGE('',*,*,#5525,.T.);
#9124=ORIENTED_EDGE('',*,*,#8936,.T.);
#9125=EDGE_LOOP('',(#9121,#9122,#9123,#9124));
#9126=FACE_OUTER_BOUND('',#9125,.F.);
#9127=ADVANCED_FACE('',(#9126),#9120,.F.);
#9128=CARTESIAN_POINT('',(-3.686616516875E1,-7.471459351197E1,-2.1E1));
#9129=DIRECTION('',(8.291623548439E-1,-5.590078615813E-1,0.E0));
#9130=DIRECTION('',(5.590078615813E-1,8.291623548439E-1,0.E0));
#9131=AXIS2_PLACEMENT_3D('',#9128,#9129,#9130);
#9132=PLANE('',#9131);
#9133=ORIENTED_EDGE('',*,*,#6128,.T.);
#9134=ORIENTED_EDGE('',*,*,#6091,.F.);
#9135=ORIENTED_EDGE('',*,*,#8856,.T.);
#9136=ORIENTED_EDGE('',*,*,#8820,.T.);
#9137=EDGE_LOOP('',(#9133,#9134,#9135,#9136));
#9138=FACE_OUTER_BOUND('',#9137,.F.);
#9139=ADVANCED_FACE('',(#9138),#9132,.T.);
#9140=CARTESIAN_POINT('',(1.491739474062E2,-4.995998398719E1,4.E1));
#9141=DIRECTION('',(-1.E0,0.E0,0.E0));
#9142=DIRECTION('',(0.E0,7.806247497998E-1,-6.25E-1));
#9143=AXIS2_PLACEMENT_3D('',#9140,#9141,#9142);
#9144=CYLINDRICAL_SURFACE('',#9143,2.E1);
#9145=ORIENTED_EDGE('',*,*,#6035,.F.);
#9147=ORIENTED_EDGE('',*,*,#9146,.T.);
#9148=ORIENTED_EDGE('',*,*,#8796,.T.);
#9149=ORIENTED_EDGE('',*,*,#8816,.T.);
#9150=ORIENTED_EDGE('',*,*,#5539,.T.);
#9151=EDGE_LOOP('',(#9145,#9147,#9148,#9149,#9150));
#9152=FACE_OUTER_BOUND('',#9151,.F.);
#9153=ADVANCED_FACE('',(#9152),#9144,.F.);
#9154=CARTESIAN_POINT('',(-2.5E1,-4.4E1,-2.1E1));
#9155=DIRECTION('',(1.E0,0.E0,0.E0));
#9156=DIRECTION('',(0.E0,1.E0,0.E0));
#9157=AXIS2_PLACEMENT_3D('',#9154,#9155,#9156);
#9158=PLANE('',#9157);
#9159=ORIENTED_EDGE('',*,*,#6031,.T.);
#9160=ORIENTED_EDGE('',*,*,#8783,.F.);
#9161=ORIENTED_EDGE('',*,*,#8800,.T.);
#9162=EDGE_LOOP('',(#9159,#9160,#9161));
#9163=FACE_OUTER_BOUND('',#9162,.F.);
#9164=ADVANCED_FACE('',(#9163),#9158,.T.);
#9165=CARTESIAN_POINT('',(-2.5E1,-4.4E1,-2.1E1));
#9166=DIRECTION('',(1.E0,0.E0,0.E0));
#9167=DIRECTION('',(0.E0,1.E0,0.E0));
#9168=AXIS2_PLACEMENT_3D('',#9165,#9166,#9167);
#9169=PLANE('',#9168);
#9170=ORIENTED_EDGE('',*,*,#8798,.T.);
#9171=ORIENTED_EDGE('',*,*,#9146,.F.);
#9172=ORIENTED_EDGE('',*,*,#6033,.T.);
#9173=EDGE_LOOP('',(#9170,#9171,#9172));
#9174=FACE_OUTER_BOUND('',#9173,.F.);
#9175=ADVANCED_FACE('',(#9174),#9169,.T.);
#9176=CARTESIAN_POINT('',(-4.E1,0.E0,0.E0));
#9177=DIRECTION('',(1.E0,0.E0,0.E0));
#9178=DIRECTION('',(0.E0,1.E0,0.E0));
#9179=AXIS2_PLACEMENT_3D('',#9176,#9177,#9178);
#9180=PLANE('',#9179);
#9181=ORIENTED_EDGE('',*,*,#8645,.T.);
#9182=ORIENTED_EDGE('',*,*,#8631,.T.);
#9184=ORIENTED_EDGE('',*,*,#9183,.F.);
#9185=EDGE_LOOP('',(#9181,#9182,#9184));
#9186=FACE_OUTER_BOUND('',#9185,.F.);
#9187=ADVANCED_FACE('',(#9186),#9180,.T.);
#9188=CARTESIAN_POINT('',(-2.636062482701E2,-2.165615826086E1,
-7.076023466171E1));
#9189=DIRECTION('',(1.E0,0.E0,0.E0));
#9190=DIRECTION('',(0.E0,2.926507873089E-1,9.562193873204E-1));
#9191=AXIS2_PLACEMENT_3D('',#9188,#9189,#9190);
#9192=CYLINDRICAL_SURFACE('',#9191,3.E1);
#9193=ORIENTED_EDGE('',*,*,#5992,.T.);
#9195=ORIENTED_EDGE('',*,*,#9194,.F.);
#9196=ORIENTED_EDGE('',*,*,#6236,.T.);
#9197=ORIENTED_EDGE('',*,*,#8647,.T.);
#9198=ORIENTED_EDGE('',*,*,#9183,.T.);
#9199=ORIENTED_EDGE('',*,*,#8545,.F.);
#9201=ORIENTED_EDGE('',*,*,#9200,.F.);
#9202=ORIENTED_EDGE('',*,*,#8400,.T.);
#9203=EDGE_LOOP('',(#9193,#9195,#9196,#9197,#9198,#9199,#9201,#9202));
#9204=FACE_OUTER_BOUND('',#9203,.F.);
#9205=ADVANCED_FACE('',(#9204),#9192,.F.);
#9206=CARTESIAN_POINT('',(-4.9E1,0.E0,0.E0));
#9207=DIRECTION('',(-1.E0,0.E0,0.E0));
#9208=DIRECTION('',(0.E0,6.432587632729E-1,7.656488512841E-1));
#9209=AXIS2_PLACEMENT_3D('',#9206,#9207,#9208);
#9210=TOROIDAL_SURFACE('',#9209,4.7E1,3.E0);
#9211=ORIENTED_EDGE('',*,*,#5990,.T.);
#9213=ORIENTED_EDGE('',*,*,#9212,.F.);
#9214=ORIENTED_EDGE('',*,*,#6238,.F.);
#9215=ORIENTED_EDGE('',*,*,#9194,.T.);
#9216=EDGE_LOOP('',(#9211,#9213,#9214,#9215));
#9217=FACE_OUTER_BOUND('',#9216,.F.);
#9218=ADVANCED_FACE('',(#9217),#9210,.F.);
#9219=CARTESIAN_POINT('',(-4.9E1,-4.914264950122E1,-4.1E1));
#9220=DIRECTION('',(1.E0,0.E0,0.E0));
#9221=DIRECTION('',(0.E0,7.841585377822E-1,6.205605430764E-1));
#9222=AXIS2_PLACEMENT_3D('',#9219,#9220,#9221);
#9223=TOROIDAL_SURFACE('',#9222,1.7E1,3.E0);
#9224=ORIENTED_EDGE('',*,*,#6240,.F.);
#9225=ORIENTED_EDGE('',*,*,#9212,.T.);
#9226=ORIENTED_EDGE('',*,*,#6048,.T.);
#9227=ORIENTED_EDGE('',*,*,#6181,.F.);
#9228=EDGE_LOOP('',(#9224,#9225,#9226,#9227));
#9229=FACE_OUTER_BOUND('',#9228,.F.);
#9230=ADVANCED_FACE('',(#9229),#9223,.F.);
#9231=CARTESIAN_POINT('',(1.491739474062E2,-1.477368220145E1,
-4.258876818778E1));
#9232=DIRECTION('',(-1.E0,0.E0,0.E0));
#9233=DIRECTION('',(0.E0,-8.660254037844E-1,5.E-1));
#9234=AXIS2_PLACEMENT_3D('',#9231,#9232,#9233);
#9235=CYLINDRICAL_SURFACE('',#9234,1.E0);
#9236=ORIENTED_EDGE('',*,*,#8612,.F.);
#9237=ORIENTED_EDGE('',*,*,#8402,.T.);
#9238=ORIENTED_EDGE('',*,*,#9200,.T.);
#9239=ORIENTED_EDGE('',*,*,#8543,.T.);
#9240=EDGE_LOOP('',(#9236,#9237,#9238,#9239));
#9241=FACE_OUTER_BOUND('',#9240,.F.);
#9242=ADVANCED_FACE('',(#9241),#9235,.F.);
#9243=CARTESIAN_POINT('',(-4.8E1,-7.E1,-5.9E1));
#9244=DIRECTION('',(-1.E0,0.E0,0.E0));
#9245=DIRECTION('',(0.E0,9.999988959614E-1,-1.485959642860E-3));
#9246=AXIS2_PLACEMENT_3D('',#9243,#9244,#9245);
#9247=TOROIDAL_SURFACE('',#9246,1.45E1,2.E0);
#9249=ORIENTED_EDGE('',*,*,#9248,.F.);
#9251=ORIENTED_EDGE('',*,*,#9250,.T.);
#9253=ORIENTED_EDGE('',*,*,#9252,.T.);
#9254=EDGE_LOOP('',(#9249,#9251,#9253));
#9255=FACE_OUTER_BOUND('',#9254,.F.);
#9256=ADVANCED_FACE('',(#9255),#9247,.F.);
#9257=CARTESIAN_POINT('',(-4.8E1,-7.E1,-5.9E1));
#9258=DIRECTION('',(-1.E0,0.E0,0.E0));
#9259=DIRECTION('',(0.E0,9.999988959614E-1,-1.485959642860E-3));
#9260=AXIS2_PLACEMENT_3D('',#9257,#9258,#9259);
#9261=TOROIDAL_SURFACE('',#9260,1.45E1,2.E0);
#9263=ORIENTED_EDGE('',*,*,#9262,.F.);
#9265=ORIENTED_EDGE('',*,*,#9264,.T.);
#9266=ORIENTED_EDGE('',*,*,#8650,.T.);
#9267=ORIENTED_EDGE('',*,*,#6232,.T.);
#9268=EDGE_LOOP('',(#9263,#9265,#9266,#9267));
#9269=FACE_OUTER_BOUND('',#9268,.F.);
#9270=ADVANCED_FACE('',(#9269),#9261,.F.);
#9271=CARTESIAN_POINT('',(-4.6E1,-5.5E1,-4.8E1));
#9272=DIRECTION('',(0.E0,0.E0,-1.E0));
#9273=DIRECTION('',(0.E0,-1.E0,0.E0));
#9274=AXIS2_PLACEMENT_3D('',#9271,#9272,#9273);
#9275=PLANE('',#9274);
#9277=ORIENTED_EDGE('',*,*,#9276,.F.);
#9278=ORIENTED_EDGE('',*,*,#9248,.T.);
#9280=ORIENTED_EDGE('',*,*,#9279,.T.);
#9281=ORIENTED_EDGE('',*,*,#9262,.T.);
#9282=ORIENTED_EDGE('',*,*,#6230,.T.);
#9283=EDGE_LOOP('',(#9277,#9278,#9280,#9281,#9282));
#9284=FACE_OUTER_BOUND('',#9283,.F.);
#9285=ADVANCED_FACE('',(#9284),#9275,.F.);
#9286=CARTESIAN_POINT('',(-3.4E1,-5.865179590755E1,-2.1E1));
#9287=DIRECTION('',(0.E0,-8.191520442890E-1,5.735764363510E-1));
#9288=DIRECTION('',(0.E0,-5.735764363510E-1,-8.191520442890E-1));
#9289=AXIS2_PLACEMENT_3D('',#9286,#9287,#9288);
#9290=PLANE('',#9289);
#9291=ORIENTED_EDGE('',*,*,#7696,.F.);
#9293=ORIENTED_EDGE('',*,*,#9292,.F.);
#9295=ORIENTED_EDGE('',*,*,#9294,.F.);
#9297=ORIENTED_EDGE('',*,*,#9296,.F.);
#9298=ORIENTED_EDGE('',*,*,#9250,.F.);
#9299=ORIENTED_EDGE('',*,*,#9276,.T.);
#9300=ORIENTED_EDGE('',*,*,#6228,.F.);
#9301=ORIENTED_EDGE('',*,*,#6150,.F.);
#9302=EDGE_LOOP('',(#9291,#9293,#9295,#9297,#9298,#9299,#9300,#9301));
#9303=FACE_OUTER_BOUND('',#9302,.F.);
#9304=ADVANCED_FACE('',(#9303),#9290,.T.);
#9305=CARTESIAN_POINT('',(-3.4E1,-8.301E1,-4.8E1));
#9306=DIRECTION('',(0.E0,0.E0,-1.E0));
#9307=DIRECTION('',(0.E0,1.E0,0.E0));
#9308=AXIS2_PLACEMENT_3D('',#9305,#9306,#9307);
#9309=PLANE('',#9308);
#9310=ORIENTED_EDGE('',*,*,#9292,.T.);
#9311=ORIENTED_EDGE('',*,*,#7694,.T.);
#9313=ORIENTED_EDGE('',*,*,#9312,.T.);
#9315=ORIENTED_EDGE('',*,*,#9314,.T.);
#9317=ORIENTED_EDGE('',*,*,#9316,.F.);
#9319=ORIENTED_EDGE('',*,*,#9318,.T.);
#9321=ORIENTED_EDGE('',*,*,#9320,.T.);
#9322=EDGE_LOOP('',(#9310,#9311,#9313,#9315,#9317,#9319,#9321));
#9323=FACE_OUTER_BOUND('',#9322,.F.);
#9324=ADVANCED_FACE('',(#9323),#9309,.F.);
#9325=CARTESIAN_POINT('',(-3.2E1,-7.E1,-5.9E1));
#9326=DIRECTION('',(-1.E0,0.E0,0.E0));
#9327=DIRECTION('',(0.E0,5.873084655989E-2,9.982738540412E-1));
#9328=AXIS2_PLACEMENT_3D('',#9325,#9326,#9327);
#9329=TOROIDAL_SURFACE('',#9328,1.45E1,2.E0);
#9330=ORIENTED_EDGE('',*,*,#9312,.F.);
#9331=ORIENTED_EDGE('',*,*,#7692,.T.);
#9332=ORIENTED_EDGE('',*,*,#8654,.T.);
#9334=ORIENTED_EDGE('',*,*,#9333,.T.);
#9335=EDGE_LOOP('',(#9330,#9331,#9332,#9334));
#9336=FACE_OUTER_BOUND('',#9335,.F.);
#9337=ADVANCED_FACE('',(#9336),#9329,.F.);
#9338=CARTESIAN_POINT('',(-3.2E1,-7.E1,-5.9E1));
#9339=DIRECTION('',(-1.E0,0.E0,0.E0));
#9340=DIRECTION('',(0.E0,5.873084655989E-2,9.982738540412E-1));
#9341=AXIS2_PLACEMENT_3D('',#9338,#9339,#9340);
#9342=TOROIDAL_SURFACE('',#9341,1.45E1,2.E0);
#9343=ORIENTED_EDGE('',*,*,#9320,.F.);
#9345=ORIENTED_EDGE('',*,*,#9344,.T.);
#9346=ORIENTED_EDGE('',*,*,#9294,.T.);
#9347=EDGE_LOOP('',(#9343,#9345,#9346));
#9348=FACE_OUTER_BOUND('',#9347,.F.);
#9349=ADVANCED_FACE('',(#9348),#9342,.F.);
#9350=CARTESIAN_POINT('',(-3.4E1,-7.E1,-5.9E1));
#9351=DIRECTION('',(1.E0,0.E0,0.E0));
#9352=DIRECTION('',(0.E0,1.E0,0.E0));
#9353=AXIS2_PLACEMENT_3D('',#9350,#9351,#9352);
#9354=CYLINDRICAL_SURFACE('',#9353,1.25E1);
#9355=ORIENTED_EDGE('',*,*,#9296,.T.);
#9356=ORIENTED_EDGE('',*,*,#9344,.F.);
#9357=ORIENTED_EDGE('',*,*,#9318,.F.);
#9359=ORIENTED_EDGE('',*,*,#9358,.T.);
#9360=ORIENTED_EDGE('',*,*,#9314,.F.);
#9361=ORIENTED_EDGE('',*,*,#9333,.F.);
#9362=ORIENTED_EDGE('',*,*,#8652,.F.);
#9364=ORIENTED_EDGE('',*,*,#9363,.T.);
#9365=EDGE_LOOP('',(#9355,#9356,#9357,#9359,#9360,#9361,#9362,#9364));
#9366=FACE_OUTER_BOUND('',#9365,.F.);
#9367=ADVANCED_FACE('',(#9366),#9354,.T.);
#9368=CARTESIAN_POINT('',(-3.1E1,0.E0,0.E0));
#9369=DIRECTION('',(-1.E0,0.E0,0.E0));
#9370=DIRECTION('',(0.E0,0.E0,1.E0));
#9371=AXIS2_PLACEMENT_3D('',#9368,#9369,#9370);
#9372=PLANE('',#9371);
#9373=ORIENTED_EDGE('',*,*,#9316,.T.);
#9374=ORIENTED_EDGE('',*,*,#9358,.F.);
#9375=EDGE_LOOP('',(#9373,#9374));
#9376=FACE_OUTER_BOUND('',#9375,.F.);
#9378=ORIENTED_EDGE('',*,*,#9377,.T.);
#9380=ORIENTED_EDGE('',*,*,#9379,.T.);
#9381=EDGE_LOOP('',(#9378,#9380));
#9382=FACE_BOUND('',#9381,.F.);
#9383=ADVANCED_FACE('',(#9376,#9382),#9372,.F.);
#9384=CARTESIAN_POINT('',(-3.1E1,0.E0,0.E0));
#9385=DIRECTION('',(-1.E0,0.E0,0.E0));
#9386=DIRECTION('',(0.E0,0.E0,1.E0));
#9387=AXIS2_PLACEMENT_3D('',#9384,#9385,#9386);
#9388=PLANE('',#9387);
#9390=ORIENTED_EDGE('',*,*,#9389,.F.);
#9392=ORIENTED_EDGE('',*,*,#9391,.F.);
#9393=EDGE_LOOP('',(#9390,#9392));
#9394=FACE_OUTER_BOUND('',#9393,.F.);
#9396=ORIENTED_EDGE('',*,*,#9395,.T.);
#9398=ORIENTED_EDGE('',*,*,#9397,.T.);
#9399=EDGE_LOOP('',(#9396,#9398));
#9400=FACE_BOUND('',#9399,.F.);
#9401=ADVANCED_FACE('',(#9394,#9400),#9388,.F.);
#9402=CARTESIAN_POINT('',(-4.8E1,7.E1,-5.9E1));
#9403=DIRECTION('',(1.E0,0.E0,0.E0));
#9404=DIRECTION('',(0.E0,1.E0,0.E0));
#9405=AXIS2_PLACEMENT_3D('',#9402,#9403,#9404);
#9406=CYLINDRICAL_SURFACE('',#9405,6.25E0);
#9408=ORIENTED_EDGE('',*,*,#9407,.T.);
#9410=ORIENTED_EDGE('',*,*,#9409,.T.);
#9411=ORIENTED_EDGE('',*,*,#9395,.F.);
#9413=ORIENTED_EDGE('',*,*,#9412,.F.);
#9414=EDGE_LOOP('',(#9408,#9410,#9411,#9413));
#9415=FACE_OUTER_BOUND('',#9414,.F.);
#9416=ADVANCED_FACE('',(#9415),#9406,.F.);
#9417=CARTESIAN_POINT('',(-4.749999996609E1,7.E1,-5.9E1));
#9418=DIRECTION('',(-1.E0,0.E0,0.E0));
#9419=DIRECTION('',(0.E0,0.E0,-1.E0));
#9420=AXIS2_PLACEMENT_3D('',#9417,#9418,#9419);
#9421=CONICAL_SURFACE('',#9420,6.538675115016E0,3.E1);
#9423=ORIENTED_EDGE('',*,*,#9422,.T.);
#9425=ORIENTED_EDGE('',*,*,#9424,.T.);
#9426=ORIENTED_EDGE('',*,*,#9407,.F.);
#9428=ORIENTED_EDGE('',*,*,#9427,.F.);
#9429=EDGE_LOOP('',(#9423,#9425,#9426,#9428));
#9430=FACE_OUTER_BOUND('',#9429,.F.);
#9431=ADVANCED_FACE('',(#9430),#9421,.F.);
#9432=CARTESIAN_POINT('',(-4.8E1,0.E0,0.E0));
#9433=DIRECTION('',(-1.E0,0.E0,0.E0));
#9434=DIRECTION('',(0.E0,0.E0,1.E0));
#9435=AXIS2_PLACEMENT_3D('',#9432,#9433,#9434);
#9436=PLANE('',#9435);
#9438=ORIENTED_EDGE('',*,*,#9437,.T.);
#9440=ORIENTED_EDGE('',*,*,#9439,.F.);
#9442=ORIENTED_EDGE('',*,*,#9441,.F.);
#9444=ORIENTED_EDGE('',*,*,#9443,.F.);
#9445=EDGE_LOOP('',(#9438,#9440,#9442,#9444));
#9446=FACE_OUTER_BOUND('',#9445,.F.);
#9448=ORIENTED_EDGE('',*,*,#9447,.F.);
#9449=ORIENTED_EDGE('',*,*,#9422,.F.);
#9450=EDGE_LOOP('',(#9448,#9449));
#9451=FACE_BOUND('',#9450,.F.);
#9452=ADVANCED_FACE('',(#9446,#9451),#9436,.T.);
#9453=CARTESIAN_POINT('',(-4.8E1,0.E0,0.E0));
#9454=DIRECTION('',(-1.E0,0.E0,0.E0));
#9455=DIRECTION('',(0.E0,0.E0,1.E0));
#9456=AXIS2_PLACEMENT_3D('',#9453,#9454,#9455);
#9457=PLANE('',#9456);
#9458=ORIENTED_EDGE('',*,*,#9279,.F.);
#9459=ORIENTED_EDGE('',*,*,#9252,.F.);
#9460=ORIENTED_EDGE('',*,*,#9363,.F.);
#9461=ORIENTED_EDGE('',*,*,#9264,.F.);
#9462=EDGE_LOOP('',(#9458,#9459,#9460,#9461));
#9463=FACE_OUTER_BOUND('',#9462,.F.);
#9465=ORIENTED_EDGE('',*,*,#9464,.F.);
#9467=ORIENTED_EDGE('',*,*,#9466,.F.);
#9468=EDGE_LOOP('',(#9465,#9467));
#9469=FACE_BOUND('',#9468,.F.);
#9470=ADVANCED_FACE('',(#9463,#9469),#9457,.T.);
#9471=CARTESIAN_POINT('',(-4.6E1,8.5E1,-4.8E1));
#9472=DIRECTION('',(0.E0,0.E0,-1.E0));
#9473=DIRECTION('',(0.E0,-1.E0,0.E0));
#9474=AXIS2_PLACEMENT_3D('',#9471,#9472,#9473);
#9475=PLANE('',#9474);
#9476=ORIENTED_EDGE('',*,*,#9437,.F.);
#9478=ORIENTED_EDGE('',*,*,#9477,.T.);
#9479=ORIENTED_EDGE('',*,*,#7722,.T.);
#9480=ORIENTED_EDGE('',*,*,#6210,.T.);
#9482=ORIENTED_EDGE('',*,*,#9481,.T.);
#9483=EDGE_LOOP('',(#9476,#9478,#9479,#9480,#9482));
#9484=FACE_OUTER_BOUND('',#9483,.F.);
#9485=ADVANCED_FACE('',(#9484),#9475,.F.);
#9486=CARTESIAN_POINT('',(-4.8E1,7.E1,-5.9E1));
#9487=DIRECTION('',(-1.E0,0.E0,0.E0));
#9488=DIRECTION('',(0.E0,9.999988959614E-1,-1.485959642860E-3));
#9489=AXIS2_PLACEMENT_3D('',#9486,#9487,#9488);
#9490=TOROIDAL_SURFACE('',#9489,1.45E1,2.E0);
#9491=ORIENTED_EDGE('',*,*,#9481,.F.);
#9492=ORIENTED_EDGE('',*,*,#6208,.T.);
#9494=ORIENTED_EDGE('',*,*,#9493,.T.);
#9495=ORIENTED_EDGE('',*,*,#9439,.T.);
#9496=EDGE_LOOP('',(#9491,#9492,#9494,#9495));
#9497=FACE_OUTER_BOUND('',#9496,.F.);
#9498=ADVANCED_FACE('',(#9497),#9490,.F.);
#9499=CARTESIAN_POINT('',(-4.8E1,7.E1,-5.9E1));
#9500=DIRECTION('',(-1.E0,0.E0,0.E0));
#9501=DIRECTION('',(0.E0,9.999988959614E-1,-1.485959642860E-3));
#9502=AXIS2_PLACEMENT_3D('',#9499,#9500,#9501);
#9503=TOROIDAL_SURFACE('',#9502,1.45E1,2.E0);
#9504=ORIENTED_EDGE('',*,*,#9477,.F.);
#9505=ORIENTED_EDGE('',*,*,#9443,.T.);
#9506=ORIENTED_EDGE('',*,*,#7724,.F.);
#9507=EDGE_LOOP('',(#9504,#9505,#9506));
#9508=FACE_OUTER_BOUND('',#9507,.F.);
#9509=ADVANCED_FACE('',(#9508),#9503,.F.);
#9510=CARTESIAN_POINT('',(-3.4E1,2.759419260743E1,-3.427186213709E1));
#9511=DIRECTION('',(0.E0,-7.071067811866E-1,-7.071067811865E-1));
#9512=DIRECTION('',(0.E0,7.071067811865E-1,-7.071067811866E-1));
#9513=AXIS2_PLACEMENT_3D('',#9510,#9511,#9512);
#9514=PLANE('',#9513);
#9515=ORIENTED_EDGE('',*,*,#7669,.T.);
#9517=ORIENTED_EDGE('',*,*,#9516,.F.);
#9519=ORIENTED_EDGE('',*,*,#9518,.F.);
#9520=ORIENTED_EDGE('',*,*,#9493,.F.);
#9521=ORIENTED_EDGE('',*,*,#6218,.F.);
#9523=ORIENTED_EDGE('',*,*,#9522,.F.);
#9524=EDGE_LOOP('',(#9515,#9517,#9519,#9520,#9521,#9523));
#9525=FACE_OUTER_BOUND('',#9524,.F.);
#9526=ADVANCED_FACE('',(#9525),#9514,.T.);
#9527=CARTESIAN_POINT('',(-3.2E1,7.E1,-5.9E1));
#9528=DIRECTION('',(-1.E0,0.E0,0.E0));
#9529=DIRECTION('',(0.E0,5.873084655989E-2,9.982738540412E-1));
#9530=AXIS2_PLACEMENT_3D('',#9527,#9528,#9529);
#9531=TOROIDAL_SURFACE('',#9530,1.45E1,2.E0);
#9533=ORIENTED_EDGE('',*,*,#9532,.F.);
#9534=ORIENTED_EDGE('',*,*,#7728,.F.);
#9536=ORIENTED_EDGE('',*,*,#9535,.T.);
#9537=EDGE_LOOP('',(#9533,#9534,#9536));
#9538=FACE_OUTER_BOUND('',#9537,.F.);
#9539=ADVANCED_FACE('',(#9538),#9531,.F.);
#9540=CARTESIAN_POINT('',(-3.2E1,7.E1,-5.9E1));
#9541=DIRECTION('',(-1.E0,0.E0,0.E0));
#9542=DIRECTION('',(0.E0,5.873084655989E-2,9.982738540412E-1));
#9543=AXIS2_PLACEMENT_3D('',#9540,#9541,#9542);
#9544=TOROIDAL_SURFACE('',#9543,1.45E1,2.E0);
#9546=ORIENTED_EDGE('',*,*,#9545,.F.);
#9548=ORIENTED_EDGE('',*,*,#9547,.T.);
#9549=ORIENTED_EDGE('',*,*,#9516,.T.);
#9550=ORIENTED_EDGE('',*,*,#7667,.T.);
#9551=EDGE_LOOP('',(#9546,#9548,#9549,#9550));
#9552=FACE_OUTER_BOUND('',#9551,.F.);
#9553=ADVANCED_FACE('',(#9552),#9544,.F.);
#9554=CARTESIAN_POINT('',(-3.4E1,5.556E1,-4.8E1));
#9555=DIRECTION('',(0.E0,0.E0,-1.E0));
#9556=DIRECTION('',(0.E0,1.E0,0.E0));
#9557=AXIS2_PLACEMENT_3D('',#9554,#9555,#9556);
#9558=PLANE('',#9557);
#9560=ORIENTED_EDGE('',*,*,#9559,.T.);
#9561=ORIENTED_EDGE('',*,*,#9389,.T.);
#9563=ORIENTED_EDGE('',*,*,#9562,.T.);
#9564=ORIENTED_EDGE('',*,*,#9545,.T.);
#9565=ORIENTED_EDGE('',*,*,#7665,.T.);
#9566=ORIENTED_EDGE('',*,*,#7730,.T.);
#9567=ORIENTED_EDGE('',*,*,#9532,.T.);
#9568=EDGE_LOOP('',(#9560,#9561,#9563,#9564,#9565,#9566,#9567));
#9569=FACE_OUTER_BOUND('',#9568,.F.);
#9570=ADVANCED_FACE('',(#9569),#9558,.F.);
#9571=CARTESIAN_POINT('',(-3.4E1,7.E1,-5.9E1));
#9572=DIRECTION('',(1.E0,0.E0,0.E0));
#9573=DIRECTION('',(0.E0,1.E0,0.E0));
#9574=AXIS2_PLACEMENT_3D('',#9571,#9572,#9573);
#9575=CYLINDRICAL_SURFACE('',#9574,1.25E1);
#9576=ORIENTED_EDGE('',*,*,#9518,.T.);
#9577=ORIENTED_EDGE('',*,*,#9547,.F.);
#9578=ORIENTED_EDGE('',*,*,#9562,.F.);
#9579=ORIENTED_EDGE('',*,*,#9391,.T.);
#9580=ORIENTED_EDGE('',*,*,#9559,.F.);
#9581=ORIENTED_EDGE('',*,*,#9535,.F.);
#9582=ORIENTED_EDGE('',*,*,#7726,.F.);
#9583=ORIENTED_EDGE('',*,*,#9441,.T.);
#9584=EDGE_LOOP('',(#9576,#9577,#9578,#9579,#9580,#9581,#9582,#9583));
#9585=FACE_OUTER_BOUND('',#9584,.F.);
#9586=ADVANCED_FACE('',(#9585),#9575,.T.);
#9587=CARTESIAN_POINT('',(1.491739474062E2,2.165615826086E1,-7.076023466171E1));
#9588=DIRECTION('',(-1.E0,0.E0,0.E0));
#9589=DIRECTION('',(0.E0,-2.926507873089E-1,9.562193873204E-1));
#9590=AXIS2_PLACEMENT_3D('',#9587,#9588,#9589);
#9591=CYLINDRICAL_SURFACE('',#9590,3.E1);
#9592=ORIENTED_EDGE('',*,*,#6216,.T.);
#9593=ORIENTED_EDGE('',*,*,#7774,.F.);
#9594=ORIENTED_EDGE('',*,*,#6000,.T.);
#9596=ORIENTED_EDGE('',*,*,#9595,.F.);
#9597=ORIENTED_EDGE('',*,*,#7671,.T.);
#9598=ORIENTED_EDGE('',*,*,#9522,.T.);
#9599=EDGE_LOOP('',(#9592,#9593,#9594,#9596,#9597,#9598));
#9600=FACE_OUTER_BOUND('',#9599,.F.);
#9601=ADVANCED_FACE('',(#9600),#9591,.F.);
#9602=CARTESIAN_POINT('',(-2.6E1,0.E0,0.E0));
#9603=DIRECTION('',(-1.E0,0.E0,0.E0));
#9604=DIRECTION('',(0.E0,6.414045532832E-1,7.672028408625E-1));
#9605=AXIS2_PLACEMENT_3D('',#9602,#9603,#9604);
#9606=TOROIDAL_SURFACE('',#9605,5.2E1,8.E0);
#9607=ORIENTED_EDGE('',*,*,#5998,.T.);
#9609=ORIENTED_EDGE('',*,*,#9608,.F.);
#9610=ORIENTED_EDGE('',*,*,#7673,.F.);
#9611=ORIENTED_EDGE('',*,*,#9595,.T.);
#9612=EDGE_LOOP('',(#9607,#9609,#9610,#9611));
#9613=FACE_OUTER_BOUND('',#9612,.F.);
#9614=ADVANCED_FACE('',(#9613),#9606,.F.);
#9615=CARTESIAN_POINT('',(-2.559661020627E1,4.032710421976E1,
-1.823485160453E1));
#9616=CARTESIAN_POINT('',(-3.066032935169E1,4.007547000163E1,
-1.818967841508E1));
#9617=CARTESIAN_POINT('',(-3.424548011424E1,4.360421098177E1,
-1.882315539598E1));
#9618=CARTESIAN_POINT('',(-3.398982331934E1,4.858825612904E1,
-1.971788750875E1));
#9619=CARTESIAN_POINT('',(-2.559661020627E1,4.138101626074E1,
-1.236410535704E1));
#9620=CARTESIAN_POINT('',(-3.066032935169E1,4.115635346803E1,
-1.216868965366E1));
#9621=CARTESIAN_POINT('',(-3.424548011424E1,4.430686618160E1,
-1.490906179307E1));
#9622=CARTESIAN_POINT('',(-3.398982331934E1,4.875669621726E1,
-1.877960330917E1));
#9623=CARTESIAN_POINT('',(-2.559661020627E1,4.631826415895E1,
-9.017468943539E0));
#9624=CARTESIAN_POINT('',(-3.066032935169E1,4.621995404865E1,
-8.736407046851E0));
#9625=CARTESIAN_POINT('',(-3.424548011424E1,4.759858576880E1,
-1.267782105720E1));
#9626=CARTESIAN_POINT('',(-3.398982331934E1,4.954578528652E1,
-1.824473160186E1));
#9627=CARTESIAN_POINT('',(-2.559661020627E1,5.216184516740E1,
-1.021285720272E1));
#9628=CARTESIAN_POINT('',(-3.066032935169E1,5.221308236575E1,
-9.962387351678E0));
#9629=CARTESIAN_POINT('',(-3.424548011424E1,5.149456799645E1,
-1.347480006822E1));
#9630=CARTESIAN_POINT('',(-3.398982331934E1,5.047972783795E1,
-1.843578293821E1));
#9631=(BOUNDED_SURFACE()B_SPLINE_SURFACE(3,3,((#9615,#9616,#9617,#9618),(#9619,
#9620,#9621,#9622),(#9623,#9624,#9625,#9626),(#9627,#9628,#9629,#9630)),
.UNSPECIFIED.,.F.,.F.,.F.)B_SPLINE_SURFACE_WITH_KNOTS((4,4),(4,4),(0.E0,1.E0),(
0.E0,1.E0),.UNSPECIFIED.)GEOMETRIC_REPRESENTATION_ITEM()RATIONAL_B_SPLINE_SURFACE(((1.409711598141E0,1.100094124796E0,1.100094124796E0,1.409711598141E0),(
1.126374579446E0,8.789869210145E-1,8.789869210145E-1,1.126374579446E0),(
1.126374579446E0,8.789869210145E-1,8.789869210145E-1,1.126374579446E0),(
1.409711598141E0,1.100094124796E0,1.100094124796E0,1.409711598141E0)))REPRESENTATION_ITEM('')SURFACE());
#9632=ORIENTED_EDGE('',*,*,#7675,.F.);
#9633=ORIENTED_EDGE('',*,*,#9608,.T.);
#9635=ORIENTED_EDGE('',*,*,#9634,.T.);
#9636=ORIENTED_EDGE('',*,*,#7648,.F.);
#9637=EDGE_LOOP('',(#9632,#9633,#9635,#9636));
#9638=FACE_OUTER_BOUND('',#9637,.F.);
#9639=ADVANCED_FACE('',(#9638),#9631,.F.);
#9640=CARTESIAN_POINT('',(1.491739474062E2,5.015974481594E1,-2.E1));
#9641=DIRECTION('',(-1.E0,0.E0,0.E0));
#9642=DIRECTION('',(0.E0,-9.288841632581E-1,3.703703703704E-1));
#9643=AXIS2_PLACEMENT_3D('',#9640,#9641,#9642);
#9644=CYLINDRICAL_SURFACE('',#9643,1.E1);
#9645=ORIENTED_EDGE('',*,*,#9634,.F.);
#9646=ORIENTED_EDGE('',*,*,#5996,.F.);
#9647=ORIENTED_EDGE('',*,*,#8397,.T.);
#9648=ORIENTED_EDGE('',*,*,#7611,.T.);
#9649=EDGE_LOOP('',(#9645,#9646,#9647,#9648));
#9650=FACE_OUTER_BOUND('',#9649,.F.);
#9651=ADVANCED_FACE('',(#9650),#9644,.F.);
#9652=CARTESIAN_POINT('',(-4.749999996609E1,7.E1,-5.9E1));
#9653=DIRECTION('',(-1.E0,0.E0,0.E0));
#9654=DIRECTION('',(0.E0,0.E0,-1.E0));
#9655=AXIS2_PLACEMENT_3D('',#9652,#9653,#9654);
#9656=CONICAL_SURFACE('',#9655,6.538675115016E0,3.E1);
#9657=ORIENTED_EDGE('',*,*,#9447,.T.);
#9658=ORIENTED_EDGE('',*,*,#9427,.T.);
#9660=ORIENTED_EDGE('',*,*,#9659,.F.);
#9661=ORIENTED_EDGE('',*,*,#9424,.F.);
#9662=EDGE_LOOP('',(#9657,#9658,#9660,#9661));
#9663=FACE_OUTER_BOUND('',#9662,.F.);
#9664=ADVANCED_FACE('',(#9663),#9656,.F.);
#9665=CARTESIAN_POINT('',(-4.8E1,7.E1,-5.9E1));
#9666=DIRECTION('',(1.E0,0.E0,0.E0));
#9667=DIRECTION('',(0.E0,1.E0,0.E0));
#9668=AXIS2_PLACEMENT_3D('',#9665,#9666,#9667);
#9669=CYLINDRICAL_SURFACE('',#9668,6.25E0);
#9670=ORIENTED_EDGE('',*,*,#9659,.T.);
#9671=ORIENTED_EDGE('',*,*,#9412,.T.);
#9672=ORIENTED_EDGE('',*,*,#9397,.F.);
#9673=ORIENTED_EDGE('',*,*,#9409,.F.);
#9674=EDGE_LOOP('',(#9670,#9671,#9672,#9673));
#9675=FACE_OUTER_BOUND('',#9674,.F.);
#9676=ADVANCED_FACE('',(#9675),#9669,.F.);
#9677=CARTESIAN_POINT('',(-4.749999996609E1,-7.E1,-5.9E1));
#9678=DIRECTION('',(-1.E0,0.E0,0.E0));
#9679=DIRECTION('',(0.E0,0.E0,-1.E0));
#9680=AXIS2_PLACEMENT_3D('',#9677,#9678,#9679);
#9681=CONICAL_SURFACE('',#9680,6.538675115016E0,3.E1);
#9682=ORIENTED_EDGE('',*,*,#9464,.T.);
#9684=ORIENTED_EDGE('',*,*,#9683,.T.);
#9686=ORIENTED_EDGE('',*,*,#9685,.F.);
#9688=ORIENTED_EDGE('',*,*,#9687,.F.);
#9689=EDGE_LOOP('',(#9682,#9684,#9686,#9688));
#9690=FACE_OUTER_BOUND('',#9689,.F.);
#9691=ADVANCED_FACE('',(#9690),#9681,.F.);
#9692=CARTESIAN_POINT('',(-4.749999996609E1,-7.E1,-5.9E1));
#9693=DIRECTION('',(-1.E0,0.E0,0.E0));
#9694=DIRECTION('',(0.E0,0.E0,-1.E0));
#9695=AXIS2_PLACEMENT_3D('',#9692,#9693,#9694);
#9696=CONICAL_SURFACE('',#9695,6.538675115016E0,3.E1);
#9697=ORIENTED_EDGE('',*,*,#9466,.T.);
#9698=ORIENTED_EDGE('',*,*,#9687,.T.);
#9700=ORIENTED_EDGE('',*,*,#9699,.F.);
#9701=ORIENTED_EDGE('',*,*,#9683,.F.);
#9702=EDGE_LOOP('',(#9697,#9698,#9700,#9701));
#9703=FACE_OUTER_BOUND('',#9702,.F.);
#9704=ADVANCED_FACE('',(#9703),#9696,.F.);
#9705=CARTESIAN_POINT('',(-4.8E1,-7.E1,-5.9E1));
#9706=DIRECTION('',(1.E0,0.E0,0.E0));
#9707=DIRECTION('',(0.E0,1.E0,0.E0));
#9708=AXIS2_PLACEMENT_3D('',#9705,#9706,#9707);
#9709=CYLINDRICAL_SURFACE('',#9708,6.25E0);
#9710=ORIENTED_EDGE('',*,*,#9699,.T.);
#9712=ORIENTED_EDGE('',*,*,#9711,.T.);
#9713=ORIENTED_EDGE('',*,*,#9379,.F.);
#9715=ORIENTED_EDGE('',*,*,#9714,.F.);
#9716=EDGE_LOOP('',(#9710,#9712,#9713,#9715));
#9717=FACE_OUTER_BOUND('',#9716,.F.);
#9718=ADVANCED_FACE('',(#9717),#9709,.F.);
#9719=CARTESIAN_POINT('',(-4.8E1,-7.E1,-5.9E1));
#9720=DIRECTION('',(1.E0,0.E0,0.E0));
#9721=DIRECTION('',(0.E0,1.E0,0.E0));
#9722=AXIS2_PLACEMENT_3D('',#9719,#9720,#9721);
#9723=CYLINDRICAL_SURFACE('',#9722,6.25E0);
#9724=ORIENTED_EDGE('',*,*,#9685,.T.);
#9725=ORIENTED_EDGE('',*,*,#9714,.T.);
#9726=ORIENTED_EDGE('',*,*,#9377,.F.);
#9727=ORIENTED_EDGE('',*,*,#9711,.F.);
#9728=EDGE_LOOP('',(#9724,#9725,#9726,#9727));
#9729=FACE_OUTER_BOUND('',#9728,.F.);
#9730=ADVANCED_FACE('',(#9729),#9723,.F.);
#9731=CARTESIAN_POINT('',(-7.214676573533E1,7.5E0,1.135878817419E2));
#9732=DIRECTION('',(7.986355100473E-1,0.E0,6.018150231520E-1));
#9733=DIRECTION('',(6.018150231520E-1,0.E0,-7.986355100473E-1));
#9734=AXIS2_PLACEMENT_3D('',#9731,#9732,#9733);
#9735=PLANE('',#9734);
#9737=ORIENTED_EDGE('',*,*,#9736,.F.);
#9739=ORIENTED_EDGE('',*,*,#9738,.T.);
#9741=ORIENTED_EDGE('',*,*,#9740,.F.);
#9742=ORIENTED_EDGE('',*,*,#8391,.T.);
#9743=ORIENTED_EDGE('',*,*,#6450,.F.);
#9745=ORIENTED_EDGE('',*,*,#9744,.F.);
#9746=EDGE_LOOP('',(#9737,#9739,#9741,#9742,#9743,#9745));
#9747=FACE_OUTER_BOUND('',#9746,.F.);
#9749=ORIENTED_EDGE('',*,*,#9748,.T.);
#9751=ORIENTED_EDGE('',*,*,#9750,.T.);
#9753=ORIENTED_EDGE('',*,*,#9752,.F.);
#9755=ORIENTED_EDGE('',*,*,#9754,.F.);
#9756=EDGE_LOOP('',(#9749,#9751,#9753,#9755));
#9757=FACE_BOUND('',#9756,.F.);
#9758=ADVANCED_FACE('',(#9747,#9757),#9735,.T.);
#9759=CARTESIAN_POINT('',(0.E0,1.E1,0.E0));
#9760=DIRECTION('',(0.E0,1.E0,0.E0));
#9761=DIRECTION('',(0.E0,0.E0,-1.E0));
#9762=AXIS2_PLACEMENT_3D('',#9759,#9760,#9761);
#9763=PLANE('',#9762);
#9764=ORIENTED_EDGE('',*,*,#9748,.F.);
#9766=ORIENTED_EDGE('',*,*,#9765,.T.);
#9768=ORIENTED_EDGE('',*,*,#9767,.T.);
#9769=EDGE_LOOP('',(#9764,#9766,#9768));
#9770=FACE_OUTER_BOUND('',#9769,.F.);
#9771=ADVANCED_FACE('',(#9770),#9763,.F.);
#9772=CARTESIAN_POINT('',(-4.532937331412E1,1.E1,7.8E1));
#9773=DIRECTION('',(0.E0,0.E0,1.E0));
#9774=DIRECTION('',(1.E0,0.E0,0.E0));
#9775=AXIS2_PLACEMENT_3D('',#9772,#9773,#9774);
#9776=PLANE('',#9775);
#9777=ORIENTED_EDGE('',*,*,#9754,.T.);
#9779=ORIENTED_EDGE('',*,*,#9778,.T.);
#9781=ORIENTED_EDGE('',*,*,#9780,.F.);
#9782=ORIENTED_EDGE('',*,*,#9765,.F.);
#9783=EDGE_LOOP('',(#9777,#9779,#9781,#9782));
#9784=FACE_OUTER_BOUND('',#9783,.F.);
#9785=ADVANCED_FACE('',(#9784),#9776,.T.);
#9786=CARTESIAN_POINT('',(0.E0,1.7E1,0.E0));
#9787=DIRECTION('',(0.E0,1.E0,0.E0));
#9788=DIRECTION('',(0.E0,0.E0,-1.E0));
#9789=AXIS2_PLACEMENT_3D('',#9786,#9787,#9788);
#9790=PLANE('',#9789);
#9791=ORIENTED_EDGE('',*,*,#9752,.T.);
#9793=ORIENTED_EDGE('',*,*,#9792,.F.);
#9794=ORIENTED_EDGE('',*,*,#9778,.F.);
#9795=EDGE_LOOP('',(#9791,#9793,#9794));
#9796=FACE_OUTER_BOUND('',#9795,.F.);
#9797=ADVANCED_FACE('',(#9796),#9790,.T.);
#9798=CARTESIAN_POINT('',(-3.4E1,1.E1,7.8E1));
#9799=DIRECTION('',(1.E0,0.E0,0.E0));
#9800=DIRECTION('',(0.E0,0.E0,-1.E0));
#9801=AXIS2_PLACEMENT_3D('',#9798,#9799,#9800);
#9802=PLANE('',#9801);
#9803=ORIENTED_EDGE('',*,*,#9750,.F.);
#9804=ORIENTED_EDGE('',*,*,#9767,.F.);
#9805=ORIENTED_EDGE('',*,*,#9780,.T.);
#9806=ORIENTED_EDGE('',*,*,#9792,.T.);
#9807=EDGE_LOOP('',(#9803,#9804,#9805,#9806));
#9808=FACE_OUTER_BOUND('',#9807,.F.);
#9809=ADVANCED_FACE('',(#9808),#9802,.T.);
#9810=CARTESIAN_POINT('',(-4.104849285584E1,4.620833289627E2,1.221682839895E2));
#9811=DIRECTION('',(0.E0,-1.E0,0.E0));
#9812=DIRECTION('',(-9.990001473023E-1,0.E0,-4.470688638218E-2));
#9813=AXIS2_PLACEMENT_3D('',#9810,#9811,#9812);
#9814=CYLINDRICAL_SURFACE('',#9813,3.E1);
#9816=ORIENTED_EDGE('',*,*,#9815,.F.);
#9818=ORIENTED_EDGE('',*,*,#9817,.T.);
#9820=ORIENTED_EDGE('',*,*,#9819,.T.);
#9821=ORIENTED_EDGE('',*,*,#9736,.T.);
#9823=ORIENTED_EDGE('',*,*,#9822,.T.);
#9825=ORIENTED_EDGE('',*,*,#9824,.T.);
#9826=EDGE_LOOP('',(#9816,#9818,#9820,#9821,#9823,#9825));
#9827=FACE_OUTER_BOUND('',#9826,.F.);
#9828=ADVANCED_FACE('',(#9827),#9814,.F.);
#9829=CARTESIAN_POINT('',(-8.95E1,7.5E0,1.2E2));
#9830=DIRECTION('',(0.E0,1.E0,0.E0));
#9831=DIRECTION('',(0.E0,0.E0,-1.E0));
#9832=AXIS2_PLACEMENT_3D('',#9829,#9830,#9831);
#9833=CYLINDRICAL_SURFACE('',#9832,1.85E1);
#9834=ORIENTED_EDGE('',*,*,#9815,.T.);
#9836=ORIENTED_EDGE('',*,*,#9835,.T.);
#9838=ORIENTED_EDGE('',*,*,#9837,.F.);
#9840=ORIENTED_EDGE('',*,*,#9839,.T.);
#9841=EDGE_LOOP('',(#9834,#9836,#9838,#9840));
#9842=FACE_OUTER_BOUND('',#9841,.F.);
#9843=ADVANCED_FACE('',(#9842),#9833,.T.);
#9844=CARTESIAN_POINT('',(0.E0,5.5E0,0.E0));
#9845=DIRECTION('',(0.E0,-1.E0,0.E0));
#9846=DIRECTION('',(0.E0,0.E0,1.E0));
#9847=AXIS2_PLACEMENT_3D('',#9844,#9845,#9846);
#9848=PLANE('',#9847);
#9850=ORIENTED_EDGE('',*,*,#9849,.F.);
#9851=ORIENTED_EDGE('',*,*,#9835,.F.);
#9852=EDGE_LOOP('',(#9850,#9851));
#9853=FACE_OUTER_BOUND('',#9852,.F.);
#9855=ORIENTED_EDGE('',*,*,#9854,.F.);
#9857=ORIENTED_EDGE('',*,*,#9856,.F.);
#9858=EDGE_LOOP('',(#9855,#9857));
#9859=FACE_BOUND('',#9858,.F.);
#9860=ADVANCED_FACE('',(#9853,#9859),#9848,.T.);
#9861=CARTESIAN_POINT('',(-8.95E1,5.5E0,1.2E2));
#9862=DIRECTION('',(0.E0,1.E0,0.E0));
#9863=DIRECTION('',(5.723419314042E-1,0.E0,-8.200150691033E-1));
#9864=AXIS2_PLACEMENT_3D('',#9861,#9862,#9863);
#9865=TOROIDAL_SURFACE('',#9864,2.05E1,2.E0);
#9867=ORIENTED_EDGE('',*,*,#9866,.T.);
#9869=ORIENTED_EDGE('',*,*,#9868,.F.);
#9870=ORIENTED_EDGE('',*,*,#9849,.T.);
#9871=ORIENTED_EDGE('',*,*,#9824,.F.);
#9872=EDGE_LOOP('',(#9867,#9869,#9870,#9871));
#9873=FACE_OUTER_BOUND('',#9872,.F.);
#9874=ADVANCED_FACE('',(#9873),#9865,.F.);
#9875=CARTESIAN_POINT('',(0.E0,7.5E0,0.E0));
#9876=DIRECTION('',(0.E0,1.E0,0.E0));
#9877=DIRECTION('',(0.E0,0.E0,-1.E0));
#9878=AXIS2_PLACEMENT_3D('',#9875,#9876,#9877);
#9879=PLANE('',#9878);
#9880=ORIENTED_EDGE('',*,*,#6503,.T.);
#9882=ORIENTED_EDGE('',*,*,#9881,.F.);
#9883=ORIENTED_EDGE('',*,*,#9866,.F.);
#9884=ORIENTED_EDGE('',*,*,#9822,.F.);
#9885=ORIENTED_EDGE('',*,*,#9744,.T.);
#9886=ORIENTED_EDGE('',*,*,#6448,.F.);
#9887=EDGE_LOOP('',(#9880,#9882,#9883,#9884,#9885,#9886));
#9888=FACE_OUTER_BOUND('',#9887,.F.);
#9889=ADVANCED_FACE('',(#9888),#9879,.F.);
#9890=CARTESIAN_POINT('',(-1.153014963055E2,4.540849211714E2,7.893258239921E1));
#9891=DIRECTION('',(0.E0,-1.E0,0.E0));
#9892=DIRECTION('',(8.249354047376E-1,0.E0,5.652270145795E-1));
#9893=AXIS2_PLACEMENT_3D('',#9890,#9891,#9892);
#9894=CYLINDRICAL_SURFACE('',#9893,3.E1);
#9895=ORIENTED_EDGE('',*,*,#6501,.F.);
#9897=ORIENTED_EDGE('',*,*,#9896,.T.);
#9899=ORIENTED_EDGE('',*,*,#9898,.T.);
#9900=ORIENTED_EDGE('',*,*,#9837,.T.);
#9901=ORIENTED_EDGE('',*,*,#9868,.T.);
#9902=ORIENTED_EDGE('',*,*,#9881,.T.);
#9903=EDGE_LOOP('',(#9895,#9897,#9899,#9900,#9901,#9902));
#9904=FACE_OUTER_BOUND('',#9903,.F.);
#9905=ADVANCED_FACE('',(#9904),#9894,.F.);
#9906=CARTESIAN_POINT('',(0.E0,1.95E1,0.E0));
#9907=DIRECTION('',(0.E0,1.E0,0.E0));
#9908=DIRECTION('',(0.E0,0.E0,-1.E0));
#9909=AXIS2_PLACEMENT_3D('',#9906,#9907,#9908);
#9910=PLANE('',#9909);
#9912=ORIENTED_EDGE('',*,*,#9911,.F.);
#9913=ORIENTED_EDGE('',*,*,#9896,.F.);
#9914=ORIENTED_EDGE('',*,*,#6499,.F.);
#9915=ORIENTED_EDGE('',*,*,#6539,.T.);
#9917=ORIENTED_EDGE('',*,*,#9916,.T.);
#9919=ORIENTED_EDGE('',*,*,#9918,.T.);
#9920=ORIENTED_EDGE('',*,*,#9738,.F.);
#9921=ORIENTED_EDGE('',*,*,#9819,.F.);
#9922=EDGE_LOOP('',(#9912,#9913,#9914,#9915,#9917,#9919,#9920,#9921));
#9923=FACE_OUTER_BOUND('',#9922,.F.);
#9924=ADVANCED_FACE('',(#9923),#9910,.T.);
#9925=CARTESIAN_POINT('',(-8.95E1,2.15E1,1.2E2));
#9926=DIRECTION('',(0.E0,1.E0,0.E0));
#9927=DIRECTION('',(2.794729192768E-2,0.E0,-9.996093981521E-1));
#9928=AXIS2_PLACEMENT_3D('',#9925,#9926,#9927);
#9929=TOROIDAL_SURFACE('',#9928,2.05E1,2.E0);
#9931=ORIENTED_EDGE('',*,*,#9930,.T.);
#9932=ORIENTED_EDGE('',*,*,#9898,.F.);
#9933=ORIENTED_EDGE('',*,*,#9911,.T.);
#9934=ORIENTED_EDGE('',*,*,#9817,.F.);
#9935=EDGE_LOOP('',(#9931,#9932,#9933,#9934));
#9936=FACE_OUTER_BOUND('',#9935,.F.);
#9937=ADVANCED_FACE('',(#9936),#9929,.F.);
#9938=CARTESIAN_POINT('',(0.E0,2.15E1,0.E0));
#9939=DIRECTION('',(0.E0,-1.E0,0.E0));
#9940=DIRECTION('',(0.E0,0.E0,1.E0));
#9941=AXIS2_PLACEMENT_3D('',#9938,#9939,#9940);
#9942=PLANE('',#9941);
#9943=ORIENTED_EDGE('',*,*,#9930,.F.);
#9944=ORIENTED_EDGE('',*,*,#9839,.F.);
#9945=EDGE_LOOP('',(#9943,#9944));
#9946=FACE_OUTER_BOUND('',#9945,.F.);
#9948=ORIENTED_EDGE('',*,*,#9947,.T.);
#9950=ORIENTED_EDGE('',*,*,#9949,.T.);
#9951=EDGE_LOOP('',(#9948,#9950));
#9952=FACE_BOUND('',#9951,.F.);
#9953=ADVANCED_FACE('',(#9946,#9952),#9942,.F.);
#9954=CARTESIAN_POINT('',(-8.95E1,1.45E1,1.2E2));
#9955=DIRECTION('',(0.E0,1.E0,0.E0));
#9956=DIRECTION('',(1.E0,0.E0,0.E0));
#9957=AXIS2_PLACEMENT_3D('',#9954,#9955,#9956);
#9958=CONICAL_SURFACE('',#9957,6.5E0,4.085616779975E0);
#9959=ORIENTED_EDGE('',*,*,#9947,.F.);
#9961=ORIENTED_EDGE('',*,*,#9960,.T.);
#9963=ORIENTED_EDGE('',*,*,#9962,.T.);
#9965=ORIENTED_EDGE('',*,*,#9964,.F.);
#9966=EDGE_LOOP('',(#9959,#9961,#9963,#9965));
#9967=FACE_OUTER_BOUND('',#9966,.F.);
#9968=ADVANCED_FACE('',(#9967),#9958,.F.);
#9969=CARTESIAN_POINT('',(-8.95E1,1.45E1,1.2E2));
#9970=DIRECTION('',(0.E0,1.E0,0.E0));
#9971=DIRECTION('',(1.E0,0.E0,0.E0));
#9972=AXIS2_PLACEMENT_3D('',#9969,#9970,#9971);
#9973=CONICAL_SURFACE('',#9972,6.5E0,4.085616779975E0);
#9974=ORIENTED_EDGE('',*,*,#9949,.F.);
#9975=ORIENTED_EDGE('',*,*,#9964,.T.);
#9977=ORIENTED_EDGE('',*,*,#9976,.F.);
#9978=ORIENTED_EDGE('',*,*,#9960,.F.);
#9979=EDGE_LOOP('',(#9974,#9975,#9977,#9978));
#9980=FACE_OUTER_BOUND('',#9979,.F.);
#9981=ADVANCED_FACE('',(#9980),#9973,.F.);
#9982=CARTESIAN_POINT('',(-8.95E1,4.7E0,1.2E2));
#9983=DIRECTION('',(0.E0,1.E0,0.E0));
#9984=DIRECTION('',(1.E0,0.E0,0.E0));
#9985=AXIS2_PLACEMENT_3D('',#9982,#9983,#9984);
#9986=CYLINDRICAL_SURFACE('',#9985,6.E0);
#9987=ORIENTED_EDGE('',*,*,#9856,.T.);
#9989=ORIENTED_EDGE('',*,*,#9988,.F.);
#9990=ORIENTED_EDGE('',*,*,#9976,.T.);
#9992=ORIENTED_EDGE('',*,*,#9991,.T.);
#9993=EDGE_LOOP('',(#9987,#9989,#9990,#9992));
#9994=FACE_OUTER_BOUND('',#9993,.F.);
#9995=ADVANCED_FACE('',(#9994),#9986,.F.);
#9996=CARTESIAN_POINT('',(-8.95E1,4.7E0,1.2E2));
#9997=DIRECTION('',(0.E0,1.E0,0.E0));
#9998=DIRECTION('',(1.E0,0.E0,0.E0));
#9999=AXIS2_PLACEMENT_3D('',#9996,#9997,#9998);
#10000=CYLINDRICAL_SURFACE('',#9999,6.E0);
#10001=ORIENTED_EDGE('',*,*,#9854,.T.);
#10002=ORIENTED_EDGE('',*,*,#9991,.F.);
#10003=ORIENTED_EDGE('',*,*,#9962,.F.);
#10004=ORIENTED_EDGE('',*,*,#9988,.T.);
#10005=EDGE_LOOP('',(#10001,#10002,#10003,#10004));
#10006=FACE_OUTER_BOUND('',#10005,.F.);
#10007=ADVANCED_FACE('',(#10006),#10000,.F.);
#10008=CARTESIAN_POINT('',(-5.450585520379E1,1.953125414812E1,
8.209143992923E1));
#10009=CARTESIAN_POINT('',(-5.442581284309E1,1.953232231764E1,
8.212725032090E1));
#10010=CARTESIAN_POINT('',(-5.427017805136E1,1.953445158080E1,
8.219677395262E1));
#10011=CARTESIAN_POINT('',(-5.403879261071E1,1.953776816026E1,
8.229982915979E1));
#10012=CARTESIAN_POINT('',(-5.381174656502E1,1.954116613328E1,
8.240065940238E1));
#10013=CARTESIAN_POINT('',(-5.357997980666E1,1.954478109889E1,
8.250328797078E1));
#10014=CARTESIAN_POINT('',(-5.342382665339E1,1.954731807352E1,
8.257222738107E1));
#10015=CARTESIAN_POINT('',(-5.334344506316E1,1.954865082987E1,
8.260765998167E1));
#10016=CARTESIAN_POINT('',(-5.446446168235E1,1.824411388939E1,
3.903279177387E1));
#10017=CARTESIAN_POINT('',(-5.439821782233E1,1.822319175722E1,
3.906924625080E1));
#10018=CARTESIAN_POINT('',(-5.426940010847E1,1.818258233141E1,
3.914006733872E1));
#10019=CARTESIAN_POINT('',(-5.407784722824E1,1.812241432557E1,
3.924518163070E1));
#10020=CARTESIAN_POINT('',(-5.388985158725E1,1.806357147423E1,
3.934815611647E1));
#10021=CARTESIAN_POINT('',(-5.369791135429E1,1.800370570398E1,
3.945309965107E1));
#10022=CARTESIAN_POINT('',(-5.356856656397E1,1.796350999571E1,
3.952368616065E1));
#10023=CARTESIAN_POINT('',(-5.350197831644E1,1.794285555568E1,
3.955998974063E1));
#10024=CARTESIAN_POINT('',(-5.443522386714E1,4.875142389875E1,
8.618834359781E0));
#10025=CARTESIAN_POINT('',(-5.437871098775E1,4.871496918167E1,
8.639699221728E0));
#10026=CARTESIAN_POINT('',(-5.426883519384E1,4.864414790920E1,
8.680253020819E0));
#10027=CARTESIAN_POINT('',(-5.410550411269E1,4.853903387588E1,
8.740498996225E0));
#10028=CARTESIAN_POINT('',(-5.394525850737E1,4.843605989635E1,
8.799571038527E0));
#10029=CARTESIAN_POINT('',(-5.378170389441E1,4.833111687584E1,
8.859826223870E0));
#10030=CARTESIAN_POINT('',(-5.367152455767E1,4.826053053044E1,
8.900391900806E0));
#10031=CARTESIAN_POINT('',(-5.361481268464E1,4.822422693590E1,
8.921265221124E0));
#10032=CARTESIAN_POINT('',(-5.443658806500E1,9.180594571064E1,
1.003790945983E1));
#10033=CARTESIAN_POINT('',(-5.437959931419E1,9.177021572313E1,
1.003678658489E1));
#10034=CARTESIAN_POINT('',(-5.426883971539E1,9.170077027525E1,
1.003460415783E1));
#10035=CARTESIAN_POINT('',(-5.410431437558E1,9.159760548116E1,
1.003136209591E1));
#10036=CARTESIAN_POINT('',(-5.394301077877E1,9.149645265382E1,
1.002818331379E1));
#10037=CARTESIAN_POINT('',(-5.377849222846E1,9.139327536676E1,
1.002494097262E1));
#10038=CARTESIAN_POINT('',(-5.366774384033E1,9.132381405886E1,
1.002275820206E1));
#10039=CARTESIAN_POINT('',(-5.361076031177E1,9.128807249384E1,
1.002163506381E1));
#10040=(BOUNDED_SURFACE()B_SPLINE_SURFACE(3,3,((#10008,#10009,#10010,#10011,
#10012,#10013,#10014,#10015),(#10016,#10017,#10018,#10019,#10020,#10021,#10022,
#10023),(#10024,#10025,#10026,#10027,#10028,#10029,#10030,#10031),(#10032,
#10033,#10034,#10035,#10036,#10037,#10038,#10039)),.UNSPECIFIED.,.F.,.F.,.F.)B_SPLINE_SURFACE_WITH_KNOTS((4,4),(4,1,1,1,1,4),(0.E0,1.E0),(-3.532688046747E-1,
0.E0,3.333339880423E-1,6.666672540984E-1,1.E0,1.353302735262E0),.UNSPECIFIED.)GEOMETRIC_REPRESENTATION_ITEM()RATIONAL_B_SPLINE_SURFACE(((1.187262732494E0,
1.187262732494E0,1.187262732494E0,1.187262732494E0,1.187262732494E0,
1.187262732494E0,1.187262732494E0,1.187262732494E0),(9.375790891686E-1,
9.375790891686E-1,9.375790891686E-1,9.375790891686E-1,9.375790891686E-1,
9.375790891686E-1,9.375790891686E-1,9.375790891686E-1),(9.375790891686E-1,
9.375790891686E-1,9.375790891686E-1,9.375790891686E-1,9.375790891686E-1,
9.375790891686E-1,9.375790891686E-1,9.375790891686E-1),(1.187262732494E0,
1.187262732494E0,1.187262732494E0,1.187262732494E0,1.187262732494E0,
1.187262732494E0,1.187262732494E0,1.187262732494E0)))REPRESENTATION_ITEM('')SURFACE());
#10041=ORIENTED_EDGE('',*,*,#9916,.F.);
#10042=ORIENTED_EDGE('',*,*,#6537,.T.);
#10043=ORIENTED_EDGE('',*,*,#7864,.T.);
#10045=ORIENTED_EDGE('',*,*,#10044,.F.);
#10046=EDGE_LOOP('',(#10041,#10042,#10043,#10045));
#10047=FACE_OUTER_BOUND('',#10046,.F.);
#10048=ADVANCED_FACE('',(#10047),#10040,.F.);
#10049=CARTESIAN_POINT('',(-5.391539334878E1,1.952866845899E1,
8.200307044155E1));
#10050=CARTESIAN_POINT('',(-5.380539585295E1,1.953047705635E1,
8.206598856160E1));
#10051=CARTESIAN_POINT('',(-4.844597084530E1,1.962273313015E1,
8.512982839973E1));
#10052=CARTESIAN_POINT('',(-3.826083482934E1,2.017788822735E1,
9.079497733009E1));
#10053=CARTESIAN_POINT('',(-2.547575500331E1,2.174221756914E1,
9.745097990184E1));
#10054=CARTESIAN_POINT('',(-1.795704341712E1,2.302163098776E1,
1.011281984815E2));
#10055=CARTESIAN_POINT('',(-1.540058838715E1,2.349716514059E1,
1.023462982791E2));
#10056=CARTESIAN_POINT('',(-5.401594609902E1,1.830024253875E1,
3.909370220891E1));
#10057=CARTESIAN_POINT('',(-5.391135077309E1,1.826330886230E1,
3.915774205739E1));
#10058=CARTESIAN_POINT('',(-4.881506191291E1,1.646836640162E1,
4.227882566397E1));
#10059=CARTESIAN_POINT('',(-3.912373183926E1,1.347734874633E1,
4.829009413349E1));
#10060=CARTESIAN_POINT('',(-2.698366186178E1,1.072921974866E1,
5.592462098008E1));
#10061=CARTESIAN_POINT('',(-1.986843918009E1,9.548854997425E0,
6.040530433829E1));
#10062=CARTESIAN_POINT('',(-1.745216993567E1,9.198873838387E0,
6.192250767540E1));
#10063=CARTESIAN_POINT('',(-5.408703830632E1,4.867066378288E1,
8.756176226869E0));
#10064=CARTESIAN_POINT('',(-5.398632848556E1,4.860633878533E1,
8.792804106442E0));
#10065=CARTESIAN_POINT('',(-4.907982427452E1,4.547526685941E1,
1.058039486975E1));
#10066=CARTESIAN_POINT('',(-3.979136240528E1,3.980325604465E1,
1.424984386743E1));
#10067=CARTESIAN_POINT('',(-2.829372796264E1,3.339813676370E1,
1.942291342428E1));
#10068=CARTESIAN_POINT('',(-2.163693277291E1,2.995916826543E1,
2.267185920850E1));
#10069=CARTESIAN_POINT('',(-1.938711842634E1,2.883059749523E1,
2.379659899356E1));
#10070=CARTESIAN_POINT('',(-5.408405095887E1,9.157879686634E1,
1.003098204025E1));
#10071=CARTESIAN_POINT('',(-5.398327135121E1,9.151562288782E1,
1.002886860002E1));
#10072=CARTESIAN_POINT('',(-4.907408732739E1,8.843807440854E1,
9.929158949793E0));
#10073=CARTESIAN_POINT('',(-3.984470709847E1,8.263289950418E1,
1.003862617602E1));
#10074=CARTESIAN_POINT('',(-2.858372739628E1,7.552146444425E1,
1.085512088024E1));
#10075=CARTESIAN_POINT('',(-2.215257924540E1,7.144261533871E1,
1.161019196464E1));
#10076=CARTESIAN_POINT('',(-1.999101820350E1,7.007104039122E1,
1.189721974672E1));
#10077=(BOUNDED_SURFACE()B_SPLINE_SURFACE(3,3,((#10049,#10050,#10051,#10052,
#10053,#10054,#10055),(#10056,#10057,#10058,#10059,#10060,#10061,#10062),
(#10063,#10064,#10065,#10066,#10067,#10068,#10069),(#10070,#10071,#10072,#10073,
#10074,#10075,#10076)),.UNSPECIFIED.,.F.,.F.,.F.)B_SPLINE_SURFACE_WITH_KNOTS((4,
4),(4,1,1,1,4),(0.E0,1.E0),(-2.541523413455E-3,0.E0,1.212624122275E-1,
2.303195992985E-1,2.857903490923E-1),.UNSPECIFIED.)GEOMETRIC_REPRESENTATION_ITEM()RATIONAL_B_SPLINE_SURFACE(((1.186106551760E0,1.186106551760E0,1.186106551760E0,
1.186106551760E0,1.186106551760E0,1.186106551760E0,1.186106551760E0),(
9.379644827466E-1,9.379644827466E-1,9.379644827465E-1,9.379644827466E-1,
9.379644827466E-1,9.379644827466E-1,9.379644827466E-1),(9.379644827466E-1,
9.379644827466E-1,9.379644827465E-1,9.379644827466E-1,9.379644827466E-1,
9.379644827466E-1,9.379644827466E-1),(1.186106551760E0,1.186106551760E0,
1.186106551760E0,1.186106551760E0,1.186106551760E0,1.186106551760E0,
1.186106551760E0)))REPRESENTATION_ITEM('')SURFACE());
#10078=ORIENTED_EDGE('',*,*,#8321,.F.);
#10079=ORIENTED_EDGE('',*,*,#8393,.T.);
#10080=ORIENTED_EDGE('',*,*,#9740,.T.);
#10081=ORIENTED_EDGE('',*,*,#9918,.F.);
#10082=ORIENTED_EDGE('',*,*,#10044,.T.);
#10083=ORIENTED_EDGE('',*,*,#7862,.T.);
#10084=EDGE_LOOP('',(#10078,#10079,#10080,#10081,#10082,#10083));
#10085=FACE_OUTER_BOUND('',#10084,.F.);
#10086=ADVANCED_FACE('',(#10085),#10077,.F.);
#10087=CARTESIAN_POINT('',(0.E0,0.E0,-1.6E1));
#10088=DIRECTION('',(0.E0,0.E0,-1.E0));
#10089=DIRECTION('',(-1.E0,0.E0,0.E0));
#10090=AXIS2_PLACEMENT_3D('',#10087,#10088,#10089);
#10091=PLANE('',#10090);
#10092=ORIENTED_EDGE('',*,*,#7781,.F.);
#10093=ORIENTED_EDGE('',*,*,#6313,.T.);
#10094=ORIENTED_EDGE('',*,*,#6342,.F.);
#10095=ORIENTED_EDGE('',*,*,#7805,.T.);
#10096=EDGE_LOOP('',(#10092,#10093,#10094,#10095));
#10097=FACE_OUTER_BOUND('',#10096,.F.);
#10098=ADVANCED_FACE('',(#10097),#10091,.T.);
#10099=CARTESIAN_POINT('',(-8.E1,3.070909280632E1,-3.45256E2));
#10100=DIRECTION('',(0.E0,0.E0,1.E0));
#10101=DIRECTION('',(1.E0,0.E0,0.E0));
#10102=AXIS2_PLACEMENT_3D('',#10099,#10100,#10101);
#10103=CYLINDRICAL_SURFACE('',#10102,2.5E1);
#10104=ORIENTED_EDGE('',*,*,#6383,.F.);
#10105=ORIENTED_EDGE('',*,*,#6353,.F.);
#10106=ORIENTED_EDGE('',*,*,#6543,.F.);
#10107=ORIENTED_EDGE('',*,*,#6412,.T.);
#10108=ORIENTED_EDGE('',*,*,#5975,.T.);
#10109=EDGE_LOOP('',(#10104,#10105,#10106,#10107,#10108));
#10110=FACE_OUTER_BOUND('',#10109,.F.);
#10111=ADVANCED_FACE('',(#10110),#10103,.F.);
#10112=CARTESIAN_POINT('',(-8.E1,3.070909280632E1,-3.45256E2));
#10113=DIRECTION('',(0.E0,0.E0,1.E0));
#10114=DIRECTION('',(1.E0,0.E0,0.E0));
#10115=AXIS2_PLACEMENT_3D('',#10112,#10113,#10114);
#10116=CYLINDRICAL_SURFACE('',#10115,2.5E1);
#10117=ORIENTED_EDGE('',*,*,#5946,.T.);
#10118=ORIENTED_EDGE('',*,*,#7808,.F.);
#10119=ORIENTED_EDGE('',*,*,#6338,.F.);
#10121=ORIENTED_EDGE('',*,*,#10120,.F.);
#10122=EDGE_LOOP('',(#10117,#10118,#10119,#10121));
#10123=FACE_OUTER_BOUND('',#10122,.F.);
#10124=ADVANCED_FACE('',(#10123),#10116,.F.);
#10125=CARTESIAN_POINT('',(-5.E1,6.8E1,-5.E0));
#10126=DIRECTION('',(0.E0,4.872605409259E-1,-8.732566434082E-1));
#10127=DIRECTION('',(0.E0,-8.732566434082E-1,-4.872605409259E-1));
#10128=AXIS2_PLACEMENT_3D('',#10125,#10126,#10127);
#10129=PLANE('',#10128);
#10130=ORIENTED_EDGE('',*,*,#5948,.F.);
#10131=ORIENTED_EDGE('',*,*,#10120,.T.);
#10132=ORIENTED_EDGE('',*,*,#6336,.T.);
#10134=ORIENTED_EDGE('',*,*,#10133,.T.);
#10136=ORIENTED_EDGE('',*,*,#10135,.T.);
#10138=ORIENTED_EDGE('',*,*,#10137,.T.);
#10139=ORIENTED_EDGE('',*,*,#5858,.F.);
#10140=EDGE_LOOP('',(#10130,#10131,#10132,#10134,#10136,#10138,#10139));
#10141=FACE_OUTER_BOUND('',#10140,.F.);
#10142=ADVANCED_FACE('',(#10141),#10129,.F.);
#10143=CARTESIAN_POINT('',(-9.157124409145E1,6.604550691391E1,
-3.800292388793E0));
#10144=DIRECTION('',(8.625746700346E-1,-4.418065383104E-1,-2.465196165030E-1));
#10145=DIRECTION('',(0.E0,4.872605409259E-1,-8.732566434082E-1));
#10146=AXIS2_PLACEMENT_3D('',#10143,#10144,#10145);
#10147=CYLINDRICAL_SURFACE('',#10146,2.E0);
#10148=ORIENTED_EDGE('',*,*,#6334,.T.);
#10150=ORIENTED_EDGE('',*,*,#10149,.T.);
#10152=ORIENTED_EDGE('',*,*,#10151,.F.);
#10153=ORIENTED_EDGE('',*,*,#10133,.F.);
#10154=EDGE_LOOP('',(#10148,#10150,#10152,#10153));
#10155=FACE_OUTER_BOUND('',#10154,.F.);
#10156=ADVANCED_FACE('',(#10155),#10147,.F.);
#10157=CARTESIAN_POINT('',(-9.1E1,6.8E1,-2.195E1));
#10158=DIRECTION('',(-4.558758698057E-1,-8.900433648587E-1,0.E0));
#10159=DIRECTION('',(8.900433648587E-1,-4.558758698057E-1,0.E0));
#10160=AXIS2_PLACEMENT_3D('',#10157,#10158,#10159);
#10161=PLANE('',#10160);
#10162=ORIENTED_EDGE('',*,*,#6332,.T.);
#10164=ORIENTED_EDGE('',*,*,#10163,.T.);
#10166=ORIENTED_EDGE('',*,*,#10165,.F.);
#10167=ORIENTED_EDGE('',*,*,#10149,.F.);
#10168=EDGE_LOOP('',(#10162,#10164,#10166,#10167));
#10169=FACE_OUTER_BOUND('',#10168,.F.);
#10170=ADVANCED_FACE('',(#10169),#10161,.T.);
#10171=CARTESIAN_POINT('',(-8.954818588126E1,6.721194703977E1,
6.104594200669E0));
#10172=CARTESIAN_POINT('',(-8.779988896376E1,6.631064784181E1,
6.289371090783E0));
#10173=CARTESIAN_POINT('',(-8.401823971174E1,6.435981527437E1,
6.734566681828E0));
#10174=CARTESIAN_POINT('',(-7.795163630912E1,6.122570270857E1,
7.611864160177E0));
#10175=CARTESIAN_POINT('',(-7.108558681030E1,5.767248296503E1,
8.826307937824E0));
#10176=CARTESIAN_POINT('',(-6.344317445164E1,5.370950172396E1,
1.047327313552E1));
#10177=CARTESIAN_POINT('',(-5.800452669208E1,5.088254528446E1,
1.190036496082E1));
#10178=CARTESIAN_POINT('',(-5.510703538853E1,4.937433811443E1,
1.274376932402E1));
#10179=CARTESIAN_POINT('',(-5.499586398746E1,4.931646787080E1,
1.277625278819E1));
#10180=CARTESIAN_POINT('',(-8.955183387580E1,6.751676865779E1,
7.432589561635E0));
#10181=CARTESIAN_POINT('',(-8.780354690098E1,6.663514830665E1,
7.612849484310E0));
#10182=CARTESIAN_POINT('',(-8.402192144914E1,6.472688161620E1,
8.047277992890E0));
#10183=CARTESIAN_POINT('',(-7.795536479225E1,6.166105172956E1,
8.903733918941E0));
#10184=CARTESIAN_POINT('',(-7.108938047820E1,5.818510773438E1,
1.008974738402E1));
#10185=CARTESIAN_POINT('',(-6.344705822028E1,5.430812988897E1,
1.169862363675E1));
#10186=CARTESIAN_POINT('',(-5.800849110271E1,5.154236431028E1,
1.309305189993E1));
#10187=CARTESIAN_POINT('',(-5.511104874727E1,5.006675132238E1,
1.391724755450E1));
#10188=CARTESIAN_POINT('',(-5.499987923328E1,5.001013164831E1,
1.394899132930E1));
#10189=CARTESIAN_POINT('',(-9.004449427184E1,6.680151794558E1,
8.482448304504E0));
#10190=CARTESIAN_POINT('',(-8.829755005438E1,6.593613852845E1,
8.673142888803E0));
#10191=CARTESIAN_POINT('',(-8.451913880743E1,6.406383318942E1,
9.129404977541E0));
#10192=CARTESIAN_POINT('',(-7.845889514448E1,6.105867453023E1,
1.001816311369E1));
#10193=CARTESIAN_POINT('',(-7.160171401300E1,5.765545075709E1,
1.123689398678E1));
#10194=CARTESIAN_POINT('',(-6.397155982768E1,5.386482414256E1,
1.287682668938E1));
#10195=CARTESIAN_POINT('',(-5.854388338352E1,5.116518795867E1,
1.428845543099E1));
#10196=CARTESIAN_POINT('',(-5.565305145159E1,4.972633031107E1,
1.512009832438E1));
#10197=CARTESIAN_POINT('',(-5.554213678774E1,4.967112312782E1,
1.515212526946E1));
#10198=CARTESIAN_POINT('',(-9.066604870293E1,6.558901938866E1,
8.486758600461E0));
#10199=CARTESIAN_POINT('',(-8.892079854649E1,6.472457141005E1,
8.695212084796E0));
#10200=CARTESIAN_POINT('',(-8.514644243227E1,6.285533634487E1,
9.189948795278E0));
#10201=CARTESIAN_POINT('',(-7.909416342285E1,5.985888881170E1,
1.014054106253E1));
#10202=CARTESIAN_POINT('',(-7.224808863798E1,5.647067367025E1,
1.142922172694E1));
#10203=CARTESIAN_POINT('',(-6.463328604070E1,5.270362624357E1,
1.314665504214E1));
#10204=CARTESIAN_POINT('',(-5.921934958128E1,5.002671959994E1,
1.461277532500E1));
#10205=CARTESIAN_POINT('',(-5.633685754851E1,4.860191151934E1,
1.547307772075E1));
#10206=CARTESIAN_POINT('',(-5.622626441087E1,4.854724626435E1,
1.550620370768E1));
#10207=(BOUNDED_SURFACE()B_SPLINE_SURFACE(3,3,((#10171,#10172,#10173,#10174,
#10175,#10176,#10177,#10178,#10179),(#10180,#10181,#10182,#10183,#10184,#10185,
#10186,#10187,#10188),(#10189,#10190,#10191,#10192,#10193,#10194,#10195,#10196,
#10197),(#10198,#10199,#10200,#10201,#10202,#10203,#10204,#10205,#10206)),
.UNSPECIFIED.,.F.,.F.,.F.)B_SPLINE_SURFACE_WITH_KNOTS((4,4),(4,1,1,1,1,1,4),(
0.E0,1.E0),(2.231745848568E-2,1.706122128190E-1,3.433857857274E-1,
5.387372388545E-1,7.572989100270E-1,1.E0,1.009685842073E0),.UNSPECIFIED.)GEOMETRIC_REPRESENTATION_ITEM()RATIONAL_B_SPLINE_SURFACE(((1.223603337424E0,
1.223603337424E0,1.223603337424E0,1.223603337424E0,1.223603337424E0,
1.223603337424E0,1.223603337424E0,1.223603337424E0,1.223603337424E0),(
9.254655541920E-1,9.254655541920E-1,9.254655541920E-1,9.254655541920E-1,
9.254655541920E-1,9.254655541920E-1,9.254655541920E-1,9.254655541920E-1,
9.254655541920E-1),(9.254655541920E-1,9.254655541920E-1,9.254655541920E-1,
9.254655541920E-1,9.254655541920E-1,9.254655541920E-1,9.254655541920E-1,
9.254655541920E-1,9.254655541920E-1),(1.223603337424E0,1.223603337424E0,
1.223603337424E0,1.223603337424E0,1.223603337424E0,1.223603337424E0,
1.223603337424E0,1.223603337424E0,1.223603337424E0)))REPRESENTATION_ITEM('')SURFACE());
#10208=ORIENTED_EDGE('',*,*,#6330,.T.);
#10209=ORIENTED_EDGE('',*,*,#6380,.T.);
#10211=ORIENTED_EDGE('',*,*,#10210,.F.);
#10212=ORIENTED_EDGE('',*,*,#10163,.F.);
#10213=EDGE_LOOP('',(#10208,#10209,#10211,#10212));
#10214=FACE_OUTER_BOUND('',#10213,.F.);
#10215=ADVANCED_FACE('',(#10214),#10207,.F.);
#10216=CARTESIAN_POINT('',(-5.557326107849E1,4.936238769320E1,
1.227881626967E1));
#10217=CARTESIAN_POINT('',(-5.549830444786E1,4.932567059336E1,
1.229947589910E1));
#10218=CARTESIAN_POINT('',(-5.489791188462E1,4.902210009180E1,
1.247065377189E1));
#10219=CARTESIAN_POINT('',(-5.385724091683E1,4.835498749622E1,
1.285310259125E1));
#10220=CARTESIAN_POINT('',(-5.260978146535E1,4.721711587228E1,
1.353360462066E1));
#10221=CARTESIAN_POINT('',(-5.158901550494E1,4.591496033977E1,
1.435157560778E1));
#10222=CARTESIAN_POINT('',(-5.082033793398E1,4.449832550234E1,
1.529275866696E1));
#10223=CARTESIAN_POINT('',(-5.032774428542E1,4.308109194901E1,
1.629164179231E1));
#10224=CARTESIAN_POINT('',(-5.008604855749E1,4.179033018551E1,
1.725455614215E1));
#10225=CARTESIAN_POINT('',(-5.003697719654E1,4.093075834504E1,
1.792839036735E1));
#10226=CARTESIAN_POINT('',(-5.004120444534E1,4.051119659420E1,
1.826600699165E1));
#10227=CARTESIAN_POINT('',(-5.004245305887E1,4.044906362524E1,
1.831619916755E1));
#10228=CARTESIAN_POINT('',(-5.541790508421E1,5.039354885704E1,
1.347630305826E1));
#10229=CARTESIAN_POINT('',(-5.534041643473E1,5.035625493063E1,
1.349713116674E1));
#10230=CARTESIAN_POINT('',(-5.471980955611E1,5.004795372784E1,
1.366969238195E1));
#10231=CARTESIAN_POINT('',(-5.364509755311E1,4.937108597063E1,
1.405502572453E1));
#10232=CARTESIAN_POINT('',(-5.235924907955E1,4.821929823601E1,
1.473971595539E1));
#10233=CARTESIAN_POINT('',(-5.130928783917E1,4.690470723343E1,
1.556145417692E1));
#10234=CARTESIAN_POINT('',(-5.052038567856E1,4.547860978003E1,
1.650543222608E1));
#10235=CARTESIAN_POINT('',(-5.001588268871E1,4.405580295068E1,
1.750577120790E1));
#10236=CARTESIAN_POINT('',(-4.976876782480E1,4.276295915743E1,
1.846894163499E1));
#10237=CARTESIAN_POINT('',(-4.971866545794E1,4.190348391075E1,
1.914242786956E1));
#10238=CARTESIAN_POINT('',(-4.972298168155E1,4.148428672276E1,
1.947977560949E1));
#10239=CARTESIAN_POINT('',(-4.972425633602E1,4.142221451466E1,
1.952992589883E1));
#10240=CARTESIAN_POINT('',(-5.596603689267E1,5.012189003903E1,
1.494161691969E1));
#10241=CARTESIAN_POINT('',(-5.589748179016E1,5.008967767648E1,
1.496004820853E1));
#10242=CARTESIAN_POINT('',(-5.534819568225E1,4.982327618315E1,
1.511278764630E1));
#10243=CARTESIAN_POINT('',(-5.439358830915E1,4.923658679273E1,
1.545444560489E1));
#10244=CARTESIAN_POINT('',(-5.324318516677E1,4.823054609412E1,
1.606422067533E1));
#10245=CARTESIAN_POINT('',(-5.229623161326E1,4.707240562209E1,
1.679966383879E1));
#10246=CARTESIAN_POINT('',(-5.157868647331E1,4.580446649748E1,
1.764890973983E1));
#10247=CARTESIAN_POINT('',(-5.111620238855E1,4.452835015035E1,
1.855318400098E1));
#10248=CARTESIAN_POINT('',(-5.088820748728E1,4.336023646920E1,
1.942714813937E1));
#10249=CARTESIAN_POINT('',(-5.084174274728E1,4.257943023081E1,
2.003977093070E1));
#10250=CARTESIAN_POINT('',(-5.084574504720E1,4.219769142277E1,
2.034690382121E1));
#10251=CARTESIAN_POINT('',(-5.084692782325E1,4.214114636708E1,
2.039256785040E1));
#10252=CARTESIAN_POINT('',(-5.672548497852E1,4.879133566166E1,
1.535904191275E1));
#10253=CARTESIAN_POINT('',(-5.666930749220E1,4.876530048036E1,
1.537466320498E1));
#10254=CARTESIAN_POINT('',(-5.621883780393E1,4.854980705426E1,
1.550417386315E1));
#10255=CARTESIAN_POINT('',(-5.543063790777E1,4.807225774962E1,
1.579481297452E1));
#10256=CARTESIAN_POINT('',(-5.446789710486E1,4.724075991326E1,
1.631783638841E1));
#10257=CARTESIAN_POINT('',(-5.366366285610E1,4.626747790658E1,
1.695440715970E1));
#10258=CARTESIAN_POINT('',(-5.304498436085E1,4.518330654531E1,
1.769645445722E1));
#10259=CARTESIAN_POINT('',(-5.264071834799E1,4.407442999098E1,
1.849340062983E1));
#10260=CARTESIAN_POINT('',(-5.243921455488E1,4.304586249172E1,
1.926879508703E1));
#10261=CARTESIAN_POINT('',(-5.239778982299E1,4.235166020312E1,
1.981468870950E1));
#10262=CARTESIAN_POINT('',(-5.240135717507E1,4.201083944118E1,
2.008879091793E1));
#10263=CARTESIAN_POINT('',(-5.240241265164E1,4.196032505922E1,
2.012955255890E1));
#10264=(BOUNDED_SURFACE()B_SPLINE_SURFACE(3,3,((#10216,#10217,#10218,#10219,
#10220,#10221,#10222,#10223,#10224,#10225,#10226,#10227),(#10228,#10229,#10230,
#10231,#10232,#10233,#10234,#10235,#10236,#10237,#10238,#10239),(#10240,#10241,
#10242,#10243,#10244,#10245,#10246,#10247,#10248,#10249,#10250,#10251),(#10252,
#10253,#10254,#10255,#10256,#10257,#10258,#10259,#10260,#10261,#10262,#10263)),
.UNSPECIFIED.,.F.,.F.,.F.)B_SPLINE_SURFACE_WITH_KNOTS((4,4),(4,1,1,1,1,1,1,1,1,
4),(0.E0,1.E0),(-2.054527214106E-2,0.E0,1.453408733289E-1,2.877023940913E-1,
4.378224975101E-1,5.931091940225E-1,7.451536598435E-1,8.841551444951E-1,1.E0,
1.020187641474E0),.UNSPECIFIED.)GEOMETRIC_REPRESENTATION_ITEM()RATIONAL_B_SPLINE_SURFACE(((1.289452096921E0,1.289452096921E0,1.289452096921E0,1.289452096921E0,
1.289452096921E0,1.289452096921E0,1.289452096921E0,1.289452096921E0,
1.289452096921E0,1.289452096921E0,1.289452096921E0,1.289452096921E0),(
9.035159676930E-1,9.035159676930E-1,9.035159676930E-1,9.035159676930E-1,
9.035159676930E-1,9.035159676930E-1,9.035159676930E-1,9.035159676930E-1,
9.035159676930E-1,9.035159676930E-1,9.035159676930E-1,9.035159676930E-1),(
9.035159676930E-1,9.035159676930E-1,9.035159676930E-1,9.035159676930E-1,
9.035159676930E-1,9.035159676930E-1,9.035159676930E-1,9.035159676930E-1,
9.035159676930E-1,9.035159676930E-1,9.035159676930E-1,9.035159676930E-1),(
1.289452096921E0,1.289452096921E0,1.289452096921E0,1.289452096921E0,
1.289452096921E0,1.289452096921E0,1.289452096921E0,1.289452096921E0,
1.289452096921E0,1.289452096921E0,1.289452096921E0,1.289452096921E0)))REPRESENTATION_ITEM('')SURFACE());
#10266=ORIENTED_EDGE('',*,*,#10265,.F.);
#10267=ORIENTED_EDGE('',*,*,#10210,.T.);
#10268=ORIENTED_EDGE('',*,*,#6378,.T.);
#10270=ORIENTED_EDGE('',*,*,#10269,.F.);
#10271=EDGE_LOOP('',(#10266,#10267,#10268,#10270));
#10272=FACE_OUTER_BOUND('',#10271,.F.);
#10273=ADVANCED_FACE('',(#10272),#10264,.F.);
#10274=CARTESIAN_POINT('',(-6.E1,4.088654360363E1,-2.286110715104E2));
#10275=DIRECTION('',(0.E0,0.E0,1.E0));
#10276=DIRECTION('',(1.E0,0.E0,0.E0));
#10277=AXIS2_PLACEMENT_3D('',#10274,#10275,#10276);
#10278=CYLINDRICAL_SURFACE('',#10277,1.E1);
#10279=ORIENTED_EDGE('',*,*,#10265,.T.);
#10281=ORIENTED_EDGE('',*,*,#10280,.F.);
#10283=ORIENTED_EDGE('',*,*,#10282,.F.);
#10284=ORIENTED_EDGE('',*,*,#10165,.T.);
#10285=EDGE_LOOP('',(#10279,#10281,#10283,#10284));
#10286=FACE_OUTER_BOUND('',#10285,.F.);
#10287=ADVANCED_FACE('',(#10286),#10278,.F.);
#10288=CARTESIAN_POINT('',(-5.E1,0.E0,0.E0));
#10289=DIRECTION('',(-1.E0,0.E0,0.E0));
#10290=DIRECTION('',(0.E0,0.E0,1.E0));
#10291=AXIS2_PLACEMENT_3D('',#10288,#10289,#10290);
#10292=PLANE('',#10291);
#10294=ORIENTED_EDGE('',*,*,#10293,.T.);
#10296=ORIENTED_EDGE('',*,*,#10295,.T.);
#10297=ORIENTED_EDGE('',*,*,#5862,.F.);
#10299=ORIENTED_EDGE('',*,*,#10298,.F.);
#10300=ORIENTED_EDGE('',*,*,#10280,.T.);
#10301=EDGE_LOOP('',(#10294,#10296,#10297,#10299,#10300));
#10302=FACE_OUTER_BOUND('',#10301,.F.);
#10303=ADVANCED_FACE('',(#10302),#10292,.T.);
#10304=CARTESIAN_POINT('',(-5.2E1,7.966407944183E1,6.685532474445E1));
#10305=DIRECTION('',(-1.E0,0.E0,0.E0));
#10306=DIRECTION('',(0.E0,-6.198467675143E-1,-7.847228713387E-1));
#10307=AXIS2_PLACEMENT_3D('',#10304,#10305,#10306);
#10308=TOROIDAL_SURFACE('',#10307,6.2E1,2.E0);
#10309=ORIENTED_EDGE('',*,*,#10293,.F.);
#10310=ORIENTED_EDGE('',*,*,#10269,.T.);
#10311=ORIENTED_EDGE('',*,*,#6376,.T.);
#10313=ORIENTED_EDGE('',*,*,#10312,.F.);
#10314=EDGE_LOOP('',(#10309,#10310,#10311,#10313));
#10315=FACE_OUTER_BOUND('',#10314,.F.);
#10316=ADVANCED_FACE('',(#10315),#10308,.F.);
#10317=CARTESIAN_POINT('',(-5.004141922827E1,2.510095065351E1,
3.657780186184E1));
#10318=CARTESIAN_POINT('',(-5.004085763798E1,2.506475820666E1,
3.664302433260E1));
#10319=CARTESIAN_POINT('',(-5.003665656439E1,2.452547423932E1,
3.761899611864E1));
#10320=CARTESIAN_POINT('',(-5.014492312861E1,2.357735339811E1,
3.944884251785E1));
#10321=CARTESIAN_POINT('',(-5.059888163412E1,2.240561249717E1,
4.199966750803E1));
#10322=CARTESIAN_POINT('',(-5.127981810170E1,2.144879946369E1,
4.433663245650E1));
#10323=CARTESIAN_POINT('',(-5.218088511313E1,2.063491701209E1,
4.656178208760E1));
#10324=CARTESIAN_POINT('',(-5.338605559668E1,1.989858401348E1,
4.883110779079E1));
#10325=CARTESIAN_POINT('',(-5.445536714996E1,1.946111197779E1,
5.038107094659E1));
#10326=CARTESIAN_POINT('',(-5.510298791923E1,1.924809835922E1,
5.119582616794E1));
#10327=CARTESIAN_POINT('',(-5.514959369609E1,1.923300935335E1,
5.125387997911E1));
#10328=CARTESIAN_POINT('',(-4.972319240196E1,2.646257806565E1,
3.733020237017E1));
#10329=CARTESIAN_POINT('',(-4.972262472845E1,2.642683728984E1,
3.739460494277E1));
#10330=CARTESIAN_POINT('',(-4.971837795429E1,2.589428430745E1,
3.835835015228E1));
#10331=CARTESIAN_POINT('',(-4.982781805740E1,2.495804230395E1,
4.016643870538E1));
#10332=CARTESIAN_POINT('',(-5.028716873604E1,2.380144803488E1,
4.268971763998E1));
#10333=CARTESIAN_POINT('',(-5.097665323176E1,2.285770777003E1,
4.500349369994E1));
#10334=CARTESIAN_POINT('',(-5.188949382901E1,2.205583612148E1,
4.720809203934E1));
#10335=CARTESIAN_POINT('',(-5.311090421402E1,2.133154199982E1,
4.945770400852E1));
#10336=CARTESIAN_POINT('',(-5.419497197984E1,2.090228768855E1,
5.099486706573E1));
#10337=CARTESIAN_POINT('',(-5.485160832147E1,2.069362683948E1,
5.180300041559E1));
#10338=CARTESIAN_POINT('',(-5.489886326918E1,2.067884813415E1,
5.186058292517E1));
#10339=CARTESIAN_POINT('',(-5.084597006807E1,2.744036782979E1,
3.788220000475E1));
#10340=CARTESIAN_POINT('',(-5.084542385756E1,2.740661332443E1,
3.794304071715E1));
#10341=CARTESIAN_POINT('',(-5.084133832556E1,2.690365406956E1,
3.885336228031E1));
#10342=CARTESIAN_POINT('',(-5.094663791271E1,2.601930772581E1,
4.055783335208E1));
#10343=CARTESIAN_POINT('',(-5.138696376044E1,2.492546812694E1,
4.292841855064E1));
#10344=CARTESIAN_POINT('',(-5.204628884063E1,2.403088470878E1,
4.509623593237E1));
#10345=CARTESIAN_POINT('',(-5.291758951065E1,2.326818740633E1,
4.715733195078E1));
#10346=CARTESIAN_POINT('',(-5.408170177636E1,2.257586122345E1,
4.925690243746E1));
#10347=CARTESIAN_POINT('',(-5.511370621971E1,2.216244407635E1,
5.068961755815E1));
#10348=CARTESIAN_POINT('',(-5.573853354193E1,2.196045356621E1,
5.144253075489E1));
#10349=CARTESIAN_POINT('',(-5.578349806512E1,2.194614152874E1,
5.149617709742E1));
#10350=CARTESIAN_POINT('',(-5.240160207401E1,2.715635547473E1,
3.773815211405E1));
#10351=CARTESIAN_POINT('',(-5.240108560093E1,2.712433835269E1,
3.779588722413E1));
#10352=CARTESIAN_POINT('',(-5.239722347333E1,2.664726314682E1,
3.865955754793E1));
#10353=CARTESIAN_POINT('',(-5.249678628878E1,2.580823179824E1,
4.027159038586E1));
#10354=CARTESIAN_POINT('',(-5.291075283424E1,2.476840703756E1,
4.250143897323E1));
#10355=CARTESIAN_POINT('',(-5.352829141165E1,2.391492625746E1,
4.453158523539E1));
#10356=CARTESIAN_POINT('',(-5.434203764121E1,2.318339191669E1,
4.645507967101E1));
#10357=CARTESIAN_POINT('',(-5.542676216086E1,2.251425849194E1,
4.840900425443E1));
#10358=CARTESIAN_POINT('',(-5.638663177891E1,2.211007764501E1,
4.973940815511E1));
#10359=CARTESIAN_POINT('',(-5.696738703757E1,2.191108569785E1,
5.043808549027E1));
#10360=CARTESIAN_POINT('',(-5.700917812954E1,2.189697767113E1,
5.048786511304E1));
#10361=(BOUNDED_SURFACE()B_SPLINE_SURFACE(3,3,((#10317,#10318,#10319,#10320,
#10321,#10322,#10323,#10324,#10325,#10326,#10327),(#10328,#10329,#10330,#10331,
#10332,#10333,#10334,#10335,#10336,#10337,#10338),(#10339,#10340,#10341,#10342,
#10343,#10344,#10345,#10346,#10347,#10348,#10349),(#10350,#10351,#10352,#10353,
#10354,#10355,#10356,#10357,#10358,#10359,#10360)),.UNSPECIFIED.,.F.,.F.,.F.)B_SPLINE_SURFACE_WITH_KNOTS((4,4),(4,1,1,1,1,1,1,1,4),(0.E0,1.E0),(
-1.365212798736E-2,0.E0,1.903814677650E-1,3.621777300608E-1,5.164987856702E-1,
6.644643737867E-1,8.210486452901E-1,1.E0,1.013782939158E0),.UNSPECIFIED.)GEOMETRIC_REPRESENTATION_ITEM()RATIONAL_B_SPLINE_SURFACE(((1.289452076518E0,
1.289452076518E0,1.289452076518E0,1.289452076518E0,1.289452076518E0,
1.289452076518E0,1.289452076518E0,1.289452076518E0,1.289452076518E0,
1.289452076518E0,1.289452076518E0),(9.035159744940E-1,9.035159744940E-1,
9.035159744940E-1,9.035159744940E-1,9.035159744940E-1,9.035159744940E-1,
9.035159744940E-1,9.035159744940E-1,9.035159744940E-1,9.035159744940E-1,
9.035159744940E-1),(9.035159744940E-1,9.035159744940E-1,9.035159744940E-1,
9.035159744940E-1,9.035159744940E-1,9.035159744940E-1,9.035159744940E-1,
9.035159744940E-1,9.035159744940E-1,9.035159744940E-1,9.035159744940E-1),(
1.289452076518E0,1.289452076518E0,1.289452076518E0,1.289452076518E0,
1.289452076518E0,1.289452076518E0,1.289452076518E0,1.289452076518E0,
1.289452076518E0,1.289452076518E0,1.289452076518E0)))REPRESENTATION_ITEM('')SURFACE());
#10363=ORIENTED_EDGE('',*,*,#10362,.F.);
#10364=ORIENTED_EDGE('',*,*,#10312,.T.);
#10365=ORIENTED_EDGE('',*,*,#6374,.T.);
#10367=ORIENTED_EDGE('',*,*,#10366,.F.);
#10368=EDGE_LOOP('',(#10363,#10364,#10365,#10367));
#10369=FACE_OUTER_BOUND('',#10368,.F.);
#10370=ADVANCED_FACE('',(#10369),#10361,.F.);
#10371=CARTESIAN_POINT('',(-7.3E1,2.520960305254E2,3.696693666513E1));
#10372=DIRECTION('',(0.E0,-1.E0,0.E0));
#10373=DIRECTION('',(1.E0,0.E0,0.E0));
#10374=AXIS2_PLACEMENT_3D('',#10371,#10372,#10373);
#10375=CYLINDRICAL_SURFACE('',#10374,2.3E1);
#10376=ORIENTED_EDGE('',*,*,#10362,.T.);
#10378=ORIENTED_EDGE('',*,*,#10377,.T.);
#10380=ORIENTED_EDGE('',*,*,#10379,.F.);
#10381=ORIENTED_EDGE('',*,*,#5864,.F.);
#10382=ORIENTED_EDGE('',*,*,#10295,.F.);
#10383=EDGE_LOOP('',(#10376,#10378,#10380,#10381,#10382));
#10384=FACE_OUTER_BOUND('',#10383,.F.);
#10385=ADVANCED_FACE('',(#10384),#10375,.F.);
#10386=CARTESIAN_POINT('',(-5.E1,-1.449E1,4.5E1));
#10387=DIRECTION('',(-7.825549004816E-1,0.E0,-6.225815831939E-1));
#10388=DIRECTION('',(-6.225815831939E-1,0.E0,7.825549004816E-1));
#10389=AXIS2_PLACEMENT_3D('',#10386,#10387,#10388);
#10390=PLANE('',#10389);
#10392=ORIENTED_EDGE('',*,*,#10391,.F.);
#10394=ORIENTED_EDGE('',*,*,#10393,.F.);
#10396=ORIENTED_EDGE('',*,*,#10395,.F.);
#10398=ORIENTED_EDGE('',*,*,#10397,.F.);
#10399=ORIENTED_EDGE('',*,*,#10377,.F.);
#10401=ORIENTED_EDGE('',*,*,#10400,.T.);
#10402=EDGE_LOOP('',(#10392,#10394,#10396,#10398,#10399,#10401));
#10403=FACE_OUTER_BOUND('',#10402,.F.);
#10404=ADVANCED_FACE('',(#10403),#10390,.T.);
#10405=CARTESIAN_POINT('',(-8.439100068853E1,1.425514614417E1,
8.501539202857E1));
#10406=DIRECTION('',(6.179719463191E-1,1.214632346134E-1,-7.767608101596E-1));
#10407=DIRECTION('',(0.E0,9.879937209414E-1,1.544940367146E-1));
#10408=AXIS2_PLACEMENT_3D('',#10405,#10406,#10407);
#10409=CYLINDRICAL_SURFACE('',#10408,2.E0);
#10410=ORIENTED_EDGE('',*,*,#6519,.T.);
#10412=ORIENTED_EDGE('',*,*,#10411,.T.);
#10413=ORIENTED_EDGE('',*,*,#10391,.T.);
#10415=ORIENTED_EDGE('',*,*,#10414,.T.);
#10416=ORIENTED_EDGE('',*,*,#6370,.F.);
#10418=ORIENTED_EDGE('',*,*,#10417,.F.);
#10419=EDGE_LOOP('',(#10410,#10412,#10413,#10415,#10416,#10418));
#10420=FACE_OUTER_BOUND('',#10419,.F.);
#10421=ADVANCED_FACE('',(#10420),#10409,.F.);
#10422=CARTESIAN_POINT('',(-8.491766380581E1,1.609205878753E1,
8.580491908360E1));
#10423=CARTESIAN_POINT('',(-8.490243855475E1,1.609198566750E1,
8.580538668828E1));
#10424=CARTESIAN_POINT('',(-8.476669823269E1,1.609166132742E1,
8.580746085224E1));
#10425=CARTESIAN_POINT('',(-8.452302826643E1,1.609626748361E1,
8.577800435353E1));
#10426=CARTESIAN_POINT('',(-8.420861455688E1,1.611410317837E1,
8.566394458266E1));
#10427=CARTESIAN_POINT('',(-8.392839727811E1,1.614152916793E1,
8.548855460610E1));
#10428=CARTESIAN_POINT('',(-8.370960193731E1,1.617550213945E1,
8.527129649529E1));
#10429=CARTESIAN_POINT('',(-8.359855786160E1,1.620160597918E1,
8.510436170419E1));
#10430=CARTESIAN_POINT('',(-8.355878131322E1,1.621303469829E1,
8.503127472326E1));
#10431=CARTESIAN_POINT('',(-8.494862324468E1,1.568045465125E1,
8.675917780050E1));
#10432=CARTESIAN_POINT('',(-8.492308641805E1,1.568033173881E1,
8.675996382898E1));
#10433=CARTESIAN_POINT('',(-8.469541198993E1,1.567978595034E1,
8.676345416168E1));
#10434=CARTESIAN_POINT('',(-8.428671535616E1,1.568751582921E1,
8.671402136834E1));
#10435=CARTESIAN_POINT('',(-8.375992709819E1,1.571740504404E1,
8.652287899672E1));
#10436=CARTESIAN_POINT('',(-8.329123155833E1,1.576328904376E1,
8.622944952475E1));
#10437=CARTESIAN_POINT('',(-8.292606802383E1,1.582000152566E1,
8.586677160391E1));
#10438=CARTESIAN_POINT('',(-8.274111644788E1,1.586349232621E1,
8.558864670813E1));
#10439=CARTESIAN_POINT('',(-8.267493095004E1,1.588251630112E1,
8.546698785219E1));
#10440=CARTESIAN_POINT('',(-8.496685013444E1,1.474500045215E1,
8.721259727955E1));
#10441=CARTESIAN_POINT('',(-8.493524252753E1,1.474484822521E1,
8.721357077511E1));
#10442=CARTESIAN_POINT('',(-8.465344331946E1,1.474417206242E1,
8.721789485520E1));
#10443=CARTESIAN_POINT('',(-8.414758979314E1,1.475374098460E1,
8.715670132804E1));
#10444=CARTESIAN_POINT('',(-8.349576931164E1,1.479072652255E1,
8.692017777002E1));
#10445=CARTESIAN_POINT('',(-8.291611011702E1,1.484747738965E1,
8.655725437476E1));
#10446=CARTESIAN_POINT('',(-8.246477457723E1,1.491757740582E1,
8.610896279481E1));
#10447=CARTESIAN_POINT('',(-8.223631110610E1,1.497130451004E1,
8.576537644837E1));
#10448=CARTESIAN_POINT('',(-8.215457774860E1,1.499480007408E1,
8.561512165389E1));
#10449=CARTESIAN_POINT('',(-8.496348524724E1,1.374037617134E1,
8.694479178688E1));
#10450=CARTESIAN_POINT('',(-8.493299837409E1,1.374022935618E1,
8.694573067392E1));
#10451=CARTESIAN_POINT('',(-8.466119120427E1,1.373957726195E1,
8.694990083494E1));
#10452=CARTESIAN_POINT('',(-8.417327392428E1,1.374880667622E1,
8.689087847046E1));
#10453=CARTESIAN_POINT('',(-8.354453578622E1,1.378448215374E1,
8.666273278576E1));
#10454=CARTESIAN_POINT('',(-8.298536172027E1,1.383922687589E1,
8.631263874407E1));
#10455=CARTESIAN_POINT('',(-8.254993449407E1,1.390685540386E1,
8.588015240078E1));
#10456=CARTESIAN_POINT('',(-8.232950380424E1,1.395869277223E1,
8.554865096847E1));
#10457=CARTESIAN_POINT('',(-8.225064075510E1,1.398136283102E1,
8.540367530329E1));
#10458=(BOUNDED_SURFACE()B_SPLINE_SURFACE(3,3,((#10422,#10423,#10424,#10425,
#10426,#10427,#10428,#10429,#10430),(#10431,#10432,#10433,#10434,#10435,#10436,
#10437,#10438,#10439),(#10440,#10441,#10442,#10443,#10444,#10445,#10446,#10447,
#10448),(#10449,#10450,#10451,#10452,#10453,#10454,#10455,#10456,#10457)),
.UNSPECIFIED.,.F.,.F.,.F.)B_SPLINE_SURFACE_WITH_KNOTS((4,4),(4,1,1,1,1,1,4),(
0.E0,1.E0),(-3.384708052318E-2,0.E0,2.676224641167E-1,5.053011264147E-1,
7.388174320004E-1,1.E0,1.188202929543E0),.UNSPECIFIED.)GEOMETRIC_REPRESENTATION_ITEM()RATIONAL_B_SPLINE_SURFACE(((1.138320978608E0,1.138320978608E0,
1.138320978608E0,1.138320978608E0,1.138320978608E0,1.138320978608E0,
1.138320978608E0,1.138320978608E0,1.138320978608E0),(9.538930071306E-1,
9.538930071306E-1,9.538930071306E-1,9.538930071306E-1,9.538930071306E-1,
9.538930071306E-1,9.538930071306E-1,9.538930071306E-1,9.538930071306E-1),(
9.538930071306E-1,9.538930071306E-1,9.538930071306E-1,9.538930071306E-1,
9.538930071306E-1,9.538930071306E-1,9.538930071306E-1,9.538930071306E-1,
9.538930071306E-1),(1.138320978608E0,1.138320978608E0,1.138320978608E0,
1.138320978608E0,1.138320978608E0,1.138320978608E0,1.138320978608E0,
1.138320978608E0,1.138320978608E0)))REPRESENTATION_ITEM('')SURFACE());
#10459=ORIENTED_EDGE('',*,*,#6517,.F.);
#10461=ORIENTED_EDGE('',*,*,#10460,.T.);
#10462=ORIENTED_EDGE('',*,*,#10411,.F.);
#10463=EDGE_LOOP('',(#10459,#10461,#10462));
#10464=FACE_OUTER_BOUND('',#10463,.F.);
#10465=ADVANCED_FACE('',(#10464),#10458,.F.);
#10466=CARTESIAN_POINT('',(-8.487195200925E1,-2.131257099292E2,
8.401370935130E1));
#10467=DIRECTION('',(0.E0,1.E0,0.E0));
#10468=DIRECTION('',(0.E0,0.E0,1.E0));
#10469=AXIS2_PLACEMENT_3D('',#10466,#10467,#10468);
#10470=CYLINDRICAL_SURFACE('',#10469,3.E0);
#10471=ORIENTED_EDGE('',*,*,#6515,.F.);
#10473=ORIENTED_EDGE('',*,*,#10472,.F.);
#10474=ORIENTED_EDGE('',*,*,#10393,.T.);
#10475=ORIENTED_EDGE('',*,*,#10460,.F.);
#10476=EDGE_LOOP('',(#10471,#10473,#10474,#10475));
#10477=FACE_OUTER_BOUND('',#10476,.F.);
#10478=ADVANCED_FACE('',(#10477),#10470,.F.);
#10479=CARTESIAN_POINT('',(-8.353305527782E1,9.923820674490E0,
8.499333391537E1));
#10480=CARTESIAN_POINT('',(-8.357386639576E1,9.933542216692E0,
8.506849401893E1));
#10481=CARTESIAN_POINT('',(-8.368720606784E1,9.955602526780E0,
8.523904876800E1));
#10482=CARTESIAN_POINT('',(-8.391098103399E1,9.984364480275E0,
8.546141589436E1));
#10483=CARTESIAN_POINT('',(-8.419688303073E1,1.000750444600E1,
8.564031777891E1));
#10484=CARTESIAN_POINT('',(-8.451759474444E1,1.002251152859E1,
8.575634195053E1));
#10485=CARTESIAN_POINT('',(-8.476464274978E1,1.002636324816E1,
8.578612072803E1));
#10486=CARTESIAN_POINT('',(-8.490199155022E1,1.002610036533E1,
8.578408830351E1));
#10487=CARTESIAN_POINT('',(-8.491699410874E1,1.002604267299E1,
8.578364226708E1));
#10488=CARTESIAN_POINT('',(-8.265182895340E1,1.025776787788E1,
8.543480091168E1));
#10489=CARTESIAN_POINT('',(-8.271924882482E1,1.027383419495E1,
8.555901433687E1));
#10490=CARTESIAN_POINT('',(-8.290661937096E1,1.031031329137E1,
8.584104496612E1));
#10491=CARTESIAN_POINT('',(-8.327708030009E1,1.035793497788E1,
8.620922223835E1));
#10492=CARTESIAN_POINT('',(-8.375107480408E1,1.039630488275E1,
8.650587126419E1));
#10493=CARTESIAN_POINT('',(-8.428338346859E1,1.042121649358E1,
8.669847025835E1));
#10494=CARTESIAN_POINT('',(-8.469371567015E1,1.042761656290E1,
8.674795107764E1));
#10495=CARTESIAN_POINT('',(-8.492184643344E1,1.042717869226E1,
8.674456577088E1));
#10496=CARTESIAN_POINT('',(-8.494676497336E1,1.042708269105E1,
8.674382355728E1));
#10497=CARTESIAN_POINT('',(-8.214277152777E1,1.115065675897E1,
8.559928461241E1));
#10498=CARTESIAN_POINT('',(-8.222556246014E1,1.117038825793E1,
8.575183463732E1));
#10499=CARTESIAN_POINT('',(-8.245569837213E1,1.121519664507E1,
8.609826146425E1));
#10500=CARTESIAN_POINT('',(-8.291089528409E1,1.127371302103E1,
8.655066878662E1));
#10501=CARTESIAN_POINT('',(-8.349354506183E1,1.132088079473E1,
8.691533672537E1));
#10502=CARTESIAN_POINT('',(-8.414808679639E1,1.135151394782E1,
8.715217064643E1));
#10503=CARTESIAN_POINT('',(-8.465274327116E1,1.135938612064E1,
8.721303273111E1));
#10504=CARTESIAN_POINT('',(-8.493331599065E1,1.135884716492E1,
8.720886590577E1));
#10505=CARTESIAN_POINT('',(-8.496396268896E1,1.135872903384E1,
8.720795259970E1));
#10506=CARTESIAN_POINT('',(-8.225380278709E1,1.216763496256E1,
8.540667860546E1));
#10507=CARTESIAN_POINT('',(-8.233324111488E1,1.218656704334E1,
8.555304809318E1));
#10508=CARTESIAN_POINT('',(-8.255404941041E1,1.222955871671E1,
8.588542937130E1));
#10509=CARTESIAN_POINT('',(-8.299076443327E1,1.228569883602E1,
8.631946515429E1));
#10510=CARTESIAN_POINT('',(-8.354971525041E1,1.233094769369E1,
8.666929738850E1));
#10511=CARTESIAN_POINT('',(-8.417759655136E1,1.236033291283E1,
8.689648316499E1));
#10512=CARTESIAN_POINT('',(-8.466167982100E1,1.236788400301E1,
8.695486286523E1));
#10513=CARTESIAN_POINT('',(-8.493081434876E1,1.236736709510E1,
8.695086649806E1));
#10514=CARTESIAN_POINT('',(-8.496021167007E1,1.236725379081E1,
8.694999050921E1));
#10515=(BOUNDED_SURFACE()B_SPLINE_SURFACE(3,3,((#10479,#10480,#10481,#10482,
#10483,#10484,#10485,#10486,#10487),(#10488,#10489,#10490,#10491,#10492,#10493,
#10494,#10495,#10496),(#10497,#10498,#10499,#10500,#10501,#10502,#10503,#10504,
#10505),(#10506,#10507,#10508,#10509,#10510,#10511,#10512,#10513,#10514)),
.UNSPECIFIED.,.F.,.F.,.F.)B_SPLINE_SURFACE_WITH_KNOTS((4,4),(4,1,1,1,1,1,4),(
0.E0,1.E0),(-1.893084261769E-1,0.E0,2.601361032080E-1,4.957264854544E-1,
7.330437352235E-1,1.E0,1.032769596950E0),.UNSPECIFIED.)GEOMETRIC_REPRESENTATION_ITEM()RATIONAL_B_SPLINE_SURFACE(((1.138633568993E0,1.138633568993E0,
1.138633568993E0,1.138633568993E0,1.138633568993E0,1.138633568993E0,
1.138633568993E0,1.138633568993E0,1.138633568993E0),(9.537888103357E-1,
9.537888103357E-1,9.537888103357E-1,9.537888103357E-1,9.537888103357E-1,
9.537888103357E-1,9.537888103357E-1,9.537888103357E-1,9.537888103357E-1),(
9.537888103357E-1,9.537888103357E-1,9.537888103357E-1,9.537888103357E-1,
9.537888103357E-1,9.537888103357E-1,9.537888103357E-1,9.537888103357E-1,
9.537888103357E-1),(1.138633568993E0,1.138633568993E0,1.138633568993E0,
1.138633568993E0,1.138633568993E0,1.138633568993E0,1.138633568993E0,
1.138633568993E0,1.138633568993E0)))REPRESENTATION_ITEM('')SURFACE());
#10516=ORIENTED_EDGE('',*,*,#6513,.F.);
#10518=ORIENTED_EDGE('',*,*,#10517,.T.);
#10519=ORIENTED_EDGE('',*,*,#10472,.T.);
#10520=EDGE_LOOP('',(#10516,#10518,#10519));
#10521=FACE_OUTER_BOUND('',#10520,.F.);
#10522=ADVANCED_FACE('',(#10521),#10515,.F.);
#10523=CARTESIAN_POINT('',(-5.843418589870E1,7.651877824697E0,
5.238893284154E1));
#10524=DIRECTION('',(-6.194166106022E-1,1.007045723024E-1,7.785766832031E-1));
#10525=DIRECTION('',(0.E0,-9.917385241823E-1,1.282758732290E-1));
#10526=AXIS2_PLACEMENT_3D('',#10523,#10524,#10525);
#10527=CYLINDRICAL_SURFACE('',#10526,2.E0);
#10528=ORIENTED_EDGE('',*,*,#6511,.F.);
#10530=ORIENTED_EDGE('',*,*,#10529,.F.);
#10532=ORIENTED_EDGE('',*,*,#10531,.T.);
#10533=ORIENTED_EDGE('',*,*,#10395,.T.);
#10534=ORIENTED_EDGE('',*,*,#10517,.F.);
#10535=EDGE_LOOP('',(#10528,#10530,#10532,#10533,#10534));
#10536=FACE_OUTER_BOUND('',#10535,.F.);
#10537=ADVANCED_FACE('',(#10536),#10527,.F.);
#10538=CARTESIAN_POINT('',(-5.E1,5.714255377055E0,5.3E1));
#10539=DIRECTION('',(0.E0,-9.917385241823E-1,1.282758732290E-1));
#10540=DIRECTION('',(0.E0,1.282758732290E-1,9.917385241823E-1));
#10541=AXIS2_PLACEMENT_3D('',#10538,#10539,#10540);
#10542=PLANE('',#10541);
#10543=ORIENTED_EDGE('',*,*,#6509,.F.);
#10545=ORIENTED_EDGE('',*,*,#10544,.F.);
#10546=ORIENTED_EDGE('',*,*,#10529,.T.);
#10547=EDGE_LOOP('',(#10543,#10545,#10546));
#10548=FACE_OUTER_BOUND('',#10547,.F.);
#10549=ADVANCED_FACE('',(#10548),#10542,.F.);
#10550=CARTESIAN_POINT('',(-5.E1,-1.907920772750E1,5.620689683072E1));
#10551=DIRECTION('',(-1.E0,0.E0,0.E0));
#10552=DIRECTION('',(0.E0,0.E0,1.E0));
#10553=AXIS2_PLACEMENT_3D('',#10550,#10551,#10552);
#10554=CYLINDRICAL_SURFACE('',#10553,2.5E1);
#10555=ORIENTED_EDGE('',*,*,#5959,.T.);
#10556=ORIENTED_EDGE('',*,*,#5868,.T.);
#10558=ORIENTED_EDGE('',*,*,#10557,.T.);
#10560=ORIENTED_EDGE('',*,*,#10559,.T.);
#10561=ORIENTED_EDGE('',*,*,#10544,.T.);
#10562=ORIENTED_EDGE('',*,*,#6507,.T.);
#10563=ORIENTED_EDGE('',*,*,#6396,.T.);
#10564=EDGE_LOOP('',(#10555,#10556,#10558,#10560,#10561,#10562,#10563));
#10565=FACE_OUTER_BOUND('',#10564,.F.);
#10566=ADVANCED_FACE('',(#10565),#10554,.T.);
#10567=CARTESIAN_POINT('',(-5.243487968472E1,-2.707346606363E0,
3.725978911836E1));
#10568=CARTESIAN_POINT('',(-5.241371968096E1,-2.310604927168E0,
3.760261269519E1));
#10569=CARTESIAN_POINT('',(-5.239022555666E1,-1.557806471884E0,
3.829563423093E1));
#10570=CARTESIAN_POINT('',(-5.241801564939E1,-5.394716576813E-1,
3.935521065980E1));
#10571=CARTESIAN_POINT('',(-5.250712747522E1,3.525136948547E-1,
4.039517354424E1));
#10572=CARTESIAN_POINT('',(-5.265517767602E1,1.145018602470E0,
4.142328658234E1));
#10573=CARTESIAN_POINT('',(-5.287053430232E1,1.874666073880E0,
4.247663243922E1));
#10574=CARTESIAN_POINT('',(-5.316393295562E1,2.548399999180E0,
4.356443195964E1));
#10575=CARTESIAN_POINT('',(-5.353697747116E1,3.152445295631E0,
4.466121666056E1));
#10576=CARTESIAN_POINT('',(-5.398325149618E1,3.678871867680E0,
4.573919894195E1));
#10577=CARTESIAN_POINT('',(-5.450714363761E1,4.140028530371E0,
4.680673665980E1));
#10578=CARTESIAN_POINT('',(-5.513697351850E1,4.555244340574E0,
4.790328699409E1));
#10579=CARTESIAN_POINT('',(-5.591931414963E1,4.933904010632E0,
4.906738765921E1));
#10580=CARTESIAN_POINT('',(-5.657876754814E1,5.159298009402E0,
4.990022374969E1));
#10581=CARTESIAN_POINT('',(-5.696894441554E1,5.267772043651E0,
5.034865426753E1));
#10582=CARTESIAN_POINT('',(-5.701222277626E1,5.279523327087E0,
5.039788609850E1));
#10583=CARTESIAN_POINT('',(-5.089833792293E1,-2.956367135948E0,
3.746035973765E1));
#10584=CARTESIAN_POINT('',(-5.087656219075E1,-2.551396752234E0,
3.780868220782E1));
#10585=CARTESIAN_POINT('',(-5.085223244352E1,-1.780642719158E0,
3.851621953732E1));
#10586=CARTESIAN_POINT('',(-5.088100903004E1,-7.328308560255E-1,
3.960855900097E1));
#10587=CARTESIAN_POINT('',(-5.097411683679E1,1.882245828828E-1,
4.069018387107E1));
#10588=CARTESIAN_POINT('',(-5.112974329857E1,1.008228314549E0,
4.176789474440E1));
#10589=CARTESIAN_POINT('',(-5.135734269218E1,1.763539659934E0,
4.288002440266E1));
#10590=CARTESIAN_POINT('',(-5.166897695119E1,2.459864456303E0,
4.403617088827E1));
#10591=CARTESIAN_POINT('',(-5.206698618340E1,3.081478128666E0,
4.520864102084E1));
#10592=CARTESIAN_POINT('',(-5.254488211325E1,3.619154718537E0,
4.636633754724E1));
#10593=CARTESIAN_POINT('',(-5.310747289236E1,4.084962187043E0,
4.751668374727E1));
#10594=CARTESIAN_POINT('',(-5.378522185648E1,4.497714777659E0,
4.870099966222E1));
#10595=CARTESIAN_POINT('',(-5.462825279887E1,4.865211276051E0,
4.995983749837E1));
#10596=CARTESIAN_POINT('',(-5.533933102770E1,5.075858704408E0,
5.086051118765E1));
#10597=CARTESIAN_POINT('',(-5.576003197298E1,5.174386817215E0,
5.134516741573E1));
#10598=CARTESIAN_POINT('',(-5.580669566262E1,5.185021736413E0,
5.139837219683E1));
#10599=CARTESIAN_POINT('',(-4.978047690224E1,-2.268780407543E0,
3.659965557295E1));
#10600=CARTESIAN_POINT('',(-4.975825321686E1,-1.836572782008E0,
3.697031889831E1));
#10601=CARTESIAN_POINT('',(-4.973331553932E1,-1.012401005637E0,
3.772553907799E1));
#10602=CARTESIAN_POINT('',(-4.976280981734E1,1.115171460677E-1,
3.889861822707E1));
#10603=CARTESIAN_POINT('',(-4.985882477014E1,1.101645874268E0,
4.006653559936E1));
#10604=CARTESIAN_POINT('',(-5.001996309437E1,1.984258126373E0,
4.123579135471E1));
#10605=CARTESIAN_POINT('',(-5.025646931543E1,2.797468816803E0,
4.244762069908E1));
#10606=CARTESIAN_POINT('',(-5.058137029671E1,3.546435820026E0,
4.371239257227E1));
#10607=CARTESIAN_POINT('',(-5.099754179717E1,4.213255328780E0,
4.499940755651E1));
#10608=CARTESIAN_POINT('',(-5.149844321617E1,4.787318148594E0,
4.627363421823E1));
#10609=CARTESIAN_POINT('',(-5.208918793141E1,5.281141897863E0,
4.754224820272E1));
#10610=CARTESIAN_POINT('',(-5.280179886714E1,5.714188891324E0,
4.885005277017E1));
#10611=CARTESIAN_POINT('',(-5.368898307304E1,6.093582071277E0,
5.024114678091E1));
#10612=CARTESIAN_POINT('',(-5.443761926934E1,6.305304192564E0,
5.123648501895E1));
#10613=CARTESIAN_POINT('',(-5.488052701545E1,6.402237306929E0,
5.177188934377E1));
#10614=CARTESIAN_POINT('',(-5.492965359111E1,6.412670598066E0,
5.183066251993E1));
#10615=CARTESIAN_POINT('',(-5.007010372292E1,-1.252793189713E0,
3.543901490652E1));
#10616=CARTESIAN_POINT('',(-5.004799609782E1,-7.984325636798E-1,
3.582909938282E1));
#10617=CARTESIAN_POINT('',(-5.002321592906E1,6.736830687742E-2,
3.662299147026E1));
#10618=CARTESIAN_POINT('',(-5.005252426026E1,1.246701955842E0,
3.785336844028E1));
#10619=CARTESIAN_POINT('',(-5.014778600004E1,2.284808204533E0,
3.907587855654E1));
#10620=CARTESIAN_POINT('',(-5.030749625480E1,3.209758131159E0,
4.029764995862E1));
#10621=CARTESIAN_POINT('',(-5.054169480427E1,4.061888609698E0,
4.156190523691E1));
#10622=CARTESIAN_POINT('',(-5.086315850800E1,4.846984343883E0,
4.287949602891E1));
#10623=CARTESIAN_POINT('',(-5.127462434299E1,5.546660200172E0,
4.421859431513E1));
#10624=CARTESIAN_POINT('',(-5.176956526551E1,6.150059920329E0,
4.554308994452E1));
#10625=CARTESIAN_POINT('',(-5.235301557218E1,6.670483545603E0,
4.686081691540E1));
#10626=CARTESIAN_POINT('',(-5.305659411317E1,7.128631093400E0,
4.821860097339E1));
#10627=CARTESIAN_POINT('',(-5.393233864178E1,7.532457565110E0,
4.966248259218E1));
#10628=CARTESIAN_POINT('',(-5.467124393727E1,7.760125020025E0,
5.069557653690E1));
#10629=CARTESIAN_POINT('',(-5.510839811920E1,7.865224919292E0,
5.125136197368E1));
#10630=CARTESIAN_POINT('',(-5.515688658527E1,7.876549669212E0,
5.131237345039E1));
#10631=(BOUNDED_SURFACE()B_SPLINE_SURFACE(3,3,((#10567,#10568,#10569,#10570,
#10571,#10572,#10573,#10574,#10575,#10576,#10577,#10578,#10579,#10580,#10581,
#10582),(#10583,#10584,#10585,#10586,#10587,#10588,#10589,#10590,#10591,#10592,
#10593,#10594,#10595,#10596,#10597,#10598),(#10599,#10600,#10601,#10602,#10603,
#10604,#10605,#10606,#10607,#10608,#10609,#10610,#10611,#10612,#10613,#10614),(
#10615,#10616,#10617,#10618,#10619,#10620,#10621,#10622,#10623,#10624,#10625,
#10626,#10627,#10628,#10629,#10630)),.UNSPECIFIED.,.F.,.F.,.F.)B_SPLINE_SURFACE_WITH_KNOTS((4,4),(4,1,1,1,1,1,1,1,1,1,1,1,1,4),(0.E0,1.E0),(8.740750420963E-1,
8.859309426225E-1,8.972314992974E-1,9.074651658192E-1,9.172346583248E-1,
9.271098744785E-1,9.372525612949E-1,9.473865269678E-1,9.571561790633E-1,
9.667034019468E-1,9.767232812174E-1,9.877299288060E-1,1.E0,1.001519585485E0),
.UNSPECIFIED.)GEOMETRIC_REPRESENTATION_ITEM()RATIONAL_B_SPLINE_SURFACE(((
1.283924826286E0,1.283924826286E0,1.283924826286E0,1.283924826286E0,
1.283924826286E0,1.283924826286E0,1.283924826286E0,1.283924826286E0,
1.283924826286E0,1.283924826286E0,1.283924826286E0,1.283924826286E0,
1.283924826286E0,1.283924826286E0,1.283924826286E0,1.283924826286E0),(
9.053583912378E-1,9.053583912378E-1,9.053583912378E-1,9.053583912378E-1,
9.053583912378E-1,9.053583912378E-1,9.053583912378E-1,9.053583912378E-1,
9.053583912378E-1,9.053583912378E-1,9.053583912378E-1,9.053583912378E-1,
9.053583912378E-1,9.053583912378E-1,9.053583912378E-1,9.053583912378E-1),(
9.053583912378E-1,9.053583912378E-1,9.053583912378E-1,9.053583912378E-1,
9.053583912378E-1,9.053583912378E-1,9.053583912378E-1,9.053583912378E-1,
9.053583912378E-1,9.053583912378E-1,9.053583912378E-1,9.053583912378E-1,
9.053583912378E-1,9.053583912378E-1,9.053583912378E-1,9.053583912378E-1),(
1.283924826286E0,1.283924826286E0,1.283924826286E0,1.283924826286E0,
1.283924826286E0,1.283924826286E0,1.283924826286E0,1.283924826286E0,
1.283924826286E0,1.283924826286E0,1.283924826286E0,1.283924826286E0,
1.283924826286E0,1.283924826286E0,1.283924826286E0,1.283924826286E0)))REPRESENTATION_ITEM('')SURFACE());
#10632=ORIENTED_EDGE('',*,*,#10557,.F.);
#10633=ORIENTED_EDGE('',*,*,#5866,.T.);
#10634=ORIENTED_EDGE('',*,*,#10379,.T.);
#10636=ORIENTED_EDGE('',*,*,#10635,.F.);
#10637=EDGE_LOOP('',(#10632,#10633,#10634,#10636));
#10638=FACE_OUTER_BOUND('',#10637,.F.);
#10639=ADVANCED_FACE('',(#10638),#10631,.F.);
#10640=CARTESIAN_POINT('',(-5.675396346699E1,5.206345231526E0,
5.009931393897E1));
#10641=CARTESIAN_POINT('',(-5.679703355658E1,5.218941668105E0,
5.014939806973E1));
#10642=CARTESIAN_POINT('',(-5.708340602432E1,5.301603131369E0,
5.048241765084E1));
#10643=CARTESIAN_POINT('',(-5.760834841365E1,5.439892144264E0,
5.109299972931E1));
#10644=CARTESIAN_POINT('',(-5.832457039101E1,5.598756985297E0,
5.192636814387E1));
#10645=CARTESIAN_POINT('',(-5.884091139479E1,5.692655951735E0,
5.252737325037E1));
#10646=CARTESIAN_POINT('',(-5.911814984765E1,5.736653836821E0,
5.285013632844E1));
#10647=CARTESIAN_POINT('',(-5.916178824428E1,5.743420698571E0,
5.290094210616E1));
#10648=CARTESIAN_POINT('',(-5.559318944125E1,5.124945570207E0,
5.104242318173E1));
#10649=CARTESIAN_POINT('',(-5.563647588275E1,5.135659710542E0,
5.109261112397E1));
#10650=CARTESIAN_POINT('',(-5.592426712970E1,5.205801692132E0,
5.142625830591E1));
#10651=CARTESIAN_POINT('',(-5.645157151078E1,5.321097282323E0,
5.203723016736E1));
#10652=CARTESIAN_POINT('',(-5.717048006963E1,5.448561676525E0,
5.286940488773E1));
#10653=CARTESIAN_POINT('',(-5.768838800317E1,5.519851021301E0,
5.346834892114E1));
#10654=CARTESIAN_POINT('',(-5.796635298184E1,5.551732054934E0,
5.378963027796E1));
#10655=CARTESIAN_POINT('',(-5.801010289750E1,5.556592309152E0,
5.384019355977E1));
#10656=CARTESIAN_POINT('',(-5.472258929110E1,6.270415314790E0,
5.145887452136E1));
#10657=CARTESIAN_POINT('',(-5.476603800020E1,6.280318506588E0,
5.151163222384E1));
#10658=CARTESIAN_POINT('',(-5.505489335555E1,6.345011052173E0,
5.186231841544E1));
#10659=CARTESIAN_POINT('',(-5.558396927037E1,6.449625452426E0,
5.250394979691E1));
#10660=CARTESIAN_POINT('',(-5.630489281078E1,6.561012213197E0,
5.337665319648E1));
#10661=CARTESIAN_POINT('',(-5.682397596815E1,6.619706093250E0,
5.400390905163E1));
#10662=CARTESIAN_POINT('',(-5.710248585345E1,6.644522549136E0,
5.434010872456E1));
#10663=CARTESIAN_POINT('',(-5.714631941027E1,6.648263408550E0,
5.439301321116E1));
#10664=CARTESIAN_POINT('',(-5.486658184767E1,7.689619029541E0,
5.100214241152E1));
#10665=CARTESIAN_POINT('',(-5.491000371858E1,7.700457403750E0,
5.105779754780E1));
#10666=CARTESIAN_POINT('',(-5.519868307616E1,7.771304987418E0,
5.142775614579E1));
#10667=CARTESIAN_POINT('',(-5.572746598888E1,7.886438155971E0,
5.210480526373E1));
#10668=CARTESIAN_POINT('',(-5.644805626224E1,8.010448155990E0,
5.302603615358E1));
#10669=CARTESIAN_POINT('',(-5.696694504394E1,8.077041305170E0,
5.368841870408E1));
#10670=CARTESIAN_POINT('',(-5.724536480463E1,8.105723830861E0,
5.404352332909E1));
#10671=CARTESIAN_POINT('',(-5.728918452766E1,8.110063946903E0,
5.409940462498E1));
#10672=(BOUNDED_SURFACE()B_SPLINE_SURFACE(3,3,((#10640,#10641,#10642,#10643,
#10644,#10645,#10646,#10647),(#10648,#10649,#10650,#10651,#10652,#10653,#10654,
#10655),(#10656,#10657,#10658,#10659,#10660,#10661,#10662,#10663),(#10664,
#10665,#10666,#10667,#10668,#10669,#10670,#10671)),.UNSPECIFIED.,.F.,.F.,.F.)B_SPLINE_SURFACE_WITH_KNOTS((4,4),(4,1,1,1,1,4),(0.E0,1.E0),(-6.061490560783E-2,
0.E0,3.422166437094E-1,6.754957246028E-1,1.E0,1.060602969006E0),.UNSPECIFIED.)GEOMETRIC_REPRESENTATION_ITEM()RATIONAL_B_SPLINE_SURFACE(((1.262662661206E0,
1.262662661206E0,1.262662661206E0,1.262662661206E0,1.262662661206E0,
1.262662661206E0,1.262662661206E0,1.262662661206E0),(9.124457795980E-1,
9.124457795980E-1,9.124457795980E-1,9.124457795980E-1,9.124457795980E-1,
9.124457795980E-1,9.124457795980E-1,9.124457795980E-1),(9.124457795980E-1,
9.124457795980E-1,9.124457795980E-1,9.124457795980E-1,9.124457795980E-1,
9.124457795980E-1,9.124457795980E-1,9.124457795980E-1),(1.262662661206E0,
1.262662661206E0,1.262662661206E0,1.262662661206E0,1.262662661206E0,
1.262662661206E0,1.262662661206E0,1.262662661206E0)))REPRESENTATION_ITEM('')SURFACE());
#10673=ORIENTED_EDGE('',*,*,#10559,.F.);
#10674=ORIENTED_EDGE('',*,*,#10635,.T.);
#10675=ORIENTED_EDGE('',*,*,#10397,.T.);
#10676=ORIENTED_EDGE('',*,*,#10531,.F.);
#10677=EDGE_LOOP('',(#10673,#10674,#10675,#10676));
#10678=FACE_OUTER_BOUND('',#10677,.F.);
#10679=ADVANCED_FACE('',(#10678),#10672,.F.);
#10680=CARTESIAN_POINT('',(-5.485587311914E1,1.958783921538E1,
5.101933763669E1));
#10681=CARTESIAN_POINT('',(-5.489761856014E1,1.957390117312E1,
5.107219911273E1));
#10682=CARTESIAN_POINT('',(-5.523408313273E1,1.946216616378E1,
5.149824683901E1));
#10683=CARTESIAN_POINT('',(-5.586713511267E1,1.926107568539E1,
5.229967961493E1));
#10684=CARTESIAN_POINT('',(-5.659447995154E1,1.904824839388E1,
5.322014653842E1));
#10685=CARTESIAN_POINT('',(-5.702658137506E1,1.892960108860E1,
5.376683171639E1));
#10686=CARTESIAN_POINT('',(-5.716138291298E1,1.889334091635E1,
5.393736542364E1));
#10687=CARTESIAN_POINT('',(-5.478974989793E1,2.094629636969E1,
5.145855583673E1));
#10688=CARTESIAN_POINT('',(-5.483150143259E1,2.093274127564E1,
5.151023381012E1));
#10689=CARTESIAN_POINT('',(-5.516801487300E1,2.082407932071E1,
5.192674166467E1));
#10690=CARTESIAN_POINT('',(-5.580115507143E1,2.062856697729E1,
5.271021105218E1));
#10691=CARTESIAN_POINT('',(-5.652859384566E1,2.042174165175E1,
5.361001031444E1));
#10692=CARTESIAN_POINT('',(-5.696074790143E1,2.030648560013E1,
5.414440493850E1));
#10693=CARTESIAN_POINT('',(-5.709556555191E1,2.027126649350E1,
5.431110320160E1));
#10694=CARTESIAN_POINT('',(-5.564782247912E1,2.202586165420E1,
5.108313475267E1));
#10695=CARTESIAN_POINT('',(-5.568949493713E1,2.201200565992E1,
5.113376671510E1));
#10696=CARTESIAN_POINT('',(-5.602537422611E1,2.190090605301E1,
5.154185374183E1));
#10697=CARTESIAN_POINT('',(-5.665736962441E1,2.170061998004E1,
5.230962974564E1));
#10698=CARTESIAN_POINT('',(-5.738358941160E1,2.148794298296E1,
5.319169946755E1));
#10699=CARTESIAN_POINT('',(-5.781506046541E1,2.136905648383E1,
5.371569090617E1));
#10700=CARTESIAN_POINT('',(-5.794966902518E1,2.133269000505E1,
5.387915628791E1));
#10701=CARTESIAN_POINT('',(-5.675984617914E1,2.198328135314E1,
5.018631762663E1));
#10702=CARTESIAN_POINT('',(-5.680141615734E1,2.196867564481E1,
5.023685811407E1));
#10703=CARTESIAN_POINT('',(-5.713647361443E1,2.185153174140E1,
5.064422090663E1));
#10704=CARTESIAN_POINT('',(-5.776698540296E1,2.163984885782E1,
5.141083171008E1));
#10705=CARTESIAN_POINT('',(-5.849162543744E1,2.141403732091E1,
5.229195864308E1));
#10706=CARTESIAN_POINT('',(-5.892221135125E1,2.128733443337E1,
5.281556024368E1));
#10707=CARTESIAN_POINT('',(-5.905654893881E1,2.124852836267E1,
5.297892052628E1));
#10708=(BOUNDED_SURFACE()B_SPLINE_SURFACE(3,3,((#10680,#10681,#10682,#10683,
#10684,#10685,#10686),(#10687,#10688,#10689,#10690,#10691,#10692,#10693),
(#10694,#10695,#10696,#10697,#10698,#10699,#10700),(#10701,#10702,#10703,#10704,
#10705,#10706,#10707)),.UNSPECIFIED.,.F.,.F.,.F.)B_SPLINE_SURFACE_WITH_KNOTS((4,
4),(4,1,1,1,4),(0.E0,1.E0),(-1.124866782140E-3,0.E0,7.939479613328E-3,
1.589993293456E-2,1.950645896315E-2),.UNSPECIFIED.)GEOMETRIC_REPRESENTATION_ITEM()RATIONAL_B_SPLINE_SURFACE(((1.242662421493E0,1.242662421493E0,1.242662421493E0,
1.242662421493E0,1.242662421493E0,1.242662421493E0,1.242662421493E0),(
9.191125261690E-1,9.191125261690E-1,9.191125261690E-1,9.191125261690E-1,
9.191125261690E-1,9.191125261690E-1,9.191125261690E-1),(9.191125261690E-1,
9.191125261690E-1,9.191125261690E-1,9.191125261690E-1,9.191125261690E-1,
9.191125261690E-1,9.191125261690E-1),(1.242662421493E0,1.242662421493E0,
1.242662421493E0,1.242662421493E0,1.242662421493E0,1.242662421493E0,
1.242662421493E0)))REPRESENTATION_ITEM('')SURFACE());
#10709=ORIENTED_EDGE('',*,*,#6372,.T.);
#10710=ORIENTED_EDGE('',*,*,#10414,.F.);
#10711=ORIENTED_EDGE('',*,*,#10400,.F.);
#10712=ORIENTED_EDGE('',*,*,#10366,.T.);
#10713=EDGE_LOOP('',(#10709,#10710,#10711,#10712));
#10714=FACE_OUTER_BOUND('',#10713,.F.);
#10715=ADVANCED_FACE('',(#10714),#10708,.F.);
#10716=CARTESIAN_POINT('',(-5.E1,1.55E1,9.E1));
#10717=DIRECTION('',(0.E0,9.879937209414E-1,1.544940367146E-1));
#10718=DIRECTION('',(0.E0,1.544940367146E-1,-9.879937209414E-1));
#10719=AXIS2_PLACEMENT_3D('',#10716,#10717,#10718);
#10720=PLANE('',#10719);
#10721=ORIENTED_EDGE('',*,*,#6521,.F.);
#10722=ORIENTED_EDGE('',*,*,#10417,.T.);
#10723=ORIENTED_EDGE('',*,*,#6368,.T.);
#10724=EDGE_LOOP('',(#10721,#10722,#10723));
#10725=FACE_OUTER_BOUND('',#10724,.F.);
#10726=ADVANCED_FACE('',(#10725),#10720,.F.);
#10727=CARTESIAN_POINT('',(-5.2E1,4.139842207579E1,-1.755289533905E1));
#10728=DIRECTION('',(0.E0,-8.732566434082E-1,-4.872605409259E-1));
#10729=DIRECTION('',(0.E0,4.872605409259E-1,-8.732566434082E-1));
#10730=AXIS2_PLACEMENT_3D('',#10727,#10728,#10729);
#10731=CYLINDRICAL_SURFACE('',#10730,2.E0);
#10732=ORIENTED_EDGE('',*,*,#10298,.T.);
#10733=ORIENTED_EDGE('',*,*,#5860,.F.);
#10734=ORIENTED_EDGE('',*,*,#10137,.F.);
#10736=ORIENTED_EDGE('',*,*,#10735,.T.);
#10737=EDGE_LOOP('',(#10732,#10733,#10734,#10736));
#10738=FACE_OUTER_BOUND('',#10737,.F.);
#10739=ADVANCED_FACE('',(#10738),#10731,.F.);
#10740=CARTESIAN_POINT('',(-5.672365178597E1,4.874308558419E1,
-1.569852397579E1));
#10741=CARTESIAN_POINT('',(-5.666731048433E1,4.871597440949E1,
-1.571365149385E1));
#10742=CARTESIAN_POINT('',(-5.621017319940E1,4.848892171564E1,
-1.584034256372E1));
#10743=CARTESIAN_POINT('',(-5.540905445004E1,4.798372905238E1,
-1.612223042822E1));
#10744=CARTESIAN_POINT('',(-5.443249792697E1,4.710106148418E1,
-1.661474208557E1));
#10745=CARTESIAN_POINT('',(-5.360693411501E1,4.604950277015E1,
-1.720149177901E1));
#10746=CARTESIAN_POINT('',(-5.294828031368E1,4.481057108796E1,
-1.789279201268E1));
#10747=CARTESIAN_POINT('',(-5.250554256744E1,4.338687998726E1,
-1.868718447573E1));
#10748=CARTESIAN_POINT('',(-5.239498112783E1,4.231060030591E1,
-1.928772799713E1));
#10749=CARTESIAN_POINT('',(-5.240145857203E1,4.172720766344E1,
-1.961324995759E1));
#10750=CARTESIAN_POINT('',(-5.240272815486E1,4.167019630857E1,
-1.964506120555E1));
#10751=CARTESIAN_POINT('',(-5.597266401113E1,5.008787332745E1,
-1.531258240221E1));
#10752=CARTESIAN_POINT('',(-5.590415714476E1,5.005490942208E1,
-1.533097563230E1));
#10753=CARTESIAN_POINT('',(-5.534878463336E1,4.977906732650E1,
-1.548489025719E1));
#10754=CARTESIAN_POINT('',(-5.438251123272E1,4.916898869899E1,
-1.582530248799E1));
#10755=CARTESIAN_POINT('',(-5.321913194834E1,4.811640609488E1,
-1.641262349255E1));
#10756=CARTESIAN_POINT('',(-5.224672743754E1,4.687665815447E1,
-1.710437918272E1));
#10757=CARTESIAN_POINT('',(-5.147847613151E1,4.543021200354E1,
-1.791146852952E1));
#10758=CARTESIAN_POINT('',(-5.096588316491E1,4.378025387357E1,
-1.883211367661E1));
#10759=CARTESIAN_POINT('',(-5.083840532080E1,4.253802291554E1,
-1.952525484322E1));
#10760=CARTESIAN_POINT('',(-5.084587942685E1,4.186468153596E1,
-1.990096648232E1));
#10761=CARTESIAN_POINT('',(-5.084734336873E1,4.179887850501E1,
-1.993768331774E1));
#10762=CARTESIAN_POINT('',(-5.543063846982E1,5.039945580076E1,
-1.385295226186E1));
#10763=CARTESIAN_POINT('',(-5.535335110524E1,5.036226768612E1,
-1.387370252009E1));
#10764=CARTESIAN_POINT('',(-5.472707730411E1,5.005121183238E1,
-1.404726574998E1));
#10765=CARTESIAN_POINT('',(-5.364160350866E1,4.936543174415E1,
-1.442991795110E1));
#10766=CARTESIAN_POINT('',(-5.234338486775E1,4.819021293689E1,
-1.508566761651E1));
#10767=CARTESIAN_POINT('',(-5.126499806011E1,4.681463939356E1,
-1.585321140088E1));
#10768=CARTESIAN_POINT('',(-5.041764473829E1,4.521841964310E1,
-1.674387155780E1));
#10769=CARTESIAN_POINT('',(-4.985463375573E1,4.340515325015E1,
-1.775563959889E1));
#10770=CARTESIAN_POINT('',(-4.971494649408E1,4.204314693281E1,
-1.851561313009E1));
#10771=CARTESIAN_POINT('',(-4.972313994097E1,4.130488503846E1,
-1.892754917741E1));
#10772=CARTESIAN_POINT('',(-4.972474416152E1,4.123273661395E1,
-1.896780662133E1));
#10773=CARTESIAN_POINT('',(-5.558426378323E1,4.939806086652E1,
-1.263024592686E1));
#10774=CARTESIAN_POINT('',(-5.550946505928E1,4.936207001183E1,
-1.265032813689E1));
#10775=CARTESIAN_POINT('',(-5.490328668175E1,4.906099472953E1,
-1.281832239839E1));
#10776=CARTESIAN_POINT('',(-5.385159763742E1,4.839667056863E1,
-1.318900260155E1));
#10777=CARTESIAN_POINT('',(-5.259159627010E1,4.725621031739E1,
-1.382535765607E1));
#10778=CARTESIAN_POINT('',(-5.154324783211E1,4.591913357768E1,
-1.457142095873E1));
#10779=CARTESIAN_POINT('',(-5.071831425076E1,4.436536388614E1,
-1.543839479293E1));
#10780=CARTESIAN_POINT('',(-5.016959315477E1,4.259838365716E1,
-1.642433603789E1));
#10781=CARTESIAN_POINT('',(-5.003336638612E1,4.127032505208E1,
-1.716536739354E1));
#10782=CARTESIAN_POINT('',(-5.004135595155E1,4.055046346116E1,
-1.756703642272E1));
#10783=CARTESIAN_POINT('',(-5.004292041317E1,4.048011350001E1,
-1.760629035842E1));
#10784=(BOUNDED_SURFACE()B_SPLINE_SURFACE(3,3,((#10740,#10741,#10742,#10743,
#10744,#10745,#10746,#10747,#10748,#10749,#10750),(#10751,#10752,#10753,#10754,
#10755,#10756,#10757,#10758,#10759,#10760,#10761),(#10762,#10763,#10764,#10765,
#10766,#10767,#10768,#10769,#10770,#10771,#10772),(#10773,#10774,#10775,#10776,
#10777,#10778,#10779,#10780,#10781,#10782,#10783)),.UNSPECIFIED.,.F.,.F.,.F.)B_SPLINE_SURFACE_WITH_KNOTS((4,4),(4,1,1,1,1,1,1,1,4),(0.E0,1.E0),(
-2.130970051544E-2,0.E0,1.527646238052E-1,3.024832705816E-1,4.582202221486E-1,
6.256825358268E-1,8.062590229934E-1,1.E0,1.020994042207E0),.UNSPECIFIED.)GEOMETRIC_REPRESENTATION_ITEM()RATIONAL_B_SPLINE_SURFACE(((1.289452064253E0,
1.289452064253E0,1.289452064253E0,1.289452064253E0,1.289452064253E0,
1.289452064253E0,1.289452064253E0,1.289452064253E0,1.289452064253E0,
1.289452064253E0,1.289452064253E0),(9.035159785822E-1,9.035159785822E-1,
9.035159785822E-1,9.035159785822E-1,9.035159785822E-1,9.035159785822E-1,
9.035159785822E-1,9.035159785822E-1,9.035159785822E-1,9.035159785822E-1,
9.035159785822E-1),(9.035159785822E-1,9.035159785822E-1,9.035159785822E-1,
9.035159785822E-1,9.035159785822E-1,9.035159785822E-1,9.035159785822E-1,
9.035159785822E-1,9.035159785822E-1,9.035159785822E-1,9.035159785822E-1),(
1.289452064253E0,1.289452064253E0,1.289452064253E0,1.289452064253E0,
1.289452064253E0,1.289452064253E0,1.289452064253E0,1.289452064253E0,
1.289452064253E0,1.289452064253E0,1.289452064253E0)))REPRESENTATION_ITEM('')SURFACE());
#10785=ORIENTED_EDGE('',*,*,#10135,.F.);
#10786=ORIENTED_EDGE('',*,*,#10151,.T.);
#10787=ORIENTED_EDGE('',*,*,#10282,.T.);
#10788=ORIENTED_EDGE('',*,*,#10735,.F.);
#10789=EDGE_LOOP('',(#10785,#10786,#10787,#10788));
#10790=FACE_OUTER_BOUND('',#10789,.F.);
#10791=ADVANCED_FACE('',(#10790),#10784,.F.);
#10792=CARTESIAN_POINT('',(-1.328517649722E2,9.384097248498E1,4.E0));
#10793=DIRECTION('',(0.E0,0.E0,-1.E0));
#10794=DIRECTION('',(-9.990839249741E-1,4.279381799322E-2,0.E0));
#10795=AXIS2_PLACEMENT_3D('',#10792,#10793,#10794);
#10796=TOROIDAL_SURFACE('',#10795,2.8E1,2.E0);
#10797=ORIENTED_EDGE('',*,*,#6736,.T.);
#10798=ORIENTED_EDGE('',*,*,#7500,.F.);
#10799=ORIENTED_EDGE('',*,*,#7515,.F.);
#10800=ORIENTED_EDGE('',*,*,#7546,.T.);
#10801=EDGE_LOOP('',(#10797,#10798,#10799,#10800));
#10802=FACE_OUTER_BOUND('',#10801,.F.);
#10803=ADVANCED_FACE('',(#10802),#10796,.F.);
#10804=CARTESIAN_POINT('',(-9.1E1,8.397032059620E1,1.3E1));
#10805=DIRECTION('',(0.E0,0.E0,-1.E0));
#10806=DIRECTION('',(-1.E0,0.E0,0.E0));
#10807=AXIS2_PLACEMENT_3D('',#10804,#10805,#10806);
#10808=CYLINDRICAL_SURFACE('',#10807,6.25E0);
#10810=ORIENTED_EDGE('',*,*,#10809,.F.);
#10811=ORIENTED_EDGE('',*,*,#6623,.T.);
#10813=ORIENTED_EDGE('',*,*,#10812,.T.);
#10815=ORIENTED_EDGE('',*,*,#10814,.T.);
#10816=EDGE_LOOP('',(#10810,#10811,#10813,#10815));
#10817=FACE_OUTER_BOUND('',#10816,.F.);
#10818=ADVANCED_FACE('',(#10817),#10808,.F.);
#10819=CARTESIAN_POINT('',(-9.1E1,8.397032059620E1,1.3E1));
#10820=DIRECTION('',(0.E0,0.E0,-1.E0));
#10821=DIRECTION('',(-1.E0,0.E0,0.E0));
#10822=AXIS2_PLACEMENT_3D('',#10819,#10820,#10821);
#10823=CYLINDRICAL_SURFACE('',#10822,6.25E0);
#10824=ORIENTED_EDGE('',*,*,#10809,.T.);
#10826=ORIENTED_EDGE('',*,*,#10825,.T.);
#10827=ORIENTED_EDGE('',*,*,#10812,.F.);
#10828=ORIENTED_EDGE('',*,*,#6625,.T.);
#10829=EDGE_LOOP('',(#10824,#10826,#10827,#10828));
#10830=FACE_OUTER_BOUND('',#10829,.F.);
#10831=ADVANCED_FACE('',(#10830),#10823,.F.);
#10832=CARTESIAN_POINT('',(-9.1E1,8.397032059620E1,-1.249999996609E1));
#10833=DIRECTION('',(0.E0,0.E0,-1.E0));
#10834=DIRECTION('',(0.E0,-1.E0,0.E0));
#10835=AXIS2_PLACEMENT_3D('',#10832,#10833,#10834);
#10836=CONICAL_SURFACE('',#10835,6.538675115016E0,3.E1);
#10837=ORIENTED_EDGE('',*,*,#6286,.T.);
#10839=ORIENTED_EDGE('',*,*,#10838,.T.);
#10840=ORIENTED_EDGE('',*,*,#10825,.F.);
#10842=ORIENTED_EDGE('',*,*,#10841,.F.);
#10843=EDGE_LOOP('',(#10837,#10839,#10840,#10842));
#10844=FACE_OUTER_BOUND('',#10843,.F.);
#10845=ADVANCED_FACE('',(#10844),#10836,.F.);
#10846=CARTESIAN_POINT('',(-9.1E1,8.397032059620E1,-1.249999996609E1));
#10847=DIRECTION('',(0.E0,0.E0,-1.E0));
#10848=DIRECTION('',(0.E0,-1.E0,0.E0));
#10849=AXIS2_PLACEMENT_3D('',#10846,#10847,#10848);
#10850=CONICAL_SURFACE('',#10849,6.538675115016E0,3.E1);
#10851=ORIENTED_EDGE('',*,*,#6284,.T.);
#10852=ORIENTED_EDGE('',*,*,#10841,.T.);
#10853=ORIENTED_EDGE('',*,*,#10814,.F.);
#10854=ORIENTED_EDGE('',*,*,#10838,.F.);
#10855=EDGE_LOOP('',(#10851,#10852,#10853,#10854));
#10856=FACE_OUTER_BOUND('',#10855,.F.);
#10857=ADVANCED_FACE('',(#10856),#10850,.F.);
#10858=CARTESIAN_POINT('',(-4.9E1,0.E0,0.E0));
#10859=DIRECTION('',(1.E0,0.E0,0.E0));
#10860=DIRECTION('',(0.E0,-9.999617711597E-1,-8.743924699126E-3));
#10861=AXIS2_PLACEMENT_3D('',#10858,#10859,#10860);
#10862=TOROIDAL_SURFACE('',#10861,3.7E1,5.E-1);
#10864=ORIENTED_EDGE('',*,*,#10863,.T.);
#10865=ORIENTED_EDGE('',*,*,#5440,.F.);
#10866=ORIENTED_EDGE('',*,*,#5879,.T.);
#10867=ORIENTED_EDGE('',*,*,#5449,.F.);
#10868=EDGE_LOOP('',(#10864,#10865,#10866,#10867));
#10869=FACE_OUTER_BOUND('',#10868,.F.);
#10870=ADVANCED_FACE('',(#10869),#10862,.F.);
#10871=CARTESIAN_POINT('',(-4.85E1,0.E0,0.E0));
#10872=DIRECTION('',(1.E0,0.E0,0.E0));
#10873=DIRECTION('',(0.E0,-1.E0,0.E0));
#10874=AXIS2_PLACEMENT_3D('',#10871,#10872,#10873);
#10875=PLANE('',#10874);
#10876=ORIENTED_EDGE('',*,*,#5442,.T.);
#10877=ORIENTED_EDGE('',*,*,#10863,.F.);
#10878=ORIENTED_EDGE('',*,*,#5447,.T.);
#10879=ORIENTED_EDGE('',*,*,#5424,.F.);
#10881=ORIENTED_EDGE('',*,*,#10880,.T.);
#10882=EDGE_LOOP('',(#10876,#10877,#10878,#10879,#10881));
#10883=FACE_OUTER_BOUND('',#10882,.F.);
#10884=ADVANCED_FACE('',(#10883),#10875,.F.);
#10885=CARTESIAN_POINT('',(-4.75E1,0.E0,0.E0));
#10886=DIRECTION('',(-1.E0,0.E0,0.E0));
#10887=DIRECTION('',(0.E0,1.E0,0.E0));
#10888=AXIS2_PLACEMENT_3D('',#10885,#10886,#10887);
#10889=CONICAL_SURFACE('',#10888,3.436397023427E1,2.E1);
#10890=ORIENTED_EDGE('',*,*,#5444,.F.);
#10891=ORIENTED_EDGE('',*,*,#10880,.F.);
#10892=ORIENTED_EDGE('',*,*,#5422,.F.);
#10893=ORIENTED_EDGE('',*,*,#5394,.T.);
#10894=ORIENTED_EDGE('',*,*,#5419,.T.);
#10895=EDGE_LOOP('',(#10890,#10891,#10892,#10893,#10894));
#10896=FACE_OUTER_BOUND('',#10895,.F.);
#10897=ADVANCED_FACE('',(#10896),#10889,.F.);
#10898=CLOSED_SHELL('',(#5223,#5238,#5251,#5267,#5282,#5297,#5311,#5323,#5339,
#5354,#5367,#5383,#5398,#5411,#5428,#5461,#5492,#5519,#5549,#5564,#5628,#5648,
#5666,#5699,#5712,#5775,#5808,#5845,#5884,#5920,#5934,#5952,#5967,#5981,#6010,
#6039,#6053,#6069,#6083,#6101,#6118,#6137,#6158,#6171,#6186,#6202,#6222,#6246,
#6269,#6290,#6304,#6322,#6357,#6387,#6404,#6420,#6433,#6463,#6476,#6489,#6525,
#6548,#6590,#6608,#6629,#6684,#6699,#6713,#6727,#6742,#6789,#6816,#6830,#6844,
#6858,#6872,#6886,#6912,#6926,#6940,#6954,#6968,#6982,#6996,#7010,#7024,#7037,
#7052,#7067,#7094,#7108,#7121,#7135,#7148,#7161,#7174,#7188,#7201,#7214,#7227,
#7241,#7254,#7268,#7281,#7295,#7308,#7321,#7334,#7348,#7361,#7374,#7387,#7401,
#7414,#7427,#7440,#7454,#7467,#7479,#7491,#7505,#7519,#7538,#7558,#7575,#7589,
#7603,#7619,#7640,#7657,#7686,#7710,#7734,#7748,#7765,#7785,#7798,#7814,#7852,
#7872,#7893,#7915,#7930,#7944,#7957,#7971,#7985,#8006,#8023,#8041,#8056,#8072,
#8086,#8103,#8116,#8196,#8208,#8220,#8233,#8249,#8264,#8277,#8291,#8303,#8326,
#8340,#8353,#8366,#8378,#8423,#8438,#8453,#8467,#8480,#8493,#8505,#8520,#8535,
#8551,#8563,#8578,#8590,#8602,#8616,#8635,#8658,#8673,#8722,#8735,#8747,#8760,
#8773,#8788,#8807,#8826,#8840,#8869,#8883,#8902,#8916,#8929,#8950,#8966,#8982,
#8996,#9010,#9025,#9038,#9053,#9073,#9085,#9099,#9115,#9127,#9139,#9153,#9164,
#9175,#9187,#9205,#9218,#9230,#9242,#9256,#9270,#9285,#9304,#9324,#9337,#9349,
#9367,#9383,#9401,#9416,#9431,#9452,#9470,#9485,#9498,#9509,#9526,#9539,#9553,
#9570,#9586,#9601,#9614,#9639,#9651,#9664,#9676,#9691,#9704,#9718,#9730,#9758,
#9771,#9785,#9797,#9809,#9828,#9843,#9860,#9874,#9889,#9905,#9924,#9937,#9953,
#9968,#9981,#9995,#10007,#10048,#10086,#10098,#10111,#10124,#10142,#10156,
#10170,#10215,#10273,#10287,#10303,#10316,#10370,#10385,#10404,#10421,#10465,
#10478,#10522,#10537,#10549,#10566,#10639,#10679,#10715,#10726,#10739,#10791,
#10803,#10818,#10831,#10845,#10857,#10870,#10884,#10897));
#10899=MANIFOLD_SOLID_BREP('',#10898);
#10901=DIMENSIONAL_EXPONENTS(0.E0,0.E0,0.E0,0.E0,0.E0,0.E0,0.E0);
#10903=PLANE_ANGLE_MEASURE_WITH_UNIT(PLANE_ANGLE_MEASURE(1.745329251994E-2),
#10902);
#10904=(CONVERSION_BASED_UNIT('DEGREE',#10903)NAMED_UNIT(*)PLANE_ANGLE_UNIT());
#10906=UNCERTAINTY_MEASURE_WITH_UNIT(LENGTH_MEASURE(3.362873225756E-2),#10900,
'closure',
'Maximum model space distance between geometric entities at asserted connectivities');
#10907=(GEOMETRIC_REPRESENTATION_CONTEXT(3)GLOBAL_UNCERTAINTY_ASSIGNED_CONTEXT((
#10906))GLOBAL_UNIT_ASSIGNED_CONTEXT((#10900,#10904,#10905))REPRESENTATION_CONTEXT('ID1','3'));
#10909=APPLICATION_CONTEXT(
'CONFIGURATION CONTROLLED 3D DESIGNS OF MECHANICAL PARTS AND ASSEMBLIES');
#10910=APPLICATION_PROTOCOL_DEFINITION('international standard',
'config_control_design',1994,#10909);
#10911=DESIGN_CONTEXT('',#10909,'design');
#10912=MECHANICAL_CONTEXT('',#10909,'mechanical');
#10913=PRODUCT('STEERING_KNUCKLE_PATTERN','STEERING_KNUCKLE_PATTERN',
'NOT SPECIFIED',(#10912));
#10914=PRODUCT_DEFINITION_FORMATION_WITH_SPECIFIED_SOURCE('2','LAST_VERSION',
#10913,.MADE.);
#10918=PRODUCT_CATEGORY('part','');
#10919=PRODUCT_RELATED_PRODUCT_CATEGORY('detail','',(#10913));
#10920=PRODUCT_CATEGORY_RELATIONSHIP('','',#10918,#10919);
#10921=SECURITY_CLASSIFICATION_LEVEL('unclassified');
#10922=SECURITY_CLASSIFICATION('','',#10921);
#10923=CC_DESIGN_SECURITY_CLASSIFICATION(#10922,(#10914));
#10924=APPROVAL_STATUS('approved');
#10925=APPROVAL(#10924,'');
#10926=CC_DESIGN_APPROVAL(#10925,(#10922,#10914,#10915));
#10927=CALENDAR_DATE(120,16,10);
#10928=COORDINATED_UNIVERSAL_TIME_OFFSET(5,30,.AHEAD.);
#10929=LOCAL_TIME(15,1,1.9E1,#10928);
#10930=DATE_AND_TIME(#10927,#10929);
#10931=APPROVAL_DATE_TIME(#10930,#10925);
#10932=DATE_TIME_ROLE('creation_date');
#10933=CC_DESIGN_DATE_AND_TIME_ASSIGNMENT(#10930,#10932,(#10915));
#10934=DATE_TIME_ROLE('classification_date');
#10935=CC_DESIGN_DATE_AND_TIME_ASSIGNMENT(#10930,#10934,(#10922));
#10936=PERSON('UNSPECIFIED','UNSPECIFIED',$,$,$,$);
#10937=ORGANIZATION('UNSPECIFIED','UNSPECIFIED','UNSPECIFIED');
#10938=PERSON_AND_ORGANIZATION(#10936,#10937);
#10939=APPROVAL_ROLE('approver');
#10940=APPROVAL_PERSON_ORGANIZATION(#10938,#10925,#10939);
#10941=PERSON_AND_ORGANIZATION_ROLE('creator');
#10942=CC_DESIGN_PERSON_AND_ORGANIZATION_ASSIGNMENT(#10938,#10941,(#10914,
#10915));
#10943=PERSON_AND_ORGANIZATION_ROLE('design_supplier');
#10944=CC_DESIGN_PERSON_AND_ORGANIZATION_ASSIGNMENT(#10938,#10943,(#10914));
#10945=PERSON_AND_ORGANIZATION_ROLE('classification_officer');
#10946=CC_DESIGN_PERSON_AND_ORGANIZATION_ASSIGNMENT(#10938,#10945,(#10922));
#10947=PERSON_AND_ORGANIZATION_ROLE('design_owner');
#10948=CC_DESIGN_PERSON_AND_ORGANIZATION_ASSIGNMENT(#10938,#10947,(#10913));
#5=CIRCLE('',#4,3.15E1);
#10=CIRCLE('',#9,3.15E1);
#15=CIRCLE('',#14,3.7E1);
#20=CIRCLE('',#19,3.7E1);
#33=CIRCLE('',#32,3.15E1);
#38=CIRCLE('',#37,3.15E1);
#43=CIRCLE('',#42,3.35E1);
#48=CIRCLE('',#47,3.35E1);
#53=CIRCLE('',#52,5.E-1);
#58=CIRCLE('',#57,3.4E1);
#71=CIRCLE('',#70,3.4E1);
#76=CIRCLE('',#75,5.E-1);
#81=CIRCLE('',#80,3.4E1);
#86=CIRCLE('',#85,3.4E1);
#95=CIRCLE('',#94,3.55E1);
#104=CIRCLE('',#103,3.55E1);
#109=CIRCLE('',#108,3.55E1);
#114=CIRCLE('',#113,3.55E1);
#123=CIRCLE('',#122,3.4E1);
#132=CIRCLE('',#131,3.4E1);
#139=B_SPLINE_CURVE_WITH_KNOTS('',3,(#133,#134,#135,#136,#137,#138),
.UNSPECIFIED.,.F.,.F.,(4,1,1,4),(0.E0,3.333333333333E-1,6.666666666667E-1,1.E0),
.UNSPECIFIED.);
#144=CIRCLE('',#143,3.4E1);
#150=B_SPLINE_CURVE_WITH_KNOTS('',3,(#145,#146,#147,#148,#149),.UNSPECIFIED.,
.F.,.F.,(4,1,4),(0.E0,5.E-1,1.E0),.UNSPECIFIED.);
#158=B_SPLINE_CURVE_WITH_KNOTS('',3,(#151,#152,#153,#154,#155,#156,#157),
.UNSPECIFIED.,.F.,.F.,(4,1,1,1,4),(0.E0,2.5E-1,5.E-1,7.5E-1,1.E0),
.UNSPECIFIED.);
#166=B_SPLINE_CURVE_WITH_KNOTS('',3,(#159,#160,#161,#162,#163,#164,#165),
.UNSPECIFIED.,.F.,.F.,(4,1,1,1,4),(0.E0,2.5E-1,5.E-1,7.5E-1,1.E0),
.UNSPECIFIED.);
#172=B_SPLINE_CURVE_WITH_KNOTS('',3,(#167,#168,#169,#170,#171),.UNSPECIFIED.,
.F.,.F.,(4,1,4),(0.E0,5.E-1,1.E0),.UNSPECIFIED.);
#177=CIRCLE('',#176,1.E1);
#182=CIRCLE('',#181,5.000001385459E0);
#195=B_SPLINE_CURVE_WITH_KNOTS('',3,(#183,#184,#185,#186,#187,#188,#189,#190,
#191,#192,#193,#194),.UNSPECIFIED.,.F.,.F.,(4,1,1,1,1,1,1,1,1,4),(0.E0,
1.111111111111E-1,2.222222222222E-1,3.333333333333E-1,4.444444444444E-1,
5.555555555556E-1,6.666666666667E-1,7.777777777778E-1,8.888888888889E-1,1.E0),
.UNSPECIFIED.);
#201=B_SPLINE_CURVE_WITH_KNOTS('',3,(#196,#197,#198,#199,#200),.UNSPECIFIED.,
.F.,.F.,(4,1,4),(0.E0,5.E-1,1.E0),.UNSPECIFIED.);
#221=B_SPLINE_CURVE_WITH_KNOTS('',3,(#214,#215,#216,#217,#218,#219,#220),
.UNSPECIFIED.,.F.,.F.,(4,1,1,1,4),(0.E0,2.5E-1,5.E-1,7.5E-1,1.E0),
.UNSPECIFIED.);
#231=B_SPLINE_CURVE_WITH_KNOTS('',3,(#226,#227,#228,#229,#230),.UNSPECIFIED.,
.F.,.F.,(4,1,4),(0.E0,5.E-1,1.E0),.UNSPECIFIED.);
#239=B_SPLINE_CURVE_WITH_KNOTS('',3,(#232,#233,#234,#235,#236,#237,#238),
.UNSPECIFIED.,.F.,.F.,(4,1,1,1,4),(0.E0,2.5E-1,5.E-1,7.5E-1,1.E0),
.UNSPECIFIED.);
#256=CIRCLE('',#255,5.E0);
#261=CIRCLE('',#260,5.000000264325E0);
#270=B_SPLINE_CURVE_WITH_KNOTS('',3,(#262,#263,#264,#265,#266,#267,#268,#269),
.UNSPECIFIED.,.F.,.F.,(4,1,1,1,1,4),(0.E0,2.E-1,4.E-1,6.E-1,8.E-1,1.E0),
.UNSPECIFIED.);
#275=CIRCLE('',#274,7.5E0);
#283=B_SPLINE_CURVE_WITH_KNOTS('',3,(#276,#277,#278,#279,#280,#281,#282),
.UNSPECIFIED.,.F.,.F.,(4,1,1,1,4),(0.E0,2.5E-1,5.E-1,7.5E-1,1.E0),
.UNSPECIFIED.);
#300=CIRCLE('',#299,7.5E0);
#320=B_SPLINE_CURVE_WITH_KNOTS('',3,(#313,#314,#315,#316,#317,#318,#319),
.UNSPECIFIED.,.F.,.F.,(4,1,1,1,4),(0.E0,2.5E-1,5.E-1,7.5E-1,1.E0),
.UNSPECIFIED.);
#331=B_SPLINE_CURVE_WITH_KNOTS('',3,(#321,#322,#323,#324,#325,#326,#327,#328,
#329,#330),.UNSPECIFIED.,.F.,.F.,(4,1,1,1,1,1,1,4),(0.E0,1.428571428571E-1,
2.857142857143E-1,4.285714285714E-1,5.714285714286E-1,7.142857142857E-1,
8.571428571429E-1,1.E0),.UNSPECIFIED.);
#341=B_SPLINE_CURVE_WITH_KNOTS('',3,(#332,#333,#334,#335,#336,#337,#338,#339,
#340),.UNSPECIFIED.,.F.,.F.,(4,1,1,1,1,1,4),(0.E0,1.666666666667E-1,
3.333333333333E-1,5.E-1,6.666666666667E-1,8.333333333333E-1,1.E0),
.UNSPECIFIED.);
#355=B_SPLINE_CURVE_WITH_KNOTS('',3,(#346,#347,#348,#349,#350,#351,#352,#353,
#354),.UNSPECIFIED.,.F.,.F.,(4,1,1,1,1,1,4),(0.E0,1.666666666667E-1,
3.333333333333E-1,5.E-1,6.666666666667E-1,8.333333333333E-1,1.E0),
.UNSPECIFIED.);
#366=B_SPLINE_CURVE_WITH_KNOTS('',3,(#356,#357,#358,#359,#360,#361,#362,#363,
#364,#365),.UNSPECIFIED.,.F.,.F.,(4,1,1,1,1,1,1,4),(0.E0,1.428571428571E-1,
2.857142857143E-1,4.285714285714E-1,5.714285714286E-1,7.142857142857E-1,
8.571428571429E-1,1.E0),.UNSPECIFIED.);
#375=CIRCLE('',#374,7.5E0);
#380=CIRCLE('',#379,5.E0);
#389=B_SPLINE_CURVE_WITH_KNOTS('',3,(#381,#382,#383,#384,#385,#386,#387,#388),
.UNSPECIFIED.,.F.,.F.,(4,1,1,1,1,4),(0.E0,2.E-1,4.E-1,6.E-1,8.E-1,1.E0),
.UNSPECIFIED.);
#394=CIRCLE('',#393,4.999999270248E0);
#407=B_SPLINE_CURVE_WITH_KNOTS('',3,(#395,#396,#397,#398,#399,#400,#401,#402,
#403,#404,#405,#406),.UNSPECIFIED.,.F.,.F.,(4,1,1,1,1,1,1,1,1,4),(0.E0,
1.111111111111E-1,2.222222222222E-1,3.333333333333E-1,4.444444444444E-1,
5.555555555556E-1,6.666666666667E-1,7.777777777778E-1,8.888888888889E-1,1.E0),
.UNSPECIFIED.);
#412=CIRCLE('',#411,5.000000102296E0);
#419=B_SPLINE_CURVE_WITH_KNOTS('',3,(#413,#414,#415,#416,#417,#418),
.UNSPECIFIED.,.F.,.F.,(4,1,1,4),(0.E0,3.333333333333E-1,6.666666666667E-1,1.E0),
.UNSPECIFIED.);
#424=CIRCLE('',#423,3.75E1);
#429=B_SPLINE_CURVE_WITH_KNOTS('',3,(#425,#426,#427,#428),.UNSPECIFIED.,.F.,.F.,
(4,4),(0.E0,1.E0),.UNSPECIFIED.);
#438=CIRCLE('',#437,3.75E1);
#444=B_SPLINE_CURVE_WITH_KNOTS('',3,(#439,#440,#441,#442,#443),.UNSPECIFIED.,
.F.,.F.,(4,1,4),(0.E0,5.E-1,1.E0),.UNSPECIFIED.);
#456=B_SPLINE_CURVE_WITH_KNOTS('',3,(#445,#446,#447,#448,#449,#450,#451,#452,
#453,#454,#455),.UNSPECIFIED.,.F.,.F.,(4,1,1,1,1,1,1,1,4),(0.E0,1.25E-1,2.5E-1,
3.75E-1,5.E-1,6.25E-1,7.5E-1,8.75E-1,1.E0),.UNSPECIFIED.);
#465=B_SPLINE_CURVE_WITH_KNOTS('',3,(#461,#462,#463,#464),.UNSPECIFIED.,.F.,.F.,
(4,4),(0.E0,1.E0),.UNSPECIFIED.);
#470=CIRCLE('',#469,3.75E1);
#477=B_SPLINE_CURVE_WITH_KNOTS('',3,(#471,#472,#473,#474,#475,#476),
.UNSPECIFIED.,.F.,.F.,(4,1,1,4),(0.E0,3.333333333333E-1,6.666666666667E-1,1.E0),
.UNSPECIFIED.);
#483=B_SPLINE_CURVE_WITH_KNOTS('',3,(#478,#479,#480,#481,#482),.UNSPECIFIED.,
.F.,.F.,(4,1,4),(0.E0,5.E-1,1.E0),.UNSPECIFIED.);
#489=B_SPLINE_CURVE_WITH_KNOTS('',3,(#484,#485,#486,#487,#488),.UNSPECIFIED.,
.F.,.F.,(4,1,4),(0.E0,5.E-1,1.E0),.UNSPECIFIED.);
#498=CIRCLE('',#497,3.75E1);
#511=CIRCLE('',#510,3.75E1);
#516=CIRCLE('',#515,2.5E1);
#529=CIRCLE('',#528,6.E1);
#538=CIRCLE('',#537,4.4E1);
#547=CIRCLE('',#546,4.4E1);
#552=CIRCLE('',#551,4.4E1);
#561=CIRCLE('',#560,4.4E1);
#569=B_SPLINE_CURVE_WITH_KNOTS('',3,(#562,#563,#564,#565,#566,#567,#568),
.UNSPECIFIED.,.F.,.F.,(4,1,1,1,4),(0.E0,2.5E-1,5.E-1,7.5E-1,1.E0),
.UNSPECIFIED.);
#578=CIRCLE('',#577,4.4E1);
#583=B_SPLINE_CURVE_WITH_KNOTS('',3,(#579,#580,#581,#582),.UNSPECIFIED.,.F.,.F.,
(4,4),(0.E0,1.E0),.UNSPECIFIED.);
#588=CIRCLE('',#587,4.4E1);
#601=CIRCLE('',#600,4.4E1);
#610=CIRCLE('',#609,4.4E1);
#623=CIRCLE('',#622,2.E1);
#628=CIRCLE('',#627,2.E1);
#637=CIRCLE('',#636,2.5E1);
#650=CIRCLE('',#649,8.E1);
#671=CIRCLE('',#670,2.5E1);
#676=CIRCLE('',#675,8.E1);
#681=CIRCLE('',#680,3.E0);
#687=B_SPLINE_CURVE_WITH_KNOTS('',3,(#682,#683,#684,#685,#686),.UNSPECIFIED.,
.F.,.F.,(4,1,4),(0.E0,5.E-1,1.E0),.UNSPECIFIED.);
#693=B_SPLINE_CURVE_WITH_KNOTS('',3,(#688,#689,#690,#691,#692),.UNSPECIFIED.,
.F.,.F.,(4,1,4),(0.E0,5.E-1,1.E0),.UNSPECIFIED.);
#711=B_SPLINE_CURVE_WITH_KNOTS('',3,(#702,#703,#704,#705,#706,#707,#708,#709,
#710),.UNSPECIFIED.,.F.,.F.,(4,1,1,1,1,1,4),(0.E0,1.666666666667E-1,
3.333333333333E-1,5.E-1,6.666666666667E-1,8.333333333333E-1,1.E0),
.UNSPECIFIED.);
#716=CIRCLE('',#715,4.E0);
#721=CIRCLE('',#720,4.E0);
#726=CIRCLE('',#725,8.E1);
#740=B_SPLINE_CURVE_WITH_KNOTS('',3,(#731,#732,#733,#734,#735,#736,#737,#738,
#739),.UNSPECIFIED.,.F.,.F.,(4,1,1,1,1,1,4),(0.E0,1.666666666667E-1,
3.333333333333E-1,5.E-1,6.666666666667E-1,8.333333333333E-1,1.E0),
.UNSPECIFIED.);
#745=CIRCLE('',#744,3.E0);
#757=B_SPLINE_CURVE_WITH_KNOTS('',3,(#750,#751,#752,#753,#754,#755,#756),
.UNSPECIFIED.,.F.,.F.,(4,1,1,1,4),(0.E0,2.5E-1,5.E-1,7.5E-1,1.E0),
.UNSPECIFIED.);
#766=CIRCLE('',#765,1.E1);
#791=CIRCLE('',#790,4.7E1);
#796=CIRCLE('',#795,1.7E1);
#813=B_SPLINE_CURVE_WITH_KNOTS('',3,(#809,#810,#811,#812),.UNSPECIFIED.,.F.,.F.,
(4,4),(0.E0,1.E0),.UNSPECIFIED.);
#824=B_SPLINE_CURVE_WITH_KNOTS('',3,(#818,#819,#820,#821,#822,#823),
.UNSPECIFIED.,.F.,.F.,(4,1,1,4),(0.E0,3.333333333333E-1,6.666666666667E-1,1.E0),
.UNSPECIFIED.);
#833=CIRCLE('',#832,6.827350269190E0);
#838=CIRCLE('',#837,6.827350269190E0);
#843=CIRCLE('',#842,2.6E1);
#852=B_SPLINE_CURVE_WITH_KNOTS('',3,(#844,#845,#846,#847,#848,#849,#850,#851),
.UNSPECIFIED.,.F.,.F.,(4,1,1,1,1,4),(0.E0,2.E-1,4.E-1,6.E-1,8.E-1,1.E0),
.UNSPECIFIED.);
#857=CIRCLE('',#856,2.4E1);
#866=B_SPLINE_CURVE_WITH_KNOTS('',3,(#858,#859,#860,#861,#862,#863,#864,#865),
.UNSPECIFIED.,.F.,.F.,(4,1,1,1,1,4),(0.E0,2.E-1,4.E-1,6.E-1,8.E-1,1.E0),
.UNSPECIFIED.);
#875=B_SPLINE_CURVE_WITH_KNOTS('',3,(#867,#868,#869,#870,#871,#872,#873,#874),
.UNSPECIFIED.,.F.,.F.,(4,1,1,1,1,4),(0.E0,2.E-1,4.E-1,6.E-1,8.E-1,1.E0),
.UNSPECIFIED.);
#881=B_SPLINE_CURVE_WITH_KNOTS('',3,(#876,#877,#878,#879,#880),.UNSPECIFIED.,
.F.,.F.,(4,1,4),(0.E0,5.E-1,1.E0),.UNSPECIFIED.);
#911=B_SPLINE_CURVE_WITH_KNOTS('',3,(#882,#883,#884,#885,#886,#887,#888,#889,
#890,#891,#892,#893,#894,#895,#896,#897,#898,#899,#900,#901,#902,#903,#904,#905,
#906,#907,#908,#909,#910),.UNSPECIFIED.,.F.,.F.,(4,1,1,1,1,1,1,1,1,1,1,1,1,1,1,
1,1,1,1,1,1,1,1,1,1,1,4),(0.E0,3.846153846154E-2,7.692307692308E-2,
1.153846153846E-1,1.538461538462E-1,1.923076923077E-1,2.307692307692E-1,
2.692307692308E-1,3.076923076923E-1,3.461538461538E-1,3.846153846154E-1,
4.230769230769E-1,4.615384615385E-1,5.E-1,5.384615384615E-1,5.769230769231E-1,
6.153846153846E-1,6.538461538462E-1,6.923076923077E-1,7.307692307692E-1,
7.692307692308E-1,8.076923076923E-1,8.461538461538E-1,8.846153846154E-1,
9.230769230769E-1,9.615384615385E-1,1.E0),.UNSPECIFIED.);
#928=B_SPLINE_CURVE_WITH_KNOTS('',3,(#916,#917,#918,#919,#920,#921,#922,#923,
#924,#925,#926,#927),.UNSPECIFIED.,.F.,.F.,(4,1,1,1,1,1,1,1,1,4),(0.E0,2.5E-1,
5.E-1,6.25E-1,7.5E-1,8.125E-1,8.75E-1,9.375E-1,9.6875E-1,1.E0),.UNSPECIFIED.);
#962=B_SPLINE_CURVE_WITH_KNOTS('',3,(#957,#958,#959,#960,#961),.UNSPECIFIED.,
.F.,.F.,(4,1,4),(0.E0,5.E-1,1.E0),.UNSPECIFIED.);
#969=B_SPLINE_CURVE_WITH_KNOTS('',3,(#963,#964,#965,#966,#967,#968),
.UNSPECIFIED.,.F.,.F.,(4,1,1,4),(0.E0,3.333333333333E-1,6.666666666667E-1,1.E0),
.UNSPECIFIED.);
#979=B_SPLINE_CURVE_WITH_KNOTS('',3,(#970,#971,#972,#973,#974,#975,#976,#977,
#978),.UNSPECIFIED.,.F.,.F.,(4,1,1,1,1,1,4),(0.E0,1.666666666667E-1,
3.333333333333E-1,5.E-1,6.666666666667E-1,8.333333333333E-1,1.E0),
.UNSPECIFIED.);
#984=CIRCLE('',#983,6.E1);
#995=B_SPLINE_CURVE_WITH_KNOTS('',3,(#985,#986,#987,#988,#989,#990,#991,#992,
#993,#994),.UNSPECIFIED.,.F.,.F.,(4,1,1,1,1,1,1,4),(0.E0,1.428571428571E-1,
2.857142857143E-1,4.285714285714E-1,5.714285714286E-1,7.142857142857E-1,
8.571428571429E-1,1.E0),.UNSPECIFIED.);
#1003=B_SPLINE_CURVE_WITH_KNOTS('',3,(#996,#997,#998,#999,#1000,#1001,#1002),
.UNSPECIFIED.,.F.,.F.,(4,1,1,1,4),(0.E0,2.5E-1,5.E-1,7.5E-1,1.E0),
.UNSPECIFIED.);
#1008=CIRCLE('',#1007,2.E1);
#1016=B_SPLINE_CURVE_WITH_KNOTS('',3,(#1009,#1010,#1011,#1012,#1013,#1014,
#1015),.UNSPECIFIED.,.F.,.F.,(4,1,1,1,4),(0.E0,2.5E-1,5.E-1,7.5E-1,1.E0),
.UNSPECIFIED.);
#1032=B_SPLINE_CURVE_WITH_KNOTS('',3,(#1021,#1022,#1023,#1024,#1025,#1026,#1027,
#1028,#1029,#1030,#1031),.UNSPECIFIED.,.F.,.F.,(4,1,1,1,1,1,1,1,4),(0.E0,
1.25E-1,2.5E-1,3.75E-1,5.E-1,6.25E-1,7.5E-1,8.75E-1,1.E0),.UNSPECIFIED.);
#1039=B_SPLINE_CURVE_WITH_KNOTS('',3,(#1033,#1034,#1035,#1036,#1037,#1038),
.UNSPECIFIED.,.F.,.F.,(4,1,1,4),(0.E0,3.333333333333E-1,6.666666666667E-1,1.E0),
.UNSPECIFIED.);
#1052=CIRCLE('',#1051,6.5E1);
#1063=B_SPLINE_CURVE_WITH_KNOTS('',3,(#1053,#1054,#1055,#1056,#1057,#1058,#1059,
#1060,#1061,#1062),.UNSPECIFIED.,.F.,.F.,(4,1,1,1,1,1,1,4),(0.E0,
1.428571428571E-1,2.857142857143E-1,4.285714285714E-1,5.714285714286E-1,
7.142857142857E-1,8.571428571429E-1,1.E0),.UNSPECIFIED.);
#1068=B_SPLINE_CURVE_WITH_KNOTS('',3,(#1064,#1065,#1066,#1067),.UNSPECIFIED.,
.F.,.F.,(4,4),(0.E0,1.E0),.UNSPECIFIED.);
#1078=B_SPLINE_CURVE_WITH_KNOTS('',3,(#1073,#1074,#1075,#1076,#1077),
.UNSPECIFIED.,.F.,.F.,(4,1,4),(0.E0,5.E-1,1.E0),.UNSPECIFIED.);
#1085=B_SPLINE_CURVE_WITH_KNOTS('',3,(#1079,#1080,#1081,#1082,#1083,#1084),
.UNSPECIFIED.,.F.,.F.,(4,1,1,4),(0.E0,2.5E-1,5.E-1,1.E0),.UNSPECIFIED.);
#1090=CIRCLE('',#1089,6.5E1);
#1099=CIRCLE('',#1098,6.5E1);
#1107=B_SPLINE_CURVE_WITH_KNOTS('',3,(#1100,#1101,#1102,#1103,#1104,#1105,
#1106),.UNSPECIFIED.,.F.,.F.,(4,1,1,1,4),(0.E0,2.5E-1,5.E-1,7.5E-1,1.E0),
.UNSPECIFIED.);
#1116=B_SPLINE_CURVE_WITH_KNOTS('',3,(#1112,#1113,#1114,#1115),.UNSPECIFIED.,
.F.,.F.,(4,4),(0.E0,1.E0),.UNSPECIFIED.);
#1122=B_SPLINE_CURVE_WITH_KNOTS('',3,(#1117,#1118,#1119,#1120,#1121),
.UNSPECIFIED.,.F.,.F.,(4,1,4),(0.E0,5.E-1,1.E0),.UNSPECIFIED.);
#1131=B_SPLINE_CURVE_WITH_KNOTS('',3,(#1127,#1128,#1129,#1130),.UNSPECIFIED.,
.F.,.F.,(4,4),(0.E0,1.E0),.UNSPECIFIED.);
#1140=B_SPLINE_CURVE_WITH_KNOTS('',3,(#1136,#1137,#1138,#1139),.UNSPECIFIED.,
.F.,.F.,(4,4),(0.E0,1.E0),.UNSPECIFIED.);
#1149=B_SPLINE_CURVE_WITH_KNOTS('',3,(#1141,#1142,#1143,#1144,#1145,#1146,#1147,
#1148),.UNSPECIFIED.,.F.,.F.,(4,1,1,1,1,4),(0.E0,2.E-1,4.E-1,6.E-1,8.E-1,1.E0),
.UNSPECIFIED.);
#1164=B_SPLINE_CURVE_WITH_KNOTS('',3,(#1154,#1155,#1156,#1157,#1158,#1159,#1160,
#1161,#1162,#1163),.UNSPECIFIED.,.F.,.F.,(4,1,1,1,1,1,1,4),(0.E0,
1.428571428571E-1,2.857142857143E-1,4.285714285714E-1,5.714285714286E-1,
7.142857142857E-1,8.571428571429E-1,1.E0),.UNSPECIFIED.);
#1169=B_SPLINE_CURVE_WITH_KNOTS('',3,(#1165,#1166,#1167,#1168),.UNSPECIFIED.,
.F.,.F.,(4,4),(0.E0,1.E0),.UNSPECIFIED.);
#1179=B_SPLINE_CURVE_WITH_KNOTS('',3,(#1174,#1175,#1176,#1177,#1178),
.UNSPECIFIED.,.F.,.F.,(4,1,4),(0.E0,5.E-1,1.E0),.UNSPECIFIED.);
#1196=B_SPLINE_CURVE_WITH_KNOTS('',3,(#1180,#1181,#1182,#1183,#1184,#1185,#1186,
#1187,#1188,#1189,#1190,#1191,#1192,#1193,#1194,#1195),.UNSPECIFIED.,.F.,.F.,(4,
1,1,1,1,1,1,1,1,1,1,1,1,4),(0.E0,7.692307692308E-2,1.538461538462E-1,
2.307692307692E-1,3.076923076923E-1,3.846153846154E-1,4.615384615385E-1,
5.384615384615E-1,6.153846153846E-1,6.923076923077E-1,7.692307692308E-1,
8.461538461538E-1,9.230769230769E-1,1.E0),.UNSPECIFIED.);
#1205=B_SPLINE_CURVE_WITH_KNOTS('',3,(#1197,#1198,#1199,#1200,#1201,#1202,#1203,
#1204),.UNSPECIFIED.,.F.,.F.,(4,1,1,1,1,4),(0.E0,2.E-1,4.E-1,6.E-1,8.E-1,1.E0),
.UNSPECIFIED.);
#1212=B_SPLINE_CURVE_WITH_KNOTS('',3,(#1206,#1207,#1208,#1209,#1210,#1211),
.UNSPECIFIED.,.F.,.F.,(4,1,1,4),(0.E0,3.333333333333E-1,6.666666666667E-1,1.E0),
.UNSPECIFIED.);
#1217=CIRCLE('',#1216,3.500000000001E0);
#1224=B_SPLINE_CURVE_WITH_KNOTS('',3,(#1218,#1219,#1220,#1221,#1222,#1223),
.UNSPECIFIED.,.F.,.F.,(4,1,1,4),(0.E0,3.333333333333E-1,6.666666666667E-1,1.E0),
.UNSPECIFIED.);
#1229=CIRCLE('',#1228,1.55E1);
#1234=CIRCLE('',#1233,1.55E1);
#1241=B_SPLINE_CURVE_WITH_KNOTS('',3,(#1235,#1236,#1237,#1238,#1239,#1240),
.UNSPECIFIED.,.F.,.F.,(4,1,1,4),(0.E0,3.333333333333E-1,6.666666666667E-1,1.E0),
.UNSPECIFIED.);
#1246=CIRCLE('',#1245,1.3E1);
#1258=B_SPLINE_CURVE_WITH_KNOTS('',3,(#1247,#1248,#1249,#1250,#1251,#1252,#1253,
#1254,#1255,#1256,#1257),.UNSPECIFIED.,.F.,.F.,(4,1,1,1,1,1,1,1,4),(0.E0,
1.25E-1,2.5E-1,3.75E-1,5.E-1,6.25E-1,7.5E-1,8.75E-1,1.E0),.UNSPECIFIED.);
#1263=CIRCLE('',#1262,7.5E0);
#1268=CIRCLE('',#1267,7.5E0);
#1273=CIRCLE('',#1272,6.25E0);
#1278=CIRCLE('',#1277,6.25E0);
#1288=B_SPLINE_CURVE_WITH_KNOTS('',3,(#1279,#1280,#1281,#1282,#1283,#1284,#1285,
#1286,#1287),.UNSPECIFIED.,.F.,.F.,(4,1,1,1,1,1,4),(0.E0,1.666666666667E-1,
3.333333333333E-1,5.E-1,6.666666666667E-1,8.333333333333E-1,1.E0),
.UNSPECIFIED.);
#1293=CIRCLE('',#1292,1.55E1);
#1302=CIRCLE('',#1301,1.55E1);
#1315=B_SPLINE_CURVE_WITH_KNOTS('',3,(#1307,#1308,#1309,#1310,#1311,#1312,#1313,
#1314),.UNSPECIFIED.,.F.,.F.,(4,1,1,1,1,4),(0.E0,2.E-1,4.E-1,6.E-1,8.E-1,1.E0),
.UNSPECIFIED.);
#1324=B_SPLINE_CURVE_WITH_KNOTS('',3,(#1316,#1317,#1318,#1319,#1320,#1321,#1322,
#1323),.UNSPECIFIED.,.F.,.F.,(4,1,1,1,1,4),(0.E0,2.E-1,4.E-1,6.E-1,8.E-1,1.E0),
.UNSPECIFIED.);
#1333=CIRCLE('',#1332,1.55E1);
#1342=CIRCLE('',#1341,1.55E1);
#1352=B_SPLINE_CURVE_WITH_KNOTS('',3,(#1343,#1344,#1345,#1346,#1347,#1348,#1349,
#1350,#1351),.UNSPECIFIED.,.F.,.F.,(4,1,1,1,1,1,4),(0.E0,1.666666666667E-1,
3.333333333333E-1,5.E-1,6.666666666667E-1,8.333333333333E-1,1.E0),
.UNSPECIFIED.);
#1365=CIRCLE('',#1364,2.8E1);
#1370=CIRCLE('',#1369,1.55E1);
#1375=CIRCLE('',#1374,2.E0);
#1390=B_SPLINE_CURVE_WITH_KNOTS('',3,(#1376,#1377,#1378,#1379,#1380,#1381,#1382,
#1383,#1384,#1385,#1386,#1387,#1388,#1389),.UNSPECIFIED.,.F.,.F.,(4,1,1,1,1,1,1,
1,1,1,1,4),(0.E0,9.090909090909E-2,1.818181818182E-1,2.727272727273E-1,
3.636363636364E-1,4.545454545455E-1,5.454545454545E-1,6.363636363636E-1,
7.272727272727E-1,8.181818181818E-1,9.090909090909E-1,1.E0),.UNSPECIFIED.);
#1395=CIRCLE('',#1394,3.E1);
#1400=CIRCLE('',#1399,3.E1);
#1405=CIRCLE('',#1404,1.E-1);
#1414=CIRCLE('',#1413,4.E-1);
#1423=CIRCLE('',#1422,4.E-1);
#1432=CIRCLE('',#1431,4.E-1);
#1441=CIRCLE('',#1440,4.E-1);
#1450=CIRCLE('',#1449,1.E-1);
#1459=CIRCLE('',#1458,4.E-1);
#1468=CIRCLE('',#1467,4.E-1);
#1489=CIRCLE('',#1488,1.5E-1);
#1494=CIRCLE('',#1493,1.5E-1);
#1499=CIRCLE('',#1498,1.5E-1);
#1504=CIRCLE('',#1503,1.5E-1);
#1509=CIRCLE('',#1508,1.5E-1);
#1514=CIRCLE('',#1513,1.5E-1);
#1519=CIRCLE('',#1518,1.5E-1);
#1524=CIRCLE('',#1523,1.5E-1);
#1529=CIRCLE('',#1528,1.5E-1);
#1534=CIRCLE('',#1533,1.5E-1);
#1539=CIRCLE('',#1538,1.5E-1);
#1544=CIRCLE('',#1543,1.5E-1);
#1549=CIRCLE('',#1548,1.5E-1);
#1554=CIRCLE('',#1553,1.5E-1);
#1559=CIRCLE('',#1558,1.5E-1);
#1564=CIRCLE('',#1563,1.5E-1);
#1585=CIRCLE('',#1584,2.5E-1);
#1590=CIRCLE('',#1589,5.E-1);
#1607=CIRCLE('',#1606,5.E-1);
#1632=CIRCLE('',#1631,2.5E-1);
#1637=CIRCLE('',#1636,2.5E-1);
#1642=CIRCLE('',#1641,2.5E-1);
#1663=CIRCLE('',#1662,2.5E-1);
#1668=CIRCLE('',#1667,2.5E-1);
#1673=CIRCLE('',#1672,2.5E-1);
#1678=CIRCLE('',#1677,2.5E-1);
#1699=CIRCLE('',#1698,2.5E-1);
#1704=CIRCLE('',#1703,2.5E-1);
#1709=CIRCLE('',#1708,2.5E-1);
#1714=CIRCLE('',#1713,2.5E-1);
#1735=CIRCLE('',#1734,2.5E-1);
#1740=CIRCLE('',#1739,2.5E-1);
#1745=CIRCLE('',#1744,2.5E-1);
#1750=CIRCLE('',#1749,2.5E-1);
#1771=CIRCLE('',#1770,2.5E-1);
#1776=CIRCLE('',#1775,2.5E-1);
#1781=CIRCLE('',#1780,2.5E-1);
#1786=CIRCLE('',#1785,2.5E-1);
#1807=CIRCLE('',#1806,2.5E-1);
#1812=CIRCLE('',#1811,2.5E-1);
#1817=CIRCLE('',#1816,2.5E-1);
#1822=CIRCLE('',#1821,2.5E-1);
#1843=CIRCLE('',#1842,2.5E-1);
#1848=CIRCLE('',#1847,2.5E-1);
#1853=CIRCLE('',#1852,2.5E-1);
#1858=CIRCLE('',#1857,2.5E-1);
#1879=CIRCLE('',#1878,2.5E-1);
#1884=CIRCLE('',#1883,2.5E-1);
#1889=CIRCLE('',#1888,2.5E-1);
#1894=CIRCLE('',#1893,2.5E-1);
#1899=CIRCLE('',#1898,2.E0);
#1908=CIRCLE('',#1907,1.55E1);
#1913=CIRCLE('',#1912,2.8E1);
#1946=CIRCLE('',#1945,1.3E1);
#1955=CIRCLE('',#1954,1.3E1);
#1967=B_SPLINE_CURVE_WITH_KNOTS('',3,(#1956,#1957,#1958,#1959,#1960,#1961,#1962,
#1963,#1964,#1965,#1966),.UNSPECIFIED.,.F.,.F.,(4,1,1,1,1,1,1,1,4),(0.E0,
1.25E-1,2.5E-1,3.75E-1,5.E-1,6.25E-1,7.5E-1,8.75E-1,1.E0),.UNSPECIFIED.);
#1972=CIRCLE('',#1971,2.E0);
#1989=CIRCLE('',#1988,2.E1);
#1998=CIRCLE('',#1997,1.5E1);
#2019=CIRCLE('',#2018,8.E0);
#2026=B_SPLINE_CURVE_WITH_KNOTS('',3,(#2020,#2021,#2022,#2023,#2024,#2025),
.UNSPECIFIED.,.F.,.F.,(4,1,1,4),(0.E0,3.333333333333E-1,6.666666666667E-1,1.E0),
.UNSPECIFIED.);
#2033=B_SPLINE_CURVE_WITH_KNOTS('',3,(#2027,#2028,#2029,#2030,#2031,#2032),
.UNSPECIFIED.,.F.,.F.,(4,1,1,4),(0.E0,5.E-1,7.5E-1,1.E0),.UNSPECIFIED.);
#2038=CIRCLE('',#2037,1.E1);
#2051=CIRCLE('',#2050,5.2E1);
#2056=CIRCLE('',#2055,2.E0);
#2085=CIRCLE('',#2084,1.7E1);
#2090=CIRCLE('',#2089,4.7E1);
#2095=CIRCLE('',#2094,5.E0);
#2109=B_SPLINE_CURVE_WITH_KNOTS('',3,(#2104,#2105,#2106,#2107,#2108),
.UNSPECIFIED.,.F.,.F.,(4,1,4),(0.E0,5.E-1,1.E0),.UNSPECIFIED.);
#2120=B_SPLINE_CURVE_WITH_KNOTS('',3,(#2114,#2115,#2116,#2117,#2118,#2119),
.UNSPECIFIED.,.F.,.F.,(4,1,1,4),(0.E0,3.333333333333E-1,6.666666666667E-1,1.E0),
.UNSPECIFIED.);
#2127=B_SPLINE_CURVE_WITH_KNOTS('',3,(#2121,#2122,#2123,#2124,#2125,#2126),
.UNSPECIFIED.,.F.,.F.,(4,1,1,4),(0.E0,3.333333333333E-1,6.666666666667E-1,1.E0),
.UNSPECIFIED.);
#2140=CIRCLE('',#2139,1.E1);
#2148=B_SPLINE_CURVE_WITH_KNOTS('',3,(#2141,#2142,#2143,#2144,#2145,#2146,
#2147),.UNSPECIFIED.,.F.,.F.,(4,1,1,1,4),(0.E0,2.5E-1,5.E-1,7.5E-1,1.E0),
.UNSPECIFIED.);
#2153=CIRCLE('',#2152,1.E1);
#2160=B_SPLINE_CURVE_WITH_KNOTS('',3,(#2154,#2155,#2156,#2157,#2158,#2159),
.UNSPECIFIED.,.F.,.F.,(4,1,1,4),(0.E0,5.E-1,7.5E-1,1.E0),.UNSPECIFIED.);
#2170=B_SPLINE_CURVE_WITH_KNOTS('',3,(#2161,#2162,#2163,#2164,#2165,#2166,#2167,
#2168,#2169),.UNSPECIFIED.,.F.,.F.,(4,1,1,1,1,1,4),(0.E0,1.666666666667E-1,
3.333333333333E-1,5.E-1,6.666666666667E-1,8.333333333333E-1,1.E0),
.UNSPECIFIED.);
#2175=CIRCLE('',#2174,2.8E1);
#2183=B_SPLINE_CURVE_WITH_KNOTS('',3,(#2176,#2177,#2178,#2179,#2180,#2181,
#2182),.UNSPECIFIED.,.F.,.F.,(4,1,1,1,4),(0.E0,2.5E-1,5.E-1,7.5E-1,1.E0),
.UNSPECIFIED.);
#2190=B_SPLINE_CURVE_WITH_KNOTS('',3,(#2184,#2185,#2186,#2187,#2188,#2189),
.UNSPECIFIED.,.F.,.F.,(4,1,1,4),(0.E0,3.333333333333E-1,6.666666666667E-1,1.E0),
.UNSPECIFIED.);
#2195=B_SPLINE_CURVE_WITH_KNOTS('',3,(#2191,#2192,#2193,#2194),.UNSPECIFIED.,
.F.,.F.,(4,4),(0.E0,1.E0),.UNSPECIFIED.);
#2209=B_SPLINE_CURVE_WITH_KNOTS('',3,(#2196,#2197,#2198,#2199,#2200,#2201,#2202,
#2203,#2204,#2205,#2206,#2207,#2208),.UNSPECIFIED.,.F.,.F.,(4,1,1,1,1,1,1,1,1,1,
4),(0.E0,1.E-1,2.E-1,3.E-1,4.E-1,5.E-1,6.E-1,7.E-1,8.E-1,9.E-1,1.E0),
.UNSPECIFIED.);
#2218=B_SPLINE_CURVE_WITH_KNOTS('',3,(#2214,#2215,#2216,#2217),.UNSPECIFIED.,
.F.,.F.,(4,4),(0.E0,1.E0),.UNSPECIFIED.);
#2228=B_SPLINE_CURVE_WITH_KNOTS('',3,(#2219,#2220,#2221,#2222,#2223,#2224,#2225,
#2226,#2227),.UNSPECIFIED.,.F.,.F.,(4,1,1,1,1,1,4),(0.E0,1.666666666667E-1,
3.333333333333E-1,5.E-1,6.666666666667E-1,8.333333333333E-1,1.E0),
.UNSPECIFIED.);
#2233=CIRCLE('',#2232,9.E1);
#2241=B_SPLINE_CURVE_WITH_KNOTS('',3,(#2234,#2235,#2236,#2237,#2238,#2239,
#2240),.UNSPECIFIED.,.F.,.F.,(4,1,1,1,4),(0.E0,2.5E-1,5.E-1,7.5E-1,1.E0),
.UNSPECIFIED.);
#2246=CIRCLE('',#2245,2.E0);
#2261=B_SPLINE_CURVE_WITH_KNOTS('',3,(#2255,#2256,#2257,#2258,#2259,#2260),
.UNSPECIFIED.,.F.,.F.,(4,1,1,4),(0.E0,3.333333333333E-1,6.666666666667E-1,1.E0),
.UNSPECIFIED.);
#2266=B_SPLINE_CURVE_WITH_KNOTS('',3,(#2262,#2263,#2264,#2265),.UNSPECIFIED.,
.F.,.F.,(4,4),(0.E0,1.E0),.UNSPECIFIED.);
#2291=CIRCLE('',#2290,1.55E1);
#2300=CIRCLE('',#2299,3.8E1);
#2305=CIRCLE('',#2304,2.E0);
#2317=B_SPLINE_CURVE_WITH_KNOTS('',3,(#2306,#2307,#2308,#2309,#2310,#2311,#2312,
#2313,#2314,#2315,#2316),.UNSPECIFIED.,.F.,.F.,(4,1,1,1,1,1,1,1,4),(0.E0,
1.25E-1,2.5E-1,3.75E-1,5.E-1,6.25E-1,7.5E-1,8.75E-1,1.E0),.UNSPECIFIED.);
#2322=CIRCLE('',#2321,2.E0);
#2343=CIRCLE('',#2342,2.E0);
#2352=CIRCLE('',#2351,1.55E1);
#2361=CIRCLE('',#2360,3.8E1);
#2382=CIRCLE('',#2381,1.55E1);
#2395=CIRCLE('',#2394,1.55E1);
#2414=B_SPLINE_CURVE_WITH_KNOTS('',3,(#2404,#2405,#2406,#2407,#2408,#2409,#2410,
#2411,#2412,#2413),.UNSPECIFIED.,.F.,.F.,(4,1,1,1,1,1,1,4),(0.E0,
1.428571428571E-1,2.857142857143E-1,4.285714285714E-1,5.714285714286E-1,
7.142857142857E-1,8.571428571429E-1,1.E0),.UNSPECIFIED.);
#2419=CIRCLE('',#2418,1.75E1);
#2433=B_SPLINE_CURVE_WITH_KNOTS('',3,(#2420,#2421,#2422,#2423,#2424,#2425,#2426,
#2427,#2428,#2429,#2430,#2431,#2432),.UNSPECIFIED.,.F.,.F.,(4,1,1,1,1,1,1,1,1,1,
4),(0.E0,1.E-1,2.E-1,3.E-1,4.E-1,5.E-1,6.E-1,7.E-1,8.E-1,9.E-1,1.E0),
.UNSPECIFIED.);
#2454=CIRCLE('',#2453,1.3E1);
#2466=B_SPLINE_CURVE_WITH_KNOTS('',3,(#2455,#2456,#2457,#2458,#2459,#2460,#2461,
#2462,#2463,#2464,#2465),.UNSPECIFIED.,.F.,.F.,(4,1,1,1,1,1,1,1,4),(0.E0,
1.25E-1,2.5E-1,3.75E-1,5.E-1,6.25E-1,7.5E-1,8.75E-1,1.E0),.UNSPECIFIED.);
#2471=CIRCLE('',#2470,1.646410161514E1);
#2476=CIRCLE('',#2475,3.499999999998E0);
#2481=CIRCLE('',#2480,4.E1);
#2486=CIRCLE('',#2485,4.E1);
#2491=CIRCLE('',#2490,4.E1);
#2496=CIRCLE('',#2495,4.E1);
#2501=CIRCLE('',#2500,1.75E1);
#2512=B_SPLINE_CURVE_WITH_KNOTS('',3,(#2502,#2503,#2504,#2505,#2506,#2507,#2508,
#2509,#2510,#2511),.UNSPECIFIED.,.F.,.F.,(4,1,1,1,1,1,1,4),(0.E0,
1.428571428571E-1,2.857142857143E-1,4.285714285714E-1,5.714285714286E-1,
7.142857142857E-1,8.571428571429E-1,1.E0),.UNSPECIFIED.);
#2526=B_SPLINE_CURVE_WITH_KNOTS('',3,(#2513,#2514,#2515,#2516,#2517,#2518,#2519,
#2520,#2521,#2522,#2523,#2524,#2525),.UNSPECIFIED.,.F.,.F.,(4,1,1,1,1,1,1,1,1,1,
4),(0.E0,1.E-1,2.E-1,3.E-1,4.E-1,5.E-1,6.E-1,7.E-1,8.E-1,9.E-1,1.E0),
.UNSPECIFIED.);
#2531=CIRCLE('',#2530,1.55E1);
#2536=CIRCLE('',#2535,1.55E1);
#2541=CIRCLE('',#2540,8.077350269190E0);
#2546=CIRCLE('',#2545,8.077350269190E0);
#2559=CIRCLE('',#2558,7.5E0);
#2568=CIRCLE('',#2567,7.5E0);
#2577=CIRCLE('',#2576,2.E1);
#2586=CIRCLE('',#2585,2.E1);
#2610=B_SPLINE_CURVE_WITH_KNOTS('',3,(#2599,#2600,#2601,#2602,#2603,#2604,#2605,
#2606,#2607,#2608,#2609),.UNSPECIFIED.,.F.,.F.,(4,1,1,1,1,1,1,1,4),(0.E0,
1.25E-1,2.5E-1,3.75E-1,5.E-1,6.25E-1,7.5E-1,8.75E-1,1.E0),.UNSPECIFIED.);
#2615=CIRCLE('',#2614,2.E0);
#2620=CIRCLE('',#2619,4.E1);
#2625=CIRCLE('',#2624,4.E1);
#2630=CIRCLE('',#2629,4.1E1);
#2635=CIRCLE('',#2634,4.1E1);
#2640=CIRCLE('',#2639,2.E0);
#2645=CIRCLE('',#2644,4.5E1);
#2654=CIRCLE('',#2653,2.E0);
#2659=CIRCLE('',#2658,4.5E1);
#2664=CIRCLE('',#2663,2.E0);
#2669=CIRCLE('',#2668,2.E0);
#2674=CIRCLE('',#2673,3.9E1);
#2683=CIRCLE('',#2682,3.9E1);
#2700=CIRCLE('',#2699,3.9E1);
#2705=CIRCLE('',#2704,3.9E1);
#2710=CIRCLE('',#2709,2.E0);
#2715=CIRCLE('',#2714,2.E0);
#2720=CIRCLE('',#2719,4.4E1);
#2725=CIRCLE('',#2724,6.5E1);
#2730=CIRCLE('',#2729,4.5E1);
#2735=CIRCLE('',#2734,2.E0);
#2740=CIRCLE('',#2739,3.E1);
#2745=CIRCLE('',#2744,4.5E1);
#2754=CIRCLE('',#2753,1.E0);
#2759=CIRCLE('',#2758,1.E0);
#2768=CIRCLE('',#2767,4.5E1);
#2777=CIRCLE('',#2776,2.E0);
#2782=CIRCLE('',#2781,2.E0);
#2795=CIRCLE('',#2794,4.5E1);
#2821=B_SPLINE_CURVE_WITH_KNOTS('',3,(#2812,#2813,#2814,#2815,#2816,#2817,#2818,
#2819,#2820),.UNSPECIFIED.,.F.,.F.,(4,1,1,1,1,1,4),(0.E0,1.666666666667E-1,
3.333333333333E-1,5.E-1,6.666666666667E-1,8.333333333333E-1,1.E0),
.UNSPECIFIED.);
#2829=B_SPLINE_CURVE_WITH_KNOTS('',3,(#2822,#2823,#2824,#2825,#2826,#2827,
#2828),.UNSPECIFIED.,.F.,.F.,(4,1,1,1,4),(0.E0,2.5E-1,5.E-1,7.5E-1,1.E0),
.UNSPECIFIED.);
#2839=B_SPLINE_CURVE_WITH_KNOTS('',3,(#2830,#2831,#2832,#2833,#2834,#2835,#2836,
#2837,#2838),.UNSPECIFIED.,.F.,.F.,(4,1,1,1,1,1,4),(0.E0,1.666666666667E-1,
3.333333333333E-1,5.E-1,6.666666666667E-1,8.333333333333E-1,1.E0),
.UNSPECIFIED.);
#2849=B_SPLINE_CURVE_WITH_KNOTS('',3,(#2840,#2841,#2842,#2843,#2844,#2845,#2846,
#2847,#2848),.UNSPECIFIED.,.F.,.F.,(4,1,1,1,1,1,4),(0.E0,1.666666666667E-1,
3.333333333333E-1,5.E-1,6.666666666667E-1,8.333333333333E-1,1.E0),
.UNSPECIFIED.);
#2854=CIRCLE('',#2853,1.E0);
#2859=CIRCLE('',#2858,1.E0);
#2868=CIRCLE('',#2867,2.E0);
#2873=CIRCLE('',#2872,3.E0);
#2878=CIRCLE('',#2877,2.E1);
#2883=B_SPLINE_CURVE_WITH_KNOTS('',3,(#2879,#2880,#2881,#2882),.UNSPECIFIED.,
.F.,.F.,(4,4),(0.E0,1.E0),.UNSPECIFIED.);
#2888=CIRCLE('',#2887,2.E1);
#2897=CIRCLE('',#2896,8.E1);
#2914=CIRCLE('',#2913,2.5E1);
#2963=CIRCLE('',#2962,8.500022460269E0);
#2968=CIRCLE('',#2967,7.499997542309E0);
#2974=B_SPLINE_CURVE_WITH_KNOTS('',3,(#2969,#2970,#2971,#2972,#2973),
.UNSPECIFIED.,.F.,.F.,(4,1,4),(0.E0,5.E-1,1.E0),.UNSPECIFIED.);
#2979=CIRCLE('',#2978,5.5E0);
#2984=CIRCLE('',#2983,5.5E0);
#2989=CIRCLE('',#2988,1.E1);
#2994=CIRCLE('',#2993,1.E1);
#3003=CIRCLE('',#3002,1.E1);
#3012=CIRCLE('',#3011,1.E1);
#3017=CIRCLE('',#3016,5.5E0);
#3022=CIRCLE('',#3021,5.5E0);
#3027=CIRCLE('',#3026,8.E1);
#3032=CIRCLE('',#3031,5.5E0);
#3041=CIRCLE('',#3040,5.5E0);
#3066=CIRCLE('',#3065,5.E0);
#3071=CIRCLE('',#3070,5.E0);
#3076=CIRCLE('',#3075,5.E0);
#3081=CIRCLE('',#3080,5.E0);
#3086=CIRCLE('',#3085,8.E1);
#3100=B_SPLINE_CURVE_WITH_KNOTS('',3,(#3095,#3096,#3097,#3098,#3099),
.UNSPECIFIED.,.F.,.F.,(4,1,4),(0.E0,5.E-1,1.E0),.UNSPECIFIED.);
#3109=CIRCLE('',#3108,5.5E0);
#3114=CIRCLE('',#3113,5.5E0);
#3123=CIRCLE('',#3122,5.E0);
#3128=CIRCLE('',#3127,5.E0);
#3141=CIRCLE('',#3140,2.E1);
#3146=B_SPLINE_CURVE_WITH_KNOTS('',3,(#3142,#3143,#3144,#3145),.UNSPECIFIED.,
.F.,.F.,(4,4),(0.E0,1.E0),.UNSPECIFIED.);
#3151=CIRCLE('',#3150,2.E1);
#3156=CIRCLE('',#3155,4.4E1);
#3169=CIRCLE('',#3168,4.4E1);
#3178=CIRCLE('',#3177,3.E1);
#3183=CIRCLE('',#3182,3.E1);
#3192=CIRCLE('',#3191,3.E1);
#3203=B_SPLINE_CURVE_WITH_KNOTS('',3,(#3193,#3194,#3195,#3196,#3197,#3198,#3199,
#3200,#3201,#3202),.UNSPECIFIED.,.F.,.F.,(4,1,1,1,1,1,1,4),(0.E0,
1.428571428571E-1,2.857142857143E-1,4.285714285714E-1,5.714285714286E-1,
7.142857142857E-1,8.571428571429E-1,1.E0),.UNSPECIFIED.);
#3208=CIRCLE('',#3207,3.E0);
#3217=CIRCLE('',#3216,1.E0);
#3222=CIRCLE('',#3221,1.E0);
#3230=B_SPLINE_CURVE_WITH_KNOTS('',3,(#3223,#3224,#3225,#3226,#3227,#3228,
#3229),.UNSPECIFIED.,.F.,.F.,(4,1,1,1,4),(0.E0,2.5E-1,5.E-1,7.5E-1,1.E0),
.UNSPECIFIED.);
#3238=B_SPLINE_CURVE_WITH_KNOTS('',3,(#3231,#3232,#3233,#3234,#3235,#3236,
#3237),.UNSPECIFIED.,.F.,.F.,(4,1,1,1,4),(0.E0,2.5E-1,5.E-1,7.5E-1,1.E0),
.UNSPECIFIED.);
#3243=CIRCLE('',#3242,1.25E1);
#3254=B_SPLINE_CURVE_WITH_KNOTS('',3,(#3244,#3245,#3246,#3247,#3248,#3249,#3250,
#3251,#3252,#3253),.UNSPECIFIED.,.F.,.F.,(4,1,1,1,1,1,1,4),(0.E0,
1.428571428571E-1,2.857142857143E-1,4.285714285714E-1,5.714285714286E-1,
7.142857142857E-1,8.571428571429E-1,1.E0),.UNSPECIFIED.);
#3259=CIRCLE('',#3258,1.25E1);
#3271=B_SPLINE_CURVE_WITH_KNOTS('',3,(#3260,#3261,#3262,#3263,#3264,#3265,#3266,
#3267,#3268,#3269,#3270),.UNSPECIFIED.,.F.,.F.,(4,1,1,1,1,1,1,1,4),(0.E0,
1.25E-1,2.5E-1,3.75E-1,5.E-1,6.25E-1,7.5E-1,8.75E-1,1.E0),.UNSPECIFIED.);
#3276=CIRCLE('',#3275,1.45E1);
#3299=B_SPLINE_CURVE_WITH_KNOTS('',3,(#3289,#3290,#3291,#3292,#3293,#3294,#3295,
#3296,#3297,#3298),.UNSPECIFIED.,.F.,.F.,(4,1,1,1,1,1,1,4),(0.E0,
1.428571428571E-1,2.857142857143E-1,4.285714285714E-1,5.714285714286E-1,
7.142857142857E-1,8.571428571429E-1,1.E0),.UNSPECIFIED.);
#3304=CIRCLE('',#3303,1.45E1);
#3316=B_SPLINE_CURVE_WITH_KNOTS('',3,(#3305,#3306,#3307,#3308,#3309,#3310,#3311,
#3312,#3313,#3314,#3315),.UNSPECIFIED.,.F.,.F.,(4,1,1,1,1,1,1,1,4),(0.E0,
1.25E-1,2.5E-1,3.75E-1,5.E-1,6.25E-1,7.5E-1,8.75E-1,1.E0),.UNSPECIFIED.);
#3324=B_SPLINE_CURVE_WITH_KNOTS('',3,(#3317,#3318,#3319,#3320,#3321,#3322,
#3323),.UNSPECIFIED.,.F.,.F.,(4,1,1,1,4),(0.E0,2.5E-1,5.E-1,7.5E-1,1.E0),
.UNSPECIFIED.);
#3332=B_SPLINE_CURVE_WITH_KNOTS('',3,(#3325,#3326,#3327,#3328,#3329,#3330,
#3331),.UNSPECIFIED.,.F.,.F.,(4,1,1,1,4),(0.E0,2.5E-1,5.E-1,7.5E-1,1.E0),
.UNSPECIFIED.);
#3341=CIRCLE('',#3340,1.25E1);
#3350=CIRCLE('',#3349,1.25E1);
#3359=CIRCLE('',#3358,1.25E1);
#3364=CIRCLE('',#3363,1.25E1);
#3369=CIRCLE('',#3368,6.25E0);
#3374=CIRCLE('',#3373,6.25E0);
#3379=CIRCLE('',#3378,6.25E0);
#3384=CIRCLE('',#3383,6.25E0);
#3397=CIRCLE('',#3396,6.25E0);
#3418=CIRCLE('',#3417,6.827350269190E0);
#3423=CIRCLE('',#3422,6.827350269190E0);
#3428=CIRCLE('',#3427,6.827350269190E0);
#3433=CIRCLE('',#3432,6.827350269190E0);
#3444=B_SPLINE_CURVE_WITH_KNOTS('',3,(#3434,#3435,#3436,#3437,#3438,#3439,#3440,
#3441,#3442,#3443),.UNSPECIFIED.,.F.,.F.,(4,1,1,1,1,1,1,4),(0.E0,
1.428571428571E-1,2.857142857143E-1,4.285714285714E-1,5.714285714286E-1,
7.142857142857E-1,8.571428571429E-1,1.E0),.UNSPECIFIED.);
#3449=CIRCLE('',#3448,1.45E1);
#3461=B_SPLINE_CURVE_WITH_KNOTS('',3,(#3450,#3451,#3452,#3453,#3454,#3455,#3456,
#3457,#3458,#3459,#3460),.UNSPECIFIED.,.F.,.F.,(4,1,1,1,1,1,1,1,4),(0.E0,
1.25E-1,2.5E-1,3.75E-1,5.E-1,6.25E-1,7.5E-1,8.75E-1,1.E0),.UNSPECIFIED.);
#3466=CIRCLE('',#3465,1.25E1);
#3473=B_SPLINE_CURVE_WITH_KNOTS('',3,(#3467,#3468,#3469,#3470,#3471,#3472),
.UNSPECIFIED.,.F.,.F.,(4,1,1,4),(0.E0,3.333333333333E-1,6.666666666667E-1,1.E0),
.UNSPECIFIED.);
#3478=CIRCLE('',#3477,1.25E1);
#3489=B_SPLINE_CURVE_WITH_KNOTS('',3,(#3483,#3484,#3485,#3486,#3487,#3488),
.UNSPECIFIED.,.F.,.F.,(4,1,1,4),(0.E0,3.333333333333E-1,6.666666666667E-1,1.E0),
.UNSPECIFIED.);
#3494=CIRCLE('',#3493,1.25E1);
#3505=B_SPLINE_CURVE_WITH_KNOTS('',3,(#3495,#3496,#3497,#3498,#3499,#3500,#3501,
#3502,#3503,#3504),.UNSPECIFIED.,.F.,.F.,(4,1,1,1,1,1,1,4),(0.E0,
1.428571428571E-1,2.857142857143E-1,4.285714285714E-1,5.714285714286E-1,
7.142857142857E-1,8.571428571429E-1,1.E0),.UNSPECIFIED.);
#3517=B_SPLINE_CURVE_WITH_KNOTS('',3,(#3506,#3507,#3508,#3509,#3510,#3511,#3512,
#3513,#3514,#3515,#3516),.UNSPECIFIED.,.F.,.F.,(4,1,1,1,1,1,1,1,4),(0.E0,
1.25E-1,2.5E-1,3.75E-1,5.E-1,6.25E-1,7.5E-1,8.75E-1,1.E0),.UNSPECIFIED.);
#3522=CIRCLE('',#3521,1.45E1);
#3531=CIRCLE('',#3530,1.25E1);
#3540=CIRCLE('',#3539,1.25E1);
#3553=CIRCLE('',#3552,1.25E1);
#3558=CIRCLE('',#3557,3.E1);
#3567=CIRCLE('',#3566,3.E1);
#3579=B_SPLINE_CURVE_WITH_KNOTS('',3,(#3568,#3569,#3570,#3571,#3572,#3573,#3574,
#3575,#3576,#3577,#3578),.UNSPECIFIED.,.F.,.F.,(4,1,1,1,1,1,1,1,4),(0.E0,
1.25E-1,2.5E-1,3.75E-1,5.E-1,6.25E-1,7.5E-1,8.75E-1,1.E0),.UNSPECIFIED.);
#3584=CIRCLE('',#3583,8.E0);
#3589=CIRCLE('',#3588,1.E1);
#3594=CIRCLE('',#3593,1.E1);
#3603=CIRCLE('',#3602,6.25E0);
#3620=CIRCLE('',#3619,6.25E0);
#3629=CIRCLE('',#3628,6.25E0);
#3665=B_SPLINE_CURVE_WITH_KNOTS('',3,(#3658,#3659,#3660,#3661,#3662,#3663,
#3664),.UNSPECIFIED.,.F.,.F.,(4,1,1,1,4),(0.E0,2.5E-1,5.E-1,7.5E-1,1.E0),
.UNSPECIFIED.);
#3697=B_SPLINE_CURVE_WITH_KNOTS('',3,(#3686,#3687,#3688,#3689,#3690,#3691,#3692,
#3693,#3694,#3695,#3696),.UNSPECIFIED.,.F.,.F.,(4,1,1,1,1,1,1,1,4),(0.E0,
1.25E-1,2.5E-1,3.75E-1,5.E-1,6.25E-1,7.5E-1,8.75E-1,1.E0),.UNSPECIFIED.);
#3702=CIRCLE('',#3701,3.E1);
#3707=CIRCLE('',#3706,3.E1);
#3719=B_SPLINE_CURVE_WITH_KNOTS('',3,(#3708,#3709,#3710,#3711,#3712,#3713,#3714,
#3715,#3716,#3717,#3718),.UNSPECIFIED.,.F.,.F.,(4,1,1,1,1,1,1,1,4),(0.E0,
1.25E-1,2.5E-1,3.75E-1,5.E-1,6.25E-1,7.5E-1,8.75E-1,1.E0),.UNSPECIFIED.);
#3728=CIRCLE('',#3727,1.85E1);
#3737=CIRCLE('',#3736,1.85E1);
#3742=CIRCLE('',#3741,6.E0);
#3747=CIRCLE('',#3746,6.E0);
#3752=CIRCLE('',#3751,2.05E1);
#3757=CIRCLE('',#3756,1.85E1);
#3774=CIRCLE('',#3773,3.E1);
#3786=B_SPLINE_CURVE_WITH_KNOTS('',3,(#3775,#3776,#3777,#3778,#3779,#3780,#3781,
#3782,#3783,#3784,#3785),.UNSPECIFIED.,.F.,.F.,(4,1,1,1,1,1,1,1,4),(0.E0,
1.25E-1,2.5E-1,3.75E-1,5.E-1,6.25E-1,7.5E-1,8.75E-1,1.E0),.UNSPECIFIED.);
#3796=B_SPLINE_CURVE_WITH_KNOTS('',3,(#3787,#3788,#3789,#3790,#3791,#3792,#3793,
#3794,#3795),.UNSPECIFIED.,.F.,.F.,(4,1,1,1,1,1,4),(0.E0,1.666666666667E-1,
3.333333333333E-1,5.E-1,6.666666666667E-1,8.333333333333E-1,1.E0),
.UNSPECIFIED.);
#3801=CIRCLE('',#3800,3.E1);
#3816=B_SPLINE_CURVE_WITH_KNOTS('',3,(#3810,#3811,#3812,#3813,#3814,#3815),
.UNSPECIFIED.,.F.,.F.,(4,1,1,4),(0.E0,3.333333333333E-1,6.666666666667E-1,1.E0),
.UNSPECIFIED.);
#3822=B_SPLINE_CURVE_WITH_KNOTS('',3,(#3817,#3818,#3819,#3820,#3821),
.UNSPECIFIED.,.F.,.F.,(4,1,4),(0.E0,5.E-1,1.E0),.UNSPECIFIED.);
#3831=CIRCLE('',#3830,1.85E1);
#3836=CIRCLE('',#3835,2.05E1);
#3841=CIRCLE('',#3840,7.E0);
#3846=CIRCLE('',#3845,7.E0);
#3863=CIRCLE('',#3862,6.E0);
#3872=CIRCLE('',#3871,6.E0);
#3877=CIRCLE('',#3876,7.E1);
#3888=B_SPLINE_CURVE_WITH_KNOTS('',3,(#3878,#3879,#3880,#3881,#3882,#3883,#3884,
#3885,#3886,#3887),.UNSPECIFIED.,.F.,.F.,(4,1,1,1,1,1,1,4),(0.E0,
1.428571428571E-1,2.857142857143E-1,4.285714285714E-1,5.714285714286E-1,
7.142857142857E-1,8.571428571429E-1,1.E0),.UNSPECIFIED.);
#3897=B_SPLINE_CURVE_WITH_KNOTS('',3,(#3889,#3890,#3891,#3892,#3893,#3894,#3895,
#3896),.UNSPECIFIED.,.F.,.F.,(4,1,1,1,1,4),(0.E0,2.E-1,4.E-1,6.E-1,8.E-1,1.E0),
.UNSPECIFIED.);
#3905=B_SPLINE_CURVE_WITH_KNOTS('',3,(#3898,#3899,#3900,#3901,#3902,#3903,
#3904),.UNSPECIFIED.,.F.,.F.,(4,1,1,1,4),(0.E0,2.5E-1,5.E-1,7.5E-1,1.E0),
.UNSPECIFIED.);
#3910=CIRCLE('',#3909,7.000000000005E1);
#3919=CIRCLE('',#3918,2.6E1);
#3935=B_SPLINE_CURVE_WITH_KNOTS('',3,(#3924,#3925,#3926,#3927,#3928,#3929,#3930,
#3931,#3932,#3933,#3934),.UNSPECIFIED.,.F.,.F.,(4,1,1,1,1,1,1,1,4),(0.E0,
1.25E-1,2.5E-1,3.75E-1,5.E-1,6.25E-1,7.5E-1,8.75E-1,1.E0),.UNSPECIFIED.);
#3941=B_SPLINE_CURVE_WITH_KNOTS('',3,(#3936,#3937,#3938,#3939,#3940),
.UNSPECIFIED.,.F.,.F.,(4,1,4),(0.E0,5.E-1,1.E0),.UNSPECIFIED.);
#3956=B_SPLINE_CURVE_WITH_KNOTS('',3,(#3950,#3951,#3952,#3953,#3954,#3955),
.UNSPECIFIED.,.F.,.F.,(4,1,1,4),(0.E0,5.E-1,7.5E-1,1.E0),.UNSPECIFIED.);
#3970=B_SPLINE_CURVE_WITH_KNOTS('',3,(#3961,#3962,#3963,#3964,#3965,#3966,#3967,
#3968,#3969),.UNSPECIFIED.,.F.,.F.,(4,1,1,1,1,1,4),(0.E0,1.666666666667E-1,
3.333333333333E-1,5.E-1,6.666666666667E-1,8.333333333333E-1,1.E0),
.UNSPECIFIED.);
#3983=B_SPLINE_CURVE_WITH_KNOTS('',3,(#3975,#3976,#3977,#3978,#3979,#3980,#3981,
#3982),.UNSPECIFIED.,.F.,.F.,(4,1,1,1,1,4),(0.E0,2.E-1,4.E-1,6.E-1,8.E-1,1.E0),
.UNSPECIFIED.);
#3996=CIRCLE('',#3995,2.E0);
#4007=B_SPLINE_CURVE_WITH_KNOTS('',3,(#3997,#3998,#3999,#4000,#4001,#4002,#4003,
#4004,#4005,#4006),.UNSPECIFIED.,.F.,.F.,(4,1,1,1,1,1,1,4),(0.E0,
1.428571428571E-1,2.857142857143E-1,4.285714285714E-1,5.714285714286E-1,
7.142857142857E-1,8.571428571429E-1,1.E0),.UNSPECIFIED.);
#4017=B_SPLINE_CURVE_WITH_KNOTS('',3,(#4008,#4009,#4010,#4011,#4012,#4013,#4014,
#4015,#4016),.UNSPECIFIED.,.F.,.F.,(4,1,1,1,1,1,4),(0.E0,1.666666666667E-1,
3.333333333333E-1,5.E-1,6.666666666667E-1,8.333333333333E-1,1.E0),
.UNSPECIFIED.);
#4022=CIRCLE('',#4021,6.2E1);
#4039=CIRCLE('',#4038,2.E0);
#4044=CIRCLE('',#4043,2.E0);
#4054=B_SPLINE_CURVE_WITH_KNOTS('',3,(#4045,#4046,#4047,#4048,#4049,#4050,#4051,
#4052,#4053),.UNSPECIFIED.,.F.,.F.,(4,1,1,1,1,1,4),(0.E0,1.666666666667E-1,
3.333333333333E-1,5.E-1,6.666666666667E-1,8.333333333333E-1,1.E0),
.UNSPECIFIED.);
#4069=B_SPLINE_CURVE_WITH_KNOTS('',3,(#4055,#4056,#4057,#4058,#4059,#4060,#4061,
#4062,#4063,#4064,#4065,#4066,#4067,#4068),.UNSPECIFIED.,.F.,.F.,(4,1,1,1,1,1,1,
1,1,1,1,4),(0.E0,9.090909090909E-2,1.818181818182E-1,2.727272727273E-1,
3.636363636364E-1,4.545454545455E-1,5.454545454545E-1,6.363636363636E-1,
7.272727272727E-1,8.181818181818E-1,9.090909090909E-1,1.E0),.UNSPECIFIED.);
#4088=B_SPLINE_CURVE_WITH_KNOTS('',3,(#4082,#4083,#4084,#4085,#4086,#4087),
.UNSPECIFIED.,.F.,.F.,(4,1,1,4),(0.E0,3.333333333333E-1,6.666666666667E-1,1.E0),
.UNSPECIFIED.);
#4099=B_SPLINE_CURVE_WITH_KNOTS('',3,(#4093,#4094,#4095,#4096,#4097,#4098),
.UNSPECIFIED.,.F.,.F.,(4,1,1,4),(0.E0,3.333333333333E-1,6.666666666667E-1,1.E0),
.UNSPECIFIED.);
#4104=CIRCLE('',#4103,2.E0);
#4113=B_SPLINE_CURVE_WITH_KNOTS('',3,(#4105,#4106,#4107,#4108,#4109,#4110,#4111,
#4112),.UNSPECIFIED.,.F.,.F.,(4,1,1,1,1,4),(0.E0,2.E-1,4.E-1,6.E-1,8.E-1,1.E0),
.UNSPECIFIED.);
#4121=B_SPLINE_CURVE_WITH_KNOTS('',3,(#4114,#4115,#4116,#4117,#4118,#4119,
#4120),.UNSPECIFIED.,.F.,.F.,(4,1,1,1,4),(0.E0,2.5E-1,5.E-1,7.5E-1,1.E0),
.UNSPECIFIED.);
#4129=B_SPLINE_CURVE_WITH_KNOTS('',3,(#4122,#4123,#4124,#4125,#4126,#4127,
#4128),.UNSPECIFIED.,.F.,.F.,(4,1,1,1,4),(0.E0,2.5E-1,5.E-1,7.5E-1,1.E0),
.UNSPECIFIED.);
#4134=CIRCLE('',#4133,2.E0);
#4139=CIRCLE('',#4138,2.E0);
#4163=B_SPLINE_CURVE_WITH_KNOTS('',3,(#4148,#4149,#4150,#4151,#4152,#4153,#4154,
#4155,#4156,#4157,#4158,#4159,#4160,#4161,#4162),.UNSPECIFIED.,.F.,.F.,(4,1,1,1,
1,1,1,1,1,1,1,1,4),(0.E0,8.333333333333E-2,1.666666666667E-1,2.5E-1,
3.333333333333E-1,4.166666666667E-1,5.E-1,5.833333333333E-1,6.666666666667E-1,
7.5E-1,8.333333333333E-1,9.166666666667E-1,1.E0),.UNSPECIFIED.);
#4170=B_SPLINE_CURVE_WITH_KNOTS('',3,(#4164,#4165,#4166,#4167,#4168,#4169),
.UNSPECIFIED.,.F.,.F.,(4,1,1,4),(0.E0,3.333333333333E-1,6.666666666667E-1,1.E0),
.UNSPECIFIED.);
#4175=CIRCLE('',#4174,2.E0);
#4180=CIRCLE('',#4179,2.E0);
#4198=B_SPLINE_CURVE_WITH_KNOTS('',3,(#4185,#4186,#4187,#4188,#4189,#4190,#4191,
#4192,#4193,#4194,#4195,#4196,#4197),.UNSPECIFIED.,.F.,.F.,(4,1,1,1,1,1,1,1,1,1,
4),(0.E0,1.E-1,2.E-1,3.E-1,4.E-1,5.E-1,6.E-1,7.E-1,8.E-1,9.E-1,1.E0),
.UNSPECIFIED.);
#4203=CIRCLE('',#4202,2.E0);
#4208=CIRCLE('',#4207,2.E0);
#4223=B_SPLINE_CURVE_WITH_KNOTS('',3,(#4209,#4210,#4211,#4212,#4213,#4214,#4215,
#4216,#4217,#4218,#4219,#4220,#4221,#4222),.UNSPECIFIED.,.F.,.F.,(4,1,1,1,1,1,1,
1,1,1,1,4),(0.E0,9.090909090909E-2,1.818181818182E-1,2.727272727273E-1,
3.636363636364E-1,4.545454545455E-1,5.454545454545E-1,6.363636363636E-1,
7.272727272727E-1,8.181818181818E-1,9.090909090909E-1,1.E0),.UNSPECIFIED.);
#4232=CIRCLE('',#4231,6.25E0);
#4237=CIRCLE('',#4236,6.25E0);
#4254=CIRCLE('',#4253,3.7E1);
#4264=B_SPLINE_CURVE_WITH_KNOTS('',3,(#4255,#4256,#4257,#4258,#4259,#4260,#4261,
#4262,#4263),.UNSPECIFIED.,.F.,.F.,(4,1,1,1,1,1,4),(0.E0,1.666666666667E-1,
3.333333333333E-1,5.E-1,6.666666666667E-1,8.333333333333E-1,1.E0),
.UNSPECIFIED.);
#4269=CIRCLE('',#4268,3.75E1);
#4278=B_SPLINE_CURVE_WITH_KNOTS('',3,(#4270,#4271,#4272,#4273,#4274,#4275,#4276,
#4277),.UNSPECIFIED.,.F.,.F.,(4,1,1,1,1,4),(0.E0,2.E-1,4.E-1,6.E-1,8.E-1,1.E0),
.UNSPECIFIED.);
#4283=B_SPLINE_CURVE_WITH_KNOTS('',3,(#4279,#4280,#4281,#4282),.UNSPECIFIED.,
.F.,.F.,(4,4),(0.E0,1.E0),.UNSPECIFIED.);
#4288=B_SPLINE_CURVE_WITH_KNOTS('',3,(#4284,#4285,#4286,#4287),.UNSPECIFIED.,
.F.,.F.,(4,4),(0.E0,1.E0),.UNSPECIFIED.);
#4293=CIRCLE('',#4292,3.472794046853E1);
#4298=CIRCLE('',#4297,3.472794046853E1);
#4305=B_SPLINE_CURVE_WITH_KNOTS('',3,(#4299,#4300,#4301,#4302,#4303,#4304),
.UNSPECIFIED.,.F.,.F.,(4,1,1,4),(0.E0,3.333333333333E-1,6.666666666667E-1,1.E0),
.UNSPECIFIED.);
#4314=CIRCLE('',#4313,3.4E1);
#5211=EDGE_CURVE('',#4558,#4559,#15,.T.);
#5213=EDGE_CURVE('',#4559,#4558,#20,.T.);
#5217=EDGE_CURVE('',#4726,#4727,#5,.T.);
#5219=EDGE_CURVE('',#4727,#4726,#10,.T.);
#5230=EDGE_CURVE('',#4726,#4708,#28,.T.);
#5232=EDGE_CURVE('',#4708,#4709,#33,.T.);
#5234=EDGE_CURVE('',#4727,#4709,#24,.T.);
#5246=EDGE_CURVE('',#4708,#4709,#38,.T.);
#5257=EDGE_CURVE('',#4720,#4721,#43,.T.);
#5259=EDGE_CURVE('',#4721,#4720,#48,.T.);
#5273=EDGE_CURVE('',#4716,#4717,#58,.T.);
#5275=EDGE_CURVE('',#4716,#4720,#53,.T.);
#5278=EDGE_CURVE('',#4717,#4721,#76,.T.);
#5289=EDGE_CURVE('',#4717,#4713,#62,.T.);
#5291=EDGE_CURVE('',#4712,#4713,#86,.T.);
#5293=EDGE_CURVE('',#4716,#4712,#66,.T.);
#5303=EDGE_CURVE('',#4717,#4716,#71,.T.);
#5306=EDGE_CURVE('',#4712,#4713,#81,.T.);
#5329=EDGE_CURVE('',#4694,#4700,#95,.T.);
#5331=EDGE_CURVE('',#4694,#4700,#104,.T.);
#5345=EDGE_CURVE('',#4694,#4695,#90,.T.);
#5348=EDGE_CURVE('',#4700,#4701,#99,.T.);
#5350=EDGE_CURVE('',#4695,#4701,#114,.T.);
#5361=EDGE_CURVE('',#4695,#4701,#109,.T.);
#5377=EDGE_CURVE('',#4697,#4704,#123,.T.);
#5379=EDGE_CURVE('',#4697,#4704,#132,.T.);
#5389=EDGE_CURVE('',#4697,#4690,#118,.T.);
#5392=EDGE_CURVE('',#4704,#4705,#127,.T.);
#5394=EDGE_CURVE('',#4690,#4705,#4314,.T.);
#5405=EDGE_CURVE('',#4690,#4705,#144,.T.);
#5417=EDGE_CURVE('',#4775,#4776,#139,.T.);
#5419=EDGE_CURVE('',#4705,#4775,#4318,.T.);
#5422=EDGE_CURVE('',#4690,#4691,#4309,.T.);
#5424=EDGE_CURVE('',#4691,#4776,#4293,.T.);
#5434=EDGE_CURVE('',#4956,#4560,#150,.T.);
#5436=EDGE_CURVE('',#4560,#4561,#158,.T.);
#5438=EDGE_CURVE('',#4561,#4781,#489,.T.);
#5440=EDGE_CURVE('',#4781,#4778,#4264,.T.);
#5442=EDGE_CURVE('',#4777,#4778,#4283,.T.);
#5444=EDGE_CURVE('',#4777,#4775,#4305,.T.);
#5447=EDGE_CURVE('',#4779,#4776,#4288,.T.);
#5449=EDGE_CURVE('',#4779,#4780,#4278,.T.);
#5451=EDGE_CURVE('',#4780,#4566,#483,.T.);
#5453=EDGE_CURVE('',#4566,#4567,#166,.T.);
#5455=EDGE_CURVE('',#4567,#4979,#172,.T.);
#5457=EDGE_CURVE('',#4956,#4979,#177,.T.);
#5483=EDGE_CURVE('',#4955,#4562,#201,.T.);
#5485=EDGE_CURVE('',#4562,#4560,#182,.T.);
#5488=EDGE_CURVE('',#4955,#4956,#195,.T.);
#5499=EDGE_CURVE('',#4966,#4955,#205,.T.);
#5501=EDGE_CURVE('',#4966,#4983,#209,.T.);
#5503=EDGE_CURVE('',#4983,#4650,#213,.T.);
#5505=EDGE_CURVE('',#4661,#4650,#662,.T.);
#5507=EDGE_CURVE('',#4749,#4661,#623,.T.);
#5509=EDGE_CURVE('',#4748,#4749,#538,.T.);
#5511=EDGE_CURVE('',#4774,#4748,#493,.T.);
#5513=EDGE_CURVE('',#4563,#4774,#424,.T.);
#5515=EDGE_CURVE('',#4562,#4563,#221,.T.);
#5525=EDGE_CURVE('',#4977,#4978,#225,.T.);
#5527=EDGE_CURVE('',#4565,#4977,#231,.T.);
#5529=EDGE_CURVE('',#4564,#4565,#239,.T.);
#5531=EDGE_CURVE('',#4723,#4564,#470,.T.);
#5533=EDGE_CURVE('',#4767,#4723,#243,.T.);
#5535=EDGE_CURVE('',#4753,#4767,#1052,.T.);
#5537=EDGE_CURVE('',#4752,#4753,#588,.T.);
#5539=EDGE_CURVE('',#4608,#4752,#3151,.T.);
#5541=EDGE_CURVE('',#4608,#4641,#2901,.T.);
#5543=EDGE_CURVE('',#4981,#4641,#247,.T.);
#5545=EDGE_CURVE('',#4978,#4981,#251,.T.);
#5556=EDGE_CURVE('',#4970,#4955,#261,.T.);
#5558=EDGE_CURVE('',#4969,#4970,#312,.T.);
#5560=EDGE_CURVE('',#4969,#4966,#256,.T.);
#5618=EDGE_CURVE('',#4970,#4960,#320,.T.);
#5622=EDGE_CURVE('',#4963,#4956,#380,.T.);
#5624=EDGE_CURVE('',#4960,#4963,#270,.T.);
#5634=EDGE_CURVE('',#4505,#4958,#275,.T.);
#5636=EDGE_CURVE('',#4958,#4973,#283,.T.);
#5638=EDGE_CURVE('',#4973,#4974,#287,.T.);
#5640=EDGE_CURVE('',#4644,#4974,#291,.T.);
#5642=EDGE_CURVE('',#4498,#4644,#2998,.T.);
#5644=EDGE_CURVE('',#4498,#4505,#295,.T.);
#5654=EDGE_CURVE('',#4960,#4507,#300,.T.);
#5656=EDGE_CURVE('',#4502,#4507,#304,.T.);
#5658=EDGE_CURVE('',#4654,#4502,#3007,.T.);
#5660=EDGE_CURVE('',#4654,#4969,#308,.T.);
#5674=EDGE_CURVE('',#4963,#4964,#375,.T.);
#5676=EDGE_CURVE('',#4964,#4958,#389,.T.);
#5679=EDGE_CURVE('',#4675,#4505,#3118,.T.);
#5681=EDGE_CURVE('',#4673,#4675,#331,.T.);
#5683=EDGE_CURVE('',#4672,#4673,#341,.T.);
#5685=EDGE_CURVE('',#4522,#4672,#3104,.T.);
#5687=EDGE_CURVE('',#4521,#4522,#2968,.T.);
#5689=EDGE_CURVE('',#4521,#4671,#345,.T.);
#5691=EDGE_CURVE('',#4670,#4671,#355,.T.);
#5693=EDGE_CURVE('',#4674,#4670,#366,.T.);
#5695=EDGE_CURVE('',#4674,#4507,#370,.T.);
#5706=EDGE_CURVE('',#4964,#4979,#394,.T.);
#5766=EDGE_CURVE('',#4979,#4977,#407,.T.);
#5768=EDGE_CURVE('',#4973,#4977,#3123,.T.);
#5803=EDGE_CURVE('',#4565,#4567,#412,.T.);
#5841=EDGE_CURVE('',#4566,#4564,#477,.T.);
#5851=EDGE_CURVE('',#4563,#4561,#419,.T.);
#5854=EDGE_CURVE('',#4774,#4730,#429,.T.);
#5856=EDGE_CURVE('',#4730,#4731,#498,.T.);
#5858=EDGE_CURVE('',#4731,#4948,#433,.T.);
#5860=EDGE_CURVE('',#4948,#4950,#4198,.T.);
#5862=EDGE_CURVE('',#4950,#4933,#438,.T.);
#5864=EDGE_CURVE('',#4933,#4931,#444,.T.);
#5866=EDGE_CURVE('',#4930,#4931,#456,.T.);
#5868=EDGE_CURVE('',#4734,#4930,#460,.T.);
#5870=EDGE_CURVE('',#4734,#4735,#511,.T.);
#5872=EDGE_CURVE('',#4735,#4722,#465,.T.);
#5874=EDGE_CURVE('',#4722,#4723,#1107,.T.);
#5879=EDGE_CURVE('',#4781,#4780,#4269,.T.);
#5926=EDGE_CURVE('',#4737,#4730,#502,.T.);
#5930=EDGE_CURVE('',#4737,#4748,#583,.T.);
#5942=EDGE_CURVE('',#4360,#4737,#578,.T.);
#5944=EDGE_CURVE('',#4358,#4360,#2233,.T.);
#5946=EDGE_CURVE('',#4771,#4358,#3949,.T.);
#5948=EDGE_CURVE('',#4771,#4731,#506,.T.);
#5959=EDGE_CURVE('',#4745,#4734,#516,.T.);
#5961=EDGE_CURVE('',#4745,#4739,#520,.T.);
#5963=EDGE_CURVE('',#4739,#4735,#524,.T.);
#5973=EDGE_CURVE('',#4742,#4743,#529,.T.);
#5975=EDGE_CURVE('',#4585,#4742,#3945,.T.);
#5977=EDGE_CURVE('',#4585,#4743,#533,.T.);
#5988=EDGE_CURVE('',#4749,#5063,#542,.T.);
#5990=EDGE_CURVE('',#5066,#5063,#547,.T.);
#5992=EDGE_CURVE('',#4844,#5066,#3173,.T.);
#5994=EDGE_CURVE('',#4844,#4363,#552,.T.);
#5996=EDGE_CURVE('',#4363,#4998,#556,.T.);
#5998=EDGE_CURVE('',#5000,#4998,#561,.T.);
#6000=EDGE_CURVE('',#4898,#5000,#3562,.T.);
#6002=EDGE_CURVE('',#4897,#4898,#569,.T.);
#6004=EDGE_CURVE('',#4360,#4897,#573,.T.);
#6017=EDGE_CURVE('',#4753,#4600,#592,.T.);
#6019=EDGE_CURVE('',#4622,#4600,#2720,.T.);
#6021=EDGE_CURVE('',#4622,#4623,#596,.T.);
#6023=EDGE_CURVE('',#4623,#4860,#601,.T.);
#6025=EDGE_CURVE('',#4860,#5047,#605,.T.);
#6027=EDGE_CURVE('',#5047,#5041,#610,.T.);
#6029=EDGE_CURVE('',#5041,#4613,#614,.T.);
#6031=EDGE_CURVE('',#4619,#4613,#3156,.T.);
#6033=EDGE_CURVE('',#4616,#4619,#3169,.T.);
#6035=EDGE_CURVE('',#4616,#4752,#618,.T.);
#6046=EDGE_CURVE('',#4661,#5064,#658,.T.);
#6048=EDGE_CURVE('',#5063,#5064,#628,.T.);
#6059=EDGE_CURVE('',#5035,#5033,#632,.T.);
#6061=EDGE_CURVE('',#4380,#5033,#637,.T.);
#6063=EDGE_CURVE('',#4380,#4610,#641,.T.);
#6065=EDGE_CURVE('',#5035,#4610,#645,.T.);
#6075=EDGE_CURVE('',#4650,#4651,#650,.T.);
#6077=EDGE_CURVE('',#5064,#4651,#654,.T.);
#6089=EDGE_CURVE('',#4321,#4659,#2942,.T.);
#6091=EDGE_CURVE('',#4321,#4376,#666,.T.);
#6093=EDGE_CURVE('',#5054,#4376,#671,.T.);
#6095=EDGE_CURVE('',#5071,#5054,#701,.T.);
#6097=EDGE_CURVE('',#5071,#4659,#676,.T.);
#6107=EDGE_CURVE('',#5032,#5033,#687,.T.);
#6110=EDGE_CURVE('',#5035,#5038,#681,.T.);
#6112=EDGE_CURVE('',#5038,#5039,#2080,.T.);
#6114=EDGE_CURVE('',#5039,#5032,#711,.T.);
#6125=EDGE_CURVE('',#5032,#5054,#693,.T.);
#6128=EDGE_CURVE('',#4375,#4376,#3132,.T.);
#6130=EDGE_CURVE('',#4375,#4378,#2914,.T.);
#6132=EDGE_CURVE('',#4378,#4380,#2892,.T.);
#6143=EDGE_CURVE('',#5071,#5073,#697,.T.);
#6148=EDGE_CURVE('',#5039,#4349,#716,.T.);
#6150=EDGE_CURVE('',#4349,#4350,#3288,.T.);
#6152=EDGE_CURVE('',#4350,#5058,#721,.T.);
#6154=EDGE_CURVE('',#5073,#5058,#740,.T.);
#6165=EDGE_CURVE('',#4651,#5073,#730,.T.);
#6167=EDGE_CURVE('',#4651,#5071,#726,.T.);
#6179=EDGE_CURVE('',#5057,#5058,#800,.T.);
#6181=EDGE_CURVE('',#5057,#5064,#745,.T.);
#6192=EDGE_CURVE('',#4906,#4908,#817,.T.);
#6194=EDGE_CURVE('',#4581,#4906,#2140,.T.);
#6196=EDGE_CURVE('',#4581,#4873,#749,.T.);
#6198=EDGE_CURVE('',#4908,#4873,#757,.T.);
#6208=EDGE_CURVE('',#4835,#4785,#3449,.T.);
#6210=EDGE_CURVE('',#4834,#4835,#761,.T.);
#6212=EDGE_CURVE('',#4834,#4901,#766,.T.);
#6214=EDGE_CURVE('',#4901,#4902,#770,.T.);
#6216=EDGE_CURVE('',#4368,#4902,#3558,.T.);
#6218=EDGE_CURVE('',#4368,#4785,#774,.T.);
#6228=EDGE_CURVE('',#4350,#4822,#778,.T.);
#6230=EDGE_CURVE('',#4836,#4822,#782,.T.);
#6232=EDGE_CURVE('',#4787,#4836,#3276,.T.);
#6234=EDGE_CURVE('',#4787,#4371,#786,.T.);
#6236=EDGE_CURVE('',#5068,#4371,#3178,.T.);
#6238=EDGE_CURVE('',#5068,#5060,#791,.T.);
#6240=EDGE_CURVE('',#5060,#5057,#796,.T.);
#6252=EDGE_CURVE('',#4865,#5079,#804,.T.);
#6254=EDGE_CURVE('',#5081,#5079,#852,.T.);
#6256=EDGE_CURVE('',#5081,#4890,#808,.T.);
#6258=EDGE_CURVE('',#4890,#4906,#813,.T.);
#6261=EDGE_CURVE('',#4984,#4908,#824,.T.);
#6263=EDGE_CURVE('',#4875,#4984,#828,.T.);
#6265=EDGE_CURVE('',#4865,#4875,#1950,.T.);
#6275=EDGE_CURVE('',#5079,#5077,#857,.T.);
#6278=EDGE_CURVE('',#4865,#4866,#1946,.T.);
#6280=EDGE_CURVE('',#4866,#5077,#944,.T.);
#6284=EDGE_CURVE('',#4888,#4889,#833,.T.);
#6286=EDGE_CURVE('',#4889,#4888,#838,.T.);
#6296=EDGE_CURVE('',#5075,#5081,#843,.T.);
#6300=EDGE_CURVE('',#5077,#5075,#866,.T.);
#6311=EDGE_CURVE('',#5075,#4862,#940,.T.);
#6313=EDGE_CURVE('',#4904,#4862,#3919,.T.);
#6315=EDGE_CURVE('',#4891,#4904,#2183,.T.);
#6317=EDGE_CURVE('',#4890,#4891,#875,.T.);
#6328=EDGE_CURVE('',#4754,#4755,#881,.T.);
#6330=EDGE_CURVE('',#4940,#4754,#911,.T.);
#6332=EDGE_CURVE('',#4954,#4940,#915,.T.);
#6334=EDGE_CURVE('',#4838,#4954,#928,.T.);
#6336=EDGE_CURVE('',#4773,#4838,#932,.T.);
#6338=EDGE_CURVE('',#4773,#4357,#936,.T.);
#6340=EDGE_CURVE('',#4576,#4357,#2218,.T.);
#6342=EDGE_CURVE('',#4576,#4862,#3923,.T.);
#6347=EDGE_CURVE('',#4866,#4877,#948,.T.);
#6349=EDGE_CURVE('',#4879,#4877,#1224,.T.);
#6351=EDGE_CURVE('',#4587,#4879,#1212,.T.);
#6353=EDGE_CURVE('',#4587,#4755,#952,.T.);
#6364=EDGE_CURVE('',#4743,#4756,#1032,.T.);
#6366=EDGE_CURVE('',#4756,#4757,#1116,.T.);
#6368=EDGE_CURVE('',#4938,#4757,#956,.T.);
#6370=EDGE_CURVE('',#4938,#4939,#962,.T.);
#6372=EDGE_CURVE('',#4922,#4939,#969,.T.);
#6374=EDGE_CURVE('',#4920,#4922,#979,.T.);
#6376=EDGE_CURVE('',#4916,#4920,#984,.T.);
#6378=EDGE_CURVE('',#4915,#4916,#995,.T.);
#6380=EDGE_CURVE('',#4754,#4915,#1003,.T.);
#6383=EDGE_CURVE('',#4755,#4742,#3935,.T.);
#6393=EDGE_CURVE('',#4765,#4739,#1008,.T.);
#6396=EDGE_CURVE('',#4761,#4745,#1016,.T.);
#6398=EDGE_CURVE('',#4761,#4355,#1020,.T.);
#6400=EDGE_CURVE('',#4765,#4355,#1078,.T.);
#6412=EDGE_CURVE('',#4584,#4585,#3941,.T.);
#6414=EDGE_CURVE('',#4586,#4584,#1039,.T.);
#6416=EDGE_CURVE('',#4586,#4756,#1043,.T.);
#6427=EDGE_CURVE('',#4765,#4769,#1072,.T.);
#6429=EDGE_CURVE('',#4739,#4769,#1047,.T.);
#6440=EDGE_CURVE('',#4768,#4767,#1063,.T.);
#6442=EDGE_CURVE('',#4768,#4769,#1068,.T.);
#6446=EDGE_CURVE('',#4355,#4353,#1085,.T.);
#6448=EDGE_CURVE('',#4353,#4354,#3769,.T.);
#6450=EDGE_CURVE('',#4354,#4356,#3665,.T.);
#6452=EDGE_CURVE('',#4356,#4852,#1090,.T.);
#6454=EDGE_CURVE('',#4850,#4852,#1094,.T.);
#6456=EDGE_CURVE('',#4850,#4599,#1099,.T.);
#6458=EDGE_CURVE('',#4599,#4600,#2725,.T.);
#6472=EDGE_CURVE('',#4768,#4722,#1111,.T.);
#6497=EDGE_CURVE('',#4594,#4586,#1122,.T.);
#6499=EDGE_CURVE('',#4594,#4807,#3805,.T.);
#6501=EDGE_CURVE('',#4807,#4808,#1126,.T.);
#6503=EDGE_CURVE('',#4353,#4808,#3761,.T.);
#6507=EDGE_CURVE('',#4760,#4761,#1131,.T.);
#6509=EDGE_CURVE('',#4760,#4763,#1135,.T.);
#6511=EDGE_CURVE('',#4763,#4946,#1140,.T.);
#6513=EDGE_CURVE('',#4946,#4943,#1149,.T.);
#6515=EDGE_CURVE('',#4943,#4944,#1153,.T.);
#6517=EDGE_CURVE('',#4944,#4945,#1164,.T.);
#6519=EDGE_CURVE('',#4759,#4945,#1169,.T.);
#6521=EDGE_CURVE('',#4759,#4757,#1173,.T.);
#6531=EDGE_CURVE('',#4878,#4879,#1179,.T.);
#6533=EDGE_CURVE('',#4881,#4878,#1196,.T.);
#6535=EDGE_CURVE('',#4881,#4591,#2449,.T.);
#6537=EDGE_CURVE('',#4590,#4591,#3877,.T.);
#6539=EDGE_CURVE('',#4594,#4590,#3809,.T.);
#6543=EDGE_CURVE('',#4584,#4587,#1205,.T.);
#6582=EDGE_CURVE('',#4876,#4877,#1241,.T.);
#6584=EDGE_CURVE('',#4876,#4878,#1217,.T.);
#6596=EDGE_CURVE('',#4329,#4330,#1229,.T.);
#6598=EDGE_CURVE('',#4330,#4329,#1234,.T.);
#6602=EDGE_CURVE('',#4490,#4491,#1263,.T.);
#6604=EDGE_CURVE('',#4491,#4490,#1268,.T.);
#6615=EDGE_CURVE('',#4883,#4877,#1246,.T.);
#6617=EDGE_CURVE('',#4880,#4883,#2454,.T.);
#6619=EDGE_CURVE('',#4880,#4876,#1258,.T.);
#6623=EDGE_CURVE('',#4494,#4495,#1273,.T.);
#6625=EDGE_CURVE('',#4495,#4494,#1278,.T.);
#6635=EDGE_CURVE('',#4441,#4443,#1288,.T.);
#6637=EDGE_CURVE('',#4441,#4436,#1370,.T.);
#6639=EDGE_CURVE('',#4392,#4436,#1925,.T.);
#6641=EDGE_CURVE('',#4391,#4392,#1293,.T.);
#6643=EDGE_CURVE('',#4326,#4391,#2403,.T.);
#6645=EDGE_CURVE('',#4325,#4326,#2531,.T.);
#6647=EDGE_CURVE('',#4325,#4332,#1297,.T.);
#6649=EDGE_CURVE('',#4396,#4332,#1302,.T.);
#6651=EDGE_CURVE('',#4396,#4422,#1306,.T.);
#6653=EDGE_CURVE('',#4422,#4453,#2352,.T.);
#6655=EDGE_CURVE('',#4452,#4453,#1315,.T.);
#6657=EDGE_CURVE('',#4452,#4479,#2338,.T.);
#6659=EDGE_CURVE('',#4478,#4479,#1324,.T.);
#6661=EDGE_CURVE('',#4426,#4478,#2291,.T.);
#6663=EDGE_CURVE('',#4426,#4388,#1328,.T.);
#6665=EDGE_CURVE('',#4388,#4334,#1333,.T.);
#6667=EDGE_CURVE('',#4334,#4329,#1337,.T.);
#6670=EDGE_CURVE('',#4383,#4330,#2386,.T.);
#6672=EDGE_CURVE('',#4386,#4383,#1342,.T.);
#6674=EDGE_CURVE('',#4438,#4386,#1937,.T.);
#6676=EDGE_CURVE('',#4447,#4438,#1908,.T.);
#6678=EDGE_CURVE('',#4446,#4447,#1352,.T.);
#6680=EDGE_CURVE('',#4443,#4446,#1356,.T.);
#6690=EDGE_CURVE('',#4441,#4442,#1360,.T.);
#6693=EDGE_CURVE('',#4443,#4445,#1476,.T.);
#6695=EDGE_CURVE('',#4442,#4445,#1375,.T.);
#6706=EDGE_CURVE('',#4442,#5083,#1365,.T.);
#6708=EDGE_CURVE('',#4436,#5083,#1917,.T.);
#6721=EDGE_CURVE('',#4445,#5085,#1395,.T.);
#6723=EDGE_CURVE('',#5085,#5083,#1390,.T.);
#6734=EDGE_CURVE('',#4451,#4445,#1484,.T.);
#6736=EDGE_CURVE('',#5087,#4451,#1400,.T.);
#6738=EDGE_CURVE('',#5087,#5085,#1941,.T.);
#6750=EDGE_CURVE('',#4451,#4446,#1480,.T.);
#6755=EDGE_CURVE('',#5144,#5145,#1405,.T.);
#6757=EDGE_CURVE('',#5145,#5151,#1409,.T.);
#6759=EDGE_CURVE('',#5151,#5155,#1414,.T.);
#6761=EDGE_CURVE('',#5155,#5159,#1418,.T.);
#6763=EDGE_CURVE('',#5159,#5163,#1423,.T.);
#6765=EDGE_CURVE('',#5163,#5167,#1427,.T.);
#6767=EDGE_CURVE('',#5167,#5171,#1432,.T.);
#6769=EDGE_CURVE('',#5171,#5175,#1436,.T.);
#6771=EDGE_CURVE('',#5175,#5179,#1441,.T.);
#6773=EDGE_CURVE('',#5179,#5183,#1445,.T.);
#6775=EDGE_CURVE('',#5183,#5187,#1450,.T.);
#6777=EDGE_CURVE('',#5187,#5191,#1454,.T.);
#6779=EDGE_CURVE('',#5191,#5195,#1459,.T.);
#6781=EDGE_CURVE('',#5195,#5199,#1463,.T.);
#6783=EDGE_CURVE('',#5199,#5203,#1468,.T.);
#6785=EDGE_CURVE('',#5203,#5144,#1472,.T.);
#6808=EDGE_CURVE('',#5144,#5148,#1489,.T.);
#6810=EDGE_CURVE('',#5148,#5149,#1642,.T.);
#6812=EDGE_CURVE('',#5145,#5149,#1564,.T.);
#6823=EDGE_CURVE('',#5203,#5205,#1494,.T.);
#6825=EDGE_CURVE('',#5205,#5148,#1654,.T.);
#6837=EDGE_CURVE('',#5199,#5201,#1499,.T.);
#6839=EDGE_CURVE('',#5201,#5205,#1678,.T.);
#6851=EDGE_CURVE('',#5195,#5197,#1504,.T.);
#6853=EDGE_CURVE('',#5197,#5201,#1690,.T.);
#6865=EDGE_CURVE('',#5191,#5193,#1509,.T.);
#6867=EDGE_CURVE('',#5193,#5197,#1714,.T.);
#6879=EDGE_CURVE('',#5187,#5189,#1514,.T.);
#6881=EDGE_CURVE('',#5189,#5193,#1726,.T.);
#6905=EDGE_CURVE('',#5183,#5185,#1519,.T.);
#6907=EDGE_CURVE('',#5185,#5189,#1750,.T.);
#6919=EDGE_CURVE('',#5179,#5181,#1524,.T.);
#6921=EDGE_CURVE('',#5181,#5185,#1762,.T.);
#6933=EDGE_CURVE('',#5175,#5177,#1529,.T.);
#6935=EDGE_CURVE('',#5177,#5181,#1786,.T.);
#6947=EDGE_CURVE('',#5171,#5173,#1534,.T.);
#6949=EDGE_CURVE('',#5173,#5177,#1798,.T.);
#6961=EDGE_CURVE('',#5167,#5169,#1539,.T.);
#6963=EDGE_CURVE('',#5169,#5173,#1822,.T.);
#6975=EDGE_CURVE('',#5163,#5165,#1544,.T.);
#6977=EDGE_CURVE('',#5165,#5169,#1834,.T.);
#6989=EDGE_CURVE('',#5159,#5161,#1549,.T.);
#6991=EDGE_CURVE('',#5161,#5165,#1858,.T.);
#7003=EDGE_CURVE('',#5155,#5157,#1554,.T.);
#7005=EDGE_CURVE('',#5157,#5161,#1870,.T.);
#7017=EDGE_CURVE('',#5151,#5153,#1559,.T.);
#7019=EDGE_CURVE('',#5153,#5157,#1894,.T.);
#7032=EDGE_CURVE('',#5149,#5153,#1576,.T.);
#7043=EDGE_CURVE('',#5097,#5101,#1568,.T.);
#7045=EDGE_CURVE('',#5101,#5153,#1572,.T.);
#7048=EDGE_CURVE('',#5149,#5097,#1580,.T.);
#7058=EDGE_CURVE('',#5093,#5099,#1627,.T.);
#7060=EDGE_CURVE('',#5099,#5101,#1884,.T.);
#7063=EDGE_CURVE('',#5093,#5097,#1585,.T.);
#7073=EDGE_CURVE('',#5092,#5093,#1590,.T.);
#7075=EDGE_CURVE('',#5137,#5092,#1594,.T.);
#7077=EDGE_CURVE('',#5131,#5137,#1598,.T.);
#7079=EDGE_CURVE('',#5127,#5131,#1602,.T.);
#7081=EDGE_CURVE('',#5123,#5127,#1607,.T.);
#7083=EDGE_CURVE('',#5117,#5123,#1611,.T.);
#7085=EDGE_CURVE('',#5111,#5117,#1615,.T.);
#7087=EDGE_CURVE('',#5105,#5111,#1619,.T.);
#7089=EDGE_CURVE('',#5099,#5105,#1623,.T.);
#7102=EDGE_CURVE('',#5096,#5097,#1637,.T.);
#7104=EDGE_CURVE('',#5092,#5096,#1632,.T.);
#7117=EDGE_CURVE('',#5148,#5096,#1650,.T.);
#7127=EDGE_CURVE('',#5141,#5096,#1646,.T.);
#7131=EDGE_CURVE('',#5141,#5205,#1658,.T.);
#7144=EDGE_CURVE('',#5137,#5141,#1663,.T.);
#7154=EDGE_CURVE('',#5139,#5141,#1673,.T.);
#7156=EDGE_CURVE('',#5137,#5139,#1668,.T.);
#7170=EDGE_CURVE('',#5139,#5201,#1686,.T.);
#7180=EDGE_CURVE('',#5135,#5139,#1682,.T.);
#7184=EDGE_CURVE('',#5135,#5197,#1694,.T.);
#7197=EDGE_CURVE('',#5131,#5135,#1699,.T.);
#7207=EDGE_CURVE('',#5133,#5135,#1709,.T.);
#7209=EDGE_CURVE('',#5131,#5133,#1704,.T.);
#7223=EDGE_CURVE('',#5133,#5193,#1722,.T.);
#7233=EDGE_CURVE('',#5129,#5133,#1718,.T.);
#7237=EDGE_CURVE('',#5189,#5129,#1730,.T.);
#7250=EDGE_CURVE('',#5127,#5129,#1735,.T.);
#7262=EDGE_CURVE('',#5125,#5129,#1745,.T.);
#7264=EDGE_CURVE('',#5123,#5125,#1740,.T.);
#7277=EDGE_CURVE('',#5185,#5125,#1758,.T.);
#7287=EDGE_CURVE('',#5121,#5125,#1754,.T.);
#7291=EDGE_CURVE('',#5121,#5181,#1766,.T.);
#7304=EDGE_CURVE('',#5117,#5121,#1771,.T.);
#7314=EDGE_CURVE('',#5119,#5121,#1781,.T.);
#7316=EDGE_CURVE('',#5117,#5119,#1776,.T.);
#7330=EDGE_CURVE('',#5119,#5177,#1794,.T.);
#7340=EDGE_CURVE('',#5115,#5119,#1790,.T.);
#7344=EDGE_CURVE('',#5115,#5173,#1802,.T.);
#7357=EDGE_CURVE('',#5111,#5115,#1807,.T.);
#7367=EDGE_CURVE('',#5113,#5115,#1817,.T.);
#7369=EDGE_CURVE('',#5111,#5113,#1812,.T.);
#7383=EDGE_CURVE('',#5113,#5169,#1830,.T.);
#7393=EDGE_CURVE('',#5109,#5113,#1826,.T.);
#7397=EDGE_CURVE('',#5109,#5165,#1838,.T.);
#7410=EDGE_CURVE('',#5105,#5109,#1843,.T.);
#7420=EDGE_CURVE('',#5107,#5109,#1853,.T.);
#7422=EDGE_CURVE('',#5105,#5107,#1848,.T.);
#7436=EDGE_CURVE('',#5107,#5161,#1866,.T.);
#7446=EDGE_CURVE('',#5103,#5107,#1862,.T.);
#7450=EDGE_CURVE('',#5103,#5157,#1874,.T.);
#7463=EDGE_CURVE('',#5099,#5103,#1879,.T.);
#7473=EDGE_CURVE('',#5101,#5103,#1889,.T.);
#7498=EDGE_CURVE('',#4449,#4447,#1903,.T.);
#7500=EDGE_CURVE('',#4449,#4451,#1899,.T.);
#7513=EDGE_CURVE('',#4438,#5089,#1933,.T.);
#7515=EDGE_CURVE('',#5089,#4449,#1913,.T.);
#7527=EDGE_CURVE('',#5085,#4988,#1921,.T.);
#7529=EDGE_CURVE('',#4868,#4988,#1967,.T.);
#7531=EDGE_CURVE('',#4400,#4868,#1993,.T.);
#7533=EDGE_CURVE('',#4392,#4400,#2526,.T.);
#7544=EDGE_CURVE('',#4883,#5087,#1929,.T.);
#7546=EDGE_CURVE('',#5089,#5087,#4223,.T.);
#7550=EDGE_CURVE('',#4397,#4386,#2433,.T.);
#7552=EDGE_CURVE('',#4397,#4885,#2437,.T.);
#7554=EDGE_CURVE('',#4883,#4885,#2466,.T.);
#7571=EDGE_CURVE('',#4988,#4875,#1955,.T.);
#7582=EDGE_CURVE('',#4986,#4875,#1972,.T.);
#7584=EDGE_CURVE('',#4868,#4986,#1998,.T.);
#7595=EDGE_CURVE('',#4986,#4870,#2002,.T.);
#7599=EDGE_CURVE('',#4870,#4984,#2246,.T.);
#7609=EDGE_CURVE('',#4991,#4992,#1976,.T.);
#7611=EDGE_CURVE('',#4364,#4991,#1980,.T.);
#7613=EDGE_CURVE('',#4364,#4417,#1984,.T.);
#7615=EDGE_CURVE('',#4992,#4417,#1989,.T.);
#7628=EDGE_CURVE('',#4870,#4407,#2006,.T.);
#7630=EDGE_CURVE('',#4407,#4408,#2010,.T.);
#7632=EDGE_CURVE('',#4410,#4408,#2486,.T.);
#7634=EDGE_CURVE('',#4410,#4399,#2014,.T.);
#7636=EDGE_CURVE('',#4400,#4399,#2501,.T.);
#7646=EDGE_CURVE('',#4996,#4580,#2060,.T.);
#7648=EDGE_CURVE('',#4996,#4991,#2019,.T.);
#7651=EDGE_CURVE('',#4992,#5003,#2026,.T.);
#7653=EDGE_CURVE('',#5003,#4580,#2033,.T.);
#7663=EDGE_CURVE('',#4796,#5022,#2038,.T.);
#7665=EDGE_CURVE('',#5028,#5022,#2042,.T.);
#7667=EDGE_CURVE('',#4783,#5028,#3522,.T.);
#7669=EDGE_CURVE('',#4367,#4783,#2046,.T.);
#7671=EDGE_CURVE('',#5002,#4367,#3567,.T.);
#7673=EDGE_CURVE('',#5002,#4995,#2051,.T.);
#7675=EDGE_CURVE('',#4995,#4996,#2056,.T.);
#7678=EDGE_CURVE('',#4579,#4580,#2064,.T.);
#7680=EDGE_CURVE('',#4583,#4579,#2153,.T.);
#7682=EDGE_CURVE('',#4796,#4583,#2068,.T.);
#7692=EDGE_CURVE('',#5029,#4790,#3304,.T.);
#7694=EDGE_CURVE('',#5011,#5029,#2072,.T.);
#7696=EDGE_CURVE('',#5011,#4349,#2076,.T.);
#7700=EDGE_CURVE('',#5043,#5038,#2085,.T.);
#7702=EDGE_CURVE('',#5045,#5043,#2090,.T.);
#7704=EDGE_CURVE('',#5049,#5045,#2095,.T.);
#7706=EDGE_CURVE('',#4790,#5049,#2099,.T.);
#7717=EDGE_CURVE('',#4796,#4894,#2103,.T.);
#7719=EDGE_CURVE('',#4901,#4894,#2109,.T.);
#7722=EDGE_CURVE('',#4833,#4834,#2113,.T.);
#7724=EDGE_CURVE('',#4833,#4403,#2120,.T.);
#7726=EDGE_CURVE('',#4403,#4404,#3548,.T.);
#7728=EDGE_CURVE('',#4404,#5023,#2127,.T.);
#7730=EDGE_CURVE('',#5022,#5023,#2131,.T.);
#7740=EDGE_CURVE('',#4583,#4895,#2135,.T.);
#7742=EDGE_CURVE('',#4894,#4895,#2175,.T.);
#7757=EDGE_CURVE('',#4895,#4891,#2148,.T.);
#7761=EDGE_CURVE('',#4581,#4579,#2160,.T.);
#7771=EDGE_CURVE('',#4896,#4897,#2209,.T.);
#7774=EDGE_CURVE('',#4898,#4902,#2170,.T.);
#7781=EDGE_CURVE('',#4904,#4896,#3914,.T.);
#7792=EDGE_CURVE('',#4870,#4871,#2190,.T.);
#7794=EDGE_CURVE('',#4871,#4407,#2195,.T.);
#7805=EDGE_CURVE('',#4576,#4896,#2213,.T.);
#7808=EDGE_CURVE('',#4357,#4358,#2228,.T.);
#7845=EDGE_CURVE('',#4873,#4871,#2241,.T.);
#7858=EDGE_CURVE('',#4433,#4434,#2250,.T.);
#7860=EDGE_CURVE('',#4433,#4596,#2254,.T.);
#7862=EDGE_CURVE('',#4592,#4596,#2261,.T.);
#7864=EDGE_CURVE('',#4591,#4592,#2266,.T.);
#7866=EDGE_CURVE('',#4591,#4414,#2445,.T.);
#7868=EDGE_CURVE('',#4434,#4414,#2270,.T.);
#7884=EDGE_CURVE('',#5003,#4429,#2274,.T.);
#7886=EDGE_CURVE('',#4429,#4430,#2278,.T.);
#7888=EDGE_CURVE('',#4408,#4430,#2282,.T.);
#7899=EDGE_CURVE('',#4468,#4469,#2286,.T.);
#7901=EDGE_CURVE('',#4469,#4433,#2577,.T.);
#7904=EDGE_CURVE('',#4425,#4434,#2491,.T.);
#7906=EDGE_CURVE('',#4425,#4426,#2373,.T.);
#7909=EDGE_CURVE('',#4478,#4475,#2295,.T.);
#7911=EDGE_CURVE('',#4475,#4468,#2300,.T.);
#7922=EDGE_CURVE('',#4468,#4472,#2305,.T.);
#7924=EDGE_CURVE('',#4472,#4473,#2594,.T.);
#7926=EDGE_CURVE('',#4473,#4469,#2317,.T.);
#7937=EDGE_CURVE('',#4475,#4477,#2322,.T.);
#7939=EDGE_CURVE('',#4477,#4472,#2625,.T.);
#7951=EDGE_CURVE('',#4479,#4477,#2334,.T.);
#7963=EDGE_CURVE('',#4457,#4452,#2326,.T.);
#7965=EDGE_CURVE('',#4477,#4457,#2330,.T.);
#7978=EDGE_CURVE('',#4455,#4453,#2347,.T.);
#7980=EDGE_CURVE('',#4455,#4457,#2343,.T.);
#7993=EDGE_CURVE('',#4421,#4422,#2365,.T.);
#7995=EDGE_CURVE('',#4421,#4430,#2481,.T.);
#7998=EDGE_CURVE('',#4465,#4429,#2586,.T.);
#8000=EDGE_CURVE('',#4465,#4459,#2356,.T.);
#8002=EDGE_CURVE('',#4459,#4455,#2361,.T.);
#8014=EDGE_CURVE('',#4394,#4396,#2399,.T.);
#8016=EDGE_CURVE('',#4399,#4394,#2512,.T.);
#8019=EDGE_CURVE('',#4410,#4421,#2369,.T.);
#8030=EDGE_CURVE('',#4425,#4412,#2377,.T.);
#8032=EDGE_CURVE('',#4412,#4398,#2441,.T.);
#8034=EDGE_CURVE('',#4384,#4398,#2414,.T.);
#8036=EDGE_CURVE('',#4384,#4388,#2390,.T.);
#8047=EDGE_CURVE('',#4383,#4384,#2382,.T.);
#8062=EDGE_CURVE('',#4394,#4391,#2395,.T.);
#8067=EDGE_CURVE('',#4326,#4325,#2536,.T.);
#8081=EDGE_CURVE('',#4398,#4397,#2419,.T.);
#8092=EDGE_CURVE('',#4885,#4881,#2471,.T.);
#8097=EDGE_CURVE('',#4414,#4412,#2496,.T.);
#8112=EDGE_CURVE('',#4880,#4881,#2476,.T.);
#8243=EDGE_CURVE('',#4542,#4543,#2541,.T.);
#8245=EDGE_CURVE('',#4543,#4542,#2546,.T.);
#8256=EDGE_CURVE('',#4543,#4547,#2554,.T.);
#8258=EDGE_CURVE('',#4546,#4547,#2568,.T.);
#8260=EDGE_CURVE('',#4542,#4546,#2550,.T.);
#8272=EDGE_CURVE('',#4547,#4546,#2559,.T.);
#8284=EDGE_CURVE('',#4490,#4546,#2563,.T.);
#8287=EDGE_CURVE('',#4491,#4547,#2572,.T.);
#8311=EDGE_CURVE('',#4463,#4473,#2581,.T.);
#8313=EDGE_CURVE('',#4465,#4463,#2610,.T.);
#8319=EDGE_CURVE('',#4417,#4418,#2649,.T.);
#8321=EDGE_CURVE('',#4418,#4596,#3888,.T.);
#8332=EDGE_CURVE('',#4463,#4461,#2590,.T.);
#8336=EDGE_CURVE('',#4472,#4461,#2598,.T.);
#8347=EDGE_CURVE('',#4459,#4461,#2615,.T.);
#8361=EDGE_CURVE('',#4461,#4457,#2620,.T.);
#8384=EDGE_CURVE('',#4629,#4631,#2640,.T.);
#8386=EDGE_CURVE('',#4848,#4629,#2645,.T.);
#8388=EDGE_CURVE('',#4852,#4848,#2782,.T.);
#8391=EDGE_CURVE('',#4595,#4356,#3657,.T.);
#8393=EDGE_CURVE('',#4418,#4595,#3897,.T.);
#8397=EDGE_CURVE('',#4363,#4364,#3594,.T.);
#8400=EDGE_CURVE('',#4841,#4844,#3192,.T.);
#8402=EDGE_CURVE('',#4858,#4841,#3217,.T.);
#8404=EDGE_CURVE('',#4637,#4858,#2654,.T.);
#8406=EDGE_CURVE('',#4635,#4637,#2659,.T.);
#8408=EDGE_CURVE('',#4634,#4635,#2664,.T.);
#8410=EDGE_CURVE('',#4860,#4634,#2859,.T.);
#8413=EDGE_CURVE('',#4631,#4623,#2754,.T.);
#8417=EDGE_CURVE('',#4574,#4575,#2630,.T.);
#8419=EDGE_CURVE('',#4575,#4574,#2635,.T.);
#8429=EDGE_CURVE('',#4570,#4571,#2683,.T.);
#8431=EDGE_CURVE('',#4570,#4574,#2669,.T.);
#8434=EDGE_CURVE('',#4571,#4575,#2710,.T.);
#8444=EDGE_CURVE('',#4554,#4555,#2674,.T.);
#8446=EDGE_CURVE('',#4554,#4570,#2678,.T.);
#8449=EDGE_CURVE('',#4555,#4571,#2687,.T.);
#8460=EDGE_CURVE('',#4555,#4559,#2695,.T.);
#8463=EDGE_CURVE('',#4554,#4558,#2691,.T.);
#8473=EDGE_CURVE('',#4555,#4554,#2700,.T.);
#8488=EDGE_CURVE('',#4571,#4570,#2705,.T.);
#8511=EDGE_CURVE('',#4626,#4627,#2715,.T.);
#8513=EDGE_CURVE('',#4629,#4627,#2763,.T.);
#8516=EDGE_CURVE('',#4631,#4626,#2749,.T.);
#8527=EDGE_CURVE('',#4622,#4626,#2759,.T.);
#8531=EDGE_CURVE('',#4599,#4627,#2730,.T.);
#8541=EDGE_CURVE('',#4855,#4856,#2735,.T.);
#8543=EDGE_CURVE('',#4842,#4855,#3222,.T.);
#8545=EDGE_CURVE('',#4842,#4604,#2740,.T.);
#8547=EDGE_CURVE('',#4604,#4856,#2745,.T.);
#8571=EDGE_CURVE('',#4847,#4599,#2768,.T.);
#8573=EDGE_CURVE('',#4847,#4848,#2772,.T.);
#8584=EDGE_CURVE('',#4847,#4850,#2777,.T.);
#8609=EDGE_CURVE('',#4637,#4856,#2790,.T.);
#8612=EDGE_CURVE('',#4858,#4855,#3212,.T.);
#8622=EDGE_CURVE('',#5069,#4602,#2799,.T.);
#8624=EDGE_CURVE('',#5052,#5069,#2821,.T.);
#8626=EDGE_CURVE('',#4635,#5052,#2786,.T.);
#8631=EDGE_CURVE('',#4602,#4604,#2795,.T.);
#8642=EDGE_CURVE('',#5069,#5049,#2829,.T.);
#8645=EDGE_CURVE('',#4372,#4602,#2803,.T.);
#8647=EDGE_CURVE('',#4371,#4372,#2807,.T.);
#8650=EDGE_CURVE('',#4792,#4787,#3271,.T.);
#8652=EDGE_CURVE('',#4792,#4791,#2811,.T.);
#8654=EDGE_CURVE('',#4790,#4791,#3316,.T.);
#8665=EDGE_CURVE('',#5045,#5053,#2839,.T.);
#8667=EDGE_CURVE('',#5052,#5053,#2868,.T.);
#8715=EDGE_CURVE('',#5053,#5047,#2854,.T.);
#8718=EDGE_CURVE('',#5047,#5045,#2849,.T.);
#8731=EDGE_CURVE('',#4634,#5053,#2863,.T.);
#8754=EDGE_CURVE('',#5041,#5043,#2873,.T.);
#8766=EDGE_CURVE('',#5041,#5035,#2878,.T.);
#8781=EDGE_CURVE('',#4610,#4611,#2883,.T.);
#8783=EDGE_CURVE('',#4611,#4613,#2888,.T.);
#8794=EDGE_CURVE('',#4378,#4607,#2909,.T.);
#8796=EDGE_CURVE('',#4617,#4607,#3146,.T.);
#8798=EDGE_CURVE('',#4619,#4617,#3164,.T.);
#8800=EDGE_CURVE('',#4611,#4619,#3160,.T.);
#8813=EDGE_CURVE('',#4640,#4641,#2897,.T.);
#8816=EDGE_CURVE('',#4607,#4608,#2905,.T.);
#8820=EDGE_CURVE('',#4322,#4375,#2918,.T.);
#8822=EDGE_CURVE('',#4640,#4322,#2938,.T.);
#8834=EDGE_CURVE('',#4647,#4640,#2934,.T.);
#8836=EDGE_CURVE('',#4647,#4981,#3027,.T.);
#8846=EDGE_CURVE('',#4523,#4520,#2963,.T.);
#8848=EDGE_CURVE('',#4499,#4523,#2922,.T.);
#8850=EDGE_CURVE('',#4499,#4645,#2926,.T.);
#8852=EDGE_CURVE('',#4645,#4647,#2930,.T.);
#8856=EDGE_CURVE('',#4321,#4322,#3136,.T.);
#8859=EDGE_CURVE('',#4657,#4659,#2946,.T.);
#8861=EDGE_CURVE('',#4655,#4657,#2950,.T.);
#8863=EDGE_CURVE('',#4655,#4503,#2954,.T.);
#8865=EDGE_CURVE('',#4503,#4520,#2958,.T.);
#8876=EDGE_CURVE('',#4520,#4521,#2974,.T.);
#8879=EDGE_CURVE('',#4522,#4523,#3100,.T.);
#8891=EDGE_CURVE('',#4502,#4503,#3012,.T.);
#8895=EDGE_CURVE('',#4674,#4679,#2979,.T.);
#8897=EDGE_CURVE('',#4679,#4671,#2984,.T.);
#8908=EDGE_CURVE('',#4644,#4645,#2989,.T.);
#8911=EDGE_CURVE('',#4498,#4499,#2994,.T.);
#8922=EDGE_CURVE('',#4654,#4655,#3003,.T.);
#8936=EDGE_CURVE('',#4978,#4974,#3128,.T.);
#8944=EDGE_CURVE('',#4682,#4683,#3017,.T.);
#8946=EDGE_CURVE('',#4683,#4682,#3022,.T.);
#8958=EDGE_CURVE('',#4665,#4679,#3045,.T.);
#8960=EDGE_CURVE('',#4665,#4669,#3032,.T.);
#8962=EDGE_CURVE('',#4669,#4670,#3036,.T.);
#8973=EDGE_CURVE('',#4673,#4683,#3053,.T.);
#8976=EDGE_CURVE('',#4677,#4682,#3049,.T.);
#8978=EDGE_CURVE('',#4677,#4672,#3109,.T.);
#8990=EDGE_CURVE('',#4665,#4669,#3041,.T.);
#9003=EDGE_CURVE('',#4675,#4677,#3114,.T.);
#9016=EDGE_CURVE('',#4664,#4665,#3057,.T.);
#9019=EDGE_CURVE('',#4668,#4669,#3061,.T.);
#9021=EDGE_CURVE('',#4664,#4668,#3066,.T.);
#9032=EDGE_CURVE('',#4664,#4668,#3071,.T.);
#9044=EDGE_CURVE('',#4686,#4687,#3076,.T.);
#9046=EDGE_CURVE('',#4687,#4668,#3094,.T.);
#9049=EDGE_CURVE('',#4686,#4664,#3090,.T.);
#9059=EDGE_CURVE('',#4983,#4657,#3086,.T.);
#9069=EDGE_CURVE('',#4687,#4686,#3081,.T.);
#9146=EDGE_CURVE('',#4616,#4617,#3141,.T.);
#9183=EDGE_CURVE('',#4372,#4604,#3183,.T.);
#9194=EDGE_CURVE('',#5068,#5066,#3203,.T.);
#9200=EDGE_CURVE('',#4841,#4842,#3187,.T.);
#9212=EDGE_CURVE('',#5060,#5063,#3208,.T.);
#9248=EDGE_CURVE('',#4821,#4829,#3230,.T.);
#9250=EDGE_CURVE('',#4821,#4794,#3238,.T.);
#9252=EDGE_CURVE('',#4794,#4829,#3243,.T.);
#9262=EDGE_CURVE('',#4830,#4836,#3254,.T.);
#9264=EDGE_CURVE('',#4830,#4792,#3259,.T.);
#9276=EDGE_CURVE('',#4821,#4822,#3284,.T.);
#9279=EDGE_CURVE('',#4829,#4830,#3413,.T.);
#9292=EDGE_CURVE('',#5010,#5011,#3280,.T.);
#9294=EDGE_CURVE('',#5031,#5010,#3332,.T.);
#9296=EDGE_CURVE('',#4794,#5031,#3336,.T.);
#9312=EDGE_CURVE('',#5029,#5014,#3299,.T.);
#9314=EDGE_CURVE('',#5014,#5015,#3354,.T.);
#9316=EDGE_CURVE('',#5017,#5015,#3388,.T.);
#9318=EDGE_CURVE('',#5017,#5025,#3345,.T.);
#9320=EDGE_CURVE('',#5025,#5010,#3324,.T.);
#9333=EDGE_CURVE('',#4791,#5014,#3359,.T.);
#9344=EDGE_CURVE('',#5025,#5031,#3341,.T.);
#9358=EDGE_CURVE('',#5017,#5015,#3350,.T.);
#9363=EDGE_CURVE('',#4792,#4794,#3364,.T.);
#9377=EDGE_CURVE('',#4486,#4487,#3379,.T.);
#9379=EDGE_CURVE('',#4487,#4486,#3384,.T.);
#9389=EDGE_CURVE('',#5007,#5019,#3392,.T.);
#9391=EDGE_CURVE('',#5019,#5007,#3540,.T.);
#9395=EDGE_CURVE('',#4482,#4483,#3369,.T.);
#9397=EDGE_CURVE('',#4483,#4482,#3374,.T.);
#9407=EDGE_CURVE('',#4531,#4530,#3397,.T.);
#9409=EDGE_CURVE('',#4530,#4483,#3607,.T.);
#9412=EDGE_CURVE('',#4531,#4482,#3401,.T.);
#9422=EDGE_CURVE('',#4527,#4526,#3423,.T.);
#9424=EDGE_CURVE('',#4526,#4530,#3598,.T.);
#9427=EDGE_CURVE('',#4527,#4531,#3405,.T.);
#9437=EDGE_CURVE('',#4825,#4826,#3409,.T.);
#9439=EDGE_CURVE('',#4788,#4826,#3466,.T.);
#9441=EDGE_CURVE('',#4403,#4788,#3553,.T.);
#9443=EDGE_CURVE('',#4825,#4403,#3478,.T.);
#9447=EDGE_CURVE('',#4526,#4527,#3418,.T.);
#9464=EDGE_CURVE('',#4534,#4535,#3428,.T.);
#9466=EDGE_CURVE('',#4535,#4534,#3433,.T.);
#9477=EDGE_CURVE('',#4825,#4833,#3473,.T.);
#9481=EDGE_CURVE('',#4835,#4826,#3444,.T.);
#9493=EDGE_CURVE('',#4785,#4788,#3461,.T.);
#9516=EDGE_CURVE('',#4789,#4783,#3517,.T.);
#9518=EDGE_CURVE('',#4788,#4789,#3526,.T.);
#9522=EDGE_CURVE('',#4367,#4368,#3482,.T.);
#9532=EDGE_CURVE('',#5023,#5006,#3489,.T.);
#9535=EDGE_CURVE('',#4404,#5006,#3494,.T.);
#9545=EDGE_CURVE('',#5027,#5028,#3505,.T.);
#9547=EDGE_CURVE('',#5027,#4789,#3531,.T.);
#9559=EDGE_CURVE('',#5006,#5007,#3544,.T.);
#9562=EDGE_CURVE('',#5019,#5027,#3535,.T.);
#9595=EDGE_CURVE('',#5002,#5000,#3579,.T.);
#9608=EDGE_CURVE('',#4995,#4998,#3584,.T.);
#9634=EDGE_CURVE('',#4998,#4991,#3589,.T.);
#9659=EDGE_CURVE('',#4530,#4531,#3603,.T.);
#9683=EDGE_CURVE('',#4535,#4539,#3615,.T.);
#9685=EDGE_CURVE('',#4538,#4539,#3629,.T.);
#9687=EDGE_CURVE('',#4534,#4538,#3611,.T.);
#9699=EDGE_CURVE('',#4539,#4538,#3620,.T.);
#9711=EDGE_CURVE('',#4538,#4486,#3633,.T.);
#9714=EDGE_CURVE('',#4539,#4487,#3624,.T.);
#9736=EDGE_CURVE('',#4803,#4804,#3653,.T.);
#9738=EDGE_CURVE('',#4803,#4589,#3826,.T.);
#9740=EDGE_CURVE('',#4595,#4589,#3905,.T.);
#9744=EDGE_CURVE('',#4804,#4354,#3765,.T.);
#9748=EDGE_CURVE('',#4341,#4342,#3637,.T.);
#9750=EDGE_CURVE('',#4342,#4346,#3641,.T.);
#9752=EDGE_CURVE('',#4345,#4346,#3645,.T.);
#9754=EDGE_CURVE('',#4341,#4345,#3649,.T.);
#9765=EDGE_CURVE('',#4341,#4337,#3669,.T.);
#9767=EDGE_CURVE('',#4337,#4342,#3673,.T.);
#9778=EDGE_CURVE('',#4345,#4338,#3681,.T.);
#9780=EDGE_CURVE('',#4337,#4338,#3685,.T.);
#9792=EDGE_CURVE('',#4338,#4346,#3677,.T.);
#9815=EDGE_CURVE('',#4799,#4800,#3723,.T.);
#9817=EDGE_CURVE('',#4799,#4813,#3697,.T.);
#9819=EDGE_CURVE('',#4813,#4803,#3702,.T.);
#9822=EDGE_CURVE('',#4804,#4815,#3707,.T.);
#9824=EDGE_CURVE('',#4815,#4800,#3719,.T.);
#9835=EDGE_CURVE('',#4800,#4812,#3728,.T.);
#9837=EDGE_CURVE('',#4811,#4812,#3732,.T.);
#9839=EDGE_CURVE('',#4811,#4799,#3737,.T.);
#9849=EDGE_CURVE('',#4812,#4800,#3757,.T.);
#9854=EDGE_CURVE('',#4518,#4519,#3742,.T.);
#9856=EDGE_CURVE('',#4519,#4518,#3747,.T.);
#9866=EDGE_CURVE('',#4815,#4818,#3752,.T.);
#9868=EDGE_CURVE('',#4812,#4818,#3796,.T.);
#9881=EDGE_CURVE('',#4818,#4808,#3801,.T.);
#9896=EDGE_CURVE('',#4807,#4817,#3774,.T.);
#9898=EDGE_CURVE('',#4817,#4811,#3786,.T.);
#9911=EDGE_CURVE('',#4817,#4813,#3836,.T.);
#9916=EDGE_CURVE('',#4590,#4588,#3816,.T.);
#9918=EDGE_CURVE('',#4588,#4589,#3822,.T.);
#9930=EDGE_CURVE('',#4799,#4811,#3831,.T.);
#9947=EDGE_CURVE('',#4514,#4515,#3841,.T.);
#9949=EDGE_CURVE('',#4515,#4514,#3846,.T.);
#9960=EDGE_CURVE('',#4514,#4510,#3854,.T.);
#9962=EDGE_CURVE('',#4510,#4511,#3872,.T.);
#9964=EDGE_CURVE('',#4515,#4511,#3850,.T.);
#9976=EDGE_CURVE('',#4510,#4511,#3863,.T.);
#9988=EDGE_CURVE('',#4510,#4518,#3858,.T.);
#9991=EDGE_CURVE('',#4511,#4519,#3867,.T.);
#10044=EDGE_CURVE('',#4588,#4592,#3910,.T.);
#10120=EDGE_CURVE('',#4771,#4773,#3956,.T.);
#10133=EDGE_CURVE('',#4838,#4953,#3960,.T.);
#10135=EDGE_CURVE('',#4953,#4952,#3970,.T.);
#10137=EDGE_CURVE('',#4952,#4948,#3974,.T.);
#10149=EDGE_CURVE('',#4954,#4935,#3991,.T.);
#10151=EDGE_CURVE('',#4953,#4935,#4208,.T.);
#10163=EDGE_CURVE('',#4940,#4913,#3983,.T.);
#10165=EDGE_CURVE('',#4935,#4913,#3987,.T.);
#10210=EDGE_CURVE('',#4913,#4915,#3996,.T.);
#10265=EDGE_CURVE('',#4913,#4914,#4007,.T.);
#10269=EDGE_CURVE('',#4914,#4916,#4039,.T.);
#10280=EDGE_CURVE('',#4937,#4914,#4034,.T.);
#10282=EDGE_CURVE('',#4935,#4937,#4017,.T.);
#10293=EDGE_CURVE('',#4914,#4918,#4022,.T.);
#10295=EDGE_CURVE('',#4918,#4933,#4026,.T.);
#10298=EDGE_CURVE('',#4937,#4950,#4030,.T.);
#10312=EDGE_CURVE('',#4918,#4920,#4044,.T.);
#10362=EDGE_CURVE('',#4918,#4921,#4054,.T.);
#10366=EDGE_CURVE('',#4921,#4922,#4180,.T.);
#10377=EDGE_CURVE('',#4921,#4929,#4092,.T.);
#10379=EDGE_CURVE('',#4931,#4929,#4069,.T.);
#10391=EDGE_CURVE('',#4911,#4912,#4073,.T.);
#10393=EDGE_CURVE('',#4926,#4911,#4077,.T.);
#10395=EDGE_CURVE('',#4925,#4926,#4081,.T.);
#10397=EDGE_CURVE('',#4929,#4925,#4088,.T.);
#10400=EDGE_CURVE('',#4921,#4912,#4099,.T.);
#10411=EDGE_CURVE('',#4945,#4911,#4104,.T.);
#10414=EDGE_CURVE('',#4912,#4939,#4113,.T.);
#10417=EDGE_CURVE('',#4759,#4938,#4184,.T.);
#10460=EDGE_CURVE('',#4944,#4911,#4129,.T.);
#10472=EDGE_CURVE('',#4926,#4943,#4121,.T.);
#10517=EDGE_CURVE('',#4946,#4926,#4134,.T.);
#10529=EDGE_CURVE('',#4928,#4763,#4147,.T.);
#10531=EDGE_CURVE('',#4928,#4925,#4139,.T.);
#10544=EDGE_CURVE('',#4928,#4760,#4143,.T.);
#10557=EDGE_CURVE('',#4930,#4927,#4163,.T.);
#10559=EDGE_CURVE('',#4927,#4928,#4170,.T.);
#10635=EDGE_CURVE('',#4927,#4929,#4175,.T.);
#10735=EDGE_CURVE('',#4952,#4937,#4203,.T.);
#10809=EDGE_CURVE('',#4494,#4549,#4227,.T.);
#10812=EDGE_CURVE('',#4495,#4551,#4241,.T.);
#10814=EDGE_CURVE('',#4551,#4549,#4232,.T.);
#10825=EDGE_CURVE('',#4549,#4551,#4237,.T.);
#10838=EDGE_CURVE('',#4888,#4551,#4249,.T.);
#10841=EDGE_CURVE('',#4889,#4549,#4245,.T.);
#10863=EDGE_CURVE('',#4779,#4778,#4254,.T.);
#10880=EDGE_CURVE('',#4691,#4777,#4298,.T.);
#10900=(LENGTH_UNIT()NAMED_UNIT(*)SI_UNIT(.MILLI.,.METRE.));
#10902=(NAMED_UNIT(*)PLANE_ANGLE_UNIT()SI_UNIT($,.RADIAN.));
#10905=(NAMED_UNIT(*)SI_UNIT($,.STERADIAN.)SOLID_ANGLE_UNIT());
#10908=ADVANCED_BREP_SHAPE_REPRESENTATION('',(#10899),#10907);
#10915=PRODUCT_DEFINITION('design','',#10914,#10911);
#10916=PRODUCT_DEFINITION_SHAPE('','SHAPE FOR STEERING_KNUCKLE_PATTERN.',
#10915);
#10917=SHAPE_DEFINITION_REPRESENTATION(#10916,#10908);
ENDSEC;
END-ISO-10303-21;
