kind,id,name,current,new,change %,unit,decision,basis,source
"material","mat-dc01","DC01","0.91","0.756","-16.92","£/kg","updated","CR coil (DC01 / DC04) — ArcelorMittal Europe CRC base €880/t delivered (Oct 2026 contracts) × 0.859 = £0.756/kg; direct","https://gmk.center/en/news/arcelormittal-is-raising-prices-for-rolled-steel-in-europe-by-e50-per-tonne/ (2026-07-10)"
"material","mat-dc04","DC04 (CR4 Deep-Drawing)","0.77","0.756","-1.82","£/kg","updated","CR coil (DC01 / DC04) — ArcelorMittal Europe CRC base €880/t delivered (Oct 2026 contracts) × 0.859 = £0.756/kg; direct","https://gmk.center/en/news/arcelormittal-is-raising-prices-for-rolled-steel-in-europe-by-e50-per-tonne/ (2026-07-10)"
"material","mat-dc05","DC05 (Extra-Deep-Drawing)","0.8","0.756","-5.5","£/kg","updated","CR automotive grades — CR base £0.756 × the book's grade premium over its DC01/DC04 mean (£0.84); European grade extras not found; the anchor grade itself","https://gmk.center/en/news/arcelormittal-is-raising-prices-for-rolled-steel-in-europe-by-e50-per-tonne/ (2026-07-10)"
"material","mat-dc06","DC06 (Super-Deep-Drawing IF)","0.85","0.765","-10","£/kg","updated","CR automotive grades — CR base £0.756 × the book's grade premium over its DC01/DC04 mean (£0.84); European grade extras not found; ladder ×1.012 (book grade £0.85 ÷ book base £0.84)","https://gmk.center/en/news/arcelormittal-is-raising-prices-for-rolled-steel-in-europe-by-e50-per-tonne/ (2026-07-10)"
"material","mat-if-dx56","DX56D IF (Interstitial-Free)","1","0.9","-10","£/kg","updated","CR automotive grades — CR base £0.756 × the book's grade premium over its DC01/DC04 mean (£0.84); European grade extras not found; ladder ×1.190 (book grade £1 ÷ book base £0.84)","https://gmk.center/en/news/arcelormittal-is-raising-prices-for-rolled-steel-in-europe-by-e50-per-tonne/ (2026-07-10)"
"material","mat-if-hs260","IF-HS 260 (High-Strength IF)","1.13","1.017","-10","£/kg","updated","CR automotive grades — CR base £0.756 × the book's grade premium over its DC01/DC04 mean (£0.84); European grade extras not found; ladder ×1.345 (book grade £1.13 ÷ book base £0.84)","https://gmk.center/en/news/arcelormittal-is-raising-prices-for-rolled-steel-in-europe-by-e50-per-tonne/ (2026-07-10)"
"material","mat-bh260","BH260 (Bake-Hardening)","1.1","0.99","-10","£/kg","updated","CR automotive grades — CR base £0.756 × the book's grade premium over its DC01/DC04 mean (£0.84); European grade extras not found; ladder ×1.310 (book grade £1.1 ÷ book base £0.84)","https://gmk.center/en/news/arcelormittal-is-raising-prices-for-rolled-steel-in-europe-by-e50-per-tonne/ (2026-07-10)"
"material","mat-greensteel-dc01","Low-CO₂ ""Green"" Steel (H₂-DRI, DC01 equiv.)","1.1","0.99","-10","£/kg","updated","CR automotive grades — CR base £0.756 × the book's grade premium over its DC01/DC04 mean (£0.84); European grade extras not found; ladder ×1.310 (book grade £1.1 ÷ book base £0.84)","https://gmk.center/en/news/arcelormittal-is-raising-prices-for-rolled-steel-in-europe-by-e50-per-tonne/ (2026-07-10)"
"material","mat-hsla340","HSLA 340","1.19","1.071","-10","£/kg","updated","CR automotive grades — CR base £0.756 × the book's grade premium over its DC01/DC04 mean (£0.84); European grade extras not found; ladder ×1.417 (book grade £1.19 ÷ book base £0.84)","https://gmk.center/en/news/arcelormittal-is-raising-prices-for-rolled-steel-in-europe-by-e50-per-tonne/ (2026-07-10)"
"material","mat-hsla420","HSLA 420 Sheet","1.29","1.161","-10","£/kg","updated","CR automotive grades — CR base £0.756 × the book's grade premium over its DC01/DC04 mean (£0.84); European grade extras not found; ladder ×1.536 (book grade £1.29 ÷ book base £0.84)","https://gmk.center/en/news/arcelormittal-is-raising-prices-for-rolled-steel-in-europe-by-e50-per-tonne/ (2026-07-10)"
"material","mat-hsla550","HSLA 550","1.39","1.251","-10","£/kg","updated","CR automotive grades — CR base £0.756 × the book's grade premium over its DC01/DC04 mean (£0.84); European grade extras not found; ladder ×1.655 (book grade £1.39 ÷ book base £0.84)","https://gmk.center/en/news/arcelormittal-is-raising-prices-for-rolled-steel-in-europe-by-e50-per-tonne/ (2026-07-10)"
"material","mat-dp600","DP600","1.3","1.17","-10","£/kg","updated","CR automotive grades — CR base £0.756 × the book's grade premium over its DC01/DC04 mean (£0.84); European grade extras not found; ladder ×1.548 (book grade £1.3 ÷ book base £0.84)","https://gmk.center/en/news/arcelormittal-is-raising-prices-for-rolled-steel-in-europe-by-e50-per-tonne/ (2026-07-10)"
"material","mat-dp780","DP780","1.37","1.233","-10","£/kg","updated","CR automotive grades — CR base £0.756 × the book's grade premium over its DC01/DC04 mean (£0.84); European grade extras not found; ladder ×1.631 (book grade £1.37 ÷ book base £0.84)","https://gmk.center/en/news/arcelormittal-is-raising-prices-for-rolled-steel-in-europe-by-e50-per-tonne/ (2026-07-10)"
"material","mat-dp980","DP980","1.5","1.35","-10","£/kg","updated","CR automotive grades — CR base £0.756 × the book's grade premium over its DC01/DC04 mean (£0.84); European grade extras not found; ladder ×1.786 (book grade £1.5 ÷ book base £0.84)","https://gmk.center/en/news/arcelormittal-is-raising-prices-for-rolled-steel-in-europe-by-e50-per-tonne/ (2026-07-10)"
"material","mat-dp1000","DP1000","1.57","1.413","-10","£/kg","updated","CR automotive grades — CR base £0.756 × the book's grade premium over its DC01/DC04 mean (£0.84); European grade extras not found; ladder ×1.869 (book grade £1.57 ÷ book base £0.84)","https://gmk.center/en/news/arcelormittal-is-raising-prices-for-rolled-steel-in-europe-by-e50-per-tonne/ (2026-07-10)"
"material","mat-trip780","TRIP780","1.45","1.305","-10","£/kg","updated","CR automotive grades — CR base £0.756 × the book's grade premium over its DC01/DC04 mean (£0.84); European grade extras not found; ladder ×1.726 (book grade £1.45 ÷ book base £0.84)","https://gmk.center/en/news/arcelormittal-is-raising-prices-for-rolled-steel-in-europe-by-e50-per-tonne/ (2026-07-10)"
"material","mat-cp800","CP800 (Complex Phase)","1.43","1.287","-10","£/kg","updated","CR automotive grades — CR base £0.756 × the book's grade premium over its DC01/DC04 mean (£0.84); European grade extras not found; ladder ×1.702 (book grade £1.43 ÷ book base £0.84)","https://gmk.center/en/news/arcelormittal-is-raising-prices-for-rolled-steel-in-europe-by-e50-per-tonne/ (2026-07-10)"
"material","mat-ms1200","MS1200 (Martensitic)","1.6","1.44","-10","£/kg","updated","CR automotive grades — CR base £0.756 × the book's grade premium over its DC01/DC04 mean (£0.84); European grade extras not found; ladder ×1.905 (book grade £1.6 ÷ book base £0.84)","https://gmk.center/en/news/arcelormittal-is-raising-prices-for-rolled-steel-in-europe-by-e50-per-tonne/ (2026-07-10)"
"material","mat-ms1300","MS1300 (Martensitic)","1.67","1.503","-10","£/kg","updated","CR automotive grades — CR base £0.756 × the book's grade premium over its DC01/DC04 mean (£0.84); European grade extras not found; ladder ×1.988 (book grade £1.67 ÷ book base £0.84)","https://gmk.center/en/news/arcelormittal-is-raising-prices-for-rolled-steel-in-europe-by-e50-per-tonne/ (2026-07-10)"
"material","mat-ms1500","MS1500 (Martensitic)","1.77","1.593","-10","£/kg","updated","CR automotive grades — CR base £0.756 × the book's grade premium over its DC01/DC04 mean (£0.84); European grade extras not found; ladder ×2.107 (book grade £1.77 ÷ book base £0.84)","https://gmk.center/en/news/arcelormittal-is-raising-prices-for-rolled-steel-in-europe-by-e50-per-tonne/ (2026-07-10)"
"material","mat-qp980","QP980 (Quench & Partition)","1.73","1.557","-10","£/kg","updated","CR automotive grades — CR base £0.756 × the book's grade premium over its DC01/DC04 mean (£0.84); European grade extras not found; ladder ×2.060 (book grade £1.73 ÷ book base £0.84)","https://gmk.center/en/news/arcelormittal-is-raising-prices-for-rolled-steel-in-europe-by-e50-per-tonne/ (2026-07-10)"
"material","mat-medmn1180","Medium-Mn 1180","1.8","1.62","-10","£/kg","updated","CR automotive grades — CR base £0.756 × the book's grade premium over its DC01/DC04 mean (£0.84); European grade extras not found; ladder ×2.143 (book grade £1.8 ÷ book base £0.84)","https://gmk.center/en/news/arcelormittal-is-raising-prices-for-rolled-steel-in-europe-by-e50-per-tonne/ (2026-07-10)"
"material","mat-22mnb5","22MnB5 (Hot Press Forming / Boron Steel)","1.79","1.611","-10","£/kg","updated","CR automotive grades — CR base £0.756 × the book's grade premium over its DC01/DC04 mean (£0.84); European grade extras not found; ladder ×2.131 (book grade £1.79 ÷ book base £0.84)","https://gmk.center/en/news/arcelormittal-is-raising-prices-for-rolled-steel-in-europe-by-e50-per-tonne/ (2026-07-10)"
"material","mat-usibor1500","Usibor 1500 (AlSi-coated 22MnB5)","2","1.8","-10","£/kg","updated","CR automotive grades — CR base £0.756 × the book's grade premium over its DC01/DC04 mean (£0.84); European grade extras not found; ladder ×2.381 (book grade £2 ÷ book base £0.84)","https://gmk.center/en/news/arcelormittal-is-raising-prices-for-rolled-steel-in-europe-by-e50-per-tonne/ (2026-07-10)"
"material","mat-usibor2000","Usibor 2000","2.4","2.16","-10","£/kg","updated","CR automotive grades — CR base £0.756 × the book's grade premium over its DC01/DC04 mean (£0.84); European grade extras not found; ladder ×2.857 (book grade £2.4 ÷ book base £0.84)","https://gmk.center/en/news/arcelormittal-is-raising-prices-for-rolled-steel-in-europe-by-e50-per-tonne/ (2026-07-10)"
"material","mat-c67s-spring","C67S / 1.1231 (CR Spring Strip)","1.6","1.44","-10","£/kg","updated","CR automotive grades — CR base £0.756 × the book's grade premium over its DC01/DC04 mean (£0.84); European grade extras not found; ladder ×1.905 (book grade £1.6 ÷ book base £0.84)","https://gmk.center/en/news/arcelormittal-is-raising-prices-for-rolled-steel-in-europe-by-e50-per-tonne/ (2026-07-10)"
"material","mat-dc01-gi","DC01 GI (Hot-dip Galvanised)","1.11","0.756","-31.89","£/kg","updated","Coated sheet — ArcelorMittal Europe HDG base €880/t delivered = £0.756/kg (Tata UK HRC £620 + HDG uplift ~£145/t agrees) × the book's premium over DC01 GI; the anchor grade itself","https://gmk.center/en/news/arcelormittal-is-raising-prices-for-rolled-steel-in-europe-by-e50-per-tonne/ (2026-07-10) ; https://www.argusmedia.com/en/news-and-insights/latest-market-news/2796142-tata-steel-uk-hikes-hrc-offer-by-ps125-t (2026-03 (for Q2 2026))"
"material","mat-dc03-ga","DC03 GA (Galvannealed)","1.15","0.783","-31.91","£/kg","updated","Coated sheet — ArcelorMittal Europe HDG base €880/t delivered = £0.756/kg (Tata UK HRC £620 + HDG uplift ~£145/t agrees) × the book's premium over DC01 GI; ladder ×1.036 (book grade £1.15 ÷ book base £1.11)","https://gmk.center/en/news/arcelormittal-is-raising-prices-for-rolled-steel-in-europe-by-e50-per-tonne/ (2026-07-10) ; https://www.argusmedia.com/en/news-and-insights/latest-market-news/2796142-tata-steel-uk-hikes-hrc-offer-by-ps125-t (2026-03 (for Q2 2026))"
"material","mat-dc01-ze","DC01+ZE (Electrogalvanised)","0.98","0.756","-22.86","£/kg","updated","Coated sheet — ArcelorMittal Europe HDG base €880/t delivered = £0.756/kg (Tata UK HRC £620 + HDG uplift ~£145/t agrees) × the book's premium over DC01 GI; the anchor grade itself","https://gmk.center/en/news/arcelormittal-is-raising-prices-for-rolled-steel-in-europe-by-e50-per-tonne/ (2026-07-10) ; https://www.argusmedia.com/en/news-and-insights/latest-market-news/2796142-tata-steel-uk-hikes-hrc-offer-by-ps125-t (2026-03 (for Q2 2026))"
"material","mat-znni-eg","Zn-Ni Electrogalvanised","1.23","0.838","-31.87","£/kg","updated","Coated sheet — ArcelorMittal Europe HDG base €880/t delivered = £0.756/kg (Tata UK HRC £620 + HDG uplift ~£145/t agrees) × the book's premium over DC01 GI; ladder ×1.108 (book grade £1.23 ÷ book base £1.11)","https://gmk.center/en/news/arcelormittal-is-raising-prices-for-rolled-steel-in-europe-by-e50-per-tonne/ (2026-07-10) ; https://www.argusmedia.com/en/news-and-insights/latest-market-news/2796142-tata-steel-uk-hikes-hrc-offer-by-ps125-t (2026-03 (for Q2 2026))"
"material","mat-zm-coated","ZM (Zn-Mg-Al) Coated","1.2","0.817","-31.92","£/kg","updated","Coated sheet — ArcelorMittal Europe HDG base €880/t delivered = £0.756/kg (Tata UK HRC £620 + HDG uplift ~£145/t agrees) × the book's premium over DC01 GI; ladder ×1.081 (book grade £1.2 ÷ book base £1.11)","https://gmk.center/en/news/arcelormittal-is-raising-prices-for-rolled-steel-in-europe-by-e50-per-tonne/ (2026-07-10) ; https://www.argusmedia.com/en/news-and-insights/latest-market-news/2796142-tata-steel-uk-hikes-hrc-offer-by-ps125-t (2026-03 (for Q2 2026))"
"material","mat-tinplate-etp","Tinplate (ETP)","1.35","0.919","-31.93","£/kg","updated","Coated sheet — ArcelorMittal Europe HDG base €880/t delivered = £0.756/kg (Tata UK HRC £620 + HDG uplift ~£145/t agrees) × the book's premium over DC01 GI; ladder ×1.216 (book grade £1.35 ÷ book base £1.11)","https://gmk.center/en/news/arcelormittal-is-raising-prices-for-rolled-steel-in-europe-by-e50-per-tonne/ (2026-07-10) ; https://www.argusmedia.com/en/news-and-insights/latest-market-news/2796142-tata-steel-uk-hikes-hrc-offer-by-ps125-t (2026-03 (for Q2 2026))"
"material","mat-ss304-sheet","304L Stainless Sheet","3.49","2.336","-33.07","£/kg","updated","304L sheet — European 304 CRC effective price (incl. alloy surcharge) delivered: May €2,560 / Jul €2,700 / end-Q3 target €2,900 per t × 0.859 — mean £2.336/kg (mill coil); direct","https://news.metal.com/newscontent/103862945-smm-스테인리스-스틸-시장-속보-유럽-철강사들-7월분-crc-공급가격을-도착도-기준-톤당-€2700으로-인상 (2026-04) ; https://news.metal.com/en/newscontent/103920057-smm-stainless-steel-market-flash-eu-mills-target-€2900t-crc-by-end-q3-as-buyers-see-no-near-term-price-drop (2026-05-25)"
"material","mat-ss316-sheet","AISI 316L Stainless Sheet","4.54","3.686","-18.81","£/kg","updated","316L sheet — 304 CRC £2.336 + (Outokumpu May 2026 surcharge 316L £3.28 − 304 £1.93) — same base assumed (derived); direct","https://www.bigmint.co/intel/detail/europe-outokumpu-announces-stainless-steel-flats-surcharges-for-may26-36422 (2026-04 (for May 2026 deliveries))"
"material","mat-aisi430","AISI 430 Ferritic SS Sheet","2.97","1.346","-54.68","£/kg","updated","Ferritic sheet (430 / 409L / 441) — 304 CRC £2.336 + (surcharge 430 £0.94 − 304 £1.93) — same base assumed (derived); 409L / 441 at the book's premium over 430; the anchor grade itself","https://www.bigmint.co/intel/detail/europe-outokumpu-announces-stainless-steel-flats-surcharges-for-may26-36422 (2026-04 (for May 2026 deliveries))"
"material","mat-ss409l-sheet","409L / 1.4512 Ferritic Stainless Sheet (exhaust)","2.85","1.292","-54.67","£/kg","updated","Ferritic sheet (430 / 409L / 441) — 304 CRC £2.336 + (surcharge 430 £0.94 − 304 £1.93) — same base assumed (derived); 409L / 441 at the book's premium over 430; ladder ×0.960 (book grade £2.85 ÷ book base £2.97)","https://www.bigmint.co/intel/detail/europe-outokumpu-announces-stainless-steel-flats-surcharges-for-may26-36422 (2026-04 (for May 2026 deliveries))"
"material","mat-ss441-sheet","441 / 1.4509 Ferritic Stainless Sheet (hot exhaust)","3.16","1.432","-54.68","£/kg","updated","Ferritic sheet (430 / 409L / 441) — 304 CRC £2.336 + (surcharge 430 £0.94 − 304 £1.93) — same base assumed (derived); 409L / 441 at the book's premium over 430; ladder ×1.064 (book grade £3.16 ÷ book base £2.97)","https://www.bigmint.co/intel/detail/europe-outokumpu-announces-stainless-steel-flats-surcharges-for-may26-36422 (2026-04 (for May 2026 deliveries))"
"material","mat-gjs500","EN-GJS-500-7 (Ductile Iron)","0.86","0.287","-66.63","£/kg","updated","Ductile / CGI / ADI / SiMo iron (charge) — Treated-metal charge for GJS-500-7 £0.287/kg: 50% Brazilian pig iron (CFR Italy $520/t) + 50% UK 0A scrap (letsrecycle Jul 2026) + 1.2% FeSiMg (EU import value) + inoculant — + the book's grade premium over GJS-500-7 in £/kg (alloy content — Mo, Ni, Cu — and, for ADI, the austempering the casting engine does not add separately); the anchor grade itself","https://journals.pan.pl//Content/127177/PDF/AFE%202_2023_10_final%20version.pdf (2026-10-10 (derived)) ; https://gmk.center/en/news/average-prices-for-pig-iron-in-the-black-sea-region-rose-by-8-per-ton-in-april/ (2026-04) ; https://www.letsrecycle.com/prices/metals/ferrous-metal-prices/ferrous-scrap-metal-prices-2026/ (2026-07 (last Friday of month)) ; https://www.thetradehub.eu/de/customs/trade/72022910 (period not stated on the page (indexed 2026))"
"material","mat-gjs400","EN-GJS-400-15 (Ductile Iron)","0.82","0.247","-69.88","£/kg","updated","Ductile / CGI / ADI / SiMo iron (charge) — Treated-metal charge for GJS-500-7 £0.287/kg: 50% Brazilian pig iron (CFR Italy $520/t) + 50% UK 0A scrap (letsrecycle Jul 2026) + 1.2% FeSiMg (EU import value) + inoculant — + the book's grade premium over GJS-500-7 in £/kg (alloy content — Mo, Ni, Cu — and, for ADI, the austempering the casting engine does not add separately); ladder +£-0.040/kg (book grade £0.82 - book base £0.86)","https://journals.pan.pl//Content/127177/PDF/AFE%202_2023_10_final%20version.pdf (2026-10-10 (derived)) ; https://gmk.center/en/news/average-prices-for-pig-iron-in-the-black-sea-region-rose-by-8-per-ton-in-april/ (2026-04) ; https://www.letsrecycle.com/prices/metals/ferrous-metal-prices/ferrous-scrap-metal-prices-2026/ (2026-07 (last Friday of month)) ; https://www.thetradehub.eu/de/customs/trade/72022910 (period not stated on the page (indexed 2026))"
"material","mat-gjs450-ssf","EN-GJS-450-10 (solution-strengthened ferritic ductile, EN 1563:2018)","0.83","0.257","-69.04","£/kg","updated","Ductile / CGI / ADI / SiMo iron (charge) — Treated-metal charge for GJS-500-7 £0.287/kg: 50% Brazilian pig iron (CFR Italy $520/t) + 50% UK 0A scrap (letsrecycle Jul 2026) + 1.2% FeSiMg (EU import value) + inoculant — + the book's grade premium over GJS-500-7 in £/kg (alloy content — Mo, Ni, Cu — and, for ADI, the austempering the casting engine does not add separately); ladder +£-0.030/kg (book grade £0.83 - book base £0.86)","https://journals.pan.pl//Content/127177/PDF/AFE%202_2023_10_final%20version.pdf (2026-10-10 (derived)) ; https://gmk.center/en/news/average-prices-for-pig-iron-in-the-black-sea-region-rose-by-8-per-ton-in-april/ (2026-04) ; https://www.letsrecycle.com/prices/metals/ferrous-metal-prices/ferrous-scrap-metal-prices-2026/ (2026-07 (last Friday of month)) ; https://www.thetradehub.eu/de/customs/trade/72022910 (period not stated on the page (indexed 2026))"
"material","mat-gjs500-14","EN-GJS-500-14 (solution-strengthened ferritic ductile, EN 1563:2018 — knuckles, carriers)","0.84","0.267","-68.21","£/kg","updated","Ductile / CGI / ADI / SiMo iron (charge) — Treated-metal charge for GJS-500-7 £0.287/kg: 50% Brazilian pig iron (CFR Italy $520/t) + 50% UK 0A scrap (letsrecycle Jul 2026) + 1.2% FeSiMg (EU import value) + inoculant — + the book's grade premium over GJS-500-7 in £/kg (alloy content — Mo, Ni, Cu — and, for ADI, the austempering the casting engine does not add separately); ladder +£-0.020/kg (book grade £0.84 - book base £0.86)","https://journals.pan.pl//Content/127177/PDF/AFE%202_2023_10_final%20version.pdf (2026-10-10 (derived)) ; https://gmk.center/en/news/average-prices-for-pig-iron-in-the-black-sea-region-rose-by-8-per-ton-in-april/ (2026-04) ; https://www.letsrecycle.com/prices/metals/ferrous-metal-prices/ferrous-scrap-metal-prices-2026/ (2026-07 (last Friday of month)) ; https://www.thetradehub.eu/de/customs/trade/72022910 (period not stated on the page (indexed 2026))"
"material","mat-gjs600","EN-GJS-600-3 (Ductile Iron Hi-Strength)","0.9","0.327","-63.67","£/kg","updated","Ductile / CGI / ADI / SiMo iron (charge) — Treated-metal charge for GJS-500-7 £0.287/kg: 50% Brazilian pig iron (CFR Italy $520/t) + 50% UK 0A scrap (letsrecycle Jul 2026) + 1.2% FeSiMg (EU import value) + inoculant — + the book's grade premium over GJS-500-7 in £/kg (alloy content — Mo, Ni, Cu — and, for ADI, the austempering the casting engine does not add separately); ladder +£0.040/kg (book grade £0.9 - book base £0.86)","https://journals.pan.pl//Content/127177/PDF/AFE%202_2023_10_final%20version.pdf (2026-10-10 (derived)) ; https://gmk.center/en/news/average-prices-for-pig-iron-in-the-black-sea-region-rose-by-8-per-ton-in-april/ (2026-04) ; https://www.letsrecycle.com/prices/metals/ferrous-metal-prices/ferrous-scrap-metal-prices-2026/ (2026-07 (last Friday of month)) ; https://www.thetradehub.eu/de/customs/trade/72022910 (period not stated on the page (indexed 2026))"
"material","mat-gjs700","EN-GJS-700-2 (Ductile Iron Hi-Strength)","0.95","0.377","-60.32","£/kg","updated","Ductile / CGI / ADI / SiMo iron (charge) — Treated-metal charge for GJS-500-7 £0.287/kg: 50% Brazilian pig iron (CFR Italy $520/t) + 50% UK 0A scrap (letsrecycle Jul 2026) + 1.2% FeSiMg (EU import value) + inoculant — + the book's grade premium over GJS-500-7 in £/kg (alloy content — Mo, Ni, Cu — and, for ADI, the austempering the casting engine does not add separately); ladder +£0.090/kg (book grade £0.95 - book base £0.86)","https://journals.pan.pl//Content/127177/PDF/AFE%202_2023_10_final%20version.pdf (2026-10-10 (derived)) ; https://gmk.center/en/news/average-prices-for-pig-iron-in-the-black-sea-region-rose-by-8-per-ton-in-april/ (2026-04) ; https://www.letsrecycle.com/prices/metals/ferrous-metal-prices/ferrous-scrap-metal-prices-2026/ (2026-07 (last Friday of month)) ; https://www.thetradehub.eu/de/customs/trade/72022910 (period not stated on the page (indexed 2026))"
"material","mat-gjs350-lt","EN-GJS-350-22-LT (low-temperature ferritic ductile — wind hubs, impact-tested parts)","0.87","0.297","-65.86","£/kg","updated","Ductile / CGI / ADI / SiMo iron (charge) — Treated-metal charge for GJS-500-7 £0.287/kg: 50% Brazilian pig iron (CFR Italy $520/t) + 50% UK 0A scrap (letsrecycle Jul 2026) + 1.2% FeSiMg (EU import value) + inoculant — + the book's grade premium over GJS-500-7 in £/kg (alloy content — Mo, Ni, Cu — and, for ADI, the austempering the casting engine does not add separately); ladder +£0.010/kg (book grade £0.87 - book base £0.86)","https://journals.pan.pl//Content/127177/PDF/AFE%202_2023_10_final%20version.pdf (2026-10-10 (derived)) ; https://gmk.center/en/news/average-prices-for-pig-iron-in-the-black-sea-region-rose-by-8-per-ton-in-april/ (2026-04) ; https://www.letsrecycle.com/prices/metals/ferrous-metal-prices/ferrous-scrap-metal-prices-2026/ (2026-07 (last Friday of month)) ; https://www.thetradehub.eu/de/customs/trade/72022910 (period not stated on the page (indexed 2026))"
"material","mat-simo","EN-GJS-SiMo (Heat-Resistant Ductile)","1.35","0.777","-42.44","£/kg","updated","Ductile / CGI / ADI / SiMo iron (charge) — Treated-metal charge for GJS-500-7 £0.287/kg: 50% Brazilian pig iron (CFR Italy $520/t) + 50% UK 0A scrap (letsrecycle Jul 2026) + 1.2% FeSiMg (EU import value) + inoculant — + the book's grade premium over GJS-500-7 in £/kg (alloy content — Mo, Ni, Cu — and, for ADI, the austempering the casting engine does not add separately); ladder +£0.490/kg (book grade £1.35 - book base £0.86)","https://journals.pan.pl//Content/127177/PDF/AFE%202_2023_10_final%20version.pdf (2026-10-10 (derived)) ; https://gmk.center/en/news/average-prices-for-pig-iron-in-the-black-sea-region-rose-by-8-per-ton-in-april/ (2026-04) ; https://www.letsrecycle.com/prices/metals/ferrous-metal-prices/ferrous-scrap-metal-prices-2026/ (2026-07 (last Friday of month)) ; https://www.thetradehub.eu/de/customs/trade/72022910 (period not stated on the page (indexed 2026))"
"material","mat-adi","EN-GJS-800 ADI (Austempered Ductile Iron)","1.58","1.007","-36.27","£/kg","updated","Ductile / CGI / ADI / SiMo iron (charge) — Treated-metal charge for GJS-500-7 £0.287/kg: 50% Brazilian pig iron (CFR Italy $520/t) + 50% UK 0A scrap (letsrecycle Jul 2026) + 1.2% FeSiMg (EU import value) + inoculant — + the book's grade premium over GJS-500-7 in £/kg (alloy content — Mo, Ni, Cu — and, for ADI, the austempering the casting engine does not add separately); ladder +£0.720/kg (book grade £1.58 - book base £0.86)","https://journals.pan.pl//Content/127177/PDF/AFE%202_2023_10_final%20version.pdf (2026-10-10 (derived)) ; https://gmk.center/en/news/average-prices-for-pig-iron-in-the-black-sea-region-rose-by-8-per-ton-in-april/ (2026-04) ; https://www.letsrecycle.com/prices/metals/ferrous-metal-prices/ferrous-scrap-metal-prices-2026/ (2026-07 (last Friday of month)) ; https://www.thetradehub.eu/de/customs/trade/72022910 (period not stated on the page (indexed 2026))"
"material","mat-gjv450","EN-GJV-450 (Compacted Graphite Iron)","1.12","0.547","-51.16","£/kg","updated","Ductile / CGI / ADI / SiMo iron (charge) — Treated-metal charge for GJS-500-7 £0.287/kg: 50% Brazilian pig iron (CFR Italy $520/t) + 50% UK 0A scrap (letsrecycle Jul 2026) + 1.2% FeSiMg (EU import value) + inoculant — + the book's grade premium over GJS-500-7 in £/kg (alloy content — Mo, Ni, Cu — and, for ADI, the austempering the casting engine does not add separately); ladder +£0.260/kg (book grade £1.12 - book base £0.86)","https://journals.pan.pl//Content/127177/PDF/AFE%202_2023_10_final%20version.pdf (2026-10-10 (derived)) ; https://gmk.center/en/news/average-prices-for-pig-iron-in-the-black-sea-region-rose-by-8-per-ton-in-april/ (2026-04) ; https://www.letsrecycle.com/prices/metals/ferrous-metal-prices/ferrous-scrap-metal-prices-2026/ (2026-07 (last Friday of month)) ; https://www.thetradehub.eu/de/customs/trade/72022910 (period not stated on the page (indexed 2026))"
"material","mat-gjv500","EN-GJV-500 (Compacted Graphite Iron, high strength — diesel blocks, heads)","1.15","0.577","-49.83","£/kg","updated","Ductile / CGI / ADI / SiMo iron (charge) — Treated-metal charge for GJS-500-7 £0.287/kg: 50% Brazilian pig iron (CFR Italy $520/t) + 50% UK 0A scrap (letsrecycle Jul 2026) + 1.2% FeSiMg (EU import value) + inoculant — + the book's grade premium over GJS-500-7 in £/kg (alloy content — Mo, Ni, Cu — and, for ADI, the austempering the casting engine does not add separately); ladder +£0.290/kg (book grade £1.15 - book base £0.86)","https://journals.pan.pl//Content/127177/PDF/AFE%202_2023_10_final%20version.pdf (2026-10-10 (derived)) ; https://gmk.center/en/news/average-prices-for-pig-iron-in-the-black-sea-region-rose-by-8-per-ton-in-april/ (2026-04) ; https://www.letsrecycle.com/prices/metals/ferrous-metal-prices/ferrous-scrap-metal-prices-2026/ (2026-07 (last Friday of month)) ; https://www.thetradehub.eu/de/customs/trade/72022910 (period not stated on the page (indexed 2026))"
"material","mat-gjl250","EN-GJL-250","0.64","0.169","-73.59","£/kg","updated","Grey / malleable iron (charge) — Bought metallics for GJL-250 £0.169/kg: 60% cast-iron scrap + 25% steel scrap + 15% pig iron (textbook mix; UK letsrecycle scrap, Brazilian pig iron); the anchor grade itself","https://www.cliffsnotes.com/study-notes/24588812 (2026-10-10 (derived)) ; https://www.letsrecycle.com/prices/metals/ferrous-metal-prices/ferrous-scrap-metal-prices-2026/ (2026-06)"
"material","mat-gjl150","EN-GJL-150 (Grey Iron, low grade — covers, counterweights, bases)","0.56","0.148","-73.57","£/kg","updated","Grey / malleable iron (charge) — Bought metallics for GJL-250 £0.169/kg: 60% cast-iron scrap + 25% steel scrap + 15% pig iron (textbook mix; UK letsrecycle scrap, Brazilian pig iron); ladder ×0.875 (book grade £0.56 ÷ book base £0.64)","https://www.cliffsnotes.com/study-notes/24588812 (2026-10-10 (derived)) ; https://www.letsrecycle.com/prices/metals/ferrous-metal-prices/ferrous-scrap-metal-prices-2026/ (2026-06)"
"material","mat-gjl200","EN-GJL-200 (Grey Iron)","0.6","0.158","-73.67","£/kg","updated","Grey / malleable iron (charge) — Bought metallics for GJL-250 £0.169/kg: 60% cast-iron scrap + 25% steel scrap + 15% pig iron (textbook mix; UK letsrecycle scrap, Brazilian pig iron); ladder ×0.938 (book grade £0.6 ÷ book base £0.64)","https://www.cliffsnotes.com/study-notes/24588812 (2026-10-10 (derived)) ; https://www.letsrecycle.com/prices/metals/ferrous-metal-prices/ferrous-scrap-metal-prices-2026/ (2026-06)"
"material","mat-gjl300","EN-GJL-300 (Grey Iron Hi-Strength)","0.7","0.185","-73.57","£/kg","updated","Grey / malleable iron (charge) — Bought metallics for GJL-250 £0.169/kg: 60% cast-iron scrap + 25% steel scrap + 15% pig iron (textbook mix; UK letsrecycle scrap, Brazilian pig iron); ladder ×1.094 (book grade £0.7 ÷ book base £0.64)","https://www.cliffsnotes.com/study-notes/24588812 (2026-10-10 (derived)) ; https://www.letsrecycle.com/prices/metals/ferrous-metal-prices/ferrous-scrap-metal-prices-2026/ (2026-06)"
"material","mat-gjl350","EN-GJL-350","0.74","0.195","-73.65","£/kg","updated","Grey / malleable iron (charge) — Bought metallics for GJL-250 £0.169/kg: 60% cast-iron scrap + 25% steel scrap + 15% pig iron (textbook mix; UK letsrecycle scrap, Brazilian pig iron); ladder ×1.156 (book grade £0.74 ÷ book base £0.64)","https://www.cliffsnotes.com/study-notes/24588812 (2026-10-10 (derived)) ; https://www.letsrecycle.com/prices/metals/ferrous-metal-prices/ferrous-scrap-metal-prices-2026/ (2026-06)"
"material","mat-gjmb350","EN-GJMB-350-10 (blackheart malleable iron)","0.66","0.174","-73.64","£/kg","updated","Grey / malleable iron (charge) — Bought metallics for GJL-250 £0.169/kg: 60% cast-iron scrap + 25% steel scrap + 15% pig iron (textbook mix; UK letsrecycle scrap, Brazilian pig iron); ladder ×1.031 (book grade £0.66 ÷ book base £0.64)","https://www.cliffsnotes.com/study-notes/24588812 (2026-10-10 (derived)) ; https://www.letsrecycle.com/prices/metals/ferrous-metal-prices/ferrous-scrap-metal-prices-2026/ (2026-06)"
"material","mat-gs-c25","GS-C25 (Cast Carbon Steel)","2.1","0.142","-93.24","£/kg","updated","Cast carbon / low-alloy steel (charge) — Steel-foundry charge £0.142/kg: UK 0A plate & girder scrap £142.5/t (Mn/Si trim not priced) + the book's grade premium in £/kg (Cr–Mo content); the anchor grade itself; scrap credit £0.28 → £0.125 (UK merchant No.1 old steel £125/t (letsrecycle, Jul 2026; turnings were not priced) — the book's £0.28 credit was above the new charge price)","https://www.letsrecycle.com/prices/metals/ferrous-metal-prices/ferrous-scrap-metal-prices-2026/ (2026-10-10 (derived)) ; https://www.letsrecycle.com/prices/metals/ferrous-metal-prices/ferrous-scrap-metal-prices-2026/ (2026-07 (last Friday of month))"
"material","mat-astm-a216-wcb","ASTM A216 WCB (cast carbon steel — valve bodies, pump casings)","2.1","0.142","-93.24","£/kg","updated","Cast carbon / low-alloy steel (charge) — Steel-foundry charge £0.142/kg: UK 0A plate & girder scrap £142.5/t (Mn/Si trim not priced) + the book's grade premium in £/kg (Cr–Mo content); the anchor grade itself; scrap credit £0.28 → £0.125 (UK merchant No.1 old steel £125/t (letsrecycle, Jul 2026; turnings were not priced) — the book's £0.28 credit was above the new charge price)","https://www.letsrecycle.com/prices/metals/ferrous-metal-prices/ferrous-scrap-metal-prices-2026/ (2026-10-10 (derived)) ; https://www.letsrecycle.com/prices/metals/ferrous-metal-prices/ferrous-scrap-metal-prices-2026/ (2026-07 (last Friday of month))"
"material","mat-g20mn5","G20Mn5 / 1.6220 (QT cast steel, automotive and structural nodes)","2.1","0.142","-93.24","£/kg","updated","Cast carbon / low-alloy steel (charge) — Steel-foundry charge £0.142/kg: UK 0A plate & girder scrap £142.5/t (Mn/Si trim not priced) + the book's grade premium in £/kg (Cr–Mo content); the anchor grade itself; scrap credit £0.28 → £0.125 (UK merchant No.1 old steel £125/t (letsrecycle, Jul 2026; turnings were not priced) — the book's £0.28 credit was above the new charge price)","https://www.letsrecycle.com/prices/metals/ferrous-metal-prices/ferrous-scrap-metal-prices-2026/ (2026-10-10 (derived)) ; https://www.letsrecycle.com/prices/metals/ferrous-metal-prices/ferrous-scrap-metal-prices-2026/ (2026-07 (last Friday of month))"
"material","mat-g42crmo4","G42CrMo4 / 1.7231 (low-alloy QT cast steel)","2.24","0.282","-87.41","£/kg","updated","Cast carbon / low-alloy steel (charge) — Steel-foundry charge £0.142/kg: UK 0A plate & girder scrap £142.5/t (Mn/Si trim not priced) + the book's grade premium in £/kg (Cr–Mo content); ladder +£0.140/kg (book grade £2.24 - book base £2.1); scrap credit £0.28 → £0.125 (UK merchant No.1 old steel £125/t (letsrecycle, Jul 2026; turnings were not priced) — the book's £0.28 credit was above the new charge price)","https://www.letsrecycle.com/prices/metals/ferrous-metal-prices/ferrous-scrap-metal-prices-2026/ (2026-10-10 (derived)) ; https://www.letsrecycle.com/prices/metals/ferrous-metal-prices/ferrous-scrap-metal-prices-2026/ (2026-07 (last Friday of month))"
"material","mat-ss304-cast","CF8 / 304 Cast Stainless","5.17","1.805","-65.09","£/kg","updated","Cast stainless (charge) — CF8 virgin-units charge £1.805/kg (Ni 9.5% at LME, Cr 19.5% via ferrochrome benchmark, Fe units) — an upper bound (scrap-based melting is cheaper) — + the book's grade premium in £/kg (Mo / Ni / Cr content: CF8M is CF8 + the 316-v-304 surcharge); the anchor grade itself","https://www.astm.org/a0351_a0351m-18.html (2026-10-10 (derived)) ; https://www.tacto.ai/en-us/commodities/nickel-price (2026-07-31) ; https://news.metal.com/en/newscontent/104046674-samchrome-sets-the-reference-point-156-us-centslb-for-q3-2026-european-ferrochrome (2026 Q3)"
"material","mat-cf8m-cast","CF8M / 1.4408 (316 cast stainless)","6.26","2.895","-53.75","£/kg","updated","Cast stainless (charge) — CF8 virgin-units charge £1.805/kg (Ni 9.5% at LME, Cr 19.5% via ferrochrome benchmark, Fe units) — an upper bound (scrap-based melting is cheaper) — + the book's grade premium in £/kg (Mo / Ni / Cr content: CF8M is CF8 + the 316-v-304 surcharge); ladder +£1.090/kg (book grade £6.26 - book base £5.17)","https://www.astm.org/a0351_a0351m-18.html (2026-10-10 (derived)) ; https://www.tacto.ai/en-us/commodities/nickel-price (2026-07-31) ; https://news.metal.com/en/newscontent/104046674-samchrome-sets-the-reference-point-156-us-centslb-for-q3-2026-european-ferrochrome (2026 Q3)"
"material","mat-ca6nm-cast","CA6NM / 1.4317 (13Cr-4Ni martensitic cast stainless — pumps, turbines)","4.99","1.625","-67.43","£/kg","updated","Cast stainless (charge) — CF8 virgin-units charge £1.805/kg (Ni 9.5% at LME, Cr 19.5% via ferrochrome benchmark, Fe units) — an upper bound (scrap-based melting is cheaper) — + the book's grade premium in £/kg (Mo / Ni / Cr content: CF8M is CF8 + the 316-v-304 surcharge); ladder +£-0.180/kg (book grade £4.99 - book base £5.17)","https://www.astm.org/a0351_a0351m-18.html (2026-10-10 (derived)) ; https://www.tacto.ai/en-us/commodities/nickel-price (2026-07-31) ; https://news.metal.com/en/newscontent/104046674-samchrome-sets-the-reference-point-156-us-centslb-for-q3-2026-european-ferrochrome (2026 Q3)"
"material","mat-cd4mcun-cast","CD4MCuN / 1.4517 (duplex cast stainless)","6.51","3.145","-51.69","£/kg","updated","Cast stainless (charge) — CF8 virgin-units charge £1.805/kg (Ni 9.5% at LME, Cr 19.5% via ferrochrome benchmark, Fe units) — an upper bound (scrap-based melting is cheaper) — + the book's grade premium in £/kg (Mo / Ni / Cr content: CF8M is CF8 + the 316-v-304 surcharge); ladder +£1.340/kg (book grade £6.51 - book base £5.17)","https://www.astm.org/a0351_a0351m-18.html (2026-10-10 (derived)) ; https://www.tacto.ai/en-us/commodities/nickel-price (2026-07-31) ; https://news.metal.com/en/newscontent/104046674-samchrome-sets-the-reference-point-156-us-centslb-for-q3-2026-european-ferrochrome (2026 Q3)"
"material","mat-gx40crnisi25-20","GX40CrNiSi25-20 / 1.4848 (heat-resistant cast steel, EN 10295 — turbo housings, manifolds)","6.65","3.285","-50.6","£/kg","updated","Cast stainless (charge) — CF8 virgin-units charge £1.805/kg (Ni 9.5% at LME, Cr 19.5% via ferrochrome benchmark, Fe units) — an upper bound (scrap-based melting is cheaper) — + the book's grade premium in £/kg (Mo / Ni / Cr content: CF8M is CF8 + the 316-v-304 surcharge); ladder +£1.480/kg (book grade £6.65 - book base £5.17)","https://www.astm.org/a0351_a0351m-18.html (2026-10-10 (derived)) ; https://www.tacto.ai/en-us/commodities/nickel-price (2026-07-31) ; https://news.metal.com/en/newscontent/104046674-samchrome-sets-the-reference-point-156-us-centslb-for-q3-2026-european-ferrochrome (2026 Q3)"
"material","mat-17-4ph-cast","17-4PH (Investment Cast Stainless)","9.6","6.235","-35.05","£/kg","updated","Cast stainless (charge) — CF8 virgin-units charge £1.805/kg (Ni 9.5% at LME, Cr 19.5% via ferrochrome benchmark, Fe units) — an upper bound (scrap-based melting is cheaper) — + the book's grade premium in £/kg (Mo / Ni / Cr content: CF8M is CF8 + the 316-v-304 surcharge); ladder +£4.430/kg (book grade £9.6 - book base £5.17)","https://www.astm.org/a0351_a0351m-18.html (2026-10-10 (derived)) ; https://www.tacto.ai/en-us/commodities/nickel-price (2026-07-31) ; https://news.metal.com/en/newscontent/104046674-samchrome-sets-the-reference-point-156-us-centslb-for-q3-2026-european-ferrochrome (2026 Q3)"
"material","mat-ni-resist-d2","EN-GJSA-XNiCr20-2 (Ni-Resist D-2, austenitic ductile)","3.15","2.818","-10.54","£/kg","updated","Ni-Resist D-2 (charge) — 0.20 × Ni £12.717 + 0.02 × Cr £2.558 (contained) + 0.78 × ductile charge £0.287; direct","https://www.tacto.ai/en-us/commodities/nickel-price (2026-07-31)"
"material","mat-ni-resist-d5s","EN-GJSA-XNiSiCr35-5-2 (Ni-Resist D-5S — turbo housings, exhaust manifolds)","4.89","4.715","-3.58","£/kg","updated","Ni-Resist D-5S (charge) — 0.35 × Ni + 0.02 × Cr + 0.04 kg FeSi75 £1.082 + 0.59 × ductile charge; direct","https://www.tacto.ai/en-us/commodities/nickel-price (2026-07-31)"
"material","mat-hicr-white","EN-GJN-HV600(XCr23) / ASTM A532 IIIA (high-Cr white iron, wear)","1.25","0.719","-42.48","£/kg","updated","High-Cr white iron (charge) — 0.23 × Cr £2.558 (contained) + 0.77 × grey-iron charge £0.169; direct","https://news.metal.com/en/newscontent/104046674-samchrome-sets-the-reference-point-156-us-centslb-for-q3-2026-european-ferrochrome (2026 Q3)"
"material","mat-adc12","ADC12 / A383","2.75","2.104","-23.49","£/kg","updated","Secondary cast aluminium (ingot) — Fastmarkets pressure-diecasting ingot DIN226 / A380 delivered Europe €2,430–2,530/t (Jan 2026 — the latest found; STALE) — the secondary (scrap-based) Al-Si-Cu alloys; × the book's premium over ADC12; the anchor grade itself","https://www.tradingpedia.com/2026/01/26/scrap-squeeze-keeps-eu-secondary-aluminum-prices-elevated/ (2026-01-23/26)"
"material","mat-a380","A380 / EN AC-46000 (Al-Si Die-Cast Alloy)","2.8","2.142","-23.5","£/kg","updated","Secondary cast aluminium (ingot) — Fastmarkets pressure-diecasting ingot DIN226 / A380 delivered Europe €2,430–2,530/t (Jan 2026 — the latest found; STALE) — the secondary (scrap-based) Al-Si-Cu alloys; × the book's premium over ADC12; ladder ×1.018 (book grade £2.8 ÷ book base £2.75)","https://www.tradingpedia.com/2026/01/26/scrap-squeeze-keeps-eu-secondary-aluminum-prices-elevated/ (2026-01-23/26)"
"material","mat-a413","A413 / AlSi12 (Eutectic Die Cast)","2.75","2.104","-23.49","£/kg","updated","Secondary cast aluminium (ingot) — Fastmarkets pressure-diecasting ingot DIN226 / A380 delivered Europe €2,430–2,530/t (Jan 2026 — the latest found; STALE) — the secondary (scrap-based) Al-Si-Cu alloys; × the book's premium over ADC12; the anchor grade itself","https://www.tradingpedia.com/2026/01/26/scrap-squeeze-keeps-eu-secondary-aluminum-prices-elevated/ (2026-01-23/26)"
"material","mat-a319","A319 / AlSi6Cu4","2.97","2.272","-23.5","£/kg","updated","Secondary cast aluminium (ingot) — Fastmarkets pressure-diecasting ingot DIN226 / A380 delivered Europe €2,430–2,530/t (Jan 2026 — the latest found; STALE) — the secondary (scrap-based) Al-Si-Cu alloys; × the book's premium over ADC12; ladder ×1.080 (book grade £2.97 ÷ book base £2.75)","https://www.tradingpedia.com/2026/01/26/scrap-squeeze-keeps-eu-secondary-aluminum-prices-elevated/ (2026-01-23/26)"
"material","mat-lm4","LM4 / AlSi5Cu3 (secondary, sand / gravity)","2.91","2.226","-23.51","£/kg","updated","Secondary cast aluminium (ingot) — Fastmarkets pressure-diecasting ingot DIN226 / A380 delivered Europe €2,430–2,530/t (Jan 2026 — the latest found; STALE) — the secondary (scrap-based) Al-Si-Cu alloys; × the book's premium over ADC12; ladder ×1.058 (book grade £2.91 ÷ book base £2.75)","https://www.tradingpedia.com/2026/01/26/scrap-squeeze-keeps-eu-secondary-aluminum-prices-elevated/ (2026-01-23/26)"
"material","mat-en-ac-46200","EN AC-46200 (AlSi8Cu3, gravity / low-pressure — cylinder heads, housings)","2.85","2.181","-23.47","£/kg","updated","Secondary cast aluminium (ingot) — Fastmarkets pressure-diecasting ingot DIN226 / A380 delivered Europe €2,430–2,530/t (Jan 2026 — the latest found; STALE) — the secondary (scrap-based) Al-Si-Cu alloys; × the book's premium over ADC12; ladder ×1.036 (book grade £2.85 ÷ book base £2.75)","https://www.tradingpedia.com/2026/01/26/scrap-squeeze-keeps-eu-secondary-aluminum-prices-elevated/ (2026-01-23/26)"
"material","mat-alsi10mg","AlSi10Mg / EN AC-43000 (≈ A360)","2.89","2.89","0","£/kg","held (evidence agrees)","Primary-based cast aluminium (floor) — P1020 primary aluminium duty-paid Rotterdam all-in (LME cash + DP premium, Oct 2026) — the primary-based alloys (A356/A357, AlSi7/10Mg, structural HPDC, A206, LM13) cannot sit below the primary metal they are made from; the book's prices above it are held (alloy-ingot premiums not found); held (already at or above the content)","https://www.alcircle.com/news/lme-aluminium-offer-price-rises-to-3-134-5-t-as-stocks-remain-unchanged-at-240-375t-121456 (2026-10-06) ; https://storage.ghost.io/c/a7/38/a7384b33-c2f9-4c7c-85e7-bc1b263c8a1b/content/files/2026/10/Aluminium-Insight-by-LME-Insight-Edition-5-1.pdf (2026-10-01)"
"material","mat-a365","A365 / AlSi7Mg","2.77","2.787","0.61","£/kg","updated","Primary-based cast aluminium (floor) — P1020 primary aluminium duty-paid Rotterdam all-in (LME cash + DP premium, Oct 2026) — the primary-based alloys (A356/A357, AlSi7/10Mg, structural HPDC, A206, LM13) cannot sit below the primary metal they are made from; the book's prices above it are held (alloy-ingot premiums not found); floor (raised to the content)","https://www.alcircle.com/news/lme-aluminium-offer-price-rises-to-3-134-5-t-as-stocks-remain-unchanged-at-240-375t-121456 (2026-10-06) ; https://storage.ghost.io/c/a7/38/a7384b33-c2f9-4c7c-85e7-bc1b263c8a1b/content/files/2026/10/Aluminium-Insight-by-LME-Insight-Edition-5-1.pdf (2026-10-01)"
"material","mat-a390","A390 / AlSi17Cu (Hypereutectic)","3.3","3.3","0","£/kg","held (evidence agrees)","Primary-based cast aluminium (floor) — P1020 primary aluminium duty-paid Rotterdam all-in (LME cash + DP premium, Oct 2026) — the primary-based alloys (A356/A357, AlSi7/10Mg, structural HPDC, A206, LM13) cannot sit below the primary metal they are made from; the book's prices above it are held (alloy-ingot premiums not found); held (already at or above the content)","https://www.alcircle.com/news/lme-aluminium-offer-price-rises-to-3-134-5-t-as-stocks-remain-unchanged-at-240-375t-121456 (2026-10-06) ; https://storage.ghost.io/c/a7/38/a7384b33-c2f9-4c7c-85e7-bc1b263c8a1b/content/files/2026/10/Aluminium-Insight-by-LME-Insight-Edition-5-1.pdf (2026-10-01)"
"material","mat-a357","A357 / AlSi7Mg0.6 (Premium T6)","3.2","3.2","0","£/kg","held (evidence agrees)","Primary-based cast aluminium (floor) — P1020 primary aluminium duty-paid Rotterdam all-in (LME cash + DP premium, Oct 2026) — the primary-based alloys (A356/A357, AlSi7/10Mg, structural HPDC, A206, LM13) cannot sit below the primary metal they are made from; the book's prices above it are held (alloy-ingot premiums not found); held (already at or above the content)","https://www.alcircle.com/news/lme-aluminium-offer-price-rises-to-3-134-5-t-as-stocks-remain-unchanged-at-240-375t-121456 (2026-10-06) ; https://storage.ghost.io/c/a7/38/a7384b33-c2f9-4c7c-85e7-bc1b263c8a1b/content/files/2026/10/Aluminium-Insight-by-LME-Insight-Edition-5-1.pdf (2026-10-01)"
"material","mat-lm25","LM25 / A356","2.98","2.98","0","£/kg","held (evidence agrees)","Primary-based cast aluminium (floor) — P1020 primary aluminium duty-paid Rotterdam all-in (LME cash + DP premium, Oct 2026) — the primary-based alloys (A356/A357, AlSi7/10Mg, structural HPDC, A206, LM13) cannot sit below the primary metal they are made from; the book's prices above it are held (alloy-ingot premiums not found); held (already at or above the content)","https://www.alcircle.com/news/lme-aluminium-offer-price-rises-to-3-134-5-t-as-stocks-remain-unchanged-at-240-375t-121456 (2026-10-06) ; https://storage.ghost.io/c/a7/38/a7384b33-c2f9-4c7c-85e7-bc1b263c8a1b/content/files/2026/10/Aluminium-Insight-by-LME-Insight-Edition-5-1.pdf (2026-10-01)"
"material","mat-lm6","LM6 / EN AC-44100 (AlSi12, gravity / sand)","2.92","2.92","0","£/kg","held (evidence agrees)","Primary-based cast aluminium (floor) — P1020 primary aluminium duty-paid Rotterdam all-in (LME cash + DP premium, Oct 2026) — the primary-based alloys (A356/A357, AlSi7/10Mg, structural HPDC, A206, LM13) cannot sit below the primary metal they are made from; the book's prices above it are held (alloy-ingot premiums not found); held (already at or above the content)","https://www.alcircle.com/news/lme-aluminium-offer-price-rises-to-3-134-5-t-as-stocks-remain-unchanged-at-240-375t-121456 (2026-10-06) ; https://storage.ghost.io/c/a7/38/a7384b33-c2f9-4c7c-85e7-bc1b263c8a1b/content/files/2026/10/Aluminium-Insight-by-LME-Insight-Edition-5-1.pdf (2026-10-01)"
"material","mat-almg5-cast","EN AC-51300 (AlMg5, marine sand / gravity)","3.08","3.08","0","£/kg","held (evidence agrees)","Primary-based cast aluminium (floor) — P1020 primary aluminium duty-paid Rotterdam all-in (LME cash + DP premium, Oct 2026) — the primary-based alloys (A356/A357, AlSi7/10Mg, structural HPDC, A206, LM13) cannot sit below the primary metal they are made from; the book's prices above it are held (alloy-ingot premiums not found); held (already at or above the content)","https://www.alcircle.com/news/lme-aluminium-offer-price-rises-to-3-134-5-t-as-stocks-remain-unchanged-at-240-375t-121456 (2026-10-06) ; https://storage.ghost.io/c/a7/38/a7384b33-c2f9-4c7c-85e7-bc1b263c8a1b/content/files/2026/10/Aluminium-Insight-by-LME-Insight-Edition-5-1.pdf (2026-10-01)"
"material","mat-a206","A206 / AlCu4.5MgTi (high-strength premium casting)","3.64","3.64","0","£/kg","held (evidence agrees)","Primary-based cast aluminium (floor) — P1020 primary aluminium duty-paid Rotterdam all-in (LME cash + DP premium, Oct 2026) — the primary-based alloys (A356/A357, AlSi7/10Mg, structural HPDC, A206, LM13) cannot sit below the primary metal they are made from; the book's prices above it are held (alloy-ingot premiums not found); held (already at or above the content)","https://www.alcircle.com/news/lme-aluminium-offer-price-rises-to-3-134-5-t-as-stocks-remain-unchanged-at-240-375t-121456 (2026-10-06) ; https://storage.ghost.io/c/a7/38/a7384b33-c2f9-4c7c-85e7-bc1b263c8a1b/content/files/2026/10/Aluminium-Insight-by-LME-Insight-Edition-5-1.pdf (2026-10-01)"
"material","mat-en-ac-45300","EN AC-45300 (AlSi5Cu1Mg / C355 — cylinder heads, T6)","3.11","3.11","0","£/kg","held (evidence agrees)","Primary-based cast aluminium (floor) — P1020 primary aluminium duty-paid Rotterdam all-in (LME cash + DP premium, Oct 2026) — the primary-based alloys (A356/A357, AlSi7/10Mg, structural HPDC, A206, LM13) cannot sit below the primary metal they are made from; the book's prices above it are held (alloy-ingot premiums not found); held (already at or above the content)","https://www.alcircle.com/news/lme-aluminium-offer-price-rises-to-3-134-5-t-as-stocks-remain-unchanged-at-240-375t-121456 (2026-10-06) ; https://storage.ghost.io/c/a7/38/a7384b33-c2f9-4c7c-85e7-bc1b263c8a1b/content/files/2026/10/Aluminium-Insight-by-LME-Insight-Edition-5-1.pdf (2026-10-01)"
"material","mat-lm13","LM13 / EN AC-48000 (AlSi12CuNiMg — pistons)","3.08","3.08","0","£/kg","held (evidence agrees)","Primary-based cast aluminium (floor) — P1020 primary aluminium duty-paid Rotterdam all-in (LME cash + DP premium, Oct 2026) — the primary-based alloys (A356/A357, AlSi7/10Mg, structural HPDC, A206, LM13) cannot sit below the primary metal they are made from; the book's prices above it are held (alloy-ingot premiums not found); held (already at or above the content)","https://www.alcircle.com/news/lme-aluminium-offer-price-rises-to-3-134-5-t-as-stocks-remain-unchanged-at-240-375t-121456 (2026-10-06) ; https://storage.ghost.io/c/a7/38/a7384b33-c2f9-4c7c-85e7-bc1b263c8a1b/content/files/2026/10/Aluminium-Insight-by-LME-Insight-Edition-5-1.pdf (2026-10-01)"
"material","mat-aural5","Aural-5 (AlSi9MnMg, Rheinfelden)","3.07","3.07","0","£/kg","held (evidence agrees)","Primary-based cast aluminium (floor) — P1020 primary aluminium duty-paid Rotterdam all-in (LME cash + DP premium, Oct 2026) — the primary-based alloys (A356/A357, AlSi7/10Mg, structural HPDC, A206, LM13) cannot sit below the primary metal they are made from; the book's prices above it are held (alloy-ingot premiums not found); held (already at or above the content)","https://www.alcircle.com/news/lme-aluminium-offer-price-rises-to-3-134-5-t-as-stocks-remain-unchanged-at-240-375t-121456 (2026-10-06) ; https://storage.ghost.io/c/a7/38/a7384b33-c2f9-4c7c-85e7-bc1b263c8a1b/content/files/2026/10/Aluminium-Insight-by-LME-Insight-Edition-5-1.pdf (2026-10-01)"
"material","mat-silafont36","Silafont-36 (AlSi10MnMg)","3.1","3.1","0","£/kg","held (evidence agrees)","Primary-based cast aluminium (floor) — P1020 primary aluminium duty-paid Rotterdam all-in (LME cash + DP premium, Oct 2026) — the primary-based alloys (A356/A357, AlSi7/10Mg, structural HPDC, A206, LM13) cannot sit below the primary metal they are made from; the book's prices above it are held (alloy-ingot premiums not found); held (already at or above the content)","https://www.alcircle.com/news/lme-aluminium-offer-price-rises-to-3-134-5-t-as-stocks-remain-unchanged-at-240-375t-121456 (2026-10-06) ; https://storage.ghost.io/c/a7/38/a7384b33-c2f9-4c7c-85e7-bc1b263c8a1b/content/files/2026/10/Aluminium-Insight-by-LME-Insight-Edition-5-1.pdf (2026-10-01)"
"material","mat-castasil37","Castasil-37 (AlSi9MnMoZr)","3.03","3.03","0","£/kg","held (evidence agrees)","Primary-based cast aluminium (floor) — P1020 primary aluminium duty-paid Rotterdam all-in (LME cash + DP premium, Oct 2026) — the primary-based alloys (A356/A357, AlSi7/10Mg, structural HPDC, A206, LM13) cannot sit below the primary metal they are made from; the book's prices above it are held (alloy-ingot premiums not found); held (already at or above the content)","https://www.alcircle.com/news/lme-aluminium-offer-price-rises-to-3-134-5-t-as-stocks-remain-unchanged-at-240-375t-121456 (2026-10-06) ; https://storage.ghost.io/c/a7/38/a7384b33-c2f9-4c7c-85e7-bc1b263c8a1b/content/files/2026/10/Aluminium-Insight-by-LME-Insight-Edition-5-1.pdf (2026-10-01)"
"material","mat-magsimal59","Magsimal-59 (AlMg5Si2Mn)","3.15","3.15","0","£/kg","held (evidence agrees)","Primary-based cast aluminium (floor) — P1020 primary aluminium duty-paid Rotterdam all-in (LME cash + DP premium, Oct 2026) — the primary-based alloys (A356/A357, AlSi7/10Mg, structural HPDC, A206, LM13) cannot sit below the primary metal they are made from; the book's prices above it are held (alloy-ingot premiums not found); held (already at or above the content)","https://www.alcircle.com/news/lme-aluminium-offer-price-rises-to-3-134-5-t-as-stocks-remain-unchanged-at-240-375t-121456 (2026-10-06) ; https://storage.ghost.io/c/a7/38/a7384b33-c2f9-4c7c-85e7-bc1b263c8a1b/content/files/2026/10/Aluminium-Insight-by-LME-Insight-Edition-5-1.pdf (2026-10-01)"
"material","mat-al-hpdc-lowco2","Low-CO₂ Recycled HPDC (AlSi10MnMg)","3","3","0","£/kg","held (evidence agrees)","Primary-based cast aluminium (floor) — P1020 primary aluminium duty-paid Rotterdam all-in (LME cash + DP premium, Oct 2026) — the primary-based alloys (A356/A357, AlSi7/10Mg, structural HPDC, A206, LM13) cannot sit below the primary metal they are made from; the book's prices above it are held (alloy-ingot premiums not found); held (already at or above the content)","https://www.alcircle.com/news/lme-aluminium-offer-price-rises-to-3-134-5-t-as-stocks-remain-unchanged-at-240-375t-121456 (2026-10-06) ; https://storage.ghost.io/c/a7/38/a7384b33-c2f9-4c7c-85e7-bc1b263c8a1b/content/files/2026/10/Aluminium-Insight-by-LME-Insight-Edition-5-1.pdf (2026-10-01)"
"material","mat-htf-gigacast","Heat-Treat-Free Giga-Casting Alloy (Xiaomi Titan / Tesla-class)","3.3","3.3","0","£/kg","held (evidence agrees)","Primary-based cast aluminium (floor) — P1020 primary aluminium duty-paid Rotterdam all-in (LME cash + DP premium, Oct 2026) — the primary-based alloys (A356/A357, AlSi7/10Mg, structural HPDC, A206, LM13) cannot sit below the primary metal they are made from; the book's prices above it are held (alloy-ingot premiums not found); held (already at or above the content)","https://www.alcircle.com/news/lme-aluminium-offer-price-rises-to-3-134-5-t-as-stocks-remain-unchanged-at-240-375t-121456 (2026-10-06) ; https://storage.ghost.io/c/a7/38/a7384b33-c2f9-4c7c-85e7-bc1b263c8a1b/content/files/2026/10/Aluminium-Insight-by-LME-Insight-Edition-5-1.pdf (2026-10-01)"
"material","mat-adc12-secondary","ADC12 Secondary (recycled)","2","2.104","5.2","£/kg","updated","Secondary ADC12 (ingot) — DIN226 / A380 secondary ingot (Fastmarkets, Jan 2026); direct","https://www.tradingpedia.com/2026/01/26/scrap-squeeze-keeps-eu-secondary-aluminum-prices-elevated/ (2026-01-23/26)"
"material","mat-c101-bar","C101 / CW004A ETP Copper Bar (busbar, electrodes)","11.05","11.236","1.68","£/kg","updated","ETP copper bar / sheet (floor) — LME copper $14,568.72/t (8 Oct 2026) + Aurubis 2026 premium $315/t = £11.24/kg — the book's bar £11.05 and sheet £10.77 were below the metal; conversion premium not found; floor (raised to the content)","see the two anchors (2026-10-08) ; https://metalcharts.org/lme-copper-price (2026-10-08)"
"material","mat-c110-copper","C110 ETP Copper Sheet","10.77","11.236","4.33","£/kg","updated","ETP copper bar / sheet (floor) — LME copper $14,568.72/t (8 Oct 2026) + Aurubis 2026 premium $315/t = £11.24/kg — the book's bar £11.05 and sheet £10.77 were below the metal; conversion premium not found; floor (raised to the content)","see the two anchors (2026-10-08) ; https://metalcharts.org/lme-copper-price (2026-10-08)"
"material","mat-brass-cz121","CZ121 / CW614N Free-Machining Brass","7.7","8.475","10.06","£/kg","updated","Brass rod (mill list) — Almag (Italian brass-rod mill) published CW614N–CW617N rod price €9,990/t on 9 Oct 2026 = £8.48/kg; direct","https://www.almagbrass.com/stock-price-brass-copper-zinc.html (2026-10-09)"
"material","mat-brass-cz122-forge","CZ122 / CW617N (Forging Brass)","7.9","8.475","7.28","£/kg","updated","Brass rod (mill list) — Almag (Italian brass-rod mill) published CW614N–CW617N rod price €9,990/t on 9 Oct 2026 = £8.48/kg; direct","https://www.almagbrass.com/stock-price-brass-copper-zinc.html (2026-10-09)"
"material","mat-bronze-pb1","PB1 Phosphor Bronze Bar","13.91","14.424","3.7","£/kg","updated","Phosphor bronze PB1 (floor) — Metal content 0.89 × Cu £11.24 + 0.105 × Sn £42.14 (LME tin, Aug 2026) — the book's £13.91 was below it; floor (raised to the content)","https://cbonds.pl/indexes/181087/ (2026-08-12) ; see the two anchors (2026-10-08)"
"material","mat-upvc","Rigid PVC (uPVC pipe grade)","0.76","1.114","46.58","£/kg","updated","Rigid PVC (floor at the resin) — S-PVC NW Europe gross contract £1.096 and Business Analytiq Europe index £1.131 (Sep 2026) — mean; the book's rigid grades (£0.76–0.85) were below the resin they are made of; floor (raised to the content)","https://polymerupdate.com/News/Details/1485733 (2026-05-08) ; https://businessanalytiq.com/?p=2559 (2026-09)"
"material","mat-pvc-bm","PVC Rigid Blow Grade (uPVC bottle grade)","0.85","1.114","31.06","£/kg","updated","Rigid PVC (floor at the resin) — S-PVC NW Europe gross contract £1.096 and Business Analytiq Europe index £1.131 (Sep 2026) — mean; the book's rigid grades (£0.76–0.85) were below the resin they are made of; floor (raised to the content)","https://polymerupdate.com/News/Details/1485733 (2026-05-08) ; https://businessanalytiq.com/?p=2559 (2026-09)"
"material","mat-upvc-pipe","uPVC Pipe Compound (K67, dry-blend)","0.83","1.114","34.22","£/kg","updated","Rigid PVC (floor at the resin) — S-PVC NW Europe gross contract £1.096 and Business Analytiq Europe index £1.131 (Sep 2026) — mean; the book's rigid grades (£0.76–0.85) were below the resin they are made of; floor (raised to the content)","https://polymerupdate.com/News/Details/1485733 (2026-05-08) ; https://businessanalytiq.com/?p=2559 (2026-09)"
"material","mat-pa6","PA6 Unfilled","1.68","2.189","30.3","£/kg","updated","PA6 unfilled — Business Analytiq PA6 Europe index (Sep 2026) — one source; direct","https://businessanalytiq.com/?p=2215 (2026-09)"
"material","mat-pa6-ext-tube","PA6 Extrusion Grade (corrugated conduit / tube)","1.68","2.189","30.3","£/kg","updated","PA6 unfilled — Business Analytiq PA6 Europe index (Sep 2026) — one source; direct","https://businessanalytiq.com/?p=2215 (2026-09)"
"material","mat-pa66","PA66 Unfilled","1.89","2.551","34.97","£/kg","updated","PA66 unfilled — Business Analytiq PA66 Europe index (Sep 2026) — one source; direct","https://businessanalytiq.com/?p=2623 (2026-09)"
"material","mat-nr","Natural Rubber SMR20","1.84","1.905","3.53","£/kg","updated","Natural rubber (floor) — SGX TSR20 (Oct 2026) — the book's SMR20 £1.84 was below the exchange price before freight; floor (raised to the content)","https://thuonghieucongluan.com.vn/gia-cao-su-hom-nay-3-10-bien-dong-trai-chieu-a336568.html (2026-10-03)"
"material","mat-al6061","6061-T6","3.56","3.56","0","£/kg","held (no contradicting evidence this round)","wrought aluminium sheet / bar / forging stock, aluminium billet: P1020 duty-paid Rotterdam £2.79/kg; the book's wrought grades are above it; conversion premiums not found; 6063 billet £3.27 v LME + billet premium £3.20 — consistent; held",""
"material","mat-steel1045","1045 / C45 / 080M46 (Medium-Carbon Steel)","0.95","0.95","0","£/kg","held (no contradicting evidence this round)","HR / HRPO / structural HR, carbon & alloy bar, forging stock: NW Europe HRC £0.61–0.66/kg, Tata UK £0.62; the book's HRPO £0.77 / S355MC £0.80 are not contradicted (pickling / grade extras); no UK bar or SBQ base price found (only alloy surcharges) — held",""
"material","mat-ss316l","316L","3.95","3.95","0","£/kg","held (no contradicting evidence this round)","electrical steel: Only EU GOES safeguard floors (£2.41–3.01/kg; the book's GO grades sit inside) and an unspecified IMARC figure — held",""
"material","mat-steel4140","4140 / 42CrMo4 / EN19 (Chromoly Alloy Steel)","1.21","1.21","0","£/kg","held (no contradicting evidence this round)","HR / HRPO / structural HR, carbon & alloy bar, forging stock: NW Europe HRC £0.61–0.66/kg, Tata UK £0.62; the book's HRPO £0.77 / S355MC £0.80 are not contradicted (pickling / grade extras); no UK bar or SBQ base price found (only alloy surcharges) — held",""
"material","mat-ti6al4v","Ti-6Al-4V","47.13","47.13","0","£/kg","held (no contradicting evidence this round)","zinc, magnesium, titanium, nickel alloys: LME zinc £2.85 under Zamak £3.19 (consistent); Mg China FOB £1.70 v AZ91D £3.81 — likely high but no European alloy price found; Ti / Ni mill prices not found — held",""
"material","mat-virtual","Virtual / Pass-through","1","1","0","£/kg","held (no contradicting evidence this round)","Virtual — not researched this round",""
"material","mat-en8","EN8 / 080M40 (Medium Carbon)","0.98","0.98","0","£/kg","held (no contradicting evidence this round)","HR / HRPO / structural HR, carbon & alloy bar, forging stock: NW Europe HRC £0.61–0.66/kg, Tata UK £0.62; the book's HRPO £0.77 / S355MC £0.80 are not contradicted (pickling / grade extras); no UK bar or SBQ base price found (only alloy surcharges) — held",""
"material","mat-ss304-bar","304 Stainless Bar","3.53","3.53","0","£/kg","held (no contradicting evidence this round)","electrical steel: Only EU GOES safeguard floors (£2.41–3.01/kg; the book's GO grades sit inside) and an unspecified IMARC figure — held",""
"material","mat-ss303","303 Free-Machining Stainless Bar","3.83","3.83","0","£/kg","held (no contradicting evidence this round)","electrical steel: Only EU GOES safeguard floors (£2.41–3.01/kg; the book's GO grades sit inside) and an unspecified IMARC figure — held",""
"material","mat-al6082-bar","6082-T6 Aluminium Bar","3.49","3.49","0","£/kg","held (no contradicting evidence this round)","wrought aluminium sheet / bar / forging stock, aluminium billet: P1020 duty-paid Rotterdam £2.79/kg; the book's wrought grades are above it; conversion premiums not found; 6063 billet £3.27 v LME + billet premium £3.20 — consistent; held",""
"material","mat-al2011","2011-T3 Free-Machining Al Bar","3.93","3.93","0","£/kg","held (no contradicting evidence this round)","wrought aluminium sheet / bar / forging stock, aluminium billet: P1020 duty-paid Rotterdam £2.79/kg; the book's wrought grades are above it; conversion premiums not found; 6063 billet £3.27 v LME + billet premium £3.20 — consistent; held",""
"material","mat-pom-c","POM-C (Acetal / Delrin Stock)","3.1","3.1","0","£/kg","held (no contradicting evidence this round)","HR / HRPO / structural HR, carbon & alloy bar, forging stock: NW Europe HRC £0.61–0.66/kg, Tata UK £0.62; the book's HRPO £0.77 / S355MC £0.80 are not contradicted (pickling / grade extras); no UK bar or SBQ base price found (only alloy surcharges) — held",""
"material","mat-pa6-cast","Nylon 6 (Cast PA6 Stock)","4.2","4.2","0","£/kg","held (no contradicting evidence this round)","HR / HRPO / structural HR, carbon & alloy bar, forging stock: NW Europe HRC £0.61–0.66/kg, Tata UK £0.62; the book's HRPO £0.77 / S355MC £0.80 are not contradicted (pickling / grade extras); no UK bar or SBQ base price found (only alloy surcharges) — held",""
"material","mat-ptfe","PTFE (Virgin Stock)","12.5","12.5","0","£/kg","held (no contradicting evidence this round)","HR / HRPO / structural HR, carbon & alloy bar, forging stock: NW Europe HRC £0.61–0.66/kg, Tata UK £0.62; the book's HRPO £0.77 / S355MC £0.80 are not contradicted (pickling / grade extras); no UK bar or SBQ base price found (only alloy surcharges) — held",""
"material","mat-peek-stock","PEEK (Unfilled Stock)","95","95","0","£/kg","held (no contradicting evidence this round)","HR / HRPO / structural HR, carbon & alloy bar, forging stock: NW Europe HRC £0.61–0.66/kg, Tata UK £0.62; the book's HRPO £0.77 / S355MC £0.80 are not contradicted (pickling / grade extras); no UK bar or SBQ base price found (only alloy surcharges) — held",""
"material","mat-acrylic-cast","Cast Acrylic (PMMA Stock)","4.8","4.8","0","£/kg","held (no contradicting evidence this round)","HR / HRPO / structural HR, carbon & alloy bar, forging stock: NW Europe HRC £0.61–0.66/kg, Tata UK £0.62; the book's HRPO £0.77 / S355MC £0.80 are not contradicted (pickling / grade extras); no UK bar or SBQ base price found (only alloy surcharges) — held",""
"material","mat-uhmwpe","UHMW-PE (Stock)","3.4","3.4","0","£/kg","held (no contradicting evidence this round)","HR / HRPO / structural HR, carbon & alloy bar, forging stock: NW Europe HRC £0.61–0.66/kg, Tata UK £0.62; the book's HRPO £0.77 / S355MC £0.80 are not contradicted (pickling / grade extras); no UK bar or SBQ base price found (only alloy surcharges) — held",""
"material","mat-aa5182","AA5182","3.19","3.19","0","£/kg","held (no contradicting evidence this round)","wrought aluminium sheet / bar / forging stock, aluminium billet: P1020 duty-paid Rotterdam £2.79/kg; the book's wrought grades are above it; conversion premiums not found; 6063 billet £3.27 v LME + billet premium £3.20 — consistent; held",""
"material","mat-aa5052","AA5052-H32 Sheet","3.19","3.19","0","£/kg","held (no contradicting evidence this round)","wrought aluminium sheet / bar / forging stock, aluminium billet: P1020 duty-paid Rotterdam £2.79/kg; the book's wrought grades are above it; conversion premiums not found; 6063 billet £3.27 v LME + billet premium £3.20 — consistent; held",""
"material","mat-aa5083","AA5083-H111 Sheet","3.4","3.4","0","£/kg","held (no contradicting evidence this round)","wrought aluminium sheet / bar / forging stock, aluminium billet: P1020 duty-paid Rotterdam £2.79/kg; the book's wrought grades are above it; conversion premiums not found; 6063 billet £3.27 v LME + billet premium £3.20 — consistent; held",""
"material","mat-aa6082-sheet","AA6082-T6 Sheet","3.56","3.56","0","£/kg","held (no contradicting evidence this round)","wrought aluminium sheet / bar / forging stock, aluminium billet: P1020 duty-paid Rotterdam £2.79/kg; the book's wrought grades are above it; conversion premiums not found; 6063 billet £3.27 v LME + billet premium £3.20 — consistent; held",""
"material","mat-hrpo","HRPO (Hot Rolled Pickled & Oiled)","0.77","0.77","0","£/kg","held (no contradicting evidence this round)","electrical steel: Only EU GOES safeguard floors (£2.41–3.01/kg; the book's GO grades sit inside) and an unspecified IMARC figure — held",""
"material","mat-aa5754-sheet","AA5754-H22 Sheet","3.32","3.32","0","£/kg","held (no contradicting evidence this round)","wrought aluminium sheet / bar / forging stock, aluminium billet: P1020 duty-paid Rotterdam £2.79/kg; the book's wrought grades are above it; conversion premiums not found; 6063 billet £3.27 v LME + billet premium £3.20 — consistent; held",""
"material","mat-aa6061-sheet","AA6061-T6 Sheet/Plate","3.66","3.66","0","£/kg","held (no contradicting evidence this round)","wrought aluminium sheet / bar / forging stock, aluminium billet: P1020 duty-paid Rotterdam £2.79/kg; the book's wrought grades are above it; conversion premiums not found; 6063 billet £3.27 v LME + billet premium £3.20 — consistent; held",""
"material","mat-aa6063-sheet","AA6063-T5 Sheet","3.49","3.49","0","£/kg","held (no contradicting evidence this round)","wrought aluminium sheet / bar / forging stock, aluminium billet: P1020 duty-paid Rotterdam £2.79/kg; the book's wrought grades are above it; conversion premiums not found; 6063 billet £3.27 v LME + billet premium £3.20 — consistent; held",""
"material","mat-aa3003-sheet","AA3003-H14 Sheet","2.99","2.99","0","£/kg","held (no contradicting evidence this round)","wrought aluminium sheet / bar / forging stock, aluminium billet: P1020 duty-paid Rotterdam £2.79/kg; the book's wrought grades are above it; conversion premiums not found; 6063 billet £3.27 v LME + billet premium £3.20 — consistent; held",""
"material","mat-cz108-brass","CZ108 Brass Sheet (70/30)","8.42","8.42","0","£/kg","held (no contradicting evidence this round)","wrought aluminium sheet / bar / forging stock, aluminium billet: P1020 duty-paid Rotterdam £2.79/kg; the book's wrought grades are above it; conversion premiums not found; 6063 billet £3.27 v LME + billet premium £3.20 — consistent; held",""
"material","mat-nogo-m270-35a","M270-35A Non-Oriented Electrical (0.35mm)","1.59","1.59","0","£/kg","held (no contradicting evidence this round)","electrical steel: Only EU GOES safeguard floors (£2.41–3.01/kg; the book's GO grades sit inside) and an unspecified IMARC figure — held",""
"material","mat-nogo-m400-50a","M400-50A Non-Oriented Electrical (0.50mm)","1.29","1.29","0","£/kg","held (no contradicting evidence this round)","electrical steel: Only EU GOES safeguard floors (£2.41–3.01/kg; the book's GO grades sit inside) and an unspecified IMARC figure — held",""
"material","mat-go-m105-30p","M105-30P Grain-Oriented Electrical (0.30mm)","2.9","2.9","0","£/kg","held (no contradicting evidence this round)","electrical steel: Only EU GOES safeguard floors (£2.41–3.01/kg; the book's GO grades sit inside) and an unspecified IMARC figure — held",""
"material","mat-m235-35a","M235-35A NO Electrical (0.35mm, premium low-loss)","1.99","1.99","0","£/kg","held (no contradicting evidence this round)","electrical steel: Only EU GOES safeguard floors (£2.41–3.01/kg; the book's GO grades sit inside) and an unspecified IMARC figure — held",""
"material","mat-m330-35a","M330-35A NO Electrical (0.35mm)","1.74","1.74","0","£/kg","held (no contradicting evidence this round)","electrical steel: Only EU GOES safeguard floors (£2.41–3.01/kg; the book's GO grades sit inside) and an unspecified IMARC figure — held",""
"material","mat-m250-50a","M250-50A NO Electrical (0.50mm, low-loss)","1.46","1.46","0","£/kg","held (no contradicting evidence this round)","electrical steel: Only EU GOES safeguard floors (£2.41–3.01/kg; the book's GO grades sit inside) and an unspecified IMARC figure — held",""
"material","mat-m470-50a","M470-50A NO Electrical (0.50mm)","1.24","1.24","0","£/kg","held (no contradicting evidence this round)","electrical steel: Only EU GOES safeguard floors (£2.41–3.01/kg; the book's GO grades sit inside) and an unspecified IMARC figure — held",""
"material","mat-m600-50a","M600-50A NO Electrical (0.50mm, economy)","1.19","1.19","0","£/kg","held (no contradicting evidence this round)","electrical steel: Only EU GOES safeguard floors (£2.41–3.01/kg; the book's GO grades sit inside) and an unspecified IMARC figure — held",""
"material","mat-m700-65a","M700-65A NO Electrical (0.65mm, mains)","1.14","1.14","0","£/kg","held (no contradicting evidence this round)","electrical steel: Only EU GOES safeguard floors (£2.41–3.01/kg; the book's GO grades sit inside) and an unspecified IMARC figure — held",""
"material","mat-no27-27a","NO27 (0.27mm EV Traction)","2.44","2.44","0","£/kg","held (no contradicting evidence this round)","electrical steel: Only EU GOES safeguard floors (£2.41–3.01/kg; the book's GO grades sit inside) and an unspecified IMARC figure — held",""
"material","mat-no25-25a","NO25 (0.25mm EV Traction)","2.74","2.74","0","£/kg","held (no contradicting evidence this round)","electrical steel: Only EU GOES safeguard floors (£2.41–3.01/kg; the book's GO grades sit inside) and an unspecified IMARC figure — held",""
"material","mat-no20-20a","NO20 (0.20mm High-Speed EV/aero)","3.44","3.44","0","£/kg","held (no contradicting evidence this round)","electrical steel: Only EU GOES safeguard floors (£2.41–3.01/kg; the book's GO grades sit inside) and an unspecified IMARC figure — held",""
"material","mat-cgo-m120-27","M120-27S CGO (0.27mm Grain-Oriented)","2.55","2.55","0","£/kg","held (no contradicting evidence this round)","electrical steel: Only EU GOES safeguard floors (£2.41–3.01/kg; the book's GO grades sit inside) and an unspecified IMARC figure — held",""
"material","mat-hgo-m090-23","M090-23P HGO Domain-Refined (0.23mm)","3.4","3.4","0","£/kg","held (no contradicting evidence this round)","electrical steel: Only EU GOES safeguard floors (£2.41–3.01/kg; the book's GO grades sit inside) and an unspecified IMARC figure — held",""
"material","mat-cofe-hiperco50","Cobalt-Iron (Hiperco 50 / Vacodur 49)","58","58","0","£/kg","held (no contradicting evidence this round)","electrical steel: Only EU GOES safeguard floors (£2.41–3.01/kg; the book's GO grades sit inside) and an unspecified IMARC figure — held",""
"material","mat-nife-permalloy80","Nickel-Iron Permalloy (80% Ni)","24.06","24.06","0","£/kg","held (no contradicting evidence this round)","electrical steel: Only EU GOES safeguard floors (£2.41–3.01/kg; the book's GO grades sit inside) and an unspecified IMARC figure — held",""
"material","mat-amorphous-2605sa1","Amorphous Ribbon (Metglas 2605SA1)","8.5","8.5","0","£/kg","held (no contradicting evidence this round)","electrical steel: Only EU GOES safeguard floors (£2.41–3.01/kg; the book's GO grades sit inside) and an unspecified IMARC figure — held",""
"material","mat-no-semiproc-50","Semi-Processed NO Electrical (0.50mm)","1.09","1.09","0","£/kg","held (no contradicting evidence this round)","electrical steel: Only EU GOES safeguard floors (£2.41–3.01/kg; the book's GO grades sit inside) and an unspecified IMARC figure — held",""
"material","mat-hsno-rotor-700","High-Strength NO Electrical (~700 MPa, 0.30mm rotor)","2.64","2.64","0","£/kg","held (no contradicting evidence this round)","electrical steel: Only EU GOES safeguard floors (£2.41–3.01/kg; the book's GO grades sit inside) and an unspecified IMARC figure — held",""
"material","mat-hsno-rotor-960","Ultra-High-Strength NO Electrical (~960 MPa, 0.20–0.27mm rotor)","3.24","3.24","0","£/kg","held (no contradicting evidence this round)","electrical steel: Only EU GOES safeguard floors (£2.41–3.01/kg; the book's GO grades sit inside) and an unspecified IMARC figure — held",""
"material","mat-no15-15a","NO15 Ultra-Thin NO Electrical (0.15mm)","3.94","3.94","0","£/kg","held (no contradicting evidence this round)","electrical steel: Only EU GOES safeguard floors (£2.41–3.01/kg; the book's GO grades sit inside) and an unspecified IMARC figure — held",""
"material","mat-no10-10a","NO10 Ultra-Thin NO Electrical (0.10mm)","5.54","5.54","0","£/kg","held (no contradicting evidence this round)","electrical steel: Only EU GOES safeguard floors (£2.41–3.01/kg; the book's GO grades sit inside) and an unspecified IMARC figure — held",""
"material","mat-si65-jnex-10","6.5% Si High-Frequency Electrical (JNEX/Super-Core class, 0.10mm)","6.84","6.84","0","£/kg","held (no contradicting evidence this round)","electrical steel: Only EU GOES safeguard floors (£2.41–3.01/kg; the book's GO grades sit inside) and an unspecified IMARC figure — held",""
"material","mat-uhsno-1100","Ultra-High-Strength NO Electrical (~1100 MPa, 30k-rpm rotor)","3.64","3.64","0","£/kg","held (no contradicting evidence this round)","electrical steel: Only EU GOES safeguard floors (£2.41–3.01/kg; the book's GO grades sit inside) and an unspecified IMARC figure — held",""
"material","mat-cofe-thin-010","Cobalt-Iron Thin-Gauge (0.10mm, Vacoflux/Hiperco)","72","72","0","£/kg","held (no contradicting evidence this round)","electrical steel: Only EU GOES safeguard floors (£2.41–3.01/kg; the book's GO grades sit inside) and an unspecified IMARC figure — held",""
"material","mat-cu-hairpin","Rectangular Enamelled Hairpin Copper (winding)","13.9","13.9","0","£/kg","held (no contradicting evidence this round)","brass sheet, gunmetal, aluminium bronze, tin bronze, winding wire: Consistent with the metal content or no mill price found — held",""
"material","mat-al-hairpin","Rectangular Enamelled Hairpin Aluminium (winding)","4.74","4.74","0","£/kg","held (no contradicting evidence this round)","wrought aluminium sheet / bar / forging stock, aluminium billet: P1020 duty-paid Rotterdam £2.79/kg; the book's wrought grades are above it; conversion premiums not found; 6063 billet £3.27 v LME + billet premium £3.20 — consistent; held",""
"material","mat-al-busbar","Aluminium Busbar (EV / battery)","3.74","3.74","0","£/kg","held (no contradicting evidence this round)","wrought aluminium sheet / bar / forging stock, aluminium billet: P1020 duty-paid Rotterdam £2.79/kg; the book's wrought grades are above it; conversion premiums not found; 6063 billet £3.27 v LME + billet premium £3.20 — consistent; held",""
"material","mat-ss301-spring","301 Spring-Temper Stainless Strip","4.53","4.53","0","£/kg","held (no contradicting evidence this round)","electrical steel: Only EU GOES safeguard floors (£2.41–3.01/kg; the book's GO grades sit inside) and an unspecified IMARC figure — held",""
"material","mat-aa6016-t4","AA6016-T4 Sheet (Auto Skin)","3.49","3.49","0","£/kg","held (no contradicting evidence this round)","wrought aluminium sheet / bar / forging stock, aluminium billet: P1020 duty-paid Rotterdam £2.79/kg; the book's wrought grades are above it; conversion premiums not found; 6063 billet £3.27 v LME + billet premium £3.20 — consistent; held",""
"material","mat-aa6111-t4","AA6111-T4 Sheet (Auto Skin)","3.64","3.64","0","£/kg","held (no contradicting evidence this round)","wrought aluminium sheet / bar / forging stock, aluminium billet: P1020 duty-paid Rotterdam £2.79/kg; the book's wrought grades are above it; conversion premiums not found; 6063 billet £3.27 v LME + billet premium £3.20 — consistent; held",""
"material","mat-aa7075-t6","AA7075-T6 Sheet/Plate","6.8","6.8","0","£/kg","held (no contradicting evidence this round)","wrought aluminium sheet / bar / forging stock, aluminium billet: P1020 duty-paid Rotterdam £2.79/kg; the book's wrought grades are above it; conversion premiums not found; 6063 billet £3.27 v LME + billet premium £3.20 — consistent; held",""
"material","mat-al-recycled-5xxx","Recycled-Content Al 5xxx (Secondary)","2.55","2.55","0","£/kg","held (no contradicting evidence this round)","wrought aluminium sheet / bar / forging stock, aluminium billet: P1020 duty-paid Rotterdam £2.79/kg; the book's wrought grades are above it; conversion premiums not found; 6063 billet £3.27 v LME + billet premium £3.20 — consistent; held",""
"material","mat-pp","PP Copolymer","1.15","1.15","0","£/kg","held (no contradicting evidence this round)","Thermoplastic — not researched this round",""
"material","mat-abs","ABS","1.62","1.62","0","£/kg","held (no contradicting evidence this round)","Thermoplastic — not researched this round",""
"material","mat-pa66gf30","PA66 GF30","3.1","3.1","0","£/kg","held (no contradicting evidence this round)","Thermoplastic — not researched this round",""
"material","mat-pc","PC (Lexan)","2.52","2.52","0","£/kg","held (no contradicting evidence this round)","Thermoplastic — not researched this round",""
"material","mat-hdpe","HDPE","1.05","1.05","0","£/kg","held (no contradicting evidence this round)","Thermoplastic — not researched this round",""
"material","mat-pom","POM / Acetal (Delrin)","2.05","2.05","0","£/kg","held (no contradicting evidence this round)","Thermoplastic — not researched this round",""
"material","mat-pbt-gf30","PBT GF30","3.1","3.1","0","£/kg","held (no contradicting evidence this round)","Thermoplastic — not researched this round",""
"material","mat-tpu-shore85","TPU Shore 85A","2.52","2.52","0","£/kg","held (no contradicting evidence this round)","Thermoplastic Elastomer — not researched this round",""
"material","mat-ldpe","LDPE (2426H)","1.09","1.09","0","£/kg","held (no contradicting evidence this round)","Thermoplastic — not researched this round",""
"material","mat-lldpe","LLDPE C6","1.05","1.05","0","£/kg","held (no contradicting evidence this round)","Thermoplastic — not researched this round",""
"material","mat-pp-homo","PP Homopolymer (MFI 12)","0.99","0.99","0","£/kg","held (no contradicting evidence this round)","Thermoplastic — not researched this round",""
"material","mat-pp-impact","PP Impact Copolymer (PP-B)","1.04","1.04","0","£/kg","held (no contradicting evidence this round)","Thermoplastic — not researched this round",""
"material","mat-pp-gf30","PP GF30 (Short Glass)","1.87","1.87","0","£/kg","held (no contradicting evidence this round)","Thermoplastic — not researched this round",""
"material","mat-pet-bg","PET Bottle Grade (1101)","1.21","1.21","0","£/kg","held (no contradicting evidence this round)","Thermoplastic — not researched this round",""
"material","mat-pet-gf30","PET GF30 (Engineering)","3.05","3.05","0","£/kg","held (no contradicting evidence this round)","Thermoplastic — not researched this round",""
"material","mat-fpvc","Flexible PVC (fPVC plasticised)","1.11","1.11","0","£/kg","held (no contradicting evidence this round)","Thermoplastic — not researched this round",""
"material","mat-gpps","GPPS (Crystal PS)","1.37","1.37","0","£/kg","held (no contradicting evidence this round)","Thermoplastic — not researched this round",""
"material","mat-hips","HIPS (High Impact PS)","1.37","1.37","0","£/kg","held (no contradicting evidence this round)","Thermoplastic — not researched this round",""
"material","mat-pc-abs","PC/ABS Blend (automotive grade)","1.92","1.92","0","£/kg","held (no contradicting evidence this round)","Thermoplastic — not researched this round",""
"material","mat-pa6-gf30","PA6 GF30","2.52","2.52","0","£/kg","held (no contradicting evidence this round)","Thermoplastic — not researched this round",""
"material","mat-peek","PEEK Unfilled","76","76","0","£/kg","held (no contradicting evidence this round)","High-Performance Thermoplastic — not researched this round",""
"material","mat-peek-gf30","PEEK GF30","93","93","0","£/kg","held (no contradicting evidence this round)","High-Performance Thermoplastic — not researched this round",""
"material","mat-asa","ASA (Weatherable)","2.24","2.24","0","£/kg","held (no contradicting evidence this round)","Thermoplastic — not researched this round",""
"material","mat-san","SAN (Styrene-Acrylonitrile)","1.69","1.69","0","£/kg","held (no contradicting evidence this round)","Thermoplastic — not researched this round",""
"material","mat-pp-t20","PP-T20 (20% Talc-filled)","1.27","1.27","0","£/kg","held (no contradicting evidence this round)","Thermoplastic — not researched this round",""
"material","mat-pp-t30","PP-T30 (30% Mineral/Talc-filled)","1.37","1.37","0","£/kg","held (no contradicting evidence this round)","Thermoplastic — not researched this round",""
"material","mat-pp-lgf30","PP-LGF30 (Long-Glass PP)","2.62","2.62","0","£/kg","held (no contradicting evidence this round)","Thermoplastic — not researched this round",""
"material","mat-tpo","TPO (Thermoplastic Olefin)","1.87","1.87","0","£/kg","held (no contradicting evidence this round)","Thermoplastic — not researched this round",""
"material","mat-tpv","TPV (Santoprene-type)","3.21","3.21","0","£/kg","held (no contradicting evidence this round)","Thermoplastic Elastomer — not researched this round",""
"material","mat-pmma","PMMA (Acrylic)","2.4","2.4","0","£/kg","held (no contradicting evidence this round)","Thermoplastic — not researched this round",""
"material","mat-pps-gf40","PPS GF40","5.5","5.5","0","£/kg","held (no contradicting evidence this round)","High-Performance Thermoplastic — not researched this round",""
"material","mat-ppa-gf35","PPA GF35 (High-Temp Polyamide)","6.8","6.8","0","£/kg","held (no contradicting evidence this round)","High-Performance Thermoplastic — not researched this round",""
"material","mat-pei","PEI (Ultem, Unfilled)","12.5","12.5","0","£/kg","held (no contradicting evidence this round)","High-Performance Thermoplastic — not researched this round",""
"material","mat-pei-gf30","PEI GF30","14","14","0","£/kg","held (no contradicting evidence this round)","High-Performance Thermoplastic — not researched this round",""
"material","mat-lcp-gf30","LCP GF30 (Liquid-Crystal Polymer)","11","11","0","£/kg","held (no contradicting evidence this round)","High-Performance Thermoplastic — not researched this round",""
"material","mat-pa66-gf35","PA66 GF35","3.3","3.3","0","£/kg","held (no contradicting evidence this round)","Thermoplastic — not researched this round",""
"material","mat-pa66-gf50","PA66 GF50","3.55","3.55","0","£/kg","held (no contradicting evidence this round)","Thermoplastic — not researched this round",""
"material","mat-pa66-min","PA66 Mineral-filled (Low-Warp)","3","3","0","£/kg","held (no contradicting evidence this round)","Thermoplastic — not researched this round",""
"material","mat-pa12","PA12 (Nylon 12)","8.5","8.5","0","£/kg","held (no contradicting evidence this round)","Thermoplastic — not researched this round",""
"material","mat-pc-pbt","PC/PBT Blend","3.2","3.2","0","£/kg","held (no contradicting evidence this round)","Thermoplastic — not researched this round",""
"material","mat-mppe","mPPE / PPO (Noryl-type)","3.4","3.4","0","£/kg","held (no contradicting evidence this round)","Thermoplastic — not researched this round",""
"material","mat-pc-fr","PC FR (UL94 V0)","3.6","3.6","0","£/kg","held (no contradicting evidence this round)","Thermoplastic — not researched this round",""
"material","mat-pa66-gf25-fr","PA66 GF25 FR (UL94 V0)","4.2","4.2","0","£/kg","held (no contradicting evidence this round)","Thermoplastic — not researched this round",""
"material","mat-pcr-pp","PCR PP (Post-Consumer Recycled)","0.97","0.97","0","£/kg","held (no contradicting evidence this round)","Thermoplastic — not researched this round",""
"material","mat-bio-pa610","Bio-PA610 (Castor-based)","5.5","5.5","0","£/kg","held (no contradicting evidence this round)","High-Performance Thermoplastic — not researched this round",""
"material","mat-pc-glazing","PC Glazing Grade (Automotive)","4.2","4.2","0","£/kg","held (no contradicting evidence this round)","Thermoplastic — not researched this round",""
"material","mat-bronze-c905","C905 Phosphor Bronze","13.66","13.66","0","£/kg","held (no contradicting evidence this round)","HR / HRPO / structural HR, carbon & alloy bar, forging stock: NW Europe HRC £0.61–0.66/kg, Tata UK £0.62; the book's HRPO £0.77 / S355MC £0.80 are not contradicted (pickling / grade extras); no UK bar or SBQ base price found (only alloy surcharges) — held",""
"material","mat-mag-az91","AZ91D Magnesium Die Cast","3.81","3.81","0","£/kg","held (no contradicting evidence this round)","HR / HRPO / structural HR, carbon & alloy bar, forging stock: NW Europe HRC £0.61–0.66/kg, Tata UK £0.62; the book's HRPO £0.77 / S355MC £0.80 are not contradicted (pickling / grade extras); no UK bar or SBQ base price found (only alloy surcharges) — held",""
"material","mat-zamak3","Zamak 3 (Zinc Die Cast)","3.19","3.19","0","£/kg","held (no contradicting evidence this round)","zinc, magnesium, titanium, nickel alloys: LME zinc £2.85 under Zamak £3.19 (consistent); Mg China FOB £1.70 v AZ91D £3.81 — likely high but no European alloy price found; Ti / Ni mill prices not found — held",""
"material","mat-zamak5","Zamak 5 (Zinc Die Cast, Hi-Strength)","3.24","3.24","0","£/kg","held (no contradicting evidence this round)","zinc, magnesium, titanium, nickel alloys: LME zinc £2.85 under Zamak £3.19 (consistent); Mg China FOB £1.70 v AZ91D £3.81 — likely high but no European alloy price found; Ti / Ni mill prices not found — held",""
"material","mat-mag-am60","AM60B Magnesium Die Cast","3.66","3.66","0","£/kg","held (no contradicting evidence this round)","HR / HRPO / structural HR, carbon & alloy bar, forging stock: NW Europe HRC £0.61–0.66/kg, Tata UK £0.62; the book's HRPO £0.77 / S355MC £0.80 are not contradicted (pickling / grade extras); no UK bar or SBQ base price found (only alloy surcharges) — held",""
"material","mat-mag-am50","AM50A Magnesium Die Cast","3.71","3.71","0","£/kg","held (no contradicting evidence this round)","HR / HRPO / structural HR, carbon & alloy bar, forging stock: NW Europe HRC £0.61–0.66/kg, Tata UK £0.62; the book's HRPO £0.77 / S355MC £0.80 are not contradicted (pickling / grade extras); no UK bar or SBQ base price found (only alloy surcharges) — held",""
"material","mat-mag-ae44","AE44 Magnesium (Creep-Resistant)","5.02","5.02","0","£/kg","held (no contradicting evidence this round)","HR / HRPO / structural HR, carbon & alloy bar, forging stock: NW Europe HRC £0.61–0.66/kg, Tata UK £0.62; the book's HRPO £0.77 / S355MC £0.80 are not contradicted (pickling / grade extras); no UK bar or SBQ base price found (only alloy surcharges) — held",""
"material","mat-za8","ZA-8 (Zinc-Aluminium Die Cast)","3.5","3.5","0","£/kg","held (no contradicting evidence this round)","zinc, magnesium, titanium, nickel alloys: LME zinc £2.85 under Zamak £3.19 (consistent); Mg China FOB £1.70 v AZ91D £3.81 — likely high but no European alloy price found; Ti / Ni mill prices not found — held",""
"material","mat-za27","ZA-27 (High-Strength Zinc-Aluminium)","3.63","3.63","0","£/kg","held (no contradicting evidence this round)","zinc, magnesium, titanium, nickel alloys: LME zinc £2.85 under Zamak £3.19 (consistent); Mg China FOB £1.70 v AZ91D £3.81 — likely high but no European alloy price found; Ti / Ni mill prices not found — held",""
"material","mat-inconel718-cast","Inconel 718 (Investment Cast Superalloy)","42.04","42.04","0","£/kg","held (no contradicting evidence this round)","HR / HRPO / structural HR, carbon & alloy bar, forging stock: NW Europe HRC £0.61–0.66/kg, Tata UK £0.62; the book's HRPO £0.77 / S355MC £0.80 are not contradicted (pickling / grade extras); no UK bar or SBQ base price found (only alloy surcharges) — held",""
"material","mat-steel1020","1020 / S20C","0.82","0.82","0","£/kg","held (no contradicting evidence this round)","HR / HRPO / structural HR, carbon & alloy bar, forging stock: NW Europe HRC £0.61–0.66/kg, Tata UK £0.62; the book's HRPO £0.77 / S355MC £0.80 are not contradicted (pickling / grade extras); no UK bar or SBQ base price found (only alloy surcharges) — held",""
"material","mat-steel4340","4340 / EN24 / 817M40 (Ni-Cr-Mo Alloy Steel)","1.45","1.45","0","£/kg","held (no contradicting evidence this round)","HR / HRPO / structural HR, carbon & alloy bar, forging stock: NW Europe HRC £0.61–0.66/kg, Tata UK £0.62; the book's HRPO £0.77 / S355MC £0.80 are not contradicted (pickling / grade extras); no UK bar or SBQ base price found (only alloy surcharges) — held",""
"material","mat-steel1141","1141 / 1144 (Free-Machining)","1.05","1.05","0","£/kg","held (no contradicting evidence this round)","HR / HRPO / structural HR, carbon & alloy bar, forging stock: NW Europe HRC £0.61–0.66/kg, Tata UK £0.62; the book's HRPO £0.77 / S355MC £0.80 are not contradicted (pickling / grade extras); no UK bar or SBQ base price found (only alloy surcharges) — held",""
"material","mat-steel-38mnvs6","38MnVS6 (Microalloyed)","1.15","1.15","0","£/kg","held (no contradicting evidence this round)","HR / HRPO / structural HR, carbon & alloy bar, forging stock: NW Europe HRC £0.61–0.66/kg, Tata UK £0.62; the book's HRPO £0.77 / S355MC £0.80 are not contradicted (pickling / grade extras); no UK bar or SBQ base price found (only alloy surcharges) — held",""
"material","mat-steel4130","4130 / 25CrMo4","1.6","1.6","0","£/kg","held (no contradicting evidence this round)","HR / HRPO / structural HR, carbon & alloy bar, forging stock: NW Europe HRC £0.61–0.66/kg, Tata UK £0.62; the book's HRPO £0.77 / S355MC £0.80 are not contradicted (pickling / grade extras); no UK bar or SBQ base price found (only alloy surcharges) — held",""
"material","mat-steel8620","8620 (Case-Hardening)","1.5","1.5","0","£/kg","held (no contradicting evidence this round)","HR / HRPO / structural HR, carbon & alloy bar, forging stock: NW Europe HRC £0.61–0.66/kg, Tata UK £0.62; the book's HRPO £0.77 / S355MC £0.80 are not contradicted (pickling / grade extras); no UK bar or SBQ base price found (only alloy surcharges) — held",""
"material","mat-steel-20mncr5","20MnCr5 (Gear Steel)","1.48","1.48","0","£/kg","held (no contradicting evidence this round)","HR / HRPO / structural HR, carbon & alloy bar, forging stock: NW Europe HRC £0.61–0.66/kg, Tata UK £0.62; the book's HRPO £0.77 / S355MC £0.80 are not contradicted (pickling / grade extras); no UK bar or SBQ base price found (only alloy surcharges) — held",""
"material","mat-steel-52100","52100 / 100Cr6 (Bearing Steel)","1.7","1.7","0","£/kg","held (no contradicting evidence this round)","HR / HRPO / structural HR, carbon & alloy bar, forging stock: NW Europe HRC £0.61–0.66/kg, Tata UK £0.62; the book's HRPO £0.77 / S355MC £0.80 are not contradicted (pickling / grade extras); no UK bar or SBQ base price found (only alloy surcharges) — held",""
"material","mat-steel-300m","300M (UHS Aerospace)","3.8","3.8","0","£/kg","held (no contradicting evidence this round)","HR / HRPO / structural HR, carbon & alloy bar, forging stock: NW Europe HRC £0.61–0.66/kg, Tata UK £0.62; the book's HRPO £0.77 / S355MC £0.80 are not contradicted (pickling / grade extras); no UK bar or SBQ base price found (only alloy surcharges) — held",""
"material","mat-ss410-bar","410 (Martensitic Stainless Bar)","3.63","3.63","0","£/kg","held (no contradicting evidence this round)","electrical steel: Only EU GOES safeguard floors (£2.41–3.01/kg; the book's GO grades sit inside) and an unspecified IMARC figure — held",""
"material","mat-ss304l-bar","304L (Austenitic Stainless Bar)","4.73","4.73","0","£/kg","held (no contradicting evidence this round)","electrical steel: Only EU GOES safeguard floors (£2.41–3.01/kg; the book's GO grades sit inside) and an unspecified IMARC figure — held",""
"material","mat-ss316l-bar","316L (Austenitic Stainless Bar)","6.33","6.33","0","£/kg","held (no contradicting evidence this round)","electrical steel: Only EU GOES safeguard floors (£2.41–3.01/kg; the book's GO grades sit inside) and an unspecified IMARC figure — held",""
"material","mat-ss17-4ph-bar","17-4PH (PH Stainless Bar)","9.3","9.3","0","£/kg","held (no contradicting evidence this round)","electrical steel: Only EU GOES safeguard floors (£2.41–3.01/kg; the book's GO grades sit inside) and an unspecified IMARC figure — held",""
"material","mat-ss15-5ph-bar","15-5PH (PH Stainless Bar)","9.9","9.9","0","£/kg","held (no contradicting evidence this round)","electrical steel: Only EU GOES safeguard floors (£2.41–3.01/kg; the book's GO grades sit inside) and an unspecified IMARC figure — held",""
"material","mat-al6061-forge","6061 (Al Forging Stock)","3.34","3.34","0","£/kg","held (no contradicting evidence this round)","HR / HRPO / structural HR, carbon & alloy bar, forging stock: NW Europe HRC £0.61–0.66/kg, Tata UK £0.62; the book's HRPO £0.77 / S355MC £0.80 are not contradicted (pickling / grade extras); no UK bar or SBQ base price found (only alloy surcharges) — held",""
"material","mat-al-billet-1050","EN AW-1050A (99.5% Al) extrusion billet","3.2367","3.2367","0","£/kg","held (no contradicting evidence this round)","wrought aluminium sheet / bar / forging stock, aluminium billet: P1020 duty-paid Rotterdam £2.79/kg; the book's wrought grades are above it; conversion premiums not found; 6063 billet £3.27 v LME + billet premium £3.20 — consistent; held",""
"material","mat-al-billet-1100","AA 1100 (99.0% Al) extrusion billet","3.2518","3.2518","0","£/kg","held (no contradicting evidence this round)","wrought aluminium sheet / bar / forging stock, aluminium billet: P1020 duty-paid Rotterdam £2.79/kg; the book's wrought grades are above it; conversion premiums not found; 6063 billet £3.27 v LME + billet premium £3.20 — consistent; held",""
"material","mat-al-billet-1350","EN AW-1350 (EC, electrical conductor) extrusion billet","3.2819","3.2819","0","£/kg","held (no contradicting evidence this round)","wrought aluminium sheet / bar / forging stock, aluminium billet: P1020 duty-paid Rotterdam £2.79/kg; the book's wrought grades are above it; conversion premiums not found; 6063 billet £3.27 v LME + billet premium £3.20 — consistent; held",""
"material","mat-al-billet-2011","EN AW-2011 (Al-Cu6BiPb, free-machining) extrusion billet","4.0196","4.0196","0","£/kg","held (no contradicting evidence this round)","wrought aluminium sheet / bar / forging stock, aluminium billet: P1020 duty-paid Rotterdam £2.79/kg; the book's wrought grades are above it; conversion premiums not found; 6063 billet £3.27 v LME + billet premium £3.20 — consistent; held",""
"material","mat-al-billet-2014","EN AW-2014 (Al-Cu4SiMg) extrusion billet","4.1701","4.1701","0","£/kg","held (no contradicting evidence this round)","wrought aluminium sheet / bar / forging stock, aluminium billet: P1020 duty-paid Rotterdam £2.79/kg; the book's wrought grades are above it; conversion premiums not found; 6063 billet £3.27 v LME + billet premium £3.20 — consistent; held",""
"material","mat-al-billet-2024","EN AW-2024 (Al-Cu4Mg1) extrusion billet","4.3207","4.3207","0","£/kg","held (no contradicting evidence this round)","wrought aluminium sheet / bar / forging stock, aluminium billet: P1020 duty-paid Rotterdam £2.79/kg; the book's wrought grades are above it; conversion premiums not found; 6063 billet £3.27 v LME + billet premium £3.20 — consistent; held",""
"material","mat-al-billet-3003","EN AW-3003 (Al-Mn1Cu) extrusion billet","3.297","3.297","0","£/kg","held (no contradicting evidence this round)","wrought aluminium sheet / bar / forging stock, aluminium billet: P1020 duty-paid Rotterdam £2.79/kg; the book's wrought grades are above it; conversion premiums not found; 6063 billet £3.27 v LME + billet premium £3.20 — consistent; held",""
"material","mat-al-billet-3103","EN AW-3103 (Al-Mn1) extrusion billet","3.297","3.297","0","£/kg","held (no contradicting evidence this round)","wrought aluminium sheet / bar / forging stock, aluminium billet: P1020 duty-paid Rotterdam £2.79/kg; the book's wrought grades are above it; conversion premiums not found; 6063 billet £3.27 v LME + billet premium £3.20 — consistent; held",""
"material","mat-al-billet-5083","EN AW-5083 (Al-Mg4.5Mn) extrusion billet","3.4927","3.4927","0","£/kg","held (no contradicting evidence this round)","wrought aluminium sheet / bar / forging stock, aluminium billet: P1020 duty-paid Rotterdam £2.79/kg; the book's wrought grades are above it; conversion premiums not found; 6063 billet £3.27 v LME + billet premium £3.20 — consistent; held",""
"material","mat-al-billet-5086","EN AW-5086 (Al-Mg4) extrusion billet","3.4776","3.4776","0","£/kg","held (no contradicting evidence this round)","wrought aluminium sheet / bar / forging stock, aluminium billet: P1020 duty-paid Rotterdam £2.79/kg; the book's wrought grades are above it; conversion premiums not found; 6063 billet £3.27 v LME + billet premium £3.20 — consistent; held",""
"material","mat-al-billet-5754","EN AW-5754 (Al-Mg3) extrusion billet","3.4174","3.4174","0","£/kg","held (no contradicting evidence this round)","wrought aluminium sheet / bar / forging stock, aluminium billet: P1020 duty-paid Rotterdam £2.79/kg; the book's wrought grades are above it; conversion premiums not found; 6063 billet £3.27 v LME + billet premium £3.20 — consistent; held",""
"material","mat-al-billet-6008","EN AW-6008 (Al-SiMgV) extrusion billet","3.3572","3.3572","0","£/kg","held (no contradicting evidence this round)","wrought aluminium sheet / bar / forging stock, aluminium billet: P1020 duty-paid Rotterdam £2.79/kg; the book's wrought grades are above it; conversion premiums not found; 6063 billet £3.27 v LME + billet premium £3.20 — consistent; held",""
"material","mat-al-billet-6026","EN AW-6026 (free-machining, lead-free) extrusion billet","3.5679","3.5679","0","£/kg","held (no contradicting evidence this round)","wrought aluminium sheet / bar / forging stock, aluminium billet: P1020 duty-paid Rotterdam £2.79/kg; the book's wrought grades are above it; conversion premiums not found; 6063 billet £3.27 v LME + billet premium £3.20 — consistent; held",""
"material","mat-al-billet-6060","EN AW-6060 (Al-MgSi) extrusion billet","3.2518","3.2518","0","£/kg","held (no contradicting evidence this round)","wrought aluminium sheet / bar / forging stock, aluminium billet: P1020 duty-paid Rotterdam £2.79/kg; the book's wrought grades are above it; conversion premiums not found; 6063 billet £3.27 v LME + billet premium £3.20 — consistent; held",""
"material","mat-al-billet-6061","EN AW-6061 (Al-Mg1SiCu) extrusion billet","3.3798","3.3798","0","£/kg","held (no contradicting evidence this round)","wrought aluminium sheet / bar / forging stock, aluminium billet: P1020 duty-paid Rotterdam £2.79/kg; the book's wrought grades are above it; conversion premiums not found; 6063 billet £3.27 v LME + billet premium £3.20 — consistent; held",""
"material","mat-al-billet-6063","EN AW-6063 (Al-Mg0.7Si) extrusion billet","3.2668","3.2668","0","£/kg","held (no contradicting evidence this round)","wrought aluminium sheet / bar / forging stock, aluminium billet: P1020 duty-paid Rotterdam £2.79/kg; the book's wrought grades are above it; conversion premiums not found; 6063 billet £3.27 v LME + billet premium £3.20 — consistent; held",""
"material","mat-al-billet-6082","EN AW-6082 (Al-Si1MgMn) extrusion billet","3.3798","3.3798","0","£/kg","held (no contradicting evidence this round)","wrought aluminium sheet / bar / forging stock, aluminium billet: P1020 duty-paid Rotterdam £2.79/kg; the book's wrought grades are above it; conversion premiums not found; 6063 billet £3.27 v LME + billet premium £3.20 — consistent; held",""
"material","mat-al-billet-6101","EN AW-6101B (electrical) extrusion billet","3.312","3.312","0","£/kg","held (no contradicting evidence this round)","wrought aluminium sheet / bar / forging stock, aluminium billet: P1020 duty-paid Rotterdam £2.79/kg; the book's wrought grades are above it; conversion premiums not found; 6063 billet £3.27 v LME + billet premium £3.20 — consistent; held",""
"material","mat-al-billet-6106","EN AW-6106 (Al-MgSiMn) extrusion billet","3.2744","3.2744","0","£/kg","held (no contradicting evidence this round)","wrought aluminium sheet / bar / forging stock, aluminium billet: P1020 duty-paid Rotterdam £2.79/kg; the book's wrought grades are above it; conversion premiums not found; 6063 billet £3.27 v LME + billet premium £3.20 — consistent; held",""
"material","mat-al-billet-6351","EN AW-6351 (Al-Si1Mg0.5Mn) extrusion billet","3.3798","3.3798","0","£/kg","held (no contradicting evidence this round)","wrought aluminium sheet / bar / forging stock, aluminium billet: P1020 duty-paid Rotterdam £2.79/kg; the book's wrought grades are above it; conversion premiums not found; 6063 billet £3.27 v LME + billet premium £3.20 — consistent; held",""
"material","mat-al-billet-7003","EN AW-7003 (Al-Zn6Mg0.8Zr) extrusion billet","3.5303","3.5303","0","£/kg","held (no contradicting evidence this round)","wrought aluminium sheet / bar / forging stock, aluminium billet: P1020 duty-paid Rotterdam £2.79/kg; the book's wrought grades are above it; conversion premiums not found; 6063 billet £3.27 v LME + billet premium £3.20 — consistent; held",""
"material","mat-al-billet-7005","EN AW-7005 (Al-Zn4.5Mg1.5Mn) extrusion billet","3.5529","3.5529","0","£/kg","held (no contradicting evidence this round)","wrought aluminium sheet / bar / forging stock, aluminium billet: P1020 duty-paid Rotterdam £2.79/kg; the book's wrought grades are above it; conversion premiums not found; 6063 billet £3.27 v LME + billet premium £3.20 — consistent; held",""
"material","mat-al-billet-7020","EN AW-7020 (Al-Zn4.5Mg1) extrusion billet","3.5529","3.5529","0","£/kg","held (no contradicting evidence this round)","wrought aluminium sheet / bar / forging stock, aluminium billet: P1020 duty-paid Rotterdam £2.79/kg; the book's wrought grades are above it; conversion premiums not found; 6063 billet £3.27 v LME + billet premium £3.20 — consistent; held",""
"material","mat-al-billet-7046","EN AW-7046 (Al-Zn7Mg1.2) extrusion billet","3.583","3.583","0","£/kg","held (no contradicting evidence this round)","wrought aluminium sheet / bar / forging stock, aluminium billet: P1020 duty-paid Rotterdam £2.79/kg; the book's wrought grades are above it; conversion premiums not found; 6063 billet £3.27 v LME + billet premium £3.20 — consistent; held",""
"material","mat-al-billet-7075","EN AW-7075 (Al-Zn5.5MgCu) extrusion billet","4.1701","4.1701","0","£/kg","held (no contradicting evidence this round)","wrought aluminium sheet / bar / forging stock, aluminium billet: P1020 duty-paid Rotterdam £2.79/kg; the book's wrought grades are above it; conversion premiums not found; 6063 billet £3.27 v LME + billet premium £3.20 — consistent; held",""
"material","mat-al-billet-7108","EN AW-7108 (Al-Zn5Mg1Zr) extrusion billet","3.5303","3.5303","0","£/kg","held (no contradicting evidence this round)","wrought aluminium sheet / bar / forging stock, aluminium billet: P1020 duty-paid Rotterdam £2.79/kg; the book's wrought grades are above it; conversion premiums not found; 6063 billet £3.27 v LME + billet premium £3.20 — consistent; held",""
"material","mat-al-billet-1070a","EN AW-1070A (99.7% Al) extrusion billet","3.2443","3.2443","0","£/kg","held (no contradicting evidence this round)","wrought aluminium sheet / bar / forging stock, aluminium billet: P1020 duty-paid Rotterdam £2.79/kg; the book's wrought grades are above it; conversion premiums not found; 6063 billet £3.27 v LME + billet premium £3.20 — consistent; held",""
"material","mat-al-billet-6063a","EN AW-6063A (Al-Mg0.7Si(A)) extrusion billet","3.2819","3.2819","0","£/kg","held (no contradicting evidence this round)","wrought aluminium sheet / bar / forging stock, aluminium billet: P1020 duty-paid Rotterdam £2.79/kg; the book's wrought grades are above it; conversion premiums not found; 6063 billet £3.27 v LME + billet premium £3.20 — consistent; held",""
"material","mat-al-billet-6005a","EN AW-6005A (Al-SiMg(A)) extrusion billet","3.3271","3.3271","0","£/kg","held (no contradicting evidence this round)","wrought aluminium sheet / bar / forging stock, aluminium billet: P1020 duty-paid Rotterdam £2.79/kg; the book's wrought grades are above it; conversion premiums not found; 6063 billet £3.27 v LME + billet premium £3.20 — consistent; held",""
"material","mat-al-billet-2017a","EN AW-2017A (Al-Cu4MgSi) extrusion billet","4.1701","4.1701","0","£/kg","held (no contradicting evidence this round)","wrought aluminium sheet / bar / forging stock, aluminium billet: P1020 duty-paid Rotterdam £2.79/kg; the book's wrought grades are above it; conversion premiums not found; 6063 billet £3.27 v LME + billet premium £3.20 — consistent; held",""
"material","mat-zamak2","Zamak 2 / ZL0430 (ZnAl4Cu3, high strength)","3.43","3.43","0","£/kg","held (no contradicting evidence this round)","zinc, magnesium, titanium, nickel alloys: LME zinc £2.85 under Zamak £3.19 (consistent); Mg China FOB £1.70 v AZ91D £3.81 — likely high but no European alloy price found; Ti / Ni mill prices not found — held",""
"material","mat-hadfield","G-X120Mn12 / 1.3401 (Hadfield austenitic manganese wear steel)","2.2","2.2","0","£/kg","held (no contradicting evidence this round)","electrical steel: Only EU GOES safeguard floors (£2.41–3.01/kg; the book's GO grades sit inside) and an unspecified IMARC figure — held",""
"material","mat-in713c-cast","Inconel 713C (investment-cast superalloy — turbocharger wheels)","43.59","43.59","0","£/kg","held (no contradicting evidence this round)","HR / HRPO / structural HR, carbon & alloy bar, forging stock: NW Europe HRC £0.61–0.66/kg, Tata UK £0.62; the book's HRPO £0.77 / S355MC £0.80 are not contradicted (pickling / grade extras); no UK bar or SBQ base price found (only alloy surcharges) — held",""
"material","mat-lg2-gunmetal","LG2 / CC491K (leaded gunmetal CuSn5Zn5Pb5)","11.44","11.44","0","£/kg","held (no contradicting evidence this round)","HR / HRPO / structural HR, carbon & alloy bar, forging stock: NW Europe HRC £0.61–0.66/kg, Tata UK £0.62; the book's HRPO £0.77 / S355MC £0.80 are not contradicted (pickling / grade extras); no UK bar or SBQ base price found (only alloy surcharges) — held",""
"material","mat-ab2-cast","AB2 / CC333G (nickel-aluminium bronze CuAl10Fe5Ni5)","9.54","9.54","0","£/kg","held (no contradicting evidence this round)","HR / HRPO / structural HR, carbon & alloy bar, forging stock: NW Europe HRC £0.61–0.66/kg, Tata UK £0.62; the book's HRPO £0.77 / S355MC £0.80 are not contradicted (pickling / grade extras); no UK bar or SBQ base price found (only alloy surcharges) — held",""
"material","mat-brass-cast-cb754","CC754S / CuZn39Pb1Al-C (gravity / die-cast brass)","7.88","7.88","0","£/kg","held (no contradicting evidence this round)","HR / HRPO / structural HR, carbon & alloy bar, forging stock: NW Europe HRC £0.61–0.66/kg, Tata UK £0.62; the book's HRPO £0.77 / S355MC £0.80 are not contradicted (pickling / grade extras); no UK bar or SBQ base price found (only alloy surcharges) — held",""
"material","mat-steel-c35","C35 / 1035 (medium-carbon forging steel)","0.85","0.85","0","£/kg","held (no contradicting evidence this round)","HR / HRPO / structural HR, carbon & alloy bar, forging stock: NW Europe HRC £0.61–0.66/kg, Tata UK £0.62; the book's HRPO £0.77 / S355MC £0.80 are not contradicted (pickling / grade extras); no UK bar or SBQ base price found (only alloy surcharges) — held",""
"material","mat-steel-c45","C45 / 1045 / CK45 (medium-carbon forging steel)","0.86","0.86","0","£/kg","held (no contradicting evidence this round)","HR / HRPO / structural HR, carbon & alloy bar, forging stock: NW Europe HRC £0.61–0.66/kg, Tata UK £0.62; the book's HRPO £0.77 / S355MC £0.80 are not contradicted (pickling / grade extras); no UK bar or SBQ base price found (only alloy surcharges) — held",""
"material","mat-steel-c70s6","C70S6 (fracture-split con-rod steel)","0.92","0.92","0","£/kg","held (no contradicting evidence this round)","HR / HRPO / structural HR, carbon & alloy bar, forging stock: NW Europe HRC £0.61–0.66/kg, Tata UK £0.62; the book's HRPO £0.77 / S355MC £0.80 are not contradicted (pickling / grade extras); no UK bar or SBQ base price found (only alloy surcharges) — held",""
"material","mat-steel-a105","ASTM A105 (carbon steel for flanges and valve bodies)","0.84","0.84","0","£/kg","held (no contradicting evidence this round)","HR / HRPO / structural HR, carbon & alloy bar, forging stock: NW Europe HRC £0.61–0.66/kg, Tata UK £0.62; the book's HRPO £0.77 / S355MC £0.80 are not contradicted (pickling / grade extras); no UK bar or SBQ base price found (only alloy surcharges) — held",""
"material","mat-steel-30mnvs6","30MnVS6 / 46MnVS3 (microalloyed, controlled-cooled)","1.15","1.15","0","£/kg","held (no contradicting evidence this round)","HR / HRPO / structural HR, carbon & alloy bar, forging stock: NW Europe HRC £0.61–0.66/kg, Tata UK £0.62; the book's HRPO £0.77 / S355MC £0.80 are not contradicted (pickling / grade extras); no UK bar or SBQ base price found (only alloy surcharges) — held",""
"material","mat-steel-42crmo4","42CrMo4 / 4140 / 1.7225 (Cr-Mo QT steel)","1.61","1.61","0","£/kg","held (no contradicting evidence this round)","HR / HRPO / structural HR, carbon & alloy bar, forging stock: NW Europe HRC £0.61–0.66/kg, Tata UK £0.62; the book's HRPO £0.77 / S355MC £0.80 are not contradicted (pickling / grade extras); no UK bar or SBQ base price found (only alloy surcharges) — held",""
"material","mat-steel-34crnimo6","34CrNiMo6 / 1.6582 (Ni-Cr-Mo QT steel)","1.81","1.81","0","£/kg","held (no contradicting evidence this round)","HR / HRPO / structural HR, carbon & alloy bar, forging stock: NW Europe HRC £0.61–0.66/kg, Tata UK £0.62; the book's HRPO £0.77 / S355MC £0.80 are not contradicted (pickling / grade extras); no UK bar or SBQ base price found (only alloy surcharges) — held",""
"material","mat-steel-18crnimo7-6","18CrNiMo7-6 / 1.6587 (case-hardening, heavy gears)","1.87","1.87","0","£/kg","held (no contradicting evidence this round)","HR / HRPO / structural HR, carbon & alloy bar, forging stock: NW Europe HRC £0.61–0.66/kg, Tata UK £0.62; the book's HRPO £0.77 / S355MC £0.80 are not contradicted (pickling / grade extras); no UK bar or SBQ base price found (only alloy surcharges) — held",""
"material","mat-steel-16mncr5","16MnCr5 / 1.7131 (case-hardening)","1.48","1.48","0","£/kg","held (no contradicting evidence this round)","HR / HRPO / structural HR, carbon & alloy bar, forging stock: NW Europe HRC £0.61–0.66/kg, Tata UK £0.62; the book's HRPO £0.77 / S355MC £0.80 are not contradicted (pickling / grade extras); no UK bar or SBQ base price found (only alloy surcharges) — held",""
"material","mat-steel-41cr4","41Cr4 / 5140 / 1.7035 (Cr QT steel)","1.48","1.48","0","£/kg","held (no contradicting evidence this round)","HR / HRPO / structural HR, carbon & alloy bar, forging stock: NW Europe HRC £0.61–0.66/kg, Tata UK £0.62; the book's HRPO £0.77 / S355MC £0.80 are not contradicted (pickling / grade extras); no UK bar or SBQ base price found (only alloy surcharges) — held",""
"material","mat-steel-f22","ASTM A182 F22 (2.25Cr-1Mo, pressure forgings)","2.1","2.1","0","£/kg","held (no contradicting evidence this round)","HR / HRPO / structural HR, carbon & alloy bar, forging stock: NW Europe HRC £0.61–0.66/kg, Tata UK £0.62; the book's HRPO £0.77 / S355MC £0.80 are not contradicted (pickling / grade extras); no UK bar or SBQ base price found (only alloy surcharges) — held",""
"material","mat-ss420-bar","420 / 1.4021 (martensitic stainless forging bar)","3.64","3.64","0","£/kg","held (no contradicting evidence this round)","electrical steel: Only EU GOES safeguard floors (£2.41–3.01/kg; the book's GO grades sit inside) and an unspecified IMARC figure — held",""
"material","mat-ss431-bar","431 / 1.4057 (martensitic Ni stainless forging bar)","3.95","3.95","0","£/kg","held (no contradicting evidence this round)","electrical steel: Only EU GOES safeguard floors (£2.41–3.01/kg; the book's GO grades sit inside) and an unspecified IMARC figure — held",""
"material","mat-ss2205-bar","2205 / 1.4462 / F51 (duplex stainless forging bar)","6.41","6.41","0","£/kg","held (no contradicting evidence this round)","electrical steel: Only EU GOES safeguard floors (£2.41–3.01/kg; the book's GO grades sit inside) and an unspecified IMARC figure — held",""
"material","mat-al2014-forge","2014 (Al-Cu forging stock — aero and automotive)","3.59","3.59","0","£/kg","held (no contradicting evidence this round)","HR / HRPO / structural HR, carbon & alloy bar, forging stock: NW Europe HRC £0.61–0.66/kg, Tata UK £0.62; the book's HRPO £0.77 / S355MC £0.80 are not contradicted (pickling / grade extras); no UK bar or SBQ base price found (only alloy surcharges) — held",""
"material","mat-ab2-forge","CW307G / CuAl10Ni5Fe4 (nickel-aluminium bronze forging bar)","10","10","0","£/kg","held (no contradicting evidence this round)","HR / HRPO / structural HR, carbon & alloy bar, forging stock: NW Europe HRC £0.61–0.66/kg, Tata UK £0.62; the book's HRPO £0.77 / S355MC £0.80 are not contradicted (pickling / grade extras); no UK bar or SBQ base price found (only alloy surcharges) — held",""
"material","mat-cusn12-cast","CC483K / CuSn12-C (tin bronze — worm wheels, gear rims, bearings)","14.43","14.43","0","£/kg","held (no contradicting evidence this round)","HR / HRPO / structural HR, carbon & alloy bar, forging stock: NW Europe HRC £0.61–0.66/kg, Tata UK £0.62; the book's HRPO £0.77 / S355MC £0.80 are not contradicted (pickling / grade extras); no UK bar or SBQ base price found (only alloy surcharges) — held",""
"material","mat-pbt","PBT Unfilled","2.7","2.7","0","£/kg","held (no contradicting evidence this round)","Thermoplastic — not researched this round",""
"material","mat-tpe-s-im","TPE-S (SEBS) 60 Shore A — overmould grade","2.6","2.6","0","£/kg","held (no contradicting evidence this round)","Thermoplastic Elastomer — not researched this round",""
"material","mat-psu","PSU (Polysulfone)","8.5","8.5","0","£/kg","held (no contradicting evidence this round)","High-Performance Thermoplastic — not researched this round",""
"material","mat-ppsu","PPSU (Polyphenylsulfone, Radel-type)","16","16","0","£/kg","held (no contradicting evidence this round)","High-Performance Thermoplastic — not researched this round",""
"material","mat-pla","PLA (injection grade)","2.24","2.24","0","£/kg","held (no contradicting evidence this round)","Thermoplastic — not researched this round",""
"material","mat-abs-fr","ABS FR (UL94 V0)","2.01","2.01","0","£/kg","held (no contradicting evidence this round)","Thermoplastic — not researched this round",""
"material","mat-pc-gf20","PC GF20","2.37","2.37","0","£/kg","held (no contradicting evidence this round)","Thermoplastic — not researched this round",""
"material","mat-s355mc","S355MC Hot-Rolled Structural (EN 10149-2) — chassis, frames","0.8","0.8","0","£/kg","held (no contradicting evidence this round)","electrical steel: Only EU GOES safeguard floors (£2.41–3.01/kg; the book's GO grades sit inside) and an unspecified IMARC figure — held",""
"material","mat-s420mc","S420MC Hot-Rolled Structural (EN 10149-2)","0.82","0.82","0","£/kg","held (no contradicting evidence this round)","electrical steel: Only EU GOES safeguard floors (£2.41–3.01/kg; the book's GO grades sit inside) and an unspecified IMARC figure — held",""
"material","mat-aa1050-sheet","AA1050A-H14 Sheet (heat shields, reflectors)","3.01","3.01","0","£/kg","held (no contradicting evidence this round)","wrought aluminium sheet / bar / forging stock, aluminium billet: P1020 duty-paid Rotterdam £2.79/kg; the book's wrought grades are above it; conversion premiums not found; 6063 billet £3.27 v LME + billet premium £3.20 — consistent; held",""
"material","mat-steel-en3-bar","EN3B / 1020 / S235 Bright Mild Steel Bar","0.94","0.94","0","£/kg","held (no contradicting evidence this round)","HR / HRPO / structural HR, carbon & alloy bar, forging stock: NW Europe HRC £0.61–0.66/kg, Tata UK £0.62; the book's HRPO £0.77 / S355MC £0.80 are not contradicted (pickling / grade extras); no UK bar or SBQ base price found (only alloy surcharges) — held",""
"material","mat-steel-11smnpb30","11SMnPb30 / 12L14 Free-Cutting Steel Bar","1.17","1.17","0","£/kg","held (no contradicting evidence this round)","HR / HRPO / structural HR, carbon & alloy bar, forging stock: NW Europe HRC £0.61–0.66/kg, Tata UK £0.62; the book's HRPO £0.77 / S355MC £0.80 are not contradicted (pickling / grade extras); no UK bar or SBQ base price found (only alloy surcharges) — held",""
"material","mat-al7075-bar","7075-T6 Aluminium Bar (aerospace, tooling)","4.85","4.85","0","£/kg","held (no contradicting evidence this round)","wrought aluminium sheet / bar / forging stock, aluminium billet: P1020 duty-paid Rotterdam £2.79/kg; the book's wrought grades are above it; conversion premiums not found; 6063 billet £3.27 v LME + billet premium £3.20 — consistent; held",""
"material","mat-ss416-bar","416 / 1.4005 Free-Machining Martensitic Stainless Bar","3.93","3.93","0","£/kg","held (no contradicting evidence this round)","electrical steel: Only EU GOES safeguard floors (£2.41–3.01/kg; the book's GO grades sit inside) and an unspecified IMARC figure — held",""
"material","mat-al6082-forge","6082 (Al Forging Stock)","3.24","3.24","0","£/kg","held (no contradicting evidence this round)","HR / HRPO / structural HR, carbon & alloy bar, forging stock: NW Europe HRC £0.61–0.66/kg, Tata UK £0.62; the book's HRPO £0.77 / S355MC £0.80 are not contradicted (pickling / grade extras); no UK bar or SBQ base price found (only alloy surcharges) — held",""
"material","mat-al7075-forge","7075 (Al Forging Stock)","4.6","4.6","0","£/kg","held (no contradicting evidence this round)","HR / HRPO / structural HR, carbon & alloy bar, forging stock: NW Europe HRC £0.61–0.66/kg, Tata UK £0.62; the book's HRPO £0.77 / S355MC £0.80 are not contradicted (pickling / grade extras); no UK bar or SBQ base price found (only alloy surcharges) — held",""
"material","mat-al2618-forge","2618 (Al-Cu Piston/Aero)","5.18","5.18","0","£/kg","held (no contradicting evidence this round)","HR / HRPO / structural HR, carbon & alloy bar, forging stock: NW Europe HRC £0.61–0.66/kg, Tata UK £0.62; the book's HRPO £0.77 / S355MC £0.80 are not contradicted (pickling / grade extras); no UK bar or SBQ base price found (only alloy surcharges) — held",""
"material","mat-ti-cp-gr2","CP Titanium Grade 2 (Forging Bar)","25.59","25.59","0","£/kg","held (no contradicting evidence this round)","HR / HRPO / structural HR, carbon & alloy bar, forging stock: NW Europe HRC £0.61–0.66/kg, Tata UK £0.62; the book's HRPO £0.77 / S355MC £0.80 are not contradicted (pickling / grade extras); no UK bar or SBQ base price found (only alloy surcharges) — held",""
"material","mat-ti-6al4v-forge","Ti-6Al-4V Grade 5 (Forging Bar)","37.63","37.63","0","£/kg","held (no contradicting evidence this round)","HR / HRPO / structural HR, carbon & alloy bar, forging stock: NW Europe HRC £0.61–0.66/kg, Tata UK £0.62; the book's HRPO £0.77 / S355MC £0.80 are not contradicted (pickling / grade extras); no UK bar or SBQ base price found (only alloy surcharges) — held",""
"material","mat-inconel718-forge","Inconel 718 (Forging Bar)","44.04","44.04","0","£/kg","held (no contradicting evidence this round)","HR / HRPO / structural HR, carbon & alloy bar, forging stock: NW Europe HRC £0.61–0.66/kg, Tata UK £0.62; the book's HRPO £0.77 / S355MC £0.80 are not contradicted (pickling / grade extras); no UK bar or SBQ base price found (only alloy surcharges) — held",""
"material","mat-waspaloy-forge","Waspaloy (Forging Bar)","70.04","70.04","0","£/kg","held (no contradicting evidence this round)","HR / HRPO / structural HR, carbon & alloy bar, forging stock: NW Europe HRC £0.61–0.66/kg, Tata UK £0.62; the book's HRPO £0.77 / S355MC £0.80 are not contradicted (pickling / grade extras); no UK bar or SBQ base price found (only alloy surcharges) — held",""
"material","mat-inconel625-forge","Inconel 625 (Forging Bar)","38.05","38.05","0","£/kg","held (no contradicting evidence this round)","HR / HRPO / structural HR, carbon & alloy bar, forging stock: NW Europe HRC £0.61–0.66/kg, Tata UK £0.62; the book's HRPO £0.77 / S355MC £0.80 are not contradicted (pickling / grade extras); no UK bar or SBQ base price found (only alloy surcharges) — held",""
"material","mat-hastelloy-c276-forge","Hastelloy C-276 (Forging Bar)","55.04","55.04","0","£/kg","held (no contradicting evidence this round)","HR / HRPO / structural HR, carbon & alloy bar, forging stock: NW Europe HRC £0.61–0.66/kg, Tata UK £0.62; the book's HRPO £0.77 / S355MC £0.80 are not contradicted (pickling / grade extras); no UK bar or SBQ base price found (only alloy surcharges) — held",""
"material","mat-monel400-forge","Monel 400 (Forging Bar)","28.27","28.27","0","£/kg","held (no contradicting evidence this round)","HR / HRPO / structural HR, carbon & alloy bar, forging stock: NW Europe HRC £0.61–0.66/kg, Tata UK £0.62; the book's HRPO £0.77 / S355MC £0.80 are not contradicted (pickling / grade extras); no UK bar or SBQ base price found (only alloy surcharges) — held",""
"material","mat-ti-6242-forge","Ti-6Al-2Sn-4Zr-2Mo (Forging Bar)","51.65","51.65","0","£/kg","held (no contradicting evidence this round)","HR / HRPO / structural HR, carbon & alloy bar, forging stock: NW Europe HRC £0.61–0.66/kg, Tata UK £0.62; the book's HRPO £0.77 / S355MC £0.80 are not contradicted (pickling / grade extras); no UK bar or SBQ base price found (only alloy surcharges) — held",""
"material","mat-al7050-forge","7050 (Al-Zn Aero Forging Stock)","8.5","8.5","0","£/kg","held (no contradicting evidence this round)","HR / HRPO / structural HR, carbon & alloy bar, forging stock: NW Europe HRC £0.61–0.66/kg, Tata UK £0.62; the book's HRPO £0.77 / S355MC £0.80 are not contradicted (pickling / grade extras); no UK bar or SBQ base price found (only alloy surcharges) — held",""
"material","mat-mg-az31-forge","AZ31B (Mg Forging Bar)","6.31","6.31","0","£/kg","held (no contradicting evidence this round)","HR / HRPO / structural HR, carbon & alloy bar, forging stock: NW Europe HRC £0.61–0.66/kg, Tata UK £0.62; the book's HRPO £0.77 / S355MC £0.80 are not contradicted (pickling / grade extras); no UK bar or SBQ base price found (only alloy surcharges) — held",""
"material","mat-paint-ecoat","E-coat (Cathodic)","3.68","3.68","0","£/kg","held (no contradicting evidence this round)","filled / FR compounds, rubber compounds, composites, paint, masterbatch: No European compound / paint / composite price found — held",""
"material","mat-paint-primer","2K Primer","6.1","6.1","0","£/kg","held (no contradicting evidence this round)","filled / FR compounds, rubber compounds, composites, paint, masterbatch: No European compound / paint / composite price found — held",""
"material","mat-paint-basecoat","Waterborne Basecoat","8.62","8.62","0","£/kg","held (no contradicting evidence this round)","filled / FR compounds, rubber compounds, composites, paint, masterbatch: No European compound / paint / composite price found — held",""
"material","mat-paint-clearcoat","2K Clearcoat","9.98","9.98","0","£/kg","held (no contradicting evidence this round)","filled / FR compounds, rubber compounds, composites, paint, masterbatch: No European compound / paint / composite price found — held",""
"material","mat-paint-powder","Powder Coat (Polyester)","3.36","3.36","0","£/kg","held (no contradicting evidence this round)","filled / FR compounds, rubber compounds, composites, paint, masterbatch: No European compound / paint / composite price found — held",""
"material","mat-paint-1k-primer","1K Etch Primer","5.4","5.4","0","£/kg","held (no contradicting evidence this round)","filled / FR compounds, rubber compounds, composites, paint, masterbatch: No European compound / paint / composite price found — held",""
"material","mat-paint-sb-basecoat","Solventborne Basecoat","9.2","9.2","0","£/kg","held (no contradicting evidence this round)","filled / FR compounds, rubber compounds, composites, paint, masterbatch: No European compound / paint / composite price found — held",""
"material","mat-paint-uv-clear","UV-Cure Clearcoat","14.5","14.5","0","£/kg","held (no contradicting evidence this round)","filled / FR compounds, rubber compounds, composites, paint, masterbatch: No European compound / paint / composite price found — held",""
"material","mat-paint-pvc-underbody","PVC Underbody / Anti-Chip Sealer","2.57","2.57","0","£/kg","held (no contradicting evidence this round)","filled / FR compounds, rubber compounds, composites, paint, masterbatch: No European compound / paint / composite price found — held",""
"material","mat-pp-bm","PP Blow Grade (MFI 1.0, random co-polymer)","1.11","1.11","0","£/kg","held (no contradicting evidence this round)","Blow Moulding — not researched this round",""
"material","mat-petg-bm","PETG Clear Blow Grade","2.18","2.18","0","£/kg","held (no contradicting evidence this round)","Blow Moulding — not researched this round",""
"material","mat-tpe-bm","TPE Blow Grade 40 Shore A","2.48","2.48","0","£/kg","held (no contradicting evidence this round)","Blow Moulding — not researched this round",""
"material","mat-eva-bm","EVA Blow Grade (14% VA)","1.85","1.85","0","£/kg","held (no contradicting evidence this round)","Blow Moulding — not researched this round",""
"material","mat-hdpe-bm","HDPE Blow Grade (jerry can / drum)","1.14","1.14","0","£/kg","held (no contradicting evidence this round)","Blow Moulding — not researched this round",""
"material","mat-hdpe-fuel-coex","HDPE Coex Fuel-Tank Grade (6-layer/EVOH)","1.54","1.54","0","£/kg","held (no contradicting evidence this round)","Blow Moulding — not researched this round",""
"material","mat-pa6-bm","PA6 Blow Grade (charge-air / ducts)","3.1","3.1","0","£/kg","held (no contradicting evidence this round)","Blow Moulding — not researched this round",""
"material","mat-pc-bm","PC Blow Grade (clear/impact)","3.9","3.9","0","£/kg","held (no contradicting evidence this round)","Blow Moulding — not researched this round",""
"material","mat-ldpe-bm","LDPE Blow Grade","1.2","1.2","0","£/kg","held (no contradicting evidence this round)","Blow Moulding — not researched this round",""
"material","mat-lldpe-bm","LLDPE Blow Grade","1.17","1.17","0","£/kg","held (no contradicting evidence this round)","Blow Moulding — not researched this round",""
"material","mat-pet-preform","PET Stretch-Blow Bottle Grade","1.25","1.25","0","£/kg","held (no contradicting evidence this round)","Blow Moulding — not researched this round",""
"material","mat-tritan-bm","Tritan Copolyester (BPA-free clear)","6.5","6.5","0","£/kg","held (no contradicting evidence this round)","Blow Moulding — not researched this round",""
"material","mat-biope-bm","Bio-PE Blow Grade (sugarcane HDPE)","2.2","2.2","0","£/kg","held (no contradicting evidence this round)","Blow Moulding — not researched this round",""
"material","mat-rhdpe-bm","Recycled HDPE Blow Grade (PCR)","0.94","0.94","0","£/kg","held (no contradicting evidence this round)","Blow Moulding — not researched this round",""
"material","mat-rpp-bm","Recycled PP Blow Grade (PCR)","0.92","0.92","0","£/kg","held (no contradicting evidence this round)","Blow Moulding — not researched this round",""
"material","mat-pe100-pipe","PE100 Pipe Grade (black, PE4710)","1.34","1.34","0","£/kg","held (no contradicting evidence this round)","Extrusion — not researched this round",""
"material","mat-pe80-pipe","PE80 Pipe Grade","1.27","1.27","0","£/kg","held (no contradicting evidence this round)","Extrusion — not researched this round",""
"material","mat-pvc-cable","PVC Cable Compound (flexible, insulation)","1.3","1.3","0","£/kg","held (no contradicting evidence this round)","Extrusion — not researched this round",""
"material","mat-xlpe-cable","XLPE Cable Insulation Compound","2.32","2.32","0","£/kg","held (no contradicting evidence this round)","Extrusion — not researched this round",""
"material","mat-gpps-ext","GPPS Extrusion Sheet Grade","1.67","1.67","0","£/kg","held (no contradicting evidence this round)","Extrusion — not researched this round",""
"material","mat-abs-ext-sheet","ABS Extrusion Sheet Grade","1.79","1.79","0","£/kg","held (no contradicting evidence this round)","Extrusion — not researched this round",""
"material","mat-pmma-ext-sheet","PMMA Extrusion Sheet (acrylic)","2.6","2.6","0","£/kg","held (no contradicting evidence this round)","Extrusion — not researched this round",""
"material","mat-pc-ext-sheet","PC Extrusion/Solid Sheet Grade","3.2","3.2","0","£/kg","held (no contradicting evidence this round)","Extrusion — not researched this round",""
"material","mat-pvc-medical-tube","Medical PVC Tubing Compound (DEHP-free)","1.9","1.9","0","£/kg","held (no contradicting evidence this round)","Extrusion — not researched this round",""
"material","mat-tpu-medical-tube","Medical TPU Tubing (85A)","6.5","6.5","0","£/kg","held (no contradicting evidence this round)","Extrusion — not researched this round",""
"material","mat-tpe-profile","TPE-S Extrusion Profile (60 Shore A)","2.4","2.4","0","£/kg","held (no contradicting evidence this round)","Extrusion — not researched this round",""
"material","mat-pvc-foam","Rigid PVC Foam (Celuka) Profile","1.08","1.08","0","£/kg","held (no contradicting evidence this round)","Extrusion — not researched this round",""
"material","mat-pp-ext-sheet","PP Extrusion Sheet Grade","1.18","1.18","0","£/kg","held (no contradicting evidence this round)","Extrusion — not researched this round",""
"material","mat-pa12-ext-tube","PA12 Extrusion (fuel/brake line tube)","6.2","6.2","0","£/kg","held (no contradicting evidence this round)","Extrusion — not researched this round",""
"material","mat-upvc-window-profile","PVC-U Window Profile Compound (impact-modified, Ca-Zn)","1.29","1.29","0","£/kg","held (no contradicting evidence this round)","Extrusion — not researched this round",""
"material","mat-pvcp-profile","PVC-P Flexible Profile / Seal Compound (70 Shore A)","1.54","1.54","0","£/kg","held (no contradicting evidence this round)","Extrusion — not researched this round",""
"material","mat-ppr-pipe","PP-R Pipe Grade (random copolymer, hot & cold water)","1.17","1.17","0","£/kg","held (no contradicting evidence this round)","Extrusion — not researched this round",""
"material","mat-pex-pipe","PE-Xb Crosslinkable Pipe Compound (silane, Monosil)","1.61","1.61","0","£/kg","held (no contradicting evidence this round)","Extrusion — not researched this round",""
"material","mat-pa11-tube","PA11 Tube Grade (Rilsan-type, bio-based)","6.32","6.32","0","£/kg","held (no contradicting evidence this round)","Extrusion — not researched this round",""
"material","mat-pvdf-ext","PVDF Extrusion Grade (homopolymer)","9.03","9.03","0","£/kg","held (no contradicting evidence this round)","Extrusion — not researched this round",""
"material","mat-tpv-profile","TPV Extrusion Profile (EPDM/PP, automotive weatherseal)","3.21","3.21","0","£/kg","held (no contradicting evidence this round)","Extrusion — not researched this round",""
"material","mat-pom-rod","POM Extrusion Grade (rod / tube stock shapes)","2.32","2.32","0","£/kg","held (no contradicting evidence this round)","Extrusion — not researched this round",""
"material","mat-hdpe-profile","HDPE Extrusion Grade (profile / tube / conduit)","1.05","1.05","0","£/kg","held (no contradicting evidence this round)","Extrusion — not researched this round",""
"material","mat-ldpe-tube","LDPE Extrusion Grade (soft tube, cable sheath)","1.09","1.09","0","£/kg","held (no contradicting evidence this round)","Extrusion — not researched this round",""
"material","mat-tpu-ext-hose","TPU Extrusion Grade (85A, hose and tube)","2.52","2.52","0","£/kg","held (no contradicting evidence this round)","Extrusion — not researched this round",""
"material","mat-peek-ext","PEEK Extrusion Grade (tube, rod, film)","76","76","0","£/kg","held (no contradicting evidence this round)","Extrusion — not researched this round",""
"material","mat-asa-capstock","ASA Capstock Grade (co-extruded weather layer)","2.24","2.24","0","£/kg","held (no contradicting evidence this round)","Extrusion — not researched this round",""
"material","mat-mb-colour","Colour Masterbatch (universal)","4.63","4.63","0","£/kg","held (no contradicting evidence this round)","filled / FR compounds, rubber compounds, composites, paint, masterbatch: No European compound / paint / composite price found — held",""
"material","mat-mb-white-tio2","White Masterbatch (70% TiO₂)","3.29","3.29","0","£/kg","held (no contradicting evidence this round)","filled / FR compounds, rubber compounds, composites, paint, masterbatch: No European compound / paint / composite price found — held",""
"material","mat-mb-black","Black Masterbatch (40% carbon)","2.23","2.23","0","£/kg","held (no contradicting evidence this round)","filled / FR compounds, rubber compounds, composites, paint, masterbatch: No European compound / paint / composite price found — held",""
"material","mat-add-uv","UV Stabiliser Masterbatch (HALS)","6.8","6.8","0","£/kg","held (no contradicting evidence this round)","filled / FR compounds, rubber compounds, composites, paint, masterbatch: No European compound / paint / composite price found — held",""
"material","mat-add-antistat","Anti-Static Additive Masterbatch","5.5","5.5","0","£/kg","held (no contradicting evidence this round)","filled / FR compounds, rubber compounds, composites, paint, masterbatch: No European compound / paint / composite price found — held",""
"material","mat-add-fr","Flame-Retardant Masterbatch (halogen-free)","4.2","4.2","0","£/kg","held (no contradicting evidence this round)","filled / FR compounds, rubber compounds, composites, paint, masterbatch: No European compound / paint / composite price found — held",""
"material","mat-add-impact","Impact Modifier (acrylic/CPE)","3.1","3.1","0","£/kg","held (no contradicting evidence this round)","filled / FR compounds, rubber compounds, composites, paint, masterbatch: No European compound / paint / composite price found — held",""
"material","mat-add-procaid","Processing Aid (fluoropolymer PPA)","8.5","8.5","0","£/kg","held (no contradicting evidence this round)","filled / FR compounds, rubber compounds, composites, paint, masterbatch: No European compound / paint / composite price found — held",""
"material","mat-hips-tf","HIPS Thermoforming Sheet","1.45","1.45","0","£/kg","held (no contradicting evidence this round)","wrought aluminium sheet / bar / forging stock, aluminium billet: P1020 duty-paid Rotterdam £2.79/kg; the book's wrought grades are above it; conversion premiums not found; 6063 billet £3.27 v LME + billet premium £3.20 — consistent; held",""
"material","mat-abs-tf","ABS Thermoforming Sheet","1.94","1.94","0","£/kg","held (no contradicting evidence this round)","wrought aluminium sheet / bar / forging stock, aluminium billet: P1020 duty-paid Rotterdam £2.79/kg; the book's wrought grades are above it; conversion premiums not found; 6063 billet £3.27 v LME + billet premium £3.20 — consistent; held",""
"material","mat-petg-tf","PETG Thermoforming Sheet (clear)","1.85","1.85","0","£/kg","held (no contradicting evidence this round)","wrought aluminium sheet / bar / forging stock, aluminium billet: P1020 duty-paid Rotterdam £2.79/kg; the book's wrought grades are above it; conversion premiums not found; 6063 billet £3.27 v LME + billet premium £3.20 — consistent; held",""
"material","mat-apet-tf","APET Sheet (amorphous, food pack)","1.55","1.55","0","£/kg","held (no contradicting evidence this round)","wrought aluminium sheet / bar / forging stock, aluminium billet: P1020 duty-paid Rotterdam £2.79/kg; the book's wrought grades are above it; conversion premiums not found; 6063 billet £3.27 v LME + billet premium £3.20 — consistent; held",""
"material","mat-cpet-tf","CPET Sheet (crystalline, dual-ovenable)","1.75","1.75","0","£/kg","held (no contradicting evidence this round)","wrought aluminium sheet / bar / forging stock, aluminium billet: P1020 duty-paid Rotterdam £2.79/kg; the book's wrought grades are above it; conversion premiums not found; 6063 billet £3.27 v LME + billet premium £3.20 — consistent; held",""
"material","mat-rpvc-tf","Rigid PVC Thermoforming Sheet","1.28","1.28","0","£/kg","held (no contradicting evidence this round)","wrought aluminium sheet / bar / forging stock, aluminium billet: P1020 duty-paid Rotterdam £2.79/kg; the book's wrought grades are above it; conversion premiums not found; 6063 billet £3.27 v LME + billet premium £3.20 — consistent; held",""
"material","mat-pp-tf","PP Thermoforming Sheet (HMS)","1.33","1.33","0","£/kg","held (no contradicting evidence this round)","wrought aluminium sheet / bar / forging stock, aluminium billet: P1020 duty-paid Rotterdam £2.79/kg; the book's wrought grades are above it; conversion premiums not found; 6063 billet £3.27 v LME + billet premium £3.20 — consistent; held",""
"material","mat-hdpe-tf","HDPE Thermoforming Sheet","1.24","1.24","0","£/kg","held (no contradicting evidence this round)","wrought aluminium sheet / bar / forging stock, aluminium billet: P1020 duty-paid Rotterdam £2.79/kg; the book's wrought grades are above it; conversion premiums not found; 6063 billet £3.27 v LME + billet premium £3.20 — consistent; held",""
"material","mat-ldpe-tf","LDPE Thermoforming Sheet","1.52","1.52","0","£/kg","held (no contradicting evidence this round)","wrought aluminium sheet / bar / forging stock, aluminium billet: P1020 duty-paid Rotterdam £2.79/kg; the book's wrought grades are above it; conversion premiums not found; 6063 billet £3.27 v LME + billet premium £3.20 — consistent; held",""
"material","mat-ps-foam-tf","PS Foam Sheet (foamed tray stock)","1.97","1.97","0","£/kg","held (no contradicting evidence this round)","wrought aluminium sheet / bar / forging stock, aluminium billet: P1020 duty-paid Rotterdam £2.79/kg; the book's wrought grades are above it; conversion premiums not found; 6063 billet £3.27 v LME + billet premium £3.20 — consistent; held",""
"material","mat-pmma-tf","PMMA / Acrylic Sheet (cast/extruded)","2.9","2.9","0","£/kg","held (no contradicting evidence this round)","wrought aluminium sheet / bar / forging stock, aluminium billet: P1020 duty-paid Rotterdam £2.79/kg; the book's wrought grades are above it; conversion premiums not found; 6063 billet £3.27 v LME + billet premium £3.20 — consistent; held",""
"material","mat-pc-tf","PC Thermoforming Sheet","3.4","3.4","0","£/kg","held (no contradicting evidence this round)","wrought aluminium sheet / bar / forging stock, aluminium billet: P1020 duty-paid Rotterdam £2.79/kg; the book's wrought grades are above it; conversion premiums not found; 6063 billet £3.27 v LME + billet premium £3.20 — consistent; held",""
"material","mat-pei-tf","PEI (Ultem) Sheet (aerospace)","28","28","0","£/kg","held (no contradicting evidence this round)","wrought aluminium sheet / bar / forging stock, aluminium billet: P1020 duty-paid Rotterdam £2.79/kg; the book's wrought grades are above it; conversion premiums not found; 6063 billet £3.27 v LME + billet premium £3.20 — consistent; held",""
"material","mat-pps-tf","PPS Sheet (high-temp)","14","14","0","£/kg","held (no contradicting evidence this round)","wrought aluminium sheet / bar / forging stock, aluminium billet: P1020 duty-paid Rotterdam £2.79/kg; the book's wrought grades are above it; conversion premiums not found; 6063 billet £3.27 v LME + billet premium £3.20 — consistent; held",""
"material","mat-abs-pmma-tf","ABS/PMMA Co-ex Sheet (capped)","2.56","2.56","0","£/kg","held (no contradicting evidence this round)","wrought aluminium sheet / bar / forging stock, aluminium billet: P1020 duty-paid Rotterdam £2.79/kg; the book's wrought grades are above it; conversion premiums not found; 6063 billet £3.27 v LME + billet premium £3.20 — consistent; held",""
"material","mat-abs-pc-tf","ABS/PC Co-ex Sheet","3.07","3.07","0","£/kg","held (no contradicting evidence this round)","wrought aluminium sheet / bar / forging stock, aluminium billet: P1020 duty-paid Rotterdam £2.79/kg; the book's wrought grades are above it; conversion premiums not found; 6063 billet £3.27 v LME + billet premium £3.20 — consistent; held",""
"material","mat-pp-tpo-tf","PP/TPO Automotive Sheet","1.92","1.92","0","£/kg","held (no contradicting evidence this round)","wrought aluminium sheet / bar / forging stock, aluminium billet: P1020 duty-paid Rotterdam £2.79/kg; the book's wrought grades are above it; conversion premiums not found; 6063 billet £3.27 v LME + billet premium £3.20 — consistent; held",""
"material","mat-petg-barrier-tf","PETG/EVOH Barrier Sheet","2.4","2.4","0","£/kg","held (no contradicting evidence this round)","wrought aluminium sheet / bar / forging stock, aluminium billet: P1020 duty-paid Rotterdam £2.79/kg; the book's wrought grades are above it; conversion premiums not found; 6063 billet £3.27 v LME + billet premium £3.20 — consistent; held",""
"material","mat-lldpe-roto","LLDPE Roto Powder (natural)","1.47","1.47","0","£/kg","held (no contradicting evidence this round)","Rotational Moulding — not researched this round",""
"material","mat-hdpe-roto","HDPE Roto Powder","1.29","1.29","0","£/kg","held (no contradicting evidence this round)","Rotational Moulding — not researched this round",""
"material","mat-pp-roto","PP Roto Powder","1.48","1.48","0","£/kg","held (no contradicting evidence this round)","Rotational Moulding — not researched this round",""
"material","mat-xlpe-roto","Cross-Linked PE (XLPE) Roto","1.74","1.74","0","£/kg","held (no contradicting evidence this round)","Rotational Moulding — not researched this round",""
"material","mat-pa12-roto","PA12 Roto Powder","9.5","9.5","0","£/kg","held (no contradicting evidence this round)","Rotational Moulding — not researched this round",""
"material","mat-fr-pe-roto","Flame-Retardant PE Roto","2.68","2.68","0","£/kg","held (no contradicting evidence this round)","Rotational Moulding — not researched this round",""
"material","mat-foam-pe-roto","Foamable PE Roto (structural foam core)","1.99","1.99","0","£/kg","held (no contradicting evidence this round)","Rotational Moulding — not researched this round",""
"material","mat-cond-pe-roto","Conductive/Antistatic PE Roto","2.49","2.49","0","£/kg","held (no contradicting evidence this round)","Rotational Moulding — not researched this round",""
"material","mat-rpe-roto","Recycled PE Roto Powder","0.94","0.94","0","£/kg","held (no contradicting evidence this round)","Rotational Moulding — not researched this round",""
"material","mat-epdm","EPDM 70 Shore A","1.9","1.9","0","£/kg","held (no contradicting evidence this round)","filled / FR compounds, rubber compounds, composites, paint, masterbatch: No European compound / paint / composite price found — held",""
"material","mat-nbr","NBR 70 Shore A","2.32","2.32","0","£/kg","held (no contradicting evidence this round)","filled / FR compounds, rubber compounds, composites, paint, masterbatch: No European compound / paint / composite price found — held",""
"material","mat-silicone-hcr","HCR Silicone 60 Shore A","8.92","8.92","0","£/kg","held (no contradicting evidence this round)","filled / FR compounds, rubber compounds, composites, paint, masterbatch: No European compound / paint / composite price found — held",""
"material","mat-lsr","LSR 40 Shore A","15.75","15.75","0","£/kg","held (no contradicting evidence this round)","filled / FR compounds, rubber compounds, composites, paint, masterbatch: No European compound / paint / composite price found — held",""
"material","mat-viton-fkm","FKM Viton 75 Shore A","23.1","23.1","0","£/kg","held (no contradicting evidence this round)","filled / FR compounds, rubber compounds, composites, paint, masterbatch: No European compound / paint / composite price found — held",""
"material","mat-sbr","SBR 65 Shore A","1.45","1.45","0","£/kg","held (no contradicting evidence this round)","filled / FR compounds, rubber compounds, composites, paint, masterbatch: No European compound / paint / composite price found — held",""
"material","mat-cr","CR Neoprene 60 Shore A","3.87","3.87","0","£/kg","held (no contradicting evidence this round)","filled / FR compounds, rubber compounds, composites, paint, masterbatch: No European compound / paint / composite price found — held",""
"material","mat-hnbr","HNBR 70 Shore A","5.65","5.65","0","£/kg","held (no contradicting evidence this round)","filled / FR compounds, rubber compounds, composites, paint, masterbatch: No European compound / paint / composite price found — held",""
"material","mat-iir","Butyl Rubber IIR 55 Shore A","2.18","2.18","0","£/kg","held (no contradicting evidence this round)","filled / FR compounds, rubber compounds, composites, paint, masterbatch: No European compound / paint / composite price found — held",""
"material","mat-pu-elastomer","Polyurethane Elastomer 70 Shore A","4.25","4.25","0","£/kg","held (no contradicting evidence this round)","filled / FR compounds, rubber compounds, composites, paint, masterbatch: No European compound / paint / composite price found — held",""
"material","mat-fvmq","FVMQ Fluorosilicone 60 Shore A","34","34","0","£/kg","held (no contradicting evidence this round)","filled / FR compounds, rubber compounds, composites, paint, masterbatch: No European compound / paint / composite price found — held",""
"material","mat-acm","ACM Polyacrylate 70 Shore A","6.8","6.8","0","£/kg","held (no contradicting evidence this round)","filled / FR compounds, rubber compounds, composites, paint, masterbatch: No European compound / paint / composite price found — held",""
"material","mat-aem","AEM (Vamac) 60 Shore A","9.5","9.5","0","£/kg","held (no contradicting evidence this round)","filled / FR compounds, rubber compounds, composites, paint, masterbatch: No European compound / paint / composite price found — held",""
"material","mat-eco","ECO Epichlorohydrin 65 Shore A","5.9","5.9","0","£/kg","held (no contradicting evidence this round)","filled / FR compounds, rubber compounds, composites, paint, masterbatch: No European compound / paint / composite price found — held",""
"material","mat-csm","CSM Hypalon 65 Shore A","6.2","6.2","0","£/kg","held (no contradicting evidence this round)","filled / FR compounds, rubber compounds, composites, paint, masterbatch: No European compound / paint / composite price found — held",""
"material","mat-br","BR Polybutadiene (high-cis) 60 Shore A","1.75","1.75","0","£/kg","held (no contradicting evidence this round)","filled / FR compounds, rubber compounds, composites, paint, masterbatch: No European compound / paint / composite price found — held",""
"material","mat-bromobutyl","Bromobutyl (BIIR) 50 Shore A","2.85","2.85","0","£/kg","held (no contradicting evidence this round)","filled / FR compounds, rubber compounds, composites, paint, masterbatch: No European compound / paint / composite price found — held",""
"material","mat-chlorobutyl","Chlorobutyl (CIIR) 55 Shore A","2.75","2.75","0","£/kg","held (no contradicting evidence this round)","filled / FR compounds, rubber compounds, composites, paint, masterbatch: No European compound / paint / composite price found — held",""
"material","mat-ffkm","FFKM Perfluoroelastomer (Kalrez-type) 75 Shore A","320","320","0","£/kg","held (no contradicting evidence this round)","filled / FR compounds, rubber compounds, composites, paint, masterbatch: No European compound / paint / composite price found — held",""
"material","mat-nbr-high-acn","NBR High-ACN (fuel) 75 Shore A","2.55","2.55","0","£/kg","held (no contradicting evidence this round)","filled / FR compounds, rubber compounds, composites, paint, masterbatch: No European compound / paint / composite price found — held",""
"material","mat-epdm-peroxide","EPDM Peroxide-Cured 70 Shore A","2.15","2.15","0","£/kg","held (no contradicting evidence this round)","filled / FR compounds, rubber compounds, composites, paint, masterbatch: No European compound / paint / composite price found — held",""
"material","mat-silicone-medical","LSR Medical-Grade 30 Shore A","16.5","16.5","0","£/kg","held (no contradicting evidence this round)","filled / FR compounds, rubber compounds, composites, paint, masterbatch: No European compound / paint / composite price found — held",""
"material","mat-cfrp-prepreg-t700","T700 CF/Epoxy Prepreg (125°C cure)","33.6","33.6","0","£/kg","held (no contradicting evidence this round)","Composite — not researched this round",""
"material","mat-gfrp-prepreg-e","E-glass/Epoxy Prepreg (120°C cure)","7.88","7.88","0","£/kg","held (no contradicting evidence this round)","Composite — not researched this round",""
"material","mat-cf-dry-3k","Carbon Fibre 3K Twill Dry Fabric","25.2","25.2","0","£/kg","held (no contradicting evidence this round)","Composite — not researched this round",""
"material","mat-gf-dry-e","E-glass Woven Dry Fabric (600 g/m²)","3.99","3.99","0","£/kg","held (no contradicting evidence this round)","Composite — not researched this round",""
"material","mat-epoxy-infusion","Epoxy Infusion Resin System (LT cure)","13.65","13.65","0","£/kg","held (no contradicting evidence this round)","Composite — not researched this round",""
"material","mat-vinylester-rtm","Vinyl Ester RTM Resin","5.46","5.46","0","£/kg","held (no contradicting evidence this round)","Composite — not researched this round",""
"material","mat-aramid-k49","Aramid (Kevlar 49) Woven Fabric","31.5","31.5","0","£/kg","held (no contradicting evidence this round)","Composite — not researched this round",""
"material","mat-cf-uni-t800","T800 Unidirectional CF/Epoxy Prepreg","46","46","0","£/kg","held (no contradicting evidence this round)","Composite — not researched this round",""
"material","mat-smc-gf","SMC (Glass-Filled Sheet Moulding Compound)","2.85","2.85","0","£/kg","held (no contradicting evidence this round)","Composite — not researched this round",""
"material","mat-bmc","BMC (Bulk Moulding Compound)","3.1","3.1","0","£/kg","held (no contradicting evidence this round)","Composite — not researched this round",""
"material","mat-csm-gf","E-glass Chopped Strand Mat (450 g/m²)","3.2","3.2","0","£/kg","held (no contradicting evidence this round)","Composite — not researched this round",""
"material","mat-cf-peek-organo","CF/PEEK Organosheet (Thermoplastic)","62","62","0","£/kg","held (no contradicting evidence this round)","Composite — not researched this round",""
"material","mat-nomex-honeycomb","Nomex Honeycomb Core","42","42","0","£/kg","held (no contradicting evidence this round)","Composite — not researched this round",""
"material","mat-pet-foam-core","PET Structural Foam Core","9.5","9.5","0","£/kg","held (no contradicting evidence this round)","Composite — not researched this round",""
"labour","lab-uk-skilled","Skilled Machinist","26.19","27.95","6.72","£/h fully loaded","updated","17.45 × 2028 h × 1.18 shift = £41,759 gross; + NIC 15% × (gross − 5,000) £5,514 + pension 5% £2,088 + levy 0.5% £209 = £49,569/yr ÷ 1773.4 productive h = £27.95/h","https://www.aspion.co.uk/blog/cnc-machinist-salary-uk-2026-what-operators-setters-programmers-earn-by-region-208 ; https://uk.indeed.com/career/cnc-operator/salaries ; https://careermetrics.co.uk/occupation/5241-electricians-and-electrical-fitters/"
"labour","lab-uk-semiskilled","Semi-skilled Operator","19.94","24.65","23.62","£/h fully loaded","updated","15.42 × 2028 h × 1.18 shift = £36,901 gross; + NIC 15% × (gross − 5,000) £4,785 + pension 5% £1,845 + levy 0.5% £185 = £43,715/yr ÷ 1773.4 productive h = £24.65/h","https://huntukvisasponsors.com/uk-visa-occupation-eligibility/8120-metal-working-machine-operatives"
"labour","lab-uk-engineer","Process Engineer","42.8","33.27","-22.27","£/h fully loaded","updated","24.46 × 1950 h = £47,697 gross; + NIC 15% × (gross − 5,000) £6,405 + pension 5% £2,385 + levy 0.5% £238 = £56,725/yr ÷ 1705.2 productive h = £33.27/h","https://huntukvisasponsors.com/uk-visa-occupation-eligibility/2125-production-and-process-engineers"
"labour","lab-uk-foundry","Foundry Operative","18.63","24.6","32.05","£/h fully loaded","updated","15.39 × 2028 h × 1.18 shift = £36,829 gross; + NIC 15% × (gross − 5,000) £4,774 + pension 5% £1,841 + levy 0.5% £184 = £43,629/yr ÷ 1773.4 productive h = £24.6/h","https://huntukvisasponsors.com/uk-visa-occupation-eligibility/8115-metal-making-and-treating-process-operatives"
"labour","lab-uk-inspector","CMM / Quality Inspector","27.7","28.03","1.19","£/h fully loaded","updated","17.5 × 2028 h × 1.18 shift = £41,878 gross; + NIC 15% × (gross − 5,000) £5,532 + pension 5% £2,094 + levy 0.5% £209 = £49,713/yr ÷ 1773.4 productive h = £28.03/h","https://huntukvisasponsors.com/uk-visa-occupation-eligibility/8143-routine-inspectors-and-testers"
"labour","lab-uk-technician","Maintenance / Mould-Setter Technician","28.81","35.17","22.08","£/h fully loaded","updated","21.89 × 2028 h × 1.18 shift = £52,384 gross; + NIC 15% × (gross − 5,000) £7,108 + pension 5% £2,619 + levy 0.5% £262 = £62,372/yr ÷ 1773.4 productive h = £35.17/h","https://huntukvisasponsors.com/uk-visa-occupation-eligibility/3113-engineering-technicians"
"labour","lab-uk-supervisor","Shift / Production Supervisor","35.35","34.57","-2.21","£/h fully loaded","updated","ASHE 2025 SOC 8160 p75 £41,444/yr (the research's note: an automotive tier-1 shift supervisor sits nearer the p75 than the all-industry median £34,684) ÷ 2,028 h × 1.053 = £21.52/h; × 2,028 h × 1.18 shift = £51,496; + NIC 15% above £5,000 + pension 5% + levy 0.5% = £61,302 ÷ 1,773.4 h = £34.57/h","https://huntukvisasponsors.com/uk-visa-occupation-eligibility/8160-production-factory-and-assembly-supervisors"
"labour","lab-uk-forge","Forge Operator / Hammer-man","24.17","25.15","4.05","£/h fully loaded","updated","15.73 × 2028 h × 1.18 shift = £37,643 gross; + NIC 15% × (gross − 5,000) £4,896 + pension 5% £1,882 + levy 0.5% £188 = £44,609/yr ÷ 1773.4 productive h = £25.15/h","https://www.totaljobs.com/jobs/foundry-operative/in-wolverhampton"
"labour","lab-uk-furnace","Furnace / Heat Operator","22.16","24.6","11.01","£/h fully loaded","updated","15.39 × 2028 h × 1.18 shift = £36,829 gross; + NIC 15% × (gross − 5,000) £4,774 + pension 5% £1,841 + levy 0.5% £184 = £43,629/yr ÷ 1773.4 productive h = £24.6/h","https://huntukvisasponsors.com/uk-visa-occupation-eligibility/8115-metal-making-and-treating-process-operatives"
"labour","lab-uk-blow","Blow Moulding Operator","20.65","23.07","11.72","£/h fully loaded","updated","14.45 × 2028 h × 1.18 shift = £34,579 gross; + NIC 15% × (gross − 5,000) £4,437 + pension 5% £1,729 + levy 0.5% £173 = £40,918/yr ÷ 1773.4 productive h = £23.07/h","https://huntukvisasponsors.com/uk-visa-occupation-eligibility/8114-plastics-process-operatives"
"labour","lab-uk-roto","Rotational Moulding Operator","20.14","23.07","14.55","£/h fully loaded","updated","14.45 × 2028 h × 1.18 shift = £34,579 gross; + NIC 15% × (gross − 5,000) £4,437 + pension 5% £1,729 + levy 0.5% £173 = £40,918/yr ÷ 1773.4 productive h = £23.07/h","https://huntukvisasponsors.com/uk-visa-occupation-eligibility/8114-plastics-process-operatives"
"labour","lab-uk-thermoform","Thermoforming Operator","19.64","23.07","17.46","£/h fully loaded","updated","14.45 × 2028 h × 1.18 shift = £34,579 gross; + NIC 15% × (gross − 5,000) £4,437 + pension 5% £1,729 + levy 0.5% £173 = £40,918/yr ÷ 1773.4 productive h = £23.07/h","https://huntukvisasponsors.com/uk-visa-occupation-eligibility/8114-plastics-process-operatives"
"labour","lab-uk-trim-router","CNC Trim / Router Operator","22.66","24.65","8.78","£/h fully loaded","updated","15.42 × 2028 h × 1.18 shift = £36,901 gross; + NIC 15% × (gross − 5,000) £4,785 + pension 5% £1,845 + levy 0.5% £185 = £43,715/yr ÷ 1773.4 productive h = £24.65/h","https://huntukvisasponsors.com/uk-visa-occupation-eligibility/8120-metal-working-machine-operatives"
"labour","lab-uk-electronics","SMT / Electronics Operator","17.63","23.41","32.79","£/h fully loaded","updated","14.66 × 2028 h × 1.18 shift = £35,082 gross; + NIC 15% × (gross − 5,000) £4,512 + pension 5% £1,754 + levy 0.5% £175 = £41,524/yr ÷ 1773.4 productive h = £23.41/h","https://huntukvisasponsors.com/uk-visa-occupation-eligibility/8141-assemblers-electrical-and-electronic-products"
"energy","electricity","UK industrial electricity","0.268","0.182","-32.09","£/kWh","updated","DESNZ Quarterly Energy Prices (Sep 2026): manufacturing-sector average Q2 2026 electricity 17.4 p/kWh, gas 3.8 p/kWh, + Climate Change Levy 0.801 p/kWh (from 1 Apr 2026) — CCL added because the release could not be confirmed to include it (if it does, these are 0.8 p high)","https://assets.publishing.service.gov.uk/media/6aba2810fe72ed1e2b02f0e7/Quarterly_Energy_Prices_September_2026.pdf (2026-Q2 (published 2026-09-29)) ; https://assets.publishing.service.gov.uk/media/6aba2810fe72ed1e2b02f0e7/Quarterly_Energy_Prices_September_2026.pdf (2026-Q2 (published 2026-09-29)) ; https://www.gov.uk/government/publications/climate-change-levy-rates-from-1-april-2026/climate-change-levy-changes-to-rates-from-1-april-2026 (2026-04-01)"
"energy","gas","UK industrial gas","0.067","0.046","-31.34","£/kWh","updated","DESNZ Quarterly Energy Prices (Sep 2026): manufacturing-sector average Q2 2026 electricity 17.4 p/kWh, gas 3.8 p/kWh, + Climate Change Levy 0.801 p/kWh (from 1 Apr 2026) — CCL added because the release could not be confirmed to include it (if it does, these are 0.8 p high)","https://assets.publishing.service.gov.uk/media/6aba2810fe72ed1e2b02f0e7/Quarterly_Energy_Prices_September_2026.pdf (2026-Q2 (published 2026-09-29)) ; https://assets.publishing.service.gov.uk/media/6aba2810fe72ed1e2b02f0e7/Quarterly_Energy_Prices_September_2026.pdf (2026-Q2 (published 2026-09-29)) ; https://www.gov.uk/government/publications/climate-change-levy-rates-from-1-april-2026/climate-change-levy-changes-to-rates-from-1-april-2026 (2026-04-01)"
"machine","mach-lathe-cnc","CNC Lathe (2-axis)","41.32","7.79","-81.15","£/h machine only","updated (capex rebuilt: cnc-3axis)","UK book 2026-10-10: machine only (the operator, overhead and margin are added by the costing). Capex £56,004 = mach-haas-vf2 £53,204 (Haas VF-2 US list $70,995 (2026) = £53,204, base machine (options, tooling and installation not included)) × this machine’s book size (depreciation ratio 1.053); 11.9 kW (measured machining-centre mean draw 7.4 kW finishing – 13 kW roughing (maker study) — midpoint 10 kW); 13-yr life (German BMF AfA table, stationary cutting machines 13 yr (a published tax life, used as the economic-life proxy; no UK table found)); maintenance 3% (machine-hour-rate worked example: 3% of purchase price a year (no UK norm found)); indirect 5% (the library’s own line build-up rule (5% of capex)); finance 4% on half (the library’s own line build-up rule (4% on half the capex) — a current UK asset-finance rate was not researched); floor, hours, utilisation held; £0.182/kWh. Was £41.32/h (a build-up tuned to a shop rate). UK Tier-2 CNC turning centre (Doosan/Hyundai class).","https://machinetoolindex.com/machines/haas-vf-2"
"machine","mach-vmc3","CNC VMC 3-axis","56.85","11.08","-80.51","£/h machine only","updated (capex rebuilt: cnc-3axis)","UK book 2026-10-10: machine only (the operator, overhead and margin are added by the costing). Capex £77,006 = mach-haas-vf2 £53,204 (Haas VF-2 US list $70,995 (2026) = £53,204, base machine (options, tooling and installation not included)) × this machine’s book size (depreciation ratio 1.447); 16.7 kW (measured machining-centre mean draw 7.4 kW finishing – 13 kW roughing (maker study) — midpoint 10 kW); 13-yr life (German BMF AfA table, stationary cutting machines 13 yr (a published tax life, used as the economic-life proxy; no UK table found)); maintenance 3% (machine-hour-rate worked example: 3% of purchase price a year (no UK norm found)); indirect 5% (the library’s own line build-up rule (5% of capex)); finance 4% on half (the library’s own line build-up rule (4% on half the capex) — a current UK asset-finance rate was not researched); floor, hours, utilisation held; £0.182/kWh. Was £56.85/h (a build-up tuned to a shop rate). UK Tier-2 3-axis VMC (HAAS VF/VM class).","https://machinetoolindex.com/machines/haas-vf-2"
"machine","mach-vmc5","CNC VMC 5-axis","87.52","19.61","-77.59","£/h machine only","updated (capex rebuilt: cnc-5axis)","UK book 2026-10-10: machine only (the operator, overhead and margin are added by the costing). Capex £184,556 = mach-haas-umc500 £126,275 (Haas UMC-500 UK price £126,275 (2019 trade press — the only sterling figure; older)) × this machine’s book size (depreciation ratio 1.462); 18.2 kW (measured machining-centre roughing mean 13 kW); 13-yr life (German BMF AfA table, stationary cutting machines 13 yr (a published tax life, used as the economic-life proxy; no UK table found)); maintenance 3% (machine-hour-rate worked example: 3% of purchase price a year (no UK norm found)); indirect 5% (the library’s own line build-up rule (5% of capex)); finance 4% on half (the library’s own line build-up rule (4% on half the capex) — a current UK asset-finance rate was not researched); floor, hours, utilisation held; £0.182/kWh. Was £87.52/h (a build-up tuned to a shop rate). UK Tier-1 5-axis machining centre (DMG/Hermle class).","https://www.pesmedia.com/haas-umc-500-affordable-and-compact-5-axis-capability"
"machine","mach-drill","CNC Drilling Centre","31.13","6.64","-78.67","£/h machine only","updated (capex rebuilt: cnc-3axis)","UK book 2026-10-10: machine only (the operator, overhead and margin are added by the costing). Capex £39,203 = mach-haas-vf2 £53,204 (Haas VF-2 US list $70,995 (2026) = £53,204, base machine (options, tooling and installation not included)) × this machine’s book size (depreciation ratio 0.737); 10.7 kW (measured machining-centre mean draw 7.4 kW finishing – 13 kW roughing (maker study) — midpoint 10 kW); 13-yr life (German BMF AfA table, stationary cutting machines 13 yr (a published tax life, used as the economic-life proxy; no UK table found)); maintenance 3% (machine-hour-rate worked example: 3% of purchase price a year (no UK norm found)); indirect 5% (the library’s own line build-up rule (5% of capex)); finance 4% on half (the library’s own line build-up rule (4% on half the capex) — a current UK asset-finance rate was not researched); floor, hours, utilisation held; £0.182/kWh. Was £31.13/h (a build-up tuned to a shop rate). UK Tier-2 CNC drilling/tapping centre.","https://machinetoolindex.com/machines/haas-vf-2"
"machine","mach-grind","CNC Cylindrical Grinder","56.88","53.53","-5.89","£/h machine only","updated (energy re-priced; capital HELD — capex not sourced)","UK Tier-2 CNC cylindrical grinder. Target £55/hr (precision, high coolant cost). Jun 2026 | UK book 2026-10-10: energy re-priced at £0.182/kWh (DESNZ manufacturing Q2 2026 + CCL); capital, maintenance, support HELD — capex not sourced this round (this build-up was tuned to a target shop rate; it may include operator / overhead the costing also adds)",""
"machine","gear-hob-small","CNC Gear Hobber — small (≤m4, ≤Ø200)","58.65","55.61","-5.18","£/h machine only","updated (energy re-priced; capital HELD — capex not sourced)","REPRESENTATIVE — UK small CNC hobber class. Target ~£56/hr. Replace with plant data. | UK book 2026-10-10: energy re-priced at £0.182/kWh (DESNZ manufacturing Q2 2026 + CCL); capital, maintenance, support HELD — capex not sourced this round (this build-up was tuned to a target shop rate; it may include operator / overhead the costing also adds)",""
"machine","gear-hob-medium","CNC Gear Hobber — medium (≤m8, ≤Ø500)","80.45","76.38","-5.06","£/h machine only","updated (energy re-priced; capital HELD — capex not sourced)","REPRESENTATIVE — UK medium CNC hobber class. Target ~£78/hr. Replace with plant data. | UK book 2026-10-10: energy re-priced at £0.182/kWh (DESNZ manufacturing Q2 2026 + CCL); capital, maintenance, support HELD — capex not sourced this round (this build-up was tuned to a target shop rate; it may include operator / overhead the costing also adds)",""
"machine","gear-hob-large","CNC Gear Hobber — large (≤m25, ≤Ø1600)","148.76","141.45","-4.91","£/h machine only","updated (energy re-priced; capital HELD — capex not sourced)","REPRESENTATIVE — UK large CNC hobber class. Target ~£140/hr. Replace with plant data. | UK book 2026-10-10: energy re-priced at £0.182/kWh (DESNZ manufacturing Q2 2026 + CCL); capital, maintenance, support HELD — capex not sourced this round (this build-up was tuned to a target shop rate; it may include operator / overhead the costing also adds)",""
"machine","gear-shaper-small","CNC Gear Shaper — small (≤m6, ≤Ø300)","58.59","55.72","-4.9","£/h machine only","updated (energy re-priced; capital HELD — capex not sourced)","REPRESENTATIVE — UK small CNC shaper class. Target ~£56/hr. Replace with plant data. | UK book 2026-10-10: energy re-priced at £0.182/kWh (DESNZ manufacturing Q2 2026 + CCL); capital, maintenance, support HELD — capex not sourced this round (this build-up was tuned to a target shop rate; it may include operator / overhead the costing also adds)",""
"machine","gear-shaper-large","CNC Gear Shaper — large (≤m12, ≤Ø800)","97.45","92.67","-4.91","£/h machine only","updated (energy re-priced; capital HELD — capex not sourced)","REPRESENTATIVE — UK large CNC shaper class. Target ~£95/hr. Replace with plant data. | UK book 2026-10-10: energy re-priced at £0.182/kWh (DESNZ manufacturing Q2 2026 + CCL); capital, maintenance, support HELD — capex not sourced this round (this build-up was tuned to a target shop rate; it may include operator / overhead the costing also adds)",""
"machine","gear-skive-small","Power Skiving Machine — small (≤m4, ≤Ø250)","87.03","83.29","-4.3","£/h machine only","updated (energy re-priced; capital HELD — capex not sourced)","REPRESENTATIVE — UK small power skiving class. Target ~£85/hr. Replace with plant data. | UK book 2026-10-10: energy re-priced at £0.182/kWh (DESNZ manufacturing Q2 2026 + CCL); capital, maintenance, support HELD — capex not sourced this round (this build-up was tuned to a target shop rate; it may include operator / overhead the costing also adds)",""
"machine","gear-skive-medium","Power Skiving Machine — medium (≤m8, ≤Ø600)","121.25","115.98","-4.35","£/h machine only","updated (energy re-priced; capital HELD — capex not sourced)","REPRESENTATIVE — UK medium power skiving class. Target ~£120/hr. Replace with plant data. | UK book 2026-10-10: energy re-priced at £0.182/kWh (DESNZ manufacturing Q2 2026 + CCL); capital, maintenance, support HELD — capex not sourced this round (this build-up was tuned to a target shop rate; it may include operator / overhead the costing also adds)",""
"machine","gear-broach","Vertical Internal Gear Broach","64.88","61.58","-5.09","£/h machine only","updated (energy re-priced; capital HELD — capex not sourced)","REPRESENTATIVE — UK internal gear/spline broach class. Target ~£63/hr. Replace with plant data. | UK book 2026-10-10: energy re-priced at £0.182/kWh (DESNZ manufacturing Q2 2026 + CCL); capital, maintenance, support HELD — capex not sourced this round (this build-up was tuned to a target shop rate; it may include operator / overhead the costing also adds)",""
"machine","gear-grind-generating","Generating Gear Grinder (threaded wheel, ≤m6)","133.12","126.53","-4.95","£/h machine only","updated (energy re-priced; capital HELD — capex not sourced)","REPRESENTATIVE — UK generating (threaded-wheel) gear grinder class. Target ~£130/hr. Replace with plant data. | UK book 2026-10-10: energy re-priced at £0.182/kWh (DESNZ manufacturing Q2 2026 + CCL); capital, maintenance, support HELD — capex not sourced this round (this build-up was tuned to a target shop rate; it may include operator / overhead the costing also adds)",""
"machine","gear-grind-profile","Profile Gear Grinder (form wheel, ≤m12)","174.71","166.24","-4.85","£/h machine only","updated (energy re-priced; capital HELD — capex not sourced)","REPRESENTATIVE — UK profile (form-wheel) gear grinder class. Target ~£170/hr. Replace with plant data. | UK book 2026-10-10: energy re-priced at £0.182/kWh (DESNZ manufacturing Q2 2026 + CCL); capital, maintenance, support HELD — capex not sourced this round (this build-up was tuned to a target shop rate; it may include operator / overhead the costing also adds)",""
"machine","gear-shave","Gear Shaving Machine","47.63","45.29","-4.91","£/h machine only","updated (energy re-priced; capital HELD — capex not sourced)","REPRESENTATIVE — UK gear shaving class. Target ~£45/hr. Replace with plant data. | UK book 2026-10-10: energy re-priced at £0.182/kWh (DESNZ manufacturing Q2 2026 + CCL); capital, maintenance, support HELD — capex not sourced this round (this build-up was tuned to a target shop rate; it may include operator / overhead the costing also adds)",""
"machine","gear-hone","Gear Honing Machine","81.39","77.79","-4.42","£/h machine only","updated (energy re-priced; capital HELD — capex not sourced)","REPRESENTATIVE — UK gear honing class (NVH finishing). Target ~£80/hr. Replace with plant data. | UK book 2026-10-10: energy re-priced at £0.182/kWh (DESNZ manufacturing Q2 2026 + CCL); capital, maintenance, support HELD — capex not sourced this round (this build-up was tuned to a target shop rate; it may include operator / overhead the costing also adds)",""
"machine","gear-deburr","Gear Chamfer / Deburr Cell","27.33","25.96","-5.01","£/h machine only","updated (energy re-priced; capital HELD — capex not sourced)","REPRESENTATIVE — UK chamfer/deburr cell class. Target ~£26/hr. Replace with plant data. | UK book 2026-10-10: energy re-priced at £0.182/kWh (DESNZ manufacturing Q2 2026 + CCL); capital, maintenance, support HELD — capex not sourced this round (this build-up was tuned to a target shop rate; it may include operator / overhead the costing also adds)",""
"machine","gear-induction","Gear Induction Hardening Cell (RF + quench + temper)","56.93","52.02","-8.62","£/h machine only","updated (energy re-priced; capital HELD — capex not sourced)","REPRESENTATIVE — UK gear induction hardening cell. Energy-heavy (RF generator + quench recirculation). Target ~£55/hr. Replace with plant data. | UK book 2026-10-10: energy re-priced at £0.182/kWh (DESNZ manufacturing Q2 2026 + CCL); capital, maintenance, support HELD — capex not sourced this round (this build-up was tuned to a target shop rate; it may include operator / overhead the costing also adds)",""
"machine","gear-checker","CNC Gear Checker (profile / lead / pitch)","57.65","56.21","-2.5","£/h machine only","updated (energy re-priced; capital HELD — capex not sourced)","REPRESENTATIVE — UK CNC gear metrology class (Klingelnberg/Gleason type). Target ~£56/hr. Replace with plant data. | UK book 2026-10-10: energy re-priced at £0.182/kWh (DESNZ manufacturing Q2 2026 + CCL); capital, maintenance, support HELD — capex not sourced this round (this build-up was tuned to a target shop rate; it may include operator / overhead the costing also adds)",""
"machine","bench-assembly","Assembly Workbench","0.71","0.68","-4.23","£/h machine only","updated (energy re-priced; capital HELD — capex not sourced)","Assembly bench — low machine rate; cost primarily driven by labour | UK book 2026-10-10: energy re-priced at £0.182/kWh (DESNZ manufacturing Q2 2026 + CCL); capital, maintenance, support HELD — capex not sourced this round",""
"machine","mach-haas-vf2","HAAS VF-2 (3-axis Mill)","46.24","9.05","-80.43","£/h machine only","updated (capex rebuilt: cnc-3axis)","UK book 2026-10-10: machine only (the operator, overhead and margin are added by the costing). Capex £53,204 = Haas VF-2 US list $70,995 (2026) = £53,204, base machine (options, tooling and installation not included); 10.0 kW (measured machining-centre mean draw 7.4 kW finishing – 13 kW roughing (maker study) — midpoint 10 kW); 13-yr life (German BMF AfA table, stationary cutting machines 13 yr (a published tax life, used as the economic-life proxy; no UK table found)); maintenance 3% (machine-hour-rate worked example: 3% of purchase price a year (no UK norm found)); indirect 5% (the library’s own line build-up rule (5% of capex)); finance 4% on half (the library’s own line build-up rule (4% on half the capex) — a current UK asset-finance rate was not researched); floor, hours, utilisation held; £0.182/kWh. Was £46.24/h (a build-up tuned to a shop rate). HAAS VF-2 benchmark, UK Tier-2 machining shop","https://machinetoolindex.com/machines/haas-vf-2"
"machine","mach-dmg-dmu50","DMG Mori DMU 50 (5-axis Mill)","97.45","21.6","-77.83","£/h machine only","updated (capex rebuilt: cnc-5axis)","UK book 2026-10-10: machine only (the operator, overhead and margin are added by the costing). Capex £165,129 = mach-haas-umc500 £126,275 (Haas UMC-500 UK price £126,275 (2019 trade press — the only sterling figure; older)) × this machine’s book size (depreciation ratio 1.308); 16.2 kW (measured machining-centre roughing mean 13 kW); 13-yr life (German BMF AfA table, stationary cutting machines 13 yr (a published tax life, used as the economic-life proxy; no UK table found)); maintenance 3% (machine-hour-rate worked example: 3% of purchase price a year (no UK norm found)); indirect 5% (the library’s own line build-up rule (5% of capex)); finance 4% on half (the library’s own line build-up rule (4% on half the capex) — a current UK asset-finance rate was not researched); floor, hours, utilisation held; £0.182/kWh. Was £97.45/h (a build-up tuned to a shop rate). DMG Mori DMU 50 benchmark, UK Tier-1 precision shop","https://www.pesmedia.com/haas-umc-500-affordable-and-compact-5-axis-capability"
"machine","mach-haas-umc500","HAAS UMC-500 (5-axis Mill)","76.94","17.07","-77.81","£/h machine only","updated (capex rebuilt: cnc-5axis)","UK book 2026-10-10: machine only (the operator, overhead and margin are added by the costing). Capex £126,275 = Haas UMC-500 UK price £126,275 (2019 trade press — the only sterling figure; older); 13.0 kW (measured machining-centre roughing mean 13 kW); 13-yr life (German BMF AfA table, stationary cutting machines 13 yr (a published tax life, used as the economic-life proxy; no UK table found)); maintenance 3% (machine-hour-rate worked example: 3% of purchase price a year (no UK norm found)); indirect 5% (the library’s own line build-up rule (5% of capex)); finance 4% on half (the library’s own line build-up rule (4% on half the capex) — a current UK asset-finance rate was not researched); floor, hours, utilisation held; £0.182/kWh. Was £76.94/h (a build-up tuned to a shop rate). HAAS UMC-500 benchmark, UK Tier-2 machining shop","https://www.pesmedia.com/haas-umc-500-affordable-and-compact-5-axis-capability"
"machine","mach-mazak-qt200","Mazak Quick Turn 200 (Turning)","51.32","9.63","-81.24","£/h machine only","updated (capex rebuilt: cnc-3axis)","UK book 2026-10-10: machine only (the operator, overhead and margin are added by the costing). Capex £58,804 = mach-haas-vf2 £53,204 (Haas VF-2 US list $70,995 (2026) = £53,204, base machine (options, tooling and installation not included)) × this machine’s book size (depreciation ratio 1.105); 10.5 kW (measured machining-centre mean draw 7.4 kW finishing – 13 kW roughing (maker study) — midpoint 10 kW); 13-yr life (German BMF AfA table, stationary cutting machines 13 yr (a published tax life, used as the economic-life proxy; no UK table found)); maintenance 3% (machine-hour-rate worked example: 3% of purchase price a year (no UK norm found)); indirect 5% (the library’s own line build-up rule (5% of capex)); finance 4% on half (the library’s own line build-up rule (4% on half the capex) — a current UK asset-finance rate was not researched); floor, hours, utilisation held; £0.182/kWh. Was £51.32/h (a build-up tuned to a shop rate). Mazak Quick Turn 200 benchmark, UK Tier-2 machining shop","https://machinetoolindex.com/machines/haas-vf-2"
"machine","grav-die-cast-std","Gravity Die Casting Machine","39.13","37.26","-4.78","£/h machine only","updated (energy re-priced; capital HELD — capex not sourced)","Standard gravity die casting machine, UK foundry benchmark | UK book 2026-10-10: energy re-priced at £0.182/kWh (DESNZ manufacturing Q2 2026 + CCL); capital, maintenance, support HELD — capex not sourced this round",""
"machine","invest-cast-furnace","Investment Casting Furnace","43.23","40.43","-6.48","£/h machine only","updated (energy re-priced; capital HELD — capex not sourced)","Investment casting furnace, UK foundry benchmark | UK book 2026-10-10: energy re-priced at £0.182/kWh (DESNZ manufacturing Q2 2026 + CCL); capital, maintenance, support HELD — capex not sourced this round",""
"machine","heat-treat-furnace","Heat Treatment / Ageing Furnace","18.88","15.97","-15.41","£/h machine only","updated (energy re-priced; capital HELD — capex not sourced)","T5/T6 solution + ageing furnace, UK foundry benchmark | UK book 2026-10-10: energy re-priced at £0.182/kWh (DESNZ manufacturing Q2 2026 + CCL); capital, maintenance, support HELD — capex not sourced this round",""
"machine","press-100t","100T Mechanical Press (general press shop)","15.88","15.21","-4.22","£/h machine only","updated (energy re-priced; capital HELD — capex not sourced)","UK general press-shop benchmark (standard/amortised mechanical press), Jun 2026 | UK book 2026-10-10: energy re-priced at £0.182/kWh (DESNZ manufacturing Q2 2026 + CCL); capital, maintenance, support HELD — capex not sourced this round",""
"machine","press-200t","200T Mechanical Press (general press shop)","24.4","23.4","-4.1","£/h machine only","updated (energy re-priced; capital HELD — capex not sourced)","UK general press-shop benchmark (standard/amortised mechanical press), Jun 2026 | UK book 2026-10-10: energy re-priced at £0.182/kWh (DESNZ manufacturing Q2 2026 + CCL); capital, maintenance, support HELD — capex not sourced this round",""
"machine","press-400t","400T Mechanical Press (general press shop)","39.66","38.19","-3.71","£/h machine only","updated (energy re-priced; capital HELD — capex not sourced)","UK general press-shop benchmark (standard/amortised mechanical press; new servo transfer line: use press-schuler-400t), Jun 2026 | UK book 2026-10-10: energy re-priced at £0.182/kWh (DESNZ manufacturing Q2 2026 + CCL); capital, maintenance, support HELD — capex not sourced this round",""
"machine","press-630t","630T Mechanical Press (general press shop)","61.29","59.24","-3.34","£/h machine only","updated (energy re-priced; capital HELD — capex not sourced)","UK general press-shop benchmark (standard/amortised mechanical press), Jun 2026 | UK book 2026-10-10: energy re-priced at £0.182/kWh (DESNZ manufacturing Q2 2026 + CCL); capital, maintenance, support HELD — capex not sourced this round",""
"machine","press-800t","800T Mechanical Press (general press shop)","73.26","70.79","-3.37","£/h machine only","updated (energy re-priced; capital HELD — capex not sourced)","UK general press-shop benchmark (standard/amortised mechanical press), Jun 2026 | UK book 2026-10-10: energy re-priced at £0.182/kWh (DESNZ manufacturing Q2 2026 + CCL); capital, maintenance, support HELD — capex not sourced this round",""
"machine","press-1000t","1000T Mechanical Press (general press shop)","92.03","89.02","-3.27","£/h machine only","updated (energy re-priced; capital HELD — capex not sourced)","UK general press-shop benchmark (large stamping press — deep-draw panels, structural), Jun 2026 | UK book 2026-10-10: energy re-priced at £0.182/kWh (DESNZ manufacturing Q2 2026 + CCL); capital, maintenance, support HELD — capex not sourced this round",""
"machine","press-1250t","1250T Mechanical Press (general press shop)","114.42","110.72","-3.23","£/h machine only","updated (energy re-priced; capital HELD — capex not sourced)","UK general press-shop benchmark (heavy stamping press — large body/chassis panels), Jun 2026 | UK book 2026-10-10: energy re-priced at £0.182/kWh (DESNZ manufacturing Q2 2026 + CCL); capital, maintenance, support HELD — capex not sourced this round",""
"machine","press-fineblank-250t","250T Fine-Blanking Press (triple-action)","47.74","46.14","-3.35","£/h machine only","updated (energy re-priced; capital HELD — capex not sourced)","UK fine-blanking benchmark. Triple-action FB press — full-shear precision edges (gears, levers, seat recliners). Jun 2026 | UK book 2026-10-10: energy re-priced at £0.182/kWh (DESNZ manufacturing Q2 2026 + CCL); capital, maintenance, support HELD — capex not sourced this round",""
"machine","press-hotstamp-1000t","1000T Hot-Stamping Press (water-cooled dies)","140.87","136.6","-3.03","£/h machine only","updated (energy re-priced; capital HELD — capex not sourced)","UK hot-stamping line press. Forms + quenches austenitised boron blanks in water-cooled dies (B-pillar, rocker). Quench-dwell limited. Jun 2026 | UK book 2026-10-10: energy re-priced at £0.182/kWh (DESNZ manufacturing Q2 2026 + CCL); capital, maintenance, support HELD — capex not sourced this round",""
"machine","furnace-roller-hearth","Roller-Hearth Austenitising Furnace (hot stamping)","54.48","50.58","-7.16","£/h machine only","updated (energy re-priced; capital HELD — capex not sourced)","UK hot-stamping furnace. ~900–950°C austenitising roller hearth. Capital/standby only — per-part austenitising heat is a separate energy consumable. Jun 2026 | UK book 2026-10-10: energy re-priced at £0.182/kWh (DESNZ manufacturing Q2 2026 + CCL); capital, maintenance, support HELD — capex not sourced this round",""
"machine","notching-machine","CNC Notching Machine (laminations)","31.49","30.24","-3.97","£/h machine only","updated (energy re-priced; capital HELD — capex not sourced)","UK electrical-steel benchmark. Single-slot rotary notching for prototype / low-volume stator & rotor laminations (no hard progressive die). Jun 2026 | UK book 2026-10-10: energy re-priced at £0.182/kWh (DESNZ manufacturing Q2 2026 + CCL); capital, maintenance, support HELD — capex not sourced this round",""
"machine","lamination-anneal-furnace","Stress-Relief Annealing Furnace (laminations)","39.96","36.84","-7.81","£/h machine only","updated (energy re-priced; capital HELD — capex not sourced)","UK electrical-steel benchmark. ~750–850°C continuous N₂/H₂ stress-relief/decarb anneal to restore core loss after blanking. Per-part heat is a separate energy consumable. Jun 2026 | UK book 2026-10-10: energy re-priced at £0.182/kWh (DESNZ manufacturing Q2 2026 + CCL); capital, maintenance, support HELD — capex not sourced this round",""
"machine","backlack-bonding-oven","Backlack Bonding Oven/Press (self-bonded stacks)","39.32","36.32","-7.63","£/h machine only","updated (energy re-priced; capital HELD — capex not sourced)","UK electrical-steel benchmark. Heat+pressure cure of self-bonding (backlack) varnish — lowest-loss laminated stacks, EV traction. Jun 2026 | UK book 2026-10-10: energy re-priced at £0.182/kWh (DESNZ manufacturing Q2 2026 + CCL); capital, maintenance, support HELD — capex not sourced this round",""
"machine","laser-stack-welder","Laser Stack Welder (stator OD welds)","56.04","54.29","-3.12","£/h machine only","updated (energy re-priced; capital HELD — capex not sourced)","UK electrical-steel benchmark. Laser welding of stacked stator laminations along the OD — fast, but weld shorts a few edge laminations (small loss penalty). Jun 2026 | UK book 2026-10-10: energy re-priced at £0.182/kWh (DESNZ manufacturing Q2 2026 + CCL); capital, maintenance, support HELD — capex not sourced this round",""
"machine","imm-50t","50T Injection Moulding Machine","10.04","8.76","-12.75","£/h machine only","updated (energy re-priced; capital HELD — capex not sourced)","UK plastics benchmark (small precision/technical mouldings), Jun 2026 | UK book 2026-10-10: energy re-priced at £0.182/kWh (DESNZ manufacturing Q2 2026 + CCL); capital, maintenance, support HELD — capex not sourced this round",""
"machine","imm-100t","100T Injection Moulding Machine","16.51","14.18","-14.11","£/h machine only","updated (energy re-priced; capital HELD — capex not sourced)","UK plastics benchmark, Jun 2026 | UK book 2026-10-10: energy re-priced at £0.182/kWh (DESNZ manufacturing Q2 2026 + CCL); capital, maintenance, support HELD — capex not sourced this round",""
"machine","imm-200t","200T Injection Moulding Machine","27.03","22.94","-15.13","£/h machine only","updated (energy re-priced; capital HELD — capex not sourced)","UK plastics benchmark, Jun 2026 | UK book 2026-10-10: energy re-priced at £0.182/kWh (DESNZ manufacturing Q2 2026 + CCL); capital, maintenance, support HELD — capex not sourced this round",""
"machine","imm-350t","350T Injection Moulding Machine","40.25","34.18","-15.08","£/h machine only","updated (energy re-priced; capital HELD — capex not sourced)","UK plastics benchmark, Jun 2026 | UK book 2026-10-10: energy re-priced at £0.182/kWh (DESNZ manufacturing Q2 2026 + CCL); capital, maintenance, support HELD — capex not sourced this round",""
"machine","imm-400t","400T Injection Moulding Machine","46.78","39.77","-14.99","£/h machine only","updated (energy re-priced; capital HELD — capex not sourced)","UK plastics benchmark, Jun 2026 | UK book 2026-10-10: energy re-priced at £0.182/kWh (DESNZ manufacturing Q2 2026 + CCL); capital, maintenance, support HELD — capex not sourced this round",""
"machine","imm-500t","500T Injection Moulding Machine","57.07","48.66","-14.74","£/h machine only","updated (energy re-priced; capital HELD — capex not sourced)","UK plastics benchmark, Jun 2026 | UK book 2026-10-10: energy re-priced at £0.182/kWh (DESNZ manufacturing Q2 2026 + CCL); capital, maintenance, support HELD — capex not sourced this round",""
"machine","imm-800t","800T Injection Moulding Machine","84.13","71.54","-14.96","£/h machine only","updated (energy re-priced; capital HELD — capex not sourced)","UK plastics benchmark, Jun 2026 | UK book 2026-10-10: energy re-priced at £0.182/kWh (DESNZ manufacturing Q2 2026 + CCL); capital, maintenance, support HELD — capex not sourced this round",""
"machine","imm-1200t","1200T Injection Moulding Machine","120.28","102.3","-14.95","£/h machine only","updated (energy re-priced; capital HELD — capex not sourced)","UK plastics benchmark (large structural mouldings), Jun 2026 | UK book 2026-10-10: energy re-priced at £0.182/kWh (DESNZ manufacturing Q2 2026 + CCL); capital, maintenance, support HELD — capex not sourced this round",""
"machine","imm-2000t","2000T Injection Moulding Machine","192.16","163.63","-14.85","£/h machine only","updated (energy re-priced; capital HELD — capex not sourced)","UK plastics benchmark (large automotive mouldings — door panels, cladding), Jun 2026 | UK book 2026-10-10: energy re-priced at £0.182/kWh (DESNZ manufacturing Q2 2026 + CCL); capital, maintenance, support HELD — capex not sourced this round",""
"machine","imm-3500t","3500T Injection Moulding Machine","329.63","280.37","-14.94","£/h machine only","updated (energy re-priced; capital HELD — capex not sourced)","UK plastics benchmark (very large automotive — bumpers, IPs, tailgates; high clamp tonnage), Jun 2026 | UK book 2026-10-10: energy re-priced at £0.182/kWh (DESNZ manufacturing Q2 2026 + CCL); capital, maintenance, support HELD — capex not sourced this round",""
"machine","hpdc-500t","HPDC 500T","55.27","49.79","-9.91","£/h machine only","updated (energy re-priced; capital HELD — capex not sourced)","UK foundry benchmark, Jun 2026 | UK book 2026-10-10: energy re-priced at £0.182/kWh (DESNZ manufacturing Q2 2026 + CCL); capital, maintenance, support HELD — capex not sourced this round",""
"machine","hpdc-800t","HPDC 800T","83.04","75.5","-9.08","£/h machine only","updated (energy re-priced; capital HELD — capex not sourced)","UK foundry benchmark, Jun 2026 | UK book 2026-10-10: energy re-priced at £0.182/kWh (DESNZ manufacturing Q2 2026 + CCL); capital, maintenance, support HELD — capex not sourced this round",""
"machine","hpdc-1600t","HPDC 1600T","144.61","130.91","-9.47","£/h machine only","updated (energy re-priced; capital HELD — capex not sourced)","UK foundry benchmark, Jun 2026 | UK book 2026-10-10: energy re-priced at £0.182/kWh (DESNZ manufacturing Q2 2026 + CCL); capital, maintenance, support HELD — capex not sourced this round",""
"machine","hpdc-giga-6100t","Giga-Casting Press 6100T (megacasting)","443.19","405.8","-8.44","£/h machine only","updated (energy re-priced; capital HELD — capex not sourced)","Giga-press benchmark. 6,100T locking force — single-piece rear/front underbody megacastings (Tesla-class, BYD). Very high capital; huge cell (vacuum, thermal control, laser trim). Jun 2026 | UK book 2026-10-10: energy re-priced at £0.182/kWh (DESNZ manufacturing Q2 2026 + CCL); capital, maintenance, support HELD — capex not sourced this round",""
"machine","hpdc-giga-9000t","Giga-Casting Press 9000T (Xiaomi/Tesla-class)","666.36","610.27","-8.42","£/h machine only","updated (energy re-priced; capital HELD — capex not sourced)","Giga-press benchmark. 9,000T+ locking force (Xiaomi 9,100T ""die-casting cluster"", Tesla, largest OEM presses) — full one-piece underbody. Highest capital in the tool. Jun 2026 | UK book 2026-10-10: energy re-priced at £0.182/kWh (DESNZ manufacturing Q2 2026 + CCL); capital, maintenance, support HELD — capex not sourced this round",""
"machine","sand-cast-line","Sand Casting Moulding Line","33.46","29.9","-10.64","£/h machine only","updated (energy re-priced; capital HELD — capex not sourced)","UK foundry benchmark, Jun 2026 | UK book 2026-10-10: energy re-priced at £0.182/kWh (DESNZ manufacturing Q2 2026 + CCL); capital, maintenance, support HELD — capex not sourced this round",""
"machine","hpdc-160t","HPDC 160T (Zinc/Small Al)","19.62","17.75","-9.53","£/h machine only","updated (energy re-priced; capital HELD — capex not sourced)","Small HPDC / zinc die casting machine, UK foundry benchmark | UK book 2026-10-10: energy re-priced at £0.182/kWh (DESNZ manufacturing Q2 2026 + CCL); capital, maintenance, support HELD — capex not sourced this round",""
"machine","forge-press-500t","500T Mechanical Forge Press","58.48","50.95","-12.88","£/h machine only","updated (energy re-priced; capital HELD — capex not sourced)","UK forge shop benchmark, Jun 2026 | UK book 2026-10-10: energy re-priced at £0.182/kWh (DESNZ manufacturing Q2 2026 + CCL); capital, maintenance, support HELD — capex not sourced this round",""
"machine","forge-press-1600t","1600T Mechanical Forge Press","103.33","91.69","-11.26","£/h machine only","updated (energy re-priced; capital HELD — capex not sourced)","UK forge shop benchmark (mid-size crank press), Jun 2026 | UK book 2026-10-10: energy re-priced at £0.182/kWh (DESNZ manufacturing Q2 2026 + CCL); capital, maintenance, support HELD — capex not sourced this round",""
"machine","forge-press-2500t","2500T Mechanical Forge Press","147.5","131.06","-11.15","£/h machine only","updated (energy re-priced; capital HELD — capex not sourced)","UK forge shop benchmark (automotive crank/con-rod press), Jun 2026 | UK book 2026-10-10: energy re-priced at £0.182/kWh (DESNZ manufacturing Q2 2026 + CCL); capital, maintenance, support HELD — capex not sourced this round",""
"machine","forge-press-4000t","4000T Hydraulic Forge Press","220.82","196.85","-10.85","£/h machine only","updated (energy re-priced; capital HELD — capex not sourced)","UK forge shop benchmark (large hydraulic press), Jun 2026 | UK book 2026-10-10: energy re-priced at £0.182/kWh (DESNZ manufacturing Q2 2026 + CCL); capital, maintenance, support HELD — capex not sourced this round",""
"machine","forge-press-8000t","8000T Hydraulic Forge Press","427.72","382.14","-10.66","£/h machine only","updated (energy re-priced; capital HELD — capex not sourced)","UK forge shop benchmark (heavy structural/aero press), Jun 2026 | UK book 2026-10-10: energy re-priced at £0.182/kWh (DESNZ manufacturing Q2 2026 + CCL); capital, maintenance, support HELD — capex not sourced this round",""
"machine","forge-screw-1000t","1000T Screw Press","77.68","69.46","-10.58","£/h machine only","updated (energy re-priced; capital HELD — capex not sourced)","UK forge shop benchmark (screw press — precision/near-net), Jun 2026 | UK book 2026-10-10: energy re-priced at £0.182/kWh (DESNZ manufacturing Q2 2026 + CCL); capital, maintenance, support HELD — capex not sourced this round",""
"machine","forge-upsetter-1000t","1000T Horizontal Upsetter","62.02","56.54","-8.84","£/h machine only","updated (energy re-priced; capital HELD — capex not sourced)","UK forge shop benchmark (upset forging — gears, valves, flanges), Jun 2026 | UK book 2026-10-10: energy re-priced at £0.182/kWh (DESNZ manufacturing Q2 2026 + CCL); capital, maintenance, support HELD — capex not sourced this round",""
"machine","forge-hammer-2t","2T Pneumatic Forge Hammer","29.89","26.06","-12.81","£/h machine only","updated (energy re-priced; capital HELD — capex not sourced)","UK forge shop benchmark (small drop hammer), Jun 2026 | UK book 2026-10-10: energy re-priced at £0.182/kWh (DESNZ manufacturing Q2 2026 + CCL); capital, maintenance, support HELD — capex not sourced this round",""
"machine","forge-hammer-5t","5T Pneumatic Forge Hammer","49.31","43.15","-12.49","£/h machine only","updated (energy re-priced; capital HELD — capex not sourced)","UK forge shop benchmark, Jun 2026 | UK book 2026-10-10: energy re-priced at £0.182/kWh (DESNZ manufacturing Q2 2026 + CCL); capital, maintenance, support HELD — capex not sourced this round",""
"machine","forge-hammer-10t","10T Counterblow Forge Hammer","79.63","70.04","-12.04","£/h machine only","updated (energy re-priced; capital HELD — capex not sourced)","UK forge shop benchmark (heavy counterblow hammer), Jun 2026 | UK book 2026-10-10: energy re-priced at £0.182/kWh (DESNZ manufacturing Q2 2026 + CCL); capital, maintenance, support HELD — capex not sourced this round",""
"machine","forge-ring-mill","CNC Seamless Ring Rolling Mill","129.05","116.72","-9.55","£/h machine only","updated (energy re-priced; capital HELD — capex not sourced)","UK forge shop benchmark (radial-axial ring mill), Jun 2026 | UK book 2026-10-10: energy re-priced at £0.182/kWh (DESNZ manufacturing Q2 2026 + CCL); capital, maintenance, support HELD — capex not sourced this round",""
"machine","paint-line-std","Standard Paint Line (E-coat + Topcoat)","106.93","97.81","-8.53","£/h machine only","updated (energy re-priced; capital HELD — capex not sourced)","UK OEM paint line benchmark, Jun 2026. The £80k energy line is the whole line — gas-fired cure and dry-off ovens plus heated tanks, roughly 580 kW over 3,280 productive hours. Surface-treatment stage energy is therefore ALREADY here and must not be added again on top (see surface-treatment-rate.ts). | UK book 2026-10-10: energy re-priced at £0.182/kWh (DESNZ manufacturing Q2 2026 + CCL); capital, maintenance, support HELD — capex not sourced this round",""
"machine","plating-line-barrel","Barrel Plating Line (zinc, high volume)","48.39","44.3","-8.45","£/h machine only","updated (energy re-priced; capital HELD — capex not sourced)","REPRESENTATIVE — UK barrel zinc line class: tanks, rectifiers, barrels, effluent plant and discharge consent. Rectifier-dominated electrical load, no ovens. Target ~£46/hr. Replace with plant data. | UK book 2026-10-10: energy re-priced at £0.182/kWh (DESNZ manufacturing Q2 2026 + CCL); capital, maintenance, support HELD — capex not sourced this round (this build-up was tuned to a target shop rate; it may include operator / overhead the costing also adds)",""
"machine","plating-line-rack","Rack Plating / Anodising Line","70.19","64.8","-7.68","£/h machine only","updated (energy re-priced; capital HELD — capex not sourced)","REPRESENTATIVE — UK rack plating and sulphuric anodising class. Higher capital and lower throughput than barrel: parts are jigged individually. Target ~£67/hr. Replace with plant data. | UK book 2026-10-10: energy re-priced at £0.182/kWh (DESNZ manufacturing Q2 2026 + CCL); capital, maintenance, support HELD — capex not sourced this round (this build-up was tuned to a target shop rate; it may include operator / overhead the costing also adds)",""
"machine","blast-machine","Shot Blast Machine (tumble / hanger)","26.71","25.07","-6.14","£/h machine only","updated (energy re-priced; capital HELD — capex not sourced)","REPRESENTATIVE — UK descaling/cleaning cell class: blast wheels, shot recovery and separation, dust extraction. Maintenance is high relative to capital because blades, liners and the separator are consumable wear parts. Replace with plant data. | UK book 2026-10-10: energy re-priced at £0.182/kWh (DESNZ manufacturing Q2 2026 + CCL); capital, maintenance, support HELD — capex not sourced this round",""
"machine","mass-finish-bowl","Vibratory / Mass Finishing Bowl","16.31","15.44","-5.33","£/h machine only","updated (energy re-priced; capital HELD — capex not sourced)","REPRESENTATIVE — UK deburr/polish cell class: bowl, media separation, compound dosing, water treatment. Low capital, long cycles; media and compound are the real variable cost and are charged as stage chemistry. Replace with plant data. | UK book 2026-10-10: energy re-priced at £0.182/kWh (DESNZ manufacturing Q2 2026 + CCL); capital, maintenance, support HELD — capex not sourced this round",""
"machine","galvanising-kettle","Hot Dip Galvanising Kettle (batch, EN ISO 1461)","184.51","162.07","-12.16","£/h machine only","updated (energy re-priced; capital HELD — capex not sourced)","REPRESENTATIVE — UK batch galvanising plant class: kettle, furnace, flux and pickle tanks, fume extraction, effluent. Energy dominates because the kettle is held molten continuously whether or not work is passing. The ZINC is NOT in this rate — it is a separate pass-through that scales with surface area, not with kettle time. | UK book 2026-10-10: energy re-priced at £0.182/kWh (DESNZ manufacturing Q2 2026 + CCL); capital, maintenance, support HELD — capex not sourced this round",""
"machine","impregnation-plant","Vacuum Resin Impregnation Plant (casting porosity)","26.18","24.86","-5.04","£/h machine only","updated (energy re-priced; capital HELD — capex not sourced)","REPRESENTATIVE — UK casting impregnation cell class: vacuum vessel, resin recovery, wash and cure stations. Casting-specific; its value is the pressure-test reject it prevents rather than anything it adds to the part. Replace with plant data. | UK book 2026-10-10: energy re-priced at £0.182/kWh (DESNZ manufacturing Q2 2026 + CCL); capital, maintenance, support HELD — capex not sourced this round",""
"machine","robot-weld-station","Robot Welding Station","23.19","22.5","-2.98","£/h machine only","updated (energy re-priced; capital HELD — capex not sourced)","UK body shop benchmark, Jun 2026 | UK book 2026-10-10: energy re-priced at £0.182/kWh (DESNZ manufacturing Q2 2026 + CCL); capital, maintenance, support HELD — capex not sourced this round",""
"machine","smt-line","SMT Pick & Place + Reflow Line","54.59","52.88","-3.13","£/h machine only","updated (energy re-priced; capital HELD — capex not sourced)","UK EMS benchmark, Jun 2026 | UK book 2026-10-10: energy re-priced at £0.182/kWh (DESNZ manufacturing Q2 2026 + CCL); capital, maintenance, support HELD — capex not sourced this round",""
"machine","smt-high-speed-line","High-Speed SMT Line (Fuji/Juki/ASM)","153.97","147.7","-4.07","£/h machine only","updated (energy re-priced; capital HELD — capex not sourced)","High-speed SMT line 80000+ CPH. Automotive EMS benchmark. Target £150/hr. Jun 2026 | UK book 2026-10-10: energy re-priced at £0.182/kWh (DESNZ manufacturing Q2 2026 + CCL); capital, maintenance, support HELD — capex not sourced this round (this build-up was tuned to a target shop rate; it may include operator / overhead the costing also adds)",""
"machine","laser-drill-75um","Laser Drill — 75 µm Microvia (CO₂/UV)","122.99","118.43","-3.71","£/h machine only","updated (energy re-priced; capital HELD — capex not sourced)","CO₂/UV laser drill for HDI microvias (≥75 µm). UK PCB fab benchmark. Target £120/hr. Jun 2026 | UK book 2026-10-10: energy re-priced at £0.182/kWh (DESNZ manufacturing Q2 2026 + CCL); capital, maintenance, support HELD — capex not sourced this round (this build-up was tuned to a target shop rate; it may include operator / overhead the costing also adds)",""
"machine","xray-bga-inspection","X-Ray BGA Inspection Cell (2D/3D AXI)","92.03","89.18","-3.1","£/h machine only","updated (energy re-priced; capital HELD — capex not sourced)","2D/3D automated X-ray inspection for BGA solder joints. EMS automotive benchmark. Target £90/hr. Jun 2026 | UK book 2026-10-10: energy re-priced at £0.182/kWh (DESNZ manufacturing Q2 2026 + CCL); capital, maintenance, support HELD — capex not sourced this round (this build-up was tuned to a target shop rate; it may include operator / overhead the costing also adds)",""
"machine","ict-automotive","ICT Bed-of-Nails Test System (Automotive)","112.65","109.23","-3.04","£/h machine only","updated (energy re-priced; capital HELD — capex not sourced)","In-circuit test fixture for IATF 16949 automotive boards. Target £110/hr. Jun 2026 | UK book 2026-10-10: energy re-priced at £0.182/kWh (DESNZ manufacturing Q2 2026 + CCL); capital, maintenance, support HELD — capex not sourced this round (this build-up was tuned to a target shop rate; it may include operator / overhead the costing also adds)",""
"machine","blow-ebm-100l","EBM Blow Moulder (up to 5L)","22.69","20.59","-9.26","£/h machine only","updated (energy re-priced; capital HELD — capex not sourced)","UK plastics benchmark. EBM for bottles/containers up to 5L. Jun 2026 | UK book 2026-10-10: energy re-priced at £0.182/kWh (DESNZ manufacturing Q2 2026 + CCL); capital, maintenance, support HELD — capex not sourced this round",""
"machine","blow-ebm-500l","EBM Blow Moulder (5–100L tanks/drums)","39.84","36.34","-8.79","£/h machine only","updated (energy re-priced; capital HELD — capex not sourced)","UK plastics benchmark. EBM for large industrial containers, automotive fuel tanks. Jun 2026 | UK book 2026-10-10: energy re-priced at £0.182/kWh (DESNZ manufacturing Q2 2026 + CCL); capital, maintenance, support HELD — capex not sourced this round",""
"machine","blow-ebm-2head","EBM 2-Head (Bottles 1–5L)","26.52","24.01","-9.46","£/h machine only","updated (energy re-priced; capital HELD — capex not sourced)","UK plastics benchmark Jun 2026. Continuous 2-head EBM for HDPE/LDPE/PP bottles and containers 1–5L. High output, straightforward tooling, typical dairy/detergent packaging. | UK book 2026-10-10: energy re-priced at £0.182/kWh (DESNZ manufacturing Q2 2026 + CCL); capital, maintenance, support HELD — capex not sourced this round",""
"machine","blow-ebm-coex3","3-Layer Co-Ex EBM","50.78","46.59","-8.25","£/h machine only","updated (energy re-priced; capital HELD — capex not sourced)","UK plastics benchmark Jun 2026. 3-layer co-extrusion EBM — HDPE/regrind/HDPE or HDPE/barrier/HDPE for fuel tanks and barrier packaging. Higher capital and manning than mono-layer. | UK book 2026-10-10: energy re-priced at £0.182/kWh (DESNZ manufacturing Q2 2026 + CCL); capital, maintenance, support HELD — capex not sourced this round",""
"machine","blow-ebm-coex5","5-Layer Co-Ex EBM (High-Barrier)","83.55","77.32","-7.46","£/h machine only","updated (energy re-priced; capital HELD — capex not sourced)","UK plastics benchmark Jun 2026. 5-layer co-ex EBM — HDPE/tie/EVOH/tie/HDPE for automotive fuel systems, food packaging requiring high oxygen/fuel barrier. Complex, high capital. | UK book 2026-10-10: energy re-priced at £0.182/kWh (DESNZ manufacturing Q2 2026 + CCL); capital, maintenance, support HELD — capex not sourced this round",""
"machine","blow-ebm-large","Large EBM Accumulator Head (20–200L)","64.49","59.03","-8.47","£/h machine only","updated (energy re-priced; capital HELD — capex not sourced)","UK plastics benchmark Jun 2026. Large accumulator-head EBM for drums (20–200L), IBCs, automotive fuel tanks. Long cycle, single cavity, high tonnage clamp. | UK book 2026-10-10: energy re-priced at £0.182/kWh (DESNZ manufacturing Q2 2026 + CCL); capital, maintenance, support HELD — capex not sourced this round",""
"machine","blow-ibm-rotary","IBM Rotary Machine (Pharma/Cosmetics)","40.82","38.7","-5.19","£/h machine only","updated (energy re-priced; capital HELD — capex not sourced)","UK plastics benchmark Jun 2026. Injection blow moulding rotary — 3/4-station indexing. No flash, dimensional accuracy ±0.05mm. Pharma vials, cosmetics jars, eye-drop bottles. PP/PE/PET. | UK book 2026-10-10: energy re-priced at £0.182/kWh (DESNZ manufacturing Q2 2026 + CCL); capital, maintenance, support HELD — capex not sourced this round",""
"machine","blow-ibm-linear","IBM Linear Machine (Medium Volume)","33.78","31.83","-5.77","£/h machine only","updated (energy re-priced; capital HELD — capex not sourced)","UK plastics benchmark Jun 2026. Injection blow moulding linear indexing. Wide-mouth jars, pharmaceutical bottles, narrow-neck containers. No flash. PP/PE. | UK book 2026-10-10: energy re-priced at £0.182/kWh (DESNZ manufacturing Q2 2026 + CCL); capital, maintenance, support HELD — capex not sourced this round",""
"machine","blow-sbm-1stage","SBM Single-Stage (Preform + Blow)","46.15","42.52","-7.87","£/h machine only","updated (energy re-priced; capital HELD — capex not sourced)","UK plastics benchmark Jun 2026. Single-stage stretch blow moulding — preform injection and stretch-blow in one machine. PET/PP wide-mouth jars, cosmetics, condiment bottles. Excellent clarity. | UK book 2026-10-10: energy re-priced at £0.182/kWh (DESNZ manufacturing Q2 2026 + CCL); capital, maintenance, support HELD — capex not sourced this round",""
"machine","blow-sbm-2stage","SBM Two-Stage Reheat (High-Speed PET)","40.47","37.7","-6.84","£/h machine only","updated (energy re-priced; capital HELD — capex not sourced)","UK plastics benchmark Jun 2026. Two-stage reheat SBM — preforms made separately, reheated and blown at 20,000–80,000 bph. Dominant for PET water/CSD/juice bottles. Very low per-part cost at volume. | UK book 2026-10-10: energy re-priced at £0.182/kWh (DESNZ manufacturing Q2 2026 + CCL); capital, maintenance, support HELD — capex not sourced this round",""
"machine","blow-deflash-trimmer","Deflash Trim Robot / Station","12.21","11.33","-7.21","£/h machine only","updated (energy re-priced; capital HELD — capex not sourced)","UK plastics benchmark Jun 2026. Automated deflash trim station / robot for EBM parts. Removes pinch-off flash from bottles, tanks, automotive parts. 6–15s per part cycle. | UK book 2026-10-10: energy re-priced at £0.182/kWh (DESNZ manufacturing Q2 2026 + CCL); capital, maintenance, support HELD — capex not sourced this round",""
"machine","extruder-75mm","Single Screw Extruder 75mm","19.68","16.49","-16.21","£/h machine only","updated (energy re-priced; capital HELD — capex not sourced)","UK plastics benchmark. 75mm SSE for profile/pipe/sheet. ~200–400 kg/hr. Jun 2026 | UK book 2026-10-10: energy re-priced at £0.182/kWh (DESNZ manufacturing Q2 2026 + CCL); capital, maintenance, support HELD — capex not sourced this round",""
"machine","extruder-150mm","Twin Screw Compounding/Extrusion Line 150mm","58.27","51.72","-11.24","£/h machine only","updated (energy re-priced; capital HELD — capex not sourced)","UK plastics benchmark. 150mm TSE compounding/extrusion line. ~800–1500 kg/hr. Jun 2026 | UK book 2026-10-10: energy re-priced at £0.182/kWh (DESNZ manufacturing Q2 2026 + CCL); capital, maintenance, support HELD — capex not sourced this round",""
"machine","extruder-pipe-line","Pipe Extrusion Line 90mm (SSE + vacuum tank + haul-off + saw)","29.79","25.76","-13.53","£/h machine only","updated (energy re-priced; capital HELD — capex not sourced)","UK plastics benchmark 2026-07. 90mm SSE pipe line — die, vacuum-sizing tank, spray cooling, caterpillar haul-off, planetary saw. PE/PVC pressure & drainage pipe. | UK book 2026-10-10: energy re-priced at £0.182/kWh (DESNZ manufacturing Q2 2026 + CCL); capital, maintenance, support HELD — capex not sourced this round",""
"machine","extruder-profile-line","Profile Extrusion Line 75mm (SSE + calibration table + haul-off)","24.59","21.19","-13.83","£/h machine only","updated (energy re-priced; capital HELD — capex not sourced)","UK plastics benchmark 2026-07. 75mm SSE profile line — dry/vacuum calibration table, cooling, haul-off, cut-off. Window/trim/seal profiles. | UK book 2026-10-10: energy re-priced at £0.182/kWh (DESNZ manufacturing Q2 2026 + CCL); capital, maintenance, support HELD — capex not sourced this round",""
"machine","extruder-sheet-line","Sheet Extrusion Line (die + 3-roll stack + winder)","54.82","48.36","-11.78","£/h machine only","updated (energy re-priced; capital HELD — capex not sourced)","UK plastics benchmark 2026-07. Sheet line — coat-hanger die, polished 3-roll calender stack, edge-trim, thickness gauging, winder/guillotine. PS/PP/PET/ABS sheet. | UK book 2026-10-10: energy re-priced at £0.182/kWh (DESNZ manufacturing Q2 2026 + CCL); capital, maintenance, support HELD — capex not sourced this round",""
"machine","extruder-cable-line","Cable/Wire Line (crosshead + CV/cooling + capstan)","23.57","20.52","-12.94","£/h machine only","updated (energy re-priced; capital HELD — capex not sourced)","UK cable benchmark 2026-07. Crosshead wire/cable coating line — pay-off, crosshead die, cooling trough or CV, spark test, capstan, take-up. PVC/XLPE insulation & sheathing. | UK book 2026-10-10: energy re-priced at £0.182/kWh (DESNZ manufacturing Q2 2026 + CCL); capital, maintenance, support HELD — capex not sourced this round",""
"machine","extruder-coex-3","3-Layer Co-Extrusion Line (3 extruders + feed block/manifold die)","68.52","61.11","-10.81","£/h machine only","updated (energy re-priced; capital HELD — capex not sourced)","UK plastics benchmark 2026-07. 3-extruder co-extrusion line — feed-block/multi-manifold die for skin/tie/barrier layers. Barrier pipe, weatherseals, packaging sheet. | UK book 2026-10-10: energy re-priced at £0.182/kWh (DESNZ manufacturing Q2 2026 + CCL); capital, maintenance, support HELD — capex not sourced this round",""
"machine","extruder-micro-tube","Medical Micro-Tubing Line (precision + laser gauge + cleanroom-ready)","37.6","34.61","-7.95","£/h machine only","updated (energy re-priced; capital HELD — capex not sourced)","UK medical-extrusion benchmark 2026-07. Precision micro-tubing/multi-lumen line — vacuum sizing, laser OD/ID gauging, precision haul-off, cut-to-length. Catheter/medical tube. | UK book 2026-10-10: energy re-priced at £0.182/kWh (DESNZ manufacturing Q2 2026 + CCL); capital, maintenance, support HELD — capex not sourced this round",""
"machine","extrusion-finish-qa","Cut-off, Coil & Inspection Station","4.41","4.05","-8.16","£/h machine only","updated (energy re-priced; capital HELD — capex not sourced)","UK benchmark 2026-07. Downstream cut/coil + dimensional inspection station for extruded product (mostly labour). | UK book 2026-10-10: energy re-priced at £0.182/kWh (DESNZ manufacturing Q2 2026 + CCL); capital, maintenance, support HELD — capex not sourced this round",""
"machine","extrusion-leak-test","Pipe/Tube Pressure & Leak Test Rig","5.81","5.54","-4.65","£/h machine only","updated (energy re-priced; capital HELD — capex not sourced)","UK benchmark 2026-07. Hydrostatic/air pressure & leak test rig for pipe, hose and tubing. | UK book 2026-10-10: energy re-priced at £0.182/kWh (DESNZ manufacturing Q2 2026 + CCL); capital, maintenance, support HELD — capex not sourced this round",""
"machine","thermoform-small","Thermoformer (Small/Single Station)","13.8","12.4","-10.14","£/h machine only","updated (energy re-priced; capital HELD — capex not sourced)","UK plastics benchmark. Single-station vacuum former, up to 800×600mm sheet. Jun 2026 | UK book 2026-10-10: energy re-priced at £0.182/kWh (DESNZ manufacturing Q2 2026 + CCL); capital, maintenance, support HELD — capex not sourced this round",""
"machine","thermoform-large","Thermoformer (Inline/Rotary, Large)","36.93","33.74","-8.64","£/h machine only","updated (energy re-priced; capital HELD — capex not sourced)","UK plastics benchmark. Inline rotary thermoformer, 1200×1000mm+ sheet. Jun 2026 | UK book 2026-10-10: energy re-priced at £0.182/kWh (DESNZ manufacturing Q2 2026 + CCL); capital, maintenance, support HELD — capex not sourced this round",""
"machine","thermoform-pressure","Pressure Former (3–6 bar, cut-sheet)","27.89","25.32","-9.21","£/h machine only","updated (energy re-priced; capital HELD — capex not sourced)","UK plastics benchmark 2026-07. Cut-sheet pressure former — compressed-air box (3–6 bar) for crisp detail/texture (appliance fascias, medical). Higher energy + steel/CNC-Al tool. | UK book 2026-10-10: energy re-priced at £0.182/kWh (DESNZ manufacturing Q2 2026 + CCL); capital, maintenance, support HELD — capex not sourced this round",""
"machine","thermoform-twinsheet","Twin-Sheet Thermoformer","52.97","48.18","-9.04","£/h machine only","updated (energy re-priced; capital HELD — capex not sourced)","UK plastics benchmark 2026-07. Twin-sheet former — two heated webs blow-bonded into a hollow part (fuel tanks, pallets, ducts, seat backs). Two ovens, two-half tooling. | UK book 2026-10-10: energy re-priced at £0.182/kWh (DESNZ manufacturing Q2 2026 + CCL); capital, maintenance, support HELD — capex not sourced this round",""
"machine","thermoform-rollfed","Roll-Fed Inline Thermoformer (packaging)","54.35","49.51","-8.91","£/h machine only","updated (energy re-priced; capital HELD — capex not sourced)","UK packaging benchmark 2026-07. High-speed roll-fed former-filler line — cups/trays/blister from reel; form-cut-stack at 20–40 cycles/min. Highest throughput, lowest £/part at volume. | UK book 2026-10-10: energy re-priced at £0.182/kWh (DESNZ manufacturing Q2 2026 + CCL); capital, maintenance, support HELD — capex not sourced this round",""
"machine","thermoform-oven","Standalone Sheet Pre-Heat Oven","11.86","9.99","-15.77","£/h machine only","updated (energy re-priced; capital HELD — capex not sourced)","UK plastics benchmark 2026-07. Standalone radiant/convection sheet oven — pre-heat for heavy-gauge/twin-station forming. Energy-dominated (quartz/ceramic emitters). | UK book 2026-10-10: energy re-priced at £0.182/kWh (DESNZ manufacturing Q2 2026 + CCL); capital, maintenance, support HELD — capex not sourced this round",""
"machine","thermoform-trim-router","CNC Trim Router / Trim Robot (5-axis)","16.72","15.79","-5.56","£/h machine only","updated (energy re-priced; capital HELD — capex not sourced)","UK plastics benchmark 2026-07. 5-axis CNC router / trim robot — finishes heavy-gauge formed parts; no part-specific trim die (offsets tool cost vs steel-rule). | UK book 2026-10-10: energy re-priced at £0.182/kWh (DESNZ manufacturing Q2 2026 + CCL); capital, maintenance, support HELD — capex not sourced this round",""
"machine","rotomould-biaxial","Biaxial Rotational Moulder (3-arm carousel)","46.9","41.2","-12.15","£/h machine only","updated (energy re-priced; capital HELD — capex not sourced)","UK plastics benchmark. 3-arm biaxial carousel. Large tanks/playground equip. Jun 2026 | UK book 2026-10-10: energy re-priced at £0.182/kWh (DESNZ manufacturing Q2 2026 + CCL); capital, maintenance, support HELD — capex not sourced this round",""
"machine","rotomould-lab-1arm","Single-Arm Rotational Moulder (small/lab)","20.78","18.31","-11.89","£/h machine only","updated (energy re-priced; capital HELD — capex not sourced)","UK plastics benchmark. Single-arm / lab roto — small tanks, prototyping, low volume. Jun 2026 | UK book 2026-10-10: energy re-priced at £0.182/kWh (DESNZ manufacturing Q2 2026 + CCL); capital, maintenance, support HELD — capex not sourced this round",""
"machine","rotomould-shuttle","Shuttle Rotational Moulder (1–2 station)","42.73","37.54","-12.15","£/h machine only","updated (energy re-priced; capital HELD — capex not sourced)","UK plastics benchmark. Shuttle roto — mid volume, large/awkward parts, flexible tool changes. Jun 2026 | UK book 2026-10-10: energy re-priced at £0.182/kWh (DESNZ manufacturing Q2 2026 + CCL); capital, maintenance, support HELD — capex not sourced this round",""
"machine","rotomould-rocknroll","Rock-and-Roll Rotational Moulder","36.21","31.76","-12.29","£/h machine only","updated (energy re-priced; capital HELD — capex not sourced)","UK plastics benchmark. Rock-and-roll — long narrow parts (kayaks, ducts, pontoons); minor-axis rock + major-axis roll. Jun 2026 | UK book 2026-10-10: energy re-priced at £0.182/kWh (DESNZ manufacturing Q2 2026 + CCL); capital, maintenance, support HELD — capex not sourced this round",""
"machine","rotomould-carousel-4arm","4-Arm Fixed Carousel Rotational Moulder","66.53","58.31","-12.36","£/h machine only","updated (energy re-priced; capital HELD — capex not sourced)","UK plastics benchmark. 4-arm fixed-carousel — high-volume independent-arm production, best oven utilisation. Jun 2026 | UK book 2026-10-10: energy re-priced at £0.182/kWh (DESNZ manufacturing Q2 2026 + CCL); capital, maintenance, support HELD — capex not sourced this round",""
"machine","ultrasonic-welder","Ultrasonic Welder","5.62","5.39","-4.09","£/h machine only","updated (energy re-priced; capital HELD — capex not sourced)","UK plastics assembly benchmark. 3kW+ ultrasonic welder, small–medium plastic parts. Jun 2026 | UK book 2026-10-10: energy re-priced at £0.182/kWh (DESNZ manufacturing Q2 2026 + CCL); capital, maintenance, support HELD — capex not sourced this round",""
"machine","hot-plate-welder","Hot Plate Welder","8.35","8","-4.19","£/h machine only","updated (energy re-priced; capital HELD — capex not sourced)","UK plastics assembly benchmark. Hot plate welding for tanks and manifolds. Jun 2026 | UK book 2026-10-10: energy re-priced at £0.182/kWh (DESNZ manufacturing Q2 2026 + CCL); capital, maintenance, support HELD — capex not sourced this round",""
"machine","vibration-welder","Vibration Welder","12.58","12.11","-3.74","£/h machine only","updated (energy re-priced; capital HELD — capex not sourced)","UK plastics assembly benchmark. Vibration welding, large flat interfaces (automotive ducts). Jun 2026 | UK book 2026-10-10: energy re-priced at £0.182/kWh (DESNZ manufacturing Q2 2026 + CCL); capital, maintenance, support HELD — capex not sourced this round",""
"machine","laser-trumpf-3030","Trumpf TruLaser 3030 (6kW Fiber)","87.46","29.47","-66.3","£/h machine only","updated (capex rebuilt: fibre-laser)","UK book 2026-10-10: machine only (the operator, overhead and margin are added by the costing). Capex £374,700 = TruLaser 3030 6 kW fibre: third-party estimate $400–550k = £374,700 midpoint (Trumpf publishes no list price); 22.0 kW (maker worked example: 6 kW fibre laser ~22 kW average); 13-yr life (German BMF AfA table, stationary cutting machines 13 yr (a published tax life, used as the economic-life proxy; no UK table found)); maintenance 3% (machine-hour-rate worked example: 3% of purchase price a year (no UK norm found)); indirect 5% (the library’s own line build-up rule (5% of capex)); finance 4% on half (the library’s own line build-up rule (4% on half the capex) — a current UK asset-finance rate was not researched); floor, hours, utilisation held; £0.182/kWh. Was £87.46/h (a build-up tuned to a shop rate). Trumpf TruLaser 3030, 6kW fiber, 3000×1500 bed. UK fab shop benchmark.","https://machinetoolindex.com/machines/trumpf-trulaser-3030-fiber"
"machine","laser-bystronic-3015","Bystronic BySmart 3015 (4kW Fiber)","71.87","22.73","-68.37","£/h machine only","updated (capex rebuilt: fibre-laser)","UK book 2026-10-10: machine only (the operator, overhead and margin are added by the costing). Capex £283,107 = laser-trumpf-3030 £374,700 (TruLaser 3030 6 kW fibre: third-party estimate $400–550k = £374,700 midpoint (Trumpf publishes no list price)) × this machine’s book size (depreciation ratio 0.756); 16.5 kW (maker worked example: 6 kW fibre laser ~22 kW average); 13-yr life (German BMF AfA table, stationary cutting machines 13 yr (a published tax life, used as the economic-life proxy; no UK table found)); maintenance 3% (machine-hour-rate worked example: 3% of purchase price a year (no UK norm found)); indirect 5% (the library’s own line build-up rule (5% of capex)); finance 4% on half (the library’s own line build-up rule (4% on half the capex) — a current UK asset-finance rate was not researched); floor, hours, utilisation held; £0.182/kWh. Was £71.87/h (a build-up tuned to a shop rate). Bystronic BySmart 3015, 4kW fiber, 3000×1500 bed. UK fab shop benchmark.","https://machinetoolindex.com/machines/trumpf-trulaser-3030-fiber"
"machine","punch-amada-emz3610","Amada EMZ 3610 Turret Punch (30T)","66.81","64.35","-3.68","£/h machine only","updated (energy re-priced; capital HELD — capex not sourced)","Amada EMZ 3610, 30T, 58-tool capacity. UK fab shop benchmark. Target £65/hr. Jun 2026 | UK book 2026-10-10: energy re-priced at £0.182/kWh (DESNZ manufacturing Q2 2026 + CCL); capital, maintenance, support HELD — capex not sourced this round (this build-up was tuned to a target shop rate; it may include operator / overhead the costing also adds)",""
"machine","punch-trumpf-5000","Trumpf TruPunch 5000 (30T)","78.87","75.86","-3.82","£/h machine only","updated (energy re-priced; capital HELD — capex not sourced)","Trumpf TruPunch 5000, 30T, 72-tool capacity. UK fab shop benchmark. Target £75/hr. Jun 2026 | UK book 2026-10-10: energy re-priced at £0.182/kWh (DESNZ manufacturing Q2 2026 + CCL); capital, maintenance, support HELD — capex not sourced this round (this build-up was tuned to a target shop rate; it may include operator / overhead the costing also adds)",""
"machine","brake-amada-hfe100","Amada HFE 100T Press Brake (3m)","56.57","54.58","-3.52","£/h machine only","updated (energy re-priced; capital HELD — capex not sourced)","Amada HFE3i 100T, 3000mm. UK fab shop benchmark. Target £55/hr. Jun 2026 | UK book 2026-10-10: energy re-priced at £0.182/kWh (DESNZ manufacturing Q2 2026 + CCL); capital, maintenance, support HELD — capex not sourced this round (this build-up was tuned to a target shop rate; it may include operator / overhead the costing also adds)",""
"machine","brake-trumpf-5230","Trumpf TruBend 5230 (230T)","71.8","69.24","-3.57","£/h machine only","updated (energy re-priced; capital HELD — capex not sourced)","Trumpf TruBend 5230, 230T, 3230mm. UK fab shop benchmark. Target £70/hr. Jun 2026 | UK book 2026-10-10: energy re-priced at £0.182/kWh (DESNZ manufacturing Q2 2026 + CCL); capital, maintenance, support HELD — capex not sourced this round (this build-up was tuned to a target shop rate; it may include operator / overhead the costing also adds)",""
"machine","press-schuler-400t","Schuler 400T Stamping Press","154.5","146.97","-4.87","£/h machine only","updated (energy re-priced; capital HELD — capex not sourced)","Schuler 400T mechanical stamping press. UK automotive press shop. Target £150/hr. Jun 2026 | UK book 2026-10-10: energy re-priced at £0.182/kWh (DESNZ manufacturing Q2 2026 + CCL); capital, maintenance, support HELD — capex not sourced this round (this build-up was tuned to a target shop rate; it may include operator / overhead the costing also adds)",""
"machine","press-aida-200t","AIDA 200T Stamping Press","123.5","118.03","-4.43","£/h machine only","updated (energy re-priced; capital HELD — capex not sourced)","AIDA 200T servo stamping press. UK press shop benchmark. Target £120/hr. Jun 2026 | UK book 2026-10-10: energy re-priced at £0.182/kWh (DESNZ manufacturing Q2 2026 + CCL); capital, maintenance, support HELD — capex not sourced this round (this build-up was tuned to a target shop rate; it may include operator / overhead the costing also adds)",""
"machine","rollform-dimeco-20st","Dimeco Roll Forming Line (20 stations)","114.41","109.27","-4.49","£/h machine only","updated (energy re-priced; capital HELD — capex not sourced)","Dimeco 20-station roll forming line. UK fabricator. Target £110/hr. Jun 2026 | UK book 2026-10-10: energy re-priced at £0.182/kWh (DESNZ manufacturing Q2 2026 + CCL); capital, maintenance, support HELD — capex not sourced this round (this build-up was tuned to a target shop rate; it may include operator / overhead the costing also adds)",""
"machine","robot-spotweld-kuka","KUKA Spot Welding Robot Cell","91.98","89.06","-3.17","£/h machine only","updated (energy re-priced; capital HELD — capex not sourced)","KUKA robot spot weld cell. UK automotive body shop. Target £90/hr. Jun 2026 | UK book 2026-10-10: energy re-priced at £0.182/kWh (DESNZ manufacturing Q2 2026 + CCL); capital, maintenance, support HELD — capex not sourced this round (this build-up was tuned to a target shop rate; it may include operator / overhead the costing also adds)",""
"machine","mig-welder-manual","Manual MIG/MAG Welder Station","5.09","4.59","-9.82","£/h machine only","updated (energy re-priced; capital HELD — capex not sourced)","Manual MIG/MAG station. Machine rate low — cost dominated by operator labour. UK fab shop. Jun 2026 | UK book 2026-10-10: energy re-priced at £0.182/kWh (DESNZ manufacturing Q2 2026 + CCL); capital, maintenance, support HELD — capex not sourced this round",""
"machine","tig-welder-manual","Manual TIG Welder Station","5.47","5.03","-8.04","£/h machine only","updated (energy re-priced; capital HELD — capex not sourced)","Manual TIG station. Machine rate low — cost dominated by skilled operator labour. UK fab shop. Jun 2026 | UK book 2026-10-10: energy re-priced at £0.182/kWh (DESNZ manufacturing Q2 2026 + CCL); capital, maintenance, support HELD — capex not sourced this round",""
"machine","laser-trumpf-5030","Trumpf TruLaser 5030 (10kW Fiber)","122.84","42.42","-65.47","£/h machine only","updated (capex rebuilt: fibre-laser)","UK book 2026-10-10: machine only (the operator, overhead and margin are added by the costing). Capex £562,050 = laser-trumpf-3030 £374,700 (TruLaser 3030 6 kW fibre: third-party estimate $400–550k = £374,700 midpoint (Trumpf publishes no list price)) × this machine’s book size (depreciation ratio 1.500); 33.1 kW (maker worked example: 6 kW fibre laser ~22 kW average); 13-yr life (German BMF AfA table, stationary cutting machines 13 yr (a published tax life, used as the economic-life proxy; no UK table found)); maintenance 3% (machine-hour-rate worked example: 3% of purchase price a year (no UK norm found)); indirect 5% (the library’s own line build-up rule (5% of capex)); finance 4% on half (the library’s own line build-up rule (4% on half the capex) — a current UK asset-finance rate was not researched); floor, hours, utilisation held; £0.182/kWh. Was £122.84/h (a build-up tuned to a shop rate). UK fab shop benchmark Jun 2026. Trumpf TruLaser 5030, 10kW fiber, 3000×1500 bed. High-speed cutting of thick plate (25mm mild steel, 15mm SS). Dynamic beam shaping BrightLine.","https://machinetoolindex.com/machines/trumpf-trulaser-3030-fiber"
"machine","laser-amada-ensis-3015","Amada ENSIS 3015 AJ (3kW Fiber)","69.52","23.15","-66.7","£/h machine only","updated (capex rebuilt: fibre-laser)","UK book 2026-10-10: machine only (the operator, overhead and margin are added by the costing). Capex £299,760 = laser-trumpf-3030 £374,700 (TruLaser 3030 6 kW fibre: third-party estimate $400–550k = £374,700 midpoint (Trumpf publishes no list price)) × this machine’s book size (depreciation ratio 0.800); 14.9 kW (maker worked example: 6 kW fibre laser ~22 kW average); 13-yr life (German BMF AfA table, stationary cutting machines 13 yr (a published tax life, used as the economic-life proxy; no UK table found)); maintenance 3% (machine-hour-rate worked example: 3% of purchase price a year (no UK norm found)); indirect 5% (the library’s own line build-up rule (5% of capex)); finance 4% on half (the library’s own line build-up rule (4% on half the capex) — a current UK asset-finance rate was not researched); floor, hours, utilisation held; £0.182/kWh. Was £69.52/h (a build-up tuned to a shop rate). UK fab shop benchmark Jun 2026. Amada ENSIS 3015 AJ, 3kW variable-beam fiber, 3000×1500 bed. Intelligent beam control — cuts thin to thick sheet without mode change.","https://machinetoolindex.com/machines/trumpf-trulaser-3030-fiber"
"machine","plasma-hypertherm-xpr300","Hypertherm XPR300 Plasma Table","41.29","38.72","-6.22","£/h machine only","updated (energy re-priced; capital HELD — capex not sourced)","UK fab shop benchmark Jun 2026. Hypertherm XPR300 plasma — 300A, cuts up to 80mm mild steel. Plasma table for structural steel, heavy plate, general fabrication. Better edge quality than HiFocus for thick plate. | UK book 2026-10-10: energy re-priced at £0.182/kWh (DESNZ manufacturing Q2 2026 + CCL); capital, maintenance, support HELD — capex not sourced this round",""
"machine","plasma-kjellberg-hifocus280","Kjellberg HiFocus 280i Plasma Table","36.46","34.12","-6.42","£/h machine only","updated (energy re-priced; capital HELD — capex not sourced)","UK fab shop benchmark Jun 2026. Kjellberg HiFocus 280i — 280A HD plasma for precision cutting up to 50mm. Better edge perpendicularity than standard plasma. | UK book 2026-10-10: energy re-priced at £0.182/kWh (DESNZ manufacturing Q2 2026 + CCL); capital, maintenance, support HELD — capex not sourced this round",""
"machine","waterjet-flow-mach500","Flow Mach 500 Waterjet (60K psi)","51.92","48.43","-6.72","£/h machine only","updated (energy re-priced; capital HELD — capex not sourced)","UK fab shop benchmark Jun 2026. Flow Mach 500, 4000×2000 bed, 60,000 psi. Cuts steel, Al, SS, titanium, glass, ceramic. No HAZ — ideal for hardened/heat-sensitive materials. | UK book 2026-10-10: energy re-priced at £0.182/kWh (DESNZ manufacturing Q2 2026 + CCL); capital, maintenance, support HELD — capex not sourced this round",""
"machine","waterjet-omax-80x","Omax 80X Waterjet (60K psi)","44.82","41.83","-6.67","£/h machine only","updated (energy re-priced; capital HELD — capex not sourced)","UK fab shop benchmark Jun 2026. Omax 80X, 2286×2286 bed, 60,000 psi. Versatile shop waterjet — metal, glass, stone, composites. Intelli-MAX software with optimised path generation. | UK book 2026-10-10: energy re-priced at £0.182/kWh (DESNZ manufacturing Q2 2026 + CCL); capital, maintenance, support HELD — capex not sourced this round",""
"machine","shear-hydraulic-3m","Hydraulic Guillotine Shear (3m × 6mm)","14.88","14.21","-4.5","£/h machine only","updated (energy re-priced; capital HELD — capex not sourced)","UK fab shop benchmark Jun 2026. Hydraulic guillotine shear, 3000mm × 6mm mild steel capacity. Straight-line blanking. Very low cycle cost — ideal for simple rectangular blanks. | UK book 2026-10-10: energy re-priced at £0.182/kWh (DESNZ manufacturing Q2 2026 + CCL); capital, maintenance, support HELD — capex not sourced this round",""
"machine","shear-guillotine-6mm","Hydraulic Shear Heavy Duty (4m × 6mm)","20.4","19.47","-4.56","£/h machine only","updated (energy re-priced; capital HELD — capex not sourced)","UK fab shop benchmark Jun 2026. Heavy-duty hydraulic shear, 4000mm × 6mm (12mm MS). For heavy plate blanking and structural steel service centres. | UK book 2026-10-10: energy re-priced at £0.182/kWh (DESNZ manufacturing Q2 2026 + CCL); capital, maintenance, support HELD — capex not sourced this round",""
"machine","brake-amada-hfe170","Amada HFE3i 170T Press Brake (4m)","70.26","67.7","-3.64","£/h machine only","updated (energy re-priced; capital HELD — capex not sourced)","UK fab shop benchmark Jun 2026. Amada HFE3i 170T, 4000mm. Larger brake for heavier plate forming and longer parts. ATC (Auto Tool Changer) option available. | UK book 2026-10-10: energy re-priced at £0.182/kWh (DESNZ manufacturing Q2 2026 + CCL); capital, maintenance, support HELD — capex not sourced this round",""
"machine","brake-trumpf-trubend3100","Trumpf TruBend 3100 (100T)","52.67","50.82","-3.51","£/h machine only","updated (energy re-priced; capital HELD — capex not sourced)","UK fab shop benchmark Jun 2026. Trumpf TruBend 3100, 100T, 3000mm. CNC press brake with BendGuard safety and TASC adaptive bending for high angle accuracy. | UK book 2026-10-10: energy re-priced at £0.182/kWh (DESNZ manufacturing Q2 2026 + CCL); capital, maintenance, support HELD — capex not sourced this round",""
"machine","brake-lvd-ppeb135","LVD PPEB 135T/30 Press Brake","60.86","58.72","-3.52","£/h machine only","updated (energy re-priced; capital HELD — capex not sourced)","UK fab shop benchmark Jun 2026. LVD PPEB 135T/30, 3000mm. Electro-hydraulic CNC brake with Touch-B offline programming and angle measurement system. | UK book 2026-10-10: energy re-priced at £0.182/kWh (DESNZ manufacturing Q2 2026 + CCL); capital, maintenance, support HELD — capex not sourced this round",""
"machine","spotweld-gun-manual","Pedestal Spot Welding Machine","7.18","6.6","-8.08","£/h machine only","updated (energy re-priced; capital HELD — capex not sourced)","UK fab shop benchmark Jun 2026. Pedestal spot welder, 100kVA, programmable pressure/time/current. Manual C-gun also available. For body panel tack welding and structural joins. | UK book 2026-10-10: energy re-priced at £0.182/kWh (DESNZ manufacturing Q2 2026 + CCL); capital, maintenance, support HELD — capex not sourced this round",""
"machine","robot-mig-cell","Robotic MIG/MAG Welding Cell","69.21","17.42","-74.83","£/h machine only","updated (capex rebuilt: robot-mig)","UK book 2026-10-10: machine only (the operator, overhead and margin are added by the costing). Capex £165,000 = UK integrator band for a single-robot welding cell £80,000–250,000 (Phoenix Robotic; Robot Store gives £65,000–120,000+ for a full system) — midpoint £165,000; 26.5 kW (no sourced draw — the book’s own running load kept); 13-yr life (German BMF AfA table, stationary cutting machines 13 yr (a published tax life, used as the economic-life proxy; no UK table found)); maintenance 3% (machine-hour-rate worked example: 3% of purchase price a year (no UK norm found)); indirect 5% (the library’s own line build-up rule (5% of capex)); finance 4% on half (the library’s own line build-up rule (4% on half the capex) — a current UK asset-finance rate was not researched); floor, hours, utilisation held; £0.182/kWh. Was £69.21/h (a build-up tuned to a shop rate). UK fab shop benchmark Jun 2026. 6-axis robot MIG cell (Fanuc/KUKA), dual-station fixture, arc-sensing seam tracking. Deposition speed 0.5–1.2 m/min. For high-volume structural welding.","https://www.phoenixrobotic.co.uk/welding-robots/"
"machine","compression-mould-std","Compression Moulding Press 250T","17.6","16.26","-7.61","£/h machine only","updated (energy re-priced; capital HELD — capex not sourced)","UK rubber moulding benchmark Jun 2026. 250T compression press — EPDM/NR/NBR gaskets, mounts. | UK book 2026-10-10: energy re-priced at £0.182/kWh (DESNZ manufacturing Q2 2026 + CCL); capital, maintenance, support HELD — capex not sourced this round",""
"machine","transfer-mould-std","Transfer Moulding Press 200T","22.05","20.4","-7.48","£/h machine only","updated (energy re-priced; capital HELD — capex not sourced)","UK rubber moulding benchmark Jun 2026. 200T transfer press — bonded rubber-metal parts, complex geometry. | UK book 2026-10-10: energy re-priced at £0.182/kWh (DESNZ manufacturing Q2 2026 + CCL); capital, maintenance, support HELD — capex not sourced this round",""
"machine","lsr-injection-machine","LSR Injection Moulding Machine","28.55","26.21","-8.2","£/h machine only","updated (energy re-priced; capital HELD — capex not sourced)","UK silicone moulding benchmark Jun 2026. Liquid silicone rubber injection (Engel/Arburg/Sumitomo). Medical/auto seals. | UK book 2026-10-10: energy re-priced at £0.182/kWh (DESNZ manufacturing Q2 2026 + CCL); capital, maintenance, support HELD — capex not sourced this round",""
"machine","cure-oven-rubber","Rubber Cure / Vulcanisation Oven","13.08","10.8","-17.43","£/h machine only","updated (energy re-priced; capital HELD — capex not sourced)","UK rubber benchmark Jun 2026. Salt-bath or hot-air oven for EPDM/NBR extrusion vulcanisation. | UK book 2026-10-10: energy re-priced at £0.182/kWh (DESNZ manufacturing Q2 2026 + CCL); capital, maintenance, support HELD — capex not sourced this round",""
"machine","extruder-rubber-60mm","Rubber Extruder 60mm (Cold-feed)","12.91","11.23","-13.01","£/h machine only","updated (energy re-priced; capital HELD — capex not sourced)","UK rubber benchmark Jun 2026. 60mm cold-feed rubber extruder — EPDM seals, hose profiles. | UK book 2026-10-10: energy re-priced at £0.182/kWh (DESNZ manufacturing Q2 2026 + CCL); capital, maintenance, support HELD — capex not sourced this round",""
"machine","die-cut-press-rubber","Hydraulic Die-Cutting Press 20T","6.91","6.36","-7.96","£/h machine only","updated (energy re-priced; capital HELD — capex not sourced)","UK rubber benchmark Jun 2026. 20T hydraulic die-cutting press — flat gaskets, seals, strips. Blanks pre-vulcanised EPDM/SBR/NBR/CR sheet at high throughput. | UK book 2026-10-10: energy re-priced at £0.182/kWh (DESNZ manufacturing Q2 2026 + CCL); capital, maintenance, support HELD — capex not sourced this round",""
"machine","autoclave-1200mm","Production Autoclave 1200mm dia","66.79","60.12","-9.99","£/h machine only","updated (energy re-priced; capital HELD — capex not sourced)","UK composites benchmark Jun 2026. 1200mm × 3000mm production autoclave. CFRP aerospace/auto structures. | UK book 2026-10-10: energy re-priced at £0.182/kWh (DESNZ manufacturing Q2 2026 + CCL); capital, maintenance, support HELD — capex not sourced this round",""
"machine","oven-composite-cure","Composite Cure Oven (Fan-Assisted)","20.97","17.98","-14.26","£/h machine only","updated (energy re-priced; capital HELD — capex not sourced)","UK composites benchmark Jun 2026. Fan-assisted oven cure — prepreg (no autoclave pressure), wet layup post-cure. | UK book 2026-10-10: energy re-priced at £0.182/kWh (DESNZ manufacturing Q2 2026 + CCL); capital, maintenance, support HELD — capex not sourced this round",""
"machine","al-ext-press-800t","Aluminium extrusion line — 800 t direct press, 4"" container","129.68","121.08","-6.63","£/h machine only","updated (energy re-priced; capital from its own capex build-up)","line build-up from capex (al-extrusion-data.ts / ev-data.ts) at the new tariff",""
"machine","al-ext-press-1450t","Aluminium extrusion line — 1,450 t direct press, 6"" container","210.12","194.64","-7.37","£/h machine only","updated (energy re-priced; capital from its own capex build-up)","line build-up from capex (al-extrusion-data.ts / ev-data.ts) at the new tariff",""
"machine","al-ext-press-1800t","Aluminium extrusion line — 1,800 t direct press, 7"" container","259.63","238.99","-7.95","£/h machine only","updated (energy re-priced; capital from its own capex build-up)","line build-up from capex (al-extrusion-data.ts / ev-data.ts) at the new tariff",""
"machine","al-ext-press-2500t","Aluminium extrusion line — 2,500 t direct press, 9"" container","367.58","338.34","-7.95","£/h machine only","updated (energy re-priced; capital from its own capex build-up)","line build-up from capex (al-extrusion-data.ts / ev-data.ts) at the new tariff",""
"machine","al-ext-press-3600t","Aluminium extrusion line — 3,600 t direct press, 10"" container","522.16","482.6","-7.58","£/h machine only","updated (energy re-priced; capital from its own capex build-up)","line build-up from capex (al-extrusion-data.ts / ev-data.ts) at the new tariff",""
"machine","al-ext-press-5500t","Aluminium extrusion line — 5,500 t direct press, 12"" container","800.38","748.78","-6.45","£/h machine only","updated (energy re-priced; capital from its own capex build-up)","line build-up from capex (al-extrusion-data.ts / ev-data.ts) at the new tariff",""
"machine","al-ext-press-8000t","Aluminium extrusion line — 8,000 t direct press, 14"" round / flat container (wide panels)","1281.76","1212.96","-5.37","£/h machine only","updated (energy re-priced; capital from its own capex build-up)","line build-up from capex (al-extrusion-data.ts / ev-data.ts) at the new tariff",""
"machine","al-ext-indirect-2800t","Aluminium extrusion line — 2,800 t indirect press, 9"" container (2xxx / 7xxx, seamless tube)","434.31","413.67","-4.75","£/h machine only","updated (energy re-priced; capital from its own capex build-up)","line build-up from capex (al-extrusion-data.ts / ev-data.ts) at the new tariff",""
"machine","al-ext-hydrostatic-1600t","Aluminium extrusion line — 1,600 t hydrostatic press (high ratio, clad wire / fine sections)","421.42","411.1","-2.45","£/h machine only","updated (energy re-priced; capital from its own capex build-up)","line build-up from capex (al-extrusion-data.ts / ev-data.ts) at the new tariff",""
"machine","al-conform-c400","Conform C400 continuous extrusion line (9.5–25 mm rod feed)","198.24","168.14","-15.18","£/h machine only","updated (energy re-priced; capital from its own capex build-up)","line build-up from capex (al-extrusion-data.ts / ev-data.ts) at the new tariff",""
"machine","al-impact-press-800t","800 t mechanical impact-extrusion press","171.85","156.37","-9.01","£/h machine only","updated (energy re-priced; capital from its own capex build-up)","line build-up from capex (al-extrusion-data.ts / ev-data.ts) at the new tariff",""
"machine","al-age-oven-batch","Batch ageing oven (T5 / T6)","33","31.71","-3.91","£/h machine only","updated (energy re-priced; capital from its own capex build-up)","line build-up from capex (al-extrusion-data.ts / ev-data.ts) at the new tariff",""
"machine","al-sht-drop-furnace","Vertical drop-quench solution heat-treatment furnace","108.79","103.63","-4.74","£/h machine only","updated (energy re-priced; capital from its own capex build-up)","line build-up from capex (al-extrusion-data.ts / ev-data.ts) at the new tariff",""
"machine","al-cnc-profile-centre","5-axis long-bed profile machining centre (7 m)","47.03","44.45","-5.49","£/h machine only","updated (energy re-priced; capital from its own capex build-up)","line build-up from capex (al-extrusion-data.ts / ev-data.ts) at the new tariff",""
"machine","al-ctl-saw","Automatic precision cut-to-length saw (bundle cutting, deburr)","18.92","17.63","-6.82","£/h machine only","updated (energy re-priced; capital from its own capex build-up)","line build-up from capex (al-extrusion-data.ts / ev-data.ts) at the new tariff",""
"machine","al-stretch-bender","CNC stretch-bending machine (3D, sweep)","76.61","73.17","-4.49","£/h machine only","updated (energy re-priced; capital from its own capex build-up)","line build-up from capex (al-extrusion-data.ts / ev-data.ts) at the new tariff",""
"machine","al-anodise-line","Anodising line (sulphuric, 10–25 µm, seal)","291.78","257.38","-11.79","£/h machine only","updated (energy re-priced; capital from its own capex build-up)","line build-up from capex (al-extrusion-data.ts / ev-data.ts) at the new tariff",""
"machine","al-powder-line","Vertical powder-coating line (pretreat + cure)","208.04","182.24","-12.4","£/h machine only","updated (energy re-priced; capital from its own capex build-up)","line build-up from capex (al-extrusion-data.ts / ev-data.ts) at the new tariff",""
"machine","al-ecoat-line","E-coat / conversion-coat line (chrome-free, for bonding)","246.47","216.37","-12.21","£/h machine only","updated (energy re-priced; capital from its own capex build-up)","line build-up from capex (al-extrusion-data.ts / ev-data.ts) at the new tariff",""
"machine","bat-cell-ocv-tester","Cell incoming OCV / IR test station","14","13.31","-4.93","£/h machine only","updated (energy re-priced; capital from its own capex build-up)","line build-up from capex (al-extrusion-data.ts / ev-data.ts) at the new tariff",""
"machine","bat-module-stacking","Cell stacking + compression line","194.45","184.13","-5.31","£/h machine only","updated (energy re-priced; capital from its own capex build-up)","line build-up from capex (al-extrusion-data.ts / ev-data.ts) at the new tariff",""
"machine","bat-laser-weld","Busbar laser welding cell (scanner)","70.41","65.25","-7.33","£/h machine only","updated (energy re-priced; capital from its own capex build-up)","line build-up from capex (al-extrusion-data.ts / ev-data.ts) at the new tariff",""
"machine","bat-module-eol","Module end-of-line tester","22.44","21.15","-5.75","£/h machine only","updated (energy re-priced; capital from its own capex build-up)","line build-up from capex (al-extrusion-data.ts / ev-data.ts) at the new tariff",""
"machine","bat-dispense","Gap-filler / adhesive dispensing cell","24.01","22.29","-7.16","£/h machine only","updated (energy re-priced; capital from its own capex build-up)","line build-up from capex (al-extrusion-data.ts / ev-data.ts) at the new tariff",""
"machine","bat-pack-assembly","Pack assembly station (semi-automatic)","37.73","35.15","-6.84","£/h machine only","updated (energy re-priced; capital from its own capex build-up)","line build-up from capex (al-extrusion-data.ts / ev-data.ts) at the new tariff",""
"machine","bat-leak-test","Pack / coolant-circuit leak tester (helium)","16.72","15.86","-5.14","£/h machine only","updated (energy re-priced; capital from its own capex build-up)","line build-up from capex (al-extrusion-data.ts / ev-data.ts) at the new tariff",""
"machine","bat-pack-eol","Pack end-of-line tester (HiPot, isolation, BMS, charge / discharge)","62.65","55.77","-10.98","£/h machine only","updated (energy re-priced; capital from its own capex build-up)","line build-up from capex (al-extrusion-data.ts / ev-data.ts) at the new tariff",""
"machine","emot-lamination-press","High-speed lamination press (progressive die, 300 spm)","155.3","142.4","-8.31","£/h machine only","updated (energy re-priced; capital from its own capex build-up)","line build-up from capex (al-extrusion-data.ts / ev-data.ts) at the new tariff",""
"machine","emot-hairpin-line","Hairpin forming + insertion line","206","198.26","-3.76","£/h machine only","updated (energy re-priced; capital from its own capex build-up)","line build-up from capex (al-extrusion-data.ts / ev-data.ts) at the new tariff",""
"machine","emot-winding-machine","Round-wire winding + insertion machine","49.25","46.67","-5.24","£/h machine only","updated (energy re-priced; capital from its own capex build-up)","line build-up from capex (al-extrusion-data.ts / ev-data.ts) at the new tariff",""
"machine","emot-hairpin-weld","Hairpin twist + laser weld cell","84","78.84","-6.14","£/h machine only","updated (energy re-priced; capital from its own capex build-up)","line build-up from capex (al-extrusion-data.ts / ev-data.ts) at the new tariff",""
"machine","emot-impregnation","Trickle / VPI impregnation + cure line","105.32","89.84","-14.7","£/h machine only","updated (energy re-priced; capital from its own capex build-up)","line build-up from capex (al-extrusion-data.ts / ev-data.ts) at the new tariff",""
"machine","emot-rotor-line","Rotor magnet insertion + bonding + shaft press","82.46","78.16","-5.21","£/h machine only","updated (energy re-priced; capital from its own capex build-up)","line build-up from capex (al-extrusion-data.ts / ev-data.ts) at the new tariff",""
"machine","emot-balancing","Rotor balancing machine","20.02","18.73","-6.44","£/h machine only","updated (energy re-priced; capital from its own capex build-up)","line build-up from capex (al-extrusion-data.ts / ev-data.ts) at the new tariff",""
"machine","emot-assembly-line","Motor final assembly line (shrink-fit, bearings, resolver)","105.92","99.04","-6.5","£/h machine only","updated (energy re-priced; capital from its own capex build-up)","line build-up from capex (al-extrusion-data.ts / ev-data.ts) at the new tariff",""
"machine","emot-eol","Motor end-of-line tester (back-EMF, HiPot, partial discharge, NVH)","73.37","63.05","-14.07","£/h machine only","updated (energy re-priced; capital from its own capex build-up)","line build-up from capex (al-extrusion-data.ts / ev-data.ts) at the new tariff",""
"machine","rtm-press-std","RTM / VARTM Injection Press","22.78","21.14","-7.2","£/h machine only","updated (energy re-priced; capital HELD — capex not sourced)","UK composites benchmark Jun 2026. Resin Transfer Moulding injection press. Structural automotive CFRP/GFRP. | UK book 2026-10-10: energy re-priced at £0.182/kWh (DESNZ manufacturing Q2 2026 + CCL); capital, maintenance, support HELD — capex not sourced this round",""
"machine","waterjet-5ax-composite","5-Axis Waterjet Trim System","33.14","30.65","-7.51","£/h machine only","updated (energy re-priced; capital HELD — capex not sourced)","UK composites benchmark Jun 2026. 5-axis waterjet trim/drill for CFRP panels. 380 MPa, 0.4mm orifice. | UK book 2026-10-10: energy re-priced at £0.182/kWh (DESNZ manufacturing Q2 2026 + CCL); capital, maintenance, support HELD — capex not sourced this round",""
"machine","mach-afp-atl","AFP/ATL Composite Cell","287.36","276.68","-3.72","£/h machine only","updated (energy re-priced; capital HELD — capex not sourced)","Automated Fibre/Tape Placement cell. Rate includes robot, gantry, head, NC software, maintenance. Setup: 4.0 hr. UK composites benchmark Jun 2026. | UK book 2026-10-10: energy re-priced at £0.182/kWh (DESNZ manufacturing Q2 2026 + CCL); capital, maintenance, support HELD — capex not sourced this round",""
"machine","harness-test-sys","Electrical Harness Test System (Continuity + HiPot)","11.9","11.55","-2.94","£/h machine only","updated (energy re-priced; capital HELD — capex not sourced)","UK harness benchmark Jun 2026. Automated electrical test: continuity, insulation resistance, HiPot. IATF-compliant. | UK book 2026-10-10: energy re-priced at £0.182/kWh (DESNZ manufacturing Q2 2026 + CCL); capital, maintenance, support HELD — capex not sourced this round",""
"machine","mach-vmc3-cn","VMC 3-axis CNC (China)","10.25","10.11","-1.37","£/h (country benchmark)","held (a country benchmark; energy line restated on the new UK basis, kWh unchanged)","China CNC machining benchmark. 3-axis VMC, Jiangsu/Guangdong region. Jun 2026",""
"machine","mach-vmc3-in","VMC 3-axis CNC (India)","10.01","9.82","-1.9","£/h (country benchmark)","held (a country benchmark; energy line restated on the new UK basis, kWh unchanged)","India CNC machining benchmark. Pune/Chennai corridor. Jun 2026",""
"machine","mach-vmc3-de","VMC 3-axis CNC (Germany)","16.64","16.17","-2.82","£/h (country benchmark)","held (a country benchmark; energy line restated on the new UK basis, kWh unchanged)","Germany precision machining benchmark. Baden-Württemberg. Jun 2026",""
"machine","mach-vmc3-pl","VMC 3-axis CNC (Poland)","11.59","11.31","-2.42","£/h (country benchmark)","held (a country benchmark; energy line restated on the new UK basis, kWh unchanged)","Poland CNC machining benchmark. Silesia/Lower Silesia. Jun 2026",""
"machine","mach-vmc3-mx","VMC 3-axis CNC (Mexico)","10.52","10.31","-2","£/h (country benchmark)","held (a country benchmark; energy line restated on the new UK basis, kWh unchanged)","Mexico CNC machining benchmark. Monterrey/Guanajuato. Jun 2026",""
"machine","imm-200t-cn","Injection Moulding 200T (China)","11.17","10.81","-3.22","£/h (country benchmark)","held (a country benchmark; energy line restated on the new UK basis, kWh unchanged)","China injection moulding benchmark. Taizhou/Guangdong plastics belt. Jun 2026",""
"machine","imm-200t-in","Injection Moulding 200T (India)","11.42","10.92","-4.38","£/h (country benchmark)","held (a country benchmark; energy line restated on the new UK basis, kWh unchanged)","India injection moulding benchmark. Pune/Rajkot plastics cluster. Jun 2026",""
"machine","imm-200t-de","Injection Moulding 200T (Germany)","21.77","20.58","-5.47","£/h (country benchmark)","held (a country benchmark; energy line restated on the new UK basis, kWh unchanged)","Germany injection moulding benchmark. Jun 2026",""
"machine","imm-200t-pl","Injection Moulding 200T (Poland)","14.04","13.3","-5.27","£/h (country benchmark)","held (a country benchmark; energy line restated on the new UK basis, kWh unchanged)","Poland injection moulding benchmark. Jun 2026",""
"machine","imm-200t-mx","Injection Moulding 200T (Mexico)","11.97","11.41","-4.68","£/h (country benchmark)","held (a country benchmark; energy line restated on the new UK basis, kWh unchanged)","Mexico injection moulding benchmark. Monterrey/Saltillo. Jun 2026",""
"machine","hpdc-500t-cn","HPDC 500T (China)","29.49","28.58","-3.09","£/h (country benchmark)","held (a country benchmark; energy line restated on the new UK basis, kWh unchanged)","China HPDC foundry benchmark. ADC12 Al alloy. Guangdong/Jiangsu. Jun 2026",""
"machine","hpdc-500t-in","HPDC 500T (India)","30.05","28.79","-4.19","£/h (country benchmark)","held (a country benchmark; energy line restated on the new UK basis, kWh unchanged)","India HPDC foundry benchmark. Rajkot/Pune auto cluster. Jun 2026",""
"machine","hpdc-500t-mx","HPDC 500T (Mexico)","31.15","29.78","-4.4","£/h (country benchmark)","held (a country benchmark; energy line restated on the new UK basis, kWh unchanged)","Mexico HPDC benchmark. Monterrey auto zone. Jun 2026",""
"machine","press-400t-cn","Stamping Press 400T (China)","19.88","19.29","-2.97","£/h (country benchmark)","held (a country benchmark; energy line restated on the new UK basis, kWh unchanged)","China press shop benchmark. Wuhan/Shanghai auto stamping. Jun 2026",""
"machine","press-400t-in","Stamping Press 400T (India)","20.15","19.33","-4.07","£/h (country benchmark)","held (a country benchmark; energy line restated on the new UK basis, kWh unchanged)","India press shop benchmark. Pune/NCR auto cluster. Jun 2026",""
"machine","press-400t-pl","Stamping Press 400T (Poland)","23.67","22.48","-5.03","£/h (country benchmark)","held (a country benchmark; energy line restated on the new UK basis, kWh unchanged)","Poland stamping press benchmark. Silesia auto suppliers. Jun 2026",""
"machine","press-400t-mx","Stamping Press 400T (Mexico)","21.11","20.22","-4.22","£/h (country benchmark)","held (a country benchmark; energy line restated on the new UK basis, kWh unchanged)","Mexico stamping benchmark. Saltillo auto corridor. Jun 2026",""
"machine","bench-assembly-cn","Manual Assembly Bench (China)","1.48","1.46","-1.35","£/h (country benchmark)","held (a country benchmark; energy line restated on the new UK basis, kWh unchanged)","China assembly benchmark. Shenzhen/Suzhou. Harness, PCBA, BIW subassembly. Jun 2026",""
"machine","bench-assembly-in","Manual Assembly Bench (India)","1.38","1.35","-2.17","£/h (country benchmark)","held (a country benchmark; energy line restated on the new UK basis, kWh unchanged)","India assembly benchmark. Pune/Nashik auto corridor. Jun 2026",""
"machine","bench-assembly-mx","Manual Assembly Bench (Mexico)","1.57","1.53","-2.55","£/h (country benchmark)","held (a country benchmark; energy line restated on the new UK basis, kWh unchanged)","Mexico assembly benchmark. Juárez/Monterrey maquiladora. Jun 2026",""
"machine","bench-assembly-vn","Manual Assembly Bench (Vietnam)","1.19","1.16","-2.52","£/h (country benchmark)","held (a country benchmark; energy line restated on the new UK basis, kWh unchanged)","Vietnam assembly benchmark. Ho Chi Minh City / Hanoi. Wiring harness. Jun 2026",""
"machine","bench-assembly-pl","Manual Assembly Bench (Poland)","1.82","1.77","-2.75","£/h (country benchmark)","held (a country benchmark; energy line restated on the new UK basis, kWh unchanged)","Poland assembly benchmark. Łódź/Wrocław. Harness, electronics. Jun 2026",""
