ISO-10303-21;
HEADER;
FILE_DESCRIPTION(('Open CASCADE Model'),'2;1');
FILE_NAME('Open CASCADE Shape Model','2026-08-07T20:21:49',('Author'),(
    'Open CASCADE'),'Open CASCADE STEP processor 7.8','Open CASCADE 7.8'
  ,'Unknown');
FILE_SCHEMA(('AUTOMOTIVE_DESIGN { 1 0 10303 214 1 1 1 1 }'));
ENDSEC;
DATA;
#1 = APPLICATION_PROTOCOL_DEFINITION('international standard',
  'automotive_design',2000,#2);
#2 = APPLICATION_CONTEXT(
  'core data for automotive mechanical design processes');
#3 = SHAPE_DEFINITION_REPRESENTATION(#4,#10);
#4 = PRODUCT_DEFINITION_SHAPE('','',#5);
#5 = PRODUCT_DEFINITION('design','',#6,#9);
#6 = PRODUCT_DEFINITION_FORMATION('','',#7);
#7 = PRODUCT('filleted-pocket.step 10','filleted-pocket.step 10','',(#8)
  );
#8 = PRODUCT_CONTEXT('',#2,'mechanical');
#9 = PRODUCT_DEFINITION_CONTEXT('part definition',#2,'design');
#10 = ADVANCED_BREP_SHAPE_REPRESENTATION('',(#11,#15),#2723);
#11 = AXIS2_PLACEMENT_3D('',#12,#13,#14);
#12 = CARTESIAN_POINT('',(0.,0.,0.));
#13 = DIRECTION('',(0.,0.,1.));
#14 = DIRECTION('',(1.,0.,-0.));
#15 = MANIFOLD_SOLID_BREP('',#16);
#16 = CLOSED_SHELL('',(#17,#137,#225,#304,#385,#461,#491,#521,#597,#678,
    #703,#1018,#1043,#1119,#1152,#1183,#1259,#1292,#1359,#1392,#1459,
    #1533,#1587,#1641,#1694,#1747,#1801,#1855,#1887,#1952,#1958,#1964,
    #1971,#1977,#1983,#2059,#2114,#2169,#2223,#2277,#2332,#2387,#2419,
    #2493,#2518,#2543,#2591,#2639,#2664,#2689,#2716));
#17 = ADVANCED_FACE('',(#18),#32,.F.);
#18 = FACE_BOUND('',#19,.F.);
#19 = EDGE_LOOP('',(#20,#55,#83,#111));
#20 = ORIENTED_EDGE('',*,*,#21,.F.);
#21 = EDGE_CURVE('',#22,#24,#26,.T.);
#22 = VERTEX_POINT('',#23);
#23 = CARTESIAN_POINT('',(-4.440892098501E-16,3.,3.));
#24 = VERTEX_POINT('',#25);
#25 = CARTESIAN_POINT('',(-4.440892098501E-16,3.,27.));
#26 = SURFACE_CURVE('',#27,(#31,#43),.PCURVE_S1.);
#27 = LINE('',#28,#29);
#28 = CARTESIAN_POINT('',(-4.440892098501E-16,3.,0.));
#29 = VECTOR('',#30,1.);
#30 = DIRECTION('',(0.,0.,1.));
#31 = PCURVE('',#32,#37);
#32 = PLANE('',#33);
#33 = AXIS2_PLACEMENT_3D('',#34,#35,#36);
#34 = CARTESIAN_POINT('',(0.,0.,0.));
#35 = DIRECTION('',(1.,0.,-0.));
#36 = DIRECTION('',(0.,0.,1.));
#37 = DEFINITIONAL_REPRESENTATION('',(#38),#42);
#38 = LINE('',#39,#40);
#39 = CARTESIAN_POINT('',(0.,-3.));
#40 = VECTOR('',#41,1.);
#41 = DIRECTION('',(1.,0.));
#42 = ( GEOMETRIC_REPRESENTATION_CONTEXT(2) 
PARAMETRIC_REPRESENTATION_CONTEXT() REPRESENTATION_CONTEXT('2D SPACE',''
  ) );
#43 = PCURVE('',#44,#49);
#44 = CYLINDRICAL_SURFACE('',#45,3.);
#45 = AXIS2_PLACEMENT_3D('',#46,#47,#48);
#46 = CARTESIAN_POINT('',(3.,3.,0.));
#47 = DIRECTION('',(0.,0.,1.));
#48 = DIRECTION('',(-1.,-0.,0.));
#49 = DEFINITIONAL_REPRESENTATION('',(#50),#54);
#50 = LINE('',#51,#52);
#51 = CARTESIAN_POINT('',(0.,0.));
#52 = VECTOR('',#53,1.);
#53 = DIRECTION('',(0.,1.));
#54 = ( GEOMETRIC_REPRESENTATION_CONTEXT(2) 
PARAMETRIC_REPRESENTATION_CONTEXT() REPRESENTATION_CONTEXT('2D SPACE',''
  ) );
#55 = ORIENTED_EDGE('',*,*,#56,.T.);
#56 = EDGE_CURVE('',#22,#57,#59,.T.);
#57 = VERTEX_POINT('',#58);
#58 = CARTESIAN_POINT('',(-4.440892098501E-16,57.,3.));
#59 = SURFACE_CURVE('',#60,(#64,#71),.PCURVE_S1.);
#60 = LINE('',#61,#62);
#61 = CARTESIAN_POINT('',(-4.440892098501E-16,0.,3.));
#62 = VECTOR('',#63,1.);
#63 = DIRECTION('',(-0.,1.,0.));
#64 = PCURVE('',#32,#65);
#65 = DEFINITIONAL_REPRESENTATION('',(#66),#70);
#66 = LINE('',#67,#68);
#67 = CARTESIAN_POINT('',(3.,0.));
#68 = VECTOR('',#69,1.);
#69 = DIRECTION('',(0.,-1.));
#70 = ( GEOMETRIC_REPRESENTATION_CONTEXT(2) 
PARAMETRIC_REPRESENTATION_CONTEXT() REPRESENTATION_CONTEXT('2D SPACE',''
  ) );
#71 = PCURVE('',#72,#77);
#72 = CYLINDRICAL_SURFACE('',#73,3.);
#73 = AXIS2_PLACEMENT_3D('',#74,#75,#76);
#74 = CARTESIAN_POINT('',(3.,0.,3.));
#75 = DIRECTION('',(-0.,1.,0.));
#76 = DIRECTION('',(-1.,-0.,0.));
#77 = DEFINITIONAL_REPRESENTATION('',(#78),#82);
#78 = LINE('',#79,#80);
#79 = CARTESIAN_POINT('',(-0.,0.));
#80 = VECTOR('',#81,1.);
#81 = DIRECTION('',(-0.,1.));
#82 = ( GEOMETRIC_REPRESENTATION_CONTEXT(2) 
PARAMETRIC_REPRESENTATION_CONTEXT() REPRESENTATION_CONTEXT('2D SPACE',''
  ) );
#83 = ORIENTED_EDGE('',*,*,#84,.T.);
#84 = EDGE_CURVE('',#57,#85,#87,.T.);
#85 = VERTEX_POINT('',#86);
#86 = CARTESIAN_POINT('',(-4.440892098501E-16,57.,27.));
#87 = SURFACE_CURVE('',#88,(#92,#99),.PCURVE_S1.);
#88 = LINE('',#89,#90);
#89 = CARTESIAN_POINT('',(-4.440892098501E-16,57.,0.));
#90 = VECTOR('',#91,1.);
#91 = DIRECTION('',(0.,0.,1.));
#92 = PCURVE('',#32,#93);
#93 = DEFINITIONAL_REPRESENTATION('',(#94),#98);
#94 = LINE('',#95,#96);
#95 = CARTESIAN_POINT('',(0.,-57.));
#96 = VECTOR('',#97,1.);
#97 = DIRECTION('',(1.,0.));
#98 = ( GEOMETRIC_REPRESENTATION_CONTEXT(2) 
PARAMETRIC_REPRESENTATION_CONTEXT() REPRESENTATION_CONTEXT('2D SPACE',''
  ) );
#99 = PCURVE('',#100,#105);
#100 = CYLINDRICAL_SURFACE('',#101,3.);
#101 = AXIS2_PLACEMENT_3D('',#102,#103,#104);
#102 = CARTESIAN_POINT('',(3.,57.,0.));
#103 = DIRECTION('',(0.,0.,1.));
#104 = DIRECTION('',(-1.,-0.,0.));
#105 = DEFINITIONAL_REPRESENTATION('',(#106),#110);
#106 = LINE('',#107,#108);
#107 = CARTESIAN_POINT('',(-0.,0.));
#108 = VECTOR('',#109,1.);
#109 = DIRECTION('',(-0.,1.));
#110 = ( GEOMETRIC_REPRESENTATION_CONTEXT(2) 
PARAMETRIC_REPRESENTATION_CONTEXT() REPRESENTATION_CONTEXT('2D SPACE',''
  ) );
#111 = ORIENTED_EDGE('',*,*,#112,.F.);
#112 = EDGE_CURVE('',#24,#85,#113,.T.);
#113 = SURFACE_CURVE('',#114,(#118,#125),.PCURVE_S1.);
#114 = LINE('',#115,#116);
#115 = CARTESIAN_POINT('',(-4.440892098501E-16,0.,27.));
#116 = VECTOR('',#117,1.);
#117 = DIRECTION('',(-0.,1.,0.));
#118 = PCURVE('',#32,#119);
#119 = DEFINITIONAL_REPRESENTATION('',(#120),#124);
#120 = LINE('',#121,#122);
#121 = CARTESIAN_POINT('',(27.,0.));
#122 = VECTOR('',#123,1.);
#123 = DIRECTION('',(0.,-1.));
#124 = ( GEOMETRIC_REPRESENTATION_CONTEXT(2) 
PARAMETRIC_REPRESENTATION_CONTEXT() REPRESENTATION_CONTEXT('2D SPACE',''
  ) );
#125 = PCURVE('',#126,#131);
#126 = CYLINDRICAL_SURFACE('',#127,3.);
#127 = AXIS2_PLACEMENT_3D('',#128,#129,#130);
#128 = CARTESIAN_POINT('',(3.,0.,27.));
#129 = DIRECTION('',(-0.,1.,0.));
#130 = DIRECTION('',(-1.,-0.,0.));
#131 = DEFINITIONAL_REPRESENTATION('',(#132),#136);
#132 = LINE('',#133,#134);
#133 = CARTESIAN_POINT('',(0.,0.));
#134 = VECTOR('',#135,1.);
#135 = DIRECTION('',(0.,1.));
#136 = ( GEOMETRIC_REPRESENTATION_CONTEXT(2) 
PARAMETRIC_REPRESENTATION_CONTEXT() REPRESENTATION_CONTEXT('2D SPACE',''
  ) );
#137 = ADVANCED_FACE('',(#138),#44,.T.);
#138 = FACE_BOUND('',#139,.T.);
#139 = EDGE_LOOP('',(#140,#141,#170,#198));
#140 = ORIENTED_EDGE('',*,*,#21,.F.);
#141 = ORIENTED_EDGE('',*,*,#142,.T.);
#142 = EDGE_CURVE('',#22,#143,#145,.T.);
#143 = VERTEX_POINT('',#144);
#144 = CARTESIAN_POINT('',(3.,-4.440892098501E-16,3.));
#145 = SURFACE_CURVE('',#146,(#151,#158),.PCURVE_S1.);
#146 = CIRCLE('',#147,3.);
#147 = AXIS2_PLACEMENT_3D('',#148,#149,#150);
#148 = CARTESIAN_POINT('',(3.,3.,3.));
#149 = DIRECTION('',(0.,0.,1.));
#150 = DIRECTION('',(-1.,0.,0.));
#151 = PCURVE('',#44,#152);
#152 = DEFINITIONAL_REPRESENTATION('',(#153),#157);
#153 = LINE('',#154,#155);
#154 = CARTESIAN_POINT('',(0.,3.));
#155 = VECTOR('',#156,1.);
#156 = DIRECTION('',(1.,0.));
#157 = ( GEOMETRIC_REPRESENTATION_CONTEXT(2) 
PARAMETRIC_REPRESENTATION_CONTEXT() REPRESENTATION_CONTEXT('2D SPACE',''
  ) );
#158 = PCURVE('',#159,#164);
#159 = SPHERICAL_SURFACE('',#160,3.);
#160 = AXIS2_PLACEMENT_3D('',#161,#162,#163);
#161 = CARTESIAN_POINT('',(3.,3.,3.));
#162 = DIRECTION('',(0.,0.,1.));
#163 = DIRECTION('',(-1.,0.,0.));
#164 = DEFINITIONAL_REPRESENTATION('',(#165),#169);
#165 = LINE('',#166,#167);
#166 = CARTESIAN_POINT('',(0.,0.));
#167 = VECTOR('',#168,1.);
#168 = DIRECTION('',(1.,0.));
#169 = ( GEOMETRIC_REPRESENTATION_CONTEXT(2) 
PARAMETRIC_REPRESENTATION_CONTEXT() REPRESENTATION_CONTEXT('2D SPACE',''
  ) );
#170 = ORIENTED_EDGE('',*,*,#171,.T.);
#171 = EDGE_CURVE('',#143,#172,#174,.T.);
#172 = VERTEX_POINT('',#173);
#173 = CARTESIAN_POINT('',(3.,-4.440892098501E-16,27.));
#174 = SURFACE_CURVE('',#175,(#179,#186),.PCURVE_S1.);
#175 = LINE('',#176,#177);
#176 = CARTESIAN_POINT('',(3.,-4.440892098501E-16,0.));
#177 = VECTOR('',#178,1.);
#178 = DIRECTION('',(0.,0.,1.));
#179 = PCURVE('',#44,#180);
#180 = DEFINITIONAL_REPRESENTATION('',(#181),#185);
#181 = LINE('',#182,#183);
#182 = CARTESIAN_POINT('',(1.570796326795,0.));
#183 = VECTOR('',#184,1.);
#184 = DIRECTION('',(0.,1.));
#185 = ( GEOMETRIC_REPRESENTATION_CONTEXT(2) 
PARAMETRIC_REPRESENTATION_CONTEXT() REPRESENTATION_CONTEXT('2D SPACE',''
  ) );
#186 = PCURVE('',#187,#192);
#187 = PLANE('',#188);
#188 = AXIS2_PLACEMENT_3D('',#189,#190,#191);
#189 = CARTESIAN_POINT('',(0.,0.,0.));
#190 = DIRECTION('',(-0.,1.,0.));
#191 = DIRECTION('',(0.,0.,1.));
#192 = DEFINITIONAL_REPRESENTATION('',(#193),#197);
#193 = LINE('',#194,#195);
#194 = CARTESIAN_POINT('',(0.,3.));
#195 = VECTOR('',#196,1.);
#196 = DIRECTION('',(1.,0.));
#197 = ( GEOMETRIC_REPRESENTATION_CONTEXT(2) 
PARAMETRIC_REPRESENTATION_CONTEXT() REPRESENTATION_CONTEXT('2D SPACE',''
  ) );
#198 = ORIENTED_EDGE('',*,*,#199,.F.);
#199 = EDGE_CURVE('',#24,#172,#200,.T.);
#200 = SURFACE_CURVE('',#201,(#206,#213),.PCURVE_S1.);
#201 = CIRCLE('',#202,3.);
#202 = AXIS2_PLACEMENT_3D('',#203,#204,#205);
#203 = CARTESIAN_POINT('',(3.,3.,27.));
#204 = DIRECTION('',(0.,0.,1.));
#205 = DIRECTION('',(-1.,0.,0.));
#206 = PCURVE('',#44,#207);
#207 = DEFINITIONAL_REPRESENTATION('',(#208),#212);
#208 = LINE('',#209,#210);
#209 = CARTESIAN_POINT('',(0.,27.));
#210 = VECTOR('',#211,1.);
#211 = DIRECTION('',(1.,0.));
#212 = ( GEOMETRIC_REPRESENTATION_CONTEXT(2) 
PARAMETRIC_REPRESENTATION_CONTEXT() REPRESENTATION_CONTEXT('2D SPACE',''
  ) );
#213 = PCURVE('',#214,#219);
#214 = SPHERICAL_SURFACE('',#215,3.);
#215 = AXIS2_PLACEMENT_3D('',#216,#217,#218);
#216 = CARTESIAN_POINT('',(3.,3.,27.));
#217 = DIRECTION('',(-0.,-0.,-1.));
#218 = DIRECTION('',(-1.,0.,0.));
#219 = DEFINITIONAL_REPRESENTATION('',(#220),#224);
#220 = LINE('',#221,#222);
#221 = CARTESIAN_POINT('',(-0.,0.));
#222 = VECTOR('',#223,1.);
#223 = DIRECTION('',(-1.,0.));
#224 = ( GEOMETRIC_REPRESENTATION_CONTEXT(2) 
PARAMETRIC_REPRESENTATION_CONTEXT() REPRESENTATION_CONTEXT('2D SPACE',''
  ) );
#225 = ADVANCED_FACE('',(#226),#72,.T.);
#226 = FACE_BOUND('',#227,.F.);
#227 = EDGE_LOOP('',(#228,#250,#278,#303));
#228 = ORIENTED_EDGE('',*,*,#229,.F.);
#229 = EDGE_CURVE('',#230,#22,#232,.T.);
#230 = VERTEX_POINT('',#231);
#231 = CARTESIAN_POINT('',(3.,3.,0.));
#232 = SURFACE_CURVE('',#233,(#238,#244),.PCURVE_S1.);
#233 = CIRCLE('',#234,3.);
#234 = AXIS2_PLACEMENT_3D('',#235,#236,#237);
#235 = CARTESIAN_POINT('',(3.,3.,3.));
#236 = DIRECTION('',(0.,1.,-0.));
#237 = DIRECTION('',(-1.,0.,0.));
#238 = PCURVE('',#72,#239);
#239 = DEFINITIONAL_REPRESENTATION('',(#240),#243);
#240 = B_SPLINE_CURVE_WITH_KNOTS('',1,(#241,#242),.UNSPECIFIED.,.F.,.F.,
  (2,2),(4.712388980385,6.28318530718),.PIECEWISE_BEZIER_KNOTS.);
#241 = CARTESIAN_POINT('',(-1.570796326795,3.));
#242 = CARTESIAN_POINT('',(0.,3.));
#243 = ( GEOMETRIC_REPRESENTATION_CONTEXT(2) 
PARAMETRIC_REPRESENTATION_CONTEXT() REPRESENTATION_CONTEXT('2D SPACE',''
  ) );
#244 = PCURVE('',#159,#245);
#245 = DEFINITIONAL_REPRESENTATION('',(#246),#249);
#246 = B_SPLINE_CURVE_WITH_KNOTS('',1,(#247,#248),.UNSPECIFIED.,.F.,.F.,
  (2,2),(4.712388980385,6.28318530718),.PIECEWISE_BEZIER_KNOTS.);
#247 = CARTESIAN_POINT('',(0.,-1.570796326795));
#248 = CARTESIAN_POINT('',(0.,0.));
#249 = ( GEOMETRIC_REPRESENTATION_CONTEXT(2) 
PARAMETRIC_REPRESENTATION_CONTEXT() REPRESENTATION_CONTEXT('2D SPACE',''
  ) );
#250 = ORIENTED_EDGE('',*,*,#251,.T.);
#251 = EDGE_CURVE('',#230,#252,#254,.T.);
#252 = VERTEX_POINT('',#253);
#253 = CARTESIAN_POINT('',(3.,57.,0.));
#254 = SURFACE_CURVE('',#255,(#259,#266),.PCURVE_S1.);
#255 = LINE('',#256,#257);
#256 = CARTESIAN_POINT('',(3.,0.,-4.440892098501E-16));
#257 = VECTOR('',#258,1.);
#258 = DIRECTION('',(-0.,1.,0.));
#259 = PCURVE('',#72,#260);
#260 = DEFINITIONAL_REPRESENTATION('',(#261),#265);
#261 = LINE('',#262,#263);
#262 = CARTESIAN_POINT('',(-1.570796326795,0.));
#263 = VECTOR('',#264,1.);
#264 = DIRECTION('',(-0.,1.));
#265 = ( GEOMETRIC_REPRESENTATION_CONTEXT(2) 
PARAMETRIC_REPRESENTATION_CONTEXT() REPRESENTATION_CONTEXT('2D SPACE',''
  ) );
#266 = PCURVE('',#267,#272);
#267 = PLANE('',#268);
#268 = AXIS2_PLACEMENT_3D('',#269,#270,#271);
#269 = CARTESIAN_POINT('',(0.,0.,0.));
#270 = DIRECTION('',(0.,0.,1.));
#271 = DIRECTION('',(1.,0.,-0.));
#272 = DEFINITIONAL_REPRESENTATION('',(#273),#277);
#273 = LINE('',#274,#275);
#274 = CARTESIAN_POINT('',(3.,0.));
#275 = VECTOR('',#276,1.);
#276 = DIRECTION('',(0.,1.));
#277 = ( GEOMETRIC_REPRESENTATION_CONTEXT(2) 
PARAMETRIC_REPRESENTATION_CONTEXT() REPRESENTATION_CONTEXT('2D SPACE',''
  ) );
#278 = ORIENTED_EDGE('',*,*,#279,.T.);
#279 = EDGE_CURVE('',#252,#57,#280,.T.);
#280 = SURFACE_CURVE('',#281,(#286,#292),.PCURVE_S1.);
#281 = CIRCLE('',#282,3.);
#282 = AXIS2_PLACEMENT_3D('',#283,#284,#285);
#283 = CARTESIAN_POINT('',(3.,57.,3.));
#284 = DIRECTION('',(0.,1.,-0.));
#285 = DIRECTION('',(-1.,0.,0.));
#286 = PCURVE('',#72,#287);
#287 = DEFINITIONAL_REPRESENTATION('',(#288),#291);
#288 = B_SPLINE_CURVE_WITH_KNOTS('',1,(#289,#290),.UNSPECIFIED.,.F.,.F.,
  (2,2),(4.712388980385,6.28318530718),.PIECEWISE_BEZIER_KNOTS.);
#289 = CARTESIAN_POINT('',(-1.570796326795,57.));
#290 = CARTESIAN_POINT('',(0.,57.));
#291 = ( GEOMETRIC_REPRESENTATION_CONTEXT(2) 
PARAMETRIC_REPRESENTATION_CONTEXT() REPRESENTATION_CONTEXT('2D SPACE',''
  ) );
#292 = PCURVE('',#293,#298);
#293 = SPHERICAL_SURFACE('',#294,3.);
#294 = AXIS2_PLACEMENT_3D('',#295,#296,#297);
#295 = CARTESIAN_POINT('',(3.,57.,3.));
#296 = DIRECTION('',(0.,0.,1.));
#297 = DIRECTION('',(-1.,0.,0.));
#298 = DEFINITIONAL_REPRESENTATION('',(#299),#302);
#299 = B_SPLINE_CURVE_WITH_KNOTS('',1,(#300,#301),.UNSPECIFIED.,.F.,.F.,
  (2,2),(4.712388980385,6.28318530718),.PIECEWISE_BEZIER_KNOTS.);
#300 = CARTESIAN_POINT('',(0.,-1.570796326795));
#301 = CARTESIAN_POINT('',(0.,0.));
#302 = ( GEOMETRIC_REPRESENTATION_CONTEXT(2) 
PARAMETRIC_REPRESENTATION_CONTEXT() REPRESENTATION_CONTEXT('2D SPACE',''
  ) );
#303 = ORIENTED_EDGE('',*,*,#56,.F.);
#304 = ADVANCED_FACE('',(#305),#126,.T.);
#305 = FACE_BOUND('',#306,.T.);
#306 = EDGE_LOOP('',(#307,#329,#357,#384));
#307 = ORIENTED_EDGE('',*,*,#308,.F.);
#308 = EDGE_CURVE('',#309,#24,#311,.T.);
#309 = VERTEX_POINT('',#310);
#310 = CARTESIAN_POINT('',(3.,3.,30.));
#311 = SURFACE_CURVE('',#312,(#317,#323),.PCURVE_S1.);
#312 = CIRCLE('',#313,3.);
#313 = AXIS2_PLACEMENT_3D('',#314,#315,#316);
#314 = CARTESIAN_POINT('',(3.,3.,27.));
#315 = DIRECTION('',(0.,-1.,0.));
#316 = DIRECTION('',(-1.,0.,0.));
#317 = PCURVE('',#126,#318);
#318 = DEFINITIONAL_REPRESENTATION('',(#319),#322);
#319 = B_SPLINE_CURVE_WITH_KNOTS('',1,(#320,#321),.UNSPECIFIED.,.F.,.F.,
  (2,2),(4.712388980385,6.28318530718),.PIECEWISE_BEZIER_KNOTS.);
#320 = CARTESIAN_POINT('',(1.570796326795,3.));
#321 = CARTESIAN_POINT('',(0.,3.));
#322 = ( GEOMETRIC_REPRESENTATION_CONTEXT(2) 
PARAMETRIC_REPRESENTATION_CONTEXT() REPRESENTATION_CONTEXT('2D SPACE',''
  ) );
#323 = PCURVE('',#214,#324);
#324 = DEFINITIONAL_REPRESENTATION('',(#325),#328);
#325 = B_SPLINE_CURVE_WITH_KNOTS('',1,(#326,#327),.UNSPECIFIED.,.F.,.F.,
  (2,2),(4.712388980385,6.28318530718),.PIECEWISE_BEZIER_KNOTS.);
#326 = CARTESIAN_POINT('',(0.,-1.570796326795));
#327 = CARTESIAN_POINT('',(0.,0.));
#328 = ( GEOMETRIC_REPRESENTATION_CONTEXT(2) 
PARAMETRIC_REPRESENTATION_CONTEXT() REPRESENTATION_CONTEXT('2D SPACE',''
  ) );
#329 = ORIENTED_EDGE('',*,*,#330,.T.);
#330 = EDGE_CURVE('',#309,#331,#333,.T.);
#331 = VERTEX_POINT('',#332);
#332 = CARTESIAN_POINT('',(3.,57.,30.));
#333 = SURFACE_CURVE('',#334,(#338,#345),.PCURVE_S1.);
#334 = LINE('',#335,#336);
#335 = CARTESIAN_POINT('',(3.,0.,30.));
#336 = VECTOR('',#337,1.);
#337 = DIRECTION('',(-0.,1.,0.));
#338 = PCURVE('',#126,#339);
#339 = DEFINITIONAL_REPRESENTATION('',(#340),#344);
#340 = LINE('',#341,#342);
#341 = CARTESIAN_POINT('',(1.570796326795,0.));
#342 = VECTOR('',#343,1.);
#343 = DIRECTION('',(0.,1.));
#344 = ( GEOMETRIC_REPRESENTATION_CONTEXT(2) 
PARAMETRIC_REPRESENTATION_CONTEXT() REPRESENTATION_CONTEXT('2D SPACE',''
  ) );
#345 = PCURVE('',#346,#351);
#346 = PLANE('',#347);
#347 = AXIS2_PLACEMENT_3D('',#348,#349,#350);
#348 = CARTESIAN_POINT('',(0.,0.,30.));
#349 = DIRECTION('',(0.,0.,1.));
#350 = DIRECTION('',(1.,0.,-0.));
#351 = DEFINITIONAL_REPRESENTATION('',(#352),#356);
#352 = LINE('',#353,#354);
#353 = CARTESIAN_POINT('',(3.,0.));
#354 = VECTOR('',#355,1.);
#355 = DIRECTION('',(0.,1.));
#356 = ( GEOMETRIC_REPRESENTATION_CONTEXT(2) 
PARAMETRIC_REPRESENTATION_CONTEXT() REPRESENTATION_CONTEXT('2D SPACE',''
  ) );
#357 = ORIENTED_EDGE('',*,*,#358,.F.);
#358 = EDGE_CURVE('',#85,#331,#359,.T.);
#359 = SURFACE_CURVE('',#360,(#365,#372),.PCURVE_S1.);
#360 = CIRCLE('',#361,3.);
#361 = AXIS2_PLACEMENT_3D('',#362,#363,#364);
#362 = CARTESIAN_POINT('',(3.,57.,27.));
#363 = DIRECTION('',(-0.,1.,0.));
#364 = DIRECTION('',(-1.,-0.,0.));
#365 = PCURVE('',#126,#366);
#366 = DEFINITIONAL_REPRESENTATION('',(#367),#371);
#367 = LINE('',#368,#369);
#368 = CARTESIAN_POINT('',(0.,57.));
#369 = VECTOR('',#370,1.);
#370 = DIRECTION('',(1.,0.));
#371 = ( GEOMETRIC_REPRESENTATION_CONTEXT(2) 
PARAMETRIC_REPRESENTATION_CONTEXT() REPRESENTATION_CONTEXT('2D SPACE',''
  ) );
#372 = PCURVE('',#373,#378);
#373 = SPHERICAL_SURFACE('',#374,3.);
#374 = AXIS2_PLACEMENT_3D('',#375,#376,#377);
#375 = CARTESIAN_POINT('',(3.,57.,27.));
#376 = DIRECTION('',(0.,-1.,-0.));
#377 = DIRECTION('',(-1.,-0.,0.));
#378 = DEFINITIONAL_REPRESENTATION('',(#379),#383);
#379 = LINE('',#380,#381);
#380 = CARTESIAN_POINT('',(-0.,0.));
#381 = VECTOR('',#382,1.);
#382 = DIRECTION('',(-1.,0.));
#383 = ( GEOMETRIC_REPRESENTATION_CONTEXT(2) 
PARAMETRIC_REPRESENTATION_CONTEXT() REPRESENTATION_CONTEXT('2D SPACE',''
  ) );
#384 = ORIENTED_EDGE('',*,*,#112,.F.);
#385 = ADVANCED_FACE('',(#386),#100,.T.);
#386 = FACE_BOUND('',#387,.F.);
#387 = EDGE_LOOP('',(#388,#389,#413,#441));
#388 = ORIENTED_EDGE('',*,*,#84,.F.);
#389 = ORIENTED_EDGE('',*,*,#390,.T.);
#390 = EDGE_CURVE('',#57,#391,#393,.T.);
#391 = VERTEX_POINT('',#392);
#392 = CARTESIAN_POINT('',(3.,60.,3.));
#393 = SURFACE_CURVE('',#394,(#399,#406),.PCURVE_S1.);
#394 = CIRCLE('',#395,3.);
#395 = AXIS2_PLACEMENT_3D('',#396,#397,#398);
#396 = CARTESIAN_POINT('',(3.,57.,3.));
#397 = DIRECTION('',(-0.,0.,-1.));
#398 = DIRECTION('',(-1.,0.,0.));
#399 = PCURVE('',#100,#400);
#400 = DEFINITIONAL_REPRESENTATION('',(#401),#405);
#401 = LINE('',#402,#403);
#402 = CARTESIAN_POINT('',(-0.,3.));
#403 = VECTOR('',#404,1.);
#404 = DIRECTION('',(-1.,0.));
#405 = ( GEOMETRIC_REPRESENTATION_CONTEXT(2) 
PARAMETRIC_REPRESENTATION_CONTEXT() REPRESENTATION_CONTEXT('2D SPACE',''
  ) );
#406 = PCURVE('',#293,#407);
#407 = DEFINITIONAL_REPRESENTATION('',(#408),#412);
#408 = LINE('',#409,#410);
#409 = CARTESIAN_POINT('',(-0.,0.));
#410 = VECTOR('',#411,1.);
#411 = DIRECTION('',(-1.,0.));
#412 = ( GEOMETRIC_REPRESENTATION_CONTEXT(2) 
PARAMETRIC_REPRESENTATION_CONTEXT() REPRESENTATION_CONTEXT('2D SPACE',''
  ) );
#413 = ORIENTED_EDGE('',*,*,#414,.T.);
#414 = EDGE_CURVE('',#391,#415,#417,.T.);
#415 = VERTEX_POINT('',#416);
#416 = CARTESIAN_POINT('',(3.,60.,27.));
#417 = SURFACE_CURVE('',#418,(#422,#429),.PCURVE_S1.);
#418 = LINE('',#419,#420);
#419 = CARTESIAN_POINT('',(3.,60.,0.));
#420 = VECTOR('',#421,1.);
#421 = DIRECTION('',(0.,0.,1.));
#422 = PCURVE('',#100,#423);
#423 = DEFINITIONAL_REPRESENTATION('',(#424),#428);
#424 = LINE('',#425,#426);
#425 = CARTESIAN_POINT('',(-1.570796326795,0.));
#426 = VECTOR('',#427,1.);
#427 = DIRECTION('',(-0.,1.));
#428 = ( GEOMETRIC_REPRESENTATION_CONTEXT(2) 
PARAMETRIC_REPRESENTATION_CONTEXT() REPRESENTATION_CONTEXT('2D SPACE',''
  ) );
#429 = PCURVE('',#430,#435);
#430 = PLANE('',#431);
#431 = AXIS2_PLACEMENT_3D('',#432,#433,#434);
#432 = CARTESIAN_POINT('',(0.,60.,0.));
#433 = DIRECTION('',(-0.,1.,0.));
#434 = DIRECTION('',(0.,0.,1.));
#435 = DEFINITIONAL_REPRESENTATION('',(#436),#440);
#436 = LINE('',#437,#438);
#437 = CARTESIAN_POINT('',(0.,3.));
#438 = VECTOR('',#439,1.);
#439 = DIRECTION('',(1.,0.));
#440 = ( GEOMETRIC_REPRESENTATION_CONTEXT(2) 
PARAMETRIC_REPRESENTATION_CONTEXT() REPRESENTATION_CONTEXT('2D SPACE',''
  ) );
#441 = ORIENTED_EDGE('',*,*,#442,.T.);
#442 = EDGE_CURVE('',#415,#85,#443,.T.);
#443 = SURFACE_CURVE('',#444,(#449,#455),.PCURVE_S1.);
#444 = CIRCLE('',#445,3.);
#445 = AXIS2_PLACEMENT_3D('',#446,#447,#448);
#446 = CARTESIAN_POINT('',(3.,57.,27.));
#447 = DIRECTION('',(0.,0.,1.));
#448 = DIRECTION('',(-1.,-0.,0.));
#449 = PCURVE('',#100,#450);
#450 = DEFINITIONAL_REPRESENTATION('',(#451),#454);
#451 = B_SPLINE_CURVE_WITH_KNOTS('',1,(#452,#453),.UNSPECIFIED.,.F.,.F.,
  (2,2),(4.712388980385,6.28318530718),.PIECEWISE_BEZIER_KNOTS.);
#452 = CARTESIAN_POINT('',(-1.570796326795,27.));
#453 = CARTESIAN_POINT('',(0.,27.));
#454 = ( GEOMETRIC_REPRESENTATION_CONTEXT(2) 
PARAMETRIC_REPRESENTATION_CONTEXT() REPRESENTATION_CONTEXT('2D SPACE',''
  ) );
#455 = PCURVE('',#373,#456);
#456 = DEFINITIONAL_REPRESENTATION('',(#457),#460);
#457 = B_SPLINE_CURVE_WITH_KNOTS('',1,(#458,#459),.UNSPECIFIED.,.F.,.F.,
  (2,2),(4.712388980385,6.28318530718),.PIECEWISE_BEZIER_KNOTS.);
#458 = CARTESIAN_POINT('',(0.,-1.570796326795));
#459 = CARTESIAN_POINT('',(0.,0.));
#460 = ( GEOMETRIC_REPRESENTATION_CONTEXT(2) 
PARAMETRIC_REPRESENTATION_CONTEXT() REPRESENTATION_CONTEXT('2D SPACE',''
  ) );
#461 = ADVANCED_FACE('',(#462),#159,.T.);
#462 = FACE_BOUND('',#463,.T.);
#463 = EDGE_LOOP('',(#464,#465,#490));
#464 = ORIENTED_EDGE('',*,*,#229,.F.);
#465 = ORIENTED_EDGE('',*,*,#466,.T.);
#466 = EDGE_CURVE('',#230,#143,#467,.T.);
#467 = SURFACE_CURVE('',#468,(#473,#479),.PCURVE_S1.);
#468 = CIRCLE('',#469,3.);
#469 = AXIS2_PLACEMENT_3D('',#470,#471,#472);
#470 = CARTESIAN_POINT('',(3.,3.,3.));
#471 = DIRECTION('',(-1.,6.123233995737E-17,0.));
#472 = DIRECTION('',(-6.123233995737E-17,-1.,0.));
#473 = PCURVE('',#159,#474);
#474 = DEFINITIONAL_REPRESENTATION('',(#475),#478);
#475 = B_SPLINE_CURVE_WITH_KNOTS('',1,(#476,#477),.UNSPECIFIED.,.F.,.F.,
  (2,2),(4.712388980385,6.28318530718),.PIECEWISE_BEZIER_KNOTS.);
#476 = CARTESIAN_POINT('',(1.570796326795,-1.570796326795));
#477 = CARTESIAN_POINT('',(1.570796326795,0.));
#478 = ( GEOMETRIC_REPRESENTATION_CONTEXT(2) 
PARAMETRIC_REPRESENTATION_CONTEXT() REPRESENTATION_CONTEXT('2D SPACE',''
  ) );
#479 = PCURVE('',#480,#485);
#480 = CYLINDRICAL_SURFACE('',#481,3.);
#481 = AXIS2_PLACEMENT_3D('',#482,#483,#484);
#482 = CARTESIAN_POINT('',(0.,3.,3.));
#483 = DIRECTION('',(1.,0.,-0.));
#484 = DIRECTION('',(0.,-1.,0.));
#485 = DEFINITIONAL_REPRESENTATION('',(#486),#489);
#486 = B_SPLINE_CURVE_WITH_KNOTS('',1,(#487,#488),.UNSPECIFIED.,.F.,.F.,
  (2,2),(4.712388980385,6.28318530718),.PIECEWISE_BEZIER_KNOTS.);
#487 = CARTESIAN_POINT('',(1.570796326795,3.));
#488 = CARTESIAN_POINT('',(0.,3.));
#489 = ( GEOMETRIC_REPRESENTATION_CONTEXT(2) 
PARAMETRIC_REPRESENTATION_CONTEXT() REPRESENTATION_CONTEXT('2D SPACE',''
  ) );
#490 = ORIENTED_EDGE('',*,*,#142,.F.);
#491 = ADVANCED_FACE('',(#492),#214,.T.);
#492 = FACE_BOUND('',#493,.F.);
#493 = EDGE_LOOP('',(#494,#495,#520));
#494 = ORIENTED_EDGE('',*,*,#308,.F.);
#495 = ORIENTED_EDGE('',*,*,#496,.T.);
#496 = EDGE_CURVE('',#309,#172,#497,.T.);
#497 = SURFACE_CURVE('',#498,(#503,#509),.PCURVE_S1.);
#498 = CIRCLE('',#499,3.);
#499 = AXIS2_PLACEMENT_3D('',#500,#501,#502);
#500 = CARTESIAN_POINT('',(3.,3.,27.));
#501 = DIRECTION('',(1.,-6.123233995737E-17,0.));
#502 = DIRECTION('',(-6.123233995737E-17,-1.,0.));
#503 = PCURVE('',#214,#504);
#504 = DEFINITIONAL_REPRESENTATION('',(#505),#508);
#505 = B_SPLINE_CURVE_WITH_KNOTS('',1,(#506,#507),.UNSPECIFIED.,.F.,.F.,
  (2,2),(4.712388980385,6.28318530718),.PIECEWISE_BEZIER_KNOTS.);
#506 = CARTESIAN_POINT('',(-1.570796326795,-1.570796326795));
#507 = CARTESIAN_POINT('',(-1.570796326795,0.));
#508 = ( GEOMETRIC_REPRESENTATION_CONTEXT(2) 
PARAMETRIC_REPRESENTATION_CONTEXT() REPRESENTATION_CONTEXT('2D SPACE',''
  ) );
#509 = PCURVE('',#510,#515);
#510 = CYLINDRICAL_SURFACE('',#511,3.);
#511 = AXIS2_PLACEMENT_3D('',#512,#513,#514);
#512 = CARTESIAN_POINT('',(0.,3.,27.));
#513 = DIRECTION('',(1.,0.,-0.));
#514 = DIRECTION('',(0.,-1.,0.));
#515 = DEFINITIONAL_REPRESENTATION('',(#516),#519);
#516 = B_SPLINE_CURVE_WITH_KNOTS('',1,(#517,#518),.UNSPECIFIED.,.F.,.F.,
  (2,2),(4.712388980385,6.28318530718),.PIECEWISE_BEZIER_KNOTS.);
#517 = CARTESIAN_POINT('',(-1.570796326795,3.));
#518 = CARTESIAN_POINT('',(0.,3.));
#519 = ( GEOMETRIC_REPRESENTATION_CONTEXT(2) 
PARAMETRIC_REPRESENTATION_CONTEXT() REPRESENTATION_CONTEXT('2D SPACE',''
  ) );
#520 = ORIENTED_EDGE('',*,*,#199,.F.);
#521 = ADVANCED_FACE('',(#522),#187,.F.);
#522 = FACE_BOUND('',#523,.F.);
#523 = EDGE_LOOP('',(#524,#525,#548,#576));
#524 = ORIENTED_EDGE('',*,*,#171,.T.);
#525 = ORIENTED_EDGE('',*,*,#526,.T.);
#526 = EDGE_CURVE('',#172,#527,#529,.T.);
#527 = VERTEX_POINT('',#528);
#528 = CARTESIAN_POINT('',(77.,-4.440892098501E-16,27.));
#529 = SURFACE_CURVE('',#530,(#534,#541),.PCURVE_S1.);
#530 = LINE('',#531,#532);
#531 = CARTESIAN_POINT('',(0.,-4.440892098501E-16,27.));
#532 = VECTOR('',#533,1.);
#533 = DIRECTION('',(1.,0.,-0.));
#534 = PCURVE('',#187,#535);
#535 = DEFINITIONAL_REPRESENTATION('',(#536),#540);
#536 = LINE('',#537,#538);
#537 = CARTESIAN_POINT('',(27.,0.));
#538 = VECTOR('',#539,1.);
#539 = DIRECTION('',(0.,1.));
#540 = ( GEOMETRIC_REPRESENTATION_CONTEXT(2) 
PARAMETRIC_REPRESENTATION_CONTEXT() REPRESENTATION_CONTEXT('2D SPACE',''
  ) );
#541 = PCURVE('',#510,#542);
#542 = DEFINITIONAL_REPRESENTATION('',(#543),#547);
#543 = LINE('',#544,#545);
#544 = CARTESIAN_POINT('',(-0.,0.));
#545 = VECTOR('',#546,1.);
#546 = DIRECTION('',(-0.,1.));
#547 = ( GEOMETRIC_REPRESENTATION_CONTEXT(2) 
PARAMETRIC_REPRESENTATION_CONTEXT() REPRESENTATION_CONTEXT('2D SPACE',''
  ) );
#548 = ORIENTED_EDGE('',*,*,#549,.F.);
#549 = EDGE_CURVE('',#550,#527,#552,.T.);
#550 = VERTEX_POINT('',#551);
#551 = CARTESIAN_POINT('',(77.,-4.440892098501E-16,3.));
#552 = SURFACE_CURVE('',#553,(#557,#564),.PCURVE_S1.);
#553 = LINE('',#554,#555);
#554 = CARTESIAN_POINT('',(77.,-4.440892098501E-16,0.));
#555 = VECTOR('',#556,1.);
#556 = DIRECTION('',(0.,0.,1.));
#557 = PCURVE('',#187,#558);
#558 = DEFINITIONAL_REPRESENTATION('',(#559),#563);
#559 = LINE('',#560,#561);
#560 = CARTESIAN_POINT('',(0.,77.));
#561 = VECTOR('',#562,1.);
#562 = DIRECTION('',(1.,0.));
#563 = ( GEOMETRIC_REPRESENTATION_CONTEXT(2) 
PARAMETRIC_REPRESENTATION_CONTEXT() REPRESENTATION_CONTEXT('2D SPACE',''
  ) );
#564 = PCURVE('',#565,#570);
#565 = CYLINDRICAL_SURFACE('',#566,3.);
#566 = AXIS2_PLACEMENT_3D('',#567,#568,#569);
#567 = CARTESIAN_POINT('',(77.,3.,0.));
#568 = DIRECTION('',(0.,0.,1.));
#569 = DIRECTION('',(0.,-1.,0.));
#570 = DEFINITIONAL_REPRESENTATION('',(#571),#575);
#571 = LINE('',#572,#573);
#572 = CARTESIAN_POINT('',(0.,0.));
#573 = VECTOR('',#574,1.);
#574 = DIRECTION('',(0.,1.));
#575 = ( GEOMETRIC_REPRESENTATION_CONTEXT(2) 
PARAMETRIC_REPRESENTATION_CONTEXT() REPRESENTATION_CONTEXT('2D SPACE',''
  ) );
#576 = ORIENTED_EDGE('',*,*,#577,.F.);
#577 = EDGE_CURVE('',#143,#550,#578,.T.);
#578 = SURFACE_CURVE('',#579,(#583,#590),.PCURVE_S1.);
#579 = LINE('',#580,#581);
#580 = CARTESIAN_POINT('',(0.,-4.440892098501E-16,3.));
#581 = VECTOR('',#582,1.);
#582 = DIRECTION('',(1.,0.,-0.));
#583 = PCURVE('',#187,#584);
#584 = DEFINITIONAL_REPRESENTATION('',(#585),#589);
#585 = LINE('',#586,#587);
#586 = CARTESIAN_POINT('',(3.,0.));
#587 = VECTOR('',#588,1.);
#588 = DIRECTION('',(0.,1.));
#589 = ( GEOMETRIC_REPRESENTATION_CONTEXT(2) 
PARAMETRIC_REPRESENTATION_CONTEXT() REPRESENTATION_CONTEXT('2D SPACE',''
  ) );
#590 = PCURVE('',#480,#591);
#591 = DEFINITIONAL_REPRESENTATION('',(#592),#596);
#592 = LINE('',#593,#594);
#593 = CARTESIAN_POINT('',(0.,0.));
#594 = VECTOR('',#595,1.);
#595 = DIRECTION('',(0.,1.));
#596 = ( GEOMETRIC_REPRESENTATION_CONTEXT(2) 
PARAMETRIC_REPRESENTATION_CONTEXT() REPRESENTATION_CONTEXT('2D SPACE',''
  ) );
#597 = ADVANCED_FACE('',(#598),#267,.F.);
#598 = FACE_BOUND('',#599,.F.);
#599 = EDGE_LOOP('',(#600,#601,#624,#652));
#600 = ORIENTED_EDGE('',*,*,#251,.F.);
#601 = ORIENTED_EDGE('',*,*,#602,.T.);
#602 = EDGE_CURVE('',#230,#603,#605,.T.);
#603 = VERTEX_POINT('',#604);
#604 = CARTESIAN_POINT('',(77.,3.,-4.440892098501E-16));
#605 = SURFACE_CURVE('',#606,(#610,#617),.PCURVE_S1.);
#606 = LINE('',#607,#608);
#607 = CARTESIAN_POINT('',(0.,3.,-4.440892098501E-16));
#608 = VECTOR('',#609,1.);
#609 = DIRECTION('',(1.,0.,-0.));
#610 = PCURVE('',#267,#611);
#611 = DEFINITIONAL_REPRESENTATION('',(#612),#616);
#612 = LINE('',#613,#614);
#613 = CARTESIAN_POINT('',(0.,3.));
#614 = VECTOR('',#615,1.);
#615 = DIRECTION('',(1.,0.));
#616 = ( GEOMETRIC_REPRESENTATION_CONTEXT(2) 
PARAMETRIC_REPRESENTATION_CONTEXT() REPRESENTATION_CONTEXT('2D SPACE',''
  ) );
#617 = PCURVE('',#480,#618);
#618 = DEFINITIONAL_REPRESENTATION('',(#619),#623);
#619 = LINE('',#620,#621);
#620 = CARTESIAN_POINT('',(1.570796326795,0.));
#621 = VECTOR('',#622,1.);
#622 = DIRECTION('',(0.,1.));
#623 = ( GEOMETRIC_REPRESENTATION_CONTEXT(2) 
PARAMETRIC_REPRESENTATION_CONTEXT() REPRESENTATION_CONTEXT('2D SPACE',''
  ) );
#624 = ORIENTED_EDGE('',*,*,#625,.T.);
#625 = EDGE_CURVE('',#603,#626,#628,.T.);
#626 = VERTEX_POINT('',#627);
#627 = CARTESIAN_POINT('',(77.,57.,-4.440892098501E-16));
#628 = SURFACE_CURVE('',#629,(#633,#640),.PCURVE_S1.);
#629 = LINE('',#630,#631);
#630 = CARTESIAN_POINT('',(77.,0.,-4.440892098501E-16));
#631 = VECTOR('',#632,1.);
#632 = DIRECTION('',(-0.,1.,0.));
#633 = PCURVE('',#267,#634);
#634 = DEFINITIONAL_REPRESENTATION('',(#635),#639);
#635 = LINE('',#636,#637);
#636 = CARTESIAN_POINT('',(77.,0.));
#637 = VECTOR('',#638,1.);
#638 = DIRECTION('',(0.,1.));
#639 = ( GEOMETRIC_REPRESENTATION_CONTEXT(2) 
PARAMETRIC_REPRESENTATION_CONTEXT() REPRESENTATION_CONTEXT('2D SPACE',''
  ) );
#640 = PCURVE('',#641,#646);
#641 = CYLINDRICAL_SURFACE('',#642,3.);
#642 = AXIS2_PLACEMENT_3D('',#643,#644,#645);
#643 = CARTESIAN_POINT('',(77.,0.,3.));
#644 = DIRECTION('',(-0.,1.,0.));
#645 = DIRECTION('',(-0.,0.,-1.));
#646 = DEFINITIONAL_REPRESENTATION('',(#647),#651);
#647 = LINE('',#648,#649);
#648 = CARTESIAN_POINT('',(-0.,0.));
#649 = VECTOR('',#650,1.);
#650 = DIRECTION('',(-0.,1.));
#651 = ( GEOMETRIC_REPRESENTATION_CONTEXT(2) 
PARAMETRIC_REPRESENTATION_CONTEXT() REPRESENTATION_CONTEXT('2D SPACE',''
  ) );
#652 = ORIENTED_EDGE('',*,*,#653,.F.);
#653 = EDGE_CURVE('',#252,#626,#654,.T.);
#654 = SURFACE_CURVE('',#655,(#659,#666),.PCURVE_S1.);
#655 = LINE('',#656,#657);
#656 = CARTESIAN_POINT('',(0.,57.,-4.440892098501E-16));
#657 = VECTOR('',#658,1.);
#658 = DIRECTION('',(1.,0.,-0.));
#659 = PCURVE('',#267,#660);
#660 = DEFINITIONAL_REPRESENTATION('',(#661),#665);
#661 = LINE('',#662,#663);
#662 = CARTESIAN_POINT('',(0.,57.));
#663 = VECTOR('',#664,1.);
#664 = DIRECTION('',(1.,0.));
#665 = ( GEOMETRIC_REPRESENTATION_CONTEXT(2) 
PARAMETRIC_REPRESENTATION_CONTEXT() REPRESENTATION_CONTEXT('2D SPACE',''
  ) );
#666 = PCURVE('',#667,#672);
#667 = CYLINDRICAL_SURFACE('',#668,3.);
#668 = AXIS2_PLACEMENT_3D('',#669,#670,#671);
#669 = CARTESIAN_POINT('',(0.,57.,3.));
#670 = DIRECTION('',(1.,0.,-0.));
#671 = DIRECTION('',(0.,1.,0.));
#672 = DEFINITIONAL_REPRESENTATION('',(#673),#677);
#673 = LINE('',#674,#675);
#674 = CARTESIAN_POINT('',(-1.570796326795,0.));
#675 = VECTOR('',#676,1.);
#676 = DIRECTION('',(-0.,1.));
#677 = ( GEOMETRIC_REPRESENTATION_CONTEXT(2) 
PARAMETRIC_REPRESENTATION_CONTEXT() REPRESENTATION_CONTEXT('2D SPACE',''
  ) );
#678 = ADVANCED_FACE('',(#679),#293,.T.);
#679 = FACE_BOUND('',#680,.F.);
#680 = EDGE_LOOP('',(#681,#682,#702));
#681 = ORIENTED_EDGE('',*,*,#279,.F.);
#682 = ORIENTED_EDGE('',*,*,#683,.T.);
#683 = EDGE_CURVE('',#252,#391,#684,.T.);
#684 = SURFACE_CURVE('',#685,(#690,#696),.PCURVE_S1.);
#685 = CIRCLE('',#686,3.);
#686 = AXIS2_PLACEMENT_3D('',#687,#688,#689);
#687 = CARTESIAN_POINT('',(3.,57.,3.));
#688 = DIRECTION('',(1.,6.123233995737E-17,-0.));
#689 = DIRECTION('',(-6.123233995737E-17,1.,0.));
#690 = PCURVE('',#293,#691);
#691 = DEFINITIONAL_REPRESENTATION('',(#692),#695);
#692 = B_SPLINE_CURVE_WITH_KNOTS('',1,(#693,#694),.UNSPECIFIED.,.F.,.F.,
  (2,2),(4.712388980385,6.28318530718),.PIECEWISE_BEZIER_KNOTS.);
#693 = CARTESIAN_POINT('',(-1.570796326795,-1.570796326795));
#694 = CARTESIAN_POINT('',(-1.570796326795,0.));
#695 = ( GEOMETRIC_REPRESENTATION_CONTEXT(2) 
PARAMETRIC_REPRESENTATION_CONTEXT() REPRESENTATION_CONTEXT('2D SPACE',''
  ) );
#696 = PCURVE('',#667,#697);
#697 = DEFINITIONAL_REPRESENTATION('',(#698),#701);
#698 = B_SPLINE_CURVE_WITH_KNOTS('',1,(#699,#700),.UNSPECIFIED.,.F.,.F.,
  (2,2),(4.712388980385,6.28318530718),.PIECEWISE_BEZIER_KNOTS.);
#699 = CARTESIAN_POINT('',(-1.570796326795,3.));
#700 = CARTESIAN_POINT('',(0.,3.));
#701 = ( GEOMETRIC_REPRESENTATION_CONTEXT(2) 
PARAMETRIC_REPRESENTATION_CONTEXT() REPRESENTATION_CONTEXT('2D SPACE',''
  ) );
#702 = ORIENTED_EDGE('',*,*,#390,.F.);
#703 = ADVANCED_FACE('',(#704,#784),#346,.T.);
#704 = FACE_BOUND('',#705,.T.);
#705 = EDGE_LOOP('',(#706,#707,#730,#758));
#706 = ORIENTED_EDGE('',*,*,#330,.F.);
#707 = ORIENTED_EDGE('',*,*,#708,.T.);
#708 = EDGE_CURVE('',#309,#709,#711,.T.);
#709 = VERTEX_POINT('',#710);
#710 = CARTESIAN_POINT('',(77.,3.,30.));
#711 = SURFACE_CURVE('',#712,(#716,#723),.PCURVE_S1.);
#712 = LINE('',#713,#714);
#713 = CARTESIAN_POINT('',(0.,3.,30.));
#714 = VECTOR('',#715,1.);
#715 = DIRECTION('',(1.,0.,-0.));
#716 = PCURVE('',#346,#717);
#717 = DEFINITIONAL_REPRESENTATION('',(#718),#722);
#718 = LINE('',#719,#720);
#719 = CARTESIAN_POINT('',(0.,3.));
#720 = VECTOR('',#721,1.);
#721 = DIRECTION('',(1.,0.));
#722 = ( GEOMETRIC_REPRESENTATION_CONTEXT(2) 
PARAMETRIC_REPRESENTATION_CONTEXT() REPRESENTATION_CONTEXT('2D SPACE',''
  ) );
#723 = PCURVE('',#510,#724);
#724 = DEFINITIONAL_REPRESENTATION('',(#725),#729);
#725 = LINE('',#726,#727);
#726 = CARTESIAN_POINT('',(-1.570796326795,0.));
#727 = VECTOR('',#728,1.);
#728 = DIRECTION('',(-0.,1.));
#729 = ( GEOMETRIC_REPRESENTATION_CONTEXT(2) 
PARAMETRIC_REPRESENTATION_CONTEXT() REPRESENTATION_CONTEXT('2D SPACE',''
  ) );
#730 = ORIENTED_EDGE('',*,*,#731,.T.);
#731 = EDGE_CURVE('',#709,#732,#734,.T.);
#732 = VERTEX_POINT('',#733);
#733 = CARTESIAN_POINT('',(77.,57.,30.));
#734 = SURFACE_CURVE('',#735,(#739,#746),.PCURVE_S1.);
#735 = LINE('',#736,#737);
#736 = CARTESIAN_POINT('',(77.,0.,30.));
#737 = VECTOR('',#738,1.);
#738 = DIRECTION('',(-0.,1.,0.));
#739 = PCURVE('',#346,#740);
#740 = DEFINITIONAL_REPRESENTATION('',(#741),#745);
#741 = LINE('',#742,#743);
#742 = CARTESIAN_POINT('',(77.,0.));
#743 = VECTOR('',#744,1.);
#744 = DIRECTION('',(0.,1.));
#745 = ( GEOMETRIC_REPRESENTATION_CONTEXT(2) 
PARAMETRIC_REPRESENTATION_CONTEXT() REPRESENTATION_CONTEXT('2D SPACE',''
  ) );
#746 = PCURVE('',#747,#752);
#747 = CYLINDRICAL_SURFACE('',#748,3.);
#748 = AXIS2_PLACEMENT_3D('',#749,#750,#751);
#749 = CARTESIAN_POINT('',(77.,0.,27.));
#750 = DIRECTION('',(-0.,1.,0.));
#751 = DIRECTION('',(0.,0.,1.));
#752 = DEFINITIONAL_REPRESENTATION('',(#753),#757);
#753 = LINE('',#754,#755);
#754 = CARTESIAN_POINT('',(0.,0.));
#755 = VECTOR('',#756,1.);
#756 = DIRECTION('',(0.,1.));
#757 = ( GEOMETRIC_REPRESENTATION_CONTEXT(2) 
PARAMETRIC_REPRESENTATION_CONTEXT() REPRESENTATION_CONTEXT('2D SPACE',''
  ) );
#758 = ORIENTED_EDGE('',*,*,#759,.F.);
#759 = EDGE_CURVE('',#331,#732,#760,.T.);
#760 = SURFACE_CURVE('',#761,(#765,#772),.PCURVE_S1.);
#761 = LINE('',#762,#763);
#762 = CARTESIAN_POINT('',(0.,57.,30.));
#763 = VECTOR('',#764,1.);
#764 = DIRECTION('',(1.,0.,-0.));
#765 = PCURVE('',#346,#766);
#766 = DEFINITIONAL_REPRESENTATION('',(#767),#771);
#767 = LINE('',#768,#769);
#768 = CARTESIAN_POINT('',(0.,57.));
#769 = VECTOR('',#770,1.);
#770 = DIRECTION('',(1.,0.));
#771 = ( GEOMETRIC_REPRESENTATION_CONTEXT(2) 
PARAMETRIC_REPRESENTATION_CONTEXT() REPRESENTATION_CONTEXT('2D SPACE',''
  ) );
#772 = PCURVE('',#773,#778);
#773 = CYLINDRICAL_SURFACE('',#774,3.);
#774 = AXIS2_PLACEMENT_3D('',#775,#776,#777);
#775 = CARTESIAN_POINT('',(0.,57.,27.));
#776 = DIRECTION('',(1.,0.,-0.));
#777 = DIRECTION('',(0.,0.,1.));
#778 = DEFINITIONAL_REPRESENTATION('',(#779),#783);
#779 = LINE('',#780,#781);
#780 = CARTESIAN_POINT('',(-0.,0.));
#781 = VECTOR('',#782,1.);
#782 = DIRECTION('',(-0.,1.));
#783 = ( GEOMETRIC_REPRESENTATION_CONTEXT(2) 
PARAMETRIC_REPRESENTATION_CONTEXT() REPRESENTATION_CONTEXT('2D SPACE',''
  ) );
#784 = FACE_BOUND('',#785,.T.);
#785 = EDGE_LOOP('',(#786,#816,#849,#877,#906,#934,#963,#991));
#786 = ORIENTED_EDGE('',*,*,#787,.T.);
#787 = EDGE_CURVE('',#788,#790,#792,.T.);
#788 = VERTEX_POINT('',#789);
#789 = CARTESIAN_POINT('',(62.,12.,30.));
#790 = VERTEX_POINT('',#791);
#791 = CARTESIAN_POINT('',(18.,12.,30.));
#792 = SURFACE_CURVE('',#793,(#797,#804),.PCURVE_S1.);
#793 = LINE('',#794,#795);
#794 = CARTESIAN_POINT('',(65.,12.,30.));
#795 = VECTOR('',#796,1.);
#796 = DIRECTION('',(-1.,-0.,0.));
#797 = PCURVE('',#346,#798);
#798 = DEFINITIONAL_REPRESENTATION('',(#799),#803);
#799 = LINE('',#800,#801);
#800 = CARTESIAN_POINT('',(65.,12.));
#801 = VECTOR('',#802,1.);
#802 = DIRECTION('',(-1.,0.));
#803 = ( GEOMETRIC_REPRESENTATION_CONTEXT(2) 
PARAMETRIC_REPRESENTATION_CONTEXT() REPRESENTATION_CONTEXT('2D SPACE',''
  ) );
#804 = PCURVE('',#805,#810);
#805 = CYLINDRICAL_SURFACE('',#806,3.);
#806 = AXIS2_PLACEMENT_3D('',#807,#808,#809);
#807 = CARTESIAN_POINT('',(65.,12.,27.));
#808 = DIRECTION('',(-1.,-0.,0.));
#809 = DIRECTION('',(0.,0.,1.));
#810 = DEFINITIONAL_REPRESENTATION('',(#811),#815);
#811 = LINE('',#812,#813);
#812 = CARTESIAN_POINT('',(0.,0.));
#813 = VECTOR('',#814,1.);
#814 = DIRECTION('',(0.,1.));
#815 = ( GEOMETRIC_REPRESENTATION_CONTEXT(2) 
PARAMETRIC_REPRESENTATION_CONTEXT() REPRESENTATION_CONTEXT('2D SPACE',''
  ) );
#816 = ORIENTED_EDGE('',*,*,#817,.T.);
#817 = EDGE_CURVE('',#790,#818,#820,.T.);
#818 = VERTEX_POINT('',#819);
#819 = CARTESIAN_POINT('',(12.,18.,30.));
#820 = SURFACE_CURVE('',#821,(#826,#837),.PCURVE_S1.);
#821 = CIRCLE('',#822,6.);
#822 = AXIS2_PLACEMENT_3D('',#823,#824,#825);
#823 = CARTESIAN_POINT('',(18.,18.,30.));
#824 = DIRECTION('',(-0.,-0.,-1.));
#825 = DIRECTION('',(0.,-1.,0.));
#826 = PCURVE('',#346,#827);
#827 = DEFINITIONAL_REPRESENTATION('',(#828),#836);
#828 = ( BOUNDED_CURVE() B_SPLINE_CURVE(2,(#829,#830,#831,#832,#833,#834
,#835),.UNSPECIFIED.,.T.,.F.) B_SPLINE_CURVE_WITH_KNOTS((1,2,2,2,2,1),(
    -2.094395102393,0.,2.094395102393,4.188790204786,6.28318530718,
8.377580409573),.UNSPECIFIED.) CURVE() GEOMETRIC_REPRESENTATION_ITEM() 
RATIONAL_B_SPLINE_CURVE((1.,0.5,1.,0.5,1.,0.5,1.)) REPRESENTATION_ITEM(
  '') );
#829 = CARTESIAN_POINT('',(18.,12.));
#830 = CARTESIAN_POINT('',(7.607695154587,12.));
#831 = CARTESIAN_POINT('',(12.803847577293,21.));
#832 = CARTESIAN_POINT('',(18.,30.));
#833 = CARTESIAN_POINT('',(23.196152422707,21.));
#834 = CARTESIAN_POINT('',(28.392304845413,12.));
#835 = CARTESIAN_POINT('',(18.,12.));
#836 = ( GEOMETRIC_REPRESENTATION_CONTEXT(2) 
PARAMETRIC_REPRESENTATION_CONTEXT() REPRESENTATION_CONTEXT('2D SPACE',''
  ) );
#837 = PCURVE('',#838,#843);
#838 = TOROIDAL_SURFACE('',#839,6.,3.);
#839 = AXIS2_PLACEMENT_3D('',#840,#841,#842);
#840 = CARTESIAN_POINT('',(18.,18.,27.));
#841 = DIRECTION('',(0.,0.,1.));
#842 = DIRECTION('',(0.,-1.,0.));
#843 = DEFINITIONAL_REPRESENTATION('',(#844),#848);
#844 = LINE('',#845,#846);
#845 = CARTESIAN_POINT('',(-0.,1.570796326795));
#846 = VECTOR('',#847,1.);
#847 = DIRECTION('',(-1.,0.));
#848 = ( GEOMETRIC_REPRESENTATION_CONTEXT(2) 
PARAMETRIC_REPRESENTATION_CONTEXT() REPRESENTATION_CONTEXT('2D SPACE',''
  ) );
#849 = ORIENTED_EDGE('',*,*,#850,.T.);
#850 = EDGE_CURVE('',#818,#851,#853,.T.);
#851 = VERTEX_POINT('',#852);
#852 = CARTESIAN_POINT('',(12.,42.,30.));
#853 = SURFACE_CURVE('',#854,(#858,#865),.PCURVE_S1.);
#854 = LINE('',#855,#856);
#855 = CARTESIAN_POINT('',(12.,15.,30.));
#856 = VECTOR('',#857,1.);
#857 = DIRECTION('',(-0.,1.,0.));
#858 = PCURVE('',#346,#859);
#859 = DEFINITIONAL_REPRESENTATION('',(#860),#864);
#860 = LINE('',#861,#862);
#861 = CARTESIAN_POINT('',(12.,15.));
#862 = VECTOR('',#863,1.);
#863 = DIRECTION('',(0.,1.));
#864 = ( GEOMETRIC_REPRESENTATION_CONTEXT(2) 
PARAMETRIC_REPRESENTATION_CONTEXT() REPRESENTATION_CONTEXT('2D SPACE',''
  ) );
#865 = PCURVE('',#866,#871);
#866 = CYLINDRICAL_SURFACE('',#867,3.);
#867 = AXIS2_PLACEMENT_3D('',#868,#869,#870);
#868 = CARTESIAN_POINT('',(12.,15.,27.));
#869 = DIRECTION('',(-0.,1.,0.));
#870 = DIRECTION('',(0.,0.,1.));
#871 = DEFINITIONAL_REPRESENTATION('',(#872),#876);
#872 = LINE('',#873,#874);
#873 = CARTESIAN_POINT('',(0.,0.));
#874 = VECTOR('',#875,1.);
#875 = DIRECTION('',(0.,1.));
#876 = ( GEOMETRIC_REPRESENTATION_CONTEXT(2) 
PARAMETRIC_REPRESENTATION_CONTEXT() REPRESENTATION_CONTEXT('2D SPACE',''
  ) );
#877 = ORIENTED_EDGE('',*,*,#878,.F.);
#878 = EDGE_CURVE('',#879,#851,#881,.T.);
#879 = VERTEX_POINT('',#880);
#880 = CARTESIAN_POINT('',(18.,48.,30.));
#881 = SURFACE_CURVE('',#882,(#887,#894),.PCURVE_S1.);
#882 = CIRCLE('',#883,6.);
#883 = AXIS2_PLACEMENT_3D('',#884,#885,#886);
#884 = CARTESIAN_POINT('',(18.,42.,30.));
#885 = DIRECTION('',(0.,0.,1.));
#886 = DIRECTION('',(0.,1.,-0.));
#887 = PCURVE('',#346,#888);
#888 = DEFINITIONAL_REPRESENTATION('',(#889),#893);
#889 = CIRCLE('',#890,6.);
#890 = AXIS2_PLACEMENT_2D('',#891,#892);
#891 = CARTESIAN_POINT('',(18.,42.));
#892 = DIRECTION('',(0.,1.));
#893 = ( GEOMETRIC_REPRESENTATION_CONTEXT(2) 
PARAMETRIC_REPRESENTATION_CONTEXT() REPRESENTATION_CONTEXT('2D SPACE',''
  ) );
#894 = PCURVE('',#895,#900);
#895 = TOROIDAL_SURFACE('',#896,6.,3.);
#896 = AXIS2_PLACEMENT_3D('',#897,#898,#899);
#897 = CARTESIAN_POINT('',(18.,42.,27.));
#898 = DIRECTION('',(0.,0.,1.));
#899 = DIRECTION('',(0.,1.,-0.));
#900 = DEFINITIONAL_REPRESENTATION('',(#901),#905);
#901 = LINE('',#902,#903);
#902 = CARTESIAN_POINT('',(0.,1.570796326795));
#903 = VECTOR('',#904,1.);
#904 = DIRECTION('',(1.,0.));
#905 = ( GEOMETRIC_REPRESENTATION_CONTEXT(2) 
PARAMETRIC_REPRESENTATION_CONTEXT() REPRESENTATION_CONTEXT('2D SPACE',''
  ) );
#906 = ORIENTED_EDGE('',*,*,#907,.F.);
#907 = EDGE_CURVE('',#908,#879,#910,.T.);
#908 = VERTEX_POINT('',#909);
#909 = CARTESIAN_POINT('',(62.,48.,30.));
#910 = SURFACE_CURVE('',#911,(#915,#922),.PCURVE_S1.);
#911 = LINE('',#912,#913);
#912 = CARTESIAN_POINT('',(65.,48.,30.));
#913 = VECTOR('',#914,1.);
#914 = DIRECTION('',(-1.,-0.,0.));
#915 = PCURVE('',#346,#916);
#916 = DEFINITIONAL_REPRESENTATION('',(#917),#921);
#917 = LINE('',#918,#919);
#918 = CARTESIAN_POINT('',(65.,48.));
#919 = VECTOR('',#920,1.);
#920 = DIRECTION('',(-1.,0.));
#921 = ( GEOMETRIC_REPRESENTATION_CONTEXT(2) 
PARAMETRIC_REPRESENTATION_CONTEXT() REPRESENTATION_CONTEXT('2D SPACE',''
  ) );
#922 = PCURVE('',#923,#928);
#923 = CYLINDRICAL_SURFACE('',#924,3.);
#924 = AXIS2_PLACEMENT_3D('',#925,#926,#927);
#925 = CARTESIAN_POINT('',(65.,48.,27.));
#926 = DIRECTION('',(-1.,-0.,0.));
#927 = DIRECTION('',(0.,0.,1.));
#928 = DEFINITIONAL_REPRESENTATION('',(#929),#933);
#929 = LINE('',#930,#931);
#930 = CARTESIAN_POINT('',(-0.,0.));
#931 = VECTOR('',#932,1.);
#932 = DIRECTION('',(-0.,1.));
#933 = ( GEOMETRIC_REPRESENTATION_CONTEXT(2) 
PARAMETRIC_REPRESENTATION_CONTEXT() REPRESENTATION_CONTEXT('2D SPACE',''
  ) );
#934 = ORIENTED_EDGE('',*,*,#935,.F.);
#935 = EDGE_CURVE('',#936,#908,#938,.T.);
#936 = VERTEX_POINT('',#937);
#937 = CARTESIAN_POINT('',(68.,42.,30.));
#938 = SURFACE_CURVE('',#939,(#944,#951),.PCURVE_S1.);
#939 = CIRCLE('',#940,6.);
#940 = AXIS2_PLACEMENT_3D('',#941,#942,#943);
#941 = CARTESIAN_POINT('',(62.,42.,30.));
#942 = DIRECTION('',(0.,0.,1.));
#943 = DIRECTION('',(1.,0.,-0.));
#944 = PCURVE('',#346,#945);
#945 = DEFINITIONAL_REPRESENTATION('',(#946),#950);
#946 = CIRCLE('',#947,6.);
#947 = AXIS2_PLACEMENT_2D('',#948,#949);
#948 = CARTESIAN_POINT('',(62.,42.));
#949 = DIRECTION('',(1.,0.));
#950 = ( GEOMETRIC_REPRESENTATION_CONTEXT(2) 
PARAMETRIC_REPRESENTATION_CONTEXT() REPRESENTATION_CONTEXT('2D SPACE',''
  ) );
#951 = PCURVE('',#952,#957);
#952 = TOROIDAL_SURFACE('',#953,6.,3.);
#953 = AXIS2_PLACEMENT_3D('',#954,#955,#956);
#954 = CARTESIAN_POINT('',(62.,42.,27.));
#955 = DIRECTION('',(0.,0.,1.));
#956 = DIRECTION('',(1.,0.,-0.));
#957 = DEFINITIONAL_REPRESENTATION('',(#958),#962);
#958 = LINE('',#959,#960);
#959 = CARTESIAN_POINT('',(0.,1.570796326795));
#960 = VECTOR('',#961,1.);
#961 = DIRECTION('',(1.,0.));
#962 = ( GEOMETRIC_REPRESENTATION_CONTEXT(2) 
PARAMETRIC_REPRESENTATION_CONTEXT() REPRESENTATION_CONTEXT('2D SPACE',''
  ) );
#963 = ORIENTED_EDGE('',*,*,#964,.F.);
#964 = EDGE_CURVE('',#965,#936,#967,.T.);
#965 = VERTEX_POINT('',#966);
#966 = CARTESIAN_POINT('',(68.,18.,30.));
#967 = SURFACE_CURVE('',#968,(#972,#979),.PCURVE_S1.);
#968 = LINE('',#969,#970);
#969 = CARTESIAN_POINT('',(68.,15.,30.));
#970 = VECTOR('',#971,1.);
#971 = DIRECTION('',(-0.,1.,0.));
#972 = PCURVE('',#346,#973);
#973 = DEFINITIONAL_REPRESENTATION('',(#974),#978);
#974 = LINE('',#975,#976);
#975 = CARTESIAN_POINT('',(68.,15.));
#976 = VECTOR('',#977,1.);
#977 = DIRECTION('',(0.,1.));
#978 = ( GEOMETRIC_REPRESENTATION_CONTEXT(2) 
PARAMETRIC_REPRESENTATION_CONTEXT() REPRESENTATION_CONTEXT('2D SPACE',''
  ) );
#979 = PCURVE('',#980,#985);
#980 = CYLINDRICAL_SURFACE('',#981,3.);
#981 = AXIS2_PLACEMENT_3D('',#982,#983,#984);
#982 = CARTESIAN_POINT('',(68.,15.,27.));
#983 = DIRECTION('',(-0.,1.,0.));
#984 = DIRECTION('',(0.,0.,1.));
#985 = DEFINITIONAL_REPRESENTATION('',(#986),#990);
#986 = LINE('',#987,#988);
#987 = CARTESIAN_POINT('',(-0.,0.));
#988 = VECTOR('',#989,1.);
#989 = DIRECTION('',(-0.,1.));
#990 = ( GEOMETRIC_REPRESENTATION_CONTEXT(2) 
PARAMETRIC_REPRESENTATION_CONTEXT() REPRESENTATION_CONTEXT('2D SPACE',''
  ) );
#991 = ORIENTED_EDGE('',*,*,#992,.F.);
#992 = EDGE_CURVE('',#788,#965,#993,.T.);
#993 = SURFACE_CURVE('',#994,(#999,#1006),.PCURVE_S1.);
#994 = CIRCLE('',#995,6.);
#995 = AXIS2_PLACEMENT_3D('',#996,#997,#998);
#996 = CARTESIAN_POINT('',(62.,18.,30.));
#997 = DIRECTION('',(0.,0.,1.));
#998 = DIRECTION('',(0.,-1.,0.));
#999 = PCURVE('',#346,#1000);
#1000 = DEFINITIONAL_REPRESENTATION('',(#1001),#1005);
#1001 = CIRCLE('',#1002,6.);
#1002 = AXIS2_PLACEMENT_2D('',#1003,#1004);
#1003 = CARTESIAN_POINT('',(62.,18.));
#1004 = DIRECTION('',(0.,-1.));
#1005 = ( GEOMETRIC_REPRESENTATION_CONTEXT(2) 
PARAMETRIC_REPRESENTATION_CONTEXT() REPRESENTATION_CONTEXT('2D SPACE',''
  ) );
#1006 = PCURVE('',#1007,#1012);
#1007 = TOROIDAL_SURFACE('',#1008,6.,3.);
#1008 = AXIS2_PLACEMENT_3D('',#1009,#1010,#1011);
#1009 = CARTESIAN_POINT('',(62.,18.,27.));
#1010 = DIRECTION('',(0.,0.,1.));
#1011 = DIRECTION('',(0.,-1.,0.));
#1012 = DEFINITIONAL_REPRESENTATION('',(#1013),#1017);
#1013 = LINE('',#1014,#1015);
#1014 = CARTESIAN_POINT('',(0.,1.570796326795));
#1015 = VECTOR('',#1016,1.);
#1016 = DIRECTION('',(1.,0.));
#1017 = ( GEOMETRIC_REPRESENTATION_CONTEXT(2) 
PARAMETRIC_REPRESENTATION_CONTEXT() REPRESENTATION_CONTEXT('2D SPACE',''
  ) );
#1018 = ADVANCED_FACE('',(#1019),#373,.T.);
#1019 = FACE_BOUND('',#1020,.F.);
#1020 = EDGE_LOOP('',(#1021,#1022,#1042));
#1021 = ORIENTED_EDGE('',*,*,#442,.F.);
#1022 = ORIENTED_EDGE('',*,*,#1023,.T.);
#1023 = EDGE_CURVE('',#415,#331,#1024,.T.);
#1024 = SURFACE_CURVE('',#1025,(#1030,#1036),.PCURVE_S1.);
#1025 = CIRCLE('',#1026,3.);
#1026 = AXIS2_PLACEMENT_3D('',#1027,#1028,#1029);
#1027 = CARTESIAN_POINT('',(3.,57.,27.));
#1028 = DIRECTION('',(1.,0.,6.123233995737E-17));
#1029 = DIRECTION('',(-6.123233995737E-17,-0.,1.));
#1030 = PCURVE('',#373,#1031);
#1031 = DEFINITIONAL_REPRESENTATION('',(#1032),#1035);
#1032 = B_SPLINE_CURVE_WITH_KNOTS('',1,(#1033,#1034),.UNSPECIFIED.,.F.,
  .F.,(2,2),(4.712388980385,6.28318530718),.PIECEWISE_BEZIER_KNOTS.);
#1033 = CARTESIAN_POINT('',(-1.570796326795,-1.570796326795));
#1034 = CARTESIAN_POINT('',(-1.570796326795,0.));
#1035 = ( GEOMETRIC_REPRESENTATION_CONTEXT(2) 
PARAMETRIC_REPRESENTATION_CONTEXT() REPRESENTATION_CONTEXT('2D SPACE',''
  ) );
#1036 = PCURVE('',#773,#1037);
#1037 = DEFINITIONAL_REPRESENTATION('',(#1038),#1041);
#1038 = B_SPLINE_CURVE_WITH_KNOTS('',1,(#1039,#1040),.UNSPECIFIED.,.F.,
  .F.,(2,2),(4.712388980385,6.28318530718),.PIECEWISE_BEZIER_KNOTS.);
#1039 = CARTESIAN_POINT('',(-1.570796326795,3.));
#1040 = CARTESIAN_POINT('',(0.,3.));
#1041 = ( GEOMETRIC_REPRESENTATION_CONTEXT(2) 
PARAMETRIC_REPRESENTATION_CONTEXT() REPRESENTATION_CONTEXT('2D SPACE',''
  ) );
#1042 = ORIENTED_EDGE('',*,*,#358,.F.);
#1043 = ADVANCED_FACE('',(#1044),#430,.T.);
#1044 = FACE_BOUND('',#1045,.T.);
#1045 = EDGE_LOOP('',(#1046,#1047,#1070,#1098));
#1046 = ORIENTED_EDGE('',*,*,#414,.T.);
#1047 = ORIENTED_EDGE('',*,*,#1048,.T.);
#1048 = EDGE_CURVE('',#415,#1049,#1051,.T.);
#1049 = VERTEX_POINT('',#1050);
#1050 = CARTESIAN_POINT('',(77.,60.,27.));
#1051 = SURFACE_CURVE('',#1052,(#1056,#1063),.PCURVE_S1.);
#1052 = LINE('',#1053,#1054);
#1053 = CARTESIAN_POINT('',(0.,60.,27.));
#1054 = VECTOR('',#1055,1.);
#1055 = DIRECTION('',(1.,0.,-0.));
#1056 = PCURVE('',#430,#1057);
#1057 = DEFINITIONAL_REPRESENTATION('',(#1058),#1062);
#1058 = LINE('',#1059,#1060);
#1059 = CARTESIAN_POINT('',(27.,0.));
#1060 = VECTOR('',#1061,1.);
#1061 = DIRECTION('',(0.,1.));
#1062 = ( GEOMETRIC_REPRESENTATION_CONTEXT(2) 
PARAMETRIC_REPRESENTATION_CONTEXT() REPRESENTATION_CONTEXT('2D SPACE',''
  ) );
#1063 = PCURVE('',#773,#1064);
#1064 = DEFINITIONAL_REPRESENTATION('',(#1065),#1069);
#1065 = LINE('',#1066,#1067);
#1066 = CARTESIAN_POINT('',(-1.570796326795,0.));
#1067 = VECTOR('',#1068,1.);
#1068 = DIRECTION('',(-0.,1.));
#1069 = ( GEOMETRIC_REPRESENTATION_CONTEXT(2) 
PARAMETRIC_REPRESENTATION_CONTEXT() REPRESENTATION_CONTEXT('2D SPACE',''
  ) );
#1070 = ORIENTED_EDGE('',*,*,#1071,.F.);
#1071 = EDGE_CURVE('',#1072,#1049,#1074,.T.);
#1072 = VERTEX_POINT('',#1073);
#1073 = CARTESIAN_POINT('',(77.,60.,3.));
#1074 = SURFACE_CURVE('',#1075,(#1079,#1086),.PCURVE_S1.);
#1075 = LINE('',#1076,#1077);
#1076 = CARTESIAN_POINT('',(77.,60.,0.));
#1077 = VECTOR('',#1078,1.);
#1078 = DIRECTION('',(0.,0.,1.));
#1079 = PCURVE('',#430,#1080);
#1080 = DEFINITIONAL_REPRESENTATION('',(#1081),#1085);
#1081 = LINE('',#1082,#1083);
#1082 = CARTESIAN_POINT('',(0.,77.));
#1083 = VECTOR('',#1084,1.);
#1084 = DIRECTION('',(1.,0.));
#1085 = ( GEOMETRIC_REPRESENTATION_CONTEXT(2) 
PARAMETRIC_REPRESENTATION_CONTEXT() REPRESENTATION_CONTEXT('2D SPACE',''
  ) );
#1086 = PCURVE('',#1087,#1092);
#1087 = CYLINDRICAL_SURFACE('',#1088,3.);
#1088 = AXIS2_PLACEMENT_3D('',#1089,#1090,#1091);
#1089 = CARTESIAN_POINT('',(77.,57.,0.));
#1090 = DIRECTION('',(0.,0.,1.));
#1091 = DIRECTION('',(-0.,1.,0.));
#1092 = DEFINITIONAL_REPRESENTATION('',(#1093),#1097);
#1093 = LINE('',#1094,#1095);
#1094 = CARTESIAN_POINT('',(-0.,0.));
#1095 = VECTOR('',#1096,1.);
#1096 = DIRECTION('',(-0.,1.));
#1097 = ( GEOMETRIC_REPRESENTATION_CONTEXT(2) 
PARAMETRIC_REPRESENTATION_CONTEXT() REPRESENTATION_CONTEXT('2D SPACE',''
  ) );
#1098 = ORIENTED_EDGE('',*,*,#1099,.F.);
#1099 = EDGE_CURVE('',#391,#1072,#1100,.T.);
#1100 = SURFACE_CURVE('',#1101,(#1105,#1112),.PCURVE_S1.);
#1101 = LINE('',#1102,#1103);
#1102 = CARTESIAN_POINT('',(0.,60.,3.));
#1103 = VECTOR('',#1104,1.);
#1104 = DIRECTION('',(1.,0.,-0.));
#1105 = PCURVE('',#430,#1106);
#1106 = DEFINITIONAL_REPRESENTATION('',(#1107),#1111);
#1107 = LINE('',#1108,#1109);
#1108 = CARTESIAN_POINT('',(3.,0.));
#1109 = VECTOR('',#1110,1.);
#1110 = DIRECTION('',(0.,1.));
#1111 = ( GEOMETRIC_REPRESENTATION_CONTEXT(2) 
PARAMETRIC_REPRESENTATION_CONTEXT() REPRESENTATION_CONTEXT('2D SPACE',''
  ) );
#1112 = PCURVE('',#667,#1113);
#1113 = DEFINITIONAL_REPRESENTATION('',(#1114),#1118);
#1114 = LINE('',#1115,#1116);
#1115 = CARTESIAN_POINT('',(-0.,0.));
#1116 = VECTOR('',#1117,1.);
#1117 = DIRECTION('',(-0.,1.));
#1118 = ( GEOMETRIC_REPRESENTATION_CONTEXT(2) 
PARAMETRIC_REPRESENTATION_CONTEXT() REPRESENTATION_CONTEXT('2D SPACE',''
  ) );
#1119 = ADVANCED_FACE('',(#1120),#480,.T.);
#1120 = FACE_BOUND('',#1121,.T.);
#1121 = EDGE_LOOP('',(#1122,#1123,#1124,#1151));
#1122 = ORIENTED_EDGE('',*,*,#466,.F.);
#1123 = ORIENTED_EDGE('',*,*,#602,.T.);
#1124 = ORIENTED_EDGE('',*,*,#1125,.F.);
#1125 = EDGE_CURVE('',#550,#603,#1126,.T.);
#1126 = SURFACE_CURVE('',#1127,(#1132,#1139),.PCURVE_S1.);
#1127 = CIRCLE('',#1128,3.);
#1128 = AXIS2_PLACEMENT_3D('',#1129,#1130,#1131);
#1129 = CARTESIAN_POINT('',(77.,3.,3.));
#1130 = DIRECTION('',(1.,0.,0.));
#1131 = DIRECTION('',(0.,-1.,0.));
#1132 = PCURVE('',#480,#1133);
#1133 = DEFINITIONAL_REPRESENTATION('',(#1134),#1138);
#1134 = LINE('',#1135,#1136);
#1135 = CARTESIAN_POINT('',(0.,77.));
#1136 = VECTOR('',#1137,1.);
#1137 = DIRECTION('',(1.,0.));
#1138 = ( GEOMETRIC_REPRESENTATION_CONTEXT(2) 
PARAMETRIC_REPRESENTATION_CONTEXT() REPRESENTATION_CONTEXT('2D SPACE',''
  ) );
#1139 = PCURVE('',#1140,#1145);
#1140 = SPHERICAL_SURFACE('',#1141,3.);
#1141 = AXIS2_PLACEMENT_3D('',#1142,#1143,#1144);
#1142 = CARTESIAN_POINT('',(77.,3.,3.));
#1143 = DIRECTION('',(-1.,-0.,0.));
#1144 = DIRECTION('',(0.,-1.,0.));
#1145 = DEFINITIONAL_REPRESENTATION('',(#1146),#1150);
#1146 = LINE('',#1147,#1148);
#1147 = CARTESIAN_POINT('',(-0.,0.));
#1148 = VECTOR('',#1149,1.);
#1149 = DIRECTION('',(-1.,0.));
#1150 = ( GEOMETRIC_REPRESENTATION_CONTEXT(2) 
PARAMETRIC_REPRESENTATION_CONTEXT() REPRESENTATION_CONTEXT('2D SPACE',''
  ) );
#1151 = ORIENTED_EDGE('',*,*,#577,.F.);
#1152 = ADVANCED_FACE('',(#1153),#510,.T.);
#1153 = FACE_BOUND('',#1154,.F.);
#1154 = EDGE_LOOP('',(#1155,#1156,#1157,#1182));
#1155 = ORIENTED_EDGE('',*,*,#496,.F.);
#1156 = ORIENTED_EDGE('',*,*,#708,.T.);
#1157 = ORIENTED_EDGE('',*,*,#1158,.T.);
#1158 = EDGE_CURVE('',#709,#527,#1159,.T.);
#1159 = SURFACE_CURVE('',#1160,(#1165,#1171),.PCURVE_S1.);
#1160 = CIRCLE('',#1161,3.);
#1161 = AXIS2_PLACEMENT_3D('',#1162,#1163,#1164);
#1162 = CARTESIAN_POINT('',(77.,3.,27.));
#1163 = DIRECTION('',(1.,0.,0.));
#1164 = DIRECTION('',(0.,-1.,0.));
#1165 = PCURVE('',#510,#1166);
#1166 = DEFINITIONAL_REPRESENTATION('',(#1167),#1170);
#1167 = B_SPLINE_CURVE_WITH_KNOTS('',1,(#1168,#1169),.UNSPECIFIED.,.F.,
  .F.,(2,2),(4.712388980385,6.28318530718),.PIECEWISE_BEZIER_KNOTS.);
#1168 = CARTESIAN_POINT('',(-1.570796326795,77.));
#1169 = CARTESIAN_POINT('',(0.,77.));
#1170 = ( GEOMETRIC_REPRESENTATION_CONTEXT(2) 
PARAMETRIC_REPRESENTATION_CONTEXT() REPRESENTATION_CONTEXT('2D SPACE',''
  ) );
#1171 = PCURVE('',#1172,#1177);
#1172 = SPHERICAL_SURFACE('',#1173,3.);
#1173 = AXIS2_PLACEMENT_3D('',#1174,#1175,#1176);
#1174 = CARTESIAN_POINT('',(77.,3.,27.));
#1175 = DIRECTION('',(-0.,-0.,-1.));
#1176 = DIRECTION('',(0.,-1.,0.));
#1177 = DEFINITIONAL_REPRESENTATION('',(#1178),#1181);
#1178 = B_SPLINE_CURVE_WITH_KNOTS('',1,(#1179,#1180),.UNSPECIFIED.,.F.,
  .F.,(2,2),(4.712388980385,6.28318530718),.PIECEWISE_BEZIER_KNOTS.);
#1179 = CARTESIAN_POINT('',(0.,-1.570796326795));
#1180 = CARTESIAN_POINT('',(0.,0.));
#1181 = ( GEOMETRIC_REPRESENTATION_CONTEXT(2) 
PARAMETRIC_REPRESENTATION_CONTEXT() REPRESENTATION_CONTEXT('2D SPACE',''
  ) );
#1182 = ORIENTED_EDGE('',*,*,#526,.F.);
#1183 = ADVANCED_FACE('',(#1184),#565,.T.);
#1184 = FACE_BOUND('',#1185,.T.);
#1185 = EDGE_LOOP('',(#1186,#1208,#1236,#1258));
#1186 = ORIENTED_EDGE('',*,*,#1187,.F.);
#1187 = EDGE_CURVE('',#1188,#550,#1190,.T.);
#1188 = VERTEX_POINT('',#1189);
#1189 = CARTESIAN_POINT('',(80.,3.,3.));
#1190 = SURFACE_CURVE('',#1191,(#1196,#1202),.PCURVE_S1.);
#1191 = CIRCLE('',#1192,3.);
#1192 = AXIS2_PLACEMENT_3D('',#1193,#1194,#1195);
#1193 = CARTESIAN_POINT('',(77.,3.,3.));
#1194 = DIRECTION('',(0.,-0.,-1.));
#1195 = DIRECTION('',(0.,-1.,0.));
#1196 = PCURVE('',#565,#1197);
#1197 = DEFINITIONAL_REPRESENTATION('',(#1198),#1201);
#1198 = B_SPLINE_CURVE_WITH_KNOTS('',1,(#1199,#1200),.UNSPECIFIED.,.F.,
  .F.,(2,2),(4.712388980385,6.28318530718),.PIECEWISE_BEZIER_KNOTS.);
#1199 = CARTESIAN_POINT('',(1.570796326795,3.));
#1200 = CARTESIAN_POINT('',(0.,3.));
#1201 = ( GEOMETRIC_REPRESENTATION_CONTEXT(2) 
PARAMETRIC_REPRESENTATION_CONTEXT() REPRESENTATION_CONTEXT('2D SPACE',''
  ) );
#1202 = PCURVE('',#1140,#1203);
#1203 = DEFINITIONAL_REPRESENTATION('',(#1204),#1207);
#1204 = B_SPLINE_CURVE_WITH_KNOTS('',1,(#1205,#1206),.UNSPECIFIED.,.F.,
  .F.,(2,2),(4.712388980385,6.28318530718),.PIECEWISE_BEZIER_KNOTS.);
#1205 = CARTESIAN_POINT('',(0.,-1.570796326795));
#1206 = CARTESIAN_POINT('',(0.,0.));
#1207 = ( GEOMETRIC_REPRESENTATION_CONTEXT(2) 
PARAMETRIC_REPRESENTATION_CONTEXT() REPRESENTATION_CONTEXT('2D SPACE',''
  ) );
#1208 = ORIENTED_EDGE('',*,*,#1209,.T.);
#1209 = EDGE_CURVE('',#1188,#1210,#1212,.T.);
#1210 = VERTEX_POINT('',#1211);
#1211 = CARTESIAN_POINT('',(80.,3.,27.));
#1212 = SURFACE_CURVE('',#1213,(#1217,#1224),.PCURVE_S1.);
#1213 = LINE('',#1214,#1215);
#1214 = CARTESIAN_POINT('',(80.,3.,0.));
#1215 = VECTOR('',#1216,1.);
#1216 = DIRECTION('',(0.,0.,1.));
#1217 = PCURVE('',#565,#1218);
#1218 = DEFINITIONAL_REPRESENTATION('',(#1219),#1223);
#1219 = LINE('',#1220,#1221);
#1220 = CARTESIAN_POINT('',(1.570796326795,0.));
#1221 = VECTOR('',#1222,1.);
#1222 = DIRECTION('',(0.,1.));
#1223 = ( GEOMETRIC_REPRESENTATION_CONTEXT(2) 
PARAMETRIC_REPRESENTATION_CONTEXT() REPRESENTATION_CONTEXT('2D SPACE',''
  ) );
#1224 = PCURVE('',#1225,#1230);
#1225 = PLANE('',#1226);
#1226 = AXIS2_PLACEMENT_3D('',#1227,#1228,#1229);
#1227 = CARTESIAN_POINT('',(80.,0.,0.));
#1228 = DIRECTION('',(1.,0.,-0.));
#1229 = DIRECTION('',(0.,0.,1.));
#1230 = DEFINITIONAL_REPRESENTATION('',(#1231),#1235);
#1231 = LINE('',#1232,#1233);
#1232 = CARTESIAN_POINT('',(0.,-3.));
#1233 = VECTOR('',#1234,1.);
#1234 = DIRECTION('',(1.,0.));
#1235 = ( GEOMETRIC_REPRESENTATION_CONTEXT(2) 
PARAMETRIC_REPRESENTATION_CONTEXT() REPRESENTATION_CONTEXT('2D SPACE',''
  ) );
#1236 = ORIENTED_EDGE('',*,*,#1237,.F.);
#1237 = EDGE_CURVE('',#527,#1210,#1238,.T.);
#1238 = SURFACE_CURVE('',#1239,(#1244,#1251),.PCURVE_S1.);
#1239 = CIRCLE('',#1240,3.);
#1240 = AXIS2_PLACEMENT_3D('',#1241,#1242,#1243);
#1241 = CARTESIAN_POINT('',(77.,3.,27.));
#1242 = DIRECTION('',(0.,0.,1.));
#1243 = DIRECTION('',(0.,-1.,0.));
#1244 = PCURVE('',#565,#1245);
#1245 = DEFINITIONAL_REPRESENTATION('',(#1246),#1250);
#1246 = LINE('',#1247,#1248);
#1247 = CARTESIAN_POINT('',(0.,27.));
#1248 = VECTOR('',#1249,1.);
#1249 = DIRECTION('',(1.,0.));
#1250 = ( GEOMETRIC_REPRESENTATION_CONTEXT(2) 
PARAMETRIC_REPRESENTATION_CONTEXT() REPRESENTATION_CONTEXT('2D SPACE',''
  ) );
#1251 = PCURVE('',#1172,#1252);
#1252 = DEFINITIONAL_REPRESENTATION('',(#1253),#1257);
#1253 = LINE('',#1254,#1255);
#1254 = CARTESIAN_POINT('',(-0.,0.));
#1255 = VECTOR('',#1256,1.);
#1256 = DIRECTION('',(-1.,0.));
#1257 = ( GEOMETRIC_REPRESENTATION_CONTEXT(2) 
PARAMETRIC_REPRESENTATION_CONTEXT() REPRESENTATION_CONTEXT('2D SPACE',''
  ) );
#1258 = ORIENTED_EDGE('',*,*,#549,.F.);
#1259 = ADVANCED_FACE('',(#1260),#667,.T.);
#1260 = FACE_BOUND('',#1261,.F.);
#1261 = EDGE_LOOP('',(#1262,#1263,#1264,#1291));
#1262 = ORIENTED_EDGE('',*,*,#683,.F.);
#1263 = ORIENTED_EDGE('',*,*,#653,.T.);
#1264 = ORIENTED_EDGE('',*,*,#1265,.F.);
#1265 = EDGE_CURVE('',#1072,#626,#1266,.T.);
#1266 = SURFACE_CURVE('',#1267,(#1272,#1279),.PCURVE_S1.);
#1267 = CIRCLE('',#1268,3.);
#1268 = AXIS2_PLACEMENT_3D('',#1269,#1270,#1271);
#1269 = CARTESIAN_POINT('',(77.,57.,3.));
#1270 = DIRECTION('',(-1.,0.,0.));
#1271 = DIRECTION('',(0.,1.,0.));
#1272 = PCURVE('',#667,#1273);
#1273 = DEFINITIONAL_REPRESENTATION('',(#1274),#1278);
#1274 = LINE('',#1275,#1276);
#1275 = CARTESIAN_POINT('',(-0.,77.));
#1276 = VECTOR('',#1277,1.);
#1277 = DIRECTION('',(-1.,0.));
#1278 = ( GEOMETRIC_REPRESENTATION_CONTEXT(2) 
PARAMETRIC_REPRESENTATION_CONTEXT() REPRESENTATION_CONTEXT('2D SPACE',''
  ) );
#1279 = PCURVE('',#1280,#1285);
#1280 = SPHERICAL_SURFACE('',#1281,3.);
#1281 = AXIS2_PLACEMENT_3D('',#1282,#1283,#1284);
#1282 = CARTESIAN_POINT('',(77.,57.,3.));
#1283 = DIRECTION('',(-1.,-0.,0.));
#1284 = DIRECTION('',(0.,1.,0.));
#1285 = DEFINITIONAL_REPRESENTATION('',(#1286),#1290);
#1286 = LINE('',#1287,#1288);
#1287 = CARTESIAN_POINT('',(0.,0.));
#1288 = VECTOR('',#1289,1.);
#1289 = DIRECTION('',(1.,0.));
#1290 = ( GEOMETRIC_REPRESENTATION_CONTEXT(2) 
PARAMETRIC_REPRESENTATION_CONTEXT() REPRESENTATION_CONTEXT('2D SPACE',''
  ) );
#1291 = ORIENTED_EDGE('',*,*,#1099,.F.);
#1292 = ADVANCED_FACE('',(#1293),#641,.T.);
#1293 = FACE_BOUND('',#1294,.F.);
#1294 = EDGE_LOOP('',(#1295,#1315,#1338,#1358));
#1295 = ORIENTED_EDGE('',*,*,#1296,.F.);
#1296 = EDGE_CURVE('',#1188,#603,#1297,.T.);
#1297 = SURFACE_CURVE('',#1298,(#1303,#1309),.PCURVE_S1.);
#1298 = CIRCLE('',#1299,3.);
#1299 = AXIS2_PLACEMENT_3D('',#1300,#1301,#1302);
#1300 = CARTESIAN_POINT('',(77.,3.,3.));
#1301 = DIRECTION('',(-0.,1.,-6.123233995737E-17));
#1302 = DIRECTION('',(0.,-6.123233995737E-17,-1.));
#1303 = PCURVE('',#641,#1304);
#1304 = DEFINITIONAL_REPRESENTATION('',(#1305),#1308);
#1305 = B_SPLINE_CURVE_WITH_KNOTS('',1,(#1306,#1307),.UNSPECIFIED.,.F.,
  .F.,(2,2),(4.712388980385,6.28318530718),.PIECEWISE_BEZIER_KNOTS.);
#1306 = CARTESIAN_POINT('',(-1.570796326795,3.));
#1307 = CARTESIAN_POINT('',(0.,3.));
#1308 = ( GEOMETRIC_REPRESENTATION_CONTEXT(2) 
PARAMETRIC_REPRESENTATION_CONTEXT() REPRESENTATION_CONTEXT('2D SPACE',''
  ) );
#1309 = PCURVE('',#1140,#1310);
#1310 = DEFINITIONAL_REPRESENTATION('',(#1311),#1314);
#1311 = B_SPLINE_CURVE_WITH_KNOTS('',1,(#1312,#1313),.UNSPECIFIED.,.F.,
  .F.,(2,2),(4.712388980385,6.28318530718),.PIECEWISE_BEZIER_KNOTS.);
#1312 = CARTESIAN_POINT('',(-1.570796326795,-1.570796326795));
#1313 = CARTESIAN_POINT('',(-1.570796326795,0.));
#1314 = ( GEOMETRIC_REPRESENTATION_CONTEXT(2) 
PARAMETRIC_REPRESENTATION_CONTEXT() REPRESENTATION_CONTEXT('2D SPACE',''
  ) );
#1315 = ORIENTED_EDGE('',*,*,#1316,.T.);
#1316 = EDGE_CURVE('',#1188,#1317,#1319,.T.);
#1317 = VERTEX_POINT('',#1318);
#1318 = CARTESIAN_POINT('',(80.,57.,3.));
#1319 = SURFACE_CURVE('',#1320,(#1324,#1331),.PCURVE_S1.);
#1320 = LINE('',#1321,#1322);
#1321 = CARTESIAN_POINT('',(80.,0.,3.));
#1322 = VECTOR('',#1323,1.);
#1323 = DIRECTION('',(-0.,1.,0.));
#1324 = PCURVE('',#641,#1325);
#1325 = DEFINITIONAL_REPRESENTATION('',(#1326),#1330);
#1326 = LINE('',#1327,#1328);
#1327 = CARTESIAN_POINT('',(-1.570796326795,0.));
#1328 = VECTOR('',#1329,1.);
#1329 = DIRECTION('',(-0.,1.));
#1330 = ( GEOMETRIC_REPRESENTATION_CONTEXT(2) 
PARAMETRIC_REPRESENTATION_CONTEXT() REPRESENTATION_CONTEXT('2D SPACE',''
  ) );
#1331 = PCURVE('',#1225,#1332);
#1332 = DEFINITIONAL_REPRESENTATION('',(#1333),#1337);
#1333 = LINE('',#1334,#1335);
#1334 = CARTESIAN_POINT('',(3.,0.));
#1335 = VECTOR('',#1336,1.);
#1336 = DIRECTION('',(0.,-1.));
#1337 = ( GEOMETRIC_REPRESENTATION_CONTEXT(2) 
PARAMETRIC_REPRESENTATION_CONTEXT() REPRESENTATION_CONTEXT('2D SPACE',''
  ) );
#1338 = ORIENTED_EDGE('',*,*,#1339,.T.);
#1339 = EDGE_CURVE('',#1317,#626,#1340,.T.);
#1340 = SURFACE_CURVE('',#1341,(#1346,#1352),.PCURVE_S1.);
#1341 = CIRCLE('',#1342,3.);
#1342 = AXIS2_PLACEMENT_3D('',#1343,#1344,#1345);
#1343 = CARTESIAN_POINT('',(77.,57.,3.));
#1344 = DIRECTION('',(0.,1.,6.123233995737E-17));
#1345 = DIRECTION('',(0.,6.123233995737E-17,-1.));
#1346 = PCURVE('',#641,#1347);
#1347 = DEFINITIONAL_REPRESENTATION('',(#1348),#1351);
#1348 = B_SPLINE_CURVE_WITH_KNOTS('',1,(#1349,#1350),.UNSPECIFIED.,.F.,
  .F.,(2,2),(4.712388980385,6.28318530718),.PIECEWISE_BEZIER_KNOTS.);
#1349 = CARTESIAN_POINT('',(-1.570796326795,57.));
#1350 = CARTESIAN_POINT('',(0.,57.));
#1351 = ( GEOMETRIC_REPRESENTATION_CONTEXT(2) 
PARAMETRIC_REPRESENTATION_CONTEXT() REPRESENTATION_CONTEXT('2D SPACE',''
  ) );
#1352 = PCURVE('',#1280,#1353);
#1353 = DEFINITIONAL_REPRESENTATION('',(#1354),#1357);
#1354 = B_SPLINE_CURVE_WITH_KNOTS('',1,(#1355,#1356),.UNSPECIFIED.,.F.,
  .F.,(2,2),(4.712388980385,6.28318530718),.PIECEWISE_BEZIER_KNOTS.);
#1355 = CARTESIAN_POINT('',(1.570796326795,-1.570796326795));
#1356 = CARTESIAN_POINT('',(1.570796326795,0.));
#1357 = ( GEOMETRIC_REPRESENTATION_CONTEXT(2) 
PARAMETRIC_REPRESENTATION_CONTEXT() REPRESENTATION_CONTEXT('2D SPACE',''
  ) );
#1358 = ORIENTED_EDGE('',*,*,#625,.F.);
#1359 = ADVANCED_FACE('',(#1360),#773,.T.);
#1360 = FACE_BOUND('',#1361,.F.);
#1361 = EDGE_LOOP('',(#1362,#1363,#1364,#1391));
#1362 = ORIENTED_EDGE('',*,*,#1023,.F.);
#1363 = ORIENTED_EDGE('',*,*,#1048,.T.);
#1364 = ORIENTED_EDGE('',*,*,#1365,.F.);
#1365 = EDGE_CURVE('',#732,#1049,#1366,.T.);
#1366 = SURFACE_CURVE('',#1367,(#1372,#1379),.PCURVE_S1.);
#1367 = CIRCLE('',#1368,3.);
#1368 = AXIS2_PLACEMENT_3D('',#1369,#1370,#1371);
#1369 = CARTESIAN_POINT('',(77.,57.,27.));
#1370 = DIRECTION('',(-1.,-0.,0.));
#1371 = DIRECTION('',(0.,0.,1.));
#1372 = PCURVE('',#773,#1373);
#1373 = DEFINITIONAL_REPRESENTATION('',(#1374),#1378);
#1374 = LINE('',#1375,#1376);
#1375 = CARTESIAN_POINT('',(-0.,77.));
#1376 = VECTOR('',#1377,1.);
#1377 = DIRECTION('',(-1.,0.));
#1378 = ( GEOMETRIC_REPRESENTATION_CONTEXT(2) 
PARAMETRIC_REPRESENTATION_CONTEXT() REPRESENTATION_CONTEXT('2D SPACE',''
  ) );
#1379 = PCURVE('',#1380,#1385);
#1380 = SPHERICAL_SURFACE('',#1381,3.);
#1381 = AXIS2_PLACEMENT_3D('',#1382,#1383,#1384);
#1382 = CARTESIAN_POINT('',(77.,57.,27.));
#1383 = DIRECTION('',(-1.,-0.,0.));
#1384 = DIRECTION('',(0.,0.,1.));
#1385 = DEFINITIONAL_REPRESENTATION('',(#1386),#1390);
#1386 = LINE('',#1387,#1388);
#1387 = CARTESIAN_POINT('',(0.,0.));
#1388 = VECTOR('',#1389,1.);
#1389 = DIRECTION('',(1.,0.));
#1390 = ( GEOMETRIC_REPRESENTATION_CONTEXT(2) 
PARAMETRIC_REPRESENTATION_CONTEXT() REPRESENTATION_CONTEXT('2D SPACE',''
  ) );
#1391 = ORIENTED_EDGE('',*,*,#759,.F.);
#1392 = ADVANCED_FACE('',(#1393),#747,.T.);
#1393 = FACE_BOUND('',#1394,.T.);
#1394 = EDGE_LOOP('',(#1395,#1415,#1438,#1458));
#1395 = ORIENTED_EDGE('',*,*,#1396,.T.);
#1396 = EDGE_CURVE('',#709,#1210,#1397,.T.);
#1397 = SURFACE_CURVE('',#1398,(#1403,#1409),.PCURVE_S1.);
#1398 = CIRCLE('',#1399,3.);
#1399 = AXIS2_PLACEMENT_3D('',#1400,#1401,#1402);
#1400 = CARTESIAN_POINT('',(77.,3.,27.));
#1401 = DIRECTION('',(6.123233995737E-17,1.,0.));
#1402 = DIRECTION('',(1.,-6.123233995737E-17,0.));
#1403 = PCURVE('',#747,#1404);
#1404 = DEFINITIONAL_REPRESENTATION('',(#1405),#1408);
#1405 = B_SPLINE_CURVE_WITH_KNOTS('',1,(#1406,#1407),.UNSPECIFIED.,.F.,
  .F.,(2,2),(4.712388980385,6.28318530718),.PIECEWISE_BEZIER_KNOTS.);
#1406 = CARTESIAN_POINT('',(0.,3.));
#1407 = CARTESIAN_POINT('',(1.570796326795,3.));
#1408 = ( GEOMETRIC_REPRESENTATION_CONTEXT(2) 
PARAMETRIC_REPRESENTATION_CONTEXT() REPRESENTATION_CONTEXT('2D SPACE',''
  ) );
#1409 = PCURVE('',#1172,#1410);
#1410 = DEFINITIONAL_REPRESENTATION('',(#1411),#1414);
#1411 = B_SPLINE_CURVE_WITH_KNOTS('',1,(#1412,#1413),.UNSPECIFIED.,.F.,
  .F.,(2,2),(4.712388980385,6.28318530718),.PIECEWISE_BEZIER_KNOTS.);
#1412 = CARTESIAN_POINT('',(-1.570796326795,-1.570796326795));
#1413 = CARTESIAN_POINT('',(-1.570796326795,0.));
#1414 = ( GEOMETRIC_REPRESENTATION_CONTEXT(2) 
PARAMETRIC_REPRESENTATION_CONTEXT() REPRESENTATION_CONTEXT('2D SPACE',''
  ) );
#1415 = ORIENTED_EDGE('',*,*,#1416,.T.);
#1416 = EDGE_CURVE('',#1210,#1417,#1419,.T.);
#1417 = VERTEX_POINT('',#1418);
#1418 = CARTESIAN_POINT('',(80.,57.,27.));
#1419 = SURFACE_CURVE('',#1420,(#1424,#1431),.PCURVE_S1.);
#1420 = LINE('',#1421,#1422);
#1421 = CARTESIAN_POINT('',(80.,0.,27.));
#1422 = VECTOR('',#1423,1.);
#1423 = DIRECTION('',(-0.,1.,0.));
#1424 = PCURVE('',#747,#1425);
#1425 = DEFINITIONAL_REPRESENTATION('',(#1426),#1430);
#1426 = LINE('',#1427,#1428);
#1427 = CARTESIAN_POINT('',(1.570796326795,0.));
#1428 = VECTOR('',#1429,1.);
#1429 = DIRECTION('',(0.,1.));
#1430 = ( GEOMETRIC_REPRESENTATION_CONTEXT(2) 
PARAMETRIC_REPRESENTATION_CONTEXT() REPRESENTATION_CONTEXT('2D SPACE',''
  ) );
#1431 = PCURVE('',#1225,#1432);
#1432 = DEFINITIONAL_REPRESENTATION('',(#1433),#1437);
#1433 = LINE('',#1434,#1435);
#1434 = CARTESIAN_POINT('',(27.,0.));
#1435 = VECTOR('',#1436,1.);
#1436 = DIRECTION('',(0.,-1.));
#1437 = ( GEOMETRIC_REPRESENTATION_CONTEXT(2) 
PARAMETRIC_REPRESENTATION_CONTEXT() REPRESENTATION_CONTEXT('2D SPACE',''
  ) );
#1438 = ORIENTED_EDGE('',*,*,#1439,.T.);
#1439 = EDGE_CURVE('',#1417,#732,#1440,.T.);
#1440 = SURFACE_CURVE('',#1441,(#1446,#1452),.PCURVE_S1.);
#1441 = CIRCLE('',#1442,3.);
#1442 = AXIS2_PLACEMENT_3D('',#1443,#1444,#1445);
#1443 = CARTESIAN_POINT('',(77.,57.,27.));
#1444 = DIRECTION('',(0.,-1.,0.));
#1445 = DIRECTION('',(0.,0.,1.));
#1446 = PCURVE('',#747,#1447);
#1447 = DEFINITIONAL_REPRESENTATION('',(#1448),#1451);
#1448 = B_SPLINE_CURVE_WITH_KNOTS('',1,(#1449,#1450),.UNSPECIFIED.,.F.,
  .F.,(2,2),(4.712388980385,6.28318530718),.PIECEWISE_BEZIER_KNOTS.);
#1449 = CARTESIAN_POINT('',(1.570796326795,57.));
#1450 = CARTESIAN_POINT('',(0.,57.));
#1451 = ( GEOMETRIC_REPRESENTATION_CONTEXT(2) 
PARAMETRIC_REPRESENTATION_CONTEXT() REPRESENTATION_CONTEXT('2D SPACE',''
  ) );
#1452 = PCURVE('',#1380,#1453);
#1453 = DEFINITIONAL_REPRESENTATION('',(#1454),#1457);
#1454 = B_SPLINE_CURVE_WITH_KNOTS('',1,(#1455,#1456),.UNSPECIFIED.,.F.,
  .F.,(2,2),(4.712388980385,6.28318530718),.PIECEWISE_BEZIER_KNOTS.);
#1455 = CARTESIAN_POINT('',(0.,-1.570796326795));
#1456 = CARTESIAN_POINT('',(0.,0.));
#1457 = ( GEOMETRIC_REPRESENTATION_CONTEXT(2) 
PARAMETRIC_REPRESENTATION_CONTEXT() REPRESENTATION_CONTEXT('2D SPACE',''
  ) );
#1458 = ORIENTED_EDGE('',*,*,#731,.F.);
#1459 = ADVANCED_FACE('',(#1460),#805,.T.);
#1460 = FACE_BOUND('',#1461,.T.);
#1461 = EDGE_LOOP('',(#1462,#1484,#1512,#1532));
#1462 = ORIENTED_EDGE('',*,*,#1463,.T.);
#1463 = EDGE_CURVE('',#788,#1464,#1466,.T.);
#1464 = VERTEX_POINT('',#1465);
#1465 = CARTESIAN_POINT('',(62.,15.,27.));
#1466 = SURFACE_CURVE('',#1467,(#1472,#1478),.PCURVE_S1.);
#1467 = CIRCLE('',#1468,3.);
#1468 = AXIS2_PLACEMENT_3D('',#1469,#1470,#1471);
#1469 = CARTESIAN_POINT('',(62.,12.,27.));
#1470 = DIRECTION('',(-1.,0.,0.));
#1471 = DIRECTION('',(0.,-1.,0.));
#1472 = PCURVE('',#805,#1473);
#1473 = DEFINITIONAL_REPRESENTATION('',(#1474),#1477);
#1474 = B_SPLINE_CURVE_WITH_KNOTS('',1,(#1475,#1476),.UNSPECIFIED.,.F.,
  .F.,(2,2),(1.570796326795,3.14159265359),.PIECEWISE_BEZIER_KNOTS.);
#1475 = CARTESIAN_POINT('',(0.,3.));
#1476 = CARTESIAN_POINT('',(1.570796326795,3.));
#1477 = ( GEOMETRIC_REPRESENTATION_CONTEXT(2) 
PARAMETRIC_REPRESENTATION_CONTEXT() REPRESENTATION_CONTEXT('2D SPACE',''
  ) );
#1478 = PCURVE('',#1007,#1479);
#1479 = DEFINITIONAL_REPRESENTATION('',(#1480),#1483);
#1480 = B_SPLINE_CURVE_WITH_KNOTS('',1,(#1481,#1482),.UNSPECIFIED.,.F.,
  .F.,(2,2),(1.570796326795,3.14159265359),.PIECEWISE_BEZIER_KNOTS.);
#1481 = CARTESIAN_POINT('',(0.,1.570796326795));
#1482 = CARTESIAN_POINT('',(0.,3.14159265359));
#1483 = ( GEOMETRIC_REPRESENTATION_CONTEXT(2) 
PARAMETRIC_REPRESENTATION_CONTEXT() REPRESENTATION_CONTEXT('2D SPACE',''
  ) );
#1484 = ORIENTED_EDGE('',*,*,#1485,.T.);
#1485 = EDGE_CURVE('',#1464,#1486,#1488,.T.);
#1486 = VERTEX_POINT('',#1487);
#1487 = CARTESIAN_POINT('',(18.,15.,27.));
#1488 = SURFACE_CURVE('',#1489,(#1493,#1500),.PCURVE_S1.);
#1489 = LINE('',#1490,#1491);
#1490 = CARTESIAN_POINT('',(65.,15.,27.));
#1491 = VECTOR('',#1492,1.);
#1492 = DIRECTION('',(-1.,-0.,0.));
#1493 = PCURVE('',#805,#1494);
#1494 = DEFINITIONAL_REPRESENTATION('',(#1495),#1499);
#1495 = LINE('',#1496,#1497);
#1496 = CARTESIAN_POINT('',(1.570796326795,0.));
#1497 = VECTOR('',#1498,1.);
#1498 = DIRECTION('',(0.,1.));
#1499 = ( GEOMETRIC_REPRESENTATION_CONTEXT(2) 
PARAMETRIC_REPRESENTATION_CONTEXT() REPRESENTATION_CONTEXT('2D SPACE',''
  ) );
#1500 = PCURVE('',#1501,#1506);
#1501 = PLANE('',#1502);
#1502 = AXIS2_PLACEMENT_3D('',#1503,#1504,#1505);
#1503 = CARTESIAN_POINT('',(15.,15.,12.));
#1504 = DIRECTION('',(-0.,1.,0.));
#1505 = DIRECTION('',(0.,0.,1.));
#1506 = DEFINITIONAL_REPRESENTATION('',(#1507),#1511);
#1507 = LINE('',#1508,#1509);
#1508 = CARTESIAN_POINT('',(15.,50.));
#1509 = VECTOR('',#1510,1.);
#1510 = DIRECTION('',(0.,-1.));
#1511 = ( GEOMETRIC_REPRESENTATION_CONTEXT(2) 
PARAMETRIC_REPRESENTATION_CONTEXT() REPRESENTATION_CONTEXT('2D SPACE',''
  ) );
#1512 = ORIENTED_EDGE('',*,*,#1513,.F.);
#1513 = EDGE_CURVE('',#790,#1486,#1514,.T.);
#1514 = SURFACE_CURVE('',#1515,(#1520,#1526),.PCURVE_S1.);
#1515 = CIRCLE('',#1516,3.);
#1516 = AXIS2_PLACEMENT_3D('',#1517,#1518,#1519);
#1517 = CARTESIAN_POINT('',(18.,12.,27.));
#1518 = DIRECTION('',(-1.,0.,0.));
#1519 = DIRECTION('',(0.,-1.,0.));
#1520 = PCURVE('',#805,#1521);
#1521 = DEFINITIONAL_REPRESENTATION('',(#1522),#1525);
#1522 = B_SPLINE_CURVE_WITH_KNOTS('',1,(#1523,#1524),.UNSPECIFIED.,.F.,
  .F.,(2,2),(1.570796326795,3.14159265359),.PIECEWISE_BEZIER_KNOTS.);
#1523 = CARTESIAN_POINT('',(0.,47.));
#1524 = CARTESIAN_POINT('',(1.570796326795,47.));
#1525 = ( GEOMETRIC_REPRESENTATION_CONTEXT(2) 
PARAMETRIC_REPRESENTATION_CONTEXT() REPRESENTATION_CONTEXT('2D SPACE',''
  ) );
#1526 = PCURVE('',#838,#1527);
#1527 = DEFINITIONAL_REPRESENTATION('',(#1528),#1531);
#1528 = B_SPLINE_CURVE_WITH_KNOTS('',1,(#1529,#1530),.UNSPECIFIED.,.F.,
  .F.,(2,2),(1.570796326795,3.14159265359),.PIECEWISE_BEZIER_KNOTS.);
#1529 = CARTESIAN_POINT('',(0.,1.570796326795));
#1530 = CARTESIAN_POINT('',(0.,3.14159265359));
#1531 = ( GEOMETRIC_REPRESENTATION_CONTEXT(2) 
PARAMETRIC_REPRESENTATION_CONTEXT() REPRESENTATION_CONTEXT('2D SPACE',''
  ) );
#1532 = ORIENTED_EDGE('',*,*,#787,.F.);
#1533 = ADVANCED_FACE('',(#1534),#1007,.T.);
#1534 = FACE_BOUND('',#1535,.T.);
#1535 = EDGE_LOOP('',(#1536,#1537,#1538,#1560));
#1536 = ORIENTED_EDGE('',*,*,#1463,.F.);
#1537 = ORIENTED_EDGE('',*,*,#992,.T.);
#1538 = ORIENTED_EDGE('',*,*,#1539,.T.);
#1539 = EDGE_CURVE('',#965,#1540,#1542,.T.);
#1540 = VERTEX_POINT('',#1541);
#1541 = CARTESIAN_POINT('',(65.,18.,27.));
#1542 = SURFACE_CURVE('',#1543,(#1548,#1554),.PCURVE_S1.);
#1543 = CIRCLE('',#1544,3.);
#1544 = AXIS2_PLACEMENT_3D('',#1545,#1546,#1547);
#1545 = CARTESIAN_POINT('',(68.,18.,27.));
#1546 = DIRECTION('',(-6.123233995737E-17,-1.,0.));
#1547 = DIRECTION('',(1.,-6.123233995737E-17,0.));
#1548 = PCURVE('',#1007,#1549);
#1549 = DEFINITIONAL_REPRESENTATION('',(#1550),#1553);
#1550 = B_SPLINE_CURVE_WITH_KNOTS('',1,(#1551,#1552),.UNSPECIFIED.,.F.,
  .F.,(2,2),(1.570796326795,3.14159265359),.PIECEWISE_BEZIER_KNOTS.);
#1551 = CARTESIAN_POINT('',(1.570796326795,1.570796326795));
#1552 = CARTESIAN_POINT('',(1.570796326795,3.14159265359));
#1553 = ( GEOMETRIC_REPRESENTATION_CONTEXT(2) 
PARAMETRIC_REPRESENTATION_CONTEXT() REPRESENTATION_CONTEXT('2D SPACE',''
  ) );
#1554 = PCURVE('',#980,#1555);
#1555 = DEFINITIONAL_REPRESENTATION('',(#1556),#1559);
#1556 = B_SPLINE_CURVE_WITH_KNOTS('',1,(#1557,#1558),.UNSPECIFIED.,.F.,
  .F.,(2,2),(1.570796326795,3.14159265359),.PIECEWISE_BEZIER_KNOTS.);
#1557 = CARTESIAN_POINT('',(0.,3.));
#1558 = CARTESIAN_POINT('',(-1.570796326795,3.));
#1559 = ( GEOMETRIC_REPRESENTATION_CONTEXT(2) 
PARAMETRIC_REPRESENTATION_CONTEXT() REPRESENTATION_CONTEXT('2D SPACE',''
  ) );
#1560 = ORIENTED_EDGE('',*,*,#1561,.F.);
#1561 = EDGE_CURVE('',#1464,#1540,#1562,.T.);
#1562 = SURFACE_CURVE('',#1563,(#1568,#1575),.PCURVE_S1.);
#1563 = CIRCLE('',#1564,3.);
#1564 = AXIS2_PLACEMENT_3D('',#1565,#1566,#1567);
#1565 = CARTESIAN_POINT('',(62.,18.,27.));
#1566 = DIRECTION('',(0.,0.,1.));
#1567 = DIRECTION('',(0.,-1.,0.));
#1568 = PCURVE('',#1007,#1569);
#1569 = DEFINITIONAL_REPRESENTATION('',(#1570),#1574);
#1570 = LINE('',#1571,#1572);
#1571 = CARTESIAN_POINT('',(0.,3.14159265359));
#1572 = VECTOR('',#1573,1.);
#1573 = DIRECTION('',(1.,0.));
#1574 = ( GEOMETRIC_REPRESENTATION_CONTEXT(2) 
PARAMETRIC_REPRESENTATION_CONTEXT() REPRESENTATION_CONTEXT('2D SPACE',''
  ) );
#1575 = PCURVE('',#1576,#1581);
#1576 = CYLINDRICAL_SURFACE('',#1577,3.);
#1577 = AXIS2_PLACEMENT_3D('',#1578,#1579,#1580);
#1578 = CARTESIAN_POINT('',(62.,18.,12.));
#1579 = DIRECTION('',(0.,0.,1.));
#1580 = DIRECTION('',(0.,-1.,0.));
#1581 = DEFINITIONAL_REPRESENTATION('',(#1582),#1586);
#1582 = LINE('',#1583,#1584);
#1583 = CARTESIAN_POINT('',(0.,15.));
#1584 = VECTOR('',#1585,1.);
#1585 = DIRECTION('',(1.,0.));
#1586 = ( GEOMETRIC_REPRESENTATION_CONTEXT(2) 
PARAMETRIC_REPRESENTATION_CONTEXT() REPRESENTATION_CONTEXT('2D SPACE',''
  ) );
#1587 = ADVANCED_FACE('',(#1588),#838,.T.);
#1588 = FACE_BOUND('',#1589,.F.);
#1589 = EDGE_LOOP('',(#1590,#1591,#1592,#1614));
#1590 = ORIENTED_EDGE('',*,*,#1513,.F.);
#1591 = ORIENTED_EDGE('',*,*,#817,.T.);
#1592 = ORIENTED_EDGE('',*,*,#1593,.T.);
#1593 = EDGE_CURVE('',#818,#1594,#1596,.T.);
#1594 = VERTEX_POINT('',#1595);
#1595 = CARTESIAN_POINT('',(15.,18.,27.));
#1596 = SURFACE_CURVE('',#1597,(#1602,#1608),.PCURVE_S1.);
#1597 = CIRCLE('',#1598,3.);
#1598 = AXIS2_PLACEMENT_3D('',#1599,#1600,#1601);
#1599 = CARTESIAN_POINT('',(12.,18.,27.));
#1600 = DIRECTION('',(-6.123233995737E-17,1.,0.));
#1601 = DIRECTION('',(-1.,-6.123233995737E-17,0.));
#1602 = PCURVE('',#838,#1603);
#1603 = DEFINITIONAL_REPRESENTATION('',(#1604),#1607);
#1604 = B_SPLINE_CURVE_WITH_KNOTS('',1,(#1605,#1606),.UNSPECIFIED.,.F.,
  .F.,(2,2),(1.570796326795,3.14159265359),.PIECEWISE_BEZIER_KNOTS.);
#1605 = CARTESIAN_POINT('',(-1.570796326795,1.570796326795));
#1606 = CARTESIAN_POINT('',(-1.570796326795,3.14159265359));
#1607 = ( GEOMETRIC_REPRESENTATION_CONTEXT(2) 
PARAMETRIC_REPRESENTATION_CONTEXT() REPRESENTATION_CONTEXT('2D SPACE',''
  ) );
#1608 = PCURVE('',#866,#1609);
#1609 = DEFINITIONAL_REPRESENTATION('',(#1610),#1613);
#1610 = B_SPLINE_CURVE_WITH_KNOTS('',1,(#1611,#1612),.UNSPECIFIED.,.F.,
  .F.,(2,2),(1.570796326795,3.14159265359),.PIECEWISE_BEZIER_KNOTS.);
#1611 = CARTESIAN_POINT('',(0.,3.));
#1612 = CARTESIAN_POINT('',(1.570796326795,3.));
#1613 = ( GEOMETRIC_REPRESENTATION_CONTEXT(2) 
PARAMETRIC_REPRESENTATION_CONTEXT() REPRESENTATION_CONTEXT('2D SPACE',''
  ) );
#1614 = ORIENTED_EDGE('',*,*,#1615,.F.);
#1615 = EDGE_CURVE('',#1486,#1594,#1616,.T.);
#1616 = SURFACE_CURVE('',#1617,(#1622,#1629),.PCURVE_S1.);
#1617 = CIRCLE('',#1618,3.);
#1618 = AXIS2_PLACEMENT_3D('',#1619,#1620,#1621);
#1619 = CARTESIAN_POINT('',(18.,18.,27.));
#1620 = DIRECTION('',(-0.,-0.,-1.));
#1621 = DIRECTION('',(0.,-1.,0.));
#1622 = PCURVE('',#838,#1623);
#1623 = DEFINITIONAL_REPRESENTATION('',(#1624),#1628);
#1624 = LINE('',#1625,#1626);
#1625 = CARTESIAN_POINT('',(-0.,3.14159265359));
#1626 = VECTOR('',#1627,1.);
#1627 = DIRECTION('',(-1.,0.));
#1628 = ( GEOMETRIC_REPRESENTATION_CONTEXT(2) 
PARAMETRIC_REPRESENTATION_CONTEXT() REPRESENTATION_CONTEXT('2D SPACE',''
  ) );
#1629 = PCURVE('',#1630,#1635);
#1630 = CYLINDRICAL_SURFACE('',#1631,3.);
#1631 = AXIS2_PLACEMENT_3D('',#1632,#1633,#1634);
#1632 = CARTESIAN_POINT('',(18.,18.,12.));
#1633 = DIRECTION('',(0.,0.,1.));
#1634 = DIRECTION('',(0.,-1.,0.));
#1635 = DEFINITIONAL_REPRESENTATION('',(#1636),#1640);
#1636 = LINE('',#1637,#1638);
#1637 = CARTESIAN_POINT('',(-0.,15.));
#1638 = VECTOR('',#1639,1.);
#1639 = DIRECTION('',(-1.,0.));
#1640 = ( GEOMETRIC_REPRESENTATION_CONTEXT(2) 
PARAMETRIC_REPRESENTATION_CONTEXT() REPRESENTATION_CONTEXT('2D SPACE',''
  ) );
#1641 = ADVANCED_FACE('',(#1642),#980,.T.);
#1642 = FACE_BOUND('',#1643,.F.);
#1643 = EDGE_LOOP('',(#1644,#1645,#1673,#1693));
#1644 = ORIENTED_EDGE('',*,*,#1539,.T.);
#1645 = ORIENTED_EDGE('',*,*,#1646,.T.);
#1646 = EDGE_CURVE('',#1540,#1647,#1649,.T.);
#1647 = VERTEX_POINT('',#1648);
#1648 = CARTESIAN_POINT('',(65.,42.,27.));
#1649 = SURFACE_CURVE('',#1650,(#1654,#1661),.PCURVE_S1.);
#1650 = LINE('',#1651,#1652);
#1651 = CARTESIAN_POINT('',(65.,15.,27.));
#1652 = VECTOR('',#1653,1.);
#1653 = DIRECTION('',(-0.,1.,0.));
#1654 = PCURVE('',#980,#1655);
#1655 = DEFINITIONAL_REPRESENTATION('',(#1656),#1660);
#1656 = LINE('',#1657,#1658);
#1657 = CARTESIAN_POINT('',(-1.570796326795,0.));
#1658 = VECTOR('',#1659,1.);
#1659 = DIRECTION('',(-0.,1.));
#1660 = ( GEOMETRIC_REPRESENTATION_CONTEXT(2) 
PARAMETRIC_REPRESENTATION_CONTEXT() REPRESENTATION_CONTEXT('2D SPACE',''
  ) );
#1661 = PCURVE('',#1662,#1667);
#1662 = PLANE('',#1663);
#1663 = AXIS2_PLACEMENT_3D('',#1664,#1665,#1666);
#1664 = CARTESIAN_POINT('',(65.,15.,12.));
#1665 = DIRECTION('',(1.,0.,-0.));
#1666 = DIRECTION('',(0.,0.,1.));
#1667 = DEFINITIONAL_REPRESENTATION('',(#1668),#1672);
#1668 = LINE('',#1669,#1670);
#1669 = CARTESIAN_POINT('',(15.,0.));
#1670 = VECTOR('',#1671,1.);
#1671 = DIRECTION('',(0.,-1.));
#1672 = ( GEOMETRIC_REPRESENTATION_CONTEXT(2) 
PARAMETRIC_REPRESENTATION_CONTEXT() REPRESENTATION_CONTEXT('2D SPACE',''
  ) );
#1673 = ORIENTED_EDGE('',*,*,#1674,.F.);
#1674 = EDGE_CURVE('',#936,#1647,#1675,.T.);
#1675 = SURFACE_CURVE('',#1676,(#1681,#1687),.PCURVE_S1.);
#1676 = CIRCLE('',#1677,3.);
#1677 = AXIS2_PLACEMENT_3D('',#1678,#1679,#1680);
#1678 = CARTESIAN_POINT('',(68.,42.,27.));
#1679 = DIRECTION('',(0.,-1.,0.));
#1680 = DIRECTION('',(1.,0.,0.));
#1681 = PCURVE('',#980,#1682);
#1682 = DEFINITIONAL_REPRESENTATION('',(#1683),#1686);
#1683 = B_SPLINE_CURVE_WITH_KNOTS('',1,(#1684,#1685),.UNSPECIFIED.,.F.,
  .F.,(2,2),(1.570796326795,3.14159265359),.PIECEWISE_BEZIER_KNOTS.);
#1684 = CARTESIAN_POINT('',(0.,27.));
#1685 = CARTESIAN_POINT('',(-1.570796326795,27.));
#1686 = ( GEOMETRIC_REPRESENTATION_CONTEXT(2) 
PARAMETRIC_REPRESENTATION_CONTEXT() REPRESENTATION_CONTEXT('2D SPACE',''
  ) );
#1687 = PCURVE('',#952,#1688);
#1688 = DEFINITIONAL_REPRESENTATION('',(#1689),#1692);
#1689 = B_SPLINE_CURVE_WITH_KNOTS('',1,(#1690,#1691),.UNSPECIFIED.,.F.,
  .F.,(2,2),(1.570796326795,3.14159265359),.PIECEWISE_BEZIER_KNOTS.);
#1690 = CARTESIAN_POINT('',(0.,1.570796326795));
#1691 = CARTESIAN_POINT('',(0.,3.14159265359));
#1692 = ( GEOMETRIC_REPRESENTATION_CONTEXT(2) 
PARAMETRIC_REPRESENTATION_CONTEXT() REPRESENTATION_CONTEXT('2D SPACE',''
  ) );
#1693 = ORIENTED_EDGE('',*,*,#964,.F.);
#1694 = ADVANCED_FACE('',(#1695),#866,.T.);
#1695 = FACE_BOUND('',#1696,.T.);
#1696 = EDGE_LOOP('',(#1697,#1698,#1726,#1746));
#1697 = ORIENTED_EDGE('',*,*,#1593,.T.);
#1698 = ORIENTED_EDGE('',*,*,#1699,.T.);
#1699 = EDGE_CURVE('',#1594,#1700,#1702,.T.);
#1700 = VERTEX_POINT('',#1701);
#1701 = CARTESIAN_POINT('',(15.,42.,27.));
#1702 = SURFACE_CURVE('',#1703,(#1707,#1714),.PCURVE_S1.);
#1703 = LINE('',#1704,#1705);
#1704 = CARTESIAN_POINT('',(15.,15.,27.));
#1705 = VECTOR('',#1706,1.);
#1706 = DIRECTION('',(-0.,1.,0.));
#1707 = PCURVE('',#866,#1708);
#1708 = DEFINITIONAL_REPRESENTATION('',(#1709),#1713);
#1709 = LINE('',#1710,#1711);
#1710 = CARTESIAN_POINT('',(1.570796326795,0.));
#1711 = VECTOR('',#1712,1.);
#1712 = DIRECTION('',(0.,1.));
#1713 = ( GEOMETRIC_REPRESENTATION_CONTEXT(2) 
PARAMETRIC_REPRESENTATION_CONTEXT() REPRESENTATION_CONTEXT('2D SPACE',''
  ) );
#1714 = PCURVE('',#1715,#1720);
#1715 = PLANE('',#1716);
#1716 = AXIS2_PLACEMENT_3D('',#1717,#1718,#1719);
#1717 = CARTESIAN_POINT('',(15.,15.,12.));
#1718 = DIRECTION('',(1.,0.,-0.));
#1719 = DIRECTION('',(0.,0.,1.));
#1720 = DEFINITIONAL_REPRESENTATION('',(#1721),#1725);
#1721 = LINE('',#1722,#1723);
#1722 = CARTESIAN_POINT('',(15.,0.));
#1723 = VECTOR('',#1724,1.);
#1724 = DIRECTION('',(0.,-1.));
#1725 = ( GEOMETRIC_REPRESENTATION_CONTEXT(2) 
PARAMETRIC_REPRESENTATION_CONTEXT() REPRESENTATION_CONTEXT('2D SPACE',''
  ) );
#1726 = ORIENTED_EDGE('',*,*,#1727,.F.);
#1727 = EDGE_CURVE('',#851,#1700,#1728,.T.);
#1728 = SURFACE_CURVE('',#1729,(#1734,#1740),.PCURVE_S1.);
#1729 = CIRCLE('',#1730,3.);
#1730 = AXIS2_PLACEMENT_3D('',#1731,#1732,#1733);
#1731 = CARTESIAN_POINT('',(12.,42.,27.));
#1732 = DIRECTION('',(6.123233995737E-17,1.,-0.));
#1733 = DIRECTION('',(-1.,6.123233995737E-17,0.));
#1734 = PCURVE('',#866,#1735);
#1735 = DEFINITIONAL_REPRESENTATION('',(#1736),#1739);
#1736 = B_SPLINE_CURVE_WITH_KNOTS('',1,(#1737,#1738),.UNSPECIFIED.,.F.,
  .F.,(2,2),(1.570796326795,3.14159265359),.PIECEWISE_BEZIER_KNOTS.);
#1737 = CARTESIAN_POINT('',(0.,27.));
#1738 = CARTESIAN_POINT('',(1.570796326795,27.));
#1739 = ( GEOMETRIC_REPRESENTATION_CONTEXT(2) 
PARAMETRIC_REPRESENTATION_CONTEXT() REPRESENTATION_CONTEXT('2D SPACE',''
  ) );
#1740 = PCURVE('',#895,#1741);
#1741 = DEFINITIONAL_REPRESENTATION('',(#1742),#1745);
#1742 = B_SPLINE_CURVE_WITH_KNOTS('',1,(#1743,#1744),.UNSPECIFIED.,.F.,
  .F.,(2,2),(1.570796326795,3.14159265359),.PIECEWISE_BEZIER_KNOTS.);
#1743 = CARTESIAN_POINT('',(1.570796326795,1.570796326795));
#1744 = CARTESIAN_POINT('',(1.570796326795,3.14159265359));
#1745 = ( GEOMETRIC_REPRESENTATION_CONTEXT(2) 
PARAMETRIC_REPRESENTATION_CONTEXT() REPRESENTATION_CONTEXT('2D SPACE',''
  ) );
#1746 = ORIENTED_EDGE('',*,*,#850,.F.);
#1747 = ADVANCED_FACE('',(#1748),#952,.T.);
#1748 = FACE_BOUND('',#1749,.T.);
#1749 = EDGE_LOOP('',(#1750,#1751,#1752,#1774));
#1750 = ORIENTED_EDGE('',*,*,#1674,.F.);
#1751 = ORIENTED_EDGE('',*,*,#935,.T.);
#1752 = ORIENTED_EDGE('',*,*,#1753,.T.);
#1753 = EDGE_CURVE('',#908,#1754,#1756,.T.);
#1754 = VERTEX_POINT('',#1755);
#1755 = CARTESIAN_POINT('',(62.,45.,27.));
#1756 = SURFACE_CURVE('',#1757,(#1762,#1768),.PCURVE_S1.);
#1757 = CIRCLE('',#1758,3.);
#1758 = AXIS2_PLACEMENT_3D('',#1759,#1760,#1761);
#1759 = CARTESIAN_POINT('',(62.,48.,27.));
#1760 = DIRECTION('',(1.,-6.123233995737E-17,0.));
#1761 = DIRECTION('',(6.123233995737E-17,1.,0.));
#1762 = PCURVE('',#952,#1763);
#1763 = DEFINITIONAL_REPRESENTATION('',(#1764),#1767);
#1764 = B_SPLINE_CURVE_WITH_KNOTS('',1,(#1765,#1766),.UNSPECIFIED.,.F.,
  .F.,(2,2),(1.570796326795,3.14159265359),.PIECEWISE_BEZIER_KNOTS.);
#1765 = CARTESIAN_POINT('',(1.570796326795,1.570796326795));
#1766 = CARTESIAN_POINT('',(1.570796326795,3.14159265359));
#1767 = ( GEOMETRIC_REPRESENTATION_CONTEXT(2) 
PARAMETRIC_REPRESENTATION_CONTEXT() REPRESENTATION_CONTEXT('2D SPACE',''
  ) );
#1768 = PCURVE('',#923,#1769);
#1769 = DEFINITIONAL_REPRESENTATION('',(#1770),#1773);
#1770 = B_SPLINE_CURVE_WITH_KNOTS('',1,(#1771,#1772),.UNSPECIFIED.,.F.,
  .F.,(2,2),(1.570796326795,3.14159265359),.PIECEWISE_BEZIER_KNOTS.);
#1771 = CARTESIAN_POINT('',(0.,3.));
#1772 = CARTESIAN_POINT('',(-1.570796326795,3.));
#1773 = ( GEOMETRIC_REPRESENTATION_CONTEXT(2) 
PARAMETRIC_REPRESENTATION_CONTEXT() REPRESENTATION_CONTEXT('2D SPACE',''
  ) );
#1774 = ORIENTED_EDGE('',*,*,#1775,.F.);
#1775 = EDGE_CURVE('',#1647,#1754,#1776,.T.);
#1776 = SURFACE_CURVE('',#1777,(#1782,#1789),.PCURVE_S1.);
#1777 = CIRCLE('',#1778,3.);
#1778 = AXIS2_PLACEMENT_3D('',#1779,#1780,#1781);
#1779 = CARTESIAN_POINT('',(62.,42.,27.));
#1780 = DIRECTION('',(0.,0.,1.));
#1781 = DIRECTION('',(1.,0.,-0.));
#1782 = PCURVE('',#952,#1783);
#1783 = DEFINITIONAL_REPRESENTATION('',(#1784),#1788);
#1784 = LINE('',#1785,#1786);
#1785 = CARTESIAN_POINT('',(0.,3.14159265359));
#1786 = VECTOR('',#1787,1.);
#1787 = DIRECTION('',(1.,0.));
#1788 = ( GEOMETRIC_REPRESENTATION_CONTEXT(2) 
PARAMETRIC_REPRESENTATION_CONTEXT() REPRESENTATION_CONTEXT('2D SPACE',''
  ) );
#1789 = PCURVE('',#1790,#1795);
#1790 = CYLINDRICAL_SURFACE('',#1791,3.);
#1791 = AXIS2_PLACEMENT_3D('',#1792,#1793,#1794);
#1792 = CARTESIAN_POINT('',(62.,42.,12.));
#1793 = DIRECTION('',(0.,0.,1.));
#1794 = DIRECTION('',(1.,0.,-0.));
#1795 = DEFINITIONAL_REPRESENTATION('',(#1796),#1800);
#1796 = LINE('',#1797,#1798);
#1797 = CARTESIAN_POINT('',(0.,15.));
#1798 = VECTOR('',#1799,1.);
#1799 = DIRECTION('',(1.,0.));
#1800 = ( GEOMETRIC_REPRESENTATION_CONTEXT(2) 
PARAMETRIC_REPRESENTATION_CONTEXT() REPRESENTATION_CONTEXT('2D SPACE',''
  ) );
#1801 = ADVANCED_FACE('',(#1802),#895,.T.);
#1802 = FACE_BOUND('',#1803,.T.);
#1803 = EDGE_LOOP('',(#1804,#1826,#1827,#1828));
#1804 = ORIENTED_EDGE('',*,*,#1805,.F.);
#1805 = EDGE_CURVE('',#879,#1806,#1808,.T.);
#1806 = VERTEX_POINT('',#1807);
#1807 = CARTESIAN_POINT('',(18.,45.,27.));
#1808 = SURFACE_CURVE('',#1809,(#1814,#1820),.PCURVE_S1.);
#1809 = CIRCLE('',#1810,3.);
#1810 = AXIS2_PLACEMENT_3D('',#1811,#1812,#1813);
#1811 = CARTESIAN_POINT('',(18.,48.,27.));
#1812 = DIRECTION('',(1.,0.,0.));
#1813 = DIRECTION('',(-0.,1.,0.));
#1814 = PCURVE('',#895,#1815);
#1815 = DEFINITIONAL_REPRESENTATION('',(#1816),#1819);
#1816 = B_SPLINE_CURVE_WITH_KNOTS('',1,(#1817,#1818),.UNSPECIFIED.,.F.,
  .F.,(2,2),(1.570796326795,3.14159265359),.PIECEWISE_BEZIER_KNOTS.);
#1817 = CARTESIAN_POINT('',(0.,1.570796326795));
#1818 = CARTESIAN_POINT('',(0.,3.14159265359));
#1819 = ( GEOMETRIC_REPRESENTATION_CONTEXT(2) 
PARAMETRIC_REPRESENTATION_CONTEXT() REPRESENTATION_CONTEXT('2D SPACE',''
  ) );
#1820 = PCURVE('',#923,#1821);
#1821 = DEFINITIONAL_REPRESENTATION('',(#1822),#1825);
#1822 = B_SPLINE_CURVE_WITH_KNOTS('',1,(#1823,#1824),.UNSPECIFIED.,.F.,
  .F.,(2,2),(1.570796326795,3.14159265359),.PIECEWISE_BEZIER_KNOTS.);
#1823 = CARTESIAN_POINT('',(0.,47.));
#1824 = CARTESIAN_POINT('',(-1.570796326795,47.));
#1825 = ( GEOMETRIC_REPRESENTATION_CONTEXT(2) 
PARAMETRIC_REPRESENTATION_CONTEXT() REPRESENTATION_CONTEXT('2D SPACE',''
  ) );
#1826 = ORIENTED_EDGE('',*,*,#878,.T.);
#1827 = ORIENTED_EDGE('',*,*,#1727,.T.);
#1828 = ORIENTED_EDGE('',*,*,#1829,.F.);
#1829 = EDGE_CURVE('',#1806,#1700,#1830,.T.);
#1830 = SURFACE_CURVE('',#1831,(#1836,#1843),.PCURVE_S1.);
#1831 = CIRCLE('',#1832,3.);
#1832 = AXIS2_PLACEMENT_3D('',#1833,#1834,#1835);
#1833 = CARTESIAN_POINT('',(18.,42.,27.));
#1834 = DIRECTION('',(0.,0.,1.));
#1835 = DIRECTION('',(0.,1.,-0.));
#1836 = PCURVE('',#895,#1837);
#1837 = DEFINITIONAL_REPRESENTATION('',(#1838),#1842);
#1838 = LINE('',#1839,#1840);
#1839 = CARTESIAN_POINT('',(0.,3.14159265359));
#1840 = VECTOR('',#1841,1.);
#1841 = DIRECTION('',(1.,0.));
#1842 = ( GEOMETRIC_REPRESENTATION_CONTEXT(2) 
PARAMETRIC_REPRESENTATION_CONTEXT() REPRESENTATION_CONTEXT('2D SPACE',''
  ) );
#1843 = PCURVE('',#1844,#1849);
#1844 = CYLINDRICAL_SURFACE('',#1845,3.);
#1845 = AXIS2_PLACEMENT_3D('',#1846,#1847,#1848);
#1846 = CARTESIAN_POINT('',(18.,42.,12.));
#1847 = DIRECTION('',(0.,0.,1.));
#1848 = DIRECTION('',(-0.,1.,0.));
#1849 = DEFINITIONAL_REPRESENTATION('',(#1850),#1854);
#1850 = LINE('',#1851,#1852);
#1851 = CARTESIAN_POINT('',(0.,15.));
#1852 = VECTOR('',#1853,1.);
#1853 = DIRECTION('',(1.,0.));
#1854 = ( GEOMETRIC_REPRESENTATION_CONTEXT(2) 
PARAMETRIC_REPRESENTATION_CONTEXT() REPRESENTATION_CONTEXT('2D SPACE',''
  ) );
#1855 = ADVANCED_FACE('',(#1856),#923,.T.);
#1856 = FACE_BOUND('',#1857,.F.);
#1857 = EDGE_LOOP('',(#1858,#1859,#1885,#1886));
#1858 = ORIENTED_EDGE('',*,*,#1753,.T.);
#1859 = ORIENTED_EDGE('',*,*,#1860,.T.);
#1860 = EDGE_CURVE('',#1754,#1806,#1861,.T.);
#1861 = SURFACE_CURVE('',#1862,(#1866,#1873),.PCURVE_S1.);
#1862 = LINE('',#1863,#1864);
#1863 = CARTESIAN_POINT('',(65.,45.,27.));
#1864 = VECTOR('',#1865,1.);
#1865 = DIRECTION('',(-1.,-0.,0.));
#1866 = PCURVE('',#923,#1867);
#1867 = DEFINITIONAL_REPRESENTATION('',(#1868),#1872);
#1868 = LINE('',#1869,#1870);
#1869 = CARTESIAN_POINT('',(-1.570796326795,0.));
#1870 = VECTOR('',#1871,1.);
#1871 = DIRECTION('',(-0.,1.));
#1872 = ( GEOMETRIC_REPRESENTATION_CONTEXT(2) 
PARAMETRIC_REPRESENTATION_CONTEXT() REPRESENTATION_CONTEXT('2D SPACE',''
  ) );
#1873 = PCURVE('',#1874,#1879);
#1874 = PLANE('',#1875);
#1875 = AXIS2_PLACEMENT_3D('',#1876,#1877,#1878);
#1876 = CARTESIAN_POINT('',(15.,45.,12.));
#1877 = DIRECTION('',(-0.,1.,0.));
#1878 = DIRECTION('',(0.,0.,1.));
#1879 = DEFINITIONAL_REPRESENTATION('',(#1880),#1884);
#1880 = LINE('',#1881,#1882);
#1881 = CARTESIAN_POINT('',(15.,50.));
#1882 = VECTOR('',#1883,1.);
#1883 = DIRECTION('',(0.,-1.));
#1884 = ( GEOMETRIC_REPRESENTATION_CONTEXT(2) 
PARAMETRIC_REPRESENTATION_CONTEXT() REPRESENTATION_CONTEXT('2D SPACE',''
  ) );
#1885 = ORIENTED_EDGE('',*,*,#1805,.F.);
#1886 = ORIENTED_EDGE('',*,*,#907,.F.);
#1887 = ADVANCED_FACE('',(#1888),#1087,.T.);
#1888 = FACE_BOUND('',#1889,.F.);
#1889 = EDGE_LOOP('',(#1890,#1910,#1931,#1951));
#1890 = ORIENTED_EDGE('',*,*,#1891,.F.);
#1891 = EDGE_CURVE('',#1317,#1072,#1892,.T.);
#1892 = SURFACE_CURVE('',#1893,(#1898,#1904),.PCURVE_S1.);
#1893 = CIRCLE('',#1894,3.);
#1894 = AXIS2_PLACEMENT_3D('',#1895,#1896,#1897);
#1895 = CARTESIAN_POINT('',(77.,57.,3.));
#1896 = DIRECTION('',(0.,-0.,1.));
#1897 = DIRECTION('',(0.,1.,0.));
#1898 = PCURVE('',#1087,#1899);
#1899 = DEFINITIONAL_REPRESENTATION('',(#1900),#1903);
#1900 = B_SPLINE_CURVE_WITH_KNOTS('',1,(#1901,#1902),.UNSPECIFIED.,.F.,
  .F.,(2,2),(4.712388980385,6.28318530718),.PIECEWISE_BEZIER_KNOTS.);
#1901 = CARTESIAN_POINT('',(-1.570796326795,3.));
#1902 = CARTESIAN_POINT('',(0.,3.));
#1903 = ( GEOMETRIC_REPRESENTATION_CONTEXT(2) 
PARAMETRIC_REPRESENTATION_CONTEXT() REPRESENTATION_CONTEXT('2D SPACE',''
  ) );
#1904 = PCURVE('',#1280,#1905);
#1905 = DEFINITIONAL_REPRESENTATION('',(#1906),#1909);
#1906 = B_SPLINE_CURVE_WITH_KNOTS('',1,(#1907,#1908),.UNSPECIFIED.,.F.,
  .F.,(2,2),(4.712388980385,6.28318530718),.PIECEWISE_BEZIER_KNOTS.);
#1907 = CARTESIAN_POINT('',(0.,-1.570796326795));
#1908 = CARTESIAN_POINT('',(0.,0.));
#1909 = ( GEOMETRIC_REPRESENTATION_CONTEXT(2) 
PARAMETRIC_REPRESENTATION_CONTEXT() REPRESENTATION_CONTEXT('2D SPACE',''
  ) );
#1910 = ORIENTED_EDGE('',*,*,#1911,.T.);
#1911 = EDGE_CURVE('',#1317,#1417,#1912,.T.);
#1912 = SURFACE_CURVE('',#1913,(#1917,#1924),.PCURVE_S1.);
#1913 = LINE('',#1914,#1915);
#1914 = CARTESIAN_POINT('',(80.,57.,0.));
#1915 = VECTOR('',#1916,1.);
#1916 = DIRECTION('',(0.,0.,1.));
#1917 = PCURVE('',#1087,#1918);
#1918 = DEFINITIONAL_REPRESENTATION('',(#1919),#1923);
#1919 = LINE('',#1920,#1921);
#1920 = CARTESIAN_POINT('',(-1.570796326795,0.));
#1921 = VECTOR('',#1922,1.);
#1922 = DIRECTION('',(-0.,1.));
#1923 = ( GEOMETRIC_REPRESENTATION_CONTEXT(2) 
PARAMETRIC_REPRESENTATION_CONTEXT() REPRESENTATION_CONTEXT('2D SPACE',''
  ) );
#1924 = PCURVE('',#1225,#1925);
#1925 = DEFINITIONAL_REPRESENTATION('',(#1926),#1930);
#1926 = LINE('',#1927,#1928);
#1927 = CARTESIAN_POINT('',(0.,-57.));
#1928 = VECTOR('',#1929,1.);
#1929 = DIRECTION('',(1.,0.));
#1930 = ( GEOMETRIC_REPRESENTATION_CONTEXT(2) 
PARAMETRIC_REPRESENTATION_CONTEXT() REPRESENTATION_CONTEXT('2D SPACE',''
  ) );
#1931 = ORIENTED_EDGE('',*,*,#1932,.T.);
#1932 = EDGE_CURVE('',#1417,#1049,#1933,.T.);
#1933 = SURFACE_CURVE('',#1934,(#1939,#1945),.PCURVE_S1.);
#1934 = CIRCLE('',#1935,3.);
#1935 = AXIS2_PLACEMENT_3D('',#1936,#1937,#1938);
#1936 = CARTESIAN_POINT('',(77.,57.,27.));
#1937 = DIRECTION('',(0.,-6.123233995737E-17,1.));
#1938 = DIRECTION('',(0.,1.,6.123233995737E-17));
#1939 = PCURVE('',#1087,#1940);
#1940 = DEFINITIONAL_REPRESENTATION('',(#1941),#1944);
#1941 = B_SPLINE_CURVE_WITH_KNOTS('',1,(#1942,#1943),.UNSPECIFIED.,.F.,
  .F.,(2,2),(4.712388980385,6.28318530718),.PIECEWISE_BEZIER_KNOTS.);
#1942 = CARTESIAN_POINT('',(-1.570796326795,27.));
#1943 = CARTESIAN_POINT('',(0.,27.));
#1944 = ( GEOMETRIC_REPRESENTATION_CONTEXT(2) 
PARAMETRIC_REPRESENTATION_CONTEXT() REPRESENTATION_CONTEXT('2D SPACE',''
  ) );
#1945 = PCURVE('',#1380,#1946);
#1946 = DEFINITIONAL_REPRESENTATION('',(#1947),#1950);
#1947 = B_SPLINE_CURVE_WITH_KNOTS('',1,(#1948,#1949),.UNSPECIFIED.,.F.,
  .F.,(2,2),(4.712388980385,6.28318530718),.PIECEWISE_BEZIER_KNOTS.);
#1948 = CARTESIAN_POINT('',(1.570796326795,-1.570796326795));
#1949 = CARTESIAN_POINT('',(1.570796326795,0.));
#1950 = ( GEOMETRIC_REPRESENTATION_CONTEXT(2) 
PARAMETRIC_REPRESENTATION_CONTEXT() REPRESENTATION_CONTEXT('2D SPACE',''
  ) );
#1951 = ORIENTED_EDGE('',*,*,#1071,.F.);
#1952 = ADVANCED_FACE('',(#1953),#1140,.T.);
#1953 = FACE_BOUND('',#1954,.F.);
#1954 = EDGE_LOOP('',(#1955,#1956,#1957));
#1955 = ORIENTED_EDGE('',*,*,#1187,.F.);
#1956 = ORIENTED_EDGE('',*,*,#1296,.T.);
#1957 = ORIENTED_EDGE('',*,*,#1125,.F.);
#1958 = ADVANCED_FACE('',(#1959),#1172,.T.);
#1959 = FACE_BOUND('',#1960,.F.);
#1960 = EDGE_LOOP('',(#1961,#1962,#1963));
#1961 = ORIENTED_EDGE('',*,*,#1158,.F.);
#1962 = ORIENTED_EDGE('',*,*,#1396,.T.);
#1963 = ORIENTED_EDGE('',*,*,#1237,.F.);
#1964 = ADVANCED_FACE('',(#1965),#1225,.T.);
#1965 = FACE_BOUND('',#1966,.T.);
#1966 = EDGE_LOOP('',(#1967,#1968,#1969,#1970));
#1967 = ORIENTED_EDGE('',*,*,#1209,.F.);
#1968 = ORIENTED_EDGE('',*,*,#1316,.T.);
#1969 = ORIENTED_EDGE('',*,*,#1911,.T.);
#1970 = ORIENTED_EDGE('',*,*,#1416,.F.);
#1971 = ADVANCED_FACE('',(#1972),#1280,.T.);
#1972 = FACE_BOUND('',#1973,.T.);
#1973 = EDGE_LOOP('',(#1974,#1975,#1976));
#1974 = ORIENTED_EDGE('',*,*,#1891,.F.);
#1975 = ORIENTED_EDGE('',*,*,#1339,.T.);
#1976 = ORIENTED_EDGE('',*,*,#1265,.F.);
#1977 = ADVANCED_FACE('',(#1978),#1380,.T.);
#1978 = FACE_BOUND('',#1979,.T.);
#1979 = EDGE_LOOP('',(#1980,#1981,#1982));
#1980 = ORIENTED_EDGE('',*,*,#1439,.F.);
#1981 = ORIENTED_EDGE('',*,*,#1932,.T.);
#1982 = ORIENTED_EDGE('',*,*,#1365,.F.);
#1983 = ADVANCED_FACE('',(#1984),#1501,.T.);
#1984 = FACE_BOUND('',#1985,.T.);
#1985 = EDGE_LOOP('',(#1986,#1987,#2010,#2038));
#1986 = ORIENTED_EDGE('',*,*,#1485,.F.);
#1987 = ORIENTED_EDGE('',*,*,#1988,.F.);
#1988 = EDGE_CURVE('',#1989,#1464,#1991,.T.);
#1989 = VERTEX_POINT('',#1990);
#1990 = CARTESIAN_POINT('',(62.,15.,15.));
#1991 = SURFACE_CURVE('',#1992,(#1996,#2003),.PCURVE_S1.);
#1992 = LINE('',#1993,#1994);
#1993 = CARTESIAN_POINT('',(62.,15.,12.));
#1994 = VECTOR('',#1995,1.);
#1995 = DIRECTION('',(0.,0.,1.));
#1996 = PCURVE('',#1501,#1997);
#1997 = DEFINITIONAL_REPRESENTATION('',(#1998),#2002);
#1998 = LINE('',#1999,#2000);
#1999 = CARTESIAN_POINT('',(0.,47.));
#2000 = VECTOR('',#2001,1.);
#2001 = DIRECTION('',(1.,0.));
#2002 = ( GEOMETRIC_REPRESENTATION_CONTEXT(2) 
PARAMETRIC_REPRESENTATION_CONTEXT() REPRESENTATION_CONTEXT('2D SPACE',''
  ) );
#2003 = PCURVE('',#1576,#2004);
#2004 = DEFINITIONAL_REPRESENTATION('',(#2005),#2009);
#2005 = LINE('',#2006,#2007);
#2006 = CARTESIAN_POINT('',(0.,0.));
#2007 = VECTOR('',#2008,1.);
#2008 = DIRECTION('',(0.,1.));
#2009 = ( GEOMETRIC_REPRESENTATION_CONTEXT(2) 
PARAMETRIC_REPRESENTATION_CONTEXT() REPRESENTATION_CONTEXT('2D SPACE',''
  ) );
#2010 = ORIENTED_EDGE('',*,*,#2011,.F.);
#2011 = EDGE_CURVE('',#2012,#1989,#2014,.T.);
#2012 = VERTEX_POINT('',#2013);
#2013 = CARTESIAN_POINT('',(18.,15.,15.));
#2014 = SURFACE_CURVE('',#2015,(#2019,#2026),.PCURVE_S1.);
#2015 = LINE('',#2016,#2017);
#2016 = CARTESIAN_POINT('',(15.,15.,15.));
#2017 = VECTOR('',#2018,1.);
#2018 = DIRECTION('',(1.,0.,-0.));
#2019 = PCURVE('',#1501,#2020);
#2020 = DEFINITIONAL_REPRESENTATION('',(#2021),#2025);
#2021 = LINE('',#2022,#2023);
#2022 = CARTESIAN_POINT('',(3.,0.));
#2023 = VECTOR('',#2024,1.);
#2024 = DIRECTION('',(0.,1.));
#2025 = ( GEOMETRIC_REPRESENTATION_CONTEXT(2) 
PARAMETRIC_REPRESENTATION_CONTEXT() REPRESENTATION_CONTEXT('2D SPACE',''
  ) );
#2026 = PCURVE('',#2027,#2032);
#2027 = CYLINDRICAL_SURFACE('',#2028,3.);
#2028 = AXIS2_PLACEMENT_3D('',#2029,#2030,#2031);
#2029 = CARTESIAN_POINT('',(15.,18.,15.));
#2030 = DIRECTION('',(1.,0.,-0.));
#2031 = DIRECTION('',(0.,-1.,0.));
#2032 = DEFINITIONAL_REPRESENTATION('',(#2033),#2037);
#2033 = LINE('',#2034,#2035);
#2034 = CARTESIAN_POINT('',(0.,0.));
#2035 = VECTOR('',#2036,1.);
#2036 = DIRECTION('',(0.,1.));
#2037 = ( GEOMETRIC_REPRESENTATION_CONTEXT(2) 
PARAMETRIC_REPRESENTATION_CONTEXT() REPRESENTATION_CONTEXT('2D SPACE',''
  ) );
#2038 = ORIENTED_EDGE('',*,*,#2039,.T.);
#2039 = EDGE_CURVE('',#2012,#1486,#2040,.T.);
#2040 = SURFACE_CURVE('',#2041,(#2045,#2052),.PCURVE_S1.);
#2041 = LINE('',#2042,#2043);
#2042 = CARTESIAN_POINT('',(18.,15.,12.));
#2043 = VECTOR('',#2044,1.);
#2044 = DIRECTION('',(0.,0.,1.));
#2045 = PCURVE('',#1501,#2046);
#2046 = DEFINITIONAL_REPRESENTATION('',(#2047),#2051);
#2047 = LINE('',#2048,#2049);
#2048 = CARTESIAN_POINT('',(0.,3.));
#2049 = VECTOR('',#2050,1.);
#2050 = DIRECTION('',(1.,0.));
#2051 = ( GEOMETRIC_REPRESENTATION_CONTEXT(2) 
PARAMETRIC_REPRESENTATION_CONTEXT() REPRESENTATION_CONTEXT('2D SPACE',''
  ) );
#2052 = PCURVE('',#1630,#2053);
#2053 = DEFINITIONAL_REPRESENTATION('',(#2054),#2058);
#2054 = LINE('',#2055,#2056);
#2055 = CARTESIAN_POINT('',(-0.,0.));
#2056 = VECTOR('',#2057,1.);
#2057 = DIRECTION('',(-0.,1.));
#2058 = ( GEOMETRIC_REPRESENTATION_CONTEXT(2) 
PARAMETRIC_REPRESENTATION_CONTEXT() REPRESENTATION_CONTEXT('2D SPACE',''
  ) );
#2059 = ADVANCED_FACE('',(#2060),#1576,.F.);
#2060 = FACE_BOUND('',#2061,.F.);
#2061 = EDGE_LOOP('',(#2062,#2063,#2092,#2113));
#2062 = ORIENTED_EDGE('',*,*,#1988,.F.);
#2063 = ORIENTED_EDGE('',*,*,#2064,.T.);
#2064 = EDGE_CURVE('',#1989,#2065,#2067,.T.);
#2065 = VERTEX_POINT('',#2066);
#2066 = CARTESIAN_POINT('',(65.,18.,15.));
#2067 = SURFACE_CURVE('',#2068,(#2073,#2080),.PCURVE_S1.);
#2068 = CIRCLE('',#2069,3.);
#2069 = AXIS2_PLACEMENT_3D('',#2070,#2071,#2072);
#2070 = CARTESIAN_POINT('',(62.,18.,15.));
#2071 = DIRECTION('',(0.,0.,1.));
#2072 = DIRECTION('',(0.,-1.,0.));
#2073 = PCURVE('',#1576,#2074);
#2074 = DEFINITIONAL_REPRESENTATION('',(#2075),#2079);
#2075 = LINE('',#2076,#2077);
#2076 = CARTESIAN_POINT('',(0.,3.));
#2077 = VECTOR('',#2078,1.);
#2078 = DIRECTION('',(1.,0.));
#2079 = ( GEOMETRIC_REPRESENTATION_CONTEXT(2) 
PARAMETRIC_REPRESENTATION_CONTEXT() REPRESENTATION_CONTEXT('2D SPACE',''
  ) );
#2080 = PCURVE('',#2081,#2086);
#2081 = SPHERICAL_SURFACE('',#2082,3.);
#2082 = AXIS2_PLACEMENT_3D('',#2083,#2084,#2085);
#2083 = CARTESIAN_POINT('',(62.,18.,15.));
#2084 = DIRECTION('',(0.,0.,1.));
#2085 = DIRECTION('',(0.,-1.,0.));
#2086 = DEFINITIONAL_REPRESENTATION('',(#2087),#2091);
#2087 = LINE('',#2088,#2089);
#2088 = CARTESIAN_POINT('',(0.,0.));
#2089 = VECTOR('',#2090,1.);
#2090 = DIRECTION('',(1.,0.));
#2091 = ( GEOMETRIC_REPRESENTATION_CONTEXT(2) 
PARAMETRIC_REPRESENTATION_CONTEXT() REPRESENTATION_CONTEXT('2D SPACE',''
  ) );
#2092 = ORIENTED_EDGE('',*,*,#2093,.T.);
#2093 = EDGE_CURVE('',#2065,#1540,#2094,.T.);
#2094 = SURFACE_CURVE('',#2095,(#2099,#2106),.PCURVE_S1.);
#2095 = LINE('',#2096,#2097);
#2096 = CARTESIAN_POINT('',(65.,18.,12.));
#2097 = VECTOR('',#2098,1.);
#2098 = DIRECTION('',(0.,0.,1.));
#2099 = PCURVE('',#1576,#2100);
#2100 = DEFINITIONAL_REPRESENTATION('',(#2101),#2105);
#2101 = LINE('',#2102,#2103);
#2102 = CARTESIAN_POINT('',(1.570796326795,0.));
#2103 = VECTOR('',#2104,1.);
#2104 = DIRECTION('',(0.,1.));
#2105 = ( GEOMETRIC_REPRESENTATION_CONTEXT(2) 
PARAMETRIC_REPRESENTATION_CONTEXT() REPRESENTATION_CONTEXT('2D SPACE',''
  ) );
#2106 = PCURVE('',#1662,#2107);
#2107 = DEFINITIONAL_REPRESENTATION('',(#2108),#2112);
#2108 = LINE('',#2109,#2110);
#2109 = CARTESIAN_POINT('',(0.,-3.));
#2110 = VECTOR('',#2111,1.);
#2111 = DIRECTION('',(1.,0.));
#2112 = ( GEOMETRIC_REPRESENTATION_CONTEXT(2) 
PARAMETRIC_REPRESENTATION_CONTEXT() REPRESENTATION_CONTEXT('2D SPACE',''
  ) );
#2113 = ORIENTED_EDGE('',*,*,#1561,.F.);
#2114 = ADVANCED_FACE('',(#2115),#1630,.F.);
#2115 = FACE_BOUND('',#2116,.T.);
#2116 = EDGE_LOOP('',(#2117,#2118,#2147,#2168));
#2117 = ORIENTED_EDGE('',*,*,#2039,.F.);
#2118 = ORIENTED_EDGE('',*,*,#2119,.T.);
#2119 = EDGE_CURVE('',#2012,#2120,#2122,.T.);
#2120 = VERTEX_POINT('',#2121);
#2121 = CARTESIAN_POINT('',(15.,18.,15.));
#2122 = SURFACE_CURVE('',#2123,(#2128,#2135),.PCURVE_S1.);
#2123 = CIRCLE('',#2124,3.);
#2124 = AXIS2_PLACEMENT_3D('',#2125,#2126,#2127);
#2125 = CARTESIAN_POINT('',(18.,18.,15.));
#2126 = DIRECTION('',(-0.,-0.,-1.));
#2127 = DIRECTION('',(0.,-1.,0.));
#2128 = PCURVE('',#1630,#2129);
#2129 = DEFINITIONAL_REPRESENTATION('',(#2130),#2134);
#2130 = LINE('',#2131,#2132);
#2131 = CARTESIAN_POINT('',(-0.,3.));
#2132 = VECTOR('',#2133,1.);
#2133 = DIRECTION('',(-1.,0.));
#2134 = ( GEOMETRIC_REPRESENTATION_CONTEXT(2) 
PARAMETRIC_REPRESENTATION_CONTEXT() REPRESENTATION_CONTEXT('2D SPACE',''
  ) );
#2135 = PCURVE('',#2136,#2141);
#2136 = SPHERICAL_SURFACE('',#2137,3.);
#2137 = AXIS2_PLACEMENT_3D('',#2138,#2139,#2140);
#2138 = CARTESIAN_POINT('',(18.,18.,15.));
#2139 = DIRECTION('',(0.,0.,1.));
#2140 = DIRECTION('',(0.,-1.,0.));
#2141 = DEFINITIONAL_REPRESENTATION('',(#2142),#2146);
#2142 = LINE('',#2143,#2144);
#2143 = CARTESIAN_POINT('',(-0.,0.));
#2144 = VECTOR('',#2145,1.);
#2145 = DIRECTION('',(-1.,0.));
#2146 = ( GEOMETRIC_REPRESENTATION_CONTEXT(2) 
PARAMETRIC_REPRESENTATION_CONTEXT() REPRESENTATION_CONTEXT('2D SPACE',''
  ) );
#2147 = ORIENTED_EDGE('',*,*,#2148,.T.);
#2148 = EDGE_CURVE('',#2120,#1594,#2149,.T.);
#2149 = SURFACE_CURVE('',#2150,(#2154,#2161),.PCURVE_S1.);
#2150 = LINE('',#2151,#2152);
#2151 = CARTESIAN_POINT('',(15.,18.,12.));
#2152 = VECTOR('',#2153,1.);
#2153 = DIRECTION('',(0.,0.,1.));
#2154 = PCURVE('',#1630,#2155);
#2155 = DEFINITIONAL_REPRESENTATION('',(#2156),#2160);
#2156 = LINE('',#2157,#2158);
#2157 = CARTESIAN_POINT('',(-1.570796326795,0.));
#2158 = VECTOR('',#2159,1.);
#2159 = DIRECTION('',(-0.,1.));
#2160 = ( GEOMETRIC_REPRESENTATION_CONTEXT(2) 
PARAMETRIC_REPRESENTATION_CONTEXT() REPRESENTATION_CONTEXT('2D SPACE',''
  ) );
#2161 = PCURVE('',#1715,#2162);
#2162 = DEFINITIONAL_REPRESENTATION('',(#2163),#2167);
#2163 = LINE('',#2164,#2165);
#2164 = CARTESIAN_POINT('',(0.,-3.));
#2165 = VECTOR('',#2166,1.);
#2166 = DIRECTION('',(1.,0.));
#2167 = ( GEOMETRIC_REPRESENTATION_CONTEXT(2) 
PARAMETRIC_REPRESENTATION_CONTEXT() REPRESENTATION_CONTEXT('2D SPACE',''
  ) );
#2168 = ORIENTED_EDGE('',*,*,#1615,.F.);
#2169 = ADVANCED_FACE('',(#2170),#1662,.F.);
#2170 = FACE_BOUND('',#2171,.F.);
#2171 = EDGE_LOOP('',(#2172,#2173,#2174,#2202));
#2172 = ORIENTED_EDGE('',*,*,#1646,.F.);
#2173 = ORIENTED_EDGE('',*,*,#2093,.F.);
#2174 = ORIENTED_EDGE('',*,*,#2175,.T.);
#2175 = EDGE_CURVE('',#2065,#2176,#2178,.T.);
#2176 = VERTEX_POINT('',#2177);
#2177 = CARTESIAN_POINT('',(65.,42.,15.));
#2178 = SURFACE_CURVE('',#2179,(#2183,#2190),.PCURVE_S1.);
#2179 = LINE('',#2180,#2181);
#2180 = CARTESIAN_POINT('',(65.,15.,15.));
#2181 = VECTOR('',#2182,1.);
#2182 = DIRECTION('',(-0.,1.,0.));
#2183 = PCURVE('',#1662,#2184);
#2184 = DEFINITIONAL_REPRESENTATION('',(#2185),#2189);
#2185 = LINE('',#2186,#2187);
#2186 = CARTESIAN_POINT('',(3.,0.));
#2187 = VECTOR('',#2188,1.);
#2188 = DIRECTION('',(0.,-1.));
#2189 = ( GEOMETRIC_REPRESENTATION_CONTEXT(2) 
PARAMETRIC_REPRESENTATION_CONTEXT() REPRESENTATION_CONTEXT('2D SPACE',''
  ) );
#2190 = PCURVE('',#2191,#2196);
#2191 = CYLINDRICAL_SURFACE('',#2192,3.);
#2192 = AXIS2_PLACEMENT_3D('',#2193,#2194,#2195);
#2193 = CARTESIAN_POINT('',(62.,15.,15.));
#2194 = DIRECTION('',(-0.,1.,0.));
#2195 = DIRECTION('',(1.,0.,-0.));
#2196 = DEFINITIONAL_REPRESENTATION('',(#2197),#2201);
#2197 = LINE('',#2198,#2199);
#2198 = CARTESIAN_POINT('',(0.,0.));
#2199 = VECTOR('',#2200,1.);
#2200 = DIRECTION('',(0.,1.));
#2201 = ( GEOMETRIC_REPRESENTATION_CONTEXT(2) 
PARAMETRIC_REPRESENTATION_CONTEXT() REPRESENTATION_CONTEXT('2D SPACE',''
  ) );
#2202 = ORIENTED_EDGE('',*,*,#2203,.T.);
#2203 = EDGE_CURVE('',#2176,#1647,#2204,.T.);
#2204 = SURFACE_CURVE('',#2205,(#2209,#2216),.PCURVE_S1.);
#2205 = LINE('',#2206,#2207);
#2206 = CARTESIAN_POINT('',(65.,42.,12.));
#2207 = VECTOR('',#2208,1.);
#2208 = DIRECTION('',(0.,0.,1.));
#2209 = PCURVE('',#1662,#2210);
#2210 = DEFINITIONAL_REPRESENTATION('',(#2211),#2215);
#2211 = LINE('',#2212,#2213);
#2212 = CARTESIAN_POINT('',(0.,-27.));
#2213 = VECTOR('',#2214,1.);
#2214 = DIRECTION('',(1.,0.));
#2215 = ( GEOMETRIC_REPRESENTATION_CONTEXT(2) 
PARAMETRIC_REPRESENTATION_CONTEXT() REPRESENTATION_CONTEXT('2D SPACE',''
  ) );
#2216 = PCURVE('',#1790,#2217);
#2217 = DEFINITIONAL_REPRESENTATION('',(#2218),#2222);
#2218 = LINE('',#2219,#2220);
#2219 = CARTESIAN_POINT('',(0.,0.));
#2220 = VECTOR('',#2221,1.);
#2221 = DIRECTION('',(0.,1.));
#2222 = ( GEOMETRIC_REPRESENTATION_CONTEXT(2) 
PARAMETRIC_REPRESENTATION_CONTEXT() REPRESENTATION_CONTEXT('2D SPACE',''
  ) );
#2223 = ADVANCED_FACE('',(#2224),#1715,.T.);
#2224 = FACE_BOUND('',#2225,.T.);
#2225 = EDGE_LOOP('',(#2226,#2227,#2228,#2256));
#2226 = ORIENTED_EDGE('',*,*,#1699,.F.);
#2227 = ORIENTED_EDGE('',*,*,#2148,.F.);
#2228 = ORIENTED_EDGE('',*,*,#2229,.T.);
#2229 = EDGE_CURVE('',#2120,#2230,#2232,.T.);
#2230 = VERTEX_POINT('',#2231);
#2231 = CARTESIAN_POINT('',(15.,42.,15.));
#2232 = SURFACE_CURVE('',#2233,(#2237,#2244),.PCURVE_S1.);
#2233 = LINE('',#2234,#2235);
#2234 = CARTESIAN_POINT('',(15.,15.,15.));
#2235 = VECTOR('',#2236,1.);
#2236 = DIRECTION('',(-0.,1.,0.));
#2237 = PCURVE('',#1715,#2238);
#2238 = DEFINITIONAL_REPRESENTATION('',(#2239),#2243);
#2239 = LINE('',#2240,#2241);
#2240 = CARTESIAN_POINT('',(3.,0.));
#2241 = VECTOR('',#2242,1.);
#2242 = DIRECTION('',(0.,-1.));
#2243 = ( GEOMETRIC_REPRESENTATION_CONTEXT(2) 
PARAMETRIC_REPRESENTATION_CONTEXT() REPRESENTATION_CONTEXT('2D SPACE',''
  ) );
#2244 = PCURVE('',#2245,#2250);
#2245 = CYLINDRICAL_SURFACE('',#2246,3.);
#2246 = AXIS2_PLACEMENT_3D('',#2247,#2248,#2249);
#2247 = CARTESIAN_POINT('',(18.,15.,15.));
#2248 = DIRECTION('',(-0.,1.,0.));
#2249 = DIRECTION('',(-1.,-0.,0.));
#2250 = DEFINITIONAL_REPRESENTATION('',(#2251),#2255);
#2251 = LINE('',#2252,#2253);
#2252 = CARTESIAN_POINT('',(-0.,0.));
#2253 = VECTOR('',#2254,1.);
#2254 = DIRECTION('',(-0.,1.));
#2255 = ( GEOMETRIC_REPRESENTATION_CONTEXT(2) 
PARAMETRIC_REPRESENTATION_CONTEXT() REPRESENTATION_CONTEXT('2D SPACE',''
  ) );
#2256 = ORIENTED_EDGE('',*,*,#2257,.T.);
#2257 = EDGE_CURVE('',#2230,#1700,#2258,.T.);
#2258 = SURFACE_CURVE('',#2259,(#2263,#2270),.PCURVE_S1.);
#2259 = LINE('',#2260,#2261);
#2260 = CARTESIAN_POINT('',(15.,42.,12.));
#2261 = VECTOR('',#2262,1.);
#2262 = DIRECTION('',(0.,0.,1.));
#2263 = PCURVE('',#1715,#2264);
#2264 = DEFINITIONAL_REPRESENTATION('',(#2265),#2269);
#2265 = LINE('',#2266,#2267);
#2266 = CARTESIAN_POINT('',(0.,-27.));
#2267 = VECTOR('',#2268,1.);
#2268 = DIRECTION('',(1.,0.));
#2269 = ( GEOMETRIC_REPRESENTATION_CONTEXT(2) 
PARAMETRIC_REPRESENTATION_CONTEXT() REPRESENTATION_CONTEXT('2D SPACE',''
  ) );
#2270 = PCURVE('',#1844,#2271);
#2271 = DEFINITIONAL_REPRESENTATION('',(#2272),#2276);
#2272 = LINE('',#2273,#2274);
#2273 = CARTESIAN_POINT('',(1.570796326795,0.));
#2274 = VECTOR('',#2275,1.);
#2275 = DIRECTION('',(0.,1.));
#2276 = ( GEOMETRIC_REPRESENTATION_CONTEXT(2) 
PARAMETRIC_REPRESENTATION_CONTEXT() REPRESENTATION_CONTEXT('2D SPACE',''
  ) );
#2277 = ADVANCED_FACE('',(#2278),#1790,.F.);
#2278 = FACE_BOUND('',#2279,.F.);
#2279 = EDGE_LOOP('',(#2280,#2281,#2310,#2331));
#2280 = ORIENTED_EDGE('',*,*,#2203,.F.);
#2281 = ORIENTED_EDGE('',*,*,#2282,.T.);
#2282 = EDGE_CURVE('',#2176,#2283,#2285,.T.);
#2283 = VERTEX_POINT('',#2284);
#2284 = CARTESIAN_POINT('',(62.,45.,15.));
#2285 = SURFACE_CURVE('',#2286,(#2291,#2298),.PCURVE_S1.);
#2286 = CIRCLE('',#2287,3.);
#2287 = AXIS2_PLACEMENT_3D('',#2288,#2289,#2290);
#2288 = CARTESIAN_POINT('',(62.,42.,15.));
#2289 = DIRECTION('',(0.,0.,1.));
#2290 = DIRECTION('',(1.,0.,-0.));
#2291 = PCURVE('',#1790,#2292);
#2292 = DEFINITIONAL_REPRESENTATION('',(#2293),#2297);
#2293 = LINE('',#2294,#2295);
#2294 = CARTESIAN_POINT('',(0.,3.));
#2295 = VECTOR('',#2296,1.);
#2296 = DIRECTION('',(1.,0.));
#2297 = ( GEOMETRIC_REPRESENTATION_CONTEXT(2) 
PARAMETRIC_REPRESENTATION_CONTEXT() REPRESENTATION_CONTEXT('2D SPACE',''
  ) );
#2298 = PCURVE('',#2299,#2304);
#2299 = SPHERICAL_SURFACE('',#2300,3.);
#2300 = AXIS2_PLACEMENT_3D('',#2301,#2302,#2303);
#2301 = CARTESIAN_POINT('',(62.,42.,15.));
#2302 = DIRECTION('',(0.,0.,1.));
#2303 = DIRECTION('',(1.,0.,-0.));
#2304 = DEFINITIONAL_REPRESENTATION('',(#2305),#2309);
#2305 = LINE('',#2306,#2307);
#2306 = CARTESIAN_POINT('',(0.,0.));
#2307 = VECTOR('',#2308,1.);
#2308 = DIRECTION('',(1.,0.));
#2309 = ( GEOMETRIC_REPRESENTATION_CONTEXT(2) 
PARAMETRIC_REPRESENTATION_CONTEXT() REPRESENTATION_CONTEXT('2D SPACE',''
  ) );
#2310 = ORIENTED_EDGE('',*,*,#2311,.T.);
#2311 = EDGE_CURVE('',#2283,#1754,#2312,.T.);
#2312 = SURFACE_CURVE('',#2313,(#2317,#2324),.PCURVE_S1.);
#2313 = LINE('',#2314,#2315);
#2314 = CARTESIAN_POINT('',(62.,45.,12.));
#2315 = VECTOR('',#2316,1.);
#2316 = DIRECTION('',(0.,0.,1.));
#2317 = PCURVE('',#1790,#2318);
#2318 = DEFINITIONAL_REPRESENTATION('',(#2319),#2323);
#2319 = LINE('',#2320,#2321);
#2320 = CARTESIAN_POINT('',(1.570796326795,0.));
#2321 = VECTOR('',#2322,1.);
#2322 = DIRECTION('',(0.,1.));
#2323 = ( GEOMETRIC_REPRESENTATION_CONTEXT(2) 
PARAMETRIC_REPRESENTATION_CONTEXT() REPRESENTATION_CONTEXT('2D SPACE',''
  ) );
#2324 = PCURVE('',#1874,#2325);
#2325 = DEFINITIONAL_REPRESENTATION('',(#2326),#2330);
#2326 = LINE('',#2327,#2328);
#2327 = CARTESIAN_POINT('',(0.,47.));
#2328 = VECTOR('',#2329,1.);
#2329 = DIRECTION('',(1.,0.));
#2330 = ( GEOMETRIC_REPRESENTATION_CONTEXT(2) 
PARAMETRIC_REPRESENTATION_CONTEXT() REPRESENTATION_CONTEXT('2D SPACE',''
  ) );
#2331 = ORIENTED_EDGE('',*,*,#1775,.F.);
#2332 = ADVANCED_FACE('',(#2333),#1844,.F.);
#2333 = FACE_BOUND('',#2334,.F.);
#2334 = EDGE_LOOP('',(#2335,#2358,#2385,#2386));
#2335 = ORIENTED_EDGE('',*,*,#2336,.F.);
#2336 = EDGE_CURVE('',#2337,#1806,#2339,.T.);
#2337 = VERTEX_POINT('',#2338);
#2338 = CARTESIAN_POINT('',(18.,45.,15.));
#2339 = SURFACE_CURVE('',#2340,(#2344,#2351),.PCURVE_S1.);
#2340 = LINE('',#2341,#2342);
#2341 = CARTESIAN_POINT('',(18.,45.,12.));
#2342 = VECTOR('',#2343,1.);
#2343 = DIRECTION('',(0.,0.,1.));
#2344 = PCURVE('',#1844,#2345);
#2345 = DEFINITIONAL_REPRESENTATION('',(#2346),#2350);
#2346 = LINE('',#2347,#2348);
#2347 = CARTESIAN_POINT('',(0.,0.));
#2348 = VECTOR('',#2349,1.);
#2349 = DIRECTION('',(0.,1.));
#2350 = ( GEOMETRIC_REPRESENTATION_CONTEXT(2) 
PARAMETRIC_REPRESENTATION_CONTEXT() REPRESENTATION_CONTEXT('2D SPACE',''
  ) );
#2351 = PCURVE('',#1874,#2352);
#2352 = DEFINITIONAL_REPRESENTATION('',(#2353),#2357);
#2353 = LINE('',#2354,#2355);
#2354 = CARTESIAN_POINT('',(0.,3.));
#2355 = VECTOR('',#2356,1.);
#2356 = DIRECTION('',(1.,0.));
#2357 = ( GEOMETRIC_REPRESENTATION_CONTEXT(2) 
PARAMETRIC_REPRESENTATION_CONTEXT() REPRESENTATION_CONTEXT('2D SPACE',''
  ) );
#2358 = ORIENTED_EDGE('',*,*,#2359,.T.);
#2359 = EDGE_CURVE('',#2337,#2230,#2360,.T.);
#2360 = SURFACE_CURVE('',#2361,(#2366,#2373),.PCURVE_S1.);
#2361 = CIRCLE('',#2362,3.);
#2362 = AXIS2_PLACEMENT_3D('',#2363,#2364,#2365);
#2363 = CARTESIAN_POINT('',(18.,42.,15.));
#2364 = DIRECTION('',(0.,-0.,1.));
#2365 = DIRECTION('',(0.,1.,0.));
#2366 = PCURVE('',#1844,#2367);
#2367 = DEFINITIONAL_REPRESENTATION('',(#2368),#2372);
#2368 = LINE('',#2369,#2370);
#2369 = CARTESIAN_POINT('',(0.,3.));
#2370 = VECTOR('',#2371,1.);
#2371 = DIRECTION('',(1.,0.));
#2372 = ( GEOMETRIC_REPRESENTATION_CONTEXT(2) 
PARAMETRIC_REPRESENTATION_CONTEXT() REPRESENTATION_CONTEXT('2D SPACE',''
  ) );
#2373 = PCURVE('',#2374,#2379);
#2374 = SPHERICAL_SURFACE('',#2375,3.);
#2375 = AXIS2_PLACEMENT_3D('',#2376,#2377,#2378);
#2376 = CARTESIAN_POINT('',(18.,42.,15.));
#2377 = DIRECTION('',(0.,0.,1.));
#2378 = DIRECTION('',(0.,1.,0.));
#2379 = DEFINITIONAL_REPRESENTATION('',(#2380),#2384);
#2380 = LINE('',#2381,#2382);
#2381 = CARTESIAN_POINT('',(0.,0.));
#2382 = VECTOR('',#2383,1.);
#2383 = DIRECTION('',(1.,0.));
#2384 = ( GEOMETRIC_REPRESENTATION_CONTEXT(2) 
PARAMETRIC_REPRESENTATION_CONTEXT() REPRESENTATION_CONTEXT('2D SPACE',''
  ) );
#2385 = ORIENTED_EDGE('',*,*,#2257,.T.);
#2386 = ORIENTED_EDGE('',*,*,#1829,.F.);
#2387 = ADVANCED_FACE('',(#2388),#1874,.F.);
#2388 = FACE_BOUND('',#2389,.F.);
#2389 = EDGE_LOOP('',(#2390,#2391,#2392,#2418));
#2390 = ORIENTED_EDGE('',*,*,#1860,.F.);
#2391 = ORIENTED_EDGE('',*,*,#2311,.F.);
#2392 = ORIENTED_EDGE('',*,*,#2393,.F.);
#2393 = EDGE_CURVE('',#2337,#2283,#2394,.T.);
#2394 = SURFACE_CURVE('',#2395,(#2399,#2406),.PCURVE_S1.);
#2395 = LINE('',#2396,#2397);
#2396 = CARTESIAN_POINT('',(15.,45.,15.));
#2397 = VECTOR('',#2398,1.);
#2398 = DIRECTION('',(1.,0.,-0.));
#2399 = PCURVE('',#1874,#2400);
#2400 = DEFINITIONAL_REPRESENTATION('',(#2401),#2405);
#2401 = LINE('',#2402,#2403);
#2402 = CARTESIAN_POINT('',(3.,0.));
#2403 = VECTOR('',#2404,1.);
#2404 = DIRECTION('',(0.,1.));
#2405 = ( GEOMETRIC_REPRESENTATION_CONTEXT(2) 
PARAMETRIC_REPRESENTATION_CONTEXT() REPRESENTATION_CONTEXT('2D SPACE',''
  ) );
#2406 = PCURVE('',#2407,#2412);
#2407 = CYLINDRICAL_SURFACE('',#2408,3.);
#2408 = AXIS2_PLACEMENT_3D('',#2409,#2410,#2411);
#2409 = CARTESIAN_POINT('',(15.,42.,15.));
#2410 = DIRECTION('',(1.,0.,-0.));
#2411 = DIRECTION('',(0.,1.,0.));
#2412 = DEFINITIONAL_REPRESENTATION('',(#2413),#2417);
#2413 = LINE('',#2414,#2415);
#2414 = CARTESIAN_POINT('',(-0.,0.));
#2415 = VECTOR('',#2416,1.);
#2416 = DIRECTION('',(-0.,1.));
#2417 = ( GEOMETRIC_REPRESENTATION_CONTEXT(2) 
PARAMETRIC_REPRESENTATION_CONTEXT() REPRESENTATION_CONTEXT('2D SPACE',''
  ) );
#2418 = ORIENTED_EDGE('',*,*,#2336,.T.);
#2419 = ADVANCED_FACE('',(#2420),#2027,.F.);
#2420 = FACE_BOUND('',#2421,.F.);
#2421 = EDGE_LOOP('',(#2422,#2444,#2472,#2492));
#2422 = ORIENTED_EDGE('',*,*,#2423,.F.);
#2423 = EDGE_CURVE('',#2424,#2012,#2426,.T.);
#2424 = VERTEX_POINT('',#2425);
#2425 = CARTESIAN_POINT('',(18.,18.,12.));
#2426 = SURFACE_CURVE('',#2427,(#2432,#2438),.PCURVE_S1.);
#2427 = CIRCLE('',#2428,3.);
#2428 = AXIS2_PLACEMENT_3D('',#2429,#2430,#2431);
#2429 = CARTESIAN_POINT('',(18.,18.,15.));
#2430 = DIRECTION('',(-1.,0.,0.));
#2431 = DIRECTION('',(0.,-1.,0.));
#2432 = PCURVE('',#2027,#2433);
#2433 = DEFINITIONAL_REPRESENTATION('',(#2434),#2437);
#2434 = B_SPLINE_CURVE_WITH_KNOTS('',1,(#2435,#2436),.UNSPECIFIED.,.F.,
  .F.,(2,2),(4.712388980385,6.28318530718),.PIECEWISE_BEZIER_KNOTS.);
#2435 = CARTESIAN_POINT('',(1.570796326795,3.));
#2436 = CARTESIAN_POINT('',(0.,3.));
#2437 = ( GEOMETRIC_REPRESENTATION_CONTEXT(2) 
PARAMETRIC_REPRESENTATION_CONTEXT() REPRESENTATION_CONTEXT('2D SPACE',''
  ) );
#2438 = PCURVE('',#2136,#2439);
#2439 = DEFINITIONAL_REPRESENTATION('',(#2440),#2443);
#2440 = B_SPLINE_CURVE_WITH_KNOTS('',1,(#2441,#2442),.UNSPECIFIED.,.F.,
  .F.,(2,2),(4.712388980385,6.28318530718),.PIECEWISE_BEZIER_KNOTS.);
#2441 = CARTESIAN_POINT('',(0.,-1.570796326795));
#2442 = CARTESIAN_POINT('',(0.,0.));
#2443 = ( GEOMETRIC_REPRESENTATION_CONTEXT(2) 
PARAMETRIC_REPRESENTATION_CONTEXT() REPRESENTATION_CONTEXT('2D SPACE',''
  ) );
#2444 = ORIENTED_EDGE('',*,*,#2445,.T.);
#2445 = EDGE_CURVE('',#2424,#2446,#2448,.T.);
#2446 = VERTEX_POINT('',#2447);
#2447 = CARTESIAN_POINT('',(62.,18.,12.));
#2448 = SURFACE_CURVE('',#2449,(#2453,#2460),.PCURVE_S1.);
#2449 = LINE('',#2450,#2451);
#2450 = CARTESIAN_POINT('',(15.,18.,12.));
#2451 = VECTOR('',#2452,1.);
#2452 = DIRECTION('',(1.,0.,-0.));
#2453 = PCURVE('',#2027,#2454);
#2454 = DEFINITIONAL_REPRESENTATION('',(#2455),#2459);
#2455 = LINE('',#2456,#2457);
#2456 = CARTESIAN_POINT('',(1.570796326795,0.));
#2457 = VECTOR('',#2458,1.);
#2458 = DIRECTION('',(0.,1.));
#2459 = ( GEOMETRIC_REPRESENTATION_CONTEXT(2) 
PARAMETRIC_REPRESENTATION_CONTEXT() REPRESENTATION_CONTEXT('2D SPACE',''
  ) );
#2460 = PCURVE('',#2461,#2466);
#2461 = PLANE('',#2462);
#2462 = AXIS2_PLACEMENT_3D('',#2463,#2464,#2465);
#2463 = CARTESIAN_POINT('',(15.,15.,12.));
#2464 = DIRECTION('',(0.,0.,1.));
#2465 = DIRECTION('',(1.,0.,-0.));
#2466 = DEFINITIONAL_REPRESENTATION('',(#2467),#2471);
#2467 = LINE('',#2468,#2469);
#2468 = CARTESIAN_POINT('',(0.,3.));
#2469 = VECTOR('',#2470,1.);
#2470 = DIRECTION('',(1.,0.));
#2471 = ( GEOMETRIC_REPRESENTATION_CONTEXT(2) 
PARAMETRIC_REPRESENTATION_CONTEXT() REPRESENTATION_CONTEXT('2D SPACE',''
  ) );
#2472 = ORIENTED_EDGE('',*,*,#2473,.T.);
#2473 = EDGE_CURVE('',#2446,#1989,#2474,.T.);
#2474 = SURFACE_CURVE('',#2475,(#2480,#2486),.PCURVE_S1.);
#2475 = CIRCLE('',#2476,3.);
#2476 = AXIS2_PLACEMENT_3D('',#2477,#2478,#2479);
#2477 = CARTESIAN_POINT('',(62.,18.,15.));
#2478 = DIRECTION('',(-1.,0.,0.));
#2479 = DIRECTION('',(0.,-1.,0.));
#2480 = PCURVE('',#2027,#2481);
#2481 = DEFINITIONAL_REPRESENTATION('',(#2482),#2485);
#2482 = B_SPLINE_CURVE_WITH_KNOTS('',1,(#2483,#2484),.UNSPECIFIED.,.F.,
  .F.,(2,2),(4.712388980385,6.28318530718),.PIECEWISE_BEZIER_KNOTS.);
#2483 = CARTESIAN_POINT('',(1.570796326795,47.));
#2484 = CARTESIAN_POINT('',(0.,47.));
#2485 = ( GEOMETRIC_REPRESENTATION_CONTEXT(2) 
PARAMETRIC_REPRESENTATION_CONTEXT() REPRESENTATION_CONTEXT('2D SPACE',''
  ) );
#2486 = PCURVE('',#2081,#2487);
#2487 = DEFINITIONAL_REPRESENTATION('',(#2488),#2491);
#2488 = B_SPLINE_CURVE_WITH_KNOTS('',1,(#2489,#2490),.UNSPECIFIED.,.F.,
  .F.,(2,2),(4.712388980385,6.28318530718),.PIECEWISE_BEZIER_KNOTS.);
#2489 = CARTESIAN_POINT('',(0.,-1.570796326795));
#2490 = CARTESIAN_POINT('',(0.,0.));
#2491 = ( GEOMETRIC_REPRESENTATION_CONTEXT(2) 
PARAMETRIC_REPRESENTATION_CONTEXT() REPRESENTATION_CONTEXT('2D SPACE',''
  ) );
#2492 = ORIENTED_EDGE('',*,*,#2011,.F.);
#2493 = ADVANCED_FACE('',(#2494),#2081,.F.);
#2494 = FACE_BOUND('',#2495,.F.);
#2495 = EDGE_LOOP('',(#2496,#2497,#2517));
#2496 = ORIENTED_EDGE('',*,*,#2473,.F.);
#2497 = ORIENTED_EDGE('',*,*,#2498,.T.);
#2498 = EDGE_CURVE('',#2446,#2065,#2499,.T.);
#2499 = SURFACE_CURVE('',#2500,(#2505,#2511),.PCURVE_S1.);
#2500 = CIRCLE('',#2501,3.);
#2501 = AXIS2_PLACEMENT_3D('',#2502,#2503,#2504);
#2502 = CARTESIAN_POINT('',(62.,18.,15.));
#2503 = DIRECTION('',(-6.123233995737E-17,-1.,0.));
#2504 = DIRECTION('',(1.,-6.123233995737E-17,0.));
#2505 = PCURVE('',#2081,#2506);
#2506 = DEFINITIONAL_REPRESENTATION('',(#2507),#2510);
#2507 = B_SPLINE_CURVE_WITH_KNOTS('',1,(#2508,#2509),.UNSPECIFIED.,.F.,
  .F.,(2,2),(4.712388980385,6.28318530718),.PIECEWISE_BEZIER_KNOTS.);
#2508 = CARTESIAN_POINT('',(1.570796326795,-1.570796326795));
#2509 = CARTESIAN_POINT('',(1.570796326795,0.));
#2510 = ( GEOMETRIC_REPRESENTATION_CONTEXT(2) 
PARAMETRIC_REPRESENTATION_CONTEXT() REPRESENTATION_CONTEXT('2D SPACE',''
  ) );
#2511 = PCURVE('',#2191,#2512);
#2512 = DEFINITIONAL_REPRESENTATION('',(#2513),#2516);
#2513 = B_SPLINE_CURVE_WITH_KNOTS('',1,(#2514,#2515),.UNSPECIFIED.,.F.,
  .F.,(2,2),(4.712388980385,6.28318530718),.PIECEWISE_BEZIER_KNOTS.);
#2514 = CARTESIAN_POINT('',(1.570796326795,3.));
#2515 = CARTESIAN_POINT('',(0.,3.));
#2516 = ( GEOMETRIC_REPRESENTATION_CONTEXT(2) 
PARAMETRIC_REPRESENTATION_CONTEXT() REPRESENTATION_CONTEXT('2D SPACE',''
  ) );
#2517 = ORIENTED_EDGE('',*,*,#2064,.F.);
#2518 = ADVANCED_FACE('',(#2519),#2136,.F.);
#2519 = FACE_BOUND('',#2520,.T.);
#2520 = EDGE_LOOP('',(#2521,#2522,#2542));
#2521 = ORIENTED_EDGE('',*,*,#2423,.F.);
#2522 = ORIENTED_EDGE('',*,*,#2523,.T.);
#2523 = EDGE_CURVE('',#2424,#2120,#2524,.T.);
#2524 = SURFACE_CURVE('',#2525,(#2530,#2536),.PCURVE_S1.);
#2525 = CIRCLE('',#2526,3.);
#2526 = AXIS2_PLACEMENT_3D('',#2527,#2528,#2529);
#2527 = CARTESIAN_POINT('',(18.,18.,15.));
#2528 = DIRECTION('',(-6.123233995737E-17,1.,0.));
#2529 = DIRECTION('',(-1.,-6.123233995737E-17,0.));
#2530 = PCURVE('',#2136,#2531);
#2531 = DEFINITIONAL_REPRESENTATION('',(#2532),#2535);
#2532 = B_SPLINE_CURVE_WITH_KNOTS('',1,(#2533,#2534),.UNSPECIFIED.,.F.,
  .F.,(2,2),(4.712388980385,6.28318530718),.PIECEWISE_BEZIER_KNOTS.);
#2533 = CARTESIAN_POINT('',(-1.570796326795,-1.570796326795));
#2534 = CARTESIAN_POINT('',(-1.570796326795,0.));
#2535 = ( GEOMETRIC_REPRESENTATION_CONTEXT(2) 
PARAMETRIC_REPRESENTATION_CONTEXT() REPRESENTATION_CONTEXT('2D SPACE',''
  ) );
#2536 = PCURVE('',#2245,#2537);
#2537 = DEFINITIONAL_REPRESENTATION('',(#2538),#2541);
#2538 = B_SPLINE_CURVE_WITH_KNOTS('',1,(#2539,#2540),.UNSPECIFIED.,.F.,
  .F.,(2,2),(4.712388980385,6.28318530718),.PIECEWISE_BEZIER_KNOTS.);
#2539 = CARTESIAN_POINT('',(-1.570796326795,3.));
#2540 = CARTESIAN_POINT('',(0.,3.));
#2541 = ( GEOMETRIC_REPRESENTATION_CONTEXT(2) 
PARAMETRIC_REPRESENTATION_CONTEXT() REPRESENTATION_CONTEXT('2D SPACE',''
  ) );
#2542 = ORIENTED_EDGE('',*,*,#2119,.F.);
#2543 = ADVANCED_FACE('',(#2544),#2191,.F.);
#2544 = FACE_BOUND('',#2545,.F.);
#2545 = EDGE_LOOP('',(#2546,#2547,#2570,#2590));
#2546 = ORIENTED_EDGE('',*,*,#2498,.F.);
#2547 = ORIENTED_EDGE('',*,*,#2548,.T.);
#2548 = EDGE_CURVE('',#2446,#2549,#2551,.T.);
#2549 = VERTEX_POINT('',#2550);
#2550 = CARTESIAN_POINT('',(62.,42.,12.));
#2551 = SURFACE_CURVE('',#2552,(#2556,#2563),.PCURVE_S1.);
#2552 = LINE('',#2553,#2554);
#2553 = CARTESIAN_POINT('',(62.,15.,12.));
#2554 = VECTOR('',#2555,1.);
#2555 = DIRECTION('',(-0.,1.,0.));
#2556 = PCURVE('',#2191,#2557);
#2557 = DEFINITIONAL_REPRESENTATION('',(#2558),#2562);
#2558 = LINE('',#2559,#2560);
#2559 = CARTESIAN_POINT('',(1.570796326795,0.));
#2560 = VECTOR('',#2561,1.);
#2561 = DIRECTION('',(0.,1.));
#2562 = ( GEOMETRIC_REPRESENTATION_CONTEXT(2) 
PARAMETRIC_REPRESENTATION_CONTEXT() REPRESENTATION_CONTEXT('2D SPACE',''
  ) );
#2563 = PCURVE('',#2461,#2564);
#2564 = DEFINITIONAL_REPRESENTATION('',(#2565),#2569);
#2565 = LINE('',#2566,#2567);
#2566 = CARTESIAN_POINT('',(47.,0.));
#2567 = VECTOR('',#2568,1.);
#2568 = DIRECTION('',(0.,1.));
#2569 = ( GEOMETRIC_REPRESENTATION_CONTEXT(2) 
PARAMETRIC_REPRESENTATION_CONTEXT() REPRESENTATION_CONTEXT('2D SPACE',''
  ) );
#2570 = ORIENTED_EDGE('',*,*,#2571,.T.);
#2571 = EDGE_CURVE('',#2549,#2176,#2572,.T.);
#2572 = SURFACE_CURVE('',#2573,(#2578,#2584),.PCURVE_S1.);
#2573 = CIRCLE('',#2574,3.);
#2574 = AXIS2_PLACEMENT_3D('',#2575,#2576,#2577);
#2575 = CARTESIAN_POINT('',(62.,42.,15.));
#2576 = DIRECTION('',(0.,-1.,0.));
#2577 = DIRECTION('',(1.,0.,0.));
#2578 = PCURVE('',#2191,#2579);
#2579 = DEFINITIONAL_REPRESENTATION('',(#2580),#2583);
#2580 = B_SPLINE_CURVE_WITH_KNOTS('',1,(#2581,#2582),.UNSPECIFIED.,.F.,
  .F.,(2,2),(4.712388980385,6.28318530718),.PIECEWISE_BEZIER_KNOTS.);
#2581 = CARTESIAN_POINT('',(1.570796326795,27.));
#2582 = CARTESIAN_POINT('',(0.,27.));
#2583 = ( GEOMETRIC_REPRESENTATION_CONTEXT(2) 
PARAMETRIC_REPRESENTATION_CONTEXT() REPRESENTATION_CONTEXT('2D SPACE',''
  ) );
#2584 = PCURVE('',#2299,#2585);
#2585 = DEFINITIONAL_REPRESENTATION('',(#2586),#2589);
#2586 = B_SPLINE_CURVE_WITH_KNOTS('',1,(#2587,#2588),.UNSPECIFIED.,.F.,
  .F.,(2,2),(4.712388980385,6.28318530718),.PIECEWISE_BEZIER_KNOTS.);
#2587 = CARTESIAN_POINT('',(0.,-1.570796326795));
#2588 = CARTESIAN_POINT('',(0.,0.));
#2589 = ( GEOMETRIC_REPRESENTATION_CONTEXT(2) 
PARAMETRIC_REPRESENTATION_CONTEXT() REPRESENTATION_CONTEXT('2D SPACE',''
  ) );
#2590 = ORIENTED_EDGE('',*,*,#2175,.F.);
#2591 = ADVANCED_FACE('',(#2592),#2245,.F.);
#2592 = FACE_BOUND('',#2593,.T.);
#2593 = EDGE_LOOP('',(#2594,#2595,#2618,#2638));
#2594 = ORIENTED_EDGE('',*,*,#2523,.F.);
#2595 = ORIENTED_EDGE('',*,*,#2596,.T.);
#2596 = EDGE_CURVE('',#2424,#2597,#2599,.T.);
#2597 = VERTEX_POINT('',#2598);
#2598 = CARTESIAN_POINT('',(18.,42.,12.));
#2599 = SURFACE_CURVE('',#2600,(#2604,#2611),.PCURVE_S1.);
#2600 = LINE('',#2601,#2602);
#2601 = CARTESIAN_POINT('',(18.,15.,12.));
#2602 = VECTOR('',#2603,1.);
#2603 = DIRECTION('',(-0.,1.,0.));
#2604 = PCURVE('',#2245,#2605);
#2605 = DEFINITIONAL_REPRESENTATION('',(#2606),#2610);
#2606 = LINE('',#2607,#2608);
#2607 = CARTESIAN_POINT('',(-1.570796326795,0.));
#2608 = VECTOR('',#2609,1.);
#2609 = DIRECTION('',(-0.,1.));
#2610 = ( GEOMETRIC_REPRESENTATION_CONTEXT(2) 
PARAMETRIC_REPRESENTATION_CONTEXT() REPRESENTATION_CONTEXT('2D SPACE',''
  ) );
#2611 = PCURVE('',#2461,#2612);
#2612 = DEFINITIONAL_REPRESENTATION('',(#2613),#2617);
#2613 = LINE('',#2614,#2615);
#2614 = CARTESIAN_POINT('',(3.,0.));
#2615 = VECTOR('',#2616,1.);
#2616 = DIRECTION('',(0.,1.));
#2617 = ( GEOMETRIC_REPRESENTATION_CONTEXT(2) 
PARAMETRIC_REPRESENTATION_CONTEXT() REPRESENTATION_CONTEXT('2D SPACE',''
  ) );
#2618 = ORIENTED_EDGE('',*,*,#2619,.T.);
#2619 = EDGE_CURVE('',#2597,#2230,#2620,.T.);
#2620 = SURFACE_CURVE('',#2621,(#2626,#2632),.PCURVE_S1.);
#2621 = CIRCLE('',#2622,3.);
#2622 = AXIS2_PLACEMENT_3D('',#2623,#2624,#2625);
#2623 = CARTESIAN_POINT('',(18.,42.,15.));
#2624 = DIRECTION('',(6.123233995737E-17,1.,-0.));
#2625 = DIRECTION('',(-1.,6.123233995737E-17,0.));
#2626 = PCURVE('',#2245,#2627);
#2627 = DEFINITIONAL_REPRESENTATION('',(#2628),#2631);
#2628 = B_SPLINE_CURVE_WITH_KNOTS('',1,(#2629,#2630),.UNSPECIFIED.,.F.,
  .F.,(2,2),(4.712388980385,6.28318530718),.PIECEWISE_BEZIER_KNOTS.);
#2629 = CARTESIAN_POINT('',(-1.570796326795,27.));
#2630 = CARTESIAN_POINT('',(0.,27.));
#2631 = ( GEOMETRIC_REPRESENTATION_CONTEXT(2) 
PARAMETRIC_REPRESENTATION_CONTEXT() REPRESENTATION_CONTEXT('2D SPACE',''
  ) );
#2632 = PCURVE('',#2374,#2633);
#2633 = DEFINITIONAL_REPRESENTATION('',(#2634),#2637);
#2634 = B_SPLINE_CURVE_WITH_KNOTS('',1,(#2635,#2636),.UNSPECIFIED.,.F.,
  .F.,(2,2),(4.712388980385,6.28318530718),.PIECEWISE_BEZIER_KNOTS.);
#2635 = CARTESIAN_POINT('',(1.570796326795,-1.570796326795));
#2636 = CARTESIAN_POINT('',(1.570796326795,0.));
#2637 = ( GEOMETRIC_REPRESENTATION_CONTEXT(2) 
PARAMETRIC_REPRESENTATION_CONTEXT() REPRESENTATION_CONTEXT('2D SPACE',''
  ) );
#2638 = ORIENTED_EDGE('',*,*,#2229,.F.);
#2639 = ADVANCED_FACE('',(#2640),#2299,.F.);
#2640 = FACE_BOUND('',#2641,.F.);
#2641 = EDGE_LOOP('',(#2642,#2643,#2663));
#2642 = ORIENTED_EDGE('',*,*,#2571,.F.);
#2643 = ORIENTED_EDGE('',*,*,#2644,.T.);
#2644 = EDGE_CURVE('',#2549,#2283,#2645,.T.);
#2645 = SURFACE_CURVE('',#2646,(#2651,#2657),.PCURVE_S1.);
#2646 = CIRCLE('',#2647,3.);
#2647 = AXIS2_PLACEMENT_3D('',#2648,#2649,#2650);
#2648 = CARTESIAN_POINT('',(62.,42.,15.));
#2649 = DIRECTION('',(1.,-6.123233995737E-17,0.));
#2650 = DIRECTION('',(6.123233995737E-17,1.,0.));
#2651 = PCURVE('',#2299,#2652);
#2652 = DEFINITIONAL_REPRESENTATION('',(#2653),#2656);
#2653 = B_SPLINE_CURVE_WITH_KNOTS('',1,(#2654,#2655),.UNSPECIFIED.,.F.,
  .F.,(2,2),(4.712388980385,6.28318530718),.PIECEWISE_BEZIER_KNOTS.);
#2654 = CARTESIAN_POINT('',(1.570796326795,-1.570796326795));
#2655 = CARTESIAN_POINT('',(1.570796326795,0.));
#2656 = ( GEOMETRIC_REPRESENTATION_CONTEXT(2) 
PARAMETRIC_REPRESENTATION_CONTEXT() REPRESENTATION_CONTEXT('2D SPACE',''
  ) );
#2657 = PCURVE('',#2407,#2658);
#2658 = DEFINITIONAL_REPRESENTATION('',(#2659),#2662);
#2659 = B_SPLINE_CURVE_WITH_KNOTS('',1,(#2660,#2661),.UNSPECIFIED.,.F.,
  .F.,(2,2),(4.712388980385,6.28318530718),.PIECEWISE_BEZIER_KNOTS.);
#2660 = CARTESIAN_POINT('',(-1.570796326795,47.));
#2661 = CARTESIAN_POINT('',(0.,47.));
#2662 = ( GEOMETRIC_REPRESENTATION_CONTEXT(2) 
PARAMETRIC_REPRESENTATION_CONTEXT() REPRESENTATION_CONTEXT('2D SPACE',''
  ) );
#2663 = ORIENTED_EDGE('',*,*,#2282,.F.);
#2664 = ADVANCED_FACE('',(#2665),#2374,.F.);
#2665 = FACE_BOUND('',#2666,.F.);
#2666 = EDGE_LOOP('',(#2667,#2687,#2688));
#2667 = ORIENTED_EDGE('',*,*,#2668,.F.);
#2668 = EDGE_CURVE('',#2597,#2337,#2669,.T.);
#2669 = SURFACE_CURVE('',#2670,(#2675,#2681),.PCURVE_S1.);
#2670 = CIRCLE('',#2671,3.);
#2671 = AXIS2_PLACEMENT_3D('',#2672,#2673,#2674);
#2672 = CARTESIAN_POINT('',(18.,42.,15.));
#2673 = DIRECTION('',(1.,0.,0.));
#2674 = DIRECTION('',(-0.,1.,0.));
#2675 = PCURVE('',#2374,#2676);
#2676 = DEFINITIONAL_REPRESENTATION('',(#2677),#2680);
#2677 = B_SPLINE_CURVE_WITH_KNOTS('',1,(#2678,#2679),.UNSPECIFIED.,.F.,
  .F.,(2,2),(4.712388980385,6.28318530718),.PIECEWISE_BEZIER_KNOTS.);
#2678 = CARTESIAN_POINT('',(0.,-1.570796326795));
#2679 = CARTESIAN_POINT('',(0.,0.));
#2680 = ( GEOMETRIC_REPRESENTATION_CONTEXT(2) 
PARAMETRIC_REPRESENTATION_CONTEXT() REPRESENTATION_CONTEXT('2D SPACE',''
  ) );
#2681 = PCURVE('',#2407,#2682);
#2682 = DEFINITIONAL_REPRESENTATION('',(#2683),#2686);
#2683 = B_SPLINE_CURVE_WITH_KNOTS('',1,(#2684,#2685),.UNSPECIFIED.,.F.,
  .F.,(2,2),(4.712388980385,6.28318530718),.PIECEWISE_BEZIER_KNOTS.);
#2684 = CARTESIAN_POINT('',(-1.570796326795,3.));
#2685 = CARTESIAN_POINT('',(0.,3.));
#2686 = ( GEOMETRIC_REPRESENTATION_CONTEXT(2) 
PARAMETRIC_REPRESENTATION_CONTEXT() REPRESENTATION_CONTEXT('2D SPACE',''
  ) );
#2687 = ORIENTED_EDGE('',*,*,#2619,.T.);
#2688 = ORIENTED_EDGE('',*,*,#2359,.F.);
#2689 = ADVANCED_FACE('',(#2690),#2407,.F.);
#2690 = FACE_BOUND('',#2691,.T.);
#2691 = EDGE_LOOP('',(#2692,#2693,#2714,#2715));
#2692 = ORIENTED_EDGE('',*,*,#2668,.F.);
#2693 = ORIENTED_EDGE('',*,*,#2694,.T.);
#2694 = EDGE_CURVE('',#2597,#2549,#2695,.T.);
#2695 = SURFACE_CURVE('',#2696,(#2700,#2707),.PCURVE_S1.);
#2696 = LINE('',#2697,#2698);
#2697 = CARTESIAN_POINT('',(15.,42.,12.));
#2698 = VECTOR('',#2699,1.);
#2699 = DIRECTION('',(1.,0.,-0.));
#2700 = PCURVE('',#2407,#2701);
#2701 = DEFINITIONAL_REPRESENTATION('',(#2702),#2706);
#2702 = LINE('',#2703,#2704);
#2703 = CARTESIAN_POINT('',(-1.570796326795,0.));
#2704 = VECTOR('',#2705,1.);
#2705 = DIRECTION('',(-0.,1.));
#2706 = ( GEOMETRIC_REPRESENTATION_CONTEXT(2) 
PARAMETRIC_REPRESENTATION_CONTEXT() REPRESENTATION_CONTEXT('2D SPACE',''
  ) );
#2707 = PCURVE('',#2461,#2708);
#2708 = DEFINITIONAL_REPRESENTATION('',(#2709),#2713);
#2709 = LINE('',#2710,#2711);
#2710 = CARTESIAN_POINT('',(0.,27.));
#2711 = VECTOR('',#2712,1.);
#2712 = DIRECTION('',(1.,0.));
#2713 = ( GEOMETRIC_REPRESENTATION_CONTEXT(2) 
PARAMETRIC_REPRESENTATION_CONTEXT() REPRESENTATION_CONTEXT('2D SPACE',''
  ) );
#2714 = ORIENTED_EDGE('',*,*,#2644,.T.);
#2715 = ORIENTED_EDGE('',*,*,#2393,.F.);
#2716 = ADVANCED_FACE('',(#2717),#2461,.T.);
#2717 = FACE_BOUND('',#2718,.T.);
#2718 = EDGE_LOOP('',(#2719,#2720,#2721,#2722));
#2719 = ORIENTED_EDGE('',*,*,#2445,.T.);
#2720 = ORIENTED_EDGE('',*,*,#2548,.T.);
#2721 = ORIENTED_EDGE('',*,*,#2694,.F.);
#2722 = ORIENTED_EDGE('',*,*,#2596,.F.);
#2723 = ( GEOMETRIC_REPRESENTATION_CONTEXT(3) 
GLOBAL_UNCERTAINTY_ASSIGNED_CONTEXT((#2727)) 
GLOBAL_UNIT_ASSIGNED_CONTEXT((#2724,#2725,#2726)) REPRESENTATION_CONTEXT
('Context #1','3D Context with UNIT and UNCERTAINTY') );
#2724 = ( LENGTH_UNIT() NAMED_UNIT(*) SI_UNIT(.MILLI.,.METRE.) );
#2725 = ( NAMED_UNIT(*) PLANE_ANGLE_UNIT() SI_UNIT($,.RADIAN.) );
#2726 = ( NAMED_UNIT(*) SI_UNIT($,.STERADIAN.) SOLID_ANGLE_UNIT() );
#2727 = UNCERTAINTY_MEASURE_WITH_UNIT(LENGTH_MEASURE(1.E-07),#2724,
  'distance_accuracy_value','confusion accuracy');
#2728 = PRODUCT_RELATED_PRODUCT_CATEGORY('part',$,(#7));
ENDSEC;
END-ISO-10303-21;
