ISO-10303-21;
HEADER;
FILE_DESCRIPTION(('Open CASCADE Model'),'2;1');
FILE_NAME('Open CASCADE Shape Model','2026-08-07T20:54:48',('Author'),(
    'Open CASCADE'),'Open CASCADE STEP processor 7.8','Open CASCADE 7.8'
  ,'Unknown');
FILE_SCHEMA(('AUTOMOTIVE_DESIGN { 1 0 10303 214 1 1 1 1 }'));
ENDSEC;
DATA;
#1 = APPLICATION_PROTOCOL_DEFINITION('international standard',
  'automotive_design',2000,#2);
#2 = APPLICATION_CONTEXT(
  'core data for automotive mechanical design processes');
#3 = SHAPE_DEFINITION_REPRESENTATION(#4,#10);
#4 = PRODUCT_DEFINITION_SHAPE('','',#5);
#5 = PRODUCT_DEFINITION('design','',#6,#9);
#6 = PRODUCT_DEFINITION_FORMATION('','',#7);
#7 = PRODUCT('filleted-slot.step 11','filleted-slot.step 11','',(#8));
#8 = PRODUCT_CONTEXT('',#2,'mechanical');
#9 = PRODUCT_DEFINITION_CONTEXT('part definition',#2,'design');
#10 = ADVANCED_BREP_SHAPE_REPRESENTATION('',(#11,#15),#2709);
#11 = AXIS2_PLACEMENT_3D('',#12,#13,#14);
#12 = CARTESIAN_POINT('',(0.,0.,0.));
#13 = DIRECTION('',(0.,0.,1.));
#14 = DIRECTION('',(1.,0.,-0.));
#15 = MANIFOLD_SOLID_BREP('',#16);
#16 = CLOSED_SHELL('',(#17,#137,#225,#304,#385,#461,#491,#521,#767,#848,
    #873,#954,#979,#1225,#1256,#1287,#1370,#1446,#1527,#1581,#1655,#1708
    ,#1741,#1772,#1839,#1872,#1939,#2015,#2082,#2158,#2207,#2276,#2324,
    #2352,#2358,#2364,#2394,#2421,#2448,#2478,#2525,#2552,#2599,#2626,
    #2633,#2639,#2645,#2670,#2695,#2702));
#17 = ADVANCED_FACE('',(#18),#32,.F.);
#18 = FACE_BOUND('',#19,.F.);
#19 = EDGE_LOOP('',(#20,#55,#83,#111));
#20 = ORIENTED_EDGE('',*,*,#21,.F.);
#21 = EDGE_CURVE('',#22,#24,#26,.T.);
#22 = VERTEX_POINT('',#23);
#23 = CARTESIAN_POINT('',(-4.440892098501E-16,2.,2.));
#24 = VERTEX_POINT('',#25);
#25 = CARTESIAN_POINT('',(-4.440892098501E-16,2.,28.));
#26 = SURFACE_CURVE('',#27,(#31,#43),.PCURVE_S1.);
#27 = LINE('',#28,#29);
#28 = CARTESIAN_POINT('',(-4.440892098501E-16,2.,0.));
#29 = VECTOR('',#30,1.);
#30 = DIRECTION('',(0.,0.,1.));
#31 = PCURVE('',#32,#37);
#32 = PLANE('',#33);
#33 = AXIS2_PLACEMENT_3D('',#34,#35,#36);
#34 = CARTESIAN_POINT('',(0.,0.,0.));
#35 = DIRECTION('',(1.,0.,-0.));
#36 = DIRECTION('',(0.,0.,1.));
#37 = DEFINITIONAL_REPRESENTATION('',(#38),#42);
#38 = LINE('',#39,#40);
#39 = CARTESIAN_POINT('',(0.,-2.));
#40 = VECTOR('',#41,1.);
#41 = DIRECTION('',(1.,0.));
#42 = ( GEOMETRIC_REPRESENTATION_CONTEXT(2) 
PARAMETRIC_REPRESENTATION_CONTEXT() REPRESENTATION_CONTEXT('2D SPACE',''
  ) );
#43 = PCURVE('',#44,#49);
#44 = CYLINDRICAL_SURFACE('',#45,2.);
#45 = AXIS2_PLACEMENT_3D('',#46,#47,#48);
#46 = CARTESIAN_POINT('',(2.,2.,0.));
#47 = DIRECTION('',(0.,0.,1.));
#48 = DIRECTION('',(-1.,-0.,0.));
#49 = DEFINITIONAL_REPRESENTATION('',(#50),#54);
#50 = LINE('',#51,#52);
#51 = CARTESIAN_POINT('',(0.,0.));
#52 = VECTOR('',#53,1.);
#53 = DIRECTION('',(0.,1.));
#54 = ( GEOMETRIC_REPRESENTATION_CONTEXT(2) 
PARAMETRIC_REPRESENTATION_CONTEXT() REPRESENTATION_CONTEXT('2D SPACE',''
  ) );
#55 = ORIENTED_EDGE('',*,*,#56,.T.);
#56 = EDGE_CURVE('',#22,#57,#59,.T.);
#57 = VERTEX_POINT('',#58);
#58 = CARTESIAN_POINT('',(-4.440892098501E-16,58.,2.));
#59 = SURFACE_CURVE('',#60,(#64,#71),.PCURVE_S1.);
#60 = LINE('',#61,#62);
#61 = CARTESIAN_POINT('',(-4.440892098501E-16,0.,2.));
#62 = VECTOR('',#63,1.);
#63 = DIRECTION('',(-0.,1.,0.));
#64 = PCURVE('',#32,#65);
#65 = DEFINITIONAL_REPRESENTATION('',(#66),#70);
#66 = LINE('',#67,#68);
#67 = CARTESIAN_POINT('',(2.,0.));
#68 = VECTOR('',#69,1.);
#69 = DIRECTION('',(0.,-1.));
#70 = ( GEOMETRIC_REPRESENTATION_CONTEXT(2) 
PARAMETRIC_REPRESENTATION_CONTEXT() REPRESENTATION_CONTEXT('2D SPACE',''
  ) );
#71 = PCURVE('',#72,#77);
#72 = CYLINDRICAL_SURFACE('',#73,2.);
#73 = AXIS2_PLACEMENT_3D('',#74,#75,#76);
#74 = CARTESIAN_POINT('',(2.,0.,2.));
#75 = DIRECTION('',(-0.,1.,0.));
#76 = DIRECTION('',(-1.,-0.,0.));
#77 = DEFINITIONAL_REPRESENTATION('',(#78),#82);
#78 = LINE('',#79,#80);
#79 = CARTESIAN_POINT('',(-0.,0.));
#80 = VECTOR('',#81,1.);
#81 = DIRECTION('',(-0.,1.));
#82 = ( GEOMETRIC_REPRESENTATION_CONTEXT(2) 
PARAMETRIC_REPRESENTATION_CONTEXT() REPRESENTATION_CONTEXT('2D SPACE',''
  ) );
#83 = ORIENTED_EDGE('',*,*,#84,.T.);
#84 = EDGE_CURVE('',#57,#85,#87,.T.);
#85 = VERTEX_POINT('',#86);
#86 = CARTESIAN_POINT('',(-4.440892098501E-16,58.,28.));
#87 = SURFACE_CURVE('',#88,(#92,#99),.PCURVE_S1.);
#88 = LINE('',#89,#90);
#89 = CARTESIAN_POINT('',(-4.440892098501E-16,58.,0.));
#90 = VECTOR('',#91,1.);
#91 = DIRECTION('',(0.,0.,1.));
#92 = PCURVE('',#32,#93);
#93 = DEFINITIONAL_REPRESENTATION('',(#94),#98);
#94 = LINE('',#95,#96);
#95 = CARTESIAN_POINT('',(0.,-58.));
#96 = VECTOR('',#97,1.);
#97 = DIRECTION('',(1.,0.));
#98 = ( GEOMETRIC_REPRESENTATION_CONTEXT(2) 
PARAMETRIC_REPRESENTATION_CONTEXT() REPRESENTATION_CONTEXT('2D SPACE',''
  ) );
#99 = PCURVE('',#100,#105);
#100 = CYLINDRICAL_SURFACE('',#101,2.);
#101 = AXIS2_PLACEMENT_3D('',#102,#103,#104);
#102 = CARTESIAN_POINT('',(2.,58.,0.));
#103 = DIRECTION('',(0.,0.,1.));
#104 = DIRECTION('',(-1.,-0.,0.));
#105 = DEFINITIONAL_REPRESENTATION('',(#106),#110);
#106 = LINE('',#107,#108);
#107 = CARTESIAN_POINT('',(-0.,0.));
#108 = VECTOR('',#109,1.);
#109 = DIRECTION('',(-0.,1.));
#110 = ( GEOMETRIC_REPRESENTATION_CONTEXT(2) 
PARAMETRIC_REPRESENTATION_CONTEXT() REPRESENTATION_CONTEXT('2D SPACE',''
  ) );
#111 = ORIENTED_EDGE('',*,*,#112,.F.);
#112 = EDGE_CURVE('',#24,#85,#113,.T.);
#113 = SURFACE_CURVE('',#114,(#118,#125),.PCURVE_S1.);
#114 = LINE('',#115,#116);
#115 = CARTESIAN_POINT('',(-4.440892098501E-16,0.,28.));
#116 = VECTOR('',#117,1.);
#117 = DIRECTION('',(-0.,1.,0.));
#118 = PCURVE('',#32,#119);
#119 = DEFINITIONAL_REPRESENTATION('',(#120),#124);
#120 = LINE('',#121,#122);
#121 = CARTESIAN_POINT('',(28.,0.));
#122 = VECTOR('',#123,1.);
#123 = DIRECTION('',(0.,-1.));
#124 = ( GEOMETRIC_REPRESENTATION_CONTEXT(2) 
PARAMETRIC_REPRESENTATION_CONTEXT() REPRESENTATION_CONTEXT('2D SPACE',''
  ) );
#125 = PCURVE('',#126,#131);
#126 = CYLINDRICAL_SURFACE('',#127,2.);
#127 = AXIS2_PLACEMENT_3D('',#128,#129,#130);
#128 = CARTESIAN_POINT('',(2.,0.,28.));
#129 = DIRECTION('',(-0.,1.,0.));
#130 = DIRECTION('',(-1.,-0.,0.));
#131 = DEFINITIONAL_REPRESENTATION('',(#132),#136);
#132 = LINE('',#133,#134);
#133 = CARTESIAN_POINT('',(0.,0.));
#134 = VECTOR('',#135,1.);
#135 = DIRECTION('',(0.,1.));
#136 = ( GEOMETRIC_REPRESENTATION_CONTEXT(2) 
PARAMETRIC_REPRESENTATION_CONTEXT() REPRESENTATION_CONTEXT('2D SPACE',''
  ) );
#137 = ADVANCED_FACE('',(#138),#44,.T.);
#138 = FACE_BOUND('',#139,.T.);
#139 = EDGE_LOOP('',(#140,#141,#170,#198));
#140 = ORIENTED_EDGE('',*,*,#21,.F.);
#141 = ORIENTED_EDGE('',*,*,#142,.T.);
#142 = EDGE_CURVE('',#22,#143,#145,.T.);
#143 = VERTEX_POINT('',#144);
#144 = CARTESIAN_POINT('',(2.,-4.440892098501E-16,2.));
#145 = SURFACE_CURVE('',#146,(#151,#158),.PCURVE_S1.);
#146 = CIRCLE('',#147,2.);
#147 = AXIS2_PLACEMENT_3D('',#148,#149,#150);
#148 = CARTESIAN_POINT('',(2.,2.,2.));
#149 = DIRECTION('',(0.,0.,1.));
#150 = DIRECTION('',(-1.,0.,0.));
#151 = PCURVE('',#44,#152);
#152 = DEFINITIONAL_REPRESENTATION('',(#153),#157);
#153 = LINE('',#154,#155);
#154 = CARTESIAN_POINT('',(0.,2.));
#155 = VECTOR('',#156,1.);
#156 = DIRECTION('',(1.,0.));
#157 = ( GEOMETRIC_REPRESENTATION_CONTEXT(2) 
PARAMETRIC_REPRESENTATION_CONTEXT() REPRESENTATION_CONTEXT('2D SPACE',''
  ) );
#158 = PCURVE('',#159,#164);
#159 = SPHERICAL_SURFACE('',#160,2.);
#160 = AXIS2_PLACEMENT_3D('',#161,#162,#163);
#161 = CARTESIAN_POINT('',(2.,2.,2.));
#162 = DIRECTION('',(0.,0.,1.));
#163 = DIRECTION('',(-1.,0.,0.));
#164 = DEFINITIONAL_REPRESENTATION('',(#165),#169);
#165 = LINE('',#166,#167);
#166 = CARTESIAN_POINT('',(0.,0.));
#167 = VECTOR('',#168,1.);
#168 = DIRECTION('',(1.,0.));
#169 = ( GEOMETRIC_REPRESENTATION_CONTEXT(2) 
PARAMETRIC_REPRESENTATION_CONTEXT() REPRESENTATION_CONTEXT('2D SPACE',''
  ) );
#170 = ORIENTED_EDGE('',*,*,#171,.T.);
#171 = EDGE_CURVE('',#143,#172,#174,.T.);
#172 = VERTEX_POINT('',#173);
#173 = CARTESIAN_POINT('',(2.,-4.440892098501E-16,28.));
#174 = SURFACE_CURVE('',#175,(#179,#186),.PCURVE_S1.);
#175 = LINE('',#176,#177);
#176 = CARTESIAN_POINT('',(2.,-4.440892098501E-16,0.));
#177 = VECTOR('',#178,1.);
#178 = DIRECTION('',(0.,0.,1.));
#179 = PCURVE('',#44,#180);
#180 = DEFINITIONAL_REPRESENTATION('',(#181),#185);
#181 = LINE('',#182,#183);
#182 = CARTESIAN_POINT('',(1.570796326795,0.));
#183 = VECTOR('',#184,1.);
#184 = DIRECTION('',(0.,1.));
#185 = ( GEOMETRIC_REPRESENTATION_CONTEXT(2) 
PARAMETRIC_REPRESENTATION_CONTEXT() REPRESENTATION_CONTEXT('2D SPACE',''
  ) );
#186 = PCURVE('',#187,#192);
#187 = PLANE('',#188);
#188 = AXIS2_PLACEMENT_3D('',#189,#190,#191);
#189 = CARTESIAN_POINT('',(0.,0.,0.));
#190 = DIRECTION('',(-0.,1.,0.));
#191 = DIRECTION('',(0.,0.,1.));
#192 = DEFINITIONAL_REPRESENTATION('',(#193),#197);
#193 = LINE('',#194,#195);
#194 = CARTESIAN_POINT('',(0.,2.));
#195 = VECTOR('',#196,1.);
#196 = DIRECTION('',(1.,0.));
#197 = ( GEOMETRIC_REPRESENTATION_CONTEXT(2) 
PARAMETRIC_REPRESENTATION_CONTEXT() REPRESENTATION_CONTEXT('2D SPACE',''
  ) );
#198 = ORIENTED_EDGE('',*,*,#199,.F.);
#199 = EDGE_CURVE('',#24,#172,#200,.T.);
#200 = SURFACE_CURVE('',#201,(#206,#213),.PCURVE_S1.);
#201 = CIRCLE('',#202,2.);
#202 = AXIS2_PLACEMENT_3D('',#203,#204,#205);
#203 = CARTESIAN_POINT('',(2.,2.,28.));
#204 = DIRECTION('',(0.,0.,1.));
#205 = DIRECTION('',(-1.,0.,0.));
#206 = PCURVE('',#44,#207);
#207 = DEFINITIONAL_REPRESENTATION('',(#208),#212);
#208 = LINE('',#209,#210);
#209 = CARTESIAN_POINT('',(0.,28.));
#210 = VECTOR('',#211,1.);
#211 = DIRECTION('',(1.,0.));
#212 = ( GEOMETRIC_REPRESENTATION_CONTEXT(2) 
PARAMETRIC_REPRESENTATION_CONTEXT() REPRESENTATION_CONTEXT('2D SPACE',''
  ) );
#213 = PCURVE('',#214,#219);
#214 = SPHERICAL_SURFACE('',#215,2.);
#215 = AXIS2_PLACEMENT_3D('',#216,#217,#218);
#216 = CARTESIAN_POINT('',(2.,2.,28.));
#217 = DIRECTION('',(-0.,-0.,-1.));
#218 = DIRECTION('',(-1.,0.,0.));
#219 = DEFINITIONAL_REPRESENTATION('',(#220),#224);
#220 = LINE('',#221,#222);
#221 = CARTESIAN_POINT('',(-0.,0.));
#222 = VECTOR('',#223,1.);
#223 = DIRECTION('',(-1.,0.));
#224 = ( GEOMETRIC_REPRESENTATION_CONTEXT(2) 
PARAMETRIC_REPRESENTATION_CONTEXT() REPRESENTATION_CONTEXT('2D SPACE',''
  ) );
#225 = ADVANCED_FACE('',(#226),#72,.T.);
#226 = FACE_BOUND('',#227,.F.);
#227 = EDGE_LOOP('',(#228,#250,#278,#303));
#228 = ORIENTED_EDGE('',*,*,#229,.F.);
#229 = EDGE_CURVE('',#230,#22,#232,.T.);
#230 = VERTEX_POINT('',#231);
#231 = CARTESIAN_POINT('',(2.,2.,0.));
#232 = SURFACE_CURVE('',#233,(#238,#244),.PCURVE_S1.);
#233 = CIRCLE('',#234,2.);
#234 = AXIS2_PLACEMENT_3D('',#235,#236,#237);
#235 = CARTESIAN_POINT('',(2.,2.,2.));
#236 = DIRECTION('',(0.,1.,-0.));
#237 = DIRECTION('',(-1.,0.,0.));
#238 = PCURVE('',#72,#239);
#239 = DEFINITIONAL_REPRESENTATION('',(#240),#243);
#240 = B_SPLINE_CURVE_WITH_KNOTS('',1,(#241,#242),.UNSPECIFIED.,.F.,.F.,
  (2,2),(4.712388980385,6.28318530718),.PIECEWISE_BEZIER_KNOTS.);
#241 = CARTESIAN_POINT('',(-1.570796326795,2.));
#242 = CARTESIAN_POINT('',(0.,2.));
#243 = ( GEOMETRIC_REPRESENTATION_CONTEXT(2) 
PARAMETRIC_REPRESENTATION_CONTEXT() REPRESENTATION_CONTEXT('2D SPACE',''
  ) );
#244 = PCURVE('',#159,#245);
#245 = DEFINITIONAL_REPRESENTATION('',(#246),#249);
#246 = B_SPLINE_CURVE_WITH_KNOTS('',1,(#247,#248),.UNSPECIFIED.,.F.,.F.,
  (2,2),(4.712388980385,6.28318530718),.PIECEWISE_BEZIER_KNOTS.);
#247 = CARTESIAN_POINT('',(0.,-1.570796326795));
#248 = CARTESIAN_POINT('',(0.,0.));
#249 = ( GEOMETRIC_REPRESENTATION_CONTEXT(2) 
PARAMETRIC_REPRESENTATION_CONTEXT() REPRESENTATION_CONTEXT('2D SPACE',''
  ) );
#250 = ORIENTED_EDGE('',*,*,#251,.T.);
#251 = EDGE_CURVE('',#230,#252,#254,.T.);
#252 = VERTEX_POINT('',#253);
#253 = CARTESIAN_POINT('',(2.,58.,0.));
#254 = SURFACE_CURVE('',#255,(#259,#266),.PCURVE_S1.);
#255 = LINE('',#256,#257);
#256 = CARTESIAN_POINT('',(2.,0.,-4.440892098501E-16));
#257 = VECTOR('',#258,1.);
#258 = DIRECTION('',(-0.,1.,0.));
#259 = PCURVE('',#72,#260);
#260 = DEFINITIONAL_REPRESENTATION('',(#261),#265);
#261 = LINE('',#262,#263);
#262 = CARTESIAN_POINT('',(-1.570796326795,0.));
#263 = VECTOR('',#264,1.);
#264 = DIRECTION('',(-0.,1.));
#265 = ( GEOMETRIC_REPRESENTATION_CONTEXT(2) 
PARAMETRIC_REPRESENTATION_CONTEXT() REPRESENTATION_CONTEXT('2D SPACE',''
  ) );
#266 = PCURVE('',#267,#272);
#267 = PLANE('',#268);
#268 = AXIS2_PLACEMENT_3D('',#269,#270,#271);
#269 = CARTESIAN_POINT('',(0.,0.,0.));
#270 = DIRECTION('',(0.,0.,1.));
#271 = DIRECTION('',(1.,0.,-0.));
#272 = DEFINITIONAL_REPRESENTATION('',(#273),#277);
#273 = LINE('',#274,#275);
#274 = CARTESIAN_POINT('',(2.,0.));
#275 = VECTOR('',#276,1.);
#276 = DIRECTION('',(0.,1.));
#277 = ( GEOMETRIC_REPRESENTATION_CONTEXT(2) 
PARAMETRIC_REPRESENTATION_CONTEXT() REPRESENTATION_CONTEXT('2D SPACE',''
  ) );
#278 = ORIENTED_EDGE('',*,*,#279,.T.);
#279 = EDGE_CURVE('',#252,#57,#280,.T.);
#280 = SURFACE_CURVE('',#281,(#286,#292),.PCURVE_S1.);
#281 = CIRCLE('',#282,2.);
#282 = AXIS2_PLACEMENT_3D('',#283,#284,#285);
#283 = CARTESIAN_POINT('',(2.,58.,2.));
#284 = DIRECTION('',(0.,1.,-0.));
#285 = DIRECTION('',(-1.,0.,0.));
#286 = PCURVE('',#72,#287);
#287 = DEFINITIONAL_REPRESENTATION('',(#288),#291);
#288 = B_SPLINE_CURVE_WITH_KNOTS('',1,(#289,#290),.UNSPECIFIED.,.F.,.F.,
  (2,2),(4.712388980385,6.28318530718),.PIECEWISE_BEZIER_KNOTS.);
#289 = CARTESIAN_POINT('',(-1.570796326795,58.));
#290 = CARTESIAN_POINT('',(0.,58.));
#291 = ( GEOMETRIC_REPRESENTATION_CONTEXT(2) 
PARAMETRIC_REPRESENTATION_CONTEXT() REPRESENTATION_CONTEXT('2D SPACE',''
  ) );
#292 = PCURVE('',#293,#298);
#293 = SPHERICAL_SURFACE('',#294,2.);
#294 = AXIS2_PLACEMENT_3D('',#295,#296,#297);
#295 = CARTESIAN_POINT('',(2.,58.,2.));
#296 = DIRECTION('',(0.,0.,1.));
#297 = DIRECTION('',(-1.,0.,0.));
#298 = DEFINITIONAL_REPRESENTATION('',(#299),#302);
#299 = B_SPLINE_CURVE_WITH_KNOTS('',1,(#300,#301),.UNSPECIFIED.,.F.,.F.,
  (2,2),(4.712388980385,6.28318530718),.PIECEWISE_BEZIER_KNOTS.);
#300 = CARTESIAN_POINT('',(0.,-1.570796326795));
#301 = CARTESIAN_POINT('',(0.,0.));
#302 = ( GEOMETRIC_REPRESENTATION_CONTEXT(2) 
PARAMETRIC_REPRESENTATION_CONTEXT() REPRESENTATION_CONTEXT('2D SPACE',''
  ) );
#303 = ORIENTED_EDGE('',*,*,#56,.F.);
#304 = ADVANCED_FACE('',(#305),#126,.T.);
#305 = FACE_BOUND('',#306,.T.);
#306 = EDGE_LOOP('',(#307,#329,#357,#384));
#307 = ORIENTED_EDGE('',*,*,#308,.F.);
#308 = EDGE_CURVE('',#309,#24,#311,.T.);
#309 = VERTEX_POINT('',#310);
#310 = CARTESIAN_POINT('',(2.,2.,30.));
#311 = SURFACE_CURVE('',#312,(#317,#323),.PCURVE_S1.);
#312 = CIRCLE('',#313,2.);
#313 = AXIS2_PLACEMENT_3D('',#314,#315,#316);
#314 = CARTESIAN_POINT('',(2.,2.,28.));
#315 = DIRECTION('',(0.,-1.,0.));
#316 = DIRECTION('',(-1.,0.,0.));
#317 = PCURVE('',#126,#318);
#318 = DEFINITIONAL_REPRESENTATION('',(#319),#322);
#319 = B_SPLINE_CURVE_WITH_KNOTS('',1,(#320,#321),.UNSPECIFIED.,.F.,.F.,
  (2,2),(4.712388980385,6.28318530718),.PIECEWISE_BEZIER_KNOTS.);
#320 = CARTESIAN_POINT('',(1.570796326795,2.));
#321 = CARTESIAN_POINT('',(0.,2.));
#322 = ( GEOMETRIC_REPRESENTATION_CONTEXT(2) 
PARAMETRIC_REPRESENTATION_CONTEXT() REPRESENTATION_CONTEXT('2D SPACE',''
  ) );
#323 = PCURVE('',#214,#324);
#324 = DEFINITIONAL_REPRESENTATION('',(#325),#328);
#325 = B_SPLINE_CURVE_WITH_KNOTS('',1,(#326,#327),.UNSPECIFIED.,.F.,.F.,
  (2,2),(4.712388980385,6.28318530718),.PIECEWISE_BEZIER_KNOTS.);
#326 = CARTESIAN_POINT('',(0.,-1.570796326795));
#327 = CARTESIAN_POINT('',(0.,0.));
#328 = ( GEOMETRIC_REPRESENTATION_CONTEXT(2) 
PARAMETRIC_REPRESENTATION_CONTEXT() REPRESENTATION_CONTEXT('2D SPACE',''
  ) );
#329 = ORIENTED_EDGE('',*,*,#330,.T.);
#330 = EDGE_CURVE('',#309,#331,#333,.T.);
#331 = VERTEX_POINT('',#332);
#332 = CARTESIAN_POINT('',(2.,58.,30.));
#333 = SURFACE_CURVE('',#334,(#338,#345),.PCURVE_S1.);
#334 = LINE('',#335,#336);
#335 = CARTESIAN_POINT('',(2.,0.,30.));
#336 = VECTOR('',#337,1.);
#337 = DIRECTION('',(-0.,1.,0.));
#338 = PCURVE('',#126,#339);
#339 = DEFINITIONAL_REPRESENTATION('',(#340),#344);
#340 = LINE('',#341,#342);
#341 = CARTESIAN_POINT('',(1.570796326795,0.));
#342 = VECTOR('',#343,1.);
#343 = DIRECTION('',(0.,1.));
#344 = ( GEOMETRIC_REPRESENTATION_CONTEXT(2) 
PARAMETRIC_REPRESENTATION_CONTEXT() REPRESENTATION_CONTEXT('2D SPACE',''
  ) );
#345 = PCURVE('',#346,#351);
#346 = PLANE('',#347);
#347 = AXIS2_PLACEMENT_3D('',#348,#349,#350);
#348 = CARTESIAN_POINT('',(0.,0.,30.));
#349 = DIRECTION('',(0.,0.,1.));
#350 = DIRECTION('',(1.,0.,-0.));
#351 = DEFINITIONAL_REPRESENTATION('',(#352),#356);
#352 = LINE('',#353,#354);
#353 = CARTESIAN_POINT('',(2.,0.));
#354 = VECTOR('',#355,1.);
#355 = DIRECTION('',(0.,1.));
#356 = ( GEOMETRIC_REPRESENTATION_CONTEXT(2) 
PARAMETRIC_REPRESENTATION_CONTEXT() REPRESENTATION_CONTEXT('2D SPACE',''
  ) );
#357 = ORIENTED_EDGE('',*,*,#358,.F.);
#358 = EDGE_CURVE('',#85,#331,#359,.T.);
#359 = SURFACE_CURVE('',#360,(#365,#372),.PCURVE_S1.);
#360 = CIRCLE('',#361,2.);
#361 = AXIS2_PLACEMENT_3D('',#362,#363,#364);
#362 = CARTESIAN_POINT('',(2.,58.,28.));
#363 = DIRECTION('',(-0.,1.,0.));
#364 = DIRECTION('',(-1.,-0.,0.));
#365 = PCURVE('',#126,#366);
#366 = DEFINITIONAL_REPRESENTATION('',(#367),#371);
#367 = LINE('',#368,#369);
#368 = CARTESIAN_POINT('',(0.,58.));
#369 = VECTOR('',#370,1.);
#370 = DIRECTION('',(1.,0.));
#371 = ( GEOMETRIC_REPRESENTATION_CONTEXT(2) 
PARAMETRIC_REPRESENTATION_CONTEXT() REPRESENTATION_CONTEXT('2D SPACE',''
  ) );
#372 = PCURVE('',#373,#378);
#373 = SPHERICAL_SURFACE('',#374,2.);
#374 = AXIS2_PLACEMENT_3D('',#375,#376,#377);
#375 = CARTESIAN_POINT('',(2.,58.,28.));
#376 = DIRECTION('',(0.,-1.,-0.));
#377 = DIRECTION('',(-1.,-0.,0.));
#378 = DEFINITIONAL_REPRESENTATION('',(#379),#383);
#379 = LINE('',#380,#381);
#380 = CARTESIAN_POINT('',(-0.,0.));
#381 = VECTOR('',#382,1.);
#382 = DIRECTION('',(-1.,0.));
#383 = ( GEOMETRIC_REPRESENTATION_CONTEXT(2) 
PARAMETRIC_REPRESENTATION_CONTEXT() REPRESENTATION_CONTEXT('2D SPACE',''
  ) );
#384 = ORIENTED_EDGE('',*,*,#112,.F.);
#385 = ADVANCED_FACE('',(#386),#100,.T.);
#386 = FACE_BOUND('',#387,.F.);
#387 = EDGE_LOOP('',(#388,#389,#413,#441));
#388 = ORIENTED_EDGE('',*,*,#84,.F.);
#389 = ORIENTED_EDGE('',*,*,#390,.T.);
#390 = EDGE_CURVE('',#57,#391,#393,.T.);
#391 = VERTEX_POINT('',#392);
#392 = CARTESIAN_POINT('',(2.,60.,2.));
#393 = SURFACE_CURVE('',#394,(#399,#406),.PCURVE_S1.);
#394 = CIRCLE('',#395,2.);
#395 = AXIS2_PLACEMENT_3D('',#396,#397,#398);
#396 = CARTESIAN_POINT('',(2.,58.,2.));
#397 = DIRECTION('',(-0.,0.,-1.));
#398 = DIRECTION('',(-1.,0.,0.));
#399 = PCURVE('',#100,#400);
#400 = DEFINITIONAL_REPRESENTATION('',(#401),#405);
#401 = LINE('',#402,#403);
#402 = CARTESIAN_POINT('',(-0.,2.));
#403 = VECTOR('',#404,1.);
#404 = DIRECTION('',(-1.,0.));
#405 = ( GEOMETRIC_REPRESENTATION_CONTEXT(2) 
PARAMETRIC_REPRESENTATION_CONTEXT() REPRESENTATION_CONTEXT('2D SPACE',''
  ) );
#406 = PCURVE('',#293,#407);
#407 = DEFINITIONAL_REPRESENTATION('',(#408),#412);
#408 = LINE('',#409,#410);
#409 = CARTESIAN_POINT('',(-0.,0.));
#410 = VECTOR('',#411,1.);
#411 = DIRECTION('',(-1.,0.));
#412 = ( GEOMETRIC_REPRESENTATION_CONTEXT(2) 
PARAMETRIC_REPRESENTATION_CONTEXT() REPRESENTATION_CONTEXT('2D SPACE',''
  ) );
#413 = ORIENTED_EDGE('',*,*,#414,.T.);
#414 = EDGE_CURVE('',#391,#415,#417,.T.);
#415 = VERTEX_POINT('',#416);
#416 = CARTESIAN_POINT('',(2.,60.,28.));
#417 = SURFACE_CURVE('',#418,(#422,#429),.PCURVE_S1.);
#418 = LINE('',#419,#420);
#419 = CARTESIAN_POINT('',(2.,60.,0.));
#420 = VECTOR('',#421,1.);
#421 = DIRECTION('',(0.,0.,1.));
#422 = PCURVE('',#100,#423);
#423 = DEFINITIONAL_REPRESENTATION('',(#424),#428);
#424 = LINE('',#425,#426);
#425 = CARTESIAN_POINT('',(-1.570796326795,0.));
#426 = VECTOR('',#427,1.);
#427 = DIRECTION('',(-0.,1.));
#428 = ( GEOMETRIC_REPRESENTATION_CONTEXT(2) 
PARAMETRIC_REPRESENTATION_CONTEXT() REPRESENTATION_CONTEXT('2D SPACE',''
  ) );
#429 = PCURVE('',#430,#435);
#430 = PLANE('',#431);
#431 = AXIS2_PLACEMENT_3D('',#432,#433,#434);
#432 = CARTESIAN_POINT('',(0.,60.,0.));
#433 = DIRECTION('',(-0.,1.,0.));
#434 = DIRECTION('',(0.,0.,1.));
#435 = DEFINITIONAL_REPRESENTATION('',(#436),#440);
#436 = LINE('',#437,#438);
#437 = CARTESIAN_POINT('',(0.,2.));
#438 = VECTOR('',#439,1.);
#439 = DIRECTION('',(1.,0.));
#440 = ( GEOMETRIC_REPRESENTATION_CONTEXT(2) 
PARAMETRIC_REPRESENTATION_CONTEXT() REPRESENTATION_CONTEXT('2D SPACE',''
  ) );
#441 = ORIENTED_EDGE('',*,*,#442,.T.);
#442 = EDGE_CURVE('',#415,#85,#443,.T.);
#443 = SURFACE_CURVE('',#444,(#449,#455),.PCURVE_S1.);
#444 = CIRCLE('',#445,2.);
#445 = AXIS2_PLACEMENT_3D('',#446,#447,#448);
#446 = CARTESIAN_POINT('',(2.,58.,28.));
#447 = DIRECTION('',(0.,0.,1.));
#448 = DIRECTION('',(-1.,-0.,0.));
#449 = PCURVE('',#100,#450);
#450 = DEFINITIONAL_REPRESENTATION('',(#451),#454);
#451 = B_SPLINE_CURVE_WITH_KNOTS('',1,(#452,#453),.UNSPECIFIED.,.F.,.F.,
  (2,2),(4.712388980385,6.28318530718),.PIECEWISE_BEZIER_KNOTS.);
#452 = CARTESIAN_POINT('',(-1.570796326795,28.));
#453 = CARTESIAN_POINT('',(0.,28.));
#454 = ( GEOMETRIC_REPRESENTATION_CONTEXT(2) 
PARAMETRIC_REPRESENTATION_CONTEXT() REPRESENTATION_CONTEXT('2D SPACE',''
  ) );
#455 = PCURVE('',#373,#456);
#456 = DEFINITIONAL_REPRESENTATION('',(#457),#460);
#457 = B_SPLINE_CURVE_WITH_KNOTS('',1,(#458,#459),.UNSPECIFIED.,.F.,.F.,
  (2,2),(4.712388980385,6.28318530718),.PIECEWISE_BEZIER_KNOTS.);
#458 = CARTESIAN_POINT('',(0.,-1.570796326795));
#459 = CARTESIAN_POINT('',(0.,0.));
#460 = ( GEOMETRIC_REPRESENTATION_CONTEXT(2) 
PARAMETRIC_REPRESENTATION_CONTEXT() REPRESENTATION_CONTEXT('2D SPACE',''
  ) );
#461 = ADVANCED_FACE('',(#462),#159,.T.);
#462 = FACE_BOUND('',#463,.T.);
#463 = EDGE_LOOP('',(#464,#465,#490));
#464 = ORIENTED_EDGE('',*,*,#229,.F.);
#465 = ORIENTED_EDGE('',*,*,#466,.T.);
#466 = EDGE_CURVE('',#230,#143,#467,.T.);
#467 = SURFACE_CURVE('',#468,(#473,#479),.PCURVE_S1.);
#468 = CIRCLE('',#469,2.);
#469 = AXIS2_PLACEMENT_3D('',#470,#471,#472);
#470 = CARTESIAN_POINT('',(2.,2.,2.));
#471 = DIRECTION('',(-1.,6.123233995737E-17,0.));
#472 = DIRECTION('',(-6.123233995737E-17,-1.,0.));
#473 = PCURVE('',#159,#474);
#474 = DEFINITIONAL_REPRESENTATION('',(#475),#478);
#475 = B_SPLINE_CURVE_WITH_KNOTS('',1,(#476,#477),.UNSPECIFIED.,.F.,.F.,
  (2,2),(4.712388980385,6.28318530718),.PIECEWISE_BEZIER_KNOTS.);
#476 = CARTESIAN_POINT('',(1.570796326795,-1.570796326795));
#477 = CARTESIAN_POINT('',(1.570796326795,0.));
#478 = ( GEOMETRIC_REPRESENTATION_CONTEXT(2) 
PARAMETRIC_REPRESENTATION_CONTEXT() REPRESENTATION_CONTEXT('2D SPACE',''
  ) );
#479 = PCURVE('',#480,#485);
#480 = CYLINDRICAL_SURFACE('',#481,2.);
#481 = AXIS2_PLACEMENT_3D('',#482,#483,#484);
#482 = CARTESIAN_POINT('',(0.,2.,2.));
#483 = DIRECTION('',(1.,0.,-0.));
#484 = DIRECTION('',(0.,-1.,0.));
#485 = DEFINITIONAL_REPRESENTATION('',(#486),#489);
#486 = B_SPLINE_CURVE_WITH_KNOTS('',1,(#487,#488),.UNSPECIFIED.,.F.,.F.,
  (2,2),(4.712388980385,6.28318530718),.PIECEWISE_BEZIER_KNOTS.);
#487 = CARTESIAN_POINT('',(1.570796326795,2.));
#488 = CARTESIAN_POINT('',(0.,2.));
#489 = ( GEOMETRIC_REPRESENTATION_CONTEXT(2) 
PARAMETRIC_REPRESENTATION_CONTEXT() REPRESENTATION_CONTEXT('2D SPACE',''
  ) );
#490 = ORIENTED_EDGE('',*,*,#142,.F.);
#491 = ADVANCED_FACE('',(#492),#214,.T.);
#492 = FACE_BOUND('',#493,.F.);
#493 = EDGE_LOOP('',(#494,#495,#520));
#494 = ORIENTED_EDGE('',*,*,#308,.F.);
#495 = ORIENTED_EDGE('',*,*,#496,.T.);
#496 = EDGE_CURVE('',#309,#172,#497,.T.);
#497 = SURFACE_CURVE('',#498,(#503,#509),.PCURVE_S1.);
#498 = CIRCLE('',#499,2.);
#499 = AXIS2_PLACEMENT_3D('',#500,#501,#502);
#500 = CARTESIAN_POINT('',(2.,2.,28.));
#501 = DIRECTION('',(1.,-6.123233995737E-17,0.));
#502 = DIRECTION('',(-6.123233995737E-17,-1.,0.));
#503 = PCURVE('',#214,#504);
#504 = DEFINITIONAL_REPRESENTATION('',(#505),#508);
#505 = B_SPLINE_CURVE_WITH_KNOTS('',1,(#506,#507),.UNSPECIFIED.,.F.,.F.,
  (2,2),(4.712388980385,6.28318530718),.PIECEWISE_BEZIER_KNOTS.);
#506 = CARTESIAN_POINT('',(-1.570796326795,-1.570796326795));
#507 = CARTESIAN_POINT('',(-1.570796326795,0.));
#508 = ( GEOMETRIC_REPRESENTATION_CONTEXT(2) 
PARAMETRIC_REPRESENTATION_CONTEXT() REPRESENTATION_CONTEXT('2D SPACE',''
  ) );
#509 = PCURVE('',#510,#515);
#510 = CYLINDRICAL_SURFACE('',#511,2.);
#511 = AXIS2_PLACEMENT_3D('',#512,#513,#514);
#512 = CARTESIAN_POINT('',(0.,2.,28.));
#513 = DIRECTION('',(1.,0.,-0.));
#514 = DIRECTION('',(0.,-1.,0.));
#515 = DEFINITIONAL_REPRESENTATION('',(#516),#519);
#516 = B_SPLINE_CURVE_WITH_KNOTS('',1,(#517,#518),.UNSPECIFIED.,.F.,.F.,
  (2,2),(4.712388980385,6.28318530718),.PIECEWISE_BEZIER_KNOTS.);
#517 = CARTESIAN_POINT('',(-1.570796326795,2.));
#518 = CARTESIAN_POINT('',(0.,2.));
#519 = ( GEOMETRIC_REPRESENTATION_CONTEXT(2) 
PARAMETRIC_REPRESENTATION_CONTEXT() REPRESENTATION_CONTEXT('2D SPACE',''
  ) );
#520 = ORIENTED_EDGE('',*,*,#199,.F.);
#521 = ADVANCED_FACE('',(#522),#187,.F.);
#522 = FACE_BOUND('',#523,.F.);
#523 = EDGE_LOOP('',(#524,#525,#548,#576,#605,#633,#662,#690,#718,#746)
  );
#524 = ORIENTED_EDGE('',*,*,#171,.T.);
#525 = ORIENTED_EDGE('',*,*,#526,.T.);
#526 = EDGE_CURVE('',#172,#527,#529,.T.);
#527 = VERTEX_POINT('',#528);
#528 = CARTESIAN_POINT('',(28.,-4.440892098501E-16,28.));
#529 = SURFACE_CURVE('',#530,(#534,#541),.PCURVE_S1.);
#530 = LINE('',#531,#532);
#531 = CARTESIAN_POINT('',(0.,-4.440892098501E-16,28.));
#532 = VECTOR('',#533,1.);
#533 = DIRECTION('',(1.,0.,-0.));
#534 = PCURVE('',#187,#535);
#535 = DEFINITIONAL_REPRESENTATION('',(#536),#540);
#536 = LINE('',#537,#538);
#537 = CARTESIAN_POINT('',(28.,0.));
#538 = VECTOR('',#539,1.);
#539 = DIRECTION('',(0.,1.));
#540 = ( GEOMETRIC_REPRESENTATION_CONTEXT(2) 
PARAMETRIC_REPRESENTATION_CONTEXT() REPRESENTATION_CONTEXT('2D SPACE',''
  ) );
#541 = PCURVE('',#510,#542);
#542 = DEFINITIONAL_REPRESENTATION('',(#543),#547);
#543 = LINE('',#544,#545);
#544 = CARTESIAN_POINT('',(-0.,0.));
#545 = VECTOR('',#546,1.);
#546 = DIRECTION('',(-0.,1.));
#547 = ( GEOMETRIC_REPRESENTATION_CONTEXT(2) 
PARAMETRIC_REPRESENTATION_CONTEXT() REPRESENTATION_CONTEXT('2D SPACE',''
  ) );
#548 = ORIENTED_EDGE('',*,*,#549,.T.);
#549 = EDGE_CURVE('',#527,#550,#552,.T.);
#550 = VERTEX_POINT('',#551);
#551 = CARTESIAN_POINT('',(28.,0.,20.));
#552 = SURFACE_CURVE('',#553,(#557,#564),.PCURVE_S1.);
#553 = LINE('',#554,#555);
#554 = CARTESIAN_POINT('',(28.,-4.440892098501E-16,30.));
#555 = VECTOR('',#556,1.);
#556 = DIRECTION('',(-0.,0.,-1.));
#557 = PCURVE('',#187,#558);
#558 = DEFINITIONAL_REPRESENTATION('',(#559),#563);
#559 = LINE('',#560,#561);
#560 = CARTESIAN_POINT('',(30.,28.));
#561 = VECTOR('',#562,1.);
#562 = DIRECTION('',(-1.,0.));
#563 = ( GEOMETRIC_REPRESENTATION_CONTEXT(2) 
PARAMETRIC_REPRESENTATION_CONTEXT() REPRESENTATION_CONTEXT('2D SPACE',''
  ) );
#564 = PCURVE('',#565,#570);
#565 = CYLINDRICAL_SURFACE('',#566,2.);
#566 = AXIS2_PLACEMENT_3D('',#567,#568,#569);
#567 = CARTESIAN_POINT('',(28.,2.,30.));
#568 = DIRECTION('',(-0.,0.,-1.));
#569 = DIRECTION('',(0.,-1.,-0.));
#570 = DEFINITIONAL_REPRESENTATION('',(#571),#575);
#571 = LINE('',#572,#573);
#572 = CARTESIAN_POINT('',(-0.,0.));
#573 = VECTOR('',#574,1.);
#574 = DIRECTION('',(-0.,1.));
#575 = ( GEOMETRIC_REPRESENTATION_CONTEXT(2) 
PARAMETRIC_REPRESENTATION_CONTEXT() REPRESENTATION_CONTEXT('2D SPACE',''
  ) );
#576 = ORIENTED_EDGE('',*,*,#577,.F.);
#577 = EDGE_CURVE('',#578,#550,#580,.T.);
#578 = VERTEX_POINT('',#579);
#579 = CARTESIAN_POINT('',(32.,0.,16.));
#580 = SURFACE_CURVE('',#581,(#586,#593),.PCURVE_S1.);
#581 = CIRCLE('',#582,4.);
#582 = AXIS2_PLACEMENT_3D('',#583,#584,#585);
#583 = CARTESIAN_POINT('',(32.,0.,20.));
#584 = DIRECTION('',(0.,1.,0.));
#585 = DIRECTION('',(0.,0.,-1.));
#586 = PCURVE('',#187,#587);
#587 = DEFINITIONAL_REPRESENTATION('',(#588),#592);
#588 = CIRCLE('',#589,4.);
#589 = AXIS2_PLACEMENT_2D('',#590,#591);
#590 = CARTESIAN_POINT('',(20.,32.));
#591 = DIRECTION('',(-1.,0.));
#592 = ( GEOMETRIC_REPRESENTATION_CONTEXT(2) 
PARAMETRIC_REPRESENTATION_CONTEXT() REPRESENTATION_CONTEXT('2D SPACE',''
  ) );
#593 = PCURVE('',#594,#599);
#594 = TOROIDAL_SURFACE('',#595,4.,2.);
#595 = AXIS2_PLACEMENT_3D('',#596,#597,#598);
#596 = CARTESIAN_POINT('',(32.,2.,20.));
#597 = DIRECTION('',(0.,-1.,-0.));
#598 = DIRECTION('',(0.,0.,-1.));
#599 = DEFINITIONAL_REPRESENTATION('',(#600),#604);
#600 = LINE('',#601,#602);
#601 = CARTESIAN_POINT('',(-0.,1.570796326795));
#602 = VECTOR('',#603,1.);
#603 = DIRECTION('',(-1.,0.));
#604 = ( GEOMETRIC_REPRESENTATION_CONTEXT(2) 
PARAMETRIC_REPRESENTATION_CONTEXT() REPRESENTATION_CONTEXT('2D SPACE',''
  ) );
#605 = ORIENTED_EDGE('',*,*,#606,.T.);
#606 = EDGE_CURVE('',#578,#607,#609,.T.);
#607 = VERTEX_POINT('',#608);
#608 = CARTESIAN_POINT('',(43.,0.,16.));
#609 = SURFACE_CURVE('',#610,(#614,#621),.PCURVE_S1.);
#610 = LINE('',#611,#612);
#611 = CARTESIAN_POINT('',(30.,-4.440892098501E-16,16.));
#612 = VECTOR('',#613,1.);
#613 = DIRECTION('',(1.,0.,-0.));
#614 = PCURVE('',#187,#615);
#615 = DEFINITIONAL_REPRESENTATION('',(#616),#620);
#616 = LINE('',#617,#618);
#617 = CARTESIAN_POINT('',(16.,30.));
#618 = VECTOR('',#619,1.);
#619 = DIRECTION('',(0.,1.));
#620 = ( GEOMETRIC_REPRESENTATION_CONTEXT(2) 
PARAMETRIC_REPRESENTATION_CONTEXT() REPRESENTATION_CONTEXT('2D SPACE',''
  ) );
#621 = PCURVE('',#622,#627);
#622 = CYLINDRICAL_SURFACE('',#623,2.);
#623 = AXIS2_PLACEMENT_3D('',#624,#625,#626);
#624 = CARTESIAN_POINT('',(30.,2.,16.));
#625 = DIRECTION('',(1.,0.,-0.));
#626 = DIRECTION('',(0.,-1.,0.));
#627 = DEFINITIONAL_REPRESENTATION('',(#628),#632);
#628 = LINE('',#629,#630);
#629 = CARTESIAN_POINT('',(-0.,0.));
#630 = VECTOR('',#631,1.);
#631 = DIRECTION('',(-0.,1.));
#632 = ( GEOMETRIC_REPRESENTATION_CONTEXT(2) 
PARAMETRIC_REPRESENTATION_CONTEXT() REPRESENTATION_CONTEXT('2D SPACE',''
  ) );
#633 = ORIENTED_EDGE('',*,*,#634,.F.);
#634 = EDGE_CURVE('',#635,#607,#637,.T.);
#635 = VERTEX_POINT('',#636);
#636 = CARTESIAN_POINT('',(47.,0.,20.));
#637 = SURFACE_CURVE('',#638,(#643,#650),.PCURVE_S1.);
#638 = CIRCLE('',#639,4.);
#639 = AXIS2_PLACEMENT_3D('',#640,#641,#642);
#640 = CARTESIAN_POINT('',(43.,0.,20.));
#641 = DIRECTION('',(-0.,1.,0.));
#642 = DIRECTION('',(1.,0.,0.));
#643 = PCURVE('',#187,#644);
#644 = DEFINITIONAL_REPRESENTATION('',(#645),#649);
#645 = CIRCLE('',#646,4.);
#646 = AXIS2_PLACEMENT_2D('',#647,#648);
#647 = CARTESIAN_POINT('',(20.,43.));
#648 = DIRECTION('',(0.,1.));
#649 = ( GEOMETRIC_REPRESENTATION_CONTEXT(2) 
PARAMETRIC_REPRESENTATION_CONTEXT() REPRESENTATION_CONTEXT('2D SPACE',''
  ) );
#650 = PCURVE('',#651,#656);
#651 = TOROIDAL_SURFACE('',#652,4.,2.);
#652 = AXIS2_PLACEMENT_3D('',#653,#654,#655);
#653 = CARTESIAN_POINT('',(43.,2.,20.));
#654 = DIRECTION('',(0.,-1.,-0.));
#655 = DIRECTION('',(1.,0.,0.));
#656 = DEFINITIONAL_REPRESENTATION('',(#657),#661);
#657 = LINE('',#658,#659);
#658 = CARTESIAN_POINT('',(-0.,1.570796326795));
#659 = VECTOR('',#660,1.);
#660 = DIRECTION('',(-1.,0.));
#661 = ( GEOMETRIC_REPRESENTATION_CONTEXT(2) 
PARAMETRIC_REPRESENTATION_CONTEXT() REPRESENTATION_CONTEXT('2D SPACE',''
  ) );
#662 = ORIENTED_EDGE('',*,*,#663,.F.);
#663 = EDGE_CURVE('',#664,#635,#666,.T.);
#664 = VERTEX_POINT('',#665);
#665 = CARTESIAN_POINT('',(47.,-4.440892098501E-16,28.));
#666 = SURFACE_CURVE('',#667,(#671,#678),.PCURVE_S1.);
#667 = LINE('',#668,#669);
#668 = CARTESIAN_POINT('',(47.,-4.440892098501E-16,30.));
#669 = VECTOR('',#670,1.);
#670 = DIRECTION('',(-0.,0.,-1.));
#671 = PCURVE('',#187,#672);
#672 = DEFINITIONAL_REPRESENTATION('',(#673),#677);
#673 = LINE('',#674,#675);
#674 = CARTESIAN_POINT('',(30.,47.));
#675 = VECTOR('',#676,1.);
#676 = DIRECTION('',(-1.,0.));
#677 = ( GEOMETRIC_REPRESENTATION_CONTEXT(2) 
PARAMETRIC_REPRESENTATION_CONTEXT() REPRESENTATION_CONTEXT('2D SPACE',''
  ) );
#678 = PCURVE('',#679,#684);
#679 = CYLINDRICAL_SURFACE('',#680,2.);
#680 = AXIS2_PLACEMENT_3D('',#681,#682,#683);
#681 = CARTESIAN_POINT('',(47.,2.,30.));
#682 = DIRECTION('',(-0.,0.,-1.));
#683 = DIRECTION('',(0.,-1.,-0.));
#684 = DEFINITIONAL_REPRESENTATION('',(#685),#689);
#685 = LINE('',#686,#687);
#686 = CARTESIAN_POINT('',(0.,0.));
#687 = VECTOR('',#688,1.);
#688 = DIRECTION('',(0.,1.));
#689 = ( GEOMETRIC_REPRESENTATION_CONTEXT(2) 
PARAMETRIC_REPRESENTATION_CONTEXT() REPRESENTATION_CONTEXT('2D SPACE',''
  ) );
#690 = ORIENTED_EDGE('',*,*,#691,.T.);
#691 = EDGE_CURVE('',#664,#692,#694,.T.);
#692 = VERTEX_POINT('',#693);
#693 = CARTESIAN_POINT('',(78.,-4.440892098501E-16,28.));
#694 = SURFACE_CURVE('',#695,(#699,#706),.PCURVE_S1.);
#695 = LINE('',#696,#697);
#696 = CARTESIAN_POINT('',(45.,-4.440892098501E-16,28.));
#697 = VECTOR('',#698,1.);
#698 = DIRECTION('',(1.,0.,-0.));
#699 = PCURVE('',#187,#700);
#700 = DEFINITIONAL_REPRESENTATION('',(#701),#705);
#701 = LINE('',#702,#703);
#702 = CARTESIAN_POINT('',(28.,45.));
#703 = VECTOR('',#704,1.);
#704 = DIRECTION('',(0.,1.));
#705 = ( GEOMETRIC_REPRESENTATION_CONTEXT(2) 
PARAMETRIC_REPRESENTATION_CONTEXT() REPRESENTATION_CONTEXT('2D SPACE',''
  ) );
#706 = PCURVE('',#707,#712);
#707 = CYLINDRICAL_SURFACE('',#708,2.);
#708 = AXIS2_PLACEMENT_3D('',#709,#710,#711);
#709 = CARTESIAN_POINT('',(45.,2.,28.));
#710 = DIRECTION('',(1.,0.,-0.));
#711 = DIRECTION('',(0.,-1.,0.));
#712 = DEFINITIONAL_REPRESENTATION('',(#713),#717);
#713 = LINE('',#714,#715);
#714 = CARTESIAN_POINT('',(-0.,0.));
#715 = VECTOR('',#716,1.);
#716 = DIRECTION('',(-0.,1.));
#717 = ( GEOMETRIC_REPRESENTATION_CONTEXT(2) 
PARAMETRIC_REPRESENTATION_CONTEXT() REPRESENTATION_CONTEXT('2D SPACE',''
  ) );
#718 = ORIENTED_EDGE('',*,*,#719,.F.);
#719 = EDGE_CURVE('',#720,#692,#722,.T.);
#720 = VERTEX_POINT('',#721);
#721 = CARTESIAN_POINT('',(78.,-4.440892098501E-16,2.));
#722 = SURFACE_CURVE('',#723,(#727,#734),.PCURVE_S1.);
#723 = LINE('',#724,#725);
#724 = CARTESIAN_POINT('',(78.,-4.440892098501E-16,0.));
#725 = VECTOR('',#726,1.);
#726 = DIRECTION('',(0.,0.,1.));
#727 = PCURVE('',#187,#728);
#728 = DEFINITIONAL_REPRESENTATION('',(#729),#733);
#729 = LINE('',#730,#731);
#730 = CARTESIAN_POINT('',(0.,78.));
#731 = VECTOR('',#732,1.);
#732 = DIRECTION('',(1.,0.));
#733 = ( GEOMETRIC_REPRESENTATION_CONTEXT(2) 
PARAMETRIC_REPRESENTATION_CONTEXT() REPRESENTATION_CONTEXT('2D SPACE',''
  ) );
#734 = PCURVE('',#735,#740);
#735 = CYLINDRICAL_SURFACE('',#736,2.);
#736 = AXIS2_PLACEMENT_3D('',#737,#738,#739);
#737 = CARTESIAN_POINT('',(78.,2.,0.));
#738 = DIRECTION('',(0.,0.,1.));
#739 = DIRECTION('',(0.,-1.,0.));
#740 = DEFINITIONAL_REPRESENTATION('',(#741),#745);
#741 = LINE('',#742,#743);
#742 = CARTESIAN_POINT('',(0.,0.));
#743 = VECTOR('',#744,1.);
#744 = DIRECTION('',(0.,1.));
#745 = ( GEOMETRIC_REPRESENTATION_CONTEXT(2) 
PARAMETRIC_REPRESENTATION_CONTEXT() REPRESENTATION_CONTEXT('2D SPACE',''
  ) );
#746 = ORIENTED_EDGE('',*,*,#747,.F.);
#747 = EDGE_CURVE('',#143,#720,#748,.T.);
#748 = SURFACE_CURVE('',#749,(#753,#760),.PCURVE_S1.);
#749 = LINE('',#750,#751);
#750 = CARTESIAN_POINT('',(0.,-4.440892098501E-16,2.));
#751 = VECTOR('',#752,1.);
#752 = DIRECTION('',(1.,0.,-0.));
#753 = PCURVE('',#187,#754);
#754 = DEFINITIONAL_REPRESENTATION('',(#755),#759);
#755 = LINE('',#756,#757);
#756 = CARTESIAN_POINT('',(2.,0.));
#757 = VECTOR('',#758,1.);
#758 = DIRECTION('',(0.,1.));
#759 = ( GEOMETRIC_REPRESENTATION_CONTEXT(2) 
PARAMETRIC_REPRESENTATION_CONTEXT() REPRESENTATION_CONTEXT('2D SPACE',''
  ) );
#760 = PCURVE('',#480,#761);
#761 = DEFINITIONAL_REPRESENTATION('',(#762),#766);
#762 = LINE('',#763,#764);
#763 = CARTESIAN_POINT('',(0.,0.));
#764 = VECTOR('',#765,1.);
#765 = DIRECTION('',(0.,1.));
#766 = ( GEOMETRIC_REPRESENTATION_CONTEXT(2) 
PARAMETRIC_REPRESENTATION_CONTEXT() REPRESENTATION_CONTEXT('2D SPACE',''
  ) );
#767 = ADVANCED_FACE('',(#768),#267,.F.);
#768 = FACE_BOUND('',#769,.F.);
#769 = EDGE_LOOP('',(#770,#771,#794,#822));
#770 = ORIENTED_EDGE('',*,*,#251,.F.);
#771 = ORIENTED_EDGE('',*,*,#772,.T.);
#772 = EDGE_CURVE('',#230,#773,#775,.T.);
#773 = VERTEX_POINT('',#774);
#774 = CARTESIAN_POINT('',(78.,2.,0.));
#775 = SURFACE_CURVE('',#776,(#780,#787),.PCURVE_S1.);
#776 = LINE('',#777,#778);
#777 = CARTESIAN_POINT('',(0.,2.,-4.440892098501E-16));
#778 = VECTOR('',#779,1.);
#779 = DIRECTION('',(1.,0.,-0.));
#780 = PCURVE('',#267,#781);
#781 = DEFINITIONAL_REPRESENTATION('',(#782),#786);
#782 = LINE('',#783,#784);
#783 = CARTESIAN_POINT('',(0.,2.));
#784 = VECTOR('',#785,1.);
#785 = DIRECTION('',(1.,0.));
#786 = ( GEOMETRIC_REPRESENTATION_CONTEXT(2) 
PARAMETRIC_REPRESENTATION_CONTEXT() REPRESENTATION_CONTEXT('2D SPACE',''
  ) );
#787 = PCURVE('',#480,#788);
#788 = DEFINITIONAL_REPRESENTATION('',(#789),#793);
#789 = LINE('',#790,#791);
#790 = CARTESIAN_POINT('',(1.570796326795,0.));
#791 = VECTOR('',#792,1.);
#792 = DIRECTION('',(0.,1.));
#793 = ( GEOMETRIC_REPRESENTATION_CONTEXT(2) 
PARAMETRIC_REPRESENTATION_CONTEXT() REPRESENTATION_CONTEXT('2D SPACE',''
  ) );
#794 = ORIENTED_EDGE('',*,*,#795,.T.);
#795 = EDGE_CURVE('',#773,#796,#798,.T.);
#796 = VERTEX_POINT('',#797);
#797 = CARTESIAN_POINT('',(78.,58.,0.));
#798 = SURFACE_CURVE('',#799,(#803,#810),.PCURVE_S1.);
#799 = LINE('',#800,#801);
#800 = CARTESIAN_POINT('',(78.,0.,-4.440892098501E-16));
#801 = VECTOR('',#802,1.);
#802 = DIRECTION('',(-0.,1.,0.));
#803 = PCURVE('',#267,#804);
#804 = DEFINITIONAL_REPRESENTATION('',(#805),#809);
#805 = LINE('',#806,#807);
#806 = CARTESIAN_POINT('',(78.,0.));
#807 = VECTOR('',#808,1.);
#808 = DIRECTION('',(0.,1.));
#809 = ( GEOMETRIC_REPRESENTATION_CONTEXT(2) 
PARAMETRIC_REPRESENTATION_CONTEXT() REPRESENTATION_CONTEXT('2D SPACE',''
  ) );
#810 = PCURVE('',#811,#816);
#811 = CYLINDRICAL_SURFACE('',#812,2.);
#812 = AXIS2_PLACEMENT_3D('',#813,#814,#815);
#813 = CARTESIAN_POINT('',(78.,0.,2.));
#814 = DIRECTION('',(-0.,1.,0.));
#815 = DIRECTION('',(-0.,0.,-1.));
#816 = DEFINITIONAL_REPRESENTATION('',(#817),#821);
#817 = LINE('',#818,#819);
#818 = CARTESIAN_POINT('',(-0.,0.));
#819 = VECTOR('',#820,1.);
#820 = DIRECTION('',(-0.,1.));
#821 = ( GEOMETRIC_REPRESENTATION_CONTEXT(2) 
PARAMETRIC_REPRESENTATION_CONTEXT() REPRESENTATION_CONTEXT('2D SPACE',''
  ) );
#822 = ORIENTED_EDGE('',*,*,#823,.F.);
#823 = EDGE_CURVE('',#252,#796,#824,.T.);
#824 = SURFACE_CURVE('',#825,(#829,#836),.PCURVE_S1.);
#825 = LINE('',#826,#827);
#826 = CARTESIAN_POINT('',(0.,58.,-4.440892098501E-16));
#827 = VECTOR('',#828,1.);
#828 = DIRECTION('',(1.,0.,-0.));
#829 = PCURVE('',#267,#830);
#830 = DEFINITIONAL_REPRESENTATION('',(#831),#835);
#831 = LINE('',#832,#833);
#832 = CARTESIAN_POINT('',(0.,58.));
#833 = VECTOR('',#834,1.);
#834 = DIRECTION('',(1.,0.));
#835 = ( GEOMETRIC_REPRESENTATION_CONTEXT(2) 
PARAMETRIC_REPRESENTATION_CONTEXT() REPRESENTATION_CONTEXT('2D SPACE',''
  ) );
#836 = PCURVE('',#837,#842);
#837 = CYLINDRICAL_SURFACE('',#838,2.);
#838 = AXIS2_PLACEMENT_3D('',#839,#840,#841);
#839 = CARTESIAN_POINT('',(0.,58.,2.));
#840 = DIRECTION('',(1.,0.,-0.));
#841 = DIRECTION('',(0.,1.,0.));
#842 = DEFINITIONAL_REPRESENTATION('',(#843),#847);
#843 = LINE('',#844,#845);
#844 = CARTESIAN_POINT('',(-1.570796326795,0.));
#845 = VECTOR('',#846,1.);
#846 = DIRECTION('',(-0.,1.));
#847 = ( GEOMETRIC_REPRESENTATION_CONTEXT(2) 
PARAMETRIC_REPRESENTATION_CONTEXT() REPRESENTATION_CONTEXT('2D SPACE',''
  ) );
#848 = ADVANCED_FACE('',(#849),#293,.T.);
#849 = FACE_BOUND('',#850,.F.);
#850 = EDGE_LOOP('',(#851,#852,#872));
#851 = ORIENTED_EDGE('',*,*,#279,.F.);
#852 = ORIENTED_EDGE('',*,*,#853,.T.);
#853 = EDGE_CURVE('',#252,#391,#854,.T.);
#854 = SURFACE_CURVE('',#855,(#860,#866),.PCURVE_S1.);
#855 = CIRCLE('',#856,2.);
#856 = AXIS2_PLACEMENT_3D('',#857,#858,#859);
#857 = CARTESIAN_POINT('',(2.,58.,2.));
#858 = DIRECTION('',(1.,6.123233995737E-17,-0.));
#859 = DIRECTION('',(-6.123233995737E-17,1.,0.));
#860 = PCURVE('',#293,#861);
#861 = DEFINITIONAL_REPRESENTATION('',(#862),#865);
#862 = B_SPLINE_CURVE_WITH_KNOTS('',1,(#863,#864),.UNSPECIFIED.,.F.,.F.,
  (2,2),(4.712388980385,6.28318530718),.PIECEWISE_BEZIER_KNOTS.);
#863 = CARTESIAN_POINT('',(-1.570796326795,-1.570796326795));
#864 = CARTESIAN_POINT('',(-1.570796326795,0.));
#865 = ( GEOMETRIC_REPRESENTATION_CONTEXT(2) 
PARAMETRIC_REPRESENTATION_CONTEXT() REPRESENTATION_CONTEXT('2D SPACE',''
  ) );
#866 = PCURVE('',#837,#867);
#867 = DEFINITIONAL_REPRESENTATION('',(#868),#871);
#868 = B_SPLINE_CURVE_WITH_KNOTS('',1,(#869,#870),.UNSPECIFIED.,.F.,.F.,
  (2,2),(4.712388980385,6.28318530718),.PIECEWISE_BEZIER_KNOTS.);
#869 = CARTESIAN_POINT('',(-1.570796326795,2.));
#870 = CARTESIAN_POINT('',(0.,2.));
#871 = ( GEOMETRIC_REPRESENTATION_CONTEXT(2) 
PARAMETRIC_REPRESENTATION_CONTEXT() REPRESENTATION_CONTEXT('2D SPACE',''
  ) );
#872 = ORIENTED_EDGE('',*,*,#390,.F.);
#873 = ADVANCED_FACE('',(#874),#346,.T.);
#874 = FACE_BOUND('',#875,.T.);
#875 = EDGE_LOOP('',(#876,#877,#900,#928));
#876 = ORIENTED_EDGE('',*,*,#330,.F.);
#877 = ORIENTED_EDGE('',*,*,#878,.T.);
#878 = EDGE_CURVE('',#309,#879,#881,.T.);
#879 = VERTEX_POINT('',#880);
#880 = CARTESIAN_POINT('',(28.,2.,30.));
#881 = SURFACE_CURVE('',#882,(#886,#893),.PCURVE_S1.);
#882 = LINE('',#883,#884);
#883 = CARTESIAN_POINT('',(0.,2.,30.));
#884 = VECTOR('',#885,1.);
#885 = DIRECTION('',(1.,0.,-0.));
#886 = PCURVE('',#346,#887);
#887 = DEFINITIONAL_REPRESENTATION('',(#888),#892);
#888 = LINE('',#889,#890);
#889 = CARTESIAN_POINT('',(0.,2.));
#890 = VECTOR('',#891,1.);
#891 = DIRECTION('',(1.,0.));
#892 = ( GEOMETRIC_REPRESENTATION_CONTEXT(2) 
PARAMETRIC_REPRESENTATION_CONTEXT() REPRESENTATION_CONTEXT('2D SPACE',''
  ) );
#893 = PCURVE('',#510,#894);
#894 = DEFINITIONAL_REPRESENTATION('',(#895),#899);
#895 = LINE('',#896,#897);
#896 = CARTESIAN_POINT('',(-1.570796326795,0.));
#897 = VECTOR('',#898,1.);
#898 = DIRECTION('',(-0.,1.));
#899 = ( GEOMETRIC_REPRESENTATION_CONTEXT(2) 
PARAMETRIC_REPRESENTATION_CONTEXT() REPRESENTATION_CONTEXT('2D SPACE',''
  ) );
#900 = ORIENTED_EDGE('',*,*,#901,.T.);
#901 = EDGE_CURVE('',#879,#902,#904,.T.);
#902 = VERTEX_POINT('',#903);
#903 = CARTESIAN_POINT('',(28.,58.,30.));
#904 = SURFACE_CURVE('',#905,(#909,#916),.PCURVE_S1.);
#905 = LINE('',#906,#907);
#906 = CARTESIAN_POINT('',(28.,0.,30.));
#907 = VECTOR('',#908,1.);
#908 = DIRECTION('',(-0.,1.,0.));
#909 = PCURVE('',#346,#910);
#910 = DEFINITIONAL_REPRESENTATION('',(#911),#915);
#911 = LINE('',#912,#913);
#912 = CARTESIAN_POINT('',(28.,0.));
#913 = VECTOR('',#914,1.);
#914 = DIRECTION('',(0.,1.));
#915 = ( GEOMETRIC_REPRESENTATION_CONTEXT(2) 
PARAMETRIC_REPRESENTATION_CONTEXT() REPRESENTATION_CONTEXT('2D SPACE',''
  ) );
#916 = PCURVE('',#917,#922);
#917 = CYLINDRICAL_SURFACE('',#918,2.);
#918 = AXIS2_PLACEMENT_3D('',#919,#920,#921);
#919 = CARTESIAN_POINT('',(28.,0.,28.));
#920 = DIRECTION('',(-0.,1.,0.));
#921 = DIRECTION('',(0.,0.,1.));
#922 = DEFINITIONAL_REPRESENTATION('',(#923),#927);
#923 = LINE('',#924,#925);
#924 = CARTESIAN_POINT('',(0.,0.));
#925 = VECTOR('',#926,1.);
#926 = DIRECTION('',(0.,1.));
#927 = ( GEOMETRIC_REPRESENTATION_CONTEXT(2) 
PARAMETRIC_REPRESENTATION_CONTEXT() REPRESENTATION_CONTEXT('2D SPACE',''
  ) );
#928 = ORIENTED_EDGE('',*,*,#929,.F.);
#929 = EDGE_CURVE('',#331,#902,#930,.T.);
#930 = SURFACE_CURVE('',#931,(#935,#942),.PCURVE_S1.);
#931 = LINE('',#932,#933);
#932 = CARTESIAN_POINT('',(0.,58.,30.));
#933 = VECTOR('',#934,1.);
#934 = DIRECTION('',(1.,0.,-0.));
#935 = PCURVE('',#346,#936);
#936 = DEFINITIONAL_REPRESENTATION('',(#937),#941);
#937 = LINE('',#938,#939);
#938 = CARTESIAN_POINT('',(0.,58.));
#939 = VECTOR('',#940,1.);
#940 = DIRECTION('',(1.,0.));
#941 = ( GEOMETRIC_REPRESENTATION_CONTEXT(2) 
PARAMETRIC_REPRESENTATION_CONTEXT() REPRESENTATION_CONTEXT('2D SPACE',''
  ) );
#942 = PCURVE('',#943,#948);
#943 = CYLINDRICAL_SURFACE('',#944,2.);
#944 = AXIS2_PLACEMENT_3D('',#945,#946,#947);
#945 = CARTESIAN_POINT('',(0.,58.,28.));
#946 = DIRECTION('',(1.,0.,-0.));
#947 = DIRECTION('',(0.,0.,1.));
#948 = DEFINITIONAL_REPRESENTATION('',(#949),#953);
#949 = LINE('',#950,#951);
#950 = CARTESIAN_POINT('',(-0.,0.));
#951 = VECTOR('',#952,1.);
#952 = DIRECTION('',(-0.,1.));
#953 = ( GEOMETRIC_REPRESENTATION_CONTEXT(2) 
PARAMETRIC_REPRESENTATION_CONTEXT() REPRESENTATION_CONTEXT('2D SPACE',''
  ) );
#954 = ADVANCED_FACE('',(#955),#373,.T.);
#955 = FACE_BOUND('',#956,.F.);
#956 = EDGE_LOOP('',(#957,#958,#978));
#957 = ORIENTED_EDGE('',*,*,#442,.F.);
#958 = ORIENTED_EDGE('',*,*,#959,.T.);
#959 = EDGE_CURVE('',#415,#331,#960,.T.);
#960 = SURFACE_CURVE('',#961,(#966,#972),.PCURVE_S1.);
#961 = CIRCLE('',#962,2.);
#962 = AXIS2_PLACEMENT_3D('',#963,#964,#965);
#963 = CARTESIAN_POINT('',(2.,58.,28.));
#964 = DIRECTION('',(1.,0.,6.123233995737E-17));
#965 = DIRECTION('',(-6.123233995737E-17,-0.,1.));
#966 = PCURVE('',#373,#967);
#967 = DEFINITIONAL_REPRESENTATION('',(#968),#971);
#968 = B_SPLINE_CURVE_WITH_KNOTS('',1,(#969,#970),.UNSPECIFIED.,.F.,.F.,
  (2,2),(4.712388980385,6.28318530718),.PIECEWISE_BEZIER_KNOTS.);
#969 = CARTESIAN_POINT('',(-1.570796326795,-1.570796326795));
#970 = CARTESIAN_POINT('',(-1.570796326795,0.));
#971 = ( GEOMETRIC_REPRESENTATION_CONTEXT(2) 
PARAMETRIC_REPRESENTATION_CONTEXT() REPRESENTATION_CONTEXT('2D SPACE',''
  ) );
#972 = PCURVE('',#943,#973);
#973 = DEFINITIONAL_REPRESENTATION('',(#974),#977);
#974 = B_SPLINE_CURVE_WITH_KNOTS('',1,(#975,#976),.UNSPECIFIED.,.F.,.F.,
  (2,2),(4.712388980385,6.28318530718),.PIECEWISE_BEZIER_KNOTS.);
#975 = CARTESIAN_POINT('',(-1.570796326795,2.));
#976 = CARTESIAN_POINT('',(0.,2.));
#977 = ( GEOMETRIC_REPRESENTATION_CONTEXT(2) 
PARAMETRIC_REPRESENTATION_CONTEXT() REPRESENTATION_CONTEXT('2D SPACE',''
  ) );
#978 = ORIENTED_EDGE('',*,*,#358,.F.);
#979 = ADVANCED_FACE('',(#980),#430,.T.);
#980 = FACE_BOUND('',#981,.T.);
#981 = EDGE_LOOP('',(#982,#983,#1006,#1034,#1063,#1091,#1120,#1148,#1176
    ,#1204));
#982 = ORIENTED_EDGE('',*,*,#414,.T.);
#983 = ORIENTED_EDGE('',*,*,#984,.T.);
#984 = EDGE_CURVE('',#415,#985,#987,.T.);
#985 = VERTEX_POINT('',#986);
#986 = CARTESIAN_POINT('',(28.,60.,28.));
#987 = SURFACE_CURVE('',#988,(#992,#999),.PCURVE_S1.);
#988 = LINE('',#989,#990);
#989 = CARTESIAN_POINT('',(0.,60.,28.));
#990 = VECTOR('',#991,1.);
#991 = DIRECTION('',(1.,0.,-0.));
#992 = PCURVE('',#430,#993);
#993 = DEFINITIONAL_REPRESENTATION('',(#994),#998);
#994 = LINE('',#995,#996);
#995 = CARTESIAN_POINT('',(28.,0.));
#996 = VECTOR('',#997,1.);
#997 = DIRECTION('',(0.,1.));
#998 = ( GEOMETRIC_REPRESENTATION_CONTEXT(2) 
PARAMETRIC_REPRESENTATION_CONTEXT() REPRESENTATION_CONTEXT('2D SPACE',''
  ) );
#999 = PCURVE('',#943,#1000);
#1000 = DEFINITIONAL_REPRESENTATION('',(#1001),#1005);
#1001 = LINE('',#1002,#1003);
#1002 = CARTESIAN_POINT('',(-1.570796326795,0.));
#1003 = VECTOR('',#1004,1.);
#1004 = DIRECTION('',(-0.,1.));
#1005 = ( GEOMETRIC_REPRESENTATION_CONTEXT(2) 
PARAMETRIC_REPRESENTATION_CONTEXT() REPRESENTATION_CONTEXT('2D SPACE',''
  ) );
#1006 = ORIENTED_EDGE('',*,*,#1007,.T.);
#1007 = EDGE_CURVE('',#985,#1008,#1010,.T.);
#1008 = VERTEX_POINT('',#1009);
#1009 = CARTESIAN_POINT('',(28.,60.,20.));
#1010 = SURFACE_CURVE('',#1011,(#1015,#1022),.PCURVE_S1.);
#1011 = LINE('',#1012,#1013);
#1012 = CARTESIAN_POINT('',(28.,60.,30.));
#1013 = VECTOR('',#1014,1.);
#1014 = DIRECTION('',(-0.,0.,-1.));
#1015 = PCURVE('',#430,#1016);
#1016 = DEFINITIONAL_REPRESENTATION('',(#1017),#1021);
#1017 = LINE('',#1018,#1019);
#1018 = CARTESIAN_POINT('',(30.,28.));
#1019 = VECTOR('',#1020,1.);
#1020 = DIRECTION('',(-1.,0.));
#1021 = ( GEOMETRIC_REPRESENTATION_CONTEXT(2) 
PARAMETRIC_REPRESENTATION_CONTEXT() REPRESENTATION_CONTEXT('2D SPACE',''
  ) );
#1022 = PCURVE('',#1023,#1028);
#1023 = CYLINDRICAL_SURFACE('',#1024,2.);
#1024 = AXIS2_PLACEMENT_3D('',#1025,#1026,#1027);
#1025 = CARTESIAN_POINT('',(28.,58.,30.));
#1026 = DIRECTION('',(-0.,0.,-1.));
#1027 = DIRECTION('',(0.,1.,0.));
#1028 = DEFINITIONAL_REPRESENTATION('',(#1029),#1033);
#1029 = LINE('',#1030,#1031);
#1030 = CARTESIAN_POINT('',(0.,0.));
#1031 = VECTOR('',#1032,1.);
#1032 = DIRECTION('',(0.,1.));
#1033 = ( GEOMETRIC_REPRESENTATION_CONTEXT(2) 
PARAMETRIC_REPRESENTATION_CONTEXT() REPRESENTATION_CONTEXT('2D SPACE',''
  ) );
#1034 = ORIENTED_EDGE('',*,*,#1035,.F.);
#1035 = EDGE_CURVE('',#1036,#1008,#1038,.T.);
#1036 = VERTEX_POINT('',#1037);
#1037 = CARTESIAN_POINT('',(32.,60.,16.));
#1038 = SURFACE_CURVE('',#1039,(#1044,#1051),.PCURVE_S1.);
#1039 = CIRCLE('',#1040,4.);
#1040 = AXIS2_PLACEMENT_3D('',#1041,#1042,#1043);
#1041 = CARTESIAN_POINT('',(32.,60.,20.));
#1042 = DIRECTION('',(0.,1.,0.));
#1043 = DIRECTION('',(0.,0.,-1.));
#1044 = PCURVE('',#430,#1045);
#1045 = DEFINITIONAL_REPRESENTATION('',(#1046),#1050);
#1046 = CIRCLE('',#1047,4.);
#1047 = AXIS2_PLACEMENT_2D('',#1048,#1049);
#1048 = CARTESIAN_POINT('',(20.,32.));
#1049 = DIRECTION('',(-1.,0.));
#1050 = ( GEOMETRIC_REPRESENTATION_CONTEXT(2) 
PARAMETRIC_REPRESENTATION_CONTEXT() REPRESENTATION_CONTEXT('2D SPACE',''
  ) );
#1051 = PCURVE('',#1052,#1057);
#1052 = TOROIDAL_SURFACE('',#1053,4.,2.);
#1053 = AXIS2_PLACEMENT_3D('',#1054,#1055,#1056);
#1054 = CARTESIAN_POINT('',(32.,58.,20.));
#1055 = DIRECTION('',(-0.,1.,0.));
#1056 = DIRECTION('',(0.,0.,-1.));
#1057 = DEFINITIONAL_REPRESENTATION('',(#1058),#1062);
#1058 = LINE('',#1059,#1060);
#1059 = CARTESIAN_POINT('',(0.,1.570796326795));
#1060 = VECTOR('',#1061,1.);
#1061 = DIRECTION('',(1.,0.));
#1062 = ( GEOMETRIC_REPRESENTATION_CONTEXT(2) 
PARAMETRIC_REPRESENTATION_CONTEXT() REPRESENTATION_CONTEXT('2D SPACE',''
  ) );
#1063 = ORIENTED_EDGE('',*,*,#1064,.T.);
#1064 = EDGE_CURVE('',#1036,#1065,#1067,.T.);
#1065 = VERTEX_POINT('',#1066);
#1066 = CARTESIAN_POINT('',(43.,60.,16.));
#1067 = SURFACE_CURVE('',#1068,(#1072,#1079),.PCURVE_S1.);
#1068 = LINE('',#1069,#1070);
#1069 = CARTESIAN_POINT('',(30.,60.,16.));
#1070 = VECTOR('',#1071,1.);
#1071 = DIRECTION('',(1.,0.,-0.));
#1072 = PCURVE('',#430,#1073);
#1073 = DEFINITIONAL_REPRESENTATION('',(#1074),#1078);
#1074 = LINE('',#1075,#1076);
#1075 = CARTESIAN_POINT('',(16.,30.));
#1076 = VECTOR('',#1077,1.);
#1077 = DIRECTION('',(0.,1.));
#1078 = ( GEOMETRIC_REPRESENTATION_CONTEXT(2) 
PARAMETRIC_REPRESENTATION_CONTEXT() REPRESENTATION_CONTEXT('2D SPACE',''
  ) );
#1079 = PCURVE('',#1080,#1085);
#1080 = CYLINDRICAL_SURFACE('',#1081,2.);
#1081 = AXIS2_PLACEMENT_3D('',#1082,#1083,#1084);
#1082 = CARTESIAN_POINT('',(30.,58.,16.));
#1083 = DIRECTION('',(1.,0.,-0.));
#1084 = DIRECTION('',(0.,1.,0.));
#1085 = DEFINITIONAL_REPRESENTATION('',(#1086),#1090);
#1086 = LINE('',#1087,#1088);
#1087 = CARTESIAN_POINT('',(0.,0.));
#1088 = VECTOR('',#1089,1.);
#1089 = DIRECTION('',(0.,1.));
#1090 = ( GEOMETRIC_REPRESENTATION_CONTEXT(2) 
PARAMETRIC_REPRESENTATION_CONTEXT() REPRESENTATION_CONTEXT('2D SPACE',''
  ) );
#1091 = ORIENTED_EDGE('',*,*,#1092,.F.);
#1092 = EDGE_CURVE('',#1093,#1065,#1095,.T.);
#1093 = VERTEX_POINT('',#1094);
#1094 = CARTESIAN_POINT('',(47.,60.,20.));
#1095 = SURFACE_CURVE('',#1096,(#1101,#1108),.PCURVE_S1.);
#1096 = CIRCLE('',#1097,4.);
#1097 = AXIS2_PLACEMENT_3D('',#1098,#1099,#1100);
#1098 = CARTESIAN_POINT('',(43.,60.,20.));
#1099 = DIRECTION('',(-0.,1.,0.));
#1100 = DIRECTION('',(1.,0.,0.));
#1101 = PCURVE('',#430,#1102);
#1102 = DEFINITIONAL_REPRESENTATION('',(#1103),#1107);
#1103 = CIRCLE('',#1104,4.);
#1104 = AXIS2_PLACEMENT_2D('',#1105,#1106);
#1105 = CARTESIAN_POINT('',(20.,43.));
#1106 = DIRECTION('',(0.,1.));
#1107 = ( GEOMETRIC_REPRESENTATION_CONTEXT(2) 
PARAMETRIC_REPRESENTATION_CONTEXT() REPRESENTATION_CONTEXT('2D SPACE',''
  ) );
#1108 = PCURVE('',#1109,#1114);
#1109 = TOROIDAL_SURFACE('',#1110,4.,2.);
#1110 = AXIS2_PLACEMENT_3D('',#1111,#1112,#1113);
#1111 = CARTESIAN_POINT('',(43.,58.,20.));
#1112 = DIRECTION('',(-0.,1.,0.));
#1113 = DIRECTION('',(1.,0.,0.));
#1114 = DEFINITIONAL_REPRESENTATION('',(#1115),#1119);
#1115 = LINE('',#1116,#1117);
#1116 = CARTESIAN_POINT('',(0.,1.570796326795));
#1117 = VECTOR('',#1118,1.);
#1118 = DIRECTION('',(1.,0.));
#1119 = ( GEOMETRIC_REPRESENTATION_CONTEXT(2) 
PARAMETRIC_REPRESENTATION_CONTEXT() REPRESENTATION_CONTEXT('2D SPACE',''
  ) );
#1120 = ORIENTED_EDGE('',*,*,#1121,.F.);
#1121 = EDGE_CURVE('',#1122,#1093,#1124,.T.);
#1122 = VERTEX_POINT('',#1123);
#1123 = CARTESIAN_POINT('',(47.,60.,28.));
#1124 = SURFACE_CURVE('',#1125,(#1129,#1136),.PCURVE_S1.);
#1125 = LINE('',#1126,#1127);
#1126 = CARTESIAN_POINT('',(47.,60.,30.));
#1127 = VECTOR('',#1128,1.);
#1128 = DIRECTION('',(-0.,0.,-1.));
#1129 = PCURVE('',#430,#1130);
#1130 = DEFINITIONAL_REPRESENTATION('',(#1131),#1135);
#1131 = LINE('',#1132,#1133);
#1132 = CARTESIAN_POINT('',(30.,47.));
#1133 = VECTOR('',#1134,1.);
#1134 = DIRECTION('',(-1.,0.));
#1135 = ( GEOMETRIC_REPRESENTATION_CONTEXT(2) 
PARAMETRIC_REPRESENTATION_CONTEXT() REPRESENTATION_CONTEXT('2D SPACE',''
  ) );
#1136 = PCURVE('',#1137,#1142);
#1137 = CYLINDRICAL_SURFACE('',#1138,2.);
#1138 = AXIS2_PLACEMENT_3D('',#1139,#1140,#1141);
#1139 = CARTESIAN_POINT('',(47.,58.,30.));
#1140 = DIRECTION('',(-0.,0.,-1.));
#1141 = DIRECTION('',(0.,1.,0.));
#1142 = DEFINITIONAL_REPRESENTATION('',(#1143),#1147);
#1143 = LINE('',#1144,#1145);
#1144 = CARTESIAN_POINT('',(-0.,0.));
#1145 = VECTOR('',#1146,1.);
#1146 = DIRECTION('',(-0.,1.));
#1147 = ( GEOMETRIC_REPRESENTATION_CONTEXT(2) 
PARAMETRIC_REPRESENTATION_CONTEXT() REPRESENTATION_CONTEXT('2D SPACE',''
  ) );
#1148 = ORIENTED_EDGE('',*,*,#1149,.T.);
#1149 = EDGE_CURVE('',#1122,#1150,#1152,.T.);
#1150 = VERTEX_POINT('',#1151);
#1151 = CARTESIAN_POINT('',(78.,60.,28.));
#1152 = SURFACE_CURVE('',#1153,(#1157,#1164),.PCURVE_S1.);
#1153 = LINE('',#1154,#1155);
#1154 = CARTESIAN_POINT('',(45.,60.,28.));
#1155 = VECTOR('',#1156,1.);
#1156 = DIRECTION('',(1.,0.,-0.));
#1157 = PCURVE('',#430,#1158);
#1158 = DEFINITIONAL_REPRESENTATION('',(#1159),#1163);
#1159 = LINE('',#1160,#1161);
#1160 = CARTESIAN_POINT('',(28.,45.));
#1161 = VECTOR('',#1162,1.);
#1162 = DIRECTION('',(0.,1.));
#1163 = ( GEOMETRIC_REPRESENTATION_CONTEXT(2) 
PARAMETRIC_REPRESENTATION_CONTEXT() REPRESENTATION_CONTEXT('2D SPACE',''
  ) );
#1164 = PCURVE('',#1165,#1170);
#1165 = CYLINDRICAL_SURFACE('',#1166,2.);
#1166 = AXIS2_PLACEMENT_3D('',#1167,#1168,#1169);
#1167 = CARTESIAN_POINT('',(45.,58.,28.));
#1168 = DIRECTION('',(1.,0.,-0.));
#1169 = DIRECTION('',(0.,1.,0.));
#1170 = DEFINITIONAL_REPRESENTATION('',(#1171),#1175);
#1171 = LINE('',#1172,#1173);
#1172 = CARTESIAN_POINT('',(0.,0.));
#1173 = VECTOR('',#1174,1.);
#1174 = DIRECTION('',(0.,1.));
#1175 = ( GEOMETRIC_REPRESENTATION_CONTEXT(2) 
PARAMETRIC_REPRESENTATION_CONTEXT() REPRESENTATION_CONTEXT('2D SPACE',''
  ) );
#1176 = ORIENTED_EDGE('',*,*,#1177,.F.);
#1177 = EDGE_CURVE('',#1178,#1150,#1180,.T.);
#1178 = VERTEX_POINT('',#1179);
#1179 = CARTESIAN_POINT('',(78.,60.,2.));
#1180 = SURFACE_CURVE('',#1181,(#1185,#1192),.PCURVE_S1.);
#1181 = LINE('',#1182,#1183);
#1182 = CARTESIAN_POINT('',(78.,60.,0.));
#1183 = VECTOR('',#1184,1.);
#1184 = DIRECTION('',(0.,0.,1.));
#1185 = PCURVE('',#430,#1186);
#1186 = DEFINITIONAL_REPRESENTATION('',(#1187),#1191);
#1187 = LINE('',#1188,#1189);
#1188 = CARTESIAN_POINT('',(0.,78.));
#1189 = VECTOR('',#1190,1.);
#1190 = DIRECTION('',(1.,0.));
#1191 = ( GEOMETRIC_REPRESENTATION_CONTEXT(2) 
PARAMETRIC_REPRESENTATION_CONTEXT() REPRESENTATION_CONTEXT('2D SPACE',''
  ) );
#1192 = PCURVE('',#1193,#1198);
#1193 = CYLINDRICAL_SURFACE('',#1194,2.);
#1194 = AXIS2_PLACEMENT_3D('',#1195,#1196,#1197);
#1195 = CARTESIAN_POINT('',(78.,58.,0.));
#1196 = DIRECTION('',(0.,0.,1.));
#1197 = DIRECTION('',(-0.,1.,0.));
#1198 = DEFINITIONAL_REPRESENTATION('',(#1199),#1203);
#1199 = LINE('',#1200,#1201);
#1200 = CARTESIAN_POINT('',(-0.,0.));
#1201 = VECTOR('',#1202,1.);
#1202 = DIRECTION('',(-0.,1.));
#1203 = ( GEOMETRIC_REPRESENTATION_CONTEXT(2) 
PARAMETRIC_REPRESENTATION_CONTEXT() REPRESENTATION_CONTEXT('2D SPACE',''
  ) );
#1204 = ORIENTED_EDGE('',*,*,#1205,.F.);
#1205 = EDGE_CURVE('',#391,#1178,#1206,.T.);
#1206 = SURFACE_CURVE('',#1207,(#1211,#1218),.PCURVE_S1.);
#1207 = LINE('',#1208,#1209);
#1208 = CARTESIAN_POINT('',(0.,60.,2.));
#1209 = VECTOR('',#1210,1.);
#1210 = DIRECTION('',(1.,0.,-0.));
#1211 = PCURVE('',#430,#1212);
#1212 = DEFINITIONAL_REPRESENTATION('',(#1213),#1217);
#1213 = LINE('',#1214,#1215);
#1214 = CARTESIAN_POINT('',(2.,0.));
#1215 = VECTOR('',#1216,1.);
#1216 = DIRECTION('',(0.,1.));
#1217 = ( GEOMETRIC_REPRESENTATION_CONTEXT(2) 
PARAMETRIC_REPRESENTATION_CONTEXT() REPRESENTATION_CONTEXT('2D SPACE',''
  ) );
#1218 = PCURVE('',#837,#1219);
#1219 = DEFINITIONAL_REPRESENTATION('',(#1220),#1224);
#1220 = LINE('',#1221,#1222);
#1221 = CARTESIAN_POINT('',(-0.,0.));
#1222 = VECTOR('',#1223,1.);
#1223 = DIRECTION('',(-0.,1.));
#1224 = ( GEOMETRIC_REPRESENTATION_CONTEXT(2) 
PARAMETRIC_REPRESENTATION_CONTEXT() REPRESENTATION_CONTEXT('2D SPACE',''
  ) );
#1225 = ADVANCED_FACE('',(#1226),#480,.T.);
#1226 = FACE_BOUND('',#1227,.T.);
#1227 = EDGE_LOOP('',(#1228,#1229,#1230,#1255));
#1228 = ORIENTED_EDGE('',*,*,#466,.F.);
#1229 = ORIENTED_EDGE('',*,*,#772,.T.);
#1230 = ORIENTED_EDGE('',*,*,#1231,.T.);
#1231 = EDGE_CURVE('',#773,#720,#1232,.T.);
#1232 = SURFACE_CURVE('',#1233,(#1238,#1244),.PCURVE_S1.);
#1233 = CIRCLE('',#1234,2.);
#1234 = AXIS2_PLACEMENT_3D('',#1235,#1236,#1237);
#1235 = CARTESIAN_POINT('',(78.,2.,2.));
#1236 = DIRECTION('',(-1.,0.,0.));
#1237 = DIRECTION('',(0.,-1.,0.));
#1238 = PCURVE('',#480,#1239);
#1239 = DEFINITIONAL_REPRESENTATION('',(#1240),#1243);
#1240 = B_SPLINE_CURVE_WITH_KNOTS('',1,(#1241,#1242),.UNSPECIFIED.,.F.,
  .F.,(2,2),(4.712388980385,6.28318530718),.PIECEWISE_BEZIER_KNOTS.);
#1241 = CARTESIAN_POINT('',(1.570796326795,78.));
#1242 = CARTESIAN_POINT('',(0.,78.));
#1243 = ( GEOMETRIC_REPRESENTATION_CONTEXT(2) 
PARAMETRIC_REPRESENTATION_CONTEXT() REPRESENTATION_CONTEXT('2D SPACE',''
  ) );
#1244 = PCURVE('',#1245,#1250);
#1245 = SPHERICAL_SURFACE('',#1246,2.);
#1246 = AXIS2_PLACEMENT_3D('',#1247,#1248,#1249);
#1247 = CARTESIAN_POINT('',(78.,2.,2.));
#1248 = DIRECTION('',(0.,0.,1.));
#1249 = DIRECTION('',(0.,-1.,0.));
#1250 = DEFINITIONAL_REPRESENTATION('',(#1251),#1254);
#1251 = B_SPLINE_CURVE_WITH_KNOTS('',1,(#1252,#1253),.UNSPECIFIED.,.F.,
  .F.,(2,2),(4.712388980385,6.28318530718),.PIECEWISE_BEZIER_KNOTS.);
#1252 = CARTESIAN_POINT('',(0.,-1.570796326795));
#1253 = CARTESIAN_POINT('',(0.,0.));
#1254 = ( GEOMETRIC_REPRESENTATION_CONTEXT(2) 
PARAMETRIC_REPRESENTATION_CONTEXT() REPRESENTATION_CONTEXT('2D SPACE',''
  ) );
#1255 = ORIENTED_EDGE('',*,*,#747,.F.);
#1256 = ADVANCED_FACE('',(#1257),#510,.T.);
#1257 = FACE_BOUND('',#1258,.F.);
#1258 = EDGE_LOOP('',(#1259,#1260,#1261,#1286));
#1259 = ORIENTED_EDGE('',*,*,#496,.F.);
#1260 = ORIENTED_EDGE('',*,*,#878,.T.);
#1261 = ORIENTED_EDGE('',*,*,#1262,.T.);
#1262 = EDGE_CURVE('',#879,#527,#1263,.T.);
#1263 = SURFACE_CURVE('',#1264,(#1269,#1275),.PCURVE_S1.);
#1264 = CIRCLE('',#1265,2.);
#1265 = AXIS2_PLACEMENT_3D('',#1266,#1267,#1268);
#1266 = CARTESIAN_POINT('',(28.,2.,28.));
#1267 = DIRECTION('',(1.,0.,0.));
#1268 = DIRECTION('',(0.,-1.,0.));
#1269 = PCURVE('',#510,#1270);
#1270 = DEFINITIONAL_REPRESENTATION('',(#1271),#1274);
#1271 = B_SPLINE_CURVE_WITH_KNOTS('',1,(#1272,#1273),.UNSPECIFIED.,.F.,
  .F.,(2,2),(4.712388980385,6.28318530718),.PIECEWISE_BEZIER_KNOTS.);
#1272 = CARTESIAN_POINT('',(-1.570796326795,28.));
#1273 = CARTESIAN_POINT('',(0.,28.));
#1274 = ( GEOMETRIC_REPRESENTATION_CONTEXT(2) 
PARAMETRIC_REPRESENTATION_CONTEXT() REPRESENTATION_CONTEXT('2D SPACE',''
  ) );
#1275 = PCURVE('',#1276,#1281);
#1276 = SPHERICAL_SURFACE('',#1277,2.);
#1277 = AXIS2_PLACEMENT_3D('',#1278,#1279,#1280);
#1278 = CARTESIAN_POINT('',(28.,2.,28.));
#1279 = DIRECTION('',(-0.,-0.,-1.));
#1280 = DIRECTION('',(0.,-1.,0.));
#1281 = DEFINITIONAL_REPRESENTATION('',(#1282),#1285);
#1282 = B_SPLINE_CURVE_WITH_KNOTS('',1,(#1283,#1284),.UNSPECIFIED.,.F.,
  .F.,(2,2),(4.712388980385,6.28318530718),.PIECEWISE_BEZIER_KNOTS.);
#1283 = CARTESIAN_POINT('',(0.,-1.570796326795));
#1284 = CARTESIAN_POINT('',(0.,0.));
#1285 = ( GEOMETRIC_REPRESENTATION_CONTEXT(2) 
PARAMETRIC_REPRESENTATION_CONTEXT() REPRESENTATION_CONTEXT('2D SPACE',''
  ) );
#1286 = ORIENTED_EDGE('',*,*,#526,.F.);
#1287 = ADVANCED_FACE('',(#1288),#735,.T.);
#1288 = FACE_BOUND('',#1289,.T.);
#1289 = EDGE_LOOP('',(#1290,#1291,#1315,#1343));
#1290 = ORIENTED_EDGE('',*,*,#719,.F.);
#1291 = ORIENTED_EDGE('',*,*,#1292,.T.);
#1292 = EDGE_CURVE('',#720,#1293,#1295,.T.);
#1293 = VERTEX_POINT('',#1294);
#1294 = CARTESIAN_POINT('',(80.,2.,2.));
#1295 = SURFACE_CURVE('',#1296,(#1301,#1308),.PCURVE_S1.);
#1296 = CIRCLE('',#1297,2.);
#1297 = AXIS2_PLACEMENT_3D('',#1298,#1299,#1300);
#1298 = CARTESIAN_POINT('',(78.,2.,2.));
#1299 = DIRECTION('',(0.,0.,1.));
#1300 = DIRECTION('',(0.,-1.,0.));
#1301 = PCURVE('',#735,#1302);
#1302 = DEFINITIONAL_REPRESENTATION('',(#1303),#1307);
#1303 = LINE('',#1304,#1305);
#1304 = CARTESIAN_POINT('',(0.,2.));
#1305 = VECTOR('',#1306,1.);
#1306 = DIRECTION('',(1.,0.));
#1307 = ( GEOMETRIC_REPRESENTATION_CONTEXT(2) 
PARAMETRIC_REPRESENTATION_CONTEXT() REPRESENTATION_CONTEXT('2D SPACE',''
  ) );
#1308 = PCURVE('',#1245,#1309);
#1309 = DEFINITIONAL_REPRESENTATION('',(#1310),#1314);
#1310 = LINE('',#1311,#1312);
#1311 = CARTESIAN_POINT('',(0.,0.));
#1312 = VECTOR('',#1313,1.);
#1313 = DIRECTION('',(1.,0.));
#1314 = ( GEOMETRIC_REPRESENTATION_CONTEXT(2) 
PARAMETRIC_REPRESENTATION_CONTEXT() REPRESENTATION_CONTEXT('2D SPACE',''
  ) );
#1315 = ORIENTED_EDGE('',*,*,#1316,.T.);
#1316 = EDGE_CURVE('',#1293,#1317,#1319,.T.);
#1317 = VERTEX_POINT('',#1318);
#1318 = CARTESIAN_POINT('',(80.,2.,28.));
#1319 = SURFACE_CURVE('',#1320,(#1324,#1331),.PCURVE_S1.);
#1320 = LINE('',#1321,#1322);
#1321 = CARTESIAN_POINT('',(80.,2.,0.));
#1322 = VECTOR('',#1323,1.);
#1323 = DIRECTION('',(0.,0.,1.));
#1324 = PCURVE('',#735,#1325);
#1325 = DEFINITIONAL_REPRESENTATION('',(#1326),#1330);
#1326 = LINE('',#1327,#1328);
#1327 = CARTESIAN_POINT('',(1.570796326795,0.));
#1328 = VECTOR('',#1329,1.);
#1329 = DIRECTION('',(0.,1.));
#1330 = ( GEOMETRIC_REPRESENTATION_CONTEXT(2) 
PARAMETRIC_REPRESENTATION_CONTEXT() REPRESENTATION_CONTEXT('2D SPACE',''
  ) );
#1331 = PCURVE('',#1332,#1337);
#1332 = PLANE('',#1333);
#1333 = AXIS2_PLACEMENT_3D('',#1334,#1335,#1336);
#1334 = CARTESIAN_POINT('',(80.,0.,0.));
#1335 = DIRECTION('',(1.,0.,-0.));
#1336 = DIRECTION('',(0.,0.,1.));
#1337 = DEFINITIONAL_REPRESENTATION('',(#1338),#1342);
#1338 = LINE('',#1339,#1340);
#1339 = CARTESIAN_POINT('',(0.,-2.));
#1340 = VECTOR('',#1341,1.);
#1341 = DIRECTION('',(1.,0.));
#1342 = ( GEOMETRIC_REPRESENTATION_CONTEXT(2) 
PARAMETRIC_REPRESENTATION_CONTEXT() REPRESENTATION_CONTEXT('2D SPACE',''
  ) );
#1343 = ORIENTED_EDGE('',*,*,#1344,.F.);
#1344 = EDGE_CURVE('',#692,#1317,#1345,.T.);
#1345 = SURFACE_CURVE('',#1346,(#1351,#1358),.PCURVE_S1.);
#1346 = CIRCLE('',#1347,2.);
#1347 = AXIS2_PLACEMENT_3D('',#1348,#1349,#1350);
#1348 = CARTESIAN_POINT('',(78.,2.,28.));
#1349 = DIRECTION('',(0.,0.,1.));
#1350 = DIRECTION('',(0.,-1.,0.));
#1351 = PCURVE('',#735,#1352);
#1352 = DEFINITIONAL_REPRESENTATION('',(#1353),#1357);
#1353 = LINE('',#1354,#1355);
#1354 = CARTESIAN_POINT('',(0.,28.));
#1355 = VECTOR('',#1356,1.);
#1356 = DIRECTION('',(1.,0.));
#1357 = ( GEOMETRIC_REPRESENTATION_CONTEXT(2) 
PARAMETRIC_REPRESENTATION_CONTEXT() REPRESENTATION_CONTEXT('2D SPACE',''
  ) );
#1358 = PCURVE('',#1359,#1364);
#1359 = SPHERICAL_SURFACE('',#1360,2.);
#1360 = AXIS2_PLACEMENT_3D('',#1361,#1362,#1363);
#1361 = CARTESIAN_POINT('',(78.,2.,28.));
#1362 = DIRECTION('',(-0.,-0.,-1.));
#1363 = DIRECTION('',(0.,-1.,0.));
#1364 = DEFINITIONAL_REPRESENTATION('',(#1365),#1369);
#1365 = LINE('',#1366,#1367);
#1366 = CARTESIAN_POINT('',(-0.,0.));
#1367 = VECTOR('',#1368,1.);
#1368 = DIRECTION('',(-1.,0.));
#1369 = ( GEOMETRIC_REPRESENTATION_CONTEXT(2) 
PARAMETRIC_REPRESENTATION_CONTEXT() REPRESENTATION_CONTEXT('2D SPACE',''
  ) );
#1370 = ADVANCED_FACE('',(#1371),#565,.T.);
#1371 = FACE_BOUND('',#1372,.F.);
#1372 = EDGE_LOOP('',(#1373,#1374,#1398,#1426));
#1373 = ORIENTED_EDGE('',*,*,#549,.F.);
#1374 = ORIENTED_EDGE('',*,*,#1375,.T.);
#1375 = EDGE_CURVE('',#527,#1376,#1378,.T.);
#1376 = VERTEX_POINT('',#1377);
#1377 = CARTESIAN_POINT('',(30.,2.,28.));
#1378 = SURFACE_CURVE('',#1379,(#1384,#1391),.PCURVE_S1.);
#1379 = CIRCLE('',#1380,2.);
#1380 = AXIS2_PLACEMENT_3D('',#1381,#1382,#1383);
#1381 = CARTESIAN_POINT('',(28.,2.,28.));
#1382 = DIRECTION('',(0.,0.,1.));
#1383 = DIRECTION('',(0.,-1.,0.));
#1384 = PCURVE('',#565,#1385);
#1385 = DEFINITIONAL_REPRESENTATION('',(#1386),#1390);
#1386 = LINE('',#1387,#1388);
#1387 = CARTESIAN_POINT('',(-0.,2.));
#1388 = VECTOR('',#1389,1.);
#1389 = DIRECTION('',(-1.,0.));
#1390 = ( GEOMETRIC_REPRESENTATION_CONTEXT(2) 
PARAMETRIC_REPRESENTATION_CONTEXT() REPRESENTATION_CONTEXT('2D SPACE',''
  ) );
#1391 = PCURVE('',#1276,#1392);
#1392 = DEFINITIONAL_REPRESENTATION('',(#1393),#1397);
#1393 = LINE('',#1394,#1395);
#1394 = CARTESIAN_POINT('',(-0.,0.));
#1395 = VECTOR('',#1396,1.);
#1396 = DIRECTION('',(-1.,0.));
#1397 = ( GEOMETRIC_REPRESENTATION_CONTEXT(2) 
PARAMETRIC_REPRESENTATION_CONTEXT() REPRESENTATION_CONTEXT('2D SPACE',''
  ) );
#1398 = ORIENTED_EDGE('',*,*,#1399,.T.);
#1399 = EDGE_CURVE('',#1376,#1400,#1402,.T.);
#1400 = VERTEX_POINT('',#1401);
#1401 = CARTESIAN_POINT('',(30.,2.,20.));
#1402 = SURFACE_CURVE('',#1403,(#1407,#1414),.PCURVE_S1.);
#1403 = LINE('',#1404,#1405);
#1404 = CARTESIAN_POINT('',(30.,2.,30.));
#1405 = VECTOR('',#1406,1.);
#1406 = DIRECTION('',(-0.,0.,-1.));
#1407 = PCURVE('',#565,#1408);
#1408 = DEFINITIONAL_REPRESENTATION('',(#1409),#1413);
#1409 = LINE('',#1410,#1411);
#1410 = CARTESIAN_POINT('',(-1.570796326795,0.));
#1411 = VECTOR('',#1412,1.);
#1412 = DIRECTION('',(-0.,1.));
#1413 = ( GEOMETRIC_REPRESENTATION_CONTEXT(2) 
PARAMETRIC_REPRESENTATION_CONTEXT() REPRESENTATION_CONTEXT('2D SPACE',''
  ) );
#1414 = PCURVE('',#1415,#1420);
#1415 = PLANE('',#1416);
#1416 = AXIS2_PLACEMENT_3D('',#1417,#1418,#1419);
#1417 = CARTESIAN_POINT('',(30.,-1.,18.));
#1418 = DIRECTION('',(1.,0.,-0.));
#1419 = DIRECTION('',(0.,0.,1.));
#1420 = DEFINITIONAL_REPRESENTATION('',(#1421),#1425);
#1421 = LINE('',#1422,#1423);
#1422 = CARTESIAN_POINT('',(12.,-3.));
#1423 = VECTOR('',#1424,1.);
#1424 = DIRECTION('',(-1.,-0.));
#1425 = ( GEOMETRIC_REPRESENTATION_CONTEXT(2) 
PARAMETRIC_REPRESENTATION_CONTEXT() REPRESENTATION_CONTEXT('2D SPACE',''
  ) );
#1426 = ORIENTED_EDGE('',*,*,#1427,.F.);
#1427 = EDGE_CURVE('',#550,#1400,#1428,.T.);
#1428 = SURFACE_CURVE('',#1429,(#1434,#1440),.PCURVE_S1.);
#1429 = CIRCLE('',#1430,2.);
#1430 = AXIS2_PLACEMENT_3D('',#1431,#1432,#1433);
#1431 = CARTESIAN_POINT('',(28.,2.,20.));
#1432 = DIRECTION('',(-6.123233995737E-17,-0.,1.));
#1433 = DIRECTION('',(-1.,0.,-6.123233995737E-17));
#1434 = PCURVE('',#565,#1435);
#1435 = DEFINITIONAL_REPRESENTATION('',(#1436),#1439);
#1436 = B_SPLINE_CURVE_WITH_KNOTS('',1,(#1437,#1438),.UNSPECIFIED.,.F.,
  .F.,(2,2),(1.570796326795,3.14159265359),.PIECEWISE_BEZIER_KNOTS.);
#1437 = CARTESIAN_POINT('',(0.,10.));
#1438 = CARTESIAN_POINT('',(-1.570796326795,10.));
#1439 = ( GEOMETRIC_REPRESENTATION_CONTEXT(2) 
PARAMETRIC_REPRESENTATION_CONTEXT() REPRESENTATION_CONTEXT('2D SPACE',''
  ) );
#1440 = PCURVE('',#594,#1441);
#1441 = DEFINITIONAL_REPRESENTATION('',(#1442),#1445);
#1442 = B_SPLINE_CURVE_WITH_KNOTS('',1,(#1443,#1444),.UNSPECIFIED.,.F.,
  .F.,(2,2),(1.570796326795,3.14159265359),.PIECEWISE_BEZIER_KNOTS.);
#1443 = CARTESIAN_POINT('',(-1.570796326795,1.570796326795));
#1444 = CARTESIAN_POINT('',(-1.570796326795,3.14159265359));
#1445 = ( GEOMETRIC_REPRESENTATION_CONTEXT(2) 
PARAMETRIC_REPRESENTATION_CONTEXT() REPRESENTATION_CONTEXT('2D SPACE',''
  ) );
#1446 = ADVANCED_FACE('',(#1447),#707,.T.);
#1447 = FACE_BOUND('',#1448,.F.);
#1448 = EDGE_LOOP('',(#1449,#1450,#1479,#1507));
#1449 = ORIENTED_EDGE('',*,*,#691,.F.);
#1450 = ORIENTED_EDGE('',*,*,#1451,.T.);
#1451 = EDGE_CURVE('',#664,#1452,#1454,.T.);
#1452 = VERTEX_POINT('',#1453);
#1453 = CARTESIAN_POINT('',(47.,2.,30.));
#1454 = SURFACE_CURVE('',#1455,(#1460,#1467),.PCURVE_S1.);
#1455 = CIRCLE('',#1456,2.);
#1456 = AXIS2_PLACEMENT_3D('',#1457,#1458,#1459);
#1457 = CARTESIAN_POINT('',(47.,2.,28.));
#1458 = DIRECTION('',(-1.,0.,0.));
#1459 = DIRECTION('',(0.,-1.,0.));
#1460 = PCURVE('',#707,#1461);
#1461 = DEFINITIONAL_REPRESENTATION('',(#1462),#1466);
#1462 = LINE('',#1463,#1464);
#1463 = CARTESIAN_POINT('',(-0.,2.));
#1464 = VECTOR('',#1465,1.);
#1465 = DIRECTION('',(-1.,0.));
#1466 = ( GEOMETRIC_REPRESENTATION_CONTEXT(2) 
PARAMETRIC_REPRESENTATION_CONTEXT() REPRESENTATION_CONTEXT('2D SPACE',''
  ) );
#1467 = PCURVE('',#1468,#1473);
#1468 = SPHERICAL_SURFACE('',#1469,2.);
#1469 = AXIS2_PLACEMENT_3D('',#1470,#1471,#1472);
#1470 = CARTESIAN_POINT('',(47.,2.,28.));
#1471 = DIRECTION('',(1.,0.,-0.));
#1472 = DIRECTION('',(0.,-1.,0.));
#1473 = DEFINITIONAL_REPRESENTATION('',(#1474),#1478);
#1474 = LINE('',#1475,#1476);
#1475 = CARTESIAN_POINT('',(-0.,0.));
#1476 = VECTOR('',#1477,1.);
#1477 = DIRECTION('',(-1.,0.));
#1478 = ( GEOMETRIC_REPRESENTATION_CONTEXT(2) 
PARAMETRIC_REPRESENTATION_CONTEXT() REPRESENTATION_CONTEXT('2D SPACE',''
  ) );
#1479 = ORIENTED_EDGE('',*,*,#1480,.T.);
#1480 = EDGE_CURVE('',#1452,#1481,#1483,.T.);
#1481 = VERTEX_POINT('',#1482);
#1482 = CARTESIAN_POINT('',(78.,2.,30.));
#1483 = SURFACE_CURVE('',#1484,(#1488,#1495),.PCURVE_S1.);
#1484 = LINE('',#1485,#1486);
#1485 = CARTESIAN_POINT('',(45.,2.,30.));
#1486 = VECTOR('',#1487,1.);
#1487 = DIRECTION('',(1.,0.,-0.));
#1488 = PCURVE('',#707,#1489);
#1489 = DEFINITIONAL_REPRESENTATION('',(#1490),#1494);
#1490 = LINE('',#1491,#1492);
#1491 = CARTESIAN_POINT('',(-1.570796326795,0.));
#1492 = VECTOR('',#1493,1.);
#1493 = DIRECTION('',(-0.,1.));
#1494 = ( GEOMETRIC_REPRESENTATION_CONTEXT(2) 
PARAMETRIC_REPRESENTATION_CONTEXT() REPRESENTATION_CONTEXT('2D SPACE',''
  ) );
#1495 = PCURVE('',#1496,#1501);
#1496 = PLANE('',#1497);
#1497 = AXIS2_PLACEMENT_3D('',#1498,#1499,#1500);
#1498 = CARTESIAN_POINT('',(0.,0.,30.));
#1499 = DIRECTION('',(0.,0.,1.));
#1500 = DIRECTION('',(1.,0.,-0.));
#1501 = DEFINITIONAL_REPRESENTATION('',(#1502),#1506);
#1502 = LINE('',#1503,#1504);
#1503 = CARTESIAN_POINT('',(45.,2.));
#1504 = VECTOR('',#1505,1.);
#1505 = DIRECTION('',(1.,0.));
#1506 = ( GEOMETRIC_REPRESENTATION_CONTEXT(2) 
PARAMETRIC_REPRESENTATION_CONTEXT() REPRESENTATION_CONTEXT('2D SPACE',''
  ) );
#1507 = ORIENTED_EDGE('',*,*,#1508,.T.);
#1508 = EDGE_CURVE('',#1481,#692,#1509,.T.);
#1509 = SURFACE_CURVE('',#1510,(#1515,#1521),.PCURVE_S1.);
#1510 = CIRCLE('',#1511,2.);
#1511 = AXIS2_PLACEMENT_3D('',#1512,#1513,#1514);
#1512 = CARTESIAN_POINT('',(78.,2.,28.));
#1513 = DIRECTION('',(1.,0.,0.));
#1514 = DIRECTION('',(0.,-1.,0.));
#1515 = PCURVE('',#707,#1516);
#1516 = DEFINITIONAL_REPRESENTATION('',(#1517),#1520);
#1517 = B_SPLINE_CURVE_WITH_KNOTS('',1,(#1518,#1519),.UNSPECIFIED.,.F.,
  .F.,(2,2),(4.712388980385,6.28318530718),.PIECEWISE_BEZIER_KNOTS.);
#1518 = CARTESIAN_POINT('',(-1.570796326795,33.));
#1519 = CARTESIAN_POINT('',(0.,33.));
#1520 = ( GEOMETRIC_REPRESENTATION_CONTEXT(2) 
PARAMETRIC_REPRESENTATION_CONTEXT() REPRESENTATION_CONTEXT('2D SPACE',''
  ) );
#1521 = PCURVE('',#1359,#1522);
#1522 = DEFINITIONAL_REPRESENTATION('',(#1523),#1526);
#1523 = B_SPLINE_CURVE_WITH_KNOTS('',1,(#1524,#1525),.UNSPECIFIED.,.F.,
  .F.,(2,2),(4.712388980385,6.28318530718),.PIECEWISE_BEZIER_KNOTS.);
#1524 = CARTESIAN_POINT('',(0.,-1.570796326795));
#1525 = CARTESIAN_POINT('',(0.,0.));
#1526 = ( GEOMETRIC_REPRESENTATION_CONTEXT(2) 
PARAMETRIC_REPRESENTATION_CONTEXT() REPRESENTATION_CONTEXT('2D SPACE',''
  ) );
#1527 = ADVANCED_FACE('',(#1528),#594,.T.);
#1528 = FACE_BOUND('',#1529,.F.);
#1529 = EDGE_LOOP('',(#1530,#1552,#1553,#1554));
#1530 = ORIENTED_EDGE('',*,*,#1531,.F.);
#1531 = EDGE_CURVE('',#578,#1532,#1534,.T.);
#1532 = VERTEX_POINT('',#1533);
#1533 = CARTESIAN_POINT('',(32.,2.,18.));
#1534 = SURFACE_CURVE('',#1535,(#1540,#1546),.PCURVE_S1.);
#1535 = CIRCLE('',#1536,2.);
#1536 = AXIS2_PLACEMENT_3D('',#1537,#1538,#1539);
#1537 = CARTESIAN_POINT('',(32.,2.,16.));
#1538 = DIRECTION('',(-1.,0.,-0.));
#1539 = DIRECTION('',(0.,0.,-1.));
#1540 = PCURVE('',#594,#1541);
#1541 = DEFINITIONAL_REPRESENTATION('',(#1542),#1545);
#1542 = B_SPLINE_CURVE_WITH_KNOTS('',1,(#1543,#1544),.UNSPECIFIED.,.F.,
  .F.,(2,2),(1.570796326795,3.14159265359),.PIECEWISE_BEZIER_KNOTS.);
#1543 = CARTESIAN_POINT('',(0.,1.570796326795));
#1544 = CARTESIAN_POINT('',(0.,3.14159265359));
#1545 = ( GEOMETRIC_REPRESENTATION_CONTEXT(2) 
PARAMETRIC_REPRESENTATION_CONTEXT() REPRESENTATION_CONTEXT('2D SPACE',''
  ) );
#1546 = PCURVE('',#622,#1547);
#1547 = DEFINITIONAL_REPRESENTATION('',(#1548),#1551);
#1548 = B_SPLINE_CURVE_WITH_KNOTS('',1,(#1549,#1550),.UNSPECIFIED.,.F.,
  .F.,(2,2),(1.570796326795,3.14159265359),.PIECEWISE_BEZIER_KNOTS.);
#1549 = CARTESIAN_POINT('',(0.,2.));
#1550 = CARTESIAN_POINT('',(-1.570796326795,2.));
#1551 = ( GEOMETRIC_REPRESENTATION_CONTEXT(2) 
PARAMETRIC_REPRESENTATION_CONTEXT() REPRESENTATION_CONTEXT('2D SPACE',''
  ) );
#1552 = ORIENTED_EDGE('',*,*,#577,.T.);
#1553 = ORIENTED_EDGE('',*,*,#1427,.T.);
#1554 = ORIENTED_EDGE('',*,*,#1555,.F.);
#1555 = EDGE_CURVE('',#1532,#1400,#1556,.T.);
#1556 = SURFACE_CURVE('',#1557,(#1562,#1569),.PCURVE_S1.);
#1557 = CIRCLE('',#1558,2.);
#1558 = AXIS2_PLACEMENT_3D('',#1559,#1560,#1561);
#1559 = CARTESIAN_POINT('',(32.,2.,20.));
#1560 = DIRECTION('',(0.,1.,0.));
#1561 = DIRECTION('',(0.,0.,-1.));
#1562 = PCURVE('',#594,#1563);
#1563 = DEFINITIONAL_REPRESENTATION('',(#1564),#1568);
#1564 = LINE('',#1565,#1566);
#1565 = CARTESIAN_POINT('',(-0.,3.14159265359));
#1566 = VECTOR('',#1567,1.);
#1567 = DIRECTION('',(-1.,0.));
#1568 = ( GEOMETRIC_REPRESENTATION_CONTEXT(2) 
PARAMETRIC_REPRESENTATION_CONTEXT() REPRESENTATION_CONTEXT('2D SPACE',''
  ) );
#1569 = PCURVE('',#1570,#1575);
#1570 = CYLINDRICAL_SURFACE('',#1571,2.);
#1571 = AXIS2_PLACEMENT_3D('',#1572,#1573,#1574);
#1572 = CARTESIAN_POINT('',(32.,0.,20.));
#1573 = DIRECTION('',(-0.,1.,0.));
#1574 = DIRECTION('',(-0.,0.,-1.));
#1575 = DEFINITIONAL_REPRESENTATION('',(#1576),#1580);
#1576 = LINE('',#1577,#1578);
#1577 = CARTESIAN_POINT('',(0.,2.));
#1578 = VECTOR('',#1579,1.);
#1579 = DIRECTION('',(1.,0.));
#1580 = ( GEOMETRIC_REPRESENTATION_CONTEXT(2) 
PARAMETRIC_REPRESENTATION_CONTEXT() REPRESENTATION_CONTEXT('2D SPACE',''
  ) );
#1581 = ADVANCED_FACE('',(#1582),#679,.T.);
#1582 = FACE_BOUND('',#1583,.T.);
#1583 = EDGE_LOOP('',(#1584,#1606,#1634,#1654));
#1584 = ORIENTED_EDGE('',*,*,#1585,.F.);
#1585 = EDGE_CURVE('',#1586,#664,#1588,.T.);
#1586 = VERTEX_POINT('',#1587);
#1587 = CARTESIAN_POINT('',(45.,2.,28.));
#1588 = SURFACE_CURVE('',#1589,(#1594,#1600),.PCURVE_S1.);
#1589 = CIRCLE('',#1590,2.);
#1590 = AXIS2_PLACEMENT_3D('',#1591,#1592,#1593);
#1591 = CARTESIAN_POINT('',(47.,2.,28.));
#1592 = DIRECTION('',(0.,0.,1.));
#1593 = DIRECTION('',(0.,-1.,0.));
#1594 = PCURVE('',#679,#1595);
#1595 = DEFINITIONAL_REPRESENTATION('',(#1596),#1599);
#1596 = B_SPLINE_CURVE_WITH_KNOTS('',1,(#1597,#1598),.UNSPECIFIED.,.F.,
  .F.,(2,2),(4.712388980385,6.28318530718),.PIECEWISE_BEZIER_KNOTS.);
#1597 = CARTESIAN_POINT('',(1.570796326795,2.));
#1598 = CARTESIAN_POINT('',(0.,2.));
#1599 = ( GEOMETRIC_REPRESENTATION_CONTEXT(2) 
PARAMETRIC_REPRESENTATION_CONTEXT() REPRESENTATION_CONTEXT('2D SPACE',''
  ) );
#1600 = PCURVE('',#1468,#1601);
#1601 = DEFINITIONAL_REPRESENTATION('',(#1602),#1605);
#1602 = B_SPLINE_CURVE_WITH_KNOTS('',1,(#1603,#1604),.UNSPECIFIED.,.F.,
  .F.,(2,2),(4.712388980385,6.28318530718),.PIECEWISE_BEZIER_KNOTS.);
#1603 = CARTESIAN_POINT('',(0.,-1.570796326795));
#1604 = CARTESIAN_POINT('',(0.,0.));
#1605 = ( GEOMETRIC_REPRESENTATION_CONTEXT(2) 
PARAMETRIC_REPRESENTATION_CONTEXT() REPRESENTATION_CONTEXT('2D SPACE',''
  ) );
#1606 = ORIENTED_EDGE('',*,*,#1607,.T.);
#1607 = EDGE_CURVE('',#1586,#1608,#1610,.T.);
#1608 = VERTEX_POINT('',#1609);
#1609 = CARTESIAN_POINT('',(45.,2.,20.));
#1610 = SURFACE_CURVE('',#1611,(#1615,#1622),.PCURVE_S1.);
#1611 = LINE('',#1612,#1613);
#1612 = CARTESIAN_POINT('',(45.,2.,30.));
#1613 = VECTOR('',#1614,1.);
#1614 = DIRECTION('',(-0.,0.,-1.));
#1615 = PCURVE('',#679,#1616);
#1616 = DEFINITIONAL_REPRESENTATION('',(#1617),#1621);
#1617 = LINE('',#1618,#1619);
#1618 = CARTESIAN_POINT('',(1.570796326795,0.));
#1619 = VECTOR('',#1620,1.);
#1620 = DIRECTION('',(0.,1.));
#1621 = ( GEOMETRIC_REPRESENTATION_CONTEXT(2) 
PARAMETRIC_REPRESENTATION_CONTEXT() REPRESENTATION_CONTEXT('2D SPACE',''
  ) );
#1622 = PCURVE('',#1623,#1628);
#1623 = PLANE('',#1624);
#1624 = AXIS2_PLACEMENT_3D('',#1625,#1626,#1627);
#1625 = CARTESIAN_POINT('',(45.,-1.,18.));
#1626 = DIRECTION('',(1.,0.,-0.));
#1627 = DIRECTION('',(0.,0.,1.));
#1628 = DEFINITIONAL_REPRESENTATION('',(#1629),#1633);
#1629 = LINE('',#1630,#1631);
#1630 = CARTESIAN_POINT('',(12.,-3.));
#1631 = VECTOR('',#1632,1.);
#1632 = DIRECTION('',(-1.,-0.));
#1633 = ( GEOMETRIC_REPRESENTATION_CONTEXT(2) 
PARAMETRIC_REPRESENTATION_CONTEXT() REPRESENTATION_CONTEXT('2D SPACE',''
  ) );
#1634 = ORIENTED_EDGE('',*,*,#1635,.F.);
#1635 = EDGE_CURVE('',#635,#1608,#1636,.T.);
#1636 = SURFACE_CURVE('',#1637,(#1642,#1648),.PCURVE_S1.);
#1637 = CIRCLE('',#1638,2.);
#1638 = AXIS2_PLACEMENT_3D('',#1639,#1640,#1641);
#1639 = CARTESIAN_POINT('',(47.,2.,20.));
#1640 = DIRECTION('',(0.,0.,-1.));
#1641 = DIRECTION('',(1.,0.,0.));
#1642 = PCURVE('',#679,#1643);
#1643 = DEFINITIONAL_REPRESENTATION('',(#1644),#1647);
#1644 = B_SPLINE_CURVE_WITH_KNOTS('',1,(#1645,#1646),.UNSPECIFIED.,.F.,
  .F.,(2,2),(1.570796326795,3.14159265359),.PIECEWISE_BEZIER_KNOTS.);
#1645 = CARTESIAN_POINT('',(0.,10.));
#1646 = CARTESIAN_POINT('',(1.570796326795,10.));
#1647 = ( GEOMETRIC_REPRESENTATION_CONTEXT(2) 
PARAMETRIC_REPRESENTATION_CONTEXT() REPRESENTATION_CONTEXT('2D SPACE',''
  ) );
#1648 = PCURVE('',#651,#1649);
#1649 = DEFINITIONAL_REPRESENTATION('',(#1650),#1653);
#1650 = B_SPLINE_CURVE_WITH_KNOTS('',1,(#1651,#1652),.UNSPECIFIED.,.F.,
  .F.,(2,2),(1.570796326795,3.14159265359),.PIECEWISE_BEZIER_KNOTS.);
#1651 = CARTESIAN_POINT('',(0.,1.570796326795));
#1652 = CARTESIAN_POINT('',(0.,3.14159265359));
#1653 = ( GEOMETRIC_REPRESENTATION_CONTEXT(2) 
PARAMETRIC_REPRESENTATION_CONTEXT() REPRESENTATION_CONTEXT('2D SPACE',''
  ) );
#1654 = ORIENTED_EDGE('',*,*,#663,.F.);
#1655 = ADVANCED_FACE('',(#1656),#622,.T.);
#1656 = FACE_BOUND('',#1657,.F.);
#1657 = EDGE_LOOP('',(#1658,#1659,#1687,#1707));
#1658 = ORIENTED_EDGE('',*,*,#1531,.T.);
#1659 = ORIENTED_EDGE('',*,*,#1660,.T.);
#1660 = EDGE_CURVE('',#1532,#1661,#1663,.T.);
#1661 = VERTEX_POINT('',#1662);
#1662 = CARTESIAN_POINT('',(43.,2.,18.));
#1663 = SURFACE_CURVE('',#1664,(#1668,#1675),.PCURVE_S1.);
#1664 = LINE('',#1665,#1666);
#1665 = CARTESIAN_POINT('',(30.,2.,18.));
#1666 = VECTOR('',#1667,1.);
#1667 = DIRECTION('',(1.,0.,-0.));
#1668 = PCURVE('',#622,#1669);
#1669 = DEFINITIONAL_REPRESENTATION('',(#1670),#1674);
#1670 = LINE('',#1671,#1672);
#1671 = CARTESIAN_POINT('',(-1.570796326795,0.));
#1672 = VECTOR('',#1673,1.);
#1673 = DIRECTION('',(-0.,1.));
#1674 = ( GEOMETRIC_REPRESENTATION_CONTEXT(2) 
PARAMETRIC_REPRESENTATION_CONTEXT() REPRESENTATION_CONTEXT('2D SPACE',''
  ) );
#1675 = PCURVE('',#1676,#1681);
#1676 = PLANE('',#1677);
#1677 = AXIS2_PLACEMENT_3D('',#1678,#1679,#1680);
#1678 = CARTESIAN_POINT('',(30.,-1.,18.));
#1679 = DIRECTION('',(0.,0.,1.));
#1680 = DIRECTION('',(1.,0.,-0.));
#1681 = DEFINITIONAL_REPRESENTATION('',(#1682),#1686);
#1682 = LINE('',#1683,#1684);
#1683 = CARTESIAN_POINT('',(0.,3.));
#1684 = VECTOR('',#1685,1.);
#1685 = DIRECTION('',(1.,0.));
#1686 = ( GEOMETRIC_REPRESENTATION_CONTEXT(2) 
PARAMETRIC_REPRESENTATION_CONTEXT() REPRESENTATION_CONTEXT('2D SPACE',''
  ) );
#1687 = ORIENTED_EDGE('',*,*,#1688,.F.);
#1688 = EDGE_CURVE('',#607,#1661,#1689,.T.);
#1689 = SURFACE_CURVE('',#1690,(#1695,#1701),.PCURVE_S1.);
#1690 = CIRCLE('',#1691,2.);
#1691 = AXIS2_PLACEMENT_3D('',#1692,#1693,#1694);
#1692 = CARTESIAN_POINT('',(43.,2.,16.));
#1693 = DIRECTION('',(-1.,0.,-6.123233995737E-17));
#1694 = DIRECTION('',(6.123233995737E-17,0.,-1.));
#1695 = PCURVE('',#622,#1696);
#1696 = DEFINITIONAL_REPRESENTATION('',(#1697),#1700);
#1697 = B_SPLINE_CURVE_WITH_KNOTS('',1,(#1698,#1699),.UNSPECIFIED.,.F.,
  .F.,(2,2),(1.570796326795,3.14159265359),.PIECEWISE_BEZIER_KNOTS.);
#1698 = CARTESIAN_POINT('',(0.,13.));
#1699 = CARTESIAN_POINT('',(-1.570796326795,13.));
#1700 = ( GEOMETRIC_REPRESENTATION_CONTEXT(2) 
PARAMETRIC_REPRESENTATION_CONTEXT() REPRESENTATION_CONTEXT('2D SPACE',''
  ) );
#1701 = PCURVE('',#651,#1702);
#1702 = DEFINITIONAL_REPRESENTATION('',(#1703),#1706);
#1703 = B_SPLINE_CURVE_WITH_KNOTS('',1,(#1704,#1705),.UNSPECIFIED.,.F.,
  .F.,(2,2),(1.570796326795,3.14159265359),.PIECEWISE_BEZIER_KNOTS.);
#1704 = CARTESIAN_POINT('',(-1.570796326795,1.570796326795));
#1705 = CARTESIAN_POINT('',(-1.570796326795,3.14159265359));
#1706 = ( GEOMETRIC_REPRESENTATION_CONTEXT(2) 
PARAMETRIC_REPRESENTATION_CONTEXT() REPRESENTATION_CONTEXT('2D SPACE',''
  ) );
#1707 = ORIENTED_EDGE('',*,*,#606,.F.);
#1708 = ADVANCED_FACE('',(#1709),#651,.T.);
#1709 = FACE_BOUND('',#1710,.F.);
#1710 = EDGE_LOOP('',(#1711,#1712,#1713,#1714));
#1711 = ORIENTED_EDGE('',*,*,#1635,.F.);
#1712 = ORIENTED_EDGE('',*,*,#634,.T.);
#1713 = ORIENTED_EDGE('',*,*,#1688,.T.);
#1714 = ORIENTED_EDGE('',*,*,#1715,.F.);
#1715 = EDGE_CURVE('',#1608,#1661,#1716,.T.);
#1716 = SURFACE_CURVE('',#1717,(#1722,#1729),.PCURVE_S1.);
#1717 = CIRCLE('',#1718,2.);
#1718 = AXIS2_PLACEMENT_3D('',#1719,#1720,#1721);
#1719 = CARTESIAN_POINT('',(43.,2.,20.));
#1720 = DIRECTION('',(-0.,1.,0.));
#1721 = DIRECTION('',(1.,0.,0.));
#1722 = PCURVE('',#651,#1723);
#1723 = DEFINITIONAL_REPRESENTATION('',(#1724),#1728);
#1724 = LINE('',#1725,#1726);
#1725 = CARTESIAN_POINT('',(-0.,3.14159265359));
#1726 = VECTOR('',#1727,1.);
#1727 = DIRECTION('',(-1.,0.));
#1728 = ( GEOMETRIC_REPRESENTATION_CONTEXT(2) 
PARAMETRIC_REPRESENTATION_CONTEXT() REPRESENTATION_CONTEXT('2D SPACE',''
  ) );
#1729 = PCURVE('',#1730,#1735);
#1730 = CYLINDRICAL_SURFACE('',#1731,2.);
#1731 = AXIS2_PLACEMENT_3D('',#1732,#1733,#1734);
#1732 = CARTESIAN_POINT('',(43.,0.,20.));
#1733 = DIRECTION('',(-0.,1.,0.));
#1734 = DIRECTION('',(1.,0.,-0.));
#1735 = DEFINITIONAL_REPRESENTATION('',(#1736),#1740);
#1736 = LINE('',#1737,#1738);
#1737 = CARTESIAN_POINT('',(0.,2.));
#1738 = VECTOR('',#1739,1.);
#1739 = DIRECTION('',(1.,0.));
#1740 = ( GEOMETRIC_REPRESENTATION_CONTEXT(2) 
PARAMETRIC_REPRESENTATION_CONTEXT() REPRESENTATION_CONTEXT('2D SPACE',''
  ) );
#1741 = ADVANCED_FACE('',(#1742),#837,.T.);
#1742 = FACE_BOUND('',#1743,.F.);
#1743 = EDGE_LOOP('',(#1744,#1745,#1746,#1771));
#1744 = ORIENTED_EDGE('',*,*,#853,.F.);
#1745 = ORIENTED_EDGE('',*,*,#823,.T.);
#1746 = ORIENTED_EDGE('',*,*,#1747,.T.);
#1747 = EDGE_CURVE('',#796,#1178,#1748,.T.);
#1748 = SURFACE_CURVE('',#1749,(#1754,#1760),.PCURVE_S1.);
#1749 = CIRCLE('',#1750,2.);
#1750 = AXIS2_PLACEMENT_3D('',#1751,#1752,#1753);
#1751 = CARTESIAN_POINT('',(78.,58.,2.));
#1752 = DIRECTION('',(1.,-0.,0.));
#1753 = DIRECTION('',(0.,1.,0.));
#1754 = PCURVE('',#837,#1755);
#1755 = DEFINITIONAL_REPRESENTATION('',(#1756),#1759);
#1756 = B_SPLINE_CURVE_WITH_KNOTS('',1,(#1757,#1758),.UNSPECIFIED.,.F.,
  .F.,(2,2),(4.712388980385,6.28318530718),.PIECEWISE_BEZIER_KNOTS.);
#1757 = CARTESIAN_POINT('',(-1.570796326795,78.));
#1758 = CARTESIAN_POINT('',(0.,78.));
#1759 = ( GEOMETRIC_REPRESENTATION_CONTEXT(2) 
PARAMETRIC_REPRESENTATION_CONTEXT() REPRESENTATION_CONTEXT('2D SPACE',''
  ) );
#1760 = PCURVE('',#1761,#1766);
#1761 = SPHERICAL_SURFACE('',#1762,2.);
#1762 = AXIS2_PLACEMENT_3D('',#1763,#1764,#1765);
#1763 = CARTESIAN_POINT('',(78.,58.,2.));
#1764 = DIRECTION('',(0.,0.,1.));
#1765 = DIRECTION('',(0.,1.,-0.));
#1766 = DEFINITIONAL_REPRESENTATION('',(#1767),#1770);
#1767 = B_SPLINE_CURVE_WITH_KNOTS('',1,(#1768,#1769),.UNSPECIFIED.,.F.,
  .F.,(2,2),(4.712388980385,6.28318530718),.PIECEWISE_BEZIER_KNOTS.);
#1768 = CARTESIAN_POINT('',(0.,-1.570796326795));
#1769 = CARTESIAN_POINT('',(0.,0.));
#1770 = ( GEOMETRIC_REPRESENTATION_CONTEXT(2) 
PARAMETRIC_REPRESENTATION_CONTEXT() REPRESENTATION_CONTEXT('2D SPACE',''
  ) );
#1771 = ORIENTED_EDGE('',*,*,#1205,.F.);
#1772 = ADVANCED_FACE('',(#1773),#811,.T.);
#1773 = FACE_BOUND('',#1774,.F.);
#1774 = EDGE_LOOP('',(#1775,#1795,#1818,#1838));
#1775 = ORIENTED_EDGE('',*,*,#1776,.T.);
#1776 = EDGE_CURVE('',#773,#1293,#1777,.T.);
#1777 = SURFACE_CURVE('',#1778,(#1783,#1789),.PCURVE_S1.);
#1778 = CIRCLE('',#1779,2.);
#1779 = AXIS2_PLACEMENT_3D('',#1780,#1781,#1782);
#1780 = CARTESIAN_POINT('',(78.,2.,2.));
#1781 = DIRECTION('',(-6.123233995737E-17,-1.,0.));
#1782 = DIRECTION('',(1.,-6.123233995737E-17,0.));
#1783 = PCURVE('',#811,#1784);
#1784 = DEFINITIONAL_REPRESENTATION('',(#1785),#1788);
#1785 = B_SPLINE_CURVE_WITH_KNOTS('',1,(#1786,#1787),.UNSPECIFIED.,.F.,
  .F.,(2,2),(4.712388980385,6.28318530718),.PIECEWISE_BEZIER_KNOTS.);
#1786 = CARTESIAN_POINT('',(0.,2.));
#1787 = CARTESIAN_POINT('',(-1.570796326795,2.));
#1788 = ( GEOMETRIC_REPRESENTATION_CONTEXT(2) 
PARAMETRIC_REPRESENTATION_CONTEXT() REPRESENTATION_CONTEXT('2D SPACE',''
  ) );
#1789 = PCURVE('',#1245,#1790);
#1790 = DEFINITIONAL_REPRESENTATION('',(#1791),#1794);
#1791 = B_SPLINE_CURVE_WITH_KNOTS('',1,(#1792,#1793),.UNSPECIFIED.,.F.,
  .F.,(2,2),(4.712388980385,6.28318530718),.PIECEWISE_BEZIER_KNOTS.);
#1792 = CARTESIAN_POINT('',(1.570796326795,-1.570796326795));
#1793 = CARTESIAN_POINT('',(1.570796326795,0.));
#1794 = ( GEOMETRIC_REPRESENTATION_CONTEXT(2) 
PARAMETRIC_REPRESENTATION_CONTEXT() REPRESENTATION_CONTEXT('2D SPACE',''
  ) );
#1795 = ORIENTED_EDGE('',*,*,#1796,.T.);
#1796 = EDGE_CURVE('',#1293,#1797,#1799,.T.);
#1797 = VERTEX_POINT('',#1798);
#1798 = CARTESIAN_POINT('',(80.,58.,2.));
#1799 = SURFACE_CURVE('',#1800,(#1804,#1811),.PCURVE_S1.);
#1800 = LINE('',#1801,#1802);
#1801 = CARTESIAN_POINT('',(80.,0.,2.));
#1802 = VECTOR('',#1803,1.);
#1803 = DIRECTION('',(-0.,1.,0.));
#1804 = PCURVE('',#811,#1805);
#1805 = DEFINITIONAL_REPRESENTATION('',(#1806),#1810);
#1806 = LINE('',#1807,#1808);
#1807 = CARTESIAN_POINT('',(-1.570796326795,0.));
#1808 = VECTOR('',#1809,1.);
#1809 = DIRECTION('',(-0.,1.));
#1810 = ( GEOMETRIC_REPRESENTATION_CONTEXT(2) 
PARAMETRIC_REPRESENTATION_CONTEXT() REPRESENTATION_CONTEXT('2D SPACE',''
  ) );
#1811 = PCURVE('',#1332,#1812);
#1812 = DEFINITIONAL_REPRESENTATION('',(#1813),#1817);
#1813 = LINE('',#1814,#1815);
#1814 = CARTESIAN_POINT('',(2.,0.));
#1815 = VECTOR('',#1816,1.);
#1816 = DIRECTION('',(0.,-1.));
#1817 = ( GEOMETRIC_REPRESENTATION_CONTEXT(2) 
PARAMETRIC_REPRESENTATION_CONTEXT() REPRESENTATION_CONTEXT('2D SPACE',''
  ) );
#1818 = ORIENTED_EDGE('',*,*,#1819,.F.);
#1819 = EDGE_CURVE('',#796,#1797,#1820,.T.);
#1820 = SURFACE_CURVE('',#1821,(#1826,#1832),.PCURVE_S1.);
#1821 = CIRCLE('',#1822,2.);
#1822 = AXIS2_PLACEMENT_3D('',#1823,#1824,#1825);
#1823 = CARTESIAN_POINT('',(78.,58.,2.));
#1824 = DIRECTION('',(6.123233995737E-17,-1.,0.));
#1825 = DIRECTION('',(1.,6.123233995737E-17,0.));
#1826 = PCURVE('',#811,#1827);
#1827 = DEFINITIONAL_REPRESENTATION('',(#1828),#1831);
#1828 = B_SPLINE_CURVE_WITH_KNOTS('',1,(#1829,#1830),.UNSPECIFIED.,.F.,
  .F.,(2,2),(4.712388980385,6.28318530718),.PIECEWISE_BEZIER_KNOTS.);
#1829 = CARTESIAN_POINT('',(0.,58.));
#1830 = CARTESIAN_POINT('',(-1.570796326795,58.));
#1831 = ( GEOMETRIC_REPRESENTATION_CONTEXT(2) 
PARAMETRIC_REPRESENTATION_CONTEXT() REPRESENTATION_CONTEXT('2D SPACE',''
  ) );
#1832 = PCURVE('',#1761,#1833);
#1833 = DEFINITIONAL_REPRESENTATION('',(#1834),#1837);
#1834 = B_SPLINE_CURVE_WITH_KNOTS('',1,(#1835,#1836),.UNSPECIFIED.,.F.,
  .F.,(2,2),(4.712388980385,6.28318530718),.PIECEWISE_BEZIER_KNOTS.);
#1835 = CARTESIAN_POINT('',(-1.570796326795,-1.570796326795));
#1836 = CARTESIAN_POINT('',(-1.570796326795,0.));
#1837 = ( GEOMETRIC_REPRESENTATION_CONTEXT(2) 
PARAMETRIC_REPRESENTATION_CONTEXT() REPRESENTATION_CONTEXT('2D SPACE',''
  ) );
#1838 = ORIENTED_EDGE('',*,*,#795,.F.);
#1839 = ADVANCED_FACE('',(#1840),#943,.T.);
#1840 = FACE_BOUND('',#1841,.F.);
#1841 = EDGE_LOOP('',(#1842,#1843,#1844,#1871));
#1842 = ORIENTED_EDGE('',*,*,#959,.F.);
#1843 = ORIENTED_EDGE('',*,*,#984,.T.);
#1844 = ORIENTED_EDGE('',*,*,#1845,.F.);
#1845 = EDGE_CURVE('',#902,#985,#1846,.T.);
#1846 = SURFACE_CURVE('',#1847,(#1852,#1859),.PCURVE_S1.);
#1847 = CIRCLE('',#1848,2.);
#1848 = AXIS2_PLACEMENT_3D('',#1849,#1850,#1851);
#1849 = CARTESIAN_POINT('',(28.,58.,28.));
#1850 = DIRECTION('',(-1.,-0.,0.));
#1851 = DIRECTION('',(0.,0.,1.));
#1852 = PCURVE('',#943,#1853);
#1853 = DEFINITIONAL_REPRESENTATION('',(#1854),#1858);
#1854 = LINE('',#1855,#1856);
#1855 = CARTESIAN_POINT('',(-0.,28.));
#1856 = VECTOR('',#1857,1.);
#1857 = DIRECTION('',(-1.,0.));
#1858 = ( GEOMETRIC_REPRESENTATION_CONTEXT(2) 
PARAMETRIC_REPRESENTATION_CONTEXT() REPRESENTATION_CONTEXT('2D SPACE',''
  ) );
#1859 = PCURVE('',#1860,#1865);
#1860 = SPHERICAL_SURFACE('',#1861,2.);
#1861 = AXIS2_PLACEMENT_3D('',#1862,#1863,#1864);
#1862 = CARTESIAN_POINT('',(28.,58.,28.));
#1863 = DIRECTION('',(-1.,-0.,0.));
#1864 = DIRECTION('',(0.,0.,1.));
#1865 = DEFINITIONAL_REPRESENTATION('',(#1866),#1870);
#1866 = LINE('',#1867,#1868);
#1867 = CARTESIAN_POINT('',(0.,0.));
#1868 = VECTOR('',#1869,1.);
#1869 = DIRECTION('',(1.,0.));
#1870 = ( GEOMETRIC_REPRESENTATION_CONTEXT(2) 
PARAMETRIC_REPRESENTATION_CONTEXT() REPRESENTATION_CONTEXT('2D SPACE',''
  ) );
#1871 = ORIENTED_EDGE('',*,*,#929,.F.);
#1872 = ADVANCED_FACE('',(#1873),#917,.T.);
#1873 = FACE_BOUND('',#1874,.T.);
#1874 = EDGE_LOOP('',(#1875,#1895,#1918,#1938));
#1875 = ORIENTED_EDGE('',*,*,#1876,.T.);
#1876 = EDGE_CURVE('',#879,#1376,#1877,.T.);
#1877 = SURFACE_CURVE('',#1878,(#1883,#1889),.PCURVE_S1.);
#1878 = CIRCLE('',#1879,2.);
#1879 = AXIS2_PLACEMENT_3D('',#1880,#1881,#1882);
#1880 = CARTESIAN_POINT('',(28.,2.,28.));
#1881 = DIRECTION('',(6.123233995737E-17,1.,0.));
#1882 = DIRECTION('',(1.,-6.123233995737E-17,0.));
#1883 = PCURVE('',#917,#1884);
#1884 = DEFINITIONAL_REPRESENTATION('',(#1885),#1888);
#1885 = B_SPLINE_CURVE_WITH_KNOTS('',1,(#1886,#1887),.UNSPECIFIED.,.F.,
  .F.,(2,2),(4.712388980385,6.28318530718),.PIECEWISE_BEZIER_KNOTS.);
#1886 = CARTESIAN_POINT('',(0.,2.));
#1887 = CARTESIAN_POINT('',(1.570796326795,2.));
#1888 = ( GEOMETRIC_REPRESENTATION_CONTEXT(2) 
PARAMETRIC_REPRESENTATION_CONTEXT() REPRESENTATION_CONTEXT('2D SPACE',''
  ) );
#1889 = PCURVE('',#1276,#1890);
#1890 = DEFINITIONAL_REPRESENTATION('',(#1891),#1894);
#1891 = B_SPLINE_CURVE_WITH_KNOTS('',1,(#1892,#1893),.UNSPECIFIED.,.F.,
  .F.,(2,2),(4.712388980385,6.28318530718),.PIECEWISE_BEZIER_KNOTS.);
#1892 = CARTESIAN_POINT('',(-1.570796326795,-1.570796326795));
#1893 = CARTESIAN_POINT('',(-1.570796326795,0.));
#1894 = ( GEOMETRIC_REPRESENTATION_CONTEXT(2) 
PARAMETRIC_REPRESENTATION_CONTEXT() REPRESENTATION_CONTEXT('2D SPACE',''
  ) );
#1895 = ORIENTED_EDGE('',*,*,#1896,.T.);
#1896 = EDGE_CURVE('',#1376,#1897,#1899,.T.);
#1897 = VERTEX_POINT('',#1898);
#1898 = CARTESIAN_POINT('',(30.,58.,28.));
#1899 = SURFACE_CURVE('',#1900,(#1904,#1911),.PCURVE_S1.);
#1900 = LINE('',#1901,#1902);
#1901 = CARTESIAN_POINT('',(30.,0.,28.));
#1902 = VECTOR('',#1903,1.);
#1903 = DIRECTION('',(-0.,1.,0.));
#1904 = PCURVE('',#917,#1905);
#1905 = DEFINITIONAL_REPRESENTATION('',(#1906),#1910);
#1906 = LINE('',#1907,#1908);
#1907 = CARTESIAN_POINT('',(1.570796326795,0.));
#1908 = VECTOR('',#1909,1.);
#1909 = DIRECTION('',(0.,1.));
#1910 = ( GEOMETRIC_REPRESENTATION_CONTEXT(2) 
PARAMETRIC_REPRESENTATION_CONTEXT() REPRESENTATION_CONTEXT('2D SPACE',''
  ) );
#1911 = PCURVE('',#1415,#1912);
#1912 = DEFINITIONAL_REPRESENTATION('',(#1913),#1917);
#1913 = LINE('',#1914,#1915);
#1914 = CARTESIAN_POINT('',(10.,-1.));
#1915 = VECTOR('',#1916,1.);
#1916 = DIRECTION('',(0.,-1.));
#1917 = ( GEOMETRIC_REPRESENTATION_CONTEXT(2) 
PARAMETRIC_REPRESENTATION_CONTEXT() REPRESENTATION_CONTEXT('2D SPACE',''
  ) );
#1918 = ORIENTED_EDGE('',*,*,#1919,.T.);
#1919 = EDGE_CURVE('',#1897,#902,#1920,.T.);
#1920 = SURFACE_CURVE('',#1921,(#1926,#1932),.PCURVE_S1.);
#1921 = CIRCLE('',#1922,2.);
#1922 = AXIS2_PLACEMENT_3D('',#1923,#1924,#1925);
#1923 = CARTESIAN_POINT('',(28.,58.,28.));
#1924 = DIRECTION('',(0.,-1.,0.));
#1925 = DIRECTION('',(0.,0.,1.));
#1926 = PCURVE('',#917,#1927);
#1927 = DEFINITIONAL_REPRESENTATION('',(#1928),#1931);
#1928 = B_SPLINE_CURVE_WITH_KNOTS('',1,(#1929,#1930),.UNSPECIFIED.,.F.,
  .F.,(2,2),(4.712388980385,6.28318530718),.PIECEWISE_BEZIER_KNOTS.);
#1929 = CARTESIAN_POINT('',(1.570796326795,58.));
#1930 = CARTESIAN_POINT('',(0.,58.));
#1931 = ( GEOMETRIC_REPRESENTATION_CONTEXT(2) 
PARAMETRIC_REPRESENTATION_CONTEXT() REPRESENTATION_CONTEXT('2D SPACE',''
  ) );
#1932 = PCURVE('',#1860,#1933);
#1933 = DEFINITIONAL_REPRESENTATION('',(#1934),#1937);
#1934 = B_SPLINE_CURVE_WITH_KNOTS('',1,(#1935,#1936),.UNSPECIFIED.,.F.,
  .F.,(2,2),(4.712388980385,6.28318530718),.PIECEWISE_BEZIER_KNOTS.);
#1935 = CARTESIAN_POINT('',(0.,-1.570796326795));
#1936 = CARTESIAN_POINT('',(0.,0.));
#1937 = ( GEOMETRIC_REPRESENTATION_CONTEXT(2) 
PARAMETRIC_REPRESENTATION_CONTEXT() REPRESENTATION_CONTEXT('2D SPACE',''
  ) );
#1938 = ORIENTED_EDGE('',*,*,#901,.F.);
#1939 = ADVANCED_FACE('',(#1940),#1193,.T.);
#1940 = FACE_BOUND('',#1941,.F.);
#1941 = EDGE_LOOP('',(#1942,#1943,#1965,#1988));
#1942 = ORIENTED_EDGE('',*,*,#1177,.F.);
#1943 = ORIENTED_EDGE('',*,*,#1944,.T.);
#1944 = EDGE_CURVE('',#1178,#1797,#1945,.T.);
#1945 = SURFACE_CURVE('',#1946,(#1951,#1958),.PCURVE_S1.);
#1946 = CIRCLE('',#1947,2.);
#1947 = AXIS2_PLACEMENT_3D('',#1948,#1949,#1950);
#1948 = CARTESIAN_POINT('',(78.,58.,2.));
#1949 = DIRECTION('',(0.,-0.,-1.));
#1950 = DIRECTION('',(0.,1.,-0.));
#1951 = PCURVE('',#1193,#1952);
#1952 = DEFINITIONAL_REPRESENTATION('',(#1953),#1957);
#1953 = LINE('',#1954,#1955);
#1954 = CARTESIAN_POINT('',(-0.,2.));
#1955 = VECTOR('',#1956,1.);
#1956 = DIRECTION('',(-1.,0.));
#1957 = ( GEOMETRIC_REPRESENTATION_CONTEXT(2) 
PARAMETRIC_REPRESENTATION_CONTEXT() REPRESENTATION_CONTEXT('2D SPACE',''
  ) );
#1958 = PCURVE('',#1761,#1959);
#1959 = DEFINITIONAL_REPRESENTATION('',(#1960),#1964);
#1960 = LINE('',#1961,#1962);
#1961 = CARTESIAN_POINT('',(-0.,0.));
#1962 = VECTOR('',#1963,1.);
#1963 = DIRECTION('',(-1.,0.));
#1964 = ( GEOMETRIC_REPRESENTATION_CONTEXT(2) 
PARAMETRIC_REPRESENTATION_CONTEXT() REPRESENTATION_CONTEXT('2D SPACE',''
  ) );
#1965 = ORIENTED_EDGE('',*,*,#1966,.T.);
#1966 = EDGE_CURVE('',#1797,#1967,#1969,.T.);
#1967 = VERTEX_POINT('',#1968);
#1968 = CARTESIAN_POINT('',(80.,58.,28.));
#1969 = SURFACE_CURVE('',#1970,(#1974,#1981),.PCURVE_S1.);
#1970 = LINE('',#1971,#1972);
#1971 = CARTESIAN_POINT('',(80.,58.,0.));
#1972 = VECTOR('',#1973,1.);
#1973 = DIRECTION('',(0.,0.,1.));
#1974 = PCURVE('',#1193,#1975);
#1975 = DEFINITIONAL_REPRESENTATION('',(#1976),#1980);
#1976 = LINE('',#1977,#1978);
#1977 = CARTESIAN_POINT('',(-1.570796326795,0.));
#1978 = VECTOR('',#1979,1.);
#1979 = DIRECTION('',(-0.,1.));
#1980 = ( GEOMETRIC_REPRESENTATION_CONTEXT(2) 
PARAMETRIC_REPRESENTATION_CONTEXT() REPRESENTATION_CONTEXT('2D SPACE',''
  ) );
#1981 = PCURVE('',#1332,#1982);
#1982 = DEFINITIONAL_REPRESENTATION('',(#1983),#1987);
#1983 = LINE('',#1984,#1985);
#1984 = CARTESIAN_POINT('',(0.,-58.));
#1985 = VECTOR('',#1986,1.);
#1986 = DIRECTION('',(1.,0.));
#1987 = ( GEOMETRIC_REPRESENTATION_CONTEXT(2) 
PARAMETRIC_REPRESENTATION_CONTEXT() REPRESENTATION_CONTEXT('2D SPACE',''
  ) );
#1988 = ORIENTED_EDGE('',*,*,#1989,.F.);
#1989 = EDGE_CURVE('',#1150,#1967,#1990,.T.);
#1990 = SURFACE_CURVE('',#1991,(#1996,#2003),.PCURVE_S1.);
#1991 = CIRCLE('',#1992,2.);
#1992 = AXIS2_PLACEMENT_3D('',#1993,#1994,#1995);
#1993 = CARTESIAN_POINT('',(78.,58.,28.));
#1994 = DIRECTION('',(0.,-0.,-1.));
#1995 = DIRECTION('',(0.,1.,-0.));
#1996 = PCURVE('',#1193,#1997);
#1997 = DEFINITIONAL_REPRESENTATION('',(#1998),#2002);
#1998 = LINE('',#1999,#2000);
#1999 = CARTESIAN_POINT('',(-0.,28.));
#2000 = VECTOR('',#2001,1.);
#2001 = DIRECTION('',(-1.,0.));
#2002 = ( GEOMETRIC_REPRESENTATION_CONTEXT(2) 
PARAMETRIC_REPRESENTATION_CONTEXT() REPRESENTATION_CONTEXT('2D SPACE',''
  ) );
#2003 = PCURVE('',#2004,#2009);
#2004 = SPHERICAL_SURFACE('',#2005,2.);
#2005 = AXIS2_PLACEMENT_3D('',#2006,#2007,#2008);
#2006 = CARTESIAN_POINT('',(78.,58.,28.));
#2007 = DIRECTION('',(-0.,-0.,-1.));
#2008 = DIRECTION('',(0.,1.,-0.));
#2009 = DEFINITIONAL_REPRESENTATION('',(#2010),#2014);
#2010 = LINE('',#2011,#2012);
#2011 = CARTESIAN_POINT('',(0.,0.));
#2012 = VECTOR('',#2013,1.);
#2013 = DIRECTION('',(1.,0.));
#2014 = ( GEOMETRIC_REPRESENTATION_CONTEXT(2) 
PARAMETRIC_REPRESENTATION_CONTEXT() REPRESENTATION_CONTEXT('2D SPACE',''
  ) );
#2015 = ADVANCED_FACE('',(#2016),#1023,.T.);
#2016 = FACE_BOUND('',#2017,.T.);
#2017 = EDGE_LOOP('',(#2018,#2038,#2061,#2081));
#2018 = ORIENTED_EDGE('',*,*,#2019,.F.);
#2019 = EDGE_CURVE('',#1897,#985,#2020,.T.);
#2020 = SURFACE_CURVE('',#2021,(#2026,#2032),.PCURVE_S1.);
#2021 = CIRCLE('',#2022,2.);
#2022 = AXIS2_PLACEMENT_3D('',#2023,#2024,#2025);
#2023 = CARTESIAN_POINT('',(28.,58.,28.));
#2024 = DIRECTION('',(0.,-6.123233995737E-17,1.));
#2025 = DIRECTION('',(0.,1.,6.123233995737E-17));
#2026 = PCURVE('',#1023,#2027);
#2027 = DEFINITIONAL_REPRESENTATION('',(#2028),#2031);
#2028 = B_SPLINE_CURVE_WITH_KNOTS('',1,(#2029,#2030),.UNSPECIFIED.,.F.,
  .F.,(2,2),(4.712388980385,6.28318530718),.PIECEWISE_BEZIER_KNOTS.);
#2029 = CARTESIAN_POINT('',(1.570796326795,2.));
#2030 = CARTESIAN_POINT('',(0.,2.));
#2031 = ( GEOMETRIC_REPRESENTATION_CONTEXT(2) 
PARAMETRIC_REPRESENTATION_CONTEXT() REPRESENTATION_CONTEXT('2D SPACE',''
  ) );
#2032 = PCURVE('',#1860,#2033);
#2033 = DEFINITIONAL_REPRESENTATION('',(#2034),#2037);
#2034 = B_SPLINE_CURVE_WITH_KNOTS('',1,(#2035,#2036),.UNSPECIFIED.,.F.,
  .F.,(2,2),(4.712388980385,6.28318530718),.PIECEWISE_BEZIER_KNOTS.);
#2035 = CARTESIAN_POINT('',(1.570796326795,-1.570796326795));
#2036 = CARTESIAN_POINT('',(1.570796326795,0.));
#2037 = ( GEOMETRIC_REPRESENTATION_CONTEXT(2) 
PARAMETRIC_REPRESENTATION_CONTEXT() REPRESENTATION_CONTEXT('2D SPACE',''
  ) );
#2038 = ORIENTED_EDGE('',*,*,#2039,.T.);
#2039 = EDGE_CURVE('',#1897,#2040,#2042,.T.);
#2040 = VERTEX_POINT('',#2041);
#2041 = CARTESIAN_POINT('',(30.,58.,20.));
#2042 = SURFACE_CURVE('',#2043,(#2047,#2054),.PCURVE_S1.);
#2043 = LINE('',#2044,#2045);
#2044 = CARTESIAN_POINT('',(30.,58.,30.));
#2045 = VECTOR('',#2046,1.);
#2046 = DIRECTION('',(-0.,0.,-1.));
#2047 = PCURVE('',#1023,#2048);
#2048 = DEFINITIONAL_REPRESENTATION('',(#2049),#2053);
#2049 = LINE('',#2050,#2051);
#2050 = CARTESIAN_POINT('',(1.570796326795,0.));
#2051 = VECTOR('',#2052,1.);
#2052 = DIRECTION('',(0.,1.));
#2053 = ( GEOMETRIC_REPRESENTATION_CONTEXT(2) 
PARAMETRIC_REPRESENTATION_CONTEXT() REPRESENTATION_CONTEXT('2D SPACE',''
  ) );
#2054 = PCURVE('',#1415,#2055);
#2055 = DEFINITIONAL_REPRESENTATION('',(#2056),#2060);
#2056 = LINE('',#2057,#2058);
#2057 = CARTESIAN_POINT('',(12.,-59.));
#2058 = VECTOR('',#2059,1.);
#2059 = DIRECTION('',(-1.,-0.));
#2060 = ( GEOMETRIC_REPRESENTATION_CONTEXT(2) 
PARAMETRIC_REPRESENTATION_CONTEXT() REPRESENTATION_CONTEXT('2D SPACE',''
  ) );
#2061 = ORIENTED_EDGE('',*,*,#2062,.F.);
#2062 = EDGE_CURVE('',#1008,#2040,#2063,.T.);
#2063 = SURFACE_CURVE('',#2064,(#2069,#2075),.PCURVE_S1.);
#2064 = CIRCLE('',#2065,2.);
#2065 = AXIS2_PLACEMENT_3D('',#2066,#2067,#2068);
#2066 = CARTESIAN_POINT('',(28.,58.,20.));
#2067 = DIRECTION('',(6.123233995737E-17,0.,-1.));
#2068 = DIRECTION('',(-1.,0.,-6.123233995737E-17));
#2069 = PCURVE('',#1023,#2070);
#2070 = DEFINITIONAL_REPRESENTATION('',(#2071),#2074);
#2071 = B_SPLINE_CURVE_WITH_KNOTS('',1,(#2072,#2073),.UNSPECIFIED.,.F.,
  .F.,(2,2),(1.570796326795,3.14159265359),.PIECEWISE_BEZIER_KNOTS.);
#2072 = CARTESIAN_POINT('',(0.,10.));
#2073 = CARTESIAN_POINT('',(1.570796326795,10.));
#2074 = ( GEOMETRIC_REPRESENTATION_CONTEXT(2) 
PARAMETRIC_REPRESENTATION_CONTEXT() REPRESENTATION_CONTEXT('2D SPACE',''
  ) );
#2075 = PCURVE('',#1052,#2076);
#2076 = DEFINITIONAL_REPRESENTATION('',(#2077),#2080);
#2077 = B_SPLINE_CURVE_WITH_KNOTS('',1,(#2078,#2079),.UNSPECIFIED.,.F.,
  .F.,(2,2),(1.570796326795,3.14159265359),.PIECEWISE_BEZIER_KNOTS.);
#2078 = CARTESIAN_POINT('',(1.570796326795,1.570796326795));
#2079 = CARTESIAN_POINT('',(1.570796326795,3.14159265359));
#2080 = ( GEOMETRIC_REPRESENTATION_CONTEXT(2) 
PARAMETRIC_REPRESENTATION_CONTEXT() REPRESENTATION_CONTEXT('2D SPACE',''
  ) );
#2081 = ORIENTED_EDGE('',*,*,#1007,.F.);
#2082 = ADVANCED_FACE('',(#2083),#1165,.T.);
#2083 = FACE_BOUND('',#2084,.T.);
#2084 = EDGE_LOOP('',(#2085,#2086,#2115,#2138));
#2085 = ORIENTED_EDGE('',*,*,#1149,.F.);
#2086 = ORIENTED_EDGE('',*,*,#2087,.T.);
#2087 = EDGE_CURVE('',#1122,#2088,#2090,.T.);
#2088 = VERTEX_POINT('',#2089);
#2089 = CARTESIAN_POINT('',(47.,58.,30.));
#2090 = SURFACE_CURVE('',#2091,(#2096,#2103),.PCURVE_S1.);
#2091 = CIRCLE('',#2092,2.);
#2092 = AXIS2_PLACEMENT_3D('',#2093,#2094,#2095);
#2093 = CARTESIAN_POINT('',(47.,58.,28.));
#2094 = DIRECTION('',(1.,0.,-0.));
#2095 = DIRECTION('',(0.,1.,0.));
#2096 = PCURVE('',#1165,#2097);
#2097 = DEFINITIONAL_REPRESENTATION('',(#2098),#2102);
#2098 = LINE('',#2099,#2100);
#2099 = CARTESIAN_POINT('',(0.,2.));
#2100 = VECTOR('',#2101,1.);
#2101 = DIRECTION('',(1.,0.));
#2102 = ( GEOMETRIC_REPRESENTATION_CONTEXT(2) 
PARAMETRIC_REPRESENTATION_CONTEXT() REPRESENTATION_CONTEXT('2D SPACE',''
  ) );
#2103 = PCURVE('',#2104,#2109);
#2104 = SPHERICAL_SURFACE('',#2105,2.);
#2105 = AXIS2_PLACEMENT_3D('',#2106,#2107,#2108);
#2106 = CARTESIAN_POINT('',(47.,58.,28.));
#2107 = DIRECTION('',(1.,0.,-0.));
#2108 = DIRECTION('',(0.,1.,0.));
#2109 = DEFINITIONAL_REPRESENTATION('',(#2110),#2114);
#2110 = LINE('',#2111,#2112);
#2111 = CARTESIAN_POINT('',(0.,0.));
#2112 = VECTOR('',#2113,1.);
#2113 = DIRECTION('',(1.,0.));
#2114 = ( GEOMETRIC_REPRESENTATION_CONTEXT(2) 
PARAMETRIC_REPRESENTATION_CONTEXT() REPRESENTATION_CONTEXT('2D SPACE',''
  ) );
#2115 = ORIENTED_EDGE('',*,*,#2116,.T.);
#2116 = EDGE_CURVE('',#2088,#2117,#2119,.T.);
#2117 = VERTEX_POINT('',#2118);
#2118 = CARTESIAN_POINT('',(78.,58.,30.));
#2119 = SURFACE_CURVE('',#2120,(#2124,#2131),.PCURVE_S1.);
#2120 = LINE('',#2121,#2122);
#2121 = CARTESIAN_POINT('',(45.,58.,30.));
#2122 = VECTOR('',#2123,1.);
#2123 = DIRECTION('',(1.,0.,-0.));
#2124 = PCURVE('',#1165,#2125);
#2125 = DEFINITIONAL_REPRESENTATION('',(#2126),#2130);
#2126 = LINE('',#2127,#2128);
#2127 = CARTESIAN_POINT('',(1.570796326795,0.));
#2128 = VECTOR('',#2129,1.);
#2129 = DIRECTION('',(0.,1.));
#2130 = ( GEOMETRIC_REPRESENTATION_CONTEXT(2) 
PARAMETRIC_REPRESENTATION_CONTEXT() REPRESENTATION_CONTEXT('2D SPACE',''
  ) );
#2131 = PCURVE('',#1496,#2132);
#2132 = DEFINITIONAL_REPRESENTATION('',(#2133),#2137);
#2133 = LINE('',#2134,#2135);
#2134 = CARTESIAN_POINT('',(45.,58.));
#2135 = VECTOR('',#2136,1.);
#2136 = DIRECTION('',(1.,0.));
#2137 = ( GEOMETRIC_REPRESENTATION_CONTEXT(2) 
PARAMETRIC_REPRESENTATION_CONTEXT() REPRESENTATION_CONTEXT('2D SPACE',''
  ) );
#2138 = ORIENTED_EDGE('',*,*,#2139,.T.);
#2139 = EDGE_CURVE('',#2117,#1150,#2140,.T.);
#2140 = SURFACE_CURVE('',#2141,(#2146,#2152),.PCURVE_S1.);
#2141 = CIRCLE('',#2142,2.);
#2142 = AXIS2_PLACEMENT_3D('',#2143,#2144,#2145);
#2143 = CARTESIAN_POINT('',(78.,58.,28.));
#2144 = DIRECTION('',(-1.,0.,0.));
#2145 = DIRECTION('',(0.,1.,0.));
#2146 = PCURVE('',#1165,#2147);
#2147 = DEFINITIONAL_REPRESENTATION('',(#2148),#2151);
#2148 = B_SPLINE_CURVE_WITH_KNOTS('',1,(#2149,#2150),.UNSPECIFIED.,.F.,
  .F.,(2,2),(4.712388980385,6.28318530718),.PIECEWISE_BEZIER_KNOTS.);
#2149 = CARTESIAN_POINT('',(1.570796326795,33.));
#2150 = CARTESIAN_POINT('',(0.,33.));
#2151 = ( GEOMETRIC_REPRESENTATION_CONTEXT(2) 
PARAMETRIC_REPRESENTATION_CONTEXT() REPRESENTATION_CONTEXT('2D SPACE',''
  ) );
#2152 = PCURVE('',#2004,#2153);
#2153 = DEFINITIONAL_REPRESENTATION('',(#2154),#2157);
#2154 = B_SPLINE_CURVE_WITH_KNOTS('',1,(#2155,#2156),.UNSPECIFIED.,.F.,
  .F.,(2,2),(4.712388980385,6.28318530718),.PIECEWISE_BEZIER_KNOTS.);
#2155 = CARTESIAN_POINT('',(0.,-1.570796326795));
#2156 = CARTESIAN_POINT('',(0.,0.));
#2157 = ( GEOMETRIC_REPRESENTATION_CONTEXT(2) 
PARAMETRIC_REPRESENTATION_CONTEXT() REPRESENTATION_CONTEXT('2D SPACE',''
  ) );
#2158 = ADVANCED_FACE('',(#2159),#1052,.T.);
#2159 = FACE_BOUND('',#2160,.T.);
#2160 = EDGE_LOOP('',(#2161,#2183,#2184,#2185));
#2161 = ORIENTED_EDGE('',*,*,#2162,.F.);
#2162 = EDGE_CURVE('',#1036,#2163,#2165,.T.);
#2163 = VERTEX_POINT('',#2164);
#2164 = CARTESIAN_POINT('',(32.,58.,18.));
#2165 = SURFACE_CURVE('',#2166,(#2171,#2177),.PCURVE_S1.);
#2166 = CIRCLE('',#2167,2.);
#2167 = AXIS2_PLACEMENT_3D('',#2168,#2169,#2170);
#2168 = CARTESIAN_POINT('',(32.,58.,16.));
#2169 = DIRECTION('',(1.,0.,0.));
#2170 = DIRECTION('',(0.,0.,-1.));
#2171 = PCURVE('',#1052,#2172);
#2172 = DEFINITIONAL_REPRESENTATION('',(#2173),#2176);
#2173 = B_SPLINE_CURVE_WITH_KNOTS('',1,(#2174,#2175),.UNSPECIFIED.,.F.,
  .F.,(2,2),(1.570796326795,3.14159265359),.PIECEWISE_BEZIER_KNOTS.);
#2174 = CARTESIAN_POINT('',(0.,1.570796326795));
#2175 = CARTESIAN_POINT('',(0.,3.14159265359));
#2176 = ( GEOMETRIC_REPRESENTATION_CONTEXT(2) 
PARAMETRIC_REPRESENTATION_CONTEXT() REPRESENTATION_CONTEXT('2D SPACE',''
  ) );
#2177 = PCURVE('',#1080,#2178);
#2178 = DEFINITIONAL_REPRESENTATION('',(#2179),#2182);
#2179 = B_SPLINE_CURVE_WITH_KNOTS('',1,(#2180,#2181),.UNSPECIFIED.,.F.,
  .F.,(2,2),(1.570796326795,3.14159265359),.PIECEWISE_BEZIER_KNOTS.);
#2180 = CARTESIAN_POINT('',(0.,2.));
#2181 = CARTESIAN_POINT('',(1.570796326795,2.));
#2182 = ( GEOMETRIC_REPRESENTATION_CONTEXT(2) 
PARAMETRIC_REPRESENTATION_CONTEXT() REPRESENTATION_CONTEXT('2D SPACE',''
  ) );
#2183 = ORIENTED_EDGE('',*,*,#1035,.T.);
#2184 = ORIENTED_EDGE('',*,*,#2062,.T.);
#2185 = ORIENTED_EDGE('',*,*,#2186,.F.);
#2186 = EDGE_CURVE('',#2163,#2040,#2187,.T.);
#2187 = SURFACE_CURVE('',#2188,(#2193,#2200),.PCURVE_S1.);
#2188 = CIRCLE('',#2189,2.);
#2189 = AXIS2_PLACEMENT_3D('',#2190,#2191,#2192);
#2190 = CARTESIAN_POINT('',(32.,58.,20.));
#2191 = DIRECTION('',(0.,1.,0.));
#2192 = DIRECTION('',(0.,0.,-1.));
#2193 = PCURVE('',#1052,#2194);
#2194 = DEFINITIONAL_REPRESENTATION('',(#2195),#2199);
#2195 = LINE('',#2196,#2197);
#2196 = CARTESIAN_POINT('',(0.,3.14159265359));
#2197 = VECTOR('',#2198,1.);
#2198 = DIRECTION('',(1.,0.));
#2199 = ( GEOMETRIC_REPRESENTATION_CONTEXT(2) 
PARAMETRIC_REPRESENTATION_CONTEXT() REPRESENTATION_CONTEXT('2D SPACE',''
  ) );
#2200 = PCURVE('',#1570,#2201);
#2201 = DEFINITIONAL_REPRESENTATION('',(#2202),#2206);
#2202 = LINE('',#2203,#2204);
#2203 = CARTESIAN_POINT('',(0.,58.));
#2204 = VECTOR('',#2205,1.);
#2205 = DIRECTION('',(1.,0.));
#2206 = ( GEOMETRIC_REPRESENTATION_CONTEXT(2) 
PARAMETRIC_REPRESENTATION_CONTEXT() REPRESENTATION_CONTEXT('2D SPACE',''
  ) );
#2207 = ADVANCED_FACE('',(#2208),#1137,.T.);
#2208 = FACE_BOUND('',#2209,.F.);
#2209 = EDGE_LOOP('',(#2210,#2232,#2255,#2275));
#2210 = ORIENTED_EDGE('',*,*,#2211,.F.);
#2211 = EDGE_CURVE('',#2212,#1122,#2214,.T.);
#2212 = VERTEX_POINT('',#2213);
#2213 = CARTESIAN_POINT('',(45.,58.,28.));
#2214 = SURFACE_CURVE('',#2215,(#2220,#2226),.PCURVE_S1.);
#2215 = CIRCLE('',#2216,2.);
#2216 = AXIS2_PLACEMENT_3D('',#2217,#2218,#2219);
#2217 = CARTESIAN_POINT('',(47.,58.,28.));
#2218 = DIRECTION('',(-0.,0.,-1.));
#2219 = DIRECTION('',(0.,1.,0.));
#2220 = PCURVE('',#1137,#2221);
#2221 = DEFINITIONAL_REPRESENTATION('',(#2222),#2225);
#2222 = B_SPLINE_CURVE_WITH_KNOTS('',1,(#2223,#2224),.UNSPECIFIED.,.F.,
  .F.,(2,2),(4.712388980385,6.28318530718),.PIECEWISE_BEZIER_KNOTS.);
#2223 = CARTESIAN_POINT('',(-1.570796326795,2.));
#2224 = CARTESIAN_POINT('',(0.,2.));
#2225 = ( GEOMETRIC_REPRESENTATION_CONTEXT(2) 
PARAMETRIC_REPRESENTATION_CONTEXT() REPRESENTATION_CONTEXT('2D SPACE',''
  ) );
#2226 = PCURVE('',#2104,#2227);
#2227 = DEFINITIONAL_REPRESENTATION('',(#2228),#2231);
#2228 = B_SPLINE_CURVE_WITH_KNOTS('',1,(#2229,#2230),.UNSPECIFIED.,.F.,
  .F.,(2,2),(4.712388980385,6.28318530718),.PIECEWISE_BEZIER_KNOTS.);
#2229 = CARTESIAN_POINT('',(0.,-1.570796326795));
#2230 = CARTESIAN_POINT('',(0.,0.));
#2231 = ( GEOMETRIC_REPRESENTATION_CONTEXT(2) 
PARAMETRIC_REPRESENTATION_CONTEXT() REPRESENTATION_CONTEXT('2D SPACE',''
  ) );
#2232 = ORIENTED_EDGE('',*,*,#2233,.T.);
#2233 = EDGE_CURVE('',#2212,#2234,#2236,.T.);
#2234 = VERTEX_POINT('',#2235);
#2235 = CARTESIAN_POINT('',(45.,58.,20.));
#2236 = SURFACE_CURVE('',#2237,(#2241,#2248),.PCURVE_S1.);
#2237 = LINE('',#2238,#2239);
#2238 = CARTESIAN_POINT('',(45.,58.,30.));
#2239 = VECTOR('',#2240,1.);
#2240 = DIRECTION('',(-0.,0.,-1.));
#2241 = PCURVE('',#1137,#2242);
#2242 = DEFINITIONAL_REPRESENTATION('',(#2243),#2247);
#2243 = LINE('',#2244,#2245);
#2244 = CARTESIAN_POINT('',(-1.570796326795,0.));
#2245 = VECTOR('',#2246,1.);
#2246 = DIRECTION('',(-0.,1.));
#2247 = ( GEOMETRIC_REPRESENTATION_CONTEXT(2) 
PARAMETRIC_REPRESENTATION_CONTEXT() REPRESENTATION_CONTEXT('2D SPACE',''
  ) );
#2248 = PCURVE('',#1623,#2249);
#2249 = DEFINITIONAL_REPRESENTATION('',(#2250),#2254);
#2250 = LINE('',#2251,#2252);
#2251 = CARTESIAN_POINT('',(12.,-59.));
#2252 = VECTOR('',#2253,1.);
#2253 = DIRECTION('',(-1.,-0.));
#2254 = ( GEOMETRIC_REPRESENTATION_CONTEXT(2) 
PARAMETRIC_REPRESENTATION_CONTEXT() REPRESENTATION_CONTEXT('2D SPACE',''
  ) );
#2255 = ORIENTED_EDGE('',*,*,#2256,.F.);
#2256 = EDGE_CURVE('',#1093,#2234,#2257,.T.);
#2257 = SURFACE_CURVE('',#2258,(#2263,#2269),.PCURVE_S1.);
#2258 = CIRCLE('',#2259,2.);
#2259 = AXIS2_PLACEMENT_3D('',#2260,#2261,#2262);
#2260 = CARTESIAN_POINT('',(47.,58.,20.));
#2261 = DIRECTION('',(0.,-0.,1.));
#2262 = DIRECTION('',(1.,0.,0.));
#2263 = PCURVE('',#1137,#2264);
#2264 = DEFINITIONAL_REPRESENTATION('',(#2265),#2268);
#2265 = B_SPLINE_CURVE_WITH_KNOTS('',1,(#2266,#2267),.UNSPECIFIED.,.F.,
  .F.,(2,2),(1.570796326795,3.14159265359),.PIECEWISE_BEZIER_KNOTS.);
#2266 = CARTESIAN_POINT('',(0.,10.));
#2267 = CARTESIAN_POINT('',(-1.570796326795,10.));
#2268 = ( GEOMETRIC_REPRESENTATION_CONTEXT(2) 
PARAMETRIC_REPRESENTATION_CONTEXT() REPRESENTATION_CONTEXT('2D SPACE',''
  ) );
#2269 = PCURVE('',#1109,#2270);
#2270 = DEFINITIONAL_REPRESENTATION('',(#2271),#2274);
#2271 = B_SPLINE_CURVE_WITH_KNOTS('',1,(#2272,#2273),.UNSPECIFIED.,.F.,
  .F.,(2,2),(1.570796326795,3.14159265359),.PIECEWISE_BEZIER_KNOTS.);
#2272 = CARTESIAN_POINT('',(0.,1.570796326795));
#2273 = CARTESIAN_POINT('',(0.,3.14159265359));
#2274 = ( GEOMETRIC_REPRESENTATION_CONTEXT(2) 
PARAMETRIC_REPRESENTATION_CONTEXT() REPRESENTATION_CONTEXT('2D SPACE',''
  ) );
#2275 = ORIENTED_EDGE('',*,*,#1121,.F.);
#2276 = ADVANCED_FACE('',(#2277),#1080,.T.);
#2277 = FACE_BOUND('',#2278,.T.);
#2278 = EDGE_LOOP('',(#2279,#2280,#2303,#2323));
#2279 = ORIENTED_EDGE('',*,*,#2162,.T.);
#2280 = ORIENTED_EDGE('',*,*,#2281,.T.);
#2281 = EDGE_CURVE('',#2163,#2282,#2284,.T.);
#2282 = VERTEX_POINT('',#2283);
#2283 = CARTESIAN_POINT('',(43.,58.,18.));
#2284 = SURFACE_CURVE('',#2285,(#2289,#2296),.PCURVE_S1.);
#2285 = LINE('',#2286,#2287);
#2286 = CARTESIAN_POINT('',(30.,58.,18.));
#2287 = VECTOR('',#2288,1.);
#2288 = DIRECTION('',(1.,0.,-0.));
#2289 = PCURVE('',#1080,#2290);
#2290 = DEFINITIONAL_REPRESENTATION('',(#2291),#2295);
#2291 = LINE('',#2292,#2293);
#2292 = CARTESIAN_POINT('',(1.570796326795,0.));
#2293 = VECTOR('',#2294,1.);
#2294 = DIRECTION('',(0.,1.));
#2295 = ( GEOMETRIC_REPRESENTATION_CONTEXT(2) 
PARAMETRIC_REPRESENTATION_CONTEXT() REPRESENTATION_CONTEXT('2D SPACE',''
  ) );
#2296 = PCURVE('',#1676,#2297);
#2297 = DEFINITIONAL_REPRESENTATION('',(#2298),#2302);
#2298 = LINE('',#2299,#2300);
#2299 = CARTESIAN_POINT('',(0.,59.));
#2300 = VECTOR('',#2301,1.);
#2301 = DIRECTION('',(1.,0.));
#2302 = ( GEOMETRIC_REPRESENTATION_CONTEXT(2) 
PARAMETRIC_REPRESENTATION_CONTEXT() REPRESENTATION_CONTEXT('2D SPACE',''
  ) );
#2303 = ORIENTED_EDGE('',*,*,#2304,.F.);
#2304 = EDGE_CURVE('',#1065,#2282,#2305,.T.);
#2305 = SURFACE_CURVE('',#2306,(#2311,#2317),.PCURVE_S1.);
#2306 = CIRCLE('',#2307,2.);
#2307 = AXIS2_PLACEMENT_3D('',#2308,#2309,#2310);
#2308 = CARTESIAN_POINT('',(43.,58.,16.));
#2309 = DIRECTION('',(1.,0.,6.123233995737E-17));
#2310 = DIRECTION('',(6.123233995737E-17,0.,-1.));
#2311 = PCURVE('',#1080,#2312);
#2312 = DEFINITIONAL_REPRESENTATION('',(#2313),#2316);
#2313 = B_SPLINE_CURVE_WITH_KNOTS('',1,(#2314,#2315),.UNSPECIFIED.,.F.,
  .F.,(2,2),(1.570796326795,3.14159265359),.PIECEWISE_BEZIER_KNOTS.);
#2314 = CARTESIAN_POINT('',(0.,13.));
#2315 = CARTESIAN_POINT('',(1.570796326795,13.));
#2316 = ( GEOMETRIC_REPRESENTATION_CONTEXT(2) 
PARAMETRIC_REPRESENTATION_CONTEXT() REPRESENTATION_CONTEXT('2D SPACE',''
  ) );
#2317 = PCURVE('',#1109,#2318);
#2318 = DEFINITIONAL_REPRESENTATION('',(#2319),#2322);
#2319 = B_SPLINE_CURVE_WITH_KNOTS('',1,(#2320,#2321),.UNSPECIFIED.,.F.,
  .F.,(2,2),(1.570796326795,3.14159265359),.PIECEWISE_BEZIER_KNOTS.);
#2320 = CARTESIAN_POINT('',(1.570796326795,1.570796326795));
#2321 = CARTESIAN_POINT('',(1.570796326795,3.14159265359));
#2322 = ( GEOMETRIC_REPRESENTATION_CONTEXT(2) 
PARAMETRIC_REPRESENTATION_CONTEXT() REPRESENTATION_CONTEXT('2D SPACE',''
  ) );
#2323 = ORIENTED_EDGE('',*,*,#1064,.F.);
#2324 = ADVANCED_FACE('',(#2325),#1109,.T.);
#2325 = FACE_BOUND('',#2326,.T.);
#2326 = EDGE_LOOP('',(#2327,#2328,#2329,#2330));
#2327 = ORIENTED_EDGE('',*,*,#2256,.F.);
#2328 = ORIENTED_EDGE('',*,*,#1092,.T.);
#2329 = ORIENTED_EDGE('',*,*,#2304,.T.);
#2330 = ORIENTED_EDGE('',*,*,#2331,.F.);
#2331 = EDGE_CURVE('',#2234,#2282,#2332,.T.);
#2332 = SURFACE_CURVE('',#2333,(#2338,#2345),.PCURVE_S1.);
#2333 = CIRCLE('',#2334,2.);
#2334 = AXIS2_PLACEMENT_3D('',#2335,#2336,#2337);
#2335 = CARTESIAN_POINT('',(43.,58.,20.));
#2336 = DIRECTION('',(-0.,1.,0.));
#2337 = DIRECTION('',(1.,0.,0.));
#2338 = PCURVE('',#1109,#2339);
#2339 = DEFINITIONAL_REPRESENTATION('',(#2340),#2344);
#2340 = LINE('',#2341,#2342);
#2341 = CARTESIAN_POINT('',(0.,3.14159265359));
#2342 = VECTOR('',#2343,1.);
#2343 = DIRECTION('',(1.,0.));
#2344 = ( GEOMETRIC_REPRESENTATION_CONTEXT(2) 
PARAMETRIC_REPRESENTATION_CONTEXT() REPRESENTATION_CONTEXT('2D SPACE',''
  ) );
#2345 = PCURVE('',#1730,#2346);
#2346 = DEFINITIONAL_REPRESENTATION('',(#2347),#2351);
#2347 = LINE('',#2348,#2349);
#2348 = CARTESIAN_POINT('',(0.,58.));
#2349 = VECTOR('',#2350,1.);
#2350 = DIRECTION('',(1.,0.));
#2351 = ( GEOMETRIC_REPRESENTATION_CONTEXT(2) 
PARAMETRIC_REPRESENTATION_CONTEXT() REPRESENTATION_CONTEXT('2D SPACE',''
  ) );
#2352 = ADVANCED_FACE('',(#2353),#1245,.T.);
#2353 = FACE_BOUND('',#2354,.T.);
#2354 = EDGE_LOOP('',(#2355,#2356,#2357));
#2355 = ORIENTED_EDGE('',*,*,#1231,.F.);
#2356 = ORIENTED_EDGE('',*,*,#1776,.T.);
#2357 = ORIENTED_EDGE('',*,*,#1292,.F.);
#2358 = ADVANCED_FACE('',(#2359),#1276,.T.);
#2359 = FACE_BOUND('',#2360,.F.);
#2360 = EDGE_LOOP('',(#2361,#2362,#2363));
#2361 = ORIENTED_EDGE('',*,*,#1262,.F.);
#2362 = ORIENTED_EDGE('',*,*,#1876,.T.);
#2363 = ORIENTED_EDGE('',*,*,#1375,.F.);
#2364 = ADVANCED_FACE('',(#2365),#1359,.T.);
#2365 = FACE_BOUND('',#2366,.F.);
#2366 = EDGE_LOOP('',(#2367,#2368,#2393));
#2367 = ORIENTED_EDGE('',*,*,#1508,.F.);
#2368 = ORIENTED_EDGE('',*,*,#2369,.T.);
#2369 = EDGE_CURVE('',#1481,#1317,#2370,.T.);
#2370 = SURFACE_CURVE('',#2371,(#2376,#2382),.PCURVE_S1.);
#2371 = CIRCLE('',#2372,2.);
#2372 = AXIS2_PLACEMENT_3D('',#2373,#2374,#2375);
#2373 = CARTESIAN_POINT('',(78.,2.,28.));
#2374 = DIRECTION('',(6.123233995737E-17,1.,0.));
#2375 = DIRECTION('',(1.,-6.123233995737E-17,0.));
#2376 = PCURVE('',#1359,#2377);
#2377 = DEFINITIONAL_REPRESENTATION('',(#2378),#2381);
#2378 = B_SPLINE_CURVE_WITH_KNOTS('',1,(#2379,#2380),.UNSPECIFIED.,.F.,
  .F.,(2,2),(4.712388980385,6.28318530718),.PIECEWISE_BEZIER_KNOTS.);
#2379 = CARTESIAN_POINT('',(-1.570796326795,-1.570796326795));
#2380 = CARTESIAN_POINT('',(-1.570796326795,0.));
#2381 = ( GEOMETRIC_REPRESENTATION_CONTEXT(2) 
PARAMETRIC_REPRESENTATION_CONTEXT() REPRESENTATION_CONTEXT('2D SPACE',''
  ) );
#2382 = PCURVE('',#2383,#2388);
#2383 = CYLINDRICAL_SURFACE('',#2384,2.);
#2384 = AXIS2_PLACEMENT_3D('',#2385,#2386,#2387);
#2385 = CARTESIAN_POINT('',(78.,0.,28.));
#2386 = DIRECTION('',(-0.,1.,0.));
#2387 = DIRECTION('',(1.,0.,-0.));
#2388 = DEFINITIONAL_REPRESENTATION('',(#2389),#2392);
#2389 = B_SPLINE_CURVE_WITH_KNOTS('',1,(#2390,#2391),.UNSPECIFIED.,.F.,
  .F.,(2,2),(4.712388980385,6.28318530718),.PIECEWISE_BEZIER_KNOTS.);
#2390 = CARTESIAN_POINT('',(-1.570796326795,2.));
#2391 = CARTESIAN_POINT('',(0.,2.));
#2392 = ( GEOMETRIC_REPRESENTATION_CONTEXT(2) 
PARAMETRIC_REPRESENTATION_CONTEXT() REPRESENTATION_CONTEXT('2D SPACE',''
  ) );
#2393 = ORIENTED_EDGE('',*,*,#1344,.F.);
#2394 = ADVANCED_FACE('',(#2395),#1332,.T.);
#2395 = FACE_BOUND('',#2396,.T.);
#2396 = EDGE_LOOP('',(#2397,#2398,#2399,#2400));
#2397 = ORIENTED_EDGE('',*,*,#1316,.F.);
#2398 = ORIENTED_EDGE('',*,*,#1796,.T.);
#2399 = ORIENTED_EDGE('',*,*,#1966,.T.);
#2400 = ORIENTED_EDGE('',*,*,#2401,.F.);
#2401 = EDGE_CURVE('',#1317,#1967,#2402,.T.);
#2402 = SURFACE_CURVE('',#2403,(#2407,#2414),.PCURVE_S1.);
#2403 = LINE('',#2404,#2405);
#2404 = CARTESIAN_POINT('',(80.,0.,28.));
#2405 = VECTOR('',#2406,1.);
#2406 = DIRECTION('',(-0.,1.,0.));
#2407 = PCURVE('',#1332,#2408);
#2408 = DEFINITIONAL_REPRESENTATION('',(#2409),#2413);
#2409 = LINE('',#2410,#2411);
#2410 = CARTESIAN_POINT('',(28.,0.));
#2411 = VECTOR('',#2412,1.);
#2412 = DIRECTION('',(0.,-1.));
#2413 = ( GEOMETRIC_REPRESENTATION_CONTEXT(2) 
PARAMETRIC_REPRESENTATION_CONTEXT() REPRESENTATION_CONTEXT('2D SPACE',''
  ) );
#2414 = PCURVE('',#2383,#2415);
#2415 = DEFINITIONAL_REPRESENTATION('',(#2416),#2420);
#2416 = LINE('',#2417,#2418);
#2417 = CARTESIAN_POINT('',(-0.,0.));
#2418 = VECTOR('',#2419,1.);
#2419 = DIRECTION('',(-0.,1.));
#2420 = ( GEOMETRIC_REPRESENTATION_CONTEXT(2) 
PARAMETRIC_REPRESENTATION_CONTEXT() REPRESENTATION_CONTEXT('2D SPACE',''
  ) );
#2421 = ADVANCED_FACE('',(#2422),#1415,.T.);
#2422 = FACE_BOUND('',#2423,.T.);
#2423 = EDGE_LOOP('',(#2424,#2425,#2446,#2447));
#2424 = ORIENTED_EDGE('',*,*,#1399,.T.);
#2425 = ORIENTED_EDGE('',*,*,#2426,.T.);
#2426 = EDGE_CURVE('',#1400,#2040,#2427,.T.);
#2427 = SURFACE_CURVE('',#2428,(#2432,#2439),.PCURVE_S1.);
#2428 = LINE('',#2429,#2430);
#2429 = CARTESIAN_POINT('',(30.,0.,20.));
#2430 = VECTOR('',#2431,1.);
#2431 = DIRECTION('',(-0.,1.,0.));
#2432 = PCURVE('',#1415,#2433);
#2433 = DEFINITIONAL_REPRESENTATION('',(#2434),#2438);
#2434 = LINE('',#2435,#2436);
#2435 = CARTESIAN_POINT('',(2.,-1.));
#2436 = VECTOR('',#2437,1.);
#2437 = DIRECTION('',(0.,-1.));
#2438 = ( GEOMETRIC_REPRESENTATION_CONTEXT(2) 
PARAMETRIC_REPRESENTATION_CONTEXT() REPRESENTATION_CONTEXT('2D SPACE',''
  ) );
#2439 = PCURVE('',#1570,#2440);
#2440 = DEFINITIONAL_REPRESENTATION('',(#2441),#2445);
#2441 = LINE('',#2442,#2443);
#2442 = CARTESIAN_POINT('',(1.570796326795,0.));
#2443 = VECTOR('',#2444,1.);
#2444 = DIRECTION('',(0.,1.));
#2445 = ( GEOMETRIC_REPRESENTATION_CONTEXT(2) 
PARAMETRIC_REPRESENTATION_CONTEXT() REPRESENTATION_CONTEXT('2D SPACE',''
  ) );
#2446 = ORIENTED_EDGE('',*,*,#2039,.F.);
#2447 = ORIENTED_EDGE('',*,*,#1896,.F.);
#2448 = ADVANCED_FACE('',(#2449),#1468,.T.);
#2449 = FACE_BOUND('',#2450,.F.);
#2450 = EDGE_LOOP('',(#2451,#2452,#2477));
#2451 = ORIENTED_EDGE('',*,*,#1585,.F.);
#2452 = ORIENTED_EDGE('',*,*,#2453,.T.);
#2453 = EDGE_CURVE('',#1586,#1452,#2454,.T.);
#2454 = SURFACE_CURVE('',#2455,(#2460,#2466),.PCURVE_S1.);
#2455 = CIRCLE('',#2456,2.);
#2456 = AXIS2_PLACEMENT_3D('',#2457,#2458,#2459);
#2457 = CARTESIAN_POINT('',(47.,2.,28.));
#2458 = DIRECTION('',(0.,1.,6.123233995737E-17));
#2459 = DIRECTION('',(0.,-6.123233995737E-17,1.));
#2460 = PCURVE('',#1468,#2461);
#2461 = DEFINITIONAL_REPRESENTATION('',(#2462),#2465);
#2462 = B_SPLINE_CURVE_WITH_KNOTS('',1,(#2463,#2464),.UNSPECIFIED.,.F.,
  .F.,(2,2),(4.712388980385,6.28318530718),.PIECEWISE_BEZIER_KNOTS.);
#2463 = CARTESIAN_POINT('',(-1.570796326795,-1.570796326795));
#2464 = CARTESIAN_POINT('',(-1.570796326795,0.));
#2465 = ( GEOMETRIC_REPRESENTATION_CONTEXT(2) 
PARAMETRIC_REPRESENTATION_CONTEXT() REPRESENTATION_CONTEXT('2D SPACE',''
  ) );
#2466 = PCURVE('',#2467,#2472);
#2467 = CYLINDRICAL_SURFACE('',#2468,2.);
#2468 = AXIS2_PLACEMENT_3D('',#2469,#2470,#2471);
#2469 = CARTESIAN_POINT('',(47.,0.,28.));
#2470 = DIRECTION('',(-0.,1.,0.));
#2471 = DIRECTION('',(0.,0.,1.));
#2472 = DEFINITIONAL_REPRESENTATION('',(#2473),#2476);
#2473 = B_SPLINE_CURVE_WITH_KNOTS('',1,(#2474,#2475),.UNSPECIFIED.,.F.,
  .F.,(2,2),(4.712388980385,6.28318530718),.PIECEWISE_BEZIER_KNOTS.);
#2474 = CARTESIAN_POINT('',(-1.570796326795,2.));
#2475 = CARTESIAN_POINT('',(0.,2.));
#2476 = ( GEOMETRIC_REPRESENTATION_CONTEXT(2) 
PARAMETRIC_REPRESENTATION_CONTEXT() REPRESENTATION_CONTEXT('2D SPACE',''
  ) );
#2477 = ORIENTED_EDGE('',*,*,#1451,.F.);
#2478 = ADVANCED_FACE('',(#2479),#1496,.T.);
#2479 = FACE_BOUND('',#2480,.T.);
#2480 = EDGE_LOOP('',(#2481,#2482,#2503,#2504));
#2481 = ORIENTED_EDGE('',*,*,#1480,.T.);
#2482 = ORIENTED_EDGE('',*,*,#2483,.T.);
#2483 = EDGE_CURVE('',#1481,#2117,#2484,.T.);
#2484 = SURFACE_CURVE('',#2485,(#2489,#2496),.PCURVE_S1.);
#2485 = LINE('',#2486,#2487);
#2486 = CARTESIAN_POINT('',(78.,0.,30.));
#2487 = VECTOR('',#2488,1.);
#2488 = DIRECTION('',(-0.,1.,0.));
#2489 = PCURVE('',#1496,#2490);
#2490 = DEFINITIONAL_REPRESENTATION('',(#2491),#2495);
#2491 = LINE('',#2492,#2493);
#2492 = CARTESIAN_POINT('',(78.,0.));
#2493 = VECTOR('',#2494,1.);
#2494 = DIRECTION('',(0.,1.));
#2495 = ( GEOMETRIC_REPRESENTATION_CONTEXT(2) 
PARAMETRIC_REPRESENTATION_CONTEXT() REPRESENTATION_CONTEXT('2D SPACE',''
  ) );
#2496 = PCURVE('',#2383,#2497);
#2497 = DEFINITIONAL_REPRESENTATION('',(#2498),#2502);
#2498 = LINE('',#2499,#2500);
#2499 = CARTESIAN_POINT('',(-1.570796326795,0.));
#2500 = VECTOR('',#2501,1.);
#2501 = DIRECTION('',(-0.,1.));
#2502 = ( GEOMETRIC_REPRESENTATION_CONTEXT(2) 
PARAMETRIC_REPRESENTATION_CONTEXT() REPRESENTATION_CONTEXT('2D SPACE',''
  ) );
#2503 = ORIENTED_EDGE('',*,*,#2116,.F.);
#2504 = ORIENTED_EDGE('',*,*,#2505,.F.);
#2505 = EDGE_CURVE('',#1452,#2088,#2506,.T.);
#2506 = SURFACE_CURVE('',#2507,(#2511,#2518),.PCURVE_S1.);
#2507 = LINE('',#2508,#2509);
#2508 = CARTESIAN_POINT('',(47.,0.,30.));
#2509 = VECTOR('',#2510,1.);
#2510 = DIRECTION('',(-0.,1.,0.));
#2511 = PCURVE('',#1496,#2512);
#2512 = DEFINITIONAL_REPRESENTATION('',(#2513),#2517);
#2513 = LINE('',#2514,#2515);
#2514 = CARTESIAN_POINT('',(47.,0.));
#2515 = VECTOR('',#2516,1.);
#2516 = DIRECTION('',(0.,1.));
#2517 = ( GEOMETRIC_REPRESENTATION_CONTEXT(2) 
PARAMETRIC_REPRESENTATION_CONTEXT() REPRESENTATION_CONTEXT('2D SPACE',''
  ) );
#2518 = PCURVE('',#2467,#2519);
#2519 = DEFINITIONAL_REPRESENTATION('',(#2520),#2524);
#2520 = LINE('',#2521,#2522);
#2521 = CARTESIAN_POINT('',(-0.,0.));
#2522 = VECTOR('',#2523,1.);
#2523 = DIRECTION('',(-0.,1.));
#2524 = ( GEOMETRIC_REPRESENTATION_CONTEXT(2) 
PARAMETRIC_REPRESENTATION_CONTEXT() REPRESENTATION_CONTEXT('2D SPACE',''
  ) );
#2525 = ADVANCED_FACE('',(#2526),#1570,.F.);
#2526 = FACE_BOUND('',#2527,.F.);
#2527 = EDGE_LOOP('',(#2528,#2549,#2550,#2551));
#2528 = ORIENTED_EDGE('',*,*,#2529,.F.);
#2529 = EDGE_CURVE('',#1532,#2163,#2530,.T.);
#2530 = SURFACE_CURVE('',#2531,(#2535,#2542),.PCURVE_S1.);
#2531 = LINE('',#2532,#2533);
#2532 = CARTESIAN_POINT('',(32.,0.,18.));
#2533 = VECTOR('',#2534,1.);
#2534 = DIRECTION('',(-0.,1.,0.));
#2535 = PCURVE('',#1570,#2536);
#2536 = DEFINITIONAL_REPRESENTATION('',(#2537),#2541);
#2537 = LINE('',#2538,#2539);
#2538 = CARTESIAN_POINT('',(0.,0.));
#2539 = VECTOR('',#2540,1.);
#2540 = DIRECTION('',(0.,1.));
#2541 = ( GEOMETRIC_REPRESENTATION_CONTEXT(2) 
PARAMETRIC_REPRESENTATION_CONTEXT() REPRESENTATION_CONTEXT('2D SPACE',''
  ) );
#2542 = PCURVE('',#1676,#2543);
#2543 = DEFINITIONAL_REPRESENTATION('',(#2544),#2548);
#2544 = LINE('',#2545,#2546);
#2545 = CARTESIAN_POINT('',(2.,1.));
#2546 = VECTOR('',#2547,1.);
#2547 = DIRECTION('',(0.,1.));
#2548 = ( GEOMETRIC_REPRESENTATION_CONTEXT(2) 
PARAMETRIC_REPRESENTATION_CONTEXT() REPRESENTATION_CONTEXT('2D SPACE',''
  ) );
#2549 = ORIENTED_EDGE('',*,*,#1555,.T.);
#2550 = ORIENTED_EDGE('',*,*,#2426,.T.);
#2551 = ORIENTED_EDGE('',*,*,#2186,.F.);
#2552 = ADVANCED_FACE('',(#2553),#1623,.F.);
#2553 = FACE_BOUND('',#2554,.F.);
#2554 = EDGE_LOOP('',(#2555,#2556,#2577,#2578));
#2555 = ORIENTED_EDGE('',*,*,#1607,.T.);
#2556 = ORIENTED_EDGE('',*,*,#2557,.T.);
#2557 = EDGE_CURVE('',#1608,#2234,#2558,.T.);
#2558 = SURFACE_CURVE('',#2559,(#2563,#2570),.PCURVE_S1.);
#2559 = LINE('',#2560,#2561);
#2560 = CARTESIAN_POINT('',(45.,0.,20.));
#2561 = VECTOR('',#2562,1.);
#2562 = DIRECTION('',(-0.,1.,0.));
#2563 = PCURVE('',#1623,#2564);
#2564 = DEFINITIONAL_REPRESENTATION('',(#2565),#2569);
#2565 = LINE('',#2566,#2567);
#2566 = CARTESIAN_POINT('',(2.,-1.));
#2567 = VECTOR('',#2568,1.);
#2568 = DIRECTION('',(0.,-1.));
#2569 = ( GEOMETRIC_REPRESENTATION_CONTEXT(2) 
PARAMETRIC_REPRESENTATION_CONTEXT() REPRESENTATION_CONTEXT('2D SPACE',''
  ) );
#2570 = PCURVE('',#1730,#2571);
#2571 = DEFINITIONAL_REPRESENTATION('',(#2572),#2576);
#2572 = LINE('',#2573,#2574);
#2573 = CARTESIAN_POINT('',(0.,0.));
#2574 = VECTOR('',#2575,1.);
#2575 = DIRECTION('',(0.,1.));
#2576 = ( GEOMETRIC_REPRESENTATION_CONTEXT(2) 
PARAMETRIC_REPRESENTATION_CONTEXT() REPRESENTATION_CONTEXT('2D SPACE',''
  ) );
#2577 = ORIENTED_EDGE('',*,*,#2233,.F.);
#2578 = ORIENTED_EDGE('',*,*,#2579,.F.);
#2579 = EDGE_CURVE('',#1586,#2212,#2580,.T.);
#2580 = SURFACE_CURVE('',#2581,(#2585,#2592),.PCURVE_S1.);
#2581 = LINE('',#2582,#2583);
#2582 = CARTESIAN_POINT('',(45.,0.,28.));
#2583 = VECTOR('',#2584,1.);
#2584 = DIRECTION('',(-0.,1.,0.));
#2585 = PCURVE('',#1623,#2586);
#2586 = DEFINITIONAL_REPRESENTATION('',(#2587),#2591);
#2587 = LINE('',#2588,#2589);
#2588 = CARTESIAN_POINT('',(10.,-1.));
#2589 = VECTOR('',#2590,1.);
#2590 = DIRECTION('',(0.,-1.));
#2591 = ( GEOMETRIC_REPRESENTATION_CONTEXT(2) 
PARAMETRIC_REPRESENTATION_CONTEXT() REPRESENTATION_CONTEXT('2D SPACE',''
  ) );
#2592 = PCURVE('',#2467,#2593);
#2593 = DEFINITIONAL_REPRESENTATION('',(#2594),#2598);
#2594 = LINE('',#2595,#2596);
#2595 = CARTESIAN_POINT('',(-1.570796326795,0.));
#2596 = VECTOR('',#2597,1.);
#2597 = DIRECTION('',(-0.,1.));
#2598 = ( GEOMETRIC_REPRESENTATION_CONTEXT(2) 
PARAMETRIC_REPRESENTATION_CONTEXT() REPRESENTATION_CONTEXT('2D SPACE',''
  ) );
#2599 = ADVANCED_FACE('',(#2600),#1676,.T.);
#2600 = FACE_BOUND('',#2601,.T.);
#2601 = EDGE_LOOP('',(#2602,#2603,#2624,#2625));
#2602 = ORIENTED_EDGE('',*,*,#1660,.T.);
#2603 = ORIENTED_EDGE('',*,*,#2604,.T.);
#2604 = EDGE_CURVE('',#1661,#2282,#2605,.T.);
#2605 = SURFACE_CURVE('',#2606,(#2610,#2617),.PCURVE_S1.);
#2606 = LINE('',#2607,#2608);
#2607 = CARTESIAN_POINT('',(43.,0.,18.));
#2608 = VECTOR('',#2609,1.);
#2609 = DIRECTION('',(-0.,1.,0.));
#2610 = PCURVE('',#1676,#2611);
#2611 = DEFINITIONAL_REPRESENTATION('',(#2612),#2616);
#2612 = LINE('',#2613,#2614);
#2613 = CARTESIAN_POINT('',(13.,1.));
#2614 = VECTOR('',#2615,1.);
#2615 = DIRECTION('',(0.,1.));
#2616 = ( GEOMETRIC_REPRESENTATION_CONTEXT(2) 
PARAMETRIC_REPRESENTATION_CONTEXT() REPRESENTATION_CONTEXT('2D SPACE',''
  ) );
#2617 = PCURVE('',#1730,#2618);
#2618 = DEFINITIONAL_REPRESENTATION('',(#2619),#2623);
#2619 = LINE('',#2620,#2621);
#2620 = CARTESIAN_POINT('',(1.570796326795,0.));
#2621 = VECTOR('',#2622,1.);
#2622 = DIRECTION('',(0.,1.));
#2623 = ( GEOMETRIC_REPRESENTATION_CONTEXT(2) 
PARAMETRIC_REPRESENTATION_CONTEXT() REPRESENTATION_CONTEXT('2D SPACE',''
  ) );
#2624 = ORIENTED_EDGE('',*,*,#2281,.F.);
#2625 = ORIENTED_EDGE('',*,*,#2529,.F.);
#2626 = ADVANCED_FACE('',(#2627),#1730,.F.);
#2627 = FACE_BOUND('',#2628,.F.);
#2628 = EDGE_LOOP('',(#2629,#2630,#2631,#2632));
#2629 = ORIENTED_EDGE('',*,*,#2557,.F.);
#2630 = ORIENTED_EDGE('',*,*,#1715,.T.);
#2631 = ORIENTED_EDGE('',*,*,#2604,.T.);
#2632 = ORIENTED_EDGE('',*,*,#2331,.F.);
#2633 = ADVANCED_FACE('',(#2634),#1761,.T.);
#2634 = FACE_BOUND('',#2635,.F.);
#2635 = EDGE_LOOP('',(#2636,#2637,#2638));
#2636 = ORIENTED_EDGE('',*,*,#1747,.F.);
#2637 = ORIENTED_EDGE('',*,*,#1819,.T.);
#2638 = ORIENTED_EDGE('',*,*,#1944,.F.);
#2639 = ADVANCED_FACE('',(#2640),#1860,.T.);
#2640 = FACE_BOUND('',#2641,.T.);
#2641 = EDGE_LOOP('',(#2642,#2643,#2644));
#2642 = ORIENTED_EDGE('',*,*,#1919,.F.);
#2643 = ORIENTED_EDGE('',*,*,#2019,.T.);
#2644 = ORIENTED_EDGE('',*,*,#1845,.F.);
#2645 = ADVANCED_FACE('',(#2646),#2004,.T.);
#2646 = FACE_BOUND('',#2647,.T.);
#2647 = EDGE_LOOP('',(#2648,#2649,#2669));
#2648 = ORIENTED_EDGE('',*,*,#2139,.F.);
#2649 = ORIENTED_EDGE('',*,*,#2650,.T.);
#2650 = EDGE_CURVE('',#2117,#1967,#2651,.T.);
#2651 = SURFACE_CURVE('',#2652,(#2657,#2663),.PCURVE_S1.);
#2652 = CIRCLE('',#2653,2.);
#2653 = AXIS2_PLACEMENT_3D('',#2654,#2655,#2656);
#2654 = CARTESIAN_POINT('',(78.,58.,28.));
#2655 = DIRECTION('',(-6.123233995737E-17,1.,0.));
#2656 = DIRECTION('',(1.,6.123233995737E-17,0.));
#2657 = PCURVE('',#2004,#2658);
#2658 = DEFINITIONAL_REPRESENTATION('',(#2659),#2662);
#2659 = B_SPLINE_CURVE_WITH_KNOTS('',1,(#2660,#2661),.UNSPECIFIED.,.F.,
  .F.,(2,2),(4.712388980385,6.28318530718),.PIECEWISE_BEZIER_KNOTS.);
#2660 = CARTESIAN_POINT('',(1.570796326795,-1.570796326795));
#2661 = CARTESIAN_POINT('',(1.570796326795,0.));
#2662 = ( GEOMETRIC_REPRESENTATION_CONTEXT(2) 
PARAMETRIC_REPRESENTATION_CONTEXT() REPRESENTATION_CONTEXT('2D SPACE',''
  ) );
#2663 = PCURVE('',#2383,#2664);
#2664 = DEFINITIONAL_REPRESENTATION('',(#2665),#2668);
#2665 = B_SPLINE_CURVE_WITH_KNOTS('',1,(#2666,#2667),.UNSPECIFIED.,.F.,
  .F.,(2,2),(4.712388980385,6.28318530718),.PIECEWISE_BEZIER_KNOTS.);
#2666 = CARTESIAN_POINT('',(-1.570796326795,58.));
#2667 = CARTESIAN_POINT('',(0.,58.));
#2668 = ( GEOMETRIC_REPRESENTATION_CONTEXT(2) 
PARAMETRIC_REPRESENTATION_CONTEXT() REPRESENTATION_CONTEXT('2D SPACE',''
  ) );
#2669 = ORIENTED_EDGE('',*,*,#1989,.F.);
#2670 = ADVANCED_FACE('',(#2671),#2104,.T.);
#2671 = FACE_BOUND('',#2672,.T.);
#2672 = EDGE_LOOP('',(#2673,#2674,#2694));
#2673 = ORIENTED_EDGE('',*,*,#2211,.F.);
#2674 = ORIENTED_EDGE('',*,*,#2675,.T.);
#2675 = EDGE_CURVE('',#2212,#2088,#2676,.T.);
#2676 = SURFACE_CURVE('',#2677,(#2682,#2688),.PCURVE_S1.);
#2677 = CIRCLE('',#2678,2.);
#2678 = AXIS2_PLACEMENT_3D('',#2679,#2680,#2681);
#2679 = CARTESIAN_POINT('',(47.,58.,28.));
#2680 = DIRECTION('',(-0.,1.,-6.123233995737E-17));
#2681 = DIRECTION('',(0.,6.123233995737E-17,1.));
#2682 = PCURVE('',#2104,#2683);
#2683 = DEFINITIONAL_REPRESENTATION('',(#2684),#2687);
#2684 = B_SPLINE_CURVE_WITH_KNOTS('',1,(#2685,#2686),.UNSPECIFIED.,.F.,
  .F.,(2,2),(4.712388980385,6.28318530718),.PIECEWISE_BEZIER_KNOTS.);
#2685 = CARTESIAN_POINT('',(1.570796326795,-1.570796326795));
#2686 = CARTESIAN_POINT('',(1.570796326795,0.));
#2687 = ( GEOMETRIC_REPRESENTATION_CONTEXT(2) 
PARAMETRIC_REPRESENTATION_CONTEXT() REPRESENTATION_CONTEXT('2D SPACE',''
  ) );
#2688 = PCURVE('',#2467,#2689);
#2689 = DEFINITIONAL_REPRESENTATION('',(#2690),#2693);
#2690 = B_SPLINE_CURVE_WITH_KNOTS('',1,(#2691,#2692),.UNSPECIFIED.,.F.,
  .F.,(2,2),(4.712388980385,6.28318530718),.PIECEWISE_BEZIER_KNOTS.);
#2691 = CARTESIAN_POINT('',(-1.570796326795,58.));
#2692 = CARTESIAN_POINT('',(0.,58.));
#2693 = ( GEOMETRIC_REPRESENTATION_CONTEXT(2) 
PARAMETRIC_REPRESENTATION_CONTEXT() REPRESENTATION_CONTEXT('2D SPACE',''
  ) );
#2694 = ORIENTED_EDGE('',*,*,#2087,.F.);
#2695 = ADVANCED_FACE('',(#2696),#2383,.T.);
#2696 = FACE_BOUND('',#2697,.F.);
#2697 = EDGE_LOOP('',(#2698,#2699,#2700,#2701));
#2698 = ORIENTED_EDGE('',*,*,#2369,.F.);
#2699 = ORIENTED_EDGE('',*,*,#2483,.T.);
#2700 = ORIENTED_EDGE('',*,*,#2650,.T.);
#2701 = ORIENTED_EDGE('',*,*,#2401,.F.);
#2702 = ADVANCED_FACE('',(#2703),#2467,.T.);
#2703 = FACE_BOUND('',#2704,.F.);
#2704 = EDGE_LOOP('',(#2705,#2706,#2707,#2708));
#2705 = ORIENTED_EDGE('',*,*,#2453,.F.);
#2706 = ORIENTED_EDGE('',*,*,#2579,.T.);
#2707 = ORIENTED_EDGE('',*,*,#2675,.T.);
#2708 = ORIENTED_EDGE('',*,*,#2505,.F.);
#2709 = ( GEOMETRIC_REPRESENTATION_CONTEXT(3) 
GLOBAL_UNCERTAINTY_ASSIGNED_CONTEXT((#2713)) 
GLOBAL_UNIT_ASSIGNED_CONTEXT((#2710,#2711,#2712)) REPRESENTATION_CONTEXT
('Context #1','3D Context with UNIT and UNCERTAINTY') );
#2710 = ( LENGTH_UNIT() NAMED_UNIT(*) SI_UNIT(.MILLI.,.METRE.) );
#2711 = ( NAMED_UNIT(*) PLANE_ANGLE_UNIT() SI_UNIT($,.RADIAN.) );
#2712 = ( NAMED_UNIT(*) SI_UNIT($,.STERADIAN.) SOLID_ANGLE_UNIT() );
#2713 = UNCERTAINTY_MEASURE_WITH_UNIT(LENGTH_MEASURE(1.E-07),#2710,
  'distance_accuracy_value','confusion accuracy');
#2714 = PRODUCT_RELATED_PRODUCT_CATEGORY('part',$,(#7));
ENDSEC;
END-ISO-10303-21;
