ISO-10303-21;
HEADER;
FILE_DESCRIPTION(('Open CASCADE Model'),'2;1');
FILE_NAME('Open CASCADE Shape Model','1970-01-01T00:00:00',('Author'),(
    'Open CASCADE'),'Open CASCADE STEP processor 7.8','Open CASCADE 7.8'
  ,'Unknown');
FILE_SCHEMA(('AUTOMOTIVE_DESIGN { 1 0 10303 214 1 1 1 1 }'));
ENDSEC;
DATA;
#1 = APPLICATION_PROTOCOL_DEFINITION('international standard',
  'automotive_design',2000,#2);
#2 = APPLICATION_CONTEXT(
  'core data for automotive mechanical design processes');
#3 = SHAPE_DEFINITION_REPRESENTATION(#4,#10);
#4 = PRODUCT_DEFINITION_SHAPE('','',#5);
#5 = PRODUCT_DEFINITION('design','',#6,#9);
#6 = PRODUCT_DEFINITION_FORMATION('','',#7);
#7 = PRODUCT('Open CASCADE STEP translator 7.8 1',
  'Open CASCADE STEP translator 7.8 1','',(#8));
#8 = PRODUCT_CONTEXT('',#2,'mechanical');
#9 = PRODUCT_DEFINITION_CONTEXT('part definition',#2,'design');
#10 = ADVANCED_BREP_SHAPE_REPRESENTATION('',(#11,#15),#4504);
#11 = AXIS2_PLACEMENT_3D('',#12,#13,#14);
#12 = CARTESIAN_POINT('',(0.,0.,0.));
#13 = DIRECTION('',(0.,0.,1.));
#14 = DIRECTION('',(1.,0.,-0.));
#15 = MANIFOLD_SOLID_BREP('',#16);
#16 = CLOSED_SHELL('',(#17,#137,#225,#304,#385,#461,#491,#521,#597,#740,
    #765,#1146,#1171,#1247,#1280,#1311,#1387,#1420,#1487,#1541,#1595,
    #1628,#1695,#1744,#1818,#1872,#1926,#1979,#2032,#2086,#2140,#2172,
    #2221,#2286,#2292,#2298,#2305,#2311,#2338,#2365,#2371,#2826,#2925,
    #3024,#3310,#3596,#3695,#3794,#3976,#4078,#4158,#4212,#4287,#4341,
    #4416,#4470,#4497));
#17 = ADVANCED_FACE('',(#18),#32,.F.);
#18 = FACE_BOUND('',#19,.F.);
#19 = EDGE_LOOP('',(#20,#55,#83,#111));
#20 = ORIENTED_EDGE('',*,*,#21,.F.);
#21 = EDGE_CURVE('',#22,#24,#26,.T.);
#22 = VERTEX_POINT('',#23);
#23 = CARTESIAN_POINT('',(-8.881784197001E-16,4.,4.));
#24 = VERTEX_POINT('',#25);
#25 = CARTESIAN_POINT('',(-8.881784197001E-16,4.,26.));
#26 = SURFACE_CURVE('',#27,(#31,#43),.PCURVE_S1.);
#27 = LINE('',#28,#29);
#28 = CARTESIAN_POINT('',(-8.881784197001E-16,4.,0.));
#29 = VECTOR('',#30,1.);
#30 = DIRECTION('',(0.,0.,1.));
#31 = PCURVE('',#32,#37);
#32 = PLANE('',#33);
#33 = AXIS2_PLACEMENT_3D('',#34,#35,#36);
#34 = CARTESIAN_POINT('',(0.,0.,0.));
#35 = DIRECTION('',(1.,0.,-0.));
#36 = DIRECTION('',(0.,0.,1.));
#37 = DEFINITIONAL_REPRESENTATION('',(#38),#42);
#38 = LINE('',#39,#40);
#39 = CARTESIAN_POINT('',(0.,-4.));
#40 = VECTOR('',#41,1.);
#41 = DIRECTION('',(1.,0.));
#42 = ( GEOMETRIC_REPRESENTATION_CONTEXT(2) 
PARAMETRIC_REPRESENTATION_CONTEXT() REPRESENTATION_CONTEXT('2D SPACE',''
  ) );
#43 = PCURVE('',#44,#49);
#44 = CYLINDRICAL_SURFACE('',#45,4.);
#45 = AXIS2_PLACEMENT_3D('',#46,#47,#48);
#46 = CARTESIAN_POINT('',(4.,4.,0.));
#47 = DIRECTION('',(0.,0.,1.));
#48 = DIRECTION('',(-1.,-0.,0.));
#49 = DEFINITIONAL_REPRESENTATION('',(#50),#54);
#50 = LINE('',#51,#52);
#51 = CARTESIAN_POINT('',(0.,0.));
#52 = VECTOR('',#53,1.);
#53 = DIRECTION('',(0.,1.));
#54 = ( GEOMETRIC_REPRESENTATION_CONTEXT(2) 
PARAMETRIC_REPRESENTATION_CONTEXT() REPRESENTATION_CONTEXT('2D SPACE',''
  ) );
#55 = ORIENTED_EDGE('',*,*,#56,.T.);
#56 = EDGE_CURVE('',#22,#57,#59,.T.);
#57 = VERTEX_POINT('',#58);
#58 = CARTESIAN_POINT('',(-8.881784197001E-16,66.,4.));
#59 = SURFACE_CURVE('',#60,(#64,#71),.PCURVE_S1.);
#60 = LINE('',#61,#62);
#61 = CARTESIAN_POINT('',(-8.881784197001E-16,0.,4.));
#62 = VECTOR('',#63,1.);
#63 = DIRECTION('',(-0.,1.,0.));
#64 = PCURVE('',#32,#65);
#65 = DEFINITIONAL_REPRESENTATION('',(#66),#70);
#66 = LINE('',#67,#68);
#67 = CARTESIAN_POINT('',(4.,0.));
#68 = VECTOR('',#69,1.);
#69 = DIRECTION('',(0.,-1.));
#70 = ( GEOMETRIC_REPRESENTATION_CONTEXT(2) 
PARAMETRIC_REPRESENTATION_CONTEXT() REPRESENTATION_CONTEXT('2D SPACE',''
  ) );
#71 = PCURVE('',#72,#77);
#72 = CYLINDRICAL_SURFACE('',#73,4.);
#73 = AXIS2_PLACEMENT_3D('',#74,#75,#76);
#74 = CARTESIAN_POINT('',(4.,0.,4.));
#75 = DIRECTION('',(-0.,1.,0.));
#76 = DIRECTION('',(-1.,-0.,0.));
#77 = DEFINITIONAL_REPRESENTATION('',(#78),#82);
#78 = LINE('',#79,#80);
#79 = CARTESIAN_POINT('',(-0.,0.));
#80 = VECTOR('',#81,1.);
#81 = DIRECTION('',(-0.,1.));
#82 = ( GEOMETRIC_REPRESENTATION_CONTEXT(2) 
PARAMETRIC_REPRESENTATION_CONTEXT() REPRESENTATION_CONTEXT('2D SPACE',''
  ) );
#83 = ORIENTED_EDGE('',*,*,#84,.T.);
#84 = EDGE_CURVE('',#57,#85,#87,.T.);
#85 = VERTEX_POINT('',#86);
#86 = CARTESIAN_POINT('',(-8.881784197001E-16,66.,26.));
#87 = SURFACE_CURVE('',#88,(#92,#99),.PCURVE_S1.);
#88 = LINE('',#89,#90);
#89 = CARTESIAN_POINT('',(-8.881784197001E-16,66.,0.));
#90 = VECTOR('',#91,1.);
#91 = DIRECTION('',(0.,0.,1.));
#92 = PCURVE('',#32,#93);
#93 = DEFINITIONAL_REPRESENTATION('',(#94),#98);
#94 = LINE('',#95,#96);
#95 = CARTESIAN_POINT('',(0.,-66.));
#96 = VECTOR('',#97,1.);
#97 = DIRECTION('',(1.,0.));
#98 = ( GEOMETRIC_REPRESENTATION_CONTEXT(2) 
PARAMETRIC_REPRESENTATION_CONTEXT() REPRESENTATION_CONTEXT('2D SPACE',''
  ) );
#99 = PCURVE('',#100,#105);
#100 = CYLINDRICAL_SURFACE('',#101,4.);
#101 = AXIS2_PLACEMENT_3D('',#102,#103,#104);
#102 = CARTESIAN_POINT('',(4.,66.,0.));
#103 = DIRECTION('',(0.,0.,1.));
#104 = DIRECTION('',(-1.,-0.,0.));
#105 = DEFINITIONAL_REPRESENTATION('',(#106),#110);
#106 = LINE('',#107,#108);
#107 = CARTESIAN_POINT('',(-0.,0.));
#108 = VECTOR('',#109,1.);
#109 = DIRECTION('',(-0.,1.));
#110 = ( GEOMETRIC_REPRESENTATION_CONTEXT(2) 
PARAMETRIC_REPRESENTATION_CONTEXT() REPRESENTATION_CONTEXT('2D SPACE',''
  ) );
#111 = ORIENTED_EDGE('',*,*,#112,.F.);
#112 = EDGE_CURVE('',#24,#85,#113,.T.);
#113 = SURFACE_CURVE('',#114,(#118,#125),.PCURVE_S1.);
#114 = LINE('',#115,#116);
#115 = CARTESIAN_POINT('',(-8.881784197001E-16,0.,26.));
#116 = VECTOR('',#117,1.);
#117 = DIRECTION('',(-0.,1.,0.));
#118 = PCURVE('',#32,#119);
#119 = DEFINITIONAL_REPRESENTATION('',(#120),#124);
#120 = LINE('',#121,#122);
#121 = CARTESIAN_POINT('',(26.,0.));
#122 = VECTOR('',#123,1.);
#123 = DIRECTION('',(0.,-1.));
#124 = ( GEOMETRIC_REPRESENTATION_CONTEXT(2) 
PARAMETRIC_REPRESENTATION_CONTEXT() REPRESENTATION_CONTEXT('2D SPACE',''
  ) );
#125 = PCURVE('',#126,#131);
#126 = CYLINDRICAL_SURFACE('',#127,4.);
#127 = AXIS2_PLACEMENT_3D('',#128,#129,#130);
#128 = CARTESIAN_POINT('',(4.,0.,26.));
#129 = DIRECTION('',(-0.,1.,0.));
#130 = DIRECTION('',(-1.,-0.,0.));
#131 = DEFINITIONAL_REPRESENTATION('',(#132),#136);
#132 = LINE('',#133,#134);
#133 = CARTESIAN_POINT('',(0.,0.));
#134 = VECTOR('',#135,1.);
#135 = DIRECTION('',(0.,1.));
#136 = ( GEOMETRIC_REPRESENTATION_CONTEXT(2) 
PARAMETRIC_REPRESENTATION_CONTEXT() REPRESENTATION_CONTEXT('2D SPACE',''
  ) );
#137 = ADVANCED_FACE('',(#138),#44,.T.);
#138 = FACE_BOUND('',#139,.T.);
#139 = EDGE_LOOP('',(#140,#141,#170,#198));
#140 = ORIENTED_EDGE('',*,*,#21,.F.);
#141 = ORIENTED_EDGE('',*,*,#142,.T.);
#142 = EDGE_CURVE('',#22,#143,#145,.T.);
#143 = VERTEX_POINT('',#144);
#144 = CARTESIAN_POINT('',(4.,-8.881784197001E-16,4.));
#145 = SURFACE_CURVE('',#146,(#151,#158),.PCURVE_S1.);
#146 = CIRCLE('',#147,4.);
#147 = AXIS2_PLACEMENT_3D('',#148,#149,#150);
#148 = CARTESIAN_POINT('',(4.,4.,4.));
#149 = DIRECTION('',(0.,0.,1.));
#150 = DIRECTION('',(-1.,0.,0.));
#151 = PCURVE('',#44,#152);
#152 = DEFINITIONAL_REPRESENTATION('',(#153),#157);
#153 = LINE('',#154,#155);
#154 = CARTESIAN_POINT('',(0.,4.));
#155 = VECTOR('',#156,1.);
#156 = DIRECTION('',(1.,0.));
#157 = ( GEOMETRIC_REPRESENTATION_CONTEXT(2) 
PARAMETRIC_REPRESENTATION_CONTEXT() REPRESENTATION_CONTEXT('2D SPACE',''
  ) );
#158 = PCURVE('',#159,#164);
#159 = SPHERICAL_SURFACE('',#160,4.);
#160 = AXIS2_PLACEMENT_3D('',#161,#162,#163);
#161 = CARTESIAN_POINT('',(4.,4.,4.));
#162 = DIRECTION('',(0.,0.,1.));
#163 = DIRECTION('',(-1.,0.,0.));
#164 = DEFINITIONAL_REPRESENTATION('',(#165),#169);
#165 = LINE('',#166,#167);
#166 = CARTESIAN_POINT('',(0.,0.));
#167 = VECTOR('',#168,1.);
#168 = DIRECTION('',(1.,0.));
#169 = ( GEOMETRIC_REPRESENTATION_CONTEXT(2) 
PARAMETRIC_REPRESENTATION_CONTEXT() REPRESENTATION_CONTEXT('2D SPACE',''
  ) );
#170 = ORIENTED_EDGE('',*,*,#171,.T.);
#171 = EDGE_CURVE('',#143,#172,#174,.T.);
#172 = VERTEX_POINT('',#173);
#173 = CARTESIAN_POINT('',(4.,-8.881784197001E-16,26.));
#174 = SURFACE_CURVE('',#175,(#179,#186),.PCURVE_S1.);
#175 = LINE('',#176,#177);
#176 = CARTESIAN_POINT('',(4.,-8.881784197001E-16,0.));
#177 = VECTOR('',#178,1.);
#178 = DIRECTION('',(0.,0.,1.));
#179 = PCURVE('',#44,#180);
#180 = DEFINITIONAL_REPRESENTATION('',(#181),#185);
#181 = LINE('',#182,#183);
#182 = CARTESIAN_POINT('',(1.570796326795,0.));
#183 = VECTOR('',#184,1.);
#184 = DIRECTION('',(0.,1.));
#185 = ( GEOMETRIC_REPRESENTATION_CONTEXT(2) 
PARAMETRIC_REPRESENTATION_CONTEXT() REPRESENTATION_CONTEXT('2D SPACE',''
  ) );
#186 = PCURVE('',#187,#192);
#187 = PLANE('',#188);
#188 = AXIS2_PLACEMENT_3D('',#189,#190,#191);
#189 = CARTESIAN_POINT('',(0.,0.,0.));
#190 = DIRECTION('',(-0.,1.,0.));
#191 = DIRECTION('',(0.,0.,1.));
#192 = DEFINITIONAL_REPRESENTATION('',(#193),#197);
#193 = LINE('',#194,#195);
#194 = CARTESIAN_POINT('',(0.,4.));
#195 = VECTOR('',#196,1.);
#196 = DIRECTION('',(1.,0.));
#197 = ( GEOMETRIC_REPRESENTATION_CONTEXT(2) 
PARAMETRIC_REPRESENTATION_CONTEXT() REPRESENTATION_CONTEXT('2D SPACE',''
  ) );
#198 = ORIENTED_EDGE('',*,*,#199,.F.);
#199 = EDGE_CURVE('',#24,#172,#200,.T.);
#200 = SURFACE_CURVE('',#201,(#206,#213),.PCURVE_S1.);
#201 = CIRCLE('',#202,4.);
#202 = AXIS2_PLACEMENT_3D('',#203,#204,#205);
#203 = CARTESIAN_POINT('',(4.,4.,26.));
#204 = DIRECTION('',(0.,0.,1.));
#205 = DIRECTION('',(-1.,0.,0.));
#206 = PCURVE('',#44,#207);
#207 = DEFINITIONAL_REPRESENTATION('',(#208),#212);
#208 = LINE('',#209,#210);
#209 = CARTESIAN_POINT('',(0.,26.));
#210 = VECTOR('',#211,1.);
#211 = DIRECTION('',(1.,0.));
#212 = ( GEOMETRIC_REPRESENTATION_CONTEXT(2) 
PARAMETRIC_REPRESENTATION_CONTEXT() REPRESENTATION_CONTEXT('2D SPACE',''
  ) );
#213 = PCURVE('',#214,#219);
#214 = SPHERICAL_SURFACE('',#215,4.);
#215 = AXIS2_PLACEMENT_3D('',#216,#217,#218);
#216 = CARTESIAN_POINT('',(4.,4.,26.));
#217 = DIRECTION('',(-0.,-0.,-1.));
#218 = DIRECTION('',(-1.,0.,0.));
#219 = DEFINITIONAL_REPRESENTATION('',(#220),#224);
#220 = LINE('',#221,#222);
#221 = CARTESIAN_POINT('',(-0.,0.));
#222 = VECTOR('',#223,1.);
#223 = DIRECTION('',(-1.,0.));
#224 = ( GEOMETRIC_REPRESENTATION_CONTEXT(2) 
PARAMETRIC_REPRESENTATION_CONTEXT() REPRESENTATION_CONTEXT('2D SPACE',''
  ) );
#225 = ADVANCED_FACE('',(#226),#72,.T.);
#226 = FACE_BOUND('',#227,.F.);
#227 = EDGE_LOOP('',(#228,#250,#278,#303));
#228 = ORIENTED_EDGE('',*,*,#229,.F.);
#229 = EDGE_CURVE('',#230,#22,#232,.T.);
#230 = VERTEX_POINT('',#231);
#231 = CARTESIAN_POINT('',(4.,4.,0.));
#232 = SURFACE_CURVE('',#233,(#238,#244),.PCURVE_S1.);
#233 = CIRCLE('',#234,4.);
#234 = AXIS2_PLACEMENT_3D('',#235,#236,#237);
#235 = CARTESIAN_POINT('',(4.,4.,4.));
#236 = DIRECTION('',(0.,1.,-0.));
#237 = DIRECTION('',(-1.,0.,0.));
#238 = PCURVE('',#72,#239);
#239 = DEFINITIONAL_REPRESENTATION('',(#240),#243);
#240 = B_SPLINE_CURVE_WITH_KNOTS('',1,(#241,#242),.UNSPECIFIED.,.F.,.F.,
  (2,2),(4.712388980385,6.28318530718),.PIECEWISE_BEZIER_KNOTS.);
#241 = CARTESIAN_POINT('',(-1.570796326795,4.));
#242 = CARTESIAN_POINT('',(0.,4.));
#243 = ( GEOMETRIC_REPRESENTATION_CONTEXT(2) 
PARAMETRIC_REPRESENTATION_CONTEXT() REPRESENTATION_CONTEXT('2D SPACE',''
  ) );
#244 = PCURVE('',#159,#245);
#245 = DEFINITIONAL_REPRESENTATION('',(#246),#249);
#246 = B_SPLINE_CURVE_WITH_KNOTS('',1,(#247,#248),.UNSPECIFIED.,.F.,.F.,
  (2,2),(4.712388980385,6.28318530718),.PIECEWISE_BEZIER_KNOTS.);
#247 = CARTESIAN_POINT('',(0.,-1.570796326795));
#248 = CARTESIAN_POINT('',(0.,0.));
#249 = ( GEOMETRIC_REPRESENTATION_CONTEXT(2) 
PARAMETRIC_REPRESENTATION_CONTEXT() REPRESENTATION_CONTEXT('2D SPACE',''
  ) );
#250 = ORIENTED_EDGE('',*,*,#251,.T.);
#251 = EDGE_CURVE('',#230,#252,#254,.T.);
#252 = VERTEX_POINT('',#253);
#253 = CARTESIAN_POINT('',(4.,66.,0.));
#254 = SURFACE_CURVE('',#255,(#259,#266),.PCURVE_S1.);
#255 = LINE('',#256,#257);
#256 = CARTESIAN_POINT('',(4.,0.,-8.881784197001E-16));
#257 = VECTOR('',#258,1.);
#258 = DIRECTION('',(-0.,1.,0.));
#259 = PCURVE('',#72,#260);
#260 = DEFINITIONAL_REPRESENTATION('',(#261),#265);
#261 = LINE('',#262,#263);
#262 = CARTESIAN_POINT('',(-1.570796326795,0.));
#263 = VECTOR('',#264,1.);
#264 = DIRECTION('',(-0.,1.));
#265 = ( GEOMETRIC_REPRESENTATION_CONTEXT(2) 
PARAMETRIC_REPRESENTATION_CONTEXT() REPRESENTATION_CONTEXT('2D SPACE',''
  ) );
#266 = PCURVE('',#267,#272);
#267 = PLANE('',#268);
#268 = AXIS2_PLACEMENT_3D('',#269,#270,#271);
#269 = CARTESIAN_POINT('',(0.,0.,0.));
#270 = DIRECTION('',(0.,0.,1.));
#271 = DIRECTION('',(1.,0.,-0.));
#272 = DEFINITIONAL_REPRESENTATION('',(#273),#277);
#273 = LINE('',#274,#275);
#274 = CARTESIAN_POINT('',(4.,0.));
#275 = VECTOR('',#276,1.);
#276 = DIRECTION('',(0.,1.));
#277 = ( GEOMETRIC_REPRESENTATION_CONTEXT(2) 
PARAMETRIC_REPRESENTATION_CONTEXT() REPRESENTATION_CONTEXT('2D SPACE',''
  ) );
#278 = ORIENTED_EDGE('',*,*,#279,.T.);
#279 = EDGE_CURVE('',#252,#57,#280,.T.);
#280 = SURFACE_CURVE('',#281,(#286,#292),.PCURVE_S1.);
#281 = CIRCLE('',#282,4.);
#282 = AXIS2_PLACEMENT_3D('',#283,#284,#285);
#283 = CARTESIAN_POINT('',(4.,66.,4.));
#284 = DIRECTION('',(0.,1.,-0.));
#285 = DIRECTION('',(-1.,0.,0.));
#286 = PCURVE('',#72,#287);
#287 = DEFINITIONAL_REPRESENTATION('',(#288),#291);
#288 = B_SPLINE_CURVE_WITH_KNOTS('',1,(#289,#290),.UNSPECIFIED.,.F.,.F.,
  (2,2),(4.712388980385,6.28318530718),.PIECEWISE_BEZIER_KNOTS.);
#289 = CARTESIAN_POINT('',(-1.570796326795,66.));
#290 = CARTESIAN_POINT('',(0.,66.));
#291 = ( GEOMETRIC_REPRESENTATION_CONTEXT(2) 
PARAMETRIC_REPRESENTATION_CONTEXT() REPRESENTATION_CONTEXT('2D SPACE',''
  ) );
#292 = PCURVE('',#293,#298);
#293 = SPHERICAL_SURFACE('',#294,4.);
#294 = AXIS2_PLACEMENT_3D('',#295,#296,#297);
#295 = CARTESIAN_POINT('',(4.,66.,4.));
#296 = DIRECTION('',(0.,0.,1.));
#297 = DIRECTION('',(-1.,0.,0.));
#298 = DEFINITIONAL_REPRESENTATION('',(#299),#302);
#299 = B_SPLINE_CURVE_WITH_KNOTS('',1,(#300,#301),.UNSPECIFIED.,.F.,.F.,
  (2,2),(4.712388980385,6.28318530718),.PIECEWISE_BEZIER_KNOTS.);
#300 = CARTESIAN_POINT('',(0.,-1.570796326795));
#301 = CARTESIAN_POINT('',(0.,0.));
#302 = ( GEOMETRIC_REPRESENTATION_CONTEXT(2) 
PARAMETRIC_REPRESENTATION_CONTEXT() REPRESENTATION_CONTEXT('2D SPACE',''
  ) );
#303 = ORIENTED_EDGE('',*,*,#56,.F.);
#304 = ADVANCED_FACE('',(#305),#126,.T.);
#305 = FACE_BOUND('',#306,.T.);
#306 = EDGE_LOOP('',(#307,#329,#357,#384));
#307 = ORIENTED_EDGE('',*,*,#308,.F.);
#308 = EDGE_CURVE('',#309,#24,#311,.T.);
#309 = VERTEX_POINT('',#310);
#310 = CARTESIAN_POINT('',(4.,4.,30.));
#311 = SURFACE_CURVE('',#312,(#317,#323),.PCURVE_S1.);
#312 = CIRCLE('',#313,4.);
#313 = AXIS2_PLACEMENT_3D('',#314,#315,#316);
#314 = CARTESIAN_POINT('',(4.,4.,26.));
#315 = DIRECTION('',(0.,-1.,0.));
#316 = DIRECTION('',(-1.,0.,0.));
#317 = PCURVE('',#126,#318);
#318 = DEFINITIONAL_REPRESENTATION('',(#319),#322);
#319 = B_SPLINE_CURVE_WITH_KNOTS('',1,(#320,#321),.UNSPECIFIED.,.F.,.F.,
  (2,2),(4.712388980385,6.28318530718),.PIECEWISE_BEZIER_KNOTS.);
#320 = CARTESIAN_POINT('',(1.570796326795,4.));
#321 = CARTESIAN_POINT('',(0.,4.));
#322 = ( GEOMETRIC_REPRESENTATION_CONTEXT(2) 
PARAMETRIC_REPRESENTATION_CONTEXT() REPRESENTATION_CONTEXT('2D SPACE',''
  ) );
#323 = PCURVE('',#214,#324);
#324 = DEFINITIONAL_REPRESENTATION('',(#325),#328);
#325 = B_SPLINE_CURVE_WITH_KNOTS('',1,(#326,#327),.UNSPECIFIED.,.F.,.F.,
  (2,2),(4.712388980385,6.28318530718),.PIECEWISE_BEZIER_KNOTS.);
#326 = CARTESIAN_POINT('',(0.,-1.570796326795));
#327 = CARTESIAN_POINT('',(0.,0.));
#328 = ( GEOMETRIC_REPRESENTATION_CONTEXT(2) 
PARAMETRIC_REPRESENTATION_CONTEXT() REPRESENTATION_CONTEXT('2D SPACE',''
  ) );
#329 = ORIENTED_EDGE('',*,*,#330,.T.);
#330 = EDGE_CURVE('',#309,#331,#333,.T.);
#331 = VERTEX_POINT('',#332);
#332 = CARTESIAN_POINT('',(4.,66.,30.));
#333 = SURFACE_CURVE('',#334,(#338,#345),.PCURVE_S1.);
#334 = LINE('',#335,#336);
#335 = CARTESIAN_POINT('',(4.,0.,30.));
#336 = VECTOR('',#337,1.);
#337 = DIRECTION('',(-0.,1.,0.));
#338 = PCURVE('',#126,#339);
#339 = DEFINITIONAL_REPRESENTATION('',(#340),#344);
#340 = LINE('',#341,#342);
#341 = CARTESIAN_POINT('',(1.570796326795,0.));
#342 = VECTOR('',#343,1.);
#343 = DIRECTION('',(0.,1.));
#344 = ( GEOMETRIC_REPRESENTATION_CONTEXT(2) 
PARAMETRIC_REPRESENTATION_CONTEXT() REPRESENTATION_CONTEXT('2D SPACE',''
  ) );
#345 = PCURVE('',#346,#351);
#346 = PLANE('',#347);
#347 = AXIS2_PLACEMENT_3D('',#348,#349,#350);
#348 = CARTESIAN_POINT('',(0.,0.,30.));
#349 = DIRECTION('',(0.,0.,1.));
#350 = DIRECTION('',(1.,0.,-0.));
#351 = DEFINITIONAL_REPRESENTATION('',(#352),#356);
#352 = LINE('',#353,#354);
#353 = CARTESIAN_POINT('',(4.,0.));
#354 = VECTOR('',#355,1.);
#355 = DIRECTION('',(0.,1.));
#356 = ( GEOMETRIC_REPRESENTATION_CONTEXT(2) 
PARAMETRIC_REPRESENTATION_CONTEXT() REPRESENTATION_CONTEXT('2D SPACE',''
  ) );
#357 = ORIENTED_EDGE('',*,*,#358,.F.);
#358 = EDGE_CURVE('',#85,#331,#359,.T.);
#359 = SURFACE_CURVE('',#360,(#365,#372),.PCURVE_S1.);
#360 = CIRCLE('',#361,4.);
#361 = AXIS2_PLACEMENT_3D('',#362,#363,#364);
#362 = CARTESIAN_POINT('',(4.,66.,26.));
#363 = DIRECTION('',(-0.,1.,0.));
#364 = DIRECTION('',(-1.,-0.,0.));
#365 = PCURVE('',#126,#366);
#366 = DEFINITIONAL_REPRESENTATION('',(#367),#371);
#367 = LINE('',#368,#369);
#368 = CARTESIAN_POINT('',(0.,66.));
#369 = VECTOR('',#370,1.);
#370 = DIRECTION('',(1.,0.));
#371 = ( GEOMETRIC_REPRESENTATION_CONTEXT(2) 
PARAMETRIC_REPRESENTATION_CONTEXT() REPRESENTATION_CONTEXT('2D SPACE',''
  ) );
#372 = PCURVE('',#373,#378);
#373 = SPHERICAL_SURFACE('',#374,4.);
#374 = AXIS2_PLACEMENT_3D('',#375,#376,#377);
#375 = CARTESIAN_POINT('',(4.,66.,26.));
#376 = DIRECTION('',(0.,-1.,-0.));
#377 = DIRECTION('',(-1.,-0.,0.));
#378 = DEFINITIONAL_REPRESENTATION('',(#379),#383);
#379 = LINE('',#380,#381);
#380 = CARTESIAN_POINT('',(-0.,0.));
#381 = VECTOR('',#382,1.);
#382 = DIRECTION('',(-1.,0.));
#383 = ( GEOMETRIC_REPRESENTATION_CONTEXT(2) 
PARAMETRIC_REPRESENTATION_CONTEXT() REPRESENTATION_CONTEXT('2D SPACE',''
  ) );
#384 = ORIENTED_EDGE('',*,*,#112,.F.);
#385 = ADVANCED_FACE('',(#386),#100,.T.);
#386 = FACE_BOUND('',#387,.F.);
#387 = EDGE_LOOP('',(#388,#389,#413,#441));
#388 = ORIENTED_EDGE('',*,*,#84,.F.);
#389 = ORIENTED_EDGE('',*,*,#390,.T.);
#390 = EDGE_CURVE('',#57,#391,#393,.T.);
#391 = VERTEX_POINT('',#392);
#392 = CARTESIAN_POINT('',(4.,70.,4.));
#393 = SURFACE_CURVE('',#394,(#399,#406),.PCURVE_S1.);
#394 = CIRCLE('',#395,4.);
#395 = AXIS2_PLACEMENT_3D('',#396,#397,#398);
#396 = CARTESIAN_POINT('',(4.,66.,4.));
#397 = DIRECTION('',(-0.,0.,-1.));
#398 = DIRECTION('',(-1.,0.,0.));
#399 = PCURVE('',#100,#400);
#400 = DEFINITIONAL_REPRESENTATION('',(#401),#405);
#401 = LINE('',#402,#403);
#402 = CARTESIAN_POINT('',(-0.,4.));
#403 = VECTOR('',#404,1.);
#404 = DIRECTION('',(-1.,0.));
#405 = ( GEOMETRIC_REPRESENTATION_CONTEXT(2) 
PARAMETRIC_REPRESENTATION_CONTEXT() REPRESENTATION_CONTEXT('2D SPACE',''
  ) );
#406 = PCURVE('',#293,#407);
#407 = DEFINITIONAL_REPRESENTATION('',(#408),#412);
#408 = LINE('',#409,#410);
#409 = CARTESIAN_POINT('',(-0.,0.));
#410 = VECTOR('',#411,1.);
#411 = DIRECTION('',(-1.,0.));
#412 = ( GEOMETRIC_REPRESENTATION_CONTEXT(2) 
PARAMETRIC_REPRESENTATION_CONTEXT() REPRESENTATION_CONTEXT('2D SPACE',''
  ) );
#413 = ORIENTED_EDGE('',*,*,#414,.T.);
#414 = EDGE_CURVE('',#391,#415,#417,.T.);
#415 = VERTEX_POINT('',#416);
#416 = CARTESIAN_POINT('',(4.,70.,26.));
#417 = SURFACE_CURVE('',#418,(#422,#429),.PCURVE_S1.);
#418 = LINE('',#419,#420);
#419 = CARTESIAN_POINT('',(4.,70.,0.));
#420 = VECTOR('',#421,1.);
#421 = DIRECTION('',(0.,0.,1.));
#422 = PCURVE('',#100,#423);
#423 = DEFINITIONAL_REPRESENTATION('',(#424),#428);
#424 = LINE('',#425,#426);
#425 = CARTESIAN_POINT('',(-1.570796326795,0.));
#426 = VECTOR('',#427,1.);
#427 = DIRECTION('',(-0.,1.));
#428 = ( GEOMETRIC_REPRESENTATION_CONTEXT(2) 
PARAMETRIC_REPRESENTATION_CONTEXT() REPRESENTATION_CONTEXT('2D SPACE',''
  ) );
#429 = PCURVE('',#430,#435);
#430 = PLANE('',#431);
#431 = AXIS2_PLACEMENT_3D('',#432,#433,#434);
#432 = CARTESIAN_POINT('',(0.,70.,0.));
#433 = DIRECTION('',(-0.,1.,0.));
#434 = DIRECTION('',(0.,0.,1.));
#435 = DEFINITIONAL_REPRESENTATION('',(#436),#440);
#436 = LINE('',#437,#438);
#437 = CARTESIAN_POINT('',(0.,4.));
#438 = VECTOR('',#439,1.);
#439 = DIRECTION('',(1.,0.));
#440 = ( GEOMETRIC_REPRESENTATION_CONTEXT(2) 
PARAMETRIC_REPRESENTATION_CONTEXT() REPRESENTATION_CONTEXT('2D SPACE',''
  ) );
#441 = ORIENTED_EDGE('',*,*,#442,.T.);
#442 = EDGE_CURVE('',#415,#85,#443,.T.);
#443 = SURFACE_CURVE('',#444,(#449,#455),.PCURVE_S1.);
#444 = CIRCLE('',#445,4.);
#445 = AXIS2_PLACEMENT_3D('',#446,#447,#448);
#446 = CARTESIAN_POINT('',(4.,66.,26.));
#447 = DIRECTION('',(0.,0.,1.));
#448 = DIRECTION('',(-1.,-0.,0.));
#449 = PCURVE('',#100,#450);
#450 = DEFINITIONAL_REPRESENTATION('',(#451),#454);
#451 = B_SPLINE_CURVE_WITH_KNOTS('',1,(#452,#453),.UNSPECIFIED.,.F.,.F.,
  (2,2),(4.712388980385,6.28318530718),.PIECEWISE_BEZIER_KNOTS.);
#452 = CARTESIAN_POINT('',(-1.570796326795,26.));
#453 = CARTESIAN_POINT('',(0.,26.));
#454 = ( GEOMETRIC_REPRESENTATION_CONTEXT(2) 
PARAMETRIC_REPRESENTATION_CONTEXT() REPRESENTATION_CONTEXT('2D SPACE',''
  ) );
#455 = PCURVE('',#373,#456);
#456 = DEFINITIONAL_REPRESENTATION('',(#457),#460);
#457 = B_SPLINE_CURVE_WITH_KNOTS('',1,(#458,#459),.UNSPECIFIED.,.F.,.F.,
  (2,2),(4.712388980385,6.28318530718),.PIECEWISE_BEZIER_KNOTS.);
#458 = CARTESIAN_POINT('',(0.,-1.570796326795));
#459 = CARTESIAN_POINT('',(0.,0.));
#460 = ( GEOMETRIC_REPRESENTATION_CONTEXT(2) 
PARAMETRIC_REPRESENTATION_CONTEXT() REPRESENTATION_CONTEXT('2D SPACE',''
  ) );
#461 = ADVANCED_FACE('',(#462),#159,.T.);
#462 = FACE_BOUND('',#463,.T.);
#463 = EDGE_LOOP('',(#464,#465,#490));
#464 = ORIENTED_EDGE('',*,*,#229,.F.);
#465 = ORIENTED_EDGE('',*,*,#466,.T.);
#466 = EDGE_CURVE('',#230,#143,#467,.T.);
#467 = SURFACE_CURVE('',#468,(#473,#479),.PCURVE_S1.);
#468 = CIRCLE('',#469,4.);
#469 = AXIS2_PLACEMENT_3D('',#470,#471,#472);
#470 = CARTESIAN_POINT('',(4.,4.,4.));
#471 = DIRECTION('',(-1.,6.123233995737E-17,0.));
#472 = DIRECTION('',(-6.123233995737E-17,-1.,0.));
#473 = PCURVE('',#159,#474);
#474 = DEFINITIONAL_REPRESENTATION('',(#475),#478);
#475 = B_SPLINE_CURVE_WITH_KNOTS('',1,(#476,#477),.UNSPECIFIED.,.F.,.F.,
  (2,2),(4.712388980385,6.28318530718),.PIECEWISE_BEZIER_KNOTS.);
#476 = CARTESIAN_POINT('',(1.570796326795,-1.570796326795));
#477 = CARTESIAN_POINT('',(1.570796326795,0.));
#478 = ( GEOMETRIC_REPRESENTATION_CONTEXT(2) 
PARAMETRIC_REPRESENTATION_CONTEXT() REPRESENTATION_CONTEXT('2D SPACE',''
  ) );
#479 = PCURVE('',#480,#485);
#480 = CYLINDRICAL_SURFACE('',#481,4.);
#481 = AXIS2_PLACEMENT_3D('',#482,#483,#484);
#482 = CARTESIAN_POINT('',(0.,4.,4.));
#483 = DIRECTION('',(1.,0.,-0.));
#484 = DIRECTION('',(0.,-1.,0.));
#485 = DEFINITIONAL_REPRESENTATION('',(#486),#489);
#486 = B_SPLINE_CURVE_WITH_KNOTS('',1,(#487,#488),.UNSPECIFIED.,.F.,.F.,
  (2,2),(4.712388980385,6.28318530718),.PIECEWISE_BEZIER_KNOTS.);
#487 = CARTESIAN_POINT('',(1.570796326795,4.));
#488 = CARTESIAN_POINT('',(0.,4.));
#489 = ( GEOMETRIC_REPRESENTATION_CONTEXT(2) 
PARAMETRIC_REPRESENTATION_CONTEXT() REPRESENTATION_CONTEXT('2D SPACE',''
  ) );
#490 = ORIENTED_EDGE('',*,*,#142,.F.);
#491 = ADVANCED_FACE('',(#492),#214,.T.);
#492 = FACE_BOUND('',#493,.F.);
#493 = EDGE_LOOP('',(#494,#495,#520));
#494 = ORIENTED_EDGE('',*,*,#308,.F.);
#495 = ORIENTED_EDGE('',*,*,#496,.T.);
#496 = EDGE_CURVE('',#309,#172,#497,.T.);
#497 = SURFACE_CURVE('',#498,(#503,#509),.PCURVE_S1.);
#498 = CIRCLE('',#499,4.);
#499 = AXIS2_PLACEMENT_3D('',#500,#501,#502);
#500 = CARTESIAN_POINT('',(4.,4.,26.));
#501 = DIRECTION('',(1.,-6.123233995737E-17,0.));
#502 = DIRECTION('',(-6.123233995737E-17,-1.,0.));
#503 = PCURVE('',#214,#504);
#504 = DEFINITIONAL_REPRESENTATION('',(#505),#508);
#505 = B_SPLINE_CURVE_WITH_KNOTS('',1,(#506,#507),.UNSPECIFIED.,.F.,.F.,
  (2,2),(4.712388980385,6.28318530718),.PIECEWISE_BEZIER_KNOTS.);
#506 = CARTESIAN_POINT('',(-1.570796326795,-1.570796326795));
#507 = CARTESIAN_POINT('',(-1.570796326795,0.));
#508 = ( GEOMETRIC_REPRESENTATION_CONTEXT(2) 
PARAMETRIC_REPRESENTATION_CONTEXT() REPRESENTATION_CONTEXT('2D SPACE',''
  ) );
#509 = PCURVE('',#510,#515);
#510 = CYLINDRICAL_SURFACE('',#511,4.);
#511 = AXIS2_PLACEMENT_3D('',#512,#513,#514);
#512 = CARTESIAN_POINT('',(0.,4.,26.));
#513 = DIRECTION('',(1.,0.,-0.));
#514 = DIRECTION('',(0.,-1.,0.));
#515 = DEFINITIONAL_REPRESENTATION('',(#516),#519);
#516 = B_SPLINE_CURVE_WITH_KNOTS('',1,(#517,#518),.UNSPECIFIED.,.F.,.F.,
  (2,2),(4.712388980385,6.28318530718),.PIECEWISE_BEZIER_KNOTS.);
#517 = CARTESIAN_POINT('',(-1.570796326795,4.));
#518 = CARTESIAN_POINT('',(0.,4.));
#519 = ( GEOMETRIC_REPRESENTATION_CONTEXT(2) 
PARAMETRIC_REPRESENTATION_CONTEXT() REPRESENTATION_CONTEXT('2D SPACE',''
  ) );
#520 = ORIENTED_EDGE('',*,*,#199,.F.);
#521 = ADVANCED_FACE('',(#522),#187,.F.);
#522 = FACE_BOUND('',#523,.F.);
#523 = EDGE_LOOP('',(#524,#525,#548,#576));
#524 = ORIENTED_EDGE('',*,*,#171,.T.);
#525 = ORIENTED_EDGE('',*,*,#526,.T.);
#526 = EDGE_CURVE('',#172,#527,#529,.T.);
#527 = VERTEX_POINT('',#528);
#528 = CARTESIAN_POINT('',(96.,-8.881784197001E-16,26.));
#529 = SURFACE_CURVE('',#530,(#534,#541),.PCURVE_S1.);
#530 = LINE('',#531,#532);
#531 = CARTESIAN_POINT('',(0.,-8.881784197001E-16,26.));
#532 = VECTOR('',#533,1.);
#533 = DIRECTION('',(1.,0.,-0.));
#534 = PCURVE('',#187,#535);
#535 = DEFINITIONAL_REPRESENTATION('',(#536),#540);
#536 = LINE('',#537,#538);
#537 = CARTESIAN_POINT('',(26.,0.));
#538 = VECTOR('',#539,1.);
#539 = DIRECTION('',(0.,1.));
#540 = ( GEOMETRIC_REPRESENTATION_CONTEXT(2) 
PARAMETRIC_REPRESENTATION_CONTEXT() REPRESENTATION_CONTEXT('2D SPACE',''
  ) );
#541 = PCURVE('',#510,#542);
#542 = DEFINITIONAL_REPRESENTATION('',(#543),#547);
#543 = LINE('',#544,#545);
#544 = CARTESIAN_POINT('',(-0.,0.));
#545 = VECTOR('',#546,1.);
#546 = DIRECTION('',(-0.,1.));
#547 = ( GEOMETRIC_REPRESENTATION_CONTEXT(2) 
PARAMETRIC_REPRESENTATION_CONTEXT() REPRESENTATION_CONTEXT('2D SPACE',''
  ) );
#548 = ORIENTED_EDGE('',*,*,#549,.F.);
#549 = EDGE_CURVE('',#550,#527,#552,.T.);
#550 = VERTEX_POINT('',#551);
#551 = CARTESIAN_POINT('',(96.,-8.881784197001E-16,4.));
#552 = SURFACE_CURVE('',#553,(#557,#564),.PCURVE_S1.);
#553 = LINE('',#554,#555);
#554 = CARTESIAN_POINT('',(96.,-8.881784197001E-16,0.));
#555 = VECTOR('',#556,1.);
#556 = DIRECTION('',(0.,0.,1.));
#557 = PCURVE('',#187,#558);
#558 = DEFINITIONAL_REPRESENTATION('',(#559),#563);
#559 = LINE('',#560,#561);
#560 = CARTESIAN_POINT('',(0.,96.));
#561 = VECTOR('',#562,1.);
#562 = DIRECTION('',(1.,0.));
#563 = ( GEOMETRIC_REPRESENTATION_CONTEXT(2) 
PARAMETRIC_REPRESENTATION_CONTEXT() REPRESENTATION_CONTEXT('2D SPACE',''
  ) );
#564 = PCURVE('',#565,#570);
#565 = CYLINDRICAL_SURFACE('',#566,4.);
#566 = AXIS2_PLACEMENT_3D('',#567,#568,#569);
#567 = CARTESIAN_POINT('',(96.,4.,0.));
#568 = DIRECTION('',(0.,0.,1.));
#569 = DIRECTION('',(0.,-1.,0.));
#570 = DEFINITIONAL_REPRESENTATION('',(#571),#575);
#571 = LINE('',#572,#573);
#572 = CARTESIAN_POINT('',(0.,0.));
#573 = VECTOR('',#574,1.);
#574 = DIRECTION('',(0.,1.));
#575 = ( GEOMETRIC_REPRESENTATION_CONTEXT(2) 
PARAMETRIC_REPRESENTATION_CONTEXT() REPRESENTATION_CONTEXT('2D SPACE',''
  ) );
#576 = ORIENTED_EDGE('',*,*,#577,.F.);
#577 = EDGE_CURVE('',#143,#550,#578,.T.);
#578 = SURFACE_CURVE('',#579,(#583,#590),.PCURVE_S1.);
#579 = LINE('',#580,#581);
#580 = CARTESIAN_POINT('',(0.,-8.881784197001E-16,4.));
#581 = VECTOR('',#582,1.);
#582 = DIRECTION('',(1.,0.,-0.));
#583 = PCURVE('',#187,#584);
#584 = DEFINITIONAL_REPRESENTATION('',(#585),#589);
#585 = LINE('',#586,#587);
#586 = CARTESIAN_POINT('',(4.,0.));
#587 = VECTOR('',#588,1.);
#588 = DIRECTION('',(0.,1.));
#589 = ( GEOMETRIC_REPRESENTATION_CONTEXT(2) 
PARAMETRIC_REPRESENTATION_CONTEXT() REPRESENTATION_CONTEXT('2D SPACE',''
  ) );
#590 = PCURVE('',#480,#591);
#591 = DEFINITIONAL_REPRESENTATION('',(#592),#596);
#592 = LINE('',#593,#594);
#593 = CARTESIAN_POINT('',(0.,0.));
#594 = VECTOR('',#595,1.);
#595 = DIRECTION('',(0.,1.));
#596 = ( GEOMETRIC_REPRESENTATION_CONTEXT(2) 
PARAMETRIC_REPRESENTATION_CONTEXT() REPRESENTATION_CONTEXT('2D SPACE',''
  ) );
#597 = ADVANCED_FACE('',(#598,#678,#709),#267,.F.);
#598 = FACE_BOUND('',#599,.F.);
#599 = EDGE_LOOP('',(#600,#601,#624,#652));
#600 = ORIENTED_EDGE('',*,*,#251,.F.);
#601 = ORIENTED_EDGE('',*,*,#602,.T.);
#602 = EDGE_CURVE('',#230,#603,#605,.T.);
#603 = VERTEX_POINT('',#604);
#604 = CARTESIAN_POINT('',(96.,4.,-8.881784197001E-16));
#605 = SURFACE_CURVE('',#606,(#610,#617),.PCURVE_S1.);
#606 = LINE('',#607,#608);
#607 = CARTESIAN_POINT('',(0.,4.,-8.881784197001E-16));
#608 = VECTOR('',#609,1.);
#609 = DIRECTION('',(1.,0.,-0.));
#610 = PCURVE('',#267,#611);
#611 = DEFINITIONAL_REPRESENTATION('',(#612),#616);
#612 = LINE('',#613,#614);
#613 = CARTESIAN_POINT('',(0.,4.));
#614 = VECTOR('',#615,1.);
#615 = DIRECTION('',(1.,0.));
#616 = ( GEOMETRIC_REPRESENTATION_CONTEXT(2) 
PARAMETRIC_REPRESENTATION_CONTEXT() REPRESENTATION_CONTEXT('2D SPACE',''
  ) );
#617 = PCURVE('',#480,#618);
#618 = DEFINITIONAL_REPRESENTATION('',(#619),#623);
#619 = LINE('',#620,#621);
#620 = CARTESIAN_POINT('',(1.570796326795,0.));
#621 = VECTOR('',#622,1.);
#622 = DIRECTION('',(0.,1.));
#623 = ( GEOMETRIC_REPRESENTATION_CONTEXT(2) 
PARAMETRIC_REPRESENTATION_CONTEXT() REPRESENTATION_CONTEXT('2D SPACE',''
  ) );
#624 = ORIENTED_EDGE('',*,*,#625,.T.);
#625 = EDGE_CURVE('',#603,#626,#628,.T.);
#626 = VERTEX_POINT('',#627);
#627 = CARTESIAN_POINT('',(96.,66.,-8.881784197001E-16));
#628 = SURFACE_CURVE('',#629,(#633,#640),.PCURVE_S1.);
#629 = LINE('',#630,#631);
#630 = CARTESIAN_POINT('',(96.,0.,-8.881784197001E-16));
#631 = VECTOR('',#632,1.);
#632 = DIRECTION('',(-0.,1.,0.));
#633 = PCURVE('',#267,#634);
#634 = DEFINITIONAL_REPRESENTATION('',(#635),#639);
#635 = LINE('',#636,#637);
#636 = CARTESIAN_POINT('',(96.,0.));
#637 = VECTOR('',#638,1.);
#638 = DIRECTION('',(0.,1.));
#639 = ( GEOMETRIC_REPRESENTATION_CONTEXT(2) 
PARAMETRIC_REPRESENTATION_CONTEXT() REPRESENTATION_CONTEXT('2D SPACE',''
  ) );
#640 = PCURVE('',#641,#646);
#641 = CYLINDRICAL_SURFACE('',#642,4.);
#642 = AXIS2_PLACEMENT_3D('',#643,#644,#645);
#643 = CARTESIAN_POINT('',(96.,0.,4.));
#644 = DIRECTION('',(-0.,1.,0.));
#645 = DIRECTION('',(-0.,0.,-1.));
#646 = DEFINITIONAL_REPRESENTATION('',(#647),#651);
#647 = LINE('',#648,#649);
#648 = CARTESIAN_POINT('',(-0.,0.));
#649 = VECTOR('',#650,1.);
#650 = DIRECTION('',(-0.,1.));
#651 = ( GEOMETRIC_REPRESENTATION_CONTEXT(2) 
PARAMETRIC_REPRESENTATION_CONTEXT() REPRESENTATION_CONTEXT('2D SPACE',''
  ) );
#652 = ORIENTED_EDGE('',*,*,#653,.F.);
#653 = EDGE_CURVE('',#252,#626,#654,.T.);
#654 = SURFACE_CURVE('',#655,(#659,#666),.PCURVE_S1.);
#655 = LINE('',#656,#657);
#656 = CARTESIAN_POINT('',(0.,66.,-8.881784197001E-16));
#657 = VECTOR('',#658,1.);
#658 = DIRECTION('',(1.,0.,-0.));
#659 = PCURVE('',#267,#660);
#660 = DEFINITIONAL_REPRESENTATION('',(#661),#665);
#661 = LINE('',#662,#663);
#662 = CARTESIAN_POINT('',(0.,66.));
#663 = VECTOR('',#664,1.);
#664 = DIRECTION('',(1.,0.));
#665 = ( GEOMETRIC_REPRESENTATION_CONTEXT(2) 
PARAMETRIC_REPRESENTATION_CONTEXT() REPRESENTATION_CONTEXT('2D SPACE',''
  ) );
#666 = PCURVE('',#667,#672);
#667 = CYLINDRICAL_SURFACE('',#668,4.);
#668 = AXIS2_PLACEMENT_3D('',#669,#670,#671);
#669 = CARTESIAN_POINT('',(0.,66.,4.));
#670 = DIRECTION('',(1.,0.,-0.));
#671 = DIRECTION('',(0.,1.,0.));
#672 = DEFINITIONAL_REPRESENTATION('',(#673),#677);
#673 = LINE('',#674,#675);
#674 = CARTESIAN_POINT('',(-1.570796326795,0.));
#675 = VECTOR('',#676,1.);
#676 = DIRECTION('',(-0.,1.));
#677 = ( GEOMETRIC_REPRESENTATION_CONTEXT(2) 
PARAMETRIC_REPRESENTATION_CONTEXT() REPRESENTATION_CONTEXT('2D SPACE',''
  ) );
#678 = FACE_BOUND('',#679,.F.);
#679 = EDGE_LOOP('',(#680));
#680 = ORIENTED_EDGE('',*,*,#681,.F.);
#681 = EDGE_CURVE('',#682,#682,#684,.T.);
#682 = VERTEX_POINT('',#683);
#683 = CARTESIAN_POINT('',(19.5,35.,0.));
#684 = SURFACE_CURVE('',#685,(#690,#697),.PCURVE_S1.);
#685 = CIRCLE('',#686,5.5);
#686 = AXIS2_PLACEMENT_3D('',#687,#688,#689);
#687 = CARTESIAN_POINT('',(14.,35.,0.));
#688 = DIRECTION('',(0.,0.,1.));
#689 = DIRECTION('',(1.,0.,-0.));
#690 = PCURVE('',#267,#691);
#691 = DEFINITIONAL_REPRESENTATION('',(#692),#696);
#692 = CIRCLE('',#693,5.5);
#693 = AXIS2_PLACEMENT_2D('',#694,#695);
#694 = CARTESIAN_POINT('',(14.,35.));
#695 = DIRECTION('',(1.,0.));
#696 = ( GEOMETRIC_REPRESENTATION_CONTEXT(2) 
PARAMETRIC_REPRESENTATION_CONTEXT() REPRESENTATION_CONTEXT('2D SPACE',''
  ) );
#697 = PCURVE('',#698,#703);
#698 = TOROIDAL_SURFACE('',#699,5.5,4.);
#699 = AXIS2_PLACEMENT_3D('',#700,#701,#702);
#700 = CARTESIAN_POINT('',(14.,35.,4.));
#701 = DIRECTION('',(-0.,-0.,-1.));
#702 = DIRECTION('',(1.,0.,-0.));
#703 = DEFINITIONAL_REPRESENTATION('',(#704),#708);
#704 = LINE('',#705,#706);
#705 = CARTESIAN_POINT('',(-0.,1.570796326795));
#706 = VECTOR('',#707,1.);
#707 = DIRECTION('',(-1.,0.));
#708 = ( GEOMETRIC_REPRESENTATION_CONTEXT(2) 
PARAMETRIC_REPRESENTATION_CONTEXT() REPRESENTATION_CONTEXT('2D SPACE',''
  ) );
#709 = FACE_BOUND('',#710,.F.);
#710 = EDGE_LOOP('',(#711));
#711 = ORIENTED_EDGE('',*,*,#712,.F.);
#712 = EDGE_CURVE('',#713,#713,#715,.T.);
#713 = VERTEX_POINT('',#714);
#714 = CARTESIAN_POINT('',(91.5,35.,0.));
#715 = SURFACE_CURVE('',#716,(#721,#728),.PCURVE_S1.);
#716 = CIRCLE('',#717,5.5);
#717 = AXIS2_PLACEMENT_3D('',#718,#719,#720);
#718 = CARTESIAN_POINT('',(86.,35.,0.));
#719 = DIRECTION('',(0.,0.,1.));
#720 = DIRECTION('',(1.,0.,-0.));
#721 = PCURVE('',#267,#722);
#722 = DEFINITIONAL_REPRESENTATION('',(#723),#727);
#723 = CIRCLE('',#724,5.5);
#724 = AXIS2_PLACEMENT_2D('',#725,#726);
#725 = CARTESIAN_POINT('',(86.,35.));
#726 = DIRECTION('',(1.,0.));
#727 = ( GEOMETRIC_REPRESENTATION_CONTEXT(2) 
PARAMETRIC_REPRESENTATION_CONTEXT() REPRESENTATION_CONTEXT('2D SPACE',''
  ) );
#728 = PCURVE('',#729,#734);
#729 = TOROIDAL_SURFACE('',#730,5.5,4.);
#730 = AXIS2_PLACEMENT_3D('',#731,#732,#733);
#731 = CARTESIAN_POINT('',(86.,35.,4.));
#732 = DIRECTION('',(-0.,-0.,-1.));
#733 = DIRECTION('',(1.,0.,-0.));
#734 = DEFINITIONAL_REPRESENTATION('',(#735),#739);
#735 = LINE('',#736,#737);
#736 = CARTESIAN_POINT('',(-0.,1.570796326795));
#737 = VECTOR('',#738,1.);
#738 = DIRECTION('',(-1.,0.));
#739 = ( GEOMETRIC_REPRESENTATION_CONTEXT(2) 
PARAMETRIC_REPRESENTATION_CONTEXT() REPRESENTATION_CONTEXT('2D SPACE',''
  ) );
#740 = ADVANCED_FACE('',(#741),#293,.T.);
#741 = FACE_BOUND('',#742,.F.);
#742 = EDGE_LOOP('',(#743,#744,#764));
#743 = ORIENTED_EDGE('',*,*,#279,.F.);
#744 = ORIENTED_EDGE('',*,*,#745,.T.);
#745 = EDGE_CURVE('',#252,#391,#746,.T.);
#746 = SURFACE_CURVE('',#747,(#752,#758),.PCURVE_S1.);
#747 = CIRCLE('',#748,4.);
#748 = AXIS2_PLACEMENT_3D('',#749,#750,#751);
#749 = CARTESIAN_POINT('',(4.,66.,4.));
#750 = DIRECTION('',(1.,6.123233995737E-17,-0.));
#751 = DIRECTION('',(-6.123233995737E-17,1.,0.));
#752 = PCURVE('',#293,#753);
#753 = DEFINITIONAL_REPRESENTATION('',(#754),#757);
#754 = B_SPLINE_CURVE_WITH_KNOTS('',1,(#755,#756),.UNSPECIFIED.,.F.,.F.,
  (2,2),(4.712388980385,6.28318530718),.PIECEWISE_BEZIER_KNOTS.);
#755 = CARTESIAN_POINT('',(-1.570796326795,-1.570796326795));
#756 = CARTESIAN_POINT('',(-1.570796326795,0.));
#757 = ( GEOMETRIC_REPRESENTATION_CONTEXT(2) 
PARAMETRIC_REPRESENTATION_CONTEXT() REPRESENTATION_CONTEXT('2D SPACE',''
  ) );
#758 = PCURVE('',#667,#759);
#759 = DEFINITIONAL_REPRESENTATION('',(#760),#763);
#760 = B_SPLINE_CURVE_WITH_KNOTS('',1,(#761,#762),.UNSPECIFIED.,.F.,.F.,
  (2,2),(4.712388980385,6.28318530718),.PIECEWISE_BEZIER_KNOTS.);
#761 = CARTESIAN_POINT('',(-1.570796326795,4.));
#762 = CARTESIAN_POINT('',(0.,4.));
#763 = ( GEOMETRIC_REPRESENTATION_CONTEXT(2) 
PARAMETRIC_REPRESENTATION_CONTEXT() REPRESENTATION_CONTEXT('2D SPACE',''
  ) );
#764 = ORIENTED_EDGE('',*,*,#390,.F.);
#765 = ADVANCED_FACE('',(#766,#846,#877,#1115),#346,.T.);
#766 = FACE_BOUND('',#767,.T.);
#767 = EDGE_LOOP('',(#768,#769,#792,#820));
#768 = ORIENTED_EDGE('',*,*,#330,.F.);
#769 = ORIENTED_EDGE('',*,*,#770,.T.);
#770 = EDGE_CURVE('',#309,#771,#773,.T.);
#771 = VERTEX_POINT('',#772);
#772 = CARTESIAN_POINT('',(96.,4.,30.));
#773 = SURFACE_CURVE('',#774,(#778,#785),.PCURVE_S1.);
#774 = LINE('',#775,#776);
#775 = CARTESIAN_POINT('',(0.,4.,30.));
#776 = VECTOR('',#777,1.);
#777 = DIRECTION('',(1.,0.,-0.));
#778 = PCURVE('',#346,#779);
#779 = DEFINITIONAL_REPRESENTATION('',(#780),#784);
#780 = LINE('',#781,#782);
#781 = CARTESIAN_POINT('',(0.,4.));
#782 = VECTOR('',#783,1.);
#783 = DIRECTION('',(1.,0.));
#784 = ( GEOMETRIC_REPRESENTATION_CONTEXT(2) 
PARAMETRIC_REPRESENTATION_CONTEXT() REPRESENTATION_CONTEXT('2D SPACE',''
  ) );
#785 = PCURVE('',#510,#786);
#786 = DEFINITIONAL_REPRESENTATION('',(#787),#791);
#787 = LINE('',#788,#789);
#788 = CARTESIAN_POINT('',(-1.570796326795,0.));
#789 = VECTOR('',#790,1.);
#790 = DIRECTION('',(-0.,1.));
#791 = ( GEOMETRIC_REPRESENTATION_CONTEXT(2) 
PARAMETRIC_REPRESENTATION_CONTEXT() REPRESENTATION_CONTEXT('2D SPACE',''
  ) );
#792 = ORIENTED_EDGE('',*,*,#793,.T.);
#793 = EDGE_CURVE('',#771,#794,#796,.T.);
#794 = VERTEX_POINT('',#795);
#795 = CARTESIAN_POINT('',(96.,66.,30.));
#796 = SURFACE_CURVE('',#797,(#801,#808),.PCURVE_S1.);
#797 = LINE('',#798,#799);
#798 = CARTESIAN_POINT('',(96.,0.,30.));
#799 = VECTOR('',#800,1.);
#800 = DIRECTION('',(-0.,1.,0.));
#801 = PCURVE('',#346,#802);
#802 = DEFINITIONAL_REPRESENTATION('',(#803),#807);
#803 = LINE('',#804,#805);
#804 = CARTESIAN_POINT('',(96.,0.));
#805 = VECTOR('',#806,1.);
#806 = DIRECTION('',(0.,1.));
#807 = ( GEOMETRIC_REPRESENTATION_CONTEXT(2) 
PARAMETRIC_REPRESENTATION_CONTEXT() REPRESENTATION_CONTEXT('2D SPACE',''
  ) );
#808 = PCURVE('',#809,#814);
#809 = CYLINDRICAL_SURFACE('',#810,4.);
#810 = AXIS2_PLACEMENT_3D('',#811,#812,#813);
#811 = CARTESIAN_POINT('',(96.,0.,26.));
#812 = DIRECTION('',(-0.,1.,0.));
#813 = DIRECTION('',(0.,0.,1.));
#814 = DEFINITIONAL_REPRESENTATION('',(#815),#819);
#815 = LINE('',#816,#817);
#816 = CARTESIAN_POINT('',(0.,0.));
#817 = VECTOR('',#818,1.);
#818 = DIRECTION('',(0.,1.));
#819 = ( GEOMETRIC_REPRESENTATION_CONTEXT(2) 
PARAMETRIC_REPRESENTATION_CONTEXT() REPRESENTATION_CONTEXT('2D SPACE',''
  ) );
#820 = ORIENTED_EDGE('',*,*,#821,.F.);
#821 = EDGE_CURVE('',#331,#794,#822,.T.);
#822 = SURFACE_CURVE('',#823,(#827,#834),.PCURVE_S1.);
#823 = LINE('',#824,#825);
#824 = CARTESIAN_POINT('',(0.,66.,30.));
#825 = VECTOR('',#826,1.);
#826 = DIRECTION('',(1.,0.,-0.));
#827 = PCURVE('',#346,#828);
#828 = DEFINITIONAL_REPRESENTATION('',(#829),#833);
#829 = LINE('',#830,#831);
#830 = CARTESIAN_POINT('',(0.,66.));
#831 = VECTOR('',#832,1.);
#832 = DIRECTION('',(1.,0.));
#833 = ( GEOMETRIC_REPRESENTATION_CONTEXT(2) 
PARAMETRIC_REPRESENTATION_CONTEXT() REPRESENTATION_CONTEXT('2D SPACE',''
  ) );
#834 = PCURVE('',#835,#840);
#835 = CYLINDRICAL_SURFACE('',#836,4.);
#836 = AXIS2_PLACEMENT_3D('',#837,#838,#839);
#837 = CARTESIAN_POINT('',(0.,66.,26.));
#838 = DIRECTION('',(1.,0.,-0.));
#839 = DIRECTION('',(0.,0.,1.));
#840 = DEFINITIONAL_REPRESENTATION('',(#841),#845);
#841 = LINE('',#842,#843);
#842 = CARTESIAN_POINT('',(-0.,0.));
#843 = VECTOR('',#844,1.);
#844 = DIRECTION('',(-0.,1.));
#845 = ( GEOMETRIC_REPRESENTATION_CONTEXT(2) 
PARAMETRIC_REPRESENTATION_CONTEXT() REPRESENTATION_CONTEXT('2D SPACE',''
  ) );
#846 = FACE_BOUND('',#847,.T.);
#847 = EDGE_LOOP('',(#848));
#848 = ORIENTED_EDGE('',*,*,#849,.F.);
#849 = EDGE_CURVE('',#850,#850,#852,.T.);
#850 = VERTEX_POINT('',#851);
#851 = CARTESIAN_POINT('',(19.5,35.,30.));
#852 = SURFACE_CURVE('',#853,(#858,#865),.PCURVE_S1.);
#853 = CIRCLE('',#854,5.5);
#854 = AXIS2_PLACEMENT_3D('',#855,#856,#857);
#855 = CARTESIAN_POINT('',(14.,35.,30.));
#856 = DIRECTION('',(0.,0.,1.));
#857 = DIRECTION('',(1.,0.,-0.));
#858 = PCURVE('',#346,#859);
#859 = DEFINITIONAL_REPRESENTATION('',(#860),#864);
#860 = CIRCLE('',#861,5.5);
#861 = AXIS2_PLACEMENT_2D('',#862,#863);
#862 = CARTESIAN_POINT('',(14.,35.));
#863 = DIRECTION('',(1.,0.));
#864 = ( GEOMETRIC_REPRESENTATION_CONTEXT(2) 
PARAMETRIC_REPRESENTATION_CONTEXT() REPRESENTATION_CONTEXT('2D SPACE',''
  ) );
#865 = PCURVE('',#866,#871);
#866 = TOROIDAL_SURFACE('',#867,5.5,4.);
#867 = AXIS2_PLACEMENT_3D('',#868,#869,#870);
#868 = CARTESIAN_POINT('',(14.,35.,26.));
#869 = DIRECTION('',(0.,0.,1.));
#870 = DIRECTION('',(1.,0.,-0.));
#871 = DEFINITIONAL_REPRESENTATION('',(#872),#876);
#872 = LINE('',#873,#874);
#873 = CARTESIAN_POINT('',(0.,1.570796326795));
#874 = VECTOR('',#875,1.);
#875 = DIRECTION('',(1.,0.));
#876 = ( GEOMETRIC_REPRESENTATION_CONTEXT(2) 
PARAMETRIC_REPRESENTATION_CONTEXT() REPRESENTATION_CONTEXT('2D SPACE',''
  ) );
#877 = FACE_BOUND('',#878,.T.);
#878 = EDGE_LOOP('',(#879,#909,#942,#970,#1003,#1031,#1060,#1088));
#879 = ORIENTED_EDGE('',*,*,#880,.T.);
#880 = EDGE_CURVE('',#881,#883,#885,.T.);
#881 = VERTEX_POINT('',#882);
#882 = CARTESIAN_POINT('',(66.,8.,30.));
#883 = VERTEX_POINT('',#884);
#884 = CARTESIAN_POINT('',(34.,8.,30.));
#885 = SURFACE_CURVE('',#886,(#890,#897),.PCURVE_S1.);
#886 = LINE('',#887,#888);
#887 = CARTESIAN_POINT('',(70.,8.,30.));
#888 = VECTOR('',#889,1.);
#889 = DIRECTION('',(-1.,-0.,0.));
#890 = PCURVE('',#346,#891);
#891 = DEFINITIONAL_REPRESENTATION('',(#892),#896);
#892 = LINE('',#893,#894);
#893 = CARTESIAN_POINT('',(70.,8.));
#894 = VECTOR('',#895,1.);
#895 = DIRECTION('',(-1.,0.));
#896 = ( GEOMETRIC_REPRESENTATION_CONTEXT(2) 
PARAMETRIC_REPRESENTATION_CONTEXT() REPRESENTATION_CONTEXT('2D SPACE',''
  ) );
#897 = PCURVE('',#898,#903);
#898 = CYLINDRICAL_SURFACE('',#899,4.);
#899 = AXIS2_PLACEMENT_3D('',#900,#901,#902);
#900 = CARTESIAN_POINT('',(70.,8.,26.));
#901 = DIRECTION('',(-1.,-0.,0.));
#902 = DIRECTION('',(0.,0.,1.));
#903 = DEFINITIONAL_REPRESENTATION('',(#904),#908);
#904 = LINE('',#905,#906);
#905 = CARTESIAN_POINT('',(0.,0.));
#906 = VECTOR('',#907,1.);
#907 = DIRECTION('',(0.,1.));
#908 = ( GEOMETRIC_REPRESENTATION_CONTEXT(2) 
PARAMETRIC_REPRESENTATION_CONTEXT() REPRESENTATION_CONTEXT('2D SPACE',''
  ) );
#909 = ORIENTED_EDGE('',*,*,#910,.T.);
#910 = EDGE_CURVE('',#883,#911,#913,.T.);
#911 = VERTEX_POINT('',#912);
#912 = CARTESIAN_POINT('',(26.,16.,30.));
#913 = SURFACE_CURVE('',#914,(#919,#930),.PCURVE_S1.);
#914 = CIRCLE('',#915,8.);
#915 = AXIS2_PLACEMENT_3D('',#916,#917,#918);
#916 = CARTESIAN_POINT('',(34.,16.,30.));
#917 = DIRECTION('',(-0.,-0.,-1.));
#918 = DIRECTION('',(0.,-1.,0.));
#919 = PCURVE('',#346,#920);
#920 = DEFINITIONAL_REPRESENTATION('',(#921),#929);
#921 = ( BOUNDED_CURVE() B_SPLINE_CURVE(2,(#922,#923,#924,#925,#926,#927
,#928),.UNSPECIFIED.,.T.,.F.) B_SPLINE_CURVE_WITH_KNOTS((1,2,2,2,2,1),(
    -2.094395102393,0.,2.094395102393,4.188790204786,6.28318530718,
8.377580409573),.UNSPECIFIED.) CURVE() GEOMETRIC_REPRESENTATION_ITEM() 
RATIONAL_B_SPLINE_CURVE((1.,0.5,1.,0.5,1.,0.5,1.)) REPRESENTATION_ITEM(
  '') );
#922 = CARTESIAN_POINT('',(34.,8.));
#923 = CARTESIAN_POINT('',(20.143593539449,8.));
#924 = CARTESIAN_POINT('',(27.071796769724,20.));
#925 = CARTESIAN_POINT('',(34.,32.));
#926 = CARTESIAN_POINT('',(40.928203230276,20.));
#927 = CARTESIAN_POINT('',(47.856406460551,8.));
#928 = CARTESIAN_POINT('',(34.,8.));
#929 = ( GEOMETRIC_REPRESENTATION_CONTEXT(2) 
PARAMETRIC_REPRESENTATION_CONTEXT() REPRESENTATION_CONTEXT('2D SPACE',''
  ) );
#930 = PCURVE('',#931,#936);
#931 = TOROIDAL_SURFACE('',#932,8.,4.);
#932 = AXIS2_PLACEMENT_3D('',#933,#934,#935);
#933 = CARTESIAN_POINT('',(34.,16.,26.));
#934 = DIRECTION('',(0.,0.,1.));
#935 = DIRECTION('',(0.,-1.,0.));
#936 = DEFINITIONAL_REPRESENTATION('',(#937),#941);
#937 = LINE('',#938,#939);
#938 = CARTESIAN_POINT('',(-0.,1.570796326795));
#939 = VECTOR('',#940,1.);
#940 = DIRECTION('',(-1.,0.));
#941 = ( GEOMETRIC_REPRESENTATION_CONTEXT(2) 
PARAMETRIC_REPRESENTATION_CONTEXT() REPRESENTATION_CONTEXT('2D SPACE',''
  ) );
#942 = ORIENTED_EDGE('',*,*,#943,.T.);
#943 = EDGE_CURVE('',#911,#944,#946,.T.);
#944 = VERTEX_POINT('',#945);
#945 = CARTESIAN_POINT('',(26.,54.,30.));
#946 = SURFACE_CURVE('',#947,(#951,#958),.PCURVE_S1.);
#947 = LINE('',#948,#949);
#948 = CARTESIAN_POINT('',(26.,12.,30.));
#949 = VECTOR('',#950,1.);
#950 = DIRECTION('',(-0.,1.,0.));
#951 = PCURVE('',#346,#952);
#952 = DEFINITIONAL_REPRESENTATION('',(#953),#957);
#953 = LINE('',#954,#955);
#954 = CARTESIAN_POINT('',(26.,12.));
#955 = VECTOR('',#956,1.);
#956 = DIRECTION('',(0.,1.));
#957 = ( GEOMETRIC_REPRESENTATION_CONTEXT(2) 
PARAMETRIC_REPRESENTATION_CONTEXT() REPRESENTATION_CONTEXT('2D SPACE',''
  ) );
#958 = PCURVE('',#959,#964);
#959 = CYLINDRICAL_SURFACE('',#960,4.);
#960 = AXIS2_PLACEMENT_3D('',#961,#962,#963);
#961 = CARTESIAN_POINT('',(26.,12.,26.));
#962 = DIRECTION('',(-0.,1.,0.));
#963 = DIRECTION('',(0.,0.,1.));
#964 = DEFINITIONAL_REPRESENTATION('',(#965),#969);
#965 = LINE('',#966,#967);
#966 = CARTESIAN_POINT('',(0.,0.));
#967 = VECTOR('',#968,1.);
#968 = DIRECTION('',(0.,1.));
#969 = ( GEOMETRIC_REPRESENTATION_CONTEXT(2) 
PARAMETRIC_REPRESENTATION_CONTEXT() REPRESENTATION_CONTEXT('2D SPACE',''
  ) );
#970 = ORIENTED_EDGE('',*,*,#971,.T.);
#971 = EDGE_CURVE('',#944,#972,#974,.T.);
#972 = VERTEX_POINT('',#973);
#973 = CARTESIAN_POINT('',(34.,62.,30.));
#974 = SURFACE_CURVE('',#975,(#980,#991),.PCURVE_S1.);
#975 = CIRCLE('',#976,8.);
#976 = AXIS2_PLACEMENT_3D('',#977,#978,#979);
#977 = CARTESIAN_POINT('',(34.,54.,30.));
#978 = DIRECTION('',(-0.,0.,-1.));
#979 = DIRECTION('',(-1.,0.,0.));
#980 = PCURVE('',#346,#981);
#981 = DEFINITIONAL_REPRESENTATION('',(#982),#990);
#982 = ( BOUNDED_CURVE() B_SPLINE_CURVE(2,(#983,#984,#985,#986,#987,#988
,#989),.UNSPECIFIED.,.T.,.F.) B_SPLINE_CURVE_WITH_KNOTS((1,2,2,2,2,1),(
    -2.094395102393,0.,2.094395102393,4.188790204786,6.28318530718,
8.377580409573),.UNSPECIFIED.) CURVE() GEOMETRIC_REPRESENTATION_ITEM() 
RATIONAL_B_SPLINE_CURVE((1.,0.5,1.,0.5,1.,0.5,1.)) REPRESENTATION_ITEM(
  '') );
#983 = CARTESIAN_POINT('',(26.,54.));
#984 = CARTESIAN_POINT('',(26.,67.856406460551));
#985 = CARTESIAN_POINT('',(38.,60.928203230276));
#986 = CARTESIAN_POINT('',(50.,54.));
#987 = CARTESIAN_POINT('',(38.,47.071796769724));
#988 = CARTESIAN_POINT('',(26.,40.143593539449));
#989 = CARTESIAN_POINT('',(26.,54.));
#990 = ( GEOMETRIC_REPRESENTATION_CONTEXT(2) 
PARAMETRIC_REPRESENTATION_CONTEXT() REPRESENTATION_CONTEXT('2D SPACE',''
  ) );
#991 = PCURVE('',#992,#997);
#992 = TOROIDAL_SURFACE('',#993,8.,4.);
#993 = AXIS2_PLACEMENT_3D('',#994,#995,#996);
#994 = CARTESIAN_POINT('',(34.,54.,26.));
#995 = DIRECTION('',(0.,0.,1.));
#996 = DIRECTION('',(-1.,0.,0.));
#997 = DEFINITIONAL_REPRESENTATION('',(#998),#1002);
#998 = LINE('',#999,#1000);
#999 = CARTESIAN_POINT('',(-0.,1.570796326795));
#1000 = VECTOR('',#1001,1.);
#1001 = DIRECTION('',(-1.,0.));
#1002 = ( GEOMETRIC_REPRESENTATION_CONTEXT(2) 
PARAMETRIC_REPRESENTATION_CONTEXT() REPRESENTATION_CONTEXT('2D SPACE',''
  ) );
#1003 = ORIENTED_EDGE('',*,*,#1004,.F.);
#1004 = EDGE_CURVE('',#1005,#972,#1007,.T.);
#1005 = VERTEX_POINT('',#1006);
#1006 = CARTESIAN_POINT('',(66.,62.,30.));
#1007 = SURFACE_CURVE('',#1008,(#1012,#1019),.PCURVE_S1.);
#1008 = LINE('',#1009,#1010);
#1009 = CARTESIAN_POINT('',(70.,62.,30.));
#1010 = VECTOR('',#1011,1.);
#1011 = DIRECTION('',(-1.,-0.,0.));
#1012 = PCURVE('',#346,#1013);
#1013 = DEFINITIONAL_REPRESENTATION('',(#1014),#1018);
#1014 = LINE('',#1015,#1016);
#1015 = CARTESIAN_POINT('',(70.,62.));
#1016 = VECTOR('',#1017,1.);
#1017 = DIRECTION('',(-1.,0.));
#1018 = ( GEOMETRIC_REPRESENTATION_CONTEXT(2) 
PARAMETRIC_REPRESENTATION_CONTEXT() REPRESENTATION_CONTEXT('2D SPACE',''
  ) );
#1019 = PCURVE('',#1020,#1025);
#1020 = CYLINDRICAL_SURFACE('',#1021,4.);
#1021 = AXIS2_PLACEMENT_3D('',#1022,#1023,#1024);
#1022 = CARTESIAN_POINT('',(70.,62.,26.));
#1023 = DIRECTION('',(-1.,-0.,0.));
#1024 = DIRECTION('',(0.,0.,1.));
#1025 = DEFINITIONAL_REPRESENTATION('',(#1026),#1030);
#1026 = LINE('',#1027,#1028);
#1027 = CARTESIAN_POINT('',(-0.,0.));
#1028 = VECTOR('',#1029,1.);
#1029 = DIRECTION('',(-0.,1.));
#1030 = ( GEOMETRIC_REPRESENTATION_CONTEXT(2) 
PARAMETRIC_REPRESENTATION_CONTEXT() REPRESENTATION_CONTEXT('2D SPACE',''
  ) );
#1031 = ORIENTED_EDGE('',*,*,#1032,.F.);
#1032 = EDGE_CURVE('',#1033,#1005,#1035,.T.);
#1033 = VERTEX_POINT('',#1034);
#1034 = CARTESIAN_POINT('',(74.,54.,30.));
#1035 = SURFACE_CURVE('',#1036,(#1041,#1048),.PCURVE_S1.);
#1036 = CIRCLE('',#1037,8.);
#1037 = AXIS2_PLACEMENT_3D('',#1038,#1039,#1040);
#1038 = CARTESIAN_POINT('',(66.,54.,30.));
#1039 = DIRECTION('',(0.,0.,1.));
#1040 = DIRECTION('',(1.,0.,-0.));
#1041 = PCURVE('',#346,#1042);
#1042 = DEFINITIONAL_REPRESENTATION('',(#1043),#1047);
#1043 = CIRCLE('',#1044,8.);
#1044 = AXIS2_PLACEMENT_2D('',#1045,#1046);
#1045 = CARTESIAN_POINT('',(66.,54.));
#1046 = DIRECTION('',(1.,0.));
#1047 = ( GEOMETRIC_REPRESENTATION_CONTEXT(2) 
PARAMETRIC_REPRESENTATION_CONTEXT() REPRESENTATION_CONTEXT('2D SPACE',''
  ) );
#1048 = PCURVE('',#1049,#1054);
#1049 = TOROIDAL_SURFACE('',#1050,8.,4.);
#1050 = AXIS2_PLACEMENT_3D('',#1051,#1052,#1053);
#1051 = CARTESIAN_POINT('',(66.,54.,26.));
#1052 = DIRECTION('',(0.,0.,1.));
#1053 = DIRECTION('',(1.,0.,-0.));
#1054 = DEFINITIONAL_REPRESENTATION('',(#1055),#1059);
#1055 = LINE('',#1056,#1057);
#1056 = CARTESIAN_POINT('',(0.,1.570796326795));
#1057 = VECTOR('',#1058,1.);
#1058 = DIRECTION('',(1.,0.));
#1059 = ( GEOMETRIC_REPRESENTATION_CONTEXT(2) 
PARAMETRIC_REPRESENTATION_CONTEXT() REPRESENTATION_CONTEXT('2D SPACE',''
  ) );
#1060 = ORIENTED_EDGE('',*,*,#1061,.F.);
#1061 = EDGE_CURVE('',#1062,#1033,#1064,.T.);
#1062 = VERTEX_POINT('',#1063);
#1063 = CARTESIAN_POINT('',(74.,16.,30.));
#1064 = SURFACE_CURVE('',#1065,(#1069,#1076),.PCURVE_S1.);
#1065 = LINE('',#1066,#1067);
#1066 = CARTESIAN_POINT('',(74.,12.,30.));
#1067 = VECTOR('',#1068,1.);
#1068 = DIRECTION('',(-0.,1.,0.));
#1069 = PCURVE('',#346,#1070);
#1070 = DEFINITIONAL_REPRESENTATION('',(#1071),#1075);
#1071 = LINE('',#1072,#1073);
#1072 = CARTESIAN_POINT('',(74.,12.));
#1073 = VECTOR('',#1074,1.);
#1074 = DIRECTION('',(0.,1.));
#1075 = ( GEOMETRIC_REPRESENTATION_CONTEXT(2) 
PARAMETRIC_REPRESENTATION_CONTEXT() REPRESENTATION_CONTEXT('2D SPACE',''
  ) );
#1076 = PCURVE('',#1077,#1082);
#1077 = CYLINDRICAL_SURFACE('',#1078,4.);
#1078 = AXIS2_PLACEMENT_3D('',#1079,#1080,#1081);
#1079 = CARTESIAN_POINT('',(74.,12.,26.));
#1080 = DIRECTION('',(-0.,1.,0.));
#1081 = DIRECTION('',(0.,0.,1.));
#1082 = DEFINITIONAL_REPRESENTATION('',(#1083),#1087);
#1083 = LINE('',#1084,#1085);
#1084 = CARTESIAN_POINT('',(-0.,0.));
#1085 = VECTOR('',#1086,1.);
#1086 = DIRECTION('',(-0.,1.));
#1087 = ( GEOMETRIC_REPRESENTATION_CONTEXT(2) 
PARAMETRIC_REPRESENTATION_CONTEXT() REPRESENTATION_CONTEXT('2D SPACE',''
  ) );
#1088 = ORIENTED_EDGE('',*,*,#1089,.F.);
#1089 = EDGE_CURVE('',#881,#1062,#1090,.T.);
#1090 = SURFACE_CURVE('',#1091,(#1096,#1103),.PCURVE_S1.);
#1091 = CIRCLE('',#1092,8.);
#1092 = AXIS2_PLACEMENT_3D('',#1093,#1094,#1095);
#1093 = CARTESIAN_POINT('',(66.,16.,30.));
#1094 = DIRECTION('',(0.,0.,1.));
#1095 = DIRECTION('',(0.,-1.,0.));
#1096 = PCURVE('',#346,#1097);
#1097 = DEFINITIONAL_REPRESENTATION('',(#1098),#1102);
#1098 = CIRCLE('',#1099,8.);
#1099 = AXIS2_PLACEMENT_2D('',#1100,#1101);
#1100 = CARTESIAN_POINT('',(66.,16.));
#1101 = DIRECTION('',(0.,-1.));
#1102 = ( GEOMETRIC_REPRESENTATION_CONTEXT(2) 
PARAMETRIC_REPRESENTATION_CONTEXT() REPRESENTATION_CONTEXT('2D SPACE',''
  ) );
#1103 = PCURVE('',#1104,#1109);
#1104 = TOROIDAL_SURFACE('',#1105,8.,4.);
#1105 = AXIS2_PLACEMENT_3D('',#1106,#1107,#1108);
#1106 = CARTESIAN_POINT('',(66.,16.,26.));
#1107 = DIRECTION('',(0.,0.,1.));
#1108 = DIRECTION('',(0.,-1.,0.));
#1109 = DEFINITIONAL_REPRESENTATION('',(#1110),#1114);
#1110 = LINE('',#1111,#1112);
#1111 = CARTESIAN_POINT('',(0.,1.570796326795));
#1112 = VECTOR('',#1113,1.);
#1113 = DIRECTION('',(1.,0.));
#1114 = ( GEOMETRIC_REPRESENTATION_CONTEXT(2) 
PARAMETRIC_REPRESENTATION_CONTEXT() REPRESENTATION_CONTEXT('2D SPACE',''
  ) );
#1115 = FACE_BOUND('',#1116,.T.);
#1116 = EDGE_LOOP('',(#1117));
#1117 = ORIENTED_EDGE('',*,*,#1118,.F.);
#1118 = EDGE_CURVE('',#1119,#1119,#1121,.T.);
#1119 = VERTEX_POINT('',#1120);
#1120 = CARTESIAN_POINT('',(91.5,35.,30.));
#1121 = SURFACE_CURVE('',#1122,(#1127,#1134),.PCURVE_S1.);
#1122 = CIRCLE('',#1123,5.5);
#1123 = AXIS2_PLACEMENT_3D('',#1124,#1125,#1126);
#1124 = CARTESIAN_POINT('',(86.,35.,30.));
#1125 = DIRECTION('',(0.,0.,1.));
#1126 = DIRECTION('',(1.,0.,-0.));
#1127 = PCURVE('',#346,#1128);
#1128 = DEFINITIONAL_REPRESENTATION('',(#1129),#1133);
#1129 = CIRCLE('',#1130,5.5);
#1130 = AXIS2_PLACEMENT_2D('',#1131,#1132);
#1131 = CARTESIAN_POINT('',(86.,35.));
#1132 = DIRECTION('',(1.,0.));
#1133 = ( GEOMETRIC_REPRESENTATION_CONTEXT(2) 
PARAMETRIC_REPRESENTATION_CONTEXT() REPRESENTATION_CONTEXT('2D SPACE',''
  ) );
#1134 = PCURVE('',#1135,#1140);
#1135 = TOROIDAL_SURFACE('',#1136,5.5,4.);
#1136 = AXIS2_PLACEMENT_3D('',#1137,#1138,#1139);
#1137 = CARTESIAN_POINT('',(86.,35.,26.));
#1138 = DIRECTION('',(0.,0.,1.));
#1139 = DIRECTION('',(1.,0.,-0.));
#1140 = DEFINITIONAL_REPRESENTATION('',(#1141),#1145);
#1141 = LINE('',#1142,#1143);
#1142 = CARTESIAN_POINT('',(0.,1.570796326795));
#1143 = VECTOR('',#1144,1.);
#1144 = DIRECTION('',(1.,0.));
#1145 = ( GEOMETRIC_REPRESENTATION_CONTEXT(2) 
PARAMETRIC_REPRESENTATION_CONTEXT() REPRESENTATION_CONTEXT('2D SPACE',''
  ) );
#1146 = ADVANCED_FACE('',(#1147),#373,.T.);
#1147 = FACE_BOUND('',#1148,.F.);
#1148 = EDGE_LOOP('',(#1149,#1150,#1170));
#1149 = ORIENTED_EDGE('',*,*,#442,.F.);
#1150 = ORIENTED_EDGE('',*,*,#1151,.T.);
#1151 = EDGE_CURVE('',#415,#331,#1152,.T.);
#1152 = SURFACE_CURVE('',#1153,(#1158,#1164),.PCURVE_S1.);
#1153 = CIRCLE('',#1154,4.);
#1154 = AXIS2_PLACEMENT_3D('',#1155,#1156,#1157);
#1155 = CARTESIAN_POINT('',(4.,66.,26.));
#1156 = DIRECTION('',(1.,0.,6.123233995737E-17));
#1157 = DIRECTION('',(-6.123233995737E-17,-0.,1.));
#1158 = PCURVE('',#373,#1159);
#1159 = DEFINITIONAL_REPRESENTATION('',(#1160),#1163);
#1160 = B_SPLINE_CURVE_WITH_KNOTS('',1,(#1161,#1162),.UNSPECIFIED.,.F.,
  .F.,(2,2),(4.712388980385,6.28318530718),.PIECEWISE_BEZIER_KNOTS.);
#1161 = CARTESIAN_POINT('',(-1.570796326795,-1.570796326795));
#1162 = CARTESIAN_POINT('',(-1.570796326795,0.));
#1163 = ( GEOMETRIC_REPRESENTATION_CONTEXT(2) 
PARAMETRIC_REPRESENTATION_CONTEXT() REPRESENTATION_CONTEXT('2D SPACE',''
  ) );
#1164 = PCURVE('',#835,#1165);
#1165 = DEFINITIONAL_REPRESENTATION('',(#1166),#1169);
#1166 = B_SPLINE_CURVE_WITH_KNOTS('',1,(#1167,#1168),.UNSPECIFIED.,.F.,
  .F.,(2,2),(4.712388980385,6.28318530718),.PIECEWISE_BEZIER_KNOTS.);
#1167 = CARTESIAN_POINT('',(-1.570796326795,4.));
#1168 = CARTESIAN_POINT('',(0.,4.));
#1169 = ( GEOMETRIC_REPRESENTATION_CONTEXT(2) 
PARAMETRIC_REPRESENTATION_CONTEXT() REPRESENTATION_CONTEXT('2D SPACE',''
  ) );
#1170 = ORIENTED_EDGE('',*,*,#358,.F.);
#1171 = ADVANCED_FACE('',(#1172),#430,.T.);
#1172 = FACE_BOUND('',#1173,.T.);
#1173 = EDGE_LOOP('',(#1174,#1175,#1198,#1226));
#1174 = ORIENTED_EDGE('',*,*,#414,.T.);
#1175 = ORIENTED_EDGE('',*,*,#1176,.T.);
#1176 = EDGE_CURVE('',#415,#1177,#1179,.T.);
#1177 = VERTEX_POINT('',#1178);
#1178 = CARTESIAN_POINT('',(96.,70.,26.));
#1179 = SURFACE_CURVE('',#1180,(#1184,#1191),.PCURVE_S1.);
#1180 = LINE('',#1181,#1182);
#1181 = CARTESIAN_POINT('',(0.,70.,26.));
#1182 = VECTOR('',#1183,1.);
#1183 = DIRECTION('',(1.,0.,-0.));
#1184 = PCURVE('',#430,#1185);
#1185 = DEFINITIONAL_REPRESENTATION('',(#1186),#1190);
#1186 = LINE('',#1187,#1188);
#1187 = CARTESIAN_POINT('',(26.,0.));
#1188 = VECTOR('',#1189,1.);
#1189 = DIRECTION('',(0.,1.));
#1190 = ( GEOMETRIC_REPRESENTATION_CONTEXT(2) 
PARAMETRIC_REPRESENTATION_CONTEXT() REPRESENTATION_CONTEXT('2D SPACE',''
  ) );
#1191 = PCURVE('',#835,#1192);
#1192 = DEFINITIONAL_REPRESENTATION('',(#1193),#1197);
#1193 = LINE('',#1194,#1195);
#1194 = CARTESIAN_POINT('',(-1.570796326795,0.));
#1195 = VECTOR('',#1196,1.);
#1196 = DIRECTION('',(-0.,1.));
#1197 = ( GEOMETRIC_REPRESENTATION_CONTEXT(2) 
PARAMETRIC_REPRESENTATION_CONTEXT() REPRESENTATION_CONTEXT('2D SPACE',''
  ) );
#1198 = ORIENTED_EDGE('',*,*,#1199,.F.);
#1199 = EDGE_CURVE('',#1200,#1177,#1202,.T.);
#1200 = VERTEX_POINT('',#1201);
#1201 = CARTESIAN_POINT('',(96.,70.,4.));
#1202 = SURFACE_CURVE('',#1203,(#1207,#1214),.PCURVE_S1.);
#1203 = LINE('',#1204,#1205);
#1204 = CARTESIAN_POINT('',(96.,70.,0.));
#1205 = VECTOR('',#1206,1.);
#1206 = DIRECTION('',(0.,0.,1.));
#1207 = PCURVE('',#430,#1208);
#1208 = DEFINITIONAL_REPRESENTATION('',(#1209),#1213);
#1209 = LINE('',#1210,#1211);
#1210 = CARTESIAN_POINT('',(0.,96.));
#1211 = VECTOR('',#1212,1.);
#1212 = DIRECTION('',(1.,0.));
#1213 = ( GEOMETRIC_REPRESENTATION_CONTEXT(2) 
PARAMETRIC_REPRESENTATION_CONTEXT() REPRESENTATION_CONTEXT('2D SPACE',''
  ) );
#1214 = PCURVE('',#1215,#1220);
#1215 = CYLINDRICAL_SURFACE('',#1216,4.);
#1216 = AXIS2_PLACEMENT_3D('',#1217,#1218,#1219);
#1217 = CARTESIAN_POINT('',(96.,66.,0.));
#1218 = DIRECTION('',(0.,0.,1.));
#1219 = DIRECTION('',(-0.,1.,0.));
#1220 = DEFINITIONAL_REPRESENTATION('',(#1221),#1225);
#1221 = LINE('',#1222,#1223);
#1222 = CARTESIAN_POINT('',(-0.,0.));
#1223 = VECTOR('',#1224,1.);
#1224 = DIRECTION('',(-0.,1.));
#1225 = ( GEOMETRIC_REPRESENTATION_CONTEXT(2) 
PARAMETRIC_REPRESENTATION_CONTEXT() REPRESENTATION_CONTEXT('2D SPACE',''
  ) );
#1226 = ORIENTED_EDGE('',*,*,#1227,.F.);
#1227 = EDGE_CURVE('',#391,#1200,#1228,.T.);
#1228 = SURFACE_CURVE('',#1229,(#1233,#1240),.PCURVE_S1.);
#1229 = LINE('',#1230,#1231);
#1230 = CARTESIAN_POINT('',(0.,70.,4.));
#1231 = VECTOR('',#1232,1.);
#1232 = DIRECTION('',(1.,0.,-0.));
#1233 = PCURVE('',#430,#1234);
#1234 = DEFINITIONAL_REPRESENTATION('',(#1235),#1239);
#1235 = LINE('',#1236,#1237);
#1236 = CARTESIAN_POINT('',(4.,0.));
#1237 = VECTOR('',#1238,1.);
#1238 = DIRECTION('',(0.,1.));
#1239 = ( GEOMETRIC_REPRESENTATION_CONTEXT(2) 
PARAMETRIC_REPRESENTATION_CONTEXT() REPRESENTATION_CONTEXT('2D SPACE',''
  ) );
#1240 = PCURVE('',#667,#1241);
#1241 = DEFINITIONAL_REPRESENTATION('',(#1242),#1246);
#1242 = LINE('',#1243,#1244);
#1243 = CARTESIAN_POINT('',(-0.,0.));
#1244 = VECTOR('',#1245,1.);
#1245 = DIRECTION('',(-0.,1.));
#1246 = ( GEOMETRIC_REPRESENTATION_CONTEXT(2) 
PARAMETRIC_REPRESENTATION_CONTEXT() REPRESENTATION_CONTEXT('2D SPACE',''
  ) );
#1247 = ADVANCED_FACE('',(#1248),#480,.T.);
#1248 = FACE_BOUND('',#1249,.T.);
#1249 = EDGE_LOOP('',(#1250,#1251,#1252,#1279));
#1250 = ORIENTED_EDGE('',*,*,#466,.F.);
#1251 = ORIENTED_EDGE('',*,*,#602,.T.);
#1252 = ORIENTED_EDGE('',*,*,#1253,.F.);
#1253 = EDGE_CURVE('',#550,#603,#1254,.T.);
#1254 = SURFACE_CURVE('',#1255,(#1260,#1267),.PCURVE_S1.);
#1255 = CIRCLE('',#1256,4.);
#1256 = AXIS2_PLACEMENT_3D('',#1257,#1258,#1259);
#1257 = CARTESIAN_POINT('',(96.,4.,4.));
#1258 = DIRECTION('',(1.,0.,0.));
#1259 = DIRECTION('',(0.,-1.,0.));
#1260 = PCURVE('',#480,#1261);
#1261 = DEFINITIONAL_REPRESENTATION('',(#1262),#1266);
#1262 = LINE('',#1263,#1264);
#1263 = CARTESIAN_POINT('',(0.,96.));
#1264 = VECTOR('',#1265,1.);
#1265 = DIRECTION('',(1.,0.));
#1266 = ( GEOMETRIC_REPRESENTATION_CONTEXT(2) 
PARAMETRIC_REPRESENTATION_CONTEXT() REPRESENTATION_CONTEXT('2D SPACE',''
  ) );
#1267 = PCURVE('',#1268,#1273);
#1268 = SPHERICAL_SURFACE('',#1269,4.);
#1269 = AXIS2_PLACEMENT_3D('',#1270,#1271,#1272);
#1270 = CARTESIAN_POINT('',(96.,4.,4.));
#1271 = DIRECTION('',(-1.,-0.,0.));
#1272 = DIRECTION('',(0.,-1.,0.));
#1273 = DEFINITIONAL_REPRESENTATION('',(#1274),#1278);
#1274 = LINE('',#1275,#1276);
#1275 = CARTESIAN_POINT('',(-0.,0.));
#1276 = VECTOR('',#1277,1.);
#1277 = DIRECTION('',(-1.,0.));
#1278 = ( GEOMETRIC_REPRESENTATION_CONTEXT(2) 
PARAMETRIC_REPRESENTATION_CONTEXT() REPRESENTATION_CONTEXT('2D SPACE',''
  ) );
#1279 = ORIENTED_EDGE('',*,*,#577,.F.);
#1280 = ADVANCED_FACE('',(#1281),#510,.T.);
#1281 = FACE_BOUND('',#1282,.F.);
#1282 = EDGE_LOOP('',(#1283,#1284,#1285,#1310));
#1283 = ORIENTED_EDGE('',*,*,#496,.F.);
#1284 = ORIENTED_EDGE('',*,*,#770,.T.);
#1285 = ORIENTED_EDGE('',*,*,#1286,.T.);
#1286 = EDGE_CURVE('',#771,#527,#1287,.T.);
#1287 = SURFACE_CURVE('',#1288,(#1293,#1299),.PCURVE_S1.);
#1288 = CIRCLE('',#1289,4.);
#1289 = AXIS2_PLACEMENT_3D('',#1290,#1291,#1292);
#1290 = CARTESIAN_POINT('',(96.,4.,26.));
#1291 = DIRECTION('',(1.,0.,0.));
#1292 = DIRECTION('',(0.,-1.,0.));
#1293 = PCURVE('',#510,#1294);
#1294 = DEFINITIONAL_REPRESENTATION('',(#1295),#1298);
#1295 = B_SPLINE_CURVE_WITH_KNOTS('',1,(#1296,#1297),.UNSPECIFIED.,.F.,
  .F.,(2,2),(4.712388980385,6.28318530718),.PIECEWISE_BEZIER_KNOTS.);
#1296 = CARTESIAN_POINT('',(-1.570796326795,96.));
#1297 = CARTESIAN_POINT('',(0.,96.));
#1298 = ( GEOMETRIC_REPRESENTATION_CONTEXT(2) 
PARAMETRIC_REPRESENTATION_CONTEXT() REPRESENTATION_CONTEXT('2D SPACE',''
  ) );
#1299 = PCURVE('',#1300,#1305);
#1300 = SPHERICAL_SURFACE('',#1301,4.);
#1301 = AXIS2_PLACEMENT_3D('',#1302,#1303,#1304);
#1302 = CARTESIAN_POINT('',(96.,4.,26.));
#1303 = DIRECTION('',(-0.,-0.,-1.));
#1304 = DIRECTION('',(0.,-1.,0.));
#1305 = DEFINITIONAL_REPRESENTATION('',(#1306),#1309);
#1306 = B_SPLINE_CURVE_WITH_KNOTS('',1,(#1307,#1308),.UNSPECIFIED.,.F.,
  .F.,(2,2),(4.712388980385,6.28318530718),.PIECEWISE_BEZIER_KNOTS.);
#1307 = CARTESIAN_POINT('',(0.,-1.570796326795));
#1308 = CARTESIAN_POINT('',(0.,0.));
#1309 = ( GEOMETRIC_REPRESENTATION_CONTEXT(2) 
PARAMETRIC_REPRESENTATION_CONTEXT() REPRESENTATION_CONTEXT('2D SPACE',''
  ) );
#1310 = ORIENTED_EDGE('',*,*,#526,.F.);
#1311 = ADVANCED_FACE('',(#1312),#565,.T.);
#1312 = FACE_BOUND('',#1313,.T.);
#1313 = EDGE_LOOP('',(#1314,#1336,#1364,#1386));
#1314 = ORIENTED_EDGE('',*,*,#1315,.F.);
#1315 = EDGE_CURVE('',#1316,#550,#1318,.T.);
#1316 = VERTEX_POINT('',#1317);
#1317 = CARTESIAN_POINT('',(100.,4.,4.));
#1318 = SURFACE_CURVE('',#1319,(#1324,#1330),.PCURVE_S1.);
#1319 = CIRCLE('',#1320,4.);
#1320 = AXIS2_PLACEMENT_3D('',#1321,#1322,#1323);
#1321 = CARTESIAN_POINT('',(96.,4.,4.));
#1322 = DIRECTION('',(0.,-0.,-1.));
#1323 = DIRECTION('',(0.,-1.,0.));
#1324 = PCURVE('',#565,#1325);
#1325 = DEFINITIONAL_REPRESENTATION('',(#1326),#1329);
#1326 = B_SPLINE_CURVE_WITH_KNOTS('',1,(#1327,#1328),.UNSPECIFIED.,.F.,
  .F.,(2,2),(4.712388980385,6.28318530718),.PIECEWISE_BEZIER_KNOTS.);
#1327 = CARTESIAN_POINT('',(1.570796326795,4.));
#1328 = CARTESIAN_POINT('',(0.,4.));
#1329 = ( GEOMETRIC_REPRESENTATION_CONTEXT(2) 
PARAMETRIC_REPRESENTATION_CONTEXT() REPRESENTATION_CONTEXT('2D SPACE',''
  ) );
#1330 = PCURVE('',#1268,#1331);
#1331 = DEFINITIONAL_REPRESENTATION('',(#1332),#1335);
#1332 = B_SPLINE_CURVE_WITH_KNOTS('',1,(#1333,#1334),.UNSPECIFIED.,.F.,
  .F.,(2,2),(4.712388980385,6.28318530718),.PIECEWISE_BEZIER_KNOTS.);
#1333 = CARTESIAN_POINT('',(0.,-1.570796326795));
#1334 = CARTESIAN_POINT('',(0.,0.));
#1335 = ( GEOMETRIC_REPRESENTATION_CONTEXT(2) 
PARAMETRIC_REPRESENTATION_CONTEXT() REPRESENTATION_CONTEXT('2D SPACE',''
  ) );
#1336 = ORIENTED_EDGE('',*,*,#1337,.T.);
#1337 = EDGE_CURVE('',#1316,#1338,#1340,.T.);
#1338 = VERTEX_POINT('',#1339);
#1339 = CARTESIAN_POINT('',(100.,4.,26.));
#1340 = SURFACE_CURVE('',#1341,(#1345,#1352),.PCURVE_S1.);
#1341 = LINE('',#1342,#1343);
#1342 = CARTESIAN_POINT('',(100.,4.,0.));
#1343 = VECTOR('',#1344,1.);
#1344 = DIRECTION('',(0.,0.,1.));
#1345 = PCURVE('',#565,#1346);
#1346 = DEFINITIONAL_REPRESENTATION('',(#1347),#1351);
#1347 = LINE('',#1348,#1349);
#1348 = CARTESIAN_POINT('',(1.570796326795,0.));
#1349 = VECTOR('',#1350,1.);
#1350 = DIRECTION('',(0.,1.));
#1351 = ( GEOMETRIC_REPRESENTATION_CONTEXT(2) 
PARAMETRIC_REPRESENTATION_CONTEXT() REPRESENTATION_CONTEXT('2D SPACE',''
  ) );
#1352 = PCURVE('',#1353,#1358);
#1353 = PLANE('',#1354);
#1354 = AXIS2_PLACEMENT_3D('',#1355,#1356,#1357);
#1355 = CARTESIAN_POINT('',(100.,0.,0.));
#1356 = DIRECTION('',(1.,0.,-0.));
#1357 = DIRECTION('',(0.,0.,1.));
#1358 = DEFINITIONAL_REPRESENTATION('',(#1359),#1363);
#1359 = LINE('',#1360,#1361);
#1360 = CARTESIAN_POINT('',(0.,-4.));
#1361 = VECTOR('',#1362,1.);
#1362 = DIRECTION('',(1.,0.));
#1363 = ( GEOMETRIC_REPRESENTATION_CONTEXT(2) 
PARAMETRIC_REPRESENTATION_CONTEXT() REPRESENTATION_CONTEXT('2D SPACE',''
  ) );
#1364 = ORIENTED_EDGE('',*,*,#1365,.F.);
#1365 = EDGE_CURVE('',#527,#1338,#1366,.T.);
#1366 = SURFACE_CURVE('',#1367,(#1372,#1379),.PCURVE_S1.);
#1367 = CIRCLE('',#1368,4.);
#1368 = AXIS2_PLACEMENT_3D('',#1369,#1370,#1371);
#1369 = CARTESIAN_POINT('',(96.,4.,26.));
#1370 = DIRECTION('',(0.,0.,1.));
#1371 = DIRECTION('',(0.,-1.,0.));
#1372 = PCURVE('',#565,#1373);
#1373 = DEFINITIONAL_REPRESENTATION('',(#1374),#1378);
#1374 = LINE('',#1375,#1376);
#1375 = CARTESIAN_POINT('',(0.,26.));
#1376 = VECTOR('',#1377,1.);
#1377 = DIRECTION('',(1.,0.));
#1378 = ( GEOMETRIC_REPRESENTATION_CONTEXT(2) 
PARAMETRIC_REPRESENTATION_CONTEXT() REPRESENTATION_CONTEXT('2D SPACE',''
  ) );
#1379 = PCURVE('',#1300,#1380);
#1380 = DEFINITIONAL_REPRESENTATION('',(#1381),#1385);
#1381 = LINE('',#1382,#1383);
#1382 = CARTESIAN_POINT('',(-0.,0.));
#1383 = VECTOR('',#1384,1.);
#1384 = DIRECTION('',(-1.,0.));
#1385 = ( GEOMETRIC_REPRESENTATION_CONTEXT(2) 
PARAMETRIC_REPRESENTATION_CONTEXT() REPRESENTATION_CONTEXT('2D SPACE',''
  ) );
#1386 = ORIENTED_EDGE('',*,*,#549,.F.);
#1387 = ADVANCED_FACE('',(#1388),#667,.T.);
#1388 = FACE_BOUND('',#1389,.F.);
#1389 = EDGE_LOOP('',(#1390,#1391,#1392,#1419));
#1390 = ORIENTED_EDGE('',*,*,#745,.F.);
#1391 = ORIENTED_EDGE('',*,*,#653,.T.);
#1392 = ORIENTED_EDGE('',*,*,#1393,.F.);
#1393 = EDGE_CURVE('',#1200,#626,#1394,.T.);
#1394 = SURFACE_CURVE('',#1395,(#1400,#1407),.PCURVE_S1.);
#1395 = CIRCLE('',#1396,4.);
#1396 = AXIS2_PLACEMENT_3D('',#1397,#1398,#1399);
#1397 = CARTESIAN_POINT('',(96.,66.,4.));
#1398 = DIRECTION('',(-1.,0.,0.));
#1399 = DIRECTION('',(0.,1.,0.));
#1400 = PCURVE('',#667,#1401);
#1401 = DEFINITIONAL_REPRESENTATION('',(#1402),#1406);
#1402 = LINE('',#1403,#1404);
#1403 = CARTESIAN_POINT('',(-0.,96.));
#1404 = VECTOR('',#1405,1.);
#1405 = DIRECTION('',(-1.,0.));
#1406 = ( GEOMETRIC_REPRESENTATION_CONTEXT(2) 
PARAMETRIC_REPRESENTATION_CONTEXT() REPRESENTATION_CONTEXT('2D SPACE',''
  ) );
#1407 = PCURVE('',#1408,#1413);
#1408 = SPHERICAL_SURFACE('',#1409,4.);
#1409 = AXIS2_PLACEMENT_3D('',#1410,#1411,#1412);
#1410 = CARTESIAN_POINT('',(96.,66.,4.));
#1411 = DIRECTION('',(-1.,-0.,0.));
#1412 = DIRECTION('',(0.,1.,0.));
#1413 = DEFINITIONAL_REPRESENTATION('',(#1414),#1418);
#1414 = LINE('',#1415,#1416);
#1415 = CARTESIAN_POINT('',(0.,0.));
#1416 = VECTOR('',#1417,1.);
#1417 = DIRECTION('',(1.,0.));
#1418 = ( GEOMETRIC_REPRESENTATION_CONTEXT(2) 
PARAMETRIC_REPRESENTATION_CONTEXT() REPRESENTATION_CONTEXT('2D SPACE',''
  ) );
#1419 = ORIENTED_EDGE('',*,*,#1227,.F.);
#1420 = ADVANCED_FACE('',(#1421),#641,.T.);
#1421 = FACE_BOUND('',#1422,.F.);
#1422 = EDGE_LOOP('',(#1423,#1443,#1466,#1486));
#1423 = ORIENTED_EDGE('',*,*,#1424,.F.);
#1424 = EDGE_CURVE('',#1316,#603,#1425,.T.);
#1425 = SURFACE_CURVE('',#1426,(#1431,#1437),.PCURVE_S1.);
#1426 = CIRCLE('',#1427,4.);
#1427 = AXIS2_PLACEMENT_3D('',#1428,#1429,#1430);
#1428 = CARTESIAN_POINT('',(96.,4.,4.));
#1429 = DIRECTION('',(-0.,1.,-6.123233995737E-17));
#1430 = DIRECTION('',(0.,-6.123233995737E-17,-1.));
#1431 = PCURVE('',#641,#1432);
#1432 = DEFINITIONAL_REPRESENTATION('',(#1433),#1436);
#1433 = B_SPLINE_CURVE_WITH_KNOTS('',1,(#1434,#1435),.UNSPECIFIED.,.F.,
  .F.,(2,2),(4.712388980385,6.28318530718),.PIECEWISE_BEZIER_KNOTS.);
#1434 = CARTESIAN_POINT('',(-1.570796326795,4.));
#1435 = CARTESIAN_POINT('',(0.,4.));
#1436 = ( GEOMETRIC_REPRESENTATION_CONTEXT(2) 
PARAMETRIC_REPRESENTATION_CONTEXT() REPRESENTATION_CONTEXT('2D SPACE',''
  ) );
#1437 = PCURVE('',#1268,#1438);
#1438 = DEFINITIONAL_REPRESENTATION('',(#1439),#1442);
#1439 = B_SPLINE_CURVE_WITH_KNOTS('',1,(#1440,#1441),.UNSPECIFIED.,.F.,
  .F.,(2,2),(4.712388980385,6.28318530718),.PIECEWISE_BEZIER_KNOTS.);
#1440 = CARTESIAN_POINT('',(-1.570796326795,-1.570796326795));
#1441 = CARTESIAN_POINT('',(-1.570796326795,0.));
#1442 = ( GEOMETRIC_REPRESENTATION_CONTEXT(2) 
PARAMETRIC_REPRESENTATION_CONTEXT() REPRESENTATION_CONTEXT('2D SPACE',''
  ) );
#1443 = ORIENTED_EDGE('',*,*,#1444,.T.);
#1444 = EDGE_CURVE('',#1316,#1445,#1447,.T.);
#1445 = VERTEX_POINT('',#1446);
#1446 = CARTESIAN_POINT('',(100.,66.,4.));
#1447 = SURFACE_CURVE('',#1448,(#1452,#1459),.PCURVE_S1.);
#1448 = LINE('',#1449,#1450);
#1449 = CARTESIAN_POINT('',(100.,0.,4.));
#1450 = VECTOR('',#1451,1.);
#1451 = DIRECTION('',(-0.,1.,0.));
#1452 = PCURVE('',#641,#1453);
#1453 = DEFINITIONAL_REPRESENTATION('',(#1454),#1458);
#1454 = LINE('',#1455,#1456);
#1455 = CARTESIAN_POINT('',(-1.570796326795,0.));
#1456 = VECTOR('',#1457,1.);
#1457 = DIRECTION('',(-0.,1.));
#1458 = ( GEOMETRIC_REPRESENTATION_CONTEXT(2) 
PARAMETRIC_REPRESENTATION_CONTEXT() REPRESENTATION_CONTEXT('2D SPACE',''
  ) );
#1459 = PCURVE('',#1353,#1460);
#1460 = DEFINITIONAL_REPRESENTATION('',(#1461),#1465);
#1461 = LINE('',#1462,#1463);
#1462 = CARTESIAN_POINT('',(4.,0.));
#1463 = VECTOR('',#1464,1.);
#1464 = DIRECTION('',(0.,-1.));
#1465 = ( GEOMETRIC_REPRESENTATION_CONTEXT(2) 
PARAMETRIC_REPRESENTATION_CONTEXT() REPRESENTATION_CONTEXT('2D SPACE',''
  ) );
#1466 = ORIENTED_EDGE('',*,*,#1467,.T.);
#1467 = EDGE_CURVE('',#1445,#626,#1468,.T.);
#1468 = SURFACE_CURVE('',#1469,(#1474,#1480),.PCURVE_S1.);
#1469 = CIRCLE('',#1470,4.);
#1470 = AXIS2_PLACEMENT_3D('',#1471,#1472,#1473);
#1471 = CARTESIAN_POINT('',(96.,66.,4.));
#1472 = DIRECTION('',(0.,1.,6.123233995737E-17));
#1473 = DIRECTION('',(0.,6.123233995737E-17,-1.));
#1474 = PCURVE('',#641,#1475);
#1475 = DEFINITIONAL_REPRESENTATION('',(#1476),#1479);
#1476 = B_SPLINE_CURVE_WITH_KNOTS('',1,(#1477,#1478),.UNSPECIFIED.,.F.,
  .F.,(2,2),(4.712388980385,6.28318530718),.PIECEWISE_BEZIER_KNOTS.);
#1477 = CARTESIAN_POINT('',(-1.570796326795,66.));
#1478 = CARTESIAN_POINT('',(0.,66.));
#1479 = ( GEOMETRIC_REPRESENTATION_CONTEXT(2) 
PARAMETRIC_REPRESENTATION_CONTEXT() REPRESENTATION_CONTEXT('2D SPACE',''
  ) );
#1480 = PCURVE('',#1408,#1481);
#1481 = DEFINITIONAL_REPRESENTATION('',(#1482),#1485);
#1482 = B_SPLINE_CURVE_WITH_KNOTS('',1,(#1483,#1484),.UNSPECIFIED.,.F.,
  .F.,(2,2),(4.712388980385,6.28318530718),.PIECEWISE_BEZIER_KNOTS.);
#1483 = CARTESIAN_POINT('',(1.570796326795,-1.570796326795));
#1484 = CARTESIAN_POINT('',(1.570796326795,0.));
#1485 = ( GEOMETRIC_REPRESENTATION_CONTEXT(2) 
PARAMETRIC_REPRESENTATION_CONTEXT() REPRESENTATION_CONTEXT('2D SPACE',''
  ) );
#1486 = ORIENTED_EDGE('',*,*,#625,.F.);
#1487 = ADVANCED_FACE('',(#1488),#698,.T.);
#1488 = FACE_BOUND('',#1489,.F.);
#1489 = EDGE_LOOP('',(#1490,#1512,#1513,#1514));
#1490 = ORIENTED_EDGE('',*,*,#1491,.F.);
#1491 = EDGE_CURVE('',#682,#1492,#1494,.T.);
#1492 = VERTEX_POINT('',#1493);
#1493 = CARTESIAN_POINT('',(15.5,35.,4.));
#1494 = SEAM_CURVE('',#1495,(#1500,#1506),.PCURVE_S1.);
#1495 = CIRCLE('',#1496,4.);
#1496 = AXIS2_PLACEMENT_3D('',#1497,#1498,#1499);
#1497 = CARTESIAN_POINT('',(19.5,35.,4.));
#1498 = DIRECTION('',(0.,1.,0.));
#1499 = DIRECTION('',(1.,0.,-0.));
#1500 = PCURVE('',#698,#1501);
#1501 = DEFINITIONAL_REPRESENTATION('',(#1502),#1505);
#1502 = B_SPLINE_CURVE_WITH_KNOTS('',1,(#1503,#1504),.UNSPECIFIED.,.F.,
  .F.,(2,2),(1.570796326795,3.14159265359),.PIECEWISE_BEZIER_KNOTS.);
#1503 = CARTESIAN_POINT('',(0.,1.570796326795));
#1504 = CARTESIAN_POINT('',(0.,3.14159265359));
#1505 = ( GEOMETRIC_REPRESENTATION_CONTEXT(2) 
PARAMETRIC_REPRESENTATION_CONTEXT() REPRESENTATION_CONTEXT('2D SPACE',''
  ) );
#1506 = PCURVE('',#698,#1507);
#1507 = DEFINITIONAL_REPRESENTATION('',(#1508),#1511);
#1508 = B_SPLINE_CURVE_WITH_KNOTS('',1,(#1509,#1510),.UNSPECIFIED.,.F.,
  .F.,(2,2),(1.570796326795,3.14159265359),.PIECEWISE_BEZIER_KNOTS.);
#1509 = CARTESIAN_POINT('',(-6.28318530718,1.570796326795));
#1510 = CARTESIAN_POINT('',(-6.28318530718,3.14159265359));
#1511 = ( GEOMETRIC_REPRESENTATION_CONTEXT(2) 
PARAMETRIC_REPRESENTATION_CONTEXT() REPRESENTATION_CONTEXT('2D SPACE',''
  ) );
#1512 = ORIENTED_EDGE('',*,*,#681,.F.);
#1513 = ORIENTED_EDGE('',*,*,#1491,.T.);
#1514 = ORIENTED_EDGE('',*,*,#1515,.T.);
#1515 = EDGE_CURVE('',#1492,#1492,#1516,.T.);
#1516 = SURFACE_CURVE('',#1517,(#1522,#1529),.PCURVE_S1.);
#1517 = CIRCLE('',#1518,1.5);
#1518 = AXIS2_PLACEMENT_3D('',#1519,#1520,#1521);
#1519 = CARTESIAN_POINT('',(14.,35.,4.));
#1520 = DIRECTION('',(0.,0.,1.));
#1521 = DIRECTION('',(1.,0.,-0.));
#1522 = PCURVE('',#698,#1523);
#1523 = DEFINITIONAL_REPRESENTATION('',(#1524),#1528);
#1524 = LINE('',#1525,#1526);
#1525 = CARTESIAN_POINT('',(-0.,3.14159265359));
#1526 = VECTOR('',#1527,1.);
#1527 = DIRECTION('',(-1.,0.));
#1528 = ( GEOMETRIC_REPRESENTATION_CONTEXT(2) 
PARAMETRIC_REPRESENTATION_CONTEXT() REPRESENTATION_CONTEXT('2D SPACE',''
  ) );
#1529 = PCURVE('',#1530,#1535);
#1530 = CYLINDRICAL_SURFACE('',#1531,1.5);
#1531 = AXIS2_PLACEMENT_3D('',#1532,#1533,#1534);
#1532 = CARTESIAN_POINT('',(14.,35.,-1.));
#1533 = DIRECTION('',(0.,0.,1.));
#1534 = DIRECTION('',(1.,0.,-0.));
#1535 = DEFINITIONAL_REPRESENTATION('',(#1536),#1540);
#1536 = LINE('',#1537,#1538);
#1537 = CARTESIAN_POINT('',(0.,5.));
#1538 = VECTOR('',#1539,1.);
#1539 = DIRECTION('',(1.,0.));
#1540 = ( GEOMETRIC_REPRESENTATION_CONTEXT(2) 
PARAMETRIC_REPRESENTATION_CONTEXT() REPRESENTATION_CONTEXT('2D SPACE',''
  ) );
#1541 = ADVANCED_FACE('',(#1542),#729,.T.);
#1542 = FACE_BOUND('',#1543,.F.);
#1543 = EDGE_LOOP('',(#1544,#1566,#1567,#1568));
#1544 = ORIENTED_EDGE('',*,*,#1545,.F.);
#1545 = EDGE_CURVE('',#713,#1546,#1548,.T.);
#1546 = VERTEX_POINT('',#1547);
#1547 = CARTESIAN_POINT('',(87.5,35.,4.));
#1548 = SEAM_CURVE('',#1549,(#1554,#1560),.PCURVE_S1.);
#1549 = CIRCLE('',#1550,4.);
#1550 = AXIS2_PLACEMENT_3D('',#1551,#1552,#1553);
#1551 = CARTESIAN_POINT('',(91.5,35.,4.));
#1552 = DIRECTION('',(0.,1.,0.));
#1553 = DIRECTION('',(1.,0.,-0.));
#1554 = PCURVE('',#729,#1555);
#1555 = DEFINITIONAL_REPRESENTATION('',(#1556),#1559);
#1556 = B_SPLINE_CURVE_WITH_KNOTS('',1,(#1557,#1558),.UNSPECIFIED.,.F.,
  .F.,(2,2),(1.570796326795,3.14159265359),.PIECEWISE_BEZIER_KNOTS.);
#1557 = CARTESIAN_POINT('',(0.,1.570796326795));
#1558 = CARTESIAN_POINT('',(0.,3.14159265359));
#1559 = ( GEOMETRIC_REPRESENTATION_CONTEXT(2) 
PARAMETRIC_REPRESENTATION_CONTEXT() REPRESENTATION_CONTEXT('2D SPACE',''
  ) );
#1560 = PCURVE('',#729,#1561);
#1561 = DEFINITIONAL_REPRESENTATION('',(#1562),#1565);
#1562 = B_SPLINE_CURVE_WITH_KNOTS('',1,(#1563,#1564),.UNSPECIFIED.,.F.,
  .F.,(2,2),(1.570796326795,3.14159265359),.PIECEWISE_BEZIER_KNOTS.);
#1563 = CARTESIAN_POINT('',(-6.28318530718,1.570796326795));
#1564 = CARTESIAN_POINT('',(-6.28318530718,3.14159265359));
#1565 = ( GEOMETRIC_REPRESENTATION_CONTEXT(2) 
PARAMETRIC_REPRESENTATION_CONTEXT() REPRESENTATION_CONTEXT('2D SPACE',''
  ) );
#1566 = ORIENTED_EDGE('',*,*,#712,.F.);
#1567 = ORIENTED_EDGE('',*,*,#1545,.T.);
#1568 = ORIENTED_EDGE('',*,*,#1569,.T.);
#1569 = EDGE_CURVE('',#1546,#1546,#1570,.T.);
#1570 = SURFACE_CURVE('',#1571,(#1576,#1583),.PCURVE_S1.);
#1571 = CIRCLE('',#1572,1.5);
#1572 = AXIS2_PLACEMENT_3D('',#1573,#1574,#1575);
#1573 = CARTESIAN_POINT('',(86.,35.,4.));
#1574 = DIRECTION('',(0.,0.,1.));
#1575 = DIRECTION('',(1.,0.,-0.));
#1576 = PCURVE('',#729,#1577);
#1577 = DEFINITIONAL_REPRESENTATION('',(#1578),#1582);
#1578 = LINE('',#1579,#1580);
#1579 = CARTESIAN_POINT('',(-0.,3.14159265359));
#1580 = VECTOR('',#1581,1.);
#1581 = DIRECTION('',(-1.,0.));
#1582 = ( GEOMETRIC_REPRESENTATION_CONTEXT(2) 
PARAMETRIC_REPRESENTATION_CONTEXT() REPRESENTATION_CONTEXT('2D SPACE',''
  ) );
#1583 = PCURVE('',#1584,#1589);
#1584 = CYLINDRICAL_SURFACE('',#1585,1.5);
#1585 = AXIS2_PLACEMENT_3D('',#1586,#1587,#1588);
#1586 = CARTESIAN_POINT('',(86.,35.,-1.));
#1587 = DIRECTION('',(0.,0.,1.));
#1588 = DIRECTION('',(1.,0.,-0.));
#1589 = DEFINITIONAL_REPRESENTATION('',(#1590),#1594);
#1590 = LINE('',#1591,#1592);
#1591 = CARTESIAN_POINT('',(0.,5.));
#1592 = VECTOR('',#1593,1.);
#1593 = DIRECTION('',(1.,0.));
#1594 = ( GEOMETRIC_REPRESENTATION_CONTEXT(2) 
PARAMETRIC_REPRESENTATION_CONTEXT() REPRESENTATION_CONTEXT('2D SPACE',''
  ) );
#1595 = ADVANCED_FACE('',(#1596),#835,.T.);
#1596 = FACE_BOUND('',#1597,.F.);
#1597 = EDGE_LOOP('',(#1598,#1599,#1600,#1627));
#1598 = ORIENTED_EDGE('',*,*,#1151,.F.);
#1599 = ORIENTED_EDGE('',*,*,#1176,.T.);
#1600 = ORIENTED_EDGE('',*,*,#1601,.F.);
#1601 = EDGE_CURVE('',#794,#1177,#1602,.T.);
#1602 = SURFACE_CURVE('',#1603,(#1608,#1615),.PCURVE_S1.);
#1603 = CIRCLE('',#1604,4.);
#1604 = AXIS2_PLACEMENT_3D('',#1605,#1606,#1607);
#1605 = CARTESIAN_POINT('',(96.,66.,26.));
#1606 = DIRECTION('',(-1.,-0.,0.));
#1607 = DIRECTION('',(0.,0.,1.));
#1608 = PCURVE('',#835,#1609);
#1609 = DEFINITIONAL_REPRESENTATION('',(#1610),#1614);
#1610 = LINE('',#1611,#1612);
#1611 = CARTESIAN_POINT('',(-0.,96.));
#1612 = VECTOR('',#1613,1.);
#1613 = DIRECTION('',(-1.,0.));
#1614 = ( GEOMETRIC_REPRESENTATION_CONTEXT(2) 
PARAMETRIC_REPRESENTATION_CONTEXT() REPRESENTATION_CONTEXT('2D SPACE',''
  ) );
#1615 = PCURVE('',#1616,#1621);
#1616 = SPHERICAL_SURFACE('',#1617,4.);
#1617 = AXIS2_PLACEMENT_3D('',#1618,#1619,#1620);
#1618 = CARTESIAN_POINT('',(96.,66.,26.));
#1619 = DIRECTION('',(-1.,-0.,0.));
#1620 = DIRECTION('',(0.,0.,1.));
#1621 = DEFINITIONAL_REPRESENTATION('',(#1622),#1626);
#1622 = LINE('',#1623,#1624);
#1623 = CARTESIAN_POINT('',(0.,0.));
#1624 = VECTOR('',#1625,1.);
#1625 = DIRECTION('',(1.,0.));
#1626 = ( GEOMETRIC_REPRESENTATION_CONTEXT(2) 
PARAMETRIC_REPRESENTATION_CONTEXT() REPRESENTATION_CONTEXT('2D SPACE',''
  ) );
#1627 = ORIENTED_EDGE('',*,*,#821,.F.);
#1628 = ADVANCED_FACE('',(#1629),#809,.T.);
#1629 = FACE_BOUND('',#1630,.T.);
#1630 = EDGE_LOOP('',(#1631,#1651,#1674,#1694));
#1631 = ORIENTED_EDGE('',*,*,#1632,.T.);
#1632 = EDGE_CURVE('',#771,#1338,#1633,.T.);
#1633 = SURFACE_CURVE('',#1634,(#1639,#1645),.PCURVE_S1.);
#1634 = CIRCLE('',#1635,4.);
#1635 = AXIS2_PLACEMENT_3D('',#1636,#1637,#1638);
#1636 = CARTESIAN_POINT('',(96.,4.,26.));
#1637 = DIRECTION('',(6.123233995737E-17,1.,0.));
#1638 = DIRECTION('',(1.,-6.123233995737E-17,0.));
#1639 = PCURVE('',#809,#1640);
#1640 = DEFINITIONAL_REPRESENTATION('',(#1641),#1644);
#1641 = B_SPLINE_CURVE_WITH_KNOTS('',1,(#1642,#1643),.UNSPECIFIED.,.F.,
  .F.,(2,2),(4.712388980385,6.28318530718),.PIECEWISE_BEZIER_KNOTS.);
#1642 = CARTESIAN_POINT('',(0.,4.));
#1643 = CARTESIAN_POINT('',(1.570796326795,4.));
#1644 = ( GEOMETRIC_REPRESENTATION_CONTEXT(2) 
PARAMETRIC_REPRESENTATION_CONTEXT() REPRESENTATION_CONTEXT('2D SPACE',''
  ) );
#1645 = PCURVE('',#1300,#1646);
#1646 = DEFINITIONAL_REPRESENTATION('',(#1647),#1650);
#1647 = B_SPLINE_CURVE_WITH_KNOTS('',1,(#1648,#1649),.UNSPECIFIED.,.F.,
  .F.,(2,2),(4.712388980385,6.28318530718),.PIECEWISE_BEZIER_KNOTS.);
#1648 = CARTESIAN_POINT('',(-1.570796326795,-1.570796326795));
#1649 = CARTESIAN_POINT('',(-1.570796326795,0.));
#1650 = ( GEOMETRIC_REPRESENTATION_CONTEXT(2) 
PARAMETRIC_REPRESENTATION_CONTEXT() REPRESENTATION_CONTEXT('2D SPACE',''
  ) );
#1651 = ORIENTED_EDGE('',*,*,#1652,.T.);
#1652 = EDGE_CURVE('',#1338,#1653,#1655,.T.);
#1653 = VERTEX_POINT('',#1654);
#1654 = CARTESIAN_POINT('',(100.,66.,26.));
#1655 = SURFACE_CURVE('',#1656,(#1660,#1667),.PCURVE_S1.);
#1656 = LINE('',#1657,#1658);
#1657 = CARTESIAN_POINT('',(100.,0.,26.));
#1658 = VECTOR('',#1659,1.);
#1659 = DIRECTION('',(-0.,1.,0.));
#1660 = PCURVE('',#809,#1661);
#1661 = DEFINITIONAL_REPRESENTATION('',(#1662),#1666);
#1662 = LINE('',#1663,#1664);
#1663 = CARTESIAN_POINT('',(1.570796326795,0.));
#1664 = VECTOR('',#1665,1.);
#1665 = DIRECTION('',(0.,1.));
#1666 = ( GEOMETRIC_REPRESENTATION_CONTEXT(2) 
PARAMETRIC_REPRESENTATION_CONTEXT() REPRESENTATION_CONTEXT('2D SPACE',''
  ) );
#1667 = PCURVE('',#1353,#1668);
#1668 = DEFINITIONAL_REPRESENTATION('',(#1669),#1673);
#1669 = LINE('',#1670,#1671);
#1670 = CARTESIAN_POINT('',(26.,0.));
#1671 = VECTOR('',#1672,1.);
#1672 = DIRECTION('',(0.,-1.));
#1673 = ( GEOMETRIC_REPRESENTATION_CONTEXT(2) 
PARAMETRIC_REPRESENTATION_CONTEXT() REPRESENTATION_CONTEXT('2D SPACE',''
  ) );
#1674 = ORIENTED_EDGE('',*,*,#1675,.T.);
#1675 = EDGE_CURVE('',#1653,#794,#1676,.T.);
#1676 = SURFACE_CURVE('',#1677,(#1682,#1688),.PCURVE_S1.);
#1677 = CIRCLE('',#1678,4.);
#1678 = AXIS2_PLACEMENT_3D('',#1679,#1680,#1681);
#1679 = CARTESIAN_POINT('',(96.,66.,26.));
#1680 = DIRECTION('',(0.,-1.,0.));
#1681 = DIRECTION('',(0.,0.,1.));
#1682 = PCURVE('',#809,#1683);
#1683 = DEFINITIONAL_REPRESENTATION('',(#1684),#1687);
#1684 = B_SPLINE_CURVE_WITH_KNOTS('',1,(#1685,#1686),.UNSPECIFIED.,.F.,
  .F.,(2,2),(4.712388980385,6.28318530718),.PIECEWISE_BEZIER_KNOTS.);
#1685 = CARTESIAN_POINT('',(1.570796326795,66.));
#1686 = CARTESIAN_POINT('',(0.,66.));
#1687 = ( GEOMETRIC_REPRESENTATION_CONTEXT(2) 
PARAMETRIC_REPRESENTATION_CONTEXT() REPRESENTATION_CONTEXT('2D SPACE',''
  ) );
#1688 = PCURVE('',#1616,#1689);
#1689 = DEFINITIONAL_REPRESENTATION('',(#1690),#1693);
#1690 = B_SPLINE_CURVE_WITH_KNOTS('',1,(#1691,#1692),.UNSPECIFIED.,.F.,
  .F.,(2,2),(4.712388980385,6.28318530718),.PIECEWISE_BEZIER_KNOTS.);
#1691 = CARTESIAN_POINT('',(0.,-1.570796326795));
#1692 = CARTESIAN_POINT('',(0.,0.));
#1693 = ( GEOMETRIC_REPRESENTATION_CONTEXT(2) 
PARAMETRIC_REPRESENTATION_CONTEXT() REPRESENTATION_CONTEXT('2D SPACE',''
  ) );
#1694 = ORIENTED_EDGE('',*,*,#793,.F.);
#1695 = ADVANCED_FACE('',(#1696),#866,.T.);
#1696 = FACE_BOUND('',#1697,.T.);
#1697 = EDGE_LOOP('',(#1698,#1720,#1721,#1722));
#1698 = ORIENTED_EDGE('',*,*,#1699,.F.);
#1699 = EDGE_CURVE('',#850,#1700,#1702,.T.);
#1700 = VERTEX_POINT('',#1701);
#1701 = CARTESIAN_POINT('',(15.5,35.,26.));
#1702 = SEAM_CURVE('',#1703,(#1708,#1714),.PCURVE_S1.);
#1703 = CIRCLE('',#1704,4.);
#1704 = AXIS2_PLACEMENT_3D('',#1705,#1706,#1707);
#1705 = CARTESIAN_POINT('',(19.5,35.,26.));
#1706 = DIRECTION('',(0.,-1.,0.));
#1707 = DIRECTION('',(1.,0.,0.));
#1708 = PCURVE('',#866,#1709);
#1709 = DEFINITIONAL_REPRESENTATION('',(#1710),#1713);
#1710 = B_SPLINE_CURVE_WITH_KNOTS('',1,(#1711,#1712),.UNSPECIFIED.,.F.,
  .F.,(2,2),(1.570796326795,3.14159265359),.PIECEWISE_BEZIER_KNOTS.);
#1711 = CARTESIAN_POINT('',(0.,1.570796326795));
#1712 = CARTESIAN_POINT('',(0.,3.14159265359));
#1713 = ( GEOMETRIC_REPRESENTATION_CONTEXT(2) 
PARAMETRIC_REPRESENTATION_CONTEXT() REPRESENTATION_CONTEXT('2D SPACE',''
  ) );
#1714 = PCURVE('',#866,#1715);
#1715 = DEFINITIONAL_REPRESENTATION('',(#1716),#1719);
#1716 = B_SPLINE_CURVE_WITH_KNOTS('',1,(#1717,#1718),.UNSPECIFIED.,.F.,
  .F.,(2,2),(1.570796326795,3.14159265359),.PIECEWISE_BEZIER_KNOTS.);
#1717 = CARTESIAN_POINT('',(6.28318530718,1.570796326795));
#1718 = CARTESIAN_POINT('',(6.28318530718,3.14159265359));
#1719 = ( GEOMETRIC_REPRESENTATION_CONTEXT(2) 
PARAMETRIC_REPRESENTATION_CONTEXT() REPRESENTATION_CONTEXT('2D SPACE',''
  ) );
#1720 = ORIENTED_EDGE('',*,*,#849,.T.);
#1721 = ORIENTED_EDGE('',*,*,#1699,.T.);
#1722 = ORIENTED_EDGE('',*,*,#1723,.F.);
#1723 = EDGE_CURVE('',#1700,#1700,#1724,.T.);
#1724 = SURFACE_CURVE('',#1725,(#1730,#1737),.PCURVE_S1.);
#1725 = CIRCLE('',#1726,1.5);
#1726 = AXIS2_PLACEMENT_3D('',#1727,#1728,#1729);
#1727 = CARTESIAN_POINT('',(14.,35.,26.));
#1728 = DIRECTION('',(0.,0.,1.));
#1729 = DIRECTION('',(1.,0.,-0.));
#1730 = PCURVE('',#866,#1731);
#1731 = DEFINITIONAL_REPRESENTATION('',(#1732),#1736);
#1732 = LINE('',#1733,#1734);
#1733 = CARTESIAN_POINT('',(0.,3.14159265359));
#1734 = VECTOR('',#1735,1.);
#1735 = DIRECTION('',(1.,0.));
#1736 = ( GEOMETRIC_REPRESENTATION_CONTEXT(2) 
PARAMETRIC_REPRESENTATION_CONTEXT() REPRESENTATION_CONTEXT('2D SPACE',''
  ) );
#1737 = PCURVE('',#1530,#1738);
#1738 = DEFINITIONAL_REPRESENTATION('',(#1739),#1743);
#1739 = LINE('',#1740,#1741);
#1740 = CARTESIAN_POINT('',(0.,27.));
#1741 = VECTOR('',#1742,1.);
#1742 = DIRECTION('',(1.,0.));
#1743 = ( GEOMETRIC_REPRESENTATION_CONTEXT(2) 
PARAMETRIC_REPRESENTATION_CONTEXT() REPRESENTATION_CONTEXT('2D SPACE',''
  ) );
#1744 = ADVANCED_FACE('',(#1745),#898,.T.);
#1745 = FACE_BOUND('',#1746,.T.);
#1746 = EDGE_LOOP('',(#1747,#1769,#1797,#1817));
#1747 = ORIENTED_EDGE('',*,*,#1748,.T.);
#1748 = EDGE_CURVE('',#881,#1749,#1751,.T.);
#1749 = VERTEX_POINT('',#1750);
#1750 = CARTESIAN_POINT('',(66.,12.,26.));
#1751 = SURFACE_CURVE('',#1752,(#1757,#1763),.PCURVE_S1.);
#1752 = CIRCLE('',#1753,4.);
#1753 = AXIS2_PLACEMENT_3D('',#1754,#1755,#1756);
#1754 = CARTESIAN_POINT('',(66.,8.,26.));
#1755 = DIRECTION('',(-1.,0.,0.));
#1756 = DIRECTION('',(0.,-1.,0.));
#1757 = PCURVE('',#898,#1758);
#1758 = DEFINITIONAL_REPRESENTATION('',(#1759),#1762);
#1759 = B_SPLINE_CURVE_WITH_KNOTS('',1,(#1760,#1761),.UNSPECIFIED.,.F.,
  .F.,(2,2),(1.570796326795,3.14159265359),.PIECEWISE_BEZIER_KNOTS.);
#1760 = CARTESIAN_POINT('',(0.,4.));
#1761 = CARTESIAN_POINT('',(1.570796326795,4.));
#1762 = ( GEOMETRIC_REPRESENTATION_CONTEXT(2) 
PARAMETRIC_REPRESENTATION_CONTEXT() REPRESENTATION_CONTEXT('2D SPACE',''
  ) );
#1763 = PCURVE('',#1104,#1764);
#1764 = DEFINITIONAL_REPRESENTATION('',(#1765),#1768);
#1765 = B_SPLINE_CURVE_WITH_KNOTS('',1,(#1766,#1767),.UNSPECIFIED.,.F.,
  .F.,(2,2),(1.570796326795,3.14159265359),.PIECEWISE_BEZIER_KNOTS.);
#1766 = CARTESIAN_POINT('',(0.,1.570796326795));
#1767 = CARTESIAN_POINT('',(0.,3.14159265359));
#1768 = ( GEOMETRIC_REPRESENTATION_CONTEXT(2) 
PARAMETRIC_REPRESENTATION_CONTEXT() REPRESENTATION_CONTEXT('2D SPACE',''
  ) );
#1769 = ORIENTED_EDGE('',*,*,#1770,.T.);
#1770 = EDGE_CURVE('',#1749,#1771,#1773,.T.);
#1771 = VERTEX_POINT('',#1772);
#1772 = CARTESIAN_POINT('',(34.,12.,26.));
#1773 = SURFACE_CURVE('',#1774,(#1778,#1785),.PCURVE_S1.);
#1774 = LINE('',#1775,#1776);
#1775 = CARTESIAN_POINT('',(70.,12.,26.));
#1776 = VECTOR('',#1777,1.);
#1777 = DIRECTION('',(-1.,-0.,0.));
#1778 = PCURVE('',#898,#1779);
#1779 = DEFINITIONAL_REPRESENTATION('',(#1780),#1784);
#1780 = LINE('',#1781,#1782);
#1781 = CARTESIAN_POINT('',(1.570796326795,0.));
#1782 = VECTOR('',#1783,1.);
#1783 = DIRECTION('',(0.,1.));
#1784 = ( GEOMETRIC_REPRESENTATION_CONTEXT(2) 
PARAMETRIC_REPRESENTATION_CONTEXT() REPRESENTATION_CONTEXT('2D SPACE',''
  ) );
#1785 = PCURVE('',#1786,#1791);
#1786 = PLANE('',#1787);
#1787 = AXIS2_PLACEMENT_3D('',#1788,#1789,#1790);
#1788 = CARTESIAN_POINT('',(30.,12.,24.));
#1789 = DIRECTION('',(-0.,1.,0.));
#1790 = DIRECTION('',(0.,0.,1.));
#1791 = DEFINITIONAL_REPRESENTATION('',(#1792),#1796);
#1792 = LINE('',#1793,#1794);
#1793 = CARTESIAN_POINT('',(2.,40.));
#1794 = VECTOR('',#1795,1.);
#1795 = DIRECTION('',(0.,-1.));
#1796 = ( GEOMETRIC_REPRESENTATION_CONTEXT(2) 
PARAMETRIC_REPRESENTATION_CONTEXT() REPRESENTATION_CONTEXT('2D SPACE',''
  ) );
#1797 = ORIENTED_EDGE('',*,*,#1798,.F.);
#1798 = EDGE_CURVE('',#883,#1771,#1799,.T.);
#1799 = SURFACE_CURVE('',#1800,(#1805,#1811),.PCURVE_S1.);
#1800 = CIRCLE('',#1801,4.);
#1801 = AXIS2_PLACEMENT_3D('',#1802,#1803,#1804);
#1802 = CARTESIAN_POINT('',(34.,8.,26.));
#1803 = DIRECTION('',(-1.,0.,0.));
#1804 = DIRECTION('',(0.,-1.,0.));
#1805 = PCURVE('',#898,#1806);
#1806 = DEFINITIONAL_REPRESENTATION('',(#1807),#1810);
#1807 = B_SPLINE_CURVE_WITH_KNOTS('',1,(#1808,#1809),.UNSPECIFIED.,.F.,
  .F.,(2,2),(1.570796326795,3.14159265359),.PIECEWISE_BEZIER_KNOTS.);
#1808 = CARTESIAN_POINT('',(0.,36.));
#1809 = CARTESIAN_POINT('',(1.570796326795,36.));
#1810 = ( GEOMETRIC_REPRESENTATION_CONTEXT(2) 
PARAMETRIC_REPRESENTATION_CONTEXT() REPRESENTATION_CONTEXT('2D SPACE',''
  ) );
#1811 = PCURVE('',#931,#1812);
#1812 = DEFINITIONAL_REPRESENTATION('',(#1813),#1816);
#1813 = B_SPLINE_CURVE_WITH_KNOTS('',1,(#1814,#1815),.UNSPECIFIED.,.F.,
  .F.,(2,2),(1.570796326795,3.14159265359),.PIECEWISE_BEZIER_KNOTS.);
#1814 = CARTESIAN_POINT('',(0.,1.570796326795));
#1815 = CARTESIAN_POINT('',(0.,3.14159265359));
#1816 = ( GEOMETRIC_REPRESENTATION_CONTEXT(2) 
PARAMETRIC_REPRESENTATION_CONTEXT() REPRESENTATION_CONTEXT('2D SPACE',''
  ) );
#1817 = ORIENTED_EDGE('',*,*,#880,.F.);
#1818 = ADVANCED_FACE('',(#1819),#1104,.T.);
#1819 = FACE_BOUND('',#1820,.T.);
#1820 = EDGE_LOOP('',(#1821,#1822,#1823,#1845));
#1821 = ORIENTED_EDGE('',*,*,#1748,.F.);
#1822 = ORIENTED_EDGE('',*,*,#1089,.T.);
#1823 = ORIENTED_EDGE('',*,*,#1824,.T.);
#1824 = EDGE_CURVE('',#1062,#1825,#1827,.T.);
#1825 = VERTEX_POINT('',#1826);
#1826 = CARTESIAN_POINT('',(70.,16.,26.));
#1827 = SURFACE_CURVE('',#1828,(#1833,#1839),.PCURVE_S1.);
#1828 = CIRCLE('',#1829,4.);
#1829 = AXIS2_PLACEMENT_3D('',#1830,#1831,#1832);
#1830 = CARTESIAN_POINT('',(74.,16.,26.));
#1831 = DIRECTION('',(-6.123233995737E-17,-1.,0.));
#1832 = DIRECTION('',(1.,-6.123233995737E-17,0.));
#1833 = PCURVE('',#1104,#1834);
#1834 = DEFINITIONAL_REPRESENTATION('',(#1835),#1838);
#1835 = B_SPLINE_CURVE_WITH_KNOTS('',1,(#1836,#1837),.UNSPECIFIED.,.F.,
  .F.,(2,2),(1.570796326795,3.14159265359),.PIECEWISE_BEZIER_KNOTS.);
#1836 = CARTESIAN_POINT('',(1.570796326795,1.570796326795));
#1837 = CARTESIAN_POINT('',(1.570796326795,3.14159265359));
#1838 = ( GEOMETRIC_REPRESENTATION_CONTEXT(2) 
PARAMETRIC_REPRESENTATION_CONTEXT() REPRESENTATION_CONTEXT('2D SPACE',''
  ) );
#1839 = PCURVE('',#1077,#1840);
#1840 = DEFINITIONAL_REPRESENTATION('',(#1841),#1844);
#1841 = B_SPLINE_CURVE_WITH_KNOTS('',1,(#1842,#1843),.UNSPECIFIED.,.F.,
  .F.,(2,2),(1.570796326795,3.14159265359),.PIECEWISE_BEZIER_KNOTS.);
#1842 = CARTESIAN_POINT('',(0.,4.));
#1843 = CARTESIAN_POINT('',(-1.570796326795,4.));
#1844 = ( GEOMETRIC_REPRESENTATION_CONTEXT(2) 
PARAMETRIC_REPRESENTATION_CONTEXT() REPRESENTATION_CONTEXT('2D SPACE',''
  ) );
#1845 = ORIENTED_EDGE('',*,*,#1846,.F.);
#1846 = EDGE_CURVE('',#1749,#1825,#1847,.T.);
#1847 = SURFACE_CURVE('',#1848,(#1853,#1860),.PCURVE_S1.);
#1848 = CIRCLE('',#1849,4.);
#1849 = AXIS2_PLACEMENT_3D('',#1850,#1851,#1852);
#1850 = CARTESIAN_POINT('',(66.,16.,26.));
#1851 = DIRECTION('',(0.,0.,1.));
#1852 = DIRECTION('',(0.,-1.,0.));
#1853 = PCURVE('',#1104,#1854);
#1854 = DEFINITIONAL_REPRESENTATION('',(#1855),#1859);
#1855 = LINE('',#1856,#1857);
#1856 = CARTESIAN_POINT('',(0.,3.14159265359));
#1857 = VECTOR('',#1858,1.);
#1858 = DIRECTION('',(1.,0.));
#1859 = ( GEOMETRIC_REPRESENTATION_CONTEXT(2) 
PARAMETRIC_REPRESENTATION_CONTEXT() REPRESENTATION_CONTEXT('2D SPACE',''
  ) );
#1860 = PCURVE('',#1861,#1866);
#1861 = CYLINDRICAL_SURFACE('',#1862,4.);
#1862 = AXIS2_PLACEMENT_3D('',#1863,#1864,#1865);
#1863 = CARTESIAN_POINT('',(66.,16.,24.));
#1864 = DIRECTION('',(0.,0.,1.));
#1865 = DIRECTION('',(0.,-1.,0.));
#1866 = DEFINITIONAL_REPRESENTATION('',(#1867),#1871);
#1867 = LINE('',#1868,#1869);
#1868 = CARTESIAN_POINT('',(0.,2.));
#1869 = VECTOR('',#1870,1.);
#1870 = DIRECTION('',(1.,0.));
#1871 = ( GEOMETRIC_REPRESENTATION_CONTEXT(2) 
PARAMETRIC_REPRESENTATION_CONTEXT() REPRESENTATION_CONTEXT('2D SPACE',''
  ) );
#1872 = ADVANCED_FACE('',(#1873),#931,.T.);
#1873 = FACE_BOUND('',#1874,.F.);
#1874 = EDGE_LOOP('',(#1875,#1876,#1877,#1899));
#1875 = ORIENTED_EDGE('',*,*,#1798,.F.);
#1876 = ORIENTED_EDGE('',*,*,#910,.T.);
#1877 = ORIENTED_EDGE('',*,*,#1878,.T.);
#1878 = EDGE_CURVE('',#911,#1879,#1881,.T.);
#1879 = VERTEX_POINT('',#1880);
#1880 = CARTESIAN_POINT('',(30.,16.,26.));
#1881 = SURFACE_CURVE('',#1882,(#1887,#1893),.PCURVE_S1.);
#1882 = CIRCLE('',#1883,4.);
#1883 = AXIS2_PLACEMENT_3D('',#1884,#1885,#1886);
#1884 = CARTESIAN_POINT('',(26.,16.,26.));
#1885 = DIRECTION('',(-6.123233995737E-17,1.,0.));
#1886 = DIRECTION('',(-1.,-6.123233995737E-17,0.));
#1887 = PCURVE('',#931,#1888);
#1888 = DEFINITIONAL_REPRESENTATION('',(#1889),#1892);
#1889 = B_SPLINE_CURVE_WITH_KNOTS('',1,(#1890,#1891),.UNSPECIFIED.,.F.,
  .F.,(2,2),(1.570796326795,3.14159265359),.PIECEWISE_BEZIER_KNOTS.);
#1890 = CARTESIAN_POINT('',(-1.570796326795,1.570796326795));
#1891 = CARTESIAN_POINT('',(-1.570796326795,3.14159265359));
#1892 = ( GEOMETRIC_REPRESENTATION_CONTEXT(2) 
PARAMETRIC_REPRESENTATION_CONTEXT() REPRESENTATION_CONTEXT('2D SPACE',''
  ) );
#1893 = PCURVE('',#959,#1894);
#1894 = DEFINITIONAL_REPRESENTATION('',(#1895),#1898);
#1895 = B_SPLINE_CURVE_WITH_KNOTS('',1,(#1896,#1897),.UNSPECIFIED.,.F.,
  .F.,(2,2),(1.570796326795,3.14159265359),.PIECEWISE_BEZIER_KNOTS.);
#1896 = CARTESIAN_POINT('',(0.,4.));
#1897 = CARTESIAN_POINT('',(1.570796326795,4.));
#1898 = ( GEOMETRIC_REPRESENTATION_CONTEXT(2) 
PARAMETRIC_REPRESENTATION_CONTEXT() REPRESENTATION_CONTEXT('2D SPACE',''
  ) );
#1899 = ORIENTED_EDGE('',*,*,#1900,.F.);
#1900 = EDGE_CURVE('',#1771,#1879,#1901,.T.);
#1901 = SURFACE_CURVE('',#1902,(#1907,#1914),.PCURVE_S1.);
#1902 = CIRCLE('',#1903,4.);
#1903 = AXIS2_PLACEMENT_3D('',#1904,#1905,#1906);
#1904 = CARTESIAN_POINT('',(34.,16.,26.));
#1905 = DIRECTION('',(-0.,-0.,-1.));
#1906 = DIRECTION('',(0.,-1.,0.));
#1907 = PCURVE('',#931,#1908);
#1908 = DEFINITIONAL_REPRESENTATION('',(#1909),#1913);
#1909 = LINE('',#1910,#1911);
#1910 = CARTESIAN_POINT('',(-0.,3.14159265359));
#1911 = VECTOR('',#1912,1.);
#1912 = DIRECTION('',(-1.,0.));
#1913 = ( GEOMETRIC_REPRESENTATION_CONTEXT(2) 
PARAMETRIC_REPRESENTATION_CONTEXT() REPRESENTATION_CONTEXT('2D SPACE',''
  ) );
#1914 = PCURVE('',#1915,#1920);
#1915 = CYLINDRICAL_SURFACE('',#1916,4.);
#1916 = AXIS2_PLACEMENT_3D('',#1917,#1918,#1919);
#1917 = CARTESIAN_POINT('',(34.,16.,24.));
#1918 = DIRECTION('',(0.,0.,1.));
#1919 = DIRECTION('',(0.,-1.,0.));
#1920 = DEFINITIONAL_REPRESENTATION('',(#1921),#1925);
#1921 = LINE('',#1922,#1923);
#1922 = CARTESIAN_POINT('',(-0.,2.));
#1923 = VECTOR('',#1924,1.);
#1924 = DIRECTION('',(-1.,0.));
#1925 = ( GEOMETRIC_REPRESENTATION_CONTEXT(2) 
PARAMETRIC_REPRESENTATION_CONTEXT() REPRESENTATION_CONTEXT('2D SPACE',''
  ) );
#1926 = ADVANCED_FACE('',(#1927),#1077,.T.);
#1927 = FACE_BOUND('',#1928,.F.);
#1928 = EDGE_LOOP('',(#1929,#1930,#1958,#1978));
#1929 = ORIENTED_EDGE('',*,*,#1824,.T.);
#1930 = ORIENTED_EDGE('',*,*,#1931,.T.);
#1931 = EDGE_CURVE('',#1825,#1932,#1934,.T.);
#1932 = VERTEX_POINT('',#1933);
#1933 = CARTESIAN_POINT('',(70.,54.,26.));
#1934 = SURFACE_CURVE('',#1935,(#1939,#1946),.PCURVE_S1.);
#1935 = LINE('',#1936,#1937);
#1936 = CARTESIAN_POINT('',(70.,12.,26.));
#1937 = VECTOR('',#1938,1.);
#1938 = DIRECTION('',(-0.,1.,0.));
#1939 = PCURVE('',#1077,#1940);
#1940 = DEFINITIONAL_REPRESENTATION('',(#1941),#1945);
#1941 = LINE('',#1942,#1943);
#1942 = CARTESIAN_POINT('',(-1.570796326795,0.));
#1943 = VECTOR('',#1944,1.);
#1944 = DIRECTION('',(-0.,1.));
#1945 = ( GEOMETRIC_REPRESENTATION_CONTEXT(2) 
PARAMETRIC_REPRESENTATION_CONTEXT() REPRESENTATION_CONTEXT('2D SPACE',''
  ) );
#1946 = PCURVE('',#1947,#1952);
#1947 = PLANE('',#1948);
#1948 = AXIS2_PLACEMENT_3D('',#1949,#1950,#1951);
#1949 = CARTESIAN_POINT('',(70.,12.,24.));
#1950 = DIRECTION('',(1.,0.,-0.));
#1951 = DIRECTION('',(0.,0.,1.));
#1952 = DEFINITIONAL_REPRESENTATION('',(#1953),#1957);
#1953 = LINE('',#1954,#1955);
#1954 = CARTESIAN_POINT('',(2.,0.));
#1955 = VECTOR('',#1956,1.);
#1956 = DIRECTION('',(0.,-1.));
#1957 = ( GEOMETRIC_REPRESENTATION_CONTEXT(2) 
PARAMETRIC_REPRESENTATION_CONTEXT() REPRESENTATION_CONTEXT('2D SPACE',''
  ) );
#1958 = ORIENTED_EDGE('',*,*,#1959,.F.);
#1959 = EDGE_CURVE('',#1033,#1932,#1960,.T.);
#1960 = SURFACE_CURVE('',#1961,(#1966,#1972),.PCURVE_S1.);
#1961 = CIRCLE('',#1962,4.);
#1962 = AXIS2_PLACEMENT_3D('',#1963,#1964,#1965);
#1963 = CARTESIAN_POINT('',(74.,54.,26.));
#1964 = DIRECTION('',(0.,-1.,0.));
#1965 = DIRECTION('',(1.,0.,0.));
#1966 = PCURVE('',#1077,#1967);
#1967 = DEFINITIONAL_REPRESENTATION('',(#1968),#1971);
#1968 = B_SPLINE_CURVE_WITH_KNOTS('',1,(#1969,#1970),.UNSPECIFIED.,.F.,
  .F.,(2,2),(1.570796326795,3.14159265359),.PIECEWISE_BEZIER_KNOTS.);
#1969 = CARTESIAN_POINT('',(0.,42.));
#1970 = CARTESIAN_POINT('',(-1.570796326795,42.));
#1971 = ( GEOMETRIC_REPRESENTATION_CONTEXT(2) 
PARAMETRIC_REPRESENTATION_CONTEXT() REPRESENTATION_CONTEXT('2D SPACE',''
  ) );
#1972 = PCURVE('',#1049,#1973);
#1973 = DEFINITIONAL_REPRESENTATION('',(#1974),#1977);
#1974 = B_SPLINE_CURVE_WITH_KNOTS('',1,(#1975,#1976),.UNSPECIFIED.,.F.,
  .F.,(2,2),(1.570796326795,3.14159265359),.PIECEWISE_BEZIER_KNOTS.);
#1975 = CARTESIAN_POINT('',(0.,1.570796326795));
#1976 = CARTESIAN_POINT('',(0.,3.14159265359));
#1977 = ( GEOMETRIC_REPRESENTATION_CONTEXT(2) 
PARAMETRIC_REPRESENTATION_CONTEXT() REPRESENTATION_CONTEXT('2D SPACE',''
  ) );
#1978 = ORIENTED_EDGE('',*,*,#1061,.F.);
#1979 = ADVANCED_FACE('',(#1980),#959,.T.);
#1980 = FACE_BOUND('',#1981,.T.);
#1981 = EDGE_LOOP('',(#1982,#1983,#2011,#2031));
#1982 = ORIENTED_EDGE('',*,*,#1878,.T.);
#1983 = ORIENTED_EDGE('',*,*,#1984,.T.);
#1984 = EDGE_CURVE('',#1879,#1985,#1987,.T.);
#1985 = VERTEX_POINT('',#1986);
#1986 = CARTESIAN_POINT('',(30.,54.,26.));
#1987 = SURFACE_CURVE('',#1988,(#1992,#1999),.PCURVE_S1.);
#1988 = LINE('',#1989,#1990);
#1989 = CARTESIAN_POINT('',(30.,12.,26.));
#1990 = VECTOR('',#1991,1.);
#1991 = DIRECTION('',(-0.,1.,0.));
#1992 = PCURVE('',#959,#1993);
#1993 = DEFINITIONAL_REPRESENTATION('',(#1994),#1998);
#1994 = LINE('',#1995,#1996);
#1995 = CARTESIAN_POINT('',(1.570796326795,0.));
#1996 = VECTOR('',#1997,1.);
#1997 = DIRECTION('',(0.,1.));
#1998 = ( GEOMETRIC_REPRESENTATION_CONTEXT(2) 
PARAMETRIC_REPRESENTATION_CONTEXT() REPRESENTATION_CONTEXT('2D SPACE',''
  ) );
#1999 = PCURVE('',#2000,#2005);
#2000 = PLANE('',#2001);
#2001 = AXIS2_PLACEMENT_3D('',#2002,#2003,#2004);
#2002 = CARTESIAN_POINT('',(30.,12.,24.));
#2003 = DIRECTION('',(1.,0.,-0.));
#2004 = DIRECTION('',(0.,0.,1.));
#2005 = DEFINITIONAL_REPRESENTATION('',(#2006),#2010);
#2006 = LINE('',#2007,#2008);
#2007 = CARTESIAN_POINT('',(2.,0.));
#2008 = VECTOR('',#2009,1.);
#2009 = DIRECTION('',(0.,-1.));
#2010 = ( GEOMETRIC_REPRESENTATION_CONTEXT(2) 
PARAMETRIC_REPRESENTATION_CONTEXT() REPRESENTATION_CONTEXT('2D SPACE',''
  ) );
#2011 = ORIENTED_EDGE('',*,*,#2012,.F.);
#2012 = EDGE_CURVE('',#944,#1985,#2013,.T.);
#2013 = SURFACE_CURVE('',#2014,(#2019,#2025),.PCURVE_S1.);
#2014 = CIRCLE('',#2015,4.);
#2015 = AXIS2_PLACEMENT_3D('',#2016,#2017,#2018);
#2016 = CARTESIAN_POINT('',(26.,54.,26.));
#2017 = DIRECTION('',(0.,1.,-0.));
#2018 = DIRECTION('',(-1.,0.,0.));
#2019 = PCURVE('',#959,#2020);
#2020 = DEFINITIONAL_REPRESENTATION('',(#2021),#2024);
#2021 = B_SPLINE_CURVE_WITH_KNOTS('',1,(#2022,#2023),.UNSPECIFIED.,.F.,
  .F.,(2,2),(1.570796326795,3.14159265359),.PIECEWISE_BEZIER_KNOTS.);
#2022 = CARTESIAN_POINT('',(0.,42.));
#2023 = CARTESIAN_POINT('',(1.570796326795,42.));
#2024 = ( GEOMETRIC_REPRESENTATION_CONTEXT(2) 
PARAMETRIC_REPRESENTATION_CONTEXT() REPRESENTATION_CONTEXT('2D SPACE',''
  ) );
#2025 = PCURVE('',#992,#2026);
#2026 = DEFINITIONAL_REPRESENTATION('',(#2027),#2030);
#2027 = B_SPLINE_CURVE_WITH_KNOTS('',1,(#2028,#2029),.UNSPECIFIED.,.F.,
  .F.,(2,2),(1.570796326795,3.14159265359),.PIECEWISE_BEZIER_KNOTS.);
#2028 = CARTESIAN_POINT('',(0.,1.570796326795));
#2029 = CARTESIAN_POINT('',(0.,3.14159265359));
#2030 = ( GEOMETRIC_REPRESENTATION_CONTEXT(2) 
PARAMETRIC_REPRESENTATION_CONTEXT() REPRESENTATION_CONTEXT('2D SPACE',''
  ) );
#2031 = ORIENTED_EDGE('',*,*,#943,.F.);
#2032 = ADVANCED_FACE('',(#2033),#1049,.T.);
#2033 = FACE_BOUND('',#2034,.T.);
#2034 = EDGE_LOOP('',(#2035,#2036,#2037,#2059));
#2035 = ORIENTED_EDGE('',*,*,#1959,.F.);
#2036 = ORIENTED_EDGE('',*,*,#1032,.T.);
#2037 = ORIENTED_EDGE('',*,*,#2038,.T.);
#2038 = EDGE_CURVE('',#1005,#2039,#2041,.T.);
#2039 = VERTEX_POINT('',#2040);
#2040 = CARTESIAN_POINT('',(66.,58.,26.));
#2041 = SURFACE_CURVE('',#2042,(#2047,#2053),.PCURVE_S1.);
#2042 = CIRCLE('',#2043,4.);
#2043 = AXIS2_PLACEMENT_3D('',#2044,#2045,#2046);
#2044 = CARTESIAN_POINT('',(66.,62.,26.));
#2045 = DIRECTION('',(1.,-6.123233995737E-17,0.));
#2046 = DIRECTION('',(6.123233995737E-17,1.,0.));
#2047 = PCURVE('',#1049,#2048);
#2048 = DEFINITIONAL_REPRESENTATION('',(#2049),#2052);
#2049 = B_SPLINE_CURVE_WITH_KNOTS('',1,(#2050,#2051),.UNSPECIFIED.,.F.,
  .F.,(2,2),(1.570796326795,3.14159265359),.PIECEWISE_BEZIER_KNOTS.);
#2050 = CARTESIAN_POINT('',(1.570796326795,1.570796326795));
#2051 = CARTESIAN_POINT('',(1.570796326795,3.14159265359));
#2052 = ( GEOMETRIC_REPRESENTATION_CONTEXT(2) 
PARAMETRIC_REPRESENTATION_CONTEXT() REPRESENTATION_CONTEXT('2D SPACE',''
  ) );
#2053 = PCURVE('',#1020,#2054);
#2054 = DEFINITIONAL_REPRESENTATION('',(#2055),#2058);
#2055 = B_SPLINE_CURVE_WITH_KNOTS('',1,(#2056,#2057),.UNSPECIFIED.,.F.,
  .F.,(2,2),(1.570796326795,3.14159265359),.PIECEWISE_BEZIER_KNOTS.);
#2056 = CARTESIAN_POINT('',(0.,4.));
#2057 = CARTESIAN_POINT('',(-1.570796326795,4.));
#2058 = ( GEOMETRIC_REPRESENTATION_CONTEXT(2) 
PARAMETRIC_REPRESENTATION_CONTEXT() REPRESENTATION_CONTEXT('2D SPACE',''
  ) );
#2059 = ORIENTED_EDGE('',*,*,#2060,.F.);
#2060 = EDGE_CURVE('',#1932,#2039,#2061,.T.);
#2061 = SURFACE_CURVE('',#2062,(#2067,#2074),.PCURVE_S1.);
#2062 = CIRCLE('',#2063,4.);
#2063 = AXIS2_PLACEMENT_3D('',#2064,#2065,#2066);
#2064 = CARTESIAN_POINT('',(66.,54.,26.));
#2065 = DIRECTION('',(0.,0.,1.));
#2066 = DIRECTION('',(1.,0.,-0.));
#2067 = PCURVE('',#1049,#2068);
#2068 = DEFINITIONAL_REPRESENTATION('',(#2069),#2073);
#2069 = LINE('',#2070,#2071);
#2070 = CARTESIAN_POINT('',(0.,3.14159265359));
#2071 = VECTOR('',#2072,1.);
#2072 = DIRECTION('',(1.,0.));
#2073 = ( GEOMETRIC_REPRESENTATION_CONTEXT(2) 
PARAMETRIC_REPRESENTATION_CONTEXT() REPRESENTATION_CONTEXT('2D SPACE',''
  ) );
#2074 = PCURVE('',#2075,#2080);
#2075 = CYLINDRICAL_SURFACE('',#2076,4.);
#2076 = AXIS2_PLACEMENT_3D('',#2077,#2078,#2079);
#2077 = CARTESIAN_POINT('',(66.,54.,24.));
#2078 = DIRECTION('',(0.,0.,1.));
#2079 = DIRECTION('',(1.,0.,-0.));
#2080 = DEFINITIONAL_REPRESENTATION('',(#2081),#2085);
#2081 = LINE('',#2082,#2083);
#2082 = CARTESIAN_POINT('',(0.,2.));
#2083 = VECTOR('',#2084,1.);
#2084 = DIRECTION('',(1.,0.));
#2085 = ( GEOMETRIC_REPRESENTATION_CONTEXT(2) 
PARAMETRIC_REPRESENTATION_CONTEXT() REPRESENTATION_CONTEXT('2D SPACE',''
  ) );
#2086 = ADVANCED_FACE('',(#2087),#992,.T.);
#2087 = FACE_BOUND('',#2088,.F.);
#2088 = EDGE_LOOP('',(#2089,#2090,#2091,#2113));
#2089 = ORIENTED_EDGE('',*,*,#2012,.F.);
#2090 = ORIENTED_EDGE('',*,*,#971,.T.);
#2091 = ORIENTED_EDGE('',*,*,#2092,.T.);
#2092 = EDGE_CURVE('',#972,#2093,#2095,.T.);
#2093 = VERTEX_POINT('',#2094);
#2094 = CARTESIAN_POINT('',(34.,58.,26.));
#2095 = SURFACE_CURVE('',#2096,(#2101,#2107),.PCURVE_S1.);
#2096 = CIRCLE('',#2097,4.);
#2097 = AXIS2_PLACEMENT_3D('',#2098,#2099,#2100);
#2098 = CARTESIAN_POINT('',(34.,62.,26.));
#2099 = DIRECTION('',(1.,6.123233995737E-17,-0.));
#2100 = DIRECTION('',(-6.123233995737E-17,1.,0.));
#2101 = PCURVE('',#992,#2102);
#2102 = DEFINITIONAL_REPRESENTATION('',(#2103),#2106);
#2103 = B_SPLINE_CURVE_WITH_KNOTS('',1,(#2104,#2105),.UNSPECIFIED.,.F.,
  .F.,(2,2),(1.570796326795,3.14159265359),.PIECEWISE_BEZIER_KNOTS.);
#2104 = CARTESIAN_POINT('',(-1.570796326795,1.570796326795));
#2105 = CARTESIAN_POINT('',(-1.570796326795,3.14159265359));
#2106 = ( GEOMETRIC_REPRESENTATION_CONTEXT(2) 
PARAMETRIC_REPRESENTATION_CONTEXT() REPRESENTATION_CONTEXT('2D SPACE',''
  ) );
#2107 = PCURVE('',#1020,#2108);
#2108 = DEFINITIONAL_REPRESENTATION('',(#2109),#2112);
#2109 = B_SPLINE_CURVE_WITH_KNOTS('',1,(#2110,#2111),.UNSPECIFIED.,.F.,
  .F.,(2,2),(1.570796326795,3.14159265359),.PIECEWISE_BEZIER_KNOTS.);
#2110 = CARTESIAN_POINT('',(0.,36.));
#2111 = CARTESIAN_POINT('',(-1.570796326795,36.));
#2112 = ( GEOMETRIC_REPRESENTATION_CONTEXT(2) 
PARAMETRIC_REPRESENTATION_CONTEXT() REPRESENTATION_CONTEXT('2D SPACE',''
  ) );
#2113 = ORIENTED_EDGE('',*,*,#2114,.F.);
#2114 = EDGE_CURVE('',#1985,#2093,#2115,.T.);
#2115 = SURFACE_CURVE('',#2116,(#2121,#2128),.PCURVE_S1.);
#2116 = CIRCLE('',#2117,4.);
#2117 = AXIS2_PLACEMENT_3D('',#2118,#2119,#2120);
#2118 = CARTESIAN_POINT('',(34.,54.,26.));
#2119 = DIRECTION('',(-0.,0.,-1.));
#2120 = DIRECTION('',(-1.,0.,0.));
#2121 = PCURVE('',#992,#2122);
#2122 = DEFINITIONAL_REPRESENTATION('',(#2123),#2127);
#2123 = LINE('',#2124,#2125);
#2124 = CARTESIAN_POINT('',(-0.,3.14159265359));
#2125 = VECTOR('',#2126,1.);
#2126 = DIRECTION('',(-1.,0.));
#2127 = ( GEOMETRIC_REPRESENTATION_CONTEXT(2) 
PARAMETRIC_REPRESENTATION_CONTEXT() REPRESENTATION_CONTEXT('2D SPACE',''
  ) );
#2128 = PCURVE('',#2129,#2134);
#2129 = CYLINDRICAL_SURFACE('',#2130,4.);
#2130 = AXIS2_PLACEMENT_3D('',#2131,#2132,#2133);
#2131 = CARTESIAN_POINT('',(34.,54.,24.));
#2132 = DIRECTION('',(0.,0.,1.));
#2133 = DIRECTION('',(-1.,-0.,0.));
#2134 = DEFINITIONAL_REPRESENTATION('',(#2135),#2139);
#2135 = LINE('',#2136,#2137);
#2136 = CARTESIAN_POINT('',(-0.,2.));
#2137 = VECTOR('',#2138,1.);
#2138 = DIRECTION('',(-1.,0.));
#2139 = ( GEOMETRIC_REPRESENTATION_CONTEXT(2) 
PARAMETRIC_REPRESENTATION_CONTEXT() REPRESENTATION_CONTEXT('2D SPACE',''
  ) );
#2140 = ADVANCED_FACE('',(#2141),#1020,.T.);
#2141 = FACE_BOUND('',#2142,.F.);
#2142 = EDGE_LOOP('',(#2143,#2144,#2170,#2171));
#2143 = ORIENTED_EDGE('',*,*,#2038,.T.);
#2144 = ORIENTED_EDGE('',*,*,#2145,.T.);
#2145 = EDGE_CURVE('',#2039,#2093,#2146,.T.);
#2146 = SURFACE_CURVE('',#2147,(#2151,#2158),.PCURVE_S1.);
#2147 = LINE('',#2148,#2149);
#2148 = CARTESIAN_POINT('',(70.,58.,26.));
#2149 = VECTOR('',#2150,1.);
#2150 = DIRECTION('',(-1.,-0.,0.));
#2151 = PCURVE('',#1020,#2152);
#2152 = DEFINITIONAL_REPRESENTATION('',(#2153),#2157);
#2153 = LINE('',#2154,#2155);
#2154 = CARTESIAN_POINT('',(-1.570796326795,0.));
#2155 = VECTOR('',#2156,1.);
#2156 = DIRECTION('',(-0.,1.));
#2157 = ( GEOMETRIC_REPRESENTATION_CONTEXT(2) 
PARAMETRIC_REPRESENTATION_CONTEXT() REPRESENTATION_CONTEXT('2D SPACE',''
  ) );
#2158 = PCURVE('',#2159,#2164);
#2159 = PLANE('',#2160);
#2160 = AXIS2_PLACEMENT_3D('',#2161,#2162,#2163);
#2161 = CARTESIAN_POINT('',(30.,58.,24.));
#2162 = DIRECTION('',(-0.,1.,0.));
#2163 = DIRECTION('',(0.,0.,1.));
#2164 = DEFINITIONAL_REPRESENTATION('',(#2165),#2169);
#2165 = LINE('',#2166,#2167);
#2166 = CARTESIAN_POINT('',(2.,40.));
#2167 = VECTOR('',#2168,1.);
#2168 = DIRECTION('',(0.,-1.));
#2169 = ( GEOMETRIC_REPRESENTATION_CONTEXT(2) 
PARAMETRIC_REPRESENTATION_CONTEXT() REPRESENTATION_CONTEXT('2D SPACE',''
  ) );
#2170 = ORIENTED_EDGE('',*,*,#2092,.F.);
#2171 = ORIENTED_EDGE('',*,*,#1004,.F.);
#2172 = ADVANCED_FACE('',(#2173),#1135,.T.);
#2173 = FACE_BOUND('',#2174,.T.);
#2174 = EDGE_LOOP('',(#2175,#2197,#2198,#2199));
#2175 = ORIENTED_EDGE('',*,*,#2176,.F.);
#2176 = EDGE_CURVE('',#1119,#2177,#2179,.T.);
#2177 = VERTEX_POINT('',#2178);
#2178 = CARTESIAN_POINT('',(87.5,35.,26.));
#2179 = SEAM_CURVE('',#2180,(#2185,#2191),.PCURVE_S1.);
#2180 = CIRCLE('',#2181,4.);
#2181 = AXIS2_PLACEMENT_3D('',#2182,#2183,#2184);
#2182 = CARTESIAN_POINT('',(91.5,35.,26.));
#2183 = DIRECTION('',(0.,-1.,0.));
#2184 = DIRECTION('',(1.,0.,0.));
#2185 = PCURVE('',#1135,#2186);
#2186 = DEFINITIONAL_REPRESENTATION('',(#2187),#2190);
#2187 = B_SPLINE_CURVE_WITH_KNOTS('',1,(#2188,#2189),.UNSPECIFIED.,.F.,
  .F.,(2,2),(1.570796326795,3.14159265359),.PIECEWISE_BEZIER_KNOTS.);
#2188 = CARTESIAN_POINT('',(0.,1.570796326795));
#2189 = CARTESIAN_POINT('',(0.,3.14159265359));
#2190 = ( GEOMETRIC_REPRESENTATION_CONTEXT(2) 
PARAMETRIC_REPRESENTATION_CONTEXT() REPRESENTATION_CONTEXT('2D SPACE',''
  ) );
#2191 = PCURVE('',#1135,#2192);
#2192 = DEFINITIONAL_REPRESENTATION('',(#2193),#2196);
#2193 = B_SPLINE_CURVE_WITH_KNOTS('',1,(#2194,#2195),.UNSPECIFIED.,.F.,
  .F.,(2,2),(1.570796326795,3.14159265359),.PIECEWISE_BEZIER_KNOTS.);
#2194 = CARTESIAN_POINT('',(6.28318530718,1.570796326795));
#2195 = CARTESIAN_POINT('',(6.28318530718,3.14159265359));
#2196 = ( GEOMETRIC_REPRESENTATION_CONTEXT(2) 
PARAMETRIC_REPRESENTATION_CONTEXT() REPRESENTATION_CONTEXT('2D SPACE',''
  ) );
#2197 = ORIENTED_EDGE('',*,*,#1118,.T.);
#2198 = ORIENTED_EDGE('',*,*,#2176,.T.);
#2199 = ORIENTED_EDGE('',*,*,#2200,.F.);
#2200 = EDGE_CURVE('',#2177,#2177,#2201,.T.);
#2201 = SURFACE_CURVE('',#2202,(#2207,#2214),.PCURVE_S1.);
#2202 = CIRCLE('',#2203,1.5);
#2203 = AXIS2_PLACEMENT_3D('',#2204,#2205,#2206);
#2204 = CARTESIAN_POINT('',(86.,35.,26.));
#2205 = DIRECTION('',(0.,0.,1.));
#2206 = DIRECTION('',(1.,0.,-0.));
#2207 = PCURVE('',#1135,#2208);
#2208 = DEFINITIONAL_REPRESENTATION('',(#2209),#2213);
#2209 = LINE('',#2210,#2211);
#2210 = CARTESIAN_POINT('',(0.,3.14159265359));
#2211 = VECTOR('',#2212,1.);
#2212 = DIRECTION('',(1.,0.));
#2213 = ( GEOMETRIC_REPRESENTATION_CONTEXT(2) 
PARAMETRIC_REPRESENTATION_CONTEXT() REPRESENTATION_CONTEXT('2D SPACE',''
  ) );
#2214 = PCURVE('',#1584,#2215);
#2215 = DEFINITIONAL_REPRESENTATION('',(#2216),#2220);
#2216 = LINE('',#2217,#2218);
#2217 = CARTESIAN_POINT('',(0.,27.));
#2218 = VECTOR('',#2219,1.);
#2219 = DIRECTION('',(1.,0.));
#2220 = ( GEOMETRIC_REPRESENTATION_CONTEXT(2) 
PARAMETRIC_REPRESENTATION_CONTEXT() REPRESENTATION_CONTEXT('2D SPACE',''
  ) );
#2221 = ADVANCED_FACE('',(#2222),#1215,.T.);
#2222 = FACE_BOUND('',#2223,.F.);
#2223 = EDGE_LOOP('',(#2224,#2244,#2265,#2285));
#2224 = ORIENTED_EDGE('',*,*,#2225,.F.);
#2225 = EDGE_CURVE('',#1445,#1200,#2226,.T.);
#2226 = SURFACE_CURVE('',#2227,(#2232,#2238),.PCURVE_S1.);
#2227 = CIRCLE('',#2228,4.);
#2228 = AXIS2_PLACEMENT_3D('',#2229,#2230,#2231);
#2229 = CARTESIAN_POINT('',(96.,66.,4.));
#2230 = DIRECTION('',(0.,-0.,1.));
#2231 = DIRECTION('',(0.,1.,0.));
#2232 = PCURVE('',#1215,#2233);
#2233 = DEFINITIONAL_REPRESENTATION('',(#2234),#2237);
#2234 = B_SPLINE_CURVE_WITH_KNOTS('',1,(#2235,#2236),.UNSPECIFIED.,.F.,
  .F.,(2,2),(4.712388980385,6.28318530718),.PIECEWISE_BEZIER_KNOTS.);
#2235 = CARTESIAN_POINT('',(-1.570796326795,4.));
#2236 = CARTESIAN_POINT('',(0.,4.));
#2237 = ( GEOMETRIC_REPRESENTATION_CONTEXT(2) 
PARAMETRIC_REPRESENTATION_CONTEXT() REPRESENTATION_CONTEXT('2D SPACE',''
  ) );
#2238 = PCURVE('',#1408,#2239);
#2239 = DEFINITIONAL_REPRESENTATION('',(#2240),#2243);
#2240 = B_SPLINE_CURVE_WITH_KNOTS('',1,(#2241,#2242),.UNSPECIFIED.,.F.,
  .F.,(2,2),(4.712388980385,6.28318530718),.PIECEWISE_BEZIER_KNOTS.);
#2241 = CARTESIAN_POINT('',(0.,-1.570796326795));
#2242 = CARTESIAN_POINT('',(0.,0.));
#2243 = ( GEOMETRIC_REPRESENTATION_CONTEXT(2) 
PARAMETRIC_REPRESENTATION_CONTEXT() REPRESENTATION_CONTEXT('2D SPACE',''
  ) );
#2244 = ORIENTED_EDGE('',*,*,#2245,.T.);
#2245 = EDGE_CURVE('',#1445,#1653,#2246,.T.);
#2246 = SURFACE_CURVE('',#2247,(#2251,#2258),.PCURVE_S1.);
#2247 = LINE('',#2248,#2249);
#2248 = CARTESIAN_POINT('',(100.,66.,0.));
#2249 = VECTOR('',#2250,1.);
#2250 = DIRECTION('',(0.,0.,1.));
#2251 = PCURVE('',#1215,#2252);
#2252 = DEFINITIONAL_REPRESENTATION('',(#2253),#2257);
#2253 = LINE('',#2254,#2255);
#2254 = CARTESIAN_POINT('',(-1.570796326795,0.));
#2255 = VECTOR('',#2256,1.);
#2256 = DIRECTION('',(-0.,1.));
#2257 = ( GEOMETRIC_REPRESENTATION_CONTEXT(2) 
PARAMETRIC_REPRESENTATION_CONTEXT() REPRESENTATION_CONTEXT('2D SPACE',''
  ) );
#2258 = PCURVE('',#1353,#2259);
#2259 = DEFINITIONAL_REPRESENTATION('',(#2260),#2264);
#2260 = LINE('',#2261,#2262);
#2261 = CARTESIAN_POINT('',(0.,-66.));
#2262 = VECTOR('',#2263,1.);
#2263 = DIRECTION('',(1.,0.));
#2264 = ( GEOMETRIC_REPRESENTATION_CONTEXT(2) 
PARAMETRIC_REPRESENTATION_CONTEXT() REPRESENTATION_CONTEXT('2D SPACE',''
  ) );
#2265 = ORIENTED_EDGE('',*,*,#2266,.T.);
#2266 = EDGE_CURVE('',#1653,#1177,#2267,.T.);
#2267 = SURFACE_CURVE('',#2268,(#2273,#2279),.PCURVE_S1.);
#2268 = CIRCLE('',#2269,4.);
#2269 = AXIS2_PLACEMENT_3D('',#2270,#2271,#2272);
#2270 = CARTESIAN_POINT('',(96.,66.,26.));
#2271 = DIRECTION('',(0.,-6.123233995737E-17,1.));
#2272 = DIRECTION('',(0.,1.,6.123233995737E-17));
#2273 = PCURVE('',#1215,#2274);
#2274 = DEFINITIONAL_REPRESENTATION('',(#2275),#2278);
#2275 = B_SPLINE_CURVE_WITH_KNOTS('',1,(#2276,#2277),.UNSPECIFIED.,.F.,
  .F.,(2,2),(4.712388980385,6.28318530718),.PIECEWISE_BEZIER_KNOTS.);
#2276 = CARTESIAN_POINT('',(-1.570796326795,26.));
#2277 = CARTESIAN_POINT('',(0.,26.));
#2278 = ( GEOMETRIC_REPRESENTATION_CONTEXT(2) 
PARAMETRIC_REPRESENTATION_CONTEXT() REPRESENTATION_CONTEXT('2D SPACE',''
  ) );
#2279 = PCURVE('',#1616,#2280);
#2280 = DEFINITIONAL_REPRESENTATION('',(#2281),#2284);
#2281 = B_SPLINE_CURVE_WITH_KNOTS('',1,(#2282,#2283),.UNSPECIFIED.,.F.,
  .F.,(2,2),(4.712388980385,6.28318530718),.PIECEWISE_BEZIER_KNOTS.);
#2282 = CARTESIAN_POINT('',(1.570796326795,-1.570796326795));
#2283 = CARTESIAN_POINT('',(1.570796326795,0.));
#2284 = ( GEOMETRIC_REPRESENTATION_CONTEXT(2) 
PARAMETRIC_REPRESENTATION_CONTEXT() REPRESENTATION_CONTEXT('2D SPACE',''
  ) );
#2285 = ORIENTED_EDGE('',*,*,#1199,.F.);
#2286 = ADVANCED_FACE('',(#2287),#1268,.T.);
#2287 = FACE_BOUND('',#2288,.F.);
#2288 = EDGE_LOOP('',(#2289,#2290,#2291));
#2289 = ORIENTED_EDGE('',*,*,#1315,.F.);
#2290 = ORIENTED_EDGE('',*,*,#1424,.T.);
#2291 = ORIENTED_EDGE('',*,*,#1253,.F.);
#2292 = ADVANCED_FACE('',(#2293),#1300,.T.);
#2293 = FACE_BOUND('',#2294,.F.);
#2294 = EDGE_LOOP('',(#2295,#2296,#2297));
#2295 = ORIENTED_EDGE('',*,*,#1286,.F.);
#2296 = ORIENTED_EDGE('',*,*,#1632,.T.);
#2297 = ORIENTED_EDGE('',*,*,#1365,.F.);
#2298 = ADVANCED_FACE('',(#2299),#1353,.T.);
#2299 = FACE_BOUND('',#2300,.T.);
#2300 = EDGE_LOOP('',(#2301,#2302,#2303,#2304));
#2301 = ORIENTED_EDGE('',*,*,#1337,.F.);
#2302 = ORIENTED_EDGE('',*,*,#1444,.T.);
#2303 = ORIENTED_EDGE('',*,*,#2245,.T.);
#2304 = ORIENTED_EDGE('',*,*,#1652,.F.);
#2305 = ADVANCED_FACE('',(#2306),#1408,.T.);
#2306 = FACE_BOUND('',#2307,.T.);
#2307 = EDGE_LOOP('',(#2308,#2309,#2310));
#2308 = ORIENTED_EDGE('',*,*,#2225,.F.);
#2309 = ORIENTED_EDGE('',*,*,#1467,.T.);
#2310 = ORIENTED_EDGE('',*,*,#1393,.F.);
#2311 = ADVANCED_FACE('',(#2312),#1530,.F.);
#2312 = FACE_BOUND('',#2313,.F.);
#2313 = EDGE_LOOP('',(#2314,#2335,#2336,#2337));
#2314 = ORIENTED_EDGE('',*,*,#2315,.T.);
#2315 = EDGE_CURVE('',#1492,#1700,#2316,.T.);
#2316 = SEAM_CURVE('',#2317,(#2321,#2328),.PCURVE_S1.);
#2317 = LINE('',#2318,#2319);
#2318 = CARTESIAN_POINT('',(15.5,35.,-1.));
#2319 = VECTOR('',#2320,1.);
#2320 = DIRECTION('',(0.,0.,1.));
#2321 = PCURVE('',#1530,#2322);
#2322 = DEFINITIONAL_REPRESENTATION('',(#2323),#2327);
#2323 = LINE('',#2324,#2325);
#2324 = CARTESIAN_POINT('',(6.28318530718,-0.));
#2325 = VECTOR('',#2326,1.);
#2326 = DIRECTION('',(0.,1.));
#2327 = ( GEOMETRIC_REPRESENTATION_CONTEXT(2) 
PARAMETRIC_REPRESENTATION_CONTEXT() REPRESENTATION_CONTEXT('2D SPACE',''
  ) );
#2328 = PCURVE('',#1530,#2329);
#2329 = DEFINITIONAL_REPRESENTATION('',(#2330),#2334);
#2330 = LINE('',#2331,#2332);
#2331 = CARTESIAN_POINT('',(0.,-0.));
#2332 = VECTOR('',#2333,1.);
#2333 = DIRECTION('',(0.,1.));
#2334 = ( GEOMETRIC_REPRESENTATION_CONTEXT(2) 
PARAMETRIC_REPRESENTATION_CONTEXT() REPRESENTATION_CONTEXT('2D SPACE',''
  ) );
#2335 = ORIENTED_EDGE('',*,*,#1723,.F.);
#2336 = ORIENTED_EDGE('',*,*,#2315,.F.);
#2337 = ORIENTED_EDGE('',*,*,#1515,.T.);
#2338 = ADVANCED_FACE('',(#2339),#1584,.F.);
#2339 = FACE_BOUND('',#2340,.F.);
#2340 = EDGE_LOOP('',(#2341,#2362,#2363,#2364));
#2341 = ORIENTED_EDGE('',*,*,#2342,.T.);
#2342 = EDGE_CURVE('',#1546,#2177,#2343,.T.);
#2343 = SEAM_CURVE('',#2344,(#2348,#2355),.PCURVE_S1.);
#2344 = LINE('',#2345,#2346);
#2345 = CARTESIAN_POINT('',(87.5,35.,-1.));
#2346 = VECTOR('',#2347,1.);
#2347 = DIRECTION('',(0.,0.,1.));
#2348 = PCURVE('',#1584,#2349);
#2349 = DEFINITIONAL_REPRESENTATION('',(#2350),#2354);
#2350 = LINE('',#2351,#2352);
#2351 = CARTESIAN_POINT('',(6.28318530718,-0.));
#2352 = VECTOR('',#2353,1.);
#2353 = DIRECTION('',(0.,1.));
#2354 = ( GEOMETRIC_REPRESENTATION_CONTEXT(2) 
PARAMETRIC_REPRESENTATION_CONTEXT() REPRESENTATION_CONTEXT('2D SPACE',''
  ) );
#2355 = PCURVE('',#1584,#2356);
#2356 = DEFINITIONAL_REPRESENTATION('',(#2357),#2361);
#2357 = LINE('',#2358,#2359);
#2358 = CARTESIAN_POINT('',(0.,-0.));
#2359 = VECTOR('',#2360,1.);
#2360 = DIRECTION('',(0.,1.));
#2361 = ( GEOMETRIC_REPRESENTATION_CONTEXT(2) 
PARAMETRIC_REPRESENTATION_CONTEXT() REPRESENTATION_CONTEXT('2D SPACE',''
  ) );
#2362 = ORIENTED_EDGE('',*,*,#2200,.F.);
#2363 = ORIENTED_EDGE('',*,*,#2342,.F.);
#2364 = ORIENTED_EDGE('',*,*,#1569,.T.);
#2365 = ADVANCED_FACE('',(#2366),#1616,.T.);
#2366 = FACE_BOUND('',#2367,.T.);
#2367 = EDGE_LOOP('',(#2368,#2369,#2370));
#2368 = ORIENTED_EDGE('',*,*,#1675,.F.);
#2369 = ORIENTED_EDGE('',*,*,#2266,.T.);
#2370 = ORIENTED_EDGE('',*,*,#1601,.F.);
#2371 = ADVANCED_FACE('',(#2372,#2761),#1786,.T.);
#2372 = FACE_BOUND('',#2373,.T.);
#2373 = EDGE_LOOP('',(#2374,#2533,#2561,#2718,#2739,#2740));
#2374 = ORIENTED_EDGE('',*,*,#2375,.F.);
#2375 = EDGE_CURVE('',#2376,#2378,#2380,.T.);
#2376 = VERTEX_POINT('',#2377);
#2377 = CARTESIAN_POINT('',(66.,12.,28.));
#2378 = VERTEX_POINT('',#2379);
#2379 = CARTESIAN_POINT('',(66.,12.,24.));
#2380 = SURFACE_CURVE('',#2381,(#2385,#2391),.PCURVE_S1.);
#2381 = LINE('',#2382,#2383);
#2382 = CARTESIAN_POINT('',(66.,12.,28.));
#2383 = VECTOR('',#2384,1.);
#2384 = DIRECTION('',(0.,0.,-1.));
#2385 = PCURVE('',#1786,#2386);
#2386 = DEFINITIONAL_REPRESENTATION('',(#2387),#2390);
#2387 = B_SPLINE_CURVE_WITH_KNOTS('',1,(#2388,#2389),.UNSPECIFIED.,.F.,
  .F.,(2,2),(0.,4.),.PIECEWISE_BEZIER_KNOTS.);
#2388 = CARTESIAN_POINT('',(4.,36.));
#2389 = CARTESIAN_POINT('',(0.,36.));
#2390 = ( GEOMETRIC_REPRESENTATION_CONTEXT(2) 
PARAMETRIC_REPRESENTATION_CONTEXT() REPRESENTATION_CONTEXT('2D SPACE',''
  ) );
#2391 = PCURVE('',#2392,#2474);
#2392 = B_SPLINE_SURFACE_WITH_KNOTS('',8,8,(
    (#2393,#2394,#2395,#2396,#2397,#2398,#2399,#2400,#2401)
    ,(#2402,#2403,#2404,#2405,#2406,#2407,#2408,#2409,#2410)
    ,(#2411,#2412,#2413,#2414,#2415,#2416,#2417,#2418,#2419)
    ,(#2420,#2421,#2422,#2423,#2424,#2425,#2426,#2427,#2428)
    ,(#2429,#2430,#2431,#2432,#2433,#2434,#2435,#2436,#2437)
    ,(#2438,#2439,#2440,#2441,#2442,#2443,#2444,#2445,#2446)
    ,(#2447,#2448,#2449,#2450,#2451,#2452,#2453,#2454,#2455)
    ,(#2456,#2457,#2458,#2459,#2460,#2461,#2462,#2463,#2464)
    ,(#2465,#2466,#2467,#2468,#2469,#2470,#2471,#2472,#2473
  )),.UNSPECIFIED.,.F.,.F.,.F.,(9,9),(9,9),(-3.111269837221,
    3.111269837221),(-2.883261566838,2.505500070496),
  .PIECEWISE_BEZIER_KNOTS.);
#2393 = CARTESIAN_POINT('',(64.126841436186,13.473180208375,
    23.346104661748));
#2394 = CARTESIAN_POINT('',(64.995803681595,12.60420230581,
    23.293814145373));
#2395 = CARTESIAN_POINT('',(65.823185760667,11.776808972937,
    23.283695557929));
#2396 = CARTESIAN_POINT('',(66.34322335828,11.256768427028,
    23.585242638674));
#2397 = CARTESIAN_POINT('',(64.743651531128,12.85636826293,
    26.036007827807));
#2398 = CARTESIAN_POINT('',(65.748597580861,11.851378119198,
    25.845876808181));
#2399 = CARTESIAN_POINT('',(65.436042893127,12.163977190453,
    26.991606291858));
#2400 = CARTESIAN_POINT('',(65.582966441462,12.017029530807,
    27.671497802781));
#2401 = CARTESIAN_POINT('',(65.559909432429,12.040091969777,
    28.523711972391));
#2402 = CARTESIAN_POINT('',(64.83881513473,13.861201677666,
    23.181861632336));
#2403 = CARTESIAN_POINT('',(65.750781221352,12.949220868499,
    23.085967988705));
#2404 = CARTESIAN_POINT('',(66.978822914986,11.721168418697,
    22.669590641012));
#2405 = CARTESIAN_POINT('',(67.255935906122,11.444056258648,
    23.217481207502));
#2406 = CARTESIAN_POINT('',(68.032994697788,10.667042081692,
    23.258358435785));
#2407 = CARTESIAN_POINT('',(65.177265563233,13.522679538361,
    26.982917525707));
#2408 = CARTESIAN_POINT('',(66.962865723115,11.737176514675,
    26.001109221985));
#2409 = CARTESIAN_POINT('',(66.835691915201,11.864301546157,
    26.958957208782));
#2410 = CARTESIAN_POINT('',(66.854996860731,11.845003296126,
    27.768215920985));
#2411 = CARTESIAN_POINT('',(65.02397588743,14.776035649811,
    23.551780068503));
#2412 = CARTESIAN_POINT('',(66.037259149636,13.762758385268,
    23.353168105112));
#2413 = CARTESIAN_POINT('',(68.905953941564,10.894083312377,
    21.273394091888));
#2414 = CARTESIAN_POINT('',(68.575054229561,11.224832412945,
    22.437271193124));
#2415 = CARTESIAN_POINT('',(74.061999516312,5.738102032994,
    17.703146016152));
#2416 = CARTESIAN_POINT('',(60.455111899787,19.344855149348,
    32.328527760531));
#2417 = CARTESIAN_POINT('',(68.509917417324,11.290081853614,
    24.990194526033));
#2418 = CARTESIAN_POINT('',(67.385617130761,12.41438968064,
    26.959021915294));
#2419 = CARTESIAN_POINT('',(67.596728966418,12.203274404661,
    27.573801745963));
#2420 = CARTESIAN_POINT('',(63.362017314384,17.5379860809,
    25.794707163206));
#2421 = CARTESIAN_POINT('',(61.971171610775,18.92877017279,
    28.033768589243));
#2422 = CARTESIAN_POINT('',(51.788034685386,29.111826487997,
    39.187341786506));
#2423 = CARTESIAN_POINT('',(52.908307603929,27.992025072158,
    38.882162258596));
#2424 = CARTESIAN_POINT('',(70.922142798639,9.977502850261,
    21.443253211885));
#2425 = CARTESIAN_POINT('',(75.902456747965,4.997752137581,
    17.223503552288));
#2426 = CARTESIAN_POINT('',(66.265380915124,14.634572072296,
    27.823761413901));
#2427 = CARTESIAN_POINT('',(67.729097167486,13.170902175559,
    27.168429685104));
#2428 = CARTESIAN_POINT('',(67.916504354116,12.983499609684,
    27.807232786305));
#2429 = CARTESIAN_POINT('',(67.927839630965,14.072160367501,
    21.722590061845));
#2430 = CARTESIAN_POINT('',(72.172198997861,9.827801000181,
    18.24778540825));
#2431 = CARTESIAN_POINT('',(88.198445602251,-6.198445593874,
    2.827560585029));
#2432 = CARTESIAN_POINT('',(84.009706145833,-2.00970616292,
    7.901006159521));
#2433 = CARTESIAN_POINT('',(83.288751868185,-1.288751854183,
    9.463735665703));
#2434 = CARTESIAN_POINT('',(45.52368895266,36.47631103999,
    48.583815575843));
#2435 = CARTESIAN_POINT('',(73.022528851505,8.977471150619,
    21.529827612393));
#2436 = CARTESIAN_POINT('',(68.176219043904,13.8237809553,
    27.272754173174));
#2437 = CARTESIAN_POINT('',(68.483564712215,13.516435286834,
    27.789948960912));
#2438 = CARTESIAN_POINT('',(64.46201392548,18.637982681692,
    25.79470715894));
#2439 = CARTESIAN_POINT('',(63.071229832821,20.028828386721,
    28.033768586322));
#2440 = CARTESIAN_POINT('',(52.888173488375,30.211965324999,
    39.187341799035));
#2441 = CARTESIAN_POINT('',(54.007974974874,29.091692375345,
    38.882162228439));
#2442 = CARTESIAN_POINT('',(72.022497110996,11.077857217777,
    21.443253241439));
#2443 = CARTESIAN_POINT('',(77.002247883752,6.097543242326,
    17.223503533107));
#2444 = CARTESIAN_POINT('',(67.365427922924,15.734619086406,
    27.823761417903));
#2445 = CARTESIAN_POINT('',(68.829097825286,14.270902832791,
    27.168429684802));
#2446 = CARTESIAN_POINT('',(69.016500391965,14.08349564547,
    27.807232785296));
#2447 = CARTESIAN_POINT('',(67.223964345297,16.976024116628,
    23.551780072459));
#2448 = CARTESIAN_POINT('',(68.237241610835,15.962740853251,
    23.353168107837));
#2449 = CARTESIAN_POINT('',(71.105916703073,13.094046048134,
    21.27339408175));
#2450 = CARTESIAN_POINT('',(70.775167554572,13.424945792664,
    22.437271218623));
#2451 = CARTESIAN_POINT('',(76.261897995518,7.938000465071,
    17.703145990053));
#2452 = CARTESIAN_POINT('',(62.655144834045,21.544888111771,
    32.328527778153));
#2453 = CARTESIAN_POINT('',(70.70991814918,13.49008258107,
    24.990194522944));
#2454 = CARTESIAN_POINT('',(69.585610318886,14.614382869174,
    26.959021915479));
#2455 = CARTESIAN_POINT('',(69.796725594416,14.403271033823,
    27.573801746503));
#2456 = CARTESIAN_POINT('',(68.138798322443,17.161184865174,
    23.181861632392));
#2457 = CARTESIAN_POINT('',(69.050779131771,16.249218778391,
    23.08596798859));
#2458 = CARTESIAN_POINT('',(70.278831580028,15.021177086774,
    22.669590642152));
#2459 = CARTESIAN_POINT('',(70.555943744851,14.744064089748,
    23.217481204442));
#2460 = CARTESIAN_POINT('',(71.332957915203,13.967005306128,
    23.258358438488));
#2461 = CARTESIAN_POINT('',(68.477320463553,16.82273443441,
    26.982917524034));
#2462 = CARTESIAN_POINT('',(70.26282348559,15.037134276727,
    26.001109221607));
#2463 = CARTESIAN_POINT('',(70.135698453455,15.164308085171,
    26.958957209166));
#2464 = CARTESIAN_POINT('',(70.154996703937,15.145003139128,
    27.768215920877));
#2465 = CARTESIAN_POINT('',(68.526819791532,17.87315856389,23.346104662)
  );
#2466 = CARTESIAN_POINT('',(69.395797694355,17.004196318237,
    23.293814145364));
#2467 = CARTESIAN_POINT('',(70.223191025662,16.176814241064,
    23.283695559216));
#2468 = CARTESIAN_POINT('',(70.743231576736,15.656776637514,
    23.585242635051));
#2469 = CARTESIAN_POINT('',(69.1436317341,17.25634847267,26.036007831076
    ));
#2470 = CARTESIAN_POINT('',(70.148621882646,16.251402416613,
    25.845876805909));
#2471 = CARTESIAN_POINT('',(69.83602280957,16.563957107161,
    26.991606291879));
#2472 = CARTESIAN_POINT('',(69.982970469055,16.417033558678,
    27.671497802884));
#2473 = CARTESIAN_POINT('',(69.959908030514,16.440090567217,
    28.523711972023));
#2474 = DEFINITIONAL_REPRESENTATION('',(#2475),#2532);
#2475 = B_SPLINE_CURVE_WITH_KNOTS('',10,(#2476,#2477,#2478,#2479,#2480,
    #2481,#2482,#2483,#2484,#2485,#2486,#2487,#2488,#2489,#2490,#2491,
    #2492,#2493,#2494,#2495,#2496,#2497,#2498,#2499,#2500,#2501,#2502,
    #2503,#2504,#2505,#2506,#2507,#2508,#2509,#2510,#2511,#2512,#2513,
    #2514,#2515,#2516,#2517,#2518,#2519,#2520,#2521,#2522,#2523,#2524,
    #2525,#2526,#2527,#2528,#2529,#2530,#2531),.UNSPECIFIED.,.F.,.F.,(11
    ,9,9,9,9,9,11),(0.,1.,2.,3.,3.5,3.75,4.),.UNSPECIFIED.);
#2476 = CARTESIAN_POINT('',(-2.828427124746,2.277727336815));
#2477 = CARTESIAN_POINT('',(-2.828427124746,2.194403711047));
#2478 = CARTESIAN_POINT('',(-2.828427124746,2.090841293699));
#2479 = CARTESIAN_POINT('',(-2.828427124747,2.045980881082));
#2480 = CARTESIAN_POINT('',(-2.828427124745,1.917808902757));
#2481 = CARTESIAN_POINT('',(-2.828427124747,1.836644829002));
#2482 = CARTESIAN_POINT('',(-2.828427124745,1.770262336523));
#2483 = CARTESIAN_POINT('',(-2.828427124747,1.649784738316));
#2484 = CARTESIAN_POINT('',(-2.828427124746,1.573774966578));
#2485 = CARTESIAN_POINT('',(-2.828427124746,1.480057917919));
#2486 = CARTESIAN_POINT('',(-2.828427124746,1.301078537628));
#2487 = CARTESIAN_POINT('',(-2.828427124746,1.212676140428));
#2488 = CARTESIAN_POINT('',(-2.828427124746,1.125682978273));
#2489 = CARTESIAN_POINT('',(-2.828427124746,1.040332843234));
#2490 = CARTESIAN_POINT('',(-2.828427124747,0.956771377355));
#2491 = CARTESIAN_POINT('',(-2.828427124746,0.875056072652));
#2492 = CARTESIAN_POINT('',(-2.828427124747,0.795156271114));
#2493 = CARTESIAN_POINT('',(-2.828427124746,0.7169531647));
#2494 = CARTESIAN_POINT('',(-2.828427124746,0.640239795345));
#2495 = CARTESIAN_POINT('',(-2.828427124746,0.489202314559));
#2496 = CARTESIAN_POINT('',(-2.828427124746,0.415004500479));
#2497 = CARTESIAN_POINT('',(-2.828427124747,0.341911654527));
#2498 = CARTESIAN_POINT('',(-2.828427124746,0.269707818519));
#2499 = CARTESIAN_POINT('',(-2.828427124747,0.198177034269));
#2500 = CARTESIAN_POINT('',(-2.828427124745,0.127103343593));
#2501 = CARTESIAN_POINT('',(-2.828427124747,5.627078830565E-02));
#2502 = CARTESIAN_POINT('',(-2.828427124746,-1.453658977759E-02));
#2503 = CARTESIAN_POINT('',(-2.828427124746,-8.553474884154E-02));
#2504 = CARTESIAN_POINT('',(-2.828427124746,-0.192642096186));
#2505 = CARTESIAN_POINT('',(-2.828427124746,-0.228453937137));
#2506 = CARTESIAN_POINT('',(-2.828427124746,-0.264418002779));
#2507 = CARTESIAN_POINT('',(-2.828427124746,-0.300577125965));
#2508 = CARTESIAN_POINT('',(-2.828427124746,-0.336974139547));
#2509 = CARTESIAN_POINT('',(-2.828427124746,-0.37365187638));
#2510 = CARTESIAN_POINT('',(-2.828427124746,-0.410653169317));
#2511 = CARTESIAN_POINT('',(-2.828427124746,-0.448020851212));
#2512 = CARTESIAN_POINT('',(-2.828427124746,-0.485797754918));
#2513 = CARTESIAN_POINT('',(-2.828427124746,-0.543141192472));
#2514 = CARTESIAN_POINT('',(-2.828427124746,-0.562561488471));
#2515 = CARTESIAN_POINT('',(-2.828427124746,-0.5821375378));
#2516 = CARTESIAN_POINT('',(-2.828427124747,-0.601768287672));
#2517 = CARTESIAN_POINT('',(-2.828427124746,-0.621401695988));
#2518 = CARTESIAN_POINT('',(-2.828427124746,-0.641034731344));
#2519 = CARTESIAN_POINT('',(-2.828427124746,-0.660713373027));
#2520 = CARTESIAN_POINT('',(-2.828427124746,-0.680532611017));
#2521 = CARTESIAN_POINT('',(-2.828427124746,-0.700636445985));
#2522 = CARTESIAN_POINT('',(-2.828427124746,-0.741799332606));
#2523 = CARTESIAN_POINT('',(-2.828427124746,-0.765756566652));
#2524 = CARTESIAN_POINT('',(-2.828427124746,-0.774060499252));
#2525 = CARTESIAN_POINT('',(-2.828427124746,-0.846508175048));
#2526 = CARTESIAN_POINT('',(-2.828427124746,-0.784663568427));
#2527 = CARTESIAN_POINT('',(-2.828427124746,-0.91205081879));
#2528 = CARTESIAN_POINT('',(-2.828427124746,-0.78437463123));
#2529 = CARTESIAN_POINT('',(-2.828427124746,-0.883066336317));
#2530 = CARTESIAN_POINT('',(-2.828427124746,-0.94997208185));
#2531 = CARTESIAN_POINT('',(-2.828427124746,-0.973049320917));
#2532 = ( GEOMETRIC_REPRESENTATION_CONTEXT(2) 
PARAMETRIC_REPRESENTATION_CONTEXT() REPRESENTATION_CONTEXT('2D SPACE',''
  ) );
#2533 = ORIENTED_EDGE('',*,*,#2534,.F.);
#2534 = EDGE_CURVE('',#2535,#2376,#2537,.T.);
#2535 = VERTEX_POINT('',#2536);
#2536 = CARTESIAN_POINT('',(34.,12.,28.));
#2537 = SURFACE_CURVE('',#2538,(#2542,#2549),.PCURVE_S1.);
#2538 = LINE('',#2539,#2540);
#2539 = CARTESIAN_POINT('',(30.,12.,28.));
#2540 = VECTOR('',#2541,1.);
#2541 = DIRECTION('',(1.,0.,-0.));
#2542 = PCURVE('',#1786,#2543);
#2543 = DEFINITIONAL_REPRESENTATION('',(#2544),#2548);
#2544 = LINE('',#2545,#2546);
#2545 = CARTESIAN_POINT('',(4.,0.));
#2546 = VECTOR('',#2547,1.);
#2547 = DIRECTION('',(0.,1.));
#2548 = ( GEOMETRIC_REPRESENTATION_CONTEXT(2) 
PARAMETRIC_REPRESENTATION_CONTEXT() REPRESENTATION_CONTEXT('2D SPACE',''
  ) );
#2549 = PCURVE('',#2550,#2555);
#2550 = CYLINDRICAL_SURFACE('',#2551,4.);
#2551 = AXIS2_PLACEMENT_3D('',#2552,#2553,#2554);
#2552 = CARTESIAN_POINT('',(30.,16.,28.));
#2553 = DIRECTION('',(1.,0.,-0.));
#2554 = DIRECTION('',(0.,-1.,0.));
#2555 = DEFINITIONAL_REPRESENTATION('',(#2556),#2560);
#2556 = LINE('',#2557,#2558);
#2557 = CARTESIAN_POINT('',(0.,0.));
#2558 = VECTOR('',#2559,1.);
#2559 = DIRECTION('',(0.,1.));
#2560 = ( GEOMETRIC_REPRESENTATION_CONTEXT(2) 
PARAMETRIC_REPRESENTATION_CONTEXT() REPRESENTATION_CONTEXT('2D SPACE',''
  ) );
#2561 = ORIENTED_EDGE('',*,*,#2562,.T.);
#2562 = EDGE_CURVE('',#2535,#2563,#2565,.T.);
#2563 = VERTEX_POINT('',#2564);
#2564 = CARTESIAN_POINT('',(34.,12.,24.));
#2565 = SURFACE_CURVE('',#2566,(#2570,#2576),.PCURVE_S1.);
#2566 = LINE('',#2567,#2568);
#2567 = CARTESIAN_POINT('',(34.,12.,28.));
#2568 = VECTOR('',#2569,1.);
#2569 = DIRECTION('',(0.,0.,-1.));
#2570 = PCURVE('',#1786,#2571);
#2571 = DEFINITIONAL_REPRESENTATION('',(#2572),#2575);
#2572 = B_SPLINE_CURVE_WITH_KNOTS('',1,(#2573,#2574),.UNSPECIFIED.,.F.,
  .F.,(2,2),(0.,4.),.PIECEWISE_BEZIER_KNOTS.);
#2573 = CARTESIAN_POINT('',(4.,4.));
#2574 = CARTESIAN_POINT('',(0.,4.));
#2575 = ( GEOMETRIC_REPRESENTATION_CONTEXT(2) 
PARAMETRIC_REPRESENTATION_CONTEXT() REPRESENTATION_CONTEXT('2D SPACE',''
  ) );
#2576 = PCURVE('',#2577,#2659);
#2577 = B_SPLINE_SURFACE_WITH_KNOTS('',8,8,(
    (#2578,#2579,#2580,#2581,#2582,#2583,#2584,#2585,#2586)
    ,(#2587,#2588,#2589,#2590,#2591,#2592,#2593,#2594,#2595)
    ,(#2596,#2597,#2598,#2599,#2600,#2601,#2602,#2603,#2604)
    ,(#2605,#2606,#2607,#2608,#2609,#2610,#2611,#2612,#2613)
    ,(#2614,#2615,#2616,#2617,#2618,#2619,#2620,#2621,#2622)
    ,(#2623,#2624,#2625,#2626,#2627,#2628,#2629,#2630,#2631)
    ,(#2632,#2633,#2634,#2635,#2636,#2637,#2638,#2639,#2640)
    ,(#2641,#2642,#2643,#2644,#2645,#2646,#2647,#2648,#2649)
    ,(#2650,#2651,#2652,#2653,#2654,#2655,#2656,#2657,#2658
  )),.UNSPECIFIED.,.F.,.F.,.F.,(9,9),(9,9),(-3.111269837221,
    3.111269837221),(-2.505500070496,2.883261566838),
  .PIECEWISE_BEZIER_KNOTS.);
#2578 = CARTESIAN_POINT('',(30.040091969573,16.440090567366,
    28.523711972187));
#2579 = CARTESIAN_POINT('',(30.017029530844,16.417033558616,
    27.67149780283));
#2580 = CARTESIAN_POINT('',(30.163977190227,16.563957107204,
    26.991606292225));
#2581 = CARTESIAN_POINT('',(29.851378117068,16.251402416146,
    25.845876804939));
#2582 = CARTESIAN_POINT('',(30.856368268234,17.256348474915,
    26.036007834008));
#2583 = CARTESIAN_POINT('',(29.256768419845,15.656776634997,
    23.585242631746));
#2584 = CARTESIAN_POINT('',(29.776808975391,16.176814241385,
    23.28369555997));
#2585 = CARTESIAN_POINT('',(30.604202306849,17.004196319512,
    23.293814146546));
#2586 = CARTESIAN_POINT('',(31.473180211105,17.87315856656,
    23.346104664606));
#2587 = CARTESIAN_POINT('',(29.845003296074,15.145003139183,
    27.768215920936));
#2588 = CARTESIAN_POINT('',(29.864301546466,15.16430808511,
    26.958957209108));
#2589 = CARTESIAN_POINT('',(29.737176514226,15.037134277346,
    26.001109222592));
#2590 = CARTESIAN_POINT('',(31.522679537358,16.822734434226,
    26.98291752262));
#2591 = CARTESIAN_POINT('',(28.667042085373,13.96700530723,
    23.258358441567));
#2592 = CARTESIAN_POINT('',(29.4440562532,14.744064088146,
    23.217481201172));
#2593 = CARTESIAN_POINT('',(29.721168420669,15.02117708704,
    22.669590643035));
#2594 = CARTESIAN_POINT('',(30.949220869015,16.249218779209,
    23.085967989298));
#2595 = CARTESIAN_POINT('',(31.861201679593,17.161184867195,
    23.181861634342));
#2596 = CARTESIAN_POINT('',(30.203274405276,14.403271033904,
    27.573801746779));
#2597 = CARTESIAN_POINT('',(30.414389681221,14.6143828696,
    26.959021916064));
#2598 = CARTESIAN_POINT('',(29.290081850558,13.490082576923,
    24.990194520019));
#2599 = CARTESIAN_POINT('',(37.344855177837,21.544888132903,
    32.328527790595));
#2600 = CARTESIAN_POINT('',(23.738101971193,7.938000422945,
    17.703145961483));
#2601 = CARTESIAN_POINT('',(29.224832488907,13.424945834941,
    22.43727125376));
#2602 = CARTESIAN_POINT('',(28.894083272772,13.094046028083,
    21.273394062288));
#2603 = CARTESIAN_POINT('',(31.762758389525,15.962740853803,
    23.353168109148));
#2604 = CARTESIAN_POINT('',(32.776035655253,16.976024117392,
    23.551780074293));
#2605 = CARTESIAN_POINT('',(30.983499607434,14.08349564412,
    27.80723278368));
#2606 = CARTESIAN_POINT('',(31.170902173419,14.270902830821,
    27.168429682655));
#2607 = CARTESIAN_POINT('',(32.634572081645,15.734619097287,
    27.82376142449));
#2608 = CARTESIAN_POINT('',(22.997752069537,6.097543181369,
    17.223503499366));
#2609 = CARTESIAN_POINT('',(27.977502991287,11.077857328631,
    21.44325330466));
#2610 = CARTESIAN_POINT('',(45.992024902147,29.091692263011,
    38.882162152514));
#2611 = CARTESIAN_POINT('',(47.111826573474,30.211965375321,
    39.187341838241));
#2612 = CARTESIAN_POINT('',(36.928770162556,20.02882838108,
    28.033768580022));
#2613 = CARTESIAN_POINT('',(35.537986073052,18.637982679443,
    25.794707155249));
#2614 = CARTESIAN_POINT('',(31.516435288385,13.516435288671,
    27.789948962968));
#2615 = CARTESIAN_POINT('',(31.82378095745,13.823780957741,
    27.27275417572));
#2616 = CARTESIAN_POINT('',(26.977471137415,8.977471133129,
    21.529827602302));
#2617 = CARTESIAN_POINT('',(54.476311125053,36.476311131386,
    48.583815624194));
#2618 = CARTESIAN_POINT('',(16.711247978295,-1.288752012293,
    9.463735588581));
#2619 = CARTESIAN_POINT('',(15.990294029194,-2.009706001884,
    7.901006246806));
#2620 = CARTESIAN_POINT('',(11.801554317461,-6.198445662917,
    2.827560546235));
#2621 = CARTESIAN_POINT('',(27.827801007559,9.827801008172,
    18.24778541506));
#2622 = CARTESIAN_POINT('',(32.072160372605,14.072160372993,
    21.722590067267));
#2623 = CARTESIAN_POINT('',(32.083495643852,12.983499606714,
    27.807232783277));
#2624 = CARTESIAN_POINT('',(32.270902830446,13.170902172589,
    27.168429682166));
#2625 = CARTESIAN_POINT('',(33.734619094001,14.634572085809,
    27.823761420533));
#2626 = CARTESIAN_POINT('',(24.097543189594,4.997752065883,
    17.223503519022));
#2627 = CARTESIAN_POINT('',(29.077857321691,9.977502972813,
    21.443253258514));
#2628 = CARTESIAN_POINT('',(47.091692258158,27.992024942403,
    38.882162205063));
#2629 = CARTESIAN_POINT('',(48.211965377732,29.111826546743,
    39.187341809444));
#2630 = CARTESIAN_POINT('',(38.028828382592,18.92877016308,
    28.033768582339));
#2631 = CARTESIAN_POINT('',(36.637982679847,17.537986072891,
    25.794707156979));
#2632 = CARTESIAN_POINT('',(32.403271034077,12.203274405678,
    27.573801746977));
#2633 = CARTESIAN_POINT('',(32.614382869732,12.41438968161,
    26.959021916224));
#2634 = CARTESIAN_POINT('',(31.490082577745,11.290081846935,
    24.990194522139));
#2635 = CARTESIAN_POINT('',(39.544888129176,19.344855182434,
    32.328527777414));
#2636 = CARTESIAN_POINT('',(25.938000431032,5.738101979237,
    17.703145996187));
#2637 = CARTESIAN_POINT('',(31.424945828661,11.224832468757,
    22.437271212589));
#2638 = CARTESIAN_POINT('',(31.094046033008,10.894083287249,
    21.273394085221));
#2639 = CARTESIAN_POINT('',(33.962740853871,13.76275839026,
    23.353168108504));
#2640 = CARTESIAN_POINT('',(34.976024117506,14.776035655924,
    23.551780073528));
#2641 = CARTESIAN_POINT('',(33.14500313919,11.845003296046,
    27.768215920935));
#2642 = CARTESIAN_POINT('',(33.164308085042,11.864301546371,
    26.95895720904));
#2643 = CARTESIAN_POINT('',(33.037134278037,11.737176515891,
    26.001109222836));
#2644 = CARTESIAN_POINT('',(34.822734432285,13.522679533525,
    26.982917523011));
#2645 = CARTESIAN_POINT('',(31.967005310221,10.667042089633,
    23.258358439313));
#2646 = CARTESIAN_POINT('',(32.744064085054,11.444056250033,
    23.217481203758));
#2647 = CARTESIAN_POINT('',(33.021177088958,11.721168422576,
    22.669590642373));
#2648 = CARTESIAN_POINT('',(34.249218778379,12.94922086809,
    23.085967988522));
#2649 = CARTESIAN_POINT('',(35.161184865836,13.861201678132,
    23.181861633014));
#2650 = CARTESIAN_POINT('',(34.440090567325,12.040091969486,
    28.523711972131));
#2651 = CARTESIAN_POINT('',(34.417033558483,12.017029530676,
    27.671497802692));
#2652 = CARTESIAN_POINT('',(34.563957107266,12.163977190915,
    26.99160629216));
#2653 = CARTESIAN_POINT('',(34.251402415392,11.851378115119,
    25.845876805594));
#2654 = CARTESIAN_POINT('',(35.256348476356,12.856368270372,
    26.036007831746));
#2655 = CARTESIAN_POINT('',(33.656776632675,11.256768418051,
    23.585242633869));
#2656 = CARTESIAN_POINT('',(34.176814243357,11.776808976911,
    23.283695559719));
#2657 = CARTESIAN_POINT('',(35.004196318121,12.604202305378,
    23.29381414522));
#2658 = CARTESIAN_POINT('',(35.873158564467,13.473180208923,
    23.346104662558));
#2659 = DEFINITIONAL_REPRESENTATION('',(#2660),#2717);
#2660 = B_SPLINE_CURVE_WITH_KNOTS('',10,(#2661,#2662,#2663,#2664,#2665,
    #2666,#2667,#2668,#2669,#2670,#2671,#2672,#2673,#2674,#2675,#2676,
    #2677,#2678,#2679,#2680,#2681,#2682,#2683,#2684,#2685,#2686,#2687,
    #2688,#2689,#2690,#2691,#2692,#2693,#2694,#2695,#2696,#2697,#2698,
    #2699,#2700,#2701,#2702,#2703,#2704,#2705,#2706,#2707,#2708,#2709,
    #2710,#2711,#2712,#2713,#2714,#2715,#2716),.UNSPECIFIED.,.F.,.F.,(11
    ,9,9,9,9,9,11),(0.,1.,2.,3.,3.5,3.75,4.),.UNSPECIFIED.);
#2661 = CARTESIAN_POINT('',(2.828427124746,-2.277727336815));
#2662 = CARTESIAN_POINT('',(2.828427124746,-2.194403711033));
#2663 = CARTESIAN_POINT('',(2.828427124746,-2.090841294278));
#2664 = CARTESIAN_POINT('',(2.828427124747,-2.04598088031));
#2665 = CARTESIAN_POINT('',(2.828427124745,-1.917808903302));
#2666 = CARTESIAN_POINT('',(2.828427124747,-1.836644829273));
#2667 = CARTESIAN_POINT('',(2.828427124745,-1.77026233601));
#2668 = CARTESIAN_POINT('',(2.828427124747,-1.649784738777));
#2669 = CARTESIAN_POINT('',(2.828427124746,-1.573774966551));
#2670 = CARTESIAN_POINT('',(2.828427124746,-1.480057918008));
#2671 = CARTESIAN_POINT('',(2.828427124746,-1.301078537733));
#2672 = CARTESIAN_POINT('',(2.828427124746,-1.21267614054));
#2673 = CARTESIAN_POINT('',(2.828427124747,-1.12568297839));
#2674 = CARTESIAN_POINT('',(2.828427124746,-1.040332843354));
#2675 = CARTESIAN_POINT('',(2.828427124747,-0.956771377478));
#2676 = CARTESIAN_POINT('',(2.828427124745,-0.875056072776));
#2677 = CARTESIAN_POINT('',(2.828427124747,-0.795156271238));
#2678 = CARTESIAN_POINT('',(2.828427124746,-0.716953164824));
#2679 = CARTESIAN_POINT('',(2.828427124746,-0.640239795469));
#2680 = CARTESIAN_POINT('',(2.828427124746,-0.489202314684));
#2681 = CARTESIAN_POINT('',(2.828427124746,-0.415004500604));
#2682 = CARTESIAN_POINT('',(2.828427124746,-0.341911654654));
#2683 = CARTESIAN_POINT('',(2.828427124746,-0.269707818647));
#2684 = CARTESIAN_POINT('',(2.828427124746,-0.1981770344));
#2685 = CARTESIAN_POINT('',(2.828427124746,-0.127103343727));
#2686 = CARTESIAN_POINT('',(2.828427124746,-5.627078844329E-02));
#2687 = CARTESIAN_POINT('',(2.828427124746,1.453658963555E-02));
#2688 = CARTESIAN_POINT('',(2.828427124746,8.55347486943E-02));
#2689 = CARTESIAN_POINT('',(2.828427124746,0.19264209603));
#2690 = CARTESIAN_POINT('',(2.828427124746,0.228453936978));
#2691 = CARTESIAN_POINT('',(2.828427124746,0.264418002617));
#2692 = CARTESIAN_POINT('',(2.828427124746,0.300577125799));
#2693 = CARTESIAN_POINT('',(2.828427124746,0.336974139378));
#2694 = CARTESIAN_POINT('',(2.828427124746,0.373651876207));
#2695 = CARTESIAN_POINT('',(2.828427124746,0.410653169141));
#2696 = CARTESIAN_POINT('',(2.828427124746,0.448020851032));
#2697 = CARTESIAN_POINT('',(2.828427124746,0.485797754733));
#2698 = CARTESIAN_POINT('',(2.828427124746,0.543141192282));
#2699 = CARTESIAN_POINT('',(2.828427124746,0.562561488279));
#2700 = CARTESIAN_POINT('',(2.828427124746,0.582137537607));
#2701 = CARTESIAN_POINT('',(2.828427124747,0.601768287477));
#2702 = CARTESIAN_POINT('',(2.828427124745,0.621401695792));
#2703 = CARTESIAN_POINT('',(2.828427124747,0.641034731147));
#2704 = CARTESIAN_POINT('',(2.828427124746,0.660713372828));
#2705 = CARTESIAN_POINT('',(2.828427124746,0.680532610814));
#2706 = CARTESIAN_POINT('',(2.828427124746,0.700636445776));
#2707 = CARTESIAN_POINT('',(2.828427124746,0.741799332378));
#2708 = CARTESIAN_POINT('',(2.828427124746,0.765756566468));
#2709 = CARTESIAN_POINT('',(2.828427124746,0.774060498772));
#2710 = CARTESIAN_POINT('',(2.828427124746,0.846508175536));
#2711 = CARTESIAN_POINT('',(2.828427124746,0.784663567407));
#2712 = CARTESIAN_POINT('',(2.828427124746,0.912050819781));
#2713 = CARTESIAN_POINT('',(2.828427124746,0.784374630248));
#2714 = CARTESIAN_POINT('',(2.828427124746,0.883066335399));
#2715 = CARTESIAN_POINT('',(2.828427124746,0.949972081848));
#2716 = CARTESIAN_POINT('',(2.828427124746,0.973049320917));
#2717 = ( GEOMETRIC_REPRESENTATION_CONTEXT(2) 
PARAMETRIC_REPRESENTATION_CONTEXT() REPRESENTATION_CONTEXT('2D SPACE',''
  ) );
#2718 = ORIENTED_EDGE('',*,*,#2719,.T.);
#2719 = EDGE_CURVE('',#2563,#1771,#2720,.T.);
#2720 = SURFACE_CURVE('',#2721,(#2725,#2732),.PCURVE_S1.);
#2721 = LINE('',#2722,#2723);
#2722 = CARTESIAN_POINT('',(34.,12.,24.));
#2723 = VECTOR('',#2724,1.);
#2724 = DIRECTION('',(0.,0.,1.));
#2725 = PCURVE('',#1786,#2726);
#2726 = DEFINITIONAL_REPRESENTATION('',(#2727),#2731);
#2727 = LINE('',#2728,#2729);
#2728 = CARTESIAN_POINT('',(0.,4.));
#2729 = VECTOR('',#2730,1.);
#2730 = DIRECTION('',(1.,0.));
#2731 = ( GEOMETRIC_REPRESENTATION_CONTEXT(2) 
PARAMETRIC_REPRESENTATION_CONTEXT() REPRESENTATION_CONTEXT('2D SPACE',''
  ) );
#2732 = PCURVE('',#1915,#2733);
#2733 = DEFINITIONAL_REPRESENTATION('',(#2734),#2738);
#2734 = LINE('',#2735,#2736);
#2735 = CARTESIAN_POINT('',(-0.,0.));
#2736 = VECTOR('',#2737,1.);
#2737 = DIRECTION('',(-0.,1.));
#2738 = ( GEOMETRIC_REPRESENTATION_CONTEXT(2) 
PARAMETRIC_REPRESENTATION_CONTEXT() REPRESENTATION_CONTEXT('2D SPACE',''
  ) );
#2739 = ORIENTED_EDGE('',*,*,#1770,.F.);
#2740 = ORIENTED_EDGE('',*,*,#2741,.F.);
#2741 = EDGE_CURVE('',#2378,#1749,#2742,.T.);
#2742 = SURFACE_CURVE('',#2743,(#2747,#2754),.PCURVE_S1.);
#2743 = LINE('',#2744,#2745);
#2744 = CARTESIAN_POINT('',(66.,12.,24.));
#2745 = VECTOR('',#2746,1.);
#2746 = DIRECTION('',(0.,0.,1.));
#2747 = PCURVE('',#1786,#2748);
#2748 = DEFINITIONAL_REPRESENTATION('',(#2749),#2753);
#2749 = LINE('',#2750,#2751);
#2750 = CARTESIAN_POINT('',(0.,36.));
#2751 = VECTOR('',#2752,1.);
#2752 = DIRECTION('',(1.,0.));
#2753 = ( GEOMETRIC_REPRESENTATION_CONTEXT(2) 
PARAMETRIC_REPRESENTATION_CONTEXT() REPRESENTATION_CONTEXT('2D SPACE',''
  ) );
#2754 = PCURVE('',#1861,#2755);
#2755 = DEFINITIONAL_REPRESENTATION('',(#2756),#2760);
#2756 = LINE('',#2757,#2758);
#2757 = CARTESIAN_POINT('',(0.,0.));
#2758 = VECTOR('',#2759,1.);
#2759 = DIRECTION('',(0.,1.));
#2760 = ( GEOMETRIC_REPRESENTATION_CONTEXT(2) 
PARAMETRIC_REPRESENTATION_CONTEXT() REPRESENTATION_CONTEXT('2D SPACE',''
  ) );
#2761 = FACE_BOUND('',#2762,.T.);
#2762 = EDGE_LOOP('',(#2763,#2781,#2797,#2813));
#2763 = ORIENTED_EDGE('',*,*,#2764,.F.);
#2764 = EDGE_CURVE('',#2765,#2767,#2769,.T.);
#2765 = VERTEX_POINT('',#2766);
#2766 = CARTESIAN_POINT('',(70.,12.,24.));
#2767 = VERTEX_POINT('',#2768);
#2768 = CARTESIAN_POINT('',(70.,12.,30.));
#2769 = SURFACE_CURVE('',#2770,(#2774),.PCURVE_S1.);
#2770 = LINE('',#2771,#2772);
#2771 = CARTESIAN_POINT('',(70.,12.,24.));
#2772 = VECTOR('',#2773,1.);
#2773 = DIRECTION('',(0.,0.,1.));
#2774 = PCURVE('',#1786,#2775);
#2775 = DEFINITIONAL_REPRESENTATION('',(#2776),#2780);
#2776 = LINE('',#2777,#2778);
#2777 = CARTESIAN_POINT('',(0.,40.));
#2778 = VECTOR('',#2779,1.);
#2779 = DIRECTION('',(1.,0.));
#2780 = ( GEOMETRIC_REPRESENTATION_CONTEXT(2) 
PARAMETRIC_REPRESENTATION_CONTEXT() REPRESENTATION_CONTEXT('2D SPACE',''
  ) );
#2781 = ORIENTED_EDGE('',*,*,#2782,.F.);
#2782 = EDGE_CURVE('',#2783,#2765,#2785,.T.);
#2783 = VERTEX_POINT('',#2784);
#2784 = CARTESIAN_POINT('',(30.,12.,24.));
#2785 = SURFACE_CURVE('',#2786,(#2790),.PCURVE_S1.);
#2786 = LINE('',#2787,#2788);
#2787 = CARTESIAN_POINT('',(30.,12.,24.));
#2788 = VECTOR('',#2789,1.);
#2789 = DIRECTION('',(1.,0.,-0.));
#2790 = PCURVE('',#1786,#2791);
#2791 = DEFINITIONAL_REPRESENTATION('',(#2792),#2796);
#2792 = LINE('',#2793,#2794);
#2793 = CARTESIAN_POINT('',(0.,0.));
#2794 = VECTOR('',#2795,1.);
#2795 = DIRECTION('',(0.,1.));
#2796 = ( GEOMETRIC_REPRESENTATION_CONTEXT(2) 
PARAMETRIC_REPRESENTATION_CONTEXT() REPRESENTATION_CONTEXT('2D SPACE',''
  ) );
#2797 = ORIENTED_EDGE('',*,*,#2798,.T.);
#2798 = EDGE_CURVE('',#2783,#2799,#2801,.T.);
#2799 = VERTEX_POINT('',#2800);
#2800 = CARTESIAN_POINT('',(30.,12.,30.));
#2801 = SURFACE_CURVE('',#2802,(#2806),.PCURVE_S1.);
#2802 = LINE('',#2803,#2804);
#2803 = CARTESIAN_POINT('',(30.,12.,24.));
#2804 = VECTOR('',#2805,1.);
#2805 = DIRECTION('',(0.,0.,1.));
#2806 = PCURVE('',#1786,#2807);
#2807 = DEFINITIONAL_REPRESENTATION('',(#2808),#2812);
#2808 = LINE('',#2809,#2810);
#2809 = CARTESIAN_POINT('',(0.,0.));
#2810 = VECTOR('',#2811,1.);
#2811 = DIRECTION('',(1.,0.));
#2812 = ( GEOMETRIC_REPRESENTATION_CONTEXT(2) 
PARAMETRIC_REPRESENTATION_CONTEXT() REPRESENTATION_CONTEXT('2D SPACE',''
  ) );
#2813 = ORIENTED_EDGE('',*,*,#2814,.F.);
#2814 = EDGE_CURVE('',#2767,#2799,#2815,.T.);
#2815 = SURFACE_CURVE('',#2816,(#2820),.PCURVE_S1.);
#2816 = LINE('',#2817,#2818);
#2817 = CARTESIAN_POINT('',(15.,12.,30.));
#2818 = VECTOR('',#2819,1.);
#2819 = DIRECTION('',(-1.,-0.,0.));
#2820 = PCURVE('',#1786,#2821);
#2821 = DEFINITIONAL_REPRESENTATION('',(#2822),#2825);
#2822 = B_SPLINE_CURVE_WITH_KNOTS('',1,(#2823,#2824),.UNSPECIFIED.,.F.,
  .F.,(2,2),(-55.,-15.),.PIECEWISE_BEZIER_KNOTS.);
#2823 = CARTESIAN_POINT('',(6.,40.));
#2824 = CARTESIAN_POINT('',(6.,0.));
#2825 = ( GEOMETRIC_REPRESENTATION_CONTEXT(2) 
PARAMETRIC_REPRESENTATION_CONTEXT() REPRESENTATION_CONTEXT('2D SPACE',''
  ) );
#2826 = ADVANCED_FACE('',(#2827),#1861,.F.);
#2827 = FACE_BOUND('',#2828,.F.);
#2828 = EDGE_LOOP('',(#2829,#2902,#2923,#2924));
#2829 = ORIENTED_EDGE('',*,*,#2830,.T.);
#2830 = EDGE_CURVE('',#2378,#2831,#2833,.T.);
#2831 = VERTEX_POINT('',#2832);
#2832 = CARTESIAN_POINT('',(70.,16.,24.));
#2833 = SURFACE_CURVE('',#2834,(#2842,#2854),.PCURVE_S1.);
#2834 = ( BOUNDED_CURVE() B_SPLINE_CURVE(6,(#2835,#2836,#2837,#2838,
#2839,#2840,#2841),.UNSPECIFIED.,.F.,.F.) B_SPLINE_CURVE_WITH_KNOTS((7,7
),(0.,1.570796326795),.PIECEWISE_BEZIER_KNOTS.) CURVE() 
GEOMETRIC_REPRESENTATION_ITEM() RATIONAL_B_SPLINE_CURVE((1.031393471788,
    1.010025407661,0.997924642725,0.993958444137,0.997924642725,
1.010025407661,1.031393471788)) REPRESENTATION_ITEM('') );
#2835 = CARTESIAN_POINT('',(66.,12.,24.));
#2836 = CARTESIAN_POINT('',(67.069347132612,12.,24.));
#2837 = CARTESIAN_POINT('',(68.110834290329,12.340017402535,24.));
#2838 = CARTESIAN_POINT('',(69.007678052809,12.992321947191,24.));
#2839 = CARTESIAN_POINT('',(69.659982597465,13.889165709671,24.));
#2840 = CARTESIAN_POINT('',(70.,14.930652867388,24.));
#2841 = CARTESIAN_POINT('',(70.,16.,24.));
#2842 = PCURVE('',#1861,#2843);
#2843 = DEFINITIONAL_REPRESENTATION('',(#2844),#2853);
#2844 = B_SPLINE_CURVE_WITH_KNOTS('',7,(#2845,#2846,#2847,#2848,#2849,
    #2850,#2851,#2852),.UNSPECIFIED.,.F.,.F.,(8,8),(0.,1.570796326795),
  .PIECEWISE_BEZIER_KNOTS.);
#2845 = CARTESIAN_POINT('',(0.,0.));
#2846 = CARTESIAN_POINT('',(0.224398447986,0.));
#2847 = CARTESIAN_POINT('',(0.448800627881,0.));
#2848 = CARTESIAN_POINT('',(0.673196470836,0.));
#2849 = CARTESIAN_POINT('',(0.897599855959,0.));
#2850 = CARTESIAN_POINT('',(1.121995698914,0.));
#2851 = CARTESIAN_POINT('',(1.346397878809,0.));
#2852 = CARTESIAN_POINT('',(1.570796326795,0.));
#2853 = ( GEOMETRIC_REPRESENTATION_CONTEXT(2) 
PARAMETRIC_REPRESENTATION_CONTEXT() REPRESENTATION_CONTEXT('2D SPACE',''
  ) );
#2854 = PCURVE('',#2392,#2855);
#2855 = DEFINITIONAL_REPRESENTATION('',(#2856),#2901);
#2856 = B_SPLINE_CURVE_WITH_KNOTS('',8,(#2857,#2858,#2859,#2860,#2861,
    #2862,#2863,#2864,#2865,#2866,#2867,#2868,#2869,#2870,#2871,#2872,
    #2873,#2874,#2875,#2876,#2877,#2878,#2879,#2880,#2881,#2882,#2883,
    #2884,#2885,#2886,#2887,#2888,#2889,#2890,#2891,#2892,#2893,#2894,
    #2895,#2896,#2897,#2898,#2899,#2900),.UNSPECIFIED.,.F.,.F.,(9,7,7,7,
    7,7,9),(0.,0.196349540849,0.392699081699,0.785398163397,
    1.178097245096,1.374446785946,1.570796326795),.UNSPECIFIED.);
#2857 = CARTESIAN_POINT('',(-2.828427124746,-0.973049320917));
#2858 = CARTESIAN_POINT('',(-2.763650429461,-0.93530455727));
#2859 = CARTESIAN_POINT('',(-2.772959693979,-0.94168275487));
#2860 = CARTESIAN_POINT('',(-2.622507494638,-0.854756716435));
#2861 = CARTESIAN_POINT('',(-2.524001960733,-0.811545916351));
#2862 = CARTESIAN_POINT('',(-2.504468559568,-0.801005258344));
#2863 = CARTESIAN_POINT('',(-2.336235224929,-0.725541120891));
#2864 = CARTESIAN_POINT('',(-2.244569260524,-0.690470326073));
#2865 = CARTESIAN_POINT('',(-2.02738659075,-0.610556354788));
#2866 = CARTESIAN_POINT('',(-1.923361406157,-0.575559022883));
#2867 = CARTESIAN_POINT('',(-1.824603212469,-0.544942978201));
#2868 = CARTESIAN_POINT('',(-1.731256023682,-0.518122151533));
#2869 = CARTESIAN_POINT('',(-1.642907027174,-0.494502770975));
#2870 = CARTESIAN_POINT('',(-1.558586583706,-0.473483361931));
#2871 = CARTESIAN_POINT('',(-1.47676822742,-0.45445474711));
#2872 = CARTESIAN_POINT('',(-1.232569542685,-0.401490645358));
#2873 = CARTESIAN_POINT('',(-1.076003953156,-0.372089072815));
#2874 = CARTESIAN_POINT('',(-0.917235065871,-0.347361889361));
#2875 = CARTESIAN_POINT('',(-0.750753877094,-0.32664299349));
#2876 = CARTESIAN_POINT('',(-0.573979210736,-0.309833621726));
#2877 = CARTESIAN_POINT('',(-0.387257718355,-0.297402348623));
#2878 = CARTESIAN_POINT('',(-0.193863879157,-0.290385086764));
#2879 = CARTESIAN_POINT('',(0.19386387917,-0.290385086764));
#2880 = CARTESIAN_POINT('',(0.387257718366,-0.297402348623));
#2881 = CARTESIAN_POINT('',(0.573979210742,-0.309833621727));
#2882 = CARTESIAN_POINT('',(0.750753877094,-0.326642993491));
#2883 = CARTESIAN_POINT('',(0.917235065863,-0.347361889361));
#2884 = CARTESIAN_POINT('',(1.076003953138,-0.372089072813));
#2885 = CARTESIAN_POINT('',(1.232569542654,-0.401490645353));
#2886 = CARTESIAN_POINT('',(1.476768227364,-0.454454747097));
#2887 = CARTESIAN_POINT('',(1.558586583642,-0.473483361916));
#2888 = CARTESIAN_POINT('',(1.642907027101,-0.494502770957));
#2889 = CARTESIAN_POINT('',(1.731256023597,-0.51812215151));
#2890 = CARTESIAN_POINT('',(1.824603212372,-0.544942978172));
#2891 = CARTESIAN_POINT('',(1.923361406052,-0.575559022849));
#2892 = CARTESIAN_POINT('',(2.027386590645,-0.610556354752));
#2893 = CARTESIAN_POINT('',(2.244569260452,-0.690470326044));
#2894 = CARTESIAN_POINT('',(2.336235224775,-0.725541120817));
#2895 = CARTESIAN_POINT('',(2.504468559846,-0.801005258482));
#2896 = CARTESIAN_POINT('',(2.524001960439,-0.811545916202));
#2897 = CARTESIAN_POINT('',(2.62250749476,-0.854756716484));
#2898 = CARTESIAN_POINT('',(2.772959694238,-0.94168275502));
#2899 = CARTESIAN_POINT('',(2.763650429442,-0.93530455726));
#2900 = CARTESIAN_POINT('',(2.828427124746,-0.973049320917));
#2901 = ( GEOMETRIC_REPRESENTATION_CONTEXT(2) 
PARAMETRIC_REPRESENTATION_CONTEXT() REPRESENTATION_CONTEXT('2D SPACE',''
  ) );
#2902 = ORIENTED_EDGE('',*,*,#2903,.T.);
#2903 = EDGE_CURVE('',#2831,#1825,#2904,.T.);
#2904 = SURFACE_CURVE('',#2905,(#2909,#2916),.PCURVE_S1.);
#2905 = LINE('',#2906,#2907);
#2906 = CARTESIAN_POINT('',(70.,16.,24.));
#2907 = VECTOR('',#2908,1.);
#2908 = DIRECTION('',(0.,0.,1.));
#2909 = PCURVE('',#1861,#2910);
#2910 = DEFINITIONAL_REPRESENTATION('',(#2911),#2915);
#2911 = LINE('',#2912,#2913);
#2912 = CARTESIAN_POINT('',(1.570796326795,0.));
#2913 = VECTOR('',#2914,1.);
#2914 = DIRECTION('',(0.,1.));
#2915 = ( GEOMETRIC_REPRESENTATION_CONTEXT(2) 
PARAMETRIC_REPRESENTATION_CONTEXT() REPRESENTATION_CONTEXT('2D SPACE',''
  ) );
#2916 = PCURVE('',#1947,#2917);
#2917 = DEFINITIONAL_REPRESENTATION('',(#2918),#2922);
#2918 = LINE('',#2919,#2920);
#2919 = CARTESIAN_POINT('',(0.,-4.));
#2920 = VECTOR('',#2921,1.);
#2921 = DIRECTION('',(1.,0.));
#2922 = ( GEOMETRIC_REPRESENTATION_CONTEXT(2) 
PARAMETRIC_REPRESENTATION_CONTEXT() REPRESENTATION_CONTEXT('2D SPACE',''
  ) );
#2923 = ORIENTED_EDGE('',*,*,#1846,.F.);
#2924 = ORIENTED_EDGE('',*,*,#2741,.F.);
#2925 = ADVANCED_FACE('',(#2926),#1915,.F.);
#2926 = FACE_BOUND('',#2927,.T.);
#2927 = EDGE_LOOP('',(#2928,#3001,#3022,#3023));
#2928 = ORIENTED_EDGE('',*,*,#2929,.T.);
#2929 = EDGE_CURVE('',#2563,#2930,#2932,.T.);
#2930 = VERTEX_POINT('',#2931);
#2931 = CARTESIAN_POINT('',(30.,16.,24.));
#2932 = SURFACE_CURVE('',#2933,(#2941,#2953),.PCURVE_S1.);
#2933 = ( BOUNDED_CURVE() B_SPLINE_CURVE(6,(#2934,#2935,#2936,#2937,
#2938,#2939,#2940),.UNSPECIFIED.,.F.,.F.) B_SPLINE_CURVE_WITH_KNOTS((7,7
),(0.,1.570796326795),.PIECEWISE_BEZIER_KNOTS.) CURVE() 
GEOMETRIC_REPRESENTATION_ITEM() RATIONAL_B_SPLINE_CURVE((1.031393471788,
    1.010025407661,0.997924642725,0.993958444137,0.997924642725,
1.010025407661,1.031393471788)) REPRESENTATION_ITEM('') );
#2934 = CARTESIAN_POINT('',(34.,12.,24.));
#2935 = CARTESIAN_POINT('',(32.930652867388,12.,24.));
#2936 = CARTESIAN_POINT('',(31.889165709671,12.340017402535,24.));
#2937 = CARTESIAN_POINT('',(30.992321947191,12.992321947191,24.));
#2938 = CARTESIAN_POINT('',(30.340017402535,13.889165709671,24.));
#2939 = CARTESIAN_POINT('',(30.,14.930652867388,24.));
#2940 = CARTESIAN_POINT('',(30.,16.,24.));
#2941 = PCURVE('',#1915,#2942);
#2942 = DEFINITIONAL_REPRESENTATION('',(#2943),#2952);
#2943 = B_SPLINE_CURVE_WITH_KNOTS('',7,(#2944,#2945,#2946,#2947,#2948,
    #2949,#2950,#2951),.UNSPECIFIED.,.F.,.F.,(8,8),(0.,1.570796326795),
  .PIECEWISE_BEZIER_KNOTS.);
#2944 = CARTESIAN_POINT('',(0.,0.));
#2945 = CARTESIAN_POINT('',(-0.224398447986,0.));
#2946 = CARTESIAN_POINT('',(-0.448800627881,0.));
#2947 = CARTESIAN_POINT('',(-0.673196470836,0.));
#2948 = CARTESIAN_POINT('',(-0.897599855959,0.));
#2949 = CARTESIAN_POINT('',(-1.121995698914,0.));
#2950 = CARTESIAN_POINT('',(-1.346397878809,0.));
#2951 = CARTESIAN_POINT('',(-1.570796326795,0.));
#2952 = ( GEOMETRIC_REPRESENTATION_CONTEXT(2) 
PARAMETRIC_REPRESENTATION_CONTEXT() REPRESENTATION_CONTEXT('2D SPACE',''
  ) );
#2953 = PCURVE('',#2577,#2954);
#2954 = DEFINITIONAL_REPRESENTATION('',(#2955),#3000);
#2955 = B_SPLINE_CURVE_WITH_KNOTS('',8,(#2956,#2957,#2958,#2959,#2960,
    #2961,#2962,#2963,#2964,#2965,#2966,#2967,#2968,#2969,#2970,#2971,
    #2972,#2973,#2974,#2975,#2976,#2977,#2978,#2979,#2980,#2981,#2982,
    #2983,#2984,#2985,#2986,#2987,#2988,#2989,#2990,#2991,#2992,#2993,
    #2994,#2995,#2996,#2997,#2998,#2999),.UNSPECIFIED.,.F.,.F.,(9,7,7,7,
    7,7,9),(0.,0.196349540849,0.392699081699,0.785398163397,
    1.178097245096,1.374446785946,1.570796326795),.UNSPECIFIED.);
#2956 = CARTESIAN_POINT('',(2.828427124746,0.973049320917));
#2957 = CARTESIAN_POINT('',(2.763650429434,0.935304557254));
#2958 = CARTESIAN_POINT('',(2.77295969441,0.941682755119));
#2959 = CARTESIAN_POINT('',(2.622507494875,0.854756716535));
#2960 = CARTESIAN_POINT('',(2.524001960249,0.811545916104));
#2961 = CARTESIAN_POINT('',(2.504468560091,0.801005258605));
#2962 = CARTESIAN_POINT('',(2.336235224753,0.725541120803));
#2963 = CARTESIAN_POINT('',(2.244569260515,0.690470326069));
#2964 = CARTESIAN_POINT('',(2.027386590723,0.610556354778));
#2965 = CARTESIAN_POINT('',(1.923361406135,0.575559022876));
#2966 = CARTESIAN_POINT('',(1.824603212458,0.544942978198));
#2967 = CARTESIAN_POINT('',(1.731256023684,0.518122151534));
#2968 = CARTESIAN_POINT('',(1.642907027185,0.494502770979));
#2969 = CARTESIAN_POINT('',(1.558586583721,0.473483361936));
#2970 = CARTESIAN_POINT('',(1.476768227436,0.454454747114));
#2971 = CARTESIAN_POINT('',(1.232569542707,0.401490645362));
#2972 = CARTESIAN_POINT('',(1.076003953176,0.372089072818));
#2973 = CARTESIAN_POINT('',(0.917235065884,0.347361889363));
#2974 = CARTESIAN_POINT('',(0.750753877101,0.32664299349));
#2975 = CARTESIAN_POINT('',(0.573979210737,0.309833621726));
#2976 = CARTESIAN_POINT('',(0.387257718353,0.297402348622));
#2977 = CARTESIAN_POINT('',(0.193863879155,0.290385086764));
#2978 = CARTESIAN_POINT('',(-0.193863879167,0.290385086764));
#2979 = CARTESIAN_POINT('',(-0.387257718361,0.297402348623));
#2980 = CARTESIAN_POINT('',(-0.573979210738,0.309833621726));
#2981 = CARTESIAN_POINT('',(-0.750753877095,0.32664299349));
#2982 = CARTESIAN_POINT('',(-0.917235065875,0.347361889362));
#2983 = CARTESIAN_POINT('',(-1.076003953165,0.372089072817));
#2984 = CARTESIAN_POINT('',(-1.2325695427,0.401490645361));
#2985 = CARTESIAN_POINT('',(-1.476768227437,0.454454747114));
#2986 = CARTESIAN_POINT('',(-1.558586583724,0.473483361936));
#2987 = CARTESIAN_POINT('',(-1.642907027193,0.49450277098));
#2988 = CARTESIAN_POINT('',(-1.731256023697,0.518122151537));
#2989 = CARTESIAN_POINT('',(-1.824603212478,0.544942978204));
#2990 = CARTESIAN_POINT('',(-1.92336140616,0.575559022884));
#2991 = CARTESIAN_POINT('',(-2.027386590749,0.610556354787));
#2992 = CARTESIAN_POINT('',(-2.244569260526,0.690470326074));
#2993 = CARTESIAN_POINT('',(-2.336235224841,0.725541120847));
#2994 = CARTESIAN_POINT('',(-2.504468559836,0.801005258478));
#2995 = CARTESIAN_POINT('',(-2.524001960484,0.811545916224));
#2996 = CARTESIAN_POINT('',(-2.622507494763,0.854756716488));
#2997 = CARTESIAN_POINT('',(-2.7729596942,0.941682754998));
#2998 = CARTESIAN_POINT('',(-2.763650429449,0.935304557263));
#2999 = CARTESIAN_POINT('',(-2.828427124746,0.973049320917));
#3000 = ( GEOMETRIC_REPRESENTATION_CONTEXT(2) 
PARAMETRIC_REPRESENTATION_CONTEXT() REPRESENTATION_CONTEXT('2D SPACE',''
  ) );
#3001 = ORIENTED_EDGE('',*,*,#3002,.T.);
#3002 = EDGE_CURVE('',#2930,#1879,#3003,.T.);
#3003 = SURFACE_CURVE('',#3004,(#3008,#3015),.PCURVE_S1.);
#3004 = LINE('',#3005,#3006);
#3005 = CARTESIAN_POINT('',(30.,16.,24.));
#3006 = VECTOR('',#3007,1.);
#3007 = DIRECTION('',(0.,0.,1.));
#3008 = PCURVE('',#1915,#3009);
#3009 = DEFINITIONAL_REPRESENTATION('',(#3010),#3014);
#3010 = LINE('',#3011,#3012);
#3011 = CARTESIAN_POINT('',(-1.570796326795,0.));
#3012 = VECTOR('',#3013,1.);
#3013 = DIRECTION('',(-0.,1.));
#3014 = ( GEOMETRIC_REPRESENTATION_CONTEXT(2) 
PARAMETRIC_REPRESENTATION_CONTEXT() REPRESENTATION_CONTEXT('2D SPACE',''
  ) );
#3015 = PCURVE('',#2000,#3016);
#3016 = DEFINITIONAL_REPRESENTATION('',(#3017),#3021);
#3017 = LINE('',#3018,#3019);
#3018 = CARTESIAN_POINT('',(0.,-4.));
#3019 = VECTOR('',#3020,1.);
#3020 = DIRECTION('',(1.,0.));
#3021 = ( GEOMETRIC_REPRESENTATION_CONTEXT(2) 
PARAMETRIC_REPRESENTATION_CONTEXT() REPRESENTATION_CONTEXT('2D SPACE',''
  ) );
#3022 = ORIENTED_EDGE('',*,*,#1900,.F.);
#3023 = ORIENTED_EDGE('',*,*,#2719,.F.);
#3024 = ADVANCED_FACE('',(#3025),#1947,.F.);
#3025 = FACE_BOUND('',#3026,.F.);
#3026 = EDGE_LOOP('',(#3027,#3102,#3130,#3287,#3308,#3309));
#3027 = ORIENTED_EDGE('',*,*,#3028,.T.);
#3028 = EDGE_CURVE('',#2831,#3029,#3031,.T.);
#3029 = VERTEX_POINT('',#3030);
#3030 = CARTESIAN_POINT('',(70.,16.,28.));
#3031 = SURFACE_CURVE('',#3032,(#3036,#3042),.PCURVE_S1.);
#3032 = LINE('',#3033,#3034);
#3033 = CARTESIAN_POINT('',(70.,16.,24.));
#3034 = VECTOR('',#3035,1.);
#3035 = DIRECTION('',(0.,0.,1.));
#3036 = PCURVE('',#1947,#3037);
#3037 = DEFINITIONAL_REPRESENTATION('',(#3038),#3041);
#3038 = B_SPLINE_CURVE_WITH_KNOTS('',1,(#3039,#3040),.UNSPECIFIED.,.F.,
  .F.,(2,2),(0.,4.),.PIECEWISE_BEZIER_KNOTS.);
#3039 = CARTESIAN_POINT('',(0.,-4.));
#3040 = CARTESIAN_POINT('',(4.,-4.));
#3041 = ( GEOMETRIC_REPRESENTATION_CONTEXT(2) 
PARAMETRIC_REPRESENTATION_CONTEXT() REPRESENTATION_CONTEXT('2D SPACE',''
  ) );
#3042 = PCURVE('',#2392,#3043);
#3043 = DEFINITIONAL_REPRESENTATION('',(#3044),#3101);
#3044 = B_SPLINE_CURVE_WITH_KNOTS('',10,(#3045,#3046,#3047,#3048,#3049,
    #3050,#3051,#3052,#3053,#3054,#3055,#3056,#3057,#3058,#3059,#3060,
    #3061,#3062,#3063,#3064,#3065,#3066,#3067,#3068,#3069,#3070,#3071,
    #3072,#3073,#3074,#3075,#3076,#3077,#3078,#3079,#3080,#3081,#3082,
    #3083,#3084,#3085,#3086,#3087,#3088,#3089,#3090,#3091,#3092,#3093,
    #3094,#3095,#3096,#3097,#3098,#3099,#3100),.UNSPECIFIED.,.F.,.F.,(11
    ,9,9,9,9,9,11),(0.,0.25,0.5,1.,2.,3.,4.),.UNSPECIFIED.);
#3045 = CARTESIAN_POINT('',(2.828427124746,-0.973049320917));
#3046 = CARTESIAN_POINT('',(2.828427124746,-0.949972081848));
#3047 = CARTESIAN_POINT('',(2.828427124746,-0.883066335648));
#3048 = CARTESIAN_POINT('',(2.828427124747,-0.784374630515));
#3049 = CARTESIAN_POINT('',(2.828427124745,-0.912050819512));
#3050 = CARTESIAN_POINT('',(2.828427124747,-0.784663567684));
#3051 = CARTESIAN_POINT('',(2.828427124745,-0.846508175402));
#3052 = CARTESIAN_POINT('',(2.828427124747,-0.774060498901));
#3053 = CARTESIAN_POINT('',(2.828427124746,-0.765756566516));
#3054 = CARTESIAN_POINT('',(2.828427124746,-0.741799332438));
#3055 = CARTESIAN_POINT('',(2.828427124746,-0.70063644583));
#3056 = CARTESIAN_POINT('',(2.828427124746,-0.680532610866));
#3057 = CARTESIAN_POINT('',(2.828427124746,-0.660713372878));
#3058 = CARTESIAN_POINT('',(2.828427124746,-0.641034731196));
#3059 = CARTESIAN_POINT('',(2.828427124747,-0.621401695841));
#3060 = CARTESIAN_POINT('',(2.828427124746,-0.601768287524));
#3061 = CARTESIAN_POINT('',(2.828427124747,-0.582137537653));
#3062 = CARTESIAN_POINT('',(2.828427124746,-0.562561488324));
#3063 = CARTESIAN_POINT('',(2.828427124746,-0.543141192327));
#3064 = CARTESIAN_POINT('',(2.828427124746,-0.485797754774));
#3065 = CARTESIAN_POINT('',(2.828427124746,-0.44802085107));
#3066 = CARTESIAN_POINT('',(2.828427124746,-0.410653169177));
#3067 = CARTESIAN_POINT('',(2.828427124746,-0.373651876241));
#3068 = CARTESIAN_POINT('',(2.828427124747,-0.336974139409));
#3069 = CARTESIAN_POINT('',(2.828427124746,-0.300577125827));
#3070 = CARTESIAN_POINT('',(2.828427124746,-0.264418002643));
#3071 = CARTESIAN_POINT('',(2.828427124746,-0.228453937001));
#3072 = CARTESIAN_POINT('',(2.828427124746,-0.19264209605));
#3073 = CARTESIAN_POINT('',(2.828427124746,-8.553474870728E-02));
#3074 = CARTESIAN_POINT('',(2.828427124746,-1.453658964334E-02));
#3075 = CARTESIAN_POINT('',(2.828427124746,5.62707884407E-02));
#3076 = CARTESIAN_POINT('',(2.828427124746,0.127103343729));
#3077 = CARTESIAN_POINT('',(2.828427124746,0.198177034408));
#3078 = CARTESIAN_POINT('',(2.828427124746,0.26970781866));
#3079 = CARTESIAN_POINT('',(2.828427124746,0.341911654671));
#3080 = CARTESIAN_POINT('',(2.828427124746,0.415004500626));
#3081 = CARTESIAN_POINT('',(2.828427124746,0.48920231471));
#3082 = CARTESIAN_POINT('',(2.828427124746,0.640239795504));
#3083 = CARTESIAN_POINT('',(2.828427124746,0.716953164864));
#3084 = CARTESIAN_POINT('',(2.828427124746,0.795156271281));
#3085 = CARTESIAN_POINT('',(2.828427124746,0.875056072823));
#3086 = CARTESIAN_POINT('',(2.828427124747,0.956771377528));
#3087 = CARTESIAN_POINT('',(2.828427124746,1.040332843408));
#3088 = CARTESIAN_POINT('',(2.828427124747,1.125682978446));
#3089 = CARTESIAN_POINT('',(2.828427124746,1.212676140597));
#3090 = CARTESIAN_POINT('',(2.828427124746,1.301078537791));
#3091 = CARTESIAN_POINT('',(2.828427124746,1.480057918065));
#3092 = CARTESIAN_POINT('',(2.828427124746,1.573774966549));
#3093 = CARTESIAN_POINT('',(2.828427124746,1.649784739046));
#3094 = CARTESIAN_POINT('',(2.828427124746,1.770262335744));
#3095 = CARTESIAN_POINT('',(2.828427124746,1.836644829439));
#3096 = CARTESIAN_POINT('',(2.828427124746,1.917808903616));
#3097 = CARTESIAN_POINT('',(2.828427124746,2.045980879895));
#3098 = CARTESIAN_POINT('',(2.828427124746,2.090841294602));
#3099 = CARTESIAN_POINT('',(2.828427124746,2.194403711027));
#3100 = CARTESIAN_POINT('',(2.828427124746,2.277727336815));
#3101 = ( GEOMETRIC_REPRESENTATION_CONTEXT(2) 
PARAMETRIC_REPRESENTATION_CONTEXT() REPRESENTATION_CONTEXT('2D SPACE',''
  ) );
#3102 = ORIENTED_EDGE('',*,*,#3103,.T.);
#3103 = EDGE_CURVE('',#3029,#3104,#3106,.T.);
#3104 = VERTEX_POINT('',#3105);
#3105 = CARTESIAN_POINT('',(70.,54.,28.));
#3106 = SURFACE_CURVE('',#3107,(#3111,#3118),.PCURVE_S1.);
#3107 = LINE('',#3108,#3109);
#3108 = CARTESIAN_POINT('',(70.,12.,28.));
#3109 = VECTOR('',#3110,1.);
#3110 = DIRECTION('',(-0.,1.,0.));
#3111 = PCURVE('',#1947,#3112);
#3112 = DEFINITIONAL_REPRESENTATION('',(#3113),#3117);
#3113 = LINE('',#3114,#3115);
#3114 = CARTESIAN_POINT('',(4.,0.));
#3115 = VECTOR('',#3116,1.);
#3116 = DIRECTION('',(0.,-1.));
#3117 = ( GEOMETRIC_REPRESENTATION_CONTEXT(2) 
PARAMETRIC_REPRESENTATION_CONTEXT() REPRESENTATION_CONTEXT('2D SPACE',''
  ) );
#3118 = PCURVE('',#3119,#3124);
#3119 = CYLINDRICAL_SURFACE('',#3120,4.);
#3120 = AXIS2_PLACEMENT_3D('',#3121,#3122,#3123);
#3121 = CARTESIAN_POINT('',(66.,12.,28.));
#3122 = DIRECTION('',(-0.,1.,0.));
#3123 = DIRECTION('',(1.,0.,-0.));
#3124 = DEFINITIONAL_REPRESENTATION('',(#3125),#3129);
#3125 = LINE('',#3126,#3127);
#3126 = CARTESIAN_POINT('',(0.,0.));
#3127 = VECTOR('',#3128,1.);
#3128 = DIRECTION('',(0.,1.));
#3129 = ( GEOMETRIC_REPRESENTATION_CONTEXT(2) 
PARAMETRIC_REPRESENTATION_CONTEXT() REPRESENTATION_CONTEXT('2D SPACE',''
  ) );
#3130 = ORIENTED_EDGE('',*,*,#3131,.T.);
#3131 = EDGE_CURVE('',#3104,#3132,#3134,.T.);
#3132 = VERTEX_POINT('',#3133);
#3133 = CARTESIAN_POINT('',(70.,54.,24.));
#3134 = SURFACE_CURVE('',#3135,(#3139,#3145),.PCURVE_S1.);
#3135 = LINE('',#3136,#3137);
#3136 = CARTESIAN_POINT('',(70.,54.,28.));
#3137 = VECTOR('',#3138,1.);
#3138 = DIRECTION('',(0.,-0.,-1.));
#3139 = PCURVE('',#1947,#3140);
#3140 = DEFINITIONAL_REPRESENTATION('',(#3141),#3144);
#3141 = B_SPLINE_CURVE_WITH_KNOTS('',1,(#3142,#3143),.UNSPECIFIED.,.F.,
  .F.,(2,2),(0.,4.),.PIECEWISE_BEZIER_KNOTS.);
#3142 = CARTESIAN_POINT('',(4.,-42.));
#3143 = CARTESIAN_POINT('',(0.,-42.));
#3144 = ( GEOMETRIC_REPRESENTATION_CONTEXT(2) 
PARAMETRIC_REPRESENTATION_CONTEXT() REPRESENTATION_CONTEXT('2D SPACE',''
  ) );
#3145 = PCURVE('',#3146,#3228);
#3146 = B_SPLINE_SURFACE_WITH_KNOTS('',8,8,(
    (#3147,#3148,#3149,#3150,#3151,#3152,#3153,#3154,#3155)
    ,(#3156,#3157,#3158,#3159,#3160,#3161,#3162,#3163,#3164)
    ,(#3165,#3166,#3167,#3168,#3169,#3170,#3171,#3172,#3173)
    ,(#3174,#3175,#3176,#3177,#3178,#3179,#3180,#3181,#3182)
    ,(#3183,#3184,#3185,#3186,#3187,#3188,#3189,#3190,#3191)
    ,(#3192,#3193,#3194,#3195,#3196,#3197,#3198,#3199,#3200)
    ,(#3201,#3202,#3203,#3204,#3205,#3206,#3207,#3208,#3209)
    ,(#3210,#3211,#3212,#3213,#3214,#3215,#3216,#3217,#3218)
    ,(#3219,#3220,#3221,#3222,#3223,#3224,#3225,#3226,#3227
  )),.UNSPECIFIED.,.F.,.F.,.F.,(9,9),(9,9),(-3.111269837221,
    3.111269837221),(-2.883261566838,2.505500070496),
  .PIECEWISE_BEZIER_KNOTS.);
#3147 = CARTESIAN_POINT('',(68.526819790498,52.126841435132,
    23.346104662991));
#3148 = CARTESIAN_POINT('',(69.395797694934,52.995803682321,
    23.293814144797));
#3149 = CARTESIAN_POINT('',(70.22319102726,53.823185760793,
    23.283695556626));
#3150 = CARTESIAN_POINT('',(70.743231574535,54.343223360026,
    23.585242638907));
#3151 = CARTESIAN_POINT('',(69.143631734162,52.743651528342,
    26.036007828366));
#3152 = CARTESIAN_POINT('',(70.14862188441,53.74859758402,
    25.845876806241));
#3153 = CARTESIAN_POINT('',(69.836022807529,53.436042891366,
    26.991606293359));
#3154 = CARTESIAN_POINT('',(69.982970470205,53.582966442464,
    27.671497801772));
#3155 = CARTESIAN_POINT('',(69.959908030255,53.559909432499,
    28.523711972388));
#3156 = CARTESIAN_POINT('',(68.138798321175,52.838815133693,
    23.181861633564));
#3157 = CARTESIAN_POINT('',(69.050779132214,53.750781222093,
    23.085967988117));
#3158 = CARTESIAN_POINT('',(70.278831580899,54.978822913807,
    22.66959064067));
#3159 = CARTESIAN_POINT('',(70.55594374528,55.25593591169,
    23.217481205296));
#3160 = CARTESIAN_POINT('',(71.332957910379,56.032994688428,
    23.258358440801));
#3161 = CARTESIAN_POINT('',(68.477320470645,53.177265572604,
    26.982917519045));
#3162 = CARTESIAN_POINT('',(70.262823480056,54.962865717943,
    26.001109226453));
#3163 = CARTESIAN_POINT('',(70.135698455175,54.83569191652,
    26.958957207456));
#3164 = CARTESIAN_POINT('',(70.154996703911,54.854996860816,
    27.76821592097));
#3165 = CARTESIAN_POINT('',(67.223964346191,53.023975885082,
    23.551780071124));
#3166 = CARTESIAN_POINT('',(68.237241611543,54.037259148362,
    23.35316810636));
#3167 = CARTESIAN_POINT('',(71.105916716327,56.905953959268,
    21.273394083935));
#3168 = CARTESIAN_POINT('',(70.775167524623,56.575054185053,
    22.437271213626));
#3169 = CARTESIAN_POINT('',(76.261898029679,62.06199955901,
    17.703146002426));
#3170 = CARTESIAN_POINT('',(62.655144811013,48.455111873897,
    32.328527769749));
#3171 = CARTESIAN_POINT('',(70.70991815874,56.509917424892,
    24.99019452256));
#3172 = CARTESIAN_POINT('',(69.5856103178,55.385617129587,
    26.959021916915));
#3173 = CARTESIAN_POINT('',(69.796725593709,55.59672896516,
    27.573801747737));
#3174 = CARTESIAN_POINT('',(64.462013919381,51.362017310453,
    25.79470716605));
#3175 = CARTESIAN_POINT('',(63.071229833283,49.971171611548,
    28.033768587659));
#3176 = CARTESIAN_POINT('',(52.888173451518,39.788034653242,
    39.1873417913));
#3177 = CARTESIAN_POINT('',(54.007975061986,40.908307690185,
    38.88216224359));
#3178 = CARTESIAN_POINT('',(72.022497022708,58.92214272166,
    21.443253201677));
#3179 = CARTESIAN_POINT('',(77.002247931083,63.902456785079,
    17.223503566456));
#3180 = CARTESIAN_POINT('',(67.365427911638,54.265380909029,
    27.823761406886));
#3181 = CARTESIAN_POINT('',(68.829097828449,55.729097170872,
    27.168429680949));
#3182 = CARTESIAN_POINT('',(69.016500391113,55.916504354411,
    27.807232785261));
#3183 = CARTESIAN_POINT('',(67.927839634026,55.927839638393,
    21.722590056993));
#3184 = CARTESIAN_POINT('',(72.172198997531,60.172199002605,
    18.247785405614));
#3185 = CARTESIAN_POINT('',(88.198445658435,76.198445625355,
    2.827560590162));
#3186 = CARTESIAN_POINT('',(84.00970599585,72.009706055107,
    7.901006170034));
#3187 = CARTESIAN_POINT('',(83.288752023547,71.288751959661,
    9.463735678718));
#3188 = CARTESIAN_POINT('',(45.52368886898,33.523688906356,
    48.583815557557));
#3189 = CARTESIAN_POINT('',(73.02252887058,61.022528860624,
    21.529827620876));
#3190 = CARTESIAN_POINT('',(68.176219041707,56.176219041467,
    27.272754176388));
#3191 = CARTESIAN_POINT('',(68.483564711375,56.483564710983,
    27.7899489631));
#3192 = CARTESIAN_POINT('',(63.362017317449,52.462013919664,
    25.794707161668));
#3193 = CARTESIAN_POINT('',(61.971171614881,51.071229828845,
    28.033768587779));
#3194 = CARTESIAN_POINT('',(51.788034626086,40.888173476156,
    39.187341800684));
#3195 = CARTESIAN_POINT('',(52.908307754639,42.007975033283,
    38.88216220941));
#3196 = CARTESIAN_POINT('',(70.922142643451,60.022497044566,
    21.443253247821));
#3197 = CARTESIAN_POINT('',(75.902456832108,65.002247919517,
    17.223503538454));
#3198 = CARTESIAN_POINT('',(66.26538089609,55.365427914296,
    27.823761414115));
#3199 = CARTESIAN_POINT('',(67.729097170597,56.829097828482,
    27.168429681306));
#3200 = CARTESIAN_POINT('',(67.916504354125,57.016500391395,
    27.807232785507));
#3201 = CARTESIAN_POINT('',(65.023975883031,55.223964346899,
    23.551780072094));
#3202 = CARTESIAN_POINT('',(66.037259147562,56.237241613769,
    23.353168105739));
#3203 = CARTESIAN_POINT('',(68.905953975263,59.105916710822,
    21.273394075062));
#3204 = CARTESIAN_POINT('',(68.575054146905,58.775167525266,
    22.437271239406));
#3205 = CARTESIAN_POINT('',(74.061999603558,64.261898032734,
    17.703145970171));
#3206 = CARTESIAN_POINT('',(60.455111848166,50.655144809676,
    32.328527788419));
#3207 = CARTESIAN_POINT('',(68.50991743201,58.709918159144,
    24.990194517844));
#3208 = CARTESIAN_POINT('',(67.385617129929,57.585610317992,
    26.95902191645));
#3209 = CARTESIAN_POINT('',(67.596728965564,57.796725593856,
    27.573801747244));
#3210 = CARTESIAN_POINT('',(64.838815132112,56.13879831963,
    23.181861635152));
#3211 = CARTESIAN_POINT('',(65.750781220463,57.050779130554,
    23.085967989779));
#3212 = CARTESIAN_POINT('',(66.978822909204,58.27883157651,
    22.669590645227));
#3213 = CARTESIAN_POINT('',(67.255935922275,58.555943755898,
    23.217481194466));
#3214 = CARTESIAN_POINT('',(68.032994677965,59.332957900152,
    23.258358451694));
#3215 = CARTESIAN_POINT('',(65.177265577729,56.477320475198,
    26.982917513625));
#3216 = CARTESIAN_POINT('',(66.962865716687,58.262823479184,
    26.001109227619));
#3217 = CARTESIAN_POINT('',(66.835691916344,58.135698454977,
    26.958957207668));
#3218 = CARTESIAN_POINT('',(66.854996860809,58.154996703923,
    27.768215920969));
#3219 = CARTESIAN_POINT('',(64.126841432213,56.526819787564,
    23.346104665948));
#3220 = CARTESIAN_POINT('',(64.995803679808,57.39579769235,
    23.293814147356));
#3221 = CARTESIAN_POINT('',(65.823185756061,58.223191022927,
    23.28369556175));
#3222 = CARTESIAN_POINT('',(66.343223371308,58.743231585304,
    23.585242626941));
#3223 = CARTESIAN_POINT('',(64.7436515172,57.143631723977,
    26.036007839936));
#3224 = CARTESIAN_POINT('',(65.748597589864,58.148621889371,
    25.845876800281));
#3225 = CARTESIAN_POINT('',(65.436042889857,57.836022806446,
    26.991606294781));
#3226 = CARTESIAN_POINT('',(65.582966442299,57.982970470065,
    27.671497801921));
#3227 = CARTESIAN_POINT('',(65.559909432437,57.959908030228,
    28.523711972398));
#3228 = DEFINITIONAL_REPRESENTATION('',(#3229),#3286);
#3229 = B_SPLINE_CURVE_WITH_KNOTS('',10,(#3230,#3231,#3232,#3233,#3234,
    #3235,#3236,#3237,#3238,#3239,#3240,#3241,#3242,#3243,#3244,#3245,
    #3246,#3247,#3248,#3249,#3250,#3251,#3252,#3253,#3254,#3255,#3256,
    #3257,#3258,#3259,#3260,#3261,#3262,#3263,#3264,#3265,#3266,#3267,
    #3268,#3269,#3270,#3271,#3272,#3273,#3274,#3275,#3276,#3277,#3278,
    #3279,#3280,#3281,#3282,#3283,#3284,#3285),.UNSPECIFIED.,.F.,.F.,(11
    ,9,9,9,9,9,11),(0.,1.,2.,3.,3.5,3.75,4.),.UNSPECIFIED.);
#3230 = CARTESIAN_POINT('',(-2.828427124746,2.277727336815));
#3231 = CARTESIAN_POINT('',(-2.828427124746,2.19440371107));
#3232 = CARTESIAN_POINT('',(-2.828427124746,2.090841294533));
#3233 = CARTESIAN_POINT('',(-2.828427124747,2.045980880105));
#3234 = CARTESIAN_POINT('',(-2.828427124745,1.917808903533));
#3235 = CARTESIAN_POINT('',(-2.828427124747,1.836644829387));
#3236 = CARTESIAN_POINT('',(-2.828427124745,1.770262335828));
#3237 = CARTESIAN_POINT('',(-2.828427124747,1.649784738906));
#3238 = CARTESIAN_POINT('',(-2.828427124746,1.573774966491));
#3239 = CARTESIAN_POINT('',(-2.828427124746,1.480057917972));
#3240 = CARTESIAN_POINT('',(-2.828427124746,1.301078537683));
#3241 = CARTESIAN_POINT('',(-2.828427124746,1.212676140487));
#3242 = CARTESIAN_POINT('',(-2.828427124747,1.125682978339));
#3243 = CARTESIAN_POINT('',(-2.828427124746,1.040332843308));
#3244 = CARTESIAN_POINT('',(-2.828427124747,0.956771377437));
#3245 = CARTESIAN_POINT('',(-2.828427124745,0.875056072741));
#3246 = CARTESIAN_POINT('',(-2.828427124747,0.79515627121));
#3247 = CARTESIAN_POINT('',(-2.828427124746,0.716953164801));
#3248 = CARTESIAN_POINT('',(-2.828427124746,0.64023979545));
#3249 = CARTESIAN_POINT('',(-2.828427124746,0.48920231467));
#3250 = CARTESIAN_POINT('',(-2.828427124746,0.415004500591));
#3251 = CARTESIAN_POINT('',(-2.828427124746,0.341911654641));
#3252 = CARTESIAN_POINT('',(-2.828427124746,0.269707818632));
#3253 = CARTESIAN_POINT('',(-2.828427124747,0.198177034382));
#3254 = CARTESIAN_POINT('',(-2.828427124746,0.127103343705));
#3255 = CARTESIAN_POINT('',(-2.828427124746,5.627078841724E-02));
#3256 = CARTESIAN_POINT('',(-2.828427124746,-1.453658966652E-02));
#3257 = CARTESIAN_POINT('',(-2.828427124746,-8.553474873058E-02));
#3258 = CARTESIAN_POINT('',(-2.828427124746,-0.192642096074));
#3259 = CARTESIAN_POINT('',(-2.828427124746,-0.228453937025));
#3260 = CARTESIAN_POINT('',(-2.828427124746,-0.264418002667));
#3261 = CARTESIAN_POINT('',(-2.828427124746,-0.300577125851));
#3262 = CARTESIAN_POINT('',(-2.828427124746,-0.336974139433));
#3263 = CARTESIAN_POINT('',(-2.828427124746,-0.373651876265));
#3264 = CARTESIAN_POINT('',(-2.828427124746,-0.4106531692));
#3265 = CARTESIAN_POINT('',(-2.828427124746,-0.448020851092));
#3266 = CARTESIAN_POINT('',(-2.828427124746,-0.485797754795));
#3267 = CARTESIAN_POINT('',(-2.828427124746,-0.543141192344));
#3268 = CARTESIAN_POINT('',(-2.828427124746,-0.562561488341));
#3269 = CARTESIAN_POINT('',(-2.828427124746,-0.582137537669));
#3270 = CARTESIAN_POINT('',(-2.828427124747,-0.60176828754));
#3271 = CARTESIAN_POINT('',(-2.828427124745,-0.621401695854));
#3272 = CARTESIAN_POINT('',(-2.828427124747,-0.641034731207));
#3273 = CARTESIAN_POINT('',(-2.828427124746,-0.660713372887));
#3274 = CARTESIAN_POINT('',(-2.828427124746,-0.680532610871));
#3275 = CARTESIAN_POINT('',(-2.828427124746,-0.700636445832));
#3276 = CARTESIAN_POINT('',(-2.828427124746,-0.741799332435));
#3277 = CARTESIAN_POINT('',(-2.828427124746,-0.76575656652));
#3278 = CARTESIAN_POINT('',(-2.828427124746,-0.774060498853));
#3279 = CARTESIAN_POINT('',(-2.828427124747,-0.846508175516));
#3280 = CARTESIAN_POINT('',(-2.828427124746,-0.784663567532));
#3281 = CARTESIAN_POINT('',(-2.828427124747,-0.912050819651));
#3282 = CARTESIAN_POINT('',(-2.828427124746,-0.784374630375));
#3283 = CARTESIAN_POINT('',(-2.828427124746,-0.883066335518));
#3284 = CARTESIAN_POINT('',(-2.828427124746,-0.949972081852));
#3285 = CARTESIAN_POINT('',(-2.828427124746,-0.973049320917));
#3286 = ( GEOMETRIC_REPRESENTATION_CONTEXT(2) 
PARAMETRIC_REPRESENTATION_CONTEXT() REPRESENTATION_CONTEXT('2D SPACE',''
  ) );
#3287 = ORIENTED_EDGE('',*,*,#3288,.T.);
#3288 = EDGE_CURVE('',#3132,#1932,#3289,.T.);
#3289 = SURFACE_CURVE('',#3290,(#3294,#3301),.PCURVE_S1.);
#3290 = LINE('',#3291,#3292);
#3291 = CARTESIAN_POINT('',(70.,54.,24.));
#3292 = VECTOR('',#3293,1.);
#3293 = DIRECTION('',(0.,0.,1.));
#3294 = PCURVE('',#1947,#3295);
#3295 = DEFINITIONAL_REPRESENTATION('',(#3296),#3300);
#3296 = LINE('',#3297,#3298);
#3297 = CARTESIAN_POINT('',(0.,-42.));
#3298 = VECTOR('',#3299,1.);
#3299 = DIRECTION('',(1.,0.));
#3300 = ( GEOMETRIC_REPRESENTATION_CONTEXT(2) 
PARAMETRIC_REPRESENTATION_CONTEXT() REPRESENTATION_CONTEXT('2D SPACE',''
  ) );
#3301 = PCURVE('',#2075,#3302);
#3302 = DEFINITIONAL_REPRESENTATION('',(#3303),#3307);
#3303 = LINE('',#3304,#3305);
#3304 = CARTESIAN_POINT('',(0.,0.));
#3305 = VECTOR('',#3306,1.);
#3306 = DIRECTION('',(0.,1.));
#3307 = ( GEOMETRIC_REPRESENTATION_CONTEXT(2) 
PARAMETRIC_REPRESENTATION_CONTEXT() REPRESENTATION_CONTEXT('2D SPACE',''
  ) );
#3308 = ORIENTED_EDGE('',*,*,#1931,.F.);
#3309 = ORIENTED_EDGE('',*,*,#2903,.F.);
#3310 = ADVANCED_FACE('',(#3311),#2000,.T.);
#3311 = FACE_BOUND('',#3312,.T.);
#3312 = EDGE_LOOP('',(#3313,#3388,#3416,#3573,#3594,#3595));
#3313 = ORIENTED_EDGE('',*,*,#3314,.T.);
#3314 = EDGE_CURVE('',#2930,#3315,#3317,.T.);
#3315 = VERTEX_POINT('',#3316);
#3316 = CARTESIAN_POINT('',(30.,16.,28.));
#3317 = SURFACE_CURVE('',#3318,(#3322,#3328),.PCURVE_S1.);
#3318 = LINE('',#3319,#3320);
#3319 = CARTESIAN_POINT('',(30.,16.,24.));
#3320 = VECTOR('',#3321,1.);
#3321 = DIRECTION('',(0.,0.,1.));
#3322 = PCURVE('',#2000,#3323);
#3323 = DEFINITIONAL_REPRESENTATION('',(#3324),#3327);
#3324 = B_SPLINE_CURVE_WITH_KNOTS('',1,(#3325,#3326),.UNSPECIFIED.,.F.,
  .F.,(2,2),(0.,4.),.PIECEWISE_BEZIER_KNOTS.);
#3325 = CARTESIAN_POINT('',(0.,-4.));
#3326 = CARTESIAN_POINT('',(4.,-4.));
#3327 = ( GEOMETRIC_REPRESENTATION_CONTEXT(2) 
PARAMETRIC_REPRESENTATION_CONTEXT() REPRESENTATION_CONTEXT('2D SPACE',''
  ) );
#3328 = PCURVE('',#2577,#3329);
#3329 = DEFINITIONAL_REPRESENTATION('',(#3330),#3387);
#3330 = B_SPLINE_CURVE_WITH_KNOTS('',10,(#3331,#3332,#3333,#3334,#3335,
    #3336,#3337,#3338,#3339,#3340,#3341,#3342,#3343,#3344,#3345,#3346,
    #3347,#3348,#3349,#3350,#3351,#3352,#3353,#3354,#3355,#3356,#3357,
    #3358,#3359,#3360,#3361,#3362,#3363,#3364,#3365,#3366,#3367,#3368,
    #3369,#3370,#3371,#3372,#3373,#3374,#3375,#3376,#3377,#3378,#3379,
    #3380,#3381,#3382,#3383,#3384,#3385,#3386),.UNSPECIFIED.,.F.,.F.,(11
    ,9,9,9,9,9,11),(0.,0.25,0.5,1.,2.,3.,4.),.UNSPECIFIED.);
#3331 = CARTESIAN_POINT('',(-2.828427124746,0.973049320917));
#3332 = CARTESIAN_POINT('',(-2.828427124746,0.949972081846));
#3333 = CARTESIAN_POINT('',(-2.828427124746,0.883066335607));
#3334 = CARTESIAN_POINT('',(-2.828427124746,0.784374630473));
#3335 = CARTESIAN_POINT('',(-2.828427124746,0.912050819555));
#3336 = CARTESIAN_POINT('',(-2.828427124746,0.784663567642));
#3337 = CARTESIAN_POINT('',(-2.828427124746,0.846508175406));
#3338 = CARTESIAN_POINT('',(-2.828427124746,0.774060498874));
#3339 = CARTESIAN_POINT('',(-2.828427124746,0.765756566498));
#3340 = CARTESIAN_POINT('',(-2.828427124746,0.74179933242));
#3341 = CARTESIAN_POINT('',(-2.828427124746,0.700636445814));
#3342 = CARTESIAN_POINT('',(-2.828427124746,0.68053261085));
#3343 = CARTESIAN_POINT('',(-2.828427124747,0.660713372863));
#3344 = CARTESIAN_POINT('',(-2.828427124746,0.641034731182));
#3345 = CARTESIAN_POINT('',(-2.828427124747,0.621401695827));
#3346 = CARTESIAN_POINT('',(-2.828427124745,0.601768287512));
#3347 = CARTESIAN_POINT('',(-2.828427124747,0.582137537642));
#3348 = CARTESIAN_POINT('',(-2.828427124746,0.562561488314));
#3349 = CARTESIAN_POINT('',(-2.828427124746,0.543141192318));
#3350 = CARTESIAN_POINT('',(-2.828427124746,0.485797754771));
#3351 = CARTESIAN_POINT('',(-2.828427124746,0.44802085107));
#3352 = CARTESIAN_POINT('',(-2.828427124746,0.41065316918));
#3353 = CARTESIAN_POINT('',(-2.828427124746,0.373651876248));
#3354 = CARTESIAN_POINT('',(-2.828427124746,0.33697413942));
#3355 = CARTESIAN_POINT('',(-2.828427124746,0.300577125842));
#3356 = CARTESIAN_POINT('',(-2.828427124746,0.264418002662));
#3357 = CARTESIAN_POINT('',(-2.828427124746,0.228453937024));
#3358 = CARTESIAN_POINT('',(-2.828427124746,0.192642096078));
#3359 = CARTESIAN_POINT('',(-2.828427124746,8.553474874636E-02));
#3360 = CARTESIAN_POINT('',(-2.828427124746,1.453658969012E-02));
#3361 = CARTESIAN_POINT('',(-2.828427124746,-5.627078838649E-02));
#3362 = CARTESIAN_POINT('',(-2.828427124746,-0.127103343668));
#3363 = CARTESIAN_POINT('',(-2.828427124746,-0.19817703434));
#3364 = CARTESIAN_POINT('',(-2.828427124746,-0.269707818586));
#3365 = CARTESIAN_POINT('',(-2.828427124746,-0.341911654592));
#3366 = CARTESIAN_POINT('',(-2.828427124746,-0.415004500543));
#3367 = CARTESIAN_POINT('',(-2.828427124746,-0.489202314622));
#3368 = CARTESIAN_POINT('',(-2.828427124746,-0.64023979541));
#3369 = CARTESIAN_POINT('',(-2.828427124746,-0.716953164768));
#3370 = CARTESIAN_POINT('',(-2.828427124747,-0.795156271184));
#3371 = CARTESIAN_POINT('',(-2.828427124746,-0.875056072724));
#3372 = CARTESIAN_POINT('',(-2.828427124747,-0.956771377429));
#3373 = CARTESIAN_POINT('',(-2.828427124745,-1.040332843309));
#3374 = CARTESIAN_POINT('',(-2.828427124747,-1.125682978348));
#3375 = CARTESIAN_POINT('',(-2.828427124746,-1.212676140501));
#3376 = CARTESIAN_POINT('',(-2.828427124746,-1.301078537697));
#3377 = CARTESIAN_POINT('',(-2.828427124746,-1.480057917975));
#3378 = CARTESIAN_POINT('',(-2.828427124746,-1.57377496657));
#3379 = CARTESIAN_POINT('',(-2.828427124746,-1.649784738561));
#3380 = CARTESIAN_POINT('',(-2.828427124746,-1.770262336247));
#3381 = CARTESIAN_POINT('',(-2.828427124746,-1.836644829137));
#3382 = CARTESIAN_POINT('',(-2.828427124746,-1.917808903031));
#3383 = CARTESIAN_POINT('',(-2.828427124746,-2.045980880658));
#3384 = CARTESIAN_POINT('',(-2.828427124746,-2.090841293993));
#3385 = CARTESIAN_POINT('',(-2.828427124746,-2.194403711032));
#3386 = CARTESIAN_POINT('',(-2.828427124746,-2.277727336815));
#3387 = ( GEOMETRIC_REPRESENTATION_CONTEXT(2) 
PARAMETRIC_REPRESENTATION_CONTEXT() REPRESENTATION_CONTEXT('2D SPACE',''
  ) );
#3388 = ORIENTED_EDGE('',*,*,#3389,.T.);
#3389 = EDGE_CURVE('',#3315,#3390,#3392,.T.);
#3390 = VERTEX_POINT('',#3391);
#3391 = CARTESIAN_POINT('',(30.,54.,28.));
#3392 = SURFACE_CURVE('',#3393,(#3397,#3404),.PCURVE_S1.);
#3393 = LINE('',#3394,#3395);
#3394 = CARTESIAN_POINT('',(30.,12.,28.));
#3395 = VECTOR('',#3396,1.);
#3396 = DIRECTION('',(-0.,1.,0.));
#3397 = PCURVE('',#2000,#3398);
#3398 = DEFINITIONAL_REPRESENTATION('',(#3399),#3403);
#3399 = LINE('',#3400,#3401);
#3400 = CARTESIAN_POINT('',(4.,0.));
#3401 = VECTOR('',#3402,1.);
#3402 = DIRECTION('',(0.,-1.));
#3403 = ( GEOMETRIC_REPRESENTATION_CONTEXT(2) 
PARAMETRIC_REPRESENTATION_CONTEXT() REPRESENTATION_CONTEXT('2D SPACE',''
  ) );
#3404 = PCURVE('',#3405,#3410);
#3405 = CYLINDRICAL_SURFACE('',#3406,4.);
#3406 = AXIS2_PLACEMENT_3D('',#3407,#3408,#3409);
#3407 = CARTESIAN_POINT('',(34.,12.,28.));
#3408 = DIRECTION('',(-0.,1.,0.));
#3409 = DIRECTION('',(-1.,-0.,0.));
#3410 = DEFINITIONAL_REPRESENTATION('',(#3411),#3415);
#3411 = LINE('',#3412,#3413);
#3412 = CARTESIAN_POINT('',(-0.,0.));
#3413 = VECTOR('',#3414,1.);
#3414 = DIRECTION('',(-0.,1.));
#3415 = ( GEOMETRIC_REPRESENTATION_CONTEXT(2) 
PARAMETRIC_REPRESENTATION_CONTEXT() REPRESENTATION_CONTEXT('2D SPACE',''
  ) );
#3416 = ORIENTED_EDGE('',*,*,#3417,.T.);
#3417 = EDGE_CURVE('',#3390,#3418,#3420,.T.);
#3418 = VERTEX_POINT('',#3419);
#3419 = CARTESIAN_POINT('',(30.,54.,24.));
#3420 = SURFACE_CURVE('',#3421,(#3425,#3431),.PCURVE_S1.);
#3421 = LINE('',#3422,#3423);
#3422 = CARTESIAN_POINT('',(30.,54.,28.));
#3423 = VECTOR('',#3424,1.);
#3424 = DIRECTION('',(0.,-0.,-1.));
#3425 = PCURVE('',#2000,#3426);
#3426 = DEFINITIONAL_REPRESENTATION('',(#3427),#3430);
#3427 = B_SPLINE_CURVE_WITH_KNOTS('',1,(#3428,#3429),.UNSPECIFIED.,.F.,
  .F.,(2,2),(0.,4.),.PIECEWISE_BEZIER_KNOTS.);
#3428 = CARTESIAN_POINT('',(4.,-42.));
#3429 = CARTESIAN_POINT('',(0.,-42.));
#3430 = ( GEOMETRIC_REPRESENTATION_CONTEXT(2) 
PARAMETRIC_REPRESENTATION_CONTEXT() REPRESENTATION_CONTEXT('2D SPACE',''
  ) );
#3431 = PCURVE('',#3432,#3514);
#3432 = B_SPLINE_SURFACE_WITH_KNOTS('',8,8,(
    (#3433,#3434,#3435,#3436,#3437,#3438,#3439,#3440,#3441)
    ,(#3442,#3443,#3444,#3445,#3446,#3447,#3448,#3449,#3450)
    ,(#3451,#3452,#3453,#3454,#3455,#3456,#3457,#3458,#3459)
    ,(#3460,#3461,#3462,#3463,#3464,#3465,#3466,#3467,#3468)
    ,(#3469,#3470,#3471,#3472,#3473,#3474,#3475,#3476,#3477)
    ,(#3478,#3479,#3480,#3481,#3482,#3483,#3484,#3485,#3486)
    ,(#3487,#3488,#3489,#3490,#3491,#3492,#3493,#3494,#3495)
    ,(#3496,#3497,#3498,#3499,#3500,#3501,#3502,#3503,#3504)
    ,(#3505,#3506,#3507,#3508,#3509,#3510,#3511,#3512,#3513
  )),.UNSPECIFIED.,.F.,.F.,.F.,(9,9),(9,9),(-3.111269837221,
    3.111269837221),(-2.883261566838,2.505500070496),
  .PIECEWISE_BEZIER_KNOTS.);
#3433 = CARTESIAN_POINT('',(31.473180211235,52.126841433257,
    23.346104664881));
#3434 = CARTESIAN_POINT('',(30.604202306693,52.995803680637,
    23.293814146487));
#3435 = CARTESIAN_POINT('',(29.776808976121,53.823185757065,
    23.283695559247));
#3436 = CARTESIAN_POINT('',(29.256768417979,54.343223368622,
    23.585242632951));
#3437 = CARTESIAN_POINT('',(30.856368272442,52.743651519968,
    26.036007834065));
#3438 = CARTESIAN_POINT('',(29.851378112653,53.748597588142,
    25.845876803589));
#3439 = CARTESIAN_POINT('',(30.163977192989,53.436042890489,
    26.991606293874));
#3440 = CARTESIAN_POINT('',(30.017029530085,53.582966442152,
    27.671497802109));
#3441 = CARTESIAN_POINT('',(30.040091969795,53.559909432419,
    28.523711972497));
#3442 = CARTESIAN_POINT('',(31.861201679808,52.838815132527,
    23.181861634713));
#3443 = CARTESIAN_POINT('',(30.949220868939,53.75078122084,
    23.085967989344));
#3444 = CARTESIAN_POINT('',(29.721168422056,54.978822910572,
    22.669590642913));
#3445 = CARTESIAN_POINT('',(29.444056248668,55.255935919152,
    23.217481200023));
#3446 = CARTESIAN_POINT('',(28.66704209411,56.032994681358,
    23.258358445522));
#3447 = CARTESIAN_POINT('',(31.522679528671,53.177265575515,
    26.982917517706));
#3448 = CARTESIAN_POINT('',(29.737176519094,54.962865717952,
    26.001109225955));
#3449 = CARTESIAN_POINT('',(29.864301545142,54.835691916208,
    26.958957207815));
#3450 = CARTESIAN_POINT('',(29.845003296086,54.8549968608,
    27.768215921035));
#3451 = CARTESIAN_POINT('',(32.77603565666,53.023975882659,
    23.551780073572));
#3452 = CARTESIAN_POINT('',(31.762758390759,54.037259146668,
    23.353168108525));
#3453 = CARTESIAN_POINT('',(28.894083271376,56.905953979592,
    21.27339406751));
#3454 = CARTESIAN_POINT('',(29.224832497604,56.575054139956,
    22.437271251944));
#3455 = CARTESIAN_POINT('',(23.738101946905,62.061999614171,
    17.703145953901));
#3456 = CARTESIAN_POINT('',(37.344855202254,48.455111838834,
    32.328527798877));
#3457 = CARTESIAN_POINT('',(29.290081840312,56.509917432919,
    24.990194516544));
#3458 = CARTESIAN_POINT('',(30.414389681825,55.385617129895,
    26.959021916311));
#3459 = CARTESIAN_POINT('',(30.203274405807,55.596728965614,
    27.573801747014));
#3460 = CARTESIAN_POINT('',(35.53798607248,51.36201731836,
    25.794707158202));
#3461 = CARTESIAN_POINT('',(36.928770161054,49.971171616528,
    28.03376858177));
#3462 = CARTESIAN_POINT('',(47.111826574862,39.788034606431,
    39.187341840681));
#3463 = CARTESIAN_POINT('',(45.992024886269,40.908307799609,
    38.88216212181));
#3464 = CARTESIAN_POINT('',(27.97750303377,58.922142588037,
    21.443253351251));
#3465 = CARTESIAN_POINT('',(22.997752034195,63.902456870789,
    17.223503475355));
#3466 = CARTESIAN_POINT('',(32.634572092581,54.265380889398,
    27.823761427448));
#3467 = CARTESIAN_POINT('',(31.170902173134,55.729097169413,
    27.16842968299));
#3468 = CARTESIAN_POINT('',(30.983499609194,55.91650435412,
    27.807232786096));
#3469 = CARTESIAN_POINT('',(32.072160374002,55.92783962913,
    21.722590064836));
#3470 = CARTESIAN_POINT('',(27.827801010389,60.172198994352,
    18.247785413735));
#3471 = CARTESIAN_POINT('',(11.8015543025,76.198445694496,2.827560521916
    ));
#3472 = CARTESIAN_POINT('',(15.990294076882,72.00970590261,
    7.901006336199));
#3473 = CARTESIAN_POINT('',(16.71124790144,71.28875213618,9.463735479845
    ));
#3474 = CARTESIAN_POINT('',(54.476311173921,33.523688799252,
    48.583815675514));
#3475 = CARTESIAN_POINT('',(26.977471126677,61.022528881314,
    21.529827596774));
#3476 = CARTESIAN_POINT('',(31.823780957121,56.176219042459,
    27.272754174934));
#3477 = CARTESIAN_POINT('',(31.516435287972,56.48356471155,
    27.789948962146));
#3478 = CARTESIAN_POINT('',(36.637982678024,52.462013925998,
    25.794707157701));
#3479 = CARTESIAN_POINT('',(38.028828378858,51.071229836021,
    28.033768581965));
#3480 = CARTESIAN_POINT('',(48.211965400966,40.888173426127,
    39.18734184109));
#3481 = CARTESIAN_POINT('',(47.091692203523,42.007975132218,
    38.882162112431));
#3482 = CARTESIAN_POINT('',(29.077857392761,60.022496939038,
    21.443253362067));
#3483 = CARTESIAN_POINT('',(24.09754315149,65.002247978085,
    17.223503473261));
#3484 = CARTESIAN_POINT('',(33.734619100252,55.36542790719,
    27.823761424597));
#3485 = CARTESIAN_POINT('',(32.270902831306,56.829097826716,
    27.168429683339));
#3486 = CARTESIAN_POINT('',(32.083495645825,57.016500391504,
    27.807232785609));
#3487 = CARTESIAN_POINT('',(34.976024118531,55.223964344305,
    23.551780073511));
#3488 = CARTESIAN_POINT('',(33.962740854714,56.237241610947,
    23.353168107869));
#3489 = CARTESIAN_POINT('',(31.094046019376,59.105916723226,
    21.273394066934));
#3490 = CARTESIAN_POINT('',(31.424945857102,58.775167505835,
    22.437271260077));
#3491 = CARTESIAN_POINT('',(25.938000398357,64.261898048742,
    17.703145946341));
#3492 = CARTESIAN_POINT('',(39.544888144342,50.655144806539,
    32.328527798108));
#3493 = CARTESIAN_POINT('',(31.490082576293,58.709918153159,
    24.99019452111));
#3494 = CARTESIAN_POINT('',(32.614382869468,57.585610318523,
    26.959021915967));
#3495 = CARTESIAN_POINT('',(32.403271033891,57.796725594345,
    27.573801746821));
#3496 = CARTESIAN_POINT('',(35.161184867558,56.138798320031,
    23.181861634723));
#3497 = CARTESIAN_POINT('',(34.249218779227,57.050779130931,
    23.08596798936));
#3498 = CARTESIAN_POINT('',(33.021177087391,58.278831579497,
    22.66959064244));
#3499 = CARTESIAN_POINT('',(32.744064086757,58.555943746892,
    23.217481201678));
#3500 = CARTESIAN_POINT('',(31.967005309557,59.332957912707,
    23.258358441689));
#3501 = CARTESIAN_POINT('',(34.822734432322,56.477320465201,
    26.982917521984));
#3502 = CARTESIAN_POINT('',(33.037134278287,58.262823484229,
    26.001109223165));
#3503 = CARTESIAN_POINT('',(33.164308084557,58.135698454086,
    26.958957208594));
#3504 = CARTESIAN_POINT('',(33.145003139105,58.154996704003,
    27.768215920935));
#3505 = CARTESIAN_POINT('',(35.873158567036,56.526819788347,
    23.346104665141));
#3506 = CARTESIAN_POINT('',(35.004196319583,57.395797692994,
    23.293814146686));
#3507 = CARTESIAN_POINT('',(34.176814241725,58.223191025283,
    23.283695559564));
#3508 = CARTESIAN_POINT('',(33.656776634174,58.743231578919,
    23.585242631938));
#3509 = CARTESIAN_POINT('',(35.256348475803,57.143631731872,
    26.036007834219));
#3510 = CARTESIAN_POINT('',(34.251402415623,58.148621883685,
    25.845876804535));
#3511 = CARTESIAN_POINT('',(34.563957107482,57.836022809145,
    26.99160629256));
#3512 = CARTESIAN_POINT('',(34.417033558302,57.98297046947,
    27.671497802526));
#3513 = CARTESIAN_POINT('',(34.440090567418,57.959908030375,
    28.52371197228));
#3514 = DEFINITIONAL_REPRESENTATION('',(#3515),#3572);
#3515 = B_SPLINE_CURVE_WITH_KNOTS('',10,(#3516,#3517,#3518,#3519,#3520,
    #3521,#3522,#3523,#3524,#3525,#3526,#3527,#3528,#3529,#3530,#3531,
    #3532,#3533,#3534,#3535,#3536,#3537,#3538,#3539,#3540,#3541,#3542,
    #3543,#3544,#3545,#3546,#3547,#3548,#3549,#3550,#3551,#3552,#3553,
    #3554,#3555,#3556,#3557,#3558,#3559,#3560,#3561,#3562,#3563,#3564,
    #3565,#3566,#3567,#3568,#3569,#3570,#3571),.UNSPECIFIED.,.F.,.F.,(11
    ,9,9,9,9,9,11),(0.,1.,2.,3.,3.5,3.75,4.),.UNSPECIFIED.);
#3516 = CARTESIAN_POINT('',(-2.828427124746,2.277727336815));
#3517 = CARTESIAN_POINT('',(-2.828427124746,2.194403711061));
#3518 = CARTESIAN_POINT('',(-2.828427124746,2.090841293781));
#3519 = CARTESIAN_POINT('',(-2.828427124746,2.045980880998));
#3520 = CARTESIAN_POINT('',(-2.828427124746,1.917808902816));
#3521 = CARTESIAN_POINT('',(-2.828427124747,1.836644829017));
#3522 = CARTESIAN_POINT('',(-2.828427124746,1.770262336439));
#3523 = CARTESIAN_POINT('',(-2.828427124746,1.649784738343));
#3524 = CARTESIAN_POINT('',(-2.828427124746,1.573774966548));
#3525 = CARTESIAN_POINT('',(-2.828427124746,1.480057917906));
#3526 = CARTESIAN_POINT('',(-2.828427124746,1.301078537627));
#3527 = CARTESIAN_POINT('',(-2.828427124746,1.212676140434));
#3528 = CARTESIAN_POINT('',(-2.828427124747,1.125682978286));
#3529 = CARTESIAN_POINT('',(-2.828427124746,1.040332843255));
#3530 = CARTESIAN_POINT('',(-2.828427124747,0.956771377382));
#3531 = CARTESIAN_POINT('',(-2.828427124745,0.875056072684));
#3532 = CARTESIAN_POINT('',(-2.828427124747,0.795156271149));
#3533 = CARTESIAN_POINT('',(-2.828427124746,0.716953164739));
#3534 = CARTESIAN_POINT('',(-2.828427124746,0.640239795385));
#3535 = CARTESIAN_POINT('',(-2.828427124746,0.489202314604));
#3536 = CARTESIAN_POINT('',(-2.828427124746,0.415004500526));
#3537 = CARTESIAN_POINT('',(-2.828427124746,0.341911654577));
#3538 = CARTESIAN_POINT('',(-2.828427124746,0.26970781857));
#3539 = CARTESIAN_POINT('',(-2.828427124747,0.198177034323));
#3540 = CARTESIAN_POINT('',(-2.828427124746,0.127103343649));
#3541 = CARTESIAN_POINT('',(-2.828427124746,5.6270788365E-02));
#3542 = CARTESIAN_POINT('',(-2.828427124746,-1.453658971464E-02));
#3543 = CARTESIAN_POINT('',(-2.828427124746,-8.55347487744E-02));
#3544 = CARTESIAN_POINT('',(-2.828427124746,-0.192642096111));
#3545 = CARTESIAN_POINT('',(-2.828427124746,-0.22845393706));
#3546 = CARTESIAN_POINT('',(-2.828427124746,-0.264418002699));
#3547 = CARTESIAN_POINT('',(-2.828427124746,-0.300577125882));
#3548 = CARTESIAN_POINT('',(-2.828427124746,-0.336974139462));
#3549 = CARTESIAN_POINT('',(-2.828427124746,-0.373651876292));
#3550 = CARTESIAN_POINT('',(-2.828427124746,-0.410653169226));
#3551 = CARTESIAN_POINT('',(-2.828427124746,-0.448020851118));
#3552 = CARTESIAN_POINT('',(-2.828427124746,-0.485797754821));
#3553 = CARTESIAN_POINT('',(-2.828427124746,-0.543141192372));
#3554 = CARTESIAN_POINT('',(-2.828427124746,-0.562561488369));
#3555 = CARTESIAN_POINT('',(-2.828427124746,-0.582137537698));
#3556 = CARTESIAN_POINT('',(-2.828427124746,-0.601768287568));
#3557 = CARTESIAN_POINT('',(-2.828427124746,-0.621401695884));
#3558 = CARTESIAN_POINT('',(-2.828427124746,-0.64103473124));
#3559 = CARTESIAN_POINT('',(-2.828427124746,-0.660713372922));
#3560 = CARTESIAN_POINT('',(-2.828427124746,-0.680532610911));
#3561 = CARTESIAN_POINT('',(-2.828427124746,-0.700636445877));
#3562 = CARTESIAN_POINT('',(-2.828427124746,-0.741799332489));
#3563 = CARTESIAN_POINT('',(-2.828427124746,-0.765756566554));
#3564 = CARTESIAN_POINT('',(-2.828427124746,-0.774060499024));
#3565 = CARTESIAN_POINT('',(-2.828427124747,-0.846508175248));
#3566 = CARTESIAN_POINT('',(-2.828427124746,-0.784663567965));
#3567 = CARTESIAN_POINT('',(-2.828427124747,-0.912050819242));
#3568 = CARTESIAN_POINT('',(-2.828427124746,-0.784374630783));
#3569 = CARTESIAN_POINT('',(-2.828427124746,-0.883066335897));
#3570 = CARTESIAN_POINT('',(-2.828427124746,-0.949972081846));
#3571 = CARTESIAN_POINT('',(-2.828427124746,-0.973049320917));
#3572 = ( GEOMETRIC_REPRESENTATION_CONTEXT(2) 
PARAMETRIC_REPRESENTATION_CONTEXT() REPRESENTATION_CONTEXT('2D SPACE',''
  ) );
#3573 = ORIENTED_EDGE('',*,*,#3574,.T.);
#3574 = EDGE_CURVE('',#3418,#1985,#3575,.T.);
#3575 = SURFACE_CURVE('',#3576,(#3580,#3587),.PCURVE_S1.);
#3576 = LINE('',#3577,#3578);
#3577 = CARTESIAN_POINT('',(30.,54.,24.));
#3578 = VECTOR('',#3579,1.);
#3579 = DIRECTION('',(0.,0.,1.));
#3580 = PCURVE('',#2000,#3581);
#3581 = DEFINITIONAL_REPRESENTATION('',(#3582),#3586);
#3582 = LINE('',#3583,#3584);
#3583 = CARTESIAN_POINT('',(0.,-42.));
#3584 = VECTOR('',#3585,1.);
#3585 = DIRECTION('',(1.,0.));
#3586 = ( GEOMETRIC_REPRESENTATION_CONTEXT(2) 
PARAMETRIC_REPRESENTATION_CONTEXT() REPRESENTATION_CONTEXT('2D SPACE',''
  ) );
#3587 = PCURVE('',#2129,#3588);
#3588 = DEFINITIONAL_REPRESENTATION('',(#3589),#3593);
#3589 = LINE('',#3590,#3591);
#3590 = CARTESIAN_POINT('',(-0.,0.));
#3591 = VECTOR('',#3592,1.);
#3592 = DIRECTION('',(-0.,1.));
#3593 = ( GEOMETRIC_REPRESENTATION_CONTEXT(2) 
PARAMETRIC_REPRESENTATION_CONTEXT() REPRESENTATION_CONTEXT('2D SPACE',''
  ) );
#3594 = ORIENTED_EDGE('',*,*,#1984,.F.);
#3595 = ORIENTED_EDGE('',*,*,#3002,.F.);
#3596 = ADVANCED_FACE('',(#3597),#2075,.F.);
#3597 = FACE_BOUND('',#3598,.F.);
#3598 = EDGE_LOOP('',(#3599,#3672,#3693,#3694));
#3599 = ORIENTED_EDGE('',*,*,#3600,.T.);
#3600 = EDGE_CURVE('',#3132,#3601,#3603,.T.);
#3601 = VERTEX_POINT('',#3602);
#3602 = CARTESIAN_POINT('',(66.,58.,24.));
#3603 = SURFACE_CURVE('',#3604,(#3612,#3624),.PCURVE_S1.);
#3604 = ( BOUNDED_CURVE() B_SPLINE_CURVE(6,(#3605,#3606,#3607,#3608,
#3609,#3610,#3611),.UNSPECIFIED.,.F.,.F.) B_SPLINE_CURVE_WITH_KNOTS((7,7
),(0.,1.570796326795),.PIECEWISE_BEZIER_KNOTS.) CURVE() 
GEOMETRIC_REPRESENTATION_ITEM() RATIONAL_B_SPLINE_CURVE((1.031393471788,
    1.010025407661,0.997924642725,0.993958444137,0.997924642725,
1.010025407661,1.031393471788)) REPRESENTATION_ITEM('') );
#3605 = CARTESIAN_POINT('',(70.,54.,24.));
#3606 = CARTESIAN_POINT('',(70.,55.069347132612,24.));
#3607 = CARTESIAN_POINT('',(69.659982597465,56.110834290329,24.));
#3608 = CARTESIAN_POINT('',(69.007678052809,57.007678052809,24.));
#3609 = CARTESIAN_POINT('',(68.110834290329,57.659982597465,24.));
#3610 = CARTESIAN_POINT('',(67.069347132612,58.,24.));
#3611 = CARTESIAN_POINT('',(66.,58.,24.));
#3612 = PCURVE('',#2075,#3613);
#3613 = DEFINITIONAL_REPRESENTATION('',(#3614),#3623);
#3614 = B_SPLINE_CURVE_WITH_KNOTS('',7,(#3615,#3616,#3617,#3618,#3619,
    #3620,#3621,#3622),.UNSPECIFIED.,.F.,.F.,(8,8),(0.,1.570796326795),
  .PIECEWISE_BEZIER_KNOTS.);
#3615 = CARTESIAN_POINT('',(0.,0.));
#3616 = CARTESIAN_POINT('',(0.224398447986,0.));
#3617 = CARTESIAN_POINT('',(0.448800627881,0.));
#3618 = CARTESIAN_POINT('',(0.673196470836,0.));
#3619 = CARTESIAN_POINT('',(0.897599855959,0.));
#3620 = CARTESIAN_POINT('',(1.121995698914,0.));
#3621 = CARTESIAN_POINT('',(1.346397878809,0.));
#3622 = CARTESIAN_POINT('',(1.570796326795,0.));
#3623 = ( GEOMETRIC_REPRESENTATION_CONTEXT(2) 
PARAMETRIC_REPRESENTATION_CONTEXT() REPRESENTATION_CONTEXT('2D SPACE',''
  ) );
#3624 = PCURVE('',#3146,#3625);
#3625 = DEFINITIONAL_REPRESENTATION('',(#3626),#3671);
#3626 = B_SPLINE_CURVE_WITH_KNOTS('',8,(#3627,#3628,#3629,#3630,#3631,
    #3632,#3633,#3634,#3635,#3636,#3637,#3638,#3639,#3640,#3641,#3642,
    #3643,#3644,#3645,#3646,#3647,#3648,#3649,#3650,#3651,#3652,#3653,
    #3654,#3655,#3656,#3657,#3658,#3659,#3660,#3661,#3662,#3663,#3664,
    #3665,#3666,#3667,#3668,#3669,#3670),.UNSPECIFIED.,.F.,.F.,(9,7,7,7,
    7,7,9),(0.,0.196349540849,0.392699081699,0.785398163397,
    1.178097245096,1.374446785946,1.570796326795),.UNSPECIFIED.);
#3627 = CARTESIAN_POINT('',(-2.828427124746,-0.973049320917));
#3628 = CARTESIAN_POINT('',(-2.763650429432,-0.935304557253));
#3629 = CARTESIAN_POINT('',(-2.77295969428,-0.941682755044));
#3630 = CARTESIAN_POINT('',(-2.622507494749,-0.854756716475));
#3631 = CARTESIAN_POINT('',(-2.52400196039,-0.811545916178));
#3632 = CARTESIAN_POINT('',(-2.504468559869,-0.801005258495));
#3633 = CARTESIAN_POINT('',(-2.336235224755,-0.725541120808));
#3634 = CARTESIAN_POINT('',(-2.244569260461,-0.690470326048));
#3635 = CARTESIAN_POINT('',(-2.027386590678,-0.610556354763));
#3636 = CARTESIAN_POINT('',(-1.923361406092,-0.575559022863));
#3637 = CARTESIAN_POINT('',(-1.824603212419,-0.544942978186));
#3638 = CARTESIAN_POINT('',(-1.731256023647,-0.518122151524));
#3639 = CARTESIAN_POINT('',(-1.64290702715,-0.49450277097));
#3640 = CARTESIAN_POINT('',(-1.558586583689,-0.473483361928));
#3641 = CARTESIAN_POINT('',(-1.476768227407,-0.454454747107));
#3642 = CARTESIAN_POINT('',(-1.232569542687,-0.401490645359));
#3643 = CARTESIAN_POINT('',(-1.076003953162,-0.372089072816));
#3644 = CARTESIAN_POINT('',(-0.917235065877,-0.347361889362));
#3645 = CARTESIAN_POINT('',(-0.750753877098,-0.32664299349));
#3646 = CARTESIAN_POINT('',(-0.573979210737,-0.309833621726));
#3647 = CARTESIAN_POINT('',(-0.387257718353,-0.297402348622));
#3648 = CARTESIAN_POINT('',(-0.193863879154,-0.290385086764));
#3649 = CARTESIAN_POINT('',(0.193863879172,-0.290385086764));
#3650 = CARTESIAN_POINT('',(0.387257718367,-0.297402348623));
#3651 = CARTESIAN_POINT('',(0.573979210742,-0.309833621726));
#3652 = CARTESIAN_POINT('',(0.750753877097,-0.326642993491));
#3653 = CARTESIAN_POINT('',(0.917235065871,-0.347361889362));
#3654 = CARTESIAN_POINT('',(1.076003953154,-0.372089072815));
#3655 = CARTESIAN_POINT('',(1.23256954268,-0.401490645357));
#3656 = CARTESIAN_POINT('',(1.476768227404,-0.454454747106));
#3657 = CARTESIAN_POINT('',(1.558586583687,-0.473483361927));
#3658 = CARTESIAN_POINT('',(1.64290702715,-0.49450277097));
#3659 = CARTESIAN_POINT('',(1.731256023649,-0.518122151524));
#3660 = CARTESIAN_POINT('',(1.824603212423,-0.544942978188));
#3661 = CARTESIAN_POINT('',(1.923361406097,-0.575559022864));
#3662 = CARTESIAN_POINT('',(2.027386590679,-0.610556354764));
#3663 = CARTESIAN_POINT('',(2.244569260443,-0.690470326041));
#3664 = CARTESIAN_POINT('',(2.336235224825,-0.725541120845));
#3665 = CARTESIAN_POINT('',(2.504468559565,-0.801005258344));
#3666 = CARTESIAN_POINT('',(2.524001960644,-0.811545916306));
#3667 = CARTESIAN_POINT('',(2.622507494622,-0.854756716422));
#3668 = CARTESIAN_POINT('',(2.772959694051,-0.941682754911));
#3669 = CARTESIAN_POINT('',(2.763650429451,-0.935304557265));
#3670 = CARTESIAN_POINT('',(2.828427124746,-0.973049320917));
#3671 = ( GEOMETRIC_REPRESENTATION_CONTEXT(2) 
PARAMETRIC_REPRESENTATION_CONTEXT() REPRESENTATION_CONTEXT('2D SPACE',''
  ) );
#3672 = ORIENTED_EDGE('',*,*,#3673,.T.);
#3673 = EDGE_CURVE('',#3601,#2039,#3674,.T.);
#3674 = SURFACE_CURVE('',#3675,(#3679,#3686),.PCURVE_S1.);
#3675 = LINE('',#3676,#3677);
#3676 = CARTESIAN_POINT('',(66.,58.,24.));
#3677 = VECTOR('',#3678,1.);
#3678 = DIRECTION('',(0.,0.,1.));
#3679 = PCURVE('',#2075,#3680);
#3680 = DEFINITIONAL_REPRESENTATION('',(#3681),#3685);
#3681 = LINE('',#3682,#3683);
#3682 = CARTESIAN_POINT('',(1.570796326795,0.));
#3683 = VECTOR('',#3684,1.);
#3684 = DIRECTION('',(0.,1.));
#3685 = ( GEOMETRIC_REPRESENTATION_CONTEXT(2) 
PARAMETRIC_REPRESENTATION_CONTEXT() REPRESENTATION_CONTEXT('2D SPACE',''
  ) );
#3686 = PCURVE('',#2159,#3687);
#3687 = DEFINITIONAL_REPRESENTATION('',(#3688),#3692);
#3688 = LINE('',#3689,#3690);
#3689 = CARTESIAN_POINT('',(0.,36.));
#3690 = VECTOR('',#3691,1.);
#3691 = DIRECTION('',(1.,0.));
#3692 = ( GEOMETRIC_REPRESENTATION_CONTEXT(2) 
PARAMETRIC_REPRESENTATION_CONTEXT() REPRESENTATION_CONTEXT('2D SPACE',''
  ) );
#3693 = ORIENTED_EDGE('',*,*,#2060,.F.);
#3694 = ORIENTED_EDGE('',*,*,#3288,.F.);
#3695 = ADVANCED_FACE('',(#3696),#2129,.F.);
#3696 = FACE_BOUND('',#3697,.T.);
#3697 = EDGE_LOOP('',(#3698,#3771,#3792,#3793));
#3698 = ORIENTED_EDGE('',*,*,#3699,.T.);
#3699 = EDGE_CURVE('',#3418,#3700,#3702,.T.);
#3700 = VERTEX_POINT('',#3701);
#3701 = CARTESIAN_POINT('',(34.,58.,24.));
#3702 = SURFACE_CURVE('',#3703,(#3711,#3723),.PCURVE_S1.);
#3703 = ( BOUNDED_CURVE() B_SPLINE_CURVE(6,(#3704,#3705,#3706,#3707,
#3708,#3709,#3710),.UNSPECIFIED.,.F.,.F.) B_SPLINE_CURVE_WITH_KNOTS((7,7
),(0.,1.570796326795),.PIECEWISE_BEZIER_KNOTS.) CURVE() 
GEOMETRIC_REPRESENTATION_ITEM() RATIONAL_B_SPLINE_CURVE((1.031393471788,
    1.010025407661,0.997924642725,0.993958444137,0.997924642725,
1.010025407661,1.031393471788)) REPRESENTATION_ITEM('') );
#3704 = CARTESIAN_POINT('',(30.,54.,24.));
#3705 = CARTESIAN_POINT('',(30.,55.069347132612,24.));
#3706 = CARTESIAN_POINT('',(30.340017402535,56.110834290329,24.));
#3707 = CARTESIAN_POINT('',(30.992321947191,57.007678052809,24.));
#3708 = CARTESIAN_POINT('',(31.889165709671,57.659982597465,24.));
#3709 = CARTESIAN_POINT('',(32.930652867388,58.,24.));
#3710 = CARTESIAN_POINT('',(34.,58.,24.));
#3711 = PCURVE('',#2129,#3712);
#3712 = DEFINITIONAL_REPRESENTATION('',(#3713),#3722);
#3713 = B_SPLINE_CURVE_WITH_KNOTS('',7,(#3714,#3715,#3716,#3717,#3718,
    #3719,#3720,#3721),.UNSPECIFIED.,.F.,.F.,(8,8),(0.,1.570796326795),
  .PIECEWISE_BEZIER_KNOTS.);
#3714 = CARTESIAN_POINT('',(1.110223024625E-16,0.));
#3715 = CARTESIAN_POINT('',(-0.224398447986,0.));
#3716 = CARTESIAN_POINT('',(-0.448800627881,0.));
#3717 = CARTESIAN_POINT('',(-0.673196470836,0.));
#3718 = CARTESIAN_POINT('',(-0.897599855959,0.));
#3719 = CARTESIAN_POINT('',(-1.121995698914,0.));
#3720 = CARTESIAN_POINT('',(-1.346397878809,0.));
#3721 = CARTESIAN_POINT('',(-1.570796326795,0.));
#3722 = ( GEOMETRIC_REPRESENTATION_CONTEXT(2) 
PARAMETRIC_REPRESENTATION_CONTEXT() REPRESENTATION_CONTEXT('2D SPACE',''
  ) );
#3723 = PCURVE('',#3432,#3724);
#3724 = DEFINITIONAL_REPRESENTATION('',(#3725),#3770);
#3725 = B_SPLINE_CURVE_WITH_KNOTS('',8,(#3726,#3727,#3728,#3729,#3730,
    #3731,#3732,#3733,#3734,#3735,#3736,#3737,#3738,#3739,#3740,#3741,
    #3742,#3743,#3744,#3745,#3746,#3747,#3748,#3749,#3750,#3751,#3752,
    #3753,#3754,#3755,#3756,#3757,#3758,#3759,#3760,#3761,#3762,#3763,
    #3764,#3765,#3766,#3767,#3768,#3769),.UNSPECIFIED.,.F.,.F.,(9,7,7,7,
    7,7,9),(0.,0.196349540849,0.392699081699,0.785398163397,
    1.178097245096,1.374446785946,1.570796326795),.UNSPECIFIED.);
#3726 = CARTESIAN_POINT('',(-2.828427124746,-0.973049320917));
#3727 = CARTESIAN_POINT('',(-2.763650429449,-0.935304557263));
#3728 = CARTESIAN_POINT('',(-2.77295969414,-0.941682754963));
#3729 = CARTESIAN_POINT('',(-2.622507494709,-0.854756716463));
#3730 = CARTESIAN_POINT('',(-2.524001960549,-0.811545916257));
#3731 = CARTESIAN_POINT('',(-2.504468559736,-0.801005258429));
#3732 = CARTESIAN_POINT('',(-2.336235224848,-0.725541120852));
#3733 = CARTESIAN_POINT('',(-2.24456926051,-0.690470326068));
#3734 = CARTESIAN_POINT('',(-2.027386590741,-0.610556354785));
#3735 = CARTESIAN_POINT('',(-1.923361406155,-0.575559022883));
#3736 = CARTESIAN_POINT('',(-1.824603212476,-0.544942978203));
#3737 = CARTESIAN_POINT('',(-1.731256023696,-0.518122151537));
#3738 = CARTESIAN_POINT('',(-1.642907027193,-0.49450277098));
#3739 = CARTESIAN_POINT('',(-1.558586583726,-0.473483361937));
#3740 = CARTESIAN_POINT('',(-1.47676822744,-0.454454747115));
#3741 = CARTESIAN_POINT('',(-1.232569542706,-0.401490645362));
#3742 = CARTESIAN_POINT('',(-1.076003953175,-0.372089072818));
#3743 = CARTESIAN_POINT('',(-0.917235065887,-0.347361889363));
#3744 = CARTESIAN_POINT('',(-0.750753877108,-0.326642993492));
#3745 = CARTESIAN_POINT('',(-0.573979210749,-0.309833621727));
#3746 = CARTESIAN_POINT('',(-0.387257718368,-0.297402348623));
#3747 = CARTESIAN_POINT('',(-0.19386387917,-0.290385086764));
#3748 = CARTESIAN_POINT('',(0.193863879159,-0.290385086764));
#3749 = CARTESIAN_POINT('',(0.387257718359,-0.297402348622));
#3750 = CARTESIAN_POINT('',(0.573979210742,-0.309833621726));
#3751 = CARTESIAN_POINT('',(0.750753877103,-0.326642993491));
#3752 = CARTESIAN_POINT('',(0.917235065884,-0.347361889363));
#3753 = CARTESIAN_POINT('',(1.076003953173,-0.372089072818));
#3754 = CARTESIAN_POINT('',(1.232569542703,-0.401490645362));
#3755 = CARTESIAN_POINT('',(1.476768227434,-0.454454747113));
#3756 = CARTESIAN_POINT('',(1.55858658372,-0.473483361935));
#3757 = CARTESIAN_POINT('',(1.642907027185,-0.494502770979));
#3758 = CARTESIAN_POINT('',(1.731256023687,-0.518122151535));
#3759 = CARTESIAN_POINT('',(1.824603212464,-0.5449429782));
#3760 = CARTESIAN_POINT('',(1.923361406141,-0.575559022878));
#3761 = CARTESIAN_POINT('',(2.027386590726,-0.61055635478));
#3762 = CARTESIAN_POINT('',(2.244569260496,-0.690470326062));
#3763 = CARTESIAN_POINT('',(2.336235224829,-0.725541120843));
#3764 = CARTESIAN_POINT('',(2.504468559752,-0.801005258437));
#3765 = CARTESIAN_POINT('',(2.524001960525,-0.811545916245));
#3766 = CARTESIAN_POINT('',(2.622507494715,-0.854756716465));
#3767 = CARTESIAN_POINT('',(2.772959694162,-0.941682754975));
#3768 = CARTESIAN_POINT('',(2.763650429447,-0.935304557262));
#3769 = CARTESIAN_POINT('',(2.828427124746,-0.973049320917));
#3770 = ( GEOMETRIC_REPRESENTATION_CONTEXT(2) 
PARAMETRIC_REPRESENTATION_CONTEXT() REPRESENTATION_CONTEXT('2D SPACE',''
  ) );
#3771 = ORIENTED_EDGE('',*,*,#3772,.T.);
#3772 = EDGE_CURVE('',#3700,#2093,#3773,.T.);
#3773 = SURFACE_CURVE('',#3774,(#3778,#3785),.PCURVE_S1.);
#3774 = LINE('',#3775,#3776);
#3775 = CARTESIAN_POINT('',(34.,58.,24.));
#3776 = VECTOR('',#3777,1.);
#3777 = DIRECTION('',(0.,0.,1.));
#3778 = PCURVE('',#2129,#3779);
#3779 = DEFINITIONAL_REPRESENTATION('',(#3780),#3784);
#3780 = LINE('',#3781,#3782);
#3781 = CARTESIAN_POINT('',(-1.570796326795,0.));
#3782 = VECTOR('',#3783,1.);
#3783 = DIRECTION('',(-0.,1.));
#3784 = ( GEOMETRIC_REPRESENTATION_CONTEXT(2) 
PARAMETRIC_REPRESENTATION_CONTEXT() REPRESENTATION_CONTEXT('2D SPACE',''
  ) );
#3785 = PCURVE('',#2159,#3786);
#3786 = DEFINITIONAL_REPRESENTATION('',(#3787),#3791);
#3787 = LINE('',#3788,#3789);
#3788 = CARTESIAN_POINT('',(0.,4.));
#3789 = VECTOR('',#3790,1.);
#3790 = DIRECTION('',(1.,0.));
#3791 = ( GEOMETRIC_REPRESENTATION_CONTEXT(2) 
PARAMETRIC_REPRESENTATION_CONTEXT() REPRESENTATION_CONTEXT('2D SPACE',''
  ) );
#3792 = ORIENTED_EDGE('',*,*,#2114,.F.);
#3793 = ORIENTED_EDGE('',*,*,#3574,.F.);
#3794 = ADVANCED_FACE('',(#3795),#2159,.F.);
#3795 = FACE_BOUND('',#3796,.F.);
#3796 = EDGE_LOOP('',(#3797,#3872,#3900,#3973,#3974,#3975));
#3797 = ORIENTED_EDGE('',*,*,#3798,.T.);
#3798 = EDGE_CURVE('',#3601,#3799,#3801,.T.);
#3799 = VERTEX_POINT('',#3800);
#3800 = CARTESIAN_POINT('',(66.,58.,28.));
#3801 = SURFACE_CURVE('',#3802,(#3806,#3812),.PCURVE_S1.);
#3802 = LINE('',#3803,#3804);
#3803 = CARTESIAN_POINT('',(66.,58.,24.));
#3804 = VECTOR('',#3805,1.);
#3805 = DIRECTION('',(0.,0.,1.));
#3806 = PCURVE('',#2159,#3807);
#3807 = DEFINITIONAL_REPRESENTATION('',(#3808),#3811);
#3808 = B_SPLINE_CURVE_WITH_KNOTS('',1,(#3809,#3810),.UNSPECIFIED.,.F.,
  .F.,(2,2),(0.,4.),.PIECEWISE_BEZIER_KNOTS.);
#3809 = CARTESIAN_POINT('',(0.,36.));
#3810 = CARTESIAN_POINT('',(4.,36.));
#3811 = ( GEOMETRIC_REPRESENTATION_CONTEXT(2) 
PARAMETRIC_REPRESENTATION_CONTEXT() REPRESENTATION_CONTEXT('2D SPACE',''
  ) );
#3812 = PCURVE('',#3146,#3813);
#3813 = DEFINITIONAL_REPRESENTATION('',(#3814),#3871);
#3814 = B_SPLINE_CURVE_WITH_KNOTS('',10,(#3815,#3816,#3817,#3818,#3819,
    #3820,#3821,#3822,#3823,#3824,#3825,#3826,#3827,#3828,#3829,#3830,
    #3831,#3832,#3833,#3834,#3835,#3836,#3837,#3838,#3839,#3840,#3841,
    #3842,#3843,#3844,#3845,#3846,#3847,#3848,#3849,#3850,#3851,#3852,
    #3853,#3854,#3855,#3856,#3857,#3858,#3859,#3860,#3861,#3862,#3863,
    #3864,#3865,#3866,#3867,#3868,#3869,#3870),.UNSPECIFIED.,.F.,.F.,(11
    ,9,9,9,9,9,11),(0.,0.25,0.5,1.,2.,3.,4.),.UNSPECIFIED.);
#3815 = CARTESIAN_POINT('',(2.828427124746,-0.973049320917));
#3816 = CARTESIAN_POINT('',(2.828427124746,-0.949972081843));
#3817 = CARTESIAN_POINT('',(2.828427124746,-0.883066335808));
#3818 = CARTESIAN_POINT('',(2.828427124746,-0.784374630692));
#3819 = CARTESIAN_POINT('',(2.828427124746,-0.912050819335));
#3820 = CARTESIAN_POINT('',(2.828427124746,-0.784663567872));
#3821 = CARTESIAN_POINT('',(2.828427124746,-0.846508175273));
#3822 = CARTESIAN_POINT('',(2.828427124746,-0.77406049897));
#3823 = CARTESIAN_POINT('',(2.828427124746,-0.765756566524));
#3824 = CARTESIAN_POINT('',(2.828427124746,-0.741799332456));
#3825 = CARTESIAN_POINT('',(2.828427124746,-0.700636445846));
#3826 = CARTESIAN_POINT('',(2.828427124746,-0.68053261088));
#3827 = CARTESIAN_POINT('',(2.828427124747,-0.660713372892));
#3828 = CARTESIAN_POINT('',(2.828427124745,-0.64103473121));
#3829 = CARTESIAN_POINT('',(2.828427124747,-0.621401695855));
#3830 = CARTESIAN_POINT('',(2.828427124745,-0.601768287539));
#3831 = CARTESIAN_POINT('',(2.828427124747,-0.582137537669));
#3832 = CARTESIAN_POINT('',(2.828427124746,-0.562561488342));
#3833 = CARTESIAN_POINT('',(2.828427124746,-0.543141192346));
#3834 = CARTESIAN_POINT('',(2.828427124746,-0.485797754798));
#3835 = CARTESIAN_POINT('',(2.828427124746,-0.448020851097));
#3836 = CARTESIAN_POINT('',(2.828427124746,-0.410653169208));
#3837 = CARTESIAN_POINT('',(2.828427124746,-0.373651876276));
#3838 = CARTESIAN_POINT('',(2.828427124746,-0.336974139448));
#3839 = CARTESIAN_POINT('',(2.828427124746,-0.30057712587));
#3840 = CARTESIAN_POINT('',(2.828427124746,-0.26441800269));
#3841 = CARTESIAN_POINT('',(2.828427124746,-0.228453937053));
#3842 = CARTESIAN_POINT('',(2.828427124746,-0.192642096105));
#3843 = CARTESIAN_POINT('',(2.828427124746,-8.553474877325E-02));
#3844 = CARTESIAN_POINT('',(2.828427124746,-1.45365897155E-02));
#3845 = CARTESIAN_POINT('',(2.828427124746,5.627078836334E-02));
#3846 = CARTESIAN_POINT('',(2.828427124746,0.127103343648));
#3847 = CARTESIAN_POINT('',(2.828427124746,0.198177034323));
#3848 = CARTESIAN_POINT('',(2.828427124746,0.269707818572));
#3849 = CARTESIAN_POINT('',(2.828427124746,0.341911654582));
#3850 = CARTESIAN_POINT('',(2.828427124746,0.415004500536));
#3851 = CARTESIAN_POINT('',(2.828427124746,0.489202314619));
#3852 = CARTESIAN_POINT('',(2.828427124746,0.640239795413));
#3853 = CARTESIAN_POINT('',(2.828427124746,0.716953164773));
#3854 = CARTESIAN_POINT('',(2.828427124747,0.795156271191));
#3855 = CARTESIAN_POINT('',(2.828427124746,0.875056072732));
#3856 = CARTESIAN_POINT('',(2.828427124747,0.956771377436));
#3857 = CARTESIAN_POINT('',(2.828427124745,1.040332843312));
#3858 = CARTESIAN_POINT('',(2.828427124747,1.125682978346));
#3859 = CARTESIAN_POINT('',(2.828427124746,1.212676140493));
#3860 = CARTESIAN_POINT('',(2.828427124746,1.301078537684));
#3861 = CARTESIAN_POINT('',(2.828427124746,1.480057917953));
#3862 = CARTESIAN_POINT('',(2.828427124746,1.573774966518));
#3863 = CARTESIAN_POINT('',(2.828427124746,1.649784738634));
#3864 = CARTESIAN_POINT('',(2.828427124746,1.770262336085));
#3865 = CARTESIAN_POINT('',(2.828427124747,1.836644829182));
#3866 = CARTESIAN_POINT('',(2.828427124746,1.917808903163));
#3867 = CARTESIAN_POINT('',(2.828427124746,2.045980880479));
#3868 = CARTESIAN_POINT('',(2.828427124746,2.09084129416));
#3869 = CARTESIAN_POINT('',(2.828427124746,2.194403711051));
#3870 = CARTESIAN_POINT('',(2.828427124746,2.277727336815));
#3871 = ( GEOMETRIC_REPRESENTATION_CONTEXT(2) 
PARAMETRIC_REPRESENTATION_CONTEXT() REPRESENTATION_CONTEXT('2D SPACE',''
  ) );
#3872 = ORIENTED_EDGE('',*,*,#3873,.F.);
#3873 = EDGE_CURVE('',#3874,#3799,#3876,.T.);
#3874 = VERTEX_POINT('',#3875);
#3875 = CARTESIAN_POINT('',(34.,58.,28.));
#3876 = SURFACE_CURVE('',#3877,(#3881,#3888),.PCURVE_S1.);
#3877 = LINE('',#3878,#3879);
#3878 = CARTESIAN_POINT('',(30.,58.,28.));
#3879 = VECTOR('',#3880,1.);
#3880 = DIRECTION('',(1.,0.,-0.));
#3881 = PCURVE('',#2159,#3882);
#3882 = DEFINITIONAL_REPRESENTATION('',(#3883),#3887);
#3883 = LINE('',#3884,#3885);
#3884 = CARTESIAN_POINT('',(4.,0.));
#3885 = VECTOR('',#3886,1.);
#3886 = DIRECTION('',(0.,1.));
#3887 = ( GEOMETRIC_REPRESENTATION_CONTEXT(2) 
PARAMETRIC_REPRESENTATION_CONTEXT() REPRESENTATION_CONTEXT('2D SPACE',''
  ) );
#3888 = PCURVE('',#3889,#3894);
#3889 = CYLINDRICAL_SURFACE('',#3890,4.);
#3890 = AXIS2_PLACEMENT_3D('',#3891,#3892,#3893);
#3891 = CARTESIAN_POINT('',(30.,54.,28.));
#3892 = DIRECTION('',(1.,0.,-0.));
#3893 = DIRECTION('',(0.,1.,0.));
#3894 = DEFINITIONAL_REPRESENTATION('',(#3895),#3899);
#3895 = LINE('',#3896,#3897);
#3896 = CARTESIAN_POINT('',(-0.,0.));
#3897 = VECTOR('',#3898,1.);
#3898 = DIRECTION('',(-0.,1.));
#3899 = ( GEOMETRIC_REPRESENTATION_CONTEXT(2) 
PARAMETRIC_REPRESENTATION_CONTEXT() REPRESENTATION_CONTEXT('2D SPACE',''
  ) );
#3900 = ORIENTED_EDGE('',*,*,#3901,.F.);
#3901 = EDGE_CURVE('',#3700,#3874,#3902,.T.);
#3902 = SURFACE_CURVE('',#3903,(#3907,#3913),.PCURVE_S1.);
#3903 = LINE('',#3904,#3905);
#3904 = CARTESIAN_POINT('',(34.,58.,24.));
#3905 = VECTOR('',#3906,1.);
#3906 = DIRECTION('',(0.,0.,1.));
#3907 = PCURVE('',#2159,#3908);
#3908 = DEFINITIONAL_REPRESENTATION('',(#3909),#3912);
#3909 = B_SPLINE_CURVE_WITH_KNOTS('',1,(#3910,#3911),.UNSPECIFIED.,.F.,
  .F.,(2,2),(0.,4.),.PIECEWISE_BEZIER_KNOTS.);
#3910 = CARTESIAN_POINT('',(0.,4.));
#3911 = CARTESIAN_POINT('',(4.,4.));
#3912 = ( GEOMETRIC_REPRESENTATION_CONTEXT(2) 
PARAMETRIC_REPRESENTATION_CONTEXT() REPRESENTATION_CONTEXT('2D SPACE',''
  ) );
#3913 = PCURVE('',#3432,#3914);
#3914 = DEFINITIONAL_REPRESENTATION('',(#3915),#3972);
#3915 = B_SPLINE_CURVE_WITH_KNOTS('',10,(#3916,#3917,#3918,#3919,#3920,
    #3921,#3922,#3923,#3924,#3925,#3926,#3927,#3928,#3929,#3930,#3931,
    #3932,#3933,#3934,#3935,#3936,#3937,#3938,#3939,#3940,#3941,#3942,
    #3943,#3944,#3945,#3946,#3947,#3948,#3949,#3950,#3951,#3952,#3953,
    #3954,#3955,#3956,#3957,#3958,#3959,#3960,#3961,#3962,#3963,#3964,
    #3965,#3966,#3967,#3968,#3969,#3970,#3971),.UNSPECIFIED.,.F.,.F.,(11
    ,9,9,9,9,9,11),(0.,0.25,0.5,1.,2.,3.,4.),.UNSPECIFIED.);
#3916 = CARTESIAN_POINT('',(2.828427124746,-0.973049320917));
#3917 = CARTESIAN_POINT('',(2.828427124746,-0.949972081845));
#3918 = CARTESIAN_POINT('',(2.828427124746,-0.883066335642));
#3919 = CARTESIAN_POINT('',(2.828427124746,-0.784374630511));
#3920 = CARTESIAN_POINT('',(2.828427124746,-0.912050819517));
#3921 = CARTESIAN_POINT('',(2.828427124746,-0.784663567683));
#3922 = CARTESIAN_POINT('',(2.828427124746,-0.846508175377));
#3923 = CARTESIAN_POINT('',(2.828427124746,-0.774060498888));
#3924 = CARTESIAN_POINT('',(2.828427124746,-0.765756566498));
#3925 = CARTESIAN_POINT('',(2.828427124746,-0.741799332422));
#3926 = CARTESIAN_POINT('',(2.828427124746,-0.700636445814));
#3927 = CARTESIAN_POINT('',(2.828427124746,-0.680532610849));
#3928 = CARTESIAN_POINT('',(2.828427124747,-0.660713372862));
#3929 = CARTESIAN_POINT('',(2.828427124745,-0.641034731179));
#3930 = CARTESIAN_POINT('',(2.828427124747,-0.621401695824));
#3931 = CARTESIAN_POINT('',(2.828427124745,-0.601768287508));
#3932 = CARTESIAN_POINT('',(2.828427124747,-0.582137537638));
#3933 = CARTESIAN_POINT('',(2.828427124746,-0.562561488309));
#3934 = CARTESIAN_POINT('',(2.828427124746,-0.543141192313));
#3935 = CARTESIAN_POINT('',(2.828427124746,-0.485797754763));
#3936 = CARTESIAN_POINT('',(2.828427124746,-0.448020851061));
#3937 = CARTESIAN_POINT('',(2.828427124746,-0.410653169171));
#3938 = CARTESIAN_POINT('',(2.828427124746,-0.373651876238));
#3939 = CARTESIAN_POINT('',(2.828427124746,-0.336974139409));
#3940 = CARTESIAN_POINT('',(2.828427124746,-0.30057712583));
#3941 = CARTESIAN_POINT('',(2.828427124746,-0.264418002649));
#3942 = CARTESIAN_POINT('',(2.828427124746,-0.228453937011));
#3943 = CARTESIAN_POINT('',(2.828427124746,-0.192642096064));
#3944 = CARTESIAN_POINT('',(2.828427124746,-8.553474873084E-02));
#3945 = CARTESIAN_POINT('',(2.828427124746,-1.453658967379E-02));
#3946 = CARTESIAN_POINT('',(2.828427124746,5.627078840336E-02));
#3947 = CARTESIAN_POINT('',(2.828427124746,0.127103343685));
#3948 = CARTESIAN_POINT('',(2.828427124746,0.198177034357));
#3949 = CARTESIAN_POINT('',(2.828427124746,0.269707818603));
#3950 = CARTESIAN_POINT('',(2.828427124746,0.341911654609));
#3951 = CARTESIAN_POINT('',(2.828427124746,0.415004500559));
#3952 = CARTESIAN_POINT('',(2.828427124746,0.489202314638));
#3953 = CARTESIAN_POINT('',(2.828427124746,0.640239795423));
#3954 = CARTESIAN_POINT('',(2.828427124746,0.716953164779));
#3955 = CARTESIAN_POINT('',(2.828427124747,0.795156271194));
#3956 = CARTESIAN_POINT('',(2.828427124745,0.875056072734));
#3957 = CARTESIAN_POINT('',(2.828427124747,0.956771377438));
#3958 = CARTESIAN_POINT('',(2.828427124745,1.040332843317));
#3959 = CARTESIAN_POINT('',(2.828427124747,1.125682978357));
#3960 = CARTESIAN_POINT('',(2.828427124746,1.212676140511));
#3961 = CARTESIAN_POINT('',(2.828427124746,1.30107853771));
#3962 = CARTESIAN_POINT('',(2.828427124746,1.480057917994));
#3963 = CARTESIAN_POINT('',(2.828427124746,1.57377496657));
#3964 = CARTESIAN_POINT('',(2.828427124746,1.649784738675));
#3965 = CARTESIAN_POINT('',(2.828427124746,1.770262336156));
#3966 = CARTESIAN_POINT('',(2.828427124747,1.836644829223));
#3967 = CARTESIAN_POINT('',(2.828427124746,1.917808903184));
#3968 = CARTESIAN_POINT('',(2.828427124747,2.045980880523));
#3969 = CARTESIAN_POINT('',(2.828427124746,2.090841294147));
#3970 = CARTESIAN_POINT('',(2.828427124746,2.194403711047));
#3971 = CARTESIAN_POINT('',(2.828427124746,2.277727336815));
#3972 = ( GEOMETRIC_REPRESENTATION_CONTEXT(2) 
PARAMETRIC_REPRESENTATION_CONTEXT() REPRESENTATION_CONTEXT('2D SPACE',''
  ) );
#3973 = ORIENTED_EDGE('',*,*,#3772,.T.);
#3974 = ORIENTED_EDGE('',*,*,#2145,.F.);
#3975 = ORIENTED_EDGE('',*,*,#3673,.F.);
#3976 = ADVANCED_FACE('',(#3977),#2392,.F.);
#3977 = FACE_BOUND('',#3978,.F.);
#3978 = EDGE_LOOP('',(#3979,#3980,#3981,#4030,#4077));
#3979 = ORIENTED_EDGE('',*,*,#2830,.F.);
#3980 = ORIENTED_EDGE('',*,*,#2375,.F.);
#3981 = ORIENTED_EDGE('',*,*,#3982,.F.);
#3982 = EDGE_CURVE('',#3983,#2376,#3985,.T.);
#3983 = VERTEX_POINT('',#3984);
#3984 = CARTESIAN_POINT('',(66.,16.,24.));
#3985 = SURFACE_CURVE('',#3986,(#3994,#4018),.PCURVE_S1.);
#3986 = ( BOUNDED_CURVE() B_SPLINE_CURVE(6,(#3987,#3988,#3989,#3990,
#3991,#3992,#3993),.UNSPECIFIED.,.F.,.F.) B_SPLINE_CURVE_WITH_KNOTS((7,7
),(0.,1.570796326795),.PIECEWISE_BEZIER_KNOTS.) CURVE() 
GEOMETRIC_REPRESENTATION_ITEM() RATIONAL_B_SPLINE_CURVE((1.031393471788,
    1.010025407661,0.997924642725,0.993958444137,0.997924642725,
1.010025407661,1.031393471788)) REPRESENTATION_ITEM('') );
#3987 = CARTESIAN_POINT('',(66.,16.,24.));
#3988 = CARTESIAN_POINT('',(66.,14.930652867388,24.));
#3989 = CARTESIAN_POINT('',(66.,13.889165709671,24.340017402535));
#3990 = CARTESIAN_POINT('',(66.,12.992321947191,24.992321947191));
#3991 = CARTESIAN_POINT('',(66.,12.340017402535,25.889165709671));
#3992 = CARTESIAN_POINT('',(66.,12.,26.930652867388));
#3993 = CARTESIAN_POINT('',(66.,12.,28.));
#3994 = PCURVE('',#2392,#3995);
#3995 = DEFINITIONAL_REPRESENTATION('',(#3996),#4017);
#3996 = B_SPLINE_CURVE_WITH_KNOTS('',10,(#3997,#3998,#3999,#4000,#4001,
    #4002,#4003,#4004,#4005,#4006,#4007,#4008,#4009,#4010,#4011,#4012,
    #4013,#4014,#4015,#4016),.UNSPECIFIED.,.F.,.F.,(11,9,11),(0.,
    0.785398163397,1.570796326795),.UNSPECIFIED.);
#3997 = CARTESIAN_POINT('',(9.992007221626E-15,-2.621146878943));
#3998 = CARTESIAN_POINT('',(-0.230999679472,-2.486545564908));
#3999 = CARTESIAN_POINT('',(-0.601497497922,-2.242248446885));
#4000 = CARTESIAN_POINT('',(-0.285893441929,-2.384439530936));
#4001 = CARTESIAN_POINT('',(-1.572304427816,-1.562920219169));
#4002 = CARTESIAN_POINT('',(-0.394356138892,-2.147833373903));
#4003 = CARTESIAN_POINT('',(-1.690289945586,-1.345072104601));
#4004 = CARTESIAN_POINT('',(-1.198530065315,-1.509459446628));
#4005 = CARTESIAN_POINT('',(-1.597906820707,-1.189638245204));
#4006 = CARTESIAN_POINT('',(-1.796783470513,-0.856654444738));
#4007 = CARTESIAN_POINT('',(-2.212042527355,-0.135306835789));
#4008 = CARTESIAN_POINT('',(-2.377195184958,0.213384449194));
#4009 = CARTESIAN_POINT('',(-2.490219422999,0.492025239174));
#4010 = CARTESIAN_POINT('',(-2.569576048012,0.722316332747));
#4011 = CARTESIAN_POINT('',(-2.637535894085,0.94838333549));
#4012 = CARTESIAN_POINT('',(-2.705582046813,1.20025925247));
#4013 = CARTESIAN_POINT('',(-2.76951661899,1.478193640399));
#4014 = CARTESIAN_POINT('',(-2.814272077968,1.757788319427));
#4015 = CARTESIAN_POINT('',(-2.828427124746,2.015959644576));
#4016 = CARTESIAN_POINT('',(-2.828427124746,2.277727336815));
#4017 = ( GEOMETRIC_REPRESENTATION_CONTEXT(2) 
PARAMETRIC_REPRESENTATION_CONTEXT() REPRESENTATION_CONTEXT('2D SPACE',''
  ) );
#4018 = PCURVE('',#2550,#4019);
#4019 = DEFINITIONAL_REPRESENTATION('',(#4020),#4029);
#4020 = B_SPLINE_CURVE_WITH_KNOTS('',7,(#4021,#4022,#4023,#4024,#4025,
    #4026,#4027,#4028),.UNSPECIFIED.,.F.,.F.,(8,8),(0.,1.570796326795),
  .PIECEWISE_BEZIER_KNOTS.);
#4021 = CARTESIAN_POINT('',(1.570796326795,36.));
#4022 = CARTESIAN_POINT('',(1.346397878809,36.));
#4023 = CARTESIAN_POINT('',(1.121995698914,36.));
#4024 = CARTESIAN_POINT('',(0.897599855959,36.));
#4025 = CARTESIAN_POINT('',(0.673196470836,36.));
#4026 = CARTESIAN_POINT('',(0.448800627881,36.));
#4027 = CARTESIAN_POINT('',(0.224398447986,36.));
#4028 = CARTESIAN_POINT('',(1.110223024625E-16,36.));
#4029 = ( GEOMETRIC_REPRESENTATION_CONTEXT(2) 
PARAMETRIC_REPRESENTATION_CONTEXT() REPRESENTATION_CONTEXT('2D SPACE',''
  ) );
#4030 = ORIENTED_EDGE('',*,*,#4031,.F.);
#4031 = EDGE_CURVE('',#3029,#3983,#4032,.T.);
#4032 = SURFACE_CURVE('',#4033,(#4041,#4065),.PCURVE_S1.);
#4033 = ( BOUNDED_CURVE() B_SPLINE_CURVE(6,(#4034,#4035,#4036,#4037,
#4038,#4039,#4040),.UNSPECIFIED.,.F.,.F.) B_SPLINE_CURVE_WITH_KNOTS((7,7
),(0.,1.570796326795),.PIECEWISE_BEZIER_KNOTS.) CURVE() 
GEOMETRIC_REPRESENTATION_ITEM() RATIONAL_B_SPLINE_CURVE((1.031393471788,
    1.010025407661,0.997924642725,0.993958444137,0.997924642725,
1.010025407661,1.031393471788)) REPRESENTATION_ITEM('') );
#4034 = CARTESIAN_POINT('',(70.,16.,28.));
#4035 = CARTESIAN_POINT('',(70.,16.,26.930652867388));
#4036 = CARTESIAN_POINT('',(69.659982597465,16.,25.889165709671));
#4037 = CARTESIAN_POINT('',(69.007678052809,16.,24.992321947191));
#4038 = CARTESIAN_POINT('',(68.110834290329,16.,24.340017402535));
#4039 = CARTESIAN_POINT('',(67.069347132612,16.,24.));
#4040 = CARTESIAN_POINT('',(66.,16.,24.));
#4041 = PCURVE('',#2392,#4042);
#4042 = DEFINITIONAL_REPRESENTATION('',(#4043),#4064);
#4043 = B_SPLINE_CURVE_WITH_KNOTS('',10,(#4044,#4045,#4046,#4047,#4048,
    #4049,#4050,#4051,#4052,#4053,#4054,#4055,#4056,#4057,#4058,#4059,
    #4060,#4061,#4062,#4063),.UNSPECIFIED.,.F.,.F.,(11,9,11),(0.,
    0.785398163397,1.570796326795),.UNSPECIFIED.);
#4044 = CARTESIAN_POINT('',(2.828427124746,2.277727336815));
#4045 = CARTESIAN_POINT('',(2.828427124746,2.015959644511));
#4046 = CARTESIAN_POINT('',(2.814272077975,1.757788319604));
#4047 = CARTESIAN_POINT('',(2.76951661901,1.478193640636));
#4048 = CARTESIAN_POINT('',(2.705582046842,1.200259252584));
#4049 = CARTESIAN_POINT('',(2.637535894113,0.94838333547));
#4050 = CARTESIAN_POINT('',(2.56957604803,0.722316332701));
#4051 = CARTESIAN_POINT('',(2.490219423001,0.492025239199));
#4052 = CARTESIAN_POINT('',(2.377195184951,0.213384449262));
#4053 = CARTESIAN_POINT('',(2.212042527351,-0.135306835797));
#4054 = CARTESIAN_POINT('',(1.79678347051,-0.856654444742));
#4055 = CARTESIAN_POINT('',(1.597906820656,-1.189638245249));
#4056 = CARTESIAN_POINT('',(1.198530065536,-1.509459446495));
#4057 = CARTESIAN_POINT('',(1.690289945018,-1.345072104912));
#4058 = CARTESIAN_POINT('',(0.394356139776,-2.147833373427));
#4059 = CARTESIAN_POINT('',(1.572304426956,-1.562920219608));
#4060 = CARTESIAN_POINT('',(0.285893442547,-2.3844395306));
#4061 = CARTESIAN_POINT('',(0.601497497657,-2.242248447051));
#4062 = CARTESIAN_POINT('',(0.230999679452,-2.48654556492));
#4063 = CARTESIAN_POINT('',(6.439293542826E-15,-2.621146878943));
#4064 = ( GEOMETRIC_REPRESENTATION_CONTEXT(2) 
PARAMETRIC_REPRESENTATION_CONTEXT() REPRESENTATION_CONTEXT('2D SPACE',''
  ) );
#4065 = PCURVE('',#3119,#4066);
#4066 = DEFINITIONAL_REPRESENTATION('',(#4067),#4076);
#4067 = B_SPLINE_CURVE_WITH_KNOTS('',7,(#4068,#4069,#4070,#4071,#4072,
    #4073,#4074,#4075),.UNSPECIFIED.,.F.,.F.,(8,8),(0.,1.570796326795),
  .PIECEWISE_BEZIER_KNOTS.);
#4068 = CARTESIAN_POINT('',(0.,4.));
#4069 = CARTESIAN_POINT('',(0.224398447986,4.));
#4070 = CARTESIAN_POINT('',(0.448800627881,4.));
#4071 = CARTESIAN_POINT('',(0.673196470836,4.));
#4072 = CARTESIAN_POINT('',(0.897599855959,4.));
#4073 = CARTESIAN_POINT('',(1.121995698914,4.));
#4074 = CARTESIAN_POINT('',(1.346397878809,4.));
#4075 = CARTESIAN_POINT('',(1.570796326795,4.));
#4076 = ( GEOMETRIC_REPRESENTATION_CONTEXT(2) 
PARAMETRIC_REPRESENTATION_CONTEXT() REPRESENTATION_CONTEXT('2D SPACE',''
  ) );
#4077 = ORIENTED_EDGE('',*,*,#3028,.F.);
#4078 = ADVANCED_FACE('',(#4079),#2550,.F.);
#4079 = FACE_BOUND('',#4080,.F.);
#4080 = EDGE_LOOP('',(#4081,#4130,#4156,#4157));
#4081 = ORIENTED_EDGE('',*,*,#4082,.F.);
#4082 = EDGE_CURVE('',#4083,#2535,#4085,.T.);
#4083 = VERTEX_POINT('',#4084);
#4084 = CARTESIAN_POINT('',(34.,16.,24.));
#4085 = SURFACE_CURVE('',#4086,(#4094,#4106),.PCURVE_S1.);
#4086 = ( BOUNDED_CURVE() B_SPLINE_CURVE(6,(#4087,#4088,#4089,#4090,
#4091,#4092,#4093),.UNSPECIFIED.,.F.,.F.) B_SPLINE_CURVE_WITH_KNOTS((7,7
),(0.,1.570796326795),.PIECEWISE_BEZIER_KNOTS.) CURVE() 
GEOMETRIC_REPRESENTATION_ITEM() RATIONAL_B_SPLINE_CURVE((1.031393471788,
    1.010025407661,0.997924642725,0.993958444137,0.997924642725,
1.010025407661,1.031393471788)) REPRESENTATION_ITEM('') );
#4087 = CARTESIAN_POINT('',(34.,16.,24.));
#4088 = CARTESIAN_POINT('',(34.,14.930652867388,24.));
#4089 = CARTESIAN_POINT('',(34.,13.889165709671,24.340017402535));
#4090 = CARTESIAN_POINT('',(34.,12.992321947191,24.992321947191));
#4091 = CARTESIAN_POINT('',(34.,12.340017402535,25.889165709671));
#4092 = CARTESIAN_POINT('',(34.,12.,26.930652867388));
#4093 = CARTESIAN_POINT('',(34.,12.,28.));
#4094 = PCURVE('',#2550,#4095);
#4095 = DEFINITIONAL_REPRESENTATION('',(#4096),#4105);
#4096 = B_SPLINE_CURVE_WITH_KNOTS('',7,(#4097,#4098,#4099,#4100,#4101,
    #4102,#4103,#4104),.UNSPECIFIED.,.F.,.F.,(8,8),(0.,1.570796326795),
  .PIECEWISE_BEZIER_KNOTS.);
#4097 = CARTESIAN_POINT('',(1.570796326795,4.));
#4098 = CARTESIAN_POINT('',(1.346397878809,4.));
#4099 = CARTESIAN_POINT('',(1.121995698914,4.));
#4100 = CARTESIAN_POINT('',(0.897599855959,4.));
#4101 = CARTESIAN_POINT('',(0.673196470836,4.));
#4102 = CARTESIAN_POINT('',(0.448800627881,4.));
#4103 = CARTESIAN_POINT('',(0.224398447986,4.));
#4104 = CARTESIAN_POINT('',(1.110223024625E-16,4.));
#4105 = ( GEOMETRIC_REPRESENTATION_CONTEXT(2) 
PARAMETRIC_REPRESENTATION_CONTEXT() REPRESENTATION_CONTEXT('2D SPACE',''
  ) );
#4106 = PCURVE('',#2577,#4107);
#4107 = DEFINITIONAL_REPRESENTATION('',(#4108),#4129);
#4108 = B_SPLINE_CURVE_WITH_KNOTS('',10,(#4109,#4110,#4111,#4112,#4113,
    #4114,#4115,#4116,#4117,#4118,#4119,#4120,#4121,#4122,#4123,#4124,
    #4125,#4126,#4127,#4128),.UNSPECIFIED.,.F.,.F.,(11,9,11),(0.,
    0.785398163397,1.570796326795),.UNSPECIFIED.);
#4109 = CARTESIAN_POINT('',(-6.661338147751E-16,2.621146878943));
#4110 = CARTESIAN_POINT('',(0.230999679425,2.486545564936));
#4111 = CARTESIAN_POINT('',(0.601497497251,2.24224844729));
#4112 = CARTESIAN_POINT('',(0.285893443569,2.384439530084));
#4113 = CARTESIAN_POINT('',(1.572304425501,1.562920220267));
#4114 = CARTESIAN_POINT('',(0.394356141368,2.147833372671));
#4115 = CARTESIAN_POINT('',(1.690289943976,1.345072105364));
#4116 = CARTESIAN_POINT('',(1.198530065957,1.509459446319));
#4117 = CARTESIAN_POINT('',(1.597906820557,1.189638245307));
#4118 = CARTESIAN_POINT('',(1.796783470514,0.856654444736));
#4119 = CARTESIAN_POINT('',(2.212042527351,0.135306835796));
#4120 = CARTESIAN_POINT('',(2.377195184951,-0.213384449229));
#4121 = CARTESIAN_POINT('',(2.490219422996,-0.49202523918));
#4122 = CARTESIAN_POINT('',(2.569576048016,-0.722316332704));
#4123 = CARTESIAN_POINT('',(2.637535894094,-0.948383335456));
#4124 = CARTESIAN_POINT('',(2.705582046824,-1.200259252509));
#4125 = CARTESIAN_POINT('',(2.769516618996,-1.47819364051));
#4126 = CARTESIAN_POINT('',(2.81427207797,-1.757788319511));
#4127 = CARTESIAN_POINT('',(2.828427124746,-2.015959644531));
#4128 = CARTESIAN_POINT('',(2.828427124746,-2.277727336815));
#4129 = ( GEOMETRIC_REPRESENTATION_CONTEXT(2) 
PARAMETRIC_REPRESENTATION_CONTEXT() REPRESENTATION_CONTEXT('2D SPACE',''
  ) );
#4130 = ORIENTED_EDGE('',*,*,#4131,.T.);
#4131 = EDGE_CURVE('',#4083,#3983,#4132,.T.);
#4132 = SURFACE_CURVE('',#4133,(#4137,#4144),.PCURVE_S1.);
#4133 = LINE('',#4134,#4135);
#4134 = CARTESIAN_POINT('',(30.,16.,24.));
#4135 = VECTOR('',#4136,1.);
#4136 = DIRECTION('',(1.,0.,-0.));
#4137 = PCURVE('',#2550,#4138);
#4138 = DEFINITIONAL_REPRESENTATION('',(#4139),#4143);
#4139 = LINE('',#4140,#4141);
#4140 = CARTESIAN_POINT('',(1.570796326795,0.));
#4141 = VECTOR('',#4142,1.);
#4142 = DIRECTION('',(0.,1.));
#4143 = ( GEOMETRIC_REPRESENTATION_CONTEXT(2) 
PARAMETRIC_REPRESENTATION_CONTEXT() REPRESENTATION_CONTEXT('2D SPACE',''
  ) );
#4144 = PCURVE('',#4145,#4150);
#4145 = PLANE('',#4146);
#4146 = AXIS2_PLACEMENT_3D('',#4147,#4148,#4149);
#4147 = CARTESIAN_POINT('',(30.,12.,24.));
#4148 = DIRECTION('',(0.,0.,1.));
#4149 = DIRECTION('',(1.,0.,-0.));
#4150 = DEFINITIONAL_REPRESENTATION('',(#4151),#4155);
#4151 = LINE('',#4152,#4153);
#4152 = CARTESIAN_POINT('',(0.,4.));
#4153 = VECTOR('',#4154,1.);
#4154 = DIRECTION('',(1.,0.));
#4155 = ( GEOMETRIC_REPRESENTATION_CONTEXT(2) 
PARAMETRIC_REPRESENTATION_CONTEXT() REPRESENTATION_CONTEXT('2D SPACE',''
  ) );
#4156 = ORIENTED_EDGE('',*,*,#3982,.T.);
#4157 = ORIENTED_EDGE('',*,*,#2534,.F.);
#4158 = ADVANCED_FACE('',(#4159),#2577,.T.);
#4159 = FACE_BOUND('',#4160,.T.);
#4160 = EDGE_LOOP('',(#4161,#4162,#4163,#4164,#4211));
#4161 = ORIENTED_EDGE('',*,*,#2929,.F.);
#4162 = ORIENTED_EDGE('',*,*,#2562,.F.);
#4163 = ORIENTED_EDGE('',*,*,#4082,.F.);
#4164 = ORIENTED_EDGE('',*,*,#4165,.F.);
#4165 = EDGE_CURVE('',#3315,#4083,#4166,.T.);
#4166 = SURFACE_CURVE('',#4167,(#4175,#4199),.PCURVE_S1.);
#4167 = ( BOUNDED_CURVE() B_SPLINE_CURVE(6,(#4168,#4169,#4170,#4171,
#4172,#4173,#4174),.UNSPECIFIED.,.F.,.F.) B_SPLINE_CURVE_WITH_KNOTS((7,7
),(0.,1.570796326795),.PIECEWISE_BEZIER_KNOTS.) CURVE() 
GEOMETRIC_REPRESENTATION_ITEM() RATIONAL_B_SPLINE_CURVE((1.031393471788,
    1.010025407661,0.997924642725,0.993958444137,0.997924642725,
1.010025407661,1.031393471788)) REPRESENTATION_ITEM('') );
#4168 = CARTESIAN_POINT('',(30.,16.,28.));
#4169 = CARTESIAN_POINT('',(30.,16.,26.930652867388));
#4170 = CARTESIAN_POINT('',(30.340017402535,16.,25.889165709671));
#4171 = CARTESIAN_POINT('',(30.992321947191,16.,24.992321947191));
#4172 = CARTESIAN_POINT('',(31.889165709671,16.,24.340017402535));
#4173 = CARTESIAN_POINT('',(32.930652867388,16.,24.));
#4174 = CARTESIAN_POINT('',(34.,16.,24.));
#4175 = PCURVE('',#2577,#4176);
#4176 = DEFINITIONAL_REPRESENTATION('',(#4177),#4198);
#4177 = B_SPLINE_CURVE_WITH_KNOTS('',10,(#4178,#4179,#4180,#4181,#4182,
    #4183,#4184,#4185,#4186,#4187,#4188,#4189,#4190,#4191,#4192,#4193,
    #4194,#4195,#4196,#4197),.UNSPECIFIED.,.F.,.F.,(11,9,11),(0.,
    0.785398163397,1.570796326795),.UNSPECIFIED.);
#4178 = CARTESIAN_POINT('',(-2.828427124746,-2.277727336815));
#4179 = CARTESIAN_POINT('',(-2.828427124746,-2.015959644527));
#4180 = CARTESIAN_POINT('',(-2.814272077968,-1.757788319463));
#4181 = CARTESIAN_POINT('',(-2.769516618992,-1.478193640459));
#4182 = CARTESIAN_POINT('',(-2.705582046816,-1.200259252487));
#4183 = CARTESIAN_POINT('',(-2.637535894087,-0.948383335462));
#4184 = CARTESIAN_POINT('',(-2.569576048013,-0.722316332715));
#4185 = CARTESIAN_POINT('',(-2.490219422997,-0.492025239176));
#4186 = CARTESIAN_POINT('',(-2.377195184955,-0.213384449217));
#4187 = CARTESIAN_POINT('',(-2.212042527352,0.135306835795));
#4188 = CARTESIAN_POINT('',(-1.7967834705,0.856654444759));
#4189 = CARTESIAN_POINT('',(-1.597906820468,1.189638245373));
#4190 = CARTESIAN_POINT('',(-1.198530066272,1.509459446171));
#4191 = CARTESIAN_POINT('',(-1.690289943136,1.345072105797));
#4192 = CARTESIAN_POINT('',(-0.394356142592,2.147833372065));
#4193 = CARTESIAN_POINT('',(-1.572304424231,1.562920220944));
#4194 = CARTESIAN_POINT('',(-0.285893444355,2.384439529654));
#4195 = CARTESIAN_POINT('',(-0.601497496937,2.24224844748));
#4196 = CARTESIAN_POINT('',(-0.230999679426,2.486545564935));
#4197 = CARTESIAN_POINT('',(-6.661338147751E-16,2.621146878943));
#4198 = ( GEOMETRIC_REPRESENTATION_CONTEXT(2) 
PARAMETRIC_REPRESENTATION_CONTEXT() REPRESENTATION_CONTEXT('2D SPACE',''
  ) );
#4199 = PCURVE('',#3405,#4200);
#4200 = DEFINITIONAL_REPRESENTATION('',(#4201),#4210);
#4201 = B_SPLINE_CURVE_WITH_KNOTS('',7,(#4202,#4203,#4204,#4205,#4206,
    #4207,#4208,#4209),.UNSPECIFIED.,.F.,.F.,(8,8),(0.,1.570796326795),
  .PIECEWISE_BEZIER_KNOTS.);
#4202 = CARTESIAN_POINT('',(0.,4.));
#4203 = CARTESIAN_POINT('',(-0.224398447986,4.));
#4204 = CARTESIAN_POINT('',(-0.448800627881,4.));
#4205 = CARTESIAN_POINT('',(-0.673196470836,4.));
#4206 = CARTESIAN_POINT('',(-0.897599855959,4.));
#4207 = CARTESIAN_POINT('',(-1.121995698914,4.));
#4208 = CARTESIAN_POINT('',(-1.346397878809,4.));
#4209 = CARTESIAN_POINT('',(-1.570796326795,4.));
#4210 = ( GEOMETRIC_REPRESENTATION_CONTEXT(2) 
PARAMETRIC_REPRESENTATION_CONTEXT() REPRESENTATION_CONTEXT('2D SPACE',''
  ) );
#4211 = ORIENTED_EDGE('',*,*,#3314,.F.);
#4212 = ADVANCED_FACE('',(#4213),#3119,.F.);
#4213 = FACE_BOUND('',#4214,.F.);
#4214 = EDGE_LOOP('',(#4215,#4216,#4239,#4286));
#4215 = ORIENTED_EDGE('',*,*,#4031,.T.);
#4216 = ORIENTED_EDGE('',*,*,#4217,.T.);
#4217 = EDGE_CURVE('',#3983,#4218,#4220,.T.);
#4218 = VERTEX_POINT('',#4219);
#4219 = CARTESIAN_POINT('',(66.,54.,24.));
#4220 = SURFACE_CURVE('',#4221,(#4225,#4232),.PCURVE_S1.);
#4221 = LINE('',#4222,#4223);
#4222 = CARTESIAN_POINT('',(66.,12.,24.));
#4223 = VECTOR('',#4224,1.);
#4224 = DIRECTION('',(-0.,1.,0.));
#4225 = PCURVE('',#3119,#4226);
#4226 = DEFINITIONAL_REPRESENTATION('',(#4227),#4231);
#4227 = LINE('',#4228,#4229);
#4228 = CARTESIAN_POINT('',(1.570796326795,0.));
#4229 = VECTOR('',#4230,1.);
#4230 = DIRECTION('',(0.,1.));
#4231 = ( GEOMETRIC_REPRESENTATION_CONTEXT(2) 
PARAMETRIC_REPRESENTATION_CONTEXT() REPRESENTATION_CONTEXT('2D SPACE',''
  ) );
#4232 = PCURVE('',#4145,#4233);
#4233 = DEFINITIONAL_REPRESENTATION('',(#4234),#4238);
#4234 = LINE('',#4235,#4236);
#4235 = CARTESIAN_POINT('',(36.,0.));
#4236 = VECTOR('',#4237,1.);
#4237 = DIRECTION('',(0.,1.));
#4238 = ( GEOMETRIC_REPRESENTATION_CONTEXT(2) 
PARAMETRIC_REPRESENTATION_CONTEXT() REPRESENTATION_CONTEXT('2D SPACE',''
  ) );
#4239 = ORIENTED_EDGE('',*,*,#4240,.T.);
#4240 = EDGE_CURVE('',#4218,#3104,#4241,.T.);
#4241 = SURFACE_CURVE('',#4242,(#4250,#4262),.PCURVE_S1.);
#4242 = ( BOUNDED_CURVE() B_SPLINE_CURVE(6,(#4243,#4244,#4245,#4246,
#4247,#4248,#4249),.UNSPECIFIED.,.F.,.F.) B_SPLINE_CURVE_WITH_KNOTS((7,7
),(0.,1.570796326795),.PIECEWISE_BEZIER_KNOTS.) CURVE() 
GEOMETRIC_REPRESENTATION_ITEM() RATIONAL_B_SPLINE_CURVE((1.031393471788,
    1.010025407661,0.997924642725,0.993958444137,0.997924642725,
1.010025407661,1.031393471788)) REPRESENTATION_ITEM('') );
#4243 = CARTESIAN_POINT('',(66.,54.,24.));
#4244 = CARTESIAN_POINT('',(67.069347132612,54.,24.));
#4245 = CARTESIAN_POINT('',(68.110834290329,54.,24.340017402535));
#4246 = CARTESIAN_POINT('',(69.007678052809,54.,24.992321947191));
#4247 = CARTESIAN_POINT('',(69.659982597465,54.,25.889165709671));
#4248 = CARTESIAN_POINT('',(70.,54.,26.930652867388));
#4249 = CARTESIAN_POINT('',(70.,54.,28.));
#4250 = PCURVE('',#3119,#4251);
#4251 = DEFINITIONAL_REPRESENTATION('',(#4252),#4261);
#4252 = B_SPLINE_CURVE_WITH_KNOTS('',7,(#4253,#4254,#4255,#4256,#4257,
    #4258,#4259,#4260),.UNSPECIFIED.,.F.,.F.,(8,8),(0.,1.570796326795),
  .PIECEWISE_BEZIER_KNOTS.);
#4253 = CARTESIAN_POINT('',(1.570796326795,42.));
#4254 = CARTESIAN_POINT('',(1.346397878809,42.));
#4255 = CARTESIAN_POINT('',(1.121995698914,42.));
#4256 = CARTESIAN_POINT('',(0.897599855959,42.000000000001));
#4257 = CARTESIAN_POINT('',(0.673196470836,41.999999999999));
#4258 = CARTESIAN_POINT('',(0.448800627881,42.));
#4259 = CARTESIAN_POINT('',(0.224398447986,42.));
#4260 = CARTESIAN_POINT('',(-1.110223024625E-16,42.));
#4261 = ( GEOMETRIC_REPRESENTATION_CONTEXT(2) 
PARAMETRIC_REPRESENTATION_CONTEXT() REPRESENTATION_CONTEXT('2D SPACE',''
  ) );
#4262 = PCURVE('',#3146,#4263);
#4263 = DEFINITIONAL_REPRESENTATION('',(#4264),#4285);
#4264 = B_SPLINE_CURVE_WITH_KNOTS('',10,(#4265,#4266,#4267,#4268,#4269,
    #4270,#4271,#4272,#4273,#4274,#4275,#4276,#4277,#4278,#4279,#4280,
    #4281,#4282,#4283,#4284),.UNSPECIFIED.,.F.,.F.,(11,9,11),(0.,
    0.785398163397,1.570796326795),.UNSPECIFIED.);
#4265 = CARTESIAN_POINT('',(8.881784197001E-15,-2.621146878943));
#4266 = CARTESIAN_POINT('',(-0.230999679438,-2.486545564928));
#4267 = CARTESIAN_POINT('',(-0.601497498302,-2.242248446668));
#4268 = CARTESIAN_POINT('',(-0.285893441013,-2.384439531428));
#4269 = CARTESIAN_POINT('',(-1.572304429683,-1.562920218102));
#4270 = CARTESIAN_POINT('',(-0.394356137076,-2.147833374793));
#4271 = CARTESIAN_POINT('',(-1.690289946852,-1.345072103993));
#4272 = CARTESIAN_POINT('',(-1.198530064769,-1.509459446872));
#4273 = CARTESIAN_POINT('',(-1.597906820804,-1.189638245187));
#4274 = CARTESIAN_POINT('',(-1.796783470508,-0.856654444745));
#4275 = CARTESIAN_POINT('',(-2.212042527348,-0.135306835802));
#4276 = CARTESIAN_POINT('',(-2.377195184953,0.213384449218));
#4277 = CARTESIAN_POINT('',(-2.490219422998,0.492025239193));
#4278 = CARTESIAN_POINT('',(-2.569576048018,0.722316332735));
#4279 = CARTESIAN_POINT('',(-2.637535894093,0.948383335463));
#4280 = CARTESIAN_POINT('',(-2.705582046822,1.20025925247));
#4281 = CARTESIAN_POINT('',(-2.769516618996,1.478193640454));
#4282 = CARTESIAN_POINT('',(-2.81427207797,1.757788319521));
#4283 = CARTESIAN_POINT('',(-2.828427124746,2.015959644646));
#4284 = CARTESIAN_POINT('',(-2.828427124746,2.277727336815));
#4285 = ( GEOMETRIC_REPRESENTATION_CONTEXT(2) 
PARAMETRIC_REPRESENTATION_CONTEXT() REPRESENTATION_CONTEXT('2D SPACE',''
  ) );
#4286 = ORIENTED_EDGE('',*,*,#3103,.F.);
#4287 = ADVANCED_FACE('',(#4288),#3146,.F.);
#4288 = FACE_BOUND('',#4289,.F.);
#4289 = EDGE_LOOP('',(#4290,#4291,#4292,#4293,#4340));
#4290 = ORIENTED_EDGE('',*,*,#3600,.F.);
#4291 = ORIENTED_EDGE('',*,*,#3131,.F.);
#4292 = ORIENTED_EDGE('',*,*,#4240,.F.);
#4293 = ORIENTED_EDGE('',*,*,#4294,.F.);
#4294 = EDGE_CURVE('',#3799,#4218,#4295,.T.);
#4295 = SURFACE_CURVE('',#4296,(#4304,#4328),.PCURVE_S1.);
#4296 = ( BOUNDED_CURVE() B_SPLINE_CURVE(6,(#4297,#4298,#4299,#4300,
#4301,#4302,#4303),.UNSPECIFIED.,.F.,.F.) B_SPLINE_CURVE_WITH_KNOTS((7,7
),(0.,1.570796326795),.PIECEWISE_BEZIER_KNOTS.) CURVE() 
GEOMETRIC_REPRESENTATION_ITEM() RATIONAL_B_SPLINE_CURVE((1.031393471788,
    1.010025407661,0.997924642725,0.993958444137,0.997924642725,
1.010025407661,1.031393471788)) REPRESENTATION_ITEM('') );
#4297 = CARTESIAN_POINT('',(66.,58.,28.));
#4298 = CARTESIAN_POINT('',(66.,58.,26.930652867388));
#4299 = CARTESIAN_POINT('',(66.,57.659982597465,25.889165709671));
#4300 = CARTESIAN_POINT('',(66.,57.007678052809,24.992321947191));
#4301 = CARTESIAN_POINT('',(66.,56.110834290329,24.340017402535));
#4302 = CARTESIAN_POINT('',(66.,55.069347132612,24.));
#4303 = CARTESIAN_POINT('',(66.,54.,24.));
#4304 = PCURVE('',#3146,#4305);
#4305 = DEFINITIONAL_REPRESENTATION('',(#4306),#4327);
#4306 = B_SPLINE_CURVE_WITH_KNOTS('',10,(#4307,#4308,#4309,#4310,#4311,
    #4312,#4313,#4314,#4315,#4316,#4317,#4318,#4319,#4320,#4321,#4322,
    #4323,#4324,#4325,#4326),.UNSPECIFIED.,.F.,.F.,(11,9,11),(0.,
    0.785398163397,1.570796326795),.UNSPECIFIED.);
#4307 = CARTESIAN_POINT('',(2.828427124746,2.277727336815));
#4308 = CARTESIAN_POINT('',(2.828427124746,2.015959644589));
#4309 = CARTESIAN_POINT('',(2.814272077965,1.757788319445));
#4310 = CARTESIAN_POINT('',(2.769516618992,1.478193640418));
#4311 = CARTESIAN_POINT('',(2.705582046819,1.200259252486));
#4312 = CARTESIAN_POINT('',(2.637535894094,0.948383335503));
#4313 = CARTESIAN_POINT('',(2.569576048016,0.722316332754));
#4314 = CARTESIAN_POINT('',(2.490219422999,0.49202523918));
#4315 = CARTESIAN_POINT('',(2.377195184958,0.213384449203));
#4316 = CARTESIAN_POINT('',(2.212042527362,-0.135306835776));
#4317 = CARTESIAN_POINT('',(1.796783470512,-0.856654444741));
#4318 = CARTESIAN_POINT('',(1.597906820753,-1.189638245192));
#4319 = CARTESIAN_POINT('',(1.198530065079,-1.509459446744));
#4320 = CARTESIAN_POINT('',(1.690289946138,-1.345072104298));
#4321 = CARTESIAN_POINT('',(0.394356138128,-2.147833374327));
#4322 = CARTESIAN_POINT('',(1.572304428584,-1.562920218682));
#4323 = CARTESIAN_POINT('',(0.285893441582,-2.384439531155));
#4324 = CARTESIAN_POINT('',(0.601497497989,-2.242248446862));
#4325 = CARTESIAN_POINT('',(0.230999679385,-2.486545564959));
#4326 = CARTESIAN_POINT('',(1.176836406103E-14,-2.621146878943));
#4327 = ( GEOMETRIC_REPRESENTATION_CONTEXT(2) 
PARAMETRIC_REPRESENTATION_CONTEXT() REPRESENTATION_CONTEXT('2D SPACE',''
  ) );
#4328 = PCURVE('',#3889,#4329);
#4329 = DEFINITIONAL_REPRESENTATION('',(#4330),#4339);
#4330 = B_SPLINE_CURVE_WITH_KNOTS('',7,(#4331,#4332,#4333,#4334,#4335,
    #4336,#4337,#4338),.UNSPECIFIED.,.F.,.F.,(8,8),(0.,1.570796326795),
  .PIECEWISE_BEZIER_KNOTS.);
#4331 = CARTESIAN_POINT('',(0.,36.));
#4332 = CARTESIAN_POINT('',(-0.224398447986,36.));
#4333 = CARTESIAN_POINT('',(-0.448800627881,36.));
#4334 = CARTESIAN_POINT('',(-0.673196470836,36.));
#4335 = CARTESIAN_POINT('',(-0.897599855959,36.));
#4336 = CARTESIAN_POINT('',(-1.121995698914,36.));
#4337 = CARTESIAN_POINT('',(-1.346397878809,36.));
#4338 = CARTESIAN_POINT('',(-1.570796326795,36.));
#4339 = ( GEOMETRIC_REPRESENTATION_CONTEXT(2) 
PARAMETRIC_REPRESENTATION_CONTEXT() REPRESENTATION_CONTEXT('2D SPACE',''
  ) );
#4340 = ORIENTED_EDGE('',*,*,#3798,.F.);
#4341 = ADVANCED_FACE('',(#4342),#3405,.F.);
#4342 = FACE_BOUND('',#4343,.T.);
#4343 = EDGE_LOOP('',(#4344,#4345,#4368,#4415));
#4344 = ORIENTED_EDGE('',*,*,#4165,.T.);
#4345 = ORIENTED_EDGE('',*,*,#4346,.T.);
#4346 = EDGE_CURVE('',#4083,#4347,#4349,.T.);
#4347 = VERTEX_POINT('',#4348);
#4348 = CARTESIAN_POINT('',(34.,54.,24.));
#4349 = SURFACE_CURVE('',#4350,(#4354,#4361),.PCURVE_S1.);
#4350 = LINE('',#4351,#4352);
#4351 = CARTESIAN_POINT('',(34.,12.,24.));
#4352 = VECTOR('',#4353,1.);
#4353 = DIRECTION('',(-0.,1.,0.));
#4354 = PCURVE('',#3405,#4355);
#4355 = DEFINITIONAL_REPRESENTATION('',(#4356),#4360);
#4356 = LINE('',#4357,#4358);
#4357 = CARTESIAN_POINT('',(-1.570796326795,0.));
#4358 = VECTOR('',#4359,1.);
#4359 = DIRECTION('',(-0.,1.));
#4360 = ( GEOMETRIC_REPRESENTATION_CONTEXT(2) 
PARAMETRIC_REPRESENTATION_CONTEXT() REPRESENTATION_CONTEXT('2D SPACE',''
  ) );
#4361 = PCURVE('',#4145,#4362);
#4362 = DEFINITIONAL_REPRESENTATION('',(#4363),#4367);
#4363 = LINE('',#4364,#4365);
#4364 = CARTESIAN_POINT('',(4.,0.));
#4365 = VECTOR('',#4366,1.);
#4366 = DIRECTION('',(0.,1.));
#4367 = ( GEOMETRIC_REPRESENTATION_CONTEXT(2) 
PARAMETRIC_REPRESENTATION_CONTEXT() REPRESENTATION_CONTEXT('2D SPACE',''
  ) );
#4368 = ORIENTED_EDGE('',*,*,#4369,.T.);
#4369 = EDGE_CURVE('',#4347,#3390,#4370,.T.);
#4370 = SURFACE_CURVE('',#4371,(#4379,#4391),.PCURVE_S1.);
#4371 = ( BOUNDED_CURVE() B_SPLINE_CURVE(6,(#4372,#4373,#4374,#4375,
#4376,#4377,#4378),.UNSPECIFIED.,.F.,.F.) B_SPLINE_CURVE_WITH_KNOTS((7,7
),(0.,1.570796326795),.PIECEWISE_BEZIER_KNOTS.) CURVE() 
GEOMETRIC_REPRESENTATION_ITEM() RATIONAL_B_SPLINE_CURVE((1.031393471788,
    1.010025407661,0.997924642725,0.993958444137,0.997924642725,
1.010025407661,1.031393471788)) REPRESENTATION_ITEM('') );
#4372 = CARTESIAN_POINT('',(34.,54.,24.));
#4373 = CARTESIAN_POINT('',(32.930652867388,54.,24.));
#4374 = CARTESIAN_POINT('',(31.889165709671,54.,24.340017402535));
#4375 = CARTESIAN_POINT('',(30.992321947191,54.,24.992321947191));
#4376 = CARTESIAN_POINT('',(30.340017402535,54.,25.889165709671));
#4377 = CARTESIAN_POINT('',(30.,54.,26.930652867388));
#4378 = CARTESIAN_POINT('',(30.,54.,28.));
#4379 = PCURVE('',#3405,#4380);
#4380 = DEFINITIONAL_REPRESENTATION('',(#4381),#4390);
#4381 = B_SPLINE_CURVE_WITH_KNOTS('',7,(#4382,#4383,#4384,#4385,#4386,
    #4387,#4388,#4389),.UNSPECIFIED.,.F.,.F.,(8,8),(0.,1.570796326795),
  .PIECEWISE_BEZIER_KNOTS.);
#4382 = CARTESIAN_POINT('',(-1.570796326795,42.));
#4383 = CARTESIAN_POINT('',(-1.346397878809,42.));
#4384 = CARTESIAN_POINT('',(-1.121995698914,42.));
#4385 = CARTESIAN_POINT('',(-0.897599855959,42.000000000001));
#4386 = CARTESIAN_POINT('',(-0.673196470836,41.999999999999));
#4387 = CARTESIAN_POINT('',(-0.448800627881,42.));
#4388 = CARTESIAN_POINT('',(-0.224398447986,42.));
#4389 = CARTESIAN_POINT('',(-1.110223024625E-16,42.));
#4390 = ( GEOMETRIC_REPRESENTATION_CONTEXT(2) 
PARAMETRIC_REPRESENTATION_CONTEXT() REPRESENTATION_CONTEXT('2D SPACE',''
  ) );
#4391 = PCURVE('',#3432,#4392);
#4392 = DEFINITIONAL_REPRESENTATION('',(#4393),#4414);
#4393 = B_SPLINE_CURVE_WITH_KNOTS('',10,(#4394,#4395,#4396,#4397,#4398,
    #4399,#4400,#4401,#4402,#4403,#4404,#4405,#4406,#4407,#4408,#4409,
    #4410,#4411,#4412,#4413),.UNSPECIFIED.,.F.,.F.,(11,9,11),(0.,
    0.785398163397,1.570796326795),.UNSPECIFIED.);
#4394 = CARTESIAN_POINT('',(-4.440892098501E-16,-2.621146878943));
#4395 = CARTESIAN_POINT('',(-0.230999679415,-2.486545564942));
#4396 = CARTESIAN_POINT('',(-0.601497497719,-2.242248447017));
#4397 = CARTESIAN_POINT('',(-0.285893442333,-2.384439530738));
#4398 = CARTESIAN_POINT('',(-1.57230442748,-1.562920219264));
#4399 = CARTESIAN_POINT('',(-0.39435613931,-2.147833373673));
#4400 = CARTESIAN_POINT('',(-1.690289945339,-1.345072104744));
#4401 = CARTESIAN_POINT('',(-1.198530065398,-1.509459446565));
#4402 = CARTESIAN_POINT('',(-1.597906820686,-1.189638245237));
#4403 = CARTESIAN_POINT('',(-1.796783470516,-0.856654444733));
#4404 = CARTESIAN_POINT('',(-2.212042527362,-0.135306835776));
#4405 = CARTESIAN_POINT('',(-2.377195184965,0.213384449194));
#4406 = CARTESIAN_POINT('',(-2.490219423002,0.492025239182));
#4407 = CARTESIAN_POINT('',(-2.569576048008,0.722316332761));
#4408 = CARTESIAN_POINT('',(-2.637535894077,0.948383335486));
#4409 = CARTESIAN_POINT('',(-2.705582046804,1.200259252428));
#4410 = CARTESIAN_POINT('',(-2.769516618985,1.478193640336));
#4411 = CARTESIAN_POINT('',(-2.814272077967,1.757788319397));
#4412 = CARTESIAN_POINT('',(-2.828427124746,2.015959644619));
#4413 = CARTESIAN_POINT('',(-2.828427124746,2.277727336815));
#4414 = ( GEOMETRIC_REPRESENTATION_CONTEXT(2) 
PARAMETRIC_REPRESENTATION_CONTEXT() REPRESENTATION_CONTEXT('2D SPACE',''
  ) );
#4415 = ORIENTED_EDGE('',*,*,#3389,.F.);
#4416 = ADVANCED_FACE('',(#4417),#3432,.T.);
#4417 = FACE_BOUND('',#4418,.T.);
#4418 = EDGE_LOOP('',(#4419,#4420,#4421,#4422,#4469));
#4419 = ORIENTED_EDGE('',*,*,#3699,.F.);
#4420 = ORIENTED_EDGE('',*,*,#3417,.F.);
#4421 = ORIENTED_EDGE('',*,*,#4369,.F.);
#4422 = ORIENTED_EDGE('',*,*,#4423,.F.);
#4423 = EDGE_CURVE('',#3874,#4347,#4424,.T.);
#4424 = SURFACE_CURVE('',#4425,(#4433,#4457),.PCURVE_S1.);
#4425 = ( BOUNDED_CURVE() B_SPLINE_CURVE(6,(#4426,#4427,#4428,#4429,
#4430,#4431,#4432),.UNSPECIFIED.,.F.,.F.) B_SPLINE_CURVE_WITH_KNOTS((7,7
),(0.,1.570796326795),.PIECEWISE_BEZIER_KNOTS.) CURVE() 
GEOMETRIC_REPRESENTATION_ITEM() RATIONAL_B_SPLINE_CURVE((1.031393471788,
    1.010025407661,0.997924642725,0.993958444137,0.997924642725,
1.010025407661,1.031393471788)) REPRESENTATION_ITEM('') );
#4426 = CARTESIAN_POINT('',(34.,58.,28.));
#4427 = CARTESIAN_POINT('',(34.,58.,26.930652867388));
#4428 = CARTESIAN_POINT('',(34.,57.659982597465,25.889165709671));
#4429 = CARTESIAN_POINT('',(34.,57.007678052809,24.992321947191));
#4430 = CARTESIAN_POINT('',(34.,56.110834290329,24.340017402535));
#4431 = CARTESIAN_POINT('',(34.,55.069347132612,24.));
#4432 = CARTESIAN_POINT('',(34.,54.,24.));
#4433 = PCURVE('',#3432,#4434);
#4434 = DEFINITIONAL_REPRESENTATION('',(#4435),#4456);
#4435 = B_SPLINE_CURVE_WITH_KNOTS('',10,(#4436,#4437,#4438,#4439,#4440,
    #4441,#4442,#4443,#4444,#4445,#4446,#4447,#4448,#4449,#4450,#4451,
    #4452,#4453,#4454,#4455),.UNSPECIFIED.,.F.,.F.,(11,9,11),(0.,
    0.785398163397,1.570796326795),.UNSPECIFIED.);
#4436 = CARTESIAN_POINT('',(2.828427124746,2.277727336815));
#4437 = CARTESIAN_POINT('',(2.828427124746,2.015959644574));
#4438 = CARTESIAN_POINT('',(2.814272077973,1.757788319505));
#4439 = CARTESIAN_POINT('',(2.769516618997,1.478193640472));
#4440 = CARTESIAN_POINT('',(2.705582046816,1.200259252471));
#4441 = CARTESIAN_POINT('',(2.637535894082,0.948383335435));
#4442 = CARTESIAN_POINT('',(2.569576048007,0.722316332698));
#4443 = CARTESIAN_POINT('',(2.490219422994,0.492025239179));
#4444 = CARTESIAN_POINT('',(2.377195184961,0.213384449238));
#4445 = CARTESIAN_POINT('',(2.212042527365,-0.135306835771));
#4446 = CARTESIAN_POINT('',(1.796783470511,-0.856654444741));
#4447 = CARTESIAN_POINT('',(1.597906820707,-1.189638245231));
#4448 = CARTESIAN_POINT('',(1.198530065218,-1.509459446682));
#4449 = CARTESIAN_POINT('',(1.690289945799,-1.345072104432));
#4450 = CARTESIAN_POINT('',(0.394356138658,-2.147833374082));
#4451 = CARTESIAN_POINT('',(1.572304428182,-1.562920218793));
#4452 = CARTESIAN_POINT('',(0.285893441961,-2.384439530988));
#4453 = CARTESIAN_POINT('',(0.60149749781,-2.242248446965));
#4454 = CARTESIAN_POINT('',(0.230999679378,-2.486545564964));
#4455 = CARTESIAN_POINT('',(-1.554312234475E-15,-2.621146878943));
#4456 = ( GEOMETRIC_REPRESENTATION_CONTEXT(2) 
PARAMETRIC_REPRESENTATION_CONTEXT() REPRESENTATION_CONTEXT('2D SPACE',''
  ) );
#4457 = PCURVE('',#3889,#4458);
#4458 = DEFINITIONAL_REPRESENTATION('',(#4459),#4468);
#4459 = B_SPLINE_CURVE_WITH_KNOTS('',7,(#4460,#4461,#4462,#4463,#4464,
    #4465,#4466,#4467),.UNSPECIFIED.,.F.,.F.,(8,8),(0.,1.570796326795),
  .PIECEWISE_BEZIER_KNOTS.);
#4460 = CARTESIAN_POINT('',(0.,4.));
#4461 = CARTESIAN_POINT('',(-0.224398447986,4.));
#4462 = CARTESIAN_POINT('',(-0.448800627881,4.));
#4463 = CARTESIAN_POINT('',(-0.673196470836,4.));
#4464 = CARTESIAN_POINT('',(-0.897599855959,4.));
#4465 = CARTESIAN_POINT('',(-1.121995698914,4.));
#4466 = CARTESIAN_POINT('',(-1.346397878809,4.));
#4467 = CARTESIAN_POINT('',(-1.570796326795,4.));
#4468 = ( GEOMETRIC_REPRESENTATION_CONTEXT(2) 
PARAMETRIC_REPRESENTATION_CONTEXT() REPRESENTATION_CONTEXT('2D SPACE',''
  ) );
#4469 = ORIENTED_EDGE('',*,*,#3901,.F.);
#4470 = ADVANCED_FACE('',(#4471),#3889,.F.);
#4471 = FACE_BOUND('',#4472,.T.);
#4472 = EDGE_LOOP('',(#4473,#4474,#4495,#4496));
#4473 = ORIENTED_EDGE('',*,*,#4423,.T.);
#4474 = ORIENTED_EDGE('',*,*,#4475,.T.);
#4475 = EDGE_CURVE('',#4347,#4218,#4476,.T.);
#4476 = SURFACE_CURVE('',#4477,(#4481,#4488),.PCURVE_S1.);
#4477 = LINE('',#4478,#4479);
#4478 = CARTESIAN_POINT('',(30.,54.,24.));
#4479 = VECTOR('',#4480,1.);
#4480 = DIRECTION('',(1.,0.,-0.));
#4481 = PCURVE('',#3889,#4482);
#4482 = DEFINITIONAL_REPRESENTATION('',(#4483),#4487);
#4483 = LINE('',#4484,#4485);
#4484 = CARTESIAN_POINT('',(-1.570796326795,0.));
#4485 = VECTOR('',#4486,1.);
#4486 = DIRECTION('',(-0.,1.));
#4487 = ( GEOMETRIC_REPRESENTATION_CONTEXT(2) 
PARAMETRIC_REPRESENTATION_CONTEXT() REPRESENTATION_CONTEXT('2D SPACE',''
  ) );
#4488 = PCURVE('',#4145,#4489);
#4489 = DEFINITIONAL_REPRESENTATION('',(#4490),#4494);
#4490 = LINE('',#4491,#4492);
#4491 = CARTESIAN_POINT('',(0.,42.));
#4492 = VECTOR('',#4493,1.);
#4493 = DIRECTION('',(1.,0.));
#4494 = ( GEOMETRIC_REPRESENTATION_CONTEXT(2) 
PARAMETRIC_REPRESENTATION_CONTEXT() REPRESENTATION_CONTEXT('2D SPACE',''
  ) );
#4495 = ORIENTED_EDGE('',*,*,#4294,.F.);
#4496 = ORIENTED_EDGE('',*,*,#3873,.F.);
#4497 = ADVANCED_FACE('',(#4498),#4145,.T.);
#4498 = FACE_BOUND('',#4499,.T.);
#4499 = EDGE_LOOP('',(#4500,#4501,#4502,#4503));
#4500 = ORIENTED_EDGE('',*,*,#4131,.T.);
#4501 = ORIENTED_EDGE('',*,*,#4217,.T.);
#4502 = ORIENTED_EDGE('',*,*,#4475,.F.);
#4503 = ORIENTED_EDGE('',*,*,#4346,.F.);
#4504 = ( GEOMETRIC_REPRESENTATION_CONTEXT(3) 
GLOBAL_UNCERTAINTY_ASSIGNED_CONTEXT((#4508)) 
GLOBAL_UNIT_ASSIGNED_CONTEXT((#4505,#4506,#4507)) REPRESENTATION_CONTEXT
('Context #1','3D Context with UNIT and UNCERTAINTY') );
#4505 = ( LENGTH_UNIT() NAMED_UNIT(*) SI_UNIT(.MILLI.,.METRE.) );
#4506 = ( NAMED_UNIT(*) PLANE_ANGLE_UNIT() SI_UNIT($,.RADIAN.) );
#4507 = ( NAMED_UNIT(*) SI_UNIT($,.STERADIAN.) SOLID_ANGLE_UNIT() );
#4508 = UNCERTAINTY_MEASURE_WITH_UNIT(LENGTH_MEASURE(0.5),#4505,
  'distance_accuracy_value','confusion accuracy');
#4509 = PRODUCT_RELATED_PRODUCT_CATEGORY('part',$,(#7));
ENDSEC;
END-ISO-10303-21;
