ISO-10303-21;
HEADER;
FILE_DESCRIPTION(('Open CASCADE Model'),'2;1');
FILE_NAME('Open CASCADE Shape Model','1970-01-01T00:00:00',('Author'),(
    'Open CASCADE'),'Open CASCADE STEP processor 7.8','Open CASCADE 7.8'
  ,'Unknown');
FILE_SCHEMA(('AUTOMOTIVE_DESIGN { 1 0 10303 214 1 1 1 1 }'));
ENDSEC;
DATA;
#1 = APPLICATION_PROTOCOL_DEFINITION('international standard',
  'automotive_design',2000,#2);
#2 = APPLICATION_CONTEXT(
  'core data for automotive mechanical design processes');
#3 = SHAPE_DEFINITION_REPRESENTATION(#4,#10);
#4 = PRODUCT_DEFINITION_SHAPE('','',#5);
#5 = PRODUCT_DEFINITION('design','',#6,#9);
#6 = PRODUCT_DEFINITION_FORMATION('','',#7);
#7 = PRODUCT('Open CASCADE STEP translator 7.8 1',
  'Open CASCADE STEP translator 7.8 1','',(#8));
#8 = PRODUCT_CONTEXT('',#2,'mechanical');
#9 = PRODUCT_DEFINITION_CONTEXT('part definition',#2,'design');
#10 = ADVANCED_BREP_SHAPE_REPRESENTATION('',(#11,#15),#3111);
#11 = AXIS2_PLACEMENT_3D('',#12,#13,#14);
#12 = CARTESIAN_POINT('',(0.,0.,0.));
#13 = DIRECTION('',(0.,0.,1.));
#14 = DIRECTION('',(1.,0.,-0.));
#15 = MANIFOLD_SOLID_BREP('',#16);
#16 = CLOSED_SHELL('',(#17,#137,#225,#304,#385,#461,#491,#521,#597,#740,
    #765,#1146,#1171,#1247,#1280,#1311,#1387,#1420,#1487,#1541,#1595,
    #1628,#1695,#1744,#1818,#1872,#1926,#1979,#2032,#2086,#2140,#2172,
    #2221,#2286,#2292,#2298,#2305,#2311,#2338,#2365,#2371,#2447,#2502,
    #2557,#2611,#2665,#2720,#2775,#2807,#2881,#2906,#2931,#2979,#3027,
    #3052,#3077,#3104));
#17 = ADVANCED_FACE('',(#18),#32,.F.);
#18 = FACE_BOUND('',#19,.F.);
#19 = EDGE_LOOP('',(#20,#55,#83,#111));
#20 = ORIENTED_EDGE('',*,*,#21,.F.);
#21 = EDGE_CURVE('',#22,#24,#26,.T.);
#22 = VERTEX_POINT('',#23);
#23 = CARTESIAN_POINT('',(-1.110223024625E-16,0.8,0.8));
#24 = VERTEX_POINT('',#25);
#25 = CARTESIAN_POINT('',(-1.110223024625E-16,0.8,57.2));
#26 = SURFACE_CURVE('',#27,(#31,#43),.PCURVE_S1.);
#27 = LINE('',#28,#29);
#28 = CARTESIAN_POINT('',(-1.110223024625E-16,0.8,0.));
#29 = VECTOR('',#30,1.);
#30 = DIRECTION('',(0.,0.,1.));
#31 = PCURVE('',#32,#37);
#32 = PLANE('',#33);
#33 = AXIS2_PLACEMENT_3D('',#34,#35,#36);
#34 = CARTESIAN_POINT('',(0.,0.,0.));
#35 = DIRECTION('',(1.,0.,-0.));
#36 = DIRECTION('',(0.,0.,1.));
#37 = DEFINITIONAL_REPRESENTATION('',(#38),#42);
#38 = LINE('',#39,#40);
#39 = CARTESIAN_POINT('',(0.,-0.8));
#40 = VECTOR('',#41,1.);
#41 = DIRECTION('',(1.,0.));
#42 = ( GEOMETRIC_REPRESENTATION_CONTEXT(2) 
PARAMETRIC_REPRESENTATION_CONTEXT() REPRESENTATION_CONTEXT('2D SPACE',''
  ) );
#43 = PCURVE('',#44,#49);
#44 = CYLINDRICAL_SURFACE('',#45,0.8);
#45 = AXIS2_PLACEMENT_3D('',#46,#47,#48);
#46 = CARTESIAN_POINT('',(0.8,0.8,0.));
#47 = DIRECTION('',(0.,0.,1.));
#48 = DIRECTION('',(-1.,-0.,0.));
#49 = DEFINITIONAL_REPRESENTATION('',(#50),#54);
#50 = LINE('',#51,#52);
#51 = CARTESIAN_POINT('',(0.,0.));
#52 = VECTOR('',#53,1.);
#53 = DIRECTION('',(0.,1.));
#54 = ( GEOMETRIC_REPRESENTATION_CONTEXT(2) 
PARAMETRIC_REPRESENTATION_CONTEXT() REPRESENTATION_CONTEXT('2D SPACE',''
  ) );
#55 = ORIENTED_EDGE('',*,*,#56,.T.);
#56 = EDGE_CURVE('',#22,#57,#59,.T.);
#57 = VERTEX_POINT('',#58);
#58 = CARTESIAN_POINT('',(-1.110223024625E-16,69.2,0.8));
#59 = SURFACE_CURVE('',#60,(#64,#71),.PCURVE_S1.);
#60 = LINE('',#61,#62);
#61 = CARTESIAN_POINT('',(-1.110223024625E-16,0.,0.8));
#62 = VECTOR('',#63,1.);
#63 = DIRECTION('',(-0.,1.,0.));
#64 = PCURVE('',#32,#65);
#65 = DEFINITIONAL_REPRESENTATION('',(#66),#70);
#66 = LINE('',#67,#68);
#67 = CARTESIAN_POINT('',(0.8,0.));
#68 = VECTOR('',#69,1.);
#69 = DIRECTION('',(0.,-1.));
#70 = ( GEOMETRIC_REPRESENTATION_CONTEXT(2) 
PARAMETRIC_REPRESENTATION_CONTEXT() REPRESENTATION_CONTEXT('2D SPACE',''
  ) );
#71 = PCURVE('',#72,#77);
#72 = CYLINDRICAL_SURFACE('',#73,0.8);
#73 = AXIS2_PLACEMENT_3D('',#74,#75,#76);
#74 = CARTESIAN_POINT('',(0.8,0.,0.8));
#75 = DIRECTION('',(-0.,1.,0.));
#76 = DIRECTION('',(-1.,-0.,0.));
#77 = DEFINITIONAL_REPRESENTATION('',(#78),#82);
#78 = LINE('',#79,#80);
#79 = CARTESIAN_POINT('',(-0.,0.));
#80 = VECTOR('',#81,1.);
#81 = DIRECTION('',(-0.,1.));
#82 = ( GEOMETRIC_REPRESENTATION_CONTEXT(2) 
PARAMETRIC_REPRESENTATION_CONTEXT() REPRESENTATION_CONTEXT('2D SPACE',''
  ) );
#83 = ORIENTED_EDGE('',*,*,#84,.T.);
#84 = EDGE_CURVE('',#57,#85,#87,.T.);
#85 = VERTEX_POINT('',#86);
#86 = CARTESIAN_POINT('',(-1.110223024625E-16,69.2,57.2));
#87 = SURFACE_CURVE('',#88,(#92,#99),.PCURVE_S1.);
#88 = LINE('',#89,#90);
#89 = CARTESIAN_POINT('',(-1.110223024625E-16,69.2,0.));
#90 = VECTOR('',#91,1.);
#91 = DIRECTION('',(0.,0.,1.));
#92 = PCURVE('',#32,#93);
#93 = DEFINITIONAL_REPRESENTATION('',(#94),#98);
#94 = LINE('',#95,#96);
#95 = CARTESIAN_POINT('',(0.,-69.2));
#96 = VECTOR('',#97,1.);
#97 = DIRECTION('',(1.,0.));
#98 = ( GEOMETRIC_REPRESENTATION_CONTEXT(2) 
PARAMETRIC_REPRESENTATION_CONTEXT() REPRESENTATION_CONTEXT('2D SPACE',''
  ) );
#99 = PCURVE('',#100,#105);
#100 = CYLINDRICAL_SURFACE('',#101,0.8);
#101 = AXIS2_PLACEMENT_3D('',#102,#103,#104);
#102 = CARTESIAN_POINT('',(0.8,69.2,0.));
#103 = DIRECTION('',(0.,0.,1.));
#104 = DIRECTION('',(-1.,-0.,0.));
#105 = DEFINITIONAL_REPRESENTATION('',(#106),#110);
#106 = LINE('',#107,#108);
#107 = CARTESIAN_POINT('',(-0.,0.));
#108 = VECTOR('',#109,1.);
#109 = DIRECTION('',(-0.,1.));
#110 = ( GEOMETRIC_REPRESENTATION_CONTEXT(2) 
PARAMETRIC_REPRESENTATION_CONTEXT() REPRESENTATION_CONTEXT('2D SPACE',''
  ) );
#111 = ORIENTED_EDGE('',*,*,#112,.F.);
#112 = EDGE_CURVE('',#24,#85,#113,.T.);
#113 = SURFACE_CURVE('',#114,(#118,#125),.PCURVE_S1.);
#114 = LINE('',#115,#116);
#115 = CARTESIAN_POINT('',(-1.110223024625E-16,0.,57.2));
#116 = VECTOR('',#117,1.);
#117 = DIRECTION('',(-0.,1.,0.));
#118 = PCURVE('',#32,#119);
#119 = DEFINITIONAL_REPRESENTATION('',(#120),#124);
#120 = LINE('',#121,#122);
#121 = CARTESIAN_POINT('',(57.2,0.));
#122 = VECTOR('',#123,1.);
#123 = DIRECTION('',(0.,-1.));
#124 = ( GEOMETRIC_REPRESENTATION_CONTEXT(2) 
PARAMETRIC_REPRESENTATION_CONTEXT() REPRESENTATION_CONTEXT('2D SPACE',''
  ) );
#125 = PCURVE('',#126,#131);
#126 = CYLINDRICAL_SURFACE('',#127,0.8);
#127 = AXIS2_PLACEMENT_3D('',#128,#129,#130);
#128 = CARTESIAN_POINT('',(0.8,0.,57.2));
#129 = DIRECTION('',(-0.,1.,0.));
#130 = DIRECTION('',(-1.,-0.,0.));
#131 = DEFINITIONAL_REPRESENTATION('',(#132),#136);
#132 = LINE('',#133,#134);
#133 = CARTESIAN_POINT('',(0.,0.));
#134 = VECTOR('',#135,1.);
#135 = DIRECTION('',(0.,1.));
#136 = ( GEOMETRIC_REPRESENTATION_CONTEXT(2) 
PARAMETRIC_REPRESENTATION_CONTEXT() REPRESENTATION_CONTEXT('2D SPACE',''
  ) );
#137 = ADVANCED_FACE('',(#138),#44,.T.);
#138 = FACE_BOUND('',#139,.T.);
#139 = EDGE_LOOP('',(#140,#141,#170,#198));
#140 = ORIENTED_EDGE('',*,*,#21,.F.);
#141 = ORIENTED_EDGE('',*,*,#142,.T.);
#142 = EDGE_CURVE('',#22,#143,#145,.T.);
#143 = VERTEX_POINT('',#144);
#144 = CARTESIAN_POINT('',(0.8,-1.110223024625E-16,0.8));
#145 = SURFACE_CURVE('',#146,(#151,#158),.PCURVE_S1.);
#146 = CIRCLE('',#147,0.8);
#147 = AXIS2_PLACEMENT_3D('',#148,#149,#150);
#148 = CARTESIAN_POINT('',(0.8,0.8,0.8));
#149 = DIRECTION('',(0.,0.,1.));
#150 = DIRECTION('',(-1.,0.,0.));
#151 = PCURVE('',#44,#152);
#152 = DEFINITIONAL_REPRESENTATION('',(#153),#157);
#153 = LINE('',#154,#155);
#154 = CARTESIAN_POINT('',(0.,0.8));
#155 = VECTOR('',#156,1.);
#156 = DIRECTION('',(1.,0.));
#157 = ( GEOMETRIC_REPRESENTATION_CONTEXT(2) 
PARAMETRIC_REPRESENTATION_CONTEXT() REPRESENTATION_CONTEXT('2D SPACE',''
  ) );
#158 = PCURVE('',#159,#164);
#159 = SPHERICAL_SURFACE('',#160,0.8);
#160 = AXIS2_PLACEMENT_3D('',#161,#162,#163);
#161 = CARTESIAN_POINT('',(0.8,0.8,0.8));
#162 = DIRECTION('',(0.,0.,1.));
#163 = DIRECTION('',(-1.,0.,0.));
#164 = DEFINITIONAL_REPRESENTATION('',(#165),#169);
#165 = LINE('',#166,#167);
#166 = CARTESIAN_POINT('',(0.,0.));
#167 = VECTOR('',#168,1.);
#168 = DIRECTION('',(1.,0.));
#169 = ( GEOMETRIC_REPRESENTATION_CONTEXT(2) 
PARAMETRIC_REPRESENTATION_CONTEXT() REPRESENTATION_CONTEXT('2D SPACE',''
  ) );
#170 = ORIENTED_EDGE('',*,*,#171,.T.);
#171 = EDGE_CURVE('',#143,#172,#174,.T.);
#172 = VERTEX_POINT('',#173);
#173 = CARTESIAN_POINT('',(0.8,-1.110223024625E-16,57.2));
#174 = SURFACE_CURVE('',#175,(#179,#186),.PCURVE_S1.);
#175 = LINE('',#176,#177);
#176 = CARTESIAN_POINT('',(0.8,-1.110223024625E-16,0.));
#177 = VECTOR('',#178,1.);
#178 = DIRECTION('',(0.,0.,1.));
#179 = PCURVE('',#44,#180);
#180 = DEFINITIONAL_REPRESENTATION('',(#181),#185);
#181 = LINE('',#182,#183);
#182 = CARTESIAN_POINT('',(1.570796326795,0.));
#183 = VECTOR('',#184,1.);
#184 = DIRECTION('',(0.,1.));
#185 = ( GEOMETRIC_REPRESENTATION_CONTEXT(2) 
PARAMETRIC_REPRESENTATION_CONTEXT() REPRESENTATION_CONTEXT('2D SPACE',''
  ) );
#186 = PCURVE('',#187,#192);
#187 = PLANE('',#188);
#188 = AXIS2_PLACEMENT_3D('',#189,#190,#191);
#189 = CARTESIAN_POINT('',(0.,0.,0.));
#190 = DIRECTION('',(-0.,1.,0.));
#191 = DIRECTION('',(0.,0.,1.));
#192 = DEFINITIONAL_REPRESENTATION('',(#193),#197);
#193 = LINE('',#194,#195);
#194 = CARTESIAN_POINT('',(0.,0.8));
#195 = VECTOR('',#196,1.);
#196 = DIRECTION('',(1.,0.));
#197 = ( GEOMETRIC_REPRESENTATION_CONTEXT(2) 
PARAMETRIC_REPRESENTATION_CONTEXT() REPRESENTATION_CONTEXT('2D SPACE',''
  ) );
#198 = ORIENTED_EDGE('',*,*,#199,.F.);
#199 = EDGE_CURVE('',#24,#172,#200,.T.);
#200 = SURFACE_CURVE('',#201,(#206,#213),.PCURVE_S1.);
#201 = CIRCLE('',#202,0.8);
#202 = AXIS2_PLACEMENT_3D('',#203,#204,#205);
#203 = CARTESIAN_POINT('',(0.8,0.8,57.2));
#204 = DIRECTION('',(0.,0.,1.));
#205 = DIRECTION('',(-1.,0.,0.));
#206 = PCURVE('',#44,#207);
#207 = DEFINITIONAL_REPRESENTATION('',(#208),#212);
#208 = LINE('',#209,#210);
#209 = CARTESIAN_POINT('',(0.,57.2));
#210 = VECTOR('',#211,1.);
#211 = DIRECTION('',(1.,0.));
#212 = ( GEOMETRIC_REPRESENTATION_CONTEXT(2) 
PARAMETRIC_REPRESENTATION_CONTEXT() REPRESENTATION_CONTEXT('2D SPACE',''
  ) );
#213 = PCURVE('',#214,#219);
#214 = SPHERICAL_SURFACE('',#215,0.8);
#215 = AXIS2_PLACEMENT_3D('',#216,#217,#218);
#216 = CARTESIAN_POINT('',(0.8,0.8,57.2));
#217 = DIRECTION('',(-0.,-0.,-1.));
#218 = DIRECTION('',(-1.,0.,0.));
#219 = DEFINITIONAL_REPRESENTATION('',(#220),#224);
#220 = LINE('',#221,#222);
#221 = CARTESIAN_POINT('',(-0.,0.));
#222 = VECTOR('',#223,1.);
#223 = DIRECTION('',(-1.,0.));
#224 = ( GEOMETRIC_REPRESENTATION_CONTEXT(2) 
PARAMETRIC_REPRESENTATION_CONTEXT() REPRESENTATION_CONTEXT('2D SPACE',''
  ) );
#225 = ADVANCED_FACE('',(#226),#72,.T.);
#226 = FACE_BOUND('',#227,.F.);
#227 = EDGE_LOOP('',(#228,#250,#278,#303));
#228 = ORIENTED_EDGE('',*,*,#229,.F.);
#229 = EDGE_CURVE('',#230,#22,#232,.T.);
#230 = VERTEX_POINT('',#231);
#231 = CARTESIAN_POINT('',(0.8,0.8,0.));
#232 = SURFACE_CURVE('',#233,(#238,#244),.PCURVE_S1.);
#233 = CIRCLE('',#234,0.8);
#234 = AXIS2_PLACEMENT_3D('',#235,#236,#237);
#235 = CARTESIAN_POINT('',(0.8,0.8,0.8));
#236 = DIRECTION('',(0.,1.,-0.));
#237 = DIRECTION('',(-1.,0.,0.));
#238 = PCURVE('',#72,#239);
#239 = DEFINITIONAL_REPRESENTATION('',(#240),#243);
#240 = B_SPLINE_CURVE_WITH_KNOTS('',1,(#241,#242),.UNSPECIFIED.,.F.,.F.,
  (2,2),(4.712388980385,6.28318530718),.PIECEWISE_BEZIER_KNOTS.);
#241 = CARTESIAN_POINT('',(-1.570796326795,0.8));
#242 = CARTESIAN_POINT('',(0.,0.8));
#243 = ( GEOMETRIC_REPRESENTATION_CONTEXT(2) 
PARAMETRIC_REPRESENTATION_CONTEXT() REPRESENTATION_CONTEXT('2D SPACE',''
  ) );
#244 = PCURVE('',#159,#245);
#245 = DEFINITIONAL_REPRESENTATION('',(#246),#249);
#246 = B_SPLINE_CURVE_WITH_KNOTS('',1,(#247,#248),.UNSPECIFIED.,.F.,.F.,
  (2,2),(4.712388980385,6.28318530718),.PIECEWISE_BEZIER_KNOTS.);
#247 = CARTESIAN_POINT('',(0.,-1.570796326795));
#248 = CARTESIAN_POINT('',(0.,0.));
#249 = ( GEOMETRIC_REPRESENTATION_CONTEXT(2) 
PARAMETRIC_REPRESENTATION_CONTEXT() REPRESENTATION_CONTEXT('2D SPACE',''
  ) );
#250 = ORIENTED_EDGE('',*,*,#251,.T.);
#251 = EDGE_CURVE('',#230,#252,#254,.T.);
#252 = VERTEX_POINT('',#253);
#253 = CARTESIAN_POINT('',(0.8,69.2,0.));
#254 = SURFACE_CURVE('',#255,(#259,#266),.PCURVE_S1.);
#255 = LINE('',#256,#257);
#256 = CARTESIAN_POINT('',(0.8,0.,-1.110223024625E-16));
#257 = VECTOR('',#258,1.);
#258 = DIRECTION('',(-0.,1.,0.));
#259 = PCURVE('',#72,#260);
#260 = DEFINITIONAL_REPRESENTATION('',(#261),#265);
#261 = LINE('',#262,#263);
#262 = CARTESIAN_POINT('',(-1.570796326795,0.));
#263 = VECTOR('',#264,1.);
#264 = DIRECTION('',(-0.,1.));
#265 = ( GEOMETRIC_REPRESENTATION_CONTEXT(2) 
PARAMETRIC_REPRESENTATION_CONTEXT() REPRESENTATION_CONTEXT('2D SPACE',''
  ) );
#266 = PCURVE('',#267,#272);
#267 = PLANE('',#268);
#268 = AXIS2_PLACEMENT_3D('',#269,#270,#271);
#269 = CARTESIAN_POINT('',(0.,0.,0.));
#270 = DIRECTION('',(0.,0.,1.));
#271 = DIRECTION('',(1.,0.,-0.));
#272 = DEFINITIONAL_REPRESENTATION('',(#273),#277);
#273 = LINE('',#274,#275);
#274 = CARTESIAN_POINT('',(0.8,0.));
#275 = VECTOR('',#276,1.);
#276 = DIRECTION('',(0.,1.));
#277 = ( GEOMETRIC_REPRESENTATION_CONTEXT(2) 
PARAMETRIC_REPRESENTATION_CONTEXT() REPRESENTATION_CONTEXT('2D SPACE',''
  ) );
#278 = ORIENTED_EDGE('',*,*,#279,.T.);
#279 = EDGE_CURVE('',#252,#57,#280,.T.);
#280 = SURFACE_CURVE('',#281,(#286,#292),.PCURVE_S1.);
#281 = CIRCLE('',#282,0.8);
#282 = AXIS2_PLACEMENT_3D('',#283,#284,#285);
#283 = CARTESIAN_POINT('',(0.8,69.2,0.8));
#284 = DIRECTION('',(0.,1.,-0.));
#285 = DIRECTION('',(-1.,0.,0.));
#286 = PCURVE('',#72,#287);
#287 = DEFINITIONAL_REPRESENTATION('',(#288),#291);
#288 = B_SPLINE_CURVE_WITH_KNOTS('',1,(#289,#290),.UNSPECIFIED.,.F.,.F.,
  (2,2),(4.712388980385,6.28318530718),.PIECEWISE_BEZIER_KNOTS.);
#289 = CARTESIAN_POINT('',(-1.570796326795,69.2));
#290 = CARTESIAN_POINT('',(0.,69.2));
#291 = ( GEOMETRIC_REPRESENTATION_CONTEXT(2) 
PARAMETRIC_REPRESENTATION_CONTEXT() REPRESENTATION_CONTEXT('2D SPACE',''
  ) );
#292 = PCURVE('',#293,#298);
#293 = SPHERICAL_SURFACE('',#294,0.8);
#294 = AXIS2_PLACEMENT_3D('',#295,#296,#297);
#295 = CARTESIAN_POINT('',(0.8,69.2,0.8));
#296 = DIRECTION('',(0.,0.,1.));
#297 = DIRECTION('',(-1.,0.,0.));
#298 = DEFINITIONAL_REPRESENTATION('',(#299),#302);
#299 = B_SPLINE_CURVE_WITH_KNOTS('',1,(#300,#301),.UNSPECIFIED.,.F.,.F.,
  (2,2),(4.712388980385,6.28318530718),.PIECEWISE_BEZIER_KNOTS.);
#300 = CARTESIAN_POINT('',(0.,-1.570796326795));
#301 = CARTESIAN_POINT('',(0.,0.));
#302 = ( GEOMETRIC_REPRESENTATION_CONTEXT(2) 
PARAMETRIC_REPRESENTATION_CONTEXT() REPRESENTATION_CONTEXT('2D SPACE',''
  ) );
#303 = ORIENTED_EDGE('',*,*,#56,.F.);
#304 = ADVANCED_FACE('',(#305),#126,.T.);
#305 = FACE_BOUND('',#306,.T.);
#306 = EDGE_LOOP('',(#307,#329,#357,#384));
#307 = ORIENTED_EDGE('',*,*,#308,.F.);
#308 = EDGE_CURVE('',#309,#24,#311,.T.);
#309 = VERTEX_POINT('',#310);
#310 = CARTESIAN_POINT('',(0.8,0.8,58.));
#311 = SURFACE_CURVE('',#312,(#317,#323),.PCURVE_S1.);
#312 = CIRCLE('',#313,0.8);
#313 = AXIS2_PLACEMENT_3D('',#314,#315,#316);
#314 = CARTESIAN_POINT('',(0.8,0.8,57.2));
#315 = DIRECTION('',(0.,-1.,0.));
#316 = DIRECTION('',(-1.,0.,0.));
#317 = PCURVE('',#126,#318);
#318 = DEFINITIONAL_REPRESENTATION('',(#319),#322);
#319 = B_SPLINE_CURVE_WITH_KNOTS('',1,(#320,#321),.UNSPECIFIED.,.F.,.F.,
  (2,2),(4.712388980385,6.28318530718),.PIECEWISE_BEZIER_KNOTS.);
#320 = CARTESIAN_POINT('',(1.570796326795,0.8));
#321 = CARTESIAN_POINT('',(0.,0.8));
#322 = ( GEOMETRIC_REPRESENTATION_CONTEXT(2) 
PARAMETRIC_REPRESENTATION_CONTEXT() REPRESENTATION_CONTEXT('2D SPACE',''
  ) );
#323 = PCURVE('',#214,#324);
#324 = DEFINITIONAL_REPRESENTATION('',(#325),#328);
#325 = B_SPLINE_CURVE_WITH_KNOTS('',1,(#326,#327),.UNSPECIFIED.,.F.,.F.,
  (2,2),(4.712388980385,6.28318530718),.PIECEWISE_BEZIER_KNOTS.);
#326 = CARTESIAN_POINT('',(0.,-1.570796326795));
#327 = CARTESIAN_POINT('',(0.,0.));
#328 = ( GEOMETRIC_REPRESENTATION_CONTEXT(2) 
PARAMETRIC_REPRESENTATION_CONTEXT() REPRESENTATION_CONTEXT('2D SPACE',''
  ) );
#329 = ORIENTED_EDGE('',*,*,#330,.T.);
#330 = EDGE_CURVE('',#309,#331,#333,.T.);
#331 = VERTEX_POINT('',#332);
#332 = CARTESIAN_POINT('',(0.8,69.2,58.));
#333 = SURFACE_CURVE('',#334,(#338,#345),.PCURVE_S1.);
#334 = LINE('',#335,#336);
#335 = CARTESIAN_POINT('',(0.8,0.,58.));
#336 = VECTOR('',#337,1.);
#337 = DIRECTION('',(-0.,1.,0.));
#338 = PCURVE('',#126,#339);
#339 = DEFINITIONAL_REPRESENTATION('',(#340),#344);
#340 = LINE('',#341,#342);
#341 = CARTESIAN_POINT('',(1.570796326795,0.));
#342 = VECTOR('',#343,1.);
#343 = DIRECTION('',(0.,1.));
#344 = ( GEOMETRIC_REPRESENTATION_CONTEXT(2) 
PARAMETRIC_REPRESENTATION_CONTEXT() REPRESENTATION_CONTEXT('2D SPACE',''
  ) );
#345 = PCURVE('',#346,#351);
#346 = PLANE('',#347);
#347 = AXIS2_PLACEMENT_3D('',#348,#349,#350);
#348 = CARTESIAN_POINT('',(0.,0.,58.));
#349 = DIRECTION('',(0.,0.,1.));
#350 = DIRECTION('',(1.,0.,-0.));
#351 = DEFINITIONAL_REPRESENTATION('',(#352),#356);
#352 = LINE('',#353,#354);
#353 = CARTESIAN_POINT('',(0.8,0.));
#354 = VECTOR('',#355,1.);
#355 = DIRECTION('',(0.,1.));
#356 = ( GEOMETRIC_REPRESENTATION_CONTEXT(2) 
PARAMETRIC_REPRESENTATION_CONTEXT() REPRESENTATION_CONTEXT('2D SPACE',''
  ) );
#357 = ORIENTED_EDGE('',*,*,#358,.F.);
#358 = EDGE_CURVE('',#85,#331,#359,.T.);
#359 = SURFACE_CURVE('',#360,(#365,#372),.PCURVE_S1.);
#360 = CIRCLE('',#361,0.8);
#361 = AXIS2_PLACEMENT_3D('',#362,#363,#364);
#362 = CARTESIAN_POINT('',(0.8,69.2,57.2));
#363 = DIRECTION('',(-0.,1.,0.));
#364 = DIRECTION('',(-1.,-0.,0.));
#365 = PCURVE('',#126,#366);
#366 = DEFINITIONAL_REPRESENTATION('',(#367),#371);
#367 = LINE('',#368,#369);
#368 = CARTESIAN_POINT('',(0.,69.2));
#369 = VECTOR('',#370,1.);
#370 = DIRECTION('',(1.,0.));
#371 = ( GEOMETRIC_REPRESENTATION_CONTEXT(2) 
PARAMETRIC_REPRESENTATION_CONTEXT() REPRESENTATION_CONTEXT('2D SPACE',''
  ) );
#372 = PCURVE('',#373,#378);
#373 = SPHERICAL_SURFACE('',#374,0.8);
#374 = AXIS2_PLACEMENT_3D('',#375,#376,#377);
#375 = CARTESIAN_POINT('',(0.8,69.2,57.2));
#376 = DIRECTION('',(0.,-1.,-0.));
#377 = DIRECTION('',(-1.,-0.,0.));
#378 = DEFINITIONAL_REPRESENTATION('',(#379),#383);
#379 = LINE('',#380,#381);
#380 = CARTESIAN_POINT('',(-0.,0.));
#381 = VECTOR('',#382,1.);
#382 = DIRECTION('',(-1.,0.));
#383 = ( GEOMETRIC_REPRESENTATION_CONTEXT(2) 
PARAMETRIC_REPRESENTATION_CONTEXT() REPRESENTATION_CONTEXT('2D SPACE',''
  ) );
#384 = ORIENTED_EDGE('',*,*,#112,.F.);
#385 = ADVANCED_FACE('',(#386),#100,.T.);
#386 = FACE_BOUND('',#387,.F.);
#387 = EDGE_LOOP('',(#388,#389,#413,#441));
#388 = ORIENTED_EDGE('',*,*,#84,.F.);
#389 = ORIENTED_EDGE('',*,*,#390,.T.);
#390 = EDGE_CURVE('',#57,#391,#393,.T.);
#391 = VERTEX_POINT('',#392);
#392 = CARTESIAN_POINT('',(0.8,70.,0.8));
#393 = SURFACE_CURVE('',#394,(#399,#406),.PCURVE_S1.);
#394 = CIRCLE('',#395,0.8);
#395 = AXIS2_PLACEMENT_3D('',#396,#397,#398);
#396 = CARTESIAN_POINT('',(0.8,69.2,0.8));
#397 = DIRECTION('',(-0.,0.,-1.));
#398 = DIRECTION('',(-1.,0.,0.));
#399 = PCURVE('',#100,#400);
#400 = DEFINITIONAL_REPRESENTATION('',(#401),#405);
#401 = LINE('',#402,#403);
#402 = CARTESIAN_POINT('',(-0.,0.8));
#403 = VECTOR('',#404,1.);
#404 = DIRECTION('',(-1.,0.));
#405 = ( GEOMETRIC_REPRESENTATION_CONTEXT(2) 
PARAMETRIC_REPRESENTATION_CONTEXT() REPRESENTATION_CONTEXT('2D SPACE',''
  ) );
#406 = PCURVE('',#293,#407);
#407 = DEFINITIONAL_REPRESENTATION('',(#408),#412);
#408 = LINE('',#409,#410);
#409 = CARTESIAN_POINT('',(-0.,0.));
#410 = VECTOR('',#411,1.);
#411 = DIRECTION('',(-1.,0.));
#412 = ( GEOMETRIC_REPRESENTATION_CONTEXT(2) 
PARAMETRIC_REPRESENTATION_CONTEXT() REPRESENTATION_CONTEXT('2D SPACE',''
  ) );
#413 = ORIENTED_EDGE('',*,*,#414,.T.);
#414 = EDGE_CURVE('',#391,#415,#417,.T.);
#415 = VERTEX_POINT('',#416);
#416 = CARTESIAN_POINT('',(0.8,70.,57.2));
#417 = SURFACE_CURVE('',#418,(#422,#429),.PCURVE_S1.);
#418 = LINE('',#419,#420);
#419 = CARTESIAN_POINT('',(0.8,70.,0.));
#420 = VECTOR('',#421,1.);
#421 = DIRECTION('',(0.,0.,1.));
#422 = PCURVE('',#100,#423);
#423 = DEFINITIONAL_REPRESENTATION('',(#424),#428);
#424 = LINE('',#425,#426);
#425 = CARTESIAN_POINT('',(-1.570796326795,0.));
#426 = VECTOR('',#427,1.);
#427 = DIRECTION('',(-0.,1.));
#428 = ( GEOMETRIC_REPRESENTATION_CONTEXT(2) 
PARAMETRIC_REPRESENTATION_CONTEXT() REPRESENTATION_CONTEXT('2D SPACE',''
  ) );
#429 = PCURVE('',#430,#435);
#430 = PLANE('',#431);
#431 = AXIS2_PLACEMENT_3D('',#432,#433,#434);
#432 = CARTESIAN_POINT('',(0.,70.,0.));
#433 = DIRECTION('',(-0.,1.,0.));
#434 = DIRECTION('',(0.,0.,1.));
#435 = DEFINITIONAL_REPRESENTATION('',(#436),#440);
#436 = LINE('',#437,#438);
#437 = CARTESIAN_POINT('',(0.,0.8));
#438 = VECTOR('',#439,1.);
#439 = DIRECTION('',(1.,0.));
#440 = ( GEOMETRIC_REPRESENTATION_CONTEXT(2) 
PARAMETRIC_REPRESENTATION_CONTEXT() REPRESENTATION_CONTEXT('2D SPACE',''
  ) );
#441 = ORIENTED_EDGE('',*,*,#442,.T.);
#442 = EDGE_CURVE('',#415,#85,#443,.T.);
#443 = SURFACE_CURVE('',#444,(#449,#455),.PCURVE_S1.);
#444 = CIRCLE('',#445,0.8);
#445 = AXIS2_PLACEMENT_3D('',#446,#447,#448);
#446 = CARTESIAN_POINT('',(0.8,69.2,57.2));
#447 = DIRECTION('',(0.,0.,1.));
#448 = DIRECTION('',(-1.,-0.,0.));
#449 = PCURVE('',#100,#450);
#450 = DEFINITIONAL_REPRESENTATION('',(#451),#454);
#451 = B_SPLINE_CURVE_WITH_KNOTS('',1,(#452,#453),.UNSPECIFIED.,.F.,.F.,
  (2,2),(4.712388980385,6.28318530718),.PIECEWISE_BEZIER_KNOTS.);
#452 = CARTESIAN_POINT('',(-1.570796326795,57.2));
#453 = CARTESIAN_POINT('',(0.,57.2));
#454 = ( GEOMETRIC_REPRESENTATION_CONTEXT(2) 
PARAMETRIC_REPRESENTATION_CONTEXT() REPRESENTATION_CONTEXT('2D SPACE',''
  ) );
#455 = PCURVE('',#373,#456);
#456 = DEFINITIONAL_REPRESENTATION('',(#457),#460);
#457 = B_SPLINE_CURVE_WITH_KNOTS('',1,(#458,#459),.UNSPECIFIED.,.F.,.F.,
  (2,2),(4.712388980385,6.28318530718),.PIECEWISE_BEZIER_KNOTS.);
#458 = CARTESIAN_POINT('',(0.,-1.570796326795));
#459 = CARTESIAN_POINT('',(0.,0.));
#460 = ( GEOMETRIC_REPRESENTATION_CONTEXT(2) 
PARAMETRIC_REPRESENTATION_CONTEXT() REPRESENTATION_CONTEXT('2D SPACE',''
  ) );
#461 = ADVANCED_FACE('',(#462),#159,.T.);
#462 = FACE_BOUND('',#463,.T.);
#463 = EDGE_LOOP('',(#464,#465,#490));
#464 = ORIENTED_EDGE('',*,*,#229,.F.);
#465 = ORIENTED_EDGE('',*,*,#466,.T.);
#466 = EDGE_CURVE('',#230,#143,#467,.T.);
#467 = SURFACE_CURVE('',#468,(#473,#479),.PCURVE_S1.);
#468 = CIRCLE('',#469,0.8);
#469 = AXIS2_PLACEMENT_3D('',#470,#471,#472);
#470 = CARTESIAN_POINT('',(0.8,0.8,0.8));
#471 = DIRECTION('',(-1.,6.123233995737E-17,0.));
#472 = DIRECTION('',(-6.123233995737E-17,-1.,0.));
#473 = PCURVE('',#159,#474);
#474 = DEFINITIONAL_REPRESENTATION('',(#475),#478);
#475 = B_SPLINE_CURVE_WITH_KNOTS('',1,(#476,#477),.UNSPECIFIED.,.F.,.F.,
  (2,2),(4.712388980385,6.28318530718),.PIECEWISE_BEZIER_KNOTS.);
#476 = CARTESIAN_POINT('',(1.570796326795,-1.570796326795));
#477 = CARTESIAN_POINT('',(1.570796326795,0.));
#478 = ( GEOMETRIC_REPRESENTATION_CONTEXT(2) 
PARAMETRIC_REPRESENTATION_CONTEXT() REPRESENTATION_CONTEXT('2D SPACE',''
  ) );
#479 = PCURVE('',#480,#485);
#480 = CYLINDRICAL_SURFACE('',#481,0.8);
#481 = AXIS2_PLACEMENT_3D('',#482,#483,#484);
#482 = CARTESIAN_POINT('',(0.,0.8,0.8));
#483 = DIRECTION('',(1.,0.,-0.));
#484 = DIRECTION('',(0.,-1.,0.));
#485 = DEFINITIONAL_REPRESENTATION('',(#486),#489);
#486 = B_SPLINE_CURVE_WITH_KNOTS('',1,(#487,#488),.UNSPECIFIED.,.F.,.F.,
  (2,2),(4.712388980385,6.28318530718),.PIECEWISE_BEZIER_KNOTS.);
#487 = CARTESIAN_POINT('',(1.570796326795,0.8));
#488 = CARTESIAN_POINT('',(0.,0.8));
#489 = ( GEOMETRIC_REPRESENTATION_CONTEXT(2) 
PARAMETRIC_REPRESENTATION_CONTEXT() REPRESENTATION_CONTEXT('2D SPACE',''
  ) );
#490 = ORIENTED_EDGE('',*,*,#142,.F.);
#491 = ADVANCED_FACE('',(#492),#214,.T.);
#492 = FACE_BOUND('',#493,.F.);
#493 = EDGE_LOOP('',(#494,#495,#520));
#494 = ORIENTED_EDGE('',*,*,#308,.F.);
#495 = ORIENTED_EDGE('',*,*,#496,.T.);
#496 = EDGE_CURVE('',#309,#172,#497,.T.);
#497 = SURFACE_CURVE('',#498,(#503,#509),.PCURVE_S1.);
#498 = CIRCLE('',#499,0.8);
#499 = AXIS2_PLACEMENT_3D('',#500,#501,#502);
#500 = CARTESIAN_POINT('',(0.8,0.8,57.2));
#501 = DIRECTION('',(1.,-6.123233995737E-17,0.));
#502 = DIRECTION('',(-6.123233995737E-17,-1.,0.));
#503 = PCURVE('',#214,#504);
#504 = DEFINITIONAL_REPRESENTATION('',(#505),#508);
#505 = B_SPLINE_CURVE_WITH_KNOTS('',1,(#506,#507),.UNSPECIFIED.,.F.,.F.,
  (2,2),(4.712388980385,6.28318530718),.PIECEWISE_BEZIER_KNOTS.);
#506 = CARTESIAN_POINT('',(-1.570796326795,-1.570796326795));
#507 = CARTESIAN_POINT('',(-1.570796326795,0.));
#508 = ( GEOMETRIC_REPRESENTATION_CONTEXT(2) 
PARAMETRIC_REPRESENTATION_CONTEXT() REPRESENTATION_CONTEXT('2D SPACE',''
  ) );
#509 = PCURVE('',#510,#515);
#510 = CYLINDRICAL_SURFACE('',#511,0.8);
#511 = AXIS2_PLACEMENT_3D('',#512,#513,#514);
#512 = CARTESIAN_POINT('',(0.,0.8,57.2));
#513 = DIRECTION('',(1.,0.,-0.));
#514 = DIRECTION('',(0.,-1.,0.));
#515 = DEFINITIONAL_REPRESENTATION('',(#516),#519);
#516 = B_SPLINE_CURVE_WITH_KNOTS('',1,(#517,#518),.UNSPECIFIED.,.F.,.F.,
  (2,2),(4.712388980385,6.28318530718),.PIECEWISE_BEZIER_KNOTS.);
#517 = CARTESIAN_POINT('',(-1.570796326795,0.8));
#518 = CARTESIAN_POINT('',(0.,0.8));
#519 = ( GEOMETRIC_REPRESENTATION_CONTEXT(2) 
PARAMETRIC_REPRESENTATION_CONTEXT() REPRESENTATION_CONTEXT('2D SPACE',''
  ) );
#520 = ORIENTED_EDGE('',*,*,#199,.F.);
#521 = ADVANCED_FACE('',(#522),#187,.F.);
#522 = FACE_BOUND('',#523,.F.);
#523 = EDGE_LOOP('',(#524,#525,#548,#576));
#524 = ORIENTED_EDGE('',*,*,#171,.T.);
#525 = ORIENTED_EDGE('',*,*,#526,.T.);
#526 = EDGE_CURVE('',#172,#527,#529,.T.);
#527 = VERTEX_POINT('',#528);
#528 = CARTESIAN_POINT('',(99.2,-1.110223024625E-16,57.2));
#529 = SURFACE_CURVE('',#530,(#534,#541),.PCURVE_S1.);
#530 = LINE('',#531,#532);
#531 = CARTESIAN_POINT('',(0.,-1.110223024625E-16,57.2));
#532 = VECTOR('',#533,1.);
#533 = DIRECTION('',(1.,0.,-0.));
#534 = PCURVE('',#187,#535);
#535 = DEFINITIONAL_REPRESENTATION('',(#536),#540);
#536 = LINE('',#537,#538);
#537 = CARTESIAN_POINT('',(57.2,0.));
#538 = VECTOR('',#539,1.);
#539 = DIRECTION('',(0.,1.));
#540 = ( GEOMETRIC_REPRESENTATION_CONTEXT(2) 
PARAMETRIC_REPRESENTATION_CONTEXT() REPRESENTATION_CONTEXT('2D SPACE',''
  ) );
#541 = PCURVE('',#510,#542);
#542 = DEFINITIONAL_REPRESENTATION('',(#543),#547);
#543 = LINE('',#544,#545);
#544 = CARTESIAN_POINT('',(-0.,0.));
#545 = VECTOR('',#546,1.);
#546 = DIRECTION('',(-0.,1.));
#547 = ( GEOMETRIC_REPRESENTATION_CONTEXT(2) 
PARAMETRIC_REPRESENTATION_CONTEXT() REPRESENTATION_CONTEXT('2D SPACE',''
  ) );
#548 = ORIENTED_EDGE('',*,*,#549,.F.);
#549 = EDGE_CURVE('',#550,#527,#552,.T.);
#550 = VERTEX_POINT('',#551);
#551 = CARTESIAN_POINT('',(99.2,-1.110223024625E-16,0.8));
#552 = SURFACE_CURVE('',#553,(#557,#564),.PCURVE_S1.);
#553 = LINE('',#554,#555);
#554 = CARTESIAN_POINT('',(99.2,-1.110223024625E-16,0.));
#555 = VECTOR('',#556,1.);
#556 = DIRECTION('',(0.,0.,1.));
#557 = PCURVE('',#187,#558);
#558 = DEFINITIONAL_REPRESENTATION('',(#559),#563);
#559 = LINE('',#560,#561);
#560 = CARTESIAN_POINT('',(0.,99.2));
#561 = VECTOR('',#562,1.);
#562 = DIRECTION('',(1.,0.));
#563 = ( GEOMETRIC_REPRESENTATION_CONTEXT(2) 
PARAMETRIC_REPRESENTATION_CONTEXT() REPRESENTATION_CONTEXT('2D SPACE',''
  ) );
#564 = PCURVE('',#565,#570);
#565 = CYLINDRICAL_SURFACE('',#566,0.8);
#566 = AXIS2_PLACEMENT_3D('',#567,#568,#569);
#567 = CARTESIAN_POINT('',(99.2,0.8,0.));
#568 = DIRECTION('',(0.,0.,1.));
#569 = DIRECTION('',(0.,-1.,0.));
#570 = DEFINITIONAL_REPRESENTATION('',(#571),#575);
#571 = LINE('',#572,#573);
#572 = CARTESIAN_POINT('',(0.,0.));
#573 = VECTOR('',#574,1.);
#574 = DIRECTION('',(0.,1.));
#575 = ( GEOMETRIC_REPRESENTATION_CONTEXT(2) 
PARAMETRIC_REPRESENTATION_CONTEXT() REPRESENTATION_CONTEXT('2D SPACE',''
  ) );
#576 = ORIENTED_EDGE('',*,*,#577,.F.);
#577 = EDGE_CURVE('',#143,#550,#578,.T.);
#578 = SURFACE_CURVE('',#579,(#583,#590),.PCURVE_S1.);
#579 = LINE('',#580,#581);
#580 = CARTESIAN_POINT('',(0.,-1.110223024625E-16,0.8));
#581 = VECTOR('',#582,1.);
#582 = DIRECTION('',(1.,0.,-0.));
#583 = PCURVE('',#187,#584);
#584 = DEFINITIONAL_REPRESENTATION('',(#585),#589);
#585 = LINE('',#586,#587);
#586 = CARTESIAN_POINT('',(0.8,0.));
#587 = VECTOR('',#588,1.);
#588 = DIRECTION('',(0.,1.));
#589 = ( GEOMETRIC_REPRESENTATION_CONTEXT(2) 
PARAMETRIC_REPRESENTATION_CONTEXT() REPRESENTATION_CONTEXT('2D SPACE',''
  ) );
#590 = PCURVE('',#480,#591);
#591 = DEFINITIONAL_REPRESENTATION('',(#592),#596);
#592 = LINE('',#593,#594);
#593 = CARTESIAN_POINT('',(0.,0.));
#594 = VECTOR('',#595,1.);
#595 = DIRECTION('',(0.,1.));
#596 = ( GEOMETRIC_REPRESENTATION_CONTEXT(2) 
PARAMETRIC_REPRESENTATION_CONTEXT() REPRESENTATION_CONTEXT('2D SPACE',''
  ) );
#597 = ADVANCED_FACE('',(#598,#678,#709),#267,.F.);
#598 = FACE_BOUND('',#599,.F.);
#599 = EDGE_LOOP('',(#600,#601,#624,#652));
#600 = ORIENTED_EDGE('',*,*,#251,.F.);
#601 = ORIENTED_EDGE('',*,*,#602,.T.);
#602 = EDGE_CURVE('',#230,#603,#605,.T.);
#603 = VERTEX_POINT('',#604);
#604 = CARTESIAN_POINT('',(99.2,0.8,-1.110223024625E-16));
#605 = SURFACE_CURVE('',#606,(#610,#617),.PCURVE_S1.);
#606 = LINE('',#607,#608);
#607 = CARTESIAN_POINT('',(0.,0.8,-1.110223024625E-16));
#608 = VECTOR('',#609,1.);
#609 = DIRECTION('',(1.,0.,-0.));
#610 = PCURVE('',#267,#611);
#611 = DEFINITIONAL_REPRESENTATION('',(#612),#616);
#612 = LINE('',#613,#614);
#613 = CARTESIAN_POINT('',(0.,0.8));
#614 = VECTOR('',#615,1.);
#615 = DIRECTION('',(1.,0.));
#616 = ( GEOMETRIC_REPRESENTATION_CONTEXT(2) 
PARAMETRIC_REPRESENTATION_CONTEXT() REPRESENTATION_CONTEXT('2D SPACE',''
  ) );
#617 = PCURVE('',#480,#618);
#618 = DEFINITIONAL_REPRESENTATION('',(#619),#623);
#619 = LINE('',#620,#621);
#620 = CARTESIAN_POINT('',(1.570796326795,0.));
#621 = VECTOR('',#622,1.);
#622 = DIRECTION('',(0.,1.));
#623 = ( GEOMETRIC_REPRESENTATION_CONTEXT(2) 
PARAMETRIC_REPRESENTATION_CONTEXT() REPRESENTATION_CONTEXT('2D SPACE',''
  ) );
#624 = ORIENTED_EDGE('',*,*,#625,.T.);
#625 = EDGE_CURVE('',#603,#626,#628,.T.);
#626 = VERTEX_POINT('',#627);
#627 = CARTESIAN_POINT('',(99.2,69.2,-1.110223024625E-16));
#628 = SURFACE_CURVE('',#629,(#633,#640),.PCURVE_S1.);
#629 = LINE('',#630,#631);
#630 = CARTESIAN_POINT('',(99.2,0.,-1.110223024625E-16));
#631 = VECTOR('',#632,1.);
#632 = DIRECTION('',(-0.,1.,0.));
#633 = PCURVE('',#267,#634);
#634 = DEFINITIONAL_REPRESENTATION('',(#635),#639);
#635 = LINE('',#636,#637);
#636 = CARTESIAN_POINT('',(99.2,0.));
#637 = VECTOR('',#638,1.);
#638 = DIRECTION('',(0.,1.));
#639 = ( GEOMETRIC_REPRESENTATION_CONTEXT(2) 
PARAMETRIC_REPRESENTATION_CONTEXT() REPRESENTATION_CONTEXT('2D SPACE',''
  ) );
#640 = PCURVE('',#641,#646);
#641 = CYLINDRICAL_SURFACE('',#642,0.8);
#642 = AXIS2_PLACEMENT_3D('',#643,#644,#645);
#643 = CARTESIAN_POINT('',(99.2,0.,0.8));
#644 = DIRECTION('',(-0.,1.,0.));
#645 = DIRECTION('',(-0.,0.,-1.));
#646 = DEFINITIONAL_REPRESENTATION('',(#647),#651);
#647 = LINE('',#648,#649);
#648 = CARTESIAN_POINT('',(-0.,0.));
#649 = VECTOR('',#650,1.);
#650 = DIRECTION('',(-0.,1.));
#651 = ( GEOMETRIC_REPRESENTATION_CONTEXT(2) 
PARAMETRIC_REPRESENTATION_CONTEXT() REPRESENTATION_CONTEXT('2D SPACE',''
  ) );
#652 = ORIENTED_EDGE('',*,*,#653,.F.);
#653 = EDGE_CURVE('',#252,#626,#654,.T.);
#654 = SURFACE_CURVE('',#655,(#659,#666),.PCURVE_S1.);
#655 = LINE('',#656,#657);
#656 = CARTESIAN_POINT('',(0.,69.2,-1.110223024625E-16));
#657 = VECTOR('',#658,1.);
#658 = DIRECTION('',(1.,0.,-0.));
#659 = PCURVE('',#267,#660);
#660 = DEFINITIONAL_REPRESENTATION('',(#661),#665);
#661 = LINE('',#662,#663);
#662 = CARTESIAN_POINT('',(0.,69.2));
#663 = VECTOR('',#664,1.);
#664 = DIRECTION('',(1.,0.));
#665 = ( GEOMETRIC_REPRESENTATION_CONTEXT(2) 
PARAMETRIC_REPRESENTATION_CONTEXT() REPRESENTATION_CONTEXT('2D SPACE',''
  ) );
#666 = PCURVE('',#667,#672);
#667 = CYLINDRICAL_SURFACE('',#668,0.8);
#668 = AXIS2_PLACEMENT_3D('',#669,#670,#671);
#669 = CARTESIAN_POINT('',(0.,69.2,0.8));
#670 = DIRECTION('',(1.,0.,-0.));
#671 = DIRECTION('',(0.,1.,0.));
#672 = DEFINITIONAL_REPRESENTATION('',(#673),#677);
#673 = LINE('',#674,#675);
#674 = CARTESIAN_POINT('',(-1.570796326795,0.));
#675 = VECTOR('',#676,1.);
#676 = DIRECTION('',(-0.,1.));
#677 = ( GEOMETRIC_REPRESENTATION_CONTEXT(2) 
PARAMETRIC_REPRESENTATION_CONTEXT() REPRESENTATION_CONTEXT('2D SPACE',''
  ) );
#678 = FACE_BOUND('',#679,.F.);
#679 = EDGE_LOOP('',(#680));
#680 = ORIENTED_EDGE('',*,*,#681,.F.);
#681 = EDGE_CURVE('',#682,#682,#684,.T.);
#682 = VERTEX_POINT('',#683);
#683 = CARTESIAN_POINT('',(16.05,35.,0.));
#684 = SURFACE_CURVE('',#685,(#690,#697),.PCURVE_S1.);
#685 = CIRCLE('',#686,2.05);
#686 = AXIS2_PLACEMENT_3D('',#687,#688,#689);
#687 = CARTESIAN_POINT('',(14.,35.,0.));
#688 = DIRECTION('',(0.,0.,1.));
#689 = DIRECTION('',(1.,0.,-0.));
#690 = PCURVE('',#267,#691);
#691 = DEFINITIONAL_REPRESENTATION('',(#692),#696);
#692 = CIRCLE('',#693,2.05);
#693 = AXIS2_PLACEMENT_2D('',#694,#695);
#694 = CARTESIAN_POINT('',(14.,35.));
#695 = DIRECTION('',(1.,0.));
#696 = ( GEOMETRIC_REPRESENTATION_CONTEXT(2) 
PARAMETRIC_REPRESENTATION_CONTEXT() REPRESENTATION_CONTEXT('2D SPACE',''
  ) );
#697 = PCURVE('',#698,#703);
#698 = TOROIDAL_SURFACE('',#699,2.05,0.8);
#699 = AXIS2_PLACEMENT_3D('',#700,#701,#702);
#700 = CARTESIAN_POINT('',(14.,35.,0.8));
#701 = DIRECTION('',(-0.,-0.,-1.));
#702 = DIRECTION('',(1.,0.,-0.));
#703 = DEFINITIONAL_REPRESENTATION('',(#704),#708);
#704 = LINE('',#705,#706);
#705 = CARTESIAN_POINT('',(-0.,1.570796326795));
#706 = VECTOR('',#707,1.);
#707 = DIRECTION('',(-1.,0.));
#708 = ( GEOMETRIC_REPRESENTATION_CONTEXT(2) 
PARAMETRIC_REPRESENTATION_CONTEXT() REPRESENTATION_CONTEXT('2D SPACE',''
  ) );
#709 = FACE_BOUND('',#710,.F.);
#710 = EDGE_LOOP('',(#711));
#711 = ORIENTED_EDGE('',*,*,#712,.F.);
#712 = EDGE_CURVE('',#713,#713,#715,.T.);
#713 = VERTEX_POINT('',#714);
#714 = CARTESIAN_POINT('',(88.05,35.,0.));
#715 = SURFACE_CURVE('',#716,(#721,#728),.PCURVE_S1.);
#716 = CIRCLE('',#717,2.05);
#717 = AXIS2_PLACEMENT_3D('',#718,#719,#720);
#718 = CARTESIAN_POINT('',(86.,35.,0.));
#719 = DIRECTION('',(0.,0.,1.));
#720 = DIRECTION('',(1.,0.,-0.));
#721 = PCURVE('',#267,#722);
#722 = DEFINITIONAL_REPRESENTATION('',(#723),#727);
#723 = CIRCLE('',#724,2.05);
#724 = AXIS2_PLACEMENT_2D('',#725,#726);
#725 = CARTESIAN_POINT('',(86.,35.));
#726 = DIRECTION('',(1.,0.));
#727 = ( GEOMETRIC_REPRESENTATION_CONTEXT(2) 
PARAMETRIC_REPRESENTATION_CONTEXT() REPRESENTATION_CONTEXT('2D SPACE',''
  ) );
#728 = PCURVE('',#729,#734);
#729 = TOROIDAL_SURFACE('',#730,2.05,0.8);
#730 = AXIS2_PLACEMENT_3D('',#731,#732,#733);
#731 = CARTESIAN_POINT('',(86.,35.,0.8));
#732 = DIRECTION('',(-0.,-0.,-1.));
#733 = DIRECTION('',(1.,0.,-0.));
#734 = DEFINITIONAL_REPRESENTATION('',(#735),#739);
#735 = LINE('',#736,#737);
#736 = CARTESIAN_POINT('',(-0.,1.570796326795));
#737 = VECTOR('',#738,1.);
#738 = DIRECTION('',(-1.,0.));
#739 = ( GEOMETRIC_REPRESENTATION_CONTEXT(2) 
PARAMETRIC_REPRESENTATION_CONTEXT() REPRESENTATION_CONTEXT('2D SPACE',''
  ) );
#740 = ADVANCED_FACE('',(#741),#293,.T.);
#741 = FACE_BOUND('',#742,.F.);
#742 = EDGE_LOOP('',(#743,#744,#764));
#743 = ORIENTED_EDGE('',*,*,#279,.F.);
#744 = ORIENTED_EDGE('',*,*,#745,.T.);
#745 = EDGE_CURVE('',#252,#391,#746,.T.);
#746 = SURFACE_CURVE('',#747,(#752,#758),.PCURVE_S1.);
#747 = CIRCLE('',#748,0.8);
#748 = AXIS2_PLACEMENT_3D('',#749,#750,#751);
#749 = CARTESIAN_POINT('',(0.8,69.2,0.8));
#750 = DIRECTION('',(1.,6.123233995737E-17,-0.));
#751 = DIRECTION('',(-6.123233995737E-17,1.,0.));
#752 = PCURVE('',#293,#753);
#753 = DEFINITIONAL_REPRESENTATION('',(#754),#757);
#754 = B_SPLINE_CURVE_WITH_KNOTS('',1,(#755,#756),.UNSPECIFIED.,.F.,.F.,
  (2,2),(4.712388980385,6.28318530718),.PIECEWISE_BEZIER_KNOTS.);
#755 = CARTESIAN_POINT('',(-1.570796326795,-1.570796326795));
#756 = CARTESIAN_POINT('',(-1.570796326795,0.));
#757 = ( GEOMETRIC_REPRESENTATION_CONTEXT(2) 
PARAMETRIC_REPRESENTATION_CONTEXT() REPRESENTATION_CONTEXT('2D SPACE',''
  ) );
#758 = PCURVE('',#667,#759);
#759 = DEFINITIONAL_REPRESENTATION('',(#760),#763);
#760 = B_SPLINE_CURVE_WITH_KNOTS('',1,(#761,#762),.UNSPECIFIED.,.F.,.F.,
  (2,2),(4.712388980385,6.28318530718),.PIECEWISE_BEZIER_KNOTS.);
#761 = CARTESIAN_POINT('',(-1.570796326795,0.8));
#762 = CARTESIAN_POINT('',(0.,0.8));
#763 = ( GEOMETRIC_REPRESENTATION_CONTEXT(2) 
PARAMETRIC_REPRESENTATION_CONTEXT() REPRESENTATION_CONTEXT('2D SPACE',''
  ) );
#764 = ORIENTED_EDGE('',*,*,#390,.F.);
#765 = ADVANCED_FACE('',(#766,#846,#877,#1115),#346,.T.);
#766 = FACE_BOUND('',#767,.T.);
#767 = EDGE_LOOP('',(#768,#769,#792,#820));
#768 = ORIENTED_EDGE('',*,*,#330,.F.);
#769 = ORIENTED_EDGE('',*,*,#770,.T.);
#770 = EDGE_CURVE('',#309,#771,#773,.T.);
#771 = VERTEX_POINT('',#772);
#772 = CARTESIAN_POINT('',(99.2,0.8,58.));
#773 = SURFACE_CURVE('',#774,(#778,#785),.PCURVE_S1.);
#774 = LINE('',#775,#776);
#775 = CARTESIAN_POINT('',(0.,0.8,58.));
#776 = VECTOR('',#777,1.);
#777 = DIRECTION('',(1.,0.,-0.));
#778 = PCURVE('',#346,#779);
#779 = DEFINITIONAL_REPRESENTATION('',(#780),#784);
#780 = LINE('',#781,#782);
#781 = CARTESIAN_POINT('',(0.,0.8));
#782 = VECTOR('',#783,1.);
#783 = DIRECTION('',(1.,0.));
#784 = ( GEOMETRIC_REPRESENTATION_CONTEXT(2) 
PARAMETRIC_REPRESENTATION_CONTEXT() REPRESENTATION_CONTEXT('2D SPACE',''
  ) );
#785 = PCURVE('',#510,#786);
#786 = DEFINITIONAL_REPRESENTATION('',(#787),#791);
#787 = LINE('',#788,#789);
#788 = CARTESIAN_POINT('',(-1.570796326795,0.));
#789 = VECTOR('',#790,1.);
#790 = DIRECTION('',(-0.,1.));
#791 = ( GEOMETRIC_REPRESENTATION_CONTEXT(2) 
PARAMETRIC_REPRESENTATION_CONTEXT() REPRESENTATION_CONTEXT('2D SPACE',''
  ) );
#792 = ORIENTED_EDGE('',*,*,#793,.T.);
#793 = EDGE_CURVE('',#771,#794,#796,.T.);
#794 = VERTEX_POINT('',#795);
#795 = CARTESIAN_POINT('',(99.2,69.2,58.));
#796 = SURFACE_CURVE('',#797,(#801,#808),.PCURVE_S1.);
#797 = LINE('',#798,#799);
#798 = CARTESIAN_POINT('',(99.2,0.,58.));
#799 = VECTOR('',#800,1.);
#800 = DIRECTION('',(-0.,1.,0.));
#801 = PCURVE('',#346,#802);
#802 = DEFINITIONAL_REPRESENTATION('',(#803),#807);
#803 = LINE('',#804,#805);
#804 = CARTESIAN_POINT('',(99.2,0.));
#805 = VECTOR('',#806,1.);
#806 = DIRECTION('',(0.,1.));
#807 = ( GEOMETRIC_REPRESENTATION_CONTEXT(2) 
PARAMETRIC_REPRESENTATION_CONTEXT() REPRESENTATION_CONTEXT('2D SPACE',''
  ) );
#808 = PCURVE('',#809,#814);
#809 = CYLINDRICAL_SURFACE('',#810,0.8);
#810 = AXIS2_PLACEMENT_3D('',#811,#812,#813);
#811 = CARTESIAN_POINT('',(99.2,0.,57.2));
#812 = DIRECTION('',(-0.,1.,0.));
#813 = DIRECTION('',(0.,0.,1.));
#814 = DEFINITIONAL_REPRESENTATION('',(#815),#819);
#815 = LINE('',#816,#817);
#816 = CARTESIAN_POINT('',(0.,0.));
#817 = VECTOR('',#818,1.);
#818 = DIRECTION('',(0.,1.));
#819 = ( GEOMETRIC_REPRESENTATION_CONTEXT(2) 
PARAMETRIC_REPRESENTATION_CONTEXT() REPRESENTATION_CONTEXT('2D SPACE',''
  ) );
#820 = ORIENTED_EDGE('',*,*,#821,.F.);
#821 = EDGE_CURVE('',#331,#794,#822,.T.);
#822 = SURFACE_CURVE('',#823,(#827,#834),.PCURVE_S1.);
#823 = LINE('',#824,#825);
#824 = CARTESIAN_POINT('',(0.,69.2,58.));
#825 = VECTOR('',#826,1.);
#826 = DIRECTION('',(1.,0.,-0.));
#827 = PCURVE('',#346,#828);
#828 = DEFINITIONAL_REPRESENTATION('',(#829),#833);
#829 = LINE('',#830,#831);
#830 = CARTESIAN_POINT('',(0.,69.2));
#831 = VECTOR('',#832,1.);
#832 = DIRECTION('',(1.,0.));
#833 = ( GEOMETRIC_REPRESENTATION_CONTEXT(2) 
PARAMETRIC_REPRESENTATION_CONTEXT() REPRESENTATION_CONTEXT('2D SPACE',''
  ) );
#834 = PCURVE('',#835,#840);
#835 = CYLINDRICAL_SURFACE('',#836,0.8);
#836 = AXIS2_PLACEMENT_3D('',#837,#838,#839);
#837 = CARTESIAN_POINT('',(0.,69.2,57.2));
#838 = DIRECTION('',(1.,0.,-0.));
#839 = DIRECTION('',(0.,0.,1.));
#840 = DEFINITIONAL_REPRESENTATION('',(#841),#845);
#841 = LINE('',#842,#843);
#842 = CARTESIAN_POINT('',(-0.,0.));
#843 = VECTOR('',#844,1.);
#844 = DIRECTION('',(-0.,1.));
#845 = ( GEOMETRIC_REPRESENTATION_CONTEXT(2) 
PARAMETRIC_REPRESENTATION_CONTEXT() REPRESENTATION_CONTEXT('2D SPACE',''
  ) );
#846 = FACE_BOUND('',#847,.T.);
#847 = EDGE_LOOP('',(#848));
#848 = ORIENTED_EDGE('',*,*,#849,.F.);
#849 = EDGE_CURVE('',#850,#850,#852,.T.);
#850 = VERTEX_POINT('',#851);
#851 = CARTESIAN_POINT('',(16.05,35.,58.));
#852 = SURFACE_CURVE('',#853,(#858,#865),.PCURVE_S1.);
#853 = CIRCLE('',#854,2.05);
#854 = AXIS2_PLACEMENT_3D('',#855,#856,#857);
#855 = CARTESIAN_POINT('',(14.,35.,58.));
#856 = DIRECTION('',(0.,0.,1.));
#857 = DIRECTION('',(1.,0.,-0.));
#858 = PCURVE('',#346,#859);
#859 = DEFINITIONAL_REPRESENTATION('',(#860),#864);
#860 = CIRCLE('',#861,2.05);
#861 = AXIS2_PLACEMENT_2D('',#862,#863);
#862 = CARTESIAN_POINT('',(14.,35.));
#863 = DIRECTION('',(1.,0.));
#864 = ( GEOMETRIC_REPRESENTATION_CONTEXT(2) 
PARAMETRIC_REPRESENTATION_CONTEXT() REPRESENTATION_CONTEXT('2D SPACE',''
  ) );
#865 = PCURVE('',#866,#871);
#866 = TOROIDAL_SURFACE('',#867,2.05,0.8);
#867 = AXIS2_PLACEMENT_3D('',#868,#869,#870);
#868 = CARTESIAN_POINT('',(14.,35.,57.2));
#869 = DIRECTION('',(0.,0.,1.));
#870 = DIRECTION('',(1.,0.,-0.));
#871 = DEFINITIONAL_REPRESENTATION('',(#872),#876);
#872 = LINE('',#873,#874);
#873 = CARTESIAN_POINT('',(0.,1.570796326795));
#874 = VECTOR('',#875,1.);
#875 = DIRECTION('',(1.,0.));
#876 = ( GEOMETRIC_REPRESENTATION_CONTEXT(2) 
PARAMETRIC_REPRESENTATION_CONTEXT() REPRESENTATION_CONTEXT('2D SPACE',''
  ) );
#877 = FACE_BOUND('',#878,.T.);
#878 = EDGE_LOOP('',(#879,#909,#942,#970,#1003,#1031,#1060,#1088));
#879 = ORIENTED_EDGE('',*,*,#880,.T.);
#880 = EDGE_CURVE('',#881,#883,#885,.T.);
#881 = VERTEX_POINT('',#882);
#882 = CARTESIAN_POINT('',(52.2,11.2,58.));
#883 = VERTEX_POINT('',#884);
#884 = CARTESIAN_POINT('',(47.8,11.2,58.));
#885 = SURFACE_CURVE('',#886,(#890,#897),.PCURVE_S1.);
#886 = LINE('',#887,#888);
#887 = CARTESIAN_POINT('',(53.,11.2,58.));
#888 = VECTOR('',#889,1.);
#889 = DIRECTION('',(-1.,-0.,0.));
#890 = PCURVE('',#346,#891);
#891 = DEFINITIONAL_REPRESENTATION('',(#892),#896);
#892 = LINE('',#893,#894);
#893 = CARTESIAN_POINT('',(53.,11.2));
#894 = VECTOR('',#895,1.);
#895 = DIRECTION('',(-1.,0.));
#896 = ( GEOMETRIC_REPRESENTATION_CONTEXT(2) 
PARAMETRIC_REPRESENTATION_CONTEXT() REPRESENTATION_CONTEXT('2D SPACE',''
  ) );
#897 = PCURVE('',#898,#903);
#898 = CYLINDRICAL_SURFACE('',#899,0.8);
#899 = AXIS2_PLACEMENT_3D('',#900,#901,#902);
#900 = CARTESIAN_POINT('',(53.,11.2,57.2));
#901 = DIRECTION('',(-1.,-0.,0.));
#902 = DIRECTION('',(0.,0.,1.));
#903 = DEFINITIONAL_REPRESENTATION('',(#904),#908);
#904 = LINE('',#905,#906);
#905 = CARTESIAN_POINT('',(0.,0.));
#906 = VECTOR('',#907,1.);
#907 = DIRECTION('',(0.,1.));
#908 = ( GEOMETRIC_REPRESENTATION_CONTEXT(2) 
PARAMETRIC_REPRESENTATION_CONTEXT() REPRESENTATION_CONTEXT('2D SPACE',''
  ) );
#909 = ORIENTED_EDGE('',*,*,#910,.T.);
#910 = EDGE_CURVE('',#883,#911,#913,.T.);
#911 = VERTEX_POINT('',#912);
#912 = CARTESIAN_POINT('',(46.2,12.8,58.));
#913 = SURFACE_CURVE('',#914,(#919,#930),.PCURVE_S1.);
#914 = CIRCLE('',#915,1.6);
#915 = AXIS2_PLACEMENT_3D('',#916,#917,#918);
#916 = CARTESIAN_POINT('',(47.8,12.8,58.));
#917 = DIRECTION('',(-0.,-0.,-1.));
#918 = DIRECTION('',(0.,-1.,0.));
#919 = PCURVE('',#346,#920);
#920 = DEFINITIONAL_REPRESENTATION('',(#921),#929);
#921 = ( BOUNDED_CURVE() B_SPLINE_CURVE(2,(#922,#923,#924,#925,#926,#927
,#928),.UNSPECIFIED.,.T.,.F.) B_SPLINE_CURVE_WITH_KNOTS((1,2,2,2,2,1),(
    -2.094395102393,0.,2.094395102393,4.188790204786,6.28318530718,
8.377580409573),.UNSPECIFIED.) CURVE() GEOMETRIC_REPRESENTATION_ITEM() 
RATIONAL_B_SPLINE_CURVE((1.,0.5,1.,0.5,1.,0.5,1.)) REPRESENTATION_ITEM(
  '') );
#922 = CARTESIAN_POINT('',(47.8,11.2));
#923 = CARTESIAN_POINT('',(45.02871870789,11.2));
#924 = CARTESIAN_POINT('',(46.414359353945,13.6));
#925 = CARTESIAN_POINT('',(47.8,16.));
#926 = CARTESIAN_POINT('',(49.185640646055,13.6));
#927 = CARTESIAN_POINT('',(50.57128129211,11.2));
#928 = CARTESIAN_POINT('',(47.8,11.2));
#929 = ( GEOMETRIC_REPRESENTATION_CONTEXT(2) 
PARAMETRIC_REPRESENTATION_CONTEXT() REPRESENTATION_CONTEXT('2D SPACE',''
  ) );
#930 = PCURVE('',#931,#936);
#931 = TOROIDAL_SURFACE('',#932,1.6,0.8);
#932 = AXIS2_PLACEMENT_3D('',#933,#934,#935);
#933 = CARTESIAN_POINT('',(47.8,12.8,57.2));
#934 = DIRECTION('',(0.,0.,1.));
#935 = DIRECTION('',(0.,-1.,0.));
#936 = DEFINITIONAL_REPRESENTATION('',(#937),#941);
#937 = LINE('',#938,#939);
#938 = CARTESIAN_POINT('',(-0.,1.570796326795));
#939 = VECTOR('',#940,1.);
#940 = DIRECTION('',(-1.,0.));
#941 = ( GEOMETRIC_REPRESENTATION_CONTEXT(2) 
PARAMETRIC_REPRESENTATION_CONTEXT() REPRESENTATION_CONTEXT('2D SPACE',''
  ) );
#942 = ORIENTED_EDGE('',*,*,#943,.T.);
#943 = EDGE_CURVE('',#911,#944,#946,.T.);
#944 = VERTEX_POINT('',#945);
#945 = CARTESIAN_POINT('',(46.2,57.2,58.));
#946 = SURFACE_CURVE('',#947,(#951,#958),.PCURVE_S1.);
#947 = LINE('',#948,#949);
#948 = CARTESIAN_POINT('',(46.2,12.,58.));
#949 = VECTOR('',#950,1.);
#950 = DIRECTION('',(-0.,1.,0.));
#951 = PCURVE('',#346,#952);
#952 = DEFINITIONAL_REPRESENTATION('',(#953),#957);
#953 = LINE('',#954,#955);
#954 = CARTESIAN_POINT('',(46.2,12.));
#955 = VECTOR('',#956,1.);
#956 = DIRECTION('',(0.,1.));
#957 = ( GEOMETRIC_REPRESENTATION_CONTEXT(2) 
PARAMETRIC_REPRESENTATION_CONTEXT() REPRESENTATION_CONTEXT('2D SPACE',''
  ) );
#958 = PCURVE('',#959,#964);
#959 = CYLINDRICAL_SURFACE('',#960,0.8);
#960 = AXIS2_PLACEMENT_3D('',#961,#962,#963);
#961 = CARTESIAN_POINT('',(46.2,12.,57.2));
#962 = DIRECTION('',(-0.,1.,0.));
#963 = DIRECTION('',(0.,0.,1.));
#964 = DEFINITIONAL_REPRESENTATION('',(#965),#969);
#965 = LINE('',#966,#967);
#966 = CARTESIAN_POINT('',(0.,0.));
#967 = VECTOR('',#968,1.);
#968 = DIRECTION('',(0.,1.));
#969 = ( GEOMETRIC_REPRESENTATION_CONTEXT(2) 
PARAMETRIC_REPRESENTATION_CONTEXT() REPRESENTATION_CONTEXT('2D SPACE',''
  ) );
#970 = ORIENTED_EDGE('',*,*,#971,.T.);
#971 = EDGE_CURVE('',#944,#972,#974,.T.);
#972 = VERTEX_POINT('',#973);
#973 = CARTESIAN_POINT('',(47.8,58.8,58.));
#974 = SURFACE_CURVE('',#975,(#980,#991),.PCURVE_S1.);
#975 = CIRCLE('',#976,1.6);
#976 = AXIS2_PLACEMENT_3D('',#977,#978,#979);
#977 = CARTESIAN_POINT('',(47.8,57.2,58.));
#978 = DIRECTION('',(-0.,0.,-1.));
#979 = DIRECTION('',(-1.,0.,0.));
#980 = PCURVE('',#346,#981);
#981 = DEFINITIONAL_REPRESENTATION('',(#982),#990);
#982 = ( BOUNDED_CURVE() B_SPLINE_CURVE(2,(#983,#984,#985,#986,#987,#988
,#989),.UNSPECIFIED.,.T.,.F.) B_SPLINE_CURVE_WITH_KNOTS((1,2,2,2,2,1),(
    -2.094395102393,0.,2.094395102393,4.188790204786,6.28318530718,
8.377580409573),.UNSPECIFIED.) CURVE() GEOMETRIC_REPRESENTATION_ITEM() 
RATIONAL_B_SPLINE_CURVE((1.,0.5,1.,0.5,1.,0.5,1.)) REPRESENTATION_ITEM(
  '') );
#983 = CARTESIAN_POINT('',(46.2,57.2));
#984 = CARTESIAN_POINT('',(46.2,59.97128129211));
#985 = CARTESIAN_POINT('',(48.6,58.585640646055));
#986 = CARTESIAN_POINT('',(51.,57.2));
#987 = CARTESIAN_POINT('',(48.6,55.814359353945));
#988 = CARTESIAN_POINT('',(46.2,54.42871870789));
#989 = CARTESIAN_POINT('',(46.2,57.2));
#990 = ( GEOMETRIC_REPRESENTATION_CONTEXT(2) 
PARAMETRIC_REPRESENTATION_CONTEXT() REPRESENTATION_CONTEXT('2D SPACE',''
  ) );
#991 = PCURVE('',#992,#997);
#992 = TOROIDAL_SURFACE('',#993,1.6,0.8);
#993 = AXIS2_PLACEMENT_3D('',#994,#995,#996);
#994 = CARTESIAN_POINT('',(47.8,57.2,57.2));
#995 = DIRECTION('',(0.,0.,1.));
#996 = DIRECTION('',(-1.,0.,0.));
#997 = DEFINITIONAL_REPRESENTATION('',(#998),#1002);
#998 = LINE('',#999,#1000);
#999 = CARTESIAN_POINT('',(-0.,1.570796326795));
#1000 = VECTOR('',#1001,1.);
#1001 = DIRECTION('',(-1.,0.));
#1002 = ( GEOMETRIC_REPRESENTATION_CONTEXT(2) 
PARAMETRIC_REPRESENTATION_CONTEXT() REPRESENTATION_CONTEXT('2D SPACE',''
  ) );
#1003 = ORIENTED_EDGE('',*,*,#1004,.F.);
#1004 = EDGE_CURVE('',#1005,#972,#1007,.T.);
#1005 = VERTEX_POINT('',#1006);
#1006 = CARTESIAN_POINT('',(52.2,58.8,58.));
#1007 = SURFACE_CURVE('',#1008,(#1012,#1019),.PCURVE_S1.);
#1008 = LINE('',#1009,#1010);
#1009 = CARTESIAN_POINT('',(53.,58.8,58.));
#1010 = VECTOR('',#1011,1.);
#1011 = DIRECTION('',(-1.,-0.,0.));
#1012 = PCURVE('',#346,#1013);
#1013 = DEFINITIONAL_REPRESENTATION('',(#1014),#1018);
#1014 = LINE('',#1015,#1016);
#1015 = CARTESIAN_POINT('',(53.,58.8));
#1016 = VECTOR('',#1017,1.);
#1017 = DIRECTION('',(-1.,0.));
#1018 = ( GEOMETRIC_REPRESENTATION_CONTEXT(2) 
PARAMETRIC_REPRESENTATION_CONTEXT() REPRESENTATION_CONTEXT('2D SPACE',''
  ) );
#1019 = PCURVE('',#1020,#1025);
#1020 = CYLINDRICAL_SURFACE('',#1021,0.8);
#1021 = AXIS2_PLACEMENT_3D('',#1022,#1023,#1024);
#1022 = CARTESIAN_POINT('',(53.,58.8,57.2));
#1023 = DIRECTION('',(-1.,-0.,0.));
#1024 = DIRECTION('',(0.,0.,1.));
#1025 = DEFINITIONAL_REPRESENTATION('',(#1026),#1030);
#1026 = LINE('',#1027,#1028);
#1027 = CARTESIAN_POINT('',(-0.,0.));
#1028 = VECTOR('',#1029,1.);
#1029 = DIRECTION('',(-0.,1.));
#1030 = ( GEOMETRIC_REPRESENTATION_CONTEXT(2) 
PARAMETRIC_REPRESENTATION_CONTEXT() REPRESENTATION_CONTEXT('2D SPACE',''
  ) );
#1031 = ORIENTED_EDGE('',*,*,#1032,.F.);
#1032 = EDGE_CURVE('',#1033,#1005,#1035,.T.);
#1033 = VERTEX_POINT('',#1034);
#1034 = CARTESIAN_POINT('',(53.8,57.2,58.));
#1035 = SURFACE_CURVE('',#1036,(#1041,#1048),.PCURVE_S1.);
#1036 = CIRCLE('',#1037,1.6);
#1037 = AXIS2_PLACEMENT_3D('',#1038,#1039,#1040);
#1038 = CARTESIAN_POINT('',(52.2,57.2,58.));
#1039 = DIRECTION('',(0.,0.,1.));
#1040 = DIRECTION('',(1.,0.,-0.));
#1041 = PCURVE('',#346,#1042);
#1042 = DEFINITIONAL_REPRESENTATION('',(#1043),#1047);
#1043 = CIRCLE('',#1044,1.6);
#1044 = AXIS2_PLACEMENT_2D('',#1045,#1046);
#1045 = CARTESIAN_POINT('',(52.2,57.2));
#1046 = DIRECTION('',(1.,0.));
#1047 = ( GEOMETRIC_REPRESENTATION_CONTEXT(2) 
PARAMETRIC_REPRESENTATION_CONTEXT() REPRESENTATION_CONTEXT('2D SPACE',''
  ) );
#1048 = PCURVE('',#1049,#1054);
#1049 = TOROIDAL_SURFACE('',#1050,1.6,0.8);
#1050 = AXIS2_PLACEMENT_3D('',#1051,#1052,#1053);
#1051 = CARTESIAN_POINT('',(52.2,57.2,57.2));
#1052 = DIRECTION('',(0.,0.,1.));
#1053 = DIRECTION('',(1.,0.,-0.));
#1054 = DEFINITIONAL_REPRESENTATION('',(#1055),#1059);
#1055 = LINE('',#1056,#1057);
#1056 = CARTESIAN_POINT('',(0.,1.570796326795));
#1057 = VECTOR('',#1058,1.);
#1058 = DIRECTION('',(1.,0.));
#1059 = ( GEOMETRIC_REPRESENTATION_CONTEXT(2) 
PARAMETRIC_REPRESENTATION_CONTEXT() REPRESENTATION_CONTEXT('2D SPACE',''
  ) );
#1060 = ORIENTED_EDGE('',*,*,#1061,.F.);
#1061 = EDGE_CURVE('',#1062,#1033,#1064,.T.);
#1062 = VERTEX_POINT('',#1063);
#1063 = CARTESIAN_POINT('',(53.8,12.8,58.));
#1064 = SURFACE_CURVE('',#1065,(#1069,#1076),.PCURVE_S1.);
#1065 = LINE('',#1066,#1067);
#1066 = CARTESIAN_POINT('',(53.8,12.,58.));
#1067 = VECTOR('',#1068,1.);
#1068 = DIRECTION('',(-0.,1.,0.));
#1069 = PCURVE('',#346,#1070);
#1070 = DEFINITIONAL_REPRESENTATION('',(#1071),#1075);
#1071 = LINE('',#1072,#1073);
#1072 = CARTESIAN_POINT('',(53.8,12.));
#1073 = VECTOR('',#1074,1.);
#1074 = DIRECTION('',(0.,1.));
#1075 = ( GEOMETRIC_REPRESENTATION_CONTEXT(2) 
PARAMETRIC_REPRESENTATION_CONTEXT() REPRESENTATION_CONTEXT('2D SPACE',''
  ) );
#1076 = PCURVE('',#1077,#1082);
#1077 = CYLINDRICAL_SURFACE('',#1078,0.8);
#1078 = AXIS2_PLACEMENT_3D('',#1079,#1080,#1081);
#1079 = CARTESIAN_POINT('',(53.8,12.,57.2));
#1080 = DIRECTION('',(-0.,1.,0.));
#1081 = DIRECTION('',(0.,0.,1.));
#1082 = DEFINITIONAL_REPRESENTATION('',(#1083),#1087);
#1083 = LINE('',#1084,#1085);
#1084 = CARTESIAN_POINT('',(-0.,0.));
#1085 = VECTOR('',#1086,1.);
#1086 = DIRECTION('',(-0.,1.));
#1087 = ( GEOMETRIC_REPRESENTATION_CONTEXT(2) 
PARAMETRIC_REPRESENTATION_CONTEXT() REPRESENTATION_CONTEXT('2D SPACE',''
  ) );
#1088 = ORIENTED_EDGE('',*,*,#1089,.F.);
#1089 = EDGE_CURVE('',#881,#1062,#1090,.T.);
#1090 = SURFACE_CURVE('',#1091,(#1096,#1103),.PCURVE_S1.);
#1091 = CIRCLE('',#1092,1.6);
#1092 = AXIS2_PLACEMENT_3D('',#1093,#1094,#1095);
#1093 = CARTESIAN_POINT('',(52.2,12.8,58.));
#1094 = DIRECTION('',(0.,0.,1.));
#1095 = DIRECTION('',(0.,-1.,0.));
#1096 = PCURVE('',#346,#1097);
#1097 = DEFINITIONAL_REPRESENTATION('',(#1098),#1102);
#1098 = CIRCLE('',#1099,1.6);
#1099 = AXIS2_PLACEMENT_2D('',#1100,#1101);
#1100 = CARTESIAN_POINT('',(52.2,12.8));
#1101 = DIRECTION('',(0.,-1.));
#1102 = ( GEOMETRIC_REPRESENTATION_CONTEXT(2) 
PARAMETRIC_REPRESENTATION_CONTEXT() REPRESENTATION_CONTEXT('2D SPACE',''
  ) );
#1103 = PCURVE('',#1104,#1109);
#1104 = TOROIDAL_SURFACE('',#1105,1.6,0.8);
#1105 = AXIS2_PLACEMENT_3D('',#1106,#1107,#1108);
#1106 = CARTESIAN_POINT('',(52.2,12.8,57.2));
#1107 = DIRECTION('',(0.,0.,1.));
#1108 = DIRECTION('',(0.,-1.,0.));
#1109 = DEFINITIONAL_REPRESENTATION('',(#1110),#1114);
#1110 = LINE('',#1111,#1112);
#1111 = CARTESIAN_POINT('',(0.,1.570796326795));
#1112 = VECTOR('',#1113,1.);
#1113 = DIRECTION('',(1.,0.));
#1114 = ( GEOMETRIC_REPRESENTATION_CONTEXT(2) 
PARAMETRIC_REPRESENTATION_CONTEXT() REPRESENTATION_CONTEXT('2D SPACE',''
  ) );
#1115 = FACE_BOUND('',#1116,.T.);
#1116 = EDGE_LOOP('',(#1117));
#1117 = ORIENTED_EDGE('',*,*,#1118,.F.);
#1118 = EDGE_CURVE('',#1119,#1119,#1121,.T.);
#1119 = VERTEX_POINT('',#1120);
#1120 = CARTESIAN_POINT('',(88.05,35.,58.));
#1121 = SURFACE_CURVE('',#1122,(#1127,#1134),.PCURVE_S1.);
#1122 = CIRCLE('',#1123,2.05);
#1123 = AXIS2_PLACEMENT_3D('',#1124,#1125,#1126);
#1124 = CARTESIAN_POINT('',(86.,35.,58.));
#1125 = DIRECTION('',(0.,0.,1.));
#1126 = DIRECTION('',(1.,0.,-0.));
#1127 = PCURVE('',#346,#1128);
#1128 = DEFINITIONAL_REPRESENTATION('',(#1129),#1133);
#1129 = CIRCLE('',#1130,2.05);
#1130 = AXIS2_PLACEMENT_2D('',#1131,#1132);
#1131 = CARTESIAN_POINT('',(86.,35.));
#1132 = DIRECTION('',(1.,0.));
#1133 = ( GEOMETRIC_REPRESENTATION_CONTEXT(2) 
PARAMETRIC_REPRESENTATION_CONTEXT() REPRESENTATION_CONTEXT('2D SPACE',''
  ) );
#1134 = PCURVE('',#1135,#1140);
#1135 = TOROIDAL_SURFACE('',#1136,2.05,0.8);
#1136 = AXIS2_PLACEMENT_3D('',#1137,#1138,#1139);
#1137 = CARTESIAN_POINT('',(86.,35.,57.2));
#1138 = DIRECTION('',(0.,0.,1.));
#1139 = DIRECTION('',(1.,0.,-0.));
#1140 = DEFINITIONAL_REPRESENTATION('',(#1141),#1145);
#1141 = LINE('',#1142,#1143);
#1142 = CARTESIAN_POINT('',(0.,1.570796326795));
#1143 = VECTOR('',#1144,1.);
#1144 = DIRECTION('',(1.,0.));
#1145 = ( GEOMETRIC_REPRESENTATION_CONTEXT(2) 
PARAMETRIC_REPRESENTATION_CONTEXT() REPRESENTATION_CONTEXT('2D SPACE',''
  ) );
#1146 = ADVANCED_FACE('',(#1147),#373,.T.);
#1147 = FACE_BOUND('',#1148,.F.);
#1148 = EDGE_LOOP('',(#1149,#1150,#1170));
#1149 = ORIENTED_EDGE('',*,*,#442,.F.);
#1150 = ORIENTED_EDGE('',*,*,#1151,.T.);
#1151 = EDGE_CURVE('',#415,#331,#1152,.T.);
#1152 = SURFACE_CURVE('',#1153,(#1158,#1164),.PCURVE_S1.);
#1153 = CIRCLE('',#1154,0.8);
#1154 = AXIS2_PLACEMENT_3D('',#1155,#1156,#1157);
#1155 = CARTESIAN_POINT('',(0.8,69.2,57.2));
#1156 = DIRECTION('',(1.,0.,6.123233995737E-17));
#1157 = DIRECTION('',(-6.123233995737E-17,-0.,1.));
#1158 = PCURVE('',#373,#1159);
#1159 = DEFINITIONAL_REPRESENTATION('',(#1160),#1163);
#1160 = B_SPLINE_CURVE_WITH_KNOTS('',1,(#1161,#1162),.UNSPECIFIED.,.F.,
  .F.,(2,2),(4.712388980385,6.28318530718),.PIECEWISE_BEZIER_KNOTS.);
#1161 = CARTESIAN_POINT('',(-1.570796326795,-1.570796326795));
#1162 = CARTESIAN_POINT('',(-1.570796326795,0.));
#1163 = ( GEOMETRIC_REPRESENTATION_CONTEXT(2) 
PARAMETRIC_REPRESENTATION_CONTEXT() REPRESENTATION_CONTEXT('2D SPACE',''
  ) );
#1164 = PCURVE('',#835,#1165);
#1165 = DEFINITIONAL_REPRESENTATION('',(#1166),#1169);
#1166 = B_SPLINE_CURVE_WITH_KNOTS('',1,(#1167,#1168),.UNSPECIFIED.,.F.,
  .F.,(2,2),(4.712388980385,6.28318530718),.PIECEWISE_BEZIER_KNOTS.);
#1167 = CARTESIAN_POINT('',(-1.570796326795,0.8));
#1168 = CARTESIAN_POINT('',(0.,0.8));
#1169 = ( GEOMETRIC_REPRESENTATION_CONTEXT(2) 
PARAMETRIC_REPRESENTATION_CONTEXT() REPRESENTATION_CONTEXT('2D SPACE',''
  ) );
#1170 = ORIENTED_EDGE('',*,*,#358,.F.);
#1171 = ADVANCED_FACE('',(#1172),#430,.T.);
#1172 = FACE_BOUND('',#1173,.T.);
#1173 = EDGE_LOOP('',(#1174,#1175,#1198,#1226));
#1174 = ORIENTED_EDGE('',*,*,#414,.T.);
#1175 = ORIENTED_EDGE('',*,*,#1176,.T.);
#1176 = EDGE_CURVE('',#415,#1177,#1179,.T.);
#1177 = VERTEX_POINT('',#1178);
#1178 = CARTESIAN_POINT('',(99.2,70.,57.2));
#1179 = SURFACE_CURVE('',#1180,(#1184,#1191),.PCURVE_S1.);
#1180 = LINE('',#1181,#1182);
#1181 = CARTESIAN_POINT('',(0.,70.,57.2));
#1182 = VECTOR('',#1183,1.);
#1183 = DIRECTION('',(1.,0.,-0.));
#1184 = PCURVE('',#430,#1185);
#1185 = DEFINITIONAL_REPRESENTATION('',(#1186),#1190);
#1186 = LINE('',#1187,#1188);
#1187 = CARTESIAN_POINT('',(57.2,0.));
#1188 = VECTOR('',#1189,1.);
#1189 = DIRECTION('',(0.,1.));
#1190 = ( GEOMETRIC_REPRESENTATION_CONTEXT(2) 
PARAMETRIC_REPRESENTATION_CONTEXT() REPRESENTATION_CONTEXT('2D SPACE',''
  ) );
#1191 = PCURVE('',#835,#1192);
#1192 = DEFINITIONAL_REPRESENTATION('',(#1193),#1197);
#1193 = LINE('',#1194,#1195);
#1194 = CARTESIAN_POINT('',(-1.570796326795,0.));
#1195 = VECTOR('',#1196,1.);
#1196 = DIRECTION('',(-0.,1.));
#1197 = ( GEOMETRIC_REPRESENTATION_CONTEXT(2) 
PARAMETRIC_REPRESENTATION_CONTEXT() REPRESENTATION_CONTEXT('2D SPACE',''
  ) );
#1198 = ORIENTED_EDGE('',*,*,#1199,.F.);
#1199 = EDGE_CURVE('',#1200,#1177,#1202,.T.);
#1200 = VERTEX_POINT('',#1201);
#1201 = CARTESIAN_POINT('',(99.2,70.,0.8));
#1202 = SURFACE_CURVE('',#1203,(#1207,#1214),.PCURVE_S1.);
#1203 = LINE('',#1204,#1205);
#1204 = CARTESIAN_POINT('',(99.2,70.,0.));
#1205 = VECTOR('',#1206,1.);
#1206 = DIRECTION('',(0.,0.,1.));
#1207 = PCURVE('',#430,#1208);
#1208 = DEFINITIONAL_REPRESENTATION('',(#1209),#1213);
#1209 = LINE('',#1210,#1211);
#1210 = CARTESIAN_POINT('',(0.,99.2));
#1211 = VECTOR('',#1212,1.);
#1212 = DIRECTION('',(1.,0.));
#1213 = ( GEOMETRIC_REPRESENTATION_CONTEXT(2) 
PARAMETRIC_REPRESENTATION_CONTEXT() REPRESENTATION_CONTEXT('2D SPACE',''
  ) );
#1214 = PCURVE('',#1215,#1220);
#1215 = CYLINDRICAL_SURFACE('',#1216,0.8);
#1216 = AXIS2_PLACEMENT_3D('',#1217,#1218,#1219);
#1217 = CARTESIAN_POINT('',(99.2,69.2,0.));
#1218 = DIRECTION('',(0.,0.,1.));
#1219 = DIRECTION('',(-0.,1.,0.));
#1220 = DEFINITIONAL_REPRESENTATION('',(#1221),#1225);
#1221 = LINE('',#1222,#1223);
#1222 = CARTESIAN_POINT('',(-0.,0.));
#1223 = VECTOR('',#1224,1.);
#1224 = DIRECTION('',(-0.,1.));
#1225 = ( GEOMETRIC_REPRESENTATION_CONTEXT(2) 
PARAMETRIC_REPRESENTATION_CONTEXT() REPRESENTATION_CONTEXT('2D SPACE',''
  ) );
#1226 = ORIENTED_EDGE('',*,*,#1227,.F.);
#1227 = EDGE_CURVE('',#391,#1200,#1228,.T.);
#1228 = SURFACE_CURVE('',#1229,(#1233,#1240),.PCURVE_S1.);
#1229 = LINE('',#1230,#1231);
#1230 = CARTESIAN_POINT('',(0.,70.,0.8));
#1231 = VECTOR('',#1232,1.);
#1232 = DIRECTION('',(1.,0.,-0.));
#1233 = PCURVE('',#430,#1234);
#1234 = DEFINITIONAL_REPRESENTATION('',(#1235),#1239);
#1235 = LINE('',#1236,#1237);
#1236 = CARTESIAN_POINT('',(0.8,0.));
#1237 = VECTOR('',#1238,1.);
#1238 = DIRECTION('',(0.,1.));
#1239 = ( GEOMETRIC_REPRESENTATION_CONTEXT(2) 
PARAMETRIC_REPRESENTATION_CONTEXT() REPRESENTATION_CONTEXT('2D SPACE',''
  ) );
#1240 = PCURVE('',#667,#1241);
#1241 = DEFINITIONAL_REPRESENTATION('',(#1242),#1246);
#1242 = LINE('',#1243,#1244);
#1243 = CARTESIAN_POINT('',(-0.,0.));
#1244 = VECTOR('',#1245,1.);
#1245 = DIRECTION('',(-0.,1.));
#1246 = ( GEOMETRIC_REPRESENTATION_CONTEXT(2) 
PARAMETRIC_REPRESENTATION_CONTEXT() REPRESENTATION_CONTEXT('2D SPACE',''
  ) );
#1247 = ADVANCED_FACE('',(#1248),#480,.T.);
#1248 = FACE_BOUND('',#1249,.T.);
#1249 = EDGE_LOOP('',(#1250,#1251,#1252,#1279));
#1250 = ORIENTED_EDGE('',*,*,#466,.F.);
#1251 = ORIENTED_EDGE('',*,*,#602,.T.);
#1252 = ORIENTED_EDGE('',*,*,#1253,.F.);
#1253 = EDGE_CURVE('',#550,#603,#1254,.T.);
#1254 = SURFACE_CURVE('',#1255,(#1260,#1267),.PCURVE_S1.);
#1255 = CIRCLE('',#1256,0.8);
#1256 = AXIS2_PLACEMENT_3D('',#1257,#1258,#1259);
#1257 = CARTESIAN_POINT('',(99.2,0.8,0.8));
#1258 = DIRECTION('',(1.,0.,0.));
#1259 = DIRECTION('',(0.,-1.,0.));
#1260 = PCURVE('',#480,#1261);
#1261 = DEFINITIONAL_REPRESENTATION('',(#1262),#1266);
#1262 = LINE('',#1263,#1264);
#1263 = CARTESIAN_POINT('',(0.,99.2));
#1264 = VECTOR('',#1265,1.);
#1265 = DIRECTION('',(1.,0.));
#1266 = ( GEOMETRIC_REPRESENTATION_CONTEXT(2) 
PARAMETRIC_REPRESENTATION_CONTEXT() REPRESENTATION_CONTEXT('2D SPACE',''
  ) );
#1267 = PCURVE('',#1268,#1273);
#1268 = SPHERICAL_SURFACE('',#1269,0.8);
#1269 = AXIS2_PLACEMENT_3D('',#1270,#1271,#1272);
#1270 = CARTESIAN_POINT('',(99.2,0.8,0.8));
#1271 = DIRECTION('',(-1.,-0.,0.));
#1272 = DIRECTION('',(0.,-1.,0.));
#1273 = DEFINITIONAL_REPRESENTATION('',(#1274),#1278);
#1274 = LINE('',#1275,#1276);
#1275 = CARTESIAN_POINT('',(-0.,0.));
#1276 = VECTOR('',#1277,1.);
#1277 = DIRECTION('',(-1.,0.));
#1278 = ( GEOMETRIC_REPRESENTATION_CONTEXT(2) 
PARAMETRIC_REPRESENTATION_CONTEXT() REPRESENTATION_CONTEXT('2D SPACE',''
  ) );
#1279 = ORIENTED_EDGE('',*,*,#577,.F.);
#1280 = ADVANCED_FACE('',(#1281),#510,.T.);
#1281 = FACE_BOUND('',#1282,.F.);
#1282 = EDGE_LOOP('',(#1283,#1284,#1285,#1310));
#1283 = ORIENTED_EDGE('',*,*,#496,.F.);
#1284 = ORIENTED_EDGE('',*,*,#770,.T.);
#1285 = ORIENTED_EDGE('',*,*,#1286,.T.);
#1286 = EDGE_CURVE('',#771,#527,#1287,.T.);
#1287 = SURFACE_CURVE('',#1288,(#1293,#1299),.PCURVE_S1.);
#1288 = CIRCLE('',#1289,0.8);
#1289 = AXIS2_PLACEMENT_3D('',#1290,#1291,#1292);
#1290 = CARTESIAN_POINT('',(99.2,0.8,57.2));
#1291 = DIRECTION('',(1.,0.,0.));
#1292 = DIRECTION('',(0.,-1.,0.));
#1293 = PCURVE('',#510,#1294);
#1294 = DEFINITIONAL_REPRESENTATION('',(#1295),#1298);
#1295 = B_SPLINE_CURVE_WITH_KNOTS('',1,(#1296,#1297),.UNSPECIFIED.,.F.,
  .F.,(2,2),(4.712388980385,6.28318530718),.PIECEWISE_BEZIER_KNOTS.);
#1296 = CARTESIAN_POINT('',(-1.570796326795,99.2));
#1297 = CARTESIAN_POINT('',(0.,99.2));
#1298 = ( GEOMETRIC_REPRESENTATION_CONTEXT(2) 
PARAMETRIC_REPRESENTATION_CONTEXT() REPRESENTATION_CONTEXT('2D SPACE',''
  ) );
#1299 = PCURVE('',#1300,#1305);
#1300 = SPHERICAL_SURFACE('',#1301,0.8);
#1301 = AXIS2_PLACEMENT_3D('',#1302,#1303,#1304);
#1302 = CARTESIAN_POINT('',(99.2,0.8,57.2));
#1303 = DIRECTION('',(-0.,-0.,-1.));
#1304 = DIRECTION('',(0.,-1.,0.));
#1305 = DEFINITIONAL_REPRESENTATION('',(#1306),#1309);
#1306 = B_SPLINE_CURVE_WITH_KNOTS('',1,(#1307,#1308),.UNSPECIFIED.,.F.,
  .F.,(2,2),(4.712388980385,6.28318530718),.PIECEWISE_BEZIER_KNOTS.);
#1307 = CARTESIAN_POINT('',(0.,-1.570796326795));
#1308 = CARTESIAN_POINT('',(0.,0.));
#1309 = ( GEOMETRIC_REPRESENTATION_CONTEXT(2) 
PARAMETRIC_REPRESENTATION_CONTEXT() REPRESENTATION_CONTEXT('2D SPACE',''
  ) );
#1310 = ORIENTED_EDGE('',*,*,#526,.F.);
#1311 = ADVANCED_FACE('',(#1312),#565,.T.);
#1312 = FACE_BOUND('',#1313,.T.);
#1313 = EDGE_LOOP('',(#1314,#1336,#1364,#1386));
#1314 = ORIENTED_EDGE('',*,*,#1315,.F.);
#1315 = EDGE_CURVE('',#1316,#550,#1318,.T.);
#1316 = VERTEX_POINT('',#1317);
#1317 = CARTESIAN_POINT('',(100.,0.8,0.8));
#1318 = SURFACE_CURVE('',#1319,(#1324,#1330),.PCURVE_S1.);
#1319 = CIRCLE('',#1320,0.8);
#1320 = AXIS2_PLACEMENT_3D('',#1321,#1322,#1323);
#1321 = CARTESIAN_POINT('',(99.2,0.8,0.8));
#1322 = DIRECTION('',(0.,-0.,-1.));
#1323 = DIRECTION('',(0.,-1.,0.));
#1324 = PCURVE('',#565,#1325);
#1325 = DEFINITIONAL_REPRESENTATION('',(#1326),#1329);
#1326 = B_SPLINE_CURVE_WITH_KNOTS('',1,(#1327,#1328),.UNSPECIFIED.,.F.,
  .F.,(2,2),(4.712388980385,6.28318530718),.PIECEWISE_BEZIER_KNOTS.);
#1327 = CARTESIAN_POINT('',(1.570796326795,0.8));
#1328 = CARTESIAN_POINT('',(0.,0.8));
#1329 = ( GEOMETRIC_REPRESENTATION_CONTEXT(2) 
PARAMETRIC_REPRESENTATION_CONTEXT() REPRESENTATION_CONTEXT('2D SPACE',''
  ) );
#1330 = PCURVE('',#1268,#1331);
#1331 = DEFINITIONAL_REPRESENTATION('',(#1332),#1335);
#1332 = B_SPLINE_CURVE_WITH_KNOTS('',1,(#1333,#1334),.UNSPECIFIED.,.F.,
  .F.,(2,2),(4.712388980385,6.28318530718),.PIECEWISE_BEZIER_KNOTS.);
#1333 = CARTESIAN_POINT('',(0.,-1.570796326795));
#1334 = CARTESIAN_POINT('',(0.,0.));
#1335 = ( GEOMETRIC_REPRESENTATION_CONTEXT(2) 
PARAMETRIC_REPRESENTATION_CONTEXT() REPRESENTATION_CONTEXT('2D SPACE',''
  ) );
#1336 = ORIENTED_EDGE('',*,*,#1337,.T.);
#1337 = EDGE_CURVE('',#1316,#1338,#1340,.T.);
#1338 = VERTEX_POINT('',#1339);
#1339 = CARTESIAN_POINT('',(100.,0.8,57.2));
#1340 = SURFACE_CURVE('',#1341,(#1345,#1352),.PCURVE_S1.);
#1341 = LINE('',#1342,#1343);
#1342 = CARTESIAN_POINT('',(100.,0.8,0.));
#1343 = VECTOR('',#1344,1.);
#1344 = DIRECTION('',(0.,0.,1.));
#1345 = PCURVE('',#565,#1346);
#1346 = DEFINITIONAL_REPRESENTATION('',(#1347),#1351);
#1347 = LINE('',#1348,#1349);
#1348 = CARTESIAN_POINT('',(1.570796326795,0.));
#1349 = VECTOR('',#1350,1.);
#1350 = DIRECTION('',(0.,1.));
#1351 = ( GEOMETRIC_REPRESENTATION_CONTEXT(2) 
PARAMETRIC_REPRESENTATION_CONTEXT() REPRESENTATION_CONTEXT('2D SPACE',''
  ) );
#1352 = PCURVE('',#1353,#1358);
#1353 = PLANE('',#1354);
#1354 = AXIS2_PLACEMENT_3D('',#1355,#1356,#1357);
#1355 = CARTESIAN_POINT('',(100.,0.,0.));
#1356 = DIRECTION('',(1.,0.,-0.));
#1357 = DIRECTION('',(0.,0.,1.));
#1358 = DEFINITIONAL_REPRESENTATION('',(#1359),#1363);
#1359 = LINE('',#1360,#1361);
#1360 = CARTESIAN_POINT('',(0.,-0.8));
#1361 = VECTOR('',#1362,1.);
#1362 = DIRECTION('',(1.,0.));
#1363 = ( GEOMETRIC_REPRESENTATION_CONTEXT(2) 
PARAMETRIC_REPRESENTATION_CONTEXT() REPRESENTATION_CONTEXT('2D SPACE',''
  ) );
#1364 = ORIENTED_EDGE('',*,*,#1365,.F.);
#1365 = EDGE_CURVE('',#527,#1338,#1366,.T.);
#1366 = SURFACE_CURVE('',#1367,(#1372,#1379),.PCURVE_S1.);
#1367 = CIRCLE('',#1368,0.8);
#1368 = AXIS2_PLACEMENT_3D('',#1369,#1370,#1371);
#1369 = CARTESIAN_POINT('',(99.2,0.8,57.2));
#1370 = DIRECTION('',(0.,0.,1.));
#1371 = DIRECTION('',(0.,-1.,0.));
#1372 = PCURVE('',#565,#1373);
#1373 = DEFINITIONAL_REPRESENTATION('',(#1374),#1378);
#1374 = LINE('',#1375,#1376);
#1375 = CARTESIAN_POINT('',(0.,57.2));
#1376 = VECTOR('',#1377,1.);
#1377 = DIRECTION('',(1.,0.));
#1378 = ( GEOMETRIC_REPRESENTATION_CONTEXT(2) 
PARAMETRIC_REPRESENTATION_CONTEXT() REPRESENTATION_CONTEXT('2D SPACE',''
  ) );
#1379 = PCURVE('',#1300,#1380);
#1380 = DEFINITIONAL_REPRESENTATION('',(#1381),#1385);
#1381 = LINE('',#1382,#1383);
#1382 = CARTESIAN_POINT('',(-0.,0.));
#1383 = VECTOR('',#1384,1.);
#1384 = DIRECTION('',(-1.,0.));
#1385 = ( GEOMETRIC_REPRESENTATION_CONTEXT(2) 
PARAMETRIC_REPRESENTATION_CONTEXT() REPRESENTATION_CONTEXT('2D SPACE',''
  ) );
#1386 = ORIENTED_EDGE('',*,*,#549,.F.);
#1387 = ADVANCED_FACE('',(#1388),#667,.T.);
#1388 = FACE_BOUND('',#1389,.F.);
#1389 = EDGE_LOOP('',(#1390,#1391,#1392,#1419));
#1390 = ORIENTED_EDGE('',*,*,#745,.F.);
#1391 = ORIENTED_EDGE('',*,*,#653,.T.);
#1392 = ORIENTED_EDGE('',*,*,#1393,.F.);
#1393 = EDGE_CURVE('',#1200,#626,#1394,.T.);
#1394 = SURFACE_CURVE('',#1395,(#1400,#1407),.PCURVE_S1.);
#1395 = CIRCLE('',#1396,0.8);
#1396 = AXIS2_PLACEMENT_3D('',#1397,#1398,#1399);
#1397 = CARTESIAN_POINT('',(99.2,69.2,0.8));
#1398 = DIRECTION('',(-1.,0.,0.));
#1399 = DIRECTION('',(0.,1.,0.));
#1400 = PCURVE('',#667,#1401);
#1401 = DEFINITIONAL_REPRESENTATION('',(#1402),#1406);
#1402 = LINE('',#1403,#1404);
#1403 = CARTESIAN_POINT('',(-0.,99.2));
#1404 = VECTOR('',#1405,1.);
#1405 = DIRECTION('',(-1.,0.));
#1406 = ( GEOMETRIC_REPRESENTATION_CONTEXT(2) 
PARAMETRIC_REPRESENTATION_CONTEXT() REPRESENTATION_CONTEXT('2D SPACE',''
  ) );
#1407 = PCURVE('',#1408,#1413);
#1408 = SPHERICAL_SURFACE('',#1409,0.8);
#1409 = AXIS2_PLACEMENT_3D('',#1410,#1411,#1412);
#1410 = CARTESIAN_POINT('',(99.2,69.2,0.8));
#1411 = DIRECTION('',(-1.,-0.,0.));
#1412 = DIRECTION('',(0.,1.,0.));
#1413 = DEFINITIONAL_REPRESENTATION('',(#1414),#1418);
#1414 = LINE('',#1415,#1416);
#1415 = CARTESIAN_POINT('',(0.,0.));
#1416 = VECTOR('',#1417,1.);
#1417 = DIRECTION('',(1.,0.));
#1418 = ( GEOMETRIC_REPRESENTATION_CONTEXT(2) 
PARAMETRIC_REPRESENTATION_CONTEXT() REPRESENTATION_CONTEXT('2D SPACE',''
  ) );
#1419 = ORIENTED_EDGE('',*,*,#1227,.F.);
#1420 = ADVANCED_FACE('',(#1421),#641,.T.);
#1421 = FACE_BOUND('',#1422,.F.);
#1422 = EDGE_LOOP('',(#1423,#1443,#1466,#1486));
#1423 = ORIENTED_EDGE('',*,*,#1424,.F.);
#1424 = EDGE_CURVE('',#1316,#603,#1425,.T.);
#1425 = SURFACE_CURVE('',#1426,(#1431,#1437),.PCURVE_S1.);
#1426 = CIRCLE('',#1427,0.8);
#1427 = AXIS2_PLACEMENT_3D('',#1428,#1429,#1430);
#1428 = CARTESIAN_POINT('',(99.2,0.8,0.8));
#1429 = DIRECTION('',(-0.,1.,-6.123233995737E-17));
#1430 = DIRECTION('',(0.,-6.123233995737E-17,-1.));
#1431 = PCURVE('',#641,#1432);
#1432 = DEFINITIONAL_REPRESENTATION('',(#1433),#1436);
#1433 = B_SPLINE_CURVE_WITH_KNOTS('',1,(#1434,#1435),.UNSPECIFIED.,.F.,
  .F.,(2,2),(4.712388980385,6.28318530718),.PIECEWISE_BEZIER_KNOTS.);
#1434 = CARTESIAN_POINT('',(-1.570796326795,0.8));
#1435 = CARTESIAN_POINT('',(0.,0.8));
#1436 = ( GEOMETRIC_REPRESENTATION_CONTEXT(2) 
PARAMETRIC_REPRESENTATION_CONTEXT() REPRESENTATION_CONTEXT('2D SPACE',''
  ) );
#1437 = PCURVE('',#1268,#1438);
#1438 = DEFINITIONAL_REPRESENTATION('',(#1439),#1442);
#1439 = B_SPLINE_CURVE_WITH_KNOTS('',1,(#1440,#1441),.UNSPECIFIED.,.F.,
  .F.,(2,2),(4.712388980385,6.28318530718),.PIECEWISE_BEZIER_KNOTS.);
#1440 = CARTESIAN_POINT('',(-1.570796326795,-1.570796326795));
#1441 = CARTESIAN_POINT('',(-1.570796326795,0.));
#1442 = ( GEOMETRIC_REPRESENTATION_CONTEXT(2) 
PARAMETRIC_REPRESENTATION_CONTEXT() REPRESENTATION_CONTEXT('2D SPACE',''
  ) );
#1443 = ORIENTED_EDGE('',*,*,#1444,.T.);
#1444 = EDGE_CURVE('',#1316,#1445,#1447,.T.);
#1445 = VERTEX_POINT('',#1446);
#1446 = CARTESIAN_POINT('',(100.,69.2,0.8));
#1447 = SURFACE_CURVE('',#1448,(#1452,#1459),.PCURVE_S1.);
#1448 = LINE('',#1449,#1450);
#1449 = CARTESIAN_POINT('',(100.,0.,0.8));
#1450 = VECTOR('',#1451,1.);
#1451 = DIRECTION('',(-0.,1.,0.));
#1452 = PCURVE('',#641,#1453);
#1453 = DEFINITIONAL_REPRESENTATION('',(#1454),#1458);
#1454 = LINE('',#1455,#1456);
#1455 = CARTESIAN_POINT('',(-1.570796326795,0.));
#1456 = VECTOR('',#1457,1.);
#1457 = DIRECTION('',(-0.,1.));
#1458 = ( GEOMETRIC_REPRESENTATION_CONTEXT(2) 
PARAMETRIC_REPRESENTATION_CONTEXT() REPRESENTATION_CONTEXT('2D SPACE',''
  ) );
#1459 = PCURVE('',#1353,#1460);
#1460 = DEFINITIONAL_REPRESENTATION('',(#1461),#1465);
#1461 = LINE('',#1462,#1463);
#1462 = CARTESIAN_POINT('',(0.8,0.));
#1463 = VECTOR('',#1464,1.);
#1464 = DIRECTION('',(0.,-1.));
#1465 = ( GEOMETRIC_REPRESENTATION_CONTEXT(2) 
PARAMETRIC_REPRESENTATION_CONTEXT() REPRESENTATION_CONTEXT('2D SPACE',''
  ) );
#1466 = ORIENTED_EDGE('',*,*,#1467,.T.);
#1467 = EDGE_CURVE('',#1445,#626,#1468,.T.);
#1468 = SURFACE_CURVE('',#1469,(#1474,#1480),.PCURVE_S1.);
#1469 = CIRCLE('',#1470,0.8);
#1470 = AXIS2_PLACEMENT_3D('',#1471,#1472,#1473);
#1471 = CARTESIAN_POINT('',(99.2,69.2,0.8));
#1472 = DIRECTION('',(0.,1.,6.123233995737E-17));
#1473 = DIRECTION('',(0.,6.123233995737E-17,-1.));
#1474 = PCURVE('',#641,#1475);
#1475 = DEFINITIONAL_REPRESENTATION('',(#1476),#1479);
#1476 = B_SPLINE_CURVE_WITH_KNOTS('',1,(#1477,#1478),.UNSPECIFIED.,.F.,
  .F.,(2,2),(4.712388980385,6.28318530718),.PIECEWISE_BEZIER_KNOTS.);
#1477 = CARTESIAN_POINT('',(-1.570796326795,69.2));
#1478 = CARTESIAN_POINT('',(0.,69.2));
#1479 = ( GEOMETRIC_REPRESENTATION_CONTEXT(2) 
PARAMETRIC_REPRESENTATION_CONTEXT() REPRESENTATION_CONTEXT('2D SPACE',''
  ) );
#1480 = PCURVE('',#1408,#1481);
#1481 = DEFINITIONAL_REPRESENTATION('',(#1482),#1485);
#1482 = B_SPLINE_CURVE_WITH_KNOTS('',1,(#1483,#1484),.UNSPECIFIED.,.F.,
  .F.,(2,2),(4.712388980385,6.28318530718),.PIECEWISE_BEZIER_KNOTS.);
#1483 = CARTESIAN_POINT('',(1.570796326795,-1.570796326795));
#1484 = CARTESIAN_POINT('',(1.570796326795,0.));
#1485 = ( GEOMETRIC_REPRESENTATION_CONTEXT(2) 
PARAMETRIC_REPRESENTATION_CONTEXT() REPRESENTATION_CONTEXT('2D SPACE',''
  ) );
#1486 = ORIENTED_EDGE('',*,*,#625,.F.);
#1487 = ADVANCED_FACE('',(#1488),#698,.T.);
#1488 = FACE_BOUND('',#1489,.F.);
#1489 = EDGE_LOOP('',(#1490,#1512,#1513,#1514));
#1490 = ORIENTED_EDGE('',*,*,#1491,.F.);
#1491 = EDGE_CURVE('',#682,#1492,#1494,.T.);
#1492 = VERTEX_POINT('',#1493);
#1493 = CARTESIAN_POINT('',(15.25,35.,0.8));
#1494 = SEAM_CURVE('',#1495,(#1500,#1506),.PCURVE_S1.);
#1495 = CIRCLE('',#1496,0.8);
#1496 = AXIS2_PLACEMENT_3D('',#1497,#1498,#1499);
#1497 = CARTESIAN_POINT('',(16.05,35.,0.8));
#1498 = DIRECTION('',(0.,1.,0.));
#1499 = DIRECTION('',(1.,0.,-0.));
#1500 = PCURVE('',#698,#1501);
#1501 = DEFINITIONAL_REPRESENTATION('',(#1502),#1505);
#1502 = B_SPLINE_CURVE_WITH_KNOTS('',1,(#1503,#1504),.UNSPECIFIED.,.F.,
  .F.,(2,2),(1.570796326795,3.14159265359),.PIECEWISE_BEZIER_KNOTS.);
#1503 = CARTESIAN_POINT('',(0.,1.570796326795));
#1504 = CARTESIAN_POINT('',(0.,3.14159265359));
#1505 = ( GEOMETRIC_REPRESENTATION_CONTEXT(2) 
PARAMETRIC_REPRESENTATION_CONTEXT() REPRESENTATION_CONTEXT('2D SPACE',''
  ) );
#1506 = PCURVE('',#698,#1507);
#1507 = DEFINITIONAL_REPRESENTATION('',(#1508),#1511);
#1508 = B_SPLINE_CURVE_WITH_KNOTS('',1,(#1509,#1510),.UNSPECIFIED.,.F.,
  .F.,(2,2),(1.570796326795,3.14159265359),.PIECEWISE_BEZIER_KNOTS.);
#1509 = CARTESIAN_POINT('',(-6.28318530718,1.570796326795));
#1510 = CARTESIAN_POINT('',(-6.28318530718,3.14159265359));
#1511 = ( GEOMETRIC_REPRESENTATION_CONTEXT(2) 
PARAMETRIC_REPRESENTATION_CONTEXT() REPRESENTATION_CONTEXT('2D SPACE',''
  ) );
#1512 = ORIENTED_EDGE('',*,*,#681,.F.);
#1513 = ORIENTED_EDGE('',*,*,#1491,.T.);
#1514 = ORIENTED_EDGE('',*,*,#1515,.T.);
#1515 = EDGE_CURVE('',#1492,#1492,#1516,.T.);
#1516 = SURFACE_CURVE('',#1517,(#1522,#1529),.PCURVE_S1.);
#1517 = CIRCLE('',#1518,1.25);
#1518 = AXIS2_PLACEMENT_3D('',#1519,#1520,#1521);
#1519 = CARTESIAN_POINT('',(14.,35.,0.8));
#1520 = DIRECTION('',(0.,0.,1.));
#1521 = DIRECTION('',(1.,0.,-0.));
#1522 = PCURVE('',#698,#1523);
#1523 = DEFINITIONAL_REPRESENTATION('',(#1524),#1528);
#1524 = LINE('',#1525,#1526);
#1525 = CARTESIAN_POINT('',(-0.,3.14159265359));
#1526 = VECTOR('',#1527,1.);
#1527 = DIRECTION('',(-1.,0.));
#1528 = ( GEOMETRIC_REPRESENTATION_CONTEXT(2) 
PARAMETRIC_REPRESENTATION_CONTEXT() REPRESENTATION_CONTEXT('2D SPACE',''
  ) );
#1529 = PCURVE('',#1530,#1535);
#1530 = CYLINDRICAL_SURFACE('',#1531,1.25);
#1531 = AXIS2_PLACEMENT_3D('',#1532,#1533,#1534);
#1532 = CARTESIAN_POINT('',(14.,35.,-1.));
#1533 = DIRECTION('',(0.,0.,1.));
#1534 = DIRECTION('',(1.,0.,-0.));
#1535 = DEFINITIONAL_REPRESENTATION('',(#1536),#1540);
#1536 = LINE('',#1537,#1538);
#1537 = CARTESIAN_POINT('',(0.,1.8));
#1538 = VECTOR('',#1539,1.);
#1539 = DIRECTION('',(1.,0.));
#1540 = ( GEOMETRIC_REPRESENTATION_CONTEXT(2) 
PARAMETRIC_REPRESENTATION_CONTEXT() REPRESENTATION_CONTEXT('2D SPACE',''
  ) );
#1541 = ADVANCED_FACE('',(#1542),#729,.T.);
#1542 = FACE_BOUND('',#1543,.F.);
#1543 = EDGE_LOOP('',(#1544,#1566,#1567,#1568));
#1544 = ORIENTED_EDGE('',*,*,#1545,.F.);
#1545 = EDGE_CURVE('',#713,#1546,#1548,.T.);
#1546 = VERTEX_POINT('',#1547);
#1547 = CARTESIAN_POINT('',(87.25,35.,0.8));
#1548 = SEAM_CURVE('',#1549,(#1554,#1560),.PCURVE_S1.);
#1549 = CIRCLE('',#1550,0.8);
#1550 = AXIS2_PLACEMENT_3D('',#1551,#1552,#1553);
#1551 = CARTESIAN_POINT('',(88.05,35.,0.8));
#1552 = DIRECTION('',(0.,1.,0.));
#1553 = DIRECTION('',(1.,0.,-0.));
#1554 = PCURVE('',#729,#1555);
#1555 = DEFINITIONAL_REPRESENTATION('',(#1556),#1559);
#1556 = B_SPLINE_CURVE_WITH_KNOTS('',1,(#1557,#1558),.UNSPECIFIED.,.F.,
  .F.,(2,2),(1.570796326795,3.14159265359),.PIECEWISE_BEZIER_KNOTS.);
#1557 = CARTESIAN_POINT('',(0.,1.570796326795));
#1558 = CARTESIAN_POINT('',(0.,3.14159265359));
#1559 = ( GEOMETRIC_REPRESENTATION_CONTEXT(2) 
PARAMETRIC_REPRESENTATION_CONTEXT() REPRESENTATION_CONTEXT('2D SPACE',''
  ) );
#1560 = PCURVE('',#729,#1561);
#1561 = DEFINITIONAL_REPRESENTATION('',(#1562),#1565);
#1562 = B_SPLINE_CURVE_WITH_KNOTS('',1,(#1563,#1564),.UNSPECIFIED.,.F.,
  .F.,(2,2),(1.570796326795,3.14159265359),.PIECEWISE_BEZIER_KNOTS.);
#1563 = CARTESIAN_POINT('',(-6.28318530718,1.570796326795));
#1564 = CARTESIAN_POINT('',(-6.28318530718,3.14159265359));
#1565 = ( GEOMETRIC_REPRESENTATION_CONTEXT(2) 
PARAMETRIC_REPRESENTATION_CONTEXT() REPRESENTATION_CONTEXT('2D SPACE',''
  ) );
#1566 = ORIENTED_EDGE('',*,*,#712,.F.);
#1567 = ORIENTED_EDGE('',*,*,#1545,.T.);
#1568 = ORIENTED_EDGE('',*,*,#1569,.T.);
#1569 = EDGE_CURVE('',#1546,#1546,#1570,.T.);
#1570 = SURFACE_CURVE('',#1571,(#1576,#1583),.PCURVE_S1.);
#1571 = CIRCLE('',#1572,1.25);
#1572 = AXIS2_PLACEMENT_3D('',#1573,#1574,#1575);
#1573 = CARTESIAN_POINT('',(86.,35.,0.8));
#1574 = DIRECTION('',(0.,0.,1.));
#1575 = DIRECTION('',(1.,0.,-0.));
#1576 = PCURVE('',#729,#1577);
#1577 = DEFINITIONAL_REPRESENTATION('',(#1578),#1582);
#1578 = LINE('',#1579,#1580);
#1579 = CARTESIAN_POINT('',(-0.,3.14159265359));
#1580 = VECTOR('',#1581,1.);
#1581 = DIRECTION('',(-1.,0.));
#1582 = ( GEOMETRIC_REPRESENTATION_CONTEXT(2) 
PARAMETRIC_REPRESENTATION_CONTEXT() REPRESENTATION_CONTEXT('2D SPACE',''
  ) );
#1583 = PCURVE('',#1584,#1589);
#1584 = CYLINDRICAL_SURFACE('',#1585,1.25);
#1585 = AXIS2_PLACEMENT_3D('',#1586,#1587,#1588);
#1586 = CARTESIAN_POINT('',(86.,35.,-1.));
#1587 = DIRECTION('',(0.,0.,1.));
#1588 = DIRECTION('',(1.,0.,-0.));
#1589 = DEFINITIONAL_REPRESENTATION('',(#1590),#1594);
#1590 = LINE('',#1591,#1592);
#1591 = CARTESIAN_POINT('',(0.,1.8));
#1592 = VECTOR('',#1593,1.);
#1593 = DIRECTION('',(1.,0.));
#1594 = ( GEOMETRIC_REPRESENTATION_CONTEXT(2) 
PARAMETRIC_REPRESENTATION_CONTEXT() REPRESENTATION_CONTEXT('2D SPACE',''
  ) );
#1595 = ADVANCED_FACE('',(#1596),#835,.T.);
#1596 = FACE_BOUND('',#1597,.F.);
#1597 = EDGE_LOOP('',(#1598,#1599,#1600,#1627));
#1598 = ORIENTED_EDGE('',*,*,#1151,.F.);
#1599 = ORIENTED_EDGE('',*,*,#1176,.T.);
#1600 = ORIENTED_EDGE('',*,*,#1601,.F.);
#1601 = EDGE_CURVE('',#794,#1177,#1602,.T.);
#1602 = SURFACE_CURVE('',#1603,(#1608,#1615),.PCURVE_S1.);
#1603 = CIRCLE('',#1604,0.8);
#1604 = AXIS2_PLACEMENT_3D('',#1605,#1606,#1607);
#1605 = CARTESIAN_POINT('',(99.2,69.2,57.2));
#1606 = DIRECTION('',(-1.,-0.,0.));
#1607 = DIRECTION('',(0.,0.,1.));
#1608 = PCURVE('',#835,#1609);
#1609 = DEFINITIONAL_REPRESENTATION('',(#1610),#1614);
#1610 = LINE('',#1611,#1612);
#1611 = CARTESIAN_POINT('',(-0.,99.2));
#1612 = VECTOR('',#1613,1.);
#1613 = DIRECTION('',(-1.,0.));
#1614 = ( GEOMETRIC_REPRESENTATION_CONTEXT(2) 
PARAMETRIC_REPRESENTATION_CONTEXT() REPRESENTATION_CONTEXT('2D SPACE',''
  ) );
#1615 = PCURVE('',#1616,#1621);
#1616 = SPHERICAL_SURFACE('',#1617,0.8);
#1617 = AXIS2_PLACEMENT_3D('',#1618,#1619,#1620);
#1618 = CARTESIAN_POINT('',(99.2,69.2,57.2));
#1619 = DIRECTION('',(-1.,-0.,0.));
#1620 = DIRECTION('',(0.,0.,1.));
#1621 = DEFINITIONAL_REPRESENTATION('',(#1622),#1626);
#1622 = LINE('',#1623,#1624);
#1623 = CARTESIAN_POINT('',(0.,0.));
#1624 = VECTOR('',#1625,1.);
#1625 = DIRECTION('',(1.,0.));
#1626 = ( GEOMETRIC_REPRESENTATION_CONTEXT(2) 
PARAMETRIC_REPRESENTATION_CONTEXT() REPRESENTATION_CONTEXT('2D SPACE',''
  ) );
#1627 = ORIENTED_EDGE('',*,*,#821,.F.);
#1628 = ADVANCED_FACE('',(#1629),#809,.T.);
#1629 = FACE_BOUND('',#1630,.T.);
#1630 = EDGE_LOOP('',(#1631,#1651,#1674,#1694));
#1631 = ORIENTED_EDGE('',*,*,#1632,.T.);
#1632 = EDGE_CURVE('',#771,#1338,#1633,.T.);
#1633 = SURFACE_CURVE('',#1634,(#1639,#1645),.PCURVE_S1.);
#1634 = CIRCLE('',#1635,0.8);
#1635 = AXIS2_PLACEMENT_3D('',#1636,#1637,#1638);
#1636 = CARTESIAN_POINT('',(99.2,0.8,57.2));
#1637 = DIRECTION('',(6.123233995737E-17,1.,0.));
#1638 = DIRECTION('',(1.,-6.123233995737E-17,0.));
#1639 = PCURVE('',#809,#1640);
#1640 = DEFINITIONAL_REPRESENTATION('',(#1641),#1644);
#1641 = B_SPLINE_CURVE_WITH_KNOTS('',1,(#1642,#1643),.UNSPECIFIED.,.F.,
  .F.,(2,2),(4.712388980385,6.28318530718),.PIECEWISE_BEZIER_KNOTS.);
#1642 = CARTESIAN_POINT('',(0.,0.8));
#1643 = CARTESIAN_POINT('',(1.570796326795,0.8));
#1644 = ( GEOMETRIC_REPRESENTATION_CONTEXT(2) 
PARAMETRIC_REPRESENTATION_CONTEXT() REPRESENTATION_CONTEXT('2D SPACE',''
  ) );
#1645 = PCURVE('',#1300,#1646);
#1646 = DEFINITIONAL_REPRESENTATION('',(#1647),#1650);
#1647 = B_SPLINE_CURVE_WITH_KNOTS('',1,(#1648,#1649),.UNSPECIFIED.,.F.,
  .F.,(2,2),(4.712388980385,6.28318530718),.PIECEWISE_BEZIER_KNOTS.);
#1648 = CARTESIAN_POINT('',(-1.570796326795,-1.570796326795));
#1649 = CARTESIAN_POINT('',(-1.570796326795,0.));
#1650 = ( GEOMETRIC_REPRESENTATION_CONTEXT(2) 
PARAMETRIC_REPRESENTATION_CONTEXT() REPRESENTATION_CONTEXT('2D SPACE',''
  ) );
#1651 = ORIENTED_EDGE('',*,*,#1652,.T.);
#1652 = EDGE_CURVE('',#1338,#1653,#1655,.T.);
#1653 = VERTEX_POINT('',#1654);
#1654 = CARTESIAN_POINT('',(100.,69.2,57.2));
#1655 = SURFACE_CURVE('',#1656,(#1660,#1667),.PCURVE_S1.);
#1656 = LINE('',#1657,#1658);
#1657 = CARTESIAN_POINT('',(100.,0.,57.2));
#1658 = VECTOR('',#1659,1.);
#1659 = DIRECTION('',(-0.,1.,0.));
#1660 = PCURVE('',#809,#1661);
#1661 = DEFINITIONAL_REPRESENTATION('',(#1662),#1666);
#1662 = LINE('',#1663,#1664);
#1663 = CARTESIAN_POINT('',(1.570796326795,0.));
#1664 = VECTOR('',#1665,1.);
#1665 = DIRECTION('',(0.,1.));
#1666 = ( GEOMETRIC_REPRESENTATION_CONTEXT(2) 
PARAMETRIC_REPRESENTATION_CONTEXT() REPRESENTATION_CONTEXT('2D SPACE',''
  ) );
#1667 = PCURVE('',#1353,#1668);
#1668 = DEFINITIONAL_REPRESENTATION('',(#1669),#1673);
#1669 = LINE('',#1670,#1671);
#1670 = CARTESIAN_POINT('',(57.2,0.));
#1671 = VECTOR('',#1672,1.);
#1672 = DIRECTION('',(0.,-1.));
#1673 = ( GEOMETRIC_REPRESENTATION_CONTEXT(2) 
PARAMETRIC_REPRESENTATION_CONTEXT() REPRESENTATION_CONTEXT('2D SPACE',''
  ) );
#1674 = ORIENTED_EDGE('',*,*,#1675,.T.);
#1675 = EDGE_CURVE('',#1653,#794,#1676,.T.);
#1676 = SURFACE_CURVE('',#1677,(#1682,#1688),.PCURVE_S1.);
#1677 = CIRCLE('',#1678,0.8);
#1678 = AXIS2_PLACEMENT_3D('',#1679,#1680,#1681);
#1679 = CARTESIAN_POINT('',(99.2,69.2,57.2));
#1680 = DIRECTION('',(0.,-1.,0.));
#1681 = DIRECTION('',(0.,0.,1.));
#1682 = PCURVE('',#809,#1683);
#1683 = DEFINITIONAL_REPRESENTATION('',(#1684),#1687);
#1684 = B_SPLINE_CURVE_WITH_KNOTS('',1,(#1685,#1686),.UNSPECIFIED.,.F.,
  .F.,(2,2),(4.712388980385,6.28318530718),.PIECEWISE_BEZIER_KNOTS.);
#1685 = CARTESIAN_POINT('',(1.570796326795,69.2));
#1686 = CARTESIAN_POINT('',(0.,69.2));
#1687 = ( GEOMETRIC_REPRESENTATION_CONTEXT(2) 
PARAMETRIC_REPRESENTATION_CONTEXT() REPRESENTATION_CONTEXT('2D SPACE',''
  ) );
#1688 = PCURVE('',#1616,#1689);
#1689 = DEFINITIONAL_REPRESENTATION('',(#1690),#1693);
#1690 = B_SPLINE_CURVE_WITH_KNOTS('',1,(#1691,#1692),.UNSPECIFIED.,.F.,
  .F.,(2,2),(4.712388980385,6.28318530718),.PIECEWISE_BEZIER_KNOTS.);
#1691 = CARTESIAN_POINT('',(0.,-1.570796326795));
#1692 = CARTESIAN_POINT('',(0.,0.));
#1693 = ( GEOMETRIC_REPRESENTATION_CONTEXT(2) 
PARAMETRIC_REPRESENTATION_CONTEXT() REPRESENTATION_CONTEXT('2D SPACE',''
  ) );
#1694 = ORIENTED_EDGE('',*,*,#793,.F.);
#1695 = ADVANCED_FACE('',(#1696),#866,.T.);
#1696 = FACE_BOUND('',#1697,.T.);
#1697 = EDGE_LOOP('',(#1698,#1720,#1721,#1722));
#1698 = ORIENTED_EDGE('',*,*,#1699,.F.);
#1699 = EDGE_CURVE('',#850,#1700,#1702,.T.);
#1700 = VERTEX_POINT('',#1701);
#1701 = CARTESIAN_POINT('',(15.25,35.,57.2));
#1702 = SEAM_CURVE('',#1703,(#1708,#1714),.PCURVE_S1.);
#1703 = CIRCLE('',#1704,0.8);
#1704 = AXIS2_PLACEMENT_3D('',#1705,#1706,#1707);
#1705 = CARTESIAN_POINT('',(16.05,35.,57.2));
#1706 = DIRECTION('',(0.,-1.,0.));
#1707 = DIRECTION('',(1.,0.,0.));
#1708 = PCURVE('',#866,#1709);
#1709 = DEFINITIONAL_REPRESENTATION('',(#1710),#1713);
#1710 = B_SPLINE_CURVE_WITH_KNOTS('',1,(#1711,#1712),.UNSPECIFIED.,.F.,
  .F.,(2,2),(1.570796326795,3.14159265359),.PIECEWISE_BEZIER_KNOTS.);
#1711 = CARTESIAN_POINT('',(0.,1.570796326795));
#1712 = CARTESIAN_POINT('',(0.,3.14159265359));
#1713 = ( GEOMETRIC_REPRESENTATION_CONTEXT(2) 
PARAMETRIC_REPRESENTATION_CONTEXT() REPRESENTATION_CONTEXT('2D SPACE',''
  ) );
#1714 = PCURVE('',#866,#1715);
#1715 = DEFINITIONAL_REPRESENTATION('',(#1716),#1719);
#1716 = B_SPLINE_CURVE_WITH_KNOTS('',1,(#1717,#1718),.UNSPECIFIED.,.F.,
  .F.,(2,2),(1.570796326795,3.14159265359),.PIECEWISE_BEZIER_KNOTS.);
#1717 = CARTESIAN_POINT('',(6.28318530718,1.570796326795));
#1718 = CARTESIAN_POINT('',(6.28318530718,3.14159265359));
#1719 = ( GEOMETRIC_REPRESENTATION_CONTEXT(2) 
PARAMETRIC_REPRESENTATION_CONTEXT() REPRESENTATION_CONTEXT('2D SPACE',''
  ) );
#1720 = ORIENTED_EDGE('',*,*,#849,.T.);
#1721 = ORIENTED_EDGE('',*,*,#1699,.T.);
#1722 = ORIENTED_EDGE('',*,*,#1723,.F.);
#1723 = EDGE_CURVE('',#1700,#1700,#1724,.T.);
#1724 = SURFACE_CURVE('',#1725,(#1730,#1737),.PCURVE_S1.);
#1725 = CIRCLE('',#1726,1.25);
#1726 = AXIS2_PLACEMENT_3D('',#1727,#1728,#1729);
#1727 = CARTESIAN_POINT('',(14.,35.,57.2));
#1728 = DIRECTION('',(0.,0.,1.));
#1729 = DIRECTION('',(1.,0.,-0.));
#1730 = PCURVE('',#866,#1731);
#1731 = DEFINITIONAL_REPRESENTATION('',(#1732),#1736);
#1732 = LINE('',#1733,#1734);
#1733 = CARTESIAN_POINT('',(0.,3.14159265359));
#1734 = VECTOR('',#1735,1.);
#1735 = DIRECTION('',(1.,0.));
#1736 = ( GEOMETRIC_REPRESENTATION_CONTEXT(2) 
PARAMETRIC_REPRESENTATION_CONTEXT() REPRESENTATION_CONTEXT('2D SPACE',''
  ) );
#1737 = PCURVE('',#1530,#1738);
#1738 = DEFINITIONAL_REPRESENTATION('',(#1739),#1743);
#1739 = LINE('',#1740,#1741);
#1740 = CARTESIAN_POINT('',(0.,58.2));
#1741 = VECTOR('',#1742,1.);
#1742 = DIRECTION('',(1.,0.));
#1743 = ( GEOMETRIC_REPRESENTATION_CONTEXT(2) 
PARAMETRIC_REPRESENTATION_CONTEXT() REPRESENTATION_CONTEXT('2D SPACE',''
  ) );
#1744 = ADVANCED_FACE('',(#1745),#898,.T.);
#1745 = FACE_BOUND('',#1746,.T.);
#1746 = EDGE_LOOP('',(#1747,#1769,#1797,#1817));
#1747 = ORIENTED_EDGE('',*,*,#1748,.T.);
#1748 = EDGE_CURVE('',#881,#1749,#1751,.T.);
#1749 = VERTEX_POINT('',#1750);
#1750 = CARTESIAN_POINT('',(52.2,12.,57.2));
#1751 = SURFACE_CURVE('',#1752,(#1757,#1763),.PCURVE_S1.);
#1752 = CIRCLE('',#1753,0.8);
#1753 = AXIS2_PLACEMENT_3D('',#1754,#1755,#1756);
#1754 = CARTESIAN_POINT('',(52.2,11.2,57.2));
#1755 = DIRECTION('',(-1.,0.,0.));
#1756 = DIRECTION('',(0.,-1.,0.));
#1757 = PCURVE('',#898,#1758);
#1758 = DEFINITIONAL_REPRESENTATION('',(#1759),#1762);
#1759 = B_SPLINE_CURVE_WITH_KNOTS('',1,(#1760,#1761),.UNSPECIFIED.,.F.,
  .F.,(2,2),(1.570796326795,3.14159265359),.PIECEWISE_BEZIER_KNOTS.);
#1760 = CARTESIAN_POINT('',(0.,0.8));
#1761 = CARTESIAN_POINT('',(1.570796326795,0.8));
#1762 = ( GEOMETRIC_REPRESENTATION_CONTEXT(2) 
PARAMETRIC_REPRESENTATION_CONTEXT() REPRESENTATION_CONTEXT('2D SPACE',''
  ) );
#1763 = PCURVE('',#1104,#1764);
#1764 = DEFINITIONAL_REPRESENTATION('',(#1765),#1768);
#1765 = B_SPLINE_CURVE_WITH_KNOTS('',1,(#1766,#1767),.UNSPECIFIED.,.F.,
  .F.,(2,2),(1.570796326795,3.14159265359),.PIECEWISE_BEZIER_KNOTS.);
#1766 = CARTESIAN_POINT('',(0.,1.570796326795));
#1767 = CARTESIAN_POINT('',(0.,3.14159265359));
#1768 = ( GEOMETRIC_REPRESENTATION_CONTEXT(2) 
PARAMETRIC_REPRESENTATION_CONTEXT() REPRESENTATION_CONTEXT('2D SPACE',''
  ) );
#1769 = ORIENTED_EDGE('',*,*,#1770,.T.);
#1770 = EDGE_CURVE('',#1749,#1771,#1773,.T.);
#1771 = VERTEX_POINT('',#1772);
#1772 = CARTESIAN_POINT('',(47.8,12.,57.2));
#1773 = SURFACE_CURVE('',#1774,(#1778,#1785),.PCURVE_S1.);
#1774 = LINE('',#1775,#1776);
#1775 = CARTESIAN_POINT('',(53.,12.,57.2));
#1776 = VECTOR('',#1777,1.);
#1777 = DIRECTION('',(-1.,-0.,0.));
#1778 = PCURVE('',#898,#1779);
#1779 = DEFINITIONAL_REPRESENTATION('',(#1780),#1784);
#1780 = LINE('',#1781,#1782);
#1781 = CARTESIAN_POINT('',(1.570796326795,0.));
#1782 = VECTOR('',#1783,1.);
#1783 = DIRECTION('',(0.,1.));
#1784 = ( GEOMETRIC_REPRESENTATION_CONTEXT(2) 
PARAMETRIC_REPRESENTATION_CONTEXT() REPRESENTATION_CONTEXT('2D SPACE',''
  ) );
#1785 = PCURVE('',#1786,#1791);
#1786 = PLANE('',#1787);
#1787 = AXIS2_PLACEMENT_3D('',#1788,#1789,#1790);
#1788 = CARTESIAN_POINT('',(47.,12.,24.));
#1789 = DIRECTION('',(-0.,1.,0.));
#1790 = DIRECTION('',(0.,0.,1.));
#1791 = DEFINITIONAL_REPRESENTATION('',(#1792),#1796);
#1792 = LINE('',#1793,#1794);
#1793 = CARTESIAN_POINT('',(33.2,6.));
#1794 = VECTOR('',#1795,1.);
#1795 = DIRECTION('',(0.,-1.));
#1796 = ( GEOMETRIC_REPRESENTATION_CONTEXT(2) 
PARAMETRIC_REPRESENTATION_CONTEXT() REPRESENTATION_CONTEXT('2D SPACE',''
  ) );
#1797 = ORIENTED_EDGE('',*,*,#1798,.F.);
#1798 = EDGE_CURVE('',#883,#1771,#1799,.T.);
#1799 = SURFACE_CURVE('',#1800,(#1805,#1811),.PCURVE_S1.);
#1800 = CIRCLE('',#1801,0.8);
#1801 = AXIS2_PLACEMENT_3D('',#1802,#1803,#1804);
#1802 = CARTESIAN_POINT('',(47.8,11.2,57.2));
#1803 = DIRECTION('',(-1.,0.,0.));
#1804 = DIRECTION('',(0.,-1.,0.));
#1805 = PCURVE('',#898,#1806);
#1806 = DEFINITIONAL_REPRESENTATION('',(#1807),#1810);
#1807 = B_SPLINE_CURVE_WITH_KNOTS('',1,(#1808,#1809),.UNSPECIFIED.,.F.,
  .F.,(2,2),(1.570796326795,3.14159265359),.PIECEWISE_BEZIER_KNOTS.);
#1808 = CARTESIAN_POINT('',(0.,5.2));
#1809 = CARTESIAN_POINT('',(1.570796326795,5.2));
#1810 = ( GEOMETRIC_REPRESENTATION_CONTEXT(2) 
PARAMETRIC_REPRESENTATION_CONTEXT() REPRESENTATION_CONTEXT('2D SPACE',''
  ) );
#1811 = PCURVE('',#931,#1812);
#1812 = DEFINITIONAL_REPRESENTATION('',(#1813),#1816);
#1813 = B_SPLINE_CURVE_WITH_KNOTS('',1,(#1814,#1815),.UNSPECIFIED.,.F.,
  .F.,(2,2),(1.570796326795,3.14159265359),.PIECEWISE_BEZIER_KNOTS.);
#1814 = CARTESIAN_POINT('',(0.,1.570796326795));
#1815 = CARTESIAN_POINT('',(0.,3.14159265359));
#1816 = ( GEOMETRIC_REPRESENTATION_CONTEXT(2) 
PARAMETRIC_REPRESENTATION_CONTEXT() REPRESENTATION_CONTEXT('2D SPACE',''
  ) );
#1817 = ORIENTED_EDGE('',*,*,#880,.F.);
#1818 = ADVANCED_FACE('',(#1819),#1104,.T.);
#1819 = FACE_BOUND('',#1820,.T.);
#1820 = EDGE_LOOP('',(#1821,#1822,#1823,#1845));
#1821 = ORIENTED_EDGE('',*,*,#1748,.F.);
#1822 = ORIENTED_EDGE('',*,*,#1089,.T.);
#1823 = ORIENTED_EDGE('',*,*,#1824,.T.);
#1824 = EDGE_CURVE('',#1062,#1825,#1827,.T.);
#1825 = VERTEX_POINT('',#1826);
#1826 = CARTESIAN_POINT('',(53.,12.8,57.2));
#1827 = SURFACE_CURVE('',#1828,(#1833,#1839),.PCURVE_S1.);
#1828 = CIRCLE('',#1829,0.8);
#1829 = AXIS2_PLACEMENT_3D('',#1830,#1831,#1832);
#1830 = CARTESIAN_POINT('',(53.8,12.8,57.2));
#1831 = DIRECTION('',(-6.123233995737E-17,-1.,0.));
#1832 = DIRECTION('',(1.,-6.123233995737E-17,0.));
#1833 = PCURVE('',#1104,#1834);
#1834 = DEFINITIONAL_REPRESENTATION('',(#1835),#1838);
#1835 = B_SPLINE_CURVE_WITH_KNOTS('',1,(#1836,#1837),.UNSPECIFIED.,.F.,
  .F.,(2,2),(1.570796326795,3.14159265359),.PIECEWISE_BEZIER_KNOTS.);
#1836 = CARTESIAN_POINT('',(1.570796326795,1.570796326795));
#1837 = CARTESIAN_POINT('',(1.570796326795,3.14159265359));
#1838 = ( GEOMETRIC_REPRESENTATION_CONTEXT(2) 
PARAMETRIC_REPRESENTATION_CONTEXT() REPRESENTATION_CONTEXT('2D SPACE',''
  ) );
#1839 = PCURVE('',#1077,#1840);
#1840 = DEFINITIONAL_REPRESENTATION('',(#1841),#1844);
#1841 = B_SPLINE_CURVE_WITH_KNOTS('',1,(#1842,#1843),.UNSPECIFIED.,.F.,
  .F.,(2,2),(1.570796326795,3.14159265359),.PIECEWISE_BEZIER_KNOTS.);
#1842 = CARTESIAN_POINT('',(0.,0.8));
#1843 = CARTESIAN_POINT('',(-1.570796326795,0.8));
#1844 = ( GEOMETRIC_REPRESENTATION_CONTEXT(2) 
PARAMETRIC_REPRESENTATION_CONTEXT() REPRESENTATION_CONTEXT('2D SPACE',''
  ) );
#1845 = ORIENTED_EDGE('',*,*,#1846,.F.);
#1846 = EDGE_CURVE('',#1749,#1825,#1847,.T.);
#1847 = SURFACE_CURVE('',#1848,(#1853,#1860),.PCURVE_S1.);
#1848 = CIRCLE('',#1849,0.8);
#1849 = AXIS2_PLACEMENT_3D('',#1850,#1851,#1852);
#1850 = CARTESIAN_POINT('',(52.2,12.8,57.2));
#1851 = DIRECTION('',(0.,0.,1.));
#1852 = DIRECTION('',(0.,-1.,0.));
#1853 = PCURVE('',#1104,#1854);
#1854 = DEFINITIONAL_REPRESENTATION('',(#1855),#1859);
#1855 = LINE('',#1856,#1857);
#1856 = CARTESIAN_POINT('',(0.,3.14159265359));
#1857 = VECTOR('',#1858,1.);
#1858 = DIRECTION('',(1.,0.));
#1859 = ( GEOMETRIC_REPRESENTATION_CONTEXT(2) 
PARAMETRIC_REPRESENTATION_CONTEXT() REPRESENTATION_CONTEXT('2D SPACE',''
  ) );
#1860 = PCURVE('',#1861,#1866);
#1861 = CYLINDRICAL_SURFACE('',#1862,0.8);
#1862 = AXIS2_PLACEMENT_3D('',#1863,#1864,#1865);
#1863 = CARTESIAN_POINT('',(52.2,12.8,24.));
#1864 = DIRECTION('',(0.,0.,1.));
#1865 = DIRECTION('',(0.,-1.,0.));
#1866 = DEFINITIONAL_REPRESENTATION('',(#1867),#1871);
#1867 = LINE('',#1868,#1869);
#1868 = CARTESIAN_POINT('',(0.,33.2));
#1869 = VECTOR('',#1870,1.);
#1870 = DIRECTION('',(1.,0.));
#1871 = ( GEOMETRIC_REPRESENTATION_CONTEXT(2) 
PARAMETRIC_REPRESENTATION_CONTEXT() REPRESENTATION_CONTEXT('2D SPACE',''
  ) );
#1872 = ADVANCED_FACE('',(#1873),#931,.T.);
#1873 = FACE_BOUND('',#1874,.F.);
#1874 = EDGE_LOOP('',(#1875,#1876,#1877,#1899));
#1875 = ORIENTED_EDGE('',*,*,#1798,.F.);
#1876 = ORIENTED_EDGE('',*,*,#910,.T.);
#1877 = ORIENTED_EDGE('',*,*,#1878,.T.);
#1878 = EDGE_CURVE('',#911,#1879,#1881,.T.);
#1879 = VERTEX_POINT('',#1880);
#1880 = CARTESIAN_POINT('',(47.,12.8,57.2));
#1881 = SURFACE_CURVE('',#1882,(#1887,#1893),.PCURVE_S1.);
#1882 = CIRCLE('',#1883,0.8);
#1883 = AXIS2_PLACEMENT_3D('',#1884,#1885,#1886);
#1884 = CARTESIAN_POINT('',(46.2,12.8,57.2));
#1885 = DIRECTION('',(-6.123233995737E-17,1.,0.));
#1886 = DIRECTION('',(-1.,-6.123233995737E-17,0.));
#1887 = PCURVE('',#931,#1888);
#1888 = DEFINITIONAL_REPRESENTATION('',(#1889),#1892);
#1889 = B_SPLINE_CURVE_WITH_KNOTS('',1,(#1890,#1891),.UNSPECIFIED.,.F.,
  .F.,(2,2),(1.570796326795,3.14159265359),.PIECEWISE_BEZIER_KNOTS.);
#1890 = CARTESIAN_POINT('',(-1.570796326795,1.570796326795));
#1891 = CARTESIAN_POINT('',(-1.570796326795,3.14159265359));
#1892 = ( GEOMETRIC_REPRESENTATION_CONTEXT(2) 
PARAMETRIC_REPRESENTATION_CONTEXT() REPRESENTATION_CONTEXT('2D SPACE',''
  ) );
#1893 = PCURVE('',#959,#1894);
#1894 = DEFINITIONAL_REPRESENTATION('',(#1895),#1898);
#1895 = B_SPLINE_CURVE_WITH_KNOTS('',1,(#1896,#1897),.UNSPECIFIED.,.F.,
  .F.,(2,2),(1.570796326795,3.14159265359),.PIECEWISE_BEZIER_KNOTS.);
#1896 = CARTESIAN_POINT('',(0.,0.8));
#1897 = CARTESIAN_POINT('',(1.570796326795,0.8));
#1898 = ( GEOMETRIC_REPRESENTATION_CONTEXT(2) 
PARAMETRIC_REPRESENTATION_CONTEXT() REPRESENTATION_CONTEXT('2D SPACE',''
  ) );
#1899 = ORIENTED_EDGE('',*,*,#1900,.F.);
#1900 = EDGE_CURVE('',#1771,#1879,#1901,.T.);
#1901 = SURFACE_CURVE('',#1902,(#1907,#1914),.PCURVE_S1.);
#1902 = CIRCLE('',#1903,0.8);
#1903 = AXIS2_PLACEMENT_3D('',#1904,#1905,#1906);
#1904 = CARTESIAN_POINT('',(47.8,12.8,57.2));
#1905 = DIRECTION('',(-0.,-0.,-1.));
#1906 = DIRECTION('',(0.,-1.,0.));
#1907 = PCURVE('',#931,#1908);
#1908 = DEFINITIONAL_REPRESENTATION('',(#1909),#1913);
#1909 = LINE('',#1910,#1911);
#1910 = CARTESIAN_POINT('',(-0.,3.14159265359));
#1911 = VECTOR('',#1912,1.);
#1912 = DIRECTION('',(-1.,0.));
#1913 = ( GEOMETRIC_REPRESENTATION_CONTEXT(2) 
PARAMETRIC_REPRESENTATION_CONTEXT() REPRESENTATION_CONTEXT('2D SPACE',''
  ) );
#1914 = PCURVE('',#1915,#1920);
#1915 = CYLINDRICAL_SURFACE('',#1916,0.8);
#1916 = AXIS2_PLACEMENT_3D('',#1917,#1918,#1919);
#1917 = CARTESIAN_POINT('',(47.8,12.8,24.));
#1918 = DIRECTION('',(0.,0.,1.));
#1919 = DIRECTION('',(0.,-1.,0.));
#1920 = DEFINITIONAL_REPRESENTATION('',(#1921),#1925);
#1921 = LINE('',#1922,#1923);
#1922 = CARTESIAN_POINT('',(-0.,33.2));
#1923 = VECTOR('',#1924,1.);
#1924 = DIRECTION('',(-1.,0.));
#1925 = ( GEOMETRIC_REPRESENTATION_CONTEXT(2) 
PARAMETRIC_REPRESENTATION_CONTEXT() REPRESENTATION_CONTEXT('2D SPACE',''
  ) );
#1926 = ADVANCED_FACE('',(#1927),#1077,.T.);
#1927 = FACE_BOUND('',#1928,.F.);
#1928 = EDGE_LOOP('',(#1929,#1930,#1958,#1978));
#1929 = ORIENTED_EDGE('',*,*,#1824,.T.);
#1930 = ORIENTED_EDGE('',*,*,#1931,.T.);
#1931 = EDGE_CURVE('',#1825,#1932,#1934,.T.);
#1932 = VERTEX_POINT('',#1933);
#1933 = CARTESIAN_POINT('',(53.,57.2,57.2));
#1934 = SURFACE_CURVE('',#1935,(#1939,#1946),.PCURVE_S1.);
#1935 = LINE('',#1936,#1937);
#1936 = CARTESIAN_POINT('',(53.,12.,57.2));
#1937 = VECTOR('',#1938,1.);
#1938 = DIRECTION('',(-0.,1.,0.));
#1939 = PCURVE('',#1077,#1940);
#1940 = DEFINITIONAL_REPRESENTATION('',(#1941),#1945);
#1941 = LINE('',#1942,#1943);
#1942 = CARTESIAN_POINT('',(-1.570796326795,0.));
#1943 = VECTOR('',#1944,1.);
#1944 = DIRECTION('',(-0.,1.));
#1945 = ( GEOMETRIC_REPRESENTATION_CONTEXT(2) 
PARAMETRIC_REPRESENTATION_CONTEXT() REPRESENTATION_CONTEXT('2D SPACE',''
  ) );
#1946 = PCURVE('',#1947,#1952);
#1947 = PLANE('',#1948);
#1948 = AXIS2_PLACEMENT_3D('',#1949,#1950,#1951);
#1949 = CARTESIAN_POINT('',(53.,12.,24.));
#1950 = DIRECTION('',(1.,0.,-0.));
#1951 = DIRECTION('',(0.,0.,1.));
#1952 = DEFINITIONAL_REPRESENTATION('',(#1953),#1957);
#1953 = LINE('',#1954,#1955);
#1954 = CARTESIAN_POINT('',(33.2,0.));
#1955 = VECTOR('',#1956,1.);
#1956 = DIRECTION('',(0.,-1.));
#1957 = ( GEOMETRIC_REPRESENTATION_CONTEXT(2) 
PARAMETRIC_REPRESENTATION_CONTEXT() REPRESENTATION_CONTEXT('2D SPACE',''
  ) );
#1958 = ORIENTED_EDGE('',*,*,#1959,.F.);
#1959 = EDGE_CURVE('',#1033,#1932,#1960,.T.);
#1960 = SURFACE_CURVE('',#1961,(#1966,#1972),.PCURVE_S1.);
#1961 = CIRCLE('',#1962,0.8);
#1962 = AXIS2_PLACEMENT_3D('',#1963,#1964,#1965);
#1963 = CARTESIAN_POINT('',(53.8,57.2,57.2));
#1964 = DIRECTION('',(0.,-1.,0.));
#1965 = DIRECTION('',(1.,0.,0.));
#1966 = PCURVE('',#1077,#1967);
#1967 = DEFINITIONAL_REPRESENTATION('',(#1968),#1971);
#1968 = B_SPLINE_CURVE_WITH_KNOTS('',1,(#1969,#1970),.UNSPECIFIED.,.F.,
  .F.,(2,2),(1.570796326795,3.14159265359),.PIECEWISE_BEZIER_KNOTS.);
#1969 = CARTESIAN_POINT('',(0.,45.2));
#1970 = CARTESIAN_POINT('',(-1.570796326795,45.2));
#1971 = ( GEOMETRIC_REPRESENTATION_CONTEXT(2) 
PARAMETRIC_REPRESENTATION_CONTEXT() REPRESENTATION_CONTEXT('2D SPACE',''
  ) );
#1972 = PCURVE('',#1049,#1973);
#1973 = DEFINITIONAL_REPRESENTATION('',(#1974),#1977);
#1974 = B_SPLINE_CURVE_WITH_KNOTS('',1,(#1975,#1976),.UNSPECIFIED.,.F.,
  .F.,(2,2),(1.570796326795,3.14159265359),.PIECEWISE_BEZIER_KNOTS.);
#1975 = CARTESIAN_POINT('',(0.,1.570796326795));
#1976 = CARTESIAN_POINT('',(0.,3.14159265359));
#1977 = ( GEOMETRIC_REPRESENTATION_CONTEXT(2) 
PARAMETRIC_REPRESENTATION_CONTEXT() REPRESENTATION_CONTEXT('2D SPACE',''
  ) );
#1978 = ORIENTED_EDGE('',*,*,#1061,.F.);
#1979 = ADVANCED_FACE('',(#1980),#959,.T.);
#1980 = FACE_BOUND('',#1981,.T.);
#1981 = EDGE_LOOP('',(#1982,#1983,#2011,#2031));
#1982 = ORIENTED_EDGE('',*,*,#1878,.T.);
#1983 = ORIENTED_EDGE('',*,*,#1984,.T.);
#1984 = EDGE_CURVE('',#1879,#1985,#1987,.T.);
#1985 = VERTEX_POINT('',#1986);
#1986 = CARTESIAN_POINT('',(47.,57.2,57.2));
#1987 = SURFACE_CURVE('',#1988,(#1992,#1999),.PCURVE_S1.);
#1988 = LINE('',#1989,#1990);
#1989 = CARTESIAN_POINT('',(47.,12.,57.2));
#1990 = VECTOR('',#1991,1.);
#1991 = DIRECTION('',(-0.,1.,0.));
#1992 = PCURVE('',#959,#1993);
#1993 = DEFINITIONAL_REPRESENTATION('',(#1994),#1998);
#1994 = LINE('',#1995,#1996);
#1995 = CARTESIAN_POINT('',(1.570796326795,0.));
#1996 = VECTOR('',#1997,1.);
#1997 = DIRECTION('',(0.,1.));
#1998 = ( GEOMETRIC_REPRESENTATION_CONTEXT(2) 
PARAMETRIC_REPRESENTATION_CONTEXT() REPRESENTATION_CONTEXT('2D SPACE',''
  ) );
#1999 = PCURVE('',#2000,#2005);
#2000 = PLANE('',#2001);
#2001 = AXIS2_PLACEMENT_3D('',#2002,#2003,#2004);
#2002 = CARTESIAN_POINT('',(47.,12.,24.));
#2003 = DIRECTION('',(1.,0.,-0.));
#2004 = DIRECTION('',(0.,0.,1.));
#2005 = DEFINITIONAL_REPRESENTATION('',(#2006),#2010);
#2006 = LINE('',#2007,#2008);
#2007 = CARTESIAN_POINT('',(33.2,0.));
#2008 = VECTOR('',#2009,1.);
#2009 = DIRECTION('',(0.,-1.));
#2010 = ( GEOMETRIC_REPRESENTATION_CONTEXT(2) 
PARAMETRIC_REPRESENTATION_CONTEXT() REPRESENTATION_CONTEXT('2D SPACE',''
  ) );
#2011 = ORIENTED_EDGE('',*,*,#2012,.F.);
#2012 = EDGE_CURVE('',#944,#1985,#2013,.T.);
#2013 = SURFACE_CURVE('',#2014,(#2019,#2025),.PCURVE_S1.);
#2014 = CIRCLE('',#2015,0.8);
#2015 = AXIS2_PLACEMENT_3D('',#2016,#2017,#2018);
#2016 = CARTESIAN_POINT('',(46.2,57.2,57.2));
#2017 = DIRECTION('',(0.,1.,-0.));
#2018 = DIRECTION('',(-1.,0.,0.));
#2019 = PCURVE('',#959,#2020);
#2020 = DEFINITIONAL_REPRESENTATION('',(#2021),#2024);
#2021 = B_SPLINE_CURVE_WITH_KNOTS('',1,(#2022,#2023),.UNSPECIFIED.,.F.,
  .F.,(2,2),(1.570796326795,3.14159265359),.PIECEWISE_BEZIER_KNOTS.);
#2022 = CARTESIAN_POINT('',(0.,45.2));
#2023 = CARTESIAN_POINT('',(1.570796326795,45.2));
#2024 = ( GEOMETRIC_REPRESENTATION_CONTEXT(2) 
PARAMETRIC_REPRESENTATION_CONTEXT() REPRESENTATION_CONTEXT('2D SPACE',''
  ) );
#2025 = PCURVE('',#992,#2026);
#2026 = DEFINITIONAL_REPRESENTATION('',(#2027),#2030);
#2027 = B_SPLINE_CURVE_WITH_KNOTS('',1,(#2028,#2029),.UNSPECIFIED.,.F.,
  .F.,(2,2),(1.570796326795,3.14159265359),.PIECEWISE_BEZIER_KNOTS.);
#2028 = CARTESIAN_POINT('',(0.,1.570796326795));
#2029 = CARTESIAN_POINT('',(0.,3.14159265359));
#2030 = ( GEOMETRIC_REPRESENTATION_CONTEXT(2) 
PARAMETRIC_REPRESENTATION_CONTEXT() REPRESENTATION_CONTEXT('2D SPACE',''
  ) );
#2031 = ORIENTED_EDGE('',*,*,#943,.F.);
#2032 = ADVANCED_FACE('',(#2033),#1049,.T.);
#2033 = FACE_BOUND('',#2034,.T.);
#2034 = EDGE_LOOP('',(#2035,#2036,#2037,#2059));
#2035 = ORIENTED_EDGE('',*,*,#1959,.F.);
#2036 = ORIENTED_EDGE('',*,*,#1032,.T.);
#2037 = ORIENTED_EDGE('',*,*,#2038,.T.);
#2038 = EDGE_CURVE('',#1005,#2039,#2041,.T.);
#2039 = VERTEX_POINT('',#2040);
#2040 = CARTESIAN_POINT('',(52.2,58.,57.2));
#2041 = SURFACE_CURVE('',#2042,(#2047,#2053),.PCURVE_S1.);
#2042 = CIRCLE('',#2043,0.8);
#2043 = AXIS2_PLACEMENT_3D('',#2044,#2045,#2046);
#2044 = CARTESIAN_POINT('',(52.2,58.8,57.2));
#2045 = DIRECTION('',(1.,-6.123233995737E-17,0.));
#2046 = DIRECTION('',(6.123233995737E-17,1.,0.));
#2047 = PCURVE('',#1049,#2048);
#2048 = DEFINITIONAL_REPRESENTATION('',(#2049),#2052);
#2049 = B_SPLINE_CURVE_WITH_KNOTS('',1,(#2050,#2051),.UNSPECIFIED.,.F.,
  .F.,(2,2),(1.570796326795,3.14159265359),.PIECEWISE_BEZIER_KNOTS.);
#2050 = CARTESIAN_POINT('',(1.570796326795,1.570796326795));
#2051 = CARTESIAN_POINT('',(1.570796326795,3.14159265359));
#2052 = ( GEOMETRIC_REPRESENTATION_CONTEXT(2) 
PARAMETRIC_REPRESENTATION_CONTEXT() REPRESENTATION_CONTEXT('2D SPACE',''
  ) );
#2053 = PCURVE('',#1020,#2054);
#2054 = DEFINITIONAL_REPRESENTATION('',(#2055),#2058);
#2055 = B_SPLINE_CURVE_WITH_KNOTS('',1,(#2056,#2057),.UNSPECIFIED.,.F.,
  .F.,(2,2),(1.570796326795,3.14159265359),.PIECEWISE_BEZIER_KNOTS.);
#2056 = CARTESIAN_POINT('',(0.,0.8));
#2057 = CARTESIAN_POINT('',(-1.570796326795,0.8));
#2058 = ( GEOMETRIC_REPRESENTATION_CONTEXT(2) 
PARAMETRIC_REPRESENTATION_CONTEXT() REPRESENTATION_CONTEXT('2D SPACE',''
  ) );
#2059 = ORIENTED_EDGE('',*,*,#2060,.F.);
#2060 = EDGE_CURVE('',#1932,#2039,#2061,.T.);
#2061 = SURFACE_CURVE('',#2062,(#2067,#2074),.PCURVE_S1.);
#2062 = CIRCLE('',#2063,0.8);
#2063 = AXIS2_PLACEMENT_3D('',#2064,#2065,#2066);
#2064 = CARTESIAN_POINT('',(52.2,57.2,57.2));
#2065 = DIRECTION('',(0.,0.,1.));
#2066 = DIRECTION('',(1.,0.,-0.));
#2067 = PCURVE('',#1049,#2068);
#2068 = DEFINITIONAL_REPRESENTATION('',(#2069),#2073);
#2069 = LINE('',#2070,#2071);
#2070 = CARTESIAN_POINT('',(0.,3.14159265359));
#2071 = VECTOR('',#2072,1.);
#2072 = DIRECTION('',(1.,0.));
#2073 = ( GEOMETRIC_REPRESENTATION_CONTEXT(2) 
PARAMETRIC_REPRESENTATION_CONTEXT() REPRESENTATION_CONTEXT('2D SPACE',''
  ) );
#2074 = PCURVE('',#2075,#2080);
#2075 = CYLINDRICAL_SURFACE('',#2076,0.8);
#2076 = AXIS2_PLACEMENT_3D('',#2077,#2078,#2079);
#2077 = CARTESIAN_POINT('',(52.2,57.2,24.));
#2078 = DIRECTION('',(0.,0.,1.));
#2079 = DIRECTION('',(1.,0.,-0.));
#2080 = DEFINITIONAL_REPRESENTATION('',(#2081),#2085);
#2081 = LINE('',#2082,#2083);
#2082 = CARTESIAN_POINT('',(0.,33.2));
#2083 = VECTOR('',#2084,1.);
#2084 = DIRECTION('',(1.,0.));
#2085 = ( GEOMETRIC_REPRESENTATION_CONTEXT(2) 
PARAMETRIC_REPRESENTATION_CONTEXT() REPRESENTATION_CONTEXT('2D SPACE',''
  ) );
#2086 = ADVANCED_FACE('',(#2087),#992,.T.);
#2087 = FACE_BOUND('',#2088,.F.);
#2088 = EDGE_LOOP('',(#2089,#2090,#2091,#2113));
#2089 = ORIENTED_EDGE('',*,*,#2012,.F.);
#2090 = ORIENTED_EDGE('',*,*,#971,.T.);
#2091 = ORIENTED_EDGE('',*,*,#2092,.T.);
#2092 = EDGE_CURVE('',#972,#2093,#2095,.T.);
#2093 = VERTEX_POINT('',#2094);
#2094 = CARTESIAN_POINT('',(47.8,58.,57.2));
#2095 = SURFACE_CURVE('',#2096,(#2101,#2107),.PCURVE_S1.);
#2096 = CIRCLE('',#2097,0.8);
#2097 = AXIS2_PLACEMENT_3D('',#2098,#2099,#2100);
#2098 = CARTESIAN_POINT('',(47.8,58.8,57.2));
#2099 = DIRECTION('',(1.,6.123233995737E-17,-0.));
#2100 = DIRECTION('',(-6.123233995737E-17,1.,0.));
#2101 = PCURVE('',#992,#2102);
#2102 = DEFINITIONAL_REPRESENTATION('',(#2103),#2106);
#2103 = B_SPLINE_CURVE_WITH_KNOTS('',1,(#2104,#2105),.UNSPECIFIED.,.F.,
  .F.,(2,2),(1.570796326795,3.14159265359),.PIECEWISE_BEZIER_KNOTS.);
#2104 = CARTESIAN_POINT('',(-1.570796326795,1.570796326795));
#2105 = CARTESIAN_POINT('',(-1.570796326795,3.14159265359));
#2106 = ( GEOMETRIC_REPRESENTATION_CONTEXT(2) 
PARAMETRIC_REPRESENTATION_CONTEXT() REPRESENTATION_CONTEXT('2D SPACE',''
  ) );
#2107 = PCURVE('',#1020,#2108);
#2108 = DEFINITIONAL_REPRESENTATION('',(#2109),#2112);
#2109 = B_SPLINE_CURVE_WITH_KNOTS('',1,(#2110,#2111),.UNSPECIFIED.,.F.,
  .F.,(2,2),(1.570796326795,3.14159265359),.PIECEWISE_BEZIER_KNOTS.);
#2110 = CARTESIAN_POINT('',(0.,5.2));
#2111 = CARTESIAN_POINT('',(-1.570796326795,5.2));
#2112 = ( GEOMETRIC_REPRESENTATION_CONTEXT(2) 
PARAMETRIC_REPRESENTATION_CONTEXT() REPRESENTATION_CONTEXT('2D SPACE',''
  ) );
#2113 = ORIENTED_EDGE('',*,*,#2114,.F.);
#2114 = EDGE_CURVE('',#1985,#2093,#2115,.T.);
#2115 = SURFACE_CURVE('',#2116,(#2121,#2128),.PCURVE_S1.);
#2116 = CIRCLE('',#2117,0.8);
#2117 = AXIS2_PLACEMENT_3D('',#2118,#2119,#2120);
#2118 = CARTESIAN_POINT('',(47.8,57.2,57.2));
#2119 = DIRECTION('',(-0.,0.,-1.));
#2120 = DIRECTION('',(-1.,0.,0.));
#2121 = PCURVE('',#992,#2122);
#2122 = DEFINITIONAL_REPRESENTATION('',(#2123),#2127);
#2123 = LINE('',#2124,#2125);
#2124 = CARTESIAN_POINT('',(-0.,3.14159265359));
#2125 = VECTOR('',#2126,1.);
#2126 = DIRECTION('',(-1.,0.));
#2127 = ( GEOMETRIC_REPRESENTATION_CONTEXT(2) 
PARAMETRIC_REPRESENTATION_CONTEXT() REPRESENTATION_CONTEXT('2D SPACE',''
  ) );
#2128 = PCURVE('',#2129,#2134);
#2129 = CYLINDRICAL_SURFACE('',#2130,0.8);
#2130 = AXIS2_PLACEMENT_3D('',#2131,#2132,#2133);
#2131 = CARTESIAN_POINT('',(47.8,57.2,24.));
#2132 = DIRECTION('',(0.,0.,1.));
#2133 = DIRECTION('',(-1.,-0.,0.));
#2134 = DEFINITIONAL_REPRESENTATION('',(#2135),#2139);
#2135 = LINE('',#2136,#2137);
#2136 = CARTESIAN_POINT('',(-0.,33.2));
#2137 = VECTOR('',#2138,1.);
#2138 = DIRECTION('',(-1.,0.));
#2139 = ( GEOMETRIC_REPRESENTATION_CONTEXT(2) 
PARAMETRIC_REPRESENTATION_CONTEXT() REPRESENTATION_CONTEXT('2D SPACE',''
  ) );
#2140 = ADVANCED_FACE('',(#2141),#1020,.T.);
#2141 = FACE_BOUND('',#2142,.F.);
#2142 = EDGE_LOOP('',(#2143,#2144,#2170,#2171));
#2143 = ORIENTED_EDGE('',*,*,#2038,.T.);
#2144 = ORIENTED_EDGE('',*,*,#2145,.T.);
#2145 = EDGE_CURVE('',#2039,#2093,#2146,.T.);
#2146 = SURFACE_CURVE('',#2147,(#2151,#2158),.PCURVE_S1.);
#2147 = LINE('',#2148,#2149);
#2148 = CARTESIAN_POINT('',(53.,58.,57.2));
#2149 = VECTOR('',#2150,1.);
#2150 = DIRECTION('',(-1.,-0.,0.));
#2151 = PCURVE('',#1020,#2152);
#2152 = DEFINITIONAL_REPRESENTATION('',(#2153),#2157);
#2153 = LINE('',#2154,#2155);
#2154 = CARTESIAN_POINT('',(-1.570796326795,0.));
#2155 = VECTOR('',#2156,1.);
#2156 = DIRECTION('',(-0.,1.));
#2157 = ( GEOMETRIC_REPRESENTATION_CONTEXT(2) 
PARAMETRIC_REPRESENTATION_CONTEXT() REPRESENTATION_CONTEXT('2D SPACE',''
  ) );
#2158 = PCURVE('',#2159,#2164);
#2159 = PLANE('',#2160);
#2160 = AXIS2_PLACEMENT_3D('',#2161,#2162,#2163);
#2161 = CARTESIAN_POINT('',(47.,58.,24.));
#2162 = DIRECTION('',(-0.,1.,0.));
#2163 = DIRECTION('',(0.,0.,1.));
#2164 = DEFINITIONAL_REPRESENTATION('',(#2165),#2169);
#2165 = LINE('',#2166,#2167);
#2166 = CARTESIAN_POINT('',(33.2,6.));
#2167 = VECTOR('',#2168,1.);
#2168 = DIRECTION('',(0.,-1.));
#2169 = ( GEOMETRIC_REPRESENTATION_CONTEXT(2) 
PARAMETRIC_REPRESENTATION_CONTEXT() REPRESENTATION_CONTEXT('2D SPACE',''
  ) );
#2170 = ORIENTED_EDGE('',*,*,#2092,.F.);
#2171 = ORIENTED_EDGE('',*,*,#1004,.F.);
#2172 = ADVANCED_FACE('',(#2173),#1135,.T.);
#2173 = FACE_BOUND('',#2174,.T.);
#2174 = EDGE_LOOP('',(#2175,#2197,#2198,#2199));
#2175 = ORIENTED_EDGE('',*,*,#2176,.F.);
#2176 = EDGE_CURVE('',#1119,#2177,#2179,.T.);
#2177 = VERTEX_POINT('',#2178);
#2178 = CARTESIAN_POINT('',(87.25,35.,57.2));
#2179 = SEAM_CURVE('',#2180,(#2185,#2191),.PCURVE_S1.);
#2180 = CIRCLE('',#2181,0.8);
#2181 = AXIS2_PLACEMENT_3D('',#2182,#2183,#2184);
#2182 = CARTESIAN_POINT('',(88.05,35.,57.2));
#2183 = DIRECTION('',(0.,-1.,0.));
#2184 = DIRECTION('',(1.,0.,0.));
#2185 = PCURVE('',#1135,#2186);
#2186 = DEFINITIONAL_REPRESENTATION('',(#2187),#2190);
#2187 = B_SPLINE_CURVE_WITH_KNOTS('',1,(#2188,#2189),.UNSPECIFIED.,.F.,
  .F.,(2,2),(1.570796326795,3.14159265359),.PIECEWISE_BEZIER_KNOTS.);
#2188 = CARTESIAN_POINT('',(0.,1.570796326795));
#2189 = CARTESIAN_POINT('',(0.,3.14159265359));
#2190 = ( GEOMETRIC_REPRESENTATION_CONTEXT(2) 
PARAMETRIC_REPRESENTATION_CONTEXT() REPRESENTATION_CONTEXT('2D SPACE',''
  ) );
#2191 = PCURVE('',#1135,#2192);
#2192 = DEFINITIONAL_REPRESENTATION('',(#2193),#2196);
#2193 = B_SPLINE_CURVE_WITH_KNOTS('',1,(#2194,#2195),.UNSPECIFIED.,.F.,
  .F.,(2,2),(1.570796326795,3.14159265359),.PIECEWISE_BEZIER_KNOTS.);
#2194 = CARTESIAN_POINT('',(6.28318530718,1.570796326795));
#2195 = CARTESIAN_POINT('',(6.28318530718,3.14159265359));
#2196 = ( GEOMETRIC_REPRESENTATION_CONTEXT(2) 
PARAMETRIC_REPRESENTATION_CONTEXT() REPRESENTATION_CONTEXT('2D SPACE',''
  ) );
#2197 = ORIENTED_EDGE('',*,*,#1118,.T.);
#2198 = ORIENTED_EDGE('',*,*,#2176,.T.);
#2199 = ORIENTED_EDGE('',*,*,#2200,.F.);
#2200 = EDGE_CURVE('',#2177,#2177,#2201,.T.);
#2201 = SURFACE_CURVE('',#2202,(#2207,#2214),.PCURVE_S1.);
#2202 = CIRCLE('',#2203,1.25);
#2203 = AXIS2_PLACEMENT_3D('',#2204,#2205,#2206);
#2204 = CARTESIAN_POINT('',(86.,35.,57.2));
#2205 = DIRECTION('',(0.,0.,1.));
#2206 = DIRECTION('',(1.,0.,-0.));
#2207 = PCURVE('',#1135,#2208);
#2208 = DEFINITIONAL_REPRESENTATION('',(#2209),#2213);
#2209 = LINE('',#2210,#2211);
#2210 = CARTESIAN_POINT('',(0.,3.14159265359));
#2211 = VECTOR('',#2212,1.);
#2212 = DIRECTION('',(1.,0.));
#2213 = ( GEOMETRIC_REPRESENTATION_CONTEXT(2) 
PARAMETRIC_REPRESENTATION_CONTEXT() REPRESENTATION_CONTEXT('2D SPACE',''
  ) );
#2214 = PCURVE('',#1584,#2215);
#2215 = DEFINITIONAL_REPRESENTATION('',(#2216),#2220);
#2216 = LINE('',#2217,#2218);
#2217 = CARTESIAN_POINT('',(0.,58.2));
#2218 = VECTOR('',#2219,1.);
#2219 = DIRECTION('',(1.,0.));
#2220 = ( GEOMETRIC_REPRESENTATION_CONTEXT(2) 
PARAMETRIC_REPRESENTATION_CONTEXT() REPRESENTATION_CONTEXT('2D SPACE',''
  ) );
#2221 = ADVANCED_FACE('',(#2222),#1215,.T.);
#2222 = FACE_BOUND('',#2223,.F.);
#2223 = EDGE_LOOP('',(#2224,#2244,#2265,#2285));
#2224 = ORIENTED_EDGE('',*,*,#2225,.F.);
#2225 = EDGE_CURVE('',#1445,#1200,#2226,.T.);
#2226 = SURFACE_CURVE('',#2227,(#2232,#2238),.PCURVE_S1.);
#2227 = CIRCLE('',#2228,0.8);
#2228 = AXIS2_PLACEMENT_3D('',#2229,#2230,#2231);
#2229 = CARTESIAN_POINT('',(99.2,69.2,0.8));
#2230 = DIRECTION('',(0.,-0.,1.));
#2231 = DIRECTION('',(0.,1.,0.));
#2232 = PCURVE('',#1215,#2233);
#2233 = DEFINITIONAL_REPRESENTATION('',(#2234),#2237);
#2234 = B_SPLINE_CURVE_WITH_KNOTS('',1,(#2235,#2236),.UNSPECIFIED.,.F.,
  .F.,(2,2),(4.712388980385,6.28318530718),.PIECEWISE_BEZIER_KNOTS.);
#2235 = CARTESIAN_POINT('',(-1.570796326795,0.8));
#2236 = CARTESIAN_POINT('',(0.,0.8));
#2237 = ( GEOMETRIC_REPRESENTATION_CONTEXT(2) 
PARAMETRIC_REPRESENTATION_CONTEXT() REPRESENTATION_CONTEXT('2D SPACE',''
  ) );
#2238 = PCURVE('',#1408,#2239);
#2239 = DEFINITIONAL_REPRESENTATION('',(#2240),#2243);
#2240 = B_SPLINE_CURVE_WITH_KNOTS('',1,(#2241,#2242),.UNSPECIFIED.,.F.,
  .F.,(2,2),(4.712388980385,6.28318530718),.PIECEWISE_BEZIER_KNOTS.);
#2241 = CARTESIAN_POINT('',(0.,-1.570796326795));
#2242 = CARTESIAN_POINT('',(0.,0.));
#2243 = ( GEOMETRIC_REPRESENTATION_CONTEXT(2) 
PARAMETRIC_REPRESENTATION_CONTEXT() REPRESENTATION_CONTEXT('2D SPACE',''
  ) );
#2244 = ORIENTED_EDGE('',*,*,#2245,.T.);
#2245 = EDGE_CURVE('',#1445,#1653,#2246,.T.);
#2246 = SURFACE_CURVE('',#2247,(#2251,#2258),.PCURVE_S1.);
#2247 = LINE('',#2248,#2249);
#2248 = CARTESIAN_POINT('',(100.,69.2,0.));
#2249 = VECTOR('',#2250,1.);
#2250 = DIRECTION('',(0.,0.,1.));
#2251 = PCURVE('',#1215,#2252);
#2252 = DEFINITIONAL_REPRESENTATION('',(#2253),#2257);
#2253 = LINE('',#2254,#2255);
#2254 = CARTESIAN_POINT('',(-1.570796326795,0.));
#2255 = VECTOR('',#2256,1.);
#2256 = DIRECTION('',(-0.,1.));
#2257 = ( GEOMETRIC_REPRESENTATION_CONTEXT(2) 
PARAMETRIC_REPRESENTATION_CONTEXT() REPRESENTATION_CONTEXT('2D SPACE',''
  ) );
#2258 = PCURVE('',#1353,#2259);
#2259 = DEFINITIONAL_REPRESENTATION('',(#2260),#2264);
#2260 = LINE('',#2261,#2262);
#2261 = CARTESIAN_POINT('',(0.,-69.2));
#2262 = VECTOR('',#2263,1.);
#2263 = DIRECTION('',(1.,0.));
#2264 = ( GEOMETRIC_REPRESENTATION_CONTEXT(2) 
PARAMETRIC_REPRESENTATION_CONTEXT() REPRESENTATION_CONTEXT('2D SPACE',''
  ) );
#2265 = ORIENTED_EDGE('',*,*,#2266,.T.);
#2266 = EDGE_CURVE('',#1653,#1177,#2267,.T.);
#2267 = SURFACE_CURVE('',#2268,(#2273,#2279),.PCURVE_S1.);
#2268 = CIRCLE('',#2269,0.8);
#2269 = AXIS2_PLACEMENT_3D('',#2270,#2271,#2272);
#2270 = CARTESIAN_POINT('',(99.2,69.2,57.2));
#2271 = DIRECTION('',(0.,-6.123233995737E-17,1.));
#2272 = DIRECTION('',(0.,1.,6.123233995737E-17));
#2273 = PCURVE('',#1215,#2274);
#2274 = DEFINITIONAL_REPRESENTATION('',(#2275),#2278);
#2275 = B_SPLINE_CURVE_WITH_KNOTS('',1,(#2276,#2277),.UNSPECIFIED.,.F.,
  .F.,(2,2),(4.712388980385,6.28318530718),.PIECEWISE_BEZIER_KNOTS.);
#2276 = CARTESIAN_POINT('',(-1.570796326795,57.2));
#2277 = CARTESIAN_POINT('',(0.,57.2));
#2278 = ( GEOMETRIC_REPRESENTATION_CONTEXT(2) 
PARAMETRIC_REPRESENTATION_CONTEXT() REPRESENTATION_CONTEXT('2D SPACE',''
  ) );
#2279 = PCURVE('',#1616,#2280);
#2280 = DEFINITIONAL_REPRESENTATION('',(#2281),#2284);
#2281 = B_SPLINE_CURVE_WITH_KNOTS('',1,(#2282,#2283),.UNSPECIFIED.,.F.,
  .F.,(2,2),(4.712388980385,6.28318530718),.PIECEWISE_BEZIER_KNOTS.);
#2282 = CARTESIAN_POINT('',(1.570796326795,-1.570796326795));
#2283 = CARTESIAN_POINT('',(1.570796326795,0.));
#2284 = ( GEOMETRIC_REPRESENTATION_CONTEXT(2) 
PARAMETRIC_REPRESENTATION_CONTEXT() REPRESENTATION_CONTEXT('2D SPACE',''
  ) );
#2285 = ORIENTED_EDGE('',*,*,#1199,.F.);
#2286 = ADVANCED_FACE('',(#2287),#1268,.T.);
#2287 = FACE_BOUND('',#2288,.F.);
#2288 = EDGE_LOOP('',(#2289,#2290,#2291));
#2289 = ORIENTED_EDGE('',*,*,#1315,.F.);
#2290 = ORIENTED_EDGE('',*,*,#1424,.T.);
#2291 = ORIENTED_EDGE('',*,*,#1253,.F.);
#2292 = ADVANCED_FACE('',(#2293),#1300,.T.);
#2293 = FACE_BOUND('',#2294,.F.);
#2294 = EDGE_LOOP('',(#2295,#2296,#2297));
#2295 = ORIENTED_EDGE('',*,*,#1286,.F.);
#2296 = ORIENTED_EDGE('',*,*,#1632,.T.);
#2297 = ORIENTED_EDGE('',*,*,#1365,.F.);
#2298 = ADVANCED_FACE('',(#2299),#1353,.T.);
#2299 = FACE_BOUND('',#2300,.T.);
#2300 = EDGE_LOOP('',(#2301,#2302,#2303,#2304));
#2301 = ORIENTED_EDGE('',*,*,#1337,.F.);
#2302 = ORIENTED_EDGE('',*,*,#1444,.T.);
#2303 = ORIENTED_EDGE('',*,*,#2245,.T.);
#2304 = ORIENTED_EDGE('',*,*,#1652,.F.);
#2305 = ADVANCED_FACE('',(#2306),#1408,.T.);
#2306 = FACE_BOUND('',#2307,.T.);
#2307 = EDGE_LOOP('',(#2308,#2309,#2310));
#2308 = ORIENTED_EDGE('',*,*,#2225,.F.);
#2309 = ORIENTED_EDGE('',*,*,#1467,.T.);
#2310 = ORIENTED_EDGE('',*,*,#1393,.F.);
#2311 = ADVANCED_FACE('',(#2312),#1530,.F.);
#2312 = FACE_BOUND('',#2313,.F.);
#2313 = EDGE_LOOP('',(#2314,#2335,#2336,#2337));
#2314 = ORIENTED_EDGE('',*,*,#2315,.T.);
#2315 = EDGE_CURVE('',#1492,#1700,#2316,.T.);
#2316 = SEAM_CURVE('',#2317,(#2321,#2328),.PCURVE_S1.);
#2317 = LINE('',#2318,#2319);
#2318 = CARTESIAN_POINT('',(15.25,35.,-1.));
#2319 = VECTOR('',#2320,1.);
#2320 = DIRECTION('',(0.,0.,1.));
#2321 = PCURVE('',#1530,#2322);
#2322 = DEFINITIONAL_REPRESENTATION('',(#2323),#2327);
#2323 = LINE('',#2324,#2325);
#2324 = CARTESIAN_POINT('',(6.28318530718,-0.));
#2325 = VECTOR('',#2326,1.);
#2326 = DIRECTION('',(0.,1.));
#2327 = ( GEOMETRIC_REPRESENTATION_CONTEXT(2) 
PARAMETRIC_REPRESENTATION_CONTEXT() REPRESENTATION_CONTEXT('2D SPACE',''
  ) );
#2328 = PCURVE('',#1530,#2329);
#2329 = DEFINITIONAL_REPRESENTATION('',(#2330),#2334);
#2330 = LINE('',#2331,#2332);
#2331 = CARTESIAN_POINT('',(0.,-0.));
#2332 = VECTOR('',#2333,1.);
#2333 = DIRECTION('',(0.,1.));
#2334 = ( GEOMETRIC_REPRESENTATION_CONTEXT(2) 
PARAMETRIC_REPRESENTATION_CONTEXT() REPRESENTATION_CONTEXT('2D SPACE',''
  ) );
#2335 = ORIENTED_EDGE('',*,*,#1723,.F.);
#2336 = ORIENTED_EDGE('',*,*,#2315,.F.);
#2337 = ORIENTED_EDGE('',*,*,#1515,.T.);
#2338 = ADVANCED_FACE('',(#2339),#1584,.F.);
#2339 = FACE_BOUND('',#2340,.F.);
#2340 = EDGE_LOOP('',(#2341,#2362,#2363,#2364));
#2341 = ORIENTED_EDGE('',*,*,#2342,.T.);
#2342 = EDGE_CURVE('',#1546,#2177,#2343,.T.);
#2343 = SEAM_CURVE('',#2344,(#2348,#2355),.PCURVE_S1.);
#2344 = LINE('',#2345,#2346);
#2345 = CARTESIAN_POINT('',(87.25,35.,-1.));
#2346 = VECTOR('',#2347,1.);
#2347 = DIRECTION('',(0.,0.,1.));
#2348 = PCURVE('',#1584,#2349);
#2349 = DEFINITIONAL_REPRESENTATION('',(#2350),#2354);
#2350 = LINE('',#2351,#2352);
#2351 = CARTESIAN_POINT('',(6.28318530718,-0.));
#2352 = VECTOR('',#2353,1.);
#2353 = DIRECTION('',(0.,1.));
#2354 = ( GEOMETRIC_REPRESENTATION_CONTEXT(2) 
PARAMETRIC_REPRESENTATION_CONTEXT() REPRESENTATION_CONTEXT('2D SPACE',''
  ) );
#2355 = PCURVE('',#1584,#2356);
#2356 = DEFINITIONAL_REPRESENTATION('',(#2357),#2361);
#2357 = LINE('',#2358,#2359);
#2358 = CARTESIAN_POINT('',(0.,-0.));
#2359 = VECTOR('',#2360,1.);
#2360 = DIRECTION('',(0.,1.));
#2361 = ( GEOMETRIC_REPRESENTATION_CONTEXT(2) 
PARAMETRIC_REPRESENTATION_CONTEXT() REPRESENTATION_CONTEXT('2D SPACE',''
  ) );
#2362 = ORIENTED_EDGE('',*,*,#2200,.F.);
#2363 = ORIENTED_EDGE('',*,*,#2342,.F.);
#2364 = ORIENTED_EDGE('',*,*,#1569,.T.);
#2365 = ADVANCED_FACE('',(#2366),#1616,.T.);
#2366 = FACE_BOUND('',#2367,.T.);
#2367 = EDGE_LOOP('',(#2368,#2369,#2370));
#2368 = ORIENTED_EDGE('',*,*,#1675,.F.);
#2369 = ORIENTED_EDGE('',*,*,#2266,.T.);
#2370 = ORIENTED_EDGE('',*,*,#1601,.F.);
#2371 = ADVANCED_FACE('',(#2372),#1786,.T.);
#2372 = FACE_BOUND('',#2373,.T.);
#2373 = EDGE_LOOP('',(#2374,#2375,#2398,#2426));
#2374 = ORIENTED_EDGE('',*,*,#1770,.F.);
#2375 = ORIENTED_EDGE('',*,*,#2376,.F.);
#2376 = EDGE_CURVE('',#2377,#1749,#2379,.T.);
#2377 = VERTEX_POINT('',#2378);
#2378 = CARTESIAN_POINT('',(52.2,12.,24.8));
#2379 = SURFACE_CURVE('',#2380,(#2384,#2391),.PCURVE_S1.);
#2380 = LINE('',#2381,#2382);
#2381 = CARTESIAN_POINT('',(52.2,12.,24.));
#2382 = VECTOR('',#2383,1.);
#2383 = DIRECTION('',(0.,0.,1.));
#2384 = PCURVE('',#1786,#2385);
#2385 = DEFINITIONAL_REPRESENTATION('',(#2386),#2390);
#2386 = LINE('',#2387,#2388);
#2387 = CARTESIAN_POINT('',(0.,5.2));
#2388 = VECTOR('',#2389,1.);
#2389 = DIRECTION('',(1.,0.));
#2390 = ( GEOMETRIC_REPRESENTATION_CONTEXT(2) 
PARAMETRIC_REPRESENTATION_CONTEXT() REPRESENTATION_CONTEXT('2D SPACE',''
  ) );
#2391 = PCURVE('',#1861,#2392);
#2392 = DEFINITIONAL_REPRESENTATION('',(#2393),#2397);
#2393 = LINE('',#2394,#2395);
#2394 = CARTESIAN_POINT('',(0.,0.));
#2395 = VECTOR('',#2396,1.);
#2396 = DIRECTION('',(0.,1.));
#2397 = ( GEOMETRIC_REPRESENTATION_CONTEXT(2) 
PARAMETRIC_REPRESENTATION_CONTEXT() REPRESENTATION_CONTEXT('2D SPACE',''
  ) );
#2398 = ORIENTED_EDGE('',*,*,#2399,.F.);
#2399 = EDGE_CURVE('',#2400,#2377,#2402,.T.);
#2400 = VERTEX_POINT('',#2401);
#2401 = CARTESIAN_POINT('',(47.8,12.,24.8));
#2402 = SURFACE_CURVE('',#2403,(#2407,#2414),.PCURVE_S1.);
#2403 = LINE('',#2404,#2405);
#2404 = CARTESIAN_POINT('',(47.,12.,24.8));
#2405 = VECTOR('',#2406,1.);
#2406 = DIRECTION('',(1.,0.,-0.));
#2407 = PCURVE('',#1786,#2408);
#2408 = DEFINITIONAL_REPRESENTATION('',(#2409),#2413);
#2409 = LINE('',#2410,#2411);
#2410 = CARTESIAN_POINT('',(0.8,0.));
#2411 = VECTOR('',#2412,1.);
#2412 = DIRECTION('',(0.,1.));
#2413 = ( GEOMETRIC_REPRESENTATION_CONTEXT(2) 
PARAMETRIC_REPRESENTATION_CONTEXT() REPRESENTATION_CONTEXT('2D SPACE',''
  ) );
#2414 = PCURVE('',#2415,#2420);
#2415 = CYLINDRICAL_SURFACE('',#2416,0.8);
#2416 = AXIS2_PLACEMENT_3D('',#2417,#2418,#2419);
#2417 = CARTESIAN_POINT('',(47.,12.8,24.8));
#2418 = DIRECTION('',(1.,0.,-0.));
#2419 = DIRECTION('',(0.,-1.,0.));
#2420 = DEFINITIONAL_REPRESENTATION('',(#2421),#2425);
#2421 = LINE('',#2422,#2423);
#2422 = CARTESIAN_POINT('',(0.,0.));
#2423 = VECTOR('',#2424,1.);
#2424 = DIRECTION('',(0.,1.));
#2425 = ( GEOMETRIC_REPRESENTATION_CONTEXT(2) 
PARAMETRIC_REPRESENTATION_CONTEXT() REPRESENTATION_CONTEXT('2D SPACE',''
  ) );
#2426 = ORIENTED_EDGE('',*,*,#2427,.T.);
#2427 = EDGE_CURVE('',#2400,#1771,#2428,.T.);
#2428 = SURFACE_CURVE('',#2429,(#2433,#2440),.PCURVE_S1.);
#2429 = LINE('',#2430,#2431);
#2430 = CARTESIAN_POINT('',(47.8,12.,24.));
#2431 = VECTOR('',#2432,1.);
#2432 = DIRECTION('',(0.,0.,1.));
#2433 = PCURVE('',#1786,#2434);
#2434 = DEFINITIONAL_REPRESENTATION('',(#2435),#2439);
#2435 = LINE('',#2436,#2437);
#2436 = CARTESIAN_POINT('',(0.,0.8));
#2437 = VECTOR('',#2438,1.);
#2438 = DIRECTION('',(1.,0.));
#2439 = ( GEOMETRIC_REPRESENTATION_CONTEXT(2) 
PARAMETRIC_REPRESENTATION_CONTEXT() REPRESENTATION_CONTEXT('2D SPACE',''
  ) );
#2440 = PCURVE('',#1915,#2441);
#2441 = DEFINITIONAL_REPRESENTATION('',(#2442),#2446);
#2442 = LINE('',#2443,#2444);
#2443 = CARTESIAN_POINT('',(-0.,0.));
#2444 = VECTOR('',#2445,1.);
#2445 = DIRECTION('',(-0.,1.));
#2446 = ( GEOMETRIC_REPRESENTATION_CONTEXT(2) 
PARAMETRIC_REPRESENTATION_CONTEXT() REPRESENTATION_CONTEXT('2D SPACE',''
  ) );
#2447 = ADVANCED_FACE('',(#2448),#1861,.F.);
#2448 = FACE_BOUND('',#2449,.F.);
#2449 = EDGE_LOOP('',(#2450,#2451,#2480,#2501));
#2450 = ORIENTED_EDGE('',*,*,#2376,.F.);
#2451 = ORIENTED_EDGE('',*,*,#2452,.T.);
#2452 = EDGE_CURVE('',#2377,#2453,#2455,.T.);
#2453 = VERTEX_POINT('',#2454);
#2454 = CARTESIAN_POINT('',(53.,12.8,24.8));
#2455 = SURFACE_CURVE('',#2456,(#2461,#2468),.PCURVE_S1.);
#2456 = CIRCLE('',#2457,0.8);
#2457 = AXIS2_PLACEMENT_3D('',#2458,#2459,#2460);
#2458 = CARTESIAN_POINT('',(52.2,12.8,24.8));
#2459 = DIRECTION('',(0.,0.,1.));
#2460 = DIRECTION('',(0.,-1.,0.));
#2461 = PCURVE('',#1861,#2462);
#2462 = DEFINITIONAL_REPRESENTATION('',(#2463),#2467);
#2463 = LINE('',#2464,#2465);
#2464 = CARTESIAN_POINT('',(0.,0.8));
#2465 = VECTOR('',#2466,1.);
#2466 = DIRECTION('',(1.,0.));
#2467 = ( GEOMETRIC_REPRESENTATION_CONTEXT(2) 
PARAMETRIC_REPRESENTATION_CONTEXT() REPRESENTATION_CONTEXT('2D SPACE',''
  ) );
#2468 = PCURVE('',#2469,#2474);
#2469 = SPHERICAL_SURFACE('',#2470,0.8);
#2470 = AXIS2_PLACEMENT_3D('',#2471,#2472,#2473);
#2471 = CARTESIAN_POINT('',(52.2,12.8,24.8));
#2472 = DIRECTION('',(0.,0.,1.));
#2473 = DIRECTION('',(0.,-1.,0.));
#2474 = DEFINITIONAL_REPRESENTATION('',(#2475),#2479);
#2475 = LINE('',#2476,#2477);
#2476 = CARTESIAN_POINT('',(0.,0.));
#2477 = VECTOR('',#2478,1.);
#2478 = DIRECTION('',(1.,0.));
#2479 = ( GEOMETRIC_REPRESENTATION_CONTEXT(2) 
PARAMETRIC_REPRESENTATION_CONTEXT() REPRESENTATION_CONTEXT('2D SPACE',''
  ) );
#2480 = ORIENTED_EDGE('',*,*,#2481,.T.);
#2481 = EDGE_CURVE('',#2453,#1825,#2482,.T.);
#2482 = SURFACE_CURVE('',#2483,(#2487,#2494),.PCURVE_S1.);
#2483 = LINE('',#2484,#2485);
#2484 = CARTESIAN_POINT('',(53.,12.8,24.));
#2485 = VECTOR('',#2486,1.);
#2486 = DIRECTION('',(0.,0.,1.));
#2487 = PCURVE('',#1861,#2488);
#2488 = DEFINITIONAL_REPRESENTATION('',(#2489),#2493);
#2489 = LINE('',#2490,#2491);
#2490 = CARTESIAN_POINT('',(1.570796326795,0.));
#2491 = VECTOR('',#2492,1.);
#2492 = DIRECTION('',(0.,1.));
#2493 = ( GEOMETRIC_REPRESENTATION_CONTEXT(2) 
PARAMETRIC_REPRESENTATION_CONTEXT() REPRESENTATION_CONTEXT('2D SPACE',''
  ) );
#2494 = PCURVE('',#1947,#2495);
#2495 = DEFINITIONAL_REPRESENTATION('',(#2496),#2500);
#2496 = LINE('',#2497,#2498);
#2497 = CARTESIAN_POINT('',(0.,-0.8));
#2498 = VECTOR('',#2499,1.);
#2499 = DIRECTION('',(1.,0.));
#2500 = ( GEOMETRIC_REPRESENTATION_CONTEXT(2) 
PARAMETRIC_REPRESENTATION_CONTEXT() REPRESENTATION_CONTEXT('2D SPACE',''
  ) );
#2501 = ORIENTED_EDGE('',*,*,#1846,.F.);
#2502 = ADVANCED_FACE('',(#2503),#1915,.F.);
#2503 = FACE_BOUND('',#2504,.T.);
#2504 = EDGE_LOOP('',(#2505,#2506,#2535,#2556));
#2505 = ORIENTED_EDGE('',*,*,#2427,.F.);
#2506 = ORIENTED_EDGE('',*,*,#2507,.T.);
#2507 = EDGE_CURVE('',#2400,#2508,#2510,.T.);
#2508 = VERTEX_POINT('',#2509);
#2509 = CARTESIAN_POINT('',(47.,12.8,24.8));
#2510 = SURFACE_CURVE('',#2511,(#2516,#2523),.PCURVE_S1.);
#2511 = CIRCLE('',#2512,0.8);
#2512 = AXIS2_PLACEMENT_3D('',#2513,#2514,#2515);
#2513 = CARTESIAN_POINT('',(47.8,12.8,24.8));
#2514 = DIRECTION('',(-0.,-0.,-1.));
#2515 = DIRECTION('',(0.,-1.,0.));
#2516 = PCURVE('',#1915,#2517);
#2517 = DEFINITIONAL_REPRESENTATION('',(#2518),#2522);
#2518 = LINE('',#2519,#2520);
#2519 = CARTESIAN_POINT('',(-0.,0.8));
#2520 = VECTOR('',#2521,1.);
#2521 = DIRECTION('',(-1.,0.));
#2522 = ( GEOMETRIC_REPRESENTATION_CONTEXT(2) 
PARAMETRIC_REPRESENTATION_CONTEXT() REPRESENTATION_CONTEXT('2D SPACE',''
  ) );
#2523 = PCURVE('',#2524,#2529);
#2524 = SPHERICAL_SURFACE('',#2525,0.8);
#2525 = AXIS2_PLACEMENT_3D('',#2526,#2527,#2528);
#2526 = CARTESIAN_POINT('',(47.8,12.8,24.8));
#2527 = DIRECTION('',(0.,0.,1.));
#2528 = DIRECTION('',(0.,-1.,0.));
#2529 = DEFINITIONAL_REPRESENTATION('',(#2530),#2534);
#2530 = LINE('',#2531,#2532);
#2531 = CARTESIAN_POINT('',(-0.,0.));
#2532 = VECTOR('',#2533,1.);
#2533 = DIRECTION('',(-1.,0.));
#2534 = ( GEOMETRIC_REPRESENTATION_CONTEXT(2) 
PARAMETRIC_REPRESENTATION_CONTEXT() REPRESENTATION_CONTEXT('2D SPACE',''
  ) );
#2535 = ORIENTED_EDGE('',*,*,#2536,.T.);
#2536 = EDGE_CURVE('',#2508,#1879,#2537,.T.);
#2537 = SURFACE_CURVE('',#2538,(#2542,#2549),.PCURVE_S1.);
#2538 = LINE('',#2539,#2540);
#2539 = CARTESIAN_POINT('',(47.,12.8,24.));
#2540 = VECTOR('',#2541,1.);
#2541 = DIRECTION('',(0.,0.,1.));
#2542 = PCURVE('',#1915,#2543);
#2543 = DEFINITIONAL_REPRESENTATION('',(#2544),#2548);
#2544 = LINE('',#2545,#2546);
#2545 = CARTESIAN_POINT('',(-1.570796326795,0.));
#2546 = VECTOR('',#2547,1.);
#2547 = DIRECTION('',(-0.,1.));
#2548 = ( GEOMETRIC_REPRESENTATION_CONTEXT(2) 
PARAMETRIC_REPRESENTATION_CONTEXT() REPRESENTATION_CONTEXT('2D SPACE',''
  ) );
#2549 = PCURVE('',#2000,#2550);
#2550 = DEFINITIONAL_REPRESENTATION('',(#2551),#2555);
#2551 = LINE('',#2552,#2553);
#2552 = CARTESIAN_POINT('',(0.,-0.8));
#2553 = VECTOR('',#2554,1.);
#2554 = DIRECTION('',(1.,0.));
#2555 = ( GEOMETRIC_REPRESENTATION_CONTEXT(2) 
PARAMETRIC_REPRESENTATION_CONTEXT() REPRESENTATION_CONTEXT('2D SPACE',''
  ) );
#2556 = ORIENTED_EDGE('',*,*,#1900,.F.);
#2557 = ADVANCED_FACE('',(#2558),#1947,.F.);
#2558 = FACE_BOUND('',#2559,.F.);
#2559 = EDGE_LOOP('',(#2560,#2561,#2562,#2590));
#2560 = ORIENTED_EDGE('',*,*,#1931,.F.);
#2561 = ORIENTED_EDGE('',*,*,#2481,.F.);
#2562 = ORIENTED_EDGE('',*,*,#2563,.T.);
#2563 = EDGE_CURVE('',#2453,#2564,#2566,.T.);
#2564 = VERTEX_POINT('',#2565);
#2565 = CARTESIAN_POINT('',(53.,57.2,24.8));
#2566 = SURFACE_CURVE('',#2567,(#2571,#2578),.PCURVE_S1.);
#2567 = LINE('',#2568,#2569);
#2568 = CARTESIAN_POINT('',(53.,12.,24.8));
#2569 = VECTOR('',#2570,1.);
#2570 = DIRECTION('',(-0.,1.,0.));
#2571 = PCURVE('',#1947,#2572);
#2572 = DEFINITIONAL_REPRESENTATION('',(#2573),#2577);
#2573 = LINE('',#2574,#2575);
#2574 = CARTESIAN_POINT('',(0.8,0.));
#2575 = VECTOR('',#2576,1.);
#2576 = DIRECTION('',(0.,-1.));
#2577 = ( GEOMETRIC_REPRESENTATION_CONTEXT(2) 
PARAMETRIC_REPRESENTATION_CONTEXT() REPRESENTATION_CONTEXT('2D SPACE',''
  ) );
#2578 = PCURVE('',#2579,#2584);
#2579 = CYLINDRICAL_SURFACE('',#2580,0.8);
#2580 = AXIS2_PLACEMENT_3D('',#2581,#2582,#2583);
#2581 = CARTESIAN_POINT('',(52.2,12.,24.8));
#2582 = DIRECTION('',(-0.,1.,0.));
#2583 = DIRECTION('',(1.,0.,-0.));
#2584 = DEFINITIONAL_REPRESENTATION('',(#2585),#2589);
#2585 = LINE('',#2586,#2587);
#2586 = CARTESIAN_POINT('',(0.,0.));
#2587 = VECTOR('',#2588,1.);
#2588 = DIRECTION('',(0.,1.));
#2589 = ( GEOMETRIC_REPRESENTATION_CONTEXT(2) 
PARAMETRIC_REPRESENTATION_CONTEXT() REPRESENTATION_CONTEXT('2D SPACE',''
  ) );
#2590 = ORIENTED_EDGE('',*,*,#2591,.T.);
#2591 = EDGE_CURVE('',#2564,#1932,#2592,.T.);
#2592 = SURFACE_CURVE('',#2593,(#2597,#2604),.PCURVE_S1.);
#2593 = LINE('',#2594,#2595);
#2594 = CARTESIAN_POINT('',(53.,57.2,24.));
#2595 = VECTOR('',#2596,1.);
#2596 = DIRECTION('',(0.,0.,1.));
#2597 = PCURVE('',#1947,#2598);
#2598 = DEFINITIONAL_REPRESENTATION('',(#2599),#2603);
#2599 = LINE('',#2600,#2601);
#2600 = CARTESIAN_POINT('',(0.,-45.2));
#2601 = VECTOR('',#2602,1.);
#2602 = DIRECTION('',(1.,0.));
#2603 = ( GEOMETRIC_REPRESENTATION_CONTEXT(2) 
PARAMETRIC_REPRESENTATION_CONTEXT() REPRESENTATION_CONTEXT('2D SPACE',''
  ) );
#2604 = PCURVE('',#2075,#2605);
#2605 = DEFINITIONAL_REPRESENTATION('',(#2606),#2610);
#2606 = LINE('',#2607,#2608);
#2607 = CARTESIAN_POINT('',(0.,0.));
#2608 = VECTOR('',#2609,1.);
#2609 = DIRECTION('',(0.,1.));
#2610 = ( GEOMETRIC_REPRESENTATION_CONTEXT(2) 
PARAMETRIC_REPRESENTATION_CONTEXT() REPRESENTATION_CONTEXT('2D SPACE',''
  ) );
#2611 = ADVANCED_FACE('',(#2612),#2000,.T.);
#2612 = FACE_BOUND('',#2613,.T.);
#2613 = EDGE_LOOP('',(#2614,#2615,#2616,#2644));
#2614 = ORIENTED_EDGE('',*,*,#1984,.F.);
#2615 = ORIENTED_EDGE('',*,*,#2536,.F.);
#2616 = ORIENTED_EDGE('',*,*,#2617,.T.);
#2617 = EDGE_CURVE('',#2508,#2618,#2620,.T.);
#2618 = VERTEX_POINT('',#2619);
#2619 = CARTESIAN_POINT('',(47.,57.2,24.8));
#2620 = SURFACE_CURVE('',#2621,(#2625,#2632),.PCURVE_S1.);
#2621 = LINE('',#2622,#2623);
#2622 = CARTESIAN_POINT('',(47.,12.,24.8));
#2623 = VECTOR('',#2624,1.);
#2624 = DIRECTION('',(-0.,1.,0.));
#2625 = PCURVE('',#2000,#2626);
#2626 = DEFINITIONAL_REPRESENTATION('',(#2627),#2631);
#2627 = LINE('',#2628,#2629);
#2628 = CARTESIAN_POINT('',(0.8,0.));
#2629 = VECTOR('',#2630,1.);
#2630 = DIRECTION('',(0.,-1.));
#2631 = ( GEOMETRIC_REPRESENTATION_CONTEXT(2) 
PARAMETRIC_REPRESENTATION_CONTEXT() REPRESENTATION_CONTEXT('2D SPACE',''
  ) );
#2632 = PCURVE('',#2633,#2638);
#2633 = CYLINDRICAL_SURFACE('',#2634,0.8);
#2634 = AXIS2_PLACEMENT_3D('',#2635,#2636,#2637);
#2635 = CARTESIAN_POINT('',(47.8,12.,24.8));
#2636 = DIRECTION('',(-0.,1.,0.));
#2637 = DIRECTION('',(-1.,-0.,0.));
#2638 = DEFINITIONAL_REPRESENTATION('',(#2639),#2643);
#2639 = LINE('',#2640,#2641);
#2640 = CARTESIAN_POINT('',(-0.,0.));
#2641 = VECTOR('',#2642,1.);
#2642 = DIRECTION('',(-0.,1.));
#2643 = ( GEOMETRIC_REPRESENTATION_CONTEXT(2) 
PARAMETRIC_REPRESENTATION_CONTEXT() REPRESENTATION_CONTEXT('2D SPACE',''
  ) );
#2644 = ORIENTED_EDGE('',*,*,#2645,.T.);
#2645 = EDGE_CURVE('',#2618,#1985,#2646,.T.);
#2646 = SURFACE_CURVE('',#2647,(#2651,#2658),.PCURVE_S1.);
#2647 = LINE('',#2648,#2649);
#2648 = CARTESIAN_POINT('',(47.,57.2,24.));
#2649 = VECTOR('',#2650,1.);
#2650 = DIRECTION('',(0.,0.,1.));
#2651 = PCURVE('',#2000,#2652);
#2652 = DEFINITIONAL_REPRESENTATION('',(#2653),#2657);
#2653 = LINE('',#2654,#2655);
#2654 = CARTESIAN_POINT('',(0.,-45.2));
#2655 = VECTOR('',#2656,1.);
#2656 = DIRECTION('',(1.,0.));
#2657 = ( GEOMETRIC_REPRESENTATION_CONTEXT(2) 
PARAMETRIC_REPRESENTATION_CONTEXT() REPRESENTATION_CONTEXT('2D SPACE',''
  ) );
#2658 = PCURVE('',#2129,#2659);
#2659 = DEFINITIONAL_REPRESENTATION('',(#2660),#2664);
#2660 = LINE('',#2661,#2662);
#2661 = CARTESIAN_POINT('',(-0.,0.));
#2662 = VECTOR('',#2663,1.);
#2663 = DIRECTION('',(-0.,1.));
#2664 = ( GEOMETRIC_REPRESENTATION_CONTEXT(2) 
PARAMETRIC_REPRESENTATION_CONTEXT() REPRESENTATION_CONTEXT('2D SPACE',''
  ) );
#2665 = ADVANCED_FACE('',(#2666),#2075,.F.);
#2666 = FACE_BOUND('',#2667,.F.);
#2667 = EDGE_LOOP('',(#2668,#2669,#2698,#2719));
#2668 = ORIENTED_EDGE('',*,*,#2591,.F.);
#2669 = ORIENTED_EDGE('',*,*,#2670,.T.);
#2670 = EDGE_CURVE('',#2564,#2671,#2673,.T.);
#2671 = VERTEX_POINT('',#2672);
#2672 = CARTESIAN_POINT('',(52.2,58.,24.8));
#2673 = SURFACE_CURVE('',#2674,(#2679,#2686),.PCURVE_S1.);
#2674 = CIRCLE('',#2675,0.8);
#2675 = AXIS2_PLACEMENT_3D('',#2676,#2677,#2678);
#2676 = CARTESIAN_POINT('',(52.2,57.2,24.8));
#2677 = DIRECTION('',(0.,0.,1.));
#2678 = DIRECTION('',(1.,0.,-0.));
#2679 = PCURVE('',#2075,#2680);
#2680 = DEFINITIONAL_REPRESENTATION('',(#2681),#2685);
#2681 = LINE('',#2682,#2683);
#2682 = CARTESIAN_POINT('',(0.,0.8));
#2683 = VECTOR('',#2684,1.);
#2684 = DIRECTION('',(1.,0.));
#2685 = ( GEOMETRIC_REPRESENTATION_CONTEXT(2) 
PARAMETRIC_REPRESENTATION_CONTEXT() REPRESENTATION_CONTEXT('2D SPACE',''
  ) );
#2686 = PCURVE('',#2687,#2692);
#2687 = SPHERICAL_SURFACE('',#2688,0.8);
#2688 = AXIS2_PLACEMENT_3D('',#2689,#2690,#2691);
#2689 = CARTESIAN_POINT('',(52.2,57.2,24.8));
#2690 = DIRECTION('',(0.,0.,1.));
#2691 = DIRECTION('',(1.,0.,-0.));
#2692 = DEFINITIONAL_REPRESENTATION('',(#2693),#2697);
#2693 = LINE('',#2694,#2695);
#2694 = CARTESIAN_POINT('',(0.,0.));
#2695 = VECTOR('',#2696,1.);
#2696 = DIRECTION('',(1.,0.));
#2697 = ( GEOMETRIC_REPRESENTATION_CONTEXT(2) 
PARAMETRIC_REPRESENTATION_CONTEXT() REPRESENTATION_CONTEXT('2D SPACE',''
  ) );
#2698 = ORIENTED_EDGE('',*,*,#2699,.T.);
#2699 = EDGE_CURVE('',#2671,#2039,#2700,.T.);
#2700 = SURFACE_CURVE('',#2701,(#2705,#2712),.PCURVE_S1.);
#2701 = LINE('',#2702,#2703);
#2702 = CARTESIAN_POINT('',(52.2,58.,24.));
#2703 = VECTOR('',#2704,1.);
#2704 = DIRECTION('',(0.,0.,1.));
#2705 = PCURVE('',#2075,#2706);
#2706 = DEFINITIONAL_REPRESENTATION('',(#2707),#2711);
#2707 = LINE('',#2708,#2709);
#2708 = CARTESIAN_POINT('',(1.570796326795,0.));
#2709 = VECTOR('',#2710,1.);
#2710 = DIRECTION('',(0.,1.));
#2711 = ( GEOMETRIC_REPRESENTATION_CONTEXT(2) 
PARAMETRIC_REPRESENTATION_CONTEXT() REPRESENTATION_CONTEXT('2D SPACE',''
  ) );
#2712 = PCURVE('',#2159,#2713);
#2713 = DEFINITIONAL_REPRESENTATION('',(#2714),#2718);
#2714 = LINE('',#2715,#2716);
#2715 = CARTESIAN_POINT('',(0.,5.2));
#2716 = VECTOR('',#2717,1.);
#2717 = DIRECTION('',(1.,0.));
#2718 = ( GEOMETRIC_REPRESENTATION_CONTEXT(2) 
PARAMETRIC_REPRESENTATION_CONTEXT() REPRESENTATION_CONTEXT('2D SPACE',''
  ) );
#2719 = ORIENTED_EDGE('',*,*,#2060,.F.);
#2720 = ADVANCED_FACE('',(#2721),#2129,.F.);
#2721 = FACE_BOUND('',#2722,.T.);
#2722 = EDGE_LOOP('',(#2723,#2724,#2753,#2774));
#2723 = ORIENTED_EDGE('',*,*,#2645,.F.);
#2724 = ORIENTED_EDGE('',*,*,#2725,.T.);
#2725 = EDGE_CURVE('',#2618,#2726,#2728,.T.);
#2726 = VERTEX_POINT('',#2727);
#2727 = CARTESIAN_POINT('',(47.8,58.,24.8));
#2728 = SURFACE_CURVE('',#2729,(#2734,#2741),.PCURVE_S1.);
#2729 = CIRCLE('',#2730,0.8);
#2730 = AXIS2_PLACEMENT_3D('',#2731,#2732,#2733);
#2731 = CARTESIAN_POINT('',(47.8,57.2,24.8));
#2732 = DIRECTION('',(-0.,0.,-1.));
#2733 = DIRECTION('',(-1.,0.,0.));
#2734 = PCURVE('',#2129,#2735);
#2735 = DEFINITIONAL_REPRESENTATION('',(#2736),#2740);
#2736 = LINE('',#2737,#2738);
#2737 = CARTESIAN_POINT('',(-0.,0.8));
#2738 = VECTOR('',#2739,1.);
#2739 = DIRECTION('',(-1.,0.));
#2740 = ( GEOMETRIC_REPRESENTATION_CONTEXT(2) 
PARAMETRIC_REPRESENTATION_CONTEXT() REPRESENTATION_CONTEXT('2D SPACE',''
  ) );
#2741 = PCURVE('',#2742,#2747);
#2742 = SPHERICAL_SURFACE('',#2743,0.8);
#2743 = AXIS2_PLACEMENT_3D('',#2744,#2745,#2746);
#2744 = CARTESIAN_POINT('',(47.8,57.2,24.8));
#2745 = DIRECTION('',(0.,0.,1.));
#2746 = DIRECTION('',(-1.,0.,0.));
#2747 = DEFINITIONAL_REPRESENTATION('',(#2748),#2752);
#2748 = LINE('',#2749,#2750);
#2749 = CARTESIAN_POINT('',(-0.,0.));
#2750 = VECTOR('',#2751,1.);
#2751 = DIRECTION('',(-1.,0.));
#2752 = ( GEOMETRIC_REPRESENTATION_CONTEXT(2) 
PARAMETRIC_REPRESENTATION_CONTEXT() REPRESENTATION_CONTEXT('2D SPACE',''
  ) );
#2753 = ORIENTED_EDGE('',*,*,#2754,.T.);
#2754 = EDGE_CURVE('',#2726,#2093,#2755,.T.);
#2755 = SURFACE_CURVE('',#2756,(#2760,#2767),.PCURVE_S1.);
#2756 = LINE('',#2757,#2758);
#2757 = CARTESIAN_POINT('',(47.8,58.,24.));
#2758 = VECTOR('',#2759,1.);
#2759 = DIRECTION('',(0.,0.,1.));
#2760 = PCURVE('',#2129,#2761);
#2761 = DEFINITIONAL_REPRESENTATION('',(#2762),#2766);
#2762 = LINE('',#2763,#2764);
#2763 = CARTESIAN_POINT('',(-1.570796326795,0.));
#2764 = VECTOR('',#2765,1.);
#2765 = DIRECTION('',(-0.,1.));
#2766 = ( GEOMETRIC_REPRESENTATION_CONTEXT(2) 
PARAMETRIC_REPRESENTATION_CONTEXT() REPRESENTATION_CONTEXT('2D SPACE',''
  ) );
#2767 = PCURVE('',#2159,#2768);
#2768 = DEFINITIONAL_REPRESENTATION('',(#2769),#2773);
#2769 = LINE('',#2770,#2771);
#2770 = CARTESIAN_POINT('',(0.,0.8));
#2771 = VECTOR('',#2772,1.);
#2772 = DIRECTION('',(1.,0.));
#2773 = ( GEOMETRIC_REPRESENTATION_CONTEXT(2) 
PARAMETRIC_REPRESENTATION_CONTEXT() REPRESENTATION_CONTEXT('2D SPACE',''
  ) );
#2774 = ORIENTED_EDGE('',*,*,#2114,.F.);
#2775 = ADVANCED_FACE('',(#2776),#2159,.F.);
#2776 = FACE_BOUND('',#2777,.F.);
#2777 = EDGE_LOOP('',(#2778,#2779,#2780,#2806));
#2778 = ORIENTED_EDGE('',*,*,#2145,.F.);
#2779 = ORIENTED_EDGE('',*,*,#2699,.F.);
#2780 = ORIENTED_EDGE('',*,*,#2781,.F.);
#2781 = EDGE_CURVE('',#2726,#2671,#2782,.T.);
#2782 = SURFACE_CURVE('',#2783,(#2787,#2794),.PCURVE_S1.);
#2783 = LINE('',#2784,#2785);
#2784 = CARTESIAN_POINT('',(47.,58.,24.8));
#2785 = VECTOR('',#2786,1.);
#2786 = DIRECTION('',(1.,0.,-0.));
#2787 = PCURVE('',#2159,#2788);
#2788 = DEFINITIONAL_REPRESENTATION('',(#2789),#2793);
#2789 = LINE('',#2790,#2791);
#2790 = CARTESIAN_POINT('',(0.8,0.));
#2791 = VECTOR('',#2792,1.);
#2792 = DIRECTION('',(0.,1.));
#2793 = ( GEOMETRIC_REPRESENTATION_CONTEXT(2) 
PARAMETRIC_REPRESENTATION_CONTEXT() REPRESENTATION_CONTEXT('2D SPACE',''
  ) );
#2794 = PCURVE('',#2795,#2800);
#2795 = CYLINDRICAL_SURFACE('',#2796,0.8);
#2796 = AXIS2_PLACEMENT_3D('',#2797,#2798,#2799);
#2797 = CARTESIAN_POINT('',(47.,57.2,24.8));
#2798 = DIRECTION('',(1.,0.,-0.));
#2799 = DIRECTION('',(0.,1.,0.));
#2800 = DEFINITIONAL_REPRESENTATION('',(#2801),#2805);
#2801 = LINE('',#2802,#2803);
#2802 = CARTESIAN_POINT('',(-0.,0.));
#2803 = VECTOR('',#2804,1.);
#2804 = DIRECTION('',(-0.,1.));
#2805 = ( GEOMETRIC_REPRESENTATION_CONTEXT(2) 
PARAMETRIC_REPRESENTATION_CONTEXT() REPRESENTATION_CONTEXT('2D SPACE',''
  ) );
#2806 = ORIENTED_EDGE('',*,*,#2754,.T.);
#2807 = ADVANCED_FACE('',(#2808),#2415,.F.);
#2808 = FACE_BOUND('',#2809,.F.);
#2809 = EDGE_LOOP('',(#2810,#2832,#2860,#2880));
#2810 = ORIENTED_EDGE('',*,*,#2811,.F.);
#2811 = EDGE_CURVE('',#2812,#2400,#2814,.T.);
#2812 = VERTEX_POINT('',#2813);
#2813 = CARTESIAN_POINT('',(47.8,12.8,24.));
#2814 = SURFACE_CURVE('',#2815,(#2820,#2826),.PCURVE_S1.);
#2815 = CIRCLE('',#2816,0.8);
#2816 = AXIS2_PLACEMENT_3D('',#2817,#2818,#2819);
#2817 = CARTESIAN_POINT('',(47.8,12.8,24.8));
#2818 = DIRECTION('',(-1.,0.,0.));
#2819 = DIRECTION('',(0.,-1.,0.));
#2820 = PCURVE('',#2415,#2821);
#2821 = DEFINITIONAL_REPRESENTATION('',(#2822),#2825);
#2822 = B_SPLINE_CURVE_WITH_KNOTS('',1,(#2823,#2824),.UNSPECIFIED.,.F.,
  .F.,(2,2),(4.712388980385,6.28318530718),.PIECEWISE_BEZIER_KNOTS.);
#2823 = CARTESIAN_POINT('',(1.570796326795,0.8));
#2824 = CARTESIAN_POINT('',(0.,0.8));
#2825 = ( GEOMETRIC_REPRESENTATION_CONTEXT(2) 
PARAMETRIC_REPRESENTATION_CONTEXT() REPRESENTATION_CONTEXT('2D SPACE',''
  ) );
#2826 = PCURVE('',#2524,#2827);
#2827 = DEFINITIONAL_REPRESENTATION('',(#2828),#2831);
#2828 = B_SPLINE_CURVE_WITH_KNOTS('',1,(#2829,#2830),.UNSPECIFIED.,.F.,
  .F.,(2,2),(4.712388980385,6.28318530718),.PIECEWISE_BEZIER_KNOTS.);
#2829 = CARTESIAN_POINT('',(0.,-1.570796326795));
#2830 = CARTESIAN_POINT('',(0.,0.));
#2831 = ( GEOMETRIC_REPRESENTATION_CONTEXT(2) 
PARAMETRIC_REPRESENTATION_CONTEXT() REPRESENTATION_CONTEXT('2D SPACE',''
  ) );
#2832 = ORIENTED_EDGE('',*,*,#2833,.T.);
#2833 = EDGE_CURVE('',#2812,#2834,#2836,.T.);
#2834 = VERTEX_POINT('',#2835);
#2835 = CARTESIAN_POINT('',(52.2,12.8,24.));
#2836 = SURFACE_CURVE('',#2837,(#2841,#2848),.PCURVE_S1.);
#2837 = LINE('',#2838,#2839);
#2838 = CARTESIAN_POINT('',(47.,12.8,24.));
#2839 = VECTOR('',#2840,1.);
#2840 = DIRECTION('',(1.,0.,-0.));
#2841 = PCURVE('',#2415,#2842);
#2842 = DEFINITIONAL_REPRESENTATION('',(#2843),#2847);
#2843 = LINE('',#2844,#2845);
#2844 = CARTESIAN_POINT('',(1.570796326795,0.));
#2845 = VECTOR('',#2846,1.);
#2846 = DIRECTION('',(0.,1.));
#2847 = ( GEOMETRIC_REPRESENTATION_CONTEXT(2) 
PARAMETRIC_REPRESENTATION_CONTEXT() REPRESENTATION_CONTEXT('2D SPACE',''
  ) );
#2848 = PCURVE('',#2849,#2854);
#2849 = PLANE('',#2850);
#2850 = AXIS2_PLACEMENT_3D('',#2851,#2852,#2853);
#2851 = CARTESIAN_POINT('',(47.,12.,24.));
#2852 = DIRECTION('',(0.,0.,1.));
#2853 = DIRECTION('',(1.,0.,-0.));
#2854 = DEFINITIONAL_REPRESENTATION('',(#2855),#2859);
#2855 = LINE('',#2856,#2857);
#2856 = CARTESIAN_POINT('',(0.,0.8));
#2857 = VECTOR('',#2858,1.);
#2858 = DIRECTION('',(1.,0.));
#2859 = ( GEOMETRIC_REPRESENTATION_CONTEXT(2) 
PARAMETRIC_REPRESENTATION_CONTEXT() REPRESENTATION_CONTEXT('2D SPACE',''
  ) );
#2860 = ORIENTED_EDGE('',*,*,#2861,.T.);
#2861 = EDGE_CURVE('',#2834,#2377,#2862,.T.);
#2862 = SURFACE_CURVE('',#2863,(#2868,#2874),.PCURVE_S1.);
#2863 = CIRCLE('',#2864,0.8);
#2864 = AXIS2_PLACEMENT_3D('',#2865,#2866,#2867);
#2865 = CARTESIAN_POINT('',(52.2,12.8,24.8));
#2866 = DIRECTION('',(-1.,0.,0.));
#2867 = DIRECTION('',(0.,-1.,0.));
#2868 = PCURVE('',#2415,#2869);
#2869 = DEFINITIONAL_REPRESENTATION('',(#2870),#2873);
#2870 = B_SPLINE_CURVE_WITH_KNOTS('',1,(#2871,#2872),.UNSPECIFIED.,.F.,
  .F.,(2,2),(4.712388980385,6.28318530718),.PIECEWISE_BEZIER_KNOTS.);
#2871 = CARTESIAN_POINT('',(1.570796326795,5.2));
#2872 = CARTESIAN_POINT('',(0.,5.2));
#2873 = ( GEOMETRIC_REPRESENTATION_CONTEXT(2) 
PARAMETRIC_REPRESENTATION_CONTEXT() REPRESENTATION_CONTEXT('2D SPACE',''
  ) );
#2874 = PCURVE('',#2469,#2875);
#2875 = DEFINITIONAL_REPRESENTATION('',(#2876),#2879);
#2876 = B_SPLINE_CURVE_WITH_KNOTS('',1,(#2877,#2878),.UNSPECIFIED.,.F.,
  .F.,(2,2),(4.712388980385,6.28318530718),.PIECEWISE_BEZIER_KNOTS.);
#2877 = CARTESIAN_POINT('',(0.,-1.570796326795));
#2878 = CARTESIAN_POINT('',(0.,0.));
#2879 = ( GEOMETRIC_REPRESENTATION_CONTEXT(2) 
PARAMETRIC_REPRESENTATION_CONTEXT() REPRESENTATION_CONTEXT('2D SPACE',''
  ) );
#2880 = ORIENTED_EDGE('',*,*,#2399,.F.);
#2881 = ADVANCED_FACE('',(#2882),#2469,.F.);
#2882 = FACE_BOUND('',#2883,.F.);
#2883 = EDGE_LOOP('',(#2884,#2885,#2905));
#2884 = ORIENTED_EDGE('',*,*,#2861,.F.);
#2885 = ORIENTED_EDGE('',*,*,#2886,.T.);
#2886 = EDGE_CURVE('',#2834,#2453,#2887,.T.);
#2887 = SURFACE_CURVE('',#2888,(#2893,#2899),.PCURVE_S1.);
#2888 = CIRCLE('',#2889,0.8);
#2889 = AXIS2_PLACEMENT_3D('',#2890,#2891,#2892);
#2890 = CARTESIAN_POINT('',(52.2,12.8,24.8));
#2891 = DIRECTION('',(-6.123233995737E-17,-1.,0.));
#2892 = DIRECTION('',(1.,-6.123233995737E-17,0.));
#2893 = PCURVE('',#2469,#2894);
#2894 = DEFINITIONAL_REPRESENTATION('',(#2895),#2898);
#2895 = B_SPLINE_CURVE_WITH_KNOTS('',1,(#2896,#2897),.UNSPECIFIED.,.F.,
  .F.,(2,2),(4.712388980385,6.28318530718),.PIECEWISE_BEZIER_KNOTS.);
#2896 = CARTESIAN_POINT('',(1.570796326795,-1.570796326795));
#2897 = CARTESIAN_POINT('',(1.570796326795,0.));
#2898 = ( GEOMETRIC_REPRESENTATION_CONTEXT(2) 
PARAMETRIC_REPRESENTATION_CONTEXT() REPRESENTATION_CONTEXT('2D SPACE',''
  ) );
#2899 = PCURVE('',#2579,#2900);
#2900 = DEFINITIONAL_REPRESENTATION('',(#2901),#2904);
#2901 = B_SPLINE_CURVE_WITH_KNOTS('',1,(#2902,#2903),.UNSPECIFIED.,.F.,
  .F.,(2,2),(4.712388980385,6.28318530718),.PIECEWISE_BEZIER_KNOTS.);
#2902 = CARTESIAN_POINT('',(1.570796326795,0.8));
#2903 = CARTESIAN_POINT('',(0.,0.8));
#2904 = ( GEOMETRIC_REPRESENTATION_CONTEXT(2) 
PARAMETRIC_REPRESENTATION_CONTEXT() REPRESENTATION_CONTEXT('2D SPACE',''
  ) );
#2905 = ORIENTED_EDGE('',*,*,#2452,.F.);
#2906 = ADVANCED_FACE('',(#2907),#2524,.F.);
#2907 = FACE_BOUND('',#2908,.T.);
#2908 = EDGE_LOOP('',(#2909,#2910,#2930));
#2909 = ORIENTED_EDGE('',*,*,#2811,.F.);
#2910 = ORIENTED_EDGE('',*,*,#2911,.T.);
#2911 = EDGE_CURVE('',#2812,#2508,#2912,.T.);
#2912 = SURFACE_CURVE('',#2913,(#2918,#2924),.PCURVE_S1.);
#2913 = CIRCLE('',#2914,0.8);
#2914 = AXIS2_PLACEMENT_3D('',#2915,#2916,#2917);
#2915 = CARTESIAN_POINT('',(47.8,12.8,24.8));
#2916 = DIRECTION('',(-6.123233995737E-17,1.,0.));
#2917 = DIRECTION('',(-1.,-6.123233995737E-17,0.));
#2918 = PCURVE('',#2524,#2919);
#2919 = DEFINITIONAL_REPRESENTATION('',(#2920),#2923);
#2920 = B_SPLINE_CURVE_WITH_KNOTS('',1,(#2921,#2922),.UNSPECIFIED.,.F.,
  .F.,(2,2),(4.712388980385,6.28318530718),.PIECEWISE_BEZIER_KNOTS.);
#2921 = CARTESIAN_POINT('',(-1.570796326795,-1.570796326795));
#2922 = CARTESIAN_POINT('',(-1.570796326795,0.));
#2923 = ( GEOMETRIC_REPRESENTATION_CONTEXT(2) 
PARAMETRIC_REPRESENTATION_CONTEXT() REPRESENTATION_CONTEXT('2D SPACE',''
  ) );
#2924 = PCURVE('',#2633,#2925);
#2925 = DEFINITIONAL_REPRESENTATION('',(#2926),#2929);
#2926 = B_SPLINE_CURVE_WITH_KNOTS('',1,(#2927,#2928),.UNSPECIFIED.,.F.,
  .F.,(2,2),(4.712388980385,6.28318530718),.PIECEWISE_BEZIER_KNOTS.);
#2927 = CARTESIAN_POINT('',(-1.570796326795,0.8));
#2928 = CARTESIAN_POINT('',(0.,0.8));
#2929 = ( GEOMETRIC_REPRESENTATION_CONTEXT(2) 
PARAMETRIC_REPRESENTATION_CONTEXT() REPRESENTATION_CONTEXT('2D SPACE',''
  ) );
#2930 = ORIENTED_EDGE('',*,*,#2507,.F.);
#2931 = ADVANCED_FACE('',(#2932),#2579,.F.);
#2932 = FACE_BOUND('',#2933,.F.);
#2933 = EDGE_LOOP('',(#2934,#2935,#2958,#2978));
#2934 = ORIENTED_EDGE('',*,*,#2886,.F.);
#2935 = ORIENTED_EDGE('',*,*,#2936,.T.);
#2936 = EDGE_CURVE('',#2834,#2937,#2939,.T.);
#2937 = VERTEX_POINT('',#2938);
#2938 = CARTESIAN_POINT('',(52.2,57.2,24.));
#2939 = SURFACE_CURVE('',#2940,(#2944,#2951),.PCURVE_S1.);
#2940 = LINE('',#2941,#2942);
#2941 = CARTESIAN_POINT('',(52.2,12.,24.));
#2942 = VECTOR('',#2943,1.);
#2943 = DIRECTION('',(-0.,1.,0.));
#2944 = PCURVE('',#2579,#2945);
#2945 = DEFINITIONAL_REPRESENTATION('',(#2946),#2950);
#2946 = LINE('',#2947,#2948);
#2947 = CARTESIAN_POINT('',(1.570796326795,0.));
#2948 = VECTOR('',#2949,1.);
#2949 = DIRECTION('',(0.,1.));
#2950 = ( GEOMETRIC_REPRESENTATION_CONTEXT(2) 
PARAMETRIC_REPRESENTATION_CONTEXT() REPRESENTATION_CONTEXT('2D SPACE',''
  ) );
#2951 = PCURVE('',#2849,#2952);
#2952 = DEFINITIONAL_REPRESENTATION('',(#2953),#2957);
#2953 = LINE('',#2954,#2955);
#2954 = CARTESIAN_POINT('',(5.2,0.));
#2955 = VECTOR('',#2956,1.);
#2956 = DIRECTION('',(0.,1.));
#2957 = ( GEOMETRIC_REPRESENTATION_CONTEXT(2) 
PARAMETRIC_REPRESENTATION_CONTEXT() REPRESENTATION_CONTEXT('2D SPACE',''
  ) );
#2958 = ORIENTED_EDGE('',*,*,#2959,.T.);
#2959 = EDGE_CURVE('',#2937,#2564,#2960,.T.);
#2960 = SURFACE_CURVE('',#2961,(#2966,#2972),.PCURVE_S1.);
#2961 = CIRCLE('',#2962,0.8);
#2962 = AXIS2_PLACEMENT_3D('',#2963,#2964,#2965);
#2963 = CARTESIAN_POINT('',(52.2,57.2,24.8));
#2964 = DIRECTION('',(0.,-1.,0.));
#2965 = DIRECTION('',(1.,0.,0.));
#2966 = PCURVE('',#2579,#2967);
#2967 = DEFINITIONAL_REPRESENTATION('',(#2968),#2971);
#2968 = B_SPLINE_CURVE_WITH_KNOTS('',1,(#2969,#2970),.UNSPECIFIED.,.F.,
  .F.,(2,2),(4.712388980385,6.28318530718),.PIECEWISE_BEZIER_KNOTS.);
#2969 = CARTESIAN_POINT('',(1.570796326795,45.2));
#2970 = CARTESIAN_POINT('',(0.,45.2));
#2971 = ( GEOMETRIC_REPRESENTATION_CONTEXT(2) 
PARAMETRIC_REPRESENTATION_CONTEXT() REPRESENTATION_CONTEXT('2D SPACE',''
  ) );
#2972 = PCURVE('',#2687,#2973);
#2973 = DEFINITIONAL_REPRESENTATION('',(#2974),#2977);
#2974 = B_SPLINE_CURVE_WITH_KNOTS('',1,(#2975,#2976),.UNSPECIFIED.,.F.,
  .F.,(2,2),(4.712388980385,6.28318530718),.PIECEWISE_BEZIER_KNOTS.);
#2975 = CARTESIAN_POINT('',(0.,-1.570796326795));
#2976 = CARTESIAN_POINT('',(0.,0.));
#2977 = ( GEOMETRIC_REPRESENTATION_CONTEXT(2) 
PARAMETRIC_REPRESENTATION_CONTEXT() REPRESENTATION_CONTEXT('2D SPACE',''
  ) );
#2978 = ORIENTED_EDGE('',*,*,#2563,.F.);
#2979 = ADVANCED_FACE('',(#2980),#2633,.F.);
#2980 = FACE_BOUND('',#2981,.T.);
#2981 = EDGE_LOOP('',(#2982,#2983,#3006,#3026));
#2982 = ORIENTED_EDGE('',*,*,#2911,.F.);
#2983 = ORIENTED_EDGE('',*,*,#2984,.T.);
#2984 = EDGE_CURVE('',#2812,#2985,#2987,.T.);
#2985 = VERTEX_POINT('',#2986);
#2986 = CARTESIAN_POINT('',(47.8,57.2,24.));
#2987 = SURFACE_CURVE('',#2988,(#2992,#2999),.PCURVE_S1.);
#2988 = LINE('',#2989,#2990);
#2989 = CARTESIAN_POINT('',(47.8,12.,24.));
#2990 = VECTOR('',#2991,1.);
#2991 = DIRECTION('',(-0.,1.,0.));
#2992 = PCURVE('',#2633,#2993);
#2993 = DEFINITIONAL_REPRESENTATION('',(#2994),#2998);
#2994 = LINE('',#2995,#2996);
#2995 = CARTESIAN_POINT('',(-1.570796326795,0.));
#2996 = VECTOR('',#2997,1.);
#2997 = DIRECTION('',(-0.,1.));
#2998 = ( GEOMETRIC_REPRESENTATION_CONTEXT(2) 
PARAMETRIC_REPRESENTATION_CONTEXT() REPRESENTATION_CONTEXT('2D SPACE',''
  ) );
#2999 = PCURVE('',#2849,#3000);
#3000 = DEFINITIONAL_REPRESENTATION('',(#3001),#3005);
#3001 = LINE('',#3002,#3003);
#3002 = CARTESIAN_POINT('',(0.8,0.));
#3003 = VECTOR('',#3004,1.);
#3004 = DIRECTION('',(0.,1.));
#3005 = ( GEOMETRIC_REPRESENTATION_CONTEXT(2) 
PARAMETRIC_REPRESENTATION_CONTEXT() REPRESENTATION_CONTEXT('2D SPACE',''
  ) );
#3006 = ORIENTED_EDGE('',*,*,#3007,.T.);
#3007 = EDGE_CURVE('',#2985,#2618,#3008,.T.);
#3008 = SURFACE_CURVE('',#3009,(#3014,#3020),.PCURVE_S1.);
#3009 = CIRCLE('',#3010,0.8);
#3010 = AXIS2_PLACEMENT_3D('',#3011,#3012,#3013);
#3011 = CARTESIAN_POINT('',(47.8,57.2,24.8));
#3012 = DIRECTION('',(0.,1.,-0.));
#3013 = DIRECTION('',(-1.,0.,0.));
#3014 = PCURVE('',#2633,#3015);
#3015 = DEFINITIONAL_REPRESENTATION('',(#3016),#3019);
#3016 = B_SPLINE_CURVE_WITH_KNOTS('',1,(#3017,#3018),.UNSPECIFIED.,.F.,
  .F.,(2,2),(4.712388980385,6.28318530718),.PIECEWISE_BEZIER_KNOTS.);
#3017 = CARTESIAN_POINT('',(-1.570796326795,45.2));
#3018 = CARTESIAN_POINT('',(0.,45.2));
#3019 = ( GEOMETRIC_REPRESENTATION_CONTEXT(2) 
PARAMETRIC_REPRESENTATION_CONTEXT() REPRESENTATION_CONTEXT('2D SPACE',''
  ) );
#3020 = PCURVE('',#2742,#3021);
#3021 = DEFINITIONAL_REPRESENTATION('',(#3022),#3025);
#3022 = B_SPLINE_CURVE_WITH_KNOTS('',1,(#3023,#3024),.UNSPECIFIED.,.F.,
  .F.,(2,2),(4.712388980385,6.28318530718),.PIECEWISE_BEZIER_KNOTS.);
#3023 = CARTESIAN_POINT('',(0.,-1.570796326795));
#3024 = CARTESIAN_POINT('',(0.,0.));
#3025 = ( GEOMETRIC_REPRESENTATION_CONTEXT(2) 
PARAMETRIC_REPRESENTATION_CONTEXT() REPRESENTATION_CONTEXT('2D SPACE',''
  ) );
#3026 = ORIENTED_EDGE('',*,*,#2617,.F.);
#3027 = ADVANCED_FACE('',(#3028),#2687,.F.);
#3028 = FACE_BOUND('',#3029,.F.);
#3029 = EDGE_LOOP('',(#3030,#3031,#3051));
#3030 = ORIENTED_EDGE('',*,*,#2959,.F.);
#3031 = ORIENTED_EDGE('',*,*,#3032,.T.);
#3032 = EDGE_CURVE('',#2937,#2671,#3033,.T.);
#3033 = SURFACE_CURVE('',#3034,(#3039,#3045),.PCURVE_S1.);
#3034 = CIRCLE('',#3035,0.8);
#3035 = AXIS2_PLACEMENT_3D('',#3036,#3037,#3038);
#3036 = CARTESIAN_POINT('',(52.2,57.2,24.8));
#3037 = DIRECTION('',(1.,-6.123233995737E-17,0.));
#3038 = DIRECTION('',(6.123233995737E-17,1.,0.));
#3039 = PCURVE('',#2687,#3040);
#3040 = DEFINITIONAL_REPRESENTATION('',(#3041),#3044);
#3041 = B_SPLINE_CURVE_WITH_KNOTS('',1,(#3042,#3043),.UNSPECIFIED.,.F.,
  .F.,(2,2),(4.712388980385,6.28318530718),.PIECEWISE_BEZIER_KNOTS.);
#3042 = CARTESIAN_POINT('',(1.570796326795,-1.570796326795));
#3043 = CARTESIAN_POINT('',(1.570796326795,0.));
#3044 = ( GEOMETRIC_REPRESENTATION_CONTEXT(2) 
PARAMETRIC_REPRESENTATION_CONTEXT() REPRESENTATION_CONTEXT('2D SPACE',''
  ) );
#3045 = PCURVE('',#2795,#3046);
#3046 = DEFINITIONAL_REPRESENTATION('',(#3047),#3050);
#3047 = B_SPLINE_CURVE_WITH_KNOTS('',1,(#3048,#3049),.UNSPECIFIED.,.F.,
  .F.,(2,2),(4.712388980385,6.28318530718),.PIECEWISE_BEZIER_KNOTS.);
#3048 = CARTESIAN_POINT('',(-1.570796326795,5.2));
#3049 = CARTESIAN_POINT('',(0.,5.2));
#3050 = ( GEOMETRIC_REPRESENTATION_CONTEXT(2) 
PARAMETRIC_REPRESENTATION_CONTEXT() REPRESENTATION_CONTEXT('2D SPACE',''
  ) );
#3051 = ORIENTED_EDGE('',*,*,#2670,.F.);
#3052 = ADVANCED_FACE('',(#3053),#2742,.F.);
#3053 = FACE_BOUND('',#3054,.T.);
#3054 = EDGE_LOOP('',(#3055,#3056,#3076));
#3055 = ORIENTED_EDGE('',*,*,#3007,.F.);
#3056 = ORIENTED_EDGE('',*,*,#3057,.T.);
#3057 = EDGE_CURVE('',#2985,#2726,#3058,.T.);
#3058 = SURFACE_CURVE('',#3059,(#3064,#3070),.PCURVE_S1.);
#3059 = CIRCLE('',#3060,0.8);
#3060 = AXIS2_PLACEMENT_3D('',#3061,#3062,#3063);
#3061 = CARTESIAN_POINT('',(47.8,57.2,24.8));
#3062 = DIRECTION('',(1.,6.123233995737E-17,-0.));
#3063 = DIRECTION('',(-6.123233995737E-17,1.,0.));
#3064 = PCURVE('',#2742,#3065);
#3065 = DEFINITIONAL_REPRESENTATION('',(#3066),#3069);
#3066 = B_SPLINE_CURVE_WITH_KNOTS('',1,(#3067,#3068),.UNSPECIFIED.,.F.,
  .F.,(2,2),(4.712388980385,6.28318530718),.PIECEWISE_BEZIER_KNOTS.);
#3067 = CARTESIAN_POINT('',(-1.570796326795,-1.570796326795));
#3068 = CARTESIAN_POINT('',(-1.570796326795,0.));
#3069 = ( GEOMETRIC_REPRESENTATION_CONTEXT(2) 
PARAMETRIC_REPRESENTATION_CONTEXT() REPRESENTATION_CONTEXT('2D SPACE',''
  ) );
#3070 = PCURVE('',#2795,#3071);
#3071 = DEFINITIONAL_REPRESENTATION('',(#3072),#3075);
#3072 = B_SPLINE_CURVE_WITH_KNOTS('',1,(#3073,#3074),.UNSPECIFIED.,.F.,
  .F.,(2,2),(4.712388980385,6.28318530718),.PIECEWISE_BEZIER_KNOTS.);
#3073 = CARTESIAN_POINT('',(-1.570796326795,0.8));
#3074 = CARTESIAN_POINT('',(0.,0.8));
#3075 = ( GEOMETRIC_REPRESENTATION_CONTEXT(2) 
PARAMETRIC_REPRESENTATION_CONTEXT() REPRESENTATION_CONTEXT('2D SPACE',''
  ) );
#3076 = ORIENTED_EDGE('',*,*,#2725,.F.);
#3077 = ADVANCED_FACE('',(#3078),#2795,.F.);
#3078 = FACE_BOUND('',#3079,.T.);
#3079 = EDGE_LOOP('',(#3080,#3081,#3102,#3103));
#3080 = ORIENTED_EDGE('',*,*,#3057,.F.);
#3081 = ORIENTED_EDGE('',*,*,#3082,.T.);
#3082 = EDGE_CURVE('',#2985,#2937,#3083,.T.);
#3083 = SURFACE_CURVE('',#3084,(#3088,#3095),.PCURVE_S1.);
#3084 = LINE('',#3085,#3086);
#3085 = CARTESIAN_POINT('',(47.,57.2,24.));
#3086 = VECTOR('',#3087,1.);
#3087 = DIRECTION('',(1.,0.,-0.));
#3088 = PCURVE('',#2795,#3089);
#3089 = DEFINITIONAL_REPRESENTATION('',(#3090),#3094);
#3090 = LINE('',#3091,#3092);
#3091 = CARTESIAN_POINT('',(-1.570796326795,0.));
#3092 = VECTOR('',#3093,1.);
#3093 = DIRECTION('',(-0.,1.));
#3094 = ( GEOMETRIC_REPRESENTATION_CONTEXT(2) 
PARAMETRIC_REPRESENTATION_CONTEXT() REPRESENTATION_CONTEXT('2D SPACE',''
  ) );
#3095 = PCURVE('',#2849,#3096);
#3096 = DEFINITIONAL_REPRESENTATION('',(#3097),#3101);
#3097 = LINE('',#3098,#3099);
#3098 = CARTESIAN_POINT('',(0.,45.2));
#3099 = VECTOR('',#3100,1.);
#3100 = DIRECTION('',(1.,0.));
#3101 = ( GEOMETRIC_REPRESENTATION_CONTEXT(2) 
PARAMETRIC_REPRESENTATION_CONTEXT() REPRESENTATION_CONTEXT('2D SPACE',''
  ) );
#3102 = ORIENTED_EDGE('',*,*,#3032,.T.);
#3103 = ORIENTED_EDGE('',*,*,#2781,.F.);
#3104 = ADVANCED_FACE('',(#3105),#2849,.T.);
#3105 = FACE_BOUND('',#3106,.T.);
#3106 = EDGE_LOOP('',(#3107,#3108,#3109,#3110));
#3107 = ORIENTED_EDGE('',*,*,#2833,.T.);
#3108 = ORIENTED_EDGE('',*,*,#2936,.T.);
#3109 = ORIENTED_EDGE('',*,*,#3082,.F.);
#3110 = ORIENTED_EDGE('',*,*,#2984,.F.);
#3111 = ( GEOMETRIC_REPRESENTATION_CONTEXT(3) 
GLOBAL_UNCERTAINTY_ASSIGNED_CONTEXT((#3115)) 
GLOBAL_UNIT_ASSIGNED_CONTEXT((#3112,#3113,#3114)) REPRESENTATION_CONTEXT
('Context #1','3D Context with UNIT and UNCERTAINTY') );
#3112 = ( LENGTH_UNIT() NAMED_UNIT(*) SI_UNIT(.MILLI.,.METRE.) );
#3113 = ( NAMED_UNIT(*) PLANE_ANGLE_UNIT() SI_UNIT($,.RADIAN.) );
#3114 = ( NAMED_UNIT(*) SI_UNIT($,.STERADIAN.) SOLID_ANGLE_UNIT() );
#3115 = UNCERTAINTY_MEASURE_WITH_UNIT(LENGTH_MEASURE(1.E-07),#3112,
  'distance_accuracy_value','confusion accuracy');
#3116 = PRODUCT_RELATED_PRODUCT_CATEGORY('part',$,(#7));
ENDSEC;
END-ISO-10303-21;
