kind,id,name,current,new,change %,unit,decision,basis,source
"material","mat-dc01","DC01","103.02","72.01","-30.1","₹/kg","updated","CR coil (commodity CRCA) — direct","https://indianmasterminds.com/news/india-steel-demand-apr-aug-2026-236706/ (2026-09)"
"material","mat-dc04","DC04 (CR4 Deep-Drawing)","87.17","72.01","-17.39","₹/kg","updated","CR coil (commodity CRCA) — direct","https://indianmasterminds.com/news/india-steel-demand-apr-aug-2026-236706/ (2026-09)"
"material","mat-dc05","DC05 (Extra-Deep-Drawing)","90.57","72.01","-20.49","₹/kg","updated","CR automotive grades — ladder ×1.000 (book £0.8 ÷ base £0.84)","https://indianmasterminds.com/news/india-steel-demand-apr-aug-2026-236706/ (2026-09) ; https://www.hellenicshippingnews.com/explained-steel-firms-renegotiating-auto-contracts-and-the-impact-on-stocks-consumers/ (n/a)"
"material","mat-dc06","DC06 (Super-Deep-Drawing IF)","96.23","72.87","-24.28","₹/kg","updated","CR automotive grades — ladder ×1.012 (book £0.85 ÷ base £0.84)","https://indianmasterminds.com/news/india-steel-demand-apr-aug-2026-236706/ (2026-09) ; https://www.hellenicshippingnews.com/explained-steel-firms-renegotiating-auto-contracts-and-the-impact-on-stocks-consumers/ (n/a)"
"material","mat-if-dx56","DX56D IF (Interstitial-Free)","113.21","85.73","-24.27","₹/kg","updated","CR automotive grades — ladder ×1.190 (book £1 ÷ base £0.84)","https://indianmasterminds.com/news/india-steel-demand-apr-aug-2026-236706/ (2026-09) ; https://www.hellenicshippingnews.com/explained-steel-firms-renegotiating-auto-contracts-and-the-impact-on-stocks-consumers/ (n/a)"
"material","mat-if-hs260","IF-HS 260 (High-Strength IF)","127.93","96.87","-24.28","₹/kg","updated","CR automotive grades — ladder ×1.345 (book £1.13 ÷ base £0.84)","https://indianmasterminds.com/news/india-steel-demand-apr-aug-2026-236706/ (2026-09) ; https://www.hellenicshippingnews.com/explained-steel-firms-renegotiating-auto-contracts-and-the-impact-on-stocks-consumers/ (n/a)"
"material","mat-bh260","BH260 (Bake-Hardening)","124.53","94.3","-24.28","₹/kg","updated","CR automotive grades — ladder ×1.310 (book £1.1 ÷ base £0.84)","https://indianmasterminds.com/news/india-steel-demand-apr-aug-2026-236706/ (2026-09) ; https://www.hellenicshippingnews.com/explained-steel-firms-renegotiating-auto-contracts-and-the-impact-on-stocks-consumers/ (n/a)"
"material","mat-greensteel-dc01","Low-CO₂ ""Green"" Steel (H₂-DRI, DC01 equiv.)","124.53","94.3","-24.28","₹/kg","updated","CR automotive grades — ladder ×1.310 (book £1.1 ÷ base £0.84)","https://indianmasterminds.com/news/india-steel-demand-apr-aug-2026-236706/ (2026-09) ; https://www.hellenicshippingnews.com/explained-steel-firms-renegotiating-auto-contracts-and-the-impact-on-stocks-consumers/ (n/a)"
"material","mat-hsla340","HSLA 340","134.72","102.01","-24.28","₹/kg","updated","CR automotive grades — ladder ×1.417 (book £1.19 ÷ base £0.84)","https://indianmasterminds.com/news/india-steel-demand-apr-aug-2026-236706/ (2026-09) ; https://www.hellenicshippingnews.com/explained-steel-firms-renegotiating-auto-contracts-and-the-impact-on-stocks-consumers/ (n/a)"
"material","mat-hsla420","HSLA 420 Sheet","146.04","110.59","-24.27","₹/kg","updated","CR automotive grades — ladder ×1.536 (book £1.29 ÷ base £0.84)","https://indianmasterminds.com/news/india-steel-demand-apr-aug-2026-236706/ (2026-09) ; https://www.hellenicshippingnews.com/explained-steel-firms-renegotiating-auto-contracts-and-the-impact-on-stocks-consumers/ (n/a)"
"material","mat-hsla550","HSLA 550","157.36","119.16","-24.28","₹/kg","updated","CR automotive grades — ladder ×1.655 (book £1.39 ÷ base £0.84)","https://indianmasterminds.com/news/india-steel-demand-apr-aug-2026-236706/ (2026-09) ; https://www.hellenicshippingnews.com/explained-steel-firms-renegotiating-auto-contracts-and-the-impact-on-stocks-consumers/ (n/a)"
"material","mat-dp600","DP600","147.17","111.44","-24.28","₹/kg","updated","CR automotive grades — ladder ×1.548 (book £1.3 ÷ base £0.84)","https://indianmasterminds.com/news/india-steel-demand-apr-aug-2026-236706/ (2026-09) ; https://www.hellenicshippingnews.com/explained-steel-firms-renegotiating-auto-contracts-and-the-impact-on-stocks-consumers/ (n/a)"
"material","mat-dp780","DP780","155.09","117.44","-24.28","₹/kg","updated","CR automotive grades — ladder ×1.631 (book £1.37 ÷ base £0.84)","https://indianmasterminds.com/news/india-steel-demand-apr-aug-2026-236706/ (2026-09) ; https://www.hellenicshippingnews.com/explained-steel-firms-renegotiating-auto-contracts-and-the-impact-on-stocks-consumers/ (n/a)"
"material","mat-dp980","DP980","169.81","128.59","-24.27","₹/kg","updated","CR automotive grades — ladder ×1.786 (book £1.5 ÷ base £0.84)","https://indianmasterminds.com/news/india-steel-demand-apr-aug-2026-236706/ (2026-09) ; https://www.hellenicshippingnews.com/explained-steel-firms-renegotiating-auto-contracts-and-the-impact-on-stocks-consumers/ (n/a)"
"material","mat-dp1000","DP1000","177.74","134.59","-24.28","₹/kg","updated","CR automotive grades — ladder ×1.869 (book £1.57 ÷ base £0.84)","https://indianmasterminds.com/news/india-steel-demand-apr-aug-2026-236706/ (2026-09) ; https://www.hellenicshippingnews.com/explained-steel-firms-renegotiating-auto-contracts-and-the-impact-on-stocks-consumers/ (n/a)"
"material","mat-trip780","TRIP780","164.15","124.3","-24.28","₹/kg","updated","CR automotive grades — ladder ×1.726 (book £1.45 ÷ base £0.84)","https://indianmasterminds.com/news/india-steel-demand-apr-aug-2026-236706/ (2026-09) ; https://www.hellenicshippingnews.com/explained-steel-firms-renegotiating-auto-contracts-and-the-impact-on-stocks-consumers/ (n/a)"
"material","mat-cp800","CP800 (Complex Phase)","161.89","122.59","-24.28","₹/kg","updated","CR automotive grades — ladder ×1.702 (book £1.43 ÷ base £0.84)","https://indianmasterminds.com/news/india-steel-demand-apr-aug-2026-236706/ (2026-09) ; https://www.hellenicshippingnews.com/explained-steel-firms-renegotiating-auto-contracts-and-the-impact-on-stocks-consumers/ (n/a)"
"material","mat-ms1200","MS1200 (Martensitic)","181.13","137.16","-24.28","₹/kg","updated","CR automotive grades — ladder ×1.905 (book £1.6 ÷ base £0.84)","https://indianmasterminds.com/news/india-steel-demand-apr-aug-2026-236706/ (2026-09) ; https://www.hellenicshippingnews.com/explained-steel-firms-renegotiating-auto-contracts-and-the-impact-on-stocks-consumers/ (n/a)"
"material","mat-ms1300","MS1300 (Martensitic)","189.06","143.16","-24.28","₹/kg","updated","CR automotive grades — ladder ×1.988 (book £1.67 ÷ base £0.84)","https://indianmasterminds.com/news/india-steel-demand-apr-aug-2026-236706/ (2026-09) ; https://www.hellenicshippingnews.com/explained-steel-firms-renegotiating-auto-contracts-and-the-impact-on-stocks-consumers/ (n/a)"
"material","mat-ms1500","MS1500 (Martensitic)","200.38","151.74","-24.27","₹/kg","updated","CR automotive grades — ladder ×2.107 (book £1.77 ÷ base £0.84)","https://indianmasterminds.com/news/india-steel-demand-apr-aug-2026-236706/ (2026-09) ; https://www.hellenicshippingnews.com/explained-steel-firms-renegotiating-auto-contracts-and-the-impact-on-stocks-consumers/ (n/a)"
"material","mat-qp980","QP980 (Quench & Partition)","195.85","148.31","-24.27","₹/kg","updated","CR automotive grades — ladder ×2.060 (book £1.73 ÷ base £0.84)","https://indianmasterminds.com/news/india-steel-demand-apr-aug-2026-236706/ (2026-09) ; https://www.hellenicshippingnews.com/explained-steel-firms-renegotiating-auto-contracts-and-the-impact-on-stocks-consumers/ (n/a)"
"material","mat-medmn1180","Medium-Mn 1180","203.77","154.31","-24.27","₹/kg","updated","CR automotive grades — ladder ×2.143 (book £1.8 ÷ base £0.84)","https://indianmasterminds.com/news/india-steel-demand-apr-aug-2026-236706/ (2026-09) ; https://www.hellenicshippingnews.com/explained-steel-firms-renegotiating-auto-contracts-and-the-impact-on-stocks-consumers/ (n/a)"
"material","mat-22mnb5","22MnB5 (Hot Press Forming / Boron Steel)","202.64","153.45","-24.27","₹/kg","updated","CR automotive grades — ladder ×2.131 (book £1.79 ÷ base £0.84)","https://indianmasterminds.com/news/india-steel-demand-apr-aug-2026-236706/ (2026-09) ; https://www.hellenicshippingnews.com/explained-steel-firms-renegotiating-auto-contracts-and-the-impact-on-stocks-consumers/ (n/a)"
"material","mat-usibor1500","Usibor 1500 (AlSi-coated 22MnB5)","226.42","171.45","-24.28","₹/kg","updated","CR automotive grades — ladder ×2.381 (book £2 ÷ base £0.84)","https://indianmasterminds.com/news/india-steel-demand-apr-aug-2026-236706/ (2026-09) ; https://www.hellenicshippingnews.com/explained-steel-firms-renegotiating-auto-contracts-and-the-impact-on-stocks-consumers/ (n/a)"
"material","mat-usibor2000","Usibor 2000","271.7","205.74","-24.28","₹/kg","updated","CR automotive grades — ladder ×2.857 (book £2.4 ÷ base £0.84)","https://indianmasterminds.com/news/india-steel-demand-apr-aug-2026-236706/ (2026-09) ; https://www.hellenicshippingnews.com/explained-steel-firms-renegotiating-auto-contracts-and-the-impact-on-stocks-consumers/ (n/a)"
"material","mat-c67s-spring","C67S / 1.1231 (CR Spring Strip)","181.13","137.16","-24.28","₹/kg","updated","CR automotive grades — ladder ×1.905 (book £1.6 ÷ base £0.84)","https://indianmasterminds.com/news/india-steel-demand-apr-aug-2026-236706/ (2026-09) ; https://www.hellenicshippingnews.com/explained-steel-firms-renegotiating-auto-contracts-and-the-impact-on-stocks-consumers/ (n/a)"
"material","mat-hrpo","HRPO (Hot Rolled Pickled & Oiled)","87.17","71.18","-18.34","₹/kg","updated","HR pickled & oiled — direct","https://www.tatanexarc.com/steel/steel-prices-in-india/ (2026-09 (derived)) ; https://www.tatanexarc.com/steel/steel-prices-in-india/ (2026-05)"
"material","mat-s355mc","S355MC Hot-Rolled Structural (EN 10149-2) — chassis, frames","90.57","66.99","-26.04","₹/kg","updated","HR structural — ladder ×1.039 (book £0.8 ÷ base £0.77)","https://indianmasterminds.com/news/india-steel-demand-apr-aug-2026-236706/ (2026-09)"
"material","mat-s420mc","S420MC Hot-Rolled Structural (EN 10149-2)","92.83","68.67","-26.03","₹/kg","updated","HR structural — ladder ×1.065 (book £0.82 ÷ base £0.77)","https://indianmasterminds.com/news/india-steel-demand-apr-aug-2026-236706/ (2026-09)"
"material","mat-dc01-gi","DC01 GI (Hot-dip Galvanised)","125.66","79.79","-36.5","₹/kg","updated","Coated sheet — ladder ×1.000 (book £1.11 ÷ base £1.11)","https://indianmasterminds.com/news/india-steel-demand-apr-aug-2026-236706/ (2026-09)"
"material","mat-dc03-ga","DC03 GA (Galvannealed)","130.19","82.67","-36.5","₹/kg","updated","Coated sheet — ladder ×1.036 (book £1.15 ÷ base £1.11)","https://indianmasterminds.com/news/india-steel-demand-apr-aug-2026-236706/ (2026-09)"
"material","mat-dc01-ze","DC01+ZE (Electrogalvanised)","110.94","79.79","-28.08","₹/kg","updated","Coated sheet — ladder ×1.000 (book £0.98 ÷ base £1.11)","https://indianmasterminds.com/news/india-steel-demand-apr-aug-2026-236706/ (2026-09)"
"material","mat-znni-eg","Zn-Ni Electrogalvanised","139.25","88.42","-36.5","₹/kg","updated","Coated sheet — ladder ×1.108 (book £1.23 ÷ base £1.11)","https://indianmasterminds.com/news/india-steel-demand-apr-aug-2026-236706/ (2026-09)"
"material","mat-zm-coated","ZM (Zn-Mg-Al) Coated","135.85","86.26","-36.5","₹/kg","updated","Coated sheet — ladder ×1.081 (book £1.2 ÷ base £1.11)","https://indianmasterminds.com/news/india-steel-demand-apr-aug-2026-236706/ (2026-09)"
"material","mat-tinplate-etp","Tinplate (ETP)","152.83","97.04","-36.5","₹/kg","updated","Coated sheet — ladder ×1.216 (book £1.35 ÷ base £1.11)","https://indianmasterminds.com/news/india-steel-demand-apr-aug-2026-236706/ (2026-09)"
"material","mat-en8","EN8 / 080M40 (Medium Carbon)","110.94","82.9","-25.27","₹/kg","updated","Carbon / alloy bar and forging stock — ladder ×1.140 (book £0.98 ÷ base £0.86)","https://www.bigmint.co/intel/detail/india-alloy-steel-round-bar-prices-remain-stable-w-o-w-36412 (2026-04-22) ; https://dir.indiamart.com/pune/alloy-steel-bars.html (undated listings)"
"material","mat-steel1045","1045 / C45 / 080M46 (Medium-Carbon Steel)","107.55","80.36","-25.28","₹/kg","updated","Carbon / alloy bar and forging stock — ladder ×1.105 (book £0.95 ÷ base £0.86)","https://www.bigmint.co/intel/detail/india-alloy-steel-round-bar-prices-remain-stable-w-o-w-36412 (2026-04-22) ; https://dir.indiamart.com/pune/alloy-steel-bars.html (undated listings)"
"material","mat-steel-c45","C45 / 1045 / CK45 (medium-carbon forging steel)","97.36","72.75","-25.28","₹/kg","updated","Carbon / alloy bar and forging stock — ladder ×1.000 (book £0.86 ÷ base £0.86)","https://www.bigmint.co/intel/detail/india-alloy-steel-round-bar-prices-remain-stable-w-o-w-36412 (2026-04-22) ; https://dir.indiamart.com/pune/alloy-steel-bars.html (undated listings)"
"material","mat-steel-c35","C35 / 1035 (medium-carbon forging steel)","96.23","72.75","-24.4","₹/kg","updated","Carbon / alloy bar and forging stock — ladder ×1.000 (book £0.85 ÷ base £0.86)","https://www.bigmint.co/intel/detail/india-alloy-steel-round-bar-prices-remain-stable-w-o-w-36412 (2026-04-22) ; https://dir.indiamart.com/pune/alloy-steel-bars.html (undated listings)"
"material","mat-steel1020","1020 / S20C","92.83","72.75","-21.63","₹/kg","updated","Carbon / alloy bar and forging stock — ladder ×1.000 (book £0.82 ÷ base £0.86)","https://www.bigmint.co/intel/detail/india-alloy-steel-round-bar-prices-remain-stable-w-o-w-36412 (2026-04-22) ; https://dir.indiamart.com/pune/alloy-steel-bars.html (undated listings)"
"material","mat-steel-a105","ASTM A105 (carbon steel for flanges and valve bodies)","95.09","72.75","-23.49","₹/kg","updated","Carbon / alloy bar and forging stock — ladder ×1.000 (book £0.84 ÷ base £0.86)","https://www.bigmint.co/intel/detail/india-alloy-steel-round-bar-prices-remain-stable-w-o-w-36412 (2026-04-22) ; https://dir.indiamart.com/pune/alloy-steel-bars.html (undated listings)"
"material","mat-steel-c70s6","C70S6 (fracture-split con-rod steel)","104.15","77.83","-25.27","₹/kg","updated","Carbon / alloy bar and forging stock — ladder ×1.070 (book £0.92 ÷ base £0.86)","https://www.bigmint.co/intel/detail/india-alloy-steel-round-bar-prices-remain-stable-w-o-w-36412 (2026-04-22) ; https://dir.indiamart.com/pune/alloy-steel-bars.html (undated listings)"
"material","mat-steel1141","1141 / 1144 (Free-Machining)","118.87","88.82","-25.28","₹/kg","updated","Carbon / alloy bar and forging stock — ladder ×1.221 (book £1.05 ÷ base £0.86)","https://www.bigmint.co/intel/detail/india-alloy-steel-round-bar-prices-remain-stable-w-o-w-36412 (2026-04-22) ; https://dir.indiamart.com/pune/alloy-steel-bars.html (undated listings)"
"material","mat-steel-en3-bar","EN3B / 1020 / S235 Bright Mild Steel Bar","106.42","79.52","-25.28","₹/kg","updated","Carbon / alloy bar and forging stock — ladder ×1.093 (book £0.94 ÷ base £0.86)","https://www.bigmint.co/intel/detail/india-alloy-steel-round-bar-prices-remain-stable-w-o-w-36412 (2026-04-22) ; https://dir.indiamart.com/pune/alloy-steel-bars.html (undated listings)"
"material","mat-steel-11smnpb30","11SMnPb30 / 12L14 Free-Cutting Steel Bar","132.45","98.97","-25.28","₹/kg","updated","Carbon / alloy bar and forging stock — ladder ×1.360 (book £1.17 ÷ base £0.86)","https://www.bigmint.co/intel/detail/india-alloy-steel-round-bar-prices-remain-stable-w-o-w-36412 (2026-04-22) ; https://dir.indiamart.com/pune/alloy-steel-bars.html (undated listings)"
"material","mat-steel-30mnvs6","30MnVS6 / 46MnVS3 (microalloyed, controlled-cooled)","130.19","97.28","-25.28","₹/kg","updated","Carbon / alloy bar and forging stock — ladder ×1.337 (book £1.15 ÷ base £0.86)","https://www.bigmint.co/intel/detail/india-alloy-steel-round-bar-prices-remain-stable-w-o-w-36412 (2026-04-22) ; https://dir.indiamart.com/pune/alloy-steel-bars.html (undated listings)"
"material","mat-steel-38mnvs6","38MnVS6 (Microalloyed)","130.19","97.28","-25.28","₹/kg","updated","Carbon / alloy bar and forging stock — ladder ×1.337 (book £1.15 ÷ base £0.86)","https://www.bigmint.co/intel/detail/india-alloy-steel-round-bar-prices-remain-stable-w-o-w-36412 (2026-04-22) ; https://dir.indiamart.com/pune/alloy-steel-bars.html (undated listings)"
"material","mat-steel-42crmo4","42CrMo4 / 4140 / 1.7225 (Cr-Mo QT steel)","182.26","136.19","-25.28","₹/kg","updated","Carbon / alloy bar and forging stock — ladder ×1.872 (book £1.61 ÷ base £0.86)","https://www.bigmint.co/intel/detail/india-alloy-steel-round-bar-prices-remain-stable-w-o-w-36412 (2026-04-22) ; https://dir.indiamart.com/pune/alloy-steel-bars.html (undated listings)"
"material","mat-steel4140","4140 / 42CrMo4 / EN19 (Chromoly Alloy Steel)","136.98","136.19","-0.58","₹/kg","updated","Carbon / alloy bar and forging stock — ladder ×1.872 (book £1.61 [mat-steel-42crmo4] ÷ base £0.86)","https://www.bigmint.co/intel/detail/india-alloy-steel-round-bar-prices-remain-stable-w-o-w-36412 (2026-04-22) ; https://dir.indiamart.com/pune/alloy-steel-bars.html (undated listings)"
"material","mat-steel4340","4340 / EN24 / 817M40 (Ni-Cr-Mo Alloy Steel)","164.15","122.66","-25.28","₹/kg","updated","Carbon / alloy bar and forging stock — ladder ×1.686 (book £1.45 ÷ base £0.86)","https://www.bigmint.co/intel/detail/india-alloy-steel-round-bar-prices-remain-stable-w-o-w-36412 (2026-04-22) ; https://dir.indiamart.com/pune/alloy-steel-bars.html (undated listings)"
"material","mat-steel4130","4130 / 25CrMo4","181.13","135.35","-25.27","₹/kg","updated","Carbon / alloy bar and forging stock — ladder ×1.860 (book £1.6 ÷ base £0.86)","https://www.bigmint.co/intel/detail/india-alloy-steel-round-bar-prices-remain-stable-w-o-w-36412 (2026-04-22) ; https://dir.indiamart.com/pune/alloy-steel-bars.html (undated listings)"
"material","mat-steel8620","8620 (Case-Hardening)","169.81","126.89","-25.28","₹/kg","updated","Carbon / alloy bar and forging stock — ladder ×1.744 (book £1.5 ÷ base £0.86)","https://www.bigmint.co/intel/detail/india-alloy-steel-round-bar-prices-remain-stable-w-o-w-36412 (2026-04-22) ; https://dir.indiamart.com/pune/alloy-steel-bars.html (undated listings)"
"material","mat-steel-20mncr5","20MnCr5 (Gear Steel)","167.55","125.2","-25.28","₹/kg","updated","Carbon / alloy bar and forging stock — ladder ×1.721 (book £1.48 ÷ base £0.86)","https://www.bigmint.co/intel/detail/india-alloy-steel-round-bar-prices-remain-stable-w-o-w-36412 (2026-04-22) ; https://dir.indiamart.com/pune/alloy-steel-bars.html (undated listings)"
"material","mat-steel-16mncr5","16MnCr5 / 1.7131 (case-hardening)","167.55","125.2","-25.28","₹/kg","updated","Carbon / alloy bar and forging stock — ladder ×1.721 (book £1.48 ÷ base £0.86)","https://www.bigmint.co/intel/detail/india-alloy-steel-round-bar-prices-remain-stable-w-o-w-36412 (2026-04-22) ; https://dir.indiamart.com/pune/alloy-steel-bars.html (undated listings)"
"material","mat-steel-41cr4","41Cr4 / 5140 / 1.7035 (Cr QT steel)","167.55","125.2","-25.28","₹/kg","updated","Carbon / alloy bar and forging stock — ladder ×1.721 (book £1.48 ÷ base £0.86)","https://www.bigmint.co/intel/detail/india-alloy-steel-round-bar-prices-remain-stable-w-o-w-36412 (2026-04-22) ; https://dir.indiamart.com/pune/alloy-steel-bars.html (undated listings)"
"material","mat-steel-34crnimo6","34CrNiMo6 / 1.6582 (Ni-Cr-Mo QT steel)","204.91","153.11","-25.28","₹/kg","updated","Carbon / alloy bar and forging stock — ladder ×2.105 (book £1.81 ÷ base £0.86)","https://www.bigmint.co/intel/detail/india-alloy-steel-round-bar-prices-remain-stable-w-o-w-36412 (2026-04-22) ; https://dir.indiamart.com/pune/alloy-steel-bars.html (undated listings)"
"material","mat-steel-18crnimo7-6","18CrNiMo7-6 / 1.6587 (case-hardening, heavy gears)","211.7","158.19","-25.28","₹/kg","updated","Carbon / alloy bar and forging stock — ladder ×2.174 (book £1.87 ÷ base £0.86)","https://www.bigmint.co/intel/detail/india-alloy-steel-round-bar-prices-remain-stable-w-o-w-36412 (2026-04-22) ; https://dir.indiamart.com/pune/alloy-steel-bars.html (undated listings)"
"material","mat-steel-52100","52100 / 100Cr6 (Bearing Steel)","192.45","143.81","-25.27","₹/kg","updated","Carbon / alloy bar and forging stock — ladder ×1.977 (book £1.7 ÷ base £0.86)","https://www.bigmint.co/intel/detail/india-alloy-steel-round-bar-prices-remain-stable-w-o-w-36412 (2026-04-22) ; https://dir.indiamart.com/pune/alloy-steel-bars.html (undated listings)"
"material","mat-steel-f22","ASTM A182 F22 (2.25Cr-1Mo, pressure forgings)","237.74","177.65","-25.28","₹/kg","updated","Carbon / alloy bar and forging stock — ladder ×2.442 (book £2.1 ÷ base £0.86)","https://www.bigmint.co/intel/detail/india-alloy-steel-round-bar-prices-remain-stable-w-o-w-36412 (2026-04-22) ; https://dir.indiamart.com/pune/alloy-steel-bars.html (undated listings)"
"material","mat-steel-300m","300M (UHS Aerospace)","430.19","321.45","-25.28","₹/kg","updated","Carbon / alloy bar and forging stock — ladder ×4.419 (book £3.8 ÷ base £0.86)","https://www.bigmint.co/intel/detail/india-alloy-steel-round-bar-prices-remain-stable-w-o-w-36412 (2026-04-22) ; https://dir.indiamart.com/pune/alloy-steel-bars.html (undated listings)"
"material","mat-ss316l-bar","316L (Austenitic Stainless Bar)","716.61","340","-52.55","₹/kg","updated","Stainless forging bar — ladder ×1.000 (book £6.33 ÷ base £6.33)","https://www.bigmint.co/insights/detail/india-stainless-steel-finished-prices-ease-w-o-w-on-weak-demand-softening-nickel-prices-765276 (2026-06 (approx.))"
"material","mat-ss304l-bar","304L (Austenitic Stainless Bar)","535.47","254.06","-52.55","₹/kg","updated","Stainless forging bar — ladder ×0.747 (book £4.73 ÷ base £6.33)","https://www.bigmint.co/insights/detail/india-stainless-steel-finished-prices-ease-w-o-w-on-weak-demand-softening-nickel-prices-765276 (2026-06 (approx.))"
"material","mat-ss410-bar","410 (Martensitic Stainless Bar)","410.95","194.98","-52.55","₹/kg","updated","Stainless forging bar — ladder ×0.573 (book £3.63 ÷ base £6.33)","https://www.bigmint.co/insights/detail/india-stainless-steel-finished-prices-ease-w-o-w-on-weak-demand-softening-nickel-prices-765276 (2026-06 (approx.))"
"material","mat-ss420-bar","420 / 1.4021 (martensitic stainless forging bar)","412.08","195.51","-52.56","₹/kg","updated","Stainless forging bar — ladder ×0.575 (book £3.64 ÷ base £6.33)","https://www.bigmint.co/insights/detail/india-stainless-steel-finished-prices-ease-w-o-w-on-weak-demand-softening-nickel-prices-765276 (2026-06 (approx.))"
"material","mat-ss431-bar","431 / 1.4057 (martensitic Ni stainless forging bar)","447.17","212.16","-52.55","₹/kg","updated","Stainless forging bar — ladder ×0.624 (book £3.95 ÷ base £6.33)","https://www.bigmint.co/insights/detail/india-stainless-steel-finished-prices-ease-w-o-w-on-weak-demand-softening-nickel-prices-765276 (2026-06 (approx.))"
"material","mat-ss17-4ph-bar","17-4PH (PH Stainless Bar)","1052.83","499.53","-52.55","₹/kg","updated","Stainless forging bar — ladder ×1.469 (book £9.3 ÷ base £6.33)","https://www.bigmint.co/insights/detail/india-stainless-steel-finished-prices-ease-w-o-w-on-weak-demand-softening-nickel-prices-765276 (2026-06 (approx.))"
"material","mat-ss15-5ph-bar","15-5PH (PH Stainless Bar)","1120.76","531.75","-52.55","₹/kg","updated","Stainless forging bar — ladder ×1.564 (book £9.9 ÷ base £6.33)","https://www.bigmint.co/insights/detail/india-stainless-steel-finished-prices-ease-w-o-w-on-weak-demand-softening-nickel-prices-765276 (2026-06 (approx.))"
"material","mat-ss2205-bar","2205 / 1.4462 / F51 (duplex stainless forging bar)","725.66","344.3","-52.55","₹/kg","updated","Stainless forging bar — ladder ×1.013 (book £6.41 ÷ base £6.33)","https://www.bigmint.co/insights/detail/india-stainless-steel-finished-prices-ease-w-o-w-on-weak-demand-softening-nickel-prices-765276 (2026-06 (approx.))"
"material","mat-ss316l","316L","447.17","340","-23.97","₹/kg","updated","Stainless machining bar — ladder ×1.000 (book £3.95 ÷ base £3.95)","https://www.bigmint.co/insights/detail/india-stainless-steel-finished-prices-ease-w-o-w-on-weak-demand-softening-nickel-prices-765276 (2026-06 (approx.))"
"material","mat-ss304-bar","304 Stainless Bar","399.62","303.85","-23.97","₹/kg","updated","Stainless machining bar — ladder ×0.894 (book £3.53 ÷ base £3.95)","https://www.bigmint.co/insights/detail/india-stainless-steel-finished-prices-ease-w-o-w-on-weak-demand-softening-nickel-prices-765276 (2026-06 (approx.))"
"material","mat-ss303","303 Free-Machining Stainless Bar","433.59","329.67","-23.97","₹/kg","updated","Stainless machining bar — ladder ×0.970 (book £3.83 ÷ base £3.95)","https://www.bigmint.co/insights/detail/india-stainless-steel-finished-prices-ease-w-o-w-on-weak-demand-softening-nickel-prices-765276 (2026-06 (approx.))"
"material","mat-ss416-bar","416 / 1.4005 Free-Machining Martensitic Stainless Bar","444.91","338.28","-23.97","₹/kg","updated","Stainless machining bar — ladder ×0.995 (book £3.93 ÷ base £3.95)","https://www.bigmint.co/insights/detail/india-stainless-steel-finished-prices-ease-w-o-w-on-weak-demand-softening-nickel-prices-765276 (2026-06 (approx.))"
"material","mat-ss316-sheet","AISI 316L Stainless Sheet","513.96","395","-23.15","₹/kg","updated","316L sheet — direct","https://www.bigmint.co/insights/detail/india-stainless-steel-finished-prices-ease-w-o-w-on-weak-demand-softening-nickel-prices-765276 (2026-06 (approx.))"
"material","mat-ss304-sheet","304L Stainless Sheet","395.1","219.5","-44.44","₹/kg","updated","304L sheet — direct","https://nexizo.ai/stainless-steel-category (2026-07-01)"
"material","mat-ss301-spring","301 Spring-Temper Stainless Strip","512.83","284.91","-44.44","₹/kg","updated","301 spring strip — ladder ×1.298 (book £4.53 ÷ base £3.49)","https://nexizo.ai/stainless-steel-category (2026-07-01)"
"material","mat-aisi430","AISI 430 Ferritic SS Sheet","336.23","133.91","-60.17","₹/kg","updated","430 ferritic sheet — direct","https://www.sakysteel.com/news/china-stainless-steel-market-price-update-september-9-2026 (2026-09-09)"
"material","mat-ss409l-sheet","409L / 1.4512 Ferritic Stainless Sheet (exhaust)","322.64","134.28","-58.38","₹/kg","updated","409L / 441 ferritic sheet — ladder ×1.000 (book £2.85 ÷ base £2.85)","https://www.sakysteel.com/news/china-stainless-steel-market-price-update-september-9-2026 (2026-09-09)"
"material","mat-ss441-sheet","441 / 1.4509 Ferritic Stainless Sheet (hot exhaust)","357.74","148.89","-58.38","₹/kg","updated","409L / 441 ferritic sheet — ladder ×1.109 (book £3.16 ÷ base £2.85)","https://www.sakysteel.com/news/china-stainless-steel-market-price-update-september-9-2026 (2026-09-09)"
"material","mat-gjs500","EN-GJS-500-7 (Ductile Iron)","97.36","46.01","-52.74","₹/kg","updated","Ductile / CGI / ADI / SiMo iron (charge) — ladder ×1.000 (book £0.86 ÷ base £0.86)","https://matsc.ktu.lt/index.php/MatSc/article/view/26589/13665 (2026-10 (inputs Apr-Oct 2026)) ; https://www.bigmint.co/insights/detail/india-pig-iron-prices-rise-in-september-as-exports-input-costs-hurt-availability-796063 (2026-10-06) ; https://www.bigmint.co/insights/detail/india-foundry-scrap-market-remains-under-pressure-low-manganese-cr-busheling-sees-sharper-correction-758327 (2026-04 to 2026-07)"
"material","mat-gjs400","EN-GJS-400-15 (Ductile Iron)","92.83","43.87","-52.74","₹/kg","updated","Ductile / CGI / ADI / SiMo iron (charge) — ladder ×0.953 (book £0.82 ÷ base £0.86)","https://matsc.ktu.lt/index.php/MatSc/article/view/26589/13665 (2026-10 (inputs Apr-Oct 2026)) ; https://www.bigmint.co/insights/detail/india-pig-iron-prices-rise-in-september-as-exports-input-costs-hurt-availability-796063 (2026-10-06) ; https://www.bigmint.co/insights/detail/india-foundry-scrap-market-remains-under-pressure-low-manganese-cr-busheling-sees-sharper-correction-758327 (2026-04 to 2026-07)"
"material","mat-gjs450-ssf","EN-GJS-450-10 (solution-strengthened ferritic ductile, EN 1563:2018)","93.96","44.4","-52.75","₹/kg","updated","Ductile / CGI / ADI / SiMo iron (charge) — ladder ×0.965 (book £0.83 ÷ base £0.86)","https://matsc.ktu.lt/index.php/MatSc/article/view/26589/13665 (2026-10 (inputs Apr-Oct 2026)) ; https://www.bigmint.co/insights/detail/india-pig-iron-prices-rise-in-september-as-exports-input-costs-hurt-availability-796063 (2026-10-06) ; https://www.bigmint.co/insights/detail/india-foundry-scrap-market-remains-under-pressure-low-manganese-cr-busheling-sees-sharper-correction-758327 (2026-04 to 2026-07)"
"material","mat-gjs500-14","EN-GJS-500-14 (solution-strengthened ferritic ductile, EN 1563:2018 — knuckles, carriers)","95.09","44.94","-52.74","₹/kg","updated","Ductile / CGI / ADI / SiMo iron (charge) — ladder ×0.977 (book £0.84 ÷ base £0.86)","https://matsc.ktu.lt/index.php/MatSc/article/view/26589/13665 (2026-10 (inputs Apr-Oct 2026)) ; https://www.bigmint.co/insights/detail/india-pig-iron-prices-rise-in-september-as-exports-input-costs-hurt-availability-796063 (2026-10-06) ; https://www.bigmint.co/insights/detail/india-foundry-scrap-market-remains-under-pressure-low-manganese-cr-busheling-sees-sharper-correction-758327 (2026-04 to 2026-07)"
"material","mat-gjs600","EN-GJS-600-3 (Ductile Iron Hi-Strength)","101.89","48.15","-52.74","₹/kg","updated","Ductile / CGI / ADI / SiMo iron (charge) — ladder ×1.047 (book £0.9 ÷ base £0.86)","https://matsc.ktu.lt/index.php/MatSc/article/view/26589/13665 (2026-10 (inputs Apr-Oct 2026)) ; https://www.bigmint.co/insights/detail/india-pig-iron-prices-rise-in-september-as-exports-input-costs-hurt-availability-796063 (2026-10-06) ; https://www.bigmint.co/insights/detail/india-foundry-scrap-market-remains-under-pressure-low-manganese-cr-busheling-sees-sharper-correction-758327 (2026-04 to 2026-07)"
"material","mat-gjs700","EN-GJS-700-2 (Ductile Iron Hi-Strength)","107.55","50.83","-52.74","₹/kg","updated","Ductile / CGI / ADI / SiMo iron (charge) — ladder ×1.105 (book £0.95 ÷ base £0.86)","https://matsc.ktu.lt/index.php/MatSc/article/view/26589/13665 (2026-10 (inputs Apr-Oct 2026)) ; https://www.bigmint.co/insights/detail/india-pig-iron-prices-rise-in-september-as-exports-input-costs-hurt-availability-796063 (2026-10-06) ; https://www.bigmint.co/insights/detail/india-foundry-scrap-market-remains-under-pressure-low-manganese-cr-busheling-sees-sharper-correction-758327 (2026-04 to 2026-07)"
"material","mat-gjs350-lt","EN-GJS-350-22-LT (low-temperature ferritic ductile — wind hubs, impact-tested parts)","98.49","46.55","-52.74","₹/kg","updated","Ductile / CGI / ADI / SiMo iron (charge) — ladder ×1.012 (book £0.87 ÷ base £0.86)","https://matsc.ktu.lt/index.php/MatSc/article/view/26589/13665 (2026-10 (inputs Apr-Oct 2026)) ; https://www.bigmint.co/insights/detail/india-pig-iron-prices-rise-in-september-as-exports-input-costs-hurt-availability-796063 (2026-10-06) ; https://www.bigmint.co/insights/detail/india-foundry-scrap-market-remains-under-pressure-low-manganese-cr-busheling-sees-sharper-correction-758327 (2026-04 to 2026-07)"
"material","mat-simo","EN-GJS-SiMo (Heat-Resistant Ductile)","152.83","72.23","-52.74","₹/kg","updated","Ductile / CGI / ADI / SiMo iron (charge) — ladder ×1.570 (book £1.35 ÷ base £0.86)","https://matsc.ktu.lt/index.php/MatSc/article/view/26589/13665 (2026-10 (inputs Apr-Oct 2026)) ; https://www.bigmint.co/insights/detail/india-pig-iron-prices-rise-in-september-as-exports-input-costs-hurt-availability-796063 (2026-10-06) ; https://www.bigmint.co/insights/detail/india-foundry-scrap-market-remains-under-pressure-low-manganese-cr-busheling-sees-sharper-correction-758327 (2026-04 to 2026-07)"
"material","mat-adi","EN-GJS-800 ADI (Austempered Ductile Iron)","178.87","84.53","-52.74","₹/kg","updated","Ductile / CGI / ADI / SiMo iron (charge) — ladder ×1.837 (book £1.58 ÷ base £0.86)","https://matsc.ktu.lt/index.php/MatSc/article/view/26589/13665 (2026-10 (inputs Apr-Oct 2026)) ; https://www.bigmint.co/insights/detail/india-pig-iron-prices-rise-in-september-as-exports-input-costs-hurt-availability-796063 (2026-10-06) ; https://www.bigmint.co/insights/detail/india-foundry-scrap-market-remains-under-pressure-low-manganese-cr-busheling-sees-sharper-correction-758327 (2026-04 to 2026-07)"
"material","mat-gjv450","EN-GJV-450 (Compacted Graphite Iron)","126.79","59.92","-52.74","₹/kg","updated","Ductile / CGI / ADI / SiMo iron (charge) — ladder ×1.302 (book £1.12 ÷ base £0.86)","https://matsc.ktu.lt/index.php/MatSc/article/view/26589/13665 (2026-10 (inputs Apr-Oct 2026)) ; https://www.bigmint.co/insights/detail/india-pig-iron-prices-rise-in-september-as-exports-input-costs-hurt-availability-796063 (2026-10-06) ; https://www.bigmint.co/insights/detail/india-foundry-scrap-market-remains-under-pressure-low-manganese-cr-busheling-sees-sharper-correction-758327 (2026-04 to 2026-07)"
"material","mat-gjv500","EN-GJV-500 (Compacted Graphite Iron, high strength — diesel blocks, heads)","130.19","61.52","-52.75","₹/kg","updated","Ductile / CGI / ADI / SiMo iron (charge) — ladder ×1.337 (book £1.15 ÷ base £0.86)","https://matsc.ktu.lt/index.php/MatSc/article/view/26589/13665 (2026-10 (inputs Apr-Oct 2026)) ; https://www.bigmint.co/insights/detail/india-pig-iron-prices-rise-in-september-as-exports-input-costs-hurt-availability-796063 (2026-10-06) ; https://www.bigmint.co/insights/detail/india-foundry-scrap-market-remains-under-pressure-low-manganese-cr-busheling-sees-sharper-correction-758327 (2026-04 to 2026-07)"
"material","mat-gjl250","EN-GJL-250","72.45","42.6","-41.2","₹/kg","updated","Grey / malleable iron (charge) — ladder ×1.000 (book £0.64 ÷ base £0.64)","https://www.bigmint.co/insights/detail/india-pig-iron-prices-rise-in-september-as-exports-input-costs-hurt-availability-796063 (2026-10 (inputs Apr-Oct 2026))"
"material","mat-gjl150","EN-GJL-150 (Grey Iron, low grade — covers, counterweights, bases)","63.4","37.28","-41.2","₹/kg","updated","Grey / malleable iron (charge) — ladder ×0.875 (book £0.56 ÷ base £0.64)","https://www.bigmint.co/insights/detail/india-pig-iron-prices-rise-in-september-as-exports-input-costs-hurt-availability-796063 (2026-10 (inputs Apr-Oct 2026))"
"material","mat-gjl200","EN-GJL-200 (Grey Iron)","67.92","39.94","-41.2","₹/kg","updated","Grey / malleable iron (charge) — ladder ×0.938 (book £0.6 ÷ base £0.64)","https://www.bigmint.co/insights/detail/india-pig-iron-prices-rise-in-september-as-exports-input-costs-hurt-availability-796063 (2026-10 (inputs Apr-Oct 2026))"
"material","mat-gjl300","EN-GJL-300 (Grey Iron Hi-Strength)","79.25","46.59","-41.21","₹/kg","updated","Grey / malleable iron (charge) — ladder ×1.094 (book £0.7 ÷ base £0.64)","https://www.bigmint.co/insights/detail/india-pig-iron-prices-rise-in-september-as-exports-input-costs-hurt-availability-796063 (2026-10 (inputs Apr-Oct 2026))"
"material","mat-gjl350","EN-GJL-350","83.77","49.26","-41.2","₹/kg","updated","Grey / malleable iron (charge) — ladder ×1.156 (book £0.74 ÷ base £0.64)","https://www.bigmint.co/insights/detail/india-pig-iron-prices-rise-in-september-as-exports-input-costs-hurt-availability-796063 (2026-10 (inputs Apr-Oct 2026))"
"material","mat-gjmb350","EN-GJMB-350-10 (blackheart malleable iron)","74.72","43.93","-41.21","₹/kg","updated","Grey / malleable iron (charge) — ladder ×1.031 (book £0.66 ÷ base £0.64)","https://www.bigmint.co/insights/detail/india-pig-iron-prices-rise-in-september-as-exports-input-costs-hurt-availability-796063 (2026-10 (inputs Apr-Oct 2026))"
"material","mat-gs-c25","GS-C25 (Cast Carbon Steel)","237.74","38.25","-83.91","₹/kg","updated","Cast carbon / low-alloy steel (charge) — ladder ×1.000 (book £2.1 ÷ base £2.1)","https://www.mysteel.net/news/5139931-india-alang-melting-scrap-prices-hold-steady-amid-subdued-post-festival-buying (2026-09)"
"material","mat-astm-a216-wcb","ASTM A216 WCB (cast carbon steel — valve bodies, pump casings)","237.74","38.25","-83.91","₹/kg","updated","Cast carbon / low-alloy steel (charge) — ladder ×1.000 (book £2.1 ÷ base £2.1)","https://www.mysteel.net/news/5139931-india-alang-melting-scrap-prices-hold-steady-amid-subdued-post-festival-buying (2026-09)"
"material","mat-g20mn5","G20Mn5 / 1.6220 (QT cast steel, automotive and structural nodes)","237.74","38.25","-83.91","₹/kg","updated","Cast carbon / low-alloy steel (charge) — ladder ×1.000 (book £2.1 ÷ base £2.1)","https://www.mysteel.net/news/5139931-india-alang-melting-scrap-prices-hold-steady-amid-subdued-post-festival-buying (2026-09)"
"material","mat-g42crmo4","G42CrMo4 / 1.7231 (low-alloy QT cast steel)","253.59","40.8","-83.91","₹/kg","updated","Cast carbon / low-alloy steel (charge) — ladder ×1.067 (book £2.24 ÷ base £2.1)","https://www.mysteel.net/news/5139931-india-alang-melting-scrap-prices-hold-steady-amid-subdued-post-festival-buying (2026-09)"
"material","mat-hadfield","G-X120Mn12 / 1.3401 (Hadfield austenitic manganese wear steel)","249.06","44.7","-82.05","₹/kg","updated","Hadfield Mn steel (charge) — direct","https://www.bigmint.co/insights/detail/weekly-round-up-indian-ferro-alloys-prices-witness-mixed-trends-w-o-w-764117 (2026-06/09)"
"material","mat-hicr-white","EN-GJN-HV600(XCr23) / ASTM A532 IIIA (high-Cr white iron, wear)","141.51","72.9","-48.48","₹/kg","updated","High-Cr white iron (charge) — direct","https://www.bigmint.co/insights/detail/india-ferro-chrome-prices-rise-slightly-w-o-w-as-sellers-quote-firm-offers-759134 (2026-06)"
"material","mat-ni-resist-d2","EN-GJSA-XNiCr20-2 (Ni-Resist D-2, austenitic ductile)","356.61","364.4","2.18","₹/kg","updated","Ni-Resist D-2 (charge) — direct","https://cbonds.com/indexes/221359/ (2026-08)"
"material","mat-ni-resist-d5s","EN-GJSA-XNiSiCr35-5-2 (Ni-Resist D-5S — turbo housings, exhaust manifolds)","553.59","603.5","9.02","₹/kg","updated","Ni-Resist D-5S (charge) — direct","https://cbonds.com/indexes/221359/ (2026-08)"
"material","mat-ss304-cast","CF8 / 304 Cast Stainless","585.29","145","-75.23","₹/kg","updated","Cast stainless (charge) — ladder ×1.000 (book £5.17 ÷ base £5.17)","https://news.metal.com/newscontent/104081100-smm-stainless-steel-flash-indias-stainless-steel-scrap-prices-strengthen-amid-tight-supply-and-firm-alloy-costs (2026-08-21) ; https://news.metal.com/newscontent/104081100-smm-stainless-steel-flash-indias-stainless-steel-scrap-prices-strengthen-amid-tight-supply-and-firm-alloy-costs (2026-08-21)"
"material","mat-cf8m-cast","CF8M / 1.4408 (316 cast stainless)","708.68","175.57","-75.23","₹/kg","updated","Cast stainless (charge) — ladder ×1.211 (book £6.26 ÷ base £5.17)","https://news.metal.com/newscontent/104081100-smm-stainless-steel-flash-indias-stainless-steel-scrap-prices-strengthen-amid-tight-supply-and-firm-alloy-costs (2026-08-21) ; https://news.metal.com/newscontent/104081100-smm-stainless-steel-flash-indias-stainless-steel-scrap-prices-strengthen-amid-tight-supply-and-firm-alloy-costs (2026-08-21)"
"material","mat-ca6nm-cast","CA6NM / 1.4317 (13Cr-4Ni martensitic cast stainless — pumps, turbines)","564.91","139.95","-75.23","₹/kg","updated","Cast stainless (charge) — ladder ×0.965 (book £4.99 ÷ base £5.17)","https://news.metal.com/newscontent/104081100-smm-stainless-steel-flash-indias-stainless-steel-scrap-prices-strengthen-amid-tight-supply-and-firm-alloy-costs (2026-08-21) ; https://news.metal.com/newscontent/104081100-smm-stainless-steel-flash-indias-stainless-steel-scrap-prices-strengthen-amid-tight-supply-and-firm-alloy-costs (2026-08-21)"
"material","mat-cd4mcun-cast","CD4MCuN / 1.4517 (duplex cast stainless)","736.98","182.58","-75.23","₹/kg","updated","Cast stainless (charge) — ladder ×1.259 (book £6.51 ÷ base £5.17)","https://news.metal.com/newscontent/104081100-smm-stainless-steel-flash-indias-stainless-steel-scrap-prices-strengthen-amid-tight-supply-and-firm-alloy-costs (2026-08-21) ; https://news.metal.com/newscontent/104081100-smm-stainless-steel-flash-indias-stainless-steel-scrap-prices-strengthen-amid-tight-supply-and-firm-alloy-costs (2026-08-21)"
"material","mat-gx40crnisi25-20","GX40CrNiSi25-20 / 1.4848 (heat-resistant cast steel, EN 10295 — turbo housings, manifolds)","752.83","186.51","-75.23","₹/kg","updated","Cast stainless (charge) — ladder ×1.286 (book £6.65 ÷ base £5.17)","https://news.metal.com/newscontent/104081100-smm-stainless-steel-flash-indias-stainless-steel-scrap-prices-strengthen-amid-tight-supply-and-firm-alloy-costs (2026-08-21) ; https://news.metal.com/newscontent/104081100-smm-stainless-steel-flash-indias-stainless-steel-scrap-prices-strengthen-amid-tight-supply-and-firm-alloy-costs (2026-08-21)"
"material","mat-17-4ph-cast","17-4PH (Investment Cast Stainless)","1086.8","269.25","-75.23","₹/kg","updated","Cast stainless (charge) — ladder ×1.857 (book £9.6 ÷ base £5.17)","https://news.metal.com/newscontent/104081100-smm-stainless-steel-flash-indias-stainless-steel-scrap-prices-strengthen-amid-tight-supply-and-firm-alloy-costs (2026-08-21) ; https://news.metal.com/newscontent/104081100-smm-stainless-steel-flash-indias-stainless-steel-scrap-prices-strengthen-amid-tight-supply-and-firm-alloy-costs (2026-08-21)"
"material","mat-adc12","ADC12 / A383","341.06","304.88","-10.61","₹/kg","updated","Cast aluminium alloys — ladder ×1.000 (book £2.75 ÷ base £2.75)","https://news.metal.com/newscontent/104146665-smm-analysis-indian-adc-12-prices-drop-as-automakers-cut-purchases-amid-lme-aluminium-decline (2026-10-07) ; https://news.metal.com/newscontent/104146665-smm-analysis-indian-adc-12-prices-drop-as-automakers-cut-purchases-amid-lme-aluminium-decline (2026-10-07)"
"material","mat-a380","A380 / EN AC-46000 (Al-Si Die-Cast Alloy)","347.26","310.42","-10.61","₹/kg","updated","Cast aluminium alloys — ladder ×1.018 (book £2.8 ÷ base £2.75)","https://news.metal.com/newscontent/104146665-smm-analysis-indian-adc-12-prices-drop-as-automakers-cut-purchases-amid-lme-aluminium-decline (2026-10-07) ; https://news.metal.com/newscontent/104146665-smm-analysis-indian-adc-12-prices-drop-as-automakers-cut-purchases-amid-lme-aluminium-decline (2026-10-07)"
"material","mat-alsi10mg","AlSi10Mg / EN AC-43000 (≈ A360)","358.42","320.4","-10.61","₹/kg","updated","Cast aluminium alloys — ladder ×1.051 (book £2.89 ÷ base £2.75)","https://news.metal.com/newscontent/104146665-smm-analysis-indian-adc-12-prices-drop-as-automakers-cut-purchases-amid-lme-aluminium-decline (2026-10-07) ; https://news.metal.com/newscontent/104146665-smm-analysis-indian-adc-12-prices-drop-as-automakers-cut-purchases-amid-lme-aluminium-decline (2026-10-07)"
"material","mat-a365","A365 / AlSi7Mg","343.54","307.1","-10.61","₹/kg","updated","Cast aluminium alloys — ladder ×1.007 (book £2.77 ÷ base £2.75)","https://news.metal.com/newscontent/104146665-smm-analysis-indian-adc-12-prices-drop-as-automakers-cut-purchases-amid-lme-aluminium-decline (2026-10-07) ; https://news.metal.com/newscontent/104146665-smm-analysis-indian-adc-12-prices-drop-as-automakers-cut-purchases-amid-lme-aluminium-decline (2026-10-07)"
"material","mat-a413","A413 / AlSi12 (Eutectic Die Cast)","341.06","304.88","-10.61","₹/kg","updated","Cast aluminium alloys — ladder ×1.000 (book £2.75 ÷ base £2.75)","https://news.metal.com/newscontent/104146665-smm-analysis-indian-adc-12-prices-drop-as-automakers-cut-purchases-amid-lme-aluminium-decline (2026-10-07) ; https://news.metal.com/newscontent/104146665-smm-analysis-indian-adc-12-prices-drop-as-automakers-cut-purchases-amid-lme-aluminium-decline (2026-10-07)"
"material","mat-a319","A319 / AlSi6Cu4","368.34","329.27","-10.61","₹/kg","updated","Cast aluminium alloys — ladder ×1.080 (book £2.97 ÷ base £2.75)","https://news.metal.com/newscontent/104146665-smm-analysis-indian-adc-12-prices-drop-as-automakers-cut-purchases-amid-lme-aluminium-decline (2026-10-07) ; https://news.metal.com/newscontent/104146665-smm-analysis-indian-adc-12-prices-drop-as-automakers-cut-purchases-amid-lme-aluminium-decline (2026-10-07)"
"material","mat-a390","A390 / AlSi17Cu (Hypereutectic)","409.27","365.86","-10.61","₹/kg","updated","Cast aluminium alloys — ladder ×1.200 (book £3.3 ÷ base £2.75)","https://news.metal.com/newscontent/104146665-smm-analysis-indian-adc-12-prices-drop-as-automakers-cut-purchases-amid-lme-aluminium-decline (2026-10-07) ; https://news.metal.com/newscontent/104146665-smm-analysis-indian-adc-12-prices-drop-as-automakers-cut-purchases-amid-lme-aluminium-decline (2026-10-07)"
"material","mat-a357","A357 / AlSi7Mg0.6 (Premium T6)","396.86","354.77","-10.61","₹/kg","updated","Cast aluminium alloys — ladder ×1.164 (book £3.2 ÷ base £2.75)","https://news.metal.com/newscontent/104146665-smm-analysis-indian-adc-12-prices-drop-as-automakers-cut-purchases-amid-lme-aluminium-decline (2026-10-07) ; https://news.metal.com/newscontent/104146665-smm-analysis-indian-adc-12-prices-drop-as-automakers-cut-purchases-amid-lme-aluminium-decline (2026-10-07)"
"material","mat-lm25","LM25 / A356","369.58","330.38","-10.61","₹/kg","updated","Cast aluminium alloys — ladder ×1.084 (book £2.98 ÷ base £2.75)","https://news.metal.com/newscontent/104146665-smm-analysis-indian-adc-12-prices-drop-as-automakers-cut-purchases-amid-lme-aluminium-decline (2026-10-07) ; https://news.metal.com/newscontent/104146665-smm-analysis-indian-adc-12-prices-drop-as-automakers-cut-purchases-amid-lme-aluminium-decline (2026-10-07)"
"material","mat-lm6","LM6 / EN AC-44100 (AlSi12, gravity / sand)","362.14","323.73","-10.61","₹/kg","updated","Cast aluminium alloys — ladder ×1.062 (book £2.92 ÷ base £2.75)","https://news.metal.com/newscontent/104146665-smm-analysis-indian-adc-12-prices-drop-as-automakers-cut-purchases-amid-lme-aluminium-decline (2026-10-07) ; https://news.metal.com/newscontent/104146665-smm-analysis-indian-adc-12-prices-drop-as-automakers-cut-purchases-amid-lme-aluminium-decline (2026-10-07)"
"material","mat-lm4","LM4 / AlSi5Cu3 (secondary, sand / gravity)","360.9","322.62","-10.61","₹/kg","updated","Cast aluminium alloys — ladder ×1.058 (book £2.91 ÷ base £2.75)","https://news.metal.com/newscontent/104146665-smm-analysis-indian-adc-12-prices-drop-as-automakers-cut-purchases-amid-lme-aluminium-decline (2026-10-07) ; https://news.metal.com/newscontent/104146665-smm-analysis-indian-adc-12-prices-drop-as-automakers-cut-purchases-amid-lme-aluminium-decline (2026-10-07)"
"material","mat-almg5-cast","EN AC-51300 (AlMg5, marine sand / gravity)","381.98","341.47","-10.61","₹/kg","updated","Cast aluminium alloys — ladder ×1.120 (book £3.08 ÷ base £2.75)","https://news.metal.com/newscontent/104146665-smm-analysis-indian-adc-12-prices-drop-as-automakers-cut-purchases-amid-lme-aluminium-decline (2026-10-07) ; https://news.metal.com/newscontent/104146665-smm-analysis-indian-adc-12-prices-drop-as-automakers-cut-purchases-amid-lme-aluminium-decline (2026-10-07)"
"material","mat-a206","A206 / AlCu4.5MgTi (high-strength premium casting)","451.43","403.55","-10.61","₹/kg","updated","Cast aluminium alloys — ladder ×1.324 (book £3.64 ÷ base £2.75)","https://news.metal.com/newscontent/104146665-smm-analysis-indian-adc-12-prices-drop-as-automakers-cut-purchases-amid-lme-aluminium-decline (2026-10-07) ; https://news.metal.com/newscontent/104146665-smm-analysis-indian-adc-12-prices-drop-as-automakers-cut-purchases-amid-lme-aluminium-decline (2026-10-07)"
"material","mat-en-ac-46200","EN AC-46200 (AlSi8Cu3, gravity / low-pressure — cylinder heads, housings)","353.46","315.97","-10.61","₹/kg","updated","Cast aluminium alloys — ladder ×1.036 (book £2.85 ÷ base £2.75)","https://news.metal.com/newscontent/104146665-smm-analysis-indian-adc-12-prices-drop-as-automakers-cut-purchases-amid-lme-aluminium-decline (2026-10-07) ; https://news.metal.com/newscontent/104146665-smm-analysis-indian-adc-12-prices-drop-as-automakers-cut-purchases-amid-lme-aluminium-decline (2026-10-07)"
"material","mat-en-ac-45300","EN AC-45300 (AlSi5Cu1Mg / C355 — cylinder heads, T6)","385.7","344.79","-10.61","₹/kg","updated","Cast aluminium alloys — ladder ×1.131 (book £3.11 ÷ base £2.75)","https://news.metal.com/newscontent/104146665-smm-analysis-indian-adc-12-prices-drop-as-automakers-cut-purchases-amid-lme-aluminium-decline (2026-10-07) ; https://news.metal.com/newscontent/104146665-smm-analysis-indian-adc-12-prices-drop-as-automakers-cut-purchases-amid-lme-aluminium-decline (2026-10-07)"
"material","mat-lm13","LM13 / EN AC-48000 (AlSi12CuNiMg — pistons)","381.98","341.47","-10.61","₹/kg","updated","Cast aluminium alloys — ladder ×1.120 (book £3.08 ÷ base £2.75)","https://news.metal.com/newscontent/104146665-smm-analysis-indian-adc-12-prices-drop-as-automakers-cut-purchases-amid-lme-aluminium-decline (2026-10-07) ; https://news.metal.com/newscontent/104146665-smm-analysis-indian-adc-12-prices-drop-as-automakers-cut-purchases-amid-lme-aluminium-decline (2026-10-07)"
"material","mat-aural5","Aural-5 (AlSi9MnMg, Rheinfelden)","380.74","340.36","-10.61","₹/kg","updated","Cast aluminium alloys — ladder ×1.116 (book £3.07 ÷ base £2.75)","https://news.metal.com/newscontent/104146665-smm-analysis-indian-adc-12-prices-drop-as-automakers-cut-purchases-amid-lme-aluminium-decline (2026-10-07) ; https://news.metal.com/newscontent/104146665-smm-analysis-indian-adc-12-prices-drop-as-automakers-cut-purchases-amid-lme-aluminium-decline (2026-10-07)"
"material","mat-silafont36","Silafont-36 (AlSi10MnMg)","384.46","343.68","-10.61","₹/kg","updated","Cast aluminium alloys — ladder ×1.127 (book £3.1 ÷ base £2.75)","https://news.metal.com/newscontent/104146665-smm-analysis-indian-adc-12-prices-drop-as-automakers-cut-purchases-amid-lme-aluminium-decline (2026-10-07) ; https://news.metal.com/newscontent/104146665-smm-analysis-indian-adc-12-prices-drop-as-automakers-cut-purchases-amid-lme-aluminium-decline (2026-10-07)"
"material","mat-castasil37","Castasil-37 (AlSi9MnMoZr)","375.78","335.92","-10.61","₹/kg","updated","Cast aluminium alloys — ladder ×1.102 (book £3.03 ÷ base £2.75)","https://news.metal.com/newscontent/104146665-smm-analysis-indian-adc-12-prices-drop-as-automakers-cut-purchases-amid-lme-aluminium-decline (2026-10-07) ; https://news.metal.com/newscontent/104146665-smm-analysis-indian-adc-12-prices-drop-as-automakers-cut-purchases-amid-lme-aluminium-decline (2026-10-07)"
"material","mat-magsimal59","Magsimal-59 (AlMg5Si2Mn)","390.66","349.23","-10.61","₹/kg","updated","Cast aluminium alloys — ladder ×1.145 (book £3.15 ÷ base £2.75)","https://news.metal.com/newscontent/104146665-smm-analysis-indian-adc-12-prices-drop-as-automakers-cut-purchases-amid-lme-aluminium-decline (2026-10-07) ; https://news.metal.com/newscontent/104146665-smm-analysis-indian-adc-12-prices-drop-as-automakers-cut-purchases-amid-lme-aluminium-decline (2026-10-07)"
"material","mat-al-hpdc-lowco2","Low-CO₂ Recycled HPDC (AlSi10MnMg)","372.06","332.6","-10.61","₹/kg","updated","Cast aluminium alloys — ladder ×1.091 (book £3 ÷ base £2.75)","https://news.metal.com/newscontent/104146665-smm-analysis-indian-adc-12-prices-drop-as-automakers-cut-purchases-amid-lme-aluminium-decline (2026-10-07) ; https://news.metal.com/newscontent/104146665-smm-analysis-indian-adc-12-prices-drop-as-automakers-cut-purchases-amid-lme-aluminium-decline (2026-10-07)"
"material","mat-htf-gigacast","Heat-Treat-Free Giga-Casting Alloy (Xiaomi Titan / Tesla-class)","409.27","365.86","-10.61","₹/kg","updated","Cast aluminium alloys — ladder ×1.200 (book £3.3 ÷ base £2.75)","https://news.metal.com/newscontent/104146665-smm-analysis-indian-adc-12-prices-drop-as-automakers-cut-purchases-amid-lme-aluminium-decline (2026-10-07) ; https://news.metal.com/newscontent/104146665-smm-analysis-indian-adc-12-prices-drop-as-automakers-cut-purchases-amid-lme-aluminium-decline (2026-10-07)"
"material","mat-adc12-secondary","ADC12 Secondary (recycled)","248.04","304.88","22.92","₹/kg","updated","Secondary ADC12 — direct","https://news.metal.com/newscontent/104146665-smm-analysis-indian-adc-12-prices-drop-as-automakers-cut-purchases-amid-lme-aluminium-decline (2026-10-07)"
"material","mat-c101-bar","C101 / CW004A ETP Copper Bar (busbar, electrodes)","1370.42","1385","1.06","₹/kg","updated","ETP copper bar / sheet (floor) — floor (raised to metal content)","https://www.alpha-maven.com/story/venture-capital/commodity-update-copper-sourcebenchmarkmineralscom (2026-10-02) ; https://www.jmfinancialservices.in/market-news-and-insights/1732126 (2026-09-11)"
"material","mat-c110-copper","C110 ETP Copper Sheet","1335.7","1385","3.69","₹/kg","updated","ETP copper bar / sheet (floor) — floor (raised to metal content)","https://www.alpha-maven.com/story/venture-capital/commodity-update-copper-sourcebenchmarkmineralscom (2026-10-02) ; https://www.jmfinancialservices.in/market-news-and-insights/1732126 (2026-09-11)"
"material","mat-ab2-cast","AB2 / CC333G (nickel-aluminium bronze CuAl10Fe5Ni5)","1183.15","1225","3.54","₹/kg","updated","Aluminium bronze AB2 (floor) — floor (raised to metal content)","https://cbonds.com/indexes/181085/ (2026-10)"
"material","mat-ab2-forge","CW307G / CuAl10Ni5Fe4 (nickel-aluminium bronze forging bar)","1240.2","1240.2","0","₹/kg","held (evidence agrees)","Aluminium bronze AB2 (floor) — held (already above the metal it contains)","https://cbonds.com/indexes/181085/ (2026-10)"
"material","mat-pp-homo","PP Homopolymer (MFI 12)","108.3","129.35","19.44","₹/kg","updated","PP family — ladder ×1.000 (book £0.99 ÷ base £0.99)","https://credcosourcing.com/prices (2026-09-25) ; https://www.imarcgroup.com/polypropylene-pricing-report (2026-09)"
"material","mat-pp","PP Copolymer","125.8","150.26","19.44","₹/kg","updated","PP family — ladder ×1.162 (book £1.15 ÷ base £0.99)","https://credcosourcing.com/prices (2026-09-25) ; https://www.imarcgroup.com/polypropylene-pricing-report (2026-09)"
"material","mat-pp-impact","PP Impact Copolymer (PP-B)","113.77","135.88","19.43","₹/kg","updated","PP family — ladder ×1.051 (book £1.04 ÷ base £0.99)","https://credcosourcing.com/prices (2026-09-25) ; https://www.imarcgroup.com/polypropylene-pricing-report (2026-09)"
"material","mat-pp-bm","PP Blow Grade (MFI 1.0, random co-polymer)","121.43","145.03","19.44","₹/kg","updated","PP family — ladder ×1.121 (book £1.11 ÷ base £0.99)","https://credcosourcing.com/prices (2026-09-25) ; https://www.imarcgroup.com/polypropylene-pricing-report (2026-09)"
"material","mat-pp-ext-sheet","PP Extrusion Sheet Grade","133.56","133.56","0","₹/kg","held (already an India-specific price)","PP family — the country table's India price £1.05/kg outranks the ladder",""
"material","mat-ppr-pipe","PP-R Pipe Grade (random copolymer, hot & cold water)","132.45","152.87","15.42","₹/kg","updated","PP family — ladder ×1.182 (book £1.17 ÷ base £0.99)","https://credcosourcing.com/prices (2026-09-25) ; https://www.imarcgroup.com/polypropylene-pricing-report (2026-09)"
"material","mat-pp-roto","PP Roto Powder","161.9","193.37","19.44","₹/kg","updated","PP family — ladder ×1.495 (book £1.48 ÷ base £0.99)","https://credcosourcing.com/prices (2026-09-25) ; https://www.imarcgroup.com/polypropylene-pricing-report (2026-09)"
"material","mat-pp-tf","PP Thermoforming Sheet (HMS)","151.37","151.37","0","₹/kg","held (already an India-specific price)","PP family — the country table's India price £1.19/kg outranks the ladder",""
"material","mat-hdpe","HDPE","114.86","136","18.41","₹/kg","updated","PE family — ladder ×1.000 (book £1.05 ÷ base £1.05)","https://credcosourcing.com/prices (2026-09-25)"
"material","mat-ldpe","LDPE (2426H)","119.24","141.18","18.4","₹/kg","updated","PE family — ladder ×1.038 (book £1.09 ÷ base £1.05)","https://credcosourcing.com/prices (2026-09-25)"
"material","mat-lldpe","LLDPE C6","114.86","136","18.41","₹/kg","updated","PE family — ladder ×1.000 (book £1.05 ÷ base £1.05)","https://credcosourcing.com/prices (2026-09-25)"
"material","mat-hdpe-bm","HDPE Blow Grade (jerry can / drum)","124.71","147.66","18.4","₹/kg","updated","PE family — ladder ×1.086 (book £1.14 ÷ base £1.05)","https://credcosourcing.com/prices (2026-09-25)"
"material","mat-hdpe-fuel-coex","HDPE Coex Fuel-Tank Grade (6-layer/EVOH)","168.46","199.47","18.41","₹/kg","updated","PE family — ladder ×1.467 (book £1.54 ÷ base £1.05)","https://credcosourcing.com/prices (2026-09-25)"
"material","mat-ldpe-bm","LDPE Blow Grade","131.27","155.43","18.4","₹/kg","updated","PE family — ladder ×1.143 (book £1.2 ÷ base £1.05)","https://credcosourcing.com/prices (2026-09-25)"
"material","mat-lldpe-bm","LLDPE Blow Grade","127.99","151.54","18.4","₹/kg","updated","PE family — ladder ×1.114 (book £1.17 ÷ base £1.05)","https://credcosourcing.com/prices (2026-09-25)"
"material","mat-pe100-pipe","PE100 Pipe Grade (black, PE4710)","150.1","150.1","0","₹/kg","held (already an India-specific price)","PE family — the country table's India price £1.18/kg outranks the ladder",""
"material","mat-pe80-pipe","PE80 Pipe Grade","142.46","142.46","0","₹/kg","held (already an India-specific price)","PE family — the country table's India price £1.12/kg outranks the ladder",""
"material","mat-hdpe-profile","HDPE Extrusion Grade (profile / tube / conduit)","118.87","136","14.41","₹/kg","updated","PE family — ladder ×1.000 (book £1.05 ÷ base £1.05)","https://credcosourcing.com/prices (2026-09-25)"
"material","mat-ldpe-tube","LDPE Extrusion Grade (soft tube, cable sheath)","123.4","141.18","14.41","₹/kg","updated","PE family — ladder ×1.038 (book £1.09 ÷ base £1.05)","https://credcosourcing.com/prices (2026-09-25)"
"material","mat-hdpe-roto","HDPE Roto Powder","141.12","167.09","18.4","₹/kg","updated","PE family — ladder ×1.229 (book £1.29 ÷ base £1.05)","https://credcosourcing.com/prices (2026-09-25)"
"material","mat-lldpe-roto","LLDPE Roto Powder (natural)","160.81","190.4","18.4","₹/kg","updated","PE family — ladder ×1.400 (book £1.47 ÷ base £1.05)","https://credcosourcing.com/prices (2026-09-25)"
"material","mat-xlpe-roto","Cross-Linked PE (XLPE) Roto","199.2","225.37","13.14","₹/kg","updated","PE family — ladder ×1.657 (book £1.74 ÷ base £1.05)","https://credcosourcing.com/prices (2026-09-25)"
"material","mat-fr-pe-roto","Flame-Retardant PE Roto","306.81","347.12","13.14","₹/kg","updated","PE family — ladder ×2.552 (book £2.68 ÷ base £1.05)","https://credcosourcing.com/prices (2026-09-25)"
"material","mat-foam-pe-roto","Foamable PE Roto (structural foam core)","227.82","257.75","13.14","₹/kg","updated","PE family — ladder ×1.895 (book £1.99 ÷ base £1.05)","https://credcosourcing.com/prices (2026-09-25)"
"material","mat-cond-pe-roto","Conductive/Antistatic PE Roto","285.06","322.51","13.14","₹/kg","updated","PE family — ladder ×2.371 (book £2.49 ÷ base £1.05)","https://credcosourcing.com/prices (2026-09-25)"
"material","mat-hdpe-tf","HDPE Thermoforming Sheet","139.92","139.92","0","₹/kg","held (already an India-specific price)","PE family — the country table's India price £1.1/kg outranks the ladder",""
"material","mat-ldpe-tf","LDPE Thermoforming Sheet","175.54","175.54","0","₹/kg","held (already an India-specific price)","PE family — the country table's India price £1.38/kg outranks the ladder",""
"material","mat-pex-pipe","PE-Xb Crosslinkable Pipe Compound (silane, Monosil)","182.26","208.53","14.41","₹/kg","updated","PE family — ladder ×1.533 (book £1.61 ÷ base £1.05)","https://credcosourcing.com/prices (2026-09-25)"
"material","mat-upvc","Rigid PVC (uPVC pipe grade)","83.14","102.25","22.99","₹/kg","updated","PVC family — ladder ×1.000 (book £0.76 ÷ base £0.76)","https://credcosourcing.com/prices (2026-09-25)"
"material","mat-fpvc","Flexible PVC (fPVC plasticised)","121.43","149.34","22.98","₹/kg","updated","PVC family — ladder ×1.461 (book £1.11 ÷ base £0.76)","https://credcosourcing.com/prices (2026-09-25)"
"material","mat-pvc-bm","PVC Rigid Blow Grade (uPVC bottle grade)","92.98","114.36","22.99","₹/kg","updated","PVC family — ladder ×1.118 (book £0.85 ÷ base £0.76)","https://credcosourcing.com/prices (2026-09-25)"
"material","mat-upvc-pipe","uPVC Pipe Compound (K67, dry-blend)","91.58","91.58","0","₹/kg","held (already an India-specific price)","PVC family — the country table's India price £0.72/kg outranks the ladder",""
"material","mat-pvc-cable","PVC Cable Compound (flexible, insulation)","147.55","147.55","0","₹/kg","held (already an India-specific price)","PVC family — the country table's India price £1.16/kg outranks the ladder",""
"material","mat-upvc-window-profile","PVC-U Window Profile Compound (impact-modified, Ca-Zn)","146.04","173.56","18.84","₹/kg","updated","PVC family — ladder ×1.697 (book £1.29 ÷ base £0.76)","https://credcosourcing.com/prices (2026-09-25)"
"material","mat-pvcp-profile","PVC-P Flexible Profile / Seal Compound (70 Shore A)","174.34","207.19","18.84","₹/kg","updated","PVC family — ladder ×2.026 (book £1.54 ÷ base £0.76)","https://credcosourcing.com/prices (2026-09-25)"
"material","mat-pvc-foam","Rigid PVC Foam (Celuka) Profile","122.11","122.11","0","₹/kg","held (already an India-specific price)","PVC family — the country table's India price £0.96/kg outranks the ladder",""
"material","mat-rpvc-tf","Rigid PVC Thermoforming Sheet","148.82","148.82","0","₹/kg","held (already an India-specific price)","PVC family — the country table's India price £1.17/kg outranks the ladder",""
"material","mat-pet-bg","PET Bottle Grade (1101)","132.36","104.5","-21.05","₹/kg","updated","PET — ladder ×1.000 (book £1.21 ÷ base £1.21)","https://www.polyestertime.com/pet-bottle-grade-chip-price-trends/ (2026-09-10)"
"material","mat-pet-preform","PET Stretch-Blow Bottle Grade","143.1","107.95","-24.56","₹/kg","updated","PET — ladder ×1.033 (book £1.25 ÷ base £1.21)","https://www.polyestertime.com/pet-bottle-grade-chip-price-trends/ (2026-09-10)"
"material","mat-apet-tf","APET Sheet (amorphous, food pack)","180.62","180.62","0","₹/kg","held (already an India-specific price)","PET — the country table's India price £1.42/kg outranks the ladder",""
"material","mat-abs","ABS","185.46","165.4","-10.82","₹/kg","updated","ABS family — ladder ×1.000 (book £1.62 ÷ base £1.62)","https://businessanalytiq.com/procurementanalytics/index/abs-price-index/ (2026-09)"
"material","mat-abs-ext-sheet","ABS Extrusion Sheet Grade","206.06","206.06","0","₹/kg","held (already an India-specific price)","ABS family — the country table's India price £1.62/kg outranks the ladder",""
"material","mat-abs-tf","ABS Thermoforming Sheet","228.96","228.96","0","₹/kg","held (already an India-specific price)","ABS family — the country table's India price £1.8/kg outranks the ladder",""
"material","mat-pc","PC (Lexan)","288.49","216.72","-24.88","₹/kg","updated","PC family — ladder ×1.000 (book £2.52 ÷ base £2.52)","https://www.procurementresource.com/resource-center/polycarbonate-price-trends (2026-07) ; https://www.taxscan.in/top-stories/cbic-slashes-import-duty-on-40-chemicals-plastics-raw-materials-1444480 (2026-04-02)"
"material","mat-pc-glazing","PC Glazing Grade (Automotive)","480.82","361.2","-24.88","₹/kg","updated","PC family — ladder ×1.667 (book £4.2 ÷ base £2.52)","https://www.procurementresource.com/resource-center/polycarbonate-price-trends (2026-07) ; https://www.taxscan.in/top-stories/cbic-slashes-import-duty-on-40-chemicals-plastics-raw-materials-1444480 (2026-04-02)"
"material","mat-pc-bm","PC Blow Grade (clear/impact)","446.47","335.4","-24.88","₹/kg","updated","PC family — ladder ×1.548 (book £3.9 ÷ base £2.52)","https://www.procurementresource.com/resource-center/polycarbonate-price-trends (2026-07) ; https://www.taxscan.in/top-stories/cbic-slashes-import-duty-on-40-chemicals-plastics-raw-materials-1444480 (2026-04-02)"
"material","mat-pc-ext-sheet","PC Extrusion/Solid Sheet Grade","384.14","384.14","0","₹/kg","held (already an India-specific price)","PC family — the country table's India price £3.02/kg outranks the ladder",""
"material","mat-pc-tf","PC Thermoforming Sheet","419.76","419.76","0","₹/kg","held (already an India-specific price)","PC family — the country table's India price £3.3/kg outranks the ladder",""
"material","mat-pa6","PA6 Unfilled","192.33","209.36","8.85","₹/kg","updated","PA6 family — ladder ×1.000 (book £1.68 ÷ base £1.68)","https://www.plastemart.com/nylon-6-PA-6-cif-india-prices (2026-06) ; https://www.taxscan.in/top-stories/cbic-slashes-import-duty-on-40-chemicals-plastics-raw-materials-1444480 (2026-04-02)"
"material","mat-pa6-bm","PA6 Blow Grade (charge-air / ducts)","354.89","386.32","8.86","₹/kg","updated","PA6 family — ladder ×1.845 (book £3.1 ÷ base £1.68)","https://www.plastemart.com/nylon-6-PA-6-cif-india-prices (2026-06) ; https://www.taxscan.in/top-stories/cbic-slashes-import-duty-on-40-chemicals-plastics-raw-materials-1444480 (2026-04-02)"
"material","mat-pa6-ext-tube","PA6 Extrusion Grade (corrugated conduit / tube)","190.19","209.36","10.08","₹/kg","updated","PA6 family — ladder ×1.000 (book £1.68 ÷ base £1.68)","https://www.plastemart.com/nylon-6-PA-6-cif-india-prices (2026-06) ; https://www.taxscan.in/top-stories/cbic-slashes-import-duty-on-40-chemicals-plastics-raw-materials-1444480 (2026-04-02)"
"material","mat-pa66","PA66 Unfilled","216.37","287.94","33.08","₹/kg","updated","PA66 family — ladder ×1.000 (book £1.89 ÷ base £1.89)","https://www.plastemart.com/nylon-66-PA-66-polymer-prices-cif-india-pricelist (2026-06) ; https://www.taxscan.in/top-stories/cbic-slashes-import-duty-on-40-chemicals-plastics-raw-materials-1444480 (2026-04-02)"
"material","mat-pbt","PBT Unfilled","309.1","248.6","-19.57","₹/kg","updated","PBT family — ladder ×1.000 (book £2.7 ÷ base £2.7)","https://businessanalytiq.com/procurementanalytics/index/polybutylene-terephthalate-pbt-price-index/ (2026-09)"
"material","mat-nr","Natural Rubber SMR20","228.2","278","21.82","₹/kg","updated","Natural rubber (raw) — direct","https://thecanarapost.com/todays-rubber-prices-kottayam-and-international-market/ (2026-09-26)"
"material","mat-al6061","6061-T6","441.51","441.51","0","₹/kg","held (no India evidence this round)","Aluminium",""
"material","mat-ti6al4v","Ti-6Al-4V","5845.06","5845.06","0","₹/kg","held (no India evidence this round)","Titanium",""
"material","mat-virtual","Virtual / Pass-through","113.21","113.21","0","₹/kg","held (no India evidence this round)","Virtual",""
"material","mat-al6082-bar","6082-T6 Aluminium Bar","432.83","432.83","0","₹/kg","held (no India evidence this round)","Aluminium",""
"material","mat-al2011","2011-T3 Free-Machining Al Bar","487.4","487.4","0","₹/kg","held (no India evidence this round)","Aluminium",""
"material","mat-brass-cz121","CZ121 / CW614N Free-Machining Brass","954.95","954.95","0","₹/kg","held (no India evidence this round)","Copper Alloy Bar",""
"material","mat-bronze-pb1","PB1 Phosphor Bronze Bar","1725.12","1725.12","0","₹/kg","held (no India evidence this round)","Copper Alloy Bar",""
"material","mat-pom-c","POM-C (Acetal / Delrin Stock)","354.89","354.89","0","₹/kg","held (no India evidence this round)","Engineering Plastic (Stock)",""
"material","mat-pa6-cast","Nylon 6 (Cast PA6 Stock)","480.82","480.82","0","₹/kg","held (no India evidence this round)","Engineering Plastic (Stock)",""
"material","mat-ptfe","PTFE (Virgin Stock)","1431","1431","0","₹/kg","held (no India evidence this round)","Engineering Plastic (Stock)",""
"material","mat-peek-stock","PEEK (Unfilled Stock)","10875.6","10875.6","0","₹/kg","held (no India evidence this round)","Engineering Plastic (Stock)",""
"material","mat-acrylic-cast","Cast Acrylic (PMMA Stock)","549.5","549.5","0","₹/kg","held (no India evidence this round)","Engineering Plastic (Stock)",""
"material","mat-uhmwpe","UHMW-PE (Stock)","389.23","389.23","0","₹/kg","held (no India evidence this round)","Engineering Plastic (Stock)",""
"material","mat-aa5182","AA5182","395.62","395.62","0","₹/kg","held (no India evidence this round)","Aluminium Sheet",""
"material","mat-aa5052","AA5052-H32 Sheet","395.62","395.62","0","₹/kg","held (no India evidence this round)","Aluminium Sheet",""
"material","mat-aa5083","AA5083-H111 Sheet","421.67","421.67","0","₹/kg","held (no India evidence this round)","Aluminium Sheet",""
"material","mat-aa6082-sheet","AA6082-T6 Sheet","441.51","441.51","0","₹/kg","held (no India evidence this round)","Aluminium Sheet",""
"material","mat-aa5754-sheet","AA5754-H22 Sheet","411.75","411.75","0","₹/kg","held (no India evidence this round)","Aluminium Sheet",""
"material","mat-aa6061-sheet","AA6061-T6 Sheet/Plate","453.91","453.91","0","₹/kg","held (no India evidence this round)","Aluminium Sheet",""
"material","mat-aa6063-sheet","AA6063-T5 Sheet","432.83","432.83","0","₹/kg","held (no India evidence this round)","Aluminium Sheet",""
"material","mat-aa3003-sheet","AA3003-H14 Sheet","370.82","370.82","0","₹/kg","held (no India evidence this round)","Aluminium Sheet",""
"material","mat-cz108-brass","CZ108 Brass Sheet (70/30)","1044.25","1044.25","0","₹/kg","held (no India evidence this round)","Copper & Brass Sheet",""
"material","mat-nogo-m270-35a","M270-35A Non-Oriented Electrical (0.35mm)","180","180","0","₹/kg","held (no India evidence this round)","Electrical Steel Sheet",""
"material","mat-nogo-m400-50a","M400-50A Non-Oriented Electrical (0.50mm)","146.04","146.04","0","₹/kg","held (no India evidence this round)","Electrical Steel Sheet",""
"material","mat-go-m105-30p","M105-30P Grain-Oriented Electrical (0.30mm)","328.3","328.3","0","₹/kg","held (no India evidence this round)","Electrical Steel Sheet",""
"material","mat-m235-35a","M235-35A NO Electrical (0.35mm, premium low-loss)","225.28","225.28","0","₹/kg","held (no India evidence this round)","Electrical Steel Sheet",""
"material","mat-m330-35a","M330-35A NO Electrical (0.35mm)","196.98","196.98","0","₹/kg","held (no India evidence this round)","Electrical Steel Sheet",""
"material","mat-m250-50a","M250-50A NO Electrical (0.50mm, low-loss)","165.28","165.28","0","₹/kg","held (no India evidence this round)","Electrical Steel Sheet",""
"material","mat-m470-50a","M470-50A NO Electrical (0.50mm)","140.38","140.38","0","₹/kg","held (no India evidence this round)","Electrical Steel Sheet",""
"material","mat-m600-50a","M600-50A NO Electrical (0.50mm, economy)","134.72","134.72","0","₹/kg","held (no India evidence this round)","Electrical Steel Sheet",""
"material","mat-m700-65a","M700-65A NO Electrical (0.65mm, mains)","129.06","129.06","0","₹/kg","held (no India evidence this round)","Electrical Steel Sheet",""
"material","mat-no27-27a","NO27 (0.27mm EV Traction)","276.23","276.23","0","₹/kg","held (no India evidence this round)","Electrical Steel Sheet",""
"material","mat-no25-25a","NO25 (0.25mm EV Traction)","310.19","310.19","0","₹/kg","held (no India evidence this round)","Electrical Steel Sheet",""
"material","mat-no20-20a","NO20 (0.20mm High-Speed EV/aero)","389.44","389.44","0","₹/kg","held (no India evidence this round)","Electrical Steel Sheet",""
"material","mat-cgo-m120-27","M120-27S CGO (0.27mm Grain-Oriented)","288.68","288.68","0","₹/kg","held (no India evidence this round)","Electrical Steel Sheet",""
"material","mat-hgo-m090-23","M090-23P HGO Domain-Refined (0.23mm)","384.91","384.91","0","₹/kg","held (no India evidence this round)","Electrical Steel Sheet",""
"material","mat-cofe-hiperco50","Cobalt-Iron (Hiperco 50 / Vacodur 49)","6566.06","6566.06","0","₹/kg","held (no India evidence this round)","Electrical Steel Sheet",""
"material","mat-nife-permalloy80","Nickel-Iron Permalloy (80% Ni)","2723.78","2723.78","0","₹/kg","held (no India evidence this round)","Electrical Steel Sheet",""
"material","mat-amorphous-2605sa1","Amorphous Ribbon (Metglas 2605SA1)","962.27","962.27","0","₹/kg","held (no India evidence this round)","Electrical Steel Sheet",""
"material","mat-no-semiproc-50","Semi-Processed NO Electrical (0.50mm)","123.4","123.4","0","₹/kg","held (no India evidence this round)","Electrical Steel Sheet",""
"material","mat-hsno-rotor-700","High-Strength NO Electrical (~700 MPa, 0.30mm rotor)","298.87","298.87","0","₹/kg","held (no India evidence this round)","Electrical Steel Sheet",""
"material","mat-hsno-rotor-960","Ultra-High-Strength NO Electrical (~960 MPa, 0.20–0.27mm rotor)","366.79","366.79","0","₹/kg","held (no India evidence this round)","Electrical Steel Sheet",""
"material","mat-no15-15a","NO15 Ultra-Thin NO Electrical (0.15mm)","446.04","446.04","0","₹/kg","held (no India evidence this round)","Electrical Steel Sheet",""
"material","mat-no10-10a","NO10 Ultra-Thin NO Electrical (0.10mm)","627.17","627.17","0","₹/kg","held (no India evidence this round)","Electrical Steel Sheet",""
"material","mat-si65-jnex-10","6.5% Si High-Frequency Electrical (JNEX/Super-Core class, 0.10mm)","774.34","774.34","0","₹/kg","held (no India evidence this round)","Electrical Steel Sheet",""
"material","mat-uhsno-1100","Ultra-High-Strength NO Electrical (~1100 MPa, 30k-rpm rotor)","412.08","412.08","0","₹/kg","held (no India evidence this round)","Electrical Steel Sheet",""
"material","mat-cofe-thin-010","Cobalt-Iron Thin-Gauge (0.10mm, Vacoflux/Hiperco)","8150.98","8150.98","0","₹/kg","held (no India evidence this round)","Electrical Steel Sheet",""
"material","mat-cu-hairpin","Rectangular Enamelled Hairpin Copper (winding)","1723.88","1723.88","0","₹/kg","held (no India evidence this round)","Winding Copper (Hairpin)",""
"material","mat-al-hairpin","Rectangular Enamelled Hairpin Aluminium (winding)","587.85","587.85","0","₹/kg","held (no India evidence this round)","Winding Aluminium (Hairpin)",""
"material","mat-al-busbar","Aluminium Busbar (EV / battery)","463.83","463.83","0","₹/kg","held (no India evidence this round)","Aluminium Sheet",""
"material","mat-aa6016-t4","AA6016-T4 Sheet (Auto Skin)","432.83","432.83","0","₹/kg","held (no India evidence this round)","Aluminium Sheet",""
"material","mat-aa6111-t4","AA6111-T4 Sheet (Auto Skin)","451.43","451.43","0","₹/kg","held (no India evidence this round)","Aluminium Sheet",""
"material","mat-aa7075-t6","AA7075-T6 Sheet/Plate","843.34","843.34","0","₹/kg","held (no India evidence this round)","Aluminium Sheet",""
"material","mat-al-recycled-5xxx","Recycled-Content Al 5xxx (Secondary)","316.25","316.25","0","₹/kg","held (no India evidence this round)","Aluminium Sheet",""
"material","mat-pa66gf30","PA66 GF30","354.89","354.89","0","₹/kg","held (no India evidence this round)","Thermoplastic",""
"material","mat-pom","POM / Acetal (Delrin)","234.68","234.68","0","₹/kg","held (no India evidence this round)","Thermoplastic",""
"material","mat-pbt-gf30","PBT GF30","354.89","354.89","0","₹/kg","held (no India evidence this round)","Thermoplastic",""
"material","mat-tpu-shore85","TPU Shore 85A","288.49","288.49","0","₹/kg","held (no India evidence this round)","Thermoplastic Elastomer",""
"material","mat-pp-gf30","PP GF30 (Short Glass)","204.56","204.56","0","₹/kg","held (no India evidence this round)","Thermoplastic",""
"material","mat-pet-gf30","PET GF30 (Engineering)","349.16","349.16","0","₹/kg","held (no India evidence this round)","Thermoplastic",""
"material","mat-gpps","GPPS (Crystal PS)","149.87","149.87","0","₹/kg","held (no India evidence this round)","Thermoplastic",""
"material","mat-hips","HIPS (High Impact PS)","149.87","149.87","0","₹/kg","held (no India evidence this round)","Thermoplastic",""
"material","mat-pc-abs","PC/ABS Blend (automotive grade)","219.8","219.8","0","₹/kg","held (no India evidence this round)","Thermoplastic",""
"material","mat-pa6-gf30","PA6 GF30","288.49","288.49","0","₹/kg","held (no India evidence this round)","Thermoplastic",""
"material","mat-peek","PEEK Unfilled","9425.52","9425.52","0","₹/kg","held (no India evidence this round)","High-Performance Thermoplastic",""
"material","mat-peek-gf30","PEEK GF30","11533.86","11533.86","0","₹/kg","held (no India evidence this round)","High-Performance Thermoplastic",""
"material","mat-asa","ASA (Weatherable)","256.44","256.44","0","₹/kg","held (no India evidence this round)","Thermoplastic",""
"material","mat-san","SAN (Styrene-Acrylonitrile)","193.47","193.47","0","₹/kg","held (no India evidence this round)","Thermoplastic",""
"material","mat-pp-t20","PP-T20 (20% Talc-filled)","138.93","138.93","0","₹/kg","held (no India evidence this round)","Thermoplastic",""
"material","mat-pp-t30","PP-T30 (30% Mineral/Talc-filled)","149.87","149.87","0","₹/kg","held (no India evidence this round)","Thermoplastic",""
"material","mat-pp-lgf30","PP-LGF30 (Long-Glass PP)","286.61","286.61","0","₹/kg","held (no India evidence this round)","Thermoplastic",""
"material","mat-tpo","TPO (Thermoplastic Olefin)","214.08","214.08","0","₹/kg","held (no India evidence this round)","Thermoplastic",""
"material","mat-tpv","TPV (Santoprene-type)","367.48","367.48","0","₹/kg","held (no India evidence this round)","Thermoplastic Elastomer",""
"material","mat-pmma","PMMA (Acrylic)","274.75","274.75","0","₹/kg","held (no India evidence this round)","Thermoplastic",""
"material","mat-pps-gf40","PPS GF40","682.11","682.11","0","₹/kg","held (no India evidence this round)","High-Performance Thermoplastic",""
"material","mat-ppa-gf35","PPA GF35 (High-Temp Polyamide)","843.34","843.34","0","₹/kg","held (no India evidence this round)","High-Performance Thermoplastic",""
"material","mat-pei","PEI (Ultem, Unfilled)","1550.25","1550.25","0","₹/kg","held (no India evidence this round)","High-Performance Thermoplastic",""
"material","mat-pei-gf30","PEI GF30","1736.28","1736.28","0","₹/kg","held (no India evidence this round)","High-Performance Thermoplastic",""
"material","mat-lcp-gf30","LCP GF30 (Liquid-Crystal Polymer)","1364.22","1364.22","0","₹/kg","held (no India evidence this round)","High-Performance Thermoplastic",""
"material","mat-pa66-gf35","PA66 GF35","377.78","377.78","0","₹/kg","held (no India evidence this round)","Thermoplastic",""
"material","mat-pa66-gf50","PA66 GF50","406.4","406.4","0","₹/kg","held (no India evidence this round)","Thermoplastic",""
"material","mat-pa66-min","PA66 Mineral-filled (Low-Warp)","343.44","343.44","0","₹/kg","held (no India evidence this round)","Thermoplastic",""
"material","mat-pa12","PA12 (Nylon 12)","973.08","973.08","0","₹/kg","held (no India evidence this round)","Thermoplastic",""
"material","mat-pc-pbt","PC/PBT Blend","366.34","366.34","0","₹/kg","held (no India evidence this round)","Thermoplastic",""
"material","mat-mppe","mPPE / PPO (Noryl-type)","389.23","389.23","0","₹/kg","held (no India evidence this round)","Thermoplastic",""
"material","mat-pc-fr","PC FR (UL94 V0)","412.13","412.13","0","₹/kg","held (no India evidence this round)","Thermoplastic",""
"material","mat-pa66-gf25-fr","PA66 GF25 FR (UL94 V0)","480.82","480.82","0","₹/kg","held (no India evidence this round)","Thermoplastic",""
"material","mat-pcr-pp","PCR PP (Post-Consumer Recycled)","106.11","106.11","0","₹/kg","held (no India evidence this round)","Thermoplastic",""
"material","mat-bio-pa610","Bio-PA610 (Castor-based)","682.11","682.11","0","₹/kg","held (no India evidence this round)","High-Performance Thermoplastic",""
"material","mat-bronze-c905","C905 Phosphor Bronze","1694.11","1694.11","0","₹/kg","held (no India evidence this round)","Copper Alloy",""
"material","mat-mag-az91","AZ91D Magnesium Die Cast","472.52","472.52","0","₹/kg","held (no India evidence this round)","Magnesium Alloy",""
"material","mat-zamak3","Zamak 3 (Zinc Die Cast)","395.62","395.62","0","₹/kg","held (no India evidence this round)","Zinc Die Cast",""
"material","mat-zamak5","Zamak 5 (Zinc Die Cast, Hi-Strength)","401.82","401.82","0","₹/kg","held (no India evidence this round)","Zinc Die Cast",""
"material","mat-mag-am60","AM60B Magnesium Die Cast","453.91","453.91","0","₹/kg","held (no India evidence this round)","Magnesium Alloy",""
"material","mat-mag-am50","AM50A Magnesium Die Cast","460.11","460.11","0","₹/kg","held (no India evidence this round)","Magnesium Alloy",""
"material","mat-mag-ae44","AE44 Magnesium (Creep-Resistant)","622.58","622.58","0","₹/kg","held (no India evidence this round)","Magnesium Alloy",""
"material","mat-za8","ZA-8 (Zinc-Aluminium Die Cast)","434.07","434.07","0","₹/kg","held (no India evidence this round)","Zinc Die Cast",""
"material","mat-za27","ZA-27 (High-Strength Zinc-Aluminium)","450.19","450.19","0","₹/kg","held (no India evidence this round)","Zinc Die Cast",""
"material","mat-inconel718-cast","Inconel 718 (Investment Cast Superalloy)","5213.8","5213.8","0","₹/kg","held (no India evidence this round)","Nickel Superalloy Casting",""
"material","mat-al6061-forge","6061 (Al Forging Stock)","414.23","414.23","0","₹/kg","held (no India evidence this round)","Aluminium Forging Billet",""
"material","mat-al-billet-1050","EN AW-1050A (99.5% Al) extrusion billet","359.05","359.05","0","₹/kg","held (no India evidence this round)","Aluminium Extrusion Billet",""
"material","mat-al-billet-1100","AA 1100 (99.0% Al) extrusion billet","360.97","360.97","0","₹/kg","held (no India evidence this round)","Aluminium Extrusion Billet",""
"material","mat-al-billet-1350","EN AW-1350 (EC, electrical conductor) extrusion billet","364.8","364.8","0","₹/kg","held (no India evidence this round)","Aluminium Extrusion Billet",""
"material","mat-al-billet-2011","EN AW-2011 (Al-Cu6BiPb, free-machining) extrusion billet","458.63","458.63","0","₹/kg","held (no India evidence this round)","Aluminium Extrusion Billet",""
"material","mat-al-billet-2014","EN AW-2014 (Al-Cu4SiMg) extrusion billet","477.78","477.78","0","₹/kg","held (no India evidence this round)","Aluminium Extrusion Billet",""
"material","mat-al-billet-2024","EN AW-2024 (Al-Cu4Mg1) extrusion billet","496.93","496.93","0","₹/kg","held (no India evidence this round)","Aluminium Extrusion Billet",""
"material","mat-al-billet-3003","EN AW-3003 (Al-Mn1Cu) extrusion billet","366.72","366.72","0","₹/kg","held (no India evidence this round)","Aluminium Extrusion Billet",""
"material","mat-al-billet-3103","EN AW-3103 (Al-Mn1) extrusion billet","366.72","366.72","0","₹/kg","held (no India evidence this round)","Aluminium Extrusion Billet",""
"material","mat-al-billet-5083","EN AW-5083 (Al-Mg4.5Mn) extrusion billet","391.61","391.61","0","₹/kg","held (no India evidence this round)","Aluminium Extrusion Billet",""
"material","mat-al-billet-5086","EN AW-5086 (Al-Mg4) extrusion billet","389.69","389.69","0","₹/kg","held (no India evidence this round)","Aluminium Extrusion Billet",""
"material","mat-al-billet-5754","EN AW-5754 (Al-Mg3) extrusion billet","382.03","382.03","0","₹/kg","held (no India evidence this round)","Aluminium Extrusion Billet",""
"material","mat-al-billet-6008","EN AW-6008 (Al-SiMgV) extrusion billet","374.38","374.38","0","₹/kg","held (no India evidence this round)","Aluminium Extrusion Billet",""
"material","mat-al-billet-6026","EN AW-6026 (free-machining, lead-free) extrusion billet","401.18","401.18","0","₹/kg","held (no India evidence this round)","Aluminium Extrusion Billet",""
"material","mat-al-billet-6060","EN AW-6060 (Al-MgSi) extrusion billet","360.97","360.97","0","₹/kg","held (no India evidence this round)","Aluminium Extrusion Billet",""
"material","mat-al-billet-6061","EN AW-6061 (Al-Mg1SiCu) extrusion billet","377.25","377.25","0","₹/kg","held (no India evidence this round)","Aluminium Extrusion Billet",""
"material","mat-al-billet-6063","EN AW-6063 (Al-Mg0.7Si) extrusion billet","362.88","362.88","0","₹/kg","held (no India evidence this round)","Aluminium Extrusion Billet",""
"material","mat-al-billet-6082","EN AW-6082 (Al-Si1MgMn) extrusion billet","377.25","377.25","0","₹/kg","held (no India evidence this round)","Aluminium Extrusion Billet",""
"material","mat-al-billet-6101","EN AW-6101B (electrical) extrusion billet","368.63","368.63","0","₹/kg","held (no India evidence this round)","Aluminium Extrusion Billet",""
"material","mat-al-billet-6106","EN AW-6106 (Al-MgSiMn) extrusion billet","363.84","363.84","0","₹/kg","held (no India evidence this round)","Aluminium Extrusion Billet",""
"material","mat-al-billet-6351","EN AW-6351 (Al-Si1Mg0.5Mn) extrusion billet","377.25","377.25","0","₹/kg","held (no India evidence this round)","Aluminium Extrusion Billet",""
"material","mat-al-billet-7003","EN AW-7003 (Al-Zn6Mg0.8Zr) extrusion billet","396.39","396.39","0","₹/kg","held (no India evidence this round)","Aluminium Extrusion Billet",""
"material","mat-al-billet-7005","EN AW-7005 (Al-Zn4.5Mg1.5Mn) extrusion billet","399.27","399.27","0","₹/kg","held (no India evidence this round)","Aluminium Extrusion Billet",""
"material","mat-al-billet-7020","EN AW-7020 (Al-Zn4.5Mg1) extrusion billet","399.27","399.27","0","₹/kg","held (no India evidence this round)","Aluminium Extrusion Billet",""
"material","mat-al-billet-7046","EN AW-7046 (Al-Zn7Mg1.2) extrusion billet","403.1","403.1","0","₹/kg","held (no India evidence this round)","Aluminium Extrusion Billet",""
"material","mat-al-billet-7075","EN AW-7075 (Al-Zn5.5MgCu) extrusion billet","477.78","477.78","0","₹/kg","held (no India evidence this round)","Aluminium Extrusion Billet",""
"material","mat-al-billet-7108","EN AW-7108 (Al-Zn5Mg1Zr) extrusion billet","396.39","396.39","0","₹/kg","held (no India evidence this round)","Aluminium Extrusion Billet",""
"material","mat-al-billet-1070a","EN AW-1070A (99.7% Al) extrusion billet","360.01","360.01","0","₹/kg","held (no India evidence this round)","Aluminium Extrusion Billet",""
"material","mat-al-billet-6063a","EN AW-6063A (Al-Mg0.7Si(A)) extrusion billet","364.8","364.8","0","₹/kg","held (no India evidence this round)","Aluminium Extrusion Billet",""
"material","mat-al-billet-6005a","EN AW-6005A (Al-SiMg(A)) extrusion billet","370.55","370.55","0","₹/kg","held (no India evidence this round)","Aluminium Extrusion Billet",""
"material","mat-al-billet-2017a","EN AW-2017A (Al-Cu4MgSi) extrusion billet","477.78","477.78","0","₹/kg","held (no India evidence this round)","Aluminium Extrusion Billet",""
"material","mat-zamak2","Zamak 2 / ZL0430 (ZnAl4Cu3, high strength)","425.39","425.39","0","₹/kg","held (no India evidence this round)","Zinc Die Cast",""
"material","mat-in713c-cast","Inconel 713C (investment-cast superalloy — turbocharger wheels)","5406.03","5406.03","0","₹/kg","held (no India evidence this round)","Nickel Superalloy Casting",""
"material","mat-lg2-gunmetal","LG2 / CC491K (leaded gunmetal CuSn5Zn5Pb5)","1418.79","1418.79","0","₹/kg","held (no India evidence this round)","Copper Alloy",""
"material","mat-brass-cast-cb754","CC754S / CuZn39Pb1Al-C (gravity / die-cast brass)","977.28","977.28","0","₹/kg","held (no India evidence this round)","Copper Alloy",""
"material","mat-al2014-forge","2014 (Al-Cu forging stock — aero and automotive)","445.23","445.23","0","₹/kg","held (no India evidence this round)","Aluminium Forging Billet",""
"material","mat-cusn12-cast","CC483K / CuSn12-C (tin bronze — worm wheels, gear rims, bearings)","1789.61","1789.61","0","₹/kg","held (no India evidence this round)","Copper Alloy",""
"material","mat-tpe-s-im","TPE-S (SEBS) 60 Shore A — overmould grade","297.65","297.65","0","₹/kg","held (no India evidence this round)","Thermoplastic Elastomer",""
"material","mat-psu","PSU (Polysulfone)","1054.17","1054.17","0","₹/kg","held (no India evidence this round)","High-Performance Thermoplastic",""
"material","mat-ppsu","PPSU (Polyphenylsulfone, Radel-type)","1984.32","1984.32","0","₹/kg","held (no India evidence this round)","High-Performance Thermoplastic",""
"material","mat-pla","PLA (injection grade)","256.44","256.44","0","₹/kg","held (no India evidence this round)","Thermoplastic",""
"material","mat-abs-fr","ABS FR (UL94 V0)","230.1","230.1","0","₹/kg","held (no India evidence this round)","Thermoplastic",""
"material","mat-pc-gf20","PC GF20","271.32","271.32","0","₹/kg","held (no India evidence this round)","Thermoplastic",""
"material","mat-aa1050-sheet","AA1050A-H14 Sheet (heat shields, reflectors)","373.3","373.3","0","₹/kg","held (no India evidence this round)","Aluminium Sheet",""
"material","mat-al7075-bar","7075-T6 Aluminium Bar (aerospace, tooling)","601.5","601.5","0","₹/kg","held (no India evidence this round)","Aluminium",""
"material","mat-al6082-forge","6082 (Al Forging Stock)","401.82","401.82","0","₹/kg","held (no India evidence this round)","Aluminium Forging Billet",""
"material","mat-al7075-forge","7075 (Al Forging Stock)","570.49","570.49","0","₹/kg","held (no India evidence this round)","Aluminium Forging Billet",""
"material","mat-al2618-forge","2618 (Al-Cu Piston/Aero)","642.42","642.42","0","₹/kg","held (no India evidence this round)","Aluminium Forging Billet",""
"material","mat-ti-cp-gr2","CP Titanium Grade 2 (Forging Bar)","3173.67","3173.67","0","₹/kg","held (no India evidence this round)","Titanium Forging Billet",""
"material","mat-ti-6al4v-forge","Ti-6Al-4V Grade 5 (Forging Bar)","4666.87","4666.87","0","₹/kg","held (no India evidence this round)","Titanium Forging Billet",""
"material","mat-inconel718-forge","Inconel 718 (Forging Bar)","5461.84","5461.84","0","₹/kg","held (no India evidence this round)","Nickel Superalloy Billet",""
"material","mat-waspaloy-forge","Waspaloy (Forging Bar)","8686.36","8686.36","0","₹/kg","held (no India evidence this round)","Nickel Superalloy Billet",""
"material","mat-inconel625-forge","Inconel 625 (Forging Bar)","4718.96","4718.96","0","₹/kg","held (no India evidence this round)","Nickel Superalloy Billet",""
"material","mat-hastelloy-c276-forge","Hastelloy C-276 (Forging Bar)","6826.06","6826.06","0","₹/kg","held (no India evidence this round)","Nickel Superalloy Billet",""
"material","mat-monel400-forge","Monel 400 (Forging Bar)","3506.05","3506.05","0","₹/kg","held (no India evidence this round)","Nickel Alloy Billet",""
"material","mat-ti-6242-forge","Ti-6Al-2Sn-4Zr-2Mo (Forging Bar)","6405.63","6405.63","0","₹/kg","held (no India evidence this round)","Titanium Forging Billet",""
"material","mat-al7050-forge","7050 (Al-Zn Aero Forging Stock)","1054.17","1054.17","0","₹/kg","held (no India evidence this round)","Aluminium Forging Billet",""
"material","mat-mg-az31-forge","AZ31B (Mg Forging Bar)","782.57","782.57","0","₹/kg","held (no India evidence this round)","Magnesium Forging Billet",""
"material","mat-brass-cz122-forge","CZ122 / CW617N (Forging Brass)","979.76","979.76","0","₹/kg","held (no India evidence this round)","Copper Alloy Billet",""
"material","mat-paint-ecoat","E-coat (Cathodic)","416.61","416.61","0","₹/kg","held (no India evidence this round)","Paint",""
"material","mat-paint-primer","2K Primer","690.57","690.57","0","₹/kg","held (no India evidence this round)","Paint",""
"material","mat-paint-basecoat","Waterborne Basecoat","975.85","975.85","0","₹/kg","held (no India evidence this round)","Paint",""
"material","mat-paint-clearcoat","2K Clearcoat","1129.82","1129.82","0","₹/kg","held (no India evidence this round)","Paint",""
"material","mat-paint-powder","Powder Coat (Polyester)","380.38","380.38","0","₹/kg","held (no India evidence this round)","Paint",""
"material","mat-paint-1k-primer","1K Etch Primer","611.32","611.32","0","₹/kg","held (no India evidence this round)","Paint",""
"material","mat-paint-sb-basecoat","Solventborne Basecoat","1041.51","1041.51","0","₹/kg","held (no India evidence this round)","Paint",""
"material","mat-paint-uv-clear","UV-Cure Clearcoat","1641.52","1641.52","0","₹/kg","held (no India evidence this round)","Paint",""
"material","mat-paint-pvc-underbody","PVC Underbody / Anti-Chip Sealer","290.94","290.94","0","₹/kg","held (no India evidence this round)","Paint",""
"material","mat-petg-bm","PETG Clear Blow Grade","249.57","249.57","0","₹/kg","held (no India evidence this round)","Blow Moulding",""
"material","mat-tpe-bm","TPE Blow Grade 40 Shore A","283.91","283.91","0","₹/kg","held (no India evidence this round)","Blow Moulding",""
"material","mat-eva-bm","EVA Blow Grade (14% VA)","211.79","211.79","0","₹/kg","held (no India evidence this round)","Blow Moulding",""
"material","mat-tritan-bm","Tritan Copolyester (BPA-free clear)","744.12","744.12","0","₹/kg","held (no India evidence this round)","Blow Moulding",""
"material","mat-biope-bm","Bio-PE Blow Grade (sugarcane HDPE)","251.86","251.86","0","₹/kg","held (no India evidence this round)","Blow Moulding",""
"material","mat-rhdpe-bm","Recycled HDPE Blow Grade (PCR)","107.61","107.61","0","₹/kg","held (no India evidence this round)","Blow Moulding",""
"material","mat-rpp-bm","Recycled PP Blow Grade (PCR)","105.32","105.32","0","₹/kg","held (no India evidence this round)","Blow Moulding",""
"material","mat-xlpe-cable","XLPE Cable Insulation Compound","281.11","281.11","0","₹/kg","held (no India evidence this round)","Extrusion",""
"material","mat-gpps-ext","GPPS Extrusion Sheet Grade","197.16","197.16","0","₹/kg","held (no India evidence this round)","Extrusion",""
"material","mat-pmma-ext-sheet","PMMA Extrusion Sheet (acrylic)","315.46","315.46","0","₹/kg","held (no India evidence this round)","Extrusion",""
"material","mat-pvc-medical-tube","Medical PVC Tubing Compound (DEHP-free)","230.23","230.23","0","₹/kg","held (no India evidence this round)","Extrusion",""
"material","mat-tpu-medical-tube","Medical TPU Tubing (85A)","801.36","801.36","0","₹/kg","held (no India evidence this round)","Extrusion",""
"material","mat-tpe-profile","TPE-S Extrusion Profile (60 Shore A)","290.02","290.02","0","₹/kg","held (no India evidence this round)","Extrusion",""
"material","mat-pa12-ext-tube","PA12 Extrusion (fuel/brake line tube)","769.56","769.56","0","₹/kg","held (no India evidence this round)","Extrusion",""
"material","mat-pa11-tube","PA11 Tube Grade (Rilsan-type, bio-based)","715.47","715.47","0","₹/kg","held (no India evidence this round)","Extrusion",""
"material","mat-pvdf-ext","PVDF Extrusion Grade (homopolymer)","1022.27","1022.27","0","₹/kg","held (no India evidence this round)","Extrusion",""
"material","mat-tpv-profile","TPV Extrusion Profile (EPDM/PP, automotive weatherseal)","363.4","363.4","0","₹/kg","held (no India evidence this round)","Extrusion",""
"material","mat-pom-rod","POM Extrusion Grade (rod / tube stock shapes)","262.64","262.64","0","₹/kg","held (no India evidence this round)","Extrusion",""
"material","mat-tpu-ext-hose","TPU Extrusion Grade (85A, hose and tube)","285.28","285.28","0","₹/kg","held (no India evidence this round)","Extrusion",""
"material","mat-peek-ext","PEEK Extrusion Grade (tube, rod, film)","8603.81","8603.81","0","₹/kg","held (no India evidence this round)","Extrusion",""
"material","mat-asa-capstock","ASA Capstock Grade (co-extruded weather layer)","253.59","253.59","0","₹/kg","held (no India evidence this round)","Extrusion",""
"material","mat-mb-colour","Colour Masterbatch (universal)","524.15","524.15","0","₹/kg","held (no India evidence this round)","Additive / Masterbatch",""
"material","mat-mb-white-tio2","White Masterbatch (70% TiO₂)","372.45","372.45","0","₹/kg","held (no India evidence this round)","Additive / Masterbatch",""
"material","mat-mb-black","Black Masterbatch (40% carbon)","252.45","252.45","0","₹/kg","held (no India evidence this round)","Additive / Masterbatch",""
"material","mat-add-uv","UV Stabiliser Masterbatch (HALS)","769.81","769.81","0","₹/kg","held (no India evidence this round)","Additive / Masterbatch",""
"material","mat-add-antistat","Anti-Static Additive Masterbatch","622.64","622.64","0","₹/kg","held (no India evidence this round)","Additive / Masterbatch",""
"material","mat-add-fr","Flame-Retardant Masterbatch (halogen-free)","475.47","475.47","0","₹/kg","held (no India evidence this round)","Additive / Masterbatch",""
"material","mat-add-impact","Impact Modifier (acrylic/CPE)","350.94","350.94","0","₹/kg","held (no India evidence this round)","Additive / Masterbatch",""
"material","mat-add-procaid","Processing Aid (fluoropolymer PPA)","962.27","962.27","0","₹/kg","held (no India evidence this round)","Additive / Masterbatch",""
"material","mat-hips-tf","HIPS Thermoforming Sheet","170.45","170.45","0","₹/kg","held (no India evidence this round)","Thermoforming Sheet",""
"material","mat-petg-tf","PETG Thermoforming Sheet (clear)","218.78","218.78","0","₹/kg","held (no India evidence this round)","Thermoforming Sheet",""
"material","mat-cpet-tf","CPET Sheet (crystalline, dual-ovenable)","206.06","206.06","0","₹/kg","held (no India evidence this round)","Thermoforming Sheet",""
"material","mat-ps-foam-tf","PS Foam Sheet (foamed tray stock)","235.32","235.32","0","₹/kg","held (no India evidence this round)","Thermoforming Sheet",""
"material","mat-pmma-tf","PMMA / Acrylic Sheet (cast/extruded)","358.7","358.7","0","₹/kg","held (no India evidence this round)","Thermoforming Sheet",""
"material","mat-pei-tf","PEI (Ultem) Sheet (aerospace)","3510.72","3510.72","0","₹/kg","held (no India evidence this round)","Thermoforming Sheet",""
"material","mat-pps-tf","PPS Sheet (high-temp)","1755.36","1755.36","0","₹/kg","held (no India evidence this round)","Thermoforming Sheet",""
"material","mat-abs-pmma-tf","ABS/PMMA Co-ex Sheet (capped)","310.37","310.37","0","₹/kg","held (no India evidence this round)","Thermoforming Sheet",""
"material","mat-abs-pc-tf","ABS/PC Co-ex Sheet","377.78","377.78","0","₹/kg","held (no India evidence this round)","Thermoforming Sheet",""
"material","mat-pp-tpo-tf","PP/TPO Automotive Sheet","228.96","228.96","0","₹/kg","held (no India evidence this round)","Thermoforming Sheet",""
"material","mat-petg-barrier-tf","PETG/EVOH Barrier Sheet","292.56","292.56","0","₹/kg","held (no India evidence this round)","Thermoforming Sheet",""
"material","mat-pa12-roto","PA12 Roto Powder","1087.56","1087.56","0","₹/kg","held (no India evidence this round)","Rotational Moulding",""
"material","mat-rpe-roto","Recycled PE Roto Powder","107.61","107.61","0","₹/kg","held (no India evidence this round)","Rotational Moulding",""
"material","mat-epdm","EPDM 70 Shore A","235.64","235.64","0","₹/kg","held (no India evidence this round)","Rubber",""
"material","mat-nbr","NBR 70 Shore A","287.73","287.73","0","₹/kg","held (no India evidence this round)","Rubber",""
"material","mat-silicone-hcr","HCR Silicone 60 Shore A","1106.26","1106.26","0","₹/kg","held (no India evidence this round)","Rubber",""
"material","mat-lsr","LSR 40 Shore A","1953.32","1953.32","0","₹/kg","held (no India evidence this round)","Rubber",""
"material","mat-viton-fkm","FKM Viton 75 Shore A","2864.86","2864.86","0","₹/kg","held (no India evidence this round)","Rubber",""
"material","mat-sbr","SBR 65 Shore A","179.83","179.83","0","₹/kg","held (no India evidence this round)","Rubber",""
"material","mat-cr","CR Neoprene 60 Shore A","479.96","479.96","0","₹/kg","held (no India evidence this round)","Rubber",""
"material","mat-hnbr","HNBR 70 Shore A","700.71","700.71","0","₹/kg","held (no India evidence this round)","Rubber",""
"material","mat-iir","Butyl Rubber IIR 55 Shore A","270.36","270.36","0","₹/kg","held (no India evidence this round)","Rubber",""
"material","mat-pu-elastomer","Polyurethane Elastomer 70 Shore A","527.09","527.09","0","₹/kg","held (no India evidence this round)","Rubber",""
"material","mat-fvmq","FVMQ Fluorosilicone 60 Shore A","4216.68","4216.68","0","₹/kg","held (no India evidence this round)","Rubber",""
"material","mat-acm","ACM Polyacrylate 70 Shore A","843.34","843.34","0","₹/kg","held (no India evidence this round)","Rubber",""
"material","mat-aem","AEM (Vamac) 60 Shore A","1178.19","1178.19","0","₹/kg","held (no India evidence this round)","Rubber",""
"material","mat-eco","ECO Epichlorohydrin 65 Shore A","731.72","731.72","0","₹/kg","held (no India evidence this round)","Rubber",""
"material","mat-csm","CSM Hypalon 65 Shore A","768.92","768.92","0","₹/kg","held (no India evidence this round)","Rubber",""
"material","mat-br","BR Polybutadiene (high-cis) 60 Shore A","217.04","217.04","0","₹/kg","held (no India evidence this round)","Rubber",""
"material","mat-bromobutyl","Bromobutyl (BIIR) 50 Shore A","353.46","353.46","0","₹/kg","held (no India evidence this round)","Rubber",""
"material","mat-chlorobutyl","Chlorobutyl (CIIR) 55 Shore A","341.06","341.06","0","₹/kg","held (no India evidence this round)","Rubber",""
"material","mat-ffkm","FFKM Perfluoroelastomer (Kalrez-type) 75 Shore A","39686.4","39686.4","0","₹/kg","held (no India evidence this round)","Rubber",""
"material","mat-nbr-high-acn","NBR High-ACN (fuel) 75 Shore A","316.25","316.25","0","₹/kg","held (no India evidence this round)","Rubber",""
"material","mat-epdm-peroxide","EPDM Peroxide-Cured 70 Shore A","266.64","266.64","0","₹/kg","held (no India evidence this round)","Rubber",""
"material","mat-silicone-medical","LSR Medical-Grade 30 Shore A","2046.33","2046.33","0","₹/kg","held (no India evidence this round)","Rubber",""
"material","mat-cfrp-prepreg-t700","T700 CF/Epoxy Prepreg (125°C cure)","3803.79","3803.79","0","₹/kg","held (no India evidence this round)","Composite",""
"material","mat-gfrp-prepreg-e","E-glass/Epoxy Prepreg (120°C cure)","892.08","892.08","0","₹/kg","held (no India evidence this round)","Composite",""
"material","mat-cf-dry-3k","Carbon Fibre 3K Twill Dry Fabric","2852.84","2852.84","0","₹/kg","held (no India evidence this round)","Composite",""
"material","mat-gf-dry-e","E-glass Woven Dry Fabric (600 g/m²)","451.7","451.7","0","₹/kg","held (no India evidence this round)","Composite",""
"material","mat-epoxy-infusion","Epoxy Infusion Resin System (LT cure)","1545.29","1545.29","0","₹/kg","held (no India evidence this round)","Composite",""
"material","mat-vinylester-rtm","Vinyl Ester RTM Resin","618.12","618.12","0","₹/kg","held (no India evidence this round)","Composite",""
"material","mat-aramid-k49","Aramid (Kevlar 49) Woven Fabric","3566.05","3566.05","0","₹/kg","held (no India evidence this round)","Composite",""
"material","mat-cf-uni-t800","T800 Unidirectional CF/Epoxy Prepreg","5207.57","5207.57","0","₹/kg","held (no India evidence this round)","Composite",""
"material","mat-smc-gf","SMC (Glass-Filled Sheet Moulding Compound)","322.64","322.64","0","₹/kg","held (no India evidence this round)","Composite",""
"material","mat-bmc","BMC (Bulk Moulding Compound)","350.94","350.94","0","₹/kg","held (no India evidence this round)","Composite",""
"material","mat-csm-gf","E-glass Chopped Strand Mat (450 g/m²)","362.27","362.27","0","₹/kg","held (no India evidence this round)","Composite",""
"material","mat-cf-peek-organo","CF/PEEK Organosheet (Thermoplastic)","7018.9","7018.9","0","₹/kg","held (no India evidence this round)","Composite",""
"material","mat-nomex-honeycomb","Nomex Honeycomb Core","4754.74","4754.74","0","₹/kg","held (no India evidence this round)","Composite",""
"material","mat-pet-foam-core","PET Structural Foam Core","1075.48","1075.48","0","₹/kg","held (no India evidence this round)","Composite",""
"labour","category:skilled","skilled","653.81","161.54","-75.29","₹/h fully loaded","updated","G=27,000; basic=0.5G=13,500; PF+EDLI+admin=13%xmin(basic,15000)=1,755; ESI=3.25%xG if G<=21000 =0; bonus=8.33%xmin(basic,18677) if basic<=21000 =1,125; gratuity=4.81%xbasic=649; monthly employer cost=30,529 (+13.1%); x12=366,347/yr / 2,264 h = 161.8 INR/h","https://hyring.com/jobseeker-toolkit/salary/cnc-operator-salary-in-pune"
"labour","category:semiskilled","semiskilled","447.74","114.48","-74.43","₹/h fully loaded","updated","G=18,500; basic=0.5G=9,250; PF+EDLI+admin=13%xmin(basic,15000)=1,202; ESI=3.25%xG if G<=21000 =601; bonus=8.33%xmin(basic,18677) if basic<=21000 =771; gratuity=4.81%xbasic=445; monthly employer cost=21,519 (+16.3%); x12=258,230/yr / 2,264 h = 114.1 INR/h","https://www.jobhai.com/hi/manufacturing-machine-operator-job-in-jay-bharat-maruti-sector-3-imt-manesar-gurgaon-0-to-0-years-1783940761-7949162-jid"
"labour","category:engineer","engineer","1536.58","254.4","-83.44","₹/h fully loaded","updated","G=45,000; basic=0.5G=22,500; PF+EDLI+admin=13%xmin(basic,15000)=1,950; ESI=3.25%xG if G<=21000 =0; bonus=8.33%xmin(basic,18677) if basic<=21000 =0; gratuity=4.81%xbasic=1,082; monthly employer cost=48,032 (+6.7%); x12=576,387/yr / 2,264 h = 254.6 INR/h","https://www.payscale.com/research/IN/Job=Process_Engineer/Salary/2a531e0b/Mid-Career-Pune-Manufacturing-Process-Engineering"
"labour","category:foundry","foundry","384.14","129.74","-66.23","₹/h fully loaded","updated","G=21,000; basic=0.5G=10,500; PF+EDLI+admin=13%xmin(basic,15000)=1,365; ESI=3.25%xG if G<=21000 =682; bonus=8.33%xmin(basic,18677) if basic<=21000 =875; gratuity=4.81%xbasic=505; monthly employer cost=24,427 (+16.3%); x12=293,126/yr / 2,264 h = 129.5 INR/h","https://prd.wageindicator.org/en-in/work-in-india/role-and-pay/india-metal-moulders-and-coremakers"
"labour","category:electronics","electronics","576.22","137.38","-76.16","₹/h fully loaded","updated","G=23,000; basic=0.5G=11,500; PF+EDLI+admin=13%xmin(basic,15000)=1,495; ESI=3.25%xG if G<=21000 =0; bonus=8.33%xmin(basic,18677) if basic<=21000 =958; gratuity=4.81%xbasic=553; monthly employer cost=26,006 (+13.1%); x12=312,073/yr / 2,264 h = 137.8 INR/h","https://in.indeed.com/Smt-jobs-in-South-India"
"labour","category:inspector","inspector","704.69","123.38","-82.49","₹/h fully loaded","updated","G=20,000; basic=0.5G=10,000; PF+EDLI+admin=13%xmin(basic,15000)=1,300; ESI=3.25%xG if G<=21000 =650; bonus=8.33%xmin(basic,18677) if basic<=21000 =833; gratuity=4.81%xbasic=481; monthly employer cost=23,264 (+16.3%); x12=279,168/yr / 2,264 h = 123.3 INR/h","https://www.ambitionbox.com/salaries/tata-motors-salaries/quality-inspector"
"labour","category:technician","technician","718.68","143.74","-80","₹/h fully loaded","updated","G=24,000; basic=0.5G=12,000; PF+EDLI+admin=13%xmin(basic,15000)=1,560; ESI=3.25%xG if G<=21000 =0; bonus=8.33%xmin(basic,18677) if basic<=21000 =1,000; gratuity=4.81%xbasic=577; monthly employer cost=27,137 (+13.1%); x12=325,642/yr / 2,264 h = 143.8 INR/h","https://corpready.in/salary/maintenance-technician-electrical"
"labour","category:supervisor","supervisor","882.77","197.16","-77.67","₹/h fully loaded","updated","G=33,000; basic=0.5G=16,500; PF+EDLI+admin=13%xmin(basic,15000)=1,950; ESI=3.25%xG if G<=21000 =0; bonus=8.33%xmin(basic,18677) if basic<=21000 =1,374; gratuity=4.81%xbasic=794; monthly employer cost=37,118 (+12.5%); x12=445,417/yr / 2,264 h = 196.7 INR/h","https://www.payscale.com/research/IN/Job=Production_Supervisor%2C_Manufacturing/Salary/febb9359/Pune"
"labour","lab-uk-forge (India)","forge","498.62","132.29","-73.47","₹/h fully loaded","updated","G=22,000; basic=0.5G=11,000; PF+EDLI+admin=13%xmin(basic,15000)=1,430; ESI=3.25%xG if G<=21000 =0; bonus=8.33%xmin(basic,18677) if basic<=21000 =916; gratuity=4.81%xbasic=529; monthly employer cost=24,875 (+13.1%); x12=298,505/yr / 2,264 h = 131.8 INR/h","https://wageindicator.org/en-in/work-in-india/role-and-pay/india-blacksmiths-hammersmiths-and-forging-press"
"labour","lab-uk-furnace (India)","furnace","456.65","137.38","-69.92","₹/h fully loaded","updated","G=23,000; basic=0.5G=11,500; PF+EDLI+admin=13%xmin(basic,15000)=1,495; ESI=3.25%xG if G<=21000 =0; bonus=8.33%xmin(basic,18677) if basic<=21000 =958; gratuity=4.81%xbasic=553; monthly employer cost=26,006 (+13.1%); x12=312,073/yr / 2,264 h = 137.8 INR/h","https://in.indeed.com/cmp/Marks-Engineering-Works---Foundry-Division"
"labour","lab-uk-blow (India)","blow","464.28","110.66","-76.17","₹/h fully loaded","updated","G=18,000; basic=0.5G=9,000; PF+EDLI+admin=13%xmin(basic,15000)=1,170; ESI=3.25%xG if G<=21000 =585; bonus=8.33%xmin(basic,18677) if basic<=21000 =750; gratuity=4.81%xbasic=433; monthly employer cost=20,938 (+16.3%); x12=251,251/yr / 2,264 h = 111.0 INR/h","https://corpready.in/salary/injection-moulding-operator"
"labour","lab-uk-roto (India)","roto","452.83","110.66","-75.56","₹/h fully loaded","updated","G=18,000; basic=0.5G=9,000; PF+EDLI+admin=13%xmin(basic,15000)=1,170; ESI=3.25%xG if G<=21000 =585; bonus=8.33%xmin(basic,18677) if basic<=21000 =750; gratuity=4.81%xbasic=433; monthly employer cost=20,938 (+16.3%); x12=251,251/yr / 2,264 h = 111.0 INR/h","https://corpready.in/salary/injection-moulding-operator"
"labour","lab-uk-thermoform (India)","thermoform","441.38","110.66","-74.93","₹/h fully loaded","updated","G=18,000; basic=0.5G=9,000; PF+EDLI+admin=13%xmin(basic,15000)=1,170; ESI=3.25%xG if G<=21000 =585; bonus=8.33%xmin(basic,18677) if basic<=21000 =750; gratuity=4.81%xbasic=433; monthly employer cost=20,938 (+16.3%); x12=251,251/yr / 2,264 h = 111.0 INR/h","https://corpready.in/salary/injection-moulding-operator"
"labour","lab-uk-trim-router (India)","trim-router","508.8","110.66","-78.25","₹/h fully loaded","updated","G=18,000; basic=0.5G=9,000; PF+EDLI+admin=13%xmin(basic,15000)=1,170; ESI=3.25%xG if G<=21000 =585; bonus=8.33%xmin(basic,18677) if basic<=21000 =750; gratuity=4.81%xbasic=433; monthly employer cost=20,938 (+16.3%); x12=251,251/yr / 2,264 h = 111.0 INR/h","https://corpready.in/salary/injection-moulding-operator"
"energy","electricity","industrial electricity","8.78","8.78","0","₹/kWh","held (evidence agrees)","HT industrial all-in: Maharashtra ₹11.80 (incl. 7.5% duty + ToSE), Tamil Nadu ₹8.81 and Haryana ₹7.72 (ex-tax), Karnataka energy charge ₹6.60 (demand charge not found); 3-cluster ex-tax mean ₹9.08 (+3.4% on the book's ₹8.78, inside the spread; Karnataka would lower it) — held. Gas: Gujarat Gas industrial PNG ₹44.68/SCM = ₹3.84/kWh at 10,000 kcal/SCM — the book's ₹3.82 agrees — held.","https://www.socialnews.xyz/2026/03/27/maha-mahavitaran-tariff-cut-to-benefit-consumers-from-april-1/ ; https://mercomindia.com/tamil-nadu-hikes-fy-2026-electricity-tariffs-by-3-16 ; https://www.tribuneindia.com/news/haryana/power-shock-consumers-to-pay-30-paise-more-per-unit ; https://indianinfrastructure.com/2024/07/05/gujarat-gas-increases-industrial-png-price-in-morbi-gujarat/"
"energy","gas","industrial gas","3.82","3.82","0","₹/kWh","held (evidence agrees)","HT industrial all-in: Maharashtra ₹11.80 (incl. 7.5% duty + ToSE), Tamil Nadu ₹8.81 and Haryana ₹7.72 (ex-tax), Karnataka energy charge ₹6.60 (demand charge not found); 3-cluster ex-tax mean ₹9.08 (+3.4% on the book's ₹8.78, inside the spread; Karnataka would lower it) — held. Gas: Gujarat Gas industrial PNG ₹44.68/SCM = ₹3.84/kWh at 10,000 kcal/SCM — the book's ₹3.82 agrees — held.","https://www.socialnews.xyz/2026/03/27/maha-mahavitaran-tariff-cut-to-benefit-consumers-from-april-1/ ; https://mercomindia.com/tamil-nadu-hikes-fy-2026-electricity-tariffs-by-3-16 ; https://www.tribuneindia.com/news/haryana/power-shock-consumers-to-pay-30-paise-more-per-unit ; https://indianinfrastructure.com/2024/07/05/gujarat-gas-increases-industrial-png-price-in-morbi-gujarat/"
"machine","mach-lathe-cnc","CNC Lathe (2-axis)","2490","241.06","-90.32","₹/h machine only","updated (India capex + operating model)","India book 2026-10-10: capex £19,758 (cnc-machining-domestic: mach-vmc3 £27,170 × book size 0.727 — Jyoti CNC average realisation per machine sold ₹34.56 lakh (Q1 FY27; domestic VMC / turning-centre maker); an Indian-built machine of the class — an imported HAAS / Mazak costs more (not found)), 7.5-yr life, maintenance 3.5% of capex, finance 8.75% on half the capex; 73 m² at £25.44/m²/yr, 68,568 kWh at £0.069/kWh, support at 0.0454 of UK wages, 7,200 h × 0.8 (3 shifts × 8 h × 300 working days (Indian cost-accounting convention); Companies Act 2013 Schedule II: depreciation +50% for double shift, +100% for triple — a held (2-shift) capital charge × 2.0 / 1.5 at 3 shifts; 1-year MCLR 8.70–8.80% (SBI, BoB, BoI, Jul–Oct 2026); the book's line build-ups use 4% on half the capex; rent ₹25.05/sq ft/month (Knight Frank H1 2026 industrial / warehousing rent: Pune 28.7, Chennai 25.7, Bengaluru 23.5, NCR 22.3 ₹/sq ft/month — mean); maintenance the library's own line build-up rule (3.5% of capex); no Indian norm found)","https://compoundingai.in/market-news/jyoticnc-q1-fy27-earnings-call"
"machine","mach-vmc3","CNC VMC 3-axis","3419.48","339.29","-90.08","₹/h machine only","updated (India capex + operating model)","India book 2026-10-10: capex £27,170 (cnc-machining-domestic: mach-vmc3 £27,170 — Jyoti CNC average realisation per machine sold ₹34.56 lakh (Q1 FY27; domestic VMC / turning-centre maker); an Indian-built machine of the class — an imported HAAS / Mazak costs more (not found)), 7.5-yr life, maintenance 3.5% of capex, finance 8.75% on half the capex; 110 m² at £25.44/m²/yr, 95,993 kWh at £0.069/kWh, support at 0.0454 of UK wages, 7,200 h × 0.8 (3 shifts × 8 h × 300 working days (Indian cost-accounting convention); Companies Act 2013 Schedule II: depreciation +50% for double shift, +100% for triple — a held (2-shift) capital charge × 2.0 / 1.5 at 3 shifts; 1-year MCLR 8.70–8.80% (SBI, BoB, BoI, Jul–Oct 2026); the book's line build-ups use 4% on half the capex; rent ₹25.05/sq ft/month (Knight Frank H1 2026 industrial / warehousing rent: Pune 28.7, Chennai 25.7, Bengaluru 23.5, NCR 22.3 ₹/sq ft/month — mean); maintenance the library's own line build-up rule (3.5% of capex); no Indian norm found)","https://compoundingai.in/market-news/jyoticnc-q1-fy27-earnings-call"
"machine","mach-vmc5","CNC VMC 5-axis","5352.59","700.1","-86.92","₹/h machine only","updated (India operating model; capital held — capex not sourced)","India book 2026-10-10: capital HELD at the book's UK × 0.52 (capex not sourced for India: the book's capital (UK × 0.52) is HELD; the India operating model (3-shift hours, Schedule II, finance, rent, tariff, support at India wages) is applied): depreciation × 1.333 (shift pattern), maintenance per running hour held, finance re-rated 4% → 8.75%; 165 m² at £25.44/m²/yr, 102,373 kWh at £0.069/kWh, support at 0.0454 of UK wages, 7,200 h × 0.78 (3 shifts × 8 h × 300 working days (Indian cost-accounting convention); Companies Act 2013 Schedule II: depreciation +50% for double shift, +100% for triple — a held (2-shift) capital charge × 2.0 / 1.5 at 3 shifts; 1-year MCLR 8.70–8.80% (SBI, BoB, BoI, Jul–Oct 2026); the book's line build-ups use 4% on half the capex; rent ₹25.05/sq ft/month (Knight Frank H1 2026 industrial / warehousing rent: Pune 28.7, Chennai 25.7, Bengaluru 23.5, NCR 22.3 ₹/sq ft/month — mean); maintenance the library's own line build-up rule (3.5% of capex); no Indian norm found)",""
"machine","mach-drill","CNC Drilling Centre","1840.2","202.02","-89.02","₹/h machine only","updated (India capex + operating model)","India book 2026-10-10: capex £13,833 (cnc-machining-domestic: mach-vmc3 £27,170 × book size 0.509 — Jyoti CNC average realisation per machine sold ₹34.56 lakh (Q1 FY27; domestic VMC / turning-centre maker); an Indian-built machine of the class — an imported HAAS / Mazak costs more (not found)), 7.5-yr life, maintenance 3.5% of capex, finance 8.75% on half the capex; 73 m² at £25.44/m²/yr, 61,714 kWh at £0.069/kWh, support at 0.0454 of UK wages, 7,200 h × 0.8 (3 shifts × 8 h × 300 working days (Indian cost-accounting convention); Companies Act 2013 Schedule II: depreciation +50% for double shift, +100% for triple — a held (2-shift) capital charge × 2.0 / 1.5 at 3 shifts; 1-year MCLR 8.70–8.80% (SBI, BoB, BoI, Jul–Oct 2026); the book's line build-ups use 4% on half the capex; rent ₹25.05/sq ft/month (Knight Frank H1 2026 industrial / warehousing rent: Pune 28.7, Chennai 25.7, Bengaluru 23.5, NCR 22.3 ₹/sq ft/month — mean); maintenance the library's own line build-up rule (3.5% of capex); no Indian norm found)","https://compoundingai.in/market-news/jyoticnc-q1-fy27-earnings-call"
"machine","mach-grind","CNC Cylindrical Grinder","3413.17","2471.25","-27.6","₹/h machine only","updated (India operating model; capital held — capex not sourced)","India book 2026-10-10: capital HELD at the book's UK × 0.52 (capex not sourced for India: the book's capital (UK × 0.52) is HELD; the India operating model (3-shift hours, Schedule II, finance, rent, tariff, support at India wages) is applied): depreciation × 1.333 (shift pattern), maintenance per running hour held, finance re-rated 4% → 8.75%; 92 m² at £25.44/m²/yr, 219,125 kWh at £0.069/kWh, support at 0.0454 of UK wages, 7,200 h × 0.78 (3 shifts × 8 h × 300 working days (Indian cost-accounting convention); Companies Act 2013 Schedule II: depreciation +50% for double shift, +100% for triple — a held (2-shift) capital charge × 2.0 / 1.5 at 3 shifts; 1-year MCLR 8.70–8.80% (SBI, BoB, BoI, Jul–Oct 2026); the book's line build-ups use 4% on half the capex; rent ₹25.05/sq ft/month (Knight Frank H1 2026 industrial / warehousing rent: Pune 28.7, Chennai 25.7, Bengaluru 23.5, NCR 22.3 ₹/sq ft/month — mean); maintenance the library's own line build-up rule (3.5% of capex); no Indian norm found)",""
"machine","gear-hob-small","CNC Gear Hobber — small (≤m4, ≤Ø200)","3562.93","2552.99","-28.35","₹/h machine only","updated (India operating model; capital held — capex not sourced)","India book 2026-10-10: capital HELD at the book's UK × 0.52 (capex not sourced for India: the book's capital (UK × 0.52) is HELD; the India operating model (3-shift hours, Schedule II, finance, rent, tariff, support at India wages) is applied): depreciation × 1.333 (shift pattern), maintenance per running hour held, finance re-rated 4% → 8.75%; 101 m² at £25.44/m²/yr, 203,479 kWh at £0.069/kWh, support at 0.0454 of UK wages, 7,200 h × 0.8 (3 shifts × 8 h × 300 working days (Indian cost-accounting convention); Companies Act 2013 Schedule II: depreciation +50% for double shift, +100% for triple — a held (2-shift) capital charge × 2.0 / 1.5 at 3 shifts; 1-year MCLR 8.70–8.80% (SBI, BoB, BoI, Jul–Oct 2026); the book's line build-ups use 4% on half the capex; rent ₹25.05/sq ft/month (Knight Frank H1 2026 industrial / warehousing rent: Pune 28.7, Chennai 25.7, Bengaluru 23.5, NCR 22.3 ₹/sq ft/month — mean); maintenance the library's own line build-up rule (3.5% of capex); no Indian norm found)",""
"machine","gear-hob-medium","CNC Gear Hobber — medium (≤m8, ≤Ø500)","4897.52","3444.75","-29.66","₹/h machine only","updated (India operating model; capital held — capex not sourced)","India book 2026-10-10: capital HELD at the book's UK × 0.52 (capex not sourced for India: the book's capital (UK × 0.52) is HELD; the India operating model (3-shift hours, Schedule II, finance, rent, tariff, support at India wages) is applied): depreciation × 1.333 (shift pattern), maintenance per running hour held, finance re-rated 4% → 8.75%; 147 m² at £25.44/m²/yr, 266,084 kWh at £0.069/kWh, support at 0.0454 of UK wages, 7,200 h × 0.78 (3 shifts × 8 h × 300 working days (Indian cost-accounting convention); Companies Act 2013 Schedule II: depreciation +50% for double shift, +100% for triple — a held (2-shift) capital charge × 2.0 / 1.5 at 3 shifts; 1-year MCLR 8.70–8.80% (SBI, BoB, BoI, Jul–Oct 2026); the book's line build-ups use 4% on half the capex; rent ₹25.05/sq ft/month (Knight Frank H1 2026 industrial / warehousing rent: Pune 28.7, Chennai 25.7, Bengaluru 23.5, NCR 22.3 ₹/sq ft/month — mean); maintenance the library's own line build-up rule (3.5% of capex); no Indian norm found)",""
"machine","gear-hob-large","CNC Gear Hobber — large (≤m25, ≤Ø1600)","9078.58","6121.02","-32.58","₹/h machine only","updated (India operating model; capital held — capex not sourced)","India book 2026-10-10: capital HELD at the book's UK × 0.52 (capex not sourced for India: the book's capital (UK × 0.52) is HELD; the India operating model (3-shift hours, Schedule II, finance, rent, tariff, support at India wages) is applied): depreciation × 1.333 (shift pattern), maintenance per running hour held, finance re-rated 4% → 8.75%; 275 m² at £25.44/m²/yr, 428,377 kWh at £0.069/kWh, support at 0.0454 of UK wages, 7,200 h × 0.7 (3 shifts × 8 h × 300 working days (Indian cost-accounting convention); Companies Act 2013 Schedule II: depreciation +50% for double shift, +100% for triple — a held (2-shift) capital charge × 2.0 / 1.5 at 3 shifts; 1-year MCLR 8.70–8.80% (SBI, BoB, BoI, Jul–Oct 2026); the book's line build-ups use 4% on half the capex; rent ₹25.05/sq ft/month (Knight Frank H1 2026 industrial / warehousing rent: Pune 28.7, Chennai 25.7, Bengaluru 23.5, NCR 22.3 ₹/sq ft/month — mean); maintenance the library's own line build-up rule (3.5% of capex); no Indian norm found)",""
"machine","gear-shaper-small","CNC Gear Shaper — small (≤m6, ≤Ø300)","3576.21","2560.38","-28.41","₹/h machine only","updated (India operating model; capital held — capex not sourced)","India book 2026-10-10: capital HELD at the book's UK × 0.52 (capex not sourced for India: the book's capital (UK × 0.52) is HELD; the India operating model (3-shift hours, Schedule II, finance, rent, tariff, support at India wages) is applied): depreciation × 1.333 (shift pattern), maintenance per running hour held, finance re-rated 4% → 8.75%; 101 m² at £25.44/m²/yr, 187,823 kWh at £0.069/kWh, support at 0.0454 of UK wages, 7,200 h × 0.78 (3 shifts × 8 h × 300 working days (Indian cost-accounting convention); Companies Act 2013 Schedule II: depreciation +50% for double shift, +100% for triple — a held (2-shift) capital charge × 2.0 / 1.5 at 3 shifts; 1-year MCLR 8.70–8.80% (SBI, BoB, BoI, Jul–Oct 2026); the book's line build-ups use 4% on half the capex; rent ₹25.05/sq ft/month (Knight Frank H1 2026 industrial / warehousing rent: Pune 28.7, Chennai 25.7, Bengaluru 23.5, NCR 22.3 ₹/sq ft/month — mean); maintenance the library's own line build-up rule (3.5% of capex); no Indian norm found)",""
"machine","gear-shaper-large","CNC Gear Shaper — large (≤m12, ≤Ø800)","5947.84","4055.96","-31.81","₹/h machine only","updated (India operating model; capital held — capex not sourced)","India book 2026-10-10: capital HELD at the book's UK × 0.52 (capex not sourced for India: the book's capital (UK × 0.52) is HELD; the India operating model (3-shift hours, Schedule II, finance, rent, tariff, support at India wages) is applied): depreciation × 1.333 (shift pattern), maintenance per running hour held, finance re-rated 4% → 8.75%; 184 m² at £25.44/m²/yr, 296,568 kWh at £0.069/kWh, support at 0.0454 of UK wages, 7,200 h × 0.74 (3 shifts × 8 h × 300 working days (Indian cost-accounting convention); Companies Act 2013 Schedule II: depreciation +50% for double shift, +100% for triple — a held (2-shift) capital charge × 2.0 / 1.5 at 3 shifts; 1-year MCLR 8.70–8.80% (SBI, BoB, BoI, Jul–Oct 2026); the book's line build-ups use 4% on half the capex; rent ₹25.05/sq ft/month (Knight Frank H1 2026 industrial / warehousing rent: Pune 28.7, Chennai 25.7, Bengaluru 23.5, NCR 22.3 ₹/sq ft/month — mean); maintenance the library's own line build-up rule (3.5% of capex); no Indian norm found)",""
"machine","gear-skive-small","Power Skiving Machine — small (≤m4, ≤Ø250)","5367.14","3838.77","-28.48","₹/h machine only","updated (India operating model; capital held — capex not sourced)","India book 2026-10-10: capital HELD at the book's UK × 0.52 (capex not sourced for India: the book's capital (UK × 0.52) is HELD; the India operating model (3-shift hours, Schedule II, finance, rent, tariff, support at India wages) is applied): depreciation × 1.333 (shift pattern), maintenance per running hour held, finance re-rated 4% → 8.75%; 129 m² at £25.44/m²/yr, 250,437 kWh at £0.069/kWh, support at 0.0454 of UK wages, 7,200 h × 0.8 (3 shifts × 8 h × 300 working days (Indian cost-accounting convention); Companies Act 2013 Schedule II: depreciation +50% for double shift, +100% for triple — a held (2-shift) capital charge × 2.0 / 1.5 at 3 shifts; 1-year MCLR 8.70–8.80% (SBI, BoB, BoI, Jul–Oct 2026); the book's line build-ups use 4% on half the capex; rent ₹25.05/sq ft/month (Knight Frank H1 2026 industrial / warehousing rent: Pune 28.7, Chennai 25.7, Bengaluru 23.5, NCR 22.3 ₹/sq ft/month — mean); maintenance the library's own line build-up rule (3.5% of capex); no Indian norm found)",""
"machine","gear-skive-medium","Power Skiving Machine — medium (≤m8, ≤Ø600)","7471.26","5308.04","-28.95","₹/h machine only","updated (India operating model; capital held — capex not sourced)","India book 2026-10-10: capital HELD at the book's UK × 0.52 (capex not sourced for India: the book's capital (UK × 0.52) is HELD; the India operating model (3-shift hours, Schedule II, finance, rent, tariff, support at India wages) is applied): depreciation × 1.333 (shift pattern), maintenance per running hour held, finance re-rated 4% → 8.75%; 202 m² at £25.44/m²/yr, 344,354 kWh at £0.069/kWh, support at 0.0454 of UK wages, 7,200 h × 0.78 (3 shifts × 8 h × 300 working days (Indian cost-accounting convention); Companies Act 2013 Schedule II: depreciation +50% for double shift, +100% for triple — a held (2-shift) capital charge × 2.0 / 1.5 at 3 shifts; 1-year MCLR 8.70–8.80% (SBI, BoB, BoI, Jul–Oct 2026); the book's line build-ups use 4% on half the capex; rent ₹25.05/sq ft/month (Knight Frank H1 2026 industrial / warehousing rent: Pune 28.7, Chennai 25.7, Bengaluru 23.5, NCR 22.3 ₹/sq ft/month — mean); maintenance the library's own line build-up rule (3.5% of capex); no Indian norm found)",""
"machine","gear-broach","Vertical Internal Gear Broach","3948.27","2772.81","-29.77","₹/h machine only","updated (India operating model; capital held — capex not sourced)","India book 2026-10-10: capital HELD at the book's UK × 0.52 (capex not sourced for India: the book's capital (UK × 0.52) is HELD; the India operating model (3-shift hours, Schedule II, finance, rent, tariff, support at India wages) is applied): depreciation × 1.333 (shift pattern), maintenance per running hour held, finance re-rated 4% → 8.75%; 165 m² at £25.44/m²/yr, 234,781 kWh at £0.069/kWh, support at 0.0454 of UK wages, 7,200 h × 0.85 (3 shifts × 8 h × 300 working days (Indian cost-accounting convention); Companies Act 2013 Schedule II: depreciation +50% for double shift, +100% for triple — a held (2-shift) capital charge × 2.0 / 1.5 at 3 shifts; 1-year MCLR 8.70–8.80% (SBI, BoB, BoI, Jul–Oct 2026); the book's line build-ups use 4% on half the capex; rent ₹25.05/sq ft/month (Knight Frank H1 2026 industrial / warehousing rent: Pune 28.7, Chennai 25.7, Bengaluru 23.5, NCR 22.3 ₹/sq ft/month — mean); maintenance the library's own line build-up rule (3.5% of capex); no Indian norm found)",""
"machine","gear-grind-generating","Generating Gear Grinder (threaded wheel, ≤m6)","8119.38","5828.39","-28.22","₹/h machine only","updated (India operating model; capital held — capex not sourced)","India book 2026-10-10: capital HELD at the book's UK × 0.52 (capex not sourced for India: the book's capital (UK × 0.52) is HELD; the India operating model (3-shift hours, Schedule II, finance, rent, tariff, support at India wages) is applied): depreciation × 1.333 (shift pattern), maintenance per running hour held, finance re-rated 4% → 8.75%; 202 m² at £25.44/m²/yr, 430,437 kWh at £0.069/kWh, support at 0.0454 of UK wages, 7,200 h × 0.78 (3 shifts × 8 h × 300 working days (Indian cost-accounting convention); Companies Act 2013 Schedule II: depreciation +50% for double shift, +100% for triple — a held (2-shift) capital charge × 2.0 / 1.5 at 3 shifts; 1-year MCLR 8.70–8.80% (SBI, BoB, BoI, Jul–Oct 2026); the book's line build-ups use 4% on half the capex; rent ₹25.05/sq ft/month (Knight Frank H1 2026 industrial / warehousing rent: Pune 28.7, Chennai 25.7, Bengaluru 23.5, NCR 22.3 ₹/sq ft/month — mean); maintenance the library's own line build-up rule (3.5% of capex); no Indian norm found)",""
"machine","gear-grind-profile","Profile Gear Grinder (form wheel, ≤m12)","10674.41","7390.46","-30.76","₹/h machine only","updated (India operating model; capital held — capex not sourced)","India book 2026-10-10: capital HELD at the book's UK × 0.52 (capex not sourced for India: the book's capital (UK × 0.52) is HELD; the India operating model (3-shift hours, Schedule II, finance, rent, tariff, support at India wages) is applied): depreciation × 1.333 (shift pattern), maintenance per running hour held, finance re-rated 4% → 8.75%; 257 m² at £25.44/m²/yr, 510,757 kWh at £0.069/kWh, support at 0.0454 of UK wages, 7,200 h × 0.72 (3 shifts × 8 h × 300 working days (Indian cost-accounting convention); Companies Act 2013 Schedule II: depreciation +50% for double shift, +100% for triple — a held (2-shift) capital charge × 2.0 / 1.5 at 3 shifts; 1-year MCLR 8.70–8.80% (SBI, BoB, BoI, Jul–Oct 2026); the book's line build-ups use 4% on half the capex; rent ₹25.05/sq ft/month (Knight Frank H1 2026 industrial / warehousing rent: Pune 28.7, Chennai 25.7, Bengaluru 23.5, NCR 22.3 ₹/sq ft/month — mean); maintenance the library's own line build-up rule (3.5% of capex); no Indian norm found)",""
"machine","gear-shave","Gear Shaving Machine","2907.14","2054.79","-29.32","₹/h machine only","updated (India operating model; capital held — capex not sourced)","India book 2026-10-10: capital HELD at the book's UK × 0.52 (capex not sourced for India: the book's capital (UK × 0.52) is HELD; the India operating model (3-shift hours, Schedule II, finance, rent, tariff, support at India wages) is applied): depreciation × 1.333 (shift pattern), maintenance per running hour held, finance re-rated 4% → 8.75%; 92 m² at £25.44/m²/yr, 156,521 kWh at £0.069/kWh, support at 0.0454 of UK wages, 7,200 h × 0.8 (3 shifts × 8 h × 300 working days (Indian cost-accounting convention); Companies Act 2013 Schedule II: depreciation +50% for double shift, +100% for triple — a held (2-shift) capital charge × 2.0 / 1.5 at 3 shifts; 1-year MCLR 8.70–8.80% (SBI, BoB, BoI, Jul–Oct 2026); the book's line build-ups use 4% on half the capex; rent ₹25.05/sq ft/month (Knight Frank H1 2026 industrial / warehousing rent: Pune 28.7, Chennai 25.7, Bengaluru 23.5, NCR 22.3 ₹/sq ft/month — mean); maintenance the library's own line build-up rule (3.5% of capex); no Indian norm found)",""
"machine","gear-hone","Gear Honing Machine","5009.33","3591.79","-28.3","₹/h machine only","updated (India operating model; capital held — capex not sourced)","India book 2026-10-10: capital HELD at the book's UK × 0.52 (capex not sourced for India: the book's capital (UK × 0.52) is HELD; the India operating model (3-shift hours, Schedule II, finance, rent, tariff, support at India wages) is applied): depreciation × 1.333 (shift pattern), maintenance per running hour held, finance re-rated 4% → 8.75%; 129 m² at £25.44/m²/yr, 234,781 kWh at £0.069/kWh, support at 0.0454 of UK wages, 7,200 h × 0.78 (3 shifts × 8 h × 300 working days (Indian cost-accounting convention); Companies Act 2013 Schedule II: depreciation +50% for double shift, +100% for triple — a held (2-shift) capital charge × 2.0 / 1.5 at 3 shifts; 1-year MCLR 8.70–8.80% (SBI, BoB, BoI, Jul–Oct 2026); the book's line build-ups use 4% on half the capex; rent ₹25.05/sq ft/month (Knight Frank H1 2026 industrial / warehousing rent: Pune 28.7, Chennai 25.7, Bengaluru 23.5, NCR 22.3 ₹/sq ft/month — mean); maintenance the library's own line build-up rule (3.5% of capex); no Indian norm found)",""
"machine","gear-deburr","Gear Chamfer / Deburr Cell","1665.2","1096.22","-34.17","₹/h machine only","updated (India operating model; capital held — capex not sourced)","India book 2026-10-10: capital HELD at the book's UK × 0.52 (capex not sourced for India: the book's capital (UK × 0.52) is HELD; the India operating model (3-shift hours, Schedule II, finance, rent, tariff, support at India wages) is applied): depreciation × 1.333 (shift pattern), maintenance per running hour held, finance re-rated 4% → 8.75%; 73 m² at £25.44/m²/yr, 93,916 kWh at £0.069/kWh, support at 0.0454 of UK wages, 7,200 h × 0.82 (3 shifts × 8 h × 300 working days (Indian cost-accounting convention); Companies Act 2013 Schedule II: depreciation +50% for double shift, +100% for triple — a held (2-shift) capital charge × 2.0 / 1.5 at 3 shifts; 1-year MCLR 8.70–8.80% (SBI, BoB, BoI, Jul–Oct 2026); the book's line build-ups use 4% on half the capex; rent ₹25.05/sq ft/month (Knight Frank H1 2026 industrial / warehousing rent: Pune 28.7, Chennai 25.7, Bengaluru 23.5, NCR 22.3 ₹/sq ft/month — mean); maintenance the library's own line build-up rule (3.5% of capex); no Indian norm found)",""
"machine","gear-induction","Gear Induction Hardening Cell (RF + quench + temper)","3254.55","2447.45","-24.8","₹/h machine only","updated (India operating model; capital held — capex not sourced)","India book 2026-10-10: capital HELD at the book's UK × 0.52 (capex not sourced for India: the book's capital (UK × 0.52) is HELD; the India operating model (3-shift hours, Schedule II, finance, rent, tariff, support at India wages) is applied): depreciation × 1.333 (shift pattern), maintenance per running hour held, finance re-rated 4% → 8.75%; 83 m² at £25.44/m²/yr, 328,698 kWh at £0.069/kWh, support at 0.0454 of UK wages, 7,200 h × 0.8 (3 shifts × 8 h × 300 working days (Indian cost-accounting convention); Companies Act 2013 Schedule II: depreciation +50% for double shift, +100% for triple — a held (2-shift) capital charge × 2.0 / 1.5 at 3 shifts; 1-year MCLR 8.70–8.80% (SBI, BoB, BoI, Jul–Oct 2026); the book's line build-ups use 4% on half the capex; rent ₹25.05/sq ft/month (Knight Frank H1 2026 industrial / warehousing rent: Pune 28.7, Chennai 25.7, Bengaluru 23.5, NCR 22.3 ₹/sq ft/month — mean); maintenance the library's own line build-up rule (3.5% of capex); no Indian norm found)",""
"machine","gear-checker","CNC Gear Checker (profile / lead / pitch)","3663.52","2395.08","-34.62","₹/h machine only","updated (India operating model; capital held — capex not sourced)","India book 2026-10-10: capital HELD at the book's UK × 0.52 (capex not sourced for India: the book's capital (UK × 0.52) is HELD; the India operating model (3-shift hours, Schedule II, finance, rent, tariff, support at India wages) is applied): depreciation × 1.333 (shift pattern), maintenance per running hour held, finance re-rated 4% → 8.75%; 110 m² at £25.44/m²/yr, 78,260 kWh at £0.069/kWh, support at 0.0454 of UK wages, 7,200 h × 0.65 (3 shifts × 8 h × 300 working days (Indian cost-accounting convention); Companies Act 2013 Schedule II: depreciation +50% for double shift, +100% for triple — a held (2-shift) capital charge × 2.0 / 1.5 at 3 shifts; 1-year MCLR 8.70–8.80% (SBI, BoB, BoI, Jul–Oct 2026); the book's line build-ups use 4% on half the capex; rent ₹25.05/sq ft/month (Knight Frank H1 2026 industrial / warehousing rent: Pune 28.7, Chennai 25.7, Bengaluru 23.5, NCR 22.3 ₹/sq ft/month — mean); maintenance the library's own line build-up rule (3.5% of capex); no Indian norm found)",""
"machine","bench-assembly","Assembly Workbench","43.64","20.14","-53.85","₹/h machine only","updated (India operating model; capital held — capex not sourced)","India book 2026-10-10: capital HELD at the book's UK × 0.52 (capex not sourced for India: the book's capital (UK × 0.52) is HELD; the India operating model (3-shift hours, Schedule II, finance, rent, tariff, support at India wages) is applied): depreciation × 1.333 (shift pattern), maintenance per running hour held, finance re-rated 4% → 8.75%; 7 m² at £25.44/m²/yr, 2,354 kWh at £0.069/kWh, support at 0.0454 of UK wages, 7,200 h × 0.85 (3 shifts × 8 h × 300 working days (Indian cost-accounting convention); Companies Act 2013 Schedule II: depreciation +50% for double shift, +100% for triple — a held (2-shift) capital charge × 2.0 / 1.5 at 3 shifts; 1-year MCLR 8.70–8.80% (SBI, BoB, BoI, Jul–Oct 2026); the book's line build-ups use 4% on half the capex; rent ₹25.05/sq ft/month (Knight Frank H1 2026 industrial / warehousing rent: Pune 28.7, Chennai 25.7, Bengaluru 23.5, NCR 22.3 ₹/sq ft/month — mean); maintenance the library's own line build-up rule (3.5% of capex); no Indian norm found)",""
"machine","mach-haas-vf2","HAAS VF-2 (3-axis Mill)","2854.21","273.94","-90.4","₹/h machine only","updated (India capex + operating model)","India book 2026-10-10: capex £18,772 (cnc-machining-domestic: mach-vmc3 £27,170 × book size 0.691 — Jyoti CNC average realisation per machine sold ₹34.56 lakh (Q1 FY27; domestic VMC / turning-centre maker); an Indian-built machine of the class — an imported HAAS / Mazak costs more (not found)), 7.5-yr life, maintenance 3.5% of capex, finance 8.75% on half the capex; 46 m² at £25.44/m²/yr, 36,000 kWh at £0.069/kWh, support at 0.0454 of UK wages, 7,200 h × 0.5 (3 shifts × 8 h × 300 working days (Indian cost-accounting convention); Companies Act 2013 Schedule II: depreciation +50% for double shift, +100% for triple — a held (2-shift) capital charge × 2.0 / 1.5 at 3 shifts; 1-year MCLR 8.70–8.80% (SBI, BoB, BoI, Jul–Oct 2026); the book's line build-ups use 4% on half the capex; rent ₹25.05/sq ft/month (Knight Frank H1 2026 industrial / warehousing rent: Pune 28.7, Chennai 25.7, Bengaluru 23.5, NCR 22.3 ₹/sq ft/month — mean); maintenance the library's own line build-up rule (3.5% of capex); no Indian norm found)","https://compoundingai.in/market-news/jyoticnc-q1-fy27-earnings-call"
"machine","mach-dmg-dmu50","DMG Mori DMU 50 (5-axis Mill)","6056.42","829.63","-86.3","₹/h machine only","updated (India operating model; capital held — capex not sourced)","India book 2026-10-10: capital HELD at the book's UK × 0.52 (capex not sourced for India: the book's capital (UK × 0.52) is HELD; the India operating model (3-shift hours, Schedule II, finance, rent, tariff, support at India wages) is applied): depreciation × 1.333 (shift pattern), maintenance per running hour held, finance re-rated 4% → 8.75%; 73 m² at £25.44/m²/yr, 58,500 kWh at £0.069/kWh, support at 0.0454 of UK wages, 7,200 h × 0.5 (3 shifts × 8 h × 300 working days (Indian cost-accounting convention); Companies Act 2013 Schedule II: depreciation +50% for double shift, +100% for triple — a held (2-shift) capital charge × 2.0 / 1.5 at 3 shifts; 1-year MCLR 8.70–8.80% (SBI, BoB, BoI, Jul–Oct 2026); the book's line build-ups use 4% on half the capex; rent ₹25.05/sq ft/month (Knight Frank H1 2026 industrial / warehousing rent: Pune 28.7, Chennai 25.7, Bengaluru 23.5, NCR 22.3 ₹/sq ft/month — mean); maintenance the library's own line build-up rule (3.5% of capex); no Indian norm found)",""
"machine","mach-haas-umc500","HAAS UMC-500 (5-axis Mill)","4778.08","646.71","-86.47","₹/h machine only","updated (India operating model; capital held — capex not sourced)","India book 2026-10-10: capital HELD at the book's UK × 0.52 (capex not sourced for India: the book's capital (UK × 0.52) is HELD; the India operating model (3-shift hours, Schedule II, finance, rent, tariff, support at India wages) is applied): depreciation × 1.333 (shift pattern), maintenance per running hour held, finance re-rated 4% → 8.75%; 64 m² at £25.44/m²/yr, 46,800 kWh at £0.069/kWh, support at 0.0454 of UK wages, 7,200 h × 0.5 (3 shifts × 8 h × 300 working days (Indian cost-accounting convention); Companies Act 2013 Schedule II: depreciation +50% for double shift, +100% for triple — a held (2-shift) capital charge × 2.0 / 1.5 at 3 shifts; 1-year MCLR 8.70–8.80% (SBI, BoB, BoI, Jul–Oct 2026); the book's line build-ups use 4% on half the capex; rent ₹25.05/sq ft/month (Knight Frank H1 2026 industrial / warehousing rent: Pune 28.7, Chennai 25.7, Bengaluru 23.5, NCR 22.3 ₹/sq ft/month — mean); maintenance the library's own line build-up rule (3.5% of capex); no Indian norm found)",""
"machine","mach-mazak-qt200","Mazak Quick Turn 200 (Turning)","3180.73","293.34","-90.78","₹/h machine only","updated (India capex + operating model)","India book 2026-10-10: capex £20,744 (cnc-machining-domestic: mach-vmc3 £27,170 × book size 0.764 — Jyoti CNC average realisation per machine sold ₹34.56 lakh (Q1 FY27; domestic VMC / turning-centre maker); an Indian-built machine of the class — an imported HAAS / Mazak costs more (not found)), 7.5-yr life, maintenance 3.5% of capex, finance 8.75% on half the capex; 46 m² at £25.44/m²/yr, 37,711 kWh at £0.069/kWh, support at 0.0454 of UK wages, 7,200 h × 0.5 (3 shifts × 8 h × 300 working days (Indian cost-accounting convention); Companies Act 2013 Schedule II: depreciation +50% for double shift, +100% for triple — a held (2-shift) capital charge × 2.0 / 1.5 at 3 shifts; 1-year MCLR 8.70–8.80% (SBI, BoB, BoI, Jul–Oct 2026); the book's line build-ups use 4% on half the capex; rent ₹25.05/sq ft/month (Knight Frank H1 2026 industrial / warehousing rent: Pune 28.7, Chennai 25.7, Bengaluru 23.5, NCR 22.3 ₹/sq ft/month — mean); maintenance the library's own line build-up rule (3.5% of capex); no Indian norm found)","https://compoundingai.in/market-news/jyoticnc-q1-fy27-earnings-call"
"machine","grav-die-cast-std","Gravity Die Casting Machine","2393.79","1714.3","-28.39","₹/h machine only","updated (India operating model; capital held — capex not sourced)","India book 2026-10-10: capital HELD at the book's UK × 0.52 (capex not sourced for India: the book's capital (UK × 0.52) is HELD; the India operating model (3-shift hours, Schedule II, finance, rent, tariff, support at India wages) is applied): depreciation × 1.333 (shift pattern), maintenance per running hour held, finance re-rated 4% → 8.75%; 73 m² at £25.44/m²/yr, 78,260 kWh at £0.069/kWh, support at 0.0454 of UK wages, 7,200 h × 0.5 (3 shifts × 8 h × 300 working days (Indian cost-accounting convention); Companies Act 2013 Schedule II: depreciation +50% for double shift, +100% for triple — a held (2-shift) capital charge × 2.0 / 1.5 at 3 shifts; 1-year MCLR 8.70–8.80% (SBI, BoB, BoI, Jul–Oct 2026); the book's line build-ups use 4% on half the capex; rent ₹25.05/sq ft/month (Knight Frank H1 2026 industrial / warehousing rent: Pune 28.7, Chennai 25.7, Bengaluru 23.5, NCR 22.3 ₹/sq ft/month — mean); maintenance the library's own line build-up rule (3.5% of capex); no Indian norm found)",""
"machine","invest-cast-furnace","Investment Casting Furnace","2567.59","1907","-25.73","₹/h machine only","updated (India operating model; capital held — capex not sourced)","India book 2026-10-10: capital HELD at the book's UK × 0.52 (capex not sourced for India: the book's capital (UK × 0.52) is HELD; the India operating model (3-shift hours, Schedule II, finance, rent, tariff, support at India wages) is applied): depreciation × 1.333 (shift pattern), maintenance per running hour held, finance re-rated 4% → 8.75%; 73 m² at £25.44/m²/yr, 140,875 kWh at £0.069/kWh, support at 0.0454 of UK wages, 7,200 h × 0.6 (3 shifts × 8 h × 300 working days (Indian cost-accounting convention); Companies Act 2013 Schedule II: depreciation +50% for double shift, +100% for triple — a held (2-shift) capital charge × 2.0 / 1.5 at 3 shifts; 1-year MCLR 8.70–8.80% (SBI, BoB, BoI, Jul–Oct 2026); the book's line build-ups use 4% on half the capex; rent ₹25.05/sq ft/month (Knight Frank H1 2026 industrial / warehousing rent: Pune 28.7, Chennai 25.7, Bengaluru 23.5, NCR 22.3 ₹/sq ft/month — mean); maintenance the library's own line build-up rule (3.5% of capex); no Indian norm found)",""
"machine","heat-treat-furnace","Heat Treatment / Ageing Furnace","946.26","891.2","-5.82","₹/h machine only","updated (India operating model; capital held — capex not sourced)","India book 2026-10-10: capital HELD at the book's UK × 0.52 (capex not sourced for India: the book's capital (UK × 0.52) is HELD; the India operating model (3-shift hours, Schedule II, finance, rent, tariff, support at India wages) is applied): depreciation × 1.333 (shift pattern), maintenance per running hour held, finance re-rated 4% → 8.75%; 55 m² at £25.44/m²/yr, 182,611 kWh at £0.069/kWh, support at 0.0454 of UK wages, 7,200 h × 0.75 (3 shifts × 8 h × 300 working days (Indian cost-accounting convention); Companies Act 2013 Schedule II: depreciation +50% for double shift, +100% for triple — a held (2-shift) capital charge × 2.0 / 1.5 at 3 shifts; 1-year MCLR 8.70–8.80% (SBI, BoB, BoI, Jul–Oct 2026); the book's line build-ups use 4% on half the capex; rent ₹25.05/sq ft/month (Knight Frank H1 2026 industrial / warehousing rent: Pune 28.7, Chennai 25.7, Bengaluru 23.5, NCR 22.3 ₹/sq ft/month — mean); maintenance the library's own line build-up rule (3.5% of capex); no Indian norm found)",""
"machine","press-100t","100T Mechanical Press (general press shop)","980.67","647.97","-33.93","₹/h machine only","updated (India operating model; capital held — capex not sourced)","India book 2026-10-10: capital HELD at the book's UK × 0.52 (capex not sourced for India: the book's capital (UK × 0.52) is HELD; the India operating model (3-shift hours, Schedule II, finance, rent, tariff, support at India wages) is applied): depreciation × 1.333 (shift pattern), maintenance per running hour held, finance re-rated 4% → 8.75%; 46 m² at £25.44/m²/yr, 44,715 kWh at £0.069/kWh, support at 0.0454 of UK wages, 7,200 h × 0.8 (3 shifts × 8 h × 300 working days (Indian cost-accounting convention); Companies Act 2013 Schedule II: depreciation +50% for double shift, +100% for triple — a held (2-shift) capital charge × 2.0 / 1.5 at 3 shifts; 1-year MCLR 8.70–8.80% (SBI, BoB, BoI, Jul–Oct 2026); the book's line build-ups use 4% on half the capex; rent ₹25.05/sq ft/month (Knight Frank H1 2026 industrial / warehousing rent: Pune 28.7, Chennai 25.7, Bengaluru 23.5, NCR 22.3 ₹/sq ft/month — mean); maintenance the library's own line build-up rule (3.5% of capex); no Indian norm found)",""
"machine","press-200t","200T Mechanical Press (general press shop)","1509.78","1002.58","-33.59","₹/h machine only","updated (India operating model; capital held — capex not sourced)","India book 2026-10-10: capital HELD at the book's UK × 0.52 (capex not sourced for India: the book's capital (UK × 0.52) is HELD; the India operating model (3-shift hours, Schedule II, finance, rent, tariff, support at India wages) is applied): depreciation × 1.333 (shift pattern), maintenance per running hour held, finance re-rated 4% → 8.75%; 69 m² at £25.44/m²/yr, 67,083 kWh at £0.069/kWh, support at 0.0454 of UK wages, 7,200 h × 0.8 (3 shifts × 8 h × 300 working days (Indian cost-accounting convention); Companies Act 2013 Schedule II: depreciation +50% for double shift, +100% for triple — a held (2-shift) capital charge × 2.0 / 1.5 at 3 shifts; 1-year MCLR 8.70–8.80% (SBI, BoB, BoI, Jul–Oct 2026); the book's line build-ups use 4% on half the capex; rent ₹25.05/sq ft/month (Knight Frank H1 2026 industrial / warehousing rent: Pune 28.7, Chennai 25.7, Bengaluru 23.5, NCR 22.3 ₹/sq ft/month — mean); maintenance the library's own line build-up rule (3.5% of capex); no Indian norm found)",""
"machine","press-400t","400T Mechanical Press (general press shop)","2470.19","1666.96","-32.52","₹/h machine only","updated (India operating model; capital held — capex not sourced)","India book 2026-10-10: capital HELD at the book's UK × 0.52 (capex not sourced for India: the book's capital (UK × 0.52) is HELD; the India operating model (3-shift hours, Schedule II, finance, rent, tariff, support at India wages) is applied): depreciation × 1.333 (shift pattern), maintenance per running hour held, finance re-rated 4% → 8.75%; 92 m² at £25.44/m²/yr, 98,381 kWh at £0.069/kWh, support at 0.0454 of UK wages, 7,200 h × 0.8 (3 shifts × 8 h × 300 working days (Indian cost-accounting convention); Companies Act 2013 Schedule II: depreciation +50% for double shift, +100% for triple — a held (2-shift) capital charge × 2.0 / 1.5 at 3 shifts; 1-year MCLR 8.70–8.80% (SBI, BoB, BoI, Jul–Oct 2026); the book's line build-ups use 4% on half the capex; rent ₹25.05/sq ft/month (Knight Frank H1 2026 industrial / warehousing rent: Pune 28.7, Chennai 25.7, Bengaluru 23.5, NCR 22.3 ₹/sq ft/month — mean); maintenance the library's own line build-up rule (3.5% of capex); no Indian norm found)",""
"machine","press-630t","630T Mechanical Press (general press shop)","3840.42","2593.01","-32.48","₹/h machine only","updated (India operating model; capital held — capex not sourced)","India book 2026-10-10: capital HELD at the book's UK × 0.52 (capex not sourced for India: the book's capital (UK × 0.52) is HELD; the India operating model (3-shift hours, Schedule II, finance, rent, tariff, support at India wages) is applied): depreciation × 1.333 (shift pattern), maintenance per running hour held, finance re-rated 4% → 8.75%; 138 m² at £25.44/m²/yr, 134,155 kWh at £0.069/kWh, support at 0.0454 of UK wages, 7,200 h × 0.78 (3 shifts × 8 h × 300 working days (Indian cost-accounting convention); Companies Act 2013 Schedule II: depreciation +50% for double shift, +100% for triple — a held (2-shift) capital charge × 2.0 / 1.5 at 3 shifts; 1-year MCLR 8.70–8.80% (SBI, BoB, BoI, Jul–Oct 2026); the book's line build-ups use 4% on half the capex; rent ₹25.05/sq ft/month (Knight Frank H1 2026 industrial / warehousing rent: Pune 28.7, Chennai 25.7, Bengaluru 23.5, NCR 22.3 ₹/sq ft/month — mean); maintenance the library's own line build-up rule (3.5% of capex); no Indian norm found)",""
"machine","press-800t","800T Mechanical Press (general press shop)","4589.03","3110.83","-32.21","₹/h machine only","updated (India operating model; capital held — capex not sourced)","India book 2026-10-10: capital HELD at the book's UK × 0.52 (capex not sourced for India: the book's capital (UK × 0.52) is HELD; the India operating model (3-shift hours, Schedule II, finance, rent, tariff, support at India wages) is applied): depreciation × 1.333 (shift pattern), maintenance per running hour held, finance re-rated 4% → 8.75%; 165 m² at £25.44/m²/yr, 161,000 kWh at £0.069/kWh, support at 0.0454 of UK wages, 7,200 h × 0.78 (3 shifts × 8 h × 300 working days (Indian cost-accounting convention); Companies Act 2013 Schedule II: depreciation +50% for double shift, +100% for triple — a held (2-shift) capital charge × 2.0 / 1.5 at 3 shifts; 1-year MCLR 8.70–8.80% (SBI, BoB, BoI, Jul–Oct 2026); the book's line build-ups use 4% on half the capex; rent ₹25.05/sq ft/month (Knight Frank H1 2026 industrial / warehousing rent: Pune 28.7, Chennai 25.7, Bengaluru 23.5, NCR 22.3 ₹/sq ft/month — mean); maintenance the library's own line build-up rule (3.5% of capex); no Indian norm found)",""
"machine","press-1000t","1000T Mechanical Press (general press shop)","5773.65","3914.41","-32.2","₹/h machine only","updated (India operating model; capital held — capex not sourced)","India book 2026-10-10: capital HELD at the book's UK × 0.52 (capex not sourced for India: the book's capital (UK × 0.52) is HELD; the India operating model (3-shift hours, Schedule II, finance, rent, tariff, support at India wages) is applied): depreciation × 1.333 (shift pattern), maintenance per running hour held, finance re-rated 4% → 8.75%; 202 m² at £25.44/m²/yr, 196,774 kWh at £0.069/kWh, support at 0.0454 of UK wages, 7,200 h × 0.78 (3 shifts × 8 h × 300 working days (Indian cost-accounting convention); Companies Act 2013 Schedule II: depreciation +50% for double shift, +100% for triple — a held (2-shift) capital charge × 2.0 / 1.5 at 3 shifts; 1-year MCLR 8.70–8.80% (SBI, BoB, BoI, Jul–Oct 2026); the book's line build-ups use 4% on half the capex; rent ₹25.05/sq ft/month (Knight Frank H1 2026 industrial / warehousing rent: Pune 28.7, Chennai 25.7, Bengaluru 23.5, NCR 22.3 ₹/sq ft/month — mean); maintenance the library's own line build-up rule (3.5% of capex); no Indian norm found)",""
"machine","press-1250t","1250T Mechanical Press (general press shop)","7183.46","4900.96","-31.77","₹/h machine only","updated (India operating model; capital held — capex not sourced)","India book 2026-10-10: capital HELD at the book's UK × 0.52 (capex not sourced for India: the book's capital (UK × 0.52) is HELD; the India operating model (3-shift hours, Schedule II, finance, rent, tariff, support at India wages) is applied): depreciation × 1.333 (shift pattern), maintenance per running hour held, finance re-rated 4% → 8.75%; 239 m² at £25.44/m²/yr, 241,488 kWh at £0.069/kWh, support at 0.0454 of UK wages, 7,200 h × 0.78 (3 shifts × 8 h × 300 working days (Indian cost-accounting convention); Companies Act 2013 Schedule II: depreciation +50% for double shift, +100% for triple — a held (2-shift) capital charge × 2.0 / 1.5 at 3 shifts; 1-year MCLR 8.70–8.80% (SBI, BoB, BoI, Jul–Oct 2026); the book's line build-ups use 4% on half the capex; rent ₹25.05/sq ft/month (Knight Frank H1 2026 industrial / warehousing rent: Pune 28.7, Chennai 25.7, Bengaluru 23.5, NCR 22.3 ₹/sq ft/month — mean); maintenance the library's own line build-up rule (3.5% of capex); no Indian norm found)",""
"machine","press-fineblank-250t","250T Fine-Blanking Press (triple-action)","2990.78","2022.37","-32.38","₹/h machine only","updated (India operating model; capital held — capex not sourced)","India book 2026-10-10: capital HELD at the book's UK × 0.52 (capex not sourced for India: the book's capital (UK × 0.52) is HELD; the India operating model (3-shift hours, Schedule II, finance, rent, tariff, support at India wages) is applied): depreciation × 1.333 (shift pattern), maintenance per running hour held, finance re-rated 4% → 8.75%; 110 m² at £25.44/m²/yr, 107,333 kWh at £0.069/kWh, support at 0.0454 of UK wages, 7,200 h × 0.8 (3 shifts × 8 h × 300 working days (Indian cost-accounting convention); Companies Act 2013 Schedule II: depreciation +50% for double shift, +100% for triple — a held (2-shift) capital charge × 2.0 / 1.5 at 3 shifts; 1-year MCLR 8.70–8.80% (SBI, BoB, BoI, Jul–Oct 2026); the book's line build-ups use 4% on half the capex; rent ₹25.05/sq ft/month (Knight Frank H1 2026 industrial / warehousing rent: Pune 28.7, Chennai 25.7, Bengaluru 23.5, NCR 22.3 ₹/sq ft/month — mean); maintenance the library's own line build-up rule (3.5% of capex); no Indian norm found)",""
"machine","press-hotstamp-1000t","1000T Hot-Stamping Press (water-cooled dies)","8873.3","6212.4","-29.99","₹/h machine only","updated (India operating model; capital held — capex not sourced)","India book 2026-10-10: capital HELD at the book's UK × 0.52 (capex not sourced for India: the book's capital (UK × 0.52) is HELD; the India operating model (3-shift hours, Schedule II, finance, rent, tariff, support at India wages) is applied): depreciation × 1.333 (shift pattern), maintenance per running hour held, finance re-rated 4% → 8.75%; 229 m² at £25.44/m²/yr, 268,322 kWh at £0.069/kWh, support at 0.0454 of UK wages, 7,200 h × 0.75 (3 shifts × 8 h × 300 working days (Indian cost-accounting convention); Companies Act 2013 Schedule II: depreciation +50% for double shift, +100% for triple — a held (2-shift) capital charge × 2.0 / 1.5 at 3 shifts; 1-year MCLR 8.70–8.80% (SBI, BoB, BoI, Jul–Oct 2026); the book's line build-ups use 4% on half the capex; rent ₹25.05/sq ft/month (Knight Frank H1 2026 industrial / warehousing rent: Pune 28.7, Chennai 25.7, Bengaluru 23.5, NCR 22.3 ₹/sq ft/month — mean); maintenance the library's own line build-up rule (3.5% of capex); no Indian norm found)",""
"machine","furnace-roller-hearth","Roller-Hearth Austenitising Furnace (hot stamping)","3198.15","2857.5","-10.65","₹/h machine only","updated (India operating model; capital held — capex not sourced)","India book 2026-10-10: capital HELD at the book's UK × 0.52 (capex not sourced for India: the book's capital (UK × 0.52) is HELD; the India operating model (3-shift hours, Schedule II, finance, rent, tariff, support at India wages) is applied): depreciation × 1.333 (shift pattern), maintenance per running hour held, finance re-rated 4% → 8.75%; 367 m² at £25.44/m²/yr, 260,868 kWh at £0.069/kWh, support at 0.0454 of UK wages, 7,200 h × 0.8 (3 shifts × 8 h × 300 working days (Indian cost-accounting convention); Companies Act 2013 Schedule II: depreciation +50% for double shift, +100% for triple — a held (2-shift) capital charge × 2.0 / 1.5 at 3 shifts; 1-year MCLR 8.70–8.80% (SBI, BoB, BoI, Jul–Oct 2026); the book's line build-ups use 4% on half the capex; rent ₹25.05/sq ft/month (Knight Frank H1 2026 industrial / warehousing rent: Pune 28.7, Chennai 25.7, Bengaluru 23.5, NCR 22.3 ₹/sq ft/month — mean); maintenance the library's own line build-up rule (3.5% of capex); no Indian norm found)",""
"machine","notching-machine","CNC Notching Machine (laminations)","1953.08","1387.63","-28.95","₹/h machine only","updated (India operating model; capital held — capex not sourced)","India book 2026-10-10: capital HELD at the book's UK × 0.52 (capex not sourced for India: the book's capital (UK × 0.52) is HELD; the India operating model (3-shift hours, Schedule II, finance, rent, tariff, support at India wages) is applied): depreciation × 1.333 (shift pattern), maintenance per running hour held, finance re-rated 4% → 8.75%; 92 m² at £25.44/m²/yr, 78,260 kWh at £0.069/kWh, support at 0.0454 of UK wages, 7,200 h × 0.75 (3 shifts × 8 h × 300 working days (Indian cost-accounting convention); Companies Act 2013 Schedule II: depreciation +50% for double shift, +100% for triple — a held (2-shift) capital charge × 2.0 / 1.5 at 3 shifts; 1-year MCLR 8.70–8.80% (SBI, BoB, BoI, Jul–Oct 2026); the book's line build-ups use 4% on half the capex; rent ₹25.05/sq ft/month (Knight Frank H1 2026 industrial / warehousing rent: Pune 28.7, Chennai 25.7, Bengaluru 23.5, NCR 22.3 ₹/sq ft/month — mean); maintenance the library's own line build-up rule (3.5% of capex); no Indian norm found)",""
"machine","lamination-anneal-furnace","Stress-Relief Annealing Furnace (laminations)","2318.55","2158.05","-6.92","₹/h machine only","updated (India operating model; capital held — capex not sourced)","India book 2026-10-10: capital HELD at the book's UK × 0.52 (capex not sourced for India: the book's capital (UK × 0.52) is HELD; the India operating model (3-shift hours, Schedule II, finance, rent, tariff, support at India wages) is applied): depreciation × 1.333 (shift pattern), maintenance per running hour held, finance re-rated 4% → 8.75%; 184 m² at £25.44/m²/yr, 208,695 kWh at £0.069/kWh, support at 0.0454 of UK wages, 7,200 h × 0.8 (3 shifts × 8 h × 300 working days (Indian cost-accounting convention); Companies Act 2013 Schedule II: depreciation +50% for double shift, +100% for triple — a held (2-shift) capital charge × 2.0 / 1.5 at 3 shifts; 1-year MCLR 8.70–8.80% (SBI, BoB, BoI, Jul–Oct 2026); the book's line build-ups use 4% on half the capex; rent ₹25.05/sq ft/month (Knight Frank H1 2026 industrial / warehousing rent: Pune 28.7, Chennai 25.7, Bengaluru 23.5, NCR 22.3 ₹/sq ft/month — mean); maintenance the library's own line build-up rule (3.5% of capex); no Indian norm found)",""
"machine","backlack-bonding-oven","Backlack Bonding Oven/Press (self-bonded stacks)","2288.9","1667.71","-27.14","₹/h machine only","updated (India operating model; capital held — capex not sourced)","India book 2026-10-10: capital HELD at the book's UK × 0.52 (capex not sourced for India: the book's capital (UK × 0.52) is HELD; the India operating model (3-shift hours, Schedule II, finance, rent, tariff, support at India wages) is applied): depreciation × 1.333 (shift pattern), maintenance per running hour held, finance re-rated 4% → 8.75%; 110 m² at £25.44/m²/yr, 195,646 kWh at £0.069/kWh, support at 0.0454 of UK wages, 7,200 h × 0.78 (3 shifts × 8 h × 300 working days (Indian cost-accounting convention); Companies Act 2013 Schedule II: depreciation +50% for double shift, +100% for triple — a held (2-shift) capital charge × 2.0 / 1.5 at 3 shifts; 1-year MCLR 8.70–8.80% (SBI, BoB, BoI, Jul–Oct 2026); the book's line build-ups use 4% on half the capex; rent ₹25.05/sq ft/month (Knight Frank H1 2026 industrial / warehousing rent: Pune 28.7, Chennai 25.7, Bengaluru 23.5, NCR 22.3 ₹/sq ft/month — mean); maintenance the library's own line build-up rule (3.5% of capex); no Indian norm found)",""
"machine","laser-stack-welder","Laser Stack Welder (stator OD welds)","3524.54","2652.05","-24.75","₹/h machine only","updated (India operating model; capital held — capex not sourced)","India book 2026-10-10: capital HELD at the book's UK × 0.52 (capex not sourced for India: the book's capital (UK × 0.52) is HELD; the India operating model (3-shift hours, Schedule II, finance, rent, tariff, support at India wages) is applied): depreciation × 1.333 (shift pattern), maintenance per running hour held, finance re-rated 4% → 8.75%; 92 m² at £25.44/m²/yr, 117,386 kWh at £0.069/kWh, support at 0.0454 of UK wages, 7,200 h × 0.8 (3 shifts × 8 h × 300 working days (Indian cost-accounting convention); Companies Act 2013 Schedule II: depreciation +50% for double shift, +100% for triple — a held (2-shift) capital charge × 2.0 / 1.5 at 3 shifts; 1-year MCLR 8.70–8.80% (SBI, BoB, BoI, Jul–Oct 2026); the book's line build-ups use 4% on half the capex; rent ₹25.05/sq ft/month (Knight Frank H1 2026 industrial / warehousing rent: Pune 28.7, Chennai 25.7, Bengaluru 23.5, NCR 22.3 ₹/sq ft/month — mean); maintenance the library's own line build-up rule (3.5% of capex); no Indian norm found)",""
"machine","imm-50t","50T Injection Moulding Machine","530.39","407.7","-23.13","₹/h machine only","updated (India operating model; capital held — capex not sourced)","India book 2026-10-10: capital HELD at the book's UK × 0.52 (capex not sourced for India: the book's capital (UK × 0.52) is HELD; the India operating model (3-shift hours, Schedule II, finance, rent, tariff, support at India wages) is applied): depreciation × 1.333 (shift pattern), maintenance per running hour held, finance re-rated 4% → 8.75%; 23 m² at £25.44/m²/yr, 86,084 kWh at £0.069/kWh, support at 0.0454 of UK wages, 7,200 h × 0.8 (3 shifts × 8 h × 300 working days (Indian cost-accounting convention); Companies Act 2013 Schedule II: depreciation +50% for double shift, +100% for triple — a held (2-shift) capital charge × 2.0 / 1.5 at 3 shifts; 1-year MCLR 8.70–8.80% (SBI, BoB, BoI, Jul–Oct 2026); the book's line build-ups use 4% on half the capex; rent ₹25.05/sq ft/month (Knight Frank H1 2026 industrial / warehousing rent: Pune 28.7, Chennai 25.7, Bengaluru 23.5, NCR 22.3 ₹/sq ft/month — mean); maintenance the library's own line build-up rule (3.5% of capex); no Indian norm found)",""
"machine","imm-100t","100T Injection Moulding Machine","849.11","666.54","-21.5","₹/h machine only","updated (India operating model; capital held — capex not sourced)","India book 2026-10-10: capital HELD at the book's UK × 0.52 (capex not sourced for India: the book's capital (UK × 0.52) is HELD; the India operating model (3-shift hours, Schedule II, finance, rent, tariff, support at India wages) is applied): depreciation × 1.333 (shift pattern), maintenance per running hour held, finance re-rated 4% → 8.75%; 32 m² at £25.44/m²/yr, 156,521 kWh at £0.069/kWh, support at 0.0454 of UK wages, 7,200 h × 0.8 (3 shifts × 8 h × 300 working days (Indian cost-accounting convention); Companies Act 2013 Schedule II: depreciation +50% for double shift, +100% for triple — a held (2-shift) capital charge × 2.0 / 1.5 at 3 shifts; 1-year MCLR 8.70–8.80% (SBI, BoB, BoI, Jul–Oct 2026); the book's line build-ups use 4% on half the capex; rent ₹25.05/sq ft/month (Knight Frank H1 2026 industrial / warehousing rent: Pune 28.7, Chennai 25.7, Bengaluru 23.5, NCR 22.3 ₹/sq ft/month — mean); maintenance the library's own line build-up rule (3.5% of capex); no Indian norm found)",""
"machine","imm-200t","200T Injection Moulding Machine","1361.98","1087.18","-20.18","₹/h machine only","updated (India operating model; capital held — capex not sourced)","India book 2026-10-10: capital HELD at the book's UK × 0.52 (capex not sourced for India: the book's capital (UK × 0.52) is HELD; the India operating model (3-shift hours, Schedule II, finance, rent, tariff, support at India wages) is applied): depreciation × 1.333 (shift pattern), maintenance per running hour held, finance re-rated 4% → 8.75%; 46 m² at £25.44/m²/yr, 273,916 kWh at £0.069/kWh, support at 0.0454 of UK wages, 7,200 h × 0.8 (3 shifts × 8 h × 300 working days (Indian cost-accounting convention); Companies Act 2013 Schedule II: depreciation +50% for double shift, +100% for triple — a held (2-shift) capital charge × 2.0 / 1.5 at 3 shifts; 1-year MCLR 8.70–8.80% (SBI, BoB, BoI, Jul–Oct 2026); the book's line build-ups use 4% on half the capex; rent ₹25.05/sq ft/month (Knight Frank H1 2026 industrial / warehousing rent: Pune 28.7, Chennai 25.7, Bengaluru 23.5, NCR 22.3 ₹/sq ft/month — mean); maintenance the library's own line build-up rule (3.5% of capex); no Indian norm found)",""
"machine","imm-350t","350T Injection Moulding Machine","2030.27","1620.08","-20.2","₹/h machine only","updated (India operating model; capital held — capex not sourced)","India book 2026-10-10: capital HELD at the book's UK × 0.52 (capex not sourced for India: the book's capital (UK × 0.52) is HELD; the India operating model (3-shift hours, Schedule II, finance, rent, tariff, support at India wages) is applied): depreciation × 1.333 (shift pattern), maintenance per running hour held, finance re-rated 4% → 8.75%; 64 m² at £25.44/m²/yr, 406,958 kWh at £0.069/kWh, support at 0.0454 of UK wages, 7,200 h × 0.8 (3 shifts × 8 h × 300 working days (Indian cost-accounting convention); Companies Act 2013 Schedule II: depreciation +50% for double shift, +100% for triple — a held (2-shift) capital charge × 2.0 / 1.5 at 3 shifts; 1-year MCLR 8.70–8.80% (SBI, BoB, BoI, Jul–Oct 2026); the book's line build-ups use 4% on half the capex; rent ₹25.05/sq ft/month (Knight Frank H1 2026 industrial / warehousing rent: Pune 28.7, Chennai 25.7, Bengaluru 23.5, NCR 22.3 ₹/sq ft/month — mean); maintenance the library's own line build-up rule (3.5% of capex); no Indian norm found)",""
"machine","imm-400t","400T Injection Moulding Machine","2364.7","1885.83","-20.25","₹/h machine only","updated (India operating model; capital held — capex not sourced)","India book 2026-10-10: capital HELD at the book's UK × 0.52 (capex not sourced for India: the book's capital (UK × 0.52) is HELD; the India operating model (3-shift hours, Schedule II, finance, rent, tariff, support at India wages) is applied): depreciation × 1.333 (shift pattern), maintenance per running hour held, finance re-rated 4% → 8.75%; 73 m² at £25.44/m²/yr, 469,563 kWh at £0.069/kWh, support at 0.0454 of UK wages, 7,200 h × 0.8 (3 shifts × 8 h × 300 working days (Indian cost-accounting convention); Companies Act 2013 Schedule II: depreciation +50% for double shift, +100% for triple — a held (2-shift) capital charge × 2.0 / 1.5 at 3 shifts; 1-year MCLR 8.70–8.80% (SBI, BoB, BoI, Jul–Oct 2026); the book's line build-ups use 4% on half the capex; rent ₹25.05/sq ft/month (Knight Frank H1 2026 industrial / warehousing rent: Pune 28.7, Chennai 25.7, Bengaluru 23.5, NCR 22.3 ₹/sq ft/month — mean); maintenance the library's own line build-up rule (3.5% of capex); no Indian norm found)",""
"machine","imm-500t","500T Injection Moulding Machine","2899.23","2308.48","-20.38","₹/h machine only","updated (India operating model; capital held — capex not sourced)","India book 2026-10-10: capital HELD at the book's UK × 0.52 (capex not sourced for India: the book's capital (UK × 0.52) is HELD; the India operating model (3-shift hours, Schedule II, finance, rent, tariff, support at India wages) is applied): depreciation × 1.333 (shift pattern), maintenance per running hour held, finance re-rated 4% → 8.75%; 87 m² at £25.44/m²/yr, 563,479 kWh at £0.069/kWh, support at 0.0454 of UK wages, 7,200 h × 0.8 (3 shifts × 8 h × 300 working days (Indian cost-accounting convention); Companies Act 2013 Schedule II: depreciation +50% for double shift, +100% for triple — a held (2-shift) capital charge × 2.0 / 1.5 at 3 shifts; 1-year MCLR 8.70–8.80% (SBI, BoB, BoI, Jul–Oct 2026); the book's line build-ups use 4% on half the capex; rent ₹25.05/sq ft/month (Knight Frank H1 2026 industrial / warehousing rent: Pune 28.7, Chennai 25.7, Bengaluru 23.5, NCR 22.3 ₹/sq ft/month — mean); maintenance the library's own line build-up rule (3.5% of capex); no Indian norm found)",""
"machine","imm-800t","800T Injection Moulding Machine","4255.03","3395.53","-20.2","₹/h machine only","updated (India operating model; capital held — capex not sourced)","India book 2026-10-10: capital HELD at the book's UK × 0.52 (capex not sourced for India: the book's capital (UK × 0.52) is HELD; the India operating model (3-shift hours, Schedule II, finance, rent, tariff, support at India wages) is applied): depreciation × 1.333 (shift pattern), maintenance per running hour held, finance re-rated 4% → 8.75%; 129 m² at £25.44/m²/yr, 821,740 kWh at £0.069/kWh, support at 0.0454 of UK wages, 7,200 h × 0.78 (3 shifts × 8 h × 300 working days (Indian cost-accounting convention); Companies Act 2013 Schedule II: depreciation +50% for double shift, +100% for triple — a held (2-shift) capital charge × 2.0 / 1.5 at 3 shifts; 1-year MCLR 8.70–8.80% (SBI, BoB, BoI, Jul–Oct 2026); the book's line build-ups use 4% on half the capex; rent ₹25.05/sq ft/month (Knight Frank H1 2026 industrial / warehousing rent: Pune 28.7, Chennai 25.7, Bengaluru 23.5, NCR 22.3 ₹/sq ft/month — mean); maintenance the library's own line build-up rule (3.5% of capex); no Indian norm found)",""
"machine","imm-1200t","1200T Injection Moulding Machine","6084.71","4856.86","-20.18","₹/h machine only","updated (India operating model; capital held — capex not sourced)","India book 2026-10-10: capital HELD at the book's UK × 0.52 (capex not sourced for India: the book's capital (UK × 0.52) is HELD; the India operating model (3-shift hours, Schedule II, finance, rent, tariff, support at India wages) is applied): depreciation × 1.333 (shift pattern), maintenance per running hour held, finance re-rated 4% → 8.75%; 184 m² at £25.44/m²/yr, 1,173,916 kWh at £0.069/kWh, support at 0.0454 of UK wages, 7,200 h × 0.78 (3 shifts × 8 h × 300 working days (Indian cost-accounting convention); Companies Act 2013 Schedule II: depreciation +50% for double shift, +100% for triple — a held (2-shift) capital charge × 2.0 / 1.5 at 3 shifts; 1-year MCLR 8.70–8.80% (SBI, BoB, BoI, Jul–Oct 2026); the book's line build-ups use 4% on half the capex; rent ₹25.05/sq ft/month (Knight Frank H1 2026 industrial / warehousing rent: Pune 28.7, Chennai 25.7, Bengaluru 23.5, NCR 22.3 ₹/sq ft/month — mean); maintenance the library's own line build-up rule (3.5% of capex); no Indian norm found)",""
"machine","imm-2000t","2000T Injection Moulding Machine","9740.84","7788.75","-20.04","₹/h machine only","updated (India operating model; capital held — capex not sourced)","India book 2026-10-10: capital HELD at the book's UK × 0.52 (capex not sourced for India: the book's capital (UK × 0.52) is HELD; the India operating model (3-shift hours, Schedule II, finance, rent, tariff, support at India wages) is applied): depreciation × 1.333 (shift pattern), maintenance per running hour held, finance re-rated 4% → 8.75%; 275 m² at £25.44/m²/yr, 1,815,656 kWh at £0.069/kWh, support at 0.0454 of UK wages, 7,200 h × 0.76 (3 shifts × 8 h × 300 working days (Indian cost-accounting convention); Companies Act 2013 Schedule II: depreciation +50% for double shift, +100% for triple — a held (2-shift) capital charge × 2.0 / 1.5 at 3 shifts; 1-year MCLR 8.70–8.80% (SBI, BoB, BoI, Jul–Oct 2026); the book's line build-ups use 4% on half the capex; rent ₹25.05/sq ft/month (Knight Frank H1 2026 industrial / warehousing rent: Pune 28.7, Chennai 25.7, Bengaluru 23.5, NCR 22.3 ₹/sq ft/month — mean); maintenance the library's own line build-up rule (3.5% of capex); no Indian norm found)",""
"machine","imm-3500t","3500T Injection Moulding Machine","16676.21","13395.7","-19.67","₹/h machine only","updated (India operating model; capital held — capex not sourced)","India book 2026-10-10: capital HELD at the book's UK × 0.52 (capex not sourced for India: the book's capital (UK × 0.52) is HELD; the India operating model (3-shift hours, Schedule II, finance, rent, tariff, support at India wages) is applied): depreciation × 1.333 (shift pattern), maintenance per running hour held, finance re-rated 4% → 8.75%; 441 m² at £25.44/m²/yr, 3,052,187 kWh at £0.069/kWh, support at 0.0454 of UK wages, 7,200 h × 0.74 (3 shifts × 8 h × 300 working days (Indian cost-accounting convention); Companies Act 2013 Schedule II: depreciation +50% for double shift, +100% for triple — a held (2-shift) capital charge × 2.0 / 1.5 at 3 shifts; 1-year MCLR 8.70–8.80% (SBI, BoB, BoI, Jul–Oct 2026); the book's line build-ups use 4% on half the capex; rent ₹25.05/sq ft/month (Knight Frank H1 2026 industrial / warehousing rent: Pune 28.7, Chennai 25.7, Bengaluru 23.5, NCR 22.3 ₹/sq ft/month — mean); maintenance the library's own line build-up rule (3.5% of capex); no Indian norm found)",""
"machine","hpdc-500t","HPDC 500T","3085.61","2200.09","-28.7","₹/h machine only","updated (India operating model; capital held — capex not sourced)","India book 2026-10-10: capital HELD at the book's UK × 0.52 (capex not sourced for India: the book's capital (UK × 0.52) is HELD; the India operating model (3-shift hours, Schedule II, finance, rent, tariff, support at India wages) is applied): depreciation × 1.333 (shift pattern), maintenance per running hour held, finance re-rated 4% → 8.75%; 110 m² at £25.44/m²/yr, 357,762 kWh at £0.069/kWh, support at 0.0454 of UK wages, 7,200 h × 0.78 (3 shifts × 8 h × 300 working days (Indian cost-accounting convention); Companies Act 2013 Schedule II: depreciation +50% for double shift, +100% for triple — a held (2-shift) capital charge × 2.0 / 1.5 at 3 shifts; 1-year MCLR 8.70–8.80% (SBI, BoB, BoI, Jul–Oct 2026); the book's line build-ups use 4% on half the capex; rent ₹25.05/sq ft/month (Knight Frank H1 2026 industrial / warehousing rent: Pune 28.7, Chennai 25.7, Bengaluru 23.5, NCR 22.3 ₹/sq ft/month — mean); maintenance the library's own line build-up rule (3.5% of capex); no Indian norm found)",""
"machine","hpdc-800t","HPDC 800T","4708.48","3338","-29.11","₹/h machine only","updated (India operating model; capital held — capex not sourced)","India book 2026-10-10: capital HELD at the book's UK × 0.52 (capex not sourced for India: the book's capital (UK × 0.52) is HELD; the India operating model (3-shift hours, Schedule II, finance, rent, tariff, support at India wages) is applied): depreciation × 1.333 (shift pattern), maintenance per running hour held, finance re-rated 4% → 8.75%; 165 m² at £25.44/m²/yr, 491,928 kWh at £0.069/kWh, support at 0.0454 of UK wages, 7,200 h × 0.78 (3 shifts × 8 h × 300 working days (Indian cost-accounting convention); Companies Act 2013 Schedule II: depreciation +50% for double shift, +100% for triple — a held (2-shift) capital charge × 2.0 / 1.5 at 3 shifts; 1-year MCLR 8.70–8.80% (SBI, BoB, BoI, Jul–Oct 2026); the book's line build-ups use 4% on half the capex; rent ₹25.05/sq ft/month (Knight Frank H1 2026 industrial / warehousing rent: Pune 28.7, Chennai 25.7, Bengaluru 23.5, NCR 22.3 ₹/sq ft/month — mean); maintenance the library's own line build-up rule (3.5% of capex); no Indian norm found)",""
"machine","hpdc-1600t","HPDC 1600T","8139.43","5837.43","-28.28","₹/h machine only","updated (India operating model; capital held — capex not sourced)","India book 2026-10-10: capital HELD at the book's UK × 0.52 (capex not sourced for India: the book's capital (UK × 0.52) is HELD; the India operating model (3-shift hours, Schedule II, finance, rent, tariff, support at India wages) is applied): depreciation × 1.333 (shift pattern), maintenance per running hour held, finance re-rated 4% → 8.75%; 257 m² at £25.44/m²/yr, 894,416 kWh at £0.069/kWh, support at 0.0454 of UK wages, 7,200 h × 0.78 (3 shifts × 8 h × 300 working days (Indian cost-accounting convention); Companies Act 2013 Schedule II: depreciation +50% for double shift, +100% for triple — a held (2-shift) capital charge × 2.0 / 1.5 at 3 shifts; 1-year MCLR 8.70–8.80% (SBI, BoB, BoI, Jul–Oct 2026); the book's line build-ups use 4% on half the capex; rent ₹25.05/sq ft/month (Knight Frank H1 2026 industrial / warehousing rent: Pune 28.7, Chennai 25.7, Bengaluru 23.5, NCR 22.3 ₹/sq ft/month — mean); maintenance the library's own line build-up rule (3.5% of capex); no Indian norm found)",""
"machine","hpdc-giga-6100t","Giga-Casting Press 6100T (megacasting)","25423.14","19223.83","-24.38","₹/h machine only","updated (India operating model; capital held — capex not sourced)","India book 2026-10-10: capital HELD at the book's UK × 0.52 (capex not sourced for India: the book's capital (UK × 0.52) is HELD; the India operating model (3-shift hours, Schedule II, finance, rent, tariff, support at India wages) is applied): depreciation × 1.333 (shift pattern), maintenance per running hour held, finance re-rated 4% → 8.75%; 1101 m² at £25.44/m²/yr, 2,504,354 kWh at £0.069/kWh, support at 0.0454 of UK wages, 7,200 h × 0.8 (3 shifts × 8 h × 300 working days (Indian cost-accounting convention); Companies Act 2013 Schedule II: depreciation +50% for double shift, +100% for triple — a held (2-shift) capital charge × 2.0 / 1.5 at 3 shifts; 1-year MCLR 8.70–8.80% (SBI, BoB, BoI, Jul–Oct 2026); the book's line build-ups use 4% on half the capex; rent ₹25.05/sq ft/month (Knight Frank H1 2026 industrial / warehousing rent: Pune 28.7, Chennai 25.7, Bengaluru 23.5, NCR 22.3 ₹/sq ft/month — mean); maintenance the library's own line build-up rule (3.5% of capex); no Indian norm found)",""
"machine","hpdc-giga-9000t","Giga-Casting Press 9000T (Xiaomi/Tesla-class)","38238.86","28840.83","-24.58","₹/h machine only","updated (India operating model; capital held — capex not sourced)","India book 2026-10-10: capital HELD at the book's UK × 0.52 (capex not sourced for India: the book's capital (UK × 0.52) is HELD; the India operating model (3-shift hours, Schedule II, finance, rent, tariff, support at India wages) is applied): depreciation × 1.333 (shift pattern), maintenance per running hour held, finance re-rated 4% → 8.75%; 1652 m² at £25.44/m²/yr, 3,756,531 kWh at £0.069/kWh, support at 0.0454 of UK wages, 7,200 h × 0.8 (3 shifts × 8 h × 300 working days (Indian cost-accounting convention); Companies Act 2013 Schedule II: depreciation +50% for double shift, +100% for triple — a held (2-shift) capital charge × 2.0 / 1.5 at 3 shifts; 1-year MCLR 8.70–8.80% (SBI, BoB, BoI, Jul–Oct 2026); the book's line build-ups use 4% on half the capex; rent ₹25.05/sq ft/month (Knight Frank H1 2026 industrial / warehousing rent: Pune 28.7, Chennai 25.7, Bengaluru 23.5, NCR 22.3 ₹/sq ft/month — mean); maintenance the library's own line build-up rule (3.5% of capex); no Indian norm found)",""
"machine","sand-cast-line","Sand Casting Moulding Line","1842.35","1229.25","-33.28","₹/h machine only","updated (India operating model; capital held — capex not sourced)","India book 2026-10-10: capital HELD at the book's UK × 0.52 (capex not sourced for India: the book's capital (UK × 0.52) is HELD; the India operating model (3-shift hours, Schedule II, finance, rent, tariff, support at India wages) is applied): depreciation × 1.333 (shift pattern), maintenance per running hour held, finance re-rated 4% → 8.75%; 92 m² at £25.44/m²/yr, 223,596 kWh at £0.069/kWh, support at 0.0454 of UK wages, 7,200 h × 0.75 (3 shifts × 8 h × 300 working days (Indian cost-accounting convention); Companies Act 2013 Schedule II: depreciation +50% for double shift, +100% for triple — a held (2-shift) capital charge × 2.0 / 1.5 at 3 shifts; 1-year MCLR 8.70–8.80% (SBI, BoB, BoI, Jul–Oct 2026); the book's line build-ups use 4% on half the capex; rent ₹25.05/sq ft/month (Knight Frank H1 2026 industrial / warehousing rent: Pune 28.7, Chennai 25.7, Bengaluru 23.5, NCR 22.3 ₹/sq ft/month — mean); maintenance the library's own line build-up rule (3.5% of capex); no Indian norm found)",""
"machine","hpdc-160t","HPDC 160T (Zinc/Small Al)","1103.33","770.64","-30.15","₹/h machine only","updated (India operating model; capital held — capex not sourced)","India book 2026-10-10: capital HELD at the book's UK × 0.52 (capex not sourced for India: the book's capital (UK × 0.52) is HELD; the India operating model (3-shift hours, Schedule II, finance, rent, tariff, support at India wages) is applied): depreciation × 1.333 (shift pattern), maintenance per running hour held, finance re-rated 4% → 8.75%; 46 m² at £25.44/m²/yr, 125,214 kWh at £0.069/kWh, support at 0.0454 of UK wages, 7,200 h × 0.8 (3 shifts × 8 h × 300 working days (Indian cost-accounting convention); Companies Act 2013 Schedule II: depreciation +50% for double shift, +100% for triple — a held (2-shift) capital charge × 2.0 / 1.5 at 3 shifts; 1-year MCLR 8.70–8.80% (SBI, BoB, BoI, Jul–Oct 2026); the book's line build-ups use 4% on half the capex; rent ₹25.05/sq ft/month (Knight Frank H1 2026 industrial / warehousing rent: Pune 28.7, Chennai 25.7, Bengaluru 23.5, NCR 22.3 ₹/sq ft/month — mean); maintenance the library's own line build-up rule (3.5% of capex); no Indian norm found)",""
"machine","forge-press-500t","500T Mechanical Forge Press","3084.15","2240.79","-27.34","₹/h machine only","updated (India operating model; capital held — capex not sourced)","India book 2026-10-10: capital HELD at the book's UK × 0.52 (capex not sourced for India: the book's capital (UK × 0.52) is HELD; the India operating model (3-shift hours, Schedule II, finance, rent, tariff, support at India wages) is applied): depreciation × 1.333 (shift pattern), maintenance per running hour held, finance re-rated 4% → 8.75%; 110 m² at £25.44/m²/yr, 491,928 kWh at £0.069/kWh, support at 0.0454 of UK wages, 7,200 h × 0.78 (3 shifts × 8 h × 300 working days (Indian cost-accounting convention); Companies Act 2013 Schedule II: depreciation +50% for double shift, +100% for triple — a held (2-shift) capital charge × 2.0 / 1.5 at 3 shifts; 1-year MCLR 8.70–8.80% (SBI, BoB, BoI, Jul–Oct 2026); the book's line build-ups use 4% on half the capex; rent ₹25.05/sq ft/month (Knight Frank H1 2026 industrial / warehousing rent: Pune 28.7, Chennai 25.7, Bengaluru 23.5, NCR 22.3 ₹/sq ft/month — mean); maintenance the library's own line build-up rule (3.5% of capex); no Indian norm found)",""
"machine","forge-press-1600t","1600T Mechanical Forge Press","5623.28","4059.98","-27.8","₹/h machine only","updated (India operating model; capital held — capex not sourced)","India book 2026-10-10: capital HELD at the book's UK × 0.52 (capex not sourced for India: the book's capital (UK × 0.52) is HELD; the India operating model (3-shift hours, Schedule II, finance, rent, tariff, support at India wages) is applied): depreciation × 1.333 (shift pattern), maintenance per running hour held, finance re-rated 4% → 8.75%; 184 m² at £25.44/m²/yr, 760,250 kWh at £0.069/kWh, support at 0.0454 of UK wages, 7,200 h × 0.78 (3 shifts × 8 h × 300 working days (Indian cost-accounting convention); Companies Act 2013 Schedule II: depreciation +50% for double shift, +100% for triple — a held (2-shift) capital charge × 2.0 / 1.5 at 3 shifts; 1-year MCLR 8.70–8.80% (SBI, BoB, BoI, Jul–Oct 2026); the book's line build-ups use 4% on half the capex; rent ₹25.05/sq ft/month (Knight Frank H1 2026 industrial / warehousing rent: Pune 28.7, Chennai 25.7, Bengaluru 23.5, NCR 22.3 ₹/sq ft/month — mean); maintenance the library's own line build-up rule (3.5% of capex); no Indian norm found)",""
"machine","forge-press-2500t","2500T Mechanical Forge Press","8045.6","5804.59","-27.85","₹/h machine only","updated (India operating model; capital held — capex not sourced)","India book 2026-10-10: capital HELD at the book's UK × 0.52 (capex not sourced for India: the book's capital (UK × 0.52) is HELD; the India operating model (3-shift hours, Schedule II, finance, rent, tariff, support at India wages) is applied): depreciation × 1.333 (shift pattern), maintenance per running hour held, finance re-rated 4% → 8.75%; 257 m² at £25.44/m²/yr, 1,073,286 kWh at £0.069/kWh, support at 0.0454 of UK wages, 7,200 h × 0.78 (3 shifts × 8 h × 300 working days (Indian cost-accounting convention); Companies Act 2013 Schedule II: depreciation +50% for double shift, +100% for triple — a held (2-shift) capital charge × 2.0 / 1.5 at 3 shifts; 1-year MCLR 8.70–8.80% (SBI, BoB, BoI, Jul–Oct 2026); the book's line build-ups use 4% on half the capex; rent ₹25.05/sq ft/month (Knight Frank H1 2026 industrial / warehousing rent: Pune 28.7, Chennai 25.7, Bengaluru 23.5, NCR 22.3 ₹/sq ft/month — mean); maintenance the library's own line build-up rule (3.5% of capex); no Indian norm found)",""
"machine","forge-press-4000t","4000T Hydraulic Forge Press","12111.77","8723.05","-27.98","₹/h machine only","updated (India operating model; capital held — capex not sourced)","India book 2026-10-10: capital HELD at the book's UK × 0.52 (capex not sourced for India: the book's capital (UK × 0.52) is HELD; the India operating model (3-shift hours, Schedule II, finance, rent, tariff, support at India wages) is applied): depreciation × 1.333 (shift pattern), maintenance per running hour held, finance re-rated 4% → 8.75%; 367 m² at £25.44/m²/yr, 1,565,226 kWh at £0.069/kWh, support at 0.0454 of UK wages, 7,200 h × 0.78 (3 shifts × 8 h × 300 working days (Indian cost-accounting convention); Companies Act 2013 Schedule II: depreciation +50% for double shift, +100% for triple — a held (2-shift) capital charge × 2.0 / 1.5 at 3 shifts; 1-year MCLR 8.70–8.80% (SBI, BoB, BoI, Jul–Oct 2026); the book's line build-ups use 4% on half the capex; rent ₹25.05/sq ft/month (Knight Frank H1 2026 industrial / warehousing rent: Pune 28.7, Chennai 25.7, Bengaluru 23.5, NCR 22.3 ₹/sq ft/month — mean); maintenance the library's own line build-up rule (3.5% of capex); no Indian norm found)",""
"machine","forge-press-8000t","8000T Hydraulic Forge Press","23547.66","16995.45","-27.83","₹/h machine only","updated (India operating model; capital held — capex not sourced)","India book 2026-10-10: capital HELD at the book's UK × 0.52 (capex not sourced for India: the book's capital (UK × 0.52) is HELD; the India operating model (3-shift hours, Schedule II, finance, rent, tariff, support at India wages) is applied): depreciation × 1.333 (shift pattern), maintenance per running hour held, finance re-rated 4% → 8.75%; 642 m² at £25.44/m²/yr, 2,862,119 kWh at £0.069/kWh, support at 0.0454 of UK wages, 7,200 h × 0.75 (3 shifts × 8 h × 300 working days (Indian cost-accounting convention); Companies Act 2013 Schedule II: depreciation +50% for double shift, +100% for triple — a held (2-shift) capital charge × 2.0 / 1.5 at 3 shifts; 1-year MCLR 8.70–8.80% (SBI, BoB, BoI, Jul–Oct 2026); the book's line build-ups use 4% on half the capex; rent ₹25.05/sq ft/month (Knight Frank H1 2026 industrial / warehousing rent: Pune 28.7, Chennai 25.7, Bengaluru 23.5, NCR 22.3 ₹/sq ft/month — mean); maintenance the library's own line build-up rule (3.5% of capex); no Indian norm found)",""
"machine","forge-screw-1000t","1000T Screw Press","4282.8","3058.39","-28.59","₹/h machine only","updated (India operating model; capital held — capex not sourced)","India book 2026-10-10: capital HELD at the book's UK × 0.52 (capex not sourced for India: the book's capital (UK × 0.52) is HELD; the India operating model (3-shift hours, Schedule II, finance, rent, tariff, support at India wages) is applied): depreciation × 1.333 (shift pattern), maintenance per running hour held, finance re-rated 4% → 8.75%; 147 m² at £25.44/m²/yr, 536,643 kWh at £0.069/kWh, support at 0.0454 of UK wages, 7,200 h × 0.78 (3 shifts × 8 h × 300 working days (Indian cost-accounting convention); Companies Act 2013 Schedule II: depreciation +50% for double shift, +100% for triple — a held (2-shift) capital charge × 2.0 / 1.5 at 3 shifts; 1-year MCLR 8.70–8.80% (SBI, BoB, BoI, Jul–Oct 2026); the book's line build-ups use 4% on half the capex; rent ₹25.05/sq ft/month (Knight Frank H1 2026 industrial / warehousing rent: Pune 28.7, Chennai 25.7, Bengaluru 23.5, NCR 22.3 ₹/sq ft/month — mean); maintenance the library's own line build-up rule (3.5% of capex); no Indian norm found)",""
"machine","forge-upsetter-1000t","1000T Horizontal Upsetter","3532.19","2477.23","-29.87","₹/h machine only","updated (India operating model; capital held — capex not sourced)","India book 2026-10-10: capital HELD at the book's UK × 0.52 (capex not sourced for India: the book's capital (UK × 0.52) is HELD; the India operating model (3-shift hours, Schedule II, finance, rent, tariff, support at India wages) is applied): depreciation × 1.333 (shift pattern), maintenance per running hour held, finance re-rated 4% → 8.75%; 129 m² at £25.44/m²/yr, 357,762 kWh at £0.069/kWh, support at 0.0454 of UK wages, 7,200 h × 0.78 (3 shifts × 8 h × 300 working days (Indian cost-accounting convention); Companies Act 2013 Schedule II: depreciation +50% for double shift, +100% for triple — a held (2-shift) capital charge × 2.0 / 1.5 at 3 shifts; 1-year MCLR 8.70–8.80% (SBI, BoB, BoI, Jul–Oct 2026); the book's line build-ups use 4% on half the capex; rent ₹25.05/sq ft/month (Knight Frank H1 2026 industrial / warehousing rent: Pune 28.7, Chennai 25.7, Bengaluru 23.5, NCR 22.3 ₹/sq ft/month — mean); maintenance the library's own line build-up rule (3.5% of capex); no Indian norm found)",""
"machine","forge-hammer-2t","2T Pneumatic Forge Hammer","1577.98","1077.35","-31.73","₹/h machine only","updated (India operating model; capital held — capex not sourced)","India book 2026-10-10: capital HELD at the book's UK × 0.52 (capex not sourced for India: the book's capital (UK × 0.52) is HELD; the India operating model (3-shift hours, Schedule II, finance, rent, tariff, support at India wages) is applied): depreciation × 1.333 (shift pattern), maintenance per running hour held, finance re-rated 4% → 8.75%; 92 m² at £25.44/m²/yr, 250,429 kWh at £0.069/kWh, support at 0.0454 of UK wages, 7,200 h × 0.78 (3 shifts × 8 h × 300 working days (Indian cost-accounting convention); Companies Act 2013 Schedule II: depreciation +50% for double shift, +100% for triple — a held (2-shift) capital charge × 2.0 / 1.5 at 3 shifts; 1-year MCLR 8.70–8.80% (SBI, BoB, BoI, Jul–Oct 2026); the book's line build-ups use 4% on half the capex; rent ₹25.05/sq ft/month (Knight Frank H1 2026 industrial / warehousing rent: Pune 28.7, Chennai 25.7, Bengaluru 23.5, NCR 22.3 ₹/sq ft/month — mean); maintenance the library's own line build-up rule (3.5% of capex); no Indian norm found)",""
"machine","forge-hammer-5t","5T Pneumatic Forge Hammer","2620.04","1826.91","-30.27","₹/h machine only","updated (India operating model; capital held — capex not sourced)","India book 2026-10-10: capital HELD at the book's UK × 0.52 (capex not sourced for India: the book's capital (UK × 0.52) is HELD; the India operating model (3-shift hours, Schedule II, finance, rent, tariff, support at India wages) is applied): depreciation × 1.333 (shift pattern), maintenance per running hour held, finance re-rated 4% → 8.75%; 138 m² at £25.44/m²/yr, 402,488 kWh at £0.069/kWh, support at 0.0454 of UK wages, 7,200 h × 0.78 (3 shifts × 8 h × 300 working days (Indian cost-accounting convention); Companies Act 2013 Schedule II: depreciation +50% for double shift, +100% for triple — a held (2-shift) capital charge × 2.0 / 1.5 at 3 shifts; 1-year MCLR 8.70–8.80% (SBI, BoB, BoI, Jul–Oct 2026); the book's line build-ups use 4% on half the capex; rent ₹25.05/sq ft/month (Knight Frank H1 2026 industrial / warehousing rent: Pune 28.7, Chennai 25.7, Bengaluru 23.5, NCR 22.3 ₹/sq ft/month — mean); maintenance the library's own line build-up rule (3.5% of capex); no Indian norm found)",""
"machine","forge-hammer-10t","10T Counterblow Forge Hammer","4269.35","2990.9","-29.94","₹/h machine only","updated (India operating model; capital held — capex not sourced)","India book 2026-10-10: capital HELD at the book's UK × 0.52 (capex not sourced for India: the book's capital (UK × 0.52) is HELD; the India operating model (3-shift hours, Schedule II, finance, rent, tariff, support at India wages) is applied): depreciation × 1.333 (shift pattern), maintenance per running hour held, finance re-rated 4% → 8.75%; 202 m² at £25.44/m²/yr, 626,084 kWh at £0.069/kWh, support at 0.0454 of UK wages, 7,200 h × 0.78 (3 shifts × 8 h × 300 working days (Indian cost-accounting convention); Companies Act 2013 Schedule II: depreciation +50% for double shift, +100% for triple — a held (2-shift) capital charge × 2.0 / 1.5 at 3 shifts; 1-year MCLR 8.70–8.80% (SBI, BoB, BoI, Jul–Oct 2026); the book's line build-ups use 4% on half the capex; rent ₹25.05/sq ft/month (Knight Frank H1 2026 industrial / warehousing rent: Pune 28.7, Chennai 25.7, Bengaluru 23.5, NCR 22.3 ₹/sq ft/month — mean); maintenance the library's own line build-up rule (3.5% of capex); no Indian norm found)",""
"machine","forge-ring-mill","CNC Seamless Ring Rolling Mill","7253","5081.36","-29.94","₹/h machine only","updated (India operating model; capital held — capex not sourced)","India book 2026-10-10: capital HELD at the book's UK × 0.52 (capex not sourced for India: the book's capital (UK × 0.52) is HELD; the India operating model (3-shift hours, Schedule II, finance, rent, tariff, support at India wages) is applied): depreciation × 1.333 (shift pattern), maintenance per running hour held, finance re-rated 4% → 8.75%; 275 m² at £25.44/m²/yr, 804,976 kWh at £0.069/kWh, support at 0.0454 of UK wages, 7,200 h × 0.78 (3 shifts × 8 h × 300 working days (Indian cost-accounting convention); Companies Act 2013 Schedule II: depreciation +50% for double shift, +100% for triple — a held (2-shift) capital charge × 2.0 / 1.5 at 3 shifts; 1-year MCLR 8.70–8.80% (SBI, BoB, BoI, Jul–Oct 2026); the book's line build-ups use 4% on half the capex; rent ₹25.05/sq ft/month (Knight Frank H1 2026 industrial / warehousing rent: Pune 28.7, Chennai 25.7, Bengaluru 23.5, NCR 22.3 ₹/sq ft/month — mean); maintenance the library's own line build-up rule (3.5% of capex); no Indian norm found)",""
"machine","paint-line-std","Standard Paint Line (E-coat + Topcoat)","6123.81","4361.04","-28.79","₹/h machine only","updated (India operating model; capital held — capex not sourced)","India book 2026-10-10: capital HELD at the book's UK × 0.52 (capex not sourced for India: the book's capital (UK × 0.52) is HELD; the India operating model (3-shift hours, Schedule II, finance, rent, tariff, support at India wages) is applied): depreciation × 1.333 (shift pattern), maintenance per running hour held, finance re-rated 4% → 8.75%; 367 m² at £25.44/m²/yr, 626,093 kWh at £0.069/kWh, support at 0.0454 of UK wages, 7,200 h × 0.82 (3 shifts × 8 h × 300 working days (Indian cost-accounting convention); Companies Act 2013 Schedule II: depreciation +50% for double shift, +100% for triple — a held (2-shift) capital charge × 2.0 / 1.5 at 3 shifts; 1-year MCLR 8.70–8.80% (SBI, BoB, BoI, Jul–Oct 2026); the book's line build-ups use 4% on half the capex; rent ₹25.05/sq ft/month (Knight Frank H1 2026 industrial / warehousing rent: Pune 28.7, Chennai 25.7, Bengaluru 23.5, NCR 22.3 ₹/sq ft/month — mean); maintenance the library's own line build-up rule (3.5% of capex); no Indian norm found)",""
"machine","plating-line-barrel","Barrel Plating Line (zinc, high volume)","2775.14","1887.66","-31.98","₹/h machine only","updated (India operating model; capital held — capex not sourced)","India book 2026-10-10: capital HELD at the book's UK × 0.52 (capex not sourced for India: the book's capital (UK × 0.52) is HELD; the India operating model (3-shift hours, Schedule II, finance, rent, tariff, support at India wages) is applied): depreciation × 1.333 (shift pattern), maintenance per running hour held, finance re-rated 4% → 8.75%; 165 m² at £25.44/m²/yr, 273,916 kWh at £0.069/kWh, support at 0.0454 of UK wages, 7,200 h × 0.8 (3 shifts × 8 h × 300 working days (Indian cost-accounting convention); Companies Act 2013 Schedule II: depreciation +50% for double shift, +100% for triple — a held (2-shift) capital charge × 2.0 / 1.5 at 3 shifts; 1-year MCLR 8.70–8.80% (SBI, BoB, BoI, Jul–Oct 2026); the book's line build-ups use 4% on half the capex; rent ₹25.05/sq ft/month (Knight Frank H1 2026 industrial / warehousing rent: Pune 28.7, Chennai 25.7, Bengaluru 23.5, NCR 22.3 ₹/sq ft/month — mean); maintenance the library's own line build-up rule (3.5% of capex); no Indian norm found)",""
"machine","plating-line-rack","Rack Plating / Anodising Line","4081.65","2775.3","-32.01","₹/h machine only","updated (India operating model; capital held — capex not sourced)","India book 2026-10-10: capital HELD at the book's UK × 0.52 (capex not sourced for India: the book's capital (UK × 0.52) is HELD; the India operating model (3-shift hours, Schedule II, finance, rent, tariff, support at India wages) is applied): depreciation × 1.333 (shift pattern), maintenance per running hour held, finance re-rated 4% → 8.75%; 229 m² at £25.44/m²/yr, 352,177 kWh at £0.069/kWh, support at 0.0454 of UK wages, 7,200 h × 0.78 (3 shifts × 8 h × 300 working days (Indian cost-accounting convention); Companies Act 2013 Schedule II: depreciation +50% for double shift, +100% for triple — a held (2-shift) capital charge × 2.0 / 1.5 at 3 shifts; 1-year MCLR 8.70–8.80% (SBI, BoB, BoI, Jul–Oct 2026); the book's line build-ups use 4% on half the capex; rent ₹25.05/sq ft/month (Knight Frank H1 2026 industrial / warehousing rent: Pune 28.7, Chennai 25.7, Bengaluru 23.5, NCR 22.3 ₹/sq ft/month — mean); maintenance the library's own line build-up rule (3.5% of capex); no Indian norm found)",""
"machine","blast-machine","Shot Blast Machine (tumble / hanger)","1596.28","1116","-30.09","₹/h machine only","updated (India operating model; capital held — capex not sourced)","India book 2026-10-10: capital HELD at the book's UK × 0.52 (capex not sourced for India: the book's capital (UK × 0.52) is HELD; the India operating model (3-shift hours, Schedule II, finance, rent, tariff, support at India wages) is applied): depreciation × 1.333 (shift pattern), maintenance per running hour held, finance re-rated 4% → 8.75%; 83 m² at £25.44/m²/yr, 109,563 kWh at £0.069/kWh, support at 0.0454 of UK wages, 7,200 h × 0.8 (3 shifts × 8 h × 300 working days (Indian cost-accounting convention); Companies Act 2013 Schedule II: depreciation +50% for double shift, +100% for triple — a held (2-shift) capital charge × 2.0 / 1.5 at 3 shifts; 1-year MCLR 8.70–8.80% (SBI, BoB, BoI, Jul–Oct 2026); the book's line build-ups use 4% on half the capex; rent ₹25.05/sq ft/month (Knight Frank H1 2026 industrial / warehousing rent: Pune 28.7, Chennai 25.7, Bengaluru 23.5, NCR 22.3 ₹/sq ft/month — mean); maintenance the library's own line build-up rule (3.5% of capex); no Indian norm found)",""
"machine","mass-finish-bowl","Vibratory / Mass Finishing Bowl","988.12","632.16","-36.02","₹/h machine only","updated (India operating model; capital held — capex not sourced)","India book 2026-10-10: capital HELD at the book's UK × 0.52 (capex not sourced for India: the book's capital (UK × 0.52) is HELD; the India operating model (3-shift hours, Schedule II, finance, rent, tariff, support at India wages) is applied): depreciation × 1.333 (shift pattern), maintenance per running hour held, finance re-rated 4% → 8.75%; 64 m² at £25.44/m²/yr, 54,781 kWh at £0.069/kWh, support at 0.0454 of UK wages, 7,200 h × 0.75 (3 shifts × 8 h × 300 working days (Indian cost-accounting convention); Companies Act 2013 Schedule II: depreciation +50% for double shift, +100% for triple — a held (2-shift) capital charge × 2.0 / 1.5 at 3 shifts; 1-year MCLR 8.70–8.80% (SBI, BoB, BoI, Jul–Oct 2026); the book's line build-ups use 4% on half the capex; rent ₹25.05/sq ft/month (Knight Frank H1 2026 industrial / warehousing rent: Pune 28.7, Chennai 25.7, Bengaluru 23.5, NCR 22.3 ₹/sq ft/month — mean); maintenance the library's own line build-up rule (3.5% of capex); no Indian norm found)",""
"machine","galvanising-kettle","Hot Dip Galvanising Kettle (batch, EN ISO 1461)","9869.33","8360.37","-15.29","₹/h machine only","updated (India operating model; capital held — capex not sourced)","India book 2026-10-10: capital HELD at the book's UK × 0.52 (capex not sourced for India: the book's capital (UK × 0.52) is HELD; the India operating model (3-shift hours, Schedule II, finance, rent, tariff, support at India wages) is applied): depreciation × 1.333 (shift pattern), maintenance per running hour held, finance re-rated 4% → 8.75%; 551 m² at £25.44/m²/yr, 1,502,616 kWh at £0.069/kWh, support at 0.0454 of UK wages, 7,200 h × 0.8 (3 shifts × 8 h × 300 working days (Indian cost-accounting convention); Companies Act 2013 Schedule II: depreciation +50% for double shift, +100% for triple — a held (2-shift) capital charge × 2.0 / 1.5 at 3 shifts; 1-year MCLR 8.70–8.80% (SBI, BoB, BoI, Jul–Oct 2026); the book's line build-ups use 4% on half the capex; rent ₹25.05/sq ft/month (Knight Frank H1 2026 industrial / warehousing rent: Pune 28.7, Chennai 25.7, Bengaluru 23.5, NCR 22.3 ₹/sq ft/month — mean); maintenance the library's own line build-up rule (3.5% of capex); no Indian norm found)",""
"machine","impregnation-plant","Vacuum Resin Impregnation Plant (casting porosity)","1594.22","1118.98","-29.81","₹/h machine only","updated (India operating model; capital held — capex not sourced)","India book 2026-10-10: capital HELD at the book's UK × 0.52 (capex not sourced for India: the book's capital (UK × 0.52) is HELD; the India operating model (3-shift hours, Schedule II, finance, rent, tariff, support at India wages) is applied): depreciation × 1.333 (shift pattern), maintenance per running hour held, finance re-rated 4% → 8.75%; 73 m² at £25.44/m²/yr, 86,084 kWh at £0.069/kWh, support at 0.0454 of UK wages, 7,200 h × 0.78 (3 shifts × 8 h × 300 working days (Indian cost-accounting convention); Companies Act 2013 Schedule II: depreciation +50% for double shift, +100% for triple — a held (2-shift) capital charge × 2.0 / 1.5 at 3 shifts; 1-year MCLR 8.70–8.80% (SBI, BoB, BoI, Jul–Oct 2026); the book's line build-ups use 4% on half the capex; rent ₹25.05/sq ft/month (Knight Frank H1 2026 industrial / warehousing rent: Pune 28.7, Chennai 25.7, Bengaluru 23.5, NCR 22.3 ₹/sq ft/month — mean); maintenance the library's own line build-up rule (3.5% of capex); no Indian norm found)",""
"machine","robot-weld-station","Robot Welding Station","1462.38","1038.26","-29","₹/h machine only","updated (India operating model; capital held — capex not sourced)","India book 2026-10-10: capital HELD at the book's UK × 0.52 (capex not sourced for India: the book's capital (UK × 0.52) is HELD; the India operating model (3-shift hours, Schedule II, finance, rent, tariff, support at India wages) is applied): depreciation × 1.333 (shift pattern), maintenance per running hour held, finance re-rated 4% → 8.75%; 73 m² at £25.44/m²/yr, 46,958 kWh at £0.069/kWh, support at 0.0454 of UK wages, 7,200 h × 0.82 (3 shifts × 8 h × 300 working days (Indian cost-accounting convention); Companies Act 2013 Schedule II: depreciation +50% for double shift, +100% for triple — a held (2-shift) capital charge × 2.0 / 1.5 at 3 shifts; 1-year MCLR 8.70–8.80% (SBI, BoB, BoI, Jul–Oct 2026); the book's line build-ups use 4% on half the capex; rent ₹25.05/sq ft/month (Knight Frank H1 2026 industrial / warehousing rent: Pune 28.7, Chennai 25.7, Bengaluru 23.5, NCR 22.3 ₹/sq ft/month — mean); maintenance the library's own line build-up rule (3.5% of capex); no Indian norm found)",""
"machine","smt-line","SMT Pick & Place + Reflow Line","3432.97","2359.99","-31.26","₹/h machine only","updated (India operating model; capital held — capex not sourced)","India book 2026-10-10: capital HELD at the book's UK × 0.52 (capex not sourced for India: the book's capital (UK × 0.52) is HELD; the India operating model (3-shift hours, Schedule II, finance, rent, tariff, support at India wages) is applied): depreciation × 1.333 (shift pattern), maintenance per running hour held, finance re-rated 4% → 8.75%; 184 m² at £25.44/m²/yr, 117,386 kWh at £0.069/kWh, support at 0.0454 of UK wages, 7,200 h × 0.82 (3 shifts × 8 h × 300 working days (Indian cost-accounting convention); Companies Act 2013 Schedule II: depreciation +50% for double shift, +100% for triple — a held (2-shift) capital charge × 2.0 / 1.5 at 3 shifts; 1-year MCLR 8.70–8.80% (SBI, BoB, BoI, Jul–Oct 2026); the book's line build-ups use 4% on half the capex; rent ₹25.05/sq ft/month (Knight Frank H1 2026 industrial / warehousing rent: Pune 28.7, Chennai 25.7, Bengaluru 23.5, NCR 22.3 ₹/sq ft/month — mean); maintenance the library's own line build-up rule (3.5% of capex); no Indian norm found)",""
"machine","smt-high-speed-line","High-Speed SMT Line (Fuji/Juki/ASM)","9531.65","6390.85","-32.95","₹/h machine only","updated (India operating model; capital held — capex not sourced)","India book 2026-10-10: capital HELD at the book's UK × 0.52 (capex not sourced for India: the book's capital (UK × 0.52) is HELD; the India operating model (3-shift hours, Schedule II, finance, rent, tariff, support at India wages) is applied): depreciation × 1.333 (shift pattern), maintenance per running hour held, finance re-rated 4% → 8.75%; 275 m² at £25.44/m²/yr, 430,437 kWh at £0.069/kWh, support at 0.0454 of UK wages, 7,200 h × 0.82 (3 shifts × 8 h × 300 working days (Indian cost-accounting convention); Companies Act 2013 Schedule II: depreciation +50% for double shift, +100% for triple — a held (2-shift) capital charge × 2.0 / 1.5 at 3 shifts; 1-year MCLR 8.70–8.80% (SBI, BoB, BoI, Jul–Oct 2026); the book's line build-ups use 4% on half the capex; rent ₹25.05/sq ft/month (Knight Frank H1 2026 industrial / warehousing rent: Pune 28.7, Chennai 25.7, Bengaluru 23.5, NCR 22.3 ₹/sq ft/month — mean); maintenance the library's own line build-up rule (3.5% of capex); no Indian norm found)",""
"machine","laser-drill-75um","Laser Drill — 75 µm Microvia (CO₂/UV)","7660.32","5104.93","-33.36","₹/h machine only","updated (India operating model; capital held — capex not sourced)","India book 2026-10-10: capital HELD at the book's UK × 0.52 (capex not sourced for India: the book's capital (UK × 0.52) is HELD; the India operating model (3-shift hours, Schedule II, finance, rent, tariff, support at India wages) is applied): depreciation × 1.333 (shift pattern), maintenance per running hour held, finance re-rated 4% → 8.75%; 229 m² at £25.44/m²/yr, 313,042 kWh at £0.069/kWh, support at 0.0454 of UK wages, 7,200 h × 0.82 (3 shifts × 8 h × 300 working days (Indian cost-accounting convention); Companies Act 2013 Schedule II: depreciation +50% for double shift, +100% for triple — a held (2-shift) capital charge × 2.0 / 1.5 at 3 shifts; 1-year MCLR 8.70–8.80% (SBI, BoB, BoI, Jul–Oct 2026); the book's line build-ups use 4% on half the capex; rent ₹25.05/sq ft/month (Knight Frank H1 2026 industrial / warehousing rent: Pune 28.7, Chennai 25.7, Bengaluru 23.5, NCR 22.3 ₹/sq ft/month — mean); maintenance the library's own line build-up rule (3.5% of capex); no Indian norm found)",""
"machine","xray-bga-inspection","X-Ray BGA Inspection Cell (2D/3D AXI)","5790.66","3680.63","-36.44","₹/h machine only","updated (India operating model; capital held — capex not sourced)","India book 2026-10-10: capital HELD at the book's UK × 0.52 (capex not sourced for India: the book's capital (UK × 0.52) is HELD; the India operating model (3-shift hours, Schedule II, finance, rent, tariff, support at India wages) is applied): depreciation × 1.333 (shift pattern), maintenance per running hour held, finance re-rated 4% → 8.75%; 184 m² at £25.44/m²/yr, 195,646 kWh at £0.069/kWh, support at 0.0454 of UK wages, 7,200 h × 0.82 (3 shifts × 8 h × 300 working days (Indian cost-accounting convention); Companies Act 2013 Schedule II: depreciation +50% for double shift, +100% for triple — a held (2-shift) capital charge × 2.0 / 1.5 at 3 shifts; 1-year MCLR 8.70–8.80% (SBI, BoB, BoI, Jul–Oct 2026); the book's line build-ups use 4% on half the capex; rent ₹25.05/sq ft/month (Knight Frank H1 2026 industrial / warehousing rent: Pune 28.7, Chennai 25.7, Bengaluru 23.5, NCR 22.3 ₹/sq ft/month — mean); maintenance the library's own line build-up rule (3.5% of capex); no Indian norm found)",""
"machine","ict-automotive","ICT Bed-of-Nails Test System (Automotive)","7095.23","4540.4","-36.01","₹/h machine only","updated (India operating model; capital held — capex not sourced)","India book 2026-10-10: capital HELD at the book's UK × 0.52 (capex not sourced for India: the book's capital (UK × 0.52) is HELD; the India operating model (3-shift hours, Schedule II, finance, rent, tariff, support at India wages) is applied): depreciation × 1.333 (shift pattern), maintenance per running hour held, finance re-rated 4% → 8.75%; 229 m² at £25.44/m²/yr, 234,781 kWh at £0.069/kWh, support at 0.0454 of UK wages, 7,200 h × 0.82 (3 shifts × 8 h × 300 working days (Indian cost-accounting convention); Companies Act 2013 Schedule II: depreciation +50% for double shift, +100% for triple — a held (2-shift) capital charge × 2.0 / 1.5 at 3 shifts; 1-year MCLR 8.70–8.80% (SBI, BoB, BoI, Jul–Oct 2026); the book's line build-ups use 4% on half the capex; rent ₹25.05/sq ft/month (Knight Frank H1 2026 industrial / warehousing rent: Pune 28.7, Chennai 25.7, Bengaluru 23.5, NCR 22.3 ₹/sq ft/month — mean); maintenance the library's own line build-up rule (3.5% of capex); no Indian norm found)",""
"machine","blow-ebm-100l","EBM Blow Moulder (up to 5L)","1281.93","966.94","-24.57","₹/h machine only","updated (India operating model; capital held — capex not sourced)","India book 2026-10-10: capital HELD at the book's UK × 0.52 (capex not sourced for India: the book's capital (UK × 0.52) is HELD; the India operating model (3-shift hours, Schedule II, finance, rent, tariff, support at India wages) is applied): depreciation × 1.333 (shift pattern), maintenance per running hour held, finance re-rated 4% → 8.75%; 55 m² at £25.44/m²/yr, 140,875 kWh at £0.069/kWh, support at 0.0454 of UK wages, 7,200 h × 0.8 (3 shifts × 8 h × 300 working days (Indian cost-accounting convention); Companies Act 2013 Schedule II: depreciation +50% for double shift, +100% for triple — a held (2-shift) capital charge × 2.0 / 1.5 at 3 shifts; 1-year MCLR 8.70–8.80% (SBI, BoB, BoI, Jul–Oct 2026); the book's line build-ups use 4% on half the capex; rent ₹25.05/sq ft/month (Knight Frank H1 2026 industrial / warehousing rent: Pune 28.7, Chennai 25.7, Bengaluru 23.5, NCR 22.3 ₹/sq ft/month — mean); maintenance the library's own line build-up rule (3.5% of capex); no Indian norm found)",""
"machine","blow-ebm-500l","EBM Blow Moulder (5–100L tanks/drums)","2270.49","1684.65","-25.8","₹/h machine only","updated (India operating model; capital held — capex not sourced)","India book 2026-10-10: capital HELD at the book's UK × 0.52 (capex not sourced for India: the book's capital (UK × 0.52) is HELD; the India operating model (3-shift hours, Schedule II, finance, rent, tariff, support at India wages) is applied): depreciation × 1.333 (shift pattern), maintenance per running hour held, finance re-rated 4% → 8.75%; 110 m² at £25.44/m²/yr, 234,781 kWh at £0.069/kWh, support at 0.0454 of UK wages, 7,200 h × 0.8 (3 shifts × 8 h × 300 working days (Indian cost-accounting convention); Companies Act 2013 Schedule II: depreciation +50% for double shift, +100% for triple — a held (2-shift) capital charge × 2.0 / 1.5 at 3 shifts; 1-year MCLR 8.70–8.80% (SBI, BoB, BoI, Jul–Oct 2026); the book's line build-ups use 4% on half the capex; rent ₹25.05/sq ft/month (Knight Frank H1 2026 industrial / warehousing rent: Pune 28.7, Chennai 25.7, Bengaluru 23.5, NCR 22.3 ₹/sq ft/month — mean); maintenance the library's own line build-up rule (3.5% of capex); no Indian norm found)",""
"machine","blow-ebm-2head","EBM 2-Head (Bottles 1–5L)","1493.21","1127.48","-24.49","₹/h machine only","updated (India operating model; capital held — capex not sourced)","India book 2026-10-10: capital HELD at the book's UK × 0.52 (capex not sourced for India: the book's capital (UK × 0.52) is HELD; the India operating model (3-shift hours, Schedule II, finance, rent, tariff, support at India wages) is applied): depreciation × 1.333 (shift pattern), maintenance per running hour held, finance re-rated 4% → 8.75%; 64 m² at £25.44/m²/yr, 172,177 kWh at £0.069/kWh, support at 0.0454 of UK wages, 7,200 h × 0.82 (3 shifts × 8 h × 300 working days (Indian cost-accounting convention); Companies Act 2013 Schedule II: depreciation +50% for double shift, +100% for triple — a held (2-shift) capital charge × 2.0 / 1.5 at 3 shifts; 1-year MCLR 8.70–8.80% (SBI, BoB, BoI, Jul–Oct 2026); the book's line build-ups use 4% on half the capex; rent ₹25.05/sq ft/month (Knight Frank H1 2026 industrial / warehousing rent: Pune 28.7, Chennai 25.7, Bengaluru 23.5, NCR 22.3 ₹/sq ft/month — mean); maintenance the library's own line build-up rule (3.5% of capex); no Indian norm found)",""
"machine","blow-ebm-coex3","3-Layer Co-Ex EBM","2922.49","2185.8","-25.21","₹/h machine only","updated (India operating model; capital held — capex not sourced)","India book 2026-10-10: capital HELD at the book's UK × 0.52 (capex not sourced for India: the book's capital (UK × 0.52) is HELD; the India operating model (3-shift hours, Schedule II, finance, rent, tariff, support at India wages) is applied): depreciation × 1.333 (shift pattern), maintenance per running hour held, finance re-rated 4% → 8.75%; 110 m² at £25.44/m²/yr, 273,916 kWh at £0.069/kWh, support at 0.0454 of UK wages, 7,200 h × 0.78 (3 shifts × 8 h × 300 working days (Indian cost-accounting convention); Companies Act 2013 Schedule II: depreciation +50% for double shift, +100% for triple — a held (2-shift) capital charge × 2.0 / 1.5 at 3 shifts; 1-year MCLR 8.70–8.80% (SBI, BoB, BoI, Jul–Oct 2026); the book's line build-ups use 4% on half the capex; rent ₹25.05/sq ft/month (Knight Frank H1 2026 industrial / warehousing rent: Pune 28.7, Chennai 25.7, Bengaluru 23.5, NCR 22.3 ₹/sq ft/month — mean); maintenance the library's own line build-up rule (3.5% of capex); no Indian norm found)",""
"machine","blow-ebm-coex5","5-Layer Co-Ex EBM (High-Barrier)","4878.01","3634.55","-25.49","₹/h machine only","updated (India operating model; capital held — capex not sourced)","India book 2026-10-10: capital HELD at the book's UK × 0.52 (capex not sourced for India: the book's capital (UK × 0.52) is HELD; the India operating model (3-shift hours, Schedule II, finance, rent, tariff, support at India wages) is applied): depreciation × 1.333 (shift pattern), maintenance per running hour held, finance re-rated 4% → 8.75%; 165 m² at £25.44/m²/yr, 391,302 kWh at £0.069/kWh, support at 0.0454 of UK wages, 7,200 h × 0.75 (3 shifts × 8 h × 300 working days (Indian cost-accounting convention); Companies Act 2013 Schedule II: depreciation +50% for double shift, +100% for triple — a held (2-shift) capital charge × 2.0 / 1.5 at 3 shifts; 1-year MCLR 8.70–8.80% (SBI, BoB, BoI, Jul–Oct 2026); the book's line build-ups use 4% on half the capex; rent ₹25.05/sq ft/month (Knight Frank H1 2026 industrial / warehousing rent: Pune 28.7, Chennai 25.7, Bengaluru 23.5, NCR 22.3 ₹/sq ft/month — mean); maintenance the library's own line build-up rule (3.5% of capex); no Indian norm found)",""
"machine","blow-ebm-large","Large EBM Accumulator Head (20–200L)","3696.99","2728.38","-26.2","₹/h machine only","updated (India operating model; capital held — capex not sourced)","India book 2026-10-10: capital HELD at the book's UK × 0.52 (capex not sourced for India: the book's capital (UK × 0.52) is HELD; the India operating model (3-shift hours, Schedule II, finance, rent, tariff, support at India wages) is applied): depreciation × 1.333 (shift pattern), maintenance per running hour held, finance re-rated 4% → 8.75%; 184 m² at £25.44/m²/yr, 352,177 kWh at £0.069/kWh, support at 0.0454 of UK wages, 7,200 h × 0.77 (3 shifts × 8 h × 300 working days (Indian cost-accounting convention); Companies Act 2013 Schedule II: depreciation +50% for double shift, +100% for triple — a held (2-shift) capital charge × 2.0 / 1.5 at 3 shifts; 1-year MCLR 8.70–8.80% (SBI, BoB, BoI, Jul–Oct 2026); the book's line build-ups use 4% on half the capex; rent ₹25.05/sq ft/month (Knight Frank H1 2026 industrial / warehousing rent: Pune 28.7, Chennai 25.7, Bengaluru 23.5, NCR 22.3 ₹/sq ft/month — mean); maintenance the library's own line build-up rule (3.5% of capex); no Indian norm found)",""
"machine","blow-ibm-rotary","IBM Rotary Machine (Pharma/Cosmetics)","2479.04","2082","-16.02","₹/h machine only","updated (India operating model; capital held — capex not sourced)","India book 2026-10-10: capital HELD at the book's UK × 0.52 (capex not sourced for India: the book's capital (UK × 0.52) is HELD; the India operating model (3-shift hours, Schedule II, finance, rent, tariff, support at India wages) is applied): depreciation × 1.333 (shift pattern), maintenance per running hour held, finance re-rated 4% → 8.75%; 138 m² at £25.44/m²/yr, 156,517 kWh at £0.069/kWh, support at 0.0454 of UK wages, 7,200 h × 0.88 (3 shifts × 8 h × 300 working days (Indian cost-accounting convention); Companies Act 2013 Schedule II: depreciation +50% for double shift, +100% for triple — a held (2-shift) capital charge × 2.0 / 1.5 at 3 shifts; 1-year MCLR 8.70–8.80% (SBI, BoB, BoI, Jul–Oct 2026); the book's line build-ups use 4% on half the capex; rent ₹25.05/sq ft/month (Knight Frank H1 2026 industrial / warehousing rent: Pune 28.7, Chennai 25.7, Bengaluru 23.5, NCR 22.3 ₹/sq ft/month — mean); maintenance the library's own line build-up rule (3.5% of capex); no Indian norm found)",""
"machine","blow-ibm-linear","IBM Linear Machine (Medium Volume)","2031.17","1582","-22.11","₹/h machine only","updated (India operating model; capital held — capex not sourced)","India book 2026-10-10: capital HELD at the book's UK × 0.52 (capex not sourced for India: the book's capital (UK × 0.52) is HELD; the India operating model (3-shift hours, Schedule II, finance, rent, tariff, support at India wages) is applied): depreciation × 1.333 (shift pattern), maintenance per running hour held, finance re-rated 4% → 8.75%; 110 m² at £25.44/m²/yr, 139,130 kWh at £0.069/kWh, support at 0.0454 of UK wages, 7,200 h × 0.85 (3 shifts × 8 h × 300 working days (Indian cost-accounting convention); Companies Act 2013 Schedule II: depreciation +50% for double shift, +100% for triple — a held (2-shift) capital charge × 2.0 / 1.5 at 3 shifts; 1-year MCLR 8.70–8.80% (SBI, BoB, BoI, Jul–Oct 2026); the book's line build-ups use 4% on half the capex; rent ₹25.05/sq ft/month (Knight Frank H1 2026 industrial / warehousing rent: Pune 28.7, Chennai 25.7, Bengaluru 23.5, NCR 22.3 ₹/sq ft/month — mean); maintenance the library's own line build-up rule (3.5% of capex); no Indian norm found)",""
"machine","blow-sbm-1stage","SBM Single-Stage (Preform + Blow)","2674.34","2112.71","-21","₹/h machine only","updated (India operating model; capital held — capex not sourced)","India book 2026-10-10: capital HELD at the book's UK × 0.52 (capex not sourced for India: the book's capital (UK × 0.52) is HELD; the India operating model (3-shift hours, Schedule II, finance, rent, tariff, support at India wages) is applied): depreciation × 1.333 (shift pattern), maintenance per running hour held, finance re-rated 4% → 8.75%; 129 m² at £25.44/m²/yr, 243,481 kWh at £0.069/kWh, support at 0.0454 of UK wages, 7,200 h × 0.8 (3 shifts × 8 h × 300 working days (Indian cost-accounting convention); Companies Act 2013 Schedule II: depreciation +50% for double shift, +100% for triple — a held (2-shift) capital charge × 2.0 / 1.5 at 3 shifts; 1-year MCLR 8.70–8.80% (SBI, BoB, BoI, Jul–Oct 2026); the book's line build-ups use 4% on half the capex; rent ₹25.05/sq ft/month (Knight Frank H1 2026 industrial / warehousing rent: Pune 28.7, Chennai 25.7, Bengaluru 23.5, NCR 22.3 ₹/sq ft/month — mean); maintenance the library's own line build-up rule (3.5% of capex); no Indian norm found)",""
"machine","blow-sbm-2stage","SBM Two-Stage Reheat (High-Speed PET)","2388.84","2295.72","-3.9","₹/h machine only","updated (India operating model; capital held — capex not sourced)","India book 2026-10-10: capital HELD at the book's UK × 0.52 (capex not sourced for India: the book's capital (UK × 0.52) is HELD; the India operating model (3-shift hours, Schedule II, finance, rent, tariff, support at India wages) is applied): depreciation × 1.333 (shift pattern), maintenance per running hour held, finance re-rated 4% → 8.75%; 147 m² at £25.44/m²/yr, 208,695 kWh at £0.069/kWh, support at 0.0454 of UK wages, 7,200 h × 0.9 (3 shifts × 8 h × 300 working days (Indian cost-accounting convention); Companies Act 2013 Schedule II: depreciation +50% for double shift, +100% for triple — a held (2-shift) capital charge × 2.0 / 1.5 at 3 shifts; 1-year MCLR 8.70–8.80% (SBI, BoB, BoI, Jul–Oct 2026); the book's line build-ups use 4% on half the capex; rent ₹25.05/sq ft/month (Knight Frank H1 2026 industrial / warehousing rent: Pune 28.7, Chennai 25.7, Bengaluru 23.5, NCR 22.3 ₹/sq ft/month — mean); maintenance the library's own line build-up rule (3.5% of capex); no Indian norm found)",""
"machine","blow-deflash-trimmer","Deflash Trim Robot / Station","716.08","502.69","-29.8","₹/h machine only","updated (India operating model; capital held — capex not sourced)","India book 2026-10-10: capital HELD at the book's UK × 0.52 (capex not sourced for India: the book's capital (UK × 0.52) is HELD; the India operating model (3-shift hours, Schedule II, finance, rent, tariff, support at India wages) is applied): depreciation × 1.333 (shift pattern), maintenance per running hour held, finance re-rated 4% → 8.75%; 55 m² at £25.44/m²/yr, 62,614 kWh at £0.069/kWh, support at 0.0454 of UK wages, 7,200 h × 0.85 (3 shifts × 8 h × 300 working days (Indian cost-accounting convention); Companies Act 2013 Schedule II: depreciation +50% for double shift, +100% for triple — a held (2-shift) capital charge × 2.0 / 1.5 at 3 shifts; 1-year MCLR 8.70–8.80% (SBI, BoB, BoI, Jul–Oct 2026); the book's line build-ups use 4% on half the capex; rent ₹25.05/sq ft/month (Knight Frank H1 2026 industrial / warehousing rent: Pune 28.7, Chennai 25.7, Bengaluru 23.5, NCR 22.3 ₹/sq ft/month — mean); maintenance the library's own line build-up rule (3.5% of capex); no Indian norm found)",""
"machine","extruder-75mm","Single Screw Extruder 75mm","969.36","848.75","-12.44","₹/h machine only","updated (India operating model; capital held — capex not sourced)","India book 2026-10-10: capital HELD at the book's UK × 0.52 (capex not sourced for India: the book's capital (UK × 0.52) is HELD; the India operating model (3-shift hours, Schedule II, finance, rent, tariff, support at India wages) is applied): depreciation × 1.333 (shift pattern), maintenance per running hour held, finance re-rated 4% → 8.75%; 46 m² at £25.44/m²/yr, 219,133 kWh at £0.069/kWh, support at 0.0454 of UK wages, 7,200 h × 0.82 (3 shifts × 8 h × 300 working days (Indian cost-accounting convention); Companies Act 2013 Schedule II: depreciation +50% for double shift, +100% for triple — a held (2-shift) capital charge × 2.0 / 1.5 at 3 shifts; 1-year MCLR 8.70–8.80% (SBI, BoB, BoI, Jul–Oct 2026); the book's line build-ups use 4% on half the capex; rent ₹25.05/sq ft/month (Knight Frank H1 2026 industrial / warehousing rent: Pune 28.7, Chennai 25.7, Bengaluru 23.5, NCR 22.3 ₹/sq ft/month — mean); maintenance the library's own line build-up rule (3.5% of capex); no Indian norm found)",""
"machine","extruder-150mm","Twin Screw Compounding/Extrusion Line 150mm","3173","2751.89","-13.27","₹/h machine only","updated (India operating model; capital held — capex not sourced)","India book 2026-10-10: capital HELD at the book's UK × 0.52 (capex not sourced for India: the book's capital (UK × 0.52) is HELD; the India operating model (3-shift hours, Schedule II, finance, rent, tariff, support at India wages) is applied): depreciation × 1.333 (shift pattern), maintenance per running hour held, finance re-rated 4% → 8.75%; 138 m² at £25.44/m²/yr, 438,258 kWh at £0.069/kWh, support at 0.0454 of UK wages, 7,200 h × 0.8 (3 shifts × 8 h × 300 working days (Indian cost-accounting convention); Companies Act 2013 Schedule II: depreciation +50% for double shift, +100% for triple — a held (2-shift) capital charge × 2.0 / 1.5 at 3 shifts; 1-year MCLR 8.70–8.80% (SBI, BoB, BoI, Jul–Oct 2026); the book's line build-ups use 4% on half the capex; rent ₹25.05/sq ft/month (Knight Frank H1 2026 industrial / warehousing rent: Pune 28.7, Chennai 25.7, Bengaluru 23.5, NCR 22.3 ₹/sq ft/month — mean); maintenance the library's own line build-up rule (3.5% of capex); no Indian norm found)",""
"machine","extruder-pipe-line","Pipe Extrusion Line 90mm (SSE + vacuum tank + haul-off + saw)","1551.07","1472.84","-5.04","₹/h machine only","updated (India operating model; capital held — capex not sourced)","India book 2026-10-10: capital HELD at the book's UK × 0.52 (capex not sourced for India: the book's capital (UK × 0.52) is HELD; the India operating model (3-shift hours, Schedule II, finance, rent, tariff, support at India wages) is applied): depreciation × 1.333 (shift pattern), maintenance per running hour held, finance re-rated 4% → 8.75%; 110 m² at £25.44/m²/yr, 286,958 kWh at £0.069/kWh, support at 0.0454 of UK wages, 7,200 h × 0.85 (3 shifts × 8 h × 300 working days (Indian cost-accounting convention); Companies Act 2013 Schedule II: depreciation +50% for double shift, +100% for triple — a held (2-shift) capital charge × 2.0 / 1.5 at 3 shifts; 1-year MCLR 8.70–8.80% (SBI, BoB, BoI, Jul–Oct 2026); the book's line build-ups use 4% on half the capex; rent ₹25.05/sq ft/month (Knight Frank H1 2026 industrial / warehousing rent: Pune 28.7, Chennai 25.7, Bengaluru 23.5, NCR 22.3 ₹/sq ft/month — mean); maintenance the library's own line build-up rule (3.5% of capex); no Indian norm found)",""
"machine","extruder-profile-line","Profile Extrusion Line 75mm (SSE + calibration table + haul-off)","1272.96","1142.66","-10.24","₹/h machine only","updated (India operating model; capital held — capex not sourced)","India book 2026-10-10: capital HELD at the book's UK × 0.52 (capex not sourced for India: the book's capital (UK × 0.52) is HELD; the India operating model (3-shift hours, Schedule II, finance, rent, tariff, support at India wages) is applied): depreciation × 1.333 (shift pattern), maintenance per running hour held, finance re-rated 4% → 8.75%; 73 m² at £25.44/m²/yr, 227,667 kWh at £0.069/kWh, support at 0.0454 of UK wages, 7,200 h × 0.8 (3 shifts × 8 h × 300 working days (Indian cost-accounting convention); Companies Act 2013 Schedule II: depreciation +50% for double shift, +100% for triple — a held (2-shift) capital charge × 2.0 / 1.5 at 3 shifts; 1-year MCLR 8.70–8.80% (SBI, BoB, BoI, Jul–Oct 2026); the book's line build-ups use 4% on half the capex; rent ₹25.05/sq ft/month (Knight Frank H1 2026 industrial / warehousing rent: Pune 28.7, Chennai 25.7, Bengaluru 23.5, NCR 22.3 ₹/sq ft/month — mean); maintenance the library's own line build-up rule (3.5% of capex); no Indian norm found)",""
"machine","extruder-sheet-line","Sheet Extrusion Line (die + 3-roll stack + winder)","2954.07","2840.02","-3.86","₹/h machine only","updated (India operating model; capital held — capex not sourced)","India book 2026-10-10: capital HELD at the book's UK × 0.52 (capex not sourced for India: the book's capital (UK × 0.52) is HELD; the India operating model (3-shift hours, Schedule II, finance, rent, tariff, support at India wages) is applied): depreciation × 1.333 (shift pattern), maintenance per running hour held, finance re-rated 4% → 8.75%; 184 m² at £25.44/m²/yr, 443,479 kWh at £0.069/kWh, support at 0.0454 of UK wages, 7,200 h × 0.82 (3 shifts × 8 h × 300 working days (Indian cost-accounting convention); Companies Act 2013 Schedule II: depreciation +50% for double shift, +100% for triple — a held (2-shift) capital charge × 2.0 / 1.5 at 3 shifts; 1-year MCLR 8.70–8.80% (SBI, BoB, BoI, Jul–Oct 2026); the book's line build-ups use 4% on half the capex; rent ₹25.05/sq ft/month (Knight Frank H1 2026 industrial / warehousing rent: Pune 28.7, Chennai 25.7, Bengaluru 23.5, NCR 22.3 ₹/sq ft/month — mean); maintenance the library's own line build-up rule (3.5% of capex); no Indian norm found)",""
"machine","extruder-cable-line","Cable/Wire Line (crosshead + CV/cooling + capstan)","1241.81","1237.66","-0.33","₹/h machine only","updated (India operating model; capital held — capex not sourced)","India book 2026-10-10: capital HELD at the book's UK × 0.52 (capex not sourced for India: the book's capital (UK × 0.52) is HELD; the India operating model (3-shift hours, Schedule II, finance, rent, tariff, support at India wages) is applied): depreciation × 1.333 (shift pattern), maintenance per running hour held, finance re-rated 4% → 8.75%; 92 m² at £25.44/m²/yr, 216,724 kWh at £0.069/kWh, support at 0.0454 of UK wages, 7,200 h × 0.85 (3 shifts × 8 h × 300 working days (Indian cost-accounting convention); Companies Act 2013 Schedule II: depreciation +50% for double shift, +100% for triple — a held (2-shift) capital charge × 2.0 / 1.5 at 3 shifts; 1-year MCLR 8.70–8.80% (SBI, BoB, BoI, Jul–Oct 2026); the book's line build-ups use 4% on half the capex; rent ₹25.05/sq ft/month (Knight Frank H1 2026 industrial / warehousing rent: Pune 28.7, Chennai 25.7, Bengaluru 23.5, NCR 22.3 ₹/sq ft/month — mean); maintenance the library's own line build-up rule (3.5% of capex); no Indian norm found)",""
"machine","extruder-coex-3","3-Layer Co-Extrusion Line (3 extruders + feed block/manifold die)","3761.73","3656.34","-2.8","₹/h machine only","updated (India operating model; capital held — capex not sourced)","India book 2026-10-10: capital HELD at the book's UK × 0.52 (capex not sourced for India: the book's capital (UK × 0.52) is HELD; the India operating model (3-shift hours, Schedule II, finance, rent, tariff, support at India wages) is applied): depreciation × 1.333 (shift pattern), maintenance per running hour held, finance re-rated 4% → 8.75%; 202 m² at £25.44/m²/yr, 495,653 kWh at £0.069/kWh, support at 0.0454 of UK wages, 7,200 h × 0.8 (3 shifts × 8 h × 300 working days (Indian cost-accounting convention); Companies Act 2013 Schedule II: depreciation +50% for double shift, +100% for triple — a held (2-shift) capital charge × 2.0 / 1.5 at 3 shifts; 1-year MCLR 8.70–8.80% (SBI, BoB, BoI, Jul–Oct 2026); the book's line build-ups use 4% on half the capex; rent ₹25.05/sq ft/month (Knight Frank H1 2026 industrial / warehousing rent: Pune 28.7, Chennai 25.7, Bengaluru 23.5, NCR 22.3 ₹/sq ft/month — mean); maintenance the library's own line build-up rule (3.5% of capex); no Indian norm found)",""
"machine","extruder-micro-tube","Medical Micro-Tubing Line (precision + laser gauge + cleanroom-ready)","2175.94","1861.97","-14.43","₹/h machine only","updated (India operating model; capital held — capex not sourced)","India book 2026-10-10: capital HELD at the book's UK × 0.52 (capex not sourced for India: the book's capital (UK × 0.52) is HELD; the India operating model (3-shift hours, Schedule II, finance, rent, tariff, support at India wages) is applied): depreciation × 1.333 (shift pattern), maintenance per running hour held, finance re-rated 4% → 8.75%; 73 m² at £25.44/m²/yr, 187,825 kWh at £0.069/kWh, support at 0.0454 of UK wages, 7,200 h × 0.75 (3 shifts × 8 h × 300 working days (Indian cost-accounting convention); Companies Act 2013 Schedule II: depreciation +50% for double shift, +100% for triple — a held (2-shift) capital charge × 2.0 / 1.5 at 3 shifts; 1-year MCLR 8.70–8.80% (SBI, BoB, BoI, Jul–Oct 2026); the book's line build-ups use 4% on half the capex; rent ₹25.05/sq ft/month (Knight Frank H1 2026 industrial / warehousing rent: Pune 28.7, Chennai 25.7, Bengaluru 23.5, NCR 22.3 ₹/sq ft/month — mean); maintenance the library's own line build-up rule (3.5% of capex); no Indian norm found)",""
"machine","extrusion-finish-qa","Cut-off, Coil & Inspection Station","254.88","164.39","-35.5","₹/h machine only","updated (India operating model; capital held — capex not sourced)","India book 2026-10-10: capital HELD at the book's UK × 0.52 (capex not sourced for India: the book's capital (UK × 0.52) is HELD; the India operating model (3-shift hours, Schedule II, finance, rent, tariff, support at India wages) is applied): depreciation × 1.333 (shift pattern), maintenance per running hour held, finance re-rated 4% → 8.75%; 18 m² at £25.44/m²/yr, 23,479 kWh at £0.069/kWh, support at 0.0454 of UK wages, 7,200 h × 0.8 (3 shifts × 8 h × 300 working days (Indian cost-accounting convention); Companies Act 2013 Schedule II: depreciation +50% for double shift, +100% for triple — a held (2-shift) capital charge × 2.0 / 1.5 at 3 shifts; 1-year MCLR 8.70–8.80% (SBI, BoB, BoI, Jul–Oct 2026); the book's line build-ups use 4% on half the capex; rent ₹25.05/sq ft/month (Knight Frank H1 2026 industrial / warehousing rent: Pune 28.7, Chennai 25.7, Bengaluru 23.5, NCR 22.3 ₹/sq ft/month — mean); maintenance the library's own line build-up rule (3.5% of capex); no Indian norm found)",""
"machine","extrusion-leak-test","Pipe/Tube Pressure & Leak Test Rig","356.39","230.75","-35.25","₹/h machine only","updated (India operating model; capital held — capex not sourced)","India book 2026-10-10: capital HELD at the book's UK × 0.52 (capex not sourced for India: the book's capital (UK × 0.52) is HELD; the India operating model (3-shift hours, Schedule II, finance, rent, tariff, support at India wages) is applied): depreciation × 1.333 (shift pattern), maintenance per running hour held, finance re-rated 4% → 8.75%; 18 m² at £25.44/m²/yr, 15,646 kWh at £0.069/kWh, support at 0.0454 of UK wages, 7,200 h × 0.7 (3 shifts × 8 h × 300 working days (Indian cost-accounting convention); Companies Act 2013 Schedule II: depreciation +50% for double shift, +100% for triple — a held (2-shift) capital charge × 2.0 / 1.5 at 3 shifts; 1-year MCLR 8.70–8.80% (SBI, BoB, BoI, Jul–Oct 2026); the book's line build-ups use 4% on half the capex; rent ₹25.05/sq ft/month (Knight Frank H1 2026 industrial / warehousing rent: Pune 28.7, Chennai 25.7, Bengaluru 23.5, NCR 22.3 ₹/sq ft/month — mean); maintenance the library's own line build-up rule (3.5% of capex); no Indian norm found)",""
"machine","thermoform-small","Thermoformer (Small/Single Station)","766.78","571.49","-25.47","₹/h machine only","updated (India operating model; capital held — capex not sourced)","India book 2026-10-10: capital HELD at the book's UK × 0.52 (capex not sourced for India: the book's capital (UK × 0.52) is HELD; the India operating model (3-shift hours, Schedule II, finance, rent, tariff, support at India wages) is applied): depreciation × 1.333 (shift pattern), maintenance per running hour held, finance re-rated 4% → 8.75%; 37 m² at £25.44/m²/yr, 93,916 kWh at £0.069/kWh, support at 0.0454 of UK wages, 7,200 h × 0.8 (3 shifts × 8 h × 300 working days (Indian cost-accounting convention); Companies Act 2013 Schedule II: depreciation +50% for double shift, +100% for triple — a held (2-shift) capital charge × 2.0 / 1.5 at 3 shifts; 1-year MCLR 8.70–8.80% (SBI, BoB, BoI, Jul–Oct 2026); the book's line build-ups use 4% on half the capex; rent ₹25.05/sq ft/month (Knight Frank H1 2026 industrial / warehousing rent: Pune 28.7, Chennai 25.7, Bengaluru 23.5, NCR 22.3 ₹/sq ft/month — mean); maintenance the library's own line build-up rule (3.5% of capex); no Indian norm found)",""
"machine","thermoform-large","Thermoformer (Inline/Rotary, Large)","2110.41","1569.51","-25.63","₹/h machine only","updated (India operating model; capital held — capex not sourced)","India book 2026-10-10: capital HELD at the book's UK × 0.52 (capex not sourced for India: the book's capital (UK × 0.52) is HELD; the India operating model (3-shift hours, Schedule II, finance, rent, tariff, support at India wages) is applied): depreciation × 1.333 (shift pattern), maintenance per running hour held, finance re-rated 4% → 8.75%; 92 m² at £25.44/m²/yr, 219,125 kWh at £0.069/kWh, support at 0.0454 of UK wages, 7,200 h × 0.82 (3 shifts × 8 h × 300 working days (Indian cost-accounting convention); Companies Act 2013 Schedule II: depreciation +50% for double shift, +100% for triple — a held (2-shift) capital charge × 2.0 / 1.5 at 3 shifts; 1-year MCLR 8.70–8.80% (SBI, BoB, BoI, Jul–Oct 2026); the book's line build-ups use 4% on half the capex; rent ₹25.05/sq ft/month (Knight Frank H1 2026 industrial / warehousing rent: Pune 28.7, Chennai 25.7, Bengaluru 23.5, NCR 22.3 ₹/sq ft/month — mean); maintenance the library's own line build-up rule (3.5% of capex); no Indian norm found)",""
"machine","thermoform-pressure","Pressure Former (3–6 bar, cut-sheet)","1577.5","1173.09","-25.64","₹/h machine only","updated (India operating model; capital held — capex not sourced)","India book 2026-10-10: capital HELD at the book's UK × 0.52 (capex not sourced for India: the book's capital (UK × 0.52) is HELD; the India operating model (3-shift hours, Schedule II, finance, rent, tariff, support at India wages) is applied): depreciation × 1.333 (shift pattern), maintenance per running hour held, finance re-rated 4% → 8.75%; 64 m² at £25.44/m²/yr, 172,177 kWh at £0.069/kWh, support at 0.0454 of UK wages, 7,200 h × 0.8 (3 shifts × 8 h × 300 working days (Indian cost-accounting convention); Companies Act 2013 Schedule II: depreciation +50% for double shift, +100% for triple — a held (2-shift) capital charge × 2.0 / 1.5 at 3 shifts; 1-year MCLR 8.70–8.80% (SBI, BoB, BoI, Jul–Oct 2026); the book's line build-ups use 4% on half the capex; rent ₹25.05/sq ft/month (Knight Frank H1 2026 industrial / warehousing rent: Pune 28.7, Chennai 25.7, Bengaluru 23.5, NCR 22.3 ₹/sq ft/month — mean); maintenance the library's own line build-up rule (3.5% of capex); no Indian norm found)",""
"machine","thermoform-twinsheet","Twin-Sheet Thermoformer","3005.06","2236.1","-25.59","₹/h machine only","updated (India operating model; capital held — capex not sourced)","India book 2026-10-10: capital HELD at the book's UK × 0.52 (capex not sourced for India: the book's capital (UK × 0.52) is HELD; the India operating model (3-shift hours, Schedule II, finance, rent, tariff, support at India wages) is applied): depreciation × 1.333 (shift pattern), maintenance per running hour held, finance re-rated 4% → 8.75%; 129 m² at £25.44/m²/yr, 313,042 kWh at £0.069/kWh, support at 0.0454 of UK wages, 7,200 h × 0.78 (3 shifts × 8 h × 300 working days (Indian cost-accounting convention); Companies Act 2013 Schedule II: depreciation +50% for double shift, +100% for triple — a held (2-shift) capital charge × 2.0 / 1.5 at 3 shifts; 1-year MCLR 8.70–8.80% (SBI, BoB, BoI, Jul–Oct 2026); the book's line build-ups use 4% on half the capex; rent ₹25.05/sq ft/month (Knight Frank H1 2026 industrial / warehousing rent: Pune 28.7, Chennai 25.7, Bengaluru 23.5, NCR 22.3 ₹/sq ft/month — mean); maintenance the library's own line build-up rule (3.5% of capex); no Indian norm found)",""
"machine","thermoform-rollfed","Roll-Fed Inline Thermoformer (packaging)","3091.44","2667.94","-13.7","₹/h machine only","updated (India operating model; capital held — capex not sourced)","India book 2026-10-10: capital HELD at the book's UK × 0.52 (capex not sourced for India: the book's capital (UK × 0.52) is HELD; the India operating model (3-shift hours, Schedule II, finance, rent, tariff, support at India wages) is applied): depreciation × 1.333 (shift pattern), maintenance per running hour held, finance re-rated 4% → 8.75%; 147 m² at £25.44/m²/yr, 344,350 kWh at £0.069/kWh, support at 0.0454 of UK wages, 7,200 h × 0.85 (3 shifts × 8 h × 300 working days (Indian cost-accounting convention); Companies Act 2013 Schedule II: depreciation +50% for double shift, +100% for triple — a held (2-shift) capital charge × 2.0 / 1.5 at 3 shifts; 1-year MCLR 8.70–8.80% (SBI, BoB, BoI, Jul–Oct 2026); the book's line build-ups use 4% on half the capex; rent ₹25.05/sq ft/month (Knight Frank H1 2026 industrial / warehousing rent: Pune 28.7, Chennai 25.7, Bengaluru 23.5, NCR 22.3 ₹/sq ft/month — mean); maintenance the library's own line build-up rule (3.5% of capex); no Indian norm found)",""
"machine","thermoform-oven","Standalone Sheet Pre-Heat Oven","590.03","459.47","-22.13","₹/h machine only","updated (India operating model; capital held — capex not sourced)","India book 2026-10-10: capital HELD at the book's UK × 0.52 (capex not sourced for India: the book's capital (UK × 0.52) is HELD; the India operating model (3-shift hours, Schedule II, finance, rent, tariff, support at India wages) is applied): depreciation × 1.333 (shift pattern), maintenance per running hour held, finance re-rated 4% → 8.75%; 28 m² at £25.44/m²/yr, 125,219 kWh at £0.069/kWh, support at 0.0454 of UK wages, 7,200 h × 0.8 (3 shifts × 8 h × 300 working days (Indian cost-accounting convention); Companies Act 2013 Schedule II: depreciation +50% for double shift, +100% for triple — a held (2-shift) capital charge × 2.0 / 1.5 at 3 shifts; 1-year MCLR 8.70–8.80% (SBI, BoB, BoI, Jul–Oct 2026); the book's line build-ups use 4% on half the capex; rent ₹25.05/sq ft/month (Knight Frank H1 2026 industrial / warehousing rent: Pune 28.7, Chennai 25.7, Bengaluru 23.5, NCR 22.3 ₹/sq ft/month — mean); maintenance the library's own line build-up rule (3.5% of capex); no Indian norm found)",""
"machine","thermoform-trim-router","CNC Trim Router / Trim Robot (5-axis)","1008.69","723.98","-28.23","₹/h machine only","updated (India operating model; capital held — capex not sourced)","India book 2026-10-10: capital HELD at the book's UK × 0.52 (capex not sourced for India: the book's capital (UK × 0.52) is HELD; the India operating model (3-shift hours, Schedule II, finance, rent, tariff, support at India wages) is applied): depreciation × 1.333 (shift pattern), maintenance per running hour held, finance re-rated 4% → 8.75%; 46 m² at £25.44/m²/yr, 62,614 kWh at £0.069/kWh, support at 0.0454 of UK wages, 7,200 h × 0.8 (3 shifts × 8 h × 300 working days (Indian cost-accounting convention); Companies Act 2013 Schedule II: depreciation +50% for double shift, +100% for triple — a held (2-shift) capital charge × 2.0 / 1.5 at 3 shifts; 1-year MCLR 8.70–8.80% (SBI, BoB, BoI, Jul–Oct 2026); the book's line build-ups use 4% on half the capex; rent ₹25.05/sq ft/month (Knight Frank H1 2026 industrial / warehousing rent: Pune 28.7, Chennai 25.7, Bengaluru 23.5, NCR 22.3 ₹/sq ft/month — mean); maintenance the library's own line build-up rule (3.5% of capex); no Indian norm found)",""
"machine","rotomould-biaxial","Biaxial Rotational Moulder (3-arm carousel)","2508.94","1652.54","-34.13","₹/h machine only","updated (India operating model; capital held — capex not sourced)","India book 2026-10-10: capital HELD at the book's UK × 0.52 (capex not sourced for India: the book's capital (UK × 0.52) is HELD; the India operating model (3-shift hours, Schedule II, finance, rent, tariff, support at India wages) is applied): depreciation × 1.333 (shift pattern), maintenance per running hour held, finance re-rated 4% → 8.75%; 184 m² at £25.44/m²/yr, 357,762 kWh at £0.069/kWh, support at 0.0454 of UK wages, 7,200 h × 0.75 (3 shifts × 8 h × 300 working days (Indian cost-accounting convention); Companies Act 2013 Schedule II: depreciation +50% for double shift, +100% for triple — a held (2-shift) capital charge × 2.0 / 1.5 at 3 shifts; 1-year MCLR 8.70–8.80% (SBI, BoB, BoI, Jul–Oct 2026); the book's line build-ups use 4% on half the capex; rent ₹25.05/sq ft/month (Knight Frank H1 2026 industrial / warehousing rent: Pune 28.7, Chennai 25.7, Bengaluru 23.5, NCR 22.3 ₹/sq ft/month — mean); maintenance the library's own line build-up rule (3.5% of capex); no Indian norm found)",""
"machine","rotomould-lab-1arm","Single-Arm Rotational Moulder (small/lab)","1117.75","728.08","-34.86","₹/h machine only","updated (India operating model; capital held — capex not sourced)","India book 2026-10-10: capital HELD at the book's UK × 0.52 (capex not sourced for India: the book's capital (UK × 0.52) is HELD; the India operating model (3-shift hours, Schedule II, finance, rent, tariff, support at India wages) is applied): depreciation × 1.333 (shift pattern), maintenance per running hour held, finance re-rated 4% → 8.75%; 73 m² at £25.44/m²/yr, 134,155 kWh at £0.069/kWh, support at 0.0454 of UK wages, 7,200 h × 0.65 (3 shifts × 8 h × 300 working days (Indian cost-accounting convention); Companies Act 2013 Schedule II: depreciation +50% for double shift, +100% for triple — a held (2-shift) capital charge × 2.0 / 1.5 at 3 shifts; 1-year MCLR 8.70–8.80% (SBI, BoB, BoI, Jul–Oct 2026); the book's line build-ups use 4% on half the capex; rent ₹25.05/sq ft/month (Knight Frank H1 2026 industrial / warehousing rent: Pune 28.7, Chennai 25.7, Bengaluru 23.5, NCR 22.3 ₹/sq ft/month — mean); maintenance the library's own line build-up rule (3.5% of capex); no Indian norm found)",""
"machine","rotomould-shuttle","Shuttle Rotational Moulder (1–2 station)","2285.97","1497.3","-34.5","₹/h machine only","updated (India operating model; capital held — capex not sourced)","India book 2026-10-10: capital HELD at the book's UK × 0.52 (capex not sourced for India: the book's capital (UK × 0.52) is HELD; the India operating model (3-shift hours, Schedule II, finance, rent, tariff, support at India wages) is applied): depreciation × 1.333 (shift pattern), maintenance per running hour held, finance re-rated 4% → 8.75%; 165 m² at £25.44/m²/yr, 313,047 kWh at £0.069/kWh, support at 0.0454 of UK wages, 7,200 h × 0.72 (3 shifts × 8 h × 300 working days (Indian cost-accounting convention); Companies Act 2013 Schedule II: depreciation +50% for double shift, +100% for triple — a held (2-shift) capital charge × 2.0 / 1.5 at 3 shifts; 1-year MCLR 8.70–8.80% (SBI, BoB, BoI, Jul–Oct 2026); the book's line build-ups use 4% on half the capex; rent ₹25.05/sq ft/month (Knight Frank H1 2026 industrial / warehousing rent: Pune 28.7, Chennai 25.7, Bengaluru 23.5, NCR 22.3 ₹/sq ft/month — mean); maintenance the library's own line build-up rule (3.5% of capex); no Indian norm found)",""
"machine","rotomould-rocknroll","Rock-and-Roll Rotational Moulder","1931.95","1267.44","-34.4","₹/h machine only","updated (India operating model; capital held — capex not sourced)","India book 2026-10-10: capital HELD at the book's UK × 0.52 (capex not sourced for India: the book's capital (UK × 0.52) is HELD; the India operating model (3-shift hours, Schedule II, finance, rent, tariff, support at India wages) is applied): depreciation × 1.333 (shift pattern), maintenance per running hour held, finance re-rated 4% → 8.75%; 138 m² at £25.44/m²/yr, 268,322 kWh at £0.069/kWh, support at 0.0454 of UK wages, 7,200 h × 0.72 (3 shifts × 8 h × 300 working days (Indian cost-accounting convention); Companies Act 2013 Schedule II: depreciation +50% for double shift, +100% for triple — a held (2-shift) capital charge × 2.0 / 1.5 at 3 shifts; 1-year MCLR 8.70–8.80% (SBI, BoB, BoI, Jul–Oct 2026); the book's line build-ups use 4% on half the capex; rent ₹25.05/sq ft/month (Knight Frank H1 2026 industrial / warehousing rent: Pune 28.7, Chennai 25.7, Bengaluru 23.5, NCR 22.3 ₹/sq ft/month — mean); maintenance the library's own line build-up rule (3.5% of capex); no Indian norm found)",""
"machine","rotomould-carousel-4arm","4-Arm Fixed Carousel Rotational Moulder","3545.3","2348.44","-33.76","₹/h machine only","updated (India operating model; capital held — capex not sourced)","India book 2026-10-10: capital HELD at the book's UK × 0.52 (capex not sourced for India: the book's capital (UK × 0.52) is HELD; the India operating model (3-shift hours, Schedule II, finance, rent, tariff, support at India wages) is applied): depreciation × 1.333 (shift pattern), maintenance per running hour held, finance re-rated 4% → 8.75%; 257 m² at £25.44/m²/yr, 536,643 kWh at £0.069/kWh, support at 0.0454 of UK wages, 7,200 h × 0.78 (3 shifts × 8 h × 300 working days (Indian cost-accounting convention); Companies Act 2013 Schedule II: depreciation +50% for double shift, +100% for triple — a held (2-shift) capital charge × 2.0 / 1.5 at 3 shifts; 1-year MCLR 8.70–8.80% (SBI, BoB, BoI, Jul–Oct 2026); the book's line build-ups use 4% on half the capex; rent ₹25.05/sq ft/month (Knight Frank H1 2026 industrial / warehousing rent: Pune 28.7, Chennai 25.7, Bengaluru 23.5, NCR 22.3 ₹/sq ft/month — mean); maintenance the library's own line build-up rule (3.5% of capex); no Indian norm found)",""
"machine","ultrasonic-welder","Ultrasonic Welder","347.39","245.28","-29.39","₹/h machine only","updated (India operating model; capital held — capex not sourced)","India book 2026-10-10: capital HELD at the book's UK × 0.52 (capex not sourced for India: the book's capital (UK × 0.52) is HELD; the India operating model (3-shift hours, Schedule II, finance, rent, tariff, support at India wages) is applied): depreciation × 1.333 (shift pattern), maintenance per running hour held, finance re-rated 4% → 8.75%; 14 m² at £25.44/m²/yr, 15,646 kWh at £0.069/kWh, support at 0.0454 of UK wages, 7,200 h × 0.8 (3 shifts × 8 h × 300 working days (Indian cost-accounting convention); Companies Act 2013 Schedule II: depreciation +50% for double shift, +100% for triple — a held (2-shift) capital charge × 2.0 / 1.5 at 3 shifts; 1-year MCLR 8.70–8.80% (SBI, BoB, BoI, Jul–Oct 2026); the book's line build-ups use 4% on half the capex; rent ₹25.05/sq ft/month (Knight Frank H1 2026 industrial / warehousing rent: Pune 28.7, Chennai 25.7, Bengaluru 23.5, NCR 22.3 ₹/sq ft/month — mean); maintenance the library's own line build-up rule (3.5% of capex); no Indian norm found)",""
"machine","hot-plate-welder","Hot Plate Welder","515.92","360.84","-30.06","₹/h machine only","updated (India operating model; capital held — capex not sourced)","India book 2026-10-10: capital HELD at the book's UK × 0.52 (capex not sourced for India: the book's capital (UK × 0.52) is HELD; the India operating model (3-shift hours, Schedule II, finance, rent, tariff, support at India wages) is applied): depreciation × 1.333 (shift pattern), maintenance per running hour held, finance re-rated 4% → 8.75%; 28 m² at £25.44/m²/yr, 23,479 kWh at £0.069/kWh, support at 0.0454 of UK wages, 7,200 h × 0.8 (3 shifts × 8 h × 300 working days (Indian cost-accounting convention); Companies Act 2013 Schedule II: depreciation +50% for double shift, +100% for triple — a held (2-shift) capital charge × 2.0 / 1.5 at 3 shifts; 1-year MCLR 8.70–8.80% (SBI, BoB, BoI, Jul–Oct 2026); the book's line build-ups use 4% on half the capex; rent ₹25.05/sq ft/month (Knight Frank H1 2026 industrial / warehousing rent: Pune 28.7, Chennai 25.7, Bengaluru 23.5, NCR 22.3 ₹/sq ft/month — mean); maintenance the library's own line build-up rule (3.5% of capex); no Indian norm found)",""
"machine","vibration-welder","Vibration Welder","783.55","553.85","-29.32","₹/h machine only","updated (India operating model; capital held — capex not sourced)","India book 2026-10-10: capital HELD at the book's UK × 0.52 (capex not sourced for India: the book's capital (UK × 0.52) is HELD; the India operating model (3-shift hours, Schedule II, finance, rent, tariff, support at India wages) is applied): depreciation × 1.333 (shift pattern), maintenance per running hour held, finance re-rated 4% → 8.75%; 37 m² at £25.44/m²/yr, 31,302 kWh at £0.069/kWh, support at 0.0454 of UK wages, 7,200 h × 0.8 (3 shifts × 8 h × 300 working days (Indian cost-accounting convention); Companies Act 2013 Schedule II: depreciation +50% for double shift, +100% for triple — a held (2-shift) capital charge × 2.0 / 1.5 at 3 shifts; 1-year MCLR 8.70–8.80% (SBI, BoB, BoI, Jul–Oct 2026); the book's line build-ups use 4% on half the capex; rent ₹25.05/sq ft/month (Knight Frank H1 2026 industrial / warehousing rent: Pune 28.7, Chennai 25.7, Bengaluru 23.5, NCR 22.3 ₹/sq ft/month — mean); maintenance the library's own line build-up rule (3.5% of capex); no Indian norm found)",""
"machine","laser-trumpf-3030","Trumpf TruLaser 3030 (6kW Fiber)","5369.74","1187.48","-77.89","₹/h machine only","updated (India operating model; capital held — capex not sourced)","India book 2026-10-10: capital HELD at the book's UK × 0.52 (capex not sourced for India: the book's capital (UK × 0.52) is HELD; the India operating model (3-shift hours, Schedule II, finance, rent, tariff, support at India wages) is applied): depreciation × 1.333 (shift pattern), maintenance per running hour held, finance re-rated 4% → 8.75%; 92 m² at £25.44/m²/yr, 118,800 kWh at £0.069/kWh, support at 0.0454 of UK wages, 7,200 h × 0.75 (3 shifts × 8 h × 300 working days (Indian cost-accounting convention); Companies Act 2013 Schedule II: depreciation +50% for double shift, +100% for triple — a held (2-shift) capital charge × 2.0 / 1.5 at 3 shifts; 1-year MCLR 8.70–8.80% (SBI, BoB, BoI, Jul–Oct 2026); the book's line build-ups use 4% on half the capex; rent ₹25.05/sq ft/month (Knight Frank H1 2026 industrial / warehousing rent: Pune 28.7, Chennai 25.7, Bengaluru 23.5, NCR 22.3 ₹/sq ft/month — mean); maintenance the library's own line build-up rule (3.5% of capex); no Indian norm found)",""
"machine","laser-bystronic-3015","Bystronic BySmart 3015 (4kW Fiber)","4442.19","904.06","-79.65","₹/h machine only","updated (India operating model; capital held — capex not sourced)","India book 2026-10-10: capital HELD at the book's UK × 0.52 (capex not sourced for India: the book's capital (UK × 0.52) is HELD; the India operating model (3-shift hours, Schedule II, finance, rent, tariff, support at India wages) is applied): depreciation × 1.333 (shift pattern), maintenance per running hour held, finance re-rated 4% → 8.75%; 83 m² at £25.44/m²/yr, 89,100 kWh at £0.069/kWh, support at 0.0454 of UK wages, 7,200 h × 0.75 (3 shifts × 8 h × 300 working days (Indian cost-accounting convention); Companies Act 2013 Schedule II: depreciation +50% for double shift, +100% for triple — a held (2-shift) capital charge × 2.0 / 1.5 at 3 shifts; 1-year MCLR 8.70–8.80% (SBI, BoB, BoI, Jul–Oct 2026); the book's line build-ups use 4% on half the capex; rent ₹25.05/sq ft/month (Knight Frank H1 2026 industrial / warehousing rent: Pune 28.7, Chennai 25.7, Bengaluru 23.5, NCR 22.3 ₹/sq ft/month — mean); maintenance the library's own line build-up rule (3.5% of capex); no Indian norm found)",""
"machine","punch-amada-emz3610","Amada EMZ 3610 Turret Punch (30T)","4162.78","2816.47","-32.34","₹/h machine only","updated (India operating model; capital held — capex not sourced)","India book 2026-10-10: capital HELD at the book's UK × 0.52 (capex not sourced for India: the book's capital (UK × 0.52) is HELD; the India operating model (3-shift hours, Schedule II, finance, rent, tariff, support at India wages) is applied): depreciation × 1.333 (shift pattern), maintenance per running hour held, finance re-rated 4% → 8.75%; 83 m² at £25.44/m²/yr, 161,000 kWh at £0.069/kWh, support at 0.0454 of UK wages, 7,200 h × 0.78 (3 shifts × 8 h × 300 working days (Indian cost-accounting convention); Companies Act 2013 Schedule II: depreciation +50% for double shift, +100% for triple — a held (2-shift) capital charge × 2.0 / 1.5 at 3 shifts; 1-year MCLR 8.70–8.80% (SBI, BoB, BoI, Jul–Oct 2026); the book's line build-ups use 4% on half the capex; rent ₹25.05/sq ft/month (Knight Frank H1 2026 industrial / warehousing rent: Pune 28.7, Chennai 25.7, Bengaluru 23.5, NCR 22.3 ₹/sq ft/month — mean); maintenance the library's own line build-up rule (3.5% of capex); no Indian norm found)",""
"machine","punch-trumpf-5000","Trumpf TruPunch 5000 (30T)","4903.1","3387.36","-30.91","₹/h machine only","updated (India operating model; capital held — capex not sourced)","India book 2026-10-10: capital HELD at the book's UK × 0.52 (capex not sourced for India: the book's capital (UK × 0.52) is HELD; the India operating model (3-shift hours, Schedule II, finance, rent, tariff, support at India wages) is applied): depreciation × 1.333 (shift pattern), maintenance per running hour held, finance re-rated 4% → 8.75%; 92 m² at £25.44/m²/yr, 196,774 kWh at £0.069/kWh, support at 0.0454 of UK wages, 7,200 h × 0.78 (3 shifts × 8 h × 300 working days (Indian cost-accounting convention); Companies Act 2013 Schedule II: depreciation +50% for double shift, +100% for triple — a held (2-shift) capital charge × 2.0 / 1.5 at 3 shifts; 1-year MCLR 8.70–8.80% (SBI, BoB, BoI, Jul–Oct 2026); the book's line build-ups use 4% on half the capex; rent ₹25.05/sq ft/month (Knight Frank H1 2026 industrial / warehousing rent: Pune 28.7, Chennai 25.7, Bengaluru 23.5, NCR 22.3 ₹/sq ft/month — mean); maintenance the library's own line build-up rule (3.5% of capex); no Indian norm found)",""
"machine","brake-amada-hfe100","Amada HFE 100T Press Brake (3m)","3534.25","2411.85","-31.76","₹/h machine only","updated (India operating model; capital held — capex not sourced)","India book 2026-10-10: capital HELD at the book's UK × 0.52 (capex not sourced for India: the book's capital (UK × 0.52) is HELD; the India operating model (3-shift hours, Schedule II, finance, rent, tariff, support at India wages) is applied): depreciation × 1.333 (shift pattern), maintenance per running hour held, finance re-rated 4% → 8.75%; 83 m² at £25.44/m²/yr, 125,214 kWh at £0.069/kWh, support at 0.0454 of UK wages, 7,200 h × 0.75 (3 shifts × 8 h × 300 working days (Indian cost-accounting convention); Companies Act 2013 Schedule II: depreciation +50% for double shift, +100% for triple — a held (2-shift) capital charge × 2.0 / 1.5 at 3 shifts; 1-year MCLR 8.70–8.80% (SBI, BoB, BoI, Jul–Oct 2026); the book's line build-ups use 4% on half the capex; rent ₹25.05/sq ft/month (Knight Frank H1 2026 industrial / warehousing rent: Pune 28.7, Chennai 25.7, Bengaluru 23.5, NCR 22.3 ₹/sq ft/month — mean); maintenance the library's own line build-up rule (3.5% of capex); no Indian norm found)",""
"machine","brake-trumpf-5230","Trumpf TruBend 5230 (230T)","4482.31","3074.9","-31.4","₹/h machine only","updated (India operating model; capital held — capex not sourced)","India book 2026-10-10: capital HELD at the book's UK × 0.52 (capex not sourced for India: the book's capital (UK × 0.52) is HELD; the India operating model (3-shift hours, Schedule II, finance, rent, tariff, support at India wages) is applied): depreciation × 1.333 (shift pattern), maintenance per running hour held, finance re-rated 4% → 8.75%; 92 m² at £25.44/m²/yr, 161,000 kWh at £0.069/kWh, support at 0.0454 of UK wages, 7,200 h × 0.75 (3 shifts × 8 h × 300 working days (Indian cost-accounting convention); Companies Act 2013 Schedule II: depreciation +50% for double shift, +100% for triple — a held (2-shift) capital charge × 2.0 / 1.5 at 3 shifts; 1-year MCLR 8.70–8.80% (SBI, BoB, BoI, Jul–Oct 2026); the book's line build-ups use 4% on half the capex; rent ₹25.05/sq ft/month (Knight Frank H1 2026 industrial / warehousing rent: Pune 28.7, Chennai 25.7, Bengaluru 23.5, NCR 22.3 ₹/sq ft/month — mean); maintenance the library's own line build-up rule (3.5% of capex); no Indian norm found)",""
"machine","press-schuler-400t","Schuler 400T Stamping Press","9435.55","6343.65","-32.77","₹/h machine only","updated (India operating model; capital held — capex not sourced)","India book 2026-10-10: capital HELD at the book's UK × 0.52 (capex not sourced for India: the book's capital (UK × 0.52) is HELD; the India operating model (3-shift hours, Schedule II, finance, rent, tariff, support at India wages) is applied): depreciation × 1.333 (shift pattern), maintenance per running hour held, finance re-rated 4% → 8.75%; 184 m² at £25.44/m²/yr, 491,928 kWh at £0.069/kWh, support at 0.0454 of UK wages, 7,200 h × 0.78 (3 shifts × 8 h × 300 working days (Indian cost-accounting convention); Companies Act 2013 Schedule II: depreciation +50% for double shift, +100% for triple — a held (2-shift) capital charge × 2.0 / 1.5 at 3 shifts; 1-year MCLR 8.70–8.80% (SBI, BoB, BoI, Jul–Oct 2026); the book's line build-ups use 4% on half the capex; rent ₹25.05/sq ft/month (Knight Frank H1 2026 industrial / warehousing rent: Pune 28.7, Chennai 25.7, Bengaluru 23.5, NCR 22.3 ₹/sq ft/month — mean); maintenance the library's own line build-up rule (3.5% of capex); no Indian norm found)",""
"machine","press-aida-200t","AIDA 200T Stamping Press","7598.93","5073.37","-33.24","₹/h machine only","updated (India operating model; capital held — capex not sourced)","India book 2026-10-10: capital HELD at the book's UK × 0.52 (capex not sourced for India: the book's capital (UK × 0.52) is HELD; the India operating model (3-shift hours, Schedule II, finance, rent, tariff, support at India wages) is applied): depreciation × 1.333 (shift pattern), maintenance per running hour held, finance re-rated 4% → 8.75%; 165 m² at £25.44/m²/yr, 357,762 kWh at £0.069/kWh, support at 0.0454 of UK wages, 7,200 h × 0.78 (3 shifts × 8 h × 300 working days (Indian cost-accounting convention); Companies Act 2013 Schedule II: depreciation +50% for double shift, +100% for triple — a held (2-shift) capital charge × 2.0 / 1.5 at 3 shifts; 1-year MCLR 8.70–8.80% (SBI, BoB, BoI, Jul–Oct 2026); the book's line build-ups use 4% on half the capex; rent ₹25.05/sq ft/month (Knight Frank H1 2026 industrial / warehousing rent: Pune 28.7, Chennai 25.7, Bengaluru 23.5, NCR 22.3 ₹/sq ft/month — mean); maintenance the library's own line build-up rule (3.5% of capex); no Indian norm found)",""
"machine","rollform-dimeco-20st","Dimeco Roll Forming Line (20 stations)","7032.43","5690.76","-19.08","₹/h machine only","updated (India operating model; capital held — capex not sourced)","India book 2026-10-10: capital HELD at the book's UK × 0.52 (capex not sourced for India: the book's capital (UK × 0.52) is HELD; the India operating model (3-shift hours, Schedule II, finance, rent, tariff, support at India wages) is applied): depreciation × 1.333 (shift pattern), maintenance per running hour held, finance re-rated 4% → 8.75%; 321 m² at £25.44/m²/yr, 344,350 kWh at £0.069/kWh, support at 0.0454 of UK wages, 7,200 h × 0.8 (3 shifts × 8 h × 300 working days (Indian cost-accounting convention); Companies Act 2013 Schedule II: depreciation +50% for double shift, +100% for triple — a held (2-shift) capital charge × 2.0 / 1.5 at 3 shifts; 1-year MCLR 8.70–8.80% (SBI, BoB, BoI, Jul–Oct 2026); the book's line build-ups use 4% on half the capex; rent ₹25.05/sq ft/month (Knight Frank H1 2026 industrial / warehousing rent: Pune 28.7, Chennai 25.7, Bengaluru 23.5, NCR 22.3 ₹/sq ft/month — mean); maintenance the library's own line build-up rule (3.5% of capex); no Indian norm found)",""
"machine","robot-spotweld-kuka","KUKA Spot Welding Robot Cell","5780.16","3937.88","-31.87","₹/h machine only","updated (India operating model; capital held — capex not sourced)","India book 2026-10-10: capital HELD at the book's UK × 0.52 (capex not sourced for India: the book's capital (UK × 0.52) is HELD; the India operating model (3-shift hours, Schedule II, finance, rent, tariff, support at India wages) is applied): depreciation × 1.333 (shift pattern), maintenance per running hour held, finance re-rated 4% → 8.75%; 138 m² at £25.44/m²/yr, 195,646 kWh at £0.069/kWh, support at 0.0454 of UK wages, 7,200 h × 0.8 (3 shifts × 8 h × 300 working days (Indian cost-accounting convention); Companies Act 2013 Schedule II: depreciation +50% for double shift, +100% for triple — a held (2-shift) capital charge × 2.0 / 1.5 at 3 shifts; 1-year MCLR 8.70–8.80% (SBI, BoB, BoI, Jul–Oct 2026); the book's line build-ups use 4% on half the capex; rent ₹25.05/sq ft/month (Knight Frank H1 2026 industrial / warehousing rent: Pune 28.7, Chennai 25.7, Bengaluru 23.5, NCR 22.3 ₹/sq ft/month — mean); maintenance the library's own line build-up rule (3.5% of capex); no Indian norm found)",""
"machine","mig-welder-manual","Manual MIG/MAG Welder Station","284.59","188.07","-33.92","₹/h machine only","updated (India operating model; capital held — capex not sourced)","India book 2026-10-10: capital HELD at the book's UK × 0.52 (capex not sourced for India: the book's capital (UK × 0.52) is HELD; the India operating model (3-shift hours, Schedule II, finance, rent, tariff, support at India wages) is applied): depreciation × 1.333 (shift pattern), maintenance per running hour held, finance re-rated 4% → 8.75%; 18 m² at £25.44/m²/yr, 31,302 kWh at £0.069/kWh, support at 0.0454 of UK wages, 7,200 h × 0.75 (3 shifts × 8 h × 300 working days (Indian cost-accounting convention); Companies Act 2013 Schedule II: depreciation +50% for double shift, +100% for triple — a held (2-shift) capital charge × 2.0 / 1.5 at 3 shifts; 1-year MCLR 8.70–8.80% (SBI, BoB, BoI, Jul–Oct 2026); the book's line build-ups use 4% on half the capex; rent ₹25.05/sq ft/month (Knight Frank H1 2026 industrial / warehousing rent: Pune 28.7, Chennai 25.7, Bengaluru 23.5, NCR 22.3 ₹/sq ft/month — mean); maintenance the library's own line build-up rule (3.5% of capex); no Indian norm found)",""
"machine","tig-welder-manual","Manual TIG Welder Station","316.08","214.69","-32.08","₹/h machine only","updated (India operating model; capital held — capex not sourced)","India book 2026-10-10: capital HELD at the book's UK × 0.52 (capex not sourced for India: the book's capital (UK × 0.52) is HELD; the India operating model (3-shift hours, Schedule II, finance, rent, tariff, support at India wages) is applied): depreciation × 1.333 (shift pattern), maintenance per running hour held, finance re-rated 4% → 8.75%; 18 m² at £25.44/m²/yr, 27,386 kWh at £0.069/kWh, support at 0.0454 of UK wages, 7,200 h × 0.75 (3 shifts × 8 h × 300 working days (Indian cost-accounting convention); Companies Act 2013 Schedule II: depreciation +50% for double shift, +100% for triple — a held (2-shift) capital charge × 2.0 / 1.5 at 3 shifts; 1-year MCLR 8.70–8.80% (SBI, BoB, BoI, Jul–Oct 2026); the book's line build-ups use 4% on half the capex; rent ₹25.05/sq ft/month (Knight Frank H1 2026 industrial / warehousing rent: Pune 28.7, Chennai 25.7, Bengaluru 23.5, NCR 22.3 ₹/sq ft/month — mean); maintenance the library's own line build-up rule (3.5% of capex); no Indian norm found)",""
"machine","laser-trumpf-5030","Trumpf TruLaser 5030 (10kW Fiber)","7501.79","1719.08","-77.08","₹/h machine only","updated (India operating model; capital held — capex not sourced)","India book 2026-10-10: capital HELD at the book's UK × 0.52 (capex not sourced for India: the book's capital (UK × 0.52) is HELD; the India operating model (3-shift hours, Schedule II, finance, rent, tariff, support at India wages) is applied): depreciation × 1.333 (shift pattern), maintenance per running hour held, finance re-rated 4% → 8.75%; 129 m² at £25.44/m²/yr, 185,627 kWh at £0.069/kWh, support at 0.0454 of UK wages, 7,200 h × 0.78 (3 shifts × 8 h × 300 working days (Indian cost-accounting convention); Companies Act 2013 Schedule II: depreciation +50% for double shift, +100% for triple — a held (2-shift) capital charge × 2.0 / 1.5 at 3 shifts; 1-year MCLR 8.70–8.80% (SBI, BoB, BoI, Jul–Oct 2026); the book's line build-ups use 4% on half the capex; rent ₹25.05/sq ft/month (Knight Frank H1 2026 industrial / warehousing rent: Pune 28.7, Chennai 25.7, Bengaluru 23.5, NCR 22.3 ₹/sq ft/month — mean); maintenance the library's own line build-up rule (3.5% of capex); no Indian norm found)",""
"machine","laser-amada-ensis-3015","Amada ENSIS 3015 AJ (3kW Fiber)","4316.73","921.41","-78.65","₹/h machine only","updated (India operating model; capital held — capex not sourced)","India book 2026-10-10: capital HELD at the book's UK × 0.52 (capex not sourced for India: the book's capital (UK × 0.52) is HELD; the India operating model (3-shift hours, Schedule II, finance, rent, tariff, support at India wages) is applied): depreciation × 1.333 (shift pattern), maintenance per running hour held, finance re-rated 4% → 8.75%; 83 m² at £25.44/m²/yr, 81,673 kWh at £0.069/kWh, support at 0.0454 of UK wages, 7,200 h × 0.76 (3 shifts × 8 h × 300 working days (Indian cost-accounting convention); Companies Act 2013 Schedule II: depreciation +50% for double shift, +100% for triple — a held (2-shift) capital charge × 2.0 / 1.5 at 3 shifts; 1-year MCLR 8.70–8.80% (SBI, BoB, BoI, Jul–Oct 2026); the book's line build-ups use 4% on half the capex; rent ₹25.05/sq ft/month (Knight Frank H1 2026 industrial / warehousing rent: Pune 28.7, Chennai 25.7, Bengaluru 23.5, NCR 22.3 ₹/sq ft/month — mean); maintenance the library's own line build-up rule (3.5% of capex); no Indian norm found)",""
"machine","plasma-hypertherm-xpr300","Hypertherm XPR300 Plasma Table","2463.46","1714.2","-30.41","₹/h machine only","updated (India operating model; capital held — capex not sourced)","India book 2026-10-10: capital HELD at the book's UK × 0.52 (capex not sourced for India: the book's capital (UK × 0.52) is HELD; the India operating model (3-shift hours, Schedule II, finance, rent, tariff, support at India wages) is applied): depreciation × 1.333 (shift pattern), maintenance per running hour held, finance re-rated 4% → 8.75%; 129 m² at £25.44/m²/yr, 172,177 kWh at £0.069/kWh, support at 0.0454 of UK wages, 7,200 h × 0.8 (3 shifts × 8 h × 300 working days (Indian cost-accounting convention); Companies Act 2013 Schedule II: depreciation +50% for double shift, +100% for triple — a held (2-shift) capital charge × 2.0 / 1.5 at 3 shifts; 1-year MCLR 8.70–8.80% (SBI, BoB, BoI, Jul–Oct 2026); the book's line build-ups use 4% on half the capex; rent ₹25.05/sq ft/month (Knight Frank H1 2026 industrial / warehousing rent: Pune 28.7, Chennai 25.7, Bengaluru 23.5, NCR 22.3 ₹/sq ft/month — mean); maintenance the library's own line build-up rule (3.5% of capex); no Indian norm found)",""
"machine","plasma-kjellberg-hifocus280","Kjellberg HiFocus 280i Plasma Table","2168.33","1486.78","-31.43","₹/h machine only","updated (India operating model; capital held — capex not sourced)","India book 2026-10-10: capital HELD at the book's UK × 0.52 (capex not sourced for India: the book's capital (UK × 0.52) is HELD; the India operating model (3-shift hours, Schedule II, finance, rent, tariff, support at India wages) is applied): depreciation × 1.333 (shift pattern), maintenance per running hour held, finance re-rated 4% → 8.75%; 129 m² at £25.44/m²/yr, 156,521 kWh at £0.069/kWh, support at 0.0454 of UK wages, 7,200 h × 0.8 (3 shifts × 8 h × 300 working days (Indian cost-accounting convention); Companies Act 2013 Schedule II: depreciation +50% for double shift, +100% for triple — a held (2-shift) capital charge × 2.0 / 1.5 at 3 shifts; 1-year MCLR 8.70–8.80% (SBI, BoB, BoI, Jul–Oct 2026); the book's line build-ups use 4% on half the capex; rent ₹25.05/sq ft/month (Knight Frank H1 2026 industrial / warehousing rent: Pune 28.7, Chennai 25.7, Bengaluru 23.5, NCR 22.3 ₹/sq ft/month — mean); maintenance the library's own line build-up rule (3.5% of capex); no Indian norm found)",""
"machine","waterjet-flow-mach500","Flow Mach 500 Waterjet (60K psi)","3071.24","2162.89","-29.58","₹/h machine only","updated (India operating model; capital held — capex not sourced)","India book 2026-10-10: capital HELD at the book's UK × 0.52 (capex not sourced for India: the book's capital (UK × 0.52) is HELD; the India operating model (3-shift hours, Schedule II, finance, rent, tariff, support at India wages) is applied): depreciation × 1.333 (shift pattern), maintenance per running hour held, finance re-rated 4% → 8.75%; 147 m² at £25.44/m²/yr, 219,125 kWh at £0.069/kWh, support at 0.0454 of UK wages, 7,200 h × 0.75 (3 shifts × 8 h × 300 working days (Indian cost-accounting convention); Companies Act 2013 Schedule II: depreciation +50% for double shift, +100% for triple — a held (2-shift) capital charge × 2.0 / 1.5 at 3 shifts; 1-year MCLR 8.70–8.80% (SBI, BoB, BoI, Jul–Oct 2026); the book's line build-ups use 4% on half the capex; rent ₹25.05/sq ft/month (Knight Frank H1 2026 industrial / warehousing rent: Pune 28.7, Chennai 25.7, Bengaluru 23.5, NCR 22.3 ₹/sq ft/month — mean); maintenance the library's own line build-up rule (3.5% of capex); no Indian norm found)",""
"machine","waterjet-omax-80x","Omax 80X Waterjet (60K psi)","2653.13","1853.92","-30.12","₹/h machine only","updated (India operating model; capital held — capex not sourced)","India book 2026-10-10: capital HELD at the book's UK × 0.52 (capex not sourced for India: the book's capital (UK × 0.52) is HELD; the India operating model (3-shift hours, Schedule II, finance, rent, tariff, support at India wages) is applied): depreciation × 1.333 (shift pattern), maintenance per running hour held, finance re-rated 4% → 8.75%; 129 m² at £25.44/m²/yr, 187,823 kWh at £0.069/kWh, support at 0.0454 of UK wages, 7,200 h × 0.75 (3 shifts × 8 h × 300 working days (Indian cost-accounting convention); Companies Act 2013 Schedule II: depreciation +50% for double shift, +100% for triple — a held (2-shift) capital charge × 2.0 / 1.5 at 3 shifts; 1-year MCLR 8.70–8.80% (SBI, BoB, BoI, Jul–Oct 2026); the book's line build-ups use 4% on half the capex; rent ₹25.05/sq ft/month (Knight Frank H1 2026 industrial / warehousing rent: Pune 28.7, Chennai 25.7, Bengaluru 23.5, NCR 22.3 ₹/sq ft/month — mean); maintenance the library's own line build-up rule (3.5% of capex); no Indian norm found)",""
"machine","shear-hydraulic-3m","Hydraulic Guillotine Shear (3m × 6mm)","914.76","574.65","-37.18","₹/h machine only","updated (India operating model; capital held — capex not sourced)","India book 2026-10-10: capital HELD at the book's UK × 0.52 (capex not sourced for India: the book's capital (UK × 0.52) is HELD; the India operating model (3-shift hours, Schedule II, finance, rent, tariff, support at India wages) is applied): depreciation × 1.333 (shift pattern), maintenance per running hour held, finance re-rated 4% → 8.75%; 55 m² at £25.44/m²/yr, 44,715 kWh at £0.069/kWh, support at 0.0454 of UK wages, 7,200 h × 0.8 (3 shifts × 8 h × 300 working days (Indian cost-accounting convention); Companies Act 2013 Schedule II: depreciation +50% for double shift, +100% for triple — a held (2-shift) capital charge × 2.0 / 1.5 at 3 shifts; 1-year MCLR 8.70–8.80% (SBI, BoB, BoI, Jul–Oct 2026); the book's line build-ups use 4% on half the capex; rent ₹25.05/sq ft/month (Knight Frank H1 2026 industrial / warehousing rent: Pune 28.7, Chennai 25.7, Bengaluru 23.5, NCR 22.3 ₹/sq ft/month — mean); maintenance the library's own line build-up rule (3.5% of capex); no Indian norm found)",""
"machine","shear-guillotine-6mm","Hydraulic Shear Heavy Duty (4m × 6mm)","1252.05","780.03","-37.7","₹/h machine only","updated (India operating model; capital held — capex not sourced)","India book 2026-10-10: capital HELD at the book's UK × 0.52 (capex not sourced for India: the book's capital (UK × 0.52) is HELD; the India operating model (3-shift hours, Schedule II, finance, rent, tariff, support at India wages) is applied): depreciation × 1.333 (shift pattern), maintenance per running hour held, finance re-rated 4% → 8.75%; 73 m² at £25.44/m²/yr, 62,607 kWh at £0.069/kWh, support at 0.0454 of UK wages, 7,200 h × 0.8 (3 shifts × 8 h × 300 working days (Indian cost-accounting convention); Companies Act 2013 Schedule II: depreciation +50% for double shift, +100% for triple — a held (2-shift) capital charge × 2.0 / 1.5 at 3 shifts; 1-year MCLR 8.70–8.80% (SBI, BoB, BoI, Jul–Oct 2026); the book's line build-ups use 4% on half the capex; rent ₹25.05/sq ft/month (Knight Frank H1 2026 industrial / warehousing rent: Pune 28.7, Chennai 25.7, Bengaluru 23.5, NCR 22.3 ₹/sq ft/month — mean); maintenance the library's own line build-up rule (3.5% of capex); no Indian norm found)",""
"machine","brake-amada-hfe170","Amada HFE3i 170T Press Brake (4m)","4380.69","2969.7","-32.21","₹/h machine only","updated (India operating model; capital held — capex not sourced)","India book 2026-10-10: capital HELD at the book's UK × 0.52 (capex not sourced for India: the book's capital (UK × 0.52) is HELD; the India operating model (3-shift hours, Schedule II, finance, rent, tariff, support at India wages) is applied): depreciation × 1.333 (shift pattern), maintenance per running hour held, finance re-rated 4% → 8.75%; 101 m² at £25.44/m²/yr, 161,000 kWh at £0.069/kWh, support at 0.0454 of UK wages, 7,200 h × 0.75 (3 shifts × 8 h × 300 working days (Indian cost-accounting convention); Companies Act 2013 Schedule II: depreciation +50% for double shift, +100% for triple — a held (2-shift) capital charge × 2.0 / 1.5 at 3 shifts; 1-year MCLR 8.70–8.80% (SBI, BoB, BoI, Jul–Oct 2026); the book's line build-ups use 4% on half the capex; rent ₹25.05/sq ft/month (Knight Frank H1 2026 industrial / warehousing rent: Pune 28.7, Chennai 25.7, Bengaluru 23.5, NCR 22.3 ₹/sq ft/month — mean); maintenance the library's own line build-up rule (3.5% of capex); no Indian norm found)",""
"machine","brake-trumpf-trubend3100","Trumpf TruBend 3100 (100T)","3290.92","2242.44","-31.86","₹/h machine only","updated (India operating model; capital held — capex not sourced)","India book 2026-10-10: capital HELD at the book's UK × 0.52 (capex not sourced for India: the book's capital (UK × 0.52) is HELD; the India operating model (3-shift hours, Schedule II, finance, rent, tariff, support at India wages) is applied): depreciation × 1.333 (shift pattern), maintenance per running hour held, finance re-rated 4% → 8.75%; 83 m² at £25.44/m²/yr, 116,274 kWh at £0.069/kWh, support at 0.0454 of UK wages, 7,200 h × 0.75 (3 shifts × 8 h × 300 working days (Indian cost-accounting convention); Companies Act 2013 Schedule II: depreciation +50% for double shift, +100% for triple — a held (2-shift) capital charge × 2.0 / 1.5 at 3 shifts; 1-year MCLR 8.70–8.80% (SBI, BoB, BoI, Jul–Oct 2026); the book's line build-ups use 4% on half the capex; rent ₹25.05/sq ft/month (Knight Frank H1 2026 industrial / warehousing rent: Pune 28.7, Chennai 25.7, Bengaluru 23.5, NCR 22.3 ₹/sq ft/month — mean); maintenance the library's own line build-up rule (3.5% of capex); no Indian norm found)",""
"machine","brake-lvd-ppeb135","LVD PPEB 135T/30 Press Brake","3803.06","2577.8","-32.22","₹/h machine only","updated (India operating model; capital held — capex not sourced)","India book 2026-10-10: capital HELD at the book's UK × 0.52 (capex not sourced for India: the book's capital (UK × 0.52) is HELD; the India operating model (3-shift hours, Schedule II, finance, rent, tariff, support at India wages) is applied): depreciation × 1.333 (shift pattern), maintenance per running hour held, finance re-rated 4% → 8.75%; 92 m² at £25.44/m²/yr, 134,155 kWh at £0.069/kWh, support at 0.0454 of UK wages, 7,200 h × 0.75 (3 shifts × 8 h × 300 working days (Indian cost-accounting convention); Companies Act 2013 Schedule II: depreciation +50% for double shift, +100% for triple — a held (2-shift) capital charge × 2.0 / 1.5 at 3 shifts; 1-year MCLR 8.70–8.80% (SBI, BoB, BoI, Jul–Oct 2026); the book's line build-ups use 4% on half the capex; rent ₹25.05/sq ft/month (Knight Frank H1 2026 industrial / warehousing rent: Pune 28.7, Chennai 25.7, Bengaluru 23.5, NCR 22.3 ₹/sq ft/month — mean); maintenance the library's own line build-up rule (3.5% of capex); no Indian norm found)",""
"machine","spotweld-gun-manual","Pedestal Spot Welding Machine","414.34","263.98","-36.29","₹/h machine only","updated (India operating model; capital held — capex not sourced)","India book 2026-10-10: capital HELD at the book's UK × 0.52 (capex not sourced for India: the book's capital (UK × 0.52) is HELD; the India operating model (3-shift hours, Schedule II, finance, rent, tariff, support at India wages) is applied): depreciation × 1.333 (shift pattern), maintenance per running hour held, finance re-rated 4% → 8.75%; 37 m² at £25.44/m²/yr, 39,125 kWh at £0.069/kWh, support at 0.0454 of UK wages, 7,200 h × 0.8 (3 shifts × 8 h × 300 working days (Indian cost-accounting convention); Companies Act 2013 Schedule II: depreciation +50% for double shift, +100% for triple — a held (2-shift) capital charge × 2.0 / 1.5 at 3 shifts; 1-year MCLR 8.70–8.80% (SBI, BoB, BoI, Jul–Oct 2026); the book's line build-ups use 4% on half the capex; rent ₹25.05/sq ft/month (Knight Frank H1 2026 industrial / warehousing rent: Pune 28.7, Chennai 25.7, Bengaluru 23.5, NCR 22.3 ₹/sq ft/month — mean); maintenance the library's own line build-up rule (3.5% of capex); no Indian norm found)",""
"machine","robot-mig-cell","Robotic MIG/MAG Welding Cell","4340.89","671.42","-84.53","₹/h machine only","updated (India operating model; capital held — capex not sourced)","India book 2026-10-10: capital HELD at the book's UK × 0.52 (capex not sourced for India: the book's capital (UK × 0.52) is HELD; the India operating model (3-shift hours, Schedule II, finance, rent, tariff, support at India wages) is applied): depreciation × 1.333 (shift pattern), maintenance per running hour held, finance re-rated 4% → 8.75%; 110 m² at £25.44/m²/yr, 156,521 kWh at £0.069/kWh, support at 0.0454 of UK wages, 7,200 h × 0.82 (3 shifts × 8 h × 300 working days (Indian cost-accounting convention); Companies Act 2013 Schedule II: depreciation +50% for double shift, +100% for triple — a held (2-shift) capital charge × 2.0 / 1.5 at 3 shifts; 1-year MCLR 8.70–8.80% (SBI, BoB, BoI, Jul–Oct 2026); the book's line build-ups use 4% on half the capex; rent ₹25.05/sq ft/month (Knight Frank H1 2026 industrial / warehousing rent: Pune 28.7, Chennai 25.7, Bengaluru 23.5, NCR 22.3 ₹/sq ft/month — mean); maintenance the library's own line build-up rule (3.5% of capex); no Indian norm found)",""
"machine","compression-mould-std","Compression Moulding Press 250T","1024.98","692.29","-32.46","₹/h machine only","updated (India operating model; capital held — capex not sourced)","India book 2026-10-10: capital HELD at the book's UK × 0.52 (capex not sourced for India: the book's capital (UK × 0.52) is HELD; the India operating model (3-shift hours, Schedule II, finance, rent, tariff, support at India wages) is applied): depreciation × 1.333 (shift pattern), maintenance per running hour held, finance re-rated 4% → 8.75%; 46 m² at £25.44/m²/yr, 89,441 kWh at £0.069/kWh, support at 0.0454 of UK wages, 7,200 h × 0.8 (3 shifts × 8 h × 300 working days (Indian cost-accounting convention); Companies Act 2013 Schedule II: depreciation +50% for double shift, +100% for triple — a held (2-shift) capital charge × 2.0 / 1.5 at 3 shifts; 1-year MCLR 8.70–8.80% (SBI, BoB, BoI, Jul–Oct 2026); the book's line build-ups use 4% on half the capex; rent ₹25.05/sq ft/month (Knight Frank H1 2026 industrial / warehousing rent: Pune 28.7, Chennai 25.7, Bengaluru 23.5, NCR 22.3 ₹/sq ft/month — mean); maintenance the library's own line build-up rule (3.5% of capex); no Indian norm found)",""
"machine","transfer-mould-std","Transfer Moulding Press 200T","1287.2","869.74","-32.43","₹/h machine only","updated (India operating model; capital held — capex not sourced)","India book 2026-10-10: capital HELD at the book's UK × 0.52 (capex not sourced for India: the book's capital (UK × 0.52) is HELD; the India operating model (3-shift hours, Schedule II, finance, rent, tariff, support at India wages) is applied): depreciation × 1.333 (shift pattern), maintenance per running hour held, finance re-rated 4% → 8.75%; 55 m² at £25.44/m²/yr, 107,333 kWh at £0.069/kWh, support at 0.0454 of UK wages, 7,200 h × 0.78 (3 shifts × 8 h × 300 working days (Indian cost-accounting convention); Companies Act 2013 Schedule II: depreciation +50% for double shift, +100% for triple — a held (2-shift) capital charge × 2.0 / 1.5 at 3 shifts; 1-year MCLR 8.70–8.80% (SBI, BoB, BoI, Jul–Oct 2026); the book's line build-ups use 4% on half the capex; rent ₹25.05/sq ft/month (Knight Frank H1 2026 industrial / warehousing rent: Pune 28.7, Chennai 25.7, Bengaluru 23.5, NCR 22.3 ₹/sq ft/month — mean); maintenance the library's own line build-up rule (3.5% of capex); no Indian norm found)",""
"machine","lsr-injection-machine","LSR Injection Moulding Machine","1645.01","1226","-25.47","₹/h machine only","updated (India operating model; capital held — capex not sourced)","India book 2026-10-10: capital HELD at the book's UK × 0.52 (capex not sourced for India: the book's capital (UK × 0.52) is HELD; the India operating model (3-shift hours, Schedule II, finance, rent, tariff, support at India wages) is applied): depreciation × 1.333 (shift pattern), maintenance per running hour held, finance re-rated 4% → 8.75%; 64 m² at £25.44/m²/yr, 156,521 kWh at £0.069/kWh, support at 0.0454 of UK wages, 7,200 h × 0.8 (3 shifts × 8 h × 300 working days (Indian cost-accounting convention); Companies Act 2013 Schedule II: depreciation +50% for double shift, +100% for triple — a held (2-shift) capital charge × 2.0 / 1.5 at 3 shifts; 1-year MCLR 8.70–8.80% (SBI, BoB, BoI, Jul–Oct 2026); the book's line build-ups use 4% on half the capex; rent ₹25.05/sq ft/month (Knight Frank H1 2026 industrial / warehousing rent: Pune 28.7, Chennai 25.7, Bengaluru 23.5, NCR 22.3 ₹/sq ft/month — mean); maintenance the library's own line build-up rule (3.5% of capex); no Indian norm found)",""
"machine","cure-oven-rubber","Rubber Cure / Vulcanisation Oven","627.74","512.76","-18.32","₹/h machine only","updated (India operating model; capital held — capex not sourced)","India book 2026-10-10: capital HELD at the book's UK × 0.52 (capex not sourced for India: the book's capital (UK × 0.52) is HELD; the India operating model (3-shift hours, Schedule II, finance, rent, tariff, support at India wages) is applied): depreciation × 1.333 (shift pattern), maintenance per running hour held, finance re-rated 4% → 8.75%; 55 m² at £25.44/m²/yr, 156,517 kWh at £0.069/kWh, support at 0.0454 of UK wages, 7,200 h × 0.82 (3 shifts × 8 h × 300 working days (Indian cost-accounting convention); Companies Act 2013 Schedule II: depreciation +50% for double shift, +100% for triple — a held (2-shift) capital charge × 2.0 / 1.5 at 3 shifts; 1-year MCLR 8.70–8.80% (SBI, BoB, BoI, Jul–Oct 2026); the book's line build-ups use 4% on half the capex; rent ₹25.05/sq ft/month (Knight Frank H1 2026 industrial / warehousing rent: Pune 28.7, Chennai 25.7, Bengaluru 23.5, NCR 22.3 ₹/sq ft/month — mean); maintenance the library's own line build-up rule (3.5% of capex); no Indian norm found)",""
"machine","extruder-rubber-60mm","Rubber Extruder 60mm (Cold-feed)","678.98","575.58","-15.23","₹/h machine only","updated (India operating model; capital held — capex not sourced)","India book 2026-10-10: capital HELD at the book's UK × 0.52 (capex not sourced for India: the book's capital (UK × 0.52) is HELD; the India operating model (3-shift hours, Schedule II, finance, rent, tariff, support at India wages) is applied): depreciation × 1.333 (shift pattern), maintenance per running hour held, finance re-rated 4% → 8.75%; 37 m² at £25.44/m²/yr, 112,700 kWh at £0.069/kWh, support at 0.0454 of UK wages, 7,200 h × 0.8 (3 shifts × 8 h × 300 working days (Indian cost-accounting convention); Companies Act 2013 Schedule II: depreciation +50% for double shift, +100% for triple — a held (2-shift) capital charge × 2.0 / 1.5 at 3 shifts; 1-year MCLR 8.70–8.80% (SBI, BoB, BoI, Jul–Oct 2026); the book's line build-ups use 4% on half the capex; rent ₹25.05/sq ft/month (Knight Frank H1 2026 industrial / warehousing rent: Pune 28.7, Chennai 25.7, Bengaluru 23.5, NCR 22.3 ₹/sq ft/month — mean); maintenance the library's own line build-up rule (3.5% of capex); no Indian norm found)",""
"machine","die-cut-press-rubber","Hydraulic Die-Cutting Press 20T","399.93","281.63","-29.58","₹/h machine only","updated (India operating model; capital held — capex not sourced)","India book 2026-10-10: capital HELD at the book's UK × 0.52 (capex not sourced for India: the book's capital (UK × 0.52) is HELD; the India operating model (3-shift hours, Schedule II, finance, rent, tariff, support at India wages) is applied): depreciation × 1.333 (shift pattern), maintenance per running hour held, finance re-rated 4% → 8.75%; 28 m² at £25.44/m²/yr, 39,125 kWh at £0.069/kWh, support at 0.0454 of UK wages, 7,200 h × 0.85 (3 shifts × 8 h × 300 working days (Indian cost-accounting convention); Companies Act 2013 Schedule II: depreciation +50% for double shift, +100% for triple — a held (2-shift) capital charge × 2.0 / 1.5 at 3 shifts; 1-year MCLR 8.70–8.80% (SBI, BoB, BoI, Jul–Oct 2026); the book's line build-ups use 4% on half the capex; rent ₹25.05/sq ft/month (Knight Frank H1 2026 industrial / warehousing rent: Pune 28.7, Chennai 25.7, Bengaluru 23.5, NCR 22.3 ₹/sq ft/month — mean); maintenance the library's own line build-up rule (3.5% of capex); no Indian norm found)",""
"machine","autoclave-1200mm","Production Autoclave 1200mm dia","3723.11","2690.61","-27.73","₹/h machine only","updated (India operating model; capital held — capex not sourced)","India book 2026-10-10: capital HELD at the book's UK × 0.52 (capex not sourced for India: the book's capital (UK × 0.52) is HELD; the India operating model (3-shift hours, Schedule II, finance, rent, tariff, support at India wages) is applied): depreciation × 1.333 (shift pattern), maintenance per running hour held, finance re-rated 4% → 8.75%; 184 m² at £25.44/m²/yr, 391,302 kWh at £0.069/kWh, support at 0.0454 of UK wages, 7,200 h × 0.7 (3 shifts × 8 h × 300 working days (Indian cost-accounting convention); Companies Act 2013 Schedule II: depreciation +50% for double shift, +100% for triple — a held (2-shift) capital charge × 2.0 / 1.5 at 3 shifts; 1-year MCLR 8.70–8.80% (SBI, BoB, BoI, Jul–Oct 2026); the book's line build-ups use 4% on half the capex; rent ₹25.05/sq ft/month (Knight Frank H1 2026 industrial / warehousing rent: Pune 28.7, Chennai 25.7, Bengaluru 23.5, NCR 22.3 ₹/sq ft/month — mean); maintenance the library's own line build-up rule (3.5% of capex); no Indian norm found)",""
"machine","oven-composite-cure","Composite Cure Oven (Fan-Assisted)","1075.64","841.29","-21.79","₹/h machine only","updated (India operating model; capital held — capex not sourced)","India book 2026-10-10: capital HELD at the book's UK × 0.52 (capex not sourced for India: the book's capital (UK × 0.52) is HELD; the India operating model (3-shift hours, Schedule II, finance, rent, tariff, support at India wages) is applied): depreciation × 1.333 (shift pattern), maintenance per running hour held, finance re-rated 4% → 8.75%; 110 m² at £25.44/m²/yr, 187,825 kWh at £0.069/kWh, support at 0.0454 of UK wages, 7,200 h × 0.75 (3 shifts × 8 h × 300 working days (Indian cost-accounting convention); Companies Act 2013 Schedule II: depreciation +50% for double shift, +100% for triple — a held (2-shift) capital charge × 2.0 / 1.5 at 3 shifts; 1-year MCLR 8.70–8.80% (SBI, BoB, BoI, Jul–Oct 2026); the book's line build-ups use 4% on half the capex; rent ₹25.05/sq ft/month (Knight Frank H1 2026 industrial / warehousing rent: Pune 28.7, Chennai 25.7, Bengaluru 23.5, NCR 22.3 ₹/sq ft/month — mean); maintenance the library's own line build-up rule (3.5% of capex); no Indian norm found)",""
"machine","al-ext-press-800t","Aluminium extrusion line — 800 t direct press, 4"" container","7682.24","5521.39","-28.13","₹/h machine only","updated (India operating model; capital held — capex not sourced)","India book 2026-10-10: capital HELD at the book's UK × 0.52 (capex not sourced for India: the book's capital (UK × 0.52) is HELD; the India operating model (3-shift hours, Schedule II, finance, rent, tariff, support at India wages) is applied): depreciation × 1.333 (shift pattern), maintenance per running hour held, finance re-rated 4% → 8.75%; 1680 m² at £25.44/m²/yr, 576,000 kWh at £0.069/kWh, support at 0.0454 of UK wages, 7,200 h × 0.8 (3 shifts × 8 h × 300 working days (Indian cost-accounting convention); Companies Act 2013 Schedule II: depreciation +50% for double shift, +100% for triple — a held (2-shift) capital charge × 2.0 / 1.5 at 3 shifts; 1-year MCLR 8.70–8.80% (SBI, BoB, BoI, Jul–Oct 2026); the book's line build-ups use 4% on half the capex; rent ₹25.05/sq ft/month (Knight Frank H1 2026 industrial / warehousing rent: Pune 28.7, Chennai 25.7, Bengaluru 23.5, NCR 22.3 ₹/sq ft/month — mean); maintenance the library's own line build-up rule (3.5% of capex); no Indian norm found)",""
"machine","al-ext-press-1450t","Aluminium extrusion line — 1,450 t direct press, 6"" container","12287.34","9320.34","-24.15","₹/h machine only","updated (India operating model; capital held — capex not sourced)","India book 2026-10-10: capital HELD at the book's UK × 0.52 (capex not sourced for India: the book's capital (UK × 0.52) is HELD; the India operating model (3-shift hours, Schedule II, finance, rent, tariff, support at India wages) is applied): depreciation × 1.333 (shift pattern), maintenance per running hour held, finance re-rated 4% → 8.75%; 2070 m² at £25.44/m²/yr, 1,036,800 kWh at £0.069/kWh, support at 0.0454 of UK wages, 7,200 h × 0.8 (3 shifts × 8 h × 300 working days (Indian cost-accounting convention); Companies Act 2013 Schedule II: depreciation +50% for double shift, +100% for triple — a held (2-shift) capital charge × 2.0 / 1.5 at 3 shifts; 1-year MCLR 8.70–8.80% (SBI, BoB, BoI, Jul–Oct 2026); the book's line build-ups use 4% on half the capex; rent ₹25.05/sq ft/month (Knight Frank H1 2026 industrial / warehousing rent: Pune 28.7, Chennai 25.7, Bengaluru 23.5, NCR 22.3 ₹/sq ft/month — mean); maintenance the library's own line build-up rule (3.5% of capex); no Indian norm found)",""
"machine","al-ext-press-1800t","Aluminium extrusion line — 1,800 t direct press, 7"" container","15024.73","11609.36","-22.73","₹/h machine only","updated (India operating model; capital held — capex not sourced)","India book 2026-10-10: capital HELD at the book's UK × 0.52 (capex not sourced for India: the book's capital (UK × 0.52) is HELD; the India operating model (3-shift hours, Schedule II, finance, rent, tariff, support at India wages) is applied): depreciation × 1.333 (shift pattern), maintenance per running hour held, finance re-rated 4% → 8.75%; 2280 m² at £25.44/m²/yr, 1,382,400 kWh at £0.069/kWh, support at 0.0454 of UK wages, 7,200 h × 0.8 (3 shifts × 8 h × 300 working days (Indian cost-accounting convention); Companies Act 2013 Schedule II: depreciation +50% for double shift, +100% for triple — a held (2-shift) capital charge × 2.0 / 1.5 at 3 shifts; 1-year MCLR 8.70–8.80% (SBI, BoB, BoI, Jul–Oct 2026); the book's line build-ups use 4% on half the capex; rent ₹25.05/sq ft/month (Knight Frank H1 2026 industrial / warehousing rent: Pune 28.7, Chennai 25.7, Bengaluru 23.5, NCR 22.3 ₹/sq ft/month — mean); maintenance the library's own line build-up rule (3.5% of capex); no Indian norm found)",""
"machine","al-ext-press-2500t","Aluminium extrusion line — 2,500 t direct press, 9"" container","21270.17","16834.06","-20.86","₹/h machine only","updated (India operating model; capital held — capex not sourced)","India book 2026-10-10: capital HELD at the book's UK × 0.52 (capex not sourced for India: the book's capital (UK × 0.52) is HELD; the India operating model (3-shift hours, Schedule II, finance, rent, tariff, support at India wages) is applied): depreciation × 1.333 (shift pattern), maintenance per running hour held, finance re-rated 4% → 8.75%; 2700 m² at £25.44/m²/yr, 1,958,400 kWh at £0.069/kWh, support at 0.0454 of UK wages, 7,200 h × 0.8 (3 shifts × 8 h × 300 working days (Indian cost-accounting convention); Companies Act 2013 Schedule II: depreciation +50% for double shift, +100% for triple — a held (2-shift) capital charge × 2.0 / 1.5 at 3 shifts; 1-year MCLR 8.70–8.80% (SBI, BoB, BoI, Jul–Oct 2026); the book's line build-ups use 4% on half the capex; rent ₹25.05/sq ft/month (Knight Frank H1 2026 industrial / warehousing rent: Pune 28.7, Chennai 25.7, Bengaluru 23.5, NCR 22.3 ₹/sq ft/month — mean); maintenance the library's own line build-up rule (3.5% of capex); no Indian norm found)",""
"machine","al-ext-press-3600t","Aluminium extrusion line — 3,600 t direct press, 10"" container","30420.52","24424.63","-19.71","₹/h machine only","updated (India operating model; capital held — capex not sourced)","India book 2026-10-10: capital HELD at the book's UK × 0.52 (capex not sourced for India: the book's capital (UK × 0.52) is HELD; the India operating model (3-shift hours, Schedule II, finance, rent, tariff, support at India wages) is applied): depreciation × 1.333 (shift pattern), maintenance per running hour held, finance re-rated 4% → 8.75%; 3360 m² at £25.44/m²/yr, 2,649,600 kWh at £0.069/kWh, support at 0.0454 of UK wages, 7,200 h × 0.8 (3 shifts × 8 h × 300 working days (Indian cost-accounting convention); Companies Act 2013 Schedule II: depreciation +50% for double shift, +100% for triple — a held (2-shift) capital charge × 2.0 / 1.5 at 3 shifts; 1-year MCLR 8.70–8.80% (SBI, BoB, BoI, Jul–Oct 2026); the book's line build-ups use 4% on half the capex; rent ₹25.05/sq ft/month (Knight Frank H1 2026 industrial / warehousing rent: Pune 28.7, Chennai 25.7, Bengaluru 23.5, NCR 22.3 ₹/sq ft/month — mean); maintenance the library's own line build-up rule (3.5% of capex); no Indian norm found)",""
"machine","al-ext-press-5500t","Aluminium extrusion line — 5,500 t direct press, 12"" container","47570.68","38627.02","-18.8","₹/h machine only","updated (India operating model; capital held — capex not sourced)","India book 2026-10-10: capital HELD at the book's UK × 0.52 (capex not sourced for India: the book's capital (UK × 0.52) is HELD; the India operating model (3-shift hours, Schedule II, finance, rent, tariff, support at India wages) is applied): depreciation × 1.333 (shift pattern), maintenance per running hour held, finance re-rated 4% → 8.75%; 4500 m² at £25.44/m²/yr, 3,456,000 kWh at £0.069/kWh, support at 0.0454 of UK wages, 7,200 h × 0.8 (3 shifts × 8 h × 300 working days (Indian cost-accounting convention); Companies Act 2013 Schedule II: depreciation +50% for double shift, +100% for triple — a held (2-shift) capital charge × 2.0 / 1.5 at 3 shifts; 1-year MCLR 8.70–8.80% (SBI, BoB, BoI, Jul–Oct 2026); the book's line build-ups use 4% on half the capex; rent ₹25.05/sq ft/month (Knight Frank H1 2026 industrial / warehousing rent: Pune 28.7, Chennai 25.7, Bengaluru 23.5, NCR 22.3 ₹/sq ft/month — mean); maintenance the library's own line build-up rule (3.5% of capex); no Indian norm found)",""
"machine","al-ext-press-8000t","Aluminium extrusion line — 8,000 t direct press, 14"" round / flat container (wide panels)","77620.97","63835.94","-17.76","₹/h machine only","updated (India operating model; capital held — capex not sourced)","India book 2026-10-10: capital HELD at the book's UK × 0.52 (capex not sourced for India: the book's capital (UK × 0.52) is HELD; the India operating model (3-shift hours, Schedule II, finance, rent, tariff, support at India wages) is applied): depreciation × 1.333 (shift pattern), maintenance per running hour held, finance re-rated 4% → 8.75%; 6000 m² at £25.44/m²/yr, 4,608,000 kWh at £0.069/kWh, support at 0.0454 of UK wages, 7,200 h × 0.8 (3 shifts × 8 h × 300 working days (Indian cost-accounting convention); Companies Act 2013 Schedule II: depreciation +50% for double shift, +100% for triple — a held (2-shift) capital charge × 2.0 / 1.5 at 3 shifts; 1-year MCLR 8.70–8.80% (SBI, BoB, BoI, Jul–Oct 2026); the book's line build-ups use 4% on half the capex; rent ₹25.05/sq ft/month (Knight Frank H1 2026 industrial / warehousing rent: Pune 28.7, Chennai 25.7, Bengaluru 23.5, NCR 22.3 ₹/sq ft/month — mean); maintenance the library's own line build-up rule (3.5% of capex); no Indian norm found)",""
"machine","al-ext-indirect-2800t","Aluminium extrusion line — 2,800 t indirect press, 9"" container (2xxx / 7xxx, seamless tube)","26579.26","21196.33","-20.25","₹/h machine only","updated (India operating model; capital held — capex not sourced)","India book 2026-10-10: capital HELD at the book's UK × 0.52 (capex not sourced for India: the book's capital (UK × 0.52) is HELD; the India operating model (3-shift hours, Schedule II, finance, rent, tariff, support at India wages) is applied): depreciation × 1.333 (shift pattern), maintenance per running hour held, finance re-rated 4% → 8.75%; 2880 m² at £25.44/m²/yr, 1,382,400 kWh at £0.069/kWh, support at 0.0454 of UK wages, 7,200 h × 0.8 (3 shifts × 8 h × 300 working days (Indian cost-accounting convention); Companies Act 2013 Schedule II: depreciation +50% for double shift, +100% for triple — a held (2-shift) capital charge × 2.0 / 1.5 at 3 shifts; 1-year MCLR 8.70–8.80% (SBI, BoB, BoI, Jul–Oct 2026); the book's line build-ups use 4% on half the capex; rent ₹25.05/sq ft/month (Knight Frank H1 2026 industrial / warehousing rent: Pune 28.7, Chennai 25.7, Bengaluru 23.5, NCR 22.3 ₹/sq ft/month — mean); maintenance the library's own line build-up rule (3.5% of capex); no Indian norm found)",""
"machine","al-ext-hydrostatic-1600t","Aluminium extrusion line — 1,600 t hydrostatic press (high ratio, clad wire / fine sections)","26800.22","21794.22","-18.68","₹/h machine only","updated (India operating model; capital held — capex not sourced)","India book 2026-10-10: capital HELD at the book's UK × 0.52 (capex not sourced for India: the book's capital (UK × 0.52) is HELD; the India operating model (3-shift hours, Schedule II, finance, rent, tariff, support at India wages) is applied): depreciation × 1.333 (shift pattern), maintenance per running hour held, finance re-rated 4% → 8.75%; 2160 m² at £25.44/m²/yr, 691,200 kWh at £0.069/kWh, support at 0.0454 of UK wages, 7,200 h × 0.8 (3 shifts × 8 h × 300 working days (Indian cost-accounting convention); Companies Act 2013 Schedule II: depreciation +50% for double shift, +100% for triple — a held (2-shift) capital charge × 2.0 / 1.5 at 3 shifts; 1-year MCLR 8.70–8.80% (SBI, BoB, BoI, Jul–Oct 2026); the book's line build-ups use 4% on half the capex; rent ₹25.05/sq ft/month (Knight Frank H1 2026 industrial / warehousing rent: Pune 28.7, Chennai 25.7, Bengaluru 23.5, NCR 22.3 ₹/sq ft/month — mean); maintenance the library's own line build-up rule (3.5% of capex); no Indian norm found)",""
"machine","al-conform-c400","Conform C400 continuous extrusion line (9.5–25 mm rod feed)","9980.25","8697.17","-12.86","₹/h machine only","updated (India operating model; capital held — capex not sourced)","India book 2026-10-10: capital HELD at the book's UK × 0.52 (capex not sourced for India: the book's capital (UK × 0.52) is HELD; the India operating model (3-shift hours, Schedule II, finance, rent, tariff, support at India wages) is applied): depreciation × 1.333 (shift pattern), maintenance per running hour held, finance re-rated 4% → 8.75%; 500 m² at £25.44/m²/yr, 2,016,000 kWh at £0.069/kWh, support at 0.0454 of UK wages, 7,200 h × 0.8 (3 shifts × 8 h × 300 working days (Indian cost-accounting convention); Companies Act 2013 Schedule II: depreciation +50% for double shift, +100% for triple — a held (2-shift) capital charge × 2.0 / 1.5 at 3 shifts; 1-year MCLR 8.70–8.80% (SBI, BoB, BoI, Jul–Oct 2026); the book's line build-ups use 4% on half the capex; rent ₹25.05/sq ft/month (Knight Frank H1 2026 industrial / warehousing rent: Pune 28.7, Chennai 25.7, Bengaluru 23.5, NCR 22.3 ₹/sq ft/month — mean); maintenance the library's own line build-up rule (3.5% of capex); no Indian norm found)",""
"machine","al-impact-press-800t","800 t mechanical impact-extrusion press","9755.95","8382.24","-14.08","₹/h machine only","updated (India operating model; capital held — capex not sourced)","India book 2026-10-10: capital HELD at the book's UK × 0.52 (capex not sourced for India: the book's capital (UK × 0.52) is HELD; the India operating model (3-shift hours, Schedule II, finance, rent, tariff, support at India wages) is applied): depreciation × 1.333 (shift pattern), maintenance per running hour held, finance re-rated 4% → 8.75%; 400 m² at £25.44/m²/yr, 1,036,800 kWh at £0.069/kWh, support at 0.0454 of UK wages, 7,200 h × 0.8 (3 shifts × 8 h × 300 working days (Indian cost-accounting convention); Companies Act 2013 Schedule II: depreciation +50% for double shift, +100% for triple — a held (2-shift) capital charge × 2.0 / 1.5 at 3 shifts; 1-year MCLR 8.70–8.80% (SBI, BoB, BoI, Jul–Oct 2026); the book's line build-ups use 4% on half the capex; rent ₹25.05/sq ft/month (Knight Frank H1 2026 industrial / warehousing rent: Pune 28.7, Chennai 25.7, Bengaluru 23.5, NCR 22.3 ₹/sq ft/month — mean); maintenance the library's own line build-up rule (3.5% of capex); no Indian norm found)",""
"machine","al-age-oven-batch","Batch ageing oven (T5 / T6)","2048.22","1608.2","-21.48","₹/h machine only","updated (India operating model; capital held — capex not sourced)","India book 2026-10-10: capital HELD at the book's UK × 0.52 (capex not sourced for India: the book's capital (UK × 0.52) is HELD; the India operating model (3-shift hours, Schedule II, finance, rent, tariff, support at India wages) is applied): depreciation × 1.333 (shift pattern), maintenance per running hour held, finance re-rated 4% → 8.75%; 250 m² at £25.44/m²/yr, 86,400 kWh at £0.069/kWh, support at 0.0454 of UK wages, 7,200 h × 0.8 (3 shifts × 8 h × 300 working days (Indian cost-accounting convention); Companies Act 2013 Schedule II: depreciation +50% for double shift, +100% for triple — a held (2-shift) capital charge × 2.0 / 1.5 at 3 shifts; 1-year MCLR 8.70–8.80% (SBI, BoB, BoI, Jul–Oct 2026); the book's line build-ups use 4% on half the capex; rent ₹25.05/sq ft/month (Knight Frank H1 2026 industrial / warehousing rent: Pune 28.7, Chennai 25.7, Bengaluru 23.5, NCR 22.3 ₹/sq ft/month — mean); maintenance the library's own line build-up rule (3.5% of capex); no Indian norm found)",""
"machine","al-sht-drop-furnace","Vertical drop-quench solution heat-treatment furnace","6658.71","5628.42","-15.47","₹/h machine only","updated (India operating model; capital held — capex not sourced)","India book 2026-10-10: capital HELD at the book's UK × 0.52 (capex not sourced for India: the book's capital (UK × 0.52) is HELD; the India operating model (3-shift hours, Schedule II, finance, rent, tariff, support at India wages) is applied): depreciation × 1.333 (shift pattern), maintenance per running hour held, finance re-rated 4% → 8.75%; 300 m² at £25.44/m²/yr, 345,600 kWh at £0.069/kWh, support at 0.0454 of UK wages, 7,200 h × 0.8 (3 shifts × 8 h × 300 working days (Indian cost-accounting convention); Companies Act 2013 Schedule II: depreciation +50% for double shift, +100% for triple — a held (2-shift) capital charge × 2.0 / 1.5 at 3 shifts; 1-year MCLR 8.70–8.80% (SBI, BoB, BoI, Jul–Oct 2026); the book's line build-ups use 4% on half the capex; rent ₹25.05/sq ft/month (Knight Frank H1 2026 industrial / warehousing rent: Pune 28.7, Chennai 25.7, Bengaluru 23.5, NCR 22.3 ₹/sq ft/month — mean); maintenance the library's own line build-up rule (3.5% of capex); no Indian norm found)",""
"machine","al-cnc-profile-centre","5-axis long-bed profile machining centre (7 m)","2842.57","1823.55","-35.85","₹/h machine only","updated (India operating model; capital held — capex not sourced)","India book 2026-10-10: capital HELD at the book's UK × 0.52 (capex not sourced for India: the book's capital (UK × 0.52) is HELD; the India operating model (3-shift hours, Schedule II, finance, rent, tariff, support at India wages) is applied): depreciation × 1.333 (shift pattern), maintenance per running hour held, finance re-rated 4% → 8.75%; 120 m² at £25.44/m²/yr, 172,800 kWh at £0.069/kWh, support at 0.0454 of UK wages, 7,200 h × 0.8 (3 shifts × 8 h × 300 working days (Indian cost-accounting convention); Companies Act 2013 Schedule II: depreciation +50% for double shift, +100% for triple — a held (2-shift) capital charge × 2.0 / 1.5 at 3 shifts; 1-year MCLR 8.70–8.80% (SBI, BoB, BoI, Jul–Oct 2026); the book's line build-ups use 4% on half the capex; rent ₹25.05/sq ft/month (Knight Frank H1 2026 industrial / warehousing rent: Pune 28.7, Chennai 25.7, Bengaluru 23.5, NCR 22.3 ₹/sq ft/month — mean); maintenance the library's own line build-up rule (3.5% of capex); no Indian norm found)",""
"machine","al-ctl-saw","Automatic precision cut-to-length saw (bundle cutting, deburr)","1116.93","687.48","-38.45","₹/h machine only","updated (India operating model; capital held — capex not sourced)","India book 2026-10-10: capital HELD at the book's UK × 0.52 (capex not sourced for India: the book's capital (UK × 0.52) is HELD; the India operating model (3-shift hours, Schedule II, finance, rent, tariff, support at India wages) is applied): depreciation × 1.333 (shift pattern), maintenance per running hour held, finance re-rated 4% → 8.75%; 90 m² at £25.44/m²/yr, 86,400 kWh at £0.069/kWh, support at 0.0454 of UK wages, 7,200 h × 0.8 (3 shifts × 8 h × 300 working days (Indian cost-accounting convention); Companies Act 2013 Schedule II: depreciation +50% for double shift, +100% for triple — a held (2-shift) capital charge × 2.0 / 1.5 at 3 shifts; 1-year MCLR 8.70–8.80% (SBI, BoB, BoI, Jul–Oct 2026); the book's line build-ups use 4% on half the capex; rent ₹25.05/sq ft/month (Knight Frank H1 2026 industrial / warehousing rent: Pune 28.7, Chennai 25.7, Bengaluru 23.5, NCR 22.3 ₹/sq ft/month — mean); maintenance the library's own line build-up rule (3.5% of capex); no Indian norm found)",""
"machine","al-stretch-bender","CNC stretch-bending machine (3D, sweep)","4708.99","2989.77","-36.51","₹/h machine only","updated (India operating model; capital held — capex not sourced)","India book 2026-10-10: capital HELD at the book's UK × 0.52 (capex not sourced for India: the book's capital (UK × 0.52) is HELD; the India operating model (3-shift hours, Schedule II, finance, rent, tariff, support at India wages) is applied): depreciation × 1.333 (shift pattern), maintenance per running hour held, finance re-rated 4% → 8.75%; 200 m² at £25.44/m²/yr, 230,400 kWh at £0.069/kWh, support at 0.0454 of UK wages, 7,200 h × 0.8 (3 shifts × 8 h × 300 working days (Indian cost-accounting convention); Companies Act 2013 Schedule II: depreciation +50% for double shift, +100% for triple — a held (2-shift) capital charge × 2.0 / 1.5 at 3 shifts; 1-year MCLR 8.70–8.80% (SBI, BoB, BoI, Jul–Oct 2026); the book's line build-ups use 4% on half the capex; rent ₹25.05/sq ft/month (Knight Frank H1 2026 industrial / warehousing rent: Pune 28.7, Chennai 25.7, Bengaluru 23.5, NCR 22.3 ₹/sq ft/month — mean); maintenance the library's own line build-up rule (3.5% of capex); no Indian norm found)",""
"machine","al-anodise-line","Anodising line (sulphuric, 10–25 µm, seal)","15719.8","12986.59","-17.39","₹/h machine only","updated (India operating model; capital held — capex not sourced)","India book 2026-10-10: capital HELD at the book's UK × 0.52 (capex not sourced for India: the book's capital (UK × 0.52) is HELD; the India operating model (3-shift hours, Schedule II, finance, rent, tariff, support at India wages) is applied): depreciation × 1.333 (shift pattern), maintenance per running hour held, finance re-rated 4% → 8.75%; 1500 m² at £25.44/m²/yr, 2,304,000 kWh at £0.069/kWh, support at 0.0454 of UK wages, 7,200 h × 0.8 (3 shifts × 8 h × 300 working days (Indian cost-accounting convention); Companies Act 2013 Schedule II: depreciation +50% for double shift, +100% for triple — a held (2-shift) capital charge × 2.0 / 1.5 at 3 shifts; 1-year MCLR 8.70–8.80% (SBI, BoB, BoI, Jul–Oct 2026); the book's line build-ups use 4% on half the capex; rent ₹25.05/sq ft/month (Knight Frank H1 2026 industrial / warehousing rent: Pune 28.7, Chennai 25.7, Bengaluru 23.5, NCR 22.3 ₹/sq ft/month — mean); maintenance the library's own line build-up rule (3.5% of capex); no Indian norm found)",""
"machine","al-powder-line","Vertical powder-coating line (pretreat + cure)","11075.59","9062.65","-18.17","₹/h machine only","updated (India operating model; capital held — capex not sourced)","India book 2026-10-10: capital HELD at the book's UK × 0.52 (capex not sourced for India: the book's capital (UK × 0.52) is HELD; the India operating model (3-shift hours, Schedule II, finance, rent, tariff, support at India wages) is applied): depreciation × 1.333 (shift pattern), maintenance per running hour held, finance re-rated 4% → 8.75%; 1200 m² at £25.44/m²/yr, 1,728,000 kWh at £0.069/kWh, support at 0.0454 of UK wages, 7,200 h × 0.8 (3 shifts × 8 h × 300 working days (Indian cost-accounting convention); Companies Act 2013 Schedule II: depreciation +50% for double shift, +100% for triple — a held (2-shift) capital charge × 2.0 / 1.5 at 3 shifts; 1-year MCLR 8.70–8.80% (SBI, BoB, BoI, Jul–Oct 2026); the book's line build-ups use 4% on half the capex; rent ₹25.05/sq ft/month (Knight Frank H1 2026 industrial / warehousing rent: Pune 28.7, Chennai 25.7, Bengaluru 23.5, NCR 22.3 ₹/sq ft/month — mean); maintenance the library's own line build-up rule (3.5% of capex); no Indian norm found)",""
"machine","al-ecoat-line","E-coat / conversion-coat line (chrome-free, for bonding)","13170.32","10940.37","-16.93","₹/h machine only","updated (India operating model; capital held — capex not sourced)","India book 2026-10-10: capital HELD at the book's UK × 0.52 (capex not sourced for India: the book's capital (UK × 0.52) is HELD; the India operating model (3-shift hours, Schedule II, finance, rent, tariff, support at India wages) is applied): depreciation × 1.333 (shift pattern), maintenance per running hour held, finance re-rated 4% → 8.75%; 1200 m² at £25.44/m²/yr, 2,016,000 kWh at £0.069/kWh, support at 0.0454 of UK wages, 7,200 h × 0.8 (3 shifts × 8 h × 300 working days (Indian cost-accounting convention); Companies Act 2013 Schedule II: depreciation +50% for double shift, +100% for triple — a held (2-shift) capital charge × 2.0 / 1.5 at 3 shifts; 1-year MCLR 8.70–8.80% (SBI, BoB, BoI, Jul–Oct 2026); the book's line build-ups use 4% on half the capex; rent ₹25.05/sq ft/month (Knight Frank H1 2026 industrial / warehousing rent: Pune 28.7, Chennai 25.7, Bengaluru 23.5, NCR 22.3 ₹/sq ft/month — mean); maintenance the library's own line build-up rule (3.5% of capex); no Indian norm found)",""
"machine","bat-cell-ocv-tester","Cell incoming OCV / IR test station","854.3","751.39","-12.05","₹/h machine only","updated (India operating model; capital held — capex not sourced)","India book 2026-10-10: capital HELD at the book's UK × 0.52 (capex not sourced for India: the book's capital (UK × 0.52) is HELD; the India operating model (3-shift hours, Schedule II, finance, rent, tariff, support at India wages) is applied): depreciation × 1.333 (shift pattern), maintenance per running hour held, finance re-rated 4% → 8.75%; 40 m² at £25.44/m²/yr, 46,081 kWh at £0.069/kWh, support at 0.0454 of UK wages, 7,200 h × 0.8 (3 shifts × 8 h × 300 working days (Indian cost-accounting convention); Companies Act 2013 Schedule II: depreciation +50% for double shift, +100% for triple — a held (2-shift) capital charge × 2.0 / 1.5 at 3 shifts; 1-year MCLR 8.70–8.80% (SBI, BoB, BoI, Jul–Oct 2026); the book's line build-ups use 4% on half the capex; rent ₹25.05/sq ft/month (Knight Frank H1 2026 industrial / warehousing rent: Pune 28.7, Chennai 25.7, Bengaluru 23.5, NCR 22.3 ₹/sq ft/month — mean); maintenance the library's own line build-up rule (3.5% of capex); no Indian norm found)",""
"machine","bat-module-stacking","Cell stacking + compression line","11787.84","10499.72","-10.93","₹/h machine only","updated (India operating model; capital held — capex not sourced)","India book 2026-10-10: capital HELD at the book's UK × 0.52 (capex not sourced for India: the book's capital (UK × 0.52) is HELD; the India operating model (3-shift hours, Schedule II, finance, rent, tariff, support at India wages) is applied): depreciation × 1.333 (shift pattern), maintenance per running hour held, finance re-rated 4% → 8.75%; 400 m² at £25.44/m²/yr, 691,200 kWh at £0.069/kWh, support at 0.0454 of UK wages, 7,200 h × 0.8 (3 shifts × 8 h × 300 working days (Indian cost-accounting convention); Companies Act 2013 Schedule II: depreciation +50% for double shift, +100% for triple — a held (2-shift) capital charge × 2.0 / 1.5 at 3 shifts; 1-year MCLR 8.70–8.80% (SBI, BoB, BoI, Jul–Oct 2026); the book's line build-ups use 4% on half the capex; rent ₹25.05/sq ft/month (Knight Frank H1 2026 industrial / warehousing rent: Pune 28.7, Chennai 25.7, Bengaluru 23.5, NCR 22.3 ₹/sq ft/month — mean); maintenance the library's own line build-up rule (3.5% of capex); no Indian norm found)",""
"machine","bat-laser-weld","Busbar laser welding cell (scanner)","4120.43","3733.3","-9.4","₹/h machine only","updated (India operating model; capital held — capex not sourced)","India book 2026-10-10: capital HELD at the book's UK × 0.52 (capex not sourced for India: the book's capital (UK × 0.52) is HELD; the India operating model (3-shift hours, Schedule II, finance, rent, tariff, support at India wages) is applied): depreciation × 1.333 (shift pattern), maintenance per running hour held, finance re-rated 4% → 8.75%; 80 m² at £25.44/m²/yr, 345,600 kWh at £0.069/kWh, support at 0.0454 of UK wages, 7,200 h × 0.8 (3 shifts × 8 h × 300 working days (Indian cost-accounting convention); Companies Act 2013 Schedule II: depreciation +50% for double shift, +100% for triple — a held (2-shift) capital charge × 2.0 / 1.5 at 3 shifts; 1-year MCLR 8.70–8.80% (SBI, BoB, BoI, Jul–Oct 2026); the book's line build-ups use 4% on half the capex; rent ₹25.05/sq ft/month (Knight Frank H1 2026 industrial / warehousing rent: Pune 28.7, Chennai 25.7, Bengaluru 23.5, NCR 22.3 ₹/sq ft/month — mean); maintenance the library's own line build-up rule (3.5% of capex); no Indian norm found)",""
"machine","bat-module-eol","Module end-of-line tester","1349.8","1208.05","-10.5","₹/h machine only","updated (India operating model; capital held — capex not sourced)","India book 2026-10-10: capital HELD at the book's UK × 0.52 (capex not sourced for India: the book's capital (UK × 0.52) is HELD; the India operating model (3-shift hours, Schedule II, finance, rent, tariff, support at India wages) is applied): depreciation × 1.333 (shift pattern), maintenance per running hour held, finance re-rated 4% → 8.75%; 40 m² at £25.44/m²/yr, 86,400 kWh at £0.069/kWh, support at 0.0454 of UK wages, 7,200 h × 0.8 (3 shifts × 8 h × 300 working days (Indian cost-accounting convention); Companies Act 2013 Schedule II: depreciation +50% for double shift, +100% for triple — a held (2-shift) capital charge × 2.0 / 1.5 at 3 shifts; 1-year MCLR 8.70–8.80% (SBI, BoB, BoI, Jul–Oct 2026); the book's line build-ups use 4% on half the capex; rent ₹25.05/sq ft/month (Knight Frank H1 2026 industrial / warehousing rent: Pune 28.7, Chennai 25.7, Bengaluru 23.5, NCR 22.3 ₹/sq ft/month — mean); maintenance the library's own line build-up rule (3.5% of capex); no Indian norm found)",""
"machine","bat-dispense","Gap-filler / adhesive dispensing cell","1408.85","1257.56","-10.74","₹/h machine only","updated (India operating model; capital held — capex not sourced)","India book 2026-10-10: capital HELD at the book's UK × 0.52 (capex not sourced for India: the book's capital (UK × 0.52) is HELD; the India operating model (3-shift hours, Schedule II, finance, rent, tariff, support at India wages) is applied): depreciation × 1.333 (shift pattern), maintenance per running hour held, finance re-rated 4% → 8.75%; 50 m² at £25.44/m²/yr, 115,200 kWh at £0.069/kWh, support at 0.0454 of UK wages, 7,200 h × 0.8 (3 shifts × 8 h × 300 working days (Indian cost-accounting convention); Companies Act 2013 Schedule II: depreciation +50% for double shift, +100% for triple — a held (2-shift) capital charge × 2.0 / 1.5 at 3 shifts; 1-year MCLR 8.70–8.80% (SBI, BoB, BoI, Jul–Oct 2026); the book's line build-ups use 4% on half the capex; rent ₹25.05/sq ft/month (Knight Frank H1 2026 industrial / warehousing rent: Pune 28.7, Chennai 25.7, Bengaluru 23.5, NCR 22.3 ₹/sq ft/month — mean); maintenance the library's own line build-up rule (3.5% of capex); no Indian norm found)",""
"machine","bat-pack-assembly","Pack assembly station (semi-automatic)","2226.95","1928.45","-13.4","₹/h machine only","updated (India operating model; capital held — capex not sourced)","India book 2026-10-10: capital HELD at the book's UK × 0.52 (capex not sourced for India: the book's capital (UK × 0.52) is HELD; the India operating model (3-shift hours, Schedule II, finance, rent, tariff, support at India wages) is applied): depreciation × 1.333 (shift pattern), maintenance per running hour held, finance re-rated 4% → 8.75%; 150 m² at £25.44/m²/yr, 172,800 kWh at £0.069/kWh, support at 0.0454 of UK wages, 7,200 h × 0.8 (3 shifts × 8 h × 300 working days (Indian cost-accounting convention); Companies Act 2013 Schedule II: depreciation +50% for double shift, +100% for triple — a held (2-shift) capital charge × 2.0 / 1.5 at 3 shifts; 1-year MCLR 8.70–8.80% (SBI, BoB, BoI, Jul–Oct 2026); the book's line build-ups use 4% on half the capex; rent ₹25.05/sq ft/month (Knight Frank H1 2026 industrial / warehousing rent: Pune 28.7, Chennai 25.7, Bengaluru 23.5, NCR 22.3 ₹/sq ft/month — mean); maintenance the library's own line build-up rule (3.5% of capex); no Indian norm found)",""
"machine","bat-leak-test","Pack / coolant-circuit leak tester (helium)","1016.54","900.65","-11.4","₹/h machine only","updated (India operating model; capital held — capex not sourced)","India book 2026-10-10: capital HELD at the book's UK × 0.52 (capex not sourced for India: the book's capital (UK × 0.52) is HELD; the India operating model (3-shift hours, Schedule II, finance, rent, tariff, support at India wages) is applied): depreciation × 1.333 (shift pattern), maintenance per running hour held, finance re-rated 4% → 8.75%; 40 m² at £25.44/m²/yr, 57,600 kWh at £0.069/kWh, support at 0.0454 of UK wages, 7,200 h × 0.8 (3 shifts × 8 h × 300 working days (Indian cost-accounting convention); Companies Act 2013 Schedule II: depreciation +50% for double shift, +100% for triple — a held (2-shift) capital charge × 2.0 / 1.5 at 3 shifts; 1-year MCLR 8.70–8.80% (SBI, BoB, BoI, Jul–Oct 2026); the book's line build-ups use 4% on half the capex; rent ₹25.05/sq ft/month (Knight Frank H1 2026 industrial / warehousing rent: Pune 28.7, Chennai 25.7, Bengaluru 23.5, NCR 22.3 ₹/sq ft/month — mean); maintenance the library's own line build-up rule (3.5% of capex); no Indian norm found)",""
"machine","bat-pack-eol","Pack end-of-line tester (HiPot, isolation, BMS, charge / discharge)","3427.83","3118.39","-9.03","₹/h machine only","updated (India operating model; capital held — capex not sourced)","India book 2026-10-10: capital HELD at the book's UK × 0.52 (capex not sourced for India: the book's capital (UK × 0.52) is HELD; the India operating model (3-shift hours, Schedule II, finance, rent, tariff, support at India wages) is applied): depreciation × 1.333 (shift pattern), maintenance per running hour held, finance re-rated 4% → 8.75%; 80 m² at £25.44/m²/yr, 460,800 kWh at £0.069/kWh, support at 0.0454 of UK wages, 7,200 h × 0.8 (3 shifts × 8 h × 300 working days (Indian cost-accounting convention); Companies Act 2013 Schedule II: depreciation +50% for double shift, +100% for triple — a held (2-shift) capital charge × 2.0 / 1.5 at 3 shifts; 1-year MCLR 8.70–8.80% (SBI, BoB, BoI, Jul–Oct 2026); the book's line build-ups use 4% on half the capex; rent ₹25.05/sq ft/month (Knight Frank H1 2026 industrial / warehousing rent: Pune 28.7, Chennai 25.7, Bengaluru 23.5, NCR 22.3 ₹/sq ft/month — mean); maintenance the library's own line build-up rule (3.5% of capex); no Indian norm found)",""
"machine","emot-lamination-press","High-speed lamination press (progressive die, 300 spm)","8929.97","8043.94","-9.92","₹/h machine only","updated (India operating model; capital held — capex not sourced)","India book 2026-10-10: capital HELD at the book's UK × 0.52 (capex not sourced for India: the book's capital (UK × 0.52) is HELD; the India operating model (3-shift hours, Schedule II, finance, rent, tariff, support at India wages) is applied): depreciation × 1.333 (shift pattern), maintenance per running hour held, finance re-rated 4% → 8.75%; 250 m² at £25.44/m²/yr, 864,000 kWh at £0.069/kWh, support at 0.0454 of UK wages, 7,200 h × 0.8 (3 shifts × 8 h × 300 working days (Indian cost-accounting convention); Companies Act 2013 Schedule II: depreciation +50% for double shift, +100% for triple — a held (2-shift) capital charge × 2.0 / 1.5 at 3 shifts; 1-year MCLR 8.70–8.80% (SBI, BoB, BoI, Jul–Oct 2026); the book's line build-ups use 4% on half the capex; rent ₹25.05/sq ft/month (Knight Frank H1 2026 industrial / warehousing rent: Pune 28.7, Chennai 25.7, Bengaluru 23.5, NCR 22.3 ₹/sq ft/month — mean); maintenance the library's own line build-up rule (3.5% of capex); no Indian norm found)",""
"machine","emot-hairpin-line","Hairpin forming + insertion line","12819.85","11497.62","-10.31","₹/h machine only","updated (India operating model; capital held — capex not sourced)","India book 2026-10-10: capital HELD at the book's UK × 0.52 (capex not sourced for India: the book's capital (UK × 0.52) is HELD; the India operating model (3-shift hours, Schedule II, finance, rent, tariff, support at India wages) is applied): depreciation × 1.333 (shift pattern), maintenance per running hour held, finance re-rated 4% → 8.75%; 300 m² at £25.44/m²/yr, 518,400 kWh at £0.069/kWh, support at 0.0454 of UK wages, 7,200 h × 0.8 (3 shifts × 8 h × 300 working days (Indian cost-accounting convention); Companies Act 2013 Schedule II: depreciation +50% for double shift, +100% for triple — a held (2-shift) capital charge × 2.0 / 1.5 at 3 shifts; 1-year MCLR 8.70–8.80% (SBI, BoB, BoI, Jul–Oct 2026); the book's line build-ups use 4% on half the capex; rent ₹25.05/sq ft/month (Knight Frank H1 2026 industrial / warehousing rent: Pune 28.7, Chennai 25.7, Bengaluru 23.5, NCR 22.3 ₹/sq ft/month — mean); maintenance the library's own line build-up rule (3.5% of capex); no Indian norm found)",""
"machine","emot-winding-machine","Round-wire winding + insertion machine","2988.99","2679.55","-10.35","₹/h machine only","updated (India operating model; capital held — capex not sourced)","India book 2026-10-10: capital HELD at the book's UK × 0.52 (capex not sourced for India: the book's capital (UK × 0.52) is HELD; the India operating model (3-shift hours, Schedule II, finance, rent, tariff, support at India wages) is applied): depreciation × 1.333 (shift pattern), maintenance per running hour held, finance re-rated 4% → 8.75%; 80 m² at £25.44/m²/yr, 172,800 kWh at £0.069/kWh, support at 0.0454 of UK wages, 7,200 h × 0.8 (3 shifts × 8 h × 300 working days (Indian cost-accounting convention); Companies Act 2013 Schedule II: depreciation +50% for double shift, +100% for triple — a held (2-shift) capital charge × 2.0 / 1.5 at 3 shifts; 1-year MCLR 8.70–8.80% (SBI, BoB, BoI, Jul–Oct 2026); the book's line build-ups use 4% on half the capex; rent ₹25.05/sq ft/month (Knight Frank H1 2026 industrial / warehousing rent: Pune 28.7, Chennai 25.7, Bengaluru 23.5, NCR 22.3 ₹/sq ft/month — mean); maintenance the library's own line build-up rule (3.5% of capex); no Indian norm found)",""
"machine","emot-hairpin-weld","Hairpin twist + laser weld cell","5018.89","4534.97","-9.64","₹/h machine only","updated (India operating model; capital held — capex not sourced)","India book 2026-10-10: capital HELD at the book's UK × 0.52 (capex not sourced for India: the book's capital (UK × 0.52) is HELD; the India operating model (3-shift hours, Schedule II, finance, rent, tariff, support at India wages) is applied): depreciation × 1.333 (shift pattern), maintenance per running hour held, finance re-rated 4% → 8.75%; 100 m² at £25.44/m²/yr, 345,600 kWh at £0.069/kWh, support at 0.0454 of UK wages, 7,200 h × 0.8 (3 shifts × 8 h × 300 working days (Indian cost-accounting convention); Companies Act 2013 Schedule II: depreciation +50% for double shift, +100% for triple — a held (2-shift) capital charge × 2.0 / 1.5 at 3 shifts; 1-year MCLR 8.70–8.80% (SBI, BoB, BoI, Jul–Oct 2026); the book's line build-ups use 4% on half the capex; rent ₹25.05/sq ft/month (Knight Frank H1 2026 industrial / warehousing rent: Pune 28.7, Chennai 25.7, Bengaluru 23.5, NCR 22.3 ₹/sq ft/month — mean); maintenance the library's own line build-up rule (3.5% of capex); no Indian norm found)",""
"machine","emot-impregnation","Trickle / VPI impregnation + cure line","5355.54","4853.92","-9.37","₹/h machine only","updated (India operating model; capital held — capex not sourced)","India book 2026-10-10: capital HELD at the book's UK × 0.52 (capex not sourced for India: the book's capital (UK × 0.52) is HELD; the India operating model (3-shift hours, Schedule II, finance, rent, tariff, support at India wages) is applied): depreciation × 1.333 (shift pattern), maintenance per running hour held, finance re-rated 4% → 8.75%; 200 m² at £25.44/m²/yr, 1,036,800 kWh at £0.069/kWh, support at 0.0454 of UK wages, 7,200 h × 0.8 (3 shifts × 8 h × 300 working days (Indian cost-accounting convention); Companies Act 2013 Schedule II: depreciation +50% for double shift, +100% for triple — a held (2-shift) capital charge × 2.0 / 1.5 at 3 shifts; 1-year MCLR 8.70–8.80% (SBI, BoB, BoI, Jul–Oct 2026); the book's line build-ups use 4% on half the capex; rent ₹25.05/sq ft/month (Knight Frank H1 2026 industrial / warehousing rent: Pune 28.7, Chennai 25.7, Bengaluru 23.5, NCR 22.3 ₹/sq ft/month — mean); maintenance the library's own line build-up rule (3.5% of capex); no Indian norm found)",""
"machine","emot-rotor-line","Rotor magnet insertion + bonding + shaft press","5006.91","4475.3","-10.62","₹/h machine only","updated (India operating model; capital held — capex not sourced)","India book 2026-10-10: capital HELD at the book's UK × 0.52 (capex not sourced for India: the book's capital (UK × 0.52) is HELD; the India operating model (3-shift hours, Schedule II, finance, rent, tariff, support at India wages) is applied): depreciation × 1.333 (shift pattern), maintenance per running hour held, finance re-rated 4% → 8.75%; 150 m² at £25.44/m²/yr, 288,000 kWh at £0.069/kWh, support at 0.0454 of UK wages, 7,200 h × 0.8 (3 shifts × 8 h × 300 working days (Indian cost-accounting convention); Companies Act 2013 Schedule II: depreciation +50% for double shift, +100% for triple — a held (2-shift) capital charge × 2.0 / 1.5 at 3 shifts; 1-year MCLR 8.70–8.80% (SBI, BoB, BoI, Jul–Oct 2026); the book's line build-ups use 4% on half the capex; rent ₹25.05/sq ft/month (Knight Frank H1 2026 industrial / warehousing rent: Pune 28.7, Chennai 25.7, Bengaluru 23.5, NCR 22.3 ₹/sq ft/month — mean); maintenance the library's own line build-up rule (3.5% of capex); no Indian norm found)",""
"machine","emot-balancing","Rotor balancing machine","1189.96","1070.71","-10.02","₹/h machine only","updated (India operating model; capital held — capex not sourced)","India book 2026-10-10: capital HELD at the book's UK × 0.52 (capex not sourced for India: the book's capital (UK × 0.52) is HELD; the India operating model (3-shift hours, Schedule II, finance, rent, tariff, support at India wages) is applied): depreciation × 1.333 (shift pattern), maintenance per running hour held, finance re-rated 4% → 8.75%; 30 m² at £25.44/m²/yr, 86,400 kWh at £0.069/kWh, support at 0.0454 of UK wages, 7,200 h × 0.8 (3 shifts × 8 h × 300 working days (Indian cost-accounting convention); Companies Act 2013 Schedule II: depreciation +50% for double shift, +100% for triple — a held (2-shift) capital charge × 2.0 / 1.5 at 3 shifts; 1-year MCLR 8.70–8.80% (SBI, BoB, BoI, Jul–Oct 2026); the book's line build-ups use 4% on half the capex; rent ₹25.05/sq ft/month (Knight Frank H1 2026 industrial / warehousing rent: Pune 28.7, Chennai 25.7, Bengaluru 23.5, NCR 22.3 ₹/sq ft/month — mean); maintenance the library's own line build-up rule (3.5% of capex); no Indian norm found)",""
"machine","emot-assembly-line","Motor final assembly line (shrink-fit, bearings, resolver)","6289.93","5585.21","-11.2","₹/h machine only","updated (India operating model; capital held — capex not sourced)","India book 2026-10-10: capital HELD at the book's UK × 0.52 (capex not sourced for India: the book's capital (UK × 0.52) is HELD; the India operating model (3-shift hours, Schedule II, finance, rent, tariff, support at India wages) is applied): depreciation × 1.333 (shift pattern), maintenance per running hour held, finance re-rated 4% → 8.75%; 250 m² at £25.44/m²/yr, 460,800 kWh at £0.069/kWh, support at 0.0454 of UK wages, 7,200 h × 0.8 (3 shifts × 8 h × 300 working days (Indian cost-accounting convention); Companies Act 2013 Schedule II: depreciation +50% for double shift, +100% for triple — a held (2-shift) capital charge × 2.0 / 1.5 at 3 shifts; 1-year MCLR 8.70–8.80% (SBI, BoB, BoI, Jul–Oct 2026); the book's line build-ups use 4% on half the capex; rent ₹25.05/sq ft/month (Knight Frank H1 2026 industrial / warehousing rent: Pune 28.7, Chennai 25.7, Bengaluru 23.5, NCR 22.3 ₹/sq ft/month — mean); maintenance the library's own line build-up rule (3.5% of capex); no Indian norm found)",""
"machine","emot-eol","Motor end-of-line tester (back-EMF, HiPot, partial discharge, NVH)","3778.9","3469.47","-8.19","₹/h machine only","updated (India operating model; capital held — capex not sourced)","India book 2026-10-10: capital HELD at the book's UK × 0.52 (capex not sourced for India: the book's capital (UK × 0.52) is HELD; the India operating model (3-shift hours, Schedule II, finance, rent, tariff, support at India wages) is applied): depreciation × 1.333 (shift pattern), maintenance per running hour held, finance re-rated 4% → 8.75%; 80 m² at £25.44/m²/yr, 691,200 kWh at £0.069/kWh, support at 0.0454 of UK wages, 7,200 h × 0.8 (3 shifts × 8 h × 300 working days (Indian cost-accounting convention); Companies Act 2013 Schedule II: depreciation +50% for double shift, +100% for triple — a held (2-shift) capital charge × 2.0 / 1.5 at 3 shifts; 1-year MCLR 8.70–8.80% (SBI, BoB, BoI, Jul–Oct 2026); the book's line build-ups use 4% on half the capex; rent ₹25.05/sq ft/month (Knight Frank H1 2026 industrial / warehousing rent: Pune 28.7, Chennai 25.7, Bengaluru 23.5, NCR 22.3 ₹/sq ft/month — mean); maintenance the library's own line build-up rule (3.5% of capex); no Indian norm found)",""
"machine","rtm-press-std","RTM / VARTM Injection Press","1336.04","856.86","-35.87","₹/h machine only","updated (India operating model; capital held — capex not sourced)","India book 2026-10-10: capital HELD at the book's UK × 0.52 (capex not sourced for India: the book's capital (UK × 0.52) is HELD; the India operating model (3-shift hours, Schedule II, finance, rent, tariff, support at India wages) is applied): depreciation × 1.333 (shift pattern), maintenance per running hour held, finance re-rated 4% → 8.75%; 73 m² at £25.44/m²/yr, 107,333 kWh at £0.069/kWh, support at 0.0454 of UK wages, 7,200 h × 0.78 (3 shifts × 8 h × 300 working days (Indian cost-accounting convention); Companies Act 2013 Schedule II: depreciation +50% for double shift, +100% for triple — a held (2-shift) capital charge × 2.0 / 1.5 at 3 shifts; 1-year MCLR 8.70–8.80% (SBI, BoB, BoI, Jul–Oct 2026); the book's line build-ups use 4% on half the capex; rent ₹25.05/sq ft/month (Knight Frank H1 2026 industrial / warehousing rent: Pune 28.7, Chennai 25.7, Bengaluru 23.5, NCR 22.3 ₹/sq ft/month — mean); maintenance the library's own line build-up rule (3.5% of capex); no Indian norm found)",""
"machine","waterjet-5ax-composite","5-Axis Waterjet Trim System","1932.6","1338.47","-30.74","₹/h machine only","updated (India operating model; capital held — capex not sourced)","India book 2026-10-10: capital HELD at the book's UK × 0.52 (capex not sourced for India: the book's capital (UK × 0.52) is HELD; the India operating model (3-shift hours, Schedule II, finance, rent, tariff, support at India wages) is applied): depreciation × 1.333 (shift pattern), maintenance per running hour held, finance re-rated 4% → 8.75%; 110 m² at £25.44/m²/yr, 156,521 kWh at £0.069/kWh, support at 0.0454 of UK wages, 7,200 h × 0.75 (3 shifts × 8 h × 300 working days (Indian cost-accounting convention); Companies Act 2013 Schedule II: depreciation +50% for double shift, +100% for triple — a held (2-shift) capital charge × 2.0 / 1.5 at 3 shifts; 1-year MCLR 8.70–8.80% (SBI, BoB, BoI, Jul–Oct 2026); the book's line build-ups use 4% on half the capex; rent ₹25.05/sq ft/month (Knight Frank H1 2026 industrial / warehousing rent: Pune 28.7, Chennai 25.7, Bengaluru 23.5, NCR 22.3 ₹/sq ft/month — mean); maintenance the library's own line build-up rule (3.5% of capex); no Indian norm found)",""
"machine","mach-afp-atl","AFP/ATL Composite Cell","17895.31","13337.48","-25.47","₹/h machine only","updated (India operating model; capital held — capex not sourced)","India book 2026-10-10: capital HELD at the book's UK × 0.52 (capex not sourced for India: the book's capital (UK × 0.52) is HELD; the India operating model (3-shift hours, Schedule II, finance, rent, tariff, support at India wages) is applied): depreciation × 1.333 (shift pattern), maintenance per running hour held, finance re-rated 4% → 8.75%; 367 m² at £25.44/m²/yr, 626,093 kWh at £0.069/kWh, support at 0.0454 of UK wages, 7,200 h × 0.7 (3 shifts × 8 h × 300 working days (Indian cost-accounting convention); Companies Act 2013 Schedule II: depreciation +50% for double shift, +100% for triple — a held (2-shift) capital charge × 2.0 / 1.5 at 3 shifts; 1-year MCLR 8.70–8.80% (SBI, BoB, BoI, Jul–Oct 2026); the book's line build-ups use 4% on half the capex; rent ₹25.05/sq ft/month (Knight Frank H1 2026 industrial / warehousing rent: Pune 28.7, Chennai 25.7, Bengaluru 23.5, NCR 22.3 ₹/sq ft/month — mean); maintenance the library's own line build-up rule (3.5% of capex); no Indian norm found)",""
"machine","harness-test-sys","Electrical Harness Test System (Continuity + HiPot)","750.71","501.2","-33.24","₹/h machine only","updated (India operating model; capital held — capex not sourced)","India book 2026-10-10: capital HELD at the book's UK × 0.52 (capex not sourced for India: the book's capital (UK × 0.52) is HELD; the India operating model (3-shift hours, Schedule II, finance, rent, tariff, support at India wages) is applied): depreciation × 1.333 (shift pattern), maintenance per running hour held, finance re-rated 4% → 8.75%; 37 m² at £25.44/m²/yr, 23,479 kWh at £0.069/kWh, support at 0.0454 of UK wages, 7,200 h × 0.8 (3 shifts × 8 h × 300 working days (Indian cost-accounting convention); Companies Act 2013 Schedule II: depreciation +50% for double shift, +100% for triple — a held (2-shift) capital charge × 2.0 / 1.5 at 3 shifts; 1-year MCLR 8.70–8.80% (SBI, BoB, BoI, Jul–Oct 2026); the book's line build-ups use 4% on half the capex; rent ₹25.05/sq ft/month (Knight Frank H1 2026 industrial / warehousing rent: Pune 28.7, Chennai 25.7, Bengaluru 23.5, NCR 22.3 ₹/sq ft/month — mean); maintenance the library's own line build-up rule (3.5% of capex); no Indian norm found)",""
"machine","mach-vmc3-cn","VMC 3-axis CNC (China)","663.06","525.55","-20.74","₹/h machine only","updated (India operating model; capital held — capex not sourced)","India book 2026-10-10: capital HELD at the book's UK × 0.52 (capex not sourced for India: the book's capital (UK × 0.52) is HELD; the India operating model (3-shift hours, Schedule II, finance, rent, tariff, support at India wages) is applied): depreciation × 1.333 (shift pattern), maintenance per running hour held, finance re-rated 4% → 8.75%; 5 m² at £25.44/m²/yr, 10,177 kWh at £0.069/kWh, support at 0.0454 of UK wages, 7,200 h × 0.85 (3 shifts × 8 h × 300 working days (Indian cost-accounting convention); Companies Act 2013 Schedule II: depreciation +50% for double shift, +100% for triple — a held (2-shift) capital charge × 2.0 / 1.5 at 3 shifts; 1-year MCLR 8.70–8.80% (SBI, BoB, BoI, Jul–Oct 2026); the book's line build-ups use 4% on half the capex; rent ₹25.05/sq ft/month (Knight Frank H1 2026 industrial / warehousing rent: Pune 28.7, Chennai 25.7, Bengaluru 23.5, NCR 22.3 ₹/sq ft/month — mean); maintenance the library's own line build-up rule (3.5% of capex); no Indian norm found)",""
"machine","mach-vmc3-in","VMC 3-axis CNC (India)","642.11","521.19","-18.83","₹/h machine only","updated (India operating model; capital held — capex not sourced)","India book 2026-10-10: capital HELD at the book's UK × 0.52 (capex not sourced for India: the book's capital (UK × 0.52) is HELD; the India operating model (3-shift hours, Schedule II, finance, rent, tariff, support at India wages) is applied): depreciation × 1.333 (shift pattern), maintenance per running hour held, finance re-rated 4% → 8.75%; 3 m² at £25.44/m²/yr, 13,698 kWh at £0.069/kWh, support at 0.0454 of UK wages, 7,200 h × 0.85 (3 shifts × 8 h × 300 working days (Indian cost-accounting convention); Companies Act 2013 Schedule II: depreciation +50% for double shift, +100% for triple — a held (2-shift) capital charge × 2.0 / 1.5 at 3 shifts; 1-year MCLR 8.70–8.80% (SBI, BoB, BoI, Jul–Oct 2026); the book's line build-ups use 4% on half the capex; rent ₹25.05/sq ft/month (Knight Frank H1 2026 industrial / warehousing rent: Pune 28.7, Chennai 25.7, Bengaluru 23.5, NCR 22.3 ₹/sq ft/month — mean); maintenance the library's own line build-up rule (3.5% of capex); no Indian norm found)",""
"machine","mach-vmc3-de","VMC 3-axis CNC (Germany)","1051.7","734.2","-30.19","₹/h machine only","updated (India operating model; capital held — capex not sourced)","India book 2026-10-10: capital HELD at the book's UK × 0.52 (capex not sourced for India: the book's capital (UK × 0.52) is HELD; the India operating model (3-shift hours, Schedule II, finance, rent, tariff, support at India wages) is applied): depreciation × 1.333 (shift pattern), maintenance per running hour held, finance re-rated 4% → 8.75%; 26 m² at £25.44/m²/yr, 34,042 kWh at £0.069/kWh, support at 0.0454 of UK wages, 7,200 h × 0.87 (3 shifts × 8 h × 300 working days (Indian cost-accounting convention); Companies Act 2013 Schedule II: depreciation +50% for double shift, +100% for triple — a held (2-shift) capital charge × 2.0 / 1.5 at 3 shifts; 1-year MCLR 8.70–8.80% (SBI, BoB, BoI, Jul–Oct 2026); the book's line build-ups use 4% on half the capex; rent ₹25.05/sq ft/month (Knight Frank H1 2026 industrial / warehousing rent: Pune 28.7, Chennai 25.7, Bengaluru 23.5, NCR 22.3 ₹/sq ft/month — mean); maintenance the library's own line build-up rule (3.5% of capex); no Indian norm found)",""
"machine","mach-vmc3-pl","VMC 3-axis CNC (Poland)","737.02","568.16","-22.91","₹/h machine only","updated (India operating model; capital held — capex not sourced)","India book 2026-10-10: capital HELD at the book's UK × 0.52 (capex not sourced for India: the book's capital (UK × 0.52) is HELD; the India operating model (3-shift hours, Schedule II, finance, rent, tariff, support at India wages) is applied): depreciation × 1.333 (shift pattern), maintenance per running hour held, finance re-rated 4% → 8.75%; 11 m² at £25.44/m²/yr, 20,354 kWh at £0.069/kWh, support at 0.0454 of UK wages, 7,200 h × 0.85 (3 shifts × 8 h × 300 working days (Indian cost-accounting convention); Companies Act 2013 Schedule II: depreciation +50% for double shift, +100% for triple — a held (2-shift) capital charge × 2.0 / 1.5 at 3 shifts; 1-year MCLR 8.70–8.80% (SBI, BoB, BoI, Jul–Oct 2026); the book's line build-ups use 4% on half the capex; rent ₹25.05/sq ft/month (Knight Frank H1 2026 industrial / warehousing rent: Pune 28.7, Chennai 25.7, Bengaluru 23.5, NCR 22.3 ₹/sq ft/month — mean); maintenance the library's own line build-up rule (3.5% of capex); no Indian norm found)",""
"machine","mach-vmc3-mx","VMC 3-axis CNC (Mexico)","673.79","533.68","-20.79","₹/h machine only","updated (India operating model; capital held — capex not sourced)","India book 2026-10-10: capital HELD at the book's UK × 0.52 (capex not sourced for India: the book's capital (UK × 0.52) is HELD; the India operating model (3-shift hours, Schedule II, finance, rent, tariff, support at India wages) is applied): depreciation × 1.333 (shift pattern), maintenance per running hour held, finance re-rated 4% → 8.75%; 6 m² at £25.44/m²/yr, 15,260 kWh at £0.069/kWh, support at 0.0454 of UK wages, 7,200 h × 0.85 (3 shifts × 8 h × 300 working days (Indian cost-accounting convention); Companies Act 2013 Schedule II: depreciation +50% for double shift, +100% for triple — a held (2-shift) capital charge × 2.0 / 1.5 at 3 shifts; 1-year MCLR 8.70–8.80% (SBI, BoB, BoI, Jul–Oct 2026); the book's line build-ups use 4% on half the capex; rent ₹25.05/sq ft/month (Knight Frank H1 2026 industrial / warehousing rent: Pune 28.7, Chennai 25.7, Bengaluru 23.5, NCR 22.3 ₹/sq ft/month — mean); maintenance the library's own line build-up rule (3.5% of capex); no Indian norm found)",""
"machine","imm-200t-cn","Injection Moulding 200T (China)","700.69","667.36","-4.76","₹/h machine only","updated (India operating model; capital held — capex not sourced)","India book 2026-10-10: capital HELD at the book's UK × 0.52 (capex not sourced for India: the book's capital (UK × 0.52) is HELD; the India operating model (3-shift hours, Schedule II, finance, rent, tariff, support at India wages) is applied): depreciation × 1.333 (shift pattern), maintenance per running hour held, finance re-rated 4% → 8.75%; 11 m² at £25.44/m²/yr, 26,300 kWh at £0.069/kWh, support at 0.0454 of UK wages, 7,200 h × 0.85 (3 shifts × 8 h × 300 working days (Indian cost-accounting convention); Companies Act 2013 Schedule II: depreciation +50% for double shift, +100% for triple — a held (2-shift) capital charge × 2.0 / 1.5 at 3 shifts; 1-year MCLR 8.70–8.80% (SBI, BoB, BoI, Jul–Oct 2026); the book's line build-ups use 4% on half the capex; rent ₹25.05/sq ft/month (Knight Frank H1 2026 industrial / warehousing rent: Pune 28.7, Chennai 25.7, Bengaluru 23.5, NCR 22.3 ₹/sq ft/month — mean); maintenance the library's own line build-up rule (3.5% of capex); no Indian norm found)",""
"machine","imm-200t-in","Injection Moulding 200T (India)","703.11","685.51","-2.5","₹/h machine only","updated (India operating model; capital held — capex not sourced)","India book 2026-10-10: capital HELD at the book's UK × 0.52 (capex not sourced for India: the book's capital (UK × 0.52) is HELD; the India operating model (3-shift hours, Schedule II, finance, rent, tariff, support at India wages) is applied): depreciation × 1.333 (shift pattern), maintenance per running hour held, finance re-rated 4% → 8.75%; 7 m² at £25.44/m²/yr, 35,058 kWh at £0.069/kWh, support at 0.0454 of UK wages, 7,200 h × 0.83 (3 shifts × 8 h × 300 working days (Indian cost-accounting convention); Companies Act 2013 Schedule II: depreciation +50% for double shift, +100% for triple — a held (2-shift) capital charge × 2.0 / 1.5 at 3 shifts; 1-year MCLR 8.70–8.80% (SBI, BoB, BoI, Jul–Oct 2026); the book's line build-ups use 4% on half the capex; rent ₹25.05/sq ft/month (Knight Frank H1 2026 industrial / warehousing rent: Pune 28.7, Chennai 25.7, Bengaluru 23.5, NCR 22.3 ₹/sq ft/month — mean); maintenance the library's own line build-up rule (3.5% of capex); no Indian norm found)",""
"machine","imm-200t-de","Injection Moulding 200T (Germany)","1315.64","948.8","-27.88","₹/h machine only","updated (India operating model; capital held — capex not sourced)","India book 2026-10-10: capital HELD at the book's UK × 0.52 (capex not sourced for India: the book's capital (UK × 0.52) is HELD; the India operating model (3-shift hours, Schedule II, finance, rent, tariff, support at India wages) is applied): depreciation × 1.333 (shift pattern), maintenance per running hour held, finance re-rated 4% → 8.75%; 59 m² at £25.44/m²/yr, 87,152 kWh at £0.069/kWh, support at 0.0454 of UK wages, 7,200 h × 0.87 (3 shifts × 8 h × 300 working days (Indian cost-accounting convention); Companies Act 2013 Schedule II: depreciation +50% for double shift, +100% for triple — a held (2-shift) capital charge × 2.0 / 1.5 at 3 shifts; 1-year MCLR 8.70–8.80% (SBI, BoB, BoI, Jul–Oct 2026); the book's line build-ups use 4% on half the capex; rent ₹25.05/sq ft/month (Knight Frank H1 2026 industrial / warehousing rent: Pune 28.7, Chennai 25.7, Bengaluru 23.5, NCR 22.3 ₹/sq ft/month — mean); maintenance the library's own line build-up rule (3.5% of capex); no Indian norm found)",""
"machine","imm-200t-pl","Injection Moulding 200T (Poland)","852.22","739.67","-13.21","₹/h machine only","updated (India operating model; capital held — capex not sourced)","India book 2026-10-10: capital HELD at the book's UK × 0.52 (capex not sourced for India: the book's capital (UK × 0.52) is HELD; the India operating model (3-shift hours, Schedule II, finance, rent, tariff, support at India wages) is applied): depreciation × 1.333 (shift pattern), maintenance per running hour held, finance re-rated 4% → 8.75%; 26 m² at £25.44/m²/yr, 52,093 kWh at £0.069/kWh, support at 0.0454 of UK wages, 7,200 h × 0.85 (3 shifts × 8 h × 300 working days (Indian cost-accounting convention); Companies Act 2013 Schedule II: depreciation +50% for double shift, +100% for triple — a held (2-shift) capital charge × 2.0 / 1.5 at 3 shifts; 1-year MCLR 8.70–8.80% (SBI, BoB, BoI, Jul–Oct 2026); the book's line build-ups use 4% on half the capex; rent ₹25.05/sq ft/month (Knight Frank H1 2026 industrial / warehousing rent: Pune 28.7, Chennai 25.7, Bengaluru 23.5, NCR 22.3 ₹/sq ft/month — mean); maintenance the library's own line build-up rule (3.5% of capex); no Indian norm found)",""
"machine","imm-200t-mx","Injection Moulding 200T (Mexico)","733.92","695.79","-5.2","₹/h machine only","updated (India operating model; capital held — capex not sourced)","India book 2026-10-10: capital HELD at the book's UK × 0.52 (capex not sourced for India: the book's capital (UK × 0.52) is HELD; the India operating model (3-shift hours, Schedule II, finance, rent, tariff, support at India wages) is applied): depreciation × 1.333 (shift pattern), maintenance per running hour held, finance re-rated 4% → 8.75%; 15 m² at £25.44/m²/yr, 39,070 kWh at £0.069/kWh, support at 0.0454 of UK wages, 7,200 h × 0.84 (3 shifts × 8 h × 300 working days (Indian cost-accounting convention); Companies Act 2013 Schedule II: depreciation +50% for double shift, +100% for triple — a held (2-shift) capital charge × 2.0 / 1.5 at 3 shifts; 1-year MCLR 8.70–8.80% (SBI, BoB, BoI, Jul–Oct 2026); the book's line build-ups use 4% on half the capex; rent ₹25.05/sq ft/month (Knight Frank H1 2026 industrial / warehousing rent: Pune 28.7, Chennai 25.7, Bengaluru 23.5, NCR 22.3 ₹/sq ft/month — mean); maintenance the library's own line build-up rule (3.5% of capex); no Indian norm found)",""
"machine","hpdc-500t-cn","HPDC 500T (China)","1856.05","1435","-22.69","₹/h machine only","updated (India operating model; capital held — capex not sourced)","India book 2026-10-10: capital HELD at the book's UK × 0.52 (capex not sourced for India: the book's capital (UK × 0.52) is HELD; the India operating model (3-shift hours, Schedule II, finance, rent, tariff, support at India wages) is applied): depreciation × 1.333 (shift pattern), maintenance per running hour held, finance re-rated 4% → 8.75%; 21 m² at £25.44/m²/yr, 61,042 kWh at £0.069/kWh, support at 0.0454 of UK wages, 7,200 h × 0.8 (3 shifts × 8 h × 300 working days (Indian cost-accounting convention); Companies Act 2013 Schedule II: depreciation +50% for double shift, +100% for triple — a held (2-shift) capital charge × 2.0 / 1.5 at 3 shifts; 1-year MCLR 8.70–8.80% (SBI, BoB, BoI, Jul–Oct 2026); the book's line build-ups use 4% on half the capex; rent ₹25.05/sq ft/month (Knight Frank H1 2026 industrial / warehousing rent: Pune 28.7, Chennai 25.7, Bengaluru 23.5, NCR 22.3 ₹/sq ft/month — mean); maintenance the library's own line build-up rule (3.5% of capex); no Indian norm found)",""
"machine","hpdc-500t-in","HPDC 500T (India)","1856.46","1477.36","-20.42","₹/h machine only","updated (India operating model; capital held — capex not sourced)","India book 2026-10-10: capital HELD at the book's UK × 0.52 (capex not sourced for India: the book's capital (UK × 0.52) is HELD; the India operating model (3-shift hours, Schedule II, finance, rent, tariff, support at India wages) is applied): depreciation × 1.333 (shift pattern), maintenance per running hour held, finance re-rated 4% → 8.75%; 14 m² at £25.44/m²/yr, 82,177 kWh at £0.069/kWh, support at 0.0454 of UK wages, 7,200 h × 0.78 (3 shifts × 8 h × 300 working days (Indian cost-accounting convention); Companies Act 2013 Schedule II: depreciation +50% for double shift, +100% for triple — a held (2-shift) capital charge × 2.0 / 1.5 at 3 shifts; 1-year MCLR 8.70–8.80% (SBI, BoB, BoI, Jul–Oct 2026); the book's line build-ups use 4% on half the capex; rent ₹25.05/sq ft/month (Knight Frank H1 2026 industrial / warehousing rent: Pune 28.7, Chennai 25.7, Bengaluru 23.5, NCR 22.3 ₹/sq ft/month — mean); maintenance the library's own line build-up rule (3.5% of capex); no Indian norm found)",""
"machine","hpdc-500t-mx","HPDC 500T (Mexico)","1918.2","1485.37","-22.56","₹/h machine only","updated (India operating model; capital held — capex not sourced)","India book 2026-10-10: capital HELD at the book's UK × 0.52 (capex not sourced for India: the book's capital (UK × 0.52) is HELD; the India operating model (3-shift hours, Schedule II, finance, rent, tariff, support at India wages) is applied): depreciation × 1.333 (shift pattern), maintenance per running hour held, finance re-rated 4% → 8.75%; 28 m² at £25.44/m²/yr, 91,563 kWh at £0.069/kWh, support at 0.0454 of UK wages, 7,200 h × 0.8 (3 shifts × 8 h × 300 working days (Indian cost-accounting convention); Companies Act 2013 Schedule II: depreciation +50% for double shift, +100% for triple — a held (2-shift) capital charge × 2.0 / 1.5 at 3 shifts; 1-year MCLR 8.70–8.80% (SBI, BoB, BoI, Jul–Oct 2026); the book's line build-ups use 4% on half the capex; rent ₹25.05/sq ft/month (Knight Frank H1 2026 industrial / warehousing rent: Pune 28.7, Chennai 25.7, Bengaluru 23.5, NCR 22.3 ₹/sq ft/month — mean); maintenance the library's own line build-up rule (3.5% of capex); no Indian norm found)",""
"machine","press-400t-cn","Stamping Press 400T (China)","1253.35","960.55","-23.36","₹/h machine only","updated (India operating model; capital held — capex not sourced)","India book 2026-10-10: capital HELD at the book's UK × 0.52 (capex not sourced for India: the book's capital (UK × 0.52) is HELD; the India operating model (3-shift hours, Schedule II, finance, rent, tariff, support at India wages) is applied): depreciation × 1.333 (shift pattern), maintenance per running hour held, finance re-rated 4% → 8.75%; 28 m² at £25.44/m²/yr, 40,698 kWh at £0.069/kWh, support at 0.0454 of UK wages, 7,200 h × 0.82 (3 shifts × 8 h × 300 working days (Indian cost-accounting convention); Companies Act 2013 Schedule II: depreciation +50% for double shift, +100% for triple — a held (2-shift) capital charge × 2.0 / 1.5 at 3 shifts; 1-year MCLR 8.70–8.80% (SBI, BoB, BoI, Jul–Oct 2026); the book's line build-ups use 4% on half the capex; rent ₹25.05/sq ft/month (Knight Frank H1 2026 industrial / warehousing rent: Pune 28.7, Chennai 25.7, Bengaluru 23.5, NCR 22.3 ₹/sq ft/month — mean); maintenance the library's own line build-up rule (3.5% of capex); no Indian norm found)",""
"machine","press-400t-in","Stamping Press 400T (India)","1247.78","987.15","-20.89","₹/h machine only","updated (India operating model; capital held — capex not sourced)","India book 2026-10-10: capital HELD at the book's UK × 0.52 (capex not sourced for India: the book's capital (UK × 0.52) is HELD; the India operating model (3-shift hours, Schedule II, finance, rent, tariff, support at India wages) is applied): depreciation × 1.333 (shift pattern), maintenance per running hour held, finance re-rated 4% → 8.75%; 18 m² at £25.44/m²/yr, 54,781 kWh at £0.069/kWh, support at 0.0454 of UK wages, 7,200 h × 0.8 (3 shifts × 8 h × 300 working days (Indian cost-accounting convention); Companies Act 2013 Schedule II: depreciation +50% for double shift, +100% for triple — a held (2-shift) capital charge × 2.0 / 1.5 at 3 shifts; 1-year MCLR 8.70–8.80% (SBI, BoB, BoI, Jul–Oct 2026); the book's line build-ups use 4% on half the capex; rent ₹25.05/sq ft/month (Knight Frank H1 2026 industrial / warehousing rent: Pune 28.7, Chennai 25.7, Bengaluru 23.5, NCR 22.3 ₹/sq ft/month — mean); maintenance the library's own line build-up rule (3.5% of capex); no Indian norm found)",""
"machine","press-400t-pl","Stamping Press 400T (Poland)","1441.98","1071.25","-25.71","₹/h machine only","updated (India operating model; capital held — capex not sourced)","India book 2026-10-10: capital HELD at the book's UK × 0.52 (capex not sourced for India: the book's capital (UK × 0.52) is HELD; the India operating model (3-shift hours, Schedule II, finance, rent, tariff, support at India wages) is applied): depreciation × 1.333 (shift pattern), maintenance per running hour held, finance re-rated 4% → 8.75%; 48 m² at £25.44/m²/yr, 81,386 kWh at £0.069/kWh, support at 0.0454 of UK wages, 7,200 h × 0.82 (3 shifts × 8 h × 300 working days (Indian cost-accounting convention); Companies Act 2013 Schedule II: depreciation +50% for double shift, +100% for triple — a held (2-shift) capital charge × 2.0 / 1.5 at 3 shifts; 1-year MCLR 8.70–8.80% (SBI, BoB, BoI, Jul–Oct 2026); the book's line build-ups use 4% on half the capex; rent ₹25.05/sq ft/month (Knight Frank H1 2026 industrial / warehousing rent: Pune 28.7, Chennai 25.7, Bengaluru 23.5, NCR 22.3 ₹/sq ft/month — mean); maintenance the library's own line build-up rule (3.5% of capex); no Indian norm found)",""
"machine","press-400t-mx","Stamping Press 400T (Mexico)","1303.95","995.84","-23.63","₹/h machine only","updated (India operating model; capital held — capex not sourced)","India book 2026-10-10: capital HELD at the book's UK × 0.52 (capex not sourced for India: the book's capital (UK × 0.52) is HELD; the India operating model (3-shift hours, Schedule II, finance, rent, tariff, support at India wages) is applied): depreciation × 1.333 (shift pattern), maintenance per running hour held, finance re-rated 4% → 8.75%; 37 m² at £25.44/m²/yr, 61,042 kWh at £0.069/kWh, support at 0.0454 of UK wages, 7,200 h × 0.82 (3 shifts × 8 h × 300 working days (Indian cost-accounting convention); Companies Act 2013 Schedule II: depreciation +50% for double shift, +100% for triple — a held (2-shift) capital charge × 2.0 / 1.5 at 3 shifts; 1-year MCLR 8.70–8.80% (SBI, BoB, BoI, Jul–Oct 2026); the book's line build-ups use 4% on half the capex; rent ₹25.05/sq ft/month (Knight Frank H1 2026 industrial / warehousing rent: Pune 28.7, Chennai 25.7, Bengaluru 23.5, NCR 22.3 ₹/sq ft/month — mean); maintenance the library's own line build-up rule (3.5% of capex); no Indian norm found)",""
"machine","bench-assembly-cn","Manual Assembly Bench (China)","95.57","69.12","-27.68","₹/h machine only","updated (India operating model; capital held — capex not sourced)","India book 2026-10-10: capital HELD at the book's UK × 0.52 (capex not sourced for India: the book's capital (UK × 0.52) is HELD; the India operating model (3-shift hours, Schedule II, finance, rent, tariff, support at India wages) is applied): depreciation × 1.333 (shift pattern), maintenance per running hour held, finance re-rated 4% → 8.75%; 6 m² at £25.44/m²/yr, 1,811 kWh at £0.069/kWh, support at 0.0454 of UK wages, 7,200 h × 0.9 (3 shifts × 8 h × 300 working days (Indian cost-accounting convention); Companies Act 2013 Schedule II: depreciation +50% for double shift, +100% for triple — a held (2-shift) capital charge × 2.0 / 1.5 at 3 shifts; 1-year MCLR 8.70–8.80% (SBI, BoB, BoI, Jul–Oct 2026); the book's line build-ups use 4% on half the capex; rent ₹25.05/sq ft/month (Knight Frank H1 2026 industrial / warehousing rent: Pune 28.7, Chennai 25.7, Bengaluru 23.5, NCR 22.3 ₹/sq ft/month — mean); maintenance the library's own line build-up rule (3.5% of capex); no Indian norm found)",""
"machine","bench-assembly-in","Manual Assembly Bench (India)","88.18","67.98","-22.91","₹/h machine only","updated (India operating model; capital held — capex not sourced)","India book 2026-10-10: capital HELD at the book's UK × 0.52 (capex not sourced for India: the book's capital (UK × 0.52) is HELD; the India operating model (3-shift hours, Schedule II, finance, rent, tariff, support at India wages) is applied): depreciation × 1.333 (shift pattern), maintenance per running hour held, finance re-rated 4% → 8.75%; 4 m² at £25.44/m²/yr, 2,435 kWh at £0.069/kWh, support at 0.0454 of UK wages, 7,200 h × 0.9 (3 shifts × 8 h × 300 working days (Indian cost-accounting convention); Companies Act 2013 Schedule II: depreciation +50% for double shift, +100% for triple — a held (2-shift) capital charge × 2.0 / 1.5 at 3 shifts; 1-year MCLR 8.70–8.80% (SBI, BoB, BoI, Jul–Oct 2026); the book's line build-ups use 4% on half the capex; rent ₹25.05/sq ft/month (Knight Frank H1 2026 industrial / warehousing rent: Pune 28.7, Chennai 25.7, Bengaluru 23.5, NCR 22.3 ₹/sq ft/month — mean); maintenance the library's own line build-up rule (3.5% of capex); no Indian norm found)",""
"machine","bench-assembly-mx","Manual Assembly Bench (Mexico)","100.09","71.26","-28.8","₹/h machine only","updated (India operating model; capital held — capex not sourced)","India book 2026-10-10: capital HELD at the book's UK × 0.52 (capex not sourced for India: the book's capital (UK × 0.52) is HELD; the India operating model (3-shift hours, Schedule II, finance, rent, tariff, support at India wages) is applied): depreciation × 1.333 (shift pattern), maintenance per running hour held, finance re-rated 4% → 8.75%; 7 m² at £25.44/m²/yr, 2,708 kWh at £0.069/kWh, support at 0.0454 of UK wages, 7,200 h × 0.9 (3 shifts × 8 h × 300 working days (Indian cost-accounting convention); Companies Act 2013 Schedule II: depreciation +50% for double shift, +100% for triple — a held (2-shift) capital charge × 2.0 / 1.5 at 3 shifts; 1-year MCLR 8.70–8.80% (SBI, BoB, BoI, Jul–Oct 2026); the book's line build-ups use 4% on half the capex; rent ₹25.05/sq ft/month (Knight Frank H1 2026 industrial / warehousing rent: Pune 28.7, Chennai 25.7, Bengaluru 23.5, NCR 22.3 ₹/sq ft/month — mean); maintenance the library's own line build-up rule (3.5% of capex); no Indian norm found)",""
"machine","bench-assembly-vn","Manual Assembly Bench (Vietnam)","76.02","64.39","-15.3","₹/h machine only","updated (India operating model; capital held — capex not sourced)","India book 2026-10-10: capital HELD at the book's UK × 0.52 (capex not sourced for India: the book's capital (UK × 0.52) is HELD; the India operating model (3-shift hours, Schedule II, finance, rent, tariff, support at India wages) is applied): depreciation × 1.333 (shift pattern), maintenance per running hour held, finance re-rated 4% → 8.75%; 3 m² at £25.44/m²/yr, 2,036 kWh at £0.069/kWh, support at 0.0454 of UK wages, 7,200 h × 0.92 (3 shifts × 8 h × 300 working days (Indian cost-accounting convention); Companies Act 2013 Schedule II: depreciation +50% for double shift, +100% for triple — a held (2-shift) capital charge × 2.0 / 1.5 at 3 shifts; 1-year MCLR 8.70–8.80% (SBI, BoB, BoI, Jul–Oct 2026); the book's line build-ups use 4% on half the capex; rent ₹25.05/sq ft/month (Knight Frank H1 2026 industrial / warehousing rent: Pune 28.7, Chennai 25.7, Bengaluru 23.5, NCR 22.3 ₹/sq ft/month — mean); maintenance the library's own line build-up rule (3.5% of capex); no Indian norm found)",""
"machine","bench-assembly-pl","Manual Assembly Bench (Poland)","114.65","77.4","-32.49","₹/h machine only","updated (India operating model; capital held — capex not sourced)","India book 2026-10-10: capital HELD at the book's UK × 0.52 (capex not sourced for India: the book's capital (UK × 0.52) is HELD; the India operating model (3-shift hours, Schedule II, finance, rent, tariff, support at India wages) is applied): depreciation × 1.333 (shift pattern), maintenance per running hour held, finance re-rated 4% → 8.75%; 10 m² at £25.44/m²/yr, 4,343 kWh at £0.069/kWh, support at 0.0454 of UK wages, 7,200 h × 0.9 (3 shifts × 8 h × 300 working days (Indian cost-accounting convention); Companies Act 2013 Schedule II: depreciation +50% for double shift, +100% for triple — a held (2-shift) capital charge × 2.0 / 1.5 at 3 shifts; 1-year MCLR 8.70–8.80% (SBI, BoB, BoI, Jul–Oct 2026); the book's line build-ups use 4% on half the capex; rent ₹25.05/sq ft/month (Knight Frank H1 2026 industrial / warehousing rent: Pune 28.7, Chennai 25.7, Bengaluru 23.5, NCR 22.3 ₹/sq ft/month — mean); maintenance the library's own line build-up rule (3.5% of capex); no Indian norm found)",""
"factor","machineRateMultiplier","India ÷ UK machine rate (median, the service factors read it)","0.52","0.36","-30.77","ratio","updated","median of 214 machines in the new book",""
"material","BILLET_PREMIUM_USD_PER_T.IN","India Al billet premium over LME","550","710","29.09","USD/t","updated","Hindalco AA6063 billet (P1020 + ₹17,600/t, Aug 2026) over LME 3M, Oct 2026 derived; May measured $803–842/t — the book held $550","https://www.hindalco.com/Upload/PDF/primary-ready-reckoner-14-august-2026.pdf"
