kind,id,name,current,new,change %,unit,decision,basis,source
"material","mat-dc01","DC01","3.74","3.78","1.07","zł/kg","updated","CR coil (DC01 / DC04) — direct","https://www.tacto.ai/en/commodities/steel-price (2026-09-13)"
"material","mat-dc04","DC04 (CR4 Deep-Drawing)","3.74","3.78","1.07","zł/kg","updated","CR coil (DC01 / DC04) — direct","https://www.tacto.ai/en/commodities/steel-price (2026-09-13)"
"material","mat-dc05","DC05 (Extra-Deep-Drawing)","3.74","3.78","1.07","zł/kg","updated","CR automotive grades — the anchor grade itself","https://www.tacto.ai/en/commodities/steel-price (2026-09-13)"
"material","mat-dc06","DC06 (Super-Deep-Drawing IF)","3.78","3.83","1.32","zł/kg","updated","CR automotive grades — ladder ×1.012 (book £0.85 ÷ base £0.84)","https://www.tacto.ai/en/commodities/steel-price (2026-09-13)"
"material","mat-if-dx56","DX56D IF (Interstitial-Free)","4.45","4.5","1.12","zł/kg","updated","CR automotive grades — ladder ×1.190 (book £1 ÷ base £0.84)","https://www.tacto.ai/en/commodities/steel-price (2026-09-13)"
"material","mat-if-hs260","IF-HS 260 (High-Strength IF)","5.03","5.09","1.19","zł/kg","updated","CR automotive grades — ladder ×1.345 (book £1.13 ÷ base £0.84)","https://www.tacto.ai/en/commodities/steel-price (2026-09-13)"
"material","mat-bh260","BH260 (Bake-Hardening)","4.89","4.96","1.43","zł/kg","updated","CR automotive grades — ladder ×1.310 (book £1.1 ÷ base £0.84)","https://www.tacto.ai/en/commodities/steel-price (2026-09-13)"
"material","mat-greensteel-dc01","Low-CO₂ ""Green"" Steel (H₂-DRI, DC01 equiv.)","4.89","4.96","1.43","zł/kg","updated","CR automotive grades — ladder ×1.310 (book £1.1 ÷ base £0.84)","https://www.tacto.ai/en/commodities/steel-price (2026-09-13)"
"material","mat-hsla340","HSLA 340","5.29","5.36","1.32","zł/kg","updated","CR automotive grades — ladder ×1.417 (book £1.19 ÷ base £0.84)","https://www.tacto.ai/en/commodities/steel-price (2026-09-13)"
"material","mat-hsla420","HSLA 420 Sheet","5.74","5.81","1.22","zł/kg","updated","CR automotive grades — ladder ×1.536 (book £1.29 ÷ base £0.84)","https://www.tacto.ai/en/commodities/steel-price (2026-09-13)"
"material","mat-hsla550","HSLA 550","6.18","6.26","1.29","zł/kg","updated","CR automotive grades — ladder ×1.655 (book £1.39 ÷ base £0.84)","https://www.tacto.ai/en/commodities/steel-price (2026-09-13)"
"material","mat-dp600","DP600","5.78","5.86","1.38","zł/kg","updated","CR automotive grades — ladder ×1.548 (book £1.3 ÷ base £0.84)","https://www.tacto.ai/en/commodities/steel-price (2026-09-13)"
"material","mat-dp780","DP780","6.09","6.17","1.31","zł/kg","updated","CR automotive grades — ladder ×1.631 (book £1.37 ÷ base £0.84)","https://www.tacto.ai/en/commodities/steel-price (2026-09-13)"
"material","mat-dp980","DP980","6.67","6.76","1.35","zł/kg","updated","CR automotive grades — ladder ×1.786 (book £1.5 ÷ base £0.84)","https://www.tacto.ai/en/commodities/steel-price (2026-09-13)"
"material","mat-dp1000","DP1000","6.98","7.07","1.29","zł/kg","updated","CR automotive grades — ladder ×1.869 (book £1.57 ÷ base £0.84)","https://www.tacto.ai/en/commodities/steel-price (2026-09-13)"
"material","mat-trip780","TRIP780","6.45","6.53","1.24","zł/kg","updated","CR automotive grades — ladder ×1.726 (book £1.45 ÷ base £0.84)","https://www.tacto.ai/en/commodities/steel-price (2026-09-13)"
"material","mat-cp800","CP800 (Complex Phase)","6.36","6.44","1.26","zł/kg","updated","CR automotive grades — ladder ×1.702 (book £1.43 ÷ base £0.84)","https://www.tacto.ai/en/commodities/steel-price (2026-09-13)"
"material","mat-ms1200","MS1200 (Martensitic)","7.12","7.21","1.26","zł/kg","updated","CR automotive grades — ladder ×1.905 (book £1.6 ÷ base £0.84)","https://www.tacto.ai/en/commodities/steel-price (2026-09-13)"
"material","mat-ms1300","MS1300 (Martensitic)","7.43","7.52","1.21","zł/kg","updated","CR automotive grades — ladder ×1.988 (book £1.67 ÷ base £0.84)","https://www.tacto.ai/en/commodities/steel-price (2026-09-13)"
"material","mat-ms1500","MS1500 (Martensitic)","7.87","7.97","1.27","zł/kg","updated","CR automotive grades — ladder ×2.107 (book £1.77 ÷ base £0.84)","https://www.tacto.ai/en/commodities/steel-price (2026-09-13)"
"material","mat-qp980","QP980 (Quench & Partition)","7.7","7.79","1.17","zł/kg","updated","CR automotive grades — ladder ×2.060 (book £1.73 ÷ base £0.84)","https://www.tacto.ai/en/commodities/steel-price (2026-09-13)"
"material","mat-medmn1180","Medium-Mn 1180","8.01","8.11","1.25","zł/kg","updated","CR automotive grades — ladder ×2.143 (book £1.8 ÷ base £0.84)","https://www.tacto.ai/en/commodities/steel-price (2026-09-13)"
"material","mat-22mnb5","22MnB5 (Hot Press Forming / Boron Steel)","7.96","8.06","1.26","zł/kg","updated","CR automotive grades — ladder ×2.131 (book £1.79 ÷ base £0.84)","https://www.tacto.ai/en/commodities/steel-price (2026-09-13)"
"material","mat-usibor1500","Usibor 1500 (AlSi-coated 22MnB5)","8.9","9.01","1.24","zł/kg","updated","CR automotive grades — ladder ×2.381 (book £2 ÷ base £0.84)","https://www.tacto.ai/en/commodities/steel-price (2026-09-13)"
"material","mat-usibor2000","Usibor 2000","10.68","10.81","1.22","zł/kg","updated","CR automotive grades — ladder ×2.857 (book £2.4 ÷ base £0.84)","https://www.tacto.ai/en/commodities/steel-price (2026-09-13)"
"material","mat-c67s-spring","C67S / 1.1231 (CR Spring Strip)","7.12","7.21","1.26","zł/kg","updated","CR automotive grades — ladder ×1.905 (book £1.6 ÷ base £0.84)","https://www.tacto.ai/en/commodities/steel-price (2026-09-13)"
"material","mat-s355mc","S355MC Hot-Rolled Structural (EN 10149-2) — chassis, frames","3.95","3.39","-14.18","zł/kg","updated","HR structural — ladder ×1.039 (book £0.8 ÷ base £0.77)","https://eurometal.net/european-hrc-prices-edge-higher-despite-sluggish-demand/ (2026-10-06) ; https://www.wnp.pl/rynki/gielda-i-notowania/indeks-cen-stali-puds/ (2026-09-28)"
"material","mat-s420mc","S420MC Hot-Rolled Structural (EN 10149-2)","4.05","3.47","-14.32","zł/kg","updated","HR structural — ladder ×1.065 (book £0.82 ÷ base £0.77)","https://eurometal.net/european-hrc-prices-edge-higher-despite-sluggish-demand/ (2026-10-06) ; https://www.wnp.pl/rynki/gielda-i-notowania/indeks-cen-stali-puds/ (2026-09-28)"
"material","mat-dc01-gi","DC01 GI (Hot-dip Galvanised)","3.74","3.76","0.53","zł/kg","updated","Coated sheet — the anchor grade itself","https://www.tacto.ai/en/commodities/steel-price (2026-09-13)"
"material","mat-dc03-ga","DC03 GA (Galvannealed)","3.87","3.9","0.78","zł/kg","updated","Coated sheet — ladder ×1.036 (book £1.15 ÷ base £1.11)","https://www.tacto.ai/en/commodities/steel-price (2026-09-13)"
"material","mat-dc01-ze","DC01+ZE (Electrogalvanised)","3.74","3.76","0.53","zł/kg","updated","Coated sheet — the anchor grade itself","https://www.tacto.ai/en/commodities/steel-price (2026-09-13)"
"material","mat-znni-eg","Zn-Ni Electrogalvanised","4.14","4.17","0.72","zł/kg","updated","Coated sheet — ladder ×1.108 (book £1.23 ÷ base £1.11)","https://www.tacto.ai/en/commodities/steel-price (2026-09-13)"
"material","mat-zm-coated","ZM (Zn-Mg-Al) Coated","4.04","4.07","0.74","zł/kg","updated","Coated sheet — ladder ×1.081 (book £1.2 ÷ base £1.11)","https://www.tacto.ai/en/commodities/steel-price (2026-09-13)"
"material","mat-tinplate-etp","Tinplate (ETP)","4.54","4.58","0.88","zł/kg","updated","Coated sheet — ladder ×1.216 (book £1.35 ÷ base £1.11)","https://www.tacto.ai/en/commodities/steel-price (2026-09-13)"
"material","mat-hrpo","HRPO (Hot Rolled Pickled & Oiled)","3.81","3.65","-4.2","zł/kg","updated","HR pickled & oiled — direct","https://eurometal.net/pickled-hrc-benefits-most-from-northwest-europe-hike/ (undated extra; HRC 2026-10-06)"
"material","mat-ss409l-sheet","409L / 1.4512 Ferritic Stainless Sheet (exhaust)","6.39","6.48","1.41","zł/kg","updated","409L / 441 ferritic sheet — the anchor grade itself","https://news.metal.com/en/newscontent/104001715-smm-stainless-steel-flash-aperam-adjusts-stainless-steel-flat-products-surcharges-for-july-2026 (2026-07-01)"
"material","mat-ss441-sheet","441 / 1.4509 Ferritic Stainless Sheet (hot exhaust)","7.08","7.19","1.55","zł/kg","updated","409L / 441 ferritic sheet — ladder ×1.109 (book £3.16 ÷ base £2.85)","https://news.metal.com/en/newscontent/104001715-smm-stainless-steel-flash-aperam-adjusts-stainless-steel-flat-products-surcharges-for-july-2026 (2026-07-01)"
"material","mat-steel1045","1045 / C45 / 080M46 (Medium-Carbon Steel)","4.7","3.17","-32.55","zł/kg","updated","C45 medium-carbon bar — direct","https://24metal.com/pl/prety-okragle-gladkie/419-pret-gladki-c45-fi-24-dlugosc-6000-paczka-2-tony.html (undated (read 2026-10-10))"
"material","mat-steel-c45","C45 / 1045 / CK45 (medium-carbon forging steel)","4.25","3.17","-25.41","zł/kg","updated","C45 medium-carbon bar — direct","https://24metal.com/pl/prety-okragle-gladkie/419-pret-gladki-c45-fi-24-dlugosc-6000-paczka-2-tony.html (undated (read 2026-10-10))"
"material","mat-en8","EN8 / 080M40 (Medium Carbon)","4.84","3.17","-34.5","zł/kg","updated","C45 medium-carbon bar — direct","https://24metal.com/pl/prety-okragle-gladkie/419-pret-gladki-c45-fi-24-dlugosc-6000-paczka-2-tony.html (undated (read 2026-10-10))"
"material","mat-steel-c35","C35 / 1035 (medium-carbon forging steel)","4.2","3.14","-25.24","zł/kg","updated","Carbon / micro-alloyed bar — ladder ×0.988 (book £0.85 ÷ base £0.86)","https://24metal.com/pl/prety-okragle-gladkie/419-pret-gladki-c45-fi-24-dlugosc-6000-paczka-2-tony.html (undated (read 2026-10-10))"
"material","mat-steel1020","1020 / S20C","4.05","3.03","-25.19","zł/kg","updated","Carbon / micro-alloyed bar — ladder ×0.953 (book £0.82 ÷ base £0.86)","https://24metal.com/pl/prety-okragle-gladkie/419-pret-gladki-c45-fi-24-dlugosc-6000-paczka-2-tony.html (undated (read 2026-10-10))"
"material","mat-steel-a105","ASTM A105 (carbon steel for flanges and valve bodies)","4.15","3.1","-25.3","zł/kg","updated","Carbon / micro-alloyed bar — ladder ×0.977 (book £0.84 ÷ base £0.86)","https://24metal.com/pl/prety-okragle-gladkie/419-pret-gladki-c45-fi-24-dlugosc-6000-paczka-2-tony.html (undated (read 2026-10-10))"
"material","mat-steel-c70s6","C70S6 (fracture-split con-rod steel)","4.55","3.39","-25.49","zł/kg","updated","Carbon / micro-alloyed bar — ladder ×1.070 (book £0.92 ÷ base £0.86)","https://24metal.com/pl/prety-okragle-gladkie/419-pret-gladki-c45-fi-24-dlugosc-6000-paczka-2-tony.html (undated (read 2026-10-10))"
"material","mat-steel1141","1141 / 1144 (Free-Machining)","5.19","3.87","-25.43","zł/kg","updated","Carbon / micro-alloyed bar — ladder ×1.221 (book £1.05 ÷ base £0.86)","https://24metal.com/pl/prety-okragle-gladkie/419-pret-gladki-c45-fi-24-dlugosc-6000-paczka-2-tony.html (undated (read 2026-10-10))"
"material","mat-steel-en3-bar","EN3B / 1020 / S235 Bright Mild Steel Bar","4.65","3.47","-25.38","zł/kg","updated","Carbon / micro-alloyed bar — ladder ×1.093 (book £0.94 ÷ base £0.86)","https://24metal.com/pl/prety-okragle-gladkie/419-pret-gladki-c45-fi-24-dlugosc-6000-paczka-2-tony.html (undated (read 2026-10-10))"
"material","mat-steel-11smnpb30","11SMnPb30 / 12L14 Free-Cutting Steel Bar","5.78","4.32","-25.26","zł/kg","updated","Carbon / micro-alloyed bar — ladder ×1.360 (book £1.17 ÷ base £0.86)","https://24metal.com/pl/prety-okragle-gladkie/419-pret-gladki-c45-fi-24-dlugosc-6000-paczka-2-tony.html (undated (read 2026-10-10))"
"material","mat-steel-30mnvs6","30MnVS6 / 46MnVS3 (microalloyed, controlled-cooled)","5.68","4.24","-25.35","zł/kg","updated","Carbon / micro-alloyed bar — ladder ×1.337 (book £1.15 ÷ base £0.86)","https://24metal.com/pl/prety-okragle-gladkie/419-pret-gladki-c45-fi-24-dlugosc-6000-paczka-2-tony.html (undated (read 2026-10-10))"
"material","mat-steel-38mnvs6","38MnVS6 (Microalloyed)","5.68","4.24","-25.35","zł/kg","updated","Carbon / micro-alloyed bar — ladder ×1.337 (book £1.15 ÷ base £0.86)","https://24metal.com/pl/prety-okragle-gladkie/419-pret-gladki-c45-fi-24-dlugosc-6000-paczka-2-tony.html (undated (read 2026-10-10))"
"material","mat-ss304-sheet","304L Stainless Sheet","11.55","12.12","4.94","zł/kg","updated","304 sheet — direct","https://eurometal.net/subdued-buying-weighs-on-european-stainless-cr-sheet-prices/ (2026-09-07) ; https://legierungszuschlag.info/en/ (2026-10-01)"
"material","mat-ss301-spring","301 Spring-Temper Stainless Strip","22.39","15.73","-29.75","zł/kg","updated","301 spring strip — ladder ×1.298 (book £4.53 ÷ base £3.49)","https://eurometal.net/subdued-buying-weighs-on-european-stainless-cr-sheet-prices/ (2026-09-07)"
"material","mat-ss316-sheet","AISI 316L Stainless Sheet","18.22","18.48","1.43","zł/kg","updated","316L sheet — direct","https://eurometal.net/subdued-buying-weighs-on-european-stainless-cr-sheet-prices/ (2026-09-07)"
"material","mat-ss316l","316L","19.53","18.48","-5.38","zł/kg","updated","316L sheet — direct","https://eurometal.net/subdued-buying-weighs-on-european-stainless-cr-sheet-prices/ (2026-09-07)"
"material","mat-aisi430","AISI 430 Ferritic SS Sheet","6.65","6.77","1.8","zł/kg","updated","430 ferritic sheet — direct","https://legierungszuschlag.info/en/ (2026-10-01)"
"material","mat-gjs500","EN-GJS-500-7 (Ductile Iron)","1.42","1.73","21.83","zł/kg","updated","Ductile / CGI / ADI / SiMo iron (charge) — the anchor grade itself","https://gmk.center/en/news/prices-for-brazilian-pig-iron-stabilised-at-475-per-tonne-in-august/ (2026-08) ; https://gmk.center/en/news/the-fall-in-scrap-prices-on-regional-markets-slowed-in-august/ (2026-08 (published 2026-09-16)) ; https://api.argusmedia.com/articles/2840817 (2026-06-16)"
"material","mat-gjs400","EN-GJS-400-15 (Ductile Iron)","1.22","1.53","25.41","zł/kg","updated","Ductile / CGI / ADI / SiMo iron (charge) — ladder +zł-0.20/kg (the book's premium: £0.82 - base £0.86)","https://gmk.center/en/news/prices-for-brazilian-pig-iron-stabilised-at-475-per-tonne-in-august/ (2026-08) ; https://gmk.center/en/news/the-fall-in-scrap-prices-on-regional-markets-slowed-in-august/ (2026-08 (published 2026-09-16)) ; https://api.argusmedia.com/articles/2840817 (2026-06-16)"
"material","mat-gjs450-ssf","EN-GJS-450-10 (solution-strengthened ferritic ductile, EN 1563:2018)","1.27","1.58","24.41","zł/kg","updated","Ductile / CGI / ADI / SiMo iron (charge) — ladder +zł-0.15/kg (the book's premium: £0.83 - base £0.86)","https://gmk.center/en/news/prices-for-brazilian-pig-iron-stabilised-at-475-per-tonne-in-august/ (2026-08) ; https://gmk.center/en/news/the-fall-in-scrap-prices-on-regional-markets-slowed-in-august/ (2026-08 (published 2026-09-16)) ; https://api.argusmedia.com/articles/2840817 (2026-06-16)"
"material","mat-gjs500-14","EN-GJS-500-14 (solution-strengthened ferritic ductile, EN 1563:2018 — knuckles, carriers)","1.32","1.63","23.48","zł/kg","updated","Ductile / CGI / ADI / SiMo iron (charge) — ladder +zł-0.10/kg (the book's premium: £0.84 - base £0.86)","https://gmk.center/en/news/prices-for-brazilian-pig-iron-stabilised-at-475-per-tonne-in-august/ (2026-08) ; https://gmk.center/en/news/the-fall-in-scrap-prices-on-regional-markets-slowed-in-august/ (2026-08 (published 2026-09-16)) ; https://api.argusmedia.com/articles/2840817 (2026-06-16)"
"material","mat-gjs600","EN-GJS-600-3 (Ductile Iron Hi-Strength)","1.62","1.93","19.14","zł/kg","updated","Ductile / CGI / ADI / SiMo iron (charge) — ladder +zł0.20/kg (the book's premium: £0.9 - base £0.86)","https://gmk.center/en/news/prices-for-brazilian-pig-iron-stabilised-at-475-per-tonne-in-august/ (2026-08) ; https://gmk.center/en/news/the-fall-in-scrap-prices-on-regional-markets-slowed-in-august/ (2026-08 (published 2026-09-16)) ; https://api.argusmedia.com/articles/2840817 (2026-06-16)"
"material","mat-gjs700","EN-GJS-700-2 (Ductile Iron Hi-Strength)","1.86","2.19","17.74","zł/kg","updated","Ductile / CGI / ADI / SiMo iron (charge) — ladder +zł0.46/kg (the book's premium: £0.95 - base £0.86)","https://gmk.center/en/news/prices-for-brazilian-pig-iron-stabilised-at-475-per-tonne-in-august/ (2026-08) ; https://gmk.center/en/news/the-fall-in-scrap-prices-on-regional-markets-slowed-in-august/ (2026-08 (published 2026-09-16)) ; https://api.argusmedia.com/articles/2840817 (2026-06-16)"
"material","mat-gjs350-lt","EN-GJS-350-22-LT (low-temperature ferritic ductile — wind hubs, impact-tested parts)","1.47","1.78","21.09","zł/kg","updated","Ductile / CGI / ADI / SiMo iron (charge) — ladder +zł0.05/kg (the book's premium: £0.87 - base £0.86)","https://gmk.center/en/news/prices-for-brazilian-pig-iron-stabilised-at-475-per-tonne-in-august/ (2026-08) ; https://gmk.center/en/news/the-fall-in-scrap-prices-on-regional-markets-slowed-in-august/ (2026-08 (published 2026-09-16)) ; https://api.argusmedia.com/articles/2840817 (2026-06-16)"
"material","mat-simo","EN-GJS-SiMo (Heat-Resistant Ductile)","3.84","4.23","10.16","zł/kg","updated","Ductile / CGI / ADI / SiMo iron (charge) — ladder +zł2.50/kg (the book's premium: £1.35 - base £0.86)","https://gmk.center/en/news/prices-for-brazilian-pig-iron-stabilised-at-475-per-tonne-in-august/ (2026-08) ; https://gmk.center/en/news/the-fall-in-scrap-prices-on-regional-markets-slowed-in-august/ (2026-08 (published 2026-09-16)) ; https://api.argusmedia.com/articles/2840817 (2026-06-16)"
"material","mat-adi","EN-GJS-800 ADI (Austempered Ductile Iron)","4.98","5.4","8.43","zł/kg","updated","Ductile / CGI / ADI / SiMo iron (charge) — ladder +zł3.67/kg (the book's premium: £1.58 - base £0.86)","https://gmk.center/en/news/prices-for-brazilian-pig-iron-stabilised-at-475-per-tonne-in-august/ (2026-08) ; https://gmk.center/en/news/the-fall-in-scrap-prices-on-regional-markets-slowed-in-august/ (2026-08 (published 2026-09-16)) ; https://api.argusmedia.com/articles/2840817 (2026-06-16)"
"material","mat-gjv450","EN-GJV-450 (Compacted Graphite Iron)","2.7","3.05","12.96","zł/kg","updated","Ductile / CGI / ADI / SiMo iron (charge) — ladder +zł1.32/kg (the book's premium: £1.12 - base £0.86)","https://gmk.center/en/news/prices-for-brazilian-pig-iron-stabilised-at-475-per-tonne-in-august/ (2026-08) ; https://gmk.center/en/news/the-fall-in-scrap-prices-on-regional-markets-slowed-in-august/ (2026-08 (published 2026-09-16)) ; https://api.argusmedia.com/articles/2840817 (2026-06-16)"
"material","mat-gjv500","EN-GJV-500 (Compacted Graphite Iron, high strength — diesel blocks, heads)","2.85","3.21","12.63","zł/kg","updated","Ductile / CGI / ADI / SiMo iron (charge) — ladder +zł1.48/kg (the book's premium: £1.15 - base £0.86)","https://gmk.center/en/news/prices-for-brazilian-pig-iron-stabilised-at-475-per-tonne-in-august/ (2026-08) ; https://gmk.center/en/news/the-fall-in-scrap-prices-on-regional-markets-slowed-in-august/ (2026-08 (published 2026-09-16)) ; https://api.argusmedia.com/articles/2840817 (2026-06-16)"
"material","mat-gjl250","EN-GJL-250","0.84","1.52","80.95","zł/kg","updated","Grey / malleable iron (charge) — the anchor grade itself","https://gmk.center/en/news/the-fall-in-scrap-prices-on-regional-markets-slowed-in-august/ (2026-08) ; https://gmk.center/en/news/prices-for-brazilian-pig-iron-stabilised-at-475-per-tonne-in-august/ (2026-08)"
"material","mat-gjl150","EN-GJL-150 (Grey Iron, low grade — covers, counterweights, bases)","0.73","1.33","82.19","zł/kg","updated","Grey / malleable iron (charge) — ladder ×0.875 (book £0.56 ÷ base £0.64)","https://gmk.center/en/news/the-fall-in-scrap-prices-on-regional-markets-slowed-in-august/ (2026-08) ; https://gmk.center/en/news/prices-for-brazilian-pig-iron-stabilised-at-475-per-tonne-in-august/ (2026-08)"
"material","mat-gjl200","EN-GJL-200 (Grey Iron)","0.78","1.43","83.33","zł/kg","updated","Grey / malleable iron (charge) — ladder ×0.938 (book £0.6 ÷ base £0.64)","https://gmk.center/en/news/the-fall-in-scrap-prices-on-regional-markets-slowed-in-august/ (2026-08) ; https://gmk.center/en/news/prices-for-brazilian-pig-iron-stabilised-at-475-per-tonne-in-august/ (2026-08)"
"material","mat-gjl300","EN-GJL-300 (Grey Iron Hi-Strength)","0.91","1.66","82.42","zł/kg","updated","Grey / malleable iron (charge) — ladder ×1.094 (book £0.7 ÷ base £0.64)","https://gmk.center/en/news/the-fall-in-scrap-prices-on-regional-markets-slowed-in-august/ (2026-08) ; https://gmk.center/en/news/prices-for-brazilian-pig-iron-stabilised-at-475-per-tonne-in-august/ (2026-08)"
"material","mat-gjl350","EN-GJL-350","0.96","1.76","83.33","zł/kg","updated","Grey / malleable iron (charge) — ladder ×1.156 (book £0.74 ÷ base £0.64)","https://gmk.center/en/news/the-fall-in-scrap-prices-on-regional-markets-slowed-in-august/ (2026-08) ; https://gmk.center/en/news/prices-for-brazilian-pig-iron-stabilised-at-475-per-tonne-in-august/ (2026-08)"
"material","mat-gjmb350","EN-GJMB-350-10 (blackheart malleable iron)","0.86","1.57","82.56","zł/kg","updated","Grey / malleable iron (charge) — ladder ×1.031 (book £0.66 ÷ base £0.64)","https://gmk.center/en/news/the-fall-in-scrap-prices-on-regional-markets-slowed-in-august/ (2026-08) ; https://gmk.center/en/news/prices-for-brazilian-pig-iron-stabilised-at-475-per-tonne-in-august/ (2026-08)"
"material","mat-gs-c25","GS-C25 (Cast Carbon Steel)","0.7","1.28","82.86","zł/kg","updated","Cast carbon / low-alloy steel (charge) — the anchor grade itself","https://gmk.center/en/news/the-fall-in-scrap-prices-on-regional-markets-slowed-in-august/ (2026-08) ; https://gmk.center/en/news/the-fall-in-scrap-prices-on-regional-markets-slowed-in-august/ (2026-08 (published 2026-09-16))"
"material","mat-astm-a216-wcb","ASTM A216 WCB (cast carbon steel — valve bodies, pump casings)","0.7","1.28","82.86","zł/kg","updated","Cast carbon / low-alloy steel (charge) — the anchor grade itself","https://gmk.center/en/news/the-fall-in-scrap-prices-on-regional-markets-slowed-in-august/ (2026-08) ; https://gmk.center/en/news/the-fall-in-scrap-prices-on-regional-markets-slowed-in-august/ (2026-08 (published 2026-09-16))"
"material","mat-g20mn5","G20Mn5 / 1.6220 (QT cast steel, automotive and structural nodes)","0.7","1.28","82.86","zł/kg","updated","Cast carbon / low-alloy steel (charge) — the anchor grade itself","https://gmk.center/en/news/the-fall-in-scrap-prices-on-regional-markets-slowed-in-august/ (2026-08) ; https://gmk.center/en/news/the-fall-in-scrap-prices-on-regional-markets-slowed-in-august/ (2026-08 (published 2026-09-16))"
"material","mat-g42crmo4","G42CrMo4 / 1.7231 (low-alloy QT cast steel)","1.39","1.99","43.17","zł/kg","updated","Cast carbon / low-alloy steel (charge) — ladder +zł0.71/kg (the book's premium: £2.24 - base £2.1)","https://gmk.center/en/news/the-fall-in-scrap-prices-on-regional-markets-slowed-in-august/ (2026-08) ; https://gmk.center/en/news/the-fall-in-scrap-prices-on-regional-markets-slowed-in-august/ (2026-08 (published 2026-09-16))"
"material","mat-ss304-cast","CF8 / 304 Cast Stainless","8.92","5.64","-36.77","zł/kg","updated","Cast stainless (charge) — the anchor grade itself","https://news.metal.com/newscontent/104124933-smm-stainless-steel-flash-indias-stainless-scrap-prices-fall-as-mills-shift-to-npi-and-billet-alternatives (2026-09-18)"
"material","mat-cf8m-cast","CF8M / 1.4408 (316 cast stainless)","14.31","11.19","-21.8","zł/kg","updated","Cast stainless (charge) — ladder +zł5.55/kg (the book's premium: £6.26 - base £5.17)","https://news.metal.com/newscontent/104124933-smm-stainless-steel-flash-indias-stainless-scrap-prices-fall-as-mills-shift-to-npi-and-billet-alternatives (2026-09-18)"
"material","mat-ca6nm-cast","CA6NM / 1.4317 (13Cr-4Ni martensitic cast stainless — pumps, turbines)","8.03","4.72","-41.22","zł/kg","updated","Cast stainless (charge) — ladder +zł-0.92/kg (the book's premium: £4.99 - base £5.17)","https://news.metal.com/newscontent/104124933-smm-stainless-steel-flash-indias-stainless-scrap-prices-fall-as-mills-shift-to-npi-and-billet-alternatives (2026-09-18)"
"material","mat-cd4mcun-cast","CD4MCuN / 1.4517 (duplex cast stainless)","15.55","12.47","-19.81","zł/kg","updated","Cast stainless (charge) — ladder +zł6.83/kg (the book's premium: £6.51 - base £5.17)","https://news.metal.com/newscontent/104124933-smm-stainless-steel-flash-indias-stainless-scrap-prices-fall-as-mills-shift-to-npi-and-billet-alternatives (2026-09-18)"
"material","mat-gx40crnisi25-20","GX40CrNiSi25-20 / 1.4848 (heat-resistant cast steel, EN 10295 — turbo housings, manifolds)","16.24","13.18","-18.84","zł/kg","updated","Cast stainless (charge) — ladder +zł7.54/kg (the book's premium: £6.65 - base £5.17)","https://news.metal.com/newscontent/104124933-smm-stainless-steel-flash-indias-stainless-scrap-prices-fall-as-mills-shift-to-npi-and-billet-alternatives (2026-09-18)"
"material","mat-17-4ph-cast","17-4PH (Investment Cast Stainless)","30.82","28.22","-8.44","zł/kg","updated","Cast stainless (charge) — ladder +zł22.58/kg (the book's premium: £9.6 - base £5.17)","https://news.metal.com/newscontent/104124933-smm-stainless-steel-flash-indias-stainless-scrap-prices-fall-as-mills-shift-to-npi-and-billet-alternatives (2026-09-18)"
"material","mat-ni-resist-d2","EN-GJSA-XNiCr20-2 (Ni-Resist D-2, austenitic ductile)","13.93","14.45","3.73","zł/kg","updated","Ni-Resist D-2 (charge) — direct","https://www.westmetall.com/de/markdaten.php (2026-09-08) ; https://news.metal.com/en/newscontent/104046674-samchrome-sets-the-reference-point-156-us-centslb-for-q3-2026-european-ferrochrome (2026-Q3)"
"material","mat-ni-resist-d5s","EN-GJSA-XNiSiCr35-5-2 (Ni-Resist D-5S — turbo housings, exhaust manifolds)","23.31","23.97","2.83","zł/kg","updated","Ni-Resist D-5S (charge) — direct","https://www.westmetall.com/de/markdaten.php (2026-09-08)"
"material","mat-hicr-white","EN-GJN-HV600(XCr23) / ASTM A532 IIIA (high-Cr white iron, wear)","3.55","4.22","18.87","zł/kg","updated","High-Cr white iron (charge) — direct","https://news.metal.com/en/newscontent/104046674-samchrome-sets-the-reference-point-156-us-centslb-for-q3-2026-european-ferrochrome (2026-Q3)"
"material","mat-adc12","ADC12 / A383","10.65","10.85","1.88","zł/kg","updated","Secondary cast aluminium (ingot) — the anchor grade itself","https://www.fastmarkets.com/insights/eu-secondary-aluminium-prices-firm-as-scrap-shortages-bite/ (2026-01-23)"
"material","mat-a380","A380 / EN AC-46000 (Al-Si Die-Cast Alloy)","10.84","11.05","1.94","zł/kg","updated","Secondary cast aluminium (ingot) — ladder ×1.018 (book £2.8 ÷ base £2.75)","https://www.fastmarkets.com/insights/eu-secondary-aluminium-prices-firm-as-scrap-shortages-bite/ (2026-01-23)"
"material","mat-a413","A413 / AlSi12 (Eutectic Die Cast)","10.65","10.85","1.88","zł/kg","updated","Secondary cast aluminium (ingot) — the anchor grade itself","https://www.fastmarkets.com/insights/eu-secondary-aluminium-prices-firm-as-scrap-shortages-bite/ (2026-01-23)"
"material","mat-a319","A319 / AlSi6Cu4","11.5","11.72","1.91","zł/kg","updated","Secondary cast aluminium (ingot) — ladder ×1.080 (book £2.97 ÷ base £2.75)","https://www.fastmarkets.com/insights/eu-secondary-aluminium-prices-firm-as-scrap-shortages-bite/ (2026-01-23)"
"material","mat-lm4","LM4 / AlSi5Cu3 (secondary, sand / gravity)","11.26","11.48","1.95","zł/kg","updated","Secondary cast aluminium (ingot) — ladder ×1.058 (book £2.91 ÷ base £2.75)","https://www.fastmarkets.com/insights/eu-secondary-aluminium-prices-firm-as-scrap-shortages-bite/ (2026-01-23)"
"material","mat-en-ac-46200","EN AC-46200 (AlSi8Cu3, gravity / low-pressure — cylinder heads, housings)","11.04","11.24","1.81","zł/kg","updated","Secondary cast aluminium (ingot) — ladder ×1.036 (book £2.85 ÷ base £2.75)","https://www.fastmarkets.com/insights/eu-secondary-aluminium-prices-firm-as-scrap-shortages-bite/ (2026-01-23)"
"material","mat-adc12-secondary","ADC12 Secondary (recycled)","10.65","10.85","1.88","zł/kg","updated","Secondary ADC12 — direct","https://www.fastmarkets.com/insights/eu-secondary-aluminium-prices-firm-as-scrap-shortages-bite/ (2026-01-23)"
"material","mat-lm25","LM25 / A356","15.08","16.35","8.42","zł/kg","updated","Primary-based cast aluminium — the anchor grade itself","https://www.fastmarkets.com/insights/correction-to-european-aluminium-pfa-prices-published-in-error-on-may-22/ ; https://www.alcircle.com/news/lme-aluminium-cash-bid-slips-to-3-248-as-live-warrants-fall-4-5-on-september-28-121346 (2026-05-29 / 2026-09-28) ; https://www.fastmarkets.com/insights/correction-to-european-aluminium-pfa-prices-published-in-error-on-may-22/ (2026-05-29)"
"material","mat-a365","A365 / AlSi7Mg","14.1","16.35","15.96","zł/kg","updated","Primary-based cast aluminium — the anchor grade itself","https://www.fastmarkets.com/insights/correction-to-european-aluminium-pfa-prices-published-in-error-on-may-22/ ; https://www.alcircle.com/news/lme-aluminium-cash-bid-slips-to-3-248-as-live-warrants-fall-4-5-on-september-28-121346 (2026-05-29 / 2026-09-28) ; https://www.fastmarkets.com/insights/correction-to-european-aluminium-pfa-prices-published-in-error-on-may-22/ (2026-05-29)"
"material","mat-alsi10mg","AlSi10Mg / EN AC-43000 (≈ A360)","14.62","16.35","11.83","zł/kg","updated","Primary-based cast aluminium — the anchor grade itself","https://www.fastmarkets.com/insights/correction-to-european-aluminium-pfa-prices-published-in-error-on-may-22/ ; https://www.alcircle.com/news/lme-aluminium-cash-bid-slips-to-3-248-as-live-warrants-fall-4-5-on-september-28-121346 (2026-05-29 / 2026-09-28) ; https://www.fastmarkets.com/insights/correction-to-european-aluminium-pfa-prices-published-in-error-on-may-22/ (2026-05-29)"
"material","mat-a390","A390 / AlSi17Cu (Hypereutectic)","16.7","18.11","8.44","zł/kg","updated","Primary-based cast aluminium — ladder ×1.107 (book £3.3 ÷ base £2.98)","https://www.fastmarkets.com/insights/correction-to-european-aluminium-pfa-prices-published-in-error-on-may-22/ ; https://www.alcircle.com/news/lme-aluminium-cash-bid-slips-to-3-248-as-live-warrants-fall-4-5-on-september-28-121346 (2026-05-29 / 2026-09-28) ; https://www.fastmarkets.com/insights/correction-to-european-aluminium-pfa-prices-published-in-error-on-may-22/ (2026-05-29)"
"material","mat-a357","A357 / AlSi7Mg0.6 (Premium T6)","16.19","17.56","8.46","zł/kg","updated","Primary-based cast aluminium — ladder ×1.074 (book £3.2 ÷ base £2.98)","https://www.fastmarkets.com/insights/correction-to-european-aluminium-pfa-prices-published-in-error-on-may-22/ ; https://www.alcircle.com/news/lme-aluminium-cash-bid-slips-to-3-248-as-live-warrants-fall-4-5-on-september-28-121346 (2026-05-29 / 2026-09-28) ; https://www.fastmarkets.com/insights/correction-to-european-aluminium-pfa-prices-published-in-error-on-may-22/ (2026-05-29)"
"material","mat-lm6","LM6 / EN AC-44100 (AlSi12, gravity / sand)","14.78","16.35","10.62","zł/kg","updated","Primary-based cast aluminium — the anchor grade itself","https://www.fastmarkets.com/insights/correction-to-european-aluminium-pfa-prices-published-in-error-on-may-22/ ; https://www.alcircle.com/news/lme-aluminium-cash-bid-slips-to-3-248-as-live-warrants-fall-4-5-on-september-28-121346 (2026-05-29 / 2026-09-28) ; https://www.fastmarkets.com/insights/correction-to-european-aluminium-pfa-prices-published-in-error-on-may-22/ (2026-05-29)"
"material","mat-almg5-cast","EN AC-51300 (AlMg5, marine sand / gravity)","15.59","16.9","8.4","zł/kg","updated","Primary-based cast aluminium — ladder ×1.034 (book £3.08 ÷ base £2.98)","https://www.fastmarkets.com/insights/correction-to-european-aluminium-pfa-prices-published-in-error-on-may-22/ ; https://www.alcircle.com/news/lme-aluminium-cash-bid-slips-to-3-248-as-live-warrants-fall-4-5-on-september-28-121346 (2026-05-29 / 2026-09-28) ; https://www.fastmarkets.com/insights/correction-to-european-aluminium-pfa-prices-published-in-error-on-may-22/ (2026-05-29)"
"material","mat-a206","A206 / AlCu4.5MgTi (high-strength premium casting)","18.42","19.97","8.41","zł/kg","updated","Primary-based cast aluminium — ladder ×1.221 (book £3.64 ÷ base £2.98)","https://www.fastmarkets.com/insights/correction-to-european-aluminium-pfa-prices-published-in-error-on-may-22/ ; https://www.alcircle.com/news/lme-aluminium-cash-bid-slips-to-3-248-as-live-warrants-fall-4-5-on-september-28-121346 (2026-05-29 / 2026-09-28) ; https://www.fastmarkets.com/insights/correction-to-european-aluminium-pfa-prices-published-in-error-on-may-22/ (2026-05-29)"
"material","mat-en-ac-45300","EN AC-45300 (AlSi5Cu1Mg / C355 — cylinder heads, T6)","15.74","17.06","8.39","zł/kg","updated","Primary-based cast aluminium — ladder ×1.044 (book £3.11 ÷ base £2.98)","https://www.fastmarkets.com/insights/correction-to-european-aluminium-pfa-prices-published-in-error-on-may-22/ ; https://www.alcircle.com/news/lme-aluminium-cash-bid-slips-to-3-248-as-live-warrants-fall-4-5-on-september-28-121346 (2026-05-29 / 2026-09-28) ; https://www.fastmarkets.com/insights/correction-to-european-aluminium-pfa-prices-published-in-error-on-may-22/ (2026-05-29)"
"material","mat-lm13","LM13 / EN AC-48000 (AlSi12CuNiMg — pistons)","15.59","16.9","8.4","zł/kg","updated","Primary-based cast aluminium — ladder ×1.034 (book £3.08 ÷ base £2.98)","https://www.fastmarkets.com/insights/correction-to-european-aluminium-pfa-prices-published-in-error-on-may-22/ ; https://www.alcircle.com/news/lme-aluminium-cash-bid-slips-to-3-248-as-live-warrants-fall-4-5-on-september-28-121346 (2026-05-29 / 2026-09-28) ; https://www.fastmarkets.com/insights/correction-to-european-aluminium-pfa-prices-published-in-error-on-may-22/ (2026-05-29)"
"material","mat-aural5","Aural-5 (AlSi9MnMg, Rheinfelden)","15.54","16.84","8.37","zł/kg","updated","Primary-based cast aluminium — ladder ×1.030 (book £3.07 ÷ base £2.98)","https://www.fastmarkets.com/insights/correction-to-european-aluminium-pfa-prices-published-in-error-on-may-22/ ; https://www.alcircle.com/news/lme-aluminium-cash-bid-slips-to-3-248-as-live-warrants-fall-4-5-on-september-28-121346 (2026-05-29 / 2026-09-28) ; https://www.fastmarkets.com/insights/correction-to-european-aluminium-pfa-prices-published-in-error-on-may-22/ (2026-05-29)"
"material","mat-silafont36","Silafont-36 (AlSi10MnMg)","15.69","17.01","8.41","zł/kg","updated","Primary-based cast aluminium — ladder ×1.040 (book £3.1 ÷ base £2.98)","https://www.fastmarkets.com/insights/correction-to-european-aluminium-pfa-prices-published-in-error-on-may-22/ ; https://www.alcircle.com/news/lme-aluminium-cash-bid-slips-to-3-248-as-live-warrants-fall-4-5-on-september-28-121346 (2026-05-29 / 2026-09-28) ; https://www.fastmarkets.com/insights/correction-to-european-aluminium-pfa-prices-published-in-error-on-may-22/ (2026-05-29)"
"material","mat-castasil37","Castasil-37 (AlSi9MnMoZr)","15.33","16.62","8.41","zł/kg","updated","Primary-based cast aluminium — ladder ×1.017 (book £3.03 ÷ base £2.98)","https://www.fastmarkets.com/insights/correction-to-european-aluminium-pfa-prices-published-in-error-on-may-22/ ; https://www.alcircle.com/news/lme-aluminium-cash-bid-slips-to-3-248-as-live-warrants-fall-4-5-on-september-28-121346 (2026-05-29 / 2026-09-28) ; https://www.fastmarkets.com/insights/correction-to-european-aluminium-pfa-prices-published-in-error-on-may-22/ (2026-05-29)"
"material","mat-magsimal59","Magsimal-59 (AlMg5Si2Mn)","15.94","17.28","8.41","zł/kg","updated","Primary-based cast aluminium — ladder ×1.057 (book £3.15 ÷ base £2.98)","https://www.fastmarkets.com/insights/correction-to-european-aluminium-pfa-prices-published-in-error-on-may-22/ ; https://www.alcircle.com/news/lme-aluminium-cash-bid-slips-to-3-248-as-live-warrants-fall-4-5-on-september-28-121346 (2026-05-29 / 2026-09-28) ; https://www.fastmarkets.com/insights/correction-to-european-aluminium-pfa-prices-published-in-error-on-may-22/ (2026-05-29)"
"material","mat-al-hpdc-lowco2","Low-CO₂ Recycled HPDC (AlSi10MnMg)","15.18","16.46","8.43","zł/kg","updated","Primary-based cast aluminium — ladder ×1.007 (book £3 ÷ base £2.98)","https://www.fastmarkets.com/insights/correction-to-european-aluminium-pfa-prices-published-in-error-on-may-22/ ; https://www.alcircle.com/news/lme-aluminium-cash-bid-slips-to-3-248-as-live-warrants-fall-4-5-on-september-28-121346 (2026-05-29 / 2026-09-28) ; https://www.fastmarkets.com/insights/correction-to-european-aluminium-pfa-prices-published-in-error-on-may-22/ (2026-05-29)"
"material","mat-htf-gigacast","Heat-Treat-Free Giga-Casting Alloy (Xiaomi Titan / Tesla-class)","16.7","18.11","8.44","zł/kg","updated","Primary-based cast aluminium — ladder ×1.107 (book £3.3 ÷ base £2.98)","https://www.fastmarkets.com/insights/correction-to-european-aluminium-pfa-prices-published-in-error-on-may-22/ ; https://www.alcircle.com/news/lme-aluminium-cash-bid-slips-to-3-248-as-live-warrants-fall-4-5-on-september-28-121346 (2026-05-29 / 2026-09-28) ; https://www.fastmarkets.com/insights/correction-to-european-aluminium-pfa-prices-published-in-error-on-may-22/ (2026-05-29)"
"material","mat-al6061-forge","6061 (Al Forging Stock)","16.9","16.9","0","zł/kg","held (evidence agrees)","Aluminium forging stock (floor) — held (already above the metal it contains)","https://www.alcircle.com/news/lme-aluminium-cash-bid-slips-to-3-248-as-live-warrants-fall-4-5-on-september-28-121346 ; https://www.fastmarkets.com/insights/final-decision-on-open-consultation-on-methodology-review-for-aluminium-extrusion-billet-premiums-ddp-italy-ddp-north-germany-ddp-spain-in-relation-to-cbam/ (2026-08-28 / 2026-09-28)"
"material","mat-al6082-forge","6082 (Al Forging Stock)","16.4","16.75","2.13","zł/kg","updated","Aluminium forging stock (floor) — floor (raised to metal content)","https://www.alcircle.com/news/lme-aluminium-cash-bid-slips-to-3-248-as-live-warrants-fall-4-5-on-september-28-121346 ; https://www.fastmarkets.com/insights/final-decision-on-open-consultation-on-methodology-review-for-aluminium-extrusion-billet-premiums-ddp-italy-ddp-north-germany-ddp-spain-in-relation-to-cbam/ (2026-08-28 / 2026-09-28)"
"material","mat-al2014-forge","2014 (Al-Cu forging stock — aero and automotive)","18.17","18.17","0","zł/kg","held (evidence agrees)","Aluminium forging stock (floor) — held (already above the metal it contains)","https://www.alcircle.com/news/lme-aluminium-cash-bid-slips-to-3-248-as-live-warrants-fall-4-5-on-september-28-121346 ; https://www.fastmarkets.com/insights/final-decision-on-open-consultation-on-methodology-review-for-aluminium-extrusion-billet-premiums-ddp-italy-ddp-north-germany-ddp-spain-in-relation-to-cbam/ (2026-08-28 / 2026-09-28)"
"material","mat-al7075-forge","7075 (Al Forging Stock)","23.28","23.28","0","zł/kg","held (evidence agrees)","Aluminium forging stock (floor) — held (already above the metal it contains)","https://www.alcircle.com/news/lme-aluminium-cash-bid-slips-to-3-248-as-live-warrants-fall-4-5-on-september-28-121346 ; https://www.fastmarkets.com/insights/final-decision-on-open-consultation-on-methodology-review-for-aluminium-extrusion-billet-premiums-ddp-italy-ddp-north-germany-ddp-spain-in-relation-to-cbam/ (2026-08-28 / 2026-09-28)"
"material","mat-al2618-forge","2618 (Al-Cu Piston/Aero)","26.21","26.21","0","zł/kg","held (evidence agrees)","Aluminium forging stock (floor) — held (already above the metal it contains)","https://www.alcircle.com/news/lme-aluminium-cash-bid-slips-to-3-248-as-live-warrants-fall-4-5-on-september-28-121346 ; https://www.fastmarkets.com/insights/final-decision-on-open-consultation-on-methodology-review-for-aluminium-extrusion-billet-premiums-ddp-italy-ddp-north-germany-ddp-spain-in-relation-to-cbam/ (2026-08-28 / 2026-09-28)"
"material","mat-al7050-forge","7050 (Al-Zn Aero Forging Stock)","43.01","43.01","0","zł/kg","held (evidence agrees)","Aluminium forging stock (floor) — held (already above the metal it contains)","https://www.alcircle.com/news/lme-aluminium-cash-bid-slips-to-3-248-as-live-warrants-fall-4-5-on-september-28-121346 ; https://www.fastmarkets.com/insights/final-decision-on-open-consultation-on-methodology-review-for-aluminium-extrusion-billet-premiums-ddp-italy-ddp-north-germany-ddp-spain-in-relation-to-cbam/ (2026-08-28 / 2026-09-28)"
"material","mat-aa5182","AA5182","16.14","18.2","12.76","zł/kg","updated","Aluminium sheet and plate (floor) — floor (raised to metal content)","https://www.sec.gov/Archives/edgar/data/0001304280/000130428026000019/nvl-20260331.htm (2025-04-01 to 2026-03-31) ; https://www.atreon.pl/blacha-aluminiowa-6x1250x2500--5754-z-folia/ (page read via search Oct 2026 (price undated))"
"material","mat-aa5052","AA5052-H32 Sheet","16.14","18.2","12.76","zł/kg","updated","Aluminium sheet and plate (floor) — floor (raised to metal content)","https://www.sec.gov/Archives/edgar/data/0001304280/000130428026000019/nvl-20260331.htm (2025-04-01 to 2026-03-31) ; https://www.atreon.pl/blacha-aluminiowa-6x1250x2500--5754-z-folia/ (page read via search Oct 2026 (price undated))"
"material","mat-aa5083","AA5083-H111 Sheet","17.21","18.2","5.75","zł/kg","updated","Aluminium sheet and plate (floor) — floor (raised to metal content)","https://www.sec.gov/Archives/edgar/data/0001304280/000130428026000019/nvl-20260331.htm (2025-04-01 to 2026-03-31) ; https://www.atreon.pl/blacha-aluminiowa-6x1250x2500--5754-z-folia/ (page read via search Oct 2026 (price undated))"
"material","mat-aa6082-sheet","AA6082-T6 Sheet","18.01","18.2","1.05","zł/kg","updated","Aluminium sheet and plate (floor) — floor (raised to metal content)","https://www.sec.gov/Archives/edgar/data/0001304280/000130428026000019/nvl-20260331.htm (2025-04-01 to 2026-03-31) ; https://www.atreon.pl/blacha-aluminiowa-6x1250x2500--5754-z-folia/ (page read via search Oct 2026 (price undated))"
"material","mat-aa5754-sheet","AA5754-H22 Sheet","16.8","18.2","8.33","zł/kg","updated","Aluminium sheet and plate (floor) — floor (raised to metal content)","https://www.sec.gov/Archives/edgar/data/0001304280/000130428026000019/nvl-20260331.htm (2025-04-01 to 2026-03-31) ; https://www.atreon.pl/blacha-aluminiowa-6x1250x2500--5754-z-folia/ (page read via search Oct 2026 (price undated))"
"material","mat-aa6061-sheet","AA6061-T6 Sheet/Plate","18.52","18.52","0","zł/kg","held (evidence agrees)","Aluminium sheet and plate (floor) — held (already above the metal it contains)","https://www.sec.gov/Archives/edgar/data/0001304280/000130428026000019/nvl-20260331.htm (2025-04-01 to 2026-03-31) ; https://www.atreon.pl/blacha-aluminiowa-6x1250x2500--5754-z-folia/ (page read via search Oct 2026 (price undated))"
"material","mat-aa6063-sheet","AA6063-T5 Sheet","17.66","18.2","3.06","zł/kg","updated","Aluminium sheet and plate (floor) — floor (raised to metal content)","https://www.sec.gov/Archives/edgar/data/0001304280/000130428026000019/nvl-20260331.htm (2025-04-01 to 2026-03-31) ; https://www.atreon.pl/blacha-aluminiowa-6x1250x2500--5754-z-folia/ (page read via search Oct 2026 (price undated))"
"material","mat-aa3003-sheet","AA3003-H14 Sheet","15.13","18.2","20.29","zł/kg","updated","Aluminium sheet and plate (floor) — floor (raised to metal content)","https://www.sec.gov/Archives/edgar/data/0001304280/000130428026000019/nvl-20260331.htm (2025-04-01 to 2026-03-31) ; https://www.atreon.pl/blacha-aluminiowa-6x1250x2500--5754-z-folia/ (page read via search Oct 2026 (price undated))"
"material","mat-al-busbar","Aluminium Busbar (EV / battery)","18.93","18.93","0","zł/kg","held (evidence agrees)","Aluminium sheet and plate (floor) — held (already above the metal it contains)","https://www.sec.gov/Archives/edgar/data/0001304280/000130428026000019/nvl-20260331.htm (2025-04-01 to 2026-03-31) ; https://www.atreon.pl/blacha-aluminiowa-6x1250x2500--5754-z-folia/ (page read via search Oct 2026 (price undated))"
"material","mat-aa6016-t4","AA6016-T4 Sheet (Auto Skin)","17.66","18.2","3.06","zł/kg","updated","Aluminium sheet and plate (floor) — floor (raised to metal content)","https://www.sec.gov/Archives/edgar/data/0001304280/000130428026000019/nvl-20260331.htm (2025-04-01 to 2026-03-31) ; https://www.atreon.pl/blacha-aluminiowa-6x1250x2500--5754-z-folia/ (page read via search Oct 2026 (price undated))"
"material","mat-aa6111-t4","AA6111-T4 Sheet (Auto Skin)","18.42","18.42","0","zł/kg","held (evidence agrees)","Aluminium sheet and plate (floor) — held (already above the metal it contains)","https://www.sec.gov/Archives/edgar/data/0001304280/000130428026000019/nvl-20260331.htm (2025-04-01 to 2026-03-31) ; https://www.atreon.pl/blacha-aluminiowa-6x1250x2500--5754-z-folia/ (page read via search Oct 2026 (price undated))"
"material","mat-aa7075-t6","AA7075-T6 Sheet/Plate","34.41","34.41","0","zł/kg","held (evidence agrees)","Aluminium sheet and plate (floor) — held (already above the metal it contains)","https://www.sec.gov/Archives/edgar/data/0001304280/000130428026000019/nvl-20260331.htm (2025-04-01 to 2026-03-31) ; https://www.atreon.pl/blacha-aluminiowa-6x1250x2500--5754-z-folia/ (page read via search Oct 2026 (price undated))"
"material","mat-aa1050-sheet","AA1050A-H14 Sheet (heat shields, reflectors)","15.23","18.2","19.5","zł/kg","updated","Aluminium sheet and plate (floor) — floor (raised to metal content)","https://www.sec.gov/Archives/edgar/data/0001304280/000130428026000019/nvl-20260331.htm (2025-04-01 to 2026-03-31) ; https://www.atreon.pl/blacha-aluminiowa-6x1250x2500--5754-z-folia/ (page read via search Oct 2026 (price undated))"
"material","mat-c101-bar","C101 / CW004A ETP Copper Bar (busbar, electrodes)","56.86","57.95","1.92","zł/kg","updated","ETP copper bar / sheet (floor) — floor (raised to metal content)","https://www.tacto.ai/en/commodities/copper-price ; https://www.kitco.com/news/off-the-wire/2025-10-07/aurubis-hikes-2026-european-copper-premium-record (2026-09-25) ; https://www.kitco.com/news/off-the-wire/2025-10-07/aurubis-hikes-2026-european-copper-premium-record (2026 contract year (announced 2025-10-07))"
"material","mat-c110-copper","C110 ETP Copper Sheet","56.86","57.95","1.92","zł/kg","updated","ETP copper bar / sheet (floor) — floor (raised to metal content)","https://www.tacto.ai/en/commodities/copper-price ; https://www.kitco.com/news/off-the-wire/2025-10-07/aurubis-hikes-2026-european-copper-premium-record (2026-09-25) ; https://www.kitco.com/news/off-the-wire/2025-10-07/aurubis-hikes-2026-european-copper-premium-record (2026 contract year (announced 2025-10-07))"
"material","mat-cu-hairpin","Rectangular Enamelled Hairpin Copper (winding)","70.34","70.34","0","zł/kg","held (evidence agrees)","ETP copper bar / sheet (floor) — held (already above the metal it contains)","https://www.tacto.ai/en/commodities/copper-price ; https://www.kitco.com/news/off-the-wire/2025-10-07/aurubis-hikes-2026-european-copper-premium-record (2026-09-25) ; https://www.kitco.com/news/off-the-wire/2025-10-07/aurubis-hikes-2026-european-copper-premium-record (2026 contract year (announced 2025-10-07))"
"material","mat-brass-cz121","CZ121 / CW614N Free-Machining Brass","42.89","48.07","12.08","zł/kg","updated","Free-machining / forging brass rod (floor) — floor (raised to metal content)","https://www.westmetall.com/de/markdaten.php (2026-09-09)"
"material","mat-brass-cz122-forge","CZ122 / CW617N (Forging Brass)","42.89","48.07","12.08","zł/kg","updated","Free-machining / forging brass rod (floor) — floor (raised to metal content)","https://www.westmetall.com/de/markdaten.php (2026-09-09)"
"material","mat-cz108-brass","CZ108 Brass Sheet (70/30)","42.61","49.95","17.23","zł/kg","updated","70/30 and 63/37 brass sheet (floor) — floor (raised to metal content)","https://www.westmetall.com/de/markdaten.php (2026-09-09)"
"material","mat-bronze-pb1","PB1 Phosphor Bronze Bar","72.99","73.76","1.05","zł/kg","updated","Phosphor / tin bronze (floor) — floor (raised to metal content)","https://www.tacto.ai/en/commodities/copper-price ; https://www.kitco.com/news/off-the-wire/2025-10-07/aurubis-hikes-2026-european-copper-premium-record (2026-09-25) ; https://www.westmetall.com/de/markdaten.php (2026-09-08)"
"material","mat-bronze-c905","C905 Phosphor Bronze","69.12","73.76","6.71","zł/kg","updated","Phosphor / tin bronze (floor) — floor (raised to metal content)","https://www.tacto.ai/en/commodities/copper-price ; https://www.kitco.com/news/off-the-wire/2025-10-07/aurubis-hikes-2026-european-copper-premium-record (2026-09-25) ; https://www.westmetall.com/de/markdaten.php (2026-09-08)"
"material","mat-cusn12-cast","CC483K / CuSn12-C (tin bronze — worm wheels, gear rims, bearings)","73.02","73.76","1.01","zł/kg","updated","Phosphor / tin bronze (floor) — floor (raised to metal content)","https://www.tacto.ai/en/commodities/copper-price ; https://www.kitco.com/news/off-the-wire/2025-10-07/aurubis-hikes-2026-european-copper-premium-record (2026-09-25) ; https://www.westmetall.com/de/markdaten.php (2026-09-08)"
"material","mat-zamak3","Zamak 3 (Zinc Die Cast)","16.14","16.61","2.91","zł/kg","updated","Zamak 3 (floor) — floor (raised to metal content)","https://www.westmetall.com/de/markdaten.php ; https://www.argusmedia.com/metals-platform/price/assessment/zinc-special-high-grade-in-warehouse-rotterdam-premium-prices-PA00191000000 (2026-09-08) ; https://www.alcircle.com/news/lme-aluminium-cash-bid-slips-to-3-248-as-live-warrants-fall-4-5-on-september-28-121346 ; https://www.fastmarkets.com/insights/correction-to-rationale-of-aluminium-p1020a-premium-in-whs-dp-rotterdam-index/ (2026-09-15 / 2026-09-28)"
"material","mat-zamak5","Zamak 5 (Zinc Die Cast, Hi-Strength)","16.4","17.02","3.78","zł/kg","updated","Zamak 5 (floor) — floor (raised to metal content)","https://www.westmetall.com/de/markdaten.php ; https://www.argusmedia.com/metals-platform/price/assessment/zinc-special-high-grade-in-warehouse-rotterdam-premium-prices-PA00191000000 (2026-09-08)"
"material","mat-pp-homo","PP Homopolymer (MFI 12)","4.83","5.11","5.8","zł/kg","updated","PP family — the anchor grade itself","https://www.plasticportal.eu/price-reports (2026-W37 (page updated 2026-10-01))"
"material","mat-pp","PP Copolymer","5.61","5.94","5.88","zł/kg","updated","PP family — ladder ×1.162 (book £1.15 ÷ base £0.99)","https://www.plasticportal.eu/price-reports (2026-W37 (page updated 2026-10-01))"
"material","mat-pp-impact","PP Impact Copolymer (PP-B)","5.08","5.37","5.71","zł/kg","updated","PP family — ladder ×1.051 (book £1.04 ÷ base £0.99)","https://www.plasticportal.eu/price-reports (2026-W37 (page updated 2026-10-01))"
"material","mat-pp-bm","PP Blow Grade (MFI 1.0, random co-polymer)","5.42","5.73","5.72","zł/kg","updated","PP family — ladder ×1.121 (book £1.11 ÷ base £0.99)","https://www.plasticportal.eu/price-reports (2026-W37 (page updated 2026-10-01))"
"material","mat-pp-ext-sheet","PP Extrusion Sheet Grade","5.66","5.66","0","zł/kg","held (already a Poland-specific price)","PP family — the country table's Poland price £1.11/kg outranks the ladder",""
"material","mat-ppr-pipe","PP-R Pipe Grade (random copolymer, hot & cold water)","5.78","6.04","4.5","zł/kg","updated","PP family — ladder ×1.182 (book £1.17 ÷ base £0.99)","https://www.plasticportal.eu/price-reports (2026-W37 (page updated 2026-10-01))"
"material","mat-pp-roto","PP Roto Powder","7.23","7.64","5.67","zł/kg","updated","PP family — ladder ×1.495 (book £1.48 ÷ base £0.99)","https://www.plasticportal.eu/price-reports (2026-W37 (page updated 2026-10-01))"
"material","mat-pp-tf","PP Thermoforming Sheet (HMS)","6.47","6.47","0","zł/kg","held (already a Poland-specific price)","PP family — the country table's Poland price £1.27/kg outranks the ladder",""
"material","mat-hdpe","HDPE","5.13","5.47","6.63","zł/kg","updated","PE family — the anchor grade itself","https://www.plasticportal.eu/price-reports (2026-W37 (page updated 2026-10-01))"
"material","mat-hdpe-bm","HDPE Blow Grade (jerry can / drum)","5.57","5.94","6.64","zł/kg","updated","PE family — ladder ×1.086 (book £1.14 ÷ base £1.05)","https://www.plasticportal.eu/price-reports (2026-W37 (page updated 2026-10-01))"
"material","mat-hdpe-fuel-coex","HDPE Coex Fuel-Tank Grade (6-layer/EVOH)","7.52","8.02","6.65","zł/kg","updated","PE family — ladder ×1.467 (book £1.54 ÷ base £1.05)","https://www.plasticportal.eu/price-reports (2026-W37 (page updated 2026-10-01))"
"material","mat-pe100-pipe","PE100 Pipe Grade (black, PE4710)","6.42","6.42","0","zł/kg","held (already a Poland-specific price)","PE family — the country table's Poland price £1.26/kg outranks the ladder",""
"material","mat-pe80-pipe","PE80 Pipe Grade","6.12","6.12","0","zł/kg","held (already a Poland-specific price)","PE family — the country table's Poland price £1.2/kg outranks the ladder",""
"material","mat-hdpe-profile","HDPE Extrusion Grade (profile / tube / conduit)","5.19","5.47","5.39","zł/kg","updated","PE family — the anchor grade itself","https://www.plasticportal.eu/price-reports (2026-W37 (page updated 2026-10-01))"
"material","mat-hdpe-roto","HDPE Roto Powder","6.3","6.72","6.67","zł/kg","updated","PE family — ladder ×1.229 (book £1.29 ÷ base £1.05)","https://www.plasticportal.eu/price-reports (2026-W37 (page updated 2026-10-01))"
"material","mat-xlpe-roto","Cross-Linked PE (XLPE) Roto","8.6","9.06","5.35","zł/kg","updated","PE family — ladder ×1.657 (book £1.74 ÷ base £1.05)","https://www.plasticportal.eu/price-reports (2026-W37 (page updated 2026-10-01))"
"material","mat-fr-pe-roto","Flame-Retardant PE Roto","13.25","13.96","5.36","zł/kg","updated","PE family — ladder ×2.552 (book £2.68 ÷ base £1.05)","https://www.plasticportal.eu/price-reports (2026-W37 (page updated 2026-10-01))"
"material","mat-foam-pe-roto","Foamable PE Roto (structural foam core)","9.84","10.37","5.39","zł/kg","updated","PE family — ladder ×1.895 (book £1.99 ÷ base £1.05)","https://www.plasticportal.eu/price-reports (2026-W37 (page updated 2026-10-01))"
"material","mat-cond-pe-roto","Conductive/Antistatic PE Roto","12.31","12.97","5.36","zł/kg","updated","PE family — ladder ×2.371 (book £2.49 ÷ base £1.05)","https://www.plasticportal.eu/price-reports (2026-W37 (page updated 2026-10-01))"
"material","mat-hdpe-tf","HDPE Thermoforming Sheet","5.96","5.96","0","zł/kg","held (already a Poland-specific price)","PE family — the country table's Poland price £1.17/kg outranks the ladder",""
"material","mat-pex-pipe","PE-Xb Crosslinkable Pipe Compound (silane, Monosil)","7.96","8.39","5.4","zł/kg","updated","PE family — ladder ×1.533 (book £1.61 ÷ base £1.05)","https://www.plasticportal.eu/price-reports (2026-W37 (page updated 2026-10-01))"
"material","mat-ldpe","LDPE (2426H)","5.32","5.58","4.89","zł/kg","updated","LDPE family — the anchor grade itself","https://www.plasticportal.eu/price-reports (2026-W37 (page updated 2026-10-01))"
"material","mat-ldpe-bm","LDPE Blow Grade","5.86","6.14","4.78","zł/kg","updated","LDPE family — ladder ×1.101 (book £1.2 ÷ base £1.09)","https://www.plasticportal.eu/price-reports (2026-W37 (page updated 2026-10-01))"
"material","mat-ldpe-tube","LDPE Extrusion Grade (soft tube, cable sheath)","5.39","5.58","3.53","zł/kg","updated","LDPE family — the anchor grade itself","https://www.plasticportal.eu/price-reports (2026-W37 (page updated 2026-10-01))"
"material","mat-ldpe-tf","LDPE Thermoforming Sheet","7.34","7.34","0","zł/kg","held (already a Poland-specific price)","LDPE family — the country table's Poland price £1.44/kg outranks the ladder",""
"material","mat-lldpe","LLDPE C6","5.13","5.45","6.24","zł/kg","updated","LLDPE family — the anchor grade itself","https://www.plasticportal.eu/price-reports (2026-W37 (page updated 2026-10-01))"
"material","mat-lldpe-bm","LLDPE Blow Grade","5.71","6.07","6.3","zł/kg","updated","LLDPE family — ladder ×1.114 (book £1.17 ÷ base £1.05)","https://www.plasticportal.eu/price-reports (2026-W37 (page updated 2026-10-01))"
"material","mat-lldpe-roto","LLDPE Roto Powder (natural)","7.18","7.63","6.27","zł/kg","updated","LLDPE family — ladder ×1.400 (book £1.47 ÷ base £1.05)","https://www.plasticportal.eu/price-reports (2026-W37 (page updated 2026-10-01))"
"material","mat-upvc","Rigid PVC (uPVC pipe grade)","5.44","4.34","-20.22","zł/kg","updated","PVC family — the anchor grade itself","https://www.plasticportal.eu/price-reports (2026-W37 (page updated 2026-10-01))"
"material","mat-fpvc","Flexible PVC (fPVC plasticised)","5.42","6.34","16.97","zł/kg","updated","PVC family — ladder ×1.461 (book £1.11 ÷ base £0.76)","https://www.plasticportal.eu/price-reports (2026-W37 (page updated 2026-10-01))"
"material","mat-pvc-bm","PVC Rigid Blow Grade (uPVC bottle grade)","5.44","4.85","-10.85","zł/kg","updated","PVC family — ladder ×1.118 (book £0.85 ÷ base £0.76)","https://www.plasticportal.eu/price-reports (2026-W37 (page updated 2026-10-01))"
"material","mat-upvc-pipe","uPVC Pipe Compound (K67, dry-blend)","3.97","3.97","0","zł/kg","held (already a Poland-specific price)","PVC family — the country table's Poland price £0.78/kg outranks the ladder",""
"material","mat-pvc-cable","PVC Cable Compound (flexible, insulation)","6.22","6.22","0","zł/kg","held (already a Poland-specific price)","PVC family — the country table's Poland price £1.22/kg outranks the ladder",""
"material","mat-upvc-window-profile","PVC-U Window Profile Compound (impact-modified, Ca-Zn)","6.38","7.37","15.52","zł/kg","updated","PVC family — ladder ×1.697 (book £1.29 ÷ base £0.76)","https://www.plasticportal.eu/price-reports (2026-W37 (page updated 2026-10-01))"
"material","mat-pvcp-profile","PVC-P Flexible Profile / Seal Compound (70 Shore A)","7.61","8.79","15.51","zł/kg","updated","PVC family — ladder ×2.026 (book £1.54 ÷ base £0.76)","https://www.plasticportal.eu/price-reports (2026-W37 (page updated 2026-10-01))"
"material","mat-pvc-foam","Rigid PVC Foam (Celuka) Profile","5.2","5.2","0","zł/kg","held (already a Poland-specific price)","PVC family — the country table's Poland price £1.02/kg outranks the ladder",""
"material","mat-rpvc-tf","Rigid PVC Thermoforming Sheet","6.27","6.27","0","zł/kg","held (already a Poland-specific price)","PVC family — the country table's Poland price £1.23/kg outranks the ladder",""
"material","mat-abs","ABS","8.01","8.01","0","zł/kg","held (evidence agrees)","ABS family — the anchor grade itself","https://www.plasticportal.eu/price-reports (2026-W37 (page updated 2026-10-01))"
"material","mat-abs-ext-sheet","ABS Extrusion Sheet Grade","8.66","8.66","0","zł/kg","held (already a Poland-specific price)","ABS family — the country table's Poland price £1.7/kg outranks the ladder",""
"material","mat-abs-tf","ABS Thermoforming Sheet","9.68","9.68","0","zł/kg","held (already a Poland-specific price)","ABS family — the country table's Poland price £1.9/kg outranks the ladder",""
"material","mat-abs-fr","ABS FR (UL94 V0)","9.94","9.94","0","zł/kg","held (evidence agrees)","ABS family — ladder ×1.241 (book £2.01 ÷ base £1.62)","https://www.plasticportal.eu/price-reports (2026-W37 (page updated 2026-10-01))"
"material","mat-gpps","GPPS (Crystal PS)","6.69","6.69","0","zł/kg","held (evidence agrees)","GPPS — the anchor grade itself","https://www.plasticportal.eu/price-reports (2026-W37 (page updated 2026-10-01))"
"material","mat-gpps-ext","GPPS Extrusion Sheet Grade","8.15","8.15","0","zł/kg","held (already a Poland-specific price)","GPPS — the country table's Poland price £1.6/kg outranks the ladder",""
"material","mat-hips","HIPS (High Impact PS)","6.69","7.33","9.57","zł/kg","updated","HIPS — direct","https://www.plasticportal.eu/price-reports (2026-W37 (page updated 2026-10-01))"
"material","mat-pc","PC (Lexan)","12.46","11.55","-7.3","zł/kg","updated","PC family — the anchor grade itself","https://businessanalytiq.com/procurementanalytics/index/polycarbonate-price-index/ (2026-09)"
"material","mat-pc-glazing","PC Glazing Grade (Automotive)","20.76","19.25","-7.27","zł/kg","updated","PC family — ladder ×1.667 (book £4.2 ÷ base £2.52)","https://businessanalytiq.com/procurementanalytics/index/polycarbonate-price-index/ (2026-09)"
"material","mat-pc-bm","PC Blow Grade (clear/impact)","19.28","17.88","-7.26","zł/kg","updated","PC family — ladder ×1.548 (book £3.9 ÷ base £2.52)","https://businessanalytiq.com/procurementanalytics/index/polycarbonate-price-index/ (2026-09)"
"material","mat-pc-ext-sheet","PC Extrusion/Solid Sheet Grade","15.8","15.8","0","zł/kg","held (already a Poland-specific price)","PC family — the country table's Poland price £3.1/kg outranks the ladder",""
"material","mat-pc-tf","PC Thermoforming Sheet","17.02","17.02","0","zł/kg","held (already a Poland-specific price)","PC family — the country table's Poland price £3.34/kg outranks the ladder",""
"material","mat-pa6","PA6 Unfilled","10.82","10.28","-4.99","zł/kg","updated","PA6 family — the anchor grade itself","https://businessanalytiq.com/procurementanalytics/index/pa6-price-index/ (2026-08)"
"material","mat-pa6-bm","PA6 Blow Grade (charge-air / ducts)","15.32","18.97","23.83","zł/kg","updated","PA6 family — ladder ×1.845 (book £3.1 ÷ base £1.68)","https://businessanalytiq.com/procurementanalytics/index/pa6-price-index/ (2026-08)"
"material","mat-pa6-ext-tube","PA6 Extrusion Grade (corrugated conduit / tube)","10.82","10.28","-4.99","zł/kg","updated","PA6 family — the anchor grade itself","https://businessanalytiq.com/procurementanalytics/index/pa6-price-index/ (2026-08)"
"material","mat-pa66","PA66 Unfilled","12.61","16.28","29.1","zł/kg","updated","PA66 — direct","https://businessanalytiq.com/procurementanalytics/index/pa66-price-index/ (2026-08)"
"material","mat-pbt","PBT Unfilled","13.35","14.24","6.67","zł/kg","updated","PBT — direct","https://businessanalytiq.com/procurementanalytics/index/polybutylene-terephthalate-pbt-price-index/ (2026-09)"
"material","mat-pet-bg","PET Bottle Grade (1101)","5.91","4.97","-15.91","zł/kg","updated","PET family — the anchor grade itself","https://businessanalytiq.com/procurementanalytics/index/pet-price-index/ (2026-09)"
"material","mat-pet-preform","PET Stretch-Blow Bottle Grade","6.18","5.13","-16.99","zł/kg","updated","PET family — ladder ×1.033 (book £1.25 ÷ base £1.21)","https://businessanalytiq.com/procurementanalytics/index/pet-price-index/ (2026-09)"
"material","mat-apet-tf","APET Sheet (amorphous, food pack)","7.59","7.59","0","zł/kg","held (already a Poland-specific price)","PET family — the country table's Poland price £1.49/kg outranks the ladder",""
"material","mat-pmma","PMMA (Acrylic)","11.86","14.2","19.73","zł/kg","updated","PMMA family — the anchor grade itself","https://businessanalytiq.com/procurementanalytics/index/polymethylmethacrylate-pmma-price-index/ (2026-09)"
"material","mat-pmma-ext-sheet","PMMA Extrusion Sheet (acrylic)","12.84","12.84","0","zł/kg","held (already a Poland-specific price)","PMMA family — the country table's Poland price £2.52/kg outranks the ladder",""
"material","mat-pmma-tf","PMMA / Acrylic Sheet (cast/extruded)","14.52","14.52","0","zł/kg","held (already a Poland-specific price)","PMMA family — the country table's Poland price £2.85/kg outranks the ladder",""
"material","mat-peek","PEEK Unfilled","384.58","346.5","-9.9","zł/kg","updated","PEEK family — the anchor grade itself","https://www.investegate.co.uk/announcement/rns/victrex-plc--vct/trading-statement/9654844 (2026-06-30 (Q3 FY2026))"
"material","mat-peek-ext","PEEK Extrusion Grade (tube, rod, film)","375.68","346.5","-7.77","zł/kg","updated","PEEK family — the anchor grade itself","https://www.investegate.co.uk/announcement/rns/victrex-plc--vct/trading-statement/9654844 (2026-06-30 (Q3 FY2026))"
"material","mat-pom","POM / Acetal (Delrin)","10.13","11.7","15.5","zł/kg","updated","POM — the anchor grade itself","https://businessanalytiq.com/procurementanalytics/index/polyoxymethylene-pom-price-index/ (2026-07)"
"material","mat-pom-rod","POM Extrusion Grade (rod / tube stock shapes)","11.47","13.24","15.43","zł/kg","updated","POM — ladder ×1.132 (book £2.32 ÷ base £2.05)","https://businessanalytiq.com/procurementanalytics/index/polyoxymethylene-pom-price-index/ (2026-07)"
"material","mat-pc-abs","PC/ABS Blend (automotive grade)","9.49","10.49","10.54","zł/kg","updated","PC/ABS (floor) — floor (raised to metal content)","https://businessanalytiq.com/procurementanalytics/index/polycarbonate-price-index/ (2026-09) ; https://www.plasticportal.eu/price-reports (2026-W37 (page updated 2026-10-01))"
"material","mat-cf-dry-3k","Carbon Fibre 3K Twill Dry Fabric","124.57","130.87","5.06","zł/kg","updated","Carbon fabric (floor) — floor (raised to metal content)","https://www.imarcgroup.com/carbon-fibre-pricing-report (2026-03)"
"material","mat-nr","Natural Rubber SMR20","9.64","9.97","3.42","zł/kg","updated","Natural rubber (raw) — direct","https://tradingeconomics.com/commodity/rubber (2026-10-09)"
"material","mat-al6061","6061-T6","18.01","18.01","0","zł/kg","held (no Poland evidence this round)","Aluminium",""
"material","mat-steel4140","4140 / 42CrMo4 / EN19 (Chromoly Alloy Steel)","5.98","5.98","0","zł/kg","held (no Poland evidence this round)","Alloy Steel",""
"material","mat-ti6al4v","Ti-6Al-4V","238.49","238.49","0","zł/kg","held (no Poland evidence this round)","Titanium",""
"material","mat-virtual","Virtual / Pass-through","4.94","4.94","0","zł/kg","held (no Poland evidence this round)","Virtual",""
"material","mat-ss304-bar","304 Stainless Bar","17.45","17.45","0","zł/kg","held (no Poland evidence this round)","Stainless Steel",""
"material","mat-ss303","303 Free-Machining Stainless Bar","18.93","18.93","0","zł/kg","held (no Poland evidence this round)","Stainless Steel",""
"material","mat-al6082-bar","6082-T6 Aluminium Bar","17.66","17.66","0","zł/kg","held (no Poland evidence this round)","Aluminium",""
"material","mat-al2011","2011-T3 Free-Machining Al Bar","19.89","19.89","0","zł/kg","held (no Poland evidence this round)","Aluminium",""
"material","mat-pom-c","POM-C (Acetal / Delrin Stock)","15.32","15.32","0","zł/kg","held (no Poland evidence this round)","Engineering Plastic (Stock)",""
"material","mat-pa6-cast","Nylon 6 (Cast PA6 Stock)","20.76","20.76","0","zł/kg","held (no Poland evidence this round)","Engineering Plastic (Stock)",""
"material","mat-ptfe","PTFE (Virgin Stock)","61.79","61.79","0","zł/kg","held (no Poland evidence this round)","Engineering Plastic (Stock)",""
"material","mat-peek-stock","PEEK (Unfilled Stock)","469.6","469.6","0","zł/kg","held (no Poland evidence this round)","Engineering Plastic (Stock)",""
"material","mat-acrylic-cast","Cast Acrylic (PMMA Stock)","23.73","23.73","0","zł/kg","held (no Poland evidence this round)","Engineering Plastic (Stock)",""
"material","mat-uhmwpe","UHMW-PE (Stock)","16.81","16.81","0","zł/kg","held (no Poland evidence this round)","Engineering Plastic (Stock)",""
"material","mat-nogo-m270-35a","M270-35A Non-Oriented Electrical (0.35mm)","7.86","7.86","0","zł/kg","held (no Poland evidence this round)","Electrical Steel Sheet",""
"material","mat-nogo-m400-50a","M400-50A Non-Oriented Electrical (0.50mm)","6.38","6.38","0","zł/kg","held (no Poland evidence this round)","Electrical Steel Sheet",""
"material","mat-go-m105-30p","M105-30P Grain-Oriented Electrical (0.30mm)","14.34","14.34","0","zł/kg","held (no Poland evidence this round)","Electrical Steel Sheet",""
"material","mat-m235-35a","M235-35A NO Electrical (0.35mm, premium low-loss)","9.84","9.84","0","zł/kg","held (no Poland evidence this round)","Electrical Steel Sheet",""
"material","mat-m330-35a","M330-35A NO Electrical (0.35mm)","8.6","8.6","0","zł/kg","held (no Poland evidence this round)","Electrical Steel Sheet",""
"material","mat-m250-50a","M250-50A NO Electrical (0.50mm, low-loss)","7.22","7.22","0","zł/kg","held (no Poland evidence this round)","Electrical Steel Sheet",""
"material","mat-m470-50a","M470-50A NO Electrical (0.50mm)","6.13","6.13","0","zł/kg","held (no Poland evidence this round)","Electrical Steel Sheet",""
"material","mat-m600-50a","M600-50A NO Electrical (0.50mm, economy)","5.88","5.88","0","zł/kg","held (no Poland evidence this round)","Electrical Steel Sheet",""
"material","mat-m700-65a","M700-65A NO Electrical (0.65mm, mains)","5.64","5.64","0","zł/kg","held (no Poland evidence this round)","Electrical Steel Sheet",""
"material","mat-no27-27a","NO27 (0.27mm EV Traction)","12.06","12.06","0","zł/kg","held (no Poland evidence this round)","Electrical Steel Sheet",""
"material","mat-no25-25a","NO25 (0.25mm EV Traction)","13.54","13.54","0","zł/kg","held (no Poland evidence this round)","Electrical Steel Sheet",""
"material","mat-no20-20a","NO20 (0.20mm High-Speed EV/aero)","17","17","0","zł/kg","held (no Poland evidence this round)","Electrical Steel Sheet",""
"material","mat-cgo-m120-27","M120-27S CGO (0.27mm Grain-Oriented)","12.6","12.6","0","zł/kg","held (no Poland evidence this round)","Electrical Steel Sheet",""
"material","mat-hgo-m090-23","M090-23P HGO Domain-Refined (0.23mm)","16.81","16.81","0","zł/kg","held (no Poland evidence this round)","Electrical Steel Sheet",""
"material","mat-cofe-hiperco50","Cobalt-Iron (Hiperco 50 / Vacodur 49)","286.7","286.7","0","zł/kg","held (no Poland evidence this round)","Electrical Steel Sheet",""
"material","mat-nife-permalloy80","Nickel-Iron Permalloy (80% Ni)","118.93","118.93","0","zł/kg","held (no Poland evidence this round)","Electrical Steel Sheet",""
"material","mat-amorphous-2605sa1","Amorphous Ribbon (Metglas 2605SA1)","42.02","42.02","0","zł/kg","held (no Poland evidence this round)","Electrical Steel Sheet",""
"material","mat-no-semiproc-50","Semi-Processed NO Electrical (0.50mm)","5.39","5.39","0","zł/kg","held (no Poland evidence this round)","Electrical Steel Sheet",""
"material","mat-hsno-rotor-700","High-Strength NO Electrical (~700 MPa, 0.30mm rotor)","13.05","13.05","0","zł/kg","held (no Poland evidence this round)","Electrical Steel Sheet",""
"material","mat-hsno-rotor-960","Ultra-High-Strength NO Electrical (~960 MPa, 0.20–0.27mm rotor)","16.02","16.02","0","zł/kg","held (no Poland evidence this round)","Electrical Steel Sheet",""
"material","mat-no15-15a","NO15 Ultra-Thin NO Electrical (0.15mm)","19.48","19.48","0","zł/kg","held (no Poland evidence this round)","Electrical Steel Sheet",""
"material","mat-no10-10a","NO10 Ultra-Thin NO Electrical (0.10mm)","27.38","27.38","0","zł/kg","held (no Poland evidence this round)","Electrical Steel Sheet",""
"material","mat-si65-jnex-10","6.5% Si High-Frequency Electrical (JNEX/Super-Core class, 0.10mm)","33.81","33.81","0","zł/kg","held (no Poland evidence this round)","Electrical Steel Sheet",""
"material","mat-uhsno-1100","Ultra-High-Strength NO Electrical (~1100 MPa, 30k-rpm rotor)","17.99","17.99","0","zł/kg","held (no Poland evidence this round)","Electrical Steel Sheet",""
"material","mat-cofe-thin-010","Cobalt-Iron Thin-Gauge (0.10mm, Vacoflux/Hiperco)","355.9","355.9","0","zł/kg","held (no Poland evidence this round)","Electrical Steel Sheet",""
"material","mat-al-hairpin","Rectangular Enamelled Hairpin Aluminium (winding)","23.99","23.99","0","zł/kg","held (no Poland evidence this round)","Winding Aluminium (Hairpin)",""
"material","mat-al-recycled-5xxx","Recycled-Content Al 5xxx (Secondary)","12.9","12.9","0","zł/kg","held (no Poland evidence this round)","Aluminium Sheet",""
"material","mat-pa66gf30","PA66 GF30","15.32","15.32","0","zł/kg","held (no Poland evidence this round)","Thermoplastic",""
"material","mat-pbt-gf30","PBT GF30","15.32","15.32","0","zł/kg","held (no Poland evidence this round)","Thermoplastic",""
"material","mat-tpu-shore85","TPU Shore 85A","12.46","12.46","0","zł/kg","held (no Poland evidence this round)","Thermoplastic Elastomer",""
"material","mat-pp-gf30","PP GF30 (Short Glass)","9.13","9.13","0","zł/kg","held (no Poland evidence this round)","Thermoplastic",""
"material","mat-pet-gf30","PET GF30 (Engineering)","15.08","15.08","0","zł/kg","held (no Poland evidence this round)","Thermoplastic",""
"material","mat-pa6-gf30","PA6 GF30","12.46","12.46","0","zł/kg","held (no Poland evidence this round)","Thermoplastic",""
"material","mat-peek-gf30","PEEK GF30","470.61","470.61","0","zł/kg","held (no Poland evidence this round)","High-Performance Thermoplastic",""
"material","mat-asa","ASA (Weatherable)","11.07","11.07","0","zł/kg","held (no Poland evidence this round)","Thermoplastic",""
"material","mat-san","SAN (Styrene-Acrylonitrile)","8.35","8.35","0","zł/kg","held (no Poland evidence this round)","Thermoplastic",""
"material","mat-pp-t20","PP-T20 (20% Talc-filled)","6.2","6.2","0","zł/kg","held (no Poland evidence this round)","Thermoplastic",""
"material","mat-pp-t30","PP-T30 (30% Mineral/Talc-filled)","6.69","6.69","0","zł/kg","held (no Poland evidence this round)","Thermoplastic",""
"material","mat-pp-lgf30","PP-LGF30 (Long-Glass PP)","12.79","12.79","0","zł/kg","held (no Poland evidence this round)","Thermoplastic",""
"material","mat-tpo","TPO (Thermoplastic Olefin)","9.24","9.24","0","zł/kg","held (no Poland evidence this round)","Thermoplastic",""
"material","mat-tpv","TPV (Santoprene-type)","15.87","15.87","0","zł/kg","held (no Poland evidence this round)","Thermoplastic Elastomer",""
"material","mat-pps-gf40","PPS GF40","27.83","27.83","0","zł/kg","held (no Poland evidence this round)","High-Performance Thermoplastic",""
"material","mat-ppa-gf35","PPA GF35 (High-Temp Polyamide)","34.41","34.41","0","zł/kg","held (no Poland evidence this round)","High-Performance Thermoplastic",""
"material","mat-pei","PEI (Ultem, Unfilled)","63.25","63.25","0","zł/kg","held (no Poland evidence this round)","High-Performance Thermoplastic",""
"material","mat-pei-gf30","PEI GF30","70.84","70.84","0","zł/kg","held (no Poland evidence this round)","High-Performance Thermoplastic",""
"material","mat-lcp-gf30","LCP GF30 (Liquid-Crystal Polymer)","55.66","55.66","0","zł/kg","held (no Poland evidence this round)","High-Performance Thermoplastic",""
"material","mat-pa66-gf35","PA66 GF35","16.31","16.31","0","zł/kg","held (no Poland evidence this round)","Thermoplastic",""
"material","mat-pa66-gf50","PA66 GF50","17.55","17.55","0","zł/kg","held (no Poland evidence this round)","Thermoplastic",""
"material","mat-pa66-min","PA66 Mineral-filled (Low-Warp)","14.83","14.83","0","zł/kg","held (no Poland evidence this round)","Thermoplastic",""
"material","mat-pa12","PA12 (Nylon 12)","42.02","42.02","0","zł/kg","held (no Poland evidence this round)","Thermoplastic",""
"material","mat-pc-pbt","PC/PBT Blend","15.82","15.82","0","zł/kg","held (no Poland evidence this round)","Thermoplastic",""
"material","mat-mppe","mPPE / PPO (Noryl-type)","16.81","16.81","0","zł/kg","held (no Poland evidence this round)","Thermoplastic",""
"material","mat-pc-fr","PC FR (UL94 V0)","17.8","17.8","0","zł/kg","held (no Poland evidence this round)","Thermoplastic",""
"material","mat-pa66-gf25-fr","PA66 GF25 FR (UL94 V0)","20.76","20.76","0","zł/kg","held (no Poland evidence this round)","Thermoplastic",""
"material","mat-pcr-pp","PCR PP (Post-Consumer Recycled)","4.74","4.74","0","zł/kg","held (no Poland evidence this round)","Thermoplastic",""
"material","mat-bio-pa610","Bio-PA610 (Castor-based)","27.83","27.83","0","zł/kg","held (no Poland evidence this round)","High-Performance Thermoplastic",""
"material","mat-mag-az91","AZ91D Magnesium Die Cast","19.28","19.28","0","zł/kg","held (no Poland evidence this round)","Magnesium Alloy",""
"material","mat-mag-am60","AM60B Magnesium Die Cast","18.52","18.52","0","zł/kg","held (no Poland evidence this round)","Magnesium Alloy",""
"material","mat-mag-am50","AM50A Magnesium Die Cast","18.77","18.77","0","zł/kg","held (no Poland evidence this round)","Magnesium Alloy",""
"material","mat-mag-ae44","AE44 Magnesium (Creep-Resistant)","25.4","25.4","0","zł/kg","held (no Poland evidence this round)","Magnesium Alloy",""
"material","mat-za8","ZA-8 (Zinc-Aluminium Die Cast)","17.71","17.71","0","zł/kg","held (no Poland evidence this round)","Zinc Die Cast",""
"material","mat-za27","ZA-27 (High-Strength Zinc-Aluminium)","18.37","18.37","0","zł/kg","held (no Poland evidence this round)","Zinc Die Cast",""
"material","mat-inconel718-cast","Inconel 718 (Investment Cast Superalloy)","212.74","212.74","0","zł/kg","held (no Poland evidence this round)","Nickel Superalloy Casting",""
"material","mat-steel4340","4340 / EN24 / 817M40 (Ni-Cr-Mo Alloy Steel)","7.17","7.17","0","zł/kg","held (no Poland evidence this round)","Alloy Steel Billet",""
"material","mat-steel4130","4130 / 25CrMo4","7.91","7.91","0","zł/kg","held (no Poland evidence this round)","Alloy Steel Billet",""
"material","mat-steel8620","8620 (Case-Hardening)","7.41","7.41","0","zł/kg","held (no Poland evidence this round)","Alloy Steel Billet",""
"material","mat-steel-20mncr5","20MnCr5 (Gear Steel)","7.32","7.32","0","zł/kg","held (no Poland evidence this round)","Alloy Steel Billet",""
"material","mat-steel-52100","52100 / 100Cr6 (Bearing Steel)","8.4","8.4","0","zł/kg","held (no Poland evidence this round)","Alloy Steel Billet",""
"material","mat-steel-300m","300M (UHS Aerospace)","18.78","18.78","0","zł/kg","held (no Poland evidence this round)","Alloy Steel Billet",""
"material","mat-ss410-bar","410 (Martensitic Stainless Bar)","17.94","17.94","0","zł/kg","held (no Poland evidence this round)","Stainless Steel Billet",""
"material","mat-ss304l-bar","304L (Austenitic Stainless Bar)","23.38","23.38","0","zł/kg","held (no Poland evidence this round)","Stainless Steel Billet",""
"material","mat-ss316l-bar","316L (Austenitic Stainless Bar)","31.29","31.29","0","zł/kg","held (no Poland evidence this round)","Stainless Steel Billet",""
"material","mat-ss17-4ph-bar","17-4PH (PH Stainless Bar)","45.97","45.97","0","zł/kg","held (no Poland evidence this round)","Stainless Steel Billet",""
"material","mat-ss15-5ph-bar","15-5PH (PH Stainless Bar)","48.94","48.94","0","zł/kg","held (no Poland evidence this round)","Stainless Steel Billet",""
"material","mat-al-billet-1050","EN AW-1050A (99.5% Al) extrusion billet","16.42","16.42","0","zł/kg","held (no Poland evidence this round)","Aluminium Extrusion Billet",""
"material","mat-al-billet-1100","AA 1100 (99.0% Al) extrusion billet","16.49","16.49","0","zł/kg","held (no Poland evidence this round)","Aluminium Extrusion Billet",""
"material","mat-al-billet-1350","EN AW-1350 (EC, electrical conductor) extrusion billet","16.65","16.65","0","zł/kg","held (no Poland evidence this round)","Aluminium Extrusion Billet",""
"material","mat-al-billet-2011","EN AW-2011 (Al-Cu6BiPb, free-machining) extrusion billet","20.41","20.41","0","zł/kg","held (no Poland evidence this round)","Aluminium Extrusion Billet",""
"material","mat-al-billet-2014","EN AW-2014 (Al-Cu4SiMg) extrusion billet","21.17","21.17","0","zł/kg","held (no Poland evidence this round)","Aluminium Extrusion Billet",""
"material","mat-al-billet-2024","EN AW-2024 (Al-Cu4Mg1) extrusion billet","21.94","21.94","0","zł/kg","held (no Poland evidence this round)","Aluminium Extrusion Billet",""
"material","mat-al-billet-3003","EN AW-3003 (Al-Mn1Cu) extrusion billet","16.72","16.72","0","zł/kg","held (no Poland evidence this round)","Aluminium Extrusion Billet",""
"material","mat-al-billet-3103","EN AW-3103 (Al-Mn1) extrusion billet","16.72","16.72","0","zł/kg","held (no Poland evidence this round)","Aluminium Extrusion Billet",""
"material","mat-al-billet-5083","EN AW-5083 (Al-Mg4.5Mn) extrusion billet","17.72","17.72","0","zł/kg","held (no Poland evidence this round)","Aluminium Extrusion Billet",""
"material","mat-al-billet-5086","EN AW-5086 (Al-Mg4) extrusion billet","17.65","17.65","0","zł/kg","held (no Poland evidence this round)","Aluminium Extrusion Billet",""
"material","mat-al-billet-5754","EN AW-5754 (Al-Mg3) extrusion billet","17.34","17.34","0","zł/kg","held (no Poland evidence this round)","Aluminium Extrusion Billet",""
"material","mat-al-billet-6008","EN AW-6008 (Al-SiMgV) extrusion billet","17.03","17.03","0","zł/kg","held (no Poland evidence this round)","Aluminium Extrusion Billet",""
"material","mat-al-billet-6026","EN AW-6026 (free-machining, lead-free) extrusion billet","18.11","18.11","0","zł/kg","held (no Poland evidence this round)","Aluminium Extrusion Billet",""
"material","mat-al-billet-6060","EN AW-6060 (Al-MgSi) extrusion billet","16.49","16.49","0","zł/kg","held (no Poland evidence this round)","Aluminium Extrusion Billet",""
"material","mat-al-billet-6061","EN AW-6061 (Al-Mg1SiCu) extrusion billet","17.15","17.15","0","zł/kg","held (no Poland evidence this round)","Aluminium Extrusion Billet",""
"material","mat-al-billet-6063","EN AW-6063 (Al-Mg0.7Si) extrusion billet","16.57","16.57","0","zł/kg","held (no Poland evidence this round)","Aluminium Extrusion Billet",""
"material","mat-al-billet-6082","EN AW-6082 (Al-Si1MgMn) extrusion billet","17.15","17.15","0","zł/kg","held (no Poland evidence this round)","Aluminium Extrusion Billet",""
"material","mat-al-billet-6101","EN AW-6101B (electrical) extrusion billet","16.8","16.8","0","zł/kg","held (no Poland evidence this round)","Aluminium Extrusion Billet",""
"material","mat-al-billet-6106","EN AW-6106 (Al-MgSiMn) extrusion billet","16.61","16.61","0","zł/kg","held (no Poland evidence this round)","Aluminium Extrusion Billet",""
"material","mat-al-billet-6351","EN AW-6351 (Al-Si1Mg0.5Mn) extrusion billet","17.15","17.15","0","zł/kg","held (no Poland evidence this round)","Aluminium Extrusion Billet",""
"material","mat-al-billet-7003","EN AW-7003 (Al-Zn6Mg0.8Zr) extrusion billet","17.91","17.91","0","zł/kg","held (no Poland evidence this round)","Aluminium Extrusion Billet",""
"material","mat-al-billet-7005","EN AW-7005 (Al-Zn4.5Mg1.5Mn) extrusion billet","18.03","18.03","0","zł/kg","held (no Poland evidence this round)","Aluminium Extrusion Billet",""
"material","mat-al-billet-7020","EN AW-7020 (Al-Zn4.5Mg1) extrusion billet","18.03","18.03","0","zł/kg","held (no Poland evidence this round)","Aluminium Extrusion Billet",""
"material","mat-al-billet-7046","EN AW-7046 (Al-Zn7Mg1.2) extrusion billet","18.18","18.18","0","zł/kg","held (no Poland evidence this round)","Aluminium Extrusion Billet",""
"material","mat-al-billet-7075","EN AW-7075 (Al-Zn5.5MgCu) extrusion billet","21.17","21.17","0","zł/kg","held (no Poland evidence this round)","Aluminium Extrusion Billet",""
"material","mat-al-billet-7108","EN AW-7108 (Al-Zn5Mg1Zr) extrusion billet","17.91","17.91","0","zł/kg","held (no Poland evidence this round)","Aluminium Extrusion Billet",""
"material","mat-al-billet-1070a","EN AW-1070A (99.7% Al) extrusion billet","16.46","16.46","0","zł/kg","held (no Poland evidence this round)","Aluminium Extrusion Billet",""
"material","mat-al-billet-6063a","EN AW-6063A (Al-Mg0.7Si(A)) extrusion billet","16.65","16.65","0","zł/kg","held (no Poland evidence this round)","Aluminium Extrusion Billet",""
"material","mat-al-billet-6005a","EN AW-6005A (Al-SiMg(A)) extrusion billet","16.88","16.88","0","zł/kg","held (no Poland evidence this round)","Aluminium Extrusion Billet",""
"material","mat-al-billet-2017a","EN AW-2017A (Al-Cu4MgSi) extrusion billet","21.17","21.17","0","zł/kg","held (no Poland evidence this round)","Aluminium Extrusion Billet",""
"material","mat-zamak2","Zamak 2 / ZL0430 (ZnAl4Cu3, high strength)","17.36","17.36","0","zł/kg","held (no Poland evidence this round)","Zinc Die Cast",""
"material","mat-hadfield","G-X120Mn12 / 1.3401 (Hadfield austenitic manganese wear steel)","10.87","10.87","0","zł/kg","held (no Poland evidence this round)","Cast Wear Steel",""
"material","mat-in713c-cast","Inconel 713C (investment-cast superalloy — turbocharger wheels)","220.58","220.58","0","zł/kg","held (no Poland evidence this round)","Nickel Superalloy Casting",""
"material","mat-lg2-gunmetal","LG2 / CC491K (leaded gunmetal CuSn5Zn5Pb5)","57.89","57.89","0","zł/kg","held (no Poland evidence this round)","Copper Alloy",""
"material","mat-ab2-cast","AB2 / CC333G (nickel-aluminium bronze CuAl10Fe5Ni5)","48.28","48.28","0","zł/kg","held (no Poland evidence this round)","Copper Alloy",""
"material","mat-brass-cast-cb754","CC754S / CuZn39Pb1Al-C (gravity / die-cast brass)","39.88","39.88","0","zł/kg","held (no Poland evidence this round)","Copper Alloy",""
"material","mat-steel-42crmo4","42CrMo4 / 4140 / 1.7225 (Cr-Mo QT steel)","7.96","7.96","0","zł/kg","held (no Poland evidence this round)","Alloy Steel Billet",""
"material","mat-steel-34crnimo6","34CrNiMo6 / 1.6582 (Ni-Cr-Mo QT steel)","8.95","8.95","0","zł/kg","held (no Poland evidence this round)","Alloy Steel Billet",""
"material","mat-steel-18crnimo7-6","18CrNiMo7-6 / 1.6587 (case-hardening, heavy gears)","9.24","9.24","0","zł/kg","held (no Poland evidence this round)","Alloy Steel Billet",""
"material","mat-steel-16mncr5","16MnCr5 / 1.7131 (case-hardening)","7.32","7.32","0","zł/kg","held (no Poland evidence this round)","Alloy Steel Billet",""
"material","mat-steel-41cr4","41Cr4 / 5140 / 1.7035 (Cr QT steel)","7.32","7.32","0","zł/kg","held (no Poland evidence this round)","Alloy Steel Billet",""
"material","mat-steel-f22","ASTM A182 F22 (2.25Cr-1Mo, pressure forgings)","10.38","10.38","0","zł/kg","held (no Poland evidence this round)","Alloy Steel Billet",""
"material","mat-ss420-bar","420 / 1.4021 (martensitic stainless forging bar)","17.99","17.99","0","zł/kg","held (no Poland evidence this round)","Stainless Steel Billet",""
"material","mat-ss431-bar","431 / 1.4057 (martensitic Ni stainless forging bar)","19.53","19.53","0","zł/kg","held (no Poland evidence this round)","Stainless Steel Billet",""
"material","mat-ss2205-bar","2205 / 1.4462 / F51 (duplex stainless forging bar)","31.69","31.69","0","zł/kg","held (no Poland evidence this round)","Stainless Steel Billet",""
"material","mat-ab2-forge","CW307G / CuAl10Ni5Fe4 (nickel-aluminium bronze forging bar)","50.6","50.6","0","zł/kg","held (no Poland evidence this round)","Copper Alloy Billet",""
"material","mat-tpe-s-im","TPE-S (SEBS) 60 Shore A — overmould grade","12.85","12.85","0","zł/kg","held (no Poland evidence this round)","Thermoplastic Elastomer",""
"material","mat-psu","PSU (Polysulfone)","43.01","43.01","0","zł/kg","held (no Poland evidence this round)","High-Performance Thermoplastic",""
"material","mat-ppsu","PPSU (Polyphenylsulfone, Radel-type)","80.97","80.97","0","zł/kg","held (no Poland evidence this round)","High-Performance Thermoplastic",""
"material","mat-pla","PLA (injection grade)","11.07","11.07","0","zł/kg","held (no Poland evidence this round)","Thermoplastic",""
"material","mat-pc-gf20","PC GF20","11.72","11.72","0","zł/kg","held (no Poland evidence this round)","Thermoplastic",""
"material","mat-al7075-bar","7075-T6 Aluminium Bar (aerospace, tooling)","24.54","24.54","0","zł/kg","held (no Poland evidence this round)","Aluminium",""
"material","mat-ss416-bar","416 / 1.4005 Free-Machining Martensitic Stainless Bar","19.43","19.43","0","zł/kg","held (no Poland evidence this round)","Stainless Steel",""
"material","mat-ti-cp-gr2","CP Titanium Grade 2 (Forging Bar)","129.49","129.49","0","zł/kg","held (no Poland evidence this round)","Titanium Forging Billet",""
"material","mat-ti-6al4v-forge","Ti-6Al-4V Grade 5 (Forging Bar)","190.42","190.42","0","zł/kg","held (no Poland evidence this round)","Titanium Forging Billet",""
"material","mat-inconel718-forge","Inconel 718 (Forging Bar)","222.86","222.86","0","zł/kg","held (no Poland evidence this round)","Nickel Superalloy Billet",""
"material","mat-waspaloy-forge","Waspaloy (Forging Bar)","354.43","354.43","0","zł/kg","held (no Poland evidence this round)","Nickel Superalloy Billet",""
"material","mat-inconel625-forge","Inconel 625 (Forging Bar)","192.55","192.55","0","zł/kg","held (no Poland evidence this round)","Nickel Superalloy Billet",""
"material","mat-hastelloy-c276-forge","Hastelloy C-276 (Forging Bar)","278.52","278.52","0","zł/kg","held (no Poland evidence this round)","Nickel Superalloy Billet",""
"material","mat-monel400-forge","Monel 400 (Forging Bar)","143.06","143.06","0","zł/kg","held (no Poland evidence this round)","Nickel Alloy Billet",""
"material","mat-ti-6242-forge","Ti-6Al-2Sn-4Zr-2Mo (Forging Bar)","261.37","261.37","0","zł/kg","held (no Poland evidence this round)","Titanium Forging Billet",""
"material","mat-mg-az31-forge","AZ31B (Mg Forging Bar)","31.93","31.93","0","zł/kg","held (no Poland evidence this round)","Magnesium Forging Billet",""
"material","mat-paint-ecoat","E-coat (Cathodic)","18.19","18.19","0","zł/kg","held (no Poland evidence this round)","Paint",""
"material","mat-paint-primer","2K Primer","30.15","30.15","0","zł/kg","held (no Poland evidence this round)","Paint",""
"material","mat-paint-basecoat","Waterborne Basecoat","42.61","42.61","0","zł/kg","held (no Poland evidence this round)","Paint",""
"material","mat-paint-clearcoat","2K Clearcoat","49.33","49.33","0","zł/kg","held (no Poland evidence this round)","Paint",""
"material","mat-paint-powder","Powder Coat (Polyester)","16.61","16.61","0","zł/kg","held (no Poland evidence this round)","Paint",""
"material","mat-paint-1k-primer","1K Etch Primer","26.69","26.69","0","zł/kg","held (no Poland evidence this round)","Paint",""
"material","mat-paint-sb-basecoat","Solventborne Basecoat","45.48","45.48","0","zł/kg","held (no Poland evidence this round)","Paint",""
"material","mat-paint-uv-clear","UV-Cure Clearcoat","71.68","71.68","0","zł/kg","held (no Poland evidence this round)","Paint",""
"material","mat-paint-pvc-underbody","PVC Underbody / Anti-Chip Sealer","12.7","12.7","0","zł/kg","held (no Poland evidence this round)","Paint",""
"material","mat-petg-bm","PETG Clear Blow Grade","10.78","10.78","0","zł/kg","held (no Poland evidence this round)","Blow Moulding",""
"material","mat-tpe-bm","TPE Blow Grade 40 Shore A","12.26","12.26","0","zł/kg","held (no Poland evidence this round)","Blow Moulding",""
"material","mat-eva-bm","EVA Blow Grade (14% VA)","9.14","9.14","0","zł/kg","held (no Poland evidence this round)","Blow Moulding",""
"material","mat-tritan-bm","Tritan Copolyester (BPA-free clear)","32.13","32.13","0","zł/kg","held (no Poland evidence this round)","Blow Moulding",""
"material","mat-biope-bm","Bio-PE Blow Grade (sugarcane HDPE)","10.87","10.87","0","zł/kg","held (no Poland evidence this round)","Blow Moulding",""
"material","mat-rhdpe-bm","Recycled HDPE Blow Grade (PCR)","4.65","4.65","0","zł/kg","held (no Poland evidence this round)","Blow Moulding",""
"material","mat-rpp-bm","Recycled PP Blow Grade (PCR)","4.55","4.55","0","zł/kg","held (no Poland evidence this round)","Blow Moulding",""
"material","mat-xlpe-cable","XLPE Cable Insulation Compound","11.42","11.42","0","zł/kg","held (no Poland evidence this round)","Extrusion",""
"material","mat-pvc-medical-tube","Medical PVC Tubing Compound (DEHP-free)","9.43","9.43","0","zł/kg","held (no Poland evidence this round)","Extrusion",""
"material","mat-tpu-medical-tube","Medical TPU Tubing (85A)","32.61","32.61","0","zł/kg","held (no Poland evidence this round)","Extrusion",""
"material","mat-tpe-profile","TPE-S Extrusion Profile (60 Shore A)","11.82","11.82","0","zł/kg","held (no Poland evidence this round)","Extrusion",""
"material","mat-pa12-ext-tube","PA12 Extrusion (fuel/brake line tube)","31.09","31.09","0","zł/kg","held (no Poland evidence this round)","Extrusion",""
"material","mat-pa11-tube","PA11 Tube Grade (Rilsan-type, bio-based)","31.24","31.24","0","zł/kg","held (no Poland evidence this round)","Extrusion",""
"material","mat-pvdf-ext","PVDF Extrusion Grade (homopolymer)","44.64","44.64","0","zł/kg","held (no Poland evidence this round)","Extrusion",""
"material","mat-tpv-profile","TPV Extrusion Profile (EPDM/PP, automotive weatherseal)","15.87","15.87","0","zł/kg","held (no Poland evidence this round)","Extrusion",""
"material","mat-tpu-ext-hose","TPU Extrusion Grade (85A, hose and tube)","12.46","12.46","0","zł/kg","held (no Poland evidence this round)","Extrusion",""
"material","mat-asa-capstock","ASA Capstock Grade (co-extruded weather layer)","11.07","11.07","0","zł/kg","held (no Poland evidence this round)","Extrusion",""
"material","mat-mb-colour","Colour Masterbatch (universal)","22.89","22.89","0","zł/kg","held (no Poland evidence this round)","Additive / Masterbatch",""
"material","mat-mb-white-tio2","White Masterbatch (70% TiO₂)","16.26","16.26","0","zł/kg","held (no Poland evidence this round)","Additive / Masterbatch",""
"material","mat-mb-black","Black Masterbatch (40% carbon)","11.02","11.02","0","zł/kg","held (no Poland evidence this round)","Additive / Masterbatch",""
"material","mat-add-uv","UV Stabiliser Masterbatch (HALS)","33.61","33.61","0","zł/kg","held (no Poland evidence this round)","Additive / Masterbatch",""
"material","mat-add-antistat","Anti-Static Additive Masterbatch","27.19","27.19","0","zł/kg","held (no Poland evidence this round)","Additive / Masterbatch",""
"material","mat-add-fr","Flame-Retardant Masterbatch (halogen-free)","20.76","20.76","0","zł/kg","held (no Poland evidence this round)","Additive / Masterbatch",""
"material","mat-add-impact","Impact Modifier (acrylic/CPE)","15.32","15.32","0","zł/kg","held (no Poland evidence this round)","Additive / Masterbatch",""
"material","mat-add-procaid","Processing Aid (fluoropolymer PPA)","42.02","42.02","0","zł/kg","held (no Poland evidence this round)","Additive / Masterbatch",""
"material","mat-hips-tf","HIPS Thermoforming Sheet","7.24","7.24","0","zł/kg","held (no Poland evidence this round)","Thermoforming Sheet",""
"material","mat-petg-tf","PETG Thermoforming Sheet (clear)","9.07","9.07","0","zł/kg","held (no Poland evidence this round)","Thermoforming Sheet",""
"material","mat-cpet-tf","CPET Sheet (crystalline, dual-ovenable)","8.56","8.56","0","zł/kg","held (no Poland evidence this round)","Thermoforming Sheet",""
"material","mat-ps-foam-tf","PS Foam Sheet (foamed tray stock)","9.78","9.78","0","zł/kg","held (no Poland evidence this round)","Thermoforming Sheet",""
"material","mat-pei-tf","PEI (Ultem) Sheet (aerospace)","142.69","142.69","0","zł/kg","held (no Poland evidence this round)","Thermoforming Sheet",""
"material","mat-pps-tf","PPS Sheet (high-temp)","71.34","71.34","0","zł/kg","held (no Poland evidence this round)","Thermoforming Sheet",""
"material","mat-abs-pmma-tf","ABS/PMMA Co-ex Sheet (capped)","12.84","12.84","0","zł/kg","held (no Poland evidence this round)","Thermoforming Sheet",""
"material","mat-abs-pc-tf","ABS/PC Co-ex Sheet","15.44","15.44","0","zł/kg","held (no Poland evidence this round)","Thermoforming Sheet",""
"material","mat-pp-tpo-tf","PP/TPO Automotive Sheet","9.48","9.48","0","zł/kg","held (no Poland evidence this round)","Thermoforming Sheet",""
"material","mat-petg-barrier-tf","PETG/EVOH Barrier Sheet","12.03","12.03","0","zł/kg","held (no Poland evidence this round)","Thermoforming Sheet",""
"material","mat-pa12-roto","PA12 Roto Powder","46.96","46.96","0","zł/kg","held (no Poland evidence this round)","Rotational Moulding",""
"material","mat-rpe-roto","Recycled PE Roto Powder","4.65","4.65","0","zł/kg","held (no Poland evidence this round)","Rotational Moulding",""
"material","mat-epdm","EPDM 70 Shore A","9.61","9.61","0","zł/kg","held (no Poland evidence this round)","Rubber",""
"material","mat-nbr","NBR 70 Shore A","11.74","11.74","0","zł/kg","held (no Poland evidence this round)","Rubber",""
"material","mat-silicone-hcr","HCR Silicone 60 Shore A","45.14","45.14","0","zł/kg","held (no Poland evidence this round)","Rubber",""
"material","mat-lsr","LSR 40 Shore A","79.7","79.7","0","zł/kg","held (no Poland evidence this round)","Rubber",""
"material","mat-viton-fkm","FKM Viton 75 Shore A","116.89","116.89","0","zł/kg","held (no Poland evidence this round)","Rubber",""
"material","mat-sbr","SBR 65 Shore A","7.34","7.34","0","zł/kg","held (no Poland evidence this round)","Rubber",""
"material","mat-cr","CR Neoprene 60 Shore A","19.58","19.58","0","zł/kg","held (no Poland evidence this round)","Rubber",""
"material","mat-hnbr","HNBR 70 Shore A","28.59","28.59","0","zł/kg","held (no Poland evidence this round)","Rubber",""
"material","mat-iir","Butyl Rubber IIR 55 Shore A","11.03","11.03","0","zł/kg","held (no Poland evidence this round)","Rubber",""
"material","mat-pu-elastomer","Polyurethane Elastomer 70 Shore A","21.51","21.51","0","zł/kg","held (no Poland evidence this round)","Rubber",""
"material","mat-fvmq","FVMQ Fluorosilicone 60 Shore A","172.05","172.05","0","zł/kg","held (no Poland evidence this round)","Rubber",""
"material","mat-acm","ACM Polyacrylate 70 Shore A","34.41","34.41","0","zł/kg","held (no Poland evidence this round)","Rubber",""
"material","mat-aem","AEM (Vamac) 60 Shore A","48.07","48.07","0","zł/kg","held (no Poland evidence this round)","Rubber",""
"material","mat-eco","ECO Epichlorohydrin 65 Shore A","29.86","29.86","0","zł/kg","held (no Poland evidence this round)","Rubber",""
"material","mat-csm","CSM Hypalon 65 Shore A","31.37","31.37","0","zł/kg","held (no Poland evidence this round)","Rubber",""
"material","mat-br","BR Polybutadiene (high-cis) 60 Shore A","8.86","8.86","0","zł/kg","held (no Poland evidence this round)","Rubber",""
"material","mat-bromobutyl","Bromobutyl (BIIR) 50 Shore A","14.42","14.42","0","zł/kg","held (no Poland evidence this round)","Rubber",""
"material","mat-chlorobutyl","Chlorobutyl (CIIR) 55 Shore A","13.92","13.92","0","zł/kg","held (no Poland evidence this round)","Rubber",""
"material","mat-ffkm","FFKM Perfluoroelastomer (Kalrez-type) 75 Shore A","1619.3","1619.3","0","zł/kg","held (no Poland evidence this round)","Rubber",""
"material","mat-nbr-high-acn","NBR High-ACN (fuel) 75 Shore A","12.9","12.9","0","zł/kg","held (no Poland evidence this round)","Rubber",""
"material","mat-epdm-peroxide","EPDM Peroxide-Cured 70 Shore A","10.88","10.88","0","zł/kg","held (no Poland evidence this round)","Rubber",""
"material","mat-silicone-medical","LSR Medical-Grade 30 Shore A","83.5","83.5","0","zł/kg","held (no Poland evidence this round)","Rubber",""
"material","mat-cfrp-prepreg-t700","T700 CF/Epoxy Prepreg (125°C cure)","166.09","166.09","0","zł/kg","held (no Poland evidence this round)","Composite",""
"material","mat-gfrp-prepreg-e","E-glass/Epoxy Prepreg (120°C cure)","38.95","38.95","0","zł/kg","held (no Poland evidence this round)","Composite",""
"material","mat-gf-dry-e","E-glass Woven Dry Fabric (600 g/m²)","19.72","19.72","0","zł/kg","held (no Poland evidence this round)","Composite",""
"material","mat-epoxy-infusion","Epoxy Infusion Resin System (LT cure)","67.47","67.47","0","zł/kg","held (no Poland evidence this round)","Composite",""
"material","mat-vinylester-rtm","Vinyl Ester RTM Resin","26.99","26.99","0","zł/kg","held (no Poland evidence this round)","Composite",""
"material","mat-aramid-k49","Aramid (Kevlar 49) Woven Fabric","155.71","155.71","0","zł/kg","held (no Poland evidence this round)","Composite",""
"material","mat-cf-uni-t800","T800 Unidirectional CF/Epoxy Prepreg","227.38","227.38","0","zł/kg","held (no Poland evidence this round)","Composite",""
"material","mat-smc-gf","SMC (Glass-Filled Sheet Moulding Compound)","14.09","14.09","0","zł/kg","held (no Poland evidence this round)","Composite",""
"material","mat-bmc","BMC (Bulk Moulding Compound)","15.32","15.32","0","zł/kg","held (no Poland evidence this round)","Composite",""
"material","mat-csm-gf","E-glass Chopped Strand Mat (450 g/m²)","15.82","15.82","0","zł/kg","held (no Poland evidence this round)","Composite",""
"material","mat-cf-peek-organo","CF/PEEK Organosheet (Thermoplastic)","306.47","306.47","0","zł/kg","held (no Poland evidence this round)","Composite",""
"material","mat-nomex-honeycomb","Nomex Honeycomb Core","207.61","207.61","0","zł/kg","held (no Poland evidence this round)","Composite",""
"material","mat-pet-foam-core","PET Structural Foam Core","46.96","46.96","0","zł/kg","held (no Poland evidence this round)","Composite",""
"labour","category:skilled","skilled","60.64","66.34","9.4","zł/h fully loaded","updated","3 × 8 h Mon–Fri. Pay: 12 × 7,625 = 91,500 − sick-pay saving 20% × 10 days × (7,625 ÷ 20.92 days) 729 = 90,771; + night allowance 5.744 PLN/h × (1,720 ÷ 3 = 573.3 night h) = 3,293; + employer on-costs 21.98% × contribution base (91,500 − sick days 3,645 + night 3,293 = 91,148) = 20,034; annual cost 114,099 ÷ 1,720 productive h = 66.34","https://wynagrodzenia.pl/moja-placa/ile-zarabia-operator-cnc"
"labour","category:semiskilled","semiskilled","45.46","61.46","35.2","zł/h fully loaded","updated","3 × 8 h Mon–Fri. Pay: 12 × 7,044 = 84,528 − sick-pay saving 20% × 10 days × (7,044 ÷ 20.92 days) 674 = 83,854; + night allowance 5.744 PLN/h × (1,720 ÷ 3 = 573.3 night h) = 3,293; + employer on-costs 21.98% × contribution base (84,528 − sick days 3,368 + night 3,293 = 84,454) = 18,563; annual cost 105,711 ÷ 1,720 productive h = 61.46","https://wynagrodzenia.pl/moja-placa/ile-zarabia-operator-maszyn-i-urzadzen-produkcyjnych"
"labour","category:foundry","foundry","40.41","56.57","39.99","zł/h fully loaded","updated","3 × 8 h Mon–Fri. Pay: 12 × 6,462 = 77,544 − sick-pay saving 20% × 10 days × (6,462 ÷ 20.92 days) 618 = 76,926; + night allowance 5.744 PLN/h × (1,720 ÷ 3 = 573.3 night h) = 3,293; + employer on-costs 21.98% × contribution base (77,544 − sick days 3,089 + night 3,293 = 77,748) = 17,089; annual cost 97,308 ÷ 1,720 productive h = 56.57","https://wynagrodzenia.pl/moja-placa/ile-zarabia-formierz"
"labour","category:electronics","electronics","53.05","54.8","3.3","zł/h fully loaded","updated","3 × 8 h Mon–Fri. Pay: 12 × 6,250 = 75,000 − sick-pay saving 20% × 10 days × (6,250 ÷ 20.92 days) 598 = 74,402; + night allowance 5.744 PLN/h × (1,720 ÷ 3 = 573.3 night h) = 3,293; + employer on-costs 21.98% × contribution base (75,000 − sick days 2,988 + night 3,293 = 75,305) = 16,552; annual cost 94,248 ÷ 1,720 productive h = 54.80","https://www.pracuj.pl/praca/operator-ka-maszyn-smt-krakow-christo-botewa-6,oferta,1004966189"
"labour","category:inspector","inspector","60.64","61.63","1.63","zł/h fully loaded","updated","3 × 8 h Mon–Fri. Pay: 12 × 7,064 = 84,768 − sick-pay saving 20% × 10 days × (7,064 ÷ 20.92 days) 675 = 84,093; + night allowance 5.744 PLN/h × (1,720 ÷ 3 = 573.3 night h) = 3,293; + employer on-costs 21.98% × contribution base (84,768 − sick days 3,377 + night 3,293 = 84,684) = 18,614; annual cost 105,999 ÷ 1,720 productive h = 61.63","https://wynagrodzenia.pl/moja-placa/ile-zarabia-kontroler-jakosci"
"labour","category:technician","technician","66.71","72.71","8.99","zł/h fully loaded","updated","3 × 8 h Mon–Fri. Pay: 12 × 8,384 = 100,608 − sick-pay saving 20% × 10 days × (8,384 ÷ 20.92 days) 802 = 99,806; + night allowance 5.744 PLN/h × (1,720 ÷ 3 = 573.3 night h) = 3,293; + employer on-costs 21.98% × contribution base (100,608 − sick days 4,008 + night 3,293 = 99,893) = 21,956; annual cost 125,056 ÷ 1,720 productive h = 72.71","https://wynagrodzenia.pl/moja-placa/ile-zarabia-technik-utrzymania-ruchu"
"labour","category:supervisor","supervisor","81.84","77.06","-5.84","zł/h fully loaded","updated","3 × 8 h Mon–Fri. Pay: 12 × 8,903 = 106,836 − sick-pay saving 20% × 10 days × (8,903 ÷ 20.92 days) 851 = 105,985; + night allowance 5.744 PLN/h × (1,720 ÷ 3 = 573.3 night h) = 3,293; + employer on-costs 21.98% × contribution base (106,836 − sick days 4,256 + night 3,293 = 105,873) = 23,271; annual cost 132,549 ÷ 1,720 productive h = 77.06","https://wynagrodzenia.pl/moja-placa/ile-zarabia-mistrz-zmiany"
"labour","category:engineer","engineer","101.05","85.02","-15.86","zł/h fully loaded","updated","Day shift, salaried. Pay 12 × 10,129 − sick-pay saving 969 = 120,579; + 21.98% × (121,548 − 4,843 = 116,705) = 25,652; annual 146,231 ÷ 1,720 h = 85.02","https://wynagrodzenia.pl/moja-placa/ile-zarabia-inzynier-procesu"
"labour","lab-uk-forge (Poland)","forge","41.33","59.97","45.1","zł/h fully loaded","updated","3 × 8 h Mon–Fri. Pay: 12 × 6,867 = 82,404 − sick-pay saving 20% × 10 days × (6,867 ÷ 20.92 days) 657 = 81,747; + night allowance 5.744 PLN/h × (1,720 ÷ 3 = 573.3 night h) = 3,293; + employer on-costs 21.98% × contribution base (82,404 − sick days 3,283 + night 3,293 = 82,414) = 18,115; annual cost 103,155 ÷ 1,720 productive h = 59.97","https://wynagrodzenia.pl/moja-placa/ile-zarabia-operator-pras"
"labour","lab-uk-furnace (Poland)","furnace","40.41","56.57","39.99","zł/h fully loaded","updated","3 × 8 h Mon–Fri. Pay: 12 × 6,462 = 77,544 − sick-pay saving 20% × 10 days × (6,462 ÷ 20.92 days) 618 = 76,926; + night allowance 5.744 PLN/h × (1,720 ÷ 3 = 573.3 night h) = 3,293; + employer on-costs 21.98% × contribution base (77,544 − sick days 3,089 + night 3,293 = 77,748) = 17,089; annual cost 97,308 ÷ 1,720 productive h = 56.57","https://wynagrodzenia.pl/moja-placa/ile-zarabia-formierz"
"labour","lab-uk-blow (Poland)","blow","42.55","55.09","29.47","zł/h fully loaded","updated","3 × 8 h Mon–Fri. Pay: 12 × 6,285 = 75,420 − sick-pay saving 20% × 10 days × (6,285 ÷ 20.92 days) 601 = 74,819; + night allowance 5.744 PLN/h × (1,720 ÷ 3 = 573.3 night h) = 3,293; + employer on-costs 21.98% × contribution base (75,420 − sick days 3,005 + night 3,293 = 75,709) = 16,641; annual cost 94,753 ÷ 1,720 productive h = 55.09","https://wynagrodzenia.pl/moja-placa/ile-zarabia-operator-wtryskarki"
"labour","lab-uk-roto (Poland)","roto","42.55","55.09","29.47","zł/h fully loaded","updated","3 × 8 h Mon–Fri. Pay: 12 × 6,285 = 75,420 − sick-pay saving 20% × 10 days × (6,285 ÷ 20.92 days) 601 = 74,819; + night allowance 5.744 PLN/h × (1,720 ÷ 3 = 573.3 night h) = 3,293; + employer on-costs 21.98% × contribution base (75,420 − sick days 3,005 + night 3,293 = 75,709) = 16,641; annual cost 94,753 ÷ 1,720 productive h = 55.09","https://wynagrodzenia.pl/moja-placa/ile-zarabia-operator-wtryskarki"
"labour","lab-uk-thermoform (Poland)","thermoform","42.55","55.09","29.47","zł/h fully loaded","updated","3 × 8 h Mon–Fri. Pay: 12 × 6,285 = 75,420 − sick-pay saving 20% × 10 days × (6,285 ÷ 20.92 days) 601 = 74,819; + night allowance 5.744 PLN/h × (1,720 ÷ 3 = 573.3 night h) = 3,293; + employer on-costs 21.98% × contribution base (75,420 − sick days 3,005 + night 3,293 = 75,709) = 16,641; annual cost 94,753 ÷ 1,720 productive h = 55.09","https://wynagrodzenia.pl/moja-placa/ile-zarabia-operator-wtryskarki"
"labour","lab-uk-trim-router (Poland)","trim-router","45.46","66.34","45.93","zł/h fully loaded","updated","3 × 8 h Mon–Fri. Pay: 12 × 7,625 = 91,500 − sick-pay saving 20% × 10 days × (7,625 ÷ 20.92 days) 729 = 90,771; + night allowance 5.744 PLN/h × (1,720 ÷ 3 = 573.3 night h) = 3,293; + employer on-costs 21.98% × contribution base (91,500 − sick days 3,645 + night 3,293 = 91,148) = 20,034; annual cost 114,099 ÷ 1,720 productive h = 66.34","https://wynagrodzenia.pl/moja-placa/ile-zarabia-operator-cnc"
"energy","electricity","industrial electricity","0.7","0.7","0","zł/kWh","updated","Electricity zł0.702/kWh ex-VAT: TGE 2026 baseload year zł0.4305 + 2026 capacity fee zł0.2194 in weekday 07–21 h (zł0.128 on a flat 3-shift load) + network zł0.129 (Forum Energii 2024, energy-intensive industry — a proxy) + OZE zł0.0073 + cogeneration zł0.003 + excise zł0.005; the book's zł0.698 agrees (Eurostat band IC, H2 2025, zł0.536 before the capacity-fee rise). Gas zł0.249/kWh ex-VAT (GCV): TGE day-ahead Mar–Apr 2026 zł0.224 + PSG variable distribution zł0.025 (2024) — a FLOOR (fixed / capacity charges and supplier margin not found); the EU-average non-household band I3, H2 2025, is zł0.265 and agrees; the book had zł0.408","derived ; https://tge.pl/pub/TGE/komunikaty/2026/01/2026.01.07_podsumowanie dzialalnosci tge w 2025 roku.pdf ; https://www.gramwzielone.pl/?p=20339842 ; https://www.forum-energii.eu/download/pobierz/rachunek-za-konkurencyjnosc ; https://tge.pl/pub/TGE/komunikaty/2026/05/2026.05.06_podsumowanie dzialalnosci tge w kwietniu 2026.pdf ; https://pgnig.pl/documents/10184/45904/Informacja+w+zakresie+stawek+op%C5%82at+obowi%C4%85zuj%C4%85cych+w+okresie+I-VI+2024+r.+w+rozliczeniach+z+odbiorcami+uprawnionymi+do+ochrony+taryfowej+przy%C5%82%C4%85czonych+do+sieci+PSG/6eb476a2-88d4-4672-a10f-3e7cac239245"
"energy","gas","industrial gas","0.41","0.25","-39.02","zł/kWh","updated","Electricity zł0.702/kWh ex-VAT: TGE 2026 baseload year zł0.4305 + 2026 capacity fee zł0.2194 in weekday 07–21 h (zł0.128 on a flat 3-shift load) + network zł0.129 (Forum Energii 2024, energy-intensive industry — a proxy) + OZE zł0.0073 + cogeneration zł0.003 + excise zł0.005; the book's zł0.698 agrees (Eurostat band IC, H2 2025, zł0.536 before the capacity-fee rise). Gas zł0.249/kWh ex-VAT (GCV): TGE day-ahead Mar–Apr 2026 zł0.224 + PSG variable distribution zł0.025 (2024) — a FLOOR (fixed / capacity charges and supplier margin not found); the EU-average non-household band I3, H2 2025, is zł0.265 and agrees; the book had zł0.408","derived ; https://tge.pl/pub/TGE/komunikaty/2026/01/2026.01.07_podsumowanie dzialalnosci tge w 2025 roku.pdf ; https://www.gramwzielone.pl/?p=20339842 ; https://www.forum-energii.eu/download/pobierz/rachunek-za-konkurencyjnosc ; https://tge.pl/pub/TGE/komunikaty/2026/05/2026.05.06_podsumowanie dzialalnosci tge w kwietniu 2026.pdf ; https://pgnig.pl/documents/10184/45904/Informacja+w+zakresie+stawek+op%C5%82at+obowi%C4%85zuj%C4%85cych+w+okresie+I-VI+2024+r.+w+rozliczeniach+z+odbiorcami+uprawnionymi+do+ochrony+taryfowej+przy%C5%82%C4%85czonych+do+sieci+PSG/6eb476a2-88d4-4672-a10f-3e7cac239245"
"machine","mach-lathe-cnc","CNC Lathe (2-axis)","28.93","20.36","-29.62","zł/h machine only","updated (Poland operating model; capital held — capex not sourced)","Poland book 2026-10-10: capital HELD at the book's UK × 0.72 (capex not sourced for Poland: the book's capital (UK × 0.72) is HELD — round-2 evidence shows it both ways (aluminium extrusion lines ~2–3× low, press brakes ~4× high in the UK build-ups); the Poland operating model (3 × 8 h hours, straight-line tax life, loan finance, rent, tariff, support at Polish wages) is applied): depreciation × 1.000 (shift pattern), maintenance per running hour held, finance re-rated 4% → 8.22%; 73 m² at zł240.60 (£47.21)/m²/yr, 57,369 kWh at zł0.7022 (£0.1378)/kWh, support at 0.4658 of UK wages, 6,024 h × 0.8 (3 × 8 h, Monday–Friday, 251 working days in 2026 = 6,024 h (the labour model's pattern); Polish straight-line tax depreciation — no shift uplift on held capital; SME machinery / investment loan WIBOR 3M 3.82% + 3.9–4.9 pp = 7.72–8.72%, midpoint 8.22% (cooperative bank tariff, Mar 2026); NBP reference rate 3.75% (7 Oct 2026) — a large Tier-1 borrows below this; the book's line build-ups use 4% on half the capex; rent zł20.05/m²/month (warehouse / light-industrial headline rent midpoints: Upper Silesia zł20.12, Wrocław zł18.92, Poznań zł21.10 per m²/month (€3.15–6.00 at zł4.374/€; ceo.com.pl, ~Apr 2026) — mean; CBRE Q2 2026 national €4.7 = zł20.56 agrees; Rzeszów listings only); maintenance the library's own line build-up rule (3.5% of capex); no Polish norm found)",""
"machine","mach-vmc3","CNC VMC 3-axis","41.15","31.85","-22.6","zł/h machine only","updated (Poland capex + operating model)","Poland book 2026-10-10: capex zł284,288 (£55,787) (cnc-vmc-eu: mach-vmc3 zł284,288 (£55,787) — Haas VF-2SSYT-EU list €64,995 on Haas's Polish site = zł284,288 (machine only; delivery, installation and tooling not included); US list $70,995 = zł273,260 agrees — an imported machine costs Poland what it costs the EU), 7.14-yr life, maintenance 3.5% of capex, finance 8.22% on half the capex; 110 m² at zł240.60 (£47.21)/m²/yr, 80,314 kWh at zł0.7022 (£0.1378)/kWh, support at 0.4658 of UK wages, 6,024 h × 0.8 (3 × 8 h, Monday–Friday, 251 working days in 2026 = 6,024 h (the labour model's pattern); Polish straight-line tax depreciation — no shift uplift on held capital; SME machinery / investment loan WIBOR 3M 3.82% + 3.9–4.9 pp = 7.72–8.72%, midpoint 8.22% (cooperative bank tariff, Mar 2026); NBP reference rate 3.75% (7 Oct 2026) — a large Tier-1 borrows below this; the book's line build-ups use 4% on half the capex; rent zł20.05/m²/month (warehouse / light-industrial headline rent midpoints: Upper Silesia zł20.12, Wrocław zł18.92, Poznań zł21.10 per m²/month (€3.15–6.00 at zł4.374/€; ceo.com.pl, ~Apr 2026) — mean; CBRE Q2 2026 national €4.7 = zł20.56 agrees; Rzeszów listings only); maintenance the library's own line build-up rule (3.5% of capex); no Polish norm found)","https://www.haascnc.com/pl/machines/Special-Series/eu-series/vf-2ssyt-eu.html"
"machine","mach-vmc5","CNC VMC 5-axis","72.5","47.17","-34.94","zł/h machine only","updated (Poland capex + operating model)","Poland book 2026-10-10: capex zł461,861 (£90,632) (cnc-5axis-eu: mach-vmc5 zł461,861 (£90,632) — Haas UMC-500 ""from $119,995"" (US list, older article) = zł461,861 — no EU price found), 7.14-yr life, maintenance 3.5% of capex, finance 8.22% on half the capex; 165 m² at zł240.60 (£47.21)/m²/yr, 85,652 kWh at zł0.7022 (£0.1378)/kWh, support at 0.4658 of UK wages, 6,024 h × 0.78 (3 × 8 h, Monday–Friday, 251 working days in 2026 = 6,024 h (the labour model's pattern); Polish straight-line tax depreciation — no shift uplift on held capital; SME machinery / investment loan WIBOR 3M 3.82% + 3.9–4.9 pp = 7.72–8.72%, midpoint 8.22% (cooperative bank tariff, Mar 2026); NBP reference rate 3.75% (7 Oct 2026) — a large Tier-1 borrows below this; the book's line build-ups use 4% on half the capex; rent zł20.05/m²/month (warehouse / light-industrial headline rent midpoints: Upper Silesia zł20.12, Wrocław zł18.92, Poznań zł21.10 per m²/month (€3.15–6.00 at zł4.374/€; ceo.com.pl, ~Apr 2026) — mean; CBRE Q2 2026 national €4.7 = zł20.56 agrees; Rzeszów listings only); maintenance the library's own line build-up rule (3.5% of capex); no Polish norm found)","https://www.haascnc.com/machines/vertical-mills/universal-machine/models/umc-500.html"
"machine","mach-drill","CNC Drilling Centre","24.69","18.65","-24.46","zł/h machine only","updated (Poland capex + operating model)","Poland book 2026-10-10: capex zł144,735 (£28,402) (cnc-vmc-eu: mach-vmc3 zł284,288 (£55,787) × book size 0.509 — Haas VF-2SSYT-EU list €64,995 on Haas's Polish site = zł284,288 (machine only; delivery, installation and tooling not included); US list $70,995 = zł273,260 agrees — an imported machine costs Poland what it costs the EU), 7.14-yr life, maintenance 3.5% of capex, finance 8.22% on half the capex; 73 m² at zł240.60 (£47.21)/m²/yr, 51,634 kWh at zł0.7022 (£0.1378)/kWh, support at 0.4658 of UK wages, 6,024 h × 0.8 (3 × 8 h, Monday–Friday, 251 working days in 2026 = 6,024 h (the labour model's pattern); Polish straight-line tax depreciation — no shift uplift on held capital; SME machinery / investment loan WIBOR 3M 3.82% + 3.9–4.9 pp = 7.72–8.72%, midpoint 8.22% (cooperative bank tariff, Mar 2026); NBP reference rate 3.75% (7 Oct 2026) — a large Tier-1 borrows below this; the book's line build-ups use 4% on half the capex; rent zł20.05/m²/month (warehouse / light-industrial headline rent midpoints: Upper Silesia zł20.12, Wrocław zł18.92, Poznań zł21.10 per m²/month (€3.15–6.00 at zł4.374/€; ceo.com.pl, ~Apr 2026) — mean; CBRE Q2 2026 national €4.7 = zł20.56 agrees; Rzeszów listings only); maintenance the library's own line build-up rule (3.5% of capex); no Polish norm found)","https://www.haascnc.com/pl/machines/Special-Series/eu-series/vf-2ssyt-eu.html"
"machine","mach-grind","CNC Cylindrical Grinder","197.58","158.49","-19.78","zł/h machine only","updated (Poland operating model; capital held — capex not sourced)","Poland book 2026-10-10: capital HELD at the book's UK × 0.72 (capex not sourced for Poland: the book's capital (UK × 0.72) is HELD — round-2 evidence shows it both ways (aluminium extrusion lines ~2–3× low, press brakes ~4× high in the UK build-ups); the Poland operating model (3 × 8 h hours, straight-line tax life, loan finance, rent, tariff, support at Polish wages) is applied): depreciation × 1.000 (shift pattern), maintenance per running hour held, finance re-rated 4% → 8.22%; 92 m² at zł240.60 (£47.21)/m²/yr, 183,335 kWh at zł0.7022 (£0.1378)/kWh, support at 0.4658 of UK wages, 6,024 h × 0.78 (3 × 8 h, Monday–Friday, 251 working days in 2026 = 6,024 h (the labour model's pattern); Polish straight-line tax depreciation — no shift uplift on held capital; SME machinery / investment loan WIBOR 3M 3.82% + 3.9–4.9 pp = 7.72–8.72%, midpoint 8.22% (cooperative bank tariff, Mar 2026); NBP reference rate 3.75% (7 Oct 2026) — a large Tier-1 borrows below this; the book's line build-ups use 4% on half the capex; rent zł20.05/m²/month (warehouse / light-industrial headline rent midpoints: Upper Silesia zł20.12, Wrocław zł18.92, Poznań zł21.10 per m²/month (€3.15–6.00 at zł4.374/€; ceo.com.pl, ~Apr 2026) — mean; CBRE Q2 2026 national €4.7 = zł20.56 agrees; Rzeszów listings only); maintenance the library's own line build-up rule (3.5% of capex); no Polish norm found)",""
"machine","gear-hob-small","CNC Gear Hobber — small (≤m4, ≤Ø200)","205.11","162.4","-20.82","zł/h machine only","updated (Poland operating model; capital held — capex not sourced)","Poland book 2026-10-10: capital HELD at the book's UK × 0.72 (capex not sourced for Poland: the book's capital (UK × 0.72) is HELD — round-2 evidence shows it both ways (aluminium extrusion lines ~2–3× low, press brakes ~4× high in the UK build-ups); the Poland operating model (3 × 8 h hours, straight-line tax life, loan finance, rent, tariff, support at Polish wages) is applied): depreciation × 1.000 (shift pattern), maintenance per running hour held, finance re-rated 4% → 8.22%; 101 m² at zł240.60 (£47.21)/m²/yr, 170,244 kWh at zł0.7022 (£0.1378)/kWh, support at 0.4658 of UK wages, 6,024 h × 0.8 (3 × 8 h, Monday–Friday, 251 working days in 2026 = 6,024 h (the labour model's pattern); Polish straight-line tax depreciation — no shift uplift on held capital; SME machinery / investment loan WIBOR 3M 3.82% + 3.9–4.9 pp = 7.72–8.72%, midpoint 8.22% (cooperative bank tariff, Mar 2026); NBP reference rate 3.75% (7 Oct 2026) — a large Tier-1 borrows below this; the book's line build-ups use 4% on half the capex; rent zł20.05/m²/month (warehouse / light-industrial headline rent midpoints: Upper Silesia zł20.12, Wrocław zł18.92, Poznań zł21.10 per m²/month (€3.15–6.00 at zł4.374/€; ceo.com.pl, ~Apr 2026) — mean; CBRE Q2 2026 national €4.7 = zł20.56 agrees; Rzeszów listings only); maintenance the library's own line build-up rule (3.5% of capex); no Polish norm found)",""
"machine","gear-hob-medium","CNC Gear Hobber — medium (≤m8, ≤Ø500)","281.68","218.26","-22.51","zł/h machine only","updated (Poland operating model; capital held — capex not sourced)","Poland book 2026-10-10: capital HELD at the book's UK × 0.72 (capex not sourced for Poland: the book's capital (UK × 0.72) is HELD — round-2 evidence shows it both ways (aluminium extrusion lines ~2–3× low, press brakes ~4× high in the UK build-ups); the Poland operating model (3 × 8 h hours, straight-line tax life, loan finance, rent, tariff, support at Polish wages) is applied): depreciation × 1.000 (shift pattern), maintenance per running hour held, finance re-rated 4% → 8.22%; 147 m² at zł240.60 (£47.21)/m²/yr, 222,623 kWh at zł0.7022 (£0.1378)/kWh, support at 0.4658 of UK wages, 6,024 h × 0.78 (3 × 8 h, Monday–Friday, 251 working days in 2026 = 6,024 h (the labour model's pattern); Polish straight-line tax depreciation — no shift uplift on held capital; SME machinery / investment loan WIBOR 3M 3.82% + 3.9–4.9 pp = 7.72–8.72%, midpoint 8.22% (cooperative bank tariff, Mar 2026); NBP reference rate 3.75% (7 Oct 2026) — a large Tier-1 borrows below this; the book's line build-ups use 4% on half the capex; rent zł20.05/m²/month (warehouse / light-industrial headline rent midpoints: Upper Silesia zł20.12, Wrocław zł18.92, Poznań zł21.10 per m²/month (€3.15–6.00 at zł4.374/€; ceo.com.pl, ~Apr 2026) — mean; CBRE Q2 2026 national €4.7 = zł20.56 agrees; Rzeszów listings only); maintenance the library's own line build-up rule (3.5% of capex); no Polish norm found)",""
"machine","gear-hob-large","CNC Gear Hobber — large (≤m25, ≤Ø1600)","521.56","383.92","-26.39","zł/h machine only","updated (Poland operating model; capital held — capex not sourced)","Poland book 2026-10-10: capital HELD at the book's UK × 0.72 (capex not sourced for Poland: the book's capital (UK × 0.72) is HELD — round-2 evidence shows it both ways (aluminium extrusion lines ~2–3× low, press brakes ~4× high in the UK build-ups); the Poland operating model (3 × 8 h hours, straight-line tax life, loan finance, rent, tariff, support at Polish wages) is applied): depreciation × 1.000 (shift pattern), maintenance per running hour held, finance re-rated 4% → 8.22%; 275 m² at zł240.60 (£47.21)/m²/yr, 358,409 kWh at zł0.7022 (£0.1378)/kWh, support at 0.4658 of UK wages, 6,024 h × 0.7 (3 × 8 h, Monday–Friday, 251 working days in 2026 = 6,024 h (the labour model's pattern); Polish straight-line tax depreciation — no shift uplift on held capital; SME machinery / investment loan WIBOR 3M 3.82% + 3.9–4.9 pp = 7.72–8.72%, midpoint 8.22% (cooperative bank tariff, Mar 2026); NBP reference rate 3.75% (7 Oct 2026) — a large Tier-1 borrows below this; the book's line build-ups use 4% on half the capex; rent zł20.05/m²/month (warehouse / light-industrial headline rent midpoints: Upper Silesia zł20.12, Wrocław zł18.92, Poznań zł21.10 per m²/month (€3.15–6.00 at zł4.374/€; ceo.com.pl, ~Apr 2026) — mean; CBRE Q2 2026 national €4.7 = zł20.56 agrees; Rzeszów listings only); maintenance the library's own line build-up rule (3.5% of capex); no Polish norm found)",""
"machine","gear-shaper-small","CNC Gear Shaper — small (≤m6, ≤Ø300)","205.44","163.02","-20.65","zł/h machine only","updated (Poland operating model; capital held — capex not sourced)","Poland book 2026-10-10: capital HELD at the book's UK × 0.72 (capex not sourced for Poland: the book's capital (UK × 0.72) is HELD — round-2 evidence shows it both ways (aluminium extrusion lines ~2–3× low, press brakes ~4× high in the UK build-ups); the Poland operating model (3 × 8 h hours, straight-line tax life, loan finance, rent, tariff, support at Polish wages) is applied): depreciation × 1.000 (shift pattern), maintenance per running hour held, finance re-rated 4% → 8.22%; 101 m² at zł240.60 (£47.21)/m²/yr, 157,145 kWh at zł0.7022 (£0.1378)/kWh, support at 0.4658 of UK wages, 6,024 h × 0.78 (3 × 8 h, Monday–Friday, 251 working days in 2026 = 6,024 h (the labour model's pattern); Polish straight-line tax depreciation — no shift uplift on held capital; SME machinery / investment loan WIBOR 3M 3.82% + 3.9–4.9 pp = 7.72–8.72%, midpoint 8.22% (cooperative bank tariff, Mar 2026); NBP reference rate 3.75% (7 Oct 2026) — a large Tier-1 borrows below this; the book's line build-ups use 4% on half the capex; rent zł20.05/m²/month (warehouse / light-industrial headline rent midpoints: Upper Silesia zł20.12, Wrocław zł18.92, Poznań zł21.10 per m²/month (€3.15–6.00 at zł4.374/€; ceo.com.pl, ~Apr 2026) — mean; CBRE Q2 2026 national €4.7 = zł20.56 agrees; Rzeszów listings only); maintenance the library's own line build-up rule (3.5% of capex); no Polish norm found)",""
"machine","gear-shaper-large","CNC Gear Shaper — large (≤m12, ≤Ø800)","341.7","256.17","-25.03","zł/h machine only","updated (Poland operating model; capital held — capex not sourced)","Poland book 2026-10-10: capital HELD at the book's UK × 0.72 (capex not sourced for Poland: the book's capital (UK × 0.72) is HELD — round-2 evidence shows it both ways (aluminium extrusion lines ~2–3× low, press brakes ~4× high in the UK build-ups); the Poland operating model (3 × 8 h hours, straight-line tax life, loan finance, rent, tariff, support at Polish wages) is applied): depreciation × 1.000 (shift pattern), maintenance per running hour held, finance re-rated 4% → 8.22%; 184 m² at zł240.60 (£47.21)/m²/yr, 248,129 kWh at zł0.7022 (£0.1378)/kWh, support at 0.4658 of UK wages, 6,024 h × 0.74 (3 × 8 h, Monday–Friday, 251 working days in 2026 = 6,024 h (the labour model's pattern); Polish straight-line tax depreciation — no shift uplift on held capital; SME machinery / investment loan WIBOR 3M 3.82% + 3.9–4.9 pp = 7.72–8.72%, midpoint 8.22% (cooperative bank tariff, Mar 2026); NBP reference rate 3.75% (7 Oct 2026) — a large Tier-1 borrows below this; the book's line build-ups use 4% on half the capex; rent zł20.05/m²/month (warehouse / light-industrial headline rent midpoints: Upper Silesia zł20.12, Wrocław zł18.92, Poznań zł21.10 per m²/month (€3.15–6.00 at zł4.374/€; ceo.com.pl, ~Apr 2026) — mean; CBRE Q2 2026 national €4.7 = zł20.56 agrees; Rzeszów listings only); maintenance the library's own line build-up rule (3.5% of capex); no Polish norm found)",""
"machine","gear-skive-small","Power Skiving Machine — small (≤m4, ≤Ø250)","306.91","238.03","-22.44","zł/h machine only","updated (Poland operating model; capital held — capex not sourced)","Poland book 2026-10-10: capital HELD at the book's UK × 0.72 (capex not sourced for Poland: the book's capital (UK × 0.72) is HELD — round-2 evidence shows it both ways (aluminium extrusion lines ~2–3× low, press brakes ~4× high in the UK build-ups); the Poland operating model (3 × 8 h hours, straight-line tax life, loan finance, rent, tariff, support at Polish wages) is applied): depreciation × 1.000 (shift pattern), maintenance per running hour held, finance re-rated 4% → 8.22%; 129 m² at zł240.60 (£47.21)/m²/yr, 209,533 kWh at zł0.7022 (£0.1378)/kWh, support at 0.4658 of UK wages, 6,024 h × 0.8 (3 × 8 h, Monday–Friday, 251 working days in 2026 = 6,024 h (the labour model's pattern); Polish straight-line tax depreciation — no shift uplift on held capital; SME machinery / investment loan WIBOR 3M 3.82% + 3.9–4.9 pp = 7.72–8.72%, midpoint 8.22% (cooperative bank tariff, Mar 2026); NBP reference rate 3.75% (7 Oct 2026) — a large Tier-1 borrows below this; the book's line build-ups use 4% on half the capex; rent zł20.05/m²/month (warehouse / light-industrial headline rent midpoints: Upper Silesia zł20.12, Wrocław zł18.92, Poznań zł21.10 per m²/month (€3.15–6.00 at zł4.374/€; ceo.com.pl, ~Apr 2026) — mean; CBRE Q2 2026 national €4.7 = zł20.56 agrees; Rzeszów listings only); maintenance the library's own line build-up rule (3.5% of capex); no Polish norm found)",""
"machine","gear-skive-medium","Power Skiving Machine — medium (≤m8, ≤Ø600)","427.4","327.55","-23.36","zł/h machine only","updated (Poland operating model; capital held — capex not sourced)","Poland book 2026-10-10: capital HELD at the book's UK × 0.72 (capex not sourced for Poland: the book's capital (UK × 0.72) is HELD — round-2 evidence shows it both ways (aluminium extrusion lines ~2–3× low, press brakes ~4× high in the UK build-ups); the Poland operating model (3 × 8 h hours, straight-line tax life, loan finance, rent, tariff, support at Polish wages) is applied): depreciation × 1.000 (shift pattern), maintenance per running hour held, finance re-rated 4% → 8.22%; 202 m² at zł240.60 (£47.21)/m²/yr, 288,109 kWh at zł0.7022 (£0.1378)/kWh, support at 0.4658 of UK wages, 6,024 h × 0.78 (3 × 8 h, Monday–Friday, 251 working days in 2026 = 6,024 h (the labour model's pattern); Polish straight-line tax depreciation — no shift uplift on held capital; SME machinery / investment loan WIBOR 3M 3.82% + 3.9–4.9 pp = 7.72–8.72%, midpoint 8.22% (cooperative bank tariff, Mar 2026); NBP reference rate 3.75% (7 Oct 2026) — a large Tier-1 borrows below this; the book's line build-ups use 4% on half the capex; rent zł20.05/m²/month (warehouse / light-industrial headline rent midpoints: Upper Silesia zł20.12, Wrocław zł18.92, Poznań zł21.10 per m²/month (€3.15–6.00 at zł4.374/€; ceo.com.pl, ~Apr 2026) — mean; CBRE Q2 2026 national €4.7 = zł20.56 agrees; Rzeszów listings only); maintenance the library's own line build-up rule (3.5% of capex); no Polish norm found)",""
"machine","gear-broach","Vertical Internal Gear Broach","227.12","176.59","-22.25","zł/h machine only","updated (Poland operating model; capital held — capex not sourced)","Poland book 2026-10-10: capital HELD at the book's UK × 0.72 (capex not sourced for Poland: the book's capital (UK × 0.72) is HELD — round-2 evidence shows it both ways (aluminium extrusion lines ~2–3× low, press brakes ~4× high in the UK build-ups); the Poland operating model (3 × 8 h hours, straight-line tax life, loan finance, rent, tariff, support at Polish wages) is applied): depreciation × 1.000 (shift pattern), maintenance per running hour held, finance re-rated 4% → 8.22%; 165 m² at zł240.60 (£47.21)/m²/yr, 196,434 kWh at zł0.7022 (£0.1378)/kWh, support at 0.4658 of UK wages, 6,024 h × 0.85 (3 × 8 h, Monday–Friday, 251 working days in 2026 = 6,024 h (the labour model's pattern); Polish straight-line tax depreciation — no shift uplift on held capital; SME machinery / investment loan WIBOR 3M 3.82% + 3.9–4.9 pp = 7.72–8.72%, midpoint 8.22% (cooperative bank tariff, Mar 2026); NBP reference rate 3.75% (7 Oct 2026) — a large Tier-1 borrows below this; the book's line build-ups use 4% on half the capex; rent zł20.05/m²/month (warehouse / light-industrial headline rent midpoints: Upper Silesia zł20.12, Wrocław zł18.92, Poznań zł21.10 per m²/month (€3.15–6.00 at zł4.374/€; ceo.com.pl, ~Apr 2026) — mean; CBRE Q2 2026 national €4.7 = zł20.56 agrees; Rzeszów listings only); maintenance the library's own line build-up rule (3.5% of capex); no Polish norm found)",""
"machine","gear-grind-generating","Generating Gear Grinder (threaded wheel, ≤m6)","466.59","360.96","-22.64","zł/h machine only","updated (Poland operating model; capital held — capex not sourced)","Poland book 2026-10-10: capital HELD at the book's UK × 0.72 (capex not sourced for Poland: the book's capital (UK × 0.72) is HELD — round-2 evidence shows it both ways (aluminium extrusion lines ~2–3× low, press brakes ~4× high in the UK build-ups); the Poland operating model (3 × 8 h hours, straight-line tax life, loan finance, rent, tariff, support at Polish wages) is applied): depreciation × 1.000 (shift pattern), maintenance per running hour held, finance re-rated 4% → 8.22%; 202 m² at zł240.60 (£47.21)/m²/yr, 360,133 kWh at zł0.7022 (£0.1378)/kWh, support at 0.4658 of UK wages, 6,024 h × 0.78 (3 × 8 h, Monday–Friday, 251 working days in 2026 = 6,024 h (the labour model's pattern); Polish straight-line tax depreciation — no shift uplift on held capital; SME machinery / investment loan WIBOR 3M 3.82% + 3.9–4.9 pp = 7.72–8.72%, midpoint 8.22% (cooperative bank tariff, Mar 2026); NBP reference rate 3.75% (7 Oct 2026) — a large Tier-1 borrows below this; the book's line build-ups use 4% on half the capex; rent zł20.05/m²/month (warehouse / light-industrial headline rent midpoints: Upper Silesia zł20.12, Wrocław zł18.92, Poznań zł21.10 per m²/month (€3.15–6.00 at zł4.374/€; ceo.com.pl, ~Apr 2026) — mean; CBRE Q2 2026 national €4.7 = zł20.56 agrees; Rzeszów listings only); maintenance the library's own line build-up rule (3.5% of capex); no Polish norm found)",""
"machine","gear-grind-profile","Profile Gear Grinder (form wheel, ≤m12)","612.94","457.62","-25.34","zł/h machine only","updated (Poland operating model; capital held — capex not sourced)","Poland book 2026-10-10: capital HELD at the book's UK × 0.72 (capex not sourced for Poland: the book's capital (UK × 0.72) is HELD — round-2 evidence shows it both ways (aluminium extrusion lines ~2–3× low, press brakes ~4× high in the UK build-ups); the Poland operating model (3 × 8 h hours, straight-line tax life, loan finance, rent, tariff, support at Polish wages) is applied): depreciation × 1.000 (shift pattern), maintenance per running hour held, finance re-rated 4% → 8.22%; 257 m² at zł240.60 (£47.21)/m²/yr, 427,333 kWh at zł0.7022 (£0.1378)/kWh, support at 0.4658 of UK wages, 6,024 h × 0.72 (3 × 8 h, Monday–Friday, 251 working days in 2026 = 6,024 h (the labour model's pattern); Polish straight-line tax depreciation — no shift uplift on held capital; SME machinery / investment loan WIBOR 3M 3.82% + 3.9–4.9 pp = 7.72–8.72%, midpoint 8.22% (cooperative bank tariff, Mar 2026); NBP reference rate 3.75% (7 Oct 2026) — a large Tier-1 borrows below this; the book's line build-ups use 4% on half the capex; rent zł20.05/m²/month (warehouse / light-industrial headline rent midpoints: Upper Silesia zł20.12, Wrocław zł18.92, Poznań zł21.10 per m²/month (€3.15–6.00 at zł4.374/€; ceo.com.pl, ~Apr 2026) — mean; CBRE Q2 2026 national €4.7 = zł20.56 agrees; Rzeszów listings only); maintenance the library's own line build-up rule (3.5% of capex); no Polish norm found)",""
"machine","gear-shave","Gear Shaving Machine","167.01","131.81","-21.08","zł/h machine only","updated (Poland operating model; capital held — capex not sourced)","Poland book 2026-10-10: capital HELD at the book's UK × 0.72 (capex not sourced for Poland: the book's capital (UK × 0.72) is HELD — round-2 evidence shows it both ways (aluminium extrusion lines ~2–3× low, press brakes ~4× high in the UK build-ups); the Poland operating model (3 × 8 h hours, straight-line tax life, loan finance, rent, tariff, support at Polish wages) is applied): depreciation × 1.000 (shift pattern), maintenance per running hour held, finance re-rated 4% → 8.22%; 92 m² at zł240.60 (£47.21)/m²/yr, 130,956 kWh at zł0.7022 (£0.1378)/kWh, support at 0.4658 of UK wages, 6,024 h × 0.8 (3 × 8 h, Monday–Friday, 251 working days in 2026 = 6,024 h (the labour model's pattern); Polish straight-line tax depreciation — no shift uplift on held capital; SME machinery / investment loan WIBOR 3M 3.82% + 3.9–4.9 pp = 7.72–8.72%, midpoint 8.22% (cooperative bank tariff, Mar 2026); NBP reference rate 3.75% (7 Oct 2026) — a large Tier-1 borrows below this; the book's line build-ups use 4% on half the capex; rent zł20.05/m²/month (warehouse / light-industrial headline rent midpoints: Upper Silesia zł20.12, Wrocław zł18.92, Poznań zł21.10 per m²/month (€3.15–6.00 at zł4.374/€; ceo.com.pl, ~Apr 2026) — mean; CBRE Q2 2026 national €4.7 = zł20.56 agrees; Rzeszów listings only); maintenance the library's own line build-up rule (3.5% of capex); no Polish norm found)",""
"machine","gear-hone","Gear Honing Machine","286.71","223.49","-22.05","zł/h machine only","updated (Poland operating model; capital held — capex not sourced)","Poland book 2026-10-10: capital HELD at the book's UK × 0.72 (capex not sourced for Poland: the book's capital (UK × 0.72) is HELD — round-2 evidence shows it both ways (aluminium extrusion lines ~2–3× low, press brakes ~4× high in the UK build-ups); the Poland operating model (3 × 8 h hours, straight-line tax life, loan finance, rent, tariff, support at Polish wages) is applied): depreciation × 1.000 (shift pattern), maintenance per running hour held, finance re-rated 4% → 8.22%; 129 m² at zł240.60 (£47.21)/m²/yr, 196,434 kWh at zł0.7022 (£0.1378)/kWh, support at 0.4658 of UK wages, 6,024 h × 0.78 (3 × 8 h, Monday–Friday, 251 working days in 2026 = 6,024 h (the labour model's pattern); Polish straight-line tax depreciation — no shift uplift on held capital; SME machinery / investment loan WIBOR 3M 3.82% + 3.9–4.9 pp = 7.72–8.72%, midpoint 8.22% (cooperative bank tariff, Mar 2026); NBP reference rate 3.75% (7 Oct 2026) — a large Tier-1 borrows below this; the book's line build-ups use 4% on half the capex; rent zł20.05/m²/month (warehouse / light-industrial headline rent midpoints: Upper Silesia zł20.12, Wrocław zł18.92, Poznań zł21.10 per m²/month (€3.15–6.00 at zł4.374/€; ceo.com.pl, ~Apr 2026) — mean; CBRE Q2 2026 national €4.7 = zł20.56 agrees; Rzeszów listings only); maintenance the library's own line build-up rule (3.5% of capex); no Polish norm found)",""
"machine","gear-deburr","Gear Chamfer / Deburr Cell","95.73","72.55","-24.21","zł/h machine only","updated (Poland operating model; capital held — capex not sourced)","Poland book 2026-10-10: capital HELD at the book's UK × 0.72 (capex not sourced for Poland: the book's capital (UK × 0.72) is HELD — round-2 evidence shows it both ways (aluminium extrusion lines ~2–3× low, press brakes ~4× high in the UK build-ups); the Poland operating model (3 × 8 h hours, straight-line tax life, loan finance, rent, tariff, support at Polish wages) is applied): depreciation × 1.000 (shift pattern), maintenance per running hour held, finance re-rated 4% → 8.22%; 73 m² at zł240.60 (£47.21)/m²/yr, 78,577 kWh at zł0.7022 (£0.1378)/kWh, support at 0.4658 of UK wages, 6,024 h × 0.82 (3 × 8 h, Monday–Friday, 251 working days in 2026 = 6,024 h (the labour model's pattern); Polish straight-line tax depreciation — no shift uplift on held capital; SME machinery / investment loan WIBOR 3M 3.82% + 3.9–4.9 pp = 7.72–8.72%, midpoint 8.22% (cooperative bank tariff, Mar 2026); NBP reference rate 3.75% (7 Oct 2026) — a large Tier-1 borrows below this; the book's line build-ups use 4% on half the capex; rent zł20.05/m²/month (warehouse / light-industrial headline rent midpoints: Upper Silesia zł20.12, Wrocław zł18.92, Poznań zł21.10 per m²/month (€3.15–6.00 at zł4.374/€; ceo.com.pl, ~Apr 2026) — mean; CBRE Q2 2026 national €4.7 = zł20.56 agrees; Rzeszów listings only); maintenance the library's own line build-up rule (3.5% of capex); no Polish norm found)",""
"machine","gear-induction","Gear Induction Hardening Cell (RF + quench + temper)","192.59","155.45","-19.28","zł/h machine only","updated (Poland operating model; capital held — capex not sourced)","Poland book 2026-10-10: capital HELD at the book's UK × 0.72 (capex not sourced for Poland: the book's capital (UK × 0.72) is HELD — round-2 evidence shows it both ways (aluminium extrusion lines ~2–3× low, press brakes ~4× high in the UK build-ups); the Poland operating model (3 × 8 h hours, straight-line tax life, loan finance, rent, tariff, support at Polish wages) is applied): depreciation × 1.000 (shift pattern), maintenance per running hour held, finance re-rated 4% → 8.22%; 83 m² at zł240.60 (£47.21)/m²/yr, 275,010 kWh at zł0.7022 (£0.1378)/kWh, support at 0.4658 of UK wages, 6,024 h × 0.8 (3 × 8 h, Monday–Friday, 251 working days in 2026 = 6,024 h (the labour model's pattern); Polish straight-line tax depreciation — no shift uplift on held capital; SME machinery / investment loan WIBOR 3M 3.82% + 3.9–4.9 pp = 7.72–8.72%, midpoint 8.22% (cooperative bank tariff, Mar 2026); NBP reference rate 3.75% (7 Oct 2026) — a large Tier-1 borrows below this; the book's line build-ups use 4% on half the capex; rent zł20.05/m²/month (warehouse / light-industrial headline rent midpoints: Upper Silesia zł20.12, Wrocław zł18.92, Poznań zł21.10 per m²/month (€3.15–6.00 at zł4.374/€; ceo.com.pl, ~Apr 2026) — mean; CBRE Q2 2026 national €4.7 = zł20.56 agrees; Rzeszów listings only); maintenance the library's own line build-up rule (3.5% of capex); no Polish norm found)",""
"machine","gear-checker","CNC Gear Checker (profile / lead / pitch)","206.75","152.06","-26.45","zł/h machine only","updated (Poland operating model; capital held — capex not sourced)","Poland book 2026-10-10: capital HELD at the book's UK × 0.72 (capex not sourced for Poland: the book's capital (UK × 0.72) is HELD — round-2 evidence shows it both ways (aluminium extrusion lines ~2–3× low, press brakes ~4× high in the UK build-ups); the Poland operating model (3 × 8 h hours, straight-line tax life, loan finance, rent, tariff, support at Polish wages) is applied): depreciation × 1.000 (shift pattern), maintenance per running hour held, finance re-rated 4% → 8.22%; 110 m² at zł240.60 (£47.21)/m²/yr, 65,478 kWh at zł0.7022 (£0.1378)/kWh, support at 0.4658 of UK wages, 6,024 h × 0.65 (3 × 8 h, Monday–Friday, 251 working days in 2026 = 6,024 h (the labour model's pattern); Polish straight-line tax depreciation — no shift uplift on held capital; SME machinery / investment loan WIBOR 3M 3.82% + 3.9–4.9 pp = 7.72–8.72%, midpoint 8.22% (cooperative bank tariff, Mar 2026); NBP reference rate 3.75% (7 Oct 2026) — a large Tier-1 borrows below this; the book's line build-ups use 4% on half the capex; rent zł20.05/m²/month (warehouse / light-industrial headline rent midpoints: Upper Silesia zł20.12, Wrocław zł18.92, Poznań zł21.10 per m²/month (€3.15–6.00 at zł4.374/€; ceo.com.pl, ~Apr 2026) — mean; CBRE Q2 2026 national €4.7 = zł20.56 agrees; Rzeszów listings only); maintenance the library's own line build-up rule (3.5% of capex); no Polish norm found)",""
"machine","bench-assembly","Assembly Workbench","2.5","1.5","-40","zł/h machine only","updated (Poland operating model; capital held — capex not sourced)","Poland book 2026-10-10: capital HELD at the book's UK × 0.72 (capex not sourced for Poland: the book's capital (UK × 0.72) is HELD — round-2 evidence shows it both ways (aluminium extrusion lines ~2–3× low, press brakes ~4× high in the UK build-ups); the Poland operating model (3 × 8 h hours, straight-line tax life, loan finance, rent, tariff, support at Polish wages) is applied): depreciation × 1.000 (shift pattern), maintenance per running hour held, finance re-rated 4% → 8.22%; 7 m² at zł240.60 (£47.21)/m²/yr, 1,969 kWh at zł0.7022 (£0.1378)/kWh, support at 0.4658 of UK wages, 6,024 h × 0.85 (3 × 8 h, Monday–Friday, 251 working days in 2026 = 6,024 h (the labour model's pattern); Polish straight-line tax depreciation — no shift uplift on held capital; SME machinery / investment loan WIBOR 3M 3.82% + 3.9–4.9 pp = 7.72–8.72%, midpoint 8.22% (cooperative bank tariff, Mar 2026); NBP reference rate 3.75% (7 Oct 2026) — a large Tier-1 borrows below this; the book's line build-ups use 4% on half the capex; rent zł20.05/m²/month (warehouse / light-industrial headline rent midpoints: Upper Silesia zł20.12, Wrocław zł18.92, Poznań zł21.10 per m²/month (€3.15–6.00 at zł4.374/€; ceo.com.pl, ~Apr 2026) — mean; CBRE Q2 2026 national €4.7 = zł20.56 agrees; Rzeszów listings only); maintenance the library's own line build-up rule (3.5% of capex); no Polish norm found)",""
"machine","mach-haas-vf2","HAAS VF-2 (3-axis Mill)","33.51","26.88","-19.79","zł/h machine only","updated (Poland capex + operating model)","Poland book 2026-10-10: capex zł196,420 (£38,544) (cnc-vmc-eu: mach-vmc3 zł284,288 (£55,787) × book size 0.691 — Haas VF-2SSYT-EU list €64,995 on Haas's Polish site = zł284,288 (machine only; delivery, installation and tooling not included); US list $70,995 = zł273,260 agrees — an imported machine costs Poland what it costs the EU), 7.14-yr life, maintenance 3.5% of capex, finance 8.22% on half the capex; 46 m² at zł240.60 (£47.21)/m²/yr, 30,120 kWh at zł0.7022 (£0.1378)/kWh, support at 0.4658 of UK wages, 6,024 h × 0.5 (3 × 8 h, Monday–Friday, 251 working days in 2026 = 6,024 h (the labour model's pattern); Polish straight-line tax depreciation — no shift uplift on held capital; SME machinery / investment loan WIBOR 3M 3.82% + 3.9–4.9 pp = 7.72–8.72%, midpoint 8.22% (cooperative bank tariff, Mar 2026); NBP reference rate 3.75% (7 Oct 2026) — a large Tier-1 borrows below this; the book's line build-ups use 4% on half the capex; rent zł20.05/m²/month (warehouse / light-industrial headline rent midpoints: Upper Silesia zł20.12, Wrocław zł18.92, Poznań zł21.10 per m²/month (€3.15–6.00 at zł4.374/€; ceo.com.pl, ~Apr 2026) — mean; CBRE Q2 2026 national €4.7 = zł20.56 agrees; Rzeszów listings only); maintenance the library's own line build-up rule (3.5% of capex); no Polish norm found)","https://www.haascnc.com/pl/machines/Special-Series/eu-series/vf-2ssyt-eu.html"
"machine","mach-dmg-dmu50","DMG Mori DMU 50 (5-axis Mill)","79.76","53.44","-33","zł/h machine only","updated (Poland capex + operating model)","Poland book 2026-10-10: capex zł413,225 (£81,088) (cnc-5axis-eu: mach-vmc5 zł461,861 (£90,632) × book size 0.895 — Haas UMC-500 ""from $119,995"" (US list, older article) = zł461,861 — no EU price found), 7.14-yr life, maintenance 3.5% of capex, finance 8.22% on half the capex; 73 m² at zł240.60 (£47.21)/m²/yr, 48,945 kWh at zł0.7022 (£0.1378)/kWh, support at 0.4658 of UK wages, 6,024 h × 0.5 (3 × 8 h, Monday–Friday, 251 working days in 2026 = 6,024 h (the labour model's pattern); Polish straight-line tax depreciation — no shift uplift on held capital; SME machinery / investment loan WIBOR 3M 3.82% + 3.9–4.9 pp = 7.72–8.72%, midpoint 8.22% (cooperative bank tariff, Mar 2026); NBP reference rate 3.75% (7 Oct 2026) — a large Tier-1 borrows below this; the book's line build-ups use 4% on half the capex; rent zł20.05/m²/month (warehouse / light-industrial headline rent midpoints: Upper Silesia zł20.12, Wrocław zł18.92, Poznań zł21.10 per m²/month (€3.15–6.00 at zł4.374/€; ceo.com.pl, ~Apr 2026) — mean; CBRE Q2 2026 national €4.7 = zł20.56 agrees; Rzeszów listings only); maintenance the library's own line build-up rule (3.5% of capex); no Polish norm found)","https://www.haascnc.com/machines/vertical-mills/universal-machine/models/umc-500.html"
"machine","mach-haas-umc500","HAAS UMC-500 (5-axis Mill)","63.03","41.91","-33.51","zł/h machine only","updated (Poland capex + operating model)","Poland book 2026-10-10: capex zł315,986 (£62,007) (cnc-5axis-eu: mach-vmc5 zł461,861 (£90,632) × book size 0.684 — Haas UMC-500 ""from $119,995"" (US list, older article) = zł461,861 — no EU price found), 7.14-yr life, maintenance 3.5% of capex, finance 8.22% on half the capex; 64 m² at zł240.60 (£47.21)/m²/yr, 39,156 kWh at zł0.7022 (£0.1378)/kWh, support at 0.4658 of UK wages, 6,024 h × 0.5 (3 × 8 h, Monday–Friday, 251 working days in 2026 = 6,024 h (the labour model's pattern); Polish straight-line tax depreciation — no shift uplift on held capital; SME machinery / investment loan WIBOR 3M 3.82% + 3.9–4.9 pp = 7.72–8.72%, midpoint 8.22% (cooperative bank tariff, Mar 2026); NBP reference rate 3.75% (7 Oct 2026) — a large Tier-1 borrows below this; the book's line build-ups use 4% on half the capex; rent zł20.05/m²/month (warehouse / light-industrial headline rent midpoints: Upper Silesia zł20.12, Wrocław zł18.92, Poznań zł21.10 per m²/month (€3.15–6.00 at zł4.374/€; ceo.com.pl, ~Apr 2026) — mean; CBRE Q2 2026 national €4.7 = zł20.56 agrees; Rzeszów listings only); maintenance the library's own line build-up rule (3.5% of capex); no Polish norm found)","https://www.haascnc.com/machines/vertical-mills/universal-machine/models/umc-500.html"
"machine","mach-mazak-qt200","Mazak Quick Turn 200 (Turning)","35.66","25.03","-29.81","zł/h machine only","updated (Poland operating model; capital held — capex not sourced)","Poland book 2026-10-10: capital HELD at the book's UK × 0.72 (capex not sourced for Poland: the book's capital (UK × 0.72) is HELD — round-2 evidence shows it both ways (aluminium extrusion lines ~2–3× low, press brakes ~4× high in the UK build-ups); the Poland operating model (3 × 8 h hours, straight-line tax life, loan finance, rent, tariff, support at Polish wages) is applied): depreciation × 1.000 (shift pattern), maintenance per running hour held, finance re-rated 4% → 8.22%; 46 m² at zł240.60 (£47.21)/m²/yr, 31,552 kWh at zł0.7022 (£0.1378)/kWh, support at 0.4658 of UK wages, 6,024 h × 0.5 (3 × 8 h, Monday–Friday, 251 working days in 2026 = 6,024 h (the labour model's pattern); Polish straight-line tax depreciation — no shift uplift on held capital; SME machinery / investment loan WIBOR 3M 3.82% + 3.9–4.9 pp = 7.72–8.72%, midpoint 8.22% (cooperative bank tariff, Mar 2026); NBP reference rate 3.75% (7 Oct 2026) — a large Tier-1 borrows below this; the book's line build-ups use 4% on half the capex; rent zł20.05/m²/month (warehouse / light-industrial headline rent midpoints: Upper Silesia zł20.12, Wrocław zł18.92, Poznań zł21.10 per m²/month (€3.15–6.00 at zł4.374/€; ceo.com.pl, ~Apr 2026) — mean; CBRE Q2 2026 national €4.7 = zł20.56 agrees; Rzeszów listings only); maintenance the library's own line build-up rule (3.5% of capex); no Polish norm found)",""
"machine","grav-die-cast-std","Gravity Die Casting Machine","137.38","106.25","-22.66","zł/h machine only","updated (Poland operating model; capital held — capex not sourced)","Poland book 2026-10-10: capital HELD at the book's UK × 0.72 (capex not sourced for Poland: the book's capital (UK × 0.72) is HELD — round-2 evidence shows it both ways (aluminium extrusion lines ~2–3× low, press brakes ~4× high in the UK build-ups); the Poland operating model (3 × 8 h hours, straight-line tax life, loan finance, rent, tariff, support at Polish wages) is applied): depreciation × 1.000 (shift pattern), maintenance per running hour held, finance re-rated 4% → 8.22%; 73 m² at zł240.60 (£47.21)/m²/yr, 65,478 kWh at zł0.7022 (£0.1378)/kWh, support at 0.4658 of UK wages, 6,024 h × 0.5 (3 × 8 h, Monday–Friday, 251 working days in 2026 = 6,024 h (the labour model's pattern); Polish straight-line tax depreciation — no shift uplift on held capital; SME machinery / investment loan WIBOR 3M 3.82% + 3.9–4.9 pp = 7.72–8.72%, midpoint 8.22% (cooperative bank tariff, Mar 2026); NBP reference rate 3.75% (7 Oct 2026) — a large Tier-1 borrows below this; the book's line build-ups use 4% on half the capex; rent zł20.05/m²/month (warehouse / light-industrial headline rent midpoints: Upper Silesia zł20.12, Wrocław zł18.92, Poznań zł21.10 per m²/month (€3.15–6.00 at zł4.374/€; ceo.com.pl, ~Apr 2026) — mean; CBRE Q2 2026 national €4.7 = zł20.56 agrees; Rzeszów listings only); maintenance the library's own line build-up rule (3.5% of capex); no Polish norm found)",""
"machine","invest-cast-furnace","Investment Casting Furnace","149.32","117.45","-21.34","zł/h machine only","updated (Poland operating model; capital held — capex not sourced)","Poland book 2026-10-10: capital HELD at the book's UK × 0.72 (capex not sourced for Poland: the book's capital (UK × 0.72) is HELD — round-2 evidence shows it both ways (aluminium extrusion lines ~2–3× low, press brakes ~4× high in the UK build-ups); the Poland operating model (3 × 8 h hours, straight-line tax life, loan finance, rent, tariff, support at Polish wages) is applied): depreciation × 1.000 (shift pattern), maintenance per running hour held, finance re-rated 4% → 8.22%; 73 m² at zł240.60 (£47.21)/m²/yr, 117,865 kWh at zł0.7022 (£0.1378)/kWh, support at 0.4658 of UK wages, 6,024 h × 0.6 (3 × 8 h, Monday–Friday, 251 working days in 2026 = 6,024 h (the labour model's pattern); Polish straight-line tax depreciation — no shift uplift on held capital; SME machinery / investment loan WIBOR 3M 3.82% + 3.9–4.9 pp = 7.72–8.72%, midpoint 8.22% (cooperative bank tariff, Mar 2026); NBP reference rate 3.75% (7 Oct 2026) — a large Tier-1 borrows below this; the book's line build-ups use 4% on half the capex; rent zł20.05/m²/month (warehouse / light-industrial headline rent midpoints: Upper Silesia zł20.12, Wrocław zł18.92, Poznań zł21.10 per m²/month (€3.15–6.00 at zł4.374/€; ceo.com.pl, ~Apr 2026) — mean; CBRE Q2 2026 national €4.7 = zł20.56 agrees; Rzeszów listings only); maintenance the library's own line build-up rule (3.5% of capex); no Polish norm found)",""
"machine","heat-treat-furnace","Heat Treatment / Ageing Furnace","59.64","58.58","-1.78","zł/h machine only","updated (Poland operating model; capital held — capex not sourced)","Poland book 2026-10-10: capital HELD at the book's UK × 0.72 (capex not sourced for Poland: the book's capital (UK × 0.72) is HELD — round-2 evidence shows it both ways (aluminium extrusion lines ~2–3× low, press brakes ~4× high in the UK build-ups); the Poland operating model (3 × 8 h hours, straight-line tax life, loan finance, rent, tariff, support at Polish wages) is applied): depreciation × 1.000 (shift pattern), maintenance per running hour held, finance re-rated 4% → 8.22%; 55 m² at zł240.60 (£47.21)/m²/yr, 152,785 kWh at zł0.7022 (£0.1378)/kWh, support at 0.4658 of UK wages, 6,024 h × 0.75 (3 × 8 h, Monday–Friday, 251 working days in 2026 = 6,024 h (the labour model's pattern); Polish straight-line tax depreciation — no shift uplift on held capital; SME machinery / investment loan WIBOR 3M 3.82% + 3.9–4.9 pp = 7.72–8.72%, midpoint 8.22% (cooperative bank tariff, Mar 2026); NBP reference rate 3.75% (7 Oct 2026) — a large Tier-1 borrows below this; the book's line build-ups use 4% on half the capex; rent zł20.05/m²/month (warehouse / light-industrial headline rent midpoints: Upper Silesia zł20.12, Wrocław zł18.92, Poznań zł21.10 per m²/month (€3.15–6.00 at zł4.374/€; ceo.com.pl, ~Apr 2026) — mean; CBRE Q2 2026 national €4.7 = zł20.56 agrees; Rzeszów listings only); maintenance the library's own line build-up rule (3.5% of capex); no Polish norm found)",""
"machine","press-100t","100T Mechanical Press (general press shop)","56.04","39.02","-30.37","zł/h machine only","updated (Poland operating model; capital held — capex not sourced)","Poland book 2026-10-10: capital HELD at the book's UK × 0.72 (capex not sourced for Poland: the book's capital (UK × 0.72) is HELD — round-2 evidence shows it both ways (aluminium extrusion lines ~2–3× low, press brakes ~4× high in the UK build-ups); the Poland operating model (3 × 8 h hours, straight-line tax life, loan finance, rent, tariff, support at Polish wages) is applied): depreciation × 1.000 (shift pattern), maintenance per running hour held, finance re-rated 4% → 8.22%; 46 m² at zł240.60 (£47.21)/m²/yr, 37,411 kWh at zł0.7022 (£0.1378)/kWh, support at 0.4658 of UK wages, 6,024 h × 0.8 (3 × 8 h, Monday–Friday, 251 working days in 2026 = 6,024 h (the labour model's pattern); Polish straight-line tax depreciation — no shift uplift on held capital; SME machinery / investment loan WIBOR 3M 3.82% + 3.9–4.9 pp = 7.72–8.72%, midpoint 8.22% (cooperative bank tariff, Mar 2026); NBP reference rate 3.75% (7 Oct 2026) — a large Tier-1 borrows below this; the book's line build-ups use 4% on half the capex; rent zł20.05/m²/month (warehouse / light-industrial headline rent midpoints: Upper Silesia zł20.12, Wrocław zł18.92, Poznań zł21.10 per m²/month (€3.15–6.00 at zł4.374/€; ceo.com.pl, ~Apr 2026) — mean; CBRE Q2 2026 national €4.7 = zł20.56 agrees; Rzeszów listings only); maintenance the library's own line build-up rule (3.5% of capex); no Polish norm found)",""
"machine","press-200t","200T Mechanical Press (general press shop)","86.21","60.16","-30.22","zł/h machine only","updated (Poland operating model; capital held — capex not sourced)","Poland book 2026-10-10: capital HELD at the book's UK × 0.72 (capex not sourced for Poland: the book's capital (UK × 0.72) is HELD — round-2 evidence shows it both ways (aluminium extrusion lines ~2–3× low, press brakes ~4× high in the UK build-ups); the Poland operating model (3 × 8 h hours, straight-line tax life, loan finance, rent, tariff, support at Polish wages) is applied): depreciation × 1.000 (shift pattern), maintenance per running hour held, finance re-rated 4% → 8.22%; 69 m² at zł240.60 (£47.21)/m²/yr, 56,126 kWh at zł0.7022 (£0.1378)/kWh, support at 0.4658 of UK wages, 6,024 h × 0.8 (3 × 8 h, Monday–Friday, 251 working days in 2026 = 6,024 h (the labour model's pattern); Polish straight-line tax depreciation — no shift uplift on held capital; SME machinery / investment loan WIBOR 3M 3.82% + 3.9–4.9 pp = 7.72–8.72%, midpoint 8.22% (cooperative bank tariff, Mar 2026); NBP reference rate 3.75% (7 Oct 2026) — a large Tier-1 borrows below this; the book's line build-ups use 4% on half the capex; rent zł20.05/m²/month (warehouse / light-industrial headline rent midpoints: Upper Silesia zł20.12, Wrocław zł18.92, Poznań zł21.10 per m²/month (€3.15–6.00 at zł4.374/€; ceo.com.pl, ~Apr 2026) — mean; CBRE Q2 2026 national €4.7 = zł20.56 agrees; Rzeszów listings only); maintenance the library's own line build-up rule (3.5% of capex); no Polish norm found)",""
"machine","press-400t","400T Mechanical Press (general press shop)","140.63","98.45","-29.99","zł/h machine only","updated (Poland operating model; capital held — capex not sourced)","Poland book 2026-10-10: capital HELD at the book's UK × 0.72 (capex not sourced for Poland: the book's capital (UK × 0.72) is HELD — round-2 evidence shows it both ways (aluminium extrusion lines ~2–3× low, press brakes ~4× high in the UK build-ups); the Poland operating model (3 × 8 h hours, straight-line tax life, loan finance, rent, tariff, support at Polish wages) is applied): depreciation × 1.000 (shift pattern), maintenance per running hour held, finance re-rated 4% → 8.22%; 92 m² at zł240.60 (£47.21)/m²/yr, 82,312 kWh at zł0.7022 (£0.1378)/kWh, support at 0.4658 of UK wages, 6,024 h × 0.8 (3 × 8 h, Monday–Friday, 251 working days in 2026 = 6,024 h (the labour model's pattern); Polish straight-line tax depreciation — no shift uplift on held capital; SME machinery / investment loan WIBOR 3M 3.82% + 3.9–4.9 pp = 7.72–8.72%, midpoint 8.22% (cooperative bank tariff, Mar 2026); NBP reference rate 3.75% (7 Oct 2026) — a large Tier-1 borrows below this; the book's line build-ups use 4% on half the capex; rent zł20.05/m²/month (warehouse / light-industrial headline rent midpoints: Upper Silesia zł20.12, Wrocław zł18.92, Poznań zł21.10 per m²/month (€3.15–6.00 at zł4.374/€; ceo.com.pl, ~Apr 2026) — mean; CBRE Q2 2026 national €4.7 = zł20.56 agrees; Rzeszów listings only); maintenance the library's own line build-up rule (3.5% of capex); no Polish norm found)",""
"machine","press-630t","630T Mechanical Press (general press shop)","218.08","152.75","-29.96","zł/h machine only","updated (Poland operating model; capital held — capex not sourced)","Poland book 2026-10-10: capital HELD at the book's UK × 0.72 (capex not sourced for Poland: the book's capital (UK × 0.72) is HELD — round-2 evidence shows it both ways (aluminium extrusion lines ~2–3× low, press brakes ~4× high in the UK build-ups); the Poland operating model (3 × 8 h hours, straight-line tax life, loan finance, rent, tariff, support at Polish wages) is applied): depreciation × 1.000 (shift pattern), maintenance per running hour held, finance re-rated 4% → 8.22%; 138 m² at zł240.60 (£47.21)/m²/yr, 112,243 kWh at zł0.7022 (£0.1378)/kWh, support at 0.4658 of UK wages, 6,024 h × 0.78 (3 × 8 h, Monday–Friday, 251 working days in 2026 = 6,024 h (the labour model's pattern); Polish straight-line tax depreciation — no shift uplift on held capital; SME machinery / investment loan WIBOR 3M 3.82% + 3.9–4.9 pp = 7.72–8.72%, midpoint 8.22% (cooperative bank tariff, Mar 2026); NBP reference rate 3.75% (7 Oct 2026) — a large Tier-1 borrows below this; the book's line build-ups use 4% on half the capex; rent zł20.05/m²/month (warehouse / light-industrial headline rent midpoints: Upper Silesia zł20.12, Wrocław zł18.92, Poznań zł21.10 per m²/month (€3.15–6.00 at zł4.374/€; ceo.com.pl, ~Apr 2026) — mean; CBRE Q2 2026 national €4.7 = zł20.56 agrees; Rzeszów listings only); maintenance the library's own line build-up rule (3.5% of capex); no Polish norm found)",""
"machine","press-800t","800T Mechanical Press (general press shop)","260.62","182.9","-29.82","zł/h machine only","updated (Poland operating model; capital held — capex not sourced)","Poland book 2026-10-10: capital HELD at the book's UK × 0.72 (capex not sourced for Poland: the book's capital (UK × 0.72) is HELD — round-2 evidence shows it both ways (aluminium extrusion lines ~2–3× low, press brakes ~4× high in the UK build-ups); the Poland operating model (3 × 8 h hours, straight-line tax life, loan finance, rent, tariff, support at Polish wages) is applied): depreciation × 1.000 (shift pattern), maintenance per running hour held, finance re-rated 4% → 8.22%; 165 m² at zł240.60 (£47.21)/m²/yr, 134,703 kWh at zł0.7022 (£0.1378)/kWh, support at 0.4658 of UK wages, 6,024 h × 0.78 (3 × 8 h, Monday–Friday, 251 working days in 2026 = 6,024 h (the labour model's pattern); Polish straight-line tax depreciation — no shift uplift on held capital; SME machinery / investment loan WIBOR 3M 3.82% + 3.9–4.9 pp = 7.72–8.72%, midpoint 8.22% (cooperative bank tariff, Mar 2026); NBP reference rate 3.75% (7 Oct 2026) — a large Tier-1 borrows below this; the book's line build-ups use 4% on half the capex; rent zł20.05/m²/month (warehouse / light-industrial headline rent midpoints: Upper Silesia zł20.12, Wrocław zł18.92, Poznań zł21.10 per m²/month (€3.15–6.00 at zł4.374/€; ceo.com.pl, ~Apr 2026) — mean; CBRE Q2 2026 national €4.7 = zł20.56 agrees; Rzeszów listings only); maintenance the library's own line build-up rule (3.5% of capex); no Polish norm found)",""
"machine","press-1000t","1000T Mechanical Press (general press shop)","327.68","229.62","-29.93","zł/h machine only","updated (Poland operating model; capital held — capex not sourced)","Poland book 2026-10-10: capital HELD at the book's UK × 0.72 (capex not sourced for Poland: the book's capital (UK × 0.72) is HELD — round-2 evidence shows it both ways (aluminium extrusion lines ~2–3× low, press brakes ~4× high in the UK build-ups); the Poland operating model (3 × 8 h hours, straight-line tax life, loan finance, rent, tariff, support at Polish wages) is applied): depreciation × 1.000 (shift pattern), maintenance per running hour held, finance re-rated 4% → 8.22%; 202 m² at zł240.60 (£47.21)/m²/yr, 164,634 kWh at zł0.7022 (£0.1378)/kWh, support at 0.4658 of UK wages, 6,024 h × 0.78 (3 × 8 h, Monday–Friday, 251 working days in 2026 = 6,024 h (the labour model's pattern); Polish straight-line tax depreciation — no shift uplift on held capital; SME machinery / investment loan WIBOR 3M 3.82% + 3.9–4.9 pp = 7.72–8.72%, midpoint 8.22% (cooperative bank tariff, Mar 2026); NBP reference rate 3.75% (7 Oct 2026) — a large Tier-1 borrows below this; the book's line build-ups use 4% on half the capex; rent zł20.05/m²/month (warehouse / light-industrial headline rent midpoints: Upper Silesia zł20.12, Wrocław zł18.92, Poznań zł21.10 per m²/month (€3.15–6.00 at zł4.374/€; ceo.com.pl, ~Apr 2026) — mean; CBRE Q2 2026 national €4.7 = zł20.56 agrees; Rzeszów listings only); maintenance the library's own line build-up rule (3.5% of capex); no Polish norm found)",""
"machine","press-1250t","1250T Mechanical Press (general press shop)","407.56","286.5","-29.7","zł/h machine only","updated (Poland operating model; capital held — capex not sourced)","Poland book 2026-10-10: capital HELD at the book's UK × 0.72 (capex not sourced for Poland: the book's capital (UK × 0.72) is HELD — round-2 evidence shows it both ways (aluminium extrusion lines ~2–3× low, press brakes ~4× high in the UK build-ups); the Poland operating model (3 × 8 h hours, straight-line tax life, loan finance, rent, tariff, support at Polish wages) is applied): depreciation × 1.000 (shift pattern), maintenance per running hour held, finance re-rated 4% → 8.22%; 239 m² at zł240.60 (£47.21)/m²/yr, 202,045 kWh at zł0.7022 (£0.1378)/kWh, support at 0.4658 of UK wages, 6,024 h × 0.78 (3 × 8 h, Monday–Friday, 251 working days in 2026 = 6,024 h (the labour model's pattern); Polish straight-line tax depreciation — no shift uplift on held capital; SME machinery / investment loan WIBOR 3M 3.82% + 3.9–4.9 pp = 7.72–8.72%, midpoint 8.22% (cooperative bank tariff, Mar 2026); NBP reference rate 3.75% (7 Oct 2026) — a large Tier-1 borrows below this; the book's line build-ups use 4% on half the capex; rent zł20.05/m²/month (warehouse / light-industrial headline rent midpoints: Upper Silesia zł20.12, Wrocław zł18.92, Poznań zł21.10 per m²/month (€3.15–6.00 at zł4.374/€; ceo.com.pl, ~Apr 2026) — mean; CBRE Q2 2026 national €4.7 = zł20.56 agrees; Rzeszów listings only); maintenance the library's own line build-up rule (3.5% of capex); no Polish norm found)",""
"machine","press-fineblank-250t","250T Fine-Blanking Press (triple-action)","169.84","119.05","-29.9","zł/h machine only","updated (Poland operating model; capital held — capex not sourced)","Poland book 2026-10-10: capital HELD at the book's UK × 0.72 (capex not sourced for Poland: the book's capital (UK × 0.72) is HELD — round-2 evidence shows it both ways (aluminium extrusion lines ~2–3× low, press brakes ~4× high in the UK build-ups); the Poland operating model (3 × 8 h hours, straight-line tax life, loan finance, rent, tariff, support at Polish wages) is applied): depreciation × 1.000 (shift pattern), maintenance per running hour held, finance re-rated 4% → 8.22%; 110 m² at zł240.60 (£47.21)/m²/yr, 89,802 kWh at zł0.7022 (£0.1378)/kWh, support at 0.4658 of UK wages, 6,024 h × 0.8 (3 × 8 h, Monday–Friday, 251 working days in 2026 = 6,024 h (the labour model's pattern); Polish straight-line tax depreciation — no shift uplift on held capital; SME machinery / investment loan WIBOR 3M 3.82% + 3.9–4.9 pp = 7.72–8.72%, midpoint 8.22% (cooperative bank tariff, Mar 2026); NBP reference rate 3.75% (7 Oct 2026) — a large Tier-1 borrows below this; the book's line build-ups use 4% on half the capex; rent zł20.05/m²/month (warehouse / light-industrial headline rent midpoints: Upper Silesia zł20.12, Wrocław zł18.92, Poznań zł21.10 per m²/month (€3.15–6.00 at zł4.374/€; ceo.com.pl, ~Apr 2026) — mean; CBRE Q2 2026 national €4.7 = zł20.56 agrees; Rzeszów listings only); maintenance the library's own line build-up rule (3.5% of capex); no Polish norm found)",""
"machine","press-hotstamp-1000t","1000T Hot-Stamping Press (water-cooled dies)","502.72","358.19","-28.75","zł/h machine only","updated (Poland operating model; capital held — capex not sourced)","Poland book 2026-10-10: capital HELD at the book's UK × 0.72 (capex not sourced for Poland: the book's capital (UK × 0.72) is HELD — round-2 evidence shows it both ways (aluminium extrusion lines ~2–3× low, press brakes ~4× high in the UK build-ups); the Poland operating model (3 × 8 h hours, straight-line tax life, loan finance, rent, tariff, support at Polish wages) is applied): depreciation × 1.000 (shift pattern), maintenance per running hour held, finance re-rated 4% → 8.22%; 229 m² at zł240.60 (£47.21)/m²/yr, 224,496 kWh at zł0.7022 (£0.1378)/kWh, support at 0.4658 of UK wages, 6,024 h × 0.75 (3 × 8 h, Monday–Friday, 251 working days in 2026 = 6,024 h (the labour model's pattern); Polish straight-line tax depreciation — no shift uplift on held capital; SME machinery / investment loan WIBOR 3M 3.82% + 3.9–4.9 pp = 7.72–8.72%, midpoint 8.22% (cooperative bank tariff, Mar 2026); NBP reference rate 3.75% (7 Oct 2026) — a large Tier-1 borrows below this; the book's line build-ups use 4% on half the capex; rent zł20.05/m²/month (warehouse / light-industrial headline rent midpoints: Upper Silesia zł20.12, Wrocław zł18.92, Poznań zł21.10 per m²/month (€3.15–6.00 at zł4.374/€; ceo.com.pl, ~Apr 2026) — mean; CBRE Q2 2026 national €4.7 = zł20.56 agrees; Rzeszów listings only); maintenance the library's own line build-up rule (3.5% of capex); no Polish norm found)",""
"machine","furnace-roller-hearth","Roller-Hearth Austenitising Furnace (hot stamping)","186.98","177.87","-4.87","zł/h machine only","updated (Poland operating model; capital held — capex not sourced)","Poland book 2026-10-10: capital HELD at the book's UK × 0.72 (capex not sourced for Poland: the book's capital (UK × 0.72) is HELD — round-2 evidence shows it both ways (aluminium extrusion lines ~2–3× low, press brakes ~4× high in the UK build-ups); the Poland operating model (3 × 8 h hours, straight-line tax life, loan finance, rent, tariff, support at Polish wages) is applied): depreciation × 1.000 (shift pattern), maintenance per running hour held, finance re-rated 4% → 8.22%; 367 m² at zł240.60 (£47.21)/m²/yr, 218,260 kWh at zł0.7022 (£0.1378)/kWh, support at 0.4658 of UK wages, 6,024 h × 0.8 (3 × 8 h, Monday–Friday, 251 working days in 2026 = 6,024 h (the labour model's pattern); Polish straight-line tax depreciation — no shift uplift on held capital; SME machinery / investment loan WIBOR 3M 3.82% + 3.9–4.9 pp = 7.72–8.72%, midpoint 8.22% (cooperative bank tariff, Mar 2026); NBP reference rate 3.75% (7 Oct 2026) — a large Tier-1 borrows below this; the book's line build-ups use 4% on half the capex; rent zł20.05/m²/month (warehouse / light-industrial headline rent midpoints: Upper Silesia zł20.12, Wrocław zł18.92, Poznań zł21.10 per m²/month (€3.15–6.00 at zł4.374/€; ceo.com.pl, ~Apr 2026) — mean; CBRE Q2 2026 national €4.7 = zł20.56 agrees; Rzeszów listings only); maintenance the library's own line build-up rule (3.5% of capex); no Polish norm found)",""
"machine","notching-machine","CNC Notching Machine (laminations)","111.4","83.27","-25.25","zł/h machine only","updated (Poland operating model; capital held — capex not sourced)","Poland book 2026-10-10: capital HELD at the book's UK × 0.72 (capex not sourced for Poland: the book's capital (UK × 0.72) is HELD — round-2 evidence shows it both ways (aluminium extrusion lines ~2–3× low, press brakes ~4× high in the UK build-ups); the Poland operating model (3 × 8 h hours, straight-line tax life, loan finance, rent, tariff, support at Polish wages) is applied): depreciation × 1.000 (shift pattern), maintenance per running hour held, finance re-rated 4% → 8.22%; 92 m² at zł240.60 (£47.21)/m²/yr, 65,478 kWh at zł0.7022 (£0.1378)/kWh, support at 0.4658 of UK wages, 6,024 h × 0.75 (3 × 8 h, Monday–Friday, 251 working days in 2026 = 6,024 h (the labour model's pattern); Polish straight-line tax depreciation — no shift uplift on held capital; SME machinery / investment loan WIBOR 3M 3.82% + 3.9–4.9 pp = 7.72–8.72%, midpoint 8.22% (cooperative bank tariff, Mar 2026); NBP reference rate 3.75% (7 Oct 2026) — a large Tier-1 borrows below this; the book's line build-ups use 4% on half the capex; rent zł20.05/m²/month (warehouse / light-industrial headline rent midpoints: Upper Silesia zł20.12, Wrocław zł18.92, Poznań zł21.10 per m²/month (€3.15–6.00 at zł4.374/€; ceo.com.pl, ~Apr 2026) — mean; CBRE Q2 2026 national €4.7 = zł20.56 agrees; Rzeszów listings only); maintenance the library's own line build-up rule (3.5% of capex); no Polish norm found)",""
"machine","lamination-anneal-furnace","Stress-Relief Annealing Furnace (laminations)","136.27","132.83","-2.52","zł/h machine only","updated (Poland operating model; capital held — capex not sourced)","Poland book 2026-10-10: capital HELD at the book's UK × 0.72 (capex not sourced for Poland: the book's capital (UK × 0.72) is HELD — round-2 evidence shows it both ways (aluminium extrusion lines ~2–3× low, press brakes ~4× high in the UK build-ups); the Poland operating model (3 × 8 h hours, straight-line tax life, loan finance, rent, tariff, support at Polish wages) is applied): depreciation × 1.000 (shift pattern), maintenance per running hour held, finance re-rated 4% → 8.22%; 184 m² at zł240.60 (£47.21)/m²/yr, 174,608 kWh at zł0.7022 (£0.1378)/kWh, support at 0.4658 of UK wages, 6,024 h × 0.8 (3 × 8 h, Monday–Friday, 251 working days in 2026 = 6,024 h (the labour model's pattern); Polish straight-line tax depreciation — no shift uplift on held capital; SME machinery / investment loan WIBOR 3M 3.82% + 3.9–4.9 pp = 7.72–8.72%, midpoint 8.22% (cooperative bank tariff, Mar 2026); NBP reference rate 3.75% (7 Oct 2026) — a large Tier-1 borrows below this; the book's line build-ups use 4% on half the capex; rent zł20.05/m²/month (warehouse / light-industrial headline rent midpoints: Upper Silesia zł20.12, Wrocław zł18.92, Poznań zł21.10 per m²/month (€3.15–6.00 at zł4.374/€; ceo.com.pl, ~Apr 2026) — mean; CBRE Q2 2026 national €4.7 = zł20.56 agrees; Rzeszów listings only); maintenance the library's own line build-up rule (3.5% of capex); no Polish norm found)",""
"machine","backlack-bonding-oven","Backlack Bonding Oven/Press (self-bonded stacks)","134.33","103.53","-22.93","zł/h machine only","updated (Poland operating model; capital held — capex not sourced)","Poland book 2026-10-10: capital HELD at the book's UK × 0.72 (capex not sourced for Poland: the book's capital (UK × 0.72) is HELD — round-2 evidence shows it both ways (aluminium extrusion lines ~2–3× low, press brakes ~4× high in the UK build-ups); the Poland operating model (3 × 8 h hours, straight-line tax life, loan finance, rent, tariff, support at Polish wages) is applied): depreciation × 1.000 (shift pattern), maintenance per running hour held, finance re-rated 4% → 8.22%; 110 m² at zł240.60 (£47.21)/m²/yr, 163,691 kWh at zł0.7022 (£0.1378)/kWh, support at 0.4658 of UK wages, 6,024 h × 0.78 (3 × 8 h, Monday–Friday, 251 working days in 2026 = 6,024 h (the labour model's pattern); Polish straight-line tax depreciation — no shift uplift on held capital; SME machinery / investment loan WIBOR 3M 3.82% + 3.9–4.9 pp = 7.72–8.72%, midpoint 8.22% (cooperative bank tariff, Mar 2026); NBP reference rate 3.75% (7 Oct 2026) — a large Tier-1 borrows below this; the book's line build-ups use 4% on half the capex; rent zł20.05/m²/month (warehouse / light-industrial headline rent midpoints: Upper Silesia zł20.12, Wrocław zł18.92, Poznań zł21.10 per m²/month (€3.15–6.00 at zł4.374/€; ceo.com.pl, ~Apr 2026) — mean; CBRE Q2 2026 national €4.7 = zł20.56 agrees; Rzeszów listings only); maintenance the library's own line build-up rule (3.5% of capex); no Polish norm found)",""
"machine","laser-stack-welder","Laser Stack Welder (stator OD welds)","199.82","153.3","-23.28","zł/h machine only","updated (Poland operating model; capital held — capex not sourced)","Poland book 2026-10-10: capital HELD at the book's UK × 0.72 (capex not sourced for Poland: the book's capital (UK × 0.72) is HELD — round-2 evidence shows it both ways (aluminium extrusion lines ~2–3× low, press brakes ~4× high in the UK build-ups); the Poland operating model (3 × 8 h hours, straight-line tax life, loan finance, rent, tariff, support at Polish wages) is applied): depreciation × 1.000 (shift pattern), maintenance per running hour held, finance re-rated 4% → 8.22%; 92 m² at zł240.60 (£47.21)/m²/yr, 98,213 kWh at zł0.7022 (£0.1378)/kWh, support at 0.4658 of UK wages, 6,024 h × 0.8 (3 × 8 h, Monday–Friday, 251 working days in 2026 = 6,024 h (the labour model's pattern); Polish straight-line tax depreciation — no shift uplift on held capital; SME machinery / investment loan WIBOR 3M 3.82% + 3.9–4.9 pp = 7.72–8.72%, midpoint 8.22% (cooperative bank tariff, Mar 2026); NBP reference rate 3.75% (7 Oct 2026) — a large Tier-1 borrows below this; the book's line build-ups use 4% on half the capex; rent zł20.05/m²/month (warehouse / light-industrial headline rent midpoints: Upper Silesia zł20.12, Wrocław zł18.92, Poznań zł21.10 per m²/month (€3.15–6.00 at zł4.374/€; ceo.com.pl, ~Apr 2026) — mean; CBRE Q2 2026 national €4.7 = zł20.56 agrees; Rzeszów listings only); maintenance the library's own line build-up rule (3.5% of capex); no Polish norm found)",""
"machine","imm-50t","50T Injection Moulding Machine","32.58","26.54","-18.54","zł/h machine only","updated (Poland operating model; capital held — capex not sourced)","Poland book 2026-10-10: capital HELD at the book's UK × 0.72 (capex not sourced for Poland: the book's capital (UK × 0.72) is HELD — round-2 evidence shows it both ways (aluminium extrusion lines ~2–3× low, press brakes ~4× high in the UK build-ups); the Poland operating model (3 × 8 h hours, straight-line tax life, loan finance, rent, tariff, support at Polish wages) is applied): depreciation × 1.000 (shift pattern), maintenance per running hour held, finance re-rated 4% → 8.22%; 23 m² at zł240.60 (£47.21)/m²/yr, 72,023 kWh at zł0.7022 (£0.1378)/kWh, support at 0.4658 of UK wages, 6,024 h × 0.8 (3 × 8 h, Monday–Friday, 251 working days in 2026 = 6,024 h (the labour model's pattern); Polish straight-line tax depreciation — no shift uplift on held capital; SME machinery / investment loan WIBOR 3M 3.82% + 3.9–4.9 pp = 7.72–8.72%, midpoint 8.22% (cooperative bank tariff, Mar 2026); NBP reference rate 3.75% (7 Oct 2026) — a large Tier-1 borrows below this; the book's line build-ups use 4% on half the capex; rent zł20.05/m²/month (warehouse / light-industrial headline rent midpoints: Upper Silesia zł20.12, Wrocław zł18.92, Poznań zł21.10 per m²/month (€3.15–6.00 at zł4.374/€; ceo.com.pl, ~Apr 2026) — mean; CBRE Q2 2026 national €4.7 = zł20.56 agrees; Rzeszów listings only); maintenance the library's own line build-up rule (3.5% of capex); no Polish norm found)",""
"machine","imm-100t","100T Injection Moulding Machine","52.84","43.8","-17.11","zł/h machine only","updated (Poland operating model; capital held — capex not sourced)","Poland book 2026-10-10: capital HELD at the book's UK × 0.72 (capex not sourced for Poland: the book's capital (UK × 0.72) is HELD — round-2 evidence shows it both ways (aluminium extrusion lines ~2–3× low, press brakes ~4× high in the UK build-ups); the Poland operating model (3 × 8 h hours, straight-line tax life, loan finance, rent, tariff, support at Polish wages) is applied): depreciation × 1.000 (shift pattern), maintenance per running hour held, finance re-rated 4% → 8.22%; 32 m² at zł240.60 (£47.21)/m²/yr, 130,956 kWh at zł0.7022 (£0.1378)/kWh, support at 0.4658 of UK wages, 6,024 h × 0.8 (3 × 8 h, Monday–Friday, 251 working days in 2026 = 6,024 h (the labour model's pattern); Polish straight-line tax depreciation — no shift uplift on held capital; SME machinery / investment loan WIBOR 3M 3.82% + 3.9–4.9 pp = 7.72–8.72%, midpoint 8.22% (cooperative bank tariff, Mar 2026); NBP reference rate 3.75% (7 Oct 2026) — a large Tier-1 borrows below this; the book's line build-ups use 4% on half the capex; rent zł20.05/m²/month (warehouse / light-industrial headline rent midpoints: Upper Silesia zł20.12, Wrocław zł18.92, Poznań zł21.10 per m²/month (€3.15–6.00 at zł4.374/€; ceo.com.pl, ~Apr 2026) — mean; CBRE Q2 2026 national €4.7 = zł20.56 agrees; Rzeszów listings only); maintenance the library's own line build-up rule (3.5% of capex); no Polish norm found)",""
"machine","imm-200t","200T Injection Moulding Machine","85.6","71.9","-16","zł/h machine only","updated (Poland operating model; capital held — capex not sourced)","Poland book 2026-10-10: capital HELD at the book's UK × 0.72 (capex not sourced for Poland: the book's capital (UK × 0.72) is HELD — round-2 evidence shows it both ways (aluminium extrusion lines ~2–3× low, press brakes ~4× high in the UK build-ups); the Poland operating model (3 × 8 h hours, straight-line tax life, loan finance, rent, tariff, support at Polish wages) is applied): depreciation × 1.000 (shift pattern), maintenance per running hour held, finance re-rated 4% → 8.22%; 46 m² at zł240.60 (£47.21)/m²/yr, 229,177 kWh at zł0.7022 (£0.1378)/kWh, support at 0.4658 of UK wages, 6,024 h × 0.8 (3 × 8 h, Monday–Friday, 251 working days in 2026 = 6,024 h (the labour model's pattern); Polish straight-line tax depreciation — no shift uplift on held capital; SME machinery / investment loan WIBOR 3M 3.82% + 3.9–4.9 pp = 7.72–8.72%, midpoint 8.22% (cooperative bank tariff, Mar 2026); NBP reference rate 3.75% (7 Oct 2026) — a large Tier-1 borrows below this; the book's line build-ups use 4% on half the capex; rent zł20.05/m²/month (warehouse / light-industrial headline rent midpoints: Upper Silesia zł20.12, Wrocław zł18.92, Poznań zł21.10 per m²/month (€3.15–6.00 at zł4.374/€; ceo.com.pl, ~Apr 2026) — mean; CBRE Q2 2026 national €4.7 = zł20.56 agrees; Rzeszów listings only); maintenance the library's own line build-up rule (3.5% of capex); no Polish norm found)",""
"machine","imm-350t","350T Injection Moulding Machine","127.55","106.98","-16.13","zł/h machine only","updated (Poland operating model; capital held — capex not sourced)","Poland book 2026-10-10: capital HELD at the book's UK × 0.72 (capex not sourced for Poland: the book's capital (UK × 0.72) is HELD — round-2 evidence shows it both ways (aluminium extrusion lines ~2–3× low, press brakes ~4× high in the UK build-ups); the Poland operating model (3 × 8 h hours, straight-line tax life, loan finance, rent, tariff, support at Polish wages) is applied): depreciation × 1.000 (shift pattern), maintenance per running hour held, finance re-rated 4% → 8.22%; 64 m² at zł240.60 (£47.21)/m²/yr, 340,488 kWh at zł0.7022 (£0.1378)/kWh, support at 0.4658 of UK wages, 6,024 h × 0.8 (3 × 8 h, Monday–Friday, 251 working days in 2026 = 6,024 h (the labour model's pattern); Polish straight-line tax depreciation — no shift uplift on held capital; SME machinery / investment loan WIBOR 3M 3.82% + 3.9–4.9 pp = 7.72–8.72%, midpoint 8.22% (cooperative bank tariff, Mar 2026); NBP reference rate 3.75% (7 Oct 2026) — a large Tier-1 borrows below this; the book's line build-ups use 4% on half the capex; rent zł20.05/m²/month (warehouse / light-industrial headline rent midpoints: Upper Silesia zł20.12, Wrocław zł18.92, Poznań zł21.10 per m²/month (€3.15–6.00 at zł4.374/€; ceo.com.pl, ~Apr 2026) — mean; CBRE Q2 2026 national €4.7 = zł20.56 agrees; Rzeszów listings only); maintenance the library's own line build-up rule (3.5% of capex); no Polish norm found)",""
"machine","imm-400t","400T Injection Moulding Machine","148.4","124.36","-16.2","zł/h machine only","updated (Poland operating model; capital held — capex not sourced)","Poland book 2026-10-10: capital HELD at the book's UK × 0.72 (capex not sourced for Poland: the book's capital (UK × 0.72) is HELD — round-2 evidence shows it both ways (aluminium extrusion lines ~2–3× low, press brakes ~4× high in the UK build-ups); the Poland operating model (3 × 8 h hours, straight-line tax life, loan finance, rent, tariff, support at Polish wages) is applied): depreciation × 1.000 (shift pattern), maintenance per running hour held, finance re-rated 4% → 8.22%; 73 m² at zł240.60 (£47.21)/m²/yr, 392,867 kWh at zł0.7022 (£0.1378)/kWh, support at 0.4658 of UK wages, 6,024 h × 0.8 (3 × 8 h, Monday–Friday, 251 working days in 2026 = 6,024 h (the labour model's pattern); Polish straight-line tax depreciation — no shift uplift on held capital; SME machinery / investment loan WIBOR 3M 3.82% + 3.9–4.9 pp = 7.72–8.72%, midpoint 8.22% (cooperative bank tariff, Mar 2026); NBP reference rate 3.75% (7 Oct 2026) — a large Tier-1 borrows below this; the book's line build-ups use 4% on half the capex; rent zł20.05/m²/month (warehouse / light-industrial headline rent midpoints: Upper Silesia zł20.12, Wrocław zł18.92, Poznań zł21.10 per m²/month (€3.15–6.00 at zł4.374/€; ceo.com.pl, ~Apr 2026) — mean; CBRE Q2 2026 national €4.7 = zł20.56 agrees; Rzeszów listings only); maintenance the library's own line build-up rule (3.5% of capex); no Polish norm found)",""
"machine","imm-500t","500T Injection Moulding Machine","181.49","151.78","-16.37","zł/h machine only","updated (Poland operating model; capital held — capex not sourced)","Poland book 2026-10-10: capital HELD at the book's UK × 0.72 (capex not sourced for Poland: the book's capital (UK × 0.72) is HELD — round-2 evidence shows it both ways (aluminium extrusion lines ~2–3× low, press brakes ~4× high in the UK build-ups); the Poland operating model (3 × 8 h hours, straight-line tax life, loan finance, rent, tariff, support at Polish wages) is applied): depreciation × 1.000 (shift pattern), maintenance per running hour held, finance re-rated 4% → 8.22%; 87 m² at zł240.60 (£47.21)/m²/yr, 471,444 kWh at zł0.7022 (£0.1378)/kWh, support at 0.4658 of UK wages, 6,024 h × 0.8 (3 × 8 h, Monday–Friday, 251 working days in 2026 = 6,024 h (the labour model's pattern); Polish straight-line tax depreciation — no shift uplift on held capital; SME machinery / investment loan WIBOR 3M 3.82% + 3.9–4.9 pp = 7.72–8.72%, midpoint 8.22% (cooperative bank tariff, Mar 2026); NBP reference rate 3.75% (7 Oct 2026) — a large Tier-1 borrows below this; the book's line build-ups use 4% on half the capex; rent zł20.05/m²/month (warehouse / light-industrial headline rent midpoints: Upper Silesia zł20.12, Wrocław zł18.92, Poznań zł21.10 per m²/month (€3.15–6.00 at zł4.374/€; ceo.com.pl, ~Apr 2026) — mean; CBRE Q2 2026 national €4.7 = zł20.56 agrees; Rzeszów listings only); maintenance the library's own line build-up rule (3.5% of capex); no Polish norm found)",""
"machine","imm-800t","800T Injection Moulding Machine","266.95","223.81","-16.16","zł/h machine only","updated (Poland operating model; capital held — capex not sourced)","Poland book 2026-10-10: capital HELD at the book's UK × 0.72 (capex not sourced for Poland: the book's capital (UK × 0.72) is HELD — round-2 evidence shows it both ways (aluminium extrusion lines ~2–3× low, press brakes ~4× high in the UK build-ups); the Poland operating model (3 × 8 h hours, straight-line tax life, loan finance, rent, tariff, support at Polish wages) is applied): depreciation × 1.000 (shift pattern), maintenance per running hour held, finance re-rated 4% → 8.22%; 129 m² at zł240.60 (£47.21)/m²/yr, 687,522 kWh at zł0.7022 (£0.1378)/kWh, support at 0.4658 of UK wages, 6,024 h × 0.78 (3 × 8 h, Monday–Friday, 251 working days in 2026 = 6,024 h (the labour model's pattern); Polish straight-line tax depreciation — no shift uplift on held capital; SME machinery / investment loan WIBOR 3M 3.82% + 3.9–4.9 pp = 7.72–8.72%, midpoint 8.22% (cooperative bank tariff, Mar 2026); NBP reference rate 3.75% (7 Oct 2026) — a large Tier-1 borrows below this; the book's line build-ups use 4% on half the capex; rent zł20.05/m²/month (warehouse / light-industrial headline rent midpoints: Upper Silesia zł20.12, Wrocław zł18.92, Poznań zł21.10 per m²/month (€3.15–6.00 at zł4.374/€; ceo.com.pl, ~Apr 2026) — mean; CBRE Q2 2026 national €4.7 = zł20.56 agrees; Rzeszów listings only); maintenance the library's own line build-up rule (3.5% of capex); no Polish norm found)",""
"machine","imm-1200t","1200T Injection Moulding Machine","381.69","320.06","-16.15","zł/h machine only","updated (Poland operating model; capital held — capex not sourced)","Poland book 2026-10-10: capital HELD at the book's UK × 0.72 (capex not sourced for Poland: the book's capital (UK × 0.72) is HELD — round-2 evidence shows it both ways (aluminium extrusion lines ~2–3× low, press brakes ~4× high in the UK build-ups); the Poland operating model (3 × 8 h hours, straight-line tax life, loan finance, rent, tariff, support at Polish wages) is applied): depreciation × 1.000 (shift pattern), maintenance per running hour held, finance re-rated 4% → 8.22%; 184 m² at zł240.60 (£47.21)/m²/yr, 982,177 kWh at zł0.7022 (£0.1378)/kWh, support at 0.4658 of UK wages, 6,024 h × 0.78 (3 × 8 h, Monday–Friday, 251 working days in 2026 = 6,024 h (the labour model's pattern); Polish straight-line tax depreciation — no shift uplift on held capital; SME machinery / investment loan WIBOR 3M 3.82% + 3.9–4.9 pp = 7.72–8.72%, midpoint 8.22% (cooperative bank tariff, Mar 2026); NBP reference rate 3.75% (7 Oct 2026) — a large Tier-1 borrows below this; the book's line build-ups use 4% on half the capex; rent zł20.05/m²/month (warehouse / light-industrial headline rent midpoints: Upper Silesia zł20.12, Wrocław zł18.92, Poznań zł21.10 per m²/month (€3.15–6.00 at zł4.374/€; ceo.com.pl, ~Apr 2026) — mean; CBRE Q2 2026 national €4.7 = zł20.56 agrees; Rzeszów listings only); maintenance the library's own line build-up rule (3.5% of capex); no Polish norm found)",""
"machine","imm-2000t","2000T Injection Moulding Machine","610.45","512.07","-16.12","zł/h machine only","updated (Poland operating model; capital held — capex not sourced)","Poland book 2026-10-10: capital HELD at the book's UK × 0.72 (capex not sourced for Poland: the book's capital (UK × 0.72) is HELD — round-2 evidence shows it both ways (aluminium extrusion lines ~2–3× low, press brakes ~4× high in the UK build-ups); the Poland operating model (3 × 8 h hours, straight-line tax life, loan finance, rent, tariff, support at Polish wages) is applied): depreciation × 1.000 (shift pattern), maintenance per running hour held, finance re-rated 4% → 8.22%; 275 m² at zł240.60 (£47.21)/m²/yr, 1,519,099 kWh at zł0.7022 (£0.1378)/kWh, support at 0.4658 of UK wages, 6,024 h × 0.76 (3 × 8 h, Monday–Friday, 251 working days in 2026 = 6,024 h (the labour model's pattern); Polish straight-line tax depreciation — no shift uplift on held capital; SME machinery / investment loan WIBOR 3M 3.82% + 3.9–4.9 pp = 7.72–8.72%, midpoint 8.22% (cooperative bank tariff, Mar 2026); NBP reference rate 3.75% (7 Oct 2026) — a large Tier-1 borrows below this; the book's line build-ups use 4% on half the capex; rent zł20.05/m²/month (warehouse / light-industrial headline rent midpoints: Upper Silesia zł20.12, Wrocław zł18.92, Poznań zł21.10 per m²/month (€3.15–6.00 at zł4.374/€; ceo.com.pl, ~Apr 2026) — mean; CBRE Q2 2026 national €4.7 = zł20.56 agrees; Rzeszów listings only); maintenance the library's own line build-up rule (3.5% of capex); no Polish norm found)",""
"machine","imm-3500t","3500T Injection Moulding Machine","1046.1","879.81","-15.9","zł/h machine only","updated (Poland operating model; capital held — capex not sourced)","Poland book 2026-10-10: capital HELD at the book's UK × 0.72 (capex not sourced for Poland: the book's capital (UK × 0.72) is HELD — round-2 evidence shows it both ways (aluminium extrusion lines ~2–3× low, press brakes ~4× high in the UK build-ups); the Poland operating model (3 × 8 h hours, straight-line tax life, loan finance, rent, tariff, support at Polish wages) is applied): depreciation × 1.000 (shift pattern), maintenance per running hour held, finance re-rated 4% → 8.22%; 441 m² at zł240.60 (£47.21)/m²/yr, 2,553,663 kWh at zł0.7022 (£0.1378)/kWh, support at 0.4658 of UK wages, 6,024 h × 0.74 (3 × 8 h, Monday–Friday, 251 working days in 2026 = 6,024 h (the labour model's pattern); Polish straight-line tax depreciation — no shift uplift on held capital; SME machinery / investment loan WIBOR 3M 3.82% + 3.9–4.9 pp = 7.72–8.72%, midpoint 8.22% (cooperative bank tariff, Mar 2026); NBP reference rate 3.75% (7 Oct 2026) — a large Tier-1 borrows below this; the book's line build-ups use 4% on half the capex; rent zł20.05/m²/month (warehouse / light-industrial headline rent midpoints: Upper Silesia zł20.12, Wrocław zł18.92, Poznań zł21.10 per m²/month (€3.15–6.00 at zł4.374/€; ceo.com.pl, ~Apr 2026) — mean; CBRE Q2 2026 national €4.7 = zł20.56 agrees; Rzeszów listings only); maintenance the library's own line build-up rule (3.5% of capex); no Polish norm found)",""
"machine","hpdc-500t","HPDC 500T","184.62","138.93","-24.75","zł/h machine only","updated (Poland operating model; capital held — capex not sourced)","Poland book 2026-10-10: capital HELD at the book's UK × 0.72 (capex not sourced for Poland: the book's capital (UK × 0.72) is HELD — round-2 evidence shows it both ways (aluminium extrusion lines ~2–3× low, press brakes ~4× high in the UK build-ups); the Poland operating model (3 × 8 h hours, straight-line tax life, loan finance, rent, tariff, support at Polish wages) is applied): depreciation × 1.000 (shift pattern), maintenance per running hour held, finance re-rated 4% → 8.22%; 110 m² at zł240.60 (£47.21)/m²/yr, 299,328 kWh at zł0.7022 (£0.1378)/kWh, support at 0.4658 of UK wages, 6,024 h × 0.78 (3 × 8 h, Monday–Friday, 251 working days in 2026 = 6,024 h (the labour model's pattern); Polish straight-line tax depreciation — no shift uplift on held capital; SME machinery / investment loan WIBOR 3M 3.82% + 3.9–4.9 pp = 7.72–8.72%, midpoint 8.22% (cooperative bank tariff, Mar 2026); NBP reference rate 3.75% (7 Oct 2026) — a large Tier-1 borrows below this; the book's line build-ups use 4% on half the capex; rent zł20.05/m²/month (warehouse / light-industrial headline rent midpoints: Upper Silesia zł20.12, Wrocław zł18.92, Poznań zł21.10 per m²/month (€3.15–6.00 at zł4.374/€; ceo.com.pl, ~Apr 2026) — mean; CBRE Q2 2026 national €4.7 = zł20.56 agrees; Rzeszów listings only); maintenance the library's own line build-up rule (3.5% of capex); no Polish norm found)",""
"machine","hpdc-800t","HPDC 800T","279.7","208.43","-25.48","zł/h machine only","updated (Poland operating model; capital held — capex not sourced)","Poland book 2026-10-10: capital HELD at the book's UK × 0.72 (capex not sourced for Poland: the book's capital (UK × 0.72) is HELD — round-2 evidence shows it both ways (aluminium extrusion lines ~2–3× low, press brakes ~4× high in the UK build-ups); the Poland operating model (3 × 8 h hours, straight-line tax life, loan finance, rent, tariff, support at Polish wages) is applied): depreciation × 1.000 (shift pattern), maintenance per running hour held, finance re-rated 4% → 8.22%; 165 m² at zł240.60 (£47.21)/m²/yr, 411,580 kWh at zł0.7022 (£0.1378)/kWh, support at 0.4658 of UK wages, 6,024 h × 0.78 (3 × 8 h, Monday–Friday, 251 working days in 2026 = 6,024 h (the labour model's pattern); Polish straight-line tax depreciation — no shift uplift on held capital; SME machinery / investment loan WIBOR 3M 3.82% + 3.9–4.9 pp = 7.72–8.72%, midpoint 8.22% (cooperative bank tariff, Mar 2026); NBP reference rate 3.75% (7 Oct 2026) — a large Tier-1 borrows below this; the book's line build-ups use 4% on half the capex; rent zł20.05/m²/month (warehouse / light-industrial headline rent midpoints: Upper Silesia zł20.12, Wrocław zł18.92, Poznań zł21.10 per m²/month (€3.15–6.00 at zł4.374/€; ceo.com.pl, ~Apr 2026) — mean; CBRE Q2 2026 national €4.7 = zł20.56 agrees; Rzeszów listings only); maintenance the library's own line build-up rule (3.5% of capex); no Polish norm found)",""
"machine","hpdc-1600t","HPDC 1600T","485.16","364.63","-24.84","zł/h machine only","updated (Poland operating model; capital held — capex not sourced)","Poland book 2026-10-10: capital HELD at the book's UK × 0.72 (capex not sourced for Poland: the book's capital (UK × 0.72) is HELD — round-2 evidence shows it both ways (aluminium extrusion lines ~2–3× low, press brakes ~4× high in the UK build-ups); the Poland operating model (3 × 8 h hours, straight-line tax life, loan finance, rent, tariff, support at Polish wages) is applied): depreciation × 1.000 (shift pattern), maintenance per running hour held, finance re-rated 4% → 8.22%; 257 m² at zł240.60 (£47.21)/m²/yr, 748,328 kWh at zł0.7022 (£0.1378)/kWh, support at 0.4658 of UK wages, 6,024 h × 0.78 (3 × 8 h, Monday–Friday, 251 working days in 2026 = 6,024 h (the labour model's pattern); Polish straight-line tax depreciation — no shift uplift on held capital; SME machinery / investment loan WIBOR 3M 3.82% + 3.9–4.9 pp = 7.72–8.72%, midpoint 8.22% (cooperative bank tariff, Mar 2026); NBP reference rate 3.75% (7 Oct 2026) — a large Tier-1 borrows below this; the book's line build-ups use 4% on half the capex; rent zł20.05/m²/month (warehouse / light-industrial headline rent midpoints: Upper Silesia zł20.12, Wrocław zł18.92, Poznań zł21.10 per m²/month (€3.15–6.00 at zł4.374/€; ceo.com.pl, ~Apr 2026) — mean; CBRE Q2 2026 national €4.7 = zł20.56 agrees; Rzeszów listings only); maintenance the library's own line build-up rule (3.5% of capex); no Polish norm found)",""
"machine","hpdc-giga-6100t","Giga-Casting Press 6100T (megacasting)","1502.13","1185.13","-21.1","zł/h machine only","updated (Poland operating model; capital held — capex not sourced)","Poland book 2026-10-10: capital HELD at the book's UK × 0.72 (capex not sourced for Poland: the book's capital (UK × 0.72) is HELD — round-2 evidence shows it both ways (aluminium extrusion lines ~2–3× low, press brakes ~4× high in the UK build-ups); the Poland operating model (3 × 8 h hours, straight-line tax life, loan finance, rent, tariff, support at Polish wages) is applied): depreciation × 1.000 (shift pattern), maintenance per running hour held, finance re-rated 4% → 8.22%; 1101 m² at zł240.60 (£47.21)/m²/yr, 2,095,309 kWh at zł0.7022 (£0.1378)/kWh, support at 0.4658 of UK wages, 6,024 h × 0.8 (3 × 8 h, Monday–Friday, 251 working days in 2026 = 6,024 h (the labour model's pattern); Polish straight-line tax depreciation — no shift uplift on held capital; SME machinery / investment loan WIBOR 3M 3.82% + 3.9–4.9 pp = 7.72–8.72%, midpoint 8.22% (cooperative bank tariff, Mar 2026); NBP reference rate 3.75% (7 Oct 2026) — a large Tier-1 borrows below this; the book's line build-ups use 4% on half the capex; rent zł20.05/m²/month (warehouse / light-industrial headline rent midpoints: Upper Silesia zł20.12, Wrocław zł18.92, Poznań zł21.10 per m²/month (€3.15–6.00 at zł4.374/€; ceo.com.pl, ~Apr 2026) — mean; CBRE Q2 2026 national €4.7 = zł20.56 agrees; Rzeszów listings only); maintenance the library's own line build-up rule (3.5% of capex); no Polish norm found)",""
"machine","hpdc-giga-9000t","Giga-Casting Press 9000T (Xiaomi/Tesla-class)","2258.97","1780.17","-21.2","zł/h machine only","updated (Poland operating model; capital held — capex not sourced)","Poland book 2026-10-10: capital HELD at the book's UK × 0.72 (capex not sourced for Poland: the book's capital (UK × 0.72) is HELD — round-2 evidence shows it both ways (aluminium extrusion lines ~2–3× low, press brakes ~4× high in the UK build-ups); the Poland operating model (3 × 8 h hours, straight-line tax life, loan finance, rent, tariff, support at Polish wages) is applied): depreciation × 1.000 (shift pattern), maintenance per running hour held, finance re-rated 4% → 8.22%; 1652 m² at zł240.60 (£47.21)/m²/yr, 3,142,964 kWh at zł0.7022 (£0.1378)/kWh, support at 0.4658 of UK wages, 6,024 h × 0.8 (3 × 8 h, Monday–Friday, 251 working days in 2026 = 6,024 h (the labour model's pattern); Polish straight-line tax depreciation — no shift uplift on held capital; SME machinery / investment loan WIBOR 3M 3.82% + 3.9–4.9 pp = 7.72–8.72%, midpoint 8.22% (cooperative bank tariff, Mar 2026); NBP reference rate 3.75% (7 Oct 2026) — a large Tier-1 borrows below this; the book's line build-ups use 4% on half the capex; rent zł20.05/m²/month (warehouse / light-industrial headline rent midpoints: Upper Silesia zł20.12, Wrocław zł18.92, Poznań zł21.10 per m²/month (€3.15–6.00 at zł4.374/€; ceo.com.pl, ~Apr 2026) — mean; CBRE Q2 2026 national €4.7 = zł20.56 agrees; Rzeszów listings only); maintenance the library's own line build-up rule (3.5% of capex); no Polish norm found)",""
"machine","sand-cast-line","Sand Casting Moulding Line","110.95","80.89","-27.09","zł/h machine only","updated (Poland operating model; capital held — capex not sourced)","Poland book 2026-10-10: capital HELD at the book's UK × 0.72 (capex not sourced for Poland: the book's capital (UK × 0.72) is HELD — round-2 evidence shows it both ways (aluminium extrusion lines ~2–3× low, press brakes ~4× high in the UK build-ups); the Poland operating model (3 × 8 h hours, straight-line tax life, loan finance, rent, tariff, support at Polish wages) is applied): depreciation × 1.000 (shift pattern), maintenance per running hour held, finance re-rated 4% → 8.22%; 92 m² at zł240.60 (£47.21)/m²/yr, 187,075 kWh at zł0.7022 (£0.1378)/kWh, support at 0.4658 of UK wages, 6,024 h × 0.75 (3 × 8 h, Monday–Friday, 251 working days in 2026 = 6,024 h (the labour model's pattern); Polish straight-line tax depreciation — no shift uplift on held capital; SME machinery / investment loan WIBOR 3M 3.82% + 3.9–4.9 pp = 7.72–8.72%, midpoint 8.22% (cooperative bank tariff, Mar 2026); NBP reference rate 3.75% (7 Oct 2026) — a large Tier-1 borrows below this; the book's line build-ups use 4% on half the capex; rent zł20.05/m²/month (warehouse / light-industrial headline rent midpoints: Upper Silesia zł20.12, Wrocław zł18.92, Poznań zł21.10 per m²/month (€3.15–6.00 at zł4.374/€; ceo.com.pl, ~Apr 2026) — mean; CBRE Q2 2026 national €4.7 = zł20.56 agrees; Rzeszów listings only); maintenance the library's own line build-up rule (3.5% of capex); no Polish norm found)",""
"machine","hpdc-160t","HPDC 160T (Zinc/Small Al)","65.8","48.84","-25.78","zł/h machine only","updated (Poland operating model; capital held — capex not sourced)","Poland book 2026-10-10: capital HELD at the book's UK × 0.72 (capex not sourced for Poland: the book's capital (UK × 0.72) is HELD — round-2 evidence shows it both ways (aluminium extrusion lines ~2–3× low, press brakes ~4× high in the UK build-ups); the Poland operating model (3 × 8 h hours, straight-line tax life, loan finance, rent, tariff, support at Polish wages) is applied): depreciation × 1.000 (shift pattern), maintenance per running hour held, finance re-rated 4% → 8.22%; 46 m² at zł240.60 (£47.21)/m²/yr, 104,763 kWh at zł0.7022 (£0.1378)/kWh, support at 0.4658 of UK wages, 6,024 h × 0.8 (3 × 8 h, Monday–Friday, 251 working days in 2026 = 6,024 h (the labour model's pattern); Polish straight-line tax depreciation — no shift uplift on held capital; SME machinery / investment loan WIBOR 3M 3.82% + 3.9–4.9 pp = 7.72–8.72%, midpoint 8.22% (cooperative bank tariff, Mar 2026); NBP reference rate 3.75% (7 Oct 2026) — a large Tier-1 borrows below this; the book's line build-ups use 4% on half the capex; rent zł20.05/m²/month (warehouse / light-industrial headline rent midpoints: Upper Silesia zł20.12, Wrocław zł18.92, Poznań zł21.10 per m²/month (€3.15–6.00 at zł4.374/€; ceo.com.pl, ~Apr 2026) — mean; CBRE Q2 2026 national €4.7 = zł20.56 agrees; Rzeszów listings only); maintenance the library's own line build-up rule (3.5% of capex); no Polish norm found)",""
"machine","forge-press-500t","500T Mechanical Forge Press","189.59","146.68","-22.63","zł/h machine only","updated (Poland operating model; capital held — capex not sourced)","Poland book 2026-10-10: capital HELD at the book's UK × 0.72 (capex not sourced for Poland: the book's capital (UK × 0.72) is HELD — round-2 evidence shows it both ways (aluminium extrusion lines ~2–3× low, press brakes ~4× high in the UK build-ups); the Poland operating model (3 × 8 h hours, straight-line tax life, loan finance, rent, tariff, support at Polish wages) is applied): depreciation × 1.000 (shift pattern), maintenance per running hour held, finance re-rated 4% → 8.22%; 110 m² at zł240.60 (£47.21)/m²/yr, 411,580 kWh at zł0.7022 (£0.1378)/kWh, support at 0.4658 of UK wages, 6,024 h × 0.78 (3 × 8 h, Monday–Friday, 251 working days in 2026 = 6,024 h (the labour model's pattern); Polish straight-line tax depreciation — no shift uplift on held capital; SME machinery / investment loan WIBOR 3M 3.82% + 3.9–4.9 pp = 7.72–8.72%, midpoint 8.22% (cooperative bank tariff, Mar 2026); NBP reference rate 3.75% (7 Oct 2026) — a large Tier-1 borrows below this; the book's line build-ups use 4% on half the capex; rent zł20.05/m²/month (warehouse / light-industrial headline rent midpoints: Upper Silesia zł20.12, Wrocław zł18.92, Poznań zł21.10 per m²/month (€3.15–6.00 at zł4.374/€; ceo.com.pl, ~Apr 2026) — mean; CBRE Q2 2026 national €4.7 = zł20.56 agrees; Rzeszów listings only); maintenance the library's own line build-up rule (3.5% of capex); no Polish norm found)",""
"machine","forge-press-1600t","1600T Mechanical Forge Press","340.53","259.78","-23.71","zł/h machine only","updated (Poland operating model; capital held — capex not sourced)","Poland book 2026-10-10: capital HELD at the book's UK × 0.72 (capex not sourced for Poland: the book's capital (UK × 0.72) is HELD — round-2 evidence shows it both ways (aluminium extrusion lines ~2–3× low, press brakes ~4× high in the UK build-ups); the Poland operating model (3 × 8 h hours, straight-line tax life, loan finance, rent, tariff, support at Polish wages) is applied): depreciation × 1.000 (shift pattern), maintenance per running hour held, finance re-rated 4% → 8.22%; 184 m² at zł240.60 (£47.21)/m²/yr, 636,076 kWh at zł0.7022 (£0.1378)/kWh, support at 0.4658 of UK wages, 6,024 h × 0.78 (3 × 8 h, Monday–Friday, 251 working days in 2026 = 6,024 h (the labour model's pattern); Polish straight-line tax depreciation — no shift uplift on held capital; SME machinery / investment loan WIBOR 3M 3.82% + 3.9–4.9 pp = 7.72–8.72%, midpoint 8.22% (cooperative bank tariff, Mar 2026); NBP reference rate 3.75% (7 Oct 2026) — a large Tier-1 borrows below this; the book's line build-ups use 4% on half the capex; rent zł20.05/m²/month (warehouse / light-industrial headline rent midpoints: Upper Silesia zł20.12, Wrocław zł18.92, Poznań zł21.10 per m²/month (€3.15–6.00 at zł4.374/€; ceo.com.pl, ~Apr 2026) — mean; CBRE Q2 2026 national €4.7 = zł20.56 agrees; Rzeszów listings only); maintenance the library's own line build-up rule (3.5% of capex); no Polish norm found)",""
"machine","forge-press-2500t","2500T Mechanical Forge Press","486.68","370.81","-23.81","zł/h machine only","updated (Poland operating model; capital held — capex not sourced)","Poland book 2026-10-10: capital HELD at the book's UK × 0.72 (capex not sourced for Poland: the book's capital (UK × 0.72) is HELD — round-2 evidence shows it both ways (aluminium extrusion lines ~2–3× low, press brakes ~4× high in the UK build-ups); the Poland operating model (3 × 8 h hours, straight-line tax life, loan finance, rent, tariff, support at Polish wages) is applied): depreciation × 1.000 (shift pattern), maintenance per running hour held, finance re-rated 4% → 8.22%; 257 m² at zł240.60 (£47.21)/m²/yr, 897,983 kWh at zł0.7022 (£0.1378)/kWh, support at 0.4658 of UK wages, 6,024 h × 0.78 (3 × 8 h, Monday–Friday, 251 working days in 2026 = 6,024 h (the labour model's pattern); Polish straight-line tax depreciation — no shift uplift on held capital; SME machinery / investment loan WIBOR 3M 3.82% + 3.9–4.9 pp = 7.72–8.72%, midpoint 8.22% (cooperative bank tariff, Mar 2026); NBP reference rate 3.75% (7 Oct 2026) — a large Tier-1 borrows below this; the book's line build-ups use 4% on half the capex; rent zł20.05/m²/month (warehouse / light-industrial headline rent midpoints: Upper Silesia zł20.12, Wrocław zł18.92, Poznań zł21.10 per m²/month (€3.15–6.00 at zł4.374/€; ceo.com.pl, ~Apr 2026) — mean; CBRE Q2 2026 national €4.7 = zł20.56 agrees; Rzeszów listings only); maintenance the library's own line build-up rule (3.5% of capex); no Polish norm found)",""
"machine","forge-press-4000t","4000T Hydraulic Forge Press","730.75","555.16","-24.03","zł/h machine only","updated (Poland operating model; capital held — capex not sourced)","Poland book 2026-10-10: capital HELD at the book's UK × 0.72 (capex not sourced for Poland: the book's capital (UK × 0.72) is HELD — round-2 evidence shows it both ways (aluminium extrusion lines ~2–3× low, press brakes ~4× high in the UK build-ups); the Poland operating model (3 × 8 h hours, straight-line tax life, loan finance, rent, tariff, support at Polish wages) is applied): depreciation × 1.000 (shift pattern), maintenance per running hour held, finance re-rated 4% → 8.22%; 367 m² at zł240.60 (£47.21)/m²/yr, 1,309,572 kWh at zł0.7022 (£0.1378)/kWh, support at 0.4658 of UK wages, 6,024 h × 0.78 (3 × 8 h, Monday–Friday, 251 working days in 2026 = 6,024 h (the labour model's pattern); Polish straight-line tax depreciation — no shift uplift on held capital; SME machinery / investment loan WIBOR 3M 3.82% + 3.9–4.9 pp = 7.72–8.72%, midpoint 8.22% (cooperative bank tariff, Mar 2026); NBP reference rate 3.75% (7 Oct 2026) — a large Tier-1 borrows below this; the book's line build-ups use 4% on half the capex; rent zł20.05/m²/month (warehouse / light-industrial headline rent midpoints: Upper Silesia zł20.12, Wrocław zł18.92, Poznań zł21.10 per m²/month (€3.15–6.00 at zł4.374/€; ceo.com.pl, ~Apr 2026) — mean; CBRE Q2 2026 national €4.7 = zł20.56 agrees; Rzeszów listings only); maintenance the library's own line build-up rule (3.5% of capex); no Polish norm found)",""
"machine","forge-press-8000t","8000T Hydraulic Forge Press","1418.22","1077.57","-24.02","zł/h machine only","updated (Poland operating model; capital held — capex not sourced)","Poland book 2026-10-10: capital HELD at the book's UK × 0.72 (capex not sourced for Poland: the book's capital (UK × 0.72) is HELD — round-2 evidence shows it both ways (aluminium extrusion lines ~2–3× low, press brakes ~4× high in the UK build-ups); the Poland operating model (3 × 8 h hours, straight-line tax life, loan finance, rent, tariff, support at Polish wages) is applied): depreciation × 1.000 (shift pattern), maintenance per running hour held, finance re-rated 4% → 8.22%; 642 m² at zł240.60 (£47.21)/m²/yr, 2,394,639 kWh at zł0.7022 (£0.1378)/kWh, support at 0.4658 of UK wages, 6,024 h × 0.75 (3 × 8 h, Monday–Friday, 251 working days in 2026 = 6,024 h (the labour model's pattern); Polish straight-line tax depreciation — no shift uplift on held capital; SME machinery / investment loan WIBOR 3M 3.82% + 3.9–4.9 pp = 7.72–8.72%, midpoint 8.22% (cooperative bank tariff, Mar 2026); NBP reference rate 3.75% (7 Oct 2026) — a large Tier-1 borrows below this; the book's line build-ups use 4% on half the capex; rent zł20.05/m²/month (warehouse / light-industrial headline rent midpoints: Upper Silesia zł20.12, Wrocław zł18.92, Poznań zł21.10 per m²/month (€3.15–6.00 at zł4.374/€; ceo.com.pl, ~Apr 2026) — mean; CBRE Q2 2026 national €4.7 = zł20.56 agrees; Rzeszów listings only); maintenance the library's own line build-up rule (3.5% of capex); no Polish norm found)",""
"machine","forge-screw-1000t","1000T Screw Press","257.76","194.53","-24.53","zł/h machine only","updated (Poland operating model; capital held — capex not sourced)","Poland book 2026-10-10: capital HELD at the book's UK × 0.72 (capex not sourced for Poland: the book's capital (UK × 0.72) is HELD — round-2 evidence shows it both ways (aluminium extrusion lines ~2–3× low, press brakes ~4× high in the UK build-ups); the Poland operating model (3 × 8 h hours, straight-line tax life, loan finance, rent, tariff, support at Polish wages) is applied): depreciation × 1.000 (shift pattern), maintenance per running hour held, finance re-rated 4% → 8.22%; 147 m² at zł240.60 (£47.21)/m²/yr, 448,991 kWh at zł0.7022 (£0.1378)/kWh, support at 0.4658 of UK wages, 6,024 h × 0.78 (3 × 8 h, Monday–Friday, 251 working days in 2026 = 6,024 h (the labour model's pattern); Polish straight-line tax depreciation — no shift uplift on held capital; SME machinery / investment loan WIBOR 3M 3.82% + 3.9–4.9 pp = 7.72–8.72%, midpoint 8.22% (cooperative bank tariff, Mar 2026); NBP reference rate 3.75% (7 Oct 2026) — a large Tier-1 borrows below this; the book's line build-ups use 4% on half the capex; rent zł20.05/m²/month (warehouse / light-industrial headline rent midpoints: Upper Silesia zł20.12, Wrocław zł18.92, Poznań zł21.10 per m²/month (€3.15–6.00 at zł4.374/€; ceo.com.pl, ~Apr 2026) — mean; CBRE Q2 2026 national €4.7 = zł20.56 agrees; Rzeszów listings only); maintenance the library's own line build-up rule (3.5% of capex); no Polish norm found)",""
"machine","forge-upsetter-1000t","1000T Horizontal Upsetter","209.4","154.86","-26.05","zł/h machine only","updated (Poland operating model; capital held — capex not sourced)","Poland book 2026-10-10: capital HELD at the book's UK × 0.72 (capex not sourced for Poland: the book's capital (UK × 0.72) is HELD — round-2 evidence shows it both ways (aluminium extrusion lines ~2–3× low, press brakes ~4× high in the UK build-ups); the Poland operating model (3 × 8 h hours, straight-line tax life, loan finance, rent, tariff, support at Polish wages) is applied): depreciation × 1.000 (shift pattern), maintenance per running hour held, finance re-rated 4% → 8.22%; 129 m² at zł240.60 (£47.21)/m²/yr, 299,328 kWh at zł0.7022 (£0.1378)/kWh, support at 0.4658 of UK wages, 6,024 h × 0.78 (3 × 8 h, Monday–Friday, 251 working days in 2026 = 6,024 h (the labour model's pattern); Polish straight-line tax depreciation — no shift uplift on held capital; SME machinery / investment loan WIBOR 3M 3.82% + 3.9–4.9 pp = 7.72–8.72%, midpoint 8.22% (cooperative bank tariff, Mar 2026); NBP reference rate 3.75% (7 Oct 2026) — a large Tier-1 borrows below this; the book's line build-ups use 4% on half the capex; rent zł20.05/m²/month (warehouse / light-industrial headline rent midpoints: Upper Silesia zł20.12, Wrocław zł18.92, Poznań zł21.10 per m²/month (€3.15–6.00 at zł4.374/€; ceo.com.pl, ~Apr 2026) — mean; CBRE Q2 2026 national €4.7 = zł20.56 agrees; Rzeszów listings only); maintenance the library's own line build-up rule (3.5% of capex); no Polish norm found)",""
"machine","forge-hammer-2t","2T Pneumatic Forge Hammer","96.95","72.45","-25.27","zł/h machine only","updated (Poland operating model; capital held — capex not sourced)","Poland book 2026-10-10: capital HELD at the book's UK × 0.72 (capex not sourced for Poland: the book's capital (UK × 0.72) is HELD — round-2 evidence shows it both ways (aluminium extrusion lines ~2–3× low, press brakes ~4× high in the UK build-ups); the Poland operating model (3 × 8 h hours, straight-line tax life, loan finance, rent, tariff, support at Polish wages) is applied): depreciation × 1.000 (shift pattern), maintenance per running hour held, finance re-rated 4% → 8.22%; 92 m² at zł240.60 (£47.21)/m²/yr, 209,526 kWh at zł0.7022 (£0.1378)/kWh, support at 0.4658 of UK wages, 6,024 h × 0.78 (3 × 8 h, Monday–Friday, 251 working days in 2026 = 6,024 h (the labour model's pattern); Polish straight-line tax depreciation — no shift uplift on held capital; SME machinery / investment loan WIBOR 3M 3.82% + 3.9–4.9 pp = 7.72–8.72%, midpoint 8.22% (cooperative bank tariff, Mar 2026); NBP reference rate 3.75% (7 Oct 2026) — a large Tier-1 borrows below this; the book's line build-ups use 4% on half the capex; rent zł20.05/m²/month (warehouse / light-industrial headline rent midpoints: Upper Silesia zł20.12, Wrocław zł18.92, Poznań zł21.10 per m²/month (€3.15–6.00 at zł4.374/€; ceo.com.pl, ~Apr 2026) — mean; CBRE Q2 2026 national €4.7 = zł20.56 agrees; Rzeszów listings only); maintenance the library's own line build-up rule (3.5% of capex); no Polish norm found)",""
"machine","forge-hammer-5t","5T Pneumatic Forge Hammer","160.48","121.06","-24.56","zł/h machine only","updated (Poland operating model; capital held — capex not sourced)","Poland book 2026-10-10: capital HELD at the book's UK × 0.72 (capex not sourced for Poland: the book's capital (UK × 0.72) is HELD — round-2 evidence shows it both ways (aluminium extrusion lines ~2–3× low, press brakes ~4× high in the UK build-ups); the Poland operating model (3 × 8 h hours, straight-line tax life, loan finance, rent, tariff, support at Polish wages) is applied): depreciation × 1.000 (shift pattern), maintenance per running hour held, finance re-rated 4% → 8.22%; 138 m² at zł240.60 (£47.21)/m²/yr, 336,748 kWh at zł0.7022 (£0.1378)/kWh, support at 0.4658 of UK wages, 6,024 h × 0.78 (3 × 8 h, Monday–Friday, 251 working days in 2026 = 6,024 h (the labour model's pattern); Polish straight-line tax depreciation — no shift uplift on held capital; SME machinery / investment loan WIBOR 3M 3.82% + 3.9–4.9 pp = 7.72–8.72%, midpoint 8.22% (cooperative bank tariff, Mar 2026); NBP reference rate 3.75% (7 Oct 2026) — a large Tier-1 borrows below this; the book's line build-ups use 4% on half the capex; rent zł20.05/m²/month (warehouse / light-industrial headline rent midpoints: Upper Silesia zł20.12, Wrocław zł18.92, Poznań zł21.10 per m²/month (€3.15–6.00 at zł4.374/€; ceo.com.pl, ~Apr 2026) — mean; CBRE Q2 2026 national €4.7 = zł20.56 agrees; Rzeszów listings only); maintenance the library's own line build-up rule (3.5% of capex); no Polish norm found)",""
"machine","forge-hammer-10t","10T Counterblow Forge Hammer","260.38","196.41","-24.57","zł/h machine only","updated (Poland operating model; capital held — capex not sourced)","Poland book 2026-10-10: capital HELD at the book's UK × 0.72 (capex not sourced for Poland: the book's capital (UK × 0.72) is HELD — round-2 evidence shows it both ways (aluminium extrusion lines ~2–3× low, press brakes ~4× high in the UK build-ups); the Poland operating model (3 × 8 h hours, straight-line tax life, loan finance, rent, tariff, support at Polish wages) is applied): depreciation × 1.000 (shift pattern), maintenance per running hour held, finance re-rated 4% → 8.22%; 202 m² at zł240.60 (£47.21)/m²/yr, 523,823 kWh at zł0.7022 (£0.1378)/kWh, support at 0.4658 of UK wages, 6,024 h × 0.78 (3 × 8 h, Monday–Friday, 251 working days in 2026 = 6,024 h (the labour model's pattern); Polish straight-line tax depreciation — no shift uplift on held capital; SME machinery / investment loan WIBOR 3M 3.82% + 3.9–4.9 pp = 7.72–8.72%, midpoint 8.22% (cooperative bank tariff, Mar 2026); NBP reference rate 3.75% (7 Oct 2026) — a large Tier-1 borrows below this; the book's line build-ups use 4% on half the capex; rent zł20.05/m²/month (warehouse / light-industrial headline rent midpoints: Upper Silesia zł20.12, Wrocław zł18.92, Poznań zł21.10 per m²/month (€3.15–6.00 at zł4.374/€; ceo.com.pl, ~Apr 2026) — mean; CBRE Q2 2026 national €4.7 = zł20.56 agrees; Rzeszów listings only); maintenance the library's own line build-up rule (3.5% of capex); no Polish norm found)",""
"machine","forge-ring-mill","CNC Seamless Ring Rolling Mill","432.62","321","-25.8","zł/h machine only","updated (Poland operating model; capital held — capex not sourced)","Poland book 2026-10-10: capital HELD at the book's UK × 0.72 (capex not sourced for Poland: the book's capital (UK × 0.72) is HELD — round-2 evidence shows it both ways (aluminium extrusion lines ~2–3× low, press brakes ~4× high in the UK build-ups); the Poland operating model (3 × 8 h hours, straight-line tax life, loan finance, rent, tariff, support at Polish wages) is applied): depreciation × 1.000 (shift pattern), maintenance per running hour held, finance re-rated 4% → 8.22%; 275 m² at zł240.60 (£47.21)/m²/yr, 673,496 kWh at zł0.7022 (£0.1378)/kWh, support at 0.4658 of UK wages, 6,024 h × 0.78 (3 × 8 h, Monday–Friday, 251 working days in 2026 = 6,024 h (the labour model's pattern); Polish straight-line tax depreciation — no shift uplift on held capital; SME machinery / investment loan WIBOR 3M 3.82% + 3.9–4.9 pp = 7.72–8.72%, midpoint 8.22% (cooperative bank tariff, Mar 2026); NBP reference rate 3.75% (7 Oct 2026) — a large Tier-1 borrows below this; the book's line build-ups use 4% on half the capex; rent zł20.05/m²/month (warehouse / light-industrial headline rent midpoints: Upper Silesia zł20.12, Wrocław zł18.92, Poznań zł21.10 per m²/month (€3.15–6.00 at zł4.374/€; ceo.com.pl, ~Apr 2026) — mean; CBRE Q2 2026 national €4.7 = zł20.56 agrees; Rzeszów listings only); maintenance the library's own line build-up rule (3.5% of capex); no Polish norm found)",""
"machine","paint-line-std","Standard Paint Line (E-coat + Topcoat)","362.1","276.44","-23.66","zł/h machine only","updated (Poland operating model; capital held — capex not sourced)","Poland book 2026-10-10: capital HELD at the book's UK × 0.72 (capex not sourced for Poland: the book's capital (UK × 0.72) is HELD — round-2 evidence shows it both ways (aluminium extrusion lines ~2–3× low, press brakes ~4× high in the UK build-ups); the Poland operating model (3 × 8 h hours, straight-line tax life, loan finance, rent, tariff, support at Polish wages) is applied): depreciation × 1.000 (shift pattern), maintenance per running hour held, finance re-rated 4% → 8.22%; 367 m² at zł240.60 (£47.21)/m²/yr, 523,831 kWh at zł0.7022 (£0.1378)/kWh, support at 0.4658 of UK wages, 6,024 h × 0.82 (3 × 8 h, Monday–Friday, 251 working days in 2026 = 6,024 h (the labour model's pattern); Polish straight-line tax depreciation — no shift uplift on held capital; SME machinery / investment loan WIBOR 3M 3.82% + 3.9–4.9 pp = 7.72–8.72%, midpoint 8.22% (cooperative bank tariff, Mar 2026); NBP reference rate 3.75% (7 Oct 2026) — a large Tier-1 borrows below this; the book's line build-ups use 4% on half the capex; rent zł20.05/m²/month (warehouse / light-industrial headline rent midpoints: Upper Silesia zł20.12, Wrocław zł18.92, Poznań zł21.10 per m²/month (€3.15–6.00 at zł4.374/€; ceo.com.pl, ~Apr 2026) — mean; CBRE Q2 2026 national €4.7 = zł20.56 agrees; Rzeszów listings only); maintenance the library's own line build-up rule (3.5% of capex); no Polish norm found)",""
"machine","plating-line-barrel","Barrel Plating Line (zinc, high volume)","163.99","124.22","-24.25","zł/h machine only","updated (Poland operating model; capital held — capex not sourced)","Poland book 2026-10-10: capital HELD at the book's UK × 0.72 (capex not sourced for Poland: the book's capital (UK × 0.72) is HELD — round-2 evidence shows it both ways (aluminium extrusion lines ~2–3× low, press brakes ~4× high in the UK build-ups); the Poland operating model (3 × 8 h hours, straight-line tax life, loan finance, rent, tariff, support at Polish wages) is applied): depreciation × 1.000 (shift pattern), maintenance per running hour held, finance re-rated 4% → 8.22%; 165 m² at zł240.60 (£47.21)/m²/yr, 229,177 kWh at zł0.7022 (£0.1378)/kWh, support at 0.4658 of UK wages, 6,024 h × 0.8 (3 × 8 h, Monday–Friday, 251 working days in 2026 = 6,024 h (the labour model's pattern); Polish straight-line tax depreciation — no shift uplift on held capital; SME machinery / investment loan WIBOR 3M 3.82% + 3.9–4.9 pp = 7.72–8.72%, midpoint 8.22% (cooperative bank tariff, Mar 2026); NBP reference rate 3.75% (7 Oct 2026) — a large Tier-1 borrows below this; the book's line build-ups use 4% on half the capex; rent zł20.05/m²/month (warehouse / light-industrial headline rent midpoints: Upper Silesia zł20.12, Wrocław zł18.92, Poznań zł21.10 per m²/month (€3.15–6.00 at zł4.374/€; ceo.com.pl, ~Apr 2026) — mean; CBRE Q2 2026 national €4.7 = zł20.56 agrees; Rzeszów listings only); maintenance the library's own line build-up rule (3.5% of capex); no Polish norm found)",""
"machine","plating-line-rack","Rack Plating / Anodising Line","239.67","180.22","-24.8","zł/h machine only","updated (Poland operating model; capital held — capex not sourced)","Poland book 2026-10-10: capital HELD at the book's UK × 0.72 (capex not sourced for Poland: the book's capital (UK × 0.72) is HELD — round-2 evidence shows it both ways (aluminium extrusion lines ~2–3× low, press brakes ~4× high in the UK build-ups); the Poland operating model (3 × 8 h hours, straight-line tax life, loan finance, rent, tariff, support at Polish wages) is applied): depreciation × 1.000 (shift pattern), maintenance per running hour held, finance re-rated 4% → 8.22%; 229 m² at zł240.60 (£47.21)/m²/yr, 294,655 kWh at zł0.7022 (£0.1378)/kWh, support at 0.4658 of UK wages, 6,024 h × 0.78 (3 × 8 h, Monday–Friday, 251 working days in 2026 = 6,024 h (the labour model's pattern); Polish straight-line tax depreciation — no shift uplift on held capital; SME machinery / investment loan WIBOR 3M 3.82% + 3.9–4.9 pp = 7.72–8.72%, midpoint 8.22% (cooperative bank tariff, Mar 2026); NBP reference rate 3.75% (7 Oct 2026) — a large Tier-1 borrows below this; the book's line build-ups use 4% on half the capex; rent zł20.05/m²/month (warehouse / light-industrial headline rent midpoints: Upper Silesia zł20.12, Wrocław zł18.92, Poznań zł21.10 per m²/month (€3.15–6.00 at zł4.374/€; ceo.com.pl, ~Apr 2026) — mean; CBRE Q2 2026 national €4.7 = zł20.56 agrees; Rzeszów listings only); maintenance the library's own line build-up rule (3.5% of capex); no Polish norm found)",""
"machine","blast-machine","Shot Blast Machine (tumble / hanger)","92.57","70.85","-23.46","zł/h machine only","updated (Poland operating model; capital held — capex not sourced)","Poland book 2026-10-10: capital HELD at the book's UK × 0.72 (capex not sourced for Poland: the book's capital (UK × 0.72) is HELD — round-2 evidence shows it both ways (aluminium extrusion lines ~2–3× low, press brakes ~4× high in the UK build-ups); the Poland operating model (3 × 8 h hours, straight-line tax life, loan finance, rent, tariff, support at Polish wages) is applied): depreciation × 1.000 (shift pattern), maintenance per running hour held, finance re-rated 4% → 8.22%; 83 m² at zł240.60 (£47.21)/m²/yr, 91,667 kWh at zł0.7022 (£0.1378)/kWh, support at 0.4658 of UK wages, 6,024 h × 0.8 (3 × 8 h, Monday–Friday, 251 working days in 2026 = 6,024 h (the labour model's pattern); Polish straight-line tax depreciation — no shift uplift on held capital; SME machinery / investment loan WIBOR 3M 3.82% + 3.9–4.9 pp = 7.72–8.72%, midpoint 8.22% (cooperative bank tariff, Mar 2026); NBP reference rate 3.75% (7 Oct 2026) — a large Tier-1 borrows below this; the book's line build-ups use 4% on half the capex; rent zł20.05/m²/month (warehouse / light-industrial headline rent midpoints: Upper Silesia zł20.12, Wrocław zł18.92, Poznań zł21.10 per m²/month (€3.15–6.00 at zł4.374/€; ceo.com.pl, ~Apr 2026) — mean; CBRE Q2 2026 national €4.7 = zł20.56 agrees; Rzeszów listings only); maintenance the library's own line build-up rule (3.5% of capex); no Polish norm found)",""
"machine","mass-finish-bowl","Vibratory / Mass Finishing Bowl","56.96","41.4","-27.32","zł/h machine only","updated (Poland operating model; capital held — capex not sourced)","Poland book 2026-10-10: capital HELD at the book's UK × 0.72 (capex not sourced for Poland: the book's capital (UK × 0.72) is HELD — round-2 evidence shows it both ways (aluminium extrusion lines ~2–3× low, press brakes ~4× high in the UK build-ups); the Poland operating model (3 × 8 h hours, straight-line tax life, loan finance, rent, tariff, support at Polish wages) is applied): depreciation × 1.000 (shift pattern), maintenance per running hour held, finance re-rated 4% → 8.22%; 64 m² at zł240.60 (£47.21)/m²/yr, 45,834 kWh at zł0.7022 (£0.1378)/kWh, support at 0.4658 of UK wages, 6,024 h × 0.75 (3 × 8 h, Monday–Friday, 251 working days in 2026 = 6,024 h (the labour model's pattern); Polish straight-line tax depreciation — no shift uplift on held capital; SME machinery / investment loan WIBOR 3M 3.82% + 3.9–4.9 pp = 7.72–8.72%, midpoint 8.22% (cooperative bank tariff, Mar 2026); NBP reference rate 3.75% (7 Oct 2026) — a large Tier-1 borrows below this; the book's line build-ups use 4% on half the capex; rent zł20.05/m²/month (warehouse / light-industrial headline rent midpoints: Upper Silesia zł20.12, Wrocław zł18.92, Poznań zł21.10 per m²/month (€3.15–6.00 at zł4.374/€; ceo.com.pl, ~Apr 2026) — mean; CBRE Q2 2026 national €4.7 = zł20.56 agrees; Rzeszów listings only); maintenance the library's own line build-up rule (3.5% of capex); no Polish norm found)",""
"machine","galvanising-kettle","Hot Dip Galvanising Kettle (batch, EN ISO 1461)","602.59","542.5","-9.97","zł/h machine only","updated (Poland operating model; capital held — capex not sourced)","Poland book 2026-10-10: capital HELD at the book's UK × 0.72 (capex not sourced for Poland: the book's capital (UK × 0.72) is HELD — round-2 evidence shows it both ways (aluminium extrusion lines ~2–3× low, press brakes ~4× high in the UK build-ups); the Poland operating model (3 × 8 h hours, straight-line tax life, loan finance, rent, tariff, support at Polish wages) is applied): depreciation × 1.000 (shift pattern), maintenance per running hour held, finance re-rated 4% → 8.22%; 551 m² at zł240.60 (£47.21)/m²/yr, 1,257,189 kWh at zł0.7022 (£0.1378)/kWh, support at 0.4658 of UK wages, 6,024 h × 0.8 (3 × 8 h, Monday–Friday, 251 working days in 2026 = 6,024 h (the labour model's pattern); Polish straight-line tax depreciation — no shift uplift on held capital; SME machinery / investment loan WIBOR 3M 3.82% + 3.9–4.9 pp = 7.72–8.72%, midpoint 8.22% (cooperative bank tariff, Mar 2026); NBP reference rate 3.75% (7 Oct 2026) — a large Tier-1 borrows below this; the book's line build-ups use 4% on half the capex; rent zł20.05/m²/month (warehouse / light-industrial headline rent midpoints: Upper Silesia zł20.12, Wrocław zł18.92, Poznań zł21.10 per m²/month (€3.15–6.00 at zł4.374/€; ceo.com.pl, ~Apr 2026) — mean; CBRE Q2 2026 national €4.7 = zł20.56 agrees; Rzeszów listings only); maintenance the library's own line build-up rule (3.5% of capex); no Polish norm found)",""
"machine","impregnation-plant","Vacuum Resin Impregnation Plant (casting porosity)","91.67","69.47","-24.22","zł/h machine only","updated (Poland operating model; capital held — capex not sourced)","Poland book 2026-10-10: capital HELD at the book's UK × 0.72 (capex not sourced for Poland: the book's capital (UK × 0.72) is HELD — round-2 evidence shows it both ways (aluminium extrusion lines ~2–3× low, press brakes ~4× high in the UK build-ups); the Poland operating model (3 × 8 h hours, straight-line tax life, loan finance, rent, tariff, support at Polish wages) is applied): depreciation × 1.000 (shift pattern), maintenance per running hour held, finance re-rated 4% → 8.22%; 73 m² at zł240.60 (£47.21)/m²/yr, 72,023 kWh at zł0.7022 (£0.1378)/kWh, support at 0.4658 of UK wages, 6,024 h × 0.78 (3 × 8 h, Monday–Friday, 251 working days in 2026 = 6,024 h (the labour model's pattern); Polish straight-line tax depreciation — no shift uplift on held capital; SME machinery / investment loan WIBOR 3M 3.82% + 3.9–4.9 pp = 7.72–8.72%, midpoint 8.22% (cooperative bank tariff, Mar 2026); NBP reference rate 3.75% (7 Oct 2026) — a large Tier-1 borrows below this; the book's line build-ups use 4% on half the capex; rent zł20.05/m²/month (warehouse / light-industrial headline rent midpoints: Upper Silesia zł20.12, Wrocław zł18.92, Poznań zł21.10 per m²/month (€3.15–6.00 at zł4.374/€; ceo.com.pl, ~Apr 2026) — mean; CBRE Q2 2026 national €4.7 = zł20.56 agrees; Rzeszów listings only); maintenance the library's own line build-up rule (3.5% of capex); no Polish norm found)",""
"machine","robot-weld-station","Robot Welding Station","82.8","61.35","-25.91","zł/h machine only","updated (Poland operating model; capital held — capex not sourced)","Poland book 2026-10-10: capital HELD at the book's UK × 0.72 (capex not sourced for Poland: the book's capital (UK × 0.72) is HELD — round-2 evidence shows it both ways (aluminium extrusion lines ~2–3× low, press brakes ~4× high in the UK build-ups); the Poland operating model (3 × 8 h hours, straight-line tax life, loan finance, rent, tariff, support at Polish wages) is applied): depreciation × 1.000 (shift pattern), maintenance per running hour held, finance re-rated 4% → 8.22%; 73 m² at zł240.60 (£47.21)/m²/yr, 39,288 kWh at zł0.7022 (£0.1378)/kWh, support at 0.4658 of UK wages, 6,024 h × 0.82 (3 × 8 h, Monday–Friday, 251 working days in 2026 = 6,024 h (the labour model's pattern); Polish straight-line tax depreciation — no shift uplift on held capital; SME machinery / investment loan WIBOR 3M 3.82% + 3.9–4.9 pp = 7.72–8.72%, midpoint 8.22% (cooperative bank tariff, Mar 2026); NBP reference rate 3.75% (7 Oct 2026) — a large Tier-1 borrows below this; the book's line build-ups use 4% on half the capex; rent zł20.05/m²/month (warehouse / light-industrial headline rent midpoints: Upper Silesia zł20.12, Wrocław zł18.92, Poznań zł21.10 per m²/month (€3.15–6.00 at zł4.374/€; ceo.com.pl, ~Apr 2026) — mean; CBRE Q2 2026 national €4.7 = zł20.56 agrees; Rzeszów listings only); maintenance the library's own line build-up rule (3.5% of capex); no Polish norm found)",""
"machine","smt-line","SMT Pick & Place + Reflow Line","194.63","141.86","-27.11","zł/h machine only","updated (Poland operating model; capital held — capex not sourced)","Poland book 2026-10-10: capital HELD at the book's UK × 0.72 (capex not sourced for Poland: the book's capital (UK × 0.72) is HELD — round-2 evidence shows it both ways (aluminium extrusion lines ~2–3× low, press brakes ~4× high in the UK build-ups); the Poland operating model (3 × 8 h hours, straight-line tax life, loan finance, rent, tariff, support at Polish wages) is applied): depreciation × 1.000 (shift pattern), maintenance per running hour held, finance re-rated 4% → 8.22%; 184 m² at zł240.60 (£47.21)/m²/yr, 98,213 kWh at zł0.7022 (£0.1378)/kWh, support at 0.4658 of UK wages, 6,024 h × 0.82 (3 × 8 h, Monday–Friday, 251 working days in 2026 = 6,024 h (the labour model's pattern); Polish straight-line tax depreciation — no shift uplift on held capital; SME machinery / investment loan WIBOR 3M 3.82% + 3.9–4.9 pp = 7.72–8.72%, midpoint 8.22% (cooperative bank tariff, Mar 2026); NBP reference rate 3.75% (7 Oct 2026) — a large Tier-1 borrows below this; the book's line build-ups use 4% on half the capex; rent zł20.05/m²/month (warehouse / light-industrial headline rent midpoints: Upper Silesia zł20.12, Wrocław zł18.92, Poznań zł21.10 per m²/month (€3.15–6.00 at zł4.374/€; ceo.com.pl, ~Apr 2026) — mean; CBRE Q2 2026 national €4.7 = zł20.56 agrees; Rzeszów listings only); maintenance the library's own line build-up rule (3.5% of capex); no Polish norm found)",""
"machine","smt-high-speed-line","High-Speed SMT Line (Fuji/Juki/ASM)","544.14","410.4","-24.58","zł/h machine only","updated (Poland operating model; capital held — capex not sourced)","Poland book 2026-10-10: capital HELD at the book's UK × 0.72 (capex not sourced for Poland: the book's capital (UK × 0.72) is HELD — round-2 evidence shows it both ways (aluminium extrusion lines ~2–3× low, press brakes ~4× high in the UK build-ups); the Poland operating model (3 × 8 h hours, straight-line tax life, loan finance, rent, tariff, support at Polish wages) is applied): depreciation × 1.000 (shift pattern), maintenance per running hour held, finance re-rated 4% → 8.22%; 275 m² at zł240.60 (£47.21)/m²/yr, 360,133 kWh at zł0.7022 (£0.1378)/kWh, support at 0.4658 of UK wages, 6,024 h × 0.82 (3 × 8 h, Monday–Friday, 251 working days in 2026 = 6,024 h (the labour model's pattern); Polish straight-line tax depreciation — no shift uplift on held capital; SME machinery / investment loan WIBOR 3M 3.82% + 3.9–4.9 pp = 7.72–8.72%, midpoint 8.22% (cooperative bank tariff, Mar 2026); NBP reference rate 3.75% (7 Oct 2026) — a large Tier-1 borrows below this; the book's line build-ups use 4% on half the capex; rent zł20.05/m²/month (warehouse / light-industrial headline rent midpoints: Upper Silesia zł20.12, Wrocław zł18.92, Poznań zł21.10 per m²/month (€3.15–6.00 at zł4.374/€; ceo.com.pl, ~Apr 2026) — mean; CBRE Q2 2026 national €4.7 = zł20.56 agrees; Rzeszów listings only); maintenance the library's own line build-up rule (3.5% of capex); no Polish norm found)",""
"machine","laser-drill-75um","Laser Drill — 75 µm Microvia (CO₂/UV)","436.13","326.56","-25.12","zł/h machine only","updated (Poland operating model; capital held — capex not sourced)","Poland book 2026-10-10: capital HELD at the book's UK × 0.72 (capex not sourced for Poland: the book's capital (UK × 0.72) is HELD — round-2 evidence shows it both ways (aluminium extrusion lines ~2–3× low, press brakes ~4× high in the UK build-ups); the Poland operating model (3 × 8 h hours, straight-line tax life, loan finance, rent, tariff, support at Polish wages) is applied): depreciation × 1.000 (shift pattern), maintenance per running hour held, finance re-rated 4% → 8.22%; 229 m² at zł240.60 (£47.21)/m²/yr, 261,912 kWh at zł0.7022 (£0.1378)/kWh, support at 0.4658 of UK wages, 6,024 h × 0.82 (3 × 8 h, Monday–Friday, 251 working days in 2026 = 6,024 h (the labour model's pattern); Polish straight-line tax depreciation — no shift uplift on held capital; SME machinery / investment loan WIBOR 3M 3.82% + 3.9–4.9 pp = 7.72–8.72%, midpoint 8.22% (cooperative bank tariff, Mar 2026); NBP reference rate 3.75% (7 Oct 2026) — a large Tier-1 borrows below this; the book's line build-ups use 4% on half the capex; rent zł20.05/m²/month (warehouse / light-industrial headline rent midpoints: Upper Silesia zł20.12, Wrocław zł18.92, Poznań zł21.10 per m²/month (€3.15–6.00 at zł4.374/€; ceo.com.pl, ~Apr 2026) — mean; CBRE Q2 2026 national €4.7 = zł20.56 agrees; Rzeszów listings only); maintenance the library's own line build-up rule (3.5% of capex); no Polish norm found)",""
"machine","xray-bga-inspection","X-Ray BGA Inspection Cell (2D/3D AXI)","328.22","235.53","-28.24","zł/h machine only","updated (Poland operating model; capital held — capex not sourced)","Poland book 2026-10-10: capital HELD at the book's UK × 0.72 (capex not sourced for Poland: the book's capital (UK × 0.72) is HELD — round-2 evidence shows it both ways (aluminium extrusion lines ~2–3× low, press brakes ~4× high in the UK build-ups); the Poland operating model (3 × 8 h hours, straight-line tax life, loan finance, rent, tariff, support at Polish wages) is applied): depreciation × 1.000 (shift pattern), maintenance per running hour held, finance re-rated 4% → 8.22%; 184 m² at zł240.60 (£47.21)/m²/yr, 163,691 kWh at zł0.7022 (£0.1378)/kWh, support at 0.4658 of UK wages, 6,024 h × 0.82 (3 × 8 h, Monday–Friday, 251 working days in 2026 = 6,024 h (the labour model's pattern); Polish straight-line tax depreciation — no shift uplift on held capital; SME machinery / investment loan WIBOR 3M 3.82% + 3.9–4.9 pp = 7.72–8.72%, midpoint 8.22% (cooperative bank tariff, Mar 2026); NBP reference rate 3.75% (7 Oct 2026) — a large Tier-1 borrows below this; the book's line build-ups use 4% on half the capex; rent zł20.05/m²/month (warehouse / light-industrial headline rent midpoints: Upper Silesia zł20.12, Wrocław zł18.92, Poznań zł21.10 per m²/month (€3.15–6.00 at zł4.374/€; ceo.com.pl, ~Apr 2026) — mean; CBRE Q2 2026 national €4.7 = zł20.56 agrees; Rzeszów listings only); maintenance the library's own line build-up rule (3.5% of capex); no Polish norm found)",""
"machine","ict-automotive","ICT Bed-of-Nails Test System (Automotive)","401.99","295.94","-26.38","zł/h machine only","updated (Poland operating model; capital held — capex not sourced)","Poland book 2026-10-10: capital HELD at the book's UK × 0.72 (capex not sourced for Poland: the book's capital (UK × 0.72) is HELD — round-2 evidence shows it both ways (aluminium extrusion lines ~2–3× low, press brakes ~4× high in the UK build-ups); the Poland operating model (3 × 8 h hours, straight-line tax life, loan finance, rent, tariff, support at Polish wages) is applied): depreciation × 1.000 (shift pattern), maintenance per running hour held, finance re-rated 4% → 8.22%; 229 m² at zł240.60 (£47.21)/m²/yr, 196,434 kWh at zł0.7022 (£0.1378)/kWh, support at 0.4658 of UK wages, 6,024 h × 0.82 (3 × 8 h, Monday–Friday, 251 working days in 2026 = 6,024 h (the labour model's pattern); Polish straight-line tax depreciation — no shift uplift on held capital; SME machinery / investment loan WIBOR 3M 3.82% + 3.9–4.9 pp = 7.72–8.72%, midpoint 8.22% (cooperative bank tariff, Mar 2026); NBP reference rate 3.75% (7 Oct 2026) — a large Tier-1 borrows below this; the book's line build-ups use 4% on half the capex; rent zł20.05/m²/month (warehouse / light-industrial headline rent midpoints: Upper Silesia zł20.12, Wrocław zł18.92, Poznań zł21.10 per m²/month (€3.15–6.00 at zł4.374/€; ceo.com.pl, ~Apr 2026) — mean; CBRE Q2 2026 national €4.7 = zł20.56 agrees; Rzeszów listings only); maintenance the library's own line build-up rule (3.5% of capex); no Polish norm found)",""
"machine","blow-ebm-100l","EBM Blow Moulder (up to 5L)","76.28","60.45","-20.75","zł/h machine only","updated (Poland operating model; capital held — capex not sourced)","Poland book 2026-10-10: capital HELD at the book's UK × 0.72 (capex not sourced for Poland: the book's capital (UK × 0.72) is HELD — round-2 evidence shows it both ways (aluminium extrusion lines ~2–3× low, press brakes ~4× high in the UK build-ups); the Poland operating model (3 × 8 h hours, straight-line tax life, loan finance, rent, tariff, support at Polish wages) is applied): depreciation × 1.000 (shift pattern), maintenance per running hour held, finance re-rated 4% → 8.22%; 55 m² at zł240.60 (£47.21)/m²/yr, 117,865 kWh at zł0.7022 (£0.1378)/kWh, support at 0.4658 of UK wages, 6,024 h × 0.8 (3 × 8 h, Monday–Friday, 251 working days in 2026 = 6,024 h (the labour model's pattern); Polish straight-line tax depreciation — no shift uplift on held capital; SME machinery / investment loan WIBOR 3M 3.82% + 3.9–4.9 pp = 7.72–8.72%, midpoint 8.22% (cooperative bank tariff, Mar 2026); NBP reference rate 3.75% (7 Oct 2026) — a large Tier-1 borrows below this; the book's line build-ups use 4% on half the capex; rent zł20.05/m²/month (warehouse / light-industrial headline rent midpoints: Upper Silesia zł20.12, Wrocław zł18.92, Poznań zł21.10 per m²/month (€3.15–6.00 at zł4.374/€; ceo.com.pl, ~Apr 2026) — mean; CBRE Q2 2026 national €4.7 = zł20.56 agrees; Rzeszów listings only); maintenance the library's own line build-up rule (3.5% of capex); no Polish norm found)",""
"machine","blow-ebm-500l","EBM Blow Moulder (5–100L tanks/drums)","134.56","105.21","-21.81","zł/h machine only","updated (Poland operating model; capital held — capex not sourced)","Poland book 2026-10-10: capital HELD at the book's UK × 0.72 (capex not sourced for Poland: the book's capital (UK × 0.72) is HELD — round-2 evidence shows it both ways (aluminium extrusion lines ~2–3× low, press brakes ~4× high in the UK build-ups); the Poland operating model (3 × 8 h hours, straight-line tax life, loan finance, rent, tariff, support at Polish wages) is applied): depreciation × 1.000 (shift pattern), maintenance per running hour held, finance re-rated 4% → 8.22%; 110 m² at zł240.60 (£47.21)/m²/yr, 196,434 kWh at zł0.7022 (£0.1378)/kWh, support at 0.4658 of UK wages, 6,024 h × 0.8 (3 × 8 h, Monday–Friday, 251 working days in 2026 = 6,024 h (the labour model's pattern); Polish straight-line tax depreciation — no shift uplift on held capital; SME machinery / investment loan WIBOR 3M 3.82% + 3.9–4.9 pp = 7.72–8.72%, midpoint 8.22% (cooperative bank tariff, Mar 2026); NBP reference rate 3.75% (7 Oct 2026) — a large Tier-1 borrows below this; the book's line build-ups use 4% on half the capex; rent zł20.05/m²/month (warehouse / light-industrial headline rent midpoints: Upper Silesia zł20.12, Wrocław zł18.92, Poznań zł21.10 per m²/month (€3.15–6.00 at zł4.374/€; ceo.com.pl, ~Apr 2026) — mean; CBRE Q2 2026 national €4.7 = zł20.56 agrees; Rzeszów listings only); maintenance the library's own line build-up rule (3.5% of capex); no Polish norm found)",""
"machine","blow-ebm-2head","EBM 2-Head (Bottles 1–5L)","88.99","70.6","-20.67","zł/h machine only","updated (Poland operating model; capital held — capex not sourced)","Poland book 2026-10-10: capital HELD at the book's UK × 0.72 (capex not sourced for Poland: the book's capital (UK × 0.72) is HELD — round-2 evidence shows it both ways (aluminium extrusion lines ~2–3× low, press brakes ~4× high in the UK build-ups); the Poland operating model (3 × 8 h hours, straight-line tax life, loan finance, rent, tariff, support at Polish wages) is applied): depreciation × 1.000 (shift pattern), maintenance per running hour held, finance re-rated 4% → 8.22%; 64 m² at zł240.60 (£47.21)/m²/yr, 144,055 kWh at zł0.7022 (£0.1378)/kWh, support at 0.4658 of UK wages, 6,024 h × 0.82 (3 × 8 h, Monday–Friday, 251 working days in 2026 = 6,024 h (the labour model's pattern); Polish straight-line tax depreciation — no shift uplift on held capital; SME machinery / investment loan WIBOR 3M 3.82% + 3.9–4.9 pp = 7.72–8.72%, midpoint 8.22% (cooperative bank tariff, Mar 2026); NBP reference rate 3.75% (7 Oct 2026) — a large Tier-1 borrows below this; the book's line build-ups use 4% on half the capex; rent zł20.05/m²/month (warehouse / light-industrial headline rent midpoints: Upper Silesia zł20.12, Wrocław zł18.92, Poznań zł21.10 per m²/month (€3.15–6.00 at zł4.374/€; ceo.com.pl, ~Apr 2026) — mean; CBRE Q2 2026 national €4.7 = zł20.56 agrees; Rzeszów listings only); maintenance the library's own line build-up rule (3.5% of capex); no Polish norm found)",""
"machine","blow-ebm-coex3","3-Layer Co-Ex EBM","172.42","135.13","-21.63","zł/h machine only","updated (Poland operating model; capital held — capex not sourced)","Poland book 2026-10-10: capital HELD at the book's UK × 0.72 (capex not sourced for Poland: the book's capital (UK × 0.72) is HELD — round-2 evidence shows it both ways (aluminium extrusion lines ~2–3× low, press brakes ~4× high in the UK build-ups); the Poland operating model (3 × 8 h hours, straight-line tax life, loan finance, rent, tariff, support at Polish wages) is applied): depreciation × 1.000 (shift pattern), maintenance per running hour held, finance re-rated 4% → 8.22%; 110 m² at zł240.60 (£47.21)/m²/yr, 229,177 kWh at zł0.7022 (£0.1378)/kWh, support at 0.4658 of UK wages, 6,024 h × 0.78 (3 × 8 h, Monday–Friday, 251 working days in 2026 = 6,024 h (the labour model's pattern); Polish straight-line tax depreciation — no shift uplift on held capital; SME machinery / investment loan WIBOR 3M 3.82% + 3.9–4.9 pp = 7.72–8.72%, midpoint 8.22% (cooperative bank tariff, Mar 2026); NBP reference rate 3.75% (7 Oct 2026) — a large Tier-1 borrows below this; the book's line build-ups use 4% on half the capex; rent zł20.05/m²/month (warehouse / light-industrial headline rent midpoints: Upper Silesia zł20.12, Wrocław zł18.92, Poznań zł21.10 per m²/month (€3.15–6.00 at zł4.374/€; ceo.com.pl, ~Apr 2026) — mean; CBRE Q2 2026 national €4.7 = zł20.56 agrees; Rzeszów listings only); maintenance the library's own line build-up rule (3.5% of capex); no Polish norm found)",""
"machine","blow-ebm-coex5","5-Layer Co-Ex EBM (High-Barrier)","285.9","222.7","-22.11","zł/h machine only","updated (Poland operating model; capital held — capex not sourced)","Poland book 2026-10-10: capital HELD at the book's UK × 0.72 (capex not sourced for Poland: the book's capital (UK × 0.72) is HELD — round-2 evidence shows it both ways (aluminium extrusion lines ~2–3× low, press brakes ~4× high in the UK build-ups); the Poland operating model (3 × 8 h hours, straight-line tax life, loan finance, rent, tariff, support at Polish wages) is applied): depreciation × 1.000 (shift pattern), maintenance per running hour held, finance re-rated 4% → 8.22%; 165 m² at zł240.60 (£47.21)/m²/yr, 327,390 kWh at zł0.7022 (£0.1378)/kWh, support at 0.4658 of UK wages, 6,024 h × 0.75 (3 × 8 h, Monday–Friday, 251 working days in 2026 = 6,024 h (the labour model's pattern); Polish straight-line tax depreciation — no shift uplift on held capital; SME machinery / investment loan WIBOR 3M 3.82% + 3.9–4.9 pp = 7.72–8.72%, midpoint 8.22% (cooperative bank tariff, Mar 2026); NBP reference rate 3.75% (7 Oct 2026) — a large Tier-1 borrows below this; the book's line build-ups use 4% on half the capex; rent zł20.05/m²/month (warehouse / light-industrial headline rent midpoints: Upper Silesia zł20.12, Wrocław zł18.92, Poznań zł21.10 per m²/month (€3.15–6.00 at zł4.374/€; ceo.com.pl, ~Apr 2026) — mean; CBRE Q2 2026 national €4.7 = zł20.56 agrees; Rzeszów listings only); maintenance the library's own line build-up rule (3.5% of capex); no Polish norm found)",""
"machine","blow-ebm-large","Large EBM Accumulator Head (20–200L)","218.5","170.09","-22.16","zł/h machine only","updated (Poland operating model; capital held — capex not sourced)","Poland book 2026-10-10: capital HELD at the book's UK × 0.72 (capex not sourced for Poland: the book's capital (UK × 0.72) is HELD — round-2 evidence shows it both ways (aluminium extrusion lines ~2–3× low, press brakes ~4× high in the UK build-ups); the Poland operating model (3 × 8 h hours, straight-line tax life, loan finance, rent, tariff, support at Polish wages) is applied): depreciation × 1.000 (shift pattern), maintenance per running hour held, finance re-rated 4% → 8.22%; 184 m² at zł240.60 (£47.21)/m²/yr, 294,655 kWh at zł0.7022 (£0.1378)/kWh, support at 0.4658 of UK wages, 6,024 h × 0.77 (3 × 8 h, Monday–Friday, 251 working days in 2026 = 6,024 h (the labour model's pattern); Polish straight-line tax depreciation — no shift uplift on held capital; SME machinery / investment loan WIBOR 3M 3.82% + 3.9–4.9 pp = 7.72–8.72%, midpoint 8.22% (cooperative bank tariff, Mar 2026); NBP reference rate 3.75% (7 Oct 2026) — a large Tier-1 borrows below this; the book's line build-ups use 4% on half the capex; rent zł20.05/m²/month (warehouse / light-industrial headline rent midpoints: Upper Silesia zł20.12, Wrocław zł18.92, Poznań zł21.10 per m²/month (€3.15–6.00 at zł4.374/€; ceo.com.pl, ~Apr 2026) — mean; CBRE Q2 2026 national €4.7 = zł20.56 agrees; Rzeszów listings only); maintenance the library's own line build-up rule (3.5% of capex); no Polish norm found)",""
"machine","blow-ibm-rotary","IBM Rotary Machine (Pharma/Cosmetics)","142.74","124.64","-12.68","zł/h machine only","updated (Poland operating model; capital held — capex not sourced)","Poland book 2026-10-10: capital HELD at the book's UK × 0.72 (capex not sourced for Poland: the book's capital (UK × 0.72) is HELD — round-2 evidence shows it both ways (aluminium extrusion lines ~2–3× low, press brakes ~4× high in the UK build-ups); the Poland operating model (3 × 8 h hours, straight-line tax life, loan finance, rent, tariff, support at Polish wages) is applied): depreciation × 1.000 (shift pattern), maintenance per running hour held, finance re-rated 4% → 8.22%; 138 m² at zł240.60 (£47.21)/m²/yr, 130,952 kWh at zł0.7022 (£0.1378)/kWh, support at 0.4658 of UK wages, 6,024 h × 0.88 (3 × 8 h, Monday–Friday, 251 working days in 2026 = 6,024 h (the labour model's pattern); Polish straight-line tax depreciation — no shift uplift on held capital; SME machinery / investment loan WIBOR 3M 3.82% + 3.9–4.9 pp = 7.72–8.72%, midpoint 8.22% (cooperative bank tariff, Mar 2026); NBP reference rate 3.75% (7 Oct 2026) — a large Tier-1 borrows below this; the book's line build-ups use 4% on half the capex; rent zł20.05/m²/month (warehouse / light-industrial headline rent midpoints: Upper Silesia zł20.12, Wrocław zł18.92, Poznań zł21.10 per m²/month (€3.15–6.00 at zł4.374/€; ceo.com.pl, ~Apr 2026) — mean; CBRE Q2 2026 national €4.7 = zł20.56 agrees; Rzeszów listings only); maintenance the library's own line build-up rule (3.5% of capex); no Polish norm found)",""
"machine","blow-ibm-linear","IBM Linear Machine (Medium Volume)","117.48","95.65","-18.58","zł/h machine only","updated (Poland operating model; capital held — capex not sourced)","Poland book 2026-10-10: capital HELD at the book's UK × 0.72 (capex not sourced for Poland: the book's capital (UK × 0.72) is HELD — round-2 evidence shows it both ways (aluminium extrusion lines ~2–3× low, press brakes ~4× high in the UK build-ups); the Poland operating model (3 × 8 h hours, straight-line tax life, loan finance, rent, tariff, support at Polish wages) is applied): depreciation × 1.000 (shift pattern), maintenance per running hour held, finance re-rated 4% → 8.22%; 110 m² at zł240.60 (£47.21)/m²/yr, 116,405 kWh at zł0.7022 (£0.1378)/kWh, support at 0.4658 of UK wages, 6,024 h × 0.85 (3 × 8 h, Monday–Friday, 251 working days in 2026 = 6,024 h (the labour model's pattern); Polish straight-line tax depreciation — no shift uplift on held capital; SME machinery / investment loan WIBOR 3M 3.82% + 3.9–4.9 pp = 7.72–8.72%, midpoint 8.22% (cooperative bank tariff, Mar 2026); NBP reference rate 3.75% (7 Oct 2026) — a large Tier-1 borrows below this; the book's line build-ups use 4% on half the capex; rent zł20.05/m²/month (warehouse / light-industrial headline rent midpoints: Upper Silesia zł20.12, Wrocław zł18.92, Poznań zł21.10 per m²/month (€3.15–6.00 at zł4.374/€; ceo.com.pl, ~Apr 2026) — mean; CBRE Q2 2026 national €4.7 = zł20.56 agrees; Rzeszów listings only); maintenance the library's own line build-up rule (3.5% of capex); no Polish norm found)",""
"machine","blow-sbm-1stage","SBM Single-Stage (Preform + Blow)","157.28","130.04","-17.32","zł/h machine only","updated (Poland operating model; capital held — capex not sourced)","Poland book 2026-10-10: capital HELD at the book's UK × 0.72 (capex not sourced for Poland: the book's capital (UK × 0.72) is HELD — round-2 evidence shows it both ways (aluminium extrusion lines ~2–3× low, press brakes ~4× high in the UK build-ups); the Poland operating model (3 × 8 h hours, straight-line tax life, loan finance, rent, tariff, support at Polish wages) is applied): depreciation × 1.000 (shift pattern), maintenance per running hour held, finance re-rated 4% → 8.22%; 129 m² at zł240.60 (£47.21)/m²/yr, 203,713 kWh at zł0.7022 (£0.1378)/kWh, support at 0.4658 of UK wages, 6,024 h × 0.8 (3 × 8 h, Monday–Friday, 251 working days in 2026 = 6,024 h (the labour model's pattern); Polish straight-line tax depreciation — no shift uplift on held capital; SME machinery / investment loan WIBOR 3M 3.82% + 3.9–4.9 pp = 7.72–8.72%, midpoint 8.22% (cooperative bank tariff, Mar 2026); NBP reference rate 3.75% (7 Oct 2026) — a large Tier-1 borrows below this; the book's line build-ups use 4% on half the capex; rent zł20.05/m²/month (warehouse / light-industrial headline rent midpoints: Upper Silesia zł20.12, Wrocław zł18.92, Poznań zł21.10 per m²/month (€3.15–6.00 at zł4.374/€; ceo.com.pl, ~Apr 2026) — mean; CBRE Q2 2026 national €4.7 = zł20.56 agrees; Rzeszów listings only); maintenance the library's own line build-up rule (3.5% of capex); no Polish norm found)",""
"machine","blow-sbm-2stage","SBM Two-Stage Reheat (High-Speed PET)","139.32","138.36","-0.69","zł/h machine only","updated (Poland operating model; capital held — capex not sourced)","Poland book 2026-10-10: capital HELD at the book's UK × 0.72 (capex not sourced for Poland: the book's capital (UK × 0.72) is HELD — round-2 evidence shows it both ways (aluminium extrusion lines ~2–3× low, press brakes ~4× high in the UK build-ups); the Poland operating model (3 × 8 h hours, straight-line tax life, loan finance, rent, tariff, support at Polish wages) is applied): depreciation × 1.000 (shift pattern), maintenance per running hour held, finance re-rated 4% → 8.22%; 147 m² at zł240.60 (£47.21)/m²/yr, 174,608 kWh at zł0.7022 (£0.1378)/kWh, support at 0.4658 of UK wages, 6,024 h × 0.9 (3 × 8 h, Monday–Friday, 251 working days in 2026 = 6,024 h (the labour model's pattern); Polish straight-line tax depreciation — no shift uplift on held capital; SME machinery / investment loan WIBOR 3M 3.82% + 3.9–4.9 pp = 7.72–8.72%, midpoint 8.22% (cooperative bank tariff, Mar 2026); NBP reference rate 3.75% (7 Oct 2026) — a large Tier-1 borrows below this; the book's line build-ups use 4% on half the capex; rent zł20.05/m²/month (warehouse / light-industrial headline rent midpoints: Upper Silesia zł20.12, Wrocław zł18.92, Poznań zł21.10 per m²/month (€3.15–6.00 at zł4.374/€; ceo.com.pl, ~Apr 2026) — mean; CBRE Q2 2026 national €4.7 = zł20.56 agrees; Rzeszów listings only); maintenance the library's own line build-up rule (3.5% of capex); no Polish norm found)",""
"machine","blow-deflash-trimmer","Deflash Trim Robot / Station","41.88","31.35","-25.14","zł/h machine only","updated (Poland operating model; capital held — capex not sourced)","Poland book 2026-10-10: capital HELD at the book's UK × 0.72 (capex not sourced for Poland: the book's capital (UK × 0.72) is HELD — round-2 evidence shows it both ways (aluminium extrusion lines ~2–3× low, press brakes ~4× high in the UK build-ups); the Poland operating model (3 × 8 h hours, straight-line tax life, loan finance, rent, tariff, support at Polish wages) is applied): depreciation × 1.000 (shift pattern), maintenance per running hour held, finance re-rated 4% → 8.22%; 55 m² at zł240.60 (£47.21)/m²/yr, 52,387 kWh at zł0.7022 (£0.1378)/kWh, support at 0.4658 of UK wages, 6,024 h × 0.85 (3 × 8 h, Monday–Friday, 251 working days in 2026 = 6,024 h (the labour model's pattern); Polish straight-line tax depreciation — no shift uplift on held capital; SME machinery / investment loan WIBOR 3M 3.82% + 3.9–4.9 pp = 7.72–8.72%, midpoint 8.22% (cooperative bank tariff, Mar 2026); NBP reference rate 3.75% (7 Oct 2026) — a large Tier-1 borrows below this; the book's line build-ups use 4% on half the capex; rent zł20.05/m²/month (warehouse / light-industrial headline rent midpoints: Upper Silesia zł20.12, Wrocław zł18.92, Poznań zł21.10 per m²/month (€3.15–6.00 at zł4.374/€; ceo.com.pl, ~Apr 2026) — mean; CBRE Q2 2026 national €4.7 = zł20.56 agrees; Rzeszów listings only); maintenance the library's own line build-up rule (3.5% of capex); no Polish norm found)",""
"machine","extruder-75mm","Single Screw Extruder 75mm","61.61","56.31","-8.6","zł/h machine only","updated (Poland operating model; capital held — capex not sourced)","Poland book 2026-10-10: capital HELD at the book's UK × 0.72 (capex not sourced for Poland: the book's capital (UK × 0.72) is HELD — round-2 evidence shows it both ways (aluminium extrusion lines ~2–3× low, press brakes ~4× high in the UK build-ups); the Poland operating model (3 × 8 h hours, straight-line tax life, loan finance, rent, tariff, support at Polish wages) is applied): depreciation × 1.000 (shift pattern), maintenance per running hour held, finance re-rated 4% → 8.22%; 46 m² at zł240.60 (£47.21)/m²/yr, 183,341 kWh at zł0.7022 (£0.1378)/kWh, support at 0.4658 of UK wages, 6,024 h × 0.82 (3 × 8 h, Monday–Friday, 251 working days in 2026 = 6,024 h (the labour model's pattern); Polish straight-line tax depreciation — no shift uplift on held capital; SME machinery / investment loan WIBOR 3M 3.82% + 3.9–4.9 pp = 7.72–8.72%, midpoint 8.22% (cooperative bank tariff, Mar 2026); NBP reference rate 3.75% (7 Oct 2026) — a large Tier-1 borrows below this; the book's line build-ups use 4% on half the capex; rent zł20.05/m²/month (warehouse / light-industrial headline rent midpoints: Upper Silesia zł20.12, Wrocław zł18.92, Poznań zł21.10 per m²/month (€3.15–6.00 at zł4.374/€; ceo.com.pl, ~Apr 2026) — mean; CBRE Q2 2026 national €4.7 = zł20.56 agrees; Rzeszów listings only); maintenance the library's own line build-up rule (3.5% of capex); no Polish norm found)",""
"machine","extruder-150mm","Twin Screw Compounding/Extrusion Line 150mm","192.09","172.81","-10.04","zł/h machine only","updated (Poland operating model; capital held — capex not sourced)","Poland book 2026-10-10: capital HELD at the book's UK × 0.72 (capex not sourced for Poland: the book's capital (UK × 0.72) is HELD — round-2 evidence shows it both ways (aluminium extrusion lines ~2–3× low, press brakes ~4× high in the UK build-ups); the Poland operating model (3 × 8 h hours, straight-line tax life, loan finance, rent, tariff, support at Polish wages) is applied): depreciation × 1.000 (shift pattern), maintenance per running hour held, finance re-rated 4% → 8.22%; 138 m² at zł240.60 (£47.21)/m²/yr, 366,676 kWh at zł0.7022 (£0.1378)/kWh, support at 0.4658 of UK wages, 6,024 h × 0.8 (3 × 8 h, Monday–Friday, 251 working days in 2026 = 6,024 h (the labour model's pattern); Polish straight-line tax depreciation — no shift uplift on held capital; SME machinery / investment loan WIBOR 3M 3.82% + 3.9–4.9 pp = 7.72–8.72%, midpoint 8.22% (cooperative bank tariff, Mar 2026); NBP reference rate 3.75% (7 Oct 2026) — a large Tier-1 borrows below this; the book's line build-ups use 4% on half the capex; rent zł20.05/m²/month (warehouse / light-industrial headline rent midpoints: Upper Silesia zł20.12, Wrocław zł18.92, Poznań zł21.10 per m²/month (€3.15–6.00 at zł4.374/€; ceo.com.pl, ~Apr 2026) — mean; CBRE Q2 2026 national €4.7 = zł20.56 agrees; Rzeszów listings only); maintenance the library's own line build-up rule (3.5% of capex); no Polish norm found)",""
"machine","extruder-pipe-line","Pipe Extrusion Line 90mm (SSE + vacuum tank + haul-off + saw)","95.95","94.67","-1.33","zł/h machine only","updated (Poland operating model; capital held — capex not sourced)","Poland book 2026-10-10: capital HELD at the book's UK × 0.72 (capex not sourced for Poland: the book's capital (UK × 0.72) is HELD — round-2 evidence shows it both ways (aluminium extrusion lines ~2–3× low, press brakes ~4× high in the UK build-ups); the Poland operating model (3 × 8 h hours, straight-line tax life, loan finance, rent, tariff, support at Polish wages) is applied): depreciation × 1.000 (shift pattern), maintenance per running hour held, finance re-rated 4% → 8.22%; 110 m² at zł240.60 (£47.21)/m²/yr, 240,088 kWh at zł0.7022 (£0.1378)/kWh, support at 0.4658 of UK wages, 6,024 h × 0.85 (3 × 8 h, Monday–Friday, 251 working days in 2026 = 6,024 h (the labour model's pattern); Polish straight-line tax depreciation — no shift uplift on held capital; SME machinery / investment loan WIBOR 3M 3.82% + 3.9–4.9 pp = 7.72–8.72%, midpoint 8.22% (cooperative bank tariff, Mar 2026); NBP reference rate 3.75% (7 Oct 2026) — a large Tier-1 borrows below this; the book's line build-ups use 4% on half the capex; rent zł20.05/m²/month (warehouse / light-industrial headline rent midpoints: Upper Silesia zł20.12, Wrocław zł18.92, Poznań zł21.10 per m²/month (€3.15–6.00 at zł4.374/€; ceo.com.pl, ~Apr 2026) — mean; CBRE Q2 2026 national €4.7 = zł20.56 agrees; Rzeszów listings only); maintenance the library's own line build-up rule (3.5% of capex); no Polish norm found)",""
"machine","extruder-profile-line","Profile Extrusion Line 75mm (SSE + calibration table + haul-off)","78.96","74.37","-5.81","zł/h machine only","updated (Poland operating model; capital held — capex not sourced)","Poland book 2026-10-10: capital HELD at the book's UK × 0.72 (capex not sourced for Poland: the book's capital (UK × 0.72) is HELD — round-2 evidence shows it both ways (aluminium extrusion lines ~2–3× low, press brakes ~4× high in the UK build-ups); the Poland operating model (3 × 8 h hours, straight-line tax life, loan finance, rent, tariff, support at Polish wages) is applied): depreciation × 1.000 (shift pattern), maintenance per running hour held, finance re-rated 4% → 8.22%; 73 m² at zł240.60 (£47.21)/m²/yr, 190,481 kWh at zł0.7022 (£0.1378)/kWh, support at 0.4658 of UK wages, 6,024 h × 0.8 (3 × 8 h, Monday–Friday, 251 working days in 2026 = 6,024 h (the labour model's pattern); Polish straight-line tax depreciation — no shift uplift on held capital; SME machinery / investment loan WIBOR 3M 3.82% + 3.9–4.9 pp = 7.72–8.72%, midpoint 8.22% (cooperative bank tariff, Mar 2026); NBP reference rate 3.75% (7 Oct 2026) — a large Tier-1 borrows below this; the book's line build-ups use 4% on half the capex; rent zł20.05/m²/month (warehouse / light-industrial headline rent midpoints: Upper Silesia zł20.12, Wrocław zł18.92, Poznań zł21.10 per m²/month (€3.15–6.00 at zł4.374/€; ceo.com.pl, ~Apr 2026) — mean; CBRE Q2 2026 national €4.7 = zł20.56 agrees; Rzeszów listings only); maintenance the library's own line build-up rule (3.5% of capex); no Polish norm found)",""
"machine","extruder-sheet-line","Sheet Extrusion Line (die + 3-roll stack + winder)","179.74","177.97","-0.98","zł/h machine only","updated (Poland operating model; capital held — capex not sourced)","Poland book 2026-10-10: capital HELD at the book's UK × 0.72 (capex not sourced for Poland: the book's capital (UK × 0.72) is HELD — round-2 evidence shows it both ways (aluminium extrusion lines ~2–3× low, press brakes ~4× high in the UK build-ups); the Poland operating model (3 × 8 h hours, straight-line tax life, loan finance, rent, tariff, support at Polish wages) is applied): depreciation × 1.000 (shift pattern), maintenance per running hour held, finance re-rated 4% → 8.22%; 184 m² at zł240.60 (£47.21)/m²/yr, 371,044 kWh at zł0.7022 (£0.1378)/kWh, support at 0.4658 of UK wages, 6,024 h × 0.82 (3 × 8 h, Monday–Friday, 251 working days in 2026 = 6,024 h (the labour model's pattern); Polish straight-line tax depreciation — no shift uplift on held capital; SME machinery / investment loan WIBOR 3M 3.82% + 3.9–4.9 pp = 7.72–8.72%, midpoint 8.22% (cooperative bank tariff, Mar 2026); NBP reference rate 3.75% (7 Oct 2026) — a large Tier-1 borrows below this; the book's line build-ups use 4% on half the capex; rent zł20.05/m²/month (warehouse / light-industrial headline rent midpoints: Upper Silesia zł20.12, Wrocław zł18.92, Poznań zł21.10 per m²/month (€3.15–6.00 at zł4.374/€; ceo.com.pl, ~Apr 2026) — mean; CBRE Q2 2026 national €4.7 = zł20.56 agrees; Rzeszów listings only); maintenance the library's own line build-up rule (3.5% of capex); no Polish norm found)",""
"machine","extruder-cable-line","Cable/Wire Line (crosshead + CV/cooling + capstan)","76.37","78.67","3.01","zł/h machine only","updated (Poland operating model; capital held — capex not sourced)","Poland book 2026-10-10: capital HELD at the book's UK × 0.72 (capex not sourced for Poland: the book's capital (UK × 0.72) is HELD — round-2 evidence shows it both ways (aluminium extrusion lines ~2–3× low, press brakes ~4× high in the UK build-ups); the Poland operating model (3 × 8 h hours, straight-line tax life, loan finance, rent, tariff, support at Polish wages) is applied): depreciation × 1.000 (shift pattern), maintenance per running hour held, finance re-rated 4% → 8.22%; 92 m² at zł240.60 (£47.21)/m²/yr, 181,326 kWh at zł0.7022 (£0.1378)/kWh, support at 0.4658 of UK wages, 6,024 h × 0.85 (3 × 8 h, Monday–Friday, 251 working days in 2026 = 6,024 h (the labour model's pattern); Polish straight-line tax depreciation — no shift uplift on held capital; SME machinery / investment loan WIBOR 3M 3.82% + 3.9–4.9 pp = 7.72–8.72%, midpoint 8.22% (cooperative bank tariff, Mar 2026); NBP reference rate 3.75% (7 Oct 2026) — a large Tier-1 borrows below this; the book's line build-ups use 4% on half the capex; rent zł20.05/m²/month (warehouse / light-industrial headline rent midpoints: Upper Silesia zł20.12, Wrocław zł18.92, Poznań zł21.10 per m²/month (€3.15–6.00 at zł4.374/€; ceo.com.pl, ~Apr 2026) — mean; CBRE Q2 2026 national €4.7 = zł20.56 agrees; Rzeszów listings only); maintenance the library's own line build-up rule (3.5% of capex); no Polish norm found)",""
"machine","extruder-coex-3","3-Layer Co-Extrusion Line (3 extruders + feed block/manifold die)","226.85","225.66","-0.52","zł/h machine only","updated (Poland operating model; capital held — capex not sourced)","Poland book 2026-10-10: capital HELD at the book's UK × 0.72 (capex not sourced for Poland: the book's capital (UK × 0.72) is HELD — round-2 evidence shows it both ways (aluminium extrusion lines ~2–3× low, press brakes ~4× high in the UK build-ups); the Poland operating model (3 × 8 h hours, straight-line tax life, loan finance, rent, tariff, support at Polish wages) is applied): depreciation × 1.000 (shift pattern), maintenance per running hour held, finance re-rated 4% → 8.22%; 202 m² at zł240.60 (£47.21)/m²/yr, 414,696 kWh at zł0.7022 (£0.1378)/kWh, support at 0.4658 of UK wages, 6,024 h × 0.8 (3 × 8 h, Monday–Friday, 251 working days in 2026 = 6,024 h (the labour model's pattern); Polish straight-line tax depreciation — no shift uplift on held capital; SME machinery / investment loan WIBOR 3M 3.82% + 3.9–4.9 pp = 7.72–8.72%, midpoint 8.22% (cooperative bank tariff, Mar 2026); NBP reference rate 3.75% (7 Oct 2026) — a large Tier-1 borrows below this; the book's line build-ups use 4% on half the capex; rent zł20.05/m²/month (warehouse / light-industrial headline rent midpoints: Upper Silesia zł20.12, Wrocław zł18.92, Poznań zł21.10 per m²/month (€3.15–6.00 at zł4.374/€; ceo.com.pl, ~Apr 2026) — mean; CBRE Q2 2026 national €4.7 = zł20.56 agrees; Rzeszów listings only); maintenance the library's own line build-up rule (3.5% of capex); no Polish norm found)",""
"machine","extruder-micro-tube","Medical Micro-Tubing Line (precision + laser gauge + cleanroom-ready)","128.05","113.46","-11.39","zł/h machine only","updated (Poland operating model; capital held — capex not sourced)","Poland book 2026-10-10: capital HELD at the book's UK × 0.72 (capex not sourced for Poland: the book's capital (UK × 0.72) is HELD — round-2 evidence shows it both ways (aluminium extrusion lines ~2–3× low, press brakes ~4× high in the UK build-ups); the Poland operating model (3 × 8 h hours, straight-line tax life, loan finance, rent, tariff, support at Polish wages) is applied): depreciation × 1.000 (shift pattern), maintenance per running hour held, finance re-rated 4% → 8.22%; 73 m² at zł240.60 (£47.21)/m²/yr, 157,147 kWh at zł0.7022 (£0.1378)/kWh, support at 0.4658 of UK wages, 6,024 h × 0.75 (3 × 8 h, Monday–Friday, 251 working days in 2026 = 6,024 h (the labour model's pattern); Polish straight-line tax depreciation — no shift uplift on held capital; SME machinery / investment loan WIBOR 3M 3.82% + 3.9–4.9 pp = 7.72–8.72%, midpoint 8.22% (cooperative bank tariff, Mar 2026); NBP reference rate 3.75% (7 Oct 2026) — a large Tier-1 borrows below this; the book's line build-ups use 4% on half the capex; rent zł20.05/m²/month (warehouse / light-industrial headline rent midpoints: Upper Silesia zł20.12, Wrocław zł18.92, Poznań zł21.10 per m²/month (€3.15–6.00 at zł4.374/€; ceo.com.pl, ~Apr 2026) — mean; CBRE Q2 2026 national €4.7 = zł20.56 agrees; Rzeszów listings only); maintenance the library's own line build-up rule (3.5% of capex); no Polish norm found)",""
"machine","extrusion-finish-qa","Cut-off, Coil & Inspection Station","15","10.95","-27","zł/h machine only","updated (Poland operating model; capital held — capex not sourced)","Poland book 2026-10-10: capital HELD at the book's UK × 0.72 (capex not sourced for Poland: the book's capital (UK × 0.72) is HELD — round-2 evidence shows it both ways (aluminium extrusion lines ~2–3× low, press brakes ~4× high in the UK build-ups); the Poland operating model (3 × 8 h hours, straight-line tax life, loan finance, rent, tariff, support at Polish wages) is applied): depreciation × 1.000 (shift pattern), maintenance per running hour held, finance re-rated 4% → 8.22%; 18 m² at zł240.60 (£47.21)/m²/yr, 19,644 kWh at zł0.7022 (£0.1378)/kWh, support at 0.4658 of UK wages, 6,024 h × 0.8 (3 × 8 h, Monday–Friday, 251 working days in 2026 = 6,024 h (the labour model's pattern); Polish straight-line tax depreciation — no shift uplift on held capital; SME machinery / investment loan WIBOR 3M 3.82% + 3.9–4.9 pp = 7.72–8.72%, midpoint 8.22% (cooperative bank tariff, Mar 2026); NBP reference rate 3.75% (7 Oct 2026) — a large Tier-1 borrows below this; the book's line build-ups use 4% on half the capex; rent zł20.05/m²/month (warehouse / light-industrial headline rent midpoints: Upper Silesia zł20.12, Wrocław zł18.92, Poznań zł21.10 per m²/month (€3.15–6.00 at zł4.374/€; ceo.com.pl, ~Apr 2026) — mean; CBRE Q2 2026 national €4.7 = zł20.56 agrees; Rzeszów listings only); maintenance the library's own line build-up rule (3.5% of capex); no Polish norm found)",""
"machine","extrusion-leak-test","Pipe/Tube Pressure & Leak Test Rig","20.43","14.67","-28.19","zł/h machine only","updated (Poland operating model; capital held — capex not sourced)","Poland book 2026-10-10: capital HELD at the book's UK × 0.72 (capex not sourced for Poland: the book's capital (UK × 0.72) is HELD — round-2 evidence shows it both ways (aluminium extrusion lines ~2–3× low, press brakes ~4× high in the UK build-ups); the Poland operating model (3 × 8 h hours, straight-line tax life, loan finance, rent, tariff, support at Polish wages) is applied): depreciation × 1.000 (shift pattern), maintenance per running hour held, finance re-rated 4% → 8.22%; 18 m² at zł240.60 (£47.21)/m²/yr, 13,091 kWh at zł0.7022 (£0.1378)/kWh, support at 0.4658 of UK wages, 6,024 h × 0.7 (3 × 8 h, Monday–Friday, 251 working days in 2026 = 6,024 h (the labour model's pattern); Polish straight-line tax depreciation — no shift uplift on held capital; SME machinery / investment loan WIBOR 3M 3.82% + 3.9–4.9 pp = 7.72–8.72%, midpoint 8.22% (cooperative bank tariff, Mar 2026); NBP reference rate 3.75% (7 Oct 2026) — a large Tier-1 borrows below this; the book's line build-ups use 4% on half the capex; rent zł20.05/m²/month (warehouse / light-industrial headline rent midpoints: Upper Silesia zł20.12, Wrocław zł18.92, Poznań zł21.10 per m²/month (€3.15–6.00 at zł4.374/€; ceo.com.pl, ~Apr 2026) — mean; CBRE Q2 2026 national €4.7 = zł20.56 agrees; Rzeszów listings only); maintenance the library's own line build-up rule (3.5% of capex); no Polish norm found)",""
"machine","thermoform-small","Thermoformer (Small/Single Station)","45.98","36.21","-21.25","zł/h machine only","updated (Poland operating model; capital held — capex not sourced)","Poland book 2026-10-10: capital HELD at the book's UK × 0.72 (capex not sourced for Poland: the book's capital (UK × 0.72) is HELD — round-2 evidence shows it both ways (aluminium extrusion lines ~2–3× low, press brakes ~4× high in the UK build-ups); the Poland operating model (3 × 8 h hours, straight-line tax life, loan finance, rent, tariff, support at Polish wages) is applied): depreciation × 1.000 (shift pattern), maintenance per running hour held, finance re-rated 4% → 8.22%; 37 m² at zł240.60 (£47.21)/m²/yr, 78,577 kWh at zł0.7022 (£0.1378)/kWh, support at 0.4658 of UK wages, 6,024 h × 0.8 (3 × 8 h, Monday–Friday, 251 working days in 2026 = 6,024 h (the labour model's pattern); Polish straight-line tax depreciation — no shift uplift on held capital; SME machinery / investment loan WIBOR 3M 3.82% + 3.9–4.9 pp = 7.72–8.72%, midpoint 8.22% (cooperative bank tariff, Mar 2026); NBP reference rate 3.75% (7 Oct 2026) — a large Tier-1 borrows below this; the book's line build-ups use 4% on half the capex; rent zł20.05/m²/month (warehouse / light-industrial headline rent midpoints: Upper Silesia zł20.12, Wrocław zł18.92, Poznań zł21.10 per m²/month (€3.15–6.00 at zł4.374/€; ceo.com.pl, ~Apr 2026) — mean; CBRE Q2 2026 national €4.7 = zł20.56 agrees; Rzeszów listings only); maintenance the library's own line build-up rule (3.5% of capex); no Polish norm found)",""
"machine","thermoform-large","Thermoformer (Inline/Rotary, Large)","124.91","97.63","-21.84","zł/h machine only","updated (Poland operating model; capital held — capex not sourced)","Poland book 2026-10-10: capital HELD at the book's UK × 0.72 (capex not sourced for Poland: the book's capital (UK × 0.72) is HELD — round-2 evidence shows it both ways (aluminium extrusion lines ~2–3× low, press brakes ~4× high in the UK build-ups); the Poland operating model (3 × 8 h hours, straight-line tax life, loan finance, rent, tariff, support at Polish wages) is applied): depreciation × 1.000 (shift pattern), maintenance per running hour held, finance re-rated 4% → 8.22%; 92 m² at zł240.60 (£47.21)/m²/yr, 183,335 kWh at zł0.7022 (£0.1378)/kWh, support at 0.4658 of UK wages, 6,024 h × 0.82 (3 × 8 h, Monday–Friday, 251 working days in 2026 = 6,024 h (the labour model's pattern); Polish straight-line tax depreciation — no shift uplift on held capital; SME machinery / investment loan WIBOR 3M 3.82% + 3.9–4.9 pp = 7.72–8.72%, midpoint 8.22% (cooperative bank tariff, Mar 2026); NBP reference rate 3.75% (7 Oct 2026) — a large Tier-1 borrows below this; the book's line build-ups use 4% on half the capex; rent zł20.05/m²/month (warehouse / light-industrial headline rent midpoints: Upper Silesia zł20.12, Wrocław zł18.92, Poznań zł21.10 per m²/month (€3.15–6.00 at zł4.374/€; ceo.com.pl, ~Apr 2026) — mean; CBRE Q2 2026 national €4.7 = zł20.56 agrees; Rzeszów listings only); maintenance the library's own line build-up rule (3.5% of capex); no Polish norm found)",""
"machine","thermoform-pressure","Pressure Former (3–6 bar, cut-sheet)","93.82","73.63","-21.52","zł/h machine only","updated (Poland operating model; capital held — capex not sourced)","Poland book 2026-10-10: capital HELD at the book's UK × 0.72 (capex not sourced for Poland: the book's capital (UK × 0.72) is HELD — round-2 evidence shows it both ways (aluminium extrusion lines ~2–3× low, press brakes ~4× high in the UK build-ups); the Poland operating model (3 × 8 h hours, straight-line tax life, loan finance, rent, tariff, support at Polish wages) is applied): depreciation × 1.000 (shift pattern), maintenance per running hour held, finance re-rated 4% → 8.22%; 64 m² at zł240.60 (£47.21)/m²/yr, 144,055 kWh at zł0.7022 (£0.1378)/kWh, support at 0.4658 of UK wages, 6,024 h × 0.8 (3 × 8 h, Monday–Friday, 251 working days in 2026 = 6,024 h (the labour model's pattern); Polish straight-line tax depreciation — no shift uplift on held capital; SME machinery / investment loan WIBOR 3M 3.82% + 3.9–4.9 pp = 7.72–8.72%, midpoint 8.22% (cooperative bank tariff, Mar 2026); NBP reference rate 3.75% (7 Oct 2026) — a large Tier-1 borrows below this; the book's line build-ups use 4% on half the capex; rent zł20.05/m²/month (warehouse / light-industrial headline rent midpoints: Upper Silesia zł20.12, Wrocław zł18.92, Poznań zł21.10 per m²/month (€3.15–6.00 at zł4.374/€; ceo.com.pl, ~Apr 2026) — mean; CBRE Q2 2026 national €4.7 = zł20.56 agrees; Rzeszów listings only); maintenance the library's own line build-up rule (3.5% of capex); no Polish norm found)",""
"machine","thermoform-twinsheet","Twin-Sheet Thermoformer","178.47","139.77","-21.68","zł/h machine only","updated (Poland operating model; capital held — capex not sourced)","Poland book 2026-10-10: capital HELD at the book's UK × 0.72 (capex not sourced for Poland: the book's capital (UK × 0.72) is HELD — round-2 evidence shows it both ways (aluminium extrusion lines ~2–3× low, press brakes ~4× high in the UK build-ups); the Poland operating model (3 × 8 h hours, straight-line tax life, loan finance, rent, tariff, support at Polish wages) is applied): depreciation × 1.000 (shift pattern), maintenance per running hour held, finance re-rated 4% → 8.22%; 129 m² at zł240.60 (£47.21)/m²/yr, 261,912 kWh at zł0.7022 (£0.1378)/kWh, support at 0.4658 of UK wages, 6,024 h × 0.78 (3 × 8 h, Monday–Friday, 251 working days in 2026 = 6,024 h (the labour model's pattern); Polish straight-line tax depreciation — no shift uplift on held capital; SME machinery / investment loan WIBOR 3M 3.82% + 3.9–4.9 pp = 7.72–8.72%, midpoint 8.22% (cooperative bank tariff, Mar 2026); NBP reference rate 3.75% (7 Oct 2026) — a large Tier-1 borrows below this; the book's line build-ups use 4% on half the capex; rent zł20.05/m²/month (warehouse / light-industrial headline rent midpoints: Upper Silesia zł20.12, Wrocław zł18.92, Poznań zł21.10 per m²/month (€3.15–6.00 at zł4.374/€; ceo.com.pl, ~Apr 2026) — mean; CBRE Q2 2026 national €4.7 = zł20.56 agrees; Rzeszów listings only); maintenance the library's own line build-up rule (3.5% of capex); no Polish norm found)",""
"machine","thermoform-rollfed","Roll-Fed Inline Thermoformer (packaging)","183.38","163.61","-10.78","zł/h machine only","updated (Poland operating model; capital held — capex not sourced)","Poland book 2026-10-10: capital HELD at the book's UK × 0.72 (capex not sourced for Poland: the book's capital (UK × 0.72) is HELD — round-2 evidence shows it both ways (aluminium extrusion lines ~2–3× low, press brakes ~4× high in the UK build-ups); the Poland operating model (3 × 8 h hours, straight-line tax life, loan finance, rent, tariff, support at Polish wages) is applied): depreciation × 1.000 (shift pattern), maintenance per running hour held, finance re-rated 4% → 8.22%; 147 m² at zł240.60 (£47.21)/m²/yr, 288,106 kWh at zł0.7022 (£0.1378)/kWh, support at 0.4658 of UK wages, 6,024 h × 0.85 (3 × 8 h, Monday–Friday, 251 working days in 2026 = 6,024 h (the labour model's pattern); Polish straight-line tax depreciation — no shift uplift on held capital; SME machinery / investment loan WIBOR 3M 3.82% + 3.9–4.9 pp = 7.72–8.72%, midpoint 8.22% (cooperative bank tariff, Mar 2026); NBP reference rate 3.75% (7 Oct 2026) — a large Tier-1 borrows below this; the book's line build-ups use 4% on half the capex; rent zł20.05/m²/month (warehouse / light-industrial headline rent midpoints: Upper Silesia zł20.12, Wrocław zł18.92, Poznań zł21.10 per m²/month (€3.15–6.00 at zł4.374/€; ceo.com.pl, ~Apr 2026) — mean; CBRE Q2 2026 national €4.7 = zł20.56 agrees; Rzeszów listings only); maintenance the library's own line build-up rule (3.5% of capex); no Polish norm found)",""
"machine","thermoform-oven","Standalone Sheet Pre-Heat Oven","37.32","30.96","-17.04","zł/h machine only","updated (Poland operating model; capital held — capex not sourced)","Poland book 2026-10-10: capital HELD at the book's UK × 0.72 (capex not sourced for Poland: the book's capital (UK × 0.72) is HELD — round-2 evidence shows it both ways (aluminium extrusion lines ~2–3× low, press brakes ~4× high in the UK build-ups); the Poland operating model (3 × 8 h hours, straight-line tax life, loan finance, rent, tariff, support at Polish wages) is applied): depreciation × 1.000 (shift pattern), maintenance per running hour held, finance re-rated 4% → 8.22%; 28 m² at zł240.60 (£47.21)/m²/yr, 104,766 kWh at zł0.7022 (£0.1378)/kWh, support at 0.4658 of UK wages, 6,024 h × 0.8 (3 × 8 h, Monday–Friday, 251 working days in 2026 = 6,024 h (the labour model's pattern); Polish straight-line tax depreciation — no shift uplift on held capital; SME machinery / investment loan WIBOR 3M 3.82% + 3.9–4.9 pp = 7.72–8.72%, midpoint 8.22% (cooperative bank tariff, Mar 2026); NBP reference rate 3.75% (7 Oct 2026) — a large Tier-1 borrows below this; the book's line build-ups use 4% on half the capex; rent zł20.05/m²/month (warehouse / light-industrial headline rent midpoints: Upper Silesia zł20.12, Wrocław zł18.92, Poznań zł21.10 per m²/month (€3.15–6.00 at zł4.374/€; ceo.com.pl, ~Apr 2026) — mean; CBRE Q2 2026 national €4.7 = zł20.56 agrees; Rzeszów listings only); maintenance the library's own line build-up rule (3.5% of capex); no Polish norm found)",""
"machine","thermoform-trim-router","CNC Trim Router / Trim Robot (5-axis)","58.25","44.08","-24.33","zł/h machine only","updated (Poland operating model; capital held — capex not sourced)","Poland book 2026-10-10: capital HELD at the book's UK × 0.72 (capex not sourced for Poland: the book's capital (UK × 0.72) is HELD — round-2 evidence shows it both ways (aluminium extrusion lines ~2–3× low, press brakes ~4× high in the UK build-ups); the Poland operating model (3 × 8 h hours, straight-line tax life, loan finance, rent, tariff, support at Polish wages) is applied): depreciation × 1.000 (shift pattern), maintenance per running hour held, finance re-rated 4% → 8.22%; 46 m² at zł240.60 (£47.21)/m²/yr, 52,387 kWh at zł0.7022 (£0.1378)/kWh, support at 0.4658 of UK wages, 6,024 h × 0.8 (3 × 8 h, Monday–Friday, 251 working days in 2026 = 6,024 h (the labour model's pattern); Polish straight-line tax depreciation — no shift uplift on held capital; SME machinery / investment loan WIBOR 3M 3.82% + 3.9–4.9 pp = 7.72–8.72%, midpoint 8.22% (cooperative bank tariff, Mar 2026); NBP reference rate 3.75% (7 Oct 2026) — a large Tier-1 borrows below this; the book's line build-ups use 4% on half the capex; rent zł20.05/m²/month (warehouse / light-industrial headline rent midpoints: Upper Silesia zł20.12, Wrocław zł18.92, Poznań zł21.10 per m²/month (€3.15–6.00 at zł4.374/€; ceo.com.pl, ~Apr 2026) — mean; CBRE Q2 2026 national €4.7 = zł20.56 agrees; Rzeszów listings only); maintenance the library's own line build-up rule (3.5% of capex); no Polish norm found)",""
"machine","rotomould-biaxial","Biaxial Rotational Moulder (3-arm carousel)","153.17","111.2","-27.4","zł/h machine only","updated (Poland operating model; capital held — capex not sourced)","Poland book 2026-10-10: capital HELD at the book's UK × 0.72 (capex not sourced for Poland: the book's capital (UK × 0.72) is HELD — round-2 evidence shows it both ways (aluminium extrusion lines ~2–3× low, press brakes ~4× high in the UK build-ups); the Poland operating model (3 × 8 h hours, straight-line tax life, loan finance, rent, tariff, support at Polish wages) is applied): depreciation × 1.000 (shift pattern), maintenance per running hour held, finance re-rated 4% → 8.22%; 184 m² at zł240.60 (£47.21)/m²/yr, 299,328 kWh at zł0.7022 (£0.1378)/kWh, support at 0.4658 of UK wages, 6,024 h × 0.75 (3 × 8 h, Monday–Friday, 251 working days in 2026 = 6,024 h (the labour model's pattern); Polish straight-line tax depreciation — no shift uplift on held capital; SME machinery / investment loan WIBOR 3M 3.82% + 3.9–4.9 pp = 7.72–8.72%, midpoint 8.22% (cooperative bank tariff, Mar 2026); NBP reference rate 3.75% (7 Oct 2026) — a large Tier-1 borrows below this; the book's line build-ups use 4% on half the capex; rent zł20.05/m²/month (warehouse / light-industrial headline rent midpoints: Upper Silesia zł20.12, Wrocław zł18.92, Poznań zł21.10 per m²/month (€3.15–6.00 at zł4.374/€; ceo.com.pl, ~Apr 2026) — mean; CBRE Q2 2026 national €4.7 = zł20.56 agrees; Rzeszów listings only); maintenance the library's own line build-up rule (3.5% of capex); no Polish norm found)",""
"machine","rotomould-lab-1arm","Single-Arm Rotational Moulder (small/lab)","68.06","48.88","-28.18","zł/h machine only","updated (Poland operating model; capital held — capex not sourced)","Poland book 2026-10-10: capital HELD at the book's UK × 0.72 (capex not sourced for Poland: the book's capital (UK × 0.72) is HELD — round-2 evidence shows it both ways (aluminium extrusion lines ~2–3× low, press brakes ~4× high in the UK build-ups); the Poland operating model (3 × 8 h hours, straight-line tax life, loan finance, rent, tariff, support at Polish wages) is applied): depreciation × 1.000 (shift pattern), maintenance per running hour held, finance re-rated 4% → 8.22%; 73 m² at zł240.60 (£47.21)/m²/yr, 112,243 kWh at zł0.7022 (£0.1378)/kWh, support at 0.4658 of UK wages, 6,024 h × 0.65 (3 × 8 h, Monday–Friday, 251 working days in 2026 = 6,024 h (the labour model's pattern); Polish straight-line tax depreciation — no shift uplift on held capital; SME machinery / investment loan WIBOR 3M 3.82% + 3.9–4.9 pp = 7.72–8.72%, midpoint 8.22% (cooperative bank tariff, Mar 2026); NBP reference rate 3.75% (7 Oct 2026) — a large Tier-1 borrows below this; the book's line build-ups use 4% on half the capex; rent zł20.05/m²/month (warehouse / light-industrial headline rent midpoints: Upper Silesia zł20.12, Wrocław zł18.92, Poznań zł21.10 per m²/month (€3.15–6.00 at zł4.374/€; ceo.com.pl, ~Apr 2026) — mean; CBRE Q2 2026 national €4.7 = zł20.56 agrees; Rzeszów listings only); maintenance the library's own line build-up rule (3.5% of capex); no Polish norm found)",""
"machine","rotomould-shuttle","Shuttle Rotational Moulder (1–2 station)","139.57","100.98","-27.65","zł/h machine only","updated (Poland operating model; capital held — capex not sourced)","Poland book 2026-10-10: capital HELD at the book's UK × 0.72 (capex not sourced for Poland: the book's capital (UK × 0.72) is HELD — round-2 evidence shows it both ways (aluminium extrusion lines ~2–3× low, press brakes ~4× high in the UK build-ups); the Poland operating model (3 × 8 h hours, straight-line tax life, loan finance, rent, tariff, support at Polish wages) is applied): depreciation × 1.000 (shift pattern), maintenance per running hour held, finance re-rated 4% → 8.22%; 165 m² at zł240.60 (£47.21)/m²/yr, 261,916 kWh at zł0.7022 (£0.1378)/kWh, support at 0.4658 of UK wages, 6,024 h × 0.72 (3 × 8 h, Monday–Friday, 251 working days in 2026 = 6,024 h (the labour model's pattern); Polish straight-line tax depreciation — no shift uplift on held capital; SME machinery / investment loan WIBOR 3M 3.82% + 3.9–4.9 pp = 7.72–8.72%, midpoint 8.22% (cooperative bank tariff, Mar 2026); NBP reference rate 3.75% (7 Oct 2026) — a large Tier-1 borrows below this; the book's line build-ups use 4% on half the capex; rent zł20.05/m²/month (warehouse / light-industrial headline rent midpoints: Upper Silesia zł20.12, Wrocław zł18.92, Poznań zł21.10 per m²/month (€3.15–6.00 at zł4.374/€; ceo.com.pl, ~Apr 2026) — mean; CBRE Q2 2026 national €4.7 = zł20.56 agrees; Rzeszów listings only); maintenance the library's own line build-up rule (3.5% of capex); no Polish norm found)",""
"machine","rotomould-rocknroll","Rock-and-Roll Rotational Moulder","118.1","85.61","-27.51","zł/h machine only","updated (Poland operating model; capital held — capex not sourced)","Poland book 2026-10-10: capital HELD at the book's UK × 0.72 (capex not sourced for Poland: the book's capital (UK × 0.72) is HELD — round-2 evidence shows it both ways (aluminium extrusion lines ~2–3× low, press brakes ~4× high in the UK build-ups); the Poland operating model (3 × 8 h hours, straight-line tax life, loan finance, rent, tariff, support at Polish wages) is applied): depreciation × 1.000 (shift pattern), maintenance per running hour held, finance re-rated 4% → 8.22%; 138 m² at zł240.60 (£47.21)/m²/yr, 224,496 kWh at zł0.7022 (£0.1378)/kWh, support at 0.4658 of UK wages, 6,024 h × 0.72 (3 × 8 h, Monday–Friday, 251 working days in 2026 = 6,024 h (the labour model's pattern); Polish straight-line tax depreciation — no shift uplift on held capital; SME machinery / investment loan WIBOR 3M 3.82% + 3.9–4.9 pp = 7.72–8.72%, midpoint 8.22% (cooperative bank tariff, Mar 2026); NBP reference rate 3.75% (7 Oct 2026) — a large Tier-1 borrows below this; the book's line build-ups use 4% on half the capex; rent zł20.05/m²/month (warehouse / light-industrial headline rent midpoints: Upper Silesia zł20.12, Wrocław zł18.92, Poznań zł21.10 per m²/month (€3.15–6.00 at zł4.374/€; ceo.com.pl, ~Apr 2026) — mean; CBRE Q2 2026 national €4.7 = zł20.56 agrees; Rzeszów listings only); maintenance the library's own line build-up rule (3.5% of capex); no Polish norm found)",""
"machine","rotomould-carousel-4arm","4-Arm Fixed Carousel Rotational Moulder","216.85","158.09","-27.1","zł/h machine only","updated (Poland operating model; capital held — capex not sourced)","Poland book 2026-10-10: capital HELD at the book's UK × 0.72 (capex not sourced for Poland: the book's capital (UK × 0.72) is HELD — round-2 evidence shows it both ways (aluminium extrusion lines ~2–3× low, press brakes ~4× high in the UK build-ups); the Poland operating model (3 × 8 h hours, straight-line tax life, loan finance, rent, tariff, support at Polish wages) is applied): depreciation × 1.000 (shift pattern), maintenance per running hour held, finance re-rated 4% → 8.22%; 257 m² at zł240.60 (£47.21)/m²/yr, 448,991 kWh at zł0.7022 (£0.1378)/kWh, support at 0.4658 of UK wages, 6,024 h × 0.78 (3 × 8 h, Monday–Friday, 251 working days in 2026 = 6,024 h (the labour model's pattern); Polish straight-line tax depreciation — no shift uplift on held capital; SME machinery / investment loan WIBOR 3M 3.82% + 3.9–4.9 pp = 7.72–8.72%, midpoint 8.22% (cooperative bank tariff, Mar 2026); NBP reference rate 3.75% (7 Oct 2026) — a large Tier-1 borrows below this; the book's line build-ups use 4% on half the capex; rent zł20.05/m²/month (warehouse / light-industrial headline rent midpoints: Upper Silesia zł20.12, Wrocław zł18.92, Poznań zł21.10 per m²/month (€3.15–6.00 at zł4.374/€; ceo.com.pl, ~Apr 2026) — mean; CBRE Q2 2026 national €4.7 = zł20.56 agrees; Rzeszów listings only); maintenance the library's own line build-up rule (3.5% of capex); no Polish norm found)",""
"machine","ultrasonic-welder","Ultrasonic Welder","19.84","14.79","-25.45","zł/h machine only","updated (Poland operating model; capital held — capex not sourced)","Poland book 2026-10-10: capital HELD at the book's UK × 0.72 (capex not sourced for Poland: the book's capital (UK × 0.72) is HELD — round-2 evidence shows it both ways (aluminium extrusion lines ~2–3× low, press brakes ~4× high in the UK build-ups); the Poland operating model (3 × 8 h hours, straight-line tax life, loan finance, rent, tariff, support at Polish wages) is applied): depreciation × 1.000 (shift pattern), maintenance per running hour held, finance re-rated 4% → 8.22%; 14 m² at zł240.60 (£47.21)/m²/yr, 13,091 kWh at zł0.7022 (£0.1378)/kWh, support at 0.4658 of UK wages, 6,024 h × 0.8 (3 × 8 h, Monday–Friday, 251 working days in 2026 = 6,024 h (the labour model's pattern); Polish straight-line tax depreciation — no shift uplift on held capital; SME machinery / investment loan WIBOR 3M 3.82% + 3.9–4.9 pp = 7.72–8.72%, midpoint 8.22% (cooperative bank tariff, Mar 2026); NBP reference rate 3.75% (7 Oct 2026) — a large Tier-1 borrows below this; the book's line build-ups use 4% on half the capex; rent zł20.05/m²/month (warehouse / light-industrial headline rent midpoints: Upper Silesia zł20.12, Wrocław zł18.92, Poznań zł21.10 per m²/month (€3.15–6.00 at zł4.374/€; ceo.com.pl, ~Apr 2026) — mean; CBRE Q2 2026 national €4.7 = zł20.56 agrees; Rzeszów listings only); maintenance the library's own line build-up rule (3.5% of capex); no Polish norm found)",""
"machine","hot-plate-welder","Hot Plate Welder","29.48","21.7","-26.39","zł/h machine only","updated (Poland operating model; capital held — capex not sourced)","Poland book 2026-10-10: capital HELD at the book's UK × 0.72 (capex not sourced for Poland: the book's capital (UK × 0.72) is HELD — round-2 evidence shows it both ways (aluminium extrusion lines ~2–3× low, press brakes ~4× high in the UK build-ups); the Poland operating model (3 × 8 h hours, straight-line tax life, loan finance, rent, tariff, support at Polish wages) is applied): depreciation × 1.000 (shift pattern), maintenance per running hour held, finance re-rated 4% → 8.22%; 28 m² at zł240.60 (£47.21)/m²/yr, 19,644 kWh at zł0.7022 (£0.1378)/kWh, support at 0.4658 of UK wages, 6,024 h × 0.8 (3 × 8 h, Monday–Friday, 251 working days in 2026 = 6,024 h (the labour model's pattern); Polish straight-line tax depreciation — no shift uplift on held capital; SME machinery / investment loan WIBOR 3M 3.82% + 3.9–4.9 pp = 7.72–8.72%, midpoint 8.22% (cooperative bank tariff, Mar 2026); NBP reference rate 3.75% (7 Oct 2026) — a large Tier-1 borrows below this; the book's line build-ups use 4% on half the capex; rent zł20.05/m²/month (warehouse / light-industrial headline rent midpoints: Upper Silesia zł20.12, Wrocław zł18.92, Poznań zł21.10 per m²/month (€3.15–6.00 at zł4.374/€; ceo.com.pl, ~Apr 2026) — mean; CBRE Q2 2026 national €4.7 = zł20.56 agrees; Rzeszów listings only); maintenance the library's own line build-up rule (3.5% of capex); no Polish norm found)",""
"machine","vibration-welder","Vibration Welder","44.61","33.13","-25.73","zł/h machine only","updated (Poland operating model; capital held — capex not sourced)","Poland book 2026-10-10: capital HELD at the book's UK × 0.72 (capex not sourced for Poland: the book's capital (UK × 0.72) is HELD — round-2 evidence shows it both ways (aluminium extrusion lines ~2–3× low, press brakes ~4× high in the UK build-ups); the Poland operating model (3 × 8 h hours, straight-line tax life, loan finance, rent, tariff, support at Polish wages) is applied): depreciation × 1.000 (shift pattern), maintenance per running hour held, finance re-rated 4% → 8.22%; 37 m² at zł240.60 (£47.21)/m²/yr, 26,190 kWh at zł0.7022 (£0.1378)/kWh, support at 0.4658 of UK wages, 6,024 h × 0.8 (3 × 8 h, Monday–Friday, 251 working days in 2026 = 6,024 h (the labour model's pattern); Polish straight-line tax depreciation — no shift uplift on held capital; SME machinery / investment loan WIBOR 3M 3.82% + 3.9–4.9 pp = 7.72–8.72%, midpoint 8.22% (cooperative bank tariff, Mar 2026); NBP reference rate 3.75% (7 Oct 2026) — a large Tier-1 borrows below this; the book's line build-ups use 4% on half the capex; rent zł20.05/m²/month (warehouse / light-industrial headline rent midpoints: Upper Silesia zł20.12, Wrocław zł18.92, Poznań zł21.10 per m²/month (€3.15–6.00 at zł4.374/€; ceo.com.pl, ~Apr 2026) — mean; CBRE Q2 2026 national €4.7 = zł20.56 agrees; Rzeszów listings only); maintenance the library's own line build-up rule (3.5% of capex); no Polish norm found)",""
"machine","laser-trumpf-3030","Trumpf TruLaser 3030 (6kW Fiber)","108.79","79.84","-26.61","zł/h machine only","updated (Poland operating model; capital held — capex not sourced)","Poland book 2026-10-10: capital HELD at the book's UK × 0.72 (capex not sourced for Poland: the book's capital (UK × 0.72) is HELD — round-2 evidence shows it both ways (aluminium extrusion lines ~2–3× low, press brakes ~4× high in the UK build-ups); the Poland operating model (3 × 8 h hours, straight-line tax life, loan finance, rent, tariff, support at Polish wages) is applied): depreciation × 1.000 (shift pattern), maintenance per running hour held, finance re-rated 4% → 8.22%; 92 m² at zł240.60 (£47.21)/m²/yr, 99,396 kWh at zł0.7022 (£0.1378)/kWh, support at 0.4658 of UK wages, 6,024 h × 0.75 (3 × 8 h, Monday–Friday, 251 working days in 2026 = 6,024 h (the labour model's pattern); Polish straight-line tax depreciation — no shift uplift on held capital; SME machinery / investment loan WIBOR 3M 3.82% + 3.9–4.9 pp = 7.72–8.72%, midpoint 8.22% (cooperative bank tariff, Mar 2026); NBP reference rate 3.75% (7 Oct 2026) — a large Tier-1 borrows below this; the book's line build-ups use 4% on half the capex; rent zł20.05/m²/month (warehouse / light-industrial headline rent midpoints: Upper Silesia zł20.12, Wrocław zł18.92, Poznań zł21.10 per m²/month (€3.15–6.00 at zł4.374/€; ceo.com.pl, ~Apr 2026) — mean; CBRE Q2 2026 national €4.7 = zł20.56 agrees; Rzeszów listings only); maintenance the library's own line build-up rule (3.5% of capex); no Polish norm found)",""
"machine","laser-bystronic-3015","Bystronic BySmart 3015 (4kW Fiber)","83.89","60.94","-27.36","zł/h machine only","updated (Poland operating model; capital held — capex not sourced)","Poland book 2026-10-10: capital HELD at the book's UK × 0.72 (capex not sourced for Poland: the book's capital (UK × 0.72) is HELD — round-2 evidence shows it both ways (aluminium extrusion lines ~2–3× low, press brakes ~4× high in the UK build-ups); the Poland operating model (3 × 8 h hours, straight-line tax life, loan finance, rent, tariff, support at Polish wages) is applied): depreciation × 1.000 (shift pattern), maintenance per running hour held, finance re-rated 4% → 8.22%; 83 m² at zł240.60 (£47.21)/m²/yr, 74,547 kWh at zł0.7022 (£0.1378)/kWh, support at 0.4658 of UK wages, 6,024 h × 0.75 (3 × 8 h, Monday–Friday, 251 working days in 2026 = 6,024 h (the labour model's pattern); Polish straight-line tax depreciation — no shift uplift on held capital; SME machinery / investment loan WIBOR 3M 3.82% + 3.9–4.9 pp = 7.72–8.72%, midpoint 8.22% (cooperative bank tariff, Mar 2026); NBP reference rate 3.75% (7 Oct 2026) — a large Tier-1 borrows below this; the book's line build-ups use 4% on half the capex; rent zł20.05/m²/month (warehouse / light-industrial headline rent midpoints: Upper Silesia zł20.12, Wrocław zł18.92, Poznań zł21.10 per m²/month (€3.15–6.00 at zł4.374/€; ceo.com.pl, ~Apr 2026) — mean; CBRE Q2 2026 national €4.7 = zł20.56 agrees; Rzeszów listings only); maintenance the library's own line build-up rule (3.5% of capex); no Polish norm found)",""
"machine","punch-amada-emz3610","Amada EMZ 3610 Turret Punch (30T)","236.97","175.4","-25.98","zł/h machine only","updated (Poland operating model; capital held — capex not sourced)","Poland book 2026-10-10: capital HELD at the book's UK × 0.72 (capex not sourced for Poland: the book's capital (UK × 0.72) is HELD — round-2 evidence shows it both ways (aluminium extrusion lines ~2–3× low, press brakes ~4× high in the UK build-ups); the Poland operating model (3 × 8 h hours, straight-line tax life, loan finance, rent, tariff, support at Polish wages) is applied): depreciation × 1.000 (shift pattern), maintenance per running hour held, finance re-rated 4% → 8.22%; 83 m² at zł240.60 (£47.21)/m²/yr, 134,703 kWh at zł0.7022 (£0.1378)/kWh, support at 0.4658 of UK wages, 6,024 h × 0.78 (3 × 8 h, Monday–Friday, 251 working days in 2026 = 6,024 h (the labour model's pattern); Polish straight-line tax depreciation — no shift uplift on held capital; SME machinery / investment loan WIBOR 3M 3.82% + 3.9–4.9 pp = 7.72–8.72%, midpoint 8.22% (cooperative bank tariff, Mar 2026); NBP reference rate 3.75% (7 Oct 2026) — a large Tier-1 borrows below this; the book's line build-ups use 4% on half the capex; rent zł20.05/m²/month (warehouse / light-industrial headline rent midpoints: Upper Silesia zł20.12, Wrocław zł18.92, Poznań zł21.10 per m²/month (€3.15–6.00 at zł4.374/€; ceo.com.pl, ~Apr 2026) — mean; CBRE Q2 2026 national €4.7 = zł20.56 agrees; Rzeszów listings only); maintenance the library's own line build-up rule (3.5% of capex); no Polish norm found)",""
"machine","punch-trumpf-5000","Trumpf TruPunch 5000 (30T)","279.39","209.76","-24.92","zł/h machine only","updated (Poland operating model; capital held — capex not sourced)","Poland book 2026-10-10: capital HELD at the book's UK × 0.72 (capex not sourced for Poland: the book's capital (UK × 0.72) is HELD — round-2 evidence shows it both ways (aluminium extrusion lines ~2–3× low, press brakes ~4× high in the UK build-ups); the Poland operating model (3 × 8 h hours, straight-line tax life, loan finance, rent, tariff, support at Polish wages) is applied): depreciation × 1.000 (shift pattern), maintenance per running hour held, finance re-rated 4% → 8.22%; 92 m² at zł240.60 (£47.21)/m²/yr, 164,634 kWh at zł0.7022 (£0.1378)/kWh, support at 0.4658 of UK wages, 6,024 h × 0.78 (3 × 8 h, Monday–Friday, 251 working days in 2026 = 6,024 h (the labour model's pattern); Polish straight-line tax depreciation — no shift uplift on held capital; SME machinery / investment loan WIBOR 3M 3.82% + 3.9–4.9 pp = 7.72–8.72%, midpoint 8.22% (cooperative bank tariff, Mar 2026); NBP reference rate 3.75% (7 Oct 2026) — a large Tier-1 borrows below this; the book's line build-ups use 4% on half the capex; rent zł20.05/m²/month (warehouse / light-industrial headline rent midpoints: Upper Silesia zł20.12, Wrocław zł18.92, Poznań zł21.10 per m²/month (€3.15–6.00 at zł4.374/€; ceo.com.pl, ~Apr 2026) — mean; CBRE Q2 2026 national €4.7 = zł20.56 agrees; Rzeszów listings only); maintenance the library's own line build-up rule (3.5% of capex); no Polish norm found)",""
"machine","brake-amada-hfe100","Amada HFE 100T Press Brake (3m)","200.95","62.68","-68.81","zł/h machine only","updated (Poland capex + operating model)","Poland book 2026-10-10: capex zł634,522 (£124,514) (press-brake-eu: brake-trumpf-trubend3100 zł594,864 (£116,732) × book size 1.067 — TRUMPF TruBend 3100 (100 t × 3 m) NEW, offered at €136,000 FCA ex-VAT (Jul 2026, advertiser at TRUMPF Ditzingen) = zł594,864; a 2021 purchase at €115k agrees — the UK book's build-up (a ""Target £/hr"" shop rate) implied ~4× this), 7.14-yr life, maintenance 3.5% of capex, finance 8.22% on half the capex; 83 m² at zł240.60 (£47.21)/m²/yr, 104,763 kWh at zł0.7022 (£0.1378)/kWh, support at 0.4658 of UK wages, 6,024 h × 0.75 (3 × 8 h, Monday–Friday, 251 working days in 2026 = 6,024 h (the labour model's pattern); Polish straight-line tax depreciation — no shift uplift on held capital; SME machinery / investment loan WIBOR 3M 3.82% + 3.9–4.9 pp = 7.72–8.72%, midpoint 8.22% (cooperative bank tariff, Mar 2026); NBP reference rate 3.75% (7 Oct 2026) — a large Tier-1 borrows below this; the book's line build-ups use 4% on half the capex; rent zł20.05/m²/month (warehouse / light-industrial headline rent midpoints: Upper Silesia zł20.12, Wrocław zł18.92, Poznań zł21.10 per m²/month (€3.15–6.00 at zł4.374/€; ceo.com.pl, ~Apr 2026) — mean; CBRE Q2 2026 national €4.7 = zł20.56 agrees; Rzeszów listings only); maintenance the library's own line build-up rule (3.5% of capex); no Polish norm found)","https://www.machineseeker.com/trumpf-trubend+3100/i-22233802"
"machine","brake-trumpf-5230","Trumpf TruBend 5230 (230T)","254.94","79.85","-68.68","zł/h machine only","updated (Poland capex + operating model)","Poland book 2026-10-10: capex zł819,590 (£160,830) (press-brake-eu: brake-trumpf-trubend3100 zł594,864 (£116,732) × book size 1.378 — TRUMPF TruBend 3100 (100 t × 3 m) NEW, offered at €136,000 FCA ex-VAT (Jul 2026, advertiser at TRUMPF Ditzingen) = zł594,864; a 2021 purchase at €115k agrees — the UK book's build-up (a ""Target £/hr"" shop rate) implied ~4× this), 7.14-yr life, maintenance 3.5% of capex, finance 8.22% on half the capex; 92 m² at zł240.60 (£47.21)/m²/yr, 134,703 kWh at zł0.7022 (£0.1378)/kWh, support at 0.4658 of UK wages, 6,024 h × 0.75 (3 × 8 h, Monday–Friday, 251 working days in 2026 = 6,024 h (the labour model's pattern); Polish straight-line tax depreciation — no shift uplift on held capital; SME machinery / investment loan WIBOR 3M 3.82% + 3.9–4.9 pp = 7.72–8.72%, midpoint 8.22% (cooperative bank tariff, Mar 2026); NBP reference rate 3.75% (7 Oct 2026) — a large Tier-1 borrows below this; the book's line build-ups use 4% on half the capex; rent zł20.05/m²/month (warehouse / light-industrial headline rent midpoints: Upper Silesia zł20.12, Wrocław zł18.92, Poznań zł21.10 per m²/month (€3.15–6.00 at zł4.374/€; ceo.com.pl, ~Apr 2026) — mean; CBRE Q2 2026 national €4.7 = zł20.56 agrees; Rzeszów listings only); maintenance the library's own line build-up rule (3.5% of capex); no Polish norm found)","https://www.machineseeker.com/trumpf-trubend+3100/i-22233802"
"machine","press-schuler-400t","Schuler 400T Stamping Press","541.91","397.41","-26.66","zł/h machine only","updated (Poland operating model; capital held — capex not sourced)","Poland book 2026-10-10: capital HELD at the book's UK × 0.72 (capex not sourced for Poland: the book's capital (UK × 0.72) is HELD — round-2 evidence shows it both ways (aluminium extrusion lines ~2–3× low, press brakes ~4× high in the UK build-ups); the Poland operating model (3 × 8 h hours, straight-line tax life, loan finance, rent, tariff, support at Polish wages) is applied): depreciation × 1.000 (shift pattern), maintenance per running hour held, finance re-rated 4% → 8.22%; 184 m² at zł240.60 (£47.21)/m²/yr, 411,580 kWh at zł0.7022 (£0.1378)/kWh, support at 0.4658 of UK wages, 6,024 h × 0.78 (3 × 8 h, Monday–Friday, 251 working days in 2026 = 6,024 h (the labour model's pattern); Polish straight-line tax depreciation — no shift uplift on held capital; SME machinery / investment loan WIBOR 3M 3.82% + 3.9–4.9 pp = 7.72–8.72%, midpoint 8.22% (cooperative bank tariff, Mar 2026); NBP reference rate 3.75% (7 Oct 2026) — a large Tier-1 borrows below this; the book's line build-ups use 4% on half the capex; rent zł20.05/m²/month (warehouse / light-industrial headline rent midpoints: Upper Silesia zł20.12, Wrocław zł18.92, Poznań zł21.10 per m²/month (€3.15–6.00 at zł4.374/€; ceo.com.pl, ~Apr 2026) — mean; CBRE Q2 2026 national €4.7 = zł20.56 agrees; Rzeszów listings only); maintenance the library's own line build-up rule (3.5% of capex); no Polish norm found)",""
"machine","press-aida-200t","AIDA 200T Stamping Press","434.99","319.25","-26.61","zł/h machine only","updated (Poland operating model; capital held — capex not sourced)","Poland book 2026-10-10: capital HELD at the book's UK × 0.72 (capex not sourced for Poland: the book's capital (UK × 0.72) is HELD — round-2 evidence shows it both ways (aluminium extrusion lines ~2–3× low, press brakes ~4× high in the UK build-ups); the Poland operating model (3 × 8 h hours, straight-line tax life, loan finance, rent, tariff, support at Polish wages) is applied): depreciation × 1.000 (shift pattern), maintenance per running hour held, finance re-rated 4% → 8.22%; 165 m² at zł240.60 (£47.21)/m²/yr, 299,328 kWh at zł0.7022 (£0.1378)/kWh, support at 0.4658 of UK wages, 6,024 h × 0.78 (3 × 8 h, Monday–Friday, 251 working days in 2026 = 6,024 h (the labour model's pattern); Polish straight-line tax depreciation — no shift uplift on held capital; SME machinery / investment loan WIBOR 3M 3.82% + 3.9–4.9 pp = 7.72–8.72%, midpoint 8.22% (cooperative bank tariff, Mar 2026); NBP reference rate 3.75% (7 Oct 2026) — a large Tier-1 borrows below this; the book's line build-ups use 4% on half the capex; rent zł20.05/m²/month (warehouse / light-industrial headline rent midpoints: Upper Silesia zł20.12, Wrocław zł18.92, Poznań zł21.10 per m²/month (€3.15–6.00 at zł4.374/€; ceo.com.pl, ~Apr 2026) — mean; CBRE Q2 2026 national €4.7 = zł20.56 agrees; Rzeszów listings only); maintenance the library's own line build-up rule (3.5% of capex); no Polish norm found)",""
"machine","rollform-dimeco-20st","Dimeco Roll Forming Line (20 stations)","402.73","358.88","-10.89","zł/h machine only","updated (Poland operating model; capital held — capex not sourced)","Poland book 2026-10-10: capital HELD at the book's UK × 0.72 (capex not sourced for Poland: the book's capital (UK × 0.72) is HELD — round-2 evidence shows it both ways (aluminium extrusion lines ~2–3× low, press brakes ~4× high in the UK build-ups); the Poland operating model (3 × 8 h hours, straight-line tax life, loan finance, rent, tariff, support at Polish wages) is applied): depreciation × 1.000 (shift pattern), maintenance per running hour held, finance re-rated 4% → 8.22%; 321 m² at zł240.60 (£47.21)/m²/yr, 288,106 kWh at zł0.7022 (£0.1378)/kWh, support at 0.4658 of UK wages, 6,024 h × 0.8 (3 × 8 h, Monday–Friday, 251 working days in 2026 = 6,024 h (the labour model's pattern); Polish straight-line tax depreciation — no shift uplift on held capital; SME machinery / investment loan WIBOR 3M 3.82% + 3.9–4.9 pp = 7.72–8.72%, midpoint 8.22% (cooperative bank tariff, Mar 2026); NBP reference rate 3.75% (7 Oct 2026) — a large Tier-1 borrows below this; the book's line build-ups use 4% on half the capex; rent zł20.05/m²/month (warehouse / light-industrial headline rent midpoints: Upper Silesia zł20.12, Wrocław zł18.92, Poznań zł21.10 per m²/month (€3.15–6.00 at zł4.374/€; ceo.com.pl, ~Apr 2026) — mean; CBRE Q2 2026 national €4.7 = zł20.56 agrees; Rzeszów listings only); maintenance the library's own line build-up rule (3.5% of capex); no Polish norm found)",""
"machine","robot-spotweld-kuka","KUKA Spot Welding Robot Cell","327.81","255.44","-22.08","zł/h machine only","updated (Poland operating model; capital held — capex not sourced)","Poland book 2026-10-10: capital HELD at the book's UK × 0.72 (capex not sourced for Poland: the book's capital (UK × 0.72) is HELD — round-2 evidence shows it both ways (aluminium extrusion lines ~2–3× low, press brakes ~4× high in the UK build-ups); the Poland operating model (3 × 8 h hours, straight-line tax life, loan finance, rent, tariff, support at Polish wages) is applied): depreciation × 1.000 (shift pattern), maintenance per running hour held, finance re-rated 4% → 8.22%; 138 m² at zł240.60 (£47.21)/m²/yr, 163,691 kWh at zł0.7022 (£0.1378)/kWh, support at 0.4658 of UK wages, 6,024 h × 0.8 (3 × 8 h, Monday–Friday, 251 working days in 2026 = 6,024 h (the labour model's pattern); Polish straight-line tax depreciation — no shift uplift on held capital; SME machinery / investment loan WIBOR 3M 3.82% + 3.9–4.9 pp = 7.72–8.72%, midpoint 8.22% (cooperative bank tariff, Mar 2026); NBP reference rate 3.75% (7 Oct 2026) — a large Tier-1 borrows below this; the book's line build-ups use 4% on half the capex; rent zł20.05/m²/month (warehouse / light-industrial headline rent midpoints: Upper Silesia zł20.12, Wrocław zł18.92, Poznań zł21.10 per m²/month (€3.15–6.00 at zł4.374/€; ceo.com.pl, ~Apr 2026) — mean; CBRE Q2 2026 national €4.7 = zł20.56 agrees; Rzeszów listings only); maintenance the library's own line build-up rule (3.5% of capex); no Polish norm found)",""
"machine","mig-welder-manual","Manual MIG/MAG Welder Station","17.01","12.7","-25.34","zł/h machine only","updated (Poland operating model; capital held — capex not sourced)","Poland book 2026-10-10: capital HELD at the book's UK × 0.72 (capex not sourced for Poland: the book's capital (UK × 0.72) is HELD — round-2 evidence shows it both ways (aluminium extrusion lines ~2–3× low, press brakes ~4× high in the UK build-ups); the Poland operating model (3 × 8 h hours, straight-line tax life, loan finance, rent, tariff, support at Polish wages) is applied): depreciation × 1.000 (shift pattern), maintenance per running hour held, finance re-rated 4% → 8.22%; 18 m² at zł240.60 (£47.21)/m²/yr, 26,190 kWh at zł0.7022 (£0.1378)/kWh, support at 0.4658 of UK wages, 6,024 h × 0.75 (3 × 8 h, Monday–Friday, 251 working days in 2026 = 6,024 h (the labour model's pattern); Polish straight-line tax depreciation — no shift uplift on held capital; SME machinery / investment loan WIBOR 3M 3.82% + 3.9–4.9 pp = 7.72–8.72%, midpoint 8.22% (cooperative bank tariff, Mar 2026); NBP reference rate 3.75% (7 Oct 2026) — a large Tier-1 borrows below this; the book's line build-ups use 4% on half the capex; rent zł20.05/m²/month (warehouse / light-industrial headline rent midpoints: Upper Silesia zł20.12, Wrocław zł18.92, Poznań zł21.10 per m²/month (€3.15–6.00 at zł4.374/€; ceo.com.pl, ~Apr 2026) — mean; CBRE Q2 2026 national €4.7 = zł20.56 agrees; Rzeszów listings only); maintenance the library's own line build-up rule (3.5% of capex); no Polish norm found)",""
"machine","tig-welder-manual","Manual TIG Welder Station","18.6","13.96","-24.95","zł/h machine only","updated (Poland operating model; capital held — capex not sourced)","Poland book 2026-10-10: capital HELD at the book's UK × 0.72 (capex not sourced for Poland: the book's capital (UK × 0.72) is HELD — round-2 evidence shows it both ways (aluminium extrusion lines ~2–3× low, press brakes ~4× high in the UK build-ups); the Poland operating model (3 × 8 h hours, straight-line tax life, loan finance, rent, tariff, support at Polish wages) is applied): depreciation × 1.000 (shift pattern), maintenance per running hour held, finance re-rated 4% → 8.22%; 18 m² at zł240.60 (£47.21)/m²/yr, 22,913 kWh at zł0.7022 (£0.1378)/kWh, support at 0.4658 of UK wages, 6,024 h × 0.75 (3 × 8 h, Monday–Friday, 251 working days in 2026 = 6,024 h (the labour model's pattern); Polish straight-line tax depreciation — no shift uplift on held capital; SME machinery / investment loan WIBOR 3M 3.82% + 3.9–4.9 pp = 7.72–8.72%, midpoint 8.22% (cooperative bank tariff, Mar 2026); NBP reference rate 3.75% (7 Oct 2026) — a large Tier-1 borrows below this; the book's line build-ups use 4% on half the capex; rent zł20.05/m²/month (warehouse / light-industrial headline rent midpoints: Upper Silesia zł20.12, Wrocław zł18.92, Poznań zł21.10 per m²/month (€3.15–6.00 at zł4.374/€; ceo.com.pl, ~Apr 2026) — mean; CBRE Q2 2026 national €4.7 = zł20.56 agrees; Rzeszów listings only); maintenance the library's own line build-up rule (3.5% of capex); no Polish norm found)",""
"machine","laser-trumpf-5030","Trumpf TruLaser 5030 (10kW Fiber)","156.64","115.62","-26.19","zł/h machine only","updated (Poland operating model; capital held — capex not sourced)","Poland book 2026-10-10: capital HELD at the book's UK × 0.72 (capex not sourced for Poland: the book's capital (UK × 0.72) is HELD — round-2 evidence shows it both ways (aluminium extrusion lines ~2–3× low, press brakes ~4× high in the UK build-ups); the Poland operating model (3 × 8 h hours, straight-line tax life, loan finance, rent, tariff, support at Polish wages) is applied): depreciation × 1.000 (shift pattern), maintenance per running hour held, finance re-rated 4% → 8.22%; 129 m² at zł240.60 (£47.21)/m²/yr, 155,308 kWh at zł0.7022 (£0.1378)/kWh, support at 0.4658 of UK wages, 6,024 h × 0.78 (3 × 8 h, Monday–Friday, 251 working days in 2026 = 6,024 h (the labour model's pattern); Polish straight-line tax depreciation — no shift uplift on held capital; SME machinery / investment loan WIBOR 3M 3.82% + 3.9–4.9 pp = 7.72–8.72%, midpoint 8.22% (cooperative bank tariff, Mar 2026); NBP reference rate 3.75% (7 Oct 2026) — a large Tier-1 borrows below this; the book's line build-ups use 4% on half the capex; rent zł20.05/m²/month (warehouse / light-industrial headline rent midpoints: Upper Silesia zł20.12, Wrocław zł18.92, Poznań zł21.10 per m²/month (€3.15–6.00 at zł4.374/€; ceo.com.pl, ~Apr 2026) — mean; CBRE Q2 2026 national €4.7 = zł20.56 agrees; Rzeszów listings only); maintenance the library's own line build-up rule (3.5% of capex); no Polish norm found)",""
"machine","laser-amada-ensis-3015","Amada ENSIS 3015 AJ (3kW Fiber)","85.4","61.8","-27.63","zł/h machine only","updated (Poland operating model; capital held — capex not sourced)","Poland book 2026-10-10: capital HELD at the book's UK × 0.72 (capex not sourced for Poland: the book's capital (UK × 0.72) is HELD — round-2 evidence shows it both ways (aluminium extrusion lines ~2–3× low, press brakes ~4× high in the UK build-ups); the Poland operating model (3 × 8 h hours, straight-line tax life, loan finance, rent, tariff, support at Polish wages) is applied): depreciation × 1.000 (shift pattern), maintenance per running hour held, finance re-rated 4% → 8.22%; 83 m² at zł240.60 (£47.21)/m²/yr, 68,333 kWh at zł0.7022 (£0.1378)/kWh, support at 0.4658 of UK wages, 6,024 h × 0.76 (3 × 8 h, Monday–Friday, 251 working days in 2026 = 6,024 h (the labour model's pattern); Polish straight-line tax depreciation — no shift uplift on held capital; SME machinery / investment loan WIBOR 3M 3.82% + 3.9–4.9 pp = 7.72–8.72%, midpoint 8.22% (cooperative bank tariff, Mar 2026); NBP reference rate 3.75% (7 Oct 2026) — a large Tier-1 borrows below this; the book's line build-ups use 4% on half the capex; rent zł20.05/m²/month (warehouse / light-industrial headline rent midpoints: Upper Silesia zł20.12, Wrocław zł18.92, Poznań zł21.10 per m²/month (€3.15–6.00 at zł4.374/€; ceo.com.pl, ~Apr 2026) — mean; CBRE Q2 2026 national €4.7 = zł20.56 agrees; Rzeszów listings only); maintenance the library's own line build-up rule (3.5% of capex); no Polish norm found)",""
"machine","plasma-hypertherm-xpr300","Hypertherm XPR300 Plasma Table","142.97","109.76","-23.23","zł/h machine only","updated (Poland operating model; capital held — capex not sourced)","Poland book 2026-10-10: capital HELD at the book's UK × 0.72 (capex not sourced for Poland: the book's capital (UK × 0.72) is HELD — round-2 evidence shows it both ways (aluminium extrusion lines ~2–3× low, press brakes ~4× high in the UK build-ups); the Poland operating model (3 × 8 h hours, straight-line tax life, loan finance, rent, tariff, support at Polish wages) is applied): depreciation × 1.000 (shift pattern), maintenance per running hour held, finance re-rated 4% → 8.22%; 129 m² at zł240.60 (£47.21)/m²/yr, 144,055 kWh at zł0.7022 (£0.1378)/kWh, support at 0.4658 of UK wages, 6,024 h × 0.8 (3 × 8 h, Monday–Friday, 251 working days in 2026 = 6,024 h (the labour model's pattern); Polish straight-line tax depreciation — no shift uplift on held capital; SME machinery / investment loan WIBOR 3M 3.82% + 3.9–4.9 pp = 7.72–8.72%, midpoint 8.22% (cooperative bank tariff, Mar 2026); NBP reference rate 3.75% (7 Oct 2026) — a large Tier-1 borrows below this; the book's line build-ups use 4% on half the capex; rent zł20.05/m²/month (warehouse / light-industrial headline rent midpoints: Upper Silesia zł20.12, Wrocław zł18.92, Poznań zł21.10 per m²/month (€3.15–6.00 at zł4.374/€; ceo.com.pl, ~Apr 2026) — mean; CBRE Q2 2026 national €4.7 = zł20.56 agrees; Rzeszów listings only); maintenance the library's own line build-up rule (3.5% of capex); no Polish norm found)",""
"machine","plasma-kjellberg-hifocus280","Kjellberg HiFocus 280i Plasma Table","126.02","96.04","-23.79","zł/h machine only","updated (Poland operating model; capital held — capex not sourced)","Poland book 2026-10-10: capital HELD at the book's UK × 0.72 (capex not sourced for Poland: the book's capital (UK × 0.72) is HELD — round-2 evidence shows it both ways (aluminium extrusion lines ~2–3× low, press brakes ~4× high in the UK build-ups); the Poland operating model (3 × 8 h hours, straight-line tax life, loan finance, rent, tariff, support at Polish wages) is applied): depreciation × 1.000 (shift pattern), maintenance per running hour held, finance re-rated 4% → 8.22%; 129 m² at zł240.60 (£47.21)/m²/yr, 130,956 kWh at zł0.7022 (£0.1378)/kWh, support at 0.4658 of UK wages, 6,024 h × 0.8 (3 × 8 h, Monday–Friday, 251 working days in 2026 = 6,024 h (the labour model's pattern); Polish straight-line tax depreciation — no shift uplift on held capital; SME machinery / investment loan WIBOR 3M 3.82% + 3.9–4.9 pp = 7.72–8.72%, midpoint 8.22% (cooperative bank tariff, Mar 2026); NBP reference rate 3.75% (7 Oct 2026) — a large Tier-1 borrows below this; the book's line build-ups use 4% on half the capex; rent zł20.05/m²/month (warehouse / light-industrial headline rent midpoints: Upper Silesia zł20.12, Wrocław zł18.92, Poznań zł21.10 per m²/month (€3.15–6.00 at zł4.374/€; ceo.com.pl, ~Apr 2026) — mean; CBRE Q2 2026 national €4.7 = zł20.56 agrees; Rzeszów listings only); maintenance the library's own line build-up rule (3.5% of capex); no Polish norm found)",""
"machine","waterjet-flow-mach500","Flow Mach 500 Waterjet (60K psi)","178.94","138.42","-22.64","zł/h machine only","updated (Poland operating model; capital held — capex not sourced)","Poland book 2026-10-10: capital HELD at the book's UK × 0.72 (capex not sourced for Poland: the book's capital (UK × 0.72) is HELD — round-2 evidence shows it both ways (aluminium extrusion lines ~2–3× low, press brakes ~4× high in the UK build-ups); the Poland operating model (3 × 8 h hours, straight-line tax life, loan finance, rent, tariff, support at Polish wages) is applied): depreciation × 1.000 (shift pattern), maintenance per running hour held, finance re-rated 4% → 8.22%; 147 m² at zł240.60 (£47.21)/m²/yr, 183,335 kWh at zł0.7022 (£0.1378)/kWh, support at 0.4658 of UK wages, 6,024 h × 0.75 (3 × 8 h, Monday–Friday, 251 working days in 2026 = 6,024 h (the labour model's pattern); Polish straight-line tax depreciation — no shift uplift on held capital; SME machinery / investment loan WIBOR 3M 3.82% + 3.9–4.9 pp = 7.72–8.72%, midpoint 8.22% (cooperative bank tariff, Mar 2026); NBP reference rate 3.75% (7 Oct 2026) — a large Tier-1 borrows below this; the book's line build-ups use 4% on half the capex; rent zł20.05/m²/month (warehouse / light-industrial headline rent midpoints: Upper Silesia zł20.12, Wrocław zł18.92, Poznań zł21.10 per m²/month (€3.15–6.00 at zł4.374/€; ceo.com.pl, ~Apr 2026) — mean; CBRE Q2 2026 national €4.7 = zł20.56 agrees; Rzeszów listings only); maintenance the library's own line build-up rule (3.5% of capex); no Polish norm found)",""
"machine","waterjet-omax-80x","Omax 80X Waterjet (60K psi)","154.52","119.11","-22.92","zł/h machine only","updated (Poland operating model; capital held — capex not sourced)","Poland book 2026-10-10: capital HELD at the book's UK × 0.72 (capex not sourced for Poland: the book's capital (UK × 0.72) is HELD — round-2 evidence shows it both ways (aluminium extrusion lines ~2–3× low, press brakes ~4× high in the UK build-ups); the Poland operating model (3 × 8 h hours, straight-line tax life, loan finance, rent, tariff, support at Polish wages) is applied): depreciation × 1.000 (shift pattern), maintenance per running hour held, finance re-rated 4% → 8.22%; 129 m² at zł240.60 (£47.21)/m²/yr, 157,145 kWh at zł0.7022 (£0.1378)/kWh, support at 0.4658 of UK wages, 6,024 h × 0.75 (3 × 8 h, Monday–Friday, 251 working days in 2026 = 6,024 h (the labour model's pattern); Polish straight-line tax depreciation — no shift uplift on held capital; SME machinery / investment loan WIBOR 3M 3.82% + 3.9–4.9 pp = 7.72–8.72%, midpoint 8.22% (cooperative bank tariff, Mar 2026); NBP reference rate 3.75% (7 Oct 2026) — a large Tier-1 borrows below this; the book's line build-ups use 4% on half the capex; rent zł20.05/m²/month (warehouse / light-industrial headline rent midpoints: Upper Silesia zł20.12, Wrocław zł18.92, Poznań zł21.10 per m²/month (€3.15–6.00 at zł4.374/€; ceo.com.pl, ~Apr 2026) — mean; CBRE Q2 2026 national €4.7 = zł20.56 agrees; Rzeszów listings only); maintenance the library's own line build-up rule (3.5% of capex); no Polish norm found)",""
"machine","shear-hydraulic-3m","Hydraulic Guillotine Shear (3m × 6mm)","52.38","35.96","-31.35","zł/h machine only","updated (Poland operating model; capital held — capex not sourced)","Poland book 2026-10-10: capital HELD at the book's UK × 0.72 (capex not sourced for Poland: the book's capital (UK × 0.72) is HELD — round-2 evidence shows it both ways (aluminium extrusion lines ~2–3× low, press brakes ~4× high in the UK build-ups); the Poland operating model (3 × 8 h hours, straight-line tax life, loan finance, rent, tariff, support at Polish wages) is applied): depreciation × 1.000 (shift pattern), maintenance per running hour held, finance re-rated 4% → 8.22%; 55 m² at zł240.60 (£47.21)/m²/yr, 37,411 kWh at zł0.7022 (£0.1378)/kWh, support at 0.4658 of UK wages, 6,024 h × 0.8 (3 × 8 h, Monday–Friday, 251 working days in 2026 = 6,024 h (the labour model's pattern); Polish straight-line tax depreciation — no shift uplift on held capital; SME machinery / investment loan WIBOR 3M 3.82% + 3.9–4.9 pp = 7.72–8.72%, midpoint 8.22% (cooperative bank tariff, Mar 2026); NBP reference rate 3.75% (7 Oct 2026) — a large Tier-1 borrows below this; the book's line build-ups use 4% on half the capex; rent zł20.05/m²/month (warehouse / light-industrial headline rent midpoints: Upper Silesia zł20.12, Wrocław zł18.92, Poznań zł21.10 per m²/month (€3.15–6.00 at zł4.374/€; ceo.com.pl, ~Apr 2026) — mean; CBRE Q2 2026 national €4.7 = zł20.56 agrees; Rzeszów listings only); maintenance the library's own line build-up rule (3.5% of capex); no Polish norm found)",""
"machine","shear-guillotine-6mm","Hydraulic Shear Heavy Duty (4m × 6mm)","71.75","48.89","-31.86","zł/h machine only","updated (Poland operating model; capital held — capex not sourced)","Poland book 2026-10-10: capital HELD at the book's UK × 0.72 (capex not sourced for Poland: the book's capital (UK × 0.72) is HELD — round-2 evidence shows it both ways (aluminium extrusion lines ~2–3× low, press brakes ~4× high in the UK build-ups); the Poland operating model (3 × 8 h hours, straight-line tax life, loan finance, rent, tariff, support at Polish wages) is applied): depreciation × 1.000 (shift pattern), maintenance per running hour held, finance re-rated 4% → 8.22%; 73 m² at zł240.60 (£47.21)/m²/yr, 52,381 kWh at zł0.7022 (£0.1378)/kWh, support at 0.4658 of UK wages, 6,024 h × 0.8 (3 × 8 h, Monday–Friday, 251 working days in 2026 = 6,024 h (the labour model's pattern); Polish straight-line tax depreciation — no shift uplift on held capital; SME machinery / investment loan WIBOR 3M 3.82% + 3.9–4.9 pp = 7.72–8.72%, midpoint 8.22% (cooperative bank tariff, Mar 2026); NBP reference rate 3.75% (7 Oct 2026) — a large Tier-1 borrows below this; the book's line build-ups use 4% on half the capex; rent zł20.05/m²/month (warehouse / light-industrial headline rent midpoints: Upper Silesia zł20.12, Wrocław zł18.92, Poznań zł21.10 per m²/month (€3.15–6.00 at zł4.374/€; ceo.com.pl, ~Apr 2026) — mean; CBRE Q2 2026 national €4.7 = zł20.56 agrees; Rzeszów listings only); maintenance the library's own line build-up rule (3.5% of capex); no Polish norm found)",""
"machine","brake-amada-hfe170","Amada HFE3i 170T Press Brake (4m)","249.3","79.08","-68.28","zł/h machine only","updated (Poland capex + operating model)","Poland book 2026-10-10: capex zł793,152 (£155,642) (press-brake-eu: brake-trumpf-trubend3100 zł594,864 (£116,732) × book size 1.333 — TRUMPF TruBend 3100 (100 t × 3 m) NEW, offered at €136,000 FCA ex-VAT (Jul 2026, advertiser at TRUMPF Ditzingen) = zł594,864; a 2021 purchase at €115k agrees — the UK book's build-up (a ""Target £/hr"" shop rate) implied ~4× this), 7.14-yr life, maintenance 3.5% of capex, finance 8.22% on half the capex; 101 m² at zł240.60 (£47.21)/m²/yr, 134,703 kWh at zł0.7022 (£0.1378)/kWh, support at 0.4658 of UK wages, 6,024 h × 0.75 (3 × 8 h, Monday–Friday, 251 working days in 2026 = 6,024 h (the labour model's pattern); Polish straight-line tax depreciation — no shift uplift on held capital; SME machinery / investment loan WIBOR 3M 3.82% + 3.9–4.9 pp = 7.72–8.72%, midpoint 8.22% (cooperative bank tariff, Mar 2026); NBP reference rate 3.75% (7 Oct 2026) — a large Tier-1 borrows below this; the book's line build-ups use 4% on half the capex; rent zł20.05/m²/month (warehouse / light-industrial headline rent midpoints: Upper Silesia zł20.12, Wrocław zł18.92, Poznań zł21.10 per m²/month (€3.15–6.00 at zł4.374/€; ceo.com.pl, ~Apr 2026) — mean; CBRE Q2 2026 national €4.7 = zł20.56 agrees; Rzeszów listings only); maintenance the library's own line build-up rule (3.5% of capex); no Polish norm found)","https://www.machineseeker.com/trumpf-trubend+3100/i-22233802"
"machine","brake-trumpf-trubend3100","Trumpf TruBend 3100 (100T)","187.1","58.56","-68.7","zł/h machine only","updated (Poland capex + operating model)","Poland book 2026-10-10: capex zł594,864 (£116,732) (press-brake-eu: brake-trumpf-trubend3100 zł594,864 (£116,732) — TRUMPF TruBend 3100 (100 t × 3 m) NEW, offered at €136,000 FCA ex-VAT (Jul 2026, advertiser at TRUMPF Ditzingen) = zł594,864; a 2021 purchase at €115k agrees — the UK book's build-up (a ""Target £/hr"" shop rate) implied ~4× this), 7.14-yr life, maintenance 3.5% of capex, finance 8.22% on half the capex; 83 m² at zł240.60 (£47.21)/m²/yr, 97,282 kWh at zł0.7022 (£0.1378)/kWh, support at 0.4658 of UK wages, 6,024 h × 0.75 (3 × 8 h, Monday–Friday, 251 working days in 2026 = 6,024 h (the labour model's pattern); Polish straight-line tax depreciation — no shift uplift on held capital; SME machinery / investment loan WIBOR 3M 3.82% + 3.9–4.9 pp = 7.72–8.72%, midpoint 8.22% (cooperative bank tariff, Mar 2026); NBP reference rate 3.75% (7 Oct 2026) — a large Tier-1 borrows below this; the book's line build-ups use 4% on half the capex; rent zł20.05/m²/month (warehouse / light-industrial headline rent midpoints: Upper Silesia zł20.12, Wrocław zł18.92, Poznań zł21.10 per m²/month (€3.15–6.00 at zł4.374/€; ceo.com.pl, ~Apr 2026) — mean; CBRE Q2 2026 national €4.7 = zł20.56 agrees; Rzeszów listings only); maintenance the library's own line build-up rule (3.5% of capex); no Polish norm found)","https://www.machineseeker.com/trumpf-trubend+3100/i-22233802"
"machine","brake-lvd-ppeb135","LVD PPEB 135T/30 Press Brake","216.21","67.92","-68.59","zł/h machine only","updated (Poland capex + operating model)","Poland book 2026-10-10: capex zł687,398 (£134,890) (press-brake-eu: brake-trumpf-trubend3100 zł594,864 (£116,732) × book size 1.156 — TRUMPF TruBend 3100 (100 t × 3 m) NEW, offered at €136,000 FCA ex-VAT (Jul 2026, advertiser at TRUMPF Ditzingen) = zł594,864; a 2021 purchase at €115k agrees — the UK book's build-up (a ""Target £/hr"" shop rate) implied ~4× this), 7.14-yr life, maintenance 3.5% of capex, finance 8.22% on half the capex; 92 m² at zł240.60 (£47.21)/m²/yr, 112,243 kWh at zł0.7022 (£0.1378)/kWh, support at 0.4658 of UK wages, 6,024 h × 0.75 (3 × 8 h, Monday–Friday, 251 working days in 2026 = 6,024 h (the labour model's pattern); Polish straight-line tax depreciation — no shift uplift on held capital; SME machinery / investment loan WIBOR 3M 3.82% + 3.9–4.9 pp = 7.72–8.72%, midpoint 8.22% (cooperative bank tariff, Mar 2026); NBP reference rate 3.75% (7 Oct 2026) — a large Tier-1 borrows below this; the book's line build-ups use 4% on half the capex; rent zł20.05/m²/month (warehouse / light-industrial headline rent midpoints: Upper Silesia zł20.12, Wrocław zł18.92, Poznań zł21.10 per m²/month (€3.15–6.00 at zł4.374/€; ceo.com.pl, ~Apr 2026) — mean; CBRE Q2 2026 national €4.7 = zł20.56 agrees; Rzeszów listings only); maintenance the library's own line build-up rule (3.5% of capex); no Polish norm found)","https://www.machineseeker.com/trumpf-trubend+3100/i-22233802"
"machine","spotweld-gun-manual","Pedestal Spot Welding Machine","24.42","17.75","-27.31","zł/h machine only","updated (Poland operating model; capital held — capex not sourced)","Poland book 2026-10-10: capital HELD at the book's UK × 0.72 (capex not sourced for Poland: the book's capital (UK × 0.72) is HELD — round-2 evidence shows it both ways (aluminium extrusion lines ~2–3× low, press brakes ~4× high in the UK build-ups); the Poland operating model (3 × 8 h hours, straight-line tax life, loan finance, rent, tariff, support at Polish wages) is applied): depreciation × 1.000 (shift pattern), maintenance per running hour held, finance re-rated 4% → 8.22%; 37 m² at zł240.60 (£47.21)/m²/yr, 32,735 kWh at zł0.7022 (£0.1378)/kWh, support at 0.4658 of UK wages, 6,024 h × 0.8 (3 × 8 h, Monday–Friday, 251 working days in 2026 = 6,024 h (the labour model's pattern); Polish straight-line tax depreciation — no shift uplift on held capital; SME machinery / investment loan WIBOR 3M 3.82% + 3.9–4.9 pp = 7.72–8.72%, midpoint 8.22% (cooperative bank tariff, Mar 2026); NBP reference rate 3.75% (7 Oct 2026) — a large Tier-1 borrows below this; the book's line build-ups use 4% on half the capex; rent zł20.05/m²/month (warehouse / light-industrial headline rent midpoints: Upper Silesia zł20.12, Wrocław zł18.92, Poznań zł21.10 per m²/month (€3.15–6.00 at zł4.374/€; ceo.com.pl, ~Apr 2026) — mean; CBRE Q2 2026 national €4.7 = zł20.56 agrees; Rzeszów listings only); maintenance the library's own line build-up rule (3.5% of capex); no Polish norm found)",""
"machine","robot-mig-cell","Robotic MIG/MAG Welding Cell","64.72","47.95","-25.91","zł/h machine only","updated (Poland operating model; capital held — capex not sourced)","Poland book 2026-10-10: capital HELD at the book's UK × 0.72 (capex not sourced for Poland: the book's capital (UK × 0.72) is HELD — round-2 evidence shows it both ways (aluminium extrusion lines ~2–3× low, press brakes ~4× high in the UK build-ups); the Poland operating model (3 × 8 h hours, straight-line tax life, loan finance, rent, tariff, support at Polish wages) is applied): depreciation × 1.000 (shift pattern), maintenance per running hour held, finance re-rated 4% → 8.22%; 110 m² at zł240.60 (£47.21)/m²/yr, 130,956 kWh at zł0.7022 (£0.1378)/kWh, support at 0.4658 of UK wages, 6,024 h × 0.82 (3 × 8 h, Monday–Friday, 251 working days in 2026 = 6,024 h (the labour model's pattern); Polish straight-line tax depreciation — no shift uplift on held capital; SME machinery / investment loan WIBOR 3M 3.82% + 3.9–4.9 pp = 7.72–8.72%, midpoint 8.22% (cooperative bank tariff, Mar 2026); NBP reference rate 3.75% (7 Oct 2026) — a large Tier-1 borrows below this; the book's line build-ups use 4% on half the capex; rent zł20.05/m²/month (warehouse / light-industrial headline rent midpoints: Upper Silesia zł20.12, Wrocław zł18.92, Poznań zł21.10 per m²/month (€3.15–6.00 at zł4.374/€; ceo.com.pl, ~Apr 2026) — mean; CBRE Q2 2026 national €4.7 = zł20.56 agrees; Rzeszów listings only); maintenance the library's own line build-up rule (3.5% of capex); no Polish norm found)",""
"machine","compression-mould-std","Compression Moulding Press 250T","60.14","43.15","-28.25","zł/h machine only","updated (Poland operating model; capital held — capex not sourced)","Poland book 2026-10-10: capital HELD at the book's UK × 0.72 (capex not sourced for Poland: the book's capital (UK × 0.72) is HELD — round-2 evidence shows it both ways (aluminium extrusion lines ~2–3× low, press brakes ~4× high in the UK build-ups); the Poland operating model (3 × 8 h hours, straight-line tax life, loan finance, rent, tariff, support at Polish wages) is applied): depreciation × 1.000 (shift pattern), maintenance per running hour held, finance re-rated 4% → 8.22%; 46 m² at zł240.60 (£47.21)/m²/yr, 74,832 kWh at zł0.7022 (£0.1378)/kWh, support at 0.4658 of UK wages, 6,024 h × 0.8 (3 × 8 h, Monday–Friday, 251 working days in 2026 = 6,024 h (the labour model's pattern); Polish straight-line tax depreciation — no shift uplift on held capital; SME machinery / investment loan WIBOR 3M 3.82% + 3.9–4.9 pp = 7.72–8.72%, midpoint 8.22% (cooperative bank tariff, Mar 2026); NBP reference rate 3.75% (7 Oct 2026) — a large Tier-1 borrows below this; the book's line build-ups use 4% on half the capex; rent zł20.05/m²/month (warehouse / light-industrial headline rent midpoints: Upper Silesia zł20.12, Wrocław zł18.92, Poznań zł21.10 per m²/month (€3.15–6.00 at zł4.374/€; ceo.com.pl, ~Apr 2026) — mean; CBRE Q2 2026 national €4.7 = zł20.56 agrees; Rzeszów listings only); maintenance the library's own line build-up rule (3.5% of capex); no Polish norm found)",""
"machine","transfer-mould-std","Transfer Moulding Press 200T","75.44","54.15","-28.22","zł/h machine only","updated (Poland operating model; capital held — capex not sourced)","Poland book 2026-10-10: capital HELD at the book's UK × 0.72 (capex not sourced for Poland: the book's capital (UK × 0.72) is HELD — round-2 evidence shows it both ways (aluminium extrusion lines ~2–3× low, press brakes ~4× high in the UK build-ups); the Poland operating model (3 × 8 h hours, straight-line tax life, loan finance, rent, tariff, support at Polish wages) is applied): depreciation × 1.000 (shift pattern), maintenance per running hour held, finance re-rated 4% → 8.22%; 55 m² at zł240.60 (£47.21)/m²/yr, 89,802 kWh at zł0.7022 (£0.1378)/kWh, support at 0.4658 of UK wages, 6,024 h × 0.78 (3 × 8 h, Monday–Friday, 251 working days in 2026 = 6,024 h (the labour model's pattern); Polish straight-line tax depreciation — no shift uplift on held capital; SME machinery / investment loan WIBOR 3M 3.82% + 3.9–4.9 pp = 7.72–8.72%, midpoint 8.22% (cooperative bank tariff, Mar 2026); NBP reference rate 3.75% (7 Oct 2026) — a large Tier-1 borrows below this; the book's line build-ups use 4% on half the capex; rent zł20.05/m²/month (warehouse / light-industrial headline rent midpoints: Upper Silesia zł20.12, Wrocław zł18.92, Poznań zł21.10 per m²/month (€3.15–6.00 at zł4.374/€; ceo.com.pl, ~Apr 2026) — mean; CBRE Q2 2026 national €4.7 = zł20.56 agrees; Rzeszów listings only); maintenance the library's own line build-up rule (3.5% of capex); no Polish norm found)",""
"machine","lsr-injection-machine","LSR Injection Moulding Machine","96.99","75.78","-21.87","zł/h machine only","updated (Poland operating model; capital held — capex not sourced)","Poland book 2026-10-10: capital HELD at the book's UK × 0.72 (capex not sourced for Poland: the book's capital (UK × 0.72) is HELD — round-2 evidence shows it both ways (aluminium extrusion lines ~2–3× low, press brakes ~4× high in the UK build-ups); the Poland operating model (3 × 8 h hours, straight-line tax life, loan finance, rent, tariff, support at Polish wages) is applied): depreciation × 1.000 (shift pattern), maintenance per running hour held, finance re-rated 4% → 8.22%; 64 m² at zł240.60 (£47.21)/m²/yr, 130,956 kWh at zł0.7022 (£0.1378)/kWh, support at 0.4658 of UK wages, 6,024 h × 0.8 (3 × 8 h, Monday–Friday, 251 working days in 2026 = 6,024 h (the labour model's pattern); Polish straight-line tax depreciation — no shift uplift on held capital; SME machinery / investment loan WIBOR 3M 3.82% + 3.9–4.9 pp = 7.72–8.72%, midpoint 8.22% (cooperative bank tariff, Mar 2026); NBP reference rate 3.75% (7 Oct 2026) — a large Tier-1 borrows below this; the book's line build-ups use 4% on half the capex; rent zł20.05/m²/month (warehouse / light-industrial headline rent midpoints: Upper Silesia zł20.12, Wrocław zł18.92, Poznań zł21.10 per m²/month (€3.15–6.00 at zł4.374/€; ceo.com.pl, ~Apr 2026) — mean; CBRE Q2 2026 national €4.7 = zł20.56 agrees; Rzeszów listings only); maintenance the library's own line build-up rule (3.5% of capex); no Polish norm found)",""
"machine","cure-oven-rubber","Rubber Cure / Vulcanisation Oven","40.42","35.79","-11.45","zł/h machine only","updated (Poland operating model; capital held — capex not sourced)","Poland book 2026-10-10: capital HELD at the book's UK × 0.72 (capex not sourced for Poland: the book's capital (UK × 0.72) is HELD — round-2 evidence shows it both ways (aluminium extrusion lines ~2–3× low, press brakes ~4× high in the UK build-ups); the Poland operating model (3 × 8 h hours, straight-line tax life, loan finance, rent, tariff, support at Polish wages) is applied): depreciation × 1.000 (shift pattern), maintenance per running hour held, finance re-rated 4% → 8.22%; 55 m² at zł240.60 (£47.21)/m²/yr, 130,952 kWh at zł0.7022 (£0.1378)/kWh, support at 0.4658 of UK wages, 6,024 h × 0.82 (3 × 8 h, Monday–Friday, 251 working days in 2026 = 6,024 h (the labour model's pattern); Polish straight-line tax depreciation — no shift uplift on held capital; SME machinery / investment loan WIBOR 3M 3.82% + 3.9–4.9 pp = 7.72–8.72%, midpoint 8.22% (cooperative bank tariff, Mar 2026); NBP reference rate 3.75% (7 Oct 2026) — a large Tier-1 borrows below this; the book's line build-ups use 4% on half the capex; rent zł20.05/m²/month (warehouse / light-industrial headline rent midpoints: Upper Silesia zł20.12, Wrocław zł18.92, Poznań zł21.10 per m²/month (€3.15–6.00 at zł4.374/€; ceo.com.pl, ~Apr 2026) — mean; CBRE Q2 2026 national €4.7 = zł20.56 agrees; Rzeszów listings only); maintenance the library's own line build-up rule (3.5% of capex); no Polish norm found)",""
"machine","extruder-rubber-60mm","Rubber Extruder 60mm (Cold-feed)","41.8","37.36","-10.62","zł/h machine only","updated (Poland operating model; capital held — capex not sourced)","Poland book 2026-10-10: capital HELD at the book's UK × 0.72 (capex not sourced for Poland: the book's capital (UK × 0.72) is HELD — round-2 evidence shows it both ways (aluminium extrusion lines ~2–3× low, press brakes ~4× high in the UK build-ups); the Poland operating model (3 × 8 h hours, straight-line tax life, loan finance, rent, tariff, support at Polish wages) is applied): depreciation × 1.000 (shift pattern), maintenance per running hour held, finance re-rated 4% → 8.22%; 37 m² at zł240.60 (£47.21)/m²/yr, 94,292 kWh at zł0.7022 (£0.1378)/kWh, support at 0.4658 of UK wages, 6,024 h × 0.8 (3 × 8 h, Monday–Friday, 251 working days in 2026 = 6,024 h (the labour model's pattern); Polish straight-line tax depreciation — no shift uplift on held capital; SME machinery / investment loan WIBOR 3M 3.82% + 3.9–4.9 pp = 7.72–8.72%, midpoint 8.22% (cooperative bank tariff, Mar 2026); NBP reference rate 3.75% (7 Oct 2026) — a large Tier-1 borrows below this; the book's line build-ups use 4% on half the capex; rent zł20.05/m²/month (warehouse / light-industrial headline rent midpoints: Upper Silesia zł20.12, Wrocław zł18.92, Poznań zł21.10 per m²/month (€3.15–6.00 at zł4.374/€; ceo.com.pl, ~Apr 2026) — mean; CBRE Q2 2026 national €4.7 = zł20.56 agrees; Rzeszów listings only); maintenance the library's own line build-up rule (3.5% of capex); no Polish norm found)",""
"machine","die-cut-press-rubber","Hydraulic Die-Cutting Press 20T","23.54","17.8","-24.38","zł/h machine only","updated (Poland operating model; capital held — capex not sourced)","Poland book 2026-10-10: capital HELD at the book's UK × 0.72 (capex not sourced for Poland: the book's capital (UK × 0.72) is HELD — round-2 evidence shows it both ways (aluminium extrusion lines ~2–3× low, press brakes ~4× high in the UK build-ups); the Poland operating model (3 × 8 h hours, straight-line tax life, loan finance, rent, tariff, support at Polish wages) is applied): depreciation × 1.000 (shift pattern), maintenance per running hour held, finance re-rated 4% → 8.22%; 28 m² at zł240.60 (£47.21)/m²/yr, 32,735 kWh at zł0.7022 (£0.1378)/kWh, support at 0.4658 of UK wages, 6,024 h × 0.85 (3 × 8 h, Monday–Friday, 251 working days in 2026 = 6,024 h (the labour model's pattern); Polish straight-line tax depreciation — no shift uplift on held capital; SME machinery / investment loan WIBOR 3M 3.82% + 3.9–4.9 pp = 7.72–8.72%, midpoint 8.22% (cooperative bank tariff, Mar 2026); NBP reference rate 3.75% (7 Oct 2026) — a large Tier-1 borrows below this; the book's line build-ups use 4% on half the capex; rent zł20.05/m²/month (warehouse / light-industrial headline rent midpoints: Upper Silesia zł20.12, Wrocław zł18.92, Poznań zł21.10 per m²/month (€3.15–6.00 at zł4.374/€; ceo.com.pl, ~Apr 2026) — mean; CBRE Q2 2026 national €4.7 = zł20.56 agrees; Rzeszów listings only); maintenance the library's own line build-up rule (3.5% of capex); no Polish norm found)",""
"machine","autoclave-1200mm","Production Autoclave 1200mm dia","222.93","172.82","-22.48","zł/h machine only","updated (Poland operating model; capital held — capex not sourced)","Poland book 2026-10-10: capital HELD at the book's UK × 0.72 (capex not sourced for Poland: the book's capital (UK × 0.72) is HELD — round-2 evidence shows it both ways (aluminium extrusion lines ~2–3× low, press brakes ~4× high in the UK build-ups); the Poland operating model (3 × 8 h hours, straight-line tax life, loan finance, rent, tariff, support at Polish wages) is applied): depreciation × 1.000 (shift pattern), maintenance per running hour held, finance re-rated 4% → 8.22%; 184 m² at zł240.60 (£47.21)/m²/yr, 327,390 kWh at zł0.7022 (£0.1378)/kWh, support at 0.4658 of UK wages, 6,024 h × 0.7 (3 × 8 h, Monday–Friday, 251 working days in 2026 = 6,024 h (the labour model's pattern); Polish straight-line tax depreciation — no shift uplift on held capital; SME machinery / investment loan WIBOR 3M 3.82% + 3.9–4.9 pp = 7.72–8.72%, midpoint 8.22% (cooperative bank tariff, Mar 2026); NBP reference rate 3.75% (7 Oct 2026) — a large Tier-1 borrows below this; the book's line build-ups use 4% on half the capex; rent zł20.05/m²/month (warehouse / light-industrial headline rent midpoints: Upper Silesia zł20.12, Wrocław zł18.92, Poznań zł21.10 per m²/month (€3.15–6.00 at zł4.374/€; ceo.com.pl, ~Apr 2026) — mean; CBRE Q2 2026 national €4.7 = zł20.56 agrees; Rzeszów listings only); maintenance the library's own line build-up rule (3.5% of capex); no Polish norm found)",""
"machine","oven-composite-cure","Composite Cure Oven (Fan-Assisted)","67.02","57.41","-14.34","zł/h machine only","updated (Poland operating model; capital held — capex not sourced)","Poland book 2026-10-10: capital HELD at the book's UK × 0.72 (capex not sourced for Poland: the book's capital (UK × 0.72) is HELD — round-2 evidence shows it both ways (aluminium extrusion lines ~2–3× low, press brakes ~4× high in the UK build-ups); the Poland operating model (3 × 8 h hours, straight-line tax life, loan finance, rent, tariff, support at Polish wages) is applied): depreciation × 1.000 (shift pattern), maintenance per running hour held, finance re-rated 4% → 8.22%; 110 m² at zł240.60 (£47.21)/m²/yr, 157,147 kWh at zł0.7022 (£0.1378)/kWh, support at 0.4658 of UK wages, 6,024 h × 0.75 (3 × 8 h, Monday–Friday, 251 working days in 2026 = 6,024 h (the labour model's pattern); Polish straight-line tax depreciation — no shift uplift on held capital; SME machinery / investment loan WIBOR 3M 3.82% + 3.9–4.9 pp = 7.72–8.72%, midpoint 8.22% (cooperative bank tariff, Mar 2026); NBP reference rate 3.75% (7 Oct 2026) — a large Tier-1 borrows below this; the book's line build-ups use 4% on half the capex; rent zł20.05/m²/month (warehouse / light-industrial headline rent midpoints: Upper Silesia zł20.12, Wrocław zł18.92, Poznań zł21.10 per m²/month (€3.15–6.00 at zł4.374/€; ceo.com.pl, ~Apr 2026) — mean; CBRE Q2 2026 national €4.7 = zł20.56 agrees; Rzeszów listings only); maintenance the library's own line build-up rule (3.5% of capex); no Polish norm found)",""
"machine","al-ext-press-800t","Aluminium extrusion line — 800 t direct press, 4"" container","447.28","394.27","-11.85","zł/h machine only","updated (Poland operating model; capital held — capex not sourced)","Poland book 2026-10-10: capital HELD at the book's UK × 0.72 (capex not sourced for Poland: the book's capital (UK × 0.72) is HELD — round-2 evidence shows it both ways (aluminium extrusion lines ~2–3× low, press brakes ~4× high in the UK build-ups); the Poland operating model (3 × 8 h hours, straight-line tax life, loan finance, rent, tariff, support at Polish wages) is applied): depreciation × 1.000 (shift pattern), maintenance per running hour held, finance re-rated 4% → 8.22%; 1680 m² at zł240.60 (£47.21)/m²/yr, 481,920 kWh at zł0.7022 (£0.1378)/kWh, support at 0.4658 of UK wages, 6,024 h × 0.8 (3 × 8 h, Monday–Friday, 251 working days in 2026 = 6,024 h (the labour model's pattern); Polish straight-line tax depreciation — no shift uplift on held capital; SME machinery / investment loan WIBOR 3M 3.82% + 3.9–4.9 pp = 7.72–8.72%, midpoint 8.22% (cooperative bank tariff, Mar 2026); NBP reference rate 3.75% (7 Oct 2026) — a large Tier-1 borrows below this; the book's line build-ups use 4% on half the capex; rent zł20.05/m²/month (warehouse / light-industrial headline rent midpoints: Upper Silesia zł20.12, Wrocław zł18.92, Poznań zł21.10 per m²/month (€3.15–6.00 at zł4.374/€; ceo.com.pl, ~Apr 2026) — mean; CBRE Q2 2026 national €4.7 = zł20.56 agrees; Rzeszów listings only); maintenance the library's own line build-up rule (3.5% of capex); no Polish norm found)",""
"machine","al-ext-press-1450t","Aluminium extrusion line — 1,450 t direct press, 6"" container","719.63","656.72","-8.74","zł/h machine only","updated (Poland operating model; capital held — capex not sourced)","Poland book 2026-10-10: capital HELD at the book's UK × 0.72 (capex not sourced for Poland: the book's capital (UK × 0.72) is HELD — round-2 evidence shows it both ways (aluminium extrusion lines ~2–3× low, press brakes ~4× high in the UK build-ups); the Poland operating model (3 × 8 h hours, straight-line tax life, loan finance, rent, tariff, support at Polish wages) is applied): depreciation × 1.000 (shift pattern), maintenance per running hour held, finance re-rated 4% → 8.22%; 2070 m² at zł240.60 (£47.21)/m²/yr, 867,456 kWh at zł0.7022 (£0.1378)/kWh, support at 0.4658 of UK wages, 6,024 h × 0.8 (3 × 8 h, Monday–Friday, 251 working days in 2026 = 6,024 h (the labour model's pattern); Polish straight-line tax depreciation — no shift uplift on held capital; SME machinery / investment loan WIBOR 3M 3.82% + 3.9–4.9 pp = 7.72–8.72%, midpoint 8.22% (cooperative bank tariff, Mar 2026); NBP reference rate 3.75% (7 Oct 2026) — a large Tier-1 borrows below this; the book's line build-ups use 4% on half the capex; rent zł20.05/m²/month (warehouse / light-industrial headline rent midpoints: Upper Silesia zł20.12, Wrocław zł18.92, Poznań zł21.10 per m²/month (€3.15–6.00 at zł4.374/€; ceo.com.pl, ~Apr 2026) — mean; CBRE Q2 2026 national €4.7 = zł20.56 agrees; Rzeszów listings only); maintenance the library's own line build-up rule (3.5% of capex); no Polish norm found)",""
"machine","al-ext-press-1800t","Aluminium extrusion line — 1,800 t direct press, 7"" container","884.16","816.09","-7.7","zł/h machine only","updated (Poland operating model; capital held — capex not sourced)","Poland book 2026-10-10: capital HELD at the book's UK × 0.72 (capex not sourced for Poland: the book's capital (UK × 0.72) is HELD — round-2 evidence shows it both ways (aluminium extrusion lines ~2–3× low, press brakes ~4× high in the UK build-ups); the Poland operating model (3 × 8 h hours, straight-line tax life, loan finance, rent, tariff, support at Polish wages) is applied): depreciation × 1.000 (shift pattern), maintenance per running hour held, finance re-rated 4% → 8.22%; 2280 m² at zł240.60 (£47.21)/m²/yr, 1,156,608 kWh at zł0.7022 (£0.1378)/kWh, support at 0.4658 of UK wages, 6,024 h × 0.8 (3 × 8 h, Monday–Friday, 251 working days in 2026 = 6,024 h (the labour model's pattern); Polish straight-line tax depreciation — no shift uplift on held capital; SME machinery / investment loan WIBOR 3M 3.82% + 3.9–4.9 pp = 7.72–8.72%, midpoint 8.22% (cooperative bank tariff, Mar 2026); NBP reference rate 3.75% (7 Oct 2026) — a large Tier-1 borrows below this; the book's line build-ups use 4% on half the capex; rent zł20.05/m²/month (warehouse / light-industrial headline rent midpoints: Upper Silesia zł20.12, Wrocław zł18.92, Poznań zł21.10 per m²/month (€3.15–6.00 at zł4.374/€; ceo.com.pl, ~Apr 2026) — mean; CBRE Q2 2026 national €4.7 = zł20.56 agrees; Rzeszów listings only); maintenance the library's own line build-up rule (3.5% of capex); no Polish norm found)",""
"machine","al-ext-press-2500t","Aluminium extrusion line — 2,500 t direct press, 9"" container","1251.73","1174.14","-6.2","zł/h machine only","updated (Poland operating model; capital held — capex not sourced)","Poland book 2026-10-10: capital HELD at the book's UK × 0.72 (capex not sourced for Poland: the book's capital (UK × 0.72) is HELD — round-2 evidence shows it both ways (aluminium extrusion lines ~2–3× low, press brakes ~4× high in the UK build-ups); the Poland operating model (3 × 8 h hours, straight-line tax life, loan finance, rent, tariff, support at Polish wages) is applied): depreciation × 1.000 (shift pattern), maintenance per running hour held, finance re-rated 4% → 8.22%; 2700 m² at zł240.60 (£47.21)/m²/yr, 1,638,528 kWh at zł0.7022 (£0.1378)/kWh, support at 0.4658 of UK wages, 6,024 h × 0.8 (3 × 8 h, Monday–Friday, 251 working days in 2026 = 6,024 h (the labour model's pattern); Polish straight-line tax depreciation — no shift uplift on held capital; SME machinery / investment loan WIBOR 3M 3.82% + 3.9–4.9 pp = 7.72–8.72%, midpoint 8.22% (cooperative bank tariff, Mar 2026); NBP reference rate 3.75% (7 Oct 2026) — a large Tier-1 borrows below this; the book's line build-ups use 4% on half the capex; rent zł20.05/m²/month (warehouse / light-industrial headline rent midpoints: Upper Silesia zł20.12, Wrocław zł18.92, Poznań zł21.10 per m²/month (€3.15–6.00 at zł4.374/€; ceo.com.pl, ~Apr 2026) — mean; CBRE Q2 2026 national €4.7 = zł20.56 agrees; Rzeszów listings only); maintenance the library's own line build-up rule (3.5% of capex); no Polish norm found)",""
"machine","al-ext-press-3600t","Aluminium extrusion line — 3,600 t direct press, 10"" container","1784.67","1691.65","-5.21","zł/h machine only","updated (Poland operating model; capital held — capex not sourced)","Poland book 2026-10-10: capital HELD at the book's UK × 0.72 (capex not sourced for Poland: the book's capital (UK × 0.72) is HELD — round-2 evidence shows it both ways (aluminium extrusion lines ~2–3× low, press brakes ~4× high in the UK build-ups); the Poland operating model (3 × 8 h hours, straight-line tax life, loan finance, rent, tariff, support at Polish wages) is applied): depreciation × 1.000 (shift pattern), maintenance per running hour held, finance re-rated 4% → 8.22%; 3360 m² at zł240.60 (£47.21)/m²/yr, 2,216,832 kWh at zł0.7022 (£0.1378)/kWh, support at 0.4658 of UK wages, 6,024 h × 0.8 (3 × 8 h, Monday–Friday, 251 working days in 2026 = 6,024 h (the labour model's pattern); Polish straight-line tax depreciation — no shift uplift on held capital; SME machinery / investment loan WIBOR 3M 3.82% + 3.9–4.9 pp = 7.72–8.72%, midpoint 8.22% (cooperative bank tariff, Mar 2026); NBP reference rate 3.75% (7 Oct 2026) — a large Tier-1 borrows below this; the book's line build-ups use 4% on half the capex; rent zł20.05/m²/month (warehouse / light-industrial headline rent midpoints: Upper Silesia zł20.12, Wrocław zł18.92, Poznań zł21.10 per m²/month (€3.15–6.00 at zł4.374/€; ceo.com.pl, ~Apr 2026) — mean; CBRE Q2 2026 national €4.7 = zł20.56 agrees; Rzeszów listings only); maintenance the library's own line build-up rule (3.5% of capex); no Polish norm found)",""
"machine","al-ext-press-5500t","Aluminium extrusion line — 5,500 t direct press, 12"" container","2765.6","2647.46","-4.27","zł/h machine only","updated (Poland operating model; capital held — capex not sourced)","Poland book 2026-10-10: capital HELD at the book's UK × 0.72 (capex not sourced for Poland: the book's capital (UK × 0.72) is HELD — round-2 evidence shows it both ways (aluminium extrusion lines ~2–3× low, press brakes ~4× high in the UK build-ups); the Poland operating model (3 × 8 h hours, straight-line tax life, loan finance, rent, tariff, support at Polish wages) is applied): depreciation × 1.000 (shift pattern), maintenance per running hour held, finance re-rated 4% → 8.22%; 4500 m² at zł240.60 (£47.21)/m²/yr, 2,891,520 kWh at zł0.7022 (£0.1378)/kWh, support at 0.4658 of UK wages, 6,024 h × 0.8 (3 × 8 h, Monday–Friday, 251 working days in 2026 = 6,024 h (the labour model's pattern); Polish straight-line tax depreciation — no shift uplift on held capital; SME machinery / investment loan WIBOR 3M 3.82% + 3.9–4.9 pp = 7.72–8.72%, midpoint 8.22% (cooperative bank tariff, Mar 2026); NBP reference rate 3.75% (7 Oct 2026) — a large Tier-1 borrows below this; the book's line build-ups use 4% on half the capex; rent zł20.05/m²/month (warehouse / light-industrial headline rent midpoints: Upper Silesia zł20.12, Wrocław zł18.92, Poznań zł21.10 per m²/month (€3.15–6.00 at zł4.374/€; ceo.com.pl, ~Apr 2026) — mean; CBRE Q2 2026 national €4.7 = zł20.56 agrees; Rzeszów listings only); maintenance the library's own line build-up rule (3.5% of capex); no Polish norm found)",""
"machine","al-ext-press-8000t","Aluminium extrusion line — 8,000 t direct press, 14"" round / flat container (wide panels)","4474.8","4330.52","-3.22","zł/h machine only","updated (Poland operating model; capital held — capex not sourced)","Poland book 2026-10-10: capital HELD at the book's UK × 0.72 (capex not sourced for Poland: the book's capital (UK × 0.72) is HELD — round-2 evidence shows it both ways (aluminium extrusion lines ~2–3× low, press brakes ~4× high in the UK build-ups); the Poland operating model (3 × 8 h hours, straight-line tax life, loan finance, rent, tariff, support at Polish wages) is applied): depreciation × 1.000 (shift pattern), maintenance per running hour held, finance re-rated 4% → 8.22%; 6000 m² at zł240.60 (£47.21)/m²/yr, 3,855,360 kWh at zł0.7022 (£0.1378)/kWh, support at 0.4658 of UK wages, 6,024 h × 0.8 (3 × 8 h, Monday–Friday, 251 working days in 2026 = 6,024 h (the labour model's pattern); Polish straight-line tax depreciation — no shift uplift on held capital; SME machinery / investment loan WIBOR 3M 3.82% + 3.9–4.9 pp = 7.72–8.72%, midpoint 8.22% (cooperative bank tariff, Mar 2026); NBP reference rate 3.75% (7 Oct 2026) — a large Tier-1 borrows below this; the book's line build-ups use 4% on half the capex; rent zł20.05/m²/month (warehouse / light-industrial headline rent midpoints: Upper Silesia zł20.12, Wrocław zł18.92, Poznań zł21.10 per m²/month (€3.15–6.00 at zł4.374/€; ceo.com.pl, ~Apr 2026) — mean; CBRE Q2 2026 national €4.7 = zł20.56 agrees; Rzeszów listings only); maintenance the library's own line build-up rule (3.5% of capex); no Polish norm found)",""
"machine","al-ext-indirect-2800t","Aluminium extrusion line — 2,800 t indirect press, 9"" container (2xxx / 7xxx, seamless tube)","1525.11","1446.48","-5.16","zł/h machine only","updated (Poland operating model; capital held — capex not sourced)","Poland book 2026-10-10: capital HELD at the book's UK × 0.72 (capex not sourced for Poland: the book's capital (UK × 0.72) is HELD — round-2 evidence shows it both ways (aluminium extrusion lines ~2–3× low, press brakes ~4× high in the UK build-ups); the Poland operating model (3 × 8 h hours, straight-line tax life, loan finance, rent, tariff, support at Polish wages) is applied): depreciation × 1.000 (shift pattern), maintenance per running hour held, finance re-rated 4% → 8.22%; 2880 m² at zł240.60 (£47.21)/m²/yr, 1,156,608 kWh at zł0.7022 (£0.1378)/kWh, support at 0.4658 of UK wages, 6,024 h × 0.8 (3 × 8 h, Monday–Friday, 251 working days in 2026 = 6,024 h (the labour model's pattern); Polish straight-line tax depreciation — no shift uplift on held capital; SME machinery / investment loan WIBOR 3M 3.82% + 3.9–4.9 pp = 7.72–8.72%, midpoint 8.22% (cooperative bank tariff, Mar 2026); NBP reference rate 3.75% (7 Oct 2026) — a large Tier-1 borrows below this; the book's line build-ups use 4% on half the capex; rent zł20.05/m²/month (warehouse / light-industrial headline rent midpoints: Upper Silesia zł20.12, Wrocław zł18.92, Poznań zł21.10 per m²/month (€3.15–6.00 at zł4.374/€; ceo.com.pl, ~Apr 2026) — mean; CBRE Q2 2026 national €4.7 = zł20.56 agrees; Rzeszów listings only); maintenance the library's own line build-up rule (3.5% of capex); no Polish norm found)",""
"machine","al-ext-hydrostatic-1600t","Aluminium extrusion line — 1,600 t hydrostatic press (high ratio, clad wire / fine sections)","1512.01","1459.69","-3.46","zł/h machine only","updated (Poland operating model; capital held — capex not sourced)","Poland book 2026-10-10: capital HELD at the book's UK × 0.72 (capex not sourced for Poland: the book's capital (UK × 0.72) is HELD — round-2 evidence shows it both ways (aluminium extrusion lines ~2–3× low, press brakes ~4× high in the UK build-ups); the Poland operating model (3 × 8 h hours, straight-line tax life, loan finance, rent, tariff, support at Polish wages) is applied): depreciation × 1.000 (shift pattern), maintenance per running hour held, finance re-rated 4% → 8.22%; 2160 m² at zł240.60 (£47.21)/m²/yr, 578,304 kWh at zł0.7022 (£0.1378)/kWh, support at 0.4658 of UK wages, 6,024 h × 0.8 (3 × 8 h, Monday–Friday, 251 working days in 2026 = 6,024 h (the labour model's pattern); Polish straight-line tax depreciation — no shift uplift on held capital; SME machinery / investment loan WIBOR 3M 3.82% + 3.9–4.9 pp = 7.72–8.72%, midpoint 8.22% (cooperative bank tariff, Mar 2026); NBP reference rate 3.75% (7 Oct 2026) — a large Tier-1 borrows below this; the book's line build-ups use 4% on half the capex; rent zł20.05/m²/month (warehouse / light-industrial headline rent midpoints: Upper Silesia zł20.12, Wrocław zł18.92, Poznań zł21.10 per m²/month (€3.15–6.00 at zł4.374/€; ceo.com.pl, ~Apr 2026) — mean; CBRE Q2 2026 national €4.7 = zł20.56 agrees; Rzeszów listings only); maintenance the library's own line build-up rule (3.5% of capex); no Polish norm found)",""
"machine","al-conform-c400","Conform C400 continuous extrusion line (9.5–25 mm rod feed)","627.57","617.66","-1.58","zł/h machine only","updated (Poland operating model; capital held — capex not sourced)","Poland book 2026-10-10: capital HELD at the book's UK × 0.72 (capex not sourced for Poland: the book's capital (UK × 0.72) is HELD — round-2 evidence shows it both ways (aluminium extrusion lines ~2–3× low, press brakes ~4× high in the UK build-ups); the Poland operating model (3 × 8 h hours, straight-line tax life, loan finance, rent, tariff, support at Polish wages) is applied): depreciation × 1.000 (shift pattern), maintenance per running hour held, finance re-rated 4% → 8.22%; 500 m² at zł240.60 (£47.21)/m²/yr, 1,686,720 kWh at zł0.7022 (£0.1378)/kWh, support at 0.4658 of UK wages, 6,024 h × 0.8 (3 × 8 h, Monday–Friday, 251 working days in 2026 = 6,024 h (the labour model's pattern); Polish straight-line tax depreciation — no shift uplift on held capital; SME machinery / investment loan WIBOR 3M 3.82% + 3.9–4.9 pp = 7.72–8.72%, midpoint 8.22% (cooperative bank tariff, Mar 2026); NBP reference rate 3.75% (7 Oct 2026) — a large Tier-1 borrows below this; the book's line build-ups use 4% on half the capex; rent zł20.05/m²/month (warehouse / light-industrial headline rent midpoints: Upper Silesia zł20.12, Wrocław zł18.92, Poznań zł21.10 per m²/month (€3.15–6.00 at zł4.374/€; ceo.com.pl, ~Apr 2026) — mean; CBRE Q2 2026 national €4.7 = zł20.56 agrees; Rzeszów listings only); maintenance the library's own line build-up rule (3.5% of capex); no Polish norm found)",""
"machine","al-impact-press-800t","800 t mechanical impact-extrusion press","579.21","573.35","-1.01","zł/h machine only","updated (Poland operating model; capital held — capex not sourced)","Poland book 2026-10-10: capital HELD at the book's UK × 0.72 (capex not sourced for Poland: the book's capital (UK × 0.72) is HELD — round-2 evidence shows it both ways (aluminium extrusion lines ~2–3× low, press brakes ~4× high in the UK build-ups); the Poland operating model (3 × 8 h hours, straight-line tax life, loan finance, rent, tariff, support at Polish wages) is applied): depreciation × 1.000 (shift pattern), maintenance per running hour held, finance re-rated 4% → 8.22%; 400 m² at zł240.60 (£47.21)/m²/yr, 867,456 kWh at zł0.7022 (£0.1378)/kWh, support at 0.4658 of UK wages, 6,024 h × 0.8 (3 × 8 h, Monday–Friday, 251 working days in 2026 = 6,024 h (the labour model's pattern); Polish straight-line tax depreciation — no shift uplift on held capital; SME machinery / investment loan WIBOR 3M 3.82% + 3.9–4.9 pp = 7.72–8.72%, midpoint 8.22% (cooperative bank tariff, Mar 2026); NBP reference rate 3.75% (7 Oct 2026) — a large Tier-1 borrows below this; the book's line build-ups use 4% on half the capex; rent zł20.05/m²/month (warehouse / light-industrial headline rent midpoints: Upper Silesia zł20.12, Wrocław zł18.92, Poznań zł21.10 per m²/month (€3.15–6.00 at zł4.374/€; ceo.com.pl, ~Apr 2026) — mean; CBRE Q2 2026 national €4.7 = zł20.56 agrees; Rzeszów listings only); maintenance the library's own line build-up rule (3.5% of capex); no Polish norm found)",""
"machine","al-age-oven-batch","Batch ageing oven (T5 / T6)","116.79","109.75","-6.03","zł/h machine only","updated (Poland operating model; capital held — capex not sourced)","Poland book 2026-10-10: capital HELD at the book's UK × 0.72 (capex not sourced for Poland: the book's capital (UK × 0.72) is HELD — round-2 evidence shows it both ways (aluminium extrusion lines ~2–3× low, press brakes ~4× high in the UK build-ups); the Poland operating model (3 × 8 h hours, straight-line tax life, loan finance, rent, tariff, support at Polish wages) is applied): depreciation × 1.000 (shift pattern), maintenance per running hour held, finance re-rated 4% → 8.22%; 250 m² at zł240.60 (£47.21)/m²/yr, 72,288 kWh at zł0.7022 (£0.1378)/kWh, support at 0.4658 of UK wages, 6,024 h × 0.8 (3 × 8 h, Monday–Friday, 251 working days in 2026 = 6,024 h (the labour model's pattern); Polish straight-line tax depreciation — no shift uplift on held capital; SME machinery / investment loan WIBOR 3M 3.82% + 3.9–4.9 pp = 7.72–8.72%, midpoint 8.22% (cooperative bank tariff, Mar 2026); NBP reference rate 3.75% (7 Oct 2026) — a large Tier-1 borrows below this; the book's line build-ups use 4% on half the capex; rent zł20.05/m²/month (warehouse / light-industrial headline rent midpoints: Upper Silesia zł20.12, Wrocław zł18.92, Poznań zł21.10 per m²/month (€3.15–6.00 at zł4.374/€; ceo.com.pl, ~Apr 2026) — mean; CBRE Q2 2026 national €4.7 = zł20.56 agrees; Rzeszów listings only); maintenance the library's own line build-up rule (3.5% of capex); no Polish norm found)",""
"machine","al-sht-drop-furnace","Vertical drop-quench solution heat-treatment furnace","382.05","377.34","-1.23","zł/h machine only","updated (Poland operating model; capital held — capex not sourced)","Poland book 2026-10-10: capital HELD at the book's UK × 0.72 (capex not sourced for Poland: the book's capital (UK × 0.72) is HELD — round-2 evidence shows it both ways (aluminium extrusion lines ~2–3× low, press brakes ~4× high in the UK build-ups); the Poland operating model (3 × 8 h hours, straight-line tax life, loan finance, rent, tariff, support at Polish wages) is applied): depreciation × 1.000 (shift pattern), maintenance per running hour held, finance re-rated 4% → 8.22%; 300 m² at zł240.60 (£47.21)/m²/yr, 289,152 kWh at zł0.7022 (£0.1378)/kWh, support at 0.4658 of UK wages, 6,024 h × 0.8 (3 × 8 h, Monday–Friday, 251 working days in 2026 = 6,024 h (the labour model's pattern); Polish straight-line tax depreciation — no shift uplift on held capital; SME machinery / investment loan WIBOR 3M 3.82% + 3.9–4.9 pp = 7.72–8.72%, midpoint 8.22% (cooperative bank tariff, Mar 2026); NBP reference rate 3.75% (7 Oct 2026) — a large Tier-1 borrows below this; the book's line build-ups use 4% on half the capex; rent zł20.05/m²/month (warehouse / light-industrial headline rent midpoints: Upper Silesia zł20.12, Wrocław zł18.92, Poznań zł21.10 per m²/month (€3.15–6.00 at zł4.374/€; ceo.com.pl, ~Apr 2026) — mean; CBRE Q2 2026 national €4.7 = zł20.56 agrees; Rzeszów listings only); maintenance the library's own line build-up rule (3.5% of capex); no Polish norm found)",""
"machine","al-cnc-profile-centre","5-axis long-bed profile machining centre (7 m)","164.02","122.48","-25.33","zł/h machine only","updated (Poland operating model; capital held — capex not sourced)","Poland book 2026-10-10: capital HELD at the book's UK × 0.72 (capex not sourced for Poland: the book's capital (UK × 0.72) is HELD — round-2 evidence shows it both ways (aluminium extrusion lines ~2–3× low, press brakes ~4× high in the UK build-ups); the Poland operating model (3 × 8 h hours, straight-line tax life, loan finance, rent, tariff, support at Polish wages) is applied): depreciation × 1.000 (shift pattern), maintenance per running hour held, finance re-rated 4% → 8.22%; 120 m² at zł240.60 (£47.21)/m²/yr, 144,576 kWh at zł0.7022 (£0.1378)/kWh, support at 0.4658 of UK wages, 6,024 h × 0.8 (3 × 8 h, Monday–Friday, 251 working days in 2026 = 6,024 h (the labour model's pattern); Polish straight-line tax depreciation — no shift uplift on held capital; SME machinery / investment loan WIBOR 3M 3.82% + 3.9–4.9 pp = 7.72–8.72%, midpoint 8.22% (cooperative bank tariff, Mar 2026); NBP reference rate 3.75% (7 Oct 2026) — a large Tier-1 borrows below this; the book's line build-ups use 4% on half the capex; rent zł20.05/m²/month (warehouse / light-industrial headline rent midpoints: Upper Silesia zł20.12, Wrocław zł18.92, Poznań zł21.10 per m²/month (€3.15–6.00 at zł4.374/€; ceo.com.pl, ~Apr 2026) — mean; CBRE Q2 2026 national €4.7 = zł20.56 agrees; Rzeszów listings only); maintenance the library's own line build-up rule (3.5% of capex); no Polish norm found)",""
"machine","al-ctl-saw","Automatic precision cut-to-length saw (bundle cutting, deburr)","65.13","47.32","-27.35","zł/h machine only","updated (Poland operating model; capital held — capex not sourced)","Poland book 2026-10-10: capital HELD at the book's UK × 0.72 (capex not sourced for Poland: the book's capital (UK × 0.72) is HELD — round-2 evidence shows it both ways (aluminium extrusion lines ~2–3× low, press brakes ~4× high in the UK build-ups); the Poland operating model (3 × 8 h hours, straight-line tax life, loan finance, rent, tariff, support at Polish wages) is applied): depreciation × 1.000 (shift pattern), maintenance per running hour held, finance re-rated 4% → 8.22%; 90 m² at zł240.60 (£47.21)/m²/yr, 72,288 kWh at zł0.7022 (£0.1378)/kWh, support at 0.4658 of UK wages, 6,024 h × 0.8 (3 × 8 h, Monday–Friday, 251 working days in 2026 = 6,024 h (the labour model's pattern); Polish straight-line tax depreciation — no shift uplift on held capital; SME machinery / investment loan WIBOR 3M 3.82% + 3.9–4.9 pp = 7.72–8.72%, midpoint 8.22% (cooperative bank tariff, Mar 2026); NBP reference rate 3.75% (7 Oct 2026) — a large Tier-1 borrows below this; the book's line build-ups use 4% on half the capex; rent zł20.05/m²/month (warehouse / light-industrial headline rent midpoints: Upper Silesia zł20.12, Wrocław zł18.92, Poznań zł21.10 per m²/month (€3.15–6.00 at zł4.374/€; ceo.com.pl, ~Apr 2026) — mean; CBRE Q2 2026 national €4.7 = zł20.56 agrees; Rzeszów listings only); maintenance the library's own line build-up rule (3.5% of capex); no Polish norm found)",""
"machine","al-stretch-bender","CNC stretch-bending machine (3D, sweep)","269.67","199.56","-26","zł/h machine only","updated (Poland operating model; capital held — capex not sourced)","Poland book 2026-10-10: capital HELD at the book's UK × 0.72 (capex not sourced for Poland: the book's capital (UK × 0.72) is HELD — round-2 evidence shows it both ways (aluminium extrusion lines ~2–3× low, press brakes ~4× high in the UK build-ups); the Poland operating model (3 × 8 h hours, straight-line tax life, loan finance, rent, tariff, support at Polish wages) is applied): depreciation × 1.000 (shift pattern), maintenance per running hour held, finance re-rated 4% → 8.22%; 200 m² at zł240.60 (£47.21)/m²/yr, 192,768 kWh at zł0.7022 (£0.1378)/kWh, support at 0.4658 of UK wages, 6,024 h × 0.8 (3 × 8 h, Monday–Friday, 251 working days in 2026 = 6,024 h (the labour model's pattern); Polish straight-line tax depreciation — no shift uplift on held capital; SME machinery / investment loan WIBOR 3M 3.82% + 3.9–4.9 pp = 7.72–8.72%, midpoint 8.22% (cooperative bank tariff, Mar 2026); NBP reference rate 3.75% (7 Oct 2026) — a large Tier-1 borrows below this; the book's line build-ups use 4% on half the capex; rent zł20.05/m²/month (warehouse / light-industrial headline rent midpoints: Upper Silesia zł20.12, Wrocław zł18.92, Poznań zł21.10 per m²/month (€3.15–6.00 at zł4.374/€; ceo.com.pl, ~Apr 2026) — mean; CBRE Q2 2026 national €4.7 = zł20.56 agrees; Rzeszów listings only); maintenance the library's own line build-up rule (3.5% of capex); no Polish norm found)",""
"machine","al-anodise-line","Anodising line (sulphuric, 10–25 µm, seal)","956.52","916.19","-4.22","zł/h machine only","updated (Poland operating model; capital held — capex not sourced)","Poland book 2026-10-10: capital HELD at the book's UK × 0.72 (capex not sourced for Poland: the book's capital (UK × 0.72) is HELD — round-2 evidence shows it both ways (aluminium extrusion lines ~2–3× low, press brakes ~4× high in the UK build-ups); the Poland operating model (3 × 8 h hours, straight-line tax life, loan finance, rent, tariff, support at Polish wages) is applied): depreciation × 1.000 (shift pattern), maintenance per running hour held, finance re-rated 4% → 8.22%; 1500 m² at zł240.60 (£47.21)/m²/yr, 1,927,680 kWh at zł0.7022 (£0.1378)/kWh, support at 0.4658 of UK wages, 6,024 h × 0.8 (3 × 8 h, Monday–Friday, 251 working days in 2026 = 6,024 h (the labour model's pattern); Polish straight-line tax depreciation — no shift uplift on held capital; SME machinery / investment loan WIBOR 3M 3.82% + 3.9–4.9 pp = 7.72–8.72%, midpoint 8.22% (cooperative bank tariff, Mar 2026); NBP reference rate 3.75% (7 Oct 2026) — a large Tier-1 borrows below this; the book's line build-ups use 4% on half the capex; rent zł20.05/m²/month (warehouse / light-industrial headline rent midpoints: Upper Silesia zł20.12, Wrocław zł18.92, Poznań zł21.10 per m²/month (€3.15–6.00 at zł4.374/€; ceo.com.pl, ~Apr 2026) — mean; CBRE Q2 2026 national €4.7 = zł20.56 agrees; Rzeszów listings only); maintenance the library's own line build-up rule (3.5% of capex); no Polish norm found)",""
"machine","al-powder-line","Vertical powder-coating line (pretreat + cure)","677.77","644.18","-4.96","zł/h machine only","updated (Poland operating model; capital held — capex not sourced)","Poland book 2026-10-10: capital HELD at the book's UK × 0.72 (capex not sourced for Poland: the book's capital (UK × 0.72) is HELD — round-2 evidence shows it both ways (aluminium extrusion lines ~2–3× low, press brakes ~4× high in the UK build-ups); the Poland operating model (3 × 8 h hours, straight-line tax life, loan finance, rent, tariff, support at Polish wages) is applied): depreciation × 1.000 (shift pattern), maintenance per running hour held, finance re-rated 4% → 8.22%; 1200 m² at zł240.60 (£47.21)/m²/yr, 1,445,760 kWh at zł0.7022 (£0.1378)/kWh, support at 0.4658 of UK wages, 6,024 h × 0.8 (3 × 8 h, Monday–Friday, 251 working days in 2026 = 6,024 h (the labour model's pattern); Polish straight-line tax depreciation — no shift uplift on held capital; SME machinery / investment loan WIBOR 3M 3.82% + 3.9–4.9 pp = 7.72–8.72%, midpoint 8.22% (cooperative bank tariff, Mar 2026); NBP reference rate 3.75% (7 Oct 2026) — a large Tier-1 borrows below this; the book's line build-ups use 4% on half the capex; rent zł20.05/m²/month (warehouse / light-industrial headline rent midpoints: Upper Silesia zł20.12, Wrocław zł18.92, Poznań zł21.10 per m²/month (€3.15–6.00 at zł4.374/€; ceo.com.pl, ~Apr 2026) — mean; CBRE Q2 2026 national €4.7 = zł20.56 agrees; Rzeszów listings only); maintenance the library's own line build-up rule (3.5% of capex); no Polish norm found)",""
"machine","al-ecoat-line","E-coat / conversion-coat line (chrome-free, for bonding)","804.53","772.7","-3.96","zł/h machine only","updated (Poland operating model; capital held — capex not sourced)","Poland book 2026-10-10: capital HELD at the book's UK × 0.72 (capex not sourced for Poland: the book's capital (UK × 0.72) is HELD — round-2 evidence shows it both ways (aluminium extrusion lines ~2–3× low, press brakes ~4× high in the UK build-ups); the Poland operating model (3 × 8 h hours, straight-line tax life, loan finance, rent, tariff, support at Polish wages) is applied): depreciation × 1.000 (shift pattern), maintenance per running hour held, finance re-rated 4% → 8.22%; 1200 m² at zł240.60 (£47.21)/m²/yr, 1,686,720 kWh at zł0.7022 (£0.1378)/kWh, support at 0.4658 of UK wages, 6,024 h × 0.8 (3 × 8 h, Monday–Friday, 251 working days in 2026 = 6,024 h (the labour model's pattern); Polish straight-line tax depreciation — no shift uplift on held capital; SME machinery / investment loan WIBOR 3M 3.82% + 3.9–4.9 pp = 7.72–8.72%, midpoint 8.22% (cooperative bank tariff, Mar 2026); NBP reference rate 3.75% (7 Oct 2026) — a large Tier-1 borrows below this; the book's line build-ups use 4% on half the capex; rent zł20.05/m²/month (warehouse / light-industrial headline rent midpoints: Upper Silesia zł20.12, Wrocław zł18.92, Poznań zł21.10 per m²/month (€3.15–6.00 at zł4.374/€; ceo.com.pl, ~Apr 2026) — mean; CBRE Q2 2026 national €4.7 = zł20.56 agrees; Rzeszów listings only); maintenance the library's own line build-up rule (3.5% of capex); no Polish norm found)",""
"machine","bat-cell-ocv-tester","Cell incoming OCV / IR test station","49.08","48.27","-1.65","zł/h machine only","updated (Poland operating model; capital held — capex not sourced)","Poland book 2026-10-10: capital HELD at the book's UK × 0.72 (capex not sourced for Poland: the book's capital (UK × 0.72) is HELD — round-2 evidence shows it both ways (aluminium extrusion lines ~2–3× low, press brakes ~4× high in the UK build-ups); the Poland operating model (3 × 8 h hours, straight-line tax life, loan finance, rent, tariff, support at Polish wages) is applied): depreciation × 1.000 (shift pattern), maintenance per running hour held, finance re-rated 4% → 8.22%; 40 m² at zł240.60 (£47.21)/m²/yr, 38,555 kWh at zł0.7022 (£0.1378)/kWh, support at 0.4658 of UK wages, 6,024 h × 0.8 (3 × 8 h, Monday–Friday, 251 working days in 2026 = 6,024 h (the labour model's pattern); Polish straight-line tax depreciation — no shift uplift on held capital; SME machinery / investment loan WIBOR 3M 3.82% + 3.9–4.9 pp = 7.72–8.72%, midpoint 8.22% (cooperative bank tariff, Mar 2026); NBP reference rate 3.75% (7 Oct 2026) — a large Tier-1 borrows below this; the book's line build-ups use 4% on half the capex; rent zł20.05/m²/month (warehouse / light-industrial headline rent midpoints: Upper Silesia zł20.12, Wrocław zł18.92, Poznań zł21.10 per m²/month (€3.15–6.00 at zł4.374/€; ceo.com.pl, ~Apr 2026) — mean; CBRE Q2 2026 national €4.7 = zł20.56 agrees; Rzeszów listings only); maintenance the library's own line build-up rule (3.5% of capex); no Polish norm found)",""
"machine","bat-module-stacking","Cell stacking + compression line","679.25","673.44","-0.86","zł/h machine only","updated (Poland operating model; capital held — capex not sourced)","Poland book 2026-10-10: capital HELD at the book's UK × 0.72 (capex not sourced for Poland: the book's capital (UK × 0.72) is HELD — round-2 evidence shows it both ways (aluminium extrusion lines ~2–3× low, press brakes ~4× high in the UK build-ups); the Poland operating model (3 × 8 h hours, straight-line tax life, loan finance, rent, tariff, support at Polish wages) is applied): depreciation × 1.000 (shift pattern), maintenance per running hour held, finance re-rated 4% → 8.22%; 400 m² at zł240.60 (£47.21)/m²/yr, 578,304 kWh at zł0.7022 (£0.1378)/kWh, support at 0.4658 of UK wages, 6,024 h × 0.8 (3 × 8 h, Monday–Friday, 251 working days in 2026 = 6,024 h (the labour model's pattern); Polish straight-line tax depreciation — no shift uplift on held capital; SME machinery / investment loan WIBOR 3M 3.82% + 3.9–4.9 pp = 7.72–8.72%, midpoint 8.22% (cooperative bank tariff, Mar 2026); NBP reference rate 3.75% (7 Oct 2026) — a large Tier-1 borrows below this; the book's line build-ups use 4% on half the capex; rent zł20.05/m²/month (warehouse / light-industrial headline rent midpoints: Upper Silesia zł20.12, Wrocław zł18.92, Poznań zł21.10 per m²/month (€3.15–6.00 at zł4.374/€; ceo.com.pl, ~Apr 2026) — mean; CBRE Q2 2026 national €4.7 = zł20.56 agrees; Rzeszów listings only); maintenance the library's own line build-up rule (3.5% of capex); no Polish norm found)",""
"machine","bat-laser-weld","Busbar laser welding cell (scanner)","241.24","241.28","0.02","zł/h machine only","updated (Poland operating model; capital held — capex not sourced)","Poland book 2026-10-10: capital HELD at the book's UK × 0.72 (capex not sourced for Poland: the book's capital (UK × 0.72) is HELD — round-2 evidence shows it both ways (aluminium extrusion lines ~2–3× low, press brakes ~4× high in the UK build-ups); the Poland operating model (3 × 8 h hours, straight-line tax life, loan finance, rent, tariff, support at Polish wages) is applied): depreciation × 1.000 (shift pattern), maintenance per running hour held, finance re-rated 4% → 8.22%; 80 m² at zł240.60 (£47.21)/m²/yr, 289,152 kWh at zł0.7022 (£0.1378)/kWh, support at 0.4658 of UK wages, 6,024 h × 0.8 (3 × 8 h, Monday–Friday, 251 working days in 2026 = 6,024 h (the labour model's pattern); Polish straight-line tax depreciation — no shift uplift on held capital; SME machinery / investment loan WIBOR 3M 3.82% + 3.9–4.9 pp = 7.72–8.72%, midpoint 8.22% (cooperative bank tariff, Mar 2026); NBP reference rate 3.75% (7 Oct 2026) — a large Tier-1 borrows below this; the book's line build-ups use 4% on half the capex; rent zł20.05/m²/month (warehouse / light-industrial headline rent midpoints: Upper Silesia zł20.12, Wrocław zł18.92, Poznań zł21.10 per m²/month (€3.15–6.00 at zł4.374/€; ceo.com.pl, ~Apr 2026) — mean; CBRE Q2 2026 national €4.7 = zł20.56 agrees; Rzeszów listings only); maintenance the library's own line build-up rule (3.5% of capex); no Polish norm found)",""
"machine","bat-module-eol","Module end-of-line tester","78.05","77.58","-0.6","zł/h machine only","updated (Poland operating model; capital held — capex not sourced)","Poland book 2026-10-10: capital HELD at the book's UK × 0.72 (capex not sourced for Poland: the book's capital (UK × 0.72) is HELD — round-2 evidence shows it both ways (aluminium extrusion lines ~2–3× low, press brakes ~4× high in the UK build-ups); the Poland operating model (3 × 8 h hours, straight-line tax life, loan finance, rent, tariff, support at Polish wages) is applied): depreciation × 1.000 (shift pattern), maintenance per running hour held, finance re-rated 4% → 8.22%; 40 m² at zł240.60 (£47.21)/m²/yr, 72,288 kWh at zł0.7022 (£0.1378)/kWh, support at 0.4658 of UK wages, 6,024 h × 0.8 (3 × 8 h, Monday–Friday, 251 working days in 2026 = 6,024 h (the labour model's pattern); Polish straight-line tax depreciation — no shift uplift on held capital; SME machinery / investment loan WIBOR 3M 3.82% + 3.9–4.9 pp = 7.72–8.72%, midpoint 8.22% (cooperative bank tariff, Mar 2026); NBP reference rate 3.75% (7 Oct 2026) — a large Tier-1 borrows below this; the book's line build-ups use 4% on half the capex; rent zł20.05/m²/month (warehouse / light-industrial headline rent midpoints: Upper Silesia zł20.12, Wrocław zł18.92, Poznań zł21.10 per m²/month (€3.15–6.00 at zł4.374/€; ceo.com.pl, ~Apr 2026) — mean; CBRE Q2 2026 national €4.7 = zł20.56 agrees; Rzeszów listings only); maintenance the library's own line build-up rule (3.5% of capex); no Polish norm found)",""
"machine","bat-dispense","Gap-filler / adhesive dispensing cell","82.38","81.59","-0.96","zł/h machine only","updated (Poland operating model; capital held — capex not sourced)","Poland book 2026-10-10: capital HELD at the book's UK × 0.72 (capex not sourced for Poland: the book's capital (UK × 0.72) is HELD — round-2 evidence shows it both ways (aluminium extrusion lines ~2–3× low, press brakes ~4× high in the UK build-ups); the Poland operating model (3 × 8 h hours, straight-line tax life, loan finance, rent, tariff, support at Polish wages) is applied): depreciation × 1.000 (shift pattern), maintenance per running hour held, finance re-rated 4% → 8.22%; 50 m² at zł240.60 (£47.21)/m²/yr, 96,384 kWh at zł0.7022 (£0.1378)/kWh, support at 0.4658 of UK wages, 6,024 h × 0.8 (3 × 8 h, Monday–Friday, 251 working days in 2026 = 6,024 h (the labour model's pattern); Polish straight-line tax depreciation — no shift uplift on held capital; SME machinery / investment loan WIBOR 3M 3.82% + 3.9–4.9 pp = 7.72–8.72%, midpoint 8.22% (cooperative bank tariff, Mar 2026); NBP reference rate 3.75% (7 Oct 2026) — a large Tier-1 borrows below this; the book's line build-ups use 4% on half the capex; rent zł20.05/m²/month (warehouse / light-industrial headline rent midpoints: Upper Silesia zł20.12, Wrocław zł18.92, Poznań zł21.10 per m²/month (€3.15–6.00 at zł4.374/€; ceo.com.pl, ~Apr 2026) — mean; CBRE Q2 2026 national €4.7 = zł20.56 agrees; Rzeszów listings only); maintenance the library's own line build-up rule (3.5% of capex); no Polish norm found)",""
"machine","bat-pack-assembly","Pack assembly station (semi-automatic)","129.87","126.13","-2.88","zł/h machine only","updated (Poland operating model; capital held — capex not sourced)","Poland book 2026-10-10: capital HELD at the book's UK × 0.72 (capex not sourced for Poland: the book's capital (UK × 0.72) is HELD — round-2 evidence shows it both ways (aluminium extrusion lines ~2–3× low, press brakes ~4× high in the UK build-ups); the Poland operating model (3 × 8 h hours, straight-line tax life, loan finance, rent, tariff, support at Polish wages) is applied): depreciation × 1.000 (shift pattern), maintenance per running hour held, finance re-rated 4% → 8.22%; 150 m² at zł240.60 (£47.21)/m²/yr, 144,576 kWh at zł0.7022 (£0.1378)/kWh, support at 0.4658 of UK wages, 6,024 h × 0.8 (3 × 8 h, Monday–Friday, 251 working days in 2026 = 6,024 h (the labour model's pattern); Polish straight-line tax depreciation — no shift uplift on held capital; SME machinery / investment loan WIBOR 3M 3.82% + 3.9–4.9 pp = 7.72–8.72%, midpoint 8.22% (cooperative bank tariff, Mar 2026); NBP reference rate 3.75% (7 Oct 2026) — a large Tier-1 borrows below this; the book's line build-ups use 4% on half the capex; rent zł20.05/m²/month (warehouse / light-industrial headline rent midpoints: Upper Silesia zł20.12, Wrocław zł18.92, Poznań zł21.10 per m²/month (€3.15–6.00 at zł4.374/€; ceo.com.pl, ~Apr 2026) — mean; CBRE Q2 2026 national €4.7 = zł20.56 agrees; Rzeszów listings only); maintenance the library's own line build-up rule (3.5% of capex); no Polish norm found)",""
"machine","bat-leak-test","Pack / coolant-circuit leak tester (helium)","58.5","57.81","-1.18","zł/h machine only","updated (Poland operating model; capital held — capex not sourced)","Poland book 2026-10-10: capital HELD at the book's UK × 0.72 (capex not sourced for Poland: the book's capital (UK × 0.72) is HELD — round-2 evidence shows it both ways (aluminium extrusion lines ~2–3× low, press brakes ~4× high in the UK build-ups); the Poland operating model (3 × 8 h hours, straight-line tax life, loan finance, rent, tariff, support at Polish wages) is applied): depreciation × 1.000 (shift pattern), maintenance per running hour held, finance re-rated 4% → 8.22%; 40 m² at zł240.60 (£47.21)/m²/yr, 48,192 kWh at zł0.7022 (£0.1378)/kWh, support at 0.4658 of UK wages, 6,024 h × 0.8 (3 × 8 h, Monday–Friday, 251 working days in 2026 = 6,024 h (the labour model's pattern); Polish straight-line tax depreciation — no shift uplift on held capital; SME machinery / investment loan WIBOR 3M 3.82% + 3.9–4.9 pp = 7.72–8.72%, midpoint 8.22% (cooperative bank tariff, Mar 2026); NBP reference rate 3.75% (7 Oct 2026) — a large Tier-1 borrows below this; the book's line build-ups use 4% on half the capex; rent zł20.05/m²/month (warehouse / light-industrial headline rent midpoints: Upper Silesia zł20.12, Wrocław zł18.92, Poznań zł21.10 per m²/month (€3.15–6.00 at zł4.374/€; ceo.com.pl, ~Apr 2026) — mean; CBRE Q2 2026 national €4.7 = zł20.56 agrees; Rzeszów listings only); maintenance the library's own line build-up rule (3.5% of capex); no Polish norm found)",""
"machine","bat-pack-eol","Pack end-of-line tester (HiPot, isolation, BMS, charge / discharge)","207.05","206.54","-0.25","zł/h machine only","updated (Poland operating model; capital held — capex not sourced)","Poland book 2026-10-10: capital HELD at the book's UK × 0.72 (capex not sourced for Poland: the book's capital (UK × 0.72) is HELD — round-2 evidence shows it both ways (aluminium extrusion lines ~2–3× low, press brakes ~4× high in the UK build-ups); the Poland operating model (3 × 8 h hours, straight-line tax life, loan finance, rent, tariff, support at Polish wages) is applied): depreciation × 1.000 (shift pattern), maintenance per running hour held, finance re-rated 4% → 8.22%; 80 m² at zł240.60 (£47.21)/m²/yr, 385,536 kWh at zł0.7022 (£0.1378)/kWh, support at 0.4658 of UK wages, 6,024 h × 0.8 (3 × 8 h, Monday–Friday, 251 working days in 2026 = 6,024 h (the labour model's pattern); Polish straight-line tax depreciation — no shift uplift on held capital; SME machinery / investment loan WIBOR 3M 3.82% + 3.9–4.9 pp = 7.72–8.72%, midpoint 8.22% (cooperative bank tariff, Mar 2026); NBP reference rate 3.75% (7 Oct 2026) — a large Tier-1 borrows below this; the book's line build-ups use 4% on half the capex; rent zł20.05/m²/month (warehouse / light-industrial headline rent midpoints: Upper Silesia zł20.12, Wrocław zł18.92, Poznań zł21.10 per m²/month (€3.15–6.00 at zł4.374/€; ceo.com.pl, ~Apr 2026) — mean; CBRE Q2 2026 national €4.7 = zł20.56 agrees; Rzeszów listings only); maintenance the library's own line build-up rule (3.5% of capex); no Polish norm found)",""
"machine","emot-lamination-press","High-speed lamination press (progressive die, 300 spm)","527.05","524.39","-0.5","zł/h machine only","updated (Poland operating model; capital held — capex not sourced)","Poland book 2026-10-10: capital HELD at the book's UK × 0.72 (capex not sourced for Poland: the book's capital (UK × 0.72) is HELD — round-2 evidence shows it both ways (aluminium extrusion lines ~2–3× low, press brakes ~4× high in the UK build-ups); the Poland operating model (3 × 8 h hours, straight-line tax life, loan finance, rent, tariff, support at Polish wages) is applied): depreciation × 1.000 (shift pattern), maintenance per running hour held, finance re-rated 4% → 8.22%; 250 m² at zł240.60 (£47.21)/m²/yr, 722,880 kWh at zł0.7022 (£0.1378)/kWh, support at 0.4658 of UK wages, 6,024 h × 0.8 (3 × 8 h, Monday–Friday, 251 working days in 2026 = 6,024 h (the labour model's pattern); Polish straight-line tax depreciation — no shift uplift on held capital; SME machinery / investment loan WIBOR 3M 3.82% + 3.9–4.9 pp = 7.72–8.72%, midpoint 8.22% (cooperative bank tariff, Mar 2026); NBP reference rate 3.75% (7 Oct 2026) — a large Tier-1 borrows below this; the book's line build-ups use 4% on half the capex; rent zł20.05/m²/month (warehouse / light-industrial headline rent midpoints: Upper Silesia zł20.12, Wrocław zł18.92, Poznań zł21.10 per m²/month (€3.15–6.00 at zł4.374/€; ceo.com.pl, ~Apr 2026) — mean; CBRE Q2 2026 national €4.7 = zł20.56 agrees; Rzeszów listings only); maintenance the library's own line build-up rule (3.5% of capex); no Polish norm found)",""
"machine","emot-hairpin-line","Hairpin forming + insertion line","730.15","728.7","-0.2","zł/h machine only","updated (Poland operating model; capital held — capex not sourced)","Poland book 2026-10-10: capital HELD at the book's UK × 0.72 (capex not sourced for Poland: the book's capital (UK × 0.72) is HELD — round-2 evidence shows it both ways (aluminium extrusion lines ~2–3× low, press brakes ~4× high in the UK build-ups); the Poland operating model (3 × 8 h hours, straight-line tax life, loan finance, rent, tariff, support at Polish wages) is applied): depreciation × 1.000 (shift pattern), maintenance per running hour held, finance re-rated 4% → 8.22%; 300 m² at zł240.60 (£47.21)/m²/yr, 433,728 kWh at zł0.7022 (£0.1378)/kWh, support at 0.4658 of UK wages, 6,024 h × 0.8 (3 × 8 h, Monday–Friday, 251 working days in 2026 = 6,024 h (the labour model's pattern); Polish straight-line tax depreciation — no shift uplift on held capital; SME machinery / investment loan WIBOR 3M 3.82% + 3.9–4.9 pp = 7.72–8.72%, midpoint 8.22% (cooperative bank tariff, Mar 2026); NBP reference rate 3.75% (7 Oct 2026) — a large Tier-1 borrows below this; the book's line build-ups use 4% on half the capex; rent zł20.05/m²/month (warehouse / light-industrial headline rent midpoints: Upper Silesia zł20.12, Wrocław zł18.92, Poznań zł21.10 per m²/month (€3.15–6.00 at zł4.374/€; ceo.com.pl, ~Apr 2026) — mean; CBRE Q2 2026 national €4.7 = zł20.56 agrees; Rzeszów listings only); maintenance the library's own line build-up rule (3.5% of capex); no Polish norm found)",""
"machine","emot-winding-machine","Round-wire winding + insertion machine","172.14","171.43","-0.41","zł/h machine only","updated (Poland operating model; capital held — capex not sourced)","Poland book 2026-10-10: capital HELD at the book's UK × 0.72 (capex not sourced for Poland: the book's capital (UK × 0.72) is HELD — round-2 evidence shows it both ways (aluminium extrusion lines ~2–3× low, press brakes ~4× high in the UK build-ups); the Poland operating model (3 × 8 h hours, straight-line tax life, loan finance, rent, tariff, support at Polish wages) is applied): depreciation × 1.000 (shift pattern), maintenance per running hour held, finance re-rated 4% → 8.22%; 80 m² at zł240.60 (£47.21)/m²/yr, 144,576 kWh at zł0.7022 (£0.1378)/kWh, support at 0.4658 of UK wages, 6,024 h × 0.8 (3 × 8 h, Monday–Friday, 251 working days in 2026 = 6,024 h (the labour model's pattern); Polish straight-line tax depreciation — no shift uplift on held capital; SME machinery / investment loan WIBOR 3M 3.82% + 3.9–4.9 pp = 7.72–8.72%, midpoint 8.22% (cooperative bank tariff, Mar 2026); NBP reference rate 3.75% (7 Oct 2026) — a large Tier-1 borrows below this; the book's line build-ups use 4% on half the capex; rent zł20.05/m²/month (warehouse / light-industrial headline rent midpoints: Upper Silesia zł20.12, Wrocław zł18.92, Poznań zł21.10 per m²/month (€3.15–6.00 at zł4.374/€; ceo.com.pl, ~Apr 2026) — mean; CBRE Q2 2026 national €4.7 = zł20.56 agrees; Rzeszów listings only); maintenance the library's own line build-up rule (3.5% of capex); no Polish norm found)",""
"machine","emot-hairpin-weld","Hairpin twist + laser weld cell","291.08","291.07","0","zł/h machine only","updated (Poland operating model; capital held — capex not sourced)","Poland book 2026-10-10: capital HELD at the book's UK × 0.72 (capex not sourced for Poland: the book's capital (UK × 0.72) is HELD — round-2 evidence shows it both ways (aluminium extrusion lines ~2–3× low, press brakes ~4× high in the UK build-ups); the Poland operating model (3 × 8 h hours, straight-line tax life, loan finance, rent, tariff, support at Polish wages) is applied): depreciation × 1.000 (shift pattern), maintenance per running hour held, finance re-rated 4% → 8.22%; 100 m² at zł240.60 (£47.21)/m²/yr, 289,152 kWh at zł0.7022 (£0.1378)/kWh, support at 0.4658 of UK wages, 6,024 h × 0.8 (3 × 8 h, Monday–Friday, 251 working days in 2026 = 6,024 h (the labour model's pattern); Polish straight-line tax depreciation — no shift uplift on held capital; SME machinery / investment loan WIBOR 3M 3.82% + 3.9–4.9 pp = 7.72–8.72%, midpoint 8.22% (cooperative bank tariff, Mar 2026); NBP reference rate 3.75% (7 Oct 2026) — a large Tier-1 borrows below this; the book's line build-ups use 4% on half the capex; rent zł20.05/m²/month (warehouse / light-industrial headline rent midpoints: Upper Silesia zł20.12, Wrocław zł18.92, Poznań zł21.10 per m²/month (€3.15–6.00 at zł4.374/€; ceo.com.pl, ~Apr 2026) — mean; CBRE Q2 2026 national €4.7 = zł20.56 agrees; Rzeszów listings only); maintenance the library's own line build-up rule (3.5% of capex); no Polish norm found)",""
"machine","emot-impregnation","Trickle / VPI impregnation + cure line","335.11","331.54","-1.07","zł/h machine only","updated (Poland operating model; capital held — capex not sourced)","Poland book 2026-10-10: capital HELD at the book's UK × 0.72 (capex not sourced for Poland: the book's capital (UK × 0.72) is HELD — round-2 evidence shows it both ways (aluminium extrusion lines ~2–3× low, press brakes ~4× high in the UK build-ups); the Poland operating model (3 × 8 h hours, straight-line tax life, loan finance, rent, tariff, support at Polish wages) is applied): depreciation × 1.000 (shift pattern), maintenance per running hour held, finance re-rated 4% → 8.22%; 200 m² at zł240.60 (£47.21)/m²/yr, 867,456 kWh at zł0.7022 (£0.1378)/kWh, support at 0.4658 of UK wages, 6,024 h × 0.8 (3 × 8 h, Monday–Friday, 251 working days in 2026 = 6,024 h (the labour model's pattern); Polish straight-line tax depreciation — no shift uplift on held capital; SME machinery / investment loan WIBOR 3M 3.82% + 3.9–4.9 pp = 7.72–8.72%, midpoint 8.22% (cooperative bank tariff, Mar 2026); NBP reference rate 3.75% (7 Oct 2026) — a large Tier-1 borrows below this; the book's line build-ups use 4% on half the capex; rent zł20.05/m²/month (warehouse / light-industrial headline rent midpoints: Upper Silesia zł20.12, Wrocław zł18.92, Poznań zł21.10 per m²/month (€3.15–6.00 at zł4.374/€; ceo.com.pl, ~Apr 2026) — mean; CBRE Q2 2026 national €4.7 = zł20.56 agrees; Rzeszów listings only); maintenance the library's own line build-up rule (3.5% of capex); no Polish norm found)",""
"machine","emot-rotor-line","Rotor magnet insertion + bonding + shaft press","288.31","286.55","-0.61","zł/h machine only","updated (Poland operating model; capital held — capex not sourced)","Poland book 2026-10-10: capital HELD at the book's UK × 0.72 (capex not sourced for Poland: the book's capital (UK × 0.72) is HELD — round-2 evidence shows it both ways (aluminium extrusion lines ~2–3× low, press brakes ~4× high in the UK build-ups); the Poland operating model (3 × 8 h hours, straight-line tax life, loan finance, rent, tariff, support at Polish wages) is applied): depreciation × 1.000 (shift pattern), maintenance per running hour held, finance re-rated 4% → 8.22%; 150 m² at zł240.60 (£47.21)/m²/yr, 240,960 kWh at zł0.7022 (£0.1378)/kWh, support at 0.4658 of UK wages, 6,024 h × 0.8 (3 × 8 h, Monday–Friday, 251 working days in 2026 = 6,024 h (the labour model's pattern); Polish straight-line tax depreciation — no shift uplift on held capital; SME machinery / investment loan WIBOR 3M 3.82% + 3.9–4.9 pp = 7.72–8.72%, midpoint 8.22% (cooperative bank tariff, Mar 2026); NBP reference rate 3.75% (7 Oct 2026) — a large Tier-1 borrows below this; the book's line build-ups use 4% on half the capex; rent zł20.05/m²/month (warehouse / light-industrial headline rent midpoints: Upper Silesia zł20.12, Wrocław zł18.92, Poznań zł21.10 per m²/month (€3.15–6.00 at zł4.374/€; ceo.com.pl, ~Apr 2026) — mean; CBRE Q2 2026 national €4.7 = zł20.56 agrees; Rzeszów listings only); maintenance the library's own line build-up rule (3.5% of capex); no Polish norm found)",""
"machine","emot-balancing","Rotor balancing machine","69.18","68.95","-0.33","zł/h machine only","updated (Poland operating model; capital held — capex not sourced)","Poland book 2026-10-10: capital HELD at the book's UK × 0.72 (capex not sourced for Poland: the book's capital (UK × 0.72) is HELD — round-2 evidence shows it both ways (aluminium extrusion lines ~2–3× low, press brakes ~4× high in the UK build-ups); the Poland operating model (3 × 8 h hours, straight-line tax life, loan finance, rent, tariff, support at Polish wages) is applied): depreciation × 1.000 (shift pattern), maintenance per running hour held, finance re-rated 4% → 8.22%; 30 m² at zł240.60 (£47.21)/m²/yr, 72,288 kWh at zł0.7022 (£0.1378)/kWh, support at 0.4658 of UK wages, 6,024 h × 0.8 (3 × 8 h, Monday–Friday, 251 working days in 2026 = 6,024 h (the labour model's pattern); Polish straight-line tax depreciation — no shift uplift on held capital; SME machinery / investment loan WIBOR 3M 3.82% + 3.9–4.9 pp = 7.72–8.72%, midpoint 8.22% (cooperative bank tariff, Mar 2026); NBP reference rate 3.75% (7 Oct 2026) — a large Tier-1 borrows below this; the book's line build-ups use 4% on half the capex; rent zł20.05/m²/month (warehouse / light-industrial headline rent midpoints: Upper Silesia zł20.12, Wrocław zł18.92, Poznań zł21.10 per m²/month (€3.15–6.00 at zł4.374/€; ceo.com.pl, ~Apr 2026) — mean; CBRE Q2 2026 national €4.7 = zł20.56 agrees; Rzeszów listings only); maintenance the library's own line build-up rule (3.5% of capex); no Polish norm found)",""
"machine","emot-assembly-line","Motor final assembly line (shrink-fit, bearings, resolver)","365.82","361.39","-1.21","zł/h machine only","updated (Poland operating model; capital held — capex not sourced)","Poland book 2026-10-10: capital HELD at the book's UK × 0.72 (capex not sourced for Poland: the book's capital (UK × 0.72) is HELD — round-2 evidence shows it both ways (aluminium extrusion lines ~2–3× low, press brakes ~4× high in the UK build-ups); the Poland operating model (3 × 8 h hours, straight-line tax life, loan finance, rent, tariff, support at Polish wages) is applied): depreciation × 1.000 (shift pattern), maintenance per running hour held, finance re-rated 4% → 8.22%; 250 m² at zł240.60 (£47.21)/m²/yr, 385,536 kWh at zł0.7022 (£0.1378)/kWh, support at 0.4658 of UK wages, 6,024 h × 0.8 (3 × 8 h, Monday–Friday, 251 working days in 2026 = 6,024 h (the labour model's pattern); Polish straight-line tax depreciation — no shift uplift on held capital; SME machinery / investment loan WIBOR 3M 3.82% + 3.9–4.9 pp = 7.72–8.72%, midpoint 8.22% (cooperative bank tariff, Mar 2026); NBP reference rate 3.75% (7 Oct 2026) — a large Tier-1 borrows below this; the book's line build-ups use 4% on half the capex; rent zł20.05/m²/month (warehouse / light-industrial headline rent midpoints: Upper Silesia zł20.12, Wrocław zł18.92, Poznań zł21.10 per m²/month (€3.15–6.00 at zł4.374/€; ceo.com.pl, ~Apr 2026) — mean; CBRE Q2 2026 national €4.7 = zł20.56 agrees; Rzeszów listings only); maintenance the library's own line build-up rule (3.5% of capex); no Polish norm found)",""
"machine","emot-eol","Motor end-of-line tester (back-EMF, HiPot, partial discharge, NVH)","234.98","234.63","-0.15","zł/h machine only","updated (Poland operating model; capital held — capex not sourced)","Poland book 2026-10-10: capital HELD at the book's UK × 0.72 (capex not sourced for Poland: the book's capital (UK × 0.72) is HELD — round-2 evidence shows it both ways (aluminium extrusion lines ~2–3× low, press brakes ~4× high in the UK build-ups); the Poland operating model (3 × 8 h hours, straight-line tax life, loan finance, rent, tariff, support at Polish wages) is applied): depreciation × 1.000 (shift pattern), maintenance per running hour held, finance re-rated 4% → 8.22%; 80 m² at zł240.60 (£47.21)/m²/yr, 578,304 kWh at zł0.7022 (£0.1378)/kWh, support at 0.4658 of UK wages, 6,024 h × 0.8 (3 × 8 h, Monday–Friday, 251 working days in 2026 = 6,024 h (the labour model's pattern); Polish straight-line tax depreciation — no shift uplift on held capital; SME machinery / investment loan WIBOR 3M 3.82% + 3.9–4.9 pp = 7.72–8.72%, midpoint 8.22% (cooperative bank tariff, Mar 2026); NBP reference rate 3.75% (7 Oct 2026) — a large Tier-1 borrows below this; the book's line build-ups use 4% on half the capex; rent zł20.05/m²/month (warehouse / light-industrial headline rent midpoints: Upper Silesia zł20.12, Wrocław zł18.92, Poznań zł21.10 per m²/month (€3.15–6.00 at zł4.374/€; ceo.com.pl, ~Apr 2026) — mean; CBRE Q2 2026 national €4.7 = zł20.56 agrees; Rzeszów listings only); maintenance the library's own line build-up rule (3.5% of capex); no Polish norm found)",""
"machine","rtm-press-std","RTM / VARTM Injection Press","78.15","54.24","-30.6","zł/h machine only","updated (Poland operating model; capital held — capex not sourced)","Poland book 2026-10-10: capital HELD at the book's UK × 0.72 (capex not sourced for Poland: the book's capital (UK × 0.72) is HELD — round-2 evidence shows it both ways (aluminium extrusion lines ~2–3× low, press brakes ~4× high in the UK build-ups); the Poland operating model (3 × 8 h hours, straight-line tax life, loan finance, rent, tariff, support at Polish wages) is applied): depreciation × 1.000 (shift pattern), maintenance per running hour held, finance re-rated 4% → 8.22%; 73 m² at zł240.60 (£47.21)/m²/yr, 89,802 kWh at zł0.7022 (£0.1378)/kWh, support at 0.4658 of UK wages, 6,024 h × 0.78 (3 × 8 h, Monday–Friday, 251 working days in 2026 = 6,024 h (the labour model's pattern); Polish straight-line tax depreciation — no shift uplift on held capital; SME machinery / investment loan WIBOR 3M 3.82% + 3.9–4.9 pp = 7.72–8.72%, midpoint 8.22% (cooperative bank tariff, Mar 2026); NBP reference rate 3.75% (7 Oct 2026) — a large Tier-1 borrows below this; the book's line build-ups use 4% on half the capex; rent zł20.05/m²/month (warehouse / light-industrial headline rent midpoints: Upper Silesia zł20.12, Wrocław zł18.92, Poznań zł21.10 per m²/month (€3.15–6.00 at zł4.374/€; ceo.com.pl, ~Apr 2026) — mean; CBRE Q2 2026 national €4.7 = zł20.56 agrees; Rzeszów listings only); maintenance the library's own line build-up rule (3.5% of capex); no Polish norm found)",""
"machine","waterjet-5ax-composite","5-Axis Waterjet Trim System","113.33","84.86","-25.12","zł/h machine only","updated (Poland operating model; capital held — capex not sourced)","Poland book 2026-10-10: capital HELD at the book's UK × 0.72 (capex not sourced for Poland: the book's capital (UK × 0.72) is HELD — round-2 evidence shows it both ways (aluminium extrusion lines ~2–3× low, press brakes ~4× high in the UK build-ups); the Poland operating model (3 × 8 h hours, straight-line tax life, loan finance, rent, tariff, support at Polish wages) is applied): depreciation × 1.000 (shift pattern), maintenance per running hour held, finance re-rated 4% → 8.22%; 110 m² at zł240.60 (£47.21)/m²/yr, 130,956 kWh at zł0.7022 (£0.1378)/kWh, support at 0.4658 of UK wages, 6,024 h × 0.75 (3 × 8 h, Monday–Friday, 251 working days in 2026 = 6,024 h (the labour model's pattern); Polish straight-line tax depreciation — no shift uplift on held capital; SME machinery / investment loan WIBOR 3M 3.82% + 3.9–4.9 pp = 7.72–8.72%, midpoint 8.22% (cooperative bank tariff, Mar 2026); NBP reference rate 3.75% (7 Oct 2026) — a large Tier-1 borrows below this; the book's line build-ups use 4% on half the capex; rent zł20.05/m²/month (warehouse / light-industrial headline rent midpoints: Upper Silesia zł20.12, Wrocław zł18.92, Poznań zł21.10 per m²/month (€3.15–6.00 at zł4.374/€; ceo.com.pl, ~Apr 2026) — mean; CBRE Q2 2026 national €4.7 = zł20.56 agrees; Rzeszów listings only); maintenance the library's own line build-up rule (3.5% of capex); no Polish norm found)",""
"machine","mach-afp-atl","AFP/ATL Composite Cell","1018.93","766.62","-24.76","zł/h machine only","updated (Poland operating model; capital held — capex not sourced)","Poland book 2026-10-10: capital HELD at the book's UK × 0.72 (capex not sourced for Poland: the book's capital (UK × 0.72) is HELD — round-2 evidence shows it both ways (aluminium extrusion lines ~2–3× low, press brakes ~4× high in the UK build-ups); the Poland operating model (3 × 8 h hours, straight-line tax life, loan finance, rent, tariff, support at Polish wages) is applied): depreciation × 1.000 (shift pattern), maintenance per running hour held, finance re-rated 4% → 8.22%; 367 m² at zł240.60 (£47.21)/m²/yr, 523,831 kWh at zł0.7022 (£0.1378)/kWh, support at 0.4658 of UK wages, 6,024 h × 0.7 (3 × 8 h, Monday–Friday, 251 working days in 2026 = 6,024 h (the labour model's pattern); Polish straight-line tax depreciation — no shift uplift on held capital; SME machinery / investment loan WIBOR 3M 3.82% + 3.9–4.9 pp = 7.72–8.72%, midpoint 8.22% (cooperative bank tariff, Mar 2026); NBP reference rate 3.75% (7 Oct 2026) — a large Tier-1 borrows below this; the book's line build-ups use 4% on half the capex; rent zł20.05/m²/month (warehouse / light-industrial headline rent midpoints: Upper Silesia zł20.12, Wrocław zł18.92, Poznań zł21.10 per m²/month (€3.15–6.00 at zł4.374/€; ceo.com.pl, ~Apr 2026) — mean; CBRE Q2 2026 national €4.7 = zł20.56 agrees; Rzeszów listings only); maintenance the library's own line build-up rule (3.5% of capex); no Polish norm found)",""
"machine","harness-test-sys","Electrical Harness Test System (Continuity + HiPot)","42.5","30.35","-28.59","zł/h machine only","updated (Poland operating model; capital held — capex not sourced)","Poland book 2026-10-10: capital HELD at the book's UK × 0.72 (capex not sourced for Poland: the book's capital (UK × 0.72) is HELD — round-2 evidence shows it both ways (aluminium extrusion lines ~2–3× low, press brakes ~4× high in the UK build-ups); the Poland operating model (3 × 8 h hours, straight-line tax life, loan finance, rent, tariff, support at Polish wages) is applied): depreciation × 1.000 (shift pattern), maintenance per running hour held, finance re-rated 4% → 8.22%; 37 m² at zł240.60 (£47.21)/m²/yr, 19,644 kWh at zł0.7022 (£0.1378)/kWh, support at 0.4658 of UK wages, 6,024 h × 0.8 (3 × 8 h, Monday–Friday, 251 working days in 2026 = 6,024 h (the labour model's pattern); Polish straight-line tax depreciation — no shift uplift on held capital; SME machinery / investment loan WIBOR 3M 3.82% + 3.9–4.9 pp = 7.72–8.72%, midpoint 8.22% (cooperative bank tariff, Mar 2026); NBP reference rate 3.75% (7 Oct 2026) — a large Tier-1 borrows below this; the book's line build-ups use 4% on half the capex; rent zł20.05/m²/month (warehouse / light-industrial headline rent midpoints: Upper Silesia zł20.12, Wrocław zł18.92, Poznań zł21.10 per m²/month (€3.15–6.00 at zł4.374/€; ceo.com.pl, ~Apr 2026) — mean; CBRE Q2 2026 national €4.7 = zł20.56 agrees; Rzeszów listings only); maintenance the library's own line build-up rule (3.5% of capex); no Polish norm found)",""
"machine","mach-vmc3-cn","VMC 3-axis CNC (China)","37.13","29.63","-20.2","zł/h machine only","updated (Poland operating model; capital held — capex not sourced)","Poland book 2026-10-10: capital HELD at the book's UK × 0.72 (capex not sourced for Poland: the book's capital (UK × 0.72) is HELD — round-2 evidence shows it both ways (aluminium extrusion lines ~2–3× low, press brakes ~4× high in the UK build-ups); the Poland operating model (3 × 8 h hours, straight-line tax life, loan finance, rent, tariff, support at Polish wages) is applied): depreciation × 1.000 (shift pattern), maintenance per running hour held, finance re-rated 4% → 8.22%; 5 m² at zł240.60 (£47.21)/m²/yr, 8,515 kWh at zł0.7022 (£0.1378)/kWh, support at 0.4658 of UK wages, 6,024 h × 0.85 (3 × 8 h, Monday–Friday, 251 working days in 2026 = 6,024 h (the labour model's pattern); Polish straight-line tax depreciation — no shift uplift on held capital; SME machinery / investment loan WIBOR 3M 3.82% + 3.9–4.9 pp = 7.72–8.72%, midpoint 8.22% (cooperative bank tariff, Mar 2026); NBP reference rate 3.75% (7 Oct 2026) — a large Tier-1 borrows below this; the book's line build-ups use 4% on half the capex; rent zł20.05/m²/month (warehouse / light-industrial headline rent midpoints: Upper Silesia zł20.12, Wrocław zł18.92, Poznań zł21.10 per m²/month (€3.15–6.00 at zł4.374/€; ceo.com.pl, ~Apr 2026) — mean; CBRE Q2 2026 national €4.7 = zł20.56 agrees; Rzeszów listings only); maintenance the library's own line build-up rule (3.5% of capex); no Polish norm found)",""
"machine","mach-vmc3-in","VMC 3-axis CNC (India)","36.09","29.17","-19.17","zł/h machine only","updated (Poland operating model; capital held — capex not sourced)","Poland book 2026-10-10: capital HELD at the book's UK × 0.72 (capex not sourced for Poland: the book's capital (UK × 0.72) is HELD — round-2 evidence shows it both ways (aluminium extrusion lines ~2–3× low, press brakes ~4× high in the UK build-ups); the Poland operating model (3 × 8 h hours, straight-line tax life, loan finance, rent, tariff, support at Polish wages) is applied): depreciation × 1.000 (shift pattern), maintenance per running hour held, finance re-rated 4% → 8.22%; 3 m² at zł240.60 (£47.21)/m²/yr, 11,460 kWh at zł0.7022 (£0.1378)/kWh, support at 0.4658 of UK wages, 6,024 h × 0.85 (3 × 8 h, Monday–Friday, 251 working days in 2026 = 6,024 h (the labour model's pattern); Polish straight-line tax depreciation — no shift uplift on held capital; SME machinery / investment loan WIBOR 3M 3.82% + 3.9–4.9 pp = 7.72–8.72%, midpoint 8.22% (cooperative bank tariff, Mar 2026); NBP reference rate 3.75% (7 Oct 2026) — a large Tier-1 borrows below this; the book's line build-ups use 4% on half the capex; rent zł20.05/m²/month (warehouse / light-industrial headline rent midpoints: Upper Silesia zł20.12, Wrocław zł18.92, Poznań zł21.10 per m²/month (€3.15–6.00 at zł4.374/€; ceo.com.pl, ~Apr 2026) — mean; CBRE Q2 2026 national €4.7 = zł20.56 agrees; Rzeszów listings only); maintenance the library's own line build-up rule (3.5% of capex); no Polish norm found)",""
"machine","mach-vmc3-de","VMC 3-axis CNC (Germany)","59.49","45.71","-23.16","zł/h machine only","updated (Poland operating model; capital held — capex not sourced)","Poland book 2026-10-10: capital HELD at the book's UK × 0.72 (capex not sourced for Poland: the book's capital (UK × 0.72) is HELD — round-2 evidence shows it both ways (aluminium extrusion lines ~2–3× low, press brakes ~4× high in the UK build-ups); the Poland operating model (3 × 8 h hours, straight-line tax life, loan finance, rent, tariff, support at Polish wages) is applied): depreciation × 1.000 (shift pattern), maintenance per running hour held, finance re-rated 4% → 8.22%; 26 m² at zł240.60 (£47.21)/m²/yr, 28,482 kWh at zł0.7022 (£0.1378)/kWh, support at 0.4658 of UK wages, 6,024 h × 0.87 (3 × 8 h, Monday–Friday, 251 working days in 2026 = 6,024 h (the labour model's pattern); Polish straight-line tax depreciation — no shift uplift on held capital; SME machinery / investment loan WIBOR 3M 3.82% + 3.9–4.9 pp = 7.72–8.72%, midpoint 8.22% (cooperative bank tariff, Mar 2026); NBP reference rate 3.75% (7 Oct 2026) — a large Tier-1 borrows below this; the book's line build-ups use 4% on half the capex; rent zł20.05/m²/month (warehouse / light-industrial headline rent midpoints: Upper Silesia zł20.12, Wrocław zł18.92, Poznań zł21.10 per m²/month (€3.15–6.00 at zł4.374/€; ceo.com.pl, ~Apr 2026) — mean; CBRE Q2 2026 national €4.7 = zł20.56 agrees; Rzeszów listings only); maintenance the library's own line build-up rule (3.5% of capex); no Polish norm found)",""
"machine","mach-vmc3-pl","VMC 3-axis CNC (Poland)","41.59","32.93","-20.82","zł/h machine only","updated (Poland operating model; capital held — capex not sourced)","Poland book 2026-10-10: capital HELD at the book's UK × 0.72 (capex not sourced for Poland: the book's capital (UK × 0.72) is HELD — round-2 evidence shows it both ways (aluminium extrusion lines ~2–3× low, press brakes ~4× high in the UK build-ups); the Poland operating model (3 × 8 h hours, straight-line tax life, loan finance, rent, tariff, support at Polish wages) is applied): depreciation × 1.000 (shift pattern), maintenance per running hour held, finance re-rated 4% → 8.22%; 11 m² at zł240.60 (£47.21)/m²/yr, 17,029 kWh at zł0.7022 (£0.1378)/kWh, support at 0.4658 of UK wages, 6,024 h × 0.85 (3 × 8 h, Monday–Friday, 251 working days in 2026 = 6,024 h (the labour model's pattern); Polish straight-line tax depreciation — no shift uplift on held capital; SME machinery / investment loan WIBOR 3M 3.82% + 3.9–4.9 pp = 7.72–8.72%, midpoint 8.22% (cooperative bank tariff, Mar 2026); NBP reference rate 3.75% (7 Oct 2026) — a large Tier-1 borrows below this; the book's line build-ups use 4% on half the capex; rent zł20.05/m²/month (warehouse / light-industrial headline rent midpoints: Upper Silesia zł20.12, Wrocław zł18.92, Poznań zł21.10 per m²/month (€3.15–6.00 at zł4.374/€; ceo.com.pl, ~Apr 2026) — mean; CBRE Q2 2026 national €4.7 = zł20.56 agrees; Rzeszów listings only); maintenance the library's own line build-up rule (3.5% of capex); no Polish norm found)",""
"machine","mach-vmc3-mx","VMC 3-axis CNC (Mexico)","37.9","30.29","-20.08","zł/h machine only","updated (Poland operating model; capital held — capex not sourced)","Poland book 2026-10-10: capital HELD at the book's UK × 0.72 (capex not sourced for Poland: the book's capital (UK × 0.72) is HELD — round-2 evidence shows it both ways (aluminium extrusion lines ~2–3× low, press brakes ~4× high in the UK build-ups); the Poland operating model (3 × 8 h hours, straight-line tax life, loan finance, rent, tariff, support at Polish wages) is applied): depreciation × 1.000 (shift pattern), maintenance per running hour held, finance re-rated 4% → 8.22%; 6 m² at zł240.60 (£47.21)/m²/yr, 12,768 kWh at zł0.7022 (£0.1378)/kWh, support at 0.4658 of UK wages, 6,024 h × 0.85 (3 × 8 h, Monday–Friday, 251 working days in 2026 = 6,024 h (the labour model's pattern); Polish straight-line tax depreciation — no shift uplift on held capital; SME machinery / investment loan WIBOR 3M 3.82% + 3.9–4.9 pp = 7.72–8.72%, midpoint 8.22% (cooperative bank tariff, Mar 2026); NBP reference rate 3.75% (7 Oct 2026) — a large Tier-1 borrows below this; the book's line build-ups use 4% on half the capex; rent zł20.05/m²/month (warehouse / light-industrial headline rent midpoints: Upper Silesia zł20.12, Wrocław zł18.92, Poznań zł21.10 per m²/month (€3.15–6.00 at zł4.374/€; ceo.com.pl, ~Apr 2026) — mean; CBRE Q2 2026 national €4.7 = zł20.56 agrees; Rzeszów listings only); maintenance the library's own line build-up rule (3.5% of capex); no Polish norm found)",""
"machine","imm-200t-cn","Injection Moulding 200T (China)","39.78","38.16","-4.07","zł/h machine only","updated (Poland operating model; capital held — capex not sourced)","Poland book 2026-10-10: capital HELD at the book's UK × 0.72 (capex not sourced for Poland: the book's capital (UK × 0.72) is HELD — round-2 evidence shows it both ways (aluminium extrusion lines ~2–3× low, press brakes ~4× high in the UK build-ups); the Poland operating model (3 × 8 h hours, straight-line tax life, loan finance, rent, tariff, support at Polish wages) is applied): depreciation × 1.000 (shift pattern), maintenance per running hour held, finance re-rated 4% → 8.22%; 11 m² at zł240.60 (£47.21)/m²/yr, 22,004 kWh at zł0.7022 (£0.1378)/kWh, support at 0.4658 of UK wages, 6,024 h × 0.85 (3 × 8 h, Monday–Friday, 251 working days in 2026 = 6,024 h (the labour model's pattern); Polish straight-line tax depreciation — no shift uplift on held capital; SME machinery / investment loan WIBOR 3M 3.82% + 3.9–4.9 pp = 7.72–8.72%, midpoint 8.22% (cooperative bank tariff, Mar 2026); NBP reference rate 3.75% (7 Oct 2026) — a large Tier-1 borrows below this; the book's line build-ups use 4% on half the capex; rent zł20.05/m²/month (warehouse / light-industrial headline rent midpoints: Upper Silesia zł20.12, Wrocław zł18.92, Poznań zł21.10 per m²/month (€3.15–6.00 at zł4.374/€; ceo.com.pl, ~Apr 2026) — mean; CBRE Q2 2026 national €4.7 = zł20.56 agrees; Rzeszów listings only); maintenance the library's own line build-up rule (3.5% of capex); no Polish norm found)",""
"machine","imm-200t-in","Injection Moulding 200T (India)","40.24","39.11","-2.81","zł/h machine only","updated (Poland operating model; capital held — capex not sourced)","Poland book 2026-10-10: capital HELD at the book's UK × 0.72 (capex not sourced for Poland: the book's capital (UK × 0.72) is HELD — round-2 evidence shows it both ways (aluminium extrusion lines ~2–3× low, press brakes ~4× high in the UK build-ups); the Poland operating model (3 × 8 h hours, straight-line tax life, loan finance, rent, tariff, support at Polish wages) is applied): depreciation × 1.000 (shift pattern), maintenance per running hour held, finance re-rated 4% → 8.22%; 7 m² at zł240.60 (£47.21)/m²/yr, 29,332 kWh at zł0.7022 (£0.1378)/kWh, support at 0.4658 of UK wages, 6,024 h × 0.83 (3 × 8 h, Monday–Friday, 251 working days in 2026 = 6,024 h (the labour model's pattern); Polish straight-line tax depreciation — no shift uplift on held capital; SME machinery / investment loan WIBOR 3M 3.82% + 3.9–4.9 pp = 7.72–8.72%, midpoint 8.22% (cooperative bank tariff, Mar 2026); NBP reference rate 3.75% (7 Oct 2026) — a large Tier-1 borrows below this; the book's line build-ups use 4% on half the capex; rent zł20.05/m²/month (warehouse / light-industrial headline rent midpoints: Upper Silesia zł20.12, Wrocław zł18.92, Poznań zł21.10 per m²/month (€3.15–6.00 at zł4.374/€; ceo.com.pl, ~Apr 2026) — mean; CBRE Q2 2026 national €4.7 = zł20.56 agrees; Rzeszów listings only); maintenance the library's own line build-up rule (3.5% of capex); no Polish norm found)",""
"machine","imm-200t-de","Injection Moulding 200T (Germany)","75.92","64.52","-15.02","zł/h machine only","updated (Poland operating model; capital held — capex not sourced)","Poland book 2026-10-10: capital HELD at the book's UK × 0.72 (capex not sourced for Poland: the book's capital (UK × 0.72) is HELD — round-2 evidence shows it both ways (aluminium extrusion lines ~2–3× low, press brakes ~4× high in the UK build-ups); the Poland operating model (3 × 8 h hours, straight-line tax life, loan finance, rent, tariff, support at Polish wages) is applied): depreciation × 1.000 (shift pattern), maintenance per running hour held, finance re-rated 4% → 8.22%; 59 m² at zł240.60 (£47.21)/m²/yr, 72,917 kWh at zł0.7022 (£0.1378)/kWh, support at 0.4658 of UK wages, 6,024 h × 0.87 (3 × 8 h, Monday–Friday, 251 working days in 2026 = 6,024 h (the labour model's pattern); Polish straight-line tax depreciation — no shift uplift on held capital; SME machinery / investment loan WIBOR 3M 3.82% + 3.9–4.9 pp = 7.72–8.72%, midpoint 8.22% (cooperative bank tariff, Mar 2026); NBP reference rate 3.75% (7 Oct 2026) — a large Tier-1 borrows below this; the book's line build-ups use 4% on half the capex; rent zł20.05/m²/month (warehouse / light-industrial headline rent midpoints: Upper Silesia zł20.12, Wrocław zł18.92, Poznań zł21.10 per m²/month (€3.15–6.00 at zł4.374/€; ceo.com.pl, ~Apr 2026) — mean; CBRE Q2 2026 national €4.7 = zł20.56 agrees; Rzeszów listings only); maintenance the library's own line build-up rule (3.5% of capex); no Polish norm found)",""
"machine","imm-200t-pl","Injection Moulding 200T (Poland)","49.07","45.08","-8.13","zł/h machine only","updated (Poland operating model; capital held — capex not sourced)","Poland book 2026-10-10: capital HELD at the book's UK × 0.72 (capex not sourced for Poland: the book's capital (UK × 0.72) is HELD — round-2 evidence shows it both ways (aluminium extrusion lines ~2–3× low, press brakes ~4× high in the UK build-ups); the Poland operating model (3 × 8 h hours, straight-line tax life, loan finance, rent, tariff, support at Polish wages) is applied): depreciation × 1.000 (shift pattern), maintenance per running hour held, finance re-rated 4% → 8.22%; 26 m² at zł240.60 (£47.21)/m²/yr, 43,585 kWh at zł0.7022 (£0.1378)/kWh, support at 0.4658 of UK wages, 6,024 h × 0.85 (3 × 8 h, Monday–Friday, 251 working days in 2026 = 6,024 h (the labour model's pattern); Polish straight-line tax depreciation — no shift uplift on held capital; SME machinery / investment loan WIBOR 3M 3.82% + 3.9–4.9 pp = 7.72–8.72%, midpoint 8.22% (cooperative bank tariff, Mar 2026); NBP reference rate 3.75% (7 Oct 2026) — a large Tier-1 borrows below this; the book's line build-ups use 4% on half the capex; rent zł20.05/m²/month (warehouse / light-industrial headline rent midpoints: Upper Silesia zł20.12, Wrocław zł18.92, Poznań zł21.10 per m²/month (€3.15–6.00 at zł4.374/€; ceo.com.pl, ~Apr 2026) — mean; CBRE Q2 2026 national €4.7 = zł20.56 agrees; Rzeszów listings only); maintenance the library's own line build-up rule (3.5% of capex); no Polish norm found)",""
"machine","imm-200t-mx","Injection Moulding 200T (Mexico)","42.08","40.28","-4.28","zł/h machine only","updated (Poland operating model; capital held — capex not sourced)","Poland book 2026-10-10: capital HELD at the book's UK × 0.72 (capex not sourced for Poland: the book's capital (UK × 0.72) is HELD — round-2 evidence shows it both ways (aluminium extrusion lines ~2–3× low, press brakes ~4× high in the UK build-ups); the Poland operating model (3 × 8 h hours, straight-line tax life, loan finance, rent, tariff, support at Polish wages) is applied): depreciation × 1.000 (shift pattern), maintenance per running hour held, finance re-rated 4% → 8.22%; 15 m² at zł240.60 (£47.21)/m²/yr, 32,688 kWh at zł0.7022 (£0.1378)/kWh, support at 0.4658 of UK wages, 6,024 h × 0.84 (3 × 8 h, Monday–Friday, 251 working days in 2026 = 6,024 h (the labour model's pattern); Polish straight-line tax depreciation — no shift uplift on held capital; SME machinery / investment loan WIBOR 3M 3.82% + 3.9–4.9 pp = 7.72–8.72%, midpoint 8.22% (cooperative bank tariff, Mar 2026); NBP reference rate 3.75% (7 Oct 2026) — a large Tier-1 borrows below this; the book's line build-ups use 4% on half the capex; rent zł20.05/m²/month (warehouse / light-industrial headline rent midpoints: Upper Silesia zł20.12, Wrocław zł18.92, Poznań zł21.10 per m²/month (€3.15–6.00 at zł4.374/€; ceo.com.pl, ~Apr 2026) — mean; CBRE Q2 2026 national €4.7 = zł20.56 agrees; Rzeszów listings only); maintenance the library's own line build-up rule (3.5% of capex); no Polish norm found)",""
"machine","hpdc-500t-cn","HPDC 500T (China)","105.2","83.03","-21.07","zł/h machine only","updated (Poland operating model; capital held — capex not sourced)","Poland book 2026-10-10: capital HELD at the book's UK × 0.72 (capex not sourced for Poland: the book's capital (UK × 0.72) is HELD — round-2 evidence shows it both ways (aluminium extrusion lines ~2–3× low, press brakes ~4× high in the UK build-ups); the Poland operating model (3 × 8 h hours, straight-line tax life, loan finance, rent, tariff, support at Polish wages) is applied): depreciation × 1.000 (shift pattern), maintenance per running hour held, finance re-rated 4% → 8.22%; 21 m² at zł240.60 (£47.21)/m²/yr, 51,072 kWh at zł0.7022 (£0.1378)/kWh, support at 0.4658 of UK wages, 6,024 h × 0.8 (3 × 8 h, Monday–Friday, 251 working days in 2026 = 6,024 h (the labour model's pattern); Polish straight-line tax depreciation — no shift uplift on held capital; SME machinery / investment loan WIBOR 3M 3.82% + 3.9–4.9 pp = 7.72–8.72%, midpoint 8.22% (cooperative bank tariff, Mar 2026); NBP reference rate 3.75% (7 Oct 2026) — a large Tier-1 borrows below this; the book's line build-ups use 4% on half the capex; rent zł20.05/m²/month (warehouse / light-industrial headline rent midpoints: Upper Silesia zł20.12, Wrocław zł18.92, Poznań zł21.10 per m²/month (€3.15–6.00 at zł4.374/€; ceo.com.pl, ~Apr 2026) — mean; CBRE Q2 2026 national €4.7 = zł20.56 agrees; Rzeszów listings only); maintenance the library's own line build-up rule (3.5% of capex); no Polish norm found)",""
"machine","hpdc-500t-in","HPDC 500T (India)","106.07","85.24","-19.64","zł/h machine only","updated (Poland operating model; capital held — capex not sourced)","Poland book 2026-10-10: capital HELD at the book's UK × 0.72 (capex not sourced for Poland: the book's capital (UK × 0.72) is HELD — round-2 evidence shows it both ways (aluminium extrusion lines ~2–3× low, press brakes ~4× high in the UK build-ups); the Poland operating model (3 × 8 h hours, straight-line tax life, loan finance, rent, tariff, support at Polish wages) is applied): depreciation × 1.000 (shift pattern), maintenance per running hour held, finance re-rated 4% → 8.22%; 14 m² at zł240.60 (£47.21)/m²/yr, 68,755 kWh at zł0.7022 (£0.1378)/kWh, support at 0.4658 of UK wages, 6,024 h × 0.78 (3 × 8 h, Monday–Friday, 251 working days in 2026 = 6,024 h (the labour model's pattern); Polish straight-line tax depreciation — no shift uplift on held capital; SME machinery / investment loan WIBOR 3M 3.82% + 3.9–4.9 pp = 7.72–8.72%, midpoint 8.22% (cooperative bank tariff, Mar 2026); NBP reference rate 3.75% (7 Oct 2026) — a large Tier-1 borrows below this; the book's line build-ups use 4% on half the capex; rent zł20.05/m²/month (warehouse / light-industrial headline rent midpoints: Upper Silesia zł20.12, Wrocław zł18.92, Poznań zł21.10 per m²/month (€3.15–6.00 at zł4.374/€; ceo.com.pl, ~Apr 2026) — mean; CBRE Q2 2026 national €4.7 = zł20.56 agrees; Rzeszów listings only); maintenance the library's own line build-up rule (3.5% of capex); no Polish norm found)",""
"machine","hpdc-500t-mx","HPDC 500T (Mexico)","109.76","87.1","-20.65","zł/h machine only","updated (Poland operating model; capital held — capex not sourced)","Poland book 2026-10-10: capital HELD at the book's UK × 0.72 (capex not sourced for Poland: the book's capital (UK × 0.72) is HELD — round-2 evidence shows it both ways (aluminium extrusion lines ~2–3× low, press brakes ~4× high in the UK build-ups); the Poland operating model (3 × 8 h hours, straight-line tax life, loan finance, rent, tariff, support at Polish wages) is applied): depreciation × 1.000 (shift pattern), maintenance per running hour held, finance re-rated 4% → 8.22%; 28 m² at zł240.60 (£47.21)/m²/yr, 76,607 kWh at zł0.7022 (£0.1378)/kWh, support at 0.4658 of UK wages, 6,024 h × 0.8 (3 × 8 h, Monday–Friday, 251 working days in 2026 = 6,024 h (the labour model's pattern); Polish straight-line tax depreciation — no shift uplift on held capital; SME machinery / investment loan WIBOR 3M 3.82% + 3.9–4.9 pp = 7.72–8.72%, midpoint 8.22% (cooperative bank tariff, Mar 2026); NBP reference rate 3.75% (7 Oct 2026) — a large Tier-1 borrows below this; the book's line build-ups use 4% on half the capex; rent zł20.05/m²/month (warehouse / light-industrial headline rent midpoints: Upper Silesia zł20.12, Wrocław zł18.92, Poznań zł21.10 per m²/month (€3.15–6.00 at zł4.374/€; ceo.com.pl, ~Apr 2026) — mean; CBRE Q2 2026 national €4.7 = zł20.56 agrees; Rzeszów listings only); maintenance the library's own line build-up rule (3.5% of capex); no Polish norm found)",""
"machine","press-400t-cn","Stamping Press 400T (China)","70.98","55.49","-21.82","zł/h machine only","updated (Poland operating model; capital held — capex not sourced)","Poland book 2026-10-10: capital HELD at the book's UK × 0.72 (capex not sourced for Poland: the book's capital (UK × 0.72) is HELD — round-2 evidence shows it both ways (aluminium extrusion lines ~2–3× low, press brakes ~4× high in the UK build-ups); the Poland operating model (3 × 8 h hours, straight-line tax life, loan finance, rent, tariff, support at Polish wages) is applied): depreciation × 1.000 (shift pattern), maintenance per running hour held, finance re-rated 4% → 8.22%; 28 m² at zł240.60 (£47.21)/m²/yr, 34,050 kWh at zł0.7022 (£0.1378)/kWh, support at 0.4658 of UK wages, 6,024 h × 0.82 (3 × 8 h, Monday–Friday, 251 working days in 2026 = 6,024 h (the labour model's pattern); Polish straight-line tax depreciation — no shift uplift on held capital; SME machinery / investment loan WIBOR 3M 3.82% + 3.9–4.9 pp = 7.72–8.72%, midpoint 8.22% (cooperative bank tariff, Mar 2026); NBP reference rate 3.75% (7 Oct 2026) — a large Tier-1 borrows below this; the book's line build-ups use 4% on half the capex; rent zł20.05/m²/month (warehouse / light-industrial headline rent midpoints: Upper Silesia zł20.12, Wrocław zł18.92, Poznań zł21.10 per m²/month (€3.15–6.00 at zł4.374/€; ceo.com.pl, ~Apr 2026) — mean; CBRE Q2 2026 national €4.7 = zł20.56 agrees; Rzeszów listings only); maintenance the library's own line build-up rule (3.5% of capex); no Polish norm found)",""
"machine","press-400t-in","Stamping Press 400T (India)","71.23","56.85","-20.19","zł/h machine only","updated (Poland operating model; capital held — capex not sourced)","Poland book 2026-10-10: capital HELD at the book's UK × 0.72 (capex not sourced for Poland: the book's capital (UK × 0.72) is HELD — round-2 evidence shows it both ways (aluminium extrusion lines ~2–3× low, press brakes ~4× high in the UK build-ups); the Poland operating model (3 × 8 h hours, straight-line tax life, loan finance, rent, tariff, support at Polish wages) is applied): depreciation × 1.000 (shift pattern), maintenance per running hour held, finance re-rated 4% → 8.22%; 18 m² at zł240.60 (£47.21)/m²/yr, 45,834 kWh at zł0.7022 (£0.1378)/kWh, support at 0.4658 of UK wages, 6,024 h × 0.8 (3 × 8 h, Monday–Friday, 251 working days in 2026 = 6,024 h (the labour model's pattern); Polish straight-line tax depreciation — no shift uplift on held capital; SME machinery / investment loan WIBOR 3M 3.82% + 3.9–4.9 pp = 7.72–8.72%, midpoint 8.22% (cooperative bank tariff, Mar 2026); NBP reference rate 3.75% (7 Oct 2026) — a large Tier-1 borrows below this; the book's line build-ups use 4% on half the capex; rent zł20.05/m²/month (warehouse / light-industrial headline rent midpoints: Upper Silesia zł20.12, Wrocław zł18.92, Poznań zł21.10 per m²/month (€3.15–6.00 at zł4.374/€; ceo.com.pl, ~Apr 2026) — mean; CBRE Q2 2026 national €4.7 = zł20.56 agrees; Rzeszów listings only); maintenance the library's own line build-up rule (3.5% of capex); no Polish norm found)",""
"machine","press-400t-pl","Stamping Press 400T (Poland)","82.9","64.46","-22.24","zł/h machine only","updated (Poland operating model; capital held — capex not sourced)","Poland book 2026-10-10: capital HELD at the book's UK × 0.72 (capex not sourced for Poland: the book's capital (UK × 0.72) is HELD — round-2 evidence shows it both ways (aluminium extrusion lines ~2–3× low, press brakes ~4× high in the UK build-ups); the Poland operating model (3 × 8 h hours, straight-line tax life, loan finance, rent, tariff, support at Polish wages) is applied): depreciation × 1.000 (shift pattern), maintenance per running hour held, finance re-rated 4% → 8.22%; 48 m² at zł240.60 (£47.21)/m²/yr, 68,093 kWh at zł0.7022 (£0.1378)/kWh, support at 0.4658 of UK wages, 6,024 h × 0.82 (3 × 8 h, Monday–Friday, 251 working days in 2026 = 6,024 h (the labour model's pattern); Polish straight-line tax depreciation — no shift uplift on held capital; SME machinery / investment loan WIBOR 3M 3.82% + 3.9–4.9 pp = 7.72–8.72%, midpoint 8.22% (cooperative bank tariff, Mar 2026); NBP reference rate 3.75% (7 Oct 2026) — a large Tier-1 borrows below this; the book's line build-ups use 4% on half the capex; rent zł20.05/m²/month (warehouse / light-industrial headline rent midpoints: Upper Silesia zł20.12, Wrocław zł18.92, Poznań zł21.10 per m²/month (€3.15–6.00 at zł4.374/€; ceo.com.pl, ~Apr 2026) — mean; CBRE Q2 2026 national €4.7 = zł20.56 agrees; Rzeszów listings only); maintenance the library's own line build-up rule (3.5% of capex); no Polish norm found)",""
"machine","press-400t-mx","Stamping Press 400T (Mexico)","74.52","58.36","-21.69","zł/h machine only","updated (Poland operating model; capital held — capex not sourced)","Poland book 2026-10-10: capital HELD at the book's UK × 0.72 (capex not sourced for Poland: the book's capital (UK × 0.72) is HELD — round-2 evidence shows it both ways (aluminium extrusion lines ~2–3× low, press brakes ~4× high in the UK build-ups); the Poland operating model (3 × 8 h hours, straight-line tax life, loan finance, rent, tariff, support at Polish wages) is applied): depreciation × 1.000 (shift pattern), maintenance per running hour held, finance re-rated 4% → 8.22%; 37 m² at zł240.60 (£47.21)/m²/yr, 51,072 kWh at zł0.7022 (£0.1378)/kWh, support at 0.4658 of UK wages, 6,024 h × 0.82 (3 × 8 h, Monday–Friday, 251 working days in 2026 = 6,024 h (the labour model's pattern); Polish straight-line tax depreciation — no shift uplift on held capital; SME machinery / investment loan WIBOR 3M 3.82% + 3.9–4.9 pp = 7.72–8.72%, midpoint 8.22% (cooperative bank tariff, Mar 2026); NBP reference rate 3.75% (7 Oct 2026) — a large Tier-1 borrows below this; the book's line build-ups use 4% on half the capex; rent zł20.05/m²/month (warehouse / light-industrial headline rent midpoints: Upper Silesia zł20.12, Wrocław zł18.92, Poznań zł21.10 per m²/month (€3.15–6.00 at zł4.374/€; ceo.com.pl, ~Apr 2026) — mean; CBRE Q2 2026 national €4.7 = zł20.56 agrees; Rzeszów listings only); maintenance the library's own line build-up rule (3.5% of capex); no Polish norm found)",""
"machine","bench-assembly-cn","Manual Assembly Bench (China)","5.36","4.25","-20.71","zł/h machine only","updated (Poland operating model; capital held — capex not sourced)","Poland book 2026-10-10: capital HELD at the book's UK × 0.72 (capex not sourced for Poland: the book's capital (UK × 0.72) is HELD — round-2 evidence shows it both ways (aluminium extrusion lines ~2–3× low, press brakes ~4× high in the UK build-ups); the Poland operating model (3 × 8 h hours, straight-line tax life, loan finance, rent, tariff, support at Polish wages) is applied): depreciation × 1.000 (shift pattern), maintenance per running hour held, finance re-rated 4% → 8.22%; 6 m² at zł240.60 (£47.21)/m²/yr, 1,515 kWh at zł0.7022 (£0.1378)/kWh, support at 0.4658 of UK wages, 6,024 h × 0.9 (3 × 8 h, Monday–Friday, 251 working days in 2026 = 6,024 h (the labour model's pattern); Polish straight-line tax depreciation — no shift uplift on held capital; SME machinery / investment loan WIBOR 3M 3.82% + 3.9–4.9 pp = 7.72–8.72%, midpoint 8.22% (cooperative bank tariff, Mar 2026); NBP reference rate 3.75% (7 Oct 2026) — a large Tier-1 borrows below this; the book's line build-ups use 4% on half the capex; rent zł20.05/m²/month (warehouse / light-industrial headline rent midpoints: Upper Silesia zł20.12, Wrocław zł18.92, Poznań zł21.10 per m²/month (€3.15–6.00 at zł4.374/€; ceo.com.pl, ~Apr 2026) — mean; CBRE Q2 2026 national €4.7 = zł20.56 agrees; Rzeszów listings only); maintenance the library's own line build-up rule (3.5% of capex); no Polish norm found)",""
"machine","bench-assembly-in","Manual Assembly Bench (India)","4.97","4.08","-17.91","zł/h machine only","updated (Poland operating model; capital held — capex not sourced)","Poland book 2026-10-10: capital HELD at the book's UK × 0.72 (capex not sourced for Poland: the book's capital (UK × 0.72) is HELD — round-2 evidence shows it both ways (aluminium extrusion lines ~2–3× low, press brakes ~4× high in the UK build-ups); the Poland operating model (3 × 8 h hours, straight-line tax life, loan finance, rent, tariff, support at Polish wages) is applied): depreciation × 1.000 (shift pattern), maintenance per running hour held, finance re-rated 4% → 8.22%; 4 m² at zł240.60 (£47.21)/m²/yr, 2,037 kWh at zł0.7022 (£0.1378)/kWh, support at 0.4658 of UK wages, 6,024 h × 0.9 (3 × 8 h, Monday–Friday, 251 working days in 2026 = 6,024 h (the labour model's pattern); Polish straight-line tax depreciation — no shift uplift on held capital; SME machinery / investment loan WIBOR 3M 3.82% + 3.9–4.9 pp = 7.72–8.72%, midpoint 8.22% (cooperative bank tariff, Mar 2026); NBP reference rate 3.75% (7 Oct 2026) — a large Tier-1 borrows below this; the book's line build-ups use 4% on half the capex; rent zł20.05/m²/month (warehouse / light-industrial headline rent midpoints: Upper Silesia zł20.12, Wrocław zł18.92, Poznań zł21.10 per m²/month (€3.15–6.00 at zł4.374/€; ceo.com.pl, ~Apr 2026) — mean; CBRE Q2 2026 national €4.7 = zł20.56 agrees; Rzeszów listings only); maintenance the library's own line build-up rule (3.5% of capex); no Polish norm found)",""
"machine","bench-assembly-mx","Manual Assembly Bench (Mexico)","5.64","4.43","-21.45","zł/h machine only","updated (Poland operating model; capital held — capex not sourced)","Poland book 2026-10-10: capital HELD at the book's UK × 0.72 (capex not sourced for Poland: the book's capital (UK × 0.72) is HELD — round-2 evidence shows it both ways (aluminium extrusion lines ~2–3× low, press brakes ~4× high in the UK build-ups); the Poland operating model (3 × 8 h hours, straight-line tax life, loan finance, rent, tariff, support at Polish wages) is applied): depreciation × 1.000 (shift pattern), maintenance per running hour held, finance re-rated 4% → 8.22%; 7 m² at zł240.60 (£47.21)/m²/yr, 2,265 kWh at zł0.7022 (£0.1378)/kWh, support at 0.4658 of UK wages, 6,024 h × 0.9 (3 × 8 h, Monday–Friday, 251 working days in 2026 = 6,024 h (the labour model's pattern); Polish straight-line tax depreciation — no shift uplift on held capital; SME machinery / investment loan WIBOR 3M 3.82% + 3.9–4.9 pp = 7.72–8.72%, midpoint 8.22% (cooperative bank tariff, Mar 2026); NBP reference rate 3.75% (7 Oct 2026) — a large Tier-1 borrows below this; the book's line build-ups use 4% on half the capex; rent zł20.05/m²/month (warehouse / light-industrial headline rent midpoints: Upper Silesia zł20.12, Wrocław zł18.92, Poznań zł21.10 per m²/month (€3.15–6.00 at zł4.374/€; ceo.com.pl, ~Apr 2026) — mean; CBRE Q2 2026 national €4.7 = zł20.56 agrees; Rzeszów listings only); maintenance the library's own line build-up rule (3.5% of capex); no Polish norm found)",""
"machine","bench-assembly-vn","Manual Assembly Bench (Vietnam)","4.28","3.79","-11.45","zł/h machine only","updated (Poland operating model; capital held — capex not sourced)","Poland book 2026-10-10: capital HELD at the book's UK × 0.72 (capex not sourced for Poland: the book's capital (UK × 0.72) is HELD — round-2 evidence shows it both ways (aluminium extrusion lines ~2–3× low, press brakes ~4× high in the UK build-ups); the Poland operating model (3 × 8 h hours, straight-line tax life, loan finance, rent, tariff, support at Polish wages) is applied): depreciation × 1.000 (shift pattern), maintenance per running hour held, finance re-rated 4% → 8.22%; 3 m² at zł240.60 (£47.21)/m²/yr, 1,703 kWh at zł0.7022 (£0.1378)/kWh, support at 0.4658 of UK wages, 6,024 h × 0.92 (3 × 8 h, Monday–Friday, 251 working days in 2026 = 6,024 h (the labour model's pattern); Polish straight-line tax depreciation — no shift uplift on held capital; SME machinery / investment loan WIBOR 3M 3.82% + 3.9–4.9 pp = 7.72–8.72%, midpoint 8.22% (cooperative bank tariff, Mar 2026); NBP reference rate 3.75% (7 Oct 2026) — a large Tier-1 borrows below this; the book's line build-ups use 4% on half the capex; rent zł20.05/m²/month (warehouse / light-industrial headline rent midpoints: Upper Silesia zł20.12, Wrocław zł18.92, Poznań zł21.10 per m²/month (€3.15–6.00 at zł4.374/€; ceo.com.pl, ~Apr 2026) — mean; CBRE Q2 2026 national €4.7 = zł20.56 agrees; Rzeszów listings only); maintenance the library's own line build-up rule (3.5% of capex); no Polish norm found)",""
"machine","bench-assembly-pl","Manual Assembly Bench (Poland)","6.5","5","-23.08","zł/h machine only","updated (Poland operating model; capital held — capex not sourced)","Poland book 2026-10-10: capital HELD at the book's UK × 0.72 (capex not sourced for Poland: the book's capital (UK × 0.72) is HELD — round-2 evidence shows it both ways (aluminium extrusion lines ~2–3× low, press brakes ~4× high in the UK build-ups); the Poland operating model (3 × 8 h hours, straight-line tax life, loan finance, rent, tariff, support at Polish wages) is applied): depreciation × 1.000 (shift pattern), maintenance per running hour held, finance re-rated 4% → 8.22%; 10 m² at zł240.60 (£47.21)/m²/yr, 3,634 kWh at zł0.7022 (£0.1378)/kWh, support at 0.4658 of UK wages, 6,024 h × 0.9 (3 × 8 h, Monday–Friday, 251 working days in 2026 = 6,024 h (the labour model's pattern); Polish straight-line tax depreciation — no shift uplift on held capital; SME machinery / investment loan WIBOR 3M 3.82% + 3.9–4.9 pp = 7.72–8.72%, midpoint 8.22% (cooperative bank tariff, Mar 2026); NBP reference rate 3.75% (7 Oct 2026) — a large Tier-1 borrows below this; the book's line build-ups use 4% on half the capex; rent zł20.05/m²/month (warehouse / light-industrial headline rent midpoints: Upper Silesia zł20.12, Wrocław zł18.92, Poznań zł21.10 per m²/month (€3.15–6.00 at zł4.374/€; ceo.com.pl, ~Apr 2026) — mean; CBRE Q2 2026 national €4.7 = zł20.56 agrees; Rzeszów listings only); maintenance the library's own line build-up rule (3.5% of capex); no Polish norm found)",""
"factor","machineRateMultiplier","Poland ÷ UK machine rate (median, the service factors read it)","0.72","0.56","-22.22","ratio","updated","median of 214 machines in the new book",""
"material","BILLET_PREMIUM_USD_PER_T.PL","Poland Al billet premium over LME","1080","1112","2.96","USD/t","updated","LME $3,248 (28 Sep 2026) + 6063 billet DDP North Germany premium $1,070–1,135 (Fastmarkets, 28 Aug 2026; being discontinued) = zł16.75/kg = $4352/t at zł3.849/$ — over the library LME $3240","https://www.fastmarkets.com/insights/final-decision-on-open-consultation-on-methodology-review-for-aluminium-extrusion-billet-premiums-ddp-italy-ddp-north-germany-ddp-spain-in-relation-to-cbam/"
